0 Minifig Hair Tousled with Long Bangs
0 Name: 25378.dat
0 Author: Lisa Winter [LisaWinter]
0 !LDRAW_ORG Part UPDATE 2026-04
0 !LICENSE Licensed under CC BY 4.0 : see CAreadme.txt

0 BFC CERTIFY CCW

0 !CATEGORY Minifig Headwear

0 !KEYWORDS Brickowl 441415, Chen, Cole, Darth Dev, Harry Potter, Jungle
0 !KEYWORDS Ninjago, Set 112504, Set 60368, Set 60414, Set 60426, Set 76405
0 !KEYWORDS Set 80103

0 !HISTORY 2023-11-20 {LEGO Instructions App} Original part shape
0 !HISTORY 2025-10-20 [LisaWinter] File preparation for LDraw Parts Tracker
0 !HISTORY 2026-04-27 [OrionP] Official Update 2026-04

0 // Inside
1 16 0 -6 0 1 0 0 0 -1.5 0 0 0 1 stud4o.dat
1 16 0 0 0 0 0 -8 0 -4 0 8 0 0 4-4cylo.dat
1 16 0 -4 0 0 0 -2 0 -1 0 2 0 0 4-4ring4.dat
1 16 0 -4 0 0 0 10 0 -1 0 10 0 0 4-4edge.dat

4 16 11.549 0 4.784 8.839 0 8.839 9.192 4 9.192 12.011 4 4.975
4 16 8.839 0 8.839 4.784 0 11.549 4.975 4 12.011 9.192 4 9.192
4 16 4.784 0 11.549 0 0 12.5 0 4 13 4.975 4 12.011
4 16 0 0 12.5 -4.784 0 11.549 -4.975 4 12.011 0 4 13
4 16 -4.784 0 11.549 -8.839 0 8.839 -9.192 4 9.192 -4.975 4 12.011
4 16 -8.839 0 8.839 -11.549 0 4.784 -12.011 4 4.975 -9.192 4 9.192
4 16 9.239 -4 3.827 7.071 -4 7.071 8.839 0 8.839 11.549 0 4.784
4 16 7.071 -4 7.071 3.827 -4 9.239 4.784 0 11.549 8.839 0 8.839
4 16 3.827 -4 9.239 0 -4 10 0 0 12.5 4.784 0 11.549
4 16 0 -4 10 -3.827 -4 9.239 -4.784 0 11.549 0 0 12.5
4 16 -3.827 -4 9.239 -7.071 -4 7.071 -8.839 0 8.839 -4.784 0 11.549
4 16 -7.071 -4 7.071 -9.239 -4 3.827 -11.549 0 4.784 -8.839 0 8.839

4 16 -4.83 2.469 -11.659 -4.414 1.172 -10.658 0 1.172 -11.535 0 2.469 -12.619
4 16 -8.923 2.469 -8.923 -8.157 1.172 -8.157 -4.414 1.172 -10.658 -4.83 2.469 -11.659
4 16 -9.192 4 -9.192 -8.923 2.469 -8.923 -4.83 2.469 -11.659 -4.975 4 -12.011
4 16 -11.659 2.469 -4.83 -10.658 1.172 -4.414 -8.157 1.172 -8.157 -8.923 2.469 -8.923
4 16 -12.0105 4 -4.975 -11.659 2.469 -4.83 -8.923 2.469 -8.923 -9.192 4 -9.192
4 16 -12.619 2.469 0 -11.535 1.172 0 -10.658 1.172 -4.414 -11.659 2.469 -4.83
4 16 -13 4 0 -12.619 2.469 0 -11.659 2.469 -4.83 -12.0105 4 -4.975
4 16 11.659 2.469 -4.83 10.658 1.172 -4.414 11.535 1.172 0 12.619 2.469 0
4 16 12.01 4 -4.975 11.659 2.469 -4.83 12.619 2.469 0 13 4 0
4 16 -11.535 1.172 0 -10 -4 0 -9.239 -4 -3.827 -10.658 1.172 -4.414
4 16 -10.658 1.172 -4.414 -9.239 -4 -3.827 -7.071 -4 -7.071 -8.157 1.172 -8.157
4 16 -4.414 1.172 -10.658 -8.157 1.172 -8.157 -7.071 -4 -7.071 -3.827 -4 -9.239
4 16 0 1.172 -11.535 -4.414 1.172 -10.658 -3.827 -4 -9.239 0 -4 -10
4 16 9.239 -4 -3.827 10 -4 0 11.535 1.172 0 10.658 1.172 -4.414
4 16 7.071 -4 -7.071 9.239 -4 -3.827 10.658 1.172 -4.414 8.157 1.172 -8.157
4 16 7.071 -4 -7.071 8.157 1.172 -8.157 4.414 1.172 -10.658 3.827 -4 -9.239
4 16 3.827 -4 -9.239 4.414 1.172 -10.658 0 1.172 -11.535 0 -4 -10
3 16 11.535 1.172 0 10 -4 0 11.549 0 4.784
3 16 9.239 -4 3.827 11.549 0 4.784 10 -4 0
3 16 12.011 4 4.975 12.619 2.469 0 11.549 0 4.784
3 16 11.535 1.172 0 11.549 0 4.784 12.619 2.469 0
3 16 12.619 2.469 0 12.011 4 4.975 13 4 0
3 16 -10 -4 0 -11.535 1.172 0 -11.549 0 4.784
3 16 -11.549 0 4.784 -9.239 -4 3.827 -10 -4 0
3 16 -12.619 2.469 0 -12.011 4 4.975 -11.549 0 4.784
3 16 -11.549 0 4.784 -11.535 1.172 0 -12.619 2.469 0
3 16 -12.011 4 4.975 -12.619 2.469 0 -13 4 0
3 16 -4.975 4 -12.011 -4.83 2.469 -11.659 -3.796 3.279 -12.066
4 16 0 4 -13 -3.796 3.279 -12.066 -4.83 2.469 -11.659 0 2.469 -12.619
3 16 -3.796 3.279 -12.066 0 4 -13 -3.574 4 -12.289
4 16 3.724 2.469 -11.879 2.145 4 -12.573 0 4 -13 0 2.469 -12.619
4 16 9.805 4 -8.275 9.207 2.469 -8.498 11.659 2.469 -4.83 12.01 4 -4.975
4 16 0 2.469 -12.619 0 1.172 -11.535 4.414 1.172 -10.658 3.724 2.469 -11.879
3 16 3.724 2.469 -11.879 4.414 1.172 -10.658 4.72 2.128 -11.396
4 16 8.157 1.172 -8.157 8.402 1.587 -8.402 4.72 2.128 -11.396 4.414 1.172 -10.658
3 16 8.402 1.587 -8.402 8.157 1.172 -8.157 10.658 1.172 -4.414
4 16 8.402 1.587 -8.402 10.658 1.172 -4.414 11.659 2.469 -4.83 9.207 2.469 -8.498

4 16 12.01 4 -4.975 11.273 12.505 -6.078 9.192 13.261 -9.192 9.805 4 -8.275
3 16 9.192 13.261 -9.192 11.273 12.505 -6.078 9.656 14.053 -8.499
4 16 11.273 12.505 -6.078 12.01 4 -4.975 12.011 16.179 -4.975 11.615 15.108 -5.568
4 16 12.011 16.179 -4.975 12.01 4 -4.975 12.598 17.856 -2.02 12.236 17.474 -3.84
4 16 12.01 4 -4.975 13 4 0 13 19 0 12.598 17.856 -2.02
3 16 13 19 0 13 4 0 12.204 15.64 4.003
4 16 13 4 0 12.011 4 4.975 12.011 16.528 4.975 12.204 15.64 4.003
4 16 9.192 4 9.192 11.07 17.988 6.383 12.011 16.528 4.975 12.011 4 4.975
4 16 11.07 17.988 6.383 9.192 4 9.192 9.192 22.062 9.192 10.508 20.005 7.224
4 16 9.192 22.062 9.192 9.192 4 9.192 6.748 22.279 10.826 8.57 22.86 9.608
4 16 9.192 4 9.192 4.975 4 12.011 4.975 23.037 12.011 6.748 22.279 10.826
3 16 4.975 23.037 12.011 4.975 4 12.011 3.772 23.487 12.25
4 16 3.772 23.487 12.25 4.975 4 12.011 0 4 13 0 22 13
4 16 -4.975 4 12.011 -4.975 21.728 12.011 0 22 13 0 4 13
4 16 -4.975 21.728 12.011 -4.975 4 12.011 -9.192 4 9.192 -9.192 21.448 9.192
4 16 -12.011 4 4.975 -12.011 19.411 4.975 -9.192 21.448 9.192 -9.192 4 9.192
4 16 -12.334 18.513 3.349 -12.011 19.411 4.975 -12.011 4 4.975 -12.432 16.686 2.857
4 16 -12.432 16.686 2.857 -12.011 4 4.975 -13 12.169 0 -12.768 14.811 1.167
3 16 -13 12.169 0 -12.011 4 4.975 -13 4 0
3 16 -13 12.169 0 -13 4 0 -12.292 8.727 -3.563
4 16 -13 4 0 -12.0105 4 -4.975 -12.01 10.376 -4.975 -12.292 8.727 -3.563
4 16 -9.844 13.114 -8.217 -10.439 13.622 -7.326 -12.01 10.376 -4.975 -9.192 8.67 -9.192
4 16 -12.01 10.376 -4.975 -12.0105 4 -4.975 -9.192 4 -9.192 -9.192 8.67 -9.192
3 16 -9.192 8.67 -9.192 -9.192 4 -9.192 -4.975 4 -12.011
3 16 -3.574 4 -12.289 0 4 -13 0 5.327 -13
4 16 -3.574 4 -12.289 0 5.327 -13 -1.442 6.006 -12.713 -3 5.716 -12.404
4 16 0 5.327 -13 0 4 -13 2.145 4 -12.573 .941 5.154 -12.813

2 24 -12.334 18.513 3.349 -12.011 19.411 4.975
2 24 12.011 16.528 4.975 12.204 15.64 4.003
2 24 11.07 17.988 6.383 12.011 16.528 4.975
2 24 8.57 22.86 9.608 9.192 22.062 9.192
2 24 10.508 20.005 7.224 11.07 17.988 6.383
2 24 12.204 15.64 4.003 13 19 0
2 24 13 19 0 12.598 17.856 -2.02
2 24 -9.192 8.67 -9.192 -9.844 13.114 -8.217
2 24 2.145 4 -12.573 .941 5.154 -12.813
2 24 3.724 2.469 -11.879 2.145 4 -12.573
2 24 -4.975 4 -12.011 -9.192 8.67 -9.192
2 24 -13 12.169 0 -12.768 14.811 1.167
2 24 9.192 22.062 9.192 10.508 20.005 7.224
2 24 0 22 13 3.772 23.487 12.25
2 24 -9.844 13.114 -8.217 -10.439 13.622 -7.326
2 24 9.656 14.053 -8.499 9.192 13.261 -9.192
2 24 9.207 2.469 -8.498 8.402 1.587 -8.402
2 24 9.805 4 -8.275 9.207 2.469 -8.498
2 24 -12.432 16.686 2.857 -12.334 18.513 3.349
2 24 6.748 22.279 10.826 8.57 22.86 9.608
2 24 -1.442 6.006 -12.713 -3 5.716 -12.404
2 24 9.192 13.261 -9.192 9.805 4 -8.275
2 24 12.236 17.474 -3.84 12.011 16.179 -4.975
2 24 -12.292 8.727 -3.563 -13 12.169 0
2 24 11.273 12.505 -6.078 9.656 14.053 -8.499
2 24 0 5.327 -13 -1.442 6.006 -12.713
2 24 4.72 2.128 -11.396 3.724 2.469 -11.879
2 24 8.402 1.587 -8.402 4.72 2.128 -11.396
2 24 -9.192 21.448 9.192 -4.975 21.728 12.011
2 24 -4.975 21.728 12.011 0 22 13
2 24 12.598 17.856 -2.02 12.236 17.474 -3.84
2 24 11.615 15.108 -5.568 11.273 12.505 -6.078
2 24 -12.01 10.376 -4.975 -12.292 8.727 -3.563
2 24 -10.439 13.622 -7.326 -12.01 10.376 -4.975
2 24 .941 5.154 -12.813 0 5.327 -13
2 24 -3.574 4 -12.289 -3.796 3.279 -12.066
2 24 -3 5.716 -12.404 -3.574 4 -12.289
2 24 -12.768 14.811 1.167 -12.432 16.686 2.857
2 24 4.975 23.037 12.011 6.748 22.279 10.826
2 24 3.772 23.487 12.25 4.975 23.037 12.011
2 24 12.011 16.179 -4.975 11.615 15.108 -5.568
2 24 -12.011 19.411 4.975 -9.192 21.448 9.192
2 24 -3.796 3.279 -12.066 -4.975 4 -12.011

5 24 11.549 0 4.784 9.239 -4 3.827 7.071 -4 7.071 10 -4 0
5 24 10 -4 0 11.535 1.172 0 9.239 -4 -3.827 11.549 0 4.784
5 24 8.839 0 8.839 4.784 0 11.549 4.975 4 12.011 7.071 -4 7.071
5 24 13 4 0 12.01 4 -4.975 11.659 2.469 -4.83 12.598 17.856 -2.02
5 24 -10 -4 0 -11.549 0 4.784 -11.535 1.172 0 -9.239 -4 3.827
5 24 -4.83 2.469 -11.659 -4.975 4 -12.011 -3.796 3.279 -12.066 -8.923 2.469 -8.923
5 24 -10.658 1.172 -4.414 -9.239 -4 -3.827 -10 -4 0 -8.157 1.172 -8.157
5 24 0 1.172 -11.535 0 -4 -10 -3.827 -4 -9.239 4.414 1.172 -10.658
5 24 -11.659 2.469 -4.83 -12.0105 4 -4.975 -12.619 2.469 0 -9.192 4 -9.192
5 24 11.535 1.172 0 11.549 0 4.784 12.619 2.469 0 10 -4 0
5 24 11.549 0 4.784 10 -4 0 9.239 -4 3.827 11.535 1.172 0
5 24 12.619 2.469 0 12.011 4 4.975 11.549 0 4.784 13 4 0
5 24 12.011 4 4.975 11.549 0 4.784 12.619 2.469 0 8.839 0 8.839
5 24 0 1.172 -11.535 0 2.469 -12.619 3.724 2.469 -11.879 -4.414 1.172 -10.658
5 24 3.827 -4 9.239 4.784 0 11.549 8.839 0 8.839 0 -4 10
5 24 12.011 16.179 -4.975 12.01 4 -4.975 11.615 15.108 -5.568 12.236 17.474 -3.84
5 24 -3.574 4 -12.289 0 4 -13 0 5.327 -13 -3.796 3.279 -12.066
5 24 11.659 2.469 -4.83 9.207 2.469 -8.498 10.658 1.172 -4.414 12.01 4 -4.975
5 24 11.549 0 4.784 12.619 2.469 0 11.535 1.172 0 12.011 4 4.975
5 24 -12.011 4 4.975 -13 4 0 -12.619 2.469 0 -13 12.169 0
5 24 10.658 1.172 -4.414 8.157 1.172 -8.157 8.402 1.587 -8.402 9.239 -4 -3.827
5 24 4.975 23.037 12.011 4.975 4 12.011 6.748 22.279 10.826 3.772 23.487 12.25
5 24 -12.011 4 4.975 -12.619 2.469 0 -13 4 0 -11.549 0 4.784
5 24 0 4 -13 0 2.469 -12.619 2.145 4 -12.573 -3.796 3.279 -12.066
5 24 -13 12.169 0 -13 4 0 -12.292 8.727 -3.563 -12.011 4 4.975
5 24 0 1.172 -11.535 -4.414 1.172 -10.658 0 -4 -10 -4.83 2.469 -11.659
5 24 -9.192 4 -9.192 -12.0105 4 -4.975 -8.923 2.469 -8.923 -9.192 8.67 -9.192
5 24 -9.192 4 9.192 -4.975 4 12.011 -4.784 0 11.549 -9.192 21.448 9.192
5 24 -11.659 2.469 -4.83 -8.923 2.469 -8.923 -12.0105 4 -4.975 -8.157 1.172 -8.157
5 24 -12.01 10.376 -4.975 -12.0105 4 -4.975 -12.292 8.727 -3.563 -9.192 8.67 -9.192
5 24 0 22 13 0 4 13 4.975 4 12.011 -4.975 21.728 12.011
5 24 -11.549 0 4.784 -11.535 1.172 0 -10 -4 0 -12.619 2.469 0
5 24 -12.619 2.469 0 -11.535 1.172 0 -11.659 2.469 -4.83 -11.549 0 4.784
5 24 -4.784 0 11.549 -4.975 4 12.011 0 4 13 -8.839 0 8.839
5 24 9.239 -4 -3.827 10.658 1.172 -4.414 7.071 -4 -7.071 11.535 1.172 0
5 24 9.192 4 9.192 12.011 4 4.975 11.07 17.988 6.383 11.549 0 4.784
5 24 13 19 0 13 4 0 12.204 15.64 4.003 12.598 17.856 -2.02
5 24 -12.619 2.469 0 -11.549 0 4.784 -12.011 4 4.975 -11.535 1.172 0
5 24 0 4 -13 2.145 4 -12.573 0 2.469 -12.619 .941 5.154 -12.813
5 24 9.192 22.062 9.192 9.192 4 9.192 10.508 20.005 7.224 8.57 22.86 9.608
5 24 7.071 -4 7.071 8.839 0 8.839 3.827 -4 9.239 11.549 0 4.784
5 24 12.01 4 -4.975 11.659 2.469 -4.83 12.619 2.469 0 9.207 2.469 -8.498
5 24 4.784 0 11.549 0 0 12.5 0 4 13 3.827 -4 9.239
5 24 -12.0105 4 -4.975 -13 4 0 -11.659 2.469 -4.83 -12.292 8.727 -3.563
5 24 -10.658 1.172 -4.414 -11.535 1.172 0 -12.619 2.469 0 -9.239 -4 -3.827
5 24 -8.157 1.172 -8.157 -8.923 2.469 -8.923 -10.658 1.172 -4.414 -4.83 2.469 -11.659
5 24 11.535 1.172 0 12.619 2.469 0 11.549 0 4.784 11.659 2.469 -4.83
5 24 -7.071 -4 7.071 -8.839 0 8.839 -9.239 -4 3.827 -4.784 0 11.549
5 24 -9.192 8.67 -9.192 -9.192 4 -9.192 -12.0105 4 -4.975 -4.975 4 -12.011
5 24 4.975 4 12.011 9.192 4 9.192 6.748 22.279 10.826 8.839 0 8.839
5 24 -13 4 0 -12.619 2.469 0 -12.0105 4 -4.975 -12.011 4 4.975
5 24 -4.784 0 11.549 -8.839 0 8.839 -3.827 -4 9.239 -9.192 4 9.192
5 24 8.157 1.172 -8.157 4.414 1.172 -10.658 8.402 1.587 -8.402 7.071 -4 -7.071
5 24 0 2.469 -12.619 -4.83 2.469 -11.659 -3.796 3.279 -12.066 0 1.172 -11.535
5 24 -11.549 0 4.784 -12.011 4 4.975 -12.619 2.469 0 -9.192 4 9.192
5 24 12.619 2.469 0 13 4 0 12.011 4 4.975 12.01 4 -4.975
5 24 13 4 0 12.011 4 4.975 12.204 15.64 4.003 12.619 2.469 0
5 24 4.72 2.128 -11.396 4.414 1.172 -10.658 8.402 1.587 -8.402 3.724 2.469 -11.879
5 24 -4.975 4 12.011 0 4 13 0 0 12.5 -4.975 21.728 12.011
5 24 10.658 1.172 -4.414 11.535 1.172 0 12.619 2.469 0 10 -4 0
5 24 -9.239 -4 3.827 -11.549 0 4.784 -10 -4 0 -8.839 0 8.839
5 24 -12.011 4 4.975 -9.192 4 9.192 -8.839 0 8.839 -12.011 19.411 4.975
5 24 -8.923 2.469 -8.923 -9.192 4 -9.192 -11.659 2.469 -4.83 -4.975 4 -12.011
5 24 -8.157 1.172 -8.157 -10.658 1.172 -4.414 -11.659 2.469 -4.83 -7.071 -4 -7.071
5 24 0 -4 10 0 0 12.5 4.784 0 11.549 -3.827 -4 9.239
5 24 9.805 4 -8.275 12.01 4 -4.975 11.273 12.505 -6.078 9.207 2.469 -8.498
5 24 -11.535 1.172 0 -10 -4 0 -11.549 0 4.784 -10.658 1.172 -4.414
5 24 8.402 1.587 -8.402 8.157 1.172 -8.157 4.414 1.172 -10.658 10.658 1.172 -4.414
5 24 -8.839 0 8.839 -9.192 4 9.192 -4.975 4 12.011 -11.549 0 4.784
5 24 12.011 16.528 4.975 12.011 4 4.975 12.204 15.64 4.003 11.07 17.988 6.383
5 24 12.619 2.469 0 11.659 2.469 -4.83 10.658 1.172 -4.414 13 4 0
5 24 7.071 -4 -7.071 8.157 1.172 -8.157 3.827 -4 -9.239 10.658 1.172 -4.414
5 24 -8.923 2.469 -8.923 -4.83 2.469 -11.659 -9.192 4 -9.192 -4.414 1.172 -10.658
5 24 -3.827 -4 9.239 -4.784 0 11.549 -7.071 -4 7.071 0 0 12.5
5 24 0 0 12.5 0 4 13 -4.784 0 11.549 4.975 4 12.011
5 24 -9.192 21.448 9.192 -9.192 4 9.192 -4.975 4 12.011 -12.011 19.411 4.975
5 24 -4.414 1.172 -10.658 -8.157 1.172 -8.157 -3.827 -4 -9.239 -8.923 2.469 -8.923
5 24 -8.157 1.172 -8.157 -7.071 -4 -7.071 -4.414 1.172 -10.658 -9.239 -4 -3.827
5 24 0 5.327 -13 0 4 -13 -3.574 4 -12.289 .941 5.154 -12.813
5 24 -10.658 1.172 -4.414 -11.659 2.469 -4.83 -11.535 1.172 0 -8.923 2.469 -8.923
5 24 -4.975 21.728 12.011 -4.975 4 12.011 0 4 13 -9.192 21.448 9.192
5 24 4.784 0 11.549 4.975 4 12.011 0 0 12.5 9.192 4 9.192
5 24 8.839 0 8.839 9.192 4 9.192 4.784 0 11.549 12.011 4 4.975
5 24 -12.619 2.469 0 -11.659 2.469 -4.83 -13 4 0 -10.658 1.172 -4.414
5 24 11.549 0 4.784 8.839 0 8.839 9.239 -4 3.827 9.192 4 9.192
5 24 -8.839 0 8.839 -11.549 0 4.784 -12.011 4 4.975 -7.071 -4 7.071
5 24 -4.414 1.172 -10.658 -4.83 2.469 -11.659 -8.157 1.172 -8.157 0 2.469 -12.619
5 24 11.659 2.469 -4.83 10.658 1.172 -4.414 11.535 1.172 0 9.207 2.469 -8.498
5 24 3.724 2.469 -11.879 0 2.469 -12.619 2.145 4 -12.573 0 1.172 -11.535
5 24 -12.011 19.411 4.975 -12.011 4 4.975 -12.432 16.686 2.857 -9.192 4 9.192
5 24 -4.414 1.172 -10.658 -3.827 -4 -9.239 -7.071 -4 -7.071 0 1.172 -11.535
5 24 0 4 13 4.975 4 12.011 4.784 0 11.549 0 22 13
5 24 0 0 12.5 -4.784 0 11.549 -4.975 4 12.011 0 -4 10
5 24 4.414 1.172 -10.658 0 1.172 -11.535 3.724 2.469 -11.879 3.827 -4 -9.239
5 24 3.827 -4 -9.239 4.414 1.172 -10.658 0 -4 -10 8.157 1.172 -8.157

0 // Outside
3 16 -2.535 -7.381 -11.614 -.464 -9.138 -7.98 -3.585 -7.781 -10.787
4 16 -2.535 -7.381 -11.614 1.481 -8.782 -9.151 1.54 -10.516 -5.186 -.464 -9.138 -7.98
3 16 1.481 -8.782 -9.151 4.485 -10.267 -6.365 1.54 -10.516 -5.186
3 16 1.54 -10.516 -5.186 4.485 -10.267 -6.365 1.728 -10.629 -1.944
3 16 1.728 -10.629 -1.944 4.485 -10.267 -6.365 3.059 -10.862 .004
3 16 3.059 -10.862 .004 4.485 -10.267 -6.365 6.309 -11.013 -.303
3 16 3.059 -10.862 .004 6.309 -11.013 -.303 5.562 -11.116 2.346
3 16 3.059 -10.862 .004 5.562 -11.116 2.346 3.68 -11.175 2.278
3 16 -2.535 -7.381 -11.614 -3.447 -5.963 -10.894 -1.428 -5.644 -11.166
3 16 -3.585 -7.781 -10.787 -3.447 -5.963 -10.894 -2.535 -7.381 -11.614
3 16 -3.585 -7.781 -10.787 -4.284 -7.005 -9.699 -3.447 -5.963 -10.894
3 16 -3.585 -7.781 -10.787 -1.114 -8.864 -7.065 -4.284 -7.005 -9.699
3 16 -3.585 -7.781 -10.787 -.464 -9.138 -7.98 -1.114 -8.864 -7.065
3 16 -1.114 -8.864 -7.065 -.464 -9.138 -7.98 1.54 -10.516 -5.186
3 16 -1.114 -8.864 -7.065 1.54 -10.516 -5.186 .753 -10.119 -3.289
3 16 -1.428 -5.644 -11.166 1.481 -8.782 -9.151 -2.535 -7.381 -11.614
3 16 -1.428 -5.644 -11.166 2.095 -7.837 -9.171 1.481 -8.782 -9.151
3 16 5.066 -9.083 -6.853 1.481 -8.782 -9.151 2.095 -7.837 -9.171
3 16 5.066 -9.083 -6.853 4.485 -10.267 -6.365 1.481 -8.782 -9.151
3 16 7.231 -10.45 -.616 4.485 -10.267 -6.365 5.066 -9.083 -6.853
3 16 7.231 -10.45 -.616 6.309 -11.013 -.303 4.485 -10.267 -6.365
3 16 6.415 -10.807 1.718 6.309 -11.013 -.303 7.231 -10.45 -.616
3 16 6.415 -10.807 1.718 5.562 -11.116 2.346 6.309 -11.013 -.303
3 16 1.728 -10.629 -1.944 .578 -10.154 -2.907 .753 -10.119 -3.289
3 16 .753 -10.119 -3.289 1.54 -10.516 -5.186 1.728 -10.629 -1.944
3 16 3.68 -11.175 2.278 4.729 -11.752 3.999 .977 -11.382 3.826
3 16 5.562 -11.116 2.346 4.729 -11.752 3.999 3.68 -11.175 2.278
3 16 5.562 -11.116 2.346 7.65 -11.314 2.601 4.729 -11.752 3.999
3 16 6.415 -10.807 1.718 7.65 -11.314 2.601 5.562 -11.116 2.346
3 16 8.237 -10.423 .528 7.65 -11.314 2.601 6.415 -10.807 1.718
3 16 8.237 -10.423 .528 9.619 -10.852 .841 7.65 -11.314 2.601
3 16 9.162 -10.097 .001 9.619 -10.852 .841 8.237 -10.423 .528
4 16 10.734 -8.446 1.056 10.316 -10.371 1.434 9.619 -10.852 .841 9.162 -10.097 .001
3 16 10.316 -10.371 1.434 10.042 -8.324 3.463 9.426 -10.524 3.351
3 16 10.316 -10.371 1.434 10.5 -8.02 2.471 10.042 -8.324 3.463
3 16 10.734 -8.446 1.056 10.5 -8.02 2.471 10.316 -10.371 1.434
3 16 10.042 -8.324 3.463 9.276 -8.573 4.682 9.426 -10.524 3.351
3 16 10.042 -8.324 3.463 9.886 -7.896 4.249 9.276 -8.573 4.682
3 16 7.266 -8.881 6.554 9.426 -10.524 3.351 9.276 -8.573 4.682
4 16 9.426 -10.524 3.351 7.266 -8.881 6.554 6.569 -8.979 7.089 5.325 -10.862 6.638
3 16 5.801 -9.572 7.309 5.325 -10.862 6.638 6.569 -8.979 7.089
3 16 .933 -9.492 7.194 5.325 -10.862 6.638 5.801 -9.572 7.309
3 16 .933 -9.492 7.194 .483 -9.864 6.295 5.325 -10.862 6.638
3 16 9.619 -10.852 .841 9.426 -10.524 3.351 7.65 -11.314 2.601
3 16 9.619 -10.852 .841 10.316 -10.371 1.434 9.426 -10.524 3.351
3 16 7.65 -11.314 2.601 9.426 -10.524 3.351 5.325 -10.862 6.638
3 16 7.65 -11.314 2.601 5.325 -10.862 6.638 4.729 -11.752 3.999
3 16 .483 -9.864 6.295 4.729 -11.752 3.999 5.325 -10.862 6.638
3 16 .207 -10.463 5.279 4.729 -11.752 3.999 .483 -9.864 6.295
3 16 .977 -11.382 3.826 4.729 -11.752 3.999 .207 -10.463 5.279
3 16 5.796 -8.667 -7.323 5.652 -5.713 -10.74 8.25 -7.012 -7.918
3 16 5.796 -8.667 -7.323 3.21 -7.436 -9.968 5.652 -5.713 -10.74
3 16 8.25 -7.012 -7.918 8.018 -10.229 -.798 5.796 -8.667 -7.323
3 16 8.25 -7.012 -7.918 9.151 -9.928 -.318 8.018 -10.229 -.798
3 16 8.237 -10.423 .528 8.018 -10.229 -.798 9.151 -9.928 -.318
3 16 8.237 -10.423 .528 9.151 -9.928 -.318 9.162 -10.097 .001
4 16 -.34 -4.383 -12.946 1.591 -2.895 -13.653 5.652 -5.713 -10.74 3.21 -7.436 -9.968
3 16 -.34 -4.383 -12.946 -.605 -.661 -14.864 1.591 -2.895 -13.653
3 16 -.34 -4.383 -12.946 -2.221 -1.197 -14.475 -.605 -.661 -14.864
3 16 -2.852 5.697 -14.154 -.605 -.661 -14.864 -2.221 -1.197 -14.475
3 16 -2.852 5.697 -14.154 -1.857 5.904 -14.353 -.605 -.661 -14.864
3 16 5.066 -9.083 -6.853 3.21 -7.436 -9.968 5.796 -8.667 -7.323
3 16 5.066 -9.083 -6.853 2.095 -7.837 -9.171 3.21 -7.436 -9.968
3 16 5.066 -9.083 -6.853 5.796 -8.667 -7.323 8.018 -10.229 -.798
3 16 5.066 -9.083 -6.853 8.018 -10.229 -.798 7.231 -10.45 -.616
3 16 7.231 -10.45 -.616 8.018 -10.229 -.798 8.237 -10.423 .528
3 16 7.231 -10.45 -.616 8.237 -10.423 .528 6.415 -10.807 1.718
3 16 -1.428 -5.644 -11.166 3.21 -7.436 -9.968 2.095 -7.837 -9.171
3 16 -1.428 -5.644 -11.166 -.34 -4.383 -12.946 3.21 -7.436 -9.968
3 16 -3.495 -1.107 -13.418 -.34 -4.383 -12.946 -1.428 -5.644 -11.166
3 16 -3.495 -1.107 -13.418 -2.221 -1.197 -14.475 -.34 -4.383 -12.946
3 16 -3.796 3.279 -12.066 -3.574 4 -12.289 -2.221 -1.197 -14.475
3 16 -2.221 -1.197 -14.475 -3.495 -1.107 -13.418 -3.796 3.279 -12.066
3 16 -3.574 4 -12.289 -3 5.716 -12.404 -2.852 5.697 -14.154
3 16 -3.574 4 -12.289 -2.852 5.697 -14.154 -2.221 -1.197 -14.475
3 16 2.311 -1.427 -13.212 5.652 -5.713 -10.74 1.591 -2.895 -13.653
3 16 2.311 -1.427 -13.212 7.073 -3.624 -10.178 5.652 -5.713 -10.74
3 16 .526 .038 -14.352 2.311 -1.427 -13.212 1.591 -2.895 -13.653
3 16 .526 .038 -14.352 1.591 -2.895 -13.653 -.605 -.661 -14.864
3 16 -.605 -.661 -14.864 -.708 4.975 -14.533 .526 .038 -14.352
3 16 -.605 -.661 -14.864 -1.857 5.904 -14.353 -.708 4.975 -14.533
3 16 7.073 -3.624 -10.178 8.25 -7.012 -7.918 5.652 -5.713 -10.74
3 16 7.073 -3.624 -10.178 9.704 -5.258 -6.837 8.25 -7.012 -7.918
3 16 8.25 -7.012 -7.918 9.704 -5.258 -6.837 9.151 -9.928 -.318
3 16 -3.495 -1.107 -13.418 -3.447 -5.963 -10.894 -4.712 -1.328 -13.213
3 16 -3.495 -1.107 -13.418 -1.428 -5.644 -11.166 -3.447 -5.963 -10.894
3 16 -4.712 -1.328 -13.213 -3.796 3.279 -12.066 -3.495 -1.107 -13.418
3 16 -4.712 -1.328 -13.213 -8.826 3.497 -12.212 -4.975 4 -12.011
3 16 -4.975 4 -12.011 -3.796 3.279 -12.066 -4.712 -1.328 -13.213
3 16 -9.192 8.67 -9.192 -4.975 4 -12.011 -8.826 3.497 -12.212
3 16 -9.192 8.67 -9.192 -8.826 3.497 -12.212 -11.81 8.271 -9.983
3 16 -11.487 13.16 -9.284 -9.192 8.67 -9.192 -11.81 8.271 -9.983
3 16 -11.487 13.16 -9.284 -9.844 13.114 -8.217 -9.192 8.67 -9.192
4 16 -4.712 -1.328 -13.213 -3.447 -5.963 -10.894 -4.284 -7.005 -9.699 -6.569 -2.571 -11.305
3 16 -8.826 3.497 -12.212 -4.712 -1.328 -13.213 -6.569 -2.571 -11.305
3 16 -8.826 3.497 -12.212 -6.569 -2.571 -11.305 -10.074 2.039 -10.498
3 16 -12.131 5.438 -9.26 -8.826 3.497 -12.212 -10.074 2.039 -10.498
3 16 -12.131 5.438 -9.26 -11.81 8.271 -9.983 -8.826 3.497 -12.212
3 16 -12.108 13.523 -8.593 -11.81 8.271 -9.983 -12.131 5.438 -9.26
3 16 -12.819 5.061 -8.299 -14.404 8.051 -5.255 -12.108 13.523 -8.593
3 16 -13.967 1.905 -4.95 -12.819 5.061 -8.299 -12.481 .221 -6.817
3 16 -13.473 -.132 -5.107 -13.967 1.905 -4.95 -12.481 .221 -6.817
3 16 -13.473 -.132 -5.107 -12.481 .221 -6.817 -11.514 -2.981 -6.272
3 16 -11.514 -2.981 -6.272 -12.481 .221 -6.817 -10.266 -4.491 -7.145
3 16 -12.108 13.523 -8.593 -11.487 13.16 -9.284 -11.81 8.271 -9.983
3 16 -3.959 -12.425 -2.035 -4.813 -11.693 -3.58 -3.798 -12.277 -3.147
3 16 -3.959 -12.425 -2.035 -5.718 -11.48 -2.032 -4.813 -11.693 -3.58
3 16 -5.718 -11.48 -2.032 -3.959 -12.425 -2.035 -5.215 -11.8 -1.357
3 16 -6.666 -9.761 -1.91 -4.813 -11.693 -3.58 -5.718 -11.48 -2.032
3 16 -6.666 -9.761 -1.91 -4.675 -10.085 -4.571 -4.813 -11.693 -3.58
3 16 -6.666 -9.761 -1.91 -5.215 -11.8 -1.357 -3.583 -10.057 1.245
3 16 -5.718 -11.48 -2.032 -5.215 -11.8 -1.357 -6.666 -9.761 -1.91
3 16 -5.215 -11.8 -1.357 -3.013 -11.062 1.081 -3.583 -10.057 1.245
3 16 -3.583 -10.057 1.245 -3.013 -11.062 1.081 -3.014 -10.1 2.417
3 16 -1.956 -11.017 2.822 -3.014 -10.1 2.417 -3.013 -11.062 1.081
3 16 -2.707 -10.474 3.036 -3.014 -10.1 2.417 -1.956 -11.017 2.822
3 16 -4.813 -11.693 -3.58 -2.896 -11.546 -3.709 -3.798 -12.277 -3.147
3 16 -4.675 -10.085 -4.571 -7.076 -7.357 -7.295 -2.837 -9.441 -4.534
3 16 -4.675 -10.085 -4.571 -7.721 -8.199 -6.53 -7.076 -7.357 -7.295
3 16 -7.076 -7.357 -7.295 -7.721 -8.199 -6.53 -10.919 -5.522 -6.148
3 16 -7.076 -7.357 -7.295 -10.919 -5.522 -6.148 -10.266 -4.491 -7.145
3 16 -10.919 -5.522 -6.148 -11.514 -2.981 -6.272 -10.266 -4.491 -7.145
3 16 -10.919 -5.522 -6.148 -12.373 -3.623 -5.318 -11.514 -2.981 -6.272
3 16 -11.514 -2.981 -6.272 -12.373 -3.623 -5.318 -13.473 -.132 -5.107
3 16 -4.675 -10.085 -4.571 -2.896 -11.546 -3.709 -4.813 -11.693 -3.58
3 16 -2.837 -9.441 -4.534 -2.896 -11.546 -3.709 -4.675 -10.085 -4.571
3 16 .578 -10.154 -2.907 -2.896 -11.546 -3.709 -2.837 -9.441 -4.534
3 16 1.728 -10.629 -1.944 -2.896 -11.546 -3.709 .578 -10.154 -2.907
3 16 -2.896 -11.546 -3.709 1.728 -10.629 -1.944 1.698 -11.26 -.816
3 16 3.059 -10.862 .004 1.698 -11.26 -.816 1.728 -10.629 -1.944
3 16 1.698 -11.26 -.816 -3.798 -12.277 -3.147 -2.896 -11.546 -3.709
3 16 1.698 -11.26 -.816 -1.333 -11.946 .714 -3.798 -12.277 -3.147
3 16 -3.959 -12.425 -2.035 -3.798 -12.277 -3.147 -1.333 -11.946 .714
4 16 -1.333 -11.946 .714 1.698 -11.26 -.816 3.059 -10.862 .004 -.229 -11.516 3.361
3 16 3.059 -10.862 .004 .977 -11.382 3.826 -.229 -11.516 3.361
3 16 3.68 -11.175 2.278 .977 -11.382 3.826 3.059 -10.862 .004
3 16 -7.076 -7.357 -7.295 -2.202 -9.286 -5.852 -2.837 -9.441 -4.534
3 16 -7.076 -7.357 -7.295 -6.37 -7.418 -8.613 -2.202 -9.286 -5.852
3 16 -2.837 -9.441 -4.534 -2.202 -9.286 -5.852 .753 -10.119 -3.289
3 16 -2.837 -9.441 -4.534 .753 -10.119 -3.289 .578 -10.154 -2.907
3 16 -9.87 -4.136 -9.311 -6.37 -7.418 -8.613 -7.076 -7.357 -7.295
3 16 -9.87 -4.136 -9.311 -7.076 -7.357 -7.295 -10.266 -4.491 -7.145
3 16 -10.266 -4.491 -7.145 -12.277 .066 -8.318 -9.87 -4.136 -9.311
3 16 -10.266 -4.491 -7.145 -12.481 .221 -6.817 -12.277 .066 -8.318
3 16 -12.481 .221 -6.817 -12.686 4.176 -8.459 -12.277 .066 -8.318
3 16 -12.481 .221 -6.817 -12.819 5.061 -8.299 -12.686 4.176 -8.459
3 16 -12.368 4.608 -8.982 -12.686 4.176 -8.459 -12.819 5.061 -8.299
4 16 -12.108 13.523 -8.593 -12.131 5.438 -9.26 -12.368 4.608 -8.982 -12.819 5.061 -8.299
3 16 .753 -10.119 -3.289 -2.202 -9.286 -5.852 -1.114 -8.864 -7.065
3 16 -2.202 -9.286 -5.852 -4.284 -7.005 -9.699 -1.114 -8.864 -7.065
3 16 -2.202 -9.286 -5.852 -6.37 -7.418 -8.613 -4.284 -7.005 -9.699
3 16 -8.445 -3.107 -11.1 -4.284 -7.005 -9.699 -6.37 -7.418 -8.613
3 16 -8.445 -3.107 -11.1 -6.37 -7.418 -8.613 -9.87 -4.136 -9.311
3 16 -9.87 -4.136 -9.311 -11.216 .923 -10.029 -8.445 -3.107 -11.1
3 16 -9.87 -4.136 -9.311 -12.277 .066 -8.318 -11.216 .923 -10.029
3 16 -12.686 4.176 -8.459 -11.216 .923 -10.029 -12.277 .066 -8.318
3 16 -12.686 4.176 -8.459 -12.368 4.608 -8.982 -11.216 .923 -10.029
3 16 -6.569 -2.571 -11.305 -4.284 -7.005 -9.699 -8.445 -3.107 -11.1
3 16 -8.445 -3.107 -11.1 -10.074 2.039 -10.498 -6.569 -2.571 -11.305
3 16 -8.445 -3.107 -11.1 -11.216 .923 -10.029 -10.074 2.039 -10.498
3 16 -12.368 4.608 -8.982 -10.074 2.039 -10.498 -11.216 .923 -10.029
3 16 -12.368 4.608 -8.982 -12.131 5.438 -9.26 -10.074 2.039 -10.498
3 16 -4.675 -10.085 -4.571 -9.381 -7.995 -2.964 -7.721 -8.199 -6.53
3 16 -6.666 -9.761 -1.91 -9.381 -7.995 -2.964 -4.675 -10.085 -4.571
3 16 -9.381 -7.995 -2.964 -6.666 -9.761 -1.91 -7.062 -9.276 -1.505
3 16 -9.381 -7.995 -2.964 -10.919 -5.522 -6.148 -7.721 -8.199 -6.53
3 16 -9.381 -7.995 -2.964 -11.646 -5.341 -3.217 -10.919 -5.522 -6.148
3 16 -11.646 -5.341 -3.217 -12.373 -3.623 -5.318 -10.919 -5.522 -6.148
3 16 -11.646 -5.341 -3.217 -12.793 -3.377 -2.969 -12.373 -3.623 -5.318
3 16 -12.793 -3.377 -2.969 -13.473 -.132 -5.107 -12.373 -3.623 -5.318
3 16 -12.793 -3.377 -2.969 -13.781 .129 -4.072 -13.473 -.132 -5.107
3 16 -4.936 -9.471 1.711 -7.062 -9.276 -1.505 -6.666 -9.761 -1.91
3 16 -4.936 -9.471 1.711 -6.666 -9.761 -1.91 -3.583 -10.057 1.245
3 16 -3.583 -10.057 1.245 -4.144 -9.877 2.818 -4.936 -9.471 1.711
3 16 -3.583 -10.057 1.245 -3.014 -10.1 2.417 -4.144 -9.877 2.818
4 16 -9.381 -7.995 -2.964 -9.519 -6.508 -1.509 -11.533 -4.935 -2.605 -11.646 -5.341 -3.217
3 16 -7.59 -7.882 -.201 -9.519 -6.508 -1.509 -9.381 -7.995 -2.964
3 16 -7.59 -7.882 -.201 -9.381 -7.995 -2.964 -7.062 -9.276 -1.505
3 16 -4.936 -9.471 1.711 -7.59 -7.882 -.201 -7.062 -9.276 -1.505
3 16 -12.793 -3.377 -2.969 -11.646 -5.341 -3.217 -11.533 -4.935 -2.605
3 16 -3.959 -12.425 -2.035 -3.013 -11.062 1.081 -5.215 -11.8 -1.357
3 16 -3.959 -12.425 -2.035 -1.333 -11.946 .714 -3.013 -11.062 1.081
3 16 -1.333 -11.946 .714 -1.956 -11.017 2.822 -3.013 -11.062 1.081
3 16 -1.333 -11.946 .714 -.229 -11.516 3.361 -1.956 -11.017 2.822
3 16 -.353 -10.601 5.206 .977 -11.382 3.826 .207 -10.463 5.279
3 16 -.353 -10.601 5.206 -.229 -11.516 3.361 .977 -11.382 3.826
3 16 -.229 -11.516 3.361 -2.707 -10.474 3.036 -1.956 -11.017 2.822
3 16 -.229 -11.516 3.361 -.353 -10.601 5.206 -2.707 -10.474 3.036
3 16 -8.291 -8.905 9.811 -7.383 -10.314 9.433 -7.163 -9.332 10.306
3 16 -8.291 -8.905 9.811 -8.403 -9.559 9.081 -7.383 -10.314 9.433
3 16 -2.707 -10.474 3.036 -4.144 -9.877 2.818 -3.014 -10.1 2.417
3 16 -6.589 -9.781 5.253 -4.144 -9.877 2.818 -2.707 -10.474 3.036
3 16 -6.589 -9.781 5.253 -6.909 -8.735 4.553 -4.144 -9.877 2.818
3 16 -6.589 -9.781 5.253 -7.978 -7.287 5.546 -6.909 -8.735 4.553
3 16 -6.589 -9.781 5.253 -8.185 -9.337 7.693 -7.978 -7.287 5.546
3 16 -5.247 -10.881 7.337 -2.707 -10.474 3.036 -.353 -10.601 5.206
3 16 -5.247 -10.881 7.337 -6.589 -9.781 5.253 -2.707 -10.474 3.036
3 16 -5.247 -10.881 7.337 -8.185 -9.337 7.693 -6.589 -9.781 5.253
3 16 -5.247 -10.881 7.337 -7.383 -10.314 9.433 -8.185 -9.337 7.693
3 16 -8.185 -9.337 7.693 -7.383 -10.314 9.433 -8.403 -9.559 9.081
3 16 -8.403 -9.559 9.081 -8.291 -8.905 9.811 -8.603 -7.085 8.699
3 16 -8.603 -7.085 8.699 -8.185 -9.337 7.693 -8.403 -9.559 9.081
3 16 -8.185 -9.337 7.693 -8.603 -7.085 8.699 -7.978 -7.287 5.546
3 16 -7.44 -6.373 9.587 -8.291 -8.905 9.811 -7.163 -9.332 10.306
3 16 -7.44 -6.373 9.587 -8.603 -7.085 8.699 -8.291 -8.905 9.811
3 16 -7.163 -9.332 10.306 -6.275 -7.696 10.113 -7.44 -6.373 9.587
3 16 -7.163 -9.332 10.306 -5.996 -8.485 10.089 -6.275 -7.696 10.113
3 16 .483 -9.864 6.295 -3.774 -9.67 8.949 -4.077 -10.195 8.431
3 16 .483 -9.864 6.295 .933 -9.492 7.194 -3.774 -9.67 8.949
3 16 -3.774 -9.67 8.949 -5.996 -8.485 10.089 -7.163 -9.332 10.306
3 16 -7.163 -9.332 10.306 -4.077 -10.195 8.431 -3.774 -9.67 8.949
3 16 -4.077 -10.195 8.431 -7.383 -10.314 9.433 -5.247 -10.881 7.337
3 16 -4.077 -10.195 8.431 -7.163 -9.332 10.306 -7.383 -10.314 9.433
3 16 -5.247 -10.881 7.337 .207 -10.463 5.279 -4.077 -10.195 8.431
3 16 -4.077 -10.195 8.431 .207 -10.463 5.279 .483 -9.864 6.295
3 16 -5.247 -10.881 7.337 -.353 -10.601 5.206 .207 -10.463 5.279
3 16 17.958 7.648 4.196 17.009 2.371 2.092 18.383 7.621 2.13
3 16 17.958 7.648 4.196 16.634 2.9 5.927 17.009 2.371 2.092
3 16 16.634 2.9 5.927 14.619 -3.055 4.478 17.009 2.371 2.092
3 16 16.634 2.9 5.927 13.958 -2.48 9.197 14.619 -3.055 4.478
3 16 17.958 7.648 4.196 18.383 7.621 2.13 19.654 10.079 3.23
3 16 17.958 7.648 4.196 19.654 10.079 3.23 19.234 10.434 5.112
3 16 13.958 -2.48 9.197 11.616 -6.564 5.428 14.619 -3.055 4.478
3 16 13.958 -2.48 9.197 10.118 -6.516 8.662 11.616 -6.564 5.428
3 16 10.118 -6.516 8.662 9.276 -8.573 4.682 11.616 -6.564 5.428
3 16 10.118 -6.516 8.662 7.266 -8.881 6.554 9.276 -8.573 4.682
4 16 14.386 -2.531 2.753 14.619 -3.055 4.478 11.616 -6.564 5.428 11.642 -6.005 4.177
3 16 14.386 -2.531 2.753 17.009 2.371 2.092 14.619 -3.055 4.478
3 16 14.386 -2.531 2.753 16.429 2.772 .483 17.009 2.371 2.092
3 16 18.383 7.621 2.13 17.009 2.371 2.092 16.429 2.772 .483
3 16 18.383 7.621 2.13 16.429 2.772 .483 16.729 7.425 -.143
3 16 16.761 9.332 -.1 18.383 7.621 2.13 16.729 7.425 -.143
3 16 16.761 9.332 -.1 19.654 10.079 3.23 18.383 7.621 2.13
4 16 16.761 9.332 -.1 17.512 11.559 1.2 19.344 11.902 3.261 19.654 10.079 3.23
3 16 11.616 -6.564 5.428 9.886 -7.896 4.249 11.642 -6.005 4.177
3 16 11.616 -6.564 5.428 9.276 -8.573 4.682 9.886 -7.896 4.249
3 16 14.19 -2.498 1.44 16.429 2.772 .483 14.386 -2.531 2.753
3 16 14.19 -2.498 1.44 16.176 2.64 -.274 16.429 2.772 .483
3 16 16.429 2.772 .483 16.176 2.64 -.274 16.505 6.841 -1.644
3 16 16.429 2.772 .483 16.505 6.841 -1.644 16.729 7.425 -.143
3 16 16.505 6.841 -1.644 16.761 9.332 -.1 16.729 7.425 -.143
3 16 16.505 6.841 -1.644 15.475 12.195 -4.524 16.761 9.332 -.1
3 16 16.761 9.332 -.1 15.475 12.195 -4.524 15.531 13.053 -2.75
3 16 14 15.899 -5.089 15.531 13.053 -2.75 15.475 12.195 -4.524
3 16 14 15.899 -5.089 15.475 12.195 -4.524 13.932 15.041 -6.145
3 16 14.386 -2.531 2.753 11.771 -6.398 3.019 14.19 -2.498 1.44
3 16 14.386 -2.531 2.753 11.642 -6.005 4.177 11.771 -6.398 3.019
3 16 9.886 -7.896 4.249 11.771 -6.398 3.019 11.642 -6.005 4.177
3 16 9.886 -7.896 4.249 10.042 -8.324 3.463 11.771 -6.398 3.019
3 16 14.19 -2.498 1.44 15.345 2.421 -1.573 16.176 2.64 -.274
3 16 14.19 -2.498 1.44 12.453 -4.192 .535 15.345 2.421 -1.573
3 16 11.773 -6.138 1.662 12.453 -4.192 .535 14.19 -2.498 1.44
3 16 11.773 -6.138 1.662 14.19 -2.498 1.44 11.771 -6.398 3.019
3 16 11.771 -6.398 3.019 10.5 -8.02 2.471 11.773 -6.138 1.662
3 16 11.771 -6.398 3.019 10.042 -8.324 3.463 10.5 -8.02 2.471
3 16 15.345 2.421 -1.573 16.505 6.841 -1.644 16.176 2.64 -.274
3 16 15.345 2.421 -1.573 15.594 6.796 -3.338 16.505 6.841 -1.644
3 16 15.594 6.796 -3.338 15.475 12.195 -4.524 16.505 6.841 -1.644
3 16 15.594 6.796 -3.338 14.385 10.926 -5.999 15.475 12.195 -4.524
3 16 13.565 12.044 -6.753 15.475 12.195 -4.524 14.385 10.926 -5.999
3 16 13.565 12.044 -6.753 13.932 15.041 -6.145 15.475 12.195 -4.524
3 16 15.345 2.421 -1.573 12.647 -3.105 -2.091 15.074 2.092 -3.283
3 16 15.345 2.421 -1.573 12.453 -4.192 .535 12.647 -3.105 -2.091
3 16 15.074 2.092 -3.283 15.594 6.796 -3.338 15.345 2.421 -1.573
3 16 15.074 2.092 -3.283 15.449 6.265 -5.433 15.594 6.796 -3.338
3 16 15.449 6.265 -5.433 14.385 10.926 -5.999 15.594 6.796 -3.338
3 16 15.449 6.265 -5.433 14.467 9.783 -7.873 14.385 10.926 -5.999
3 16 14.385 10.926 -5.999 14.467 9.783 -7.873 13.739 10.906 -8.594
3 16 14.385 10.926 -5.999 13.739 10.906 -8.594 13.565 12.044 -6.753
3 16 15.074 2.092 -3.283 11.912 -1.386 -5.275 14.045 2.397 -6.042
3 16 15.074 2.092 -3.283 12.647 -3.105 -2.091 11.912 -1.386 -5.275
3 16 14.045 2.397 -6.042 15.449 6.265 -5.433 15.074 2.092 -3.283
3 16 14.045 2.397 -6.042 14.396 5.963 -7.516 15.449 6.265 -5.433
3 16 14.396 5.963 -7.516 14.467 9.783 -7.873 15.449 6.265 -5.433
3 16 14.396 5.963 -7.516 13.55 9.202 -8.9 14.467 9.783 -7.873
3 16 14.467 9.783 -7.873 13.55 9.202 -8.9 13.739 10.906 -8.594
3 16 19.218 12.151 4.885 19.234 10.434 5.112 19.654 10.079 3.23
3 16 19.654 10.079 3.23 19.344 11.902 3.261 19.218 12.151 4.885
3 16 19.218 12.151 4.885 17.729 12.546 4.95 17.226 11.662 5.529
3 16 17.12 12.919 3.469 17.729 12.546 4.95 19.218 12.151 4.885
3 16 19.218 12.151 4.885 19.344 11.902 3.261 17.12 12.919 3.469
3 16 19.344 11.902 3.261 17.312 12.353 2.177 17.12 12.919 3.469
3 16 19.344 11.902 3.261 17.512 11.559 1.2 17.312 12.353 2.177
3 16 19.234 10.434 5.112 17.226 11.662 5.529 16.939 10.053 5.511
3 16 19.234 10.434 5.112 19.218 12.151 4.885 17.226 11.662 5.529
3 16 16.939 10.053 5.511 17.958 7.648 4.196 19.234 10.434 5.112
3 16 16.939 10.053 5.511 16.394 8.033 5.488 17.958 7.648 4.196
3 16 16.394 8.033 5.488 16.634 2.9 5.927 17.958 7.648 4.196
3 16 16.394 8.033 5.488 15.6 3.762 7.252 16.634 2.9 5.927
3 16 14.356 .819 9.151 16.634 2.9 5.927 15.6 3.762 7.252
3 16 16.634 2.9 5.927 14.356 .819 9.151 13.958 -2.48 9.197
3 16 13.958 -2.48 9.197 14.356 .819 9.151 13.083 -1.285 9.866
3 16 13.083 -1.285 9.866 11.351 -3.381 10.129 13.958 -2.48 9.197
3 16 13.958 -2.48 9.197 11.351 -3.381 10.129 10.118 -6.516 8.662
3 16 10.118 -6.516 8.662 11.351 -3.381 10.129 9.385 -6.018 9.172
3 16 7.266 -8.881 6.554 10.118 -6.516 8.662 9.385 -6.018 9.172
3 16 7.266 -8.881 6.554 9.385 -6.018 9.172 6.569 -8.979 7.089
3 16 10.5 -8.02 2.471 11.373 -7.151 .241 11.773 -6.138 1.662
3 16 10.5 -8.02 2.471 10.734 -8.446 1.056 11.373 -7.151 .241
3 16 11.373 -7.151 .241 12.453 -4.192 .535 11.773 -6.138 1.662
3 16 11.373 -7.151 .241 12.647 -3.105 -2.091 12.453 -4.192 .535
3 16 11.984 -3.749 -5.294 12.647 -3.105 -2.091 11.373 -7.151 .241
3 16 11.912 -1.386 -5.275 12.647 -3.105 -2.091 11.984 -3.749 -5.294
3 16 11.984 -3.749 -5.294 11.281 -.952 -6.096 11.912 -1.386 -5.275
3 16 11.281 -.952 -6.096 11.984 -3.749 -5.294 9.61 .062 -8.738
3 16 9.61 .062 -8.738 11.984 -3.749 -5.294 8.575 -1.447 -11.089
3 16 9.61 .062 -8.738 8.575 -1.447 -11.089 7.882 .777 -10.19
3 16 3.682 .345 -14.161 7.882 .777 -10.19 8.575 -1.447 -11.089
3 16 3.682 .345 -14.161 4.016 2.092 -12.993 7.882 .777 -10.19
3 16 2.228 1.322 -14.813 4.016 2.092 -12.993 3.682 .345 -14.161
3 16 2.228 1.322 -14.813 2.708 3.025 -13.685 4.016 2.092 -12.993
3 16 .237 4.94 -14.922 2.708 3.025 -13.685 2.228 1.322 -14.813
3 16 .237 4.94 -14.922 1.116 4.996 -14.308 2.708 3.025 -13.685
3 16 9.151 -9.928 -.318 10.734 -8.446 1.056 9.162 -10.097 .001
3 16 9.151 -9.928 -.318 11.373 -7.151 .241 10.734 -8.446 1.056
3 16 9.704 -5.258 -6.837 11.373 -7.151 .241 9.151 -9.928 -.318
3 16 9.704 -5.258 -6.837 11.984 -3.749 -5.294 11.373 -7.151 .241
3 16 9.704 -5.258 -6.837 8.575 -1.447 -11.089 11.984 -3.749 -5.294
3 16 9.704 -5.258 -6.837 7.073 -3.624 -10.178 8.575 -1.447 -11.089
3 16 7.073 -3.624 -10.178 3.682 .345 -14.161 8.575 -1.447 -11.089
3 16 7.073 -3.624 -10.178 2.311 -1.427 -13.212 3.682 .345 -14.161
3 16 .526 .038 -14.352 3.682 .345 -14.161 2.311 -1.427 -13.212
3 16 .526 .038 -14.352 2.228 1.322 -14.813 3.682 .345 -14.161
3 16 -.708 4.975 -14.533 2.228 1.322 -14.813 .526 .038 -14.352
3 16 -.708 4.975 -14.533 .237 4.94 -14.922 2.228 1.322 -14.813
3 16 14.045 2.397 -6.042 11.281 -.952 -6.096 13.14 2.612 -6.797
3 16 14.045 2.397 -6.042 11.912 -1.386 -5.275 11.281 -.952 -6.096
3 16 13.14 2.612 -6.797 14.396 5.963 -7.516 14.045 2.397 -6.042
3 16 13.14 2.612 -6.797 13.402 5.613 -8.109 14.396 5.963 -7.516
3 16 13.402 5.613 -8.109 13.55 9.202 -8.9 14.396 5.963 -7.516
3 16 13.402 5.613 -8.109 12.804 9.156 -9.224 13.55 9.202 -8.9
3 16 13.739 10.906 -8.594 13.55 9.202 -8.9 12.804 9.156 -9.224
3 16 13.739 10.906 -8.594 12.804 9.156 -9.224 12.547 11.415 -8.746
4 16 11.281 -.952 -6.096 9.61 .062 -8.738 11.943 4.14 -9.364 13.14 2.612 -6.797
3 16 13.402 5.613 -8.109 13.14 2.612 -6.797 11.943 4.14 -9.364
3 16 13.402 5.613 -8.109 11.943 4.14 -9.364 11.733 9.071 -10.132
3 16 13.402 5.613 -8.109 11.733 9.071 -10.132 12.804 9.156 -9.224
3 16 11.733 9.071 -10.132 12.547 11.415 -8.746 12.804 9.156 -9.224
3 16 12.547 11.415 -8.746 11.733 9.071 -10.132 10.891 13.576 -9.97
3 16 10.891 13.576 -9.97 11.733 9.071 -10.132 10.23 13.021 -10.658
3 16 13.565 12.044 -6.753 12.547 11.415 -8.746 11.273 12.505 -6.078
3 16 13.565 12.044 -6.753 13.739 10.906 -8.594 12.547 11.415 -8.746
3 16 12.547 11.415 -8.746 9.656 14.053 -8.499 11.273 12.505 -6.078
3 16 12.547 11.415 -8.746 10.891 13.576 -9.97 9.656 14.053 -8.499
4 16 13.565 12.044 -6.753 11.273 12.505 -6.078 11.615 15.108 -5.568 13.932 15.041 -6.145
3 16 17.512 11.559 1.2 15.531 13.053 -2.75 16.482 14.339 -1.333
3 16 17.512 11.559 1.2 16.761 9.332 -.1 15.531 13.053 -2.75
3 16 15.531 13.053 -2.75 14.149 17.337 -4.164 16.482 14.339 -1.333
3 16 15.531 13.053 -2.75 14 15.899 -5.089 14.149 17.337 -4.164
3 16 16.482 14.339 -1.333 17.312 12.353 2.177 17.512 11.559 1.2
3 16 16.482 14.339 -1.333 15.943 15.583 .835 17.312 12.353 2.177
3 16 16.482 14.339 -1.333 14.471 17.837 -2.149 15.943 15.583 .835
3 16 16.482 14.339 -1.333 14.149 17.337 -4.164 14.471 17.837 -2.149
3 16 17.312 12.353 2.177 16.48 15.496 3.989 17.12 12.919 3.469
3 16 17.312 12.353 2.177 15.943 15.583 .835 16.48 15.496 3.989
3 16 15.943 15.583 .835 14.749 18.359 -.863 16.48 15.496 3.989
3 16 15.943 15.583 .835 14.471 17.837 -2.149 14.749 18.359 -.863
3 16 17.425 16.956 11.022 17.702 19.588 9.927 16.929 18.683 11.272
3 16 17.425 16.956 11.022 18.858 18.285 9.168 17.702 19.588 9.927
3 16 17.226 11.662 5.529 18.858 18.285 9.168 17.425 16.956 11.022
3 16 17.226 11.662 5.529 17.425 16.956 11.022 15.684 11.743 8.494
3 16 17.729 12.546 4.95 18.858 18.285 9.168 17.226 11.662 5.529
3 16 15.684 11.743 8.494 16.939 10.053 5.511 17.226 11.662 5.529
3 16 15.346 7.755 8.205 16.939 10.053 5.511 15.684 11.743 8.494
3 16 16.394 8.033 5.488 16.939 10.053 5.511 15.346 7.755 8.205
4 16 15.058 4.062 8.654 15.6 3.762 7.252 16.394 8.033 5.488 15.346 7.755 8.205
3 16 14.412 1.95 9.389 15.6 3.762 7.252 15.058 4.062 8.654
3 16 14.412 1.95 9.389 14.356 .819 9.151 15.6 3.762 7.252
3 16 18.858 18.285 9.168 17.629 19.27 8.775 17.702 19.588 9.927
3 16 18.858 18.285 9.168 16.48 15.496 3.989 17.629 19.27 8.775
3 16 16.48 15.496 3.989 18.858 18.285 9.168 17.729 12.546 4.95
3 16 16.48 15.496 3.989 17.729 12.546 4.95 17.12 12.919 3.469
3 16 17.702 19.588 9.927 17.629 19.27 8.775 15.482 19.763 9.396
3 16 15.482 19.763 9.396 17.629 19.27 8.775 11.07 17.988 6.383
3 16 17.629 19.27 8.775 16.48 15.496 3.989 12.011 16.528 4.975
3 16 12.011 16.528 4.975 11.07 17.988 6.383 17.629 19.27 8.775
3 16 12.204 15.64 4.003 12.011 16.528 4.975 16.48 15.496 3.989
3 16 13 19 0 14.471 17.837 -2.149 12.598 17.856 -2.02
3 16 13 19 0 14.749 18.359 -.863 14.471 17.837 -2.149
3 16 16.48 15.496 3.989 14.749 18.359 -.863 13 19 0
3 16 13 19 0 12.204 15.64 4.003 16.48 15.496 3.989
3 16 15.058 4.062 8.654 14.446 7.682 8.948 14.412 1.95 9.389
3 16 15.058 4.062 8.654 15.346 7.755 8.205 14.446 7.682 8.948
3 16 14.248 11.686 9.249 14.446 7.682 8.948 15.346 7.755 8.205
3 16 14.248 11.686 9.249 15.346 7.755 8.205 15.684 11.743 8.494
3 16 14.691 16.806 11.304 14.248 11.686 9.249 15.684 11.743 8.494
3 16 14.691 16.806 11.304 15.684 11.743 8.494 17.425 16.956 11.022
3 16 16.929 18.683 11.272 14.691 16.806 11.304 17.425 16.956 11.022
3 16 16.929 18.683 11.272 15.079 18.753 11.415 14.691 16.806 11.304
3 16 16.929 18.683 11.272 15.482 19.763 9.396 15.079 18.753 11.415
3 16 16.929 18.683 11.272 17.702 19.588 9.927 15.482 19.763 9.396
3 16 15.079 18.753 11.415 15.138 22.423 10.81 14.054 19.539 12.831
3 16 15.079 18.753 11.415 15.482 19.763 9.396 15.138 22.423 10.81
3 16 14.691 16.806 11.304 15.079 18.753 11.415 14.054 19.539 12.831
3 16 14.691 16.806 11.304 14.054 19.539 12.831 12.952 16.095 13.753
3 16 13.231 11.032 13.053 14.691 16.806 11.304 12.952 16.095 13.753
3 16 13.231 11.032 13.053 14.248 11.686 9.249 14.691 16.806 11.304
3 16 14.446 7.682 8.948 14.248 11.686 9.249 13.231 11.032 13.053
3 16 14.446 7.682 8.948 13.231 11.032 13.053 13.915 6.097 11.794
3 16 14.412 1.95 9.389 14.446 7.682 8.948 13.915 6.097 11.794
3 16 14.412 1.95 9.389 13.915 6.097 11.794 13.822 1.428 10.802
3 16 14.412 1.95 9.389 13.822 1.428 10.802 14.356 .819 9.151
3 16 14.356 .819 9.151 13.822 1.428 10.802 13.083 -1.285 9.866
3 16 13.083 -1.285 9.866 13.822 1.428 10.802 11.928 -2.161 10.642
3 16 13.083 -1.285 9.866 11.928 -2.161 10.642 11.351 -3.381 10.129
3 16 11.901 10.412 13.813 11.043 9.817 15.065 12.155 7.823 13.932
3 16 11.901 10.412 13.813 11.181 11.057 14.435 11.043 9.817 15.065
4 16 11.043 9.817 15.065 11.181 11.057 14.435 7.337 16.996 15.358 8.124 12.213 16.627
3 16 7.337 16.996 15.358 6.483 13.823 16.815 8.124 12.213 16.627
3 16 7.337 16.996 15.358 5.165 18.58 15.596 6.483 13.823 16.815
3 16 6.744 20.819 14.874 5.165 18.58 15.596 7.337 16.996 15.358
3 16 6.744 20.819 14.874 3.229 21.324 16.045 5.165 18.58 15.596
3 16 2.031 16.531 16.358 5.165 18.58 15.596 3.229 21.324 16.045
3 16 7.745 11.277 17.511 8.124 12.213 16.627 6.483 13.823 16.815
3 16 4.612 13.791 16.883 5.165 18.58 15.596 2.031 16.531 16.358
3 16 4.612 13.791 16.883 2.031 16.531 16.358 3.969 12.652 17.706
3 16 3.229 21.324 16.045 6.744 20.819 14.874 5.918 23.183 16.265
3 16 3.229 21.324 16.045 5.918 23.183 16.265 4.909 23.159 16.554
3 16 13.915 6.097 11.794 12.155 7.823 13.932 12.709 6.058 13.177
3 16 13.231 11.032 13.053 12.155 7.823 13.932 13.915 6.097 11.794
3 16 11.901 10.412 13.813 12.155 7.823 13.932 13.231 11.032 13.053
3 16 11.901 10.412 13.813 13.231 11.032 13.053 10.405 13.587 14.035
3 16 10.405 13.587 14.035 13.231 11.032 13.053 12.952 16.095 13.753
3 16 10.405 13.587 14.035 12.952 16.095 13.753 10.955 16.475 13.894
3 16 12.952 16.095 13.753 12.576 20.476 13.047 10.955 16.475 13.894
3 16 12.952 16.095 13.753 14.054 19.539 12.831 12.576 20.476 13.047
4 16 13.5 23.329 11.121 12.576 20.476 13.047 14.054 19.539 12.831 15.138 22.423 10.81
3 16 12.903 1.565 11.843 13.915 6.097 11.794 12.709 6.058 13.177
3 16 12.903 1.565 11.843 13.822 1.428 10.802 13.915 6.097 11.794
3 16 13.822 1.428 10.802 12.903 1.565 11.843 11.928 -2.161 10.642
3 16 7.745 11.277 17.511 9.384 11.268 17.613 8.124 12.213 16.627
3 16 7.745 11.277 17.511 9.117 10.843 17.965 9.384 11.268 17.613
3 16 10.405 13.587 14.035 11.181 11.057 14.435 11.901 10.412 13.813
3 16 10.405 13.587 14.035 7.337 16.996 15.358 11.181 11.057 14.435
3 16 9.529 15.037 13.745 7.337 16.996 15.358 10.405 13.587 14.035
3 16 8.384 17.445 13.512 7.337 16.996 15.358 9.529 15.037 13.745
3 16 6.744 20.819 14.874 7.337 16.996 15.358 8.384 17.445 13.512
3 16 6.744 20.819 14.874 8.384 17.445 13.512 8.005 21.167 13.067
3 16 7.903 22.527 12.801 6.744 20.819 14.874 8.005 21.167 13.067
3 16 6.075 24.114 15.327 6.744 20.819 14.874 7.903 22.527 12.801
3 16 6.075 24.114 15.327 5.918 23.183 16.265 6.744 20.819 14.874
3 16 9.529 15.037 13.745 10.955 16.475 13.894 9.801 16.483 13.436
3 16 9.529 15.037 13.745 10.405 13.587 14.035 10.955 16.475 13.894
3 16 12.576 20.476 13.047 9.801 16.483 13.436 10.955 16.475 13.894
3 16 12.576 20.476 13.047 11.305 21.195 12.622 9.801 16.483 13.436
3 16 12.576 20.476 13.047 12.089 23.184 11.778 11.305 21.195 12.622
3 16 12.576 20.476 13.047 13.5 23.329 11.121 12.089 23.184 11.778
3 16 9.801 16.483 13.436 8.384 17.445 13.512 9.529 15.037 13.745
3 16 9.801 16.483 13.436 9.236 18.314 13.091 8.384 17.445 13.512
3 16 9.236 18.314 13.091 8.005 21.167 13.067 8.384 17.445 13.512
3 16 9.236 18.314 13.091 9.802 21.782 13.476 8.005 21.167 13.067
3 16 9.802 21.782 13.476 7.903 22.527 12.801 8.005 21.167 13.067
3 16 9.802 21.782 13.476 10.535 24.122 12.525 7.903 22.527 12.801
3 16 11.305 21.195 12.622 9.236 18.314 13.091 9.801 16.483 13.436
3 16 11.305 21.195 12.622 9.802 21.782 13.476 9.236 18.314 13.091
3 16 11.305 21.195 12.622 10.535 24.122 12.525 9.802 21.782 13.476
3 16 11.305 21.195 12.622 12.089 23.184 11.778 10.535 24.122 12.525
3 16 4.448 24.375 15.56 3.229 21.324 16.045 4.909 23.159 16.554
3 16 4.448 24.375 15.56 .725 22.061 14.225 3.229 21.324 16.045
3 16 .607 17.119 15.446 3.229 21.324 16.045 .725 22.061 14.225
3 16 .607 17.119 15.446 2.031 16.531 16.358 3.229 21.324 16.045
3 16 4.909 23.159 16.554 6.075 24.114 15.327 4.448 24.375 15.56
3 16 4.909 23.159 16.554 5.918 23.183 16.265 6.075 24.114 15.327
3 16 4.942 13.271 18.504 4.612 13.791 16.883 3.969 12.652 17.706
3 16 5.466 14.112 16.686 4.612 13.791 16.883 4.942 13.271 18.504
3 16 5.466 14.112 16.686 4.942 13.271 18.504 6.483 13.823 16.815
3 16 4.942 13.271 18.504 7.745 11.277 17.511 6.483 13.823 16.815
3 16 4.942 13.271 18.504 6.434 10.697 19.203 7.745 11.277 17.511
3 16 6.434 10.697 19.203 9.67 5.394 17.272 7.745 11.277 17.511
3 16 6.434 10.697 19.203 7.662 4.172 18.873 9.67 5.394 17.272
3 16 9.242 .27 16.558 9.67 5.394 17.272 7.662 4.172 18.873
3 16 9.242 .27 16.558 7.662 4.172 18.873 7.596 -.131 17.727
3 16 8.14 -2.935 14.816 9.242 .27 16.558 7.596 -.131 17.727
3 16 8.14 -2.935 14.816 7.596 -.131 17.727 6.778 -3.111 15.652
3 16 7.135 -4.393 13.74 8.14 -2.935 14.816 6.778 -3.111 15.652
3 16 7.135 -4.393 13.74 6.778 -3.111 15.652 5.707 -4.487 14.134
3 16 7.135 -4.393 13.74 5.707 -4.487 14.134 3.445 -6.272 13.04
3 16 4.942 13.271 18.504 4.487 9.892 18.058 6.434 10.697 19.203
3 16 4.942 13.271 18.504 3.969 12.652 17.706 4.487 9.892 18.058
3 16 4.487 9.892 18.058 7.662 4.172 18.873 6.434 10.697 19.203
3 16 4.377 5.987 17.911 7.662 4.172 18.873 4.487 9.892 18.058
3 16 5.613 -.151 17.379 7.662 4.172 18.873 4.377 5.987 17.911
3 16 5.613 -.151 17.379 7.596 -.131 17.727 7.662 4.172 18.873
3 16 5.613 -.151 17.379 6.778 -3.111 15.652 7.596 -.131 17.727
3 16 5.613 -.151 17.379 5.795 -2.858 15.835 6.778 -3.111 15.652
3 16 5.795 -2.858 15.835 5.707 -4.487 14.134 6.778 -3.111 15.652
3 16 9.67 5.394 17.272 9.117 10.843 17.965 7.745 11.277 17.511
3 16 9.67 5.394 17.272 10.647 7.655 17.54 9.117 10.843 17.965
3 16 9.67 5.394 17.272 11.158 5.84 17.157 10.647 7.655 17.54
3 16 10.819 .004 15.958 11.158 5.84 17.157 9.67 5.394 17.272
3 16 10.819 .004 15.958 9.67 5.394 17.272 9.242 .27 16.558
3 16 9.771 -3.032 14.444 10.819 .004 15.958 9.242 .27 16.558
3 16 9.771 -3.032 14.444 9.242 .27 16.558 8.14 -2.935 14.816
3 16 9.771 -3.032 14.444 8.14 -2.935 14.816 7.135 -4.393 13.74
3 16 9.117 10.843 17.965 11.38 8.74 16.723 9.384 11.268 17.613
3 16 9.117 10.843 17.965 10.647 7.655 17.54 11.38 8.74 16.723
3 16 11.158 5.84 17.157 11.38 8.74 16.723 10.647 7.655 17.54
3 16 11.158 5.84 17.157 12.698 5.196 14.889 11.38 8.74 16.723
3 16 12.698 5.196 14.889 11.158 5.84 17.157 12.051 4.654 16.036
3 16 12.66 1.16 13.004 12.698 5.196 14.889 12.051 4.654 16.036
3 16 12.66 1.16 13.004 12.051 4.654 16.036 11.735 .579 14.488
4 16 11.735 .579 14.488 10.574 -2.729 13.561 10.636 -3.842 12.178 12.66 1.16 13.004
3 16 12.66 1.16 13.004 10.636 -3.842 12.178 10.998 -3.723 11.085
3 16 10.998 -3.723 11.085 10.636 -3.842 12.178 9.173 -6.075 9.64
3 16 9.384 11.268 17.613 11.043 9.817 15.065 8.124 12.213 16.627
3 16 9.384 11.268 17.613 11.38 8.74 16.723 11.043 9.817 15.065
3 16 11.043 9.817 15.065 11.38 8.74 16.723 12.155 7.823 13.932
3 16 12.155 7.823 13.932 11.38 8.74 16.723 12.698 5.196 14.889
3 16 12.155 7.823 13.932 12.698 5.196 14.889 12.709 6.058 13.177
3 16 12.698 5.196 14.889 12.903 1.565 11.843 12.709 6.058 13.177
3 16 12.698 5.196 14.889 12.66 1.16 13.004 12.903 1.565 11.843
3 16 12.903 1.565 11.843 12.66 1.16 13.004 11.928 -2.161 10.642
3 16 11.928 -2.161 10.642 12.66 1.16 13.004 10.998 -3.723 11.085
3 16 11.928 -2.161 10.642 10.998 -3.723 11.085 11.351 -3.381 10.129
3 16 9.385 -6.018 9.172 11.351 -3.381 10.129 10.998 -3.723 11.085
3 16 9.385 -6.018 9.172 10.998 -3.723 11.085 9.173 -6.075 9.64
4 16 9.385 -6.018 9.172 9.173 -6.075 9.64 5.801 -9.572 7.309 6.569 -8.979 7.089
3 16 10.819 .004 15.958 12.051 4.654 16.036 11.158 5.84 17.157
3 16 10.819 .004 15.958 11.735 .579 14.488 12.051 4.654 16.036
3 16 10.574 -2.729 13.561 11.735 .579 14.488 10.819 .004 15.958
3 16 10.574 -2.729 13.561 10.819 .004 15.958 9.771 -3.032 14.444
3 16 5.801 -9.572 7.309 9.173 -6.075 9.64 8.858 -6.92 10.052
3 16 9.173 -6.075 9.64 10.529 -4.393 12.759 8.858 -6.92 10.052
3 16 9.173 -6.075 9.64 10.636 -3.842 12.178 10.529 -4.393 12.759
3 16 10.636 -3.842 12.178 10.405 -3.718 13.73 10.529 -4.393 12.759
3 16 10.636 -3.842 12.178 10.574 -2.729 13.561 10.405 -3.718 13.73
3 16 10.405 -3.718 13.73 9.771 -3.032 14.444 9.747 -3.837 14.143
3 16 10.405 -3.718 13.73 10.574 -2.729 13.561 9.771 -3.032 14.444
3 16 7.135 -4.393 13.74 9.747 -3.837 14.143 9.771 -3.032 14.444
3 16 7.135 -4.393 13.74 7.533 -5.508 13.631 9.747 -3.837 14.143
3 16 7.135 -4.393 13.74 1.671 -7.094 11.884 7.533 -5.508 13.631
3 16 9.747 -3.837 14.143 8.464 -6.146 13.007 10.405 -3.718 13.73
3 16 9.747 -3.837 14.143 7.533 -5.508 13.631 8.464 -6.146 13.007
3 16 7.533 -5.508 13.631 2.775 -8.784 11.105 8.464 -6.146 13.007
3 16 7.533 -5.508 13.631 1.671 -7.094 11.884 2.775 -8.784 11.105
3 16 2.775 -8.784 11.105 1.671 -7.094 11.884 .494 -8.304 9.869
3 16 2.775 -8.784 11.105 .494 -8.304 9.869 .946 -9.341 8.023
3 16 10.529 -4.393 12.759 8.464 -6.146 13.007 8.858 -6.92 10.052
3 16 10.529 -4.393 12.759 10.405 -3.718 13.73 8.464 -6.146 13.007
3 16 8.464 -6.146 13.007 2.775 -8.784 11.105 5.801 -9.572 7.309
3 16 5.801 -9.572 7.309 8.858 -6.92 10.052 8.464 -6.146 13.007
3 16 5.801 -9.572 7.309 2.775 -8.784 11.105 .946 -9.341 8.023
3 16 5.801 -9.572 7.309 .946 -9.341 8.023 .933 -9.492 7.194
3 16 .946 -9.341 8.023 -3.774 -9.67 8.949 .933 -9.492 7.194
3 16 .946 -9.341 8.023 -2.441 -8.785 10.596 -3.774 -9.67 8.949
3 16 -5.519 -7.297 10.653 -3.774 -9.67 8.949 -2.441 -8.785 10.596
3 16 -5.996 -8.485 10.089 -3.774 -9.67 8.949 -5.519 -7.297 10.653
3 16 -5.996 -8.485 10.089 -5.519 -7.297 10.653 -6.275 -7.696 10.113
3 16 .494 -8.304 9.869 -2.441 -8.785 10.596 .946 -9.341 8.023
3 16 .494 -8.304 9.869 -2.054 -7.984 10.894 -2.441 -8.785 10.596
3 16 -2.054 -7.984 10.894 -3.313 -7.311 11.062 -2.441 -8.785 10.596
3 16 -2.441 -8.785 10.596 -3.313 -7.311 11.062 -4.656 -6.883 11.107
3 16 -2.441 -8.785 10.596 -4.656 -6.883 11.107 -5.519 -7.297 10.653
3 16 -5.519 -7.297 10.653 -4.656 -6.883 11.107 -5.792 -6.6 10.729
3 16 -5.792 -6.6 10.729 -6.275 -7.696 10.113 -5.519 -7.297 10.653
3 16 -5.792 -6.6 10.729 -7.44 -6.373 9.587 -6.275 -7.696 10.113
3 16 -10.184 -6.996 .965 -4.936 -9.471 1.711 -4.144 -9.877 2.818
3 16 -4.936 -9.471 1.711 -10.184 -6.996 .965 -7.59 -7.882 -.201
3 16 -10.184 -6.996 .965 -9.519 -6.508 -1.509 -7.59 -7.882 -.201
3 16 -9.519 -6.508 -1.509 -10.184 -6.996 .965 -12.806 -4.605 -.341
3 16 -9.519 -6.508 -1.509 -12.806 -4.605 -.341 -11.533 -4.935 -2.605
3 16 -12.806 -4.605 -.341 -12.793 -3.377 -2.969 -11.533 -4.935 -2.605
3 16 -15.531 2.044 -2.534 -12.793 -3.377 -2.969 -12.806 -4.605 -.341
3 16 -15.531 2.044 -2.534 -13.781 .129 -4.072 -12.793 -3.377 -2.969
3 16 -14.349 2.089 -4.101 -13.781 .129 -4.072 -15.531 2.044 -2.534
3 16 -14.252 8.237 -4.229 -14.349 2.089 -4.101 -15.531 2.044 -2.534
3 16 -14.252 8.237 -4.229 -15.531 2.044 -2.534 -16.927 7.974 -1.948
3 16 -16.384 10.201 -1.881 -14.252 8.237 -4.229 -16.927 7.974 -1.948
3 16 -18.29 10.068 -.484 -16.384 10.201 -1.881 -16.927 7.974 -1.948
3 16 -18.29 10.068 -.484 -18.039 10.999 -.432 -16.384 10.201 -1.881
3 16 -6.909 -8.735 4.553 -10.184 -6.996 .965 -4.144 -9.877 2.818
3 16 -6.909 -8.735 4.553 -10.947 -5.869 4.061 -10.184 -6.996 .965
3 16 -12.806 -4.605 -.341 -10.184 -6.996 .965 -10.947 -5.869 4.061
3 16 -12.806 -4.605 -.341 -10.947 -5.869 4.061 -13.539 -2.867 3.381
4 16 -15.531 2.044 -2.534 -12.806 -4.605 -.341 -13.539 -2.867 3.381 -15.289 1.485 1.185
3 16 -16.476 7.432 .743 -15.531 2.044 -2.534 -15.289 1.485 1.185
3 16 -16.476 7.432 .743 -16.927 7.974 -1.948 -15.531 2.044 -2.534
3 16 -16.476 7.432 .743 -18.29 10.068 -.484 -16.927 7.974 -1.948
3 16 -16.476 7.432 .743 -17.97 10.148 1.295 -18.29 10.068 -.484
3 16 -7.978 -7.287 5.546 -10.947 -5.869 4.061 -6.909 -8.735 4.553
3 16 -7.978 -7.287 5.546 -10.9 -5.1 5.245 -10.947 -5.869 4.061
3 16 -13.539 -2.867 3.381 -10.947 -5.869 4.061 -10.9 -5.1 5.245
3 16 -13.539 -2.867 3.381 -10.9 -5.1 5.245 -13.182 -2.05 4.835
3 16 -14.883 2.254 2.158 -13.539 -2.867 3.381 -13.182 -2.05 4.835
3 16 -14.883 2.254 2.158 -15.289 1.485 1.185 -13.539 -2.867 3.381
3 16 -16.476 7.432 .743 -15.289 1.485 1.185 -14.883 2.254 2.158
3 16 -16.476 7.432 .743 -14.883 2.254 2.158 -15.932 7.488 1.49
3 16 -16.063 9.791 2.556 -16.476 7.432 .743 -15.932 7.488 1.49
3 16 -16.063 9.791 2.556 -17.97 10.148 1.295 -16.476 7.432 .743
3 16 -8.603 -7.085 8.699 -10.9 -5.1 5.245 -7.978 -7.287 5.546
3 16 -8.603 -7.085 8.699 -10.743 -4.498 9.362 -10.9 -5.1 5.245
3 16 -13.182 -2.05 4.835 -10.9 -5.1 5.245 -10.743 -4.498 9.362
3 16 -13.182 -2.05 4.835 -10.743 -4.498 9.362 -13.477 -.656 8.594
3 16 -14.795 3.217 5.921 -13.182 -2.05 4.835 -13.477 -.656 8.594
3 16 -14.795 3.217 5.921 -14.883 2.254 2.158 -13.182 -2.05 4.835
3 16 -14.795 3.217 5.921 -15.932 7.488 1.49 -14.883 2.254 2.158
3 16 -14.795 3.217 5.921 -16.063 9.791 2.556 -15.932 7.488 1.49
3 16 -7.44 -6.373 9.587 -10.743 -4.498 9.362 -8.603 -7.085 8.699
3 16 -7.44 -6.373 9.587 -9.72 -3.849 10.795 -10.743 -4.498 9.362
3 16 -10.743 -4.498 9.362 -9.72 -3.849 10.795 -12.323 -.535 10.248
3 16 -10.743 -4.498 9.362 -12.323 -.535 10.248 -13.477 -.656 8.594
3 16 -12.323 -.535 10.248 -13.369 .882 9.303 -13.477 -.656 8.594
3 16 -13.477 -.656 8.594 -13.369 .882 9.303 -14.795 3.217 5.921
3 16 -14.795 3.217 5.921 -13.369 .882 9.303 -14.484 4.015 6.74
3 16 -14.484 4.015 6.74 -16.063 9.791 2.556 -14.795 3.217 5.921
3 16 -14.484 4.015 6.74 -15.457 10.353 3.853 -16.063 9.791 2.556
3 16 -16.237 12.984 3.601 -16.063 9.791 2.556 -15.457 10.353 3.853
3 16 -18.23 11.946 .88 -18.039 10.999 -.432 -18.29 10.068 -.484
3 16 -18.29 10.068 -.484 -17.97 10.148 1.295 -18.23 11.946 .88
3 16 -17.97 10.148 1.295 -16.857 12.898 1.25 -18.23 11.946 .88
3 16 -17.97 10.148 1.295 -16.063 9.791 2.556 -16.857 12.898 1.25
3 16 -16.237 12.984 3.601 -16.857 12.898 1.25 -16.063 9.791 2.556
3 16 -16.237 12.984 3.601 -17.788 15.11 2.492 -16.857 12.898 1.25
3 16 -17.788 15.11 2.492 -16.237 12.984 3.601 -18.046 15.696 3.964
3 16 -16.237 12.984 3.601 -17.38 15.382 5.323 -18.046 15.696 3.964
3 16 -16.237 12.984 3.601 -15.113 10.219 5.789 -17.38 15.382 5.323
3 16 -15.457 10.353 3.853 -15.113 10.219 5.789 -16.237 12.984 3.601
3 16 -15.457 10.353 3.853 -14.484 4.015 6.74 -15.113 10.219 5.789
3 16 -15.113 10.219 5.789 -14.484 4.015 6.74 -13.914 2.737 9.242
3 16 -13.914 2.737 9.242 -14.484 4.015 6.74 -13.369 .882 9.303
3 16 -13.369 .882 9.303 -13.581 3.688 10.033 -13.914 2.737 9.242
3 16 -13.369 .882 9.303 -12.323 -.535 10.248 -13.581 3.688 10.033
3 16 -13.581 3.688 10.033 -15.113 10.219 5.789 -13.914 2.737 9.242
3 16 -13.581 3.688 10.033 -14.397 10.597 6.612 -15.113 10.219 5.789
3 16 -14.397 10.597 6.612 -17.38 15.382 5.323 -15.113 10.219 5.789
3 16 -14.397 10.597 6.612 -15.91 17.242 4.826 -17.38 15.382 5.323
3 16 -17.38 15.382 5.323 -16.973 16.736 3.508 -18.046 15.696 3.964
3 16 -17.38 15.382 5.323 -15.91 17.242 4.826 -16.973 16.736 3.508
3 16 -15.835 15.682 1.502 -16.857 12.898 1.25 -17.788 15.11 2.492
3 16 -15.835 15.682 1.502 -15.672 12.839 .265 -16.857 12.898 1.25
4 16 -13 12.169 0 -15.672 12.839 .265 -15.835 15.682 1.502 -12.768 14.811 1.167
3 16 -17.788 15.11 2.492 -16.973 16.736 3.508 -15.835 15.682 1.502
3 16 -17.788 15.11 2.492 -18.046 15.696 3.964 -16.973 16.736 3.508
3 16 -16.973 16.736 3.508 -14.639 16.908 3.365 -15.835 15.682 1.502
3 16 -16.973 16.736 3.508 -15.91 17.242 4.826 -14.639 16.908 3.365
3 16 -14.639 16.908 3.365 -12.768 14.811 1.167 -15.835 15.682 1.502
3 16 -14.639 16.908 3.365 -12.432 16.686 2.857 -12.768 14.811 1.167
3 16 -15.672 12.839 .265 -18.23 11.946 .88 -16.857 12.898 1.25
3 16 -15.672 12.839 .265 -18.039 10.999 -.432 -18.23 11.946 .88
3 16 -18.039 10.999 -.432 -15.672 12.839 .265 -16.384 10.201 -1.881
3 16 -13 12.169 0 -16.384 10.201 -1.881 -15.672 12.839 .265
3 16 -13 12.169 0 -12.292 8.727 -3.563 -16.384 10.201 -1.881
3 16 -11.039 4.347 16.661 -8.655 4.69 16.146 -8.971 6.653 15.514
3 16 -11.039 4.347 16.661 -8.639 2.305 15.661 -8.655 4.69 16.146
3 16 -8.639 2.305 15.661 -11.039 4.347 16.661 -10.092 1.196 15.676
3 16 -10.092 1.196 15.676 -6.851 -2.924 14.486 -8.639 2.305 15.661
3 16 -10.092 1.196 15.676 -7.355 -4.063 14.133 -6.851 -2.924 14.486
3 16 -6.851 -2.924 14.486 -7.355 -4.063 14.133 -5.178 -5.887 12.486
3 16 -6.851 -2.924 14.486 -5.178 -5.887 12.486 -4.142 -6.062 12.493
3 16 -7.819 7.884 17.25 -8.971 6.653 15.514 -8.655 4.69 16.146
3 16 -7.819 7.884 17.25 -7.219 10.244 16.334 -8.971 6.653 15.514
3 16 -7.819 7.884 17.25 -5.141 12.792 17.808 -7.219 10.244 16.334
3 16 -7.219 10.244 16.334 -5.141 12.792 17.808 -5.472 13.159 16.535
3 16 -5.472 13.159 16.535 -5.141 12.792 17.808 -4.178 13.218 17.912
3 16 -5.472 13.159 16.535 -4.178 13.218 17.912 -4.14 13.699 16.301
3 16 -4.085 -.88 17.493 -6.509 2.685 16.979 -4.542 -2.215 16.05
3 16 -4.085 -.88 17.493 -5.417 2.957 18.313 -6.509 2.685 16.979
3 16 -5.417 2.957 18.313 -6.94 6.973 17.862 -6.509 2.685 16.979
3 16 -5.417 2.957 18.313 -6.431 7.387 18.522 -6.94 6.973 17.862
3 16 -2.056 -5.234 14.591 -4.085 -.88 17.493 -4.542 -2.215 16.05
3 16 -6.424 9.499 18.465 -6.94 6.973 17.862 -6.431 7.387 18.522
4 16 -8.639 2.305 15.661 -6.851 -2.924 14.486 -6.062 -3.115 14.992 -7.809 2.288 16.272
4 16 -8.639 2.305 15.661 -7.809 2.288 16.272 -7.511 7.411 17.568 -8.655 4.69 16.146
3 16 -8.655 4.69 16.146 -7.511 7.411 17.568 -7.819 7.884 17.25
3 16 -6.062 -3.115 14.992 -6.851 -2.924 14.486 -4.142 -6.062 12.493
3 16 -6.062 -3.115 14.992 -4.142 -6.062 12.493 -3.561 -6.055 13.215
3 16 -3.556 -6.723 11.852 -3.561 -6.055 13.215 -4.142 -6.062 12.493
3 16 -3.556 -6.723 11.852 -2.343 -7.123 12.045 -3.561 -6.055 13.215
3 16 -6.424 9.499 18.465 -7.819 7.884 17.25 -7.511 7.411 17.568
3 16 -6.424 9.499 18.465 -5.141 12.792 17.808 -7.819 7.884 17.25
3 16 -4.542 -2.215 16.05 -7.809 2.288 16.272 -6.062 -3.115 14.992
3 16 -4.542 -2.215 16.05 -6.509 2.685 16.979 -7.809 2.288 16.272
3 16 -6.062 -3.115 14.992 -2.056 -5.234 14.591 -4.542 -2.215 16.05
3 16 -6.062 -3.115 14.992 -3.561 -6.055 13.215 -2.056 -5.234 14.591
3 16 -2.056 -5.234 14.591 -3.561 -6.055 13.215 -2.343 -7.123 12.045
3 16 .494 -8.304 9.869 -2.056 -5.234 14.591 -2.343 -7.123 12.045
3 16 .494 -8.304 9.869 -2.343 -7.123 12.045 -2.054 -7.984 10.894
3 16 -6.509 2.685 16.979 -7.511 7.411 17.568 -7.809 2.288 16.272
3 16 -6.509 2.685 16.979 -6.94 6.973 17.862 -7.511 7.411 17.568
3 16 -6.424 9.499 18.465 -7.511 7.411 17.568 -6.94 6.973 17.862
3 16 -4.142 -6.062 12.493 -5.178 -5.887 12.486 -4.656 -6.883 11.107
3 16 -4.656 -6.883 11.107 -3.556 -6.723 11.852 -4.142 -6.062 12.493
3 16 -4.656 -6.883 11.107 -3.313 -7.311 11.062 -3.556 -6.723 11.852
3 16 1.671 -7.094 11.884 -2.056 -5.234 14.591 .494 -8.304 9.869
3 16 .385 -5.52 14.359 -2.056 -5.234 14.591 1.671 -7.094 11.884
3 16 -2.242 -.452 18.017 -2.056 -5.234 14.591 .385 -5.52 14.359
3 16 -4.085 -.88 17.493 -2.056 -5.234 14.591 -2.242 -.452 18.017
3 16 -2.242 -.452 18.017 -5.417 2.957 18.313 -4.085 -.88 17.493
3 16 -2.242 -.452 18.017 -4.005 3.722 19.007 -5.417 2.957 18.313
3 16 -4.005 3.722 19.007 -6.431 7.387 18.522 -5.417 2.957 18.313
3 16 -4.005 3.722 19.007 -4.747 7.386 19.139 -6.431 7.387 18.522
3 16 -6.424 9.499 18.465 -6.431 7.387 18.522 -4.747 7.386 19.139
3 16 -6.424 9.499 18.465 -4.747 7.386 19.139 -5.141 12.792 17.808
3 16 -5.141 12.792 17.808 -4.747 7.386 19.139 -4.178 13.218 17.912
3 16 -4.14 13.699 16.301 -4.178 13.218 17.912 -3.088 12.452 17.349
3 16 -4.005 3.722 19.007 -1.462 1.374 17.833 -2.749 4.282 18.019
3 16 -2.242 -.452 18.017 -1.462 1.374 17.833 -4.005 3.722 19.007
3 16 -2.242 -.452 18.017 -.837 -.162 17.268 -1.462 1.374 17.833
3 16 -3.495 7.284 17.98 -4.005 3.722 19.007 -2.749 4.282 18.019
3 16 -3.495 7.284 17.98 -4.747 7.386 19.139 -4.005 3.722 19.007
3 16 -3.088 12.452 17.349 -4.747 7.386 19.139 -3.495 7.284 17.98
3 16 -3.088 12.452 17.349 -4.178 13.218 17.912 -4.747 7.386 19.139
3 16 -2.242 -.452 18.017 .385 -5.52 14.359 -.837 -.162 17.268
3 16 -2.749 4.282 18.019 -.87 7.034 19.043 -2.526 7.105 17.842
3 16 -2.749 4.282 18.019 -1.462 1.374 17.833 -.87 7.034 19.043
3 16 -.87 7.034 19.043 -1.26 12.136 17.189 -2.526 7.105 17.842
3 16 -.87 7.034 19.043 .784 11.929 19.089 -1.26 12.136 17.189
3 16 .117 16.699 17.595 -1.26 12.136 17.189 .784 11.929 19.089
3 16 .117 16.699 17.595 -.95 16.821 15.806 -1.26 12.136 17.189
3 16 -2.526 7.105 17.842 -3.495 7.284 17.98 -2.749 4.282 18.019
3 16 -2.526 7.105 17.842 -3.088 12.452 17.349 -3.495 7.284 17.98
3 16 -2.526 7.105 17.842 -1.26 12.136 17.189 -3.088 12.452 17.349
3 16 -.95 16.821 15.806 -3.088 12.452 17.349 -1.26 12.136 17.189
3 16 -4.14 13.699 16.301 -3.088 12.452 17.349 -.95 16.821 15.806
3 16 -4.14 13.699 16.301 -.95 16.821 15.806 -3.877 19.295 15.091
3 16 -2.402 23.045 16.939 -3.877 19.295 15.091 -.95 16.821 15.806
3 16 -5.632 20.932 14.901 -3.877 19.295 15.091 -2.402 23.045 16.939
3 16 -5.632 20.932 14.901 -2.402 23.045 16.939 -4.88 23.398 16.652
3 16 -3.877 19.295 15.091 -5.632 20.932 14.901 -5.794 18.958 14.679
3 16 -3.877 19.295 15.091 -5.794 18.958 14.679 -4.344 18.066 15.157
3 16 -4.344 18.066 15.157 -5.794 18.958 14.679 -6.944 13.975 15.811
3 16 -4.344 18.066 15.157 -6.944 13.975 15.811 -5.472 13.159 16.535
3 16 -7.219 10.244 16.334 -5.472 13.159 16.535 -6.944 13.975 15.811
3 16 .723 16.825 17.333 2.031 16.531 16.358 .607 17.119 15.446
3 16 .723 16.825 17.333 1.681 15.852 17.708 2.031 16.531 16.358
3 16 2.031 16.531 16.358 1.681 15.852 17.708 3.969 12.652 17.706
3 16 3.969 12.652 17.706 1.681 15.852 17.708 3.213 9.616 18.542
3 16 3.969 12.652 17.706 3.213 9.616 18.542 4.487 9.892 18.058
3 16 3.213 9.616 18.542 4.377 5.987 17.911 4.487 9.892 18.058
3 16 3.213 9.616 18.542 3.168 6.269 18.422 4.377 5.987 17.911
3 16 .117 16.699 17.595 .607 17.119 15.446 -.95 16.821 15.806
3 16 .117 16.699 17.595 .723 16.825 17.333 .607 17.119 15.446
3 16 .725 22.061 14.225 -.95 16.821 15.806 .607 17.119 15.446
3 16 -1.892 23.957 15.85 -.95 16.821 15.806 .725 22.061 14.225
3 16 -2.402 23.045 16.939 -.95 16.821 15.806 -1.892 23.957 15.85
3 16 -4.14 13.699 16.301 -4.344 18.066 15.157 -5.472 13.159 16.535
3 16 -4.14 13.699 16.301 -3.877 19.295 15.091 -4.344 18.066 15.157
3 16 -8.971 6.653 15.514 -7.219 10.244 16.334 -8.106 14.187 14.299
3 16 -6.944 13.975 15.811 -8.106 14.187 14.299 -7.219 10.244 16.334
4 16 -6.944 13.975 15.811 -5.794 18.958 14.679 -7.153 19.418 12.773 -8.106 14.187 14.299
3 16 -7.153 19.418 12.773 -5.794 18.958 14.679 -5.632 20.932 14.901
3 16 -7.153 19.418 12.773 -5.632 20.932 14.901 -6.779 21.722 12.928
3 16 -5.632 20.932 14.901 -5.042 24.158 15.856 -6.779 21.722 12.928
3 16 -5.632 20.932 14.901 -4.88 23.398 16.652 -5.042 24.158 15.856
3 16 -2.402 23.045 16.939 -5.042 24.158 15.856 -4.88 23.398 16.652
3 16 -2.402 23.045 16.939 -1.892 23.957 15.85 -5.042 24.158 15.856
3 16 -10.373 6.168 15.349 -11.039 4.347 16.661 -8.971 6.653 15.514
3 16 -11.894 4.756 13.649 -11.039 4.347 16.661 -10.373 6.168 15.349
3 16 -11.894 4.756 13.649 -11.69 2.889 14.664 -11.039 4.347 16.661
3 16 -11.69 2.889 14.664 -11.776 2.127 13.117 -11.279 1.256 14.004
3 16 -11.69 2.889 14.664 -11.894 4.756 13.649 -11.776 2.127 13.117
3 16 -8.024 -4.903 11.326 -11.279 1.256 14.004 -11.776 2.127 13.117
3 16 -11.69 2.889 14.664 -10.092 1.196 15.676 -11.039 4.347 16.661
3 16 -11.69 2.889 14.664 -11.279 1.256 14.004 -10.092 1.196 15.676
3 16 -11.279 1.256 14.004 -7.355 -4.063 14.133 -10.092 1.196 15.676
3 16 -11.279 1.256 14.004 -8.024 -4.903 11.326 -7.355 -4.063 14.133
3 16 -8.024 -4.903 11.326 -5.178 -5.887 12.486 -7.355 -4.063 14.133
3 16 -8.024 -4.903 11.326 -5.792 -6.6 10.729 -5.178 -5.887 12.486
3 16 -5.178 -5.887 12.486 -5.792 -6.6 10.729 -4.656 -6.883 11.107
3 16 -8.024 -4.903 11.326 -7.44 -6.373 9.587 -5.792 -6.6 10.729
3 16 -8.024 -4.903 11.326 -9.72 -3.849 10.795 -7.44 -6.373 9.587
3 16 -9.72 -3.849 10.795 -8.024 -4.903 11.326 -11.776 2.127 13.117
3 16 -11.776 2.127 13.117 -13.7 5.498 11.61 -9.72 -3.849 10.795
3 16 -13.7 5.498 11.61 -11.776 2.127 13.117 -11.894 4.756 13.649
3 16 -11.123 13.065 11.72 -13.7 5.498 11.61 -11.894 4.756 13.649
4 16 -13.7 5.498 11.61 -11.123 13.065 11.72 -11.849 15.715 10.264 -13.871 13.633 8.983
3 16 -11.199 19.009 11.023 -11.849 15.715 10.264 -11.123 13.065 11.72
3 16 -11.199 19.009 11.023 -12.218 18.361 10.33 -11.849 15.715 10.264
3 16 -12.218 18.361 10.33 -13.172 18.715 9.058 -11.849 15.715 10.264
3 16 -14.854 17.469 7.355 -13.871 13.633 8.983 -11.849 15.715 10.264
3 16 -14.854 17.469 7.355 -11.849 15.715 10.264 -13.172 18.715 9.058
3 16 -15.121 21.749 8.983 -14.854 17.469 7.355 -13.172 18.715 9.058
3 16 -15.121 21.749 8.983 -16.668 21.965 7.878 -14.854 17.469 7.355
3 16 -14.441 22.491 10.674 -13.172 18.715 9.058 -12.218 18.361 10.33
3 16 -14.441 22.491 10.674 -15.121 21.749 8.983 -13.172 18.715 9.058
3 16 -12.535 22.318 11.912 -12.218 18.361 10.33 -11.199 19.009 11.023
3 16 -12.535 22.318 11.912 -14.441 22.491 10.674 -12.218 18.361 10.33
3 16 -12.323 -.535 10.248 -13.7 5.498 11.61 -13.581 3.688 10.033
3 16 -12.323 -.535 10.248 -9.72 -3.849 10.795 -13.7 5.498 11.61
3 16 -13.7 5.498 11.61 -14.397 10.597 6.612 -13.581 3.688 10.033
3 16 -13.7 5.498 11.61 -13.871 13.633 8.983 -14.397 10.597 6.612
3 16 -15.91 17.242 4.826 -14.397 10.597 6.612 -13.871 13.633 8.983
3 16 -15.91 17.242 4.826 -13.871 13.633 8.983 -14.854 17.469 7.355
3 16 -16.796 20.735 6.167 -15.91 17.242 4.826 -14.854 17.469 7.355
3 16 -16.796 20.735 6.167 -14.854 17.469 7.355 -16.668 21.965 7.878
3 16 -11.199 19.009 11.023 -9.741 14.396 13.789 -9.564 19.58 12.977
3 16 -11.199 19.009 11.023 -11.123 13.065 11.72 -9.741 14.396 13.789
3 16 -11.123 13.065 11.72 -10.373 6.168 15.349 -9.741 14.396 13.789
3 16 -11.123 13.065 11.72 -11.894 4.756 13.649 -10.373 6.168 15.349
3 16 -11.199 19.009 11.023 -9.564 19.58 12.977 -11.633 22.996 13.531
3 16 -11.199 19.009 11.023 -11.633 22.996 13.531 -12.535 22.318 11.912
3 16 -10.572 22.608 14.145 -11.633 22.996 13.531 -9.564 19.58 12.977
3 16 -8.971 6.653 15.514 -9.741 14.396 13.789 -10.373 6.168 15.349
3 16 -8.971 6.653 15.514 -8.106 14.187 14.299 -9.741 14.396 13.789
3 16 -9.741 14.396 13.789 -8.106 14.187 14.299 -7.153 19.418 12.773
3 16 -9.741 14.396 13.789 -7.153 19.418 12.773 -9.564 19.58 12.977
3 16 -7.153 19.418 12.773 -9.425 23.576 13.725 -9.564 19.58 12.977
3 16 -9.564 19.58 12.977 -9.425 23.576 13.725 -10.572 22.608 14.145
3 16 -6.779 21.722 12.928 -9.425 23.576 13.725 -7.153 19.418 12.773
3 16 -10.964 24.133 13.249 -10.572 22.608 14.145 -9.425 23.576 13.725
3 16 -10.964 24.133 13.249 -11.633 22.996 13.531 -10.572 22.608 14.145
3 16 -12.35 23.384 11.217 -11.633 22.996 13.531 -10.964 24.133 13.249
3 16 -12.35 23.384 11.217 -12.535 22.318 11.912 -11.633 22.996 13.531
3 16 -14.441 22.491 10.674 -12.35 23.384 11.217 -14.029 23.252 9.721
3 16 -14.441 22.491 10.674 -12.535 22.318 11.912 -12.35 23.384 11.217
3 16 -15.121 21.749 8.983 -14.441 22.491 10.674 -14.029 23.252 9.721
3 16 -15.121 21.749 8.983 -14.029 23.252 9.721 -14.679 22.203 8.582
3 16 -16.668 21.965 7.878 -14.679 22.203 8.582 -16.037 22.317 7.107
3 16 -16.668 21.965 7.878 -15.121 21.749 8.983 -14.679 22.203 8.582
3 16 -16.796 20.735 6.167 -16.037 22.317 7.107 -15.914 21.702 5.769
3 16 -16.796 20.735 6.167 -16.668 21.965 7.878 -16.037 22.317 7.107
3 16 -16.796 20.735 6.167 -15.914 21.702 5.769 -14.639 16.908 3.365
3 16 -15.914 21.702 5.769 -12.334 18.513 3.349 -14.639 16.908 3.365
3 16 -14.639 16.908 3.365 -15.91 17.242 4.826 -16.796 20.735 6.167
3 16 -12.334 18.513 3.349 -12.432 16.686 2.857 -14.639 16.908 3.365
3 16 -16.384 10.201 -1.881 -12.292 8.727 -3.563 -14.252 8.237 -4.229
3 16 -13.781 .129 -4.072 -13.967 1.905 -4.95 -13.473 -.132 -5.107
3 16 -13.781 .129 -4.072 -14.349 2.089 -4.101 -13.967 1.905 -4.95
4 16 -12.819 5.061 -8.299 -13.967 1.905 -4.95 -14.349 2.089 -4.101 -14.404 8.051 -5.255
3 16 -14.349 2.089 -4.101 -14.252 8.237 -4.229 -14.404 8.051 -5.255
3 16 -10.439 13.622 -7.326 -11.487 13.16 -9.284 -12.108 13.523 -8.593
3 16 -10.439 13.622 -7.326 -9.844 13.114 -8.217 -11.487 13.16 -9.284
3 16 -12.108 13.523 -8.593 -14.404 8.051 -5.255 -12.01 10.376 -4.975
3 16 -14.404 8.051 -5.255 -14.252 8.237 -4.229 -12.292 8.727 -3.563
3 16 -12.01 10.376 -4.975 -10.439 13.622 -7.326 -12.108 13.523 -8.593
3 16 -12.292 8.727 -3.563 -12.01 10.376 -4.975 -14.404 8.051 -5.255
3 16 4.223 4.166 20.148 3.168 6.269 18.422 3.555 4.307 20.559
3 16 4.223 4.166 20.148 4.377 5.987 17.911 3.168 6.269 18.422
3 16 4.223 4.166 20.148 5.613 -.151 17.379 4.377 5.987 17.911
3 16 4.223 4.166 20.148 4.322 -.887 18.231 5.613 -.151 17.379
3 16 5.795 -2.858 15.835 5.613 -.151 17.379 4.322 -.887 18.231
3 16 5.795 -2.858 15.835 4.322 -.887 18.231 4.937 -3.815 16.383
3 16 4.937 -3.815 16.383 5.707 -4.487 14.134 5.795 -2.858 15.835
3 16 4.937 -3.815 16.383 3.445 -6.272 13.04 5.707 -4.487 14.134
3 16 -.837 -.162 17.268 2.297 3.667 20.411 1.522 5.124 18.802
3 16 -.837 -.162 17.268 .372 -.93 18.35 2.297 3.667 20.411
3 16 1.522 5.124 18.802 2.297 3.667 20.411 3.555 4.307 20.559
3 16 1.522 5.124 18.802 3.555 4.307 20.559 3.168 6.269 18.422
3 16 -.837 -.162 17.268 1.012 -5.09 15.289 .372 -.93 18.35
3 16 -.837 -.162 17.268 .385 -5.52 14.359 1.012 -5.09 15.289
3 16 .117 16.699 17.595 1.681 15.852 17.708 .723 16.825 17.333
3 16 .117 16.699 17.595 .784 11.929 19.089 1.681 15.852 17.708
3 16 1.681 15.852 17.708 .784 11.929 19.089 3.213 9.616 18.542
3 16 3.213 9.616 18.542 .784 11.929 19.089 -.87 7.034 19.043
3 16 3.213 9.616 18.542 -.87 7.034 19.043 3.168 6.269 18.422
3 16 -.87 7.034 19.043 1.522 5.124 18.802 3.168 6.269 18.422
3 16 -.87 7.034 19.043 -1.462 1.374 17.833 1.522 5.124 18.802
3 16 1.522 5.124 18.802 -1.462 1.374 17.833 -.837 -.162 17.268
3 16 4.322 -.887 18.231 2.297 3.667 20.411 .372 -.93 18.35
3 16 4.322 -.887 18.231 3.555 4.307 20.559 2.297 3.667 20.411
3 16 3.555 4.307 20.559 4.322 -.887 18.231 4.223 4.166 20.148
3 16 4.937 -3.815 16.383 4.322 -.887 18.231 .372 -.93 18.35
3 16 4.937 -3.815 16.383 .372 -.93 18.35 1.012 -5.09 15.289
3 16 1.012 -5.09 15.289 3.445 -6.272 13.04 4.937 -3.815 16.383
3 16 3.445 -6.272 13.04 1.012 -5.09 15.289 .385 -5.52 14.359
3 16 3.445 -6.272 13.04 .385 -5.52 14.359 1.671 -7.094 11.884
3 16 7.135 -4.393 13.74 3.445 -6.272 13.04 1.671 -7.094 11.884
3 16 .941 5.154 -12.813 -.708 4.975 -14.533 0 5.327 -13
4 16 -.708 4.975 -14.533 .941 5.154 -12.813 1.116 4.996 -14.308 .237 4.94 -14.922
3 16 -1.857 5.904 -14.353 0 5.327 -13 -.708 4.975 -14.533
3 16 -1.857 5.904 -14.353 -1.442 6.006 -12.713 0 5.327 -13
3 16 -2.852 5.697 -14.154 -1.442 6.006 -12.713 -1.857 5.904 -14.353
3 16 -2.852 5.697 -14.154 -3 5.716 -12.404 -1.442 6.006 -12.713
3 16 7.882 .777 -10.19 8.402 1.587 -8.402 9.61 .062 -8.738
3 16 4.72 2.128 -11.396 8.402 1.587 -8.402 7.882 .777 -10.19
3 16 4.72 2.128 -11.396 7.882 .777 -10.19 4.016 2.092 -12.993
3 16 4.016 2.092 -12.993 3.724 2.469 -11.879 4.72 2.128 -11.396
3 16 4.016 2.092 -12.993 2.708 3.025 -13.685 3.724 2.469 -11.879
3 16 2.145 4 -12.573 3.724 2.469 -11.879 2.708 3.025 -13.685
3 16 2.145 4 -12.573 2.708 3.025 -13.685 1.116 4.996 -14.308
3 16 1.116 4.996 -14.308 .941 5.154 -12.813 2.145 4 -12.573
3 16 11.943 4.14 -9.364 9.61 .062 -8.738 9.207 2.469 -8.498
3 16 9.207 2.469 -8.498 9.805 4 -8.275 11.943 4.14 -9.364
3 16 8.402 1.587 -8.402 9.207 2.469 -8.498 9.61 .062 -8.738
3 16 11.943 4.14 -9.364 9.805 4 -8.275 11.733 9.071 -10.132
3 16 9.805 4 -8.275 9.192 13.261 -9.192 10.23 13.021 -10.658
3 16 10.23 13.021 -10.658 11.733 9.071 -10.132 9.805 4 -8.275
3 16 9.656 14.053 -8.499 10.891 13.576 -9.97 10.23 13.021 -10.658
3 16 10.23 13.021 -10.658 9.192 13.261 -9.192 9.656 14.053 -8.499
3 16 12.598 17.856 -2.02 14.149 17.337 -4.164 12.236 17.474 -3.84
3 16 12.598 17.856 -2.02 14.471 17.837 -2.149 14.149 17.337 -4.164
3 16 12.011 16.179 -4.975 14.149 17.337 -4.164 14 15.899 -5.089
3 16 12.011 16.179 -4.975 12.236 17.474 -3.84 14.149 17.337 -4.164
3 16 14 15.899 -5.089 11.615 15.108 -5.568 12.011 16.179 -4.975
3 16 14 15.899 -5.089 13.932 15.041 -6.145 11.615 15.108 -5.568
3 16 -12.011 19.411 4.975 -14.029 23.252 9.721 -9.192 21.448 9.192
3 16 -14.679 22.203 8.582 -14.029 23.252 9.721 -12.011 19.411 4.975
3 16 -14.029 23.252 9.721 -12.35 23.384 11.217 -9.192 21.448 9.192
3 16 -10.964 24.133 13.249 -9.192 21.448 9.192 -12.35 23.384 11.217
3 16 -9.192 21.448 9.192 -10.964 24.133 13.249 -4.975 21.728 12.011
3 16 -4.975 21.728 12.011 -10.964 24.133 13.249 -9.425 23.576 13.725
3 16 -6.779 21.722 12.928 -4.975 21.728 12.011 -9.425 23.576 13.725
3 16 -6.779 21.722 12.928 0 22 13 -4.975 21.728 12.011
3 16 -5.042 24.158 15.856 0 22 13 -6.779 21.722 12.928
3 16 -1.892 23.957 15.85 0 22 13 -5.042 24.158 15.856
3 16 .725 22.061 14.225 0 22 13 -1.892 23.957 15.85
3 16 3.772 23.487 12.25 .725 22.061 14.225 4.448 24.375 15.56
3 16 3.772 23.487 12.25 0 22 13 .725 22.061 14.225
3 16 3.772 23.487 12.25 4.448 24.375 15.56 6.075 24.114 15.327
3 16 4.975 23.037 12.011 3.772 23.487 12.25 6.075 24.114 15.327
3 16 6.748 22.279 10.826 4.975 23.037 12.011 6.075 24.114 15.327
3 16 6.748 22.279 10.826 6.075 24.114 15.327 7.903 22.527 12.801
3 16 8.57 22.86 9.608 7.903 22.527 12.801 10.535 24.122 12.525
3 16 8.57 22.86 9.608 6.748 22.279 10.826 7.903 22.527 12.801
3 16 12.089 23.184 11.778 8.57 22.86 9.608 10.535 24.122 12.525
3 16 12.089 23.184 11.778 9.192 22.062 9.192 8.57 22.86 9.608
3 16 15.482 19.763 9.396 10.508 20.005 7.224 15.138 22.423 10.81
3 16 15.482 19.763 9.396 11.07 17.988 6.383 10.508 20.005 7.224
3 16 10.508 20.005 7.224 13.5 23.329 11.121 15.138 22.423 10.81
3 16 9.192 22.062 9.192 13.5 23.329 11.121 10.508 20.005 7.224
3 16 12.089 23.184 11.778 13.5 23.329 11.121 9.192 22.062 9.192
3 16 -15.914 21.702 5.769 -12.011 19.411 4.975 -12.334 18.513 3.349
3 16 -16.037 22.317 7.107 -12.011 19.411 4.975 -15.914 21.702 5.769
3 16 -12.011 19.411 4.975 -16.037 22.317 7.107 -14.679 22.203 8.582
3 16 5.165 18.58 15.596 5.466 14.112 16.686 6.483 13.823 16.815
3 16 5.466 14.112 16.686 5.165 18.58 15.596 4.612 13.791 16.883
3 16 -2.343 -7.123 12.045 -3.313 -7.311 11.062 -2.054 -7.984 10.894
3 16 -2.343 -7.123 12.045 -3.556 -6.723 11.852 -3.313 -7.311 11.062

2 24 -.464 -9.138 -7.98 -3.585 -7.781 -10.787
2 24 -3.585 -7.781 -10.787 -2.535 -7.381 -11.614
2 24 -2.535 -7.381 -11.614 1.481 -8.782 -9.151
2 24 1.54 -10.516 -5.186 -.464 -9.138 -7.98
2 24 1.481 -8.782 -9.151 4.485 -10.267 -6.365
2 24 1.728 -10.629 -1.944 1.54 -10.516 -5.186
2 24 3.059 -10.862 .004 1.728 -10.629 -1.944
2 24 4.485 -10.267 -6.365 6.309 -11.013 -.303
2 24 6.309 -11.013 -.303 5.562 -11.116 2.346
2 24 5.562 -11.116 2.346 3.68 -11.175 2.278
2 24 3.68 -11.175 2.278 3.059 -10.862 .004
2 24 -3.447 -5.963 -10.894 -1.428 -5.644 -11.166
2 24 -1.428 -5.644 -11.166 -2.535 -7.381 -11.614
2 24 -3.585 -7.781 -10.787 -4.284 -7.005 -9.699
2 24 -4.284 -7.005 -9.699 -3.447 -5.963 -10.894
2 24 -1.114 -8.864 -7.065 -4.284 -7.005 -9.699
2 24 .753 -10.119 -3.289 -1.114 -8.864 -7.065
2 24 -1.428 -5.644 -11.166 2.095 -7.837 -9.171
2 24 2.095 -7.837 -9.171 5.066 -9.083 -6.853
2 24 5.066 -9.083 -6.853 7.231 -10.45 -.616
2 24 7.231 -10.45 -.616 6.415 -10.807 1.718
2 24 6.415 -10.807 1.718 5.562 -11.116 2.346
2 24 1.728 -10.629 -1.944 .578 -10.154 -2.907
2 24 .578 -10.154 -2.907 .753 -10.119 -3.289
2 24 4.729 -11.752 3.999 .977 -11.382 3.826
2 24 .977 -11.382 3.826 3.68 -11.175 2.278
2 24 7.65 -11.314 2.601 4.729 -11.752 3.999
2 24 6.415 -10.807 1.718 8.237 -10.423 .528
2 24 9.619 -10.852 .841 7.65 -11.314 2.601
2 24 9.162 -10.097 .001 9.619 -10.852 .841
2 24 8.237 -10.423 .528 9.162 -10.097 .001
2 24 10.316 -10.371 1.434 9.619 -10.852 .841
2 24 9.162 -10.097 .001 10.734 -8.446 1.056
2 24 10.734 -8.446 1.056 10.316 -10.371 1.434
2 24 9.426 -10.524 3.351 10.316 -10.371 1.434
2 24 10.5 -8.02 2.471 10.042 -8.324 3.463
2 24 10.734 -8.446 1.056 10.5 -8.02 2.471
2 24 10.042 -8.324 3.463 9.886 -7.896 4.249
2 24 9.886 -7.896 4.249 9.276 -8.573 4.682
2 24 9.276 -8.573 4.682 7.266 -8.881 6.554
2 24 5.325 -10.862 6.638 9.426 -10.524 3.351
2 24 7.266 -8.881 6.554 6.569 -8.979 7.089
2 24 6.569 -8.979 7.089 5.801 -9.572 7.309
2 24 5.801 -9.572 7.309 .933 -9.492 7.194
2 24 .933 -9.492 7.194 .483 -9.864 6.295
2 24 .483 -9.864 6.295 5.325 -10.862 6.638
2 24 .483 -9.864 6.295 .207 -10.463 5.279
2 24 .207 -10.463 5.279 .977 -11.382 3.826
2 24 5.652 -5.713 -10.74 8.25 -7.012 -7.918
2 24 5.796 -8.667 -7.323 3.21 -7.436 -9.968
2 24 8.018 -10.229 -.798 5.796 -8.667 -7.323
2 24 8.25 -7.012 -7.918 9.151 -9.928 -.318
2 24 8.237 -10.423 .528 8.018 -10.229 -.798
2 24 9.151 -9.928 -.318 9.162 -10.097 .001
2 24 1.591 -2.895 -13.653 5.652 -5.713 -10.74
2 24 3.21 -7.436 -9.968 -.34 -4.383 -12.946
2 24 -.605 -.661 -14.864 1.591 -2.895 -13.653
2 24 -.34 -4.383 -12.946 -2.221 -1.197 -14.475
2 24 -2.221 -1.197 -14.475 -2.852 5.697 -14.154
2 24 -2.852 5.697 -14.154 -1.857 5.904 -14.353
2 24 -1.857 5.904 -14.353 -.605 -.661 -14.864
2 24 -1.428 -5.644 -11.166 -3.495 -1.107 -13.418
2 24 -3.495 -1.107 -13.418 -3.796 3.279 -12.066
2 24 -3 5.716 -12.404 -2.852 5.697 -14.154
2 24 2.311 -1.427 -13.212 7.073 -3.624 -10.178
2 24 .526 .038 -14.352 2.311 -1.427 -13.212
2 24 -.708 4.975 -14.533 .526 .038 -14.352
2 24 -1.857 5.904 -14.353 -.708 4.975 -14.533
2 24 7.073 -3.624 -10.178 9.704 -5.258 -6.837
2 24 9.704 -5.258 -6.837 9.151 -9.928 -.318
2 24 -3.447 -5.963 -10.894 -4.712 -1.328 -13.213
2 24 -4.712 -1.328 -13.213 -8.826 3.497 -12.212
2 24 -8.826 3.497 -12.212 -11.81 8.271 -9.983
2 24 -11.81 8.271 -9.983 -11.487 13.16 -9.284
2 24 -11.487 13.16 -9.284 -9.844 13.114 -8.217
2 24 -4.284 -7.005 -9.699 -6.569 -2.571 -11.305
2 24 -6.569 -2.571 -11.305 -10.074 2.039 -10.498
2 24 -10.074 2.039 -10.498 -12.131 5.438 -9.26
2 24 -12.131 5.438 -9.26 -12.819 5.061 -8.299
2 24 -14.404 8.051 -5.255 -12.108 13.523 -8.593
2 24 -13.967 1.905 -4.95 -14.404 8.051 -5.255
2 24 -12.819 5.061 -8.299 -12.481 .221 -6.817
2 24 -13.473 -.132 -5.107 -13.967 1.905 -4.95
2 24 -11.514 -2.981 -6.272 -13.473 -.132 -5.107
2 24 -12.481 .221 -6.817 -10.266 -4.491 -7.145
2 24 -10.266 -4.491 -7.145 -11.514 -2.981 -6.272
2 24 -12.108 13.523 -8.593 -11.487 13.16 -9.284
2 24 -4.813 -11.693 -3.58 -3.798 -12.277 -3.147
2 24 -3.798 -12.277 -3.147 -3.959 -12.425 -2.035
2 24 -5.718 -11.48 -2.032 -4.813 -11.693 -3.58
2 24 -3.959 -12.425 -2.035 -5.215 -11.8 -1.357
2 24 -5.215 -11.8 -1.357 -5.718 -11.48 -2.032
2 24 -5.718 -11.48 -2.032 -6.666 -9.761 -1.91
2 24 -6.666 -9.761 -1.91 -4.675 -10.085 -4.571
2 24 -4.675 -10.085 -4.571 -4.813 -11.693 -3.58
2 24 -3.583 -10.057 1.245 -6.666 -9.761 -1.91
2 24 -5.215 -11.8 -1.357 -3.013 -11.062 1.081
2 24 -3.014 -10.1 2.417 -3.583 -10.057 1.245
2 24 -3.013 -11.062 1.081 -1.956 -11.017 2.822
2 24 -2.707 -10.474 3.036 -3.014 -10.1 2.417
2 24 -1.956 -11.017 2.822 -2.707 -10.474 3.036
2 24 -4.813 -11.693 -3.58 -2.896 -11.546 -3.709
2 24 -2.896 -11.546 -3.709 -3.798 -12.277 -3.147
2 24 -7.076 -7.357 -7.295 -2.837 -9.441 -4.534
2 24 -2.837 -9.441 -4.534 -4.675 -10.085 -4.571
2 24 -2.837 -9.441 -4.534 -2.896 -11.546 -3.709
2 24 -4.675 -10.085 -4.571 -7.721 -8.199 -6.53
2 24 -7.721 -8.199 -6.53 -10.919 -5.522 -6.148
2 24 -10.266 -4.491 -7.145 -7.076 -7.357 -7.295
2 24 -10.919 -5.522 -6.148 -12.373 -3.623 -5.318
2 24 -12.373 -3.623 -5.318 -13.473 -.132 -5.107
2 24 -2.837 -9.441 -4.534 .578 -10.154 -2.907
2 24 1.698 -11.26 -.816 -2.896 -11.546 -3.709
2 24 3.059 -10.862 .004 1.698 -11.26 -.816
2 24 -1.333 -11.946 .714 -3.959 -12.425 -2.035
2 24 -.229 -11.516 3.361 -1.333 -11.946 .714
2 24 .977 -11.382 3.826 -.229 -11.516 3.361
2 24 -6.37 -7.418 -8.613 -2.202 -9.286 -5.852
2 24 -2.202 -9.286 -5.852 .753 -10.119 -3.289
2 24 -9.87 -4.136 -9.311 -6.37 -7.418 -8.613
2 24 -12.277 .066 -8.318 -9.87 -4.136 -9.311
2 24 -12.686 4.176 -8.459 -12.277 .066 -8.318
2 24 -12.368 4.608 -8.982 -12.686 4.176 -8.459
2 24 -12.131 5.438 -9.26 -12.368 4.608 -8.982
2 24 -8.445 -3.107 -11.1 -4.284 -7.005 -9.699
2 24 -11.216 .923 -10.029 -8.445 -3.107 -11.1
2 24 -12.368 4.608 -8.982 -11.216 .923 -10.029
2 24 -7.062 -9.276 -1.505 -9.381 -7.995 -2.964
2 24 -9.381 -7.995 -2.964 -11.646 -5.341 -3.217
2 24 -11.646 -5.341 -3.217 -12.793 -3.377 -2.969
2 24 -12.793 -3.377 -2.969 -13.781 .129 -4.072
2 24 -13.781 .129 -4.072 -13.473 -.132 -5.107
2 24 -4.936 -9.471 1.711 -7.062 -9.276 -1.505
2 24 -4.144 -9.877 2.818 -4.936 -9.471 1.711
2 24 -3.014 -10.1 2.417 -4.144 -9.877 2.818
2 24 -9.519 -6.508 -1.509 -11.533 -4.935 -2.605
2 24 -7.59 -7.882 -.201 -9.519 -6.508 -1.509
2 24 -4.936 -9.471 1.711 -7.59 -7.882 -.201
2 24 -11.533 -4.935 -2.605 -12.793 -3.377 -2.969
2 24 -.229 -11.516 3.361 -1.956 -11.017 2.822
2 24 .207 -10.463 5.279 -.353 -10.601 5.206
2 24 -.353 -10.601 5.206 -.229 -11.516 3.361
2 24 -.353 -10.601 5.206 -2.707 -10.474 3.036
2 24 -7.383 -10.314 9.433 -7.163 -9.332 10.306
2 24 -7.163 -9.332 10.306 -8.291 -8.905 9.811
2 24 -8.291 -8.905 9.811 -8.403 -9.559 9.081
2 24 -8.403 -9.559 9.081 -7.383 -10.314 9.433
2 24 -2.707 -10.474 3.036 -6.589 -9.781 5.253
2 24 -6.909 -8.735 4.553 -4.144 -9.877 2.818
2 24 -7.978 -7.287 5.546 -6.909 -8.735 4.553
2 24 -6.589 -9.781 5.253 -8.185 -9.337 7.693
2 24 -8.185 -9.337 7.693 -7.978 -7.287 5.546
2 24 -.353 -10.601 5.206 -5.247 -10.881 7.337
2 24 -5.247 -10.881 7.337 -7.383 -10.314 9.433
2 24 -8.403 -9.559 9.081 -8.185 -9.337 7.693
2 24 -8.291 -8.905 9.811 -8.603 -7.085 8.699
2 24 -8.603 -7.085 8.699 -7.978 -7.287 5.546
2 24 -7.163 -9.332 10.306 -7.44 -6.373 9.587
2 24 -7.44 -6.373 9.587 -8.603 -7.085 8.699
2 24 -6.275 -7.696 10.113 -7.44 -6.373 9.587
2 24 -5.996 -8.485 10.089 -6.275 -7.696 10.113
2 24 -4.077 -10.195 8.431 .483 -9.864 6.295
2 24 .933 -9.492 7.194 -3.774 -9.67 8.949
2 24 -3.774 -9.67 8.949 -5.996 -8.485 10.089
2 24 -7.163 -9.332 10.306 -4.077 -10.195 8.431
2 24 17.009 2.371 2.092 18.383 7.621 2.13
2 24 17.958 7.648 4.196 16.634 2.9 5.927
2 24 14.619 -3.055 4.478 17.009 2.371 2.092
2 24 16.634 2.9 5.927 13.958 -2.48 9.197
2 24 18.383 7.621 2.13 19.654 10.079 3.23
2 24 19.654 10.079 3.23 19.234 10.434 5.112
2 24 19.234 10.434 5.112 17.958 7.648 4.196
2 24 11.616 -6.564 5.428 14.619 -3.055 4.478
2 24 13.958 -2.48 9.197 10.118 -6.516 8.662
2 24 9.276 -8.573 4.682 11.616 -6.564 5.428
2 24 10.118 -6.516 8.662 7.266 -8.881 6.554
2 24 11.642 -6.005 4.177 14.386 -2.531 2.753
2 24 14.386 -2.531 2.753 16.429 2.772 .483
2 24 16.429 2.772 .483 16.729 7.425 -.143
2 24 16.729 7.425 -.143 16.761 9.332 -.1
2 24 16.761 9.332 -.1 17.512 11.559 1.2
2 24 17.512 11.559 1.2 19.344 11.902 3.261
2 24 19.344 11.902 3.261 19.654 10.079 3.23
2 24 9.886 -7.896 4.249 11.642 -6.005 4.177
2 24 14.19 -2.498 1.44 16.176 2.64 -.274
2 24 16.176 2.64 -.274 16.505 6.841 -1.644
2 24 16.505 6.841 -1.644 15.475 12.195 -4.524
2 24 15.531 13.053 -2.75 16.761 9.332 -.1
2 24 14 15.899 -5.089 15.531 13.053 -2.75
2 24 15.475 12.195 -4.524 13.932 15.041 -6.145
2 24 13.932 15.041 -6.145 14 15.899 -5.089
2 24 11.771 -6.398 3.019 14.19 -2.498 1.44
2 24 10.042 -8.324 3.463 11.771 -6.398 3.019
2 24 12.453 -4.192 .535 15.345 2.421 -1.573
2 24 11.773 -6.138 1.662 12.453 -4.192 .535
2 24 10.5 -8.02 2.471 11.773 -6.138 1.662
2 24 15.345 2.421 -1.573 15.594 6.796 -3.338
2 24 15.594 6.796 -3.338 14.385 10.926 -5.999
2 24 14.385 10.926 -5.999 13.565 12.044 -6.753
2 24 13.565 12.044 -6.753 13.932 15.041 -6.145
2 24 12.647 -3.105 -2.091 15.074 2.092 -3.283
2 24 12.453 -4.192 .535 12.647 -3.105 -2.091
2 24 15.074 2.092 -3.283 15.449 6.265 -5.433
2 24 15.449 6.265 -5.433 14.467 9.783 -7.873
2 24 14.467 9.783 -7.873 13.739 10.906 -8.594
2 24 13.739 10.906 -8.594 13.565 12.044 -6.753
2 24 11.912 -1.386 -5.275 14.045 2.397 -6.042
2 24 12.647 -3.105 -2.091 11.912 -1.386 -5.275
2 24 14.045 2.397 -6.042 14.396 5.963 -7.516
2 24 14.396 5.963 -7.516 13.55 9.202 -8.9
2 24 13.55 9.202 -8.9 13.739 10.906 -8.594
2 24 19.344 11.902 3.261 19.218 12.151 4.885
2 24 19.218 12.151 4.885 19.234 10.434 5.112
2 24 19.218 12.151 4.885 17.729 12.546 4.95
2 24 17.729 12.546 4.95 17.226 11.662 5.529
2 24 17.226 11.662 5.529 19.218 12.151 4.885
2 24 19.344 11.902 3.261 17.12 12.919 3.469
2 24 17.12 12.919 3.469 17.729 12.546 4.95
2 24 17.312 12.353 2.177 17.12 12.919 3.469
2 24 17.512 11.559 1.2 17.312 12.353 2.177
2 24 17.226 11.662 5.529 16.939 10.053 5.511
2 24 16.939 10.053 5.511 19.234 10.434 5.112
2 24 16.939 10.053 5.511 16.394 8.033 5.488
2 24 16.394 8.033 5.488 15.6 3.762 7.252
2 24 15.6 3.762 7.252 14.356 .819 9.151
2 24 14.356 .819 9.151 13.083 -1.285 9.866
2 24 13.083 -1.285 9.866 11.351 -3.381 10.129
2 24 11.351 -3.381 10.129 9.385 -6.018 9.172
2 24 9.385 -6.018 9.172 6.569 -8.979 7.089
2 24 10.734 -8.446 1.056 11.373 -7.151 .241
2 24 11.373 -7.151 .241 11.984 -3.749 -5.294
2 24 11.281 -.952 -6.096 11.912 -1.386 -5.275
2 24 9.61 .062 -8.738 11.281 -.952 -6.096
2 24 11.984 -3.749 -5.294 8.575 -1.447 -11.089
2 24 7.882 .777 -10.19 9.61 .062 -8.738
2 24 8.575 -1.447 -11.089 3.682 .345 -14.161
2 24 4.016 2.092 -12.993 7.882 .777 -10.19
2 24 3.682 .345 -14.161 2.228 1.322 -14.813
2 24 2.708 3.025 -13.685 4.016 2.092 -12.993
2 24 2.228 1.322 -14.813 .237 4.94 -14.922
2 24 .237 4.94 -14.922 1.116 4.996 -14.308
2 24 1.116 4.996 -14.308 2.708 3.025 -13.685
2 24 -.708 4.975 -14.533 .237 4.94 -14.922
2 24 11.281 -.952 -6.096 13.14 2.612 -6.797
2 24 13.14 2.612 -6.797 13.402 5.613 -8.109
2 24 13.402 5.613 -8.109 12.804 9.156 -9.224
2 24 12.804 9.156 -9.224 12.547 11.415 -8.746
2 24 12.547 11.415 -8.746 13.739 10.906 -8.594
2 24 9.61 .062 -8.738 11.943 4.14 -9.364
2 24 11.943 4.14 -9.364 11.733 9.071 -10.132
2 24 10.891 13.576 -9.97 12.547 11.415 -8.746
2 24 11.733 9.071 -10.132 10.23 13.021 -10.658
2 24 10.23 13.021 -10.658 10.891 13.576 -9.97
2 24 11.273 12.505 -6.078 13.565 12.044 -6.753
2 24 10.891 13.576 -9.97 9.656 14.053 -8.499
2 24 11.615 15.108 -5.568 13.932 15.041 -6.145
2 24 16.482 14.339 -1.333 17.512 11.559 1.2
2 24 14.149 17.337 -4.164 16.482 14.339 -1.333
2 24 14 15.899 -5.089 14.149 17.337 -4.164
2 24 15.943 15.583 .835 17.312 12.353 2.177
2 24 14.471 17.837 -2.149 15.943 15.583 .835
2 24 14.149 17.337 -4.164 14.471 17.837 -2.149
2 24 16.48 15.496 3.989 17.12 12.919 3.469
2 24 14.749 18.359 -.863 16.48 15.496 3.989
2 24 14.471 17.837 -2.149 14.749 18.359 -.863
2 24 17.702 19.588 9.927 16.929 18.683 11.272
2 24 16.929 18.683 11.272 17.425 16.956 11.022
2 24 18.858 18.285 9.168 17.702 19.588 9.927
2 24 17.425 16.956 11.022 15.684 11.743 8.494
2 24 17.729 12.546 4.95 18.858 18.285 9.168
2 24 15.684 11.743 8.494 15.346 7.755 8.205
2 24 15.346 7.755 8.205 15.058 4.062 8.654
2 24 15.058 4.062 8.654 14.412 1.95 9.389
2 24 14.412 1.95 9.389 14.356 .819 9.151
2 24 17.629 19.27 8.775 17.702 19.588 9.927
2 24 16.48 15.496 3.989 17.629 19.27 8.775
2 24 15.482 19.763 9.396 17.702 19.588 9.927
2 24 11.07 17.988 6.383 15.482 19.763 9.396
2 24 16.48 15.496 3.989 12.204 15.64 4.003
2 24 14.471 17.837 -2.149 12.598 17.856 -2.02
2 24 13 19 0 14.749 18.359 -.863
2 24 14.446 7.682 8.948 14.412 1.95 9.389
2 24 14.248 11.686 9.249 14.446 7.682 8.948
2 24 14.691 16.806 11.304 14.248 11.686 9.249
2 24 16.929 18.683 11.272 15.079 18.753 11.415
2 24 15.079 18.753 11.415 14.691 16.806 11.304
2 24 15.482 19.763 9.396 15.079 18.753 11.415
2 24 15.138 22.423 10.81 14.054 19.539 12.831
2 24 15.482 19.763 9.396 15.138 22.423 10.81
2 24 14.054 19.539 12.831 12.952 16.095 13.753
2 24 12.952 16.095 13.753 13.231 11.032 13.053
2 24 13.231 11.032 13.053 13.915 6.097 11.794
2 24 13.915 6.097 11.794 13.822 1.428 10.802
2 24 13.822 1.428 10.802 11.928 -2.161 10.642
2 24 11.928 -2.161 10.642 11.351 -3.381 10.129
2 24 11.043 9.817 15.065 12.155 7.823 13.932
2 24 12.155 7.823 13.932 11.901 10.412 13.813
2 24 11.901 10.412 13.813 11.181 11.057 14.435
2 24 8.124 12.213 16.627 11.043 9.817 15.065
2 24 11.181 11.057 14.435 7.337 16.996 15.358
2 24 5.165 18.58 15.596 6.483 13.823 16.815
2 24 7.337 16.996 15.358 6.744 20.819 14.874
2 24 3.229 21.324 16.045 2.031 16.531 16.358
2 24 7.745 11.277 17.511 8.124 12.213 16.627
2 24 6.483 13.823 16.815 7.745 11.277 17.511
2 24 4.612 13.791 16.883 5.165 18.58 15.596
2 24 2.031 16.531 16.358 3.969 12.652 17.706
2 24 3.969 12.652 17.706 4.612 13.791 16.883
2 24 6.744 20.819 14.874 5.918 23.183 16.265
2 24 5.918 23.183 16.265 4.909 23.159 16.554
2 24 4.909 23.159 16.554 3.229 21.324 16.045
2 24 12.155 7.823 13.932 12.709 6.058 13.177
2 24 10.405 13.587 14.035 11.901 10.412 13.813
2 24 10.955 16.475 13.894 10.405 13.587 14.035
2 24 12.576 20.476 13.047 10.955 16.475 13.894
2 24 15.138 22.423 10.81 13.5 23.329 11.121
2 24 13.5 23.329 11.121 12.576 20.476 13.047
2 24 12.709 6.058 13.177 12.903 1.565 11.843
2 24 12.903 1.565 11.843 11.928 -2.161 10.642
2 24 9.384 11.268 17.613 8.124 12.213 16.627
2 24 7.745 11.277 17.511 9.117 10.843 17.965
2 24 9.117 10.843 17.965 9.384 11.268 17.613
2 24 10.405 13.587 14.035 9.529 15.037 13.745
2 24 9.529 15.037 13.745 8.384 17.445 13.512
2 24 8.384 17.445 13.512 8.005 21.167 13.067
2 24 8.005 21.167 13.067 7.903 22.527 12.801
2 24 7.903 22.527 12.801 6.075 24.114 15.327
2 24 6.075 24.114 15.327 5.918 23.183 16.265
2 24 9.801 16.483 13.436 9.529 15.037 13.745
2 24 11.305 21.195 12.622 9.801 16.483 13.436
2 24 12.089 23.184 11.778 11.305 21.195 12.622
2 24 13.5 23.329 11.121 12.089 23.184 11.778
2 24 9.801 16.483 13.436 9.236 18.314 13.091
2 24 9.236 18.314 13.091 9.802 21.782 13.476
2 24 9.802 21.782 13.476 10.535 24.122 12.525
2 24 10.535 24.122 12.525 7.903 22.527 12.801
2 24 12.089 23.184 11.778 10.535 24.122 12.525
2 24 4.909 23.159 16.554 4.448 24.375 15.56
2 24 4.448 24.375 15.56 .725 22.061 14.225
2 24 .725 22.061 14.225 .607 17.119 15.446
2 24 .607 17.119 15.446 2.031 16.531 16.358
2 24 6.075 24.114 15.327 4.448 24.375 15.56
2 24 3.969 12.652 17.706 4.942 13.271 18.504
2 24 5.466 14.112 16.686 4.612 13.791 16.883
2 24 4.942 13.271 18.504 6.483 13.823 16.815
2 24 6.483 13.823 16.815 5.466 14.112 16.686
2 24 4.942 13.271 18.504 6.434 10.697 19.203
2 24 9.67 5.394 17.272 7.745 11.277 17.511
2 24 6.434 10.697 19.203 7.662 4.172 18.873
2 24 9.242 .27 16.558 9.67 5.394 17.272
2 24 7.662 4.172 18.873 7.596 -.131 17.727
2 24 8.14 -2.935 14.816 9.242 .27 16.558
2 24 7.596 -.131 17.727 6.778 -3.111 15.652
2 24 7.135 -4.393 13.74 8.14 -2.935 14.816
2 24 6.778 -3.111 15.652 5.707 -4.487 14.134
2 24 5.707 -4.487 14.134 3.445 -6.272 13.04
2 24 3.445 -6.272 13.04 7.135 -4.393 13.74
2 24 3.969 12.652 17.706 4.487 9.892 18.058
2 24 4.487 9.892 18.058 4.377 5.987 17.911
2 24 4.377 5.987 17.911 5.613 -.151 17.379
2 24 5.613 -.151 17.379 5.795 -2.858 15.835
2 24 5.795 -2.858 15.835 5.707 -4.487 14.134
2 24 10.647 7.655 17.54 9.117 10.843 17.965
2 24 11.158 5.84 17.157 10.647 7.655 17.54
2 24 10.819 .004 15.958 11.158 5.84 17.157
2 24 9.771 -3.032 14.444 10.819 .004 15.958
2 24 7.135 -4.393 13.74 9.771 -3.032 14.444
2 24 11.38 8.74 16.723 9.384 11.268 17.613
2 24 12.698 5.196 14.889 11.38 8.74 16.723
2 24 11.158 5.84 17.157 12.051 4.654 16.036
2 24 12.66 1.16 13.004 12.698 5.196 14.889
2 24 12.051 4.654 16.036 11.735 .579 14.488
2 24 11.735 .579 14.488 10.574 -2.729 13.561
2 24 10.574 -2.729 13.561 10.636 -3.842 12.178
2 24 10.998 -3.723 11.085 12.66 1.16 13.004
2 24 10.636 -3.842 12.178 9.173 -6.075 9.64
2 24 9.173 -6.075 9.64 10.998 -3.723 11.085
2 24 9.173 -6.075 9.64 5.801 -9.572 7.309
2 24 9.771 -3.032 14.444 10.574 -2.729 13.561
2 24 8.858 -6.92 10.052 5.801 -9.572 7.309
2 24 10.529 -4.393 12.759 8.858 -6.92 10.052
2 24 10.405 -3.718 13.73 10.529 -4.393 12.759
2 24 9.747 -3.837 14.143 10.405 -3.718 13.73
2 24 7.533 -5.508 13.631 9.747 -3.837 14.143
2 24 7.135 -4.393 13.74 1.671 -7.094 11.884
2 24 1.671 -7.094 11.884 7.533 -5.508 13.631
2 24 8.464 -6.146 13.007 10.405 -3.718 13.73
2 24 2.775 -8.784 11.105 8.464 -6.146 13.007
2 24 1.671 -7.094 11.884 .494 -8.304 9.869
2 24 .494 -8.304 9.869 .946 -9.341 8.023
2 24 .946 -9.341 8.023 2.775 -8.784 11.105
2 24 .946 -9.341 8.023 .933 -9.492 7.194
2 24 .946 -9.341 8.023 -2.441 -8.785 10.596
2 24 -2.441 -8.785 10.596 -5.519 -7.297 10.653
2 24 -5.519 -7.297 10.653 -6.275 -7.696 10.113
2 24 .494 -8.304 9.869 -2.054 -7.984 10.894
2 24 -2.054 -7.984 10.894 -3.313 -7.311 11.062
2 24 -3.313 -7.311 11.062 -4.656 -6.883 11.107
2 24 -4.656 -6.883 11.107 -5.792 -6.6 10.729
2 24 -5.792 -6.6 10.729 -7.44 -6.373 9.587
2 24 -4.144 -9.877 2.818 -10.184 -6.996 .965
2 24 -10.184 -6.996 .965 -12.806 -4.605 -.341
2 24 -12.806 -4.605 -.341 -15.531 2.044 -2.534
2 24 -14.349 2.089 -4.101 -13.781 .129 -4.072
2 24 -14.252 8.237 -4.229 -14.349 2.089 -4.101
2 24 -15.531 2.044 -2.534 -16.927 7.974 -1.948
2 24 -16.384 10.201 -1.881 -14.252 8.237 -4.229
2 24 -16.927 7.974 -1.948 -18.29 10.068 -.484
2 24 -18.29 10.068 -.484 -18.039 10.999 -.432
2 24 -18.039 10.999 -.432 -16.384 10.201 -1.881
2 24 -6.909 -8.735 4.553 -10.947 -5.869 4.061
2 24 -10.947 -5.869 4.061 -13.539 -2.867 3.381
2 24 -13.539 -2.867 3.381 -15.289 1.485 1.185
2 24 -15.289 1.485 1.185 -16.476 7.432 .743
2 24 -16.476 7.432 .743 -17.97 10.148 1.295
2 24 -17.97 10.148 1.295 -18.29 10.068 -.484
2 24 -7.978 -7.287 5.546 -10.9 -5.1 5.245
2 24 -10.9 -5.1 5.245 -13.182 -2.05 4.835
2 24 -13.182 -2.05 4.835 -14.883 2.254 2.158
2 24 -14.883 2.254 2.158 -15.932 7.488 1.49
2 24 -15.932 7.488 1.49 -16.063 9.791 2.556
2 24 -16.063 9.791 2.556 -17.97 10.148 1.295
2 24 -8.603 -7.085 8.699 -10.743 -4.498 9.362
2 24 -10.743 -4.498 9.362 -13.477 -.656 8.594
2 24 -13.477 -.656 8.594 -14.795 3.217 5.921
2 24 -14.795 3.217 5.921 -16.063 9.791 2.556
2 24 -7.44 -6.373 9.587 -9.72 -3.849 10.795
2 24 -9.72 -3.849 10.795 -12.323 -.535 10.248
2 24 -12.323 -.535 10.248 -13.369 .882 9.303
2 24 -13.369 .882 9.303 -14.484 4.015 6.74
2 24 -14.484 4.015 6.74 -15.457 10.353 3.853
2 24 -16.237 12.984 3.601 -16.063 9.791 2.556
2 24 -15.457 10.353 3.853 -16.237 12.984 3.601
2 24 -17.97 10.148 1.295 -18.23 11.946 .88
2 24 -18.23 11.946 .88 -18.039 10.999 -.432
2 24 -16.857 12.898 1.25 -18.23 11.946 .88
2 24 -16.063 9.791 2.556 -16.857 12.898 1.25
2 24 -17.788 15.11 2.492 -16.857 12.898 1.25
2 24 -18.046 15.696 3.964 -17.788 15.11 2.492
2 24 -17.38 15.382 5.323 -18.046 15.696 3.964
2 24 -15.113 10.219 5.789 -17.38 15.382 5.323
2 24 -13.914 2.737 9.242 -15.113 10.219 5.789
2 24 -13.369 .882 9.303 -13.914 2.737 9.242
2 24 -12.323 -.535 10.248 -13.581 3.688 10.033
2 24 -13.581 3.688 10.033 -14.397 10.597 6.612
2 24 -14.397 10.597 6.612 -17.38 15.382 5.323
2 24 -14.397 10.597 6.612 -15.91 17.242 4.826
2 24 -15.91 17.242 4.826 -17.38 15.382 5.323
2 24 -16.973 16.736 3.508 -18.046 15.696 3.964
2 24 -15.91 17.242 4.826 -16.973 16.736 3.508
2 24 -17.788 15.11 2.492 -15.835 15.682 1.502
2 24 -15.672 12.839 .265 -16.857 12.898 1.25
2 24 -15.835 15.682 1.502 -12.768 14.811 1.167
2 24 -13 12.169 0 -15.672 12.839 .265
2 24 -15.91 17.242 4.826 -14.639 16.908 3.365
2 24 -14.639 16.908 3.365 -12.432 16.686 2.857
2 24 -12.292 8.727 -3.563 -16.384 10.201 -1.881
2 24 -8.655 4.69 16.146 -8.971 6.653 15.514
2 24 -8.971 6.653 15.514 -11.039 4.347 16.661
2 24 -8.639 2.305 15.661 -8.655 4.69 16.146
2 24 -11.039 4.347 16.661 -10.092 1.196 15.676
2 24 -6.851 -2.924 14.486 -8.639 2.305 15.661
2 24 -10.092 1.196 15.676 -7.355 -4.063 14.133
2 24 -7.355 -4.063 14.133 -5.178 -5.887 12.486
2 24 -5.178 -5.887 12.486 -4.142 -6.062 12.493
2 24 -4.142 -6.062 12.493 -6.851 -2.924 14.486
2 24 -8.655 4.69 16.146 -7.819 7.884 17.25
2 24 -7.219 10.244 16.334 -8.971 6.653 15.514
2 24 -7.819 7.884 17.25 -5.141 12.792 17.808
2 24 -5.472 13.159 16.535 -7.219 10.244 16.334
2 24 -5.141 12.792 17.808 -4.178 13.218 17.912
2 24 -4.178 13.218 17.912 -4.14 13.699 16.301
2 24 -4.14 13.699 16.301 -5.472 13.159 16.535
2 24 -6.509 2.685 16.979 -4.542 -2.215 16.05
2 24 -4.085 -.88 17.493 -5.417 2.957 18.313
2 24 -6.94 6.973 17.862 -6.509 2.685 16.979
2 24 -5.417 2.957 18.313 -6.431 7.387 18.522
2 24 -2.056 -5.234 14.591 -4.085 -.88 17.493
2 24 -4.542 -2.215 16.05 -2.056 -5.234 14.591
2 24 -6.424 9.499 18.465 -6.94 6.973 17.862
2 24 -6.431 7.387 18.522 -6.424 9.499 18.465
2 24 -6.062 -3.115 14.992 -7.809 2.288 16.272
2 24 -7.809 2.288 16.272 -7.511 7.411 17.568
2 24 -3.561 -6.055 13.215 -6.062 -3.115 14.992
2 24 -4.142 -6.062 12.493 -3.556 -6.723 11.852
2 24 -3.556 -6.723 11.852 -2.343 -7.123 12.045
2 24 -2.343 -7.123 12.045 -3.561 -6.055 13.215
2 24 -7.511 7.411 17.568 -6.424 9.499 18.465
2 24 -6.424 9.499 18.465 -5.141 12.792 17.808
2 24 .494 -8.304 9.869 -2.056 -5.234 14.591
2 24 -2.343 -7.123 12.045 -2.054 -7.984 10.894
2 24 -5.178 -5.887 12.486 -4.656 -6.883 11.107
2 24 -3.313 -7.311 11.062 -3.556 -6.723 11.852
2 24 1.671 -7.094 11.884 .385 -5.52 14.359
2 24 .385 -5.52 14.359 -2.242 -.452 18.017
2 24 -2.242 -.452 18.017 -4.005 3.722 19.007
2 24 -4.005 3.722 19.007 -4.747 7.386 19.139
2 24 -4.747 7.386 19.139 -4.178 13.218 17.912
2 24 -4.178 13.218 17.912 -3.088 12.452 17.349
2 24 -3.088 12.452 17.349 -4.14 13.699 16.301
2 24 -1.462 1.374 17.833 -2.749 4.282 18.019
2 24 -.837 -.162 17.268 -1.462 1.374 17.833
2 24 -2.749 4.282 18.019 -3.495 7.284 17.98
2 24 -3.495 7.284 17.98 -3.088 12.452 17.349
2 24 .385 -5.52 14.359 -.837 -.162 17.268
2 24 -2.526 7.105 17.842 -2.749 4.282 18.019
2 24 -1.462 1.374 17.833 -.87 7.034 19.043
2 24 -1.26 12.136 17.189 -2.526 7.105 17.842
2 24 -.87 7.034 19.043 .784 11.929 19.089
2 24 .784 11.929 19.089 .117 16.699 17.595
2 24 .117 16.699 17.595 -.95 16.821 15.806
2 24 -.95 16.821 15.806 -1.26 12.136 17.189
2 24 -3.877 19.295 15.091 -4.14 13.699 16.301
2 24 -.95 16.821 15.806 -2.402 23.045 16.939
2 24 -2.402 23.045 16.939 -4.88 23.398 16.652
2 24 -4.88 23.398 16.652 -5.632 20.932 14.901
2 24 -5.632 20.932 14.901 -5.794 18.958 14.679
2 24 -4.344 18.066 15.157 -3.877 19.295 15.091
2 24 -5.794 18.958 14.679 -6.944 13.975 15.811
2 24 -5.472 13.159 16.535 -4.344 18.066 15.157
2 24 -6.944 13.975 15.811 -7.219 10.244 16.334
2 24 .607 17.119 15.446 .723 16.825 17.333
2 24 .723 16.825 17.333 1.681 15.852 17.708
2 24 1.681 15.852 17.708 3.213 9.616 18.542
2 24 3.213 9.616 18.542 3.168 6.269 18.422
2 24 3.168 6.269 18.422 4.377 5.987 17.911
2 24 .607 17.119 15.446 -.95 16.821 15.806
2 24 .117 16.699 17.595 .723 16.825 17.333
2 24 .725 22.061 14.225 -1.892 23.957 15.85
2 24 -1.892 23.957 15.85 -2.402 23.045 16.939
2 24 -8.106 14.187 14.299 -8.971 6.653 15.514
2 24 -7.153 19.418 12.773 -8.106 14.187 14.299
2 24 -6.779 21.722 12.928 -7.153 19.418 12.773
2 24 -5.042 24.158 15.856 -6.779 21.722 12.928
2 24 -4.88 23.398 16.652 -5.042 24.158 15.856
2 24 -1.892 23.957 15.85 -5.042 24.158 15.856
2 24 -8.971 6.653 15.514 -10.373 6.168 15.349
2 24 -10.373 6.168 15.349 -11.894 4.756 13.649
2 24 -11.894 4.756 13.649 -11.69 2.889 14.664
2 24 -11.69 2.889 14.664 -11.039 4.347 16.661
2 24 -11.279 1.256 14.004 -11.69 2.889 14.664
2 24 -11.894 4.756 13.649 -11.776 2.127 13.117
2 24 -11.776 2.127 13.117 -8.024 -4.903 11.326
2 24 -11.279 1.256 14.004 -8.024 -4.903 11.326
2 24 -8.024 -4.903 11.326 -5.792 -6.6 10.729
2 24 -13.7 5.498 11.61 -9.72 -3.849 10.795
2 24 -11.894 4.756 13.649 -11.123 13.065 11.72
2 24 -13.871 13.633 8.983 -13.7 5.498 11.61
2 24 -11.123 13.065 11.72 -11.199 19.009 11.023
2 24 -13.172 18.715 9.058 -11.849 15.715 10.264
2 24 -14.854 17.469 7.355 -13.871 13.633 8.983
2 24 -13.172 18.715 9.058 -15.121 21.749 8.983
2 24 -15.121 21.749 8.983 -16.668 21.965 7.878
2 24 -16.668 21.965 7.878 -14.854 17.469 7.355
2 24 -14.441 22.491 10.674 -15.121 21.749 8.983
2 24 -11.199 19.009 11.023 -12.535 22.318 11.912
2 24 -12.535 22.318 11.912 -14.441 22.491 10.674
2 24 -16.796 20.735 6.167 -15.91 17.242 4.826
2 24 -16.668 21.965 7.878 -16.796 20.735 6.167
2 24 -9.741 14.396 13.789 -9.564 19.58 12.977
2 24 -10.373 6.168 15.349 -9.741 14.396 13.789
2 24 -11.633 22.996 13.531 -12.535 22.318 11.912
2 24 -10.572 22.608 14.145 -11.633 22.996 13.531
2 24 -9.564 19.58 12.977 -10.572 22.608 14.145
2 24 -9.425 23.576 13.725 -10.572 22.608 14.145
2 24 -9.425 23.576 13.725 -10.964 24.133 13.249
2 24 -10.964 24.133 13.249 -12.35 23.384 11.217
2 24 -12.35 23.384 11.217 -12.535 22.318 11.912
2 24 -12.35 23.384 11.217 -14.029 23.252 9.721
2 24 -14.029 23.252 9.721 -14.679 22.203 8.582
2 24 -14.679 22.203 8.582 -15.121 21.749 8.983
2 24 -14.679 22.203 8.582 -16.037 22.317 7.107
2 24 -16.037 22.317 7.107 -16.668 21.965 7.878
2 24 -16.037 22.317 7.107 -15.914 21.702 5.769
2 24 -15.914 21.702 5.769 -16.796 20.735 6.167
2 24 -15.914 21.702 5.769 -12.334 18.513 3.349
2 24 -12.292 8.727 -3.563 -14.252 8.237 -4.229
2 24 -14.252 8.237 -4.229 -14.404 8.051 -5.255
2 24 -12.108 13.523 -8.593 -10.439 13.622 -7.326
2 24 3.168 6.269 18.422 3.555 4.307 20.559
2 24 3.555 4.307 20.559 4.223 4.166 20.148
2 24 4.223 4.166 20.148 4.377 5.987 17.911
2 24 4.223 4.166 20.148 4.322 -.887 18.231
2 24 4.322 -.887 18.231 4.937 -3.815 16.383
2 24 4.937 -3.815 16.383 3.445 -6.272 13.04
2 24 1.522 5.124 18.802 -.837 -.162 17.268
2 24 .372 -.93 18.35 2.297 3.667 20.411
2 24 2.297 3.667 20.411 3.555 4.307 20.559
2 24 3.168 6.269 18.422 1.522 5.124 18.802
2 24 1.012 -5.09 15.289 .372 -.93 18.35
2 24 .385 -5.52 14.359 1.012 -5.09 15.289
2 24 1.671 -7.094 11.884 3.445 -6.272 13.04
2 24 -.708 4.975 -14.533 0 5.327 -13
2 24 .941 5.154 -12.813 1.116 4.996 -14.308
2 24 -1.857 5.904 -14.353 -1.442 6.006 -12.713
2 24 8.402 1.587 -8.402 9.61 .062 -8.738
2 24 9.192 13.261 -9.192 10.23 13.021 -10.658
2 24 14.149 17.337 -4.164 12.236 17.474 -3.84
2 24 14 15.899 -5.089 12.011 16.179 -4.975
2 24 -12.011 19.411 4.975 -14.679 22.203 8.582
2 24 -12.35 23.384 11.217 -9.192 21.448 9.192
2 24 -6.779 21.722 12.928 -4.975 21.728 12.011
2 24 .725 22.061 14.225 0 22 13
2 24 7.903 22.527 12.801 6.748 22.279 10.826
2 24 10.535 24.122 12.525 8.57 22.86 9.608
2 24 12.089 23.184 11.778 9.192 22.062 9.192
2 24 10.508 20.005 7.224 15.138 22.423 10.81
2 24 -9.425 23.576 13.725 -4.975 21.728 12.011

5 24 -8.603 -7.085 8.699 -8.185 -9.337 7.693 -8.403 -9.559 9.081 -7.978 -7.287 5.546
5 24 -7.44 -6.373 9.587 -8.291 -8.905 9.811 -8.603 -7.085 8.699 -7.163 -9.332 10.306
5 24 -7.383 -10.314 9.433 -8.185 -9.337 7.693 -5.247 -10.881 7.337 -8.403 -9.559 9.081
5 24 14.467 9.783 -7.873 14.385 10.926 -5.999 13.739 10.906 -8.594 15.449 6.265 -5.433
5 24 9.385 -6.018 9.172 10.118 -6.516 8.662 7.266 -8.881 6.554 11.351 -3.381 10.129
5 24 18.858 18.285 9.168 17.629 19.27 8.775 17.702 19.588 9.927 16.48 15.496 3.989
5 24 .933 -9.492 7.194 5.325 -10.862 6.638 .483 -9.864 6.295 5.801 -9.572 7.309
5 24 17.729 12.546 4.95 16.48 15.496 3.989 18.858 18.285 9.168 17.12 12.919 3.469
5 24 2.228 1.322 -14.813 4.016 2.092 -12.993 2.708 3.025 -13.685 3.682 .345 -14.161
5 24 -15.835 15.682 1.502 -15.672 12.839 .265 -16.857 12.898 1.25 -12.768 14.811 1.167
5 24 -10.743 -4.498 9.362 -13.182 -2.05 4.835 -13.477 -.656 8.594 -10.9 -5.1 5.245
5 24 -2.242 -.452 18.017 -4.085 -.88 17.493 -2.056 -5.234 14.591 -5.417 2.957 18.313
5 24 12.698 5.196 14.889 12.903 1.565 11.843 12.66 1.16 13.004 12.709 6.058 13.177
5 24 10.636 -3.842 12.178 10.529 -4.393 12.759 10.405 -3.718 13.73 9.173 -6.075 9.64
5 24 15.6 3.762 7.252 16.634 2.9 5.927 16.394 8.033 5.488 14.356 .819 9.151
5 24 8.25 -7.012 -7.918 8.018 -10.229 -.798 9.151 -9.928 -.318 5.796 -8.667 -7.323
5 24 -15.672 12.839 .265 -18.23 11.946 .88 -18.039 10.999 -.432 -16.857 12.898 1.25
5 24 6.778 -3.111 15.652 8.14 -2.935 14.816 7.596 -.131 17.727 7.135 -4.393 13.74
5 24 -16.927 7.974 -1.948 -14.252 8.237 -4.229 -16.384 10.201 -1.881 -15.531 2.044 -2.534
5 24 -1.26 12.136 17.189 -3.088 12.452 17.349 -2.526 7.105 17.842 -.95 16.821 15.806
5 24 16.505 6.841 -1.644 16.729 7.425 -.143 16.429 2.772 .483 16.761 9.332 -.1
5 24 13.822 1.428 10.802 14.412 1.95 9.389 14.356 .819 9.151 13.915 6.097 11.794
5 24 -5.794 18.958 14.679 -7.153 19.418 12.773 -8.106 14.187 14.299 -5.632 20.932 14.901
5 24 9.529 15.037 13.745 10.955 16.475 13.894 9.801 16.483 13.436 10.405 13.587 14.035
5 24 11.305 21.195 12.622 10.535 24.122 12.525 9.802 21.782 13.476 12.089 23.184 11.778
5 24 -16.237 12.984 3.601 -18.046 15.696 3.964 -17.788 15.11 2.492 -17.38 15.382 5.323
5 24 -11.81 8.271 -9.983 -9.192 8.67 -9.192 -11.487 13.16 -9.284 -8.826 3.497 -12.212
5 24 16.48 15.496 3.989 13 19 0 12.204 15.64 4.003 14.749 18.359 -.863
5 24 -10.184 -6.996 .965 -9.519 -6.508 -1.509 -7.59 -7.882 -.201 -12.806 -4.605 -.341
5 24 -15.531 2.044 -2.534 -12.793 -3.377 -2.969 -13.781 .129 -4.072 -12.806 -4.605 -.341
5 24 -4.975 4 -12.011 -4.712 -1.328 -13.213 -3.796 3.279 -12.066 -8.826 3.497 -12.212
5 24 11.733 9.071 -10.132 12.547 11.415 -8.746 12.804 9.156 -9.224 10.891 13.576 -9.97
5 24 -12.277 .066 -8.318 -11.216 .923 -10.029 -9.87 -4.136 -9.311 -12.686 4.176 -8.459
5 24 -16.796 20.735 6.167 -16.037 22.317 7.107 -15.914 21.702 5.769 -16.668 21.965 7.878
5 24 10.819 .004 15.958 12.051 4.654 16.036 11.158 5.84 17.157 11.735 .579 14.488
5 24 4.322 -.887 18.231 3.555 4.307 20.559 2.297 3.667 20.411 4.223 4.166 20.148
5 24 2.311 -1.427 -13.212 5.652 -5.713 -10.74 1.591 -2.895 -13.653 7.073 -3.624 -10.178
5 24 .117 16.699 17.595 -1.26 12.136 17.189 .784 11.929 19.089 -.95 16.821 15.806
5 24 14.356 .819 9.151 16.634 2.9 5.927 15.6 3.762 7.252 13.958 -2.48 9.197
5 24 -10.947 -5.869 4.061 -12.806 -4.605 -.341 -13.539 -2.867 3.381 -10.184 -6.996 .965
5 24 4.485 -10.267 -6.365 1.728 -10.629 -1.944 3.059 -10.862 .004 1.54 -10.516 -5.186
5 24 11.305 21.195 12.622 9.236 18.314 13.091 9.802 21.782 13.476 9.801 16.483 13.436
5 24 5.066 -9.083 -6.853 3.21 -7.436 -9.968 2.095 -7.837 -9.171 5.796 -8.667 -7.323
5 24 9.151 -9.928 -.318 11.373 -7.151 .241 10.734 -8.446 1.056 9.704 -5.258 -6.837
5 24 17.629 19.27 8.775 15.482 19.763 9.396 11.07 17.988 6.383 17.702 19.588 9.927
5 24 3.229 21.324 16.045 5.165 18.58 15.596 6.744 20.819 14.874 2.031 16.531 16.358
5 24 3.213 9.616 18.542 4.377 5.987 17.911 3.168 6.269 18.422 4.487 9.892 18.058
5 24 -10.919 -5.522 -6.148 -10.266 -4.491 -7.145 -7.076 -7.357 -7.295 -11.514 -2.981 -6.272
5 24 -3.585 -7.781 -10.787 -1.114 -8.864 -7.065 -.464 -9.138 -7.98 -4.284 -7.005 -9.699
5 24 7.596 -.131 17.727 8.14 -2.935 14.816 9.242 .27 16.558 6.778 -3.111 15.652
5 24 -11.849 15.715 10.264 -13.871 13.633 8.983 -11.123 13.065 11.72 -14.854 17.469 7.355
5 24 -13.581 3.688 10.033 -15.113 10.219 5.789 -14.397 10.597 6.612 -13.914 2.737 9.242
5 24 11.901 10.412 13.813 11.043 9.817 15.065 12.155 7.823 13.932 11.181 11.057 14.435
5 24 -7.809 2.288 16.272 -8.639 2.305 15.661 -6.851 -2.924 14.486 -8.655 4.69 16.146
5 24 -11.199 19.009 11.023 -9.741 14.396 13.789 -9.564 19.58 12.977 -11.123 13.065 11.72
5 24 -13.539 -2.867 3.381 -12.806 -4.605 -.341 -15.289 1.485 1.185 -10.947 -5.869 4.061
5 24 -6.94 6.973 17.862 -7.511 7.411 17.568 -6.509 2.685 16.979 -6.424 9.499 18.465
5 24 1.591 -2.895 -13.653 2.311 -1.427 -13.212 .526 .038 -14.352 5.652 -5.713 -10.74
5 24 -6.509 2.685 16.979 -7.511 7.411 17.568 -7.809 2.288 16.272 -6.94 6.973 17.862
5 24 5.325 -10.862 6.638 7.65 -11.314 2.601 9.426 -10.524 3.351 4.729 -11.752 3.999
5 24 -.229 -11.516 3.361 -2.707 -10.474 3.036 -.353 -10.601 5.206 -1.956 -11.017 2.822
5 24 -.605 -.661 -14.864 -.708 4.975 -14.533 .526 .038 -14.352 -1.857 5.904 -14.353
5 24 -8.826 3.497 -12.212 -9.192 8.67 -9.192 -4.975 4 -12.011 -11.81 8.271 -9.983
5 24 -3.959 -12.425 -2.035 -4.813 -11.693 -3.58 -5.718 -11.48 -2.032 -3.798 -12.277 -3.147
5 24 -12.368 4.608 -8.982 -10.074 2.039 -10.498 -11.216 .923 -10.029 -12.131 5.438 -9.26
5 24 -2.441 -8.785 10.596 -3.774 -9.67 8.949 .946 -9.341 8.023 -5.519 -7.297 10.653
5 24 -2.242 -.452 18.017 -5.417 2.957 18.313 -4.005 3.722 19.007 -4.085 -.88 17.493
5 24 12.547 11.415 -8.746 11.273 12.505 -6.078 13.565 12.044 -6.753 9.656 14.053 -8.499
5 24 -6.666 -9.761 -1.91 -4.813 -11.693 -3.58 -4.675 -10.085 -4.571 -5.718 -11.48 -2.032
5 24 -4.005 3.722 19.007 -6.431 7.387 18.522 -5.417 2.957 18.313 -4.747 7.386 19.139
5 24 -14.883 2.254 2.158 -15.289 1.485 1.185 -13.539 -2.867 3.381 -16.476 7.432 .743
5 24 -13.369 .882 9.303 -13.581 3.688 10.033 -13.914 2.737 9.242 -12.323 -.535 10.248
5 24 -12.806 -4.605 -.341 -12.793 -3.377 -2.969 -11.533 -4.935 -2.605 -15.531 2.044 -2.534
5 24 8.575 -1.447 -11.089 7.882 .777 -10.19 9.61 .062 -8.738 3.682 .345 -14.161
5 24 -8.185 -9.337 7.693 -5.247 -10.881 7.337 -6.589 -9.781 5.253 -7.383 -10.314 9.433
5 24 19.654 10.079 3.23 17.958 7.648 4.196 19.234 10.434 5.112 18.383 7.621 2.13
5 24 16.505 6.841 -1.644 16.761 9.332 -.1 15.475 12.195 -4.524 16.729 7.425 -.143
5 24 8.575 -1.447 -11.089 9.61 .062 -8.738 11.984 -3.749 -5.294 7.882 .777 -10.19
5 24 -4.142 -6.062 12.493 -6.062 -3.115 14.992 -3.561 -6.055 13.215 -6.851 -2.924 14.486
5 24 -9.381 -7.995 -2.964 -7.59 -7.882 -.201 -9.519 -6.508 -1.509 -7.062 -9.276 -1.505
5 24 -6.37 -7.418 -8.613 -4.284 -7.005 -9.699 -2.202 -9.286 -5.852 -8.445 -3.107 -11.1
5 24 -12.806 -4.605 -.341 -11.533 -4.935 -2.605 -9.519 -6.508 -1.509 -12.793 -3.377 -2.969
5 24 10.508 20.005 7.224 13.5 23.329 11.121 15.138 22.423 10.81 9.192 22.062 9.192
5 24 .723 16.825 17.333 2.031 16.531 16.358 .607 17.119 15.446 1.681 15.852 17.708
5 24 17.629 19.27 8.775 12.011 16.528 4.975 16.48 15.496 3.989 11.07 17.988 6.383
5 24 13.739 10.906 -8.594 14.385 10.926 -5.999 13.565 12.044 -6.753 14.467 9.783 -7.873
5 24 -5.632 20.932 14.901 -3.877 19.295 15.091 -5.794 18.958 14.679 -2.402 23.045 16.939
5 24 .946 -9.341 8.023 -3.774 -9.67 8.949 -2.441 -8.785 10.596 .933 -9.492 7.194
5 24 -16.476 7.432 .743 -16.927 7.974 -1.948 -15.531 2.044 -2.534 -18.29 10.068 -.484
5 24 15.346 7.755 8.205 16.939 10.053 5.511 15.684 11.743 8.494 16.394 8.033 5.488
5 24 6.434 10.697 19.203 7.745 11.277 17.511 4.942 13.271 18.504 9.67 5.394 17.272
5 24 16.505 6.841 -1.644 16.429 2.772 .483 16.176 2.64 -.274 16.729 7.425 -.143
5 24 13.915 6.097 11.794 12.155 7.823 13.932 12.709 6.058 13.177 13.231 11.032 13.053
5 24 3.555 4.307 20.559 1.522 5.124 18.802 2.297 3.667 20.411 3.168 6.269 18.422
5 24 -.87 7.034 19.043 1.522 5.124 18.802 -1.462 1.374 17.833 3.168 6.269 18.422
5 24 2.095 -7.837 -9.171 1.481 -8.782 -9.151 -1.428 -5.644 -11.166 5.066 -9.083 -6.853
5 24 -3.495 7.284 17.98 -4.747 7.386 19.139 -4.005 3.722 19.007 -3.088 12.452 17.349
5 24 2.708 3.025 -13.685 3.724 2.469 -11.879 2.145 4 -12.573 4.016 2.092 -12.993
5 24 13.822 1.428 10.802 14.356 .819 9.151 13.083 -1.285 9.866 14.412 1.95 9.389
5 24 9.805 4 -8.275 10.23 13.021 -10.658 11.733 9.071 -10.132 9.192 13.261 -9.192
5 24 -5.215 -11.8 -1.357 -3.583 -10.057 1.245 -3.013 -11.062 1.081 -6.666 -9.761 -1.91
5 24 15.346 7.755 8.205 14.248 11.686 9.249 14.446 7.682 8.948 15.684 11.743 8.494
5 24 4.448 24.375 15.56 3.772 23.487 12.25 .725 22.061 14.225 6.075 24.114 15.327
5 24 10.647 7.655 17.54 11.38 8.74 16.723 9.117 10.843 17.965 11.158 5.84 17.157
5 24 -7.219 10.244 16.334 -8.106 14.187 14.299 -8.971 6.653 15.514 -6.944 13.975 15.811
5 24 -9.381 -7.995 -2.964 -10.919 -5.522 -6.148 -11.646 -5.341 -3.217 -7.721 -8.199 -6.53
5 24 16.929 18.683 11.272 14.691 16.806 11.304 15.079 18.753 11.415 17.425 16.956 11.022
5 24 15.345 2.421 -1.573 16.505 6.841 -1.644 16.176 2.64 -.274 15.594 6.796 -3.338
5 24 7.533 -5.508 13.631 2.775 -8.784 11.105 8.464 -6.146 13.007 1.671 -7.094 11.884
5 24 -14.484 4.015 6.74 -16.063 9.791 2.556 -14.795 3.217 5.921 -15.457 10.353 3.853
5 24 -8.445 -3.107 -11.1 -10.074 2.039 -10.498 -6.569 -2.571 -11.305 -11.216 .923 -10.029
5 24 -14.795 3.217 5.921 -13.182 -2.05 4.835 -14.883 2.254 2.158 -13.477 -.656 8.594
5 24 -12.323 -.535 10.248 -13.477 -.656 8.594 -10.743 -4.498 9.362 -13.369 .882 9.303
5 24 -8.445 -3.107 -11.1 -6.569 -2.571 -11.305 -10.074 2.039 -10.498 -4.284 -7.005 -9.699
5 24 10.508 20.005 7.224 15.482 19.763 9.396 11.07 17.988 6.383 15.138 22.423 10.81
5 24 -3.495 7.284 17.98 -4.005 3.722 19.007 -4.747 7.386 19.139 -2.749 4.282 18.019
5 24 12.952 16.095 13.753 14.691 16.806 11.304 13.231 11.032 13.053 14.054 19.539 12.831
5 24 -14.854 17.469 7.355 -16.796 20.735 6.167 -15.91 17.242 4.826 -16.668 21.965 7.878
5 24 4.72 2.128 -11.396 4.016 2.092 -12.993 3.724 2.469 -11.879 7.882 .777 -10.19
5 24 .578 -10.154 -2.907 -2.896 -11.546 -3.709 -2.837 -9.441 -4.534 1.728 -10.629 -1.944
5 24 -5.792 -6.6 10.729 -5.519 -7.297 10.653 -4.656 -6.883 11.107 -6.275 -7.696 10.113
5 24 -7.153 19.418 12.773 -9.425 23.576 13.725 -9.564 19.58 12.977 -6.779 21.722 12.928
5 24 .753 -10.119 -3.289 -2.837 -9.441 -4.534 .578 -10.154 -2.907 -2.202 -9.286 -5.852
5 24 .725 22.061 14.225 3.229 21.324 16.045 4.448 24.375 15.56 .607 17.119 15.446
5 24 11.984 -3.749 -5.294 12.647 -3.105 -2.091 11.373 -7.151 .241 11.912 -1.386 -5.275
5 24 16.761 9.332 -.1 18.383 7.621 2.13 19.654 10.079 3.23 16.729 7.425 -.143
5 24 16.176 2.64 -.274 16.429 2.772 .483 16.505 6.841 -1.644 14.19 -2.498 1.44
5 24 8.384 17.445 13.512 7.337 16.996 15.358 9.529 15.037 13.745 6.744 20.819 14.874
5 24 2.708 3.025 -13.685 2.145 4 -12.573 3.724 2.469 -11.879 1.116 4.996 -14.308
5 24 10.405 13.587 14.035 7.337 16.996 15.358 11.181 11.057 14.435 9.529 15.037 13.745
5 24 -12.806 -4.605 -.341 -9.519 -6.508 -1.509 -10.184 -6.996 .965 -11.533 -4.935 -2.605
5 24 -17.788 15.11 2.492 -16.973 16.736 3.508 -15.835 15.682 1.502 -18.046 15.696 3.964
5 24 12.051 4.654 16.036 12.66 1.16 13.004 11.735 .579 14.488 12.698 5.196 14.889
5 24 -10.9 -5.1 5.245 -10.947 -5.869 4.061 -7.978 -7.287 5.546 -13.539 -2.867 3.381
5 24 4.223 4.166 20.148 5.613 -.151 17.379 4.322 -.887 18.231 4.377 5.987 17.911
5 24 -7.153 19.418 12.773 -9.564 19.58 12.977 -9.425 23.576 13.725 -9.741 14.396 13.789
5 24 7.882 .777 -10.19 8.402 1.587 -8.402 9.61 .062 -8.738 4.72 2.128 -11.396
5 24 10.998 -3.723 11.085 9.385 -6.018 9.172 9.173 -6.075 9.64 11.351 -3.381 10.129
5 24 -2.343 -7.123 12.045 -3.313 -7.311 11.062 -3.556 -6.723 11.852 -2.054 -7.984 10.894
5 24 -.34 -4.383 -12.946 1.591 -2.895 -13.653 -.605 -.661 -14.864 3.21 -7.436 -9.968
5 24 -4.747 7.386 19.139 -6.424 9.499 18.465 -6.431 7.387 18.522 -5.141 12.792 17.808
5 24 12.66 1.16 13.004 12.903 1.565 11.843 11.928 -2.161 10.642 12.698 5.196 14.889
5 24 14.045 2.397 -6.042 15.449 6.265 -5.433 15.074 2.092 -3.283 14.396 5.963 -7.516
5 24 15.346 7.755 8.205 14.446 7.682 8.948 15.058 4.062 8.654 14.248 11.686 9.249
5 24 -3.583 -10.057 1.245 -4.936 -9.471 1.711 -4.144 -9.877 2.818 -6.666 -9.761 -1.91
5 24 -14.484 4.015 6.74 -15.113 10.219 5.789 -15.457 10.353 3.853 -13.914 2.737 9.242
5 24 11.733 9.071 -10.132 10.891 13.576 -9.97 10.23 13.021 -10.658 12.547 11.415 -8.746
5 24 14.386 -2.531 2.753 14.619 -3.055 4.478 17.009 2.371 2.092 11.642 -6.005 4.177
5 24 16.429 2.772 .483 18.383 7.621 2.13 17.009 2.371 2.092 16.729 7.425 -.143
5 24 12.804 9.156 -9.224 13.739 10.906 -8.594 12.547 11.415 -8.746 13.55 9.202 -8.9
5 24 -7.076 -7.357 -7.295 -2.202 -9.286 -5.852 -6.37 -7.418 -8.613 -2.837 -9.441 -4.534
5 24 17.226 11.662 5.529 18.858 18.285 9.168 17.425 16.956 11.022 17.729 12.546 4.95
5 24 7.337 16.996 15.358 6.483 13.823 16.815 8.124 12.213 16.627 5.165 18.58 15.596
5 24 -2.402 23.045 16.939 -5.042 24.158 15.856 -4.88 23.398 16.652 -1.892 23.957 15.85
5 24 13.565 12.044 -6.753 15.475 12.195 -4.524 14.385 10.926 -5.999 13.932 15.041 -6.145
5 24 7.135 -4.393 13.74 7.533 -5.508 13.631 9.747 -3.837 14.143 1.671 -7.094 11.884
5 24 18.383 7.621 2.13 17.958 7.648 4.196 19.654 10.079 3.23 17.009 2.371 2.092
5 24 -6.569 -2.571 -11.305 -4.712 -1.328 -13.213 -8.826 3.497 -12.212 -3.447 -5.963 -10.894
5 24 -2.526 7.105 17.842 -3.495 7.284 17.98 -2.749 4.282 18.019 -3.088 12.452 17.349
5 24 3.059 -10.862 .004 .977 -11.382 3.826 -.229 -11.516 3.361 3.68 -11.175 2.278
5 24 10.636 -3.842 12.178 12.66 1.16 13.004 10.998 -3.723 11.085 10.574 -2.729 13.561
5 24 10.819 .004 15.958 10.574 -2.729 13.561 11.735 .579 14.488 9.771 -3.032 14.444
5 24 -11.487 13.16 -9.284 -9.192 8.67 -9.192 -9.844 13.114 -8.217 -11.81 8.271 -9.983
5 24 -3.796 3.279 -12.066 -2.221 -1.197 -14.475 -3.574 4 -12.289 -3.495 -1.107 -13.418
5 24 .483 -9.864 6.295 4.729 -11.752 3.999 5.325 -10.862 6.638 .207 -10.463 5.279
5 24 -.708 4.975 -14.533 .941 5.154 -12.813 .237 4.94 -14.922 0 5.327 -13
5 24 -4.656 -6.883 11.107 -4.142 -6.062 12.493 -3.556 -6.723 11.852 -5.178 -5.887 12.486
5 24 -14.441 22.491 10.674 -12.35 23.384 11.217 -12.535 22.318 11.912 -14.029 23.252 9.721
5 24 -6.944 13.975 15.811 -8.106 14.187 14.299 -5.794 18.958 14.679 -7.219 10.244 16.334
5 24 14.396 5.963 -7.516 15.449 6.265 -5.433 14.045 2.397 -6.042 14.467 9.783 -7.873
5 24 17.425 16.956 11.022 14.691 16.806 11.304 16.929 18.683 11.272 15.684 11.743 8.494
5 24 -12.131 5.438 -9.26 -8.826 3.497 -12.212 -11.81 8.271 -9.983 -10.074 2.039 -10.498
5 24 9.207 2.469 -8.498 9.61 .062 -8.738 8.402 1.587 -8.402 11.943 4.14 -9.364
5 24 8.018 -10.229 -.798 7.231 -10.45 -.616 8.237 -10.423 .528 5.066 -9.083 -6.853
5 24 -11.776 2.127 13.117 -9.72 -3.849 10.795 -8.024 -4.903 11.326 -13.7 5.498 11.61
5 24 13.231 11.032 13.053 14.446 7.682 8.948 14.248 11.686 9.249 13.915 6.097 11.794
5 24 11.615 15.108 -5.568 14 15.899 -5.089 12.011 16.179 -4.975 13.932 15.041 -6.145
5 24 -12.819 5.061 -8.299 -12.108 13.523 -8.593 -12.131 5.438 -9.26 -14.404 8.051 -5.255
5 24 -13.871 13.633 8.983 -15.91 17.242 4.826 -14.854 17.469 7.355 -14.397 10.597 6.612
5 24 10.118 -6.516 8.662 11.616 -6.564 5.428 13.958 -2.48 9.197 9.276 -8.573 4.682
5 24 19.344 11.902 3.261 17.312 12.353 2.177 17.512 11.559 1.2 17.12 12.919 3.469
5 24 -12.535 22.318 11.912 -12.218 18.361 10.33 -14.441 22.491 10.674 -11.199 19.009 11.023
5 24 -9.87 -4.136 -9.311 -11.216 .923 -10.029 -12.277 .066 -8.318 -8.445 -3.107 -11.1
5 24 -1.428 -5.644 -11.166 3.21 -7.436 -9.968 -.34 -4.383 -12.946 2.095 -7.837 -9.171
5 24 -5.178 -5.887 12.486 -6.851 -2.924 14.486 -7.355 -4.063 14.133 -4.142 -6.062 12.493
5 24 -10.919 -5.522 -6.148 -7.076 -7.357 -7.295 -10.266 -4.491 -7.145 -7.721 -8.199 -6.53
5 24 8.237 -10.423 .528 7.231 -10.45 -.616 6.415 -10.807 1.718 8.018 -10.229 -.798
5 24 6.434 10.697 19.203 9.67 5.394 17.272 7.662 4.172 18.873 7.745 11.277 17.511
5 24 1.671 -7.094 11.884 2.775 -8.784 11.105 7.533 -5.508 13.631 .494 -8.304 9.869
5 24 .117 16.699 17.595 1.681 15.852 17.708 .784 11.929 19.089 .723 16.825 17.333
5 24 -2.707 -10.474 3.036 -4.144 -9.877 2.818 -6.589 -9.781 5.253 -3.014 -10.1 2.417
5 24 -6.062 -3.115 14.992 -4.542 -2.215 16.05 -2.056 -5.234 14.591 -7.809 2.288 16.272
5 24 15.074 2.092 -3.283 15.594 6.796 -3.338 15.345 2.421 -1.573 15.449 6.265 -5.433
5 24 13.231 11.032 13.053 14.691 16.806 11.304 12.952 16.095 13.753 14.248 11.686 9.249
5 24 17.629 19.27 8.775 11.07 17.988 6.383 15.482 19.763 9.396 12.011 16.528 4.975
5 24 -12.481 .221 -6.817 -13.967 1.905 -4.95 -13.473 -.132 -5.107 -12.819 5.061 -8.299
5 24 -13.7 5.498 11.61 -11.776 2.127 13.117 -11.894 4.756 13.649 -9.72 -3.849 10.795
5 24 -16.668 21.965 7.878 -14.679 22.203 8.582 -15.121 21.749 8.983 -16.037 22.317 7.107
5 24 -2.852 5.697 -14.154 -1.442 6.006 -12.713 -3 5.716 -12.404 -1.857 5.904 -14.353
5 24 1.591 -2.895 -13.653 .526 .038 -14.352 2.311 -1.427 -13.212 -.605 -.661 -14.864
5 24 12.66 1.16 13.004 11.928 -2.161 10.642 12.903 1.565 11.843 10.998 -3.723 11.085
5 24 -.353 -10.601 5.206 .977 -11.382 3.826 -.229 -11.516 3.361 .207 -10.463 5.279
5 24 -3.585 -7.781 -10.787 -3.447 -5.963 -10.894 -2.535 -7.381 -11.614 -4.284 -7.005 -9.699
5 24 -11.69 2.889 14.664 -11.776 2.127 13.117 -11.894 4.756 13.649 -11.279 1.256 14.004
5 24 5.801 -9.572 7.309 5.325 -10.862 6.638 .933 -9.492 7.194 6.569 -8.979 7.089
5 24 -14.029 23.252 9.721 -12.011 19.411 4.975 -9.192 21.448 9.192 -14.679 22.203 8.582
5 24 -13.182 -2.05 4.835 -13.539 -2.867 3.381 -10.9 -5.1 5.245 -14.883 2.254 2.158
5 24 6.075 24.114 15.327 6.744 20.819 14.874 7.903 22.527 12.801 5.918 23.183 16.265
5 24 -11.123 13.065 11.72 -9.741 14.396 13.789 -11.199 19.009 11.023 -10.373 6.168 15.349
5 24 -12.481 .221 -6.817 -12.277 .066 -8.318 -10.266 -4.491 -7.145 -12.686 4.176 -8.459
5 24 -7.819 7.884 17.25 -7.219 10.244 16.334 -5.141 12.792 17.808 -8.971 6.653 15.514
5 24 -3.013 -11.062 1.081 -3.014 -10.1 2.417 -3.583 -10.057 1.245 -1.956 -11.017 2.822
5 24 -10.266 -4.491 -7.145 -9.87 -4.136 -9.311 -12.277 .066 -8.318 -7.076 -7.357 -7.295
5 24 4.377 5.987 17.911 7.662 4.172 18.873 5.613 -.151 17.379 4.487 9.892 18.058
5 24 -16.973 16.736 3.508 -15.835 15.682 1.502 -17.788 15.11 2.492 -14.639 16.908 3.365
5 24 -2.221 -1.197 -14.475 -3.495 -1.107 -13.418 -.34 -4.383 -12.946 -3.796 3.279 -12.066
5 24 -2.202 -9.286 -5.852 -1.114 -8.864 -7.065 -4.284 -7.005 -9.699 .753 -10.119 -3.289
5 24 7.662 4.172 18.873 9.242 .27 16.558 7.596 -.131 17.727 9.67 5.394 17.272
5 24 13.14 2.612 -6.797 14.396 5.963 -7.516 14.045 2.397 -6.042 13.402 5.613 -8.109
5 24 -8.024 -4.903 11.326 -7.44 -6.373 9.587 -5.792 -6.6 10.729 -9.72 -3.849 10.795
5 24 7.231 -10.45 -.616 6.309 -11.013 -.303 4.485 -10.267 -6.365 6.415 -10.807 1.718
5 24 10.405 -3.718 13.73 9.771 -3.032 14.444 10.574 -2.729 13.561 9.747 -3.837 14.143
5 24 5.165 18.58 15.596 5.466 14.112 16.686 6.483 13.823 16.815 4.612 13.791 16.883
5 24 9.886 -7.896 4.249 11.771 -6.398 3.019 11.642 -6.005 4.177 10.042 -8.324 3.463
5 24 14.19 -2.498 1.44 12.453 -4.192 .535 15.345 2.421 -1.573 11.773 -6.138 1.662
5 24 -2.749 4.282 18.019 -.87 7.034 19.043 -1.462 1.374 17.833 -2.526 7.105 17.842
5 24 7.073 -3.624 -10.178 8.25 -7.012 -7.918 9.704 -5.258 -6.837 5.652 -5.713 -10.74
5 24 7.662 4.172 18.873 9.67 5.394 17.272 6.434 10.697 19.203 9.242 .27 16.558
5 24 -10.439 13.622 -7.326 -11.487 13.16 -9.284 -9.844 13.114 -8.217 -12.108 13.523 -8.593
5 24 -12.011 19.411 4.975 -16.037 22.317 7.107 -14.679 22.203 8.582 -15.914 21.702 5.769
5 24 -11.279 1.256 14.004 -10.092 1.196 15.676 -11.69 2.889 14.664 -7.355 -4.063 14.133
5 24 -.34 -4.383 -12.946 -.605 -.661 -14.864 -2.221 -1.197 -14.475 1.591 -2.895 -13.653
5 24 15.345 2.421 -1.573 12.647 -3.105 -2.091 12.453 -4.192 .535 15.074 2.092 -3.283
5 24 11.943 4.14 -9.364 13.14 2.612 -6.797 9.61 .062 -8.738 13.402 5.613 -8.109
5 24 12.903 1.565 11.843 13.822 1.428 10.802 13.915 6.097 11.794 11.928 -2.161 10.642
5 24 -14.404 8.051 -5.255 -12.292 8.727 -3.563 -12.01 10.376 -4.975 -14.252 8.237 -4.229
5 24 6.483 13.823 16.815 8.124 12.213 16.627 7.337 16.996 15.358 7.745 11.277 17.511
5 24 -9.72 -3.849 10.795 -10.743 -4.498 9.362 -12.323 -.535 10.248 -7.44 -6.373 9.587
5 24 -2.852 5.697 -14.154 -.605 -.661 -14.864 -1.857 5.904 -14.353 -2.221 -1.197 -14.475
5 24 -6.569 -2.571 -11.305 -8.826 3.497 -12.212 -4.712 -1.328 -13.213 -10.074 2.039 -10.498
5 24 -.87 7.034 19.043 -1.26 12.136 17.189 -2.526 7.105 17.842 .784 11.929 19.089
5 24 15.943 15.583 .835 16.48 15.496 3.989 17.312 12.353 2.177 14.749 18.359 -.863
5 24 11.928 -2.161 10.642 13.083 -1.285 9.866 13.822 1.428 10.802 11.351 -3.381 10.129
5 24 -16.796 20.735 6.167 -14.639 16.908 3.365 -15.914 21.702 5.769 -15.91 17.242 4.826
5 24 7.337 16.996 15.358 8.124 12.213 16.627 6.483 13.823 16.815 11.181 11.057 14.435
5 24 5.795 -2.858 15.835 6.778 -3.111 15.652 5.613 -.151 17.379 5.707 -4.487 14.134
5 24 -15.932 7.488 1.49 -16.476 7.432 .743 -14.883 2.254 2.158 -16.063 9.791 2.556
5 24 -6.909 -8.735 4.553 -10.184 -6.996 .965 -10.947 -5.869 4.061 -4.144 -9.877 2.818
5 24 1.671 -7.094 11.884 -2.056 -5.234 14.591 .494 -8.304 9.869 .385 -5.52 14.359
5 24 -4.712 -1.328 -13.213 -3.495 -1.107 -13.418 -3.447 -5.963 -10.894 -3.796 3.279 -12.066
5 24 -4.005 3.722 19.007 -5.417 2.957 18.313 -6.431 7.387 18.522 -2.242 -.452 18.017
5 24 14.19 -2.498 1.44 16.429 2.772 .483 16.176 2.64 -.274 14.386 -2.531 2.753
5 24 -8.603 -7.085 8.699 -8.403 -9.559 9.081 -8.185 -9.337 7.693 -8.291 -8.905 9.811
5 24 -7.163 -9.332 10.306 -6.275 -7.696 10.113 -7.44 -6.373 9.587 -5.996 -8.485 10.089
5 24 11.771 -6.398 3.019 11.773 -6.138 1.662 14.19 -2.498 1.44 10.5 -8.02 2.471
5 24 11.373 -7.151 .241 12.647 -3.105 -2.091 11.984 -3.749 -5.294 12.453 -4.192 .535
5 24 -14.639 16.908 3.365 -15.835 15.682 1.502 -12.768 14.811 1.167 -16.973 16.736 3.508
5 24 8.384 17.445 13.512 6.744 20.819 14.874 7.337 16.996 15.358 8.005 21.167 13.067
5 24 -13 12.169 0 -16.384 10.201 -1.881 -15.672 12.839 .265 -12.292 8.727 -3.563
5 24 -16.063 9.791 2.556 -16.476 7.432 .743 -17.97 10.148 1.295 -15.932 7.488 1.49
5 24 -18.29 10.068 -.484 -16.384 10.201 -1.881 -18.039 10.999 -.432 -16.927 7.974 -1.948
5 24 14.045 2.397 -6.042 15.074 2.092 -3.283 11.912 -1.386 -5.275 15.449 6.265 -5.433
5 24 -12.819 5.061 -8.299 -13.967 1.905 -4.95 -14.404 8.051 -5.255 -12.481 .221 -6.817
5 24 -16.476 7.432 .743 -15.531 2.044 -2.534 -16.927 7.974 -1.948 -15.289 1.485 1.185
5 24 -4.178 13.218 17.912 -5.472 13.159 16.535 -5.141 12.792 17.808 -4.14 13.699 16.301
5 24 -8.106 14.187 14.299 -9.741 14.396 13.789 -7.153 19.418 12.773 -8.971 6.653 15.514
5 24 16.429 2.772 .483 17.009 2.371 2.092 14.386 -2.531 2.753 18.383 7.621 2.13
5 24 7.135 -4.393 13.74 9.747 -3.837 14.143 7.533 -5.508 13.631 9.771 -3.032 14.444
5 24 15.684 11.743 8.494 14.691 16.806 11.304 17.425 16.956 11.022 14.248 11.686 9.249
5 24 -12.373 -3.623 -5.318 -11.514 -2.981 -6.272 -13.473 -.132 -5.107 -10.919 -5.522 -6.148
5 24 .483 -9.864 6.295 -3.774 -9.67 8.949 -4.077 -10.195 8.431 .933 -9.492 7.194
5 24 -10.184 -6.996 .965 -7.59 -7.882 -.201 -4.936 -9.471 1.711 -9.519 -6.508 -1.509
5 24 -14.484 4.015 6.74 -14.795 3.217 5.921 -16.063 9.791 2.556 -13.369 .882 9.303
5 24 -.95 16.821 15.806 -3.088 12.452 17.349 -1.26 12.136 17.189 -4.14 13.699 16.301
5 24 -12.01 10.376 -4.975 -14.404 8.051 -5.255 -12.292 8.727 -3.563 -12.108 13.523 -8.593
5 24 7.903 22.527 12.801 6.744 20.819 14.874 8.005 21.167 13.067 6.075 24.114 15.327
5 24 -4.142 -6.062 12.493 -3.561 -6.055 13.215 -6.062 -3.115 14.992 -3.556 -6.723 11.852
5 24 14.386 -2.531 2.753 14.19 -2.498 1.44 16.429 2.772 .483 11.771 -6.398 3.019
5 24 -3.774 -9.67 8.949 -4.077 -10.195 8.431 .483 -9.864 6.295 -7.163 -9.332 10.306
5 24 11.305 21.195 12.622 9.802 21.782 13.476 10.535 24.122 12.525 9.236 18.314 13.091
5 24 8.237 -10.423 .528 7.65 -11.314 2.601 6.415 -10.807 1.718 9.619 -10.852 .841
5 24 -11.039 4.347 16.661 -8.639 2.305 15.661 -8.655 4.69 16.146 -10.092 1.196 15.676
5 24 -7.721 -8.199 -6.53 -7.076 -7.357 -7.295 -10.919 -5.522 -6.148 -4.675 -10.085 -4.571
5 24 15.449 6.265 -5.433 14.385 10.926 -5.999 14.467 9.783 -7.873 15.594 6.796 -3.338
5 24 4.322 -.887 18.231 5.613 -.151 17.379 4.223 4.166 20.148 5.795 -2.858 15.835
5 24 4.322 -.887 18.231 5.795 -2.858 15.835 4.937 -3.815 16.383 5.613 -.151 17.379
5 24 12.011 16.528 4.975 16.48 15.496 3.989 12.204 15.64 4.003 17.629 19.27 8.775
5 24 1.54 -10.516 -5.186 -1.114 -8.864 -7.065 .753 -10.119 -3.289 -.464 -9.138 -7.98
5 24 3.68 -11.175 2.278 4.729 -11.752 3.999 .977 -11.382 3.826 5.562 -11.116 2.346
5 24 14.386 -2.531 2.753 11.771 -6.398 3.019 11.642 -6.005 4.177 14.19 -2.498 1.44
5 24 17.958 7.648 4.196 17.009 2.371 2.092 16.634 2.9 5.927 18.383 7.621 2.13
5 24 15.345 2.421 -1.573 16.176 2.64 -.274 14.19 -2.498 1.44 16.505 6.841 -1.644
5 24 9.236 18.314 13.091 8.384 17.445 13.512 9.801 16.483 13.436 8.005 21.167 13.067
5 24 -15.672 12.839 .265 -18.039 10.999 -.432 -18.23 11.946 .88 -16.384 10.201 -1.881
5 24 -12.01 10.376 -4.975 -12.108 13.523 -8.593 -10.439 13.622 -7.326 -14.404 8.051 -5.255
5 24 -14.639 16.908 3.365 -15.914 21.702 5.769 -16.796 20.735 6.167 -12.334 18.513 3.349
5 24 10.23 13.021 -10.658 9.656 14.053 -8.499 10.891 13.576 -9.97 9.192 13.261 -9.192
5 24 14.19 -2.498 1.44 15.345 2.421 -1.573 12.453 -4.192 .535 16.176 2.64 -.274
5 24 6.778 -3.111 15.652 7.135 -4.393 13.74 8.14 -2.935 14.816 5.707 -4.487 14.134
5 24 4.909 23.159 16.554 6.075 24.114 15.327 5.918 23.183 16.265 4.448 24.375 15.56
5 24 -13.477 -.656 8.594 -13.182 -2.05 4.835 -14.795 3.217 5.921 -10.743 -4.498 9.362
5 24 10.529 -4.393 12.759 8.464 -6.146 13.007 8.858 -6.92 10.052 10.405 -3.718 13.73
5 24 -10.919 -5.522 -6.148 -11.514 -2.981 -6.272 -10.266 -4.491 -7.145 -12.373 -3.623 -5.318
5 24 10.5 -8.02 2.471 11.373 -7.151 .241 10.734 -8.446 1.056 11.773 -6.138 1.662
5 24 15.079 18.753 11.415 15.138 22.423 10.81 15.482 19.763 9.396 14.054 19.539 12.831
5 24 10.998 -3.723 11.085 11.928 -2.161 10.642 12.66 1.16 13.004 11.351 -3.381 10.129
5 24 5.918 23.183 16.265 3.229 21.324 16.045 4.909 23.159 16.554 6.744 20.819 14.874
5 24 9.802 21.782 13.476 7.903 22.527 12.801 8.005 21.167 13.067 10.535 24.122 12.525
5 24 12.698 5.196 14.889 12.709 6.058 13.177 12.903 1.565 11.843 12.155 7.823 13.932
5 24 9.805 4 -8.275 11.733 9.071 -10.132 10.23 13.021 -10.658 11.943 4.14 -9.364
5 24 19.654 10.079 3.23 19.218 12.151 4.885 19.234 10.434 5.112 19.344 11.902 3.261
5 24 8.57 22.86 9.608 12.089 23.184 11.778 10.535 24.122 12.525 9.192 22.062 9.192
5 24 -6.589 -9.781 5.253 -6.909 -8.735 4.553 -7.978 -7.287 5.546 -4.144 -9.877 2.818
5 24 -2.402 23.045 16.939 -3.877 19.295 15.091 -.95 16.821 15.806 -5.632 20.932 14.901
5 24 -7.153 19.418 12.773 -9.741 14.396 13.789 -8.106 14.187 14.299 -9.564 19.58 12.977
5 24 15.346 7.755 8.205 16.394 8.033 5.488 15.6 3.762 7.252 16.939 10.053 5.511
5 24 9.67 5.394 17.272 10.647 7.655 17.54 9.117 10.843 17.965 11.158 5.84 17.157
5 24 3.682 .345 -14.161 4.016 2.092 -12.993 2.228 1.322 -14.813 7.882 .777 -10.19
5 24 9.704 -5.258 -6.837 8.575 -1.447 -11.089 11.984 -3.749 -5.294 7.073 -3.624 -10.178
5 24 -17.97 10.148 1.295 -16.857 12.898 1.25 -16.063 9.791 2.556 -18.23 11.946 .88
5 24 -3.495 -1.107 -13.418 -.34 -4.383 -12.946 -2.221 -1.197 -14.475 -1.428 -5.644 -11.166
5 24 -12.819 5.061 -8.299 -12.686 4.176 -8.459 -12.481 .221 -6.817 -12.368 4.608 -8.982
5 24 16.394 8.033 5.488 17.958 7.648 4.196 16.939 10.053 5.511 16.634 2.9 5.927
5 24 16.761 9.332 -.1 19.654 10.079 3.23 18.383 7.621 2.13 17.512 11.559 1.2
5 24 11.642 -6.005 4.177 11.771 -6.398 3.019 14.386 -2.531 2.753 9.886 -7.896 4.249
5 24 3.059 -10.862 .004 -.229 -11.516 3.361 .977 -11.382 3.826 1.698 -11.26 -.816
5 24 12.903 1.565 11.843 13.915 6.097 11.794 12.709 6.058 13.177 13.822 1.428 10.802
5 24 -.837 -.162 17.268 1.012 -5.09 15.289 .372 -.93 18.35 .385 -5.52 14.359
5 24 -11.633 22.996 13.531 -11.199 19.009 11.023 -12.535 22.318 11.912 -9.564 19.58 12.977
5 24 1.012 -5.09 15.289 3.445 -6.272 13.04 4.937 -3.815 16.383 .385 -5.52 14.359
5 24 -5.632 20.932 14.901 -7.153 19.418 12.773 -5.794 18.958 14.679 -6.779 21.722 12.928
5 24 9.704 -5.258 -6.837 11.373 -7.151 .241 9.151 -9.928 -.318 11.984 -3.749 -5.294
5 24 -10.743 -4.498 9.362 -10.9 -5.1 5.245 -8.603 -7.085 8.699 -13.182 -2.05 4.835
5 24 1.698 -11.26 -.816 -3.798 -12.277 -3.147 -1.333 -11.946 .714 -2.896 -11.546 -3.709
5 24 -4.085 -.88 17.493 -6.509 2.685 16.979 -4.542 -2.215 16.05 -5.417 2.957 18.313
5 24 0 22 13 -6.779 21.722 12.928 -5.042 24.158 15.856 -4.975 21.728 12.011
5 24 .946 -9.341 8.023 5.801 -9.572 7.309 .933 -9.492 7.194 2.775 -8.784 11.105
5 24 4.487 9.892 18.058 7.662 4.172 18.873 6.434 10.697 19.203 4.377 5.987 17.911
5 24 -6.944 13.975 15.811 -5.472 13.159 16.535 -4.344 18.066 15.157 -7.219 10.244 16.334
5 24 9.747 -3.837 14.143 8.464 -6.146 13.007 7.533 -5.508 13.631 10.405 -3.718 13.73
5 24 12.952 16.095 13.753 10.405 13.587 14.035 13.231 11.032 13.053 10.955 16.475 13.894
5 24 13.55 9.202 -8.9 14.467 9.783 -7.873 13.739 10.906 -8.594 14.396 5.963 -7.516
5 24 11.351 -3.381 10.129 10.118 -6.516 8.662 9.385 -6.018 9.172 13.958 -2.48 9.197
5 24 8.018 -10.229 -.798 5.066 -9.083 -6.853 5.796 -8.667 -7.323 7.231 -10.45 -.616
5 24 9.802 21.782 13.476 8.005 21.167 13.067 7.903 22.527 12.801 9.236 18.314 13.091
5 24 -13.581 3.688 10.033 -13.914 2.737 9.242 -13.369 .882 9.303 -15.113 10.219 5.789
5 24 -4.005 3.722 19.007 -1.462 1.374 17.833 -2.749 4.282 18.019 -2.242 -.452 18.017
5 24 12.547 11.415 -8.746 13.565 12.044 -6.753 11.273 12.505 -6.078 13.739 10.906 -8.594
5 24 13.915 6.097 11.794 14.446 7.682 8.948 14.412 1.95 9.389 13.231 11.032 13.053
5 24 9.117 10.843 17.965 11.38 8.74 16.723 10.647 7.655 17.54 9.384 11.268 17.613
5 24 -6.589 -9.781 5.253 -7.978 -7.287 5.546 -6.909 -8.735 4.553 -8.185 -9.337 7.693
5 24 12.576 20.476 13.047 12.089 23.184 11.778 13.5 23.329 11.121 11.305 21.195 12.622
5 24 -7.511 7.411 17.568 -8.655 4.69 16.146 -7.809 2.288 16.272 -7.819 7.884 17.25
5 24 15.594 6.796 -3.338 15.475 12.195 -4.524 14.385 10.926 -5.999 16.505 6.841 -1.644
5 24 9.656 14.053 -8.499 12.547 11.415 -8.746 11.273 12.505 -6.078 10.891 13.576 -9.97
5 24 -16.237 12.984 3.601 -17.38 15.382 5.323 -18.046 15.696 3.964 -15.113 10.219 5.789
5 24 -7.511 7.411 17.568 -7.819 7.884 17.25 -6.424 9.499 18.465 -8.655 4.69 16.146
5 24 -.95 16.821 15.806 -4.14 13.699 16.301 -3.877 19.295 15.091 -3.088 12.452 17.349
5 24 -8.024 -4.903 11.326 -5.178 -5.887 12.486 -7.355 -4.063 14.133 -5.792 -6.6 10.729
5 24 17.425 16.956 11.022 17.702 19.588 9.927 16.929 18.683 11.272 18.858 18.285 9.168
5 24 1.012 -5.09 15.289 4.937 -3.815 16.383 3.445 -6.272 13.04 .372 -.93 18.35
5 24 -1.333 -11.946 .714 -3.013 -11.062 1.081 -3.959 -12.425 -2.035 -1.956 -11.017 2.822
5 24 .784 11.929 19.089 1.681 15.852 17.708 3.213 9.616 18.542 .117 16.699 17.595
5 24 12.698 5.196 14.889 12.155 7.823 13.932 11.38 8.74 16.723 12.709 6.058 13.177
5 24 -1.428 -5.644 -11.166 -.34 -4.383 -12.946 3.21 -7.436 -9.968 -3.495 -1.107 -13.418
5 24 -16.973 16.736 3.508 -14.639 16.908 3.365 -15.91 17.242 4.826 -15.835 15.682 1.502
5 24 12.576 20.476 13.047 11.305 21.195 12.622 12.089 23.184 11.778 9.801 16.483 13.436
5 24 9.151 -9.928 -.318 10.734 -8.446 1.056 11.373 -7.151 .241 9.162 -10.097 .001
5 24 -11.646 -5.341 -3.217 -10.919 -5.522 -6.148 -9.381 -7.995 -2.964 -12.373 -3.623 -5.318
5 24 -9.87 -4.136 -9.311 -8.445 -3.107 -11.1 -11.216 .923 -10.029 -6.37 -7.418 -8.613
5 24 4.448 24.375 15.56 3.229 21.324 16.045 4.909 23.159 16.554 .725 22.061 14.225
5 24 .372 -.93 18.35 4.937 -3.815 16.383 4.322 -.887 18.231 1.012 -5.09 15.289
5 24 10.998 -3.723 11.085 11.351 -3.381 10.129 11.928 -2.161 10.642 9.385 -6.018 9.172
5 24 -14.441 22.491 10.674 -13.172 18.715 9.058 -12.218 18.361 10.33 -15.121 21.749 8.983
5 24 -11.123 13.065 11.72 -10.373 6.168 15.349 -11.894 4.756 13.649 -9.741 14.396 13.789
5 24 8.237 -10.423 .528 9.619 -10.852 .841 9.162 -10.097 .001 7.65 -11.314 2.601
5 24 -4.675 -10.085 -4.571 -7.076 -7.357 -7.295 -7.721 -8.199 -6.53 -2.837 -9.441 -4.534
5 24 1.681 15.852 17.708 2.031 16.531 16.358 .723 16.825 17.333 3.969 12.652 17.706
5 24 9.704 -5.258 -6.837 8.25 -7.012 -7.918 9.151 -9.928 -.318 7.073 -3.624 -10.178
5 24 -2.221 -1.197 -14.475 -3.574 4 -12.289 -2.852 5.697 -14.154 -3.796 3.279 -12.066
5 24 12.011 16.179 -4.975 14.149 17.337 -4.164 14 15.899 -5.089 12.236 17.474 -3.84
5 24 -2.242 -.452 18.017 -2.056 -5.234 14.591 .385 -5.52 14.359 -4.085 -.88 17.493
5 24 9.67 5.394 17.272 10.819 .004 15.958 11.158 5.84 17.157 9.242 .27 16.558
5 24 -.708 4.975 -14.533 2.228 1.322 -14.813 .526 .038 -14.352 .237 4.94 -14.922
5 24 -7.076 -7.357 -7.295 -9.87 -4.136 -9.311 -6.37 -7.418 -8.613 -10.266 -4.491 -7.145
5 24 5.325 -10.862 6.638 4.729 -11.752 3.999 7.65 -11.314 2.601 .483 -9.864 6.295
5 24 -11.279 1.256 14.004 -7.355 -4.063 14.133 -10.092 1.196 15.676 -8.024 -4.903 11.326
5 24 11.943 4.14 -9.364 9.207 2.469 -8.498 9.61 .062 -8.738 9.805 4 -8.275
5 24 -8.291 -8.905 9.811 -7.383 -10.314 9.433 -8.403 -9.559 9.081 -7.163 -9.332 10.306
5 24 14.149 17.337 -4.164 12.598 17.856 -2.02 12.236 17.474 -3.84 14.471 17.837 -2.149
5 24 -7.076 -7.357 -7.295 -6.37 -7.418 -8.613 -9.87 -4.136 -9.311 -2.202 -9.286 -5.852
5 24 -14.639 16.908 3.365 -12.334 18.513 3.349 -15.914 21.702 5.769 -12.432 16.686 2.857
5 24 10.316 -10.371 1.434 10.042 -8.324 3.463 10.5 -8.02 2.471 9.426 -10.524 3.351
5 24 -12.481 .221 -6.817 -11.514 -2.981 -6.272 -10.266 -4.491 -7.145 -13.473 -.132 -5.107
5 24 4.485 -10.267 -6.365 1.54 -10.516 -5.186 1.481 -8.782 -9.151 1.728 -10.629 -1.944
5 24 14.471 17.837 -2.149 13 19 0 14.749 18.359 -.863 12.598 17.856 -2.02
5 24 12.952 16.095 13.753 10.955 16.475 13.894 12.576 20.476 13.047 10.405 13.587 14.035
5 24 .526 .038 -14.352 2.228 1.322 -14.813 3.682 .345 -14.161 -.708 4.975 -14.533
5 24 19.234 10.434 5.112 17.226 11.662 5.529 16.939 10.053 5.511 19.218 12.151 4.885
5 24 13.231 11.032 13.053 12.155 7.823 13.932 13.915 6.097 11.794 11.901 10.412 13.813
5 24 -1.333 -11.946 .714 -1.956 -11.017 2.822 -.229 -11.516 3.361 -3.013 -11.062 1.081
5 24 4.487 9.892 18.058 6.434 10.697 19.203 7.662 4.172 18.873 4.942 13.271 18.504
5 24 5.613 -.151 17.379 7.596 -.131 17.727 6.778 -3.111 15.652 7.662 4.172 18.873
5 24 -10.092 1.196 15.676 -8.639 2.305 15.661 -11.039 4.347 16.661 -6.851 -2.924 14.486
5 24 -5.417 2.957 18.313 -6.94 6.973 17.862 -6.431 7.387 18.522 -6.509 2.685 16.979
5 24 .494 -8.304 9.869 -2.441 -8.785 10.596 -2.054 -7.984 10.894 .946 -9.341 8.023
5 24 -5.792 -6.6 10.729 -6.275 -7.696 10.113 -7.44 -6.373 9.587 -5.519 -7.297 10.653
5 24 -13.871 13.633 8.983 -14.397 10.597 6.612 -13.7 5.498 11.61 -15.91 17.242 4.826
5 24 4.322 -.887 18.231 2.297 3.667 20.411 .372 -.93 18.35 3.555 4.307 20.559
5 24 15.684 11.743 8.494 16.939 10.053 5.511 15.346 7.755 8.205 17.226 11.662 5.529
5 24 9.801 16.483 13.436 8.384 17.445 13.512 9.529 15.037 13.745 9.236 18.314 13.091
5 24 -10.964 24.133 13.249 -10.572 22.608 14.145 -9.425 23.576 13.725 -11.633 22.996 13.531
5 24 9.771 -3.032 14.444 9.747 -3.837 14.143 10.405 -3.718 13.73 7.135 -4.393 13.74
5 24 -6.666 -9.761 -1.91 -9.381 -7.995 -2.964 -4.675 -10.085 -4.571 -7.062 -9.276 -1.505
5 24 .784 11.929 19.089 -1.26 12.136 17.189 -.87 7.034 19.043 .117 16.699 17.595
5 24 -10.373 6.168 15.349 -11.039 4.347 16.661 -8.971 6.653 15.514 -11.894 4.756 13.649
5 24 3.772 23.487 12.25 .725 22.061 14.225 0 22 13 4.448 24.375 15.56
5 24 9.151 -9.928 -.318 8.018 -10.229 -.798 8.25 -7.012 -7.918 8.237 -10.423 .528
5 24 -5.519 -7.297 10.653 -5.996 -8.485 10.089 -3.774 -9.67 8.949 -6.275 -7.696 10.113
5 24 7.745 11.277 17.511 9.384 11.268 17.613 9.117 10.843 17.965 8.124 12.213 16.627
5 24 11.984 -3.749 -5.294 11.912 -1.386 -5.275 12.647 -3.105 -2.091 11.281 -.952 -6.096
5 24 11.733 9.071 -10.132 13.402 5.613 -8.109 11.943 4.14 -9.364 12.804 9.156 -9.224
5 24 9.67 5.394 17.272 9.117 10.843 17.965 10.647 7.655 17.54 7.745 11.277 17.511
5 24 10.636 -3.842 12.178 10.998 -3.723 11.085 9.173 -6.075 9.64 12.66 1.16 13.004
5 24 -10.964 24.133 13.249 -11.633 22.996 13.531 -12.35 23.384 11.217 -10.572 22.608 14.145
5 24 -1.428 -5.644 -11.166 1.481 -8.782 -9.151 2.095 -7.837 -9.171 -2.535 -7.381 -11.614
5 24 -12.819 5.061 -8.299 -14.404 8.051 -5.255 -13.967 1.905 -4.95 -12.108 13.523 -8.593
5 24 -11.849 15.715 10.264 -14.854 17.469 7.355 -13.871 13.633 8.983 -13.172 18.715 9.058
5 24 9.67 5.394 17.272 11.158 5.84 17.157 10.819 .004 15.958 10.647 7.655 17.54
5 24 -2.343 -7.123 12.045 .494 -8.304 9.869 -2.056 -5.234 14.591 -2.054 -7.984 10.894
5 24 -12.218 18.361 10.33 -14.441 22.491 10.674 -12.535 22.318 11.912 -13.172 18.715 9.058
5 24 -.464 -9.138 -7.98 -1.114 -8.864 -7.065 1.54 -10.516 -5.186 -3.585 -7.781 -10.787
5 24 4.942 13.271 18.504 4.612 13.791 16.883 3.969 12.652 17.706 5.466 14.112 16.686
5 24 -11.646 -5.341 -3.217 -12.373 -3.623 -5.318 -12.793 -3.377 -2.969 -10.919 -5.522 -6.148
5 24 -12.323 -.535 10.248 -10.743 -4.498 9.362 -9.72 -3.849 10.795 -13.477 -.656 8.594
5 24 -14.854 17.469 7.355 -15.91 17.242 4.826 -16.796 20.735 6.167 -13.871 13.633 8.983
5 24 16.939 10.053 5.511 17.958 7.648 4.196 19.234 10.434 5.112 16.394 8.033 5.488
5 24 14.385 10.926 -5.999 15.475 12.195 -4.524 15.594 6.796 -3.338 13.565 12.044 -6.753
5 24 -7.163 -9.332 10.306 -3.774 -9.67 8.949 -5.996 -8.485 10.089 -4.077 -10.195 8.431
5 24 -4.077 -10.195 8.431 -7.383 -10.314 9.433 -7.163 -9.332 10.306 -5.247 -10.881 7.337
5 24 19.218 12.151 4.885 17.12 12.919 3.469 19.344 11.902 3.261 17.729 12.546 4.95
5 24 11.351 -3.381 10.129 13.958 -2.48 9.197 13.083 -1.285 9.866 10.118 -6.516 8.662
5 24 9.242 .27 16.558 10.819 .004 15.958 9.771 -3.032 14.444 9.67 5.394 17.272
5 24 -6.424 9.499 18.465 -7.819 7.884 17.25 -5.141 12.792 17.808 -7.511 7.411 17.568
5 24 15.684 11.743 8.494 17.226 11.662 5.529 16.939 10.053 5.511 17.425 16.956 11.022
5 24 9.384 11.268 17.613 11.043 9.817 15.065 8.124 12.213 16.627 11.38 8.74 16.723
5 24 -2.054 -7.984 10.894 -2.441 -8.785 10.596 .494 -8.304 9.869 -3.313 -7.311 11.062
5 24 13.5 23.329 11.121 9.192 22.062 9.192 12.089 23.184 11.778 10.508 20.005 7.224
5 24 9.151 -9.928 -.318 8.237 -10.423 .528 8.018 -10.229 -.798 9.162 -10.097 .001
5 24 -6.779 21.722 12.928 -9.425 23.576 13.725 -7.153 19.418 12.773 -4.975 21.728 12.011
5 24 6.309 -11.013 -.303 3.059 -10.862 .004 5.562 -11.116 2.346 4.485 -10.267 -6.365
5 24 -13.781 .129 -4.072 -13.967 1.905 -4.95 -14.349 2.089 -4.101 -13.473 -.132 -5.107
5 24 -4.656 -6.883 11.107 -2.441 -8.785 10.596 -3.313 -7.311 11.062 -5.519 -7.297 10.653
5 24 -5.632 20.932 14.901 -5.042 24.158 15.856 -4.88 23.398 16.652 -6.779 21.722 12.928
5 24 -1.333 -11.946 .714 -3.798 -12.277 -3.147 1.698 -11.26 -.816 -3.959 -12.425 -2.035
5 24 -7.355 -4.063 14.133 -6.851 -2.924 14.486 -10.092 1.196 15.676 -5.178 -5.887 12.486
5 24 -5.247 -10.881 7.337 -2.707 -10.474 3.036 -6.589 -9.781 5.253 -.353 -10.601 5.206
5 24 -5.178 -5.887 12.486 -5.792 -6.6 10.729 -4.656 -6.883 11.107 -8.024 -4.903 11.326
5 24 -11.199 19.009 11.023 -12.218 18.361 10.33 -11.849 15.715 10.264 -12.535 22.318 11.912
5 24 -.95 16.821 15.806 -3.877 19.295 15.091 -4.14 13.699 16.301 -2.402 23.045 16.939
5 24 -15.457 10.353 3.853 -15.113 10.219 5.789 -16.237 12.984 3.601 -14.484 4.015 6.74
5 24 .494 -8.304 9.869 2.775 -8.784 11.105 1.671 -7.094 11.884 .946 -9.341 8.023
5 24 6.748 22.279 10.826 6.075 24.114 15.327 7.903 22.527 12.801 4.975 23.037 12.011
5 24 -3.959 -12.425 -2.035 -5.718 -11.48 -2.032 -4.813 -11.693 -3.58 -5.215 -11.8 -1.357
5 24 2.145 4 -12.573 1.116 4.996 -14.308 2.708 3.025 -13.685 .941 5.154 -12.813
5 24 10.042 -8.324 3.463 9.426 -10.524 3.351 9.276 -8.573 4.682 10.316 -10.371 1.434
5 24 -12.819 5.061 -8.299 -12.368 4.608 -8.982 -12.686 4.176 -8.459 -12.131 5.438 -9.26
5 24 -4.656 -6.883 11.107 -3.556 -6.723 11.852 -4.142 -6.062 12.493 -3.313 -7.311 11.062
5 24 -.837 -.162 17.268 2.297 3.667 20.411 1.522 5.124 18.802 .372 -.93 18.35
5 24 16.929 18.683 11.272 15.482 19.763 9.396 15.079 18.753 11.415 17.702 19.588 9.927
5 24 10.316 -10.371 1.434 10.5 -8.02 2.471 10.042 -8.324 3.463 10.734 -8.446 1.056
5 24 -13.369 .882 9.303 -14.795 3.217 5.921 -14.484 4.015 6.74 -13.477 -.656 8.594
5 24 -15.672 12.839 .265 -16.384 10.201 -1.881 -18.039 10.999 -.432 -13 12.169 0
5 24 15.531 13.053 -2.75 16.482 14.339 -1.333 17.512 11.559 1.2 14.149 17.337 -4.164
5 24 13.083 -1.285 9.866 13.958 -2.48 9.197 11.351 -3.381 10.129 14.356 .819 9.151
5 24 -4.675 -10.085 -4.571 -9.381 -7.995 -2.964 -7.721 -8.199 -6.53 -6.666 -9.761 -1.91
5 24 -7.062 -9.276 -1.505 -7.59 -7.882 -.201 -9.381 -7.995 -2.964 -4.936 -9.471 1.711
5 24 7.073 -3.624 -10.178 5.652 -5.713 -10.74 8.25 -7.012 -7.918 2.311 -1.427 -13.212
5 24 9.173 -6.075 9.64 10.529 -4.393 12.759 10.636 -3.842 12.178 8.858 -6.92 10.052
5 24 -3.556 -6.723 11.852 -3.561 -6.055 13.215 -2.343 -7.123 12.045 -4.142 -6.062 12.493
5 24 -6.666 -9.761 -1.91 -7.062 -9.276 -1.505 -4.936 -9.471 1.711 -9.381 -7.995 -2.964
5 24 -6.944 13.975 15.811 -4.344 18.066 15.157 -5.472 13.159 16.535 -5.794 18.958 14.679
5 24 .117 16.699 17.595 .607 17.119 15.446 .723 16.825 17.333 -.95 16.821 15.806
5 24 11.943 4.14 -9.364 9.805 4 -8.275 9.207 2.469 -8.498 11.733 9.071 -10.132
5 24 4.975 23.037 12.011 6.075 24.114 15.327 3.772 23.487 12.25 6.748 22.279 10.826
5 24 -11.199 19.009 11.023 -11.849 15.715 10.264 -12.218 18.361 10.33 -11.123 13.065 11.72
5 24 -12.131 5.438 -9.26 -11.81 8.271 -9.983 -8.826 3.497 -12.212 -12.108 13.523 -8.593
5 24 11.984 -3.749 -5.294 9.61 .062 -8.738 11.281 -.952 -6.096 8.575 -1.447 -11.089
5 24 -11.776 2.127 13.117 -11.279 1.256 14.004 -11.69 2.889 14.664 -8.024 -4.903 11.326
5 24 -13.7 5.498 11.61 -13.581 3.688 10.033 -12.323 -.535 10.248 -14.397 10.597 6.612
5 24 -3.796 3.279 -12.066 -4.712 -1.328 -13.213 -3.495 -1.107 -13.418 -4.975 4 -12.011
5 24 -4.747 7.386 19.139 -5.141 12.792 17.808 -6.424 9.499 18.465 -4.178 13.218 17.912
5 24 4.937 -3.815 16.383 5.707 -4.487 14.134 5.795 -2.858 15.835 3.445 -6.272 13.04
5 24 14.054 19.539 12.831 15.079 18.753 11.415 15.138 22.423 10.81 14.691 16.806 11.304
5 24 -14.883 2.254 2.158 -13.539 -2.867 3.381 -15.289 1.485 1.185 -13.182 -2.05 4.835
5 24 17.512 11.559 1.2 15.531 13.053 -2.75 16.482 14.339 -1.333 16.761 9.332 -.1
5 24 -6.509 2.685 16.979 -7.809 2.288 16.272 -4.542 -2.215 16.05 -7.511 7.411 17.568
5 24 -18.29 10.068 -.484 -18.23 11.946 .88 -18.039 10.999 -.432 -17.97 10.148 1.295
5 24 -9.381 -7.995 -2.964 -9.519 -6.508 -1.509 -11.646 -5.341 -3.217 -7.59 -7.882 -.201
5 24 -5.417 2.957 18.313 -6.509 2.685 16.979 -4.085 -.88 17.493 -6.94 6.973 17.862
5 24 -14.029 23.252 9.721 -14.441 22.491 10.674 -12.35 23.384 11.217 -15.121 21.749 8.983
5 24 4.485 -10.267 -6.365 3.059 -10.862 .004 6.309 -11.013 -.303 1.728 -10.629 -1.944
5 24 -9.564 19.58 12.977 -11.633 22.996 13.531 -10.572 22.608 14.145 -11.199 19.009 11.023
5 24 6.415 -10.807 1.718 6.309 -11.013 -.303 7.231 -10.45 -.616 5.562 -11.116 2.346
5 24 -12.481 .221 -6.817 -13.473 -.132 -5.107 -13.967 1.905 -4.95 -11.514 -2.981 -6.272
5 24 10.819 .004 15.958 11.735 .579 14.488 10.574 -2.729 13.561 12.051 4.654 16.036
5 24 -5.519 -7.297 10.653 -3.774 -9.67 8.949 -2.441 -8.785 10.596 -5.996 -8.485 10.089
5 24 17.425 16.956 11.022 17.226 11.662 5.529 18.858 18.285 9.168 15.684 11.743 8.494
5 24 2.311 -1.427 -13.212 3.682 .345 -14.161 7.073 -3.624 -10.178 .526 .038 -14.352
5 24 15.074 2.092 -3.283 15.345 2.421 -1.573 15.594 6.796 -3.338 12.647 -3.105 -2.091
5 24 11.373 -7.151 .241 11.773 -6.138 1.662 12.453 -4.192 .535 10.5 -8.02 2.471
5 24 11.373 -7.151 .241 12.453 -4.192 .535 11.773 -6.138 1.662 12.647 -3.105 -2.091
5 24 -12.131 5.438 -9.26 -12.108 13.523 -8.593 -11.81 8.271 -9.983 -12.819 5.061 -8.299
5 24 -9.425 23.576 13.725 -9.564 19.58 12.977 -10.572 22.608 14.145 -7.153 19.418 12.773
5 24 5.796 -8.667 -7.323 5.652 -5.713 -10.74 3.21 -7.436 -9.968 8.25 -7.012 -7.918
5 24 5.562 -11.116 2.346 4.729 -11.752 3.999 7.65 -11.314 2.601 3.68 -11.175 2.278
5 24 16.482 14.339 -1.333 14.471 17.837 -2.149 14.149 17.337 -4.164 15.943 15.583 .835
5 24 8.57 22.86 9.608 7.903 22.527 12.801 6.748 22.279 10.826 10.535 24.122 12.525
5 24 6.415 -10.807 1.718 7.65 -11.314 2.601 5.562 -11.116 2.346 8.237 -10.423 .528
5 24 -9.381 -7.995 -2.964 -7.721 -8.199 -6.53 -10.919 -5.522 -6.148 -4.675 -10.085 -4.571
5 24 11.38 8.74 16.723 11.043 9.817 15.065 9.384 11.268 17.613 12.155 7.823 13.932
5 24 15.475 12.195 -4.524 16.761 9.332 -.1 15.531 13.053 -2.75 16.505 6.841 -1.644
5 24 -15.289 1.485 1.185 -15.531 2.044 -2.534 -12.806 -4.605 -.341 -16.476 7.432 .743
5 24 -10.184 -6.996 .965 -4.936 -9.471 1.711 -4.144 -9.877 2.818 -7.59 -7.882 -.201
5 24 -8.603 -7.085 8.699 -10.9 -5.1 5.245 -10.743 -4.498 9.362 -7.978 -7.287 5.546
5 24 -16.476 7.432 .743 -18.29 10.068 -.484 -17.97 10.148 1.295 -16.927 7.974 -1.948
5 24 -8.971 6.653 15.514 -9.741 14.396 13.789 -8.106 14.187 14.299 -10.373 6.168 15.349
5 24 -4.975 21.728 12.011 -10.964 24.133 13.249 -9.425 23.576 13.725 -9.192 21.448 9.192
5 24 -11.123 13.065 11.72 -13.7 5.498 11.61 -13.871 13.633 8.983 -11.894 4.756 13.649
5 24 -1.857 5.904 -14.353 0 5.327 -13 -1.442 6.006 -12.713 -.708 4.975 -14.533
5 24 -11.533 -4.935 -2.605 -11.646 -5.341 -3.217 -9.519 -6.508 -1.509 -12.793 -3.377 -2.969
5 24 11.181 11.057 14.435 11.043 9.817 15.065 11.901 10.412 13.813 8.124 12.213 16.627
5 24 9.236 18.314 13.091 8.005 21.167 13.067 9.802 21.782 13.476 8.384 17.445 13.512
5 24 4.937 -3.815 16.383 5.795 -2.858 15.835 4.322 -.887 18.231 5.707 -4.487 14.134
5 24 15.943 15.583 .835 14.749 18.359 -.863 14.471 17.837 -2.149 16.48 15.496 3.989
5 24 -3.561 -6.055 13.215 -2.056 -5.234 14.591 -2.343 -7.123 12.045 -6.062 -3.115 14.992
5 24 6.569 -8.979 7.089 5.325 -10.862 6.638 7.266 -8.881 6.554 5.801 -9.572 7.309
5 24 -14.349 2.089 -4.101 -14.404 8.051 -5.255 -14.252 8.237 -4.229 -13.967 1.905 -4.95
5 24 -15.531 2.044 -2.534 -14.252 8.237 -4.229 -16.927 7.974 -1.948 -14.349 2.089 -4.101
5 24 -2.343 -7.123 12.045 -2.056 -5.234 14.591 .494 -8.304 9.869 -3.561 -6.055 13.215
5 24 -11.894 4.756 13.649 -13.7 5.498 11.61 -11.123 13.065 11.72 -11.776 2.127 13.117
5 24 -11.123 13.065 11.72 -11.849 15.715 10.264 -13.871 13.633 8.983 -11.199 19.009 11.023
5 24 1.681 15.852 17.708 3.969 12.652 17.706 3.213 9.616 18.542 2.031 16.531 16.358
5 24 -5.632 20.932 14.901 -6.779 21.722 12.928 -7.153 19.418 12.773 -5.042 24.158 15.856
5 24 -16.927 7.974 -1.948 -16.384 10.201 -1.881 -14.252 8.237 -4.229 -18.29 10.068 -.484
5 24 -15.121 21.749 8.983 -14.854 17.469 7.355 -16.668 21.965 7.878 -13.172 18.715 9.058
5 24 13.822 1.428 10.802 13.083 -1.285 9.866 14.356 .819 9.151 11.928 -2.161 10.642
5 24 14.054 19.539 12.831 12.576 20.476 13.047 12.952 16.095 13.753 15.138 22.423 10.81
5 24 -12.793 -3.377 -2.969 -13.473 -.132 -5.107 -13.781 .129 -4.072 -12.373 -3.623 -5.318
5 24 15.058 4.062 8.654 15.6 3.762 7.252 14.412 1.95 9.389 15.346 7.755 8.205
5 24 9.385 -6.018 9.172 7.266 -8.881 6.554 6.569 -8.979 7.089 10.118 -6.516 8.662
5 24 1.728 -10.629 -1.944 -2.896 -11.546 -3.709 .578 -10.154 -2.907 1.698 -11.26 -.816
5 24 11.771 -6.398 3.019 10.5 -8.02 2.471 11.773 -6.138 1.662 10.042 -8.324 3.463
5 24 15.594 6.796 -3.338 16.505 6.841 -1.644 15.345 2.421 -1.573 15.475 12.195 -4.524
5 24 11.943 4.14 -9.364 13.402 5.613 -8.109 13.14 2.612 -6.797 11.733 9.071 -10.132
5 24 -11.216 .923 -10.029 -10.074 2.039 -10.498 -8.445 -3.107 -11.1 -12.368 4.608 -8.982
5 24 9.276 -8.573 4.682 9.426 -10.524 3.351 7.266 -8.881 6.554 10.042 -8.324 3.463
5 24 -12.481 .221 -6.817 -12.686 4.176 -8.459 -12.277 .066 -8.318 -12.819 5.061 -8.299
5 24 14.045 2.397 -6.042 11.281 -.952 -6.096 11.912 -1.386 -5.275 13.14 2.612 -6.797
5 24 12.576 20.476 13.047 9.801 16.483 13.436 10.955 16.475 13.894 11.305 21.195 12.622
5 24 10.042 -8.324 3.463 9.276 -8.573 4.682 9.426 -10.524 3.351 9.886 -7.896 4.249
5 24 12.709 6.058 13.177 13.915 6.097 11.794 12.903 1.565 11.843 12.155 7.823 13.932
5 24 9.242 .27 16.558 9.771 -3.032 14.444 10.819 .004 15.958 8.14 -2.935 14.816
5 24 -3.583 -10.057 1.245 -4.144 -9.877 2.818 -3.014 -10.1 2.417 -4.936 -9.471 1.711
5 24 -5.247 -10.881 7.337 -6.589 -9.781 5.253 -8.185 -9.337 7.693 -2.707 -10.474 3.036
5 24 -12.793 -3.377 -2.969 -12.373 -3.623 -5.318 -13.473 -.132 -5.107 -11.646 -5.341 -3.217
5 24 18.858 18.285 9.168 16.48 15.496 3.989 17.629 19.27 8.775 17.729 12.546 4.95
5 24 6.744 20.819 14.874 3.229 21.324 16.045 5.918 23.183 16.265 5.165 18.58 15.596
5 24 -11.894 4.756 13.649 -11.039 4.347 16.661 -11.69 2.889 14.664 -10.373 6.168 15.349
5 24 -8.826 3.497 -12.212 -4.975 4 -12.011 -9.192 8.67 -9.192 -4.712 -1.328 -13.213
5 24 -2.526 7.105 17.842 -3.088 12.452 17.349 -1.26 12.136 17.189 -3.495 7.284 17.98
5 24 -12.686 4.176 -8.459 -11.216 .923 -10.029 -12.368 4.608 -8.982 -12.277 .066 -8.318
5 24 .725 22.061 14.225 -.95 16.821 15.806 .607 17.119 15.446 -1.892 23.957 15.85
5 24 4.942 13.271 18.504 7.745 11.277 17.511 6.434 10.697 19.203 6.483 13.823 16.815
5 24 -2.242 -.452 18.017 -.837 -.162 17.268 .385 -5.52 14.359 -1.462 1.374 17.833
5 24 -17.38 15.382 5.323 -16.973 16.736 3.508 -15.91 17.242 4.826 -18.046 15.696 3.964
5 24 16.394 8.033 5.488 16.634 2.9 5.927 17.958 7.648 4.196 15.6 3.762 7.252
5 24 17.312 12.353 2.177 16.48 15.496 3.989 17.12 12.919 3.469 15.943 15.583 .835
5 24 -4.656 -6.883 11.107 -5.519 -7.297 10.653 -2.441 -8.785 10.596 -5.792 -6.6 10.729
5 24 -.87 7.034 19.043 3.213 9.616 18.542 .784 11.929 19.089 3.168 6.269 18.422
5 24 5.066 -9.083 -6.853 1.481 -8.782 -9.151 2.095 -7.837 -9.171 4.485 -10.267 -6.365
5 24 5.562 -11.116 2.346 3.059 -10.862 .004 6.309 -11.013 -.303 3.68 -11.175 2.278
5 24 -2.535 -7.381 -11.614 -3.447 -5.963 -10.894 -3.585 -7.781 -10.787 -1.428 -5.644 -11.166
5 24 -2.402 23.045 16.939 -5.632 20.932 14.901 -3.877 19.295 15.091 -4.88 23.398 16.652
5 24 -9.192 21.448 9.192 -14.029 23.252 9.721 -12.35 23.384 11.217 -12.011 19.411 4.975
5 24 -3.013 -11.062 1.081 -3.583 -10.057 1.245 -5.215 -11.8 -1.357 -3.014 -10.1 2.417
5 24 -14.397 10.597 6.612 -15.113 10.219 5.789 -13.581 3.688 10.033 -17.38 15.382 5.323
5 24 12.804 9.156 -9.224 13.55 9.202 -8.9 13.402 5.613 -8.109 13.739 10.906 -8.594
5 24 -11.69 2.889 14.664 -10.092 1.196 15.676 -11.039 4.347 16.661 -11.279 1.256 14.004
5 24 8.005 21.167 13.067 6.744 20.819 14.874 8.384 17.445 13.512 7.903 22.527 12.801
5 24 10.574 -2.729 13.561 10.405 -3.718 13.73 10.636 -3.842 12.178 9.771 -3.032 14.444
5 24 -13.7 5.498 11.61 -14.397 10.597 6.612 -13.871 13.633 8.983 -13.581 3.688 10.033
5 24 -6.589 -9.781 5.253 -4.144 -9.877 2.818 -2.707 -10.474 3.036 -6.909 -8.735 4.553
5 24 -4.542 -2.215 16.05 -4.085 -.88 17.493 -2.056 -5.234 14.591 -6.509 2.685 16.979
5 24 0 22 13 -1.892 23.957 15.85 -5.042 24.158 15.856 .725 22.061 14.225
5 24 -12.218 18.361 10.33 -13.172 18.715 9.058 -11.849 15.715 10.264 -14.441 22.491 10.674
5 24 -9.564 19.58 12.977 -11.199 19.009 11.023 -9.741 14.396 13.789 -11.633 22.996 13.531
5 24 .385 -5.52 14.359 -2.056 -5.234 14.591 -2.242 -.452 18.017 1.671 -7.094 11.884
5 24 14.412 1.95 9.389 15.6 3.762 7.252 14.356 .819 9.151 15.058 4.062 8.654
5 24 9.704 -5.258 -6.837 11.984 -3.749 -5.294 8.575 -1.447 -11.089 11.373 -7.151 .241
5 24 14.19 -2.498 1.44 11.773 -6.138 1.662 11.771 -6.398 3.019 12.453 -4.192 .535
5 24 -5.247 -10.881 7.337 -4.077 -10.195 8.431 .207 -10.463 5.279 -7.383 -10.314 9.433
5 24 -5.247 -10.881 7.337 .207 -10.463 5.279 -4.077 -10.195 8.431 -.353 -10.601 5.206
5 24 14.386 -2.531 2.753 17.009 2.371 2.092 16.429 2.772 .483 14.619 -3.055 4.478
5 24 3.682 .345 -14.161 7.882 .777 -10.19 8.575 -1.447 -11.089 4.016 2.092 -12.993
5 24 -4.675 -10.085 -4.571 -2.896 -11.546 -3.709 -2.837 -9.441 -4.534 -4.813 -11.693 -3.58
5 24 -14.349 2.089 -4.101 -13.967 1.905 -4.95 -13.781 .129 -4.072 -14.404 8.051 -5.255
5 24 2.095 -7.837 -9.171 3.21 -7.436 -9.968 -1.428 -5.644 -11.166 5.066 -9.083 -6.853
5 24 6.744 20.819 14.874 5.165 18.58 15.596 7.337 16.996 15.358 3.229 21.324 16.045
5 24 5.066 -9.083 -6.853 4.485 -10.267 -6.365 7.231 -10.45 -.616 1.481 -8.782 -9.151
5 24 3.213 9.616 18.542 4.487 9.892 18.058 4.377 5.987 17.911 3.969 12.652 17.706
5 24 -.87 7.034 19.043 3.168 6.269 18.422 1.522 5.124 18.802 3.213 9.616 18.542
5 24 -4.542 -2.215 16.05 -7.809 2.288 16.272 -6.509 2.685 16.979 -6.062 -3.115 14.992
5 24 15.449 6.265 -5.433 15.594 6.796 -3.338 15.074 2.092 -3.283 14.385 10.926 -5.999
5 24 13.402 5.613 -8.109 13.55 9.202 -8.9 12.804 9.156 -9.224 14.396 5.963 -7.516
5 24 10.118 -6.516 8.662 9.276 -8.573 4.682 7.266 -8.881 6.554 11.616 -6.564 5.428
5 24 8.14 -2.935 14.816 9.771 -3.032 14.444 9.242 .27 16.558 7.135 -4.393 13.74
5 24 -10.947 -5.869 4.061 -10.184 -6.996 .965 -6.909 -8.735 4.553 -12.806 -4.605 -.341
5 24 -16.237 12.984 3.601 -15.113 10.219 5.789 -15.457 10.353 3.853 -17.38 15.382 5.323
5 24 -2.749 4.282 18.019 -4.005 3.722 19.007 -3.495 7.284 17.98 -1.462 1.374 17.833
5 24 -1.892 23.957 15.85 -.95 16.821 15.806 .725 22.061 14.225 -2.402 23.045 16.939
5 24 3.21 -7.436 -9.968 5.652 -5.713 -10.74 5.796 -8.667 -7.323 1.591 -2.895 -13.653
5 24 8.464 -6.146 13.007 8.858 -6.92 10.052 10.529 -4.393 12.759 5.801 -9.572 7.309
5 24 2.031 16.531 16.358 4.612 13.791 16.883 5.165 18.58 15.596 3.969 12.652 17.706
5 24 12.952 16.095 13.753 12.576 20.476 13.047 10.955 16.475 13.894 14.054 19.539 12.831
5 24 3.724 2.469 -11.879 4.016 2.092 -12.993 4.72 2.128 -11.396 2.708 3.025 -13.685
5 24 -12.108 13.523 -8.593 -11.81 8.271 -9.983 -12.131 5.438 -9.26 -11.487 13.16 -9.284
5 24 .207 -10.463 5.279 4.729 -11.752 3.999 .977 -11.382 3.826 .483 -9.864 6.295
5 24 .607 17.119 15.446 3.229 21.324 16.045 .725 22.061 14.225 2.031 16.531 16.358
5 24 -14.639 16.908 3.365 -12.768 14.811 1.167 -12.432 16.686 2.857 -15.835 15.682 1.502
5 24 -6.851 -2.924 14.486 -6.062 -3.115 14.992 -7.809 2.288 16.272 -4.142 -6.062 12.493
5 24 15.475 12.195 -4.524 15.531 13.053 -2.75 16.761 9.332 -.1 14 15.899 -5.089
5 24 10.405 13.587 14.035 11.181 11.057 14.435 7.337 16.996 15.358 11.901 10.412 13.813
5 24 .385 -5.52 14.359 3.445 -6.272 13.04 1.671 -7.094 11.884 1.012 -5.09 15.289
5 24 1.728 -10.629 -1.944 1.698 -11.26 -.816 -2.896 -11.546 -3.709 3.059 -10.862 .004
5 24 15.058 4.062 8.654 14.446 7.682 8.948 14.412 1.95 9.389 15.346 7.755 8.205
5 24 5.562 -11.116 2.346 7.65 -11.314 2.601 4.729 -11.752 3.999 6.415 -10.807 1.718
5 24 -7.978 -7.287 5.546 -10.947 -5.869 4.061 -10.9 -5.1 5.245 -6.909 -8.735 4.553
5 24 -10.074 2.039 -10.498 -8.826 3.497 -12.212 -6.569 -2.571 -11.305 -12.131 5.438 -9.26
5 24 11.158 5.84 17.157 12.698 5.196 14.889 11.38 8.74 16.723 12.051 4.654 16.036
5 24 -3.313 -7.311 11.062 -2.441 -8.785 10.596 -2.054 -7.984 10.894 -4.656 -6.883 11.107
5 24 3.213 9.616 18.542 3.969 12.652 17.706 1.681 15.852 17.708 4.487 9.892 18.058
5 24 -6.666 -9.761 -1.91 -4.936 -9.471 1.711 -7.062 -9.276 -1.505 -3.583 -10.057 1.245
5 24 13.402 5.613 -8.109 14.396 5.963 -7.516 13.14 2.612 -6.797 13.55 9.202 -8.9
5 24 17.425 16.956 11.022 18.858 18.285 9.168 17.226 11.662 5.529 17.702 19.588 9.927
5 24 -12.323 -.535 10.248 -13.7 5.498 11.61 -13.581 3.688 10.033 -9.72 -3.849 10.795
5 24 -2.202 -9.286 -5.852 -2.837 -9.441 -4.534 .753 -10.119 -3.289 -7.076 -7.357 -7.295
5 24 -10.092 1.196 15.676 -6.851 -2.924 14.486 -8.639 2.305 15.661 -7.355 -4.063 14.133
5 24 8.25 -7.012 -7.918 5.796 -8.667 -7.323 8.018 -10.229 -.798 5.652 -5.713 -10.74
5 24 11.158 5.84 17.157 11.38 8.74 16.723 12.698 5.196 14.889 10.647 7.655 17.54
5 24 -16.237 12.984 3.601 -16.857 12.898 1.25 -17.788 15.11 2.492 -16.063 9.791 2.556
5 24 7.882 .777 -10.19 4.72 2.128 -11.396 4.016 2.092 -12.993 8.402 1.587 -8.402
5 24 7.596 -.131 17.727 9.242 .27 16.558 8.14 -2.935 14.816 7.662 4.172 18.873
5 24 11.984 -3.749 -5.294 11.281 -.952 -6.096 11.912 -1.386 -5.275 9.61 .062 -8.738
5 24 -6.431 7.387 18.522 -6.94 6.973 17.862 -6.424 9.499 18.465 -5.417 2.957 18.313
5 24 -1.956 -11.017 2.822 -3.014 -10.1 2.417 -2.707 -10.474 3.036 -3.013 -11.062 1.081
5 24 7.073 -3.624 -10.178 8.575 -1.447 -11.089 9.704 -5.258 -6.837 3.682 .345 -14.161
5 24 15.074 2.092 -3.283 11.912 -1.386 -5.275 14.045 2.397 -6.042 12.647 -3.105 -2.091
5 24 .207 -10.463 5.279 -4.077 -10.195 8.431 .483 -9.864 6.295 -5.247 -10.881 7.337
5 24 16.634 2.9 5.927 17.009 2.371 2.092 17.958 7.648 4.196 14.619 -3.055 4.478
5 24 16.729 7.425 -.143 18.383 7.621 2.13 16.429 2.772 .483 16.761 9.332 -.1
5 24 5.796 -8.667 -7.323 5.066 -9.083 -6.853 3.21 -7.436 -9.968 8.018 -10.229 -.798
5 24 -6.666 -9.761 -1.91 -5.215 -11.8 -1.357 -3.583 -10.057 1.245 -5.718 -11.48 -2.032
5 24 9.619 -10.852 .841 9.426 -10.524 3.351 7.65 -11.314 2.601 10.316 -10.371 1.434
5 24 4.942 13.271 18.504 5.466 14.112 16.686 4.612 13.791 16.883 6.483 13.823 16.815
5 24 10.636 -3.842 12.178 10.405 -3.718 13.73 10.574 -2.729 13.561 10.529 -4.393 12.759
5 24 .784 11.929 19.089 3.213 9.616 18.542 -.87 7.034 19.043 1.681 15.852 17.708
5 24 14.356 .819 9.151 13.958 -2.48 9.197 13.083 -1.285 9.866 16.634 2.9 5.927
5 24 .237 4.94 -14.922 2.708 3.025 -13.685 2.228 1.322 -14.813 1.116 4.996 -14.308
5 24 13.14 2.612 -6.797 14.045 2.397 -6.042 14.396 5.963 -7.516 11.281 -.952 -6.096
5 24 -7.44 -6.373 9.587 -10.743 -4.498 9.362 -9.72 -3.849 10.795 -8.603 -7.085 8.699
5 24 4.942 13.271 18.504 4.487 9.892 18.058 3.969 12.652 17.706 6.434 10.697 19.203
5 24 -13.172 18.715 9.058 -14.854 17.469 7.355 -15.121 21.749 8.983 -11.849 15.715 10.264
5 24 -8.024 -4.903 11.326 -9.72 -3.849 10.795 -11.776 2.127 13.117 -7.44 -6.373 9.587
5 24 15.684 11.743 8.494 14.248 11.686 9.249 14.691 16.806 11.304 15.346 7.755 8.205
5 24 13.915 6.097 11.794 14.412 1.95 9.389 14.446 7.682 8.948 13.822 1.428 10.802
5 24 9.426 -10.524 3.351 7.65 -11.314 2.601 9.619 -10.852 .841 5.325 -10.862 6.638
5 24 -5.794 18.958 14.679 -4.344 18.066 15.157 -6.944 13.975 15.811 -3.877 19.295 15.091
5 24 -15.835 15.682 1.502 -16.857 12.898 1.25 -17.788 15.11 2.492 -15.672 12.839 .265
5 24 -11.039 4.347 16.661 -8.655 4.69 16.146 -8.639 2.305 15.661 -8.971 6.653 15.514
5 24 5.613 -.151 17.379 6.778 -3.111 15.652 7.596 -.131 17.727 5.795 -2.858 15.835
5 24 -15.531 2.044 -2.534 -13.781 .129 -4.072 -12.793 -3.377 -2.969 -14.349 2.089 -4.101
5 24 -1.462 1.374 17.833 1.522 5.124 18.802 -.837 -.162 17.268 -.87 7.034 19.043
5 24 -14.883 2.254 2.158 -16.476 7.432 .743 -15.289 1.485 1.185 -15.932 7.488 1.49
5 24 -13.369 .882 9.303 -13.477 -.656 8.594 -12.323 -.535 10.248 -14.795 3.217 5.921
5 24 -10.266 -4.491 -7.145 -12.277 .066 -8.318 -9.87 -4.136 -9.311 -12.481 .221 -6.817
5 24 -8.024 -4.903 11.326 -7.355 -4.063 14.133 -5.178 -5.887 12.486 -11.279 1.256 14.004
5 24 -2.221 -1.197 -14.475 -.605 -.661 -14.864 -.34 -4.383 -12.946 -2.852 5.697 -14.154
5 24 2.297 3.667 20.411 1.522 5.124 18.802 -.837 -.162 17.268 3.555 4.307 20.559
5 24 1.481 -8.782 -9.151 1.54 -10.516 -5.186 -.464 -9.138 -7.98 4.485 -10.267 -6.365
5 24 -2.535 -7.381 -11.614 -.464 -9.138 -7.98 1.481 -8.782 -9.151 -3.585 -7.781 -10.787
5 24 1.698 -11.26 -.816 -1.333 -11.946 .714 -3.798 -12.277 -3.147 -.229 -11.516 3.361
5 24 -5.042 24.158 15.856 0 22 13 -6.779 21.722 12.928 -1.892 23.957 15.85
5 24 13.231 11.032 13.053 11.901 10.412 13.813 10.405 13.587 14.035 12.155 7.823 13.932
5 24 -6.062 -3.115 14.992 -2.056 -5.234 14.591 -3.561 -6.055 13.215 -4.542 -2.215 16.05
5 24 -10.9 -5.1 5.245 -13.539 -2.867 3.381 -10.947 -5.869 4.061 -13.182 -2.05 4.835
5 24 -2.242 -.452 18.017 -1.462 1.374 17.833 -.837 -.162 17.268 -4.005 3.722 19.007
5 24 9.529 15.037 13.745 7.337 16.996 15.358 10.405 13.587 14.035 8.384 17.445 13.512
5 24 13.231 11.032 13.053 14.248 11.686 9.249 14.446 7.682 8.948 14.691 16.806 11.304
5 24 14.054 19.539 12.831 14.691 16.806 11.304 12.952 16.095 13.753 15.079 18.753 11.415
5 24 7.073 -3.624 -10.178 3.682 .345 -14.161 8.575 -1.447 -11.089 2.311 -1.427 -13.212
5 24 7.533 -5.508 13.631 8.464 -6.146 13.007 2.775 -8.784 11.105 9.747 -3.837 14.143
5 24 -5.141 12.792 17.808 -7.219 10.244 16.334 -5.472 13.159 16.535 -7.819 7.884 17.25
5 24 13.958 -2.48 9.197 11.616 -6.564 5.428 10.118 -6.516 8.662 14.619 -3.055 4.478
5 24 -16.237 12.984 3.601 -17.788 15.11 2.492 -16.857 12.898 1.25 -18.046 15.696 3.964
5 24 15.531 13.053 -2.75 14.149 17.337 -4.164 16.482 14.339 -1.333 14 15.899 -5.089
5 24 16.482 14.339 -1.333 17.312 12.353 2.177 17.512 11.559 1.2 15.943 15.583 .835
5 24 -.605 -.661 -14.864 .526 .038 -14.352 -.708 4.975 -14.533 1.591 -2.895 -13.653
5 24 11.616 -6.564 5.428 9.886 -7.896 4.249 9.276 -8.573 4.682 11.642 -6.005 4.177
5 24 -14.795 3.217 5.921 -15.932 7.488 1.49 -16.063 9.791 2.556 -14.883 2.254 2.158
5 24 -15.457 10.353 3.853 -16.063 9.791 2.556 -14.484 4.015 6.74 -16.237 12.984 3.601
5 24 7.266 -8.881 6.554 9.426 -10.524 3.351 9.276 -8.573 4.682 5.325 -10.862 6.638
5 24 -2.202 -9.286 -5.852 -4.284 -7.005 -9.699 -6.37 -7.418 -8.613 -1.114 -8.864 -7.065
5 24 16.482 14.339 -1.333 15.943 15.583 .835 14.471 17.837 -2.149 17.312 12.353 2.177
5 24 11.38 8.74 16.723 12.155 7.823 13.932 12.698 5.196 14.889 11.043 9.817 15.065
5 24 .526 .038 -14.352 3.682 .345 -14.161 2.228 1.322 -14.813 2.311 -1.427 -13.212
5 24 16.634 2.9 5.927 14.619 -3.055 4.478 13.958 -2.48 9.197 17.009 2.371 2.092
5 24 6.075 24.114 15.327 3.772 23.487 12.25 4.975 23.037 12.011 4.448 24.375 15.56
5 24 -6.37 -7.418 -8.613 -8.445 -3.107 -11.1 -4.284 -7.005 -9.699 -9.87 -4.136 -9.311
5 24 7.231 -10.45 -.616 4.485 -10.267 -6.365 6.309 -11.013 -.303 5.066 -9.083 -6.853
5 24 11.733 9.071 -10.132 12.804 9.156 -9.224 12.547 11.415 -8.746 13.402 5.613 -8.109
5 24 9.173 -6.075 9.64 9.385 -6.018 9.172 10.998 -3.723 11.085 6.569 -8.979 7.089
5 24 5.801 -9.572 7.309 8.464 -6.146 13.007 8.858 -6.92 10.052 2.775 -8.784 11.105
5 24 2.775 -8.784 11.105 5.801 -9.572 7.309 .946 -9.341 8.023 8.464 -6.146 13.007
5 24 -.837 -.162 17.268 .372 -.93 18.35 1.012 -5.09 15.289 2.297 3.667 20.411
5 24 .372 -.93 18.35 4.322 -.887 18.231 2.297 3.667 20.411 4.937 -3.815 16.383
5 24 -10.964 24.133 13.249 -9.192 21.448 9.192 -12.35 23.384 11.217 -4.975 21.728 12.011
5 24 -12.218 18.361 10.33 -11.849 15.715 10.264 -11.199 19.009 11.023 -13.172 18.715 9.058
5 24 -14.484 4.015 6.74 -13.914 2.737 9.242 -13.369 .882 9.303 -15.113 10.219 5.789
5 24 -4.747 7.386 19.139 -6.431 7.387 18.522 -4.005 3.722 19.007 -6.424 9.499 18.465
5 24 -12.35 23.384 11.217 -11.633 22.996 13.531 -10.964 24.133 13.249 -12.535 22.318 11.912
5 24 10.955 16.475 13.894 9.801 16.483 13.436 12.576 20.476 13.047 9.529 15.037 13.745
5 24 2.031 16.531 16.358 5.165 18.58 15.596 3.229 21.324 16.045 4.612 13.791 16.883
5 24 13.231 11.032 13.053 10.405 13.587 14.035 11.901 10.412 13.813 12.952 16.095 13.753
5 24 11.735 .579 14.488 12.66 1.16 13.004 10.574 -2.729 13.561 12.051 4.654 16.036
5 24 -5.794 18.958 14.679 -3.877 19.295 15.091 -5.632 20.932 14.901 -4.344 18.066 15.157
5 24 5.613 -.151 17.379 7.662 4.172 18.873 7.596 -.131 17.727 4.377 5.987 17.911
5 24 -14.795 3.217 5.921 -14.883 2.254 2.158 -15.932 7.488 1.49 -13.182 -2.05 4.835
5 24 -7.819 7.884 17.25 -8.971 6.653 15.514 -7.219 10.244 16.334 -8.655 4.69 16.146
5 24 4.223 4.166 20.148 3.168 6.269 18.422 3.555 4.307 20.559 4.377 5.987 17.911
5 24 -12.011 19.411 4.975 -15.914 21.702 5.769 -12.334 18.513 3.349 -16.037 22.317 7.107
5 24 -3.088 12.452 17.349 -4.747 7.386 19.139 -4.178 13.218 17.912 -3.495 7.284 17.98
5 24 -3.959 -12.425 -2.035 -3.013 -11.062 1.081 -1.333 -11.946 .714 -5.215 -11.8 -1.357
5 24 7.337 16.996 15.358 5.165 18.58 15.596 6.744 20.819 14.874 6.483 13.823 16.815
5 24 11.616 -6.564 5.428 11.642 -6.005 4.177 9.886 -7.896 4.249 14.619 -3.055 4.478
5 24 5.707 -4.487 14.134 7.135 -4.393 13.74 6.778 -3.111 15.652 3.445 -6.272 13.04
5 24 12.051 4.654 16.036 12.698 5.196 14.889 12.66 1.16 13.004 11.158 5.84 17.157
5 24 9.173 -6.075 9.64 8.858 -6.92 10.052 5.801 -9.572 7.309 10.529 -4.393 12.759
5 24 -14.029 23.252 9.721 -15.121 21.749 8.983 -14.679 22.203 8.582 -14.441 22.491 10.674
5 24 -5.141 12.792 17.808 -5.472 13.159 16.535 -7.219 10.244 16.334 -4.178 13.218 17.912
5 24 -.87 7.034 19.043 -2.526 7.105 17.842 -1.26 12.136 17.189 -2.749 4.282 18.019
5 24 14.396 5.963 -7.516 14.467 9.783 -7.873 13.55 9.202 -8.9 15.449 6.265 -5.433
5 24 -15.531 2.044 -2.534 -14.349 2.089 -4.101 -14.252 8.237 -4.229 -13.781 .129 -4.072
5 24 -4.14 13.699 16.301 -4.344 18.066 15.157 -3.877 19.295 15.091 -5.472 13.159 16.535
5 24 -2.852 5.697 -14.154 -3.574 4 -12.289 -2.221 -1.197 -14.475 -3 5.716 -12.404
5 24 -3.495 -1.107 -13.418 -3.447 -5.963 -10.894 -1.428 -5.644 -11.166 -4.712 -1.328 -13.213
5 24 15.475 12.195 -4.524 14 15.899 -5.089 13.932 15.041 -6.145 15.531 13.053 -2.75
5 24 13.958 -2.48 9.197 14.619 -3.055 4.478 11.616 -6.564 5.428 16.634 2.9 5.927
5 24 .753 -10.119 -3.289 1.728 -10.629 -1.944 .578 -10.154 -2.907 1.54 -10.516 -5.186
5 24 .753 -10.119 -3.289 1.54 -10.516 -5.186 -1.114 -8.864 -7.065 1.728 -10.629 -1.944
5 24 -9.192 4 -9.192 -4.975 4 -12.011 -9.192 8.67 -9.192 -8.923 2.469 -8.923
5 24 -7.163 -9.332 10.306 -5.996 -8.485 10.089 -3.774 -9.67 8.949 -6.275 -7.696 10.113