0 Minifig Hair Mid-Length Tousled with Side Part
0 Name: 25409.dat
0 Author: Lisa Winter [LisaWinter]
0 !LDRAW_ORG Part UPDATE 2026-03
0 !LICENSE Licensed under CC BY 4.0 : see CAreadme.txt

0 BFC CERTIFY CCW

0 !CATEGORY Minifig Headwear

0 !KEYWORDS Brickowl 794149, Harry Potter, Lloyd, Ninjago, Set 10306, Set 21337
0 !KEYWORDS Set 40634, Set 70657, Set 71736, Set 75948, Set 76430

0 !HISTORY 2023-11-18 {LEGO Instructions App} Original part shape
0 !HISTORY 2025-11-18 [LisaWinter] File preparation for LDraw Parts Tracker
0 !HISTORY 2026-03-31 [OrionP] Official Update 2026-03

0 // Inside
1 16 0 -6 0 1 0 0 0 -1.5 0 0 0 1 stud4o.dat
1 16 0 0 0 1 0 0 0 -1 0 0 0 1 4-4ring8.dat
1 16 0 0 0 0 0 -9 0 -6 0 -9 0 0 1-8cylo.dat
1 16 0 0 0 0 0 9 0 -6 0 -9 0 0 1-8cylo.dat
1 16 0 0 0 -9 0 0 0 -3.5 0 0 0 -9 1-8cylo.dat
1 16 0 0 0 9 0 0 0 -3.5 0 0 0 -9 1-8cylo.dat
1 16 0 0 0 9 0 0 0 -6 0 0 0 9 2-4cylo.dat

4 16 11.549 -2 4.784 8.315 -6 3.444 6.364 -6 6.364 8.839 -2 8.839
4 16 8.839 -2 8.839 6.364 -6 6.364 3.444 -6 8.315 4.784 -2 11.549
4 16 4.784 -2 11.549 3.444 -6 8.315 0 -6 9 0 -2 12.5
4 16 0 -2 12.5 0 -6 9 -3.444 -6 8.315 -4.784 -2 11.549
4 16 -4.784 -2 11.549 -3.444 -6 8.315 -6.364 -6 6.364 -8.839 -2 8.839
4 16 -8.839 -2 8.839 -6.364 -6 6.364 -8.315 -6 3.444 -11.549 -2 4.784
4 16 -8.315 -6 3.444 -9 -6 0 -12.5 -2 0 -11.549 -2 4.784
4 16 -12.011 2 4.975 -11.549 -2 4.784 -12.5 -2 0 -13 2 0
4 16 -9.192 2 9.192 -8.839 -2 8.839 -11.549 -2 4.784 -12.011 2 4.975
4 16 -4.975 2 12.011 -4.784 -2 11.549 -8.839 -2 8.839 -9.192 2 9.192
4 16 0 -2 12.5 -4.784 -2 11.549 -4.975 2 12.011 0 2 13
4 16 4.975 2 12.011 4.784 -2 11.549 0 -2 12.5 0 2 13
4 16 9.192 2 9.192 8.839 -2 8.839 4.784 -2 11.549 4.975 2 12.011
4 16 12.011 2 4.975 11.549 -2 4.784 8.839 -2 8.839 9.192 2 9.192
4 16 13 2 0 12.5 -2 0 11.549 -2 4.784 12.011 2 4.975
4 16 -6.364 -6 -6.364 -3.444 -6 -8.315 -4.592 -2 -11.087 -8.485 -2 -8.485
4 16 -4.592 -2 -11.087 -3.444 -6 -8.315 0 -6 -9 0 -2 -12
4 16 0 -2 -12 0 -6 -9 3.444 -6 -8.315 4.592 -2 -11.087
4 16 4.592 -2 -11.087 3.444 -6 -8.315 6.364 -6 -6.364 8.485 -2 -8.485
4 16 12.5 -2 0 9 -6 0 8.315 -6 3.444 11.549 -2 4.784
4 16 10.625 -1 -4.401 8.132 -1 -8.132 6.364 -3.5 -6.364 8.315 -3.5 -3.444
4 16 10.625 -1 -4.401 8.315 -3.5 -3.444 9 -3.5 0 11.5 -1 0
4 16 12.011 2 -4.975 9.192 2 -9.192 8.132 -1 -8.132 10.625 -1 -4.401
4 16 12.011 2 -4.975 10.625 -1 -4.401 11.5 -1 0 13 2 0
4 16 -11.5 -1 0 -9 -3.5 0 -8.315 -3.5 -3.444 -10.625 -1 -4.401
4 16 -10.625 -1 -4.401 -8.315 -3.5 -3.444 -6.364 -3.5 -6.364 -8.132 -1 -8.132
4 16 -13 2 0 -11.5 -1 0 -10.625 -1 -4.401 -12.011 2 -4.975
4 16 -12.011 2 -4.975 -10.625 -1 -4.401 -8.132 -1 -8.132 -9.192 2 -9.192

4 16 9 -6 0 12.5 -2 0 11.5 -1 0 9 -3.5 0
3 16 11.5 -1 0 12.5 -2 0 13 2 0
4 16 8.132 -1 -8.132 8.485 -2 -8.485 6.364 -6 -6.364 6.364 -3.5 -6.364
4 16 -8.132 -1 -8.132 -6.364 -3.5 -6.364 -6.364 -6 -6.364 -8.485 -2 -8.485
3 16 -8.132 -1 -8.132 -8.485 -2 -8.485 -9.192 2 -9.192
4 16 -11.5 -1 0 -12.5 -2 0 -9 -6 0 -9 -3.5 0
3 16 -12.5 -2 0 -11.5 -1 0 -13 2 0
3 16 8.485 -2 -8.485 8.132 -1 -8.132 9.192 2 -9.192

3 16 -4.846 2.646 -11.7 -4.592 -2 -11.087 -2.717 3.169 -12.253
3 16 -2.717 3.169 -12.253 -4.592 -2 -11.087 0 -2 -12
3 16 -2.717 3.169 -12.253 0 -2 -12 0 4 -13
4 16 0 -2 -12 4.592 -2 -11.087 4.975 4 -12.011 0 4 -13
3 16 4.975 4 -12.011 4.592 -2 -11.087 9.192 2 -9.192
3 16 8.485 -2 -8.485 9.192 2 -9.192 4.592 -2 -11.087
4 16 -4.846 2.646 -11.7 -7.484 2.66 -9.941 -8.485 -2 -8.485 -4.592 -2 -11.087
3 16 -7.484 2.66 -9.941 -8.053 3.033 -9.67 -8.485 -2 -8.485
3 16 -9.192 2 -9.192 -8.485 -2 -8.485 -8.053 3.033 -9.67
3 16 -9.192 2 -9.192 -8.053 3.033 -9.67 -8.444 4 -9.692
3 16 -9.192 2 -9.192 -8.444 4 -9.692 -9.192 4 -9.192
3 16 1.976 5.289 -12.607 0 4 -13 4.975 4 -12.011
3 16 1.976 5.289 -12.607 4.975 4 -12.011 3.606 6.742 -12.283
3 16 3.606 6.742 -12.283 4.975 4 -12.011 4.975 8.253 -12.011
4 16 4.975 8.253 -12.011 4.975 4 -12.011 7.94 8.566 -10.029 6.168 9.211 -11.214
3 16 6.168 9.211 -11.214 7.94 8.566 -10.029 7.238 9.398 -10.498
4 16 4.975 4 -12.011 9.192 2 -9.192 8.193 8.521 -9.86 7.94 8.566 -10.029
3 16 9.192 2 -9.192 9.192 9.65 -9.192 8.193 8.521 -9.86
4 16 9.192 9.65 -9.192 9.192 2 -9.192 12.011 2 -4.975 10.447 10.452 -7.314
4 16 10.447 10.452 -7.314 12.011 2 -4.975 11.45 10.534 -5.815 11.205 10.626 -6.181
3 16 11.45 10.534 -5.815 12.011 2 -4.975 11.694 10.442 -5.449
3 16 11.694 10.442 -5.449 12.011 2 -4.975 12.011 11 -4.975
4 16 13 14.953 0 12.011 11 -4.975 12.011 2 -4.975 13 2 0
3 16 13 14.953 0 13 2 0 12.551 16.053 2.256
4 16 13 2 0 12.011 2 4.975 12.011 17.281 4.975 12.551 16.053 2.256
4 16 10.459 21.05 7.297 11.726 20.178 5.402 12.011 17.281 4.975 9.192 20.697 9.192
4 16 12.011 2 4.975 9.192 2 9.192 9.192 20.697 9.192 12.011 17.281 4.975
4 16 8.355 20.675 9.752 9.192 2 9.192 4.975 2 12.011 7.13 21.104 10.571
3 16 9.192 2 9.192 8.355 20.675 9.752 9.192 20.697 9.192
4 16 4.975 21.846 12.011 6.436 21.472 11.035 7.13 21.104 10.571 4.975 2 12.011
3 16 4.975 21.846 12.011 4.975 2 12.011 3.581 21.501 12.288
4 16 0 21.231 13 3.581 21.501 12.288 4.975 2 12.011 0 2 13
4 16 -4.975 2 12.011 -2.795 20.872 12.444 0 21.231 13 0 2 13
3 16 -2.795 20.872 12.444 -4.975 2 12.011 -4.975 22.048 12.011
3 16 -7.141 21.26 10.563 -4.975 22.048 12.011 -4.975 2 12.011
4 16 -4.975 2 12.011 -9.192 2 9.192 -9.192 21.727 9.192 -7.141 21.26 10.563
4 16 -10.921 19.854 6.606 -10.054 21.315 7.903 -9.192 21.727 9.192 -9.192 2 9.192
4 16 -9.192 2 9.192 -12.011 2 4.975 -12.011 20.036 4.975 -10.921 19.854 6.606
3 16 -12.011 20.036 4.975 -12.011 2 4.975 -12.331 20.392 3.365
4 16 -12.82 19.265 .904 -12.331 20.392 3.365 -12.011 2 4.975 -13 2 0
4 16 -12.873 20.203 -.641 -13 19.93 0 -12.504 16.734 -2.495 -12.715 20.04 -1.434
3 16 -12.82 19.265 .904 -13 2 0 -13 19.93 0
3 16 -12.504 16.734 -2.495 -12.011 2 -4.975 -12.011 16.465 -4.975
3 16 -12.011 16.465 -4.975 -12.011 2 -4.975 -10.479 15.381 -7.268
4 16 -9.192 4 -9.192 -9.192 11.268 -9.192 -10.479 15.381 -7.268 -12.011 2 -4.975
3 16 -9.192 4 -9.192 -8.444 4 -9.692 -8.639 6.149 -9.618
3 16 -9.192 4 -9.192 -8.639 6.149 -9.618 -9.192 11.268 -9.192
3 16 -9.192 11.268 -9.192 -8.639 6.149 -9.618 -8.629 9.473 -9.569
3 16 -9.192 2 -9.192 -9.192 4 -9.192 -12.011 2 -4.975
4 16 -12.011 2 -4.975 -12.504 16.734 -2.495 -13 19.93 0 -13 2 0

2 24 6.364 -3.5 -6.364 8.132 -1 -8.132
2 24 8.485 -2 -8.485 6.364 -6 -6.364
2 24 -13 2 0 -12.5 -2 0
2 24 12.5 -2 0 13 2 0
2 24 11.5 -1 0 9 -3.5 0
2 24 8.132 -1 -8.132 9.192 2 -9.192
2 24 -9.192 2 -9.192 -8.132 -1 -8.132
2 24 9 -6 0 12.5 -2 0
2 24 -12.5 -2 0 -9 -6 0
2 24 -9 -3.5 0 -11.5 -1 0
2 24 -6.364 -6 -6.364 -8.485 -2 -8.485
2 24 -11.5 -1 0 -13 2 0
2 24 13 2 0 11.5 -1 0
2 24 -8.132 -1 -8.132 -6.364 -3.5 -6.364
2 24 -8.485 -2 -8.485 -9.192 2 -9.192
2 24 -9 -6 0 -9 -3.5 0
2 24 -6.364 -6 -6.364 -6.364 -3.5 -6.364
2 24 6.364 -6 -6.364 6.364 -3.5 -6.364
2 24 8.485 -2 -8.485 9.192 2 -9.192
2 24 9 -6 0 9 -3.5 0

2 24 12.011 17.281 4.975 12.551 16.053 2.256
2 24 13 14.953 0 12.011 11 -4.975
2 24 9.192 20.697 9.192 10.459 21.05 7.297
2 24 -13 19.93 0 -12.82 19.265 .904
2 24 -7.484 2.66 -9.941 -8.053 3.033 -9.67
2 24 -10.921 19.854 6.606 -10.054 21.315 7.903
2 24 -8.639 6.149 -9.618 -8.629 9.473 -9.569
2 24 6.436 21.472 11.035 7.13 21.104 10.571
2 24 12.011 11 -4.975 11.694 10.442 -5.449
2 24 -12.873 20.203 -.641 -13 19.93 0
2 24 7.94 8.566 -10.029 7.238 9.398 -10.498
2 24 -12.82 19.265 .904 -12.331 20.392 3.365
2 24 -9.192 21.727 9.192 -7.141 21.26 10.563
2 24 7.13 21.104 10.571 8.355 20.675 9.752
2 24 3.581 21.501 12.288 4.975 21.846 12.011
2 24 -10.479 15.381 -7.268 -12.011 16.465 -4.975
2 24 8.355 20.675 9.752 9.192 20.697 9.192
2 24 -4.975 22.048 12.011 -2.795 20.872 12.444
2 24 -8.444 4 -9.692 -8.639 6.149 -9.618
2 24 4.975 21.846 12.011 6.436 21.472 11.035
2 24 10.459 21.05 7.297 11.726 20.178 5.402
2 24 8.193 8.521 -9.86 7.94 8.566 -10.029
2 24 -7.141 21.26 10.563 -4.975 22.048 12.011
2 24 -12.011 16.465 -4.975 -12.504 16.734 -2.495
2 24 11.205 10.626 -6.181 10.447 10.452 -7.314
2 24 10.447 10.452 -7.314 9.192 9.65 -9.192
2 24 -2.795 20.872 12.444 0 21.231 13
2 24 12.551 16.053 2.256 13 14.953 0
2 24 3.606 6.742 -12.283 1.976 5.289 -12.607
2 24 11.45 10.534 -5.815 11.205 10.626 -6.181
2 24 -10.054 21.315 7.903 -9.192 21.727 9.192
2 24 -4.846 2.646 -11.7 -7.484 2.66 -9.941
2 24 7.238 9.398 -10.498 6.168 9.211 -11.214
2 24 -8.629 9.473 -9.569 -9.192 11.268 -9.192
2 24 0 21.231 13 3.581 21.501 12.288
2 24 0 4 -13 -2.717 3.169 -12.253
2 24 1.976 5.289 -12.607 0 4 -13
2 24 6.168 9.211 -11.214 4.975 8.253 -12.011
2 24 9.192 9.65 -9.192 8.193 8.521 -9.86
2 24 -12.011 20.036 4.975 -10.921 19.854 6.606
2 24 -12.331 20.392 3.365 -12.011 20.036 4.975
2 24 -12.715 20.04 -1.434 -12.873 20.203 -.641
2 24 11.726 20.178 5.402 12.011 17.281 4.975
2 24 4.975 8.253 -12.011 3.606 6.742 -12.283
2 24 -9.192 11.268 -9.192 -10.479 15.381 -7.268
2 24 -2.717 3.169 -12.253 -4.846 2.646 -11.7
2 24 11.694 10.442 -5.449 11.45 10.534 -5.815
2 24 -12.504 16.734 -2.495 -12.715 20.04 -1.434
2 24 -8.053 3.033 -9.67 -8.444 4 -9.692

5 24 0 -2 -12 -2.717 3.169 -12.253 0 4 -13 -4.592 -2 -11.087
5 24 -11.549 -2 4.784 -12.011 2 4.975 -13 2 0 -8.839 -2 8.839
5 24 -8.639 6.149 -9.618 -9.192 4 -9.192 -9.192 11.268 -9.192 -8.444 4 -9.692
5 24 0 4 -13 0 -2 -12 -2.717 3.169 -12.253 4.592 -2 -11.087
5 24 0 2 13 4.975 2 12.011 3.581 21.501 12.288 0 -2 12.5
5 24 -12.011 2 -4.975 -13 2 0 -12.504 16.734 -2.495 -10.625 -1 -4.401
5 24 0 -2 -12 0 -6 -9 -3.444 -6 -8.315 4.592 -2 -11.087
5 24 10.625 -1 -4.401 11.5 -1 0 12.011 2 -4.975 9 -3.5 0
5 24 8.839 -2 8.839 4.784 -2 11.549 3.444 -6 8.315 9.192 2 9.192
5 24 -8.839 -2 8.839 -9.192 2 9.192 -12.011 2 4.975 -4.784 -2 11.549
5 24 6.364 -6 6.364 8.839 -2 8.839 4.784 -2 11.549 8.315 -6 3.444
5 24 8.132 -1 -8.132 10.625 -1 -4.401 9.192 2 -9.192 8.315 -3.5 -3.444
5 24 0 -6 9 0 -2 12.5 3.444 -6 8.315 -4.784 -2 11.549
5 24 -9.192 11.268 -9.192 -8.639 6.149 -9.618 -8.629 9.473 -9.569 -9.192 4 -9.192
5 24 0 4 -13 4.975 4 -12.011 1.976 5.289 -12.607 4.592 -2 -11.087
5 24 11.549 -2 4.784 8.839 -2 8.839 6.364 -6 6.364 12.011 2 4.975
5 24 -4.846 2.646 -11.7 -4.592 -2 -11.087 -7.484 2.66 -9.941 -2.717 3.169 -12.253
5 24 -7.484 2.66 -9.941 -8.485 -2 -8.485 -4.592 -2 -11.087 -8.053 3.033 -9.67
5 24 -4.975 2 12.011 0 2 13 -4.784 -2 11.549 -2.795 20.872 12.444
5 24 0 2 13 0 21.231 13 3.581 21.501 12.288 -2.795 20.872 12.444
5 24 9.192 2 9.192 12.011 2 4.975 12.011 17.281 4.975 8.839 -2 8.839
5 24 -2.717 3.169 -12.253 -4.592 -2 -11.087 -4.846 2.646 -11.7 0 -2 -12
5 24 -12.011 2 4.975 -12.011 20.036 4.975 -10.921 19.854 6.606 -12.331 20.392 3.365
5 24 -12.011 2 4.975 -9.192 2 9.192 -10.921 19.854 6.606 -11.549 -2 4.784
5 24 13 2 0 12.011 2 -4.975 11.5 -1 0 12.011 11 -4.975
5 24 3.444 -6 8.315 4.784 -2 11.549 6.364 -6 6.364 0 -2 12.5
5 24 -12.011 2 -4.975 -10.625 -1 -4.401 -11.5 -1 0 -9.192 2 -9.192
5 24 4.784 -2 11.549 0 -2 12.5 0 -6 9 4.975 2 12.011
5 24 -10.625 -1 -4.401 -11.5 -1 0 -13 2 0 -8.315 -3.5 -3.444
5 24 4.975 2 12.011 9.192 2 9.192 7.13 21.104 10.571 4.784 -2 11.549
5 24 -13 19.93 0 -13 2 0 -12.504 16.734 -2.495 -12.82 19.265 .904
5 24 12.011 2 -4.975 10.625 -1 -4.401 13 2 0 8.132 -1 -8.132
5 24 9.192 2 9.192 9.192 20.697 9.192 12.011 17.281 4.975 8.355 20.675 9.752
5 24 -13 2 0 -12.011 2 4.975 -12.5 -2 0 -12.331 20.392 3.365
5 24 9.192 2 -9.192 4.592 -2 -11.087 8.485 -2 -8.485 4.975 4 -12.011
5 24 -9.192 11.268 -9.192 -9.192 4 -9.192 -12.011 2 -4.975 -8.639 6.149 -9.618
5 24 -8.053 3.033 -9.67 -8.485 -2 -8.485 -9.192 2 -9.192 -7.484 2.66 -9.941
5 24 13 2 0 13 14.953 0 12.551 16.053 2.256 12.011 11 -4.975
5 24 -4.592 -2 -11.087 -3.444 -6 -8.315 0 -2 -12 -6.364 -6 -6.364
5 24 -8.132 -1 -8.132 -10.625 -1 -4.401 -6.364 -3.5 -6.364 -12.011 2 -4.975
5 24 -8.839 -2 8.839 -4.784 -2 11.549 -6.364 -6 6.364 -4.975 2 12.011
5 24 -4.784 -2 11.549 -4.975 2 12.011 -9.192 2 9.192 0 -2 12.5
5 24 -8.444 4 -9.692 -9.192 2 -9.192 -9.192 4 -9.192 -8.053 3.033 -9.67
5 24 -10.625 -1 -4.401 -8.315 -3.5 -3.444 -8.132 -1 -8.132 -9 -3.5 0
5 24 -6.364 -6 6.364 -8.839 -2 8.839 -11.549 -2 4.784 -3.444 -6 8.315
5 24 0 -2 -12 -4.592 -2 -11.087 0 -6 -9 -2.717 3.169 -12.253
5 24 12.011 2 4.975 13 2 0 12.551 16.053 2.256 11.549 -2 4.784
5 24 4.592 -2 -11.087 0 -2 -12 3.444 -6 -8.315 0 4 -13
5 24 -9.192 2 -9.192 -12.011 2 -4.975 -9.192 4 -9.192 -8.132 -1 -8.132
5 24 4.784 -2 11.549 4.975 2 12.011 0 2 13 8.839 -2 8.839
5 24 8.839 -2 8.839 9.192 2 9.192 4.975 2 12.011 11.549 -2 4.784
5 24 -9.192 2 9.192 -4.975 2 12.011 -7.141 21.26 10.563 -8.839 -2 8.839
5 24 12.5 -2 0 11.549 -2 4.784 13 2 0 8.315 -6 3.444
5 24 -12.5 -2 0 -11.549 -2 4.784 -12.011 2 4.975 -9 -6 0
5 24 12.011 2 4.975 12.011 17.281 4.975 12.551 16.053 2.256 9.192 2 9.192
5 24 11.549 -2 4.784 12.011 2 4.975 9.192 2 9.192 12.5 -2 0
5 24 8.485 -2 -8.485 4.592 -2 -11.087 9.192 2 -9.192 6.364 -6 -6.364
5 24 -8.315 -6 3.444 -11.549 -2 4.784 -12.5 -2 0 -6.364 -6 6.364
5 24 -4.592 -2 -11.087 -8.485 -2 -8.485 -7.484 2.66 -9.941 -3.444 -6 -8.315
5 24 4.592 -2 -11.087 3.444 -6 -8.315 0 -6 -9 8.485 -2 -8.485
5 24 -11.549 -2 4.784 -8.839 -2 8.839 -8.315 -6 3.444 -9.192 2 9.192
5 24 4.975 4 -12.011 9.192 2 -9.192 7.94 8.566 -10.029 4.592 -2 -11.087
5 24 4.975 4 -12.011 4.592 -2 -11.087 0 4 -13 9.192 2 -9.192
5 24 -12.011 16.465 -4.975 -12.011 2 -4.975 -10.479 15.381 -7.268 -12.504 16.734 -2.495
5 24 -9.192 4 -9.192 -8.444 4 -9.692 -8.639 6.149 -9.618 -9.192 2 -9.192
5 24 12.011 11 -4.975 12.011 2 -4.975 11.694 10.442 -5.449 13 2 0
5 24 9.192 9.65 -9.192 9.192 2 -9.192 8.193 8.521 -9.86 10.447 10.452 -7.314
5 24 -4.975 2 12.011 -4.975 22.048 12.011 -7.141 21.26 10.563 -2.795 20.872 12.444
5 24 0 -2 12.5 0 2 13 4.784 -2 11.549 -4.975 2 12.011
5 24 10.625 -1 -4.401 8.315 -3.5 -3.444 6.364 -3.5 -6.364 11.5 -1 0
5 24 -8.053 3.033 -9.67 -9.192 2 -9.192 -8.444 4 -9.692 -8.485 -2 -8.485
5 24 4.975 8.253 -12.011 4.975 4 -12.011 6.168 9.211 -11.214 3.606 6.742 -12.283
5 24 -3.444 -6 8.315 -4.784 -2 11.549 0 -6 9 -8.839 -2 8.839
5 24 12.011 2 -4.975 11.45 10.534 -5.815 11.205 10.626 -6.181 11.694 10.442 -5.449
5 24 0 -2 12.5 -4.784 -2 11.549 0 2 13 -3.444 -6 8.315
5 24 -9.192 4 -9.192 -9.192 2 -9.192 -12.011 2 -4.975 -8.444 4 -9.692
5 24 12.011 2 -4.975 9.192 2 -9.192 10.447 10.452 -7.314 10.625 -1 -4.401
5 24 4.975 2 12.011 4.975 21.846 12.011 6.436 21.472 11.035 3.581 21.501 12.288
5 24 8.315 -6 3.444 11.549 -2 4.784 8.839 -2 8.839 9 -6 0

0 // Outside
3 16 -7.345 -4.291 -12.221 -4.584 -5.78 -13.415 -5.914 -6.469 -11.619
3 16 -7.345 -4.291 -12.221 -5.845 -3.53 -14.309 -4.584 -5.78 -13.415
3 16 -5.845 -3.53 -14.309 -2.603 -4.723 -14.919 -4.584 -5.78 -13.415
3 16 -5.845 -3.53 -14.309 -3.308 -2.62 -15.825 -2.603 -4.723 -14.919
3 16 -5.914 -6.469 -11.619 -7.967 -5.558 -9.702 -7.345 -4.291 -12.221
3 16 -5.914 -6.469 -11.619 -6.785 -7.017 -9.388 -7.967 -5.558 -9.702
3 16 -6.785 -7.017 -9.388 -8.003 -6.349 -7.32 -7.967 -5.558 -9.702
3 16 -6.785 -7.017 -9.388 -7.155 -7.312 -6.599 -8.003 -6.349 -7.32
3 16 -7.155 -7.312 -6.599 -7.941 -6.666 -6.078 -8.003 -6.349 -7.32
3 16 -7.155 -7.312 -6.599 -7.228 -7.332 -5.185 -7.941 -6.666 -6.078
3 16 -3.308 -2.62 -15.825 -.47 -3.528 -15.671 -2.603 -4.723 -14.919
3 16 -3.308 -2.62 -15.825 -.398 -1.592 -16.494 -.47 -3.528 -15.671
3 16 -.398 -1.592 -16.494 1.703 -1.878 -16.02 -.47 -3.528 -15.671
3 16 -.398 -1.592 -16.494 2.315 .033 -16.55 1.703 -1.878 -16.02
3 16 2.315 .033 -16.55 3.588 -.213 -16.053 1.703 -1.878 -16.02
3 16 2.315 .033 -16.55 5.336 2.909 -15.878 3.588 -.213 -16.053
3 16 -7.228 -7.332 -5.185 -7.774 -6.816 -4.771 -7.941 -6.666 -6.078
3 16 -7.228 -7.332 -5.185 -7.305 -7.359 -3.779 -7.774 -6.816 -4.771
4 16 -6.17 -7.629 -5.691 -5.825 -8.599 -5.489 -6.349 -8.424 -3.607 -6.448 -7.745 -4.368
3 16 -6.17 -7.629 -5.691 -4.928 -8.745 -7.917 -5.825 -8.599 -5.489
3 16 -6.17 -7.629 -5.691 -5.51 -7.415 -8.417 -4.928 -8.745 -7.917
4 16 -4.928 -8.745 -7.917 -5.51 -7.415 -8.417 -4.42 -6.894 -10.442 -3.464 -8.706 -10.017
3 16 -3.125 -6.244 -12.338 -3.464 -8.706 -10.017 -4.42 -6.894 -10.442
3 16 -3.125 -6.244 -12.338 -1.726 -8.604 -12.128 -3.464 -8.706 -10.017
3 16 .796 -4.262 -14.173 -1.726 -8.604 -12.128 -3.125 -6.244 -12.338
3 16 .796 -4.262 -14.173 2.081 -6.573 -13.864 -1.726 -8.604 -12.128
3 16 .796 -4.262 -14.173 4.442 -3.759 -14.364 2.081 -6.573 -13.864
3 16 .796 -4.262 -14.173 3.336 -1.997 -14.52 4.442 -3.759 -14.364
3 16 3.336 -1.997 -14.52 6.124 -1.429 -14.572 4.442 -3.759 -14.364
3 16 3.336 -1.997 -14.52 5.037 .058 -14.679 6.124 -1.429 -14.572
3 16 5.037 .058 -14.679 7.048 1.109 -14.618 6.124 -1.429 -14.572
3 16 5.037 .058 -14.679 6.035 2.273 -14.6 7.048 1.109 -14.618
3 16 6.035 2.273 -14.6 7.927 3.641 -14.36 7.048 1.109 -14.618
3 16 6.035 2.273 -14.6 6.955 4.487 -14.059 7.927 3.641 -14.36
3 16 6.955 4.487 -14.059 8.734 5.7 -13.305 7.927 3.641 -14.36
3 16 6.955 4.487 -14.059 7.914 6.508 -12.895 8.734 5.7 -13.305
4 16 8.734 5.7 -13.305 7.914 6.508 -12.895 8.56 8.118 -11.043 9.32 7.283 -11.517
3 16 2.563 -9.243 -7.071 7.236 -8.387 -5.854 3.796 -10.362 -4.728
3 16 2.563 -9.243 -7.071 6.546 -7.039 -7.846 7.236 -8.387 -5.854
3 16 9.244 -6.82 -5.937 7.236 -8.387 -5.854 6.546 -7.039 -7.846
3 16 9.244 -6.82 -5.937 6.546 -7.039 -7.846 8.918 -5.331 -7.438
3 16 .656 -11.124 -2.888 2.563 -9.243 -7.071 3.796 -10.362 -4.728
3 16 .656 -11.124 -2.888 -1.448 -10.749 -5.682 2.563 -9.243 -7.071
3 16 .656 -11.124 -2.888 -4.264 -11.017 -3.139 -1.448 -10.749 -5.682
3 16 .656 -11.124 -2.888 -2.05 -11.244 -.614 -4.264 -11.017 -3.139
3 16 -2.05 -11.244 -.614 -5.325 -10.875 -1.189 -4.264 -11.017 -3.139
3 16 -2.05 -11.244 -.614 -3.894 -11.062 1.857 -5.325 -10.875 -1.189
3 16 10.997 -5.092 -5.743 9.244 -6.82 -5.937 8.918 -5.331 -7.438
3 16 10.997 -5.092 -5.743 8.918 -5.331 -7.438 10.934 -3.332 -6.614
3 16 12.618 -3.104 -4.828 10.997 -5.092 -5.743 10.934 -3.332 -6.614
3 16 12.618 -3.104 -4.828 10.934 -3.332 -6.614 12.527 -1.801 -5.279
3 16 12.527 -1.801 -5.279 13.797 -1.059 -3.287 12.618 -3.104 -4.828
3 16 12.527 -1.801 -5.279 14.191 .139 -2.67 13.797 -1.059 -3.287
3 16 -3.894 -11.062 1.857 -6.404 -10.06 1.175 -5.325 -10.875 -1.189
3 16 -3.894 -11.062 1.857 -5.597 -10.315 2.517 -6.404 -10.06 1.175
3 16 2.181 -9.371 1.23 4.929 -8.923 -1.468 5.416 -8.927 .832
3 16 2.181 -9.371 1.23 .904 -9.869 -.201 4.929 -8.923 -1.468
3 16 .904 -9.869 -.201 2.181 -9.371 1.23 -.812 -10.406 .976
3 16 .904 -9.869 -.201 -.812 -10.406 .976 -2.007 -10.425 1.091
3 16 5.416 -8.927 .832 4.929 -8.923 -1.468 7.052 -8.549 -1.802
3 16 5.416 -8.927 .832 7.052 -8.549 -1.802 7.568 -8.711 1.052
3 16 7.568 -8.711 1.052 7.052 -8.549 -1.802 9.178 -7.877 -2.005
3 16 7.568 -8.711 1.052 9.178 -7.877 -2.005 9.635 -7.938 1.276
3 16 9.635 -7.938 1.276 9.178 -7.877 -2.005 12.162 -5.835 -1.654
3 16 9.635 -7.938 1.276 12.162 -5.835 -1.654 11.7 -6.208 1.831
3 16 14.324 -2.996 -.389 11.7 -6.208 1.831 12.162 -5.835 -1.654
3 16 14.324 -2.996 -.389 13.463 -3.379 2.815 11.7 -6.208 1.831
4 16 14.324 -2.996 -.389 15.873 -.036 1.229 15.054 -.495 4.085 13.463 -3.379 2.815
3 16 16.328 1.677 3.211 15.054 -.495 4.085 15.873 -.036 1.229
3 16 16.328 1.677 3.211 15.736 1.989 5.934 15.054 -.495 4.085
3 16 16.636 3.469 5.12 15.736 1.989 5.934 16.328 1.677 3.211
4 16 15.239 1.76 7.622 15.736 1.989 5.934 16.636 3.469 5.12 16.509 4.459 7.745
3 16 14.318 1.505 -1.876 12.322 -1.112 -5.375 15.208 2.816 -3.683
4 16 14.318 1.505 -1.876 15.208 2.816 -3.683 16.68 5.513 -.706 14.584 2.151 -.046
3 16 16.68 5.513 -.706 14.891 2.818 1.093 14.584 2.151 -.046
3 16 18.225 5.495 6.265 16.229 5.357 6.479 16.247 4.784 4.587
3 16 17.968 6.181 8.231 16.229 5.357 6.479 18.225 5.495 6.265
3 16 17.968 6.181 8.231 15.5 6.001 8.021 16.229 5.357 6.479
3 16 17.968 6.181 8.231 16.754 7.46 8.852 14.891 6.403 8.694
3 16 14.891 6.403 8.694 15.5 6.001 8.021 17.968 6.181 8.231
3 16 16.754 7.46 8.852 14.625 6.934 8.946 14.891 6.403 8.694
3 16 16.754 7.46 8.852 15.299 8.669 7.677 14.625 6.934 8.946
3 16 -11.319 -3.152 -9.956 -8.172 -3.691 -9.045 -8.37 -4.767 -6.945
3 16 -8.37 -4.767 -6.945 -11.384 -3.772 -7.38 -11.319 -3.152 -9.956
3 16 -11.319 -3.152 -9.956 -11.384 -3.772 -7.38 -13.773 -1.339 -7.798
3 16 -11.319 -3.152 -9.956 -13.773 -1.339 -7.798 -13.23 -1.026 -10.604
3 16 -13.23 -1.026 -10.604 -13.773 -1.339 -7.798 -14.926 1.464 -8.369
3 16 -13.23 -1.026 -10.604 -14.926 1.464 -8.369 -14.009 3.753 -10.526
3 16 -14.009 3.753 -10.526 -14.926 1.464 -8.369 -14.849 4.483 -8.704
3 16 -14.009 3.753 -10.526 -14.849 4.483 -8.704 -13.55 8.377 -9.907
3 16 -5.417 -10.282 5.865 -5.45 -9.533 3.808 -4.244 -11.001 4.703
3 16 -5.417 -10.282 5.865 -5.723 -9.126 4.707 -5.45 -9.533 3.808
3 16 -4.244 -11.001 4.703 -4.517 -11.421 6.925 -5.417 -10.282 5.865
3 16 -4.244 -11.001 4.703 -2.877 -11.708 5.152 -4.517 -11.421 6.925
3 16 -2.877 -11.708 5.152 -2.729 -11.683 8.439 -4.517 -11.421 6.925
3 16 -2.877 -11.708 5.152 .387 -11.783 5.226 -2.729 -11.683 8.439
3 16 .387 -11.783 5.226 -1.462 -11.158 9.951 -2.729 -11.683 8.439
3 16 .387 -11.783 5.226 2.381 -10.633 6.747 -1.462 -11.158 9.951
3 16 3.302 -9.684 8.572 -1.462 -11.158 9.951 2.381 -10.633 6.747
3 16 3.302 -9.684 8.572 -.326 -10.453 11.399 -1.462 -11.158 9.951
3 16 4.172 -7.869 11.416 -.326 -10.453 11.399 3.302 -9.684 8.572
3 16 4.172 -7.869 11.416 .52 -8.715 13.516 -.326 -10.453 11.399
3 16 3.305 -6.377 15.328 .52 -8.715 13.516 4.172 -7.869 11.416
3 16 3.305 -6.377 15.328 -.004 -6.812 15.183 .52 -8.715 13.516
3 16 2.157 -4.993 16.523 -.004 -6.812 15.183 3.305 -6.377 15.328
3 16 2.157 -4.993 16.523 -.8 -4.933 16.152 -.004 -6.812 15.183
3 16 .387 -3.985 17.119 -.8 -4.933 16.152 2.157 -4.993 16.523
3 16 .387 -3.985 17.119 -1.576 -4.084 16.464 -.8 -4.933 16.152
3 16 -1.296 -2.791 17.349 -1.576 -4.084 16.464 .387 -3.985 17.119
3 16 -1.296 -2.791 17.349 -2.292 -3.178 16.743 -1.576 -4.084 16.464
3 16 -1.296 -2.791 17.349 -2.652 -2.548 17.184 -2.292 -3.178 16.743
3 16 -1.296 -2.791 17.349 -2.221 -1.817 17.626 -2.652 -2.548 17.184
3 16 -5.999 -9.532 8.478 -5.936 -9.892 7.69 -5.302 -9.892 8.363
3 16 -4.262 -8.853 11.779 -5.475 -8.486 11.819 -5.999 -9.532 8.478
4 16 -6.085 -5.991 14.037 -5.475 -8.486 11.819 -4.262 -8.853 11.779 -4.592 -6.343 14.08
3 16 -6.579 -3.55 15.88 -6.085 -5.991 14.037 -4.592 -6.343 14.08
3 16 -6.579 -3.55 15.88 -7.927 -3.427 15.361 -6.085 -5.991 14.037
3 16 -7.806 -.011 17.122 -7.927 -3.427 15.361 -6.579 -3.55 15.88
3 16 -7.806 -.011 17.122 -9.082 .045 16.508 -7.927 -3.427 15.361
3 16 -7.806 -.011 17.122 -8.564 4.237 17.367 -9.082 .045 16.508
3 16 -7.806 -.011 17.122 -7.586 3.897 17.873 -8.564 4.237 17.367
3 16 -7.586 3.897 17.873 -4.943 8.213 16.829 -4.246 10.467 16.346
3 16 -4.246 10.467 16.346 -8.564 4.237 17.367 -7.586 3.897 17.873
3 16 -5.302 -9.892 8.363 -4.262 -8.853 11.779 -5.999 -9.532 8.478
4 16 -3.467 -9.951 8.957 -3.085 -9.063 11.663 -4.262 -8.853 11.779 -5.302 -9.892 8.363
3 16 -4.262 -8.853 11.779 -3.077 -6.66 14.08 -4.592 -6.343 14.08
3 16 -4.262 -8.853 11.779 -3.085 -9.063 11.663 -3.077 -6.66 14.08
3 16 -4.592 -6.343 14.08 -4.706 -3.653 16.129 -6.579 -3.55 15.88
3 16 -4.592 -6.343 14.08 -3.077 -6.66 14.08 -4.706 -3.653 16.129
3 16 -6.579 -3.55 15.88 -6.482 -.016 17.637 -7.806 -.011 17.122
3 16 -6.579 -3.55 15.88 -4.706 -3.653 16.129 -6.482 -.016 17.637
3 16 -7.806 -.011 17.122 -6.539 3.21 18.042 -7.586 3.897 17.873
3 16 -7.806 -.011 17.122 -6.482 -.016 17.637 -6.539 3.21 18.042
3 16 -7.586 3.897 17.873 -6.539 3.21 18.042 -4.943 8.213 16.829
3 16 -4.943 8.213 16.829 -3.114 5.259 18.461 -4.246 10.467 16.346
3 16 -4.943 8.213 16.829 -4.393 3.894 17.961 -3.114 5.259 18.461
3 16 -4.393 3.894 17.961 -1.467 3.021 18.782 -3.114 5.259 18.461
3 16 -4.393 3.894 17.961 -1.922 1.107 18.075 -1.467 3.021 18.782
4 16 -.09 -.333 18.072 1.025 1.108 18.819 -1.467 3.021 18.782 -1.922 1.107 18.075
3 16 2.484 -1.324 18.063 1.025 1.108 18.819 -.09 -.333 18.072
3 16 2.484 -1.324 18.063 3.231 -.497 18.283 1.025 1.108 18.819
3 16 3.231 -.497 18.283 2.484 -1.324 18.063 4.135 -2.523 17.4
3 16 4.135 -2.523 17.4 4.664 -1.797 17.445 3.231 -.497 18.283
3 16 5.139 -3.911 16.185 4.664 -1.797 17.445 4.135 -2.523 17.4
3 16 4.664 -1.797 17.445 5.139 -3.911 16.185 5.733 -3.401 15.956
3 16 5.139 -3.911 16.185 5.679 -4.752 14.215 5.733 -3.401 15.956
3 16 5.139 -3.911 16.185 5.273 -5.339 13.81 5.679 -4.752 14.215
3 16 -5.374 2.841 17.184 -4.393 3.894 17.961 -4.943 8.213 16.829
3 16 -5.374 2.841 17.184 -1.922 1.107 18.075 -4.393 3.894 17.961
3 16 -5.374 2.841 17.184 -2.259 -.683 17.164 -1.922 1.107 18.075
3 16 -2.259 -.683 17.164 -.09 -.333 18.072 -1.922 1.107 18.075
4 16 1.773 -2.099 17.764 -.09 -.333 18.072 -2.259 -.683 17.164 -1.098 -1.612 17.059
3 16 -.09 -.333 18.072 1.773 -2.099 17.764 2.484 -1.324 18.063
3 16 2.484 -1.324 18.063 3.56 -3.164 17.169 4.135 -2.523 17.4
3 16 2.484 -1.324 18.063 1.773 -2.099 17.764 3.56 -3.164 17.169
3 16 3.56 -3.164 17.169 5.139 -3.911 16.185 4.135 -2.523 17.4
3 16 3.56 -3.164 17.169 4.342 -4.185 16.137 5.139 -3.911 16.185
3 16 5.139 -3.911 16.185 4.913 -5.141 14.485 5.273 -5.339 13.81
3 16 5.139 -3.911 16.185 4.342 -4.185 16.137 4.913 -5.141 14.485
3 16 -9.508 7.086 15.915 -9.695 3.392 16.182 -8.145 6.924 16.658
3 16 -9.695 3.392 16.182 -9.508 7.086 15.915 -10.714 3.71 15.426
4 16 -9.508 7.086 15.915 -8.145 6.924 16.658 -6.349 10.049 15.599 -7.885 10.194 14.754
3 16 -7.885 10.194 14.754 -6.349 10.049 15.599 -5.965 12.281 15.247
3 16 -7.885 10.194 14.754 -5.965 12.281 15.247 -6.72 13.913 14.102
3 16 -7.885 10.194 14.754 -6.72 13.913 14.102 -8.175 13.393 13.528
3 16 -8.03 15.609 13.58 -8.175 13.393 13.528 -6.72 13.913 14.102
3 16 -8.03 15.609 13.58 -6.72 13.913 14.102 -7.71 15.879 14.431
3 16 -7.885 10.194 14.754 -8.175 13.393 13.528 -9.693 10.47 13.837
3 16 -9.508 7.086 15.915 -7.885 10.194 14.754 -9.693 10.47 13.837
3 16 -9.508 7.086 15.915 -9.693 10.47 13.837 -10.873 7.345 14.867
3 16 -10.714 3.71 15.426 -10.147 2.885 15.718 -9.695 3.392 16.182
3 16 -9.508 7.086 15.915 -10.873 7.345 14.867 -10.714 3.71 15.426
3 16 -5.58 14.514 14.894 -7.71 15.879 14.431 -6.72 13.913 14.102
3 16 -5.965 12.281 15.247 -5.58 14.514 14.894 -6.72 13.913 14.102
3 16 -5.58 14.514 14.894 -7.006 16.632 14.845 -7.71 15.879 14.431
3 16 -7.006 16.632 14.845 -7.084 17.597 13.548 -7.704 17.221 12.963
3 16 -7.006 16.632 14.845 -6.346 17.919 13.956 -7.084 17.597 13.548
3 16 -7.71 15.879 14.431 -7.704 17.221 12.963 -8.03 15.609 13.58
3 16 -7.704 17.221 12.963 -7.71 15.879 14.431 -7.006 16.632 14.845
3 16 -13.114 2.658 13.385 -13.098 .085 12.019 -12.376 .229 12.48
3 16 -13.114 2.658 13.385 -14.562 3.491 12.438 -13.098 .085 12.019
3 16 -13.469 4.029 13.702 -14.562 3.491 12.438 -13.114 2.658 13.385
3 16 -13.469 4.029 13.702 -15.016 5.293 12.166 -14.562 3.491 12.438
3 16 -13.794 6.901 13.137 -15.016 5.293 12.166 -13.469 4.029 13.702
3 16 -13.794 6.901 13.137 -15.089 7.067 11.627 -15.016 5.293 12.166
3 16 -12.92 10.129 11.195 -15.089 7.067 11.627 -13.794 6.901 13.137
3 16 -12.92 10.129 11.195 -14.077 11.01 9.622 -15.089 7.067 11.627
3 16 -12.193 12.96 11.27 -14.077 11.01 9.622 -12.92 10.129 11.195
3 16 -12.193 12.96 11.27 -13.196 14.269 10.417 -14.077 11.01 9.622
3 16 -12.193 12.96 11.27 -13.155 15.282 12.325 -13.196 14.269 10.417
3 16 -12.193 12.96 11.27 -12.27 13.737 12.926 -13.155 15.282 12.325
3 16 -13.098 .085 12.019 -12.695 -1.147 11.779 -12.376 .229 12.48
3 16 -13.098 .085 12.019 -13.467 -1.974 10.882 -12.695 -1.147 11.779
3 16 7.053 2.781 18.482 5.006 1.257 17.093 5.818 -1.154 16.35
3 16 7.053 2.781 18.482 4.945 3.566 17.878 5.006 1.257 17.093
3 16 7.053 2.781 18.482 5.193 5.887 18.071 4.945 3.566 17.878
3 16 7.053 2.781 18.482 7.525 6.209 18.962 5.193 5.887 18.071
4 16 4.056 9.214 17.684 5.193 5.887 18.071 7.525 6.209 18.962 6.741 8.898 18.682
3 16 4.245 11.428 17.924 4.056 9.214 17.684 6.741 8.898 18.682
3 16 4.245 11.428 17.924 2.658 10.818 17.119 4.056 9.214 17.684
3 16 3.018 12.843 17.576 2.658 10.818 17.119 4.245 11.428 17.924
3 16 3.018 12.843 17.576 1.241 13.055 17.045 2.658 10.818 17.119
3 16 2.191 14.524 18.26 1.241 13.055 17.045 3.018 12.843 17.576
3 16 2.191 14.524 18.26 .49 14.254 17.803 1.241 13.055 17.045
3 16 1.648 15.984 18.576 .49 14.254 17.803 2.191 14.524 18.26
3 16 1.648 15.984 18.576 -.494 15.785 18.076 .49 14.254 17.803
3 16 .311 16.636 15.553 -.494 15.785 18.076 1.648 15.984 18.576
3 16 .311 16.636 15.553 1.648 15.984 18.576 2.06 17.131 15.213
3 16 3.5 4.125 18.722 4.028 2.455 18.098 4.378 4.223 18.558
3 16 3.5 4.125 18.722 4.378 4.223 18.558 4.541 5.939 18.833
3 16 3.5 4.125 18.722 4.541 5.939 18.833 2.985 5.844 18.931
3 16 2.985 5.844 18.931 4.541 5.939 18.833 3.426 8.768 18.771
3 16 2.985 5.844 18.931 3.426 8.768 18.771 1.727 8.562 18.57
3 16 1.727 8.562 18.57 3.426 8.768 18.771 2.44 10.186 18.037
3 16 1.727 8.562 18.57 2.44 10.186 18.037 1.082 10.105 17.862
3 16 1.082 10.105 17.862 .01 8.396 18.585 1.727 8.562 18.57
3 16 1.082 10.105 17.862 -.285 10.107 17.925 .01 8.396 18.585
3 16 1.727 8.562 18.57 1.415 5.735 19.151 2.985 5.844 18.931
3 16 1.727 8.562 18.57 .01 8.396 18.585 1.415 5.735 19.151
3 16 2.985 5.844 18.931 2.602 3.988 18.967 3.5 4.125 18.722
3 16 2.985 5.844 18.931 1.415 5.735 19.151 2.602 3.988 18.967
3 16 3.5 4.125 18.722 2.602 3.988 18.967 4.028 2.455 18.098
3 16 1.082 10.105 17.862 2.44 10.186 18.037 1.394 11.56 17.24
3 16 1.082 10.105 17.862 1.394 11.56 17.24 .431 11.684 17.146
3 16 .431 11.684 17.146 -.285 10.107 17.925 1.082 10.105 17.862
3 16 .431 11.684 17.146 1.394 11.56 17.24 1.241 13.055 17.045
3 16 .431 11.684 17.146 1.241 13.055 17.045 .49 14.254 17.803
3 16 .49 14.254 17.803 -.522 11.798 17.216 .431 11.684 17.146
3 16 .431 11.684 17.146 -.522 11.798 17.216 -.285 10.107 17.925
3 16 .49 14.254 17.803 -.494 15.785 18.076 -.522 11.798 17.216
3 16 11.83 -5.523 6.544 10.837 -5.88 3.295 12.65 -4.537 5.392
3 16 11.83 -5.523 6.544 9.069 -7.002 2.947 10.837 -5.88 3.295
3 16 14.106 -3.233 6.964 11.83 -5.523 6.544 12.65 -4.537 5.392
3 16 14.106 -3.233 6.964 12.81 -3.726 9.166 11.83 -5.523 6.544
3 16 15.318 -1.665 8.508 12.81 -3.726 9.166 14.106 -3.233 6.964
3 16 15.318 -1.665 8.508 12.999 -1.172 12.33 12.81 -3.726 9.166
3 16 16.039 .947 9.954 12.999 -1.172 12.33 15.318 -1.665 8.508
3 16 16.039 .947 9.954 13.565 .897 12.985 12.999 -1.172 12.33
3 16 16.304 5.597 11.365 13.565 .897 12.985 16.039 .947 9.954
3 16 16.304 5.597 11.365 14.186 5.729 13.801 13.565 .897 12.985
4 16 14.088 9.402 13.411 14.186 5.729 13.801 16.304 5.597 11.365 15.542 9.117 11.744
3 16 15.542 9.117 11.744 13.293 12.914 12.002 14.088 9.402 13.411
3 16 15.542 9.117 11.744 14.183 12.749 10.892 13.293 12.914 12.002
3 16 -11.241 -6.686 -.879 -12.902 -5.254 -.931 -12.661 -4.317 -1.985
3 16 -12.661 -4.317 -1.985 -10.649 -5.851 -1.513 -11.241 -6.686 -.879
3 16 -12.902 -5.254 -.931 -15.033 -2.864 .254 -15.009 -1.689 -1.629
3 16 -15.009 -1.689 -1.629 -12.661 -4.317 -1.985 -12.902 -5.254 -.931
3 16 -8.024 -7.49 -.265 -11.241 -6.686 -.879 -10.649 -5.851 -1.513
3 16 -8.024 -7.49 -.265 -8.23 -7.648 .006 -11.241 -6.686 -.879
4 16 -15.033 -2.864 .254 -16.437 -.105 1.699 -16.372 1.448 -1.045 -15.009 -1.689 -1.629
3 16 -16.437 -.105 1.699 -17.268 2.945 3.586 -16.372 1.448 -1.045
3 16 -16.437 -.105 1.699 -17.008 1.19 4.692 -17.268 2.945 3.586
3 16 -17.008 1.19 4.692 -16.72 3.278 6.94 -17.268 2.945 3.586
3 16 -17.008 1.19 4.692 -16.556 1.66 6.902 -16.72 3.278 6.94
3 16 -15.769 1.407 9.014 -16.72 3.278 6.94 -16.556 1.66 6.902
3 16 -15.769 1.407 9.014 -15.746 2.455 10.224 -16.72 3.278 6.94
3 16 -15.009 -1.689 -1.629 -14.304 -2.361 -3.813 -12.661 -4.317 -1.985
3 16 -15.009 -1.689 -1.629 -16.053 .466 -3.082 -14.304 -2.361 -3.813
3 16 -16.053 .466 -3.082 -15.009 -1.689 -1.629 -16.372 1.448 -1.045
3 16 -16.053 .466 -3.082 -16.372 1.448 -1.045 -16.664 3.064 -2.037
3 16 -16.664 3.064 -2.037 -16.632 2.899 -4.536 -16.053 .466 -3.082
3 16 -16.664 3.064 -2.037 -16.789 4.761 -3.047 -16.632 2.899 -4.536
3 16 -16.789 4.761 -3.047 -15.661 7.317 -6.12 -16.632 2.899 -4.536
3 16 -16.632 2.899 -4.536 -15.661 7.317 -6.12 -15.292 6.57 -7.682
3 16 -16.632 2.899 -4.536 -15.292 6.57 -7.682 -16.284 .978 -6.127
3 16 -16.053 .466 -3.082 -16.284 .978 -6.127 -14.304 -2.361 -3.813
3 16 -16.053 .466 -3.082 -16.632 2.899 -4.536 -16.284 .978 -6.127
3 16 -15.661 7.317 -6.12 -14.313 10.207 -7.379 -15.292 6.57 -7.682
3 16 -15.661 7.317 -6.12 -14.82 10.235 -6.216 -14.313 10.207 -7.379
3 16 -14.82 10.235 -6.216 -14.294 12.718 -6.192 -14.313 10.207 -7.379
3 16 -14.82 10.235 -6.216 -14.822 12.329 -5.305 -14.294 12.718 -6.192
4 16 -14.294 12.718 -6.192 -14.822 12.329 -5.305 -15.423 13.476 -3.914 -15.096 14.142 -4.352
3 16 -15.423 13.476 -3.914 -16.44 14.105 -2.049 -15.096 14.142 -4.352
3 16 -15.423 13.476 -3.914 -16.309 13.334 -2.361 -16.44 14.105 -2.049
3 16 -16.309 13.334 -2.361 -16.803 13.324 -1.234 -16.44 14.105 -2.049
3 16 -16.789 4.761 -3.047 -16.063 7.908 -4.615 -15.661 7.317 -6.12
3 16 -16.063 7.908 -4.615 -14.82 10.235 -6.216 -15.661 7.317 -6.12
3 16 -16.063 7.908 -4.615 -15.413 10.161 -4.848 -14.82 10.235 -6.216
3 16 -15.413 10.161 -4.848 -14.822 12.329 -5.305 -14.82 10.235 -6.216
3 16 -15.413 10.161 -4.848 -15.253 12.186 -4.459 -14.822 12.329 -5.305
3 16 -15.253 12.186 -4.459 -15.423 13.476 -3.914 -14.822 12.329 -5.305
3 16 -15.253 12.186 -4.459 -15.582 12.938 -3.643 -15.423 13.476 -3.914
3 16 -15.423 13.476 -3.914 -15.582 12.938 -3.643 -16.309 13.334 -2.361
3 16 -11.726 -6.989 8.245 -12.821 -6.645 7.266 -11.44 -8.217 5.227
3 16 -11.44 -8.217 5.227 -10.533 -8.359 5.833 -11.726 -6.989 8.245
3 16 -10.533 -8.359 5.833 -11.44 -8.217 5.227 -9.342 -8.66 4.363
3 16 -10.533 -8.359 5.833 -9.342 -8.66 4.363 -8.696 -8.534 4.835
3 16 -8.696 -8.534 4.835 -9.342 -8.66 4.363 -6.542 -8.654 3.586
3 16 -8.696 -8.534 4.835 -6.542 -8.654 3.586 -6.408 -8.717 4.19
3 16 -11.726 -6.989 8.245 -13.027 -5.028 9.196 -12.821 -6.645 7.266
3 16 -11.726 -6.989 8.245 -12.172 -5.208 9.959 -13.027 -5.028 9.196
3 16 -12.172 -5.208 9.959 -13.087 -3.456 10.827 -13.027 -5.028 9.196
4 16 -11.187 -5.253 10.434 -12.18 -3.523 11.242 -13.087 -3.456 10.827 -12.172 -5.208 9.959
3 16 -6.408 -8.717 4.19 -8.337 -8.397 5.162 -8.696 -8.534 4.835
3 16 -8.696 -8.534 4.835 -9.416 -8.311 6.312 -10.533 -8.359 5.833
3 16 -8.696 -8.534 4.835 -8.337 -8.397 5.162 -9.416 -8.311 6.312
3 16 -10.533 -8.359 5.833 -9.416 -8.311 6.312 -10.408 -7.222 9.166
3 16 -10.408 -7.222 9.166 -11.726 -6.989 8.245 -10.533 -8.359 5.833
3 16 -10.408 -7.222 9.166 -12.172 -5.208 9.959 -11.726 -6.989 8.245
3 16 -10.408 -7.222 9.166 -11.187 -5.253 10.434 -12.172 -5.208 9.959
3 16 -12.18 -3.523 11.242 -12.835 -2.917 11.508 -13.087 -3.456 10.827
3 16 -9.565 -8.196 2.702 -9.887 -8.217 1.96 -7.232 -8.209 2.356
3 16 -11.675 -7.46 3.016 -9.887 -8.217 1.96 -9.565 -8.196 2.702
3 16 -11.675 -7.46 3.016 -12.25 -7.396 2.093 -9.887 -8.217 1.96
4 16 -13.934 -5.852 2.939 -12.25 -7.396 2.093 -11.675 -7.46 3.016 -13.024 -6.154 3.852
4 16 -15.012 -4.244 4.612 -13.934 -5.852 2.939 -13.024 -6.154 3.852 -13.97 -4.808 5.179
3 16 -14.668 -3.283 7.905 -15.012 -4.244 4.612 -13.97 -4.808 5.179
3 16 -14.668 -3.283 7.905 -15.719 -2.602 7.418 -15.012 -4.244 4.612
3 16 -14.668 -3.283 7.905 -15.747 -.783 10.2 -15.719 -2.602 7.418
3 16 -14.668 -3.283 7.905 -14.596 -1.488 10.645 -15.747 -.783 10.2
3 16 -14.596 -1.488 10.645 -14.027 .494 11.554 -15.522 1.172 11.132
3 16 -15.522 1.172 11.132 -15.747 -.783 10.2 -14.596 -1.488 10.645
3 16 -14.608 2.316 11.59 -15.522 1.172 11.132 -14.027 .494 11.554
3 16 -14.608 2.316 11.59 -15.663 2.524 11.029 -15.522 1.172 11.132
3 16 -9.231 -8.069 3.362 -7.232 -8.209 2.356 -7.085 -8.227 3.082
3 16 -9.231 -8.069 3.362 -9.565 -8.196 2.702 -7.232 -8.209 2.356
3 16 -9.565 -8.196 2.702 -9.231 -8.069 3.362 -11.182 -7.566 3.811
3 16 -9.565 -8.196 2.702 -11.182 -7.566 3.811 -11.675 -7.46 3.016
3 16 -11.675 -7.46 3.016 -11.182 -7.566 3.811 -12.333 -6.595 4.712
3 16 -11.675 -7.46 3.016 -12.333 -6.595 4.712 -13.024 -6.154 3.852
3 16 -13.024 -6.154 3.852 -12.333 -6.595 4.712 -13.092 -5.415 5.715
3 16 -13.024 -6.154 3.852 -13.092 -5.415 5.715 -13.97 -4.808 5.179
3 16 -13.97 -4.808 5.179 -13.092 -5.415 5.715 -13.558 -3.73 8.235
3 16 -13.97 -4.808 5.179 -13.558 -3.73 8.235 -14.668 -3.283 7.905
3 16 -13.558 -3.73 8.235 -14.596 -1.488 10.645 -14.668 -3.283 7.905
3 16 -13.558 -3.73 8.235 -13.467 -1.974 10.882 -14.596 -1.488 10.645
3 16 -14.596 -1.488 10.645 -13.467 -1.974 10.882 -13.098 .085 12.019
3 16 -14.596 -1.488 10.645 -13.098 .085 12.019 -14.027 .494 11.554
3 16 -13.098 .085 12.019 -14.608 2.316 11.59 -14.027 .494 11.554
3 16 -13.098 .085 12.019 -14.562 3.491 12.438 -14.608 2.316 11.59
3 16 -14.562 3.491 12.438 -14.926 3.948 10.935 -14.608 2.316 11.59
3 16 -14.562 3.491 12.438 -15.016 5.293 12.166 -14.926 3.948 10.935
3 16 -15.368 4.481 9.839 -14.926 3.948 10.935 -15.016 5.293 12.166
3 16 -15.368 4.481 9.839 -15.016 5.293 12.166 -15.047 6.236 9.072
3 16 -15.368 4.481 9.839 -15.047 6.236 9.072 -14.887 4.552 7.973
3 16 -15.089 7.067 11.627 -15.047 6.236 9.072 -15.016 5.293 12.166
3 16 -15.089 7.067 11.627 -14.771 8.51 8.949 -15.047 6.236 9.072
3 16 -14.771 8.51 8.949 -15.089 7.067 11.627 -14.077 11.01 9.622
3 16 -14.771 8.51 8.949 -14.077 11.01 9.622 -14.307 10.658 8.574
3 16 -13.791 12.815 8.295 -14.307 10.658 8.574 -14.077 11.01 9.622
3 16 -13.791 12.815 8.295 -14.077 11.01 9.622 -13.196 14.269 10.417
3 16 -13.187 14.898 8.424 -13.791 12.815 8.295 -13.196 14.269 10.417
3 16 -13.187 14.898 8.424 -13.196 14.269 10.417 -12.712 16.636 9.493
3 16 -13.154 16.2 12.383 -12.712 16.636 9.493 -13.196 14.269 10.417
3 16 -13.154 16.2 12.383 -13.196 14.269 10.417 -13.155 15.282 12.325
3 16 -14.926 3.948 10.935 -15.663 2.524 11.029 -14.608 2.316 11.59
3 16 -14.926 3.948 10.935 -15.368 4.481 9.839 -15.663 2.524 11.029
3 16 -8.324 -5.584 12.935 -8.176 -7.389 10.506 -7.214 -7.331 10.891
3 16 -8.324 -5.584 12.935 -9.715 -5.788 12.701 -8.176 -7.389 10.506
3 16 -8.176 -7.389 10.506 -6.448 -8.366 8.086 -6.278 -8.293 8.822
3 16 -9.707 -3.173 14.133 -9.715 -5.788 12.701 -8.324 -5.584 12.935
3 16 -9.707 -3.173 14.133 -11.157 -3.146 13.891 -9.715 -5.788 12.701
4 16 -9.707 -3.173 14.133 -10.254 -.652 14.665 -11.691 .153 14.612 -11.157 -3.146 13.891
3 16 -10.311 2.16 14.52 -11.691 .153 14.612 -10.254 -.652 14.665
3 16 -10.311 2.16 14.52 -10.931 4.01 14.034 -11.691 .153 14.612
3 16 -6.278 -8.293 8.822 -7.214 -7.331 10.891 -8.176 -7.389 10.506
3 16 -7.214 -7.331 10.891 -6.278 -8.293 8.822 -6.318 -7.168 11.139
3 16 -7.214 -7.331 10.891 -7.105 -5.236 12.873 -8.324 -5.584 12.935
3 16 -7.214 -7.331 10.891 -6.318 -7.168 11.139 -7.105 -5.236 12.873
3 16 -8.324 -5.584 12.935 -8.437 -3.104 13.995 -9.707 -3.173 14.133
3 16 -8.324 -5.584 12.935 -7.105 -5.236 12.873 -8.437 -3.104 13.995
3 16 -9.707 -3.173 14.133 -9.007 -1.374 14.408 -10.254 -.652 14.665
3 16 -9.707 -3.173 14.133 -8.437 -3.104 13.995 -9.007 -1.374 14.408
3 16 -10.254 -.652 14.665 -9.384 .597 14.747 -10.311 2.16 14.52
3 16 -10.254 -.652 14.665 -9.007 -1.374 14.408 -9.384 .597 14.747
3 16 -17.687 5.244 2.564 -17.295 6.809 -.83 -16.209 3.216 -.867
3 16 -17.295 6.809 -.83 -17.687 5.244 2.564 -17.877 7.248 4.217
3 16 -17.877 7.248 4.217 -17.355 8.822 1.23 -17.295 6.809 -.83
3 16 -17.355 8.822 1.23 -17.877 7.248 4.217 -17.276 9.933 5.301
3 16 -17.276 9.933 5.301 -16.595 10.938 3.631 -17.355 8.822 1.23
3 16 -16.246 12.614 5.573 -16.595 10.938 3.631 -17.276 9.933 5.301
3 16 -16.246 12.614 5.573 -15.694 12.962 4.711 -16.595 10.938 3.631
3 16 -15.311 15.082 5.827 -15.694 12.962 4.711 -16.246 12.614 5.573
3 16 -15.311 15.082 5.827 -14.941 16.464 5.315 -15.694 12.962 4.711
3 16 -17.687 5.244 2.564 -16.209 3.216 -.867 -16.555 3.597 .488
3 16 -14.701 16.334 6.208 -14.573 16.822 5.703 -15.311 15.082 5.827
3 16 -14.573 16.822 5.703 -14.941 16.464 5.315 -15.311 15.082 5.827
3 16 -14.701 16.334 6.208 -13.834 18.147 6.778 -14.573 16.822 5.703
3 16 -8.856 -7.254 -1.323 -7.953 -7.067 -3.016 -7.327 -7.757 -1.173
3 16 -9.96 -6.71 -1.943 -7.953 -7.067 -3.016 -8.856 -7.254 -1.323
3 16 -9.96 -6.71 -1.943 -8.716 -6.6 -4.053 -7.953 -7.067 -3.016
3 16 -10.985 -5.971 -2.661 -8.716 -6.6 -4.053 -9.96 -6.71 -1.943
3 16 -10.985 -5.971 -2.661 -9.674 -6.099 -4.795 -8.716 -6.6 -4.053
3 16 -10.985 -5.971 -2.661 -10.568 -5.375 -5.431 -9.674 -6.099 -4.795
3 16 -10.985 -5.971 -2.661 -12.001 -5.19 -3.391 -10.568 -5.375 -5.431
3 16 -12.001 -5.19 -3.391 -12.097 -3.487 -6.217 -10.568 -5.375 -5.431
3 16 -12.001 -5.19 -3.391 -13.62 -2.983 -4.794 -12.097 -3.487 -6.217
3 16 -13.62 -2.983 -4.794 -12.975 -1.586 -6.84 -12.097 -3.487 -6.217
3 16 -13.62 -2.983 -4.794 -14.161 1.289 -6.765 -12.975 -1.586 -6.84
3 16 -6.928 -7.755 -.178 -7.327 -7.757 -1.173 -6.845 -7.765 -1.511
3 16 7.154 -8.223 9.664 4.816 -8.005 8.464 5.11 -8.746 7.417
3 16 7.154 -8.223 9.664 5.76 -7.349 9.964 4.816 -8.005 8.464
3 16 7.154 -8.223 9.664 6.668 -6.247 12.315 5.76 -7.349 9.964
3 16 7.154 -8.223 9.664 8.979 -7.231 11.704 6.668 -6.247 12.315
3 16 10.094 -5.456 13.624 6.668 -6.247 12.315 8.979 -7.231 11.704
3 16 10.094 -5.456 13.624 7.213 -4.679 14.353 6.668 -6.247 12.315
3 16 10.094 -5.456 13.624 7.471 -2.996 15.411 7.213 -4.679 14.353
3 16 10.094 -5.456 13.624 10.531 -2.344 15.374 7.471 -2.996 15.411
3 16 10.531 -2.344 15.374 7.48 -1.062 16.105 7.471 -2.996 15.411
3 16 10.531 -2.344 15.374 9.891 2.074 16.63 7.48 -1.062 16.105
3 16 9.891 2.074 16.63 7.113 .264 16.373 7.48 -1.062 16.105
3 16 9.891 2.074 16.63 8.517 3.951 16.513 7.113 .264 16.373
4 16 4.288 -7.784 8.591 3.898 -8.185 7.784 5.11 -8.746 7.417 4.816 -8.005 8.464
3 16 3.898 -8.185 7.784 4.23 -8.494 7.123 5.11 -8.746 7.417
3 16 4.23 -8.494 7.123 3.898 -8.185 7.784 2.736 -9.266 5.935
3 16 4.23 -8.494 7.123 2.736 -9.266 5.935 3.515 -9.941 4.561
3 16 1.638 -10.125 4.801 3.515 -9.941 4.561 2.736 -9.266 5.935
3 16 1.638 -10.125 4.801 3.044 -10.268 3.888 3.515 -9.941 4.561
3 16 1.638 -10.125 4.801 2.573 -10.595 3.214 3.044 -10.268 3.888
3 16 1.638 -10.125 4.801 1.617 -10.998 2.739 2.573 -10.595 3.214
3 16 .142 -10.924 4.093 1.617 -10.998 2.739 1.638 -10.125 4.801
3 16 .142 -10.924 4.093 .631 -11.381 2.274 1.617 -10.998 2.739
3 16 -1.455 -11.392 3.586 .631 -11.381 2.274 .142 -10.924 4.093
3 16 -1.455 -11.392 3.586 -1.535 -11.622 2.119 .631 -11.381 2.274
3 16 -1.535 -11.622 2.119 -1.455 -11.392 3.586 -3.171 -11.752 3.693
3 16 -3.171 -11.752 3.693 -3.398 -11.638 2.444 -1.535 -11.622 2.119
3 16 -4.896 -11.389 3.852 -3.398 -11.638 2.444 -3.171 -11.752 3.693
3 16 -4.896 -11.389 3.852 -5.405 -11.002 3.388 -3.398 -11.638 2.444
3 16 14.278 10.456 10.533 15.299 8.669 7.677 15.679 10.543 8.519
3 16 14.278 10.456 10.533 14.625 6.934 8.946 15.299 8.669 7.677
3 16 16.111 12.237 8.866 14.278 10.456 10.533 15.679 10.543 8.519
3 16 16.111 12.237 8.866 14.183 12.749 10.892 14.278 10.456 10.533
3 16 16.559 13.8 8.782 14.183 12.749 10.892 16.111 12.237 8.866
3 16 16.559 13.8 8.782 16.105 15.404 10.611 14.183 12.749 10.892
3 16 17.295 15.169 8.612 16.105 15.404 10.611 16.559 13.8 8.782
3 16 17.295 15.169 8.612 16.786 16.405 10.187 16.105 15.404 10.611
3 16 11.258 -.958 -10.144 12.322 -1.112 -5.375 10.563 -2.705 -6.887
3 16 11.258 -.958 -10.144 13.16 2.058 -9.622 12.322 -1.112 -5.375
3 16 13.16 2.058 -9.622 13.201 .847 -5.741 12.322 -1.112 -5.375
3 16 13.16 2.058 -9.622 14.257 4.66 -8.537 13.201 .847 -5.741
3 16 14.257 4.66 -8.537 14.138 4.986 -4.262 13.201 .847 -5.741
3 16 14.257 4.66 -8.537 15.331 7.162 -6.101 14.138 4.986 -4.262
3 16 15.331 7.162 -6.101 14.86 7.208 -2.056 14.138 4.986 -4.262
3 16 15.331 7.162 -6.101 16.155 8.845 -3.026 14.86 7.208 -2.056
3 16 15.986 10.545 .656 14.86 7.208 -2.056 16.155 8.845 -3.026
3 16 15.986 10.545 .656 15.576 9.137 1.29 14.86 7.208 -2.056
4 16 11.258 -.958 -10.144 10.563 -2.705 -6.887 8.897 -4.319 -7.687 8.535 -4.161 -9.446
3 16 6.457 -6.108 -8.315 8.535 -4.161 -9.446 8.897 -4.319 -7.687
4 16 11.798 2.208 14.543 12.284 2.591 13.66 12.377 5.076 13.716 11.935 4.975 14.536
3 16 12.377 5.076 13.716 11.635 7.625 14.668 11.935 4.975 14.536
3 16 12.377 5.076 13.716 12.282 7.768 13.64 11.635 7.625 14.668
3 16 11.635 7.625 14.668 12.282 7.768 13.64 12.02 9.899 14.047
3 16 11.635 7.625 14.668 12.02 9.899 14.047 11.118 9.746 14.92
3 16 11.118 9.746 14.92 10.873 7.538 15.694 11.635 7.625 14.668
3 16 11.118 9.746 14.92 10.671 9.711 15.499 10.873 7.538 15.694
3 16 11.635 7.625 14.668 11.458 4.813 15.345 11.935 4.975 14.536
3 16 11.635 7.625 14.668 10.873 7.538 15.694 11.458 4.813 15.345
3 16 11.798 2.208 14.543 12.143 1.604 13.908 12.284 2.591 13.66
3 16 11.935 4.975 14.536 11.458 4.813 15.345 11.798 2.208 14.543
3 16 11.118 9.746 14.92 10.667 11.846 15.074 10.671 9.711 15.499
3 16 11.118 9.746 14.92 11.205 11.693 14.458 10.667 11.846 15.074
3 16 11.205 11.693 14.458 11.118 9.746 14.92 12.02 9.899 14.047
3 16 11.502 12.997 14.528 10.667 11.846 15.074 11.205 11.693 14.458
3 16 11.551 11.732 14.019 11.502 12.997 14.528 11.205 11.693 14.458
3 16 11.205 11.693 14.458 12.02 9.899 14.047 11.551 11.732 14.019
3 16 11.551 11.732 14.019 11.562 12.926 13.957 11.502 12.997 14.528
3 16 11.502 12.997 14.528 11.016 13.301 15.221 10.667 11.846 15.074
3 16 -7.886 21.839 15.363 -6.438 20.378 15.356 -7.091 21.985 15.935
3 16 -7.886 21.839 15.363 -8.15 19.657 13.799 -6.438 20.378 15.356
3 16 -7.167 18.792 13.904 -5.381 18.493 14.672 -6.438 20.378 15.356
4 16 -6.438 20.378 15.356 -8.15 19.657 13.799 -7.69 18.597 13.449 -7.167 18.792 13.904
3 16 -7.69 18.597 13.449 -8.15 19.657 13.799 -8.185 19.594 13.209
3 16 -7.084 17.597 13.548 -6.346 17.919 13.956 -7.167 18.792 13.904
3 16 -6.346 17.919 13.956 -5.381 18.493 14.672 -7.167 18.792 13.904
3 16 -6.346 17.919 13.956 -4.886 17.471 14.375 -5.381 18.493 14.672
3 16 -3.808 19.765 15.152 -6.438 20.378 15.356 -5.381 18.493 14.672
3 16 -3.808 19.765 15.152 -5.196 21.199 15.775 -6.438 20.378 15.356
3 16 -5.196 21.199 15.775 -7.091 21.985 15.935 -6.438 20.378 15.356
3 16 -5.196 21.199 15.775 -5.885 22.317 15.868 -7.091 21.985 15.935
3 16 -3.298 19.217 14.776 -3.808 19.765 15.152 -5.381 18.493 14.672
3 16 -3.298 19.217 14.776 -5.381 18.493 14.672 -4.886 17.471 14.375
3 16 1.098 18.827 16.342 -.978 21.372 17.824 -.704 18.331 16.347
3 16 1.098 18.827 16.342 1.439 21.579 17.511 -.978 21.372 17.824
3 16 -.704 18.331 16.347 -.978 21.372 17.824 -2.146 20.805 16.728
3 16 -2.146 20.805 16.728 -2.736 19.304 15.067 -1.476 18.141 16.196
4 16 1.439 21.579 17.511 1.098 18.827 16.342 2.045 18.728 15.408 2.321 20.516 16.132
3 16 -.704 18.331 16.347 .311 16.636 15.553 1.098 18.827 16.342
3 16 -.704 18.331 16.347 -.639 16.079 15.356 .311 16.636 15.553
3 16 -1.476 18.141 16.196 -.704 18.331 16.347 -2.146 20.805 16.728
3 16 -.704 18.331 16.347 -1.476 18.141 16.196 -.639 16.079 15.356
3 16 2.06 17.131 15.213 1.098 18.827 16.342 .311 16.636 15.553
3 16 2.06 17.131 15.213 2.045 18.728 15.408 1.098 18.827 16.342
3 16 3.668 18.519 14.58 5.086 17.809 15.486 4.87 18.747 15.173
3 16 3.668 18.519 14.58 3.293 16.304 14.795 5.086 17.809 15.486
3 16 2.779 17.013 14.792 3.293 16.304 14.795 3.668 18.519 14.58
3 16 2.779 17.013 14.792 3.668 18.519 14.58 2.988 18.595 14.501
3 16 4.87 18.747 15.173 5.073 20.133 15.114 3.668 18.519 14.58
3 16 5.073 20.133 15.114 3.926 20.708 14.601 3.668 18.519 14.58
3 16 5.073 20.133 15.114 5.497 21.739 15.006 3.926 20.708 14.601
3 16 3.668 18.519 14.58 3.224 20.218 14.574 2.988 18.595 14.501
3 16 3.668 18.519 14.58 3.926 20.708 14.601 3.224 20.218 14.574
3 16 2.06 17.131 15.213 2.988 18.595 14.501 2.045 18.728 15.408
3 16 2.06 17.131 15.213 2.779 17.013 14.792 2.988 18.595 14.501
3 16 2.045 18.728 15.408 2.988 18.595 14.501 3.224 20.218 14.574
3 16 2.045 18.728 15.408 3.224 20.218 14.574 2.321 20.516 16.132
3 16 5.086 17.809 15.486 6.293 18.893 14.7 4.87 18.747 15.173
3 16 5.086 17.809 15.486 6.253 17.245 15.273 6.293 18.893 14.7
3 16 5.073 20.133 15.114 4.87 18.747 15.173 6.293 18.893 14.7
3 16 5.073 20.133 15.114 6.293 18.893 14.7 7.737 20.65 13.746
3 16 5.497 21.739 15.006 5.073 20.133 15.114 7.737 20.65 13.746
3 16 5.497 21.739 15.006 7.737 20.65 13.746 7.588 21.821 14.041
3 16 9.603 15.035 14.988 6.789 15.074 15.15 7.531 12.281 15.108
3 16 7.531 12.281 15.108 9.459 12.817 15.103 9.603 15.035 14.988
3 16 7.531 12.281 15.108 8.983 10.196 15.62 9.459 12.817 15.103
3 16 7.531 12.281 15.108 7.532 10.597 15.636 8.983 10.196 15.62
3 16 6.789 15.074 15.15 9.603 15.035 14.988 9.434 17.127 15.68
3 16 6.789 15.074 15.15 9.434 17.127 15.68 6.253 17.245 15.273
3 16 9.434 17.127 15.68 7.582 18.989 16.063 6.253 17.245 15.273
3 16 9.434 17.127 15.68 9.947 18.048 16.035 7.582 18.989 16.063
3 16 7.532 10.597 15.636 8.446 8.192 16.325 8.983 10.196 15.62
3 16 9.947 18.048 16.035 9.349 20.854 17.123 7.582 18.989 16.063
3 16 9.947 18.048 16.035 11.099 20.084 17.009 9.349 20.854 17.123
3 16 12.29 14.458 12.596 11.248 15.069 12.947 11.241 13.822 12.933
3 16 12.29 14.458 12.596 12.378 15.264 12.668 11.248 15.069 12.947
3 16 11.241 13.822 12.933 12.202 13.652 12.524 12.29 14.458 12.596
3 16 11.241 13.822 12.933 11.237 12.947 12.923 12.202 13.652 12.524
3 16 11.237 12.947 12.923 12.171 12.135 12.484 12.202 13.652 12.524
3 16 11.237 12.947 12.923 12.011 10.828 12.729 12.171 12.135 12.484
3 16 12.378 15.264 12.668 11.165 16.14 13 11.248 15.069 12.947
3 16 12.378 15.264 12.668 12.537 16.787 12.874 11.165 16.14 13
3 16 12.537 16.787 12.874 11.082 17.211 13.053 11.165 16.14 13
4 16 11.544 19.149 13.163 11.082 17.211 13.053 12.537 16.787 12.874 13.169 18.378 12.93
3 16 13.169 18.378 12.93 13.365 19.848 12.946 11.544 19.149 13.163
3 16 13.169 18.378 12.93 14.372 19.064 12.767 13.365 19.848 12.946
3 16 14.372 19.064 12.767 15.064 20.493 12.341 13.365 19.848 12.946
3 16 14.372 19.064 12.767 15.587 19.835 12.357 15.064 20.493 12.341
3 16 15.587 19.835 12.357 15.062 21.2 11.652 15.064 20.493 12.341
3 16 15.587 19.835 12.357 15.7 21.052 10.75 15.062 21.2 11.652
3 16 12.202 13.652 12.524 12.965 13.481 11.913 12.975 14.346 11.993
3 16 12.202 13.652 12.524 12.171 12.135 12.484 12.965 13.481 11.913
3 16 12.29 14.458 12.596 12.202 13.652 12.524 12.975 14.346 11.993
3 16 12.29 14.458 12.596 12.975 14.346 11.993 13.372 15.568 12.147
3 16 12.29 14.458 12.596 13.372 15.568 12.147 12.378 15.264 12.668
3 16 13.372 15.568 12.147 12.537 16.787 12.874 12.378 15.264 12.668
3 16 13.372 15.568 12.147 13.698 16.454 12.35 12.537 16.787 12.874
3 16 13.698 16.454 12.35 13.169 18.378 12.93 12.537 16.787 12.874
3 16 13.698 16.454 12.35 14.515 17.381 12.244 13.169 18.378 12.93
3 16 14.372 19.064 12.767 13.169 18.378 12.93 14.515 17.381 12.244
3 16 14.372 19.064 12.767 14.515 17.381 12.244 15.214 18.206 12.087
3 16 15.214 18.206 12.087 15.587 19.835 12.357 14.372 19.064 12.767
3 16 15.214 18.206 12.087 16.041 19.189 11.952 15.587 19.835 12.357
3 16 15.587 19.835 12.357 16.041 19.189 11.952 15.7 21.052 10.75
3 16 15.7 21.052 10.75 16.041 19.189 11.952 16.357 19.285 9.998
3 16 15.7 21.052 10.75 16.357 19.285 9.998 16.155 20.469 9.943
3 16 16.041 19.189 11.952 15.952 18.648 9.643 16.357 19.285 9.998
3 16 16.041 19.189 11.952 15.214 18.206 12.087 15.952 18.648 9.643
3 16 14.402 16.753 10.713 14.515 17.381 12.244 13.698 16.454 12.35
3 16 14.402 16.753 10.713 15.674 18.191 9.404 14.515 17.381 12.244
3 16 13.698 16.454 12.35 13.372 15.568 12.147 14.058 15.889 10.851
3 16 14.058 15.889 10.851 14.402 16.753 10.713 13.698 16.454 12.35
3 16 13.372 15.568 12.147 13.721 14.831 10.989 14.058 15.889 10.851
3 16 13.372 15.568 12.147 12.975 14.346 11.993 13.721 14.831 10.989
3 16 13.463 13.668 11.062 13.721 14.831 10.989 12.975 14.346 11.993
3 16 13.463 13.668 11.062 12.975 14.346 11.993 12.965 13.481 11.913
3 16 15.214 18.206 12.087 14.515 17.381 12.244 15.674 18.191 9.404
3 16 15.214 18.206 12.087 15.674 18.191 9.404 15.952 18.648 9.643
3 16 10.566 3.975 -10.765 9.637 1.958 -11.305 9.264 3.519 -12.103
3 16 13.988 9.801 -6.466 13.953 9.708 -5.618 13.267 8.457 -6.925
3 16 9.842 4.799 -11.513 10.566 3.975 -10.765 9.264 3.519 -12.103
3 16 9.842 4.799 -11.513 11.4 5.728 -9.793 10.566 3.975 -10.765
3 16 9.842 4.799 -11.513 11.01 6.971 -10.807 11.4 5.728 -9.793
3 16 11.01 6.971 -10.807 12.388 7.055 -8.35 11.4 5.728 -9.793
3 16 11.01 6.971 -10.807 12.631 8.572 -10.009 12.388 7.055 -8.35
3 16 12.631 8.572 -10.009 13.267 8.457 -6.925 12.388 7.055 -8.35
4 16 14.579 10.563 -7.516 13.267 8.457 -6.925 12.631 8.572 -10.009 14.001 10.184 -8.854
3 16 13.267 8.457 -6.925 14.579 10.563 -7.516 13.988 9.801 -6.466
3 16 16.034 13.698 -1.165 15.986 10.545 .656 13.953 9.708 -5.618
3 16 16.478 15.157 1.942 16.332 13.264 5.381 16.196 11.899 3.006
3 16 16.478 15.157 1.942 16.697 16.532 5.17 16.332 13.264 5.381
3 16 16.034 13.698 -1.165 16.478 15.157 1.942 16.196 11.899 3.006
3 16 16.034 13.698 -1.165 16.196 11.899 3.006 15.986 10.545 .656
3 16 15.986 10.545 .656 16.196 11.899 3.006 15.685 9.653 3.763
3 16 16.332 13.264 5.381 15.685 9.653 3.763 16.196 11.899 3.006
3 16 15.986 10.545 .656 15.685 9.653 3.763 15.576 9.137 1.29
3 16 16.247 4.784 4.587 19.311 6.709 5.732 18.225 5.495 6.265
3 16 16.247 4.784 4.587 17.955 7.047 2.631 19.311 6.709 5.732
3 16 18.225 5.495 6.265 19.311 6.709 5.732 19.143 7.15 7.703
3 16 18.225 5.495 6.265 19.143 7.15 7.703 17.968 6.181 8.231
3 16 19.143 7.15 7.703 17.211 8.463 7.663 16.754 7.46 8.852
3 16 16.754 7.46 8.852 17.968 6.181 8.231 19.143 7.15 7.703
3 16 17.211 8.463 7.663 15.299 8.669 7.677 16.754 7.46 8.852
3 16 15.299 8.669 7.677 17.211 8.463 7.663 16.991 9.086 6.331
3 16 15.299 8.669 7.677 16.991 9.086 6.331 15.122 9.426 5.545
3 16 15.122 9.426 5.545 16.991 9.086 6.331 15.685 9.653 3.763
3 16 -15.616 6.412 8.224 -14.887 4.552 7.973 -15.047 6.236 9.072
3 16 -15.616 6.412 8.224 -15.167 4.551 6.936 -14.887 4.552 7.973
3 16 -14.771 8.51 8.949 -15.616 6.412 8.224 -15.047 6.236 9.072
3 16 -14.771 8.51 8.949 -15.422 8.586 8.246 -15.616 6.412 8.224
4 16 -14.843 10.836 7.958 -15.422 8.586 8.246 -14.771 8.51 8.949 -14.307 10.658 8.574
3 16 -13.791 12.815 8.295 -14.843 10.836 7.958 -14.307 10.658 8.574
3 16 -13.791 12.815 8.295 -14.363 13.187 7.761 -14.843 10.836 7.958
3 16 -13.187 14.898 8.424 -14.363 13.187 7.761 -13.791 12.815 8.295
3 16 -13.187 14.898 8.424 -14.458 14.965 7.818 -14.363 13.187 7.761
3 16 -13.187 14.898 8.424 -14.564 15.871 8.114 -14.458 14.965 7.818
3 16 -13.187 14.898 8.424 -12.712 16.636 9.493 -14.564 15.871 8.114
3 16 -12.712 16.636 9.493 -15.28 17.136 8.895 -14.564 15.871 8.114
3 16 -14.487 18.135 10.323 -15.28 17.136 8.895 -12.712 16.636 9.493
3 16 -14.487 18.135 10.323 -15.617 17.949 9.334 -15.28 17.136 8.895
3 16 -11.268 17.23 10.281 -11.521 18.032 10.162 -13.996 18.505 10.674
3 16 -12.712 16.636 9.493 -13.996 18.505 10.674 -14.487 18.135 10.323
3 16 -13.996 18.505 10.674 -12.712 16.636 9.493 -11.268 17.23 10.281
3 16 -13.996 18.505 10.674 -11.521 18.032 10.162 -12.23 19.509 10.202
3 16 -13.996 18.505 10.674 -12.23 19.509 10.202 -13.784 19.211 10.488
3 16 -4.846 2.646 -11.7 -8.259 .245 -12.754 -7.484 2.66 -9.941
3 16 -4.846 2.646 -11.7 -5.822 -.206 -14.866 -8.259 .245 -12.754
3 16 -2.717 3.169 -12.253 -5.822 -.206 -14.866 -4.846 2.646 -11.7
3 16 -2.717 3.169 -12.253 -3.123 .088 -15.729 -5.822 -.206 -14.866
3 16 -2.717 3.169 -12.253 -.064 1.572 -16.066 -3.123 .088 -15.729
3 16 -2.717 3.169 -12.253 0 4 -13 -.064 1.572 -16.066
3 16 0 4 -13 3.458 4.033 -15.587 -.064 1.572 -16.066
3 16 0 4 -13 1.976 5.289 -12.607 3.458 4.033 -15.587
3 16 1.976 5.289 -12.607 5.346 6.157 -14.58 3.458 4.033 -15.587
3 16 1.976 5.289 -12.607 3.606 6.742 -12.283 5.346 6.157 -14.58
3 16 3.606 6.742 -12.283 6.11 7.502 -13.821 5.346 6.157 -14.58
3 16 3.606 6.742 -12.283 4.975 8.253 -12.011 6.11 7.502 -13.821
3 16 6.168 9.211 -11.214 6.11 7.502 -13.821 4.975 8.253 -12.011
3 16 6.168 9.211 -11.214 7.243 8.955 -12.429 6.11 7.502 -13.821
3 16 -8.694 .039 -12.603 -7.484 2.66 -9.941 -8.259 .245 -12.754
3 16 -8.694 .039 -12.603 -8.053 3.033 -9.67 -7.484 2.66 -9.941
3 16 -10.367 .944 -12.755 -8.053 3.033 -9.67 -8.694 .039 -12.603
3 16 -10.367 .944 -12.755 -8.444 4 -9.692 -8.053 3.033 -9.67
3 16 -11.025 3.822 -12.564 -8.444 4 -9.692 -10.367 .944 -12.755
3 16 -11.025 3.822 -12.564 -8.639 6.149 -9.618 -8.444 4 -9.692
3 16 -10.492 9.952 -12.008 -8.639 6.149 -9.618 -11.025 3.822 -12.564
3 16 -10.492 9.952 -12.008 -8.629 9.473 -9.569 -8.639 6.149 -9.618
3 16 -10.492 9.952 -12.008 -9.192 11.268 -9.192 -8.629 9.473 -9.569
3 16 -10.492 9.952 -12.008 -10.814 13.164 -10.821 -9.192 11.268 -9.192
3 16 -12.051 15.794 -8.97 -9.192 11.268 -9.192 -10.814 13.164 -10.821
3 16 -12.051 15.794 -8.97 -10.479 15.381 -7.268 -9.192 11.268 -9.192
3 16 -12.051 15.794 -8.97 -12.892 16.941 -5.556 -10.479 15.381 -7.268
3 16 -12.051 15.794 -8.97 -14.185 17.03 -6.682 -12.892 16.941 -5.556
3 16 -12.892 16.941 -5.556 -14.185 17.03 -6.682 -15.822 17.114 -4.879
3 16 -12.892 16.941 -5.556 -15.822 17.114 -4.879 -14.645 16.882 -3.011
3 16 -14.645 16.882 -3.011 -15.822 17.114 -4.879 -17.431 16.059 -2.215
3 16 -14.645 16.882 -3.011 -17.431 16.059 -2.215 -16.035 15.245 -1.374
3 16 -17.431 16.059 -2.215 -16.44 14.105 -2.049 -16.081 14.308 -1.457
3 16 -16.081 14.308 -1.457 -16.035 15.245 -1.374 -17.431 16.059 -2.215
3 16 -12.892 16.941 -5.556 -14.645 16.882 -3.011 -12.504 16.734 -2.495
3 16 -12.892 16.941 -5.556 -12.504 16.734 -2.495 -12.011 16.465 -4.975
3 16 -10.479 15.381 -7.268 -12.892 16.941 -5.556 -12.011 16.465 -4.975
3 16 -15.868 15.307 3.03 -15.368 16.855 2.326 -17.149 17.111 .65
3 16 -17.149 17.111 .65 -17.489 15.566 1.173 -15.868 15.307 3.03
3 16 -17.149 17.111 .65 -15.368 16.855 2.326 -14.861 18.794 1.513
3 16 -17.149 17.111 .65 -14.861 18.794 1.513 -16.317 18.637 -.019
3 16 -16.317 18.637 -.019 -14.861 18.794 1.513 -14.987 19.902 .225
3 16 -15.189 20.135 -.735 -15.224 20.039 -1.483 -16.317 18.637 -.019
3 16 -14.987 19.902 .225 -15.189 20.135 -.735 -16.317 18.637 -.019
3 16 -17.489 15.566 1.173 -17.79 13.38 1.312 -15.663 12.723 3.56
3 16 -15.663 12.723 3.56 -15.868 15.307 3.03 -17.489 15.566 1.173
3 16 -15.663 12.723 3.56 -17.79 13.38 1.312 -17.609 11.841 .786
3 16 -17.609 11.841 .786 -15.419 11.085 2.754 -15.663 12.723 3.56
3 16 -17.197 10.279 .025 -15.419 11.085 2.754 -17.609 11.841 .786
3 16 -17.197 10.279 .025 -16.117 9.374 1.164 -15.419 11.085 2.754
3 16 -17.197 10.279 .025 -16.402 7.655 -1.695 -16.505 7.103 -1.233
3 16 -16.505 7.103 -1.233 -16.117 9.374 1.164 -17.197 10.279 .025
3 16 -16.505 7.103 -1.233 -16.402 7.655 -1.695 -16.014 6.707 -2.45
3 16 -16.014 6.707 -2.45 -16.009 5.341 -1.72 -16.505 7.103 -1.233
3 16 -9.391 15.334 12.119 -7.704 17.221 12.963 -10.119 16.291 12.32
3 16 -9.391 15.334 12.119 -8.467 13.406 11.898 -7.704 17.221 12.963
3 16 -8.48 17.986 12.785 -10.119 16.291 12.32 -7.704 17.221 12.963
3 16 -8.48 17.986 12.785 -10.141 17.58 12.12 -10.119 16.291 12.32
3 16 -10.09 20.739 12.134 -10.141 17.58 12.12 -8.48 17.986 12.785
3 16 -10.09 20.739 12.134 -11.385 19.74 11.85 -10.141 17.58 12.12
3 16 -11.385 19.74 11.85 -10.09 20.739 12.134 -12.146 22.357 10.668
3 16 -11.385 19.74 11.85 -12.146 22.357 10.668 -13.024 21.738 10.157
3 16 -8.185 19.594 13.209 -10.09 20.739 12.134 -8.48 17.986 12.785
3 16 -8.185 19.594 13.209 -8.48 17.986 12.785 -7.69 18.597 13.449
3 16 -7.69 18.597 13.449 -8.48 17.986 12.785 -7.704 17.221 12.963
4 16 -7.167 18.792 13.904 -7.69 18.597 13.449 -7.704 17.221 12.963 -7.084 17.597 13.548
3 16 14.208 18.779 4.677 15.602 19.593 5.807 14.526 18.246 6.654
3 16 14.208 18.779 4.677 15.296 20.222 4.905 15.602 19.593 5.807
3 16 14.526 18.246 6.654 15.735 19.82 6.715 15.031 18.795 7.839
3 16 14.526 18.246 6.654 15.602 19.593 5.807 15.735 19.82 6.715
3 16 14.757 20.151 8.212 15.735 19.82 6.715 15.406 20.824 7.035
3 16 14.757 20.151 8.212 15.031 18.795 7.839 15.735 19.82 6.715
3 16 15.602 19.593 5.807 15.406 20.824 7.035 15.735 19.82 6.715
3 16 15.602 19.593 5.807 15.296 20.222 4.905 15.406 20.824 7.035
3 16 15.296 20.222 4.905 14.624 21.399 5.326 14.888 21.781 6.304
3 16 12.827 20.985 5.374 14.624 21.399 5.326 15.296 20.222 4.905
3 16 12.827 20.985 5.374 15.296 20.222 4.905 14.208 18.779 4.677
3 16 14.888 21.781 6.304 15.406 20.824 7.035 15.296 20.222 4.905
3 16 13.538 22.118 6.874 14.624 21.399 5.326 12.827 20.985 5.374
3 16 13.538 22.118 6.874 14.888 21.781 6.304 14.624 21.399 5.326
3 16 15.406 20.824 7.035 13.538 22.118 6.874 14.757 20.151 8.212
3 16 15.406 20.824 7.035 14.888 21.781 6.304 13.538 22.118 6.874
3 16 6.906 -9.132 4.978 4.412 -9.018 5.424 4.159 -8.727 4.094
3 16 6.906 -9.132 4.978 6.573 -9.132 6.545 4.412 -9.018 5.424
3 16 9.082 -8.369 6.129 8.593 -8.486 7.808 6.573 -9.132 6.545
3 16 10.768 -7.183 7.671 8.593 -8.486 7.808 9.082 -8.369 6.129
3 16 10.768 -7.183 7.671 10.248 -7.504 9.097 8.593 -8.486 7.808
4 16 12.651 -4.991 9.025 12.204 -5.332 9.733 10.248 -7.504 9.097 10.768 -7.183 7.671
3 16 12.204 -5.332 9.733 11.423 -5.62 10.604 10.248 -7.504 9.097
3 16 12.204 -5.332 9.733 12.091 -3.456 11.499 11.423 -5.62 10.604
3 16 12.091 -3.456 11.499 12.204 -5.332 9.733 12.892 -3.224 10.848
3 16 7.211 -8.964 3.409 6.906 -9.132 4.978 4.159 -8.727 4.094
3 16 7.211 -8.964 3.409 4.159 -8.727 4.094 3.918 -8.387 2.834
4 16 6.573 -9.132 6.545 6.906 -9.132 4.978 9.618 -8.303 4.429 9.082 -8.369 6.129
3 16 6.906 -9.132 4.978 7.211 -8.964 3.409 9.618 -8.303 4.429
4 16 10.768 -7.183 7.671 9.082 -8.369 6.129 9.618 -8.303 4.429 11.403 -7.031 6.332
3 16 10.768 -7.183 7.671 11.403 -7.031 6.332 12.651 -4.991 9.025
3 16 12.892 -3.224 10.848 12.847 -2.153 12.019 12.091 -3.456 11.499
3 16 12.204 -5.332 9.733 12.651 -4.991 9.025 12.892 -3.224 10.848
3 16 -13.55 8.377 -9.907 -12.743 3.826 -11.511 -14.009 3.753 -10.526
3 16 -13.55 8.377 -9.907 -12.306 9.235 -10.756 -12.743 3.826 -11.511
3 16 -11.981 -.167 -11.741 -14.009 3.753 -10.526 -12.743 3.826 -11.511
3 16 -11.981 -.167 -11.741 -13.23 -1.026 -10.604 -14.009 3.753 -10.526
3 16 -10.062 -1.784 -11.361 -13.23 -1.026 -10.604 -11.981 -.167 -11.741
3 16 -10.062 -1.784 -11.361 -11.319 -3.152 -9.956 -13.23 -1.026 -10.604
4 16 -11.319 -3.152 -9.956 -10.062 -1.784 -11.361 -7.808 -2.13 -10.727 -8.172 -3.691 -9.045
3 16 -12.306 9.235 -10.756 -13.55 8.377 -9.907 -13.473 11.54 -8.991
3 16 -12.306 9.235 -10.756 -13.473 11.54 -8.991 -12.503 12.284 -9.856
3 16 -13.699 13.354 -8.127 -12.503 12.284 -9.856 -13.473 11.54 -8.991
3 16 -13.699 13.354 -8.127 -13.062 14.389 -8.467 -12.503 12.284 -9.856
3 16 -13.062 14.389 -8.467 -13.699 13.354 -8.127 -14.993 15.014 -6.287
3 16 -13.062 14.389 -8.467 -14.993 15.014 -6.287 -14.185 17.03 -6.682
3 16 -15.822 17.114 -4.879 -14.185 17.03 -6.682 -14.993 15.014 -6.287
3 16 -15.822 17.114 -4.879 -14.993 15.014 -6.287 -15.932 15.12 -5.284
3 16 -15.822 17.114 -4.879 -15.932 15.12 -5.284 -17.258 14.766 -3.441
3 16 -17.258 14.766 -3.441 -17.431 16.059 -2.215 -15.822 17.114 -4.879
3 16 -12.306 9.235 -10.756 -11.025 3.822 -12.564 -12.743 3.826 -11.511
3 16 -12.306 9.235 -10.756 -10.492 9.952 -12.008 -11.025 3.822 -12.564
3 16 -12.743 3.826 -11.511 -11.025 3.822 -12.564 -10.367 .944 -12.755
3 16 -12.743 3.826 -11.511 -10.367 .944 -12.755 -11.981 -.167 -11.741
3 16 -10.062 -1.784 -11.361 -11.981 -.167 -11.741 -10.367 .944 -12.755
3 16 -10.062 -1.784 -11.361 -10.367 .944 -12.755 -8.694 .039 -12.603
3 16 -8.694 .039 -12.603 -7.808 -2.13 -10.727 -10.062 -1.784 -11.361
3 16 -8.694 .039 -12.603 -8.259 .245 -12.754 -7.808 -2.13 -10.727
3 16 -10.492 9.952 -12.008 -12.306 9.235 -10.756 -12.503 12.284 -9.856
3 16 -10.492 9.952 -12.008 -12.503 12.284 -9.856 -10.814 13.164 -10.821
3 16 -13.062 14.389 -8.467 -10.814 13.164 -10.821 -12.503 12.284 -9.856
3 16 -13.062 14.389 -8.467 -12.051 15.794 -8.97 -10.814 13.164 -10.821
3 16 -14.185 17.03 -6.682 -12.051 15.794 -8.97 -13.062 14.389 -8.467
3 16 -15.096 14.142 -4.352 -17.258 14.766 -3.441 -15.932 15.12 -5.284
3 16 -15.096 14.142 -4.352 -16.44 14.105 -2.049 -17.258 14.766 -3.441
3 16 -15.096 14.142 -4.352 -15.932 15.12 -5.284 -14.993 15.014 -6.287
3 16 -15.096 14.142 -4.352 -14.993 15.014 -6.287 -13.909 13.746 -5.623
3 16 -13.909 13.746 -5.623 -14.993 15.014 -6.287 -13.699 13.354 -8.127
3 16 -13.909 13.746 -5.623 -13.699 13.354 -8.127 -13.16 12.582 -6.867
3 16 -13.473 11.54 -8.991 -13.16 12.582 -6.867 -13.699 13.354 -8.127
3 16 -13.473 11.54 -8.991 -13.322 10.984 -7.657 -13.16 12.582 -6.867
3 16 -13.473 11.54 -8.991 -13.847 8.743 -8.06 -13.322 10.984 -7.657
3 16 -13.473 11.54 -8.991 -13.55 8.377 -9.907 -13.847 8.743 -8.06
3 16 -13.847 8.743 -8.06 -13.55 8.377 -9.907 -14.849 4.483 -8.704
3 16 -14.849 4.483 -8.704 -14.763 4.855 -7.783 -13.847 8.743 -8.06
3 16 -14.926 1.464 -8.369 -14.763 4.855 -7.783 -14.849 4.483 -8.704
3 16 -14.926 1.464 -8.369 -14.161 1.289 -6.765 -14.763 4.855 -7.783
3 16 -14.161 1.289 -6.765 -14.926 1.464 -8.369 -13.773 -1.339 -7.798
3 16 -14.161 1.289 -6.765 -13.773 -1.339 -7.798 -12.975 -1.586 -6.84
3 16 -12.975 -1.586 -6.84 -13.773 -1.339 -7.798 -11.384 -3.772 -7.38
3 16 -12.975 -1.586 -6.84 -11.384 -3.772 -7.38 -11.316 -3.397 -6.533
3 16 -8.37 -4.767 -6.945 -11.316 -3.397 -6.533 -11.384 -3.772 -7.38
3 16 -8.37 -4.767 -6.945 -8.421 -4.416 -5.927 -11.316 -3.397 -6.533
3 16 -7.444 -2.041 -11.934 -7.808 -2.13 -10.727 -8.259 .245 -12.754
3 16 -8.259 .245 -12.754 -5.674 -1.974 -14.306 -7.444 -2.041 -11.934
3 16 -8.259 .245 -12.754 -5.822 -.206 -14.866 -5.674 -1.974 -14.306
3 16 -3.263 -1.473 -15.35 -5.674 -1.974 -14.306 -5.822 -.206 -14.866
3 16 -3.263 -1.473 -15.35 -5.822 -.206 -14.866 -3.123 .088 -15.729
3 16 -.246 -.233 -16.124 -3.263 -1.473 -15.35 -3.123 .088 -15.729
3 16 -.246 -.233 -16.124 -3.123 .088 -15.729 -.064 1.572 -16.066
3 16 3.297 2.356 -15.956 -.246 -.233 -16.124 -.064 1.572 -16.066
3 16 3.297 2.356 -15.956 -.064 1.572 -16.066 3.458 4.033 -15.587
3 16 6.082 5.72 -14.786 3.297 2.356 -15.956 3.458 4.033 -15.587
3 16 6.082 5.72 -14.786 3.458 4.033 -15.587 5.346 6.157 -14.58
3 16 6.082 5.72 -14.786 5.346 6.157 -14.58 6.11 7.502 -13.821
3 16 6.082 5.72 -14.786 6.11 7.502 -13.821 7.128 7.276 -13.623
3 16 7.128 7.276 -13.623 6.11 7.502 -13.821 7.243 8.955 -12.429
3 16 7.128 7.276 -13.623 7.243 8.955 -12.429 8.149 9.168 -11.543
3 16 .042 -9.171 -9.978 -.697 -9.311 -6.995 -2.056 -9.433 -8.573
3 16 .042 -9.171 -9.978 1.446 -8.853 -7.78 -.697 -9.311 -6.995
3 16 -2.056 -9.433 -8.573 -.697 -9.311 -6.995 -2.977 -9.359 -5.98
3 16 -2.056 -9.433 -8.573 -2.977 -9.359 -5.98 -3.967 -9.255 -6.972
4 16 -2.977 -9.359 -5.98 -4.456 -9.131 -4.911 -5.212 -9.032 -5.231 -3.967 -9.255 -6.972
3 16 -5.212 -9.032 -5.231 -4.456 -9.131 -4.911 -5.44 -9.048 -3.611
3 16 -5.212 -9.032 -5.231 -5.44 -9.048 -3.611 -5.947 -8.847 -3.624
3 16 3.645 -7.31 -11.352 1.446 -8.853 -7.78 .042 -9.171 -9.978
3 16 3.645 -7.31 -11.352 4.519 -7.061 -8.578 1.446 -8.853 -7.78
3 16 6.259 -4.185 -12.465 4.519 -7.061 -8.578 3.645 -7.31 -11.352
3 16 6.259 -4.185 -12.465 7.411 -3.989 -10.202 4.519 -7.061 -8.578
3 16 8.363 -1.61 -11.067 7.411 -3.989 -10.202 6.259 -4.185 -12.465
3 16 8.363 -1.61 -11.067 6.259 -4.185 -12.465 7.515 -1.673 -12.971
3 16 9.042 .892 -11.668 8.363 -1.61 -11.067 7.515 -1.673 -12.971
3 16 9.042 .892 -11.668 7.515 -1.673 -12.971 8.285 .922 -13.272
3 16 8.285 .922 -13.272 9.264 3.519 -12.103 9.042 .892 -11.668
3 16 8.285 .922 -13.272 8.771 3.542 -13.287 9.264 3.519 -12.103
4 16 8.771 3.542 -13.287 9.088 5.573 -12.501 9.401 5.509 -11.761 9.264 3.519 -12.103
3 16 9.32 7.283 -11.517 9.401 5.509 -11.761 9.088 5.573 -12.501
3 16 9.32 7.283 -11.517 9.721 7.185 -11.074 9.401 5.509 -11.761
3 16 3.645 -7.31 -11.352 4.442 -3.759 -14.364 6.259 -4.185 -12.465
3 16 3.645 -7.31 -11.352 2.081 -6.573 -13.864 4.442 -3.759 -14.364
3 16 .042 -9.171 -9.978 2.081 -6.573 -13.864 3.645 -7.31 -11.352
3 16 .042 -9.171 -9.978 -1.726 -8.604 -12.128 2.081 -6.573 -13.864
3 16 -1.726 -8.604 -12.128 .042 -9.171 -9.978 -2.056 -9.433 -8.573
3 16 -2.056 -9.433 -8.573 -3.464 -8.706 -10.017 -1.726 -8.604 -12.128
3 16 -3.464 -8.706 -10.017 -2.056 -9.433 -8.573 -3.967 -9.255 -6.972
3 16 -3.967 -9.255 -6.972 -4.928 -8.745 -7.917 -3.464 -8.706 -10.017
3 16 -4.928 -8.745 -7.917 -3.967 -9.255 -6.972 -5.212 -9.032 -5.231
4 16 -5.947 -8.847 -3.624 -5.825 -8.599 -5.489 -4.928 -8.745 -7.917 -5.212 -9.032 -5.231
3 16 -5.825 -8.599 -5.489 -5.947 -8.847 -3.624 -6.349 -8.424 -3.607
3 16 -6.349 -8.424 -3.607 -5.947 -8.847 -3.624 -6.73 -8.146 -1.705
3 16 -5.947 -8.847 -3.624 -6.313 -8.799 -2.262 -6.73 -8.146 -1.705
3 16 -5.947 -8.847 -3.624 -5.44 -9.048 -3.611 -6.313 -8.799 -2.262
3 16 9.32 7.283 -11.517 9.088 5.573 -12.501 8.734 5.7 -13.305
3 16 8.734 5.7 -13.305 9.088 5.573 -12.501 8.771 3.542 -13.287
3 16 8.734 5.7 -13.305 8.771 3.542 -13.287 7.927 3.641 -14.36
3 16 8.285 .922 -13.272 7.927 3.641 -14.36 8.771 3.542 -13.287
3 16 8.285 .922 -13.272 7.048 1.109 -14.618 7.927 3.641 -14.36
3 16 7.515 -1.673 -12.971 7.048 1.109 -14.618 8.285 .922 -13.272
3 16 7.515 -1.673 -12.971 6.124 -1.429 -14.572 7.048 1.109 -14.618
3 16 6.259 -4.185 -12.465 6.124 -1.429 -14.572 7.515 -1.673 -12.971
3 16 6.259 -4.185 -12.465 4.442 -3.759 -14.364 6.124 -1.429 -14.572
3 16 -7.228 -7.332 -5.185 -6.17 -7.629 -5.691 -6.448 -7.745 -4.368
3 16 -7.228 -7.332 -5.185 -7.155 -7.312 -6.599 -6.17 -7.629 -5.691
4 16 -6.785 -7.017 -9.388 -5.51 -7.415 -8.417 -6.17 -7.629 -5.691 -7.155 -7.312 -6.599
3 16 -4.42 -6.894 -10.442 -5.51 -7.415 -8.417 -6.785 -7.017 -9.388
3 16 -4.42 -6.894 -10.442 -6.785 -7.017 -9.388 -5.914 -6.469 -11.619
3 16 -3.125 -6.244 -12.338 -4.42 -6.894 -10.442 -5.914 -6.469 -11.619
3 16 -3.125 -6.244 -12.338 -5.914 -6.469 -11.619 -4.584 -5.78 -13.415
3 16 -2.603 -4.723 -14.919 -3.125 -6.244 -12.338 -4.584 -5.78 -13.415
3 16 -2.603 -4.723 -14.919 .796 -4.262 -14.173 -3.125 -6.244 -12.338
3 16 -.47 -3.528 -15.671 .796 -4.262 -14.173 -2.603 -4.723 -14.919
3 16 1.703 -1.878 -16.02 .796 -4.262 -14.173 -.47 -3.528 -15.671
3 16 1.703 -1.878 -16.02 3.336 -1.997 -14.52 .796 -4.262 -14.173
3 16 3.336 -1.997 -14.52 1.703 -1.878 -16.02 3.588 -.213 -16.053
3 16 3.336 -1.997 -14.52 3.588 -.213 -16.053 5.037 .058 -14.679
3 16 5.037 .058 -14.679 3.588 -.213 -16.053 5.336 2.909 -15.878
3 16 5.037 .058 -14.679 5.336 2.909 -15.878 6.035 2.273 -14.6
3 16 6.36 5.059 -14.8 6.035 2.273 -14.6 5.336 2.909 -15.878
3 16 6.36 5.059 -14.8 6.955 4.487 -14.059 6.035 2.273 -14.6
3 16 7.128 7.276 -13.623 6.955 4.487 -14.059 6.36 5.059 -14.8
3 16 7.128 7.276 -13.623 7.914 6.508 -12.895 6.955 4.487 -14.059
3 16 7.914 6.508 -12.895 7.128 7.276 -13.623 8.149 9.168 -11.543
3 16 7.914 6.508 -12.895 8.149 9.168 -11.543 8.56 8.118 -11.043
3 16 5.336 2.909 -15.878 6.082 5.72 -14.786 6.36 5.059 -14.8
3 16 5.336 2.909 -15.878 3.297 2.356 -15.956 6.082 5.72 -14.786
3 16 7.128 7.276 -13.623 6.36 5.059 -14.8 6.082 5.72 -14.786
3 16 3.297 2.356 -15.956 5.336 2.909 -15.878 2.315 .033 -16.55
3 16 3.297 2.356 -15.956 2.315 .033 -16.55 -.246 -.233 -16.124
3 16 -.246 -.233 -16.124 2.315 .033 -16.55 -.398 -1.592 -16.494
3 16 -.246 -.233 -16.124 -.398 -1.592 -16.494 -3.263 -1.473 -15.35
3 16 -3.308 -2.62 -15.825 -3.263 -1.473 -15.35 -.398 -1.592 -16.494
3 16 -3.308 -2.62 -15.825 -5.674 -1.974 -14.306 -3.263 -1.473 -15.35
3 16 -3.308 -2.62 -15.825 -5.845 -3.53 -14.309 -5.674 -1.974 -14.306
3 16 -7.444 -2.041 -11.934 -5.674 -1.974 -14.306 -5.845 -3.53 -14.309
3 16 -7.444 -2.041 -11.934 -5.845 -3.53 -14.309 -7.345 -4.291 -12.221
3 16 -7.808 -2.13 -10.727 -7.444 -2.041 -11.934 -7.345 -4.291 -12.221
3 16 -7.808 -2.13 -10.727 -7.345 -4.291 -12.221 -8.172 -3.691 -9.045
3 16 -7.967 -5.558 -9.702 -8.172 -3.691 -9.045 -7.345 -4.291 -12.221
3 16 -7.967 -5.558 -9.702 -8.37 -4.767 -6.945 -8.172 -3.691 -9.045
3 16 -8.003 -6.349 -7.32 -8.37 -4.767 -6.945 -7.967 -5.558 -9.702
3 16 -8.003 -6.349 -7.32 -8.421 -4.416 -5.927 -8.37 -4.767 -6.945
3 16 -7.941 -6.666 -6.078 -8.421 -4.416 -5.927 -8.003 -6.349 -7.32
3 16 -7.941 -6.666 -6.078 -8.253 -5.386 -5.168 -8.421 -4.416 -5.927
3 16 -7.774 -6.816 -4.771 -8.253 -5.386 -5.168 -7.941 -6.666 -6.078
3 16 -7.774 -6.816 -4.771 -8.054 -6.309 -4.385 -8.253 -5.386 -5.168
3 16 -7.305 -7.359 -3.779 -8.054 -6.309 -4.385 -7.774 -6.816 -4.771
3 16 -7.305 -7.359 -3.779 -7.527 -6.932 -3.163 -8.054 -6.309 -4.385
3 16 -6.845 -7.765 -1.511 -7.527 -6.932 -3.163 -7.305 -7.359 -3.779
3 16 -10.568 -5.375 -5.431 -11.316 -3.397 -6.533 -8.421 -4.416 -5.927
3 16 -10.568 -5.375 -5.431 -12.097 -3.487 -6.217 -11.316 -3.397 -6.533
3 16 -12.975 -1.586 -6.84 -11.316 -3.397 -6.533 -12.097 -3.487 -6.217
4 16 -8.421 -4.416 -5.927 -8.253 -5.386 -5.168 -9.674 -6.099 -4.795 -10.568 -5.375 -5.431
3 16 -8.054 -6.309 -4.385 -9.674 -6.099 -4.795 -8.253 -5.386 -5.168
3 16 -8.054 -6.309 -4.385 -8.716 -6.6 -4.053 -9.674 -6.099 -4.795
3 16 -8.716 -6.6 -4.053 -8.054 -6.309 -4.385 -7.527 -6.932 -3.163
3 16 -8.716 -6.6 -4.053 -7.527 -6.932 -3.163 -7.953 -7.067 -3.016
3 16 -6.845 -7.765 -1.511 -7.953 -7.067 -3.016 -7.527 -6.932 -3.163
3 16 -6.845 -7.765 -1.511 -7.327 -7.757 -1.173 -7.953 -7.067 -3.016
3 16 -6.73 -8.146 -1.705 -6.845 -7.765 -1.511 -6.688 -7.814 -3.033
3 16 -6.349 -8.424 -3.607 -6.73 -8.146 -1.705 -6.688 -7.814 -3.033
3 16 -6.349 -8.424 -3.607 -6.688 -7.814 -3.033 -6.448 -7.745 -4.368
3 16 8.363 -1.61 -11.067 8.535 -4.161 -9.446 7.411 -3.989 -10.202
3 16 8.363 -1.61 -11.067 11.258 -.958 -10.144 8.535 -4.161 -9.446
3 16 8.535 -4.161 -9.446 6.457 -6.108 -8.315 4.519 -7.061 -8.578
3 16 4.519 -7.061 -8.578 7.411 -3.989 -10.202 8.535 -4.161 -9.446
3 16 9.042 .892 -11.668 11.258 -.958 -10.144 8.363 -1.61 -11.067
3 16 9.042 .892 -11.668 9.637 1.958 -11.305 11.258 -.958 -10.144
3 16 9.637 1.958 -11.305 13.16 2.058 -9.622 11.258 -.958 -10.144
3 16 9.637 1.958 -11.305 10.566 3.975 -10.765 13.16 2.058 -9.622
3 16 13.16 2.058 -9.622 10.566 3.975 -10.765 11.4 5.728 -9.793
3 16 13.16 2.058 -9.622 11.4 5.728 -9.793 14.257 4.66 -8.537
3 16 14.257 4.66 -8.537 11.4 5.728 -9.793 12.388 7.055 -8.35
3 16 15.331 7.162 -6.101 14.257 4.66 -8.537 12.388 7.055 -8.35
3 16 15.331 7.162 -6.101 12.388 7.055 -8.35 13.267 8.457 -6.925
3 16 13.953 9.708 -5.618 15.331 7.162 -6.101 13.267 8.457 -6.925
3 16 16.155 8.845 -3.026 15.331 7.162 -6.101 13.953 9.708 -5.618
3 16 16.155 8.845 -3.026 13.953 9.708 -5.618 15.986 10.545 .656
3 16 9.637 1.958 -11.305 9.042 .892 -11.668 9.264 3.519 -12.103
3 16 9.842 4.799 -11.513 9.264 3.519 -12.103 9.401 5.509 -11.761
3 16 11.01 6.971 -10.807 9.842 4.799 -11.513 9.401 5.509 -11.761
3 16 11.01 6.971 -10.807 9.401 5.509 -11.761 9.721 7.185 -11.074
3 16 16.68 5.513 -.706 14.138 4.986 -4.262 14.86 7.208 -2.056
3 16 16.68 5.513 -.706 15.208 2.816 -3.683 14.138 4.986 -4.262
3 16 13.201 .847 -5.741 14.138 4.986 -4.262 15.208 2.816 -3.683
3 16 13.201 .847 -5.741 15.208 2.816 -3.683 12.322 -1.112 -5.375
3 16 16.68 5.513 -.706 14.86 7.208 -2.056 15.576 9.137 1.29
3 16 16.68 5.513 -.706 15.576 9.137 1.29 17.955 7.047 2.631
3 16 16.229 5.357 6.479 16.636 3.469 5.12 16.247 4.784 4.587
3 16 16.229 5.357 6.479 16.509 4.459 7.745 16.636 3.469 5.12
3 16 16.509 4.459 7.745 16.229 5.357 6.479 15.5 6.001 8.021
3 16 16.509 4.459 7.745 15.5 6.001 8.021 15.858 5.141 9.154
3 16 14.891 6.403 8.694 15.858 5.141 9.154 15.5 6.001 8.021
4 16 14.625 6.934 8.946 16.304 5.597 11.365 15.858 5.141 9.154 14.891 6.403 8.694
3 16 14.625 6.934 8.946 15.542 9.117 11.744 16.304 5.597 11.365
3 16 14.625 6.934 8.946 14.278 10.456 10.533 15.542 9.117 11.744
3 16 14.183 12.749 10.892 15.542 9.117 11.744 14.278 10.456 10.533
3 16 16.636 3.469 5.12 15.587 3.939 2.809 16.247 4.784 4.587
3 16 16.636 3.469 5.12 16.328 1.677 3.211 15.587 3.939 2.809
3 16 14.891 2.818 1.093 15.587 3.939 2.809 16.328 1.677 3.211
3 16 14.891 2.818 1.093 16.328 1.677 3.211 15.873 -.036 1.229
3 16 14.8 1.458 -.189 14.891 2.818 1.093 15.873 -.036 1.229
3 16 13.471 -1.883 -1.801 14.8 1.458 -.189 15.873 -.036 1.229
3 16 13.471 -1.883 -1.801 15.873 -.036 1.229 14.324 -2.996 -.389
3 16 14.324 -2.996 -.389 11.104 -4.441 -2.55 13.471 -1.883 -1.801
3 16 14.324 -2.996 -.389 12.162 -5.835 -1.654 11.104 -4.441 -2.55
3 16 12.162 -5.835 -1.654 8.462 -6.116 -2.734 11.104 -4.441 -2.55
3 16 12.162 -5.835 -1.654 9.178 -7.877 -2.005 8.462 -6.116 -2.734
3 16 6.479 -7.125 -2.646 8.462 -6.116 -2.734 9.178 -7.877 -2.005
3 16 6.479 -7.125 -2.646 9.178 -7.877 -2.005 7.052 -8.549 -1.802
3 16 14.8 1.458 -.189 14.584 2.151 -.046 14.891 2.818 1.093
3 16 6.479 -7.125 -2.646 7.052 -8.549 -1.802 4.929 -8.923 -1.468
3 16 6.479 -7.125 -2.646 4.929 -8.923 -1.468 4.463 -8.055 -2.387
3 16 4.929 -8.923 -1.468 .704 -9.479 -.852 4.463 -8.055 -2.387
3 16 4.929 -8.923 -1.468 .904 -9.869 -.201 .704 -9.479 -.852
3 16 -.95 -10.239 .257 .704 -9.479 -.852 .904 -9.869 -.201
3 16 -.95 -10.239 .257 .904 -9.869 -.201 -2.007 -10.425 1.091
3 16 13.515 -1.944 5.125 12.65 -4.537 5.392 12.36 -3.789 4.294
3 16 13.515 -1.944 5.125 14.106 -3.233 6.964 12.65 -4.537 5.392
3 16 14.106 -3.233 6.964 13.515 -1.944 5.125 14.362 -.303 6.182
3 16 14.106 -3.233 6.964 14.362 -.303 6.182 15.318 -1.665 8.508
3 16 15.318 -1.665 8.508 14.362 -.303 6.182 15.239 1.76 7.622
3 16 15.318 -1.665 8.508 15.239 1.76 7.622 16.039 .947 9.954
3 16 16.039 .947 9.954 15.239 1.76 7.622 15.858 5.141 9.154
3 16 16.039 .947 9.954 15.858 5.141 9.154 16.304 5.597 11.365
3 16 12.65 -4.537 5.392 11.673 -4.869 3.729 12.36 -3.789 4.294
3 16 12.65 -4.537 5.392 10.837 -5.88 3.295 11.673 -4.869 3.729
3 16 14.362 -.303 6.182 15.736 1.989 5.934 15.239 1.76 7.622
3 16 14.362 -.303 6.182 15.054 -.495 4.085 15.736 1.989 5.934
3 16 15.054 -.495 4.085 14.362 -.303 6.182 13.515 -1.944 5.125
3 16 15.054 -.495 4.085 13.515 -1.944 5.125 13.463 -3.379 2.815
3 16 15.239 1.76 7.622 16.509 4.459 7.745 15.858 5.141 9.154
3 16 12.36 -3.789 4.294 13.463 -3.379 2.815 13.515 -1.944 5.125
3 16 12.36 -3.789 4.294 11.673 -4.869 3.729 13.463 -3.379 2.815
3 16 11.673 -4.869 3.729 11.7 -6.208 1.831 13.463 -3.379 2.815
3 16 11.673 -4.869 3.729 10.837 -5.88 3.295 11.7 -6.208 1.831
3 16 9.069 -7.002 2.947 11.7 -6.208 1.831 10.837 -5.88 3.295
3 16 9.069 -7.002 2.947 9.635 -7.938 1.276 11.7 -6.208 1.831
3 16 9.069 -7.002 2.947 7.568 -8.711 1.052 9.635 -7.938 1.276
3 16 9.069 -7.002 2.947 6.677 -7.616 2.046 7.568 -8.711 1.052
3 16 5.416 -8.927 .832 7.568 -8.711 1.052 6.677 -7.616 2.046
3 16 5.416 -8.927 .832 6.677 -7.616 2.046 3.98 -7.972 2.25
3 16 3.192 -8.81 1.991 5.416 -8.927 .832 3.98 -7.972 2.25
3 16 5.416 -8.927 .832 3.192 -8.81 1.991 2.181 -9.371 1.23
3 16 9.069 -7.002 2.947 11.403 -7.031 6.332 9.618 -8.303 4.429
3 16 9.069 -7.002 2.947 11.83 -5.523 6.544 11.403 -7.031 6.332
3 16 11.83 -5.523 6.544 12.651 -4.991 9.025 11.403 -7.031 6.332
3 16 11.83 -5.523 6.544 12.81 -3.726 9.166 12.651 -4.991 9.025
3 16 9.069 -7.002 2.947 9.618 -8.303 4.429 7.211 -8.964 3.409
3 16 9.069 -7.002 2.947 7.211 -8.964 3.409 6.677 -7.616 2.046
3 16 6.677 -7.616 2.046 7.211 -8.964 3.409 3.918 -8.387 2.834
3 16 6.677 -7.616 2.046 3.918 -8.387 2.834 3.98 -7.972 2.25
3 16 12.651 -4.991 9.025 12.81 -3.726 9.166 12.892 -3.224 10.848
3 16 12.892 -3.224 10.848 12.81 -3.726 9.166 12.999 -1.172 12.33
3 16 12.892 -3.224 10.848 12.999 -1.172 12.33 12.847 -2.153 12.019
3 16 2.563 -9.243 -7.071 4.519 -7.061 -8.578 6.546 -7.039 -7.846
3 16 2.563 -9.243 -7.071 1.446 -8.853 -7.78 4.519 -7.061 -8.578
3 16 2.563 -9.243 -7.071 -.697 -9.311 -6.995 1.446 -8.853 -7.78
3 16 2.563 -9.243 -7.071 -1.448 -10.749 -5.682 -.697 -9.311 -6.995
3 16 -2.977 -9.359 -5.98 -.697 -9.311 -6.995 -1.448 -10.749 -5.682
3 16 -2.977 -9.359 -5.98 -1.448 -10.749 -5.682 -4.264 -11.017 -3.139
3 16 -4.456 -9.131 -4.911 -2.977 -9.359 -5.98 -4.264 -11.017 -3.139
3 16 -4.456 -9.131 -4.911 -4.264 -11.017 -3.139 -5.066 -10.013 -3.172
3 16 -5.527 -10.015 -2.476 -5.066 -10.013 -3.172 -4.264 -11.017 -3.139
3 16 -5.527 -10.015 -2.476 -4.264 -11.017 -3.139 -5.325 -10.875 -1.189
3 16 6.546 -7.039 -7.846 4.519 -7.061 -8.578 6.457 -6.108 -8.315
3 16 6.457 -6.108 -8.315 8.918 -5.331 -7.438 6.546 -7.039 -7.846
3 16 6.457 -6.108 -8.315 8.897 -4.319 -7.687 8.918 -5.331 -7.438
3 16 10.934 -3.332 -6.614 8.918 -5.331 -7.438 8.897 -4.319 -7.687
3 16 10.934 -3.332 -6.614 8.897 -4.319 -7.687 10.563 -2.705 -6.887
3 16 10.563 -2.705 -6.887 12.527 -1.801 -5.279 10.934 -3.332 -6.614
3 16 10.563 -2.705 -6.887 12.322 -1.112 -5.375 12.527 -1.801 -5.279
3 16 12.322 -1.112 -5.375 14.191 .139 -2.67 12.527 -1.801 -5.279
3 16 12.322 -1.112 -5.375 14.318 1.505 -1.876 14.191 .139 -2.67
3 16 14.8 1.458 -.189 14.191 .139 -2.67 14.318 1.505 -1.876
3 16 14.8 1.458 -.189 14.318 1.505 -1.876 14.584 2.151 -.046
3 16 -5.325 -10.875 -1.189 -6.476 -9.692 -.807 -5.527 -10.015 -2.476
3 16 -5.325 -10.875 -1.189 -6.404 -10.06 1.175 -6.476 -9.692 -.807
3 16 -5.527 -10.015 -2.476 -6.476 -9.692 -.807 -6.313 -8.799 -2.262
3 16 -5.527 -10.015 -2.476 -6.313 -8.799 -2.262 -5.44 -9.048 -3.611
3 16 -5.44 -9.048 -3.611 -5.066 -10.013 -3.172 -5.527 -10.015 -2.476
3 16 -5.44 -9.048 -3.611 -4.456 -9.131 -4.911 -5.066 -10.013 -3.172
3 16 -15.769 1.407 9.014 -16.556 1.66 6.902 -15.726 .879 6.727
3 16 -16.556 1.66 6.902 -15.658 .464 5.533 -15.726 .879 6.727
3 16 -16.556 1.66 6.902 -17.008 1.19 4.692 -15.658 .464 5.533
3 16 -17.008 1.19 4.692 -15.439 -.819 3.461 -15.658 .464 5.533
3 16 -17.008 1.19 4.692 -16.437 -.105 1.699 -15.439 -.819 3.461
3 16 -14.693 -3.224 1.78 -15.439 -.819 3.461 -16.437 -.105 1.699
3 16 -14.693 -3.224 1.78 -16.437 -.105 1.699 -15.033 -2.864 .254
3 16 -13.039 -5.416 1.009 -14.693 -3.224 1.78 -15.033 -2.864 .254
3 16 -13.039 -5.416 1.009 -15.033 -2.864 .254 -12.902 -5.254 -.931
3 16 -11.241 -6.686 -.879 -13.039 -5.416 1.009 -12.902 -5.254 -.931
3 16 -11.241 -6.686 -.879 -11.169 -6.918 .886 -13.039 -5.416 1.009
3 16 -8.23 -7.648 .006 -11.169 -6.918 .886 -11.241 -6.686 -.879
3 16 -8.23 -7.648 .006 -8.425 -7.652 1.348 -11.169 -6.918 .886
3 16 -6.873 -7.854 .668 -8.425 -7.652 1.348 -8.23 -7.648 .006
3 16 -6.873 -7.854 .668 -6.733 -7.913 1.634 -8.425 -7.652 1.348
3 16 -6.928 -7.755 -.178 -8.23 -7.648 .006 -8.024 -7.49 -.265
3 16 -6.928 -7.755 -.178 -6.873 -7.854 .668 -8.23 -7.648 .006
3 16 -15.012 -4.244 4.612 -14.693 -3.224 1.78 -13.934 -5.852 2.939
3 16 -15.012 -4.244 4.612 -15.439 -.819 3.461 -14.693 -3.224 1.78
3 16 -15.719 -2.602 7.418 -15.439 -.819 3.461 -15.012 -4.244 4.612
3 16 -15.719 -2.602 7.418 -15.658 .464 5.533 -15.439 -.819 3.461
3 16 -15.726 .879 6.727 -15.658 .464 5.533 -15.719 -2.602 7.418
4 16 -15.719 -2.602 7.418 -15.747 -.783 10.2 -15.769 1.407 9.014 -15.726 .879 6.727
3 16 -13.039 -5.416 1.009 -13.934 -5.852 2.939 -14.693 -3.224 1.78
3 16 -13.039 -5.416 1.009 -12.25 -7.396 2.093 -13.934 -5.852 2.939
3 16 -11.169 -6.918 .886 -12.25 -7.396 2.093 -13.039 -5.416 1.009
3 16 -11.169 -6.918 .886 -9.887 -8.217 1.96 -12.25 -7.396 2.093
3 16 -11.169 -6.918 .886 -8.425 -7.652 1.348 -9.887 -8.217 1.96
3 16 -8.425 -7.652 1.348 -7.232 -8.209 2.356 -9.887 -8.217 1.96
3 16 -8.425 -7.652 1.348 -6.733 -7.913 1.634 -7.232 -8.209 2.356
3 16 -15.769 1.407 9.014 -15.747 -.783 10.2 -15.522 1.172 11.132
4 16 -15.769 1.407 9.014 -15.522 1.172 11.132 -15.663 2.524 11.029 -15.746 2.455 10.224
3 16 -15.746 2.455 10.224 -15.663 2.524 11.029 -15.368 4.481 9.839
3 16 -15.746 2.455 10.224 -15.368 4.481 9.839 -14.887 4.552 7.973
3 16 -9.96 -6.71 -1.943 -8.856 -7.254 -1.323 -8.024 -7.49 -.265
3 16 -8.024 -7.49 -.265 -10.649 -5.851 -1.513 -9.96 -6.71 -1.943
3 16 -7.327 -7.757 -1.173 -8.024 -7.49 -.265 -8.856 -7.254 -1.323
3 16 -7.327 -7.757 -1.173 -6.928 -7.755 -.178 -8.024 -7.49 -.265
3 16 -10.985 -5.971 -2.661 -9.96 -6.71 -1.943 -10.649 -5.851 -1.513
3 16 -12.001 -5.19 -3.391 -10.985 -5.971 -2.661 -10.649 -5.851 -1.513
3 16 -10.649 -5.851 -1.513 -11.316 -5.128 -1.982 -12.001 -5.19 -3.391
3 16 -11.316 -5.128 -1.982 -11.864 -4.499 -2.456 -12.001 -5.19 -3.391
3 16 -12.001 -5.19 -3.391 -11.864 -4.499 -2.456 -13.481 -2.536 -4.03
3 16 -12.001 -5.19 -3.391 -13.481 -2.536 -4.03 -13.62 -2.983 -4.794
3 16 -14.161 1.289 -6.765 -13.62 -2.983 -4.794 -13.481 -2.536 -4.03
3 16 -12.661 -4.317 -1.985 -13.481 -2.536 -4.03 -11.864 -4.499 -2.456
3 16 -12.661 -4.317 -1.985 -14.304 -2.361 -3.813 -13.481 -2.536 -4.03
3 16 -11.316 -5.128 -1.982 -12.661 -4.317 -1.985 -11.864 -4.499 -2.456
3 16 -14.161 1.289 -6.765 -13.481 -2.536 -4.03 -14.304 -2.361 -3.813
3 16 -14.161 1.289 -6.765 -14.304 -2.361 -3.813 -16.284 .978 -6.127
3 16 -16.284 .978 -6.127 -14.763 4.855 -7.783 -14.161 1.289 -6.765
3 16 -16.284 .978 -6.127 -15.292 6.57 -7.682 -14.763 4.855 -7.783
3 16 -13.847 8.743 -8.06 -14.763 4.855 -7.783 -15.292 6.57 -7.682
3 16 -13.847 8.743 -8.06 -15.292 6.57 -7.682 -14.313 10.207 -7.379
3 16 -13.847 8.743 -8.06 -14.313 10.207 -7.379 -13.322 10.984 -7.657
3 16 -13.322 10.984 -7.657 -14.313 10.207 -7.379 -14.294 12.718 -6.192
3 16 -13.322 10.984 -7.657 -14.294 12.718 -6.192 -13.16 12.582 -6.867
3 16 -13.909 13.746 -5.623 -13.16 12.582 -6.867 -14.294 12.718 -6.192
3 16 -13.909 13.746 -5.623 -14.294 12.718 -6.192 -15.096 14.142 -4.352
3 16 -11.316 -5.128 -1.982 -10.649 -5.851 -1.513 -12.661 -4.317 -1.985
4 16 -2.05 -11.244 -.614 .656 -11.124 -2.888 4.463 -8.055 -2.387 .704 -9.479 -.852
3 16 .656 -11.124 -2.888 3.796 -10.362 -4.728 4.463 -8.055 -2.387
3 16 .704 -9.479 -.852 -.95 -10.239 .257 -2.05 -11.244 -.614
3 16 3.796 -10.362 -4.728 7.236 -8.387 -5.854 6.479 -7.125 -2.646
3 16 6.479 -7.125 -2.646 4.463 -8.055 -2.387 3.796 -10.362 -4.728
3 16 7.236 -8.387 -5.854 8.462 -6.116 -2.734 6.479 -7.125 -2.646
3 16 7.236 -8.387 -5.854 9.244 -6.82 -5.937 8.462 -6.116 -2.734
3 16 9.244 -6.82 -5.937 10.997 -5.092 -5.743 11.104 -4.441 -2.55
3 16 11.104 -4.441 -2.55 8.462 -6.116 -2.734 9.244 -6.82 -5.937
3 16 11.104 -4.441 -2.55 10.997 -5.092 -5.743 12.618 -3.104 -4.828
3 16 11.104 -4.441 -2.55 12.618 -3.104 -4.828 13.471 -1.883 -1.801
3 16 13.797 -1.059 -3.287 13.471 -1.883 -1.801 12.618 -3.104 -4.828
3 16 13.797 -1.059 -3.287 14.191 .139 -2.67 14.8 1.458 -.189
3 16 14.8 1.458 -.189 13.471 -1.883 -1.801 13.797 -1.059 -3.287
3 16 -2.007 -10.425 1.091 -2.05 -11.244 -.614 -.95 -10.239 .257
3 16 -2.05 -11.244 -.614 -2.007 -10.425 1.091 -3.894 -11.062 1.857
3 16 4.412 -9.018 5.424 3.515 -9.941 4.561 4.159 -8.727 4.094
3 16 4.412 -9.018 5.424 4.23 -8.494 7.123 3.515 -9.941 4.561
3 16 3.044 -10.268 3.888 4.159 -8.727 4.094 3.515 -9.941 4.561
4 16 2.573 -10.595 3.214 3.918 -8.387 2.834 4.159 -8.727 4.094 3.044 -10.268 3.888
3 16 2.573 -10.595 3.214 3.98 -7.972 2.25 3.918 -8.387 2.834
3 16 2.573 -10.595 3.214 3.192 -8.81 1.991 3.98 -7.972 2.25
3 16 2.573 -10.595 3.214 1.617 -10.998 2.739 3.192 -8.81 1.991
3 16 1.617 -10.998 2.739 2.181 -9.371 1.23 3.192 -8.81 1.991
3 16 1.617 -10.998 2.739 .631 -11.381 2.274 2.181 -9.371 1.23
3 16 -.812 -10.406 .976 2.181 -9.371 1.23 .631 -11.381 2.274
3 16 -.812 -10.406 .976 .631 -11.381 2.274 -1.535 -11.622 2.119
3 16 -1.535 -11.622 2.119 -2.007 -10.425 1.091 -.812 -10.406 .976
3 16 -2.007 -10.425 1.091 -1.535 -11.622 2.119 -3.398 -11.638 2.444
3 16 -2.007 -10.425 1.091 -3.398 -11.638 2.444 -3.894 -11.062 1.857
3 16 -3.894 -11.062 1.857 -3.398 -11.638 2.444 -5.405 -11.002 3.388
3 16 -3.894 -11.062 1.857 -5.405 -11.002 3.388 -5.597 -10.315 2.517
3 16 12.631 8.572 -10.009 12.025 11.325 -8.454 14.001 10.184 -8.854
3 16 12.631 8.572 -10.009 10.403 9.676 -9.978 12.025 11.325 -8.454
3 16 10.403 9.676 -9.978 12.631 8.572 -10.009 11.01 6.971 -10.807
3 16 10.403 9.676 -9.978 11.01 6.971 -10.807 9.721 7.185 -11.074
3 16 14.001 10.184 -8.854 12.025 11.325 -8.454 12.964 11.655 -7.239
3 16 14.001 10.184 -8.854 12.964 11.655 -7.239 14.579 10.563 -7.516
3 16 10.403 9.676 -9.978 9.721 7.185 -11.074 8.891 8.393 -10.713
3 16 8.891 8.393 -10.713 9.721 7.185 -11.074 9.32 7.283 -11.517
3 16 8.56 8.118 -11.043 8.891 8.393 -10.713 9.32 7.283 -11.517
3 16 -6.448 -7.745 -4.368 -7.305 -7.359 -3.779 -7.228 -7.332 -5.185
3 16 -6.448 -7.745 -4.368 -6.688 -7.814 -3.033 -7.305 -7.359 -3.779
3 16 -6.688 -7.814 -3.033 -6.845 -7.765 -1.511 -7.305 -7.359 -3.779
3 16 -6.873 -7.854 .668 -6.404 -10.06 1.175 -6.733 -7.913 1.634
3 16 -6.873 -7.854 .668 -6.476 -9.692 -.807 -6.404 -10.06 1.175
3 16 -6.476 -9.692 -.807 -6.873 -7.854 .668 -6.928 -7.755 -.178
3 16 -6.73 -8.146 -1.705 -6.476 -9.692 -.807 -6.928 -7.755 -.178
3 16 -6.845 -7.765 -1.511 -6.73 -8.146 -1.705 -6.928 -7.755 -.178
3 16 -6.73 -8.146 -1.705 -6.313 -8.799 -2.262 -6.476 -9.692 -.807
3 16 -6.404 -10.06 1.175 -6.133 -8.568 2.854 -6.733 -7.913 1.634
3 16 -6.404 -10.06 1.175 -5.597 -10.315 2.517 -6.133 -8.568 2.854
3 16 -7.232 -8.209 2.356 -6.733 -7.913 1.634 -6.133 -8.568 2.854
3 16 -6.133 -8.568 2.854 -7.085 -8.227 3.082 -7.232 -8.209 2.356
3 16 -13.558 -3.73 8.235 -12.821 -6.645 7.266 -13.027 -5.028 9.196
3 16 -13.558 -3.73 8.235 -13.092 -5.415 5.715 -12.821 -6.645 7.266
4 16 -13.027 -5.028 9.196 -13.087 -3.456 10.827 -13.467 -1.974 10.882 -13.558 -3.73 8.235
3 16 -12.821 -6.645 7.266 -13.092 -5.415 5.715 -12.333 -6.595 4.712
3 16 -12.821 -6.645 7.266 -12.333 -6.595 4.712 -11.44 -8.217 5.227
3 16 -12.333 -6.595 4.712 -11.182 -7.566 3.811 -11.44 -8.217 5.227
3 16 -9.342 -8.66 4.363 -11.44 -8.217 5.227 -11.182 -7.566 3.811
3 16 -9.342 -8.66 4.363 -11.182 -7.566 3.811 -9.231 -8.069 3.362
3 16 -7.085 -8.227 3.082 -9.342 -8.66 4.363 -9.231 -8.069 3.362
3 16 -7.085 -8.227 3.082 -6.542 -8.654 3.586 -9.342 -8.66 4.363
3 16 -12.835 -2.917 11.508 -13.467 -1.974 10.882 -13.087 -3.456 10.827
3 16 -12.835 -2.917 11.508 -12.695 -1.147 11.779 -13.467 -1.974 10.882
3 16 -10.046 -4.814 10.62 -12.18 -3.523 11.242 -11.187 -5.253 10.434
3 16 -10.046 -4.814 10.62 -11.274 -2.736 11.553 -12.18 -3.523 11.242
3 16 -10.046 -4.814 10.62 -11.187 -5.253 10.434 -10.408 -7.222 9.166
3 16 -10.046 -4.814 10.62 -10.408 -7.222 9.166 -8.991 -6.237 8.834
3 16 -9.416 -8.311 6.312 -8.991 -6.237 8.834 -10.408 -7.222 9.166
3 16 -9.416 -8.311 6.312 -7.749 -7.119 6.879 -8.991 -6.237 8.834
3 16 -7.749 -7.119 6.879 -9.416 -8.311 6.312 -8.337 -8.397 5.162
3 16 -7.749 -7.119 6.879 -8.337 -8.397 5.162 -7.099 -7.649 5.775
3 16 -7.099 -7.649 5.775 -8.337 -8.397 5.162 -6.408 -8.717 4.19
3 16 -7.099 -7.649 5.775 -6.408 -8.717 4.19 -6.305 -8.355 4.911
3 16 -11.274 -2.736 11.553 -12.835 -2.917 11.508 -12.18 -3.523 11.242
3 16 -11.274 -2.736 11.553 -11.572 -2.02 11.891 -12.835 -2.917 11.508
3 16 -12.835 -2.917 11.508 -11.572 -2.02 11.891 -12.695 -1.147 11.779
3 16 -16.372 1.448 -1.045 -16.555 3.597 .488 -16.209 3.216 -.867
3 16 -16.372 1.448 -1.045 -17.268 2.945 3.586 -16.555 3.597 .488
3 16 -15.303 4.862 5.234 -17.268 2.945 3.586 -16.72 3.278 6.94
3 16 -15.303 4.862 5.234 -16.555 3.597 .488 -17.268 2.945 3.586
3 16 -15.167 4.551 6.936 -15.303 4.862 5.234 -16.72 3.278 6.94
3 16 -14.887 4.552 7.973 -16.72 3.278 6.94 -15.746 2.455 10.224
3 16 -15.167 4.551 6.936 -16.72 3.278 6.94 -14.887 4.552 7.973
3 16 -17.877 7.248 4.217 -15.503 6.005 5.769 -15.434 7.824 6.486
3 16 -17.877 7.248 4.217 -17.687 5.244 2.564 -15.503 6.005 5.769
3 16 -17.687 5.244 2.564 -15.303 4.862 5.234 -15.503 6.005 5.769
3 16 -17.687 5.244 2.564 -16.555 3.597 .488 -15.303 4.862 5.234
3 16 -15.434 7.824 6.486 -17.276 9.933 5.301 -17.877 7.248 4.217
3 16 -15.434 7.824 6.486 -15.456 9.616 6.627 -17.276 9.933 5.301
3 16 -15.456 9.616 6.627 -16.246 12.614 5.573 -17.276 9.933 5.301
3 16 -15.456 9.616 6.627 -15.198 12.385 6.663 -16.246 12.614 5.573
3 16 -16.246 12.614 5.573 -15.198 12.385 6.663 -14.914 14.638 6.744
3 16 -16.246 12.614 5.573 -14.914 14.638 6.744 -15.311 15.082 5.827
3 16 -15.079 15.829 6.809 -15.311 15.082 5.827 -14.914 14.638 6.744
3 16 -15.079 15.829 6.809 -14.701 16.334 6.208 -15.311 15.082 5.827
3 16 -15.503 6.005 5.769 -15.167 4.551 6.936 -15.616 6.412 8.224
3 16 -15.503 6.005 5.769 -15.303 4.862 5.234 -15.167 4.551 6.936
3 16 -15.434 7.824 6.486 -15.503 6.005 5.769 -15.616 6.412 8.224
3 16 -15.434 7.824 6.486 -15.616 6.412 8.224 -15.422 8.586 8.246
3 16 -15.422 8.586 8.246 -15.456 9.616 6.627 -15.434 7.824 6.486
3 16 -15.422 8.586 8.246 -14.843 10.836 7.958 -15.456 9.616 6.627
3 16 -15.198 12.385 6.663 -15.456 9.616 6.627 -14.843 10.836 7.958
3 16 -15.198 12.385 6.663 -14.843 10.836 7.958 -14.363 13.187 7.761
3 16 -14.914 14.638 6.744 -15.198 12.385 6.663 -14.363 13.187 7.761
3 16 -14.914 14.638 6.744 -14.363 13.187 7.761 -14.458 14.965 7.818
3 16 -15.079 15.829 6.809 -14.914 14.638 6.744 -14.458 14.965 7.818
3 16 -15.079 15.829 6.809 -14.458 14.965 7.818 -14.564 15.871 8.114
3 16 -14.564 15.871 8.114 -15.789 17.263 7.555 -15.079 15.829 6.809
3 16 -14.564 15.871 8.114 -15.28 17.136 8.895 -15.789 17.263 7.555
3 16 -15.28 17.136 8.895 -15.617 17.949 9.334 -15.789 17.263 7.555
3 16 -17.355 8.822 1.23 -16.505 7.103 -1.233 -17.295 6.809 -.83
3 16 -17.355 8.822 1.23 -16.117 9.374 1.164 -16.505 7.103 -1.233
3 16 -16.117 9.374 1.164 -17.355 8.822 1.23 -16.595 10.938 3.631
3 16 -16.117 9.374 1.164 -16.595 10.938 3.631 -15.419 11.085 2.754
3 16 -16.595 10.938 3.631 -15.663 12.723 3.56 -15.419 11.085 2.754
3 16 -16.595 10.938 3.631 -15.694 12.962 4.711 -15.663 12.723 3.56
3 16 -15.932 16.067 3.73 -15.694 12.962 4.711 -14.941 16.464 5.315
3 16 -16.343 17.672 3.695 -15.932 16.067 3.73 -14.941 16.464 5.315
3 16 -16.343 17.672 3.695 -14.941 16.464 5.315 -15.502 18.117 5.524
3 16 -15.502 18.117 5.524 -17.087 19.024 4.397 -16.343 17.672 3.695
3 16 -15.502 18.117 5.524 -16.908 19.126 5.726 -17.087 19.024 4.397
3 16 -15.502 18.117 5.524 -16.351 19.761 6.392 -16.908 19.126 5.726
3 16 -15.502 18.117 5.524 -14.808 18.688 6.559 -16.351 19.761 6.392
3 16 -15.502 18.117 5.524 -14.573 16.822 5.703 -14.808 18.688 6.559
3 16 -15.502 18.117 5.524 -14.941 16.464 5.315 -14.573 16.822 5.703
3 16 -13.834 18.147 6.778 -14.808 18.688 6.559 -14.573 16.822 5.703
3 16 -16.009 5.341 -1.72 -17.295 6.809 -.83 -16.505 7.103 -1.233
3 16 -16.009 5.341 -1.72 -16.209 3.216 -.867 -17.295 6.809 -.83
3 16 -16.789 4.761 -3.047 -16.209 3.216 -.867 -16.009 5.341 -1.72
3 16 -16.789 4.761 -3.047 -16.664 3.064 -2.037 -16.209 3.216 -.867
3 16 -16.209 3.216 -.867 -16.664 3.064 -2.037 -16.372 1.448 -1.045
3 16 -16.009 5.341 -1.72 -16.014 6.707 -2.45 -16.789 4.761 -3.047
3 16 -16.789 4.761 -3.047 -16.014 6.707 -2.45 -16.063 7.908 -4.615
3 16 -16.063 7.908 -4.615 -16.014 6.707 -2.45 -14.923 9.479 -3.395
3 16 -16.063 7.908 -4.615 -14.923 9.479 -3.395 -15.413 10.161 -4.848
3 16 -14.891 11.198 -3.052 -15.413 10.161 -4.848 -14.923 9.479 -3.395
3 16 -14.891 11.198 -3.052 -15.253 12.186 -4.459 -15.413 10.161 -4.848
3 16 -15.253 12.186 -4.459 -14.891 11.198 -3.052 -15.152 11.93 -2.68
3 16 -15.253 12.186 -4.459 -15.152 11.93 -2.68 -15.582 12.938 -3.643
3 16 -16.309 13.334 -2.361 -15.582 12.938 -3.643 -15.152 11.93 -2.68
3 16 -16.309 13.334 -2.361 -15.152 11.93 -2.68 -15.675 12.366 -1.863
3 16 -16.309 13.334 -2.361 -15.675 12.366 -1.863 -16.584 12.611 -.936
3 16 -16.584 12.611 -.936 -16.803 13.324 -1.234 -16.309 13.334 -2.361
3 16 -16.584 12.611 -.936 -16.7 13.053 -.611 -16.803 13.324 -1.234
3 16 -16.7 13.053 -.611 -16.619 13.551 -.664 -16.803 13.324 -1.234
3 16 -16.619 13.551 -.664 -16.081 14.308 -1.457 -16.44 14.105 -2.049
3 16 -16.44 14.105 -2.049 -16.803 13.324 -1.234 -16.619 13.551 -.664
3 16 -17.431 16.059 -2.215 -17.258 14.766 -3.441 -16.44 14.105 -2.049
4 16 -16.014 6.707 -2.45 -16.402 7.655 -1.695 -14.891 11.198 -3.052 -14.923 9.479 -3.395
3 16 -17.197 10.279 .025 -14.891 11.198 -3.052 -16.402 7.655 -1.695
3 16 -17.197 10.279 .025 -15.152 11.93 -2.68 -14.891 11.198 -3.052
3 16 -15.675 12.366 -1.863 -15.152 11.93 -2.68 -17.197 10.279 .025
3 16 -16.584 12.611 -.936 -15.675 12.366 -1.863 -17.197 10.279 .025
3 16 -16.584 12.611 -.936 -17.197 10.279 .025 -17.609 11.841 .786
3 16 -16.7 13.053 -.611 -16.584 12.611 -.936 -17.609 11.841 .786
3 16 -16.7 13.053 -.611 -17.609 11.841 .786 -17.79 13.38 1.312
4 16 -17.489 15.566 1.173 -16.619 13.551 -.664 -16.7 13.053 -.611 -17.79 13.38 1.312
4 16 -16.619 13.551 -.664 -17.489 15.566 1.173 -16.035 15.245 -1.374 -16.081 14.308 -1.457
3 16 -16.035 15.245 -1.374 -17.489 15.566 1.173 -17.149 17.111 .65
3 16 -16.317 18.637 -.019 -16.035 15.245 -1.374 -17.149 17.111 .65
3 16 -16.035 15.245 -1.374 -16.317 18.637 -.019 -14.609 17.512 -2.367
3 16 -14.609 17.512 -2.367 -14.645 16.882 -3.011 -16.035 15.245 -1.374
3 16 -14.609 17.512 -2.367 -16.317 18.637 -.019 -15.224 20.039 -1.483
3 16 7.444 -7.495 8.086 5.11 -8.746 7.417 5.829 -8.414 6.785
3 16 7.444 -7.495 8.086 7.154 -8.223 9.664 5.11 -8.746 7.417
3 16 7.154 -8.223 9.664 7.444 -7.495 8.086 9.053 -6.234 9.469
3 16 7.154 -8.223 9.664 9.053 -6.234 9.469 8.979 -7.231 11.704
3 16 10.169 -4.196 11.145 8.979 -7.231 11.704 9.053 -6.234 9.469
3 16 10.169 -4.196 11.145 10.094 -5.456 13.624 8.979 -7.231 11.704
3 16 10.71 -1.807 12.643 10.094 -5.456 13.624 10.169 -4.196 11.145
3 16 10.71 -1.807 12.643 10.531 -2.344 15.374 10.094 -5.456 13.624
4 16 9.891 2.074 16.63 10.531 -2.344 15.374 10.71 -1.807 12.643 10.05 2.07 14.867
3 16 10.05 2.07 14.867 8.517 3.951 16.513 9.891 2.074 16.63
3 16 10.05 2.07 14.867 8.455 5.062 16.036 8.517 3.951 16.513
3 16 5.11 -8.746 7.417 4.23 -8.494 7.123 4.412 -9.018 5.424
3 16 4.412 -9.018 5.424 5.829 -8.414 6.785 5.11 -8.746 7.417
4 16 5.829 -8.414 6.785 6.573 -9.132 6.545 8.593 -8.486 7.808 7.444 -7.495 8.086
3 16 8.593 -8.486 7.808 9.053 -6.234 9.469 7.444 -7.495 8.086
3 16 8.593 -8.486 7.808 10.248 -7.504 9.097 9.053 -6.234 9.469
3 16 11.423 -5.62 10.604 9.053 -6.234 9.469 10.248 -7.504 9.097
3 16 11.423 -5.62 10.604 10.169 -4.196 11.145 9.053 -6.234 9.469
3 16 10.169 -4.196 11.145 11.423 -5.62 10.604 12.091 -3.456 11.499
3 16 10.169 -4.196 11.145 12.091 -3.456 11.499 10.71 -1.807 12.643
3 16 4.412 -9.018 5.424 6.573 -9.132 6.545 5.829 -8.414 6.785
3 16 10.71 -1.807 12.643 12.091 -3.456 11.499 12.847 -2.153 12.019
3 16 10.71 -1.807 12.643 12.847 -2.153 12.019 12.999 -1.172 12.33
3 16 10.71 -1.807 12.643 12.999 -1.172 12.33 11.852 -.234 13.142
3 16 11.852 -.234 13.142 12.999 -1.172 12.33 13.565 .897 12.985
3 16 12.143 1.604 13.908 11.852 -.234 13.142 13.565 .897 12.985
3 16 12.143 1.604 13.908 13.565 .897 12.985 12.284 2.591 13.66
3 16 12.284 2.591 13.66 13.565 .897 12.985 14.186 5.729 13.801
3 16 12.284 2.591 13.66 14.186 5.729 13.801 12.377 5.076 13.716
3 16 14.186 5.729 13.801 12.282 7.768 13.64 12.377 5.076 13.716
3 16 14.186 5.729 13.801 14.088 9.402 13.411 12.282 7.768 13.64
3 16 14.088 9.402 13.411 12.011 10.828 12.729 12.282 7.768 13.64
3 16 14.088 9.402 13.411 13.293 12.914 12.002 12.011 10.828 12.729
3 16 12.171 12.135 12.484 12.011 10.828 12.729 13.293 12.914 12.002
3 16 12.171 12.135 12.484 13.293 12.914 12.002 12.965 13.481 11.913
3 16 7.213 -4.679 14.353 6.213 -2.91 14.658 5.998 -4.27 13.493
3 16 7.213 -4.679 14.353 7.471 -2.996 15.411 6.213 -2.91 14.658
3 16 7.471 -2.996 15.411 6.39 -1.765 15.405 6.213 -2.91 14.658
3 16 7.471 -2.996 15.411 7.48 -1.062 16.105 6.39 -1.765 15.405
3 16 7.113 .264 16.373 6.39 -1.765 15.405 7.48 -1.062 16.105
4 16 7.213 -4.679 14.353 5.998 -4.27 13.493 5.479 -5.396 11.904 6.668 -6.247 12.315
3 16 6.668 -6.247 12.315 5.479 -5.396 11.904 4.881 -6.271 10.309
3 16 4.881 -6.271 10.309 5.76 -7.349 9.964 6.668 -6.247 12.315
3 16 4.881 -6.271 10.309 4.492 -6.954 9.498 5.76 -7.349 9.964
3 16 4.816 -8.005 8.464 5.76 -7.349 9.964 4.492 -6.954 9.498
3 16 4.816 -8.005 8.464 4.492 -6.954 9.498 4.288 -7.784 8.591
3 16 5.679 -4.752 14.215 6.213 -2.91 14.658 5.733 -3.401 15.956
3 16 5.679 -4.752 14.215 5.998 -4.27 13.493 6.213 -2.91 14.658
3 16 5.998 -4.27 13.493 5.679 -4.752 14.215 5.273 -5.339 13.81
3 16 5.998 -4.27 13.493 5.273 -5.339 13.81 5.479 -5.396 11.904
3 16 5.273 -5.339 13.81 4.881 -6.271 10.309 5.479 -5.396 11.904
3 16 5.733 -3.401 15.956 6.213 -2.91 14.658 5.818 -1.154 16.35
3 16 5.733 -3.401 15.956 5.818 -1.154 16.35 4.664 -1.797 17.445
3 16 5.818 -1.154 16.35 4.546 1.079 17.113 4.664 -1.797 17.445
3 16 3.231 -.497 18.283 4.664 -1.797 17.445 4.546 1.079 17.113
3 16 3.231 -.497 18.283 4.546 1.079 17.113 3.431 1.585 17.661
3 16 3.431 1.585 17.661 1.025 1.108 18.819 3.231 -.497 18.283
3 16 3.431 1.585 17.661 1.332 3.223 18.004 1.025 1.108 18.819
3 16 1.332 3.223 18.004 -1.467 3.021 18.782 1.025 1.108 18.819
4 16 -3.114 5.259 18.461 -1.467 3.021 18.782 1.332 3.223 18.004 -.227 4.851 17.856
3 16 -3.114 5.259 18.461 -.227 4.851 17.856 -1.652 6.611 17.232
3 16 -2.345 8.006 16.875 -3.114 5.259 18.461 -1.652 6.611 17.232
3 16 -2.345 8.006 16.875 -4.246 10.467 16.346 -3.114 5.259 18.461
3 16 5.818 -1.154 16.35 5.006 1.257 17.093 4.546 1.079 17.113
3 16 4.172 -7.869 11.416 4.288 -7.784 8.591 4.492 -6.954 9.498
3 16 4.172 -7.869 11.416 3.302 -9.684 8.572 4.288 -7.784 8.591
3 16 4.113 -5.016 13.971 4.172 -7.869 11.416 4.492 -6.954 9.498
3 16 4.113 -5.016 13.971 3.305 -6.377 15.328 4.172 -7.869 11.416
3 16 3.305 -6.377 15.328 4.113 -5.016 13.971 3.193 -3.96 15.473
3 16 3.305 -6.377 15.328 3.193 -3.96 15.473 2.157 -4.993 16.523
3 16 1.934 -3.034 16.422 2.157 -4.993 16.523 3.193 -3.96 15.473
3 16 1.934 -3.034 16.422 .387 -3.985 17.119 2.157 -4.993 16.523
3 16 .387 -3.985 17.119 1.934 -3.034 16.422 .472 -2.29 16.855
3 16 .387 -3.985 17.119 .472 -2.29 16.855 -1.296 -2.791 17.349
3 16 3.898 -8.185 7.784 4.288 -7.784 8.591 3.302 -9.684 8.572
3 16 2.736 -9.266 5.935 3.898 -8.185 7.784 3.302 -9.684 8.572
3 16 2.736 -9.266 5.935 3.302 -9.684 8.572 2.381 -10.633 6.747
3 16 2.736 -9.266 5.935 2.381 -10.633 6.747 1.638 -10.125 4.801
3 16 .387 -11.783 5.226 1.638 -10.125 4.801 2.381 -10.633 6.747
3 16 .387 -11.783 5.226 .142 -10.924 4.093 1.638 -10.125 4.801
3 16 .387 -11.783 5.226 -1.455 -11.392 3.586 .142 -10.924 4.093
3 16 .387 -11.783 5.226 -2.907 -11.939 4.091 -1.455 -11.392 3.586
3 16 -1.098 -1.612 17.059 -1.296 -2.791 17.349 .472 -2.29 16.855
3 16 -2.221 -1.817 17.626 -1.296 -2.791 17.349 -1.098 -1.612 17.059
3 16 -2.221 -1.817 17.626 -1.098 -1.612 17.059 -2.259 -.683 17.164
4 16 4.113 -5.016 13.971 4.913 -5.141 14.485 4.342 -4.185 16.137 3.193 -3.96 15.473
3 16 3.56 -3.164 17.169 3.193 -3.96 15.473 4.342 -4.185 16.137
3 16 3.56 -3.164 17.169 1.934 -3.034 16.422 3.193 -3.96 15.473
3 16 1.773 -2.099 17.764 1.934 -3.034 16.422 3.56 -3.164 17.169
3 16 1.773 -2.099 17.764 .472 -2.29 16.855 1.934 -3.034 16.422
3 16 4.113 -5.016 13.971 5.273 -5.339 13.81 4.913 -5.141 14.485
3 16 4.113 -5.016 13.971 4.881 -6.271 10.309 5.273 -5.339 13.81
3 16 4.113 -5.016 13.971 4.492 -6.954 9.498 4.881 -6.271 10.309
3 16 1.773 -2.099 17.764 -1.098 -1.612 17.059 .472 -2.29 16.855
3 16 -2.877 -11.708 5.152 -2.907 -11.939 4.091 .387 -11.783 5.226
3 16 -2.877 -11.708 5.152 -3.594 -11.795 4.405 -2.907 -11.939 4.091
3 16 -3.594 -11.795 4.405 -4.244 -11.001 4.703 -4.896 -11.389 3.852
3 16 -3.594 -11.795 4.405 -2.877 -11.708 5.152 -4.244 -11.001 4.703
3 16 -5.45 -9.533 3.808 -5.405 -11.002 3.388 -4.896 -11.389 3.852
3 16 -4.896 -11.389 3.852 -4.244 -11.001 4.703 -5.45 -9.533 3.808
3 16 -5.597 -10.315 2.517 -5.405 -11.002 3.388 -5.45 -9.533 3.808
3 16 -5.597 -10.315 2.517 -5.45 -9.533 3.808 -6.133 -8.568 2.854
3 16 -3.171 -11.752 3.693 -3.594 -11.795 4.405 -4.896 -11.389 3.852
3 16 -3.171 -11.752 3.693 -2.907 -11.939 4.091 -3.594 -11.795 4.405
3 16 -2.907 -11.939 4.091 -3.171 -11.752 3.693 -1.455 -11.392 3.586
3 16 -5.45 -9.533 3.808 -6.542 -8.654 3.586 -6.133 -8.568 2.854
3 16 -6.408 -8.717 4.19 -6.542 -8.654 3.586 -5.45 -9.533 3.808
3 16 -6.133 -8.568 2.854 -6.542 -8.654 3.586 -7.085 -8.227 3.082
3 16 -5.45 -9.533 3.808 -5.723 -9.126 4.707 -6.408 -8.717 4.19
3 16 -8.176 -7.389 10.506 -10.046 -4.814 10.62 -8.991 -6.237 8.834
3 16 -8.176 -7.389 10.506 -9.715 -5.788 12.701 -10.046 -4.814 10.62
3 16 -9.715 -5.788 12.701 -11.274 -2.736 11.553 -10.046 -4.814 10.62
3 16 -9.715 -5.788 12.701 -11.157 -3.146 13.891 -11.274 -2.736 11.553
3 16 -8.991 -6.237 8.834 -6.448 -8.366 8.086 -8.176 -7.389 10.506
3 16 -8.991 -6.237 8.834 -7.749 -7.119 6.879 -6.448 -8.366 8.086
3 16 -7.749 -7.119 6.879 -7.099 -7.649 5.775 -6.448 -8.366 8.086
3 16 -7.099 -7.649 5.775 -6.046 -8.498 5.752 -6.448 -8.366 8.086
3 16 -7.099 -7.649 5.775 -6.305 -8.355 4.911 -6.046 -8.498 5.752
3 16 -11.274 -2.736 11.553 -11.157 -3.146 13.891 -11.572 -2.02 11.891
4 16 -11.691 .153 14.612 -11.685 -1.235 12.195 -11.572 -2.02 11.891 -11.157 -3.146 13.891
3 16 -11.685 -1.235 12.195 -11.691 .153 14.612 -11.638 .228 13.071
3 16 -11.691 .153 14.612 -11.446 2.71 13.733 -11.638 .228 13.071
3 16 -11.691 .153 14.612 -10.931 4.01 14.034 -11.446 2.71 13.733
3 16 -6.318 -7.168 11.139 -6.085 -5.991 14.037 -7.105 -5.236 12.873
3 16 -6.318 -7.168 11.139 -5.475 -8.486 11.819 -6.085 -5.991 14.037
3 16 -7.105 -5.236 12.873 -6.085 -5.991 14.037 -7.927 -3.427 15.361
3 16 -7.105 -5.236 12.873 -7.927 -3.427 15.361 -8.437 -3.104 13.995
3 16 -7.927 -3.427 15.361 -9.007 -1.374 14.408 -8.437 -3.104 13.995
3 16 -7.927 -3.427 15.361 -9.082 .045 16.508 -9.007 -1.374 14.408
3 16 -9.082 .045 16.508 -9.384 .597 14.747 -9.007 -1.374 14.408
3 16 -9.082 .045 16.508 -9.202 1.81 15.525 -9.384 .597 14.747
3 16 -9.202 1.81 15.525 -9.082 .045 16.508 -8.564 4.237 17.367
3 16 -9.202 1.81 15.525 -8.564 4.237 17.367 -8.344 4.459 16.312
3 16 -8.344 4.459 16.312 -8.564 4.237 17.367 -4.246 10.467 16.346
3 16 -8.344 4.459 16.312 -4.246 10.467 16.346 -4.74 11.104 15.33
3 16 -6.278 -8.293 8.822 -5.475 -8.486 11.819 -6.318 -7.168 11.139
3 16 -6.278 -8.293 8.822 -5.999 -9.532 8.478 -5.475 -8.486 11.819
3 16 -5.999 -9.532 8.478 -6.278 -8.293 8.822 -6.448 -8.366 8.086
3 16 -5.936 -9.892 7.69 -5.999 -9.532 8.478 -6.448 -8.366 8.086
3 16 -5.936 -9.892 7.69 -6.448 -8.366 8.086 -6.046 -8.498 5.752
4 16 -10.714 3.71 15.426 -10.311 2.16 14.52 -9.384 .597 14.747 -10.147 2.885 15.718
3 16 -10.931 4.01 14.034 -10.311 2.16 14.52 -10.714 3.71 15.426
3 16 -10.931 4.01 14.034 -10.714 3.71 15.426 -10.873 7.345 14.867
3 16 -10.474 9.902 11.916 -10.931 4.01 14.034 -10.873 7.345 14.867
3 16 -10.474 9.902 11.916 -10.873 7.345 14.867 -9.693 10.47 13.837
3 16 -8.467 13.406 11.898 -10.474 9.902 11.916 -9.693 10.47 13.837
3 16 -8.467 13.406 11.898 -9.693 10.47 13.837 -8.175 13.393 13.528
3 16 -8.03 15.609 13.58 -8.467 13.406 11.898 -8.175 13.393 13.528
3 16 -8.03 15.609 13.58 -7.704 17.221 12.963 -8.467 13.406 11.898
3 16 -10.147 2.885 15.718 -9.202 1.81 15.525 -9.695 3.392 16.182
3 16 -10.147 2.885 15.718 -9.384 .597 14.747 -9.202 1.81 15.525
3 16 -9.695 3.392 16.182 -9.202 1.81 15.525 -8.344 4.459 16.312
3 16 -9.695 3.392 16.182 -8.344 4.459 16.312 -8.145 6.924 16.658
3 16 -8.145 6.924 16.658 -8.344 4.459 16.312 -4.74 11.104 15.33
3 16 -8.145 6.924 16.658 -4.74 11.104 15.33 -6.349 10.049 15.599
3 16 -5.965 12.281 15.247 -6.349 10.049 15.599 -4.74 11.104 15.33
3 16 -5.965 12.281 15.247 -4.74 11.104 15.33 -4.593 12.776 15.128
3 16 -4.593 12.776 15.128 -5.58 14.514 14.894 -5.965 12.281 15.247
3 16 -4.593 12.776 15.128 -4.446 14.448 14.927 -5.58 14.514 14.894
3 16 -4.871 16.448 14.821 -5.58 14.514 14.894 -4.446 14.448 14.927
3 16 -4.871 16.448 14.821 -7.006 16.632 14.845 -5.58 14.514 14.894
3 16 -6.346 17.919 13.956 -7.006 16.632 14.845 -4.871 16.448 14.821
3 16 -6.346 17.919 13.956 -4.871 16.448 14.821 -4.886 17.471 14.375
3 16 -12.252 5.356 13.651 -10.474 9.902 11.916 -11.43 9.956 11.428
3 16 -12.252 5.356 13.651 -10.931 4.01 14.034 -10.474 9.902 11.916
3 16 -10.348 12.808 11.385 -11.43 9.956 11.428 -10.474 9.902 11.916
3 16 -10.348 12.808 11.385 -10.474 9.902 11.916 -8.467 13.406 11.898
3 16 -8.467 13.406 11.898 -10.566 15.048 13.293 -11.377 14.096 13.454
3 16 -11.377 14.096 13.454 -10.348 12.808 11.385 -8.467 13.406 11.898
3 16 -12.471 3.677 13.636 -10.931 4.01 14.034 -12.252 5.356 13.651
3 16 -12.471 3.677 13.636 -11.446 2.71 13.733 -10.931 4.01 14.034
3 16 -11.377 14.096 13.454 -12.193 12.96 11.27 -10.348 12.808 11.385
3 16 -12.193 12.96 11.27 -11.43 9.956 11.428 -10.348 12.808 11.385
3 16 -11.377 14.096 13.454 -12.27 13.737 12.926 -12.193 12.96 11.27
3 16 -12.193 12.96 11.27 -12.92 10.129 11.195 -11.43 9.956 11.428
3 16 -13.794 6.901 13.137 -11.43 9.956 11.428 -12.92 10.129 11.195
3 16 -13.794 6.901 13.137 -12.252 5.356 13.651 -11.43 9.956 11.428
3 16 -12.252 5.356 13.651 -13.469 4.029 13.702 -12.471 3.677 13.636
3 16 -12.252 5.356 13.651 -13.794 6.901 13.137 -13.469 4.029 13.702
3 16 -12.471 3.677 13.636 -13.469 4.029 13.702 -13.114 2.658 13.385
3 16 -12.471 3.677 13.636 -13.114 2.658 13.385 -12.404 2.501 13.396
3 16 -11.446 2.71 13.733 -12.471 3.677 13.636 -12.404 2.501 13.396
3 16 -11.446 2.71 13.733 -12.404 2.501 13.396 -11.638 .228 13.071
3 16 -12.404 2.501 13.396 -12.376 .229 12.48 -11.638 .228 13.071
3 16 -12.404 2.501 13.396 -13.114 2.658 13.385 -12.376 .229 12.48
3 16 -11.685 -1.235 12.195 -11.638 .228 13.071 -12.376 .229 12.48
3 16 -11.685 -1.235 12.195 -12.376 .229 12.48 -12.695 -1.147 11.779
3 16 -11.572 -2.02 11.891 -11.685 -1.235 12.195 -12.695 -1.147 11.779
3 16 -1.132 -6.835 12.66 -3.085 -9.063 11.663 -1.653 -8.739 11.006
3 16 -1.132 -6.835 12.66 -3.077 -6.66 14.08 -3.085 -9.063 11.663
3 16 -3.077 -6.66 14.08 -1.132 -6.835 12.66 -2.864 -2.754 15.565
3 16 -3.077 -6.66 14.08 -2.864 -2.754 15.565 -4.706 -3.653 16.129
3 16 -3.085 -9.063 11.663 -3.467 -9.951 8.957 -1.653 -8.739 11.006
4 16 -3.467 -9.951 8.957 -5.302 -9.892 8.363 -5.936 -9.892 7.69 -4.835 -9.943 7.542
3 16 -5.936 -9.892 7.69 -5.627 -8.904 5.501 -4.835 -9.943 7.542
3 16 -5.936 -9.892 7.69 -6.046 -8.498 5.752 -5.627 -8.904 5.501
3 16 -6.305 -8.355 4.911 -5.627 -8.904 5.501 -6.046 -8.498 5.752
3 16 -6.305 -8.355 4.911 -6.408 -8.717 4.19 -5.627 -8.904 5.501
3 16 -4.706 -3.653 16.129 -2.864 -2.754 15.565 -4.79 .106 16.344
3 16 -4.706 -3.653 16.129 -4.79 .106 16.344 -6.482 -.016 17.637
3 16 -5.374 2.841 17.184 -6.482 -.016 17.637 -4.79 .106 16.344
3 16 -5.374 2.841 17.184 -6.539 3.21 18.042 -6.482 -.016 17.637
3 16 -6.539 3.21 18.042 -5.374 2.841 17.184 -4.943 8.213 16.829
3 16 .52 -8.715 13.516 -1.653 -8.739 11.006 -.326 -10.453 11.399
3 16 .52 -8.715 13.516 -1.132 -6.835 12.66 -1.653 -8.739 11.006
3 16 -1.653 -8.739 11.006 -1.462 -11.158 9.951 -.326 -10.453 11.399
3 16 -1.653 -8.739 11.006 -3.467 -9.951 8.957 -1.462 -11.158 9.951
3 16 -2.729 -11.683 8.439 -1.462 -11.158 9.951 -3.467 -9.951 8.957
3 16 -3.467 -9.951 8.957 -4.517 -11.421 6.925 -2.729 -11.683 8.439
3 16 -3.467 -9.951 8.957 -4.835 -9.943 7.542 -4.517 -11.421 6.925
3 16 -5.417 -10.282 5.865 -4.517 -11.421 6.925 -4.835 -9.943 7.542
3 16 -5.417 -10.282 5.865 -4.835 -9.943 7.542 -5.627 -8.904 5.501
3 16 -5.627 -8.904 5.501 -5.723 -9.126 4.707 -5.417 -10.282 5.865
3 16 -5.627 -8.904 5.501 -6.408 -8.717 4.19 -5.723 -9.126 4.707
3 16 -1.132 -6.835 12.66 .52 -8.715 13.516 -.004 -6.812 15.183
3 16 -1.132 -6.835 12.66 -.004 -6.812 15.183 -2.864 -2.754 15.565
3 16 -2.864 -2.754 15.565 -.004 -6.812 15.183 -.8 -4.933 16.152
3 16 -2.864 -2.754 15.565 -.8 -4.933 16.152 -1.576 -4.084 16.464
3 16 -2.864 -2.754 15.565 -1.576 -4.084 16.464 -2.292 -3.178 16.743
3 16 -2.864 -2.754 15.565 -2.292 -3.178 16.743 -2.652 -2.548 17.184
4 16 -2.259 -.683 17.164 -2.875 -1.43 16.425 -2.652 -2.548 17.184 -2.221 -1.817 17.626
3 16 -2.652 -2.548 17.184 -2.875 -1.43 16.425 -3.04 -1.87 16.019
3 16 -2.652 -2.548 17.184 -3.04 -1.87 16.019 -2.864 -2.754 15.565
3 16 -2.259 -.683 17.164 -4.79 .106 16.344 -2.875 -1.43 16.425
3 16 -2.259 -.683 17.164 -5.374 2.841 17.184 -4.79 .106 16.344
3 16 -2.875 -1.43 16.425 -4.79 .106 16.344 -3.04 -1.87 16.019
3 16 -4.79 .106 16.344 -2.864 -2.754 15.565 -3.04 -1.87 16.019
3 16 -9.391 15.334 12.119 -10.566 15.048 13.293 -8.467 13.406 11.898
3 16 -10.119 16.291 12.32 -10.566 15.048 13.293 -9.391 15.334 12.119
3 16 -10.119 16.291 12.32 -11.165 16.509 13.225 -10.566 15.048 13.293
3 16 -11.165 16.509 13.225 -10.119 16.291 12.32 -11.268 17.23 10.281
3 16 -11.268 17.23 10.281 -12.225 16.815 13.01 -11.165 16.509 13.225
3 16 -12.712 16.636 9.493 -13.154 16.2 12.383 -12.225 16.815 13.01
3 16 -12.225 16.815 13.01 -11.268 17.23 10.281 -12.712 16.636 9.493
3 16 -11.377 14.096 13.454 -12.035 15.24 13.253 -12.27 13.737 12.926
3 16 -10.566 15.048 13.293 -12.035 15.24 13.253 -11.377 14.096 13.454
3 16 -11.165 16.509 13.225 -12.035 15.24 13.253 -10.566 15.048 13.293
3 16 -12.035 15.24 13.253 -11.165 16.509 13.225 -12.225 16.815 13.01
3 16 -12.035 15.24 13.253 -12.225 16.815 13.01 -13.154 16.2 12.383
3 16 -13.155 15.282 12.325 -12.035 15.24 13.253 -13.154 16.2 12.383
3 16 -12.035 15.24 13.253 -13.155 15.282 12.325 -12.27 13.737 12.926
4 16 -12.23 19.509 10.202 -11.521 18.032 10.162 -10.141 17.58 12.12 -11.385 19.74 11.85
3 16 -11.268 17.23 10.281 -10.141 17.58 12.12 -11.521 18.032 10.162
3 16 -11.268 17.23 10.281 -10.119 16.291 12.32 -10.141 17.58 12.12
3 16 -12.23 19.509 10.202 -11.385 19.74 11.85 -13.024 21.738 10.157
3 16 -12.23 19.509 10.202 -13.024 21.738 10.157 -13.161 21.308 9.432
3 16 -13.188 19.383 8.103 -12.23 19.509 10.202 -13.161 21.308 9.432
3 16 -15.932 16.067 3.73 -15.368 16.855 2.326 -15.868 15.307 3.03
3 16 -15.932 16.067 3.73 -16.343 17.672 3.695 -15.368 16.855 2.326
4 16 -15.694 12.962 4.711 -15.932 16.067 3.73 -15.868 15.307 3.03 -15.663 12.723 3.56
3 16 -15.703 19.443 2.195 -15.368 16.855 2.326 -16.343 17.672 3.695
3 16 -15.703 19.443 2.195 -14.861 18.794 1.513 -15.368 16.855 2.326
3 16 -16.412 20.716 3.514 -15.703 19.443 2.195 -16.343 17.672 3.695
3 16 -16.412 20.716 3.514 -16.343 17.672 3.695 -17.087 19.024 4.397
3 16 4.028 2.455 18.098 1.332 3.223 18.004 3.431 1.585 17.661
3 16 4.028 2.455 18.098 2.602 3.988 18.967 1.332 3.223 18.004
3 16 1.332 3.223 18.004 2.602 3.988 18.967 1.415 5.735 19.151
3 16 1.332 3.223 18.004 1.415 5.735 19.151 -.227 4.851 17.856
3 16 -.227 4.851 17.856 1.415 5.735 19.151 .01 8.396 18.585
3 16 -.227 4.851 17.856 .01 8.396 18.585 -1.652 6.611 17.232
3 16 -2.345 8.006 16.875 -1.652 6.611 17.232 .01 8.396 18.585
3 16 -2.345 8.006 16.875 .01 8.396 18.585 -.285 10.107 17.925
3 16 -.285 10.107 17.925 -2.352 11.833 16.23 -2.345 8.006 16.875
3 16 -.285 10.107 17.925 -.522 11.798 17.216 -2.352 11.833 16.23
3 16 3.431 1.585 17.661 4.546 1.079 17.113 4.028 2.455 18.098
3 16 -.522 11.798 17.216 -1.656 13.789 16.71 -2.352 11.833 16.23
3 16 -.522 11.798 17.216 -.494 15.785 18.076 -1.656 13.789 16.71
3 16 2.658 10.818 17.119 1.394 11.56 17.24 2.44 10.186 18.037
3 16 2.658 10.818 17.119 1.241 13.055 17.045 1.394 11.56 17.24
4 16 2.658 10.818 17.119 2.44 10.186 18.037 3.426 8.768 18.771 4.056 9.214 17.684
3 16 5.193 5.887 18.071 4.056 9.214 17.684 3.426 8.768 18.771
3 16 5.193 5.887 18.071 3.426 8.768 18.771 4.541 5.939 18.833
3 16 4.378 4.223 18.558 5.193 5.887 18.071 4.541 5.939 18.833
3 16 4.378 4.223 18.558 4.945 3.566 17.878 5.193 5.887 18.071
3 16 4.945 3.566 17.878 4.378 4.223 18.558 4.028 2.455 18.098
3 16 4.945 3.566 17.878 4.028 2.455 18.098 5.006 1.257 17.093
3 16 5.006 1.257 17.093 4.028 2.455 18.098 4.546 1.079 17.113
3 16 -.494 15.785 18.076 -.639 16.079 15.356 -1.946 14.193 15.578
3 16 -.494 15.785 18.076 .311 16.636 15.553 -.639 16.079 15.356
3 16 -1.946 14.193 15.578 -1.656 13.789 16.71 -.494 15.785 18.076
3 16 -2.597 11.969 16.015 -1.656 13.789 16.71 -1.946 14.193 15.578
3 16 -2.597 11.969 16.015 -2.352 11.833 16.23 -1.656 13.789 16.71
3 16 -3.51 11.105 16.351 -2.352 11.833 16.23 -2.597 11.969 16.015
3 16 -2.345 8.006 16.875 -2.352 11.833 16.23 -3.51 11.105 16.351
3 16 -1.946 14.193 15.578 -.639 16.079 15.356 -2.442 16.891 16.844
3 16 -.639 16.079 15.356 -1.476 18.141 16.196 -2.442 16.891 16.844
3 16 -3.27 15.273 16.289 -1.946 14.193 15.578 -2.442 16.891 16.844
3 16 -3.27 15.273 16.289 -3.526 13.846 16.209 -1.946 14.193 15.578
3 16 -3.526 13.846 16.209 -2.597 11.969 16.015 -1.946 14.193 15.578
3 16 -3.51 11.105 16.351 -2.597 11.969 16.015 -3.526 13.846 16.209
3 16 -3.743 18.582 16.117 -1.476 18.141 16.196 -2.736 19.304 15.067
3 16 -3.743 18.582 16.117 -2.442 16.891 16.844 -1.476 18.141 16.196
3 16 -3.526 13.846 16.209 -4.228 12.486 15.787 -4.246 10.467 16.346
3 16 -4.246 10.467 16.346 -3.51 11.105 16.351 -3.526 13.846 16.209
3 16 -4.228 12.486 15.787 -4.74 11.104 15.33 -4.246 10.467 16.346
3 16 -4.228 12.486 15.787 -4.593 12.776 15.128 -4.74 11.104 15.33
3 16 -3.526 13.846 16.209 -4.21 14.505 15.229 -4.228 12.486 15.787
3 16 -4.21 14.505 15.229 -4.593 12.776 15.128 -4.228 12.486 15.787
3 16 -3.526 13.846 16.209 -3.27 15.273 16.289 -4.21 14.505 15.229
3 16 -4.21 14.505 15.229 -3.27 15.273 16.289 -4.224 16.689 15.719
3 16 -4.224 16.689 15.719 -3.27 15.273 16.289 -2.442 16.891 16.844
3 16 -4.224 16.689 15.719 -2.442 16.891 16.844 -3.743 18.582 16.117
3 16 -4.886 17.471 14.375 -4.224 16.689 15.719 -3.743 18.582 16.117
3 16 -4.886 17.471 14.375 -4.871 16.448 14.821 -4.224 16.689 15.719
3 16 -4.21 14.505 15.229 -4.224 16.689 15.719 -4.871 16.448 14.821
3 16 -4.21 14.505 15.229 -4.871 16.448 14.821 -4.446 14.448 14.927
3 16 -4.21 14.505 15.229 -4.446 14.448 14.927 -4.593 12.776 15.128
3 16 -4.246 10.467 16.346 -2.345 8.006 16.875 -3.51 11.105 16.351
3 16 -3.298 19.217 14.776 -3.743 18.582 16.117 -2.736 19.304 15.067
3 16 -3.298 19.217 14.776 -4.886 17.471 14.375 -3.743 18.582 16.117
3 16 7.113 .264 16.373 7.053 2.781 18.482 5.818 -1.154 16.35
3 16 7.113 .264 16.373 8.517 3.951 16.513 7.053 2.781 18.482
3 16 5.818 -1.154 16.35 6.39 -1.765 15.405 7.113 .264 16.373
3 16 5.818 -1.154 16.35 6.213 -2.91 14.658 6.39 -1.765 15.405
3 16 7.525 6.209 18.962 7.053 2.781 18.482 8.517 3.951 16.513
3 16 7.525 6.209 18.962 8.517 3.951 16.513 8.455 5.062 16.036
3 16 7.525 6.209 18.962 8.455 5.062 16.036 8.446 8.192 16.325
3 16 7.525 6.209 18.962 8.446 8.192 16.325 6.741 8.898 18.682
3 16 7.532 10.597 15.636 6.741 8.898 18.682 8.446 8.192 16.325
3 16 7.532 10.597 15.636 4.245 11.428 17.924 6.741 8.898 18.682
3 16 7.532 10.597 15.636 5.359 12.314 16.858 4.245 11.428 17.924
3 16 4.226 13.417 17.05 4.245 11.428 17.924 5.359 12.314 16.858
3 16 4.226 13.417 17.05 3.018 12.843 17.576 4.245 11.428 17.924
3 16 3.104 15.153 16.966 3.018 12.843 17.576 4.226 13.417 17.05
3 16 3.104 15.153 16.966 2.191 14.524 18.26 3.018 12.843 17.576
4 16 9.899 4.942 15.704 10.782 2.127 14.731 11.798 2.208 14.543 11.458 4.813 15.345
3 16 12.143 1.604 13.908 11.798 2.208 14.543 10.782 2.127 14.731
3 16 12.143 1.604 13.908 10.782 2.127 14.731 11.852 -.234 13.142
3 16 10.873 7.538 15.694 9.899 4.942 15.704 11.458 4.813 15.345
3 16 10.873 7.538 15.694 9.632 7.872 16.017 9.899 4.942 15.704
3 16 9.632 7.872 16.017 10.873 7.538 15.694 10.671 9.711 15.499
3 16 9.632 7.872 16.017 10.671 9.711 15.499 9.604 10.018 15.575
3 16 10.667 11.846 15.074 9.604 10.018 15.575 10.671 9.711 15.499
3 16 10.667 11.846 15.074 9.937 12.432 15.3 9.604 10.018 15.575
3 16 9.937 12.432 15.3 10.667 11.846 15.074 11.016 13.301 15.221
3 16 9.937 12.432 15.3 11.016 13.301 15.221 10.387 14.084 15.401
3 16 10.387 14.084 15.401 9.459 12.817 15.103 9.937 12.432 15.3
3 16 10.387 14.084 15.401 9.603 15.035 14.988 9.459 12.817 15.103
3 16 9.937 12.432 15.3 8.983 10.196 15.62 9.604 10.018 15.575
3 16 9.937 12.432 15.3 9.459 12.817 15.103 8.983 10.196 15.62
3 16 8.446 8.192 16.325 9.604 10.018 15.575 8.983 10.196 15.62
3 16 8.446 8.192 16.325 9.632 7.872 16.017 9.604 10.018 15.575
4 16 9.899 4.942 15.704 9.632 7.872 16.017 8.446 8.192 16.325 8.455 5.062 16.036
4 16 8.455 5.062 16.036 10.05 2.07 14.867 10.782 2.127 14.731 9.899 4.942 15.704
3 16 11.852 -.234 13.142 10.782 2.127 14.731 10.05 2.07 14.867
3 16 11.852 -.234 13.142 10.05 2.07 14.867 10.71 -1.807 12.643
3 16 5.802 14.642 17.129 6.253 17.245 15.273 4.811 16.6 17.45
3 16 5.802 14.642 17.129 6.789 15.074 15.15 6.253 17.245 15.273
3 16 6.497 12.691 16.564 6.789 15.074 15.15 5.802 14.642 17.129
3 16 6.497 12.691 16.564 7.531 12.281 15.108 6.789 15.074 15.15
3 16 7.532 10.597 15.636 7.531 12.281 15.108 6.497 12.691 16.564
3 16 4.811 16.6 17.45 6.253 17.245 15.273 5.086 17.809 15.486
3 16 3.104 15.153 16.966 5.802 14.642 17.129 4.811 16.6 17.45
3 16 3.104 15.153 16.966 4.226 13.417 17.05 5.802 14.642 17.129
3 16 5.359 12.314 16.858 5.802 14.642 17.129 4.226 13.417 17.05
3 16 5.359 12.314 16.858 6.497 12.691 16.564 5.802 14.642 17.129
3 16 6.497 12.691 16.564 5.359 12.314 16.858 7.532 10.597 15.636
3 16 4.811 16.6 17.45 3.293 16.304 14.795 3.104 15.153 16.966
3 16 4.811 16.6 17.45 5.086 17.809 15.486 3.293 16.304 14.795
3 16 2.191 14.524 18.26 2.06 17.131 15.213 1.648 15.984 18.576
3 16 2.191 14.524 18.26 2.779 17.013 14.792 2.06 17.131 15.213
3 16 2.779 17.013 14.792 2.191 14.524 18.26 3.104 15.153 16.966
3 16 2.779 17.013 14.792 3.104 15.153 16.966 3.293 16.304 14.795
3 16 7.737 20.65 13.746 7.582 18.989 16.063 9.349 20.854 17.123
3 16 7.737 20.65 13.746 6.293 18.893 14.7 7.582 18.989 16.063
3 16 7.737 20.65 13.746 9.349 20.854 17.123 9.708 21.673 16.22
3 16 10.592 21.874 15.759 9.708 21.673 16.22 9.349 20.854 17.123
3 16 10.592 21.874 15.759 9.349 20.854 17.123 11.099 20.084 17.009
3 16 11.614 20.256 16.361 10.592 21.874 15.759 11.099 20.084 17.009
3 16 11.614 20.256 16.361 11.476 21.676 14.994 10.592 21.874 15.759
3 16 11.614 20.256 16.361 12.128 20.428 15.713 11.476 21.676 14.994
3 16 11.476 21.676 14.994 12.128 20.428 15.713 11.544 19.149 13.163
3 16 11.476 21.676 14.994 11.544 19.149 13.163 10.848 20.055 12.777
3 16 6.253 17.245 15.273 7.582 18.989 16.063 6.293 18.893 14.7
3 16 15.679 10.543 8.519 15.122 9.426 5.545 15.137 12.575 6.366
3 16 15.679 10.543 8.519 15.299 8.669 7.677 15.122 9.426 5.545
3 16 16.111 12.237 8.866 15.679 10.543 8.519 15.137 12.575 6.366
3 16 16.111 12.237 8.866 15.137 12.575 6.366 15.282 13.77 6.652
3 16 16.559 13.8 8.782 16.111 12.237 8.866 15.282 13.77 6.652
3 16 16.559 13.8 8.782 15.282 13.77 6.652 15.567 16.108 6.323
3 16 17.295 15.169 8.612 16.559 13.8 8.782 15.567 16.108 6.323
3 16 17.295 15.169 8.612 15.567 16.108 6.323 16.766 16.744 6.928
3 16 16.604 17.811 8.435 17.295 15.169 8.612 16.766 16.744 6.928
3 16 16.604 17.811 8.435 16.786 16.405 10.187 17.295 15.169 8.612
3 16 15.674 18.191 9.404 16.786 16.405 10.187 16.604 17.811 8.435
3 16 15.674 18.191 9.404 14.402 16.753 10.713 16.786 16.405 10.187
3 16 16.105 15.404 10.611 16.786 16.405 10.187 14.402 16.753 10.713
3 16 16.105 15.404 10.611 14.402 16.753 10.713 14.058 15.889 10.851
3 16 16.105 15.404 10.611 14.058 15.889 10.851 13.721 14.831 10.989
3 16 14.183 12.749 10.892 16.105 15.404 10.611 13.721 14.831 10.989
3 16 14.183 12.749 10.892 13.721 14.831 10.989 13.463 13.668 11.062
3 16 15.685 9.653 3.763 15.137 12.575 6.366 15.122 9.426 5.545
3 16 15.685 9.653 3.763 16.332 13.264 5.381 15.137 12.575 6.366
3 16 15.282 13.77 6.652 15.137 12.575 6.366 16.332 13.264 5.381
3 16 15.567 16.108 6.323 15.282 13.77 6.652 16.332 13.264 5.381
3 16 15.567 16.108 6.323 16.332 13.264 5.381 16.697 16.532 5.17
3 16 15.685 9.653 3.763 17.955 7.047 2.631 15.576 9.137 1.29
3 16 15.685 9.653 3.763 19.311 6.709 5.732 17.955 7.047 2.631
3 16 16.991 9.086 6.331 19.311 6.709 5.732 15.685 9.653 3.763
3 16 16.991 9.086 6.331 19.143 7.15 7.703 19.311 6.709 5.732
3 16 17.211 8.463 7.663 19.143 7.15 7.703 16.991 9.086 6.331
3 16 11.551 11.732 14.019 12.011 10.828 12.729 11.237 12.947 12.923
3 16 11.551 11.732 14.019 12.02 9.899 14.047 12.011 10.828 12.729
3 16 12.02 9.899 14.047 12.282 7.768 13.64 12.011 10.828 12.729
3 16 11.562 12.926 13.957 11.551 11.732 14.019 11.237 12.947 12.923
3 16 14.183 12.749 10.892 12.965 13.481 11.913 13.293 12.914 12.002
3 16 14.183 12.749 10.892 13.463 13.668 11.062 12.965 13.481 11.913
3 16 14.208 18.779 4.677 11.726 20.178 5.402 12.827 20.985 5.374
3 16 14.208 18.779 4.677 13.88 18.064 4.696 11.726 20.178 5.402
3 16 13.88 18.064 4.696 12.011 17.281 4.975 11.726 20.178 5.402
3 16 12.827 20.985 5.374 13.496 22.353 7.671 13.538 22.118 6.874
3 16 12.827 20.985 5.374 11.726 20.178 5.402 13.496 22.353 7.671
3 16 10.459 21.05 7.297 13.496 22.353 7.671 11.726 20.178 5.402
3 16 10.459 21.05 7.297 12.308 21.829 8.836 13.496 22.353 7.671
3 16 14.757 20.151 8.212 13.496 22.353 7.671 14.665 19.968 8.73
3 16 14.757 20.151 8.212 13.538 22.118 6.874 13.496 22.353 7.671
3 16 13.213 20.754 9.575 14.665 19.968 8.73 13.496 22.353 7.671
3 16 13.213 20.754 9.575 13.496 22.353 7.671 12.308 21.829 8.836
3 16 14.665 19.968 8.73 15.031 18.795 7.839 14.757 20.151 8.212
3 16 14.665 19.968 8.73 14.71 18.121 8.357 15.031 18.795 7.839
3 16 14.71 18.121 8.357 14.526 18.246 6.654 15.031 18.795 7.839
3 16 14.71 18.121 8.357 14.486 17.238 6.891 14.526 18.246 6.654
3 16 14.526 18.246 6.654 14.486 17.238 6.891 13.88 18.064 4.696
3 16 14.526 18.246 6.654 13.88 18.064 4.696 14.208 18.779 4.677
3 16 14.877 17.019 6.305 13.88 18.064 4.696 14.486 17.238 6.891
3 16 16.604 17.811 8.435 14.486 17.238 6.891 14.71 18.121 8.357
3 16 16.604 17.811 8.435 16.766 16.744 6.928 14.486 17.238 6.891
3 16 15.674 18.191 9.404 16.604 17.811 8.435 14.71 18.121 8.357
3 16 16.766 16.744 6.928 15.567 16.108 6.323 14.877 17.019 6.305
3 16 14.877 17.019 6.305 14.486 17.238 6.891 16.766 16.744 6.928
3 16 14.665 19.968 8.73 15.674 18.191 9.404 14.71 18.121 8.357
3 16 15.367 20.246 9.216 16.357 19.285 9.998 15.952 18.648 9.643
3 16 15.367 20.246 9.216 16.155 20.469 9.943 16.357 19.285 9.998
3 16 14.877 17.019 6.305 16.697 16.532 5.17 13.88 18.064 4.696
3 16 14.877 17.019 6.305 15.567 16.108 6.323 16.697 16.532 5.17
3 16 14.776 16.972 2.606 16.697 16.532 5.17 16.478 15.157 1.942
3 16 14.776 16.972 2.606 13.88 18.064 4.696 16.697 16.532 5.17
3 16 16.478 15.157 1.942 14.566 14.881 -1.461 14.776 16.972 2.606
3 16 16.478 15.157 1.942 16.034 13.698 -1.165 14.566 14.881 -1.461
3 16 16.034 13.698 -1.165 13.474 11.209 -5.128 14.566 14.881 -1.461
3 16 16.034 13.698 -1.165 13.953 9.708 -5.618 13.474 11.209 -5.128
3 16 13.953 9.708 -5.618 12.489 11.163 -5.697 13.474 11.209 -5.128
3 16 12.489 11.163 -5.697 13.988 9.801 -6.466 12.604 11.332 -6.537
3 16 12.489 11.163 -5.697 13.953 9.708 -5.618 13.988 9.801 -6.466
3 16 13.988 9.801 -6.466 12.964 11.655 -7.239 12.604 11.332 -6.537
3 16 13.988 9.801 -6.466 14.579 10.563 -7.516 12.964 11.655 -7.239
3 16 11.241 13.822 12.933 11.248 15.069 12.947 11.147 15.172 13.165
3 16 11.241 13.822 12.933 11.147 15.172 13.165 11.752 14.952 13.925
3 16 11.556 15.361 14.41 11.752 14.952 13.925 11.147 15.172 13.165
3 16 11.694 13.915 14.546 11.752 14.952 13.925 11.556 15.361 14.41
3 16 11.556 15.361 14.41 11.328 14.069 15.066 11.694 13.915 14.546
3 16 11.556 15.361 14.41 10.964 15.078 15.259 11.328 14.069 15.066
3 16 11.694 13.915 14.546 11.779 13.876 14.231 11.752 14.952 13.925
3 16 11.241 13.822 12.933 11.752 14.952 13.925 11.779 13.876 14.231
3 16 11.694 13.915 14.546 11.328 14.069 15.066 11.016 13.301 15.221
3 16 11.694 13.915 14.546 11.016 13.301 15.221 11.502 12.997 14.528
3 16 11.779 13.876 14.231 11.694 13.915 14.546 11.502 12.997 14.528
3 16 10.387 14.084 15.401 11.328 14.069 15.066 10.964 15.078 15.259
3 16 10.387 14.084 15.401 11.016 13.301 15.221 11.328 14.069 15.066
3 16 11.779 13.876 14.231 11.502 12.997 14.528 11.562 12.926 13.957
3 16 11.241 13.822 12.933 11.779 13.876 14.231 11.562 12.926 13.957
3 16 11.556 15.361 14.41 11.147 15.172 13.165 10.775 16.259 13.733
3 16 10.775 16.259 13.733 11.147 15.172 13.165 11.165 16.14 13
3 16 11.241 13.822 12.933 11.562 12.926 13.957 11.237 12.947 12.923
3 16 11.147 15.172 13.165 11.248 15.069 12.947 11.165 16.14 13
3 16 9.603 15.035 14.988 10.001 15.614 14.561 9.434 17.127 15.68
3 16 10.475 17.18 14.021 9.434 17.127 15.68 10.001 15.614 14.561
3 16 10.475 17.18 14.021 10.001 15.614 14.561 10.775 16.259 13.733
3 16 9.434 17.127 15.68 10.475 17.18 14.021 10.852 18.672 14.408
3 16 10.852 18.672 14.408 9.947 18.048 16.035 9.434 17.127 15.68
3 16 11.082 17.211 13.053 10.852 18.672 14.408 10.475 17.18 14.021
3 16 11.082 17.211 13.053 11.544 19.149 13.163 10.852 18.672 14.408
3 16 10.775 16.259 13.733 11.082 17.211 13.053 10.475 17.18 14.021
3 16 10.775 16.259 13.733 11.165 16.14 13 11.082 17.211 13.053
3 16 9.947 18.048 16.035 11.614 20.256 16.361 11.099 20.084 17.009
3 16 9.947 18.048 16.035 10.852 18.672 14.408 11.614 20.256 16.361
3 16 10.852 18.672 14.408 12.128 20.428 15.713 11.614 20.256 16.361
3 16 10.852 18.672 14.408 11.544 19.149 13.163 12.128 20.428 15.713
3 16 -13.784 19.211 10.488 -13.188 19.383 8.103 -15.061 19.46 9.571
3 16 -13.784 19.211 10.488 -12.23 19.509 10.202 -13.188 19.383 8.103
3 16 -13.834 18.147 6.778 -13.449 20.292 6.57 -14.808 18.688 6.559
3 16 -13.834 18.147 6.778 -12.518 19.663 6.893 -13.449 20.292 6.57
3 16 -15.57 20.864 5.875 -14.808 18.688 6.559 -13.449 20.292 6.57
3 16 -15.57 20.864 5.875 -16.351 19.761 6.392 -14.808 18.688 6.559
3 16 -13.449 20.292 6.57 -12.011 20.036 4.975 -13.663 20.926 5.304
3 16 -13.449 20.292 6.57 -12.518 19.663 6.893 -12.011 20.036 4.975
3 16 -13.663 20.926 5.304 -12.011 20.036 4.975 -12.331 20.392 3.365
3 16 -13.663 20.926 5.304 -12.331 20.392 3.365 -13.938 20.892 3.814
3 16 -13.938 20.892 3.814 -15.438 21.179 5.172 -13.663 20.926 5.304
3 16 -13.938 20.892 3.814 -15.729 21.297 4.381 -15.438 21.179 5.172
4 16 -13.449 20.292 6.57 -13.663 20.926 5.304 -15.438 21.179 5.172 -15.57 20.864 5.875
3 16 -10.921 19.854 6.606 -12.011 20.036 4.975 -12.518 19.663 6.893
3 16 -10.921 19.854 6.606 -12.518 19.663 6.893 -12.099 19.904 7.313
3 16 -12.331 20.392 3.365 -14.517 20.213 2.558 -13.938 20.892 3.814
3 16 -12.331 20.392 3.365 -12.82 19.265 .904 -14.517 20.213 2.558
3 16 -14.517 20.213 2.558 -15.729 21.297 4.381 -13.938 20.892 3.814
3 16 -14.517 20.213 2.558 -16.412 20.716 3.514 -15.729 21.297 4.381
3 16 -14.861 18.794 1.513 -14.517 20.213 2.558 -12.82 19.265 .904
3 16 -14.861 18.794 1.513 -15.703 19.443 2.195 -14.517 20.213 2.558
3 16 -16.412 20.716 3.514 -14.517 20.213 2.558 -15.703 19.443 2.195
3 16 -17.087 19.024 4.397 -16.908 19.126 5.726 -16.412 20.716 3.514
3 16 -15.729 21.297 4.381 -16.412 20.716 3.514 -16.908 19.126 5.726
3 16 -15.729 21.297 4.381 -16.908 19.126 5.726 -16.351 19.761 6.392
3 16 -15.729 21.297 4.381 -16.351 19.761 6.392 -15.57 20.864 5.875
3 16 -15.729 21.297 4.381 -15.57 20.864 5.875 -15.438 21.179 5.172
3 16 -13.188 19.383 8.103 -12.518 19.663 6.893 -13.834 18.147 6.778
3 16 -13.188 19.383 8.103 -12.099 19.904 7.313 -12.518 19.663 6.893
3 16 -13.188 19.383 8.103 -11.984 21.545 8.38 -12.099 19.904 7.313
3 16 -13.188 19.383 8.103 -13.161 21.308 9.432 -11.984 21.545 8.38
3 16 -11.576 22.056 8.8 -11.984 21.545 8.38 -13.161 21.308 9.432
3 16 -11.576 22.056 8.8 -13.161 21.308 9.432 -13.024 21.738 10.157
3 16 -11.576 22.056 8.8 -13.024 21.738 10.157 -12.146 22.357 10.668
3 16 -11.576 22.056 8.8 -12.146 22.357 10.668 -11.266 22.597 9.606
3 16 -13.834 18.147 6.778 -15.061 19.46 9.571 -13.188 19.383 8.103
3 16 -13.834 18.147 6.778 -15.558 18.603 8.554 -15.061 19.46 9.571
3 16 -15.789 17.263 7.555 -15.558 18.603 8.554 -13.834 18.147 6.778
3 16 -13.834 18.147 6.778 -15.079 15.829 6.809 -15.789 17.263 7.555
3 16 -13.834 18.147 6.778 -14.701 16.334 6.208 -15.079 15.829 6.809
3 16 -7.988 21.538 11.813 -10.09 20.739 12.134 -8.185 19.594 13.209
3 16 -7.988 21.538 11.813 -9.044 21.815 10.963 -10.09 20.739 12.134
3 16 -9.044 21.815 10.963 -12.146 22.357 10.668 -10.09 20.739 12.134
3 16 -9.044 21.815 10.963 -11.266 22.597 9.606 -12.146 22.357 10.668
3 16 -8.15 19.657 13.799 -7.988 21.538 11.813 -8.185 19.594 13.209
3 16 -8.15 19.657 13.799 -7.759 22.359 12.512 -7.988 21.538 11.813
3 16 -7.886 21.839 15.363 -7.759 22.359 12.512 -8.15 19.657 13.799
3 16 -7.886 21.839 15.363 -7.509 23.098 13.736 -7.759 22.359 12.512
3 16 -5.316 23.023 14.584 -5.196 21.199 15.775 -3.887 21.995 13.991
3 16 -5.316 23.023 14.584 -5.885 22.317 15.868 -5.196 21.199 15.775
3 16 -3.808 19.765 15.152 -3.887 21.995 13.991 -5.196 21.199 15.775
3 16 -3.808 19.765 15.152 -3.005 21.28 13.513 -3.887 21.995 13.991
3 16 -3.005 21.28 13.513 -3.808 19.765 15.152 -3.298 19.217 14.776
3 16 -5.493 22.628 12.702 -7.509 23.098 13.736 -6.271 23.38 14.013
3 16 -5.493 22.628 12.702 -7.759 22.359 12.512 -7.509 23.098 13.736
3 16 -4.975 22.048 12.011 -7.759 22.359 12.512 -5.493 22.628 12.702
3 16 -4.975 22.048 12.011 -7.988 21.538 11.813 -7.759 22.359 12.512
3 16 -4.975 22.048 12.011 -7.141 21.26 10.563 -7.988 21.538 11.813
3 16 -5.316 23.023 14.584 -5.493 22.628 12.702 -6.271 23.38 14.013
3 16 -5.316 23.023 14.584 -3.887 21.995 13.991 -5.493 22.628 12.702
3 16 -3.887 21.995 13.991 -4.975 22.048 12.011 -5.493 22.628 12.702
3 16 -3.887 21.995 13.991 -3.005 21.28 13.513 -4.975 22.048 12.011
3 16 -4.975 22.048 12.011 -3.005 21.28 13.513 -2.795 20.872 12.444
3 16 -6.271 23.38 14.013 -5.885 22.317 15.868 -5.316 23.023 14.584
3 16 -6.271 23.38 14.013 -7.091 21.985 15.935 -5.885 22.317 15.868
3 16 -7.091 21.985 15.935 -7.509 23.098 13.736 -7.886 21.839 15.363
3 16 -7.091 21.985 15.935 -6.271 23.38 14.013 -7.509 23.098 13.736
3 16 -3.005 21.28 13.513 -2.736 19.304 15.067 -2.421 21.912 13.88
3 16 -3.005 21.28 13.513 -3.298 19.217 14.776 -2.736 19.304 15.067
3 16 -2.146 20.805 16.728 -2.421 21.912 13.88 -2.736 19.304 15.067
3 16 -2.146 20.805 16.728 -2.073 22.391 14.434 -2.421 21.912 13.88
3 16 -2.146 20.805 16.728 -1.302 22.973 16.037 -2.073 22.391 14.434
3 16 -2.146 20.805 16.728 -.978 21.372 17.824 -1.302 22.973 16.037
3 16 -.978 21.372 17.824 1.163 22.935 16.252 -1.302 22.973 16.037
3 16 -.978 21.372 17.824 1.439 21.579 17.511 1.163 22.935 16.252
3 16 2.321 20.516 16.132 1.163 22.935 16.252 1.439 21.579 17.511
3 16 2.321 20.516 16.132 2.303 22.018 14.903 1.163 22.935 16.252
3 16 2.303 22.018 14.903 3.224 20.218 14.574 3.111 21.461 13.808
3 16 2.303 22.018 14.903 2.321 20.516 16.132 3.224 20.218 14.574
3 16 1.163 22.935 16.252 -2.073 22.391 14.434 -1.302 22.973 16.037
3 16 1.163 22.935 16.252 2.303 22.018 14.903 -2.073 22.391 14.434
3 16 2.303 22.018 14.903 -2.421 21.912 13.88 -2.073 22.391 14.434
3 16 2.303 22.018 14.903 3.111 21.461 13.808 -2.421 21.912 13.88
3 16 0 21.231 13 -2.421 21.912 13.88 3.111 21.461 13.808
3 16 -2.421 21.912 13.88 0 21.231 13 -2.795 20.872 12.444
3 16 -2.421 21.912 13.88 -2.795 20.872 12.444 -3.005 21.28 13.513
3 16 0 21.231 13 3.111 21.461 13.808 3.581 21.501 12.288
3 16 15.952 18.648 9.643 14.665 19.968 8.73 15.367 20.246 9.216
3 16 15.952 18.648 9.643 15.674 18.191 9.404 14.665 19.968 8.73
3 16 15.064 20.493 12.341 13.347 21.33 11.749 13.365 19.848 12.946
3 16 15.064 20.493 12.341 15.062 21.2 11.652 13.347 21.33 11.749
3 16 10.848 20.055 12.777 13.365 19.848 12.946 13.347 21.33 11.749
3 16 10.848 20.055 12.777 11.544 19.149 13.163 13.365 19.848 12.946
3 16 14.345 21.054 10.349 15.062 21.2 11.652 15.7 21.052 10.75
3 16 14.345 21.054 10.349 13.347 21.33 11.749 15.062 21.2 11.652
3 16 15.7 21.052 10.75 15.367 20.246 9.216 14.345 21.054 10.349
3 16 15.7 21.052 10.75 16.155 20.469 9.943 15.367 20.246 9.216
3 16 14.665 19.968 8.73 14.345 21.054 10.349 15.367 20.246 9.216
3 16 14.665 19.968 8.73 13.213 20.754 9.575 14.345 21.054 10.349
3 16 13.347 21.33 11.749 14.345 21.054 10.349 13.213 20.754 9.575
3 16 13.347 21.33 11.749 13.213 20.754 9.575 11.931 20.422 10.485
3 16 10.848 20.055 12.777 13.347 21.33 11.749 11.931 20.422 10.485
3 16 10.848 20.055 12.777 11.931 20.422 10.485 9.688 19.495 11.962
3 16 10.592 21.874 15.759 7.737 20.65 13.746 9.708 21.673 16.22
3 16 10.592 21.874 15.759 8.464 19.95 12.852 7.737 20.65 13.746
3 16 10.592 21.874 15.759 10.848 20.055 12.777 8.464 19.95 12.852
3 16 10.592 21.874 15.759 11.476 21.676 14.994 10.848 20.055 12.777
3 16 8.464 19.95 12.852 10.848 20.055 12.777 9.688 19.495 11.962
3 16 7.588 21.821 14.041 8.068 21.789 12.258 7.494 22.93 12.871
3 16 7.588 21.821 14.041 7.737 20.65 13.746 8.068 21.789 12.258
3 16 8.464 19.95 12.852 8.068 21.789 12.258 7.737 20.65 13.746
3 16 8.464 19.95 12.852 8.407 20.917 11.606 8.068 21.789 12.258
3 16 9.688 19.495 11.962 8.407 20.917 11.606 8.464 19.95 12.852
3 16 9.688 19.495 11.962 9.257 20.457 10.759 8.407 20.917 11.606
3 16 3.82 21.603 13.564 5.497 21.739 15.006 5.198 22.835 13.87
3 16 3.82 21.603 13.564 3.926 20.708 14.601 5.497 21.739 15.006
3 16 3.926 20.708 14.601 3.82 21.603 13.564 3.111 21.461 13.808
3 16 3.926 20.708 14.601 3.111 21.461 13.808 3.224 20.218 14.574
3 16 7.588 21.821 14.041 5.198 22.835 13.87 5.497 21.739 15.006
3 16 7.588 21.821 14.041 7.494 22.93 12.871 5.198 22.835 13.87
3 16 4.975 21.846 12.011 7.494 22.93 12.871 6.436 21.472 11.035
3 16 4.975 21.846 12.011 5.198 22.835 13.87 7.494 22.93 12.871
3 16 6.436 21.472 11.035 7.494 22.93 12.871 8.068 21.789 12.258
3 16 6.436 21.472 11.035 8.068 21.789 12.258 7.13 21.104 10.571
3 16 7.13 21.104 10.571 8.068 21.789 12.258 8.407 20.917 11.606
3 16 8.407 20.917 11.606 8.355 20.675 9.752 7.13 21.104 10.571
3 16 8.407 20.917 11.606 9.257 20.457 10.759 8.355 20.675 9.752
3 16 10.597 20.654 9.649 8.355 20.675 9.752 9.257 20.457 10.759
3 16 10.597 20.654 9.649 9.192 20.697 9.192 8.355 20.675 9.752
3 16 10.597 20.654 9.649 10.459 21.05 7.297 9.192 20.697 9.192
3 16 10.597 20.654 9.649 12.308 21.829 8.836 10.459 21.05 7.297
3 16 4.975 21.846 12.011 3.82 21.603 13.564 5.198 22.835 13.87
3 16 4.975 21.846 12.011 3.581 21.501 12.288 3.82 21.603 13.564
3 16 3.581 21.501 12.288 3.111 21.461 13.808 3.82 21.603 13.564
3 16 9.257 20.457 10.759 11.931 20.422 10.485 10.597 20.654 9.649
3 16 9.257 20.457 10.759 9.688 19.495 11.962 11.931 20.422 10.485
3 16 12.308 21.829 8.836 10.597 20.654 9.649 11.931 20.422 10.485
3 16 12.308 21.829 8.836 11.931 20.422 10.485 13.213 20.754 9.575
3 16 14.776 16.972 2.606 12.011 17.281 4.975 13.88 18.064 4.696
3 16 14.776 16.972 2.606 12.551 16.053 2.256 12.011 17.281 4.975
3 16 14.566 14.881 -1.461 12.551 16.053 2.256 14.776 16.972 2.606
3 16 14.566 14.881 -1.461 13 14.953 0 12.551 16.053 2.256
3 16 14.566 14.881 -1.461 12.011 11 -4.975 13 14.953 0
3 16 14.566 14.881 -1.461 13.474 11.209 -5.128 12.011 11 -4.975
3 16 12.011 11 -4.975 13.474 11.209 -5.128 12.489 11.163 -5.697
3 16 12.011 11 -4.975 12.489 11.163 -5.697 11.694 10.442 -5.449
4 16 8.149 9.168 -11.543 7.243 8.955 -12.429 6.168 9.211 -11.214 7.238 9.398 -10.498
3 16 8.149 9.168 -11.543 7.94 8.566 -10.029 8.56 8.118 -11.043
3 16 8.149 9.168 -11.543 7.238 9.398 -10.498 7.94 8.566 -10.029
3 16 8.193 8.521 -9.86 8.891 8.393 -10.713 8.56 8.118 -11.043
3 16 8.56 8.118 -11.043 7.94 8.566 -10.029 8.193 8.521 -9.86
3 16 9.192 9.65 -9.192 8.891 8.393 -10.713 8.193 8.521 -9.86
3 16 9.192 9.65 -9.192 10.403 9.676 -9.978 8.891 8.393 -10.713
3 16 10.447 10.452 -7.314 10.403 9.676 -9.978 9.192 9.65 -9.192
3 16 10.447 10.452 -7.314 12.025 11.325 -8.454 10.403 9.676 -9.978
3 16 11.205 10.626 -6.181 12.025 11.325 -8.454 10.447 10.452 -7.314
3 16 11.205 10.626 -6.181 12.964 11.655 -7.239 12.025 11.325 -8.454
3 16 11.45 10.534 -5.815 12.489 11.163 -5.697 12.604 11.332 -6.537
3 16 11.45 10.534 -5.815 11.694 10.442 -5.449 12.489 11.163 -5.697
3 16 12.604 11.332 -6.537 11.205 10.626 -6.181 11.45 10.534 -5.815
3 16 12.604 11.332 -6.537 12.964 11.655 -7.239 11.205 10.626 -6.181
3 16 -9.044 21.815 10.963 -7.141 21.26 10.563 -9.192 21.727 9.192
3 16 -9.044 21.815 10.963 -7.988 21.538 11.813 -7.141 21.26 10.563
3 16 -9.044 21.815 10.963 -9.192 21.727 9.192 -11.266 22.597 9.606
3 16 -11.266 22.597 9.606 -9.192 21.727 9.192 -10.054 21.315 7.903
3 16 -10.054 21.315 7.903 -11.576 22.056 8.8 -11.266 22.597 9.606
3 16 -11.984 21.545 8.38 -11.576 22.056 8.8 -10.054 21.315 7.903
3 16 -10.054 21.315 7.903 -12.099 19.904 7.313 -11.984 21.545 8.38
3 16 -10.054 21.315 7.903 -10.921 19.854 6.606 -12.099 19.904 7.313
3 16 -14.609 17.512 -2.367 -12.715 20.04 -1.434 -12.504 16.734 -2.495
3 16 -14.609 17.512 -2.367 -15.224 20.039 -1.483 -12.715 20.04 -1.434
3 16 -14.609 17.512 -2.367 -12.504 16.734 -2.495 -14.645 16.882 -3.011
3 16 -12.82 19.265 .904 -14.987 19.902 .225 -14.861 18.794 1.513
3 16 -12.82 19.265 .904 -13 19.93 0 -14.987 19.902 .225
3 16 -12.873 20.203 -.641 -14.987 19.902 .225 -13 19.93 0
3 16 -12.873 20.203 -.641 -15.189 20.135 -.735 -14.987 19.902 .225
3 16 -12.715 20.04 -1.434 -15.189 20.135 -.735 -12.873 20.203 -.641
3 16 -12.715 20.04 -1.434 -15.224 20.039 -1.483 -15.189 20.135 -.735
3 16 -15.061 19.46 9.571 -15.617 17.949 9.334 -14.487 18.135 10.323
3 16 -15.061 19.46 9.571 -15.558 18.603 8.554 -15.617 17.949 9.334
3 16 -14.487 18.135 10.323 -13.784 19.211 10.488 -15.061 19.46 9.571
3 16 -14.487 18.135 10.323 -13.996 18.505 10.674 -13.784 19.211 10.488
3 16 -15.617 17.949 9.334 -15.558 18.603 8.554 -15.789 17.263 7.555
3 16 9.603 15.035 14.988 10.964 15.078 15.259 10.001 15.614 14.561
3 16 9.603 15.035 14.988 10.387 14.084 15.401 10.964 15.078 15.259
3 16 10.964 15.078 15.259 11.556 15.361 14.41 10.775 16.259 13.733
3 16 10.775 16.259 13.733 10.001 15.614 14.561 10.964 15.078 15.259
3 16 14.891 2.818 1.093 16.68 5.513 -.706 15.587 3.939 2.809
3 16 15.587 3.939 2.809 16.68 5.513 -.706 17.955 7.047 2.631
3 16 15.587 3.939 2.809 17.955 7.047 2.631 16.247 4.784 4.587

2 24 -4.584 -5.78 -13.415 -5.914 -6.469 -11.619
2 24 -7.345 -4.291 -12.221 -5.845 -3.53 -14.309
2 24 -2.603 -4.723 -14.919 -4.584 -5.78 -13.415
2 24 -5.845 -3.53 -14.309 -3.308 -2.62 -15.825
2 24 -7.967 -5.558 -9.702 -7.345 -4.291 -12.221
2 24 -5.914 -6.469 -11.619 -6.785 -7.017 -9.388
2 24 -8.003 -6.349 -7.32 -7.967 -5.558 -9.702
2 24 -6.785 -7.017 -9.388 -7.155 -7.312 -6.599
2 24 -7.941 -6.666 -6.078 -8.003 -6.349 -7.32
2 24 -7.155 -7.312 -6.599 -7.228 -7.332 -5.185
2 24 -.47 -3.528 -15.671 -2.603 -4.723 -14.919
2 24 -3.308 -2.62 -15.825 -.398 -1.592 -16.494
2 24 1.703 -1.878 -16.02 -.47 -3.528 -15.671
2 24 -.398 -1.592 -16.494 2.315 .033 -16.55
2 24 3.588 -.213 -16.053 1.703 -1.878 -16.02
2 24 2.315 .033 -16.55 5.336 2.909 -15.878
2 24 -7.774 -6.816 -4.771 -7.941 -6.666 -6.078
2 24 -7.305 -7.359 -3.779 -7.774 -6.816 -4.771
2 24 -5.825 -8.599 -5.489 -6.349 -8.424 -3.607
2 24 -6.448 -7.745 -4.368 -6.17 -7.629 -5.691
2 24 -4.928 -8.745 -7.917 -5.825 -8.599 -5.489
2 24 -6.17 -7.629 -5.691 -5.51 -7.415 -8.417
2 24 -3.464 -8.706 -10.017 -4.928 -8.745 -7.917
2 24 -5.51 -7.415 -8.417 -4.42 -6.894 -10.442
2 24 -4.42 -6.894 -10.442 -3.125 -6.244 -12.338
2 24 -1.726 -8.604 -12.128 -3.464 -8.706 -10.017
2 24 -3.125 -6.244 -12.338 .796 -4.262 -14.173
2 24 2.081 -6.573 -13.864 -1.726 -8.604 -12.128
2 24 4.442 -3.759 -14.364 2.081 -6.573 -13.864
2 24 .796 -4.262 -14.173 3.336 -1.997 -14.52
2 24 6.124 -1.429 -14.572 4.442 -3.759 -14.364
2 24 3.336 -1.997 -14.52 5.037 .058 -14.679
2 24 7.048 1.109 -14.618 6.124 -1.429 -14.572
2 24 5.037 .058 -14.679 6.035 2.273 -14.6
2 24 7.927 3.641 -14.36 7.048 1.109 -14.618
2 24 6.035 2.273 -14.6 6.955 4.487 -14.059
2 24 8.734 5.7 -13.305 7.927 3.641 -14.36
2 24 9.32 7.283 -11.517 8.734 5.7 -13.305
2 24 7.914 6.508 -12.895 8.56 8.118 -11.043
2 24 8.56 8.118 -11.043 9.32 7.283 -11.517
2 24 7.236 -8.387 -5.854 3.796 -10.362 -4.728
2 24 2.563 -9.243 -7.071 6.546 -7.039 -7.846
2 24 9.244 -6.82 -5.937 7.236 -8.387 -5.854
2 24 6.546 -7.039 -7.846 8.918 -5.331 -7.438
2 24 3.796 -10.362 -4.728 .656 -11.124 -2.888
2 24 -1.448 -10.749 -5.682 2.563 -9.243 -7.071
2 24 -4.264 -11.017 -3.139 -1.448 -10.749 -5.682
2 24 .656 -11.124 -2.888 -2.05 -11.244 -.614
2 24 -5.325 -10.875 -1.189 -4.264 -11.017 -3.139
2 24 -2.05 -11.244 -.614 -3.894 -11.062 1.857
2 24 10.997 -5.092 -5.743 9.244 -6.82 -5.937
2 24 8.918 -5.331 -7.438 10.934 -3.332 -6.614
2 24 12.618 -3.104 -4.828 10.997 -5.092 -5.743
2 24 10.934 -3.332 -6.614 12.527 -1.801 -5.279
2 24 13.797 -1.059 -3.287 12.618 -3.104 -4.828
2 24 12.527 -1.801 -5.279 14.191 .139 -2.67
2 24 14.191 .139 -2.67 13.797 -1.059 -3.287
2 24 -6.404 -10.06 1.175 -5.325 -10.875 -1.189
2 24 -3.894 -11.062 1.857 -5.597 -10.315 2.517
2 24 .904 -9.869 -.201 4.929 -8.923 -1.468
2 24 2.181 -9.371 1.23 -.812 -10.406 .976
2 24 -.812 -10.406 .976 -2.007 -10.425 1.091
2 24 -2.007 -10.425 1.091 .904 -9.869 -.201
2 24 4.929 -8.923 -1.468 7.052 -8.549 -1.802
2 24 7.568 -8.711 1.052 5.416 -8.927 .832
2 24 7.052 -8.549 -1.802 9.178 -7.877 -2.005
2 24 9.635 -7.938 1.276 7.568 -8.711 1.052
2 24 9.178 -7.877 -2.005 12.162 -5.835 -1.654
2 24 11.7 -6.208 1.831 9.635 -7.938 1.276
2 24 12.162 -5.835 -1.654 14.324 -2.996 -.389
2 24 14.324 -2.996 -.389 15.873 -.036 1.229
2 24 15.873 -.036 1.229 16.328 1.677 3.211
2 24 16.328 1.677 3.211 16.636 3.469 5.12
2 24 16.636 3.469 5.12 16.509 4.459 7.745
2 24 14.891 2.818 1.093 14.584 2.151 -.046
2 24 14.584 2.151 -.046 14.318 1.505 -1.876
2 24 15.587 3.939 2.809 14.891 2.818 1.093
2 24 16.247 4.784 4.587 15.587 3.939 2.809
2 24 14.318 1.505 -1.876 12.322 -1.112 -5.375
2 24 15.208 2.816 -3.683 16.68 5.513 -.706
2 24 16.68 5.513 -.706 17.955 7.047 2.631
2 24 16.229 5.357 6.479 16.247 4.784 4.587
2 24 15.5 6.001 8.021 16.229 5.357 6.479
2 24 14.891 6.403 8.694 15.5 6.001 8.021
2 24 14.625 6.934 8.946 14.891 6.403 8.694
2 24 15.299 8.669 7.677 14.625 6.934 8.946
2 24 -8.172 -3.691 -9.045 -8.37 -4.767 -6.945
2 24 -13.23 -1.026 -10.604 -11.319 -3.152 -9.956
2 24 -14.009 3.753 -10.526 -13.23 -1.026 -10.604
2 24 -5.45 -9.533 3.808 -4.244 -11.001 4.703
2 24 -5.417 -10.282 5.865 -5.723 -9.126 4.707
2 24 -4.517 -11.421 6.925 -5.417 -10.282 5.865
2 24 -4.244 -11.001 4.703 -2.877 -11.708 5.152
2 24 -2.729 -11.683 8.439 -4.517 -11.421 6.925
2 24 -1.462 -11.158 9.951 -2.729 -11.683 8.439
2 24 .387 -11.783 5.226 2.381 -10.633 6.747
2 24 2.381 -10.633 6.747 3.302 -9.684 8.572
2 24 -.326 -10.453 11.399 -1.462 -11.158 9.951
2 24 3.302 -9.684 8.572 4.172 -7.869 11.416
2 24 .52 -8.715 13.516 -.326 -10.453 11.399
2 24 4.172 -7.869 11.416 3.305 -6.377 15.328
2 24 -.004 -6.812 15.183 .52 -8.715 13.516
2 24 3.305 -6.377 15.328 2.157 -4.993 16.523
2 24 -.8 -4.933 16.152 -.004 -6.812 15.183
2 24 2.157 -4.993 16.523 .387 -3.985 17.119
2 24 -1.576 -4.084 16.464 -.8 -4.933 16.152
2 24 .387 -3.985 17.119 -1.296 -2.791 17.349
2 24 -2.292 -3.178 16.743 -1.576 -4.084 16.464
2 24 -2.652 -2.548 17.184 -2.292 -3.178 16.743
2 24 -1.296 -2.791 17.349 -2.221 -1.817 17.626
2 24 -2.221 -1.817 17.626 -2.652 -2.548 17.184
2 24 -5.999 -9.532 8.478 -5.936 -9.892 7.69
2 24 -5.475 -8.486 11.819 -5.999 -9.532 8.478
2 24 -6.085 -5.991 14.037 -5.475 -8.486 11.819
2 24 -7.927 -3.427 15.361 -6.085 -5.991 14.037
2 24 -9.082 .045 16.508 -7.927 -3.427 15.361
2 24 -8.564 4.237 17.367 -9.082 .045 16.508
2 24 -3.085 -9.063 11.663 -3.077 -6.66 14.08
2 24 -3.077 -6.66 14.08 -4.706 -3.653 16.129
2 24 -4.706 -3.653 16.129 -6.482 -.016 17.637
2 24 -6.482 -.016 17.637 -6.539 3.21 18.042
2 24 -6.539 3.21 18.042 -4.943 8.213 16.829
2 24 -3.114 5.259 18.461 -4.246 10.467 16.346
2 24 -1.467 3.021 18.782 -3.114 5.259 18.461
2 24 1.025 1.108 18.819 -1.467 3.021 18.782
2 24 3.231 -.497 18.283 1.025 1.108 18.819
2 24 4.664 -1.797 17.445 3.231 -.497 18.283
2 24 5.733 -3.401 15.956 4.664 -1.797 17.445
2 24 5.679 -4.752 14.215 5.733 -3.401 15.956
2 24 5.273 -5.339 13.81 5.679 -4.752 14.215
2 24 -4.943 8.213 16.829 -5.374 2.841 17.184
2 24 -2.259 -.683 17.164 -1.098 -1.612 17.059
2 24 -1.098 -1.612 17.059 1.773 -2.099 17.764
2 24 1.773 -2.099 17.764 3.56 -3.164 17.169
2 24 3.56 -3.164 17.169 4.342 -4.185 16.137
2 24 4.913 -5.141 14.485 5.273 -5.339 13.81
2 24 4.342 -4.185 16.137 4.913 -5.141 14.485
2 24 -9.695 3.392 16.182 -8.145 6.924 16.658
2 24 -10.147 2.885 15.718 -9.695 3.392 16.182
2 24 -8.145 6.924 16.658 -6.349 10.049 15.599
2 24 -6.349 10.049 15.599 -5.965 12.281 15.247
2 24 -8.03 15.609 13.58 -8.175 13.393 13.528
2 24 -8.175 13.393 13.528 -9.693 10.47 13.837
2 24 -9.693 10.47 13.837 -10.873 7.345 14.867
2 24 -10.714 3.71 15.426 -10.147 2.885 15.718
2 24 -10.873 7.345 14.867 -10.714 3.71 15.426
2 24 -5.965 12.281 15.247 -5.58 14.514 14.894
2 24 -5.58 14.514 14.894 -7.006 16.632 14.845
2 24 -6.346 17.919 13.956 -7.084 17.597 13.548
2 24 -7.704 17.221 12.963 -8.03 15.609 13.58
2 24 -7.084 17.597 13.548 -7.704 17.221 12.963
2 24 -12.376 .229 12.48 -13.114 2.658 13.385
2 24 -13.114 2.658 13.385 -13.469 4.029 13.702
2 24 -15.016 5.293 12.166 -14.562 3.491 12.438
2 24 -13.469 4.029 13.702 -13.794 6.901 13.137
2 24 -15.089 7.067 11.627 -15.016 5.293 12.166
2 24 -13.794 6.901 13.137 -12.92 10.129 11.195
2 24 -14.077 11.01 9.622 -15.089 7.067 11.627
2 24 -12.92 10.129 11.195 -12.193 12.96 11.27
2 24 -13.196 14.269 10.417 -14.077 11.01 9.622
2 24 -13.155 15.282 12.325 -13.196 14.269 10.417
2 24 -12.193 12.96 11.27 -12.27 13.737 12.926
2 24 -12.27 13.737 12.926 -13.155 15.282 12.325
2 24 -13.467 -1.974 10.882 -12.695 -1.147 11.779
2 24 5.006 1.257 17.093 5.818 -1.154 16.35
2 24 5.818 -1.154 16.35 7.053 2.781 18.482
2 24 4.945 3.566 17.878 5.006 1.257 17.093
2 24 5.193 5.887 18.071 4.945 3.566 17.878
2 24 7.053 2.781 18.482 7.525 6.209 18.962
2 24 7.525 6.209 18.962 6.741 8.898 18.682
2 24 4.056 9.214 17.684 5.193 5.887 18.071
2 24 6.741 8.898 18.682 4.245 11.428 17.924
2 24 2.658 10.818 17.119 4.056 9.214 17.684
2 24 4.245 11.428 17.924 3.018 12.843 17.576
2 24 1.241 13.055 17.045 2.658 10.818 17.119
2 24 3.018 12.843 17.576 2.191 14.524 18.26
2 24 2.191 14.524 18.26 1.648 15.984 18.576
2 24 .311 16.636 15.553 -.494 15.785 18.076
2 24 1.648 15.984 18.576 2.06 17.131 15.213
2 24 2.06 17.131 15.213 .311 16.636 15.553
2 24 4.028 2.455 18.098 4.378 4.223 18.558
2 24 4.378 4.223 18.558 4.541 5.939 18.833
2 24 4.541 5.939 18.833 3.426 8.768 18.771
2 24 3.426 8.768 18.771 2.44 10.186 18.037
2 24 -.285 10.107 17.925 .01 8.396 18.585
2 24 .01 8.396 18.585 1.415 5.735 19.151
2 24 1.415 5.735 19.151 2.602 3.988 18.967
2 24 2.602 3.988 18.967 4.028 2.455 18.098
2 24 2.44 10.186 18.037 1.394 11.56 17.24
2 24 1.394 11.56 17.24 1.241 13.055 17.045
2 24 -.522 11.798 17.216 -.285 10.107 17.925
2 24 11.83 -5.523 6.544 9.069 -7.002 2.947
2 24 9.069 -7.002 2.947 10.837 -5.88 3.295
2 24 12.65 -4.537 5.392 14.106 -3.233 6.964
2 24 12.81 -3.726 9.166 11.83 -5.523 6.544
2 24 14.106 -3.233 6.964 15.318 -1.665 8.508
2 24 12.999 -1.172 12.33 12.81 -3.726 9.166
2 24 15.318 -1.665 8.508 16.039 .947 9.954
2 24 13.565 .897 12.985 12.999 -1.172 12.33
2 24 16.039 .947 9.954 16.304 5.597 11.365
2 24 14.186 5.729 13.801 13.565 .897 12.985
2 24 16.304 5.597 11.365 15.542 9.117 11.744
2 24 14.088 9.402 13.411 14.186 5.729 13.801
2 24 13.293 12.914 12.002 14.088 9.402 13.411
2 24 15.542 9.117 11.744 14.183 12.749 10.892
2 24 -12.902 -5.254 -.931 -15.033 -2.864 .254
2 24 -10.649 -5.851 -1.513 -8.024 -7.49 -.265
2 24 -15.033 -2.864 .254 -16.437 -.105 1.699
2 24 -17.268 2.945 3.586 -16.372 1.448 -1.045
2 24 -16.437 -.105 1.699 -17.008 1.19 4.692
2 24 -16.72 3.278 6.94 -17.268 2.945 3.586
2 24 -17.008 1.19 4.692 -16.556 1.66 6.902
2 24 -16.556 1.66 6.902 -15.769 1.407 9.014
2 24 -15.746 2.455 10.224 -16.72 3.278 6.94
2 24 -16.372 1.448 -1.045 -16.664 3.064 -2.037
2 24 -16.664 3.064 -2.037 -16.789 4.761 -3.047
2 24 -15.292 6.57 -7.682 -16.284 .978 -6.127
2 24 -16.284 .978 -6.127 -14.304 -2.361 -3.813
2 24 -16.44 14.105 -2.049 -15.096 14.142 -4.352
2 24 -16.789 4.761 -3.047 -16.063 7.908 -4.615
2 24 -16.063 7.908 -4.615 -15.413 10.161 -4.848
2 24 -15.413 10.161 -4.848 -15.253 12.186 -4.459
2 24 -15.253 12.186 -4.459 -15.582 12.938 -3.643
2 24 -15.582 12.938 -3.643 -16.309 13.334 -2.361
2 24 -16.309 13.334 -2.361 -16.803 13.324 -1.234
2 24 -12.821 -6.645 7.266 -11.44 -8.217 5.227
2 24 -11.44 -8.217 5.227 -9.342 -8.66 4.363
2 24 -9.342 -8.66 4.363 -6.542 -8.654 3.586
2 24 -13.027 -5.028 9.196 -12.821 -6.645 7.266
2 24 -13.087 -3.456 10.827 -13.027 -5.028 9.196
2 24 -12.835 -2.917 11.508 -13.087 -3.456 10.827
2 24 -6.408 -8.717 4.19 -8.337 -8.397 5.162
2 24 -8.337 -8.397 5.162 -9.416 -8.311 6.312
2 24 -9.416 -8.311 6.312 -10.408 -7.222 9.166
2 24 -10.408 -7.222 9.166 -11.187 -5.253 10.434
2 24 -12.18 -3.523 11.242 -12.835 -2.917 11.508
2 24 -11.187 -5.253 10.434 -12.18 -3.523 11.242
2 24 -9.887 -8.217 1.96 -7.232 -8.209 2.356
2 24 -12.25 -7.396 2.093 -9.887 -8.217 1.96
2 24 -13.934 -5.852 2.939 -12.25 -7.396 2.093
2 24 -15.012 -4.244 4.612 -13.934 -5.852 2.939
2 24 -15.719 -2.602 7.418 -15.012 -4.244 4.612
2 24 -15.747 -.783 10.2 -15.719 -2.602 7.418
2 24 -15.522 1.172 11.132 -15.747 -.783 10.2
2 24 -14.027 .494 11.554 -14.608 2.316 11.59
2 24 -15.663 2.524 11.029 -15.522 1.172 11.132
2 24 -7.232 -8.209 2.356 -7.085 -8.227 3.082
2 24 -7.085 -8.227 3.082 -9.231 -8.069 3.362
2 24 -9.231 -8.069 3.362 -11.182 -7.566 3.811
2 24 -11.182 -7.566 3.811 -12.333 -6.595 4.712
2 24 -12.333 -6.595 4.712 -13.092 -5.415 5.715
2 24 -13.092 -5.415 5.715 -13.558 -3.73 8.235
2 24 -13.558 -3.73 8.235 -13.467 -1.974 10.882
2 24 -14.926 3.948 10.935 -14.608 2.316 11.59
2 24 -15.368 4.481 9.839 -14.926 3.948 10.935
2 24 -15.047 6.236 9.072 -14.887 4.552 7.973
2 24 -14.771 8.51 8.949 -15.047 6.236 9.072
2 24 -14.307 10.658 8.574 -14.771 8.51 8.949
2 24 -13.791 12.815 8.295 -14.307 10.658 8.574
2 24 -13.187 14.898 8.424 -13.791 12.815 8.295
2 24 -12.712 16.636 9.493 -13.187 14.898 8.424
2 24 -13.154 16.2 12.383 -12.712 16.636 9.493
2 24 -13.155 15.282 12.325 -13.154 16.2 12.383
2 24 -15.368 4.481 9.839 -15.663 2.524 11.029
2 24 -9.715 -5.788 12.701 -8.176 -7.389 10.506
2 24 -11.157 -3.146 13.891 -9.715 -5.788 12.701
2 24 -11.691 .153 14.612 -11.157 -3.146 13.891
2 24 -10.311 2.16 14.52 -10.931 4.01 14.034
2 24 -10.931 4.01 14.034 -11.691 .153 14.612
2 24 -6.448 -8.366 8.086 -6.278 -8.293 8.822
2 24 -6.278 -8.293 8.822 -6.318 -7.168 11.139
2 24 -6.318 -7.168 11.139 -7.105 -5.236 12.873
2 24 -7.105 -5.236 12.873 -8.437 -3.104 13.995
2 24 -8.437 -3.104 13.995 -9.007 -1.374 14.408
2 24 -9.384 .597 14.747 -10.311 2.16 14.52
2 24 -9.007 -1.374 14.408 -9.384 .597 14.747
2 24 -17.355 8.822 1.23 -17.295 6.809 -.83
2 24 -16.595 10.938 3.631 -17.355 8.822 1.23
2 24 -15.694 12.962 4.711 -16.595 10.938 3.631
2 24 -14.941 16.464 5.315 -15.694 12.962 4.711
2 24 -16.555 3.597 .488 -17.687 5.244 2.564
2 24 -17.687 5.244 2.564 -17.877 7.248 4.217
2 24 -17.877 7.248 4.217 -17.276 9.933 5.301
2 24 -17.276 9.933 5.301 -16.246 12.614 5.573
2 24 -16.246 12.614 5.573 -15.311 15.082 5.827
2 24 -15.311 15.082 5.827 -14.701 16.334 6.208
2 24 -14.573 16.822 5.703 -14.941 16.464 5.315
2 24 -14.701 16.334 6.208 -13.834 18.147 6.778
2 24 -13.834 18.147 6.778 -14.573 16.822 5.703
2 24 -7.953 -7.067 -3.016 -7.327 -7.757 -1.173
2 24 -8.716 -6.6 -4.053 -7.953 -7.067 -3.016
2 24 -9.674 -6.099 -4.795 -8.716 -6.6 -4.053
2 24 -10.568 -5.375 -5.431 -9.674 -6.099 -4.795
2 24 -12.097 -3.487 -6.217 -10.568 -5.375 -5.431
2 24 -12.975 -1.586 -6.84 -12.097 -3.487 -6.217
2 24 -14.161 1.289 -6.765 -12.975 -1.586 -6.84
2 24 -6.845 -7.765 -1.511 -6.928 -7.755 -.178
2 24 5.11 -8.746 7.417 7.154 -8.223 9.664
2 24 5.76 -7.349 9.964 4.816 -8.005 8.464
2 24 6.668 -6.247 12.315 5.76 -7.349 9.964
2 24 7.154 -8.223 9.664 8.979 -7.231 11.704
2 24 8.979 -7.231 11.704 10.094 -5.456 13.624
2 24 7.213 -4.679 14.353 6.668 -6.247 12.315
2 24 10.094 -5.456 13.624 10.531 -2.344 15.374
2 24 10.531 -2.344 15.374 9.891 2.074 16.63
2 24 9.891 2.074 16.63 8.517 3.951 16.513
2 24 8.517 3.951 16.513 7.113 .264 16.373
2 24 4.23 -8.494 7.123 5.11 -8.746 7.417
2 24 3.898 -8.185 7.784 2.736 -9.266 5.935
2 24 3.515 -9.941 4.561 4.23 -8.494 7.123
2 24 2.736 -9.266 5.935 1.638 -10.125 4.801
2 24 3.044 -10.268 3.888 3.515 -9.941 4.561
2 24 2.573 -10.595 3.214 3.044 -10.268 3.888
2 24 1.617 -10.998 2.739 2.573 -10.595 3.214
2 24 1.638 -10.125 4.801 .142 -10.924 4.093
2 24 .631 -11.381 2.274 1.617 -10.998 2.739
2 24 .142 -10.924 4.093 -1.455 -11.392 3.586
2 24 -1.535 -11.622 2.119 .631 -11.381 2.274
2 24 -1.455 -11.392 3.586 -3.171 -11.752 3.693
2 24 -3.398 -11.638 2.444 -1.535 -11.622 2.119
2 24 -4.896 -11.389 3.852 -5.405 -11.002 3.388
2 24 15.299 8.669 7.677 15.679 10.543 8.519
2 24 14.278 10.456 10.533 14.625 6.934 8.946
2 24 15.679 10.543 8.519 16.111 12.237 8.866
2 24 14.183 12.749 10.892 14.278 10.456 10.533
2 24 16.111 12.237 8.866 16.559 13.8 8.782
2 24 16.559 13.8 8.782 17.295 15.169 8.612
2 24 17.295 15.169 8.612 16.786 16.405 10.187
2 24 16.786 16.405 10.187 16.105 15.404 10.611
2 24 12.322 -1.112 -5.375 10.563 -2.705 -6.887
2 24 11.258 -.958 -10.144 13.16 2.058 -9.622
2 24 13.16 2.058 -9.622 14.257 4.66 -8.537
2 24 14.138 4.986 -4.262 13.201 .847 -5.741
2 24 14.257 4.66 -8.537 15.331 7.162 -6.101
2 24 14.86 7.208 -2.056 14.138 4.986 -4.262
2 24 15.331 7.162 -6.101 16.155 8.845 -3.026
2 24 16.155 8.845 -3.026 15.986 10.545 .656
2 24 15.576 9.137 1.29 14.86 7.208 -2.056
2 24 8.535 -4.161 -9.446 11.258 -.958 -10.144
2 24 10.563 -2.705 -6.887 8.897 -4.319 -7.687
2 24 8.897 -4.319 -7.687 6.457 -6.108 -8.315
2 24 12.284 2.591 13.66 12.377 5.076 13.716
2 24 12.143 1.604 13.908 12.284 2.591 13.66
2 24 12.377 5.076 13.716 12.282 7.768 13.64
2 24 10.671 9.711 15.499 10.873 7.538 15.694
2 24 10.873 7.538 15.694 11.458 4.813 15.345
2 24 11.798 2.208 14.543 12.143 1.604 13.908
2 24 11.458 4.813 15.345 11.798 2.208 14.543
2 24 10.667 11.846 15.074 10.671 9.711 15.499
2 24 11.016 13.301 15.221 10.667 11.846 15.074
2 24 -7.091 21.985 15.935 -7.886 21.839 15.363
2 24 -7.886 21.839 15.363 -8.15 19.657 13.799
2 24 -8.15 19.657 13.799 -8.185 19.594 13.209
2 24 -6.346 17.919 13.956 -4.886 17.471 14.375
2 24 -3.808 19.765 15.152 -5.196 21.199 15.775
2 24 -5.196 21.199 15.775 -5.885 22.317 15.868
2 24 -5.885 22.317 15.868 -7.091 21.985 15.935
2 24 -3.298 19.217 14.776 -3.808 19.765 15.152
2 24 -4.886 17.471 14.375 -3.298 19.217 14.776
2 24 1.439 21.579 17.511 -.978 21.372 17.824
2 24 -.978 21.372 17.824 -2.146 20.805 16.728
2 24 -2.146 20.805 16.728 -2.736 19.304 15.067
2 24 2.321 20.516 16.132 1.439 21.579 17.511
2 24 -.639 16.079 15.356 .311 16.636 15.553
2 24 -2.736 19.304 15.067 -1.476 18.141 16.196
2 24 -1.476 18.141 16.196 -.639 16.079 15.356
2 24 5.086 17.809 15.486 4.87 18.747 15.173
2 24 3.293 16.304 14.795 5.086 17.809 15.486
2 24 2.779 17.013 14.792 3.293 16.304 14.795
2 24 2.988 18.595 14.501 2.779 17.013 14.792
2 24 4.87 18.747 15.173 5.073 20.133 15.114
2 24 5.073 20.133 15.114 5.497 21.739 15.006
2 24 3.224 20.218 14.574 2.988 18.595 14.501
2 24 2.06 17.131 15.213 2.779 17.013 14.792
2 24 3.224 20.218 14.574 2.321 20.516 16.132
2 24 6.253 17.245 15.273 6.293 18.893 14.7
2 24 6.293 18.893 14.7 7.737 20.65 13.746
2 24 6.789 15.074 15.15 7.531 12.281 15.108
2 24 7.531 12.281 15.108 7.532 10.597 15.636
2 24 6.253 17.245 15.273 6.789 15.074 15.15
2 24 7.582 18.989 16.063 6.253 17.245 15.273
2 24 9.434 17.127 15.68 9.947 18.048 16.035
2 24 9.459 12.817 15.103 9.603 15.035 14.988
2 24 8.983 10.196 15.62 9.459 12.817 15.103
2 24 7.532 10.597 15.636 8.446 8.192 16.325
2 24 9.349 20.854 17.123 7.582 18.989 16.063
2 24 9.947 18.048 16.035 11.099 20.084 17.009
2 24 11.099 20.084 17.009 9.349 20.854 17.123
2 24 11.248 15.069 12.947 11.241 13.822 12.933
2 24 11.241 13.822 12.933 11.237 12.947 12.923
2 24 11.237 12.947 12.923 12.011 10.828 12.729
2 24 12.011 10.828 12.729 12.171 12.135 12.484
2 24 11.544 19.149 13.163 11.082 17.211 13.053
2 24 15.7 21.052 10.75 15.062 21.2 11.652
2 24 12.171 12.135 12.484 12.965 13.481 11.913
2 24 13.698 16.454 12.35 14.515 17.381 12.244
2 24 14.515 17.381 12.244 15.214 18.206 12.087
2 24 15.214 18.206 12.087 16.041 19.189 11.952
2 24 16.041 19.189 11.952 16.357 19.285 9.998
2 24 16.357 19.285 9.998 16.155 20.469 9.943
2 24 16.155 20.469 9.943 15.7 21.052 10.75
2 24 15.952 18.648 9.643 16.357 19.285 9.998
2 24 14.402 16.753 10.713 15.674 18.191 9.404
2 24 14.058 15.889 10.851 14.402 16.753 10.713
2 24 13.721 14.831 10.989 14.058 15.889 10.851
2 24 13.463 13.668 11.062 13.721 14.831 10.989
2 24 12.965 13.481 11.913 13.463 13.668 11.062
2 24 15.674 18.191 9.404 15.952 18.648 9.643
2 24 10.566 3.975 -10.765 9.637 1.958 -11.305
2 24 11.4 5.728 -9.793 10.566 3.975 -10.765
2 24 12.388 7.055 -8.35 11.4 5.728 -9.793
2 24 13.267 8.457 -6.925 12.388 7.055 -8.35
2 24 13.988 9.801 -6.466 13.953 9.708 -5.618
2 24 13.953 9.708 -5.618 13.267 8.457 -6.925
2 24 9.264 3.519 -12.103 9.842 4.799 -11.513
2 24 9.842 4.799 -11.513 11.01 6.971 -10.807
2 24 11.01 6.971 -10.807 12.631 8.572 -10.009
2 24 12.631 8.572 -10.009 14.001 10.184 -8.854
2 24 14.579 10.563 -7.516 13.988 9.801 -6.466
2 24 14.001 10.184 -8.854 14.579 10.563 -7.516
2 24 15.986 10.545 .656 13.953 9.708 -5.618
2 24 13.953 9.708 -5.618 16.034 13.698 -1.165
2 24 16.478 15.157 1.942 16.697 16.532 5.17
2 24 16.697 16.532 5.17 16.332 13.264 5.381
2 24 16.034 13.698 -1.165 16.478 15.157 1.942
2 24 15.685 9.653 3.763 15.576 9.137 1.29
2 24 17.955 7.047 2.631 19.311 6.709 5.732
2 24 19.311 6.709 5.732 19.143 7.15 7.703
2 24 15.122 9.426 5.545 15.299 8.669 7.677
2 24 15.685 9.653 3.763 15.122 9.426 5.545
2 24 -15.616 6.412 8.224 -15.167 4.551 6.936
2 24 -15.167 4.551 6.936 -14.887 4.552 7.973
2 24 -15.422 8.586 8.246 -15.616 6.412 8.224
2 24 -14.843 10.836 7.958 -15.422 8.586 8.246
2 24 -14.363 13.187 7.761 -14.843 10.836 7.958
2 24 -14.458 14.965 7.818 -14.363 13.187 7.761
2 24 -14.564 15.871 8.114 -14.458 14.965 7.818
2 24 -15.28 17.136 8.895 -14.564 15.871 8.114
2 24 -14.487 18.135 10.323 -15.617 17.949 9.334
2 24 -15.617 17.949 9.334 -15.28 17.136 8.895
2 24 -12.712 16.636 9.493 -11.268 17.23 10.281
2 24 -11.268 17.23 10.281 -11.521 18.032 10.162
2 24 -13.996 18.505 10.674 -14.487 18.135 10.323
2 24 -11.521 18.032 10.162 -12.23 19.509 10.202
2 24 -5.822 -.206 -14.866 -8.259 .245 -12.754
2 24 -3.123 .088 -15.729 -5.822 -.206 -14.866
2 24 -.064 1.572 -16.066 -3.123 .088 -15.729
2 24 3.458 4.033 -15.587 -.064 1.572 -16.066
2 24 5.346 6.157 -14.58 3.458 4.033 -15.587
2 24 6.11 7.502 -13.821 5.346 6.157 -14.58
2 24 -8.259 .245 -12.754 -7.484 2.66 -9.941
2 24 7.243 8.955 -12.429 6.11 7.502 -13.821
2 24 -8.259 .245 -12.754 -8.694 .039 -12.603
2 24 -8.694 .039 -12.603 -10.367 .944 -12.755
2 24 -10.367 .944 -12.755 -11.025 3.822 -12.564
2 24 -11.025 3.822 -12.564 -10.492 9.952 -12.008
2 24 -10.492 9.952 -12.008 -10.814 13.164 -10.821
2 24 -10.814 13.164 -10.821 -12.051 15.794 -8.97
2 24 -12.051 15.794 -8.97 -14.185 17.03 -6.682
2 24 -14.185 17.03 -6.682 -15.822 17.114 -4.879
2 24 -15.822 17.114 -4.879 -17.431 16.059 -2.215
2 24 -16.035 15.245 -1.374 -14.645 16.882 -3.011
2 24 -16.44 14.105 -2.049 -16.081 14.308 -1.457
2 24 -16.081 14.308 -1.457 -16.035 15.245 -1.374
2 24 -14.645 16.882 -3.011 -12.504 16.734 -2.495
2 24 -17.149 17.111 .65 -17.489 15.566 1.173
2 24 -16.317 18.637 -.019 -17.149 17.111 .65
2 24 -15.189 20.135 -.735 -15.224 20.039 -1.483
2 24 -15.224 20.039 -1.483 -16.317 18.637 -.019
2 24 -15.868 15.307 3.03 -15.368 16.855 2.326
2 24 -15.368 16.855 2.326 -14.861 18.794 1.513
2 24 -14.861 18.794 1.513 -14.987 19.902 .225
2 24 -14.987 19.902 .225 -15.189 20.135 -.735
2 24 -17.489 15.566 1.173 -17.79 13.38 1.312
2 24 -17.79 13.38 1.312 -17.609 11.841 .786
2 24 -15.419 11.085 2.754 -15.663 12.723 3.56
2 24 -15.663 12.723 3.56 -15.868 15.307 3.03
2 24 -17.609 11.841 .786 -17.197 10.279 .025
2 24 -17.197 10.279 .025 -16.402 7.655 -1.695
2 24 -16.402 7.655 -1.695 -16.014 6.707 -2.45
2 24 -16.014 6.707 -2.45 -16.009 5.341 -1.72
2 24 -16.505 7.103 -1.233 -16.117 9.374 1.164
2 24 -16.117 9.374 1.164 -15.419 11.085 2.754
2 24 -10.119 16.291 12.32 -9.391 15.334 12.119
2 24 -9.391 15.334 12.119 -8.467 13.406 11.898
2 24 -8.467 13.406 11.898 -7.704 17.221 12.963
2 24 -10.141 17.58 12.12 -10.119 16.291 12.32
2 24 -11.385 19.74 11.85 -10.141 17.58 12.12
2 24 -10.09 20.739 12.134 -12.146 22.357 10.668
2 24 -12.146 22.357 10.668 -13.024 21.738 10.157
2 24 -13.024 21.738 10.157 -11.385 19.74 11.85
2 24 14.208 18.779 4.677 15.296 20.222 4.905
2 24 15.296 20.222 4.905 15.602 19.593 5.807
2 24 15.735 19.82 6.715 15.031 18.795 7.839
2 24 15.602 19.593 5.807 15.735 19.82 6.715
2 24 15.406 20.824 7.035 14.757 20.151 8.212
2 24 12.827 20.985 5.374 14.624 21.399 5.326
2 24 14.624 21.399 5.326 14.888 21.781 6.304
2 24 14.888 21.781 6.304 15.406 20.824 7.035
2 24 13.538 22.118 6.874 14.888 21.781 6.304
2 24 4.412 -9.018 5.424 4.159 -8.727 4.094
2 24 6.573 -9.132 6.545 4.412 -9.018 5.424
2 24 8.593 -8.486 7.808 6.573 -9.132 6.545
2 24 10.248 -7.504 9.097 8.593 -8.486 7.808
2 24 11.423 -5.62 10.604 10.248 -7.504 9.097
2 24 12.091 -3.456 11.499 11.423 -5.62 10.604
2 24 12.847 -2.153 12.019 12.091 -3.456 11.499
2 24 4.159 -8.727 4.094 3.918 -8.387 2.834
2 24 3.918 -8.387 2.834 7.211 -8.964 3.409
2 24 7.211 -8.964 3.409 9.618 -8.303 4.429
2 24 9.618 -8.303 4.429 11.403 -7.031 6.332
2 24 11.403 -7.031 6.332 12.651 -4.991 9.025
2 24 12.892 -3.224 10.848 12.847 -2.153 12.019
2 24 12.651 -4.991 9.025 12.892 -3.224 10.848
2 24 -7.808 -2.13 -10.727 -8.172 -3.691 -9.045
2 24 -13.55 8.377 -9.907 -13.473 11.54 -8.991
2 24 -13.473 11.54 -8.991 -13.699 13.354 -8.127
2 24 -13.699 13.354 -8.127 -14.993 15.014 -6.287
2 24 -14.993 15.014 -6.287 -15.932 15.12 -5.284
2 24 -15.932 15.12 -5.284 -17.258 14.766 -3.441
2 24 -17.258 14.766 -3.441 -17.431 16.059 -2.215
2 24 -8.259 .245 -12.754 -7.808 -2.13 -10.727
2 24 -16.44 14.105 -2.049 -17.258 14.766 -3.441
2 24 -13.909 13.746 -5.623 -15.096 14.142 -4.352
2 24 -13.16 12.582 -6.867 -13.909 13.746 -5.623
2 24 -13.322 10.984 -7.657 -13.16 12.582 -6.867
2 24 -13.847 8.743 -8.06 -13.322 10.984 -7.657
2 24 -14.763 4.855 -7.783 -13.847 8.743 -8.06
2 24 -14.161 1.289 -6.765 -14.763 4.855 -7.783
2 24 -11.316 -3.397 -6.533 -12.975 -1.586 -6.84
2 24 -8.37 -4.767 -6.945 -8.421 -4.416 -5.927
2 24 -8.421 -4.416 -5.927 -11.316 -3.397 -6.533
2 24 -7.444 -2.041 -11.934 -7.808 -2.13 -10.727
2 24 -5.674 -1.974 -14.306 -7.444 -2.041 -11.934
2 24 -3.263 -1.473 -15.35 -5.674 -1.974 -14.306
2 24 -.246 -.233 -16.124 -3.263 -1.473 -15.35
2 24 3.297 2.356 -15.956 -.246 -.233 -16.124
2 24 6.082 5.72 -14.786 3.297 2.356 -15.956
2 24 7.243 8.955 -12.429 8.149 9.168 -11.543
2 24 8.149 9.168 -11.543 7.128 7.276 -13.623
2 24 1.446 -8.853 -7.78 -.697 -9.311 -6.995
2 24 -.697 -9.311 -6.995 -2.977 -9.359 -5.98
2 24 -2.977 -9.359 -5.98 -4.456 -9.131 -4.911
2 24 -4.456 -9.131 -4.911 -5.44 -9.048 -3.611
2 24 4.519 -7.061 -8.578 1.446 -8.853 -7.78
2 24 7.411 -3.989 -10.202 4.519 -7.061 -8.578
2 24 8.363 -1.61 -11.067 7.411 -3.989 -10.202
2 24 9.042 .892 -11.668 8.363 -1.61 -11.067
2 24 9.264 3.519 -12.103 9.042 .892 -11.668
2 24 9.401 5.509 -11.761 9.264 3.519 -12.103
2 24 9.32 7.283 -11.517 9.721 7.185 -11.074
2 24 9.721 7.185 -11.074 9.401 5.509 -11.761
2 24 -6.313 -8.799 -2.262 -6.73 -8.146 -1.705
2 24 -5.44 -9.048 -3.611 -6.313 -8.799 -2.262
2 24 -6.73 -8.146 -1.705 -6.349 -8.424 -3.607
2 24 5.336 2.909 -15.878 6.36 5.059 -14.8
2 24 6.36 5.059 -14.8 7.128 7.276 -13.623
2 24 8.149 9.168 -11.543 8.56 8.118 -11.043
2 24 -8.253 -5.386 -5.168 -8.421 -4.416 -5.927
2 24 -8.054 -6.309 -4.385 -8.253 -5.386 -5.168
2 24 -7.527 -6.932 -3.163 -8.054 -6.309 -4.385
2 24 -6.845 -7.765 -1.511 -7.527 -6.932 -3.163
2 24 -6.73 -8.146 -1.705 -6.845 -7.765 -1.511
2 24 -6.688 -7.814 -3.033 -6.448 -7.745 -4.368
2 24 6.457 -6.108 -8.315 4.519 -7.061 -8.578
2 24 9.042 .892 -11.668 9.637 1.958 -11.305
2 24 15.858 5.141 9.154 16.509 4.459 7.745
2 24 16.304 5.597 11.365 15.858 5.141 9.154
2 24 14.183 12.749 10.892 13.463 13.668 11.062
2 24 13.471 -1.883 -1.801 14.8 1.458 -.189
2 24 11.104 -4.441 -2.55 13.471 -1.883 -1.801
2 24 8.462 -6.116 -2.734 11.104 -4.441 -2.55
2 24 6.479 -7.125 -2.646 8.462 -6.116 -2.734
2 24 4.463 -8.055 -2.387 6.479 -7.125 -2.646
2 24 .704 -9.479 -.852 4.463 -8.055 -2.387
2 24 -.95 -10.239 .257 .704 -9.479 -.852
2 24 -2.007 -10.425 1.091 -.95 -10.239 .257
2 24 12.36 -3.789 4.294 13.515 -1.944 5.125
2 24 13.515 -1.944 5.125 14.362 -.303 6.182
2 24 14.362 -.303 6.182 15.239 1.76 7.622
2 24 15.239 1.76 7.622 15.858 5.141 9.154
2 24 11.673 -4.869 3.729 12.36 -3.789 4.294
2 24 10.837 -5.88 3.295 11.673 -4.869 3.729
2 24 9.069 -7.002 2.947 6.677 -7.616 2.046
2 24 6.677 -7.616 2.046 3.98 -7.972 2.25
2 24 3.98 -7.972 2.25 3.192 -8.81 1.991
2 24 3.192 -8.81 1.991 2.181 -9.371 1.23
2 24 3.918 -8.387 2.834 3.98 -7.972 2.25
2 24 12.999 -1.172 12.33 12.847 -2.153 12.019
2 24 14.8 1.458 -.189 14.191 .139 -2.67
2 24 -15.726 .879 6.727 -15.769 1.407 9.014
2 24 -15.658 .464 5.533 -15.726 .879 6.727
2 24 -15.439 -.819 3.461 -15.658 .464 5.533
2 24 -14.693 -3.224 1.78 -15.439 -.819 3.461
2 24 -13.039 -5.416 1.009 -14.693 -3.224 1.78
2 24 -6.873 -7.854 .668 -6.733 -7.913 1.634
2 24 -8.024 -7.49 -.265 -6.928 -7.755 -.178
2 24 -6.928 -7.755 -.178 -6.873 -7.854 .668
2 24 -14.887 4.552 7.973 -15.746 2.455 10.224
2 24 -10.649 -5.851 -1.513 -11.316 -5.128 -1.982
2 24 -11.316 -5.128 -1.982 -11.864 -4.499 -2.456
2 24 -11.864 -4.499 -2.456 -13.481 -2.536 -4.03
2 24 -13.481 -2.536 -4.03 -14.161 1.289 -6.765
2 24 -2.007 -10.425 1.091 -3.894 -11.062 1.857
2 24 4.412 -9.018 5.424 4.23 -8.494 7.123
2 24 -5.405 -11.002 3.388 -5.597 -10.315 2.517
2 24 10.403 9.676 -9.978 12.025 11.325 -8.454
2 24 12.025 11.325 -8.454 12.964 11.655 -7.239
2 24 8.891 8.393 -10.713 10.403 9.676 -9.978
2 24 8.56 8.118 -11.043 8.891 8.393 -10.713
2 24 -6.133 -8.568 2.854 -6.733 -7.913 1.634
2 24 -7.085 -8.227 3.082 -6.542 -8.654 3.586
2 24 -10.046 -4.814 10.62 -11.274 -2.736 11.553
2 24 -8.991 -6.237 8.834 -10.046 -4.814 10.62
2 24 -7.749 -7.119 6.879 -8.991 -6.237 8.834
2 24 -7.099 -7.649 5.775 -7.749 -7.119 6.879
2 24 -6.305 -8.355 4.911 -7.099 -7.649 5.775
2 24 -11.274 -2.736 11.553 -11.572 -2.02 11.891
2 24 -11.572 -2.02 11.891 -12.695 -1.147 11.779
2 24 -15.303 4.862 5.234 -16.555 3.597 .488
2 24 -15.167 4.551 6.936 -15.303 4.862 5.234
2 24 -15.503 6.005 5.769 -15.434 7.824 6.486
2 24 -15.303 4.862 5.234 -15.503 6.005 5.769
2 24 -15.434 7.824 6.486 -15.456 9.616 6.627
2 24 -15.456 9.616 6.627 -15.198 12.385 6.663
2 24 -15.198 12.385 6.663 -14.914 14.638 6.744
2 24 -14.914 14.638 6.744 -15.079 15.829 6.809
2 24 -15.789 17.263 7.555 -15.079 15.829 6.809
2 24 -16.505 7.103 -1.233 -17.295 6.809 -.83
2 24 -15.932 16.067 3.73 -15.663 12.723 3.56
2 24 -16.343 17.672 3.695 -15.932 16.067 3.73
2 24 -17.087 19.024 4.397 -16.343 17.672 3.695
2 24 -16.908 19.126 5.726 -17.087 19.024 4.397
2 24 -16.351 19.761 6.392 -16.908 19.126 5.726
2 24 -14.808 18.688 6.559 -16.351 19.761 6.392
2 24 -13.834 18.147 6.778 -14.808 18.688 6.559
2 24 -16.009 5.341 -1.72 -16.209 3.216 -.867
2 24 -16.014 6.707 -2.45 -14.923 9.479 -3.395
2 24 -14.923 9.479 -3.395 -14.891 11.198 -3.052
2 24 -14.891 11.198 -3.052 -15.152 11.93 -2.68
2 24 -15.152 11.93 -2.68 -15.675 12.366 -1.863
2 24 -15.675 12.366 -1.863 -16.584 12.611 -.936
2 24 -16.584 12.611 -.936 -16.7 13.053 -.611
2 24 -16.7 13.053 -.611 -16.619 13.551 -.664
2 24 -16.619 13.551 -.664 -16.081 14.308 -1.457
2 24 -14.609 17.512 -2.367 -14.645 16.882 -3.011
2 24 -15.224 20.039 -1.483 -14.609 17.512 -2.367
2 24 5.829 -8.414 6.785 7.444 -7.495 8.086
2 24 7.444 -7.495 8.086 9.053 -6.234 9.469
2 24 9.053 -6.234 9.469 10.169 -4.196 11.145
2 24 10.169 -4.196 11.145 10.71 -1.807 12.643
2 24 10.71 -1.807 12.643 10.05 2.07 14.867
2 24 10.05 2.07 14.867 8.455 5.062 16.036
2 24 8.455 5.062 16.036 8.517 3.951 16.513
2 24 4.412 -9.018 5.424 5.829 -8.414 6.785
2 24 12.011 10.828 12.729 12.282 7.768 13.64
2 24 13.293 12.914 12.002 12.965 13.481 11.913
2 24 6.213 -2.91 14.658 5.998 -4.27 13.493
2 24 6.39 -1.765 15.405 6.213 -2.91 14.658
2 24 7.113 .264 16.373 6.39 -1.765 15.405
2 24 5.998 -4.27 13.493 5.479 -5.396 11.904
2 24 5.479 -5.396 11.904 4.881 -6.271 10.309
2 24 4.881 -6.271 10.309 4.492 -6.954 9.498
2 24 4.492 -6.954 9.498 4.288 -7.784 8.591
2 24 4.288 -7.784 8.591 3.898 -8.185 7.784
2 24 6.213 -2.91 14.658 5.818 -1.154 16.35
2 24 4.546 1.079 17.113 3.431 1.585 17.661
2 24 3.431 1.585 17.661 1.332 3.223 18.004
2 24 1.332 3.223 18.004 -.227 4.851 17.856
2 24 -.227 4.851 17.856 -1.652 6.611 17.232
2 24 -1.652 6.611 17.232 -2.345 8.006 16.875
2 24 -2.345 8.006 16.875 -4.246 10.467 16.346
2 24 5.006 1.257 17.093 4.546 1.079 17.113
2 24 4.492 -6.954 9.498 4.113 -5.016 13.971
2 24 4.113 -5.016 13.971 3.193 -3.96 15.473
2 24 3.193 -3.96 15.473 1.934 -3.034 16.422
2 24 1.934 -3.034 16.422 .472 -2.29 16.855
2 24 .387 -11.783 5.226 -2.907 -11.939 4.091
2 24 .472 -2.29 16.855 -1.098 -1.612 17.059
2 24 -2.259 -.683 17.164 -2.221 -1.817 17.626
2 24 -2.877 -11.708 5.152 -3.594 -11.795 4.405
2 24 -4.896 -11.389 3.852 -3.594 -11.795 4.405
2 24 -5.45 -9.533 3.808 -6.133 -8.568 2.854
2 24 -6.046 -8.498 5.752 -6.448 -8.366 8.086
2 24 -6.305 -8.355 4.911 -6.046 -8.498 5.752
2 24 -11.685 -1.235 12.195 -11.572 -2.02 11.891
2 24 -11.638 .228 13.071 -11.685 -1.235 12.195
2 24 -11.446 2.71 13.733 -11.638 .228 13.071
2 24 -10.931 4.01 14.034 -11.446 2.71 13.733
2 24 -9.202 1.81 15.525 -9.384 .597 14.747
2 24 -8.344 4.459 16.312 -9.202 1.81 15.525
2 24 -4.74 11.104 15.33 -8.344 4.459 16.312
2 24 -6.046 -8.498 5.752 -5.936 -9.892 7.69
2 24 -10.474 9.902 11.916 -10.931 4.01 14.034
2 24 -8.467 13.406 11.898 -10.474 9.902 11.916
2 24 -4.74 11.104 15.33 -4.593 12.776 15.128
2 24 -4.593 12.776 15.128 -4.446 14.448 14.927
2 24 -4.446 14.448 14.927 -4.871 16.448 14.821
2 24 -4.871 16.448 14.821 -4.886 17.471 14.375
2 24 -1.653 -8.739 11.006 -1.132 -6.835 12.66
2 24 -1.132 -6.835 12.66 -2.864 -2.754 15.565
2 24 -3.467 -9.951 8.957 -1.653 -8.739 11.006
2 24 -4.835 -9.943 7.542 -3.467 -9.951 8.957
2 24 -5.627 -8.904 5.501 -4.835 -9.943 7.542
2 24 -2.864 -2.754 15.565 -4.79 .106 16.344
2 24 -4.79 .106 16.344 -5.374 2.841 17.184
2 24 -6.408 -8.717 4.19 -5.723 -9.126 4.707
2 24 -2.652 -2.548 17.184 -2.864 -2.754 15.565
2 24 -2.259 -.683 17.164 -2.875 -1.43 16.425
2 24 -2.875 -1.43 16.425 -3.04 -1.87 16.019
2 24 -3.04 -1.87 16.019 -2.864 -2.754 15.565
2 24 -10.119 16.291 12.32 -11.268 17.23 10.281
2 24 -13.024 21.738 10.157 -13.161 21.308 9.432
2 24 -13.188 19.383 8.103 -12.23 19.509 10.202
2 24 -13.161 21.308 9.432 -13.188 19.383 8.103
2 24 -15.703 19.443 2.195 -14.861 18.794 1.513
2 24 -16.412 20.716 3.514 -15.703 19.443 2.195
2 24 -1.656 13.789 16.71 -2.352 11.833 16.23
2 24 -.494 15.785 18.076 -1.656 13.789 16.71
2 24 -1.946 14.193 15.578 -2.597 11.969 16.015
2 24 -2.597 11.969 16.015 -2.352 11.833 16.23
2 24 -1.476 18.141 16.196 -2.442 16.891 16.844
2 24 -2.442 16.891 16.844 -3.27 15.273 16.289
2 24 -2.736 19.304 15.067 -3.298 19.217 14.776
2 24 8.455 5.062 16.036 8.446 8.192 16.325
2 24 7.532 10.597 15.636 5.359 12.314 16.858
2 24 5.359 12.314 16.858 4.226 13.417 17.05
2 24 4.226 13.417 17.05 3.104 15.153 16.966
2 24 4.811 16.6 17.45 5.802 14.642 17.129
2 24 5.802 14.642 17.129 6.497 12.691 16.564
2 24 5.086 17.809 15.486 4.811 16.6 17.45
2 24 4.811 16.6 17.45 3.104 15.153 16.966
2 24 3.293 16.304 14.795 3.104 15.153 16.966
2 24 9.708 21.673 16.22 7.737 20.65 13.746
2 24 10.592 21.874 15.759 9.708 21.673 16.22
2 24 11.099 20.084 17.009 11.614 20.256 16.361
2 24 11.476 21.676 14.994 10.592 21.874 15.759
2 24 11.614 20.256 16.361 12.128 20.428 15.713
2 24 12.128 20.428 15.713 11.544 19.149 13.163
2 24 11.544 19.149 13.163 10.848 20.055 12.777
2 24 10.848 20.055 12.777 11.476 21.676 14.994
2 24 15.122 9.426 5.545 15.137 12.575 6.366
2 24 15.137 12.575 6.366 15.282 13.77 6.652
2 24 15.282 13.77 6.652 15.567 16.108 6.323
2 24 15.567 16.108 6.323 16.766 16.744 6.928
2 24 16.766 16.744 6.928 16.604 17.811 8.435
2 24 16.604 17.811 8.435 15.674 18.191 9.404
2 24 11.726 20.178 5.402 12.827 20.985 5.374
2 24 14.208 18.779 4.677 13.88 18.064 4.696
2 24 13.88 18.064 4.696 12.011 17.281 4.975
2 24 13.496 22.353 7.671 13.538 22.118 6.874
2 24 12.308 21.829 8.836 13.496 22.353 7.671
2 24 14.665 19.968 8.73 14.757 20.151 8.212
2 24 13.213 20.754 9.575 14.665 19.968 8.73
2 24 14.665 19.968 8.73 14.71 18.121 8.357
2 24 14.71 18.121 8.357 15.031 18.795 7.839
2 24 14.71 18.121 8.357 14.486 17.238 6.891
2 24 14.486 17.238 6.891 14.877 17.019 6.305
2 24 15.567 16.108 6.323 14.877 17.019 6.305
2 24 15.367 20.246 9.216 16.155 20.469 9.943
2 24 14.776 16.972 2.606 13.88 18.064 4.696
2 24 14.566 14.881 -1.461 14.776 16.972 2.606
2 24 13.474 11.209 -5.128 14.566 14.881 -1.461
2 24 13.953 9.708 -5.618 12.489 11.163 -5.697
2 24 12.489 11.163 -5.697 13.474 11.209 -5.128
2 24 12.604 11.332 -6.537 12.489 11.163 -5.697
2 24 12.964 11.655 -7.239 12.604 11.332 -6.537
2 24 9.603 15.035 14.988 10.001 15.614 14.561
2 24 10.001 15.614 14.561 10.775 16.259 13.733
2 24 -15.061 19.46 9.571 -13.784 19.211 10.488
2 24 -13.834 18.147 6.778 -12.518 19.663 6.893
2 24 -12.518 19.663 6.893 -13.449 20.292 6.57
2 24 -13.449 20.292 6.57 -15.57 20.864 5.875
2 24 -15.729 21.297 4.381 -15.438 21.179 5.172
2 24 -15.438 21.179 5.172 -15.57 20.864 5.875
2 24 -12.518 19.663 6.893 -12.099 19.904 7.313
2 24 -16.412 20.716 3.514 -15.729 21.297 4.381
2 24 -12.82 19.265 .904 -14.861 18.794 1.513
2 24 -13.834 18.147 6.778 -13.188 19.383 8.103
2 24 -11.984 21.545 8.38 -12.099 19.904 7.313
2 24 -11.576 22.056 8.8 -11.984 21.545 8.38
2 24 -12.146 22.357 10.668 -11.266 22.597 9.606
2 24 -11.266 22.597 9.606 -11.576 22.056 8.8
2 24 -15.558 18.603 8.554 -15.061 19.46 9.571
2 24 -15.789 17.263 7.555 -15.558 18.603 8.554
2 24 -8.185 19.594 13.209 -7.988 21.538 11.813
2 24 -7.988 21.538 11.813 -9.044 21.815 10.963
2 24 -9.044 21.815 10.963 -11.266 22.597 9.606
2 24 -7.759 22.359 12.512 -7.988 21.538 11.813
2 24 -7.509 23.098 13.736 -7.759 22.359 12.512
2 24 -3.887 21.995 13.991 -5.316 23.023 14.584
2 24 -3.005 21.28 13.513 -3.887 21.995 13.991
2 24 -3.298 19.217 14.776 -3.005 21.28 13.513
2 24 -7.509 23.098 13.736 -6.271 23.38 14.013
2 24 -6.271 23.38 14.013 -5.316 23.023 14.584
2 24 -2.421 21.912 13.88 -3.005 21.28 13.513
2 24 -2.073 22.391 14.434 -2.421 21.912 13.88
2 24 -1.302 22.973 16.037 -2.073 22.391 14.434
2 24 1.163 22.935 16.252 -1.302 22.973 16.037
2 24 2.303 22.018 14.903 1.163 22.935 16.252
2 24 3.224 20.218 14.574 3.111 21.461 13.808
2 24 3.111 21.461 13.808 2.303 22.018 14.903
2 24 14.665 19.968 8.73 15.367 20.246 9.216
2 24 15.062 21.2 11.652 13.347 21.33 11.749
2 24 13.347 21.33 11.749 10.848 20.055 12.777
2 24 13.213 20.754 9.575 11.931 20.422 10.485
2 24 11.931 20.422 10.485 9.688 19.495 11.962
2 24 9.688 19.495 11.962 10.848 20.055 12.777
2 24 8.464 19.95 12.852 7.737 20.65 13.746
2 24 9.688 19.495 11.962 8.464 19.95 12.852
2 24 8.068 21.789 12.258 7.494 22.93 12.871
2 24 8.407 20.917 11.606 8.068 21.789 12.258
2 24 9.257 20.457 10.759 8.407 20.917 11.606
2 24 5.497 21.739 15.006 5.198 22.835 13.87
2 24 5.198 22.835 13.87 3.82 21.603 13.564
2 24 3.82 21.603 13.564 3.111 21.461 13.808
2 24 7.494 22.93 12.871 5.198 22.835 13.87
2 24 9.257 20.457 10.759 10.597 20.654 9.649
2 24 10.597 20.654 9.649 12.308 21.829 8.836
2 24 12.489 11.163 -5.697 11.694 10.442 -5.449
2 24 7.94 8.566 -10.029 8.56 8.118 -11.043
2 24 6.955 4.487 -14.059 7.914 6.508 -12.895
2 24 19.143 7.15 7.703 16.754 7.46 8.852
2 24 16.754 7.46 8.852 14.625 6.934 8.946
2 24 -3.27 15.273 16.289 -3.526 13.846 16.209
2 24 -3.526 13.846 16.209 -3.51 11.105 16.351
2 24 -12.193 12.96 11.27 -10.348 12.808 11.385
2 24 -10.348 12.808 11.385 -8.467 13.406 11.898
2 24 -13.996 18.505 10.674 -13.784 19.211 10.488
2 24 -15.079 15.829 6.809 -13.834 18.147 6.778
2 24 -15.224 20.039 -1.483 -12.715 20.04 -1.434
2 24 -13.55 8.377 -9.907 -14.009 3.753 -10.526
2 24 11.248 15.069 12.947 11.165 16.14 13
2 24 11.165 16.14 13 11.082 17.211 13.053
2 24 10.775 16.259 13.733 11.147 15.172 13.165
2 24 11.147 15.172 13.165 11.241 13.822 12.933
2 24 14.183 12.749 10.892 16.105 15.404 10.611
2 24 -16.44 14.105 -2.049 -16.803 13.324 -1.234
2 24 -17.431 16.059 -2.215 -16.035 15.245 -1.374
2 24 -1.946 14.193 15.578 -.639 16.079 15.356
2 24 16.247 4.784 4.587 18.225 5.495 6.265
2 24 18.225 5.495 6.265 17.968 6.181 8.231
2 24 17.968 6.181 8.231 14.891 6.403 8.694
2 24 14.757 20.151 8.212 13.538 22.118 6.874
2 24 -6.928 -7.755 -.178 -7.327 -7.757 -1.173
2 24 -16.555 3.597 .488 -16.209 3.216 -.867
2 24 -8.344 4.459 16.312 -4.246 10.467 16.346
2 24 -7.305 -7.359 -3.779 -7.228 -7.332 -5.185
2 24 -4.871 16.448 14.821 -7.006 16.632 14.845
2 24 -7.006 16.632 14.845 -7.71 15.879 14.431
2 24 -7.71 15.879 14.431 -8.03 15.609 13.58
2 24 -13.154 16.2 12.383 -12.225 16.815 13.01
2 24 -12.225 16.815 13.01 -11.165 16.509 13.225
2 24 -11.165 16.509 13.225 -10.566 15.048 13.293
2 24 -10.566 15.048 13.293 -11.377 14.096 13.454
2 24 -11.377 14.096 13.454 -12.27 13.737 12.926
2 24 1.648 15.984 18.576 -.494 15.785 18.076
2 24 6.457 -6.108 -8.315 8.535 -4.161 -9.446
2 24 -12.661 -4.317 -1.985 -14.304 -2.361 -3.813
2 24 9.349 20.854 17.123 9.708 21.673 16.22
2 24 9.603 15.035 14.988 9.434 17.127 15.68
2 24 14.579 10.563 -7.516 12.964 11.655 -7.239
2 24 12.128 20.428 15.713 11.476 21.676 14.994
2 24 -13.784 19.211 10.488 -12.23 19.509 10.202
2 24 -15.57 20.864 5.875 -16.351 19.761 6.392
2 24 1.439 21.579 17.511 1.163 22.935 16.252
2 24 -4.246 10.467 16.346 -8.564 4.237 17.367
2 24 15.296 20.222 4.905 14.624 21.399 5.326

5 24 -13.794 6.901 13.137 -12.252 5.356 13.651 -11.43 9.956 11.428 -13.469 4.029 13.702
5 24 -12.92 10.129 11.195 -11.43 9.956 11.428 -12.193 12.96 11.27 -13.794 6.901 13.137
5 24 -5.302 -9.892 8.363 -3.467 -9.951 8.957 -4.835 -9.943 7.542 -3.085 -9.063 11.663
5 24 -13.161 21.308 9.432 -11.576 22.056 8.8 -13.024 21.738 10.157 -11.984 21.545 8.38
5 24 7.128 7.276 -13.623 6.955 4.487 -14.059 6.36 5.059 -14.8 7.914 6.508 -12.895
5 24 -10.147 2.885 15.718 -9.202 1.81 15.525 -9.384 .597 14.747 -9.695 3.392 16.182
5 24 11.205 10.626 -6.181 12.604 11.332 -6.537 12.964 11.655 -7.239 11.45 10.534 -5.815
5 24 -2.736 19.304 15.067 -2.421 21.912 13.88 -3.005 21.28 13.513 -2.146 20.805 16.728
5 24 2.181 -9.371 1.23 .904 -9.869 -.201 4.929 -8.923 -1.468 -.812 -10.406 .976
5 24 -6.72 13.913 14.102 -8.03 15.609 13.58 -7.71 15.879 14.431 -8.175 13.393 13.528
5 24 -16.556 1.66 6.902 -16.72 3.278 6.94 -17.008 1.19 4.692 -15.769 1.407 9.014
5 24 -4.592 -6.343 14.08 -4.706 -3.653 16.129 -3.077 -6.66 14.08 -6.579 -3.55 15.88
5 24 4.113 -5.016 13.971 4.913 -5.141 14.485 5.273 -5.339 13.81 3.193 -3.96 15.473
5 24 -13.97 -4.808 5.179 -15.012 -4.244 4.612 -14.668 -3.283 7.905 -13.934 -5.852 2.939
5 24 -7.345 -4.291 -12.221 -4.584 -5.78 -13.415 -5.914 -6.469 -11.619 -5.845 -3.53 -14.309
5 24 -6.448 -7.745 -4.368 -7.305 -7.359 -3.779 -7.228 -7.332 -5.185 -6.688 -7.814 -3.033
5 24 15.952 18.648 9.643 14.665 19.968 8.73 15.367 20.246 9.216 15.674 18.191 9.404
5 24 10.71 -1.807 12.643 11.852 -.234 13.142 10.05 2.07 14.867 12.999 -1.172 12.33
5 24 -14.294 12.718 -6.192 -13.909 13.746 -5.623 -15.096 14.142 -4.352 -13.16 12.582 -6.867
5 24 -17.877 7.248 4.217 -17.355 8.822 1.23 -17.295 6.809 -.83 -17.276 9.933 5.301
5 24 10.566 3.975 -10.765 13.16 2.058 -9.622 11.4 5.728 -9.793 9.637 1.958 -11.305
5 24 11.4 5.728 -9.793 13.16 2.058 -9.622 14.257 4.66 -8.537 10.566 3.975 -10.765
5 24 3.458 4.033 -15.587 6.082 5.72 -14.786 3.297 2.356 -15.956 5.346 6.157 -14.58
5 24 -3.743 18.582 16.117 -2.442 16.891 16.844 -1.476 18.141 16.196 -4.224 16.689 15.719
5 24 -6.17 -7.629 -5.691 -4.928 -8.745 -7.917 -5.825 -8.599 -5.489 -5.51 -7.415 -8.417
5 24 13.372 15.568 12.147 12.29 14.458 12.596 12.975 14.346 11.993 12.378 15.264 12.668
5 24 -16.664 3.064 -2.037 -16.209 3.216 -.867 -16.789 4.761 -3.047 -16.372 1.448 -1.045
5 24 -3.967 -9.255 -6.972 -2.056 -9.433 -8.573 -2.977 -9.359 -5.98 -3.464 -8.706 -10.017
5 24 -9.231 -8.069 3.362 -7.232 -8.209 2.356 -9.565 -8.196 2.702 -7.085 -8.227 3.082
5 24 -7.305 -7.359 -3.779 -7.527 -6.932 -3.163 -6.845 -7.765 -1.511 -8.054 -6.309 -4.385
5 24 -16.437 -.105 1.699 -16.372 1.448 -1.045 -15.009 -1.689 -1.629 -17.268 2.945 3.586
5 24 -15.582 12.938 -3.643 -15.423 13.476 -3.914 -16.309 13.334 -2.361 -15.253 12.186 -4.459
5 24 -7.141 21.26 10.563 -9.044 21.815 10.963 -7.988 21.538 11.813 -9.192 21.727 9.192
5 24 -1.535 -11.622 2.119 -2.007 -10.425 1.091 -.812 -10.406 .976 -3.398 -11.638 2.444
5 24 8.355 20.675 9.752 9.257 20.457 10.759 10.597 20.654 9.649 8.407 20.917 11.606
5 24 14.208 18.779 4.677 12.827 20.985 5.374 11.726 20.178 5.402 15.296 20.222 4.905
5 24 -10.492 9.952 -12.008 -8.639 6.149 -9.618 -8.629 9.473 -9.569 -11.025 3.822 -12.564
5 24 -7.228 -7.332 -5.185 -7.941 -6.666 -6.078 -7.774 -6.816 -4.771 -7.155 -7.312 -6.599
5 24 15.331 7.162 -6.101 14.138 4.986 -4.262 14.257 4.66 -8.537 14.86 7.208 -2.056
5 24 13.267 8.457 -6.925 14.579 10.563 -7.516 14.001 10.184 -8.854 13.988 9.801 -6.466
5 24 -3.308 -2.62 -15.825 -3.263 -1.473 -15.35 -.398 -1.592 -16.494 -5.674 -1.974 -14.306
5 24 -11.182 -7.566 3.811 -11.675 -7.46 3.016 -12.333 -6.595 4.712 -9.565 -8.196 2.702
5 24 -14.645 16.882 -3.011 -12.892 16.941 -5.556 -15.822 17.114 -4.879 -12.504 16.734 -2.495
5 24 3.104 15.153 16.966 5.802 14.642 17.129 4.811 16.6 17.45 4.226 13.417 17.05
5 24 12.02 9.899 14.047 12.011 10.828 12.729 12.282 7.768 13.64 11.551 11.732 14.019
5 24 -5.914 -6.469 -11.619 -7.345 -4.291 -12.221 -4.584 -5.78 -13.415 -7.967 -5.558 -9.702
5 24 9.891 2.074 16.63 7.48 -1.062 16.105 10.531 -2.344 15.374 7.113 .264 16.373
5 24 .472 -2.29 16.855 -1.296 -2.791 17.349 -1.098 -1.612 17.059 .387 -3.985 17.119
5 24 .042 -9.171 -9.978 1.446 -8.853 -7.78 -.697 -9.311 -6.995 3.645 -7.31 -11.352
5 24 16.034 13.698 -1.165 15.986 10.545 .656 13.953 9.708 -5.618 16.196 11.899 3.006
5 24 3.192 -8.81 1.991 5.416 -8.927 .832 3.98 -7.972 2.25 2.181 -9.371 1.23
5 24 -8.176 -7.389 10.506 -6.448 -8.366 8.086 -6.278 -8.293 8.822 -8.991 -6.237 8.834
5 24 -4.446 14.448 14.927 -4.21 14.505 15.229 -4.593 12.776 15.128 -4.871 16.448 14.821
5 24 -6.408 -8.717 4.19 -5.627 -8.904 5.501 -6.305 -8.355 4.911 -5.723 -9.126 4.707
5 24 2.181 -9.371 1.23 4.929 -8.923 -1.468 .904 -9.869 -.201 5.416 -8.927 .832
5 24 10.768 -7.183 7.671 10.248 -7.504 9.097 8.593 -8.486 7.808 12.204 -5.332 9.733
5 24 12.964 11.655 -7.239 14.001 10.184 -8.854 12.025 11.325 -8.454 14.579 10.563 -7.516
5 24 -14.843 10.836 7.958 -15.456 9.616 6.627 -15.422 8.586 8.246 -15.198 12.385 6.663
5 24 -12.835 -2.917 11.508 -12.695 -1.147 11.779 -13.467 -1.974 10.882 -11.572 -2.02 11.891
5 24 -4.74 11.104 15.33 -8.145 6.924 16.658 -6.349 10.049 15.599 -8.344 4.459 16.312
5 24 -15.089 7.067 11.627 -14.771 8.51 8.949 -15.047 6.236 9.072 -14.077 11.01 9.622
5 24 -12.011 20.036 4.975 -13.663 20.926 5.304 -12.331 20.392 3.365 -13.449 20.292 6.57
5 24 -8.344 4.459 16.312 -9.695 3.392 16.182 -8.145 6.924 16.658 -9.202 1.81 15.525
5 24 10.597 20.654 9.649 8.355 20.675 9.752 9.257 20.457 10.759 9.192 20.697 9.192
5 24 1.976 5.289 -12.607 5.346 6.157 -14.58 3.458 4.033 -15.587 3.606 6.742 -12.283
5 24 -5.822 -.206 -14.866 -5.674 -1.974 -14.306 -8.259 .245 -12.754 -3.263 -1.473 -15.35
5 24 -13.62 -2.983 -4.794 -12.097 -3.487 -6.217 -12.975 -1.586 -6.84 -12.001 -5.19 -3.391
5 24 15.986 10.545 .656 15.576 9.137 1.29 14.86 7.208 -2.056 15.685 9.653 3.763
5 24 7.052 -8.549 -1.802 6.479 -7.125 -2.646 9.178 -7.877 -2.005 4.929 -8.923 -1.468
5 24 -17.489 15.566 1.173 -15.868 15.307 3.03 -15.663 12.723 3.56 -17.149 17.111 .65
5 24 -14.458 14.965 7.818 -15.079 15.829 6.809 -14.564 15.871 8.114 -14.914 14.638 6.744
5 24 -4.244 -11.001 4.703 -4.896 -11.389 3.852 -3.594 -11.795 4.405 -5.45 -9.533 3.808
5 24 -8.324 -5.584 12.935 -9.715 -5.788 12.701 -8.176 -7.389 10.506 -9.707 -3.173 14.133
5 24 5.336 2.909 -15.878 3.588 -.213 -16.053 2.315 .033 -16.55 5.037 .058 -14.679
5 24 11.502 12.997 14.528 10.667 11.846 15.074 11.205 11.693 14.458 11.016 13.301 15.221
5 24 -13.473 11.54 -8.991 -13.322 10.984 -7.657 -13.16 12.582 -6.867 -13.847 8.743 -8.06
5 24 7.737 20.65 13.746 7.582 18.989 16.063 9.349 20.854 17.123 6.293 18.893 14.7
5 24 14.402 16.753 10.713 14.515 17.381 12.244 15.674 18.191 9.404 13.698 16.454 12.35
5 24 -17.008 1.19 4.692 -16.72 3.278 6.94 -17.268 2.945 3.586 -16.556 1.66 6.902
5 24 2.045 18.728 15.408 2.321 20.516 16.132 1.098 18.827 16.342 3.224 20.218 14.574
5 24 12.322 -1.112 -5.375 15.208 2.816 -3.683 13.201 .847 -5.741 14.318 1.505 -1.876
5 24 4.245 11.428 17.924 4.056 9.214 17.684 6.741 8.898 18.682 2.658 10.818 17.119
5 24 7.128 7.276 -13.623 6.082 5.72 -14.786 6.36 5.059 -14.8 6.11 7.502 -13.821
5 24 -.704 18.331 16.347 .311 16.636 15.553 -.639 16.079 15.356 1.098 18.827 16.342
5 24 -7.155 -7.312 -6.599 -6.17 -7.629 -5.691 -7.228 -7.332 -5.185 -5.51 -7.415 -8.417
5 24 -6.448 -8.366 8.086 -5.999 -9.532 8.478 -6.278 -8.293 8.822 -5.936 -9.892 7.69
5 24 2.381 -10.633 6.747 -1.462 -11.158 9.951 .387 -11.783 5.226 3.302 -9.684 8.572
5 24 3.5 4.125 18.722 4.028 2.455 18.098 2.602 3.988 18.967 4.378 4.223 18.558
5 24 17.211 8.463 7.663 15.299 8.669 7.677 16.754 7.46 8.852 16.991 9.086 6.331
5 24 -14.993 15.014 -6.287 -13.909 13.746 -5.623 -15.096 14.142 -4.352 -13.699 13.354 -8.127
5 24 -8.23 -7.648 .006 -8.425 -7.652 1.348 -6.873 -7.854 .668 -11.169 -6.918 .886
5 24 -11.384 -3.772 -7.38 -11.319 -3.152 -9.956 -13.773 -1.339 -7.798 -8.37 -4.767 -6.945
5 24 -3.808 19.765 15.152 -3.005 21.28 13.513 -3.887 21.995 13.991 -3.298 19.217 14.776
5 24 11.931 20.422 10.485 10.597 20.654 9.649 9.257 20.457 10.759 12.308 21.829 8.836
5 24 3.918 -8.387 2.834 6.677 -7.616 2.046 7.211 -8.964 3.409 3.98 -7.972 2.25
5 24 -2.146 20.805 16.728 -.704 18.331 16.347 -1.476 18.141 16.196 -.978 21.372 17.824
5 24 14.891 6.403 8.694 15.858 5.141 9.154 16.304 5.597 11.365 15.5 6.001 8.021
5 24 -7.749 -7.119 6.879 -6.448 -8.366 8.086 -8.991 -6.237 8.834 -7.099 -7.649 5.775
5 24 16.604 17.811 8.435 14.486 17.238 6.891 16.766 16.744 6.928 14.71 18.121 8.357
5 24 8.517 3.951 16.513 7.053 2.781 18.482 7.113 .264 16.373 7.525 6.209 18.962
5 24 6.253 17.245 15.273 4.811 16.6 17.45 5.802 14.642 17.129 5.086 17.809 15.486
5 24 -11.157 -3.146 13.891 -11.572 -2.02 11.891 -11.274 -2.736 11.553 -11.685 -1.235 12.195
5 24 8.464 19.95 12.852 8.068 21.789 12.258 8.407 20.917 11.606 7.737 20.65 13.746
5 24 3.193 -3.96 15.473 2.157 -4.993 16.523 3.305 -6.377 15.328 1.934 -3.034 16.422
5 24 15.318 -1.665 8.508 12.999 -1.172 12.33 16.039 .947 9.954 12.81 -3.726 9.166
5 24 -8.437 -3.104 13.995 -9.707 -3.173 14.133 -8.324 -5.584 12.935 -9.007 -1.374 14.408
5 24 15.214 18.206 12.087 14.372 19.064 12.767 14.515 17.381 12.244 15.587 19.835 12.357
5 24 3.588 -.213 -16.053 5.037 .058 -14.679 3.336 -1.997 -14.52 5.336 2.909 -15.878
5 24 -17.609 11.841 .786 -16.584 12.611 -.936 -17.197 10.279 .025 -16.7 13.053 -.611
5 24 -7.774 -6.816 -4.771 -8.054 -6.309 -4.385 -7.305 -7.359 -3.779 -8.253 -5.386 -5.168
5 24 -16.209 3.216 -.867 -17.687 5.244 2.564 -16.555 3.597 .488 -17.295 6.809 -.83
5 24 -5.212 -9.032 -5.231 -3.967 -9.255 -6.972 -4.456 -9.131 -4.911 -4.928 -8.745 -7.917
5 24 -9.192 21.727 9.192 -11.266 22.597 9.606 -10.054 21.315 7.903 -9.044 21.815 10.963
5 24 14.324 -2.996 -.389 11.7 -6.208 1.831 12.162 -5.835 -1.654 13.463 -3.379 2.815
5 24 12.489 11.163 -5.697 13.988 9.801 -6.466 12.604 11.332 -6.537 13.953 9.708 -5.618
5 24 -15.012 -4.244 4.612 -15.439 -.819 3.461 -15.719 -2.602 7.418 -14.693 -3.224 1.78
5 24 6.955 4.487 -14.059 7.927 3.641 -14.36 8.734 5.7 -13.305 6.035 2.273 -14.6
5 24 -9.082 .045 16.508 -9.007 -1.374 14.408 -7.927 -3.427 15.361 -9.384 .597 14.747
5 24 15.587 19.835 12.357 15.064 20.493 12.341 14.372 19.064 12.767 15.062 21.2 11.652
5 24 7.444 -7.495 8.086 5.11 -8.746 7.417 5.829 -8.414 6.785 7.154 -8.223 9.664
5 24 -7.704 17.221 12.963 -10.119 16.291 12.32 -8.48 17.986 12.785 -9.391 15.334 12.119
5 24 -9.508 7.086 15.915 -10.714 3.71 15.426 -10.873 7.345 14.867 -9.695 3.392 16.182
5 24 -13.188 19.383 8.103 -12.099 19.904 7.313 -11.984 21.545 8.38 -12.518 19.663 6.893
5 24 3.431 1.585 17.661 4.028 2.455 18.098 4.546 1.079 17.113 1.332 3.223 18.004
5 24 -6.046 -8.498 5.752 -5.627 -8.904 5.501 -5.936 -9.892 7.69 -6.305 -8.355 4.911
5 24 8.446 8.192 16.325 9.604 10.018 15.575 8.983 10.196 15.62 9.632 7.872 16.017
5 24 10.775 16.259 13.733 11.556 15.361 14.41 11.147 15.172 13.165 10.964 15.078 15.259
5 24 -9.565 -8.196 2.702 -11.675 -7.46 3.016 -11.182 -7.566 3.811 -9.887 -8.217 1.96
5 24 7.154 -8.223 9.664 5.76 -7.349 9.964 4.816 -8.005 8.464 6.668 -6.247 12.315
5 24 11.423 -5.62 10.604 10.169 -4.196 11.145 9.053 -6.234 9.469 12.091 -3.456 11.499
5 24 -13.187 14.898 8.424 -14.363 13.187 7.761 -13.791 12.815 8.295 -14.458 14.965 7.818
5 24 -5.527 -10.015 -2.476 -5.066 -10.013 -3.172 -4.264 -11.017 -3.139 -5.44 -9.048 -3.611
5 24 12.322 -1.112 -5.375 12.527 -1.801 -5.279 14.191 .139 -2.67 10.563 -2.705 -6.887
5 24 -10.367 .944 -12.755 -8.444 4 -9.692 -11.025 3.822 -12.564 -8.053 3.033 -9.67
5 24 -14.941 16.464 5.315 -15.932 16.067 3.73 -15.694 12.962 4.711 -16.343 17.672 3.695
5 24 -13.155 15.282 12.325 -12.035 15.24 13.253 -13.154 16.2 12.383 -12.27 13.737 12.926
5 24 -11.864 -4.499 -2.456 -12.001 -5.19 -3.391 -13.481 -2.536 -4.03 -11.316 -5.128 -1.982
5 24 9.637 1.958 -11.305 11.258 -.958 -10.144 13.16 2.058 -9.622 9.042 .892 -11.668
5 24 -12.902 -5.254 -.931 -13.039 -5.416 1.009 -15.033 -2.864 .254 -11.241 -6.686 -.879
5 24 -11.241 -6.686 -.879 -11.169 -6.918 .886 -8.23 -7.648 .006 -13.039 -5.416 1.009
5 24 5.346 6.157 -14.58 3.606 6.742 -12.283 1.976 5.289 -12.607 6.11 7.502 -13.821
5 24 8.891 8.393 -10.713 8.193 8.521 -9.86 9.192 9.65 -9.192 8.56 8.118 -11.043
5 24 11.205 11.693 14.458 11.551 11.732 14.019 11.502 12.997 14.528 12.02 9.899 14.047
5 24 10.563 -2.705 -6.887 12.527 -1.801 -5.279 12.322 -1.112 -5.375 10.934 -3.332 -6.614
5 24 -1.652 6.611 17.232 -3.114 5.259 18.461 -2.345 8.006 16.875 -.227 4.851 17.856
5 24 -12.503 12.284 -9.856 -10.492 9.952 -12.008 -10.814 13.164 -10.821 -12.306 9.235 -10.756
5 24 -1.448 -10.749 -5.682 -2.977 -9.359 -5.98 -4.264 -11.017 -3.139 -.697 -9.311 -6.995
5 24 12.975 14.346 11.993 13.721 14.831 10.989 13.372 15.568 12.147 13.463 13.668 11.062
5 24 -6.305 -8.355 4.911 -5.627 -8.904 5.501 -6.046 -8.498 5.752 -6.408 -8.717 4.19
5 24 -12.404 2.501 13.396 -11.638 .228 13.071 -12.376 .229 12.48 -11.446 2.71 13.733
5 24 -11.165 16.509 13.225 -12.035 15.24 13.253 -10.566 15.048 13.293 -12.225 16.815 13.01
5 24 -14.487 18.135 10.323 -13.784 19.211 10.488 -15.061 19.46 9.571 -13.996 18.505 10.674
5 24 -16.437 -.105 1.699 -17.268 2.945 3.586 -17.008 1.19 4.692 -16.372 1.448 -1.045
5 24 -.064 1.572 -16.066 -.246 -.233 -16.124 -3.123 .088 -15.729 3.297 2.356 -15.956
5 24 13.372 15.568 12.147 12.537 16.787 12.874 13.698 16.454 12.35 12.378 15.264 12.668
5 24 17.211 8.463 7.663 19.143 7.15 7.703 16.991 9.086 6.331 16.754 7.46 8.852
5 24 -8.15 19.657 13.799 -7.759 22.359 12.512 -7.988 21.538 11.813 -7.886 21.839 15.363
5 24 -14.564 15.871 8.114 -15.079 15.829 6.809 -14.458 14.965 7.818 -15.789 17.263 7.555
5 24 14.106 -3.233 6.964 11.83 -5.523 6.544 12.81 -3.726 9.166 12.65 -4.537 5.392
5 24 11.931 20.422 10.485 12.308 21.829 8.836 13.213 20.754 9.575 10.597 20.654 9.649
5 24 14.324 -2.996 -.389 11.104 -4.441 -2.55 13.471 -1.883 -1.801 12.162 -5.835 -1.654
5 24 -15.016 5.293 12.166 -15.368 4.481 9.839 -15.047 6.236 9.072 -14.926 3.948 10.935
5 24 -12.712 16.636 9.493 -14.487 18.135 10.323 -13.996 18.505 10.674 -15.28 17.136 8.895
5 24 -5.999 -9.532 8.478 -4.262 -8.853 11.779 -5.302 -9.892 8.363 -5.475 -8.486 11.819
5 24 11.562 12.926 13.957 11.551 11.732 14.019 11.237 12.947 12.923 11.502 12.997 14.528
5 24 -7.941 -6.666 -6.078 -8.253 -5.386 -5.168 -7.774 -6.816 -4.771 -8.421 -4.416 -5.927
5 24 8.068 21.789 12.258 7.13 21.104 10.571 8.407 20.917 11.606 6.436 21.472 11.035
5 24 12.204 -5.332 9.733 10.248 -7.504 9.097 11.423 -5.62 10.604 10.768 -7.183 7.671
5 24 1.773 -2.099 17.764 1.934 -3.034 16.422 3.56 -3.164 17.169 .472 -2.29 16.855
5 24 -4.871 16.448 14.821 -6.346 17.919 13.956 -7.006 16.632 14.845 -4.886 17.471 14.375
5 24 -11.377 14.096 13.454 -8.467 13.406 11.898 -10.348 12.808 11.385 -10.566 15.048 13.293
5 24 -13.062 14.389 -8.467 -12.503 12.284 -9.856 -13.699 13.354 -8.127 -10.814 13.164 -10.821
5 24 2.315 .033 -16.55 1.703 -1.878 -16.02 3.588 -.213 -16.053 -.398 -1.592 -16.494
5 24 7.48 -1.062 16.105 7.471 -2.996 15.411 10.531 -2.344 15.374 6.39 -1.765 15.405
5 24 -2.146 20.805 16.728 -2.421 21.912 13.88 -2.736 19.304 15.067 -2.073 22.391 14.434
5 24 7.588 21.821 14.041 7.737 20.65 13.746 5.497 21.739 15.006 8.068 21.789 12.258
5 24 3.302 -9.684 8.572 2.736 -9.266 5.935 2.381 -10.633 6.747 3.898 -8.185 7.784
5 24 -15.047 6.236 9.072 -15.616 6.412 8.224 -14.771 8.51 8.949 -14.887 4.552 7.973
5 24 14.566 14.881 -1.461 13 14.953 0 12.551 16.053 2.256 12.011 11 -4.975
5 24 -4.592 -6.343 14.08 -6.579 -3.55 15.88 -6.085 -5.991 14.037 -4.706 -3.653 16.129
5 24 13.698 16.454 12.35 14.402 16.753 10.713 14.515 17.381 12.244 14.058 15.889 10.851
5 24 12.02 9.899 14.047 12.282 7.768 13.64 12.011 10.828 12.729 11.635 7.625 14.668
5 24 -2.259 -.683 17.164 -5.374 2.841 17.184 -4.79 .106 16.344 -1.922 1.107 18.075
5 24 5.359 12.314 16.858 4.245 11.428 17.924 7.532 10.597 15.636 4.226 13.417 17.05
5 24 -1.296 -2.791 17.349 -1.576 -4.084 16.464 -2.292 -3.178 16.743 .387 -3.985 17.119
5 24 15.208 2.816 -3.683 13.201 .847 -5.741 12.322 -1.112 -5.375 14.138 4.986 -4.262
5 24 3.56 -3.164 17.169 3.193 -3.96 15.473 4.342 -4.185 16.137 1.934 -3.034 16.422
5 24 14.278 10.456 10.533 15.542 9.117 11.744 14.625 6.934 8.946 14.183 12.749 10.892
5 24 -4.871 16.448 14.821 -4.224 16.689 15.719 -4.886 17.471 14.375 -4.21 14.505 15.229
5 24 9.32 7.283 -11.517 8.891 8.393 -10.713 9.721 7.185 -11.074 8.56 8.118 -11.043
5 24 .387 -3.985 17.119 -1.576 -4.084 16.464 -.8 -4.933 16.152 -1.296 -2.791 17.349
5 24 4.226 13.417 17.05 4.245 11.428 17.924 5.359 12.314 16.858 3.018 12.843 17.576
5 24 -8.185 19.594 13.209 -7.69 18.597 13.449 -8.15 19.657 13.799 -8.48 17.986 12.785
5 24 -9.693 10.47 13.837 -7.885 10.194 14.754 -9.508 7.086 15.915 -8.175 13.393 13.528
5 24 -14.608 2.316 11.59 -15.522 1.172 11.132 -14.027 .494 11.554 -15.663 2.524 11.029
5 24 6.213 -2.91 14.658 5.733 -3.401 15.956 5.679 -4.752 14.215 5.818 -1.154 16.35
5 24 -17.197 10.279 .025 -16.584 12.611 -.936 -17.609 11.841 .786 -15.675 12.366 -1.863
5 24 -9.044 21.815 10.963 -12.146 22.357 10.668 -10.09 20.739 12.134 -11.266 22.597 9.606
5 24 4.028 2.455 18.098 5.006 1.257 17.093 4.546 1.079 17.113 4.945 3.566 17.878
5 24 -3.27 15.273 16.289 -4.224 16.689 15.719 -4.21 14.505 15.229 -2.442 16.891 16.844
5 24 -12.92 10.129 11.195 -15.089 7.067 11.627 -14.077 11.01 9.622 -13.794 6.901 13.137
5 24 3.645 -7.31 -11.352 4.442 -3.759 -14.364 2.081 -6.573 -13.864 6.259 -4.185 -12.465
5 24 -3.171 -11.752 3.693 -1.535 -11.622 2.119 -3.398 -11.638 2.444 -1.455 -11.392 3.586
5 24 -6.408 -8.717 4.19 -7.099 -7.649 5.775 -6.305 -8.355 4.911 -8.337 -8.397 5.162
5 24 -16.014 6.707 -2.45 -16.063 7.908 -4.615 -14.923 9.479 -3.395 -16.789 4.761 -3.047
5 24 13.953 9.708 -5.618 15.331 7.162 -6.101 16.155 8.845 -3.026 13.267 8.457 -6.925
5 24 8.897 -4.319 -7.687 8.918 -5.331 -7.438 6.457 -6.108 -8.315 10.934 -3.332 -6.614
5 24 15.406 20.824 7.035 13.538 22.118 6.874 14.757 20.151 8.212 14.888 21.781 6.304
5 24 -7.527 -6.932 -3.163 -7.953 -7.067 -3.016 -8.716 -6.6 -4.053 -6.845 -7.765 -1.511
5 24 2.484 -1.324 18.063 3.231 -.497 18.283 1.025 1.108 18.819 4.135 -2.523 17.4
5 24 5.198 22.835 13.87 4.975 21.846 12.011 3.82 21.603 13.564 7.494 22.93 12.871
5 24 -15.009 -1.689 -1.629 -16.053 .466 -3.082 -14.304 -2.361 -3.813 -16.372 1.448 -1.045
5 24 3.104 15.153 16.966 2.191 14.524 18.26 3.018 12.843 17.576 2.779 17.013 14.792
5 24 14.186 5.729 13.801 12.284 2.591 13.66 13.565 .897 12.985 12.377 5.076 13.716
5 24 -13.794 6.901 13.137 -15.089 7.067 11.627 -12.92 10.129 11.195 -15.016 5.293 12.166
5 24 -15.096 14.142 -4.352 -17.258 14.766 -3.441 -15.932 15.12 -5.284 -16.44 14.105 -2.049
5 24 7.525 6.209 18.962 5.193 5.887 18.071 7.053 2.781 18.482 6.741 8.898 18.682
5 24 -11.268 17.23 10.281 -10.141 17.58 12.12 -11.521 18.032 10.162 -10.119 16.291 12.32
5 24 -10.09 20.739 12.134 -8.185 19.594 13.209 -8.48 17.986 12.785 -7.988 21.538 11.813
5 24 -17.008 1.19 4.692 -17.268 2.945 3.586 -16.72 3.278 6.94 -16.437 -.105 1.699
5 24 -16.014 6.707 -2.45 -16.505 7.103 -1.233 -16.402 7.655 -1.695 -16.009 5.341 -1.72
5 24 -5.947 -8.847 -3.624 -5.825 -8.599 -5.489 -6.349 -8.424 -3.607 -5.212 -9.032 -5.231
5 24 1.098 18.827 16.342 -.978 21.372 17.824 1.439 21.579 17.511 -.704 18.331 16.347
5 24 -1.476 18.141 16.196 -.704 18.331 16.347 -2.146 20.805 16.728 -.639 16.079 15.356
5 24 4.546 1.079 17.113 3.231 -.497 18.283 3.431 1.585 17.661 4.664 -1.797 17.445
5 24 11.016 13.301 15.221 10.387 14.084 15.401 11.328 14.069 15.066 9.937 12.432 15.3
5 24 3.111 21.461 13.808 3.926 20.708 14.601 3.82 21.603 13.564 3.224 20.218 14.574
5 24 1.638 -10.125 4.801 1.617 -10.998 2.739 2.573 -10.595 3.214 .142 -10.924 4.093
5 24 2.563 -9.243 -7.071 7.236 -8.387 -5.854 3.796 -10.362 -4.728 6.546 -7.039 -7.846
5 24 -15.198 12.385 6.663 -16.246 12.614 5.573 -15.456 9.616 6.627 -14.914 14.638 6.744
5 24 16.991 9.086 6.331 15.299 8.669 7.677 15.122 9.426 5.545 17.211 8.463 7.663
5 24 -12.001 -5.19 -3.391 -12.097 -3.487 -6.217 -13.62 -2.983 -4.794 -10.568 -5.375 -5.431
5 24 11.403 -7.031 6.332 10.768 -7.183 7.671 9.082 -8.369 6.129 12.651 -4.991 9.025
5 24 5.273 -5.339 13.81 5.479 -5.396 11.904 4.881 -6.271 10.309 5.998 -4.27 13.493
5 24 -10.474 9.902 11.916 -10.348 12.808 11.385 -11.43 9.956 11.428 -8.467 13.406 11.898
5 24 15.239 1.76 7.622 16.039 .947 9.954 15.318 -1.665 8.508 15.858 5.141 9.154
5 24 2.563 -9.243 -7.071 1.446 -8.853 -7.78 4.519 -7.061 -8.578 -.697 -9.311 -6.995
5 24 6.677 -7.616 2.046 5.416 -8.927 .832 3.98 -7.972 2.25 7.568 -8.711 1.052
5 24 9.042 .892 -11.668 11.258 -.958 -10.144 9.637 1.958 -11.305 8.363 -1.61 -11.067
5 24 5.679 -4.752 14.215 6.213 -2.91 14.658 5.733 -3.401 15.956 5.998 -4.27 13.493
5 24 7.444 -7.495 8.086 7.154 -8.223 9.664 5.11 -8.746 7.417 9.053 -6.234 9.469
5 24 6.741 8.898 18.682 4.056 9.214 17.684 5.193 5.887 18.071 4.245 11.428 17.924
5 24 11.931 20.422 10.485 10.848 20.055 12.777 9.688 19.495 11.962 13.347 21.33 11.749
5 24 -15.522 1.172 11.132 -14.596 -1.488 10.645 -14.027 .494 11.554 -15.747 -.783 10.2
5 24 -3.27 15.273 16.289 -4.21 14.505 15.229 -3.526 13.846 16.209 -4.224 16.689 15.719
5 24 12.204 -5.332 9.733 12.892 -3.224 10.848 12.091 -3.456 11.499 12.651 -4.991 9.025
5 24 -6.928 -7.755 -.178 -6.73 -8.146 -1.705 -6.476 -9.692 -.807 -6.845 -7.765 -1.511
5 24 -5.45 -9.533 3.808 -6.408 -8.717 4.19 -5.723 -9.126 4.707 -6.542 -8.654 3.586
5 24 7.515 -1.673 -12.971 7.048 1.109 -14.618 6.124 -1.429 -14.572 8.285 .922 -13.272
5 24 5.336 2.909 -15.878 3.297 2.356 -15.956 2.315 .033 -16.55 6.082 5.72 -14.786
5 24 13.538 22.118 6.874 14.624 21.399 5.326 14.888 21.781 6.304 12.827 20.985 5.374
5 24 -2.056 -9.433 -8.573 -3.464 -8.706 -10.017 -1.726 -8.604 -12.128 -3.967 -9.255 -6.972
5 24 16.991 9.086 6.331 15.122 9.426 5.545 15.685 9.653 3.763 15.299 8.669 7.677
5 24 -12.172 -5.208 9.959 -13.087 -3.456 10.827 -13.027 -5.028 9.196 -12.18 -3.523 11.242
5 24 12.377 5.076 13.716 11.935 4.975 14.536 12.284 2.591 13.66 11.635 7.625 14.668
5 24 4.342 -4.185 16.137 5.139 -3.911 16.185 3.56 -3.164 17.169 4.913 -5.141 14.485
5 24 -11.691 .153 14.612 -11.638 .228 13.071 -11.446 2.71 13.733 -11.685 -1.235 12.195
5 24 -5.316 23.023 14.584 -5.196 21.199 15.775 -5.885 22.317 15.868 -3.887 21.995 13.991
5 24 -13.039 -5.416 1.009 -13.934 -5.852 2.939 -12.25 -7.396 2.093 -14.693 -3.224 1.78
5 24 7.532 10.597 15.636 6.741 8.898 18.682 8.446 8.192 16.325 4.245 11.428 17.924
5 24 -2.352 11.833 16.23 -2.345 8.006 16.875 -.285 10.107 17.925 -3.51 11.105 16.351
5 24 -7.105 -5.236 12.873 -8.324 -5.584 12.935 -8.437 -3.104 13.995 -7.214 -7.331 10.891
5 24 -14.891 11.198 -3.052 -15.413 10.161 -4.848 -15.253 12.186 -4.459 -14.923 9.479 -3.395
5 24 -11.377 14.096 13.454 -10.348 12.808 11.385 -12.193 12.96 11.27 -8.467 13.406 11.898
5 24 16.332 13.264 5.381 15.137 12.575 6.366 15.685 9.653 3.763 15.282 13.77 6.652
5 24 13.988 9.801 -6.466 12.604 11.332 -6.537 12.489 11.163 -5.697 12.964 11.655 -7.239
5 24 -6.404 -10.06 1.175 -6.733 -7.913 1.634 -6.873 -7.854 .668 -6.133 -8.568 2.854
5 24 -12.252 5.356 13.651 -10.931 4.01 14.034 -12.471 3.677 13.636 -10.474 9.902 11.916
5 24 -6.688 -7.814 -3.033 -6.73 -8.146 -1.705 -6.845 -7.765 -1.511 -6.349 -8.424 -3.607
5 24 11.556 15.361 14.41 10.964 15.078 15.259 11.328 14.069 15.066 10.775 16.259 13.733
5 24 2.985 5.844 18.931 3.5 4.125 18.722 2.602 3.988 18.967 4.541 5.939 18.833
5 24 3.302 -9.684 8.572 -.326 -10.453 11.399 -1.462 -11.158 9.951 4.172 -7.869 11.416
5 24 -13.97 -4.808 5.179 -14.668 -3.283 7.905 -15.012 -4.244 4.612 -13.558 -3.73 8.235
5 24 3.458 4.033 -15.587 1.976 5.289 -12.607 0 4 -13 5.346 6.157 -14.58
5 24 8.771 3.542 -13.287 7.927 3.641 -14.36 8.734 5.7 -13.305 8.285 .922 -13.272
5 24 15.239 1.76 7.622 15.318 -1.665 8.508 16.039 .947 9.954 14.362 -.303 6.182
5 24 -5.845 -3.53 -14.309 -5.674 -1.974 -14.306 -3.308 -2.62 -15.825 -7.444 -2.041 -11.934
5 24 16.247 4.784 4.587 17.955 7.047 2.631 19.311 6.709 5.732 15.587 3.939 2.809
5 24 -14.82 10.235 -6.216 -14.822 12.329 -5.305 -15.413 10.161 -4.848 -14.294 12.718 -6.192
5 24 -15.423 13.476 -3.914 -16.44 14.105 -2.049 -16.309 13.334 -2.361 -15.096 14.142 -4.352
5 24 9.257 20.457 10.759 11.931 20.422 10.485 9.688 19.495 11.962 10.597 20.654 9.649
5 24 -11.268 17.23 10.281 -11.165 16.509 13.225 -12.225 16.815 13.01 -10.119 16.291 12.32
5 24 .01 8.396 18.585 -1.652 6.611 17.232 -.227 4.851 17.856 -2.345 8.006 16.875
5 24 -4.42 -6.894 -10.442 -3.464 -8.706 -10.017 -5.51 -7.415 -8.417 -3.125 -6.244 -12.338
5 24 15.214 18.206 12.087 15.587 19.835 12.357 16.041 19.189 11.952 14.372 19.064 12.767
5 24 -4.264 -11.017 -3.139 -2.977 -9.359 -5.98 -4.456 -9.131 -4.911 -1.448 -10.749 -5.682
5 24 10.05 2.07 14.867 9.891 2.074 16.63 8.517 3.951 16.513 10.531 -2.344 15.374
5 24 9.178 -7.877 -2.005 7.568 -8.711 1.052 9.635 -7.938 1.276 7.052 -8.549 -1.802
5 24 12.618 -3.104 -4.828 11.104 -4.441 -2.55 10.997 -5.092 -5.743 13.471 -1.883 -1.801
5 24 -5.845 -3.53 -14.309 -7.444 -2.041 -11.934 -7.345 -4.291 -12.221 -5.674 -1.974 -14.306
5 24 9.842 4.799 -11.513 11.4 5.728 -9.793 11.01 6.971 -10.807 10.566 3.975 -10.765
5 24 8.285 .922 -13.272 9.264 3.519 -12.103 8.771 3.542 -13.287 9.042 .892 -11.668
5 24 -11.981 -.167 -11.741 -14.009 3.753 -10.526 -13.23 -1.026 -10.604 -12.743 3.826 -11.511
5 24 10.837 -5.88 3.295 12.65 -4.537 5.392 11.83 -5.523 6.544 11.673 -4.869 3.729
5 24 -13.024 21.738 10.157 -11.576 22.056 8.8 -12.146 22.357 10.668 -13.161 21.308 9.432
5 24 4.541 5.939 18.833 3.5 4.125 18.722 2.985 5.844 18.931 4.378 4.223 18.558
5 24 -11.384 -3.772 -7.38 -12.975 -1.586 -6.84 -13.773 -1.339 -7.798 -11.316 -3.397 -6.533
5 24 -15.152 11.93 -2.68 -16.309 13.334 -2.361 -15.582 12.938 -3.643 -15.675 12.366 -1.863
5 24 -8.564 4.237 17.367 -9.202 1.81 15.525 -8.344 4.459 16.312 -9.082 .045 16.508
5 24 11.673 -4.869 3.729 11.7 -6.208 1.831 10.837 -5.88 3.295 13.463 -3.379 2.815
5 24 9.32 7.283 -11.517 9.401 5.509 -11.761 9.088 5.573 -12.501 9.721 7.185 -11.074
5 24 -7.345 -4.291 -12.221 -8.172 -3.691 -9.045 -7.808 -2.13 -10.727 -7.967 -5.558 -9.702
5 24 3.302 -9.684 8.572 -1.462 -11.158 9.951 -.326 -10.453 11.399 2.381 -10.633 6.747
5 24 -6.579 -3.55 15.88 -7.806 -.011 17.122 -6.482 -.016 17.637 -7.927 -3.427 15.361
5 24 -12.18 -3.523 11.242 -13.087 -3.456 10.827 -12.172 -5.208 9.959 -12.835 -2.917 11.508
5 24 15.873 -.036 1.229 13.471 -1.883 -1.801 14.8 1.458 -.189 14.324 -2.996 -.389
5 24 8.285 .922 -13.272 7.048 1.109 -14.618 7.515 -1.673 -12.971 7.927 3.641 -14.36
5 24 8.446 8.192 16.325 7.525 6.209 18.962 8.455 5.062 16.036 6.741 8.898 18.682
5 24 -8.425 -7.652 1.348 -9.887 -8.217 1.96 -7.232 -8.209 2.356 -11.169 -6.918 .886
5 24 11.551 11.732 14.019 12.011 10.828 12.729 12.02 9.899 14.047 11.237 12.947 12.923
5 24 -12.518 19.663 6.893 -10.921 19.854 6.606 -12.011 20.036 4.975 -12.099 19.904 7.313
5 24 -7.305 -7.359 -3.779 -8.054 -6.309 -4.385 -7.774 -6.816 -4.771 -7.527 -6.932 -3.163
5 24 11.118 9.746 14.92 10.667 11.846 15.074 10.671 9.711 15.499 11.205 11.693 14.458
5 24 -13.098 .085 12.019 -13.467 -1.974 10.882 -14.596 -1.488 10.645 -12.695 -1.147 11.779
5 24 10.671 9.711 15.499 9.604 10.018 15.575 9.632 7.872 16.017 10.667 11.846 15.074
5 24 -1.576 -4.084 16.464 -2.864 -2.754 15.565 -2.292 -3.178 16.743 -.8 -4.933 16.152
5 24 -2.292 -3.178 16.743 -2.864 -2.754 15.565 -1.576 -4.084 16.464 -2.652 -2.548 17.184
5 24 10.403 9.676 -9.978 9.192 9.65 -9.192 10.447 10.452 -7.314 8.891 8.393 -10.713
5 24 10.873 7.538 15.694 11.635 7.625 14.668 11.458 4.813 15.345 11.118 9.746 14.92
5 24 -10.649 -5.851 -1.513 -10.985 -5.971 -2.661 -9.96 -6.71 -1.943 -12.001 -5.19 -3.391
5 24 6.11 7.502 -13.821 6.168 9.211 -11.214 4.975 8.253 -12.011 7.243 8.955 -12.429
5 24 12.489 11.163 -5.697 12.011 11 -4.975 13.474 11.209 -5.128 11.694 10.442 -5.449
5 24 1.648 15.984 18.576 .311 16.636 15.553 2.06 17.131 15.213 -.494 15.785 18.076
5 24 -12.712 16.636 9.493 -14.564 15.871 8.114 -15.28 17.136 8.895 -13.187 14.898 8.424
5 24 13.515 -1.944 5.125 12.65 -4.537 5.392 12.36 -3.789 4.294 14.106 -3.233 6.964
5 24 13.267 8.457 -6.925 13.988 9.801 -6.466 13.953 9.708 -5.618 14.579 10.563 -7.516
5 24 13.988 9.801 -6.466 12.964 11.655 -7.239 12.604 11.332 -6.537 14.579 10.563 -7.516
5 24 -15.438 21.179 5.172 -13.663 20.926 5.304 -13.938 20.892 3.814 -15.57 20.864 5.875
5 24 -4.943 8.213 16.829 -3.114 5.259 18.461 -4.393 3.894 17.961 -4.246 10.467 16.346
5 24 11.241 13.822 12.933 12.29 14.458 12.596 11.248 15.069 12.947 12.202 13.652 12.524
5 24 -3.887 21.995 13.991 -4.975 22.048 12.011 -5.493 22.628 12.702 -3.005 21.28 13.513
5 24 4.172 -7.869 11.416 .52 -8.715 13.516 -.326 -10.453 11.399 3.305 -6.377 15.328
5 24 -8.054 -6.309 -4.385 -9.674 -6.099 -4.795 -8.253 -5.386 -5.168 -8.716 -6.6 -4.053
5 24 -15.292 6.57 -7.682 -16.632 2.899 -4.536 -16.284 .978 -6.127 -15.661 7.317 -6.12
5 24 -8.259 .245 -12.754 -4.846 2.646 -11.7 -5.822 -.206 -14.866 -7.484 2.66 -9.941
5 24 -12.743 3.826 -11.511 -11.981 -.167 -11.741 -10.367 .944 -12.755 -14.009 3.753 -10.526
5 24 -13.473 11.54 -8.991 -12.503 12.284 -9.856 -12.306 9.235 -10.756 -13.699 13.354 -8.127
5 24 -11.274 -2.736 11.553 -12.835 -2.917 11.508 -12.18 -3.523 11.242 -11.572 -2.02 11.891
5 24 6.906 -9.132 4.978 6.573 -9.132 6.545 4.412 -9.018 5.424 9.082 -8.369 6.129
5 24 -7.091 21.985 15.935 -7.509 23.098 13.736 -7.886 21.839 15.363 -6.271 23.38 14.013
5 24 15.064 20.493 12.341 13.347 21.33 11.749 13.365 19.848 12.946 15.062 21.2 11.652
5 24 -.978 21.372 17.824 1.163 22.935 16.252 -1.302 22.973 16.037 1.439 21.579 17.511
5 24 10.05 2.07 14.867 11.852 -.234 13.142 10.782 2.127 14.731 10.71 -1.807 12.643
5 24 -13.834 18.147 6.778 -15.558 18.603 8.554 -15.789 17.263 7.555 -15.061 19.46 9.571
5 24 -14.926 1.464 -8.369 -14.849 4.483 -8.704 -14.763 4.855 -7.783 -14.009 3.753 -10.526
5 24 12.204 -5.332 9.733 12.091 -3.456 11.499 11.423 -5.62 10.604 12.892 -3.224 10.848
5 24 -4.896 -11.389 3.852 -3.398 -11.638 2.444 -5.405 -11.002 3.388 -3.171 -11.752 3.693
5 24 -8.23 -7.648 .006 -11.169 -6.918 .886 -11.241 -6.686 -.879 -8.425 -7.652 1.348
5 24 -10.492 9.952 -12.008 -8.629 9.473 -9.569 -8.639 6.149 -9.618 -9.192 11.268 -9.192
5 24 -7.941 -6.666 -6.078 -8.421 -4.416 -5.927 -8.003 -6.349 -7.32 -8.253 -5.386 -5.168
5 24 -6.318 -7.168 11.139 -6.085 -5.991 14.037 -7.105 -5.236 12.873 -5.475 -8.486 11.819
5 24 -7.327 -7.757 -1.173 -8.856 -7.254 -1.323 -8.024 -7.49 -.265 -7.953 -7.067 -3.016
5 24 11.502 12.997 14.528 11.694 13.915 14.546 11.779 13.876 14.231 11.016 13.301 15.221
5 24 3.668 18.519 14.58 2.779 17.013 14.792 3.293 16.304 14.795 2.988 18.595 14.501
5 24 7.494 22.93 12.871 7.588 21.821 14.041 5.198 22.835 13.87 8.068 21.789 12.258
5 24 15.542 9.117 11.744 14.088 9.402 13.411 13.293 12.914 12.002 14.186 5.729 13.801
5 24 -16.595 10.938 3.631 -15.663 12.723 3.56 -15.419 11.085 2.754 -15.694 12.962 4.711
5 24 -15.033 -2.864 .254 -13.039 -5.416 1.009 -14.693 -3.224 1.78 -12.902 -5.254 -.931
5 24 -6.873 -7.854 .668 -6.476 -9.692 -.807 -6.404 -10.06 1.175 -6.928 -7.755 -.178
5 24 15.602 19.593 5.807 15.406 20.824 7.035 15.296 20.222 4.905 15.735 19.82 6.715
5 24 14.625 6.934 8.946 15.542 9.117 11.744 16.304 5.597 11.365 14.278 10.456 10.533
5 24 4.546 1.079 17.113 4.664 -1.797 17.445 5.818 -1.154 16.35 3.231 -.497 18.283
5 24 -4.21 14.505 15.229 -4.228 12.486 15.787 -4.593 12.776 15.128 -3.526 13.846 16.209
5 24 13.496 22.353 7.671 13.213 20.754 9.575 12.308 21.829 8.836 14.665 19.968 8.73
5 24 -2.259 -.683 17.164 -1.922 1.107 18.075 -.09 -.333 18.072 -5.374 2.841 17.184
5 24 -16.664 3.064 -2.037 -16.053 .466 -3.082 -16.632 2.899 -4.536 -16.372 1.448 -1.045
5 24 3.645 -7.31 -11.352 1.446 -8.853 -7.78 .042 -9.171 -9.978 4.519 -7.061 -8.578
5 24 9.053 -6.234 9.469 7.154 -8.223 9.664 8.979 -7.231 11.704 7.444 -7.495 8.086
5 24 -14.891 11.198 -3.052 -15.253 12.186 -4.459 -15.413 10.161 -4.848 -15.152 11.93 -2.68
5 24 11.752 14.952 13.925 11.241 13.822 12.933 11.779 13.876 14.231 11.147 15.172 13.165
5 24 -14.185 17.03 -6.682 -12.892 16.941 -5.556 -15.822 17.114 -4.879 -12.051 15.794 -8.97
5 24 -14.609 17.512 -2.367 -16.035 15.245 -1.374 -16.317 18.637 -.019 -14.645 16.882 -3.011
5 24 14.402 16.753 10.713 16.105 15.404 10.611 14.058 15.889 10.851 16.786 16.405 10.187
5 24 .49 14.254 17.803 .431 11.684 17.146 -.522 11.798 17.216 1.241 13.055 17.045
5 24 -16.284 .978 -6.127 -14.161 1.289 -6.765 -14.304 -2.361 -3.813 -14.763 4.855 -7.783
5 24 11.104 -4.441 -2.55 9.244 -6.82 -5.937 10.997 -5.092 -5.743 8.462 -6.116 -2.734
5 24 4.288 -7.784 8.591 4.816 -8.005 8.464 3.898 -8.185 7.784 4.492 -6.954 9.498
5 24 12.378 15.264 12.668 11.165 16.14 13 12.537 16.787 12.874 11.248 15.069 12.947
5 24 2.315 .033 -16.55 -.246 -.233 -16.124 3.297 2.356 -15.956 -.398 -1.592 -16.494
5 24 -7.099 -7.649 5.775 -6.448 -8.366 8.086 -6.046 -8.498 5.752 -7.749 -7.119 6.879
5 24 -9.707 -3.173 14.133 -9.007 -1.374 14.408 -8.437 -3.104 13.995 -10.254 -.652 14.665
5 24 -1.455 -11.392 3.586 .631 -11.381 2.274 -1.535 -11.622 2.119 .142 -10.924 4.093
5 24 -7.586 3.897 17.873 -4.943 8.213 16.829 -4.246 10.467 16.346 -6.539 3.21 18.042
5 24 13.365 19.848 12.946 15.064 20.493 12.341 14.372 19.064 12.767 13.347 21.33 11.749
5 24 .387 -3.985 17.119 -.8 -4.933 16.152 -1.576 -4.084 16.464 2.157 -4.993 16.523
5 24 -14.564 15.871 8.114 -15.789 17.263 7.555 -15.079 15.829 6.809 -15.28 17.136 8.895
5 24 -5.381 18.493 14.672 -6.438 20.378 15.356 -7.167 18.792 13.904 -3.808 19.765 15.152
5 24 6.497 12.691 16.564 7.532 10.597 15.636 5.359 12.314 16.858 7.531 12.281 15.108
5 24 11.614 20.256 16.361 10.592 21.874 15.759 11.099 20.084 17.009 11.476 21.676 14.994
5 24 -6.72 13.913 14.102 -7.885 10.194 14.754 -8.175 13.393 13.528 -5.965 12.281 15.247
5 24 10.447 10.452 -7.314 12.025 11.325 -8.454 10.403 9.676 -9.978 11.205 10.626 -6.181
5 24 6.293 18.893 14.7 4.87 18.747 15.173 5.086 17.809 15.486 5.073 20.133 15.114
5 24 -15.675 12.366 -1.863 -16.309 13.334 -2.361 -16.584 12.611 -.936 -15.152 11.93 -2.68
5 24 3.796 -10.362 -4.728 4.463 -8.055 -2.387 .656 -11.124 -2.888 6.479 -7.125 -2.646
5 24 15.367 20.246 9.216 14.345 21.054 10.349 14.665 19.968 8.73 15.7 21.052 10.75
5 24 -7.345 -4.291 -12.221 -7.808 -2.13 -10.727 -8.172 -3.691 -9.045 -7.444 -2.041 -11.934
5 24 -16.908 19.126 5.726 -15.729 21.297 4.381 -16.412 20.716 3.514 -16.351 19.761 6.392
5 24 -13.834 18.147 6.778 -15.061 19.46 9.571 -13.188 19.383 8.103 -15.558 18.603 8.554
5 24 -4.74 11.104 15.33 -6.349 10.049 15.599 -8.145 6.924 16.658 -5.965 12.281 15.247
5 24 -17.258 14.766 -3.441 -15.822 17.114 -4.879 -15.932 15.12 -5.284 -17.431 16.059 -2.215
5 24 -15.422 8.586 8.246 -15.434 7.824 6.486 -15.616 6.412 8.224 -15.456 9.616 6.627
5 24 -3.743 18.582 16.117 -4.224 16.689 15.719 -2.442 16.891 16.844 -4.886 17.471 14.375
5 24 -15.868 15.307 3.03 -15.932 16.067 3.73 -15.663 12.723 3.56 -15.368 16.855 2.326
5 24 11.016 13.301 15.221 11.502 12.997 14.528 11.694 13.915 14.546 10.667 11.846 15.074
5 24 -17.609 11.841 .786 -15.419 11.085 2.754 -15.663 12.723 3.56 -17.197 10.279 .025
5 24 3.515 -9.941 4.561 4.159 -8.727 4.094 4.412 -9.018 5.424 3.044 -10.268 3.888
5 24 -10.367 .944 -12.755 -11.981 -.167 -11.741 -12.743 3.826 -11.511 -10.062 -1.784 -11.361
5 24 11.551 11.732 14.019 11.502 12.997 14.528 11.205 11.693 14.458 11.562 12.926 13.957
5 24 -15.012 -4.244 4.612 -14.693 -3.224 1.78 -13.934 -5.852 2.939 -15.439 -.819 3.461
5 24 12.604 11.332 -6.537 11.45 10.534 -5.815 12.489 11.163 -5.697 11.205 10.626 -6.181
5 24 -16.595 10.938 3.631 -15.419 11.085 2.754 -15.663 12.723 3.56 -16.117 9.374 1.164
5 24 -16.72 3.278 6.94 -15.303 4.862 5.234 -15.167 4.551 6.936 -17.268 2.945 3.586
5 24 -12.146 22.357 10.668 -11.576 22.056 8.8 -11.266 22.597 9.606 -13.024 21.738 10.157
5 24 -15.009 -1.689 -1.629 -12.661 -4.317 -1.985 -12.902 -5.254 -.931 -14.304 -2.361 -3.813
5 24 2.06 17.131 15.213 2.045 18.728 15.408 2.988 18.595 14.501 1.098 18.827 16.342
5 24 -12.306 9.235 -10.756 -10.492 9.952 -12.008 -11.025 3.822 -12.564 -12.503 12.284 -9.856
5 24 7.532 10.597 15.636 8.983 10.196 15.62 7.531 12.281 15.108 8.446 8.192 16.325
5 24 14.372 19.064 12.767 15.064 20.493 12.341 15.587 19.835 12.357 13.365 19.848 12.946
5 24 -12.504 16.734 -2.495 -12.892 16.941 -5.556 -14.645 16.882 -3.011 -12.011 16.465 -4.975
5 24 7.243 8.955 -12.429 6.168 9.211 -11.214 7.238 9.398 -10.498 6.11 7.502 -13.821
5 24 13.496 22.353 7.671 14.665 19.968 8.73 13.213 20.754 9.575 14.757 20.151 8.212
5 24 -17.687 5.244 2.564 -15.303 4.862 5.234 -15.503 6.005 5.769 -16.555 3.597 .488
5 24 12.975 14.346 11.993 12.29 14.458 12.596 12.202 13.652 12.524 13.372 15.568 12.147
5 24 -8.694 .039 -12.603 -7.484 2.66 -9.941 -8.259 .245 -12.754 -8.053 3.033 -9.67
5 24 -8.37 -4.767 -6.945 -11.319 -3.152 -9.956 -11.384 -3.772 -7.38 -8.172 -3.691 -9.045
5 24 -4.224 16.689 15.719 -4.21 14.505 15.229 -3.27 15.273 16.289 -4.871 16.448 14.821
5 24 5.359 12.314 16.858 5.802 14.642 17.129 4.226 13.417 17.05 6.497 12.691 16.564
5 24 1.727 8.562 18.57 1.415 5.735 19.151 .01 8.396 18.585 2.985 5.844 18.931
5 24 -.522 11.798 17.216 -2.352 11.833 16.23 -.285 10.107 17.925 -1.656 13.789 16.71
5 24 -4.835 -9.943 7.542 -4.517 -11.421 6.925 -3.467 -9.951 8.957 -5.417 -10.282 5.865
5 24 -8.15 19.657 13.799 -7.988 21.538 11.813 -7.759 22.359 12.512 -8.185 19.594 13.209
5 24 -7.988 21.538 11.813 -4.975 22.048 12.011 -7.759 22.359 12.512 -7.141 21.26 10.563
5 24 5.416 -8.927 .832 2.181 -9.371 1.23 4.929 -8.923 -1.468 3.192 -8.81 1.991
5 24 1.098 18.827 16.342 1.439 21.579 17.511 2.321 20.516 16.132 -.978 21.372 17.824
5 24 -13.791 12.815 8.295 -14.363 13.187 7.761 -14.843 10.836 7.958 -13.187 14.898 8.424
5 24 -6.133 -8.568 2.854 -7.085 -8.227 3.082 -6.542 -8.654 3.586 -7.232 -8.209 2.356
5 24 9.178 -7.877 -2.005 6.479 -7.125 -2.646 7.052 -8.549 -1.802 8.462 -6.116 -2.734
5 24 -16.789 4.761 -3.047 -16.209 3.216 -.867 -16.009 5.341 -1.72 -16.664 3.064 -2.037
5 24 -3.171 -11.752 3.693 -3.594 -11.795 4.405 -4.896 -11.389 3.852 -2.907 -11.939 4.091
5 24 -13.773 -1.339 -7.798 -12.975 -1.586 -6.84 -14.161 1.289 -6.765 -11.384 -3.772 -7.38
5 24 -14.849 4.483 -8.704 -13.55 8.377 -9.907 -14.009 3.753 -10.526 -13.847 8.743 -8.06
5 24 6.479 -7.125 -2.646 3.796 -10.362 -4.728 7.236 -8.387 -5.854 4.463 -8.055 -2.387
5 24 11.83 -5.523 6.544 11.403 -7.031 6.332 12.651 -4.991 9.025 9.069 -7.002 2.947
5 24 13.169 18.378 12.93 13.365 19.848 12.946 14.372 19.064 12.767 11.544 19.149 13.163
5 24 9.088 5.573 -12.501 8.734 5.7 -13.305 9.32 7.283 -11.517 8.771 3.542 -13.287
5 24 -8.337 -8.397 5.162 -7.749 -7.119 6.879 -7.099 -7.649 5.775 -9.416 -8.311 6.312
5 24 -.064 1.572 -16.066 0 4 -13 3.458 4.033 -15.587 -2.717 3.169 -12.253
5 24 11.694 13.915 14.546 11.779 13.876 14.231 11.502 12.997 14.528 11.752 14.952 13.925
5 24 -14.993 15.014 -6.287 -13.062 14.389 -8.467 -13.699 13.354 -8.127 -14.185 17.03 -6.682
5 24 -8.024 -7.49 -.265 -8.23 -7.648 .006 -6.928 -7.755 -.178 -11.241 -6.686 -.879
5 24 12.02 9.899 14.047 11.118 9.746 14.92 11.205 11.693 14.458 11.635 7.625 14.668
5 24 -2.597 11.969 16.015 -3.51 11.105 16.351 -2.352 11.833 16.23 -3.526 13.846 16.209
5 24 8.455 5.062 16.036 9.899 4.942 15.704 9.632 7.872 16.017 10.05 2.07 14.867
5 24 14.71 18.121 8.357 14.526 18.246 6.654 15.031 18.795 7.839 14.486 17.238 6.891
5 24 11.165 16.14 13 10.775 16.259 13.733 11.082 17.211 13.053 11.147 15.172 13.165
5 24 -9.693 10.47 13.837 -8.467 13.406 11.898 -10.474 9.902 11.916 -8.175 13.393 13.528
5 24 -10.873 7.345 14.867 -9.508 7.086 15.915 -9.693 10.47 13.837 -10.714 3.71 15.426
5 24 -6.873 -7.854 .668 -8.425 -7.652 1.348 -8.23 -7.648 .006 -6.733 -7.913 1.634
5 24 3.224 20.218 14.574 2.045 18.728 15.408 2.321 20.516 16.132 2.988 18.595 14.501
5 24 9.688 19.495 11.962 9.257 20.457 10.759 8.407 20.917 11.606 11.931 20.422 10.485
5 24 14.088 9.402 13.411 12.011 10.828 12.729 13.293 12.914 12.002 12.282 7.768 13.64
5 24 5.479 -5.396 11.904 6.668 -6.247 12.315 4.881 -6.271 10.309 5.998 -4.27 13.493
5 24 3.926 20.708 14.601 3.668 18.519 14.58 3.224 20.218 14.574 5.073 20.133 15.114
5 24 -5.405 -11.002 3.388 -3.894 -11.062 1.857 -5.597 -10.315 2.517 -3.398 -11.638 2.444
5 24 -6.72 13.913 14.102 -7.71 15.879 14.431 -8.03 15.609 13.58 -5.58 14.514 14.894
5 24 10.387 14.084 15.401 11.328 14.069 15.066 11.016 13.301 15.221 10.964 15.078 15.259
5 24 -7.774 -6.816 -4.771 -8.253 -5.386 -5.168 -7.941 -6.666 -6.078 -8.054 -6.309 -4.385
5 24 -6.318 -7.168 11.139 -7.214 -7.331 10.891 -6.278 -8.293 8.822 -7.105 -5.236 12.873
5 24 -14.313 10.207 -7.379 -13.322 10.984 -7.657 -13.847 8.743 -8.06 -14.294 12.718 -6.192
5 24 1.332 3.223 18.004 1.025 1.108 18.819 -1.467 3.021 18.782 3.431 1.585 17.661
5 24 11.01 6.971 -10.807 10.403 9.676 -9.978 9.721 7.185 -11.074 12.631 8.572 -10.009
5 24 -2.977 -9.359 -5.98 -2.056 -9.433 -8.573 -3.967 -9.255 -6.972 -.697 -9.311 -6.995
5 24 10.964 15.078 15.259 10.001 15.614 14.561 10.775 16.259 13.733 9.603 15.035 14.988
5 24 -7.967 -5.558 -9.702 -8.37 -4.767 -6.945 -8.003 -6.349 -7.32 -8.172 -3.691 -9.045
5 24 -16.7 13.053 -.611 -16.803 13.324 -1.234 -16.619 13.551 -.664 -16.584 12.611 -.936
5 24 -9.565 -8.196 2.702 -9.887 -8.217 1.96 -7.232 -8.209 2.356 -11.675 -7.46 3.016
5 24 -3.171 -11.752 3.693 -3.398 -11.638 2.444 -1.535 -11.622 2.119 -4.896 -11.389 3.852
5 24 -13.62 -2.983 -4.794 -12.975 -1.586 -6.84 -12.097 -3.487 -6.217 -14.161 1.289 -6.765
5 24 .796 -4.262 -14.173 4.442 -3.759 -14.364 3.336 -1.997 -14.52 2.081 -6.573 -13.864
5 24 9.349 20.854 17.123 10.592 21.874 15.759 11.099 20.084 17.009 9.708 21.673 16.22
5 24 -7.886 21.839 15.363 -6.438 20.378 15.356 -8.15 19.657 13.799 -7.091 21.985 15.935
5 24 3.668 18.519 14.58 2.988 18.595 14.501 3.224 20.218 14.574 2.779 17.013 14.792
5 24 4.113 -5.016 13.971 4.172 -7.869 11.416 4.492 -6.954 9.498 3.305 -6.377 15.328
5 24 -.004 -6.812 15.183 -2.864 -2.754 15.565 -1.132 -6.835 12.66 -.8 -4.933 16.152
5 24 -6.305 -8.355 4.911 -6.408 -8.717 4.19 -7.099 -7.649 5.775 -5.627 -8.904 5.501
5 24 -11.43 9.956 11.428 -12.193 12.96 11.27 -10.348 12.808 11.385 -12.92 10.129 11.195
5 24 -15.703 19.443 2.195 -15.368 16.855 2.326 -16.343 17.672 3.695 -14.861 18.794 1.513
5 24 -3.51 11.105 16.351 -2.352 11.833 16.23 -2.345 8.006 16.875 -2.597 11.969 16.015
5 24 -12.097 -3.487 -6.217 -11.316 -3.397 -6.533 -10.568 -5.375 -5.431 -12.975 -1.586 -6.84
5 24 13.565 .897 12.985 12.143 1.604 13.908 12.284 2.591 13.66 11.852 -.234 13.142
5 24 9.434 17.127 15.68 6.253 17.245 15.273 6.789 15.074 15.15 7.582 18.989 16.063
5 24 -16.284 .978 -6.127 -14.763 4.855 -7.783 -15.292 6.57 -7.682 -14.161 1.289 -6.765
5 24 -11.44 -8.217 5.227 -11.726 -6.989 8.245 -12.821 -6.645 7.266 -10.533 -8.359 5.833
5 24 -11.726 -6.989 8.245 -13.027 -5.028 9.196 -12.172 -5.208 9.959 -12.821 -6.645 7.266
5 24 -15.694 12.962 4.711 -15.663 12.723 3.56 -16.595 10.938 3.631 -15.932 16.067 3.73
5 24 16.636 3.469 5.12 15.736 1.989 5.934 16.509 4.459 7.745 16.328 1.677 3.211
5 24 -12.193 12.96 11.27 -13.155 15.282 12.325 -12.27 13.737 12.926 -13.196 14.269 10.417
5 24 -15.616 6.412 8.224 -15.434 7.824 6.486 -15.422 8.586 8.246 -15.503 6.005 5.769
5 24 -14.887 4.552 7.973 -16.72 3.278 6.94 -15.746 2.455 10.224 -15.167 4.551 6.936
5 24 -3.967 -9.255 -6.972 -4.928 -8.745 -7.917 -3.464 -8.706 -10.017 -5.212 -9.032 -5.231
5 24 -6.785 -7.017 -9.388 -5.51 -7.415 -8.417 -7.155 -7.312 -6.599 -4.42 -6.894 -10.442
5 24 -9.231 -8.069 3.362 -9.342 -8.66 4.363 -7.085 -8.227 3.082 -11.182 -7.566 3.811
5 24 2.985 5.844 18.931 2.602 3.988 18.967 1.415 5.735 19.151 3.5 4.125 18.722
5 24 -14.993 15.014 -6.287 -14.185 17.03 -6.682 -13.062 14.389 -8.467 -15.822 17.114 -4.879
5 24 14.515 17.381 12.244 13.169 18.378 12.93 13.698 16.454 12.35 14.372 19.064 12.767
5 24 -3.27 15.273 16.289 -1.946 14.193 15.578 -2.442 16.891 16.844 -3.526 13.846 16.209
5 24 13.88 18.064 4.696 14.526 18.246 6.654 14.208 18.779 4.677 14.486 17.238 6.891
5 24 -15.719 -2.602 7.418 -15.439 -.819 3.461 -15.012 -4.244 4.612 -15.658 .464 5.533
5 24 -4.228 12.486 15.787 -4.593 12.776 15.128 -4.74 11.104 15.33 -4.21 14.505 15.229
5 24 4.541 5.939 18.833 5.193 5.887 18.071 3.426 8.768 18.771 4.378 4.223 18.558
5 24 -10.714 3.71 15.426 -9.695 3.392 16.182 -10.147 2.885 15.718 -9.508 7.086 15.915
5 24 -12.892 16.941 -5.556 -12.051 15.794 -8.97 -14.185 17.03 -6.682 -10.479 15.381 -7.268
5 24 10.768 -7.183 7.671 12.651 -4.991 9.025 11.403 -7.031 6.332 12.204 -5.332 9.733
5 24 -7.885 10.194 14.754 -9.508 7.086 15.915 -9.693 10.47 13.837 -8.145 6.924 16.658
5 24 16.68 5.513 -.706 14.138 4.986 -4.262 15.208 2.816 -3.683 14.86 7.208 -2.056
5 24 -6.17 -7.629 -5.691 -5.825 -8.599 -5.489 -4.928 -8.745 -7.917 -6.448 -7.745 -4.368
5 24 -15.292 6.57 -7.682 -14.763 4.855 -7.783 -16.284 .978 -6.127 -13.847 8.743 -8.06
5 24 -15.033 -2.864 .254 -15.009 -1.689 -1.629 -12.902 -5.254 -.931 -16.437 -.105 1.699
5 24 -10.311 2.16 14.52 -11.691 .153 14.612 -10.931 4.01 14.034 -10.254 -.652 14.665
5 24 -8.15 19.657 13.799 -6.438 20.378 15.356 -7.886 21.839 15.363 -7.167 18.792 13.904
5 24 7.471 -2.996 15.411 7.213 -4.679 14.353 6.213 -2.91 14.658 10.094 -5.456 13.624
5 24 13.496 22.353 7.671 11.726 20.178 5.402 12.827 20.985 5.374 10.459 21.05 7.297
5 24 -12.835 -2.917 11.508 -13.467 -1.974 10.882 -13.087 -3.456 10.827 -12.695 -1.147 11.779
5 24 -15.503 6.005 5.769 -15.167 4.551 6.936 -15.616 6.412 8.224 -15.303 4.862 5.234
5 24 -4.593 12.776 15.128 -5.58 14.514 14.894 -4.446 14.448 14.927 -5.965 12.281 15.247
5 24 3.898 -8.185 7.784 4.23 -8.494 7.123 5.11 -8.746 7.417 2.736 -9.266 5.935
5 24 -6.271 23.38 14.013 -7.091 21.985 15.935 -7.509 23.098 13.736 -5.885 22.317 15.868
5 24 16.636 3.469 5.12 15.587 3.939 2.809 16.328 1.677 3.211 16.247 4.784 4.587
5 24 16.041 19.189 11.952 15.7 21.052 10.75 16.357 19.285 9.998 15.587 19.835 12.357
5 24 13.213 20.754 9.575 13.347 21.33 11.749 14.345 21.054 10.349 11.931 20.422 10.485
5 24 -14.887 4.552 7.973 -15.368 4.481 9.839 -15.746 2.455 10.224 -15.047 6.236 9.072
5 24 -4.74 11.104 15.33 -5.965 12.281 15.247 -4.593 12.776 15.128 -6.349 10.049 15.599
5 24 11.241 13.822 12.933 12.202 13.652 12.524 12.29 14.458 12.596 11.237 12.947 12.923
5 24 -9.416 -8.311 6.312 -8.991 -6.237 8.834 -10.408 -7.222 9.166 -7.749 -7.119 6.879
5 24 11.544 19.149 13.163 13.365 19.848 12.946 13.169 18.378 12.93 10.848 20.055 12.777
5 24 2.658 10.818 17.119 1.394 11.56 17.24 2.44 10.186 18.037 1.241 13.055 17.045
5 24 2.44 10.186 18.037 2.658 10.818 17.119 4.056 9.214 17.684 1.394 11.56 17.24
5 24 -13.558 -3.73 8.235 -13.97 -4.808 5.179 -13.092 -5.415 5.715 -14.668 -3.283 7.905
5 24 -13.467 -1.974 10.882 -14.596 -1.488 10.645 -13.558 -3.73 8.235 -13.098 .085 12.019
5 24 -5.58 14.514 14.894 -7.71 15.879 14.431 -7.006 16.632 14.845 -6.72 13.913 14.102
5 24 10.094 -5.456 13.624 7.471 -2.996 15.411 10.531 -2.344 15.374 7.213 -4.679 14.353
5 24 1.394 11.56 17.24 1.082 10.105 17.862 .431 11.684 17.146 2.44 10.186 18.037
5 24 11.852 -.234 13.142 12.143 1.604 13.908 10.782 2.127 14.731 13.565 .897 12.985
5 24 11.779 13.876 14.231 11.241 13.822 12.933 11.752 14.952 13.925 11.562 12.926 13.957
5 24 .796 -4.262 -14.173 -1.726 -8.604 -12.128 2.081 -6.573 -13.864 -3.125 -6.244 -12.338
5 24 10.592 21.874 15.759 7.737 20.65 13.746 9.708 21.673 16.22 8.464 19.95 12.852
5 24 -10.254 -.652 14.665 -9.384 .597 14.747 -9.007 -1.374 14.408 -10.311 2.16 14.52
5 24 12.388 7.055 -8.35 15.331 7.162 -6.101 13.267 8.457 -6.925 14.257 4.66 -8.537
5 24 -17.197 10.279 .025 -14.891 11.198 -3.052 -16.402 7.655 -1.695 -15.152 11.93 -2.68
5 24 14.362 -.303 6.182 15.318 -1.665 8.508 15.239 1.76 7.622 14.106 -3.233 6.964
5 24 -10.408 -7.222 9.166 -8.991 -6.237 8.834 -10.046 -4.814 10.62 -9.416 -8.311 6.312
5 24 -15.932 16.067 3.73 -15.368 16.855 2.326 -15.868 15.307 3.03 -16.343 17.672 3.695
5 24 -7.806 -.011 17.122 -6.539 3.21 18.042 -6.482 -.016 17.637 -7.586 3.897 17.873
5 24 -13.114 2.658 13.385 -14.562 3.491 12.438 -13.098 .085 12.019 -13.469 4.029 13.702
5 24 -14.82 10.235 -6.216 -14.294 12.718 -6.192 -14.822 12.329 -5.305 -14.313 10.207 -7.379
5 24 -11.169 -6.918 .886 -12.25 -7.396 2.093 -9.887 -8.217 1.96 -13.039 -5.416 1.009
5 24 -9.192 11.268 -9.192 -10.814 13.164 -10.821 -12.051 15.794 -8.97 -10.492 9.952 -12.008
5 24 8.535 -4.161 -9.446 7.411 -3.989 -10.202 8.363 -1.61 -11.067 4.519 -7.061 -8.578
5 24 -11.572 -2.02 11.891 -12.835 -2.917 11.508 -11.274 -2.736 11.553 -12.695 -1.147 11.779
5 24 4.519 -7.061 -8.578 6.546 -7.039 -7.846 6.457 -6.108 -8.315 2.563 -9.243 -7.071
5 24 16.766 16.744 6.928 14.486 17.238 6.891 14.877 17.019 6.305 16.604 17.811 8.435
5 24 -5.965 12.281 15.247 -7.885 10.194 14.754 -6.72 13.913 14.102 -6.349 10.049 15.599
5 24 -7.527 -6.932 -3.163 -8.716 -6.6 -4.053 -8.054 -6.309 -4.385 -7.953 -7.067 -3.016
5 24 -8.639 6.149 -9.618 -11.025 3.822 -12.564 -10.492 9.952 -12.008 -8.444 4 -9.692
5 24 -9.342 -8.66 4.363 -10.533 -8.359 5.833 -11.44 -8.217 5.227 -8.696 -8.534 4.835
5 24 -13.558 -3.73 8.235 -14.668 -3.283 7.905 -14.596 -1.488 10.645 -13.97 -4.808 5.179
5 24 -13.196 14.269 10.417 -13.187 14.898 8.424 -13.791 12.815 8.295 -12.712 16.636 9.493
5 24 -15.292 6.57 -7.682 -13.847 8.743 -8.06 -14.313 10.207 -7.379 -14.763 4.855 -7.783
5 24 -10.348 12.808 11.385 -11.43 9.956 11.428 -12.193 12.96 11.27 -10.474 9.902 11.916
5 24 11.458 4.813 15.345 11.935 4.975 14.536 11.635 7.625 14.668 11.798 2.208 14.543
5 24 -14.926 1.464 -8.369 -14.161 1.289 -6.765 -14.763 4.855 -7.783 -13.773 -1.339 -7.798
5 24 -13.196 14.269 10.417 -13.791 12.815 8.295 -13.187 14.898 8.424 -14.077 11.01 9.622
5 24 6.259 -4.185 -12.465 8.363 -1.61 -11.067 7.515 -1.673 -12.971 7.411 -3.989 -10.202
5 24 -14.926 1.464 -8.369 -14.763 4.855 -7.783 -14.849 4.483 -8.704 -14.161 1.289 -6.765
5 24 -15.661 7.317 -6.12 -14.313 10.207 -7.379 -14.82 10.235 -6.216 -15.292 6.57 -7.682
5 24 -3.743 18.582 16.117 -1.476 18.141 16.196 -2.442 16.891 16.844 -2.736 19.304 15.067
5 24 15.685 9.653 3.763 16.991 9.086 6.331 19.311 6.709 5.732 15.122 9.426 5.545
5 24 -3.808 19.765 15.152 -3.887 21.995 13.991 -5.196 21.199 15.775 -3.005 21.28 13.513
5 24 -9.508 7.086 15.915 -9.695 3.392 16.182 -8.145 6.924 16.658 -10.714 3.71 15.426
5 24 7.531 12.281 15.108 9.603 15.035 14.988 9.459 12.817 15.103 6.789 15.074 15.15
5 24 12.81 -3.726 9.166 12.892 -3.224 10.848 12.651 -4.991 9.025 12.999 -1.172 12.33
5 24 13.293 12.914 12.002 14.183 12.749 10.892 12.965 13.481 11.913 15.542 9.117 11.744
5 24 -13.039 -5.416 1.009 -12.25 -7.396 2.093 -13.934 -5.852 2.939 -11.169 -6.918 .886
5 24 14.257 4.66 -8.537 14.138 4.986 -4.262 15.331 7.162 -6.101 13.201 .847 -5.741
5 24 -15.28 17.136 8.895 -15.789 17.263 7.555 -15.617 17.949 9.334 -14.564 15.871 8.114
5 24 11.237 12.947 12.923 12.171 12.135 12.484 12.011 10.828 12.729 12.202 13.652 12.524
5 24 -9.693 10.47 13.837 -9.508 7.086 15.915 -7.885 10.194 14.754 -10.873 7.345 14.867
5 24 12.81 -3.726 9.166 12.651 -4.991 9.025 11.83 -5.523 6.544 12.892 -3.224 10.848
5 24 -10.985 -5.971 -2.661 -8.716 -6.6 -4.053 -9.674 -6.099 -4.795 -9.96 -6.71 -1.943
5 24 16.332 13.264 5.381 16.196 11.899 3.006 16.478 15.157 1.942 15.685 9.653 3.763
5 24 2.44 10.186 18.037 1.727 8.562 18.57 1.082 10.105 17.862 3.426 8.768 18.771
5 24 -1.132 -6.835 12.66 -3.085 -9.063 11.663 -1.653 -8.739 11.006 -3.077 -6.66 14.08
5 24 -5.302 -9.892 8.363 -5.936 -9.892 7.69 -5.999 -9.532 8.478 -4.835 -9.943 7.542
5 24 3.018 12.843 17.576 1.241 13.055 17.045 2.658 10.818 17.119 2.191 14.524 18.26
5 24 -6.688 -7.814 -3.033 -7.305 -7.359 -3.779 -6.845 -7.765 -1.511 -6.448 -7.745 -4.368
5 24 5.11 -8.746 7.417 5.829 -8.414 6.785 4.412 -9.018 5.424 7.444 -7.495 8.086
5 24 10.531 -2.344 15.374 7.471 -2.996 15.411 7.48 -1.062 16.105 10.094 -5.456 13.624
5 24 8.285 .922 -13.272 7.927 3.641 -14.36 8.771 3.542 -13.287 7.048 1.109 -14.618
5 24 -13.834 18.147 6.778 -13.449 20.292 6.57 -14.808 18.688 6.559 -12.518 19.663 6.893
5 24 5.359 12.314 16.858 6.497 12.691 16.564 5.802 14.642 17.129 7.532 10.597 15.636
5 24 4.811 16.6 17.45 3.293 16.304 14.795 5.086 17.809 15.486 3.104 15.153 16.966
5 24 2.573 -10.595 3.214 3.98 -7.972 2.25 3.192 -8.81 1.991 3.918 -8.387 2.834
5 24 -15.789 17.263 7.555 -15.617 17.949 9.334 -15.28 17.136 8.895 -15.558 18.603 8.554
5 24 4.172 -7.869 11.416 -.326 -10.453 11.399 .52 -8.715 13.516 3.302 -9.684 8.572
5 24 -9.384 .597 14.747 -10.147 2.885 15.718 -10.311 2.16 14.52 -9.202 1.81 15.525
5 24 -11.981 -.167 -11.741 -10.062 -1.784 -11.361 -10.367 .944 -12.755 -13.23 -1.026 -10.604
5 24 15.318 -1.665 8.508 12.81 -3.726 9.166 14.106 -3.233 6.964 12.999 -1.172 12.33
5 24 11.562 12.926 13.957 11.779 13.876 14.231 11.241 13.822 12.933 11.502 12.997 14.528
5 24 -13.161 21.308 9.432 -11.984 21.545 8.38 -13.188 19.383 8.103 -11.576 22.056 8.8
5 24 -8.259 .245 -12.754 -7.444 -2.041 -11.934 -5.674 -1.974 -14.306 -7.808 -2.13 -10.727
5 24 16.111 12.237 8.866 14.278 10.456 10.533 14.183 12.749 10.892 15.679 10.543 8.519
5 24 12.892 -3.224 10.848 12.091 -3.456 11.499 12.204 -5.332 9.733 12.847 -2.153 12.019
5 24 -16.595 10.938 3.631 -16.117 9.374 1.164 -17.355 8.822 1.23 -15.419 11.085 2.754
5 24 3.104 15.153 16.966 2.779 17.013 14.792 3.293 16.304 14.795 2.191 14.524 18.26
5 24 13.213 20.754 9.575 14.345 21.054 10.349 14.665 19.968 8.73 13.347 21.33 11.749
5 24 -7.167 18.792 13.904 -6.438 20.378 15.356 -5.381 18.493 14.672 -8.15 19.657 13.799
5 24 -15.719 -2.602 7.418 -15.726 .879 6.727 -15.658 .464 5.533 -15.747 -.783 10.2
5 24 15.674 18.191 9.404 16.786 16.405 10.187 16.604 17.811 8.435 14.402 16.753 10.713
5 24 -3.467 -9.951 8.957 -1.462 -11.158 9.951 -1.653 -8.739 11.006 -2.729 -11.683 8.439
5 24 -15.079 15.829 6.809 -15.311 15.082 5.827 -14.914 14.638 6.744 -14.701 16.334 6.208
5 24 -14.363 13.187 7.761 -15.198 12.385 6.663 -14.914 14.638 6.744 -14.843 10.836 7.958
5 24 -7.967 -5.558 -9.702 -8.172 -3.691 -9.045 -7.345 -4.291 -12.221 -8.37 -4.767 -6.945
5 24 -17.355 8.822 1.23 -16.505 7.103 -1.233 -17.295 6.809 -.83 -16.117 9.374 1.164
5 24 -17.489 15.566 1.173 -16.035 15.245 -1.374 -16.081 14.308 -1.457 -17.149 17.111 .65
5 24 10.782 2.127 14.731 12.143 1.604 13.908 11.798 2.208 14.543 11.852 -.234 13.142
5 24 -13.794 6.901 13.137 -11.43 9.956 11.428 -12.92 10.129 11.195 -12.252 5.356 13.651
5 24 -12.252 5.356 13.651 -11.43 9.956 11.428 -13.794 6.901 13.137 -10.474 9.902 11.916
5 24 -12.252 5.356 13.651 -13.469 4.029 13.702 -13.794 6.901 13.137 -12.471 3.677 13.636
5 24 -11.446 2.71 13.733 -12.471 3.677 13.636 -10.931 4.01 14.034 -12.404 2.501 13.396
5 24 -.47 -3.528 -15.671 .796 -4.262 -14.173 1.703 -1.878 -16.02 -2.603 -4.723 -14.919
5 24 12.999 -1.172 12.33 11.852 -.234 13.142 10.71 -1.807 12.643 13.565 .897 12.985
5 24 -13.161 21.308 9.432 -12.23 19.509 10.202 -13.188 19.383 8.103 -13.024 21.738 10.157
5 24 7.494 22.93 12.871 4.975 21.846 12.011 5.198 22.835 13.87 6.436 21.472 11.035
5 24 -.8 -4.933 16.152 -2.864 -2.754 15.565 -1.576 -4.084 16.464 -.004 -6.812 15.183
5 24 16.509 4.459 7.745 15.239 1.76 7.622 15.858 5.141 9.154 15.736 1.989 5.934
5 24 5.818 -1.154 16.35 5.733 -3.401 15.956 4.664 -1.797 17.445 6.213 -2.91 14.658
5 24 -7.228 -7.332 -5.185 -7.774 -6.816 -4.771 -7.941 -6.666 -6.078 -7.305 -7.359 -3.779
5 24 1.773 -2.099 17.764 2.484 -1.324 18.063 -.09 -.333 18.072 3.56 -3.164 17.169
5 24 15.296 20.222 4.905 12.827 20.985 5.374 14.208 18.779 4.677 14.624 21.399 5.326
5 24 -8.48 17.986 12.785 -10.141 17.58 12.12 -10.119 16.291 12.32 -10.09 20.739 12.134
5 24 -13.449 20.292 6.57 -12.011 20.036 4.975 -12.518 19.663 6.893 -13.663 20.926 5.304
5 24 -16.372 1.448 -1.045 -16.053 .466 -3.082 -16.664 3.064 -2.037 -15.009 -1.689 -1.629
5 24 -4.262 -8.853 11.779 -4.592 -6.343 14.08 -3.077 -6.66 14.08 -5.475 -8.486 11.819
5 24 9.349 20.854 17.123 7.737 20.65 13.746 7.582 18.989 16.063 9.708 21.673 16.22
5 24 -15.57 20.864 5.875 -14.808 18.688 6.559 -13.449 20.292 6.57 -16.351 19.761 6.392
5 24 1.394 11.56 17.24 .431 11.684 17.146 1.082 10.105 17.862 1.241 13.055 17.045
5 24 -14.926 1.464 -8.369 -14.009 3.753 -10.526 -14.849 4.483 -8.704 -13.23 -1.026 -10.604
5 24 -4.393 3.894 17.961 -3.114 5.259 18.461 -1.467 3.021 18.782 -4.943 8.213 16.829
5 24 -4.975 22.048 12.011 -7.759 22.359 12.512 -5.493 22.628 12.702 -7.988 21.538 11.813
5 24 -13.098 .085 12.019 -14.027 .494 11.554 -14.608 2.316 11.59 -14.596 -1.488 10.645
5 24 -15.033 -2.864 .254 -14.693 -3.224 1.78 -13.039 -5.416 1.009 -16.437 -.105 1.699
5 24 10.001 15.614 14.561 9.434 17.127 15.68 9.603 15.035 14.988 10.475 17.18 14.021
5 24 -8.48 17.986 12.785 -8.185 19.594 13.209 -10.09 20.739 12.134 -7.69 18.597 13.449
5 24 11.147 15.172 13.165 11.556 15.361 14.41 11.752 14.952 13.925 10.775 16.259 13.733
5 24 -3.298 19.217 14.776 -3.743 18.582 16.117 -4.886 17.471 14.375 -2.736 19.304 15.067
5 24 8.446 8.192 16.325 9.632 7.872 16.017 9.604 10.018 15.575 8.455 5.062 16.036
5 24 -11.025 3.822 -12.564 -8.444 4 -9.692 -10.367 .944 -12.755 -8.639 6.149 -9.618
5 24 -5.374 2.841 17.184 -4.393 3.894 17.961 -1.922 1.107 18.075 -4.943 8.213 16.829
5 24 -15.502 18.117 5.524 -16.908 19.126 5.726 -17.087 19.024 4.397 -16.351 19.761 6.392
5 24 -16.063 7.908 -4.615 -15.661 7.317 -6.12 -16.789 4.761 -3.047 -14.82 10.235 -6.216
5 24 -13.938 20.892 3.814 -14.517 20.213 2.558 -12.331 20.392 3.365 -15.729 21.297 4.381
5 24 -14.517 20.213 2.558 -14.861 18.794 1.513 -15.703 19.443 2.195 -12.82 19.265 .904
5 24 16.559 13.8 8.782 14.183 12.749 10.892 16.105 15.404 10.611 16.111 12.237 8.866
5 24 14.8 1.458 -.189 14.891 2.818 1.093 15.873 -.036 1.229 14.584 2.151 -.046
5 24 14.486 17.238 6.891 14.526 18.246 6.654 14.71 18.121 8.357 13.88 18.064 4.696
5 24 2.484 -1.324 18.063 3.56 -3.164 17.169 1.773 -2.099 17.764 4.135 -2.523 17.4
5 24 -12.193 12.96 11.27 -13.196 14.269 10.417 -13.155 15.282 12.325 -14.077 11.01 9.622
5 24 .387 -11.783 5.226 -1.462 -11.158 9.951 2.381 -10.633 6.747 -2.729 -11.683 8.439
5 24 -12.92 10.129 11.195 -14.077 11.01 9.622 -15.089 7.067 11.627 -12.193 12.96 11.27
5 24 -14.562 3.491 12.438 -14.608 2.316 11.59 -13.098 .085 12.019 -14.926 3.948 10.935
5 24 12.02 9.899 14.047 11.635 7.625 14.668 11.118 9.746 14.92 12.282 7.768 13.64
5 24 1.082 10.105 17.862 1.727 8.562 18.57 2.44 10.186 18.037 .01 8.396 18.585
5 24 -13.794 6.901 13.137 -15.016 5.293 12.166 -13.469 4.029 13.702 -15.089 7.067 11.627
5 24 13.293 12.914 12.002 12.011 10.828 12.729 14.088 9.402 13.411 12.171 12.135 12.484
5 24 5.273 -5.339 13.81 5.998 -4.27 13.493 5.679 -4.752 14.215 5.479 -5.396 11.904
5 24 11.118 9.746 14.92 11.205 11.693 14.458 10.667 11.846 15.074 12.02 9.899 14.047
5 24 14.318 1.505 -1.876 14.191 .139 -2.67 12.322 -1.112 -5.375 14.8 1.458 -.189
5 24 -15.303 4.862 5.234 -17.268 2.945 3.586 -16.72 3.278 6.94 -16.555 3.597 .488
5 24 10.475 17.18 14.021 9.434 17.127 15.68 10.001 15.614 14.561 10.852 18.672 14.408
5 24 3.426 8.768 18.771 4.056 9.214 17.684 2.44 10.186 18.037 5.193 5.887 18.071
5 24 11.01 6.971 -10.807 11.4 5.728 -9.793 12.388 7.055 -8.35 9.842 4.799 -11.513
5 24 1.617 -10.998 2.739 2.181 -9.371 1.23 3.192 -8.81 1.991 .631 -11.381 2.274
5 24 14.665 19.968 8.73 15.674 18.191 9.404 15.952 18.648 9.643 14.71 18.121 8.357
5 24 -15.016 5.293 12.166 -14.926 3.948 10.935 -14.562 3.491 12.438 -15.368 4.481 9.839
5 24 -6.278 -8.293 8.822 -8.176 -7.389 10.506 -7.214 -7.331 10.891 -6.448 -8.366 8.086
5 24 -14.861 18.794 1.513 -17.149 17.111 .65 -16.317 18.637 -.019 -15.368 16.855 2.326
5 24 4.028 2.455 18.098 4.945 3.566 17.878 5.006 1.257 17.093 4.378 4.223 18.558
5 24 -4.79 .106 16.344 -3.04 -1.87 16.019 -2.875 -1.43 16.425 -2.864 -2.754 15.565
5 24 -12.404 2.501 13.396 -12.376 .229 12.48 -13.114 2.658 13.385 -11.638 .228 13.071
5 24 13.721 14.831 10.989 16.105 15.404 10.611 14.058 15.889 10.851 14.183 12.749 10.892
5 24 .431 11.684 17.146 1.082 10.105 17.862 1.394 11.56 17.24 -.285 10.107 17.925
5 24 -5.947 -8.847 -3.624 -6.313 -8.799 -2.262 -6.73 -8.146 -1.705 -5.44 -9.048 -3.611
5 24 12.171 12.135 12.484 12.202 13.652 12.524 12.965 13.481 11.913 11.237 12.947 12.923
5 24 -6.845 -7.765 -1.511 -6.688 -7.814 -3.033 -7.305 -7.359 -3.779 -6.73 -8.146 -1.705
5 24 8.918 -5.331 -7.438 9.244 -6.82 -5.937 10.997 -5.092 -5.743 6.546 -7.039 -7.846
5 24 .142 -10.924 4.093 1.617 -10.998 2.739 .631 -11.381 2.274 1.638 -10.125 4.801
5 24 7.236 -8.387 -5.854 6.479 -7.125 -2.646 3.796 -10.362 -4.728 8.462 -6.116 -2.734
5 24 -15.096 14.142 -4.352 -14.294 12.718 -6.192 -13.909 13.746 -5.623 -14.822 12.329 -5.305
5 24 6.546 -7.039 -7.846 9.244 -6.82 -5.937 7.236 -8.387 -5.854 8.918 -5.331 -7.438
5 24 2.602 3.988 18.967 1.332 3.223 18.004 4.028 2.455 18.098 1.415 5.735 19.151
5 24 .01 8.396 18.585 -.227 4.851 17.856 -1.652 6.611 17.232 1.415 5.735 19.151
5 24 2.602 3.988 18.967 3.5 4.125 18.722 2.985 5.844 18.931 4.028 2.455 18.098
5 24 -6.542 -8.654 3.586 -6.408 -8.717 4.19 -8.696 -8.534 4.835 -5.45 -9.533 3.808
5 24 -14.701 16.334 6.208 -15.079 15.829 6.809 -15.311 15.082 5.827 -13.834 18.147 6.778
5 24 17.968 6.181 8.231 16.229 5.357 6.479 15.5 6.001 8.021 18.225 5.495 6.265
5 24 -17.197 10.279 .025 -16.117 9.374 1.164 -15.419 11.085 2.754 -16.505 7.103 -1.233
5 24 -14.914 14.638 6.744 -15.311 15.082 5.827 -16.246 12.614 5.573 -15.079 15.829 6.809
5 24 13.565 .897 12.985 11.852 -.234 13.142 12.999 -1.172 12.33 12.143 1.604 13.908
5 24 5.818 -1.154 16.35 4.664 -1.797 17.445 4.546 1.079 17.113 5.733 -3.401 15.956
5 24 -5.914 -6.469 -11.619 -3.125 -6.244 -12.338 -4.584 -5.78 -13.415 -4.42 -6.894 -10.442
5 24 6.497 12.691 16.564 7.531 12.281 15.108 7.532 10.597 15.636 6.789 15.074 15.15
5 24 14.318 1.505 -1.876 15.208 2.816 -3.683 12.322 -1.112 -5.375 14.584 2.151 -.046
5 24 -7.927 -3.427 15.361 -9.007 -1.374 14.408 -8.437 -3.104 13.995 -9.082 .045 16.508
5 24 15.296 20.222 4.905 15.406 20.824 7.035 14.888 21.781 6.304 15.602 19.593 5.807
5 24 -10.492 9.952 -12.008 -9.192 11.268 -9.192 -8.629 9.473 -9.569 -10.814 13.164 -10.821
5 24 12.011 11 -4.975 13.474 11.209 -5.128 14.566 14.881 -1.461 12.489 11.163 -5.697
5 24 -11.241 -6.686 -.879 -12.902 -5.254 -.931 -12.661 -4.317 -1.985 -13.039 -5.416 1.009
5 24 -8.176 -7.389 10.506 -10.046 -4.814 10.62 -8.991 -6.237 8.834 -9.715 -5.788 12.701
5 24 -.398 -1.592 -16.494 -.246 -.233 -16.124 2.315 .033 -16.55 -3.263 -1.473 -15.35
5 24 -12.902 -5.254 -.931 -12.661 -4.317 -1.985 -15.009 -1.689 -1.629 -11.241 -6.686 -.879
5 24 3.018 12.843 17.576 2.658 10.818 17.119 1.241 13.055 17.045 4.245 11.428 17.924
5 24 -13.449 20.292 6.57 -14.808 18.688 6.559 -15.57 20.864 5.875 -13.834 18.147 6.778
5 24 -3.894 -11.062 1.857 -6.404 -10.06 1.175 -5.325 -10.875 -1.189 -5.597 -10.315 2.517
5 24 -6.542 -8.654 3.586 -6.133 -8.568 2.854 -7.085 -8.227 3.082 -5.45 -9.533 3.808
5 24 9.244 -6.82 -5.937 8.462 -6.116 -2.734 11.104 -4.441 -2.55 7.236 -8.387 -5.854
5 24 14.877 17.019 6.305 16.697 16.532 5.17 15.567 16.108 6.323 13.88 18.064 4.696
5 24 -5.627 -8.904 5.501 -5.723 -9.126 4.707 -5.417 -10.282 5.865 -6.408 -8.717 4.19
5 24 -13.469 4.029 13.702 -12.471 3.677 13.636 -13.114 2.658 13.385 -12.252 5.356 13.651
5 24 -1.132 -6.835 12.66 -3.077 -6.66 14.08 -3.085 -9.063 11.663 -2.864 -2.754 15.565
5 24 -10.566 15.048 13.293 -12.035 15.24 13.253 -11.377 14.096 13.454 -11.165 16.509 13.225
5 24 10.775 16.259 13.733 11.082 17.211 13.053 10.475 17.18 14.021 11.165 16.14 13
5 24 -16.789 4.761 -3.047 -16.632 2.899 -4.536 -16.664 3.064 -2.037 -15.661 7.317 -6.12
5 24 4.87 18.747 15.173 3.668 18.519 14.58 5.086 17.809 15.486 5.073 20.133 15.114
5 24 -15.502 18.117 5.524 -17.087 19.024 4.397 -16.908 19.126 5.726 -16.343 17.672 3.695
5 24 -5.44 -9.048 -3.611 -5.066 -10.013 -3.172 -5.527 -10.015 -2.476 -4.456 -9.131 -4.911
5 24 10.592 21.874 15.759 10.848 20.055 12.777 8.464 19.95 12.852 11.476 21.676 14.994
5 24 12.537 16.787 12.874 13.169 18.378 12.93 11.082 17.211 13.053 13.698 16.454 12.35
5 24 9.604 10.018 15.575 9.632 7.872 16.017 8.446 8.192 16.325 10.671 9.711 15.499
5 24 .656 -11.124 -2.888 -1.448 -10.749 -5.682 -4.264 -11.017 -3.139 2.563 -9.243 -7.071
5 24 -14.517 20.213 2.558 -16.412 20.716 3.514 -15.703 19.443 2.195 -15.729 21.297 4.381
5 24 -11.385 19.74 11.85 -12.23 19.509 10.202 -13.024 21.738 10.157 -11.521 18.032 10.162
5 24 5.037 .058 -14.679 7.048 1.109 -14.618 6.124 -1.429 -14.572 6.035 2.273 -14.6
5 24 13.538 22.118 6.874 12.827 20.985 5.374 14.624 21.399 5.326 13.496 22.353 7.671
5 24 -8.253 -5.386 -5.168 -9.674 -6.099 -4.795 -8.054 -6.309 -4.385 -10.568 -5.375 -5.431
5 24 0 4 -13 3.458 4.033 -15.587 -.064 1.572 -16.066 1.976 5.289 -12.607
5 24 9.082 -8.369 6.129 8.593 -8.486 7.808 10.768 -7.183 7.671 6.573 -9.132 6.545
5 24 4.378 4.223 18.558 5.193 5.887 18.071 4.945 3.566 17.878 4.541 5.939 18.833
5 24 -1.653 -8.739 11.006 -1.462 -11.158 9.951 -.326 -10.453 11.399 -3.467 -9.951 8.957
5 24 -3.743 18.582 16.117 -4.886 17.471 14.375 -3.298 19.217 14.776 -4.224 16.689 15.719
5 24 -15.089 7.067 11.627 -15.047 6.236 9.072 -14.771 8.51 8.949 -15.016 5.293 12.166
5 24 16.041 19.189 11.952 15.587 19.835 12.357 15.7 21.052 10.75 15.214 18.206 12.087
5 24 11.673 -4.869 3.729 13.463 -3.379 2.815 12.36 -3.789 4.294 11.7 -6.208 1.831
5 24 12.36 -3.789 4.294 13.463 -3.379 2.815 13.515 -1.944 5.125 11.673 -4.869 3.729
5 24 -5.822 -.206 -14.866 -3.263 -1.473 -15.35 -3.123 .088 -15.729 -5.674 -1.974 -14.306
5 24 12.537 16.787 12.874 11.165 16.14 13 11.082 17.211 13.053 12.378 15.264 12.668
5 24 11.016 13.301 15.221 11.694 13.915 14.546 11.502 12.997 14.528 11.328 14.069 15.066
5 24 -7.988 21.538 11.813 -10.09 20.739 12.134 -9.044 21.815 10.963 -8.185 19.594 13.209
5 24 -16.72 3.278 6.94 -15.167 4.551 6.936 -15.303 4.862 5.234 -14.887 4.552 7.973
5 24 -14.077 11.01 9.622 -13.791 12.815 8.295 -13.196 14.269 10.417 -14.307 10.658 8.574
5 24 .904 -9.869 -.201 -.95 -10.239 .257 -2.007 -10.425 1.091 .704 -9.479 -.852
5 24 12.025 11.325 -8.454 11.205 10.626 -6.181 10.447 10.452 -7.314 12.964 11.655 -7.239
5 24 1.415 5.735 19.151 -.227 4.851 17.856 1.332 3.223 18.004 .01 8.396 18.585
5 24 12.011 11 -4.975 14.566 14.881 -1.461 13.474 11.209 -5.128 13 14.953 0
5 24 5.802 14.642 17.129 6.789 15.074 15.15 6.497 12.691 16.564 6.253 17.245 15.273
5 24 11.551 11.732 14.019 12.02 9.899 14.047 12.011 10.828 12.729 11.205 11.693 14.458
5 24 .656 -11.124 -2.888 -4.264 -11.017 -3.139 -2.05 -11.244 -.614 -1.448 -10.749 -5.682
5 24 4.881 -6.271 10.309 6.668 -6.247 12.315 5.479 -5.396 11.904 5.76 -7.349 9.964
5 24 11.562 12.926 13.957 11.241 13.822 12.933 11.779 13.876 14.231 11.237 12.947 12.923
5 24 -4.262 -8.853 11.779 -3.077 -6.66 14.08 -3.085 -9.063 11.663 -4.592 -6.343 14.08
5 24 -15.663 2.524 11.029 -15.746 2.455 10.224 -15.368 4.481 9.839 -15.522 1.172 11.132
5 24 3.926 20.708 14.601 5.497 21.739 15.006 3.82 21.603 13.564 5.073 20.133 15.114
5 24 -11.521 18.032 10.162 -10.141 17.58 12.12 -11.385 19.74 11.85 -11.268 17.23 10.281
5 24 -16.343 17.672 3.695 -15.703 19.443 2.195 -16.412 20.716 3.514 -15.368 16.855 2.326
5 24 16.034 13.698 -1.165 13.474 11.209 -5.128 14.566 14.881 -1.461 13.953 9.708 -5.618
5 24 14.324 -2.996 -.389 13.463 -3.379 2.815 15.873 -.036 1.229 11.7 -6.208 1.831
5 24 8.407 20.917 11.606 8.355 20.675 9.752 7.13 21.104 10.571 9.257 20.457 10.759
5 24 -15.616 6.412 8.224 -14.887 4.552 7.973 -15.047 6.236 9.072 -15.167 4.551 6.936
5 24 -4.871 16.448 14.821 -4.21 14.505 15.229 -4.224 16.689 15.719 -4.446 14.448 14.927
5 24 -.494 15.785 18.076 .49 14.254 17.803 -.522 11.798 17.216 1.648 15.984 18.576
5 24 -13.062 14.389 -8.467 -12.051 15.794 -8.97 -10.814 13.164 -10.821 -14.185 17.03 -6.682
5 24 4.113 -5.016 13.971 4.881 -6.271 10.309 4.492 -6.954 9.498 5.273 -5.339 13.81
5 24 2.381 -10.633 6.747 2.736 -9.266 5.935 1.638 -10.125 4.801 3.302 -9.684 8.572
5 24 -13.834 18.147 6.778 -15.789 17.263 7.555 -15.079 15.829 6.809 -15.558 18.603 8.554
5 24 7.494 22.93 12.871 6.436 21.472 11.035 4.975 21.846 12.011 8.068 21.789 12.258
5 24 -10.985 -5.971 -2.661 -12.001 -5.19 -3.391 -10.568 -5.375 -5.431 -10.649 -5.851 -1.513
5 24 -11.316 -5.128 -1.982 -12.001 -5.19 -3.391 -11.864 -4.499 -2.456 -10.649 -5.851 -1.513
5 24 -6.404 -10.06 1.175 -6.133 -8.568 2.854 -6.733 -7.913 1.634 -5.597 -10.315 2.517
5 24 7.471 -2.996 15.411 6.39 -1.765 15.405 6.213 -2.91 14.658 7.48 -1.062 16.105
5 24 -8.425 -7.652 1.348 -11.169 -6.918 .886 -8.23 -7.648 .006 -9.887 -8.217 1.96
5 24 -7.214 -7.331 10.891 -7.105 -5.236 12.873 -6.318 -7.168 11.139 -8.324 -5.584 12.935
5 24 -5.316 23.023 14.584 -5.885 22.317 15.868 -5.196 21.199 15.775 -6.271 23.38 14.013
5 24 -12.471 3.677 13.636 -12.252 5.356 13.651 -10.931 4.01 14.034 -13.469 4.029 13.702
5 24 -13.114 2.658 13.385 -12.471 3.677 13.636 -12.404 2.501 13.396 -13.469 4.029 13.702
5 24 -12.376 .229 12.48 -11.638 .228 13.071 -12.404 2.501 13.396 -11.685 -1.235 12.195
5 24 -16.343 17.672 3.695 -15.368 16.855 2.326 -15.932 16.067 3.73 -15.703 19.443 2.195
5 24 9.603 15.035 14.988 6.789 15.074 15.15 9.434 17.127 15.68 7.531 12.281 15.108
5 24 .472 -2.29 16.855 .387 -3.985 17.119 1.934 -3.034 16.422 -1.296 -2.791 17.349
5 24 16.196 11.899 3.006 16.478 15.157 1.942 16.034 13.698 -1.165 16.332 13.264 5.381
5 24 -14.993 15.014 -6.287 -15.096 14.142 -4.352 -13.909 13.746 -5.623 -15.932 15.12 -5.284
5 24 14.362 -.303 6.182 14.106 -3.233 6.964 13.515 -1.944 5.125 15.318 -1.665 8.508
5 24 12.091 -3.456 11.499 10.169 -4.196 11.145 11.423 -5.62 10.604 10.71 -1.807 12.643
5 24 -16.351 19.761 6.392 -15.729 21.297 4.381 -16.908 19.126 5.726 -15.57 20.864 5.875
5 24 -15.253 12.186 -4.459 -14.822 12.329 -5.305 -15.413 10.161 -4.848 -15.423 13.476 -3.914
5 24 -4.456 -9.131 -4.911 -5.212 -9.032 -5.231 -3.967 -9.255 -6.972 -5.44 -9.048 -3.611
5 24 -9.082 .045 16.508 -9.202 1.81 15.525 -9.384 .597 14.747 -8.564 4.237 17.367
5 24 6.253 17.245 15.273 5.086 17.809 15.486 6.293 18.893 14.7 4.811 16.6 17.45
5 24 6.293 18.893 14.7 7.582 18.989 16.063 6.253 17.245 15.273 7.737 20.65 13.746
5 24 14.208 18.779 4.677 15.602 19.593 5.807 15.296 20.222 4.905 14.526 18.246 6.654
5 24 -13.473 11.54 -8.991 -13.16 12.582 -6.867 -13.699 13.354 -8.127 -13.322 10.984 -7.657
5 24 -.398 -1.592 -16.494 1.703 -1.878 -16.02 2.315 .033 -16.55 -.47 -3.528 -15.671
5 24 2.157 -4.993 16.523 -.004 -6.812 15.183 -.8 -4.933 16.152 3.305 -6.377 15.328
5 24 -14.313 10.207 -7.379 -13.847 8.743 -8.06 -15.292 6.57 -7.682 -13.322 10.984 -7.657
5 24 -14.923 9.479 -3.395 -16.063 7.908 -4.615 -15.413 10.161 -4.848 -16.014 6.707 -2.45
5 24 -10.119 16.291 12.32 -10.566 15.048 13.293 -11.165 16.509 13.225 -9.391 15.334 12.119
5 24 10.873 7.538 15.694 9.632 7.872 16.017 9.899 4.942 15.704 10.671 9.711 15.499
5 24 -3.308 -2.62 -15.825 -.47 -3.528 -15.671 -.398 -1.592 -16.494 -2.603 -4.723 -14.919
5 24 -6.579 -3.55 15.88 -7.927 -3.427 15.361 -6.085 -5.991 14.037 -7.806 -.011 17.122
5 24 -14.771 8.51 8.949 -15.422 8.586 8.246 -15.616 6.412 8.224 -14.307 10.658 8.574
5 24 -10.479 15.381 -7.268 -12.051 15.794 -8.97 -12.892 16.941 -5.556 -9.192 11.268 -9.192
5 24 17.955 7.047 2.631 15.576 9.137 1.29 16.68 5.513 -.706 15.685 9.653 3.763
5 24 -14.82 10.235 -6.216 -14.313 10.207 -7.379 -15.661 7.317 -6.12 -14.294 12.718 -6.192
5 24 16.68 5.513 -.706 15.587 3.939 2.809 14.891 2.818 1.093 17.955 7.047 2.631
5 24 11.258 -.958 -10.144 12.322 -1.112 -5.375 13.16 2.058 -9.622 10.563 -2.705 -6.887
5 24 -6.313 -8.799 -2.262 -5.527 -10.015 -2.476 -5.44 -9.048 -3.611 -6.476 -9.692 -.807
5 24 12.964 11.655 -7.239 11.205 10.626 -6.181 12.604 11.332 -6.537 12.025 11.325 -8.454
5 24 9.618 -8.303 4.429 9.069 -7.002 2.947 7.211 -8.964 3.409 11.403 -7.031 6.332
5 24 -.09 -.333 18.072 1.773 -2.099 17.764 -1.098 -1.612 17.059 2.484 -1.324 18.063
5 24 -8.324 -5.584 12.935 -8.437 -3.104 13.995 -9.707 -3.173 14.133 -7.105 -5.236 12.873
5 24 8.593 -8.486 7.808 9.053 -6.234 9.469 7.444 -7.495 8.086 10.248 -7.504 9.097
5 24 6.955 4.487 -14.059 8.734 5.7 -13.305 7.927 3.641 -14.36 7.914 6.508 -12.895
5 24 14.318 1.505 -1.876 14.8 1.458 -.189 14.191 .139 -2.67 14.584 2.151 -.046
5 24 -11.025 3.822 -12.564 -12.743 3.826 -11.511 -10.367 .944 -12.755 -12.306 9.235 -10.756
5 24 -.398 -1.592 -16.494 -3.263 -1.473 -15.35 -.246 -.233 -16.124 -3.308 -2.62 -15.825
5 24 -4.886 17.471 14.375 -4.224 16.689 15.719 -3.743 18.582 16.117 -4.871 16.448 14.821
5 24 -9.96 -6.71 -1.943 -8.716 -6.6 -4.053 -7.953 -7.067 -3.016 -10.985 -5.971 -2.661
5 24 -14.573 16.822 5.703 -15.311 15.082 5.827 -14.701 16.334 6.208 -14.941 16.464 5.315
5 24 -10.474 9.902 11.916 -11.43 9.956 11.428 -12.252 5.356 13.651 -10.348 12.808 11.385
5 24 16.111 12.237 8.866 14.183 12.749 10.892 14.278 10.456 10.533 16.559 13.8 8.782
5 24 -11.241 -6.686 -.879 -13.039 -5.416 1.009 -12.902 -5.254 -.931 -11.169 -6.918 .886
5 24 5.139 -3.911 16.185 4.913 -5.141 14.485 4.342 -4.185 16.137 5.273 -5.339 13.81
5 24 -15.769 1.407 9.014 -16.72 3.278 6.94 -15.746 2.455 10.224 -16.556 1.66 6.902
5 24 14.757 20.151 8.212 13.496 22.353 7.671 14.665 19.968 8.73 13.538 22.118 6.874
5 24 12.975 14.346 11.993 13.463 13.668 11.062 12.965 13.481 11.913 13.721 14.831 10.989
5 24 4.113 -5.016 13.971 3.305 -6.377 15.328 4.172 -7.869 11.416 3.193 -3.96 15.473
5 24 -13.114 2.658 13.385 -13.098 .085 12.019 -14.562 3.491 12.438 -12.376 .229 12.48
5 24 -8.176 -7.389 10.506 -7.214 -7.331 10.891 -6.278 -8.293 8.822 -8.324 -5.584 12.935
5 24 11.779 13.876 14.231 11.752 14.952 13.925 11.694 13.915 14.546 11.241 13.822 12.933
5 24 -2.259 -.683 17.164 -4.79 .106 16.344 -2.875 -1.43 16.425 -5.374 2.841 17.184
5 24 -9.391 15.334 12.119 -10.566 15.048 13.293 -8.467 13.406 11.898 -10.119 16.291 12.32
5 24 13.267 8.457 -6.925 15.331 7.162 -6.101 13.953 9.708 -5.618 12.388 7.055 -8.35
5 24 13.565 .897 12.985 12.284 2.591 13.66 12.143 1.604 13.908 14.186 5.729 13.801
5 24 14.345 21.054 10.349 13.347 21.33 11.749 13.213 20.754 9.575 15.062 21.2 11.652
5 24 -4.264 -11.017 -3.139 -5.066 -10.013 -3.172 -4.456 -9.131 -4.911 -5.527 -10.015 -2.476
5 24 -5.45 -9.533 3.808 -6.542 -8.654 3.586 -6.408 -8.717 4.19 -6.133 -8.568 2.854
5 24 -11.182 -7.566 3.811 -11.44 -8.217 5.227 -12.333 -6.595 4.712 -9.342 -8.66 4.363
5 24 -.494 15.785 18.076 -.639 16.079 15.356 -1.946 14.193 15.578 .311 16.636 15.553
5 24 5.818 -1.154 16.35 6.39 -1.765 15.405 6.213 -2.91 14.658 7.113 .264 16.373
5 24 -3.077 -6.66 14.08 -4.592 -6.343 14.08 -4.706 -3.653 16.129 -4.262 -8.853 11.779
5 24 -4.393 3.894 17.961 -1.922 1.107 18.075 -1.467 3.021 18.782 -5.374 2.841 17.184
5 24 -12.743 3.826 -11.511 -14.009 3.753 -10.526 -11.981 -.167 -11.741 -13.55 8.377 -9.907
5 24 -9.202 1.81 15.525 -9.695 3.392 16.182 -8.344 4.459 16.312 -10.147 2.885 15.718
5 24 -6.73 -8.146 -1.705 -6.476 -9.692 -.807 -6.313 -8.799 -2.262 -6.928 -7.755 -.178
5 24 14.362 -.303 6.182 15.736 1.989 5.934 15.054 -.495 4.085 15.239 1.76 7.622
5 24 7.531 12.281 15.108 9.459 12.817 15.103 8.983 10.196 15.62 9.603 15.035 14.988
5 24 14.345 21.054 10.349 15.062 21.2 11.652 15.7 21.052 10.75 13.347 21.33 11.749
5 24 10.852 18.672 14.408 9.947 18.048 16.035 9.434 17.127 15.68 11.614 20.256 16.361
5 24 -8.344 4.459 16.312 -8.145 6.924 16.658 -4.74 11.104 15.33 -9.695 3.392 16.182
5 24 -13.773 -1.339 -7.798 -11.319 -3.152 -9.956 -11.384 -3.772 -7.38 -13.23 -1.026 -10.604
5 24 -4.393 3.894 17.961 -1.467 3.021 18.782 -1.922 1.107 18.075 -3.114 5.259 18.461
5 24 13.372 15.568 12.147 14.058 15.889 10.851 13.721 14.831 10.989 13.698 16.454 12.35
5 24 7.236 -8.387 -5.854 8.462 -6.116 -2.734 9.244 -6.82 -5.937 6.479 -7.125 -2.646
5 24 4.492 -6.954 9.498 4.172 -7.869 11.416 4.288 -7.784 8.591 4.113 -5.016 13.971
5 24 11.694 13.915 14.546 11.752 14.952 13.925 11.556 15.361 14.41 11.779 13.876 14.231
5 24 -2.877 -11.708 5.152 .387 -11.783 5.226 -2.729 -11.683 8.439 -2.907 -11.939 4.091
5 24 11.544 19.149 13.163 10.852 18.672 14.408 11.082 17.211 13.053 12.128 20.428 15.713
5 24 -5.405 -11.002 3.388 -3.398 -11.638 2.444 -3.894 -11.062 1.857 -4.896 -11.389 3.852
5 24 -10.046 -4.814 10.62 -12.18 -3.523 11.242 -11.187 -5.253 10.434 -11.274 -2.736 11.553
5 24 -9.707 -3.173 14.133 -11.157 -3.146 13.891 -9.715 -5.788 12.701 -10.254 -.652 14.665
5 24 13.88 18.064 4.696 11.726 20.178 5.402 14.208 18.779 4.677 12.011 17.281 4.975
5 24 7.053 2.781 18.482 5.193 5.887 18.071 7.525 6.209 18.962 4.945 3.566 17.878
5 24 10.71 -1.807 12.643 10.531 -2.344 15.374 10.094 -5.456 13.624 10.05 2.07 14.867
5 24 -15.413 10.161 -4.848 -14.822 12.329 -5.305 -15.253 12.186 -4.459 -14.82 10.235 -6.216
5 24 5.802 14.642 17.129 6.253 17.245 15.273 4.811 16.6 17.45 6.789 15.074 15.15
5 24 -2.864 -2.754 15.565 -4.706 -3.653 16.129 -3.077 -6.66 14.08 -4.79 .106 16.344
5 24 -3.467 -9.951 8.957 -2.729 -11.683 8.439 -4.517 -11.421 6.925 -1.462 -11.158 9.951
5 24 2.303 22.018 14.903 3.224 20.218 14.574 3.111 21.461 13.808 2.321 20.516 16.132
5 24 -11.274 -2.736 11.553 -12.18 -3.523 11.242 -12.835 -2.917 11.508 -10.046 -4.814 10.62
5 24 5.818 -1.154 16.35 4.546 1.079 17.113 5.006 1.257 17.093 4.664 -1.797 17.445
5 24 15.7 21.052 10.75 15.367 20.246 9.216 14.345 21.054 10.349 16.155 20.469 9.943
5 24 5.336 2.909 -15.878 5.037 .058 -14.679 3.588 -.213 -16.053 6.035 2.273 -14.6
5 24 -12.225 16.815 13.01 -12.035 15.24 13.253 -11.165 16.509 13.225 -13.154 16.2 12.383
5 24 -14.313 10.207 -7.379 -15.292 6.57 -7.682 -13.847 8.743 -8.06 -15.661 7.317 -6.12
5 24 14.183 12.749 10.892 12.965 13.481 11.913 13.463 13.668 11.062 13.293 12.914 12.002
5 24 -15.368 4.481 9.839 -15.746 2.455 10.224 -14.887 4.552 7.973 -15.663 2.524 11.029
5 24 10.387 14.084 15.401 9.459 12.817 15.103 9.937 12.432 15.3 9.603 15.035 14.988
5 24 -12.376 .229 12.48 -12.695 -1.147 11.779 -11.685 -1.235 12.195 -13.098 .085 12.019
5 24 4.546 1.079 17.113 4.028 2.455 18.098 5.006 1.257 17.093 3.431 1.585 17.661
5 24 .796 -4.262 -14.173 2.081 -6.573 -13.864 4.442 -3.759 -14.364 -1.726 -8.604 -12.128
5 24 -17.609 11.841 .786 -15.663 12.723 3.56 -17.79 13.38 1.312 -15.419 11.085 2.754
5 24 -8.991 -6.237 8.834 -6.448 -8.366 8.086 -7.749 -7.119 6.879 -8.176 -7.389 10.506
5 24 8.149 9.168 -11.543 7.238 9.398 -10.498 7.94 8.566 -10.029 7.243 8.955 -12.429
5 24 7.471 -2.996 15.411 6.213 -2.91 14.658 6.39 -1.765 15.405 7.213 -4.679 14.353
5 24 2.321 20.516 16.132 2.303 22.018 14.903 3.224 20.218 14.574 1.163 22.935 16.252
5 24 -2.875 -1.43 16.425 -2.652 -2.548 17.184 -2.221 -1.817 17.626 -3.04 -1.87 16.019
5 24 16.754 7.46 8.852 14.891 6.403 8.694 17.968 6.181 8.231 14.625 6.934 8.946
5 24 16.304 5.597 11.365 13.565 .897 12.985 16.039 .947 9.954 14.186 5.729 13.801
5 24 -10.408 -7.222 9.166 -10.533 -8.359 5.833 -9.416 -8.311 6.312 -11.726 -6.989 8.245
5 24 -3.808 19.765 15.152 -6.438 20.378 15.356 -5.196 21.199 15.775 -5.381 18.493 14.672
5 24 3.431 1.585 17.661 3.231 -.497 18.283 4.546 1.079 17.113 1.025 1.108 18.819
5 24 8.149 9.168 -11.543 7.914 6.508 -12.895 8.56 8.118 -11.043 7.128 7.276 -13.623
5 24 -15.661 7.317 -6.12 -16.632 2.899 -4.536 -15.292 6.57 -7.682 -16.789 4.761 -3.047
5 24 -6.688 -7.814 -3.033 -6.349 -8.424 -3.607 -6.73 -8.146 -1.705 -6.448 -7.745 -4.368
5 24 -5.493 22.628 12.702 -4.975 22.048 12.011 -7.759 22.359 12.512 -3.887 21.995 13.991
5 24 1.638 -10.125 4.801 2.573 -10.595 3.214 1.617 -10.998 2.739 3.044 -10.268 3.888
5 24 -16.209 3.216 -.867 -16.372 1.448 -1.045 -16.555 3.597 .488 -16.664 3.064 -2.037
5 24 2.484 -1.324 18.063 1.025 1.108 18.819 3.231 -.497 18.283 -.09 -.333 18.072
5 24 3.111 21.461 13.808 -2.421 21.912 13.88 2.303 22.018 14.903 0 21.231 13
5 24 -11.726 -6.989 8.245 -12.821 -6.645 7.266 -13.027 -5.028 9.196 -11.44 -8.217 5.227
5 24 12.631 8.572 -10.009 12.388 7.055 -8.35 11.01 6.971 -10.807 13.267 8.457 -6.925
5 24 4.492 -6.954 9.498 5.76 -7.349 9.964 4.881 -6.271 10.309 4.816 -8.005 8.464
5 24 10.403 9.676 -9.978 10.447 10.452 -7.314 12.025 11.325 -8.454 9.192 9.65 -9.192
5 24 7.48 -1.062 16.105 6.39 -1.765 15.405 7.471 -2.996 15.411 7.113 .264 16.373
5 24 4.929 -8.923 -1.468 6.479 -7.125 -2.646 7.052 -8.549 -1.802 4.463 -8.055 -2.387
5 24 12.618 -3.104 -4.828 13.471 -1.883 -1.801 11.104 -4.441 -2.55 13.797 -1.059 -3.287
5 24 -5.374 2.841 17.184 -1.922 1.107 18.075 -2.259 -.683 17.164 -4.393 3.894 17.961
5 24 .042 -9.171 -9.978 -.697 -9.311 -6.995 1.446 -8.853 -7.78 -2.056 -9.433 -8.573
5 24 16.478 15.157 1.942 16.332 13.264 5.381 16.697 16.532 5.17 16.196 11.899 3.006
5 24 -2.864 -2.754 15.565 -3.077 -6.66 14.08 -4.706 -3.653 16.129 -1.132 -6.835 12.66
5 24 -5.936 -9.892 7.69 -4.835 -9.943 7.542 -5.302 -9.892 8.363 -5.627 -8.904 5.501
5 24 11.458 4.813 15.345 9.899 4.942 15.704 10.782 2.127 14.731 10.873 7.538 15.694
5 24 14.877 17.019 6.305 13.88 18.064 4.696 16.697 16.532 5.17 14.486 17.238 6.891
5 24 16.039 .947 9.954 12.999 -1.172 12.33 13.565 .897 12.985 15.318 -1.665 8.508
5 24 -.95 -10.239 .257 -2.05 -11.244 -.614 -2.007 -10.425 1.091 .704 -9.479 -.852
5 24 13.293 12.914 12.002 12.171 12.135 12.484 12.965 13.481 11.913 12.011 10.828 12.729
5 24 2.157 -4.993 16.523 -.8 -4.933 16.152 -.004 -6.812 15.183 .387 -3.985 17.119
5 24 14.058 15.889 10.851 16.105 15.404 10.611 13.721 14.831 10.989 14.402 16.753 10.713
5 24 16.041 19.189 11.952 15.952 18.648 9.643 15.214 18.206 12.087 16.357 19.285 9.998
5 24 2.44 10.186 18.037 1.082 10.105 17.862 1.394 11.56 17.24 1.727 8.562 18.57
5 24 11.01 6.971 -10.807 12.388 7.055 -8.35 11.4 5.728 -9.793 12.631 8.572 -10.009
5 24 -5.597 -10.315 2.517 -6.133 -8.568 2.854 -6.404 -10.06 1.175 -5.45 -9.533 3.808
5 24 -5.381 18.493 14.672 -3.808 19.765 15.152 -6.438 20.378 15.356 -3.298 19.217 14.776
5 24 7.213 -4.679 14.353 6.213 -2.91 14.658 7.471 -2.996 15.411 5.998 -4.27 13.493
5 24 -15.016 5.293 12.166 -15.047 6.236 9.072 -15.089 7.067 11.627 -15.368 4.481 9.839
5 24 13.16 2.058 -9.622 12.322 -1.112 -5.375 13.201 .847 -5.741 11.258 -.958 -10.144
5 24 11.556 15.361 14.41 11.328 14.069 15.066 11.694 13.915 14.546 10.964 15.078 15.259
5 24 -6.408 -8.717 4.19 -8.696 -8.534 4.835 -8.337 -8.397 5.162 -6.542 -8.654 3.586
5 24 11.502 12.997 14.528 11.562 12.926 13.957 11.779 13.876 14.231 11.551 11.732 14.019
5 24 -4.21 14.505 15.229 -4.593 12.776 15.128 -4.446 14.448 14.927 -4.228 12.486 15.787
5 24 -6.404 -10.06 1.175 -6.476 -9.692 -.807 -6.873 -7.854 .668 -5.325 -10.875 -1.189
5 24 11.635 7.625 14.668 11.935 4.975 14.536 11.458 4.813 15.345 12.377 5.076 13.716
5 24 -11.384 -3.772 -7.38 -13.773 -1.339 -7.798 -11.319 -3.152 -9.956 -12.975 -1.586 -6.84
5 24 -14.562 3.491 12.438 -14.926 3.948 10.935 -15.016 5.293 12.166 -14.608 2.316 11.59
5 24 -13.996 18.505 10.674 -11.268 17.23 10.281 -11.521 18.032 10.162 -12.712 16.636 9.493
5 24 3.645 -7.31 -11.352 2.081 -6.573 -13.864 4.442 -3.759 -14.364 .042 -9.171 -9.978
5 24 -13.196 14.269 10.417 -13.154 16.2 12.383 -13.155 15.282 12.325 -12.712 16.636 9.493
5 24 -3.967 -9.255 -6.972 -3.464 -8.706 -10.017 -2.056 -9.433 -8.573 -4.928 -8.745 -7.917
5 24 -13.087 -3.456 10.827 -13.467 -1.974 10.882 -12.835 -2.917 11.508 -13.558 -3.73 8.235
5 24 15.567 16.108 6.323 16.559 13.8 8.782 17.295 15.169 8.612 15.282 13.77 6.652
5 24 12.631 8.572 -10.009 12.025 11.325 -8.454 10.403 9.676 -9.978 14.001 10.184 -8.854
5 24 -3.398 -11.638 2.444 -2.007 -10.425 1.091 -3.894 -11.062 1.857 -1.535 -11.622 2.119
5 24 -15.502 18.117 5.524 -14.808 18.688 6.559 -16.351 19.761 6.392 -14.573 16.822 5.703
5 24 4.492 -6.954 9.498 4.816 -8.005 8.464 4.288 -7.784 8.591 5.76 -7.349 9.964
5 24 1.098 18.827 16.342 2.045 18.728 15.408 2.321 20.516 16.132 2.06 17.131 15.213
5 24 13.797 -1.059 -3.287 13.471 -1.883 -1.801 12.618 -3.104 -4.828 14.8 1.458 -.189
5 24 -16.619 13.551 -.664 -16.803 13.324 -1.234 -16.44 14.105 -2.049 -16.7 13.053 -.611
5 24 16.229 5.357 6.479 16.636 3.469 5.12 16.509 4.459 7.745 16.247 4.784 4.587
5 24 -7.586 3.897 17.873 -8.564 4.237 17.367 -4.246 10.467 16.346 -7.806 -.011 17.122
5 24 -.227 4.851 17.856 -3.114 5.259 18.461 -1.652 6.611 17.232 -1.467 3.021 18.782
5 24 -7.167 18.792 13.904 -5.381 18.493 14.672 -6.438 20.378 15.356 -6.346 17.919 13.956
5 24 14.362 -.303 6.182 15.054 -.495 4.085 15.736 1.989 5.934 13.515 -1.944 5.125
5 24 -12.661 -4.317 -1.985 -10.649 -5.851 -1.513 -11.241 -6.686 -.879 -11.316 -5.128 -1.982
5 24 10.964 15.078 15.259 10.387 14.084 15.401 11.328 14.069 15.066 9.603 15.035 14.988
5 24 15.587 19.835 12.357 15.7 21.052 10.75 16.041 19.189 11.952 15.062 21.2 11.652
5 24 4.113 -5.016 13.971 5.273 -5.339 13.81 4.913 -5.141 14.485 4.881 -6.271 10.309
5 24 -8.23 -7.648 .006 -11.241 -6.686 -.879 -11.169 -6.918 .886 -8.024 -7.49 -.265
5 24 5.073 20.133 15.114 3.668 18.519 14.58 3.926 20.708 14.601 4.87 18.747 15.173
5 24 13.515 -1.944 5.125 13.463 -3.379 2.815 12.36 -3.789 4.294 15.054 -.495 4.085
5 24 -14.294 12.718 -6.192 -13.16 12.582 -6.867 -13.322 10.984 -7.657 -13.909 13.746 -5.623
5 24 -5.822 -.206 -14.866 -2.717 3.169 -12.253 -3.123 .088 -15.729 -4.846 2.646 -11.7
5 24 -5.45 -9.533 3.808 -5.597 -10.315 2.517 -6.133 -8.568 2.854 -5.405 -11.002 3.388
5 24 10.05 2.07 14.867 8.517 3.951 16.513 9.891 2.074 16.63 8.455 5.062 16.036
5 24 -1.296 -2.791 17.349 -2.652 -2.548 17.184 -2.221 -1.817 17.626 -2.292 -3.178 16.743
5 24 .01 8.396 18.585 1.727 8.562 18.57 1.082 10.105 17.862 1.415 5.735 19.151
5 24 3.898 -8.185 7.784 5.11 -8.746 7.417 4.23 -8.494 7.123 4.816 -8.005 8.464
5 24 11.83 -5.523 6.544 10.837 -5.88 3.295 12.65 -4.537 5.392 9.069 -7.002 2.947
5 24 -9.715 -5.788 12.701 -10.046 -4.814 10.62 -8.176 -7.389 10.506 -11.274 -2.736 11.553
5 24 12.388 7.055 -8.35 14.257 4.66 -8.537 11.4 5.728 -9.793 15.331 7.162 -6.101
5 24 -1.098 -1.612 17.059 -1.296 -2.791 17.349 -2.221 -1.817 17.626 .472 -2.29 16.855
5 24 14.888 21.781 6.304 15.296 20.222 4.905 15.406 20.824 7.035 14.624 21.399 5.326
5 24 -6.845 -7.765 -1.511 -7.953 -7.067 -3.016 -7.527 -6.932 -3.163 -7.327 -7.757 -1.173
5 24 16.68 5.513 -.706 14.584 2.151 -.046 14.891 2.818 1.093 15.208 2.816 -3.683
5 24 -11.268 17.23 10.281 -12.225 16.815 13.01 -11.165 16.509 13.225 -12.712 16.636 9.493
5 24 16.478 15.157 1.942 14.566 14.881 -1.461 16.034 13.698 -1.165 14.776 16.972 2.606
5 24 1.727 8.562 18.57 2.985 5.844 18.931 1.415 5.735 19.151 3.426 8.768 18.771
5 24 -7.927 -3.427 15.361 -7.105 -5.236 12.873 -6.085 -5.991 14.037 -8.437 -3.104 13.995
5 24 10.531 -2.344 15.374 7.48 -1.062 16.105 9.891 2.074 16.63 7.471 -2.996 15.411
5 24 10.169 -4.196 11.145 8.979 -7.231 11.704 9.053 -6.234 9.469 10.094 -5.456 13.624
5 24 -2.007 -10.425 1.091 -2.05 -11.244 -.614 -.95 -10.239 .257 -3.894 -11.062 1.857
5 24 9.434 17.127 15.68 7.582 18.989 16.063 9.947 18.048 16.035 6.253 17.245 15.273
5 24 -16.789 4.761 -3.047 -15.661 7.317 -6.12 -16.632 2.899 -4.536 -16.063 7.908 -4.615
5 24 -13.092 -5.415 5.715 -13.97 -4.808 5.179 -13.024 -6.154 3.852 -13.558 -3.73 8.235
5 24 3.588 -.213 -16.053 3.336 -1.997 -14.52 5.037 .058 -14.679 1.703 -1.878 -16.02
5 24 4.172 -7.869 11.416 4.288 -7.784 8.591 3.302 -9.684 8.572 4.492 -6.954 9.498
5 24 -10.367 .944 -12.755 -10.062 -1.784 -11.361 -8.694 .039 -12.603 -11.981 -.167 -11.741
5 24 -3.887 21.995 13.991 -5.493 22.628 12.702 -4.975 22.048 12.011 -5.316 23.023 14.584
5 24 6.906 -9.132 4.978 4.412 -9.018 5.424 6.573 -9.132 6.545 4.159 -8.727 4.094
5 24 1.703 -1.878 -16.02 3.336 -1.997 -14.52 .796 -4.262 -14.173 3.588 -.213 -16.053
5 24 -15.311 15.082 5.827 -14.941 16.464 5.315 -14.573 16.822 5.703 -15.694 12.962 4.711
5 24 7.531 12.281 15.108 8.983 10.196 15.62 7.532 10.597 15.636 9.459 12.817 15.103
5 24 -14.941 16.464 5.315 -16.343 17.672 3.695 -15.502 18.117 5.524 -15.932 16.067 3.73
5 24 -14.926 1.464 -8.369 -13.23 -1.026 -10.604 -14.009 3.753 -10.526 -13.773 -1.339 -7.798
5 24 .431 11.684 17.146 -.285 10.107 17.925 -.522 11.798 17.216 1.082 10.105 17.862
5 24 4.519 -7.061 -8.578 8.535 -4.161 -9.446 6.457 -6.108 -8.315 7.411 -3.989 -10.202
5 24 .631 -11.381 2.274 -.812 -10.406 .976 -1.535 -11.622 2.119 2.181 -9.371 1.23
5 24 13.347 21.33 11.749 13.365 19.848 12.946 10.848 20.055 12.777 15.064 20.493 12.341
5 24 15.685 9.653 3.763 16.332 13.264 5.381 16.196 11.899 3.006 15.137 12.575 6.366
5 24 10.248 -7.504 9.097 9.053 -6.234 9.469 8.593 -8.486 7.808 11.423 -5.62 10.604
5 24 -11.576 22.056 8.8 -10.054 21.315 7.903 -11.984 21.545 8.38 -11.266 22.597 9.606
5 24 7.914 6.508 -12.895 8.734 5.7 -13.305 6.955 4.487 -14.059 9.32 7.283 -11.517
5 24 -14.487 18.135 10.323 -15.28 17.136 8.895 -15.617 17.949 9.334 -12.712 16.636 9.493
5 24 -13.188 19.383 8.103 -15.061 19.46 9.571 -13.834 18.147 6.778 -13.784 19.211 10.488
5 24 1.163 22.935 16.252 -2.073 22.391 14.434 -1.302 22.973 16.037 2.303 22.018 14.903
5 24 -15.413 10.161 -4.848 -14.82 10.235 -6.216 -14.822 12.329 -5.305 -16.063 7.908 -4.615
5 24 -15.456 9.616 6.627 -17.276 9.933 5.301 -16.246 12.614 5.573 -15.434 7.824 6.486
5 24 19.143 7.15 7.703 18.225 5.495 6.265 17.968 6.181 8.231 19.311 6.709 5.732
5 24 4.159 -8.727 4.094 7.211 -8.964 3.409 3.918 -8.387 2.834 6.906 -9.132 4.978
5 24 -5.822 -.206 -14.866 -4.846 2.646 -11.7 -2.717 3.169 -12.253 -8.259 .245 -12.754
5 24 -1.296 -2.791 17.349 -2.292 -3.178 16.743 -2.652 -2.548 17.184 -1.576 -4.084 16.464
5 24 1.934 -3.034 16.422 2.157 -4.993 16.523 3.193 -3.96 15.473 .387 -3.985 17.119
5 24 -17.197 10.279 .025 -15.152 11.93 -2.68 -15.675 12.366 -1.863 -14.891 11.198 -3.052
5 24 13.169 18.378 12.93 11.544 19.149 13.163 11.082 17.211 13.053 13.365 19.848 12.946
5 24 12.204 -5.332 9.733 11.423 -5.62 10.604 12.091 -3.456 11.499 10.248 -7.504 9.097
5 24 9.721 7.185 -11.074 10.403 9.676 -9.978 11.01 6.971 -10.807 8.891 8.393 -10.713
5 24 -4.593 12.776 15.128 -5.965 12.281 15.247 -4.74 11.104 15.33 -5.58 14.514 14.894
5 24 -3.085 -9.063 11.663 -4.262 -8.853 11.779 -5.302 -9.892 8.363 -3.077 -6.66 14.08
5 24 -4.246 10.467 16.346 -3.526 13.846 16.209 -3.51 11.105 16.351 -4.228 12.486 15.787
5 24 10.873 7.538 15.694 9.899 4.942 15.704 11.458 4.813 15.345 9.632 7.872 16.017
5 24 -12.712 16.636 9.493 -15.28 17.136 8.895 -14.564 15.871 8.114 -14.487 18.135 10.323
5 24 6.259 -4.185 -12.465 7.515 -1.673 -12.971 8.363 -1.61 -11.067 6.124 -1.429 -14.572
5 24 -14.668 -3.283 7.905 -15.747 -.783 10.2 -15.719 -2.602 7.418 -14.596 -1.488 10.645
5 24 15.064 20.493 12.341 15.062 21.2 11.652 15.587 19.835 12.357 13.347 21.33 11.749
5 24 1.773 -2.099 17.764 .472 -2.29 16.855 -1.098 -1.612 17.059 1.934 -3.034 16.422
5 24 -6.542 -8.654 3.586 -8.696 -8.534 4.835 -6.408 -8.717 4.19 -9.342 -8.66 4.363
5 24 -12.695 -1.147 11.779 -11.685 -1.235 12.195 -12.376 .229 12.48 -11.572 -2.02 11.891
5 24 -12.404 2.501 13.396 -11.446 2.71 13.733 -12.471 3.677 13.636 -11.638 .228 13.071
5 24 -9.96 -6.71 -1.943 -7.953 -7.067 -3.016 -8.716 -6.6 -4.053 -8.856 -7.254 -1.323
5 24 15.576 9.137 1.29 16.68 5.513 -.706 17.955 7.047 2.631 14.86 7.208 -2.056
5 24 -6.438 20.378 15.356 -7.091 21.985 15.935 -5.196 21.199 15.775 -7.886 21.839 15.363
5 24 3.56 -3.164 17.169 5.139 -3.911 16.185 4.342 -4.185 16.137 4.135 -2.523 17.4
5 24 -5.325 -10.875 -1.189 -5.527 -10.015 -2.476 -4.264 -11.017 -3.139 -6.476 -9.692 -.807
5 24 15.736 1.989 5.934 15.054 -.495 4.085 16.328 1.677 3.211 14.362 -.303 6.182
5 24 -.004 -6.812 15.183 -1.132 -6.835 12.66 -2.864 -2.754 15.565 .52 -8.715 13.516
5 24 -12.035 15.24 13.253 -12.27 13.737 12.926 -11.377 14.096 13.454 -13.155 15.282 12.325
5 24 -17.295 6.809 -.83 -16.209 3.216 -.867 -17.687 5.244 2.564 -16.009 5.341 -1.72
5 24 5.679 -4.752 14.215 5.998 -4.27 13.493 6.213 -2.91 14.658 5.273 -5.339 13.81
5 24 12.489 11.163 -5.697 11.45 10.534 -5.815 11.694 10.442 -5.449 12.604 11.332 -6.537
5 24 -11.691 .153 14.612 -11.446 2.71 13.733 -11.638 .228 13.071 -10.931 4.01 14.034
5 24 -9.416 -8.311 6.312 -7.749 -7.119 6.879 -8.991 -6.237 8.834 -8.337 -8.397 5.162
5 24 4.541 5.939 18.833 2.985 5.844 18.931 3.426 8.768 18.771 3.5 4.125 18.722
5 24 6.906 -9.132 4.978 9.618 -8.303 4.429 7.211 -8.964 3.409 9.082 -8.369 6.129
5 24 -16.343 17.672 3.695 -16.412 20.716 3.514 -15.703 19.443 2.195 -17.087 19.024 4.397
5 24 9.178 -7.877 -2.005 9.635 -7.938 1.276 7.568 -8.711 1.052 12.162 -5.835 -1.654
5 24 -7.704 17.221 12.963 -8.48 17.986 12.785 -7.69 18.597 13.449 -10.119 16.291 12.32
5 24 14.757 20.151 8.212 15.735 19.82 6.715 15.031 18.795 7.839 15.406 20.824 7.035
5 24 9.069 -7.002 2.947 9.635 -7.938 1.276 11.7 -6.208 1.831 7.568 -8.711 1.052
5 24 13.372 15.568 12.147 12.378 15.264 12.668 12.537 16.787 12.874 12.29 14.458 12.596
5 24 6.035 2.273 -14.6 7.927 3.641 -14.36 6.955 4.487 -14.059 7.048 1.109 -14.618
5 24 -13.027 -5.028 9.196 -13.558 -3.73 8.235 -12.821 -6.645 7.266 -13.087 -3.456 10.827
5 24 -14.185 17.03 -6.682 -13.062 14.389 -8.467 -12.051 15.794 -8.97 -14.993 15.014 -6.287
5 24 15.858 5.141 9.154 16.039 .947 9.954 16.304 5.597 11.365 15.239 1.76 7.622
5 24 2.736 -9.266 5.935 4.23 -8.494 7.123 3.898 -8.185 7.784 3.515 -9.941 4.561
5 24 3.668 18.519 14.58 3.293 16.304 14.795 2.779 17.013 14.792 5.086 17.809 15.486
5 24 -6.133 -8.568 2.854 -7.232 -8.209 2.356 -6.733 -7.913 1.634 -7.085 -8.227 3.082
5 24 -4.264 -11.017 -3.139 -5.527 -10.015 -2.476 -5.325 -10.875 -1.189 -5.066 -10.013 -3.172
5 24 8.464 19.95 12.852 8.407 20.917 11.606 8.068 21.789 12.258 9.688 19.495 11.962
5 24 -6.785 -7.017 -9.388 -8.003 -6.349 -7.32 -7.155 -7.312 -6.599 -7.967 -5.558 -9.702
5 24 17.295 15.169 8.612 16.105 15.404 10.611 16.786 16.405 10.187 16.559 13.8 8.782
5 24 13.515 -1.944 5.125 15.054 -.495 4.085 13.463 -3.379 2.815 14.362 -.303 6.182
5 24 -15.694 12.962 4.711 -15.932 16.067 3.73 -15.663 12.723 3.56 -14.941 16.464 5.315
5 24 8.771 3.542 -13.287 9.264 3.519 -12.103 8.285 .922 -13.272 9.088 5.573 -12.501
5 24 -11.182 -7.566 3.811 -9.342 -8.66 4.363 -9.231 -8.069 3.362 -11.44 -8.217 5.227
5 24 15.685 9.653 3.763 17.955 7.047 2.631 15.576 9.137 1.29 19.311 6.709 5.732
5 24 10.964 15.078 15.259 11.328 14.069 15.066 11.556 15.361 14.41 10.387 14.084 15.401
5 24 1.703 -1.878 -16.02 .796 -4.262 -14.173 -.47 -3.528 -15.671 3.336 -1.997 -14.52
5 24 -16.44 14.105 -2.049 -16.619 13.551 -.664 -16.081 14.308 -1.457 -16.803 13.324 -1.234
5 24 2.06 17.131 15.213 2.988 18.595 14.501 2.779 17.013 14.792 2.045 18.728 15.408
5 24 -15.434 7.824 6.486 -17.877 7.248 4.217 -17.276 9.933 5.301 -15.503 6.005 5.769
5 24 -12.333 -6.595 4.712 -11.675 -7.46 3.016 -13.024 -6.154 3.852 -11.182 -7.566 3.811
5 24 -14.562 3.491 12.438 -13.098 .085 12.019 -14.608 2.316 11.59 -13.114 2.658 13.385
5 24 -12.193 12.96 11.27 -14.077 11.01 9.622 -13.196 14.269 10.417 -12.92 10.129 11.195
5 24 -13.473 11.54 -8.991 -12.306 9.235 -10.756 -13.55 8.377 -9.907 -12.503 12.284 -9.856
5 24 15.542 9.117 11.744 13.293 12.914 12.002 14.183 12.749 10.892 14.088 9.402 13.411
5 24 16.328 1.677 3.211 15.587 3.939 2.809 16.636 3.469 5.12 14.891 2.818 1.093
5 24 -8.694 .039 -12.603 -7.808 -2.13 -10.727 -8.259 .245 -12.754 -10.062 -1.784 -11.361
5 24 -15.522 1.172 11.132 -15.769 1.407 9.014 -15.747 -.783 10.2 -15.746 2.455 10.224
5 24 -7.006 16.632 14.845 -6.346 17.919 13.956 -4.871 16.448 14.821 -7.084 17.597 13.548
5 24 -.285 10.107 17.925 -2.352 11.833 16.23 -2.345 8.006 16.875 -.522 11.798 17.216
5 24 -5.374 2.841 17.184 -6.539 3.21 18.042 -6.482 -.016 17.637 -4.943 8.213 16.829
5 24 .52 -8.715 13.516 -1.132 -6.835 12.66 -1.653 -8.739 11.006 -.004 -6.812 15.183
5 24 16.328 1.677 3.211 15.054 -.495 4.085 15.873 -.036 1.229 15.736 1.989 5.934
5 24 -8.175 13.393 13.528 -8.467 13.406 11.898 -9.693 10.47 13.837 -8.03 15.609 13.58
5 24 -2.056 -9.433 -8.573 .042 -9.171 -9.978 -1.726 -8.604 -12.128 -.697 -9.311 -6.995
5 24 -11.187 -5.253 10.434 -12.172 -5.208 9.959 -10.408 -7.222 9.166 -12.18 -3.523 11.242
5 24 17.211 8.463 7.663 16.754 7.46 8.852 15.299 8.669 7.677 19.143 7.15 7.703
5 24 -11.981 -.167 -11.741 -13.23 -1.026 -10.604 -14.009 3.753 -10.526 -10.062 -1.784 -11.361
5 24 12.378 15.264 12.668 11.248 15.069 12.947 12.29 14.458 12.596 11.165 16.14 13
5 24 -6.579 -3.55 15.88 -6.085 -5.991 14.037 -7.927 -3.427 15.361 -4.592 -6.343 14.08
5 24 5.139 -3.911 16.185 5.679 -4.752 14.215 5.733 -3.401 15.956 5.273 -5.339 13.81
5 24 3.426 8.768 18.771 2.985 5.844 18.931 1.727 8.562 18.57 4.541 5.939 18.833
5 24 -4.886 17.471 14.375 -5.381 18.493 14.672 -3.298 19.217 14.776 -6.346 17.919 13.956
5 24 -5.845 -3.53 -14.309 -2.603 -4.723 -14.919 -3.308 -2.62 -15.825 -4.584 -5.78 -13.415
5 24 -15.616 6.412 8.224 -15.503 6.005 5.769 -15.434 7.824 6.486 -15.167 4.551 6.936
5 24 3.305 -6.377 15.328 .52 -8.715 13.516 -.004 -6.812 15.183 4.172 -7.869 11.416
5 24 13.16 2.058 -9.622 13.201 .847 -5.741 14.257 4.66 -8.537 12.322 -1.112 -5.375
5 24 10.997 -5.092 -5.743 11.104 -4.441 -2.55 9.244 -6.82 -5.937 12.618 -3.104 -4.828
5 24 -15.456 9.616 6.627 -16.246 12.614 5.573 -17.276 9.933 5.301 -15.198 12.385 6.663
5 24 16.636 3.469 5.12 16.247 4.784 4.587 16.229 5.357 6.479 15.587 3.939 2.809
5 24 -11.691 .153 14.612 -11.685 -1.235 12.195 -11.638 .228 13.071 -11.157 -3.146 13.891
5 24 11.556 15.361 14.41 11.752 14.952 13.925 11.147 15.172 13.165 11.694 13.915 14.546
5 24 -13.469 4.029 13.702 -14.562 3.491 12.438 -15.016 5.293 12.166 -13.114 2.658 13.385
5 24 11.798 2.208 14.543 12.284 2.591 13.66 12.143 1.604 13.908 11.935 4.975 14.536
5 24 6.11 7.502 -13.821 6.082 5.72 -14.786 7.128 7.276 -13.623 5.346 6.157 -14.58
5 24 -12.873 20.203 -.641 -15.189 20.135 -.735 -12.715 20.04 -1.434 -14.987 19.902 .225
5 24 -16.402 7.655 -1.695 -16.505 7.103 -1.233 -16.014 6.707 -2.45 -17.197 10.279 .025
5 24 -15.747 -.783 10.2 -15.769 1.407 9.014 -15.522 1.172 11.132 -15.726 .879 6.727
5 24 -17.008 1.19 4.692 -15.658 .464 5.533 -16.556 1.66 6.902 -15.439 -.819 3.461
5 24 12.65 -4.537 5.392 12.36 -3.789 4.294 13.515 -1.944 5.125 11.673 -4.869 3.729
5 24 3.82 21.603 13.564 3.581 21.501 12.288 4.975 21.846 12.011 3.111 21.461 13.808
5 24 -8.694 .039 -12.603 -10.062 -1.784 -11.361 -10.367 .944 -12.755 -7.808 -2.13 -10.727
5 24 3.336 -1.997 -14.52 4.442 -3.759 -14.364 6.124 -1.429 -14.572 .796 -4.262 -14.173
5 24 -6.278 -8.293 8.822 -5.999 -9.532 8.478 -5.475 -8.486 11.819 -6.448 -8.366 8.086
5 24 3.302 -9.684 8.572 4.288 -7.784 8.591 4.172 -7.869 11.416 3.898 -8.185 7.784
5 24 -3.005 21.28 13.513 -2.736 19.304 15.067 -2.421 21.912 13.88 -3.298 19.217 14.776
5 24 7.588 21.821 14.041 8.068 21.789 12.258 7.737 20.65 13.746 7.494 22.93 12.871
5 24 14.186 5.729 13.801 12.377 5.076 13.716 12.282 7.768 13.64 12.284 2.591 13.66
5 24 -14.822 12.329 -5.305 -15.423 13.476 -3.914 -15.253 12.186 -4.459 -15.096 14.142 -4.352
5 24 6.082 5.72 -14.786 6.36 5.059 -14.8 5.336 2.909 -15.878 7.128 7.276 -13.623
5 24 .656 -11.124 -2.888 2.563 -9.243 -7.071 -1.448 -10.749 -5.682 3.796 -10.362 -4.728
5 24 -.704 18.331 16.347 -.639 16.079 15.356 .311 16.636 15.553 -1.476 18.141 16.196
5 24 7.515 -1.673 -12.971 8.363 -1.61 -11.067 6.259 -4.185 -12.465 9.042 .892 -11.668
5 24 7.053 2.781 18.482 5.006 1.257 17.093 4.945 3.566 17.878 5.818 -1.154 16.35
5 24 7.113 .264 16.373 7.053 2.781 18.482 5.818 -1.154 16.35 8.517 3.951 16.513
5 24 15.137 12.575 6.366 15.679 10.543 8.519 16.111 12.237 8.866 15.122 9.426 5.545
5 24 9.069 -7.002 2.947 11.7 -6.208 1.831 10.837 -5.88 3.295 9.635 -7.938 1.276
5 24 17.968 6.181 8.231 15.5 6.001 8.021 16.229 5.357 6.479 14.891 6.403 8.694
5 24 -11.266 22.597 9.606 -10.054 21.315 7.903 -11.576 22.056 8.8 -9.192 21.727 9.192
5 24 -10.873 7.345 14.867 -10.931 4.01 14.034 -10.714 3.71 15.426 -10.474 9.902 11.916
5 24 15.602 19.593 5.807 14.526 18.246 6.654 15.735 19.82 6.715 14.208 18.779 4.677
5 24 -3.308 -2.62 -15.825 -2.603 -4.723 -14.919 -.47 -3.528 -15.671 -5.845 -3.53 -14.309
5 24 -17.355 8.822 1.23 -16.117 9.374 1.164 -16.505 7.103 -1.233 -16.595 10.938 3.631
5 24 -10.408 -7.222 9.166 -12.172 -5.208 9.959 -11.187 -5.253 10.434 -11.726 -6.989 8.245
5 24 12.162 -5.835 -1.654 8.462 -6.116 -2.734 11.104 -4.441 -2.55 9.178 -7.877 -2.005
5 24 -2.05 -11.244 -.614 -5.325 -10.875 -1.189 -4.264 -11.017 -3.139 -3.894 -11.062 1.857
5 24 8.979 -7.231 11.704 6.668 -6.247 12.315 7.154 -8.223 9.664 10.094 -5.456 13.624
5 24 -17.008 1.19 4.692 -15.439 -.819 3.461 -15.658 .464 5.533 -16.437 -.105 1.699
5 24 1.082 10.105 17.862 .01 8.396 18.585 -.285 10.107 17.925 1.727 8.562 18.57
5 24 11.237 12.947 12.923 12.202 13.652 12.524 11.241 13.822 12.933 12.171 12.135 12.484
5 24 10.768 -7.183 7.671 8.593 -8.486 7.808 10.248 -7.504 9.097 9.082 -8.369 6.129
5 24 6.259 -4.185 -12.465 6.124 -1.429 -14.572 7.515 -1.673 -12.971 4.442 -3.759 -14.364
5 24 -6.278 -8.293 8.822 -5.475 -8.486 11.819 -6.318 -7.168 11.139 -5.999 -9.532 8.478
5 24 3.224 20.218 14.574 3.926 20.708 14.601 3.111 21.461 13.808 3.668 18.519 14.58
5 24 11.237 12.947 12.923 11.562 12.926 13.957 11.551 11.732 14.019 11.241 13.822 12.933
5 24 14.71 18.121 8.357 16.604 17.811 8.435 15.674 18.191 9.404 14.486 17.238 6.891
5 24 9.947 18.048 16.035 9.349 20.854 17.123 7.582 18.989 16.063 11.099 20.084 17.009
5 24 -11.316 -5.128 -1.982 -12.661 -4.317 -1.985 -10.649 -5.851 -1.513 -11.864 -4.499 -2.456
5 24 9.891 2.074 16.63 7.113 .264 16.373 8.517 3.951 16.513 7.48 -1.062 16.105
5 24 4.342 -4.185 16.137 3.193 -3.96 15.473 3.56 -3.164 17.169 4.913 -5.141 14.485
5 24 -3.125 -6.244 -12.338 -3.464 -8.706 -10.017 -4.42 -6.894 -10.442 -1.726 -8.604 -12.128
5 24 -14.596 -1.488 10.645 -14.027 .494 11.554 -15.522 1.172 11.132 -13.098 .085 12.019
5 24 15.587 19.835 12.357 15.062 21.2 11.652 15.7 21.052 10.75 15.064 20.493 12.341
5 24 -3.085 -9.063 11.663 -3.467 -9.951 8.957 -1.653 -8.739 11.006 -5.302 -9.892 8.363
5 24 -2.442 16.891 16.844 -4.224 16.689 15.719 -3.743 18.582 16.117 -3.27 15.273 16.289
5 24 -2.717 3.169 -12.253 -.064 1.572 -16.066 0 4 -13 -3.123 .088 -15.729
5 24 -8.564 4.237 17.367 -8.344 4.459 16.312 -9.202 1.81 15.525 -4.246 10.467 16.346
5 24 9.459 12.817 15.103 9.937 12.432 15.3 8.983 10.196 15.62 10.387 14.084 15.401
5 24 -8.48 17.986 12.785 -10.09 20.739 12.134 -8.185 19.594 13.209 -10.141 17.58 12.12
5 24 -13.699 13.354 -8.127 -12.503 12.284 -9.856 -13.062 14.389 -8.467 -13.473 11.54 -8.991
5 24 11.556 15.361 14.41 11.694 13.915 14.546 11.328 14.069 15.066 11.752 14.952 13.925
5 24 -1.946 14.193 15.578 -.494 15.785 18.076 -.639 16.079 15.356 -1.656 13.789 16.71
5 24 -11.187 -5.253 10.434 -10.046 -4.814 10.62 -12.18 -3.523 11.242 -10.408 -7.222 9.166
5 24 -17.877 7.248 4.217 -17.295 6.809 -.83 -17.355 8.822 1.23 -17.687 5.244 2.564
5 24 -14.923 9.479 -3.395 -15.413 10.161 -4.848 -16.063 7.908 -4.615 -14.891 11.198 -3.052
5 24 6.293 18.893 14.7 5.073 20.133 15.114 7.737 20.65 13.746 4.87 18.747 15.173
5 24 13.372 15.568 12.147 13.721 14.831 10.989 12.975 14.346 11.993 14.058 15.889 10.851
5 24 9.264 3.519 -12.103 10.566 3.975 -10.765 9.842 4.799 -11.513 9.637 1.958 -11.305
5 24 -7.704 17.221 12.963 -7.69 18.597 13.449 -7.084 17.597 13.548 -8.48 17.986 12.785
5 24 8.771 3.542 -13.287 9.088 5.573 -12.501 8.734 5.7 -13.305 9.264 3.519 -12.103
5 24 13.953 9.708 -5.618 16.155 8.845 -3.026 15.331 7.162 -6.101 15.986 10.545 .656
5 24 7.211 -8.964 3.409 6.906 -9.132 4.978 4.159 -8.727 4.094 9.618 -8.303 4.429
5 24 -17.79 13.38 1.312 -16.7 13.053 -.611 -16.619 13.551 -.664 -17.609 11.841 .786
5 24 14.106 -3.233 6.964 12.81 -3.726 9.166 11.83 -5.523 6.544 15.318 -1.665 8.508
5 24 16.039 .947 9.954 13.565 .897 12.985 12.999 -1.172 12.33 16.304 5.597 11.365
5 24 -6.579 -3.55 15.88 -6.482 -.016 17.637 -4.706 -3.653 16.129 -7.806 -.011 17.122
5 24 -4.943 8.213 16.829 -4.393 3.894 17.961 -3.114 5.259 18.461 -5.374 2.841 17.184
5 24 -16.664 3.064 -2.037 -16.632 2.899 -4.536 -16.053 .466 -3.082 -16.789 4.761 -3.047
5 24 -7.006 16.632 14.845 -7.084 17.597 13.548 -7.704 17.221 12.963 -6.346 17.919 13.956
5 24 -13.187 14.898 8.424 -14.458 14.965 7.818 -14.564 15.871 8.114 -14.363 13.187 7.761
5 24 -4.446 14.448 14.927 -5.58 14.514 14.894 -4.593 12.776 15.128 -4.871 16.448 14.821
5 24 -14.596 -1.488 10.645 -15.747 -.783 10.2 -15.522 1.172 11.132 -14.668 -3.283 7.905
5 24 -5.914 -6.469 -11.619 -4.42 -6.894 -10.442 -6.785 -7.017 -9.388 -3.125 -6.244 -12.338
5 24 -13.938 20.892 3.814 -15.438 21.179 5.172 -13.663 20.926 5.304 -15.729 21.297 4.381
5 24 -7.806 -.011 17.122 -8.564 4.237 17.367 -7.586 3.897 17.873 -9.082 .045 16.508
5 24 16.332 13.264 5.381 15.567 16.108 6.323 16.697 16.532 5.17 15.282 13.77 6.652
5 24 5.139 -3.911 16.185 5.733 -3.401 15.956 5.679 -4.752 14.215 4.664 -1.797 17.445
5 24 7.053 2.781 18.482 4.945 3.566 17.878 5.193 5.887 18.071 5.006 1.257 17.093
5 24 -10.062 -1.784 -11.361 -13.23 -1.026 -10.604 -11.319 -3.152 -9.956 -11.981 -.167 -11.741
5 24 3.668 18.519 14.58 3.224 20.218 14.574 3.926 20.708 14.601 2.988 18.595 14.501
5 24 5.086 17.809 15.486 6.293 18.893 14.7 6.253 17.245 15.273 4.87 18.747 15.173
5 24 -8.324 -5.584 12.935 -9.707 -3.173 14.133 -8.437 -3.104 13.995 -9.715 -5.788 12.701
5 24 -16.317 18.637 -.019 -15.189 20.135 -.735 -14.987 19.902 .225 -15.224 20.039 -1.483
5 24 11.423 -5.62 10.604 9.053 -6.234 9.469 10.248 -7.504 9.097 10.169 -4.196 11.145
5 24 5.336 2.909 -15.878 6.082 5.72 -14.786 6.36 5.059 -14.8 3.297 2.356 -15.956
5 24 11.502 12.997 14.528 11.779 13.876 14.231 11.562 12.926 13.957 11.694 13.915 14.546
5 24 -2.146 20.805 16.728 -2.073 22.391 14.434 -1.302 22.973 16.037 -2.421 21.912 13.88
5 24 -13.154 16.2 12.383 -12.035 15.24 13.253 -12.225 16.815 13.01 -13.155 15.282 12.325
5 24 -13.784 19.211 10.488 -13.188 19.383 8.103 -15.061 19.46 9.571 -12.23 19.509 10.202
5 24 -9.96 -6.71 -1.943 -10.985 -5.971 -2.661 -8.716 -6.6 -4.053 -10.649 -5.851 -1.513
5 24 -7.228 -7.332 -5.185 -6.17 -7.629 -5.691 -7.155 -7.312 -6.599 -6.448 -7.745 -4.368
5 24 14.776 16.972 2.606 16.697 16.532 5.17 16.478 15.157 1.942 13.88 18.064 4.696
5 24 7.113 .264 16.373 7.48 -1.062 16.105 9.891 2.074 16.63 6.39 -1.765 15.405
5 24 9.401 5.509 -11.761 11.01 6.971 -10.807 9.842 4.799 -11.513 9.721 7.185 -11.074
5 24 -5.44 -9.048 -3.611 -5.212 -9.032 -5.231 -4.456 -9.131 -4.911 -5.947 -8.847 -3.624
5 24 -13.938 20.892 3.814 -12.331 20.392 3.365 -14.517 20.213 2.558 -13.663 20.926 5.304
5 24 11.205 11.693 14.458 11.502 12.997 14.528 11.551 11.732 14.019 10.667 11.846 15.074
5 24 -11.675 -7.46 3.016 -9.887 -8.217 1.96 -12.25 -7.396 2.093 -9.565 -8.196 2.702
5 24 -6.346 17.919 13.956 -7.167 18.792 13.904 -5.381 18.493 14.672 -7.084 17.597 13.548
5 24 -14.668 -3.283 7.905 -15.719 -2.602 7.418 -15.747 -.783 10.2 -15.012 -4.244 4.612
5 24 10.848 20.055 12.777 13.365 19.848 12.946 13.347 21.33 11.749 11.544 19.149 13.163
5 24 -16.053 .466 -3.082 -14.304 -2.361 -3.813 -16.284 .978 -6.127 -15.009 -1.689 -1.629
5 24 11.544 19.149 13.163 11.476 21.676 14.994 10.848 20.055 12.777 12.128 20.428 15.713
5 24 -7.704 17.221 12.963 -7.006 16.632 14.845 -7.084 17.597 13.548 -7.71 15.879 14.431
5 24 -7.71 15.879 14.431 -7.704 17.221 12.963 -8.03 15.609 13.58 -7.006 16.632 14.845
5 24 12.65 -4.537 5.392 11.673 -4.869 3.729 12.36 -3.789 4.294 10.837 -5.88 3.295
5 24 10.852 18.672 14.408 11.614 20.256 16.361 9.947 18.048 16.035 12.128 20.428 15.713
5 24 -13.558 -3.73 8.235 -12.821 -6.645 7.266 -13.027 -5.028 9.196 -13.092 -5.415 5.715
5 24 -12.333 -6.595 4.712 -13.024 -6.154 3.852 -13.092 -5.415 5.715 -11.675 -7.46 3.016
5 24 -10.367 .944 -12.755 -12.743 3.826 -11.511 -11.981 -.167 -11.741 -11.025 3.822 -12.564
5 24 11.205 11.693 14.458 10.667 11.846 15.074 11.118 9.746 14.92 11.502 12.997 14.528
5 24 15.685 9.653 3.763 15.137 12.575 6.366 16.332 13.264 5.381 15.122 9.426 5.545
5 24 1.415 5.735 19.151 1.332 3.223 18.004 2.602 3.988 18.967 -.227 4.851 17.856
5 24 -4.835 -9.943 7.542 -5.417 -10.282 5.865 -4.517 -11.421 6.925 -5.627 -8.904 5.501
5 24 8.285 .922 -13.272 9.042 .892 -11.668 9.264 3.519 -12.103 7.515 -1.673 -12.971
5 24 9.947 18.048 16.035 7.582 18.989 16.063 9.349 20.854 17.123 9.434 17.127 15.68
5 24 -13.098 .085 12.019 -12.376 .229 12.48 -12.695 -1.147 11.779 -13.114 2.658 13.385
5 24 2.303 22.018 14.903 -2.073 22.391 14.434 -2.421 21.912 13.88 1.163 22.935 16.252
5 24 -15.061 19.46 9.571 -15.617 17.949 9.334 -15.558 18.603 8.554 -14.487 18.135 10.323
5 24 -5.965 12.281 15.247 -6.72 13.913 14.102 -7.885 10.194 14.754 -5.58 14.514 14.894
5 24 4.929 -8.923 -1.468 4.463 -8.055 -2.387 .704 -9.479 -.852 6.479 -7.125 -2.646
5 24 -14.294 12.718 -6.192 -14.313 10.207 -7.379 -14.82 10.235 -6.216 -13.322 10.984 -7.657
5 24 10.934 -3.332 -6.614 12.618 -3.104 -4.828 12.527 -1.801 -5.279 10.997 -5.092 -5.743
5 24 15.679 10.543 8.519 14.278 10.456 10.533 16.111 12.237 8.866 15.299 8.669 7.677
5 24 8.593 -8.486 7.808 7.444 -7.495 8.086 9.053 -6.234 9.469 6.573 -9.132 6.545
5 24 -8.856 -7.254 -1.323 -9.96 -6.71 -1.943 -8.024 -7.49 -.265 -7.953 -7.067 -3.016
5 24 11.328 14.069 15.066 11.016 13.301 15.221 10.387 14.084 15.401 11.694 13.915 14.546
5 24 12.999 -1.172 12.33 10.71 -1.807 12.643 11.852 -.234 13.142 12.847 -2.153 12.019
5 24 -14.993 15.014 -6.287 -15.822 17.114 -4.879 -15.932 15.12 -5.284 -14.185 17.03 -6.682
5 24 3.82 21.603 13.564 5.497 21.739 15.006 5.198 22.835 13.87 3.926 20.708 14.601
5 24 -8.696 -8.534 4.835 -10.533 -8.359 5.833 -9.416 -8.311 6.312 -9.342 -8.66 4.363
5 24 12.091 -3.456 11.499 10.71 -1.807 12.643 12.847 -2.153 12.019 10.169 -4.196 11.145
5 24 -15.502 18.117 5.524 -16.343 17.672 3.695 -17.087 19.024 4.397 -14.941 16.464 5.315
5 24 9.721 7.185 -11.074 11.01 6.971 -10.807 10.403 9.676 -9.978 9.401 5.509 -11.761
5 24 -2.146 20.805 16.728 -1.302 22.973 16.037 -2.073 22.391 14.434 -.978 21.372 17.824
5 24 5.818 -1.154 16.35 7.113 .264 16.373 7.053 2.781 18.482 6.39 -1.765 15.405
5 24 -7.886 21.839 15.363 -7.509 23.098 13.736 -7.759 22.359 12.512 -7.091 21.985 15.935
5 24 -15.189 20.135 -.735 -12.715 20.04 -1.434 -12.873 20.203 -.641 -15.224 20.039 -1.483
5 24 -14.843 10.836 7.958 -15.198 12.385 6.663 -14.363 13.187 7.761 -15.456 9.616 6.627
5 24 -16.081 14.308 -1.457 -17.431 16.059 -2.215 -16.44 14.105 -2.049 -16.035 15.245 -1.374
5 24 -6.271 23.38 14.013 -5.885 22.317 15.868 -5.316 23.023 14.584 -7.091 21.985 15.935
5 24 -7.806 -.011 17.122 -7.586 3.897 17.873 -6.539 3.21 18.042 -8.564 4.237 17.367
5 24 -15.661 7.317 -6.12 -14.82 10.235 -6.216 -16.063 7.908 -4.615 -14.313 10.207 -7.379
5 24 2.484 -1.324 18.063 4.135 -2.523 17.4 3.231 -.497 18.283 3.56 -3.164 17.169
5 24 -13.55 8.377 -9.907 -12.306 9.235 -10.756 -13.473 11.54 -8.991 -12.743 3.826 -11.511
5 24 10.001 15.614 14.561 10.475 17.18 14.021 10.775 16.259 13.733 9.434 17.127 15.68
5 24 -5.302 -9.892 8.363 -4.262 -8.853 11.779 -5.999 -9.532 8.478 -3.085 -9.063 11.663
5 24 10.597 20.654 9.649 9.192 20.697 9.192 10.459 21.05 7.297 8.355 20.675 9.752
5 24 16.68 5.513 -.706 14.891 2.818 1.093 14.584 2.151 -.046 15.587 3.939 2.809
5 24 -8.003 -6.349 -7.32 -8.421 -4.416 -5.927 -7.941 -6.666 -6.078 -8.37 -4.767 -6.945
5 24 7.243 8.955 -12.429 7.128 7.276 -13.623 6.11 7.502 -13.821 8.149 9.168 -11.543
5 24 14.526 18.246 6.654 15.735 19.82 6.715 15.031 18.795 7.839 15.602 19.593 5.807
5 24 11.635 7.625 14.668 11.458 4.813 15.345 11.935 4.975 14.536 10.873 7.538 15.694
5 24 12.02 9.899 14.047 11.205 11.693 14.458 11.118 9.746 14.92 11.551 11.732 14.019
5 24 4.816 -8.005 8.464 5.11 -8.746 7.417 3.898 -8.185 7.784 7.154 -8.223 9.664
5 24 15.952 18.648 9.643 15.367 20.246 9.216 14.665 19.968 8.73 16.357 19.285 9.998
5 24 -11.377 14.096 13.454 -12.035 15.24 13.253 -10.566 15.048 13.293 -12.27 13.737 12.926
5 24 -3.526 13.846 16.209 -1.946 14.193 15.578 -3.27 15.273 16.289 -2.597 11.969 16.015
5 24 -4.74 11.104 15.33 -4.246 10.467 16.346 -4.228 12.486 15.787 -8.344 4.459 16.312
5 24 4.135 -2.523 17.4 4.664 -1.797 17.445 5.139 -3.911 16.185 3.231 -.497 18.283
5 24 12.975 14.346 11.993 12.202 13.652 12.524 12.29 14.458 12.596 12.965 13.481 11.913
5 24 12.162 -5.835 -1.654 9.635 -7.938 1.276 9.178 -7.877 -2.005 11.7 -6.208 1.831
5 24 2.988 18.595 14.501 2.045 18.728 15.408 2.06 17.131 15.213 3.224 20.218 14.574
5 24 -4.228 12.486 15.787 -4.246 10.467 16.346 -4.74 11.104 15.33 -3.526 13.846 16.209
5 24 10.667 11.846 15.074 9.604 10.018 15.575 10.671 9.711 15.499 9.937 12.432 15.3
5 24 -10.985 -5.971 -2.661 -9.674 -6.099 -4.795 -10.568 -5.375 -5.431 -8.716 -6.6 -4.053
5 24 -12.82 19.265 .904 -14.987 19.902 .225 -13 19.93 0 -14.861 18.794 1.513
5 24 -7.345 -4.291 -12.221 -7.444 -2.041 -11.934 -7.808 -2.13 -10.727 -5.845 -3.53 -14.309
5 24 8.983 10.196 15.62 9.604 10.018 15.575 8.446 8.192 16.325 9.937 12.432 15.3
5 24 -7.085 -8.227 3.082 -9.342 -8.66 4.363 -9.231 -8.069 3.362 -6.542 -8.654 3.586
5 24 12.378 15.264 12.668 12.537 16.787 12.874 11.165 16.14 13 13.372 15.568 12.147
5 24 9.937 12.432 15.3 9.604 10.018 15.575 8.983 10.196 15.62 10.667 11.846 15.074
5 24 -2.05 -11.244 -.614 -4.264 -11.017 -3.139 -5.325 -10.875 -1.189 .656 -11.124 -2.888
5 24 9.082 -8.369 6.129 10.768 -7.183 7.671 11.403 -7.031 6.332 8.593 -8.486 7.808
5 24 9.069 -7.002 2.947 11.403 -7.031 6.332 11.83 -5.523 6.544 9.618 -8.303 4.429
5 24 15.873 -.036 1.229 15.054 -.495 4.085 13.463 -3.379 2.815 16.328 1.677 3.211
5 24 14.665 19.968 8.73 14.345 21.054 10.349 15.367 20.246 9.216 13.213 20.754 9.575
5 24 7.154 -8.223 9.664 6.668 -6.247 12.315 8.979 -7.231 11.704 5.76 -7.349 9.964
5 24 1.934 -3.034 16.422 .387 -3.985 17.119 2.157 -4.993 16.523 .472 -2.29 16.855
5 24 -6.349 10.049 15.599 -7.885 10.194 14.754 -8.145 6.924 16.658 -5.965 12.281 15.247
5 24 -8.425 -7.652 1.348 -7.232 -8.209 2.356 -9.887 -8.217 1.96 -6.733 -7.913 1.634
5 24 -10.714 3.71 15.426 -10.311 2.16 14.52 -10.931 4.01 14.034 -10.147 2.885 15.718
5 24 -5.597 -10.315 2.517 -6.404 -10.06 1.175 -6.133 -8.568 2.854 -3.894 -11.062 1.857
5 24 .49 14.254 17.803 -.522 11.798 17.216 -.494 15.785 18.076 .431 11.684 17.146
5 24 -16.556 1.66 6.902 -15.658 .464 5.533 -15.726 .879 6.727 -17.008 1.19 4.692
5 24 -6.482 -.016 17.637 -7.806 -.011 17.122 -6.579 -3.55 15.88 -6.539 3.21 18.042
5 24 -13.773 -1.339 -7.798 -14.161 1.289 -6.765 -12.975 -1.586 -6.84 -14.926 1.464 -8.369
5 24 2.563 -9.243 -7.071 -.697 -9.311 -6.995 1.446 -8.853 -7.78 -1.448 -10.749 -5.682
5 24 -4.943 8.213 16.829 -4.246 10.467 16.346 -3.114 5.259 18.461 -7.586 3.897 17.873
5 24 11.016 13.301 15.221 9.937 12.432 15.3 10.667 11.846 15.074 10.387 14.084 15.401
5 24 10.782 2.127 14.731 11.852 -.234 13.142 10.05 2.07 14.867 12.143 1.604 13.908
5 24 16.604 17.811 8.435 17.295 15.169 8.612 16.766 16.744 6.928 16.786 16.405 10.187
5 24 -5.196 21.199 15.775 -6.438 20.378 15.356 -7.091 21.985 15.935 -3.808 19.765 15.152
5 24 -4.706 -3.653 16.129 -6.579 -3.55 15.88 -6.482 -.016 17.637 -4.592 -6.343 14.08
5 24 -12.503 12.284 -9.856 -10.814 13.164 -10.821 -10.492 9.952 -12.008 -13.062 14.389 -8.467
5 24 -16.584 12.611 -.936 -16.309 13.334 -2.361 -15.675 12.366 -1.863 -16.803 13.324 -1.234
5 24 -11.384 -3.772 -7.38 -11.316 -3.397 -6.533 -12.975 -1.586 -6.84 -8.37 -4.767 -6.945
5 24 -8.48 17.986 12.785 -7.69 18.597 13.449 -7.704 17.221 12.963 -8.185 19.594 13.209
5 24 -15.57 20.864 5.875 -15.729 21.297 4.381 -15.438 21.179 5.172 -16.351 19.761 6.392
5 24 -8.337 -8.397 5.162 -7.099 -7.649 5.775 -7.749 -7.119 6.879 -6.408 -8.717 4.19
5 24 1.617 -10.998 2.739 3.192 -8.81 1.991 2.573 -10.595 3.214 2.181 -9.371 1.23
5 24 -8.37 -4.767 -6.945 -11.384 -3.772 -7.38 -11.316 -3.397 -6.533 -11.319 -3.152 -9.956
5 24 5.336 2.909 -15.878 6.035 2.273 -14.6 5.037 .058 -14.679 6.36 5.059 -14.8
5 24 -13.62 -2.983 -4.794 -14.161 1.289 -6.765 -13.481 -2.536 -4.03 -12.975 -1.586 -6.84
5 24 4.929 -8.923 -1.468 5.416 -8.927 .832 7.052 -8.549 -1.802 2.181 -9.371 1.23
5 24 10.852 18.672 14.408 9.434 17.127 15.68 10.475 17.18 14.021 9.947 18.048 16.035
5 24 1.241 13.055 17.045 .431 11.684 17.146 .49 14.254 17.803 1.394 11.56 17.24
5 24 14.278 10.456 10.533 15.299 8.669 7.677 14.625 6.934 8.946 15.679 10.543 8.519
5 24 -7.927 -3.427 15.361 -8.437 -3.104 13.995 -9.007 -1.374 14.408 -7.105 -5.236 12.873
5 24 -5.44 -9.048 -3.611 -5.527 -10.015 -2.476 -5.066 -10.013 -3.172 -6.313 -8.799 -2.262
5 24 -10.873 7.345 14.867 -10.474 9.902 11.916 -9.693 10.47 13.837 -10.931 4.01 14.034
5 24 12.65 -4.537 5.392 11.83 -5.523 6.544 14.106 -3.233 6.964 10.837 -5.88 3.295
5 24 12.377 5.076 13.716 11.635 7.625 14.668 12.282 7.768 13.64 11.935 4.975 14.536
5 24 14.372 19.064 12.767 15.587 19.835 12.357 15.214 18.206 12.087 15.064 20.493 12.341
5 24 11.082 17.211 13.053 10.852 18.672 14.408 10.475 17.18 14.021 11.544 19.149 13.163
5 24 -5.302 -9.892 8.363 -5.999 -9.532 8.478 -5.936 -9.892 7.69 -4.262 -8.853 11.779
5 24 10.563 -2.705 -6.887 11.258 -.958 -10.144 8.535 -4.161 -9.446 12.322 -1.112 -5.375
5 24 14.665 19.968 8.73 15.031 18.795 7.839 14.757 20.151 8.212 14.71 18.121 8.357
5 24 2.303 22.018 14.903 -2.421 21.912 13.88 -2.073 22.391 14.434 3.111 21.461 13.808
5 24 -14.077 11.01 9.622 -14.307 10.658 8.574 -14.771 8.51 8.949 -13.791 12.815 8.295
5 24 14.515 17.381 12.244 14.372 19.064 12.767 15.214 18.206 12.087 13.169 18.378 12.93
5 24 -14.987 19.902 .225 -13 19.93 0 -12.873 20.203 -.641 -12.82 19.265 .904
5 24 16.754 7.46 8.852 15.299 8.669 7.677 14.625 6.934 8.946 17.211 8.463 7.663
5 24 -10.566 15.048 13.293 -8.467 13.406 11.898 -11.377 14.096 13.454 -9.391 15.334 12.119
5 24 -5.936 -9.892 7.69 -5.627 -8.904 5.501 -4.835 -9.943 7.542 -6.046 -8.498 5.752
5 24 -13.114 2.658 13.385 -12.404 2.501 13.396 -12.471 3.677 13.636 -12.376 .229 12.48
5 24 14.402 16.753 10.713 16.786 16.405 10.187 15.674 18.191 9.404 16.105 15.404 10.611
5 24 2.736 -9.266 5.935 3.515 -9.941 4.561 4.23 -8.494 7.123 1.638 -10.125 4.801
5 24 -6.785 -7.017 -9.388 -7.967 -5.558 -9.702 -5.914 -6.469 -11.619 -8.003 -6.349 -7.32
5 24 15.735 19.82 6.715 15.406 20.824 7.035 15.602 19.593 5.807 14.757 20.151 8.212
5 24 13.515 -1.944 5.125 14.106 -3.233 6.964 12.65 -4.537 5.392 14.362 -.303 6.182
5 24 -8.15 19.657 13.799 -7.69 18.597 13.449 -8.185 19.594 13.209 -7.167 18.792 13.904
5 24 2.321 20.516 16.132 1.163 22.935 16.252 1.439 21.579 17.511 2.303 22.018 14.903
5 24 9.688 19.495 11.962 8.407 20.917 11.606 9.257 20.457 10.759 8.464 19.95 12.852
5 24 -13.55 8.377 -9.907 -12.743 3.826 -11.511 -12.306 9.235 -10.756 -14.009 3.753 -10.526
5 24 -6.733 -7.913 1.634 -7.232 -8.209 2.356 -8.425 -7.652 1.348 -6.133 -8.568 2.854
5 24 3.56 -3.164 17.169 1.934 -3.034 16.422 1.773 -2.099 17.764 3.193 -3.96 15.473
5 24 8.446 8.192 16.325 6.741 8.898 18.682 7.525 6.209 18.962 7.532 10.597 15.636
5 24 -8.145 6.924 16.658 -9.508 7.086 15.915 -9.695 3.392 16.182 -7.885 10.194 14.754
5 24 -5.381 18.493 14.672 -3.298 19.217 14.776 -3.808 19.765 15.152 -4.886 17.471 14.375
5 24 4.378 4.223 18.558 3.5 4.125 18.722 4.028 2.455 18.098 4.541 5.939 18.833
5 24 -14.701 16.334 6.208 -14.573 16.822 5.703 -15.311 15.082 5.827 -13.834 18.147 6.778
5 24 5.073 20.133 15.114 3.926 20.708 14.601 5.497 21.739 15.006 3.668 18.519 14.58
5 24 -13.773 -1.339 -7.798 -13.23 -1.026 -10.604 -14.926 1.464 -8.369 -11.319 -3.152 -9.956
5 24 13.698 16.454 12.35 13.169 18.378 12.93 14.515 17.381 12.244 12.537 16.787 12.874
5 24 3.98 -7.972 2.25 5.416 -8.927 .832 6.677 -7.616 2.046 3.192 -8.81 1.991
5 24 -15.423 13.476 -3.914 -16.309 13.334 -2.361 -16.44 14.105 -2.049 -15.582 12.938 -3.643
5 24 -13.024 21.738 10.157 -12.23 19.509 10.202 -13.161 21.308 9.432 -11.385 19.74 11.85
5 24 -1.946 14.193 15.578 -1.656 13.789 16.71 -2.597 11.969 16.015 -.494 15.785 18.076
5 24 16.604 17.811 8.435 16.786 16.405 10.187 15.674 18.191 9.404 17.295 15.169 8.612
5 24 4.245 11.428 17.924 2.658 10.818 17.119 3.018 12.843 17.576 4.056 9.214 17.684
5 24 3.56 -3.164 17.169 4.135 -2.523 17.4 2.484 -1.324 18.063 5.139 -3.911 16.185
5 24 -15.932 15.12 -5.284 -15.096 14.142 -4.352 -17.258 14.766 -3.441 -14.993 15.014 -6.287
5 24 -16.372 1.448 -1.045 -15.009 -1.689 -1.629 -16.053 .466 -3.082 -16.437 -.105 1.699
5 24 -9.707 -3.173 14.133 -9.715 -5.788 12.701 -11.157 -3.146 13.891 -8.324 -5.584 12.935
5 24 -8.694 .039 -12.603 -8.053 3.033 -9.67 -10.367 .944 -12.755 -7.484 2.66 -9.941
5 24 12.631 8.572 -10.009 13.267 8.457 -6.925 14.001 10.184 -8.854 12.388 7.055 -8.35
5 24 -16.009 5.341 -1.72 -17.295 6.809 -.83 -16.505 7.103 -1.233 -16.209 3.216 -.867
5 24 11.614 20.256 16.361 11.476 21.676 14.994 12.128 20.428 15.713 10.592 21.874 15.759
5 24 -17.276 9.933 5.301 -17.355 8.822 1.23 -17.877 7.248 4.217 -16.595 10.938 3.631
5 24 -6.476 -9.692 -.807 -5.527 -10.015 -2.476 -6.313 -8.799 -2.262 -5.325 -10.875 -1.189
5 24 12.202 13.652 12.524 12.29 14.458 12.596 12.975 14.346 11.993 11.241 13.822 12.933
5 24 0 21.231 13 -2.421 21.912 13.88 3.111 21.461 13.808 -2.795 20.872 12.444
5 24 16.247 4.784 4.587 19.311 6.709 5.732 17.955 7.047 2.631 18.225 5.495 6.265
5 24 14.257 4.66 -8.537 13.201 .847 -5.741 14.138 4.986 -4.262 13.16 2.058 -9.622
5 24 10.837 -5.88 3.295 11.7 -6.208 1.831 11.673 -4.869 3.729 9.069 -7.002 2.947
5 24 4.442 -3.759 -14.364 6.259 -4.185 -12.465 3.645 -7.31 -11.352 6.124 -1.429 -14.572
5 24 12.631 8.572 -10.009 10.403 9.676 -9.978 12.025 11.325 -8.454 11.01 6.971 -10.807
5 24 1.638 -10.125 4.801 3.515 -9.941 4.561 3.044 -10.268 3.888 2.736 -9.266 5.935
5 24 13.721 14.831 10.989 14.183 12.749 10.892 16.105 15.404 10.611 13.463 13.668 11.062
5 24 12.308 21.829 8.836 13.213 20.754 9.575 13.496 22.353 7.671 11.931 20.422 10.485
5 24 -15.422 8.586 8.246 -15.456 9.616 6.627 -15.434 7.824 6.486 -14.843 10.836 7.958
5 24 -3.594 -11.795 4.405 -4.244 -11.001 4.703 -4.896 -11.389 3.852 -2.877 -11.708 5.152
5 24 12.162 -5.835 -1.654 11.104 -4.441 -2.55 14.324 -2.996 -.389 8.462 -6.116 -2.734
5 24 9.053 -6.234 9.469 8.979 -7.231 11.704 7.154 -8.223 9.664 10.169 -4.196 11.145
5 24 3.645 -7.31 -11.352 4.519 -7.061 -8.578 6.259 -4.185 -12.465 1.446 -8.853 -7.78
5 24 3.336 -1.997 -14.52 6.124 -1.429 -14.572 5.037 .058 -14.679 4.442 -3.759 -14.364
5 24 16.328 1.677 3.211 15.736 1.989 5.934 16.636 3.469 5.12 15.054 -.495 4.085
5 24 2.191 14.524 18.26 .49 14.254 17.803 1.648 15.984 18.576 1.241 13.055 17.045
5 24 -16.063 7.908 -4.615 -14.82 10.235 -6.216 -15.413 10.161 -4.848 -15.661 7.317 -6.12
5 24 13.169 18.378 12.93 14.372 19.064 12.767 14.515 17.381 12.244 13.365 19.848 12.946
5 24 -15.152 11.93 -2.68 -15.253 12.186 -4.459 -15.582 12.938 -3.643 -14.891 11.198 -3.052
5 24 -14.294 12.718 -6.192 -13.322 10.984 -7.657 -13.16 12.582 -6.867 -14.313 10.207 -7.379
5 24 15.5 6.001 8.021 16.509 4.459 7.745 15.858 5.141 9.154 16.229 5.357 6.479
5 24 -2.345 8.006 16.875 -3.114 5.259 18.461 -1.652 6.611 17.232 -4.246 10.467 16.346
5 24 -12.306 9.235 -10.756 -11.025 3.822 -12.564 -10.492 9.952 -12.008 -12.743 3.826 -11.511
5 24 2.191 14.524 18.26 2.779 17.013 14.792 2.06 17.131 15.213 3.104 15.153 16.966
5 24 12.999 -1.172 12.33 12.892 -3.224 10.848 12.847 -2.153 12.019 12.81 -3.726 9.166
5 24 -14.693 -3.224 1.78 -13.934 -5.852 2.939 -15.012 -4.244 4.612 -13.039 -5.416 1.009
5 24 2.573 -10.595 3.214 3.192 -8.81 1.991 3.98 -7.972 2.25 1.617 -10.998 2.739
5 24 7.588 21.821 14.041 5.198 22.835 13.87 5.497 21.739 15.006 7.494 22.93 12.871
5 24 -8.054 -6.309 -4.385 -8.716 -6.6 -4.053 -9.674 -6.099 -4.795 -7.527 -6.932 -3.163
5 24 15.208 2.816 -3.683 14.138 4.986 -4.262 16.68 5.513 -.706 13.201 .847 -5.741
5 24 .704 -9.479 -.852 -2.05 -11.244 -.614 -.95 -10.239 .257 .656 -11.124 -2.888
5 24 4.881 -6.271 10.309 5.76 -7.349 9.964 4.492 -6.954 9.498 6.668 -6.247 12.315
5 24 -13.481 -2.536 -4.03 -12.001 -5.19 -3.391 -13.62 -2.983 -4.794 -11.864 -4.499 -2.456
5 24 14.372 19.064 12.767 13.365 19.848 12.946 15.064 20.493 12.341 13.169 18.378 12.93
5 24 9.603 15.035 14.988 10.964 15.078 15.259 10.001 15.614 14.561 10.387 14.084 15.401
5 24 -12.661 -4.317 -1.985 -11.241 -6.686 -.879 -10.649 -5.851 -1.513 -12.902 -5.254 -.931
5 24 11.935 4.975 14.536 11.798 2.208 14.543 11.458 4.813 15.345 12.284 2.591 13.66
5 24 8.363 -1.61 -11.067 11.258 -.958 -10.144 8.535 -4.161 -9.446 9.042 .892 -11.668
5 24 3.193 -3.96 15.473 3.305 -6.377 15.328 4.113 -5.016 13.971 2.157 -4.993 16.523
5 24 -10.533 -8.359 5.833 -11.726 -6.989 8.245 -10.408 -7.222 9.166 -11.44 -8.217 5.227
5 24 10.671 9.711 15.499 9.632 7.872 16.017 10.873 7.538 15.694 9.604 10.018 15.575
5 24 -4.896 -11.389 3.852 -5.45 -9.533 3.808 -5.405 -11.002 3.388 -4.244 -11.001 4.703
5 24 -3.171 -11.752 3.693 -4.896 -11.389 3.852 -3.398 -11.638 2.444 -3.594 -11.795 4.405
5 24 16.697 16.532 5.17 13.88 18.064 4.696 14.776 16.972 2.606 14.877 17.019 6.305
5 24 -15.661 7.317 -6.12 -15.292 6.57 -7.682 -16.632 2.899 -4.536 -14.313 10.207 -7.379
5 24 -14.307 10.658 8.574 -14.843 10.836 7.958 -13.791 12.815 8.295 -15.422 8.586 8.246
5 24 4.929 -8.923 -1.468 .704 -9.479 -.852 .904 -9.869 -.201 4.463 -8.055 -2.387
5 24 -.697 -9.311 -6.995 -2.056 -9.433 -8.573 -2.977 -9.359 -5.98 .042 -9.171 -9.978
5 24 -.704 18.331 16.347 1.098 18.827 16.342 .311 16.636 15.553 -.978 21.372 17.824
5 24 -14.849 4.483 -8.704 -14.763 4.855 -7.783 -14.926 1.464 -8.369 -13.847 8.743 -8.06
5 24 14.324 -2.996 -.389 13.471 -1.883 -1.801 15.873 -.036 1.229 11.104 -4.441 -2.55
5 24 7.211 -8.964 3.409 9.069 -7.002 2.947 6.677 -7.616 2.046 9.618 -8.303 4.429
5 24 -15.822 17.114 -4.879 -14.645 16.882 -3.011 -12.892 16.941 -5.556 -17.431 16.059 -2.215
5 24 -15.423 13.476 -3.914 -15.096 14.142 -4.352 -16.44 14.105 -2.049 -14.822 12.329 -5.305
5 24 -8.324 -5.584 12.935 -8.176 -7.389 10.506 -9.715 -5.788 12.701 -7.214 -7.331 10.891
5 24 5.037 .058 -14.679 6.124 -1.429 -14.572 7.048 1.109 -14.618 3.336 -1.997 -14.52
5 24 -12.518 19.663 6.893 -12.011 20.036 4.975 -13.449 20.292 6.57 -10.921 19.854 6.606
5 24 -.064 1.572 -16.066 3.297 2.356 -15.956 3.458 4.033 -15.587 -.246 -.233 -16.124
5 24 -6.733 -7.913 1.634 -8.425 -7.652 1.348 -6.873 -7.854 .668 -7.232 -8.209 2.356
5 24 -12.23 19.509 10.202 -13.996 18.505 10.674 -11.521 18.032 10.162 -13.784 19.211 10.488
5 24 -13.55 8.377 -9.907 -13.847 8.743 -8.06 -13.473 11.54 -8.991 -14.849 4.483 -8.704
5 24 -8.259 .245 -12.754 -5.674 -1.974 -14.306 -5.822 -.206 -14.866 -7.444 -2.041 -11.934
5 24 5.346 6.157 -14.58 6.082 5.72 -14.786 6.11 7.502 -13.821 3.458 4.033 -15.587
5 24 -10.367 .944 -12.755 -8.053 3.033 -9.67 -8.694 .039 -12.603 -8.444 4 -9.692
5 24 3.431 1.585 17.661 1.025 1.108 18.819 3.231 -.497 18.283 1.332 3.223 18.004
5 24 7.128 7.276 -13.623 7.914 6.508 -12.895 6.955 4.487 -14.059 8.149 9.168 -11.543
5 24 14.208 18.779 4.677 11.726 20.178 5.402 12.827 20.985 5.374 13.88 18.064 4.696
5 24 -9.342 -8.66 4.363 -8.696 -8.534 4.835 -6.542 -8.654 3.586 -10.533 -8.359 5.833
5 24 16.559 13.8 8.782 16.105 15.404 10.611 14.183 12.749 10.892 17.295 15.169 8.612
5 24 6.497 12.691 16.564 6.789 15.074 15.15 5.802 14.642 17.129 7.531 12.281 15.108
5 24 -12.404 2.501 13.396 -12.471 3.677 13.636 -13.114 2.658 13.385 -11.446 2.71 13.733
5 24 -3.085 -9.063 11.663 -1.653 -8.739 11.006 -1.132 -6.835 12.66 -3.467 -9.951 8.957
5 24 -3.467 -9.951 8.957 -4.517 -11.421 6.925 -2.729 -11.683 8.439 -4.835 -9.943 7.542
5 24 11.328 14.069 15.066 11.694 13.915 14.546 11.556 15.361 14.41 11.016 13.301 15.221
5 24 -6.785 -7.017 -9.388 -4.42 -6.894 -10.442 -5.914 -6.469 -11.619 -5.51 -7.415 -8.417
5 24 -11.521 18.032 10.162 -13.996 18.505 10.674 -11.268 17.23 10.281 -12.23 19.509 10.202
5 24 14.625 6.934 8.946 16.304 5.597 11.365 14.891 6.403 8.694 15.542 9.117 11.744
5 24 8.918 -5.331 -7.438 10.997 -5.092 -5.743 9.244 -6.82 -5.937 10.934 -3.332 -6.614
5 24 19.143 7.15 7.703 17.968 6.181 8.231 18.225 5.495 6.265 16.754 7.46 8.852
5 24 14.186 5.729 13.801 12.282 7.768 13.64 14.088 9.402 13.411 12.377 5.076 13.716
5 24 10.667 11.846 15.074 9.937 12.432 15.3 9.604 10.018 15.575 11.016 13.301 15.221
5 24 -14.458 14.965 7.818 -14.914 14.638 6.744 -15.079 15.829 6.809 -14.363 13.187 7.761
5 24 -14.926 3.948 10.935 -15.663 2.524 11.029 -15.368 4.481 9.839 -14.608 2.316 11.59
5 24 -5.947 -8.847 -3.624 -6.73 -8.146 -1.705 -6.313 -8.799 -2.262 -6.349 -8.424 -3.607
5 24 -16.505 7.103 -1.233 -17.197 10.279 .025 -16.117 9.374 1.164 -16.402 7.655 -1.695
5 24 13.463 -3.379 2.815 11.7 -6.208 1.831 11.673 -4.869 3.729 14.324 -2.996 -.389
5 24 1.082 10.105 17.862 -.285 10.107 17.925 .431 11.684 17.146 .01 8.396 18.585
5 24 -5.947 -8.847 -3.624 -5.212 -9.032 -5.231 -5.44 -9.048 -3.611 -5.825 -8.599 -5.489
5 24 -9.693 10.47 13.837 -10.474 9.902 11.916 -10.873 7.345 14.867 -8.467 13.406 11.898
5 24 -13.449 20.292 6.57 -13.663 20.926 5.304 -12.011 20.036 4.975 -15.57 20.864 5.875
5 24 9.637 1.958 -11.305 13.16 2.058 -9.622 10.566 3.975 -10.765 11.258 -.958 -10.144
5 24 -16.437 -.105 1.699 -15.439 -.819 3.461 -17.008 1.19 4.692 -14.693 -3.224 1.78
5 24 -6.539 3.21 18.042 -7.586 3.897 17.873 -7.806 -.011 17.122 -4.943 8.213 16.829
5 24 -1.476 18.141 16.196 -2.146 20.805 16.728 -2.736 19.304 15.067 -.704 18.331 16.347
5 24 16.328 1.677 3.211 14.891 2.818 1.093 15.873 -.036 1.229 15.587 3.939 2.809
5 24 11.931 20.422 10.485 13.347 21.33 11.749 13.213 20.754 9.575 10.848 20.055 12.777
5 24 -3.526 13.846 16.209 -2.597 11.969 16.015 -3.51 11.105 16.351 -1.946 14.193 15.578
5 24 12.527 -1.801 -5.279 12.618 -3.104 -4.828 10.934 -3.332 -6.614 13.797 -1.059 -3.287
5 24 -8.696 -8.534 4.835 -9.416 -8.311 6.312 -8.337 -8.397 5.162 -10.533 -8.359 5.833
5 24 -16.009 5.341 -1.72 -16.789 4.761 -3.047 -16.209 3.216 -.867 -16.014 6.707 -2.45
5 24 -.522 11.798 17.216 -1.656 13.789 16.71 -.494 15.785 18.076 -2.352 11.833 16.23
5 24 15.282 13.77 6.652 16.111 12.237 8.866 15.137 12.575 6.366 16.559 13.8 8.782
5 24 5.497 21.739 15.006 7.588 21.821 14.041 5.198 22.835 13.87 7.737 20.65 13.746
5 24 -14.822 12.329 -5.305 -14.294 12.718 -6.192 -15.096 14.142 -4.352 -14.82 10.235 -6.216
5 24 -4.592 -6.343 14.08 -6.085 -5.991 14.037 -5.475 -8.486 11.819 -6.579 -3.55 15.88
5 24 12.651 -4.991 9.025 12.204 -5.332 9.733 12.892 -3.224 10.848 10.768 -7.183 7.671
5 24 -7.155 -7.312 -6.599 -7.941 -6.666 -6.078 -8.003 -6.349 -7.32 -7.228 -7.332 -5.185
5 24 -8.991 -6.237 8.834 -8.176 -7.389 10.506 -10.046 -4.814 10.62 -6.448 -8.366 8.086
5 24 .387 -11.783 5.226 -2.729 -11.683 8.439 -1.462 -11.158 9.951 -2.877 -11.708 5.152
5 24 -10.408 -7.222 9.166 -11.726 -6.989 8.245 -12.172 -5.208 9.959 -10.533 -8.359 5.833
5 24 -.522 11.798 17.216 .431 11.684 17.146 -.285 10.107 17.925 .49 14.254 17.803
5 24 -4.244 -11.001 4.703 -5.417 -10.282 5.865 -5.45 -9.533 3.808 -4.517 -11.421 6.925
5 24 -13.188 19.383 8.103 -11.984 21.545 8.38 -12.099 19.904 7.313 -13.161 21.308 9.432
5 24 6.457 -6.108 -8.315 8.918 -5.331 -7.438 8.897 -4.319 -7.687 6.546 -7.039 -7.846
5 24 -17.687 5.244 2.564 -15.503 6.005 5.769 -15.303 4.862 5.234 -17.877 7.248 4.217
5 24 3.104 15.153 16.966 3.018 12.843 17.576 4.226 13.417 17.05 2.191 14.524 18.26
5 24 10.775 16.259 13.733 10.475 17.18 14.021 10.001 15.614 14.561 11.082 17.211 13.053
5 24 14.526 18.246 6.654 15.031 18.795 7.839 14.71 18.121 8.357 15.735 19.82 6.715
5 24 10.094 -5.456 13.624 7.213 -4.679 14.353 7.471 -2.996 15.411 6.668 -6.247 12.315
5 24 9.842 4.799 -11.513 10.566 3.975 -10.765 11.4 5.728 -9.793 9.264 3.519 -12.103
5 24 3.458 4.033 -15.587 3.297 2.356 -15.956 -.064 1.572 -16.066 6.082 5.72 -14.786
5 24 -14.304 -2.361 -3.813 -13.481 -2.536 -4.03 -12.661 -4.317 -1.985 -14.161 1.289 -6.765
5 24 .387 -11.783 5.226 .142 -10.924 4.093 1.638 -10.125 4.801 -1.455 -11.392 3.586
5 24 -6.448 -8.366 8.086 -5.936 -9.892 7.69 -6.046 -8.498 5.752 -5.999 -9.532 8.478
5 24 -9.044 21.815 10.963 -10.09 20.739 12.134 -12.146 22.357 10.668 -7.988 21.538 11.813
5 24 7.052 -8.549 -1.802 5.416 -8.927 .832 7.568 -8.711 1.052 4.929 -8.923 -1.468
5 24 -13.469 4.029 13.702 -15.016 5.293 12.166 -14.562 3.491 12.438 -13.794 6.901 13.137
5 24 -16.246 12.614 5.573 -16.595 10.938 3.631 -15.694 12.962 4.711 -17.276 9.933 5.301
5 24 -3.594 -11.795 4.405 -2.907 -11.939 4.091 -2.877 -11.708 5.152 -3.171 -11.752 3.693
5 24 4.412 -9.018 5.424 3.515 -9.941 4.561 4.159 -8.727 4.094 4.23 -8.494 7.123
5 24 -15.009 -1.689 -1.629 -14.304 -2.361 -3.813 -16.053 .466 -3.082 -12.661 -4.317 -1.985
5 24 -10.649 -5.851 -1.513 -12.001 -5.19 -3.391 -11.316 -5.128 -1.982 -10.985 -5.971 -2.661
5 24 -1.922 1.107 18.075 -.09 -.333 18.072 1.025 1.108 18.819 -2.259 -.683 17.164
5 24 -16.284 .978 -6.127 -16.632 2.899 -4.536 -16.053 .466 -3.082 -15.292 6.57 -7.682
5 24 14.776 16.972 2.606 12.551 16.053 2.256 14.566 14.881 -1.461 12.011 17.281 4.975
5 24 14.86 7.208 -2.056 16.68 5.513 -.706 15.576 9.137 1.29 14.138 4.986 -4.262
5 24 -14.941 16.464 5.315 -15.502 18.117 5.524 -14.573 16.822 5.703 -16.343 17.672 3.695
5 24 -14.861 18.794 1.513 -16.317 18.637 -.019 -14.987 19.902 .225 -17.149 17.111 .65
5 24 -3.894 -11.062 1.857 -5.325 -10.875 -1.189 -2.05 -11.244 -.614 -6.404 -10.06 1.175
5 24 -11.44 -8.217 5.227 -10.533 -8.359 5.833 -11.726 -6.989 8.245 -9.342 -8.66 4.363
5 24 -4.228 12.486 15.787 -4.74 11.104 15.33 -4.246 10.467 16.346 -4.593 12.776 15.128
5 24 10.782 2.127 14.731 11.798 2.208 14.543 12.143 1.604 13.908 11.458 4.813 15.345
5 24 14.776 16.972 2.606 12.011 17.281 4.975 13.88 18.064 4.696 12.551 16.053 2.256
5 24 .311 16.636 15.553 1.098 18.827 16.342 2.06 17.131 15.213 -.704 18.331 16.347
5 24 3.302 -9.684 8.572 3.898 -8.185 7.784 2.736 -9.266 5.935 4.288 -7.784 8.591
5 24 -5.493 22.628 12.702 -7.509 23.098 13.736 -6.271 23.38 14.013 -7.759 22.359 12.512
5 24 7.737 20.65 13.746 5.073 20.133 15.114 5.497 21.739 15.006 6.293 18.893 14.7
5 24 -2.259 -.683 17.164 -.09 -.333 18.072 -1.098 -1.612 17.059 -1.922 1.107 18.075
5 24 -15.558 18.603 8.554 -15.617 17.949 9.334 -15.061 19.46 9.571 -15.789 17.263 7.555
5 24 -3.526 13.846 16.209 -4.21 14.505 15.229 -3.27 15.273 16.289 -4.228 12.486 15.787
5 24 -5.316 23.023 14.584 -5.493 22.628 12.702 -6.271 23.38 14.013 -3.887 21.995 13.991
5 24 7.154 -8.223 9.664 4.816 -8.005 8.464 5.76 -7.349 9.964 5.11 -8.746 7.417
5 24 12.847 -2.153 12.019 10.71 -1.807 12.643 12.999 -1.172 12.33 12.091 -3.456 11.499
5 24 -6.271 23.38 14.013 -5.493 22.628 12.702 -7.509 23.098 13.736 -5.316 23.023 14.584
5 24 5.139 -3.911 16.185 5.273 -5.339 13.81 4.913 -5.141 14.485 5.679 -4.752 14.215
5 24 10.094 -5.456 13.624 6.668 -6.247 12.315 7.213 -4.679 14.353 8.979 -7.231 11.704
5 24 -5.947 -8.847 -3.624 -6.349 -8.424 -3.607 -6.73 -8.146 -1.705 -5.825 -8.599 -5.489
5 24 -11.377 14.096 13.454 -12.193 12.96 11.27 -10.348 12.808 11.385 -12.27 13.737 12.926
5 24 15.7 21.052 10.75 14.345 21.054 10.349 15.367 20.246 9.216 15.062 21.2 11.652
5 24 12.025 11.325 -8.454 14.001 10.184 -8.854 12.964 11.655 -7.239 12.631 8.572 -10.009
5 24 -8.37 -4.767 -6.945 -11.316 -3.397 -6.533 -11.384 -3.772 -7.38 -8.421 -4.416 -5.927
5 24 -6.928 -7.755 -.178 -8.23 -7.648 .006 -8.024 -7.49 -.265 -6.873 -7.854 .668
5 24 15.214 18.206 12.087 15.952 18.648 9.643 15.674 18.191 9.404 16.041 19.189 11.952
5 24 -16.014 6.707 -2.45 -16.789 4.761 -3.047 -16.009 5.341 -1.72 -16.063 7.908 -4.615
5 24 16.196 11.899 3.006 15.986 10.545 .656 15.685 9.653 3.763 16.034 13.698 -1.165
5 24 -.285 10.107 17.925 -2.345 8.006 16.875 -2.352 11.833 16.23 .01 8.396 18.585
5 24 .52 -8.715 13.516 -1.653 -8.739 11.006 -1.132 -6.835 12.66 -.326 -10.453 11.399
5 24 5.829 -8.414 6.785 6.573 -9.132 6.545 4.412 -9.018 5.424 7.444 -7.495 8.086
5 24 -13.098 .085 12.019 -14.596 -1.488 10.645 -13.467 -1.974 10.882 -14.027 .494 11.554
5 24 -14.517 20.213 2.558 -12.82 19.265 .904 -12.331 20.392 3.365 -14.861 18.794 1.513
5 24 15.736 1.989 5.934 15.239 1.76 7.622 16.509 4.459 7.745 14.362 -.303 6.182
5 24 -9.082 .045 16.508 -9.384 .597 14.747 -9.007 -1.374 14.408 -9.202 1.81 15.525
5 24 -7.886 21.839 15.363 -7.759 22.359 12.512 -7.509 23.098 13.736 -8.15 19.657 13.799
5 24 -12.712 16.636 9.493 -13.996 18.505 10.674 -14.487 18.135 10.323 -11.268 17.23 10.281
5 24 -13.098 .085 12.019 -12.695 -1.147 11.779 -12.376 .229 12.48 -13.467 -1.974 10.882
5 24 -7.69 18.597 13.449 -7.167 18.792 13.904 -8.15 19.657 13.799 -7.084 17.597 13.548
5 24 -7.232 -8.209 2.356 -9.565 -8.196 2.702 -9.231 -8.069 3.362 -9.887 -8.217 1.96
5 24 -10.568 -5.375 -5.431 -11.316 -3.397 -6.533 -12.097 -3.487 -6.217 -8.421 -4.416 -5.927
5 24 -10.254 -.652 14.665 -11.691 .153 14.612 -11.157 -3.146 13.891 -10.311 2.16 14.52
5 24 1.648 15.984 18.576 .49 14.254 17.803 -.494 15.785 18.076 2.191 14.524 18.26
5 24 11.237 12.947 12.923 11.551 11.732 14.019 11.562 12.926 13.957 12.011 10.828 12.729
5 24 15.367 20.246 9.216 16.357 19.285 9.998 16.155 20.469 9.943 15.952 18.648 9.643
5 24 -3.123 .088 -15.729 -2.717 3.169 -12.253 -5.822 -.206 -14.866 -.064 1.572 -16.066
5 24 -5.627 -8.904 5.501 -5.417 -10.282 5.865 -4.835 -9.943 7.542 -5.723 -9.126 4.707
5 24 -12.225 16.815 13.01 -12.712 16.636 9.493 -13.154 16.2 12.383 -11.268 17.23 10.281
5 24 -2.597 11.969 16.015 -1.656 13.789 16.71 -2.352 11.833 16.23 -1.946 14.193 15.578
5 24 3.426 8.768 18.771 1.727 8.562 18.57 2.44 10.186 18.037 2.985 5.844 18.931
5 24 -4.246 10.467 16.346 -7.586 3.897 17.873 -8.564 4.237 17.367 -4.943 8.213 16.829
5 24 -15.047 6.236 9.072 -15.368 4.481 9.839 -14.887 4.552 7.973 -15.016 5.293 12.166
5 24 -12.252 5.356 13.651 -10.474 9.902 11.916 -11.43 9.956 11.428 -10.931 4.01 14.034
5 24 -2.877 -11.708 5.152 -2.907 -11.939 4.091 .387 -11.783 5.226 -3.594 -11.795 4.405
5 24 -12.099 19.904 7.313 -10.054 21.315 7.903 -10.921 19.854 6.606 -11.984 21.545 8.38
5 24 15.685 9.653 3.763 19.311 6.709 5.732 16.991 9.086 6.331 17.955 7.047 2.631
5 24 -11.726 -6.989 8.245 -12.172 -5.208 9.959 -13.027 -5.028 9.196 -10.408 -7.222 9.166
5 24 3.645 -7.31 -11.352 6.259 -4.185 -12.465 4.519 -7.061 -8.578 4.442 -3.759 -14.364
5 24 19.311 6.709 5.732 18.225 5.495 6.265 19.143 7.15 7.703 16.247 4.784 4.587
5 24 9.947 18.048 16.035 11.614 20.256 16.361 11.099 20.084 17.009 10.852 18.672 14.408
5 24 -6.448 -7.745 -4.368 -7.228 -7.332 -5.185 -6.17 -7.629 -5.691 -7.305 -7.359 -3.779
5 24 1.332 3.223 18.004 -1.467 3.021 18.782 1.025 1.108 18.819 -.227 4.851 17.856
5 24 3.82 21.603 13.564 4.975 21.846 12.011 3.581 21.501 12.288 5.198 22.835 13.87
5 24 14.208 18.779 4.677 14.526 18.246 6.654 13.88 18.064 4.696 15.602 19.593 5.807
5 24 10.05 2.07 14.867 10.782 2.127 14.731 11.852 -.234 13.142 9.899 4.942 15.704
5 24 11.099 20.084 17.009 10.592 21.874 15.759 11.614 20.256 16.361 9.349 20.854 17.123
5 24 15.331 7.162 -6.101 14.86 7.208 -2.056 16.155 8.845 -3.026 14.138 4.986 -4.262
5 24 -12.333 -6.595 4.712 -12.821 -6.645 7.266 -11.44 -8.217 5.227 -13.092 -5.415 5.715
5 24 -15.434 7.824 6.486 -17.276 9.933 5.301 -17.877 7.248 4.217 -15.456 9.616 6.627
5 24 -4.871 16.448 14.821 -5.58 14.514 14.894 -4.446 14.448 14.927 -7.006 16.632 14.845
5 24 -14.027 .494 11.554 -15.522 1.172 11.132 -14.608 2.316 11.59 -14.596 -1.488 10.645
5 24 -12.146 22.357 10.668 -11.385 19.74 11.85 -13.024 21.738 10.157 -10.09 20.739 12.134
5 24 -9.391 15.334 12.119 -7.704 17.221 12.963 -8.467 13.406 11.898 -10.119 16.291 12.32
5 24 5.139 -3.911 16.185 4.664 -1.797 17.445 4.135 -2.523 17.4 5.733 -3.401 15.956
5 24 -15.009 -1.689 -1.629 -12.902 -5.254 -.931 -15.033 -2.864 .254 -12.661 -4.317 -1.985
5 24 12.537 16.787 12.874 11.082 17.211 13.053 11.165 16.14 13 13.169 18.378 12.93
5 24 -16.556 1.66 6.902 -15.726 .879 6.727 -15.658 .464 5.533 -15.769 1.407 9.014
5 24 -14.363 13.187 7.761 -14.914 14.638 6.744 -14.458 14.965 7.818 -15.198 12.385 6.663
5 24 -10.09 20.739 12.134 -11.385 19.74 11.85 -10.141 17.58 12.12 -12.146 22.357 10.668
5 24 7.532 10.597 15.636 4.245 11.428 17.924 6.741 8.898 18.682 5.359 12.314 16.858
5 24 15.679 10.543 8.519 15.122 9.426 5.545 15.137 12.575 6.366 15.299 8.669 7.677
5 24 11.4 5.728 -9.793 14.257 4.66 -8.537 13.16 2.058 -9.622 12.388 7.055 -8.35
5 24 .904 -9.869 -.201 .704 -9.479 -.852 4.929 -8.923 -1.468 -.95 -10.239 .257
5 24 -10.985 -5.971 -2.661 -10.568 -5.375 -5.431 -9.674 -6.099 -4.795 -12.001 -5.19 -3.391
5 24 14.058 15.889 10.851 13.698 16.454 12.35 14.402 16.753 10.713 13.372 15.568 12.147
5 24 -12.001 -5.19 -3.391 -13.62 -2.983 -4.794 -13.481 -2.536 -4.03 -12.097 -3.487 -6.217
5 24 9.937 12.432 15.3 8.983 10.196 15.62 9.604 10.018 15.575 9.459 12.817 15.103
5 24 -5.417 -10.282 5.865 -5.45 -9.533 3.808 -5.723 -9.126 4.707 -4.244 -11.001 4.703
5 24 -3.123 .088 -15.729 -3.263 -1.473 -15.35 -5.822 -.206 -14.866 -.246 -.233 -16.124
5 24 -2.442 16.891 16.844 -1.946 14.193 15.578 -.639 16.079 15.356 -3.27 15.273 16.289
5 24 7.737 20.65 13.746 8.068 21.789 12.258 7.588 21.821 14.041 8.464 19.95 12.852
5 24 11.248 15.069 12.947 11.147 15.172 13.165 11.165 16.14 13 11.241 13.822 12.933
5 24 -16.632 2.899 -4.536 -16.053 .466 -3.082 -16.664 3.064 -2.037 -16.284 .978 -6.127
5 24 -9.416 -8.311 6.312 -10.533 -8.359 5.833 -10.408 -7.222 9.166 -8.696 -8.534 4.835
5 24 -4.79 .106 16.344 -4.706 -3.653 16.129 -6.482 -.016 17.637 -2.864 -2.754 15.565
5 24 -3.123 .088 -15.729 -.246 -.233 -16.124 -3.263 -1.473 -15.35 -.064 1.572 -16.066
5 24 -6.318 -7.168 11.139 -5.475 -8.486 11.819 -6.085 -5.991 14.037 -6.278 -8.293 8.822
5 24 -10.119 16.291 12.32 -11.165 16.509 13.225 -10.566 15.048 13.293 -11.268 17.23 10.281
5 24 13.953 9.708 -5.618 13.474 11.209 -5.128 16.034 13.698 -1.165 12.489 11.163 -5.697
5 24 -14.517 20.213 2.558 -15.729 21.297 4.381 -13.938 20.892 3.814 -16.412 20.716 3.514
5 24 16.196 11.899 3.006 15.685 9.653 3.763 15.986 10.545 .656 16.332 13.264 5.381
5 24 -13.773 -1.339 -7.798 -14.926 1.464 -8.369 -14.161 1.289 -6.765 -13.23 -1.026 -10.604
5 24 15.986 10.545 .656 14.86 7.208 -2.056 15.576 9.137 1.29 16.155 8.845 -3.026
5 24 10.71 -1.807 12.643 10.094 -5.456 13.624 10.169 -4.196 11.145 10.531 -2.344 15.374
5 24 2.315 .033 -16.55 3.588 -.213 -16.053 5.336 2.909 -15.878 1.703 -1.878 -16.02
5 24 10.934 -3.332 -6.614 10.997 -5.092 -5.743 12.618 -3.104 -4.828 8.918 -5.331 -7.438
5 24 14.8 1.458 -.189 14.584 2.151 -.046 14.318 1.505 -1.876 14.891 2.818 1.093
5 24 -13.024 -6.154 3.852 -13.97 -4.808 5.179 -13.934 -5.852 2.939 -13.092 -5.415 5.715
5 24 -10.062 -1.784 -11.361 -11.319 -3.152 -9.956 -8.172 -3.691 -9.045 -13.23 -1.026 -10.604
5 24 -15.703 19.443 2.195 -14.517 20.213 2.558 -14.861 18.794 1.513 -16.412 20.716 3.514
5 24 10.475 17.18 14.021 11.082 17.211 13.053 10.775 16.259 13.733 10.852 18.672 14.408
5 24 -1.448 -10.749 -5.682 -.697 -9.311 -6.995 2.563 -9.243 -7.071 -2.977 -9.359 -5.98
5 24 2.315 .033 -16.55 3.297 2.356 -15.956 -.246 -.233 -16.124 5.336 2.909 -15.878
5 24 17.955 7.047 2.631 15.587 3.939 2.809 16.68 5.513 -.706 16.247 4.784 4.587
5 24 -17.609 11.841 .786 -16.7 13.053 -.611 -16.584 12.611 -.936 -17.79 13.38 1.312
5 24 -15.502 18.117 5.524 -14.573 16.822 5.703 -14.941 16.464 5.315 -14.808 18.688 6.559
5 24 3.305 -6.377 15.328 -.004 -6.812 15.183 .52 -8.715 13.516 2.157 -4.993 16.523
5 24 -14.668 -3.283 7.905 -15.012 -4.244 4.612 -15.719 -2.602 7.418 -13.97 -4.808 5.179
5 24 16.991 9.086 6.331 19.143 7.15 7.703 17.211 8.463 7.663 19.311 6.709 5.732
5 24 -7.155 -7.312 -6.599 -8.003 -6.349 -7.32 -7.941 -6.666 -6.078 -6.785 -7.017 -9.388
5 24 -7.099 -7.649 5.775 -6.046 -8.498 5.752 -6.448 -8.366 8.086 -6.305 -8.355 4.911
5 24 12.965 13.481 11.913 12.975 14.346 11.993 12.202 13.652 12.524 13.463 13.668 11.062
5 24 -11.319 -3.152 -9.956 -8.172 -3.691 -9.045 -10.062 -1.784 -11.361 -8.37 -4.767 -6.945
5 24 3.426 8.768 18.771 5.193 5.887 18.071 4.541 5.939 18.833 4.056 9.214 17.684
5 24 -2.877 -11.708 5.152 -2.729 -11.683 8.439 .387 -11.783 5.226 -4.517 -11.421 6.925
5 24 12.282 7.768 13.64 11.635 7.625 14.668 12.02 9.899 14.047 12.377 5.076 13.716
5 24 16.991 9.086 6.331 17.211 8.463 7.663 19.143 7.15 7.703 15.299 8.669 7.677
5 24 -16.309 13.334 -2.361 -16.44 14.105 -2.049 -16.803 13.324 -1.234 -15.423 13.476 -3.914
5 24 18.225 5.495 6.265 16.229 5.357 6.479 16.247 4.784 4.587 17.968 6.181 8.231
5 24 -1.922 1.107 18.075 -1.467 3.021 18.782 1.025 1.108 18.819 -4.393 3.894 17.961
5 24 16.357 19.285 9.998 15.7 21.052 10.75 16.041 19.189 11.952 16.155 20.469 9.943
5 24 -13.699 13.354 -8.127 -13.909 13.746 -5.623 -13.16 12.582 -6.867 -14.993 15.014 -6.287
5 24 -6.085 -5.991 14.037 -7.105 -5.236 12.873 -7.927 -3.427 15.361 -6.318 -7.168 11.139
5 24 10.459 21.05 7.297 10.597 20.654 9.649 9.192 20.697 9.192 12.308 21.829 8.836
5 24 4.135 -2.523 17.4 3.231 -.497 18.283 2.484 -1.324 18.063 4.664 -1.797 17.445
5 24 -7.214 -7.331 10.891 -8.324 -5.584 12.935 -7.105 -5.236 12.873 -8.176 -7.389 10.506
5 24 -17.197 10.279 .025 -15.675 12.366 -1.863 -15.152 11.93 -2.68 -16.584 12.611 -.936
5 24 -15.368 16.855 2.326 -17.149 17.111 .65 -15.868 15.307 3.03 -14.861 18.794 1.513
5 24 -15.152 11.93 -2.68 -15.582 12.938 -3.643 -15.253 12.186 -4.459 -16.309 13.334 -2.361
5 24 -16.372 1.448 -1.045 -16.555 3.597 .488 -17.268 2.945 3.586 -16.209 3.216 -.867
5 24 12.29 14.458 12.596 11.248 15.069 12.947 12.378 15.264 12.668 11.241 13.822 12.933
5 24 11.147 15.172 13.165 11.752 14.952 13.925 11.241 13.822 12.933 11.556 15.361 14.41
5 24 -12.331 20.392 3.365 -14.517 20.213 2.558 -12.82 19.265 .904 -13.938 20.892 3.814
5 24 8.149 9.168 -11.543 7.94 8.566 -10.029 8.56 8.118 -11.043 7.238 9.398 -10.498
5 24 -.978 21.372 17.824 -1.302 22.973 16.037 1.163 22.935 16.252 -2.146 20.805 16.728
5 24 15.031 18.795 7.839 14.757 20.151 8.212 14.665 19.968 8.73 15.735 19.82 6.715
5 24 -2.736 19.304 15.067 -3.743 18.582 16.117 -3.298 19.217 14.776 -1.476 18.141 16.196
5 24 11.147 15.172 13.165 11.165 16.14 13 11.248 15.069 12.947 10.775 16.259 13.733
5 24 6.035 2.273 -14.6 7.048 1.109 -14.618 5.037 .058 -14.679 7.927 3.641 -14.36
5 24 7.515 -1.673 -12.971 9.042 .892 -11.668 8.363 -1.61 -11.067 8.285 .922 -13.272
5 24 -11.157 -3.146 13.891 -11.274 -2.736 11.553 -11.572 -2.02 11.891 -9.715 -5.788 12.701
5 24 -8.175 13.393 13.528 -7.885 10.194 14.754 -9.693 10.47 13.837 -6.72 13.913 14.102
5 24 -2.977 -9.359 -5.98 -3.967 -9.255 -6.972 -2.056 -9.433 -8.573 -4.456 -9.131 -4.911
5 24 -16.584 12.611 -.936 -16.803 13.324 -1.234 -16.309 13.334 -2.361 -16.7 13.053 -.611
5 24 -10.649 -5.851 -1.513 -11.241 -6.686 -.879 -8.024 -7.49 -.265 -12.661 -4.317 -1.985
5 24 -8.337 -8.397 5.162 -8.696 -8.534 4.835 -9.416 -8.311 6.312 -6.408 -8.717 4.19
5 24 8.363 -1.61 -11.067 8.535 -4.161 -9.446 7.411 -3.989 -10.202 11.258 -.958 -10.144
5 24 -17.431 16.059 -2.215 -14.645 16.882 -3.011 -15.822 17.114 -4.879 -16.035 15.245 -1.374
5 24 -6.72 13.913 14.102 -5.58 14.514 14.894 -5.965 12.281 15.247 -7.71 15.879 14.431
5 24 8.897 -4.319 -7.687 10.934 -3.332 -6.614 10.563 -2.705 -6.887 8.918 -5.331 -7.438
5 24 16.332 13.264 5.381 15.282 13.77 6.652 15.567 16.108 6.323 15.137 12.575 6.366
5 24 -14.487 18.135 10.323 -15.061 19.46 9.571 -15.617 17.949 9.334 -13.784 19.211 10.488
5 24 12.975 14.346 11.993 13.372 15.568 12.147 12.29 14.458 12.596 13.721 14.831 10.989
5 24 8.068 21.789 12.258 6.436 21.472 11.035 7.494 22.93 12.871 7.13 21.104 10.571
5 24 15.5 6.001 8.021 15.858 5.141 9.154 16.509 4.459 7.745 14.891 6.403 8.694
5 24 -17.268 2.945 3.586 -16.555 3.597 .488 -15.303 4.862 5.234 -16.372 1.448 -1.045
5 24 10.775 16.259 13.733 10.964 15.078 15.259 10.001 15.614 14.561 11.556 15.361 14.41
5 24 -6.349 -8.424 -3.607 -6.448 -7.745 -4.368 -5.825 -8.599 -5.489 -6.688 -7.814 -3.033
5 24 -17.431 16.059 -2.215 -16.44 14.105 -2.049 -16.081 14.308 -1.457 -17.258 14.766 -3.441
5 24 -14.914 14.638 6.744 -16.246 12.614 5.573 -15.198 12.385 6.663 -15.311 15.082 5.827
5 24 -12.471 3.677 13.636 -10.931 4.01 14.034 -11.446 2.71 13.733 -12.252 5.356 13.651
5 24 -13.473 11.54 -8.991 -13.847 8.743 -8.06 -13.322 10.984 -7.657 -13.55 8.377 -9.907
5 24 -8.003 -6.349 -7.32 -8.37 -4.767 -6.945 -7.967 -5.558 -9.702 -8.421 -4.416 -5.927
5 24 -7.084 17.597 13.548 -7.167 18.792 13.904 -6.346 17.919 13.956 -7.69 18.597 13.449
5 24 -5.066 -10.013 -3.172 -4.456 -9.131 -4.911 -5.44 -9.048 -3.611 -4.264 -11.017 -3.139
5 24 -15.311 15.082 5.827 -15.694 12.962 4.711 -14.941 16.464 5.315 -16.246 12.614 5.573
5 24 -2.421 21.912 13.88 -2.795 20.872 12.444 -3.005 21.28 13.513 0 21.231 13
5 24 -2.603 -4.723 -14.919 .796 -4.262 -14.173 -3.125 -6.244 -12.338 -.47 -3.528 -15.671
5 24 3.82 21.603 13.564 3.926 20.708 14.601 5.497 21.739 15.006 3.111 21.461 13.808
5 24 -13.663 20.926 5.304 -12.331 20.392 3.365 -12.011 20.036 4.975 -13.938 20.892 3.814
5 24 -10.254 -.652 14.665 -10.311 2.16 14.52 -11.691 .153 14.612 -9.384 .597 14.747
5 24 -6.346 17.919 13.956 -5.381 18.493 14.672 -4.886 17.471 14.375 -7.167 18.792 13.904
5 24 -17.79 13.38 1.312 -15.663 12.723 3.56 -17.489 15.566 1.173 -17.609 11.841 .786
5 24 12.308 21.829 8.836 10.459 21.05 7.297 10.597 20.654 9.649 13.496 22.353 7.671
5 24 8.891 8.393 -10.713 9.192 9.65 -9.192 10.403 9.676 -9.978 8.193 8.521 -9.86
5 24 -6.873 -7.854 .668 -6.404 -10.06 1.175 -6.476 -9.692 -.807 -6.733 -7.913 1.634
5 24 15.685 9.653 3.763 15.986 10.545 .656 15.576 9.137 1.29 16.196 11.899 3.006
5 24 .042 -9.171 -9.978 2.081 -6.573 -13.864 3.645 -7.31 -11.352 -1.726 -8.604 -12.128
5 24 -11.169 -6.918 .886 -9.887 -8.217 1.96 -12.25 -7.396 2.093 -8.425 -7.652 1.348
5 24 -5.45 -9.533 3.808 -5.405 -11.002 3.388 -4.896 -11.389 3.852 -5.597 -10.315 2.517
5 24 -10.649 -5.851 -1.513 -9.96 -6.71 -1.943 -10.985 -5.971 -2.661 -8.024 -7.49 -.265
5 24 8.983 10.196 15.62 8.446 8.192 16.325 9.604 10.018 15.575 7.532 10.597 15.636
5 24 -.639 16.079 15.356 -2.442 16.891 16.844 -1.476 18.141 16.196 -1.946 14.193 15.578
5 24 .01 8.396 18.585 -2.345 8.006 16.875 -.285 10.107 17.925 -1.652 6.611 17.232
5 24 -3.04 -1.87 16.019 -2.652 -2.548 17.184 -2.875 -1.43 16.425 -2.864 -2.754 15.565
5 24 -4.79 .106 16.344 -2.875 -1.43 16.425 -3.04 -1.87 16.019 -2.259 -.683 17.164
5 24 16.697 16.532 5.17 15.567 16.108 6.323 14.877 17.019 6.305 16.332 13.264 5.381
5 24 8.897 -4.319 -7.687 8.535 -4.161 -9.446 10.563 -2.705 -6.887 6.457 -6.108 -8.315
5 24 -2.877 -11.708 5.152 -4.517 -11.421 6.925 -2.729 -11.683 8.439 -4.244 -11.001 4.703
5 24 -14.077 11.01 9.622 -14.771 8.51 8.949 -15.089 7.067 11.627 -14.307 10.658 8.574
5 24 -12.011 16.465 -4.975 -12.892 16.941 -5.556 -10.479 15.381 -7.268 -12.504 16.734 -2.495
5 24 7.515 -1.673 -12.971 8.285 .922 -13.272 7.048 1.109 -14.618 9.042 .892 -11.668
5 24 10.169 -4.196 11.145 10.094 -5.456 13.624 10.71 -1.807 12.643 8.979 -7.231 11.704
5 24 5.998 -4.27 13.493 7.213 -4.679 14.353 6.213 -2.91 14.658 6.668 -6.247 12.315
5 24 -15.502 18.117 5.524 -16.351 19.761 6.392 -16.908 19.126 5.726 -14.808 18.688 6.559
5 24 -16.437 -.105 1.699 -14.693 -3.224 1.78 -15.033 -2.864 .254 -15.439 -.819 3.461
5 24 -12.503 12.284 -9.856 -12.306 9.235 -10.756 -10.492 9.952 -12.008 -13.473 11.54 -8.991
5 24 15.137 12.575 6.366 16.111 12.237 8.866 15.679 10.543 8.519 15.282 13.77 6.652
5 24 -17.276 9.933 5.301 -16.595 10.938 3.631 -17.355 8.822 1.23 -16.246 12.614 5.573
5 24 4.028 2.455 18.098 1.332 3.223 18.004 3.431 1.585 17.661 2.602 3.988 18.967
5 24 6.677 -7.616 2.046 7.568 -8.711 1.052 9.069 -7.002 2.947 5.416 -8.927 .832
5 24 -12.172 -5.208 9.959 -13.027 -5.028 9.196 -13.087 -3.456 10.827 -11.726 -6.989 8.245
5 24 .142 -10.924 4.093 .631 -11.381 2.274 1.617 -10.998 2.739 -1.455 -11.392 3.586
5 24 2.191 14.524 18.26 1.241 13.055 17.045 3.018 12.843 17.576 .49 14.254 17.803
5 24 -8.024 -7.49 -.265 -11.241 -6.686 -.879 -8.23 -7.648 .006 -10.649 -5.851 -1.513
5 24 4.226 13.417 17.05 5.802 14.642 17.129 3.104 15.153 16.966 5.359 12.314 16.858
5 24 13.372 15.568 12.147 13.698 16.454 12.35 12.537 16.787 12.874 14.058 15.889 10.851
5 24 -1.098 -1.612 17.059 -2.221 -1.817 17.626 -2.259 -.683 17.164 -1.296 -2.791 17.349
5 24 6.546 -7.039 -7.846 7.236 -8.387 -5.854 2.563 -9.243 -7.071 9.244 -6.82 -5.937
5 24 9.632 7.872 16.017 9.899 4.942 15.704 8.455 5.062 16.036 10.873 7.538 15.694
5 24 -4.79 .106 16.344 -6.482 -.016 17.637 -4.706 -3.653 16.129 -5.374 2.841 17.184
5 24 -12.376 .229 12.48 -11.685 -1.235 12.195 -12.695 -1.147 11.779 -11.638 .228 13.071
5 24 8.455 5.062 16.036 7.525 6.209 18.962 8.517 3.951 16.513 8.446 8.192 16.325
5 24 -13.188 19.383 8.103 -12.518 19.663 6.893 -13.834 18.147 6.778 -12.099 19.904 7.313
5 24 -15.663 12.723 3.56 -17.489 15.566 1.173 -17.79 13.38 1.312 -15.868 15.307 3.03
5 24 14.8 1.458 -.189 13.797 -1.059 -3.287 13.471 -1.883 -1.801 14.191 .139 -2.67
5 24 -15.719 -2.602 7.418 -15.658 .464 5.533 -15.726 .879 6.727 -15.439 -.819 3.461
5 24 1.415 5.735 19.151 2.985 5.844 18.931 2.602 3.988 18.967 1.727 8.562 18.57
5 24 7.515 -1.673 -12.971 6.124 -1.429 -14.572 7.048 1.109 -14.618 6.259 -4.185 -12.465
5 24 -12.715 20.04 -1.434 -14.609 17.512 -2.367 -12.504 16.734 -2.495 -15.224 20.039 -1.483
5 24 -8.421 -4.416 -5.927 -10.568 -5.375 -5.431 -11.316 -3.397 -6.533 -8.253 -5.386 -5.168
5 24 9.401 5.509 -11.761 9.842 4.799 -11.513 9.264 3.519 -12.103 11.01 6.971 -10.807
5 24 17.968 6.181 8.231 16.754 7.46 8.852 14.891 6.403 8.694 19.143 7.15 7.703
5 24 -4.262 -8.853 11.779 -5.475 -8.486 11.819 -5.999 -9.532 8.478 -4.592 -6.343 14.08
5 24 3.668 18.519 14.58 5.086 17.809 15.486 4.87 18.747 15.173 3.293 16.304 14.795
5 24 8.56 8.118 -11.043 8.193 8.521 -9.86 7.94 8.566 -10.029 8.891 8.393 -10.713
5 24 -7.806 -.011 17.122 -9.082 .045 16.508 -8.564 4.237 17.367 -7.927 -3.427 15.361
5 24 -8.024 -7.49 -.265 -9.96 -6.71 -1.943 -10.649 -5.851 -1.513 -8.856 -7.254 -1.323
5 24 16.155 8.845 -3.026 14.86 7.208 -2.056 15.331 7.162 -6.101 15.986 10.545 .656
5 24 -5.845 -3.53 -14.309 -4.584 -5.78 -13.415 -7.345 -4.291 -12.221 -2.603 -4.723 -14.919
5 24 -3.398 -11.638 2.444 -3.894 -11.062 1.857 -5.405 -11.002 3.388 -2.007 -10.425 1.091
5 24 -14.987 19.902 .225 -16.317 18.637 -.019 -15.189 20.135 -.735 -14.861 18.794 1.513
5 24 4.159 -8.727 4.094 6.906 -9.132 4.978 7.211 -8.964 3.409 4.412 -9.018 5.424
5 24 -.812 -10.406 .976 .904 -9.869 -.201 -2.007 -10.425 1.091 2.181 -9.371 1.23
5 24 15.674 18.191 9.404 14.515 17.381 12.244 15.214 18.206 12.087 14.402 16.753 10.713
5 24 -8.48 17.986 12.785 -10.119 16.291 12.32 -10.141 17.58 12.12 -7.704 17.221 12.963
5 24 -9.715 -5.788 12.701 -11.274 -2.736 11.553 -11.157 -3.146 13.891 -10.046 -4.814 10.62
5 24 -3.125 -6.244 -12.338 -1.726 -8.604 -12.128 .796 -4.262 -14.173 -3.464 -8.706 -10.017
5 24 10.387 14.084 15.401 9.603 15.035 14.988 9.459 12.817 15.103 10.964 15.078 15.259
5 24 7.052 -8.549 -1.802 7.568 -8.711 1.052 9.178 -7.877 -2.005 5.416 -8.927 .832
5 24 11.118 9.746 14.92 11.635 7.625 14.668 10.873 7.538 15.694 12.02 9.899 14.047
5 24 -7.305 -7.359 -3.779 -6.845 -7.765 -1.511 -6.688 -7.814 -3.033 -7.527 -6.932 -3.163
5 24 16.229 5.357 6.479 16.509 4.459 7.745 16.636 3.469 5.12 15.5 6.001 8.021
5 24 -10.408 -7.222 9.166 -10.046 -4.814 10.62 -8.991 -6.237 8.834 -11.187 -5.253 10.434
5 24 -12.001 -5.19 -3.391 -10.568 -5.375 -5.431 -10.985 -5.971 -2.661 -12.097 -3.487 -6.217
5 24 -10.062 -1.784 -11.361 -7.808 -2.13 -10.727 -8.694 .039 -12.603 -8.172 -3.691 -9.045
5 24 9.088 5.573 -12.501 9.32 7.283 -11.517 8.734 5.7 -13.305 9.401 5.509 -11.761
5 24 6.11 7.502 -13.821 7.128 7.276 -13.623 6.082 5.72 -14.786 7.243 8.955 -12.429
5 24 -.398 -1.592 -16.494 -.47 -3.528 -15.671 1.703 -1.878 -16.02 -3.308 -2.62 -15.825
5 24 -4.584 -5.78 -13.415 -3.125 -6.244 -12.338 -5.914 -6.469 -11.619 -2.603 -4.723 -14.919
5 24 -6.476 -9.692 -.807 -6.313 -8.799 -2.262 -6.73 -8.146 -1.705 -5.527 -10.015 -2.476
5 24 11.83 -5.523 6.544 12.651 -4.991 9.025 12.81 -3.726 9.166 11.403 -7.031 6.332
5 24 -16.009 5.341 -1.72 -16.505 7.103 -1.233 -16.014 6.707 -2.45 -17.295 6.809 -.83
5 24 -16.317 18.637 -.019 -16.035 15.245 -1.374 -17.149 17.111 .65 -14.609 17.512 -2.367
5 24 4.135 -2.523 17.4 5.139 -3.911 16.185 4.664 -1.797 17.445 3.56 -3.164 17.169
5 24 -14.608 2.316 11.59 -15.663 2.524 11.029 -14.926 3.948 10.935 -15.522 1.172 11.132
5 24 -15.769 1.407 9.014 -15.746 2.455 10.224 -16.72 3.278 6.94 -15.522 1.172 11.132
5 24 -4.246 10.467 16.346 -3.51 11.105 16.351 -3.526 13.846 16.209 -2.345 8.006 16.875
5 24 -13.092 -5.415 5.715 -13.024 -6.154 3.852 -13.97 -4.808 5.179 -12.333 -6.595 4.712
5 24 12.202 13.652 12.524 12.965 13.481 11.913 12.171 12.135 12.484 12.975 14.346 11.993
5 24 8.771 3.542 -13.287 8.734 5.7 -13.305 9.088 5.573 -12.501 7.927 3.641 -14.36
5 24 -13.699 13.354 -8.127 -13.16 12.582 -6.867 -13.909 13.746 -5.623 -13.473 11.54 -8.991
5 24 3.111 21.461 13.808 0 21.231 13 3.581 21.501 12.288 -2.421 21.912 13.88
5 24 11.118 9.746 14.92 10.873 7.538 15.694 10.671 9.711 15.499 11.635 7.625 14.668
5 24 -16.908 19.126 5.726 -16.412 20.716 3.514 -17.087 19.024 4.397 -15.729 21.297 4.381
5 24 2.06 17.131 15.213 1.098 18.827 16.342 2.045 18.728 15.408 .311 16.636 15.553
5 24 15.873 -.036 1.229 14.8 1.458 -.189 13.471 -1.883 -1.801 14.891 2.818 1.093
5 24 15.054 -.495 4.085 13.463 -3.379 2.815 13.515 -1.944 5.125 15.873 -.036 1.229
5 24 -9.707 -3.173 14.133 -10.254 -.652 14.665 -11.157 -3.146 13.891 -9.007 -1.374 14.408
5 24 6.36 5.059 -14.8 6.035 2.273 -14.6 5.336 2.909 -15.878 6.955 4.487 -14.059
5 24 -11.675 -7.46 3.016 -12.25 -7.396 2.093 -9.887 -8.217 1.96 -13.024 -6.154 3.852
5 24 12.827 20.985 5.374 13.496 22.353 7.671 11.726 20.178 5.402 13.538 22.118 6.874
5 24 -5.51 -7.415 -8.417 -4.928 -8.745 -7.917 -6.17 -7.629 -5.691 -3.464 -8.706 -10.017
5 24 -14.849 4.483 -8.704 -14.009 3.753 -10.526 -13.55 8.377 -9.907 -14.926 1.464 -8.369
5 24 -14.849 4.483 -8.704 -13.847 8.743 -8.06 -14.763 4.855 -7.783 -13.55 8.377 -9.907
5 24 -5.723 -9.126 4.707 -5.45 -9.533 3.808 -5.417 -10.282 5.865 -6.408 -8.717 4.19
5 24 -13.196 14.269 10.417 -12.712 16.636 9.493 -13.187 14.898 8.424 -13.154 16.2 12.383
5 24 12.162 -5.835 -1.654 11.7 -6.208 1.831 9.635 -7.938 1.276 14.324 -2.996 -.389
5 24 -.09 -.333 18.072 1.025 1.108 18.819 -1.922 1.107 18.075 2.484 -1.324 18.063
5 24 9.637 1.958 -11.305 9.264 3.519 -12.103 10.566 3.975 -10.765 9.042 .892 -11.668
5 24 9.082 -8.369 6.129 6.573 -9.132 6.545 6.906 -9.132 4.978 8.593 -8.486 7.808
5 24 6.259 -4.185 -12.465 7.411 -3.989 -10.202 4.519 -7.061 -8.578 8.363 -1.61 -11.067
5 24 -13.663 20.926 5.304 -13.938 20.892 3.814 -12.331 20.392 3.365 -15.438 21.179 5.172
5 24 -.522 11.798 17.216 -.494 15.785 18.076 .49 14.254 17.803 -1.656 13.789 16.71
5 24 -2.907 -11.939 4.091 -1.455 -11.392 3.586 .387 -11.783 5.226 -3.171 -11.752 3.693
5 24 15.674 18.191 9.404 15.214 18.206 12.087 14.515 17.381 12.244 15.952 18.648 9.643
5 24 9.069 -7.002 2.947 7.568 -8.711 1.052 6.677 -7.616 2.046 9.635 -7.938 1.276
5 24 14.566 14.881 -1.461 12.551 16.053 2.256 13 14.953 0 14.776 16.972 2.606
5 24 -16.246 12.614 5.573 -15.694 12.962 4.711 -16.595 10.938 3.631 -15.311 15.082 5.827
5 24 13.201 .847 -5.741 12.322 -1.112 -5.375 15.208 2.816 -3.683 13.16 2.058 -9.622
5 24 -17.149 17.111 .65 -16.035 15.245 -1.374 -16.317 18.637 -.019 -17.489 15.566 1.173
5 24 7.211 -8.964 3.409 6.677 -7.616 2.046 9.069 -7.002 2.947 3.918 -8.387 2.834
5 24 11.118 9.746 14.92 10.671 9.711 15.499 10.873 7.538 15.694 10.667 11.846 15.074
5 24 -5.212 -9.032 -5.231 -4.928 -8.745 -7.917 -3.967 -9.255 -6.972 -5.825 -8.599 -5.489
5 24 2.381 -10.633 6.747 1.638 -10.125 4.801 2.736 -9.266 5.935 .387 -11.783 5.226
5 24 10.852 18.672 14.408 12.128 20.428 15.713 11.614 20.256 16.361 11.544 19.149 13.163
5 24 -8.856 -7.254 -1.323 -7.953 -7.067 -3.016 -7.327 -7.757 -1.173 -9.96 -6.71 -1.943
5 24 -7.327 -7.757 -1.173 -8.024 -7.49 -.265 -8.856 -7.254 -1.323 -6.928 -7.755 -.178
5 24 9.434 17.127 15.68 6.789 15.074 15.15 6.253 17.245 15.273 9.603 15.035 14.988
5 24 -11.182 -7.566 3.811 -9.565 -8.196 2.702 -11.675 -7.46 3.016 -9.231 -8.069 3.362
5 24 -2.603 -4.723 -14.919 -3.125 -6.244 -12.338 .796 -4.262 -14.173 -4.584 -5.78 -13.415
5 24 9.721 7.185 -11.074 8.891 8.393 -10.713 10.403 9.676 -9.978 9.32 7.283 -11.517
5 24 .49 14.254 17.803 1.241 13.055 17.045 2.191 14.524 18.26 .431 11.684 17.146
5 24 13.496 22.353 7.671 10.459 21.05 7.297 12.308 21.829 8.836 11.726 20.178 5.402
5 24 6.457 -6.108 -8.315 6.546 -7.039 -7.846 4.519 -7.061 -8.578 8.918 -5.331 -7.438
5 24 -13.092 -5.415 5.715 -12.821 -6.645 7.266 -13.558 -3.73 8.235 -12.333 -6.595 4.712
5 24 -16.053 .466 -3.082 -16.284 .978 -6.127 -16.632 2.899 -4.536 -14.304 -2.361 -3.813
5 24 16.478 15.157 1.942 14.776 16.972 2.606 16.697 16.532 5.17 14.566 14.881 -1.461
5 24 -17.149 17.111 .65 -15.868 15.307 3.03 -15.368 16.855 2.326 -17.489 15.566 1.173
5 24 4.412 -9.018 5.424 5.11 -8.746 7.417 4.23 -8.494 7.123 5.829 -8.414 6.785
5 24 -3.171 -11.752 3.693 -2.907 -11.939 4.091 -3.594 -11.795 4.405 -1.455 -11.392 3.586
5 24 9.618 -8.303 4.429 9.082 -8.369 6.129 11.403 -7.031 6.332 6.906 -9.132 4.978
5 24 -14.668 -3.283 7.905 -14.596 -1.488 10.645 -13.558 -3.73 8.235 -15.747 -.783 10.2
5 24 12.29 14.458 12.596 12.378 15.264 12.668 13.372 15.568 12.147 11.248 15.069 12.947
5 24 -15.932 15.12 -5.284 -15.822 17.114 -4.879 -14.993 15.014 -6.287 -17.258 14.766 -3.441
5 24 -8.03 15.609 13.58 -8.467 13.406 11.898 -8.175 13.393 13.528 -7.704 17.221 12.963
5 24 -13.938 20.892 3.814 -15.729 21.297 4.381 -15.438 21.179 5.172 -14.517 20.213 2.558
5 24 -12.661 -4.317 -1.985 -13.481 -2.536 -4.03 -11.864 -4.499 -2.456 -14.304 -2.361 -3.813
5 24 -2.056 -9.433 -8.573 -1.726 -8.604 -12.128 .042 -9.171 -9.978 -3.464 -8.706 -10.017
5 24 -15.253 12.186 -4.459 -15.423 13.476 -3.914 -15.582 12.938 -3.643 -14.822 12.329 -5.305
5 24 -10.09 20.739 12.134 -10.141 17.58 12.12 -11.385 19.74 11.85 -8.48 17.986 12.785
5 24 -13.062 14.389 -8.467 -10.814 13.164 -10.821 -12.051 15.794 -8.97 -12.503 12.284 -9.856
5 24 16.196 11.899 3.006 16.034 13.698 -1.165 16.478 15.157 1.942 15.986 10.545 .656
5 24 -15.822 17.114 -4.879 -12.892 16.941 -5.556 -14.645 16.882 -3.011 -14.185 17.03 -6.682
5 24 14.088 9.402 13.411 12.282 7.768 13.64 12.011 10.828 12.729 14.186 5.729 13.801
5 24 13.698 16.454 12.35 12.537 16.787 12.874 13.169 18.378 12.93 13.372 15.568 12.147
5 24 -5.196 21.199 15.775 -3.887 21.995 13.991 -5.316 23.023 14.584 -3.808 19.765 15.152
5 24 16.034 13.698 -1.165 14.566 14.881 -1.461 13.474 11.209 -5.128 16.478 15.157 1.942
5 24 8.517 3.951 16.513 7.525 6.209 18.962 8.455 5.062 16.036 7.053 2.781 18.482
5 24 2.191 14.524 18.26 2.06 17.131 15.213 2.779 17.013 14.792 1.648 15.984 18.576
5 24 -.09 -.333 18.072 2.484 -1.324 18.063 1.025 1.108 18.819 1.773 -2.099 17.764
5 24 -13.098 .085 12.019 -14.608 2.316 11.59 -14.027 .494 11.554 -14.562 3.491 12.438
5 24 -3.308 -2.62 -15.825 -5.674 -1.974 -14.306 -3.263 -1.473 -15.35 -5.845 -3.53 -14.309
5 24 -.978 21.372 17.824 -.704 18.331 16.347 -2.146 20.805 16.728 1.098 18.827 16.342
5 24 -4.244 -11.001 4.703 -4.517 -11.421 6.925 -2.877 -11.708 5.152 -5.417 -10.282 5.865
5 24 -5.44 -9.048 -3.611 -5.947 -8.847 -3.624 -6.313 -8.799 -2.262 -5.212 -9.032 -5.231
5 24 -5.493 22.628 12.702 -7.759 22.359 12.512 -7.509 23.098 13.736 -4.975 22.048 12.011
5 24 10.848 20.055 12.777 8.464 19.95 12.852 9.688 19.495 11.962 10.592 21.874 15.759
5 24 -14.987 19.902 .225 -12.873 20.203 -.641 -13 19.93 0 -15.189 20.135 -.735
5 24 -5.325 -10.875 -1.189 -6.476 -9.692 -.807 -6.404 -10.06 1.175 -5.527 -10.015 -2.476
5 24 -10.479 15.381 -7.268 -12.892 16.941 -5.556 -12.011 16.465 -4.975 -12.051 15.794 -8.97
5 24 .387 -11.783 5.226 1.638 -10.125 4.801 2.381 -10.633 6.747 .142 -10.924 4.093
5 24 -14.573 16.822 5.703 -14.808 18.688 6.559 -15.502 18.117 5.524 -13.834 18.147 6.778
5 24 -5.196 21.199 15.775 -7.091 21.985 15.935 -6.438 20.378 15.356 -5.885 22.317 15.868
5 24 6.11 7.502 -13.821 4.975 8.253 -12.011 6.168 9.211 -11.214 3.606 6.742 -12.283
5 24 -13.558 -3.73 8.235 -14.596 -1.488 10.645 -14.668 -3.283 7.905 -13.467 -1.974 10.882
5 24 -7.327 -7.757 -1.173 -6.845 -7.765 -1.511 -7.953 -7.067 -3.016 -6.928 -7.755 -.178
5 24 4.378 4.223 18.558 4.945 3.566 17.878 5.193 5.887 18.071 4.028 2.455 18.098
5 24 -5.374 2.841 17.184 -6.482 -.016 17.637 -4.79 .106 16.344 -6.539 3.21 18.042
5 24 -1.653 -8.739 11.006 -.326 -10.453 11.399 -1.462 -11.158 9.951 .52 -8.715 13.516
5 24 15.282 13.77 6.652 16.559 13.8 8.782 15.567 16.108 6.323 16.111 12.237 8.866
5 24 -13.699 13.354 -8.127 -13.062 14.389 -8.467 -12.503 12.284 -9.856 -14.993 15.014 -6.287
5 24 12.527 -1.801 -5.279 13.797 -1.059 -3.287 14.191 .139 -2.67 12.618 -3.104 -4.828
5 24 15.873 -.036 1.229 14.891 2.818 1.093 16.328 1.677 3.211 14.8 1.458 -.189
5 24 9.178 -7.877 -2.005 8.462 -6.116 -2.734 12.162 -5.835 -1.654 6.479 -7.125 -2.646
5 24 -1.535 -11.622 2.119 -.812 -10.406 .976 -2.007 -10.425 1.091 .631 -11.381 2.274
5 24 10.387 14.084 15.401 9.937 12.432 15.3 11.016 13.301 15.221 9.459 12.817 15.103
5 24 -5.914 -6.469 -11.619 -7.967 -5.558 -9.702 -6.785 -7.017 -9.388 -7.345 -4.291 -12.221
5 24 -9.231 -8.069 3.362 -9.565 -8.196 2.702 -7.232 -8.209 2.356 -11.182 -7.566 3.811
5 24 -3.005 21.28 13.513 -4.975 22.048 12.011 -2.795 20.872 12.444 -3.887 21.995 13.991
5 24 -12.051 15.794 -8.97 -9.192 11.268 -9.192 -10.479 15.381 -7.268 -10.814 13.164 -10.821
5 24 -16.317 18.637 -.019 -14.609 17.512 -2.367 -15.224 20.039 -1.483 -16.035 15.245 -1.374
5 24 3.606 6.742 -12.283 6.11 7.502 -13.821 5.346 6.157 -14.58 4.975 8.253 -12.011
5 24 -9.007 -1.374 14.408 -10.254 -.652 14.665 -9.384 .597 14.747 -9.707 -3.173 14.133
5 24 -8.856 -7.254 -1.323 -8.024 -7.49 -.265 -9.96 -6.71 -1.943 -7.327 -7.757 -1.173
5 24 -4.264 -11.017 -3.139 -4.456 -9.131 -4.911 -5.066 -10.013 -3.172 -2.977 -9.359 -5.98
5 24 .631 -11.381 2.274 2.181 -9.371 1.23 1.617 -10.998 2.739 -.812 -10.406 .976
5 24 16.304 5.597 11.365 14.186 5.729 13.801 15.542 9.117 11.744 13.565 .897 12.985
5 24 -10.714 3.71 15.426 -10.931 4.01 14.034 -10.311 2.16 14.52 -10.873 7.345 14.867
5 24 .042 -9.171 -9.978 3.645 -7.31 -11.352 2.081 -6.573 -13.864 1.446 -8.853 -7.78
5 24 -11.169 -6.918 .886 -13.039 -5.416 1.009 -11.241 -6.686 -.879 -12.25 -7.396 2.093
5 24 -17.877 7.248 4.217 -15.503 6.005 5.769 -15.434 7.824 6.486 -17.687 5.244 2.564
5 24 -8.23 -7.648 .006 -6.873 -7.854 .668 -6.928 -7.755 -.178 -8.425 -7.652 1.348
5 24 9.088 5.573 -12.501 9.401 5.509 -11.761 9.264 3.519 -12.103 9.32 7.283 -11.517
5 24 .656 -11.124 -2.888 4.463 -8.055 -2.387 .704 -9.479 -.852 3.796 -10.362 -4.728
5 24 7.737 20.65 13.746 5.497 21.739 15.006 5.073 20.133 15.114 7.588 21.821 14.041
5 24 -13.187 14.898 8.424 -14.564 15.871 8.114 -12.712 16.636 9.493 -14.458 14.965 7.818
5 24 3.796 -10.362 -4.728 2.563 -9.243 -7.071 7.236 -8.387 -5.854 .656 -11.124 -2.888
5 24 -17.197 10.279 .025 -15.419 11.085 2.754 -16.117 9.374 1.164 -17.609 11.841 .786
5 24 -6.928 -7.755 -.178 -6.476 -9.692 -.807 -6.73 -8.146 -1.705 -6.873 -7.854 .668
5 24 -14.771 8.51 8.949 -15.616 6.412 8.224 -15.422 8.586 8.246 -15.047 6.236 9.072
5 24 -6.278 -8.293 8.822 -7.214 -7.331 10.891 -8.176 -7.389 10.506 -6.318 -7.168 11.139
5 24 -3.51 11.105 16.351 -2.345 8.006 16.875 -2.352 11.833 16.23 -4.246 10.467 16.346
5 24 16.991 9.086 6.331 19.311 6.709 5.732 15.685 9.653 3.763 19.143 7.15 7.703
5 24 .042 -9.171 -9.978 -1.726 -8.604 -12.128 2.081 -6.573 -13.864 -2.056 -9.433 -8.573
5 24 -13.791 12.815 8.295 -14.843 10.836 7.958 -14.363 13.187 7.761 -14.307 10.658 8.574
5 24 8.285 .922 -13.272 8.771 3.542 -13.287 9.264 3.519 -12.103 7.927 3.641 -14.36
5 24 12.322 -1.112 -5.375 14.191 .139 -2.67 12.527 -1.801 -5.279 14.318 1.505 -1.876
5 24 -13.481 -2.536 -4.03 -13.62 -2.983 -4.794 -12.001 -5.19 -3.391 -14.161 1.289 -6.765
5 24 -14.304 -2.361 -3.813 -14.161 1.289 -6.765 -16.284 .978 -6.127 -13.481 -2.536 -4.03
5 24 -12.333 -6.595 4.712 -11.44 -8.217 5.227 -11.182 -7.566 3.811 -12.821 -6.645 7.266
5 24 -1.455 -11.392 3.586 -1.535 -11.622 2.119 .631 -11.381 2.274 -3.171 -11.752 3.693
5 24 15.567 16.108 6.323 17.295 15.169 8.612 16.559 13.8 8.782 16.766 16.744 6.928
5 24 -7.806 -.011 17.122 -7.927 -3.427 15.361 -9.082 .045 16.508 -6.579 -3.55 15.88
5 24 -6.72 13.913 14.102 -8.175 13.393 13.528 -7.885 10.194 14.754 -8.03 15.609 13.58
5 24 6.36 5.059 -14.8 6.955 4.487 -14.059 7.128 7.276 -13.623 6.035 2.273 -14.6
5 24 10.563 -2.705 -6.887 10.934 -3.332 -6.614 8.897 -4.319 -7.687 12.527 -1.801 -5.279
5 24 -13.024 -6.154 3.852 -13.934 -5.852 2.939 -12.25 -7.396 2.093 -13.97 -4.808 5.179
5 24 -11.675 -7.46 3.016 -13.024 -6.154 3.852 -12.333 -6.595 4.712 -12.25 -7.396 2.093
5 24 10.592 21.874 15.759 8.464 19.95 12.852 10.848 20.055 12.777 7.737 20.65 13.746
5 24 -12.306 9.235 -10.756 -12.743 3.826 -11.511 -11.025 3.822 -12.564 -13.55 8.377 -9.907
5 24 .387 -11.783 5.226 -1.455 -11.392 3.586 -2.907 -11.939 4.091 .142 -10.924 4.093
5 24 -17.687 5.244 2.564 -17.295 6.809 -.83 -16.209 3.216 -.867 -17.877 7.248 4.217
5 24 2.563 -9.243 -7.071 4.519 -7.061 -8.578 6.546 -7.039 -7.846 1.446 -8.853 -7.78
5 24 6.259 -4.185 -12.465 4.519 -7.061 -8.578 7.411 -3.989 -10.202 3.645 -7.31 -11.352
5 24 4.226 13.417 17.05 3.018 12.843 17.576 3.104 15.153 16.966 4.245 11.428 17.924
5 24 14.486 17.238 6.891 13.88 18.064 4.696 14.877 17.019 6.305 14.526 18.246 6.654
5 24 14.877 17.019 6.305 16.766 16.744 6.928 15.567 16.108 6.323 14.486 17.238 6.891
5 24 16.766 16.744 6.928 17.295 15.169 8.612 15.567 16.108 6.323 16.604 17.811 8.435
5 24 14.71 18.121 8.357 15.674 18.191 9.404 16.604 17.811 8.435 14.665 19.968 8.73
5 24 5.273 -5.339 13.81 4.881 -6.271 10.309 4.113 -5.016 13.971 5.479 -5.396 11.904
5 24 -16.412 20.716 3.514 -17.087 19.024 4.397 -16.908 19.126 5.726 -16.343 17.672 3.695
5 24 3.111 21.461 13.808 3.581 21.501 12.288 3.82 21.603 13.564 0 21.231 13
5 24 8.407 20.917 11.606 7.13 21.104 10.571 8.355 20.675 9.752 8.068 21.789 12.258
5 24 -9.044 21.815 10.963 -9.192 21.727 9.192 -7.141 21.26 10.563 -11.266 22.597 9.606
5 24 -9.192 21.727 9.192 -9.192 2 9.192 -7.141 21.26 10.563 -10.054 21.315 7.903
5 24 -10.054 21.315 7.903 -11.984 21.545 8.38 -11.576 22.056 8.8 -12.099 19.904 7.313
5 24 -14.609 17.512 -2.367 -12.504 16.734 -2.495 -14.645 16.882 -3.011 -12.715 20.04 -1.434
5 24 -12.099 19.904 7.313 -10.921 19.854 6.606 -10.054 21.315 7.903 -12.518 19.663 6.893
5 24 -7.141 21.26 10.563 -7.988 21.538 11.813 -9.044 21.815 10.963 -4.975 22.048 12.011
5 24 -3.005 21.28 13.513 -2.795 20.872 12.444 -4.975 22.048 12.011 -2.421 21.912 13.88