0 Minifig Beard with Long Spiral Double
0 Name: 3177.dat
0 Author: Philippe Hurbain [Philo]
0 !LDRAW_ORG Part UPDATE 2026-07
0 !LICENSE Licensed under CC BY 4.0 : see CAreadme.txt

0 BFC CERTIFY CCW

0 !CATEGORY Minifig Neckwear
0 !KEYWORDS Brickowl 848756

0 !HISTORY 2026-07-30 [OrionP] Official Update 2026-07

1 16 0 0 0 1 0 0 0 1 0 0 0 1 s\3177s01.dat
1 16 0 0 0 -1 0 0 0 1 0 0 0 1 s\3177s01.dat
4 16 0 -7.092 -13.1975 -3.6 -7.056 -12.542 -3.65 -11.9 -12.63 -1.416 -11.986 -13.035
3 16 -3.65 -11.9 -12.63 -3.6 -7.056 -12.542 -5.793 -10.139 -11.923
3 16 -1.416 -11.986 -13.035 0.884 -11.911 -13.134 0 -7.092 -13.1975
4 16 3.6 -7.056 -12.542 0 -7.092 -13.1975 0.884 -11.911 -13.134 3.32 -11.89 -12.72
3 16 3.32 -11.89 -12.72 5.793 -10.139 -11.923 3.6 -7.056 -12.542
2 24 5.793 -10.139 -11.923 3.32 -11.89 -12.72
2 24 -1.416 -11.986 -13.035 -3.65 -11.9 -12.63
2 24 -3.65 -11.9 -12.63 -5.793 -10.139 -11.923
2 24 3.32 -11.89 -12.72 0.884 -11.911 -13.134
2 24 0.884 -11.911 -13.134 -1.416 -11.986 -13.035
4 16 -8.75 22.63 -10 -8.99 22.22 -10 -9.37 18.18 -10 -7.24 18.91 -10
4 16 -9.37 18.18 -10 -9.73 17.26 -10 -10.09 16.02 -10 -7.24 18.91 -10
4 16 -10.09 16.02 -10 -9.8 13.53 -10 -7.24 0 -10 -7.24 18.91 -10
3 16 -9.8 13.53 -10 -10.27 12.63 -10 -7.24 0 -10
4 16 -10.33 7.05 -10 -7.24 0 -10 -10.27 12.63 -10 -10.58 11.43 -10
4 16 -10.33 7.05 -10 -10.44 6.6 -10 -10.77 4.14 -10 -7.24 0 -10
3 16 -10.77 4.14 -10 -10.71 3.11 -10 -7.24 0 -10
3 16 -7.24 0 -10 -10.71 3.11 -10 -11.03 0 -10
3 16 -10.973 -5.26 -10.578 -11.944 0 -11.188 -10.04 -2.38 -13.03
3 16 -9.25 -3.74 -13.76 -10.973 -5.26 -10.578 -10.04 -2.38 -13.03
3 16 -8.41 -6.22 -13.59 -10.973 -5.26 -10.578 -9.25 -3.74 -13.76
3 16 -10.973 -5.26 -10.578 -8.41 -6.22 -13.59 -8.87 -7.06 -11.79
3 16 -7.43 -8.09 -12.29 -8.87 -7.06 -11.79 -8.41 -6.22 -13.59
3 16 -11.944 0 -11.188 -11.03 0 -11.81 -10.04 -2.38 -13.03
3 16 -11.03 0 -11.81 -10.4 0.49 -12.54 -10.04 -2.38 -13.03
3 16 1.86 -1.17 -18.07 3.49 -2.17 -17.62 1.15 -3.34 -16.81
3 16 1.15 -3.34 -16.81 3.49 -2.17 -17.62 2.35 -3.91 -16.36
3 16 3.49 -2.17 -17.62 1.86 -1.17 -18.07 4.98 0.35 -18.08
3 16 4.98 0.35 -18.08 1.86 -1.17 -18.07 3.48 1.66 -18.39
3 16 3.48 1.66 -18.39 5.96 1.51 -17.78 4.98 0.35 -18.08
3 16 4.64 3.03 -17.91 5.96 1.51 -17.78 3.48 1.66 -18.39
3 16 6.5 3.67 -17.05 5.96 1.51 -17.78 4.64 3.03 -17.91
3 16 7.08 2.83 -16.94 5.96 1.51 -17.78 6.5 3.67 -17.05
3 16 7.84 4.1 -15.65 7.08 2.83 -16.94 6.5 3.67 -17.05
3 16 8.1 3.68 -15.59 7.08 2.83 -16.94 7.84 4.1 -15.65
3 16 8.76 4.4 -13.95 8.1 3.68 -15.59 7.84 4.1 -15.65
3 16 8.96 3.64 -13.93 8.1 3.68 -15.59 8.76 4.4 -13.95
3 16 8.76 4.4 -13.95 9.44 4.62 -12.18 8.96 3.64 -13.93
3 16 8.96 3.64 -13.93 9.44 4.62 -12.18 9.77 3.69 -12.2
3 16 10.19 4.89 -10 9.77 3.69 -12.2 9.44 4.62 -12.18
3 16 10.63 3.92 -10 9.77 3.69 -12.2 10.19 4.89 -10
3 16 7.1 9.73 -16.48 8.46 10.18 -14.56 7.87 8.9 -16.87
3 16 7.87 8.9 -16.87 8.46 10.18 -14.56 9.1 9.38 -14.6
4 16 5.35 9.72 -17.33 7.1 9.73 -16.48 7.87 8.9 -16.87 5.57 9.2 -17.69
3 16 6.34 8.15 -18.34 5.57 9.2 -17.69 7.87 8.9 -16.87
3 16 6.34 8.15 -18.34 4.62 6.82 -18.87 5.57 9.2 -17.69
3 16 5.57 9.2 -17.69 4.62 6.82 -18.87 3.46 8.23 -18.19
3 16 4.62 6.82 -18.87 3.13 5.36 -18.79 3.46 8.23 -18.19
3 16 3.46 8.23 -18.19 3.13 5.36 -18.79 1.67 6.35 -18.18
3 16 0.64 4.16 -17.74 3.13 5.36 -18.79 1.57 3.65 -17.93
3 16 3.13 5.36 -18.79 0.64 4.16 -17.74 1.67 6.35 -18.18
3 16 8.46 10.18 -14.56 9.4 10.45 -12.57 9.1 9.38 -14.6
3 16 9.1 9.38 -14.6 9.4 10.45 -12.57 9.85 9.73 -12.53
3 16 10.21 10.66 -10 9.85 9.73 -12.53 9.4 10.45 -12.57
3 16 10.54 10.09 -10 9.85 9.73 -12.53 10.21 10.66 -10
3 16 6.44 11.48 -17.5 5.35 9.72 -17.33 4.56 12.11 -17.99
3 16 4.56 12.11 -17.99 5.35 9.72 -17.33 3.41 9.12 -17.37
3 16 5.92 13.98 -17.17 6.44 11.48 -17.5 4.56 12.11 -17.99
3 16 7.49 12.37 -16.85 6.44 11.48 -17.5 5.92 13.98 -17.17
3 16 5.92 13.98 -17.17 7.77 14.66 -14.94 7.49 12.37 -16.85
3 16 7.49 12.37 -16.85 7.77 14.66 -14.94 8.76 13.33 -14.93
3 16 7.77 14.66 -14.94 9 15.16 -12.59 8.76 13.33 -14.93
3 16 8.76 13.33 -14.93 9 15.16 -12.59 9.58 13.9 -12.7
3 16 9.94 15.57 -10 9.58 13.9 -12.7 9 15.16 -12.59
3 16 9.58 13.9 -12.7 9.94 15.57 -10 10.24 14.37 -10
4 16 7.79 19.88 -13.96 8.15 19.34 -14.41 6.79 18.66 -16.1 6.58 19.3 -15.42
4 16 8.15 19.34 -14.41 7.79 19.88 -13.96 8.55 20.3 -12.35 9.07 19.84 -12.48
3 16 9.37 20.78 -10 9.07 19.84 -12.48 8.55 20.3 -12.35
3 16 9.07 19.84 -12.48 9.37 20.78 -10 9.69 20.23 -10
3 16 6.79 18.66 -16.1 3.79 18.23 -16.35 6.58 19.3 -15.42
3 16 6.58 19.3 -15.42 3.79 18.23 -16.35 3.2 18.54 -15.42
3 16 2.4 16.98 -16.5 3.2 18.54 -15.42 3.79 18.23 -16.35
3 16 0.38 17.78 -14.04 3.2 18.54 -15.42 2.4 16.98 -16.5
3 16 -0.35 16.83 -14.59 2.4 16.98 -16.5 1.6 15.48 -16.14
3 16 2.4 16.98 -16.5 -0.35 16.83 -14.59 0.38 17.78 -14.04
3 16 1.6 15.48 -16.14 0.36 14.04 -14.97 -0.35 16.83 -14.59
3 16 1.32 13.74 -15.25 0.36 14.04 -14.97 1.6 15.48 -16.14
3 16 1.32 13.74 -15.25 1.6 15.48 -16.14 3.32 14.24 -16.23
3 16 3.32 14.24 -16.23 1.6 15.48 -16.14 4.09 15.85 -16.85
3 16 1.6 15.48 -16.14 2.4 16.98 -16.5 4.09 15.85 -16.85
3 16 4.09 15.85 -16.85 2.4 16.98 -16.5 5.4 17.52 -16.99
3 16 2.4 16.98 -16.5 3.79 18.23 -16.35 5.4 17.52 -16.99
3 16 5.4 17.52 -16.99 3.79 18.23 -16.35 6.79 18.66 -16.1
3 16 3.74 21.54 -15.95 5.56 23.24 -15.29 6.37 21.22 -15.72
3 16 6.37 21.22 -15.72 5.56 23.24 -15.29 7.02 22.65 -15.32
3 16 6.58 19.3 -15.42 3.74 21.54 -15.95 6.37 21.22 -15.72
3 16 2.3 19.1 -14.96 3.74 21.54 -15.95 6.58 19.3 -15.42
3 16 6.92 24.45 -13.62 7.02 22.65 -15.32 5.56 23.24 -15.29
3 16 7.91 24.11 -13.86 7.02 22.65 -15.32 6.92 24.45 -13.62
3 16 6.92 24.45 -13.62 7.59 24.97 -12.23 7.91 24.11 -13.86
3 16 7.91 24.11 -13.86 7.59 24.97 -12.23 8.32 24.5 -12.27
3 16 8.23 25.38 -10 8.32 24.5 -12.27 7.59 24.97 -12.23
3 16 8.86 25.02 -10 8.32 24.5 -12.27 8.23 25.38 -10
3 16 6.58 19.3 -15.42 3.2 18.54 -15.42 2.3 19.1 -14.96
3 16 3.2 18.54 -15.42 0.38 17.78 -14.04 2.3 19.1 -14.96
3 16 2.3 19.1 -14.96 0.38 17.78 -14.04 0.3 18.73 -14.25
3 16 -0.79 2.78 -17.08 -1.73 4 -17.93 0.16 3.33 -17.07
3 16 0.16 3.33 -17.07 -1.73 4 -17.93 -0.15 5.39 -17.43
3 16 -0.15 5.39 -17.43 -1.73 4 -17.93 -1.87 6.61 -18.31
3 16 -1.87 6.61 -18.31 -1.73 4 -17.93 -3.13 5.61 -18.59
3 16 -3.13 5.61 -18.59 -3.77 7.83 -18.4 -1.87 6.61 -18.31
3 16 -5 6.89 -18.56 -3.77 7.83 -18.4 -3.13 5.61 -18.59
3 16 -3.77 7.83 -18.4 -5 6.89 -18.56 -6.11 9.13 -17.61
3 16 -6.11 9.13 -17.61 -5 6.89 -18.56 -6.88 8.07 -17.75
3 16 -7.75 10.2 -16.36 -6.88 8.07 -17.75 -8.48 9.16 -16.38
3 16 -6.88 8.07 -17.75 -7.75 10.2 -16.36 -6.11 9.13 -17.61
3 16 -9.02 11.2 -14.57 -8.48 9.16 -16.38 -9.58 10.07 -14.54
3 16 -8.48 9.16 -16.38 -9.02 11.2 -14.57 -7.75 10.2 -16.36
3 16 -9.84 11.98 -12.53 -9.58 10.07 -14.54 -10.16 10.81 -12.41
3 16 -9.58 10.07 -14.54 -9.84 11.98 -12.53 -9.02 11.2 -14.57
3 16 0.16 3.33 -17.07 -0.21 1.76 -16.55 -0.79 2.78 -17.08
4 16 -10.16 10.81 -12.41 -10.58 11.43 -10 -10.27 12.63 -10 -9.84 11.98 -12.53
3 16 -0.79 2.78 -17.08 -0.21 1.76 -16.55 -0.87 2.07 -16.75
3 16 -0.25 7.32 -16.21 -0.97 8.77 -16.825 0.55 8.31 -15.95
3 16 -0.25 7.32 -16.21 -2.49 9.63 -17.7 -0.97 8.77 -16.825
3 16 -2.49 9.63 -17.7 -0.25 7.32 -16.21 -3.05 8.96 -17.55
3 16 -4.46 11.59 -18.05 -3.05 8.96 -17.55 -5.27 10.56 -17.57
3 16 -3.05 8.96 -17.55 -4.46 11.59 -18.05 -2.49 9.63 -17.7
3 16 -7.59 12.91 -16.63 -4.46 11.59 -18.05 -5.27 10.56 -17.57
3 16 -6.95 14.1 -16.98 -4.46 11.59 -18.05 -7.59 12.91 -16.63
3 16 -7.59 12.91 -16.63 -9.18 14.67 -14.87 -6.95 14.1 -16.98
3 16 -6.95 14.1 -16.98 -9.18 14.67 -14.87 -8.68 16.04 -15.11
3 16 -9.55 16.98 -12.65 -9.18 14.67 -14.87 -9.76 15.59 -12.53
3 16 -9.18 14.67 -14.87 -9.55 16.98 -12.65 -8.68 16.04 -15.11
3 16 -10.09 16.02 -10 -9.55 16.98 -12.65 -9.76 15.59 -12.53
3 16 -9.73 17.26 -10 -9.55 16.98 -12.65 -10.09 16.02 -10
3 16 -8.47 19.8 -15.23 -8.63 21.89 -12.7 -7.63 20.91 -15.07
3 16 -8.63 21.89 -12.7 -8.47 19.8 -15.23 -9.08 21.26 -12.65
3 16 -7.63 20.91 -15.07 -5.63 19.4 -16.56 -8.47 19.8 -15.23
3 16 -8.47 19.8 -15.23 -5.63 19.4 -16.56 -6.41 18.12 -16.87
3 16 -2.7 17.21 -16.95 -6.41 18.12 -16.87 -5.63 19.4 -16.56
3 16 -3.6 15.82 -17.39 -6.41 18.12 -16.87 -2.7 17.21 -16.95
3 16 -2.7 17.21 -16.95 -0.91 15.47 -16.31 -3.6 15.82 -17.39
3 16 -3.6 15.82 -17.39 -0.91 15.47 -16.31 -2.01 14.02 -16.75
3 16 0.22 12.87 -15.03 -2.01 14.02 -16.75 -0.91 15.47 -16.31
3 16 -0.13 12.12 -15.17 -2.01 14.02 -16.75 0.22 12.87 -15.03
3 16 -0.13 12.12 -15.17 -1.89 12.79 -16.33 -2.01 14.02 -16.75
3 16 -8.99 22.22 -10 -8.63 21.89 -12.7 -9.08 21.26 -12.65
3 16 -8.75 22.63 -10 -8.63 21.89 -12.7 -8.99 22.22 -10
3 16 -2.32 19.43 -15.83 -2.87 18.94 -16.07 -4.33 21.19 -16.43
3 16 -4.33 21.19 -16.43 -2.87 18.94 -16.07 -5.65 20.82 -16.05
3 16 -5.65 20.82 -16.05 -5.96 23.27 -15.88 -4.33 21.19 -16.43
3 16 -7.13 22.75 -15.25 -5.96 23.27 -15.88 -5.65 20.82 -16.05
3 16 -7.58 24.39 -14.44 -5.96 23.27 -15.88 -7.13 22.75 -15.25
3 16 -5.96 23.27 -15.88 -7.58 24.39 -14.44 -6.71 25.03 -14.58
3 16 -7.58 24.39 -14.44 -7.51 25.75 -12.62 -6.71 25.03 -14.58
3 16 -7.8 25.54 -12.6 -7.51 25.75 -12.62 -7.58 24.39 -14.44
3 16 -2.87 18.94 -16.07 -2.32 19.43 -15.83 -2.39 18.04 -15.94
4 16 0.38 17.78 -14.04 -0.35 16.83 -14.59 -2.39 18.04 -15.94 -2.32 19.43 -15.83
3 16 -7.8 25.54 -12.6 -7.91 26.13 -10 -7.51 25.75 -12.62
3 16 -8.19 25.83 -10 -7.91 26.13 -10 -7.8 25.54 -12.6
3 16 -5.25 27.87 -12.27 -4.65 26.68 -13.53 -6.54 27.08 -12.54
3 16 -6.54 27.08 -12.54 -4.65 26.68 -13.53 -5.54 26.09 -13.68
3 16 -4.65 26.68 -13.53 -4.15 24.78 -14.34 -5.54 26.09 -13.68
3 16 -3.63 25.27 -14.18 -4.15 24.78 -14.34 -4.65 26.68 -13.53
3 16 -2.51 23.01 -14.37 -3.63 25.27 -14.18 -2.09 23.9 -13.7
3 16 -1.39 22.07 -13.26 -1.41 23.41 -11.83 -1.36 22.34 -11.95
3 16 -1.41 23.41 -11.83 -1.39 22.07 -13.26 -2.09 23.9 -13.7
3 16 -2.09 23.9 -13.7 -1.39 22.07 -13.26 -2.51 23.01 -14.37
3 16 -3.63 25.27 -14.18 -2.51 23.01 -14.37 -4.15 24.78 -14.34
3 16 -4.54 24.12 -14.55 -4.15 24.78 -14.34 -2.51 23.01 -14.37
3 16 -5.54 26.09 -13.68 -4.15 24.78 -14.34 -6.02 25.2 -13.9
3 16 -6.02 25.2 -13.9 -4.15 24.78 -14.34 -4.54 24.12 -14.55
3 16 -6.54 27.08 -12.54 -6.02 25.2 -13.9 -6.98 26.03 -12.43
3 16 -6.02 25.2 -13.9 -6.54 27.08 -12.54 -5.54 26.09 -13.68
3 16 -7.03 27.58 -10 -5.25 27.87 -12.27 -6.54 27.08 -12.54
3 16 -5.28 28.46 -10 -5.25 27.87 -12.27 -7.03 27.58 -10
4 16 -1.36 22.34 -11.95 -1.41 23.41 -11.83 -1.21 23.45 -10 -1.15 22.51 -10
3 16 -7.03 27.58 -10 -6.54 27.08 -12.54 -7.45 26.44 -10
3 16 -7.45 26.44 -10 -6.54 27.08 -12.54 -6.98 26.03 -12.43
3 16 -2.51 23.01 -14.37 -5.96 23.27 -15.88 -4.54 24.12 -14.55
3 16 -5.96 23.27 -15.88 -2.51 23.01 -14.37 -4.33 21.19 -16.43
3 16 -1.5 20.52 -15.36 -4.33 21.19 -16.43 -2.51 23.01 -14.37
3 16 -2.32 19.43 -15.83 -4.33 21.19 -16.43 -1.5 20.52 -15.36
3 16 0.3 18.73 -14.25 -2.32 19.43 -15.83 -1.5 20.52 -15.36
3 16 -2.32 19.43 -15.83 0.3 18.73 -14.25 0.38 17.78 -14.04
3 16 -1.5 20.52 -15.36 -0.13 20.12 -14.27 0.3 18.73 -14.25
3 16 -2.51 23.01 -14.37 -0.13 20.12 -14.27 -1.5 20.52 -15.36
3 16 -0.13 20.12 -14.27 -2.51 23.01 -14.37 -1.39 22.07 -13.26
3 16 -0.13 20.12 -14.27 -1.39 22.07 -13.26 -0.6 21.61 -12.09
3 16 -1.36 22.34 -11.95 -0.6 21.61 -12.09 -1.39 22.07 -13.26
3 16 -5.96 23.27 -15.88 -6.71 25.03 -14.58 -4.54 24.12 -14.55
3 16 -4.54 24.12 -14.55 -6.71 25.03 -14.58 -6.02 25.2 -13.9
3 16 -6.98 26.03 -12.43 -6.71 25.03 -14.58 -7.51 25.75 -12.62
3 16 -6.71 25.03 -14.58 -6.98 26.03 -12.43 -6.02 25.2 -13.9
3 16 -1.36 22.34 -11.95 -0.49 21.96 -10 -0.6 21.61 -12.09
3 16 -1.15 22.51 -10 -0.49 21.96 -10 -1.36 22.34 -11.95
3 16 -7.91 26.13 -10 -6.98 26.03 -12.43 -7.51 25.75 -12.62
3 16 -7.45 26.44 -10 -6.98 26.03 -12.43 -7.91 26.13 -10
3 16 -8.2 22.28 -12.78 -7.19 21.43 -14.94 -8.63 21.89 -12.7
3 16 -8.63 21.89 -12.7 -7.19 21.43 -14.94 -7.63 20.91 -15.07
3 16 -5.76 20.27 -15.99 -7.63 20.91 -15.07 -7.19 21.43 -14.94
3 16 -5.63 19.4 -16.56 -7.63 20.91 -15.07 -5.76 20.27 -15.99
3 16 -2.7 17.21 -16.95 -5.76 20.27 -15.99 -2.39 18.04 -15.94
3 16 -5.76 20.27 -15.99 -2.7 17.21 -16.95 -5.63 19.4 -16.56
4 16 -0.35 16.83 -14.59 -0.91 15.47 -16.31 -2.7 17.21 -16.95 -2.39 18.04 -15.94
3 16 0.36 14.04 -14.97 -0.91 15.47 -16.31 -0.35 16.83 -14.59
3 16 0.22 12.87 -15.03 -0.91 15.47 -16.31 0.36 14.04 -14.97
3 16 -8.75 22.63 -10 -8.2 22.28 -12.78 -8.63 21.89 -12.7
3 16 -8.49 22.99 -10 -8.2 22.28 -12.78 -8.75 22.63 -10
3 16 -7.8 25.54 -12.6 -7.58 24.39 -14.44 -8.2 22.28 -12.78
3 16 -8.49 22.99 -10 -7.8 25.54 -12.6 -8.2 22.28 -12.78
3 16 -8.19 25.83 -10 -7.8 25.54 -12.6 -8.49 22.99 -10
4 16 -7.58 24.39 -14.44 -7.13 22.75 -15.25 -7.19 21.43 -14.94 -8.2 22.28 -12.78
3 16 -7.13 22.75 -15.25 -5.65 20.82 -16.05 -7.19 21.43 -14.94
3 16 -7.19 21.43 -14.94 -5.65 20.82 -16.05 -5.76 20.27 -15.99
3 16 -5.65 20.82 -16.05 -2.87 18.94 -16.07 -5.76 20.27 -15.99
3 16 -5.76 20.27 -15.99 -2.87 18.94 -16.07 -2.39 18.04 -15.94
3 16 -8.28 16.8 -14.88 -9.15 17.65 -12.55 -8.47 19.8 -15.23
3 16 -8.47 19.8 -15.23 -9.15 17.65 -12.55 -9.08 21.26 -12.65
3 16 -6.41 18.12 -16.87 -8.28 16.8 -14.88 -8.47 19.8 -15.23
3 16 -6.31 15.33 -16.17 -8.28 16.8 -14.88 -6.41 18.12 -16.87
3 16 -3.6 15.82 -17.39 -6.31 15.33 -16.17 -6.41 18.12 -16.87
3 16 -3.82 13.88 -16.68 -6.31 15.33 -16.17 -3.6 15.82 -17.39
3 16 -2.01 14.02 -16.75 -3.82 13.88 -16.68 -3.6 15.82 -17.39
3 16 -1.89 12.79 -16.33 -3.82 13.88 -16.68 -2.01 14.02 -16.75
3 16 -9.15 17.65 -12.55 -9.37 18.18 -10 -9.08 21.26 -12.65
3 16 -9.08 21.26 -12.65 -9.37 18.18 -10 -8.99 22.22 -10
3 16 -9.15 17.65 -12.55 -8.28 16.8 -14.88 -9.55 16.98 -12.65
3 16 -9.55 16.98 -12.65 -8.28 16.8 -14.88 -8.68 16.04 -15.11
3 16 -6.95 14.1 -16.98 -8.28 16.8 -14.88 -6.31 15.33 -16.17
3 16 -8.28 16.8 -14.88 -6.95 14.1 -16.98 -8.68 16.04 -15.11
3 16 -6.31 15.33 -16.17 -3.82 13.88 -16.68 -6.95 14.1 -16.98
3 16 -6.95 14.1 -16.98 -3.82 13.88 -16.68 -4.46 11.59 -18.05
3 16 -3.82 13.88 -16.68 -1.89 12.79 -16.33 -4.46 11.59 -18.05
3 16 -4.46 11.59 -18.05 -1.89 12.79 -16.33 -2.49 9.63 -17.7
3 16 0.55 8.31 -15.95 -1.89 12.79 -16.33 -0.13 12.12 -15.17
3 16 -1.89 12.79 -16.33 -0.97 8.77 -16.825 -2.49 9.63 -17.7
3 16 -1.89 12.79 -16.33 0.55 8.31 -15.95 -0.97 8.77 -16.825
3 16 -9.37 18.18 -10 -9.55 16.98 -12.65 -9.73 17.26 -10
3 16 -9.55 16.98 -12.65 -9.37 18.18 -10 -9.15 17.65 -12.55
3 16 -9.76 15.59 -12.53 -9.18 14.67 -14.87 -9.35 12.89 -12.3
3 16 -9.35 12.89 -12.3 -9.18 14.67 -14.87 -8.54 12 -14.31
3 16 -9.18 14.67 -14.87 -7.59 12.91 -16.63 -8.54 12 -14.31
3 16 -8.54 12 -14.31 -7.59 12.91 -16.63 -7.15 10.95 -15.94
3 16 -5.27 10.56 -17.57 -7.15 10.95 -15.94 -7.59 12.91 -16.63
3 16 -5.53 9.89 -17.15 -7.15 10.95 -15.94 -5.27 10.56 -17.57
3 16 -3.47 8.57 -17.58 -5.27 10.56 -17.57 -3.05 8.96 -17.55
3 16 -5.27 10.56 -17.57 -3.47 8.57 -17.58 -5.53 9.89 -17.15
3 16 -3.47 8.57 -17.58 -3.05 8.96 -17.55 -1.36 7.27 -16.87
3 16 -1.36 7.27 -16.87 -3.05 8.96 -17.55 -0.25 7.32 -16.21
3 16 -9.8 13.53 -10 -9.76 15.59 -12.53 -9.35 12.89 -12.3
3 16 -10.09 16.02 -10 -9.76 15.59 -12.53 -9.8 13.53 -10
3 16 -9.35 12.89 -12.3 -8.54 12 -14.31 -9.84 11.98 -12.53
3 16 -9.84 11.98 -12.53 -8.54 12 -14.31 -9.02 11.2 -14.57
3 16 -7.75 10.2 -16.36 -8.54 12 -14.31 -7.15 10.95 -15.94
3 16 -8.54 12 -14.31 -7.75 10.2 -16.36 -9.02 11.2 -14.57
3 16 -5.53 9.89 -17.15 -7.75 10.2 -16.36 -7.15 10.95 -15.94
3 16 -6.11 9.13 -17.61 -7.75 10.2 -16.36 -5.53 9.89 -17.15
3 16 -3.77 7.83 -18.4 -5.53 9.89 -17.15 -3.47 8.57 -17.58
3 16 -5.53 9.89 -17.15 -3.77 7.83 -18.4 -6.11 9.13 -17.61
3 16 -3.77 7.83 -18.4 -3.47 8.57 -17.58 -1.87 6.61 -18.31
3 16 -1.87 6.61 -18.31 -3.47 8.57 -17.58 -1.36 7.27 -16.87
3 16 -1.87 6.61 -18.31 -1.36 7.27 -16.87 -0.15 5.39 -17.43
3 16 -0.15 5.39 -17.43 -1.36 7.27 -16.87 -0.25 7.32 -16.21
3 16 -9.8 13.53 -10 -9.84 11.98 -12.53 -10.27 12.63 -10
3 16 -9.84 11.98 -12.53 -9.8 13.53 -10 -9.35 12.89 -12.3
3 16 0.55 8.31 -15.95 3.46 8.23 -18.19 1.67 6.35 -18.18
3 16 3.46 8.23 -18.19 0.55 8.31 -15.95 3.41 9.12 -17.37
3 16 3.46 8.23 -18.19 3.41 9.12 -17.37 5.57 9.2 -17.69
3 16 5.57 9.2 -17.69 3.41 9.12 -17.37 5.35 9.72 -17.33
3 16 7.1 9.73 -16.48 5.35 9.72 -17.33 7 10.22 -16.16
3 16 7 10.22 -16.16 8.46 10.18 -14.56 7.1 9.73 -16.48
3 16 8.22 10.67 -14.46 8.46 10.18 -14.56 7 10.22 -16.16
3 16 8.22 10.67 -14.46 9.4 10.45 -12.57 8.46 10.18 -14.56
3 16 9.17 10.93 -12.55 9.4 10.45 -12.57 8.22 10.67 -14.46
3 16 9.99 11.08 -10 9.4 10.45 -12.57 9.17 10.93 -12.55
3 16 10.21 10.66 -10 9.4 10.45 -12.57 9.99 11.08 -10
3 16 1.67 6.35 -18.18 -0.25 7.32 -16.21 0.55 8.31 -15.95
3 16 -0.15 5.39 -17.43 -0.25 7.32 -16.21 1.67 6.35 -18.18
3 16 1.67 6.35 -18.18 0.64 4.16 -17.74 -0.15 5.39 -17.43
3 16 -0.15 5.39 -17.43 0.64 4.16 -17.74 0.16 3.33 -17.07
3 16 7.02 22.65 -15.32 6.58 19.3 -15.42 6.37 21.22 -15.72
3 16 6.58 19.3 -15.42 7.02 22.65 -15.32 7.79 19.88 -13.96
3 16 7.91 24.11 -13.86 7.79 19.88 -13.96 7.02 22.65 -15.32
3 16 7.91 24.11 -13.86 8.55 20.3 -12.35 7.79 19.88 -13.96
3 16 9.37 20.78 -10 7.91 24.11 -13.86 8.32 24.5 -12.27
3 16 7.91 24.11 -13.86 9.37 20.78 -10 8.55 20.3 -12.35
3 16 9.37 20.78 -10 8.32 24.5 -12.27 8.86 25.02 -10
3 16 6.92 24.45 -13.62 5.56 23.24 -15.29 5.76 24.48 -13.22
3 16 5.76 24.48 -13.22 5.56 23.24 -15.29 4.05 23.55 -14.41
3 16 2.3 22.44 -15.07 5.56 23.24 -15.29 3.74 21.54 -15.95
3 16 5.56 23.24 -15.29 2.3 22.44 -15.07 4.05 23.55 -14.41
3 16 0.67 20.99 -14.68 3.74 21.54 -15.95 2.3 19.1 -14.96
3 16 3.74 21.54 -15.95 0.67 20.99 -14.68 2.3 22.44 -15.07
3 16 2.3 19.1 -14.96 0.3 18.73 -14.25 0.67 20.99 -14.68
3 16 0.67 20.99 -14.68 0.3 18.73 -14.25 -0.13 20.12 -14.27
3 16 5.76 24.48 -13.22 6.83 25.28 -12.14 6.92 24.45 -13.62
3 16 6.92 24.45 -13.62 6.83 25.28 -12.14 7.59 24.97 -12.23
3 16 7.63 25.48 -10 7.59 24.97 -12.23 6.83 25.28 -12.14
3 16 8.23 25.38 -10 7.59 24.97 -12.23 7.63 25.48 -10
3 16 2.3 22.44 -15.07 2.67 24.13 -14.37 3.25 23.72 -14.36
3 16 2.67 24.13 -14.37 2.3 22.44 -15.07 1.32 23.15 -13.68
3 16 1.31 22.48 -13.94 0.63 22.36 -11.88 1.32 23.15 -13.68
3 16 1.32 23.15 -13.68 0.63 22.36 -11.88 0.78 23.12 -11.82
3 16 1.32 23.15 -13.68 2.3 22.44 -15.07 1.31 22.48 -13.94
3 16 4.05 23.55 -14.41 2.3 22.44 -15.07 3.25 23.72 -14.36
3 16 3.75 25.89 -13.88 4.05 23.55 -14.41 3.25 23.72 -14.36
3 16 5.76 24.48 -13.22 4.05 23.55 -14.41 4.74 25.21 -13.56
3 16 1.31 22.48 -13.94 0.07 21.79 -12.06 0.63 22.36 -11.88
3 16 0.67 20.99 -14.68 0.07 21.79 -12.06 1.31 22.48 -13.94
3 16 1.31 22.48 -13.94 2.3 22.44 -15.07 0.67 20.99 -14.68
3 16 0.67 20.99 -14.68 -0.13 20.12 -14.27 0.07 21.79 -12.06
3 16 0.07 21.79 -12.06 -0.13 20.12 -14.27 -0.6 21.61 -12.09
4 16 0.78 23.12 -11.82 0.63 22.36 -11.88 0.56 22.57 -10 0.7 23.32 -10
3 16 0.63 22.36 -11.88 0.05 22.02 -10 0.56 22.57 -10
3 16 0.63 22.36 -11.88 0.07 21.79 -12.06 0.05 22.02 -10
3 16 0.07 21.79 -12.06 -0.49 21.96 -10 0.05 22.02 -10
3 16 0.07 21.79 -12.06 -0.6 21.61 -12.09 -0.49 21.96 -10
3 16 5.81 26.49 -12.38 5.76 24.48 -13.22 4.74 25.21 -13.56
3 16 3.75 25.89 -13.88 5.81 26.49 -12.38 4.74 25.21 -13.56
3 16 3.75 25.89 -13.88 4.48 27.73 -12.63 5.81 26.49 -12.38
3 16 6.28 27.39 -10 5.81 26.49 -12.38 4.48 27.73 -12.63
3 16 6.83 25.28 -12.14 5.81 26.49 -12.38 6.28 27.39 -10
3 16 5.81 26.49 -12.38 6.83 25.28 -12.14 5.76 24.48 -13.22
3 16 6.83 25.28 -12.14 6.28 27.39 -10 7.63 25.48 -10
3 16 6.28 27.39 -10 4.48 27.73 -12.63 4.37 28.39 -10
3 16 3.75 25.89 -13.88 3.25 23.72 -14.36 2.67 24.13 -14.37
3 16 3.75 25.89 -13.88 4.74 25.21 -13.56 4.05 23.55 -14.41
3 16 2.21 25.64 -12.36 1.32 23.15 -13.68 0.78 23.12 -11.82
3 16 2.21 25.64 -12.36 2.67 24.13 -14.37 1.32 23.15 -13.68
3 16 2.21 25.64 -12.36 3.75 25.89 -13.88 2.67 24.13 -14.37
3 16 2.21 25.64 -12.36 4.48 27.73 -12.63 3.75 25.89 -13.88
3 16 2.21 25.64 -12.36 0.78 23.12 -11.82 0.7 23.32 -10
3 16 2.21 25.64 -12.36 0.7 23.32 -10 2.15 26.4 -10
3 16 4.48 27.73 -12.63 2.21 25.64 -12.36 2.15 26.4 -10
3 16 4.48 27.73 -12.63 2.15 26.4 -10 4.37 28.39 -10
3 16 -4.65 26.68 -13.53 -2.85 26.04 -12.13 -3.63 25.27 -14.18
3 16 -4.65 26.68 -13.53 -5.25 27.87 -12.27 -2.85 26.04 -12.13
3 16 -2.85 26.04 -12.13 -2.09 23.9 -13.7 -3.63 25.27 -14.18
3 16 -2.85 26.04 -12.13 -1.41 23.41 -11.83 -2.09 23.9 -13.7
3 16 -2.58 26.29 -10 -2.85 26.04 -12.13 -5.25 27.87 -12.27
3 16 -1.41 23.41 -11.83 -2.85 26.04 -12.13 -2.58 26.29 -10
3 16 -2.58 26.29 -10 -5.25 27.87 -12.27 -5.28 28.46 -10
3 16 -1.41 23.41 -11.83 -2.58 26.29 -10 -1.21 23.45 -10
3 16 5.58 14.78 -16.33 7.77 14.66 -14.94 5.92 13.98 -17.17
3 16 5.58 14.78 -16.33 7.49 15.38 -14.54 7.77 14.66 -14.94
3 16 3.32 14.24 -16.23 5.58 14.78 -16.33 5.92 13.98 -17.17
4 16 4.56 12.11 -17.99 2.84 13.06 -16.85 3.32 14.24 -16.23 5.92 13.98 -17.17
3 16 1.32 13.74 -15.25 3.32 14.24 -16.23 2.84 13.06 -16.85
3 16 1.32 13.74 -15.25 2.84 13.06 -16.85 1.23 12.46 -16.04
3 16 0.22 12.87 -15.03 1.32 13.74 -15.25 1.23 12.46 -16.04
3 16 0.22 12.87 -15.03 0.36 14.04 -14.97 1.32 13.74 -15.25
3 16 4.56 12.11 -17.99 2.94 11.58 -17.4 2.84 13.06 -16.85
3 16 1.23 12.46 -16.04 2.84 13.06 -16.85 2.94 11.58 -17.4
3 16 1.23 12.46 -16.04 2.94 11.58 -17.4 0.55 8.31 -15.95
3 16 3.41 9.12 -17.37 2.94 11.58 -17.4 4.56 12.11 -17.99
3 16 3.41 9.12 -17.37 0.55 8.31 -15.95 2.94 11.58 -17.4
3 16 9 15.16 -12.59 7.77 14.66 -14.94 7.49 15.38 -14.54
3 16 9 15.16 -12.59 7.49 15.38 -14.54 8.67 15.79 -12.49
4 16 9.6 16.14 -10 9.94 15.57 -10 9 15.16 -12.59 8.67 15.79 -12.49
3 16 -0.13 12.12 -15.17 1.23 12.46 -16.04 0.55 8.31 -15.95
3 16 -0.13 12.12 -15.17 0.22 12.87 -15.03 1.23 12.46 -16.04
3 16 7.49 15.38 -14.54 6.79 18.66 -16.1 8.15 19.34 -14.41
3 16 7.49 15.38 -14.54 5.58 14.78 -16.33 6.79 18.66 -16.1
3 16 8.15 19.34 -14.41 8.67 15.79 -12.49 7.49 15.38 -14.54
3 16 8.15 19.34 -14.41 9.07 19.84 -12.48 8.67 15.79 -12.49
3 16 9.6 16.14 -10 8.67 15.79 -12.49 9.07 19.84 -12.48
3 16 9.6 16.14 -10 9.07 19.84 -12.48 9.69 20.23 -10
3 16 5.4 17.52 -16.99 6.79 18.66 -16.1 5.58 14.78 -16.33
3 16 5.58 14.78 -16.33 4.09 15.85 -16.85 5.4 17.52 -16.99
3 16 5.58 14.78 -16.33 3.32 14.24 -16.23 4.09 15.85 -16.85
3 16 6.44 11.48 -17.5 7 10.22 -16.16 5.35 9.72 -17.33
3 16 6.44 11.48 -17.5 7.49 12.37 -16.85 7 10.22 -16.16
3 16 7.49 12.37 -16.85 8.22 10.67 -14.46 7 10.22 -16.16
3 16 7.49 12.37 -16.85 8.76 13.33 -14.93 8.22 10.67 -14.46
3 16 8.76 13.33 -14.93 9.17 10.93 -12.55 8.22 10.67 -14.46
3 16 8.76 13.33 -14.93 9.58 13.9 -12.7 9.17 10.93 -12.55
3 16 9.99 11.08 -10 9.17 10.93 -12.55 9.58 13.9 -12.7
3 16 9.99 11.08 -10 9.58 13.9 -12.7 10.24 14.37 -10
3 16 8.76 4.4 -13.95 7.72 4.57 -15.63 8.69 4.87 -13.88
3 16 8.76 4.4 -13.95 7.84 4.1 -15.65 7.72 4.57 -15.63
3 16 7.72 4.57 -15.63 7.84 4.1 -15.65 6.5 3.67 -17.05
3 16 7.72 4.57 -15.63 6.5 3.67 -17.05 6.33 4.2 -17.09
3 16 6.5 3.67 -17.05 4.57 3.64 -17.77 6.33 4.2 -17.09
3 16 6.5 3.67 -17.05 4.64 3.03 -17.91 4.57 3.64 -17.77
3 16 3.48 1.66 -18.39 4.57 3.64 -17.77 4.64 3.03 -17.91
3 16 3.48 1.66 -18.39 1.59 2.86 -17.3 4.57 3.64 -17.77
3 16 9.44 4.62 -12.18 8.76 4.4 -13.95 8.69 4.87 -13.88
3 16 9.44 4.62 -12.18 8.69 4.87 -13.88 9.4 5.08 -12.14
3 16 10.19 4.89 -10 9.44 4.62 -12.18 9.4 5.08 -12.14
3 16 10.19 4.89 -10 9.4 5.08 -12.14 10.17 5.24 -10
3 16 1.59 2.86 -17.3 3.48 1.66 -18.39 -0.21 1.76 -16.55
3 16 1.86 -1.17 -18.07 -0.21 1.76 -16.55 3.48 1.66 -18.39
3 16 1.86 -1.17 -18.07 -0.21 0.63 -17 -0.21 1.76 -16.55
3 16 -0.19 -1.72 -16.65 -0.21 0.63 -17 1.86 -1.17 -18.07
3 16 -0.19 -1.72 -16.65 1.86 -1.17 -18.07 1.15 -3.34 -16.81
3 16 0.67 -4.22 -15.98 -0.19 -1.72 -16.65 1.15 -3.34 -16.81
3 16 0.67 -4.22 -15.98 1.15 -3.34 -16.81 2.35 -3.91 -16.36
3 16 0.67 -4.22 -15.98 2.35 -3.91 -16.36 2.27 -4.74 -15.34
3 16 1.59 2.86 -17.3 -0.21 1.76 -16.55 0.16 3.33 -17.07
4 16 8.04 5.38 -16.13 9.09 5.72 -14.25 8.69 4.87 -13.88 7.72 4.57 -15.63
3 16 6.33 4.2 -17.09 8.04 5.38 -16.13 7.72 4.57 -15.63
3 16 6.33 4.2 -17.09 6.41 4.91 -17.62 8.04 5.38 -16.13
3 16 4.6 4.38 -18.16 6.41 4.91 -17.62 6.33 4.2 -17.09
3 16 4.6 4.38 -18.16 6.33 4.2 -17.09 4.57 3.64 -17.77
3 16 4.57 3.64 -17.77 1.57 3.65 -17.93 4.6 4.38 -18.16
3 16 4.57 3.64 -17.77 1.59 2.86 -17.3 1.57 3.65 -17.93
3 16 1.57 3.65 -17.93 1.59 2.86 -17.3 0.16 3.33 -17.07
3 16 0.16 3.33 -17.07 0.64 4.16 -17.74 1.57 3.65 -17.93
3 16 9.4 5.08 -12.14 8.69 4.87 -13.88 9.09 5.72 -14.25
3 16 9.4 5.08 -12.14 9.09 5.72 -14.25 9.83 5.99 -12.3
3 16 10.17 5.24 -10 9.4 5.08 -12.14 9.83 5.99 -12.3
3 16 10.17 5.24 -10 9.83 5.99 -12.3 10.47 6.23 -10
4 16 9.09 5.72 -14.25 8.04 5.38 -16.13 7.87 8.9 -16.87 9.1 9.38 -14.6
3 16 7.87 8.9 -16.87 8.04 5.38 -16.13 6.34 8.15 -18.34
3 16 8.04 5.38 -16.13 6.41 4.91 -17.62 6.34 8.15 -18.34
3 16 4.62 6.82 -18.87 6.34 8.15 -18.34 6.41 4.91 -17.62
3 16 4.6 4.38 -18.16 4.62 6.82 -18.87 6.41 4.91 -17.62
3 16 4.62 6.82 -18.87 4.6 4.38 -18.16 3.13 5.36 -18.79
3 16 4.6 4.38 -18.16 1.57 3.65 -17.93 3.13 5.36 -18.79
3 16 9.09 5.72 -14.25 9.1 9.38 -14.6 9.83 5.99 -12.3
3 16 9.1 9.38 -14.6 9.85 9.73 -12.53 9.83 5.99 -12.3
4 16 9.83 5.99 -12.3 9.85 9.73 -12.53 10.54 10.09 -10 10.47 6.23 -10
3 16 -10.11 3.7 -12.23 -9.9 5.92 -12.2 -9.38 3.2 -14.16
3 16 -9 5.19 -13.99 -9.38 3.2 -14.16 -9.9 5.92 -12.2
3 16 -7.79 4.31 -15.56 -8.22 2.48 -15.81 -9 5.19 -13.99
3 16 -9.38 3.2 -14.16 -9 5.19 -13.99 -8.22 2.48 -15.81
3 16 -6.24 3.44 -16.77 -6.83 1.43 -17.1 -7.79 4.31 -15.56
3 16 -8.22 2.48 -15.81 -7.79 4.31 -15.56 -6.83 1.43 -17.1
4 16 -4.36 3.27 -17.04 -4.3 2.55 -17.2 -6.83 1.43 -17.1 -6.24 3.44 -16.77
3 16 -4.3 2.55 -17.2 -5.19 0.24 -17.64 -6.83 1.43 -17.1
3 16 -4.3 2.55 -17.2 -2.36 1.73 -17.39 -5.19 0.24 -17.64
3 16 -2.36 1.73 -17.39 -3.54 -1.13 -17.71 -5.19 0.24 -17.64
3 16 -2.36 1.73 -17.39 -0.95 1.04 -17.15 -3.54 -1.13 -17.71
3 16 -0.95 1.04 -17.15 -2.12 -2.63 -17.36 -3.54 -1.13 -17.71
3 16 -2.12 -2.63 -17.36 -0.95 1.04 -17.15 -0.19 -1.72 -16.65
3 16 -0.76 -4.26 -16.18 -2.12 -2.63 -17.36 -0.19 -1.72 -16.65
3 16 -9.9 5.92 -12.2 -10.11 3.7 -12.23 -10.77 4.14 -10
3 16 -10.44 6.6 -10 -9.9 5.92 -12.2 -10.77 4.14 -10
3 16 -0.19 -1.72 -16.65 -0.95 1.04 -17.15 -0.21 0.63 -17
3 16 -9.9 5.92 -12.2 -9.73 6.45 -12.14 -8.81 5.77 -13.84
3 16 -9 5.19 -13.99 -9.9 5.92 -12.2 -8.81 5.77 -13.84
3 16 -9 5.19 -13.99 -8.81 5.77 -13.84 -7.69 4.99 -15.41
3 16 -7.79 4.31 -15.56 -9 5.19 -13.99 -7.69 4.99 -15.41
3 16 -7.79 4.31 -15.56 -7.69 4.99 -15.41 -6.23 4.08 -16.6
3 16 -6.24 3.44 -16.77 -7.79 4.31 -15.56 -6.23 4.08 -16.6
3 16 -6.24 3.44 -16.77 -6.23 4.08 -16.6 -4.36 3.27 -17.04
3 16 -4.3 2.55 -17.2 -4.36 3.27 -17.04 -2.44 2.54 -17.14
3 16 -2.36 1.73 -17.39 -4.3 2.55 -17.2 -2.44 2.54 -17.14
3 16 -2.44 2.54 -17.14 -0.87 2.07 -16.75 -2.36 1.73 -17.39
3 16 -0.87 2.07 -16.75 -0.95 1.04 -17.15 -2.36 1.73 -17.39
3 16 -0.95 1.04 -17.15 -0.87 2.07 -16.75 -0.21 1.76 -16.55
3 16 -0.21 0.63 -17 -0.95 1.04 -17.15 -0.21 1.76 -16.55
3 16 -9.9 5.92 -12.2 -10.44 6.6 -10 -9.73 6.45 -12.14
3 16 -10.44 6.6 -10 -10.33 7.05 -10 -9.73 6.45 -12.14
3 16 -9.58 10.07 -14.54 -8.81 5.77 -13.84 -9.73 6.45 -12.14
3 16 -10.16 10.81 -12.41 -9.58 10.07 -14.54 -9.73 6.45 -12.14
3 16 -9.58 10.07 -14.54 -8.48 9.16 -16.38 -8.81 5.77 -13.84
3 16 -8.48 9.16 -16.38 -7.69 4.99 -15.41 -8.81 5.77 -13.84
3 16 -7.69 4.99 -15.41 -8.48 9.16 -16.38 -6.88 8.07 -17.75
3 16 -6.23 4.08 -16.6 -7.69 4.99 -15.41 -6.88 8.07 -17.75
3 16 -6.23 4.08 -16.6 -6.88 8.07 -17.75 -5 6.89 -18.56
3 16 -4.36 3.27 -17.04 -6.23 4.08 -16.6 -5 6.89 -18.56
3 16 -4.36 3.27 -17.04 -5 6.89 -18.56 -3.13 5.61 -18.59
3 16 -2.44 2.54 -17.14 -4.36 3.27 -17.04 -3.13 5.61 -18.59
3 16 -10.16 10.81 -12.41 -9.73 6.45 -12.14 -10.33 7.05 -10
3 16 -10.58 11.43 -10 -10.16 10.81 -12.41 -10.33 7.05 -10
3 16 -1.73 4 -17.93 -2.44 2.54 -17.14 -3.13 5.61 -18.59
3 16 -1.73 4 -17.93 -0.79 2.78 -17.08 -2.44 2.54 -17.14
3 16 -0.79 2.78 -17.08 -0.87 2.07 -16.75 -2.44 2.54 -17.14
4 16 -8.4 1.42 -15.81 -9.33 2 -14.49 -9.38 3.2 -14.16 -8.22 2.48 -15.81
3 16 -8.4 1.42 -15.81 -8.22 2.48 -15.81 -6.83 1.43 -17.1
3 16 -7.24 -0.5 -16.69 -8.4 1.42 -15.81 -6.83 1.43 -17.1
3 16 -6.83 1.43 -17.1 -5.19 0.24 -17.64 -7.24 -0.5 -16.69
3 16 -5.19 0.24 -17.64 -5.83 -1.44 -17.13 -7.24 -0.5 -16.69
3 16 -5.83 -1.44 -17.13 -5.19 0.24 -17.64 -3.54 -1.13 -17.71
3 16 -4.7 -2.62 -16.82 -5.83 -1.44 -17.13 -3.54 -1.13 -17.71
3 16 -4.7 -2.62 -16.82 -3.54 -1.13 -17.71 -2.12 -2.63 -17.36
3 16 -3.79 -3.85 -16.03 -4.7 -2.62 -16.82 -2.12 -2.63 -17.36
3 16 -0.76 -4.26 -16.18 -2.64 -5.1 -15.43 -2.12 -2.63 -17.36
3 16 -3.79 -3.85 -16.03 -2.12 -2.63 -17.36 -2.64 -5.1 -15.43
3 16 -9.38 3.2 -14.16 -9.33 2 -14.49 -10.17 2.69 -12.14
3 16 -10.11 3.7 -12.23 -9.38 3.2 -14.16 -10.17 2.69 -12.14
3 16 -10.11 3.7 -12.23 -10.17 2.69 -12.14 -10.71 3.11 -10
3 16 -10.17 2.69 -12.14 -11.03 0 -11.81 -10.71 3.11 -10
3 16 -11.03 0 -10 -10.71 3.11 -10 -11.03 0 -11.81
3 16 -10.77 4.14 -10 -10.11 3.7 -12.23 -10.71 3.11 -10
3 16 -10.4 0.49 -12.54 -11.03 0 -11.81 -10.17 2.69 -12.14
3 16 -9.33 2 -14.49 -10.4 0.49 -12.54 -10.17 2.69 -12.14
3 16 7.56 1.15 -15.93 7.08 2.83 -16.94 8.78 2.3 -14.76
3 16 8.1 3.68 -15.59 8.78 2.3 -14.76 7.08 2.83 -16.94
3 16 8.1 3.68 -15.59 8.96 3.64 -13.93 8.78 2.3 -14.76
3 16 8.96 3.64 -13.93 9.7 1.62 -13.11 8.78 2.3 -14.76
3 16 7.08 2.83 -16.94 7.56 1.15 -15.93 5.96 1.51 -17.78
3 16 7.56 1.15 -15.93 6.63 0.21 -16.45 5.96 1.51 -17.78
3 16 9.77 3.69 -12.2 9.7 1.62 -13.11 8.96 3.64 -13.93
3 16 10.38 -1.29 -12.31 9.7 1.62 -13.11 10.58 0 -11.6
4 16 9.7 1.62 -13.11 9.77 3.69 -12.2 10.63 3.92 -10 10.58 0 -11.6
3 16 10.67 0 -10 10.58 0 -11.6 10.63 3.92 -10
3 16 4.98 0.35 -18.08 5.96 1.51 -17.78 6.63 0.21 -16.45
3 16 4.73 -1.67 -16.94 4.98 0.35 -18.08 6.63 0.21 -16.45
3 16 3.49 -2.17 -17.62 4.98 0.35 -18.08 4.73 -1.67 -16.94
3 16 4.16 -2.57 -16.68 3.49 -2.17 -17.62 4.73 -1.67 -16.94
3 16 4.16 -2.57 -16.68 3.49 -3.65 -16.02 3.49 -2.17 -17.62
3 16 2.35 -3.91 -16.36 3.49 -2.17 -17.62 3.49 -3.65 -16.02
3 16 2.27 -4.74 -15.34 2.35 -3.91 -16.36 3.49 -3.65 -16.02
3 16 9.11 -0.97 -15.36 8.11 -1.11 -15.87 8.85 0.75 -15.43
3 16 8.11 -1.11 -15.87 9.11 -0.97 -15.36 8.97 -3.06 -14.87
3 16 9.11 -0.97 -15.36 9.67 -2.06 -14.39 8.97 -3.06 -14.87
3 16 8.97 -3.06 -14.87 9.67 -2.06 -14.39 9.4 -3.33 -13.41
3 16 8.74 -5.32 -13.64 8.97 -3.06 -14.87 9.4 -3.33 -13.41
3 16 8.85 0.75 -15.43 7.56 1.15 -15.93 8.78 2.3 -14.76
3 16 9.1 1.4 -14.85 8.85 0.75 -15.43 8.78 2.3 -14.76
4 16 8.78 2.3 -14.76 9.7 1.62 -13.11 9.87 0.53 -13.75 9.1 1.4 -14.85
3 16 9.87 0.53 -13.75 9.7 1.62 -13.11 10.38 -1.29 -12.31
3 16 10.15 -1.33 -13.4 9.87 0.53 -13.75 10.38 -1.29 -12.31
3 16 9.4 -3.33 -13.41 9.67 -2.06 -14.39 10.15 -1.33 -13.4
3 16 10.38 -1.29 -12.31 9.4 -3.33 -13.41 10.15 -1.33 -13.4
3 16 2.65 -5.44 -15.26 2.27 -4.74 -15.34 3.49 -3.65 -16.02
3 16 4.39 -5.12 -16.68 2.65 -5.44 -15.26 3.49 -3.65 -16.02
3 16 2.65 -5.44 -15.26 4.39 -5.12 -16.68 2.06 -7.41 -16.43
3 16 2.06 -7.41 -16.43 4.39 -5.12 -16.68 4.54 -7.42 -16.91
3 16 1.95 -9 -16.26 2.06 -7.41 -16.43 4.54 -7.42 -16.91
3 16 1.68 -6.08 -15.29 2.65 -5.44 -15.26 2.06 -7.41 -16.43
3 16 4.54 -7.42 -16.91 4.41 -9.71 -15.84 1.95 -9 -16.26
3 16 4.41 -9.71 -15.84 1.51 -10.33 -15.35 1.95 -9 -16.26
3 16 4.41 -9.71 -15.84 3.55 -11.32 -14.41 1.51 -10.33 -15.35
3 16 3.55 -11.32 -14.41 0.88 -11.53 -14.41 1.51 -10.33 -15.35
3 16 4.16 -2.57 -16.68 4.73 -1.67 -16.94 6 -2.91 -17.46
3 16 5.16 -3.88 -16.97 4.16 -2.57 -16.68 6 -2.91 -17.46
3 16 5.16 -3.88 -16.97 6 -2.91 -17.46 6.44 -4.26 -17.63
3 16 5.56 -5.55 -17.01 5.16 -3.88 -16.97 6.44 -4.26 -17.63
3 16 6.44 -4.26 -17.63 6.88 -5.55 -17.37 5.56 -5.55 -17.01
3 16 6.88 -5.55 -17.37 5.91 -6.98 -16.17 5.56 -5.55 -17.01
4 16 6.24 -8.41 -15.3 5.91 -6.98 -16.17 6.88 -5.55 -17.37 7.27 -6.71 -16.69
3 16 6 -2.91 -17.46 4.73 -1.67 -16.94 7.04 -1.32 -16.85
3 16 7.04 -1.32 -16.85 7.69 -2.53 -16.86 6 -2.91 -17.46
3 16 7.69 -2.53 -16.86 6.44 -4.26 -17.63 6 -2.91 -17.46
3 16 8.34 -3.64 -16.32 6.88 -5.55 -17.37 7.69 -2.53 -16.86
3 16 6.44 -4.26 -17.63 7.69 -2.53 -16.86 6.88 -5.55 -17.37
3 16 8.65 -4.71 -15.58 7.27 -6.71 -16.69 8.34 -3.64 -16.32
3 16 6.88 -5.55 -17.37 8.34 -3.64 -16.32 7.27 -6.71 -16.69
3 16 7.04 -1.32 -16.85 4.73 -1.67 -16.94 6.63 0.21 -16.45
3 16 7.03 -0.31 -16.27 7.04 -1.32 -16.85 6.63 0.21 -16.45
4 16 8.85 0.75 -15.43 8.11 -1.11 -15.87 7.03 -0.31 -16.27 7.56 1.15 -15.93
3 16 6.63 0.21 -16.45 7.56 1.15 -15.93 7.03 -0.31 -16.27
3 16 7.03 -0.31 -16.27 8.11 -1.11 -15.87 7.04 -1.32 -16.85
3 16 8.11 -1.11 -15.87 7.69 -2.53 -16.86 7.04 -1.32 -16.85
3 16 8.11 -1.11 -15.87 8.97 -3.06 -14.87 7.69 -2.53 -16.86
3 16 8.97 -3.06 -14.87 8.34 -3.64 -16.32 7.69 -2.53 -16.86
3 16 8.65 -4.71 -15.58 8.34 -3.64 -16.32 8.97 -3.06 -14.87
3 16 8.74 -5.32 -13.64 8.65 -4.71 -15.58 8.97 -3.06 -14.87
3 16 8.65 -4.71 -15.58 8.74 -5.32 -13.64 7.27 -6.71 -16.69
3 16 8.74 -5.32 -13.64 6.24 -8.41 -15.3 7.27 -6.71 -16.69
3 16 6.24 -8.41 -15.3 8.74 -5.32 -13.64 7.22 -7.94 -12.4
3 16 5.32 -9.93 -14.39 6.24 -8.41 -15.3 7.22 -7.94 -12.4
3 16 5.32 -9.93 -14.39 7.22 -7.94 -12.4 5.793 -10.139 -11.923
3 16 7.22 -7.94 -12.4 6.797 -9.048 -11.46 5.793 -10.139 -11.923
4 16 3.55 -11.32 -14.41 5.32 -9.93 -14.39 5.793 -10.139 -11.923 3.32 -11.89 -12.72
3 16 0.98 -7.22 -16.69 -1.02 -7.22 -16.76 -0.95 -6.31 -15.76
3 16 0.96 -6.28 -15.57 0.98 -7.22 -16.69 -0.95 -6.31 -15.76
3 16 0.98 -7.22 -16.69 0.91 -8.42 -16.94 -1.02 -7.22 -16.76
3 16 0.91 -8.42 -16.94 -1.07 -8.4 -16.97 -1.02 -7.22 -16.76
4 16 0.91 -8.42 -16.94 0.79 -9.51 -16.46 -0.95 -9.58 -16.44 -1.07 -8.4 -16.97
3 16 -0.72 -10.45 -15.67 -0.95 -9.58 -16.44 0.79 -9.51 -16.46
3 16 0.68 -10.4 -15.65 -0.72 -10.45 -15.67 0.79 -9.51 -16.46
3 16 0.68 -10.4 -15.65 0.88 -11.53 -14.41 -0.72 -10.45 -15.67
3 16 0.88 -11.53 -14.41 -0.96 -11.51 -14.4 -0.72 -10.45 -15.67
3 16 0.96 -6.28 -15.57 1.68 -6.08 -15.29 2.06 -7.41 -16.43
3 16 0.98 -7.22 -16.69 0.96 -6.28 -15.57 2.06 -7.41 -16.43
3 16 0.98 -7.22 -16.69 2.06 -7.41 -16.43 0.91 -8.42 -16.94
3 16 2.06 -7.41 -16.43 1.95 -9 -16.26 0.91 -8.42 -16.94
3 16 0.79 -9.51 -16.46 0.91 -8.42 -16.94 1.95 -9 -16.26
3 16 1.51 -10.33 -15.35 0.79 -9.51 -16.46 1.95 -9 -16.26
3 16 0.79 -9.51 -16.46 1.51 -10.33 -15.35 0.68 -10.4 -15.65
3 16 1.51 -10.33 -15.35 0.88 -11.53 -14.41 0.68 -10.4 -15.65
3 16 -1.9 -6.31 -15.5 -0.95 -6.31 -15.76 -1.02 -7.22 -16.76
3 16 -2 -7.6 -16.5 -1.9 -6.31 -15.5 -1.02 -7.22 -16.76
3 16 -2 -7.6 -16.5 -1.02 -7.22 -16.76 -1.07 -8.4 -16.97
3 16 -2.11 -9.1 -16.21 -2 -7.6 -16.5 -1.07 -8.4 -16.97
3 16 -2.11 -9.1 -16.21 -1.07 -8.4 -16.97 -0.95 -9.58 -16.44
3 16 -1.62 -10.38 -15.28 -2.11 -9.1 -16.21 -0.95 -9.58 -16.44
3 16 -0.95 -9.58 -16.44 -0.72 -10.45 -15.67 -1.62 -10.38 -15.28
3 16 -0.72 -10.45 -15.67 -0.96 -11.51 -14.4 -1.62 -10.38 -15.28
3 16 -1.62 -10.38 -15.28 -0.96 -11.51 -14.4 -4.53 -10.14 -15.59
3 16 -3.74 -11.39 -14.33 -4.53 -10.14 -15.59 -0.96 -11.51 -14.4
3 16 -2.11 -9.1 -16.21 -1.62 -10.38 -15.28 -4.53 -10.14 -15.59
3 16 -4.69 -8.39 -16.63 -2.11 -9.1 -16.21 -4.53 -10.14 -15.59
4 16 -4.54 -6.49 -17 -2 -7.6 -16.5 -2.11 -9.1 -16.21 -4.69 -8.39 -16.63
4 16 -1.9 -6.31 -15.5 -2 -7.6 -16.5 -4.54 -6.49 -17 -3 -5.71 -15.64
3 16 -3 -5.71 -15.64 -4.54 -6.49 -17 -3.79 -3.85 -16.03
3 16 -2.64 -5.1 -15.43 -3 -5.71 -15.64 -3.79 -3.85 -16.03
3 16 -5.67 -5.55 -16.91 -4.7 -2.62 -16.82 -4.54 -6.49 -17
3 16 -3.79 -3.85 -16.03 -4.54 -6.49 -17 -4.7 -2.62 -16.82
3 16 -5.67 -5.55 -16.91 -4.54 -6.49 -17 -5.92 -7.7 -16.12
3 16 -4.54 -6.49 -17 -4.69 -8.39 -16.63 -5.92 -7.7 -16.12
3 16 -4.69 -8.39 -16.63 -4.53 -10.14 -15.59 -5.92 -7.7 -16.12
3 16 -5.98 -9.42 -14.69 -5.92 -7.7 -16.12 -4.53 -10.14 -15.59
3 16 -5.25 -10.54 -13.99 -5.98 -9.42 -14.69 -4.53 -10.14 -15.59
3 16 -3.74 -11.39 -14.33 -5.25 -10.54 -13.99 -4.53 -10.14 -15.59
3 16 -4.7 -2.62 -16.82 -5.67 -5.55 -16.91 -6.61 -3.88 -17.63
3 16 -5.83 -1.44 -17.13 -4.7 -2.62 -16.82 -6.61 -3.88 -17.63
3 16 -7.15 -5.51 -17.3 -6.61 -3.88 -17.63 -5.67 -5.55 -16.91
3 16 -5.92 -7.7 -16.12 -7.15 -5.51 -17.3 -5.67 -5.55 -16.91
3 16 -7.41 -6.95 -16.34 -7.15 -5.51 -17.3 -5.92 -7.7 -16.12
3 16 -5.98 -9.42 -14.69 -7.41 -6.95 -16.34 -5.92 -7.7 -16.12
3 16 -7.91 -2.68 -16.95 -7.24 -0.5 -16.69 -5.83 -1.44 -17.13
3 16 -6.61 -3.88 -17.63 -7.91 -2.68 -16.95 -5.83 -1.44 -17.13
3 16 -7.91 -2.68 -16.95 -6.61 -3.88 -17.63 -8.37 -3.94 -16.48
3 16 -6.61 -3.88 -17.63 -7.15 -5.51 -17.3 -8.37 -3.94 -16.48
3 16 -8.59 -5.04 -15.62 -8.37 -3.94 -16.48 -7.15 -5.51 -17.3
3 16 -7.41 -6.95 -16.34 -8.59 -5.04 -15.62 -7.15 -5.51 -17.3
3 16 -8.4 1.42 -15.81 -9.29 0.83 -15.61 -9.55 1.36 -14.76
3 16 -9.33 2 -14.49 -8.4 1.42 -15.81 -9.55 1.36 -14.76
3 16 -9.29 0.83 -15.61 -8.4 1.42 -15.81 -9.35 -0.44 -15.79
3 16 -8.4 1.42 -15.81 -8.35 -1.3 -16.19 -9.35 -0.44 -15.79
3 16 -9.59 -1.64 -15.4 -9.35 -0.44 -15.79 -8.35 -1.3 -16.19
3 16 -8.77 -2.61 -15.81 -9.59 -1.64 -15.4 -8.35 -1.3 -16.19
3 16 -9.94 -2.26 -14.32 -9.59 -1.64 -15.4 -8.77 -2.61 -15.81
3 16 -9.02 -3.56 -14.83 -9.94 -2.26 -14.32 -8.77 -2.61 -15.81
3 16 -8.35 -1.3 -16.19 -8.4 1.42 -15.81 -7.24 -0.5 -16.69
3 16 -7.91 -2.68 -16.95 -8.35 -1.3 -16.19 -7.24 -0.5 -16.69
3 16 -8.35 -1.3 -16.19 -7.91 -2.68 -16.95 -8.77 -2.61 -15.81
3 16 -7.91 -2.68 -16.95 -8.37 -3.94 -16.48 -8.77 -2.61 -15.81
3 16 -9.02 -3.56 -14.83 -8.77 -2.61 -15.81 -8.37 -3.94 -16.48
3 16 -8.59 -5.04 -15.62 -9.02 -3.56 -14.83 -8.37 -3.94 -16.48
3 16 -9.94 -2.26 -14.32 -9.02 -3.56 -14.83 -9.25 -3.74 -13.76
3 16 -10.04 -2.38 -13.03 -9.94 -2.26 -14.32 -9.25 -3.74 -13.76
3 16 -10.13 -0.2 -13.97 -9.94 -2.26 -14.32 -10.04 -2.38 -13.03
3 16 -10.4 0.49 -12.54 -10.13 -0.2 -13.97 -10.04 -2.38 -13.03
3 16 -10.13 -0.2 -13.97 -10.4 0.49 -12.54 -9.33 2 -14.49
3 16 -9.55 1.36 -14.76 -10.13 -0.2 -13.97 -9.33 2 -14.49
3 16 -9.02 -3.56 -14.83 -8.59 -5.04 -15.62 -9.25 -3.74 -13.76
3 16 -8.59 -5.04 -15.62 -8.41 -6.22 -13.59 -9.25 -3.74 -13.76
3 16 -8.59 -5.04 -15.62 -7.41 -6.95 -16.34 -8.41 -6.22 -13.59
3 16 -7.41 -6.95 -16.34 -7.43 -8.09 -12.29 -8.41 -6.22 -13.59
3 16 -7.43 -8.09 -12.29 -7.41 -6.95 -16.34 -5.98 -9.42 -14.69
3 16 -5.98 -9.42 -14.69 -5.25 -10.54 -13.99 -7.43 -8.09 -12.29
3 16 -6.797 -9.048 -11.46 -7.43 -8.09 -12.29 -5.25 -10.54 -13.99
3 16 -5.793 -10.139 -11.923 -6.797 -9.048 -11.46 -5.25 -10.54 -13.99
3 16 -3.65 -11.9 -12.63 -5.793 -10.139 -11.923 -5.25 -10.54 -13.99
3 16 -3.74 -11.39 -14.33 -3.65 -11.9 -12.63 -5.25 -10.54 -13.99
3 16 -1.416 -11.986 -13.035 -3.65 -11.9 -12.63 -3.74 -11.39 -14.33
3 16 -0.96 -11.51 -14.4 -1.416 -11.986 -13.035 -3.74 -11.39 -14.33
3 16 0.884 -11.911 -13.134 -1.416 -11.986 -13.035 -0.96 -11.51 -14.4
3 16 0.88 -11.53 -14.41 0.884 -11.911 -13.134 -0.96 -11.51 -14.4
3 16 3.32 -11.89 -12.72 0.884 -11.911 -13.134 0.88 -11.53 -14.41
3 16 3.55 -11.32 -14.41 3.32 -11.89 -12.72 0.88 -11.53 -14.41
3 16 -10.13 -0.2 -13.97 -9.35 -0.44 -15.79 -9.59 -1.64 -15.4
3 16 -9.94 -2.26 -14.32 -10.13 -0.2 -13.97 -9.59 -1.64 -15.4
3 16 -10.13 -0.2 -13.97 -9.55 1.36 -14.76 -9.35 -0.44 -15.79
3 16 -9.55 1.36 -14.76 -9.29 0.83 -15.61 -9.35 -0.44 -15.79
3 16 -9.264 -7.002 -9.778 -10.973 -5.26 -10.578 -8.87 -7.06 -11.79
3 16 -6.797 -9.048 -11.46 -9.264 -7.002 -9.778 -8.87 -7.06 -11.79
3 16 -6.797 -9.048 -11.46 -8.87 -7.06 -11.79 -7.43 -8.09 -12.29
3 16 8.9 -6.62 -11.91 10.973 -5.26 -10.578 9.264 -7.002 -9.778
3 16 6.797 -9.048 -11.46 8.9 -6.62 -11.91 9.264 -7.002 -9.778
3 16 7.22 -7.94 -12.4 8.9 -6.62 -11.91 6.797 -9.048 -11.46
3 16 8.9 -6.62 -11.91 10.38 -1.29 -12.31 10.973 -5.26 -10.578
3 16 10.58 0 -11.6 11.944 0 -11.188 10.38 -1.29 -12.31
3 16 11.944 0 -11.188 10.973 -5.26 -10.578 10.38 -1.29 -12.31
3 16 -2.64 -5.1 -15.43 -0.76 -4.26 -16.18 -1.9 -6.31 -15.5
3 16 -3 -5.71 -15.64 -2.64 -5.1 -15.43 -1.9 -6.31 -15.5
3 16 -1.9 -6.31 -15.5 -0.76 -4.26 -16.18 -0.95 -6.31 -15.76
4 16 -0.19 -1.72 -16.65 0.67 -4.22 -15.98 -0.95 -6.31 -15.76 -0.76 -4.26 -16.18
3 16 0.67 -4.22 -15.98 0.96 -6.28 -15.57 -0.95 -6.31 -15.76
3 16 1.68 -6.08 -15.29 0.96 -6.28 -15.57 0.67 -4.22 -15.98
3 16 1.68 -6.08 -15.29 0.67 -4.22 -15.98 2.27 -4.74 -15.34
3 16 2.65 -5.44 -15.26 1.68 -6.08 -15.29 2.27 -4.74 -15.34
3 16 4.39 -5.12 -16.68 5.16 -3.88 -16.97 5.56 -5.55 -17.01
3 16 4.54 -7.42 -16.91 4.39 -5.12 -16.68 5.56 -5.55 -17.01
3 16 5.16 -3.88 -16.97 4.39 -5.12 -16.68 3.49 -3.65 -16.02
3 16 4.16 -2.57 -16.68 5.16 -3.88 -16.97 3.49 -3.65 -16.02
3 16 5.56 -5.55 -17.01 5.91 -6.98 -16.17 4.54 -7.42 -16.91
3 16 5.91 -6.98 -16.17 4.41 -9.71 -15.84 4.54 -7.42 -16.91
3 16 5.91 -6.98 -16.17 6.24 -8.41 -15.3 4.41 -9.71 -15.84
3 16 6.24 -8.41 -15.3 5.32 -9.93 -14.39 4.41 -9.71 -15.84
3 16 4.41 -9.71 -15.84 5.32 -9.93 -14.39 3.55 -11.32 -14.41
3 16 -7.03 27.58 -10 -7.45 26.44 -10 -5.28 28.46 -10
4 16 -7.45 26.44 -10 -1.21 23.45 -10 -2.58 26.29 -10 -5.28 28.46 -10
3 16 -7.91 26.13 -10 -1.21 23.45 -10 -7.45 26.44 -10
4 16 -7.91 26.13 -10 -8.19 25.83 -10 -8.49 22.99 -10 -1.21 23.45 -10
4 16 -8.75 22.63 -10 -7.24 18.91 -10 -1.21 23.45 -10 -8.49 22.99 -10
3 16 -1.15 22.51 -10 -1.21 23.45 -10 -7.24 18.91 -10
3 16 -0.49 21.96 -10 -1.15 22.51 -10 -7.24 18.91 -10
4 16 4.37 28.39 -10 2.15 26.4 -10 0.7 23.32 -10 0.56 22.57 -10
4 16 4.37 28.39 -10 0.56 22.57 -10 7.63 25.48 -10 6.28 27.39 -10
4 16 7.63 25.48 -10 0.56 22.57 -10 8.86 25.02 -10 8.23 25.38 -10
4 16 0.56 22.57 -10 7.24 18.91 -10 9.37 20.78 -10 8.86 25.02 -10
4 16 -7.24 18.91 -10 7.24 18.91 -10 0.05 22.02 -10 -0.49 21.96 -10
3 16 7.24 18.91 -10 0.56 22.57 -10 0.05 22.02 -10
4 16 9.37 20.78 -10 7.24 18.91 -10 9.6 16.14 -10 9.69 20.23 -10
4 16 9.6 16.14 -10 9.99 11.08 -10 10.24 14.37 -10 9.94 15.57 -10
4 16 9.6 16.14 -10 7.24 18.91 -10 7.24 0 -10 9.99 11.08 -10
4 16 9.99 11.08 -10 7.24 0 -10 10.17 5.24 -10 10.21 10.66 -10
4 16 10.54 10.09 -10 10.21 10.66 -10 10.17 5.24 -10 10.47 6.23 -10
3 16 7.24 0 -10 10.19 4.89 -10 10.17 5.24 -10
4 16 10.19 4.89 -10 7.24 0 -10 10.67 0 -10 10.63 3.92 -10
3 16 10.38 -1.29 -12.31 8.9 -6.62 -11.91 9.4 -3.33 -13.41
3 16 8.74 -5.32 -13.64 9.4 -3.33 -13.41 8.9 -6.62 -11.91
3 16 7.22 -7.94 -12.4 8.74 -5.32 -13.64 8.9 -6.62 -11.91
4 16 9.11 -0.97 -15.36 8.85 0.75 -15.43 9.1 1.4 -14.85 9.87 0.53 -13.75
4 16 9.87 0.53 -13.75 10.15 -1.33 -13.4 9.67 -2.06 -14.39 9.11 -0.97 -15.36
2 24 -8.49 22.99 -10 -8.75 22.63 -10
2 24 -8.75 22.63 -10 -8.99 22.22 -10
2 24 -8.99 22.22 -10 -9.37 18.18 -10
2 24 -9.37 18.18 -10 -9.73 17.26 -10
2 24 -9.73 17.26 -10 -10.09 16.02 -10
2 24 -10.09 16.02 -10 -9.8 13.53 -10
2 24 -9.8 13.53 -10 -10.27 12.63 -10
2 24 -10.27 12.63 -10 -10.58 11.43 -10
2 24 -10.58 11.43 -10 -10.33 7.05 -10
2 24 -10.33 7.05 -10 -10.44 6.6 -10
2 24 -10.44 6.6 -10 -10.77 4.14 -10
2 24 -10.77 4.14 -10 -10.71 3.11 -10
2 24 -10.71 3.11 -10 -11.03 0 -10
2 24 -10.04 -2.38 -13.03 -9.25 -3.74 -13.76
2 24 -8.87 -7.06 -11.79 -10.973 -5.26 -10.578
2 24 -9.25 -3.74 -13.76 -8.41 -6.22 -13.59
2 24 -8.41 -6.22 -13.59 -7.43 -8.09 -12.29
2 24 -7.43 -8.09 -12.29 -8.87 -7.06 -11.79
2 24 -10.4 0.49 -12.54 -10.04 -2.38 -13.03
2 24 1.15 -3.34 -16.81 1.86 -1.17 -18.07
2 24 3.49 -2.17 -17.62 2.35 -3.91 -16.36
2 24 2.35 -3.91 -16.36 1.15 -3.34 -16.81
2 24 4.98 0.35 -18.08 3.49 -2.17 -17.62
2 24 1.86 -1.17 -18.07 3.48 1.66 -18.39
2 24 5.96 1.51 -17.78 4.98 0.35 -18.08
2 24 3.48 1.66 -18.39 4.64 3.03 -17.91
2 24 4.64 3.03 -17.91 6.5 3.67 -17.05
2 24 7.08 2.83 -16.94 5.96 1.51 -17.78
2 24 6.5 3.67 -17.05 7.84 4.1 -15.65
2 24 8.1 3.68 -15.59 7.08 2.83 -16.94
2 24 7.84 4.1 -15.65 8.76 4.4 -13.95
2 24 8.76 4.4 -13.95 9.44 4.62 -12.18
2 24 9.44 4.62 -12.18 10.19 4.89 -10
2 24 10.19 4.89 -10 10.63 3.92 -10
2 24 7.1 9.73 -16.48 8.46 10.18 -14.56
2 24 9.1 9.38 -14.6 7.87 8.9 -16.87
2 24 5.57 9.2 -17.69 7.1 9.73 -16.48
2 24 7.87 8.9 -16.87 6.34 8.15 -18.34
2 24 6.34 8.15 -18.34 4.62 6.82 -18.87
2 24 3.46 8.23 -18.19 5.57 9.2 -17.69
2 24 4.62 6.82 -18.87 3.13 5.36 -18.79
2 24 1.67 6.35 -18.18 3.46 8.23 -18.19
2 24 3.13 5.36 -18.79 1.57 3.65 -17.93
2 24 0.64 4.16 -17.74 1.67 6.35 -18.18
2 24 8.46 10.18 -14.56 9.4 10.45 -12.57
2 24 9.85 9.73 -12.53 9.1 9.38 -14.6
2 24 9.4 10.45 -12.57 10.21 10.66 -10
2 24 10.21 10.66 -10 10.54 10.09 -10
2 24 10.54 10.09 -10 9.85 9.73 -12.53
2 24 5.35 9.72 -17.33 3.41 9.12 -17.37
2 24 3.41 9.12 -17.37 4.56 12.11 -17.99
2 24 4.56 12.11 -17.99 5.92 13.98 -17.17
2 24 7.49 12.37 -16.85 6.44 11.48 -17.5
2 24 5.92 13.98 -17.17 7.77 14.66 -14.94
2 24 8.76 13.33 -14.93 7.49 12.37 -16.85
2 24 7.77 14.66 -14.94 9 15.16 -12.59
2 24 9.58 13.9 -12.7 8.76 13.33 -14.93
2 24 10.24 14.37 -10 9.58 13.9 -12.7
2 24 9 15.16 -12.59 9.94 15.57 -10
2 24 9.94 15.57 -10 10.24 14.37 -10
2 24 6.58 19.3 -15.42 7.79 19.88 -13.96
2 24 8.15 19.34 -14.41 6.79 18.66 -16.1
2 24 9.07 19.84 -12.48 8.15 19.34 -14.41
2 24 7.79 19.88 -13.96 8.55 20.3 -12.35
2 24 9.69 20.23 -10 9.07 19.84 -12.48
2 24 8.55 20.3 -12.35 9.37 20.78 -10
2 24 9.37 20.78 -10 9.69 20.23 -10
2 24 6.79 18.66 -16.1 3.79 18.23 -16.35
2 24 3.2 18.54 -15.42 6.58 19.3 -15.42
2 24 3.79 18.23 -16.35 2.4 16.98 -16.5
2 24 0.38 17.78 -14.04 3.2 18.54 -15.42
2 24 2.4 16.98 -16.5 1.6 15.48 -16.14
2 24 -0.35 16.83 -14.59 0.38 17.78 -14.04
2 24 0.36 14.04 -14.97 -0.35 16.83 -14.59
2 24 1.6 15.48 -16.14 1.32 13.74 -15.25
2 24 1.32 13.74 -15.25 0.36 14.04 -14.97
2 24 3.32 14.24 -16.23 1.32 13.74 -15.25
2 24 4.09 15.85 -16.85 3.32 14.24 -16.23
2 24 5.4 17.52 -16.99 4.09 15.85 -16.85
2 24 6.79 18.66 -16.1 5.4 17.52 -16.99
2 24 3.74 21.54 -15.95 5.56 23.24 -15.29
2 24 7.02 22.65 -15.32 6.37 21.22 -15.72
2 24 6.37 21.22 -15.72 6.58 19.3 -15.42
2 24 2.3 19.1 -14.96 3.74 21.54 -15.95
2 24 5.56 23.24 -15.29 6.92 24.45 -13.62
2 24 7.91 24.11 -13.86 7.02 22.65 -15.32
2 24 6.92 24.45 -13.62 7.59 24.97 -12.23
2 24 8.32 24.5 -12.27 7.91 24.11 -13.86
2 24 7.59 24.97 -12.23 8.23 25.38 -10
2 24 8.23 25.38 -10 8.86 25.02 -10
2 24 8.86 25.02 -10 8.32 24.5 -12.27
2 24 0.38 17.78 -14.04 0.3 18.73 -14.25
2 24 -0.79 2.78 -17.08 -1.73 4 -17.93
2 24 -0.15 5.39 -17.43 0.16 3.33 -17.07
2 24 -1.87 6.61 -18.31 -0.15 5.39 -17.43
2 24 -1.73 4 -17.93 -3.13 5.61 -18.59
2 24 -3.77 7.83 -18.4 -1.87 6.61 -18.31
2 24 -3.13 5.61 -18.59 -5 6.89 -18.56
2 24 -6.11 9.13 -17.61 -3.77 7.83 -18.4
2 24 -5 6.89 -18.56 -6.88 8.07 -17.75
2 24 -6.88 8.07 -17.75 -8.48 9.16 -16.38
2 24 -7.75 10.2 -16.36 -6.11 9.13 -17.61
2 24 -8.48 9.16 -16.38 -9.58 10.07 -14.54
2 24 -9.02 11.2 -14.57 -7.75 10.2 -16.36
2 24 -9.58 10.07 -14.54 -10.16 10.81 -12.41
2 24 -9.84 11.98 -12.53 -9.02 11.2 -14.57
2 24 0.16 3.33 -17.07 -0.21 1.76 -16.55
2 24 -10.16 10.81 -12.41 -10.58 11.43 -10
2 24 -10.27 12.63 -10 -9.84 11.98 -12.53
2 24 -0.87 2.07 -16.75 -0.79 2.78 -17.08
2 24 -0.97 8.77 -16.825 0.55 8.31 -15.95
2 24 -2.49 9.63 -17.7 -0.97 8.77 -16.825
2 24 0.55 8.31 -15.95 -0.25 7.32 -16.21
2 24 -0.25 7.32 -16.21 -3.05 8.96 -17.55
2 24 -3.05 8.96 -17.55 -5.27 10.56 -17.57
2 24 -4.46 11.59 -18.05 -2.49 9.63 -17.7
2 24 -5.27 10.56 -17.57 -7.59 12.91 -16.63
2 24 -6.95 14.1 -16.98 -4.46 11.59 -18.05
2 24 -7.59 12.91 -16.63 -9.18 14.67 -14.87
2 24 -8.68 16.04 -15.11 -6.95 14.1 -16.98
2 24 -9.18 14.67 -14.87 -9.76 15.59 -12.53
2 24 -9.55 16.98 -12.65 -8.68 16.04 -15.11
2 24 -9.76 15.59 -12.53 -10.09 16.02 -10
2 24 -9.73 17.26 -10 -9.55 16.98 -12.65
2 24 -8.63 21.89 -12.7 -7.63 20.91 -15.07
2 24 -8.47 19.8 -15.23 -9.08 21.26 -12.65
2 24 -7.63 20.91 -15.07 -5.63 19.4 -16.56
2 24 -6.41 18.12 -16.87 -8.47 19.8 -15.23
2 24 -5.63 19.4 -16.56 -2.7 17.21 -16.95
2 24 -3.6 15.82 -17.39 -6.41 18.12 -16.87
2 24 -2.7 17.21 -16.95 -0.91 15.47 -16.31
2 24 -2.01 14.02 -16.75 -3.6 15.82 -17.39
2 24 -0.91 15.47 -16.31 0.22 12.87 -15.03
2 24 0.22 12.87 -15.03 -0.13 12.12 -15.17
2 24 -1.89 12.79 -16.33 -2.01 14.02 -16.75
2 24 -0.13 12.12 -15.17 -1.89 12.79 -16.33
2 24 -9.08 21.26 -12.65 -8.99 22.22 -10
2 24 -8.75 22.63 -10 -8.63 21.89 -12.7
2 24 -4.33 21.19 -16.43 -2.32 19.43 -15.83
2 24 -2.87 18.94 -16.07 -5.65 20.82 -16.05
2 24 -5.96 23.27 -15.88 -4.33 21.19 -16.43
2 24 -5.65 20.82 -16.05 -7.13 22.75 -15.25
2 24 -6.71 25.03 -14.58 -5.96 23.27 -15.88
2 24 -7.13 22.75 -15.25 -7.58 24.39 -14.44
2 24 -7.51 25.75 -12.62 -6.71 25.03 -14.58
2 24 -7.58 24.39 -14.44 -7.8 25.54 -12.6
2 24 -2.32 19.43 -15.83 -0.35 16.83 -14.59
2 24 -0.35 16.83 -14.59 -2.39 18.04 -15.94
2 24 -7.91 26.13 -10 -7.51 25.75 -12.62
2 24 -7.8 25.54 -12.6 -8.19 25.83 -10
2 24 -8.19 25.83 -10 -7.91 26.13 -10
2 24 -5.25 27.87 -12.27 -4.65 26.68 -13.53
2 24 -4.65 26.68 -13.53 -3.63 25.27 -14.18
2 24 -3.63 25.27 -14.18 -2.09 23.9 -13.7
2 24 -2.09 23.9 -13.7 -1.41 23.41 -11.83
2 24 -1.36 22.34 -11.95 -1.39 22.07 -13.26
2 24 -1.39 22.07 -13.26 -2.51 23.01 -14.37
2 24 -2.51 23.01 -14.37 -4.54 24.12 -14.55
2 24 -4.54 24.12 -14.55 -6.02 25.2 -13.9
2 24 -6.02 25.2 -13.9 -6.98 26.03 -12.43
2 24 -7.03 27.58 -10 -5.28 28.46 -10
2 24 -5.28 28.46 -10 -5.25 27.87 -12.27
2 24 -1.15 22.51 -10 -1.36 22.34 -11.95
2 24 -1.41 23.41 -11.83 -1.21 23.45 -10
2 24 -1.21 23.45 -10 -1.15 22.51 -10
2 24 -7.45 26.44 -10 -7.03 27.58 -10
2 24 -6.98 26.03 -12.43 -7.45 26.44 -10
2 24 -0.13 20.12 -14.27 0.3 18.73 -14.25
2 24 -0.6 21.61 -12.09 -0.13 20.12 -14.27
2 24 -0.49 21.96 -10 -0.6 21.61 -12.09
2 24 -1.15 22.51 -10 -0.49 21.96 -10
2 24 -7.91 26.13 -10 -7.45 26.44 -10
2 24 -8.2 22.28 -12.78 -7.19 21.43 -14.94
2 24 -7.19 21.43 -14.94 -5.76 20.27 -15.99
2 24 -5.76 20.27 -15.99 -2.39 18.04 -15.94
2 24 0.36 14.04 -14.97 0.22 12.87 -15.03
2 24 -8.49 22.99 -10 -8.2 22.28 -12.78
2 24 -8.49 22.99 -10 -8.19 25.83 -10
2 24 -8.28 16.8 -14.88 -9.15 17.65 -12.55
2 24 -6.31 15.33 -16.17 -8.28 16.8 -14.88
2 24 -3.82 13.88 -16.68 -6.31 15.33 -16.17
2 24 -1.89 12.79 -16.33 -3.82 13.88 -16.68
2 24 -9.15 17.65 -12.55 -9.37 18.18 -10
2 24 -0.13 12.12 -15.17 0.55 8.31 -15.95
2 24 -8.54 12 -14.31 -9.35 12.89 -12.3
2 24 -7.15 10.95 -15.94 -8.54 12 -14.31
2 24 -5.53 9.89 -17.15 -7.15 10.95 -15.94
2 24 -3.47 8.57 -17.58 -5.53 9.89 -17.15
2 24 -1.36 7.27 -16.87 -3.47 8.57 -17.58
2 24 -9.35 12.89 -12.3 -9.8 13.53 -10
2 24 -0.25 7.32 -16.21 -0.15 5.39 -17.43
2 24 0.55 8.31 -15.95 3.41 9.12 -17.37
2 24 5.35 9.72 -17.33 7 10.22 -16.16
2 24 7 10.22 -16.16 8.22 10.67 -14.46
2 24 8.22 10.67 -14.46 9.17 10.93 -12.55
2 24 9.17 10.93 -12.55 9.99 11.08 -10
2 24 9.99 11.08 -10 10.21 10.66 -10
2 24 8.86 25.02 -10 9.37 20.78 -10
2 24 4.05 23.55 -14.41 5.76 24.48 -13.22
2 24 2.3 22.44 -15.07 4.05 23.55 -14.41
2 24 0.67 20.99 -14.68 2.3 22.44 -15.07
2 24 5.76 24.48 -13.22 6.83 25.28 -12.14
2 24 6.83 25.28 -12.14 7.63 25.48 -10
2 24 7.63 25.48 -10 8.23 25.38 -10
2 24 1.32 23.15 -13.68 2.67 24.13 -14.37
2 24 0.78 23.12 -11.82 1.32 23.15 -13.68
2 24 0.56 22.57 -10 0.7 23.32 -10
2 24 0.7 23.32 -10 0.78 23.12 -11.82
2 24 0.05 22.02 -10 0.56 22.57 -10
2 24 -0.49 21.96 -10 0.05 22.02 -10
2 24 3.75 25.89 -13.88 4.48 27.73 -12.63
2 24 6.28 27.39 -10 7.63 25.48 -10
2 24 4.48 27.73 -12.63 4.37 28.39 -10
2 24 4.37 28.39 -10 6.28 27.39 -10
2 24 2.67 24.13 -14.37 3.75 25.89 -13.88
2 24 0.7 23.32 -10 2.15 26.4 -10
2 24 2.15 26.4 -10 4.37 28.39 -10
2 24 -5.28 28.46 -10 -2.58 26.29 -10
2 24 -2.58 26.29 -10 -1.21 23.45 -10
2 24 5.58 14.78 -16.33 7.49 15.38 -14.54
2 24 3.32 14.24 -16.23 5.58 14.78 -16.33
2 24 7.49 15.38 -14.54 8.67 15.79 -12.49
2 24 8.67 15.79 -12.49 9.6 16.14 -10
2 24 9.6 16.14 -10 9.94 15.57 -10
2 24 9.69 20.23 -10 9.6 16.14 -10
2 24 10.24 14.37 -10 9.99 11.08 -10
2 24 7.72 4.57 -15.63 8.69 4.87 -13.88
2 24 6.33 4.2 -17.09 7.72 4.57 -15.63
2 24 4.57 3.64 -17.77 6.33 4.2 -17.09
2 24 1.59 2.86 -17.3 4.57 3.64 -17.77
2 24 8.69 4.87 -13.88 9.4 5.08 -12.14
2 24 9.4 5.08 -12.14 10.17 5.24 -10
2 24 10.17 5.24 -10 10.19 4.89 -10
2 24 -0.21 0.63 -17 -0.21 1.76 -16.55
2 24 -0.19 -1.72 -16.65 -0.21 0.63 -17
2 24 0.67 -4.22 -15.98 -0.19 -1.72 -16.65
2 24 2.27 -4.74 -15.34 0.67 -4.22 -15.98
2 24 0.16 3.33 -17.07 1.59 2.86 -17.3
2 24 8.04 5.38 -16.13 9.09 5.72 -14.25
2 24 6.41 4.91 -17.62 8.04 5.38 -16.13
2 24 4.6 4.38 -18.16 6.41 4.91 -17.62
2 24 1.57 3.65 -17.93 4.6 4.38 -18.16
2 24 9.09 5.72 -14.25 9.83 5.99 -12.3
2 24 9.83 5.99 -12.3 10.47 6.23 -10
2 24 10.47 6.23 -10 10.17 5.24 -10
2 24 10.54 10.09 -10 10.47 6.23 -10
2 24 -9.38 3.2 -14.16 -10.11 3.7 -12.23
2 24 -9.9 5.92 -12.2 -9 5.19 -13.99
2 24 -9 5.19 -13.99 -7.79 4.31 -15.56
2 24 -8.22 2.48 -15.81 -9.38 3.2 -14.16
2 24 -7.79 4.31 -15.56 -6.24 3.44 -16.77
2 24 -6.83 1.43 -17.1 -8.22 2.48 -15.81
2 24 -6.24 3.44 -16.77 -4.3 2.55 -17.2
2 24 -5.19 0.24 -17.64 -6.83 1.43 -17.1
2 24 -4.3 2.55 -17.2 -2.36 1.73 -17.39
2 24 -3.54 -1.13 -17.71 -5.19 0.24 -17.64
2 24 -2.36 1.73 -17.39 -0.95 1.04 -17.15
2 24 -2.12 -2.63 -17.36 -3.54 -1.13 -17.71
2 24 -0.19 -1.72 -16.65 -0.76 -4.26 -16.18
2 24 -0.76 -4.26 -16.18 -2.12 -2.63 -17.36
2 24 -10.11 3.7 -12.23 -10.77 4.14 -10
2 24 -10.44 6.6 -10 -9.9 5.92 -12.2
2 24 -0.95 1.04 -17.15 -0.21 0.63 -17
2 24 -9.73 6.45 -12.14 -8.81 5.77 -13.84
2 24 -8.81 5.77 -13.84 -7.69 4.99 -15.41
2 24 -7.69 4.99 -15.41 -6.23 4.08 -16.6
2 24 -6.23 4.08 -16.6 -4.36 3.27 -17.04
2 24 -4.36 3.27 -17.04 -2.44 2.54 -17.14
2 24 -2.44 2.54 -17.14 -0.87 2.07 -16.75
2 24 -10.33 7.05 -10 -9.73 6.45 -12.14
2 24 -8.4 1.42 -15.81 -9.33 2 -14.49
2 24 -7.24 -0.5 -16.69 -8.4 1.42 -15.81
2 24 -5.83 -1.44 -17.13 -7.24 -0.5 -16.69
2 24 -4.7 -2.62 -16.82 -5.83 -1.44 -17.13
2 24 -3.79 -3.85 -16.03 -4.7 -2.62 -16.82
2 24 -0.76 -4.26 -16.18 -2.64 -5.1 -15.43
2 24 -2.64 -5.1 -15.43 -3.79 -3.85 -16.03
2 24 -9.33 2 -14.49 -10.4 0.49 -12.54
2 24 8.78 2.3 -14.76 7.56 1.15 -15.93
2 24 9.7 1.62 -13.11 8.78 2.3 -14.76
2 24 7.56 1.15 -15.93 6.63 0.21 -16.45
2 24 10.58 0 -11.6 10.38 -1.29 -12.31
2 24 10.38 -1.29 -12.31 9.7 1.62 -13.11
2 24 10.63 3.92 -10 10.67 0 -10
2 24 6.63 0.21 -16.45 4.73 -1.67 -16.94
2 24 4.73 -1.67 -16.94 4.16 -2.57 -16.68
2 24 4.16 -2.57 -16.68 3.49 -3.65 -16.02
2 24 3.49 -3.65 -16.02 2.27 -4.74 -15.34
2 24 8.11 -1.11 -15.87 7.56 1.15 -15.93
2 24 8.85 0.75 -15.43 9.11 -0.97 -15.36
2 24 8.97 -3.06 -14.87 8.11 -1.11 -15.87
2 24 9.11 -0.97 -15.36 9.67 -2.06 -14.39
2 24 9.4 -3.33 -13.41 8.74 -5.32 -13.64
2 24 8.74 -5.32 -13.64 8.97 -3.06 -14.87
2 24 9.1 1.4 -14.85 8.85 0.75 -15.43
2 24 9.87 0.53 -13.75 9.1 1.4 -14.85
2 24 10.15 -1.33 -13.4 9.87 0.53 -13.75
2 24 9.67 -2.06 -14.39 10.15 -1.33 -13.4
2 24 10.38 -1.29 -12.31 9.4 -3.33 -13.41
2 24 2.65 -5.44 -15.26 2.27 -4.74 -15.34
2 24 3.49 -3.65 -16.02 4.39 -5.12 -16.68
2 24 4.39 -5.12 -16.68 4.54 -7.42 -16.91
2 24 1.95 -9 -16.26 2.06 -7.41 -16.43
2 24 2.06 -7.41 -16.43 1.68 -6.08 -15.29
2 24 1.68 -6.08 -15.29 2.65 -5.44 -15.26
2 24 4.54 -7.42 -16.91 4.41 -9.71 -15.84
2 24 1.51 -10.33 -15.35 1.95 -9 -16.26
2 24 4.41 -9.71 -15.84 3.55 -11.32 -14.41
2 24 3.55 -11.32 -14.41 0.88 -11.53 -14.41
2 24 0.88 -11.53 -14.41 1.51 -10.33 -15.35
2 24 4.73 -1.67 -16.94 6 -2.91 -17.46
2 24 5.16 -3.88 -16.97 4.16 -2.57 -16.68
2 24 6 -2.91 -17.46 6.44 -4.26 -17.63
2 24 5.56 -5.55 -17.01 5.16 -3.88 -16.97
2 24 6.44 -4.26 -17.63 6.88 -5.55 -17.37
2 24 5.91 -6.98 -16.17 5.56 -5.55 -17.01
2 24 6.88 -5.55 -17.37 7.27 -6.71 -16.69
2 24 7.27 -6.71 -16.69 6.24 -8.41 -15.3
2 24 6.24 -8.41 -15.3 5.91 -6.98 -16.17
2 24 7.04 -1.32 -16.85 7.69 -2.53 -16.86
2 24 7.69 -2.53 -16.86 8.34 -3.64 -16.32
2 24 8.34 -3.64 -16.32 8.65 -4.71 -15.58
2 24 8.65 -4.71 -15.58 7.27 -6.71 -16.69
2 24 6.63 0.21 -16.45 7.03 -0.31 -16.27
2 24 7.03 -0.31 -16.27 7.04 -1.32 -16.85
2 24 8.74 -5.32 -13.64 7.22 -7.94 -12.4
2 24 5.32 -9.93 -14.39 6.24 -8.41 -15.3
2 24 3.32 -11.89 -12.72 5.32 -9.93 -14.39
2 24 -1.02 -7.22 -16.76 -0.95 -6.31 -15.76
2 24 -0.95 -6.31 -15.76 0.96 -6.28 -15.57
2 24 0.96 -6.28 -15.57 0.98 -7.22 -16.69
2 24 0.98 -7.22 -16.69 0.91 -8.42 -16.94
2 24 -1.07 -8.4 -16.97 -1.02 -7.22 -16.76
2 24 0.91 -8.42 -16.94 0.79 -9.51 -16.46
2 24 -0.95 -9.58 -16.44 -1.07 -8.4 -16.97
2 24 -0.72 -10.45 -15.67 -0.95 -9.58 -16.44
2 24 0.79 -9.51 -16.46 0.68 -10.4 -15.65
2 24 0.68 -10.4 -15.65 0.88 -11.53 -14.41
2 24 0.88 -11.53 -14.41 -0.96 -11.51 -14.4
2 24 -0.96 -11.51 -14.4 -0.72 -10.45 -15.67
2 24 0.96 -6.28 -15.57 1.68 -6.08 -15.29
2 24 -1.9 -6.31 -15.5 -0.95 -6.31 -15.76
2 24 -2 -7.6 -16.5 -1.9 -6.31 -15.5
2 24 -2.11 -9.1 -16.21 -2 -7.6 -16.5
2 24 -1.62 -10.38 -15.28 -2.11 -9.1 -16.21
2 24 -0.96 -11.51 -14.4 -1.62 -10.38 -15.28
2 24 -3.74 -11.39 -14.33 -4.53 -10.14 -15.59
2 24 -0.96 -11.51 -14.4 -3.74 -11.39 -14.33
2 24 -4.53 -10.14 -15.59 -4.69 -8.39 -16.63
2 24 -4.69 -8.39 -16.63 -4.54 -6.49 -17
2 24 -4.54 -6.49 -17 -3.79 -3.85 -16.03
2 24 -2.64 -5.1 -15.43 -3 -5.71 -15.64
2 24 -3 -5.71 -15.64 -1.9 -6.31 -15.5
2 24 -5.67 -5.55 -16.91 -4.7 -2.62 -16.82
2 24 -5.92 -7.7 -16.12 -5.67 -5.55 -16.91
2 24 -5.98 -9.42 -14.69 -5.92 -7.7 -16.12
2 24 -5.25 -10.54 -13.99 -5.98 -9.42 -14.69
2 24 -3.74 -11.39 -14.33 -5.25 -10.54 -13.99
2 24 -6.61 -3.88 -17.63 -5.83 -1.44 -17.13
2 24 -7.15 -5.51 -17.3 -6.61 -3.88 -17.63
2 24 -7.41 -6.95 -16.34 -7.15 -5.51 -17.3
2 24 -5.98 -9.42 -14.69 -7.41 -6.95 -16.34
2 24 -7.91 -2.68 -16.95 -7.24 -0.5 -16.69
2 24 -8.37 -3.94 -16.48 -7.91 -2.68 -16.95
2 24 -8.59 -5.04 -15.62 -8.37 -3.94 -16.48
2 24 -7.41 -6.95 -16.34 -8.59 -5.04 -15.62
2 24 -9.29 0.83 -15.61 -9.55 1.36 -14.76
2 24 -9.35 -0.44 -15.79 -9.29 0.83 -15.61
2 24 -8.4 1.42 -15.81 -8.35 -1.3 -16.19
2 24 -9.59 -1.64 -15.4 -9.35 -0.44 -15.79
2 24 -8.35 -1.3 -16.19 -8.77 -2.61 -15.81
2 24 -9.94 -2.26 -14.32 -9.59 -1.64 -15.4
2 24 -8.77 -2.61 -15.81 -9.02 -3.56 -14.83
2 24 -9.02 -3.56 -14.83 -9.94 -2.26 -14.32
2 24 -10.13 -0.2 -13.97 -9.94 -2.26 -14.32
2 24 -9.55 1.36 -14.76 -10.13 -0.2 -13.97
2 24 -6.797 -9.048 -11.46 -7.43 -8.09 -12.29
2 24 8.9 -6.62 -11.91 10.973 -5.26 -10.578
2 24 7.22 -7.94 -12.4 8.9 -6.62 -11.91
2 24 8.9 -6.62 -11.91 10.38 -1.29 -12.31
2 24 10.58 0 -11.6 11.944 0 -11.188
3 16 10.58 0 -11.6 4.4 0 -10 11.944 0 -11.188
3 16 10.58 0 -11.6 7.24 0 -13.43 4.4 0 -10
2 24 7.24 0 -13.43 -7.24 0 -13.43
3 16 4.4 0 -10 -4.4 0 -10 0 -3.073 -10
2 24 -11.944 0 -11.188 -11.03 0 -11.81
4 16 -11.944 0 -11.188 -4.4 0 -10 -7.24 0 -13.43 -11.03 0 -11.81
4 16 -4.4 0 -10 4.4 0 -10 7.24 0 -13.43 -7.24 0 -13.43
4 16 -7.24 0 -13.43 7.24 0 -13.43 7.24 14.86 -11.94 -7.24 14.86 -11.94
4 16 -7.24 18.91 -10 -7.24 14.86 -11.94 7.24 14.86 -11.94 7.24 18.91 -10
2 24 7.24 18.91 -10 -7.24 18.91 -10
2 24 0.64 4.16 -17.74 1.57 3.65 -17.93
5 24 -0.21 1.76 -16.55 3.48 1.66 -18.39 1.59 2.86 -17.3 1.86 -1.17 -18.07
5 24 8.65 -4.71 -15.58 8.97 -3.06 -14.87 8.34 -3.64 -16.32 8.74 -5.32 -13.64
5 24 7.91 24.11 -13.86 7.59 24.97 -12.23 6.92 24.45 -13.62 8.32 24.5 -12.27
5 24 -13.493 -4.018 -3.907 -12.454 -4.442 -0.073 -13.0276 -3.642 -0.0752 -12.359 -5.098 -3.47
5 24 5.35 9.72 -17.33 7.1 9.73 -16.48 5.57 9.2 -17.69 7 10.22 -16.16
5 24 -1.39 22.07 -13.26 -1.41 23.41 -11.83 -1.36 22.34 -11.95 -2.09 23.9 -13.7
5 24 -0.25 7.32 -16.21 -1.36 7.27 -16.87 -0.15 5.39 -17.43 -3.05 8.96 -17.55
5 24 0.98 -7.22 -16.69 2.06 -7.41 -16.43 0.96 -6.28 -15.57 0.91 -8.42 -16.94
5 24 -0.96 -11.51 -14.4 -4.53 -10.14 -15.59 -1.62 -10.38 -15.28 -3.74 -11.39 -14.33
5 24 5.074 -6.858 -11.961 6.797 -9.048 -11.46 3.6 -7.056 -12.542 9.264 -7.002 -9.778
5 24 -2.39 18.04 -15.94 -2.87 18.94 -16.07 -2.32 19.43 -15.83 -5.76 20.27 -15.99
5 24 -8.37 -3.94 -16.48 -6.61 -3.88 -17.63 -7.91 -2.68 -16.95 -7.15 -5.51 -17.3
5 24 4.532 -2.6 6.7824 5.6568 -2.6 5.6568 5.187 -3.33 8.775 3.0616 -2.6 7.3912
5 24 -6.7824 -2.6 -4.532 -5.6568 -2.6 -5.6568 -7.3912 -2.6 -3.0616 -8.298 -3.396 -6.995
5 24 11.539 -4.3215 4.7205 13.0276 -3.642 -0.0752 11.8852 -3.5215 4.8621 12.454 -4.442 -0.073
5 24 -8.47 19.8 -15.23 -8.28 16.8 -14.88 -9.15 17.65 -12.55 -6.41 18.12 -16.87
5 24 -0.95 -6.31 -15.76 -0.76 -4.26 -16.18 0.67 -4.22 -15.98 -1.9 -6.31 -15.5
5 24 -7.15 10.95 -15.94 -7.75 10.2 -16.36 -8.54 12 -14.31 -5.53 9.89 -17.15
5 24 -1.89 12.79 -16.33 0.55 8.31 -15.95 -0.13 12.12 -15.17 -2.49 9.63 -17.7
5 24 -9.8 13.53 -10 -9.76 15.59 -12.53 -10.09 16.02 -10 -9.35 12.89 -12.3
5 24 -8.59 -5.04 -15.62 -9.02 -3.56 -14.83 -8.37 -3.94 -16.48 -9.25 -3.74 -13.76
5 24 8.32 24.5 -12.27 9.37 20.78 -10 7.91 24.11 -13.86 8.86 25.02 -10
5 24 -1.89 12.79 -16.33 -4.46 11.59 -18.05 -3.82 13.88 -16.68 -2.49 9.63 -17.7
5 24 -1.62 -10.38 -15.28 -0.72 -10.45 -15.67 -0.95 -9.58 -16.44 -0.96 -11.51 -14.4
5 24 0 -2.6 8 1.5912 -2.6 8 0 -3.338 10.148 3.0616 -2.6 7.3912
5 24 -3.05 8.96 -17.55 -2.49 9.63 -17.7 -4.46 11.59 -18.05 -0.25 7.32 -16.21
5 24 4.41 -9.71 -15.84 5.91 -6.98 -16.17 4.54 -7.42 -16.91 6.24 -8.41 -15.3
5 24 -6.71 25.03 -14.58 -6.98 26.03 -12.43 -6.02 25.2 -13.9 -7.51 25.75 -12.62
5 24 4.6 4.38 -18.16 4.57 3.64 -17.77 6.33 4.2 -17.09 1.57 3.65 -17.93
5 24 6.92 24.45 -13.62 7.91 24.11 -13.86 7.02 22.65 -15.32 7.59 24.97 -12.23
5 24 -0.21 0.63 -17 1.86 -1.17 -18.07 -0.21 1.76 -16.55 -0.19 -1.72 -16.65
5 24 -3.74 -11.39 -14.33 -1.416 -11.986 -13.035 -3.65 -11.9 -12.63 -0.96 -11.51 -14.4
5 24 -8.298 -3.396 -6.995 -6.7824 -2.6 -4.532 -8.983 -3.392 -5.474 -5.6568 -2.6 -5.6568
5 24 -0.19 -1.72 -16.65 -2.12 -2.63 -17.36 -0.95 1.04 -17.15 -0.76 -4.26 -16.18
5 24 1.86 -1.17 -18.07 -0.19 -1.72 -16.65 -0.21 0.63 -17 1.15 -3.34 -16.81
5 24 -2.12 -2.63 -17.36 -0.95 1.04 -17.15 -0.19 -1.72 -16.65 -3.54 -1.13 -17.71
5 24 10.38 -1.29 -12.31 9.87 0.53 -13.75 9.7 1.62 -13.11 10.15 -1.33 -13.4
5 24 12.359 -5.098 -3.47 9.967 -3.298 -2.78 11.648 -5.37 -6.448 12.454 -4.442 -0.073
5 24 3.48 1.66 -18.39 1.59 2.86 -17.3 -0.21 1.76 -16.55 4.57 3.64 -17.77
5 24 -3.13 5.61 -18.59 -3.77 7.83 -18.4 -5 6.89 -18.56 -1.87 6.61 -18.31
5 24 -1.5912 -2.6 8 -4.619 -4.232 11.308 -5.187 -3.33 8.775 0 -3.338 10.148
5 24 -5.25 27.87 -12.27 -2.58 26.29 -10 -2.85 26.04 -12.13 -5.28 28.46 -10
5 24 0.98 -7.22 -16.69 -0.95 -6.31 -15.76 -1.02 -7.22 -16.76 0.96 -6.28 -15.57
5 24 -7.43 -8.09 -12.29 -5.98 -9.42 -14.69 -7.41 -6.95 -16.34 -5.25 -10.54 -13.99
5 24 -5.793 -10.139 -11.923 -5.25 -10.54 -13.99 -6.797 -9.048 -11.46 -3.65 -11.9 -12.63
5 24 3.2 18.54 -15.42 2.4 16.98 -16.5 0.38 17.78 -14.04 3.79 18.23 -16.35
5 24 2.3 22.44 -15.07 1.31 22.48 -13.94 1.32 23.15 -13.68 0.67 20.99 -14.68
5 24 -0.13 20.12 -14.27 0.67 20.99 -14.68 0.07 21.79 -12.06 0.3 18.73 -14.25
5 24 2.94 11.58 -17.4 0.55 8.31 -15.95 1.23 12.46 -16.04 3.41 9.12 -17.37
5 24 6.33 4.2 -17.09 8.04 5.38 -16.13 7.72 4.57 -15.63 6.41 4.91 -17.62
5 24 1.31 22.48 -13.94 0.63 22.36 -11.88 1.32 23.15 -13.68 0.07 21.79 -12.06
5 24 -6.95 14.1 -16.98 -8.28 16.8 -14.88 -6.31 15.33 -16.17 -8.68 16.04 -15.11
5 24 -9.59 -1.64 -15.4 -8.35 -1.3 -16.19 -9.35 -0.44 -15.79 -8.77 -2.61 -15.81
5 24 -2.44 2.54 -17.14 -0.79 2.78 -17.08 -1.73 4 -17.93 -0.87 2.07 -16.75
5 24 -8.4 1.42 -15.81 -9.55 1.36 -14.76 -9.29 0.83 -15.61 -9.33 2 -14.49
5 24 -5.27 10.56 -17.57 -5.53 9.89 -17.15 -7.15 10.95 -15.94 -3.47 8.57 -17.58
5 24 -6.02 25.2 -13.9 -4.15 24.78 -14.34 -5.54 26.09 -13.68 -4.54 24.12 -14.55
5 24 10.303 -6.186 -8.702 10.973 -5.26 -10.578 9.264 -7.002 -9.778 12.133 -4.645 -9.051
5 24 -7.59 12.91 -16.63 -8.54 12 -14.31 -9.18 14.67 -14.87 -7.15 10.95 -15.94
5 24 7.04 -1.32 -16.85 6.63 0.21 -16.45 4.73 -1.67 -16.94 7.03 -0.31 -16.27
5 24 1.67 6.35 -18.18 3.13 5.36 -18.79 3.46 8.23 -18.19 0.64 4.16 -17.74
5 24 -8.298 -3.396 -6.995 -4.4 -3.5 -10 -7.081 -4.26 -9.37 -4.4 -2.7 -7.2
5 24 -7.3912 -2.6 3.0616 -8 -2.6 1.5912 -8 -2.6 0 -8.975 -3.303 5.063
5 24 -6.797 -9.048 -11.46 -3.6 -7.056 -12.542 -5.793 -10.139 -11.923 -5.074 -6.858 -11.961
5 24 -5.068 -5.231 -11.626 -9.264 -7.002 -9.778 -5.074 -6.858 -11.961 -10.303 -6.186 -8.702
5 24 13.061 0 -9.851 10.973 -5.26 -10.578 12.133 -4.645 -9.051 11.944 0 -11.188
5 24 3.2 18.54 -15.42 3.79 18.23 -16.35 6.58 19.3 -15.42 2.4 16.98 -16.5
5 24 10.63 3.92 -10 9.77 3.69 -12.2 10.19 4.89 -10 10.58 0 -11.6
5 24 9.44 4.62 -12.18 8.69 4.87 -13.88 9.4 5.08 -12.14 8.76 4.4 -13.95
5 24 -4.15 24.78 -14.34 -5.54 26.09 -13.68 -4.65 26.68 -13.53 -6.02 25.2 -13.9
5 24 8.96 3.64 -13.93 9.7 1.62 -13.11 8.78 2.3 -14.76 9.77 3.69 -12.2
5 24 -9.29 0.83 -15.61 -8.4 1.42 -15.81 -9.55 1.36 -14.76 -9.35 -0.44 -15.79
5 24 4.48 27.73 -12.63 6.28 27.39 -10 5.81 26.49 -12.38 4.37 28.39 -10
5 24 13.0276 -3.642 -0.0752 13.813 0 -4.151 13.493 -4.018 -3.907 13.0276 0 -0.0752
5 24 1.23 12.46 -16.04 2.94 11.58 -17.4 2.84 13.06 -16.85 0.55 8.31 -15.95
5 24 6.44 -4.26 -17.63 5.16 -3.88 -16.97 6 -2.91 -17.46 5.56 -5.55 -17.01
5 24 0.884 -11.911 -13.134 0 -7.092 -13.1975 -1.416 -11.986 -13.035 3.32 -11.89 -12.72
5 24 5.96 1.51 -17.78 3.48 1.66 -18.39 4.98 0.35 -18.08 4.64 3.03 -17.91
5 24 -7.75 10.2 -16.36 -6.88 8.07 -17.75 -8.48 9.16 -16.38 -6.11 9.13 -17.61
5 24 -9.55 16.98 -12.65 -9.15 17.65 -12.55 -9.37 18.18 -10 -8.28 16.8 -14.88
5 24 8.11 -1.11 -15.87 8.85 0.75 -15.43 7.56 1.15 -15.93 9.11 -0.97 -15.36
5 24 -10.13 -0.2 -13.97 -10.04 -2.38 -13.03 -9.94 -2.26 -14.32 -10.4 0.49 -12.54
5 24 -0.15 5.39 -17.43 -1.73 4 -17.93 0.16 3.33 -17.07 -1.87 6.61 -18.31
5 24 -0.21 1.76 -16.55 -0.87 2.07 -16.75 -0.95 1.04 -17.15 -0.79 2.78 -17.08
5 24 8.34 -3.64 -16.32 7.27 -6.71 -16.69 8.65 -4.71 -15.58 6.88 -5.55 -17.37
5 24 -4.4 -2.7 -7.2 -8.298 -3.396 -6.995 -4.4 -3.5 -10 -5.6568 -2.6 -5.6568
5 24 3.372 -4.864 -11.877 5.068 -5.231 -11.626 3.6 -7.056 -12.542 4.4 -3.5 -10
5 24 -6.83 1.43 -17.1 -7.79 4.31 -15.56 -6.24 3.44 -16.77 -8.22 2.48 -15.81
5 24 -10.71 3.11 -10 -10.11 3.7 -12.23 -10.17 2.69 -12.14 -10.77 4.14 -10
5 24 3.55 -11.32 -14.41 3.32 -11.89 -12.72 5.32 -9.93 -14.39 0.88 -11.53 -14.41
5 24 -4.54 -6.49 -17 -5.92 -7.7 -16.12 -5.67 -5.55 -16.91 -4.69 -8.39 -16.63
5 24 -8.35 -1.3 -16.19 -7.91 -2.68 -16.95 -7.24 -0.5 -16.69 -8.77 -2.61 -15.81
5 24 0.64 4.16 -17.74 0.16 3.33 -17.07 -0.15 5.39 -17.43 1.57 3.65 -17.93
5 24 0 -7.092 -13.1975 0 -4.776 -12.395 3.372 -4.864 -11.877 -3.372 -4.864 -11.877
5 24 -7.081 -4.26 -9.37 -11.648 -5.37 -6.448 -8.298 -3.396 -6.995 -10.303 -6.186 -8.702
5 24 -4.65 26.68 -13.53 -5.54 26.09 -13.68 -6.54 27.08 -12.54 -4.15 24.78 -14.34
5 24 -0.21 1.76 -16.55 1.59 2.86 -17.3 3.48 1.66 -18.39 0.16 3.33 -17.07
5 24 2.65 -5.44 -15.26 4.39 -5.12 -16.68 3.49 -3.65 -16.02 2.06 -7.41 -16.43
5 24 8.22 10.67 -14.46 7.49 12.37 -16.85 7 10.22 -16.16 8.76 13.33 -14.93
5 24 7.27 -6.71 -16.69 8.74 -5.32 -13.64 6.24 -8.41 -15.3 8.65 -4.71 -15.58
5 24 8.67 15.79 -12.49 8.15 19.34 -14.41 7.49 15.38 -14.54 9.07 19.84 -12.48
5 24 5.58 14.78 -16.33 6.79 18.66 -16.1 7.49 15.38 -14.54 5.4 17.52 -16.99
5 24 -8.48 9.16 -16.38 -7.75 10.2 -16.36 -6.88 8.07 -17.75 -9.02 11.2 -14.57
5 24 9.4 5.08 -12.14 9.83 5.99 -12.3 9.09 5.72 -14.25 10.17 5.24 -10
5 24 -6.54 27.08 -12.54 -7.03 27.58 -10 -5.25 27.87 -12.27 -7.45 26.44 -10
5 24 -0.13 20.12 -14.27 -1.5 20.52 -15.36 -2.51 23.01 -14.37 0.3 18.73 -14.25
5 24 13.061 0 -9.851 12.133 -4.645 -9.051 13.05 -4.182 -7.134 10.973 -5.26 -10.578
5 24 7.56 1.15 -15.93 7.08 2.83 -16.94 8.78 2.3 -14.76 5.96 1.51 -17.78
5 24 -3.65 -11.9 -12.63 -3.6 -7.056 -12.542 -1.416 -11.986 -13.035 -5.793 -10.139 -11.923
5 24 -5.63 19.4 -16.56 -8.47 19.8 -15.23 -7.63 20.91 -15.07 -6.41 18.12 -16.87
5 24 4.09 15.85 -16.85 5.58 14.78 -16.33 5.4 17.52 -16.99 3.32 14.24 -16.23
5 24 -7.75 10.2 -16.36 -8.54 12 -14.31 -7.15 10.95 -15.94 -9.02 11.2 -14.57
5 24 -9.9 5.92 -12.2 -10.77 4.14 -10 -10.11 3.7 -12.23 -10.44 6.6 -10
5 24 -1.02 -7.22 -16.76 -1.9 -6.31 -15.5 -0.95 -6.31 -15.76 -2 -7.6 -16.5
5 24 5.4 17.52 -16.99 3.79 18.23 -16.35 2.4 16.98 -16.5 6.79 18.66 -16.1
5 24 -9.08 21.26 -12.65 -8.63 21.89 -12.7 -8.99 22.22 -10 -8.47 19.8 -15.23
5 24 -6.54 27.08 -12.54 -4.65 26.68 -13.53 -5.25 27.87 -12.27 -5.54 26.09 -13.68
5 24 2.3 22.44 -15.07 1.32 23.15 -13.68 2.67 24.13 -14.37 1.31 22.48 -13.94
5 24 -8.298 -3.396 -6.995 -5.6568 -2.6 -5.6568 -6.7824 -2.6 -4.532 -4.4 -2.7 -7.2
5 24 -6.7824 -2.6 -4.532 -9.967 -3.298 -2.78 -8.983 -3.392 -5.474 -8 -2.6 -1.5912
5 24 9.77 3.69 -12.2 10.19 4.89 -10 10.63 3.92 -10 9.44 4.62 -12.18
5 24 11.8852 -3.5215 4.8621 11.8852 0 4.8621 8.9909 -3.4768 8.9242 13.0276 0 -0.0752
5 24 -9.84 11.98 -12.53 -9.35 12.89 -12.3 -8.54 12 -14.31 -9.8 13.53 -10
5 24 -8.41 -6.22 -13.59 -8.59 -5.04 -15.62 -7.41 -6.95 -16.34 -9.25 -3.74 -13.76
5 24 4.56 12.11 -17.99 5.35 9.72 -17.33 6.44 11.48 -17.5 3.41 9.12 -17.37
5 24 8.32 24.5 -12.27 7.59 24.97 -12.23 7.91 24.11 -13.86 8.23 25.38 -10
5 24 7.49 15.38 -14.54 7.77 14.66 -14.94 5.58 14.78 -16.33 9 15.16 -12.59
5 24 7.56 1.15 -15.93 5.96 1.51 -17.78 7.08 2.83 -16.94 6.63 0.21 -16.45
5 24 5.187 -3.33 8.775 8.729 -4.2768 8.6643 8.975 -3.303 5.063 4.619 -4.232 11.308
5 24 4.98 0.35 -18.08 6.63 0.21 -16.45 5.96 1.51 -17.78 4.73 -1.67 -16.94
5 24 9.77 3.69 -12.2 8.96 3.64 -13.93 9.44 4.62 -12.18 9.7 1.62 -13.11
5 24 0.07 21.79 -12.06 -0.13 20.12 -14.27 0.67 20.99 -14.68 -0.6 21.61 -12.09
5 24 9.99 11.08 -10 9.58 13.9 -12.7 10.24 14.37 -10 9.17 10.93 -12.55
5 24 -8.81 5.77 -13.84 -9.58 10.07 -14.54 -9.73 6.45 -12.14 -8.48 9.16 -16.38
5 24 -9.33 2 -14.49 -10.13 -0.2 -13.97 -10.4 0.49 -12.54 -9.55 1.36 -14.76
5 24 -5.25 27.87 -12.27 -7.03 27.58 -10 -5.28 28.46 -10 -6.54 27.08 -12.54
5 24 -4.53 -10.14 -15.59 -5.25 -10.54 -13.99 -5.98 -9.42 -14.69 -3.74 -11.39 -14.33
5 24 2.67 24.13 -14.37 3.25 23.72 -14.36 2.3 22.44 -15.07 3.75 25.89 -13.88
5 24 9.4 -3.33 -13.41 10.15 -1.33 -13.4 9.67 -2.06 -14.39 10.38 -1.29 -12.31
5 24 3.55 -11.32 -14.41 1.51 -10.33 -15.35 0.88 -11.53 -14.41 4.41 -9.71 -15.84
5 24 -3.65 -11.9 -12.63 -3.74 -11.39 -14.33 -1.416 -11.986 -13.035 -5.25 -10.54 -13.99
5 24 -8.2 22.28 -12.78 -8.75 22.63 -10 -8.49 22.99 -10 -8.63 21.89 -12.7
5 24 -9.264 -7.002 -9.778 -5.074 -6.858 -11.961 -5.068 -5.231 -11.626 -6.797 -9.048 -11.46
5 24 -5.6568 -2.6 5.6568 -5.187 -3.33 8.775 -4.532 -2.6 6.7824 -8.975 -3.303 5.063
5 24 4.619 -4.232 11.308 1.5912 -2.6 8 0 -3.338 10.148 5.187 -3.33 8.775
5 24 0.67 -4.22 -15.98 1.15 -3.34 -16.81 -0.19 -1.72 -16.65 2.35 -3.91 -16.36
5 24 9.09 5.72 -14.25 8.69 4.87 -13.88 9.4 5.08 -12.14 7.72 4.57 -15.63
5 24 9.09 5.72 -14.25 9.4 5.08 -12.14 8.69 4.87 -13.88 9.83 5.99 -12.3
5 24 -0.49 21.96 -10 -1.36 22.34 -11.95 -1.15 22.51 -10 -0.6 21.61 -12.09
5 24 -0.6 21.61 -12.09 0.07 21.79 -12.06 -0.49 21.96 -10 -0.13 20.12 -14.27
5 24 7.79 19.88 -13.96 8.15 19.34 -14.41 6.58 19.3 -15.42 9.07 19.84 -12.48
5 24 -1.39 22.07 -13.26 -0.13 20.12 -14.27 -2.51 23.01 -14.37 -0.6 21.61 -12.09
5 24 -10.13 -0.2 -13.97 -10.4 0.49 -12.54 -10.04 -2.38 -13.03 -9.33 2 -14.49
5 24 -1.87 6.61 -18.31 -3.13 5.61 -18.59 -3.77 7.83 -18.4 -1.73 4 -17.93
5 24 5.068 -5.231 -11.626 9.264 -7.002 -9.778 5.074 -6.858 -11.961 10.303 -6.186 -8.702
5 24 -8.47 19.8 -15.23 -7.63 20.91 -15.07 -8.63 21.89 -12.7 -5.63 19.4 -16.56
5 24 1.57 3.65 -17.93 1.59 2.86 -17.3 4.57 3.64 -17.77 0.16 3.33 -17.07
5 24 4.54 -7.42 -16.91 1.95 -9 -16.26 2.06 -7.41 -16.43 4.41 -9.71 -15.84
5 24 -11.03 0 -11.81 -10.4 0.49 -12.54 -10.04 -2.38 -13.03 -10.17 2.69 -12.14
5 24 7.79 19.88 -13.96 7.02 22.65 -15.32 6.58 19.3 -15.42 7.91 24.11 -13.86
5 24 2.84 13.06 -16.85 1.32 13.74 -15.25 3.32 14.24 -16.23 1.23 12.46 -16.04
5 24 -0.72 -10.45 -15.67 0.68 -10.4 -15.65 0.79 -9.51 -16.46 0.88 -11.53 -14.41
5 24 -3.05 8.96 -17.55 -3.47 8.57 -17.58 -5.27 10.56 -17.57 -1.36 7.27 -16.87
5 24 -5.98 -9.42 -14.69 -4.53 -10.14 -15.59 -5.92 -7.7 -16.12 -5.25 -10.54 -13.99
5 24 4.73 -1.67 -16.94 4.98 0.35 -18.08 6.63 0.21 -16.45 3.49 -2.17 -17.62
5 24 12.359 -5.098 -3.47 13.493 -4.018 -3.907 12.454 -4.442 -0.073 13.05 -4.182 -7.134
5 24 9.83 5.99 -12.3 9.85 9.73 -12.53 9.1 9.38 -14.6 10.47 6.23 -10
5 24 8.46 10.18 -14.56 8.22 10.67 -14.46 7 10.22 -16.16 9.4 10.45 -12.57
5 24 -7.41 -6.95 -16.34 -5.92 -7.7 -16.12 -7.15 -5.51 -17.3 -5.98 -9.42 -14.69
5 24 -8.983 -3.392 -5.474 -11.648 -5.37 -6.448 -9.967 -3.298 -2.78 -8.298 -3.396 -6.995
5 24 8.298 -3.396 -6.995 6.7824 -2.6 -4.532 8.983 -3.392 -5.474 5.6568 -2.6 -5.6568
5 24 4.57 3.64 -17.77 6.5 3.67 -17.05 6.33 4.2 -17.09 4.64 3.03 -17.91
5 24 6.58 19.3 -15.42 2.3 19.1 -14.96 3.74 21.54 -15.95 3.2 18.54 -15.42
5 24 -5.76 20.27 -15.99 -2.7 17.21 -16.95 -2.39 18.04 -15.94 -5.63 19.4 -16.56
5 24 4.74 25.21 -13.56 5.76 24.48 -13.22 5.81 26.49 -12.38 4.05 23.55 -14.41
5 24 -9.02 -3.56 -14.83 -8.37 -3.94 -16.48 -8.77 -2.61 -15.81 -8.59 -5.04 -15.62
5 24 -6.31 15.33 -16.17 -6.95 14.1 -16.98 -3.82 13.88 -16.68 -8.28 16.8 -14.88
5 24 0.63 22.36 -11.88 0.78 23.12 -11.82 0.56 22.57 -10 1.32 23.15 -13.68
5 24 10.15 -1.33 -13.4 10.38 -1.29 -12.31 9.87 0.53 -13.75 9.4 -3.33 -13.41
5 24 6.83 25.28 -12.14 6.28 27.39 -10 5.81 26.49 -12.38 7.63 25.48 -10
5 24 -7.24 -0.5 -16.69 -6.83 1.43 -17.1 -8.4 1.42 -15.81 -5.19 0.24 -17.64
5 24 5.6568 -2.6 5.6568 5.187 -3.33 8.775 4.532 -2.6 6.7824 8.975 -3.303 5.063
5 24 1.23 12.46 -16.04 -0.13 12.12 -15.17 0.55 8.31 -15.95 0.22 12.87 -15.03
5 24 -8.48 9.16 -16.38 -7.69 4.99 -15.41 -8.81 5.77 -13.84 -6.88 8.07 -17.75
5 24 5.56 -5.55 -17.01 6.44 -4.26 -17.63 5.16 -3.88 -16.97 6.88 -5.55 -17.37
5 24 3.46 8.23 -18.19 3.13 5.36 -18.79 4.62 6.82 -18.87 1.67 6.35 -18.18
5 24 8.78 2.3 -14.76 8.1 3.68 -15.59 7.08 2.83 -16.94 8.96 3.64 -13.93
5 24 -2.09 23.9 -13.7 -1.39 22.07 -13.26 -1.41 23.41 -11.83 -2.51 23.01 -14.37
5 24 -4.33 21.19 -16.43 -1.5 20.52 -15.36 -2.32 19.43 -15.83 -2.51 23.01 -14.37
5 24 2.3 19.1 -14.96 3.2 18.54 -15.42 6.58 19.3 -15.42 0.38 17.78 -14.04
5 24 4.4 -2.7 -7.2 8.298 -3.396 -6.995 5.6568 -2.6 -5.6568 4.4 -3.5 -10
5 24 -7.8 25.54 -12.6 -8.2 22.28 -12.78 -7.58 24.39 -14.44 -8.49 22.99 -10
5 24 0.07 21.79 -12.06 0.63 22.36 -11.88 0.05 22.02 -10 1.31 22.48 -13.94
5 24 1.68 -6.08 -15.29 0.67 -4.22 -15.98 2.27 -4.74 -15.34 0.96 -6.28 -15.57
5 24 -5.27 10.56 -17.57 -4.46 11.59 -18.05 -3.05 8.96 -17.55 -7.59 12.91 -16.63
5 24 -3.77 7.83 -18.4 -5.53 9.89 -17.15 -3.47 8.57 -17.58 -6.11 9.13 -17.61
5 24 5.32 -9.93 -14.39 7.22 -7.94 -12.4 5.793 -10.139 -11.923 6.24 -8.41 -15.3
5 24 -8.81 5.77 -13.84 -8.48 9.16 -16.38 -7.69 4.99 -15.41 -9.58 10.07 -14.54
5 24 -0.95 1.04 -17.15 -0.19 -1.72 -16.65 -0.21 0.63 -17 -2.12 -2.63 -17.36
5 24 8.97 -3.06 -14.87 9.4 -3.33 -13.41 9.67 -2.06 -14.39 8.74 -5.32 -13.64
5 24 -6.24 3.44 -16.77 -4.36 3.27 -17.04 -6.23 4.08 -16.6 -4.3 2.55 -17.2
5 24 7.72 4.57 -15.63 7.84 4.1 -15.65 8.76 4.4 -13.95 6.5 3.67 -17.05
5 24 9.4 10.45 -12.57 9.17 10.93 -12.55 9.99 11.08 -10 8.22 10.67 -14.46
5 24 -2.44 2.54 -17.14 -1.73 4 -17.93 -3.13 5.61 -18.59 -0.79 2.78 -17.08
5 24 -2.51 23.01 -14.37 -4.33 21.19 -16.43 -5.96 23.27 -15.88 -1.5 20.52 -15.36
5 24 5.81 26.49 -12.38 6.28 27.39 -10 4.48 27.73 -12.63 6.83 25.28 -12.14
5 24 8.65 -4.71 -15.58 8.74 -5.32 -13.64 8.97 -3.06 -14.87 7.27 -6.71 -16.69
5 24 -8.68 16.04 -15.11 -9.18 14.67 -14.87 -6.95 14.1 -16.98 -9.55 16.98 -12.65
5 24 9.37 20.78 -10 7.91 24.11 -13.86 8.32 24.5 -12.27 8.55 20.3 -12.35
5 24 4.48 27.73 -12.63 5.81 26.49 -12.38 3.75 25.89 -13.88 6.28 27.39 -10
5 24 4.57 3.64 -17.77 4.64 3.03 -17.91 6.5 3.67 -17.05 3.48 1.66 -18.39
5 24 4.41 -9.71 -15.84 5.32 -9.93 -14.39 6.24 -8.41 -15.3 3.55 -11.32 -14.41
5 24 3.32 14.24 -16.23 5.92 13.98 -17.17 5.58 14.78 -16.33 2.84 13.06 -16.85
5 24 7.22 -7.94 -12.4 6.797 -9.048 -11.46 5.793 -10.139 -11.923 8.9 -6.62 -11.91
5 24 11.648 -5.37 -6.448 7.081 -4.26 -9.37 10.303 -6.186 -8.702 8.298 -3.396 -6.995
5 24 -5.92 -7.7 -16.12 -4.53 -10.14 -15.59 -4.69 -8.39 -16.63 -5.98 -9.42 -14.69
5 24 13.748 0 -7.628 13.493 -4.018 -3.907 13.05 -4.182 -7.134 13.813 0 -4.151
5 24 -7.081 -4.26 -9.37 -8.298 -3.396 -6.995 -4.4 -3.5 -10 -11.648 -5.37 -6.448
5 24 -8.729 -4.2768 8.6643 -5.187 -3.33 8.775 -4.619 -4.232 11.308 -8.975 -3.303 5.063
5 24 0.55 8.31 -15.95 1.23 12.46 -16.04 -0.13 12.12 -15.17 2.94 11.58 -17.4
5 24 -6.23 4.08 -16.6 -5 6.89 -18.56 -6.88 8.07 -17.75 -4.36 3.27 -17.04
5 24 -9.58 10.07 -14.54 -9.02 11.2 -14.57 -8.48 9.16 -16.38 -9.84 11.98 -12.53
5 24 2.06 -7.41 -16.43 4.54 -7.42 -16.91 4.39 -5.12 -16.68 1.95 -9 -16.26
5 24 -8.54 12 -14.31 -9.18 14.67 -14.87 -9.35 12.89 -12.3 -7.59 12.91 -16.63
5 24 4.56 12.11 -17.99 2.84 13.06 -16.85 5.92 13.98 -17.17 2.94 11.58 -17.4
5 24 10.37 -3.423 0 8 -2.6 1.5912 8 -2.6 0 8.975 -3.303 5.063
5 24 -2.32 19.43 -15.83 0.38 17.78 -14.04 -0.35 16.83 -14.59 0.3 18.73 -14.25
5 24 -5.19 0.24 -17.64 -7.24 -0.5 -16.69 -6.83 1.43 -17.1 -5.83 -1.44 -17.13
5 24 -6.95 14.1 -16.98 -3.82 13.88 -16.68 -6.31 15.33 -16.17 -4.46 11.59 -18.05
5 24 8.96 3.64 -13.93 8.1 3.68 -15.59 8.78 2.3 -14.76 8.76 4.4 -13.95
5 24 2.3 22.44 -15.07 3.74 21.54 -15.95 5.56 23.24 -15.29 0.67 20.99 -14.68
5 24 -9.37 18.18 -10 -9.55 16.98 -12.65 -9.73 17.26 -10 -9.15 17.65 -12.55
5 24 6.44 11.48 -17.5 4.56 12.11 -17.99 5.35 9.72 -17.33 5.92 13.98 -17.17
5 24 -9.84 11.98 -12.53 -9.8 13.53 -10 -10.27 12.63 -10 -9.35 12.89 -12.3
5 24 -0.15 5.39 -17.43 1.67 6.35 -18.18 -0.25 7.32 -16.21 0.64 4.16 -17.74
5 24 0 -4.22 11.784 0 -3.42 12.1375 -4.7576 -3.432 11.6472 4.7576 -3.432 11.6472
5 24 -1.5 20.52 -15.36 0.3 18.73 -14.25 -2.32 19.43 -15.83 -0.13 20.12 -14.27
5 24 -4.532 -2.6 6.7824 -5.187 -3.33 8.775 -3.0616 -2.6 7.3912 -5.6568 -2.6 5.6568
5 24 4.532 -2.6 6.7824 5.187 -3.33 8.775 5.6568 -2.6 5.6568 3.0616 -2.6 7.3912
5 24 -7.75 10.2 -16.36 -5.53 9.89 -17.15 -7.15 10.95 -15.94 -6.11 9.13 -17.61
5 24 7.08 2.83 -16.94 8.78 2.3 -14.76 7.56 1.15 -15.93 8.1 3.68 -15.59
5 24 6.37 21.22 -15.72 5.56 23.24 -15.29 3.74 21.54 -15.95 7.02 22.65 -15.32
5 24 -8.63 21.89 -12.7 -8.99 22.22 -10 -8.75 22.63 -10 -9.08 21.26 -12.65
5 24 2.875 -3.313 -10 0 -4.776 -12.395 0 -3.073 -10 4.4 -3.5 -10
5 24 -8.77 -2.61 -15.81 -8.37 -3.94 -16.48 -9.02 -3.56 -14.83 -7.91 -2.68 -16.95
5 24 3.49 -2.17 -17.62 4.16 -2.57 -16.68 4.73 -1.67 -16.94 3.49 -3.65 -16.02
5 24 9.58 13.9 -12.7 9.94 15.57 -10 10.24 14.37 -10 9 15.16 -12.59
5 24 -3.47 8.57 -17.58 -5.27 10.56 -17.57 -3.05 8.96 -17.55 -5.53 9.89 -17.15
5 24 8.74 -5.32 -13.64 6.24 -8.41 -15.3 7.27 -6.71 -16.69 7.22 -7.94 -12.4
5 24 -4.619 -4.232 11.308 -5.187 -3.33 8.775 -1.5912 -2.6 8 -8.729 -4.2768 8.6643
5 24 -10.37 -3.423 0 -12.454 -4.442 -0.073 -9.967 -3.298 -2.78 -11.539 -4.3215 4.7205
5 24 0 -3.338 10.148 -1.5912 -2.6 8 -4.619 -4.232 11.308 0 -2.6 8
5 24 -4.46 11.59 -18.05 -7.59 12.91 -16.63 -5.27 10.56 -17.57 -6.95 14.1 -16.98
5 24 -2.12 -2.63 -17.36 -4.7 -2.62 -16.82 -3.54 -1.13 -17.71 -3.79 -3.85 -16.03
5 24 7.69 -2.53 -16.86 8.11 -1.11 -15.87 7.04 -1.32 -16.85 8.97 -3.06 -14.87
5 24 -7.43 -8.09 -12.29 -5.25 -10.54 -13.99 -6.797 -9.048 -11.46 -5.98 -9.42 -14.69
5 24 -2.32 19.43 -15.83 -2.87 18.94 -16.07 -4.33 21.19 -16.43 -2.39 18.04 -15.94
5 24 -9.84 11.98 -12.53 -9.58 10.07 -14.54 -10.16 10.81 -12.41 -9.02 11.2 -14.57
5 24 4.4 -3.5 -10 7.081 -4.26 -9.37 5.068 -5.231 -11.626 8.298 -3.396 -6.995
5 24 3.49 -3.65 -16.02 2.65 -5.44 -15.26 2.27 -4.74 -15.34 4.39 -5.12 -16.68
5 24 -2.58 26.29 -10 -2.85 26.04 -12.13 -5.25 27.87 -12.27 -1.41 23.41 -11.83
5 24 -8.49 22.99 -10 -7.8 25.54 -12.6 -8.2 22.28 -12.78 -8.19 25.83 -10
5 24 2.84 13.06 -16.85 1.23 12.46 -16.04 1.32 13.74 -15.25 2.94 11.58 -17.4
5 24 -10.71 3.11 -10 -11.03 0 -11.81 -11.03 0 -10 -10.17 2.69 -12.14
5 24 -0.95 -9.58 -16.44 0.79 -9.51 -16.46 -0.72 -10.45 -15.67 -1.07 -8.4 -16.97
5 24 0.3 18.73 -14.25 2.3 19.1 -14.96 0.38 17.78 -14.04 0.67 20.99 -14.68
5 24 7.02 22.65 -15.32 6.92 24.45 -13.62 7.91 24.11 -13.86 5.56 23.24 -15.29
5 24 -1.73 4 -17.93 0.16 3.33 -17.07 -0.79 2.78 -17.08 -0.15 5.39 -17.43
5 24 9.1 9.38 -14.6 9.09 5.72 -14.25 7.87 8.9 -16.87 9.83 5.99 -12.3
5 24 10.38 -1.29 -12.31 11.944 0 -11.188 10.973 -5.26 -10.578 10.58 0 -11.6
5 24 10.37 -3.423 0 8 -2.6 -1.5912 9.967 -3.298 -2.78 8 -2.6 0
5 24 4.48 27.73 -12.63 2.15 26.4 -10 2.21 25.64 -12.36 4.37 28.39 -10
5 24 -6.797 -9.048 -11.46 -8.87 -7.06 -11.79 -9.264 -7.002 -9.778 -7.43 -8.09 -12.29
5 24 9.7 1.62 -13.11 10.58 0 -11.6 9.77 3.69 -12.2 10.38 -1.29 -12.31
5 24 4.73 -1.67 -16.94 7.04 -1.32 -16.85 6.63 0.21 -16.45 6 -2.91 -17.46
5 24 -2.12 -2.63 -17.36 -2.64 -5.1 -15.43 -0.76 -4.26 -16.18 -3.79 -3.85 -16.03
5 24 4.62 6.82 -18.87 3.46 8.23 -18.19 5.57 9.2 -17.69 3.13 5.36 -18.79
5 24 7.3912 -2.6 3.0616 8 -2.6 1.5912 8 -2.6 0 8.975 -3.303 5.063
5 24 10.303 -6.186 -8.702 5.068 -5.231 -11.626 9.264 -7.002 -9.778 7.081 -4.26 -9.37
5 24 6.7824 -2.6 4.532 8.975 -3.303 5.063 5.6568 -2.6 5.6568 7.3912 -2.6 3.0616
5 24 8.1 3.68 -15.59 8.76 4.4 -13.95 7.84 4.1 -15.65 8.96 3.64 -13.93
5 24 -2.09 23.9 -13.7 -2.85 26.04 -12.13 -3.63 25.27 -14.18 -1.41 23.41 -11.83
5 24 -2.36 1.73 -17.39 -2.44 2.54 -17.14 -0.87 2.07 -16.75 -4.3 2.55 -17.2
5 24 -1.36 22.34 -11.95 -0.6 21.61 -12.09 -1.39 22.07 -13.26 -0.49 21.96 -10
5 24 -7.58 24.39 -14.44 -8.2 22.28 -12.78 -7.13 22.75 -15.25 -7.8 25.54 -12.6
5 24 8.729 -4.2768 8.6643 8.975 -3.303 5.063 11.539 -4.3215 4.7205 5.187 -3.33 8.775
5 24 3.75 25.89 -13.88 4.05 23.55 -14.41 4.74 25.21 -13.56 3.25 23.72 -14.36
5 24 8.729 -4.2768 8.6643 8.9909 -3.4768 8.9242 4.619 -4.232 11.308 11.8852 -3.5215 4.8621
5 24 9.967 -3.298 -2.78 10.37 -3.423 0 8 -2.6 -1.5912 12.454 -4.442 -0.073
5 24 -8.729 -4.2768 8.6643 -8.975 -3.303 5.063 -11.539 -4.3215 4.7205 -5.187 -3.33 8.775
5 24 0.88 -11.53 -14.41 3.32 -11.89 -12.72 0.884 -11.911 -13.134 3.55 -11.32 -14.41
5 24 -9.967 -3.298 -2.78 -10.37 -3.423 0 -12.454 -4.442 -0.073 -8 -2.6 -1.5912
5 24 0 -4.776 -12.395 0 -3.073 -10 2.875 -3.313 -10 -2.875 -3.313 -10
5 24 6.24 -8.41 -15.3 7.22 -7.94 -12.4 8.74 -5.32 -13.64 5.32 -9.93 -14.39
5 24 8.04 5.38 -16.13 7.87 8.9 -16.87 9.09 5.72 -14.25 6.34 8.15 -18.34
5 24 -9.9 5.92 -12.2 -9.38 3.2 -14.16 -10.11 3.7 -12.23 -9 5.19 -13.99
5 24 -3.63 25.27 -14.18 -4.15 24.78 -14.34 -4.65 26.68 -13.53 -2.51 23.01 -14.37
5 24 7.02 22.65 -15.32 6.58 19.3 -15.42 7.79 19.88 -13.96 6.37 21.22 -15.72
5 24 -9.967 -3.298 -2.78 -11.648 -5.37 -6.448 -12.359 -5.098 -3.47 -8.983 -3.392 -5.474
5 24 -5.068 -5.231 -11.626 -5.074 -6.858 -11.961 -9.264 -7.002 -9.778 -3.6 -7.056 -12.542
5 24 -7.081 -4.26 -9.37 -10.303 -6.186 -8.702 -5.068 -5.231 -11.626 -11.648 -5.37 -6.448
5 24 -10.16 10.81 -12.41 -10.33 7.05 -10 -9.73 6.45 -12.14 -10.58 11.43 -10
5 24 0.79 -9.51 -16.46 1.51 -10.33 -15.35 1.95 -9 -16.26 0.68 -10.4 -15.65
5 24 5.793 -10.139 -11.923 7.22 -7.94 -12.4 6.797 -9.048 -11.46 5.32 -9.93 -14.39
5 24 4.7576 0 11.6472 4.7576 -3.432 11.6472 8.9909 0 8.9242 0 -3.42 12.1375
5 24 6.88 -5.55 -17.37 8.34 -3.64 -16.32 7.27 -6.71 -16.69 7.69 -2.53 -16.86
5 24 5.76 24.48 -13.22 5.56 23.24 -15.29 6.92 24.45 -13.62 4.05 23.55 -14.41
5 24 7.72 4.57 -15.63 8.76 4.4 -13.95 8.69 4.87 -13.88 7.84 4.1 -15.65
5 24 9 15.16 -12.59 9.58 13.9 -12.7 8.76 13.33 -14.93 9.94 15.57 -10
5 24 -9.73 6.45 -12.14 -10.44 6.6 -10 -10.33 7.05 -10 -9.9 5.92 -12.2
5 24 -0.91 15.47 -16.31 -0.35 16.83 -14.59 -2.39 18.04 -15.94 0.36 14.04 -14.97
5 24 -6.02 25.2 -13.9 -6.54 27.08 -12.54 -6.98 26.03 -12.43 -5.54 26.09 -13.68
5 24 4.4 -3.5 -10 5.068 -5.231 -11.626 3.372 -4.864 -11.877 7.081 -4.26 -9.37
5 24 3.6 -7.056 -12.542 0 -7.092 -13.1975 3.372 -4.864 -11.877 3.32 -11.89 -12.72
5 24 7.87 8.9 -16.87 8.46 10.18 -14.56 7.1 9.73 -16.48 9.1 9.38 -14.6
5 24 3.74 21.54 -15.95 6.58 19.3 -15.42 2.3 19.1 -14.96 6.37 21.22 -15.72
5 24 3.41 9.12 -17.37 2.94 11.58 -17.4 4.56 12.11 -17.99 0.55 8.31 -15.95
5 24 2.35 -3.91 -16.36 2.27 -4.74 -15.34 0.67 -4.22 -15.98 3.49 -3.65 -16.02
5 24 8.11 -1.11 -15.87 7.03 -0.31 -16.27 7.56 1.15 -15.93 7.04 -1.32 -16.85
5 24 5.81 26.49 -12.38 6.83 25.28 -12.14 6.28 27.39 -10 5.76 24.48 -13.22
5 24 -7.24 14.86 -11.94 7.24 14.86 -11.94 -7.24 0 -13.43 7.24 18.91 -10
5 24 8.298 -3.396 -6.995 8.983 -3.392 -5.474 6.7824 -2.6 -4.532 11.648 -5.37 -6.448
5 24 3.32 14.24 -16.23 2.84 13.06 -16.85 5.92 13.98 -17.17 1.32 13.74 -15.25
5 24 -2.11 -9.1 -16.21 -4.69 -8.39 -16.63 -2 -7.6 -16.5 -4.53 -10.14 -15.59
5 24 -11.539 -4.3215 4.7205 -11.8852 -3.5215 4.8621 -8.729 -4.2768 8.6643 -13.0276 -3.642 -0.0752
5 24 5.6568 -2.6 5.6568 6.7824 -2.6 4.532 8.975 -3.303 5.063 7.3912 -2.6 3.0616
5 24 -10.11 3.7 -12.23 -9.9 5.92 -12.2 -10.77 4.14 -10 -9.38 3.2 -14.16
5 24 -8.77 -2.61 -15.81 -9.94 -2.26 -14.32 -9.59 -1.64 -15.4 -9.02 -3.56 -14.83
5 24 5.793 -10.139 -11.923 3.6 -7.056 -12.542 3.32 -11.89 -12.72 6.797 -9.048 -11.46
5 24 8.298 -3.396 -6.995 4.4 -3.5 -10 7.081 -4.26 -9.37 4.4 -2.7 -7.2
5 24 -7.15 10.95 -15.94 -5.27 10.56 -17.57 -7.59 12.91 -16.63 -5.53 9.89 -17.15
5 24 0.884 -11.911 -13.134 -0.96 -11.51 -14.4 -1.416 -11.986 -13.035 0.88 -11.53 -14.41
5 24 -4.4 -3.5 -10 -3.372 -4.864 -11.877 -5.068 -5.231 -11.626 0 -4.776 -12.395
5 24 8.97 -3.06 -14.87 8.34 -3.64 -16.32 7.69 -2.53 -16.86 8.65 -4.71 -15.58
5 24 1.15 -3.34 -16.81 3.49 -2.17 -17.62 1.86 -1.17 -18.07 2.35 -3.91 -16.36
5 24 -9.94 -2.26 -14.32 -10.04 -2.38 -13.03 -10.13 -0.2 -13.97 -9.25 -3.74 -13.76
5 24 5.16 -3.88 -16.97 6 -2.91 -17.46 4.16 -2.57 -16.68 6.44 -4.26 -17.63
5 24 6.24 -8.41 -15.3 4.41 -9.71 -15.84 5.91 -6.98 -16.17 5.32 -9.93 -14.39
5 24 2.94 11.58 -17.4 4.56 12.11 -17.99 2.84 13.06 -16.85 3.41 9.12 -17.37
5 24 3.49 -3.65 -16.02 2.35 -3.91 -16.36 3.49 -2.17 -17.62 2.27 -4.74 -15.34
5 24 -3.79 -3.85 -16.03 -2.12 -2.63 -17.36 -4.7 -2.62 -16.82 -2.64 -5.1 -15.43
5 24 -4.36 3.27 -17.04 -3.13 5.61 -18.59 -5 6.89 -18.56 -2.44 2.54 -17.14
5 24 -5.76 20.27 -15.99 -2.87 18.94 -16.07 -5.65 20.82 -16.05 -2.39 18.04 -15.94
5 24 8.22 10.67 -14.46 9.4 10.45 -12.57 8.46 10.18 -14.56 9.17 10.93 -12.55
5 24 -9.55 1.36 -14.76 -9.35 -0.44 -15.79 -9.29 0.83 -15.61 -10.13 -0.2 -13.97
5 24 3.25 23.72 -14.36 2.3 22.44 -15.07 2.67 24.13 -14.37 4.05 23.55 -14.41
5 24 -0.21 1.76 -16.55 1.86 -1.17 -18.07 3.48 1.66 -18.39 -0.21 0.63 -17
5 24 -10.973 -5.26 -10.578 -9.25 -3.74 -13.76 -10.04 -2.38 -13.03 -8.41 -6.22 -13.59
5 24 -4.4 -3.5 -10 0 -4.776 -12.395 -3.372 -4.864 -11.877 -2.875 -3.313 -10
5 24 -5.6568 -2.6 5.6568 -6.7824 -2.6 4.532 -7.3912 -2.6 3.0616 -8.975 -3.303 5.063
5 24 -9.25 -3.74 -13.76 -8.59 -5.04 -15.62 -8.41 -6.22 -13.59 -9.02 -3.56 -14.83
5 24 -10.4 0.49 -12.54 -10.17 2.69 -12.14 -11.03 0 -11.81 -9.33 2 -14.49
5 24 7.04 -1.32 -16.85 8.11 -1.11 -15.87 7.69 -2.53 -16.86 7.03 -0.31 -16.27
5 24 -7.19 21.43 -14.94 -7.13 22.75 -15.25 -8.2 22.28 -12.78 -5.65 20.82 -16.05
5 24 -3.6 15.82 -17.39 -6.31 15.33 -16.17 -6.41 18.12 -16.87 -3.82 13.88 -16.68
5 24 6.34 8.15 -18.34 8.04 5.38 -16.13 7.87 8.9 -16.87 6.41 4.91 -17.62
5 24 -2.49 9.63 -17.7 -1.89 12.79 -16.33 -4.46 11.59 -18.05 0.55 8.31 -15.95
5 24 0.63 22.36 -11.88 0.56 22.57 -10 0.78 23.12 -11.82 0.05 22.02 -10
5 24 8.983 -3.392 -5.474 11.648 -5.37 -6.448 9.967 -3.298 -2.78 8.298 -3.396 -6.995
5 24 1.5912 -2.6 8 0 -3.338 10.148 0 -2.6 8 4.619 -4.232 11.308
5 24 -5.83 -1.44 -17.13 -7.91 -2.68 -16.95 -7.24 -0.5 -16.69 -6.61 -3.88 -17.63
5 24 -0.13 20.12 -14.27 -2.51 23.01 -14.37 -1.39 22.07 -13.26 -1.5 20.52 -15.36
5 24 -0.15 5.39 -17.43 0.64 4.16 -17.74 1.67 6.35 -18.18 0.16 3.33 -17.07
5 24 0.91 -8.42 -16.94 2.06 -7.41 -16.43 1.95 -9 -16.26 0.98 -7.22 -16.69
5 24 -7.15 -5.51 -17.3 -8.59 -5.04 -15.62 -8.37 -3.94 -16.48 -7.41 -6.95 -16.34
5 24 5.58 14.78 -16.33 7.77 14.66 -14.94 5.92 13.98 -17.17 7.49 15.38 -14.54
5 24 -3 -5.71 -15.64 -4.54 -6.49 -17 -2 -7.6 -16.5 -3.79 -3.85 -16.03
5 24 5.56 23.24 -15.29 7.02 22.65 -15.32 6.37 21.22 -15.72 6.92 24.45 -13.62
5 24 -0.91 15.47 -16.31 -3.6 15.82 -17.39 -2.7 17.21 -16.95 -2.01 14.02 -16.75
5 24 7.08 2.83 -16.94 7.84 4.1 -15.65 6.5 3.67 -17.05 8.1 3.68 -15.59
5 24 7.72 4.57 -15.63 6.5 3.67 -17.05 6.33 4.2 -17.09 7.84 4.1 -15.65
5 24 12.454 -4.442 -0.073 13.493 -4.018 -3.907 13.0276 -3.642 -0.0752 12.359 -5.098 -3.47
5 24 -1.02 -7.22 -16.76 0.98 -7.22 -16.69 -0.95 -6.31 -15.76 0.91 -8.42 -16.94
5 24 0.91 -8.42 -16.94 1.95 -9 -16.26 2.06 -7.41 -16.43 0.79 -9.51 -16.46
5 24 -0.35 16.83 -14.59 1.6 15.48 -16.14 2.4 16.98 -16.5 0.36 14.04 -14.97
5 24 4.05 23.55 -14.41 4.74 25.21 -13.56 5.76 24.48 -13.22 3.75 25.89 -13.88
5 24 7.081 -4.26 -9.37 10.303 -6.186 -8.702 11.648 -5.37 -6.448 5.068 -5.231 -11.626
5 24 8.983 -3.392 -5.474 9.967 -3.298 -2.78 11.648 -5.37 -6.448 6.7824 -2.6 -4.532
5 24 0.67 -4.22 -15.98 2.35 -3.91 -16.36 2.27 -4.74 -15.34 1.15 -3.34 -16.81
5 24 -1.62 -10.38 -15.28 -0.95 -9.58 -16.44 -2.11 -9.1 -16.21 -0.72 -10.45 -15.67
5 24 -2.01 14.02 -16.75 -0.91 15.47 -16.31 -3.6 15.82 -17.39 0.22 12.87 -15.03
5 24 5.068 -5.231 -11.626 5.074 -6.858 -11.961 3.6 -7.056 -12.542 9.264 -7.002 -9.778
5 24 -5.793 -10.139 -11.923 -3.6 -7.056 -12.542 -6.797 -9.048 -11.46 -3.65 -11.9 -12.63
5 24 4.09 15.85 -16.85 1.6 15.48 -16.14 2.4 16.98 -16.5 3.32 14.24 -16.23
5 24 -6.88 8.07 -17.75 -6.11 9.13 -17.61 -5 6.89 -18.56 -7.75 10.2 -16.36
5 24 8.11 -1.11 -15.87 9.11 -0.97 -15.36 8.85 0.75 -15.43 8.97 -3.06 -14.87
5 24 6.41 4.91 -17.62 4.62 6.82 -18.87 6.34 8.15 -18.34 4.6 4.38 -18.16
5 24 -12.359 -5.098 -3.47 -9.967 -3.298 -2.78 -12.454 -4.442 -0.073 -11.648 -5.37 -6.448
5 24 -11.539 -4.3215 4.7205 -8.975 -3.303 5.063 -8.729 -4.2768 8.6643 -10.37 -3.423 0
5 24 5.074 -6.858 -11.961 9.264 -7.002 -9.778 5.068 -5.231 -11.626 6.797 -9.048 -11.46
5 24 -8.48 9.16 -16.38 -9.02 11.2 -14.57 -9.58 10.07 -14.54 -7.75 10.2 -16.36
5 24 5.6568 -2.6 5.6568 8.975 -3.303 5.063 6.7824 -2.6 4.532 5.187 -3.33 8.775
5 24 -4.46 11.59 -18.05 -3.05 8.96 -17.55 -5.27 10.56 -17.57 -2.49 9.63 -17.7
5 24 3.25 23.72 -14.36 3.75 25.89 -13.88 4.05 23.55 -14.41 2.67 24.13 -14.37
5 24 -9.9 5.92 -12.2 -8.81 5.77 -13.84 -9.73 6.45 -12.14 -9 5.19 -13.99
5 24 1.23 12.46 -16.04 0.22 12.87 -15.03 -0.13 12.12 -15.17 1.32 13.74 -15.25
5 24 -11.944 0 -11.188 -10.04 -2.38 -13.03 -11.03 0 -11.81 -10.973 -5.26 -10.578
5 24 -10.973 -5.26 -10.578 -8.41 -6.22 -13.59 -8.87 -7.06 -11.79 -9.25 -3.74 -13.76
5 24 6.92 24.45 -13.62 6.83 25.28 -12.14 5.76 24.48 -13.22 7.59 24.97 -12.23
5 24 -9 5.19 -13.99 -7.69 4.99 -15.41 -8.81 5.77 -13.84 -7.79 4.31 -15.56
5 24 -1.41 23.41 -11.83 -1.36 22.34 -11.95 -1.15 22.51 -10 -1.39 22.07 -13.26
5 24 -2.39 18.04 -15.94 -2.7 17.21 -16.95 -0.91 15.47 -16.31 -5.76 20.27 -15.99
5 24 6.58 19.3 -15.42 3.79 18.23 -16.35 6.79 18.66 -16.1 3.2 18.54 -15.42
5 24 13.0276 -3.642 -0.0752 13.0276 0 -0.0752 11.8852 -3.5215 4.8621 13.813 0 -4.151
5 24 9.1 9.38 -14.6 9.83 5.99 -12.3 9.85 9.73 -12.53 9.09 5.72 -14.25
5 24 -10.09 16.02 -10 -9.55 16.98 -12.65 -9.76 15.59 -12.53 -9.73 17.26 -10
5 24 4.74 25.21 -13.56 3.75 25.89 -13.88 5.81 26.49 -12.38 4.05 23.55 -14.41
5 24 7.69 -2.53 -16.86 6.44 -4.26 -17.63 6.88 -5.55 -17.37 6 -2.91 -17.46
5 24 1.32 13.74 -15.25 1.23 12.46 -16.04 2.84 13.06 -16.85 0.22 12.87 -15.03
5 24 9.07 19.84 -12.48 9.6 16.14 -10 8.67 15.79 -12.49 9.69 20.23 -10
5 24 3.49 -2.17 -17.62 4.73 -1.67 -16.94 4.98 0.35 -18.08 4.16 -2.57 -16.68
5 24 -1.36 7.27 -16.87 -0.15 5.39 -17.43 -1.87 6.61 -18.31 -0.25 7.32 -16.21
5 24 -9.264 -7.002 -9.778 -8.87 -7.06 -11.79 -10.973 -5.26 -10.578 -6.797 -9.048 -11.46
5 24 -5.96 23.27 -15.88 -2.51 23.01 -14.37 -4.33 21.19 -16.43 -4.54 24.12 -14.55
5 24 -0.91 15.47 -16.31 0.36 14.04 -14.97 0.22 12.87 -15.03 -0.35 16.83 -14.59
5 24 2.21 25.64 -12.36 2.15 26.4 -10 0.7 23.32 -10 4.48 27.73 -12.63
5 24 -6.41 18.12 -16.87 -5.63 19.4 -16.56 -8.47 19.8 -15.23 -2.7 17.21 -16.95
5 24 7.081 -4.26 -9.37 8.298 -3.396 -6.995 4.4 -3.5 -10 11.648 -5.37 -6.448
5 24 9.967 -3.298 -2.78 11.648 -5.37 -6.448 8.983 -3.392 -5.474 12.359 -5.098 -3.47
5 24 -0.95 -9.58 -16.44 -2.11 -9.1 -16.21 -1.07 -8.4 -16.97 -1.62 -10.38 -15.28
5 24 -7.15 -5.51 -17.3 -5.92 -7.7 -16.12 -7.41 -6.95 -16.34 -5.67 -5.55 -16.91
5 24 4.62 6.82 -18.87 4.6 4.38 -18.16 6.41 4.91 -17.62 3.13 5.36 -18.79
5 24 -4.54 24.12 -14.55 -4.15 24.78 -14.34 -2.51 23.01 -14.37 -6.02 25.2 -13.9
5 24 -8.54 12 -14.31 -9.02 11.2 -14.57 -9.84 11.98 -12.53 -7.75 10.2 -16.36
5 24 -4.4 -3.5 -10 -7.081 -4.26 -9.37 -5.068 -5.231 -11.626 -8.298 -3.396 -6.995
5 24 -8 -2.6 1.5912 -8 -2.6 0 -7.3912 -2.6 3.0616 -10.37 -3.423 0
5 24 3.6 -7.056 -12.542 5.068 -5.231 -11.626 3.372 -4.864 -11.877 5.074 -6.858 -11.961
5 24 2.67 24.13 -14.37 2.3 22.44 -15.07 1.32 23.15 -13.68 3.25 23.72 -14.36
5 24 8.74 -5.32 -13.64 8.9 -6.62 -11.91 9.4 -3.33 -13.41 7.22 -7.94 -12.4
5 24 3.49 -2.17 -17.62 3.49 -3.65 -16.02 2.35 -3.91 -16.36 4.16 -2.57 -16.68
5 24 4.64 3.03 -17.91 5.96 1.51 -17.78 3.48 1.66 -18.39 6.5 3.67 -17.05
5 24 -8.4 1.42 -15.81 -8.22 2.48 -15.81 -9.33 2 -14.49 -6.83 1.43 -17.1
5 24 -2.51 23.01 -14.37 -1.5 20.52 -15.36 -4.33 21.19 -16.43 -0.13 20.12 -14.27
5 24 10.37 -3.423 0 12.454 -4.442 -0.073 9.967 -3.298 -2.78 11.539 -4.3215 4.7205
5 24 -4.532 -2.6 6.7824 -5.6568 -2.6 5.6568 -3.0616 -2.6 7.3912 -5.187 -3.33 8.775
5 24 -10.17 2.69 -12.14 -9.38 3.2 -14.16 -9.33 2 -14.49 -10.11 3.7 -12.23
5 24 -10.71 3.11 -10 -10.17 2.69 -12.14 -10.11 3.7 -12.23 -11.03 0 -11.81
5 24 5.57 9.2 -17.69 7.87 8.9 -16.87 6.34 8.15 -18.34 7.1 9.73 -16.48
5 24 -2.39 18.04 -15.94 -2.32 19.43 -15.83 -2.87 18.94 -16.07 -0.35 16.83 -14.59
5 24 -9.73 6.45 -12.14 -10.16 10.81 -12.41 -9.58 10.07 -14.54 -10.33 7.05 -10
5 24 -13.0276 -3.642 -0.0752 -13.0276 0 -0.0752 -11.8852 -3.5215 4.8621 -13.813 0 -4.151
5 24 11.648 -5.37 -6.448 8.298 -3.396 -6.995 7.081 -4.26 -9.37 8.983 -3.392 -5.474
5 24 8.78 2.3 -14.76 8.96 3.64 -13.93 8.1 3.68 -15.59 9.7 1.62 -13.11
5 24 -3.6 -7.056 -12.542 -5.074 -6.858 -11.961 -5.068 -5.231 -11.626 -6.797 -9.048 -11.46
5 24 -9.38 3.2 -14.16 -9 5.19 -13.99 -9.9 5.92 -12.2 -8.22 2.48 -15.81
5 24 9.1 1.4 -14.85 8.78 2.3 -14.76 8.85 0.75 -15.43 9.7 1.62 -13.11
5 24 5.57 9.2 -17.69 5.35 9.72 -17.33 7.1 9.73 -16.48 3.41 9.12 -17.37
5 24 5.76 24.48 -13.22 6.92 24.45 -13.62 5.56 23.24 -15.29 6.83 25.28 -12.14
5 24 8.76 13.33 -14.93 8.22 10.67 -14.46 7.49 12.37 -16.85 9.17 10.93 -12.55
5 24 5.56 23.24 -15.29 4.05 23.55 -14.41 5.76 24.48 -13.22 2.3 22.44 -15.07
5 24 -11.539 -4.3215 4.7205 -10.37 -3.423 0 -12.454 -4.442 -0.073 -8.975 -3.303 5.063
5 24 0 -7.092 -13.1975 -1.416 -11.986 -13.035 -3.6 -7.056 -12.542 0.884 -11.911 -13.134
5 24 3.46 8.23 -18.19 3.41 9.12 -17.37 5.57 9.2 -17.69 0.55 8.31 -15.95
5 24 1.57 3.65 -17.93 0.16 3.33 -17.07 1.59 2.86 -17.3 0.64 4.16 -17.74
5 24 -3.47 8.57 -17.58 -3.77 7.83 -18.4 -5.53 9.89 -17.15 -1.87 6.61 -18.31
5 24 -3.6 -7.056 -12.542 0 -7.092 -13.1975 -3.372 -4.864 -11.877 -1.416 -11.986 -13.035
5 24 0 -2.6 8 -1.5912 -2.6 8 0 -3.338 10.148 -3.0616 -2.6 7.3912
5 24 -11.539 -4.3215 4.7205 -13.0276 -3.642 -0.0752 -12.454 -4.442 -0.073 -11.8852 -3.5215 4.8621
5 24 4.54 -7.42 -16.91 5.91 -6.98 -16.17 5.56 -5.55 -17.01 4.41 -9.71 -15.84
5 24 -3 -5.71 -15.64 -3.79 -3.85 -16.03 -4.54 -6.49 -17 -2.64 -5.1 -15.43
5 24 -5.53 9.89 -17.15 -6.11 9.13 -17.61 -7.75 10.2 -16.36 -3.77 7.83 -18.4
5 24 6.44 11.48 -17.5 5.35 9.72 -17.33 4.56 12.11 -17.99 7 10.22 -16.16
5 24 -3.77 7.83 -18.4 -5 6.89 -18.56 -6.11 9.13 -17.61 -3.13 5.61 -18.59
5 24 -4.65 26.68 -13.53 -2.85 26.04 -12.13 -3.63 25.27 -14.18 -5.25 27.87 -12.27
5 24 7.49 15.38 -14.54 6.79 18.66 -16.1 8.15 19.34 -14.41 5.58 14.78 -16.33
5 24 8.298 -3.396 -6.995 5.6568 -2.6 -5.6568 4.4 -2.7 -7.2 6.7824 -2.6 -4.532
5 24 8 -2.6 1.5912 8.975 -3.303 5.063 7.3912 -2.6 3.0616 10.37 -3.423 0
5 24 2.4 16.98 -16.5 0.38 17.78 -14.04 -0.35 16.83 -14.59 3.2 18.54 -15.42
5 24 0.05 22.02 -10 0.07 21.79 -12.06 -0.49 21.96 -10 0.63 22.36 -11.88
5 24 -2.09 23.9 -13.7 -2.51 23.01 -14.37 -3.63 25.27 -14.18 -1.39 22.07 -13.26
5 24 0.67 -4.22 -15.98 -0.95 -6.31 -15.76 0.96 -6.28 -15.57 -0.76 -4.26 -16.18
5 24 -9.9 5.92 -12.2 -9.73 6.45 -12.14 -10.44 6.6 -10 -8.81 5.77 -13.84
5 24 -9.59 -1.64 -15.4 -8.77 -2.61 -15.81 -9.94 -2.26 -14.32 -8.35 -1.3 -16.19
5 24 7.87 8.9 -16.87 7.1 9.73 -16.48 8.46 10.18 -14.56 5.57 9.2 -17.69
5 24 10.19 4.89 -10 9.4 5.08 -12.14 10.17 5.24 -10 9.44 4.62 -12.18
5 24 4.57 3.64 -17.77 3.48 1.66 -18.39 4.64 3.03 -17.91 1.59 2.86 -17.3
5 24 -6.11 9.13 -17.61 -5 6.89 -18.56 -3.77 7.83 -18.4 -6.88 8.07 -17.75
5 24 -7.43 -8.09 -12.29 -7.41 -6.95 -16.34 -8.41 -6.22 -13.59 -5.98 -9.42 -14.69
5 24 0.07 21.79 -12.06 1.31 22.48 -13.94 0.67 20.99 -14.68 0.63 22.36 -11.88
5 24 -12.359 -5.098 -3.47 -13.05 -4.182 -7.134 -11.648 -5.37 -6.448 -13.493 -4.018 -3.907
5 24 13.05 -4.182 -7.134 11.648 -5.37 -6.448 12.359 -5.098 -3.47 12.133 -4.645 -9.051
5 24 0.67 20.99 -14.68 0.07 21.79 -12.06 1.31 22.48 -13.94 -0.13 20.12 -14.27
5 24 8.67 15.79 -12.49 9.07 19.84 -12.48 8.15 19.34 -14.41 9.6 16.14 -10
5 24 4.98 0.35 -18.08 1.86 -1.17 -18.07 3.49 -2.17 -17.62 3.48 1.66 -18.39
5 24 -9.15 17.65 -12.55 -8.47 19.8 -15.23 -8.28 16.8 -14.88 -9.08 21.26 -12.65
5 24 -5.65 20.82 -16.05 -4.33 21.19 -16.43 -2.87 18.94 -16.07 -5.96 23.27 -15.88
5 24 -13.0276 -3.642 -0.0752 -12.454 -4.442 -0.073 -13.493 -4.018 -3.907 -11.539 -4.3215 4.7205
5 24 -3.54 -1.13 -17.71 -2.36 1.73 -17.39 -5.19 0.24 -17.64 -0.95 1.04 -17.15
5 24 0.05 22.02 -10 0.63 22.36 -11.88 0.56 22.57 -10 0.07 21.79 -12.06
5 24 -8.63 21.89 -12.7 -7.19 21.43 -14.94 -8.2 22.28 -12.78 -7.63 20.91 -15.07
5 24 8.69 4.87 -13.88 8.76 4.4 -13.95 7.72 4.57 -15.63 9.44 4.62 -12.18
5 24 6.37 21.22 -15.72 3.74 21.54 -15.95 6.58 19.3 -15.42 5.56 23.24 -15.29
5 24 3.13 5.36 -18.79 4.6 4.38 -18.16 1.57 3.65 -17.93 4.62 6.82 -18.87
5 24 -4.619 -4.232 11.308 -4.7576 -3.432 11.6472 0 -4.22 11.784 -8.9909 -3.4768 8.9242
5 24 5.92 13.98 -17.17 7.49 12.37 -16.85 6.44 11.48 -17.5 7.77 14.66 -14.94
5 24 -13.05 -4.182 -7.134 -11.648 -5.37 -6.448 -12.359 -5.098 -3.47 -10.973 -5.26 -10.578
5 24 8.975 -3.303 5.063 10.37 -3.423 0 8 -2.6 1.5912 11.539 -4.3215 4.7205
5 24 -8.63 21.89 -12.7 -8.2 22.28 -12.78 -8.75 22.63 -10 -7.19 21.43 -14.94
5 24 13.05 -4.182 -7.134 13.061 0 -9.851 13.748 0 -7.628 12.133 -4.645 -9.051
5 24 8.78 2.3 -14.76 8.85 0.75 -15.43 7.56 1.15 -15.93 9.1 1.4 -14.85
5 24 -4.3 2.55 -17.2 -2.44 2.54 -17.14 -4.36 3.27 -17.04 -2.36 1.73 -17.39
5 24 -9.18 14.67 -14.87 -9.55 16.98 -12.65 -9.76 15.59 -12.53 -8.68 16.04 -15.11
5 24 -7.081 -4.26 -9.37 -5.068 -5.231 -11.626 -10.303 -6.186 -8.702 -4.4 -3.5 -10
5 24 -13.813 0 -4.151 -13.0276 -3.642 -0.0752 -13.493 -4.018 -3.907 -13.0276 0 -0.0752
5 24 -5.76 20.27 -15.99 -5.65 20.82 -16.05 -7.19 21.43 -14.94 -2.87 18.94 -16.07
5 24 7.56 1.15 -15.93 7.03 -0.31 -16.27 8.11 -1.11 -15.87 6.63 0.21 -16.45
5 24 -9.33 2 -14.49 -9.38 3.2 -14.16 -8.22 2.48 -15.81 -10.17 2.69 -12.14
5 24 4.09 15.85 -16.85 2.4 16.98 -16.5 1.6 15.48 -16.14 5.4 17.52 -16.99
5 24 -5.65 20.82 -16.05 -7.19 21.43 -14.94 -7.13 22.75 -15.25 -5.76 20.27 -15.99
5 24 -1.87 6.61 -18.31 -1.36 7.27 -16.87 -0.15 5.39 -17.43 -3.47 8.57 -17.58
5 24 0.96 -6.28 -15.57 0.67 -4.22 -15.98 1.68 -6.08 -15.29 -0.95 -6.31 -15.76
5 24 1.32 23.15 -13.68 0.63 22.36 -11.88 1.31 22.48 -13.94 0.78 23.12 -11.82
5 24 -7.8 25.54 -12.6 -7.51 25.75 -12.62 -7.91 26.13 -10 -7.58 24.39 -14.44
5 24 -7.79 4.31 -15.56 -6.23 4.08 -16.6 -7.69 4.99 -15.41 -6.24 3.44 -16.77
5 24 -11.8852 -3.5215 4.8621 -11.8852 0 4.8621 -13.0276 0 -0.0752 -8.9909 -3.4768 8.9242
5 24 -2.49 9.63 -17.7 -0.25 7.32 -16.21 0.55 8.31 -15.95 -3.05 8.96 -17.55
5 24 -3.372 -4.864 -11.877 -5.068 -5.231 -11.626 -4.4 -3.5 -10 -3.6 -7.056 -12.542
5 24 -4.4 -3.5 -10 -5.068 -5.231 -11.626 -3.372 -4.864 -11.877 -7.081 -4.26 -9.37
5 24 4.619 -4.232 11.308 5.187 -3.33 8.775 1.5912 -2.6 8 8.729 -4.2768 8.6643
5 24 -6.31 15.33 -16.17 -6.41 18.12 -16.87 -8.28 16.8 -14.88 -3.6 15.82 -17.39
5 24 6.34 8.15 -18.34 6.41 4.91 -17.62 4.62 6.82 -18.87 8.04 5.38 -16.13
5 24 -4.46 11.59 -18.05 -3.82 13.88 -16.68 -1.89 12.79 -16.33 -6.95 14.1 -16.98
5 24 5.56 -5.55 -17.01 6.88 -5.55 -17.37 6.44 -4.26 -17.63 5.91 -6.98 -16.17
5 24 3.372 -4.864 -11.877 0 -7.092 -13.1975 0 -4.776 -12.395 3.6 -7.056 -12.542
5 24 3.75 25.89 -13.88 2.21 25.64 -12.36 2.67 24.13 -14.37 4.48 27.73 -12.63
5 24 -9.15 17.65 -12.55 -9.08 21.26 -12.65 -8.47 19.8 -15.23 -9.37 18.18 -10
5 24 3.25 23.72 -14.36 4.05 23.55 -14.41 3.75 25.89 -13.88 2.3 22.44 -15.07
5 24 -3.372 -4.864 -11.877 0 -7.092 -13.1975 -3.6 -7.056 -12.542 0 -4.776 -12.395
5 24 6.7824 -2.6 4.532 7.3912 -2.6 3.0616 5.6568 -2.6 5.6568 8.975 -3.303 5.063
5 24 9.967 -3.298 -2.78 8 -2.6 -1.5912 10.37 -3.423 0 6.7824 -2.6 -4.532
5 24 -7.58 24.39 -14.44 -6.71 25.03 -14.58 -5.96 23.27 -15.88 -7.51 25.75 -12.62
5 24 -3.65 -11.9 -12.63 -5.25 -10.54 -13.99 -5.793 -10.139 -11.923 -3.74 -11.39 -14.33
5 24 -10.37 -3.423 0 -8 -2.6 -1.5912 -8 -2.6 0 -9.967 -3.298 -2.78
5 24 -7.91 26.13 -10 -7.8 25.54 -12.6 -8.19 25.83 -10 -7.51 25.75 -12.62
5 24 5.81 26.49 -12.38 3.75 25.89 -13.88 4.74 25.21 -13.56 4.48 27.73 -12.63
5 24 0.36 14.04 -14.97 1.6 15.48 -16.14 1.32 13.74 -15.25 -0.35 16.83 -14.59
5 24 -1.87 6.61 -18.31 -1.73 4 -17.93 -0.15 5.39 -17.43 -3.13 5.61 -18.59
5 24 0 -3.42 12.1375 0 0 12.1375 -4.7576 0 11.6472 4.7576 0 11.6472
5 24 13.0276 -3.642 -0.0752 12.454 -4.442 -0.073 11.539 -4.3215 4.7205 13.493 -4.018 -3.907
5 24 -4.15 24.78 -14.34 -2.51 23.01 -14.37 -3.63 25.27 -14.18 -4.54 24.12 -14.55
5 24 0.16 3.33 -17.07 -0.79 2.78 -17.08 -0.21 1.76 -16.55 -1.73 4 -17.93
5 24 -5.96 23.27 -15.88 -7.58 24.39 -14.44 -6.71 25.03 -14.58 -7.13 22.75 -15.25
5 24 0 -4.776 -12.395 -2.875 -3.313 -10 -4.4 -3.5 -10 0 -3.073 -10
5 24 -1.5912 -2.6 8 -3.0616 -2.6 7.3912 0 -2.6 8 -5.187 -3.33 8.775
5 24 -5.074 -6.858 -11.961 -6.797 -9.048 -11.46 -9.264 -7.002 -9.778 -3.6 -7.056 -12.542
5 24 6.797 -9.048 -11.46 8.9 -6.62 -11.91 9.264 -7.002 -9.778 7.22 -7.94 -12.4
5 24 -3.372 -4.864 -11.877 0 -4.776 -12.395 -4.4 -3.5 -10 0 -7.092 -13.1975
5 24 -5.187 -3.33 8.775 -1.5912 -2.6 8 -3.0616 -2.6 7.3912 -4.619 -4.232 11.308
5 24 7.79 19.88 -13.96 7.91 24.11 -13.86 7.02 22.65 -15.32 8.55 20.3 -12.35
5 24 -2.01 14.02 -16.75 -0.13 12.12 -15.17 0.22 12.87 -15.03 -1.89 12.79 -16.33
5 24 6.7824 -2.6 -4.532 8.983 -3.392 -5.474 8.298 -3.396 -6.995 9.967 -3.298 -2.78
5 24 -8 -2.6 -1.5912 -9.967 -3.298 -2.78 -10.37 -3.423 0 -6.7824 -2.6 -4.532
5 24 -8.4 1.42 -15.81 -6.83 1.43 -17.1 -8.22 2.48 -15.81 -7.24 -0.5 -16.69
5 24 2.84 13.06 -16.85 2.94 11.58 -17.4 4.56 12.11 -17.99 1.23 12.46 -16.04
5 24 6.41 4.91 -17.62 6.33 4.2 -17.09 8.04 5.38 -16.13 4.6 4.38 -18.16
5 24 8.32 24.5 -12.27 8.23 25.38 -10 8.86 25.02 -10 7.59 24.97 -12.23
5 24 10.58 0 -11.6 10.63 3.92 -10 9.77 3.69 -12.2 10.67 0 -10
5 24 7.56 1.15 -15.93 8.85 0.75 -15.43 8.11 -1.11 -15.87 8.78 2.3 -14.76
5 24 -6.98 26.03 -12.43 -6.54 27.08 -12.54 -7.45 26.44 -10 -6.02 25.2 -13.9
5 24 -10.303 -6.186 -8.702 -5.068 -5.231 -11.626 -7.081 -4.26 -9.37 -9.264 -7.002 -9.778
5 24 -5.068 -5.231 -11.626 -3.6 -7.056 -12.542 -5.074 -6.858 -11.961 -3.372 -4.864 -11.877
5 24 4.39 -5.12 -16.68 5.56 -5.55 -17.01 5.16 -3.88 -16.97 4.54 -7.42 -16.91
5 24 -6.71 25.03 -14.58 -6.02 25.2 -13.9 -4.54 24.12 -14.55 -6.98 26.03 -12.43
5 24 4.57 3.64 -17.77 1.57 3.65 -17.93 4.6 4.38 -18.16 1.59 2.86 -17.3
5 24 1.51 -10.33 -15.35 4.41 -9.71 -15.84 3.55 -11.32 -14.41 1.95 -9 -16.26
2 24 4.4 0 -10 -4.4 0 -10
5 24 -9.84 11.98 -12.53 -8.54 12 -14.31 -9.35 12.89 -12.3 -9.02 11.2 -14.57
5 24 -5.54 26.09 -13.68 -6.54 27.08 -12.54 -6.02 25.2 -13.9 -4.65 26.68 -13.53
5 24 -6.98 26.03 -12.43 -7.91 26.13 -10 -7.45 26.44 -10 -7.51 25.75 -12.62
5 24 4.98 0.35 -18.08 3.48 1.66 -18.39 5.96 1.51 -17.78 1.86 -1.17 -18.07
5 24 -6.7824 -2.6 -4.532 -8.983 -3.392 -5.474 -9.967 -3.298 -2.78 -8.298 -3.396 -6.995
5 24 9.85 9.73 -12.53 9.4 10.45 -12.57 10.21 10.66 -10 9.1 9.38 -14.6
5 24 -6.54 27.08 -12.54 -5.25 27.87 -12.27 -7.03 27.58 -10 -4.65 26.68 -13.53
5 24 11.539 -4.3215 4.7205 8.975 -3.303 5.063 8.729 -4.2768 8.6643 10.37 -3.423 0
5 24 -9 5.19 -13.99 -8.22 2.48 -15.81 -7.79 4.31 -15.56 -9.38 3.2 -14.16
5 24 8.46 10.18 -14.56 7 10.22 -16.16 7.1 9.73 -16.48 8.22 10.67 -14.46
5 24 5.16 -3.88 -16.97 4.39 -5.12 -16.68 5.56 -5.55 -17.01 3.49 -3.65 -16.02
5 24 -4.36 3.27 -17.04 -4.3 2.55 -17.2 -6.24 3.44 -16.77 -2.44 2.54 -17.14
5 24 9.67 -2.06 -14.39 9.4 -3.33 -13.41 10.15 -1.33 -13.4 8.97 -3.06 -14.87
5 24 -9.35 12.89 -12.3 -9.76 15.59 -12.53 -9.8 13.53 -10 -9.18 14.67 -14.87
5 24 -1.36 7.27 -16.87 -3.05 8.96 -17.55 -3.47 8.57 -17.58 -0.25 7.32 -16.21
5 24 -4.33 21.19 -16.43 -2.87 18.94 -16.07 -2.32 19.43 -15.83 -5.65 20.82 -16.05
5 24 8.46 10.18 -14.56 9.1 9.38 -14.6 7.87 8.9 -16.87 9.4 10.45 -12.57
5 24 -9.33 2 -14.49 -10.17 2.69 -12.14 -10.4 0.49 -12.54 -9.38 3.2 -14.16
5 24 -10.11 3.7 -12.23 -10.17 2.69 -12.14 -9.38 3.2 -14.16 -10.71 3.11 -10
5 24 -9.18 14.67 -14.87 -6.95 14.1 -16.98 -7.59 12.91 -16.63 -8.68 16.04 -15.11
5 24 5.4 17.52 -16.99 5.58 14.78 -16.33 6.79 18.66 -16.1 4.09 15.85 -16.85
5 24 6.44 11.48 -17.5 5.92 13.98 -17.17 7.49 12.37 -16.85 4.56 12.11 -17.99
5 24 11.539 -4.3215 4.7205 10.37 -3.423 0 12.454 -4.442 -0.073 8.975 -3.303 5.063
5 24 5.793 -10.139 -11.923 5.32 -9.93 -14.39 3.32 -11.89 -12.72 7.22 -7.94 -12.4
5 24 1.68 -6.08 -15.29 2.27 -4.74 -15.34 0.67 -4.22 -15.98 2.65 -5.44 -15.26
5 24 0.884 -11.911 -13.134 0.88 -11.53 -14.41 3.32 -11.89 -12.72 -0.96 -11.51 -14.4
5 24 0 -3.338 10.148 4.619 -4.232 11.308 0 -4.22 11.784 1.5912 -2.6 8
5 24 -3.0616 -2.6 7.3912 -4.532 -2.6 6.7824 -5.187 -3.33 8.775 -5.6568 -2.6 5.6568
5 24 -6.7824 -2.6 4.532 -7.3912 -2.6 3.0616 -5.6568 -2.6 5.6568 -8.975 -3.303 5.063
5 24 -5.6568 -2.6 5.6568 -8.975 -3.303 5.063 -6.7824 -2.6 4.532 -5.187 -3.33 8.775
5 24 5.57 9.2 -17.69 3.41 9.12 -17.37 3.46 8.23 -18.19 5.35 9.72 -17.33
5 24 0 -4.776 -12.395 4.4 -3.5 -10 3.372 -4.864 -11.877 2.875 -3.313 -10
5 24 -5.187 -3.33 8.775 -8.975 -3.303 5.063 -8.729 -4.2768 8.6643 -5.6568 -2.6 5.6568
5 24 -2.36 1.73 -17.39 -5.19 0.24 -17.64 -4.3 2.55 -17.2 -3.54 -1.13 -17.71
5 24 12.359 -5.098 -3.47 13.05 -4.182 -7.134 11.648 -5.37 -6.448 13.493 -4.018 -3.907
5 24 -8.87 -7.06 -11.79 -8.41 -6.22 -13.59 -7.43 -8.09 -12.29 -10.973 -5.26 -10.578
5 24 2.3 19.1 -14.96 0.38 17.78 -14.04 3.2 18.54 -15.42 0.3 18.73 -14.25
5 24 9.07 19.84 -12.48 9.37 20.78 -10 8.55 20.3 -12.35 9.69 20.23 -10
5 24 -8.9909 -3.4768 8.9242 -8.729 -4.2768 8.6643 -4.619 -4.232 11.308 -11.8852 -3.5215 4.8621
5 24 4.6 4.38 -18.16 6.33 4.2 -17.09 6.41 4.91 -17.62 4.57 3.64 -17.77
5 24 -7.51 25.75 -12.62 -6.98 26.03 -12.43 -6.71 25.03 -14.58 -7.91 26.13 -10
5 24 7.91 24.11 -13.86 8.55 20.3 -12.35 7.79 19.88 -13.96 9.37 20.78 -10
5 24 -7.19 21.43 -14.94 -7.63 20.91 -15.07 -8.63 21.89 -12.7 -5.76 20.27 -15.99
5 24 5.187 -3.33 8.775 8.975 -3.303 5.063 5.6568 -2.6 5.6568 8.729 -4.2768 8.6643
5 24 -1.87 6.61 -18.31 -3.47 8.57 -17.58 -3.77 7.83 -18.4 -1.36 7.27 -16.87
5 24 -10.17 2.69 -12.14 -11.03 0 -11.81 -10.71 3.11 -10 -10.4 0.49 -12.54
5 24 -9.37 18.18 -10 -9.08 21.26 -12.65 -9.15 17.65 -12.55 -8.99 22.22 -10
5 24 1.67 6.35 -18.18 -0.25 7.32 -16.21 0.55 8.31 -15.95 -0.15 5.39 -17.43
5 24 5.81 26.49 -12.38 5.76 24.48 -13.22 4.74 25.21 -13.56 6.83 25.28 -12.14
5 24 4.16 -2.57 -16.68 6 -2.91 -17.46 4.73 -1.67 -16.94 5.16 -3.88 -16.97
5 24 -6.41 18.12 -16.87 -2.7 17.21 -16.95 -3.6 15.82 -17.39 -5.63 19.4 -16.56
5 24 -2.01 14.02 -16.75 0.22 12.87 -15.03 -0.91 15.47 -16.31 -0.13 12.12 -15.17
5 24 9.44 4.62 -12.18 9.77 3.69 -12.2 10.19 4.89 -10 8.96 3.64 -13.93
5 24 9 15.16 -12.59 7.49 15.38 -14.54 8.67 15.79 -12.49 7.77 14.66 -14.94
5 24 7.49 12.37 -16.85 7.77 14.66 -14.94 5.92 13.98 -17.17 8.76 13.33 -14.93
5 24 11.944 0 -11.188 10.973 -5.26 -10.578 13.061 0 -9.851 10.38 -1.29 -12.31
5 24 6.7824 -2.6 -4.532 5.6568 -2.6 -5.6568 8.298 -3.396 -6.995 7.3912 -2.6 -3.0616
5 24 3.372 -4.864 -11.877 0 -4.776 -12.395 0 -7.092 -13.1975 4.4 -3.5 -10
5 24 9.17 10.93 -12.55 8.76 13.33 -14.93 8.22 10.67 -14.46 9.58 13.9 -12.7
5 24 -4.7 -2.62 -16.82 -3.54 -1.13 -17.71 -5.83 -1.44 -17.13 -2.12 -2.63 -17.36
5 24 -2 -7.6 -16.5 -1.02 -7.22 -16.76 -1.9 -6.31 -15.5 -1.07 -8.4 -16.97
5 24 7 10.22 -16.16 6.44 11.48 -17.5 5.35 9.72 -17.33 7.49 12.37 -16.85
5 24 -0.19 -1.72 -16.65 1.15 -3.34 -16.81 1.86 -1.17 -18.07 0.67 -4.22 -15.98
5 24 2.21 25.64 -12.36 1.32 23.15 -13.68 0.78 23.12 -11.82 2.67 24.13 -14.37
5 24 -2.51 23.01 -14.37 -3.63 25.27 -14.18 -2.09 23.9 -13.7 -4.15 24.78 -14.34
5 24 -9.35 12.89 -12.3 -9.18 14.67 -14.87 -9.76 15.59 -12.53 -8.54 12 -14.31
5 24 8.97 -3.06 -14.87 9.67 -2.06 -14.39 9.11 -0.97 -15.36 9.4 -3.33 -13.41
5 24 0.67 20.99 -14.68 0.3 18.73 -14.25 2.3 19.1 -14.96 -0.13 20.12 -14.27
5 24 -10.13 -0.2 -13.97 -9.59 -1.64 -15.4 -9.35 -0.44 -15.79 -9.94 -2.26 -14.32
5 24 5.96 1.51 -17.78 6.5 3.67 -17.05 4.64 3.03 -17.91 7.08 2.83 -16.94
5 24 5.57 9.2 -17.69 4.62 6.82 -18.87 6.34 8.15 -18.34 3.46 8.23 -18.19
5 24 -5.96 23.27 -15.88 -4.54 24.12 -14.55 -2.51 23.01 -14.37 -6.71 25.03 -14.58
5 24 -5.96 23.27 -15.88 -7.13 22.75 -15.25 -5.65 20.82 -16.05 -7.58 24.39 -14.44
5 24 -8 -2.6 1.5912 -8.975 -3.303 5.063 -7.3912 -2.6 3.0616 -10.37 -3.423 0
5 24 -7.79 4.31 -15.56 -8.22 2.48 -15.81 -9 5.19 -13.99 -6.83 1.43 -17.1
5 24 3.32 -11.89 -12.72 3.6 -7.056 -12.542 0 -7.092 -13.1975 5.793 -10.139 -11.923
5 24 5.91 -6.98 -16.17 6.88 -5.55 -17.37 5.56 -5.55 -17.01 7.27 -6.71 -16.69
5 24 -8 -2.6 0 -8 -2.6 -1.5912 -7.3912 -2.6 -3.0616 -10.37 -3.423 0
5 24 4.4 -3.5 -10 3.372 -4.864 -11.877 0 -4.776 -12.395 5.068 -5.231 -11.626
5 24 3.55 -11.32 -14.41 5.32 -9.93 -14.39 3.32 -11.89 -12.72 4.41 -9.71 -15.84
5 24 1.32 13.74 -15.25 0.22 12.87 -15.03 1.23 12.46 -16.04 0.36 14.04 -14.97
5 24 10.17 5.24 -10 9.83 5.99 -12.3 9.4 5.08 -12.14 10.47 6.23 -10
5 24 -2.11 -9.1 -16.21 -1.07 -8.4 -16.97 -2 -7.6 -16.5 -0.95 -9.58 -16.44
5 24 -9.25 -3.74 -13.76 -9.94 -2.26 -14.32 -9.02 -3.56 -14.83 -10.04 -2.38 -13.03
5 24 -7.45 26.44 -10 -6.54 27.08 -12.54 -7.03 27.58 -10 -6.98 26.03 -12.43
5 24 5.81 26.49 -12.38 4.74 25.21 -13.56 5.76 24.48 -13.22 3.75 25.89 -13.88
5 24 9.44 4.62 -12.18 9.4 5.08 -12.14 8.69 4.87 -13.88 10.19 4.89 -10
5 24 7.84 4.1 -15.65 8.1 3.68 -15.59 7.08 2.83 -16.94 8.76 4.4 -13.95
5 24 8.15 19.34 -14.41 7.49 15.38 -14.54 6.79 18.66 -16.1 8.67 15.79 -12.49
5 24 -0.95 1.04 -17.15 -0.21 1.76 -16.55 -0.87 2.07 -16.75 -0.21 0.63 -17
5 24 2.4 16.98 -16.5 5.4 17.52 -16.99 4.09 15.85 -16.85 3.79 18.23 -16.35
5 24 8 -2.6 1.5912 8 -2.6 0 10.37 -3.423 0 7.3912 -2.6 3.0616
5 24 -6.23 4.08 -16.6 -6.88 8.07 -17.75 -5 6.89 -18.56 -7.69 4.99 -15.41
5 24 3.49 -3.65 -16.02 5.16 -3.88 -16.97 4.39 -5.12 -16.68 4.16 -2.57 -16.68
5 24 6 -2.91 -17.46 7.04 -1.32 -16.85 4.73 -1.67 -16.94 7.69 -2.53 -16.86
5 24 -3.13 5.61 -18.59 -2.44 2.54 -17.14 -4.36 3.27 -17.04 -1.73 4 -17.93
5 24 1.86 -1.17 -18.07 3.49 -2.17 -17.62 1.15 -3.34 -16.81 4.98 0.35 -18.08
5 24 -4.53 -10.14 -15.59 -1.62 -10.38 -15.28 -0.96 -11.51 -14.4 -2.11 -9.1 -16.21
5 24 -5.67 -5.55 -16.91 -7.15 -5.51 -17.3 -6.61 -3.88 -17.63 -5.92 -7.7 -16.12
5 24 -3.6 15.82 -17.39 -2.7 17.21 -16.95 -0.91 15.47 -16.31 -6.41 18.12 -16.87
5 24 -6.24 3.44 -16.77 -6.83 1.43 -17.1 -7.79 4.31 -15.56 -4.3 2.55 -17.2
5 24 -0.21 1.76 -16.55 -0.79 2.78 -17.08 0.16 3.33 -17.07 -0.87 2.07 -16.75
5 24 -13.05 -4.182 -7.134 -11.944 0 -11.188 -13.748 0 -7.628 -10.973 -5.26 -10.578
5 24 5.56 -5.55 -17.01 4.54 -7.42 -16.91 4.39 -5.12 -16.68 5.91 -6.98 -16.17
5 24 -8.9909 0 8.9242 -8.9909 -3.4768 8.9242 -4.7576 -3.432 11.6472 -11.8852 0 4.8621
5 24 9.87 0.53 -13.75 9.11 -0.97 -15.36 8.85 0.75 -15.43 10.15 -1.33 -13.4
5 24 -4.54 24.12 -14.55 -6.71 25.03 -14.58 -5.96 23.27 -15.88 -6.02 25.2 -13.9
5 24 3.0616 -2.6 7.3912 4.532 -2.6 6.7824 5.187 -3.33 8.775 5.6568 -2.6 5.6568
5 24 -11.648 -5.37 -6.448 -8.298 -3.396 -6.995 -7.081 -4.26 -9.37 -8.983 -3.392 -5.474
5 24 -8.298 -3.396 -6.995 -8.983 -3.392 -5.474 -11.648 -5.37 -6.448 -6.7824 -2.6 -4.532
5 24 -5.25 -10.54 -13.99 -6.797 -9.048 -11.46 -7.43 -8.09 -12.29 -5.793 -10.139 -11.923
5 24 1.95 -9 -16.26 4.41 -9.71 -15.84 4.54 -7.42 -16.91 1.51 -10.33 -15.35
5 24 -0.6 21.61 -12.09 -1.39 22.07 -13.26 -0.13 20.12 -14.27 -1.36 22.34 -11.95
5 24 2.06 -7.41 -16.43 0.96 -6.28 -15.57 1.68 -6.08 -15.29 0.98 -7.22 -16.69
5 24 5.92 13.98 -17.17 5.58 14.78 -16.33 7.77 14.66 -14.94 3.32 14.24 -16.23
5 24 9.85 9.73 -12.53 10.21 10.66 -10 10.54 10.09 -10 9.4 10.45 -12.57
5 24 -1.9 -6.31 -15.5 -0.76 -4.26 -16.18 -0.95 -6.31 -15.76 -2.64 -5.1 -15.43
5 24 0.91 -8.42 -16.94 -1.02 -7.22 -16.76 0.98 -7.22 -16.69 -1.07 -8.4 -16.97
5 24 -4.7 -2.62 -16.82 -6.61 -3.88 -17.63 -5.67 -5.55 -16.91 -5.83 -1.44 -17.13
5 24 -7.51 25.75 -12.62 -7.58 24.39 -14.44 -7.8 25.54 -12.6 -6.71 25.03 -14.58
5 24 -13.748 0 -7.628 -13.05 -4.182 -7.134 -13.493 -4.018 -3.907 -11.944 0 -11.188
5 24 0.55 8.31 -15.95 3.46 8.23 -18.19 3.41 9.12 -17.37 1.67 6.35 -18.18
5 24 9.17 10.93 -12.55 9.58 13.9 -12.7 8.76 13.33 -14.93 9.99 11.08 -10
5 24 6 -2.91 -17.46 7.69 -2.53 -16.86 6.44 -4.26 -17.63 7.04 -1.32 -16.85
5 24 -4.15 24.78 -14.34 -4.65 26.68 -13.53 -3.63 25.27 -14.18 -5.54 26.09 -13.68
5 24 2.21 25.64 -12.36 4.48 27.73 -12.63 3.75 25.89 -13.88 2.15 26.4 -10
5 24 9.4 10.45 -12.57 9.99 11.08 -10 9.17 10.93 -12.55 10.21 10.66 -10
5 24 5.56 23.24 -15.29 2.3 22.44 -15.07 4.05 23.55 -14.41 3.74 21.54 -15.95
5 24 0.68 -10.4 -15.65 1.51 -10.33 -15.35 0.79 -9.51 -16.46 0.88 -11.53 -14.41
5 24 -6.61 -3.88 -17.63 -5.67 -5.55 -16.91 -4.7 -2.62 -16.82 -7.15 -5.51 -17.3
5 24 6.79 18.66 -16.1 6.58 19.3 -15.42 3.79 18.23 -16.35 8.15 19.34 -14.41
5 24 -10.16 10.81 -12.41 -9.84 11.98 -12.53 -9.58 10.07 -14.54 -10.58 11.43 -10
5 24 8.9 -6.62 -11.91 9.264 -7.002 -9.778 10.973 -5.26 -10.578 6.797 -9.048 -11.46
5 24 -6.95 14.1 -16.98 -7.59 12.91 -16.63 -4.46 11.59 -18.05 -9.18 14.67 -14.87
5 24 1.67 6.35 -18.18 0.55 8.31 -15.95 3.46 8.23 -18.19 -0.25 7.32 -16.21
5 24 4.7576 -3.432 11.6472 4.619 -4.232 11.308 0 -4.22 11.784 8.9909 -3.4768 8.9242
5 24 7 10.22 -16.16 7.49 12.37 -16.85 6.44 11.48 -17.5 8.22 10.67 -14.46
5 24 -7.69 4.99 -15.41 -7.79 4.31 -15.56 -9 5.19 -13.99 -6.23 4.08 -16.6
5 24 -9.35 -0.44 -15.79 -8.35 -1.3 -16.19 -9.59 -1.64 -15.4 -8.4 1.42 -15.81
5 24 2.06 -7.41 -16.43 4.39 -5.12 -16.68 2.65 -5.44 -15.26 4.54 -7.42 -16.91
5 24 3.6 -7.056 -12.542 3.372 -4.864 -11.877 5.068 -5.231 -11.626 0 -7.092 -13.1975
5 24 10.973 -5.26 -10.578 10.38 -1.29 -12.31 8.9 -6.62 -11.91 11.944 0 -11.188
5 24 7.69 -2.53 -16.86 6.88 -5.55 -17.37 6.44 -4.26 -17.63 8.34 -3.64 -16.32
5 24 -9.55 1.36 -14.76 -9.33 2 -14.49 -10.13 -0.2 -13.97 -8.4 1.42 -15.81
5 24 1.5912 -2.6 8 5.187 -3.33 8.775 3.0616 -2.6 7.3912 4.619 -4.232 11.308
5 24 -13.493 -4.018 -3.907 -13.748 0 -7.628 -13.05 -4.182 -7.134 -13.813 0 -4.151
5 24 3.6 -7.056 -12.542 5.074 -6.858 -11.961 6.797 -9.048 -11.46 5.068 -5.231 -11.626
5 24 2.3 19.1 -14.96 0.67 20.99 -14.68 3.74 21.54 -15.95 0.3 18.73 -14.25
5 24 -4.54 -6.49 -17 -4.7 -2.62 -16.82 -5.67 -5.55 -16.91 -3.79 -3.85 -16.03
5 24 -5.63 19.4 -16.56 -5.76 20.27 -15.99 -2.7 17.21 -16.95 -7.63 20.91 -15.07
5 24 -3.82 13.88 -16.68 -2.01 14.02 -16.75 -3.6 15.82 -17.39 -1.89 12.79 -16.33
5 24 -2.85 26.04 -12.13 -3.63 25.27 -14.18 -4.65 26.68 -13.53 -2.09 23.9 -13.7
5 24 -6.83 1.43 -17.1 -4.3 2.55 -17.2 -6.24 3.44 -16.77 -5.19 0.24 -17.64
5 24 -5.83 -1.44 -17.13 -5.19 0.24 -17.64 -7.24 -0.5 -16.69 -3.54 -1.13 -17.71
5 24 -2.85 26.04 -12.13 -1.41 23.41 -11.83 -2.58 26.29 -10 -2.09 23.9 -13.7
5 24 9.7 1.62 -13.11 9.77 3.69 -12.2 8.96 3.64 -13.93 10.58 0 -11.6
5 24 7.59 24.97 -12.23 7.63 25.48 -10 8.23 25.38 -10 6.83 25.28 -12.14
5 24 9.967 -3.298 -2.78 12.454 -4.442 -0.073 12.359 -5.098 -3.47 10.37 -3.423 0
5 24 -1.416 -11.986 -13.035 -0.96 -11.51 -14.4 0.884 -11.911 -13.134 -3.74 -11.39 -14.33
5 24 6.83 25.28 -12.14 7.59 24.97 -12.23 6.92 24.45 -13.62 7.63 25.48 -10
5 24 -5.83 -1.44 -17.13 -3.54 -1.13 -17.71 -5.19 0.24 -17.64 -4.7 -2.62 -16.82
5 24 8.04 5.38 -16.13 7.72 4.57 -15.63 9.09 5.72 -14.25 6.33 4.2 -17.09
5 24 9.1 9.38 -14.6 9.4 10.45 -12.57 8.46 10.18 -14.56 9.85 9.73 -12.53
5 24 -8.28 16.8 -14.88 -8.68 16.04 -15.11 -9.55 16.98 -12.65 -6.95 14.1 -16.98
5 24 -9.967 -3.298 -2.78 -8.983 -3.392 -5.474 -11.648 -5.37 -6.448 -6.7824 -2.6 -4.532
5 24 -8 -2.6 1.5912 -10.37 -3.423 0 -8 -2.6 0 -8.975 -3.303 5.063
5 24 -12.359 -5.098 -3.47 -13.493 -4.018 -3.907 -13.05 -4.182 -7.134 -12.454 -4.442 -0.073
5 24 0.3 18.73 -14.25 -2.32 19.43 -15.83 -1.5 20.52 -15.36 0.38 17.78 -14.04
5 24 -8.35 -1.3 -16.19 -7.24 -0.5 -16.69 -8.4 1.42 -15.81 -7.91 -2.68 -16.95
5 24 10.303 -6.186 -8.702 12.133 -4.645 -9.051 11.648 -5.37 -6.448 10.973 -5.26 -10.578
5 24 -0.87 2.07 -16.75 -0.95 1.04 -17.15 -2.36 1.73 -17.39 -0.21 1.76 -16.55
5 24 6.63 0.21 -16.45 5.96 1.51 -17.78 7.56 1.15 -15.93 4.98 0.35 -18.08
5 24 6.7824 -2.6 -4.532 9.967 -3.298 -2.78 8.983 -3.392 -5.474 8 -2.6 -1.5912
5 24 -8.37 -3.94 -16.48 -7.15 -5.51 -17.3 -8.59 -5.04 -15.62 -6.61 -3.88 -17.63
5 24 -1.41 23.41 -11.83 -2.58 26.29 -10 -2.85 26.04 -12.13 -1.21 23.45 -10
5 24 -5 6.89 -18.56 -4.36 3.27 -17.04 -6.23 4.08 -16.6 -3.13 5.61 -18.59
5 24 8.96 3.64 -13.93 9.44 4.62 -12.18 8.76 4.4 -13.95 9.77 3.69 -12.2
5 24 7.69 -2.53 -16.86 8.97 -3.06 -14.87 8.34 -3.64 -16.32 8.11 -1.11 -15.87
5 24 6.5 3.67 -17.05 6.33 4.2 -17.09 7.72 4.57 -15.63 4.57 3.64 -17.77
5 24 -2.64 -5.1 -15.43 -1.9 -6.31 -15.5 -0.76 -4.26 -16.18 -3 -5.71 -15.64
5 24 -2.36 1.73 -17.39 -0.87 2.07 -16.75 -0.95 1.04 -17.15 -2.44 2.54 -17.14
5 24 8.76 13.33 -14.93 7.77 14.66 -14.94 9 15.16 -12.59 7.49 12.37 -16.85
5 24 10.973 -5.26 -10.578 9.264 -7.002 -9.778 10.303 -6.186 -8.702 8.9 -6.62 -11.91
5 24 2.4 16.98 -16.5 -0.35 16.83 -14.59 0.38 17.78 -14.04 1.6 15.48 -16.14
5 24 0.78 23.12 -11.82 2.21 25.64 -12.36 0.7 23.32 -10 1.32 23.15 -13.68
5 24 -2.85 26.04 -12.13 -5.25 27.87 -12.27 -4.65 26.68 -13.53 -2.58 26.29 -10
5 24 -9.55 16.98 -12.65 -8.28 16.8 -14.88 -9.15 17.65 -12.55 -8.68 16.04 -15.11
5 24 3.74 21.54 -15.95 0.67 20.99 -14.68 2.3 22.44 -15.07 2.3 19.1 -14.96
5 24 -2 -7.6 -16.5 -1.07 -8.4 -16.97 -1.02 -7.22 -16.76 -2.11 -9.1 -16.21
5 24 8.9909 -3.4768 8.9242 8.9909 0 8.9242 4.7576 -3.432 11.6472 11.8852 0 4.8621
5 24 2.06 -7.41 -16.43 2.65 -5.44 -15.26 4.39 -5.12 -16.68 1.68 -6.08 -15.29
5 24 -2 -7.6 -16.5 -4.54 -6.49 -17 -4.69 -8.39 -16.63 -3 -5.71 -15.64
5 24 1.31 22.48 -13.94 0.67 20.99 -14.68 0.07 21.79 -12.06 2.3 22.44 -15.07
5 24 2.67 24.13 -14.37 2.21 25.64 -12.36 1.32 23.15 -13.68 3.75 25.89 -13.88
5 24 8.76 13.33 -14.93 9 15.16 -12.59 7.77 14.66 -14.94 9.58 13.9 -12.7
5 24 0.07 21.79 -12.06 -0.49 21.96 -10 0.05 22.02 -10 -0.6 21.61 -12.09
5 24 1.31 22.48 -13.94 1.32 23.15 -13.68 0.63 22.36 -11.88 2.3 22.44 -15.07
5 24 -5.67 -5.55 -16.91 -4.54 -6.49 -17 -4.7 -2.62 -16.82 -5.92 -7.7 -16.12
5 24 0 -3.338 10.148 -4.619 -4.232 11.308 -1.5912 -2.6 8 0 -4.22 11.784
5 24 -9.58 10.07 -14.54 -9.73 6.45 -12.14 -8.81 5.77 -13.84 -10.16 10.81 -12.41
5 24 9.11 -0.97 -15.36 8.97 -3.06 -14.87 8.11 -1.11 -15.87 9.67 -2.06 -14.39
5 24 -10.04 -2.38 -13.03 -11.03 0 -11.81 -10.4 0.49 -12.54 -11.944 0 -11.188
5 24 -5.92 -7.7 -16.12 -4.69 -8.39 -16.63 -4.53 -10.14 -15.59 -4.54 -6.49 -17
5 24 9.87 0.53 -13.75 9.7 1.62 -13.11 9.1 1.4 -14.85 10.38 -1.29 -12.31
5 24 -6.7824 -2.6 4.532 -8.975 -3.303 5.063 -7.3912 -2.6 3.0616 -5.6568 -2.6 5.6568
5 24 -2.32 19.43 -15.83 -1.5 20.52 -15.36 -4.33 21.19 -16.43 0.3 18.73 -14.25
5 24 13.493 -4.018 -3.907 13.813 0 -4.151 13.0276 -3.642 -0.0752 13.748 0 -7.628
5 24 7.08 2.83 -16.94 6.5 3.67 -17.05 5.96 1.51 -17.78 7.84 4.1 -15.65
5 24 5.068 -5.231 -11.626 7.081 -4.26 -9.37 10.303 -6.186 -8.702 4.4 -3.5 -10
5 24 13.05 -4.182 -7.134 13.748 0 -7.628 13.061 0 -9.851 13.493 -4.018 -3.907
5 24 3.13 5.36 -18.79 0.64 4.16 -17.74 1.67 6.35 -18.18 1.57 3.65 -17.93
5 24 3.32 14.24 -16.23 1.6 15.48 -16.14 1.32 13.74 -15.25 4.09 15.85 -16.85
5 24 8.96 3.64 -13.93 8.76 4.4 -13.95 9.44 4.62 -12.18 8.1 3.68 -15.59
5 24 0.79 -9.51 -16.46 -0.72 -10.45 -15.67 -0.95 -9.58 -16.44 0.68 -10.4 -15.65
5 24 -3.82 13.88 -16.68 -3.6 15.82 -17.39 -6.31 15.33 -16.17 -2.01 14.02 -16.75
5 24 0.7 23.32 -10 2.21 25.64 -12.36 0.78 23.12 -11.82 2.15 26.4 -10
5 24 -4.7576 -3.432 11.6472 -4.7576 0 11.6472 0 -3.42 12.1375 -8.9909 0 8.9242
5 24 -9.55 16.98 -12.65 -9.76 15.59 -12.53 -9.18 14.67 -14.87 -10.09 16.02 -10
5 24 -5.96 23.27 -15.88 -5.65 20.82 -16.05 -7.13 22.75 -15.25 -4.33 21.19 -16.43
5 24 -3.54 -1.13 -17.71 -0.95 1.04 -17.15 -2.36 1.73 -17.39 -2.12 -2.63 -17.36
5 24 -7.41 -6.95 -16.34 -8.41 -6.22 -13.59 -7.43 -8.09 -12.29 -8.59 -5.04 -15.62
5 24 -5.54 26.09 -13.68 -6.02 25.2 -13.9 -6.54 27.08 -12.54 -4.15 24.78 -14.34
5 24 0 -3.338 10.148 0 -4.22 11.784 -4.619 -4.232 11.308 4.619 -4.232 11.308
5 24 -13.493 -4.018 -3.907 -13.813 0 -4.151 -13.0276 -3.642 -0.0752 -13.748 0 -7.628
5 24 5.57 9.2 -17.69 6.34 8.15 -18.34 7.87 8.9 -16.87 4.62 6.82 -18.87
5 24 1.95 -9 -16.26 0.79 -9.51 -16.46 0.91 -8.42 -16.94 1.51 -10.33 -15.35
5 24 1.5912 -2.6 8 3.0616 -2.6 7.3912 5.187 -3.33 8.775 0 -2.6 8
5 24 -8.63 21.89 -12.7 -8.47 19.8 -15.23 -7.63 20.91 -15.07 -9.08 21.26 -12.65
5 24 11.539 -4.3215 4.7205 11.8852 -3.5215 4.8621 8.729 -4.2768 8.6643 13.0276 -3.642 -0.0752
5 24 -8.975 -3.303 5.063 -10.37 -3.423 0 -11.539 -4.3215 4.7205 -8 -2.6 1.5912
5 24 -7.15 10.95 -15.94 -7.59 12.91 -16.63 -8.54 12 -14.31 -5.27 10.56 -17.57
5 24 -7.63 20.91 -15.07 -5.76 20.27 -15.99 -5.63 19.4 -16.56 -7.19 21.43 -14.94
5 24 6.797 -9.048 -11.46 3.6 -7.056 -12.542 5.793 -10.139 -11.923 5.074 -6.858 -11.961
5 24 -10.04 -2.38 -13.03 -10.973 -5.26 -10.578 -11.944 0 -11.188 -9.25 -3.74 -13.76
5 24 -9 5.19 -13.99 -8.81 5.77 -13.84 -7.69 4.99 -15.41 -9.9 5.92 -12.2
5 24 7.1 9.73 -16.48 7 10.22 -16.16 5.35 9.72 -17.33 8.46 10.18 -14.56
5 24 8 -2.6 0 8 -2.6 -1.5912 7.3912 -2.6 -3.0616 10.37 -3.423 0
5 24 -8.28 16.8 -14.88 -6.41 18.12 -16.87 -8.47 19.8 -15.23 -6.31 15.33 -16.17
5 24 -9.35 -0.44 -15.79 -10.13 -0.2 -13.97 -9.59 -1.64 -15.4 -9.55 1.36 -14.76
5 24 -9.02 -3.56 -14.83 -9.25 -3.74 -13.76 -9.94 -2.26 -14.32 -8.59 -5.04 -15.62
5 24 9 15.16 -12.59 8.67 15.79 -12.49 7.49 15.38 -14.54 9.94 15.57 -10
5 24 -1.07 -8.4 -16.97 0.91 -8.42 -16.94 -1.02 -7.22 -16.76 0.79 -9.51 -16.46
5 24 -7.91 -2.68 -16.95 -6.61 -3.88 -17.63 -5.83 -1.44 -17.13 -8.37 -3.94 -16.48
5 24 8.9 -6.62 -11.91 9.4 -3.33 -13.41 10.38 -1.29 -12.31 8.74 -5.32 -13.64
5 24 9.07 19.84 -12.48 8.55 20.3 -12.35 9.37 20.78 -10 7.79 19.88 -13.96
5 24 -7.69 4.99 -15.41 -6.88 8.07 -17.75 -8.48 9.16 -16.38 -6.23 4.08 -16.6
5 24 -7.91 -2.68 -16.95 -8.77 -2.61 -15.81 -8.35 -1.3 -16.19 -8.37 -3.94 -16.48
5 24 -5.19 0.24 -17.64 -4.3 2.55 -17.2 -6.83 1.43 -17.1 -2.36 1.73 -17.39
5 24 -0.72 -10.45 -15.67 0.88 -11.53 -14.41 0.68 -10.4 -15.65 -0.96 -11.51 -14.4
5 24 -8.4 1.42 -15.81 -9.35 -0.44 -15.79 -9.29 0.83 -15.61 -8.35 -1.3 -16.19
5 24 -2.11 -9.1 -16.21 -4.53 -10.14 -15.59 -1.62 -10.38 -15.28 -4.69 -8.39 -16.63
5 24 -6.24 3.44 -16.77 -6.23 4.08 -16.6 -4.36 3.27 -17.04 -7.79 4.31 -15.56
5 24 -9.967 -3.298 -2.78 -12.454 -4.442 -0.073 -10.37 -3.423 0 -12.359 -5.098 -3.47
5 24 -3.6 -7.056 -12.542 -3.372 -4.864 -11.877 0 -7.092 -13.1975 -5.068 -5.231 -11.626
2 24 -7.24 0 -10 -11.03 0 -10
2 24 -11.03 0 -10 -11.03 0 -11.81
2 24 7.24 0 -10 10.67 0 -10
2 24 10.58 0 -11.6 10.67 0 -10
5 24 -13.061 0 -9.851 -10.973 -5.26 -10.578 -12.133 -4.645 -9.051 -11.944 0 -11.188
5 24 7.3912 -2.6 -3.0616 6.7824 -2.6 -4.532 5.6568 -2.6 -5.6568 9.967 -3.298 -2.78
5 24 8 -2.6 -1.5912 7.3912 -2.6 -3.0616 9.967 -3.298 -2.78 8 -2.6 0
5 24 -10.303 -6.186 -8.702 -10.973 -5.26 -10.578 -9.264 -7.002 -9.778 -12.133 -4.645 -9.051
5 24 -13.061 0 -9.851 -12.133 -4.645 -9.051 -10.973 -5.26 -10.578 -13.05 -4.182 -7.134
5 24 -7.3912 -2.6 -3.0616 -6.7824 -2.6 -4.532 -9.967 -3.298 -2.78 -5.6568 -2.6 -5.6568
5 24 -13.061 0 -9.851 -13.05 -4.182 -7.134 -13.748 0 -7.628 -12.133 -4.645 -9.051
5 24 -8 -2.6 -1.5912 -7.3912 -2.6 -3.0616 -9.967 -3.298 -2.78 -8 -2.6 0
5 24 -10.303 -6.186 -8.702 -12.133 -4.645 -9.051 -11.648 -5.37 -6.448 -10.973 -5.26 -10.578
5 24 -11.944 0 -11.188 -10.973 -5.26 -10.578 -13.061 0 -9.851 -10.04 -2.38 -13.03
5 24 10.37 -3.423 0 8 -2.6 0 8 -2.6 1.5912 9.967 -3.298 -2.78
5 24 -.97 8.77 -16.825 -.25 7.32 -16.21 .55 8.31 -15.95 -2.49 9.63 -17.7
5 24 -10.37 -3.423 0 -8 -2.6 0 -9.967 -3.298 -2.78 -8 -2.6 1.5912
5 24 -.97 8.77 -16.825 -1.89 12.79 -16.33 -2.49 9.63 -17.7 .55 8.31 -15.95