0 Minifig Hair Short and Bushy Parted on Left
0 Name: 38798.dat
0 Author: Philippe Hurbain [Philo]
0 !LDRAW_ORG Part UPDATE 2026-07
0 !LICENSE Licensed under CC BY 4.0 : see CAreadme.txt

0 BFC CERTIFY CCW

0 !CATEGORY Minifig Headwear
0 !KEYWORDS Brickowl 944357

0 !HISTORY 2025-01-24 {LEGO Instructions App} Original part shape
0 !HISTORY 2025-01-24 [Philo] File preparation for LDraw Parts Tracker
0 !HISTORY 2026-07-30 [OrionP] Official Update 2026-07

1 16 0 -5 0 6 0 0 0 -1 0 0 0 6 4-4disc.dat
1 16 0 -5 0 1 0 0 0 -1.25 0 0 0 1 stud4od.dat
1 16 0 0 0 1 0 0 0 -1 0 0 0 1 4-4ring8.dat
1 16 0 0 0 0 0 -9 0 -4.5 0 9 0 0 2-4cyli.dat
1 16 0 0 0 0 0 -9 0 -4.5 0 9 0 0 2-4edge.dat
1 16 0 -4.5 0 0 0 -9 0 -4.5 0 9 0 0 3-8edge.dat
1 16 0 0 0 0 0 9 0 -4.5 0 9 0 0 5-16cylo.dat

3 16 -9.7011 -3.1 6.3963 -6.3639 -4.5 6.3639 -8.3151 -4.5 3.4443
3 16 -6.3639 -4.5 6.3639 -9.7011 -3.1 6.3963 -5.4369 -3 10.3408
3 16 6.3639 -4.5 6.3639 9.8077 -3.1 6.2897 8.3151 -4.5 3.4443
3 16 6.3639 -4.5 6.3639 3.4443 -4.5 8.3151 5.2237 -3 10.4474
3 16 7.9 -3.2 -4.6 8.2 0.1 -5.6 8.3151 0 -3.4443
3 16 8.3151 0 -3.4443 8.3151 -4.5 -3.4443 7.9 -3.2 -4.6
3 16 8.3151 -4.5 -3.4443 9 -4.5 0 11.087 -3.3 -3.0916
3 16 11.087 -3.3 -3.0916 9 -4.5 0 11.5134 -3.1 1.4925
3 16 9 -4.5 0 8.3151 -4.5 3.4443 11.5134 -3.1 1.4925
3 16 11.5134 -3.1 1.4925 8.3151 -4.5 3.4443 9.8077 -3.1 6.2897
3 16 5.2237 -3 10.4474 9.8077 -3.1 6.2897 6.3639 -4.5 6.3639
3 16 3.4443 -4.5 8.3151 0 -4.5 9 0 -3.1 11.7266
3 16 0 -3.1 11.7266 5.2237 -3 10.4474 3.4443 -4.5 8.3151
3 16 0 -3.1 11.7266 0 -4.5 9 -3.4443 -4.5 8.3151
3 16 -3.4443 -4.5 8.3151 -5.4369 -3 10.3408 0 -3.1 11.7266
3 16 -5.4369 -3 10.3408 -3.4443 -4.5 8.3151 -6.3639 -4.5 6.3639
3 16 -8.3151 -4.5 3.4443 -11.5134 -3.1 1.4925 -9.7011 -3.1 6.3963
3 16 -9 -4.5 0 -11.5134 -3.1 1.4925 -8.3151 -4.5 3.4443
3 16 -9 -4.5 0 -8.3151 -4.5 -3.4443 -11.3002 -3.1 -2.985
3 16 -11.3002 -3.1 -2.985 -11.5134 -3.1 1.4925 -9 -4.5 0
3 16 -8.3151 -4.5 -3.4443 -10.2342 -3.1 -5.6501 -11.3002 -3.1 -2.985
3 16 9.8077 -3.1 6.2897 5.2237 -3 10.4474 9.1923 4 9.1923
3 16 12.0107 4 4.9751 9.8077 -3.1 6.2897 9.1923 4 9.1923
3 16 11.5134 -3.1 1.4925 9.8077 -3.1 6.2897 12.0107 4 4.9751
3 16 12.0107 4 4.9751 13 4 0 11.5134 -3.1 1.4925
3 16 11.087 -3.3 -3.0916 11.5134 -3.1 1.4925 12.6 0.5 -3.6
3 16 -9.7011 -3.1 6.3963 -12.0107 4 4.9751 -9.1923 4 9.1923
3 16 -11.5134 -3.1 1.4925 -13 4 0 -12.0107 4 4.9751
3 16 -12.0107 4 4.9751 -9.7011 -3.1 6.3963 -11.5134 -3.1 1.4925
3 16 -11.5134 -3.1 1.4925 -11.3002 -3.1 -2.985 -13 4 0
3 16 -13 4 0 -11.3002 -3.1 -2.985 -12.0107 4 -4.9751
3 16 -10.2342 -3.1 -5.6501 -12.0107 4 -4.9751 -11.3002 -3.1 -2.985
3 16 -8.3151 -4.5 -3.4443 -6.3639 -4.5 -6.3639 -10.2342 -3.1 -5.6501
3 16 -6.3639 -4.5 -6.3639 -3.5 -2.95 -8.35 -5.4 -1.6 -9.9
3 16 -10.2342 -3.1 -5.6501 -9.2 -1.1 -7.9 -12.0107 4 -4.9751
3 16 -12.0107 4 -4.9751 -9.2 -1.1 -7.9 -9.1923 4 -9.1923
3 16 11.087 -3.3 -3.0916 12.6 0.5 -3.6 10.7 4 -7.6
3 16 9.7 0.5 -6.1 8.2 0.1 -5.6 7.9 -3.2 -4.6
3 16 10.7 4 -7.6 9.7 0.5 -6.1 11.087 -3.3 -3.0916
4 16 -13 17 0 -12.0107 17 4.9751 -12.0107 4 4.9751 -13 4 0
4 16 -9.1923 17 9.1923 -9.1923 4 9.1923 -12.0107 4 4.9751 -12.0107 17 4.9751
3 16 -9.1923 4 9.1923 -4.9751 4 12.0107 -5.4369 -3 10.3408
3 16 -9.1923 4 9.1923 -5.4369 -3 10.3408 -9.7011 -3.1 6.3963
3 16 -5.4369 -3 10.3408 -4.9751 4 12.0107 0 -3.1 11.7266
3 16 0 -3.1 11.7266 -4.9751 4 12.0107 0 4 13
3 16 4.9751 4 12.0107 0 -3.1 11.7266 0 4 13
3 16 5.2237 -3 10.4474 0 -3.1 11.7266 4.9751 4 12.0107
3 16 9.1923 4 9.1923 5.2237 -3 10.4474 4.9751 4 12.0107
4 16 0 4 13 0 17 13 4.9751 17 12.0107 4.9751 4 12.0107
4 16 0 4 13 -4.9751 4 12.0107 -4.9751 17 12.0107 0 17 13
4 16 -9.1923 4 9.1923 -9.1923 17 9.1923 -4.9751 17 12.0107 -4.9751 4 12.0107
3 16 -9.1923 17 9.1923 -12.0107 17 4.9751 -10.5 20.9 7.9
3 16 -9.1923 17 9.1923 -9.5 21.5 9.1 -8.5 22 10
3 16 -9.9 21 8.6 -9.5 21.5 9.1 -9.1923 17 9.1923
3 16 -10.5 20.9 7.9 -9.9 21 8.6 -9.1923 17 9.1923
3 16 -9.1923 17 9.1923 -8.5 22 10 -7.9 22 10.5
3 16 -7.9 22 10.5 -4.9751 17 12.0107 -9.1923 17 9.1923
3 16 -11.1 20.6 7 -10.5 20.9 7.9 -12.0107 17 4.9751
3 16 -11.7 19.9 6.1 -11.1 20.6 7 -12.0107 17 4.9751
3 16 -12.1 20.1 5 -11.7 19.9 6.1 -12.0107 17 4.9751
3 16 -12.0107 17 4.9751 -13 17 0 -12.9 19.9 2.7
4 16 -13 17 0 -13 4 0 -12.0107 4 -4.9751 -12.0107 17 -4.9751
3 16 -12.0107 4 -4.9751 -11.8 13.2 -5.6 -12.0107 17 -4.9751
3 16 -12.0107 4 -4.9751 -10.4 8 -7.8 -11.8 13.2 -5.6
3 16 -11.8 13.2 -5.6 -10.4 8 -7.8 -10.7 13.9 -7.4
3 16 -10.7 13.9 -7.4 -11.5 16.8 -6.3 -11.8 13.2 -5.6
3 16 -11.8 13.2 -5.6 -11.5 16.8 -6.3 -12.0107 17 -4.9751
3 16 -11.5 16.8 -6.3 -12.4 19.6 -4.5 -12.0107 17 -4.9751
3 16 -11.7 19.1 -5.9 -12.4 19.6 -4.5 -11.5 16.8 -6.3
3 16 -12.4 19.6 -4.5 -13 20.1 -1.4 -12.0107 17 -4.9751
3 16 -12.0107 17 -4.9751 -13 20.1 -1.4 -13 17 0
3 16 -12.5 19.9 4 -12.1 20.1 5 -12.0107 17 4.9751
3 16 -12.9 19.9 2.7 -12.5 19.9 4 -12.0107 17 4.9751
3 16 -13 19.4 1.1 -12.9 19.9 2.7 -13 17 0
3 16 -13.1 19.9 0.2 -13 19.4 1.1 -13 17 0
3 16 -13 17 0 -13 20.1 -1.4 -13.1 19.9 0.2
3 16 -10.4 8 -7.8 -10 10.6 -8.4 -10.7 13.9 -7.4
3 16 -10.4 8 -7.8 -8.9 7.7 -9.6 -10 10.6 -8.4
3 16 -8.9 7.7 -9.6 -10.4 8 -7.8 -9.1923 4 -9.1923
3 16 -9.1923 4 -9.1923 -8.5 4.9 -9.9 -8.9 7.7 -9.6
3 16 -12.0107 4 -4.9751 -9.1923 4 -9.1923 -10.4 8 -7.8
4 16 -8.5 4.9 -9.9 -9.1923 4 -9.1923 -8.4 -0.8 -8.8 -6.9 -0.8 -9.9
3 16 -8.4 6.4 -10.1 -8.9 7.7 -9.6 -8.5 4.9 -9.9
3 16 -8.4 6.4 -10.1 -8.5 4.9 -9.9 -7.7 4.9 -10.5
3 16 -9.2 -1.1 -7.9 -8.4 -0.8 -8.8 -9.1923 4 -9.1923
3 16 -10.7 13.9 -7.4 -10 10.6 -8.4 -10.1 11.7 -8.3
3 16 11.087 -3.3 -3.0916 7.9 -3.2 -4.6 8.3151 -4.5 -3.4443
3 16 7.9 -3.2 -4.6 11.087 -3.3 -3.0916 9.7 0.5 -6.1
3 16 -0.7 -2.3 -10 -3.5 -2.95 -8.35 0 -2.3 -9
3 16 -2.4 -2.5 -9.9 -5.4 -1.6 -9.9 -3.5 -2.95 -8.35
3 16 -0.7 -2.3 -10 -2.4 -2.5 -9.9 -3.5 -2.95 -8.35
3 16 -8.4 -0.8 -8.8 -9.2 -1.1 -7.9 -6.3639 -4.5 -6.3639
3 16 -9.2 -1.1 -7.9 -10.2342 -3.1 -5.6501 -6.3639 -4.5 -6.3639
3 16 -5.4 -1.6 -9.9 -8.4 -0.8 -8.8 -6.3639 -4.5 -6.3639
3 16 -5.4 -1.6 -9.9 -6.9 -0.8 -9.9 -8.4 -0.8 -8.8
4 16 9.1923 17 9.1923 12.0107 17 4.9751 12.0107 4 4.9751 9.1923 4 9.1923
4 16 12.0107 17 4.9751 13.3 11.5 -1.3 13 4 0 12.0107 4 4.9751
3 16 12.5 6.2 -4 13 4 0 13.3 11.5 -1.3
3 16 13.3 11.5 -1.3 12.3 9.2 -4.4 12.5 6.2 -4
3 16 12.7 12.4 -2.8 12.3 9.2 -4.4 13.3 11.5 -1.3
3 16 12.7 12.4 -2.8 13.3 11.5 -1.3 12.8 14.4 -2.3
3 16 12.8 14.4 -2.3 13.3 11.5 -1.3 12.9 15.8 -1.2
3 16 12.9 15.8 -1.2 13.3 11.5 -1.3 12.0107 17 4.9751
3 16 13 4 0 12.5 6.2 -4 12.6 0.5 -3.6
3 16 12.6 0.5 -3.6 11.5134 -3.1 1.4925 13 4 0
3 16 12.9 15.8 -1.2 12.0107 17 4.9751 12.8 18.8 2.8
4 16 10.7 20.5 7.5 11.2 20.7 6.8 12.0107 17 4.9751 9.1923 17 9.1923
3 16 11.5 20.6 6.3 11.8 19.8 5.5 12.0107 17 4.9751
3 16 11.2 20.7 6.8 11.5 20.6 6.3 12.0107 17 4.9751
3 16 10.2 21.2 8.2 10.7 20.5 7.5 9.1923 17 9.1923
3 16 9.1923 17 9.1923 9.5 21.4 9.1 10.2 21.2 8.2
3 16 11.6 6.9 -6 12.5 6.2 -4 12.3 9.2 -4.4
3 16 12.6 0.5 -3.6 12.5 6.2 -4 11.6 6.9 -6
3 16 12.6 0.5 -3.6 11.6 6.9 -6 11 5 -7
3 16 8.7 21.1 9.7 9.5 21.4 9.1 9.1923 17 9.1923
3 16 7.8 22 10.5 8.7 21.1 9.7 9.1923 17 9.1923
3 16 9.1923 17 9.1923 4.9751 17 12.0107 7.8 22 10.5
3 16 7.2 22.3 11 7.8 22 10.5 4.9751 17 12.0107
3 16 7.2 22.3 11 4.9751 17 12.0107 6.4 22.2 11.5
3 16 5.6 22.7 11.8 6.4 22.2 11.5 4.9751 17 12.0107
3 16 4.5 22.8 12.3 5.6 22.7 11.8 4.9751 17 12.0107
3 16 4.5 22.8 12.3 4.9751 17 12.0107 3.7 22.3 12.6
3 16 2.7 22.9 12.9 3.7 22.3 12.6 4.9751 17 12.0107
3 16 0 17 13 2.7 22.9 12.9 4.9751 17 12.0107
3 16 1.5 23 13.1 2.7 22.9 12.9 0 17 13
3 16 1.5 23 13.1 0 17 13 0.8 22.8 13.1
3 16 0.8 22.8 13.1 0 17 13 -0.2 22.9 13.2
3 16 0 17 13 -1.3 22.8 13.1 -0.2 22.9 13.2
3 16 -1.3 22.8 13.1 0 17 13 -2.2 22.4 13
3 16 -4.9751 17 12.0107 -2.2 22.4 13 0 17 13
3 16 -2.9 22.7 12.8 -2.2 22.4 13 -4.9751 17 12.0107
3 16 -4.9751 17 12.0107 -4.1 22.5 12.5 -2.9 22.7 12.8
3 16 -4.9751 17 12.0107 -5 22.2 12.2 -4.1 22.5 12.5
3 16 -5 22.2 12.2 -4.9751 17 12.0107 -5.8 22.6 11.8
3 16 -4.9751 17 12.0107 -7.2 22.7 11 -5.8 22.6 11.8
3 16 -7.2 22.7 11 -4.9751 17 12.0107 -7.9 22 10.5
3 16 12.5 19.6 3.8 12.0107 17 4.9751 12.1 20 4.8
3 16 12.1 20 4.8 12.0107 17 4.9751 11.8 19.8 5.5
3 16 12.8 18.8 2.8 12.0107 17 4.9751 12.5 19.6 3.8
3 16 12.8 18.8 2.8 13 19.4 1.1 13 17.3 -0.8
3 16 12.8 18.8 2.8 13 17.3 -0.8 12.9 15.8 -1.2
3 16 13.1 18.8 -0.2 13 17.3 -0.8 13 19.4 1.1
4 16 4.9751 17 12.0107 9.1923 17 9.1923 9.1923 4 9.1923 4.9751 4 12.0107
3 16 11 5 -7 10.7 4 -7.6 12.6 0.5 -3.6
2 24 -9.9 21 8.6 -9.5 21.5 9.1
2 24 -10.5 20.9 7.9 -9.9 21 8.6
2 24 -9.5 21.5 9.1 -8.5 22 10
2 24 -8.5 22 10 -7.9 22 10.5
2 24 -11.1 20.6 7 -10.5 20.9 7.9
2 24 -11.7 19.9 6.1 -11.1 20.6 7
2 24 -12.1 20.1 5 -11.7 19.9 6.1
2 24 -10.7 13.9 -7.4 -11.5 16.8 -6.3
2 24 -11.7 19.1 -5.9 -12.4 19.6 -4.5
2 24 -11.5 16.8 -6.3 -11.7 19.1 -5.9
2 24 -12.4 19.6 -4.5 -13 20.1 -1.4
2 24 -12.5 19.9 4 -12.1 20.1 5
2 24 -12.9 19.9 2.7 -12.5 19.9 4
2 24 -13 19.4 1.1 -12.9 19.9 2.7
2 24 -13.1 19.9 0.2 -13 19.4 1.1
2 24 -13 20.1 -1.4 -13.1 19.9 0.2
2 24 -8.9 7.7 -9.6 -10 10.6 -8.4
2 24 -6.9 -0.8 -9.9 -8.5 4.9 -9.9
2 24 -8.4 6.4 -10.1 -8.9 7.7 -9.6
2 24 -8.5 4.9 -9.9 -7.7 4.9 -10.5
2 24 -7.7 4.9 -10.5 -8.4 6.4 -10.1
2 24 -10 10.6 -8.4 -10.1 11.7 -8.3
2 24 -10.1 11.7 -8.3 -10.7 13.9 -7.4
2 24 0 0 -9 0 -2.3 -9
2 24 7.9 -3.2 -4.6 8.3151 -4.5 -3.4443
2 24 8.2 0.1 -5.6 7.9 -3.2 -4.6
2 24 8.3151 0 -3.4443 8.2 0.1 -5.6
2 24 0 -2.3 -9 -0.7 -2.3 -10
2 24 -2.4 -2.5 -9.9 -5.4 -1.6 -9.9
2 24 -0.7 -2.3 -10 -2.4 -2.5 -9.9
2 24 -5.4 -1.6 -9.9 -6.9 -0.8 -9.9
2 24 12.7 12.4 -2.8 12.3 9.2 -4.4
2 24 12.8 14.4 -2.3 12.7 12.4 -2.8
2 24 12.9 15.8 -1.2 12.8 14.4 -2.3
2 24 13 17.3 -0.8 12.9 15.8 -1.2
2 24 11.5 20.6 6.3 11.8 19.8 5.5
2 24 11.2 20.7 6.8 11.5 20.6 6.3
2 24 10.7 20.5 7.5 11.2 20.7 6.8
2 24 10.2 21.2 8.2 10.7 20.5 7.5
2 24 9.5 21.4 9.1 10.2 21.2 8.2
2 24 12.3 9.2 -4.4 11.6 6.9 -6
2 24 8.7 21.1 9.7 9.5 21.4 9.1
2 24 7.8 22 10.5 8.7 21.1 9.7
2 24 7.2 22.3 11 7.8 22 10.5
2 24 6.4 22.2 11.5 7.2 22.3 11
2 24 5.6 22.7 11.8 6.4 22.2 11.5
2 24 4.5 22.8 12.3 5.6 22.7 11.8
2 24 3.7 22.3 12.6 4.5 22.8 12.3
2 24 2.7 22.9 12.9 3.7 22.3 12.6
2 24 1.5 23 13.1 2.7 22.9 12.9
2 24 0.8 22.8 13.1 1.5 23 13.1
2 24 -0.2 22.9 13.2 0.8 22.8 13.1
2 24 -1.3 22.8 13.1 -0.2 22.9 13.2
2 24 -2.2 22.4 13 -1.3 22.8 13.1
2 24 -2.9 22.7 12.8 -2.2 22.4 13
2 24 -4.1 22.5 12.5 -2.9 22.7 12.8
2 24 -5 22.2 12.2 -4.1 22.5 12.5
2 24 -5.8 22.6 11.8 -5 22.2 12.2
2 24 -7.2 22.7 11 -5.8 22.6 11.8
2 24 -7.9 22 10.5 -7.2 22.7 11
2 24 12.1 20 4.8 12.5 19.6 3.8
2 24 11.8 19.8 5.5 12.1 20 4.8
2 24 12.5 19.6 3.8 12.8 18.8 2.8
2 24 12.8 18.8 2.8 13 19.4 1.1
2 24 13.1 18.8 -0.2 13 17.3 -0.8
2 24 13 19.4 1.1 13.1 18.8 -0.2
2 24 11 5 -7 11.6 6.9 -6

3 16 7.4 0.2 -6.8 8.2 0.1 -5.6 8.9 0.9 -7.1
3 16 7.4 0.2 -6.8 6.3639 0 -6.3639 8.2 0.1 -5.6
3 16 8.2 0.1 -5.6 6.3639 0 -6.3639 8.3151 0 -3.4443
3 16 8.9 0.9 -7.1 8.2 0.1 -5.6 9.7 0.5 -6.1
3 16 9.7 0.5 -6.1 10.7 4 -7.6 9.3 2.1 -8.4
3 16 9.3 2.1 -8.4 8.9 0.9 -7.1 9.7 0.5 -6.1
3 16 8.9 0.9 -7.1 9.3 2.1 -8.4 7.6 1.1 -8.6
3 16 7.6 1.1 -8.6 7.4 0.2 -6.8 8.9 0.9 -7.1
3 16 6.3639 0 -6.3639 7.4 0.2 -6.8 3.4443 0 -8.3151
3 16 3.4443 0 -8.3151 7.4 0.2 -6.8 5.2 0.4 -8.6
3 16 5.2 0.4 -8.6 5.1 0.7 -9.3 3.7722 0.4 -9.7576
3 16 0 0 -9 3.4443 0 -8.3151 2.4 0.3 -9.7
4 16 2.4 0.3 -9.7 1.2 0.4 -10.2 -0.7 0.3 -10.1 0 0 -9
3 16 1 0.8 -10.7 -0.7 0.3 -10.1 1.2 0.4 -10.2
3 16 1.2 0.4 -10.2 2.4 0.3 -9.7 1 0.8 -10.7
3 16 -0.5 0.9 -11.1 -0.7 0.3 -10.1 1 0.8 -10.7
3 16 -0.5 0.9 -11.1 -2.2 1.4 -11.6 -0.7 0.3 -10.1
3 16 -0.7 0.3 -10.1 -2.2 1.4 -11.6 -2.9 0.6 -10.4
3 16 -2.2 1.4 -11.6 -4.6 2.5 -12 -2.9 0.6 -10.4
3 16 -2.9 0.6 -10.4 -4.6 2.5 -12 -5 0.9 -10.3
3 16 -4.6 2.5 -12 -6.8 2.1 -10.4 -5 0.9 -10.3
3 16 -6.1 3.5 -11.4 -6.8 2.1 -10.4 -4.6 2.5 -12
3 16 -6.1 3.5 -11.4 -7.7 4.9 -10.5 -6.8 2.1 -10.4
3 16 -6.8 2.1 -10.4 -7.7 4.9 -10.5 -8.5 4.9 -9.9
3 16 1 0.8 -10.7 2.4 0.3 -9.7 2.8 1 -10.7
3 16 2.4 0.3 -9.7 4.1 0.8 -10.4 2.8 1 -10.7
3 16 3.7722 0.4 -9.7576 4.1 0.8 -10.4 2.4 0.3 -9.7
3 16 3.4443 0 -8.3151 3.7722 0.4 -9.7576 2.4 0.3 -9.7
3 16 3.7722 0.4 -9.7576 3.4443 0 -8.3151 5.2 0.4 -8.6
3 16 4.1 0.8 -10.4 3.7722 0.4 -9.7576 5.1 0.7 -9.3
3 16 5.1 0.7 -9.3 5.2 0.4 -8.6 5.5 0.7 -9
3 16 5.2 0.4 -8.6 5.9 0.6 -8.6 5.5 0.7 -9
3 16 7.4 0.2 -6.8 5.9 0.6 -8.6 5.2 0.4 -8.6
3 16 7.6 1.1 -8.6 5.9 0.6 -8.6 7.4 0.2 -6.8
3 16 0 -2.3 -9 0 0 -9 -0.7 -2.3 -10
3 16 -0.7 -2.3 -10 0 0 -9 -0.7 0.3 -10.1
3 16 -0.7 -2.3 -10 -0.7 0.3 -10.1 -2.4 -2.5 -9.9
3 16 -2.4 -2.5 -9.9 -0.7 0.3 -10.1 -2.9 0.6 -10.4
3 16 -2.4 -2.5 -9.9 -2.9 0.6 -10.4 -5.4 -1.6 -9.9
3 16 -5.4 -1.6 -9.9 -2.9 0.6 -10.4 -5 0.9 -10.3
3 16 -5 0.9 -10.3 -6.8 2.1 -10.4 -5.4 -1.6 -9.9
3 16 -5.4 -1.6 -9.9 -6.8 2.1 -10.4 -6.9 -0.8 -9.9
3 16 -6.9 -0.8 -9.9 -6.8 2.1 -10.4 -8.5 4.9 -9.9
4 16 9 -1.9 -9.8 11.5 -0.7 -9.7 12.6 -2.4 -8.2 9.8 -3.8 -8.3
3 16 9.8 -3.8 -8.3 7.1 -2.8 -9.1 9 -1.9 -9.8
3 16 7.8 -4.5 -7.9 7.1 -2.8 -9.1 9.8 -3.8 -8.3
3 16 12.6 -2.4 -8.2 11.5 -0.7 -9.7 14.2 0.6 -7.2
3 16 14.2 0.6 -7.2 11.5 -0.7 -9.7 12.7 2.2 -8.7
3 16 14.2 0.6 -7.2 12.7 2.2 -8.7 14.5 3.9 -5.9
3 16 14.5 3.9 -5.9 12.7 2.2 -8.7 13.1 4.8 -7.1
3 16 13.1 4.8 -7.1 15.4 5.7 -5.6 14.5 3.9 -5.9
3 16 14.1 6.6 -6.9 15.4 5.7 -5.6 13.1 4.8 -7.1
3 16 15.3 9.1 -5.9 15.4 5.7 -5.6 14.1 6.6 -6.9
3 16 16.4 8.4 -4.6 15.4 5.7 -5.6 15.3 9.1 -5.9
3 16 15.4 12 -4.1 16.4 8.4 -4.6 15.3 9.1 -5.9
3 16 16.3 11.3 -2 16.4 8.4 -4.6 15.4 12 -4.1
3 16 15.4 12 -4.1 16.1 12.8 -2.1 16.3 11.3 -2
3 16 15.4 12 -4.1 15.5 13.8 -3.4 16.1 12.8 -2.1
3 16 16.1 12.8 -2.1 15.5 13.8 -3.4 16.3 14.8 -1.7
3 16 9 -1.9 -9.8 7.1 -2.8 -9.1 6.7 -1.6 -9.2
3 16 9.9 -4.4 -7 7.8 -4.5 -7.9 9.8 -3.8 -8.3
3 16 12.6 -2.4 -8.2 9.9 -4.4 -7 9.8 -3.8 -8.3
3 16 12.5 -3 -5.9 9.9 -4.4 -7 12.6 -2.4 -8.2
3 16 12.5 -3 -5.9 12.6 -2.4 -8.2 13.8 -1.3 -5
3 16 13.8 -1.3 -5 12.6 -2.4 -8.2 14.2 0.6 -7.2
3 16 13.8 -1.3 -5 14.2 0.6 -7.2 14.4 0.7 -4.6
3 16 14.5 3.9 -5.9 14.4 0.7 -4.6 14.2 0.6 -7.2
3 16 14.9 3.1 -4.4 14.4 0.7 -4.6 14.5 3.9 -5.9
3 16 14.5 3.9 -5.9 15.5 5.1 -3.9 14.9 3.1 -4.4
3 16 15.4 5.7 -5.6 15.5 5.1 -3.9 14.5 3.9 -5.9
4 16 15.5 5.1 -3.9 15.4 5.7 -5.6 16.4 8.4 -4.6 16.4 7.6 -3.1
3 16 16.4 7.6 -3.1 16.4 8.4 -4.6 16.7 9.7 -2.2
3 16 16.7 9.7 -2.2 16.4 8.4 -4.6 16.3 11.3 -2
3 16 7.8 -4.5 -7.9 9.9 -4.4 -7 8.1 -5 -7.4
3 16 8.1 -5 -7.4 9.9 -4.4 -7 10.3 -5.2 -6.3
3 16 9.9 -4.4 -7 12.4 -4.8 -5.5 10.3 -5.2 -6.3
3 16 12.5 -3 -5.9 12.4 -4.8 -5.5 9.9 -4.4 -7
3 16 13.7 -3.4 -4.8 12.4 -4.8 -5.5 12.5 -3 -5.9
3 16 13.8 -1.3 -5 13.7 -3.4 -4.8 12.5 -3 -5.9
3 16 14.4 -2 -4.1 13.7 -3.4 -4.8 13.8 -1.3 -5
4 16 14.4 0.7 -4.6 15.1 0.3 -3.6 14.4 -2 -4.1 13.8 -1.3 -5
3 16 15.1 0.3 -3.6 14.4 0.7 -4.6 15.8 2.5 -3.5
3 16 15.8 2.5 -3.5 14.4 0.7 -4.6 14.9 3.1 -4.4
3 16 14.9 3.1 -4.4 15.5 5.1 -3.9 15.8 2.5 -3.5
3 16 15.8 2.5 -3.5 15.5 5.1 -3.9 17.1 5.1 -2.5
3 16 15.5 5.1 -3.9 16.4 7.6 -3.1 17.1 5.1 -2.5
3 16 17.1 5.1 -2.5 16.4 7.6 -3.1 17.8 7.7 -1.8
3 16 16.4 7.6 -3.1 16.7 9.7 -2.2 17.8 7.7 -1.8
3 16 17.8 7.7 -1.8 16.7 9.7 -2.2 17.6 9.5 -1.7
3 16 16.7 9.7 -2.2 16.8 11.4 -1.4 17.6 9.5 -1.7
3 16 16.3 11.3 -2 16.8 11.4 -1.4 16.7 9.7 -2.2
3 16 10.3 -5.2 -6.3 12.4 -4.8 -5.5 10.6 -6.3 -4.5
3 16 10.6 -6.3 -4.5 12.4 -4.8 -5.5 12.6 -5.6 -3.8
3 16 13.7 -3.4 -4.8 12.6 -5.6 -3.8 12.4 -4.8 -5.5
3 16 14 -4.1 -2.8 12.6 -5.6 -3.8 13.7 -3.4 -4.8
3 16 14.4 -2 -4.1 14 -4.1 -2.8 13.7 -3.4 -4.8
3 16 14.7 -2.6 -1.7 14 -4.1 -2.8 14.4 -2 -4.1
4 16 15.4 -0.4 -1.1 14.7 -2.6 -1.7 14.4 -2 -4.1 15.1 0.3 -3.6
3 16 15.4 -0.4 -1.1 15.1 0.3 -3.6 16.2 1.6 -1
3 16 16.2 1.6 -1 15.1 0.3 -3.6 15.8 2.5 -3.5
3 16 17.1 5.1 -2.5 16.2 1.6 -1 15.8 2.5 -3.5
3 16 17.2 4.4 -0.3 16.2 1.6 -1 17.1 5.1 -2.5
3 16 17.1 5.1 -2.5 18.1 7.3 0.1 17.2 4.4 -0.3
3 16 17.8 7.7 -1.8 18.1 7.3 0.1 17.1 5.1 -2.5
3 16 18.1 7.3 0.1 17.8 7.7 -1.8 18 9 0.4
3 16 18 9 0.4 17.8 7.7 -1.8 17.6 9.5 -1.7
3 16 17.6 9.5 -1.7 17.8 11 1 18 9 0.4
3 16 16.8 11.4 -1.4 17.8 11 1 17.6 9.5 -1.7
3 16 10.3 -5.2 -6.3 8.2 -5.5 -6.9 8.1 -5 -7.4
3 16 8.2 -5.5 -6.9 10.3 -5.2 -6.3 8.2 -6 -6.2
4 16 8.2 -6 -6.2 10.3 -5.2 -6.3 10.6 -6.3 -4.5 8.2 -6.6 -5.3
3 16 17.6 12.6 1.2 17.8 11 1 16.8 12.7 -1.1
3 16 16.8 12.7 -1.1 17.8 11 1 16.8 11.4 -1.4
3 16 17.4 14.4 -0.7 17.6 12.6 1.2 16.8 12.7 -1.1
3 16 17.9 14.1 1.6 17.6 12.6 1.2 17.4 14.4 -0.7
3 16 17.4 14.4 -0.7 17.4 15.9 -0.6 17.9 14.1 1.6
3 16 17.9 14.1 1.6 17.4 15.9 -0.6 17.6 16.7 1.5
3 16 17.4 15.9 -0.6 16.7 17.6 -0.5 17.6 16.7 1.5
3 16 17.6 16.7 1.5 16.7 17.6 -0.5 16.9 18.8 1.5
3 16 16.9 18.8 1.5 16.7 17.6 -0.5 16.3 19.3 -0.6
3 16 16.2 20.4 0.3 16.9 18.8 1.5 16.3 19.3 -0.6
3 16 16.2 20.4 0.3 16.5 21.2 1.9 16.9 18.8 1.5
3 16 16.8 12.7 -1.1 16.8 11.4 -1.4 16.1 12.8 -2.1
3 16 16.1 12.8 -2.1 16.8 11.4 -1.4 16.3 11.3 -2
3 16 16.3 14.8 -1.7 16.8 12.7 -1.1 16.1 12.8 -2.1
3 16 17.4 14.4 -0.7 16.8 12.7 -1.1 16.3 14.8 -1.7
3 16 17.4 14.4 -0.7 16.3 14.8 -1.7 17.4 15.9 -0.6
3 16 17.4 15.9 -0.6 16.3 14.8 -1.7 14.8 15.7 -1.7
3 16 14.9 17.3 -1 17.4 15.9 -0.6 14.8 15.7 -1.7
3 16 16.7 17.6 -0.5 17.4 15.9 -0.6 14.9 17.3 -1
3 16 12.9 15.8 -1.2 14.9 17.3 -1 14.8 15.7 -1.7
3 16 13 17.3 -0.8 14.9 17.3 -1 12.9 15.8 -1.2
3 16 13.1 18.8 -0.2 14.9 17.3 -1 13 17.3 -0.8
3 16 14.9 19.3 -1 14.9 17.3 -1 13.1 18.8 -0.2
4 16 14.9 19.3 -1 16.3 19.3 -0.6 16.7 17.6 -0.5 14.9 17.3 -1
3 16 16.3 19.3 -0.6 14.9 19.3 -1 15.4 21.2 -0.1
3 16 15.4 21.2 -0.1 16.2 20.4 0.3 16.3 19.3 -0.6
3 16 13.1 18.8 -0.2 14.1 21.3 0.6 14.9 19.3 -1
3 16 14.9 19.3 -1 14.1 21.3 0.6 15.4 21.2 -0.1
3 16 16.2 20.4 0.3 15.4 21.2 -0.1 16.5 21.2 1.9
3 16 16.5 21.2 1.9 15.4 21.2 -0.1 16 21.9 2.3
3 16 15.4 21.2 -0.1 14.1 21.3 0.6 16 21.9 2.3
3 16 16 21.9 2.3 14.1 21.3 0.6 15.2 22 2.6
3 16 14.1 21.3 0.6 13.7 20.6 2.7 15.2 22 2.6
3 16 14.1 21.3 0.6 13 19.4 1.1 13.7 20.6 2.7
3 16 13 19.4 1.1 14.1 21.3 0.6 13.1 18.8 -0.2
3 16 13.7 20.6 2.7 13 19.4 1.1 12.8 18.8 2.8
3 16 13.9 -4.3 -2.2 14 -4.1 -2.8 14.7 -2.6 -1.7
3 16 13.9 -4.3 -2.2 12.6 -5.5 -2.9 14 -4.1 -2.8
3 16 14 -4.1 -2.8 12.6 -5.5 -2.9 12.6 -5.6 -3.8
3 16 12.6 -5.5 -2.9 10.5 -6.3 -3.6 12.6 -5.6 -3.8
3 16 12.6 -5.6 -3.8 10.5 -6.3 -3.6 10.6 -6.3 -4.5
3 16 8.4 -6.9 -4.8 10.6 -6.3 -4.5 10.5 -6.3 -3.6
3 16 8.2 -6.6 -5.3 10.6 -6.3 -4.5 8.4 -6.9 -4.8
3 16 12.6 -5.5 -2.9 13.9 -4.3 -2.2 12.7 -6.1 -2.1
3 16 12.7 -6.1 -2.1 13.9 -4.3 -2.2 14.4 -4.9 -1.4
3 16 12.7 -6.1 -2.1 10.6 -6.7 -3 12.6 -5.5 -2.9
3 16 12.6 -5.5 -2.9 10.6 -6.7 -3 10.5 -6.3 -3.6
3 16 10.6 -6.7 -3 8.4 -7.1 -3.9 10.5 -6.3 -3.6
3 16 10.5 -6.3 -3.6 8.4 -7.1 -3.9 8.4 -6.9 -4.8
3 16 13.9 -4.3 -2.2 15.3 -3.3 -0.9 14.4 -4.9 -1.4
3 16 14.7 -2.6 -1.7 15.3 -3.3 -0.9 13.9 -4.3 -2.2
3 16 15.3 -3.3 -0.9 14.7 -2.6 -1.7 15.9 -1 -0.2
3 16 15.9 -1 -0.2 14.7 -2.6 -1.7 15.4 -0.4 -1.1
3 16 15.9 -1 -0.2 15.4 -0.4 -1.1 16.8 1 -0.1
3 16 16.8 1 -0.1 15.4 -0.4 -1.1 16.2 1.6 -1
3 16 16.8 1 -0.1 16.2 1.6 -1 18 3.7 0.6
3 16 18 3.7 0.6 16.2 1.6 -1 17.2 4.4 -0.3
3 16 17.2 4.4 -0.3 19.2 6.6 0.8 18 3.7 0.6
3 16 18.1 7.3 0.1 19.2 6.6 0.8 17.2 4.4 -0.3
3 16 19.2 6.6 0.8 18.1 7.3 0.1 19.4 8.1 1.2
3 16 19.4 8.1 1.2 18.1 7.3 0.1 18 9 0.4
3 16 18 9 0.4 19.5 9.5 2.2 19.4 8.1 1.2
3 16 17.8 11 1 19.5 9.5 2.2 18 9 0.4
3 16 18.6 11.7 2.6 19.5 9.5 2.2 17.8 11 1
3 16 19.4 10.7 3.1 19.5 9.5 2.2 18.6 11.7 2.6
3 16 18.6 11.7 3.9 19.4 10.7 3.1 18.6 11.7 2.6
3 16 19.3 10.6 3.8 19.4 10.7 3.1 18.6 11.7 3.9
3 16 12.6 -6.5 -0.5 14.4 -5.5 0.2 13.8 -5.5 1.8
3 16 13.8 -5.5 1.8 12.3 -6.3 1 12.6 -6.5 -0.5
3 16 10.1 -6.9 -0.1 12.6 -6.5 -0.5 12.3 -6.3 1
3 16 10.4 -7 -1.5 12.6 -6.5 -0.5 10.1 -6.9 -0.1
3 16 14.4 -5.5 0.2 15.3 -3.8 0.8 15.1 -4.2 2.3
3 16 15.1 -4.2 2.3 13.8 -5.5 1.8 14.4 -5.5 0.2
4 16 15.1 -4.2 2.3 15.3 -3.8 0.8 16.2 -1.7 1.3 16 -2.1 2.9
3 16 16 -2.1 2.9 16.2 -1.7 1.3 16.8 0.2 3.3
3 16 16.8 0.2 3.3 16.2 -1.7 1.3 16.8 0.6 1.6
3 16 16.8 0.6 1.6 17.6 2.3 3.7 16.8 0.2 3.3
3 16 18.2 3.3 2.3 17.6 2.3 3.7 16.8 0.6 1.6
3 16 17.6 2.3 3.7 18.2 3.3 2.3 18.6 4.7 4.2
3 16 18.6 4.7 4.2 18.2 3.3 2.3 19.1 5.9 2.6
3 16 19.1 5.9 2.6 19.1 7.1 3.7 18.6 4.7 4.2
3 16 19.5 7.5 2.5 19.1 7.1 3.7 19.1 5.9 2.6
3 16 14.4 -5.5 0.2 14.4 -4.9 -1.4 15.3 -3.8 0.8
3 16 15.3 -3.8 0.8 14.4 -4.9 -1.4 15.3 -3.3 -0.9
3 16 15.3 -3.3 -0.9 16.2 -1.7 1.3 15.3 -3.8 0.8
3 16 15.9 -1 -0.2 16.2 -1.7 1.3 15.3 -3.3 -0.9
3 16 16.2 -1.7 1.3 15.9 -1 -0.2 16.8 0.6 1.6
3 16 16.8 0.6 1.6 15.9 -1 -0.2 16.8 1 -0.1
3 16 18.2 3.3 2.3 16.8 0.6 1.6 18 3.7 0.6
3 16 18 3.7 0.6 16.8 0.6 1.6 16.8 1 -0.1
3 16 18.2 3.3 2.3 18 3.7 0.6 19.1 5.9 2.6
3 16 19.1 5.9 2.6 18 3.7 0.6 19.2 6.6 0.8
3 16 19.2 6.6 0.8 19.5 7.5 2.5 19.1 5.9 2.6
3 16 19.4 8.1 1.2 19.5 7.5 2.5 19.2 6.6 0.8
4 16 19.6 9 3 19.3 8.7 3.9 19.1 7.1 3.7 19.5 7.5 2.5
3 16 19.3 10.6 3.8 19.6 9 3 19.4 10.7 3.1
3 16 19.4 10.7 3.1 19.6 9 3 19.5 9.5 2.2
3 16 19.6 9 3 19.5 7.5 2.5 19.5 9.5 2.2
3 16 19.5 9.5 2.2 19.5 7.5 2.5 19.4 8.1 1.2
4 16 19.6 9 3 19.3 10.6 3.8 19.1 10.3 4.4 19.3 8.7 3.9
3 16 14.4 -5.5 0.2 12.6 -6.5 -0.5 14.4 -4.9 -1.4
3 16 14.4 -4.9 -1.4 12.6 -6.5 -0.5 12.7 -6.1 -2.1
3 16 12.6 -6.5 -0.5 10.4 -7 -1.5 12.7 -6.1 -2.1
3 16 12.7 -6.1 -2.1 10.4 -7 -1.5 10.6 -6.7 -3
3 16 10.4 -7 -1.5 8.3 -7.4 -2.7 10.6 -6.7 -3
3 16 10.4 -7 -1.5 8.3 -7.4 -1.8 8.3 -7.4 -2.7
3 16 10.6 -6.7 -3 8.3 -7.4 -2.7 8.4 -7.1 -3.9
3 16 8.3 -7.4 -1.8 10.4 -7 -1.5 8.3 -7.4 -0.9
3 16 8.3 -7.4 -0.9 10.4 -7 -1.5 10.1 -6.9 -0.1
3 16 17.9 10.9 5.1 19.1 10.3 4.4 18.6 11.7 3.9
3 16 18.6 11.7 3.9 19.1 10.3 4.4 19.3 10.6 3.8
3 16 17.9 10.9 5.1 18.2 8.9 5.2 19.1 10.3 4.4
3 16 19.1 10.3 4.4 18.2 8.9 5.2 19.3 8.7 3.9
3 16 18.2 7.4 5.1 19.3 8.7 3.9 18.2 8.9 5.2
3 16 19.1 7.1 3.7 19.3 8.7 3.9 18.2 7.4 5.1
3 16 18.2 7.4 5.1 18 5 5 19.1 7.1 3.7
3 16 19.1 7.1 3.7 18 5 5 18.6 4.7 4.2
3 16 18 5 5 17.1 2.2 4.8 18.6 4.7 4.2
3 16 18.6 4.7 4.2 17.1 2.2 4.8 17.6 2.3 3.7
3 16 17.1 2.2 4.8 16.8 0.2 3.3 17.6 2.3 3.7
3 16 16.3 0.1 4.5 16.8 0.2 3.3 17.1 2.2 4.8
3 16 16.3 0.1 4.5 16 -2.1 2.9 16.8 0.2 3.3
3 16 15.4 -2.2 4.2 16 -2.1 2.9 16.3 0.1 4.5
3 16 15.4 -2.2 4.2 14.4 -4 3.4 15.1 -4.2 2.3
3 16 15.1 -4.2 2.3 16 -2.1 2.9 15.4 -2.2 4.2
3 16 14.4 -4 3.4 13.1 -5.1 2.6 13.8 -5.5 1.8
3 16 13.8 -5.5 1.8 15.1 -4.2 2.3 14.4 -4 3.4
3 16 13.1 -5.1 2.6 11.9 -5.9 1.8 13.8 -5.5 1.8
3 16 13.8 -5.5 1.8 11.9 -5.9 1.8 12.3 -6.3 1
3 16 9.9 -6.7 0.5 12.3 -6.3 1 11.9 -5.9 1.8
3 16 10.1 -6.9 -0.1 12.3 -6.3 1 9.9 -6.7 0.5
3 16 9.9 -6.7 0.5 8.3 -7.4 -0.9 10.1 -6.9 -0.1
3 16 14.8 15.7 -1.7 16.3 14.8 -1.7 15.5 13.8 -3.4
3 16 15.5 13.8 -3.4 14.3 14.5 -3.1 14.8 15.7 -1.7
3 16 14.3 14.5 -3.1 12.8 14.4 -2.3 12.9 15.8 -1.2
3 16 12.9 15.8 -1.2 14.8 15.7 -1.7 14.3 14.5 -3.1
3 16 12.7 12.4 -2.8 13.9 12.5 -3.7 12.3 9.2 -4.4
3 16 12.3 9.2 -4.4 13.9 12.5 -3.7 13.6 9.4 -5.4
3 16 12.3 9.2 -4.4 13.6 9.4 -5.4 11.6 6.9 -6
3 16 11.6 6.9 -6 13.6 9.4 -5.4 12.8 6.9 -6.7
3 16 12.8 6.9 -6.7 12 5 -7.2 11.6 6.9 -6
3 16 11.6 6.9 -6 12 5 -7.2 11 5 -7
3 16 11 5 -7 12 5 -7.2 10.7 4 -7.6
3 16 10.7 4 -7.6 12 5 -7.2 11.5 3.2 -8.4
3 16 10.7 4 -7.6 11.5 3.2 -8.4 9.3 2.1 -8.4
3 16 9.3 2.1 -8.4 11.5 3.2 -8.4 10.2 1 -9.4
3 16 10.2 1 -9.4 8.1 -0.1 -9.5 9.3 2.1 -8.4
3 16 9.3 2.1 -8.4 8.1 -0.1 -9.5 7.6 1.1 -8.6
3 16 8.1 -0.1 -9.5 6.3 -0.3 -9.3 7.6 1.1 -8.6
3 16 7.6 1.1 -8.6 6.3 -0.3 -9.3 5.9 0.6 -8.6
3 16 13.9 12.5 -3.7 15.4 12 -4.1 13.6 9.4 -5.4
3 16 13.6 9.4 -5.4 15.4 12 -4.1 15.3 9.1 -5.9
3 16 12.8 6.9 -6.7 13.6 9.4 -5.4 14.1 6.6 -6.9
3 16 14.1 6.6 -6.9 13.6 9.4 -5.4 15.3 9.1 -5.9
3 16 12 5 -7.2 12.8 6.9 -6.7 13.1 4.8 -7.1
3 16 13.1 4.8 -7.1 12.8 6.9 -6.7 14.1 6.6 -6.9
3 16 12 5 -7.2 13.1 4.8 -7.1 11.5 3.2 -8.4
3 16 11.5 3.2 -8.4 13.1 4.8 -7.1 12.7 2.2 -8.7
3 16 11.5 3.2 -8.4 12.7 2.2 -8.7 10.2 1 -9.4
3 16 10.2 1 -9.4 12.7 2.2 -8.7 11.5 -0.7 -9.7
4 16 8.1 -0.1 -9.5 10.2 1 -9.4 11.5 -0.7 -9.7 9 -1.9 -9.8
3 16 9 -1.9 -9.8 6.7 -1.6 -9.2 8.1 -0.1 -9.5
3 16 8.1 -0.1 -9.5 6.7 -1.6 -9.2 6.3 -0.3 -9.3
3 16 13.9 12.5 -3.7 15.5 13.8 -3.4 15.4 12 -4.1
3 16 14.3 14.5 -3.1 15.5 13.8 -3.4 13.9 12.5 -3.7
3 16 13.9 12.5 -3.7 12.7 12.4 -2.8 14.3 14.5 -3.1
3 16 14.3 14.5 -3.1 12.7 12.4 -2.8 12.8 14.4 -2.3
3 16 18.6 12.8 2.5 18.6 11.7 2.6 17.6 12.6 1.2
3 16 17.6 12.6 1.2 18.6 11.7 2.6 17.8 11 1
3 16 17.9 14.1 1.6 18.6 12.8 2.5 17.6 12.6 1.2
3 16 18.9 14.1 2.5 18.6 12.8 2.5 17.9 14.1 1.6
3 16 18.9 14.1 2.5 17.9 14.1 1.6 18.6 16.7 2.3
3 16 18.6 16.7 2.3 17.9 14.1 1.6 17.6 16.7 1.5
3 16 17.6 16.7 1.5 18 18.7 2.2 18.6 16.7 2.3
3 16 16.9 18.8 1.5 18 18.7 2.2 17.6 16.7 1.5
3 16 16.9 18.8 1.5 17.6 21.3 2.6 18 18.7 2.2
3 16 16.5 21.2 1.9 17.6 21.3 2.6 16.9 18.8 1.5
3 16 18.6 11.7 2.6 18.6 12.8 2.5 18.6 11.7 3.9
3 16 18.6 11.7 3.9 18.6 12.8 2.5 18.7 12.9 4.4
3 16 18.9 14.1 2.5 18.7 12.9 4.4 18.6 12.8 2.5
3 16 18.9 14.3 4.8 18.7 12.9 4.4 18.9 14.1 2.5
3 16 18.9 14.3 4.8 18.9 14.1 2.5 18.7 16.7 4.7
3 16 18.7 16.7 4.7 18.9 14.1 2.5 18.6 16.7 2.3
3 16 18.7 16.7 4.7 18.6 16.7 2.3 18.2 18.7 4.6
3 16 18.2 18.7 4.6 18.6 16.7 2.3 18 18.7 2.2
3 16 18 18.7 2.2 17.6 21.3 2.6 18 21.3 3.9
3 16 18 21.3 3.9 18.2 18.7 4.6 18 18.7 2.2
3 16 18 21.3 3.9 17.6 21.1 5.1 18.2 18.7 4.6
3 16 17.9 10.9 5.1 18.6 11.7 3.9 17.9 12.5 5.3
3 16 17.9 12.5 5.3 18.6 11.7 3.9 18.7 12.9 4.4
3 16 17.9 12.5 5.3 18.7 12.9 4.4 18.2 14.1 5.6
3 16 18.2 14.1 5.6 18.7 12.9 4.4 18.9 14.3 4.8
3 16 18.2 14.1 5.6 18.9 14.3 4.8 18.1 16.7 5.6
3 16 18.1 16.7 5.6 18.9 14.3 4.8 18.7 16.7 4.7
3 16 18.7 16.7 4.7 18.2 18.7 4.6 18.1 16.7 5.6
3 16 18.1 16.7 5.6 18.2 18.7 4.6 17.7 18.7 5.5
3 16 17.6 21.1 5.1 17.7 18.7 5.5 18.2 18.7 4.6
3 16 16.8 20.9 5.8 17.7 18.7 5.5 17.6 21.1 5.1
3 16 15.5 -1.7 8.7 14.8 -3.5 8.1 16.2 -1.4 6.6
3 16 16.2 -1.4 6.6 14.8 -3.5 8.1 15.8 -3 5.8
3 16 16.2 -1.4 6.6 15.7 0.5 9.2 15.5 -1.7 8.7
3 16 16.3 1.5 7.5 15.7 0.5 9.2 16.2 -1.4 6.6
3 16 16.3 1.5 7.5 16.1 3.4 9.8 15.7 0.5 9.2
3 16 14.8 -3.5 8.1 13.6 -4.9 6.9 15.8 -3 5.8
3 16 15.8 -3 5.8 13.6 -4.9 6.9 14.6 -4.7 4.7
3 16 13.6 -4.9 6.9 12.2 -5.7 5.8 14.6 -4.7 4.7
3 16 14.6 -4.7 4.7 12.2 -5.7 5.8 13.1 -5.7 3.7
3 16 12.2 -5.7 5.8 10.2 -6.3 4.1 13.1 -5.7 3.7
3 16 13.1 -5.7 3.7 10.2 -6.3 4.1 10.7 -6.5 2.1
3 16 10.2 -6.3 4.1 8 -7.1 2.7 10.7 -6.5 2.1
3 16 10.7 -6.5 2.1 8 -7.1 2.7 8.1 -7.1 1.4
3 16 10.7 -6.5 2.1 8.1 -7.1 1.4 8.2 -7.3 0.1
3 16 15.8 -3 5.8 15.4 -2.2 4.2 16.2 -1.4 6.6
3 16 16.2 -1.4 6.6 15.4 -2.2 4.2 16 -0.2 5.4
3 16 16 -0.2 5.4 16.3 1.5 7.5 16.2 -1.4 6.6
3 16 15.8 -3 5.8 14.6 -4.7 4.7 15.4 -2.2 4.2
3 16 15.4 -2.2 4.2 14.6 -4.7 4.7 14.4 -4 3.4
3 16 14.6 -4.7 4.7 13.1 -5.7 3.7 14.4 -4 3.4
3 16 14.4 -4 3.4 13.1 -5.7 3.7 13.1 -5.1 2.6
3 16 13.1 -5.7 3.7 11.9 -5.9 1.8 13.1 -5.1 2.6
3 16 10.7 -6.5 2.1 11.9 -5.9 1.8 13.1 -5.7 3.7
3 16 10.7 -6.5 2.1 9.9 -6.7 0.5 11.9 -5.9 1.8
3 16 10.7 -6.5 2.1 8.2 -7.3 0.1 9.9 -6.7 0.5
3 16 9.9 -6.7 0.5 8.2 -7.3 0.1 8.3 -7.4 -0.9
3 16 16.3 0.3 5.1 16 -0.2 5.4 15.4 -2.2 4.2
3 16 16.3 0.3 5.1 16.7 1.7 6.6 16 -0.2 5.4
3 16 16 -0.2 5.4 16.7 1.7 6.6 16.3 1.5 7.5
3 16 16.7 1.7 6.6 17.2 3.5 8 16.3 1.5 7.5
3 16 16.3 1.5 7.5 17.2 3.5 8 16.1 3.4 9.8
3 16 17.6 5.6 8.3 16.1 3.4 9.8 17.2 3.5 8
3 16 16.4 5.4 10.3 16.1 3.4 9.8 17.6 5.6 8.3
3 16 16.4 5.4 10.3 17.6 5.6 8.3 16.3 8.2 10.7
3 16 16.3 8.2 10.7 17.6 5.6 8.3 17.9 8.4 8.6
3 16 17 10.4 9.1 16.3 8.2 10.7 17.9 8.4 8.6
3 16 16 9.8 10.6 16.3 8.2 10.7 17 10.4 9.1
3 16 16.1 11.5 9.8 16 9.8 10.6 17 10.4 9.1
3 16 15.7 11.2 10.5 16 9.8 10.6 16.1 11.5 9.8
3 16 16.3 0.1 4.5 17.1 2.2 4.8 16.3 0.3 5.1
3 16 16.3 0.3 5.1 17.1 2.2 4.8 16.7 1.7 6.6
3 16 16.7 1.7 6.6 17.1 2.2 4.8 17.2 3.5 8
3 16 17.2 3.5 8 17.1 2.2 4.8 18 5 5
3 16 17.2 3.5 8 18 5 5 17.6 5.6 8.3
3 16 17.6 5.6 8.3 18 5 5 18.2 7.4 5.1
3 16 18.2 7.4 5.1 17.9 8.4 8.6 17.6 5.6 8.3
3 16 18.2 8.9 5.2 17.9 8.4 8.6 18.2 7.4 5.1
3 16 18.2 8.9 5.2 17.6 10.5 6.1 17.9 8.4 8.6
3 16 17.9 8.4 8.6 17.6 10.5 6.1 17.2 11.3 7.4
3 16 17.2 11.3 7.4 17 10.4 9.1 17.9 8.4 8.6
3 16 17 10.4 9.1 17.2 11.3 7.4 16.4 11.8 8.9
3 16 16.1 11.5 9.8 17 10.4 9.1 16.4 11.8 8.9
3 16 16.3 0.3 5.1 15.4 -2.2 4.2 16.3 0.1 4.5
3 16 8 -7.1 2.7 9.9 -6.1 5 9.3 -6.7 6.1
3 16 9.9 -6.1 5 11.3 -5.3 6.8 9.3 -6.7 6.1
3 16 9.3 -6.7 6.1 11.3 -5.3 6.8 11.3 -6.1 8.3
3 16 11.3 -5.3 6.8 13 -3.8 8.7 11.3 -6.1 8.3
3 16 11.3 -6.1 8.3 13 -3.8 8.7 12.8 -4.6 10.4
3 16 14 -1.6 10.2 12.8 -4.6 10.4 13 -3.8 8.7
3 16 13.6 -2.3 12 12.8 -4.6 10.4 14 -1.6 10.2
3 16 14 -1.6 10.2 13.5 -0.1 12.5 13.6 -2.3 12
3 16 14.3 0.3 10.8 13.5 -0.1 12.5 14 -1.6 10.2
3 16 14.5 1 11 13.5 -0.1 12.5 14.3 0.3 10.8
3 16 13.6 2.2 12.9 13.5 -0.1 12.5 14.5 1 11
3 16 11.3 -5.3 6.8 9.9 -6.1 5 12.2 -5.7 5.8
3 16 12.2 -5.7 5.8 9.9 -6.1 5 10.2 -6.3 4.1
3 16 12.2 -5.7 5.8 13.6 -4.9 6.9 11.3 -5.3 6.8
3 16 11.3 -5.3 6.8 13.6 -4.9 6.9 13 -3.8 8.7
3 16 13.6 -4.9 6.9 14.8 -3.5 8.1 13 -3.8 8.7
3 16 14.8 -3.5 8.1 14 -1.6 10.2 13 -3.8 8.7
3 16 15.5 -1.7 8.7 14 -1.6 10.2 14.8 -3.5 8.1
3 16 15.5 -1.7 8.7 15.7 0.5 9.2 14 -1.6 10.2
3 16 14 -1.6 10.2 15.7 0.5 9.2 14.3 0.3 10.8
3 16 15.7 0.5 9.2 14.5 1 11 14.3 0.3 10.8
3 16 16.1 3.4 9.8 14.5 1 11 15.7 0.5 9.2
3 16 8 -7.1 2.7 10.2 -6.3 4.1 9.9 -6.1 5
3 16 14.5 1 11 16.1 3.4 9.8 15.5 4.1 12.9
3 16 15.5 4.1 12.9 16.1 3.4 9.8 16.4 5.4 10.3
3 16 15.5 4.1 12.9 16.4 5.4 10.3 15.5 8.4 12.8
3 16 15.5 8.4 12.8 16.4 5.4 10.3 16.3 8.2 10.7
4 16 16.3 8.2 10.7 16 9.8 10.6 15 11.2 12.6 15.5 8.4 12.8
3 16 16 9.8 10.6 15.7 11.2 10.5 15 11.2 12.6
3 16 15 11.2 12.6 15.7 11.2 10.5 14.8 13.2 11.3
3 16 14.8 13.2 11.3 14.2 12.6 14.2 15 11.2 12.6
3 16 14.1 14 12.6 14.2 12.6 14.2 14.8 13.2 11.3
3 16 12.6 14.5 14.1 14.2 12.6 14.2 14.1 14 12.6
3 16 12.9 12.7 14.6 14.2 12.6 14.2 12.6 14.5 14.1
3 16 14.5 1 11 15.5 4.1 12.9 13.6 2.2 12.9
3 16 13.6 2.2 12.9 15.5 4.1 12.9 13.8 3.6 13.4
3 16 13.8 5.7 13.7 13.8 3.6 13.4 15.5 4.1 12.9
3 16 15.5 8.4 12.8 13.8 5.7 13.7 15.5 4.1 12.9
3 16 13.8 7.7 13.8 13.8 5.7 13.7 15.5 8.4 12.8
3 16 15.5 8.4 12.8 13.5 9 13.7 13.8 7.7 13.8
3 16 15.5 8.4 12.8 15 11.2 12.6 13.5 9 13.7
3 16 13.5 9 13.7 15 11.2 12.6 13 9.9 13.6
3 16 13 9.9 13.6 15 11.2 12.6 12.9 11 13.9
3 16 12.9 11 13.9 15 11.2 12.6 14.2 12.6 14.2
3 16 12.9 11 13.9 14.2 12.6 14.2 12.9 12.7 14.6
3 16 13 9.9 13.6 12.3 9.5 14.1 13.5 9 13.7
3 16 13.5 9 13.7 12.3 9.5 14.1 12.9 8.2 15.1
3 16 11.5 8.8 14.9 12.9 8.2 15.1 12.3 9.5 14.1
3 16 12.5 7.7 15.6 12.9 8.2 15.1 11.5 8.8 14.9
3 16 13.5 9 13.7 12.9 8.2 15.1 13.8 7.7 13.8
3 16 13.8 7.7 13.8 12.9 8.2 15.1 13.1 7.1 15
3 16 11.5 8.8 14.9 11.2 7.8 16.1 12.5 7.7 15.6
3 16 12.5 7.7 15.6 11.2 7.8 16.1 12.1 6.9 16.2
3 16 13.8 7.7 13.8 13.1 7.1 15 13.8 5.7 13.7
3 16 13.8 5.7 13.7 13.1 7.1 15 13.1 5.5 15.3
3 16 12.1 6.9 16.2 11.2 7.8 16.1 11.1 5.4 16.2
3 16 11.1 5.4 16.2 11.2 7.8 16.1 9.4 5.7 15.6
3 16 12.9 3.4 14.7 13.8 5.7 13.7 13.1 5.5 15.3
3 16 13.8 3.6 13.4 13.8 5.7 13.7 12.9 3.4 14.7
3 16 11.1 5.4 16.2 9.4 5.7 15.6 10.3 3.6 16
3 16 10.3 3.6 16 9.4 5.7 15.6 8.9 3.9 15.4
3 16 8.9 3.9 15.4 9.9 1.8 15.1 10.3 3.6 16
3 16 10.3 3.6 16 9.9 1.8 15.1 10.7 1.8 15.1
4 16 12.9 3.4 14.7 12.9 1.7 13.7 13.6 2.2 12.9 13.8 3.6 13.4
3 16 12.9 1.7 13.7 13.5 -0.1 12.5 13.6 2.2 12.9
3 16 9.9 1.8 15.1 10.4 -0.1 14.2 10.7 1.8 15.1
3 16 10.7 1.8 15.1 10.4 -0.1 14.2 11.4 -0.3 13.9
3 16 10.4 -0.1 14.2 10.5 -2 13.5 11.4 -0.3 13.9
3 16 11.4 -0.3 13.9 10.5 -2 13.5 11.5 -2.4 13.5
3 16 10 -4.2 12.6 11.5 -2.4 13.5 10.5 -2 13.5
3 16 10.8 -4.6 12.4 11.5 -2.4 13.5 10 -4.2 12.6
3 16 10 -4.2 12.6 9.2 -5.7 11.4 10.8 -4.6 12.4
3 16 10.8 -4.6 12.4 9.2 -5.7 11.4 9.6 -5.9 11
3 16 8.2 -6.8 10.1 9.6 -5.9 11 9.2 -5.7 11.4
3 16 11.5 8.8 14.9 12.3 9.5 14.1 11.2 10.3 15.4
3 16 11.2 10.3 15.4 12.3 9.5 14.1 12.2 10.5 14.7
3 16 11.2 10.3 15.4 12.2 10.5 14.7 10.8 11.9 16.1
3 16 10.8 11.9 16.1 12.2 10.5 14.7 12.4 12.6 15.4
3 16 12.2 14.4 15.9 10.8 11.9 16.1 12.4 12.6 15.4
3 16 10 13.7 16.5 10.8 11.9 16.1 12.2 14.4 15.9
3 16 10 13.7 16.5 12.2 14.4 15.9 10.2 15.7 16.7
3 16 10.2 15.7 16.7 12.2 14.4 15.9 11.8 16 16.1
3 16 10.2 15.7 16.7 11.8 16 16.1 10.3 17.2 16.2
3 16 8.8 17.2 16.4 10.2 15.7 16.7 10.3 17.2 16.2
3 16 8.2 15.2 16.5 10.2 15.7 16.7 8.8 17.2 16.4
3 16 10.2 15.7 16.7 8.2 15.2 16.5 10 13.7 16.5
3 16 10.3 17.2 16.2 11.8 16 16.1 11.9 17.2 15.5
3 16 10.1 19.3 15.3 8.8 17.2 16.4 10.3 17.2 16.2
3 16 8.8 19.4 15.5 8.8 17.2 16.4 10.1 19.3 15.3
3 16 10.1 19.3 15.3 10.3 17.2 16.2 11.7 18.6 14.9
3 16 11.7 18.6 14.9 10.3 17.2 16.2 11.9 17.2 15.5
3 16 10.1 19.3 15.3 11.7 18.6 14.9 11.3 19.7 14.7
4 16 8.6 21 15.3 8.8 19.4 15.5 10.1 19.3 15.3 9.7 21.1 15.1
3 16 9.7 21.1 15.1 10.1 19.3 15.3 11 21 14.8
3 16 11 21 14.8 10.1 19.3 15.3 11.3 19.7 14.7
3 16 10 22.6 14.9 8.6 21 15.3 9.7 21.1 15.1
3 16 8 22.3 15.1 8.6 21 15.3 10 22.6 14.9
3 16 11 21 14.8 10 22.6 14.9 9.7 21.1 15.1
3 16 10 22.6 14.9 8.3 23.5 13.6 8 22.3 15.1
3 16 8 22.3 15.1 8.3 23.5 13.6 7.5 23.2 13.8
3 16 8.3 23.5 13.6 10 22.6 14.9 9.3 23.8 13
3 16 9.3 23.8 13 7.5 23.1 12.1 8.3 23.5 13.6
3 16 7.5 23.1 12.1 7.5 23.2 13.8 8.3 23.5 13.6
3 16 8.6 23.1 11.3 7.5 23.1 12.1 9.3 23.8 13
3 16 6.7 23 12.5 7.5 23.2 13.8 7.5 23.1 12.1
3 16 6.7 23 12.5 7.5 23.1 12.1 6.4 22.2 11.5
3 16 6.4 22.2 11.5 7.5 23.1 12.1 7.2 22.3 11
3 16 7.5 23.1 12.1 8.6 23.1 11.3 7.2 22.3 11
3 16 7.2 22.3 11 8.6 23.1 11.3 7.8 22 10.5
3 16 12.3 9.5 14.1 13 9.9 13.6 12.2 10.5 14.7
3 16 12.2 10.5 14.7 13 9.9 13.6 12.9 11 13.9
3 16 12.9 11 13.9 12.4 12.6 15.4 12.2 10.5 14.7
3 16 12.9 12.7 14.6 12.4 12.6 15.4 12.9 11 13.9
3 16 12.4 12.6 15.4 12.9 12.7 14.6 12.2 14.4 15.9
3 16 12.2 14.4 15.9 12.9 12.7 14.6 12.6 14.5 14.1
3 16 12.6 14.5 14.1 12.6 16 14.2 12.2 14.4 15.9
3 16 12.2 14.4 15.9 12.6 16 14.2 11.8 16 16.1
3 16 12.6 16 14.2 11.9 17.2 15.5 11.8 16 16.1
3 16 12.5 17.1 14.2 11.9 17.2 15.5 12.6 16 14.2
3 16 12.5 17.1 14.2 11.7 18.6 14.9 11.9 17.2 15.5
3 16 12.4 18.5 13.9 11.7 18.6 14.9 12.5 17.1 14.2
3 16 12.1 19.7 13.6 11.7 18.6 14.9 12.4 18.5 13.9
3 16 11.3 19.7 14.7 11.7 18.6 14.9 12.1 19.7 13.6
3 16 11.7 21 14 11.3 19.7 14.7 12.1 19.7 13.6
3 16 11 21 14.8 11.3 19.7 14.7 11.7 21 14
3 16 11.7 21 14 11.2 22.4 13.7 11 21 14.8
3 16 11 21 14.8 11.2 22.4 13.7 10 22.6 14.9
3 16 11.2 22.4 13.7 9.3 23.8 13 10 22.6 14.9
3 16 10.3 23.1 12 9.3 23.8 13 11.2 22.4 13.7
3 16 10.3 23.1 12 8.6 23.1 11.3 9.3 23.8 13
3 16 9.6 22.4 10.6 8.6 23.1 11.3 10.3 23.1 12
3 16 8.6 23.1 11.3 9.6 22.4 10.6 7.8 22 10.5
3 16 7.8 22 10.5 9.6 22.4 10.6 8.7 21.1 9.7
3 16 12.7 6.8 15.8 13.1 7.1 15 12.5 7.7 15.6
3 16 12.5 7.7 15.6 13.1 7.1 15 12.9 8.2 15.1
3 16 12.5 7.7 15.6 12.1 6.9 16.2 12.7 6.8 15.8
3 16 12.7 6.8 15.8 12.1 6.9 16.2 12.3 5.4 16
3 16 12.3 5.4 16 12.1 6.9 16.2 11.1 5.4 16.2
3 16 11.1 5.4 16.2 11.8 3.5 15.6 12.3 5.4 16
3 16 10.3 3.6 16 11.8 3.5 15.6 11.1 5.4 16.2
3 16 10.7 1.8 15.1 11.8 3.5 15.6 10.3 3.6 16
3 16 11.9 1.7 14.5 11.8 3.5 15.6 10.7 1.8 15.1
3 16 11.4 -0.3 13.9 11.9 1.7 14.5 10.7 1.8 15.1
3 16 12.6 -0.3 13.3 11.9 1.7 14.5 11.4 -0.3 13.9
4 16 11.4 -0.3 13.9 11.5 -2.4 13.5 12.9 -2.5 12.8 12.6 -0.3 13.3
3 16 11.5 -2.4 13.5 10.8 -4.6 12.4 12.9 -2.5 12.8
3 16 12.9 -2.5 12.8 10.8 -4.6 12.4 12 -4.7 11.5
4 16 12.9 -2.5 12.8 12 -4.7 11.5 12.8 -4.6 10.4 13.6 -2.3 12
3 16 12 -4.7 11.5 10.5 -6.4 9.7 12.8 -4.6 10.4
3 16 12.8 -4.6 10.4 10.5 -6.4 9.7 11.3 -6.1 8.3
3 16 10.8 -4.6 12.4 9.6 -5.9 11 12 -4.7 11.5
3 16 12 -4.7 11.5 9.6 -5.9 11 10.5 -6.4 9.7
3 16 9.2 -6.9 8.5 11.3 -6.1 8.3 10.5 -6.4 9.7
3 16 9.3 -6.7 6.1 11.3 -6.1 8.3 9.2 -6.9 8.5
3 16 9.2 -6.9 8.5 10.5 -6.4 9.7 8.2 -6.8 10.1
3 16 8.2 -6.8 10.1 10.5 -6.4 9.7 9.6 -5.9 11
3 16 9.2 -6.9 8.5 8.2 -6.8 10.1 7.4 -7.2 8.6
3 16 7.4 -7.2 8.6 8.2 -6.8 10.1 7.1 -7.1 9.7
3 16 12.6 -0.3 13.3 12.9 -2.5 12.8 13.5 -0.1 12.5
3 16 13.5 -0.1 12.5 12.9 -2.5 12.8 13.6 -2.3 12
3 16 12.9 1.7 13.7 12.6 -0.3 13.3 13.5 -0.1 12.5
3 16 11.9 1.7 14.5 12.6 -0.3 13.3 12.9 1.7 13.7
3 16 12.9 3.4 14.7 11.9 1.7 14.5 12.9 1.7 13.7
3 16 11.8 3.5 15.6 11.9 1.7 14.5 12.9 3.4 14.7
3 16 13.1 5.5 15.3 11.8 3.5 15.6 12.9 3.4 14.7
3 16 12.3 5.4 16 11.8 3.5 15.6 13.1 5.5 15.3
3 16 13.1 5.5 15.3 12.7 6.8 15.8 12.3 5.4 16
3 16 13.1 7.1 15 12.7 6.8 15.8 13.1 5.5 15.3
3 16 9.2 -6.9 8.5 7.4 -7.2 8.6 7.6 -7.2 7.6
3 16 9.2 -6.9 8.5 7.6 -7.2 7.6 9.3 -6.7 6.1
3 16 9.3 -6.7 6.1 7.6 -7.2 7.6 7.7 -7.2 6.4
3 16 7.8 -7.1 5.1 9.3 -6.7 6.1 7.7 -7.2 6.4
3 16 8 -7.1 2.7 9.3 -6.7 6.1 7.8 -7.1 5.1
3 16 8.6 -4.8 14 7.1 -4.7 14.2 8 -6.1 12.6
3 16 8 -6.1 12.6 7.1 -4.7 14.2 6.8 -6.3 12.4
3 16 8.9 -3.1 15.6 7.1 -4.7 14.2 8.6 -4.8 14
3 16 6.9 -2.8 15.8 7.1 -4.7 14.2 8.9 -3.1 15.6
3 16 8.8 -1.2 16.6 6.9 -2.8 15.8 8.9 -3.1 15.6
3 16 6.7 -1.2 16.6 6.9 -2.8 15.8 8.8 -1.2 16.6
3 16 8.8 -1.2 16.6 8.2 0.8 17.1 6.7 -1.2 16.6
3 16 6.7 -1.2 16.6 8.2 0.8 17.1 6.4 0.7 16.9
3 16 6.2 2.2 17.3 6.4 0.7 16.9 8.2 0.8 17.1
3 16 6.2 2.2 17.3 8.2 0.8 17.1 6.2 3.5 17.1
3 16 8.6 -4.8 14 8 -6.1 12.6 10 -4.2 12.6
3 16 10 -4.2 12.6 8 -6.1 12.6 9.2 -5.7 11.4
3 16 10 -4.2 12.6 10.5 -2 13.5 8.9 -3.1 15.6
3 16 8.9 -3.1 15.6 8.6 -4.8 14 10 -4.2 12.6
3 16 8.9 -3.1 15.6 10.5 -2 13.5 8.8 -1.2 16.6
3 16 8.8 -1.2 16.6 10.5 -2 13.5 10.4 -0.1 14.2
3 16 9.9 1.8 15.1 8.8 -1.2 16.6 10.4 -0.1 14.2
3 16 8.2 0.8 17.1 8.8 -1.2 16.6 9.9 1.8 15.1
3 16 8.2 0.8 17.1 9.9 1.8 15.1 8.9 3.9 15.4
3 16 8.2 4.2 15.9 7.6 4.2 16.3 8.2 0.8 17.1
3 16 8.9 3.9 15.4 8.2 4.2 15.9 8.2 0.8 17.1
3 16 8.2 -6.8 10.1 9.2 -5.7 11.4 8 -6.1 12.6
3 16 7.6 4.2 16.3 6.9 4.1 16.6 8.2 0.8 17.1
3 16 8.2 0.8 17.1 6.9 4.1 16.6 6.2 3.5 17.1
3 16 7.1 -7.1 9.7 8.2 -6.8 10.1 6.8 -6.3 12.4
3 16 6.8 -6.3 12.4 8.2 -6.8 10.1 8 -6.1 12.6
4 16 6.8 -6.3 12.4 7.1 -4.7 14.2 6.4 -5 14.6 6.6 -5.8 13.3
3 16 6.9 -2.8 15.8 6.4 -5 14.6 7.1 -4.7 14.2
3 16 6.1 -3.6 16.8 6.4 -5 14.6 6.9 -2.8 15.8
3 16 6.1 -3.6 16.8 6.9 -2.8 15.8 5.9 -2.1 17.7
3 16 5.9 -2.1 17.7 6.9 -2.8 15.8 6.7 -1.2 16.6
3 16 6.7 -1.2 16.6 5.5 -0.3 18.1 5.9 -2.1 17.7
3 16 6.4 0.7 16.9 5.5 -0.3 18.1 6.7 -1.2 16.6
3 16 5.5 -0.3 18.1 6.4 0.7 16.9 5.5 1.6 18.4
3 16 5.5 1.6 18.4 6.4 0.7 16.9 6.2 2.2 17.3
4 16 6.2 3.5 17.1 5 3.1 18.9 5.5 1.6 18.4 6.2 2.2 17.3
3 16 5 3.1 18.9 6.2 3.5 17.1 4.6 5.2 17.6
3 16 5 3.1 18.9 4.6 5.2 17.6 4.3 3.8 19
3 16 4.3 3.8 19 4.6 5.2 17.6 3.8 5.2 18.4
3 16 4.3 3.8 19 3.8 5.2 18.4 3.7 3.7 19.2
3 16 3.7 3.7 19.2 3.8 5.2 18.4 3.1 5 18.6
3 16 3.1 5 18.6 2.9 3.5 19.3 3.7 3.7 19.2
3 16 2.1 4.7 18.5 2.9 3.5 19.3 3.1 5 18.6
3 16 2.1 4.7 18.5 1.4 3.9 18.3 2.9 3.5 19.3
3 16 2.9 3.5 19.3 1.4 3.9 18.3 2.8 2.6 19
3 16 6.8 -6.3 12.4 6.6 -5.8 13.3 4.9 -5.5 14
3 16 4.9 -5.5 14 6.6 -5.8 13.3 5.6 -5.4 14.6
3 16 4 -3.9 16.8 4.9 -5.5 14 5.6 -5.4 14.6
3 16 2.9 -3.7 16 4.9 -5.5 14 4 -3.9 16.8
3 16 3.3 -2.8 17.7 2.9 -3.7 16 4 -3.9 16.8
3 16 2.1 -2.2 16.7 2.9 -3.7 16 3.3 -2.8 17.7
3 16 2.9 -1.1 18.3 2.1 -2.2 16.7 3.3 -2.8 17.7
3 16 2 -0.6 17.3 2.1 -2.2 16.7 2.9 -1.1 18.3
3 16 3.1 1.1 18.5 2 -0.6 17.3 2.9 -1.1 18.3
3 16 2 1.7 18 2 -0.6 17.3 3.1 1.1 18.5
3 16 3.1 1.1 18.5 2.8 2.6 19 2 1.7 18
3 16 2 1.7 18 2.8 2.6 19 1.4 3.9 18.3
3 16 5.6 -5.4 14.6 6.6 -5.8 13.3 6 -5.2 14.7
3 16 6.6 -5.8 13.3 6.4 -5 14.6 6 -5.2 14.7
3 16 5.2 -4 16.9 5.6 -5.4 14.6 6 -5.2 14.7
3 16 4 -3.9 16.8 5.6 -5.4 14.6 5.2 -4 16.9
3 16 5.2 -4 16.9 6 -5.2 14.7 6.1 -3.6 16.8
3 16 6.1 -3.6 16.8 6 -5.2 14.7 6.4 -5 14.6
3 16 5.2 -4 16.9 6.1 -3.6 16.8 4.7 -2.7 18.1
3 16 5.2 -4 16.9 4.7 -2.7 18.1 4 -3.9 16.8
3 16 4.7 -2.7 18.1 6.1 -3.6 16.8 5.9 -2.1 17.7
3 16 5.9 -2.1 17.7 4.4 -0.8 18.7 4.7 -2.7 18.1
3 16 2.9 -1.1 18.3 4.7 -2.7 18.1 4.4 -0.8 18.7
3 16 3.3 -2.8 17.7 4.7 -2.7 18.1 2.9 -1.1 18.3
3 16 4 -3.9 16.8 4.7 -2.7 18.1 3.3 -2.8 17.7
3 16 5.5 -0.3 18.1 4.4 -0.8 18.7 5.9 -2.1 17.7
3 16 4.4 -0.8 18.7 3.1 1.1 18.5 2.9 -1.1 18.3
3 16 4.2 0.9 18.8 3.1 1.1 18.5 4.4 -0.8 18.7
3 16 5.5 -0.3 18.1 4.2 0.9 18.8 4.4 -0.8 18.7
3 16 5.5 1.6 18.4 4.2 0.9 18.8 5.5 -0.3 18.1
3 16 4.2 0.9 18.8 4 2.3 19 3.1 1.1 18.5
3 16 4.2 0.9 18.8 5.5 1.6 18.4 4 2.3 19
3 16 3.1 1.1 18.5 4 2.3 19 2.8 2.6 19
3 16 4 2.3 19 5.5 1.6 18.4 5 3.1 18.9
3 16 5 3.1 18.9 4.3 3.8 19 4 2.3 19
3 16 4 2.3 19 4.3 3.8 19 3.7 3.7 19.2
3 16 4 2.3 19 3.7 3.7 19.2 2.8 2.6 19
3 16 2.8 2.6 19 3.7 3.7 19.2 2.9 3.5 19.3
3 16 1.4 5.6 18.7 2.1 4.7 18.5 2.8 5.9 19
3 16 2.8 5.9 19 2.1 4.7 18.5 3.1 5 18.6
3 16 3.1 5 18.6 3.8 5.2 18.4 2.8 5.9 19
3 16 2.8 5.9 19 3.8 5.2 18.4 4 6.3 18.5
3 16 2.8 5.9 19 1 6.9 19 1.4 5.6 18.7
3 16 2.5 7.3 19.6 1 6.9 19 2.8 5.9 19
3 16 2.5 7.3 19.6 2.8 5.9 19 4 7.6 19.1
3 16 4 7.6 19.1 2.8 5.9 19 4 6.3 18.5
3 16 2.5 7.3 19.6 1 8.5 19.3 1 6.9 19
3 16 2 9.7 19.6 1 8.5 19.3 2.5 7.3 19.6
3 16 2 9.7 19.6 2.5 7.3 19.6 3.2 10 19.4
3 16 3.2 10 19.4 2.5 7.3 19.6 4 7.6 19.1
4 16 1.3 13.1 19.9 0.7 10.5 19.5 1 8.5 19.3 2 9.7 19.6
3 16 3.2 10 19.4 2.3 13.3 19.5 2 9.7 19.6
3 16 2 9.7 19.6 2.3 13.3 19.5 1.3 13.1 19.9
3 16 0.3 12 19.7 0.7 10.5 19.5 1.3 13.1 19.9
3 16 1.8 15.1 19.3 1.3 13.1 19.9 2.3 13.3 19.5
3 16 1.1 15.5 19.2 1.3 13.1 19.9 1.8 15.1 19.3
3 16 1.1 15.5 19.2 0.4 14.9 19.3 1.3 13.1 19.9
3 16 1.3 13.1 19.9 0.4 14.9 19.3 0.3 12 19.7
3 16 1.4 3.9 18.3 2.1 4.7 18.5 0.7 5 18.3
3 16 0.7 5 18.3 2.1 4.7 18.5 1.4 5.6 18.7
3 16 0.7 5 18.3 1.4 5.6 18.7 0.2 6.3 18.4
3 16 0.2 6.3 18.4 1.4 5.6 18.7 1 6.9 19
3 16 0.2 6.3 18.4 1 6.9 19 0.3 8.3 18.9
3 16 0.3 8.3 18.9 1 6.9 19 1 8.5 19.3
3 16 0.3 8.3 18.9 1 8.5 19.3 0.1 10.3 19.2
3 16 0.1 10.3 19.2 1 8.5 19.3 0.7 10.5 19.5
3 16 0.1 10.3 19.2 0.7 10.5 19.5 -0.3 11.8 19.2
3 16 -0.3 11.8 19.2 0.7 10.5 19.5 0.3 12 19.7
3 16 0.3 12 19.7 0.4 14.9 19.3 -0.3 11.8 19.2
3 16 -0.3 11.8 19.2 0.4 14.9 19.3 -0.3 15.3 18.3
3 16 0.1 16.1 18.1 -0.3 15.3 18.3 0.4 14.9 19.3
3 16 0.4 14.9 19.3 1.1 15.5 19.2 0.1 16.1 18.1
3 16 0.1 16.1 18.1 1.1 15.5 19.2 1.4 17.1 17.8
3 16 4.6 5.2 17.6 4.6 6.3 17.6 3.8 5.2 18.4
3 16 3.8 5.2 18.4 4.6 6.3 17.6 4 6.3 18.5
3 16 4.4 7.8 18.1 4 6.3 18.5 4.6 6.3 17.6
3 16 4 7.6 19.1 4 6.3 18.5 4.4 7.8 18.1
3 16 4 7.6 19.1 4.4 7.8 18.1 3.2 10 19.4
3 16 3.2 10 19.4 4.4 7.8 18.1 3.9 10.5 18.5
3 16 3.2 10 19.4 3.9 10.5 18.5 2.3 13.3 19.5
3 16 2.3 13.3 19.5 3.9 10.5 18.5 3.2 13.6 18.6
3 16 3.2 13.6 18.6 1.8 15.1 19.3 2.3 13.3 19.5
3 16 2.8 15.8 18.2 1.8 15.1 19.3 3.2 13.6 18.6
3 16 1.8 15.1 19.3 2.8 15.8 18.2 2.4 16.7 17.8
4 16 1.8 15.1 19.3 2.4 16.7 17.8 1.4 17.1 17.8 1.1 15.5 19.2
3 16 6.2 3.5 17.1 6 6.1 17 4.6 5.2 17.6
3 16 4.6 5.2 17.6 6 6.1 17 4.6 6.3 17.6
4 16 6 6.1 17 6.4 8 17.4 4.4 7.8 18.1 4.6 6.3 17.6
4 16 4.4 7.8 18.1 6.4 8 17.4 6.1 8.9 17.8 4.8 8.6 18.2
3 16 4.8 8.6 18.2 6.1 8.9 17.8 4.7 10.6 18.6
3 16 4.7 10.6 18.6 6.1 8.9 17.8 6 10.6 18.4
3 16 6 10.6 18.4 6.1 12.1 18.6 4.7 10.6 18.6
3 16 4.7 10.6 18.6 6.1 12.1 18.6 4.2 13.5 18.9
3 16 4.2 13.5 18.9 6.1 12.1 18.6 5.6 14.1 18.6
3 16 5.6 14.1 18.6 3.7 16.1 18.4 4.2 13.5 18.9
3 16 5 16.6 18.3 3.7 16.1 18.4 5.6 14.1 18.6
3 16 3.7 16.1 18.4 5 16.6 18.3 3.6 17.4 17.8
3 16 3.6 17.4 17.8 5 16.6 18.3 4.5 18 17.6
3 16 7.6 4.2 16.3 7.5 5.1 16.9 6.9 4.1 16.6
3 16 6.9 4.1 16.6 7.5 5.1 16.9 6.6 5.5 17
4 16 6.6 5.5 17 7.5 5.1 16.9 9.1 7.7 17.9 7.3 7.9 17.9
3 16 7.3 7.9 17.9 9.1 7.7 17.9 7.9 9.5 18
3 16 7.9 9.5 18 9.1 7.7 17.9 9.2 9.5 18.1
3 16 7.5 5.1 16.9 7.6 4.2 16.3 8.4 5.4 16.5
3 16 7.5 5.1 16.9 8.4 5.4 16.5 9.1 7.7 17.9
3 16 8.4 5.4 16.5 7.6 4.2 16.3 8.2 4.2 15.9
3 16 9.1 7.7 17.9 8.4 5.4 16.5 10.5 7.8 16.8
3 16 9.1 7.7 17.9 10.5 7.8 16.8 10.5 9.8 17.5
3 16 10.5 9.8 17.5 9.2 9.5 18.1 9.1 7.7 17.9
3 16 7.9 9.5 18 9.2 9.5 18.1 7.9 11 18
3 16 7.9 11 18 9.2 9.5 18.1 8.9 11.3 18
4 16 9.2 9.5 18.1 10.5 9.8 17.5 10 11.6 17.5 8.9 11.3 18
3 16 7.9 11 18 8.9 11.3 18 7.6 12.3 18
3 16 7.6 12.3 18 8.9 11.3 18 8.3 12.8 17.9
3 16 8.3 12.8 17.9 8.9 11.3 18 9 13.3 17.6
3 16 9 13.3 17.6 8.9 11.3 18 10 11.6 17.5
3 16 8.3 12.8 17.9 7.4 13.3 17.8 7.6 12.3 18
3 16 8.3 14.1 17.7 8.3 12.8 17.9 9 13.3 17.6
3 16 7.8 13.7 17.8 8.3 12.8 17.9 8.3 14.1 17.7
3 16 8.3 12.8 17.9 7.8 13.7 17.8 7.4 13.3 17.8
3 16 9.4 5.7 15.6 8.4 5.4 16.5 8.9 3.9 15.4
3 16 8.9 3.9 15.4 8.4 5.4 16.5 8.2 4.2 15.9
3 16 9.4 5.7 15.6 10.5 7.8 16.8 8.4 5.4 16.5
3 16 11.2 7.8 16.1 10.5 7.8 16.8 9.4 5.7 15.6
3 16 10.5 9.8 17.5 10.5 7.8 16.8 11.2 7.8 16.1
4 16 11.2 7.8 16.1 11.2 10.3 15.4 10.8 11.9 16.1 10.5 9.8 17.5
3 16 10 11.6 17.5 10.5 9.8 17.5 10.8 11.9 16.1
3 16 10 13.7 16.5 10 11.6 17.5 10.8 11.9 16.1
3 16 9 13.3 17.6 10 11.6 17.5 10 13.7 16.5
3 16 10 13.7 16.5 8.3 14.1 17.7 9 13.3 17.6
3 16 8.2 15.2 16.5 8.3 14.1 17.7 10 13.7 16.5
3 16 11.2 10.3 15.4 11.2 7.8 16.1 11.5 8.8 14.9
3 16 6.9 4.1 16.6 6.6 5.5 17 6.2 3.5 17.1
3 16 6.2 3.5 17.1 6.6 5.5 17 6 6.1 17
3 16 7.3 7.9 17.9 6 6.1 17 6.6 5.5 17
3 16 6.4 8 17.4 6 6.1 17 7.3 7.9 17.9
3 16 7.3 7.9 17.9 6.9 9.8 17.7 6.4 8 17.4
3 16 7.9 9.5 18 6.9 9.8 17.7 7.3 7.9 17.9
3 16 7.9 9.5 18 7.9 11 18 6.9 9.8 17.7
3 16 6.9 9.8 17.7 7.9 11 18 7 11.1 17.8
3 16 7.6 12.3 18 7 11.1 17.8 7.9 11 18
3 16 6.9 12.2 17.8 7 11.1 17.8 7.6 12.3 18
3 16 7.4 13.3 17.8 6.9 12.2 17.8 7.6 12.3 18
3 16 6.6 13.5 17.4 6.9 12.2 17.8 7.4 13.3 17.8
3 16 7.8 13.7 17.8 6.6 13.5 17.4 7.4 13.3 17.8
3 16 7.1 14.3 16.9 6.6 13.5 17.4 7.8 13.7 17.8
3 16 8.3 14.1 17.7 7.1 14.3 16.9 7.8 13.7 17.8
3 16 8.2 15.2 16.5 7.1 14.3 16.9 8.3 14.1 17.7
4 16 6.2 15.1 17.4 5.6 14.1 18.6 6.1 12.1 18.6 6.6 13.5 17.4
3 16 6.6 13.5 17.4 6.1 12.1 18.6 6.9 12.2 17.8
3 16 6.2 15.1 17.4 5 16.6 18.3 5.6 14.1 18.6
3 16 5.8 16.9 17.6 5 16.6 18.3 6.2 15.1 17.4
3 16 5.8 16.9 17.6 4.5 18 17.6 5 16.6 18.3
3 16 5 18.7 17.1 4.5 18 17.6 5.8 16.9 17.6
3 16 6.9 12.2 17.8 6.1 12.1 18.6 7 11.1 17.8
3 16 7 11.1 17.8 6.1 12.1 18.6 6 10.6 18.4
3 16 6 10.6 18.4 6.9 9.8 17.7 7 11.1 17.8
3 16 6.1 8.9 17.8 6.9 9.8 17.7 6 10.6 18.4
3 16 6.9 9.8 17.7 6.1 8.9 17.8 6.4 8 17.4
3 16 4.7 10.6 18.6 3.9 10.5 18.5 4.8 8.6 18.2
3 16 4.8 8.6 18.2 3.9 10.5 18.5 4.4 7.8 18.1
3 16 4.2 13.5 18.9 3.9 10.5 18.5 4.7 10.6 18.6
3 16 3.2 13.6 18.6 3.9 10.5 18.5 4.2 13.5 18.9
3 16 3.7 16.1 18.4 3.2 13.6 18.6 4.2 13.5 18.9
3 16 2.8 15.8 18.2 3.2 13.6 18.6 3.7 16.1 18.4
3 16 2.8 15.8 18.2 3.7 16.1 18.4 2.4 16.7 17.8
3 16 2.4 16.7 17.8 3.7 16.1 18.4 3.6 17.4 17.8
3 16 15.9 13.2 10.3 16.1 11.5 9.8 16.5 13.3 9
3 16 16.5 13.3 9 16.1 11.5 9.8 16.4 11.8 8.9
3 16 16.5 13.3 9 16.8 15.3 9.3 15.9 13.2 10.3
3 16 15.9 13.2 10.3 16.8 15.3 9.3 16.3 15.3 10.9
3 16 16.8 15.3 9.3 16.2 17.6 10.4 16.3 15.3 10.9
3 16 16.4 17.7 8.8 16.2 17.6 10.4 16.8 15.3 9.3
3 16 16.4 17.7 8.8 15.9 20.3 10.2 16.2 17.6 10.4
3 16 16.5 20.2 7.9 15.9 20.3 10.2 16.4 17.7 8.8
3 16 15.3 21.8 10.8 15.9 20.3 10.2 14.8 22.8 9.8
3 16 14.8 22.8 9.8 13.5 22.8 10.9 15.3 21.8 10.8
3 16 15.3 21.8 10.8 13.5 22.8 10.9 13.9 22 11.5
4 16 15.9 20.3 10.2 16.5 20.2 7.9 15.8 22.1 6.9 14.8 22.8 9.8
3 16 16.6 20.7 6.8 15.8 22.1 6.9 16.5 20.2 7.9
3 16 15.8 22.1 6.9 16.6 20.7 6.8 16.2 22.2 6
3 16 16.2 22.2 6 16.6 20.7 6.8 16.8 20.9 5.8
3 16 16.2 22.2 6 14.8 22.3 5.9 15.8 22.1 6.9
3 16 15.8 22.1 6.9 14.8 22.3 5.9 14.5 22.5 6.9
3 16 15.8 22.1 6.9 14.5 22.5 6.9 14.8 22.8 9.8
3 16 14.8 22.8 9.8 14.5 22.5 6.9 13.6 23.2 8.5
3 16 13.5 22.8 10.9 14.8 22.8 9.8 12.7 23.3 9.5
3 16 12.7 23.3 9.5 14.8 22.8 9.8 13.6 23.2 8.5
3 16 13.6 23.2 8.5 11.6 22.1 8.3 12.7 23.3 9.5
3 16 12.1 22.1 7.1 11.6 22.1 8.3 13.6 23.2 8.5
3 16 14.5 22.5 6.9 12.1 22.1 7.1 13.6 23.2 8.5
3 16 12.6 21.8 6.4 12.1 22.1 7.1 14.5 22.5 6.9
3 16 12.6 21.8 6.4 14.5 22.5 6.9 13 21.4 5.7
3 16 13 21.4 5.7 14.5 22.5 6.9 14.8 22.3 5.9
3 16 13 21.4 5.7 11.5 20.6 6.3 12.6 21.8 6.4
3 16 11.8 19.8 5.5 11.5 20.6 6.3 13 21.4 5.7
3 16 11.5 20.6 6.3 11.2 20.7 6.8 12.6 21.8 6.4
3 16 12.6 21.8 6.4 11.2 20.7 6.8 12.1 22.1 7.1
3 16 12.1 22.1 7.1 11.2 20.7 6.8 11.6 22.1 8.3
3 16 11.6 22.1 8.3 11.2 20.7 6.8 10.7 20.5 7.5
3 16 16.1 11.5 9.8 15.9 13.2 10.3 15.7 11.2 10.5
3 16 15.7 11.2 10.5 15.9 13.2 10.3 14.8 13.2 11.3
3 16 15.9 13.2 10.3 16.3 15.3 10.9 14.8 13.2 11.3
3 16 14.8 13.2 11.3 16.3 15.3 10.9 14.8 15.3 11.5
3 16 16.2 17.6 10.4 14.8 15.3 11.5 16.3 15.3 10.9
3 16 14.7 17.6 11.7 14.8 15.3 11.5 16.2 17.6 10.4
3 16 16.2 17.6 10.4 15.9 20.3 10.2 14.7 17.6 11.7
3 16 14.7 17.6 11.7 15.9 20.3 10.2 14.2 20 11.6
3 16 15.3 21.8 10.8 14.2 20 11.6 15.9 20.3 10.2
3 16 14.1 20.9 11.5 14.2 20 11.6 15.3 21.8 10.8
3 16 14.1 20.9 11.5 15.3 21.8 10.8 13.9 22 11.5
3 16 17.2 11.3 7.4 17.7 13.5 7.7 16.4 11.8 8.9
3 16 16.4 11.8 8.9 17.7 13.5 7.7 16.5 13.3 9
3 16 16.5 13.3 9 17.7 13.5 7.7 16.8 15.3 9.3
3 16 16.8 15.3 9.3 17.7 13.5 7.7 17.8 15.6 8.2
3 16 16.8 15.3 9.3 17.8 15.6 8.2 16.4 17.7 8.8
3 16 16.4 17.7 8.8 17.8 15.6 8.2 17.5 18 7.8
3 16 16.4 17.7 8.8 17.5 18 7.8 16.5 20.2 7.9
3 16 16.5 20.2 7.9 17.5 18 7.8 16.6 20.7 6.8
3 16 17.2 11.3 7.4 17.9 12.5 5.3 17.7 13.5 7.7
3 16 17.7 13.5 7.7 17.9 12.5 5.3 18.2 14.1 5.6
3 16 18.2 14.1 5.6 17.8 15.6 8.2 17.7 13.5 7.7
3 16 18.1 16.7 5.6 17.8 15.6 8.2 18.2 14.1 5.6
3 16 17.2 11.3 7.4 17.6 10.5 6.1 17.9 12.5 5.3
3 16 17.9 12.5 5.3 17.6 10.5 6.1 17.9 10.9 5.1
3 16 17.6 10.5 6.1 18.2 8.9 5.2 17.9 10.9 5.1
3 16 17.8 15.6 8.2 18.1 16.7 5.6 17.5 18 7.8
3 16 17.5 18 7.8 18.1 16.7 5.6 17.7 18.7 5.5
3 16 17.7 18.7 5.5 16.6 20.7 6.8 17.5 18 7.8
3 16 16.8 20.9 5.8 16.6 20.7 6.8 17.7 18.7 5.5
3 16 14.1 14 12.6 14.3 15.4 12.7 12.6 14.5 14.1
3 16 12.6 14.5 14.1 14.3 15.4 12.7 12.6 16 14.2
3 16 14.3 15.4 12.7 14.4 16.8 13.1 12.6 16 14.2
3 16 12.6 16 14.2 14.4 16.8 13.1 12.5 17.1 14.2
3 16 14.4 16.8 13.1 14 18.5 13.2 12.5 17.1 14.2
3 16 12.5 17.1 14.2 14 18.5 13.2 12.4 18.5 13.9
4 16 14 18.5 13.2 13.5 19.9 12.9 12.1 19.7 13.6 12.4 18.5 13.9
3 16 13.5 19.9 12.9 13.2 20.9 13.4 12.1 19.7 13.6
3 16 12.1 19.7 13.6 13.2 20.9 13.4 11.7 21 14
3 16 14.8 13.2 11.3 14.8 15.3 11.5 14.1 14 12.6
3 16 14.1 14 12.6 14.8 15.3 11.5 14.3 15.4 12.7
3 16 14.8 15.3 11.5 14.4 16.8 13.1 14.3 15.4 12.7
3 16 14.7 17.6 11.7 14.4 16.8 13.1 14.8 15.3 11.5
4 16 14.4 16.8 13.1 14.7 17.6 11.7 14.2 20 11.6 14 18.5 13.2
3 16 13.5 19.9 12.9 14 18.5 13.2 14.2 20 11.6
3 16 14.2 20 11.6 14.1 20.9 11.5 13.5 19.9 12.9
3 16 13.5 19.9 12.9 14.1 20.9 11.5 13.2 20.9 13.4
3 16 14.1 20.9 11.5 13.6 21.9 12.6 13.2 20.9 13.4
3 16 14.1 20.9 11.5 13.9 22 11.5 13.6 21.9 12.6
3 16 6.2 15.1 17.4 7 15.7 17.1 5.8 16.9 17.6
3 16 5.8 16.9 17.6 7 15.7 17.1 7.2 17.3 17.6
3 16 6.2 15.1 17.4 6.7 14.5 17.1 7 15.7 17.1
3 16 5.8 16.9 17.6 7.2 17.3 17.6 5 18.7 17.1
3 16 5 18.7 17.1 7.2 17.3 17.6 6.8 19.7 17.5
3 16 5 18.7 17.1 6.8 19.7 17.5 4.7 20.5 16.5
3 16 4.7 20.5 16.5 6.8 19.7 17.5 6.5 21.3 17
4 16 4.7 20.5 16.5 6.5 21.3 17 6.1 22.6 16.4 4.7 22.3 15.9
3 16 6.1 22.6 16.4 5.3 23.5 15 4.7 22.3 15.9
3 16 4.7 22.3 15.9 5.3 23.5 15 4.3 23 14.7
3 16 4.7 23.4 13.3 4.3 23 14.7 5.3 23.5 15
3 16 3.9 23.1 13.5 4.3 23 14.7 4.7 23.4 13.3
3 16 4.5 22.8 12.3 3.9 23.1 13.5 4.7 23.4 13.3
3 16 3.7 22.3 12.6 3.9 23.1 13.5 4.5 22.8 12.3
3 16 6.2 15.1 17.4 6.6 13.5 17.4 6.7 14.5 17.1
3 16 7.2 17.3 17.6 7 15.7 17.1 8.1 17.2 17
3 16 8.1 17.2 17 7 15.7 17.1 7.6 15.5 16.7
3 16 7 15.7 17.1 7 14.5 16.9 7.6 15.5 16.7
3 16 6.7 14.5 17.1 7 14.5 16.9 7 15.7 17.1
3 16 6.7 14.5 17.1 6.6 13.5 17.4 7 14.5 16.9
3 16 7.1 14.3 16.9 7 14.5 16.9 6.6 13.5 17.4
3 16 7 14.5 16.9 7.1 14.3 16.9 7.6 15.5 16.7
3 16 8.1 17.2 17 8 19.6 16.6 7.2 17.3 17.6
3 16 7.2 17.3 17.6 8 19.6 16.6 6.8 19.7 17.5
3 16 7.6 15.5 16.7 7.1 14.3 16.9 8.2 15.2 16.5
3 16 8.1 17.2 17 7.6 15.5 16.7 8.8 17.2 16.4
3 16 8.8 17.2 16.4 7.6 15.5 16.7 8.2 15.2 16.5
3 16 8.1 17.2 17 8.8 17.2 16.4 8 19.6 16.6
3 16 8 19.6 16.6 8.8 17.2 16.4 8.8 19.4 15.5
3 16 7.6 21.2 16.4 6.8 19.7 17.5 8 19.6 16.6
3 16 6.5 21.3 17 6.8 19.7 17.5 7.6 21.2 16.4
3 16 7.6 21.2 16.4 8 19.6 16.6 8.6 21 15.3
3 16 8.6 21 15.3 8 19.6 16.6 8.8 19.4 15.5
3 16 8 22.3 15.1 7.6 21.2 16.4 8.6 21 15.3
3 16 7 22.6 16.1 7.6 21.2 16.4 8 22.3 15.1
3 16 7 22.6 16.1 6.5 21.3 17 7.6 21.2 16.4
4 16 7.5 23.2 13.8 6.6 23.6 14.4 7 22.6 16.1 8 22.3 15.1
3 16 6.6 23.6 14.4 7.5 23.2 13.8 6 23.4 12.8
3 16 6 23.4 12.8 7.5 23.2 13.8 6.7 23 12.5
3 16 6 23.4 12.8 6.7 23 12.5 5.6 22.7 11.8
3 16 5.6 22.7 11.8 6.7 23 12.5 6.4 22.2 11.5
3 16 11.2 22.4 13.7 11.7 21 14 12.3 22.8 13.4
3 16 12.3 22.8 13.4 11.7 21 14 13.2 20.9 13.4
3 16 13.6 21.9 12.6 12.3 22.8 13.4 13.2 20.9 13.4
3 16 13.1 22.9 12 12.3 22.8 13.4 13.6 21.9 12.6
3 16 11.2 22.4 13.7 12.3 22.8 13.4 10.3 23.1 12
3 16 10.3 23.1 12 12.3 22.8 13.4 11.4 23.6 11.4
4 16 12.3 22.8 13.4 13.1 22.9 12 12.2 23.6 10.4 11.4 23.6 11.4
3 16 13.9 22 11.5 13.1 22.9 12 13.6 21.9 12.6
3 16 13.5 22.8 10.9 13.1 22.9 12 13.9 22 11.5
3 16 13.1 22.9 12 13.5 22.8 10.9 12.2 23.6 10.4
3 16 12.2 23.6 10.4 13.5 22.8 10.9 12.7 23.3 9.5
3 16 10.2 22.5 9.8 10.3 23.1 12 11.4 23.6 11.4
4 16 10.9 22.5 8.9 10.2 22.5 9.8 11.4 23.6 11.4 12.2 23.6 10.4
3 16 9.6 22.4 10.6 10.3 23.1 12 10.2 22.5 9.8
3 16 12.7 23.3 9.5 10.9 22.5 8.9 12.2 23.6 10.4
3 16 10.9 22.5 8.9 9.5 21.4 9.1 10.2 22.5 9.8
3 16 9.5 21.4 9.1 9.6 22.4 10.6 10.2 22.5 9.8
3 16 10.2 21.2 8.2 9.5 21.4 9.1 10.9 22.5 8.9
3 16 8.7 21.1 9.7 9.6 22.4 10.6 9.5 21.4 9.1
3 16 11.6 22.1 8.3 10.9 22.5 8.9 12.7 23.3 9.5
3 16 11.6 22.1 8.3 10.2 21.2 8.2 10.9 22.5 8.9
3 16 10.7 20.5 7.5 10.2 21.2 8.2 11.6 22.1 8.3
3 16 6.1 22.6 16.4 6.5 21.3 17 7 22.6 16.1
3 16 2.4 16.7 17.8 2.1 18.3 17.6 1.4 17.1 17.8
3 16 2.1 18.3 17.6 3.1 18 17.7 2.8 19.9 17.7
3 16 2.8 19.9 17.7 3.1 18 17.7 3.9 19.7 17.5
3 16 3.9 19.7 17.5 3.9 21.3 17 3 21.4 17.5
3 16 3 21.4 17.5 2.8 19.9 17.7 3.9 19.7 17.5
3 16 3 21.4 17.5 3.9 21.3 17 2.8 22.9 17.1
3 16 2.8 22.9 17.1 3.5 23.7 15.3 2.4 23.9 15.5
4 16 2.1 18.3 17.6 2.4 16.7 17.8 3.6 17.4 17.8 3.1 18 17.7
3 16 4.5 18 17.6 3.1 18 17.7 3.6 17.4 17.8
3 16 3.1 18 17.7 4.5 18 17.6 3.9 19.7 17.5
3 16 3.9 19.7 17.5 4.5 18 17.6 5 18.7 17.1
3 16 5 18.7 17.1 4.7 20.5 16.5 3.9 19.7 17.5
3 16 3.9 19.7 17.5 4.7 20.5 16.5 3.9 21.3 17
3 16 2.8 22.9 17.1 3.9 21.3 17 4.7 22.3 15.9
3 16 4.7 22.3 15.9 3.9 21.3 17 4.7 20.5 16.5
3 16 2.8 22.9 17.1 4.7 22.3 15.9 3.5 23.7 15.3
3 16 3.5 23.7 15.3 4.7 22.3 15.9 4.3 23 14.7
4 16 1.9 23.8 14.1 2.4 23.9 15.5 3.5 23.7 15.3 3 23.6 13.8
3 16 3.5 23.7 15.3 4.3 23 14.7 3 23.6 13.8
3 16 3 23.6 13.8 4.3 23 14.7 3.9 23.1 13.5
3 16 3.9 23.1 13.5 2.7 22.9 12.9 3 23.6 13.8
3 16 3 23.6 13.8 2.7 22.9 12.9 1.9 23.8 14.1
3 16 3.7 22.3 12.6 2.7 22.9 12.9 3.9 23.1 13.5
3 16 1.9 23.8 14.1 2.7 22.9 12.9 1.5 23 13.1
3 16 16.2 22.2 6 16.8 20.9 5.8 17.6 21.1 5.1
3 16 17.6 21.1 5.1 16.3 22.2 4.8 16.2 22.2 6
3 16 17.6 21.1 5.1 16.5 22.5 4 16.3 22.2 4.8
3 16 18 21.3 3.9 16.5 22.5 4 17.6 21.1 5.1
3 16 18 21.3 3.9 16.3 22.1 2.8 16.5 22.5 4
3 16 17.6 21.3 2.6 16.3 22.1 2.8 18 21.3 3.9
3 16 16.5 21.2 1.9 16.3 22.1 2.8 17.6 21.3 2.6
3 16 16 21.9 2.3 16.3 22.1 2.8 16.5 21.2 1.9
3 16 16.3 22.1 2.8 16 21.9 2.3 15.4 22.4 3
3 16 15.4 22.4 3 16.5 22.5 4 16.3 22.1 2.8
3 16 15.4 22.4 3 16 21.9 2.3 15.2 22 2.6
3 16 16.5 22.5 4 15.3 22.3 3.8 16.3 22.2 4.8
3 16 15.3 22.3 3.8 16.5 22.5 4 15.4 22.4 3
3 16 16.3 22.2 4.8 15.3 22.3 3.8 15.1 22.3 4.8
3 16 16.3 22.2 4.8 15.1 22.3 4.8 16.2 22.2 6
3 16 16.2 22.2 6 15.1 22.3 4.8 14.8 22.3 5.9
3 16 15.2 22 2.6 13.8 21.2 3.6 15.4 22.4 3
3 16 13.8 21.2 3.6 15.1 22.3 4.8 15.3 22.3 3.8
3 16 15.4 22.4 3 13.8 21.2 3.6 15.3 22.3 3.8
3 16 13.7 20.6 2.7 13.8 21.2 3.6 15.2 22 2.6
3 16 15.1 22.3 4.8 13.2 21.4 4.7 14.8 22.3 5.9
3 16 13.2 21.4 4.7 15.1 22.3 4.8 13.8 21.2 3.6
3 16 14.8 22.3 5.9 13.2 21.4 4.7 13 21.4 5.7
4 16 13.2 21.4 4.7 12.1 20 4.8 11.8 19.8 5.5 13 21.4 5.7
4 16 12.1 20 4.8 13.2 21.4 4.7 13.8 21.2 3.6 12.5 19.6 3.8
3 16 13.8 21.2 3.6 13.7 20.6 2.7 12.5 19.6 3.8
3 16 12.5 19.6 3.8 13.7 20.6 2.7 12.8 18.8 2.8
4 16 6.6 23.6 14.4 5.3 23.5 15 6.1 22.6 16.4 7 22.6 16.1
3 16 6 23.4 12.8 5.3 23.5 15 6.6 23.6 14.4
3 16 4.7 23.4 13.3 5.3 23.5 15 6 23.4 12.8
3 16 6 23.4 12.8 4.5 22.8 12.3 4.7 23.4 13.3
3 16 5.6 22.7 11.8 4.5 22.8 12.3 6 23.4 12.8
3 16 1.2 20.7 16.5 3 21.4 17.5 1.1 22.4 16.1
3 16 1.1 22.4 16.1 3 21.4 17.5 2.8 22.9 17.1
3 16 2.4 23.9 15.5 1.1 22.4 16.1 2.8 22.9 17.1
3 16 1 23.3 15.4 1.1 22.4 16.1 2.4 23.9 15.5
4 16 2.1 18.3 17.6 2.8 19.9 17.7 3 21.4 17.5 1.2 20.7 16.5
3 16 1.2 20.7 16.5 0.8 18.1 17.3 2.1 18.3 17.6
3 16 2.1 18.3 17.6 0.8 18.1 17.3 1.4 17.1 17.8
3 16 1.4 17.1 17.8 0.8 18.1 17.3 0.1 16.1 18.1
3 16 2.4 23.9 15.5 1.9 23.8 14.1 1 23.3 15.4
3 16 1 23.3 15.4 1.9 23.8 14.1 0.9 23.5 14.2
3 16 1.5 23 13.1 0.9 23.5 14.2 1.9 23.8 14.1
3 16 0.8 22.8 13.1 0.9 23.5 14.2 1.5 23 13.1
3 16 -2 7.5 18 -0.9 7.4 18.5 -2.3 8.3 18.4
3 16 -2.3 8.3 18.4 -0.9 7.4 18.5 -0.5 8.3 18.8
3 16 -1.1 9.9 19.5 -2.3 8.3 18.4 -0.5 8.3 18.8
3 16 -2.8 9.8 19.2 -2.3 8.3 18.4 -1.1 9.9 19.5
3 16 -1.1 9.9 19.5 -1.5 13 19.4 -2.8 9.8 19.2
3 16 -2.8 9.8 19.2 -1.5 13 19.4 -3.2 12.8 19.2
3 16 -3.2 12.8 19.2 -1.5 13 19.4 -2.7 15.1 18.3
3 16 -2.7 15.1 18.3 -1.5 13 19.4 -1.3 15.1 18.6
3 16 -2.7 15.1 18.3 -1.3 15.1 18.6 -1.6 16.3 18
3 16 -1.6 16.3 18 -1.3 15.1 18.6 -0.7 16.2 18.1
3 16 -0.5 8.3 18.8 -0.9 7.4 18.5 0.3 8.3 18.9
3 16 0.3 8.3 18.9 -0.9 7.4 18.5 0.2 6.3 18.4
3 16 0.3 8.3 18.9 0.1 10.3 19.2 -0.5 8.3 18.8
3 16 -0.5 8.3 18.8 0.1 10.3 19.2 -1.1 9.9 19.5
4 16 0.1 10.3 19.2 -0.3 11.8 19.2 -1.5 13 19.4 -1.1 9.9 19.5
3 16 -0.3 11.8 19.2 -0.3 15.3 18.3 -1.5 13 19.4
3 16 -1.5 13 19.4 -0.3 15.3 18.3 -1.3 15.1 18.6
3 16 -0.3 15.3 18.3 -0.7 16.2 18.1 -1.3 15.1 18.6
3 16 0.1 16.1 18.1 -0.7 16.2 18.1 -0.3 15.3 18.3
3 16 -1.6 16.3 18 -2.4 16.5 17.5 -2.7 15.1 18.3
3 16 -2.7 15.1 18.3 -2.4 16.5 17.5 -3.4 14.9 17.6
3 16 -4 13.5 18.2 -2.7 15.1 18.3 -3.4 14.9 17.6
3 16 -3.2 12.8 19.2 -2.7 15.1 18.3 -4 13.5 18.2
3 16 -4 13.5 18.2 -4.1 11.8 18.7 -3.2 12.8 19.2
3 16 -3.2 12.8 19.2 -4.1 11.8 18.7 -2.8 9.8 19.2
3 16 -2.8 9.8 19.2 -4.1 11.8 18.7 -3.8 9.7 18.4
3 16 -2.8 9.8 19.2 -3.8 9.7 18.4 -2.3 8.3 18.4
3 16 -2.3 8.3 18.4 -3.8 9.7 18.4 -3.4 7.8 17.7
3 16 -2.3 8.3 18.4 -3.4 7.8 17.7 -2 7.5 18
3 16 -2 7.5 18 -3.4 7.8 17.7 -3 6.8 17.3
3 16 -5.1 15.1 16.8 -5.5 13.9 17.5 -3.4 14.9 17.6
3 16 -3.4 14.9 17.6 -5.5 13.9 17.5 -4 13.5 18.2
3 16 -6.2 15 17.2 -5.5 13.9 17.5 -5.1 15.1 16.8
3 16 -5.1 15.1 16.8 -5.7 16.8 16.7 -6.2 15 17.2
3 16 -6.2 15 17.2 -5.7 16.8 16.7 -6.8 16.6 17.1
3 16 -6.3 18.5 16.4 -6.8 16.6 17.1 -5.7 16.8 16.7
3 16 -7.2 18.3 16.4 -6.8 16.6 17.1 -6.3 18.5 16.4
3 16 -6.3 18.5 16.4 -7.7 19.6 16.2 -7.2 18.3 16.4
3 16 -6.6 20.4 16 -7.7 19.6 16.2 -6.3 18.5 16.4
3 16 -6.6 20.4 16 -8 21.1 16.3 -7.7 19.6 16.2
3 16 -6.2 22.2 15.6 -8 21.1 16.3 -6.6 20.4 16
3 16 -7.9 22.5 16 -8 21.1 16.3 -6.2 22.2 15.6
3 16 -6.2 22.2 15.6 -7.4 23.3 14.8 -7.9 22.5 16
3 16 -5.9 22.8 14.8 -7.4 23.3 14.8 -6.2 22.2 15.6
3 16 -7.4 23.3 14.8 -5.9 22.8 14.8 -6.3 23.5 13.1
3 16 -6.3 23.5 13.1 -5.9 22.8 14.8 -5.4 22.9 13.4
3 16 -5.4 22.9 13.4 -5.8 22.6 11.8 -6.3 23.5 13.1
3 16 -5 22.2 12.2 -5.8 22.6 11.8 -5.4 22.9 13.4
3 16 -3.6 17.9 17.3 -4.9 17.2 17.2 -2.4 16.5 17.5
3 16 -2.4 16.5 17.5 -4.9 17.2 17.2 -3.4 14.9 17.6
4 16 -4.9 17.2 17.2 -3.6 17.9 17.3 -4.2 21 17.3 -5.8 20.8 17.2
3 16 -4.2 21 17.3 -5.5 22.5 16.5 -5.8 20.8 17.2
3 16 -4.1 22.6 16.7 -5.5 22.5 16.5 -4.2 21 17.3
3 16 -5.5 22.5 16.5 -4.1 22.6 16.7 -5.3 23.3 15.4
3 16 -5.3 23.3 15.4 -4.1 22.6 16.7 -3.9 23.5 15.7
4 16 -5.3 23.3 15.4 -3.9 23.5 15.7 -3.3 23.6 14 -4.6 23.4 13.7
4 16 -4.1 22.5 12.5 -4.6 23.4 13.7 -3.3 23.6 14 -2.9 22.7 12.8
3 16 -3.4 14.9 17.6 -4.9 17.2 17.2 -5.1 15.1 16.8
3 16 -5.1 15.1 16.8 -4.9 17.2 17.2 -5.7 16.8 16.7
3 16 -5.7 16.8 16.7 -4.9 17.2 17.2 -6.3 18.5 16.4
3 16 -5.8 20.8 17.2 -6.3 18.5 16.4 -4.9 17.2 17.2
3 16 -6.6 20.4 16 -6.3 18.5 16.4 -5.8 20.8 17.2
3 16 -6.6 20.4 16 -5.8 20.8 17.2 -6.2 22.2 15.6
3 16 -6.2 22.2 15.6 -5.8 20.8 17.2 -5.5 22.5 16.5
3 16 -5.5 22.5 16.5 -5.3 23.3 15.4 -6.2 22.2 15.6
3 16 -6.2 22.2 15.6 -5.3 23.3 15.4 -5.9 22.8 14.8
3 16 -5.3 23.3 15.4 -4.6 23.4 13.7 -5.9 22.8 14.8
3 16 -5.9 22.8 14.8 -4.6 23.4 13.7 -5.4 22.9 13.4
3 16 -4.6 23.4 13.7 -4.1 22.5 12.5 -5.4 22.9 13.4
3 16 -5.4 22.9 13.4 -4.1 22.5 12.5 -5 22.2 12.2
3 16 -2.6 18.3 17 -2.4 16.5 17.5 -1.5 18 18
3 16 -1.5 18 18 -2.4 16.5 17.5 -1.6 16.3 18
4 16 -1.5 18 18 -1.7 20.6 17.8 -3 21.1 16.6 -2.6 18.3 17
3 16 -1.3 22.8 16.8 -3 21.1 16.6 -1.7 20.6 17.8
3 16 -3 22.4 16.1 -3 21.1 16.6 -1.3 22.8 16.8
3 16 -3 22.4 16.1 -1.3 22.8 16.8 -2.8 23.1 15.3
3 16 -2.8 23.1 15.3 -1.3 22.8 16.8 -0.9 23.6 15.8
3 16 -2.4 23.2 14.2 -2.8 23.1 15.3 -1.3 23.6 14.3
3 16 -1.3 23.6 14.3 -1.3 22.8 13.1 -2.4 23.2 14.2
3 16 -2.4 23.2 14.2 -1.3 22.8 13.1 -2.2 22.4 13
3 16 0.8 18.1 17.3 -0.2 18 18 0.1 16.1 18.1
4 16 -1.5 18 18 -0.7 16.2 18.1 0.1 16.1 18.1 -0.2 18 18
3 16 -0.7 16.2 18.1 -1.5 18 18 -1.6 16.3 18
3 16 -0.2 18 18 -0.2 20.5 17.4 -1.7 20.6 17.8
3 16 -0.2 18 18 0.8 18.1 17.3 -0.2 20.5 17.4
3 16 -1.7 20.6 17.8 -1.5 18 18 -0.2 18 18
3 16 -0.2 20.5 17.4 -1.3 22.8 16.8 -1.7 20.6 17.8
3 16 -0.1 22.7 16.6 -1.3 22.8 16.8 -0.2 20.5 17.4
3 16 -1.3 22.8 16.8 -0.1 22.7 16.6 -0.9 23.6 15.8
3 16 -0.9 23.6 15.8 -0.1 22.7 16.6 0.1 23.7 15.7
3 16 -0.2 20.5 17.4 0.8 18.1 17.3 1.2 20.7 16.5
3 16 1.2 20.7 16.5 -0.1 22.7 16.6 -0.2 20.5 17.4
3 16 1.1 22.4 16.1 -0.1 22.7 16.6 1.2 20.7 16.5
3 16 -0.1 22.7 16.6 1.1 22.4 16.1 0.1 23.7 15.7
3 16 0.1 23.7 15.7 1.1 22.4 16.1 1 23.3 15.4
3 16 0.1 23.7 15.7 -0.2 23.9 14.4 -0.9 23.6 15.8
3 16 0.1 23.7 15.7 1 23.3 15.4 -0.2 23.9 14.4
4 16 -2.8 23.1 15.3 -0.9 23.6 15.8 -0.2 23.9 14.4 -1.3 23.6 14.3
3 16 -0.2 23.9 14.4 1 23.3 15.4 0.9 23.5 14.2
3 16 -0.2 23.9 14.4 0.9 23.5 14.2 -0.2 22.9 13.2
3 16 -0.2 22.9 13.2 -1.3 23.6 14.3 -0.2 23.9 14.4
3 16 -0.2 22.9 13.2 0.9 23.5 14.2 0.8 22.8 13.1
3 16 -1.3 22.8 13.1 -1.3 23.6 14.3 -0.2 22.9 13.2
3 16 -1.4 6.3 18.9 -0.9 7.4 18.5 -2 7.5 18
3 16 -2 7.5 18 -1.8 6.3 18.6 -1.4 6.3 18.9
3 16 -0.9 7.4 18.5 -1.4 6.3 18.9 0.2 6.3 18.4
3 16 0.2 6.3 18.4 -1.4 6.3 18.9 -0.4 5 18.8
3 16 -0.4 5 18.8 0.7 5 18.3 0.2 6.3 18.4
3 16 0.3 3.3 18.9 0.7 5 18.3 -0.4 5 18.8
3 16 1.4 3.9 18.3 0.7 5 18.3 0.3 3.3 18.9
4 16 0.7 1.3 18.7 2 1.7 18 1.4 3.9 18.3 0.3 3.3 18.9
3 16 0.7 1.3 18.7 2 -0.6 17.3 2 1.7 18
3 16 0.8 -0.9 17.9 2 -0.6 17.3 0.7 1.3 18.7
3 16 1.1 -2.6 17.3 2 -0.6 17.3 0.8 -0.9 17.9
3 16 2.1 -2.2 16.7 2 -0.6 17.3 1.1 -2.6 17.3
3 16 2.2 -4.2 16.3 2.1 -2.2 16.7 1.1 -2.6 17.3
3 16 2.9 -3.7 16 2.1 -2.2 16.7 2.2 -4.2 16.3
3 16 4.4 -6.1 14.2 2.9 -3.7 16 2.2 -4.2 16.3
3 16 4.9 -5.5 14 2.9 -3.7 16 4.4 -6.1 14.2
3 16 6.4 -6.9 12 4.9 -5.5 14 4.4 -6.1 14.2
3 16 6.8 -6.3 12.4 4.9 -5.5 14 6.4 -6.9 12
3 16 6.4 -6.9 12 6.8 -7.1 10.5 6.8 -6.3 12.4
3 16 6.8 -6.3 12.4 6.8 -7.1 10.5 7.1 -7.1 9.7
3 16 -1.8 6.3 18.6 -2 7.5 18 -2.2 5.9 18.4
3 16 -2.2 5.9 18.4 -2 7.5 18 -3 6.8 17.3
3 16 -3 6.8 17.3 -2.4 4 17.4 -2.2 5.9 18.4
3 16 -2.2 5.9 18.4 -2.4 4 17.4 -1.9 5 18.3
3 16 -2.4 4 17.4 -1.3 3.5 18.5 -1.9 5 18.3
3 16 -2.4 4 17.4 -2.2 1.8 17 -1.3 3.5 18.5
3 16 -1.3 3.5 18.5 -2.2 1.8 17 -1.3 1.1 18.4
3 16 -2.2 1.8 17 -2 0.7 17.1 -1.3 1.1 18.4
3 16 -2 0.7 17.1 -0.9 -1 17.8 -1.3 1.1 18.4
3 16 -1.7 -1 17 -0.9 -1 17.8 -2 0.7 17.1
4 16 -1.7 -1 17 -0.9 -2.7 16.4 -0.3 -2.7 17 -0.9 -1 17.8
3 16 0.3 -4.8 15.6 -0.3 -2.7 17 -0.9 -2.7 16.4
3 16 0.9 -4.7 16.1 -0.3 -2.7 17 0.3 -4.8 15.6
3 16 3 -6.9 13.5 0.9 -4.7 16.1 0.3 -4.8 15.6
3 16 3.5 -6.6 13.8 0.9 -4.7 16.1 3 -6.9 13.5
4 16 3.5 -6.6 13.8 3 -6.9 13.5 5.6 -7.6 11.2 5.9 -7.3 11.6
3 16 5.9 -7.3 11.6 5.6 -7.6 11.2 6.8 -7.1 10.5
3 16 6.8 -7.1 10.5 5.6 -7.6 11.2 7.1 -7.1 9.7
3 16 -1.9 5 18.3 -1.3 3.5 18.5 -0.4 5 18.8
4 16 -0.4 5 18.8 -1.3 3.5 18.5 -1.3 1.1 18.4 0.3 3.3 18.9
3 16 0.3 3.3 18.9 -1.3 1.1 18.4 0.7 1.3 18.7
3 16 -1.3 1.1 18.4 0.8 -0.9 17.9 0.7 1.3 18.7
3 16 -0.9 -1 17.8 0.8 -0.9 17.9 -1.3 1.1 18.4
3 16 -0.3 -2.7 17 0.8 -0.9 17.9 -0.9 -1 17.8
3 16 1.1 -2.6 17.3 0.8 -0.9 17.9 -0.3 -2.7 17
3 16 0.9 -4.7 16.1 1.1 -2.6 17.3 -0.3 -2.7 17
3 16 2.2 -4.2 16.3 1.1 -2.6 17.3 0.9 -4.7 16.1
3 16 3.5 -6.6 13.8 2.2 -4.2 16.3 0.9 -4.7 16.1
3 16 4.4 -6.1 14.2 2.2 -4.2 16.3 3.5 -6.6 13.8
4 16 3.5 -6.6 13.8 5.9 -7.3 11.6 6.4 -6.9 12 4.4 -6.1 14.2
3 16 5.9 -7.3 11.6 6.8 -7.1 10.5 6.4 -6.9 12
3 16 -1.4 6.3 18.9 -1.9 5 18.3 -0.4 5 18.8
3 16 -1.4 6.3 18.9 -1.8 6.3 18.6 -2.2 5.9 18.4
3 16 -2.2 5.9 18.4 -1.9 5 18.3 -1.4 6.3 18.9
3 16 -3.6 17.9 17.3 -2.6 18.3 17 -4.2 21 17.3
3 16 -4.2 21 17.3 -2.6 18.3 17 -3 21.1 16.6
3 16 -3 21.1 16.6 -4.1 22.6 16.7 -4.2 21 17.3
3 16 -3 22.4 16.1 -4.1 22.6 16.7 -3 21.1 16.6
4 16 -4.1 22.6 16.7 -3 22.4 16.1 -2.8 23.1 15.3 -3.9 23.5 15.7
3 16 -3.9 23.5 15.7 -2.8 23.1 15.3 -3.3 23.6 14
3 16 -3.3 23.6 14 -2.8 23.1 15.3 -2.4 23.2 14.2
3 16 -3.3 23.6 14 -2.4 23.2 14.2 -2.9 22.7 12.8
3 16 -2.9 22.7 12.8 -2.4 23.2 14.2 -2.2 22.4 13
3 16 -3.6 17.9 17.3 -2.4 16.5 17.5 -2.6 18.3 17
4 16 -4 13.5 18.2 -5.5 13.9 17.5 -6.2 12.8 18.6 -5.1 12.8 18.8
3 16 -5.5 13.9 17.5 -7.1 13.4 17.3 -6.2 12.8 18.6
3 16 -6.2 12.8 18.6 -7.1 13.4 17.3 -6.9 12.3 18.5
3 16 -8 12.4 17.2 -6.9 12.3 18.5 -7.1 13.4 17.3
3 16 -7.3 11.5 18.3 -6.9 12.3 18.5 -8 12.4 17.2
3 16 -8 12.4 17.2 -8.2 10.4 16.6 -7.3 11.5 18.3
3 16 -7.3 11.5 18.3 -8.2 10.4 16.6 -7.4 9.3 17.9
3 16 -8.2 10.4 16.6 -7.9 8.1 16.1 -7.4 9.3 17.9
3 16 -7.4 9.3 17.9 -7.9 8.1 16.1 -6.8 6.4 17.3
3 16 -6.8 6.4 17.3 -7.9 8.1 16.1 -7.6 6.2 16.1
3 16 -6.8 6.4 17.3 -7.6 6.2 16.1 -6.4 3.3 16.9
3 16 -6.4 3.3 16.9 -7.6 6.2 16.1 -7 3.1 16.3
3 16 -6.4 3.3 16.9 -7 3.1 16.3 -5.4 2 17
3 16 -5.4 2 17 -7 3.1 16.3 -6 1.2 16.3
3 16 -4 13.5 18.2 -5.1 12.8 18.8 -4.1 11.8 18.7
3 16 -4.1 11.8 18.7 -5.1 12.8 18.8 -4.9 12.1 18.9
3 16 -4.9 12.1 18.9 -4.8 9.8 18.9 -4.1 11.8 18.7
3 16 -4.1 11.8 18.7 -4.8 9.8 18.9 -3.8 9.7 18.4
3 16 -4.8 9.8 18.9 -3.4 7.8 17.7 -3.8 9.7 18.4
3 16 -4.3 6.9 18 -3.4 7.8 17.7 -4.8 9.8 18.9
3 16 -4.3 6.9 18 -3 6.8 17.3 -3.4 7.8 17.7
3 16 -3.9 4.3 17.6 -3 6.8 17.3 -4.3 6.9 18
3 16 -2.4 4 17.4 -3 6.8 17.3 -3.9 4.3 17.6
3 16 -3.8 2.1 17.4 -2.4 4 17.4 -3.9 4.3 17.6
3 16 -2.2 1.8 17 -2.4 4 17.4 -3.8 2.1 17.4
3 16 -6.9 12.3 18.5 -6.2 11.9 19 -6.2 12.8 18.6
3 16 -7.3 11.5 18.3 -6.2 11.9 19 -6.9 12.3 18.5
3 16 -7.3 11.5 18.3 -6.2 9.4 19 -6.2 11.9 19
3 16 -7.4 9.3 17.9 -6.2 9.4 19 -7.3 11.5 18.3
4 16 -4.9 12.1 18.9 -6.2 11.9 19 -6.2 9.4 19 -4.8 9.8 18.9
3 16 -5.1 12.8 18.8 -6.2 11.9 19 -4.9 12.1 18.9
3 16 -5.1 12.8 18.8 -6.2 12.8 18.6 -6.2 11.9 19
3 16 -6.2 9.4 19 -7.4 9.3 17.9 -5.6 6.6 18
3 16 -5.6 6.6 18 -7.4 9.3 17.9 -6.8 6.4 17.3
3 16 -5.6 6.6 18 -4.3 6.9 18 -6.2 9.4 19
3 16 -6.2 9.4 19 -4.3 6.9 18 -4.8 9.8 18.9
3 16 -6.8 6.4 17.3 -5 3.7 17.6 -5.6 6.6 18
3 16 -6.4 3.3 16.9 -5 3.7 17.6 -6.8 6.4 17.3
3 16 -5 3.7 17.6 -3.9 4.3 17.6 -5.6 6.6 18
3 16 -5.6 6.6 18 -3.9 4.3 17.6 -4.3 6.9 18
3 16 -5.4 2 17 -5 3.7 17.6 -6.4 3.3 16.9
3 16 -4.6 2.3 17.3 -5 3.7 17.6 -5.4 2 17
3 16 -3.9 4.3 17.6 -5 3.7 17.6 -3.8 2.1 17.4
3 16 -3.8 2.1 17.4 -5 3.7 17.6 -4.6 2.3 17.3
3 16 -4.1 0.7 18.1 -3.8 2.1 17.4 -4.5 0.8 18
3 16 -4.5 0.8 18 -3.8 2.1 17.4 -4.6 2.3 17.3
3 16 -4.1 0.7 18.1 -3.6 0.2 18.1 -3.8 2.1 17.4
3 16 -3.8 2.1 17.4 -3.6 0.2 18.1 -2.2 1.8 17
3 16 -2.2 1.8 17 -3.6 0.2 18.1 -2 0.7 17.1
3 16 -2 0.7 17.1 -3.6 0.2 18.1 -3 -1.5 17.6
3 16 -3 -1.5 17.6 -1.7 -1 17 -2 0.7 17.1
3 16 -3 -1.5 17.6 -2 -3.5 16.5 -1.7 -1 17
3 16 -1.7 -1 17 -2 -3.5 16.5 -0.9 -2.7 16.4
3 16 -0.9 -2.7 16.4 -2 -3.5 16.5 0.3 -4.8 15.6
3 16 0.3 -4.8 15.6 -2 -3.5 16.5 -0.4 -5.6 15.7
3 16 -0.4 -5.6 15.7 3 -6.9 13.5 0.3 -4.8 15.6
3 16 2.6 -7.8 13.3 3 -6.9 13.5 -0.4 -5.6 15.7
3 16 4.7 -8.3 11.5 3 -6.9 13.5 2.6 -7.8 13.3
3 16 5.6 -7.6 11.2 3 -6.9 13.5 4.7 -8.3 11.5
3 16 6.2 -8 10 5.6 -7.6 11.2 4.7 -8.3 11.5
3 16 6.2 -8 10 7.1 -7.1 9.7 5.6 -7.6 11.2
3 16 7.4 -7.2 8.6 7.1 -7.1 9.7 6.2 -8 10
3 16 -5 0.5 17.7 -4.5 0.8 18 -5.4 2 17
3 16 -5.4 2 17 -4.5 0.8 18 -4.6 2.3 17.3
3 16 -6 1.2 16.3 -5 0.5 17.7 -5.4 2 17
3 16 -5.1 -0.1 17.6 -5 0.5 17.7 -6 1.2 16.3
3 16 -5.6 -2 15.7 -5.1 -0.1 17.6 -6 1.2 16.3
3 16 -4.9 -1.9 16.8 -5.1 -0.1 17.6 -5.6 -2 15.7
3 16 -4.9 -1.9 16.8 -5.6 -2 15.7 -4 -4.3 15.5
3 16 -4 -4.3 15.5 -5.6 -2 15.7 -4.9 -3.9 14.6
3 16 -4.9 -3.9 14.6 -2.5 -5.9 13.4 -4 -4.3 15.5
3 16 -4 -4.3 15.5 -2.5 -5.9 13.4 -1.9 -6.3 14.4
3 16 -2.5 -5.9 13.4 0.7 -7.8 11.2 -1.9 -6.3 14.4
3 16 -1.9 -6.3 14.4 0.7 -7.8 11.2 1.5 -8.2 12.2
3 16 3 -9 9.5 1.5 -8.2 12.2 0.7 -7.8 11.2
3 16 3.9 -9.1 10.2 1.5 -8.2 12.2 3 -9 9.5
3 16 3 -9 9.5 6.1 -8.4 8.1 3.9 -9.1 10.2
3 16 6 -8.3 6.8 6.1 -8.4 8.1 3 -9 9.5
3 16 6.1 -8.4 8.1 6 -8.3 6.8 7.7 -7.2 6.4
3 16 7.7 -7.2 6.4 6 -8.3 6.8 7.8 -7.1 5.1
3 16 -4.9 -1.9 16.8 -3.9 -1.8 17.4 -5.1 -0.1 17.6
3 16 -5.1 -0.1 17.6 -3.9 -1.8 17.4 -4.4 0 18
3 16 -3 -1.5 17.6 -4.4 0 18 -3.9 -1.8 17.4
3 16 -3.6 0.2 18.1 -4.4 0 18 -3 -1.5 17.6
3 16 -3.6 0.2 18.1 -4.1 0.7 18.1 -4.4 0 18
3 16 -4.4 0 18 -4.1 0.7 18.1 -4.5 0.8 18
4 16 -5.1 -0.1 17.6 -4.4 0 18 -4.5 0.8 18 -5 0.5 17.7
3 16 -4.9 -1.9 16.8 -3 -4 16.2 -3.9 -1.8 17.4
3 16 -4 -4.3 15.5 -3 -4 16.2 -4.9 -1.9 16.8
3 16 -1.9 -6.3 14.4 -3 -4 16.2 -4 -4.3 15.5
3 16 -1.2 -6.1 15.2 -3 -4 16.2 -1.9 -6.3 14.4
3 16 -1.9 -6.3 14.4 1.5 -8.2 12.2 -1.2 -6.1 15.2
3 16 -1.2 -6.1 15.2 1.5 -8.2 12.2 2.1 -8.2 12.8
3 16 2.1 -8.2 12.8 1.5 -8.2 12.2 4.3 -8.8 10.8
3 16 4.3 -8.8 10.8 1.5 -8.2 12.2 3.9 -9.1 10.2
4 16 4.3 -8.8 10.8 4.7 -8.3 11.5 2.6 -7.8 13.3 2.1 -8.2 12.8
3 16 2.1 -8.2 12.8 2.6 -7.8 13.3 -1.2 -6.1 15.2
3 16 -1.2 -6.1 15.2 2.6 -7.8 13.3 -0.4 -5.6 15.7
3 16 -3 -4 16.2 -1.2 -6.1 15.2 -2 -3.5 16.5
3 16 -2 -3.5 16.5 -1.2 -6.1 15.2 -0.4 -5.6 15.7
4 16 -3 -4 16.2 -2 -3.5 16.5 -3 -1.5 17.6 -3.9 -1.8 17.4
3 16 4.3 -8.8 10.8 6.2 -8 10 4.7 -8.3 11.5
3 16 6.2 -8.3 9.1 6.2 -8 10 4.3 -8.8 10.8
3 16 3.9 -9.1 10.2 6.2 -8.3 9.1 4.3 -8.8 10.8
3 16 6.2 -8 10 6.2 -8.3 9.1 7.4 -7.2 8.6
3 16 7.4 -7.2 8.6 6.2 -8.3 9.1 7.6 -7.2 7.6
3 16 6.2 -8.3 9.1 6.1 -8.4 8.1 7.6 -7.2 7.6
3 16 6.1 -8.4 8.1 6.2 -8.3 9.1 3.9 -9.1 10.2
3 16 7.6 -7.2 7.6 6.1 -8.4 8.1 7.7 -7.2 6.4
4 16 -8.7 10.8 16.5 -9.5 9 15.7 -7.9 8.1 16.1 -8.2 10.4 16.6
3 16 -9.5 9 15.7 -8.7 10.8 16.5 -10.5 12.2 15.4
3 16 -10.5 12.2 15.4 -8.7 10.8 16.5 -9.2 13 16.8
3 16 -10.5 12.2 15.4 -9.2 13 16.8 -10.7 15.2 14.8
3 16 -10.7 15.2 14.8 -9.2 13 16.8 -9.4 15.8 16.7
3 16 -10.7 15.2 14.8 -9.4 15.8 16.7 -10.2 16.8 15.4
3 16 -8.6 18.2 16 -10.2 16.8 15.4 -9.4 15.8 16.7
3 16 -9.4 18.3 15.4 -10.2 16.8 15.4 -8.6 18.2 16
3 16 -8.2 10.4 16.6 -8 12.4 17.2 -8.7 10.8 16.5
3 16 -8.7 10.8 16.5 -8 12.4 17.2 -9.2 13 16.8
3 16 -9.2 13 16.8 -8 12.4 17.2 -7.8 14.3 17.3
3 16 -7.8 14.3 17.3 -9.4 15.8 16.7 -9.2 13 16.8
3 16 -7.9 16.4 17.1 -9.4 15.8 16.7 -7.8 14.3 17.3
3 16 -7.8 14.3 17.3 -6.2 15 17.2 -7.9 16.4 17.1
3 16 -7.1 13.4 17.3 -6.2 15 17.2 -7.8 14.3 17.3
3 16 -7.8 14.3 17.3 -8 12.4 17.2 -7.1 13.4 17.3
3 16 -5.5 13.9 17.5 -6.2 15 17.2 -7.1 13.4 17.3
3 16 -7.9 16.4 17.1 -6.2 15 17.2 -6.8 16.6 17.1
3 16 -7.9 16.4 17.1 -6.8 16.6 17.1 -7.9 18.2 16.3
3 16 -7.9 18.2 16.3 -6.8 16.6 17.1 -7.2 18.3 16.4
4 16 -7.9 18.2 16.3 -8.6 18.2 16 -9.4 15.8 16.7 -7.9 16.4 17.1
3 16 -7.2 18.3 16.4 -7.7 19.6 16.2 -7.9 18.2 16.3
3 16 -8.6 18.2 16 -8.9 19.5 15.7 -9.4 18.3 15.4
3 16 -9.4 18.3 15.4 -8.9 19.5 15.7 -9.8 20.2 15.1
3 16 -8.9 19.5 15.7 -9.1 21.1 15.8 -9.8 20.2 15.1
3 16 -8.9 19.5 15.7 -8 21.1 16.3 -9.1 21.1 15.8
3 16 -7.7 19.6 16.2 -8 21.1 16.3 -8.9 19.5 15.7
4 16 -7.9 18.2 16.3 -7.7 19.6 16.2 -8.9 19.5 15.7 -8.6 18.2 16
4 16 -9 22.5 15.4 -9.8 22.2 14.3 -9.8 20.2 15.1 -9.1 21.1 15.8
3 16 -9 22.5 15.4 -9.1 21.1 15.8 -7.9 22.5 16
3 16 -7.9 22.5 16 -9.1 21.1 15.8 -8 21.1 16.3
3 16 -9 22.5 15.4 -8.5 23.4 14.2 -9.8 22.2 14.3
3 16 -9.8 22.2 14.3 -8.5 23.4 14.2 -9.5 23 13.3
3 16 -7.9 22.5 16 -7.4 23.3 14.8 -9 22.5 15.4
3 16 -9 22.5 15.4 -7.4 23.3 14.8 -8.5 23.4 14.2
3 16 -7.7 23.6 12.4 -9.5 23 13.3 -8.5 23.4 14.2
4 16 -8.5 23.4 14.2 -7.4 23.3 14.8 -6.3 23.5 13.1 -7.7 23.6 12.4
3 16 -8.5 23.1 11.7 -9.5 23 13.3 -7.7 23.6 12.4
3 16 -7.7 23.6 12.4 -7.2 22.7 11 -8.5 23.1 11.7
3 16 -8.5 23.1 11.7 -7.2 22.7 11 -7.9 22 10.5
3 16 -6.3 23.5 13.1 -5.8 22.6 11.8 -7.7 23.6 12.4
3 16 -7.7 23.6 12.4 -5.8 22.6 11.8 -7.2 22.7 11
4 16 -11.3 7.5 16.3 -10.3 6.6 16.7 -7.9 8.1 16.1 -9.5 9 15.7
3 16 -10.9 9.1 15.5 -11.3 7.5 16.3 -9.5 9 15.7
3 16 -10.9 9.1 15.5 -11.9 7.4 15.8 -11.3 7.5 16.3
3 16 -12.1 8.7 14.7 -11.9 7.4 15.8 -10.9 9.1 15.5
3 16 -11.9 7.4 15.8 -12.1 8.7 14.7 -12.3 6.9 15.4
3 16 -12.3 6.9 15.4 -12.1 8.7 14.7 -13.1 8.5 13.2
3 16 -13.1 8.5 13.2 -12.9 7.2 13.1 -12.3 6.9 15.4
3 16 -12.3 6.9 15.4 -12.9 7.2 13.1 -11.7 5.6 15.3
3 16 -10.3 6.6 16.7 -7.6 6.2 16.1 -7.9 8.1 16.1
3 16 -8.8 5.2 16.2 -7.6 6.2 16.1 -10.3 6.6 16.7
3 16 -8.8 5.2 16.2 -7 3.1 16.3 -7.6 6.2 16.1
3 16 -8.3 2.7 16.5 -7 3.1 16.3 -8.8 5.2 16.2
3 16 -8.3 2.7 16.5 -6 1.2 16.3 -7 3.1 16.3
3 16 -7.3 0 16.3 -6 1.2 16.3 -8.3 2.7 16.5
3 16 -11.7 4.2 13.5 -11.7 5.6 15.3 -12.9 7.2 13.1
3 16 -10.9 3.9 15.2 -11.7 5.6 15.3 -11.7 4.2 13.5
4 16 -10.6 1.6 15.3 -10.9 3.9 15.2 -11.7 4.2 13.5 -11.5 2.5 13.5
3 16 -10.9 0.5 13.1 -10.6 1.6 15.3 -11.5 2.5 13.5
3 16 -10 -0.3 15.1 -10.6 1.6 15.3 -10.9 0.5 13.1
3 16 -10.9 0.5 13.1 -9.7 -2 12.5 -10 -0.3 15.1
3 16 -10 -0.3 15.1 -9.7 -2 12.5 -7.7 -3.2 14
3 16 -7.3 0 16.3 -5.6 -2 15.7 -6 1.2 16.3
3 16 -11.1 6 16.1 -12.3 6.9 15.4 -11.7 5.6 15.3
3 16 -11.1 6 16.1 -11.9 7.4 15.8 -12.3 6.9 15.4
3 16 -11.9 7.4 15.8 -11.1 6 16.1 -11.3 7.5 16.3
3 16 -11.3 7.5 16.3 -11.1 6 16.1 -10.3 6.6 16.7
3 16 -11.1 6 16.1 -10 4.5 15.9 -10.3 6.6 16.7
3 16 -11.1 6 16.1 -11.7 5.6 15.3 -10 4.5 15.9
3 16 -10.3 6.6 16.7 -10 4.5 15.9 -8.8 5.2 16.2
3 16 -10 4.5 15.9 -11.7 5.6 15.3 -10.9 3.9 15.2
3 16 -10.9 3.9 15.2 -9.5 2.1 16.1 -10 4.5 15.9
3 16 -10.6 1.6 15.3 -9.5 2.1 16.1 -10.9 3.9 15.2
3 16 -9.5 2.1 16.1 -8.3 2.7 16.5 -10 4.5 15.9
3 16 -10 4.5 15.9 -8.3 2.7 16.5 -8.8 5.2 16.2
3 16 -9.5 2.1 16.1 -7.3 0 16.3 -8.3 2.7 16.5
3 16 -8.6 -0.6 15.9 -7.3 0 16.3 -9.5 2.1 16.1
3 16 -6.9 -2.3 15.3 -7.3 0 16.3 -8.6 -0.6 15.9
3 16 -8.6 -0.6 15.9 -7.7 -3.2 14 -6.9 -2.3 15.3
3 16 -4.9 -3.9 14.6 -6.9 -2.3 15.3 -7.7 -3.2 14
3 16 -5.6 -2 15.7 -6.9 -2.3 15.3 -4.9 -3.9 14.6
3 16 -5.6 -2 15.7 -7.3 0 16.3 -6.9 -2.3 15.3
3 16 -10 -0.3 15.1 -7.7 -3.2 14 -8.6 -0.6 15.9
3 16 -10.6 1.6 15.3 -10 -0.3 15.1 -9.5 2.1 16.1
3 16 -9.5 2.1 16.1 -10 -0.3 15.1 -8.6 -0.6 15.9
3 16 -13.5 10.2 13.1 -13.1 8.5 13.2 -12.5 10.2 14.7
3 16 -12.5 10.2 14.7 -13.1 8.5 13.2 -12.1 8.7 14.7
3 16 -12.5 10.2 14.7 -12.9 12 14.8 -13.5 10.2 13.1
3 16 -13.5 10.2 13.1 -12.9 12 14.8 -13.6 11.6 12.8
3 16 -12.9 12 14.8 -12.6 13.8 14.4 -13.6 11.6 12.8
3 16 -13.6 11.6 12.8 -12.6 13.8 14.4 -13.2 13.3 12.2
3 16 -13.2 13.3 12.2 -12.6 13.8 14.4 -12.6 15.1 13.2
3 16 -12.6 15.1 13.2 -12.6 13.8 14.4 -12 15.9 14.1
3 16 -12.1 8.7 14.7 -10.9 9.1 15.5 -12.5 10.2 14.7
3 16 -12.5 10.2 14.7 -10.9 9.1 15.5 -11.6 11.7 15.3
3 16 -11.6 11.7 15.3 -10.9 9.1 15.5 -10.5 12.2 15.4
3 16 -10.5 12.2 15.4 -10.9 9.1 15.5 -9.5 9 15.7
3 16 -11.6 11.7 15.3 -12.9 12 14.8 -12.5 10.2 14.7
3 16 -10.5 12.2 15.4 -10.7 15.2 14.8 -11.6 11.7 15.3
3 16 -11.6 11.7 15.3 -10.7 15.2 14.8 -11.1 15.7 14.7
3 16 -11.6 11.7 15.3 -11.1 15.7 14.7 -12.6 13.8 14.4
3 16 -12.9 12 14.8 -11.6 11.7 15.3 -12.6 13.8 14.4
3 16 -12.6 13.8 14.4 -11.1 15.7 14.7 -12 15.9 14.1
3 16 -10.7 15.2 14.8 -10.2 16.8 15.4 -11.1 15.7 14.7
3 16 -11.1 15.7 14.7 -10.2 16.8 15.4 -10.7 17.6 15.5
3 16 -12.5 17.1 13.6 -11.1 15.7 14.7 -10.7 17.6 15.5
3 16 -10.7 17.6 15.5 -12.6 20.3 14.1 -12.5 17.1 13.6
3 16 -11.2 20.3 15.1 -12.6 20.3 14.1 -10.7 17.6 15.5
3 16 -12 15.9 14.1 -11.1 15.7 14.7 -12.5 17.1 13.6
3 16 -11.2 20.3 15.1 -10.7 22.7 14.1 -12.6 20.3 14.1
3 16 -12.6 20.3 14.1 -10.7 22.7 14.1 -11.9 22.6 13.2
4 16 -11.3 23.2 12.1 -11.9 22.6 13.2 -10.7 22.7 14.1 -10.1 23.3 13
3 16 -10.1 23.3 13 -9.2 23.2 11.2 -11.3 23.2 12.1
3 16 -11.3 23.2 12.1 -9.2 23.2 11.2 -10.1 23.1 10.4
3 16 -9.2 23.2 11.2 -8.5 22 10 -10.1 23.1 10.4
3 16 -10.1 23.1 10.4 -8.5 22 10 -9.5 21.5 9.1
3 16 -12 15.9 14.1 -12.5 17.1 13.6 -12.6 15.1 13.2
3 16 -12.6 15.1 13.2 -12.5 17.1 13.6 -13.1 16.5 12.6
3 16 -13.1 16.5 12.6 -12.5 17.1 13.6 -13.3 17.7 12.4
3 16 -12.6 20.3 14.1 -13.3 17.7 12.4 -12.5 17.1 13.6
3 16 -12.9 20.4 12.9 -13.3 17.7 12.4 -12.6 20.3 14.1
3 16 -11.9 22.6 13.2 -12.9 20.4 12.9 -12.6 20.3 14.1
3 16 -12.2 22.3 12.5 -12.9 20.4 12.9 -11.9 22.6 13.2
3 16 -11.3 23.2 12.1 -12.2 22.3 12.5 -11.9 22.6 13.2
3 16 -11.6 23.1 11.6 -12.2 22.3 12.5 -11.3 23.2 12.1
3 16 -10.1 23.1 10.4 -11.6 23.1 11.6 -11.3 23.2 12.1
3 16 -10.8 22.7 9.8 -11.6 23.1 11.6 -10.1 23.1 10.4
3 16 -10.1 23.1 10.4 -9.5 21.5 9.1 -10.8 22.7 9.8
3 16 -10.8 22.7 9.8 -9.5 21.5 9.1 -9.9 21 8.6
3 16 -9.8 22.2 14.3 -9.5 23 13.3 -10.7 22.7 14.1
3 16 -10.7 22.7 14.1 -9.5 23 13.3 -10.1 23.3 13
3 16 -11.2 20.3 15.1 -9.8 22.2 14.3 -10.7 22.7 14.1
3 16 -9.8 20.2 15.1 -9.8 22.2 14.3 -11.2 20.3 15.1
3 16 -9.8 20.2 15.1 -11.2 20.3 15.1 -9.4 18.3 15.4
3 16 -9.4 18.3 15.4 -11.2 20.3 15.1 -10.7 17.6 15.5
3 16 -9.5 23 13.3 -8.5 23.1 11.7 -10.1 23.3 13
3 16 -10.1 23.3 13 -8.5 23.1 11.7 -9.2 23.2 11.2
3 16 -7.9 22 10.5 -9.2 23.2 11.2 -8.5 23.1 11.7
3 16 -8.5 22 10 -9.2 23.2 11.2 -7.9 22 10.5
3 16 -10.7 17.6 15.5 -10.2 16.8 15.4 -9.4 18.3 15.4
3 16 -10 -2.8 12.1 -11.3 -1.5 11.2 -10.6 -3.2 11.6
3 16 -9.5 -4.8 11.7 -10 -2.8 12.1 -10.6 -3.2 11.6
3 16 -8.8 -4.5 12.8 -10 -2.8 12.1 -9.5 -4.8 11.7
3 16 -8 -6.2 11.6 -8.8 -4.5 12.8 -9.5 -4.8 11.7
3 16 -7.5 -6 12.8 -8.8 -4.5 12.8 -8 -6.2 11.6
3 16 -8 -6.2 11.6 -4.6 -7 11.5 -7.5 -6 12.8
3 16 -5.2 -6.9 10.3 -4.6 -7 11.5 -8 -6.2 11.6
3 16 -5.2 -6.9 10.3 -0.9 -8.6 8.8 -4.6 -7 11.5
3 16 -1.6 -8.2 7.8 -0.9 -8.6 8.8 -5.2 -6.9 10.3
3 16 0.8 -9.8 6 -0.9 -8.6 8.8 -1.6 -8.2 7.8
3 16 1.9 -10.3 6.2 -0.9 -8.6 8.8 0.8 -9.8 6
3 16 1.9 -10.3 6.2 0.8 -9.8 6 2.2 -10.1 4.9
3 16 2.2 -10.1 4.9 4.7 -9.9 3.9 1.9 -10.3 6.2
3 16 4.5 -9.4 3.3 4.7 -9.9 3.9 2.2 -10.1 4.9
3 16 4.5 -9.4 3.3 6.7 -8.7 2.5 4.7 -9.9 3.9
3 16 6.5 -8.4 1.5 6.7 -8.7 2.5 4.5 -9.4 3.3
3 16 6.7 -8.7 2.5 6.5 -8.4 1.5 8.1 -7.1 1.4
3 16 8.1 -7.1 1.4 6.5 -8.4 1.5 8.2 -7.3 0.1
3 16 -8.4 -4.1 13.5 -10 -2.8 12.1 -8.8 -4.5 12.8
3 16 -8.8 -4.5 12.8 -7.5 -6 12.8 -8.4 -4.1 13.5
3 16 -8.4 -4.1 13.5 -7.5 -6 12.8 -6.7 -5.2 14.1
3 16 -4.6 -7 11.5 -6.7 -5.2 14.1 -7.5 -6 12.8
3 16 -3.4 -6.6 13 -6.7 -5.2 14.1 -4.6 -7 11.5
3 16 -4.6 -7 11.5 0.2 -8.4 10.4 -3.4 -6.6 13
3 16 -0.9 -8.6 8.8 0.2 -8.4 10.4 -4.6 -7 11.5
3 16 -0.9 -8.6 8.8 2.7 -9.8 8.7 0.2 -8.4 10.4
3 16 1.9 -10.3 6.2 2.7 -9.8 8.7 -0.9 -8.6 8.8
3 16 1.9 -10.3 6.2 6 -9.1 5.6 2.7 -9.8 8.7
3 16 4.7 -9.9 3.9 6 -9.1 5.6 1.9 -10.3 6.2
3 16 6 -9.1 5.6 4.7 -9.9 3.9 6.7 -8.7 2.5
3 16 6 -9.1 5.6 6.7 -8.7 2.5 8 -7.1 2.7
3 16 8 -7.1 2.7 6.7 -8.7 2.5 8.1 -7.1 1.4
3 16 -10 -2.8 12.1 -8.4 -4.1 13.5 -9.7 -2 12.5
3 16 -9.7 -2 12.5 -8.4 -4.1 13.5 -7.7 -3.2 14
3 16 -8.4 -4.1 13.5 -6.7 -5.2 14.1 -7.7 -3.2 14
3 16 -7.7 -3.2 14 -6.7 -5.2 14.1 -4.9 -3.9 14.6
3 16 -3.4 -6.6 13 -4.9 -3.9 14.6 -6.7 -5.2 14.1
3 16 -2.5 -5.9 13.4 -4.9 -3.9 14.6 -3.4 -6.6 13
3 16 -3.4 -6.6 13 0.7 -7.8 11.2 -2.5 -5.9 13.4
3 16 0.2 -8.4 10.4 0.7 -7.8 11.2 -3.4 -6.6 13
3 16 0.7 -7.8 11.2 0.2 -8.4 10.4 3 -9 9.5
3 16 3 -9 9.5 0.2 -8.4 10.4 2.7 -9.8 8.7
4 16 6 -9.1 5.6 6 -8.3 6.8 3 -9 9.5 2.7 -9.8 8.7
3 16 6 -9.1 5.6 7.8 -7.1 5.1 6 -8.3 6.8
3 16 8 -7.1 2.7 7.8 -7.1 5.1 6 -9.1 5.6
3 16 -10 -2.8 12.1 -9.7 -2 12.5 -11.3 -1.5 11.2
3 16 -13.2 -2.8 9.9 -13.2 -2.4 10.1 -14.1 0 8.1
3 16 -14.1 0 8.1 -13.6 -1.1 7.6 -13.2 -2.8 9.9
3 16 -14.1 0 8.1 -13.2 -2.4 10.1 -13.4 -0.2 9.3
3 16 -13.4 -0.2 9.3 -13.2 -2.4 10.1 -12.9 -2.5 10.5
3 16 -12.9 -2.5 10.5 -12.5 -0.7 10.6 -13.4 -0.2 9.3
3 16 -11.8 -3.7 11 -12.5 -0.7 10.6 -12.9 -2.5 10.5
3 16 -13.6 -1.1 7.6 -12.1 -3.7 7 -13.2 -2.8 9.9
3 16 -13.2 -2.8 9.9 -12.1 -3.7 7 -12.3 -4.5 9.5
3 16 -12.5 -0.7 10.6 -11.8 -3.7 11 -11.3 -1.5 11.2
3 16 -11.3 -1.5 11.2 -11.8 -3.7 11 -10.6 -3.2 11.6
3 16 -10.1 -5.6 11 -10.6 -3.2 11.6 -11.8 -3.7 11
3 16 -9.5 -4.8 11.7 -10.6 -3.2 11.6 -10.1 -5.6 11
3 16 -12.1 -3.7 7 -11.1 -6.7 8.9 -12.3 -4.5 9.5
3 16 -10.4 -6.4 6.5 -11.1 -6.7 8.9 -12.1 -3.7 7
3 16 -10 -7.8 8 -11.1 -6.7 8.9 -10.4 -6.4 6.5
3 16 -10.1 -5.6 11 -8.5 -6.7 11 -9.5 -4.8 11.7
3 16 -9.5 -4.8 11.7 -8.5 -6.7 11 -8 -6.2 11.6
3 16 -10.4 -6.4 6.5 -7.4 -7.9 5.9 -10 -7.8 8
3 16 -10 -7.8 8 -7.4 -7.9 5.9 -7.3 -8.5 7.2
3 16 -5.9 -7.5 9.8 -8 -6.2 11.6 -8.5 -6.7 11
3 16 -5.2 -6.9 10.3 -8 -6.2 11.6 -5.9 -7.5 9.8
3 16 -2.2 -8.8 7.3 -5.2 -6.9 10.3 -5.9 -7.5 9.8
3 16 -1.6 -8.2 7.8 -5.2 -6.9 10.3 -2.2 -8.8 7.3
3 16 -7.4 -7.9 5.9 -3.2 -8.9 5.2 -7.3 -8.5 7.2
3 16 -7.3 -8.5 7.2 -3.2 -8.9 5.2 -2.9 -9.2 6.2
3 16 -3.2 -8.9 5.2 -0.2 -10.3 4.4 -2.9 -9.2 6.2
3 16 -2.9 -9.2 6.2 -0.2 -10.3 4.4 0.3 -10.4 4.9
3 16 1.8 -10.4 4 0.3 -10.4 4.9 -0.2 -10.3 4.4
3 16 1.9 -10.2 4.5 0.3 -10.4 4.9 1.8 -10.4 4
3 16 1.8 -10.4 4 4.5 -9.4 3.3 1.9 -10.2 4.5
3 16 2.2 -10.1 4.9 1.9 -10.2 4.5 4.5 -9.4 3.3
3 16 1.9 -10.2 4.5 2.2 -10.1 4.9 0.5 -10.2 5.4
3 16 0.5 -10.2 5.4 2.2 -10.1 4.9 0.8 -9.8 6
3 16 -1.6 -8.2 7.8 -2.2 -8.8 7.3 0.8 -9.8 6
3 16 0.8 -9.8 6 -2.2 -8.8 7.3 0.5 -10.2 5.4
3 16 -13.2 -2.4 10.1 -13.2 -2.8 9.9 -12.2 -4.2 10.4
3 16 -12.2 -4.2 10.4 -13.2 -2.8 9.9 -12.3 -4.5 9.5
3 16 -13.2 -2.4 10.1 -12.2 -4.2 10.4 -12.9 -2.5 10.5
3 16 -12.9 -2.5 10.5 -12.2 -4.2 10.4 -11.8 -3.7 11
3 16 -12.2 -4.2 10.4 -10.1 -5.6 11 -11.8 -3.7 11
3 16 -10.7 -6.4 10.1 -10.1 -5.6 11 -12.2 -4.2 10.4
3 16 -12.3 -4.5 9.5 -10.7 -6.4 10.1 -12.2 -4.2 10.4
3 16 -10.1 -5.6 11 -10.7 -6.4 10.1 -8.5 -6.7 11
3 16 -8.5 -6.7 11 -10.7 -6.4 10.1 -9.4 -7.6 9.8
3 16 -9.4 -7.6 9.8 -6.6 -8.3 8.6 -8.5 -6.7 11
3 16 -8.5 -6.7 11 -6.6 -8.3 8.6 -5.9 -7.5 9.8
3 16 -5.9 -7.5 9.8 -6.6 -8.3 8.6 -2.2 -8.8 7.3
3 16 -2.2 -8.8 7.3 -6.6 -8.3 8.6 -2.6 -9.1 6.8
3 16 0.2 -10.3 5.3 -2.2 -8.8 7.3 -2.6 -9.1 6.8
3 16 0.5 -10.2 5.4 -2.2 -8.8 7.3 0.2 -10.3 5.3
3 16 0.2 -10.3 5.3 0.3 -10.4 4.9 0.5 -10.2 5.4
3 16 0.3 -10.4 4.9 1.9 -10.2 4.5 0.5 -10.2 5.4
3 16 -11.1 -6.7 8.9 -10.7 -6.4 10.1 -12.3 -4.5 9.5
3 16 -10.7 -6.4 10.1 -11.1 -6.7 8.9 -9.4 -7.6 9.8
3 16 -9.4 -7.6 9.8 -11.1 -6.7 8.9 -10 -7.8 8
3 16 -6.6 -8.3 8.6 -9.4 -7.6 9.8 -7.3 -8.5 7.2
3 16 -7.3 -8.5 7.2 -9.4 -7.6 9.8 -10 -7.8 8
3 16 -2.6 -9.1 6.8 -6.6 -8.3 8.6 -2.9 -9.2 6.2
3 16 -2.9 -9.2 6.2 -6.6 -8.3 8.6 -7.3 -8.5 7.2
3 16 -2.6 -9.1 6.8 -2.9 -9.2 6.2 0.2 -10.3 5.3
3 16 0.2 -10.3 5.3 -2.9 -9.2 6.2 0.3 -10.4 4.9
3 16 -14.8 2 8.8 -14.1 0 8.1 -14.4 1.8 10
3 16 -14.4 1.8 10 -14.1 0 8.1 -13.4 -0.2 9.3
3 16 -13.4 -0.2 9.3 -13.8 1.5 11.2 -14.4 1.8 10
3 16 -12.5 -0.7 10.6 -13.8 1.5 11.2 -13.4 -0.2 9.3
3 16 -14.4 3.4 11.6 -14.4 1.8 10 -13.8 1.5 11.2
3 16 -14.9 3.6 10.3 -14.4 1.8 10 -14.4 3.4 11.6
3 16 -14.4 1.8 10 -14.9 3.6 10.3 -14.8 2 8.8
3 16 -14.4 3.4 11.6 -14.5 5 10.3 -14.9 3.6 10.3
3 16 -13.9 5 11.5 -14.5 5 10.3 -14.4 3.4 11.6
3 16 -14.9 3.6 10.3 -14.5 5 10.3 -15.2 3.8 9.2
3 16 -14.8 2 8.8 -14.9 3.6 10.3 -15.2 3.8 9.2
3 16 -15.2 3.8 9.2 -14.5 5 10.3 -15.1 4.9 9.2
3 16 -11.3 -1.5 11.2 -12 0.6 12 -12.5 -0.7 10.6
3 16 -12.5 -0.7 10.6 -12 0.6 12 -13.8 1.5 11.2
4 16 -12 0.6 12 -11.3 -1.5 11.2 -9.7 -2 12.5 -10.9 0.5 13.1
3 16 -12 0.6 12 -10.9 0.5 13.1 -12.6 2.1 12.3
3 16 -12 0.6 12 -12.6 2.1 12.3 -13.8 1.5 11.2
3 16 -12.6 2.1 12.3 -10.9 0.5 13.1 -11.5 2.5 13.5
3 16 -11.7 4.2 13.5 -12.6 2.1 12.3 -11.5 2.5 13.5
3 16 -13 4.9 12.4 -12.6 2.1 12.3 -11.7 4.2 13.5
3 16 -12.6 2.1 12.3 -13 4.9 12.4 -14.4 3.4 11.6
3 16 -13.8 1.5 11.2 -12.6 2.1 12.3 -14.4 3.4 11.6
3 16 -14.4 3.4 11.6 -13 4.9 12.4 -13.9 5 11.5
3 16 -15 6.6 10.2 -14.5 5 10.3 -14.6 6.6 11.4
3 16 -14.6 6.6 11.4 -14.5 5 10.3 -13.9 5 11.5
3 16 -15 6.6 10.2 -15.2 5.9 9.3 -14.5 5 10.3
3 16 -14.5 5 10.3 -15.2 5.9 9.3 -15.1 4.9 9.2
3 16 -15.5 9.2 11.7 -15 6.6 10.2 -14.6 6.6 11.4
3 16 -15.8 9.3 10.3 -15 6.6 10.2 -15.5 9.2 11.7
3 16 -15.8 9.3 10.3 -15.8 7.3 9.1 -15 6.6 10.2
3 16 -15.8 7.3 9.1 -15.2 5.9 9.3 -15 6.6 10.2
3 16 -16.1 9.5 8.9 -15.8 7.3 9.1 -15.8 9.3 10.3
3 16 -15.5 9.2 11.7 -15.3 12.1 11.6 -15.8 9.3 10.3
3 16 -15.8 9.3 10.3 -15.3 12.1 11.6 -15.7 12.1 10.2
3 16 -15.8 9.3 10.3 -15.7 12.1 10.2 -16.1 9.5 8.9
3 16 -16.1 9.5 8.9 -15.7 12.1 10.2 -16.1 12 8.7
3 16 -14.4 13.8 10.9 -15.7 12.1 10.2 -15.3 12.1 11.6
3 16 -15.5 13.9 9 -15.7 12.1 10.2 -14.4 13.8 10.9
3 16 -16.1 12 8.7 -15.7 12.1 10.2 -15.5 13.9 9
3 16 -13 4.9 12.4 -13.7 6.6 12.3 -13.9 5 11.5
3 16 -13.9 5 11.5 -13.7 6.6 12.3 -14.6 6.6 11.4
3 16 -13.7 6.6 12.3 -13 4.9 12.4 -12.9 7.2 13.1
3 16 -12.9 7.2 13.1 -13 4.9 12.4 -11.7 4.2 13.5
3 16 -13.1 8.5 13.2 -13.7 6.6 12.3 -12.9 7.2 13.1
3 16 -14.4 9.2 12.5 -13.7 6.6 12.3 -13.1 8.5 13.2
3 16 -14.4 9.2 12.5 -14.6 6.6 11.4 -13.7 6.6 12.3
3 16 -15.5 9.2 11.7 -14.6 6.6 11.4 -14.4 9.2 12.5
3 16 -13.1 8.5 13.2 -13.5 10.2 13.1 -14.4 9.2 12.5
3 16 -14.4 9.2 12.5 -14.5 12 12.4 -15.5 9.2 11.7
3 16 -13.5 10.2 13.1 -14.5 12 12.4 -14.4 9.2 12.5
3 16 -15.5 9.2 11.7 -14.5 12 12.4 -15.3 12.1 11.6
3 16 -13.6 11.6 12.8 -14.5 12 12.4 -13.5 10.2 13.1
3 16 -14.5 12 12.4 -14.4 13.8 10.9 -15.3 12.1 11.6
3 16 -13.2 13.3 12.2 -14.4 13.8 10.9 -14.5 12 12.4
3 16 -14.5 12 12.4 -13.6 11.6 12.8 -13.2 13.3 12.2
3 16 6.6 -9.1 -0.3 6.8 -9 0.5 4.6 -10.3 0.9
3 16 4.6 -10.3 0.9 6.8 -9 0.5 4.8 -10.1 1.8
3 16 4.6 -10.3 0.9 4.8 -10.1 1.8 2.2 -11 1.8
3 16 2.2 -11 1.8 4.8 -10.1 1.8 2.2 -10.9 3.1
3 16 2.2 -10.9 3.1 -0.2 -11.1 2.3 2.2 -11 1.8
3 16 -0.2 -10.8 3.9 -0.2 -11.1 2.3 2.2 -10.9 3.1
3 16 -0.2 -11.1 2.3 -0.2 -10.8 3.9 -3.2 -10.1 2.4
3 16 -3.2 -10.1 2.4 -0.2 -10.8 3.9 -3.2 -9.7 4.3
3 16 -3.2 -10.1 2.4 -3.2 -9.7 4.3 -7.3 -8.9 2.6
3 16 -7.3 -8.9 2.6 -3.2 -9.7 4.3 -7.4 -8.7 4.8
3 16 -7.4 -8.7 4.8 -9.8 -7.8 2.4 -7.3 -8.9 2.6
3 16 -10.7 -7.3 5.3 -9.8 -7.8 2.4 -7.4 -8.7 4.8
3 16 -10.7 -7.3 5.3 -11.9 -6.2 3 -9.8 -7.8 2.4
3 16 -12 -5.6 5.5 -11.9 -6.2 3 -10.7 -7.3 5.3
3 16 -13 -3.8 2.1 -11.9 -6.2 3 -13 -4.2 3.3
3 16 -11.5 -6.3 1.7 -11.9 -6.2 3 -13 -3.8 2.1
4 16 -11.9 -6.2 3 -12 -5.6 5.5 -12.7 -4.3 5.7 -13 -4.2 3.3
3 16 -13 -4.2 3.3 -14.2 -1.8 4 -13 -3.8 2.1
3 16 -12.7 -4.3 5.7 -14.2 -1.8 4 -13 -4.2 3.3
3 16 -13 -3.8 2.1 -14.2 -1.8 4 -14.3 -1.5 2.7
3 16 -13.9 -2.1 6.3 -14.2 -1.8 4 -12.7 -4.3 5.7
4 16 -15.8 0.4 5.4 -15.8 0.6 3.8 -14.3 -1.5 2.7 -14.2 -1.8 4
3 16 -13.9 -2.1 6.3 -15.8 0.4 5.4 -14.2 -1.8 4
3 16 -15.5 0.2 6.8 -15.8 0.4 5.4 -13.9 -2.1 6.3
3 16 -15.8 0.4 5.4 -17 2.1 4.8 -15.8 0.6 3.8
3 16 -16.8 2 5.9 -17 2.1 4.8 -15.8 0.4 5.4
3 16 -15.5 0.2 6.8 -16.6 2 7 -15.8 0.4 5.4
3 16 -15.8 0.4 5.4 -16.6 2 7 -16.8 2 5.9
3 16 -16.8 2 5.9 -17.1 3.3 6 -17 2.1 4.8
3 16 -16.8 2 5.9 -16.6 2 7 -17.1 3.3 6
3 16 -17 2.1 4.8 -17.1 3.3 6 -17.4 3.3 4.8
3 16 -17.4 3.3 4.8 -17.1 3.3 6 -17.1 5.3 6.5
3 16 -17.1 5.3 6.5 -17.1 3.3 6 -16.8 4.1 7.6
3 16 -17.1 3.3 6 -16.6 2 7 -16.8 4.1 7.6
3 16 -16.8 4.1 7.6 -16.4 7.3 8 -17.1 5.3 6.5
3 16 -17.1 5.3 6.5 -16.4 7.3 8 -17.1 6.1 5.2
3 16 -15.8 7.3 9.1 -16.4 7.3 8 -16.8 4.1 7.6
3 16 -17.4 3.3 4.8 -17.1 5.3 6.5 -17.4 5 4.2
3 16 -17.4 5 4.2 -17.1 5.3 6.5 -17.1 6.1 5.2
3 16 6.8 -9 0.5 6.5 -8.4 1.5 4.8 -10.1 1.8
3 16 4.8 -10.1 1.8 6.5 -8.4 1.5 4.5 -9.4 3.3
3 16 4.8 -10.1 1.8 4.5 -9.4 3.3 2.2 -10.9 3.1
3 16 2.2 -10.9 3.1 4.5 -9.4 3.3 1.8 -10.4 4
3 16 2.2 -10.9 3.1 1.8 -10.4 4 -0.2 -10.8 3.9
3 16 -0.2 -10.8 3.9 1.8 -10.4 4 -0.2 -10.3 4.4
3 16 -0.2 -10.8 3.9 -0.2 -10.3 4.4 -3.2 -9.7 4.3
3 16 -3.2 -9.7 4.3 -0.2 -10.3 4.4 -3.2 -8.9 5.2
3 16 -3.2 -9.7 4.3 -3.2 -8.9 5.2 -7.4 -8.7 4.8
3 16 -7.4 -8.7 4.8 -3.2 -8.9 5.2 -7.4 -7.9 5.9
3 16 -7.4 -7.9 5.9 -10.7 -7.3 5.3 -7.4 -8.7 4.8
3 16 -10.4 -6.4 6.5 -10.7 -7.3 5.3 -7.4 -7.9 5.9
3 16 -10.4 -6.4 6.5 -12 -5.6 5.5 -10.7 -7.3 5.3
3 16 -12.1 -3.7 7 -12 -5.6 5.5 -10.4 -6.4 6.5
3 16 -12 -5.6 5.5 -12.1 -3.7 7 -12.7 -4.3 5.7
4 16 -12.7 -4.3 5.7 -12.1 -3.7 7 -13.6 -1.1 7.6 -13.9 -2.1 6.3
3 16 -13.9 -2.1 6.3 -13.6 -1.1 7.6 -15.5 0.2 6.8
3 16 -15.5 0.2 6.8 -13.6 -1.1 7.6 -14.1 0 8.1
3 16 -14.1 0 8.1 -14.8 2 8.8 -15.5 0.2 6.8
3 16 -15.5 0.2 6.8 -14.8 2 8.8 -16.6 2 7
3 16 -14.8 2 8.8 -16.8 4.1 7.6 -16.6 2 7
3 16 -15.2 3.8 9.2 -16.8 4.1 7.6 -14.8 2 8.8
3 16 -16.8 4.1 7.6 -15.2 3.8 9.2 -15.1 4.9 9.2
3 16 -16.8 4.1 7.6 -15.1 4.9 9.2 -15.2 5.9 9.3
3 16 -15.8 7.3 9.1 -16.8 4.1 7.6 -15.2 5.9 9.3
3 16 6.1 -8.9 -1.1 6.6 -9.1 -0.3 4.2 -9.9 0.1
3 16 4.2 -9.9 0.1 6.6 -9.1 -0.3 4.6 -10.3 0.9
3 16 4.2 -9.9 0.1 4.6 -10.3 0.9 2 -10.6 0.9
3 16 2 -10.6 0.9 4.6 -10.3 0.9 2.2 -11 1.8
3 16 2 -10.6 0.9 2.2 -11 1.8 -0.1 -10.7 1.5
3 16 -0.1 -10.7 1.5 2.2 -11 1.8 -0.2 -11.1 2.3
3 16 -0.1 -10.7 1.5 -0.2 -11.1 2.3 -3.1 -9.7 1.5
3 16 -3.1 -9.7 1.5 -0.2 -11.1 2.3 -3.2 -10.1 2.4
3 16 -3.1 -9.7 1.5 -3.2 -10.1 2.4 -7.2 -8.5 1.6
3 16 -7.2 -8.5 1.6 -3.2 -10.1 2.4 -7.3 -8.9 2.6
3 16 -9.8 -7.8 2.4 -7.2 -8.5 1.6 -7.3 -8.9 2.6
3 16 -10 -7.5 1.6 -7.2 -8.5 1.6 -9.8 -7.8 2.4
4 16 -11.9 -6.2 3 -11.5 -6.3 1.7 -10 -7.5 1.6 -9.8 -7.8 2.4
3 16 6.6 -9.1 -0.3 6.1 -8.9 -1.1 7.6 -8.3 -1.2
3 16 7.6 -8.3 -1.2 6.1 -8.9 -1.1 7.6 -8 -2.3
3 16 7.6 -8.3 -1.2 7.6 -8 -2.3 8.3 -7.4 -1.8
3 16 8.3 -7.4 -1.8 7.6 -8 -2.3 8.3 -7.4 -2.7
3 16 6.5 -8.4 1.5 6.8 -9 0.5 8.2 -7.3 0.1
3 16 8.2 -7.3 0.1 6.8 -9 0.5 8.3 -7.4 -0.9
3 16 6.6 -9.1 -0.3 7.6 -8.3 -1.2 6.8 -9 0.5
3 16 6.8 -9 0.5 7.6 -8.3 -1.2 8.3 -7.4 -0.9
3 16 7.6 -8.3 -1.2 8.3 -7.4 -1.8 8.3 -7.4 -0.9
3 16 6.1 -8.9 -1.1 6.3 -9.2 -2 7.6 -8 -2.3
3 16 6.3 -9.2 -2 6.1 -8.9 -1.1 4.1 -10.4 -0.8
3 16 4.1 -10.4 -0.8 6.1 -8.9 -1.1 4.2 -9.9 0.1
4 16 2 -10.6 0.9 1.9 -11.1 0 4.1 -10.4 -0.8 4.2 -9.9 0.1
3 16 1.9 -11.1 0 2 -10.6 0.9 -0.2 -11 0.5
3 16 -0.2 -11 0.5 2 -10.6 0.9 -0.1 -10.7 1.5
3 16 -0.1 -10.7 1.5 -3.2 -9.9 0.6 -0.2 -11 0.5
3 16 -3.1 -9.7 1.5 -3.2 -9.9 0.6 -0.1 -10.7 1.5
3 16 -3.1 -9.7 1.5 -7.3 -8.8 0.8 -3.2 -9.9 0.6
3 16 -7.2 -8.5 1.6 -7.3 -8.8 0.8 -3.1 -9.7 1.5
3 16 -10 -7.5 1.6 -7.3 -8.8 0.8 -7.2 -8.5 1.6
3 16 -10.9 -7.3 0.8 -7.3 -8.8 0.8 -10 -7.5 1.6
3 16 -11.5 -6.3 1.7 -10.9 -7.3 0.8 -10 -7.5 1.6
3 16 -12.8 -5.6 0.8 -10.9 -7.3 0.8 -11.5 -6.3 1.7
3 16 -11.5 -6.3 1.7 -13 -3.8 2.1 -12.8 -5.6 0.8
3 16 -12.8 -5.6 0.8 -13 -3.8 2.1 -13.6 -4.1 0.9
3 16 -13 -3.8 2.1 -14.8 -1.8 1.8 -13.6 -4.1 0.9
3 16 -14.3 -1.5 2.7 -14.8 -1.8 1.8 -13 -3.8 2.1
3 16 -14.3 -1.5 2.7 -16.7 0.5 2.5 -14.8 -1.8 1.8
3 16 -15.8 0.6 3.8 -16.7 0.5 2.5 -14.3 -1.5 2.7
3 16 -16.7 0.5 2.5 -15.8 0.6 3.8 -17.5 1.8 3.3
3 16 -17.5 1.8 3.3 -15.8 0.6 3.8 -17 2.1 4.8
3 16 -17.5 1.8 3.3 -17 2.1 4.8 -17.8 2.7 3.8
3 16 -17.8 2.7 3.8 -17 2.1 4.8 -17.4 3.3 4.8
3 16 -17.4 3.3 4.8 -18.1 3.6 3.4 -17.8 2.7 3.8
3 16 -17.4 5 4.2 -18.1 3.6 3.4 -17.4 3.3 4.8
3 16 -17.4 5 4.2 -18.3 4.1 2.6 -18.1 3.6 3.4
3 16 -17.7 5.9 3.1 -18.3 4.1 2.6 -17.4 5 4.2
3 16 8.4 -7.1 -3.9 8.3 -7.4 -2.7 7.4 -8.4 -3.6
3 16 7.4 -8.4 -3.6 8.3 -7.4 -2.7 7.6 -8 -2.3
3 16 7.4 -8.4 -3.6 7.3 -8.1 -4.6 8.4 -7.1 -3.9
3 16 8.4 -7.1 -3.9 7.3 -8.1 -4.6 8.4 -6.9 -4.8
3 16 7.4 -8.4 -3.6 5.5 -9.7 -3.7 7.3 -8.1 -4.6
3 16 5.8 -9.8 -2.9 5.5 -9.7 -3.7 7.4 -8.4 -3.6
3 16 5.5 -9.7 -3.7 5.8 -9.8 -2.9 3.7 -10.4 -3
3 16 3.7 -10.4 -3 5.8 -9.8 -2.9 4 -10.7 -2
3 16 4 -10.7 -2 0.6 -10.5 -2.1 3.7 -10.4 -3
3 16 0.7 -10.9 -1 0.6 -10.5 -2.1 4 -10.7 -2
3 16 0.7 -10.9 -1 -3.1 -9.5 -0.8 0.6 -10.5 -2.1
3 16 0.6 -10.5 -2.1 -3.1 -9.5 -0.8 -3 -8.9 -2
3 16 -3.1 -9.5 -0.8 -7.2 -8.5 -0.8 -3 -8.9 -2
3 16 -3 -8.9 -2 -7.2 -8.5 -0.8 -7.1 -8 -2.3
3 16 -7.2 -8.5 -0.8 -11.1 -7.2 -1.2 -7.1 -8 -2.3
3 16 -7.1 -8 -2.3 -11.1 -7.2 -1.2 -10.7 -6.5 -3
3 16 -11.1 -7.2 -1.2 -12.9 -5.2 -1.5 -10.7 -6.5 -3
3 16 -10.7 -6.5 -3 -12.9 -5.2 -1.5 -12.4 -4.3 -3.5
3 16 -12.9 -5.2 -1.5 -14 -2.4 -2.7 -12.4 -4.3 -3.5
3 16 -14.4 -3.1 -0.8 -14 -2.4 -2.7 -12.9 -5.2 -1.5
3 16 -14.4 -3.1 -0.8 -15.5 -0.5 -1.9 -14 -2.4 -2.7
3 16 -15.6 -1 0 -15.5 -0.5 -1.9 -14.4 -3.1 -0.8
3 16 -15.5 -0.5 -1.9 -15.6 -1 0 -17.1 1.4 -1.5
3 16 -17.1 1.4 -1.5 -15.6 -1 0 -17.3 0.9 0.6
3 16 -17.3 0.9 0.6 -18 3.4 -0.7 -17.1 1.4 -1.5
3 16 -18.1 2.5 1.3 -18 3.4 -0.7 -17.3 0.9 0.6
3 16 -3.2 -9.9 0.6 -7.2 -8.5 -0.8 -3.1 -9.5 -0.8
3 16 -3.2 -9.9 0.6 -3.1 -9.5 -0.8 -0.2 -11 0.5
3 16 -0.2 -11 0.5 -3.1 -9.5 -0.8 0.7 -10.9 -1
3 16 -0.2 -11 0.5 0.7 -10.9 -1 1.9 -11.1 0
3 16 4 -10.7 -2 1.9 -11.1 0 0.7 -10.9 -1
3 16 4.1 -10.4 -0.8 1.9 -11.1 0 4 -10.7 -2
3 16 4 -10.7 -2 5.8 -9.8 -2.9 4.1 -10.4 -0.8
3 16 4.1 -10.4 -0.8 5.8 -9.8 -2.9 6.3 -9.2 -2
3 16 5.8 -9.8 -2.9 7.4 -8.4 -3.6 6.3 -9.2 -2
3 16 6.3 -9.2 -2 7.4 -8.4 -3.6 7.6 -8 -2.3
3 16 -17.3 0.9 0.6 -15.6 -1 0 -16.7 0.5 2.5
3 16 -16.7 0.5 2.5 -18.1 2.5 1.3 -17.3 0.9 0.6
3 16 -16.7 0.5 2.5 -15.6 -1 0 -14.8 -1.8 1.8
3 16 -14.4 -3.1 -0.8 -14.8 -1.8 1.8 -15.6 -1 0
3 16 -13.6 -4.1 0.9 -14.8 -1.8 1.8 -14.4 -3.1 -0.8
3 16 -14.4 -3.1 -0.8 -12.9 -5.2 -1.5 -13.6 -4.1 0.9
3 16 -13.6 -4.1 0.9 -12.9 -5.2 -1.5 -12.8 -5.6 0.8
3 16 -12.9 -5.2 -1.5 -11.1 -7.2 -1.2 -12.8 -5.6 0.8
3 16 -12.8 -5.6 0.8 -11.1 -7.2 -1.2 -10.9 -7.3 0.8
3 16 -11.1 -7.2 -1.2 -7.2 -8.5 -0.8 -10.9 -7.3 0.8
3 16 -10.9 -7.3 0.8 -7.2 -8.5 -0.8 -7.3 -8.8 0.8
3 16 -7.3 -8.8 0.8 -7.2 -8.5 -0.8 -3.2 -9.9 0.6
3 16 -17.5 1.8 3.3 -18.1 2.5 1.3 -16.7 0.5 2.5
3 16 -17.5 1.8 3.3 -18.3 3.4 2.1 -18.1 2.5 1.3
3 16 -18.3 3.4 2.1 -18.4 4.2 0.3 -18.1 2.5 1.3
3 16 -18.1 2.5 1.3 -18.4 4.2 0.3 -18 3.4 -0.7
3 16 -17.8 2.7 3.8 -18.3 3.4 2.1 -17.5 1.8 3.3
3 16 -18.4 4.5 1.6 -18.4 4.2 0.3 -18.3 3.4 2.1
3 16 -18.4 4.5 1.6 -18.3 3.4 2.1 -18.3 4.1 2.6
3 16 -18.1 3.6 3.4 -18.3 4.1 2.6 -18.3 3.4 2.1
3 16 -18.1 3.6 3.4 -18.3 3.4 2.1 -17.8 2.7 3.8
4 16 7.3 -8.1 -4.6 7.1 -7.8 -5.1 8.2 -6.6 -5.3 8.4 -6.9 -4.8
3 16 7.1 -7.8 -5.1 7.3 -8.1 -4.6 5 -9.3 -4.2
3 16 5 -9.3 -4.2 7.3 -8.1 -4.6 5.5 -9.7 -3.7
3 16 5 -9.3 -4.2 5.5 -9.7 -3.7 3.4 -9.8 -3.7
3 16 3.4 -9.8 -3.7 5.5 -9.7 -3.7 3.7 -10.4 -3
3 16 3.4 -9.8 -3.7 3.7 -10.4 -3 0.7 -9.8 -3
3 16 0.7 -9.8 -3 3.7 -10.4 -3 0.6 -10.5 -2.1
4 16 0.6 -10.5 -2.1 -3 -8.9 -2 -2.9 -8.3 -2.8 0.7 -9.8 -3
4 16 -7 -7.4 -3.1 -2.9 -8.3 -2.8 -3 -8.9 -2 -7.1 -8 -2.3
3 16 -7.1 -8 -2.3 -10.7 -6.5 -3 -7 -7.4 -3.1
3 16 -7 -7.4 -3.1 -10.7 -6.5 -3 -10.4 -5.9 -3.8
3 16 -10.7 -6.5 -3 -12.4 -4.3 -3.5 -10.4 -5.9 -3.8
3 16 -10.4 -5.9 -3.8 -12.4 -4.3 -3.5 -12.1 -4 -4
3 16 -12.4 -4.3 -3.5 -14 -2.4 -2.7 -12.1 -4 -4
3 16 -12.1 -4 -4 -14 -2.4 -2.7 -13.6 -1.8 -3.6
3 16 -15.5 -0.5 -1.9 -13.6 -1.8 -3.6 -14 -2.4 -2.7
3 16 -15.3 1.1 -3 -13.6 -1.8 -3.6 -15.5 -0.5 -1.9
3 16 -15.3 1.1 -3 -15.5 -0.5 -1.9 -17.1 1.4 -1.5
3 16 -17.1 1.4 -1.5 -15.8 2.4 -3.1 -15.3 1.1 -3
3 16 -16.9 3.3 -2.3 -15.8 2.4 -3.1 -17.1 1.4 -1.5
3 16 -18 3.4 -0.7 -16.9 3.3 -2.3 -17.1 1.4 -1.5
3 16 -17.5 4.7 -1.4 -16.9 3.3 -2.3 -18 3.4 -0.7
3 16 -18.4 4.2 0.3 -17.5 4.7 -1.4 -18 3.4 -0.7
3 16 -17.8 5.7 -0.3 -17.5 4.7 -1.4 -18.4 4.2 0.3
3 16 -17.8 5.7 -0.3 -18.4 4.2 0.3 -18 6 1.6
3 16 -18 6 1.6 -18.4 4.2 0.3 -18.4 4.5 1.6
4 16 -18.4 4.5 1.6 -18.3 4.1 2.6 -17.7 5.9 3.1 -18 6 1.6
3 16 -16.6 3.9 -3.1 -16.9 3.3 -2.3 -17.6 5.2 -2.5
3 16 -17.6 5.2 -2.5 -16.9 3.3 -2.3 -17.5 4.7 -1.4
3 16 -16.9 3.3 -2.3 -16.6 3.9 -3.1 -15.8 2.4 -3.1
3 16 -15.8 2.4 -3.1 -16.6 3.9 -3.1 -15.7 2.8 -3.6
3 16 -17.6 5.2 -2.5 -17.5 4.7 -1.4 -17.8 6.6 -1.5
3 16 -17.8 6.6 -1.5 -17.5 4.7 -1.4 -17.8 5.7 -0.3
3 16 -18.4 8.9 0.5 -17.8 6.6 -1.5 -17.8 5.7 -0.3
3 16 -18.3 9.1 -1 -17.8 6.6 -1.5 -18.4 8.9 0.5
3 16 -18 6 1.6 -18.4 8.9 0.5 -17.8 5.7 -0.3
3 16 -18.4 8.7 2 -18.4 8.9 0.5 -18 6 1.6
3 16 -18.4 8.9 0.5 -18.5 12.3 -0.9 -18.3 9.1 -1
3 16 -19.1 12.2 1 -18.5 12.3 -0.9 -18.4 8.9 0.5
3 16 -18.4 8.7 2 -19.1 12.2 1 -18.4 8.9 0.5
3 16 -18.5 12.3 -0.9 -19.1 12.2 1 -18 14.6 0.9
3 16 -18 14.6 0.9 -19.1 12.2 1 -18.1 14.6 2.3
3 16 -18.1 14.6 2.3 -17.8 16.3 1.4 -18 14.6 0.9
3 16 -17.9 16.3 3.1 -17.8 16.3 1.4 -18.1 14.6 2.3
3 16 -17.9 14.6 3.7 -17.9 16.3 3.1 -18.1 14.6 2.3
4 16 -17.4 14.8 4.8 -17.3 16.4 4.5 -17.9 16.3 3.1 -17.9 14.6 3.7
3 16 -19 11.9 3 -19.1 12.2 1 -18.4 8.7 2
3 16 -19.1 12.2 1 -19 11.9 3 -18.1 14.6 2.3
3 16 -18.1 14.6 2.3 -19 11.9 3 -17.9 14.6 3.7
3 16 -17.6 5.2 -2.5 -16.6 5.6 -3.7 -16.6 3.9 -3.1
3 16 -16.6 3.9 -3.1 -16.6 5.6 -3.7 -16.1 3.8 -3.7
3 16 -16.6 5.6 -3.7 -17.6 5.2 -2.5 -16.9 7.3 -3.3
3 16 -16.9 7.3 -3.3 -17.6 5.2 -2.5 -17.8 6.6 -1.5
3 16 -17.8 6.6 -1.5 -18.3 9.1 -1 -16.9 7.3 -3.3
3 16 -16.9 7.3 -3.3 -18.3 9.1 -1 -17.2 9.6 -2.8
3 16 -18.5 12.3 -0.9 -17.2 9.6 -2.8 -18.3 9.1 -1
3 16 -18 12.4 -2.8 -17.2 9.6 -2.8 -18.5 12.3 -0.9
3 16 -18 12.4 -2.8 -18.5 12.3 -0.9 -17.6 14.5 -1.1
3 16 -17.6 14.5 -1.1 -18.5 12.3 -0.9 -18 14.6 0.9
3 16 -17.6 14.5 -1.1 -18 14.6 0.9 -17.4 16.2 0.1
3 16 -17.4 16.2 0.1 -18 14.6 0.9 -17.8 16.3 1.4
3 16 -17.7 8.5 3.6 -18.4 8.7 2 -17.7 5.9 3.1
3 16 -17.7 5.9 3.1 -18.4 8.7 2 -18 6 1.6
3 16 -18.4 8.7 2 -17.7 8.5 3.6 -19 11.9 3
3 16 -19 11.9 3 -17.7 8.5 3.6 -17.7 12 4.4
3 16 -19 11.9 3 -17.7 12 4.4 -17.9 14.6 3.7
3 16 -17.9 14.6 3.7 -17.7 12 4.4 -17.4 14.8 4.8
3 16 -17.7 8.5 3.6 -17.7 5.9 3.1 -17.1 6.1 5.2
3 16 -17.1 6.1 5.2 -17.7 5.9 3.1 -17.4 5 4.2
3 16 -17.7 8.5 3.6 -17.1 6.1 5.2 -17.2 9.3 7.2
3 16 -17.2 9.3 7.2 -17.1 6.1 5.2 -16.4 7.3 8
3 16 -17.7 8.5 3.6 -17.2 9.3 7.2 -17.7 12 4.4
3 16 -17.7 12 4.4 -17.2 9.3 7.2 -17.5 11.8 7
3 16 -17.7 12 4.4 -17.5 11.8 7 -17 14.2 6.1
3 16 -17 14.2 6.1 -17.5 11.8 7 -17 13.4 7.2
3 16 -16.3 15.6 8 -17 14.2 6.1 -17 13.4 7.2
3 16 -16.5 16.1 7.6 -17 14.2 6.1 -16.3 15.6 8
3 16 -15.6 17.5 8.9 -16.5 16.1 7.6 -16.3 15.6 8
3 16 -15.8 7.3 9.1 -16.1 9.5 8.9 -16.4 7.3 8
3 16 -16.4 7.3 8 -16.1 9.5 8.9 -17.2 9.3 7.2
3 16 -16.1 9.5 8.9 -17.5 11.8 7 -17.2 9.3 7.2
3 16 -16.1 12 8.7 -17.5 11.8 7 -16.1 9.5 8.9
3 16 -17.5 11.8 7 -16.1 12 8.7 -17 13.4 7.2
3 16 -17 13.4 7.2 -16.1 12 8.7 -15.5 13.9 9
4 16 -15.2 16 9.3 -16.3 15.6 8 -17 13.4 7.2 -15.5 13.9 9
3 16 -16.3 15.6 8 -15.2 16 9.3 -15.6 17.5 8.9
3 16 -15.6 17.5 8.9 -15.2 16 9.3 -15.1 17.4 9.6
3 16 -15 18.5 9.6 -15.6 17.5 8.9 -15.1 17.4 9.6
4 16 -14.4 16 11.4 -14.9 15.9 10.5 -15.5 13.9 9 -14.4 13.8 10.9
3 16 -15.5 13.9 9 -14.9 15.9 10.5 -15.2 16 9.3
3 16 -14.4 16 11.4 -14.4 13.8 10.9 -13.2 13.3 12.2
3 16 -15.2 16 9.3 -14.9 15.9 10.5 -15.1 17.4 9.6
3 16 -15.1 17.4 9.6 -14.9 15.9 10.5 -14.9 18 10.4
4 16 -14.9 18 10.4 -14.9 15.9 10.5 -14.4 16 11.4 -14.5 18 11.1
3 16 -15 18.5 9.6 -15.1 17.4 9.6 -14.9 18 10.4
3 16 -14.5 20.2 10.6 -15 18.5 9.6 -14.9 18 10.4
3 16 -14.5 18 11.1 -14.5 20.2 10.6 -14.9 18 10.4
3 16 -14.8 20 9.5 -15 18.5 9.6 -14.5 20.2 10.6
3 16 -14.1 20.4 11.9 -14.5 20.2 10.6 -14.5 18 11.1
3 16 -14.5 20.2 10.6 -14.5 21.6 9.2 -14.8 20 9.5
3 16 -14 21.7 10.6 -14.5 21.6 9.2 -14.5 20.2 10.6
3 16 -14.1 20.4 11.9 -14 21.7 10.6 -14.5 20.2 10.6
3 16 -13.5 22 11.9 -14 21.7 10.6 -14.1 20.4 11.9
3 16 -14 21.7 10.6 -13.7 22.7 10 -14.5 21.6 9.2
3 16 -14.5 21.6 9.2 -13.7 22.7 10 -13.8 22.4 8.6
3 16 -13.5 22 11.9 -12.8 23.1 11 -14 21.7 10.6
3 16 -14 21.7 10.6 -12.8 23.1 11 -13.7 22.7 10
3 16 -12.1 22.5 8.2 -13.8 22.4 8.6 -13.7 22.7 10
3 16 -12.7 22 7.4 -13.8 22.4 8.6 -12.1 22.5 8.2
3 16 -12.1 22.5 8.2 -13.7 22.7 10 -12.8 23.1 11
3 16 -12.8 23.1 11 -11.3 22.6 9.2 -12.1 22.5 8.2
3 16 -11.3 22.6 9.2 -10.5 20.9 7.9 -12.1 22.5 8.2
3 16 -12.1 22.5 8.2 -10.5 20.9 7.9 -11.1 20.6 7
3 16 -12.1 22.5 8.2 -11.1 20.6 7 -12.7 22 7.4
3 16 -12.7 22 7.4 -11.1 20.6 7 -11.7 19.9 6.1
3 16 -13.2 13.3 12.2 -12.6 15.1 13.2 -14.4 16 11.4
3 16 -14.4 16 11.4 -12.6 15.1 13.2 -13.1 16.5 12.6
3 16 -13.1 16.5 12.6 -13.3 17.7 12.4 -14.4 16 11.4
3 16 -14.4 16 11.4 -13.3 17.7 12.4 -14.5 18 11.1
3 16 -14.5 18 11.1 -13.3 17.7 12.4 -14.1 20.4 11.9
3 16 -14.1 20.4 11.9 -13.3 17.7 12.4 -12.9 20.4 12.9
3 16 -14.1 20.4 11.9 -12.9 20.4 12.9 -13.5 22 11.9
3 16 -13.5 22 11.9 -12.9 20.4 12.9 -12.2 22.3 12.5
3 16 -12.2 22.3 12.5 -12.8 23.1 11 -13.5 22 11.9
3 16 -11.6 23.1 11.6 -12.8 23.1 11 -12.2 22.3 12.5
3 16 -11.6 23.1 11.6 -10.8 22.7 9.8 -12.8 23.1 11
3 16 -12.8 23.1 11 -10.8 22.7 9.8 -11.3 22.6 9.2
4 16 -10.8 22.7 9.8 -9.9 21 8.6 -10.5 20.9 7.9 -11.3 22.6 9.2
3 16 -17.4 14.8 4.8 -17.7 12 4.4 -17.2 15.4 5.7
3 16 -17.4 14.8 4.8 -17.2 15.4 5.7 -17.3 16.4 4.5
3 16 -17.3 16.4 4.5 -17.2 15.4 5.7 -17 16.9 6.4
3 16 -17 16.9 6.4 -16.8 18.1 5.2 -17.3 16.4 4.5
3 16 -16.2 18.5 7.6 -16.8 18.1 5.2 -17 16.9 6.4
3 16 -16.2 18.5 7.6 -16.1 20.3 5.6 -16.8 18.1 5.2
3 16 -15.6 20.2 8.7 -16.1 20.3 5.6 -16.2 18.5 7.6
3 16 -15.1 21.6 8.7 -16.1 20.3 5.6 -15.6 20.2 8.7
3 16 -15.1 21.6 8.7 -15.3 21.9 5.6 -16.1 20.3 5.6
3 16 -14.4 22.8 7.9 -15.3 21.9 5.6 -15.1 21.6 8.7
3 16 -14.4 22.8 7.9 -13.3 22 6.1 -15.3 21.9 5.6
3 16 -15.3 21.9 5.6 -13.3 22 6.1 -13.6 21.6 4.7
3 16 -12.1 20.1 5 -13.6 21.6 4.7 -13.3 22 6.1
3 16 -12.5 19.9 4 -13.6 21.6 4.7 -12.1 20.1 5
4 16 -17 14.2 6.1 -16.5 16.1 7.6 -17 16.9 6.4 -17.2 15.4 5.7
3 16 -16.5 16.1 7.6 -16.2 18.5 7.6 -17 16.9 6.4
3 16 -15.6 17.5 8.9 -16.2 18.5 7.6 -16.5 16.1 7.6
3 16 -17.2 15.4 5.7 -17.7 12 4.4 -17 14.2 6.1
3 16 -16.2 18.5 7.6 -15.6 17.5 8.9 -15 18.5 9.6
3 16 -15 18.5 9.6 -15.6 20.2 8.7 -16.2 18.5 7.6
3 16 -14.8 20 9.5 -15.6 20.2 8.7 -15 18.5 9.6
3 16 -15.6 20.2 8.7 -14.8 20 9.5 -15.1 21.6 8.7
3 16 -15.1 21.6 8.7 -14.8 20 9.5 -14.5 21.6 9.2
3 16 -14.5 21.6 9.2 -13.8 22.4 8.6 -15.1 21.6 8.7
3 16 -15.1 21.6 8.7 -13.8 22.4 8.6 -14.4 22.8 7.9
3 16 -13.8 22.4 8.6 -12.7 22 7.4 -14.4 22.8 7.9
3 16 -14.4 22.8 7.9 -12.7 22 7.4 -13.3 22 6.1
3 16 -11.7 19.9 6.1 -13.3 22 6.1 -12.7 22 7.4
3 16 -12.1 20.1 5 -13.3 22 6.1 -11.7 19.9 6.1
3 16 -16.1 20.3 5.6 -17.2 19.9 4.8 -16.8 18.1 5.2
3 16 -16.8 18.1 5.2 -17.2 19.9 4.8 -17.6 17.8 4.3
3 16 -17.6 17.8 4.3 -17.3 16.4 4.5 -16.8 18.1 5.2
3 16 -16.1 20.3 5.6 -15.8 21.7 5 -17.2 19.9 4.8
3 16 -15.3 21.9 5.6 -15.8 21.7 5 -16.1 20.3 5.6
3 16 -15.3 21.9 5.6 -15.1 21.9 4.5 -15.8 21.7 5
3 16 -13.6 21.6 4.7 -15.1 21.9 4.5 -15.3 21.9 5.6
3 16 -13.8 21 2.9 -15.1 21.9 4.5 -13.6 21.6 4.7
3 16 -15.3 21.6 3.2 -15.1 21.9 4.5 -13.8 21 2.9
3 16 -15.3 21.6 3.2 -13.8 21 2.9 -15.5 21.4 1.8
3 16 -15.5 21.4 1.8 -13.8 21 2.9 -14.3 20.7 1
3 16 -16.1 20.8 0.5 -15.5 21.4 1.8 -14.3 20.7 1
3 16 -16.4 21.1 1.5 -15.5 21.4 1.8 -16.1 20.8 0.5
3 16 -16.1 20.8 0.5 -16.8 20.1 0.6 -16.4 21.1 1.5
3 16 -16.4 21.1 1.5 -16.8 20.1 0.6 -17.3 20.2 1.7
3 16 -16.8 20.1 0.6 -17.3 18.3 0.4 -17.3 20.2 1.7
3 16 -17.3 20.2 1.7 -17.3 18.3 0.4 -18 18.4 1.6
3 16 -17.3 18.3 0.4 -17.8 16.3 1.4 -18 18.4 1.6
3 16 -17.4 16.2 0.1 -17.8 16.3 1.4 -17.3 18.3 0.4
3 16 -13.8 21 2.9 -12.9 19.9 2.7 -14.3 20.7 1
3 16 -14.3 20.7 1 -12.9 19.9 2.7 -13 19.4 1.1
3 16 -13.6 21.6 4.7 -12.5 19.9 4 -13.8 21 2.9
3 16 -13.8 21 2.9 -12.5 19.9 4 -12.9 19.9 2.7
3 16 -18 18.4 1.6 -18.1 18.4 3.1 -17.3 20.2 1.7
3 16 -17.3 20.2 1.7 -18.1 18.4 3.1 -17.2 20.4 3.3
4 16 -18.1 18.4 3.1 -18 18.4 1.6 -17.8 16.3 1.4 -17.9 16.3 3.1
3 16 -18.1 18.4 3.1 -17.9 16.3 3.1 -17.6 17.8 4.3
3 16 -17.6 17.8 4.3 -17.9 16.3 3.1 -17.3 16.4 4.5
3 16 -17.2 20.4 3.3 -18.1 18.4 3.1 -17.2 19.9 4.8
3 16 -17.2 19.9 4.8 -18.1 18.4 3.1 -17.6 17.8 4.3
3 16 -17.2 20.4 3.3 -16.4 21.1 1.5 -17.3 20.2 1.7
3 16 -16.3 21.4 3.3 -16.4 21.1 1.5 -17.2 20.4 3.3
3 16 -17.2 19.9 4.8 -16.3 21.4 3.3 -17.2 20.4 3.3
3 16 -15.8 21.7 5 -16.3 21.4 3.3 -17.2 19.9 4.8
3 16 -16.3 21.4 3.3 -15.5 21.4 1.8 -16.4 21.1 1.5
3 16 -15.3 21.6 3.2 -15.5 21.4 1.8 -16.3 21.4 3.3
3 16 -15.3 21.6 3.2 -16.3 21.4 3.3 -15.1 21.9 4.5
3 16 -15.1 21.9 4.5 -16.3 21.4 3.3 -15.8 21.7 5
3 16 4.9 -9.6 -5.2 5.4 -8.7 -6.8 6.8 -8 -6.1
3 16 6.8 -8 -6.1 5.4 -8.7 -6.8 7.2 -7.2 -6.9
3 16 6.8 -8 -6.1 7.2 -7.2 -6.9 8.2 -6 -6.2
3 16 8.2 -6 -6.2 7.2 -7.2 -6.9 8.2 -5.5 -6.9
3 16 4.9 -9.6 -5.2 3.1 -9.2 -6.6 5.4 -8.7 -6.8
3 16 3.2 -9.9 -4.8 3.1 -9.2 -6.6 4.9 -9.6 -5.2
3 16 3.2 -9.9 -4.8 0.9 -8.9 -6.7 3.1 -9.2 -6.6
3 16 0.9 -9.8 -4.2 0.9 -8.9 -6.7 3.2 -9.9 -4.8
3 16 0.9 -9.8 -4.2 -1.6 -8.1 -6.8 0.9 -8.9 -6.7
3 16 -2.8 -8.4 -4 -1.6 -8.1 -6.8 0.9 -9.8 -4.2
3 16 -2.8 -8.4 -4 -3.5 -7.6 -7 -1.6 -8.1 -6.8
3 16 -7.1 -7.7 -4.4 -3.5 -7.6 -7 -2.8 -8.4 -4
3 16 -6.5 -7.2 -7.4 -3.5 -7.6 -7 -7.1 -7.7 -4.4
3 16 -7.1 -7.7 -4.4 -9.1 -6.2 -8.2 -6.5 -7.2 -7.4
3 16 -10.6 -6.3 -5.1 -9.1 -6.2 -8.2 -7.1 -7.7 -4.4
3 16 -10.6 -6.3 -5.1 -10.8 -5.1 -8.1 -9.1 -6.2 -8.2
3 16 -10.6 -6.3 -5.1 -12.4 -4 -5.2 -12.4 -3.7 -7.6
3 16 -12.4 -3.7 -7.6 -10.8 -5.1 -8.1 -10.6 -6.3 -5.1
3 16 -12.4 -3.7 -7.6 -12.4 -4 -5.2 -13.4 -2.2 -7.2
3 16 -13.4 -2.2 -7.2 -12.4 -4 -5.2 -13.4 -2.7 -4.9
4 16 -13.4 -2.2 -7.2 -13.4 -2.7 -4.9 -14.5 -0.3 -4.1 -14.1 -0.7 -6.5
3 16 -14.5 -0.3 -4.1 -14.6 0.6 -5.9 -14.1 -0.7 -6.5
3 16 -14.5 -0.3 -4.1 -15.1 1.9 -5.1 -14.6 0.6 -5.9
3 16 -14.5 -0.3 -4.1 -15.5 2.6 -4.1 -15.1 1.9 -5.1
3 16 -14.5 -0.3 -4.1 -15.7 2.8 -3.6 -15.5 2.6 -4.1
3 16 -15.8 2.4 -3.1 -15.7 2.8 -3.6 -14.5 -0.3 -4.1
3 16 -14.5 -0.3 -4.1 -15.3 1.1 -3 -15.8 2.4 -3.1
3 16 6.8 -8 -6.1 7.1 -7.8 -5.1 4.9 -9.6 -5.2
3 16 4.9 -9.6 -5.2 7.1 -7.8 -5.1 5 -9.3 -4.2
3 16 7.1 -7.8 -5.1 6.8 -8 -6.1 8.2 -6.6 -5.3
3 16 8.2 -6.6 -5.3 6.8 -8 -6.1 8.2 -6 -6.2
3 16 4.9 -9.6 -5.2 5 -9.3 -4.2 3.2 -9.9 -4.8
3 16 3.2 -9.9 -4.8 5 -9.3 -4.2 3.4 -9.8 -3.7
3 16 3.2 -9.9 -4.8 3.4 -9.8 -3.7 0.9 -9.8 -4.2
3 16 0.9 -9.8 -4.2 3.4 -9.8 -3.7 0.7 -9.8 -3
3 16 0.9 -9.8 -4.2 0.7 -9.8 -3 -2.8 -8.4 -4
3 16 -2.8 -8.4 -4 0.7 -9.8 -3 -2.9 -8.3 -2.8
3 16 -7 -7.4 -3.1 -2.8 -8.4 -4 -2.9 -8.3 -2.8
3 16 -7.1 -7.7 -4.4 -2.8 -8.4 -4 -7 -7.4 -3.1
3 16 -10.4 -5.9 -3.8 -7.1 -7.7 -4.4 -7 -7.4 -3.1
3 16 -10.6 -6.3 -5.1 -7.1 -7.7 -4.4 -10.4 -5.9 -3.8
3 16 -12.1 -4 -4 -10.6 -6.3 -5.1 -10.4 -5.9 -3.8
3 16 -12.4 -4 -5.2 -10.6 -6.3 -5.1 -12.1 -4 -4
3 16 -12.4 -4 -5.2 -12.1 -4 -4 -13.4 -2.7 -4.9
3 16 -13.4 -2.7 -4.9 -12.1 -4 -4 -13.6 -1.8 -3.6
3 16 -13.4 -2.7 -4.9 -13.6 -1.8 -3.6 -14.5 -0.3 -4.1
3 16 -14.5 -0.3 -4.1 -13.6 -1.8 -3.6 -15.3 1.1 -3
3 16 7 -6.6 -7.5 7.2 -7.2 -6.9 5.2 -8 -7.5
3 16 5.2 -8 -7.5 7.2 -7.2 -6.9 5.4 -8.7 -6.8
3 16 7.2 -7.2 -6.9 7 -6.6 -7.5 8.2 -5.5 -6.9
3 16 8.2 -5.5 -6.9 7 -6.6 -7.5 8.1 -5 -7.4
3 16 5.2 -8 -7.5 5.4 -8.7 -6.8 3.1 -8.5 -7.7
3 16 3.1 -8.5 -7.7 5.4 -8.7 -6.8 3.1 -9.2 -6.6
3 16 3.1 -9.2 -6.6 0.9 -8.9 -6.7 3.1 -8.5 -7.7
3 16 3.1 -8.5 -7.7 0.9 -8.9 -6.7 0.9 -8 -7.8
4 16 -1.3 -7.2 -8 0.9 -8 -7.8 0.9 -8.9 -6.7 -1.6 -8.1 -6.8
3 16 -3.5 -7.6 -7 -1.3 -7.2 -8 -1.6 -8.1 -6.8
3 16 -3.1 -6.4 -8.3 -1.3 -7.2 -8 -3.5 -7.6 -7
3 16 -3.1 -6.4 -8.3 -3.5 -7.6 -7 -5.3 -5.5 -8.6
3 16 -5.3 -5.5 -8.6 -3.5 -7.6 -7 -6.5 -7.2 -7.4
3 16 -5.3 -5.5 -8.6 -6.5 -7.2 -7.4 -8 -4.8 -9
3 16 -8 -4.8 -9 -6.5 -7.2 -7.4 -9.1 -6.2 -8.2
3 16 -8 -4.8 -9 -9.1 -6.2 -8.2 -10.1 -4.2 -9
3 16 -10.1 -4.2 -9 -9.1 -6.2 -8.2 -10.8 -5.1 -8.1
3 16 -10.1 -4.2 -9 -10.8 -5.1 -8.1 -11.9 -3.2 -8.4
3 16 -11.9 -3.2 -8.4 -10.8 -5.1 -8.1 -12.4 -3.7 -7.6
3 16 -12.4 -3.7 -7.6 -13 -1.8 -7.8 -11.9 -3.2 -8.4
3 16 -13.4 -2.2 -7.2 -13 -1.8 -7.8 -12.4 -3.7 -7.6
3 16 -14.1 -0.7 -6.5 -13 -1.8 -7.8 -13.4 -2.2 -7.2
3 16 -13.9 -0.2 -7.2 -13 -1.8 -7.8 -14.1 -0.7 -6.5
3 16 -14.1 -0.7 -6.5 -14.6 0.9 -6.3 -13.9 -0.2 -7.2
3 16 -14.6 0.6 -5.9 -14.6 0.9 -6.3 -14.1 -0.7 -6.5
3 16 -15.1 1.9 -5.1 -14.6 0.9 -6.3 -14.6 0.6 -5.9
3 16 -16.1 3.8 -3.7 -15.7 2.8 -3.6 -16.6 3.9 -3.1
3 16 -16.1 3.8 -3.7 -15.9 3.4 -4.5 -15.7 2.8 -3.6
3 16 -15.7 2.8 -3.6 -15.9 3.4 -4.5 -15.5 2.6 -4.1
3 16 -15.9 3.4 -4.5 -15.1 1.9 -5.1 -15.5 2.6 -4.1
3 16 -15.6 2.4 -6.1 -15.1 1.9 -5.1 -15.9 3.4 -4.5
3 16 -15.1 1.9 -5.1 -15.6 2.4 -6.1 -14.6 0.9 -6.3
3 16 -14.6 0.9 -6.3 -15.6 2.4 -6.1 -15.1 1.2 -7.7
3 16 -15.1 1.2 -7.7 -13.9 -0.2 -7.2 -14.6 0.9 -6.3
3 16 -14.3 0.1 -8.8 -13.9 -0.2 -7.2 -15.1 1.2 -7.7
3 16 -14.3 0.1 -8.8 -13 -1.8 -7.8 -13.9 -0.2 -7.2
3 16 -13.3 -1.9 -9.9 -13 -1.8 -7.8 -14.3 0.1 -8.8
3 16 -13.3 -1.9 -9.9 -11.9 -3.2 -8.4 -13 -1.8 -7.8
3 16 -12 -3.6 -10.1 -11.9 -3.2 -8.4 -13.3 -1.9 -9.9
3 16 -12 -3.6 -10.1 -10.1 -4.3 -9.5 -11.9 -3.2 -8.4
3 16 -9.8 -4 -11.5 -10.1 -4.3 -9.5 -12 -3.6 -10.1
3 16 -9.8 -4 -11.5 -7.8 -4.9 -9.9 -10.1 -4.3 -9.5
3 16 -7 -3.6 -12.5 -7.8 -4.9 -9.9 -9.8 -4 -11.5
3 16 -7.8 -4.9 -9.9 -7 -3.6 -12.5 -5.1 -5.8 -10.1
3 16 -5.1 -5.8 -10.1 -7 -3.6 -12.5 -4.2 -4.6 -13
3 16 -2.3 -5.9 -12.7 -5.1 -5.8 -10.1 -4.2 -4.6 -13
3 16 -2.9 -7 -9.9 -5.1 -5.8 -10.1 -2.3 -5.9 -12.7
3 16 -0.8 -6.9 -11.9 -2.9 -7 -9.9 -2.3 -5.9 -12.7
3 16 -1.2 -7.7 -9.5 -2.9 -7 -9.9 -0.8 -6.9 -11.9
3 16 -0.8 -6.9 -11.9 1.2 -7.8 -11.1 -1.2 -7.7 -9.5
3 16 -1.2 -7.7 -9.5 1.2 -7.8 -11.1 1 -8.5 -9
3 16 1.2 -7.8 -11.1 3.3 -7.7 -10.5 3.3 -8.7 -8.4
3 16 3.3 -8.7 -8.4 1 -8.5 -9 1.2 -7.8 -11.1
3 16 3.3 -7.7 -10.5 4.9 -6.9 -10 5.3 -8.1 -8.1
3 16 5.3 -8.1 -8.1 3.3 -8.7 -8.4 3.3 -7.7 -10.5
3 16 5.3 -8.1 -8.1 4.9 -6.9 -10 7 -6 -8
3 16 7 -6 -8 4.9 -6.9 -10 6.4 -4.4 -9.3
3 16 6.4 -4.4 -9.3 7.8 -4.5 -7.9 7 -6 -8
3 16 7.1 -2.8 -9.1 7.8 -4.5 -7.9 6.4 -4.4 -9.3
3 16 7 -6.6 -7.5 7 -6 -8 8.1 -5 -7.4
3 16 8.1 -5 -7.4 7 -6 -8 7.8 -4.5 -7.9
3 16 7 -6.6 -7.5 5.3 -8.1 -8.1 7 -6 -8
3 16 5.2 -8 -7.5 5.3 -8.1 -8.1 7 -6.6 -7.5
3 16 5.3 -8.1 -8.1 5.2 -8 -7.5 3.3 -8.7 -8.4
3 16 3.3 -8.7 -8.4 5.2 -8 -7.5 3.1 -8.5 -7.7
3 16 3.1 -8.5 -7.7 1 -8.5 -9 3.3 -8.7 -8.4
3 16 0.9 -8 -7.8 1 -8.5 -9 3.1 -8.5 -7.7
3 16 1 -8.5 -9 0.9 -8 -7.8 -1.2 -7.7 -9.5
3 16 -1.2 -7.7 -9.5 0.9 -8 -7.8 -1.3 -7.2 -8
4 16 -3.1 -6.4 -8.3 -2.9 -7 -9.9 -1.2 -7.7 -9.5 -1.3 -7.2 -8
3 16 -3.1 -6.4 -8.3 -5.1 -5.8 -10.1 -2.9 -7 -9.9
3 16 -5.3 -5.5 -8.6 -5.1 -5.8 -10.1 -3.1 -6.4 -8.3
3 16 -5.1 -5.8 -10.1 -5.3 -5.5 -8.6 -7.8 -4.9 -9.9
3 16 -7.8 -4.9 -9.9 -5.3 -5.5 -8.6 -8 -4.8 -9
3 16 -8 -4.8 -9 -10.1 -4.3 -9.5 -7.8 -4.9 -9.9
3 16 -10.1 -4.2 -9 -10.1 -4.3 -9.5 -8 -4.8 -9
3 16 -10.1 -4.3 -9.5 -10.1 -4.2 -9 -11.9 -3.2 -8.4
3 16 -6.8 -2.3 -12.8 -7.3 -2.7 -12.5 -8.4 -0.9 -12.6
3 16 -8.4 -0.9 -12.6 -7.3 -2.7 -12.5 -9 -2.2 -12.3
3 16 -6.8 -2.3 -12.8 -7 -3.6 -12.5 -7.3 -2.7 -12.5
3 16 -7.3 -2.7 -12.5 -7 -3.6 -12.5 -9 -2.2 -12.3
3 16 -4.2 -4.6 -13 -7 -3.6 -12.5 -6.8 -2.3 -12.8
3 16 -8.4 -0.9 -12.6 -9 -2.2 -12.3 -10 -0.4 -12.4
3 16 -10 -0.4 -12.4 -9 -2.2 -12.3 -10.9 -1.6 -11.9
3 16 -10.9 -1.6 -11.9 -12 0.4 -12.2 -10 -0.4 -12.4
3 16 -12.8 -0.5 -11.5 -12 0.4 -12.2 -10.9 -1.6 -11.9
3 16 -9 -2.2 -12.3 -7 -3.6 -12.5 -9.8 -4 -11.5
3 16 -9 -2.2 -12.3 -9.8 -4 -11.5 -10.9 -1.6 -11.9
3 16 -10.9 -1.6 -11.9 -9.8 -4 -11.5 -12 -3.6 -10.1
3 16 -12.8 -0.5 -11.5 -10.9 -1.6 -11.9 -12 -3.6 -10.1
3 16 -12 -3.6 -10.1 -13.3 -1.9 -9.9 -12.8 -0.5 -11.5
3 16 -13.3 -1.9 -9.9 -13.9 0.8 -10.5 -12.8 -0.5 -11.5
3 16 -14.3 0.1 -8.8 -13.9 0.8 -10.5 -13.3 -1.9 -9.9
3 16 -14.3 0.1 -8.8 -14.6 2.7 -9.8 -13.9 0.8 -10.5
3 16 -15.1 1.2 -7.7 -14.6 2.7 -9.8 -14.3 0.1 -8.8
3 16 -14.6 2.7 -9.8 -15.1 1.2 -7.7 -15 4.8 -9
3 16 -15 4.8 -9 -15.1 1.2 -7.7 -15.6 2.4 -6.1
3 16 -15.6 2.4 -6.1 -15.4 6.6 -7.8 -15 4.8 -9
3 16 -15.9 3.4 -4.5 -15.4 6.6 -7.8 -15.6 2.4 -6.1
3 16 -15.4 6.6 -7.8 -15.9 3.4 -4.5 -15.9 7.1 -6.3
3 16 -15.9 7.1 -6.3 -15.9 3.4 -4.5 -16.1 3.8 -3.7
3 16 -13.9 0.8 -10.5 -13.2 1.4 -11.4 -12.8 -0.5 -11.5
3 16 -12.8 -0.5 -11.5 -13.2 1.4 -11.4 -12 0.4 -12.2
3 16 -13.2 1.4 -11.4 -13.9 0.8 -10.5 -14 3.2 -10.5
3 16 -14 3.2 -10.5 -13.9 0.8 -10.5 -14.6 2.7 -9.8
3 16 -14.6 2.7 -9.8 -15 4.8 -9 -14 3.2 -10.5
3 16 -14 3.2 -10.5 -15 4.8 -9 -14.5 5.5 -9.6
3 16 -15 4.8 -9 -15.4 6.6 -7.8 -14.5 5.5 -9.6
3 16 -14.5 5.5 -9.6 -15.4 6.6 -7.8 -14.9 7.5 -8.1
3 16 -14.9 7.5 -8.1 -15.4 6.6 -7.8 -15.2 8.3 -6.9
3 16 -15.2 8.3 -6.9 -15.4 6.6 -7.8 -15.9 7.1 -6.3
3 16 -16.2 8 -6 -15.9 7.1 -6.3 -16.9 7.3 -3.3
3 16 -16.9 7.3 -3.3 -15.9 7.1 -6.3 -16.6 5.6 -3.7
3 16 -15.9 7.1 -6.3 -16.1 3.8 -3.7 -16.6 5.6 -3.7
3 16 -16.2 8 -6 -16.9 7.3 -3.3 -16.7 10.1 -5.6
3 16 -16.7 10.1 -5.6 -16.9 7.3 -3.3 -17.2 9.6 -2.8
4 16 -18 12.4 -2.8 -17.6 12.6 -4.9 -16.7 10.1 -5.6 -17.2 9.6 -2.8
3 16 -18 12.4 -2.8 -17.4 14.2 -4.2 -17.6 12.6 -4.9
3 16 -17.6 14.5 -1.1 -17.4 14.2 -4.2 -18 12.4 -2.8
3 16 -17.6 14.5 -1.1 -16.8 16.5 -3.4 -17.4 14.2 -4.2
3 16 -17.4 16.2 0.1 -16.8 16.5 -3.4 -17.6 14.5 -1.1
3 16 -17.3 18.3 0.4 -16.8 16.5 -3.4 -17.4 16.2 0.1
3 16 -17.3 18.3 0.4 -16.7 19.9 -1.7 -16.8 16.5 -3.4
3 16 -16.8 20.1 0.6 -16.7 19.9 -1.7 -17.3 18.3 0.4
3 16 -15 9.9 -6.9 -15.2 8.3 -6.9 -16.2 8 -6
3 16 -16.2 8 -6 -15.2 8.3 -6.9 -15.9 7.1 -6.3
3 16 -16.7 10.1 -5.6 -15 9.9 -6.9 -16.2 8 -6
3 16 -15.2 10.9 -6.6 -15 9.9 -6.9 -16.7 10.1 -5.6
3 16 -15.2 10.9 -6.6 -16.7 10.1 -5.6 -16 12.6 -6.3
3 16 -16 12.6 -6.3 -16.7 10.1 -5.6 -17.6 12.6 -4.9
3 16 -16 12.6 -6.3 -17.6 12.6 -4.9 -16.4 14.6 -5.3
3 16 -16.4 14.6 -5.3 -17.6 12.6 -4.9 -17.4 14.2 -4.2
3 16 -17.4 14.2 -4.2 -16 15.9 -4.9 -16.4 14.6 -5.3
3 16 -16.8 16.5 -3.4 -16 15.9 -4.9 -17.4 14.2 -4.2
3 16 -16.8 16.5 -3.4 -15.2 19.5 -3.3 -16 15.9 -4.9
4 16 -15.4 20.5 -2.6 -15.2 19.5 -3.3 -16.8 16.5 -3.4 -16.7 19.9 -1.7
3 16 -15.2 19.5 -3.3 -15.4 20.5 -2.6 -13.9 20.2 -3.2
3 16 -16.8 20.1 0.6 -16.1 20.8 0.5 -16.7 19.9 -1.7
3 16 -16.7 19.9 -1.7 -16.1 20.8 0.5 -15.4 20.5 -2.6
3 16 -15.4 20.5 -2.6 -16.1 20.8 0.5 -14.8 21 -1.8
3 16 -13.9 20.2 -3.2 -15.4 20.5 -2.6 -14.8 21 -1.8
3 16 -16.1 20.8 0.5 -14.9 21.1 -0.6 -14.8 21 -1.8
3 16 -16.1 20.8 0.5 -14.3 20.7 1 -14.9 21.1 -0.6
3 16 -14.9 21.1 -0.6 -14.3 20.7 1 -13.9 20.7 0.3
3 16 -13.9 20.7 0.3 -14.3 20.7 1 -13.1 19.9 0.2
3 16 -13.1 19.9 0.2 -14.3 20.7 1 -13 19.4 1.1
3 16 -15.2 19.5 -3.3 -14.9 18.8 -4.9 -16 15.9 -4.9
3 16 -16 15.9 -4.9 -14.9 18.8 -4.9 -15.1 17.5 -5.9
3 16 -16 15.9 -4.9 -15.1 17.5 -5.9 -15.5 16.6 -6.6
3 16 -16 15.9 -4.9 -15.5 16.6 -6.6 -16.4 14.6 -5.3
3 16 -16.4 14.6 -5.3 -15.5 16.6 -6.6 -15.3 14.7 -7.7
3 16 -15.3 14.7 -7.7 -16 12.6 -6.3 -16.4 14.6 -5.3
3 16 -14.3 12 -8.4 -16 12.6 -6.3 -15.3 14.7 -7.7
3 16 -15.2 10.9 -6.6 -16 12.6 -6.3 -14.3 12 -8.4
3 16 -14.3 12 -8.4 -13.8 10.7 -8.7 -15.2 10.9 -6.6
3 16 -15.2 10.9 -6.6 -13.8 10.7 -8.7 -15 9.9 -6.9
3 16 -13.8 10.7 -8.7 -14.5 9.7 -8.4 -15 9.9 -6.9
3 16 -15 9.9 -6.9 -14.5 9.7 -8.4 -15.2 8.3 -6.9
3 16 -15.2 8.3 -6.9 -14.5 9.7 -8.4 -14.9 7.5 -8.1
3 16 -14.9 7.5 -8.1 -14.5 9.7 -8.4 -14.7 8.8 -9.2
3 16 -14.7 8.8 -9.2 -14.6 6.8 -10.3 -14.9 7.5 -8.1
3 16 -14.9 7.5 -8.1 -14.6 6.8 -10.3 -14.5 5.5 -9.6
3 16 -14.5 5.5 -9.6 -14.6 6.8 -10.3 -14.5 5.3 -10.7
3 16 -14.5 5.3 -10.7 -14 3.2 -10.5 -14.5 5.5 -9.6
3 16 -14 3.2 -11.6 -14 3.2 -10.5 -14.5 5.3 -10.7
3 16 -14.5 5.3 -10.7 -14.6 6.8 -10.3 -13.9 6.1 -11.9
3 16 -13.9 6.1 -11.9 -14.6 6.8 -10.3 -14 7.4 -11.3
3 16 -13.9 6.1 -11.9 -13.9 4.3 -13.2 -14.5 5.3 -10.7
3 16 -14.5 5.3 -10.7 -13.9 4.3 -13.2 -14 3.2 -11.6
3 16 -14 3.2 -11.6 -13.9 4.3 -13.2 -13.2 1.1 -13.3
3 16 -13.2 1.1 -13.3 -13.9 4.3 -13.2 -13 2.6 -15.3
3 16 -13.2 1.1 -13.3 -13 2.6 -15.3 -12 0.4 -15.4
3 16 -12 0.4 -15.4 -13 2.6 -15.3 -11.1 2.2 -16.8
3 16 -14.7 8.8 -9.2 -13.5 9.2 -10.6 -14.6 6.8 -10.3
3 16 -14.6 6.8 -10.3 -13.5 9.2 -10.6 -14 7.4 -11.3
3 16 -13.9 9.7 -9.5 -13.5 9.2 -10.6 -14.7 8.8 -9.2
3 16 -11.1 2.2 -16.8 -10 0.4 -16.5 -12 0.4 -15.4
3 16 -9 1.8 -16.9 -10 0.4 -16.5 -11.1 2.2 -16.8
3 16 -10 0.4 -16.5 -9 1.8 -16.9 -8.3 0.2 -16.1
3 16 -8.3 0.2 -16.1 -9 1.8 -16.9 -7.1 1.2 -16.6
3 16 -7.1 1.2 -16.6 -6.1 -0.4 -16.5 -8.3 0.2 -16.1
3 16 -8.3 0.2 -16.1 -6.1 -0.4 -16.5 -7.2 -1.7 -15.6
3 16 -6.1 -0.4 -16.5 -5.1 -2.5 -17 -7.2 -1.7 -15.6
3 16 -7.2 -1.7 -15.6 -5.1 -2.5 -17 -6.2 -3.8 -15.8
3 16 -5.1 -2.5 -17 -3.5 -4.3 -16.8 -6.2 -3.8 -15.8
3 16 -6.2 -3.8 -15.8 -3.5 -4.3 -16.8 -4.3 -5.1 -15.4
3 16 -3.5 -4.3 -16.8 -1.5 -5.3 -15.9 -4.3 -5.1 -15.4
3 16 -4.3 -5.1 -15.4 -1.5 -5.3 -15.9 -2 -6.1 -14.2
3 16 -1.5 -5.3 -15.9 0.4 -5.6 -14.6 -2 -6.1 -14.2
3 16 -2 -6.1 -14.2 0.4 -5.6 -14.6 -0.2 -6.1 -13.2
3 16 0.4 -5.6 -14.6 2.3 -5.1 -13 1.9 -5.9 -11.8
3 16 1.9 -5.9 -11.8 -0.2 -6.1 -13.2 0.4 -5.6 -14.6
3 16 1.9 -5.9 -11.8 2.3 -5.1 -13 4 -4.4 -11.1
3 16 4 -4.4 -11.1 2.3 -5.1 -13 4.1 -3.8 -11.7
3 16 4.1 -3.8 -11.7 5.7 -1.7 -9.8 4 -4.4 -11.1
3 16 5.6 -0.8 -10 5.7 -1.7 -9.8 4.1 -3.8 -11.7
3 16 5.6 -0.8 -10 6.3 -0.3 -9.3 5.7 -1.7 -9.8
3 16 5.6 -0.8 -10 5.5 0.7 -9 6.3 -0.3 -9.3
3 16 6.3 -0.3 -9.3 5.5 0.7 -9 5.9 0.6 -8.6
3 16 0.4 -5.6 -14.6 -1.5 -5.3 -15.9 0.7 -4.3 -15.5
3 16 0.7 -4.3 -15.5 -1.5 -5.3 -15.9 -1.1 -3.6 -16.6
3 16 2.3 -5.1 -13 0.4 -5.6 -14.6 2.5 -4.2 -14
3 16 2.5 -4.2 -14 0.4 -5.6 -14.6 0.7 -4.3 -15.5
3 16 4.1 -3.8 -11.7 2.3 -5.1 -13 2.5 -4.2 -14
3 16 2.5 -4.2 -14 4 -3.1 -12.2 4.1 -3.8 -11.7
3 16 5.6 -0.8 -10 4.1 -3.8 -11.7 4 -3.1 -12.2
3 16 4 -3.1 -12.2 5.2 -0.7 -10.4 5.6 -0.8 -10
3 16 5.6 -0.8 -10 5.1 0.7 -9.3 5.5 0.7 -9
3 16 -1.5 -5.3 -15.9 -3.5 -4.3 -16.8 -1.1 -3.6 -16.6
3 16 -1.1 -3.6 -16.6 -3.5 -4.3 -16.8 -2.4 -2.6 -16.9
3 16 -3.5 -4.3 -16.8 -5.1 -2.5 -17 -2.4 -2.6 -16.9
3 16 -2.4 -2.6 -16.9 -5.1 -2.5 -17 -3.8 -0.8 -16.9
3 16 -5.1 -2.5 -17 -6.1 -0.4 -16.5 -3.8 -0.8 -16.9
3 16 -3.8 -0.8 -16.9 -6.1 -0.4 -16.5 -4.8 1 -16.5
3 16 -6.1 -0.4 -16.5 -7.1 1.2 -16.6 -4.8 1 -16.5
3 16 -4.8 1 -16.5 -7.1 1.2 -16.6 -5.9 2.3 -16.3
3 16 -7.1 1.2 -16.6 -7.4 3.2 -16.4 -5.9 2.3 -16.3
3 16 -9 1.8 -16.9 -7.4 3.2 -16.4 -7.1 1.2 -16.6
3 16 -7.4 3.2 -16.4 -9 1.8 -16.9 -9.3 3.9 -16.3
3 16 -9.3 3.9 -16.3 -9 1.8 -16.9 -11.1 2.2 -16.8
3 16 -11.1 2.2 -16.8 -11 4.1 -16 -9.3 3.9 -16.3
3 16 -13 2.6 -15.3 -11 4.1 -16 -11.1 2.2 -16.8
3 16 -13 2.6 -15.3 -12.5 5.1 -14.3 -11 4.1 -16
3 16 -13.9 4.3 -13.2 -12.5 5.1 -14.3 -13 2.6 -15.3
4 16 -12.5 5.1 -14.3 -13.9 4.3 -13.2 -13.9 6.1 -11.9 -12.8 6.7 -12.8
3 16 -13.9 6.1 -11.9 -13 7.9 -11.9 -12.8 6.7 -12.8
3 16 -14 7.4 -11.3 -13 7.9 -11.9 -13.9 6.1 -11.9
3 16 -14 7.4 -11.3 -13.5 9.2 -10.6 -13 7.9 -11.9
3 16 -11.8 8.5 -11.7 -13 7.9 -11.9 -12.4 9.4 -10.7
3 16 -12.4 9.4 -10.7 -13 7.9 -11.9 -13.5 9.2 -10.6
3 16 -11.8 8.5 -11.7 -11 7.3 -12.5 -13 7.9 -11.9
3 16 -13 7.9 -11.9 -11 7.3 -12.5 -12.8 6.7 -12.8
3 16 -11 7.3 -12.5 -10.6 5.9 -13.8 -12.8 6.7 -12.8
3 16 -12.8 6.7 -12.8 -10.6 5.9 -13.8 -12.5 5.1 -14.3
3 16 -12.5 5.1 -14.3 -10.6 5.9 -13.8 -11 4.1 -16
3 16 -11 4.1 -16 -10.6 5.9 -13.8 -8.8 4.5 -15.2
3 16 -8.8 4.5 -15.2 -9.3 3.9 -16.3 -11 4.1 -16
3 16 -9.3 3.9 -16.3 -8.8 4.5 -15.2 -7.4 3.2 -16.4
3 16 -7.4 3.2 -16.4 -8.8 4.5 -15.2 -6.4 3.5 -15.3
3 16 -6.4 3.5 -15.3 -5.9 2.3 -16.3 -7.4 3.2 -16.4
4 16 -5.5 3.7 -14.3 -4.5 1.9 -15.6 -5.9 2.3 -16.3 -6.4 3.5 -15.3
3 16 -5.9 2.3 -16.3 -4.5 1.9 -15.6 -4.8 1 -16.5
3 16 -10.7 8.8 -11.3 -11 7.3 -12.5 -11.8 8.5 -11.7
3 16 -9.6 7.5 -11.6 -11 7.3 -12.5 -10.7 8.8 -11.3
3 16 -10.6 5.9 -13.8 -11 7.3 -12.5 -9 6 -12.8
3 16 -9 6 -12.8 -11 7.3 -12.5 -9.6 7.5 -11.6
4 16 -7.7 4.7 -14.3 -8.8 4.5 -15.2 -10.6 5.9 -13.8 -9 6 -12.8
3 16 -8.8 4.5 -15.2 -7.7 4.7 -14.3 -6.4 3.5 -15.3
3 16 -6.4 3.5 -15.3 -7.7 4.7 -14.3 -5.5 3.7 -14.3
3 16 -3.7 2.1 -14.8 -4.5 1.9 -15.6 -5.5 3.7 -14.3
3 16 -4.5 1.9 -15.6 -3.8 -0.8 -16.9 -4.8 1 -16.5
3 16 -2.1 -0.8 -16 -3.8 -0.8 -16.9 -4.5 1.9 -15.6
3 16 -2.1 -0.8 -16 -2.4 -2.6 -16.9 -3.8 -0.8 -16.9
4 16 -2.4 -2.6 -16.9 -2.1 -0.8 -16 0.9 -2.2 -14.9 -1.1 -3.6 -16.6
3 16 0.9 -2.2 -14.9 -2.1 -0.8 -16 0 -0.5 -14.5
3 16 0 -0.5 -14.5 -2.1 -0.8 -16 -1.9 0.1 -15
3 16 -2.1 -0.8 -16 -4.5 1.9 -15.6 -1.9 0.1 -15
3 16 -1.9 0.1 -15 -4.5 1.9 -15.6 -3.7 2.1 -14.8
3 16 1.4 -0.2 -13.1 0.9 -2.2 -14.9 0 -0.5 -14.5
3 16 2.8 -1.5 -12.9 0.9 -2.2 -14.9 1.4 -0.2 -13.1
3 16 2.3 0.4 -11.7 2.8 -1.5 -12.9 1.4 -0.2 -13.1
3 16 3.8 -0.2 -11.1 2.8 -1.5 -12.9 2.3 0.4 -11.7
3 16 2.3 0.4 -11.7 2.8 1 -10.7 3.8 -0.2 -11.1
3 16 3.8 -0.2 -11.1 2.8 1 -10.7 4.1 0.8 -10.4
3 16 3.8 -0.2 -11.1 4.1 0.8 -10.4 5.2 -0.7 -10.4
4 16 5.6 -0.8 -10 5.2 -0.7 -10.4 4.1 0.8 -10.4 5.1 0.7 -9.3
3 16 2.8 -1.5 -12.9 3.8 -0.2 -11.1 4 -3.1 -12.2
3 16 4 -3.1 -12.2 3.8 -0.2 -11.1 5.2 -0.7 -10.4
3 16 0.9 -2.2 -14.9 2.8 -1.5 -12.9 2.5 -4.2 -14
3 16 2.5 -4.2 -14 2.8 -1.5 -12.9 4 -3.1 -12.2
3 16 0.7 -4.3 -15.5 0.9 -2.2 -14.9 2.5 -4.2 -14
3 16 -1.1 -3.6 -16.6 0.9 -2.2 -14.9 0.7 -4.3 -15.5
3 16 -14 3.2 -10.5 -14 3.2 -11.6 -13.2 1.4 -11.4
3 16 -13.2 1.4 -11.4 -14 3.2 -11.6 -13.2 1.1 -13.3
3 16 -13.2 1.4 -11.4 -13.2 1.1 -13.3 -12 0.4 -12.2
3 16 -12 0.4 -12.2 -13.2 1.1 -13.3 -12 0.4 -15.4
3 16 -12 0.4 -12.2 -12 0.4 -15.4 -10 -0.4 -12.4
3 16 -10 -0.4 -12.4 -12 0.4 -15.4 -10 0.4 -16.5
3 16 -8.3 0.2 -16.1 -10 -0.4 -12.4 -10 0.4 -16.5
3 16 -8.4 -0.9 -12.6 -10 -0.4 -12.4 -8.3 0.2 -16.1
3 16 -8.3 0.2 -16.1 -7.2 -1.7 -15.6 -8.4 -0.9 -12.6
3 16 -8.4 -0.9 -12.6 -7.2 -1.7 -15.6 -6.8 -2.3 -12.8
3 16 -7.2 -1.7 -15.6 -6.2 -3.8 -15.8 -6.8 -2.3 -12.8
3 16 -6.8 -2.3 -12.8 -6.2 -3.8 -15.8 -4.2 -4.6 -13
3 16 -4.3 -5.1 -15.4 -4.2 -4.6 -13 -6.2 -3.8 -15.8
3 16 -4.3 -5.1 -15.4 -2 -6.1 -14.2 -2.3 -5.9 -12.7
3 16 -2.3 -5.9 -12.7 -4.2 -4.6 -13 -4.3 -5.1 -15.4
3 16 -2 -6.1 -14.2 -0.2 -6.1 -13.2 0.1 -6.5 -12.4
3 16 0.1 -6.5 -12.4 -2.3 -5.9 -12.7 -2 -6.1 -14.2
3 16 0.1 -6.5 -12.4 -0.2 -6.1 -13.2 1.9 -5.9 -11.8
3 16 -0.8 -6.9 -11.9 0.1 -6.5 -12.4 1.1 -7 -11.7
3 16 1.1 -7 -11.7 0.1 -6.5 -12.4 1.9 -5.9 -11.8
3 16 1.9 -5.9 -11.8 4.4 -5.6 -10.6 3.3 -7.7 -10.5
3 16 3.3 -7.7 -10.5 1.1 -7 -11.7 1.9 -5.9 -11.8
3 16 1.2 -7.8 -11.1 1.1 -7 -11.7 3.3 -7.7 -10.5
3 16 1.1 -7 -11.7 1.2 -7.8 -11.1 -0.8 -6.9 -11.9
3 16 4.9 -6.9 -10 3.3 -7.7 -10.5 4.4 -5.6 -10.6
3 16 4.4 -5.6 -10.6 6.4 -4.4 -9.3 4.9 -6.9 -10
3 16 6.1 -3 -9.7 6.4 -4.4 -9.3 4.4 -5.6 -10.6
3 16 4.4 -5.6 -10.6 1.9 -5.9 -11.8 4 -4.4 -11.1
3 16 4 -4.4 -11.1 6.1 -3 -9.7 4.4 -5.6 -10.6
3 16 5.7 -1.7 -9.8 6.1 -3 -9.7 4 -4.4 -11.1
4 16 6.3 -0.3 -9.3 6.7 -1.6 -9.2 6.1 -3 -9.7 5.7 -1.7 -9.8
3 16 6.7 -1.6 -9.2 7.1 -2.8 -9.1 6.1 -3 -9.7
3 16 6.1 -3 -9.7 7.1 -2.8 -9.1 6.4 -4.4 -9.3
3 16 -2.3 -5.9 -12.7 0.1 -6.5 -12.4 -0.8 -6.9 -11.9
3 16 -13.8 10.7 -8.7 -13.9 9.7 -9.5 -14.5 9.7 -8.4
3 16 -14.5 9.7 -8.4 -13.9 9.7 -9.5 -14.7 8.8 -9.2
3 16 -10.7 10 -9.7 -12 11.6 -9.6 -10.8 12.8 -8.8
3 16 -10.8 12.8 -8.8 -10.6 11.4 -8.9 -10.7 10 -9.7
3 16 -12 11.6 -9.6 -12.7 12.4 -9.2 -11.8 14.4 -8.7
3 16 -11.8 14.4 -8.7 -10.8 12.8 -8.8 -12 11.6 -9.6
3 16 -13.6 14.1 -8.8 -11.8 14.4 -8.7 -12.7 12.4 -9.2
3 16 -13.6 14.1 -8.8 -12.6 16.7 -7.9 -11.8 14.4 -8.7
3 16 -14.2 16.5 -7.6 -12.6 16.7 -7.9 -13.6 14.1 -8.8
3 16 -14.2 16.5 -7.6 -13.9 17.9 -6.5 -12.6 16.7 -7.9
3 16 -12.6 16.7 -7.9 -13.9 17.9 -6.5 -12.5 18.2 -7
3 16 -13.9 17.9 -6.5 -13.6 19.4 -5.3 -12.5 18.2 -7
3 16 -12.5 18.2 -7 -13.6 19.4 -5.3 -11.7 19.1 -5.9
3 16 -11.7 19.1 -5.9 -13.6 19.4 -5.3 -12.4 19.6 -4.5
3 16 -12.4 19.6 -4.5 -13.6 19.4 -5.3 -13.9 20.2 -3.2
3 16 -12.5 10.6 -9.8 -12 11.6 -9.6 -10.7 10 -9.7
3 16 -13.8 10.7 -8.7 -12 11.6 -9.6 -12.5 10.6 -9.8
3 16 -12 11.6 -9.6 -13.8 10.7 -8.7 -12.7 12.4 -9.2
3 16 -12.7 12.4 -9.2 -13.8 10.7 -8.7 -14.3 12 -8.4
3 16 -14.3 12 -8.4 -13.6 14.1 -8.8 -12.7 12.4 -9.2
3 16 -15.3 14.7 -7.7 -13.6 14.1 -8.8 -14.3 12 -8.4
3 16 -13.6 14.1 -8.8 -15.3 14.7 -7.7 -14.2 16.5 -7.6
3 16 -14.2 16.5 -7.6 -15.3 14.7 -7.7 -15.5 16.6 -6.6
3 16 -14.2 16.5 -7.6 -15.5 16.6 -6.6 -13.9 17.9 -6.5
3 16 -13.9 17.9 -6.5 -15.5 16.6 -6.6 -15.1 17.5 -5.9
3 16 -13.6 19.4 -5.3 -13.9 17.9 -6.5 -14.9 18.8 -4.9
3 16 -14.9 18.8 -4.9 -13.9 17.9 -6.5 -15.1 17.5 -5.9
3 16 -14.9 18.8 -4.9 -13.9 20.2 -3.2 -13.6 19.4 -5.3
3 16 -15.2 19.5 -3.3 -13.9 20.2 -3.2 -14.9 18.8 -4.9
3 16 -14.9 21.1 -0.6 -13.9 20.8 -1.3 -14.8 21 -1.8
3 16 -13.9 20.7 0.3 -13.9 20.8 -1.3 -14.9 21.1 -0.6
3 16 -13.1 19.9 0.2 -13.9 20.8 -1.3 -13.9 20.7 0.3
3 16 -13 20.1 -1.4 -13.9 20.8 -1.3 -13.1 19.9 0.2
3 16 -13.9 20.8 -1.3 -13 20.1 -1.4 -12.4 19.6 -4.5
3 16 -14.8 21 -1.8 -13.9 20.8 -1.3 -13.9 20.2 -3.2
3 16 -13.9 20.2 -3.2 -13.9 20.8 -1.3 -12.4 19.6 -4.5
3 16 -8.9 7.7 -9.6 -9.9 9.1 -10.2 -10 10.6 -8.4
3 16 -10 10.6 -8.4 -9.9 9.1 -10.2 -10.7 10 -9.7
3 16 -9.9 9.1 -10.2 -8.9 7.7 -9.6 -8.8 6.7 -11
3 16 -8.8 6.7 -11 -8.9 7.7 -9.6 -8.4 6.4 -10.1
3 16 -8.4 6.4 -10.1 -7.7 4.9 -10.5 -8.8 6.7 -11
3 16 -7.7 4.9 -10.5 -7.7 4.7 -14.3 -9 6 -12.8
3 16 -7.7 4.9 -10.5 -6.1 3.5 -11.4 -7.7 4.7 -14.3
3 16 -7.7 4.7 -14.3 -6.1 3.5 -11.4 -5.5 3.7 -14.3
3 16 -6.1 3.5 -11.4 -4.6 2.5 -12 -5.5 3.7 -14.3
3 16 -5.5 3.7 -14.3 -4.6 2.5 -12 -3.7 2.1 -14.8
3 16 -9.6 7.5 -11.6 -9.9 9.1 -10.2 -8.8 6.7 -11
3 16 -10.7 8.8 -11.3 -9.9 9.1 -10.2 -9.6 7.5 -11.6
3 16 -4.6 2.5 -12 -2.2 1.4 -11.6 -3.7 2.1 -14.8
3 16 -3.7 2.1 -14.8 -2.2 1.4 -11.6 -1.9 0.1 -15
4 16 -1.9 0.1 -15 -2.2 1.4 -11.6 -0.5 0.9 -11.1 0 -0.5 -14.5
4 16 0 -0.5 -14.5 -0.5 0.9 -11.1 1 0.8 -10.7 1.4 -0.2 -13.1
3 16 1.4 -0.2 -13.1 1 0.8 -10.7 2.3 0.4 -11.7
3 16 2.3 0.4 -11.7 1 0.8 -10.7 2.8 1 -10.7
3 16 -12.4 9.4 -10.7 -12.4 10 -10.3 -10.7 8.8 -11.3
3 16 -12.4 9.4 -10.7 -13.5 9.2 -10.6 -12.4 10 -10.3
3 16 -12.4 10 -10.3 -13.5 9.2 -10.6 -13.9 9.7 -9.5
3 16 -12.4 10 -10.3 -13.9 9.7 -9.5 -12.5 10.6 -9.8
3 16 -12.5 10.6 -9.8 -13.9 9.7 -9.5 -13.8 10.7 -8.7
3 16 -10.7 10 -9.7 -12.4 10 -10.3 -12.5 10.6 -9.8
3 16 -9.9 9.1 -10.2 -12.4 10 -10.3 -10.7 10 -9.7
3 16 -10.7 8.8 -11.3 -12.4 10 -10.3 -9.9 9.1 -10.2
3 16 -12.6 16.7 -7.9 -12 16.7 -7.1 -11.8 14.4 -8.7
3 16 -11.8 14.4 -8.7 -12 16.7 -7.1 -11.3 14.1 -8.1
3 16 -12.5 18.2 -7 -12 16.7 -7.1 -12.6 16.7 -7.9
3 16 -11.3 14.1 -8.1 -10.8 12.8 -8.8 -11.8 14.4 -8.7
3 16 -12 16.7 -7.1 -12.5 18.2 -7 -11.5 16.8 -6.3
3 16 -11.5 16.8 -6.3 -12.5 18.2 -7 -11.7 19.1 -5.9
4 16 -11.3 14.1 -8.1 -12 16.7 -7.1 -11.5 16.8 -6.3 -10.7 13.9 -7.4
3 16 -11.3 14.1 -8.1 -10.7 13.9 -7.4 -10.8 12.8 -8.8
3 16 -10.8 12.8 -8.8 -10.7 13.9 -7.4 -10.1 11.7 -8.3
3 16 -12.4 9.4 -10.7 -10.7 8.8 -11.3 -11.8 8.5 -11.7
3 16 -10 10.6 -8.4 -10.6 11.4 -8.9 -10.1 11.7 -8.3
3 16 -10.1 11.7 -8.3 -10.6 11.4 -8.9 -10.8 12.8 -8.8
3 16 -10 10.6 -8.4 -10.7 10 -9.7 -10.6 11.4 -8.9
3 16 -9.6 7.5 -11.6 -8.8 6.7 -11 -9 6 -12.8
3 16 -9 6 -12.8 -8.8 6.7 -11 -7.7 4.9 -10.5
2 24 10.7 4 -7.6 9.3 2.1 -8.4
2 24 11 5 -7 10.7 4 -7.6
2 24 9.3 2.1 -8.4 7.6 1.1 -8.6
2 24 -0.7 0.3 -10.1 0 0 -9
2 24 1 0.8 -10.7 -0.5 0.9 -11.1
2 24 -0.5 0.9 -11.1 -2.2 1.4 -11.6
2 24 -2.9 0.6 -10.4 -0.7 0.3 -10.1
2 24 -2.2 1.4 -11.6 -4.6 2.5 -12
2 24 -5 0.9 -10.3 -2.9 0.6 -10.4
2 24 -6.8 2.1 -10.4 -5 0.9 -10.3
2 24 -4.6 2.5 -12 -6.1 3.5 -11.4
2 24 -6.1 3.5 -11.4 -7.7 4.9 -10.5
2 24 -8.5 4.9 -9.9 -6.8 2.1 -10.4
2 24 2.8 1 -10.7 1 0.8 -10.7
2 24 4.1 0.8 -10.4 2.8 1 -10.7
2 24 5.1 0.7 -9.3 4.1 0.8 -10.4
2 24 5.5 0.7 -9 5.1 0.7 -9.3
2 24 5.9 0.6 -8.6 5.5 0.7 -9
2 24 7.6 1.1 -8.6 5.9 0.6 -8.6
2 24 9 -1.9 -9.8 11.5 -0.7 -9.7
2 24 12.6 -2.4 -8.2 9.8 -3.8 -8.3
2 24 7.8 -4.5 -7.9 7.1 -2.8 -9.1
2 24 9.8 -3.8 -8.3 7.8 -4.5 -7.9
2 24 14.2 0.6 -7.2 12.6 -2.4 -8.2
2 24 11.5 -0.7 -9.7 12.7 2.2 -8.7
2 24 14.5 3.9 -5.9 14.2 0.6 -7.2
2 24 12.7 2.2 -8.7 13.1 4.8 -7.1
2 24 15.4 5.7 -5.6 14.5 3.9 -5.9
2 24 13.1 4.8 -7.1 14.1 6.6 -6.9
2 24 14.1 6.6 -6.9 15.3 9.1 -5.9
2 24 16.4 8.4 -4.6 15.4 5.7 -5.6
2 24 15.3 9.1 -5.9 15.4 12 -4.1
2 24 16.3 11.3 -2 16.4 8.4 -4.6
2 24 16.1 12.8 -2.1 16.3 11.3 -2
2 24 15.4 12 -4.1 15.5 13.8 -3.4
2 24 15.5 13.8 -3.4 16.3 14.8 -1.7
2 24 16.3 14.8 -1.7 16.1 12.8 -2.1
2 24 7.1 -2.8 -9.1 6.7 -1.6 -9.2
2 24 6.7 -1.6 -9.2 9 -1.9 -9.8
2 24 9.9 -4.4 -7 7.8 -4.5 -7.9
2 24 12.5 -3 -5.9 9.9 -4.4 -7
2 24 13.8 -1.3 -5 12.5 -3 -5.9
2 24 14.4 0.7 -4.6 13.8 -1.3 -5
2 24 14.9 3.1 -4.4 14.4 0.7 -4.6
2 24 15.5 5.1 -3.9 14.9 3.1 -4.4
2 24 16.4 7.6 -3.1 15.5 5.1 -3.9
2 24 16.7 9.7 -2.2 16.4 7.6 -3.1
2 24 16.3 11.3 -2 16.7 9.7 -2.2
2 24 8.1 -5 -7.4 7.8 -4.5 -7.9
2 24 10.3 -5.2 -6.3 8.1 -5 -7.4
2 24 12.4 -4.8 -5.5 10.3 -5.2 -6.3
2 24 13.7 -3.4 -4.8 12.4 -4.8 -5.5
2 24 14.4 -2 -4.1 13.7 -3.4 -4.8
2 24 15.1 0.3 -3.6 14.4 -2 -4.1
2 24 15.8 2.5 -3.5 15.1 0.3 -3.6
2 24 17.1 5.1 -2.5 15.8 2.5 -3.5
2 24 17.8 7.7 -1.8 17.1 5.1 -2.5
2 24 17.6 9.5 -1.7 17.8 7.7 -1.8
2 24 16.8 11.4 -1.4 17.6 9.5 -1.7
2 24 12.6 -5.6 -3.8 10.6 -6.3 -4.5
2 24 14 -4.1 -2.8 12.6 -5.6 -3.8
2 24 14.7 -2.6 -1.7 14 -4.1 -2.8
2 24 15.4 -0.4 -1.1 14.7 -2.6 -1.7
2 24 16.2 1.6 -1 15.4 -0.4 -1.1
2 24 17.2 4.4 -0.3 16.2 1.6 -1
2 24 18.1 7.3 0.1 17.2 4.4 -0.3
2 24 18 9 0.4 18.1 7.3 0.1
2 24 17.8 11 1 18 9 0.4
2 24 8.2 -5.5 -6.9 8.1 -5 -7.4
2 24 8.2 -6 -6.2 8.2 -5.5 -6.9
2 24 8.2 -6.6 -5.3 8.2 -6 -6.2
2 24 10.6 -6.3 -4.5 8.2 -6.6 -5.3
2 24 17.6 12.6 1.2 17.8 11 1
2 24 16.8 11.4 -1.4 16.8 12.7 -1.1
2 24 16.8 12.7 -1.1 17.4 14.4 -0.7
2 24 17.9 14.1 1.6 17.6 12.6 1.2
2 24 17.4 14.4 -0.7 17.4 15.9 -0.6
2 24 17.6 16.7 1.5 17.9 14.1 1.6
2 24 17.4 15.9 -0.6 16.7 17.6 -0.5
2 24 16.9 18.8 1.5 17.6 16.7 1.5
2 24 16.7 17.6 -0.5 16.3 19.3 -0.6
2 24 16.3 19.3 -0.6 16.2 20.4 0.3
2 24 16.2 20.4 0.3 16.5 21.2 1.9
2 24 16.5 21.2 1.9 16.9 18.8 1.5
2 24 16.3 14.8 -1.7 14.8 15.7 -1.7
2 24 14.8 15.7 -1.7 12.9 15.8 -1.2
2 24 16 21.9 2.3 16.5 21.2 1.9
2 24 15.2 22 2.6 16 21.9 2.3
2 24 13.7 20.6 2.7 15.2 22 2.6
2 24 12.8 18.8 2.8 13.7 20.6 2.7
2 24 14.7 -2.6 -1.7 13.9 -4.3 -2.2
2 24 13.9 -4.3 -2.2 12.6 -5.5 -2.9
2 24 12.6 -5.5 -2.9 10.5 -6.3 -3.6
2 24 10.5 -6.3 -3.6 8.4 -6.9 -4.8
2 24 8.4 -6.9 -4.8 8.2 -6.6 -5.3
2 24 14.4 -4.9 -1.4 12.7 -6.1 -2.1
2 24 12.7 -6.1 -2.1 10.6 -6.7 -3
2 24 10.6 -6.7 -3 8.4 -7.1 -3.9
2 24 8.4 -7.1 -3.9 8.4 -6.9 -4.8
2 24 15.3 -3.3 -0.9 14.4 -4.9 -1.4
2 24 15.9 -1 -0.2 15.3 -3.3 -0.9
2 24 16.8 1 -0.1 15.9 -1 -0.2
2 24 18 3.7 0.6 16.8 1 -0.1
2 24 19.2 6.6 0.8 18 3.7 0.6
2 24 19.4 8.1 1.2 19.2 6.6 0.8
2 24 19.5 9.5 2.2 19.4 8.1 1.2
2 24 17.8 11 1 18.6 11.7 2.6
2 24 19.4 10.7 3.1 19.5 9.5 2.2
2 24 18.6 11.7 2.6 18.6 11.7 3.9
2 24 19.3 10.6 3.8 19.4 10.7 3.1
2 24 13.8 -5.5 1.8 12.3 -6.3 1
2 24 12.3 -6.3 1 10.1 -6.9 -0.1
2 24 15.1 -4.2 2.3 13.8 -5.5 1.8
2 24 16 -2.1 2.9 15.1 -4.2 2.3
2 24 16.8 0.2 3.3 16 -2.1 2.9
2 24 17.6 2.3 3.7 16.8 0.2 3.3
2 24 18.6 4.7 4.2 17.6 2.3 3.7
2 24 19.1 7.1 3.7 18.6 4.7 4.2
2 24 19.3 8.7 3.9 19.1 7.1 3.7
2 24 19.3 10.6 3.8 19.1 10.3 4.4
2 24 19.1 10.3 4.4 19.3 8.7 3.9
2 24 8.3 -7.4 -1.8 8.3 -7.4 -2.7
2 24 8.3 -7.4 -2.7 8.4 -7.1 -3.9
2 24 8.3 -7.4 -0.9 8.3 -7.4 -1.8
2 24 10.1 -6.9 -0.1 8.3 -7.4 -0.9
2 24 18.6 11.7 3.9 17.9 10.9 5.1
2 24 17.9 10.9 5.1 18.2 8.9 5.2
2 24 18.2 8.9 5.2 18.2 7.4 5.1
2 24 18.2 7.4 5.1 18 5 5
2 24 18 5 5 17.1 2.2 4.8
2 24 17.1 2.2 4.8 16.3 0.1 4.5
2 24 16.3 0.1 4.5 15.4 -2.2 4.2
2 24 15.4 -2.2 4.2 14.4 -4 3.4
2 24 14.4 -4 3.4 13.1 -5.1 2.6
2 24 13.1 -5.1 2.6 11.9 -5.9 1.8
2 24 11.9 -5.9 1.8 9.9 -6.7 0.5
2 24 9.9 -6.7 0.5 8.3 -7.4 -0.9
2 24 15.5 13.8 -3.4 14.3 14.5 -3.1
2 24 14.3 14.5 -3.1 12.8 14.4 -2.3
2 24 6.3 -0.3 -9.3 5.9 0.6 -8.6
2 24 6.7 -1.6 -9.2 6.3 -0.3 -9.3
2 24 18.6 12.8 2.5 18.6 11.7 2.6
2 24 18.9 14.1 2.5 18.6 12.8 2.5
2 24 18.6 16.7 2.3 18.9 14.1 2.5
2 24 18 18.7 2.2 18.6 16.7 2.3
2 24 17.6 21.3 2.6 18 18.7 2.2
2 24 16.5 21.2 1.9 17.6 21.3 2.6
2 24 18.7 12.9 4.4 18.6 11.7 3.9
2 24 18.9 14.3 4.8 18.7 12.9 4.4
2 24 18.7 16.7 4.7 18.9 14.3 4.8
2 24 18.2 18.7 4.6 18.7 16.7 4.7
2 24 17.6 21.1 5.1 18.2 18.7 4.6
2 24 18 21.3 3.9 17.6 21.1 5.1
2 24 17.9 12.5 5.3 17.9 10.9 5.1
2 24 18.2 14.1 5.6 17.9 12.5 5.3
2 24 18.1 16.7 5.6 18.2 14.1 5.6
2 24 17.7 18.7 5.5 18.1 16.7 5.6
2 24 16.8 20.9 5.8 17.7 18.7 5.5
2 24 17.6 21.1 5.1 16.8 20.9 5.8
2 24 15.5 -1.7 8.7 14.8 -3.5 8.1
2 24 15.8 -3 5.8 16.2 -1.4 6.6
2 24 15.7 0.5 9.2 15.5 -1.7 8.7
2 24 16.2 -1.4 6.6 16.3 1.5 7.5
2 24 16.3 1.5 7.5 16.1 3.4 9.8
2 24 16.1 3.4 9.8 15.7 0.5 9.2
2 24 14.8 -3.5 8.1 13.6 -4.9 6.9
2 24 14.6 -4.7 4.7 15.8 -3 5.8
2 24 13.6 -4.9 6.9 12.2 -5.7 5.8
2 24 13.1 -5.7 3.7 14.6 -4.7 4.7
2 24 12.2 -5.7 5.8 10.2 -6.3 4.1
2 24 10.7 -6.5 2.1 13.1 -5.7 3.7
2 24 10.2 -6.3 4.1 8 -7.1 2.7
2 24 8 -7.1 2.7 8.1 -7.1 1.4
2 24 8.1 -7.1 1.4 8.2 -7.3 0.1
2 24 8.2 -7.3 0.1 10.7 -6.5 2.1
2 24 15.4 -2.2 4.2 16 -0.2 5.4
2 24 16 -0.2 5.4 16.3 1.5 7.5
2 24 8.2 -7.3 0.1 8.3 -7.4 -0.9
2 24 15.4 -2.2 4.2 16.3 0.3 5.1
2 24 16.3 0.3 5.1 16.7 1.7 6.6
2 24 16.7 1.7 6.6 17.2 3.5 8
2 24 17.2 3.5 8 17.6 5.6 8.3
2 24 16.4 5.4 10.3 16.1 3.4 9.8
2 24 16.3 8.2 10.7 16.4 5.4 10.3
2 24 17.6 5.6 8.3 17.9 8.4 8.6
2 24 17.9 8.4 8.6 17 10.4 9.1
2 24 16 9.8 10.6 16.3 8.2 10.7
2 24 17 10.4 9.1 16.1 11.5 9.8
2 24 15.7 11.2 10.5 16 9.8 10.6
2 24 16.1 11.5 9.8 15.7 11.2 10.5
2 24 18.2 8.9 5.2 17.6 10.5 6.1
2 24 17.6 10.5 6.1 17.2 11.3 7.4
2 24 17.2 11.3 7.4 16.4 11.8 8.9
2 24 16.4 11.8 8.9 16.1 11.5 9.8
2 24 8 -7.1 2.7 9.9 -6.1 5
2 24 9.3 -6.7 6.1 8 -7.1 2.7
2 24 9.9 -6.1 5 11.3 -5.3 6.8
2 24 11.3 -6.1 8.3 9.3 -6.7 6.1
2 24 11.3 -5.3 6.8 13 -3.8 8.7
2 24 12.8 -4.6 10.4 11.3 -6.1 8.3
2 24 13 -3.8 8.7 14 -1.6 10.2
2 24 13.6 -2.3 12 12.8 -4.6 10.4
2 24 13.5 -0.1 12.5 13.6 -2.3 12
2 24 14 -1.6 10.2 14.3 0.3 10.8
2 24 14.3 0.3 10.8 14.5 1 11
2 24 13.6 2.2 12.9 13.5 -0.1 12.5
2 24 14.5 1 11 13.6 2.2 12.9
2 24 16.1 3.4 9.8 14.5 1 11
2 24 15.5 4.1 12.9 14.5 1 11
2 24 15.5 8.4 12.8 15.5 4.1 12.9
2 24 15 11.2 12.6 15.5 8.4 12.8
2 24 15.7 11.2 10.5 14.8 13.2 11.3
2 24 14.2 12.6 14.2 15 11.2 12.6
2 24 14.8 13.2 11.3 14.1 14 12.6
2 24 14.1 14 12.6 12.6 14.5 14.1
2 24 12.9 12.7 14.6 14.2 12.6 14.2
2 24 12.6 14.5 14.1 12.9 12.7 14.6
2 24 13.8 3.6 13.4 13.6 2.2 12.9
2 24 13.8 5.7 13.7 13.8 3.6 13.4
2 24 13.8 7.7 13.8 13.8 5.7 13.7
2 24 13.5 9 13.7 13.8 7.7 13.8
2 24 13 9.9 13.6 13.5 9 13.7
2 24 12.9 11 13.9 13 9.9 13.6
2 24 12.9 12.7 14.6 12.9 11 13.9
2 24 13 9.9 13.6 12.3 9.5 14.1
2 24 12.3 9.5 14.1 11.5 8.8 14.9
2 24 12.5 7.7 15.6 12.9 8.2 15.1
2 24 12.9 8.2 15.1 13.1 7.1 15
2 24 11.5 8.8 14.9 11.2 7.8 16.1
2 24 12.1 6.9 16.2 12.5 7.7 15.6
2 24 13.1 7.1 15 13.1 5.5 15.3
2 24 11.1 5.4 16.2 12.1 6.9 16.2
2 24 11.2 7.8 16.1 9.4 5.7 15.6
2 24 13.1 5.5 15.3 12.9 3.4 14.7
2 24 10.3 3.6 16 11.1 5.4 16.2
2 24 9.4 5.7 15.6 8.9 3.9 15.4
2 24 8.9 3.9 15.4 9.9 1.8 15.1
2 24 10.7 1.8 15.1 10.3 3.6 16
2 24 12.9 3.4 14.7 12.9 1.7 13.7
2 24 12.9 1.7 13.7 13.5 -0.1 12.5
2 24 9.9 1.8 15.1 10.4 -0.1 14.2
2 24 11.4 -0.3 13.9 10.7 1.8 15.1
2 24 10.4 -0.1 14.2 10.5 -2 13.5
2 24 11.5 -2.4 13.5 11.4 -0.3 13.9
2 24 10.5 -2 13.5 10 -4.2 12.6
2 24 10.8 -4.6 12.4 11.5 -2.4 13.5
2 24 10 -4.2 12.6 9.2 -5.7 11.4
2 24 9.6 -5.9 11 10.8 -4.6 12.4
2 24 8.2 -6.8 10.1 9.6 -5.9 11
2 24 9.2 -5.7 11.4 8.2 -6.8 10.1
2 24 11.2 10.3 15.4 11.5 8.8 14.9
2 24 12.3 9.5 14.1 12.2 10.5 14.7
2 24 10.8 11.9 16.1 11.2 10.3 15.4
2 24 12.2 10.5 14.7 12.4 12.6 15.4
2 24 12.4 12.6 15.4 12.2 14.4 15.9
2 24 10 13.7 16.5 10.8 11.9 16.1
2 24 12.2 14.4 15.9 11.8 16 16.1
2 24 8.8 17.2 16.4 8.2 15.2 16.5
2 24 8.2 15.2 16.5 10 13.7 16.5
2 24 11.8 16 16.1 11.9 17.2 15.5
2 24 8.8 19.4 15.5 8.8 17.2 16.4
2 24 11.9 17.2 15.5 11.7 18.6 14.9
2 24 11.7 18.6 14.9 11.3 19.7 14.7
2 24 8.6 21 15.3 8.8 19.4 15.5
2 24 11.3 19.7 14.7 11 21 14.8
2 24 8 22.3 15.1 8.6 21 15.3
2 24 11 21 14.8 10 22.6 14.9
2 24 7.5 23.2 13.8 8 22.3 15.1
2 24 10 22.6 14.9 9.3 23.8 13
2 24 9.3 23.8 13 8.6 23.1 11.3
2 24 6.7 23 12.5 7.5 23.2 13.8
2 24 6.4 22.2 11.5 6.7 23 12.5
2 24 8.6 23.1 11.3 7.8 22 10.5
2 24 12.6 14.5 14.1 12.6 16 14.2
2 24 12.6 16 14.2 12.5 17.1 14.2
2 24 12.5 17.1 14.2 12.4 18.5 13.9
2 24 12.4 18.5 13.9 12.1 19.7 13.6
2 24 12.1 19.7 13.6 11.7 21 14
2 24 11.7 21 14 11.2 22.4 13.7
2 24 11.2 22.4 13.7 10.3 23.1 12
2 24 10.3 23.1 12 9.6 22.4 10.6
2 24 9.6 22.4 10.6 8.7 21.1 9.7
2 24 7.1 -7.1 9.7 7.4 -7.2 8.6
2 24 7.4 -7.2 8.6 7.6 -7.2 7.6
2 24 7.6 -7.2 7.6 7.7 -7.2 6.4
2 24 7.7 -7.2 6.4 7.8 -7.1 5.1
2 24 7.8 -7.1 5.1 8 -7.1 2.7
2 24 8 -6.1 12.6 8.6 -4.8 14
2 24 7.1 -4.7 14.2 6.8 -6.3 12.4
2 24 6.8 -6.3 12.4 8 -6.1 12.6
2 24 8.6 -4.8 14 8.9 -3.1 15.6
2 24 6.9 -2.8 15.8 7.1 -4.7 14.2
2 24 8.9 -3.1 15.6 8.8 -1.2 16.6
2 24 6.7 -1.2 16.6 6.9 -2.8 15.8
2 24 8.8 -1.2 16.6 8.2 0.8 17.1
2 24 6.4 0.7 16.9 6.7 -1.2 16.6
2 24 6.2 2.2 17.3 6.4 0.7 16.9
2 24 8.2 0.8 17.1 6.2 3.5 17.1
2 24 6.2 3.5 17.1 6.2 2.2 17.3
2 24 8.2 4.2 15.9 7.6 4.2 16.3
2 24 8.9 3.9 15.4 8.2 4.2 15.9
2 24 8 -6.1 12.6 8.2 -6.8 10.1
2 24 7.6 4.2 16.3 6.9 4.1 16.6
2 24 6.9 4.1 16.6 6.2 3.5 17.1
2 24 6.8 -6.3 12.4 7.1 -7.1 9.7
2 24 6.4 -5 14.6 6.6 -5.8 13.3
2 24 6.6 -5.8 13.3 6.8 -6.3 12.4
2 24 6.1 -3.6 16.8 6.4 -5 14.6
2 24 5.9 -2.1 17.7 6.1 -3.6 16.8
2 24 5.5 -0.3 18.1 5.9 -2.1 17.7
2 24 5.5 1.6 18.4 5.5 -0.3 18.1
2 24 5 3.1 18.9 5.5 1.6 18.4
2 24 6.2 3.5 17.1 4.6 5.2 17.6
2 24 4.3 3.8 19 5 3.1 18.9
2 24 4.6 5.2 17.6 3.8 5.2 18.4
2 24 3.7 3.7 19.2 4.3 3.8 19
2 24 3.8 5.2 18.4 3.1 5 18.6
2 24 2.9 3.5 19.3 3.7 3.7 19.2
2 24 3.1 5 18.6 2.1 4.7 18.5
2 24 2.1 4.7 18.5 1.4 3.9 18.3
2 24 1.4 3.9 18.3 2.8 2.6 19
2 24 2.8 2.6 19 2.9 3.5 19.3
2 24 4.9 -5.5 14 6.8 -6.3 12.4
2 24 6.6 -5.8 13.3 5.6 -5.4 14.6
2 24 5.6 -5.4 14.6 4 -3.9 16.8
2 24 2.9 -3.7 16 4.9 -5.5 14
2 24 4 -3.9 16.8 3.3 -2.8 17.7
2 24 2.1 -2.2 16.7 2.9 -3.7 16
2 24 3.3 -2.8 17.7 2.9 -1.1 18.3
2 24 2 -0.6 17.3 2.1 -2.2 16.7
2 24 2.9 -1.1 18.3 3.1 1.1 18.5
2 24 2 1.7 18 2 -0.6 17.3
2 24 3.1 1.1 18.5 2.8 2.6 19
2 24 1.4 3.9 18.3 2 1.7 18
2 24 1.4 5.6 18.7 2.1 4.7 18.5
2 24 3.8 5.2 18.4 4 6.3 18.5
2 24 1 6.9 19 1.4 5.6 18.7
2 24 4 6.3 18.5 4 7.6 19.1
2 24 1 8.5 19.3 1 6.9 19
2 24 4 7.6 19.1 3.2 10 19.4
2 24 0.7 10.5 19.5 1 8.5 19.3
2 24 3.2 10 19.4 2.3 13.3 19.5
2 24 0.3 12 19.7 0.7 10.5 19.5
2 24 2.3 13.3 19.5 1.8 15.1 19.3
2 24 1.8 15.1 19.3 1.1 15.5 19.2
2 24 1.1 15.5 19.2 0.4 14.9 19.3
2 24 0.4 14.9 19.3 0.3 12 19.7
2 24 0.7 5 18.3 1.4 3.9 18.3
2 24 0.2 6.3 18.4 0.7 5 18.3
2 24 0.3 8.3 18.9 0.2 6.3 18.4
2 24 0.1 10.3 19.2 0.3 8.3 18.9
2 24 -0.3 11.8 19.2 0.1 10.3 19.2
2 24 -0.3 15.3 18.3 -0.3 11.8 19.2
2 24 0.1 16.1 18.1 -0.3 15.3 18.3
2 24 1.4 17.1 17.8 0.1 16.1 18.1
2 24 4.6 5.2 17.6 4.6 6.3 17.6
2 24 4.6 6.3 17.6 4.4 7.8 18.1
2 24 4.4 7.8 18.1 3.9 10.5 18.5
2 24 3.9 10.5 18.5 3.2 13.6 18.6
2 24 3.2 13.6 18.6 2.8 15.8 18.2
2 24 2.8 15.8 18.2 2.4 16.7 17.8
2 24 2.4 16.7 17.8 1.4 17.1 17.8
2 24 6.2 3.5 17.1 6 6.1 17
2 24 6 6.1 17 6.4 8 17.4
2 24 4.8 8.6 18.2 4.4 7.8 18.1
2 24 6.4 8 17.4 6.1 8.9 17.8
2 24 4.7 10.6 18.6 4.8 8.6 18.2
2 24 6.1 8.9 17.8 6 10.6 18.4
2 24 6 10.6 18.4 6.1 12.1 18.6
2 24 4.2 13.5 18.9 4.7 10.6 18.6
2 24 6.1 12.1 18.6 5.6 14.1 18.6
2 24 3.7 16.1 18.4 4.2 13.5 18.9
2 24 5.6 14.1 18.6 5 16.6 18.3
2 24 3.6 17.4 17.8 3.7 16.1 18.4
2 24 5 16.6 18.3 4.5 18 17.6
2 24 4.5 18 17.6 3.6 17.4 17.8
2 24 6.6 5.5 17 6.9 4.1 16.6
2 24 7.3 7.9 17.9 6.6 5.5 17
2 24 7.9 9.5 18 7.3 7.9 17.9
2 24 8.2 4.2 15.9 8.4 5.4 16.5
2 24 8.4 5.4 16.5 10.5 7.8 16.8
2 24 10.5 7.8 16.8 10.5 9.8 17.5
2 24 7.9 11 18 7.9 9.5 18
2 24 10.5 9.8 17.5 10 11.6 17.5
2 24 7.6 12.3 18 7.9 11 18
2 24 10 11.6 17.5 9 13.3 17.6
2 24 7.4 13.3 17.8 7.6 12.3 18
2 24 9 13.3 17.6 8.3 14.1 17.7
2 24 8.3 14.1 17.7 7.8 13.7 17.8
2 24 7.8 13.7 17.8 7.4 13.3 17.8
2 24 6.9 9.8 17.7 6.4 8 17.4
2 24 7 11.1 17.8 6.9 9.8 17.7
2 24 6.9 12.2 17.8 7 11.1 17.8
2 24 6.6 13.5 17.4 6.9 12.2 17.8
2 24 7.1 14.3 16.9 6.6 13.5 17.4
2 24 8.2 15.2 16.5 7.1 14.3 16.9
2 24 6.6 13.5 17.4 6.2 15.1 17.4
2 24 6.2 15.1 17.4 5.8 16.9 17.6
2 24 5 18.7 17.1 4.5 18 17.6
2 24 5.8 16.9 17.6 5 18.7 17.1
2 24 3.6 17.4 17.8 2.4 16.7 17.8
2 24 15.9 13.2 10.3 16.1 11.5 9.8
2 24 16.4 11.8 8.9 16.5 13.3 9
2 24 16.5 13.3 9 16.8 15.3 9.3
2 24 16.3 15.3 10.9 15.9 13.2 10.3
2 24 16.2 17.6 10.4 16.3 15.3 10.9
2 24 16.8 15.3 9.3 16.4 17.7 8.8
2 24 15.9 20.3 10.2 16.2 17.6 10.4
2 24 16.4 17.7 8.8 16.5 20.2 7.9
2 24 15.3 21.8 10.8 15.9 20.3 10.2
2 24 13.5 22.8 10.9 13.9 22 11.5
2 24 13.9 22 11.5 15.3 21.8 10.8
2 24 16.5 20.2 7.9 16.6 20.7 6.8
2 24 16.6 20.7 6.8 16.8 20.9 5.8
2 24 16.8 20.9 5.8 16.2 22.2 6
2 24 16.2 22.2 6 14.8 22.3 5.9
2 24 12.7 23.3 9.5 13.5 22.8 10.9
2 24 11.6 22.1 8.3 12.7 23.3 9.5
2 24 14.8 22.3 5.9 13 21.4 5.7
2 24 13 21.4 5.7 11.8 19.8 5.5
2 24 10.7 20.5 7.5 11.6 22.1 8.3
2 24 14.8 15.3 11.5 14.8 13.2 11.3
2 24 14.7 17.6 11.7 14.8 15.3 11.5
2 24 14.2 20 11.6 14.7 17.6 11.7
2 24 14.1 20.9 11.5 14.2 20 11.6
2 24 13.9 22 11.5 14.1 20.9 11.5
2 24 17.2 11.3 7.4 17.7 13.5 7.7
2 24 17.7 13.5 7.7 17.8 15.6 8.2
2 24 17.8 15.6 8.2 17.5 18 7.8
2 24 17.5 18 7.8 16.6 20.7 6.8
2 24 14.1 14 12.6 14.3 15.4 12.7
2 24 14.3 15.4 12.7 14.4 16.8 13.1
2 24 14.4 16.8 13.1 14 18.5 13.2
2 24 14 18.5 13.2 13.5 19.9 12.9
2 24 13.5 19.9 12.9 13.2 20.9 13.4
2 24 13.2 20.9 13.4 11.7 21 14
2 24 13.6 21.9 12.6 13.2 20.9 13.4
2 24 13.9 22 11.5 13.6 21.9 12.6
2 24 7 15.7 17.1 7.2 17.3 17.6
2 24 6.7 14.5 17.1 7 15.7 17.1
2 24 7.2 17.3 17.6 6.8 19.7 17.5
2 24 4.7 20.5 16.5 5 18.7 17.1
2 24 6.8 19.7 17.5 6.5 21.3 17
2 24 4.7 22.3 15.9 4.7 20.5 16.5
2 24 6.5 21.3 17 6.1 22.6 16.4
2 24 6.1 22.6 16.4 5.3 23.5 15
2 24 4.3 23 14.7 4.7 22.3 15.9
2 24 5.3 23.5 15 4.7 23.4 13.3
2 24 3.9 23.1 13.5 4.3 23 14.7
2 24 4.7 23.4 13.3 4.5 22.8 12.3
2 24 3.7 22.3 12.6 3.9 23.1 13.5
2 24 6.6 13.5 17.4 6.7 14.5 17.1
2 24 6.6 23.6 14.4 7 22.6 16.1
2 24 6 23.4 12.8 6.6 23.6 14.4
2 24 5.6 22.7 11.8 6 23.4 12.8
2 24 2.1 18.3 17.6 1.4 17.1 17.8
2 24 2.8 19.9 17.7 2.1 18.3 17.6
2 24 3 21.4 17.5 2.8 19.9 17.7
2 24 2.8 22.9 17.1 3 21.4 17.5
2 24 2.4 23.9 15.5 2.8 22.9 17.1
2 24 1.9 23.8 14.1 2.4 23.9 15.5
2 24 1.5 23 13.1 1.9 23.8 14.1
2 24 1.1 22.4 16.1 1.2 20.7 16.5
2 24 1 23.3 15.4 1.1 22.4 16.1
2 24 1.2 20.7 16.5 0.8 18.1 17.3
2 24 0.8 18.1 17.3 0.1 16.1 18.1
2 24 0.9 23.5 14.2 1 23.3 15.4
2 24 0.8 22.8 13.1 0.9 23.5 14.2
2 24 -2 7.5 18 -0.9 7.4 18.5
2 24 -2.3 8.3 18.4 -2 7.5 18
2 24 -0.9 7.4 18.5 -0.5 8.3 18.8
2 24 -0.5 8.3 18.8 -1.1 9.9 19.5
2 24 -2.8 9.8 19.2 -2.3 8.3 18.4
2 24 -1.1 9.9 19.5 -1.5 13 19.4
2 24 -3.2 12.8 19.2 -2.8 9.8 19.2
2 24 -2.7 15.1 18.3 -3.2 12.8 19.2
2 24 -1.5 13 19.4 -1.3 15.1 18.6
2 24 -1.6 16.3 18 -2.7 15.1 18.3
2 24 -1.3 15.1 18.6 -0.7 16.2 18.1
2 24 -0.7 16.2 18.1 -1.6 16.3 18
2 24 -0.9 7.4 18.5 0.2 6.3 18.4
2 24 0.1 16.1 18.1 -0.7 16.2 18.1
2 24 -1.6 16.3 18 -2.4 16.5 17.5
2 24 -2.4 16.5 17.5 -3.4 14.9 17.6
2 24 -3.4 14.9 17.6 -4 13.5 18.2
2 24 -4 13.5 18.2 -4.1 11.8 18.7
2 24 -4.1 11.8 18.7 -3.8 9.7 18.4
2 24 -3.8 9.7 18.4 -3.4 7.8 17.7
2 24 -3.4 7.8 17.7 -3 6.8 17.3
2 24 -3 6.8 17.3 -2 7.5 18
2 24 -3.4 14.9 17.6 -5.1 15.1 16.8
2 24 -5.5 13.9 17.5 -4 13.5 18.2
2 24 -6.2 15 17.2 -5.5 13.9 17.5
2 24 -5.1 15.1 16.8 -5.7 16.8 16.7
2 24 -6.8 16.6 17.1 -6.2 15 17.2
2 24 -5.7 16.8 16.7 -6.3 18.5 16.4
2 24 -7.2 18.3 16.4 -6.8 16.6 17.1
2 24 -7.7 19.6 16.2 -7.2 18.3 16.4
2 24 -6.3 18.5 16.4 -6.6 20.4 16
2 24 -8 21.1 16.3 -7.7 19.6 16.2
2 24 -6.6 20.4 16 -6.2 22.2 15.6
2 24 -7.9 22.5 16 -8 21.1 16.3
2 24 -7.4 23.3 14.8 -7.9 22.5 16
2 24 -6.2 22.2 15.6 -5.9 22.8 14.8
2 24 -6.3 23.5 13.1 -7.4 23.3 14.8
2 24 -5.9 22.8 14.8 -5.4 22.9 13.4
2 24 -5.8 22.6 11.8 -6.3 23.5 13.1
2 24 -5.4 22.9 13.4 -5 22.2 12.2
2 24 -2.4 16.5 17.5 -3.6 17.9 17.3
2 24 -4.9 17.2 17.2 -3.4 14.9 17.6
2 24 -5.8 20.8 17.2 -4.9 17.2 17.2
2 24 -3.6 17.9 17.3 -4.2 21 17.3
2 24 -5.5 22.5 16.5 -5.8 20.8 17.2
2 24 -4.2 21 17.3 -4.1 22.6 16.7
2 24 -5.3 23.3 15.4 -5.5 22.5 16.5
2 24 -4.1 22.6 16.7 -3.9 23.5 15.7
2 24 -4.6 23.4 13.7 -5.3 23.3 15.4
2 24 -3.9 23.5 15.7 -3.3 23.6 14
2 24 -3.3 23.6 14 -2.9 22.7 12.8
2 24 -4.1 22.5 12.5 -4.6 23.4 13.7
2 24 -2.6 18.3 17 -2.4 16.5 17.5
2 24 -1.6 16.3 18 -1.5 18 18
2 24 -1.5 18 18 -1.7 20.6 17.8
2 24 -3 21.1 16.6 -2.6 18.3 17
2 24 -1.7 20.6 17.8 -1.3 22.8 16.8
2 24 -3 22.4 16.1 -3 21.1 16.6
2 24 -2.8 23.1 15.3 -3 22.4 16.1
2 24 -1.3 22.8 16.8 -0.9 23.6 15.8
2 24 -0.9 23.6 15.8 -1.3 23.6 14.3
2 24 -2.4 23.2 14.2 -2.8 23.1 15.3
2 24 -1.3 23.6 14.3 -1.3 22.8 13.1
2 24 -2.2 22.4 13 -2.4 23.2 14.2
2 24 -1.8 6.3 18.6 -1.4 6.3 18.9
2 24 -1.4 6.3 18.9 -0.4 5 18.8
2 24 -0.4 5 18.8 0.3 3.3 18.9
2 24 0.3 3.3 18.9 0.7 1.3 18.7
2 24 0.7 1.3 18.7 0.8 -0.9 17.9
2 24 0.8 -0.9 17.9 1.1 -2.6 17.3
2 24 1.1 -2.6 17.3 2.2 -4.2 16.3
2 24 2.2 -4.2 16.3 4.4 -6.1 14.2
2 24 4.4 -6.1 14.2 6.4 -6.9 12
2 24 6.4 -6.9 12 6.8 -7.1 10.5
2 24 6.8 -7.1 10.5 7.1 -7.1 9.7
2 24 -2.2 5.9 18.4 -1.8 6.3 18.6
2 24 -3 6.8 17.3 -2.4 4 17.4
2 24 -1.9 5 18.3 -2.2 5.9 18.4
2 24 -1.3 3.5 18.5 -1.9 5 18.3
2 24 -2.4 4 17.4 -2.2 1.8 17
2 24 -1.3 1.1 18.4 -1.3 3.5 18.5
2 24 -2.2 1.8 17 -2 0.7 17.1
2 24 -0.9 -1 17.8 -1.3 1.1 18.4
2 24 -2 0.7 17.1 -1.7 -1 17
2 24 -1.7 -1 17 -0.9 -2.7 16.4
2 24 -0.3 -2.7 17 -0.9 -1 17.8
2 24 -0.9 -2.7 16.4 0.3 -4.8 15.6
2 24 0.9 -4.7 16.1 -0.3 -2.7 17
2 24 0.3 -4.8 15.6 3 -6.9 13.5
2 24 3.5 -6.6 13.8 0.9 -4.7 16.1
2 24 5.9 -7.3 11.6 3.5 -6.6 13.8
2 24 3 -6.9 13.5 5.6 -7.6 11.2
2 24 6.8 -7.1 10.5 5.9 -7.3 11.6
2 24 5.6 -7.6 11.2 7.1 -7.1 9.7
2 24 -6.2 12.8 18.6 -5.1 12.8 18.8
2 24 -5.5 13.9 17.5 -7.1 13.4 17.3
2 24 -6.9 12.3 18.5 -6.2 12.8 18.6
2 24 -7.1 13.4 17.3 -8 12.4 17.2
2 24 -7.3 11.5 18.3 -6.9 12.3 18.5
2 24 -8 12.4 17.2 -8.2 10.4 16.6
2 24 -7.4 9.3 17.9 -7.3 11.5 18.3
2 24 -8.2 10.4 16.6 -7.9 8.1 16.1
2 24 -6.8 6.4 17.3 -7.4 9.3 17.9
2 24 -7.9 8.1 16.1 -7.6 6.2 16.1
2 24 -6.4 3.3 16.9 -6.8 6.4 17.3
2 24 -7.6 6.2 16.1 -7 3.1 16.3
2 24 -5.4 2 17 -6.4 3.3 16.9
2 24 -7 3.1 16.3 -6 1.2 16.3
2 24 -6 1.2 16.3 -5.4 2 17
2 24 -5.1 12.8 18.8 -4.9 12.1 18.9
2 24 -4.9 12.1 18.9 -4.8 9.8 18.9
2 24 -4.8 9.8 18.9 -4.3 6.9 18
2 24 -4.3 6.9 18 -3.9 4.3 17.6
2 24 -3.9 4.3 17.6 -3.8 2.1 17.4
2 24 -3.8 2.1 17.4 -2.2 1.8 17
2 24 -5.4 2 17 -4.6 2.3 17.3
2 24 -4.6 2.3 17.3 -3.8 2.1 17.4
2 24 -4.5 0.8 18 -4.1 0.7 18.1
2 24 -4.1 0.7 18.1 -3.6 0.2 18.1
2 24 -3.6 0.2 18.1 -3 -1.5 17.6
2 24 -3 -1.5 17.6 -2 -3.5 16.5
2 24 -2 -3.5 16.5 -0.4 -5.6 15.7
2 24 -0.4 -5.6 15.7 2.6 -7.8 13.3
2 24 2.6 -7.8 13.3 4.7 -8.3 11.5
2 24 4.7 -8.3 11.5 6.2 -8 10
2 24 6.2 -8 10 7.4 -7.2 8.6
2 24 -5 0.5 17.7 -4.5 0.8 18
2 24 -5.1 -0.1 17.6 -5 0.5 17.7
2 24 -6 1.2 16.3 -5.6 -2 15.7
2 24 -4.9 -1.9 16.8 -5.1 -0.1 17.6
2 24 -4 -4.3 15.5 -4.9 -1.9 16.8
2 24 -5.6 -2 15.7 -4.9 -3.9 14.6
2 24 -4.9 -3.9 14.6 -2.5 -5.9 13.4
2 24 -1.9 -6.3 14.4 -4 -4.3 15.5
2 24 -2.5 -5.9 13.4 0.7 -7.8 11.2
2 24 1.5 -8.2 12.2 -1.9 -6.3 14.4
2 24 0.7 -7.8 11.2 3 -9 9.5
2 24 3.9 -9.1 10.2 1.5 -8.2 12.2
2 24 6.1 -8.4 8.1 3.9 -9.1 10.2
2 24 3 -9 9.5 6 -8.3 6.8
2 24 7.7 -7.2 6.4 6.1 -8.4 8.1
2 24 6 -8.3 6.8 7.8 -7.1 5.1
2 24 -9.5 9 15.7 -7.9 8.1 16.1
2 24 -10.5 12.2 15.4 -9.5 9 15.7
2 24 -8.7 10.8 16.5 -9.2 13 16.8
2 24 -10.7 15.2 14.8 -10.5 12.2 15.4
2 24 -9.2 13 16.8 -9.4 15.8 16.7
2 24 -10.2 16.8 15.4 -10.7 15.2 14.8
2 24 -9.4 15.8 16.7 -8.6 18.2 16
2 24 -9.4 18.3 15.4 -10.2 16.8 15.4
2 24 -8.6 18.2 16 -9.4 18.3 15.4
2 24 -7.7 19.6 16.2 -8.6 18.2 16
2 24 -9.8 20.2 15.1 -9.4 18.3 15.4
2 24 -9.8 22.2 14.3 -9.8 20.2 15.1
2 24 -9.5 23 13.3 -9.8 22.2 14.3
2 24 -8.5 23.1 11.7 -9.5 23 13.3
2 24 -7.9 22 10.5 -8.5 23.1 11.7
2 24 -11.3 7.5 16.3 -10.3 6.6 16.7
2 24 -9.5 9 15.7 -10.9 9.1 15.5
2 24 -11.9 7.4 15.8 -11.3 7.5 16.3
2 24 -10.9 9.1 15.5 -12.1 8.7 14.7
2 24 -12.3 6.9 15.4 -11.9 7.4 15.8
2 24 -12.1 8.7 14.7 -13.1 8.5 13.2
2 24 -13.1 8.5 13.2 -12.9 7.2 13.1
2 24 -11.7 5.6 15.3 -12.3 6.9 15.4
2 24 -10.3 6.6 16.7 -8.8 5.2 16.2
2 24 -8.8 5.2 16.2 -8.3 2.7 16.5
2 24 -8.3 2.7 16.5 -7.3 0 16.3
2 24 -12.9 7.2 13.1 -11.7 4.2 13.5
2 24 -10.9 3.9 15.2 -11.7 5.6 15.3
2 24 -11.7 4.2 13.5 -11.5 2.5 13.5
2 24 -10.6 1.6 15.3 -10.9 3.9 15.2
2 24 -11.5 2.5 13.5 -10.9 0.5 13.1
2 24 -10 -0.3 15.1 -10.6 1.6 15.3
2 24 -10.9 0.5 13.1 -9.7 -2 12.5
2 24 -9.7 -2 12.5 -7.7 -3.2 14
2 24 -7.7 -3.2 14 -10 -0.3 15.1
2 24 -7.3 0 16.3 -5.6 -2 15.7
2 24 -7.7 -3.2 14 -4.9 -3.9 14.6
2 24 -13.5 10.2 13.1 -13.1 8.5 13.2
2 24 -12.1 8.7 14.7 -12.5 10.2 14.7
2 24 -12.5 10.2 14.7 -12.9 12 14.8
2 24 -13.6 11.6 12.8 -13.5 10.2 13.1
2 24 -12.9 12 14.8 -12.6 13.8 14.4
2 24 -13.2 13.3 12.2 -13.6 11.6 12.8
2 24 -12.6 15.1 13.2 -13.2 13.3 12.2
2 24 -12.6 13.8 14.4 -12 15.9 14.1
2 24 -12 15.9 14.1 -12.6 15.1 13.2
2 24 -10.7 15.2 14.8 -11.1 15.7 14.7
2 24 -11.1 15.7 14.7 -12 15.9 14.1
2 24 -10.2 16.8 15.4 -10.7 17.6 15.5
2 24 -12.6 20.3 14.1 -12.5 17.1 13.6
2 24 -10.7 17.6 15.5 -11.2 20.3 15.1
2 24 -11.2 20.3 15.1 -10.7 22.7 14.1
2 24 -11.9 22.6 13.2 -12.6 20.3 14.1
2 24 -10.7 22.7 14.1 -10.1 23.3 13
2 24 -11.3 23.2 12.1 -11.9 22.6 13.2
2 24 -10.1 23.3 13 -9.2 23.2 11.2
2 24 -10.1 23.1 10.4 -11.3 23.2 12.1
2 24 -9.2 23.2 11.2 -8.5 22 10
2 24 -9.5 21.5 9.1 -10.1 23.1 10.4
2 24 -12.5 17.1 13.6 -12.6 15.1 13.2
2 24 -13.1 16.5 12.6 -12.6 15.1 13.2
2 24 -13.3 17.7 12.4 -13.1 16.5 12.6
2 24 -12.9 20.4 12.9 -13.3 17.7 12.4
2 24 -12.2 22.3 12.5 -12.9 20.4 12.9
2 24 -11.6 23.1 11.6 -12.2 22.3 12.5
2 24 -10.8 22.7 9.8 -11.6 23.1 11.6
2 24 -9.9 21 8.6 -10.8 22.7 9.8
2 24 -10 -2.8 12.1 -11.3 -1.5 11.2
2 24 -11.3 -1.5 11.2 -10.6 -3.2 11.6
2 24 -10.6 -3.2 11.6 -9.5 -4.8 11.7
2 24 -8.8 -4.5 12.8 -10 -2.8 12.1
2 24 -9.5 -4.8 11.7 -8 -6.2 11.6
2 24 -7.5 -6 12.8 -8.8 -4.5 12.8
2 24 -4.6 -7 11.5 -7.5 -6 12.8
2 24 -8 -6.2 11.6 -5.2 -6.9 10.3
2 24 -0.9 -8.6 8.8 -4.6 -7 11.5
2 24 -5.2 -6.9 10.3 -1.6 -8.2 7.8
2 24 -1.6 -8.2 7.8 0.8 -9.8 6
2 24 1.9 -10.3 6.2 -0.9 -8.6 8.8
2 24 0.8 -9.8 6 2.2 -10.1 4.9
2 24 4.7 -9.9 3.9 1.9 -10.3 6.2
2 24 2.2 -10.1 4.9 4.5 -9.4 3.3
2 24 6.7 -8.7 2.5 4.7 -9.9 3.9
2 24 4.5 -9.4 3.3 6.5 -8.4 1.5
2 24 8.1 -7.1 1.4 6.7 -8.7 2.5
2 24 6.5 -8.4 1.5 8.2 -7.3 0.1
2 24 -8.4 -4.1 13.5 -10 -2.8 12.1
2 24 -6.7 -5.2 14.1 -8.4 -4.1 13.5
2 24 -3.4 -6.6 13 -6.7 -5.2 14.1
2 24 0.2 -8.4 10.4 -3.4 -6.6 13
2 24 2.7 -9.8 8.7 0.2 -8.4 10.4
2 24 6 -9.1 5.6 2.7 -9.8 8.7
2 24 8 -7.1 2.7 6 -9.1 5.6
2 24 -9.7 -2 12.5 -11.3 -1.5 11.2
2 24 -13.2 -2.8 9.9 -13.2 -2.4 10.1
2 24 -14.1 0 8.1 -13.6 -1.1 7.6
2 24 -13.4 -0.2 9.3 -14.1 0 8.1
2 24 -13.2 -2.4 10.1 -12.9 -2.5 10.5
2 24 -12.5 -0.7 10.6 -13.4 -0.2 9.3
2 24 -12.9 -2.5 10.5 -11.8 -3.7 11
2 24 -13.6 -1.1 7.6 -12.1 -3.7 7
2 24 -12.3 -4.5 9.5 -13.2 -2.8 9.9
2 24 -11.3 -1.5 11.2 -12.5 -0.7 10.6
2 24 -11.8 -3.7 11 -10.1 -5.6 11
2 24 -11.1 -6.7 8.9 -12.3 -4.5 9.5
2 24 -12.1 -3.7 7 -10.4 -6.4 6.5
2 24 -10 -7.8 8 -11.1 -6.7 8.9
2 24 -10.1 -5.6 11 -8.5 -6.7 11
2 24 -10.4 -6.4 6.5 -7.4 -7.9 5.9
2 24 -7.3 -8.5 7.2 -10 -7.8 8
2 24 -8.5 -6.7 11 -5.9 -7.5 9.8
2 24 -5.9 -7.5 9.8 -2.2 -8.8 7.3
2 24 -7.4 -7.9 5.9 -3.2 -8.9 5.2
2 24 -2.9 -9.2 6.2 -7.3 -8.5 7.2
2 24 -3.2 -8.9 5.2 -0.2 -10.3 4.4
2 24 0.3 -10.4 4.9 -2.9 -9.2 6.2
2 24 -0.2 -10.3 4.4 1.8 -10.4 4
2 24 1.9 -10.2 4.5 0.3 -10.4 4.9
2 24 1.8 -10.4 4 4.5 -9.4 3.3
2 24 0.5 -10.2 5.4 1.9 -10.2 4.5
2 24 -2.2 -8.8 7.3 0.5 -10.2 5.4
2 24 -14.8 2 8.8 -14.1 0 8.1
2 24 -12.5 -0.7 10.6 -13.8 1.5 11.2
2 24 -13.8 1.5 11.2 -14.4 3.4 11.6
2 24 -13.9 5 11.5 -14.5 5 10.3
2 24 -14.4 3.4 11.6 -13.9 5 11.5
2 24 -15.2 3.8 9.2 -14.8 2 8.8
2 24 -14.5 5 10.3 -15.1 4.9 9.2
2 24 -15.1 4.9 9.2 -15.2 3.8 9.2
2 24 -11.7 4.2 13.5 -13 4.9 12.4
2 24 -13 4.9 12.4 -13.9 5 11.5
2 24 -13.9 5 11.5 -14.6 6.6 11.4
2 24 -15.2 5.9 9.3 -15.1 4.9 9.2
2 24 -14.6 6.6 11.4 -15.5 9.2 11.7
2 24 -15.8 7.3 9.1 -15.2 5.9 9.3
2 24 -16.1 9.5 8.9 -15.8 7.3 9.1
2 24 -15.5 9.2 11.7 -15.3 12.1 11.6
2 24 -16.1 12 8.7 -16.1 9.5 8.9
2 24 -15.3 12.1 11.6 -14.4 13.8 10.9
2 24 -14.4 13.8 10.9 -15.5 13.9 9
2 24 -15.5 13.9 9 -16.1 12 8.7
2 24 -13.2 13.3 12.2 -14.4 13.8 10.9
2 24 4.6 -10.3 0.9 6.6 -9.1 -0.3
2 24 6.8 -9 0.5 4.8 -10.1 1.8
2 24 2.2 -11 1.8 4.6 -10.3 0.9
2 24 4.8 -10.1 1.8 2.2 -10.9 3.1
2 24 -0.2 -11.1 2.3 2.2 -11 1.8
2 24 2.2 -10.9 3.1 -0.2 -10.8 3.9
2 24 -3.2 -10.1 2.4 -0.2 -11.1 2.3
2 24 -0.2 -10.8 3.9 -3.2 -9.7 4.3
2 24 -7.3 -8.9 2.6 -3.2 -10.1 2.4
2 24 -3.2 -9.7 4.3 -7.4 -8.7 4.8
2 24 -9.8 -7.8 2.4 -7.3 -8.9 2.6
2 24 -7.4 -8.7 4.8 -10.7 -7.3 5.3
2 24 -10.7 -7.3 5.3 -12 -5.6 5.5
2 24 -13 -3.8 2.1 -11.5 -6.3 1.7
2 24 -12 -5.6 5.5 -12.7 -4.3 5.7
2 24 -14.3 -1.5 2.7 -13 -3.8 2.1
2 24 -12.7 -4.3 5.7 -13.9 -2.1 6.3
2 24 -15.8 0.6 3.8 -14.3 -1.5 2.7
2 24 -13.9 -2.1 6.3 -15.5 0.2 6.8
2 24 -17 2.1 4.8 -15.8 0.6 3.8
2 24 -15.5 0.2 6.8 -16.6 2 7
2 24 -17.4 3.3 4.8 -17 2.1 4.8
2 24 -16.6 2 7 -16.8 4.1 7.6
2 24 -16.4 7.3 8 -17.1 6.1 5.2
2 24 -15.8 7.3 9.1 -16.4 7.3 8
2 24 -16.8 4.1 7.6 -15.8 7.3 9.1
2 24 -17.4 5 4.2 -17.4 3.3 4.8
2 24 -17.1 6.1 5.2 -17.4 5 4.2
2 24 4.2 -9.9 0.1 6.1 -8.9 -1.1
2 24 2 -10.6 0.9 4.2 -9.9 0.1
2 24 -0.1 -10.7 1.5 2 -10.6 0.9
2 24 -3.1 -9.7 1.5 -0.1 -10.7 1.5
2 24 -7.2 -8.5 1.6 -3.1 -9.7 1.5
2 24 -10 -7.5 1.6 -7.2 -8.5 1.6
2 24 -11.5 -6.3 1.7 -10 -7.5 1.6
2 24 7.6 -8.3 -1.2 6.6 -9.1 -0.3
2 24 6.1 -8.9 -1.1 7.6 -8 -2.3
2 24 8.3 -7.4 -1.8 7.6 -8.3 -1.2
2 24 7.6 -8 -2.3 8.3 -7.4 -2.7
2 24 6.8 -9 0.5 8.3 -7.4 -0.9
2 24 6.3 -9.2 -2 7.6 -8 -2.3
2 24 4.1 -10.4 -0.8 6.3 -9.2 -2
2 24 1.9 -11.1 0 4.1 -10.4 -0.8
2 24 -0.2 -11 0.5 1.9 -11.1 0
2 24 -3.2 -9.9 0.6 -0.2 -11 0.5
2 24 -7.3 -8.8 0.8 -3.2 -9.9 0.6
2 24 -10.9 -7.3 0.8 -7.3 -8.8 0.8
2 24 -12.8 -5.6 0.8 -10.9 -7.3 0.8
2 24 -13.6 -4.1 0.9 -12.8 -5.6 0.8
2 24 -14.8 -1.8 1.8 -13.6 -4.1 0.9
2 24 -16.7 0.5 2.5 -14.8 -1.8 1.8
2 24 -17.5 1.8 3.3 -16.7 0.5 2.5
2 24 -17.8 2.7 3.8 -17.5 1.8 3.3
2 24 -18.1 3.6 3.4 -17.8 2.7 3.8
2 24 -18.3 4.1 2.6 -18.1 3.6 3.4
2 24 -17.4 5 4.2 -17.7 5.9 3.1
2 24 7.3 -8.1 -4.6 8.4 -6.9 -4.8
2 24 5.5 -9.7 -3.7 7.3 -8.1 -4.6
2 24 3.7 -10.4 -3 5.5 -9.7 -3.7
2 24 0.6 -10.5 -2.1 3.7 -10.4 -3
2 24 -3 -8.9 -2 0.6 -10.5 -2.1
2 24 -7.1 -8 -2.3 -3 -8.9 -2
2 24 -10.7 -6.5 -3 -7.1 -8 -2.3
2 24 -12.4 -4.3 -3.5 -10.7 -6.5 -3
2 24 -14 -2.4 -2.7 -12.4 -4.3 -3.5
2 24 -15.5 -0.5 -1.9 -14 -2.4 -2.7
2 24 -17.1 1.4 -1.5 -15.5 -0.5 -1.9
2 24 -18 3.4 -0.7 -17.1 1.4 -1.5
2 24 -18.4 4.2 0.3 -18 3.4 -0.7
2 24 -18.4 4.5 1.6 -18.4 4.2 0.3
2 24 -18.3 4.1 2.6 -18.4 4.5 1.6
2 24 7.1 -7.8 -5.1 8.2 -6.6 -5.3
2 24 5 -9.3 -4.2 7.1 -7.8 -5.1
2 24 3.4 -9.8 -3.7 5 -9.3 -4.2
2 24 0.7 -9.8 -3 3.4 -9.8 -3.7
2 24 -2.9 -8.3 -2.8 0.7 -9.8 -3
2 24 -7 -7.4 -3.1 -2.9 -8.3 -2.8
2 24 -10.4 -5.9 -3.8 -7 -7.4 -3.1
2 24 -12.1 -4 -4 -10.4 -5.9 -3.8
2 24 -13.6 -1.8 -3.6 -12.1 -4 -4
2 24 -15.3 1.1 -3 -13.6 -1.8 -3.6
2 24 -15.8 2.4 -3.1 -15.3 1.1 -3
2 24 -16.9 3.3 -2.3 -15.8 2.4 -3.1
2 24 -17.5 4.7 -1.4 -16.9 3.3 -2.3
2 24 -17.8 5.7 -0.3 -17.5 4.7 -1.4
2 24 -18 6 1.6 -17.8 5.7 -0.3
2 24 -17.7 5.9 3.1 -18 6 1.6
2 24 -17.6 5.2 -2.5 -16.6 3.9 -3.1
2 24 -16.6 3.9 -3.1 -15.7 2.8 -3.6
2 24 -15.7 2.8 -3.6 -15.8 2.4 -3.1
2 24 -17.8 6.6 -1.5 -17.6 5.2 -2.5
2 24 -18.3 9.1 -1 -17.8 6.6 -1.5
2 24 -18 6 1.6 -18.4 8.7 2
2 24 -18.5 12.3 -0.9 -18.3 9.1 -1
2 24 -18 14.6 0.9 -18.5 12.3 -0.9
2 24 -17.8 16.3 1.4 -18 14.6 0.9
2 24 -17.9 16.3 3.1 -17.8 16.3 1.4
2 24 -17.3 16.4 4.5 -17.9 16.3 3.1
2 24 -17.9 14.6 3.7 -17.3 16.4 4.5
2 24 -18.4 8.7 2 -19 11.9 3
2 24 -19 11.9 3 -17.9 14.6 3.7
2 24 -16.6 5.6 -3.7 -16.1 3.8 -3.7
2 24 -16.1 3.8 -3.7 -16.6 3.9 -3.1
2 24 -16.9 7.3 -3.3 -16.6 5.6 -3.7
2 24 -17.2 9.6 -2.8 -16.9 7.3 -3.3
2 24 -18 12.4 -2.8 -17.2 9.6 -2.8
2 24 -17.6 14.5 -1.1 -18 12.4 -2.8
2 24 -17.4 16.2 0.1 -17.6 14.5 -1.1
2 24 -17.8 16.3 1.4 -17.4 16.2 0.1
2 24 -17.7 8.5 3.6 -17.7 12 4.4
2 24 -17.7 12 4.4 -17.4 14.8 4.8
2 24 -17.4 14.8 4.8 -17.3 16.4 4.5
2 24 -16.4 7.3 8 -17.2 9.3 7.2
2 24 -17.2 9.3 7.2 -17.5 11.8 7
2 24 -17 14.2 6.1 -17.7 12 4.4
2 24 -17.5 11.8 7 -17 13.4 7.2
2 24 -17 13.4 7.2 -16.3 15.6 8
2 24 -16.5 16.1 7.6 -17 14.2 6.1
2 24 -15.6 17.5 8.9 -16.5 16.1 7.6
2 24 -16.3 15.6 8 -15.6 17.5 8.9
2 24 -15.5 13.9 9 -15.2 16 9.3
2 24 -15.2 16 9.3 -15.1 17.4 9.6
2 24 -15 18.5 9.6 -15.6 17.5 8.9
2 24 -15.1 17.4 9.6 -15 18.5 9.6
2 24 -13.2 13.3 12.2 -14.4 16 11.4
2 24 -14.4 16 11.4 -14.5 18 11.1
2 24 -14.8 20 9.5 -15 18.5 9.6
2 24 -14.5 18 11.1 -14.1 20.4 11.9
2 24 -14.5 21.6 9.2 -14.8 20 9.5
2 24 -14.1 20.4 11.9 -13.5 22 11.9
2 24 -13.8 22.4 8.6 -14.5 21.6 9.2
2 24 -13.5 22 11.9 -12.8 23.1 11
2 24 -12.7 22 7.4 -13.8 22.4 8.6
2 24 -12.8 23.1 11 -11.3 22.6 9.2
2 24 -11.3 22.6 9.2 -10.5 20.9 7.9
2 24 -11.7 19.9 6.1 -12.7 22 7.4
2 24 -17.7 12 4.4 -17.2 15.4 5.7
2 24 -17.2 15.4 5.7 -17 16.9 6.4
2 24 -16.8 18.1 5.2 -17.3 16.4 4.5
2 24 -17 16.9 6.4 -16.2 18.5 7.6
2 24 -16.1 20.3 5.6 -16.8 18.1 5.2
2 24 -16.2 18.5 7.6 -15.6 20.2 8.7
2 24 -15.6 20.2 8.7 -15.1 21.6 8.7
2 24 -15.3 21.9 5.6 -16.1 20.3 5.6
2 24 -15.1 21.6 8.7 -14.4 22.8 7.9
2 24 -14.4 22.8 7.9 -13.3 22 6.1
2 24 -13.6 21.6 4.7 -15.3 21.9 5.6
2 24 -13.3 22 6.1 -12.1 20.1 5
2 24 -12.5 19.9 4 -13.6 21.6 4.7
2 24 -17.2 19.9 4.8 -17.6 17.8 4.3
2 24 -17.6 17.8 4.3 -17.3 16.4 4.5
2 24 -15.8 21.7 5 -17.2 19.9 4.8
2 24 -15.1 21.9 4.5 -15.8 21.7 5
2 24 -15.3 21.6 3.2 -15.1 21.9 4.5
2 24 -15.5 21.4 1.8 -15.3 21.6 3.2
2 24 -14.3 20.7 1 -16.1 20.8 0.5
2 24 -16.4 21.1 1.5 -15.5 21.4 1.8
2 24 -16.1 20.8 0.5 -16.8 20.1 0.6
2 24 -17.3 20.2 1.7 -16.4 21.1 1.5
2 24 -16.8 20.1 0.6 -17.3 18.3 0.4
2 24 -18 18.4 1.6 -17.3 20.2 1.7
2 24 -17.8 16.3 1.4 -18 18.4 1.6
2 24 -17.3 18.3 0.4 -17.4 16.2 0.1
2 24 -13 19.4 1.1 -14.3 20.7 1
2 24 6.8 -8 -6.1 4.9 -9.6 -5.2
2 24 5.4 -8.7 -6.8 7.2 -7.2 -6.9
2 24 8.2 -6 -6.2 6.8 -8 -6.1
2 24 7.2 -7.2 -6.9 8.2 -5.5 -6.9
2 24 3.1 -9.2 -6.6 5.4 -8.7 -6.8
2 24 4.9 -9.6 -5.2 3.2 -9.9 -4.8
2 24 0.9 -8.9 -6.7 3.1 -9.2 -6.6
2 24 3.2 -9.9 -4.8 0.9 -9.8 -4.2
2 24 -1.6 -8.1 -6.8 0.9 -8.9 -6.7
2 24 0.9 -9.8 -4.2 -2.8 -8.4 -4
2 24 -3.5 -7.6 -7 -1.6 -8.1 -6.8
2 24 -2.8 -8.4 -4 -7.1 -7.7 -4.4
2 24 -6.5 -7.2 -7.4 -3.5 -7.6 -7
2 24 -9.1 -6.2 -8.2 -6.5 -7.2 -7.4
2 24 -7.1 -7.7 -4.4 -10.6 -6.3 -5.1
2 24 -10.8 -5.1 -8.1 -9.1 -6.2 -8.2
2 24 -10.6 -6.3 -5.1 -12.4 -4 -5.2
2 24 -12.4 -3.7 -7.6 -10.8 -5.1 -8.1
2 24 -13.4 -2.2 -7.2 -12.4 -3.7 -7.6
2 24 -12.4 -4 -5.2 -13.4 -2.7 -4.9
2 24 -14.1 -0.7 -6.5 -13.4 -2.2 -7.2
2 24 -13.4 -2.7 -4.9 -14.5 -0.3 -4.1
2 24 -14.6 0.6 -5.9 -14.1 -0.7 -6.5
2 24 -15.1 1.9 -5.1 -14.6 0.6 -5.9
2 24 -15.5 2.6 -4.1 -15.1 1.9 -5.1
2 24 -15.7 2.8 -3.6 -15.5 2.6 -4.1
2 24 -14.5 -0.3 -4.1 -15.3 1.1 -3
2 24 5.2 -8 -7.5 7 -6.6 -7.5
2 24 7 -6.6 -7.5 8.1 -5 -7.4
2 24 3.1 -8.5 -7.7 5.2 -8 -7.5
2 24 0.9 -8 -7.8 3.1 -8.5 -7.7
2 24 -1.3 -7.2 -8 0.9 -8 -7.8
2 24 -3.1 -6.4 -8.3 -1.3 -7.2 -8
2 24 -5.3 -5.5 -8.6 -3.1 -6.4 -8.3
2 24 -8 -4.8 -9 -5.3 -5.5 -8.6
2 24 -10.1 -4.2 -9 -8 -4.8 -9
2 24 -11.9 -3.2 -8.4 -10.1 -4.2 -9
2 24 -13 -1.8 -7.8 -11.9 -3.2 -8.4
2 24 -13.9 -0.2 -7.2 -13 -1.8 -7.8
2 24 -14.6 0.9 -6.3 -13.9 -0.2 -7.2
2 24 -15.1 1.9 -5.1 -14.6 0.9 -6.3
2 24 -16.1 3.8 -3.7 -15.9 3.4 -4.5
2 24 -15.9 3.4 -4.5 -15.6 2.4 -6.1
2 24 -15.6 2.4 -6.1 -15.1 1.2 -7.7
2 24 -15.1 1.2 -7.7 -14.3 0.1 -8.8
2 24 -14.3 0.1 -8.8 -13.3 -1.9 -9.9
2 24 -13.3 -1.9 -9.9 -12 -3.6 -10.1
2 24 -12 -3.6 -10.1 -9.8 -4 -11.5
2 24 -7.8 -4.9 -9.9 -10.1 -4.3 -9.5
2 24 -9.8 -4 -11.5 -7 -3.6 -12.5
2 24 -5.1 -5.8 -10.1 -7.8 -4.9 -9.9
2 24 -7 -3.6 -12.5 -4.2 -4.6 -13
2 24 -4.2 -4.6 -13 -2.3 -5.9 -12.7
2 24 -2.9 -7 -9.9 -5.1 -5.8 -10.1
2 24 -2.3 -5.9 -12.7 -0.8 -6.9 -11.9
2 24 -1.2 -7.7 -9.5 -2.9 -7 -9.9
2 24 -0.8 -6.9 -11.9 1.2 -7.8 -11.1
2 24 1 -8.5 -9 -1.2 -7.7 -9.5
2 24 1.2 -7.8 -11.1 3.3 -7.7 -10.5
2 24 3.3 -8.7 -8.4 1 -8.5 -9
2 24 3.3 -7.7 -10.5 4.9 -6.9 -10
2 24 5.3 -8.1 -8.1 3.3 -8.7 -8.4
2 24 7 -6 -8 5.3 -8.1 -8.1
2 24 4.9 -6.9 -10 6.4 -4.4 -9.3
2 24 7.8 -4.5 -7.9 7 -6 -8
2 24 6.4 -4.4 -9.3 7.1 -2.8 -9.1
2 24 -8.4 -0.9 -12.6 -6.8 -2.3 -12.8
2 24 -6.8 -2.3 -12.8 -4.2 -4.6 -13
2 24 -10 -0.4 -12.4 -8.4 -0.9 -12.6
2 24 -12 0.4 -12.2 -10 -0.4 -12.4
2 24 -13.9 0.8 -10.5 -12.8 -0.5 -11.5
2 24 -14.6 2.7 -9.8 -13.9 0.8 -10.5
2 24 -15 4.8 -9 -14.6 2.7 -9.8
2 24 -15.4 6.6 -7.8 -15 4.8 -9
2 24 -15.9 7.1 -6.3 -15.4 6.6 -7.8
2 24 -16.1 3.8 -3.7 -15.9 7.1 -6.3
2 24 -13.2 1.4 -11.4 -12 0.4 -12.2
2 24 -14 3.2 -10.5 -13.2 1.4 -11.4
2 24 -14.5 5.5 -9.6 -14 3.2 -10.5
2 24 -14.9 7.5 -8.1 -14.5 5.5 -9.6
2 24 -15.2 8.3 -6.9 -14.9 7.5 -8.1
2 24 -15.9 7.1 -6.3 -15.2 8.3 -6.9
2 24 -16.2 8 -6 -15.9 7.1 -6.3
2 24 -16.7 10.1 -5.6 -16.2 8 -6
2 24 -17.6 12.6 -4.9 -16.7 10.1 -5.6
2 24 -17.4 14.2 -4.2 -17.6 12.6 -4.9
2 24 -16.8 16.5 -3.4 -17.4 14.2 -4.2
2 24 -16.7 19.9 -1.7 -16.8 16.5 -3.4
2 24 -16.8 20.1 0.6 -16.7 19.9 -1.7
2 24 -15 9.9 -6.9 -15.2 8.3 -6.9
2 24 -15.2 10.9 -6.6 -15 9.9 -6.9
2 24 -16 12.6 -6.3 -15.2 10.9 -6.6
2 24 -16.4 14.6 -5.3 -16 12.6 -6.3
2 24 -16 15.9 -4.9 -16.4 14.6 -5.3
2 24 -15.2 19.5 -3.3 -16 15.9 -4.9
2 24 -16.7 19.9 -1.7 -15.4 20.5 -2.6
2 24 -15.4 20.5 -2.6 -13.9 20.2 -3.2
2 24 -13.9 20.2 -3.2 -15.2 19.5 -3.3
2 24 -14.8 21 -1.8 -13.9 20.2 -3.2
2 24 -14.9 21.1 -0.6 -14.8 21 -1.8
2 24 -15.2 19.5 -3.3 -14.9 18.8 -4.9
2 24 -14.9 18.8 -4.9 -15.1 17.5 -5.9
2 24 -15.1 17.5 -5.9 -15.5 16.6 -6.6
2 24 -15.5 16.6 -6.6 -15.3 14.7 -7.7
2 24 -15.3 14.7 -7.7 -14.3 12 -8.4
2 24 -14.3 12 -8.4 -13.8 10.7 -8.7
2 24 -13.8 10.7 -8.7 -15 9.9 -6.9
2 24 -13.2 1.1 -13.3 -14 3.2 -11.6
2 24 -12 0.4 -15.4 -13.2 1.1 -13.3
2 24 -13.9 9.7 -9.5 -13.5 9.2 -10.6
2 24 -10 0.4 -16.5 -12 0.4 -15.4
2 24 -8.3 0.2 -16.1 -10 0.4 -16.5
2 24 -7.2 -1.7 -15.6 -8.3 0.2 -16.1
2 24 -6.2 -3.8 -15.8 -7.2 -1.7 -15.6
2 24 -4.3 -5.1 -15.4 -6.2 -3.8 -15.8
2 24 -2 -6.1 -14.2 -4.3 -5.1 -15.4
2 24 -0.2 -6.1 -13.2 -2 -6.1 -14.2
2 24 1.9 -5.9 -11.8 -0.2 -6.1 -13.2
2 24 4 -4.4 -11.1 1.9 -5.9 -11.8
2 24 5.7 -1.7 -9.8 4 -4.4 -11.1
2 24 6.3 -0.3 -9.3 5.7 -1.7 -9.8
2 24 -1.1 -3.6 -16.6 0.7 -4.3 -15.5
2 24 0.7 -4.3 -15.5 2.5 -4.2 -14
2 24 2.5 -4.2 -14 4 -3.1 -12.2
2 24 4 -3.1 -12.2 5.2 -0.7 -10.4
2 24 5.2 -0.7 -10.4 5.1 0.7 -9.3
2 24 -2.4 -2.6 -16.9 -1.1 -3.6 -16.6
2 24 -3.8 -0.8 -16.9 -2.4 -2.6 -16.9
2 24 -4.8 1 -16.5 -3.8 -0.8 -16.9
2 24 -5.9 2.3 -16.3 -4.8 1 -16.5
2 24 -7.4 3.2 -16.4 -5.9 2.3 -16.3
2 24 -9.3 3.9 -16.3 -7.4 3.2 -16.4
2 24 -11 4.1 -16 -9.3 3.9 -16.3
2 24 -12.5 5.1 -14.3 -11 4.1 -16
2 24 -12.8 6.7 -12.8 -12.5 5.1 -14.3
2 24 -13 7.9 -11.9 -12.8 6.7 -12.8
2 24 -13.5 9.2 -10.6 -13 7.9 -11.9
2 24 -13.5 9.2 -10.6 -12.4 9.4 -10.7
2 24 -10.7 8.8 -11.3 -9.6 7.5 -11.6
2 24 -9.6 7.5 -11.6 -9 6 -12.8
2 24 -9 6 -12.8 -7.7 4.7 -14.3
2 24 -7.7 4.7 -14.3 -5.5 3.7 -14.3
2 24 -5.5 3.7 -14.3 -3.7 2.1 -14.8
2 24 -1.9 0.1 -15 0 -0.5 -14.5
2 24 -3.7 2.1 -14.8 -1.9 0.1 -15
2 24 0 -0.5 -14.5 1.4 -0.2 -13.1
2 24 1.4 -0.2 -13.1 2.3 0.4 -11.7
2 24 2.3 0.4 -11.7 2.8 1 -10.7
2 24 0.1 -6.5 -12.4 -2.3 -5.9 -12.7
2 24 1.9 -5.9 -11.8 0.1 -6.5 -12.4
2 24 -13.8 10.7 -8.7 -13.9 9.7 -9.5
2 24 -10.6 11.4 -8.9 -10.7 10 -9.7
2 24 -10.8 12.8 -8.8 -10.6 11.4 -8.9
2 24 -11.8 14.4 -8.7 -10.8 12.8 -8.8
2 24 -12.6 16.7 -7.9 -11.8 14.4 -8.7
2 24 -12.5 18.2 -7 -12.6 16.7 -7.9
2 24 -11.7 19.1 -5.9 -12.5 18.2 -7
2 24 -13.9 20.2 -3.2 -12.4 19.6 -4.5
2 24 -10.7 10 -9.7 -12.5 10.6 -9.8
2 24 -12.5 10.6 -9.8 -13.8 10.7 -8.7
2 24 -10.7 8.8 -11.3 -12.4 9.4 -10.7
2 24 -10.1 11.7 -8.3 -10.8 12.8 -8.8

5 24 13 4 0 11.5134 -3.1 1.4925 12.6 0.5 -3.6 12.0107 4 4.9751
5 24 11.5134 -3.1 1.4925 9.8077 -3.1 6.2897 12.0107 4 4.9751 8.3151 -4.5 3.4443
5 24 9.8077 -3.1 6.2897 12.0107 4 4.9751 9.1923 4 9.1923 11.5134 -3.1 1.4925
5 24 -10.2342 -3.1 -5.6501 -12.0107 4 -4.9751 -11.3002 -3.1 -2.985 -9.2 -1.1 -7.9
5 24 -4.9751 4 12.0107 0 -3.1 11.7266 0 4 13 -5.4369 -3 10.3408
5 24 -10.7 22.7 14.1 -12.6 20.3 14.1 -11.2 20.3 15.1 -11.9 22.6 13.2
5 24 -14 3.2 -11.6 -14.5 5.3 -10.7 -14 3.2 -10.5 -13.9 4.3 -13.2
5 24 6.7 -1.2 16.6 5.9 -2.1 17.7 6.9 -2.8 15.8 5.5 -0.3 18.1
5 24 15.4 21.2 -0.1 16.3 19.3 -0.6 16.2 20.4 0.3 14.9 19.3 -1
5 24 18.2 3.3 2.3 18.6 4.7 4.2 17.6 2.3 3.7 19.1 5.9 2.6
5 24 10.5 9.8 17.5 9.2 9.5 18.1 9.1 7.7 17.9 10 11.6 17.5
5 24 12.8 -4.6 10.4 13 -3.8 8.7 11.3 -6.1 8.3 14 -1.6 10.2
5 24 1 6.9 19 2.8 5.9 19 1.4 5.6 18.7 2.5 7.3 19.6
5 24 -6.8 6.4 17.3 -7.9 8.1 16.1 -7.4 9.3 17.9 -7.6 6.2 16.1
5 24 -3 21.1 16.6 -1.3 22.8 16.8 -1.7 20.6 17.8 -3 22.4 16.1
5 24 -10.1 23.1 10.4 -8.5 22 10 -9.5 21.5 9.1 -9.2 23.2 11.2
5 24 -13.9 9.7 -9.5 -12.5 10.6 -9.8 -13.8 10.7 -8.7 -12.4 10 -10.3
5 24 17.6 9.5 -1.7 16.7 9.7 -2.2 16.8 11.4 -1.4 17.8 7.7 -1.8
5 24 13.7 -3.4 -4.8 12.6 -5.6 -3.8 14 -4.1 -2.8 12.4 -4.8 -5.5
5 24 4.4 -0.8 18.7 4.2 0.9 18.8 3.1 1.1 18.5 5.5 -0.3 18.1
5 24 -13.8 21 2.9 -15.5 21.4 1.8 -14.3 20.7 1 -15.3 21.6 3.2
5 24 14.8 15.3 11.5 14.4 16.8 13.1 14.7 17.6 11.7 14.3 15.4 12.7
5 24 -4.1 22.5 12.5 -5.4 22.9 13.4 -4.6 23.4 13.7 -5 22.2 12.2
5 24 15.5 -1.7 8.7 14 -1.6 10.2 14.8 -3.5 8.1 15.7 0.5 9.2
5 24 -6.8 16.6 17.1 -7.9 18.2 16.3 -7.2 18.3 16.4 -7.9 16.4 17.1
5 24 -15.3 21.9 5.6 -15.1 21.9 4.5 -15.8 21.7 5 -13.6 21.6 4.7
5 24 -9 6 -12.8 -7.7 4.9 -10.5 -8.8 6.7 -11 -7.7 4.7 -14.3
5 24 2.2 -4.2 16.3 2.1 -2.2 16.7 2.9 -3.7 16 1.1 -2.6 17.3
5 24 -7.4 9.3 17.9 -8.2 10.4 16.6 -7.3 11.5 18.3 -7.9 8.1 16.1
5 24 -14.9 18 10.4 -15.1 17.4 9.6 -15 18.5 9.6 -14.9 15.9 10.5
5 24 -4.6 2.5 -12 -5 0.9 -10.3 -2.9 0.6 -10.4 -6.8 2.1 -10.4
5 24 15.3 22.3 3.8 15.1 22.3 4.8 16.3 22.2 4.8 13.8 21.2 3.6
5 24 5.3 -8.1 -8.1 4.9 -6.9 -10 3.3 -7.7 -10.5 7 -6 -8
5 24 16.3 14.8 -1.7 17.4 14.4 -0.7 16.8 12.7 -1.1 17.4 15.9 -0.6
5 24 12 5 -7.2 13.1 4.8 -7.1 12.8 6.9 -6.7 11.5 3.2 -8.4
5 24 11.7 21 14 11.3 19.7 14.7 11 21 14.8 12.1 19.7 13.6
5 24 -3.1 -9.5 -0.8 -0.2 -11 0.5 -3.2 -9.9 0.6 0.7 -10.9 -1
5 24 6 23.4 12.8 4.5 22.8 12.3 5.6 22.7 11.8 4.7 23.4 13.3
5 24 13.1 4.8 -7.1 14.5 3.9 -5.9 12.7 2.2 -8.7 15.4 5.7 -5.6
5 24 -9.5 21.5 9.1 -9.1923 17 9.1923 -8.5 22 10 -9.9 21 8.6
5 24 12.3 9.2 -4.4 13.6 9.4 -5.4 13.9 12.5 -3.7 11.6 6.9 -6
5 24 16.7 1.7 6.6 16.3 1.5 7.5 16 -0.2 5.4 17.2 3.5 8
5 24 -7.8 14.3 17.3 -8 12.4 17.2 -9.2 13 16.8 -7.1 13.4 17.3
5 24 8.1 -7.1 1.4 10.7 -6.5 2.1 8 -7.1 2.7 8.2 -7.3 0.1
5 24 -13 4 0 -13 17 0 -12.0107 4 -4.9751 -12.0107 17 4.9751
5 24 2 -0.6 17.3 1.1 -2.6 17.3 0.8 -0.9 17.9 2.1 -2.2 16.7
5 24 -12.4 19.6 -4.5 -13.6 19.4 -5.3 -13.9 20.2 -3.2 -11.7 19.1 -5.9
5 24 14.2 12.6 14.2 14.8 13.2 11.3 15 11.2 12.6 14.1 14 12.6
5 24 1.5 -8.2 12.2 2.1 -8.2 12.8 -1.2 -6.1 15.2 4.3 -8.8 10.8
5 24 -14.1 -0.7 -6.5 -13.9 -0.2 -7.2 -13 -1.8 -7.8 -14.6 0.9 -6.3
5 24 -13 -4.2 3.3 -12.7 -4.3 5.7 -11.9 -6.2 3 -14.2 -1.8 4
5 24 12 -4.7 11.5 9.6 -5.9 11 10.8 -4.6 12.4 10.5 -6.4 9.7
5 24 -0.3 15.3 18.3 -1.3 15.1 18.6 -1.5 13 19.4 -0.7 16.2 18.1
5 24 10.7 1.8 15.1 11.9 1.7 14.5 11.8 3.5 15.6 11.4 -0.3 13.9
5 24 2.8 1 -10.7 2.4 0.3 -9.7 4.1 0.8 -10.4 1 0.8 -10.7
5 24 -3 -8.9 -2 -7.2 -8.5 -0.8 -3.1 -9.5 -0.8 -7.1 -8 -2.3
5 24 18.2 18.7 4.6 18.6 16.7 2.3 18 18.7 2.2 18.7 16.7 4.7
5 24 -9 -2.2 -12.3 -10.9 -1.6 -11.9 -10 -0.4 -12.4 -9.8 -4 -11.5
5 24 -10.4 8 -7.8 -8.9 7.7 -9.6 -10 10.6 -8.4 -9.1923 4 -9.1923
5 24 9.7 0.5 -6.1 8.2 0.1 -5.6 7.9 -3.2 -4.6 8.9 0.9 -7.1
5 24 14.4 -2 -4.1 14.7 -2.6 -1.7 14 -4.1 -2.8 15.1 0.3 -3.6
5 24 4.7 -2.7 18.1 5.9 -2.1 17.7 4.4 -0.8 18.7 6.1 -3.6 16.8
5 24 16.3 15.3 10.9 16.8 15.3 9.3 15.9 13.2 10.3 16.2 17.6 10.4
5 24 -10.1 -4.3 -9.5 -12 -3.6 -10.1 -9.8 -4 -11.5 -11.9 -3.2 -8.4
5 24 1.4 5.6 18.7 0.7 5 18.3 2.1 4.7 18.5 0.2 6.3 18.4
5 24 13.1 -5.1 2.6 13.8 -5.5 1.8 14.4 -4 3.4 11.9 -5.9 1.8
5 24 -0.2 23.9 14.4 0.1 23.7 15.7 -0.9 23.6 15.8 1 23.3 15.4
5 24 -12.8 6.7 -12.8 -13.9 6.1 -11.9 -13 7.9 -11.9 -12.5 5.1 -14.3
5 24 -4.1 11.8 18.7 -2.8 9.8 19.2 -3.2 12.8 19.2 -3.8 9.7 18.4
5 24 15.1 0.3 -3.6 14.4 0.7 -4.6 14.4 -2 -4.1 15.8 2.5 -3.5
5 24 18.7 12.9 4.4 18.9 14.1 2.5 18.6 12.8 2.5 18.9 14.3 4.8
5 24 5.5 -0.3 18.1 6.7 -1.2 16.6 5.9 -2.1 17.7 6.4 0.7 16.9
5 24 -9.8 22.2 14.3 -9 22.5 15.4 -9.8 20.2 15.1 -8.5 23.4 14.2
5 24 9.5 21.4 9.1 10.9 22.5 8.9 10.2 22.5 9.8 10.2 21.2 8.2
5 24 4.3 -8.8 10.8 2.1 -8.2 12.8 4.7 -8.3 11.5 1.5 -8.2 12.2
5 24 -18.3 3.4 2.1 -18.3 4.1 2.6 -18.4 4.5 1.6 -18.1 3.6 3.4
5 24 -10.7 10 -9.7 -10 10.6 -8.4 -9.9 9.1 -10.2 -10.6 11.4 -8.9
5 24 11.8 3.5 15.6 13.1 5.5 15.3 12.9 3.4 14.7 12.3 5.4 16
5 24 -3.9 4.3 17.6 -5 3.7 17.6 -5.6 6.6 18 -3.8 2.1 17.4
5 24 -12.9 12 14.8 -11.6 11.7 15.3 -12.6 13.8 14.4 -12.5 10.2 14.7
5 24 -17 2.1 4.8 -16.8 2 5.9 -15.8 0.4 5.4 -17.1 3.3 6
5 24 -9 6 -12.8 -8.8 6.7 -11 -7.7 4.9 -10.5 -9.6 7.5 -11.6
5 24 6.7 14.5 17.1 7 14.5 16.9 7 15.7 17.1 6.6 13.5 17.4
5 24 4.3 -8.8 10.8 6.2 -8 10 6.2 -8.3 9.1 4.7 -8.3 11.5
5 24 -12 0.6 12 -12.5 -0.7 10.6 -11.3 -1.5 11.2 -13.8 1.5 11.2
5 24 5.9 -7.3 11.6 5.6 -7.6 11.2 3.5 -6.6 13.8 6.8 -7.1 10.5
5 24 -18.4 8.7 2 -18.4 8.9 0.5 -18 6 1.6 -19.1 12.2 1
5 24 -2.4 23.2 14.2 -3.3 23.6 14 -2.8 23.1 15.3 -2.9 22.7 12.8
5 24 4.7 22.3 15.9 3.5 23.7 15.3 2.8 22.9 17.1 4.3 23 14.7
5 24 17.8 7.7 -1.8 18.1 7.3 0.1 17.1 5.1 -2.5 18 9 0.4
5 24 -6.2 11.9 19 -7.3 11.5 18.3 -6.9 12.3 18.5 -6.2 9.4 19
5 24 7 14.5 16.9 7 15.7 17.1 7.6 15.5 16.7 6.7 14.5 17.1
5 24 -15.2 10.9 -6.6 -14.3 12 -8.4 -16 12.6 -6.3 -13.8 10.7 -8.7
5 24 -11.7 4.2 13.5 -12.6 2.1 12.3 -13 4.9 12.4 -11.5 2.5 13.5
5 24 -3.1 -9.5 -0.8 -3 -8.9 -2 0.6 -10.5 -2.1 -7.2 -8.5 -0.8
5 24 4.4 -5.6 -10.6 6.1 -3 -9.7 4 -4.4 -11.1 6.4 -4.4 -9.3
5 24 -13.3 -1.9 -9.9 -12.8 -0.5 -11.5 -13.9 0.8 -10.5 -12 -3.6 -10.1
5 24 -13.9 4.3 -13.2 -13 2.6 -15.3 -12.5 5.1 -14.3 -13.2 1.1 -13.3
5 24 11.9 -5.9 1.8 13.1 -5.7 3.7 13.1 -5.1 2.6 10.7 -6.5 2.1
5 24 11.1 5.4 16.2 12.3 5.4 16 12.1 6.9 16.2 11.8 3.5 15.6
5 24 0.4 -5.6 -14.6 -2 -6.1 -14.2 -0.2 -6.1 -13.2 -1.5 -5.3 -15.9
5 24 -9 -2.2 -12.3 -10 -0.4 -12.4 -10.9 -1.6 -11.9 -8.4 -0.9 -12.6
5 24 -3 22.4 16.1 -4.1 22.6 16.7 -3 21.1 16.6 -2.8 23.1 15.3
5 24 -8.3151 -4.5 3.4443 -9.7011 -3.1 6.3963 -6.3639 -4.5 6.3639 -11.5134 -3.1 1.4925
5 24 -14.6 0.6 -5.9 -14.6 0.9 -6.3 -14.1 -0.7 -6.5 -15.1 1.9 -5.1
5 24 -12 0.4 -15.4 -10 -0.4 -12.4 -10 0.4 -16.5 -12 0.4 -12.2
5 24 0.7 -10.9 -1 1.9 -11.1 0 -0.2 -11 0.5 4 -10.7 -2
5 24 -14.8 20 9.5 -14.5 20.2 10.6 -15 18.5 9.6 -14.5 21.6 9.2
5 24 -5 3.7 17.6 -5.4 2 17 -6.4 3.3 16.9 -4.6 2.3 17.3
5 24 12.6 14.5 14.1 12.2 14.4 15.9 12.9 12.7 14.6 12.6 16 14.2
5 24 -12.4 -3.7 -7.6 -12.4 -4 -5.2 -13.4 -2.2 -7.2 -10.6 -6.3 -5.1
5 24 13.8 21.2 3.6 13.2 21.4 4.7 15.1 22.3 4.8 12.5 19.6 3.8
5 24 -0.2 23.9 14.4 1 23.3 15.4 0.1 23.7 15.7 0.9 23.5 14.2
5 24 -4.2 21 17.3 -2.6 18.3 17 -3.6 17.9 17.3 -3 21.1 16.6
5 24 -6.2 11.9 19 -5.1 12.8 18.8 -4.9 12.1 18.9 -6.2 12.8 18.6
5 24 -11.3 23.2 12.1 -9.2 23.2 11.2 -10.1 23.1 10.4 -10.1 23.3 13
5 24 -6.2 15 17.2 -7.8 14.3 17.3 -7.9 16.4 17.1 -7.1 13.4 17.3
5 24 11.8 16 16.1 10.3 17.2 16.2 10.2 15.7 16.7 11.9 17.2 15.5
5 24 1.2 0.4 -10.2 2.4 0.3 -9.7 -0.7 0.3 -10.1 1 0.8 -10.7
5 24 7.1 14.3 16.9 8.3 14.1 17.7 7.8 13.7 17.8 8.2 15.2 16.5
5 24 12.7 6.8 15.8 12.5 7.7 15.6 13.1 7.1 15 12.1 6.9 16.2
5 24 -8.4 -0.9 -12.6 -9 -2.2 -12.3 -10 -0.4 -12.4 -7.3 -2.7 -12.5
5 24 -12.9 -2.5 10.5 -13.4 -0.2 9.3 -13.2 -2.4 10.1 -12.5 -0.7 10.6
5 24 -17.1 3.3 6 -16.8 2 5.9 -17 2.1 4.8 -16.6 2 7
5 24 11.3 -5.3 6.8 12.2 -5.7 5.8 9.9 -6.1 5 13.6 -4.9 6.9
5 24 7.5 23.1 12.1 6.4 22.2 11.5 6.7 23 12.5 7.2 22.3 11
5 24 -13.6 -1.8 -3.6 -15.5 -0.5 -1.9 -14 -2.4 -2.7 -15.3 1.1 -3
5 24 -12.7 22 7.4 -11.1 20.6 7 -11.7 19.9 6.1 -12.1 22.5 8.2
5 24 15.4 12 -4.1 13.6 9.4 -5.4 13.9 12.5 -3.7 15.3 9.1 -5.9
5 24 17.6 21.3 2.6 16.9 18.8 1.5 18 18.7 2.2 16.5 21.2 1.9
5 24 -3.4 7.8 17.7 -2.3 8.3 18.4 -3.8 9.7 18.4 -2 7.5 18
5 24 -4.2 -4.6 -13 -4.3 -5.1 -15.4 -2.3 -5.9 -12.7 -6.2 -3.8 -15.8
5 24 5.6 14.1 18.6 4.2 13.5 18.9 6.1 12.1 18.6 3.7 16.1 18.4
5 24 -13.7 6.6 12.3 -12.9 7.2 13.1 -13.1 8.5 13.2 -13 4.9 12.4
5 24 -7.2 -8.5 1.6 -7.3 -8.8 0.8 -10 -7.5 1.6 -3.1 -9.7 1.5
5 24 4 -4.4 -11.1 4.1 -3.8 -11.7 2.3 -5.1 -13 5.7 -1.7 -9.8
5 24 9.1923 4 9.1923 9.1923 17 9.1923 12.0107 17 4.9751 4.9751 4 12.0107
5 24 5.6 14.1 18.6 6.2 15.1 17.4 6.1 12.1 18.6 5 16.6 18.3
5 24 3.9 19.7 17.5 4.5 18 17.6 5 18.7 17.1 3.1 18 17.7
5 24 12.7 23.3 9.5 10.9 22.5 8.9 11.6 22.1 8.3 12.2 23.6 10.4
5 24 5.2237 -3 10.4474 6.3639 -4.5 6.3639 3.4443 -4.5 8.3151 9.8077 -3.1 6.2897
5 24 0.3 8.3 18.9 -0.5 8.3 18.8 -0.9 7.4 18.5 0.1 10.3 19.2
5 24 -15.5 0.2 6.8 -15.8 0.4 5.4 -13.9 -2.1 6.3 -16.6 2 7
5 24 18.1 16.7 5.6 17.8 15.6 8.2 18.2 14.1 5.6 17.5 18 7.8
5 24 9.2 9.5 18.1 7.9 9.5 18 9.1 7.7 17.9 7.9 11 18
5 24 15.7 0.5 9.2 14 -1.6 10.2 15.5 -1.7 8.7 14.3 0.3 10.8
5 24 2.8 5.9 19 4 6.3 18.5 3.8 5.2 18.4 4 7.6 19.1
5 24 6.1 12.1 18.6 6.9 12.2 17.8 6.6 13.5 17.4 7 11.1 17.8
5 24 -10.7 17.6 15.5 -9.4 18.3 15.4 -11.2 20.3 15.1 -10.2 16.8 15.4
5 24 13 19.4 1.1 14.1 21.3 0.6 13.7 20.6 2.7 13.1 18.8 -0.2
5 24 6.9 12.2 17.8 7.4 13.3 17.8 7.6 12.3 18 6.6 13.5 17.4
5 24 14.5 22.5 6.9 13 21.4 5.7 12.6 21.8 6.4 14.8 22.3 5.9
5 24 12.3 22.8 13.4 13.6 21.9 12.6 13.2 20.9 13.4 13.1 22.9 12
5 24 1.8 -10.4 4 1.9 -10.2 4.5 0.3 -10.4 4.9 4.5 -9.4 3.3
5 24 -8.5 23.1 11.7 -10.1 23.3 13 -9.5 23 13.3 -9.2 23.2 11.2
5 24 -7.4 -8.7 4.8 -7.3 -8.9 2.6 -3.2 -9.7 4.3 -9.8 -7.8 2.4
5 24 6.2 -8 10 6.2 -8.3 9.1 4.3 -8.8 10.8 7.4 -7.2 8.6
5 24 15.8 -3 5.8 14.8 -3.5 8.1 13.6 -4.9 6.9 16.2 -1.4 6.6
5 24 -14.4 1.8 10 -14.9 3.6 10.3 -14.4 3.4 11.6 -14.8 2 8.8
5 24 -13.6 14.1 -8.8 -14.2 16.5 -7.6 -12.6 16.7 -7.9 -15.3 14.7 -7.7
5 24 15.5 4.1 12.9 13.8 3.6 13.4 13.6 2.2 12.9 13.8 5.7 13.7
5 24 17.2 4.4 -0.3 18 3.7 0.6 19.2 6.6 0.8 16.2 1.6 -1
5 24 9.8 -3.8 -8.3 7.1 -2.8 -9.1 7.8 -4.5 -7.9 9 -1.9 -9.8
5 24 9.1923 17 9.1923 9.5 21.4 9.1 10.2 21.2 8.2 8.7 21.1 9.7
5 24 0.6 -10.5 -2.1 0.7 -9.8 -3 3.7 -10.4 -3 -3 -8.9 -2
5 24 3.1 18 17.7 3.6 17.4 17.8 2.1 18.3 17.6 4.5 18 17.6
5 24 -8.2 10.4 16.6 -7.3 11.5 18.3 -8 12.4 17.2 -7.4 9.3 17.9
5 24 5.2 0.4 -8.6 5.1 0.7 -9.3 3.7722 0.4 -9.7576 5.5 0.7 -9
5 24 -10.4 8 -7.8 -11.8 13.2 -5.6 -12.0107 4 -4.9751 -10.7 13.9 -7.4
5 24 10.7 -6.5 2.1 11.9 -5.9 1.8 13.1 -5.7 3.7 9.9 -6.7 0.5
5 24 -3.7 2.1 -14.8 -4.5 1.9 -15.6 -1.9 0.1 -15 -5.5 3.7 -14.3
5 24 9.1 7.7 17.9 10.5 7.8 16.8 8.4 5.4 16.5 10.5 9.8 17.5
5 24 17.5 18 7.8 16.5 20.2 7.9 16.4 17.7 8.8 16.6 20.7 6.8
5 24 9.3 -6.7 6.1 9.9 -6.1 5 8 -7.1 2.7 11.3 -5.3 6.8
5 24 4.7 -9.9 3.9 2.2 -10.1 4.9 1.9 -10.3 6.2 4.5 -9.4 3.3
5 24 -4.1 11.8 18.7 -5.1 12.8 18.8 -4.9 12.1 18.9 -4 13.5 18.2
5 24 -12.8 23.1 11 -12.1 22.5 8.2 -11.3 22.6 9.2 -13.7 22.7 10
5 24 -5.1 -2.5 -17 -7.2 -1.7 -15.6 -6.1 -0.4 -16.5 -6.2 -3.8 -15.8
5 24 -9.5 23 13.3 -10.1 23.3 13 -10.7 22.7 14.1 -8.5 23.1 11.7
5 24 12.9 3.4 14.7 13.8 3.6 13.4 12.9 1.7 13.7 13.8 5.7 13.7
5 24 10.1 -6.9 -0.1 10.4 -7 -1.5 8.3 -7.4 -0.9 12.6 -6.5 -0.5
5 24 11.5 20.6 6.3 13 21.4 5.7 12.6 21.8 6.4 11.8 19.8 5.5
5 24 3.9 23.1 13.5 4.7 23.4 13.3 4.3 23 14.7 4.5 22.8 12.3
5 24 12.6 -6.5 -0.5 13.8 -5.5 1.8 12.3 -6.3 1 14.4 -5.5 0.2
5 24 16.8 0.2 3.3 16.8 0.6 1.6 17.6 2.3 3.7 16.2 -1.7 1.3
5 24 -6.6 -8.3 8.6 -2.6 -9.1 6.8 -2.9 -9.2 6.2 -2.2 -8.8 7.3
5 24 15.5 13.8 -3.4 14.8 15.7 -1.7 16.3 14.8 -1.7 14.3 14.5 -3.1
5 24 3 23.6 13.8 3.5 23.7 15.3 1.9 23.8 14.1 4.3 23 14.7
5 24 7.1 14.3 16.9 7 14.5 16.9 6.6 13.5 17.4 7.6 15.5 16.7
5 24 2.1 -8.2 12.8 -1.2 -6.1 15.2 2.6 -7.8 13.3 1.5 -8.2 12.2
5 24 3.2 -9.9 -4.8 3.1 -9.2 -6.6 0.9 -8.9 -6.7 4.9 -9.6 -5.2
5 24 -14.9 3.6 10.3 -14.8 2 8.8 -14.4 1.8 10 -15.2 3.8 9.2
5 24 6.1 -8.9 -1.1 6.6 -9.1 -0.3 7.6 -8.3 -1.2 4.2 -9.9 0.1
5 24 1.9 -10.3 6.2 6 -9.1 5.6 4.7 -9.9 3.9 2.7 -9.8 8.7
5 24 8 -6.1 12.6 9.2 -5.7 11.4 8.2 -6.8 10.1 10 -4.2 12.6
5 24 17.4 15.9 -0.6 17.6 16.7 1.5 17.9 14.1 1.6 16.7 17.6 -0.5
5 24 -7.1 -7.7 -4.4 -7 -7.4 -3.1 -2.8 -8.4 -4 -10.4 -5.9 -3.8
5 24 -14.3 -1.5 2.7 -14.8 -1.8 1.8 -13 -3.8 2.1 -16.7 0.5 2.5
5 24 -18.4 8.9 0.5 -17.8 5.7 -0.3 -17.8 6.6 -1.5 -18 6 1.6
5 24 10.5 -6.3 -3.6 10.6 -6.3 -4.5 12.6 -5.6 -3.8 8.4 -6.9 -4.8
5 24 -10.7 13.9 -7.4 -11.8 13.2 -5.6 -10.4 8 -7.8 -11.5 16.8 -6.3
5 24 -6.3639 -4.5 -6.3639 -10.2342 -3.1 -5.6501 -8.3151 -4.5 -3.4443 -9.2 -1.1 -7.9
5 24 -11.3002 -3.1 -2.985 -13 4 0 -11.5134 -3.1 1.4925 -12.0107 4 -4.9751
5 24 13.5 9 13.7 12.9 8.2 15.1 12.3 9.5 14.1 13.8 7.7 13.8
5 24 4.7 23.4 13.3 6 23.4 12.8 4.5 22.8 12.3 5.3 23.5 15
5 24 3.2 13.6 18.6 1.8 15.1 19.3 2.8 15.8 18.2 2.3 13.3 19.5
5 24 9.7 21.1 15.1 10.1 19.3 15.3 11 21 14.8 8.6 21 15.3
5 24 -10 -7.8 8 -10.4 -6.4 6.5 -11.1 -6.7 8.9 -7.4 -7.9 5.9
5 24 -15.2 8.3 -6.9 -16.2 8 -6 -15.9 7.1 -6.3 -15 9.9 -6.9
5 24 -12 16.7 -7.1 -11.8 14.4 -8.7 -11.3 14.1 -8.1 -12.6 16.7 -7.9
5 24 6.1 -8.4 8.1 6.2 -8.3 9.1 7.6 -7.2 7.6 3.9 -9.1 10.2
5 24 -10 4.5 15.9 -11.7 5.6 15.3 -11.1 6 16.1 -10.9 3.9 15.2
5 24 12.4 12.6 15.4 12.9 12.7 14.6 12.9 11 13.9 12.2 14.4 15.9
5 24 12.3 -6.3 1 12.6 -6.5 -0.5 13.8 -5.5 1.8 10.1 -6.9 -0.1
5 24 -10.1 -4.2 -9 -9.1 -6.2 -8.2 -10.8 -5.1 -8.1 -8 -4.8 -9
5 24 -8.6 -0.6 15.9 -6.9 -2.3 15.3 -7.3 0 16.3 -7.7 -3.2 14
5 24 -12.0107 17 -4.9751 -12.0107 4 -4.9751 -11.8 13.2 -5.6 -13 17 0
5 24 13.3 11.5 -1.3 12.5 6.2 -4 13 4 0 12.3 9.2 -4.4
5 24 -1.5 -5.3 -15.9 0.4 -5.6 -14.6 -2 -6.1 -14.2 0.7 -4.3 -15.5
5 24 -12.9 7.2 13.1 -13 4.9 12.4 -11.7 4.2 13.5 -13.7 6.6 12.3
5 24 5.5 1.6 18.4 6.4 0.7 16.9 6.2 2.2 17.3 5.5 -0.3 18.1
5 24 5.3 23.5 15 4.7 22.3 15.9 6.1 22.6 16.4 4.3 23 14.7
5 24 -7.8 -4.9 -9.9 -8 -4.8 -9 -5.3 -5.5 -8.6 -10.1 -4.3 -9.5
5 24 -11.8 14.4 -8.7 -12.7 12.4 -9.2 -12 11.6 -9.6 -13.6 14.1 -8.8
5 24 0.9 23.5 14.2 -0.2 22.9 13.2 -0.2 23.9 14.4 0.8 22.8 13.1
5 24 -2.2 1.8 17 -1.3 3.5 18.5 -2.4 4 17.4 -1.3 1.1 18.4
5 24 -11.9 7.4 15.8 -11.1 6 16.1 -11.3 7.5 16.3 -12.3 6.9 15.4
5 24 10.4 -7 -1.5 8.3 -7.4 -2.7 10.6 -6.7 -3 8.3 -7.4 -1.8
5 24 9.6 -5.9 11 9.2 -5.7 11.4 10.8 -4.6 12.4 8.2 -6.8 10.1
5 24 -10.9 0.5 13.1 -10 -0.3 15.1 -10.6 1.6 15.3 -9.7 -2 12.5
5 24 -4.4 0 18 -5.1 -0.1 17.6 -3.9 -1.8 17.4 -4.5 0.8 18
5 24 -8 21.1 16.3 -8.9 19.5 15.7 -9.1 21.1 15.8 -7.7 19.6 16.2
5 24 9.6 22.4 10.6 9.5 21.4 9.1 8.7 21.1 9.7 10.2 22.5 9.8
5 24 -11.3 -1.5 11.2 -12 0.6 12 -12.5 -0.7 10.6 -9.7 -2 12.5
5 24 -15.8 0.4 5.4 -13.9 -2.1 6.3 -14.2 -1.8 4 -15.5 0.2 6.8
5 24 -10.6 1.6 15.3 -9.5 2.1 16.1 -10 -0.3 15.1 -10.9 3.9 15.2
5 24 -17.8 2.7 3.8 -18.3 3.4 2.1 -17.5 1.8 3.3 -18.1 3.6 3.4
5 24 -12 11.6 -9.6 -12.7 12.4 -9.2 -13.8 10.7 -8.7 -11.8 14.4 -8.7
5 24 -11.8 -3.7 11 -12.2 -4.2 10.4 -12.9 -2.5 10.5 -10.1 -5.6 11
5 24 -5.1 15.1 16.8 -6.2 15 17.2 -5.5 13.9 17.5 -5.7 16.8 16.7
5 24 10.8 -4.6 12.4 12.9 -2.5 12.8 11.5 -2.4 13.5 12 -4.7 11.5
5 24 5.5 1.6 18.4 4 2.3 19 4.2 0.9 18.8 5 3.1 18.9
5 24 -13.2 -2.8 9.9 -14.1 0 8.1 -13.6 -1.1 7.6 -13.2 -2.4 10.1
5 24 4.7 23.4 13.3 4.3 23 14.7 5.3 23.5 15 3.9 23.1 13.5
5 24 -16.1 20.8 0.5 -14.8 21 -1.8 -14.9 21.1 -0.6 -15.4 20.5 -2.6
5 24 -2.9 22.7 12.8 -4.9751 17 12.0107 -4.1 22.5 12.5 -2.2 22.4 13
5 24 -9 -2.2 -12.3 -7.3 -2.7 -12.5 -7 -3.6 -12.5 -8.4 -0.9 -12.6
5 24 -7.1 1.2 -16.6 -8.3 0.2 -16.1 -6.1 -0.4 -16.5 -9 1.8 -16.9
5 24 -6.6 20.4 16 -5.8 20.8 17.2 -6.3 18.5 16.4 -6.2 22.2 15.6
5 24 5.4 -8.7 -6.8 3.1 -8.5 -7.7 3.1 -9.2 -6.6 5.2 -8 -7.5
5 24 14.5 1 11 13.5 -0.1 12.5 13.6 2.2 12.9 14.3 0.3 10.8
5 24 5 18.7 17.1 3.9 19.7 17.5 4.7 20.5 16.5 4.5 18 17.6
5 24 7.4 -7.2 8.6 6.2 -8.3 9.1 6.2 -8 10 7.6 -7.2 7.6
5 24 -17.3 18.3 0.4 -17.3 20.2 1.7 -18 18.4 1.6 -16.8 20.1 0.6
5 24 11.9 17.2 15.5 12.5 17.1 14.2 12.6 16 14.2 11.7 18.6 14.9
5 24 10.3 -5.2 -6.3 8.2 -5.5 -6.9 8.1 -5 -7.4 8.2 -6 -6.2
5 24 -9.9 9.1 -10.2 -8.9 7.7 -9.6 -10 10.6 -8.4 -8.8 6.7 -11
5 24 4 2.3 19 4.3 3.8 19 3.7 3.7 19.2 5 3.1 18.9
5 24 15 11.2 12.6 13 9.9 13.6 13.5 9 13.7 12.9 11 13.9
5 24 10.2 15.7 16.7 8.2 15.2 16.5 8.8 17.2 16.4 10 13.7 16.5
5 24 5.2 -4 16.9 4 -3.9 16.8 4.7 -2.7 18.1 5.6 -5.4 14.6
5 24 14.1 20.9 11.5 13.5 19.9 12.9 14.2 20 11.6 13.2 20.9 13.4
5 24 -10.8 12.8 -8.8 -12 11.6 -9.6 -10.7 10 -9.7 -11.8 14.4 -8.7
5 24 11.1 5.4 16.2 11.8 3.5 15.6 10.3 3.6 16 12.3 5.4 16
5 24 0.4 -5.6 -14.6 0.7 -4.3 -15.5 2.5 -4.2 -14 -1.5 -5.3 -15.9
5 24 -15.1 17.4 9.6 -15.6 17.5 8.9 -15 18.5 9.6 -15.2 16 9.3
5 24 -10.9 -1.6 -11.9 -9.8 -4 -11.5 -9 -2.2 -12.3 -12 -3.6 -10.1
5 24 13.7 20.6 2.7 13 19.4 1.1 14.1 21.3 0.6 12.8 18.8 2.8
5 24 15.4 12 -4.1 16.3 11.3 -2 16.1 12.8 -2.1 16.4 8.4 -4.6
5 24 -2.8 -8.4 -4 -1.6 -8.1 -6.8 -3.5 -7.6 -7 0.9 -9.8 -4.2
5 24 -3.1 -6.4 -8.3 -5.1 -5.8 -10.1 -5.3 -5.5 -8.6 -2.9 -7 -9.9
5 24 15.8 22.1 6.9 16.2 22.2 6 16.6 20.7 6.8 14.8 22.3 5.9
5 24 17.6 10.5 6.1 17.9 10.9 5.1 17.9 12.5 5.3 18.2 8.9 5.2
5 24 4.6 -10.3 0.9 4.2 -9.9 0.1 6.6 -9.1 -0.3 2 -10.6 0.9
5 24 -10.5 12.2 15.4 -8.7 10.8 16.5 -9.2 13 16.8 -9.5 9 15.7
5 24 -13.9 17.9 -6.5 -12.6 16.7 -7.9 -12.5 18.2 -7 -14.2 16.5 -7.6
5 24 7.3 -8.1 -4.6 7.4 -8.4 -3.6 8.4 -7.1 -3.9 5.5 -9.7 -3.7
5 24 14.4 0.7 -4.6 14.5 3.9 -5.9 14.2 0.6 -7.2 14.9 3.1 -4.4
5 24 3.4443 0 -8.3151 2.4 0.3 -9.7 0 0 -9 3.7722 0.4 -9.7576
5 24 -9.1923 4 -9.1923 -12.0107 4 -4.9751 -10.4 8 -7.8 -9.2 -1.1 -7.9
5 24 15.3 9.1 -5.9 15.4 5.7 -5.6 16.4 8.4 -4.6 14.1 6.6 -6.9
5 24 19.1 5.9 2.6 19.5 7.5 2.5 19.2 6.6 0.8 19.1 7.1 3.7
5 24 10.2 15.7 16.7 12.2 14.4 15.9 10 13.7 16.5 11.8 16 16.1
5 24 2.3 -5.1 -13 4.1 -3.8 -11.7 4 -4.4 -11.1 2.5 -4.2 -14
5 24 -10 -0.3 15.1 -8.6 -0.6 15.9 -7.7 -3.2 14 -9.5 2.1 16.1
5 24 -14.9 18 10.4 -14.5 18 11.1 -14.5 20.2 10.6 -14.9 15.9 10.5
5 24 -18.3 9.1 -1 -18.4 8.9 0.5 -17.8 6.6 -1.5 -18.5 12.3 -0.9
5 24 11.8 16 16.1 12.6 16 14.2 12.2 14.4 15.9 11.9 17.2 15.5
5 24 8.2 0.8 17.1 6.2 2.2 17.3 6.4 0.7 16.9 6.2 3.5 17.1
5 24 -18.5 12.3 -0.9 -18 12.4 -2.8 -17.2 9.6 -2.8 -17.6 14.5 -1.1
5 24 -16.8 4.1 7.6 -17.1 5.3 6.5 -17.1 3.3 6 -16.4 7.3 8
5 24 -13.3 22 6.1 -11.7 19.9 6.1 -12.1 20.1 5 -12.7 22 7.4
5 24 -14.4 -3.1 -0.8 -14.8 -1.8 1.8 -13.6 -4.1 0.9 -15.6 -1 0
5 24 18.2 8.9 5.2 17.9 8.4 8.6 18.2 7.4 5.1 17.6 10.5 6.1
5 24 -3.2 -9.9 0.6 -3.1 -9.5 -0.8 -7.2 -8.5 -0.8 -0.2 -11 0.5
5 24 7.1 -7.8 -5.1 6.8 -8 -6.1 8.2 -6.6 -5.3 4.9 -9.6 -5.2
5 24 -9.9 9.1 -10.2 -10.7 10 -9.7 -12.4 10 -10.3 -10 10.6 -8.4
5 24 -15.2 8.3 -6.9 -15.4 6.6 -7.8 -15.9 7.1 -6.3 -14.9 7.5 -8.1
5 24 16.8 0.2 3.3 17.1 2.2 4.8 17.6 2.3 3.7 16.3 0.1 4.5
5 24 10.1 19.3 15.3 11 21 14.8 11.3 19.7 14.7 9.7 21.1 15.1
5 24 6.9 9.8 17.7 6 10.6 18.4 7 11.1 17.8 6.1 8.9 17.8
5 24 11.5 3.2 -8.4 10.2 1 -9.4 12.7 2.2 -8.7 9.3 2.1 -8.4
5 24 18 9 0.4 19.4 8.1 1.2 18.1 7.3 0.1 19.5 9.5 2.2
5 24 10.4 -0.1 14.2 10.7 1.8 15.1 9.9 1.8 15.1 11.4 -0.3 13.9
5 24 -17.8 6.6 -1.5 -16.9 7.3 -3.3 -18.3 9.1 -1 -17.6 5.2 -2.5
5 24 -9.4 -7.6 9.8 -8.5 -6.7 11 -10.7 -6.4 10.1 -6.6 -8.3 8.6
5 24 5.8 -9.8 -2.9 5.5 -9.7 -3.7 7.4 -8.4 -3.6 3.7 -10.4 -3
5 24 -1.5 -5.3 -15.9 -2 -6.1 -14.2 0.4 -5.6 -14.6 -4.3 -5.1 -15.4
5 24 -5.1 15.1 16.8 -4.9 17.2 17.2 -3.4 14.9 17.6 -5.7 16.8 16.7
5 24 -10.9 -7.3 0.8 -11.5 -6.3 1.7 -10 -7.5 1.6 -12.8 -5.6 0.8
5 24 -12.2 22.3 12.5 -13.5 22 11.9 -12.8 23.1 11 -12.9 20.4 12.9
5 24 -11.1 15.7 14.7 -12.5 17.1 13.6 -10.7 17.6 15.5 -12 15.9 14.1
5 24 12.9 8.2 15.1 13.8 7.7 13.8 13.5 9 13.7 13.1 7.1 15
5 24 -15.8 0.4 5.4 -17 2.1 4.8 -16.8 2 5.9 -15.8 0.6 3.8
5 24 10.5 9.8 17.5 10.8 11.9 16.1 11.2 7.8 16.1 10 11.6 17.5
5 24 15.8 22.1 6.9 16.5 20.2 7.9 14.8 22.8 9.8 16.6 20.7 6.8
5 24 -15.4 6.6 -7.8 -14.9 7.5 -8.1 -15.2 8.3 -6.9 -14.5 5.5 -9.6
5 24 -13.5 22 11.9 -12.9 20.4 12.9 -14.1 20.4 11.9 -12.2 22.3 12.5
5 24 -15.7 12.1 10.2 -15.3 12.1 11.6 -15.8 9.3 10.3 -14.4 13.8 10.9
5 24 -12.5 19.9 4 -13.8 21 2.9 -12.9 19.9 2.7 -13.6 21.6 4.7
5 24 6.8 -8 -6.1 5.4 -8.7 -6.8 7.2 -7.2 -6.9 4.9 -9.6 -5.2
5 24 -18.4 8.7 2 -17.7 5.9 3.1 -18 6 1.6 -17.7 8.5 3.6
5 24 8.6 23.1 11.3 7.2 22.3 11 7.5 23.1 12.1 7.8 22 10.5
5 24 -11.3 7.5 16.3 -9.5 9 15.7 -10.3 6.6 16.7 -10.9 9.1 15.5
5 24 -7.3 -8.8 0.8 -3.1 -9.7 1.5 -3.2 -9.9 0.6 -7.2 -8.5 1.6
5 24 -4.8 9.8 18.9 -6.2 9.4 19 -4.3 6.9 18 -4.9 12.1 18.9
5 24 -0.2 -11 0.5 2 -10.6 0.9 1.9 -11.1 0 -0.1 -10.7 1.5
5 24 3.8 5.2 18.4 2.8 5.9 19 3.1 5 18.6 4 6.3 18.5
5 24 9 -4.5 0 11.5134 -3.1 1.4925 11.087 -3.3 -3.0916 8.3151 -4.5 3.4443
5 24 5.7 -1.7 -9.8 6.1 -3 -9.7 4 -4.4 -11.1 6.3 -0.3 -9.3
5 24 -11.9 -3.2 -8.4 -10.8 -5.1 -8.1 -12.4 -3.7 -7.6 -10.1 -4.2 -9
5 24 -17.6 12.6 -4.9 -18 12.4 -2.8 -16.7 10.1 -5.6 -17.4 14.2 -4.2
5 24 -7 3.1 16.3 -8.3 2.7 16.5 -8.8 5.2 16.2 -6 1.2 16.3
5 24 -12.5 17.1 13.6 -13.3 17.7 12.4 -13.1 16.5 12.6 -12.6 20.3 14.1
5 24 2.4 16.7 17.8 2.1 18.3 17.6 1.4 17.1 17.8 3.6 17.4 17.8
5 24 10.5 -2 13.5 8.8 -1.2 16.6 8.9 -3.1 15.6 10.4 -0.1 14.2
5 24 13.3 11.5 -1.3 12.7 12.4 -2.8 12.3 9.2 -4.4 12.8 14.4 -2.3
5 24 -12.5 17.1 13.6 -12 15.9 14.1 -12.6 15.1 13.2 -11.1 15.7 14.7
5 24 -4 13.5 18.2 -5.1 12.8 18.8 -5.5 13.9 17.5 -4.1 11.8 18.7
5 24 -13 -3.8 2.1 -14.2 -1.8 4 -14.3 -1.5 2.7 -13 -4.2 3.3
5 24 -4.1 0.7 18.1 -4.4 0 18 -3.6 0.2 18.1 -4.5 0.8 18
5 24 15.5 4.1 12.9 16.4 5.4 10.3 16.1 3.4 9.8 15.5 8.4 12.8
5 24 -8 12.4 17.2 -8.7 10.8 16.5 -8.2 10.4 16.6 -9.2 13 16.8
5 24 8 22.3 15.1 7 22.6 16.1 7.6 21.2 16.4 7.5 23.2 13.8
5 24 15.4 -0.4 -1.1 15.1 0.3 -3.6 14.7 -2.6 -1.7 16.2 1.6 -1
5 24 17.6 16.7 1.5 18.6 16.7 2.3 17.9 14.1 1.6 18 18.7 2.2
5 24 8.3 23.5 13.6 8 22.3 15.1 10 22.6 14.9 7.5 23.2 13.8
5 24 -17.7 5.9 3.1 -18.3 4.1 2.6 -18 6 1.6 -17.4 5 4.2
5 24 -11.6 23.1 11.6 -12.8 23.1 11 -10.8 22.7 9.8 -12.2 22.3 12.5
5 24 12.6 21.8 6.4 11.5 20.6 6.3 13 21.4 5.7 11.2 20.7 6.8
5 24 0.8 -9.8 6 1.9 -10.3 6.2 -0.9 -8.6 8.8 2.2 -10.1 4.9
5 24 -7.9 22.5 16 -6.2 22.2 15.6 -7.4 23.3 14.8 -8 21.1 16.3
5 24 -4.1 0.7 18.1 -3.8 2.1 17.4 -4.5 0.8 18 -3.6 0.2 18.1
5 24 -15.4 6.6 -7.8 -15.6 2.4 -6.1 -15.9 3.4 -4.5 -15 4.8 -9
5 24 -2.1 -0.8 -16 -2.4 -2.6 -16.9 -3.8 -0.8 -16.9 0.9 -2.2 -14.9
5 24 7.6 21.2 16.4 8 19.6 16.6 6.8 19.7 17.5 8.6 21 15.3
5 24 12.9 3.4 14.7 11.8 3.5 15.6 11.9 1.7 14.5 13.1 5.5 15.3
5 24 -17.6 14.5 -1.1 -18.5 12.3 -0.9 -18 12.4 -2.8 -18 14.6 0.9
5 24 13 21.4 5.7 12.6 21.8 6.4 14.5 22.5 6.9 11.5 20.6 6.3
5 24 13.6 -2.3 12 14 -1.6 10.2 13.5 -0.1 12.5 12.8 -4.6 10.4
5 24 0.9 -2.2 -14.9 0 -0.5 -14.5 1.4 -0.2 -13.1 -2.1 -0.8 -16
5 24 -9 1.8 -16.9 -8.3 0.2 -16.1 -7.1 1.2 -16.6 -10 0.4 -16.5
5 24 -7.9 18.2 16.3 -7.9 16.4 17.1 -8.6 18.2 16 -6.8 16.6 17.1
5 24 -2.9 -9.2 6.2 -3.2 -8.9 5.2 -0.2 -10.3 4.4 -7.3 -8.5 7.2
5 24 8.2 15.2 16.5 8.3 14.1 17.7 7.1 14.3 16.9 10 13.7 16.5
5 24 -8 -6.2 11.6 -8.5 -6.7 11 -9.5 -4.8 11.7 -5.9 -7.5 9.8
5 24 4.9 -9.6 -5.2 5.4 -8.7 -6.8 3.1 -9.2 -6.6 6.8 -8 -6.1
5 24 18 21.3 3.9 16.3 22.1 2.8 17.6 21.3 2.6 16.5 22.5 4
5 24 -9.1923 4 9.1923 -4.9751 4 12.0107 -9.1923 17 9.1923 -5.4369 -3 10.3408
5 24 -3.2 -9.9 0.6 -0.1 -10.7 1.5 -0.2 -11 0.5 -3.1 -9.7 1.5
5 24 15.3 -3.8 0.8 15.1 -4.2 2.3 16.2 -1.7 1.3 14.4 -5.5 0.2
5 24 15.9 -1 -0.2 16.2 -1.7 1.3 15.3 -3.3 -0.9 16.8 0.6 1.6
5 24 -17.7 12 4.4 -17.2 9.3 7.2 -17.7 8.5 3.6 -17.5 11.8 7
5 24 8.3 -7.4 -0.9 10.4 -7 -1.5 8.3 -7.4 -1.8 10.1 -6.9 -0.1
5 24 4.1 0.8 -10.4 5.2 -0.7 -10.4 3.8 -0.2 -11.1 5.1 0.7 -9.3
5 24 4.4 -5.6 -10.6 4.9 -6.9 -10 6.4 -4.4 -9.3 3.3 -7.7 -10.5
5 24 -9.9 9.1 -10.2 -10 10.6 -8.4 -8.9 7.7 -9.6 -10.7 10 -9.7
5 24 10.3 23.1 12 12.3 22.8 13.4 11.2 22.4 13.7 11.4 23.6 11.4
5 24 8.3151 -4.5 3.4443 11.5134 -3.1 1.4925 9 -4.5 0 9.8077 -3.1 6.2897
5 24 -10.7 17.6 15.5 -12.5 17.1 13.6 -11.1 15.7 14.7 -12.6 20.3 14.1
5 24 3.1 5 18.6 2.8 5.9 19 2.1 4.7 18.5 3.8 5.2 18.4
5 24 0.5 -10.2 5.4 0.8 -9.8 6 2.2 -10.1 4.9 -2.2 -8.8 7.3
5 24 -14 -2.4 -2.7 -12.1 -4 -4 -12.4 -4.3 -3.5 -13.6 -1.8 -3.6
5 24 -11.9 -3.2 -8.4 -13.3 -1.9 -9.9 -12 -3.6 -10.1 -13 -1.8 -7.8
5 24 -13.4 -0.2 9.3 -13.8 1.5 11.2 -12.5 -0.7 10.6 -14.4 1.8 10
5 24 -0.2 23.9 14.4 -0.9 23.6 15.8 0.1 23.7 15.7 -1.3 23.6 14.3
5 24 -15.9 3.4 -4.5 -15.5 2.6 -4.1 -15.1 1.9 -5.1 -15.7 2.8 -3.6
5 24 3.2 13.6 18.6 2.3 13.3 19.5 3.9 10.5 18.5 1.8 15.1 19.3
5 24 12.6 16 14.2 12.2 14.4 15.9 12.6 14.5 14.1 11.8 16 16.1
5 24 14.4 -2 -4.1 14 -4.1 -2.8 14.7 -2.6 -1.7 13.7 -3.4 -4.8
5 24 16.2 -1.7 1.3 16.8 0.2 3.3 16 -2.1 2.9 16.8 0.6 1.6
5 24 12.0107 17 4.9751 12.9 15.8 -1.2 13.3 11.5 -1.3 12.8 18.8 2.8
5 24 19.4 10.7 3.1 18.6 11.7 3.9 18.6 11.7 2.6 19.3 10.6 3.8
5 24 12.1 6.9 16.2 12.7 6.8 15.8 12.5 7.7 15.6 12.3 5.4 16
5 24 -16 12.6 -6.3 -15.3 14.7 -7.7 -14.3 12 -8.4 -16.4 14.6 -5.3
5 24 -12 -3.6 -10.1 -11.9 -3.2 -8.4 -10.1 -4.3 -9.5 -13.3 -1.9 -9.9
5 24 5.5 -9.7 -3.7 5 -9.3 -4.2 7.3 -8.1 -4.6 3.4 -9.8 -3.7
5 24 -17.2 15.4 5.7 -17.4 14.8 4.8 -17.3 16.4 4.5 -17.7 12 4.4
5 24 13.8 21.2 3.6 15.2 22 2.6 13.7 20.6 2.7 15.4 22.4 3
5 24 6.3 -9.2 -2 7.4 -8.4 -3.6 7.6 -8 -2.3 5.8 -9.8 -2.9
5 24 -7.8 -4.9 -9.9 -9.8 -4 -11.5 -7 -3.6 -12.5 -10.1 -4.3 -9.5
5 24 6.6 23.6 14.4 7.5 23.2 13.8 7 22.6 16.1 6 23.4 12.8
5 24 9.4 5.7 15.6 10.3 3.6 16 11.1 5.4 16.2 8.9 3.9 15.4
5 24 -17.1 3.3 6 -17.1 5.3 6.5 -17.4 3.3 4.8 -16.8 4.1 7.6
5 24 -2 7.5 18 -2.2 5.9 18.4 -1.8 6.3 18.6 -3 6.8 17.3
5 24 -5.9 2.3 -16.3 -4.5 1.9 -15.6 -4.8 1 -16.5 -6.4 3.5 -15.3
5 24 12.3 9.5 14.1 11.2 10.3 15.4 11.5 8.8 14.9 12.2 10.5 14.7
5 24 6.3639 0 -6.3639 8.2 0.1 -5.6 7.4 0.2 -6.8 8.3151 0 -3.4443
5 24 -16.8 2 5.9 -16.6 2 7 -15.8 0.4 5.4 -17.1 3.3 6
5 24 -12 16.7 -7.1 -12.6 16.7 -7.9 -12.5 18.2 -7 -11.8 14.4 -8.7
5 24 -3.9 4.3 17.6 -3 6.8 17.3 -2.4 4 17.4 -4.3 6.9 18
5 24 -2 -6.1 -14.2 0.1 -6.5 -12.4 -0.2 -6.1 -13.2 -2.3 -5.9 -12.7
5 24 0.4 -5.6 -14.6 2.3 -5.1 -13 1.9 -5.9 -11.8 2.5 -4.2 -14
5 24 7.4 -7.2 8.6 8.2 -6.8 10.1 7.1 -7.1 9.7 9.2 -6.9 8.5
5 24 -13.1 8.5 13.2 -12.3 6.9 15.4 -12.1 8.7 14.7 -12.9 7.2 13.1
5 24 -13.4 -2.7 -4.9 -13.4 -2.2 -7.2 -14.5 -0.3 -4.1 -12.4 -4 -5.2
5 24 5.8 -9.8 -2.9 3.7 -10.4 -3 5.5 -9.7 -3.7 4 -10.7 -2
5 24 1 8.5 19.3 0.3 8.3 18.9 1 6.9 19 0.1 10.3 19.2
5 24 3.3 -2.8 17.7 2.1 -2.2 16.7 2.9 -3.7 16 2.9 -1.1 18.3
5 24 17.6 16.7 1.5 18 18.7 2.2 16.9 18.8 1.5 18.6 16.7 2.3
5 24 11.5 -2.4 13.5 10.5 -2 13.5 11.4 -0.3 13.9 10 -4.2 12.6
5 24 12.0107 17 4.9751 12.1 20 4.8 12.5 19.6 3.8 11.8 19.8 5.5
5 24 -9.1923 4 -9.1923 -8.5 4.9 -9.9 -8.9 7.7 -9.6 -8.4 -0.8 -8.8
5 24 4.9751 4 12.0107 9.1923 4 9.1923 4.9751 17 12.0107 5.2237 -3 10.4474
5 24 -8.3151 -4.5 -3.4443 -10.2342 -3.1 -5.6501 -6.3639 -4.5 -6.3639 -11.3002 -3.1 -2.985
5 24 -3.2 -9.9 0.6 -7.2 -8.5 -0.8 -3.1 -9.5 -0.8 -7.3 -8.8 0.8
5 24 -15.3 14.7 -7.7 -13.6 14.1 -8.8 -14.3 12 -8.4 -14.2 16.5 -7.6
5 24 1.9 -5.9 -11.8 0.4 -5.6 -14.6 -0.2 -6.1 -13.2 2.3 -5.1 -13
5 24 -17.4 5 4.2 -18.3 4.1 2.6 -17.7 5.9 3.1 -18.1 3.6 3.4
5 24 -14.4 16 11.4 -12.6 15.1 13.2 -13.1 16.5 12.6 -13.2 13.3 12.2
5 24 3.9 19.7 17.5 3.9 21.3 17 4.7 20.5 16.5 3 21.4 17.5
5 24 -8.9 19.5 15.7 -9.4 18.3 15.4 -8.6 18.2 16 -9.8 20.2 15.1
5 24 -11.1 6 16.1 -11.7 5.6 15.3 -10 4.5 15.9 -12.3 6.9 15.4
5 24 5 -9.3 -4.2 7.3 -8.1 -4.6 7.1 -7.8 -5.1 5.5 -9.7 -3.7
5 24 -11.3 22.6 9.2 -12.1 22.5 8.2 -10.5 20.9 7.9 -12.8 23.1 11
5 24 -17.3 0.9 0.6 -16.7 0.5 2.5 -18.1 2.5 1.3 -15.6 -1 0
5 24 11.9 1.7 14.5 11.8 3.5 15.6 10.7 1.8 15.1 12.9 3.4 14.7
5 24 4 -4.4 -11.1 4.4 -5.6 -10.6 6.1 -3 -9.7 1.9 -5.9 -11.8
5 24 13.6 23.2 8.5 12.1 22.1 7.1 11.6 22.1 8.3 14.5 22.5 6.9
5 24 10.3 3.6 16 11.8 3.5 15.6 10.7 1.8 15.1 11.1 5.4 16.2
5 24 15.8 -3 5.8 15.4 -2.2 4.2 16.2 -1.4 6.6 14.6 -4.7 4.7
5 24 -9 22.5 15.4 -9.1 21.1 15.8 -9.8 22.2 14.3 -7.9 22.5 16
5 24 10.5 -2 13.5 8.9 -3.1 15.6 10 -4.2 12.6 8.8 -1.2 16.6
5 24 6.5 -8.4 1.5 6.7 -8.7 2.5 4.5 -9.4 3.3 8.1 -7.1 1.4
5 24 -14 -2.4 -2.7 -12.9 -5.2 -1.5 -12.4 -4.3 -3.5 -14.4 -3.1 -0.8
5 24 2 -10.6 0.9 4.6 -10.3 0.9 2.2 -11 1.8 4.2 -9.9 0.1
5 24 10 22.6 14.9 11.2 22.4 13.7 9.3 23.8 13 11 21 14.8
5 24 12.5 6.2 -4 12.6 0.5 -3.6 11.6 6.9 -6 13 4 0
5 24 3.4443 0 -8.3151 3.7722 0.4 -9.7576 2.4 0.3 -9.7 5.2 0.4 -8.6
5 24 2.8 22.9 17.1 3.5 23.7 15.3 4.7 22.3 15.9 2.4 23.9 15.5
5 24 -6.1 3.5 -11.4 -7.7 4.7 -14.3 -5.5 3.7 -14.3 -7.7 4.9 -10.5
5 24 0.2 -8.4 10.4 0.7 -7.8 11.2 -3.4 -6.6 13 3 -9 9.5
5 24 14.8 -3.5 8.1 13 -3.8 8.7 13.6 -4.9 6.9 14 -1.6 10.2
5 24 9.5 21.4 9.1 10.2 22.5 9.8 10.9 22.5 8.9 9.6 22.4 10.6
5 24 -16.8 4.1 7.6 -15.2 5.9 9.3 -15.1 4.9 9.2 -15.8 7.3 9.1
5 24 -12.1 22.5 8.2 -10.5 20.9 7.9 -11.1 20.6 7 -11.3 22.6 9.2
5 24 6.1 -3 -9.7 7.1 -2.8 -9.1 6.4 -4.4 -9.3 6.7 -1.6 -9.2
5 24 16.5 22.5 4 15.4 22.4 3 16.3 22.1 2.8 15.3 22.3 3.8
5 24 -14.5 9.7 -8.4 -14.7 8.8 -9.2 -13.9 9.7 -9.5 -14.9 7.5 -8.1
5 24 -14.6 6.6 11.4 -15 6.6 10.2 -14.5 5 10.3 -15.5 9.2 11.7
5 24 12 5 -7.2 11.5 3.2 -8.4 13.1 4.8 -7.1 10.7 4 -7.6
5 24 6.4 -5 14.6 6.9 -2.8 15.8 7.1 -4.7 14.2 6.1 -3.6 16.8
5 24 3.1 1.1 18.5 2 -0.6 17.3 2 1.7 18 2.9 -1.1 18.3
5 24 -9.8 20.2 15.1 -11.2 20.3 15.1 -9.8 22.2 14.3 -9.4 18.3 15.4
5 24 14.5 1 11 15.7 0.5 9.2 14.3 0.3 10.8 16.1 3.4 9.8
5 24 -10.7 -7.3 5.3 -9.8 -7.8 2.4 -7.4 -8.7 4.8 -11.9 -6.2 3
5 24 -14 21.7 10.6 -14.5 21.6 9.2 -13.7 22.7 10 -14.5 20.2 10.6
5 24 0 -3.1 11.7266 0 -4.5 9 -3.4443 -4.5 8.3151 3.4443 -4.5 8.3151
5 24 -1.2 -6.1 15.2 -3 -4 16.2 -2 -3.5 16.5 -1.9 -6.3 14.4
5 24 -2.4 16.5 17.5 -2.7 15.1 18.3 -1.6 16.3 18 -3.4 14.9 17.6
5 24 -7.7 23.6 12.4 -7.2 22.7 11 -8.5 23.1 11.7 -5.8 22.6 11.8
5 24 -13 20.1 -1.4 -13.9 20.8 -1.3 -13.1 19.9 0.2 -12.4 19.6 -4.5
5 24 -1.3 3.5 18.5 -2.4 4 17.4 -1.9 5 18.3 -2.2 1.8 17
5 24 10.7 -6.5 2.1 8 -7.1 2.7 10.2 -6.3 4.1 8.1 -7.1 1.4
5 24 5.2237 -3 10.4474 4.9751 4 12.0107 0 -3.1 11.7266 9.1923 4 9.1923
5 24 -10.9 -1.6 -11.9 -12 0.4 -12.2 -10 -0.4 -12.4 -12.8 -0.5 -11.5
5 24 2.4 23.9 15.5 1 23.3 15.4 1.9 23.8 14.1 1.1 22.4 16.1
5 24 3.7 16.1 18.4 2.4 16.7 17.8 2.8 15.8 18.2 3.6 17.4 17.8
5 24 7 15.7 17.1 6.2 15.1 17.4 5.8 16.9 17.6 6.7 14.5 17.1
5 24 3.4443 0 -8.3151 6.3639 0 -6.3639 5.6568 0 -5.6568 7.4 0.2 -6.8
5 24 9.8 -3.8 -8.3 9.9 -4.4 -7 7.8 -4.5 -7.9 12.6 -2.4 -8.2
5 24 -5.5 3.7 -14.3 -6.1 3.5 -11.4 -4.6 2.5 -12 -7.7 4.7 -14.3
5 24 16.8 15.3 9.3 15.9 13.2 10.3 16.5 13.3 9 16.3 15.3 10.9
5 24 16.4 7.6 -3.1 16.4 8.4 -4.6 16.7 9.7 -2.2 15.5 5.1 -3.9
5 24 12.7 12.4 -2.8 14.3 14.5 -3.1 13.9 12.5 -3.7 12.8 14.4 -2.3
5 24 11.8 16 16.1 10.2 15.7 16.7 12.2 14.4 15.9 10.3 17.2 16.2
5 24 -7.7 -3.2 14 -6.9 -2.3 15.3 -8.6 -0.6 15.9 -4.9 -3.9 14.6
5 24 -11.3 23.2 12.1 -12.2 22.3 12.5 -11.6 23.1 11.6 -11.9 22.6 13.2
5 24 3 -6.9 13.5 0.9 -4.7 16.1 3.5 -6.6 13.8 0.3 -4.8 15.6
5 24 -14.4 3.4 11.6 -12.6 2.1 12.3 -13 4.9 12.4 -13.8 1.5 11.2
5 24 -17.2 20.4 3.3 -17.3 20.2 1.7 -18.1 18.4 3.1 -16.4 21.1 1.5
5 24 10.5 -6.4 9.7 8.2 -6.8 10.1 9.2 -6.9 8.5 9.6 -5.9 11
5 24 -7.9 8.1 16.1 -7.4 9.3 17.9 -8.2 10.4 16.6 -6.8 6.4 17.3
5 24 14.8 13.2 11.3 16.3 15.3 10.9 15.9 13.2 10.3 14.8 15.3 11.5
5 24 14.4 16.8 13.1 12.5 17.1 14.2 12.6 16 14.2 14 18.5 13.2
5 24 -0.2 -10.3 4.4 -3.2 -9.7 4.3 -0.2 -10.8 3.9 -3.2 -8.9 5.2
5 24 4.8 8.6 18.2 6.1 8.9 17.8 4.4 7.8 18.1 4.7 10.6 18.6
5 24 16.1 3.4 9.8 15.5 4.1 12.9 14.5 1 11 16.4 5.4 10.3
5 24 -17.4 14.2 -4.2 -18 12.4 -2.8 -17.6 14.5 -1.1 -17.6 12.6 -4.9
5 24 -5 3.7 17.6 -5.6 6.6 18 -6.8 6.4 17.3 -3.9 4.3 17.6
5 24 -7 -3.6 -12.5 -9 -2.2 -12.3 -9.8 -4 -11.5 -7.3 -2.7 -12.5
5 24 -15.6 20.2 8.7 -16.1 20.3 5.6 -16.2 18.5 7.6 -15.1 21.6 8.7
5 24 6.8 19.7 17.5 5 18.7 17.1 7.2 17.3 17.6 4.7 20.5 16.5
5 24 0.2 6.3 18.4 -1.4 6.3 18.9 -0.9 7.4 18.5 -0.4 5 18.8
5 24 1.3 13.1 19.9 0.3 12 19.7 0.7 10.5 19.5 0.4 14.9 19.3
5 24 7.3 7.9 17.9 6.4 8 17.4 6 6.1 17 6.9 9.8 17.7
5 24 -7.2 -1.7 -15.6 -6.1 -0.4 -16.5 -5.1 -2.5 -17 -8.3 0.2 -16.1
5 24 4.2 -9.9 0.1 4.1 -10.4 -0.8 6.1 -8.9 -1.1 2 -10.6 0.9
5 24 3.3 -7.7 -10.5 5.3 -8.1 -8.1 4.9 -6.9 -10 3.3 -8.7 -8.4
5 24 -16.6 3.9 -3.1 -15.8 2.4 -3.1 -16.9 3.3 -2.3 -15.7 2.8 -3.6
5 24 2.9 3.5 19.3 1.4 3.9 18.3 2.1 4.7 18.5 2.8 2.6 19
5 24 5.6 -5.4 14.6 5.2 -4 16.9 6 -5.2 14.7 4 -3.9 16.8
5 24 -17 16.9 6.4 -16.5 16.1 7.6 -16.2 18.5 7.6 -17.2 15.4 5.7
5 24 16.3 15.3 10.9 14.8 15.3 11.5 14.8 13.2 11.3 16.2 17.6 10.4
5 24 4.7 20.5 16.5 6.8 19.7 17.5 5 18.7 17.1 6.5 21.3 17
5 24 8 -7.1 2.7 6.7 -8.7 2.5 8.1 -7.1 1.4 6 -9.1 5.6
5 24 -13 2.6 -15.3 -11.1 2.2 -16.8 -11 4.1 -16 -12 0.4 -15.4
5 24 -11.5 16.8 -6.3 -12.4 19.6 -4.5 -11.7 19.1 -5.9 -12.0107 17 -4.9751
5 24 12.0107 4 4.9751 11.5134 -3.1 1.4925 9.8077 -3.1 6.2897 13 4 0
5 24 -9.1923 17 9.1923 -9.9 21 8.6 -9.5 21.5 9.1 -10.5 20.9 7.9
5 24 17.5 18 7.8 16.4 17.7 8.8 17.8 15.6 8.2 16.5 20.2 7.9
5 24 -16.4 21.1 1.5 -17.2 20.4 3.3 -16.3 21.4 3.3 -17.3 20.2 1.7
5 24 6.7 23 12.5 6 23.4 12.8 7.5 23.2 13.8 5.6 22.7 11.8
5 24 -16.8 16.5 -3.4 -17.3 18.3 0.4 -17.4 16.2 0.1 -16.7 19.9 -1.7
5 24 -4.9751 4 12.0107 -4.9751 17 12.0107 -9.1923 4 9.1923 0 17 13
5 24 2.3 13.3 19.5 2 9.7 19.6 1.3 13.1 19.9 3.2 10 19.4
5 24 -5.1 -5.8 -10.1 -5.3 -5.5 -8.6 -7.8 -4.9 -9.9 -3.1 -6.4 -8.3
5 24 -2.2 1.4 -11.6 -3.7 2.1 -14.8 -1.9 0.1 -15 -4.6 2.5 -12
5 24 -1.3 -7.2 -8 -1.2 -7.7 -9.5 0.9 -8 -7.8 -3.1 -6.4 -8.3
5 24 -17 2.1 4.8 -17.1 3.3 6 -16.8 2 5.9 -17.4 3.3 4.8
5 24 -18.1 18.4 3.1 -17.9 16.3 3.1 -17.6 17.8 4.3 -18 18.4 1.6
5 24 -7.7 23.6 12.4 -6.3 23.5 13.1 -5.8 22.6 11.8 -8.5 23.4 14.2
5 24 -8.3 2.7 16.5 -6 1.2 16.3 -7.3 0 16.3 -7 3.1 16.3
5 24 0.1 23.7 15.7 1 23.3 15.4 1.1 22.4 16.1 -0.2 23.9 14.4
5 24 -8.9 19.5 15.7 -7.7 19.6 16.2 -8 21.1 16.3 -8.6 18.2 16
5 24 14.8 -3.5 8.1 16.2 -1.4 6.6 15.5 -1.7 8.7 15.8 -3 5.8
5 24 13.1 5.5 15.3 12.3 5.4 16 11.8 3.5 15.6 12.7 6.8 15.8
5 24 -16.6 5.6 -3.7 -17.6 5.2 -2.5 -16.9 7.3 -3.3 -16.6 3.9 -3.1
5 24 -17.1 5.3 6.5 -17.4 3.3 4.8 -17.4 5 4.2 -17.1 3.3 6
5 24 8.6 -4.8 14 10 -4.2 12.6 8 -6.1 12.6 8.9 -3.1 15.6
5 24 15.3 21.8 10.8 14.1 20.9 11.5 14.2 20 11.6 13.9 22 11.5
5 24 -18.5 12.3 -0.9 -19.1 12.2 1 -18 14.6 0.9 -18.4 8.9 0.5
5 24 -4.9 -3.9 14.6 -3.4 -6.6 13 -6.7 -5.2 14.1 -2.5 -5.9 13.4
5 24 2.2 -11 1.8 2 -10.6 0.9 -0.1 -10.7 1.5 4.6 -10.3 0.9
5 24 -1.5 13 19.4 -0.3 15.3 18.3 -0.3 11.8 19.2 -1.3 15.1 18.6
5 24 -10.9 0.5 13.1 -12.6 2.1 12.3 -12 0.6 12 -11.5 2.5 13.5
5 24 -3 -1.5 17.6 -2 0.7 17.1 -3.6 0.2 18.1 -1.7 -1 17
5 24 -14.6 0.9 -6.3 -15.6 2.4 -6.1 -15.1 1.2 -7.7 -15.1 1.9 -5.1
5 24 -2.4 23.2 14.2 -2.9 22.7 12.8 -3.3 23.6 14 -2.2 22.4 13
5 24 7.6 15.5 16.7 7 14.5 16.9 7 15.7 17.1 7.1 14.3 16.9
5 24 -13.9 4.3 -13.2 -14 3.2 -11.6 -13.2 1.1 -13.3 -14.5 5.3 -10.7
5 24 -5.6 -2 15.7 -4.9 -1.9 16.8 -5.1 -0.1 17.6 -4 -4.3 15.5
5 24 0.7 -9.8 -3 -2.8 -8.4 -4 -2.9 -8.3 -2.8 0.9 -9.8 -4.2
5 24 12.2 23.6 10.4 13.1 22.9 12 11.4 23.6 11.4 13.5 22.8 10.9
5 24 16.1 12.8 -2.1 16.8 11.4 -1.4 16.8 12.7 -1.1 16.3 11.3 -2
5 24 14.4 -5.5 0.2 14.4 -4.9 -1.4 15.3 -3.8 0.8 12.6 -6.5 -0.5
5 24 -14.9 15.9 10.5 -14.9 18 10.4 -14.4 16 11.4 -15.1 17.4 9.6
5 24 -11.6 11.7 15.3 -12.5 10.2 14.7 -12.9 12 14.8 -10.9 9.1 15.5
5 24 -15.3 14.7 -7.7 -16.4 14.6 -5.3 -15.5 16.6 -6.6 -16 12.6 -6.3
5 24 11.2 22.4 13.7 9.3 23.8 13 10.3 23.1 12 10 22.6 14.9
5 24 -5.1 -0.1 17.6 -3.9 -1.8 17.4 -4.4 0 18 -4.9 -1.9 16.8
5 24 -16 15.9 -4.9 -16.8 16.5 -3.4 -17.4 14.2 -4.2 -15.2 19.5 -3.3
5 24 -3.4 7.8 17.7 -2 7.5 18 -2.3 8.3 18.4 -3 6.8 17.3
5 24 18.7 12.9 4.4 18.2 14.1 5.6 17.9 12.5 5.3 18.9 14.3 4.8
5 24 -14.9 3.6 10.3 -14.4 3.4 11.6 -14.4 1.8 10 -14.5 5 10.3
5 24 16.3 8.2 10.7 17.6 5.6 8.3 17.9 8.4 8.6 16.4 5.4 10.3
5 24 -9.8 22.2 14.3 -10.7 22.7 14.1 -9.5 23 13.3 -11.2 20.3 15.1
5 24 6.8 -8 -6.1 8.2 -6.6 -5.3 8.2 -6 -6.2 7.1 -7.8 -5.1
5 24 6.3 -0.3 -9.3 5.5 0.7 -9 5.6 -0.8 -10 5.9 0.6 -8.6
5 24 6.4 -6.9 12 5.9 -7.3 11.6 4.4 -6.1 14.2 6.8 -7.1 10.5
5 24 -2.2 -8.8 7.3 -1.6 -8.2 7.8 0.8 -9.8 6 -5.2 -6.9 10.3
5 24 -14.5 20.2 10.6 -14 21.7 10.6 -14.1 20.4 11.9 -14.5 21.6 9.2
5 24 -8.8 6.7 -11 -9.9 9.1 -10.2 -9.6 7.5 -11.6 -8.9 7.7 -9.6
5 24 10.1 19.3 15.3 11.3 19.7 14.7 11 21 14.8 11.7 18.6 14.9
5 24 9.2 9.5 18.1 8.9 11.3 18 7.9 11 18 10.5 9.8 17.5
5 24 -5.9 22.8 14.8 -6.3 23.5 13.1 -7.4 23.3 14.8 -5.4 22.9 13.4
5 24 9.2 -5.7 11.4 10.8 -4.6 12.4 10 -4.2 12.6 9.6 -5.9 11
5 24 15.4 -2.2 4.2 14.6 -4.7 4.7 14.4 -4 3.4 15.8 -3 5.8
5 24 2.7 22.9 12.9 4.9751 17 12.0107 3.7 22.3 12.6 0 17 13
5 24 3.9 19.7 17.5 4.7 20.5 16.5 3.9 21.3 17 5 18.7 17.1
5 24 -1.5 13 19.4 -2.8 9.8 19.2 -1.1 9.9 19.5 -3.2 12.8 19.2
5 24 -15.9 7.1 -6.3 -16.6 5.6 -3.7 -16.1 3.8 -3.7 -16.9 7.3 -3.3
5 24 0.3 8.3 18.9 1 6.9 19 0.2 6.3 18.4 1 8.5 19.3
5 24 2.3 -5.1 -13 4 -4.4 -11.1 4.1 -3.8 -11.7 1.9 -5.9 -11.8
5 24 -4.9 -1.9 16.8 -3.9 -1.8 17.4 -5.1 -0.1 17.6 -3 -4 16.2
5 24 1.5 -8.2 12.2 -1.2 -6.1 15.2 -1.9 -6.3 14.4 2.1 -8.2 12.8
5 24 7.1 14.3 16.9 7.6 15.5 16.7 7 14.5 16.9 8.2 15.2 16.5
5 24 12.6 -6.5 -0.5 14.4 -5.5 0.2 13.8 -5.5 1.8 14.4 -4.9 -1.4
5 24 12.3 9.5 14.1 13.5 9 13.7 12.9 8.2 15.1 13 9.9 13.6
5 24 -12.9 -5.2 -1.5 -13.6 -4.1 0.9 -14.4 -3.1 -0.8 -12.8 -5.6 0.8
5 24 -5.3 23.3 15.4 -4.1 22.6 16.7 -3.9 23.5 15.7 -5.5 22.5 16.5
5 24 -17.1 1.4 -1.5 -15.8 2.4 -3.1 -16.9 3.3 -2.3 -15.3 1.1 -3
5 24 -14 3.2 -11.6 -14 3.2 -10.5 -14.5 5.3 -10.7 -13.2 1.4 -11.4
5 24 9.9 -4.4 -7 12.4 -4.8 -5.5 12.5 -3 -5.9 10.3 -5.2 -6.3
5 24 12 5 -7.2 11 5 -7 11.6 6.9 -6 10.7 4 -7.6
5 24 17.6 5.6 8.3 16.4 5.4 10.3 16.1 3.4 9.8 16.3 8.2 10.7
5 24 1.1 15.5 19.2 1.3 13.1 19.9 1.8 15.1 19.3 0.4 14.9 19.3
5 24 13.6 9.4 -5.4 15.3 9.1 -5.9 14.1 6.6 -6.9 15.4 12 -4.1
5 24 6.8 -9 0.5 8.2 -7.3 0.1 6.5 -8.4 1.5 8.3 -7.4 -0.9
5 24 11.6 22.1 8.3 10.9 22.5 8.9 12.7 23.3 9.5 10.2 21.2 8.2
5 24 10 22.6 14.9 8.6 21 15.3 8 22.3 15.1 9.7 21.1 15.1
5 24 0.9 -2.2 -14.9 -2.1 -0.8 -16 0 -0.5 -14.5 -1.1 -3.6 -16.6
5 24 9.4 5.7 15.6 8.4 5.4 16.5 8.9 3.9 15.4 10.5 7.8 16.8
5 24 19.1 7.1 3.7 18 5 5 18.2 7.4 5.1 18.6 4.7 4.2
5 24 17.8 11 1 19.5 9.5 2.2 18.6 11.7 2.6 18 9 0.4
5 24 7.4 -8.4 -3.6 8.3 -7.4 -2.7 7.6 -8 -2.3 8.4 -7.1 -3.9
5 24 5.6 -0.8 -10 4 -3.1 -12.2 4.1 -3.8 -11.7 5.2 -0.7 -10.4
5 24 2.9 -3.7 16 4.4 -6.1 14.2 2.2 -4.2 16.3 4.9 -5.5 14
5 24 2.2 -10.1 4.9 1.9 -10.3 6.2 0.8 -9.8 6 4.7 -9.9 3.9
5 24 18.2 7.4 5.1 19.1 7.1 3.7 19.3 8.7 3.9 18 5 5
5 24 5.8 -9.8 -2.9 6.3 -9.2 -2 7.4 -8.4 -3.6 4.1 -10.4 -0.8
5 24 10.1 19.3 15.3 10.3 17.2 16.2 8.8 17.2 16.4 11.7 18.6 14.9
5 24 15.3 -3.8 0.8 15.3 -3.3 -0.9 16.2 -1.7 1.3 14.4 -4.9 -1.4
5 24 15.4 -0.4 -1.1 15.9 -1 -0.2 14.7 -2.6 -1.7 16.8 1 -0.1
5 24 15.5 13.8 -3.4 16.1 12.8 -2.1 15.4 12 -4.1 16.3 14.8 -1.7
5 24 -12.9 19.9 2.7 -12.0107 17 4.9751 -12.5 19.9 4 -13 17 0
5 24 7.8 -7.1 5.1 9.3 -6.7 6.1 8 -7.1 2.7 7.7 -7.2 6.4
5 24 -17.3 16.4 4.5 -17.2 15.4 5.7 -17 16.9 6.4 -17.4 14.8 4.8
5 24 -14.4 3.4 11.6 -13 4.9 12.4 -12.6 2.1 12.3 -13.9 5 11.5
5 24 8.2 -6.8 10.1 6.8 -6.3 12.4 7.1 -7.1 9.7 8 -6.1 12.6
5 24 -9.4 -7.6 9.8 -10 -7.8 8 -7.3 -8.5 7.2 -11.1 -6.7 8.9
5 24 -9.5 9 15.7 -8.7 10.8 16.5 -7.9 8.1 16.1 -10.5 12.2 15.4
5 24 -17.1 3.3 6 -16.8 4.1 7.6 -17.1 5.3 6.5 -16.6 2 7
5 24 3.1 -8.5 -7.7 3.1 -9.2 -6.6 5.4 -8.7 -6.8 0.9 -8.9 -6.7
5 24 -1.5 -5.3 -15.9 -1.1 -3.6 -16.6 -3.5 -4.3 -16.8 0.7 -4.3 -15.5
5 24 -17.1 5.3 6.5 -16.4 7.3 8 -17.1 6.1 5.2 -16.8 4.1 7.6
5 24 -2 0.7 17.1 -1.3 1.1 18.4 -2.2 1.8 17 -0.9 -1 17.8
5 24 -4.1 22.6 16.7 -3 21.1 16.6 -4.2 21 17.3 -3 22.4 16.1
5 24 6.2 3.5 17.1 6.6 5.5 17 6 6.1 17 6.9 4.1 16.6
5 24 12.2 -5.7 5.8 13.1 -5.7 3.7 14.6 -4.7 4.7 10.2 -6.3 4.1
5 24 -7.3 0 16.3 -8.6 -0.6 15.9 -9.5 2.1 16.1 -6.9 -2.3 15.3
5 24 5.6 -0.8 -10 6.3 -0.3 -9.3 5.5 0.7 -9 5.7 -1.7 -9.8
5 24 -15.2 3.8 9.2 -14.5 5 10.3 -15.1 4.9 9.2 -14.9 3.6 10.3
5 24 -12.6 16.7 -7.9 -13.6 14.1 -8.8 -14.2 16.5 -7.6 -11.8 14.4 -8.7
5 24 -12.8 -0.5 -11.5 -10.9 -1.6 -11.9 -12 0.4 -12.2 -12 -3.6 -10.1
5 24 -6.2 12.8 18.6 -5.5 13.9 17.5 -7.1 13.4 17.3 -5.1 12.8 18.8
5 24 -11.1 -7.2 -1.2 -10.7 -6.5 -3 -7.1 -8 -2.3 -12.9 -5.2 -1.5
5 24 -7.4 -7.9 5.9 -10 -7.8 8 -10.4 -6.4 6.5 -7.3 -8.5 7.2
5 24 0.7 -10.9 -1 -3.1 -9.5 -0.8 0.6 -10.5 -2.1 -0.2 -11 0.5
5 24 -8.5 4.9 -9.9 -8.9 7.7 -9.6 -9.1923 4 -9.1923 -8.4 6.4 -10.1
5 24 -7.9 22 10.5 -9.1923 17 9.1923 -8.5 22 10 -4.9751 17 12.0107
5 24 12.6 -5.6 -3.8 10.5 -6.3 -3.6 10.6 -6.3 -4.5 12.6 -5.5 -2.9
5 24 0.7 10.5 19.5 0.1 10.3 19.2 1 8.5 19.3 -0.3 11.8 19.2
5 24 -13.8 21 2.9 -15.1 21.9 4.5 -13.6 21.6 4.7 -15.3 21.6 3.2
5 24 -13.8 21 2.9 -15.3 21.6 3.2 -15.5 21.4 1.8 -15.1 21.9 4.5
5 24 -0.9 7.4 18.5 -1.4 6.3 18.9 -2 7.5 18 0.2 6.3 18.4
5 24 -3.6 17.9 17.3 -4.9 17.2 17.2 -2.4 16.5 17.5 -4.2 21 17.3
5 24 0.9 23.5 14.2 -0.2 23.9 14.4 1 23.3 15.4 -0.2 22.9 13.2
5 24 2.8 -1.5 -12.9 0.9 -2.2 -14.9 1.4 -0.2 -13.1 2.5 -4.2 -14
5 24 -1.2 -6.1 15.2 -1.9 -6.3 14.4 1.5 -8.2 12.2 -3 -4 16.2
5 24 -3 -4 16.2 -4 -4.3 15.5 -4.9 -1.9 16.8 -1.9 -6.3 14.4
5 24 3.1 1.1 18.5 2 1.7 18 2 -0.6 17.3 2.8 2.6 19
5 24 -6.2 9.4 19 -5.6 6.6 18 -7.4 9.3 17.9 -4.3 6.9 18
5 24 8.3 14.1 17.7 8.3 12.8 17.9 7.8 13.7 17.8 9 13.3 17.6
5 24 -1.3 15.1 18.6 -1.6 16.3 18 -2.7 15.1 18.3 -0.7 16.2 18.1
5 24 -0.1 22.7 16.6 -0.2 20.5 17.4 -1.3 22.8 16.8 1.2 20.7 16.5
5 24 -15 9.9 -6.9 -16.2 8 -6 -16.7 10.1 -5.6 -15.2 8.3 -6.9
5 24 1.9 -11.1 0 2 -10.6 0.9 4.1 -10.4 -0.8 -0.2 -11 0.5
5 24 -4.3 -5.1 -15.4 -2.3 -5.9 -12.7 -2 -6.1 -14.2 -4.2 -4.6 -13
5 24 0.1 -6.5 -12.4 -0.2 -6.1 -13.2 1.9 -5.9 -11.8 -2 -6.1 -14.2
5 24 -1.4 6.3 18.9 -2 7.5 18 -1.8 6.3 18.6 -0.9 7.4 18.5
5 24 -9.2 23.2 11.2 -8.5 23.1 11.7 -10.1 23.3 13 -7.9 22 10.5
5 24 -3.8 9.7 18.4 -2.3 8.3 18.4 -2.8 9.8 19.2 -3.4 7.8 17.7
5 24 8.1 -7.1 1.4 6.5 -8.4 1.5 6.7 -8.7 2.5 8.2 -7.3 0.1
5 24 -15.1 21.6 8.7 -15.3 21.9 5.6 -14.4 22.8 7.9 -16.1 20.3 5.6
5 24 -12.6 20.3 14.1 -10.7 17.6 15.5 -12.5 17.1 13.6 -11.2 20.3 15.1
5 24 -14.3 12 -8.4 -12.7 12.4 -9.2 -13.6 14.1 -8.8 -13.8 10.7 -8.7
5 24 11.2 22.4 13.7 11 21 14.8 10 22.6 14.9 11.7 21 14
5 24 12.6 -0.3 13.3 13.5 -0.1 12.5 12.9 -2.5 12.8 12.9 1.7 13.7
5 24 14.9 17.3 -1 12.9 15.8 -1.2 14.8 15.7 -1.7 13 17.3 -0.8
5 24 16.8 0.6 1.6 16.8 1 -0.1 18 3.7 0.6 15.9 -1 -0.2
5 24 -11 4.1 -16 -13 2.6 -15.3 -11.1 2.2 -16.8 -12.5 5.1 -14.3
5 24 18.2 3.3 2.3 17.6 2.3 3.7 16.8 0.6 1.6 18.6 4.7 4.2
5 24 19.2 6.6 0.8 19.5 7.5 2.5 19.4 8.1 1.2 19.1 5.9 2.6
5 24 2.1 -2.2 16.7 2.9 -1.1 18.3 3.3 -2.8 17.7 2 -0.6 17.3
5 24 -17.4 16.2 0.1 -18 14.6 0.9 -17.8 16.3 1.4 -17.6 14.5 -1.1
5 24 15.4 22.4 3 15.3 22.3 3.8 13.8 21.2 3.6 16.5 22.5 4
5 24 15.4 22.4 3 13.8 21.2 3.6 15.3 22.3 3.8 15.2 22 2.6
5 24 -13.2 1.1 -13.3 -13.9 4.3 -13.2 -13 2.6 -15.3 -14 3.2 -11.6
5 24 -3.2 -8.9 5.2 -7.4 -8.7 4.8 -3.2 -9.7 4.3 -7.4 -7.9 5.9
5 24 4.6 6.3 17.6 3.8 5.2 18.4 4.6 5.2 17.6 4 6.3 18.5
5 24 9.1 7.7 17.9 9.2 9.5 18.1 7.9 9.5 18 10.5 9.8 17.5
5 24 -9.8 -7.8 2.4 -7.4 -8.7 4.8 -7.3 -8.9 2.6 -10.7 -7.3 5.3
5 24 -17.8 5.7 -0.3 -18.4 4.2 0.3 -18 6 1.6 -17.5 4.7 -1.4
5 24 -7.6 6.2 16.1 -6.8 6.4 17.3 -7.9 8.1 16.1 -6.4 3.3 16.9
5 24 6.2 -8.3 9.1 7.6 -7.2 7.6 7.4 -7.2 8.6 6.1 -8.4 8.1
5 24 -13.1 8.5 13.2 -12.5 10.2 14.7 -13.5 10.2 13.1 -12.1 8.7 14.7
5 24 -12.9 19.9 2.7 -14.3 20.7 1 -13 19.4 1.1 -13.8 21 2.9
5 24 6.9 4.1 16.6 8.2 0.8 17.1 7.6 4.2 16.3 6.2 3.5 17.1
5 24 -14.6 6.6 11.4 -13.7 6.6 12.3 -14.4 9.2 12.5 -13.9 5 11.5
5 24 1.3 13.1 19.9 1.8 15.1 19.3 2.3 13.3 19.5 1.1 15.5 19.2
5 24 16.3 22.2 4.8 16.2 22.2 6 15.1 22.3 4.8 17.6 21.1 5.1
5 24 3.7722 0.4 -9.7576 5.2 0.4 -8.6 5.1 0.7 -9.3 3.4443 0 -8.3151
5 24 15.1 22.3 4.8 16.2 22.2 6 16.3 22.2 4.8 14.8 22.3 5.9
5 24 18 3.7 0.6 19.1 5.9 2.6 18.2 3.3 2.3 19.2 6.6 0.8
5 24 8.1 -0.1 -9.5 6.7 -1.6 -9.2 9 -1.9 -9.8 6.3 -0.3 -9.3
5 24 -13.4 -2.7 -4.9 -13.6 -1.8 -3.6 -14.5 -0.3 -4.1 -12.1 -4 -4
5 24 4.9751 17 12.0107 4.9751 4 12.0107 0 4 13 9.1923 17 9.1923
5 24 1.4 -0.2 -13.1 2.8 -1.5 -12.9 2.3 0.4 -11.7 0.9 -2.2 -14.9
5 24 11.087 -3.3 -3.0916 9 -4.5 0 8.3151 -4.5 -3.4443 11.5134 -3.1 1.4925
5 24 -16.1 20.3 5.6 -17.2 19.9 4.8 -15.8 21.7 5 -16.8 18.1 5.2
5 24 -4.6 23.4 13.7 -3.3 23.6 14 -2.9 22.7 12.8 -5.3 23.3 15.4
5 24 6.3 -9.2 -2 6.1 -8.9 -1.1 7.6 -8 -2.3 4.1 -10.4 -0.8
5 24 3.7 -10.4 -3 0.7 -9.8 -3 3.4 -9.8 -3.7 0.6 -10.5 -2.1
5 24 11.5 8.8 14.9 12.9 8.2 15.1 12.5 7.7 15.6 12.3 9.5 14.1
5 24 16.5 22.5 4 16.3 22.2 4.8 15.3 22.3 3.8 17.6 21.1 5.1
5 24 7.5 23.2 13.8 8.3 23.5 13.6 8 22.3 15.1 7.5 23.1 12.1
5 24 16.3 22.2 4.8 15.1 22.3 4.8 15.3 22.3 3.8 16.2 22.2 6
5 24 -13.2 1.4 -11.4 -13.9 0.8 -10.5 -12.8 -0.5 -11.5 -14 3.2 -10.5
5 24 -6.2 -3.8 -15.8 -4.2 -4.6 -13 -6.8 -2.3 -12.8 -4.3 -5.1 -15.4
5 24 -4.5 1.9 -15.6 -5.5 3.7 -14.3 -5.9 2.3 -16.3 -3.7 2.1 -14.8
5 24 -5.4369 -3 10.3408 -6.3639 -4.5 6.3639 -9.7011 -3.1 6.3963 -3.4443 -4.5 8.3151
5 24 -1.1 -3.6 -16.6 0.9 -2.2 -14.9 0.7 -4.3 -15.5 -2.4 -2.6 -16.9
5 24 10.8 11.9 16.1 12.2 14.4 15.9 12.4 12.6 15.4 10 13.7 16.5
5 24 9.3 2.1 -8.4 8.9 0.9 -7.1 9.7 0.5 -6.1 7.6 1.1 -8.6
5 24 9.7 0.5 -6.1 8.9 0.9 -7.1 8.2 0.1 -5.6 9.3 2.1 -8.4
5 24 14.5 3.9 -5.9 12.7 2.2 -8.7 14.2 0.6 -7.2 13.1 4.8 -7.1
5 24 -14 3.2 -11.6 -13.2 1.4 -11.4 -13.2 1.1 -13.3 -14 3.2 -10.5
5 24 15.4 -0.4 -1.1 16.8 1 -0.1 15.9 -1 -0.2 16.2 1.6 -1
5 24 -8 21.1 16.3 -6.6 20.4 16 -7.7 19.6 16.2 -6.2 22.2 15.6
5 24 13.9 22 11.5 13.1 22.9 12 13.5 22.8 10.9 13.6 21.9 12.6
5 24 -3.9 -1.8 17.4 -3 -1.5 17.6 -4.4 0 18 -3 -4 16.2
5 24 -15.8 0.6 3.8 -15.8 0.4 5.4 -14.3 -1.5 2.7 -17 2.1 4.8
5 24 -17.5 11.8 7 -17.7 12 4.4 -17.2 9.3 7.2 -17 14.2 6.1
5 24 -4.6 2.3 17.3 -4.5 0.8 18 -3.8 2.1 17.4 -5.4 2 17
5 24 4 7.6 19.1 2.5 7.3 19.6 2.8 5.9 19 3.2 10 19.4
5 24 6 -9.1 5.6 7.8 -7.1 5.1 8 -7.1 2.7 6 -8.3 6.8
5 24 12.2 23.6 10.4 12.7 23.3 9.5 13.5 22.8 10.9 10.9 22.5 8.9
5 24 7.5 23.1 12.1 7.2 22.3 11 6.4 22.2 11.5 8.6 23.1 11.3
5 24 8.3 12.8 17.9 9 13.3 17.6 8.3 14.1 17.7 8.9 11.3 18
5 24 0.1 -6.5 -12.4 1.1 -7 -11.7 1.9 -5.9 -11.8 -0.8 -6.9 -11.9
5 24 3.8 5.2 18.4 4.3 3.8 19 4.6 5.2 17.6 3.7 3.7 19.2
5 24 -13.8 10.7 -8.7 -14.5 9.7 -8.4 -13.9 9.7 -9.5 -15 9.9 -6.9
5 24 -3.8 2.1 17.4 -2.4 4 17.4 -3.9 4.3 17.6 -2.2 1.8 17
5 24 8.2 4.2 15.9 8.2 0.8 17.1 7.6 4.2 16.3 8.9 3.9 15.4
5 24 16 -2.1 2.9 16.3 0.1 4.5 16.8 0.2 3.3 15.4 -2.2 4.2
5 24 13.6 9.4 -5.4 12.8 6.9 -6.7 11.6 6.9 -6 14.1 6.6 -6.9
5 24 -9.4 -7.6 9.8 -6.6 -8.3 8.6 -8.5 -6.7 11 -7.3 -8.5 7.2
5 24 18 18.7 2.2 18 21.3 3.9 18.2 18.7 4.6 17.6 21.3 2.6
5 24 15.8 -3 5.8 13.6 -4.9 6.9 14.8 -3.5 8.1 14.6 -4.7 4.7
5 24 3.1 18 17.7 3.9 19.7 17.5 2.8 19.9 17.7 4.5 18 17.6
5 24 1.9 -5.9 -11.8 2.3 -5.1 -13 4 -4.4 -11.1 0.4 -5.6 -14.6
5 24 -17.8 6.6 -1.5 -18.4 8.9 0.5 -17.8 5.7 -0.3 -18.3 9.1 -1
5 24 -14.8 21 -1.8 -15.4 20.5 -2.6 -13.9 20.2 -3.2 -16.1 20.8 0.5
5 24 -14.9 21.1 -0.6 -16.1 20.8 0.5 -14.8 21 -1.8 -14.3 20.7 1
5 24 -13 7.9 -11.9 -13.9 6.1 -11.9 -14 7.4 -11.3 -12.8 6.7 -12.8
5 24 -13.6 -1.8 -3.6 -14.5 -0.3 -4.1 -15.3 1.1 -3 -13.4 -2.7 -4.9
5 24 3 23.6 13.8 3.9 23.1 13.5 2.7 22.9 12.9 4.3 23 14.7
5 24 -6.6 20.4 16 -7.7 19.6 16.2 -6.3 18.5 16.4 -8 21.1 16.3
5 24 -6.1 -0.4 -16.5 -8.3 0.2 -16.1 -7.2 -1.7 -15.6 -7.1 1.2 -16.6
5 24 3 -9 9.5 6.1 -8.4 8.1 6 -8.3 6.8 3.9 -9.1 10.2
5 24 9.2 -6.9 8.5 7.6 -7.2 7.6 7.4 -7.2 8.6 9.3 -6.7 6.1
5 24 -13.9 17.9 -6.5 -14.9 18.8 -4.9 -15.1 17.5 -5.9 -13.6 19.4 -5.3
5 24 -12.1 8.7 14.7 -12.3 6.9 15.4 -11.9 7.4 15.8 -13.1 8.5 13.2
5 24 -15.8 9.3 10.3 -15 6.6 10.2 -15.5 9.2 11.7 -15.8 7.3 9.1
5 24 14 -1.6 10.2 14.8 -3.5 8.1 13 -3.8 8.7 15.5 -1.7 8.7
5 24 13.5 -0.1 12.5 12.9 -2.5 12.8 13.6 -2.3 12 12.6 -0.3 13.3
5 24 -12.0107 17 4.9751 -12.0107 4 4.9751 -9.1923 17 9.1923 -13 4 0
5 24 10.1 -6.9 -0.1 12.6 -6.5 -0.5 10.4 -7 -1.5 12.3 -6.3 1
5 24 -5.4 -1.6 -9.9 -6.8 2.1 -10.4 -6.9 -0.8 -9.9 -5 0.9 -10.3
5 24 -10 -7.5 1.6 -10.9 -7.3 0.8 -7.3 -8.8 0.8 -11.5 -6.3 1.7
5 24 1.4 -0.2 -13.1 1 0.8 -10.7 0 -0.5 -14.5 2.3 0.4 -11.7
5 24 -1.3 22.8 13.1 -2.4 23.2 14.2 -1.3 23.6 14.3 -2.2 22.4 13
5 24 6.9 -2.8 15.8 5.9 -2.1 17.7 6.1 -3.6 16.8 6.7 -1.2 16.6
5 24 5 16.6 18.3 3.6 17.4 17.8 3.7 16.1 18.4 4.5 18 17.6
5 24 14 18.5 13.2 14.2 20 11.6 13.5 19.9 12.9 14.4 16.8 13.1
5 24 -15.6 -1 0 -15.5 -0.5 -1.9 -14.4 -3.1 -0.8 -17.1 1.4 -1.5
5 24 -1.5 18 18 -0.2 18 18 -0.7 16.2 18.1 -1.7 20.6 17.8
5 24 -2.4 -2.6 -16.9 -3.5 -4.3 -16.8 -5.1 -2.5 -17 -1.1 -3.6 -16.6
5 24 -12.8 -5.6 0.8 -12.9 -5.2 -1.5 -13.6 -4.1 0.9 -11.1 -7.2 -1.2
5 24 5.8 16.9 17.6 5 16.6 18.3 6.2 15.1 17.4 4.5 18 17.6
5 24 -12.3 -4.5 9.5 -12.2 -4.2 10.4 -10.7 -6.4 10.1 -13.2 -2.8 9.9
5 24 18.6 12.8 2.5 17.6 12.6 1.2 17.9 14.1 1.6 18.6 11.7 2.6
5 24 13.1 7.1 15 12.5 7.7 15.6 12.7 6.8 15.8 12.9 8.2 15.1
5 24 1.2 -7.8 -11.1 1.1 -7 -11.7 3.3 -7.7 -10.5 -0.8 -6.9 -11.9
5 24 -5.9 -7.5 9.8 -5.2 -6.9 10.3 -8 -6.2 11.6 -2.2 -8.8 7.3
5 24 -0.2 -11.1 2.3 -0.1 -10.7 1.5 2.2 -11 1.8 -3.1 -9.7 1.5
5 24 4.7 10.6 18.6 3.9 10.5 18.5 4.8 8.6 18.2 4.2 13.5 18.9
5 24 -12.1 20.1 5 -13.6 21.6 4.7 -13.3 22 6.1 -12.5 19.9 4
5 24 2.1 18.3 17.6 3.1 18 17.7 2.8 19.9 17.7 2.4 16.7 17.8
5 24 8.9 0.9 -7.1 7.4 0.2 -6.8 8.2 0.1 -5.6 7.6 1.1 -8.6
5 24 -9.1923 17 9.1923 -10.5 20.9 7.9 -12.0107 17 4.9751 -9.9 21 8.6
5 24 -13.1 19.9 0.2 -13 17 0 -13 20.1 -1.4 -13 19.4 1.1
5 24 19.5 9.5 2.2 19.5 7.5 2.5 19.6 9 3 19.4 8.1 1.2
5 24 -13.9 20.8 -1.3 -14.8 21 -1.8 -13.9 20.2 -3.2 -14.9 21.1 -0.6
5 24 -10.9 9.1 15.5 -12.5 10.2 14.7 -12.1 8.7 14.7 -11.6 11.7 15.3
5 24 2.5 -4.2 -14 0.4 -5.6 -14.6 0.7 -4.3 -15.5 2.3 -5.1 -13
5 24 10.8 -4.6 12.4 10 -4.2 12.6 9.2 -5.7 11.4 11.5 -2.4 13.5
5 24 -19.1 12.2 1 -18.1 14.6 2.3 -18 14.6 0.9 -19 11.9 3
5 24 1.1 22.4 16.1 -0.1 22.7 16.6 1.2 20.7 16.5 0.1 23.7 15.7
5 24 -11.3 23.2 12.1 -10.1 23.3 13 -9.2 23.2 11.2 -11.9 22.6 13.2
5 24 7.5 23.2 13.8 7.5 23.1 12.1 8.3 23.5 13.6 6.7 23 12.5
5 24 19.4 10.7 3.1 19.6 9 3 19.3 10.6 3.8 19.5 9.5 2.2
5 24 16.8 0.6 1.6 17.6 2.3 3.7 18.2 3.3 2.3 16.8 0.2 3.3
5 24 16 -2.1 2.9 16.2 -1.7 1.3 16.8 0.2 3.3 15.1 -4.2 2.3
5 24 6.5 -8.4 1.5 4.8 -10.1 1.8 6.8 -9 0.5 4.5 -9.4 3.3
5 24 13.8 5.7 13.7 15.5 4.1 12.9 13.8 3.6 13.4 15.5 8.4 12.8
5 24 -11.8 8.5 -11.7 -10.7 8.8 -11.3 -11 7.3 -12.5 -12.4 9.4 -10.7
5 24 4 6.3 18.5 4.6 6.3 17.6 3.8 5.2 18.4 4.4 7.8 18.1
5 24 8.8 19.4 15.5 8 19.6 16.6 8.8 17.2 16.4 8.6 21 15.3
5 24 -14.5 -0.3 -4.1 -15.5 2.6 -4.1 -15.7 2.8 -3.6 -15.1 1.9 -5.1
5 24 11 21 14.8 11.7 21 14 11.2 22.4 13.7 11.3 19.7 14.7
5 24 -5.4369 -3 10.3408 -4.9751 4 12.0107 0 -3.1 11.7266 -9.1923 4 9.1923
5 24 -13 20.1 -1.4 -12.0107 17 -4.9751 -12.4 19.6 -4.5 -13 17 0
5 24 12.0107 17 4.9751 11.5 20.6 6.3 11.8 19.8 5.5 11.2 20.7 6.8
5 24 14.1 21.3 0.6 16 21.9 2.3 15.4 21.2 -0.1 15.2 22 2.6
5 24 -12.9 19.9 2.7 -13.8 21 2.9 -12.5 19.9 4 -14.3 20.7 1
5 24 -0.4 5 18.8 -1.9 5 18.3 -1.4 6.3 18.9 -1.3 3.5 18.5
5 24 -0.7 0.3 -10.1 -0.7 -2.3 -10 0 0 -9 -2.4 -2.5 -9.9
5 24 0.8 18.1 17.3 -0.2 18 18 0.1 16.1 18.1 -0.2 20.5 17.4
5 24 9.9 -6.1 5 12.2 -5.7 5.8 11.3 -5.3 6.8 10.2 -6.3 4.1
5 24 -13.9 17.9 -6.5 -12.5 18.2 -7 -13.6 19.4 -5.3 -12.6 16.7 -7.9
5 24 17.6 21.1 5.1 17.7 18.7 5.5 16.8 20.9 5.8 18.2 18.7 4.6
5 24 -2 7.5 18 -1.8 6.3 18.6 -1.4 6.3 18.9 -2.2 5.9 18.4
5 24 13.5 9 13.7 15 11.2 12.6 15.5 8.4 12.8 13 9.9 13.6
5 24 16.8 15.3 9.3 17.8 15.6 8.2 17.7 13.5 7.7 16.4 17.7 8.8
5 24 -18.4 8.7 2 -19.1 12.2 1 -19 11.9 3 -18.4 8.9 0.5
5 24 13.6 -4.9 6.9 11.3 -5.3 6.8 13 -3.8 8.7 12.2 -5.7 5.8
5 24 -5.4 -1.6 -9.9 -8.4 -0.8 -8.8 -6.3639 -4.5 -6.3639 -6.9 -0.8 -9.9
5 24 -2.2 1.4 -11.6 -2.9 0.6 -10.4 -0.7 0.3 -10.1 -4.6 2.5 -12
5 24 12.6 16 14.2 11.9 17.2 15.5 11.8 16 16.1 12.5 17.1 14.2
5 24 -5.2 -6.9 10.3 -0.9 -8.6 8.8 -1.6 -8.2 7.8 -4.6 -7 11.5
5 24 -10.9 9.1 15.5 -11.9 7.4 15.8 -12.1 8.7 14.7 -11.3 7.5 16.3
5 24 -10.9 -1.6 -11.9 -10 -0.4 -12.4 -12 0.4 -12.2 -9 -2.2 -12.3
5 24 6 6.1 17 4.6 5.2 17.6 6.2 3.5 17.1 4.6 6.3 17.6
5 24 8.4 5.4 16.5 8.9 3.9 15.4 9.4 5.7 15.6 8.2 4.2 15.9
5 24 -11.9 22.6 13.2 -12.9 20.4 12.9 -12.2 22.3 12.5 -12.6 20.3 14.1
5 24 -3.5 -4.3 -16.8 -6.2 -3.8 -15.8 -4.3 -5.1 -15.4 -5.1 -2.5 -17
5 24 14.2 12.6 14.2 12.9 11 13.9 15 11.2 12.6 12.9 12.7 14.6
5 24 14.1 21.3 0.6 13.7 20.6 2.7 15.2 22 2.6 13 19.4 1.1
5 24 -12.0107 17 4.9751 -12.1 20.1 5 -11.7 19.9 6.1 -12.5 19.9 4
5 24 13 17.3 -0.8 13 19.4 1.1 13.1 18.8 -0.2 12.8 18.8 2.8
5 24 -9.1 21.1 15.8 -9.8 20.2 15.1 -8.9 19.5 15.7 -9 22.5 15.4
5 24 -2.8 -8.4 -4 -3.5 -7.6 -7 -1.6 -8.1 -6.8 -7.1 -7.7 -4.4
5 24 4.5 -9.4 3.3 2.2 -10.9 3.1 4.8 -10.1 1.8 1.8 -10.4 4
5 24 -18.4 8.9 0.5 -18 6 1.6 -17.8 5.7 -0.3 -18.4 8.7 2
5 24 -8.8 6.7 -11 -9.6 7.5 -11.6 -9.9 9.1 -10.2 -9 6 -12.8
5 24 10.7 4 -7.6 11.5 3.2 -8.4 12 5 -7.2 9.3 2.1 -8.4
5 24 0 17 13 2.7 22.9 12.9 4.9751 17 12.0107 1.5 23 13.1
5 24 -2.1 -0.8 -16 -3.8 -0.8 -16.9 -2.4 -2.6 -16.9 -4.5 1.9 -15.6
5 24 -13 7.9 -11.9 -12.4 9.4 -10.7 -13.5 9.2 -10.6 -11.8 8.5 -11.7
5 24 -6.2 -3.8 -15.8 -6.8 -2.3 -12.8 -4.2 -4.6 -13 -7.2 -1.7 -15.6
5 24 17.8 11 1 17.6 9.5 -1.7 18 9 0.4 16.8 11.4 -1.4
5 24 12.6 -6.5 -0.5 12.7 -6.1 -2.1 14.4 -4.9 -1.4 10.4 -7 -1.5
5 24 -11.2 20.3 15.1 -9.8 22.2 14.3 -9.8 20.2 15.1 -10.7 22.7 14.1
5 24 -3.4 -6.6 13 -2.5 -5.9 13.4 0.7 -7.8 11.2 -4.9 -3.9 14.6
5 24 -10.8 12.8 -8.8 -10.7 13.9 -7.4 -11.3 14.1 -8.1 -10.1 11.7 -8.3
5 24 -5.5 13.9 17.5 -3.4 14.9 17.6 -5.1 15.1 16.8 -4 13.5 18.2
5 24 -18.1 3.6 3.4 -17.4 3.3 4.8 -17.8 2.7 3.8 -17.4 5 4.2
5 24 -16.6 3.9 -3.1 -16.6 5.6 -3.7 -16.1 3.8 -3.7 -17.6 5.2 -2.5
5 24 9.2 -6.9 8.5 9.3 -6.7 6.1 11.3 -6.1 8.3 7.6 -7.2 7.6
5 24 -15.1 1.2 -7.7 -14.6 2.7 -9.8 -14.3 0.1 -8.8 -15 4.8 -9
5 24 -3.2 -8.9 5.2 -7.3 -8.5 7.2 -2.9 -9.2 6.2 -7.4 -7.9 5.9
5 24 -5.5 3.7 -14.3 -6.4 3.5 -15.3 -4.5 1.9 -15.6 -7.7 4.7 -14.3
5 24 -11.1 20.6 7 -12.1 22.5 8.2 -12.7 22 7.4 -10.5 20.9 7.9
5 24 -10.8 22.7 9.8 -11.3 22.6 9.2 -9.9 21 8.6 -12.8 23.1 11
5 24 -10.1 -5.6 11 -10.7 -6.4 10.1 -12.2 -4.2 10.4 -8.5 -6.7 11
5 24 4.9 -5.5 14 4 -3.9 16.8 5.6 -5.4 14.6 2.9 -3.7 16
5 24 15.4 21.2 -0.1 16 21.9 2.3 16.5 21.2 1.9 14.1 21.3 0.6
5 24 13.6 9.4 -5.4 14.1 6.6 -6.9 15.3 9.1 -5.9 12.8 6.9 -6.7
5 24 17.7 13.5 7.7 16.8 15.3 9.3 16.5 13.3 9 17.8 15.6 8.2
5 24 2.3 0.4 -11.7 2.8 -1.5 -12.9 1.4 -0.2 -13.1 3.8 -0.2 -11.1
5 24 -16.9 7.3 -3.3 -17.6 5.2 -2.5 -17.8 6.6 -1.5 -16.6 5.6 -3.7
5 24 9.1923 17 9.1923 12.0107 17 4.9751 12.0107 4 4.9751 10.7 20.5 7.5
5 24 -5.6 6.6 18 -3.9 4.3 17.6 -5 3.7 17.6 -4.3 6.9 18
5 24 -16.9 7.3 -3.3 -16.7 10.1 -5.6 -17.2 9.6 -2.8 -16.2 8 -6
5 24 0.6 -10.5 -2.1 4 -10.7 -2 3.7 -10.4 -3 0.7 -10.9 -1
5 24 0.9 -9.8 -4.2 0.9 -8.9 -6.7 -1.6 -8.1 -6.8 3.2 -9.9 -4.8
5 24 7.6 -8.3 -1.2 7.6 -8 -2.3 6.1 -8.9 -1.1 8.3 -7.4 -1.8
5 24 12.7 23.3 9.5 14.8 22.8 9.8 13.5 22.8 10.9 13.6 23.2 8.5
5 24 16.6 20.7 6.8 17.7 18.7 5.5 17.5 18 7.8 16.8 20.9 5.8
5 24 -10.7 15.2 14.8 -9.2 13 16.8 -9.4 15.8 16.7 -10.5 12.2 15.4
5 24 -15.3 1.1 -3 -17.1 1.4 -1.5 -15.8 2.4 -3.1 -15.5 -0.5 -1.9
5 24 -3.8 2.1 17.4 -4.5 0.8 18 -4.1 0.7 18.1 -4.6 2.3 17.3
5 24 17.1 2.2 4.8 17.6 2.3 3.7 18.6 4.7 4.2 16.8 0.2 3.3
5 24 0.1 16.1 18.1 0.4 14.9 19.3 1.1 15.5 19.2 -0.3 15.3 18.3
5 24 -9.5 23 13.3 -10.7 22.7 14.1 -10.1 23.3 13 -9.8 22.2 14.3
5 24 4 2.3 19 2.8 2.6 19 3.7 3.7 19.2 3.1 1.1 18.5
5 24 -12.8 6.7 -12.8 -11 7.3 -12.5 -13 7.9 -11.9 -10.6 5.9 -13.8
5 24 -15.2 5.9 9.3 -15 6.6 10.2 -15.8 7.3 9.1 -14.5 5 10.3
5 24 -15.5 16.6 -6.6 -14.2 16.5 -7.6 -13.9 17.9 -6.5 -15.3 14.7 -7.7
5 24 17.4 14.4 -0.7 17.6 12.6 1.2 17.9 14.1 1.6 16.8 12.7 -1.1
5 24 -4.9751 4 12.0107 0 4 13 0 -3.1 11.7266 -4.9751 17 12.0107
5 24 -12.0107 4 4.9751 -11.5134 -3.1 1.4925 -9.7011 -3.1 6.3963 -13 4 0
5 24 -5.4369 -3 10.3408 -9.7011 -3.1 6.3963 -6.3639 -4.5 6.3639 -9.1923 4 9.1923
5 24 9.1923 17 9.1923 7.8 22 10.5 8.7 21.1 9.7 4.9751 17 12.0107
5 24 3.7722 0.4 -9.7576 2.4 0.3 -9.7 4.1 0.8 -10.4 3.4443 0 -8.3151
5 24 12.9 11 13.9 12.4 12.6 15.4 12.9 12.7 14.6 12.2 10.5 14.7
5 24 2.8 5.9 19 1.4 5.6 18.7 2.1 4.7 18.5 1 6.9 19
5 24 12.9 1.7 13.7 11.9 1.7 14.5 12.6 -0.3 13.3 12.9 3.4 14.7
5 24 -14.4 3.4 11.6 -14.5 5 10.3 -13.9 5 11.5 -14.9 3.6 10.3
5 24 0.9 -8 -7.8 -1.2 -7.7 -9.5 -1.3 -7.2 -8 1 -8.5 -9
5 24 -17.2 20.4 3.3 -17.2 19.9 4.8 -16.3 21.4 3.3 -18.1 18.4 3.1
5 24 2.2 -10.9 3.1 2.2 -11 1.8 -0.2 -11.1 2.3 4.8 -10.1 1.8
5 24 -2.2 5.9 18.4 -2.4 4 17.4 -3 6.8 17.3 -1.9 5 18.3
5 24 5.8 -9.8 -2.9 4 -10.7 -2 3.7 -10.4 -3 4.1 -10.4 -0.8
5 24 -10.7 8.8 -11.3 -9.9 9.1 -10.2 -9.6 7.5 -11.6 -12.4 10 -10.3
5 24 -7.9 22 10.5 -9.2 23.2 11.2 -8.5 22 10 -8.5 23.1 11.7
5 24 5.2 -4 16.9 6 -5.2 14.7 5.6 -5.4 14.6 6.1 -3.6 16.8
5 24 14.4 -5.5 0.2 15.1 -4.2 2.3 13.8 -5.5 1.8 15.3 -3.8 0.8
5 24 0.4 14.9 19.3 1.3 13.1 19.9 1.1 15.5 19.2 0.3 12 19.7
5 24 8 19.6 16.6 6.8 19.7 17.5 7.6 21.2 16.4 7.2 17.3 17.6
5 24 -11.1 15.7 14.7 -11.6 11.7 15.3 -10.7 15.2 14.8 -12.6 13.8 14.4
5 24 -18.4 8.9 0.5 -18.5 12.3 -0.9 -19.1 12.2 1 -18.3 9.1 -1
5 24 -2.3 -5.9 -12.7 -2.9 -7 -9.9 -0.8 -6.9 -11.9 -5.1 -5.8 -10.1
5 24 -0.2 18 18 -0.2 20.5 17.4 -1.7 20.6 17.8 0.8 18.1 17.3
5 24 -13.8 1.5 11.2 -12.6 2.1 12.3 -12 0.6 12 -14.4 3.4 11.6
5 24 -8.8 4.5 -15.2 -7.7 4.7 -14.3 -10.6 5.9 -13.8 -6.4 3.5 -15.3
5 24 3.9 19.7 17.5 3 21.4 17.5 2.8 19.9 17.7 3.9 21.3 17
5 24 16.3 22.1 2.8 17.6 21.3 2.6 18 21.3 3.9 16.5 21.2 1.9
5 24 16.5 20.2 7.9 15.9 20.3 10.2 16.4 17.7 8.8 15.8 22.1 6.9
5 24 -11.6 11.7 15.3 -10.5 12.2 15.4 -10.9 9.1 15.5 -10.7 15.2 14.8
5 24 -8 -6.2 11.6 -4.6 -7 11.5 -7.5 -6 12.8 -5.2 -6.9 10.3
5 24 4.6 5.2 17.6 4.3 3.8 19 5 3.1 18.9 3.8 5.2 18.4
5 24 -4.3 6.9 18 -3 6.8 17.3 -3.9 4.3 17.6 -3.4 7.8 17.7
5 24 -5 3.7 17.6 -4.6 2.3 17.3 -5.4 2 17 -3.8 2.1 17.4
5 24 5.3 -8.1 -8.1 7 -6.6 -7.5 5.2 -8 -7.5 7 -6 -8
5 24 -17.1 5.3 6.5 -17.4 5 4.2 -17.4 3.3 4.8 -17.1 6.1 5.2
5 24 7.1 -2.8 -9.1 9 -1.9 -9.8 6.7 -1.6 -9.2 9.8 -3.8 -8.3
5 24 -0.4 5 18.8 0.7 5 18.3 0.3 3.3 18.9 0.2 6.3 18.4
5 24 -12.4 10 -10.3 -13.5 9.2 -10.6 -13.9 9.7 -9.5 -12.4 9.4 -10.7
5 24 -17.3 18.3 0.4 -17.8 16.3 1.4 -18 18.4 1.6 -17.4 16.2 0.1
5 24 18.6 11.7 3.9 17.9 12.5 5.3 17.9 10.9 5.1 18.7 12.9 4.4
5 24 16.3 0.3 5.1 16 -0.2 5.4 15.4 -2.2 4.2 16.7 1.7 6.6
5 24 17.6 21.1 5.1 16.2 22.2 6 16.8 20.9 5.8 16.3 22.2 4.8
5 24 -10 -0.4 -12.4 -10 0.4 -16.5 -12 0.4 -15.4 -8.3 0.2 -16.1
5 24 15.1 22.3 4.8 14.8 22.3 5.9 13.2 21.4 4.7 16.2 22.2 6
5 24 -15.4 6.6 -7.8 -14.5 5.5 -9.6 -14.9 7.5 -8.1 -15 4.8 -9
5 24 6 6.1 17 7.3 7.9 17.9 6.6 5.5 17 6.4 8 17.4
5 24 -4.9 -1.9 16.8 -3 -4 16.2 -4 -4.3 15.5 -3.9 -1.8 17.4
5 24 -14.1 20.4 11.9 -13.3 17.7 12.4 -14.5 18 11.1 -12.9 20.4 12.9
5 24 19.4 8.1 1.2 18.1 7.3 0.1 19.2 6.6 0.8 18 9 0.4
5 24 9.3 2.1 -8.4 9.7 0.5 -6.1 10.7 4 -7.6 8.9 0.9 -7.1
5 24 11.8 19.8 5.5 12.0107 17 4.9751 12.1 20 4.8 11.5 20.6 6.3
5 24 5.9 0.6 -8.6 7.4 0.2 -6.8 5.2 0.4 -8.6 7.6 1.1 -8.6
5 24 -0.9 23.6 15.8 -2.8 23.1 15.3 -1.3 22.8 16.8 -0.2 23.9 14.4
5 24 6.1 -3 -9.7 6.7 -1.6 -9.2 7.1 -2.8 -9.1 5.7 -1.7 -9.8
5 24 -12 -5.6 5.5 -11.9 -6.2 3 -10.7 -7.3 5.3 -12.7 -4.3 5.7
5 24 -13.9 -0.2 -7.2 -15.1 1.2 -7.7 -14.3 0.1 -8.8 -14.6 0.9 -6.3
5 24 17.4 15.9 -0.6 17.9 14.1 1.6 17.4 14.4 -0.7 17.6 16.7 1.5
5 24 -16.3 21.4 3.3 -15.3 21.6 3.2 -15.1 21.9 4.5 -15.5 21.4 1.8
5 24 -18.4 4.2 0.3 -18 6 1.6 -18.4 4.5 1.6 -17.8 5.7 -0.3
5 24 -13.9 20.2 -3.2 -14.9 18.8 -4.9 -15.2 19.5 -3.3 -13.6 19.4 -5.3
5 24 7.6 1.1 -8.6 7.4 0.2 -6.8 8.9 0.9 -7.1 5.9 0.6 -8.6
5 24 8.4 5.4 16.5 9.1 7.7 17.9 7.5 5.1 16.9 10.5 7.8 16.8
5 24 -8 -4.8 -9 -10.1 -4.3 -9.5 -7.8 -4.9 -9.9 -10.1 -4.2 -9
5 24 13.5 22.8 10.9 12.2 23.6 10.4 13.1 22.9 12 12.7 23.3 9.5
5 24 -10.7 -6.5 -3 -12.9 -5.2 -1.5 -12.4 -4.3 -3.5 -11.1 -7.2 -1.2
5 24 7.1 -7.8 -5.1 4.9 -9.6 -5.2 5 -9.3 -4.2 6.8 -8 -6.1
5 24 -8.8 4.5 -15.2 -6.4 3.5 -15.3 -7.4 3.2 -16.4 -7.7 4.7 -14.3
5 24 1.9 23.8 14.1 1 23.3 15.4 2.4 23.9 15.5 0.9 23.5 14.2
5 24 11.2 22.4 13.7 12.3 22.8 13.4 10.3 23.1 12 11.7 21 14
5 24 -12.0107 4 -4.9751 -10.4 8 -7.8 -11.8 13.2 -5.6 -9.1923 4 -9.1923
5 24 12.3 9.2 -4.4 13.3 11.5 -1.3 12.5 6.2 -4 12.7 12.4 -2.8
5 24 2.2 -10.1 4.9 0.5 -10.2 5.4 1.9 -10.2 4.5 0.8 -9.8 6
5 24 4.9751 17 12.0107 5.6 22.7 11.8 6.4 22.2 11.5 4.5 22.8 12.3
5 24 1.3 13.1 19.9 2 9.7 19.6 0.7 10.5 19.5 2.3 13.3 19.5
5 24 10.5 9.8 17.5 9.1 7.7 17.9 10.5 7.8 16.8 9.2 9.5 18.1
5 24 -3.4 -6.6 13 -4.6 -7 11.5 0.2 -8.4 10.4 -6.7 -5.2 14.1
5 24 7.3 7.9 17.9 9.1 7.7 17.9 7.9 9.5 18 6.6 5.5 17
5 24 1.9 -10.3 6.2 2.7 -9.8 8.7 -0.9 -8.6 8.8 6 -9.1 5.6
5 24 -7.2 -8.5 -0.8 -10.9 -7.3 0.8 -11.1 -7.2 -1.2 -7.3 -8.8 0.8
5 24 12.3 22.8 13.4 11.7 21 14 13.2 20.9 13.4 11.2 22.4 13.7
5 24 -9.5 23 13.3 -7.7 23.6 12.4 -8.5 23.4 14.2 -8.5 23.1 11.7
5 24 18 9 0.4 17.8 7.7 -1.8 17.6 9.5 -1.7 18.1 7.3 0.1
5 24 4.9 -5.5 14 6.4 -6.9 12 4.4 -6.1 14.2 6.8 -6.3 12.4
5 24 4.4 -5.6 -10.6 1.9 -5.9 -11.8 3.3 -7.7 -10.5 4 -4.4 -11.1
5 24 -14.3 0.1 -8.8 -13.9 -0.2 -7.2 -13 -1.8 -7.8 -15.1 1.2 -7.7
5 24 6.2 -8.3 9.1 3.9 -9.1 10.2 4.3 -8.8 10.8 6.1 -8.4 8.1
5 24 -4.9751 17 12.0107 -2.2 22.4 13 -2.9 22.7 12.8 0 17 13
5 24 -3.5 -2.95 -8.35 -5.4 -1.6 -9.9 -6.3639 -4.5 -6.3639 -2.4 -2.5 -9.9
5 24 -13 17 0 -12.0107 17 -4.9751 -13 4 0 -13 20.1 -1.4
5 24 12.6 -2.4 -8.2 9.9 -4.4 -7 12.5 -3 -5.9 9.8 -3.8 -8.3
5 24 17.1 5.1 -2.5 17.2 4.4 -0.3 16.2 1.6 -1 18.1 7.3 0.1
5 24 -5.1 -0.1 17.6 -5.6 -2 15.7 -6 1.2 16.3 -4.9 -1.9 16.8
5 24 0.9 -8 -7.8 1 -8.5 -9 3.1 -8.5 -7.7 -1.2 -7.7 -9.5
5 24 -17.4 3.3 4.8 -17.1 3.3 6 -17 2.1 4.8 -17.1 5.3 6.5
5 24 -15.8 0.4 5.4 -16.6 2 7 -16.8 2 5.9 -15.5 0.2 6.8
5 24 -8.8 6.7 -11 -8.4 6.4 -10.1 -8.9 7.7 -9.6 -7.7 4.9 -10.5
5 24 -5.8 20.8 17.2 -4.2 21 17.3 -4.9 17.2 17.2 -5.5 22.5 16.5
5 24 -14.4 1.8 10 -13.4 -0.2 9.3 -13.8 1.5 11.2 -14.1 0 8.1
5 24 -13 -3.8 2.1 -13.6 -4.1 0.9 -12.8 -5.6 0.8 -14.8 -1.8 1.8
5 24 -11.1 -7.2 -1.2 -12.8 -5.6 0.8 -12.9 -5.2 -1.5 -10.9 -7.3 0.8
5 24 -14 7.4 -11.3 -13 7.9 -11.9 -13.5 9.2 -10.6 -13.9 6.1 -11.9
5 24 2.5 -4.2 -14 4.1 -3.8 -11.7 4 -3.1 -12.2 2.3 -5.1 -13
5 24 14.4 0.7 -4.6 15.8 2.5 -3.5 15.1 0.3 -3.6 14.9 3.1 -4.4
5 24 -9.1923 4 -9.1923 -10.4 8 -7.8 -8.9 7.7 -9.6 -12.0107 4 -4.9751
5 24 6.9 -2.8 15.8 6.1 -3.6 16.8 6.4 -5 14.6 5.9 -2.1 17.7
5 24 2.8 5.9 19 2.1 4.7 18.5 1.4 5.6 18.7 3.1 5 18.6
5 24 -5.5 13.9 17.5 -5.1 15.1 16.8 -6.2 15 17.2 -3.4 14.9 17.6
5 24 -8.4 -0.9 -12.6 -7.3 -2.7 -12.5 -9 -2.2 -12.3 -6.8 -2.3 -12.8
5 24 5.6 -0.8 -10 5.5 0.7 -9 6.3 -0.3 -9.3 5.1 0.7 -9.3
5 24 0.7 1.3 18.7 -1.3 1.1 18.4 0.3 3.3 18.9 0.8 -0.9 17.9
5 24 -1.2 -6.1 15.2 -0.4 -5.6 15.7 2.6 -7.8 13.3 -2 -3.5 16.5
5 24 -15.5 21.4 1.8 -14.3 20.7 1 -13.8 21 2.9 -16.1 20.8 0.5
5 24 -11.3 14.1 -8.1 -10.8 12.8 -8.8 -11.8 14.4 -8.7 -10.7 13.9 -7.4
5 24 -9.1 21.1 15.8 -8 21.1 16.3 -8.9 19.5 15.7 -7.9 22.5 16
5 24 -16.3 15.6 8 -16.5 16.1 7.6 -15.6 17.5 8.9 -17 14.2 6.1
5 24 7.6 15.5 16.7 8.2 15.2 16.5 7.1 14.3 16.9 8.8 17.2 16.4
5 24 15.5 13.8 -3.4 13.9 12.5 -3.7 15.4 12 -4.1 14.3 14.5 -3.1
5 24 -10.9 3.9 15.2 -9.5 2.1 16.1 -10.6 1.6 15.3 -10 4.5 15.9
5 24 6.4 8 17.4 4.4 7.8 18.1 4.6 6.3 17.6 6.1 8.9 17.8
5 24 -15.6 -1 0 -14.8 -1.8 1.8 -16.7 0.5 2.5 -14.4 -3.1 -0.8
5 24 -6.5 -7.2 -7.4 -7.1 -7.7 -4.4 -3.5 -7.6 -7 -9.1 -6.2 -8.2
5 24 6.1 -8.9 -1.1 4.1 -10.4 -0.8 6.3 -9.2 -2 4.2 -9.9 0.1
5 24 10.7 1.8 15.1 9.9 1.8 15.1 10.4 -0.1 14.2 10.3 3.6 16
5 24 -12.0107 17 -4.9751 -12.4 19.6 -4.5 -11.5 16.8 -6.3 -13 20.1 -1.4
5 24 3.7722 0.4 -9.7576 4.1 0.8 -10.4 2.4 0.3 -9.7 5.1 0.7 -9.3
5 24 15.7 0.5 9.2 14.3 0.3 10.8 14 -1.6 10.2 14.5 1 11
5 24 2.8 -1.5 -12.9 2.5 -4.2 -14 4 -3.1 -12.2 0.9 -2.2 -14.9
5 24 10.3 -5.2 -6.3 8.2 -6 -6.2 8.2 -5.5 -6.9 10.6 -6.3 -4.5
5 24 18.6 16.7 2.3 18.7 16.7 4.7 18.9 14.1 2.5 18.2 18.7 4.6
5 24 10.5 -2 13.5 11.4 -0.3 13.9 10.4 -0.1 14.2 11.5 -2.4 13.5
5 24 17.4 15.9 -0.6 16.3 14.8 -1.7 17.4 14.4 -0.7 14.8 15.7 -1.7
5 24 -13 17 0 -13 19.4 1.1 -12.9 19.9 2.7 -13.1 19.9 0.2
5 24 -5 0.9 -10.3 -5.4 -1.6 -9.9 -6.8 2.1 -10.4 -2.9 0.6 -10.4
5 24 7.6 -8 -2.3 7.4 -8.4 -3.6 6.3 -9.2 -2 8.3 -7.4 -2.7
5 24 -14.6 2.7 -9.8 -14 3.2 -10.5 -15 4.8 -9 -13.9 0.8 -10.5
5 24 -12.4 9.4 -10.7 -12.4 10 -10.3 -13.5 9.2 -10.6 -10.7 8.8 -11.3
5 24 0.3 3.3 18.9 -1.3 1.1 18.4 -0.4 5 18.8 0.7 1.3 18.7
5 24 -13 2.6 -15.3 -12 0.4 -15.4 -11.1 2.2 -16.8 -13.2 1.1 -13.3
5 24 -17.4 14.2 -4.2 -16.4 14.6 -5.3 -16 15.9 -4.9 -17.6 12.6 -4.9
5 24 -6.6 -8.3 8.6 -5.9 -7.5 9.8 -8.5 -6.7 11 -2.2 -8.8 7.3
5 24 3.9 21.3 17 4.7 20.5 16.5 3.9 19.7 17.5 4.7 22.3 15.9
5 24 16.5 21.2 1.9 16.3 22.1 2.8 16 21.9 2.3 17.6 21.3 2.6
5 24 -13.5 9.2 -10.6 -14 7.4 -11.3 -13 7.9 -11.9 -14.6 6.8 -10.3
5 24 -8.5 23.1 11.7 -7.7 23.6 12.4 -7.2 22.7 11 -9.5 23 13.3
5 24 7.6 4.2 16.3 8.4 5.4 16.5 7.5 5.1 16.9 8.2 4.2 15.9
5 24 7.4 13.3 17.8 8.3 12.8 17.9 7.6 12.3 18 7.8 13.7 17.8
5 24 -6.1 3.5 -11.4 -6.8 2.1 -10.4 -4.6 2.5 -12 -7.7 4.9 -10.5
5 24 3.1 1.1 18.5 4 2.3 19 4.2 0.9 18.8 2.8 2.6 19
5 24 -14.6 6.8 -10.3 -14 7.4 -11.3 -13.9 6.1 -11.9 -13.5 9.2 -10.6
5 24 14 -1.6 10.2 13.5 -0.1 12.5 14.3 0.3 10.8 13.6 -2.3 12
5 24 -12.9 20.4 12.9 -14.1 20.4 11.9 -13.3 17.7 12.4 -13.5 22 11.9
5 24 16 21.9 2.3 16.3 22.1 2.8 16.5 21.2 1.9 15.4 22.4 3
5 24 -15.8 21.7 5 -15.3 21.9 5.6 -16.1 20.3 5.6 -15.1 21.9 4.5
5 24 10.4 -7 -1.5 12.6 -6.5 -0.5 12.7 -6.1 -2.1 10.1 -6.9 -0.1
5 24 6.4 -4.4 -9.3 7 -6 -8 7.8 -4.5 -7.9 4.9 -6.9 -10
5 24 10.1 19.3 15.3 8.8 17.2 16.4 8.8 19.4 15.5 10.3 17.2 16.2
5 24 -10.8 -5.1 -8.1 -10.6 -6.3 -5.1 -12.4 -3.7 -7.6 -9.1 -6.2 -8.2
5 24 10.2 21.2 8.2 11.6 22.1 8.3 10.9 22.5 8.9 10.7 20.5 7.5
5 24 -12.7 22 7.4 -13.3 22 6.1 -14.4 22.8 7.9 -11.7 19.9 6.1
5 24 2.3 -5.1 -13 2.5 -4.2 -14 4.1 -3.8 -11.7 0.4 -5.6 -14.6
5 24 3.8 -0.2 -11.1 4 -3.1 -12.2 5.2 -0.7 -10.4 2.8 -1.5 -12.9
5 24 -11.6 11.7 15.3 -12.6 13.8 14.4 -11.1 15.7 14.7 -12.9 12 14.8
5 24 -4.9 -3.9 14.6 -6.9 -2.3 15.3 -5.6 -2 15.7 -7.7 -3.2 14
5 24 7.5 5.1 16.9 7.6 4.2 16.3 8.4 5.4 16.5 6.9 4.1 16.6
5 24 15.4 5.7 -5.6 13.1 4.8 -7.1 14.5 3.9 -5.9 14.1 6.6 -6.9
5 24 16.3 11.3 -2 16.8 11.4 -1.4 16.1 12.8 -2.1 16.7 9.7 -2.2
5 24 -5.9 22.8 14.8 -5.3 23.3 15.4 -6.2 22.2 15.6 -4.6 23.4 13.7
5 24 -3 6.8 17.3 -2.2 5.9 18.4 -2 7.5 18 -2.4 4 17.4
5 24 -10.7 -6.4 10.1 -12.2 -4.2 10.4 -10.1 -5.6 11 -12.3 -4.5 9.5
5 24 4.5 22.8 12.3 3.9 23.1 13.5 3.7 22.3 12.6 4.7 23.4 13.3
5 24 12.6 0.5 -3.6 10.7 4 -7.6 11 5 -7 11.087 -3.3 -3.0916
5 24 -11.5134 -3.1 1.4925 -8.3151 -4.5 3.4443 -9.7011 -3.1 6.3963 -9 -4.5 0
5 24 12.6 0.5 -3.6 11.087 -3.3 -3.0916 10.7 4 -7.6 11.5134 -3.1 1.4925
5 24 -4.6 2.5 -12 -5.5 3.7 -14.3 -3.7 2.1 -14.8 -6.1 3.5 -11.4
5 24 -12.0107 17 4.9751 -10.5 20.9 7.9 -11.1 20.6 7 -9.1923 17 9.1923
5 24 -12.0107 4 -4.9751 -13 4 0 -12.0107 17 -4.9751 -11.3002 -3.1 -2.985
5 24 -12.8 -0.5 -11.5 -12 0.4 -12.2 -10.9 -1.6 -11.9 -13.2 1.4 -11.4
5 24 12.9 -2.5 12.8 11.5 -2.4 13.5 12.6 -0.3 13.3 10.8 -4.6 12.4
5 24 3.5 23.7 15.3 2.4 23.9 15.5 3 23.6 13.8 2.8 22.9 17.1
5 24 -6.9 12.3 18.5 -7.1 13.4 17.3 -6.2 12.8 18.6 -8 12.4 17.2
5 24 2.7 22.9 12.9 3.9 23.1 13.5 3 23.6 13.8 3.7 22.3 12.6
5 24 -14.5 12 12.4 -13.6 11.6 12.8 -13.5 10.2 13.1 -13.2 13.3 12.2
5 24 -13.9 4.3 -13.2 -12.5 5.1 -14.3 -13 2.6 -15.3 -13.9 6.1 -11.9
5 24 16.4 7.6 -3.1 17.1 5.1 -2.5 15.5 5.1 -3.9 17.8 7.7 -1.8
5 24 16.3 8.2 10.7 17 10.4 9.1 17.9 8.4 8.6 16 9.8 10.6
5 24 -11.8 -3.7 11 -10.6 -3.2 11.6 -11.3 -1.5 11.2 -10.1 -5.6 11
5 24 -18.1 18.4 3.1 -17.2 20.4 3.3 -17.3 20.2 1.7 -17.2 19.9 4.8
5 24 7 11.1 17.8 7.6 12.3 18 7.9 11 18 6.9 12.2 17.8
5 24 -13.4 -2.2 -7.2 -13 -1.8 -7.8 -12.4 -3.7 -7.6 -14.1 -0.7 -6.5
5 24 -3.5 -4.3 -16.8 -1.5 -5.3 -15.9 -1.1 -3.6 -16.6 -4.3 -5.1 -15.4
5 24 2.7 22.9 12.9 3 23.6 13.8 3.9 23.1 13.5 1.9 23.8 14.1
5 24 -11.1 2.2 -16.8 -9.3 3.9 -16.3 -11 4.1 -16 -9 1.8 -16.9
5 24 14.5 22.5 6.9 12.6 21.8 6.4 12.1 22.1 7.1 13 21.4 5.7
5 24 14.4 -4 3.4 13.1 -5.7 3.7 13.1 -5.1 2.6 14.6 -4.7 4.7
5 24 -10.1 23.1 10.4 -10.8 22.7 9.8 -11.6 23.1 11.6 -9.5 21.5 9.1
5 24 8.4 -7.1 -3.9 7.4 -8.4 -3.6 8.3 -7.4 -2.7 7.3 -8.1 -4.6
5 24 -15.6 -1 0 -17.3 0.9 0.6 -16.7 0.5 2.5 -17.1 1.4 -1.5
5 24 -1.2 -7.7 -9.5 1.2 -7.8 -11.1 1 -8.5 -9 -0.8 -6.9 -11.9
5 24 5.9 -2.1 17.7 4.4 -0.8 18.7 4.7 -2.7 18.1 5.5 -0.3 18.1
5 24 6.9 4.1 16.6 7.5 5.1 16.9 6.6 5.5 17 7.6 4.2 16.3
5 24 -16.2 18.5 7.6 -15.6 17.5 8.9 -15 18.5 9.6 -16.5 16.1 7.6
5 24 10.3 17.2 16.2 11.9 17.2 15.5 11.8 16 16.1 11.7 18.6 14.9
5 24 16.5 13.3 9 17.7 13.5 7.7 16.8 15.3 9.3 16.4 11.8 8.9
5 24 -6.6 -8.3 8.6 -7.3 -8.5 7.2 -9.4 -7.6 9.8 -2.9 -9.2 6.2
5 24 -18.3 3.4 2.1 -18.1 3.6 3.4 -18.3 4.1 2.6 -17.8 2.7 3.8
5 24 -12.5 5.1 -14.3 -10.6 5.9 -13.8 -11 4.1 -16 -12.8 6.7 -12.8
5 24 9.7 21.1 15.1 11 21 14.8 10.1 19.3 15.3 10 22.6 14.9
5 24 15.5 -1.7 8.7 16.2 -1.4 6.6 14.8 -3.5 8.1 15.7 0.5 9.2
5 24 -0.5 0.9 -11.1 -0.7 0.3 -10.1 1 0.8 -10.7 -2.2 1.4 -11.6
5 24 9 -1.9 -9.8 9.8 -3.8 -8.3 7.1 -2.8 -9.1 11.5 -0.7 -9.7
5 24 -16.9 3.3 -2.3 -17.1 1.4 -1.5 -15.8 2.4 -3.1 -18 3.4 -0.7
5 24 1.1 -7 -11.7 -0.8 -6.9 -11.9 0.1 -6.5 -12.4 1.2 -7.8 -11.1
5 24 -6 1.2 16.3 -5.1 -0.1 17.6 -5 0.5 17.7 -5.6 -2 15.7
5 24 -14.1 0 8.1 -13.2 -2.4 10.1 -13.2 -2.8 9.9 -13.4 -0.2 9.3
5 24 16.3 0.1 4.5 16.8 0.2 3.3 17.1 2.2 4.8 16 -2.1 2.9
5 24 13.1 7.1 15 13.8 5.7 13.7 13.8 7.7 13.8 13.1 5.5 15.3
5 24 4 -10.7 -2 4.1 -10.4 -0.8 1.9 -11.1 0 5.8 -9.8 -2.9
5 24 -13.9 17.9 -6.5 -13.6 19.4 -5.3 -12.5 18.2 -7 -14.9 18.8 -4.9
5 24 -1.3 23.6 14.3 -0.2 22.9 13.2 -0.2 23.9 14.4 -1.3 22.8 13.1
5 24 -13.5 9.2 -10.6 -14.7 8.8 -9.2 -14.6 6.8 -10.3 -13.9 9.7 -9.5
5 24 14.2 0.6 -7.2 14.4 0.7 -4.6 13.8 -1.3 -5 14.5 3.9 -5.9
5 24 -2.8 9.8 19.2 -3.8 9.7 18.4 -4.1 11.8 18.7 -2.3 8.3 18.4
5 24 -9.5 21.5 9.1 -10.8 22.7 9.8 -10.1 23.1 10.4 -9.9 21 8.6
5 24 -9.1 -6.2 -8.2 -8 -4.8 -9 -10.1 -4.2 -9 -6.5 -7.2 -7.4
5 24 -14.5 5.3 -10.7 -14.5 5.5 -9.6 -14 3.2 -10.5 -14.6 6.8 -10.3
5 24 -16 12.6 -6.3 -17.6 12.6 -4.9 -16.4 14.6 -5.3 -16.7 10.1 -5.6
5 24 -14.3 20.7 1 -13.1 19.9 0.2 -13 19.4 1.1 -13.9 20.7 0.3
5 24 -17.3 20.2 1.7 -16.8 20.1 0.6 -17.3 18.3 0.4 -16.4 21.1 1.5
5 24 12.5 -3 -5.9 12.4 -4.8 -5.5 13.7 -3.4 -4.8 9.9 -4.4 -7
5 24 12.3 9.2 -4.4 12.5 6.2 -4 11.6 6.9 -6 13.3 11.5 -1.3
5 24 15.8 2.5 -3.5 16.2 1.6 -1 15.1 0.3 -3.6 17.1 5.1 -2.5
5 24 -0.5 0.9 -11.1 0 -0.5 -14.5 1 0.8 -10.7 -1.9 0.1 -15
5 24 5.2 -4 16.9 4.7 -2.7 18.1 4 -3.9 16.8 6.1 -3.6 16.8
5 24 -14.5 12 12.4 -14.4 13.8 10.9 -13.2 13.3 12.2 -15.3 12.1 11.6
5 24 -10.8 -5.1 -8.1 -10.1 -4.2 -9 -11.9 -3.2 -8.4 -9.1 -6.2 -8.2
5 24 1.9 -10.2 4.5 2.2 -10.1 4.9 4.5 -9.4 3.3 0.5 -10.2 5.4
5 24 17.6 12.6 1.2 16.8 12.7 -1.1 17.8 11 1 17.4 14.4 -0.7
5 24 18.2 14.1 5.6 18.9 14.3 4.8 18.7 12.9 4.4 18.1 16.7 5.6
5 24 7.6 12.3 18 6.9 12.2 17.8 7 11.1 17.8 7.4 13.3 17.8
5 24 14.8 15.3 11.5 14.3 15.4 12.7 14.1 14 12.6 14.4 16.8 13.1
5 24 15 11.2 12.6 16 9.8 10.6 15.5 8.4 12.8 15.7 11.2 10.5
5 24 -1.3 1.1 18.4 -2.2 1.8 17 -1.3 3.5 18.5 -2 0.7 17.1
5 24 6.6 5.5 17 6 6.1 17 6.2 3.5 17.1 7.3 7.9 17.9
5 24 6.9 9.8 17.7 7.9 11 18 7.9 9.5 18 7 11.1 17.8
5 24 -9 1.8 -16.9 -7.1 1.2 -16.6 -8.3 0.2 -16.1 -7.4 3.2 -16.4
5 24 -12.8 -0.5 -11.5 -12 -3.6 -10.1 -10.9 -1.6 -11.9 -13.3 -1.9 -9.9
5 24 15.1 22.3 4.8 13.2 21.4 4.7 14.8 22.3 5.9 13.8 21.2 3.6
5 24 -13.6 21.6 4.7 -13.8 21 2.9 -15.1 21.9 4.5 -12.5 19.9 4
5 24 2 1.7 18 2.8 2.6 19 3.1 1.1 18.5 1.4 3.9 18.3
5 24 17.8 7.7 -1.8 16.4 7.6 -3.1 17.1 5.1 -2.5 16.7 9.7 -2.2
5 24 -7.7 19.6 16.2 -6.3 18.5 16.4 -7.2 18.3 16.4 -6.6 20.4 16
5 24 -14.5 21.6 9.2 -14.5 20.2 10.6 -14 21.7 10.6 -14.8 20 9.5
5 24 12.2 23.6 10.4 11.4 23.6 11.4 12.3 22.8 13.4 10.9 22.5 8.9
5 24 -8.6 -0.6 15.9 -7.7 -3.2 14 -6.9 -2.3 15.3 -10 -0.3 15.1
5 24 -14.8 2 8.8 -14.4 1.8 10 -14.1 0 8.1 -14.9 3.6 10.3
5 24 11.3 -6.1 8.3 9.2 -6.9 8.5 10.5 -6.4 9.7 9.3 -6.7 6.1
5 24 -13.3 -1.9 -9.9 -13 -1.8 -7.8 -11.9 -3.2 -8.4 -14.3 0.1 -8.8
5 24 -12.6 20.3 14.1 -13.3 17.7 12.4 -12.9 20.4 12.9 -12.5 17.1 13.6
5 24 -13.8 22.4 8.6 -12.1 22.5 8.2 -12.7 22 7.4 -13.7 22.7 10
5 24 -9.2 13 16.8 -8 12.4 17.2 -8.7 10.8 16.5 -7.8 14.3 17.3
5 24 -7.9 18.2 16.3 -7.2 18.3 16.4 -6.8 16.6 17.1 -7.7 19.6 16.2
5 24 12.6 -5.5 -2.9 14 -4.1 -2.8 13.9 -4.3 -2.2 12.6 -5.6 -3.8
5 24 -6.6 -8.3 8.6 -8.5 -6.7 11 -9.4 -7.6 9.8 -5.9 -7.5 9.8
5 24 -9.1923 17 9.1923 -9.1923 4 9.1923 -4.9751 17 12.0107 -12.0107 4 4.9751
5 24 -17.1 6.1 5.2 -17.2 9.3 7.2 -16.4 7.3 8 -17.7 8.5 3.6
5 24 -14.8 20 9.5 -15.6 20.2 8.7 -15 18.5 9.6 -15.1 21.6 8.7
5 24 9.2 -6.9 8.5 10.5 -6.4 9.7 11.3 -6.1 8.3 8.2 -6.8 10.1
5 24 10.4 -0.1 14.2 11.4 -0.3 13.9 10.7 1.8 15.1 10.5 -2 13.5
5 24 17.8 11 1 16.8 12.7 -1.1 17.6 12.6 1.2 16.8 11.4 -1.4
5 24 -8.8 4.5 -15.2 -11 4.1 -16 -9.3 3.9 -16.3 -10.6 5.9 -13.8
5 24 -3.6 0.2 18.1 -2.2 1.8 17 -2 0.7 17.1 -3.8 2.1 17.4
5 24 -6.1 -0.4 -16.5 -3.8 -0.8 -16.9 -4.8 1 -16.5 -5.1 -2.5 -17
5 24 17.1 2.2 4.8 16.7 1.7 6.6 16.3 0.3 5.1 17.2 3.5 8
5 24 9.6 22.4 10.6 7.8 22 10.5 8.6 23.1 11.3 8.7 21.1 9.7
5 24 -12.2 -4.2 10.4 -12.9 -2.5 10.5 -13.2 -2.4 10.1 -11.8 -3.7 11
5 24 5.2 -8 -7.5 5.3 -8.1 -8.1 7 -6.6 -7.5 3.3 -8.7 -8.4
5 24 12.0107 17 4.9751 12.0107 4 4.9751 9.1923 4 9.1923 13.3 11.5 -1.3
5 24 16.3 19.3 -0.6 14.9 19.3 -1 15.4 21.2 -0.1 16.7 17.6 -0.5
5 24 0 0 -9 3.4443 0 -8.3151 2.4 0.3 -9.7 3.0616 0 -7.3912
5 24 -13 4 0 -11.5134 -3.1 1.4925 -11.3002 -3.1 -2.985 -12.0107 4 4.9751
5 24 12.0107 4 4.9751 13 4 0 12.0107 17 4.9751 11.5134 -3.1 1.4925
5 24 9.8077 -3.1 6.2897 5.2237 -3 10.4474 9.1923 4 9.1923 6.3639 -4.5 6.3639
5 24 4.9751 4 12.0107 0 -3.1 11.7266 5.2237 -3 10.4474 0 4 13
5 24 -4.6 2.5 -12 -6.8 2.1 -10.4 -6.1 3.5 -11.4 -5 0.9 -10.3
5 24 -7.9 22.5 16 -9.1 21.1 15.8 -9 22.5 15.4 -8 21.1 16.3
5 24 11.3 -5.3 6.8 11.3 -6.1 8.3 9.3 -6.7 6.1 13 -3.8 8.7
5 24 6.6 -5.8 13.3 4.9 -5.5 14 6.8 -6.3 12.4 5.6 -5.4 14.6
5 24 0.1 10.3 19.2 -1.1 9.9 19.5 -0.5 8.3 18.8 -0.3 11.8 19.2
5 24 -17.7 8.5 3.6 -17.1 6.1 5.2 -17.2 9.3 7.2 -17.7 5.9 3.1
5 24 15.5 5.1 -3.9 17.1 5.1 -2.5 15.8 2.5 -3.5 16.4 7.6 -3.1
5 24 18.2 8.9 5.2 19.3 8.7 3.9 19.1 10.3 4.4 18.2 7.4 5.1
5 24 2.8 19.9 17.7 3.9 19.7 17.5 3.1 18 17.7 3 21.4 17.5
5 24 3.1 1.1 18.5 4.2 0.9 18.8 4 2.3 19 4.4 -0.8 18.7
5 24 11.2 20.7 6.8 12.1 22.1 7.1 12.6 21.8 6.4 11.6 22.1 8.3
5 24 -14.2 -1.8 4 -13.9 -2.1 6.3 -12.7 -4.3 5.7 -15.8 0.4 5.4
5 24 -13.9 17.9 -6.5 -15.5 16.6 -6.6 -15.1 17.5 -5.9 -14.2 16.5 -7.6
5 24 -13.1 16.5 12.6 -14.4 16 11.4 -13.3 17.7 12.4 -12.6 15.1 13.2
5 24 -7.8 14.3 17.3 -9.2 13 16.8 -8 12.4 17.2 -9.4 15.8 16.7
5 24 3 -6.9 13.5 2.6 -7.8 13.3 -0.4 -5.6 15.7 4.7 -8.3 11.5
5 24 0.7 -7.8 11.2 1.5 -8.2 12.2 -1.9 -6.3 14.4 3 -9 9.5
5 24 -14.4 3.4 11.6 -14.4 1.8 10 -14.9 3.6 10.3 -13.8 1.5 11.2
5 24 11 5 -7 12.6 0.5 -3.6 11.6 6.9 -6 10.7 4 -7.6
5 24 3.8 -0.2 -11.1 4.1 0.8 -10.4 5.2 -0.7 -10.4 2.8 1 -10.7
5 24 11.3 -5.3 6.8 9.3 -6.7 6.1 9.9 -6.1 5 11.3 -6.1 8.3
5 24 -16.7 19.9 -1.7 -16.1 20.8 0.5 -15.4 20.5 -2.6 -16.8 20.1 0.6
5 24 -2.8 23.1 15.3 -1.3 23.6 14.3 -2.4 23.2 14.2 -0.9 23.6 15.8
5 24 -13.1 19.9 0.2 -13.9 20.7 0.3 -13.9 20.8 -1.3 -14.3 20.7 1
5 24 8.3 23.5 13.6 9.3 23.8 13 7.5 23.1 12.1 10 22.6 14.9
5 24 13.3 11.5 -1.3 12.0107 17 4.9751 13 4 0 12.9 15.8 -1.2
5 24 18.2 3.3 2.3 18 3.7 0.6 16.8 0.6 1.6 19.1 5.9 2.6
5 24 -8.5 -6.7 11 -9.5 -4.8 11.7 -8 -6.2 11.6 -10.1 -5.6 11
5 24 10.8 -4.6 12.4 12 -4.7 11.5 9.6 -5.9 11 12.9 -2.5 12.8
5 24 -0.7 -2.3 -10 0 0 -9 0 -2.3 -9 -0.7 0.3 -10.1
5 24 8 19.6 16.6 7.2 17.3 17.6 8.1 17.2 17 6.8 19.7 17.5
5 24 -0.8 -6.9 -11.9 -1.2 -7.7 -9.5 1.2 -7.8 -11.1 -2.9 -7 -9.9
5 24 12.0107 17 4.9751 12.8 18.8 2.8 12.9 15.8 -1.2 12.5 19.6 3.8
5 24 -12.0107 17 4.9751 -11.1 20.6 7 -10.5 20.9 7.9 -11.7 19.9 6.1
5 24 13.3 11.5 -1.3 12.9 15.8 -1.2 12.8 14.4 -2.3 12.0107 17 4.9751
5 24 -0.8 -6.9 -11.9 0.1 -6.5 -12.4 1.1 -7 -11.7 -2.3 -5.9 -12.7
5 24 -12.8 -5.6 0.8 -13 -3.8 2.1 -13.6 -4.1 0.9 -11.5 -6.3 1.7
5 24 19.1 10.3 4.4 18.2 8.9 5.2 17.9 10.9 5.1 19.3 8.7 3.9
5 24 14.8 22.3 5.9 13.2 21.4 4.7 15.1 22.3 4.8 13 21.4 5.7
5 24 10.7 20.5 7.5 9.1923 17 9.1923 10.2 21.2 8.2 11.2 20.7 6.8
5 24 12.0107 17 4.9751 11.2 20.7 6.8 9.1923 17 9.1923 11.5 20.6 6.3
5 24 -3.6 0.2 18.1 -4.4 0 18 -3 -1.5 17.6 -4.1 0.7 18.1
5 24 -3.2 -9.7 4.3 -3.2 -8.9 5.2 -0.2 -10.3 4.4 -7.4 -8.7 4.8
5 24 -7.1 1.2 -16.6 -7.4 3.2 -16.4 -5.9 2.3 -16.3 -9 1.8 -16.9
5 24 -11.5 -6.3 1.7 -12.8 -5.6 0.8 -13 -3.8 2.1 -10.9 -7.3 0.8
5 24 13.8 -5.5 1.8 14.4 -4 3.4 13.1 -5.1 2.6 15.1 -4.2 2.3
5 24 10.2 -6.3 4.1 10.7 -6.5 2.1 13.1 -5.7 3.7 8 -7.1 2.7
5 24 7.4 -7.2 8.6 9.2 -6.9 8.5 8.2 -6.8 10.1 7.6 -7.2 7.6
5 24 -11.3 -1.5 11.2 -11.8 -3.7 11 -10.6 -3.2 11.6 -12.5 -0.7 10.6
5 24 15 11.2 12.6 12.9 11 13.9 13 9.9 13.6 14.2 12.6 14.2
5 24 0.5 -10.2 5.4 0.3 -10.4 4.9 0.2 -10.3 5.3 1.9 -10.2 4.5
5 24 4 -4.4 -11.1 6.1 -3 -9.7 4.4 -5.6 -10.6 5.7 -1.7 -9.8
5 24 -9.1923 4 9.1923 -9.7011 -3.1 6.3963 -12.0107 4 4.9751 -5.4369 -3 10.3408
5 24 14.1 6.6 -6.9 15.4 5.7 -5.6 15.3 9.1 -5.9 13.1 4.8 -7.1
5 24 16.8 0.6 1.6 18 3.7 0.6 16.8 1 -0.1 18.2 3.3 2.3
5 24 18 21.3 3.9 18.2 18.7 4.6 18 18.7 2.2 17.6 21.1 5.1
5 24 12.1 19.7 13.6 11.3 19.7 14.7 11.7 18.6 14.9 11.7 21 14
5 24 -4.5 1.9 -15.6 -2.1 -0.8 -16 -1.9 0.1 -15 -3.8 -0.8 -16.9
5 24 -6.4 3.3 16.9 -7.6 6.2 16.1 -6.8 6.4 17.3 -7 3.1 16.3
5 24 14.2 0.6 -7.2 11.5 -0.7 -9.7 12.6 -2.4 -8.2 12.7 2.2 -8.7
5 24 17 10.4 9.1 16 9.8 10.6 16.3 8.2 10.7 16.1 11.5 9.8
5 24 13 -3.8 8.7 11.3 -6.1 8.3 11.3 -5.3 6.8 12.8 -4.6 10.4
5 24 3.4443 -4.5 8.3151 5.2237 -3 10.4474 6.3639 -4.5 6.3639 0 -3.1 11.7266
5 24 -8.9 7.7 -9.6 -8.8 6.7 -11 -8.4 6.4 -10.1 -9.9 9.1 -10.2
5 24 13.5 -0.1 12.5 14.3 0.3 10.8 14 -1.6 10.2 14.5 1 11
5 24 5.6 -5.4 14.6 6 -5.2 14.7 6.6 -5.8 13.3 5.2 -4 16.9
5 24 -11.2 20.3 15.1 -9.4 18.3 15.4 -9.8 20.2 15.1 -10.7 17.6 15.5
5 24 -15.1 4.9 9.2 -16.8 4.1 7.6 -15.2 3.8 9.2 -15.2 5.9 9.3
5 24 19.3 8.7 3.9 18.2 7.4 5.1 18.2 8.9 5.2 19.1 7.1 3.7
5 24 12.1 22.1 7.1 11.6 22.1 8.3 11.2 20.7 6.8 13.6 23.2 8.5
5 24 -5.6 6.6 18 -4.3 6.9 18 -6.2 9.4 19 -3.9 4.3 17.6
5 24 10.8 11.9 16.1 12.2 10.5 14.7 12.4 12.6 15.4 11.2 10.3 15.4
5 24 -5.4 2 17 -4.5 0.8 18 -4.6 2.3 17.3 -5 0.5 17.7
5 24 -17.3 18.3 0.4 -16.7 19.9 -1.7 -16.8 16.5 -3.4 -16.8 20.1 0.6
5 24 -15.1 21.9 4.5 -16.3 21.4 3.3 -15.3 21.6 3.2 -15.8 21.7 5
5 24 3.4443 0 -8.3151 7.4 0.2 -6.8 5.2 0.4 -8.6 6.3639 0 -6.3639
5 24 8.9 -3.1 15.6 7.1 -4.7 14.2 6.9 -2.8 15.8 8.6 -4.8 14
5 24 -4.3 6.9 18 -3.4 7.8 17.7 -4.8 9.8 18.9 -3 6.8 17.3
5 24 16.4 5.4 10.3 15.5 8.4 12.8 15.5 4.1 12.9 16.3 8.2 10.7
5 24 12.2 14.4 15.9 10 13.7 16.5 10.8 11.9 16.1 10.2 15.7 16.7
5 24 -9.5 23 13.3 -8.5 23.4 14.2 -7.7 23.6 12.4 -9.8 22.2 14.3
5 24 3.9 10.5 18.5 4.8 8.6 18.2 4.7 10.6 18.6 4.4 7.8 18.1
5 24 3.4 -9.8 -3.7 5.5 -9.7 -3.7 5 -9.3 -4.2 3.7 -10.4 -3
5 24 -6.9 -0.8 -9.9 -8.4 -0.8 -8.8 -5.4 -1.6 -9.9 -8.5 4.9 -9.9
5 24 12.6 0.5 -3.6 13 4 0 12.5 6.2 -4 11.5134 -3.1 1.4925
5 24 -19 11.9 3 -17.7 8.5 3.6 -17.7 12 4.4 -18.4 8.7 2
5 24 -8.4 -0.9 -12.6 -8.3 0.2 -16.1 -10 -0.4 -12.4 -7.2 -1.7 -15.6
5 24 -16.2 18.5 7.6 -16.5 16.1 7.6 -15.6 17.5 8.9 -17 16.9 6.4
5 24 1 8.5 19.3 2.5 7.3 19.6 1 6.9 19 2 9.7 19.6
5 24 13.2 20.9 13.4 12.3 22.8 13.4 11.7 21 14 13.6 21.9 12.6
5 24 -7 3.1 16.3 -6.4 3.3 16.9 -7.6 6.2 16.1 -5.4 2 17
5 24 -18.3 3.4 2.1 -18.1 2.5 1.3 -18.4 4.2 0.3 -17.5 1.8 3.3
5 24 -12.0107 17 -4.9751 -11.5 16.8 -6.3 -11.8 13.2 -5.6 -12.4 19.6 -4.5
5 24 15.5 5.1 -3.9 15.8 2.5 -3.5 14.9 3.1 -4.4 17.1 5.1 -2.5
5 24 -18.1 14.6 2.3 -17.9 14.6 3.7 -17.9 16.3 3.1 -19 11.9 3
5 24 -16.2 18.5 7.6 -16.8 18.1 5.2 -16.1 20.3 5.6 -17 16.9 6.4
5 24 -4.9 17.2 17.2 -6.3 18.5 16.4 -5.7 16.8 16.7 -5.8 20.8 17.2
5 24 -7.4 9.3 17.9 -6.2 9.4 19 -5.6 6.6 18 -7.3 11.5 18.3
5 24 -2.6 -9.1 6.8 -2.9 -9.2 6.2 -6.6 -8.3 8.6 0.2 -10.3 5.3
5 24 2 1.7 18 0.7 1.3 18.7 1.4 3.9 18.3 2 -0.6 17.3
5 24 18 9 0.4 19.5 9.5 2.2 17.8 11 1 19.4 8.1 1.2
5 24 17.6 10.5 6.1 17.9 8.4 8.6 18.2 8.9 5.2 17.2 11.3 7.4
5 24 -16.8 4.1 7.6 -15.2 3.8 9.2 -14.8 2 8.8 -15.1 4.9 9.2
5 24 -9.5 -4.8 11.7 -8.8 -4.5 12.8 -10 -2.8 12.1 -8 -6.2 11.6
5 24 -14.4 9.2 12.5 -15.5 9.2 11.7 -14.6 6.6 11.4 -14.5 12 12.4
5 24 -13.6 14.1 -8.8 -14.3 12 -8.4 -15.3 14.7 -7.7 -12.7 12.4 -9.2
5 24 4.2 13.5 18.9 3.9 10.5 18.5 3.2 13.6 18.6 4.7 10.6 18.6
5 24 -3.8 2.1 17.4 -5 3.7 17.6 -3.9 4.3 17.6 -4.6 2.3 17.3
5 24 -1.3 -7.2 -8 -3.5 -7.6 -7 -3.1 -6.4 -8.3 -1.6 -8.1 -6.8
5 24 2.4 23.9 15.5 1.1 22.4 16.1 2.8 22.9 17.1 1 23.3 15.4
5 24 15 11.2 12.6 15.7 11.2 10.5 14.8 13.2 11.3 16 9.8 10.6
5 24 2.5 7.3 19.6 2 9.7 19.6 1 8.5 19.3 3.2 10 19.4
5 24 -13.6 11.6 12.8 -12.9 12 14.8 -13.5 10.2 13.1 -12.6 13.8 14.4
5 24 -10.1 -5.6 11 -9.5 -4.8 11.7 -8.5 -6.7 11 -10.6 -3.2 11.6
5 24 -3.8 2.1 17.4 -3.6 0.2 18.1 -2.2 1.8 17 -4.1 0.7 18.1
5 24 -17.2 20.4 3.3 -16.3 21.4 3.3 -17.2 19.9 4.8 -16.4 21.1 1.5
5 24 -18 3.4 -0.7 -17.5 4.7 -1.4 -16.9 3.3 -2.3 -18.4 4.2 0.3
5 24 -10.6 5.9 -13.8 -8.8 4.5 -15.2 -9 6 -12.8 -11 4.1 -16
5 24 -4.9751 17 12.0107 -4.1 22.5 12.5 -2.9 22.7 12.8 -5 22.2 12.2
5 24 14.7 -2.6 -1.7 15.3 -3.3 -0.9 13.9 -4.3 -2.2 15.9 -1 -0.2
5 24 0.9 -4.7 16.1 1.1 -2.6 17.3 2.2 -4.2 16.3 -0.3 -2.7 17
5 24 7.4 -8.4 -3.6 5.8 -9.8 -2.9 6.3 -9.2 -2 5.5 -9.7 -3.7
5 24 -10.4 -6.4 6.5 -12 -5.6 5.5 -10.7 -7.3 5.3 -12.1 -3.7 7
5 24 6.7 23 12.5 7.5 23.1 12.1 7.5 23.2 13.8 6.4 22.2 11.5
5 24 -4.1 11.8 18.7 -4.8 9.8 18.9 -3.8 9.7 18.4 -4.9 12.1 18.9
5 24 10.6 -6.7 -3 10.5 -6.3 -3.6 12.6 -5.5 -2.9 8.4 -7.1 -3.9
5 24 18.2 3.3 2.3 19.1 5.9 2.6 18 3.7 0.6 18.6 4.7 4.2
5 24 -15.5 21.4 1.8 -16.3 21.4 3.3 -15.3 21.6 3.2 -16.4 21.1 1.5
5 24 17.6 21.1 5.1 16.5 22.5 4 16.3 22.2 4.8 18 21.3 3.9
5 24 -14 21.7 10.6 -12.8 23.1 11 -13.5 22 11.9 -13.7 22.7 10
5 24 10.1 19.3 15.3 8.8 19.4 15.5 8.8 17.2 16.4 9.7 21.1 15.1
5 24 1.2 20.7 16.5 -0.1 22.7 16.6 1.1 22.4 16.1 -0.2 20.5 17.4
5 24 -7.9 18.2 16.3 -8.6 18.2 16 -9.4 15.8 16.7 -7.7 19.6 16.2
5 24 7.9 9.5 18 6.9 9.8 17.7 7.3 7.9 17.9 7.9 11 18
5 24 16.7 9.7 -2.2 17.8 7.7 -1.8 17.6 9.5 -1.7 16.4 7.6 -3.1
5 24 -15.1 1.9 -5.1 -15.9 3.4 -4.5 -15.6 2.4 -6.1 -15.5 2.6 -4.1
5 24 -6.2 9.4 19 -6.2 11.9 19 -7.3 11.5 18.3 -4.8 9.8 18.9
5 24 -0.1 -10.7 1.5 2.2 -11 1.8 -0.2 -11.1 2.3 2 -10.6 0.9
5 24 -4.6 -7 11.5 -5.2 -6.9 10.3 -8 -6.2 11.6 -0.9 -8.6 8.8
5 24 -9 6 -12.8 -10.6 5.9 -13.8 -7.7 4.7 -14.3 -11 7.3 -12.5
5 24 -12 0.6 12 -13.8 1.5 11.2 -12.5 -0.7 10.6 -12.6 2.1 12.3
5 24 -10 -0.3 15.1 -9.5 2.1 16.1 -10.6 1.6 15.3 -8.6 -0.6 15.9
5 24 11.2 7.8 16.1 12.5 7.7 15.6 11.5 8.8 14.9 12.1 6.9 16.2
5 24 -18.1 2.5 1.3 -18.4 4.2 0.3 -18 3.4 -0.7 -18.3 3.4 2.1
5 24 -14.5 20.2 10.6 -14.9 18 10.4 -15 18.5 9.6 -14.5 18 11.1
5 24 -3.5 -4.3 -16.8 -1.1 -3.6 -16.6 -2.4 -2.6 -16.9 -1.5 -5.3 -15.9
5 24 -2.4 16.5 17.5 -1.5 18 18 -1.6 16.3 18 -2.6 18.3 17
5 24 -14 -2.4 -2.7 -13.6 -1.8 -3.6 -12.1 -4 -4 -15.5 -0.5 -1.9
5 24 -4.9 17.2 17.2 -5.7 16.8 16.7 -5.1 15.1 16.8 -6.3 18.5 16.4
5 24 1.1 -7 -11.7 3.3 -7.7 -10.5 1.2 -7.8 -11.1 1.9 -5.9 -11.8
5 24 -16.8 16.5 -3.4 -15.2 19.5 -3.3 -16.7 19.9 -1.7 -16 15.9 -4.9
5 24 -4.1 22.6 16.7 -5.5 22.5 16.5 -4.2 21 17.3 -5.3 23.3 15.4
5 24 7.5 23.1 12.1 8.3 23.5 13.6 9.3 23.8 13 7.5 23.2 13.8
5 24 15.3 -3.3 -0.9 16.2 -1.7 1.3 15.9 -1 -0.2 15.3 -3.8 0.8
5 24 12.2 -5.7 5.8 14.6 -4.7 4.7 13.6 -4.9 6.9 13.1 -5.7 3.7
5 24 17.9 12.5 5.3 17.2 11.3 7.4 17.7 13.5 7.7 17.6 10.5 6.1
5 24 -3.9 23.5 15.7 -2.8 23.1 15.3 -4.1 22.6 16.7 -3.3 23.6 14
5 24 1 6.9 19 2.5 7.3 19.6 2.8 5.9 19 1 8.5 19.3
5 24 8.9 11.3 18 7.6 12.3 18 7.9 11 18 8.3 12.8 17.9
5 24 6 10.6 18.4 7 11.1 17.8 6.1 12.1 18.6 6.9 9.8 17.7
5 24 -14.3 -1.5 2.7 -16.7 0.5 2.5 -15.8 0.6 3.8 -14.8 -1.8 1.8
5 24 8.3151 -4.5 -3.4443 11.087 -3.3 -3.0916 7.9 -3.2 -4.6 9 -4.5 0
5 24 5.2237 -3 10.4474 9.1923 4 9.1923 4.9751 4 12.0107 9.8077 -3.1 6.2897
5 24 11.5134 -3.1 1.4925 12.6 0.5 -3.6 11.087 -3.3 -3.0916 13 4 0
5 24 -14.5 5 10.3 -15.2 5.9 9.3 -15.1 4.9 9.2 -15 6.6 10.2
5 24 15.9 -1 -0.2 14.7 -2.6 -1.7 15.3 -3.3 -0.9 15.4 -0.4 -1.1
5 24 14.4 -5.5 0.2 13.8 -5.5 1.8 12.6 -6.5 -0.5 15.1 -4.2 2.3
5 24 4 -3.9 16.8 4.7 -2.7 18.1 3.3 -2.8 17.7 5.2 -4 16.9
5 24 8.3 12.8 17.9 7.8 13.7 17.8 8.3 14.1 17.7 7.4 13.3 17.8
5 24 17.1 2.2 4.8 16.3 0.3 5.1 16.3 0.1 4.5 16.7 1.7 6.6
5 24 7 -6 -8 4.9 -6.9 -10 5.3 -8.1 -8.1 6.4 -4.4 -9.3
5 24 -12.9 20.4 12.9 -12.6 20.3 14.1 -13.3 17.7 12.4 -11.9 22.6 13.2
5 24 -18.1 14.6 2.3 -17.8 16.3 1.4 -17.9 16.3 3.1 -18 14.6 0.9
5 24 1 0.8 -10.7 2.3 0.4 -11.7 1.4 -0.2 -13.1 2.8 1 -10.7
5 24 4.7 22.3 15.9 6.1 22.6 16.4 4.7 20.5 16.5 5.3 23.5 15
5 24 8.8 17.2 16.4 7.6 15.5 16.7 8.2 15.2 16.5 8.1 17.2 17
5 24 1.5 23 13.1 0 17 13 2.7 22.9 12.9 0.8 22.8 13.1
5 24 13.1 7.1 15 13.8 7.7 13.8 12.9 8.2 15.1 13.8 5.7 13.7
5 24 -15 6.6 10.2 -15.8 7.3 9.1 -15.8 9.3 10.3 -15.2 5.9 9.3
5 24 -3.2 12.8 19.2 -4.1 11.8 18.7 -2.8 9.8 19.2 -4 13.5 18.2
5 24 -9.1 -6.2 -8.2 -10.6 -6.3 -5.1 -7.1 -7.7 -4.4 -10.8 -5.1 -8.1
5 24 -12.6 13.8 14.4 -11.1 15.7 14.7 -11.6 11.7 15.3 -12 15.9 14.1
5 24 11.5 8.8 14.9 12.5 7.7 15.6 12.9 8.2 15.1 11.2 7.8 16.1
5 24 6 23.4 12.8 5.3 23.5 15 4.7 23.4 13.3 6.6 23.6 14.4
5 24 -16.4 14.6 -5.3 -15.5 16.6 -6.6 -16 15.9 -4.9 -15.3 14.7 -7.7
5 24 17.9 8.4 8.6 18.2 7.4 5.1 17.6 5.6 8.3 18.2 8.9 5.2
5 24 -15.5 9.2 11.7 -15.8 9.3 10.3 -15 6.6 10.2 -15.3 12.1 11.6
5 24 3.3 -7.7 -10.5 1.9 -5.9 -11.8 1.1 -7 -11.7 4.4 -5.6 -10.6
5 24 10 -4.2 12.6 11.5 -2.4 13.5 10.8 -4.6 12.4 10.5 -2 13.5
5 24 -8.3 0.2 -16.1 -10 -0.4 -12.4 -8.4 -0.9 -12.6 -10 0.4 -16.5
5 24 4 -10.7 -2 0.7 -10.9 -1 0.6 -10.5 -2.1 1.9 -11.1 0
5 24 1.5 -8.2 12.2 4.3 -8.8 10.8 2.1 -8.2 12.8 3.9 -9.1 10.2
5 24 16.9 18.8 1.5 16.7 17.6 -0.5 16.3 19.3 -0.6 17.6 16.7 1.5
5 24 -11.7 19.9 6.1 -12.0107 17 4.9751 -11.1 20.6 7 -12.1 20.1 5
5 24 -13 20.1 -1.4 -13 17 0 -12.0107 17 -4.9751 -13.1 19.9 0.2
5 24 0 17 13 -4.9751 17 12.0107 -2.2 22.4 13 0 4 13
5 24 -13.2 1.1 -13.3 -12 0.4 -12.2 -12 0.4 -15.4 -13.2 1.4 -11.4
5 24 -7.9 8.1 16.1 -10.3 6.6 16.7 -7.6 6.2 16.1 -9.5 9 15.7
5 24 8.2 0.8 17.1 8.9 3.9 15.4 9.9 1.8 15.1 8.2 4.2 15.9
5 24 -7 -3.6 -12.5 -7.8 -4.9 -9.9 -9.8 -4 -11.5 -5.1 -5.8 -10.1
5 24 -2 -3.5 16.5 0.3 -4.8 15.6 -0.9 -2.7 16.4 -0.4 -5.6 15.7
5 24 16.2 -1.7 1.3 16.8 0.6 1.6 15.9 -1 -0.2 16.8 0.2 3.3
5 24 15.9 -1 -0.2 16.8 0.6 1.6 16.2 -1.7 1.3 16.8 1 -0.1
5 24 4.4 -0.8 18.7 2.9 -1.1 18.3 4.7 -2.7 18.1 3.1 1.1 18.5
5 24 -5 3.7 17.6 -6.4 3.3 16.9 -6.8 6.4 17.3 -5.4 2 17
5 24 -15.8 0.6 3.8 -16.7 0.5 2.5 -14.3 -1.5 2.7 -17.5 1.8 3.3
5 24 -6.3 18.5 16.4 -7.2 18.3 16.4 -6.8 16.6 17.1 -7.7 19.6 16.2
5 24 -13.9 20.8 -1.3 -14.9 21.1 -0.6 -13.9 20.7 0.3 -14.8 21 -1.8
5 24 3 -9 9.5 0.2 -8.4 10.4 0.7 -7.8 11.2 2.7 -9.8 8.7
5 24 -12.1 -4 -4 -10.6 -6.3 -5.1 -10.4 -5.9 -3.8 -12.4 -4 -5.2
5 24 10.4 -7 -1.5 12.7 -6.1 -2.1 12.6 -6.5 -0.5 10.6 -6.7 -3
5 24 -12.3 -4.5 9.5 -10.7 -6.4 10.1 -12.2 -4.2 10.4 -11.1 -6.7 8.9
5 24 -15.5 -0.5 -1.9 -15.3 1.1 -3 -13.6 -1.8 -3.6 -17.1 1.4 -1.5
5 24 9.2 9.5 18.1 7.9 11 18 7.9 9.5 18 8.9 11.3 18
5 24 -10.7 -6.4 10.1 -9.4 -7.6 9.8 -8.5 -6.7 11 -11.1 -6.7 8.9
5 24 -16.1 12 8.7 -15.7 12.1 10.2 -16.1 9.5 8.9 -15.5 13.9 9
5 24 -12.7 12.4 -9.2 -13.6 14.1 -8.8 -14.3 12 -8.4 -11.8 14.4 -8.7
5 24 11.2 7.8 16.1 10.5 7.8 16.8 9.4 5.7 15.6 10.5 9.8 17.5
5 24 12.5 19.6 3.8 12.0107 17 4.9751 12.1 20 4.8 12.8 18.8 2.8
5 24 12 5 -7.2 11.6 6.9 -6 12.8 6.9 -6.7 11 5 -7
5 24 -1.3 1.1 18.4 0.8 -0.9 17.9 -0.9 -1 17.8 0.7 1.3 18.7
5 24 3.1 5 18.6 3.7 3.7 19.2 3.8 5.2 18.4 2.9 3.5 19.3
5 24 15.5 8.4 12.8 13.8 5.7 13.7 13.8 7.7 13.8 15.5 4.1 12.9
5 24 12.8 14.4 -2.3 13.3 11.5 -1.3 12.7 12.4 -2.8 12.9 15.8 -1.2
5 24 -0.1 -10.7 1.5 -0.2 -11 0.5 -3.2 -9.9 0.6 2 -10.6 0.9
5 24 -1.3 22.8 16.8 -3 22.4 16.1 -3 21.1 16.6 -2.8 23.1 15.3
5 24 -15.8 9.3 10.3 -16.1 9.5 8.9 -15.8 7.3 9.1 -15.7 12.1 10.2
5 24 0 17 13 -2.2 22.4 13 -1.3 22.8 13.1 -4.9751 17 12.0107
5 24 -9.2 -1.1 -7.9 -9.1923 4 -9.1923 -12.0107 4 -4.9751 -8.4 -0.8 -8.8
5 24 -5.4 -1.6 -9.9 -6.3639 -4.5 -6.3639 -8.4 -0.8 -8.8 -3.5 -2.95 -8.35
5 24 13.2 20.9 13.4 12.1 19.7 13.6 13.5 19.9 12.9 11.7 21 14
5 24 -3.4443 -4.5 8.3151 0 -3.1 11.7266 0 -4.5 9 -5.4369 -3 10.3408
5 24 -1.2 -6.1 15.2 2.6 -7.8 13.3 -0.4 -5.6 15.7 2.1 -8.2 12.8
5 24 -4.8 1 -16.5 -6.1 -0.4 -16.5 -7.1 1.2 -16.6 -3.8 -0.8 -16.9
5 24 17.7 13.5 7.7 16.4 11.8 8.9 16.5 13.3 9 17.2 11.3 7.4
5 24 5.6 -7.6 11.2 6.8 -7.1 10.5 5.9 -7.3 11.6 7.1 -7.1 9.7
5 24 -7.3 11.5 18.3 -6.2 9.4 19 -7.4 9.3 17.9 -6.2 11.9 19
5 24 -11.7 4.2 13.5 -10.9 3.9 15.2 -11.7 5.6 15.3 -11.5 2.5 13.5
5 24 12.3 22.8 13.4 11.4 23.6 11.4 10.3 23.1 12 13.1 22.9 12
5 24 -10.3 6.6 16.7 -7.6 6.2 16.1 -7.9 8.1 16.1 -8.8 5.2 16.2
5 24 3.5 -6.6 13.8 2.2 -4.2 16.3 0.9 -4.7 16.1 4.4 -6.1 14.2
5 24 11.4 23.6 11.4 10.3 23.1 12 12.3 22.8 13.4 10.2 22.5 9.8
5 24 3.2 10 19.4 3.9 10.5 18.5 4.4 7.8 18.1 2.3 13.3 19.5
5 24 -14.5 5.5 -9.6 -14.6 6.8 -10.3 -14.5 5.3 -10.7 -14.9 7.5 -8.1
5 24 4.2 13.5 18.9 6.1 12.1 18.6 4.7 10.6 18.6 5.6 14.1 18.6
5 24 12.9 8.2 15.1 12.3 9.5 14.1 11.5 8.8 14.9 13.5 9 13.7
5 24 7.6 4.2 16.3 8.2 0.8 17.1 8.2 4.2 15.9 6.9 4.1 16.6
5 24 0.2 6.3 18.4 1.4 5.6 18.7 1 6.9 19 0.7 5 18.3
5 24 -17.4 3.3 4.8 -17.8 2.7 3.8 -17 2.1 4.8 -18.1 3.6 3.4
5 24 -9.9 9.1 -10.2 -12.4 10 -10.3 -10.7 8.8 -11.3 -10.7 10 -9.7
5 24 -10.6 -6.3 -5.1 -12.4 -3.7 -7.6 -12.4 -4 -5.2 -10.8 -5.1 -8.1
5 24 15.3 22.3 3.8 16.5 22.5 4 16.3 22.2 4.8 15.4 22.4 3
5 24 2.9 3.5 19.3 3.1 5 18.6 3.7 3.7 19.2 2.1 4.7 18.5
5 24 -1.1 9.9 19.5 -2.3 8.3 18.4 -2.8 9.8 19.2 -0.5 8.3 18.8
5 24 11.6 6.9 -6 12.6 0.5 -3.6 12.5 6.2 -4 11 5 -7
5 24 14.1 14 12.6 14.2 12.6 14.2 12.6 14.5 14.1 14.8 13.2 11.3
5 24 -13 2.6 -15.3 -13.2 1.1 -13.3 -12 0.4 -15.4 -13.9 4.3 -13.2
5 24 0.8 -0.9 17.9 2 -0.6 17.3 1.1 -2.6 17.3 0.7 1.3 18.7
5 24 -6.1 -0.4 -16.5 -5.1 -2.5 -17 -3.8 -0.8 -16.9 -7.2 -1.7 -15.6
5 24 14.8 22.8 9.8 15.3 21.8 10.8 15.9 20.3 10.2 13.5 22.8 10.9
5 24 16.4 17.7 8.8 15.9 20.3 10.2 16.5 20.2 7.9 16.2 17.6 10.4
5 24 -10.6 -3.2 11.6 -10.1 -5.6 11 -11.8 -3.7 11 -9.5 -4.8 11.7
5 24 2.8 22.9 17.1 4.7 22.3 15.9 3.9 21.3 17 3.5 23.7 15.3
5 24 6.4 -5 14.6 6 -5.2 14.7 6.6 -5.8 13.3 6.1 -3.6 16.8
5 24 1 6.9 19 0.2 6.3 18.4 1.4 5.6 18.7 0.3 8.3 18.9
5 24 -14 3.2 -10.5 -13.9 0.8 -10.5 -13.2 1.4 -11.4 -14.6 2.7 -9.8
5 24 2.2 -4.2 16.3 2.9 -3.7 16 2.1 -2.2 16.7 4.4 -6.1 14.2
5 24 -13.3 17.7 12.4 -14.5 18 11.1 -14.1 20.4 11.9 -14.4 16 11.4
5 24 -12 0.4 -15.4 -11.1 2.2 -16.8 -13 2.6 -15.3 -10 0.4 -16.5
5 24 -8.9 7.7 -9.6 -9.1923 4 -9.1923 -8.5 4.9 -9.9 -10.4 8 -7.8
5 24 12.2 10.5 14.7 11.2 10.3 15.4 12.3 9.5 14.1 10.8 11.9 16.1
5 24 -18.1 14.6 2.3 -19 11.9 3 -17.9 14.6 3.7 -19.1 12.2 1
5 24 -5.9 22.8 14.8 -7.4 23.3 14.8 -6.2 22.2 15.6 -6.3 23.5 13.1
5 24 13 17.3 -0.8 12.8 18.8 2.8 12.9 15.8 -1.2 13 19.4 1.1
5 24 -5.6 6.6 18 -7.4 9.3 17.9 -6.8 6.4 17.3 -6.2 9.4 19
5 24 -4.3 -5.1 -15.4 -3.5 -4.3 -16.8 -1.5 -5.3 -15.9 -6.2 -3.8 -15.8
5 24 7.9 11 18 8.9 11.3 18 9.2 9.5 18.1 7.6 12.3 18
5 24 -13.6 -1.1 7.6 -13.2 -2.8 9.9 -14.1 0 8.1 -12.1 -3.7 7
5 24 16.2 20.4 0.3 15.4 21.2 -0.1 16.3 19.3 -0.6 16.5 21.2 1.9
5 24 15.4 -2.2 4.2 15.1 -4.2 2.3 16 -2.1 2.9 14.4 -4 3.4
5 24 12.3 5.4 16 12.1 6.9 16.2 12.7 6.8 15.8 11.1 5.4 16.2
5 24 -1.5 13 19.4 -0.3 11.8 19.2 -1.1 9.9 19.5 -0.3 15.3 18.3
5 24 -8 12.4 17.2 -7.3 11.5 18.3 -6.9 12.3 18.5 -8.2 10.4 16.6
5 24 -10.7 10 -9.7 -12 11.6 -9.6 -12.5 10.6 -9.8 -10.8 12.8 -8.8
5 24 -14.5 21.6 9.2 -13.7 22.7 10 -14 21.7 10.6 -13.8 22.4 8.6
5 24 3.1 -8.5 -7.7 3.3 -8.7 -8.4 1 -8.5 -9 5.2 -8 -7.5
5 24 -11.9 -6.2 3 -9.8 -7.8 2.4 -10.7 -7.3 5.3 -11.5 -6.3 1.7
5 24 1.9 -5.9 -11.8 1.1 -7 -11.7 3.3 -7.7 -10.5 0.1 -6.5 -12.4
5 24 -17.5 4.7 -1.4 -17.6 5.2 -2.5 -16.9 3.3 -2.3 -17.8 6.6 -1.5
5 24 3.3 -8.7 -8.4 5.2 -8 -7.5 3.1 -8.5 -7.7 5.3 -8.1 -8.1
5 24 -14.8 2 8.8 -16.8 4.1 7.6 -16.6 2 7 -15.2 3.8 9.2
5 24 8.1 -0.1 -9.5 9.3 2.1 -8.4 10.2 1 -9.4 7.6 1.1 -8.6
5 24 7.9 -3.2 -4.6 11.087 -3.3 -3.0916 8.3151 -4.5 -3.4443 9.7 0.5 -6.1
5 24 -12.0107 4 4.9751 -9.1923 4 9.1923 -12.0107 17 4.9751 -9.7011 -3.1 6.3963
5 24 -12.0107 4 -4.9751 -9.2 -1.1 -7.9 -10.2342 -3.1 -5.6501 -9.1923 4 -9.1923
5 24 -8.4 -0.8 -8.8 -6.3639 -4.5 -6.3639 -9.2 -1.1 -7.9 -5.4 -1.6 -9.9
5 24 -17.2 9.6 -2.8 -16.7 10.1 -5.6 -16.9 7.3 -3.3 -18 12.4 -2.8
5 24 15.7 0.5 9.2 16.3 1.5 7.5 16.2 -1.4 6.6 16.1 3.4 9.8
5 24 17 10.4 9.1 17.2 11.3 7.4 16.4 11.8 8.9 17.9 8.4 8.6
5 24 -17.2 19.9 4.8 -16.3 21.4 3.3 -17.2 20.4 3.3 -15.8 21.7 5
5 24 -4.8 9.8 18.9 -3.8 9.7 18.4 -4.1 11.8 18.7 -3.4 7.8 17.7
5 24 -12 0.6 12 -10.9 0.5 13.1 -11.3 -1.5 11.2 -12.6 2.1 12.3
5 24 -8.5 -6.7 11 -10.7 -6.4 10.1 -10.1 -5.6 11 -9.4 -7.6 9.8
5 24 -13.8 10.7 -8.7 -12.7 12.4 -9.2 -14.3 12 -8.4 -12 11.6 -9.6
5 24 6 -9.1 5.6 4.7 -9.9 3.9 6.7 -8.7 2.5 1.9 -10.3 6.2
5 24 0.7 10.5 19.5 1.3 13.1 19.9 0.3 12 19.7 1 8.5 19.3
5 24 -2.2 -8.8 7.3 0.8 -9.8 6 -1.6 -8.2 7.8 0.5 -10.2 5.4
5 24 -6.3 18.5 16.4 -6.8 16.6 17.1 -7.2 18.3 16.4 -5.7 16.8 16.7
5 24 8 22.3 15.1 10 22.6 14.9 8.6 21 15.3 8.3 23.5 13.6
5 24 5.6 -5.4 14.6 4.9 -5.5 14 6.6 -5.8 13.3 4 -3.9 16.8
5 24 1.8 -10.4 4 -0.2 -10.8 3.9 2.2 -10.9 3.1 -0.2 -10.3 4.4
5 24 -11.1 -6.7 8.9 -10.7 -6.4 10.1 -12.3 -4.5 9.5 -9.4 -7.6 9.8
5 24 1.2 20.7 16.5 3 21.4 17.5 1.1 22.4 16.1 2.1 18.3 17.6
5 24 -13.9 20.7 0.3 -13.9 20.8 -1.3 -14.9 21.1 -0.6 -13.1 19.9 0.2
5 24 -0.7 16.2 18.1 -0.3 15.3 18.3 -1.3 15.1 18.6 0.1 16.1 18.1
5 24 15.8 22.1 6.9 14.8 22.3 5.9 16.2 22.2 6 14.5 22.5 6.9
5 24 15.9 13.2 10.3 15.7 11.2 10.5 16.1 11.5 9.8 14.8 13.2 11.3
5 24 0 17 13 0.8 22.8 13.1 1.5 23 13.1 -0.2 22.9 13.2
5 24 8.1 17.2 17 8.8 17.2 16.4 8 19.6 16.6 7.6 15.5 16.7
5 24 -15.3 21.9 5.6 -14.4 22.8 7.9 -15.1 21.6 8.7 -13.3 22 6.1
5 24 -3.7 2.1 -14.8 -4.6 2.5 -12 -2.2 1.4 -11.6 -5.5 3.7 -14.3
5 24 14.4 16.8 13.1 12.6 16 14.2 14.3 15.4 12.7 12.5 17.1 14.2
5 24 -14.1 0 8.1 -15.5 0.2 6.8 -13.6 -1.1 7.6 -14.8 2 8.8
5 24 14.8 13.2 11.3 15 11.2 12.6 14.2 12.6 14.2 15.7 11.2 10.5
5 24 16.5 13.3 9 15.9 13.2 10.3 16.1 11.5 9.8 16.8 15.3 9.3
5 24 13.8 21.2 3.6 15.3 22.3 3.8 15.1 22.3 4.8 15.4 22.4 3
5 24 -0.4 -5.6 15.7 3 -6.9 13.5 2.6 -7.8 13.3 0.3 -4.8 15.6
5 24 -10.8 12.8 -8.8 -10.7 10 -9.7 -10.6 11.4 -8.9 -12 11.6 -9.6
5 24 -2.6 -9.1 6.8 -2.2 -8.8 7.3 -6.6 -8.3 8.6 0.2 -10.3 5.3
5 24 10.2 22.5 9.8 10.9 22.5 8.9 11.4 23.6 11.4 9.5 21.4 9.1
5 24 4.3 23 14.7 3 23.6 13.8 3.5 23.7 15.3 3.9 23.1 13.5
5 24 -3.9 23.5 15.7 -5.3 23.3 15.4 -3.3 23.6 14 -4.1 22.6 16.7
5 24 -14 3.2 -10.5 -15 4.8 -9 -14.5 5.5 -9.6 -14.6 2.7 -9.8
5 24 17.7 18.7 5.5 18.2 18.7 4.6 18.1 16.7 5.6 17.6 21.1 5.1
5 24 13 4 0 13.3 11.5 -1.3 12.0107 4 4.9751 12.5 6.2 -4
5 24 14.9 19.3 -1 13.1 18.8 -0.2 14.1 21.3 0.6 14.9 17.3 -1
5 24 -6.8 6.4 17.3 -5 3.7 17.6 -6.4 3.3 16.9 -5.6 6.6 18
5 24 -12.4 -3.7 -7.6 -13 -1.8 -7.8 -11.9 -3.2 -8.4 -13.4 -2.2 -7.2
5 24 -13 7.9 -11.9 -11.8 8.5 -11.7 -11 7.3 -12.5 -12.4 9.4 -10.7
5 24 0.3 -10.4 4.9 -0.2 -10.3 4.4 -2.9 -9.2 6.2 1.8 -10.4 4
5 24 0.8 18.1 17.3 1.4 17.1 17.8 2.1 18.3 17.6 0.1 16.1 18.1
5 24 -4.2 21 17.3 -5.5 22.5 16.5 -4.1 22.6 16.7 -5.8 20.8 17.2
5 24 16 -2.1 2.9 15.4 -2.2 4.2 16.3 0.1 4.5 15.1 -4.2 2.3
5 24 14.7 17.6 11.7 14.4 16.8 13.1 14.8 15.3 11.5 14.2 20 11.6
5 24 2.1 -8.2 12.8 2.6 -7.8 13.3 -1.2 -6.1 15.2 4.3 -8.8 10.8
5 24 -3.4 7.8 17.7 -4.8 9.8 18.9 -3.8 9.7 18.4 -4.3 6.9 18
5 24 8.4 5.4 16.5 7.5 5.1 16.9 7.6 4.2 16.3 9.1 7.7 17.9
5 24 -2.4 4 17.4 -3.9 4.3 17.6 -3 6.8 17.3 -3.8 2.1 17.4
5 24 8.2 0.8 17.1 9.9 1.8 15.1 8.8 -1.2 16.6 8.9 3.9 15.4
5 24 4.9751 17 12.0107 4.5 22.8 12.3 5.6 22.7 11.8 3.7 22.3 12.6
5 24 14.2 12.6 14.2 12.6 14.5 14.1 14.1 14 12.6 12.9 12.7 14.6
5 24 -18.1 18.4 3.1 -17.6 17.8 4.3 -17.9 16.3 3.1 -17.2 19.9 4.8
5 24 -0.3 -2.7 17 0.8 -0.9 17.9 1.1 -2.6 17.3 -0.9 -1 17.8
5 24 -15.6 2.4 -6.1 -15 4.8 -9 -15.4 6.6 -7.8 -15.1 1.2 -7.7
5 24 4 -3.1 -12.2 4.1 -3.8 -11.7 2.5 -4.2 -14 5.6 -0.8 -10
5 24 18.1 16.7 5.6 18.7 16.7 4.7 18.2 18.7 4.6 18.9 14.3 4.8
5 24 -3 21.1 16.6 -1.7 20.6 17.8 -2.6 18.3 17 -1.3 22.8 16.8
5 24 5 -9.3 -4.2 3.2 -9.9 -4.8 3.4 -9.8 -3.7 4.9 -9.6 -5.2
5 24 7.6 21.2 16.4 8 22.3 15.1 8.6 21 15.3 7 22.6 16.1
5 24 0.2 -10.3 5.3 0.5 -10.2 5.4 -2.2 -8.8 7.3 0.3 -10.4 4.9
5 24 12.8 18.8 2.8 12.9 15.8 -1.2 13 17.3 -0.8 12.0107 17 4.9751
5 24 -5.4369 -3 10.3408 -9.1923 4 9.1923 -4.9751 4 12.0107 -9.7011 -3.1 6.3963
5 24 5.5 0.7 -9 5.2 0.4 -8.6 5.1 0.7 -9.3 5.9 0.6 -8.6
5 24 -17.3 18.3 0.4 -18 18.4 1.6 -17.8 16.3 1.4 -17.3 20.2 1.7
5 24 1.2 20.7 16.5 -0.2 20.5 17.4 0.8 18.1 17.3 -0.1 22.7 16.6
5 24 -11.1 -7.2 -1.2 -12.9 -5.2 -1.5 -12.8 -5.6 0.8 -10.7 -6.5 -3
5 24 -18 3.4 -0.7 -16.9 3.3 -2.3 -17.5 4.7 -1.4 -17.1 1.4 -1.5
5 24 6 -8.3 6.8 6 -9.1 5.6 3 -9 9.5 7.8 -7.1 5.1
5 24 17.9 14.1 1.6 17.4 14.4 -0.7 17.4 15.9 -0.6 17.6 12.6 1.2
5 24 13 -3.8 8.7 13.6 -4.9 6.9 14.8 -3.5 8.1 11.3 -5.3 6.8
5 24 -15.9 3.4 -4.5 -15.9 7.1 -6.3 -16.1 3.8 -3.7 -15.4 6.6 -7.8
5 24 -12.6 13.8 14.4 -12.6 15.1 13.2 -13.2 13.3 12.2 -12 15.9 14.1
5 24 -5.6 -2 15.7 -4 -4.3 15.5 -4.9 -1.9 16.8 -4.9 -3.9 14.6
5 24 -7.1 13.4 17.3 -6.2 15 17.2 -7.8 14.3 17.3 -5.5 13.9 17.5
5 24 -14.8 20 9.5 -15.1 21.6 8.7 -14.5 21.6 9.2 -15.6 20.2 8.7
5 24 2.8 1 -10.7 3.8 -0.2 -11.1 2.3 0.4 -11.7 4.1 0.8 -10.4
5 24 -17 14.2 6.1 -16.3 15.6 8 -16.5 16.1 7.6 -17 13.4 7.2
5 24 -15.5 13.9 9 -14.9 15.9 10.5 -14.4 13.8 10.9 -15.2 16 9.3
5 24 10.9 22.5 8.9 12.2 23.6 10.4 10.2 22.5 9.8 12.7 23.3 9.5
5 24 -5.4369 -3 10.3408 -3.4443 -4.5 8.3151 0 -3.1 11.7266 -6.3639 -4.5 6.3639
5 24 2.8 19.9 17.7 3.1 18 17.7 2.1 18.3 17.6 3.9 19.7 17.5
5 24 5.2 0.4 -8.6 5.9 0.6 -8.6 7.4 0.2 -6.8 5.5 0.7 -9
5 24 17.1 5.1 -2.5 16.2 1.6 -1 17.2 4.4 -0.3 15.8 2.5 -3.5
5 24 10.2 21.2 8.2 10.9 22.5 8.9 9.5 21.4 9.1 11.6 22.1 8.3
5 24 5.6 -0.8 -10 5.7 -1.7 -9.8 6.3 -0.3 -9.3 4.1 -3.8 -11.7
5 24 -3.4 14.9 17.6 -2.7 15.1 18.3 -2.4 16.5 17.5 -4 13.5 18.2
5 24 -2.2 5.9 18.4 -1.4 6.3 18.9 -1.8 6.3 18.6 -1.9 5 18.3
5 24 -13.9 9.7 -9.5 -14.5 9.7 -8.4 -14.7 8.8 -9.2 -13.8 10.7 -8.7
5 24 -13.2 13.3 12.2 -14.5 12 12.4 -13.6 11.6 12.8 -14.4 13.8 10.9
5 24 7.8 13.7 17.8 7.1 14.3 16.9 6.6 13.5 17.4 8.3 14.1 17.7
5 24 -6.2 11.9 19 -6.2 12.8 18.6 -6.9 12.3 18.5 -5.1 12.8 18.8
5 24 10 22.6 14.9 9.7 21.1 15.1 8.6 21 15.3 11 21 14.8
5 24 -3.2 -10.1 2.4 -3.1 -9.7 1.5 -0.2 -11.1 2.3 -7.2 -8.5 1.6
5 24 17.9 12.5 5.3 17.7 13.5 7.7 18.2 14.1 5.6 17.2 11.3 7.4
5 24 -1.1 9.9 19.5 -2.8 9.8 19.2 -2.3 8.3 18.4 -1.5 13 19.4
5 24 -14.5 5.3 -10.7 -14 3.2 -10.5 -14.5 5.5 -9.6 -14 3.2 -11.6
5 24 3.8 -0.2 -11.1 5.2 -0.7 -10.4 4 -3.1 -12.2 4.1 0.8 -10.4
5 24 -15.6 -1 0 -17.1 1.4 -1.5 -15.5 -0.5 -1.9 -17.3 0.9 0.6
5 24 -14.6 0.9 -6.3 -14.1 -0.7 -6.5 -14.6 0.6 -5.9 -13.9 -0.2 -7.2
5 24 -2.2 1.4 -11.6 -1.9 0.1 -15 -0.5 0.9 -11.1 -3.7 2.1 -14.8
5 24 11.9 1.7 14.5 11.4 -0.3 13.9 10.7 1.8 15.1 12.6 -0.3 13.3
5 24 12.4 -4.8 -5.5 12.6 -5.6 -3.8 10.6 -6.3 -4.5 13.7 -3.4 -4.8
5 24 -13 -4.2 3.3 -14.2 -1.8 4 -12.7 -4.3 5.7 -13 -3.8 2.1
5 24 13.1 22.9 12 13.5 22.8 10.9 13.9 22 11.5 12.2 23.6 10.4
5 24 -2.9 -7 -9.9 -0.8 -6.9 -11.9 -1.2 -7.7 -9.5 -2.3 -5.9 -12.7
5 24 -10 0.4 -16.5 -9 1.8 -16.9 -8.3 0.2 -16.1 -11.1 2.2 -16.8
5 24 -17.9 16.3 3.1 -18.1 14.6 2.3 -17.8 16.3 1.4 -17.9 14.6 3.7
5 24 -17.6 17.8 4.3 -16.8 18.1 5.2 -17.3 16.4 4.5 -17.2 19.9 4.8
5 24 3 -6.9 13.5 3.5 -6.6 13.8 0.9 -4.7 16.1 5.6 -7.6 11.2
5 24 13.1 -5.7 3.7 10.2 -6.3 4.1 10.7 -6.5 2.1 12.2 -5.7 5.8
5 24 9.6 22.4 10.6 8.6 23.1 11.3 10.3 23.1 12 7.8 22 10.5
5 24 -12 -3.6 -10.1 -10.9 -1.6 -11.9 -12.8 -0.5 -11.5 -9.8 -4 -11.5
5 24 6.1 8.9 17.8 4.7 10.6 18.6 4.8 8.6 18.2 6 10.6 18.4
5 24 -5.3 23.3 15.4 -6.2 22.2 15.6 -5.5 22.5 16.5 -5.9 22.8 14.8
5 24 13 17.3 -0.8 14.9 17.3 -1 13.1 18.8 -0.2 12.9 15.8 -1.2
5 24 -0.2 -10.8 3.9 -0.2 -11.1 2.3 2.2 -10.9 3.1 -3.2 -10.1 2.4
5 24 15.4 22.4 3 16 21.9 2.3 15.2 22 2.6 16.3 22.1 2.8
5 24 16.9 18.8 1.5 18 18.7 2.2 17.6 16.7 1.5 17.6 21.3 2.6
5 24 -0.2 -6.1 -13.2 0.4 -5.6 -14.6 1.9 -5.9 -11.8 -2 -6.1 -14.2
5 24 -11.5 16.8 -6.3 -12 16.7 -7.1 -10.7 13.9 -7.4 -12.5 18.2 -7
5 24 6 23.4 12.8 7.5 23.2 13.8 6.6 23.6 14.4 6.7 23 12.5
5 24 -1.3 22.8 16.8 -2.8 23.1 15.3 -3 22.4 16.1 -0.9 23.6 15.8
5 24 -17.9 14.6 3.7 -17.7 12 4.4 -17.4 14.8 4.8 -19 11.9 3
5 24 7 -6.6 -7.5 8.2 -5.5 -6.9 8.1 -5 -7.4 7.2 -7.2 -6.9
5 24 2.1 4.7 18.5 2.9 3.5 19.3 3.1 5 18.6 1.4 3.9 18.3
5 24 8.1 -0.1 -9.5 6.3 -0.3 -9.3 6.7 -1.6 -9.2 7.6 1.1 -8.6
5 24 -12.0107 4 -4.9751 -11.3002 -3.1 -2.985 -13 4 0 -10.2342 -3.1 -5.6501
5 24 -5 22.2 12.2 -4.9751 17 12.0107 -4.1 22.5 12.5 -5.8 22.6 11.8
5 24 18.9 14.1 2.5 18.9 14.3 4.8 18.7 12.9 4.4 18.7 16.7 4.7
5 24 -6.2 -3.8 -15.8 -5.1 -2.5 -17 -7.2 -1.7 -15.6 -3.5 -4.3 -16.8
5 24 9.9 -6.1 5 10.2 -6.3 4.1 8 -7.1 2.7 12.2 -5.7 5.8
5 24 7.4 13.3 17.8 6.6 13.5 17.4 6.9 12.2 17.8 7.8 13.7 17.8
5 24 -15.7 12.1 10.2 -16.1 9.5 8.9 -15.8 9.3 10.3 -16.1 12 8.7
5 24 -14.9 7.5 -8.1 -14.7 8.8 -9.2 -14.5 9.7 -8.4 -14.6 6.8 -10.3
5 24 -12.5 18.2 -7 -12 16.7 -7.1 -11.5 16.8 -6.3 -12.6 16.7 -7.9
5 24 5.6 -7.6 11.2 4.7 -8.3 11.5 3 -6.9 13.5 6.2 -8 10
5 24 18 5 5 18.6 4.7 4.2 19.1 7.1 3.7 17.1 2.2 4.8
5 24 5.8 16.9 17.6 4.5 18 17.6 5 18.7 17.1 5 16.6 18.3
5 24 -5.9 2.3 -16.3 -7.1 1.2 -16.6 -4.8 1 -16.5 -7.4 3.2 -16.4
5 24 12.5 17.1 14.2 14 18.5 13.2 14.4 16.8 13.1 12.4 18.5 13.9
5 24 -6.7 -5.2 14.1 -4.9 -3.9 14.6 -7.7 -3.2 14 -3.4 -6.6 13
5 24 19.3 8.7 3.9 19.6 9 3 19.1 7.1 3.7 19.3 10.6 3.8
5 24 12.6 -0.3 13.3 12.9 -2.5 12.8 11.4 -0.3 13.9 13.5 -0.1 12.5
5 24 -0.2 -10.8 3.9 -0.2 -10.3 4.4 1.8 -10.4 4 -3.2 -9.7 4.3
5 24 -12.5 10.6 -9.8 -12.4 10 -10.3 -10.7 10 -9.7 -13.9 9.7 -9.5
5 24 -14.9 18.8 -4.9 -16 15.9 -4.9 -15.1 17.5 -5.9 -15.2 19.5 -3.3
5 24 -10.9 9.1 15.5 -11.6 11.7 15.3 -12.5 10.2 14.7 -10.5 12.2 15.4
5 24 -13.9 -2.1 6.3 -13.6 -1.1 7.6 -12.7 -4.3 5.7 -15.5 0.2 6.8
5 24 12.6 -2.4 -8.2 13.8 -1.3 -5 12.5 -3 -5.9 14.2 0.6 -7.2
5 24 2.9 -1.1 18.3 2 -0.6 17.3 2.1 -2.2 16.7 3.1 1.1 18.5
5 24 2.1 18.3 17.6 0.8 18.1 17.3 1.2 20.7 16.5 1.4 17.1 17.8
5 24 -0.2 -11.1 2.3 2.2 -10.9 3.1 2.2 -11 1.8 -0.2 -10.8 3.9
5 24 -15.1 17.5 -5.9 -16 15.9 -4.9 -15.5 16.6 -6.6 -14.9 18.8 -4.9
5 24 -8 -6.2 11.6 -8.8 -4.5 12.8 -7.5 -6 12.8 -9.5 -4.8 11.7
5 24 13.9 12.5 -3.7 14.3 14.5 -3.1 15.5 13.8 -3.4 12.7 12.4 -2.8
5 24 -10.3 6.6 16.7 -10 4.5 15.9 -11.1 6 16.1 -8.8 5.2 16.2
5 24 -14.6 2.7 -9.8 -14.3 0.1 -8.8 -15.1 1.2 -7.7 -13.9 0.8 -10.5
5 24 6.8 -6.3 12.4 6.8 -7.1 10.5 6.4 -6.9 12 7.1 -7.1 9.7
5 24 18.6 11.7 2.6 19.4 10.7 3.1 19.5 9.5 2.2 18.6 11.7 3.9
5 24 6.3639 0 -6.3639 8.3151 0 -3.4443 8.2 0.1 -5.6 7.3912 0 -3.0616
5 24 -1.3 22.8 16.8 -0.1 22.7 16.6 -0.2 20.5 17.4 -0.9 23.6 15.8
5 24 -16.3 21.4 3.3 -15.8 21.7 5 -17.2 19.9 4.8 -15.1 21.9 4.5
5 24 -16.8 16.5 -3.4 -17.6 14.5 -1.1 -17.4 16.2 0.1 -17.4 14.2 -4.2
5 24 -7.1 1.2 -16.6 -6.1 -0.4 -16.5 -4.8 1 -16.5 -8.3 0.2 -16.1
5 24 -7 -3.6 -12.5 -6.8 -2.3 -12.8 -4.2 -4.6 -13 -7.3 -2.7 -12.5
5 24 -15 4.8 -9 -14.5 5.5 -9.6 -15.4 6.6 -7.8 -14 3.2 -10.5
5 24 -14.3 0.1 -8.8 -13 -1.8 -7.8 -13.9 -0.2 -7.2 -13.3 -1.9 -9.9
5 24 -13.8 22.4 8.6 -14.4 22.8 7.9 -15.1 21.6 8.7 -12.7 22 7.4
5 24 13.9 12.5 -3.7 15.4 12 -4.1 15.5 13.8 -3.4 13.6 9.4 -5.4
5 24 11.2 10.3 15.4 11.2 7.8 16.1 11.5 8.8 14.9 10.8 11.9 16.1
5 24 2.2 -10.9 3.1 1.8 -10.4 4 4.5 -9.4 3.3 -0.2 -10.8 3.9
5 24 -14.3 12 -8.4 -16 12.6 -6.3 -15.3 14.7 -7.7 -15.2 10.9 -6.6
5 24 -12.6 13.8 14.4 -13.6 11.6 12.8 -12.9 12 14.8 -13.2 13.3 12.2
5 24 -17.1 5.3 6.5 -17.1 6.1 5.2 -16.4 7.3 8 -17.4 5 4.2
5 24 -17.2 19.9 4.8 -16.8 18.1 5.2 -17.6 17.8 4.3 -16.1 20.3 5.6
5 24 -13.8 22.4 8.6 -13.7 22.7 10 -14.5 21.6 9.2 -12.1 22.5 8.2
5 24 -15.7 2.8 -3.6 -14.5 -0.3 -4.1 -15.8 2.4 -3.1 -15.5 2.6 -4.1
5 24 -8.5 23.4 14.2 -7.7 23.6 12.4 -7.4 23.3 14.8 -9.5 23 13.3
5 24 4.2 0.9 18.8 5.5 1.6 18.4 5.5 -0.3 18.1 4 2.3 19
5 24 -0.7 0.3 -10.1 -2.4 -2.5 -9.9 -0.7 -2.3 -10 -2.9 0.6 -10.4
5 24 -0.2 22.9 13.2 0 17 13 0.8 22.8 13.1 -1.3 22.8 13.1
5 24 0.3 3.3 18.9 1.4 3.9 18.3 0.7 5 18.3 0.7 1.3 18.7
5 24 -9 22.5 15.4 -8.5 23.4 14.2 -7.4 23.3 14.8 -9.8 22.2 14.3
5 24 8.8 17.2 16.4 10.2 15.7 16.7 8.2 15.2 16.5 10.3 17.2 16.2
5 24 0.8 -0.9 17.9 -0.9 -1 17.8 -1.3 1.1 18.4 -0.3 -2.7 17
5 24 1.4 -0.2 -13.1 0.9 -2.2 -14.9 0 -0.5 -14.5 2.8 -1.5 -12.9
5 24 -9.5 2.1 16.1 -8.6 -0.6 15.9 -10 -0.3 15.1 -7.3 0 16.3
5 24 6.4 22.2 11.5 4.9751 17 12.0107 7.2 22.3 11 5.6 22.7 11.8
5 24 4.9751 17 12.0107 7.2 22.3 11 7.8 22 10.5 6.4 22.2 11.5
5 24 -9.2 13 16.8 -10.5 12.2 15.4 -10.7 15.2 14.8 -8.7 10.8 16.5
5 24 -12.1 -3.7 7 -12.7 -4.3 5.7 -12 -5.6 5.5 -13.6 -1.1 7.6
5 24 -13.9 6.1 -11.9 -13.9 4.3 -13.2 -12.8 6.7 -12.8 -14.5 5.3 -10.7
5 24 3.9 -9.1 10.2 4.3 -8.8 10.8 6.2 -8.3 9.1 1.5 -8.2 12.2
5 24 -16.1 20.3 5.6 -15.1 21.6 8.7 -15.6 20.2 8.7 -15.3 21.9 5.6
5 24 5.2 -0.7 -10.4 5.6 -0.8 -10 4 -3.1 -12.2 4.1 0.8 -10.4
5 24 6.1 -8.9 -1.1 7.6 -8.3 -1.2 6.6 -9.1 -0.3 7.6 -8 -2.3
5 24 8.9 -3.1 15.6 10 -4.2 12.6 10.5 -2 13.5 8.6 -4.8 14
5 24 0.9 -2.2 -14.9 2.5 -4.2 -14 0.7 -4.3 -15.5 2.8 -1.5 -12.9
5 24 -11.8 14.4 -8.7 -11.3 14.1 -8.1 -12 16.7 -7.1 -10.8 12.8 -8.8
5 24 -4.6 -7 11.5 -6.7 -5.2 14.1 -7.5 -6 12.8 -3.4 -6.6 13
5 24 1.8 -10.4 4 0.3 -10.4 4.9 1.9 -10.2 4.5 -0.2 -10.3 4.4
5 24 0.9 -8.9 -6.7 3.1 -8.5 -7.7 3.1 -9.2 -6.6 0.9 -8 -7.8
5 24 17.6 10.5 6.1 17.9 12.5 5.3 17.2 11.3 7.4 17.9 10.9 5.1
5 24 16.2 -1.4 6.6 15.7 0.5 9.2 15.5 -1.7 8.7 16.3 1.5 7.5
5 24 17.9 8.4 8.6 16.3 8.2 10.7 17.6 5.6 8.3 17 10.4 9.1
5 24 10.5 -6.4 9.7 12 -4.7 11.5 12.8 -4.6 10.4 9.6 -5.9 11
5 24 -15.3 12.1 11.6 -14.5 12 12.4 -15.5 9.2 11.7 -14.4 13.8 10.9
5 24 -10.4 -5.9 -3.8 -7.1 -7.7 -4.4 -7 -7.4 -3.1 -10.6 -6.3 -5.1
5 24 0.8 -9.8 6 -0.9 -8.6 8.8 1.9 -10.3 6.2 -1.6 -8.2 7.8
5 24 17.4 15.9 -0.6 14.9 17.3 -1 14.8 15.7 -1.7 16.7 17.6 -0.5
5 24 17.2 3.5 8 17.1 2.2 4.8 16.7 1.7 6.6 18 5 5
5 24 -11 7.3 -12.5 -9 6 -12.8 -9.6 7.5 -11.6 -10.6 5.9 -13.8
5 24 -1.4 6.3 18.9 -1.9 5 18.3 -0.4 5 18.8 -2.2 5.9 18.4
5 24 -3 21.1 16.6 -4.2 21 17.3 -4.1 22.6 16.7 -2.6 18.3 17
5 24 6.8 19.7 17.5 7.6 21.2 16.4 8 19.6 16.6 6.5 21.3 17
5 24 5.5 -9.7 -3.7 7.4 -8.4 -3.6 7.3 -8.1 -4.6 5.8 -9.8 -2.9
5 24 4.7 22.3 15.9 3.9 21.3 17 2.8 22.9 17.1 4.7 20.5 16.5
5 24 12 -4.7 11.5 12.9 -2.5 12.8 10.8 -4.6 12.4 12.8 -4.6 10.4
5 24 12.7 2.2 -8.7 11.5 3.2 -8.4 13.1 4.8 -7.1 10.2 1 -9.4
5 24 -11.8 13.2 -5.6 -12.0107 4 -4.9751 -12.0107 17 -4.9751 -10.4 8 -7.8
5 24 16.8 11.4 -1.4 17.8 11 1 17.6 9.5 -1.7 16.8 12.7 -1.1
5 24 -5.4 22.9 13.4 -5.8 22.6 11.8 -5 22.2 12.2 -6.3 23.5 13.1
5 24 4.4 -6.1 14.2 4.9 -5.5 14 2.9 -3.7 16 6.4 -6.9 12
5 24 0.1 23.7 15.7 1.1 22.4 16.1 -0.1 22.7 16.6 1 23.3 15.4
5 24 -12.1 -4 -4 -13.4 -2.7 -4.9 -13.6 -1.8 -3.6 -12.4 -4 -5.2
5 24 4.9 -9.6 -5.2 5 -9.3 -4.2 7.1 -7.8 -5.1 3.2 -9.9 -4.8
5 24 -2.9 -8.3 -2.8 -3 -8.9 -2 0.7 -9.8 -3 -7.1 -8 -2.3
5 24 12.5 17.1 14.2 11.7 18.6 14.9 12.4 18.5 13.9 11.9 17.2 15.5
5 24 -15 6.6 10.2 -15.5 9.2 11.7 -14.6 6.6 11.4 -15.8 9.3 10.3
5 24 -17.5 11.8 7 -16.1 12 8.7 -17 13.4 7.2 -16.1 9.5 8.9
5 24 13 4 0 12.5 6.2 -4 13.3 11.5 -1.3 12.6 0.5 -3.6
5 24 17.6 12.6 1.2 18.6 11.7 2.6 17.8 11 1 18.6 12.8 2.5
5 24 0.7 5 18.3 2.1 4.7 18.5 1.4 3.9 18.3 1.4 5.6 18.7
5 24 -0.2 -11 0.5 0.7 -10.9 -1 -3.1 -9.5 -0.8 1.9 -11.1 0
5 24 -10.7 8.8 -11.3 -11 7.3 -12.5 -11.8 8.5 -11.7 -9.6 7.5 -11.6
5 24 -6.7 -5.2 14.1 -7.5 -6 12.8 -8.4 -4.1 13.5 -4.6 -7 11.5
5 24 1.8 15.1 19.3 2.8 15.8 18.2 2.4 16.7 17.8 3.2 13.6 18.6
5 24 14.5 22.5 6.9 14.8 22.8 9.8 15.8 22.1 6.9 13.6 23.2 8.5
5 24 13.2 21.4 4.7 13 21.4 5.7 14.8 22.3 5.9 12.1 20 4.8
5 24 14.8 15.3 11.5 16.2 17.6 10.4 16.3 15.3 10.9 14.7 17.6 11.7
5 24 3 21.4 17.5 1.1 22.4 16.1 1.2 20.7 16.5 2.8 22.9 17.1
5 24 6.2 2.2 17.3 5.5 1.6 18.4 6.4 0.7 16.9 6.2 3.5 17.1
5 24 -12.8 -0.5 -11.5 -13.2 1.4 -11.4 -13.9 0.8 -10.5 -12 0.4 -12.2
5 24 -0.2 -10.3 4.4 -2.9 -9.2 6.2 -3.2 -8.9 5.2 0.3 -10.4 4.9
5 24 -7.2 -8.5 -0.8 -7.3 -8.8 0.8 -10.9 -7.3 0.8 -3.2 -9.9 0.6
5 24 18.9 14.1 2.5 18.7 16.7 4.7 18.9 14.3 4.8 18.6 16.7 2.3
5 24 -6.4 3.5 -15.3 -5.9 2.3 -16.3 -7.4 3.2 -16.4 -5.5 3.7 -14.3
5 24 11.7 18.6 14.9 12.4 18.5 13.9 12.5 17.1 14.2 12.1 19.7 13.6
5 24 11.6 6.9 -6 12.8 6.9 -6.7 12 5 -7.2 13.6 9.4 -5.4
5 24 17.2 3.5 8 16.1 3.4 9.8 16.3 1.5 7.5 17.6 5.6 8.3
5 24 2 9.7 19.6 1 8.5 19.3 2.5 7.3 19.6 1.3 13.1 19.9
5 24 17.5 18 7.8 18.1 16.7 5.6 17.7 18.7 5.5 17.8 15.6 8.2
5 24 -11.1 6 16.1 -12.3 6.9 15.4 -11.7 5.6 15.3 -11.9 7.4 15.8
5 24 -15.5 16.6 -6.6 -16 15.9 -4.9 -16.4 14.6 -5.3 -15.1 17.5 -5.9
5 24 15.2 22 2.6 15.4 22.4 3 16 21.9 2.3 13.8 21.2 3.6
5 24 4 7.6 19.1 2.8 5.9 19 2.5 7.3 19.6 4 6.3 18.5
5 24 -7.3 -2.7 -12.5 -6.8 -2.3 -12.8 -7 -3.6 -12.5 -8.4 -0.9 -12.6
5 24 -14.6 6.8 -10.3 -13.5 9.2 -10.6 -14.7 8.8 -9.2 -14 7.4 -11.3
5 24 -18.3 9.1 -1 -16.9 7.3 -3.3 -17.2 9.6 -2.8 -17.8 6.6 -1.5
5 24 17.6 5.6 8.3 16.1 3.4 9.8 16.4 5.4 10.3 17.2 3.5 8
5 24 0.9 23.5 14.2 1.9 23.8 14.1 1 23.3 15.4 1.5 23 13.1
5 24 -2.4 4 17.4 -1.9 5 18.3 -1.3 3.5 18.5 -2.2 5.9 18.4
5 24 -2.3 8.3 18.4 -0.5 8.3 18.8 -0.9 7.4 18.5 -1.1 9.9 19.5
5 24 -10.9 3.9 15.2 -10 4.5 15.9 -11.7 5.6 15.3 -9.5 2.1 16.1
5 24 -19.1 12.2 1 -18 14.6 0.9 -18.1 14.6 2.3 -18.5 12.3 -0.9
5 24 13.6 -4.9 6.9 14.6 -4.7 4.7 15.8 -3 5.8 12.2 -5.7 5.8
5 24 7.8 13.7 17.8 6.6 13.5 17.4 7.1 14.3 16.9 7.4 13.3 17.8
5 24 -10 10.6 -8.4 -10.4 8 -7.8 -10.7 13.9 -7.4 -8.9 7.7 -9.6
5 24 9.1923 4 9.1923 9.8077 -3.1 6.2897 5.2237 -3 10.4474 12.0107 4 4.9751
5 24 9.1923 4 9.1923 12.0107 4 4.9751 9.1923 17 9.1923 9.8077 -3.1 6.2897
5 24 -9.7011 -3.1 6.3963 -11.5134 -3.1 1.4925 -12.0107 4 4.9751 -8.3151 -4.5 3.4443
5 24 12.7 -6.1 -2.1 13.9 -4.3 -2.2 12.6 -5.5 -2.9 14.4 -4.9 -1.4
5 24 0.1 23.7 15.7 -0.9 23.6 15.8 -0.1 22.7 16.6 -0.2 23.9 14.4
5 24 15.3 -3.3 -0.9 13.9 -4.3 -2.2 14.4 -4.9 -1.4 14.7 -2.6 -1.7
5 24 16.8 0.6 1.6 18.2 3.3 2.3 18 3.7 0.6 17.6 2.3 3.7
5 24 -1.9 -6.3 14.4 0.7 -7.8 11.2 -2.5 -5.9 13.4 1.5 -8.2 12.2
5 24 9.4 5.7 15.6 11.1 5.4 16.2 11.2 7.8 16.1 10.3 3.6 16
5 24 7 22.6 16.1 6.1 22.6 16.4 6.5 21.3 17 6.6 23.6 14.4
5 24 4.9751 17 12.0107 0 17 13 2.7 22.9 12.9 4.9751 4 12.0107
5 24 -17.2 9.3 7.2 -16.1 9.5 8.9 -17.5 11.8 7 -16.4 7.3 8
5 24 -9.6 7.5 -11.6 -9.9 9.1 -10.2 -8.8 6.7 -11 -10.7 8.8 -11.3
5 24 -7.1 13.4 17.3 -6.2 12.8 18.6 -5.5 13.9 17.5 -6.9 12.3 18.5
5 24 -14.4 9.2 12.5 -14.5 12 12.4 -13.5 10.2 13.1 -15.5 9.2 11.7
5 24 -15.5 -0.5 -1.9 -14.4 -3.1 -0.8 -14 -2.4 -2.7 -15.6 -1 0
5 24 -10.9 9.1 15.5 -10.5 12.2 15.4 -11.6 11.7 15.3 -9.5 9 15.7
5 24 -10.4 8 -7.8 -10.7 13.9 -7.4 -11.8 13.2 -5.6 -10 10.6 -8.4
5 24 -11.5 16.8 -6.3 -11.8 13.2 -5.6 -10.7 13.9 -7.4 -12.0107 17 -4.9751
5 24 7.4 0.2 -6.8 5.2 0.4 -8.6 3.4443 0 -8.3151 5.9 0.6 -8.6
5 24 -0.7 0.3 -10.1 1 0.8 -10.7 1.2 0.4 -10.2 -0.5 0.9 -11.1
5 24 10.6 -6.7 -3 12.6 -5.5 -2.9 12.7 -6.1 -2.1 10.5 -6.3 -3.6
5 24 7.3 7.9 17.9 6.9 9.8 17.7 7.9 9.5 18 6.4 8 17.4
5 24 -5.6 6.6 18 -6.8 6.4 17.3 -7.4 9.3 17.9 -5 3.7 17.6
5 24 0.7 -9.8 -3 0.9 -9.8 -4.2 -2.8 -8.4 -4 3.4 -9.8 -3.7
5 24 5.2 0.4 -8.6 3.4443 0 -8.3151 7.4 0.2 -6.8 3.7722 0.4 -9.7576
5 24 12.6 -6.5 -0.5 14.4 -4.9 -1.4 14.4 -5.5 0.2 12.7 -6.1 -2.1
5 24 6.7 -8.7 2.5 6 -9.1 5.6 4.7 -9.9 3.9 8 -7.1 2.7
5 24 10.3 23.1 12 10.2 22.5 9.8 11.4 23.6 11.4 9.6 22.4 10.6
5 24 -17.3 0.9 0.6 -17.1 1.4 -1.5 -15.6 -1 0 -18 3.4 -0.7
5 24 3.2 -9.9 -4.8 3.4 -9.8 -3.7 0.9 -9.8 -4.2 5 -9.3 -4.2
5 24 19.1 5.9 2.6 19.1 7.1 3.7 19.5 7.5 2.5 18.6 4.7 4.2
5 24 12.8 -4.6 10.4 10.5 -6.4 9.7 11.3 -6.1 8.3 12 -4.7 11.5
5 24 -6.8 -2.3 -12.8 -7.2 -1.7 -15.6 -6.2 -3.8 -15.8 -8.4 -0.9 -12.6
5 24 -10.1 -4.2 -9 -10.1 -4.3 -9.5 -8 -4.8 -9 -11.9 -3.2 -8.4
5 24 6.2 15.1 17.4 6.7 14.5 17.1 6.6 13.5 17.4 7 15.7 17.1
5 24 8 19.6 16.6 8.6 21 15.3 7.6 21.2 16.4 8.8 19.4 15.5
5 24 12.6 -0.3 13.3 12.9 1.7 13.7 13.5 -0.1 12.5 11.9 1.7 14.5
5 24 -10.6 1.6 15.3 -10.9 0.5 13.1 -11.5 2.5 13.5 -10 -0.3 15.1
5 24 -15.8 0.4 5.4 -14.2 -1.8 4 -15.8 0.6 3.8 -13.9 -2.1 6.3
5 24 -14.4 -3.1 -0.8 -15.6 -1 0 -15.5 -0.5 -1.9 -14.8 -1.8 1.8
5 24 -6.7 -5.2 14.1 -7.7 -3.2 14 -8.4 -4.1 13.5 -4.9 -3.9 14.6
5 24 -2.6 -9.1 6.8 0.2 -10.3 5.3 -2.9 -9.2 6.2 -2.2 -8.8 7.3
5 24 -6.2 22.2 15.6 -8 21.1 16.3 -7.9 22.5 16 -6.6 20.4 16
5 24 -4.2 -4.6 -13 -5.1 -5.8 -10.1 -2.3 -5.9 -12.7 -7 -3.6 -12.5
5 24 6.7 -8.7 2.5 4.5 -9.4 3.3 4.7 -9.9 3.9 6.5 -8.4 1.5
5 24 12.6 21.8 6.4 11.2 20.7 6.8 12.1 22.1 7.1 11.5 20.6 6.3
5 24 19.6 9 3 19.5 7.5 2.5 19.3 8.7 3.9 19.5 9.5 2.2
5 24 1.2 -7.8 -11.1 1 -8.5 -9 3.3 -8.7 -8.4 -1.2 -7.7 -9.5
5 24 8.7 21.1 9.7 9.1923 17 9.1923 9.5 21.4 9.1 7.8 22 10.5
5 24 2.4 0.3 -9.7 4.1 0.8 -10.4 3.7722 0.4 -9.7576 2.8 1 -10.7
5 24 -15.2 16 9.3 -15.6 17.5 8.9 -15.1 17.4 9.6 -16.3 15.6 8
5 24 -3 -4 16.2 -3.9 -1.8 17.4 -2 -3.5 16.5 -4.9 -1.9 16.8
5 24 -18 18.4 1.6 -18.1 18.4 3.1 -17.8 16.3 1.4 -17.3 20.2 1.7
5 24 -11.1 6 16.1 -10 4.5 15.9 -10.3 6.6 16.7 -11.7 5.6 15.3
5 24 18.6 16.7 2.3 17.9 14.1 1.6 18.9 14.1 2.5 17.6 16.7 1.5
5 24 10 13.7 16.5 10 11.6 17.5 9 13.3 17.6 10.8 11.9 16.1
5 24 -13.2 -2.8 9.9 -12.1 -3.7 7 -12.3 -4.5 9.5 -13.6 -1.1 7.6
5 24 -2.5 -5.9 13.4 -1.9 -6.3 14.4 -4 -4.3 15.5 0.7 -7.8 11.2
5 24 -7.8 14.3 17.3 -7.1 13.4 17.3 -6.2 15 17.2 -8 12.4 17.2
5 24 -0.7 0.3 -10.1 -2.2 1.4 -11.6 -0.5 0.9 -11.1 -2.9 0.6 -10.4
5 24 12.7 12.4 -2.8 13.9 12.5 -3.7 12.3 9.2 -4.4 14.3 14.5 -3.1
5 24 3.8 -0.2 -11.1 2.3 0.4 -11.7 2.8 -1.5 -12.9 2.8 1 -10.7
5 24 -12.9 12 14.8 -13.5 10.2 13.1 -12.5 10.2 14.7 -13.6 11.6 12.8
5 24 -7.5 -6 12.8 -8.4 -4.1 13.5 -8.8 -4.5 12.8 -6.7 -5.2 14.1
5 24 -12.4 10 -10.3 -10.7 8.8 -11.3 -12.4 9.4 -10.7 -9.9 9.1 -10.2
5 24 -15.1 17.4 9.6 -14.9 15.9 10.5 -14.9 18 10.4 -15.2 16 9.3
5 24 7.2 -7.2 -6.9 6.8 -8 -6.1 8.2 -6 -6.2 5.4 -8.7 -6.8
5 24 -4.9 12.1 18.9 -4.1 11.8 18.7 -4.8 9.8 18.9 -5.1 12.8 18.8
5 24 -7.7 19.6 16.2 -7.9 18.2 16.3 -7.2 18.3 16.4 -8.9 19.5 15.7
5 24 9.9 -4.4 -7 8.1 -5 -7.4 7.8 -4.5 -7.9 10.3 -5.2 -6.3
5 24 16.3 22.2 4.8 17.6 21.1 5.1 16.2 22.2 6 16.5 22.5 4
5 24 -5.3 -5.5 -8.6 -7.8 -4.9 -9.9 -8 -4.8 -9 -5.1 -5.8 -10.1
5 24 7.9 -3.2 -4.6 9.7 0.5 -6.1 8.2 0.1 -5.6 11.087 -3.3 -3.0916
5 24 15.8 2.5 -3.5 14.9 3.1 -4.4 15.5 5.1 -3.9 14.4 0.7 -4.6
2 24 17.6 21.3 2.6 18 21.3 3.9
5 24 3.3 -2.8 17.7 4.7 -2.7 18.1 4 -3.9 16.8 2.9 -1.1 18.3
5 24 9.8077 -3.1 6.2897 8.3151 -4.5 3.4443 6.3639 -4.5 6.3639 11.5134 -3.1 1.4925
5 24 14 -1.6 10.2 12.8 -4.6 10.4 13.6 -2.3 12 13 -3.8 8.7
5 24 14.1 21.3 0.6 14.9 19.3 -1 13.1 18.8 -0.2 15.4 21.2 -0.1
5 24 15.4 5.7 -5.6 15.5 5.1 -3.9 14.5 3.9 -5.9 16.4 8.4 -4.6
5 24 -10 10.6 -8.4 -10.6 11.4 -8.9 -10.7 10 -9.7 -10.1 11.7 -8.3
5 24 19.4 8.1 1.2 19.5 7.5 2.5 19.2 6.6 0.8 19.5 9.5 2.2
5 24 19.1 10.3 4.4 18.6 11.7 3.9 17.9 10.9 5.1 19.3 10.6 3.8
5 24 13.6 2.2 12.9 12.9 1.7 13.7 13.8 3.6 13.4 13.5 -0.1 12.5
5 24 -1.3 23.6 14.3 -0.2 23.9 14.4 -2.8 23.1 15.3 -0.2 22.9 13.2
5 24 -14.2 -1.8 4 -14.3 -1.5 2.7 -13 -3.8 2.1 -15.8 0.4 5.4
5 24 11.8 3.5 15.6 10.7 1.8 15.1 10.3 3.6 16 11.9 1.7 14.5
5 24 0 -3.1 11.7266 -5.4369 -3 10.3408 -3.4443 -4.5 8.3151 -4.9751 4 12.0107
5 24 7.8 22 10.5 4.9751 17 12.0107 7.2 22.3 11 9.1923 17 9.1923
5 24 5 3.1 18.9 4 2.3 19 5.5 1.6 18.4 4.3 3.8 19
5 24 -13.2 -2.8 9.9 -12.2 -4.2 10.4 -13.2 -2.4 10.1 -12.3 -4.5 9.5
5 24 -17 13.4 7.2 -17 14.2 6.1 -16.3 15.6 8 -17.5 11.8 7
5 24 -12 16.7 -7.1 -11.3 14.1 -8.1 -11.5 16.8 -6.3 -11.8 14.4 -8.7
5 24 1.1 -2.6 17.3 2.1 -2.2 16.7 2 -0.6 17.3 2.2 -4.2 16.3
5 24 -7.4 -7.9 5.9 -7.4 -8.7 4.8 -3.2 -8.9 5.2 -10.7 -7.3 5.3
5 24 -14.9 18.8 -4.9 -13.6 19.4 -5.3 -13.9 20.2 -3.2 -13.9 17.9 -6.5
5 24 13 9.9 13.6 12.2 10.5 14.7 12.9 11 13.9 12.3 9.5 14.1
5 24 -18.4 4.2 0.3 -18.3 3.4 2.1 -18.1 2.5 1.3 -18.4 4.5 1.6
5 24 -14.4 16 11.4 -14.4 13.8 10.9 -13.2 13.3 12.2 -14.9 15.9 10.5
5 24 -13.8 21 2.9 -14.3 20.7 1 -12.9 19.9 2.7 -15.5 21.4 1.8
5 24 0.9 -4.7 16.1 0.3 -4.8 15.6 -0.3 -2.7 17 3 -6.9 13.5
5 24 -9 1.8 -16.9 -9.3 3.9 -16.3 -11.1 2.2 -16.8 -7.4 3.2 -16.4
5 24 8.9 11.3 18 8.3 12.8 17.9 7.6 12.3 18 9 13.3 17.6
5 24 -7.2 22.7 11 -8.5 23.1 11.7 -7.7 23.6 12.4 -7.9 22 10.5
5 24 0 4 13 0 17 13 4.9751 17 12.0107 -4.9751 4 12.0107
5 24 -11.6 23.1 11.6 -11.3 23.2 12.1 -12.2 22.3 12.5 -10.1 23.1 10.4
5 24 -14.4 9.2 12.5 -13.7 6.6 12.3 -13.1 8.5 13.2 -14.6 6.6 11.4
5 24 -0.9 7.4 18.5 0.3 8.3 18.9 -0.5 8.3 18.8 0.2 6.3 18.4
5 24 16.2 22.2 6 16.6 20.7 6.8 16.8 20.9 5.8 15.8 22.1 6.9
5 24 13.9 12.5 -3.7 13.6 9.4 -5.4 15.4 12 -4.1 12.3 9.2 -4.4
5 24 -16.1 20.3 5.6 -15.8 21.7 5 -15.3 21.9 5.6 -17.2 19.9 4.8
5 24 4.3 23 14.7 5.3 23.5 15 4.7 22.3 15.9 4.7 23.4 13.3
5 24 -2 0.7 17.1 -3.6 0.2 18.1 -3 -1.5 17.6 -2.2 1.8 17
5 24 -0.9 -8.6 8.8 2.7 -9.8 8.7 1.9 -10.3 6.2 0.2 -8.4 10.4
5 24 18.6 11.7 3.9 18.6 12.8 2.5 18.7 12.9 4.4 18.6 11.7 2.6
5 24 12.5 -3 -5.9 12.6 -2.4 -8.2 9.9 -4.4 -7 13.8 -1.3 -5
5 24 -14.6 6.8 -10.3 -14.5 5.3 -10.7 -13.9 6.1 -11.9 -14.5 5.5 -9.6
5 24 -2 0.7 17.1 -0.9 -1 17.8 -1.7 -1 17 -1.3 1.1 18.4
5 24 -2.2 -8.8 7.3 0.2 -10.3 5.3 -2.6 -9.1 6.8 0.5 -10.2 5.4
5 24 13.1 18.8 -0.2 14.1 21.3 0.6 14.9 19.3 -1 13 19.4 1.1
5 24 3.7 16.1 18.4 5.6 14.1 18.6 4.2 13.5 18.9 5 16.6 18.3
5 24 -12.2 22.3 12.5 -11.9 22.6 13.2 -12.9 20.4 12.9 -11.3 23.2 12.1
5 24 -16.7 10.1 -5.6 -16 12.6 -6.3 -17.6 12.6 -4.9 -15.2 10.9 -6.6
5 24 -8 12.4 17.2 -6.9 12.3 18.5 -7.3 11.5 18.3 -7.1 13.4 17.3
5 24 -16.6 2 7 -14.8 2 8.8 -15.5 0.2 6.8 -16.8 4.1 7.6
5 24 -16.7 10.1 -5.6 -15 9.9 -6.9 -16.2 8 -6 -15.2 10.9 -6.6
5 24 -17.2 9.6 -2.8 -18.5 12.3 -0.9 -18 12.4 -2.8 -18.3 9.1 -1
5 24 -16.8 2 5.9 -15.8 0.4 5.4 -17 2.1 4.8 -16.6 2 7
5 24 3.5 23.7 15.3 4.3 23 14.7 4.7 22.3 15.9 3 23.6 13.8
5 24 -3.2 -9.7 4.3 -7.3 -8.9 2.6 -3.2 -10.1 2.4 -7.4 -8.7 4.8
5 24 -5.1 -2.5 -17 -2.4 -2.6 -16.9 -3.8 -0.8 -16.9 -3.5 -4.3 -16.8
5 24 -12.8 23.1 11 -12.2 22.3 12.5 -11.6 23.1 11.6 -13.5 22 11.9
5 24 -13 -1.8 -7.8 -14.1 -0.7 -6.5 -13.9 -0.2 -7.2 -13.4 -2.2 -7.2
5 24 -12.6 2.1 12.3 -12 0.6 12 -10.9 0.5 13.1 -13.8 1.5 11.2
5 24 -0.2 22.9 13.2 -0.2 23.9 14.4 0.9 23.5 14.2 -1.3 23.6 14.3
5 24 12.4 -4.8 -5.5 10.6 -6.3 -4.5 10.3 -5.2 -6.3 12.6 -5.6 -3.8
5 24 9.1923 17 9.1923 4.9751 17 12.0107 7.8 22 10.5 9.1923 4 9.1923
5 24 8.8 -1.2 16.6 6.9 -2.8 15.8 6.7 -1.2 16.6 8.9 -3.1 15.6
5 24 2.2 -4.2 16.3 0.9 -4.7 16.1 1.1 -2.6 17.3 3.5 -6.6 13.8
5 24 -5.8 20.8 17.2 -6.2 22.2 15.6 -6.6 20.4 16 -5.5 22.5 16.5
5 24 7.9 -3.2 -4.6 8.3151 0 -3.4443 8.3151 -4.5 -3.4443 8.2 0.1 -5.6
5 24 -13.3 17.7 12.4 -14.4 16 11.4 -14.5 18 11.1 -13.1 16.5 12.6
5 24 -13.9 9.7 -9.5 -12.4 10 -10.3 -12.5 10.6 -9.8 -13.5 9.2 -10.6
5 24 14.8 22.3 5.9 14.5 22.5 6.9 13 21.4 5.7 15.8 22.1 6.9
5 24 -15.2 10.9 -6.6 -16.7 10.1 -5.6 -16 12.6 -6.3 -15 9.9 -6.9
5 24 -14.6 6.8 -10.3 -14.9 7.5 -8.1 -14.5 5.5 -9.6 -14.7 8.8 -9.2
5 24 -12.4 19.6 -4.5 -13.9 20.8 -1.3 -13.9 20.2 -3.2 -13 20.1 -1.4
5 24 -7.3 -2.7 -12.5 -7 -3.6 -12.5 -9 -2.2 -12.3 -6.8 -2.3 -12.8
5 24 -10.6 5.9 -13.8 -11 4.1 -16 -8.8 4.5 -15.2 -12.5 5.1 -14.3
5 24 -11.1 -7.2 -1.2 -7.1 -8 -2.3 -7.2 -8.5 -0.8 -10.7 -6.5 -3
5 24 -13.7 22.7 10 -12.8 23.1 11 -12.1 22.5 8.2 -14 21.7 10.6
5 24 -13.6 21.6 4.7 -13.3 22 6.1 -12.1 20.1 5 -15.3 21.9 5.6
5 24 -4.9 17.2 17.2 -2.4 16.5 17.5 -3.6 17.9 17.3 -3.4 14.9 17.6
5 24 -4.9 -3.9 14.6 -4 -4.3 15.5 -5.6 -2 15.7 -2.5 -5.9 13.4
5 24 14.8 22.8 9.8 15.8 22.1 6.9 14.5 22.5 6.9 15.9 20.3 10.2
5 24 19.5 9.5 2.2 18.6 11.7 2.6 17.8 11 1 19.4 10.7 3.1
5 24 4 -10.7 -2 1.9 -11.1 0 4.1 -10.4 -0.8 0.7 -10.9 -1
5 24 -6.2 9.4 19 -4.3 6.9 18 -5.6 6.6 18 -4.8 9.8 18.9
5 24 -11.6 11.7 15.3 -10.7 15.2 14.8 -11.1 15.7 14.7 -10.5 12.2 15.4
5 24 6.8 -9 0.5 4.6 -10.3 0.9 6.6 -9.1 -0.3 4.8 -10.1 1.8
5 24 -1.7 -1 17 -3 -1.5 17.6 -2 0.7 17.1 -2 -3.5 16.5
5 24 13.8 -1.3 -5 14.4 -2 -4.1 13.7 -3.4 -4.8 14.4 0.7 -4.6
5 24 15.4 21.2 -0.1 14.9 19.3 -1 14.1 21.3 0.6 16.3 19.3 -0.6
5 24 12.8 -4.6 10.4 12 -4.7 11.5 13.6 -2.3 12 10.5 -6.4 9.7
5 24 -12.5 17.1 13.6 -13.1 16.5 12.6 -12.6 15.1 13.2 -13.3 17.7 12.4
5 24 18.2 7.4 5.1 17.6 5.6 8.3 18 5 5 17.9 8.4 8.6
5 24 0 17 13 -1.3 22.8 13.1 -0.2 22.9 13.2 -2.2 22.4 13
5 24 11.087 -3.3 -3.0916 10.7 4 -7.6 12.6 0.5 -3.6 9.7 0.5 -6.1
5 24 -12.0107 4 4.9751 -9.7011 -3.1 6.3963 -11.5134 -3.1 1.4925 -9.1923 4 9.1923
5 24 3.4 -9.8 -3.7 0.9 -9.8 -4.2 0.7 -9.8 -3 3.2 -9.9 -4.8
5 24 4.9751 17 12.0107 3.7 22.3 12.6 4.5 22.8 12.3 2.7 22.9 12.9
5 24 8.2 0.8 17.1 6.7 -1.2 16.6 8.8 -1.2 16.6 6.4 0.7 16.9
5 24 -15 18.5 9.6 -14.5 20.2 10.6 -14.9 18 10.4 -14.8 20 9.5
5 24 -12.2 -4.2 10.4 -10.1 -5.6 11 -11.8 -3.7 11 -10.7 -6.4 10.1
5 24 14.5 22.5 6.9 15.8 22.1 6.9 14.8 22.3 5.9 14.8 22.8 9.8
5 24 6.2 -8 10 5.6 -7.6 11.2 4.7 -8.3 11.5 7.1 -7.1 9.7
5 24 0.7 -10.9 -1 0.6 -10.5 -2.1 4 -10.7 -2 -3.1 -9.5 -0.8
5 24 -1.7 20.6 17.8 -0.2 18 18 -0.2 20.5 17.4 -1.5 18 18
5 24 -14.4 13.8 10.9 -15.7 12.1 10.2 -15.5 13.9 9 -15.3 12.1 11.6
5 24 15.3 21.8 10.8 14.2 20 11.6 14.1 20.9 11.5 15.9 20.3 10.2
5 24 11.087 -3.3 -3.0916 11.5134 -3.1 1.4925 12.6 0.5 -3.6 9 -4.5 0
5 24 -17 14.2 6.1 -17.5 11.8 7 -17.7 12 4.4 -17 13.4 7.2
5 24 13.6 9.4 -5.4 11.6 6.9 -6 12.3 9.2 -4.4 12.8 6.9 -6.7
5 24 3 -9 9.5 3.9 -9.1 10.2 1.5 -8.2 12.2 6.1 -8.4 8.1
5 24 -8 -4.8 -9 -6.5 -7.2 -7.4 -5.3 -5.5 -8.6 -9.1 -6.2 -8.2
5 24 13.6 23.2 8.5 14.5 22.5 6.9 14.8 22.8 9.8 12.1 22.1 7.1
5 24 0 4 13 4.9751 4 12.0107 0 -3.1 11.7266 0 17 13
5 24 -12.0107 17 4.9751 -13 17 0 -12.9 19.9 2.7 -12.0107 4 4.9751
5 24 8.9 0.9 -7.1 7.6 1.1 -8.6 7.4 0.2 -6.8 9.3 2.1 -8.4
5 24 13.1 4.8 -7.1 11.5 3.2 -8.4 12 5 -7.2 12.7 2.2 -8.7
5 24 -7.5 -6 12.8 -8 -6.2 11.6 -4.6 -7 11.5 -8.8 -4.5 12.8
5 24 -10.4 -5.9 -3.8 -12.4 -4.3 -3.5 -10.7 -6.5 -3 -12.1 -4 -4
5 24 1.5 -8.2 12.2 3 -9 9.5 0.7 -7.8 11.2 3.9 -9.1 10.2
5 24 -17.6 17.8 4.3 -17.9 16.3 3.1 -18.1 18.4 3.1 -17.3 16.4 4.5
5 24 -14 7.4 -11.3 -13.9 6.1 -11.9 -14.6 6.8 -10.3 -13 7.9 -11.9
5 24 10.6 -6.7 -3 10.4 -7 -1.5 12.7 -6.1 -2.1 8.3 -7.4 -2.7
5 24 -17 2.1 4.8 -17.5 1.8 3.3 -15.8 0.6 3.8 -17.8 2.7 3.8
5 24 -13.5 10.2 13.1 -14.4 9.2 12.5 -13.1 8.5 13.2 -14.5 12 12.4
5 24 6.4 -4.4 -9.3 4.4 -5.6 -10.6 6.1 -3 -9.7 4.9 -6.9 -10
5 24 7 14.5 16.9 6.6 13.5 17.4 6.7 14.5 17.1 7.1 14.3 16.9
5 24 13.6 21.9 12.6 13.1 22.9 12 12.3 22.8 13.4 13.9 22 11.5
5 24 -12 0.4 -15.4 -12 0.4 -12.2 -10 -0.4 -12.4 -13.2 1.1 -13.3
5 24 -3.9 -1.8 17.4 -4.4 0 18 -5.1 -0.1 17.6 -3 -1.5 17.6
5 24 -14.8 -1.8 1.8 -13 -3.8 2.1 -13.6 -4.1 0.9 -14.3 -1.5 2.7
5 24 -18.4 8.9 0.5 -19.1 12.2 1 -18.5 12.3 -0.9 -18.4 8.7 2
5 24 -15.8 7.3 9.1 -15.8 9.3 10.3 -15 6.6 10.2 -16.1 9.5 8.9
5 24 9.1 7.7 17.9 7.9 9.5 18 7.3 7.9 17.9 9.2 9.5 18.1
5 24 15.9 13.2 10.3 14.8 13.2 11.3 15.7 11.2 10.5 16.3 15.3 10.9
5 24 6.5 21.3 17 4.7 20.5 16.5 6.8 19.7 17.5 6.1 22.6 16.4
5 24 18.7 12.9 4.4 17.9 12.5 5.3 18.6 11.7 3.9 18.2 14.1 5.6
5 24 13.1 -5.7 3.7 13.1 -5.1 2.6 14.4 -4 3.4 11.9 -5.9 1.8
5 24 -10 4.5 15.9 -9.5 2.1 16.1 -10.9 3.9 15.2 -8.3 2.7 16.5
5 24 5.3 23.5 15 6.6 23.6 14.4 6.1 22.6 16.4 6 23.4 12.8
5 24 0.6 -10.5 -2.1 -3.1 -9.5 -0.8 -3 -8.9 -2 0.7 -10.9 -1
5 24 8.6 23.1 11.3 7.5 23.1 12.1 9.3 23.8 13 7.2 22.3 11
5 24 3.2 13.6 18.6 4.2 13.5 18.9 3.9 10.5 18.5 3.7 16.1 18.4
5 24 -6.3 23.5 13.1 -5.4 22.9 13.4 -5.8 22.6 11.8 -5.9 22.8 14.8
5 24 -7.8 14.3 17.3 -7.9 16.4 17.1 -9.4 15.8 16.7 -6.2 15 17.2
5 24 -10 -2.8 12.1 -10.6 -3.2 11.6 -11.3 -1.5 11.2 -9.5 -4.8 11.7
5 24 6.8 -9 0.5 6.5 -8.4 1.5 4.8 -10.1 1.8 8.2 -7.3 0.1
5 24 -17.4 5 4.2 -18.1 3.6 3.4 -17.4 3.3 4.8 -18.3 4.1 2.6
5 24 -1.5 -5.3 -15.9 -4.3 -5.1 -15.4 -2 -6.1 -14.2 -3.5 -4.3 -16.8
5 24 4.1 -3.8 -11.7 5.6 -0.8 -10 5.7 -1.7 -9.8 4 -3.1 -12.2
5 24 0.1 10.3 19.2 -0.5 8.3 18.8 0.3 8.3 18.9 -1.1 9.9 19.5
5 24 -12.0107 17 4.9751 -12.5 19.9 4 -12.1 20.1 5 -12.9 19.9 2.7
5 24 10.2 1 -9.4 8.1 -0.1 -9.5 11.5 -0.7 -9.7 9.3 2.1 -8.4
5 24 -8.8 5.2 16.2 -7 3.1 16.3 -8.3 2.7 16.5 -7.6 6.2 16.1
5 24 -16.3 21.4 3.3 -16.4 21.1 1.5 -15.5 21.4 1.8 -17.2 20.4 3.3
5 24 -15.5 13.9 9 -17 13.4 7.2 -16.1 12 8.7 -15.2 16 9.3
5 24 18 3.7 0.6 16.2 1.6 -1 17.2 4.4 -0.3 16.8 1 -0.1
5 24 -14.1 20.4 11.9 -14 21.7 10.6 -14.5 20.2 10.6 -13.5 22 11.9
5 24 16.3 22.2 4.8 15.3 22.3 3.8 15.1 22.3 4.8 16.5 22.5 4
5 24 -17.7 5.9 3.1 -17.7 8.5 3.6 -17.1 6.1 5.2 -18.4 8.7 2
5 24 11.2 7.8 16.1 10.5 9.8 17.5 11.2 10.3 15.4 10.5 7.8 16.8
5 24 16.3 22.1 2.8 16.5 22.5 4 18 21.3 3.9 15.4 22.4 3
5 24 0.9 -8.9 -6.7 0.9 -8 -7.8 3.1 -8.5 -7.7 -1.6 -8.1 -6.8
5 24 -7.7 4.9 -10.5 -8.8 6.7 -11 -9 6 -12.8 -8.4 6.4 -10.1
5 24 -10 -7.5 1.6 -7.3 -8.8 0.8 -10.9 -7.3 0.8 -7.2 -8.5 1.6
5 24 7 -6.6 -7.5 7 -6 -8 5.3 -8.1 -8.1 8.1 -5 -7.4
5 24 -18.3 9.1 -1 -17.2 9.6 -2.8 -16.9 7.3 -3.3 -18.5 12.3 -0.9
5 24 -10 4.5 15.9 -8.8 5.2 16.2 -8.3 2.7 16.5 -10.3 6.6 16.7
5 24 -12.1 -3.7 7 -11.1 -6.7 8.9 -10.4 -6.4 6.5 -12.3 -4.5 9.5
5 24 -10.2342 -3.1 -5.6501 -9.2 -1.1 -7.9 -6.3639 -4.5 -6.3639 -12.0107 4 -4.9751
5 24 -11.3002 -3.1 -2.985 -8.3151 -4.5 -3.4443 -9 -4.5 0 -10.2342 -3.1 -5.6501
5 24 -11.3002 -3.1 -2.985 -11.5134 -3.1 1.4925 -13 4 0 -9 -4.5 0
5 24 -9 -4.5 0 -11.3002 -3.1 -2.985 -11.5134 -3.1 1.4925 -8.3151 -4.5 -3.4443
5 24 -14.1 0 8.1 -14.4 1.8 10 -14.8 2 8.8 -13.4 -0.2 9.3
5 24 -11.8 14.4 -8.7 -12 11.6 -9.6 -12.7 12.4 -9.2 -10.8 12.8 -8.8
5 24 12.1 22.1 7.1 14.5 22.5 6.9 13.6 23.2 8.5 12.6 21.8 6.4
5 24 16 9.8 10.6 16.1 11.5 9.8 17 10.4 9.1 15.7 11.2 10.5
5 24 2.8 2.6 19 3.7 3.7 19.2 2.9 3.5 19.3 4 2.3 19
5 24 10 13.7 16.5 8.3 14.1 17.7 8.2 15.2 16.5 9 13.3 17.6
5 24 3.3 -8.7 -8.4 1.2 -7.8 -11.1 1 -8.5 -9 3.3 -7.7 -10.5
5 24 -18.1 2.5 1.3 -17.5 1.8 3.3 -16.7 0.5 2.5 -18.3 3.4 2.1
5 24 -11.9 -6.2 3 -13 -3.8 2.1 -13 -4.2 3.3 -11.5 -6.3 1.7
5 24 12.6 -5.5 -2.9 12.6 -5.6 -3.8 14 -4.1 -2.8 10.5 -6.3 -3.6
5 24 7 22.6 16.1 7.6 21.2 16.4 8 22.3 15.1 6.5 21.3 17
5 24 -8.9 19.5 15.7 -9.1 21.1 15.8 -9.8 20.2 15.1 -8 21.1 16.3
5 24 -12.3 -4.5 9.5 -12.1 -3.7 7 -11.1 -6.7 8.9 -13.2 -2.8 9.9
5 24 -4 13.5 18.2 -3.2 12.8 19.2 -4.1 11.8 18.7 -2.7 15.1 18.3
5 24 -13.6 -1.1 7.6 -15.5 0.2 6.8 -13.9 -2.1 6.3 -14.1 0 8.1
5 24 -11.1 2.2 -16.8 -9 1.8 -16.9 -10 0.4 -16.5 -9.3 3.9 -16.3
5 24 3.7 -10.4 -3 3.4 -9.8 -3.7 5.5 -9.7 -3.7 0.7 -9.8 -3
5 24 -12.5 10.2 14.7 -13.5 10.2 13.1 -13.1 8.5 13.2 -12.9 12 14.8
5 24 6.2 -8.3 9.1 4.3 -8.8 10.8 6.2 -8 10 3.9 -9.1 10.2
5 24 12.9 12.7 14.6 12.2 14.4 15.9 12.4 12.6 15.4 12.6 14.5 14.1
5 24 17.9 14.1 1.6 18.9 14.1 2.5 18.6 12.8 2.5 18.6 16.7 2.3
5 24 16.8 12.7 -1.1 16.1 12.8 -2.1 16.8 11.4 -1.4 16.3 14.8 -1.7
5 24 -15.2 16 9.3 -14.9 15.9 10.5 -15.5 13.9 9 -15.1 17.4 9.6
5 24 5 16.6 18.3 3.7 16.1 18.4 5.6 14.1 18.6 3.6 17.4 17.8
5 24 7.6 12.3 18 8.3 12.8 17.9 8.9 11.3 18 7.4 13.3 17.8
5 24 0.3 -4.8 15.6 -0.4 -5.6 15.7 3 -6.9 13.5 -2 -3.5 16.5
5 24 -14.4 9.2 12.5 -13.1 8.5 13.2 -13.7 6.6 12.3 -13.5 10.2 13.1
5 24 -14.5 5.3 -10.7 -13.9 6.1 -11.9 -14.6 6.8 -10.3 -13.9 4.3 -13.2
5 24 -17.8 5.7 -0.3 -17.8 6.6 -1.5 -17.5 4.7 -1.4 -18.4 8.9 0.5
5 24 14.8 15.7 -1.7 17.4 15.9 -0.6 16.3 14.8 -1.7 14.9 17.3 -1
5 24 -3.5 -2.95 -8.35 -2.4 -2.5 -9.9 -5.4 -1.6 -9.9 -0.7 -2.3 -10
5 24 5.6 -0.8 -10 5.1 0.7 -9.3 5.2 -0.7 -10.4 5.5 0.7 -9
5 24 10.3 17.2 16.2 10.2 15.7 16.7 11.8 16 16.1 8.8 17.2 16.4
5 24 -15.8 9.3 10.3 -15.7 12.1 10.2 -15.3 12.1 11.6 -16.1 9.5 8.9
5 24 16.2 1.6 -1 15.1 0.3 -3.6 15.4 -0.4 -1.1 15.8 2.5 -3.5
5 24 -4.9751 17 12.0107 -9.1923 17 9.1923 -7.9 22 10.5 -4.9751 4 12.0107
5 24 -11.7 4.2 13.5 -11.7 5.6 15.3 -10.9 3.9 15.2 -12.9 7.2 13.1
5 24 -2.3 -5.9 -12.7 -2 -6.1 -14.2 0.1 -6.5 -12.4 -4.3 -5.1 -15.4
5 24 15.3 9.1 -5.9 16.4 8.4 -4.6 15.4 5.7 -5.6 15.4 12 -4.1
5 24 13.8 -1.3 -5 14.2 0.6 -7.2 12.6 -2.4 -8.2 14.4 0.7 -4.6
5 24 6.7 23 12.5 5.6 22.7 11.8 6 23.4 12.8 6.4 22.2 11.5
5 24 -13.6 -4.1 0.9 -14.4 -3.1 -0.8 -12.9 -5.2 -1.5 -14.8 -1.8 1.8
5 24 11.5 3.2 -8.4 9.3 2.1 -8.4 10.7 4 -7.6 10.2 1 -9.4
5 24 5.8 16.9 17.6 7.2 17.3 17.6 7 15.7 17.1 5 18.7 17.1
5 24 -15.6 2.4 -6.1 -15.1 1.9 -5.1 -15.9 3.4 -4.5 -14.6 0.9 -6.3
5 24 -0.9 -8.6 8.8 -1.6 -8.2 7.8 -5.2 -6.9 10.3 0.8 -9.8 6
5 24 17.6 9.5 -1.7 18 9 0.4 17.8 7.7 -1.8 17.8 11 1
5 24 17.6 5.6 8.3 18 5 5 18.2 7.4 5.1 17.2 3.5 8
5 24 -1.3 3.5 18.5 -0.4 5 18.8 -1.9 5 18.3 -1.3 1.1 18.4
5 24 -16.8 18.1 5.2 -17 16.9 6.4 -16.2 18.5 7.6 -17.3 16.4 4.5
5 24 7 -6 -8 8.1 -5 -7.4 7.8 -4.5 -7.9 7 -6.6 -7.5
5 24 -8.5 23.4 14.2 -9.8 22.2 14.3 -9 22.5 15.4 -9.5 23 13.3
5 24 -2.9 -9.2 6.2 0.2 -10.3 5.3 -2.6 -9.1 6.8 0.3 -10.4 4.9
5 24 -9.7011 -3.1 6.3963 -6.3639 -4.5 6.3639 -8.3151 -4.5 3.4443 -5.4369 -3 10.3408
5 24 1.9 23.8 14.1 3 23.6 13.8 2.4 23.9 15.5 2.7 22.9 12.9
5 24 0.2 -10.3 5.3 0.3 -10.4 4.9 -2.9 -9.2 6.2 0.5 -10.2 5.4
5 24 -16.4 7.3 8 -16.8 4.1 7.6 -15.8 7.3 9.1 -17.1 5.3 6.5
5 24 -7.4 23.3 14.8 -8.5 23.4 14.2 -6.3 23.5 13.1 -9 22.5 15.4
5 24 -16.2 18.5 7.6 -16.1 20.3 5.6 -16.8 18.1 5.2 -15.6 20.2 8.7
5 24 -13 4.9 12.4 -13.7 6.6 12.3 -13.9 5 11.5 -12.9 7.2 13.1
5 24 4.5 -9.4 3.3 4.8 -10.1 1.8 6.5 -8.4 1.5 2.2 -10.9 3.1
5 24 -15.1 17.5 -5.9 -13.9 17.9 -6.5 -14.9 18.8 -4.9 -15.5 16.6 -6.6
5 24 -15.6 20.2 8.7 -15 18.5 9.6 -14.8 20 9.5 -16.2 18.5 7.6
5 24 -7.4 3.2 -16.4 -9 1.8 -16.9 -9.3 3.9 -16.3 -7.1 1.2 -16.6
5 24 4.7 -2.7 18.1 6.1 -3.6 16.8 5.9 -2.1 17.7 5.2 -4 16.9
5 24 -14.4 22.8 7.9 -12.7 22 7.4 -13.8 22.4 8.6 -13.3 22 6.1
5 24 -18.1 2.5 1.3 -18 3.4 -0.7 -18.4 4.2 0.3 -17.3 0.9 0.6
5 24 17.7 18.7 5.5 17.5 18 7.8 16.6 20.7 6.8 18.1 16.7 5.6
5 24 7.1 -4.7 14.2 8.6 -4.8 14 8.9 -3.1 15.6 8 -6.1 12.6
5 24 -18.4 4.5 1.6 -18 6 1.6 -18.3 4.1 2.6 -18.4 4.2 0.3
5 24 -14.5 21.6 9.2 -15.1 21.6 8.7 -13.8 22.4 8.6 -14.8 20 9.5
5 24 -18.4 4.2 0.3 -17.5 4.7 -1.4 -17.8 5.7 -0.3 -18 3.4 -0.7
5 24 6.4 0.7 16.9 5.5 -0.3 18.1 6.7 -1.2 16.6 5.5 1.6 18.4
5 24 15.4 -2.2 4.2 16.2 -1.4 6.6 15.8 -3 5.8 16 -0.2 5.4
5 24 -3.5 -7.6 -7 -3.1 -6.4 -8.3 -5.3 -5.5 -8.6 -1.3 -7.2 -8
5 24 15.4 22.4 3 16.3 22.1 2.8 16 21.9 2.3 16.5 22.5 4
5 24 -0.3 -2.7 17 1.1 -2.6 17.3 0.8 -0.9 17.9 0.9 -4.7 16.1
5 24 1 8.5 19.3 0.1 10.3 19.2 0.3 8.3 18.9 0.7 10.5 19.5
5 24 13.5 22.8 10.9 15.3 21.8 10.8 14.8 22.8 9.8 13.9 22 11.5
5 24 -18.1 18.4 3.1 -17.3 20.2 1.7 -17.2 20.4 3.3 -18 18.4 1.6
5 24 -18.3 3.4 2.1 -17.5 1.8 3.3 -17.8 2.7 3.8 -18.1 2.5 1.3
5 24 16.2 17.6 10.4 14.7 17.6 11.7 14.8 15.3 11.5 15.9 20.3 10.2
5 24 -15.5 9.2 11.7 -14.5 12 12.4 -15.3 12.1 11.6 -14.4 9.2 12.5
5 24 -12.4 9.4 -10.7 -11.8 8.5 -11.7 -13 7.9 -11.9 -10.7 8.8 -11.3
5 24 -8.3 2.7 16.5 -9.5 2.1 16.1 -7.3 0 16.3 -10 4.5 15.9
5 24 18.1 7.3 0.1 19.2 6.6 0.8 17.2 4.4 -0.3 19.4 8.1 1.2
5 24 -5.4 -1.6 -9.9 -2.9 0.6 -10.4 -5 0.9 -10.3 -2.4 -2.5 -9.9
5 24 16.4 8.4 -4.6 15.4 12 -4.1 15.3 9.1 -5.9 16.3 11.3 -2
5 24 13.1 18.8 -0.2 14.9 17.3 -1 14.9 19.3 -1 13 17.3 -0.8
5 24 3.7 3.7 19.2 4 2.3 19 2.8 2.6 19 4.3 3.8 19
5 24 1.1 15.5 19.2 1.4 17.1 17.8 0.1 16.1 18.1 1.8 15.1 19.3
5 24 -16.9 7.3 -3.3 -15.9 7.1 -6.3 -16.2 8 -6 -16.6 5.6 -3.7
5 24 7.6 -7.2 7.6 9.3 -6.7 6.1 9.2 -6.9 8.5 7.7 -7.2 6.4
5 24 -14.2 -1.8 4 -12.7 -4.3 5.7 -13.9 -2.1 6.3 -13 -4.2 3.3
5 24 16.6 20.7 6.8 15.8 22.1 6.9 16.5 20.2 7.9 16.2 22.2 6
5 24 14.1 21.3 0.6 15.4 21.2 -0.1 14.9 19.3 -1 16 21.9 2.3
5 24 12.7 2.2 -8.7 10.2 1 -9.4 11.5 3.2 -8.4 11.5 -0.7 -9.7
5 24 12.9 3.4 14.7 13.8 5.7 13.7 13.8 3.6 13.4 13.1 5.5 15.3
5 24 -3.2 12.8 19.2 -1.5 13 19.4 -2.7 15.1 18.3 -2.8 9.8 19.2
5 24 -13.2 1.4 -11.4 -13.2 1.1 -13.3 -12 0.4 -12.2 -14 3.2 -11.6
5 24 14 -4.1 -2.8 13.7 -3.4 -4.8 12.6 -5.6 -3.8 14.4 -2 -4.1
5 24 16.1 11.5 9.8 16.5 13.3 9 15.9 13.2 10.3 16.4 11.8 8.9
5 24 -3.1 -9.7 1.5 -0.2 -11.1 2.3 -0.1 -10.7 1.5 -3.2 -10.1 2.4
5 24 11.4 -0.3 13.9 12.6 -0.3 13.3 11.9 1.7 14.5 11.5 -2.4 13.5
5 24 -0.1 22.7 16.6 0.1 23.7 15.7 -0.9 23.6 15.8 1.1 22.4 16.1
5 24 -12.2 -4.2 10.4 -13.2 -2.4 10.1 -13.2 -2.8 9.9 -12.9 -2.5 10.5
5 24 6 -8.3 6.8 6.1 -8.4 8.1 3 -9 9.5 7.7 -7.2 6.4
5 24 11.5 -0.7 -9.7 10.2 1 -9.4 12.7 2.2 -8.7 9 -1.9 -9.8
5 24 -17.8 2.7 3.8 -17 2.1 4.8 -17.5 1.8 3.3 -17.4 3.3 4.8
5 24 -16.1 20.8 0.5 -15.4 20.5 -2.6 -14.8 21 -1.8 -16.7 19.9 -1.7
5 24 -4.5 1.9 -15.6 -4.8 1 -16.5 -5.9 2.3 -16.3 -3.8 -0.8 -16.9
5 24 -9.4 15.8 16.7 -10.7 15.2 14.8 -9.2 13 16.8 -10.2 16.8 15.4
5 24 -11.1 2.2 -16.8 -10 0.4 -16.5 -12 0.4 -15.4 -9 1.8 -16.9
5 24 -3.1 -9.5 -0.8 -7.2 -8.5 -0.8 -3.2 -9.9 0.6 -3 -8.9 -2
5 24 -14.7 8.8 -9.2 -14.6 6.8 -10.3 -14.9 7.5 -8.1 -13.5 9.2 -10.6
5 24 10.3 23.1 12 8.6 23.1 11.3 9.6 22.4 10.6 9.3 23.8 13
5 24 19.6 9 3 19.5 9.5 2.2 19.4 10.7 3.1 19.5 7.5 2.5
5 24 4.1 -10.4 -0.8 5.8 -9.8 -2.9 6.3 -9.2 -2 4 -10.7 -2
5 24 -14.1 -0.7 -6.5 -14.5 -0.3 -4.1 -14.6 0.6 -5.9 -13.4 -2.2 -7.2
5 24 -3.6 17.9 17.3 -2.6 18.3 17 -2.4 16.5 17.5 -4.2 21 17.3
5 24 -3.1 -9.7 1.5 -3.2 -9.9 0.6 -0.1 -10.7 1.5 -7.3 -8.8 0.8
5 24 -2 -3.5 16.5 -1.7 -1 17 -3 -1.5 17.6 -0.9 -2.7 16.4
5 24 7.1 -4.7 14.2 8 -6.1 12.6 6.8 -6.3 12.4 8.6 -4.8 14
5 24 12.6 21.8 6.4 12.1 22.1 7.1 11.2 20.7 6.8 14.5 22.5 6.9
5 24 -9.8 -4 -11.5 -10.1 -4.3 -9.5 -7.8 -4.9 -9.9 -12 -3.6 -10.1
5 24 -14.3 0.1 -8.8 -13.9 0.8 -10.5 -14.6 2.7 -9.8 -13.3 -1.9 -9.9
5 24 -10.3 6.6 16.7 -11.1 6 16.1 -10 4.5 15.9 -11.3 7.5 16.3
5 24 -12 -5.6 5.5 -12.1 -3.7 7 -10.4 -6.4 6.5 -12.7 -4.3 5.7
5 24 2 -0.6 17.3 0.7 1.3 18.7 2 1.7 18 0.8 -0.9 17.9
5 24 4.7 -8.3 11.5 3 -6.9 13.5 5.6 -7.6 11.2 2.6 -7.8 13.3
5 24 19.3 10.6 3.8 19.6 9 3 19.4 10.7 3.1 19.1 10.3 4.4
5 24 7.4 0.2 -6.8 6.3639 0 -6.3639 3.4443 0 -8.3151 8.2 0.1 -5.6
5 24 2.4 0.3 -9.7 0 0 -9 3.4443 0 -8.3151 1.2 0.4 -10.2
5 24 14.3 14.5 -3.1 14.8 15.7 -1.7 15.5 13.8 -3.4 12.9 15.8 -1.2
5 24 -13.9 20.7 0.3 -14.9 21.1 -0.6 -13.9 20.8 -1.3 -14.3 20.7 1
5 24 13.2 20.9 13.4 14.1 20.9 11.5 13.5 19.9 12.9 13.6 21.9 12.6
5 24 -16.4 21.1 1.5 -16.1 20.8 0.5 -15.5 21.4 1.8 -16.8 20.1 0.6
5 24 14.9 17.3 -1 16.7 17.6 -0.5 17.4 15.9 -0.6 14.9 19.3 -1
5 24 0.3 3.3 18.9 0.7 5 18.3 1.4 3.9 18.3 -0.4 5 18.8
5 24 -7.9 16.4 17.1 -9.4 15.8 16.7 -7.8 14.3 17.3 -7.9 18.2 16.3
5 24 -12.4 -3.7 -7.6 -11.9 -3.2 -8.4 -13 -1.8 -7.8 -10.8 -5.1 -8.1
5 24 8.8 17.2 16.4 10.3 17.2 16.2 10.1 19.3 15.3 10.2 15.7 16.7
5 24 12 5 -7.2 10.7 4 -7.6 11 5 -7 11.5 3.2 -8.4
5 24 -2.2 -8.8 7.3 -5.2 -6.9 10.3 -1.6 -8.2 7.8 -5.9 -7.5 9.8
5 24 -17.6 5.2 -2.5 -16.9 3.3 -2.3 -16.6 3.9 -3.1 -17.5 4.7 -1.4
5 24 -15 18.5 9.6 -16.2 18.5 7.6 -15.6 20.2 8.7 -15.6 17.5 8.9
5 24 -8.6 18.2 16 -10.2 16.8 15.4 -9.4 18.3 15.4 -9.4 15.8 16.7
5 24 -6.5 -7.2 -7.4 -5.3 -5.5 -8.6 -8 -4.8 -9 -3.5 -7.6 -7
5 24 -17.4 14.2 -4.2 -16 15.9 -4.9 -16.4 14.6 -5.3 -16.8 16.5 -3.4
5 24 -7 -7.4 -3.1 -7.1 -8 -2.3 -2.9 -8.3 -2.8 -10.7 -6.5 -3
5 24 -7 -3.6 -12.5 -5.1 -5.8 -10.1 -4.2 -4.6 -13 -7.8 -4.9 -9.9
5 24 -13.6 19.4 -5.3 -11.7 19.1 -5.9 -12.4 19.6 -4.5 -12.5 18.2 -7
5 24 13.8 7.7 13.8 15.5 8.4 12.8 13.5 9 13.7 13.8 5.7 13.7
5 24 -2.9 0.6 -10.4 -2.4 -2.5 -9.9 -0.7 0.3 -10.1 -5.4 -1.6 -9.9
5 24 4 -3.1 -12.2 2.8 -1.5 -12.9 2.5 -4.2 -14 3.8 -0.2 -11.1
5 24 -0.2 20.5 17.4 -1.3 22.8 16.8 -1.7 20.6 17.8 -0.1 22.7 16.6
5 24 -2.1 -0.8 -16 0 -0.5 -14.5 -1.9 0.1 -15 0.9 -2.2 -14.9
5 24 7.6 -8 -2.3 8.3 -7.4 -1.8 7.6 -8.3 -1.2 8.3 -7.4 -2.7
5 24 7.1 -7.8 -5.1 7.3 -8.1 -4.6 8.2 -6.6 -5.3 5 -9.3 -4.2
5 24 -8.4 -4.1 13.5 -7.7 -3.2 14 -9.7 -2 12.5 -6.7 -5.2 14.1
5 24 -15 6.6 10.2 -14.5 5 10.3 -14.6 6.6 11.4 -15.2 5.9 9.3
5 24 -10 -0.3 15.1 -9.7 -2 12.5 -10.9 0.5 13.1 -7.7 -3.2 14
5 24 7.9 11 18 7 11.1 17.8 6.9 9.8 17.7 7.6 12.3 18
5 24 3 21.4 17.5 3.9 21.3 17 2.8 22.9 17.1 3.9 19.7 17.5
5 24 3.5 -6.6 13.8 4.4 -6.1 14.2 5.9 -7.3 11.6 2.2 -4.2 16.3
5 24 4.5 -9.4 3.3 1.9 -10.2 4.5 1.8 -10.4 4 2.2 -10.1 4.9
5 24 -14.5 20.2 10.6 -14.5 18 11.1 -14.9 18 10.4 -14.1 20.4 11.9
5 24 -15.1 21.9 4.5 -13.6 21.6 4.7 -13.8 21 2.9 -15.3 21.9 5.6
5 24 19.1 5.9 2.6 19.2 6.6 0.8 19.5 7.5 2.5 18 3.7 0.6
5 24 3.1 1.1 18.5 4.4 -0.8 18.7 2.9 -1.1 18.3 4.2 0.9 18.8
5 24 -11.1 -6.7 8.9 -9.4 -7.6 9.8 -10.7 -6.4 10.1 -10 -7.8 8
5 24 -0.4 5 18.8 0.2 6.3 18.4 -1.4 6.3 18.9 0.7 5 18.3
5 24 4.8 -10.1 1.8 4.6 -10.3 0.9 6.8 -9 0.5 2.2 -11 1.8
5 24 6.2 -8 10 7.1 -7.1 9.7 7.4 -7.2 8.6 5.6 -7.6 11.2
5 24 12.6 -2.4 -8.2 11.5 -0.7 -9.7 9.8 -3.8 -8.3 14.2 0.6 -7.2
5 24 -8.4 -0.8 -8.8 -9.1923 4 -9.1923 -6.9 -0.8 -9.9 -9.2 -1.1 -7.9
5 24 9.7 0.5 -6.1 11.087 -3.3 -3.0916 7.9 -3.2 -4.6 10.7 4 -7.6
5 24 -11.8 13.2 -5.6 -12.0107 17 -4.9751 -12.0107 4 -4.9751 -11.5 16.8 -6.3
5 24 -8.4 6.4 -10.1 -8.5 4.9 -9.9 -8.9 7.7 -9.6 -7.7 4.9 -10.5
5 24 -6.8 2.1 -10.4 -7.7 4.9 -10.5 -8.5 4.9 -9.9 -6.1 3.5 -11.4
5 24 9 13.3 17.6 8.9 11.3 18 10 11.6 17.5 8.3 12.8 17.9
5 24 -4.5 1.9 -15.6 -1.9 0.1 -15 -3.7 2.1 -14.8 -2.1 -0.8 -16
5 24 -17.8 6.6 -1.5 -17.5 4.7 -1.4 -17.6 5.2 -2.5 -17.8 5.7 -0.3
5 24 -17.9 14.6 3.7 -17.9 16.3 3.1 -18.1 14.6 2.3 -17.4 14.8 4.8
5 24 17.8 15.6 8.2 16.4 17.7 8.8 16.8 15.3 9.3 17.5 18 7.8
5 24 4.7 -8.3 11.5 4.3 -8.8 10.8 6.2 -8 10 2.6 -7.8 13.3
5 24 2.8 -1.5 -12.9 3.8 -0.2 -11.1 2.3 0.4 -11.7 4 -3.1 -12.2
5 24 -2.9 -7 -9.9 -3.1 -6.4 -8.3 -1.2 -7.7 -9.5 -5.1 -5.8 -10.1
5 24 1.1 15.5 19.2 0.1 16.1 18.1 0.4 14.9 19.3 1.4 17.1 17.8
5 24 -9.2 23.2 11.2 -10.1 23.1 10.4 -8.5 22 10 -11.3 23.2 12.1
5 24 -3.2 -10.1 2.4 -0.2 -10.8 3.9 -0.2 -11.1 2.3 -3.2 -9.7 4.3
5 24 2.2 -11 1.8 4.8 -10.1 1.8 2.2 -10.9 3.1 4.6 -10.3 0.9
5 24 -12.9 -5.2 -1.5 -14.4 -3.1 -0.8 -14 -2.4 -2.7 -13.6 -4.1 0.9
5 24 -11 7.3 -12.5 -13 7.9 -11.9 -11.8 8.5 -11.7 -12.8 6.7 -12.8
5 24 6.3 -0.3 -9.3 7.6 1.1 -8.6 8.1 -0.1 -9.5 5.9 0.6 -8.6
5 24 17.2 11.3 7.4 17.9 8.4 8.6 17.6 10.5 6.1 17 10.4 9.1
5 24 4.7 -2.7 18.1 2.9 -1.1 18.3 4.4 -0.8 18.7 3.3 -2.8 17.7
5 24 15.1 22.3 4.8 13.8 21.2 3.6 13.2 21.4 4.7 15.3 22.3 3.8
5 24 -4.6 -7 11.5 0.2 -8.4 10.4 -0.9 -8.6 8.8 -3.4 -6.6 13
5 24 11.2 7.8 16.1 11.1 5.4 16.2 12.1 6.9 16.2 9.4 5.7 15.6
5 24 13.2 21.4 4.7 12.1 20 4.8 11.8 19.8 5.5 13.8 21.2 3.6
5 24 10.5 -6.3 -3.6 8.4 -7.1 -3.9 8.4 -6.9 -4.8 10.6 -6.7 -3
5 24 14.4 -5.5 0.2 15.3 -3.8 0.8 14.4 -4.9 -1.4 15.1 -4.2 2.3
5 24 17.9 10.9 5.1 19.1 10.3 4.4 18.6 11.7 3.9 18.2 8.9 5.2
5 24 -17.4 16.2 0.1 -16.8 16.5 -3.4 -17.6 14.5 -1.1 -17.3 18.3 0.4
5 24 12.7 6.8 15.8 13.1 7.1 15 12.5 7.7 15.6 13.1 5.5 15.3
5 24 7.5 5.1 16.9 6.6 5.5 17 9.1 7.7 17.9 6.9 4.1 16.6
5 24 -12.1 -4 -4 -12.4 -4 -5.2 -13.4 -2.7 -4.9 -10.6 -6.3 -5.1
5 24 12.6 14.5 14.1 14.3 15.4 12.7 14.1 14 12.6 12.6 16 14.2
5 24 -6.9 -2.3 15.3 -7.3 0 16.3 -8.6 -0.6 15.9 -5.6 -2 15.7
5 24 -7.1 1.2 -16.6 -4.8 1 -16.5 -6.1 -0.4 -16.5 -5.9 2.3 -16.3
5 24 -8.8 -4.5 12.8 -8.4 -4.1 13.5 -10 -2.8 12.1 -7.5 -6 12.8
5 24 -6.4 3.5 -15.3 -7.7 4.7 -14.3 -8.8 4.5 -15.2 -5.5 3.7 -14.3
5 24 -14.5 20.2 10.6 -14.1 20.4 11.9 -14 21.7 10.6 -14.5 18 11.1
5 24 16.3 1.5 7.5 17.2 3.5 8 16.7 1.7 6.6 16.1 3.4 9.8
5 24 10.3 17.2 16.2 11.7 18.6 14.9 10.1 19.3 15.3 11.9 17.2 15.5
5 24 -14.5 5 10.3 -14.9 3.6 10.3 -14.4 3.4 11.6 -15.2 3.8 9.2
5 24 18.6 4.7 4.2 19.1 5.9 2.6 19.1 7.1 3.7 18.2 3.3 2.3
5 24 -12.9 7.2 13.1 -12.3 6.9 15.4 -13.1 8.5 13.2 -11.7 5.6 15.3
5 24 4 7.6 19.1 4.4 7.8 18.1 4 6.3 18.5 3.2 10 19.4
5 24 12.8 6.9 -6.7 14.1 6.6 -6.9 13.6 9.4 -5.4 13.1 4.8 -7.1
5 24 13.7 20.6 2.7 13.8 21.2 3.6 15.2 22 2.6 12.5 19.6 3.8
5 24 7.2 -7.2 -6.9 5.2 -8 -7.5 5.4 -8.7 -6.8 7 -6.6 -7.5
5 24 -16.6 2 7 -17.1 3.3 6 -16.8 2 5.9 -16.8 4.1 7.6
5 24 -15.1 1.9 -5.1 -14.5 -0.3 -4.1 -14.6 0.6 -5.9 -15.5 2.6 -4.1
5 24 -14.9 18 10.4 -15 18.5 9.6 -14.5 20.2 10.6 -15.1 17.4 9.6
5 24 -1.5 18 18 -2.6 18.3 17 -1.7 20.6 17.8 -2.4 16.5 17.5
5 24 -0.2 20.5 17.4 0.8 18.1 17.3 1.2 20.7 16.5 -0.2 18 18
5 24 -10.2 16.8 15.4 -11.1 15.7 14.7 -10.7 15.2 14.8 -10.7 17.6 15.5
5 24 8.1 17.2 17 8 19.6 16.6 8.8 17.2 16.4 7.2 17.3 17.6
5 24 -13.3 22 6.1 -15.3 21.9 5.6 -13.6 21.6 4.7 -14.4 22.8 7.9
5 24 -7.9 22.5 16 -9 22.5 15.4 -9.1 21.1 15.8 -7.4 23.3 14.8
5 24 -9.6 7.5 -11.6 -11 7.3 -12.5 -10.7 8.8 -11.3 -9 6 -12.8
5 24 16 -0.2 5.4 16.2 -1.4 6.6 15.4 -2.2 4.2 16.3 1.5 7.5
5 24 8.2 0.1 -5.6 7.4 0.2 -6.8 8.9 0.9 -7.1 6.3639 0 -6.3639
5 24 12.9 15.8 -1.2 14.3 14.5 -3.1 12.8 14.4 -2.3 14.8 15.7 -1.7
5 24 -12 11.6 -9.6 -12.5 10.6 -9.8 -13.8 10.7 -8.7 -10.7 10 -9.7
5 24 1.5 23 13.1 0.9 23.5 14.2 0.8 22.8 13.1 1.9 23.8 14.1
5 24 -16.1 12 8.7 -17 13.4 7.2 -15.5 13.9 9 -17.5 11.8 7
5 24 -3.5 -7.6 -7 -5.3 -5.5 -8.6 -6.5 -7.2 -7.4 -3.1 -6.4 -8.3
5 24 -7.4 3.2 -16.4 -8.8 4.5 -15.2 -9.3 3.9 -16.3 -6.4 3.5 -15.3
5 24 -12.6 2.1 12.3 -13 4.9 12.4 -11.7 4.2 13.5 -14.4 3.4 11.6
5 24 13.8 -5.5 1.8 11.9 -5.9 1.8 13.1 -5.1 2.6 12.3 -6.3 1
5 24 15.4 21.2 -0.1 16.5 21.2 1.9 16.2 20.4 0.3 16 21.9 2.3
5 24 2.7 -9.8 8.7 3 -9 9.5 0.2 -8.4 10.4 6 -9.1 5.6
5 24 2.8 15.8 18.2 3.7 16.1 18.4 3.2 13.6 18.6 2.4 16.7 17.8
5 24 10.2 22.5 9.8 9.6 22.4 10.6 10.3 23.1 12 9.5 21.4 9.1
5 24 16 -0.2 5.4 16.7 1.7 6.6 16.3 0.3 5.1 16.3 1.5 7.5
5 24 16.4 11.8 8.9 17 10.4 9.1 17.2 11.3 7.4 16.1 11.5 9.8
5 24 -13.7 6.6 12.3 -13.1 8.5 13.2 -12.9 7.2 13.1 -14.4 9.2 12.5
5 24 -14.5 5.3 -10.7 -13.9 4.3 -13.2 -13.9 6.1 -11.9 -14 3.2 -11.6
5 24 10 13.7 16.5 9 13.3 17.6 10 11.6 17.5 8.3 14.1 17.7
5 24 -0.2 20.5 17.4 -1.7 20.6 17.8 -1.3 22.8 16.8 -0.2 18 18
5 24 -2.2 -8.8 7.3 -6.6 -8.3 8.6 -2.6 -9.1 6.8 -5.9 -7.5 9.8
5 24 9.9 -6.7 0.5 10.1 -6.9 -0.1 12.3 -6.3 1 8.3 -7.4 -0.9
5 24 -13 17 0 -12.9 19.9 2.7 -12.0107 17 4.9751 -13 19.4 1.1
5 24 -14.2 16.5 -7.6 -13.9 17.9 -6.5 -12.6 16.7 -7.9 -15.5 16.6 -6.6
5 24 -12.4 -4.3 -3.5 -12.1 -4 -4 -10.4 -5.9 -3.8 -14 -2.4 -2.7
5 24 -17.6 12.6 -4.9 -16.4 14.6 -5.3 -17.4 14.2 -4.2 -16 12.6 -6.3
5 24 8.6 21 15.3 9.7 21.1 15.1 10 22.6 14.9 8.8 19.4 15.5
5 24 4.4 7.8 18.1 3.2 10 19.4 4 7.6 19.1 3.9 10.5 18.5
5 24 -15.7 12.1 10.2 -15.5 13.9 9 -14.4 13.8 10.9 -16.1 12 8.7
5 24 3.9 10.5 18.5 2.3 13.3 19.5 3.2 10 19.4 3.2 13.6 18.6
5 24 9.1923 17 9.1923 10.2 21.2 8.2 10.7 20.5 7.5 9.5 21.4 9.1
5 24 -7.2 22.7 11 -4.9751 17 12.0107 -5.8 22.6 11.8 -7.9 22 10.5
5 24 7.6 21.2 16.4 6.5 21.3 17 6.8 19.7 17.5 7 22.6 16.1
5 24 -11.3 7.5 16.3 -10.9 9.1 15.5 -9.5 9 15.7 -11.9 7.4 15.8
5 24 0 -3.1 11.7266 3.4443 -4.5 8.3151 5.2237 -3 10.4474 0 -4.5 9
5 24 7 15.7 17.1 8.1 17.2 17 7.2 17.3 17.6 7.6 15.5 16.7
5 24 -17.7 12 4.4 -19 11.9 3 -17.7 8.5 3.6 -17.9 14.6 3.7
5 24 -10.7 22.7 14.1 -11.9 22.6 13.2 -12.6 20.3 14.1 -10.1 23.3 13
5 24 8.4 -7.1 -3.9 7.3 -8.1 -4.6 8.4 -6.9 -4.8 7.4 -8.4 -3.6
5 24 12.6 -0.3 13.3 11.9 1.7 14.5 12.9 1.7 13.7 11.4 -0.3 13.9
5 24 2.5 7.3 19.6 3.2 10 19.4 2 9.7 19.6 4 7.6 19.1
5 24 -9.2 -1.1 -7.9 -6.3639 -4.5 -6.3639 -10.2342 -3.1 -5.6501 -8.4 -0.8 -8.8
5 24 11.6 6.9 -6 12.5 6.2 -4 12.6 0.5 -3.6 12.3 9.2 -4.4
5 24 18.1 7.3 0.1 17.1 5.1 -2.5 17.2 4.4 -0.3 17.8 7.7 -1.8
5 24 -7.7 4.9 -10.5 -7.7 4.7 -14.3 -6.1 3.5 -11.4 -9 6 -12.8
5 24 -6.9 12.3 18.5 -6.2 11.9 19 -7.3 11.5 18.3 -6.2 12.8 18.6
5 24 -13.9 20.7 0.3 -14.3 20.7 1 -13.1 19.9 0.2 -14.9 21.1 -0.6
5 24 10.7 -6.5 2.1 9.9 -6.7 0.5 11.9 -5.9 1.8 8.2 -7.3 0.1
5 24 10.5 7.8 16.8 9.4 5.7 15.6 8.4 5.4 16.5 11.2 7.8 16.1
5 24 -13.8 10.7 -8.7 -12 11.6 -9.6 -12.5 10.6 -9.8 -12.7 12.4 -9.2
5 24 11.6 22.1 8.3 11.2 20.7 6.8 12.1 22.1 7.1 10.7 20.5 7.5
5 24 -0.2 18 18 0.1 16.1 18.1 -1.5 18 18 0.8 18.1 17.3
5 24 12.7 2.2 -8.7 14.2 0.6 -7.2 11.5 -0.7 -9.7 14.5 3.9 -5.9
5 24 -1.9 0.1 -15 -2.1 -0.8 -16 -4.5 1.9 -15.6 0 -0.5 -14.5
5 24 -10.6 11.4 -8.9 -10.1 11.7 -8.3 -10.8 12.8 -8.8 -10 10.6 -8.4
5 24 -2.8 -8.4 -4 -2.9 -8.3 -2.8 0.7 -9.8 -3 -7 -7.4 -3.1
5 24 -6.2 11.9 19 -4.9 12.1 18.9 -6.2 9.4 19 -5.1 12.8 18.8
5 24 -17.2 19.9 4.8 -18.1 18.4 3.1 -17.2 20.4 3.3 -17.6 17.8 4.3
5 24 12.4 12.6 15.4 10.8 11.9 16.1 12.2 10.5 14.7 12.2 14.4 15.9
5 24 12.3 5.4 16 12.7 6.8 15.8 13.1 5.5 15.3 12.1 6.9 16.2
5 24 3.7 16.1 18.4 3.2 13.6 18.6 4.2 13.5 18.9 2.8 15.8 18.2
5 24 -9.7 -2 12.5 -10 -2.8 12.1 -11.3 -1.5 11.2 -8.4 -4.1 13.5
5 24 -5.1 -2.5 -17 -3.8 -0.8 -16.9 -6.1 -0.4 -16.5 -2.4 -2.6 -16.9
5 24 3.1 -9.2 -6.6 4.9 -9.6 -5.2 3.2 -9.9 -4.8 5.4 -8.7 -6.8
5 24 -5.1 -2.5 -17 -3.5 -4.3 -16.8 -2.4 -2.6 -16.9 -6.2 -3.8 -15.8
5 24 16.2 -1.7 1.3 15.3 -3.8 0.8 15.3 -3.3 -0.9 16 -2.1 2.9
5 24 13.9 12.5 -3.7 12.3 9.2 -4.4 13.6 9.4 -5.4 12.7 12.4 -2.8
5 24 -7.1 -7.7 -4.4 -9.1 -6.2 -8.2 -6.5 -7.2 -7.4 -10.6 -6.3 -5.1
5 24 -1.3 -7.2 -8 -1.6 -8.1 -6.8 0.9 -8 -7.8 -3.5 -7.6 -7
5 24 -2.7 15.1 18.3 -1.3 15.1 18.6 -1.5 13 19.4 -1.6 16.3 18
5 24 -7.9 16.4 17.1 -6.8 16.6 17.1 -7.9 18.2 16.3 -6.2 15 17.2
5 24 -10.9 -7.3 0.8 -11.1 -7.2 -1.2 -12.8 -5.6 0.8 -7.2 -8.5 -0.8
5 24 14.8 22.8 9.8 13.6 23.2 8.5 14.5 22.5 6.9 12.7 23.3 9.5
5 24 -19 11.9 3 -19.1 12.2 1 -18.4 8.7 2 -18.1 14.6 2.3
5 24 1.1 22.4 16.1 2.8 22.9 17.1 3 21.4 17.5 2.4 23.9 15.5
5 24 -4.9751 17 12.0107 -5.8 22.6 11.8 -5 22.2 12.2 -7.2 22.7 11
5 24 10.3 -5.2 -6.3 9.9 -4.4 -7 8.1 -5 -7.4 12.4 -4.8 -5.5
5 24 -11.1 2.2 -16.8 -11 4.1 -16 -9.3 3.9 -16.3 -13 2.6 -15.3
5 24 -7.6 6.2 16.1 -8.8 5.2 16.2 -10.3 6.6 16.7 -7 3.1 16.3
5 24 -1.6 -8.1 -6.8 0.9 -9.8 -4.2 -2.8 -8.4 -4 0.9 -8.9 -6.7
5 24 -12.6 2.1 12.3 -11.5 2.5 13.5 -10.9 0.5 13.1 -11.7 4.2 13.5
5 24 18.6 11.7 3.9 19.3 10.6 3.8 19.1 10.3 4.4 19.4 10.7 3.1
5 24 6 -5.2 14.7 6.6 -5.8 13.3 5.6 -5.4 14.6 6.4 -5 14.6
5 24 -6.8 2.1 -10.4 -6.9 -0.8 -9.9 -5.4 -1.6 -9.9 -8.5 4.9 -9.9
5 24 -11.9 -6.2 3 -13 -4.2 3.3 -13 -3.8 2.1 -12 -5.6 5.5
5 24 -13.9 20.8 -1.3 -13.1 19.9 0.2 -13 20.1 -1.4 -13.9 20.7 0.3
5 24 4.4 7.8 18.1 4 6.3 18.5 4 7.6 19.1 4.6 6.3 17.6
5 24 -6.2 22.2 15.6 -5.5 22.5 16.5 -5.3 23.3 15.4 -5.8 20.8 17.2
5 24 -18.3 3.4 2.1 -18.4 4.5 1.6 -18.4 4.2 0.3 -18.3 4.1 2.6
5 24 11.7 18.6 14.9 10.1 19.3 15.3 10.3 17.2 16.2 11.3 19.7 14.7
5 24 -11.1 15.7 14.7 -10.7 17.6 15.5 -10.2 16.8 15.4 -12.5 17.1 13.6
5 24 -7 3.1 16.3 -5.4 2 17 -6.4 3.3 16.9 -6 1.2 16.3
5 24 -6.2 15 17.2 -7.9 16.4 17.1 -7.8 14.3 17.3 -6.8 16.6 17.1
5 24 12.7 6.8 15.8 13.1 5.5 15.3 12.3 5.4 16 13.1 7.1 15
5 24 10.6 -6.3 -4.5 10.3 -5.2 -6.3 8.2 -6.6 -5.3 12.4 -4.8 -5.5
5 24 4 2.3 19 4.2 0.9 18.8 3.1 1.1 18.5 5.5 1.6 18.4
5 24 0.7 -7.8 11.2 -3.4 -6.6 13 -2.5 -5.9 13.4 0.2 -8.4 10.4
5 24 8 -6.1 12.6 10 -4.2 12.6 8.6 -4.8 14 9.2 -5.7 11.4
5 24 9.9 1.8 15.1 10.3 3.6 16 10.7 1.8 15.1 8.9 3.9 15.4
5 24 10 22.6 14.9 8.3 23.5 13.6 8 22.3 15.1 9.3 23.8 13
5 24 5 3.1 18.9 6.2 3.5 17.1 5.5 1.6 18.4 4.6 5.2 17.6
5 24 -13.6 14.1 -8.8 -11.8 14.4 -8.7 -12.6 16.7 -7.9 -12.7 12.4 -9.2
5 24 12.5 19.6 3.8 13.8 21.2 3.6 12.1 20 4.8 13.7 20.6 2.7
5 24 2.1 18.3 17.6 1.2 20.7 16.5 0.8 18.1 17.3 2.8 19.9 17.7
5 24 6.1 -3 -9.7 6.4 -4.4 -9.3 4.4 -5.6 -10.6 7.1 -2.8 -9.1
5 24 -8.9 19.5 15.7 -9.8 20.2 15.1 -9.4 18.3 15.4 -9.1 21.1 15.8
5 24 -7.1 -7.7 -4.4 -3.5 -7.6 -7 -2.8 -8.4 -4 -6.5 -7.2 -7.4
5 24 8.2 -6.8 10.1 9.2 -6.9 8.5 10.5 -6.4 9.7 7.4 -7.2 8.6
5 24 -13.7 22.7 10 -14 21.7 10.6 -14.5 21.6 9.2 -12.8 23.1 11
5 24 -16.9 3.3 -2.3 -16.6 3.9 -3.1 -17.6 5.2 -2.5 -15.8 2.4 -3.1
5 24 4 -3.9 16.8 2.9 -3.7 16 4.9 -5.5 14 3.3 -2.8 17.7
5 24 -7.4 -7.9 5.9 -7.3 -8.5 7.2 -3.2 -8.9 5.2 -10 -7.8 8
5 24 -11.5 -6.3 1.7 -11.9 -6.2 3 -10 -7.5 1.6 -13 -3.8 2.1
5 24 6.1 -3.6 16.8 5.2 -4 16.9 6 -5.2 14.7 4.7 -2.7 18.1
5 24 8.1 -0.1 -9.5 9 -1.9 -9.8 6.7 -1.6 -9.2 10.2 1 -9.4
5 24 -5.8 20.8 17.2 -6.3 18.5 16.4 -6.6 20.4 16 -4.9 17.2 17.2
5 24 -18 14.6 0.9 -18.1 14.6 2.3 -17.8 16.3 1.4 -19.1 12.2 1
5 24 16.3 8.2 10.7 15.5 8.4 12.8 16.4 5.4 10.3 16 9.8 10.6
5 24 -18 14.6 0.9 -17.6 14.5 -1.1 -17.4 16.2 0.1 -18.5 12.3 -0.9
5 24 5 16.6 18.3 6.2 15.1 17.4 5.6 14.1 18.6 5.8 16.9 17.6
5 24 14.8 15.3 11.5 14.1 14 12.6 14.8 13.2 11.3 14.3 15.4 12.7
5 24 -12.9 -2.5 10.5 -12.5 -0.7 10.6 -11.8 -3.7 11 -13.4 -0.2 9.3
5 24 7.5 23.1 12.1 9.3 23.8 13 8.3 23.5 13.6 8.6 23.1 11.3
5 24 16.3 0.3 5.1 16.3 0.1 4.5 15.4 -2.2 4.2 17.1 2.2 4.8
5 24 10.6 -6.7 -3 8.3 -7.4 -2.7 8.4 -7.1 -3.9 10.4 -7 -1.5
5 24 12.8 6.9 -6.7 13.1 4.8 -7.1 12 5 -7.2 14.1 6.6 -6.9
5 24 5.4 -8.7 -6.8 5.2 -8 -7.5 3.1 -8.5 -7.7 7.2 -7.2 -6.9
5 24 -13.3 -1.9 -9.9 -13.9 0.8 -10.5 -12.8 -0.5 -11.5 -14.3 0.1 -8.8
5 24 9.6 -5.9 11 10.5 -6.4 9.7 12 -4.7 11.5 8.2 -6.8 10.1
5 24 -11.9 7.4 15.8 -12.1 8.7 14.7 -10.9 9.1 15.5 -12.3 6.9 15.4
5 24 -13.7 6.6 12.3 -13.9 5 11.5 -13 4.9 12.4 -14.6 6.6 11.4
5 24 -14.8 2 8.8 -15.5 0.2 6.8 -14.1 0 8.1 -16.6 2 7
5 24 -7.3 0 16.3 -6 1.2 16.3 -8.3 2.7 16.5 -5.6 -2 15.7
5 24 -13.2 13.3 12.2 -12.6 13.8 14.4 -13.6 11.6 12.8 -12.6 15.1 13.2
5 24 19.5 7.5 2.5 19.1 7.1 3.7 19.6 9 3 19.1 5.9 2.6
5 24 1.2 0.4 -10.2 1 0.8 -10.7 -0.7 0.3 -10.1 2.4 0.3 -9.7
5 24 -9.1923 17 9.1923 -12.0107 17 4.9751 -10.5 20.9 7.9 -9.1923 4 9.1923
5 24 16.8 15.3 9.3 16.2 17.6 10.4 16.4 17.7 8.8 16.3 15.3 10.9
5 24 17.7 13.5 7.7 18.2 14.1 5.6 17.8 15.6 8.2 17.9 12.5 5.3
5 24 7 15.7 17.1 7.6 15.5 16.7 8.1 17.2 17 7 14.5 16.9
5 24 6 -5.2 14.7 6.1 -3.6 16.8 5.2 -4 16.9 6.4 -5 14.6
5 24 6 6.1 17 4.6 6.3 17.6 4.6 5.2 17.6 6.4 8 17.4
5 24 8.6 21 15.3 7.6 21.2 16.4 8 19.6 16.6 8 22.3 15.1
5 24 -16.1 9.5 8.9 -16.4 7.3 8 -17.2 9.3 7.2 -15.8 7.3 9.1
5 24 -9.5 2.1 16.1 -7.3 0 16.3 -8.6 -0.6 15.9 -8.3 2.7 16.5
5 24 3.3 -7.7 -10.5 3.3 -8.7 -8.4 5.3 -8.1 -8.1 1.2 -7.8 -11.1
5 24 -14.5 9.7 -8.4 -15 9.9 -6.9 -15.2 8.3 -6.9 -13.8 10.7 -8.7
5 24 13.1 22.9 12 12.3 22.8 13.4 13.6 21.9 12.6 12.2 23.6 10.4
5 24 -10.8 22.7 9.8 -12.8 23.1 11 -11.3 22.6 9.2 -11.6 23.1 11.6
5 24 -13 2.6 -15.3 -12.5 5.1 -14.3 -11 4.1 -16 -13.9 4.3 -13.2
5 24 -1.7 -1 17 -0.9 -1 17.8 -2 0.7 17.1 -0.9 -2.7 16.4
5 24 0.4 14.9 19.3 -0.3 15.3 18.3 -0.3 11.8 19.2 0.1 16.1 18.1
5 24 12.6 -5.5 -2.9 12.7 -6.1 -2.1 13.9 -4.3 -2.2 10.6 -6.7 -3
5 24 9.3 23.8 13 10.3 23.1 12 11.2 22.4 13.7 8.6 23.1 11.3
5 24 -4.5 0.8 18 -4.4 0 18 -4.1 0.7 18.1 -5 0.5 17.7
5 24 -0.9 7.4 18.5 -2.3 8.3 18.4 -2 7.5 18 -0.5 8.3 18.8
5 24 -4.6 23.4 13.7 -5.9 22.8 14.8 -5.3 23.3 15.4 -5.4 22.9 13.4
5 24 -12.5 18.2 -7 -13.6 19.4 -5.3 -11.7 19.1 -5.9 -13.9 17.9 -6.5
5 24 -2.9 0.6 -10.4 -4.6 2.5 -12 -2.2 1.4 -11.6 -5 0.9 -10.3
5 24 12.8 6.9 -6.7 12 5 -7.2 13.1 4.8 -7.1 11.6 6.9 -6
5 24 -8.7 10.8 16.5 -8.2 10.4 16.6 -8 12.4 17.2 -9.5 9 15.7
5 24 -17.2 9.3 7.2 -17.7 8.5 3.6 -17.7 12 4.4 -17.1 6.1 5.2
5 24 9.3 2.1 -8.4 10.2 1 -9.4 8.1 -0.1 -9.5 11.5 3.2 -8.4
5 24 15.5 8.4 12.8 13.5 9 13.7 13.8 7.7 13.8 15 11.2 12.6
5 24 -12.1 22.5 8.2 -13.7 22.7 10 -12.8 23.1 11 -13.8 22.4 8.6
5 24 0.7 -4.3 -15.5 0.9 -2.2 -14.9 -1.1 -3.6 -16.6 2.5 -4.2 -14
5 24 8.8 -1.2 16.6 10.4 -0.1 14.2 10.5 -2 13.5 9.9 1.8 15.1
5 24 4.2 0.9 18.8 5.5 -0.3 18.1 4.4 -0.8 18.7 5.5 1.6 18.4
5 24 -12.6 20.3 14.1 -11.2 20.3 15.1 -10.7 17.6 15.5 -10.7 22.7 14.1
5 24 -4.6 23.4 13.7 -5.4 22.9 13.4 -5.9 22.8 14.8 -4.1 22.5 12.5
5 24 -0.1 22.7 16.6 -0.9 23.6 15.8 -1.3 22.8 16.8 0.1 23.7 15.7
5 24 14.4 -4.9 -1.4 15.3 -3.8 0.8 14.4 -5.5 0.2 15.3 -3.3 -0.9
5 24 12.1 19.7 13.6 11.7 18.6 14.9 11.3 19.7 14.7 12.4 18.5 13.9
5 24 -14 21.7 10.6 -13.5 22 11.9 -12.8 23.1 11 -14.1 20.4 11.9
5 24 -18 3.4 -0.7 -17.3 0.9 0.6 -17.1 1.4 -1.5 -18.1 2.5 1.3
5 24 12.9 3.4 14.7 11.9 1.7 14.5 11.8 3.5 15.6 12.9 1.7 13.7
5 24 8.8 -1.2 16.6 6.7 -1.2 16.6 6.9 -2.8 15.8 8.2 0.8 17.1
5 24 -12.5 18.2 -7 -11.5 16.8 -6.3 -11.7 19.1 -5.9 -12 16.7 -7.1
5 24 4.4 -0.8 18.7 5.5 -0.3 18.1 5.9 -2.1 17.7 4.2 0.9 18.8
5 24 18.2 18.7 4.6 18.1 16.7 5.6 18.7 16.7 4.7 17.7 18.7 5.5
5 24 5 18.7 17.1 7.2 17.3 17.6 6.8 19.7 17.5 5.8 16.9 17.6
5 24 13.7 -3.4 -4.8 13.8 -1.3 -5 12.5 -3 -5.9 14.4 -2 -4.1
5 24 -11.5134 -3.1 1.4925 -9 -4.5 0 -8.3151 -4.5 3.4443 -11.3002 -3.1 -2.985
5 24 -13 4 0 -12.0107 4 4.9751 -11.5134 -3.1 1.4925 -13 17 0
5 24 -10.1 -4.3 -9.5 -11.9 -3.2 -8.4 -10.1 -4.2 -9 -12 -3.6 -10.1
5 24 14.1 20.9 11.5 13.6 21.9 12.6 13.2 20.9 13.4 13.9 22 11.5
5 24 -7.4 -7.9 5.9 -10.7 -7.3 5.3 -10.4 -6.4 6.5 -7.4 -8.7 4.8
5 24 15.9 20.3 10.2 14.8 22.8 9.8 15.3 21.8 10.8 16.5 20.2 7.9
5 24 14 18.5 13.2 12.4 18.5 13.9 12.5 17.1 14.2 13.5 19.9 12.9
5 24 2.8 5.9 19 2.5 7.3 19.6 1 6.9 19 4 7.6 19.1
5 24 14.8 22.8 9.8 13.5 22.8 10.9 12.7 23.3 9.5 15.3 21.8 10.8
5 24 7 15.7 17.1 5.8 16.9 17.6 6.2 15.1 17.4 7.2 17.3 17.6
5 24 0.3 12 19.7 -0.3 11.8 19.2 0.4 14.9 19.3 0.7 10.5 19.5
5 24 16.3 14.8 -1.7 16.8 12.7 -1.1 17.4 14.4 -0.7 16.1 12.8 -2.1
5 24 -0.3 11.8 19.2 0.4 14.9 19.3 -0.3 15.3 18.3 0.3 12 19.7
5 24 7.6 -8.3 -1.2 6.8 -9 0.5 8.3 -7.4 -0.9 6.6 -9.1 -0.3
5 24 -12.4 -4 -5.2 -13.4 -2.2 -7.2 -13.4 -2.7 -4.9 -12.4 -3.7 -7.6
5 24 2.4 16.7 17.8 1.8 15.1 19.3 1.4 17.1 17.8 2.8 15.8 18.2
5 24 -14.2 16.5 -7.6 -12.6 16.7 -7.9 -13.9 17.9 -6.5 -13.6 14.1 -8.8
5 24 7.2 -7.2 -6.9 8.2 -6 -6.2 8.2 -5.5 -6.9 6.8 -8 -6.1
5 24 -10.2 16.8 15.4 -9.4 15.8 16.7 -10.7 15.2 14.8 -8.6 18.2 16
5 24 -9.4 15.8 16.7 -7.8 14.3 17.3 -9.2 13 16.8 -7.9 16.4 17.1
5 24 6.6 13.5 17.4 6.1 12.1 18.6 6.9 12.2 17.8 6.2 15.1 17.4
5 24 11.8 3.5 15.6 12.3 5.4 16 13.1 5.5 15.3 11.1 5.4 16.2
5 24 7.6 -7.2 7.6 6.1 -8.4 8.1 6.2 -8.3 9.1 7.7 -7.2 6.4
5 24 -2.4 23.2 14.2 -1.3 23.6 14.3 -1.3 22.8 13.1 -2.8 23.1 15.3
5 24 14.9 17.3 -1 14.8 15.7 -1.7 17.4 15.9 -0.6 12.9 15.8 -1.2
5 24 14.5 3.9 -5.9 15.5 5.1 -3.9 15.4 5.7 -5.6 14.9 3.1 -4.4
5 24 16.4 8.4 -4.6 16.7 9.7 -2.2 16.3 11.3 -2 16.4 7.6 -3.1
5 24 16.7 17.6 -0.5 17.6 16.7 1.5 17.4 15.9 -0.6 16.9 18.8 1.5
5 24 12.9 -2.5 12.8 13.6 -2.3 12 13.5 -0.1 12.5 12 -4.7 11.5
5 24 -14.2 16.5 -7.6 -15.3 14.7 -7.7 -13.6 14.1 -8.8 -15.5 16.6 -6.6
5 24 8.9 11.3 18 10 11.6 17.5 9.2 9.5 18.1 9 13.3 17.6
5 24 19.2 6.6 0.8 17.2 4.4 -0.3 18 3.7 0.6 18.1 7.3 0.1
5 24 14.4 -4 3.4 15.1 -4.2 2.3 15.4 -2.2 4.2 13.8 -5.5 1.8
5 24 2.9 -3.7 16 3.3 -2.8 17.7 4 -3.9 16.8 2.1 -2.2 16.7
5 24 -10.7 -6.5 -3 -10.4 -5.9 -3.8 -7 -7.4 -3.1 -12.4 -4.3 -3.5
5 24 -11.1 6 16.1 -11.3 7.5 16.3 -10.3 6.6 16.7 -11.9 7.4 15.8
5 24 -14.5 -0.3 -4.1 -15.8 2.4 -3.1 -15.3 1.1 -3 -15.7 2.8 -3.6
5 24 -12.4 10 -10.3 -10.7 10 -9.7 -9.9 9.1 -10.2 -12.5 10.6 -9.8
5 24 -17 16.9 6.4 -17.3 16.4 4.5 -16.8 18.1 5.2 -17.2 15.4 5.7
5 24 18.6 12.8 2.5 18.7 12.9 4.4 18.6 11.7 3.9 18.9 14.1 2.5
5 24 16.7 9.7 -2.2 16.8 11.4 -1.4 16.3 11.3 -2 17.6 9.5 -1.7
5 24 16.2 1.6 -1 16.8 1 -0.1 15.4 -0.4 -1.1 18 3.7 0.6
5 24 -15.1 21.6 8.7 -13.8 22.4 8.6 -14.5 21.6 9.2 -14.4 22.8 7.9
5 24 18.2 18.7 4.6 18 18.7 2.2 18.6 16.7 2.3 18 21.3 3.9
5 24 13.9 -4.3 -2.2 14 -4.1 -2.8 14.7 -2.6 -1.7 12.6 -5.5 -2.9
5 24 15.5 4.1 12.9 13.6 2.2 12.9 14.5 1 11 13.8 3.6 13.4
5 24 7 22.6 16.1 6.5 21.3 17 6.1 22.6 16.4 7.6 21.2 16.4
5 24 -6.9 -2.3 15.3 -5.6 -2 15.7 -4.9 -3.9 14.6 -7.3 0 16.3
5 24 -7.2 -1.7 -15.6 -8.4 -0.9 -12.6 -6.8 -2.3 -12.8 -8.3 0.2 -16.1
5 24 -6.4 3.5 -15.3 -7.4 3.2 -16.4 -5.9 2.3 -16.3 -8.8 4.5 -15.2
5 24 7.7 -7.2 6.4 9.3 -6.7 6.1 7.6 -7.2 7.6 7.8 -7.1 5.1
5 24 -15.2 19.5 -3.3 -15.4 20.5 -2.6 -13.9 20.2 -3.2 -16.8 16.5 -3.4
5 24 -17.3 0.9 0.6 -18.1 2.5 1.3 -16.7 0.5 2.5 -18 3.4 -0.7
5 24 10 11.6 17.5 10.8 11.9 16.1 10.5 9.8 17.5 10 13.7 16.5
5 24 11.9 -5.9 1.8 12.3 -6.3 1 13.8 -5.5 1.8 9.9 -6.7 0.5
5 24 -6.2 22.2 15.6 -7.4 23.3 14.8 -5.9 22.8 14.8 -7.9 22.5 16
5 24 -13.9 6.1 -11.9 -14.6 6.8 -10.3 -14.5 5.3 -10.7 -14 7.4 -11.3
5 24 -9.4 -7.6 9.8 -7.3 -8.5 7.2 -10 -7.8 8 -6.6 -8.3 8.6
5 24 -16.2 8 -6 -16.9 7.3 -3.3 -16.7 10.1 -5.6 -15.9 7.1 -6.3
5 24 0.3 -4.8 15.6 -0.3 -2.7 17 -0.9 -2.7 16.4 0.9 -4.7 16.1
5 24 9.9 1.8 15.1 8.8 -1.2 16.6 10.4 -0.1 14.2 8.2 0.8 17.1
5 24 4.6 5.2 17.6 5 3.1 18.9 6.2 3.5 17.1 4.3 3.8 19
5 24 -13.9 20.8 -1.3 -13.9 20.2 -3.2 -12.4 19.6 -4.5 -14.8 21 -1.8
5 24 -9.5 -4.8 11.7 -10 -2.8 12.1 -8.8 -4.5 12.8 -10.6 -3.2 11.6
5 24 4.4 -0.8 18.7 4.7 -2.7 18.1 5.9 -2.1 17.7 2.9 -1.1 18.3
5 24 -14.6 6.6 11.4 -14.4 9.2 12.5 -13.7 6.6 12.3 -15.5 9.2 11.7
5 24 -3.2 -9.7 4.3 -3.2 -10.1 2.4 -0.2 -10.8 3.9 -7.3 -8.9 2.6
5 24 -10.6 1.6 15.3 -11.5 2.5 13.5 -10.9 3.9 15.2 -10.9 0.5 13.1
5 24 -10.2342 -3.1 -5.6501 -11.3002 -3.1 -2.985 -12.0107 4 -4.9751 -8.3151 -4.5 -3.4443
5 24 10.6 -6.3 -4.5 8.4 -6.9 -4.8 10.5 -6.3 -3.6 8.2 -6.6 -5.3
5 24 -16.1 3.8 -3.7 -15.7 2.8 -3.6 -15.9 3.4 -4.5 -16.6 3.9 -3.1
5 24 13.8 5.7 13.7 13.1 5.5 15.3 13.1 7.1 15 12.9 3.4 14.7
5 24 -15.2 8.3 -6.9 -14.5 9.7 -8.4 -14.9 7.5 -8.1 -15 9.9 -6.9
5 24 6.3639 -4.5 6.3639 9.8077 -3.1 6.2897 8.3151 -4.5 3.4443 5.2237 -3 10.4474
5 24 -9.7 -2 12.5 -8.4 -4.1 13.5 -10 -2.8 12.1 -7.7 -3.2 14
5 24 -11.3 14.1 -8.1 -10.7 13.9 -7.4 -10.8 12.8 -8.8 -12 16.7 -7.1
5 24 16.5 22.5 4 18 21.3 3.9 17.6 21.1 5.1 16.3 22.1 2.8
5 24 6.4 -6.9 12 6.8 -6.3 12.4 4.9 -5.5 14 6.8 -7.1 10.5
5 24 6.6 -9.1 -0.3 4.2 -9.9 0.1 6.1 -8.9 -1.1 4.6 -10.3 0.9
5 24 -17 14.2 6.1 -17.2 15.4 5.7 -17.7 12 4.4 -16.5 16.1 7.6
5 24 -5.8 22.6 11.8 -7.7 23.6 12.4 -6.3 23.5 13.1 -7.2 22.7 11
5 24 11.3 -6.1 8.3 10.5 -6.4 9.7 9.2 -6.9 8.5 12.8 -4.6 10.4
5 24 8.2 -7.3 0.1 9.9 -6.7 0.5 10.7 -6.5 2.1 8.3 -7.4 -0.9
5 24 -12.9 7.2 13.1 -11.7 5.6 15.3 -11.7 4.2 13.5 -12.3 6.9 15.4
5 24 -16.7 0.5 2.5 -15.6 -1 0 -17.3 0.9 0.6 -14.8 -1.8 1.8
5 24 12.1 6.9 16.2 11.2 7.8 16.1 11.1 5.4 16.2 12.5 7.7 15.6
5 24 7.2 -7.2 -6.9 7 -6.6 -7.5 8.2 -5.5 -6.9 5.2 -8 -7.5
5 24 8.2 -6.8 10.1 7.1 -7.1 9.7 6.8 -6.3 12.4 7.4 -7.2 8.6
5 24 18 5 5 17.2 3.5 8 17.6 5.6 8.3 17.1 2.2 4.8
5 24 14.5 3.9 -5.9 14.9 3.1 -4.4 14.4 0.7 -4.6 15.5 5.1 -3.9
5 24 -10.4 -6.4 6.5 -11.1 -6.7 8.9 -10 -7.8 8 -12.1 -3.7 7
5 24 -10.7 -7.3 5.3 -10.4 -6.4 6.5 -7.4 -7.9 5.9 -12 -5.6 5.5
5 24 3.9 21.3 17 2.8 22.9 17.1 4.7 22.3 15.9 3 21.4 17.5
5 24 -2.7 15.1 18.3 -4 13.5 18.2 -3.4 14.9 17.6 -3.2 12.8 19.2
5 24 12.3 -6.3 1 9.9 -6.7 0.5 11.9 -5.9 1.8 10.1 -6.9 -0.1
5 24 14.6 -4.7 4.7 14.4 -4 3.4 13.1 -5.7 3.7 15.4 -2.2 4.2
5 24 -0.3 -2.7 17 -0.9 -2.7 16.4 -0.9 -1 17.8 0.3 -4.8 15.6
5 24 -14.4 -3.1 -0.8 -14 -2.4 -2.7 -12.9 -5.2 -1.5 -15.5 -0.5 -1.9
5 24 10.7 4 -7.6 9.7 0.5 -6.1 9.3 2.1 -8.4 11.087 -3.3 -3.0916
5 24 0 -3.1 11.7266 0 4 13 -4.9751 4 12.0107 4.9751 4 12.0107
5 24 -11 7.3 -12.5 -10.6 5.9 -13.8 -12.8 6.7 -12.8 -9 6 -12.8
5 24 -9 22.5 15.4 -7.4 23.3 14.8 -8.5 23.4 14.2 -7.9 22.5 16
5 24 6.9 -2.8 15.8 8.9 -3.1 15.6 7.1 -4.7 14.2 8.8 -1.2 16.6
5 24 6.4 0.7 16.9 8.2 0.8 17.1 6.7 -1.2 16.6 6.2 2.2 17.3
5 24 -8.3 2.7 16.5 -10 4.5 15.9 -8.8 5.2 16.2 -9.5 2.1 16.1
5 24 -17.7 8.5 3.6 -18.4 8.7 2 -19 11.9 3 -17.7 5.9 3.1
5 24 -10.6 -6.3 -5.1 -10.4 -5.9 -3.8 -7.1 -7.7 -4.4 -12.1 -4 -4
5 24 -16.7 0.5 2.5 -18.1 2.5 1.3 -17.5 1.8 3.3 -17.3 0.9 0.6
5 24 -17.1 6.1 5.2 -17.7 5.9 3.1 -17.4 5 4.2 -17.7 8.5 3.6
5 24 -2 -3.5 16.5 -1.2 -6.1 15.2 -3 -4 16.2 -0.4 -5.6 15.7
5 24 0.2 -8.4 10.4 -0.9 -8.6 8.8 -4.6 -7 11.5 2.7 -9.8 8.7
5 24 -17.6 14.5 -1.1 -17.4 14.2 -4.2 -16.8 16.5 -3.4 -18 12.4 -2.8
5 24 -8.8 4.5 -15.2 -9.3 3.9 -16.3 -11 4.1 -16 -7.4 3.2 -16.4
5 24 -11.8 8.5 -11.7 -11 7.3 -12.5 -10.7 8.8 -11.3 -13 7.9 -11.9
5 24 -7 -7.4 -3.1 -10.7 -6.5 -3 -10.4 -5.9 -3.8 -7.1 -8 -2.3
5 24 16.1 12.8 -2.1 15.4 12 -4.1 16.3 11.3 -2 15.5 13.8 -3.4
5 24 13.9 -4.3 -2.2 14.4 -4.9 -1.4 15.3 -3.3 -0.9 12.7 -6.1 -2.1
5 24 -5.1 -5.8 -10.1 -2.3 -5.9 -12.7 -2.9 -7 -9.9 -4.2 -4.6 -13
5 24 8.9 0.9 -7.1 8.2 0.1 -5.6 9.7 0.5 -6.1 7.4 0.2 -6.8
5 24 -14.7 8.8 -9.2 -13.9 9.7 -9.5 -14.5 9.7 -8.4 -13.5 9.2 -10.6
5 24 0.9 -8.9 -6.7 3.2 -9.9 -4.8 0.9 -9.8 -4.2 3.1 -9.2 -6.6
5 24 7.8 -4.5 -7.9 6.4 -4.4 -9.3 7.1 -2.8 -9.1 7 -6 -8
5 24 8.1 17.2 17 7.2 17.3 17.6 7 15.7 17.1 8 19.6 16.6
5 24 -13.4 -0.2 9.3 -13.2 -2.4 10.1 -14.1 0 8.1 -12.9 -2.5 10.5
5 24 -4.5 1.9 -15.6 -3.8 -0.8 -16.9 -4.8 1 -16.5 -2.1 -0.8 -16
5 24 8.3 -7.4 -0.9 7.6 -8.3 -1.2 8.3 -7.4 -1.8 6.8 -9 0.5
5 24 15.2 22 2.6 14.1 21.3 0.6 16 21.9 2.3 13.7 20.6 2.7
5 24 4.5 18 17.6 3.1 18 17.7 3.6 17.4 17.8 3.9 19.7 17.5
5 24 12.5 19.6 3.8 13.7 20.6 2.7 13.8 21.2 3.6 12.8 18.8 2.8
5 24 -14.9 3.6 10.3 -15.2 3.8 9.2 -14.5 5 10.3 -14.8 2 8.8
5 24 -7.3 -8.9 2.6 -7.2 -8.5 1.6 -3.2 -10.1 2.4 -9.8 -7.8 2.4
5 24 1.3 13.1 19.9 2.3 13.3 19.5 1.8 15.1 19.3 2 9.7 19.6
5 24 -5.9 -7.5 9.8 -8 -6.2 11.6 -5.2 -6.9 10.3 -8.5 -6.7 11
5 24 18.9 14.3 4.8 18.1 16.7 5.6 18.2 14.1 5.6 18.7 16.7 4.7
5 24 -0.7 0.3 -10.1 1.2 0.4 -10.2 0 0 -9 1 0.8 -10.7
5 24 -10 10.6 -8.4 -10.7 13.9 -7.4 -10.1 11.7 -8.3 -10.4 8 -7.8
5 24 -0.7 -2.3 -10 -3.5 -2.95 -8.35 0 -2.3 -9 -2.4 -2.5 -9.9
5 24 10.3 3.6 16 8.9 3.9 15.4 9.9 1.8 15.1 9.4 5.7 15.6
5 24 4.5 -9.4 3.3 4.7 -9.9 3.9 2.2 -10.1 4.9 6.7 -8.7 2.5
5 24 -16.1 9.5 8.9 -17.5 11.8 7 -17.2 9.3 7.2 -16.1 12 8.7
5 24 -8.6 18.2 16 -8.9 19.5 15.7 -9.4 18.3 15.4 -7.9 18.2 16.3
5 24 -14.5 9.7 -8.4 -14.9 7.5 -8.1 -14.7 8.8 -9.2 -15.2 8.3 -6.9
5 24 -15.1 1.2 -7.7 -14.6 0.9 -6.3 -13.9 -0.2 -7.2 -15.6 2.4 -6.1
5 24 -9.8 -4 -11.5 -9 -2.2 -12.3 -7 -3.6 -12.5 -10.9 -1.6 -11.9
5 24 -6.6 -8.3 8.6 -2.9 -9.2 6.2 -2.6 -9.1 6.8 -7.3 -8.5 7.2
5 24 -15.3 12.1 11.6 -15.8 9.3 10.3 -15.5 9.2 11.7 -15.7 12.1 10.2
5 24 -12.1 22.5 8.2 -12.7 22 7.4 -11.1 20.6 7 -13.8 22.4 8.6
5 24 1 -8.5 -9 3.1 -8.5 -7.7 0.9 -8 -7.8 3.3 -8.7 -8.4
5 24 -13 -4.2 3.3 -13 -3.8 2.1 -11.9 -6.2 3 -14.2 -1.8 4
5 24 18.2 14.1 5.6 17.8 15.6 8.2 18.1 16.7 5.6 17.7 13.5 7.7
5 24 -11.9 -6.2 3 -10.7 -7.3 5.3 -9.8 -7.8 2.4 -12 -5.6 5.5
5 24 -3.2 -10.1 2.4 -7.2 -8.5 1.6 -3.1 -9.7 1.5 -7.3 -8.9 2.6
5 24 -7.2 -8.5 1.6 -9.8 -7.8 2.4 -7.3 -8.9 2.6 -10 -7.5 1.6
5 24 -7.2 -8.5 -0.8 -11.1 -7.2 -1.2 -10.9 -7.3 0.8 -7.1 -8 -2.3
5 24 -9.8 -7.8 2.4 -10 -7.5 1.6 -7.2 -8.5 1.6 -11.9 -6.2 3
5 24 -16.8 20.1 0.6 -16.4 21.1 1.5 -17.3 20.2 1.7 -16.1 20.8 0.5
5 24 -10.6 5.9 -13.8 -12.8 6.7 -12.8 -12.5 5.1 -14.3 -11 7.3 -12.5
5 24 -14.9 15.9 10.5 -14.4 16 11.4 -15.5 13.9 9 -14.5 18 11.1
5 24 -15.9 3.4 -4.5 -15.7 2.8 -3.6 -15.5 2.6 -4.1 -16.1 3.8 -3.7
5 24 -14.5 12 12.4 -13.5 10.2 13.1 -13.6 11.6 12.8 -14.4 9.2 12.5
5 24 11.4 23.6 11.4 10.2 22.5 9.8 10.3 23.1 12 12.2 23.6 10.4
5 24 10.2 15.7 16.7 10 13.7 16.5 8.2 15.2 16.5 12.2 14.4 15.9
5 24 16.2 17.6 10.4 16.4 17.7 8.8 16.8 15.3 9.3 15.9 20.3 10.2
5 24 4.1 -3.8 -11.7 5.7 -1.7 -9.8 4 -4.4 -11.1 5.6 -0.8 -10
5 24 18.6 12.8 2.5 17.9 14.1 1.6 17.6 12.6 1.2 18.9 14.1 2.5
5 24 3.7 3.7 19.2 3.8 5.2 18.4 3.1 5 18.6 4.3 3.8 19
5 24 12.2 10.5 14.7 12.9 11 13.9 12.4 12.6 15.4 13 9.9 13.6
5 24 13.6 23.2 8.5 12.7 23.3 9.5 14.8 22.8 9.8 11.6 22.1 8.3
5 24 13.5 19.9 12.9 14.2 20 11.6 14.1 20.9 11.5 14 18.5 13.2
5 24 16.3 19.3 -0.6 16.9 18.8 1.5 16.7 17.6 -0.5 16.2 20.4 0.3
5 24 4.7 10.6 18.6 6 10.6 18.4 6.1 12.1 18.6 6.1 8.9 17.8
5 24 6.6 -9.1 -0.3 6.8 -9 0.5 4.6 -10.3 0.9 7.6 -8.3 -1.2
5 24 -17.4 14.8 4.8 -17.9 14.6 3.7 -17.7 12 4.4 -17.3 16.4 4.5
5 24 -14.5 5 10.3 -14.6 6.6 11.4 -15 6.6 10.2 -13.9 5 11.5
5 24 11.6 22.1 8.3 13.6 23.2 8.5 12.7 23.3 9.5 12.1 22.1 7.1
5 24 -4 -4.3 15.5 -2.5 -5.9 13.4 -4.9 -3.9 14.6 -1.9 -6.3 14.4
5 24 3.2 10 19.4 2 9.7 19.6 2.3 13.3 19.5 2.5 7.3 19.6
5 24 7.6 15.5 16.7 8.1 17.2 17 7 15.7 17.1 8.8 17.2 16.4
5 24 -5 0.5 17.7 -5.4 2 17 -6 1.2 16.3 -4.5 0.8 18
5 24 0.7 -4.3 -15.5 -1.5 -5.3 -15.9 0.4 -5.6 -14.6 -1.1 -3.6 -16.6
5 24 -2.8 23.1 15.3 -3.3 23.6 14 -3.9 23.5 15.7 -2.4 23.2 14.2
5 24 -7.2 -8.5 -0.8 -7.1 -8 -2.3 -3 -8.9 -2 -11.1 -7.2 -1.2
5 24 -16.1 20.8 0.5 -15.5 21.4 1.8 -16.4 21.1 1.5 -14.3 20.7 1
5 24 -15.9 3.4 -4.5 -15.4 6.6 -7.8 -15.6 2.4 -6.1 -15.9 7.1 -6.3
5 24 8 19.6 16.6 8.8 17.2 16.4 8.8 19.4 15.5 8.1 17.2 17
5 24 -1.5 13 19.4 -2.7 15.1 18.3 -1.3 15.1 18.6 -3.2 12.8 19.2
5 24 -17.5 1.8 3.3 -15.8 0.6 3.8 -16.7 0.5 2.5 -17 2.1 4.8
5 24 -12.5 -0.7 10.6 -11.8 -3.7 11 -11.3 -1.5 11.2 -12.9 -2.5 10.5
5 24 -13.8 10.7 -8.7 -15.2 10.9 -6.6 -15 9.9 -6.9 -14.3 12 -8.4
5 24 -16.3 15.6 8 -15.2 16 9.3 -15.6 17.5 8.9 -17 13.4 7.2
5 24 14.7 17.6 11.7 15.9 20.3 10.2 16.2 17.6 10.4 14.2 20 11.6
5 24 -6.2 15 17.2 -5.7 16.8 16.7 -5.1 15.1 16.8 -6.8 16.6 17.1
5 24 7.7 -7.2 6.4 6 -8.3 6.8 7.8 -7.1 5.1 6.1 -8.4 8.1
5 24 7.6 1.1 -8.6 8.1 -0.1 -9.5 9.3 2.1 -8.4 6.3 -0.3 -9.3
5 24 12.5 -3 -5.9 13.7 -3.4 -4.8 12.4 -4.8 -5.5 13.8 -1.3 -5
5 24 -2 -3.5 16.5 -3 -4 16.2 -1.2 -6.1 15.2 -3 -1.5 17.6
5 24 6.1 8.9 17.8 6.9 9.8 17.7 6 10.6 18.4 6.4 8 17.4
5 24 -0.7 16.2 18.1 -1.5 18 18 0.1 16.1 18.1 -1.6 16.3 18
5 24 16.9 18.8 1.5 16.2 20.4 0.3 16.3 19.3 -0.6 16.5 21.2 1.9
5 24 -9.2 -1.1 -7.9 -8.4 -0.8 -8.8 -9.1923 4 -9.1923 -6.3639 -4.5 -6.3639
5 24 5.1 0.7 -9.3 3.7722 0.4 -9.7576 5.2 0.4 -8.6 4.1 0.8 -10.4
5 24 4 -10.7 -2 3.7 -10.4 -3 5.8 -9.8 -2.9 0.6 -10.5 -2.1
5 24 -14.5 -0.3 -4.1 -14.6 0.6 -5.9 -15.1 1.9 -5.1 -14.1 -0.7 -6.5
5 24 5.2237 -3 10.4474 0 -3.1 11.7266 3.4443 -4.5 8.3151 4.9751 4 12.0107
5 24 -9.1923 17 9.1923 -8.5 22 10 -9.5 21.5 9.1 -7.9 22 10.5
5 24 -14.3 20.7 1 -14.9 21.1 -0.6 -16.1 20.8 0.5 -13.9 20.7 0.3
5 24 6.1 12.1 18.6 4.7 10.6 18.6 4.2 13.5 18.9 6 10.6 18.4
5 24 -13.6 19.4 -5.3 -13.9 20.2 -3.2 -12.4 19.6 -4.5 -14.9 18.8 -4.9
5 24 -7.9 22 10.5 -4.9751 17 12.0107 -9.1923 17 9.1923 -7.2 22.7 11
5 24 2.4 0.3 -9.7 1 0.8 -10.7 1.2 0.4 -10.2 2.8 1 -10.7
5 24 9.1 7.7 17.9 7.5 5.1 16.9 8.4 5.4 16.5 7.3 7.9 17.9
5 24 1.9 23.8 14.1 2.7 22.9 12.9 3 23.6 13.8 1.5 23 13.1
5 24 15.9 20.3 10.2 14.2 20 11.6 14.7 17.6 11.7 15.3 21.8 10.8
5 24 -7 -7.4 -3.1 -2.8 -8.4 -4 -7.1 -7.7 -4.4 -2.9 -8.3 -2.8
5 24 -5 0.5 17.7 -6 1.2 16.3 -5.4 2 17 -5.1 -0.1 17.6
5 24 -12.9 -5.2 -1.5 -12.4 -4.3 -3.5 -14 -2.4 -2.7 -10.7 -6.5 -3
5 24 6.4 -5 14.6 7.1 -4.7 14.2 6.6 -5.8 13.3 6.9 -2.8 15.8
5 24 -15 4.8 -9 -15.1 1.2 -7.7 -15.6 2.4 -6.1 -14.6 2.7 -9.8
5 24 -10.1 23.1 10.4 -11.6 23.1 11.6 -10.8 22.7 9.8 -11.3 23.2 12.1
5 24 12.1 19.7 13.6 13.5 19.9 12.9 12.4 18.5 13.9 13.2 20.9 13.4
5 24 -1.9 -6.3 14.4 -3 -4 16.2 -1.2 -6.1 15.2 -4 -4.3 15.5
5 24 7 11.1 17.8 6.1 12.1 18.6 6 10.6 18.4 6.9 12.2 17.8
5 24 -5.7 16.8 16.7 -6.8 16.6 17.1 -6.2 15 17.2 -6.3 18.5 16.4
5 24 -14.4 1.8 10 -13.8 1.5 11.2 -13.4 -0.2 9.3 -14.4 3.4 11.6
5 24 14.3 15.4 12.7 12.6 16 14.2 12.6 14.5 14.1 14.4 16.8 13.1
5 24 14.9 19.3 -1 14.9 17.3 -1 13.1 18.8 -0.2 16.3 19.3 -0.6
5 24 17.1 2.2 4.8 18.6 4.7 4.2 18 5 5 17.6 2.3 3.7
5 24 -4.4 0 18 -3 -1.5 17.6 -3.9 -1.8 17.4 -3.6 0.2 18.1
5 24 3.3 -7.7 -10.5 4.4 -5.6 -10.6 1.9 -5.9 -11.8 4.9 -6.9 -10
5 24 -0.3 11.8 19.2 0.7 10.5 19.5 0.3 12 19.7 0.1 10.3 19.2

2 24 -6.3639 -4.5 -6.3639 -3.5 -2.95 -8.35
2 24 -3.5 -2.95 -8.35 0 -2.3 -9