0 Sticker  0.7 x  1.9 with Bandage (Formed)
0 Name: 4650852fc01.dat
0 Author: Takeshi Takahashi [RainbowDolphin]
0 !LDRAW_ORG Part UPDATE 2026-05
0 !LICENSE Licensed under CC BY 4.0 : see CAreadme.txt

0 BFC CERTIFY CCW

0 !KEYWORDS Bricklink 3188stk01, Brickowl 823193, Friends, Heartlake vet
0 !KEYWORDS Rebrickable 99433, Set 3188

0 !PREVIEW 16 0 0 0 -1 0 0 0 1 0 0 0 -1

0 !HISTORY 2026-05-21 [MagFors] Complete rework, to fit the horse back
0 !HISTORY 2026-05-31 [OrionP] Official Update 2026-05

0 // backside
4 16 -3.307 -31.317 34.883 -2.617 -31.607 34.052 -2.602 -31.634 33.945 -4.141 -31.327 34.269
3 16 -2.909 -31.455 34.536 -2.617 -31.607 34.052 -3.307 -31.317 34.883
4 16 -4.141 -31.327 34.269 -2.602 -31.634 33.945 -2.506 -31.887 30.233 -5.511 -31.571 26.494
3 16 -2.522 -31.679 33.463 -2.506 -31.887 30.233 -2.602 -31.634 33.945
3 16 -5.511 -31.571 26.494 -2.506 -31.887 30.233 -2.506 -32.1 26.188
3 16 -5.511 -31.571 26.494 -2.506 -32.1 26.188 -2.527 -31.862 23.973
4 16 -2.527 -31.862 23.973 -6.363 -30.827 21 -7.324 -30.646 21 -5.511 -31.571 26.494
3 16 -2.504 -31.732 22.495 -3.383 -31.431 21.111 -3.923 -31.309 20.975
4 16 -6.363 -30.827 21 -2.527 -31.862 23.973 -2.504 -31.732 22.495 -3.923 -31.309 20.975
4 16 -2.912 -31.555 21.437 -3.383 -31.431 21.111 -2.504 -31.732 22.495 -2.604 -31.661 21.922
4 16 -7.324 -30.646 21 -8.337 -30.119 21 -12.807 -27.767 27.547 -5.511 -31.571 26.494
3 16 -12.807 -27.767 27.547 -8.337 -30.119 21 -13.965 -26.357 21
4 16 -18.45 -19.811 27.895 -12.807 -27.767 27.547 -13.965 -26.357 21 -14.688 -25.34 21
3 16 -18.45 -19.811 27.895 -14.688 -25.34 21 -18.475 -19.674 21
3 16 -18.45 -19.811 27.895 -18.475 -19.674 21 -19.804 -12.989 21
4 16 -19.893 -10.471 28.354 -18.45 -19.811 27.895 -19.804 -12.989 21 -19.987 -11.817 21
4 16 -19.942 -4.002 28.655 -19.893 -10.471 28.354 -19.987 -4.117 21.926 -19.985 -4.002 22.5
4 16 -19.987 -4.117 21.926 -19.893 -10.471 28.354 -19.992 -4.928 21.114 -19.989 -4.442 21.439
4 16 -19.992 -4.928 21.114 -19.893 -10.471 28.354 -19.987 -11.817 21 -19.994 -5.502 21
3 16 -19.893 -10.471 28.354 -19.942 -4.002 28.655 -20.24 -4.003 33.5
4 16 -20.319 -4.929 34.886 -20.325 -5.503 35 -20.316 -7.715 35 -19.893 -10.471 28.354
4 16 -20.319 -4.929 34.886 -19.893 -10.471 28.354 -20.273 -4.117 34.074 -20.3 -4.442 34.561
3 16 -20.24 -4.003 33.5 -20.273 -4.117 34.074 -19.893 -10.471 28.354
3 16 -19.893 -10.471 28.354 -20.316 -7.715 35 -20.179 -12.113 35
4 16 -20.179 -12.113 35 -19.57 -16.165 35 -18.45 -19.811 27.895 -19.893 -10.471 28.354
3 16 -18.45 -19.811 27.895 -19.57 -16.165 35 -17.978 -20.838 35
4 16 -12.807 -27.767 27.547 -18.45 -19.811 27.895 -17.978 -20.838 35 -16.168 -23.395 35
3 16 -12.807 -27.767 27.547 -16.168 -23.395 35 -11.576 -28.301 35
4 16 -11.576 -28.301 35 -10.368 -28.929 35 -5.511 -31.571 26.494 -12.807 -27.767 27.547
4 16 -10.368 -28.929 35 -6.348 -30.431 35 -4.141 -31.327 34.269 -5.511 -31.571 26.494
3 16 -4.141 -31.327 34.269 -6.348 -30.431 35 -4.12 -31.066 34.997
3 16 -3.778 -31.155 35.001 -4.141 -31.327 34.269 -4.12 -31.066 34.997
3 16 -3.307 -31.317 34.883 -4.141 -31.327 34.269 -3.778 -31.155 35.001

4 16 -4.186 -31.31 35 -3.843 -31.41 35.003 -3.778 -31.155 35.001 -4.12 -31.066 34.997
4 16 -4.186 -31.31 35 -4.12 -31.066 34.997 -6.348 -30.431 35 -6.426 -30.669 35
4 16 -6.426 -30.669 35 -6.348 -30.431 35 -10.368 -28.929 35 -10.469 -29.157 35
4 16 -10.469 -29.157 35 -10.368 -28.929 35 -11.576 -28.301 35 -11.725 -28.498 35
4 16 -11.725 -28.498 35 -11.576 -28.301 35 -16.168 -23.395 35 -16.361 -23.553 35
4 16 -16.361 -23.553 35 -16.168 -23.395 35 -17.978 -20.838 35 -18.199 -20.95 35
4 16 -18.199 -20.95 35 -17.978 -20.838 35 -19.57 -16.165 35 -19.811 -16.223 35
4 16 -19.811 -16.223 35 -19.57 -16.165 35 -20.179 -12.113 35 -20.428 -12.136 35
4 16 -20.565 -7.719 35 -20.428 -12.136 35 -20.179 -12.113 35 -20.316 -7.715 35
4 16 -20.565 -7.719 35 -20.316 -7.715 35 -20.325 -5.503 35 -20.575 -5.503 35
4 16 -20.192 -4.002 28.655 -20.49 -4.003 33.5 -20.24 -4.003 33.5 -19.942 -4.002 28.655
4 16 -19.942 -4.002 28.655 -19.985 -4.002 22.5 -20.236 -4.002 22.5 -20.192 -4.002 28.655
4 16 -20.246 -5.502 21 -19.994 -5.502 21 -19.987 -11.817 21 -20.236 -11.836 21
4 16 -20.05 -13.033 21 -20.236 -11.836 21 -19.987 -11.817 21 -19.804 -12.989 21
4 16 -18.701 -19.768 21 -20.05 -13.033 21 -19.804 -12.989 21 -18.475 -19.674 21
4 16 -14.894 -25.482 21 -18.701 -19.768 21 -18.475 -19.674 21 -14.688 -25.34 21
4 16 -14.137 -26.534 21 -14.894 -25.482 21 -14.688 -25.34 21 -13.965 -26.357 21
4 16 -14.137 -26.534 21 -13.965 -26.357 21 -8.337 -30.119 21 -8.464 -30.334 21
4 16 -7.405 -30.88 21 -8.464 -30.334 21 -8.337 -30.119 21 -7.324 -30.646 21
4 16 -6.411 -31.072 21.003 -7.405 -30.88 21 -7.324 -30.646 21 -6.363 -30.827 21
4 16 -6.363 -30.827 21 -3.923 -31.309 20.975 -3.952 -31.558 20.975 -6.411 -31.072 21.003
4 16 -2.527 -31.862 23.973 -2.568 -32.109 23.973 -2.546 -31.974 22.486 -2.504 -31.732 22.495
4 16 -2.545 -32.347 26.188 -2.568 -32.109 23.973 -2.527 -31.862 23.973 -2.506 -32.1 26.188
4 16 -2.545 -32.134 30.233 -2.545 -32.347 26.188 -2.506 -32.1 26.188 -2.506 -31.887 30.233
4 16 -2.522 -31.679 33.463 -2.562 -31.923 33.515 -2.545 -32.134 30.233 -2.506 -31.887 30.233

5 24 -20.565 -7.719 35 -20.143 -10.472 28.339 -20.55 -4.442 34.561 -20.428 -12.136 35
5 24 -14.894 -25.482 21 -18.654 -19.955 27.888 -18.701 -19.768 21 -14.137 -26.534 21
5 24 -4.187 -31.572 34.285 -2.635 -31.882 33.944 -5.557 -31.816 26.51 -3.357 -31.562 34.885
5 24 -5.557 -31.816 26.51 -4.187 -31.572 34.285 -2.545 -32.134 30.233 -10.469 -29.157 35
5 24 -6.426 -30.669 35 -4.187 -31.572 34.285 -4.186 -31.31 35 -10.469 -29.157 35
5 24 -18.654 -19.955 27.888 -18.199 -20.95 35 -19.811 -16.223 35 -16.361 -23.553 35
5 24 -2.568 -32.109 23.973 -6.411 -31.072 21.003 -2.546 -31.974 22.486 -7.405 -30.88 21
5 24 -18.654 -19.955 27.888 -20.143 -10.472 28.339 -20.236 -11.836 21 -20.428 -12.136 35
5 24 -12.922 -27.989 27.55 -5.557 -31.816 26.51 -11.725 -28.498 35 -8.464 -30.334 21
5 24 -4.187 -31.572 34.285 -4.186 -31.31 35 -6.426 -30.669 35 -3.357 -31.562 34.885
5 24 -16.361 -23.553 35 -12.922 -27.989 27.55 -11.725 -28.498 35 -18.654 -19.955 27.888
5 24 -2.545 -32.134 30.233 -5.557 -31.816 26.51 -2.545 -32.347 26.188 -4.187 -31.572 34.285
5 24 -5.557 -31.816 26.51 -7.405 -30.88 21 -6.411 -31.072 21.003 -12.922 -27.989 27.55
5 24 -10.469 -29.157 35 -5.557 -31.816 26.51 -12.922 -27.989 27.55 -6.426 -30.669 35
5 24 -18.654 -19.955 27.888 -20.05 -13.033 21 -20.236 -11.836 21 -18.701 -19.768 21
5 24 -12.922 -27.989 27.55 -14.137 -26.534 21 -18.654 -19.955 27.888 -8.464 -30.334 21
5 24 -20.143 -10.472 28.339 -20.192 -4.002 28.655 -20.55 -4.442 34.561 -20.239 -4.442 21.439
5 24 -18.654 -19.955 27.888 -12.922 -27.989 27.55 -14.894 -25.482 21 -18.199 -20.95 35
5 24 -20.143 -10.472 28.339 -20.236 -11.836 21 -20.239 -4.442 21.439 -20.05 -13.033 21
5 24 -12.922 -27.989 27.55 -11.725 -28.498 35 -16.361 -23.553 35 -10.469 -29.157 35
5 24 -8.464 -30.334 21 -12.922 -27.989 27.55 -14.137 -26.534 21 -7.405 -30.88 21
5 24 -20.143 -10.472 28.339 -20.428 -12.136 35 -19.811 -16.223 35 -20.565 -7.719 35
5 24 -2.545 -32.347 26.188 -5.557 -31.816 26.51 -2.545 -32.134 30.233 -2.568 -32.109 23.973
5 24 -4.187 -31.572 34.285 -3.357 -31.562 34.885 -2.635 -31.882 33.944 -4.186 -31.31 35
5 24 -18.701 -19.768 21 -18.654 -19.955 27.888 -14.894 -25.482 21 -20.05 -13.033 21
5 24 -19.811 -16.223 35 -18.654 -19.955 27.888 -20.428 -12.136 35 -18.199 -20.95 35
5 24 -5.511 -31.571 26.494 -2.506 -31.887 30.233 -2.506 -32.1 26.188 -4.141 -31.327 34.269
5 24 -4.141 -31.327 34.269 -3.778 -31.155 35.001 -3.307 -31.317 34.883 -4.12 -31.066 34.997
5 24 -3.307 -31.317 34.883 -4.141 -31.327 34.269 -3.778 -31.155 35.001 -2.909 -31.455 34.536
5 24 -5.511 -31.571 26.494 -4.141 -31.327 34.269 -10.368 -28.929 35 -2.602 -31.634 33.945
5 24 -19.893 -10.471 28.354 -19.942 -4.002 28.655 -20.24 -4.003 33.5 -19.985 -4.002 22.5
5 24 -19.893 -10.471 28.354 -20.316 -7.715 35 -20.179 -12.113 35 -20.325 -5.503 35
5 24 -4.141 -31.327 34.269 -2.602 -31.634 33.945 -3.307 -31.317 34.883 -2.506 -31.887 30.233
5 24 -4.141 -31.327 34.269 -4.12 -31.066 34.997 -6.348 -30.431 35 -3.778 -31.155 35.001
5 24 -19.893 -10.471 28.354 -19.987 -11.817 21 -18.45 -19.811 27.895 -19.994 -5.502 21
5 24 -18.45 -19.811 27.895 -19.57 -16.165 35 -17.978 -20.838 35 -19.893 -10.471 28.354
5 24 -6.363 -30.827 21 -2.527 -31.862 23.973 -7.324 -30.646 21 -3.383 -31.431 21.111
5 24 -12.807 -27.767 27.547 -5.511 -31.571 26.494 -7.324 -30.646 21 -11.576 -28.301 35
5 24 -4.141 -31.327 34.269 -6.348 -30.431 35 -4.12 -31.066 34.997 -5.511 -31.571 26.494
5 24 -2.506 -32.1 26.188 -5.511 -31.571 26.494 -2.527 -31.862 23.973 -2.506 -31.887 30.233
5 24 -18.45 -19.811 27.895 -14.688 -25.34 21 -18.475 -19.674 21 -12.807 -27.767 27.547
5 24 -11.576 -28.301 35 -12.807 -27.767 27.547 -10.368 -28.929 35 -16.168 -23.395 35
5 24 -12.807 -27.767 27.547 -16.168 -23.395 35 -18.45 -19.811 27.895 -11.576 -28.301 35
5 24 -17.978 -20.838 35 -18.45 -19.811 27.895 -16.168 -23.395 35 -19.57 -16.165 35
5 24 -20.179 -12.113 35 -19.893 -10.471 28.354 -20.316 -7.715 35 -19.57 -16.165 35
5 24 -18.45 -19.811 27.895 -19.893 -10.471 28.354 -19.804 -12.989 21 -20.179 -12.113 35
5 24 -18.45 -19.811 27.895 -12.807 -27.767 27.547 -13.965 -26.357 21 -17.978 -20.838 35
5 24 -18.45 -19.811 27.895 -18.475 -19.674 21 -14.688 -25.34 21 -19.804 -12.989 21
5 24 -5.511 -31.571 26.494 -7.324 -30.646 21 -8.337 -30.119 21 -2.527 -31.862 23.973
5 24 -19.804 -12.989 21 -18.45 -19.811 27.895 -19.987 -11.817 21 -18.475 -19.674 21
5 24 -13.965 -26.357 21 -12.807 -27.767 27.547 -8.337 -30.119 21 -14.688 -25.34 21
5 24 -12.807 -27.767 27.547 -8.337 -30.119 21 -13.965 -26.357 21 -5.511 -31.571 26.494
5 24 -5.511 -31.571 26.494 -10.368 -28.929 35 -12.807 -27.767 27.547 -6.348 -30.431 35
5 24 -3.843 -31.41 35.003 -4.187 -31.572 34.285 -4.186 -31.31 35 -3.357 -31.562 34.885

0 // corners
4 16 -19.985 -4.002 22.5 -19.987 -4.117 21.926 -20.237 -4.117 21.926 -20.236 -4.002 22.5
4 16 -19.987 -4.117 21.926 -19.989 -4.442 21.439 -20.239 -4.442 21.439 -20.237 -4.117 21.926
4 16 -19.989 -4.442 21.439 -19.992 -4.928 21.114 -20.242 -4.928 21.114 -20.239 -4.442 21.439
4 16 -19.992 -4.928 21.114 -19.994 -5.502 21 -20.246 -5.502 21 -20.242 -4.928 21.114
5 24 -20.236 -4.002 22.5 -19.985 -4.002 22.5 -20.237 -4.117 21.926 -20.192 -4.002 28.655
5 24 -20.237 -4.117 21.926 -19.987 -4.117 21.926 -20.239 -4.442 21.439 -20.236 -4.002 22.5
5 24 -20.239 -4.442 21.439 -19.989 -4.442 21.439 -20.242 -4.928 21.114 -20.237 -4.117 21.926
5 24 -20.242 -4.928 21.114 -19.992 -4.928 21.114 -20.246 -5.502 21 -20.239 -4.442 21.439
5 24 -20.246 -5.502 21 -19.994 -5.502 21 -20.242 -4.928 21.114 -20.236 -11.836 21
4 16 -20.24 -4.003 33.5 -20.49 -4.003 33.5 -20.523 -4.117 34.074 -20.273 -4.117 34.074
4 16 -20.273 -4.117 34.074 -20.523 -4.117 34.074 -20.55 -4.442 34.561 -20.3 -4.442 34.561
4 16 -20.3 -4.442 34.561 -20.55 -4.442 34.561 -20.569 -4.929 34.886 -20.319 -4.929 34.886
4 16 -20.319 -4.929 34.886 -20.569 -4.929 34.886 -20.575 -5.503 35 -20.325 -5.503 35
5 24 -20.49 -4.003 33.5 -20.24 -4.003 33.5 -20.523 -4.117 34.074 -20.192 -4.002 28.655
5 24 -20.523 -4.117 34.074 -20.273 -4.117 34.074 -20.55 -4.442 34.561 -20.49 -4.003 33.5
5 24 -20.55 -4.442 34.561 -20.3 -4.442 34.561 -20.569 -4.929 34.886 -20.523 -4.117 34.074
5 24 -20.569 -4.929 34.886 -20.319 -4.929 34.886 -20.575 -5.503 35 -20.55 -4.442 34.561
5 24 -20.575 -5.503 35 -20.325 -5.503 35 -20.569 -4.929 34.886 -20.565 -7.719 35
4 16 -3.923 -31.309 20.975 -3.383 -31.431 21.111 -3.421 -31.672 21.107 -3.952 -31.558 20.975
4 16 -3.383 -31.431 21.111 -2.912 -31.555 21.437 -2.951 -31.795 21.433 -3.421 -31.672 21.107
4 16 -2.912 -31.555 21.437 -2.604 -31.661 21.922 -2.642 -31.901 21.918 -2.951 -31.795 21.433
4 16 -2.604 -31.661 21.922 -2.504 -31.732 22.495 -2.546 -31.974 22.486 -2.642 -31.901 21.918
5 24 -3.421 -31.672 21.107 -3.383 -31.431 21.111 -2.951 -31.795 21.433 -3.952 -31.558 20.975
5 24 -2.951 -31.795 21.433 -2.912 -31.555 21.437 -2.642 -31.901 21.918 -3.421 -31.672 21.107
5 24 -2.642 -31.901 21.918 -2.604 -31.661 21.922 -2.546 -31.974 22.486 -2.951 -31.795 21.433
5 24 -2.546 -31.974 22.486 -2.504 -31.732 22.495 -2.642 -31.901 21.918 -2.568 -32.109 23.973
4 16 -2.562 -31.923 33.515 -2.522 -31.679 33.463 -2.602 -31.634 33.945 -2.635 -31.882 33.944
4 16 -2.635 -31.882 33.944 -2.602 -31.634 33.945 -2.617 -31.607 34.052 -2.657 -31.844 34.097
4 16 -2.909 -31.455 34.536 -2.888 -31.723 34.48 -2.657 -31.844 34.097 -2.617 -31.607 34.052
4 16 -3.307 -31.317 34.883 -3.357 -31.562 34.885 -2.888 -31.723 34.48 -2.909 -31.455 34.536
4 16 -3.357 -31.562 34.885 -3.307 -31.317 34.883 -3.778 -31.155 35.001 -3.843 -31.41 35.003
5 24 -4.12 -31.066 34.997 -4.186 -31.31 35 -3.843 -31.41 35.003 -6.426 -30.669 35
5 24 -3.843 -31.41 35.003 -3.778 -31.155 35.001 -4.12 -31.066 34.997 -3.307 -31.317 34.883
5 24 -3.357 -31.562 34.885 -3.307 -31.317 34.883 -3.843 -31.41 35.003 -2.909 -31.455 34.536
5 24 -2.888 -31.723 34.48 -2.909 -31.455 34.536 -3.357 -31.562 34.885 -2.617 -31.607 34.052
5 24 -2.657 -31.844 34.097 -2.617 -31.607 34.052 -2.602 -31.634 33.945 -2.888 -31.723 34.48
5 24 -2.562 -31.923 33.515 -2.522 -31.679 33.463 -2.635 -31.882 33.944 -2.545 -32.134 30.233

0 // topside
3 14 -18.874 -18.881 24.5 -18.701 -19.768 21 -18.677 -19.864 24.515
3 14 -19.082 -17.841 24.94 -19.149 -17.502 25.446 -20.05 -13.033 21
3 14 -19.149 -17.502 25.446 -19.55 -15.409 23.81 -19.574 -15.301 23.65
3 14 -19.205 -18.178 31.274 -19.154 -18.322 31.39 -19.811 -16.223 35
4 14 -19.683 -15.448 32 -19.239 -17.841 31.06 -19.205 -18.178 31.274 -19.811 -16.223 35
4 14 -19.481 -15.409 25.41 -19.535 -15.448 24 -19.149 -17.502 25.446 -19.467 -15.448 25.6
3 14 -19.551 -15.448 30.4 -19.248 -17.518 30.57 -19.239 -17.841 31.06
3 14 -19.139 -17.41 26 -19.467 -15.448 25.6 -19.149 -17.502 25.446
3 14 -19.551 -15.448 30.4 -19.218 -17.41 30 -19.248 -17.518 30.57
3 14 -19.923 -13.879 32 -19.833 -14.467 32 -19.843 -14.507 32.19
4 14 -20.038 -13.389 32.5 -20.006 -13.575 32.46 -19.799 -14.958 32.5 -20.428 -12.136 35
4 14 -19.9 -12.303 27.2 -19.873 -12.898 25.6 -19.858 -12.937 25.79 -19.805 -12.898 27.2
4 14 -20.032 -12.303 30.4 -19.941 -12.898 30.4 -20.05 -12.937 31.81 -20.071 -12.898 32
4 14 -20.032 -12.303 30.4 -19.809 -12.898 28.8 -19.92 -12.937 30.21 -19.941 -12.898 30.4
4 14 -20.182 -12.263 32.19 -20.161 -12.303 32 -20.071 -12.898 32 -20.428 -12.136 35
4 14 -19.922 -12.263 28.99 -19.9 -12.303 28.8 -19.809 -12.898 28.8 -20.032 -12.303 30.4
4 14 -20.205 -10.662 23.81 -20.2 -11.315 23.805 -20.198 -11.28 23.996 -20.202 -10.703 24
3 14 -20.211 -9.703 24 -20.216 -9.103 24 -20.213 -9.743 23.81
3 14 -20.219 -8.103 24 -20.22 -7.502 24 -20.221 -8.142 23.81
3 14 -20.382 -7.502 32 -20.379 -8.103 32 -20.39 -8.142 32.19
4 14 -20.224 -6.652 23.65 -20.239 -4.442 21.439 -20.242 -4.928 21.114 -20.224 -6.812 23.54
4 14 -20.569 -4.929 34.886 -20.55 -4.442 34.561 -20.398 -6.543 32.19 -20.407 -6.652 32.35
4 14 -20.237 -4.117 21.926 -20.224 -6.652 23.65 -20.223 -6.543 23.81 -20.236 -4.002 22.5
4 14 -20.523 -4.117 34.074 -20.386 -6.502 32 -20.398 -6.543 32.19 -20.55 -4.442 34.561
3 14 -20.223 -6.543 23.81 -20.221 -6.502 24 -20.236 -4.002 22.5
3 14 -14.602 -25.753 24.5 -16.827 -22.641 24.54 -14.894 -25.482 21
4 14 -16.827 -22.641 24.54 -18.677 -19.864 24.515 -18.701 -19.768 21 -14.894 -25.482 21
4 14 -12.986 -27.912 27.205 -13.773 -26.877 25.43 -13.96 -26.634 24.94 -14.137 -26.534 21
3 14 -13.854 -26.634 31.06 -13.673 -26.877 30.57 -12.844 -27.617 31.97
3 14 -12.986 -27.912 27.205 -13.714 -26.938 26 -13.773 -26.877 25.43
4 14 -12.844 -27.617 31.97 -13.673 -26.877 30.57 -13.67 -26.938 30 -12.887 -27.735 30.38
3 14 -11.641 -28.5 24 -12.14 -28.165 24 -12.173 -28.124 23.81
3 14 -10.809 -29.056 24 -10.843 -29.016 23.81 -8.464 -30.334 21
3 14 -10.809 -29.016 32 -10.311 -29.274 32 -10.843 -28.996 32.19
3 14 -8.464 -30.334 21 -10.053 -29.497 23.54 -10.186 -29.427 23.65
3 14 -8.98 -30.05 24 -9.479 -29.791 24 -9.512 -29.775 23.81
3 14 -9.479 -29.706 32 -8.991 -29.961 31.968 -9.512 -29.686 32.19
3 14 -8.464 -30.334 21 -8.565 -30.268 23.5 -8.722 -30.186 23.54
3 14 -8.406 -30.346 24.46 -8.406 -30.343 25.14 -8.565 -30.263 24.5
4 14 -8.406 -30.339 26.06 -8.236 -30.424 26.888 -8.381 -30.349 26.779 -8.565 -30.257 26.1
4 14 -7.166 -30.944 29.291 -8.461 -30.244 31.529 -8.263 -30.355 30.75 -8.155 -30.413 30.59
4 14 -8.263 -30.376 29.15 -8.155 -30.435 28.99 -8.263 -30.363 30.05 -8.406 -30.29 29.94
4 14 -8.406 -30.346 24.46 -8.263 -30.421 24.35 -8.263 -30.417 25.25 -8.406 -30.343 25.14
3 14 -8.464 -30.334 21 -8.263 -30.423 23.65 -8.406 -30.35 23.54
4 14 -8.442 -30.16 32.465 -8.301 -30.222 32.374 -7.338 -30.584 32.35 -6.426 -30.669 35
3 14 -7.485 -30.826 24 -8.116 -30.498 24 -8.155 -30.479 23.81
3 14 -8.142 -30.317 32.006 -7.473 -30.567 31.999 -8.183 -30.282 32.207
3 14 -5.925 -31.63 25.412 -6.629 -31.271 23.81 -7.405 -30.88 21
3 14 -6.58 -30.901 32 -5.958 -31.133 32 -6.615 -30.869 32.19
3 14 -4.187 -31.572 34.285 -5.282 -31.341 32.46 -5.125 -31.41 32.35
3 14 -5.282 -31.55 23.54 -5.468 -31.511 23.5 -6.411 -31.072 21.003
3 14 -4.187 -31.572 34.285 -5.125 -31.41 32.35 -5.017 -31.466 32.19
4 14 -2.568 -32.109 23.973 -5.125 -31.591 23.65 -5.282 -31.55 23.54 -6.411 -31.072 21.003
3 14 -4.187 -31.572 34.285 -5.017 -31.466 32.19 -4.978 -31.499 32
4 14 -5.017 -31.503 31.81 -5.017 -31.621 30.59 -4.187 -31.572 34.285 -4.978 -31.499 32
3 14 -2.568 -32.109 23.973 -5.017 -31.628 23.81 -5.125 -31.591 23.65
3 14 -18.962 -18.881 31.5 -18.424 -20.458 31.479 -18.199 -20.95 35
4 14 -19.154 -18.322 31.39 -18.962 -18.881 31.5 -18.199 -20.95 35 -19.811 -16.223 35
3 14 -18.986 -18.322 24.61 -19.082 -17.841 24.94 -20.05 -13.033 21
3 14 -19.149 -17.502 25.446 -19.574 -15.301 23.65 -20.05 -13.033 21
3 14 -19.811 -16.223 35 -19.704 -15.409 32.19 -19.683 -15.448 32
3 14 -19.574 -15.301 23.65 -19.604 -15.144 23.54 -20.05 -13.033 21
3 14 -19.604 -15.144 23.54 -19.635 -14.958 23.5 -20.05 -13.033 21
4 14 -19.398 -15.409 27.39 -19.4 -15.448 27.2 -19.139 -17.41 26 -19.057 -17.391 28.01
3 14 -19.149 -17.502 25.446 -19.535 -15.448 24 -19.55 -15.409 23.81
4 14 -19.683 -15.448 32 -19.573 -15.409 30.59 -19.551 -15.448 30.4 -19.239 -17.841 31.06
4 14 -19.799 -14.958 32.5 -19.767 -15.144 32.46 -19.811 -16.223 35 -20.428 -12.136 35
3 14 -19.811 -16.223 35 -19.734 -15.301 32.35 -19.704 -15.409 32.19
3 14 -19.811 -16.223 35 -19.767 -15.144 32.46 -19.734 -15.301 32.35
4 14 -19.4 -15.448 27.2 -19.414 -15.409 27.01 -19.467 -15.448 25.6 -19.139 -17.41 26
4 14 -19.551 -15.448 30.4 -19.441 -15.409 28.99 -19.419 -15.448 28.8 -19.218 -17.41 30
3 14 -19.635 -14.958 23.5 -19.884 -13.389 23.5 -20.05 -13.033 21
4 14 -18.874 -18.881 24.5 -18.986 -18.322 24.61 -20.05 -13.033 21 -18.701 -19.768 21
4 14 -19.481 -15.409 25.41 -19.505 -15.301 25.25 -19.533 -15.409 24.19 -19.535 -15.448 24
4 14 -19.414 -15.409 27.01 -19.438 -15.301 26.85 -19.465 -15.409 25.79 -19.467 -15.448 25.6
4 14 -19.673 -15.409 31.81 -19.602 -15.301 30.75 -19.573 -15.409 30.59 -19.683 -15.448 32
4 14 -19.541 -15.409 30.21 -19.47 -15.301 29.15 -19.441 -15.409 28.99 -19.551 -15.448 30.4
4 14 -19.505 -15.301 25.25 -19.535 -15.144 25.14 -19.543 -15.301 24.35 -19.533 -15.409 24.19
4 14 -19.438 -15.301 26.85 -19.467 -15.144 26.74 -19.476 -15.301 25.95 -19.465 -15.409 25.79
4 14 -19.676 -15.301 31.65 -19.635 -15.144 30.86 -19.602 -15.301 30.75 -19.673 -15.409 31.81
4 14 -19.545 -15.301 30.05 -19.503 -15.144 29.26 -19.47 -15.301 29.15 -19.541 -15.409 30.21
4 14 -19.535 -15.144 25.14 -19.566 -14.958 25.1 -19.564 -15.144 24.46 -19.543 -15.301 24.35
4 14 -19.467 -15.144 26.74 -19.499 -14.958 26.7 -19.496 -15.144 26.06 -19.476 -15.301 25.95
4 14 -19.691 -15.144 31.54 -19.667 -14.958 30.9 -19.635 -15.144 30.86 -19.676 -15.301 31.65
4 14 -19.56 -15.144 29.94 -19.535 -14.958 29.3 -19.503 -15.144 29.26 -19.545 -15.301 30.05
4 14 -19.566 -14.958 25.1 -19.594 -14.772 25.14 -19.592 -14.958 24.5 -19.564 -15.144 24.46
4 14 -19.499 -14.958 26.7 -19.527 -14.772 26.74 -19.524 -14.958 26.1 -19.496 -15.144 26.06
4 14 -19.717 -14.958 31.5 -19.692 -14.772 30.86 -19.667 -14.958 30.9 -19.691 -15.144 31.54
4 14 -19.585 -14.958 29.9 -19.56 -14.772 29.26 -19.535 -14.958 29.3 -19.56 -15.144 29.94
4 14 -19.594 -14.772 25.14 -19.615 -14.614 25.25 -19.623 -14.772 24.46 -19.592 -14.958 24.5
4 14 -19.527 -14.772 26.74 -19.546 -14.614 26.85 -19.555 -14.772 26.06 -19.524 -14.958 26.1
4 14 -19.748 -14.772 31.54 -19.707 -14.614 30.75 -19.692 -14.772 30.86 -19.717 -14.958 31.5
4 14 -19.616 -14.772 29.94 -19.576 -14.614 29.15 -19.56 -14.772 29.26 -19.585 -14.958 29.9
4 14 -19.615 -14.614 25.25 -19.625 -14.507 25.41 -19.653 -14.614 24.35 -19.623 -14.772 24.46
4 14 -19.546 -14.614 26.85 -19.557 -14.507 27.01 -19.584 -14.614 25.95 -19.555 -14.772 26.06
4 14 -19.782 -14.614 31.65 -19.711 -14.507 30.59 -19.707 -14.614 30.75 -19.748 -14.772 31.54
4 14 -19.65 -14.614 30.05 -19.579 -14.507 28.99 -19.576 -14.614 29.15 -19.616 -14.772 29.94
4 14 -19.625 -14.507 25.41 -19.623 -14.467 25.6 -19.676 -14.507 24.19 -19.653 -14.614 24.35
4 14 -19.557 -14.507 27.01 -19.556 -14.467 27.2 -19.609 -14.507 25.79 -19.584 -14.614 25.95
4 14 -19.811 -14.507 31.81 -19.701 -14.467 30.4 -19.711 -14.507 30.59 -19.782 -14.614 31.65
4 14 -19.679 -14.507 30.21 -19.569 -14.467 28.8 -19.579 -14.507 28.99 -19.65 -14.614 30.05
4 14 -19.623 -14.467 25.6 -19.717 -13.879 25.6 -19.691 -14.467 24 -19.676 -14.507 24.19
4 14 -19.556 -14.467 27.2 -19.649 -13.879 27.2 -19.623 -14.467 25.6 -19.609 -14.507 25.79
4 14 -19.833 -14.467 32 -19.791 -13.879 30.4 -19.701 -14.467 30.4 -19.811 -14.507 31.81
4 14 -19.701 -14.467 30.4 -19.659 -13.879 28.8 -19.569 -14.467 28.8 -19.679 -14.507 30.21
4 14 -20.006 -13.575 32.46 -19.974 -13.732 32.35 -19.824 -14.772 32.46 -19.799 -14.958 32.5
4 14 -19.974 -13.732 32.35 -19.945 -13.84 32.19 -19.839 -14.614 32.35 -19.824 -14.772 32.46
4 14 -19.945 -13.84 32.19 -19.923 -13.879 32 -19.843 -14.507 32.19 -19.839 -14.614 32.35
4 14 -19.662 -14.772 23.54 -19.852 -13.575 23.54 -19.884 -13.389 23.5 -19.635 -14.958 23.5
4 14 -19.682 -14.614 23.65 -19.822 -13.732 23.65 -19.852 -13.575 23.54 -19.662 -14.772 23.54
4 14 -19.693 -14.507 23.81 -19.799 -13.84 23.81 -19.822 -13.732 23.65 -19.682 -14.614 23.65
4 14 -19.691 -14.467 24 -19.784 -13.879 24 -19.799 -13.84 23.81 -19.693 -14.507 23.81
4 14 -19.647 -13.84 27.39 -19.649 -13.879 27.2 -19.556 -14.467 27.2 -19.562 -14.174 28.163
4 14 -19.65 -13.84 28.61 -19.562 -14.174 28.163 -19.569 -14.467 28.8 -19.659 -13.879 28.8
4 14 -19.717 -13.879 25.6 -19.731 -13.84 25.41 -19.784 -13.879 24 -19.691 -14.467 24
4 14 -19.649 -13.879 27.2 -19.663 -13.84 27.01 -19.717 -13.879 25.6 -19.623 -14.467 25.6
4 14 -19.923 -13.879 32 -19.813 -13.84 30.59 -19.791 -13.879 30.4 -19.833 -14.467 32
4 14 -19.791 -13.879 30.4 -19.68 -13.84 28.99 -19.659 -13.879 28.8 -19.701 -14.467 30.4
4 14 -19.731 -13.84 25.41 -19.757 -13.732 25.25 -19.783 -13.84 24.19 -19.784 -13.879 24
4 14 -19.663 -13.84 27.01 -19.687 -13.732 26.85 -19.715 -13.84 25.79 -19.717 -13.879 25.6
4 14 -19.913 -13.84 31.81 -19.842 -13.732 30.75 -19.813 -13.84 30.59 -19.923 -13.879 32
4 14 -19.781 -13.84 30.21 -19.71 -13.732 29.15 -19.68 -13.84 28.99 -19.791 -13.879 30.4
4 14 -19.757 -13.732 25.25 -19.786 -13.575 25.14 -19.794 -13.732 24.35 -19.783 -13.84 24.19
4 14 -19.687 -13.732 26.85 -19.717 -13.575 26.74 -19.725 -13.732 25.95 -19.715 -13.84 25.79
4 14 -19.917 -13.732 31.65 -19.876 -13.575 30.86 -19.842 -13.732 30.75 -19.913 -13.84 31.81
4 14 -19.785 -13.732 30.05 -19.744 -13.575 29.26 -19.71 -13.732 29.15 -19.781 -13.84 30.21
4 14 -19.786 -13.575 25.14 -19.816 -13.389 25.1 -19.813 -13.575 24.46 -19.794 -13.732 24.35
4 14 -19.717 -13.575 26.74 -19.748 -13.389 26.7 -19.746 -13.575 26.06 -19.725 -13.732 25.95
4 14 -19.932 -13.575 31.54 -19.907 -13.389 30.9 -19.876 -13.575 30.86 -19.917 -13.732 31.65
4 14 -19.8 -13.575 29.94 -19.775 -13.389 29.3 -19.744 -13.575 29.26 -19.785 -13.732 30.05
4 14 -19.816 -13.389 25.1 -19.844 -13.202 25.14 -19.841 -13.389 24.5 -19.813 -13.575 24.46
4 14 -19.748 -13.389 26.7 -19.776 -13.202 26.74 -19.774 -13.389 26.1 -19.746 -13.575 26.06
4 14 -19.957 -13.389 31.5 -19.933 -13.202 30.86 -19.907 -13.389 30.9 -19.932 -13.575 31.54
4 14 -19.825 -13.389 29.9 -19.801 -13.202 29.26 -19.775 -13.389 29.3 -19.8 -13.575 29.94
4 14 -19.844 -13.202 25.14 -19.863 -13.045 25.25 -19.871 -13.202 24.46 -19.841 -13.389 24.5
4 14 -19.776 -13.202 26.74 -19.796 -13.045 26.85 -19.805 -13.202 26.06 -19.774 -13.389 26.1
4 14 -19.989 -13.202 31.54 -19.948 -13.045 30.75 -19.933 -13.202 30.86 -19.957 -13.389 31.5
4 14 -19.857 -13.202 29.94 -19.816 -13.045 29.15 -19.801 -13.202 29.26 -19.825 -13.389 29.9
4 14 -19.863 -13.045 25.25 -19.874 -12.937 25.41 -19.9 -13.045 24.35 -19.871 -13.202 24.46
4 14 -19.796 -13.045 26.85 -19.807 -12.937 27.01 -19.834 -13.045 25.95 -19.805 -13.202 26.06
4 14 -20.022 -13.045 31.65 -19.951 -12.937 30.59 -19.948 -13.045 30.75 -19.989 -13.202 31.54
4 14 -19.89 -13.045 30.05 -19.819 -12.937 28.99 -19.816 -13.045 29.15 -19.857 -13.202 29.94
3 14 -19.911 -13.202 23.54 -20.05 -13.033 21 -19.884 -13.389 23.5
3 14 -20.428 -12.136 35 -20.063 -13.202 32.46 -20.038 -13.389 32.5
4 14 -19.874 -12.937 25.41 -19.873 -12.898 25.6 -19.926 -12.937 24.19 -19.9 -13.045 24.35
4 14 -19.807 -12.937 27.01 -19.805 -12.898 27.2 -19.858 -12.937 25.79 -19.834 -13.045 25.95
4 14 -20.05 -12.937 31.81 -19.941 -12.898 30.4 -19.951 -12.937 30.59 -20.022 -13.045 31.65
4 14 -19.92 -12.937 30.21 -19.809 -12.898 28.8 -19.819 -12.937 28.99 -19.89 -13.045 30.05
3 14 -19.932 -13.045 23.65 -20.05 -13.033 21 -19.911 -13.202 23.54
3 14 -20.428 -12.136 35 -20.077 -13.045 32.35 -20.063 -13.202 32.46
3 14 -19.942 -12.937 23.81 -20.05 -13.033 21 -19.932 -13.045 23.65
3 14 -20.428 -12.136 35 -20.081 -12.937 32.19 -20.077 -13.045 32.35
4 14 -19.926 -12.937 24.19 -19.873 -12.898 25.6 -20.035 -12.303 24 -19.94 -12.898 24
4 14 -19.94 -12.898 24 -20.035 -12.303 24 -20.05 -13.033 21 -19.942 -12.937 23.81
3 14 -20.428 -12.136 35 -20.071 -12.898 32 -20.081 -12.937 32.19
4 14 -19.898 -12.263 27.39 -19.9 -12.303 27.2 -19.805 -12.898 27.2 -19.808 -12.604 28.237
4 14 -19.891 -12.263 28.61 -19.808 -12.604 28.237 -19.809 -12.898 28.8 -19.9 -12.303 28.8
3 14 -20.035 -12.303 24 -20.049 -12.263 23.81 -20.05 -13.033 21
4 14 -19.873 -12.898 25.6 -19.967 -12.303 25.6 -19.982 -12.263 25.41 -20.035 -12.303 24
4 14 -19.9 -12.303 27.2 -19.914 -12.263 27.01 -19.967 -12.303 25.6 -19.873 -12.898 25.6
4 14 -20.161 -12.303 32 -20.054 -12.263 30.59 -20.032 -12.303 30.4 -20.071 -12.898 32
3 14 -20.049 -12.263 23.81 -20.074 -12.152 23.65 -20.05 -13.033 21
3 14 -20.212 -12.152 32.35 -20.182 -12.263 32.19 -20.428 -12.136 35
3 14 -20.245 -11.992 32.46 -20.212 -12.152 32.35 -20.428 -12.136 35
4 14 -19.982 -12.263 25.41 -20.006 -12.152 25.25 -20.033 -12.263 24.19 -20.035 -12.303 24
4 14 -19.914 -12.263 27.01 -19.94 -12.152 26.85 -19.966 -12.263 25.79 -19.967 -12.303 25.6
4 14 -20.152 -12.263 31.81 -20.084 -12.152 30.75 -20.054 -12.263 30.59 -20.161 -12.303 32
4 14 -20.023 -12.263 30.21 -19.953 -12.152 29.15 -19.922 -12.263 28.99 -20.032 -12.303 30.4
4 14 -20.006 -12.152 25.25 -20.036 -11.992 25.14 -20.044 -12.152 24.35 -20.033 -12.263 24.19
4 14 -19.94 -12.152 26.85 -19.968 -11.992 26.74 -19.977 -12.152 25.95 -19.966 -12.263 25.79
4 14 -20.156 -12.152 31.65 -20.116 -11.992 30.86 -20.084 -12.152 30.75 -20.152 -12.263 31.81
4 14 -20.027 -12.152 30.05 -19.986 -11.992 29.26 -19.953 -12.152 29.15 -20.023 -12.263 30.21
4 14 -20.036 -11.992 25.14 -20.068 -11.802 25.1 -20.065 -11.992 24.46 -20.044 -12.152 24.35
4 14 -19.968 -11.992 26.74 -20 -11.802 26.7 -19.997 -11.992 26.06 -19.977 -12.152 25.95
4 14 -20.171 -11.992 31.54 -20.148 -11.802 30.9 -20.116 -11.992 30.86 -20.156 -12.152 31.65
4 14 -20.042 -11.992 29.94 -20.018 -11.802 29.3 -19.986 -11.992 29.26 -20.027 -12.152 30.05
4 14 -20.068 -11.802 25.1 -20.096 -11.612 25.14 -20.093 -11.802 24.5 -20.065 -11.992 24.46
4 14 -20 -11.802 26.7 -20.029 -11.612 26.74 -20.026 -11.802 26.1 -19.997 -11.992 26.06
4 14 -20.196 -11.802 31.5 -20.174 -11.612 30.86 -20.148 -11.802 30.9 -20.171 -11.992 31.54
4 14 -20.068 -11.802 29.9 -20.044 -11.612 29.26 -20.018 -11.802 29.3 -20.042 -11.992 29.94
3 14 -19.936 -11.802 28.3 -19.968 -11.612 28.34 -20.143 -10.472 28.339
4 14 -20.096 -11.612 25.14 -20.117 -11.453 25.25 -20.125 -11.612 24.46 -20.093 -11.802 24.5
4 14 -20.029 -11.612 26.74 -20.049 -11.453 26.85 -20.058 -11.612 26.06 -20.026 -11.802 26.1
4 14 -20.228 -11.612 31.54 -20.189 -11.453 30.75 -20.174 -11.612 30.86 -20.196 -11.802 31.5
4 14 -20.1 -11.612 29.94 -20.059 -11.453 29.15 -20.044 -11.612 29.26 -20.068 -11.802 29.9
3 14 -20.143 -10.472 28.339 -19.99 -11.612 27.66 -19.958 -11.802 27.7
4 14 -20.117 -11.453 25.25 -20.128 -11.343 25.41 -20.156 -11.453 24.35 -20.125 -11.612 24.46
4 14 -20.049 -11.453 26.85 -20.06 -11.343 27.01 -20.087 -11.453 25.95 -20.058 -11.612 26.06
4 14 -20.261 -11.453 31.65 -20.192 -11.343 30.59 -20.189 -11.453 30.75 -20.228 -11.612 31.54
4 14 -20.132 -11.453 30.05 -20.063 -11.343 28.99 -20.059 -11.453 29.15 -20.1 -11.612 29.94
4 14 -20.032 -11.343 28.61 -20.139 -10.553 28.45 -20.145 -10.485 28.391 -20.002 -11.453 28.45
4 14 -20.128 -11.343 25.41 -20.126 -11.302 25.6 -20.179 -11.343 24.19 -20.156 -11.453 24.35
4 14 -20.06 -11.343 27.01 -20.059 -11.302 27.2 -20.112 -11.343 25.79 -20.087 -11.453 25.95
4 14 -20.291 -11.339 31.811 -20.183 -11.302 30.4 -20.192 -11.343 30.59 -20.261 -11.453 31.65
4 14 -20.162 -11.343 30.21 -20.054 -11.302 28.8 -20.063 -11.343 28.99 -20.132 -11.453 30.05
4 14 -20.145 -10.703 28.8 -20.136 -10.662 28.61 -20.032 -11.343 28.61 -20.054 -11.302 28.8
3 14 -20.155 -10.649 27.388 -20.044 -11.343 27.39 -20.02 -11.453 27.55
4 14 -20.179 -11.343 24.19 -20.126 -11.302 25.6 -20.157 -10.685 27.197 -20.198 -11.28 23.996
4 14 -20.059 -11.302 27.2 -20.157 -10.685 27.197 -20.126 -11.302 25.6 -20.112 -11.343 25.79
4 14 -20.172 -10.641 29.016 -20.291 -11.339 31.811 -20.302 -11.302 32 -20.241 -10.703 30.4
4 14 -20.183 -11.302 30.4 -20.145 -10.703 28.8 -20.054 -11.302 28.8 -20.162 -11.343 30.21
3 14 -20.209 -10.553 23.65 -20.212 -10.393 23.54 -20.236 -11.836 21
3 14 -20.236 -11.836 21 -20.164 -11.612 23.54 -20.185 -11.453 23.65
3 14 -20.302 -11.612 32.46 -20.277 -11.802 32.5 -20.428 -12.136 35
4 14 -20.2 -11.315 23.805 -20.205 -10.662 23.81 -20.209 -10.553 23.65 -20.236 -11.836 21
3 14 -20.236 -11.836 21 -20.185 -11.453 23.65 -20.2 -11.315 23.805
3 14 -20.314 -11.473 32.345 -20.302 -11.612 32.46 -20.428 -12.136 35
4 14 -20.302 -11.302 32 -20.31 -11.343 32.19 -20.332 -10.662 32.19 -20.32 -10.703 32
4 14 -20.343 -10.553 32.35 -20.332 -10.662 32.19 -20.31 -11.343 32.19 -20.314 -11.473 32.345
3 14 -20.032 -11.343 28.61 -20.136 -10.662 28.61 -20.139 -10.553 28.45
4 14 -20.18 -10.703 25.6 -20.183 -10.662 25.41 -20.202 -10.703 24 -20.198 -11.28 23.996
4 14 -20.16 -10.643 27.006 -20.18 -10.703 25.6 -20.198 -11.28 23.996 -20.157 -10.685 27.197
4 14 -20.32 -10.703 32 -20.251 -10.662 30.59 -20.241 -10.703 30.4 -20.302 -11.302 32
4 14 -20.291 -11.339 31.811 -20.172 -10.641 29.016 -20.145 -10.703 28.8 -20.183 -11.302 30.4
3 14 -20.145 -10.485 28.391 -20.145 -10.458 28.373 -20.143 -10.472 28.339
4 14 -20.183 -10.662 25.41 -20.186 -10.553 25.25 -20.2 -10.662 24.19 -20.202 -10.703 24
4 14 -20.16 -10.643 27.006 -20.162 -10.553 26.85 -20.177 -10.662 25.79 -20.18 -10.703 25.6
4 14 -20.312 -10.662 31.81 -20.262 -10.553 30.75 -20.251 -10.662 30.59 -20.32 -10.703 32
4 14 -20.232 -10.662 30.21 -20.18 -10.553 29.15 -20.172 -10.641 29.016 -20.241 -10.703 30.4
3 14 -20.277 -11.802 32.5 -20.245 -11.992 32.46 -20.428 -12.136 35
4 14 -20.565 -7.719 35 -20.575 -5.503 35 -20.413 -6.812 32.46 -20.415 -7.002 32.5
4 14 -20.575 -5.503 35 -20.569 -4.929 34.886 -20.407 -6.652 32.35 -20.413 -6.812 32.46
4 14 -20.362 -10.203 32.5 -20.428 -12.136 35 -20.565 -7.719 35 -20.404 -8.772 32.452
3 14 -20.236 -11.836 21 -20.104 -11.992 23.54 -20.136 -11.802 23.5
4 14 -20.104 -11.992 23.54 -20.236 -11.836 21 -20.05 -13.033 21 -20.074 -12.152 23.65
3 14 -20.236 -11.836 21 -20.136 -11.802 23.5 -20.164 -11.612 23.54
4 14 -20.157 -10.685 27.197 -20.059 -11.302 27.2 -20.044 -11.343 27.39 -20.155 -10.649 27.388
4 14 -20.186 -10.553 25.25 -20.189 -10.393 25.14 -20.199 -10.553 24.35 -20.2 -10.662 24.19
4 14 -20.162 -10.553 26.85 -20.166 -10.393 26.74 -20.176 -10.553 25.95 -20.177 -10.662 25.79
4 14 -20.308 -10.553 31.65 -20.273 -10.393 30.86 -20.262 -10.553 30.75 -20.312 -10.662 31.81
4 14 -20.227 -10.553 30.05 -20.189 -10.393 29.26 -20.18 -10.553 29.15 -20.232 -10.662 30.21
3 14 -20.143 -10.393 28.34 -20.153 -10.393 27.66 -20.153 -10.533 27.546
4 14 -20.189 -10.393 25.14 -20.191 -10.203 25.1 -20.198 -10.393 24.46 -20.199 -10.553 24.35
4 14 -20.166 -10.393 26.74 -20.168 -10.203 26.7 -20.176 -10.393 26.06 -20.176 -10.553 25.95
4 14 -20.307 -10.393 31.54 -20.281 -10.203 30.9 -20.273 -10.393 30.86 -20.308 -10.553 31.65
4 14 -20.227 -10.393 29.94 -20.2 -10.203 29.3 -20.189 -10.393 29.26 -20.227 -10.553 30.05
4 14 -20.154 -10.203 27.7 -20.153 -10.393 27.66 -20.143 -10.393 28.34 -20.145 -10.203 28.3
4 14 -20.191 -10.203 25.1 -20.192 -10.013 25.14 -20.199 -10.203 24.5 -20.198 -10.393 24.46
4 14 -20.168 -10.203 26.7 -20.169 -10.013 26.74 -20.177 -10.203 26.1 -20.176 -10.393 26.06
4 14 -20.311 -10.203 31.5 -20.284 -10.013 30.86 -20.281 -10.203 30.9 -20.307 -10.393 31.54
3 14 -20.2 -10.203 29.3 -20.23 -10.203 29.9 -20.238 -10.013 29.94
3 14 -20.2 -10.203 29.3 -20.227 -10.393 29.94 -20.23 -10.203 29.9
4 14 -20.156 -10.013 27.66 -20.154 -10.203 27.7 -20.145 -10.203 28.3 -20.146 -10.013 28.34
4 14 -20.192 -10.013 25.14 -20.192 -9.852 25.25 -20.202 -10.013 24.46 -20.199 -10.203 24.5
4 14 -20.169 -10.013 26.74 -20.169 -9.852 26.85 -20.179 -10.013 26.06 -20.177 -10.203 26.1
4 14 -20.319 -10.013 31.54 -20.284 -9.852 30.75 -20.284 -10.013 30.86 -20.311 -10.203 31.5
3 14 -20.202 -10.087 29.271 -20.26 -9.743 30.21 -20.362 -9.041 31.801
3 14 -20.202 -10.087 29.271 -20.248 -9.852 30.05 -20.26 -9.743 30.21
4 14 -20.202 -10.087 29.271 -20.2 -10.203 29.3 -20.238 -10.013 29.94 -20.248 -9.852 30.05
4 14 -20.159 -9.852 27.55 -20.156 -10.013 27.66 -20.146 -10.013 28.34 -20.146 -9.976 28.363
4 14 -20.192 -9.852 25.25 -20.19 -9.743 25.41 -20.204 -9.852 24.35 -20.202 -10.013 24.46
4 14 -20.169 -9.852 26.85 -20.168 -9.743 27.01 -20.183 -9.852 25.95 -20.179 -10.013 26.06
4 14 -20.362 -9.041 31.801 -20.284 -9.852 30.75 -20.319 -10.013 31.54 -20.329 -9.852 31.65
4 14 -20.288 -9.063 30.59 -20.202 -10.087 29.271 -20.362 -9.041 31.801 -20.353 -8.952 31.65
4 14 -20.166 -8.952 27.55 -20.159 -9.852 27.55 -20.146 -9.976 28.363 -20.154 -8.914 28.415
3 14 -20.152 -9.852 28.45 -20.163 -9.743 28.61 -20.164 -9.052 28.588
4 14 -20.19 -9.743 25.41 -20.188 -9.703 25.6 -20.208 -9.743 24.19 -20.204 -9.852 24.35
4 14 -20.168 -9.743 27.01 -20.165 -9.703 27.2 -20.185 -9.743 25.79 -20.183 -9.852 25.95
3 14 -20.329 -9.852 31.65 -20.341 -9.743 31.81 -20.362 -9.041 31.801
3 14 -20.362 -9.041 31.801 -20.279 -9.743 30.59 -20.284 -9.852 30.75
4 14 -20.202 -10.087 29.271 -20.276 -9.103 30.4 -20.264 -9.063 30.21 -20.201 -10.013 29.26
4 14 -20.146 -9.976 28.363 -20.152 -9.852 28.45 -20.164 -9.052 28.588 -20.154 -8.914 28.415
4 14 -20.176 -9.102 28.775 -20.164 -9.052 28.588 -20.163 -9.743 28.61 -20.174 -9.703 28.8
4 14 -20.188 -9.703 25.6 -20.193 -9.103 25.6 -20.211 -9.703 24 -20.208 -9.743 24.19
4 14 -20.165 -9.703 27.2 -20.17 -9.103 27.2 -20.188 -9.703 25.6 -20.185 -9.743 25.79
3 14 -20.362 -9.041 31.801 -20.271 -9.703 30.4 -20.279 -9.743 30.59
3 14 -20.341 -9.743 31.81 -20.352 -9.703 32 -20.362 -9.041 31.801
3 14 -20.26 -9.743 30.21 -20.271 -9.703 30.4 -20.362 -9.041 31.801
4 14 -20.215 -10.013 23.54 -20.221 -8.952 23.65 -20.222 -8.793 23.54 -20.214 -10.203 23.5
4 14 -20.404 -8.772 32.452 -20.39 -8.952 32.34 -20.365 -10.013 32.46 -20.362 -10.203 32.5
4 14 -20.214 -9.852 23.65 -20.218 -9.063 23.81 -20.221 -8.952 23.65 -20.215 -10.013 23.54
4 14 -20.39 -8.952 32.34 -20.381 -9.052 32.181 -20.365 -9.852 32.35 -20.365 -10.013 32.46
4 14 -20.213 -9.743 23.81 -20.216 -9.103 24 -20.218 -9.063 23.81 -20.214 -9.852 23.65
4 14 -20.381 -9.052 32.181 -20.371 -9.093 32.001 -20.36 -9.743 32.19 -20.365 -9.852 32.35
4 14 -20.17 -9.103 27.2 -20.165 -9.703 27.2 -20.162 -9.743 27.39 -20.168 -9.063 27.39
4 14 -20.193 -9.103 25.6 -20.196 -9.063 25.41 -20.216 -9.103 24 -20.211 -9.703 24
4 14 -20.17 -9.103 27.2 -20.173 -9.063 27.01 -20.193 -9.103 25.6 -20.188 -9.703 25.6
4 14 -20.201 -10.013 29.26 -20.264 -9.063 30.21 -20.199 -8.952 29.15 -20.195 -9.852 29.15
4 14 -20.36 -9.743 32.19 -20.371 -9.093 32.001 -20.362 -9.041 31.801 -20.352 -9.703 32
4 14 -20.186 -9.743 28.99 -20.189 -9.063 28.99 -20.176 -9.102 28.775 -20.174 -9.703 28.8
3 14 -20.362 -10.203 32.5 -20.354 -10.393 32.46 -20.428 -12.136 35
4 14 -20.314 -11.473 32.345 -20.428 -12.136 35 -20.354 -10.393 32.46 -20.343 -10.553 32.35
3 14 -20.236 -11.836 21 -20.214 -10.203 23.5 -20.222 -8.793 23.54
3 14 -20.236 -11.836 21 -20.212 -10.393 23.54 -20.214 -10.203 23.5
4 14 -20.196 -9.063 25.41 -20.198 -8.952 25.25 -20.213 -9.063 24.19 -20.216 -9.103 24
4 14 -20.173 -9.063 27.01 -20.175 -8.952 26.85 -20.19 -9.063 25.79 -20.193 -9.103 25.6
3 14 -20.288 -9.063 30.59 -20.276 -9.103 30.4 -20.202 -10.087 29.271
4 14 -20.189 -9.063 28.99 -20.186 -9.743 28.99 -20.195 -9.852 29.15 -20.199 -8.952 29.15
4 14 -20.159 -9.852 27.55 -20.166 -8.952 27.55 -20.168 -9.063 27.39 -20.162 -9.743 27.39
4 14 -20.198 -8.952 25.25 -20.202 -8.793 25.14 -20.211 -8.952 24.35 -20.213 -9.063 24.19
4 14 -20.175 -8.952 26.85 -20.179 -8.793 26.74 -20.189 -8.952 25.95 -20.19 -9.063 25.79
3 14 -20.353 -8.952 31.65 -20.306 -8.793 30.86 -20.298 -8.952 30.75
3 14 -20.353 -8.952 31.65 -20.298 -8.952 30.75 -20.288 -9.063 30.59
4 14 -20.255 -8.952 30.05 -20.207 -8.793 29.26 -20.199 -8.952 29.15 -20.264 -9.063 30.21
4 14 -20.154 -8.914 28.415 -20.156 -8.793 28.34 -20.166 -8.793 27.66 -20.166 -8.952 27.55
4 14 -20.202 -8.793 25.14 -20.204 -8.603 25.1 -20.212 -8.793 24.46 -20.211 -8.952 24.35
4 14 -20.179 -8.793 26.74 -20.181 -8.603 26.7 -20.189 -8.793 26.06 -20.189 -8.952 25.95
4 14 -20.347 -8.793 31.54 -20.309 -8.603 30.9 -20.306 -8.793 30.86 -20.353 -8.952 31.65
4 14 -20.249 -8.793 29.94 -20.21 -8.603 29.3 -20.207 -8.793 29.26 -20.255 -8.952 30.05
4 14 -20.167 -8.603 27.7 -20.166 -8.793 27.66 -20.156 -8.793 28.34 -20.159 -8.603 28.3
4 14 -20.204 -8.603 25.1 -20.205 -8.413 25.14 -20.213 -8.603 24.5 -20.212 -8.793 24.46
4 14 -20.181 -8.603 26.7 -20.182 -8.413 26.74 -20.19 -8.603 26.1 -20.189 -8.793 26.06
4 14 -20.346 -8.603 31.5 -20.307 -8.413 30.86 -20.309 -8.603 30.9 -20.347 -8.793 31.54
4 14 -20.247 -8.603 29.9 -20.209 -8.413 29.26 -20.21 -8.603 29.3 -20.249 -8.793 29.94
4 14 -20.169 -8.413 27.66 -20.167 -8.603 27.7 -20.159 -8.603 28.3 -20.16 -8.413 28.34
4 14 -20.205 -8.413 25.14 -20.205 -8.253 25.25 -20.215 -8.413 24.46 -20.213 -8.603 24.5
4 14 -20.182 -8.413 26.74 -20.182 -8.253 26.85 -20.192 -8.413 26.06 -20.19 -8.603 26.1
4 14 -20.349 -8.413 31.54 -20.301 -8.253 30.75 -20.307 -8.413 30.86 -20.346 -8.603 31.5
4 14 -20.251 -8.413 29.94 -20.203 -8.253 29.15 -20.209 -8.413 29.26 -20.247 -8.603 29.9
4 14 -20.16 -8.413 28.34 -20.16 -8.253 28.45 -20.172 -8.253 27.55 -20.169 -8.413 27.66
4 14 -20.205 -8.253 25.25 -20.204 -8.142 25.41 -20.217 -8.253 24.35 -20.215 -8.413 24.46
4 14 -20.182 -8.253 26.85 -20.181 -8.142 27.01 -20.196 -8.253 25.95 -20.192 -8.413 26.06
4 14 -20.358 -8.253 31.65 -20.292 -8.142 30.59 -20.301 -8.253 30.75 -20.349 -8.413 31.54
4 14 -20.256 -8.253 30.05 -20.193 -8.142 28.99 -20.203 -8.253 29.15 -20.251 -8.413 29.94
3 14 -20.172 -8.253 27.55 -20.16 -8.253 28.45 -20.166 -7.385 28.49
3 14 -20.218 -8.142 24.19 -20.217 -8.253 24.35 -20.204 -8.142 25.41
4 14 -20.181 -8.142 27.01 -20.178 -8.103 27.2 -20.198 -8.142 25.79 -20.196 -8.253 25.95
4 14 -20.367 -8.142 31.81 -20.28 -8.103 30.4 -20.292 -8.142 30.59 -20.358 -8.253 31.65
4 14 -20.268 -8.142 30.21 -20.182 -8.103 28.8 -20.193 -8.142 28.99 -20.256 -8.253 30.05
4 14 -20.204 -8.142 25.41 -20.201 -8.103 25.6 -20.206 -7.502 25.6 -20.209 -7.463 25.41
4 14 -20.219 -7.463 24.19 -20.218 -8.142 24.19 -20.204 -8.142 25.41 -20.209 -7.463 25.41
4 14 -20.178 -8.103 27.2 -20.183 -7.502 27.2 -20.201 -8.103 25.6 -20.198 -8.142 25.79
4 14 -20.379 -8.103 32 -20.283 -7.502 30.4 -20.28 -8.103 30.4 -20.367 -8.142 31.81
4 14 -20.28 -8.103 30.4 -20.184 -7.502 28.8 -20.182 -8.103 28.8 -20.268 -8.142 30.21
3 14 -20.407 -8.603 32.5 -20.404 -8.772 32.452 -20.565 -7.719 35
4 14 -20.222 -8.413 23.54 -20.223 -7.353 23.65 -20.224 -7.192 23.54 -20.222 -8.603 23.5
4 14 -20.411 -7.192 32.46 -20.405 -7.353 32.35 -20.406 -8.413 32.46 -20.407 -8.603 32.5
4 14 -20.222 -8.253 23.65 -20.221 -7.463 23.81 -20.223 -7.353 23.65 -20.222 -8.413 23.54
4 14 -20.405 -7.353 32.35 -20.394 -7.463 32.19 -20.4 -8.253 32.35 -20.406 -8.413 32.46
4 14 -20.221 -8.142 23.81 -20.22 -7.502 24 -20.221 -7.463 23.81 -20.222 -8.253 23.65
4 14 -20.394 -7.463 32.19 -20.382 -7.502 32 -20.39 -8.142 32.19 -20.4 -8.253 32.35
4 14 -20.183 -7.502 27.2 -20.186 -7.463 27.01 -20.206 -7.502 25.6 -20.201 -8.103 25.6
4 14 -20.382 -7.502 32 -20.295 -7.463 30.59 -20.283 -7.502 30.4 -20.379 -8.103 32
4 14 -20.283 -7.502 30.4 -20.196 -7.463 28.99 -20.184 -7.502 28.8 -20.28 -8.103 30.4
3 14 -20.209 -7.463 25.41 -20.211 -7.353 25.25 -20.219 -7.463 24.19
4 14 -20.219 -8.103 24 -20.218 -8.142 24.19 -20.219 -7.463 24.19 -20.22 -7.502 24
4 14 -20.186 -7.463 27.01 -20.19 -7.353 26.85 -20.204 -7.463 25.79 -20.206 -7.502 25.6
4 14 -20.37 -7.463 31.81 -20.304 -7.353 30.75 -20.295 -7.463 30.59 -20.382 -7.502 32
4 14 -20.272 -7.463 30.21 -20.208 -7.353 29.15 -20.196 -7.463 28.99 -20.283 -7.502 30.4
4 14 -20.172 -8.253 27.55 -20.18 -7.353 27.55 -20.181 -7.463 27.39 -20.175 -8.142 27.39
4 14 -20.211 -7.353 25.25 -20.212 -7.192 25.14 -20.218 -7.353 24.35 -20.219 -7.463 24.19
4 14 -20.19 -7.353 26.85 -20.192 -7.192 26.74 -20.202 -7.353 25.95 -20.204 -7.463 25.79
4 14 -20.361 -7.353 31.65 -20.313 -7.192 30.86 -20.304 -7.353 30.75 -20.37 -7.463 31.81
4 14 -20.262 -7.353 30.05 -20.214 -7.192 29.26 -20.208 -7.353 29.15 -20.272 -7.463 30.21
4 14 -20.167 -7.353 28.45 -20.17 -7.192 28.34 -20.179 -7.192 27.66 -20.18 -7.353 27.55
4 14 -20.212 -7.192 25.14 -20.213 -7.002 25.1 -20.217 -7.192 24.46 -20.218 -7.353 24.35
4 14 -20.192 -7.192 26.74 -20.195 -7.002 26.7 -20.202 -7.192 26.06 -20.202 -7.353 25.95
4 14 -20.355 -7.192 31.54 -20.316 -7.002 30.9 -20.313 -7.192 30.86 -20.361 -7.353 31.65
4 14 -20.256 -7.192 29.94 -20.218 -7.002 29.3 -20.214 -7.192 29.26 -20.262 -7.353 30.05
4 14 -20.172 -7.002 28.3 -20.18 -7.002 27.7 -20.179 -7.192 27.66 -20.17 -7.192 28.34
4 14 -20.213 -7.002 25.1 -20.213 -6.812 25.14 -20.217 -7.002 24.5 -20.217 -7.192 24.46
4 14 -20.195 -7.002 26.7 -20.196 -6.812 26.74 -20.203 -7.002 26.1 -20.202 -7.192 26.06
4 14 -20.353 -7.002 31.5 -20.315 -6.812 30.86 -20.316 -7.002 30.9 -20.355 -7.192 31.54
4 14 -20.255 -7.002 29.9 -20.216 -6.812 29.26 -20.218 -7.002 29.3 -20.256 -7.192 29.94
4 14 -20.173 -6.812 28.34 -20.182 -6.812 27.66 -20.18 -7.002 27.7 -20.172 -7.002 28.3
4 14 -20.213 -6.812 25.14 -20.212 -6.652 25.25 -20.218 -6.812 24.46 -20.217 -7.002 24.5
4 14 -20.196 -6.812 26.74 -20.195 -6.652 26.85 -20.205 -6.812 26.06 -20.203 -7.002 26.1
4 14 -20.356 -6.812 31.54 -20.309 -6.652 30.75 -20.315 -6.812 30.86 -20.353 -7.002 31.5
4 14 -20.258 -6.812 29.94 -20.21 -6.652 29.15 -20.216 -6.812 29.26 -20.255 -7.002 29.9
4 14 -20.173 -6.812 28.34 -20.173 -6.652 28.45 -20.185 -6.652 27.55 -20.182 -6.812 27.66
4 14 -20.407 -8.603 32.5 -20.565 -7.719 35 -20.415 -7.002 32.5 -20.411 -7.192 32.46
4 14 -20.222 -8.793 23.54 -20.222 -8.603 23.5 -20.246 -5.502 21 -20.236 -11.836 21
4 14 -20.242 -4.928 21.114 -20.246 -5.502 21 -20.224 -7.002 23.5 -20.224 -6.812 23.54
4 14 -20.224 -7.002 23.5 -20.246 -5.502 21 -20.222 -8.603 23.5 -20.224 -7.192 23.54
4 14 -20.212 -6.652 25.25 -20.211 -6.543 25.41 -20.218 -6.652 24.35 -20.218 -6.812 24.46
4 14 -20.195 -6.652 26.85 -20.194 -6.543 27.01 -20.207 -6.652 25.95 -20.205 -6.812 26.06
4 14 -20.363 -6.652 31.65 -20.299 -6.543 30.59 -20.309 -6.652 30.75 -20.356 -6.812 31.54
4 14 -20.268 -6.652 30.05 -20.201 -6.543 28.99 -20.21 -6.652 29.15 -20.258 -6.812 29.94
3 14 -20.172 -6.597 28.528 -20.177 -6.543 28.61 -20.192 -4.002 28.655
4 14 -20.185 -6.652 27.55 -20.173 -6.652 28.45 -20.172 -6.597 28.528 -20.192 -4.002 28.655
4 14 -20.211 -6.543 25.41 -20.21 -6.502 25.6 -20.22 -6.543 24.19 -20.218 -6.652 24.35
4 14 -20.194 -6.543 27.01 -20.192 -6.502 27.2 -20.209 -6.543 25.79 -20.207 -6.652 25.95
4 14 -20.374 -6.543 31.81 -20.288 -6.502 30.4 -20.299 -6.543 30.59 -20.363 -6.652 31.65
4 14 -20.276 -6.543 30.21 -20.189 -6.502 28.8 -20.201 -6.543 28.99 -20.268 -6.652 30.05
3 14 -20.192 -4.002 28.655 -20.189 -6.543 27.39 -20.185 -6.652 27.55
4 14 -20.192 -4.002 28.655 -20.177 -6.543 28.61 -20.189 -6.502 28.8 -20.49 -4.003 33.5
4 14 -20.49 -4.003 33.5 -20.189 -6.502 28.8 -20.288 -6.502 30.4 -20.523 -4.117 34.074
4 14 -20.523 -4.117 34.074 -20.288 -6.502 30.4 -20.374 -6.543 31.81 -20.386 -6.502 32
3 14 -20.189 -6.502 28.8 -20.276 -6.543 30.21 -20.288 -6.502 30.4
3 14 -20.21 -6.502 25.6 -20.209 -6.543 25.79 -20.192 -6.502 27.2
4 14 -20.236 -4.002 22.5 -20.221 -6.502 24 -20.22 -6.543 24.19 -20.21 -6.502 25.6
3 14 -20.192 -6.502 27.2 -20.189 -6.543 27.39 -20.192 -4.002 28.655
4 14 -20.192 -6.502 27.2 -20.192 -4.002 28.655 -20.236 -4.002 22.5 -20.21 -6.502 25.6
3 14 -20.237 -4.117 21.926 -20.239 -4.442 21.439 -20.224 -6.652 23.65
3 14 -14.745 -25.638 31.498 -14.637 -25.753 31.5 -16.361 -23.553 35
4 14 -14.745 -25.638 31.498 -16.361 -23.553 35 -18.199 -20.95 35 -18.424 -20.458 31.479
4 14 -12.811 -27.632 32.16 -16.361 -23.553 35 -14.637 -25.753 31.5 -14.204 -26.226 31.39
4 14 -14.894 -25.482 21 -14.137 -26.534 21 -14.26 -26.226 24.61 -14.602 -25.753 24.5
3 14 -14.137 -26.534 21 -13.96 -26.634 24.94 -14.26 -26.226 24.61
4 14 -12.811 -27.632 32.16 -14.204 -26.226 31.39 -13.854 -26.634 31.06 -12.844 -27.617 31.97
3 14 -14.137 -26.534 21 -12.938 -27.612 23.81 -12.971 -27.608 24
3 14 -16.361 -23.553 35 -12.811 -27.632 32.16 -12.73 -27.702 32.323
3 14 -16.361 -23.553 35 -12.73 -27.702 32.323 -12.617 -27.811 32.437
3 14 -14.137 -26.534 21 -12.846 -27.658 23.65 -12.938 -27.612 23.81
3 14 -13.675 -26.934 27.594 -12.956 -27.949 27.371 -12.922 -27.989 27.55
4 14 -12.956 -27.949 27.371 -13.675 -26.934 27.594 -13.714 -26.938 26 -12.986 -27.912 27.205
4 14 -12.893 -27.911 28.6 -12.911 -27.873 28.786 -13.67 -26.938 30 -13.7 -26.986 29.234
3 14 -14.137 -26.534 21 -12.713 -27.736 23.54 -12.846 -27.658 23.65
4 14 -12.617 -27.811 32.437 -12.484 -27.948 32.483 -11.725 -28.498 35 -16.361 -23.553 35
4 14 -14.137 -26.534 21 -12.971 -27.608 24 -12.938 -27.769 25.41 -12.971 -27.765 25.6
3 14 -12.887 -27.735 30.38 -12.854 -27.751 30.57 -12.844 -27.617 31.97
4 14 -14.137 -26.534 21 -12.971 -27.765 25.6 -12.938 -27.925 27.01 -12.986 -27.912 27.205
4 14 -12.911 -27.873 28.786 -12.879 -27.888 28.976 -12.887 -27.735 30.38 -13.67 -26.938 30
3 14 -12.885 -28.009 27.495 -12.848 -28.028 27.54 -12.922 -27.989 27.55
3 14 -12.956 -27.949 27.371 -12.885 -28.009 27.495 -12.922 -27.989 27.55
4 14 -12.715 -28.095 27.653 -12.786 -28.047 28.395 -12.922 -27.989 27.55 -12.848 -28.028 27.54
4 14 -12.938 -27.649 24.19 -12.847 -27.815 25.25 -12.938 -27.769 25.41 -12.971 -27.608 24
4 14 -12.938 -27.806 25.79 -12.846 -27.971 26.85 -12.938 -27.925 27.01 -12.971 -27.765 25.6
4 14 -12.854 -27.751 30.57 -12.772 -27.819 30.733 -12.821 -27.66 31.783 -12.844 -27.617 31.97
4 14 -12.803 -27.952 29.14 -12.864 -27.779 30.193 -12.887 -27.735 30.38 -12.879 -27.888 28.976
4 14 -12.893 -27.911 28.6 -13.7 -26.986 29.234 -12.922 -27.989 27.55 -12.846 -27.977 28.45
3 14 -12.922 -27.989 27.55 -13.7 -26.986 29.234 -13.675 -26.934 27.594
4 14 -12.846 -27.726 24.35 -12.713 -27.893 25.14 -12.847 -27.815 25.25 -12.938 -27.649 24.19
4 14 -12.846 -27.883 25.95 -12.693 -28.061 26.731 -12.846 -27.971 26.85 -12.938 -27.806 25.79
4 14 -12.772 -27.819 30.733 -12.66 -27.929 30.847 -12.749 -27.753 31.627 -12.821 -27.66 31.783
4 14 -12.803 -27.952 29.14 -12.713 -28.035 29.26 -12.792 -27.871 30.037 -12.864 -27.779 30.193
3 14 -12.786 -28.047 28.395 -12.846 -27.977 28.45 -12.922 -27.989 27.55
3 14 -12.713 -28.085 28.34 -12.786 -28.047 28.395 -12.715 -28.095 27.653
4 14 -12.713 -27.826 24.46 -12.555 -27.995 25.1 -12.713 -27.893 25.14 -12.846 -27.726 24.35
4 14 -12.713 -27.983 26.06 -12.533 -28.164 26.701 -12.693 -28.061 26.731 -12.846 -27.883 25.95
4 14 -12.66 -27.929 30.847 -12.527 -28.066 30.893 -12.641 -27.879 31.523 -12.749 -27.753 31.627
3 14 -12.644 -28.107 29.281 -12.555 -28.153 29.3 -12.545 -28.149 29.898
4 14 -12.684 -27.997 29.933 -12.792 -27.871 30.037 -12.713 -28.035 29.26 -12.644 -28.107 29.281
4 14 -12.715 -28.095 27.653 -12.56 -28.174 27.682 -12.555 -28.167 28.3 -12.713 -28.085 28.34
4 14 -12.555 -27.936 24.5 -12.398 -28.104 25.14 -12.555 -27.995 25.1 -12.713 -27.826 24.46
4 14 -12.555 -28.093 26.1 -12.379 -28.275 26.752 -12.533 -28.164 26.701 -12.713 -27.983 26.06
4 14 -12.527 -28.066 30.893 -12.391 -28.215 30.858 -12.511 -28.022 31.49 -12.641 -27.879 31.523
3 14 -12.555 -28.153 29.3 -12.398 -28.235 29.26 -12.545 -28.149 29.898
3 14 -12.545 -28.149 29.898 -12.684 -27.997 29.933 -12.644 -28.107 29.281
4 14 -12.56 -28.174 27.682 -12.403 -28.256 27.642 -12.398 -28.248 28.34 -12.555 -28.167 28.3
4 14 -12.398 -28.037 24.46 -12.264 -28.204 25.25 -12.398 -28.104 25.14 -12.555 -27.936 24.5
4 14 -11.634 -28.666 25.657 -12.379 -28.275 26.752 -12.398 -28.194 26.06 -12.264 -28.273 25.95
3 14 -12.379 -28.275 26.752 -12.555 -28.093 26.1 -12.398 -28.194 26.06
3 14 -12.391 -28.215 30.858 -12.264 -28.282 30.75 -12.263 -28.269 31.65
3 14 -12.379 -28.158 31.535 -12.511 -28.022 31.49 -12.391 -28.215 30.858
4 14 -12.398 -28.235 29.26 -12.264 -28.306 29.15 -12.398 -28.224 29.94 -12.545 -28.149 29.898
4 14 -12.403 -28.256 27.642 -12.266 -28.329 27.543 -12.264 -28.316 28.45 -12.398 -28.248 28.34
4 14 -12.264 -28.116 24.35 -12.173 -28.281 25.41 -12.264 -28.204 25.25 -12.398 -28.037 24.46
3 14 -11.634 -28.666 25.657 -12.264 -28.333 26.85 -12.379 -28.275 26.752
3 14 -12.264 -28.282 30.75 -12.173 -28.331 30.59 -12.263 -28.269 31.65
3 14 -12.263 -28.269 31.65 -12.379 -28.158 31.535 -12.391 -28.215 30.858
4 14 -12.264 -28.306 29.15 -12.173 -28.355 28.99 -12.264 -28.292 30.05 -12.398 -28.224 29.94
4 14 -12.266 -28.329 27.543 -12.209 -28.36 27.449 -12.173 -28.361 28.61 -12.264 -28.316 28.45
4 14 -11.531 -28.699 25.284 -12.173 -28.281 25.41 -12.264 -28.116 24.35 -11.516 -28.617 24.35
4 14 -11.608 -28.54 24.19 -11.516 -28.617 24.35 -12.264 -28.116 24.35 -12.173 -28.162 24.19
3 14 -11.634 -28.666 25.657 -12.173 -28.38 27.01 -12.264 -28.333 26.85
3 14 -12.264 -28.273 25.95 -12.173 -28.318 25.79 -11.634 -28.666 25.657
4 14 -12.173 -28.331 30.59 -12.14 -28.351 30.4 -12.173 -28.313 31.81 -12.263 -28.269 31.65
4 14 -12.173 -28.355 28.99 -12.14 -28.375 28.8 -12.173 -28.337 30.21 -12.264 -28.292 30.05
3 14 -12.173 -28.378 27.39 -12.14 -28.397 27.2 -11.639 -28.656 27.159
4 14 -11.608 -28.54 24.19 -12.173 -28.162 24.19 -12.14 -28.165 24 -11.641 -28.5 24
4 14 -11.639 -28.656 27.159 -12.14 -28.397 27.2 -12.173 -28.38 27.01 -11.634 -28.666 25.657
4 14 -11.613 -28.66 25.451 -11.634 -28.666 25.657 -12.173 -28.318 25.79 -12.14 -28.322 25.6
4 14 -12.14 -28.351 30.4 -11.641 -28.61 30.4 -12.14 -28.327 32 -12.173 -28.313 31.81
4 14 -12.14 -28.375 28.8 -11.641 -28.634 28.8 -12.14 -28.351 30.4 -12.173 -28.337 30.21
4 14 -11.383 -28.627 23.54 -11.516 -28.549 23.65 -12.398 -27.947 23.54 -12.555 -27.838 23.5
4 14 -11.516 -28.549 23.65 -11.608 -28.503 23.81 -12.264 -28.048 23.65 -12.398 -27.947 23.54
4 14 -14.137 -26.534 21 -8.464 -30.334 21 -12.555 -27.838 23.5 -12.713 -27.736 23.54
4 14 -11.608 -28.503 23.81 -11.641 -28.5 24 -12.173 -28.124 23.81 -12.264 -28.048 23.65
4 14 -10.469 -29.157 35 -11.725 -28.498 35 -11.383 -28.713 32.46 -11.225 -28.794 32.5
3 14 -11.725 -28.498 35 -12.353 -28.089 32.45 -12.245 -28.216 32.346
3 14 -11.725 -28.498 35 -12.245 -28.216 32.346 -12.177 -28.306 32.191
3 14 -12.177 -28.306 32.191 -11.608 -28.6 32.19 -11.516 -28.645 32.35
4 14 -11.383 -28.713 32.46 -11.725 -28.498 35 -12.177 -28.306 32.191 -11.516 -28.645 32.35
4 14 -12.14 -28.327 32 -11.641 -28.586 32 -11.608 -28.6 32.19 -12.177 -28.306 32.191
4 14 -12.209 -28.36 27.449 -12.173 -28.378 27.39 -11.639 -28.656 27.159 -11.618 -28.667 27.366
4 14 -11.613 -28.66 25.451 -12.14 -28.322 25.6 -12.173 -28.281 25.41 -11.531 -28.699 25.284
3 14 -11.634 -28.666 25.657 -11.591 -28.682 26.973 -11.639 -28.656 27.159
4 14 -11.641 -28.61 30.4 -11.608 -28.624 30.59 -11.641 -28.586 32 -12.14 -28.327 32
4 14 -11.641 -28.634 28.8 -11.608 -28.648 28.99 -11.641 -28.61 30.4 -12.14 -28.351 30.4
3 14 -11.725 -28.498 35 -12.484 -27.948 32.483 -12.353 -28.089 32.45
4 14 -9.895 -29.483 32.5 -10.469 -29.157 35 -11.225 -28.794 32.5 -10.053 -29.401 32.46
4 14 -12.173 -28.361 28.61 -12.209 -28.36 27.449 -11.618 -28.667 27.366 -11.608 -28.654 28.61
4 14 -12.14 -28.375 28.8 -12.173 -28.361 28.61 -11.608 -28.654 28.61 -11.641 -28.634 28.8
4 14 -11.582 -28.692 25.84 -11.488 -28.736 26.823 -11.591 -28.682 26.973 -11.634 -28.666 25.657
4 14 -11.608 -28.624 30.59 -11.516 -28.669 30.75 -11.608 -28.606 31.81 -11.641 -28.586 32
4 14 -11.608 -28.648 28.99 -11.516 -28.693 29.15 -11.608 -28.63 30.21 -11.641 -28.61 30.4
4 14 -11.618 -28.667 27.366 -11.542 -28.703 27.52 -11.516 -28.703 28.45 -11.608 -28.654 28.61
3 14 -11.531 -28.699 25.284 -11.516 -28.617 24.35 -11.383 -28.717 24.46
4 14 -11.491 -28.739 25.976 -11.347 -28.81 26.726 -11.488 -28.736 26.823 -11.582 -28.692 25.84
4 14 -11.516 -28.669 30.75 -11.383 -28.736 30.86 -11.516 -28.656 31.65 -11.608 -28.606 31.81
4 14 -11.516 -28.693 29.15 -11.383 -28.76 29.26 -11.516 -28.679 30.05 -11.608 -28.63 30.21
4 14 -11.542 -28.703 27.52 -11.418 -28.766 27.643 -11.383 -28.774 28.34 -11.516 -28.703 28.45
4 14 -11.351 -28.811 26.075 -11.186 -28.893 26.702 -11.347 -28.81 26.726 -11.491 -28.739 25.976
4 14 -11.383 -28.736 30.86 -11.225 -28.817 30.9 -11.383 -28.726 31.54 -11.516 -28.656 31.65
4 14 -11.383 -28.76 29.26 -11.225 -28.841 29.3 -11.383 -28.75 29.94 -11.516 -28.679 30.05
4 14 -11.418 -28.766 27.643 -11.264 -28.845 27.698 -11.225 -28.856 28.3 -11.383 -28.774 28.34
4 14 -11.383 -28.717 24.46 -11.225 -28.827 24.5 -11.408 -28.769 25.16 -11.531 -28.699 25.284
4 14 -11.258 -28.864 25.105 -11.408 -28.769 25.16 -11.225 -28.827 24.5 -11.067 -28.929 24.46
4 14 -11.225 -28.876 26.1 -11.032 -28.973 26.757 -11.186 -28.893 26.702 -11.351 -28.811 26.075
4 14 -11.225 -28.817 30.9 -11.067 -28.9 30.86 -11.225 -28.809 31.5 -11.383 -28.726 31.54
4 14 -11.225 -28.841 29.3 -11.067 -28.924 29.26 -11.225 -28.832 29.9 -11.383 -28.75 29.94
4 14 -11.264 -28.845 27.698 -11.103 -28.928 27.674 -11.067 -28.937 28.34 -11.225 -28.856 28.3
4 14 -10.277 -29.379 23.81 -10.311 -29.36 24 -11.079 -28.956 25.136 -11.258 -28.864 25.105
3 14 -11.258 -28.864 25.105 -11.067 -28.929 24.46 -10.933 -29.006 24.35
4 14 -11.067 -28.958 26.06 -10.908 -29.037 26.88 -11.032 -28.973 26.757 -11.225 -28.876 26.1
4 14 -11.067 -28.9 30.86 -10.934 -28.97 30.75 -11.067 -28.89 31.54 -11.225 -28.809 31.5
4 14 -11.067 -28.924 29.26 -10.934 -28.994 29.15 -11.067 -28.913 29.94 -11.225 -28.832 29.9
4 14 -11.103 -28.928 27.674 -10.962 -29.003 27.577 -10.934 -29.004 28.45 -11.067 -28.937 28.34
4 14 -11.067 -28.958 26.06 -10.934 -29.027 25.95 -10.829 -29.077 27.048 -10.908 -29.037 26.88
4 14 -10.934 -28.97 30.75 -10.843 -29.02 30.59 -10.934 -28.957 31.65 -11.067 -28.89 31.54
4 14 -10.934 -28.994 29.15 -10.843 -29.044 28.99 -10.934 -28.981 30.05 -11.067 -28.913 29.94
4 14 -10.962 -29.003 27.577 -10.859 -29.059 27.427 -10.843 -29.049 28.61 -10.934 -29.004 28.45
4 14 -11.079 -28.956 25.136 -10.311 -29.36 24 -10.277 -29.376 24.19 -10.934 -29.03 25.25
4 14 -10.933 -29.006 24.35 -10.842 -29.051 24.19 -8.464 -30.334 21 -11.258 -28.864 25.105
4 14 -10.843 -29.02 30.59 -10.809 -29.04 30.4 -10.843 -29.001 31.81 -10.934 -28.957 31.65
4 14 -10.843 -29.044 28.99 -10.809 -29.064 28.8 -10.843 -29.025 30.21 -10.934 -28.981 30.05
4 14 -10.859 -29.059 27.427 -10.81 -29.087 27.252 -10.809 -29.064 28.8 -10.843 -29.049 28.61
4 14 -10.186 -29.419 25.25 -10.843 -29.077 25.41 -10.934 -29.03 25.25 -10.277 -29.376 24.19
3 14 -10.842 -29.051 24.19 -10.809 -29.056 24 -8.464 -30.334 21
4 14 -10.934 -29.027 25.95 -10.843 -29.076 25.79 -10.311 -29.352 25.6 -10.277 -29.369 25.79
4 14 -10.809 -29.04 30.4 -10.311 -29.297 30.4 -10.809 -29.016 32 -10.843 -29.001 31.81
4 14 -10.809 -29.064 28.8 -10.311 -29.322 28.8 -10.809 -29.04 30.4 -10.843 -29.025 30.21
3 14 -8.464 -30.334 21 -10.186 -29.427 23.65 -11.258 -28.864 25.105
3 14 -11.067 -28.839 23.54 -11.225 -28.729 23.5 -8.464 -30.334 21
4 14 -11.067 -28.876 32.46 -10.186 -29.333 32.35 -10.053 -29.401 32.46 -11.225 -28.794 32.5
3 14 -10.186 -29.427 23.65 -10.277 -29.379 23.81 -11.258 -28.864 25.105
3 14 -10.934 -28.939 23.65 -11.067 -28.839 23.54 -8.464 -30.334 21
4 14 -10.934 -28.946 32.35 -10.277 -29.289 32.19 -10.186 -29.333 32.35 -11.067 -28.876 32.46
3 14 -10.843 -29.016 23.81 -10.934 -28.939 23.65 -8.464 -30.334 21
4 14 -10.843 -28.996 32.19 -10.311 -29.274 32 -10.277 -29.289 32.19 -10.934 -28.946 32.35
4 14 -10.81 -29.087 27.252 -10.309 -29.347 27.181 -10.311 -29.322 28.8 -10.809 -29.064 28.8
4 14 -10.843 -29.076 25.79 -10.809 -29.094 25.6 -10.277 -29.371 25.41 -10.311 -29.352 25.6
4 14 -10.186 -29.419 25.25 -10.277 -29.371 25.41 -10.809 -29.094 25.6 -10.843 -29.077 25.41
4 14 -10.81 -29.087 27.252 -10.829 -29.077 27.048 -10.268 -29.369 26.988 -10.309 -29.347 27.181
4 14 -10.311 -29.297 30.4 -10.277 -29.312 30.59 -10.311 -29.274 32 -10.809 -29.016 32
4 14 -10.311 -29.322 28.8 -10.277 -29.336 28.99 -10.311 -29.297 30.4 -10.809 -29.04 30.4
4 14 -12.555 -27.838 23.5 -8.464 -30.334 21 -11.225 -28.729 23.5 -11.383 -28.627 23.54
4 14 -10.311 -29.322 28.8 -10.309 -29.347 27.181 -10.286 -29.356 27.367 -10.277 -29.342 28.61
3 14 -10.277 -29.369 25.79 -10.169 -29.421 26.833 -10.268 -29.369 26.988
4 14 -10.829 -29.077 27.048 -10.934 -29.027 25.95 -10.277 -29.369 25.79 -10.268 -29.369 26.988
4 14 -10.277 -29.312 30.59 -10.185 -29.356 30.75 -10.277 -29.294 31.81 -10.311 -29.274 32
4 14 -10.277 -29.336 28.99 -10.186 -29.382 29.15 -10.277 -29.318 30.21 -10.311 -29.297 30.4
4 14 -10.277 -29.342 28.61 -10.286 -29.356 27.367 -10.202 -29.397 27.532 -10.186 -29.391 28.45
4 14 -10.186 -29.423 24.35 -10.053 -29.488 25.14 -10.186 -29.419 25.25 -10.277 -29.376 24.19
4 14 -10.186 -29.416 25.95 -10.031 -29.493 26.731 -10.169 -29.421 26.833 -10.277 -29.369 25.79
4 14 -10.185 -29.356 30.75 -10.053 -29.425 30.86 -10.186 -29.344 31.65 -10.277 -29.294 31.81
4 14 -10.186 -29.382 29.15 -10.053 -29.449 29.26 -10.186 -29.368 30.05 -10.277 -29.318 30.21
4 14 -10.202 -29.397 27.532 -10.074 -29.461 27.65 -10.053 -29.462 28.34 -10.186 -29.391 28.45
4 14 -10.053 -29.491 24.46 -9.895 -29.57 25.1 -10.053 -29.488 25.14 -10.186 -29.423 24.35
4 14 -10.053 -29.485 26.06 -9.872 -29.576 26.701 -10.031 -29.493 26.731 -10.186 -29.416 25.95
4 14 -10.053 -29.425 30.86 -9.895 -29.506 30.9 -10.053 -29.415 31.54 -10.186 -29.344 31.65
4 14 -10.053 -29.449 29.26 -9.895 -29.53 29.3 -10.053 -29.438 29.94 -10.186 -29.368 30.05
4 14 -10.074 -29.461 27.65 -9.918 -29.541 27.699 -9.895 -29.545 28.3 -10.053 -29.462 28.34
4 14 -9.895 -29.573 24.5 -9.737 -29.652 25.14 -9.895 -29.57 25.1 -10.053 -29.491 24.46
4 14 -9.895 -29.566 26.1 -9.716 -29.657 26.75 -9.872 -29.576 26.701 -10.053 -29.485 26.06
4 14 -9.895 -29.506 30.9 -9.737 -29.588 30.86 -9.895 -29.497 31.5 -10.053 -29.415 31.54
4 14 -9.895 -29.53 29.3 -9.737 -29.612 29.26 -9.895 -29.521 29.9 -10.053 -29.438 29.94
4 14 -9.918 -29.541 27.699 -9.758 -29.624 27.669 -9.737 -29.626 28.34 -9.895 -29.545 28.3
4 14 -9.737 -29.655 24.46 -9.604 -29.721 25.25 -9.737 -29.652 25.14 -9.895 -29.573 24.5
4 14 -9.737 -29.648 26.06 -9.588 -29.722 26.868 -9.716 -29.657 26.75 -9.895 -29.566 26.1
4 14 -9.737 -29.588 30.86 -9.603 -29.657 30.75 -9.737 -29.578 31.54 -9.895 -29.497 31.5
4 14 -9.737 -29.612 29.26 -9.604 -29.683 29.15 -9.737 -29.602 29.94 -9.895 -29.521 29.9
4 14 -9.758 -29.624 27.669 -9.62 -29.697 27.567 -9.604 -29.693 28.45 -9.737 -29.626 28.34
4 14 -9.604 -29.725 24.35 -9.512 -29.768 25.41 -9.604 -29.721 25.25 -9.737 -29.655 24.46
4 14 -9.496 -29.769 27.066 -9.588 -29.722 26.868 -9.737 -29.648 26.06 -9.604 -29.718 25.95
4 14 -9.603 -29.657 30.75 -9.511 -29.705 30.59 -9.604 -29.644 31.65 -9.737 -29.578 31.54
4 14 -9.604 -29.683 29.15 -9.512 -29.732 28.99 -9.603 -29.667 30.05 -9.737 -29.602 29.94
3 14 -8.464 -30.334 21 -9.895 -29.578 23.5 -10.053 -29.497 23.54
4 14 -9.62 -29.697 27.567 -9.522 -29.751 27.412 -9.512 -29.738 28.61 -9.604 -29.693 28.45
4 14 -9.512 -29.773 24.19 -9.479 -29.784 25.6 -9.512 -29.768 25.41 -9.604 -29.725 24.35
4 14 -8.938 -30.059 26.987 -9.496 -29.769 27.066 -9.604 -29.718 25.95 -9.512 -29.766 25.79
4 14 -9.511 -29.705 30.59 -9.477 -29.725 30.4 -9.512 -29.69 31.81 -9.604 -29.644 31.65
4 14 -9.512 -29.732 28.99 -9.479 -29.752 28.8 -9.511 -29.711 30.21 -9.603 -29.667 30.05
4 14 -9.512 -29.738 28.61 -9.522 -29.751 27.412 -9.479 -29.775 27.225 -9.479 -29.752 28.8
4 14 -9.479 -29.791 24 -8.98 -30.043 25.6 -9.479 -29.784 25.6 -9.512 -29.773 24.19
4 14 -9.479 -29.784 25.6 -8.98 -30.043 25.6 -8.947 -30.06 25.79 -9.512 -29.766 25.79
4 14 -9.477 -29.725 30.4 -8.98 -29.987 30.4 -9.479 -29.706 32 -9.512 -29.69 31.81
4 14 -9.479 -29.752 28.8 -8.98 -30.01 28.8 -9.477 -29.725 30.4 -9.511 -29.711 30.21
4 14 -8.464 -30.334 21 -8.722 -30.186 23.54 -8.856 -30.116 23.65 -9.737 -29.66 23.54
3 14 -9.737 -29.66 23.54 -9.895 -29.578 23.5 -8.464 -30.334 21
3 14 -8.917 -29.997 32.325 -8.777 -30.036 32.457 -10.469 -29.157 35
3 14 -9.736 -29.564 32.46 -8.917 -29.997 32.325 -10.469 -29.157 35
3 14 -10.469 -29.157 35 -9.895 -29.483 32.5 -9.736 -29.564 32.46
4 14 -8.856 -30.116 23.65 -8.947 -30.068 23.81 -9.604 -29.728 23.65 -9.737 -29.66 23.54
4 14 -9.604 -29.635 32.35 -8.984 -29.963 32.173 -8.917 -29.997 32.325 -9.736 -29.564 32.46
4 14 -8.947 -30.068 23.81 -8.98 -30.05 24 -9.512 -29.775 23.81 -9.604 -29.728 23.65
4 14 -9.512 -29.686 32.19 -8.991 -29.961 31.968 -8.984 -29.963 32.173 -9.604 -29.635 32.35
4 14 -9.479 -29.752 28.8 -9.479 -29.775 27.225 -8.98 -30.035 27.175 -8.98 -30.01 28.8
4 14 -8.98 -30.05 24 -8.947 -30.061 25.41 -8.98 -30.043 25.6 -9.479 -29.791 24
4 14 -8.938 -30.059 26.987 -8.98 -30.035 27.175 -9.479 -29.775 27.225 -9.496 -29.769 27.066
4 14 -8.98 -29.987 30.4 -8.947 -30.002 30.59 -8.991 -29.961 31.968 -9.479 -29.706 32
4 14 -8.98 -30.01 28.8 -8.947 -30.025 28.99 -8.98 -29.987 30.4 -9.477 -29.725 30.4
4 14 -8.98 -30.035 27.175 -8.955 -30.045 27.367 -8.947 -30.03 28.61 -8.98 -30.01 28.8
4 14 -8.947 -30.066 24.19 -8.856 -30.108 25.25 -8.947 -30.061 25.41 -8.98 -30.05 24
4 14 -9.512 -29.766 25.79 -8.947 -30.06 25.79 -8.825 -30.118 26.851 -8.938 -30.059 26.987
4 14 -8.947 -30.002 30.59 -8.856 -30.046 30.75 -8.951 -29.984 31.79 -8.991 -29.961 31.968
4 14 -8.947 -30.025 28.99 -8.856 -30.07 29.15 -8.947 -30.007 30.21 -8.98 -29.987 30.4
4 14 -8.955 -30.045 27.367 -8.865 -30.089 27.525 -8.856 -30.08 28.45 -8.947 -30.03 28.61
4 14 -8.856 -30.113 24.35 -8.722 -30.179 25.14 -8.856 -30.108 25.25 -8.947 -30.066 24.19
4 14 -8.947 -30.06 25.79 -8.856 -30.106 25.95 -8.694 -30.186 26.754 -8.825 -30.118 26.851
4 14 -8.856 -30.046 30.75 -8.722 -30.113 30.86 -8.847 -30.04 31.637 -8.951 -29.984 31.79
4 14 -8.856 -30.07 29.15 -8.722 -30.137 29.26 -8.856 -30.056 30.05 -8.947 -30.007 30.21
4 14 -8.865 -30.089 27.525 -8.74 -30.152 27.641 -8.722 -30.151 28.34 -8.856 -30.08 28.45
4 14 -10.469 -29.157 35 -8.777 -30.036 32.457 -8.602 -30.097 32.505 -6.426 -30.669 35
4 14 -8.722 -30.182 24.46 -8.565 -30.261 25.1 -8.722 -30.179 25.14 -8.856 -30.113 24.35
4 14 -8.722 -30.175 26.06 -8.527 -30.273 26.726 -8.694 -30.186 26.754 -8.856 -30.106 25.95
4 14 -8.722 -30.113 30.86 -8.565 -30.196 30.9 -8.722 -30.107 31.54 -8.847 -30.04 31.637
4 14 -8.722 -30.137 29.26 -8.565 -30.218 29.3 -8.722 -30.127 29.94 -8.856 -30.056 30.05
4 14 -8.74 -30.152 27.641 -8.587 -30.23 27.689 -8.565 -30.233 28.3 -8.722 -30.151 28.34
4 14 -8.565 -30.263 24.5 -8.406 -30.343 25.14 -8.565 -30.261 25.1 -8.722 -30.182 24.46
4 14 -8.565 -30.257 26.1 -8.381 -30.349 26.779 -8.527 -30.273 26.726 -8.722 -30.175 26.06
4 14 -8.565 -30.196 30.9 -8.406 -30.279 30.86 -8.565 -30.19 31.5 -8.722 -30.107 31.54
4 14 -8.565 -30.218 29.3 -8.406 -30.301 29.26 -8.565 -30.209 29.9 -8.722 -30.127 29.94
4 14 -8.587 -30.23 27.689 -8.445 -30.304 27.664 -8.406 -30.314 28.34 -8.565 -30.233 28.3
3 14 -8.464 -30.334 21 -8.406 -30.35 23.54 -8.565 -30.268 23.5
3 14 -8.442 -30.16 32.465 -6.426 -30.669 35 -8.602 -30.097 32.505
4 14 -8.565 -30.19 31.5 -8.406 -30.279 30.86 -8.263 -30.355 30.75 -8.461 -30.244 31.529
4 14 -8.565 -30.209 29.9 -8.406 -30.301 29.26 -8.263 -30.376 29.15 -8.406 -30.29 29.94
4 14 -8.445 -30.304 27.664 -8.297 -30.383 27.57 -8.263 -30.387 28.45 -8.406 -30.314 28.34
3 14 -8.263 -30.421 24.35 -8.155 -30.472 25.41 -8.263 -30.417 25.25
3 14 -8.236 -30.424 26.888 -8.263 -30.414 25.95 -8.155 -30.47 25.79
3 14 -8.236 -30.424 26.888 -8.406 -30.339 26.06 -8.263 -30.414 25.95
4 14 -8.297 -30.383 27.57 -8.179 -30.446 27.424 -8.155 -30.441 28.61 -8.263 -30.387 28.45
4 14 -8.155 -30.477 24.19 -8.116 -30.491 25.6 -8.155 -30.472 25.41 -8.263 -30.421 24.35
4 14 -7.333 -30.892 26.842 -7.441 -30.834 26.994 -8.142 -30.47 27.05 -8.236 -30.424 26.888
4 14 -7.449 -30.837 25.79 -7.184 -30.97 26.74 -8.236 -30.424 26.888 -8.155 -30.47 25.79
4 14 -7.483 -30.785 28.835 -7.435 -30.807 29.022 -8.155 -30.435 28.99 -8.116 -30.458 28.8
4 14 -7.435 -30.807 29.022 -8.155 -30.417 30.21 -8.263 -30.363 30.05 -8.155 -30.435 28.99
4 14 -8.179 -30.446 27.424 -8.118 -30.48 27.243 -8.116 -30.458 28.8 -8.155 -30.441 28.61
4 14 -8.116 -30.498 24 -7.485 -30.819 25.6 -8.116 -30.491 25.6 -8.155 -30.477 24.19
4 14 -7.488 -30.807 27.18 -8.118 -30.48 27.243 -8.142 -30.47 27.05 -7.441 -30.834 26.994
4 14 -7.449 -30.837 25.79 -8.155 -30.47 25.79 -8.116 -30.491 25.6 -7.485 -30.819 25.6
4 14 -7.443 -30.716 30.589 -8.183 -30.321 31.804 -8.298 -30.295 31.634 -7.479 -30.72 30.399
4 14 -8.464 -30.334 21 -7.351 -30.897 23.65 -7.45 -30.845 23.81 -8.263 -30.423 23.65
3 14 -8.301 -30.222 32.374 -7.437 -30.562 32.189 -7.338 -30.584 32.35
4 14 -7.45 -30.845 23.81 -7.485 -30.826 24 -8.155 -30.479 23.81 -8.263 -30.423 23.65
4 14 -8.183 -30.282 32.207 -7.473 -30.567 31.999 -7.437 -30.562 32.189 -8.301 -30.222 32.374
4 14 -8.118 -30.48 27.243 -7.488 -30.807 27.18 -7.483 -30.785 28.835 -8.116 -30.458 28.8
3 14 -6.426 -30.669 35 -7.338 -30.584 32.35 -7.195 -30.627 32.46
4 14 -7.485 -30.826 24 -7.449 -30.839 25.41 -7.485 -30.819 25.6 -8.116 -30.498 24
4 14 -7.438 -30.599 31.809 -8.183 -30.321 31.804 -7.443 -30.716 30.589 -7.344 -30.737 30.75
4 14 -7.438 -30.599 31.809 -7.473 -30.567 31.999 -8.142 -30.317 32.006 -8.183 -30.321 31.804
4 14 -7.327 -30.861 29.174 -8.116 -30.436 30.4 -8.155 -30.417 30.21 -7.435 -30.807 29.022
4 14 -8.298 -30.295 31.634 -8.461 -30.244 31.529 -7.444 -30.752 30.21 -7.479 -30.72 30.399
4 14 -7.488 -30.807 27.18 -7.464 -30.816 27.372 -7.459 -30.8 28.643 -7.483 -30.785 28.835
4 14 -7.45 -30.844 24.19 -7.352 -30.892 25.25 -7.449 -30.839 25.41 -7.485 -30.826 24
4 14 -8.155 -30.413 30.59 -8.116 -30.436 30.4 -7.327 -30.861 29.174 -7.166 -30.944 29.291
4 14 -7.464 -30.816 27.372 -7.376 -30.859 27.54 -7.337 -30.867 28.436 -7.459 -30.8 28.643
4 14 -7.351 -30.894 24.35 -7.209 -30.965 25.14 -7.352 -30.892 25.25 -7.45 -30.844 24.19
3 14 -7.184 -30.97 26.74 -7.333 -30.892 26.842 -8.236 -30.424 26.888
3 14 -7.449 -30.837 25.79 -7.351 -30.887 25.95 -7.184 -30.97 26.74
4 14 -7.344 -30.737 30.75 -7.201 -30.78 30.86 -7.34 -30.651 31.65 -7.438 -30.599 31.809
4 14 -7.347 -30.804 30.05 -7.444 -30.752 30.21 -8.461 -30.244 31.529 -7.166 -30.944 29.291
4 14 -7.376 -30.859 27.54 -7.24 -30.928 27.661 -7.19 -30.944 28.333 -7.337 -30.867 28.436
4 14 -7.209 -30.967 24.46 -7.039 -31.053 25.1 -7.209 -30.965 25.14 -7.351 -30.894 24.35
4 14 -7.208 -30.961 26.06 -7.013 -31.06 26.715 -7.184 -30.97 26.74 -7.351 -30.887 25.95
4 14 -7.201 -30.78 30.86 -7.031 -30.839 30.9 -7.198 -30.715 31.54 -7.34 -30.651 31.65
4 14 -7.166 -30.944 29.291 -7.037 -30.991 29.3 -7.204 -30.868 29.94 -7.347 -30.804 30.05
4 14 -7.24 -30.928 27.661 -7.074 -31.013 27.714 -7.019 -31.033 28.301 -7.19 -30.944 28.333
4 14 -7.039 -31.055 24.5 -6.87 -31.14 25.14 -7.039 -31.053 25.1 -7.209 -30.967 24.46
3 14 -7.013 -31.06 26.715 -7.039 -31.049 26.1 -6.87 -31.137 26.06
3 14 -7.013 -31.06 26.715 -7.208 -30.961 26.06 -7.039 -31.049 26.1
4 14 -7.031 -30.839 30.9 -6.861 -30.906 30.86 -7.029 -30.782 31.5 -7.198 -30.715 31.54
4 14 -7.037 -30.991 29.3 -6.866 -31.058 29.26 -7.035 -30.934 29.9 -7.204 -30.868 29.94
4 14 -7.074 -31.013 27.714 -6.902 -31.102 27.687 -6.851 -31.119 28.349 -7.019 -31.033 28.301
4 14 -6.87 -31.143 24.46 -6.727 -31.214 25.25 -6.87 -31.14 25.14 -7.039 -31.055 24.5
3 14 -7.013 -31.06 26.715 -6.87 -31.137 26.06 -5.557 -31.816 26.51
3 14 -5.557 -31.816 26.51 -6.846 -31.145 26.77 -7.013 -31.06 26.715
4 14 -6.861 -30.906 30.86 -6.719 -30.97 30.75 -6.859 -30.841 31.54 -7.029 -30.782 31.5
4 14 -6.866 -31.058 29.26 -6.725 -31.124 29.15 -6.865 -30.995 29.94 -7.035 -30.934 29.9
4 14 -6.902 -31.102 27.687 -6.753 -31.181 27.589 -6.693 -31.201 28.474 -6.851 -31.119 28.349
4 14 -6.727 -31.218 24.35 -6.629 -31.264 25.41 -6.727 -31.214 25.25 -6.87 -31.143 24.46
3 14 -5.557 -31.816 26.51 -6.71 -31.214 26.891 -6.846 -31.145 26.77
4 14 -6.719 -30.97 30.75 -6.621 -31.022 30.59 -6.715 -30.883 31.65 -6.859 -30.841 31.54
4 14 -6.725 -31.124 29.15 -6.627 -31.175 28.991 -6.721 -31.037 30.05 -6.865 -30.995 29.94
3 14 -6.426 -30.669 35 -7.195 -30.627 32.46 -7.025 -30.686 32.5
3 14 -4.186 -31.31 35 -6.426 -30.669 35 -4.187 -31.572 34.285
3 14 -4.187 -31.572 34.285 -3.357 -31.562 34.885 -3.843 -31.41 35.003
3 14 -3.843 -31.41 35.003 -4.186 -31.31 35 -4.187 -31.572 34.285
4 14 -5.468 -31.267 32.5 -6.426 -30.669 35 -7.025 -30.686 32.5 -5.654 -31.202 32.46
3 14 -7.039 -31.059 23.5 -7.209 -30.971 23.54 -7.405 -30.88 21
4 14 -2.546 -31.974 22.486 -3.421 -31.672 21.107 -2.951 -31.795 21.433 -2.642 -31.901 21.918
4 14 -2.546 -31.974 22.486 -2.568 -32.109 23.973 -6.411 -31.072 21.003 -3.952 -31.558 20.975
3 14 -3.952 -31.558 20.975 -3.421 -31.672 21.107 -2.546 -31.974 22.486
4 14 -5.811 -31.462 23.65 -5.919 -31.459 23.81 -7.405 -30.88 21 -6.411 -31.072 21.003
4 14 -7.351 -30.897 23.65 -8.464 -30.334 21 -7.405 -30.88 21 -7.209 -30.971 23.54
4 14 -6.646 -31.239 27.437 -5.957 -31.6 27.201 -6.693 -31.201 28.474 -6.753 -31.181 27.589
4 14 -6.629 -31.269 24.19 -6.593 -31.282 25.6 -6.629 -31.264 25.41 -6.727 -31.218 24.35
4 14 -5.811 -31.687 25.95 -6.727 -31.211 25.95 -6.629 -31.263 25.79 -5.919 -31.631 25.79
4 14 -6.621 -31.022 30.59 -6.586 -31.054 30.401 -6.617 -30.905 31.81 -6.715 -30.883 31.65
4 14 -6.627 -31.175 28.991 -6.592 -31.207 28.801 -6.623 -31.059 30.21 -6.721 -31.037 30.05
4 14 -5.919 -31.62 27.01 -5.957 -31.6 27.201 -6.646 -31.239 27.437 -6.598 -31.266 27.25
3 14 -5.957 -31.6 27.201 -6.629 -31.212 28.611 -6.693 -31.201 28.474
4 14 -6.593 -31.289 24 -5.958 -31.612 25.6 -6.593 -31.282 25.6 -6.629 -31.269 24.19
4 14 -6.593 -31.282 25.6 -5.958 -31.612 25.6 -5.919 -31.631 25.79 -6.629 -31.263 25.79
4 14 -6.586 -31.054 30.401 -5.958 -31.288 30.4 -6.58 -30.901 32 -6.617 -30.905 31.81
4 14 -6.592 -31.207 28.801 -5.959 -31.445 28.782 -6.586 -31.054 30.401 -6.623 -31.059 30.21
3 14 -6.87 -31.147 23.54 -7.039 -31.059 23.5 -7.405 -30.88 21
4 14 -6.855 -30.753 32.46 -5.811 -31.153 32.35 -5.654 -31.202 32.46 -7.025 -30.686 32.5
3 14 -7.405 -30.88 21 -5.919 -31.459 23.81 -5.958 -31.472 24
3 14 -6.727 -31.221 23.65 -6.87 -31.147 23.54 -7.405 -30.88 21
4 14 -6.713 -30.817 32.35 -5.919 -31.129 32.19 -5.811 -31.153 32.35 -6.855 -30.753 32.46
3 14 -6.629 -31.271 23.81 -6.727 -31.221 23.65 -7.405 -30.88 21
3 14 -7.405 -30.88 21 -5.958 -31.472 24 -5.925 -31.63 25.412
4 14 -6.615 -30.869 32.19 -5.958 -31.133 32 -5.919 -31.129 32.19 -6.713 -30.817 32.35
4 14 -5.959 -31.445 28.782 -6.592 -31.207 28.801 -6.629 -31.212 28.611 -5.957 -31.6 27.201
4 14 -5.958 -31.612 25.6 -6.593 -31.289 24 -6.629 -31.271 23.81 -5.925 -31.63 25.412
4 14 -5.958 -31.288 30.4 -5.919 -31.284 30.59 -5.958 -31.133 32 -6.58 -30.901 32
4 14 -5.959 -31.445 28.782 -5.919 -31.44 28.99 -5.958 -31.288 30.4 -6.586 -31.054 30.401
4 14 -5.957 -31.6 27.201 -5.919 -31.595 27.39 -5.913 -31.48 28.594 -5.959 -31.445 28.782
4 14 -5.919 -31.5 24.19 -5.811 -31.634 25.25 -5.925 -31.63 25.412 -5.958 -31.472 24
4 14 -6.598 -31.266 27.25 -6.622 -31.257 27.058 -5.811 -31.679 26.85 -5.919 -31.62 27.01
4 14 -5.919 -31.284 30.59 -5.811 -31.309 30.75 -5.919 -31.166 31.81 -5.958 -31.133 32
4 14 -5.919 -31.44 28.99 -5.811 -31.465 29.15 -5.919 -31.321 30.21 -5.958 -31.288 30.4
4 14 -5.919 -31.595 27.39 -5.811 -31.62 27.55 -5.8 -31.538 28.438 -5.913 -31.48 28.594
4 14 -5.811 -31.537 24.35 -5.654 -31.651 25.14 -5.811 -31.634 25.25 -5.919 -31.5 24.19
4 14 -6.71 -31.214 26.891 -5.557 -31.816 26.51 -5.811 -31.679 26.85 -6.622 -31.257 27.058
4 14 -6.87 -31.137 26.06 -6.727 -31.211 25.95 -5.811 -31.687 25.95 -5.557 -31.816 26.51
4 14 -5.811 -31.309 30.75 -5.654 -31.357 30.86 -5.811 -31.222 31.65 -5.919 -31.166 31.81
4 14 -5.811 -31.465 29.15 -5.654 -31.513 29.26 -5.811 -31.377 30.05 -5.919 -31.321 30.21
4 14 -5.811 -31.62 27.55 -5.654 -31.668 27.66 -5.639 -31.608 28.334 -5.8 -31.538 28.438
4 14 -5.654 -31.579 24.46 -5.468 -31.682 25.1 -5.654 -31.651 25.14 -5.811 -31.537 24.35
3 14 -5.525 -31.811 26.692 -5.684 -31.748 26.729 -5.557 -31.816 26.51
3 14 -5.469 -31.82 26.7 -5.525 -31.811 26.692 -5.557 -31.816 26.51
3 14 -5.722 -31.733 26.018 -5.654 -31.75 26.06 -5.557 -31.816 26.51
3 14 -5.557 -31.816 26.51 -5.684 -31.748 26.729 -5.811 -31.679 26.85
3 14 -5.811 -31.687 25.95 -5.722 -31.733 26.018 -5.557 -31.816 26.51
4 14 -5.654 -31.357 30.86 -5.468 -31.423 30.9 -5.654 -31.291 31.54 -5.811 -31.222 31.65
4 14 -5.654 -31.513 29.26 -5.468 -31.578 29.3 -5.654 -31.447 29.94 -5.811 -31.377 30.05
4 14 -5.654 -31.668 27.66 -5.459 -31.737 27.698 -5.444 -31.684 28.302 -5.639 -31.608 28.334
4 14 -5.468 -31.618 24.5 -5.282 -31.721 25.14 -5.468 -31.682 25.1 -5.654 -31.579 24.46
3 14 -5.557 -31.816 26.51 -5.654 -31.75 26.06 -5.468 -31.789 26.1
4 14 -5.468 -31.423 30.9 -5.282 -31.496 30.86 -5.468 -31.365 31.5 -5.654 -31.291 31.54
4 14 -5.468 -31.578 29.3 -5.267 -31.658 29.253 -5.468 -31.52 29.9 -5.654 -31.447 29.94
4 14 -5.459 -31.737 27.698 -5.351 -31.78 27.679 -5.23 -31.758 28.364 -5.444 -31.684 28.302
3 14 -5.351 -31.78 27.679 -5.275 -31.795 27.658 -5.23 -31.758 28.364
4 14 -5.282 -31.648 24.46 -5.125 -31.762 25.25 -5.282 -31.721 25.14 -5.468 -31.618 24.5
3 14 -5.39 -31.834 26.715 -5.469 -31.82 26.7 -5.557 -31.816 26.51
3 14 -5.249 -31.854 26.78 -5.39 -31.834 26.715 -5.557 -31.816 26.51
4 14 -5.557 -31.816 26.51 -5.468 -31.789 26.1 -5.282 -31.82 26.06 -2.545 -32.347 26.188
4 14 -5.282 -31.496 30.86 -5.125 -31.566 30.75 -5.282 -31.43 31.54 -5.468 -31.365 31.5
4 14 -5.267 -31.658 29.253 -5.096 -31.734 29.123 -5.282 -31.586 29.94 -5.468 -31.52 29.9
4 14 -5.275 -31.795 27.658 -5.118 -31.831 27.548 -5.125 -31.772 28.45 -5.23 -31.758 28.364
4 14 -5.282 -31.341 32.46 -4.187 -31.572 34.285 -6.426 -30.669 35 -5.468 -31.267 32.5
3 14 -5.468 -31.511 23.5 -5.654 -31.48 23.54 -6.411 -31.072 21.003
3 14 -6.411 -31.072 21.003 -5.654 -31.48 23.54 -5.811 -31.462 23.65
4 14 -5.125 -31.667 24.35 -5.017 -31.8 25.41 -5.125 -31.762 25.25 -5.282 -31.648 24.46
4 14 -5.557 -31.816 26.51 -2.545 -32.347 26.188 -5.107 -31.873 26.873 -5.249 -31.854 26.78
3 14 -5.282 -31.82 26.06 -5.125 -31.837 25.95 -2.545 -32.347 26.188
4 14 -5.125 -31.566 30.75 -5.017 -31.621 30.59 -5.125 -31.478 31.65 -5.282 -31.43 31.54
3 14 -5.096 -31.734 29.123 -5.011 -31.759 28.973 -2.545 -32.134 30.233
3 14 -5.125 -31.634 30.05 -5.282 -31.586 29.94 -5.096 -31.734 29.123
4 14 -5.118 -31.831 27.548 -5.01 -31.861 27.388 -5.017 -31.782 28.61 -5.125 -31.772 28.45
4 14 -5.017 -31.669 24.19 -4.978 -31.827 25.6 -5.017 -31.8 25.41 -5.125 -31.667 24.35
3 14 -2.545 -32.347 26.188 -5.008 -31.882 27.022 -5.107 -31.873 26.873
3 14 -5.125 -31.837 25.95 -5.017 -31.84 25.79 -2.545 -32.347 26.188
3 14 -5.017 -31.621 30.59 -4.978 -31.654 30.4 -4.187 -31.572 34.285
3 14 -5.017 -31.503 31.81 -5.125 -31.478 31.65 -5.017 -31.621 30.59
3 14 -5.011 -31.759 28.973 -4.978 -31.778 28.782 -2.545 -32.134 30.233
4 14 -5.096 -31.734 29.123 -2.562 -31.923 33.515 -2.635 -31.882 33.944 -4.187 -31.572 34.285
3 14 -5.096 -31.734 29.123 -2.545 -32.134 30.233 -2.562 -31.923 33.515
4 14 -5.01 -31.861 27.388 -4.967 -31.878 27.234 -4.978 -31.778 28.782 -5.017 -31.782 28.61
3 14 -2.568 -32.109 23.973 -4.978 -31.656 24 -5.017 -31.628 23.81
3 14 -5.017 -31.669 24.19 -4.978 -31.656 24 -2.568 -32.109 23.973
3 14 -5.017 -31.84 25.79 -4.978 -31.827 25.6 -2.545 -32.347 26.188
3 14 -5.017 -31.658 30.21 -5.125 -31.634 30.05 -5.096 -31.734 29.123
3 14 -4.978 -31.654 30.4 -5.017 -31.658 30.21 -5.096 -31.734 29.123
3 14 -4.187 -31.572 34.285 -4.978 -31.654 30.4 -5.096 -31.734 29.123
4 14 -5.008 -31.882 27.022 -2.545 -32.347 26.188 -2.545 -32.134 30.233 -4.967 -31.878 27.234
3 14 -4.187 -31.572 34.285 -2.635 -31.882 33.944 -2.657 -31.844 34.097
4 14 -2.888 -31.723 34.48 -3.357 -31.562 34.885 -4.187 -31.572 34.285 -2.657 -31.844 34.097
3 14 -2.545 -32.134 30.233 -4.978 -31.778 28.782 -4.967 -31.878 27.234
4 14 -5.017 -31.669 24.19 -2.568 -32.109 23.973 -2.545 -32.347 26.188 -4.978 -31.827 25.6
4 14 -20.184 -7.502 28.8 -20.173 -7.463 28.61 -20.17 -8.142 28.61 -20.182 -8.103 28.8
4 14 -20.17 -8.142 28.61 -20.173 -7.463 28.61 -20.166 -7.385 28.49 -20.16 -8.253 28.45
4 14 -20.167 -7.353 28.45 -20.18 -7.353 27.55 -20.172 -8.253 27.55 -20.166 -7.385 28.49
4 14 -20.178 -8.103 27.2 -20.175 -8.142 27.39 -20.181 -7.463 27.39 -20.183 -7.502 27.2
4 14 -20.143 -10.393 28.34 -20.153 -10.533 27.546 -20.155 -10.649 27.388 -20.143 -10.472 28.339
4 14 -20.155 -10.649 27.388 -20.02 -11.453 27.55 -19.99 -11.612 27.66 -20.143 -10.472 28.339
4 14 -19.968 -11.612 28.34 -20.002 -11.453 28.45 -20.145 -10.485 28.391 -20.143 -10.472 28.339
3 14 -20.145 -10.458 28.373 -20.143 -10.472 28.339 -20.143 -10.393 28.34
3 14 -19.808 -12.604 28.237 -19.891 -12.263 28.61 -19.895 -12.152 28.45
3 14 -19.808 -12.604 28.237 -19.895 -12.152 28.45 -19.91 -11.992 28.34
3 14 -19.808 -12.604 28.237 -19.91 -11.992 28.34 -19.936 -11.802 28.3
3 14 -19.808 -12.604 28.237 -19.936 -11.802 28.3 -20.143 -10.472 28.339
4 14 -20.143 -10.472 28.339 -19.958 -11.802 27.7 -19.93 -11.992 27.66 -19.808 -12.604 28.237
3 14 -19.808 -12.604 28.237 -19.93 -11.992 27.66 -19.909 -12.152 27.55
3 14 -19.808 -12.604 28.237 -19.909 -12.152 27.55 -19.898 -12.263 27.39
3 14 -19.809 -12.898 28.8 -19.808 -12.604 28.237 -19.788 -12.937 28.61
3 14 -19.788 -12.937 28.61 -19.808 -12.604 28.237 -19.758 -13.045 28.45
3 14 -19.758 -13.045 28.45 -19.808 -12.604 28.237 -19.725 -13.202 28.34
3 14 -19.725 -13.202 28.34 -19.808 -12.604 28.237 -19.693 -13.389 28.3
3 14 -19.693 -13.389 28.3 -19.808 -12.604 28.237 -19.562 -14.174 28.163
3 14 -19.693 -13.389 28.3 -19.562 -14.174 28.163 -19.668 -13.575 28.34
3 14 -19.668 -13.575 28.34 -19.562 -14.174 28.163 -19.653 -13.732 28.45
3 14 -19.653 -13.732 28.45 -19.562 -14.174 28.163 -19.65 -13.84 28.61
3 14 -19.647 -13.84 27.39 -19.562 -14.174 28.163 -19.658 -13.732 27.55
3 14 -19.658 -13.732 27.55 -19.562 -14.174 28.163 -19.678 -13.575 27.66
4 14 -19.678 -13.575 27.66 -19.562 -14.174 28.163 -19.808 -12.604 28.237 -19.706 -13.389 27.7
3 14 -19.706 -13.389 27.7 -19.808 -12.604 28.237 -19.737 -13.202 27.66
3 14 -19.737 -13.202 27.66 -19.808 -12.604 28.237 -19.767 -13.045 27.55
3 14 -19.767 -13.045 27.55 -19.808 -12.604 28.237 -19.791 -12.937 27.39
3 14 -19.791 -12.937 27.39 -19.808 -12.604 28.237 -19.805 -12.898 27.2
3 14 -19.569 -14.467 28.8 -19.562 -14.174 28.163 -19.548 -14.507 28.61
3 14 -19.548 -14.507 28.61 -19.562 -14.174 28.163 -19.518 -14.614 28.45
3 14 -19.518 -14.614 28.45 -19.562 -14.174 28.163 -19.485 -14.772 28.34
3 14 -19.485 -14.772 28.34 -19.562 -14.174 28.163 -19.453 -14.958 28.3
3 14 -19.453 -14.958 28.3 -19.562 -14.174 28.163 -19.057 -17.391 28.01
3 14 -19.453 -14.958 28.3 -19.057 -17.391 28.01 -19.428 -15.144 28.34
3 14 -19.428 -15.144 28.34 -19.057 -17.391 28.01 -19.413 -15.301 28.45
3 14 -19.413 -15.301 28.45 -19.057 -17.391 28.01 -19.409 -15.409 28.61
4 14 -19.218 -17.41 30 -19.419 -15.448 28.8 -19.409 -15.409 28.61 -19.057 -17.391 28.01
3 14 -19.398 -15.409 27.39 -19.057 -17.391 28.01 -19.408 -15.301 27.55
3 14 -19.408 -15.301 27.55 -19.057 -17.391 28.01 -19.429 -15.144 27.66
4 14 -19.429 -15.144 27.66 -19.057 -17.391 28.01 -19.562 -14.174 28.163 -19.456 -14.958 27.7
3 14 -19.456 -14.958 27.7 -19.562 -14.174 28.163 -19.488 -14.772 27.66
3 14 -19.488 -14.772 27.66 -19.562 -14.174 28.163 -19.517 -14.614 27.55
3 14 -19.517 -14.614 27.55 -19.562 -14.174 28.163 -19.541 -14.507 27.39
3 14 -19.541 -14.507 27.39 -19.562 -14.174 28.163 -19.556 -14.467 27.2
4 15 -8.445 -30.304 27.664 -8.587 -30.23 27.689 -8.74 -30.152 27.641 -8.297 -30.383 27.57
4 15 -8.938 -30.059 26.987 -8.825 -30.118 26.851 -8.381 -30.349 26.779 -8.236 -30.424 26.888
4 15 -8.777 -30.036 32.457 -8.461 -30.244 31.529 -8.442 -30.16 32.465 -8.602 -30.097 32.505
4 15 -8.263 -30.363 30.05 -8.406 -30.279 30.86 -8.565 -30.196 30.9 -8.406 -30.29 29.94
3 15 -8.406 -30.314 28.34 -8.406 -30.301 29.26 -8.565 -30.218 29.3
4 15 -8.565 -30.261 25.1 -8.406 -30.343 25.14 -8.263 -30.414 25.95 -8.406 -30.339 26.06
3 15 -18.654 -19.955 27.888 -18.424 -20.458 31.479 -18.962 -18.881 31.5
4 15 -18.986 -18.322 24.61 -18.874 -18.881 24.5 -18.677 -19.864 24.515 -18.654 -19.955 27.888
4 15 -19.248 -17.518 30.57 -18.654 -19.955 27.888 -19.205 -18.178 31.274 -19.239 -17.841 31.06
4 15 -18.962 -18.881 31.5 -19.154 -18.322 31.39 -19.205 -18.178 31.274 -18.654 -19.955 27.888
4 15 -18.986 -18.322 24.61 -18.654 -19.955 27.888 -19.149 -17.502 25.446 -19.082 -17.841 24.94
4 15 -19.057 -17.391 28.01 -18.654 -19.955 27.888 -19.248 -17.518 30.57 -19.218 -17.41 30
4 15 -19.149 -17.502 25.446 -18.654 -19.955 27.888 -19.057 -17.391 28.01 -19.139 -17.41 26
4 15 -19.533 -15.409 24.19 -19.543 -15.301 24.35 -19.55 -15.409 23.81 -19.535 -15.448 24
4 15 -19.465 -15.409 25.79 -19.476 -15.301 25.95 -19.481 -15.409 25.41 -19.467 -15.448 25.6
4 15 -19.398 -15.409 27.39 -19.408 -15.301 27.55 -19.414 -15.409 27.01 -19.4 -15.448 27.2
4 15 -19.704 -15.409 32.19 -19.676 -15.301 31.65 -19.673 -15.409 31.81 -19.683 -15.448 32
4 15 -19.573 -15.409 30.59 -19.545 -15.301 30.05 -19.541 -15.409 30.21 -19.551 -15.448 30.4
4 15 -19.441 -15.409 28.99 -19.413 -15.301 28.45 -19.409 -15.409 28.61 -19.419 -15.448 28.8
4 15 -19.543 -15.301 24.35 -19.564 -15.144 24.46 -19.574 -15.301 23.65 -19.55 -15.409 23.81
4 15 -19.476 -15.301 25.95 -19.496 -15.144 26.06 -19.505 -15.301 25.25 -19.481 -15.409 25.41
4 15 -19.408 -15.301 27.55 -19.429 -15.144 27.66 -19.438 -15.301 26.85 -19.414 -15.409 27.01
4 15 -19.734 -15.301 32.35 -19.691 -15.144 31.54 -19.676 -15.301 31.65 -19.704 -15.409 32.19
4 15 -19.602 -15.301 30.75 -19.56 -15.144 29.94 -19.545 -15.301 30.05 -19.573 -15.409 30.59
4 15 -19.47 -15.301 29.15 -19.428 -15.144 28.34 -19.413 -15.301 28.45 -19.441 -15.409 28.99
4 15 -19.564 -15.144 24.46 -19.592 -14.958 24.5 -19.604 -15.144 23.54 -19.574 -15.301 23.65
4 15 -19.496 -15.144 26.06 -19.524 -14.958 26.1 -19.535 -15.144 25.14 -19.505 -15.301 25.25
4 15 -19.429 -15.144 27.66 -19.456 -14.958 27.7 -19.467 -15.144 26.74 -19.438 -15.301 26.85
4 15 -19.767 -15.144 32.46 -19.717 -14.958 31.5 -19.691 -15.144 31.54 -19.734 -15.301 32.35
4 15 -19.635 -15.144 30.86 -19.585 -14.958 29.9 -19.56 -15.144 29.94 -19.602 -15.301 30.75
4 15 -19.503 -15.144 29.26 -19.453 -14.958 28.3 -19.428 -15.144 28.34 -19.47 -15.301 29.15
4 15 -19.592 -14.958 24.5 -19.623 -14.772 24.46 -19.635 -14.958 23.5 -19.604 -15.144 23.54
4 15 -19.524 -14.958 26.1 -19.555 -14.772 26.06 -19.566 -14.958 25.1 -19.535 -15.144 25.14
4 15 -19.456 -14.958 27.7 -19.488 -14.772 27.66 -19.499 -14.958 26.7 -19.467 -15.144 26.74
4 15 -19.799 -14.958 32.5 -19.748 -14.772 31.54 -19.717 -14.958 31.5 -19.767 -15.144 32.46
4 15 -19.667 -14.958 30.9 -19.616 -14.772 29.94 -19.585 -14.958 29.9 -19.635 -15.144 30.86
4 15 -19.535 -14.958 29.3 -19.485 -14.772 28.34 -19.453 -14.958 28.3 -19.503 -15.144 29.26
4 15 -19.623 -14.772 24.46 -19.653 -14.614 24.35 -19.662 -14.772 23.54 -19.635 -14.958 23.5
4 15 -19.555 -14.772 26.06 -19.584 -14.614 25.95 -19.594 -14.772 25.14 -19.566 -14.958 25.1
4 15 -19.488 -14.772 27.66 -19.517 -14.614 27.55 -19.527 -14.772 26.74 -19.499 -14.958 26.7
4 15 -19.824 -14.772 32.46 -19.782 -14.614 31.65 -19.748 -14.772 31.54 -19.799 -14.958 32.5
4 15 -19.692 -14.772 30.86 -19.65 -14.614 30.05 -19.616 -14.772 29.94 -19.667 -14.958 30.9
4 15 -19.56 -14.772 29.26 -19.518 -14.614 28.45 -19.485 -14.772 28.34 -19.535 -14.958 29.3
4 15 -19.653 -14.614 24.35 -19.676 -14.507 24.19 -19.682 -14.614 23.65 -19.662 -14.772 23.54
4 15 -19.584 -14.614 25.95 -19.609 -14.507 25.79 -19.615 -14.614 25.25 -19.594 -14.772 25.14
4 15 -19.517 -14.614 27.55 -19.541 -14.507 27.39 -19.546 -14.614 26.85 -19.527 -14.772 26.74
4 15 -19.839 -14.614 32.35 -19.811 -14.507 31.81 -19.782 -14.614 31.65 -19.824 -14.772 32.46
4 15 -19.707 -14.614 30.75 -19.679 -14.507 30.21 -19.65 -14.614 30.05 -19.692 -14.772 30.86
4 15 -19.576 -14.614 29.15 -19.548 -14.507 28.61 -19.518 -14.614 28.45 -19.56 -14.772 29.26
4 15 -19.676 -14.507 24.19 -19.691 -14.467 24 -19.693 -14.507 23.81 -19.682 -14.614 23.65
4 15 -19.609 -14.507 25.79 -19.623 -14.467 25.6 -19.625 -14.507 25.41 -19.615 -14.614 25.25
4 15 -19.541 -14.507 27.39 -19.556 -14.467 27.2 -19.557 -14.507 27.01 -19.546 -14.614 26.85
4 15 -19.843 -14.507 32.19 -19.833 -14.467 32 -19.811 -14.507 31.81 -19.839 -14.614 32.35
4 15 -19.711 -14.507 30.59 -19.701 -14.467 30.4 -19.679 -14.507 30.21 -19.707 -14.614 30.75
4 15 -19.579 -14.507 28.99 -19.569 -14.467 28.8 -19.548 -14.507 28.61 -19.576 -14.614 29.15
4 15 -19.783 -13.84 24.19 -19.794 -13.732 24.35 -19.799 -13.84 23.81 -19.784 -13.879 24
4 15 -19.715 -13.84 25.79 -19.725 -13.732 25.95 -19.731 -13.84 25.41 -19.717 -13.879 25.6
4 15 -19.647 -13.84 27.39 -19.658 -13.732 27.55 -19.663 -13.84 27.01 -19.649 -13.879 27.2
4 15 -19.945 -13.84 32.19 -19.917 -13.732 31.65 -19.913 -13.84 31.81 -19.923 -13.879 32
4 15 -19.813 -13.84 30.59 -19.785 -13.732 30.05 -19.781 -13.84 30.21 -19.791 -13.879 30.4
4 15 -19.68 -13.84 28.99 -19.653 -13.732 28.45 -19.65 -13.84 28.61 -19.659 -13.879 28.8
4 15 -19.794 -13.732 24.35 -19.813 -13.575 24.46 -19.822 -13.732 23.65 -19.799 -13.84 23.81
4 15 -19.725 -13.732 25.95 -19.746 -13.575 26.06 -19.757 -13.732 25.25 -19.731 -13.84 25.41
4 15 -19.658 -13.732 27.55 -19.678 -13.575 27.66 -19.687 -13.732 26.85 -19.663 -13.84 27.01
4 15 -19.974 -13.732 32.35 -19.932 -13.575 31.54 -19.917 -13.732 31.65 -19.945 -13.84 32.19
4 15 -19.842 -13.732 30.75 -19.8 -13.575 29.94 -19.785 -13.732 30.05 -19.813 -13.84 30.59
4 15 -19.71 -13.732 29.15 -19.668 -13.575 28.34 -19.653 -13.732 28.45 -19.68 -13.84 28.99
4 15 -19.813 -13.575 24.46 -19.841 -13.389 24.5 -19.852 -13.575 23.54 -19.822 -13.732 23.65
4 15 -19.746 -13.575 26.06 -19.774 -13.389 26.1 -19.786 -13.575 25.14 -19.757 -13.732 25.25
4 15 -19.678 -13.575 27.66 -19.706 -13.389 27.7 -19.717 -13.575 26.74 -19.687 -13.732 26.85
4 15 -20.006 -13.575 32.46 -19.957 -13.389 31.5 -19.932 -13.575 31.54 -19.974 -13.732 32.35
4 15 -19.876 -13.575 30.86 -19.825 -13.389 29.9 -19.8 -13.575 29.94 -19.842 -13.732 30.75
4 15 -19.744 -13.575 29.26 -19.693 -13.389 28.3 -19.668 -13.575 28.34 -19.71 -13.732 29.15
4 15 -19.841 -13.389 24.5 -19.871 -13.202 24.46 -19.884 -13.389 23.5 -19.852 -13.575 23.54
4 15 -19.774 -13.389 26.1 -19.805 -13.202 26.06 -19.816 -13.389 25.1 -19.786 -13.575 25.14
4 15 -19.706 -13.389 27.7 -19.737 -13.202 27.66 -19.748 -13.389 26.7 -19.717 -13.575 26.74
4 15 -20.038 -13.389 32.5 -19.989 -13.202 31.54 -19.957 -13.389 31.5 -20.006 -13.575 32.46
4 15 -19.907 -13.389 30.9 -19.857 -13.202 29.94 -19.825 -13.389 29.9 -19.876 -13.575 30.86
4 15 -19.775 -13.389 29.3 -19.725 -13.202 28.34 -19.693 -13.389 28.3 -19.744 -13.575 29.26
4 15 -19.871 -13.202 24.46 -19.9 -13.045 24.35 -19.911 -13.202 23.54 -19.884 -13.389 23.5
4 15 -19.805 -13.202 26.06 -19.834 -13.045 25.95 -19.844 -13.202 25.14 -19.816 -13.389 25.1
4 15 -19.737 -13.202 27.66 -19.767 -13.045 27.55 -19.776 -13.202 26.74 -19.748 -13.389 26.7
4 15 -20.063 -13.202 32.46 -20.022 -13.045 31.65 -19.989 -13.202 31.54 -20.038 -13.389 32.5
4 15 -19.933 -13.202 30.86 -19.89 -13.045 30.05 -19.857 -13.202 29.94 -19.907 -13.389 30.9
4 15 -19.801 -13.202 29.26 -19.758 -13.045 28.45 -19.725 -13.202 28.34 -19.775 -13.389 29.3
4 15 -19.9 -13.045 24.35 -19.926 -12.937 24.19 -19.932 -13.045 23.65 -19.911 -13.202 23.54
4 15 -19.834 -13.045 25.95 -19.858 -12.937 25.79 -19.863 -13.045 25.25 -19.844 -13.202 25.14
4 15 -19.767 -13.045 27.55 -19.791 -12.937 27.39 -19.796 -13.045 26.85 -19.776 -13.202 26.74
4 15 -20.077 -13.045 32.35 -20.05 -12.937 31.81 -20.022 -13.045 31.65 -20.063 -13.202 32.46
4 15 -19.948 -13.045 30.75 -19.92 -12.937 30.21 -19.89 -13.045 30.05 -19.933 -13.202 30.86
4 15 -19.816 -13.045 29.15 -19.788 -12.937 28.61 -19.758 -13.045 28.45 -19.801 -13.202 29.26
4 15 -19.926 -12.937 24.19 -19.94 -12.898 24 -19.942 -12.937 23.81 -19.932 -13.045 23.65
4 15 -19.858 -12.937 25.79 -19.873 -12.898 25.6 -19.874 -12.937 25.41 -19.863 -13.045 25.25
4 15 -19.791 -12.937 27.39 -19.805 -12.898 27.2 -19.807 -12.937 27.01 -19.796 -13.045 26.85
4 15 -20.081 -12.937 32.19 -20.071 -12.898 32 -20.05 -12.937 31.81 -20.077 -13.045 32.35
4 15 -19.951 -12.937 30.59 -19.941 -12.898 30.4 -19.92 -12.937 30.21 -19.948 -13.045 30.75
4 15 -19.819 -12.937 28.99 -19.809 -12.898 28.8 -19.788 -12.937 28.61 -19.816 -13.045 29.15
4 15 -20.033 -12.263 24.19 -20.044 -12.152 24.35 -20.049 -12.263 23.81 -20.035 -12.303 24
4 15 -19.966 -12.263 25.79 -19.977 -12.152 25.95 -19.982 -12.263 25.41 -19.967 -12.303 25.6
4 15 -19.898 -12.263 27.39 -19.909 -12.152 27.55 -19.914 -12.263 27.01 -19.9 -12.303 27.2
4 15 -20.182 -12.263 32.19 -20.156 -12.152 31.65 -20.152 -12.263 31.81 -20.161 -12.303 32
4 15 -20.054 -12.263 30.59 -20.027 -12.152 30.05 -20.023 -12.263 30.21 -20.032 -12.303 30.4
4 15 -19.922 -12.263 28.99 -19.895 -12.152 28.45 -19.891 -12.263 28.61 -19.9 -12.303 28.8
4 15 -20.044 -12.152 24.35 -20.065 -11.992 24.46 -20.074 -12.152 23.65 -20.049 -12.263 23.81
4 15 -19.977 -12.152 25.95 -19.997 -11.992 26.06 -20.006 -12.152 25.25 -19.982 -12.263 25.41
4 15 -19.909 -12.152 27.55 -19.93 -11.992 27.66 -19.94 -12.152 26.85 -19.914 -12.263 27.01
4 15 -20.212 -12.152 32.35 -20.171 -11.992 31.54 -20.156 -12.152 31.65 -20.182 -12.263 32.19
4 15 -20.084 -12.152 30.75 -20.042 -11.992 29.94 -20.027 -12.152 30.05 -20.054 -12.263 30.59
4 15 -19.953 -12.152 29.15 -19.91 -11.992 28.34 -19.895 -12.152 28.45 -19.922 -12.263 28.99
4 15 -20.065 -11.992 24.46 -20.093 -11.802 24.5 -20.104 -11.992 23.54 -20.074 -12.152 23.65
4 15 -19.997 -11.992 26.06 -20.026 -11.802 26.1 -20.036 -11.992 25.14 -20.006 -12.152 25.25
4 15 -19.93 -11.992 27.66 -19.958 -11.802 27.7 -19.968 -11.992 26.74 -19.94 -12.152 26.85
4 15 -20.245 -11.992 32.46 -20.196 -11.802 31.5 -20.171 -11.992 31.54 -20.212 -12.152 32.35
4 15 -20.116 -11.992 30.86 -20.068 -11.802 29.9 -20.042 -11.992 29.94 -20.084 -12.152 30.75
4 15 -19.986 -11.992 29.26 -19.936 -11.802 28.3 -19.91 -11.992 28.34 -19.953 -12.152 29.15
4 15 -20.093 -11.802 24.5 -20.125 -11.612 24.46 -20.136 -11.802 23.5 -20.104 -11.992 23.54
4 15 -20.026 -11.802 26.1 -20.058 -11.612 26.06 -20.068 -11.802 25.1 -20.036 -11.992 25.14
4 15 -19.958 -11.802 27.7 -19.99 -11.612 27.66 -20 -11.802 26.7 -19.968 -11.992 26.74
4 15 -20.277 -11.802 32.5 -20.228 -11.612 31.54 -20.196 -11.802 31.5 -20.245 -11.992 32.46
4 15 -20.148 -11.802 30.9 -20.1 -11.612 29.94 -20.068 -11.802 29.9 -20.116 -11.992 30.86
4 15 -20.018 -11.802 29.3 -19.968 -11.612 28.34 -19.936 -11.802 28.3 -19.986 -11.992 29.26
4 15 -20.125 -11.612 24.46 -20.156 -11.453 24.35 -20.164 -11.612 23.54 -20.136 -11.802 23.5
4 15 -20.058 -11.612 26.06 -20.087 -11.453 25.95 -20.096 -11.612 25.14 -20.068 -11.802 25.1
4 15 -19.99 -11.612 27.66 -20.02 -11.453 27.55 -20.029 -11.612 26.74 -20 -11.802 26.7
4 15 -20.302 -11.612 32.46 -20.261 -11.453 31.65 -20.228 -11.612 31.54 -20.277 -11.802 32.5
4 15 -20.174 -11.612 30.86 -20.132 -11.453 30.05 -20.1 -11.612 29.94 -20.148 -11.802 30.9
4 15 -20.044 -11.612 29.26 -20.002 -11.453 28.45 -19.968 -11.612 28.34 -20.018 -11.802 29.3
4 15 -20.156 -11.453 24.35 -20.179 -11.343 24.19 -20.185 -11.453 23.65 -20.164 -11.612 23.54
4 15 -20.087 -11.453 25.95 -20.112 -11.343 25.79 -20.117 -11.453 25.25 -20.096 -11.612 25.14
4 15 -20.02 -11.453 27.55 -20.044 -11.343 27.39 -20.049 -11.453 26.85 -20.029 -11.612 26.74
4 15 -20.314 -11.473 32.345 -20.291 -11.339 31.811 -20.261 -11.453 31.65 -20.302 -11.612 32.46
4 15 -20.189 -11.453 30.75 -20.162 -11.343 30.21 -20.132 -11.453 30.05 -20.174 -11.612 30.86
4 15 -20.059 -11.453 29.15 -20.032 -11.343 28.61 -20.002 -11.453 28.45 -20.044 -11.612 29.26
4 15 -20.179 -11.343 24.19 -20.198 -11.28 23.996 -20.2 -11.315 23.805 -20.185 -11.453 23.65
4 15 -20.112 -11.343 25.79 -20.126 -11.302 25.6 -20.128 -11.343 25.41 -20.117 -11.453 25.25
4 15 -20.044 -11.343 27.39 -20.059 -11.302 27.2 -20.06 -11.343 27.01 -20.049 -11.453 26.85
4 15 -20.31 -11.343 32.19 -20.302 -11.302 32 -20.291 -11.339 31.811 -20.314 -11.473 32.345
4 15 -20.192 -11.343 30.59 -20.183 -11.302 30.4 -20.162 -11.343 30.21 -20.189 -11.453 30.75
4 15 -20.063 -11.343 28.99 -20.054 -11.302 28.8 -20.032 -11.343 28.61 -20.059 -11.453 29.15
4 15 -20.2 -10.662 24.19 -20.199 -10.553 24.35 -20.205 -10.662 23.81 -20.202 -10.703 24
4 15 -20.177 -10.662 25.79 -20.176 -10.553 25.95 -20.183 -10.662 25.41 -20.18 -10.703 25.6
4 15 -20.155 -10.649 27.388 -20.153 -10.533 27.546 -20.16 -10.643 27.006 -20.157 -10.685 27.197
4 15 -20.332 -10.662 32.19 -20.308 -10.553 31.65 -20.312 -10.662 31.81 -20.32 -10.703 32
4 15 -20.251 -10.662 30.59 -20.227 -10.553 30.05 -20.232 -10.662 30.21 -20.241 -10.703 30.4
4 15 -20.145 -10.703 28.8 -20.172 -10.641 29.016 -20.139 -10.553 28.45 -20.136 -10.662 28.61
4 15 -20.199 -10.553 24.35 -20.198 -10.393 24.46 -20.209 -10.553 23.65 -20.205 -10.662 23.81
4 15 -20.176 -10.553 25.95 -20.176 -10.393 26.06 -20.186 -10.553 25.25 -20.183 -10.662 25.41
4 15 -20.153 -10.533 27.546 -20.153 -10.393 27.66 -20.162 -10.553 26.85 -20.16 -10.643 27.006
4 15 -20.343 -10.553 32.35 -20.307 -10.393 31.54 -20.308 -10.553 31.65 -20.332 -10.662 32.19
4 15 -20.262 -10.553 30.75 -20.227 -10.393 29.94 -20.227 -10.553 30.05 -20.251 -10.662 30.59
4 15 -20.189 -10.393 29.26 -20.145 -10.485 28.391 -20.172 -10.641 29.016 -20.18 -10.553 29.15
4 15 -20.198 -10.393 24.46 -20.199 -10.203 24.5 -20.212 -10.393 23.54 -20.209 -10.553 23.65
4 15 -20.176 -10.393 26.06 -20.177 -10.203 26.1 -20.189 -10.393 25.14 -20.186 -10.553 25.25
4 15 -20.153 -10.393 27.66 -20.154 -10.203 27.7 -20.166 -10.393 26.74 -20.162 -10.553 26.85
4 15 -20.354 -10.393 32.46 -20.311 -10.203 31.5 -20.307 -10.393 31.54 -20.343 -10.553 32.35
4 15 -20.273 -10.393 30.86 -20.23 -10.203 29.9 -20.227 -10.393 29.94 -20.262 -10.553 30.75
3 15 -20.145 -10.485 28.391 -20.139 -10.553 28.45 -20.172 -10.641 29.016
4 15 -20.202 -10.087 29.271 -20.145 -10.458 28.373 -20.145 -10.485 28.391 -20.2 -10.203 29.3
3 15 -20.189 -10.393 29.26 -20.2 -10.203 29.3 -20.145 -10.485 28.391
4 15 -20.199 -10.203 24.5 -20.202 -10.013 24.46 -20.214 -10.203 23.5 -20.212 -10.393 23.54
4 15 -20.177 -10.203 26.1 -20.179 -10.013 26.06 -20.191 -10.203 25.1 -20.189 -10.393 25.14
4 15 -20.154 -10.203 27.7 -20.156 -10.013 27.66 -20.168 -10.203 26.7 -20.166 -10.393 26.74
4 15 -20.362 -10.203 32.5 -20.319 -10.013 31.54 -20.311 -10.203 31.5 -20.354 -10.393 32.46
4 15 -20.281 -10.203 30.9 -20.238 -10.013 29.94 -20.23 -10.203 29.9 -20.273 -10.393 30.86
4 15 -20.145 -10.203 28.3 -20.143 -10.393 28.34 -20.146 -9.976 28.363 -20.146 -10.013 28.34
4 15 -20.195 -9.852 29.15 -20.152 -9.852 28.45 -20.145 -10.458 28.373 -20.201 -10.013 29.26
4 15 -20.143 -10.393 28.34 -20.145 -10.458 28.373 -20.152 -9.852 28.45 -20.146 -9.976 28.363
3 15 -20.145 -10.458 28.373 -20.202 -10.087 29.271 -20.201 -10.013 29.26
4 15 -20.202 -10.013 24.46 -20.204 -9.852 24.35 -20.215 -10.013 23.54 -20.214 -10.203 23.5
4 15 -20.179 -10.013 26.06 -20.183 -9.852 25.95 -20.192 -10.013 25.14 -20.191 -10.203 25.1
4 15 -20.156 -10.013 27.66 -20.159 -9.852 27.55 -20.169 -10.013 26.74 -20.168 -10.203 26.7
4 15 -20.365 -10.013 32.46 -20.329 -9.852 31.65 -20.319 -10.013 31.54 -20.362 -10.203 32.5
4 15 -20.284 -10.013 30.86 -20.248 -9.852 30.05 -20.238 -10.013 29.94 -20.281 -10.203 30.9
4 15 -20.204 -9.852 24.35 -20.208 -9.743 24.19 -20.214 -9.852 23.65 -20.215 -10.013 23.54
4 15 -20.183 -9.852 25.95 -20.185 -9.743 25.79 -20.192 -9.852 25.25 -20.192 -10.013 25.14
4 15 -20.159 -9.852 27.55 -20.162 -9.743 27.39 -20.169 -9.852 26.85 -20.169 -10.013 26.74
4 15 -20.365 -9.852 32.35 -20.341 -9.743 31.81 -20.329 -9.852 31.65 -20.365 -10.013 32.46
4 15 -20.284 -9.852 30.75 -20.26 -9.743 30.21 -20.248 -9.852 30.05 -20.284 -10.013 30.86
4 15 -20.208 -9.743 24.19 -20.211 -9.703 24 -20.213 -9.743 23.81 -20.214 -9.852 23.65
4 15 -20.185 -9.743 25.79 -20.188 -9.703 25.6 -20.19 -9.743 25.41 -20.192 -9.852 25.25
4 15 -20.162 -9.743 27.39 -20.165 -9.703 27.2 -20.168 -9.743 27.01 -20.169 -9.852 26.85
4 15 -20.36 -9.743 32.19 -20.352 -9.703 32 -20.341 -9.743 31.81 -20.365 -9.852 32.35
4 15 -20.279 -9.743 30.59 -20.271 -9.703 30.4 -20.26 -9.743 30.21 -20.284 -9.852 30.75
3 15 -20.186 -9.743 28.99 -20.174 -9.703 28.8 -20.163 -9.743 28.61
4 15 -20.152 -9.852 28.45 -20.195 -9.852 29.15 -20.186 -9.743 28.99 -20.163 -9.743 28.61
4 15 -20.213 -9.063 24.19 -20.211 -8.952 24.35 -20.218 -9.063 23.81 -20.216 -9.103 24
4 15 -20.19 -9.063 25.79 -20.189 -8.952 25.95 -20.196 -9.063 25.41 -20.193 -9.103 25.6
4 15 -20.168 -9.063 27.39 -20.166 -8.952 27.55 -20.173 -9.063 27.01 -20.17 -9.103 27.2
4 15 -20.404 -8.772 32.452 -20.362 -9.041 31.801 -20.371 -9.093 32.001 -20.381 -9.052 32.181
4 15 -20.288 -9.063 30.59 -20.255 -8.952 30.05 -20.264 -9.063 30.21 -20.276 -9.103 30.4
4 15 -20.189 -9.063 28.99 -20.154 -8.914 28.415 -20.164 -9.052 28.588 -20.176 -9.102 28.775
4 15 -20.211 -8.952 24.35 -20.212 -8.793 24.46 -20.221 -8.952 23.65 -20.218 -9.063 23.81
4 15 -20.189 -8.952 25.95 -20.189 -8.793 26.06 -20.198 -8.952 25.25 -20.196 -9.063 25.41
4 15 -20.166 -8.952 27.55 -20.166 -8.793 27.66 -20.175 -8.952 26.85 -20.173 -9.063 27.01
4 15 -20.347 -8.793 31.54 -20.353 -8.952 31.65 -20.362 -9.041 31.801 -20.404 -8.772 32.452
3 15 -20.381 -9.052 32.181 -20.39 -8.952 32.34 -20.404 -8.772 32.452
4 15 -20.298 -8.952 30.75 -20.249 -8.793 29.94 -20.255 -8.952 30.05 -20.288 -9.063 30.59
4 15 -20.189 -9.063 28.99 -20.199 -8.952 29.15 -20.207 -8.793 29.26 -20.154 -8.914 28.415
4 15 -20.212 -8.793 24.46 -20.213 -8.603 24.5 -20.222 -8.793 23.54 -20.221 -8.952 23.65
4 15 -20.189 -8.793 26.06 -20.19 -8.603 26.1 -20.202 -8.793 25.14 -20.198 -8.952 25.25
4 15 -20.166 -8.793 27.66 -20.167 -8.603 27.7 -20.179 -8.793 26.74 -20.175 -8.952 26.85
3 15 -20.404 -8.772 32.452 -20.346 -8.603 31.5 -20.347 -8.793 31.54
4 15 -20.306 -8.793 30.86 -20.247 -8.603 29.9 -20.249 -8.793 29.94 -20.298 -8.952 30.75
3 15 -20.159 -8.603 28.3 -20.156 -8.793 28.34 -20.154 -8.914 28.415
4 15 -20.16 -8.253 28.45 -20.154 -8.914 28.415 -20.207 -8.793 29.26 -20.21 -8.603 29.3
4 15 -20.213 -8.603 24.5 -20.215 -8.413 24.46 -20.222 -8.603 23.5 -20.222 -8.793 23.54
4 15 -20.19 -8.603 26.1 -20.192 -8.413 26.06 -20.204 -8.603 25.1 -20.202 -8.793 25.14
4 15 -20.167 -8.603 27.7 -20.169 -8.413 27.66 -20.181 -8.603 26.7 -20.179 -8.793 26.74
4 15 -20.407 -8.603 32.5 -20.349 -8.413 31.54 -20.346 -8.603 31.5 -20.404 -8.772 32.452
4 15 -20.309 -8.603 30.9 -20.251 -8.413 29.94 -20.247 -8.603 29.9 -20.306 -8.793 30.86
4 15 -20.215 -8.413 24.46 -20.217 -8.253 24.35 -20.222 -8.413 23.54 -20.222 -8.603 23.5
4 15 -20.192 -8.413 26.06 -20.196 -8.253 25.95 -20.205 -8.413 25.14 -20.204 -8.603 25.1
4 15 -20.169 -8.413 27.66 -20.172 -8.253 27.55 -20.182 -8.413 26.74 -20.181 -8.603 26.7
4 15 -20.406 -8.413 32.46 -20.358 -8.253 31.65 -20.349 -8.413 31.54 -20.407 -8.603 32.5
4 15 -20.307 -8.413 30.86 -20.256 -8.253 30.05 -20.251 -8.413 29.94 -20.309 -8.603 30.9
4 15 -20.159 -8.603 28.3 -20.154 -8.914 28.415 -20.16 -8.253 28.45 -20.16 -8.413 28.34
3 15 -20.21 -8.603 29.3 -20.209 -8.413 29.26 -20.16 -8.253 28.45
4 15 -20.217 -8.253 24.35 -20.218 -8.142 24.19 -20.222 -8.253 23.65 -20.222 -8.413 23.54
4 15 -20.196 -8.253 25.95 -20.198 -8.142 25.79 -20.205 -8.253 25.25 -20.205 -8.413 25.14
4 15 -20.172 -8.253 27.55 -20.175 -8.142 27.39 -20.182 -8.253 26.85 -20.182 -8.413 26.74
4 15 -20.4 -8.253 32.35 -20.367 -8.142 31.81 -20.358 -8.253 31.65 -20.406 -8.413 32.46
4 15 -20.301 -8.253 30.75 -20.268 -8.142 30.21 -20.256 -8.253 30.05 -20.307 -8.413 30.86
4 15 -20.203 -8.253 29.15 -20.17 -8.142 28.61 -20.16 -8.253 28.45 -20.209 -8.413 29.26
4 15 -20.218 -8.142 24.19 -20.219 -8.103 24 -20.221 -8.142 23.81 -20.222 -8.253 23.65
4 15 -20.198 -8.142 25.79 -20.201 -8.103 25.6 -20.204 -8.142 25.41 -20.205 -8.253 25.25
4 15 -20.175 -8.142 27.39 -20.178 -8.103 27.2 -20.181 -8.142 27.01 -20.182 -8.253 26.85
4 15 -20.39 -8.142 32.19 -20.379 -8.103 32 -20.367 -8.142 31.81 -20.4 -8.253 32.35
4 15 -20.292 -8.142 30.59 -20.28 -8.103 30.4 -20.268 -8.142 30.21 -20.301 -8.253 30.75
4 15 -20.193 -8.142 28.99 -20.182 -8.103 28.8 -20.17 -8.142 28.61 -20.203 -8.253 29.15
4 15 -20.219 -7.463 24.19 -20.218 -7.353 24.35 -20.221 -7.463 23.81 -20.22 -7.502 24
4 15 -20.204 -7.463 25.79 -20.202 -7.353 25.95 -20.209 -7.463 25.41 -20.206 -7.502 25.6
4 15 -20.181 -7.463 27.39 -20.18 -7.353 27.55 -20.186 -7.463 27.01 -20.183 -7.502 27.2
4 15 -20.394 -7.463 32.19 -20.361 -7.353 31.65 -20.37 -7.463 31.81 -20.382 -7.502 32
4 15 -20.295 -7.463 30.59 -20.262 -7.353 30.05 -20.272 -7.463 30.21 -20.283 -7.502 30.4
4 15 -20.201 -6.543 28.99 -20.196 -7.463 28.99 -20.208 -7.353 29.15 -20.21 -6.652 29.15
4 15 -20.218 -7.353 24.35 -20.217 -7.192 24.46 -20.223 -7.353 23.65 -20.221 -7.463 23.81
4 15 -20.202 -7.353 25.95 -20.202 -7.192 26.06 -20.211 -7.353 25.25 -20.209 -7.463 25.41
4 15 -20.18 -7.353 27.55 -20.179 -7.192 27.66 -20.19 -7.353 26.85 -20.186 -7.463 27.01
4 15 -20.405 -7.353 32.35 -20.355 -7.192 31.54 -20.361 -7.353 31.65 -20.394 -7.463 32.19
4 15 -20.304 -7.353 30.75 -20.256 -7.192 29.94 -20.262 -7.353 30.05 -20.295 -7.463 30.59
4 15 -20.217 -7.192 24.46 -20.217 -7.002 24.5 -20.224 -7.192 23.54 -20.223 -7.353 23.65
4 15 -20.202 -7.192 26.06 -20.203 -7.002 26.1 -20.212 -7.192 25.14 -20.211 -7.353 25.25
4 15 -20.179 -7.192 27.66 -20.18 -7.002 27.7 -20.192 -7.192 26.74 -20.19 -7.353 26.85
4 15 -20.411 -7.192 32.46 -20.353 -7.002 31.5 -20.355 -7.192 31.54 -20.405 -7.353 32.35
4 15 -20.313 -7.192 30.86 -20.255 -7.002 29.9 -20.256 -7.192 29.94 -20.304 -7.353 30.75
3 15 -20.214 -7.192 29.26 -20.218 -7.002 29.3 -20.216 -6.812 29.26
4 15 -20.172 -6.597 28.528 -20.166 -7.385 28.49 -20.173 -7.463 28.61 -20.177 -6.543 28.61
4 15 -20.217 -7.002 24.5 -20.218 -6.812 24.46 -20.224 -7.002 23.5 -20.224 -7.192 23.54
4 15 -20.203 -7.002 26.1 -20.205 -6.812 26.06 -20.213 -7.002 25.1 -20.212 -7.192 25.14
4 15 -20.18 -7.002 27.7 -20.182 -6.812 27.66 -20.195 -7.002 26.7 -20.192 -7.192 26.74
4 15 -20.415 -7.002 32.5 -20.356 -6.812 31.54 -20.353 -7.002 31.5 -20.411 -7.192 32.46
4 15 -20.316 -7.002 30.9 -20.258 -6.812 29.94 -20.255 -7.002 29.9 -20.313 -7.192 30.86
4 15 -20.172 -7.002 28.3 -20.17 -7.192 28.34 -20.167 -7.353 28.45 -20.173 -6.652 28.45
4 15 -20.166 -7.385 28.49 -20.172 -6.597 28.528 -20.173 -6.652 28.45 -20.167 -7.353 28.45
4 15 -20.218 -6.812 24.46 -20.218 -6.652 24.35 -20.224 -6.812 23.54 -20.224 -7.002 23.5
4 15 -20.205 -6.812 26.06 -20.207 -6.652 25.95 -20.213 -6.812 25.14 -20.213 -7.002 25.1
4 15 -20.182 -6.812 27.66 -20.185 -6.652 27.55 -20.196 -6.812 26.74 -20.195 -7.002 26.7
4 15 -20.413 -6.812 32.46 -20.363 -6.652 31.65 -20.356 -6.812 31.54 -20.415 -7.002 32.5
4 15 -20.315 -6.812 30.86 -20.268 -6.652 30.05 -20.258 -6.812 29.94 -20.316 -7.002 30.9
4 15 -20.214 -7.192 29.26 -20.216 -6.812 29.26 -20.21 -6.652 29.15 -20.208 -7.353 29.15
4 15 -20.218 -6.652 24.35 -20.22 -6.543 24.19 -20.224 -6.652 23.65 -20.224 -6.812 23.54
4 15 -20.207 -6.652 25.95 -20.209 -6.543 25.79 -20.212 -6.652 25.25 -20.213 -6.812 25.14
4 15 -20.185 -6.652 27.55 -20.189 -6.543 27.39 -20.195 -6.652 26.85 -20.196 -6.812 26.74
4 15 -20.407 -6.652 32.35 -20.374 -6.543 31.81 -20.363 -6.652 31.65 -20.413 -6.812 32.46
4 15 -20.309 -6.652 30.75 -20.276 -6.543 30.21 -20.268 -6.652 30.05 -20.315 -6.812 30.86
3 15 -20.173 -6.652 28.45 -20.173 -6.812 28.34 -20.172 -7.002 28.3
4 15 -20.201 -6.543 28.99 -20.189 -6.502 28.8 -20.184 -7.502 28.8 -20.196 -7.463 28.99
4 15 -20.22 -6.543 24.19 -20.221 -6.502 24 -20.223 -6.543 23.81 -20.224 -6.652 23.65
4 15 -20.209 -6.543 25.79 -20.21 -6.502 25.6 -20.211 -6.543 25.41 -20.212 -6.652 25.25
4 15 -20.189 -6.543 27.39 -20.192 -6.502 27.2 -20.194 -6.543 27.01 -20.195 -6.652 26.85
4 15 -20.398 -6.543 32.19 -20.386 -6.502 32 -20.374 -6.543 31.81 -20.407 -6.652 32.35
4 15 -20.299 -6.543 30.59 -20.288 -6.502 30.4 -20.276 -6.543 30.21 -20.309 -6.652 30.75
4 15 -20.173 -7.463 28.61 -20.184 -7.502 28.8 -20.189 -6.502 28.8 -20.177 -6.543 28.61
4 15 -18.654 -19.955 27.888 -13.675 -26.934 27.594 -14.745 -25.638 31.498 -18.424 -20.458 31.479
4 15 -16.827 -22.641 24.54 -14.602 -25.753 24.5 -13.675 -26.934 27.594 -18.654 -19.955 27.888
3 15 -18.677 -19.864 24.515 -16.827 -22.641 24.54 -18.654 -19.955 27.888
4 15 -13.773 -26.877 25.43 -14.602 -25.753 24.5 -14.26 -26.226 24.61 -13.96 -26.634 24.94
3 15 -14.745 -25.638 31.498 -13.675 -26.934 27.594 -13.7 -26.986 29.234
4 15 -14.204 -26.226 31.39 -14.637 -25.753 31.5 -13.673 -26.877 30.57 -13.854 -26.634 31.06
3 15 -13.67 -26.938 30 -13.673 -26.877 30.57 -14.637 -25.753 31.5
4 15 -13.773 -26.877 25.43 -13.714 -26.938 26 -13.675 -26.934 27.594 -14.602 -25.753 24.5
4 15 -14.745 -25.638 31.498 -13.7 -26.986 29.234 -13.67 -26.938 30 -14.637 -25.753 31.5
4 15 -12.938 -27.612 23.81 -12.846 -27.726 24.35 -12.938 -27.649 24.19 -12.971 -27.608 24
4 15 -12.938 -27.769 25.41 -12.846 -27.883 25.95 -12.938 -27.806 25.79 -12.971 -27.765 25.6
4 15 -12.986 -27.912 27.205 -12.938 -27.925 27.01 -12.846 -27.971 26.85 -12.693 -28.061 26.731
4 15 -12.821 -27.66 31.783 -12.749 -27.753 31.627 -12.811 -27.632 32.16 -12.844 -27.617 31.97
4 15 -12.864 -27.779 30.193 -12.792 -27.871 30.037 -12.854 -27.751 30.57 -12.887 -27.735 30.38
4 15 -12.893 -27.911 28.6 -12.846 -27.977 28.45 -12.879 -27.888 28.976 -12.911 -27.873 28.786
4 15 -12.846 -27.658 23.65 -12.713 -27.826 24.46 -12.846 -27.726 24.35 -12.938 -27.612 23.81
4 15 -12.847 -27.815 25.25 -12.713 -27.983 26.06 -12.846 -27.883 25.95 -12.938 -27.769 25.41
4 15 -12.533 -28.164 26.701 -12.379 -28.275 26.752 -12.885 -28.009 27.495 -12.956 -27.949 27.371
4 15 -12.749 -27.753 31.627 -12.641 -27.879 31.523 -12.73 -27.702 32.323 -12.811 -27.632 32.16
4 15 -12.792 -27.871 30.037 -12.684 -27.997 29.933 -12.772 -27.819 30.733 -12.854 -27.751 30.57
4 15 -12.846 -27.977 28.45 -12.786 -28.047 28.395 -12.803 -27.952 29.14 -12.879 -27.888 28.976
4 15 -12.713 -27.736 23.54 -12.555 -27.936 24.5 -12.713 -27.826 24.46 -12.846 -27.658 23.65
4 15 -12.713 -27.893 25.14 -12.555 -28.093 26.1 -12.713 -27.983 26.06 -12.847 -27.815 25.25
4 15 -12.986 -27.912 27.205 -12.693 -28.061 26.731 -12.533 -28.164 26.701 -12.956 -27.949 27.371
4 15 -12.641 -27.879 31.523 -12.511 -28.022 31.49 -12.617 -27.811 32.437 -12.73 -27.702 32.323
4 15 -12.684 -27.997 29.933 -12.545 -28.149 29.898 -12.66 -27.929 30.847 -12.772 -27.819 30.733
4 15 -12.786 -28.047 28.395 -12.713 -28.085 28.34 -12.555 -28.167 28.3 -12.644 -28.107 29.281
4 15 -12.644 -28.107 29.281 -12.713 -28.035 29.26 -12.803 -27.952 29.14 -12.786 -28.047 28.395
4 15 -12.555 -27.838 23.5 -12.398 -28.037 24.46 -12.555 -27.936 24.5 -12.713 -27.736 23.54
4 15 -12.555 -27.995 25.1 -12.398 -28.194 26.06 -12.555 -28.093 26.1 -12.713 -27.893 25.14
4 15 -12.885 -28.009 27.495 -12.379 -28.275 26.752 -12.209 -28.36 27.449 -12.848 -28.028 27.54
4 15 -12.511 -28.022 31.49 -12.379 -28.158 31.535 -12.484 -27.948 32.483 -12.617 -27.811 32.437
4 15 -12.391 -28.215 30.858 -12.527 -28.066 30.893 -12.66 -27.929 30.847 -12.545 -28.149 29.898
4 15 -12.555 -28.167 28.3 -12.398 -28.248 28.34 -12.555 -28.153 29.3 -12.644 -28.107 29.281
4 15 -12.398 -27.947 23.54 -12.264 -28.116 24.35 -12.398 -28.037 24.46 -12.555 -27.838 23.5
4 15 -12.398 -28.104 25.14 -12.264 -28.273 25.95 -12.398 -28.194 26.06 -12.555 -27.995 25.1
4 15 -12.56 -28.174 27.682 -12.715 -28.095 27.653 -12.266 -28.329 27.543 -12.403 -28.256 27.642
4 15 -12.266 -28.329 27.543 -12.715 -28.095 27.653 -12.848 -28.028 27.54 -12.209 -28.36 27.449
4 15 -12.379 -28.158 31.535 -12.263 -28.269 31.65 -12.353 -28.089 32.45 -12.484 -27.948 32.483
4 15 -12.545 -28.149 29.898 -12.398 -28.224 29.94 -12.264 -28.292 30.05 -12.391 -28.215 30.858
4 15 -12.398 -28.248 28.34 -12.264 -28.316 28.45 -12.398 -28.235 29.26 -12.555 -28.153 29.3
4 15 -12.264 -28.048 23.65 -12.173 -28.162 24.19 -12.264 -28.116 24.35 -12.398 -27.947 23.54
4 15 -12.264 -28.204 25.25 -12.173 -28.318 25.79 -12.264 -28.273 25.95 -12.398 -28.104 25.14
4 15 -12.173 -28.378 27.39 -12.209 -28.36 27.449 -12.379 -28.275 26.752 -12.264 -28.333 26.85
4 15 -12.177 -28.306 32.191 -12.245 -28.216 32.346 -12.353 -28.089 32.45 -12.263 -28.269 31.65
4 15 -12.264 -28.292 30.05 -12.173 -28.337 30.21 -12.264 -28.282 30.75 -12.391 -28.215 30.858
4 15 -12.264 -28.316 28.45 -12.173 -28.361 28.61 -12.264 -28.306 29.15 -12.398 -28.235 29.26
4 15 -12.173 -28.124 23.81 -12.14 -28.165 24 -12.173 -28.162 24.19 -12.264 -28.048 23.65
4 15 -12.173 -28.281 25.41 -12.14 -28.322 25.6 -12.173 -28.318 25.79 -12.264 -28.204 25.25
4 15 -12.173 -28.38 27.01 -12.14 -28.397 27.2 -12.173 -28.378 27.39 -12.264 -28.333 26.85
4 15 -12.263 -28.269 31.65 -12.173 -28.313 31.81 -12.14 -28.327 32 -12.177 -28.306 32.191
4 15 -12.173 -28.337 30.21 -12.14 -28.351 30.4 -12.173 -28.331 30.59 -12.264 -28.282 30.75
4 15 -12.173 -28.361 28.61 -12.14 -28.375 28.8 -12.173 -28.355 28.99 -12.264 -28.306 29.15
4 15 -11.608 -28.503 23.81 -11.516 -28.617 24.35 -11.608 -28.54 24.19 -11.641 -28.5 24
3 15 -11.613 -28.66 25.451 -11.531 -28.699 25.284 -11.408 -28.769 25.16
4 15 -11.032 -28.973 26.757 -10.908 -29.037 26.88 -11.591 -28.682 26.973 -11.488 -28.736 26.823
4 15 -11.608 -28.606 31.81 -11.516 -28.656 31.65 -11.608 -28.6 32.19 -11.641 -28.586 32
4 15 -11.608 -28.63 30.21 -11.516 -28.679 30.05 -11.608 -28.624 30.59 -11.641 -28.61 30.4
4 15 -11.608 -28.654 28.61 -11.516 -28.703 28.45 -11.608 -28.648 28.99 -11.641 -28.634 28.8
4 15 -11.516 -28.549 23.65 -11.383 -28.717 24.46 -11.516 -28.617 24.35 -11.608 -28.503 23.81
4 15 -11.408 -28.769 25.16 -11.258 -28.864 25.105 -11.634 -28.666 25.657 -11.613 -28.66 25.451
4 15 -11.186 -28.893 26.702 -11.032 -28.973 26.757 -11.488 -28.736 26.823 -11.347 -28.81 26.726
4 15 -11.516 -28.656 31.65 -11.383 -28.726 31.54 -11.516 -28.645 32.35 -11.608 -28.6 32.19
4 15 -11.516 -28.679 30.05 -11.383 -28.75 29.94 -11.516 -28.669 30.75 -11.608 -28.624 30.59
4 15 -11.516 -28.703 28.45 -11.383 -28.774 28.34 -11.516 -28.693 29.15 -11.608 -28.648 28.99
4 15 -11.383 -28.627 23.54 -11.225 -28.827 24.5 -11.383 -28.717 24.46 -11.516 -28.549 23.65
4 15 -11.634 -28.666 25.657 -11.258 -28.864 25.105 -11.491 -28.739 25.976 -11.582 -28.692 25.84
4 15 -10.859 -29.059 27.427 -11.542 -28.703 27.52 -11.618 -28.667 27.366 -10.81 -29.087 27.252
4 15 -11.383 -28.726 31.54 -11.225 -28.809 31.5 -11.383 -28.713 32.46 -11.516 -28.645 32.35
4 15 -11.383 -28.75 29.94 -11.225 -28.832 29.9 -11.383 -28.736 30.86 -11.516 -28.669 30.75
4 15 -11.383 -28.774 28.34 -11.225 -28.856 28.3 -11.383 -28.76 29.26 -11.516 -28.693 29.15
4 15 -11.225 -28.729 23.5 -11.067 -28.929 24.46 -11.225 -28.827 24.5 -11.383 -28.627 23.54
3 15 -11.258 -28.864 25.105 -11.067 -28.958 26.06 -11.225 -28.876 26.1
4 15 -11.491 -28.739 25.976 -11.258 -28.864 25.105 -11.225 -28.876 26.1 -11.351 -28.811 26.075
4 15 -11.591 -28.682 26.973 -10.908 -29.037 26.88 -10.829 -29.077 27.048 -11.639 -28.656 27.159
4 15 -11.225 -28.809 31.5 -11.067 -28.89 31.54 -11.225 -28.794 32.5 -11.383 -28.713 32.46
4 15 -11.225 -28.832 29.9 -11.067 -28.913 29.94 -11.225 -28.817 30.9 -11.383 -28.736 30.86
4 15 -11.225 -28.856 28.3 -11.067 -28.937 28.34 -11.225 -28.841 29.3 -11.383 -28.76 29.26
4 15 -11.067 -28.839 23.54 -10.933 -29.006 24.35 -11.067 -28.929 24.46 -11.225 -28.729 23.5
4 15 -11.079 -28.956 25.136 -10.934 -29.027 25.95 -11.067 -28.958 26.06 -11.258 -28.864 25.105
4 15 -10.962 -29.003 27.577 -11.418 -28.766 27.643 -11.542 -28.703 27.52 -10.859 -29.059 27.427
4 15 -11.067 -28.89 31.54 -10.934 -28.957 31.65 -11.067 -28.876 32.46 -11.225 -28.794 32.5
4 15 -11.067 -28.913 29.94 -10.934 -28.981 30.05 -11.067 -28.9 30.86 -11.225 -28.817 30.9
4 15 -11.067 -28.937 28.34 -10.934 -29.004 28.45 -11.067 -28.924 29.26 -11.225 -28.841 29.3
4 15 -10.934 -28.939 23.65 -10.842 -29.051 24.19 -10.933 -29.006 24.35 -11.067 -28.839 23.54
4 15 -10.934 -29.03 25.25 -10.843 -29.076 25.79 -10.934 -29.027 25.95 -11.079 -28.956 25.136
4 15 -11.639 -28.656 27.159 -10.829 -29.077 27.048 -10.81 -29.087 27.252 -11.618 -28.667 27.366
4 15 -11.103 -28.928 27.674 -11.264 -28.845 27.698 -11.418 -28.766 27.643 -10.962 -29.003 27.577
4 15 -10.934 -28.957 31.65 -10.843 -29.001 31.81 -10.934 -28.946 32.35 -11.067 -28.876 32.46
4 15 -10.934 -28.981 30.05 -10.843 -29.025 30.21 -10.934 -28.97 30.75 -11.067 -28.9 30.86
4 15 -10.934 -29.004 28.45 -10.843 -29.049 28.61 -10.934 -28.994 29.15 -11.067 -28.924 29.26
4 15 -10.843 -29.016 23.81 -10.809 -29.056 24 -10.842 -29.051 24.19 -10.934 -28.939 23.65
4 15 -10.843 -29.077 25.41 -10.809 -29.094 25.6 -10.843 -29.076 25.79 -10.934 -29.03 25.25
4 15 -10.843 -29.001 31.81 -10.809 -29.016 32 -10.843 -28.996 32.19 -10.934 -28.946 32.35
4 15 -10.843 -29.025 30.21 -10.809 -29.04 30.4 -10.843 -29.02 30.59 -10.934 -28.97 30.75
4 15 -10.843 -29.049 28.61 -10.809 -29.064 28.8 -10.843 -29.044 28.99 -10.934 -28.994 29.15
4 15 -10.277 -29.379 23.81 -10.186 -29.423 24.35 -10.277 -29.376 24.19 -10.311 -29.36 24
4 15 -10.311 -29.352 25.6 -10.277 -29.371 25.41 -10.186 -29.416 25.95 -10.277 -29.369 25.79
4 15 -9.716 -29.657 26.75 -9.588 -29.722 26.868 -10.268 -29.369 26.988 -10.169 -29.421 26.833
4 15 -10.277 -29.294 31.81 -10.186 -29.344 31.65 -10.277 -29.289 32.19 -10.311 -29.274 32
4 15 -10.277 -29.318 30.21 -10.186 -29.368 30.05 -10.277 -29.312 30.59 -10.311 -29.297 30.4
4 15 -10.277 -29.342 28.61 -10.186 -29.391 28.45 -10.277 -29.336 28.99 -10.311 -29.322 28.8
4 15 -10.186 -29.427 23.65 -10.053 -29.491 24.46 -10.186 -29.423 24.35 -10.277 -29.379 23.81
4 15 -10.186 -29.419 25.25 -10.053 -29.485 26.06 -10.186 -29.416 25.95 -10.277 -29.371 25.41
4 15 -10.309 -29.347 27.181 -9.496 -29.769 27.066 -9.479 -29.775 27.225 -10.286 -29.356 27.367
4 15 -9.872 -29.576 26.701 -9.716 -29.657 26.75 -10.169 -29.421 26.833 -10.031 -29.493 26.731
4 15 -10.186 -29.344 31.65 -10.053 -29.415 31.54 -10.186 -29.333 32.35 -10.277 -29.289 32.19
4 15 -10.186 -29.368 30.05 -10.053 -29.438 29.94 -10.185 -29.356 30.75 -10.277 -29.312 30.59
4 15 -10.186 -29.391 28.45 -10.053 -29.462 28.34 -10.186 -29.382 29.15 -10.277 -29.336 28.99
4 15 -10.053 -29.497 23.54 -9.895 -29.573 24.5 -10.053 -29.491 24.46 -10.186 -29.427 23.65
4 15 -10.053 -29.488 25.14 -9.895 -29.566 26.1 -10.053 -29.485 26.06 -10.186 -29.419 25.25
4 15 -9.522 -29.751 27.412 -10.202 -29.397 27.532 -10.286 -29.356 27.367 -9.479 -29.775 27.225
4 15 -9.588 -29.722 26.868 -9.496 -29.769 27.066 -10.309 -29.347 27.181 -10.268 -29.369 26.988
4 15 -10.053 -29.415 31.54 -9.895 -29.497 31.5 -10.053 -29.401 32.46 -10.186 -29.333 32.35
4 15 -10.053 -29.438 29.94 -9.895 -29.521 29.9 -10.053 -29.425 30.86 -10.185 -29.356 30.75
4 15 -10.053 -29.462 28.34 -9.895 -29.545 28.3 -10.053 -29.449 29.26 -10.186 -29.382 29.15
4 15 -9.895 -29.578 23.5 -9.737 -29.655 24.46 -9.895 -29.573 24.5 -10.053 -29.497 23.54
4 15 -9.895 -29.57 25.1 -9.737 -29.648 26.06 -9.895 -29.566 26.1 -10.053 -29.488 25.14
4 15 -9.895 -29.497 31.5 -9.737 -29.578 31.54 -9.895 -29.483 32.5 -10.053 -29.401 32.46
4 15 -9.895 -29.521 29.9 -9.737 -29.602 29.94 -9.895 -29.506 30.9 -10.053 -29.425 30.86
4 15 -9.895 -29.545 28.3 -9.737 -29.626 28.34 -9.895 -29.53 29.3 -10.053 -29.449 29.26
4 15 -9.737 -29.66 23.54 -9.604 -29.725 24.35 -9.737 -29.655 24.46 -9.895 -29.578 23.5
4 15 -9.737 -29.652 25.14 -9.604 -29.718 25.95 -9.737 -29.648 26.06 -9.895 -29.57 25.1
4 15 -9.758 -29.624 27.669 -9.918 -29.541 27.699 -10.074 -29.461 27.65 -9.62 -29.697 27.567
4 15 -9.737 -29.578 31.54 -9.604 -29.644 31.65 -9.736 -29.564 32.46 -9.895 -29.483 32.5
4 15 -9.737 -29.602 29.94 -9.603 -29.667 30.05 -9.737 -29.588 30.86 -9.895 -29.506 30.9
4 15 -9.737 -29.626 28.34 -9.604 -29.693 28.45 -9.737 -29.612 29.26 -9.895 -29.53 29.3
4 15 -9.604 -29.728 23.65 -9.512 -29.773 24.19 -9.604 -29.725 24.35 -9.737 -29.66 23.54
4 15 -9.604 -29.721 25.25 -9.512 -29.766 25.79 -9.604 -29.718 25.95 -9.737 -29.652 25.14
4 15 -9.604 -29.644 31.65 -9.512 -29.69 31.81 -9.604 -29.635 32.35 -9.736 -29.564 32.46
4 15 -9.603 -29.667 30.05 -9.511 -29.711 30.21 -9.603 -29.657 30.75 -9.737 -29.588 30.86
4 15 -9.604 -29.693 28.45 -9.512 -29.738 28.61 -9.604 -29.683 29.15 -9.737 -29.612 29.26
4 15 -9.512 -29.775 23.81 -9.479 -29.791 24 -9.512 -29.773 24.19 -9.604 -29.728 23.65
4 15 -9.512 -29.768 25.41 -9.479 -29.784 25.6 -9.512 -29.766 25.79 -9.604 -29.721 25.25
4 15 -10.202 -29.397 27.532 -9.522 -29.751 27.412 -9.62 -29.697 27.567 -10.074 -29.461 27.65
4 15 -9.512 -29.69 31.81 -9.479 -29.706 32 -9.512 -29.686 32.19 -9.604 -29.635 32.35
4 15 -9.511 -29.711 30.21 -9.477 -29.725 30.4 -9.511 -29.705 30.59 -9.603 -29.657 30.75
4 15 -9.512 -29.738 28.61 -9.479 -29.752 28.8 -9.512 -29.732 28.99 -9.604 -29.683 29.15
4 15 -8.947 -30.068 23.81 -8.856 -30.113 24.35 -8.947 -30.066 24.19 -8.98 -30.05 24
4 15 -8.947 -30.061 25.41 -8.856 -30.106 25.95 -8.947 -30.06 25.79 -8.98 -30.043 25.6
4 15 -8.236 -30.424 26.888 -8.142 -30.47 27.05 -8.98 -30.035 27.175 -8.938 -30.059 26.987
4 15 -8.847 -30.04 31.637 -8.722 -30.107 31.54 -8.991 -29.961 31.968 -8.951 -29.984 31.79
4 15 -8.947 -30.007 30.21 -8.856 -30.056 30.05 -8.947 -30.002 30.59 -8.98 -29.987 30.4
4 15 -8.947 -30.03 28.61 -8.856 -30.08 28.45 -8.947 -30.025 28.99 -8.98 -30.01 28.8
4 15 -8.856 -30.116 23.65 -8.722 -30.182 24.46 -8.856 -30.113 24.35 -8.947 -30.068 23.81
4 15 -8.856 -30.108 25.25 -8.722 -30.175 26.06 -8.856 -30.106 25.95 -8.947 -30.061 25.41
4 15 -8.565 -30.19 31.5 -8.984 -29.963 32.173 -8.991 -29.961 31.968 -8.722 -30.107 31.54
4 15 -8.856 -30.056 30.05 -8.722 -30.127 29.94 -8.856 -30.046 30.75 -8.947 -30.002 30.59
4 15 -8.856 -30.08 28.45 -8.722 -30.151 28.34 -8.856 -30.07 29.15 -8.947 -30.025 28.99
4 15 -8.722 -30.186 23.54 -8.565 -30.263 24.5 -8.722 -30.182 24.46 -8.856 -30.116 23.65
4 15 -8.722 -30.179 25.14 -8.565 -30.257 26.1 -8.722 -30.175 26.06 -8.856 -30.108 25.25
4 15 -8.461 -30.244 31.529 -8.917 -29.997 32.325 -8.984 -29.963 32.173 -8.565 -30.19 31.5
4 15 -8.722 -30.127 29.94 -8.565 -30.209 29.9 -8.722 -30.113 30.86 -8.856 -30.046 30.75
4 15 -8.722 -30.151 28.34 -8.565 -30.233 28.3 -8.722 -30.137 29.26 -8.856 -30.07 29.15
4 15 -8.565 -30.268 23.5 -8.406 -30.346 24.46 -8.565 -30.263 24.5 -8.722 -30.186 23.54
4 15 -8.565 -30.261 25.1 -8.406 -30.339 26.06 -8.565 -30.257 26.1 -8.722 -30.179 25.14
4 15 -8.825 -30.118 26.851 -8.694 -30.186 26.754 -8.527 -30.273 26.726 -8.381 -30.349 26.779
3 15 -8.461 -30.244 31.529 -8.777 -30.036 32.457 -8.917 -29.997 32.325
4 15 -8.565 -30.209 29.9 -8.406 -30.29 29.94 -8.565 -30.196 30.9 -8.722 -30.113 30.86
4 15 -8.565 -30.233 28.3 -8.406 -30.314 28.34 -8.565 -30.218 29.3 -8.722 -30.137 29.26
4 15 -8.565 -30.268 23.5 -8.406 -30.35 23.54 -8.263 -30.421 24.35 -8.406 -30.346 24.46
4 15 -8.461 -30.244 31.529 -8.298 -30.295 31.634 -8.301 -30.222 32.374 -8.442 -30.16 32.465
4 15 -8.406 -30.314 28.34 -8.263 -30.387 28.45 -8.263 -30.376 29.15 -8.406 -30.301 29.26
4 15 -8.406 -30.35 23.54 -8.263 -30.423 23.65 -8.155 -30.477 24.19 -8.263 -30.421 24.35
4 15 -8.406 -30.343 25.14 -8.263 -30.417 25.25 -8.155 -30.47 25.79 -8.263 -30.414 25.95
4 15 -8.865 -30.089 27.525 -8.179 -30.446 27.424 -8.297 -30.383 27.57 -8.74 -30.152 27.641
3 15 -8.301 -30.222 32.374 -8.298 -30.295 31.634 -8.183 -30.321 31.804
4 15 -8.406 -30.279 30.86 -8.263 -30.363 30.05 -8.155 -30.417 30.21 -8.263 -30.355 30.75
3 15 -8.263 -30.376 29.15 -8.263 -30.387 28.45 -8.155 -30.441 28.61
4 15 -8.155 -30.479 23.81 -8.116 -30.498 24 -8.155 -30.477 24.19 -8.263 -30.423 23.65
4 15 -8.155 -30.472 25.41 -8.116 -30.491 25.6 -8.155 -30.47 25.79 -8.263 -30.417 25.25
4 15 -8.865 -30.089 27.525 -8.955 -30.045 27.367 -8.118 -30.48 27.243 -8.179 -30.446 27.424
4 15 -8.955 -30.045 27.367 -8.98 -30.035 27.175 -8.142 -30.47 27.05 -8.118 -30.48 27.243
4 15 -8.183 -30.321 31.804 -8.142 -30.317 32.006 -8.183 -30.282 32.207 -8.301 -30.222 32.374
4 15 -8.155 -30.417 30.21 -8.116 -30.436 30.4 -8.155 -30.413 30.59 -8.263 -30.355 30.75
4 15 -8.155 -30.441 28.61 -8.116 -30.458 28.8 -8.155 -30.435 28.99 -8.263 -30.376 29.15
4 15 -7.45 -30.845 23.81 -7.351 -30.894 24.35 -7.45 -30.844 24.19 -7.485 -30.826 24
4 15 -7.449 -30.839 25.41 -7.351 -30.887 25.95 -7.449 -30.837 25.79 -7.485 -30.819 25.6
4 15 -7.441 -30.834 26.994 -7.376 -30.859 27.54 -7.464 -30.816 27.372 -7.488 -30.807 27.18
4 15 -7.438 -30.599 31.809 -7.34 -30.651 31.65 -7.437 -30.562 32.189 -7.473 -30.567 31.999
4 15 -7.444 -30.752 30.21 -7.347 -30.804 30.05 -7.443 -30.716 30.589 -7.479 -30.72 30.399
4 15 -7.19 -30.944 28.333 -7.483 -30.785 28.835 -7.459 -30.8 28.643 -7.337 -30.867 28.436
4 15 -7.351 -30.897 23.65 -7.209 -30.967 24.46 -7.351 -30.894 24.35 -7.45 -30.845 23.81
4 15 -7.352 -30.892 25.25 -7.208 -30.961 26.06 -7.351 -30.887 25.95 -7.449 -30.839 25.41
4 15 -7.333 -30.892 26.842 -7.24 -30.928 27.661 -7.376 -30.859 27.54 -7.441 -30.834 26.994
4 15 -7.34 -30.651 31.65 -7.198 -30.715 31.54 -7.338 -30.584 32.35 -7.437 -30.562 32.189
4 15 -7.347 -30.804 30.05 -7.204 -30.868 29.94 -7.344 -30.737 30.75 -7.443 -30.716 30.589
4 15 -7.019 -31.033 28.301 -7.435 -30.807 29.022 -7.483 -30.785 28.835 -7.19 -30.944 28.333
4 15 -7.209 -30.971 23.54 -7.039 -31.055 24.5 -7.209 -30.967 24.46 -7.351 -30.897 23.65
4 15 -7.209 -30.965 25.14 -7.039 -31.049 26.1 -7.208 -30.961 26.06 -7.352 -30.892 25.25
4 15 -7.184 -30.97 26.74 -7.074 -31.013 27.714 -7.24 -30.928 27.661 -7.333 -30.892 26.842
4 15 -7.198 -30.715 31.54 -7.029 -30.782 31.5 -7.195 -30.627 32.46 -7.338 -30.584 32.35
4 15 -7.204 -30.868 29.94 -7.035 -30.934 29.9 -7.201 -30.78 30.86 -7.344 -30.737 30.75
4 15 -7.435 -30.807 29.022 -7.019 -31.033 28.301 -6.851 -31.119 28.349 -7.327 -30.861 29.174
4 15 -7.039 -31.059 23.5 -6.87 -31.143 24.46 -7.039 -31.055 24.5 -7.209 -30.971 23.54
4 15 -7.039 -31.053 25.1 -6.87 -31.137 26.06 -7.039 -31.049 26.1 -7.209 -30.965 25.14
4 15 -7.013 -31.06 26.715 -6.902 -31.102 27.687 -7.074 -31.013 27.714 -7.184 -30.97 26.74
4 15 -7.029 -30.782 31.5 -6.859 -30.841 31.54 -7.025 -30.686 32.5 -7.195 -30.627 32.46
4 15 -7.035 -30.934 29.9 -6.865 -30.995 29.94 -7.031 -30.839 30.9 -7.201 -30.78 30.86
4 15 -6.693 -31.201 28.474 -7.166 -30.944 29.291 -7.327 -30.861 29.174 -6.851 -31.119 28.349
4 15 -6.87 -31.147 23.54 -6.727 -31.218 24.35 -6.87 -31.143 24.46 -7.039 -31.059 23.5
4 15 -6.87 -31.14 25.14 -6.727 -31.211 25.95 -6.87 -31.137 26.06 -7.039 -31.053 25.1
4 15 -6.846 -31.145 26.77 -6.753 -31.181 27.589 -6.902 -31.102 27.687 -7.013 -31.06 26.715
4 15 -6.859 -30.841 31.54 -6.715 -30.883 31.65 -6.855 -30.753 32.46 -7.025 -30.686 32.5
4 15 -6.865 -30.995 29.94 -6.721 -31.037 30.05 -6.861 -30.906 30.86 -7.031 -30.839 30.9
4 15 -7.166 -30.944 29.291 -6.693 -31.201 28.474 -6.866 -31.058 29.26 -7.037 -30.991 29.3
4 15 -6.727 -31.221 23.65 -6.629 -31.269 24.19 -6.727 -31.218 24.35 -6.87 -31.147 23.54
4 15 -6.727 -31.214 25.25 -6.629 -31.263 25.79 -6.727 -31.211 25.95 -6.87 -31.14 25.14
4 15 -6.71 -31.214 26.891 -6.646 -31.239 27.437 -6.753 -31.181 27.589 -6.846 -31.145 26.77
4 15 -6.715 -30.883 31.65 -6.617 -30.905 31.81 -6.713 -30.817 32.35 -6.855 -30.753 32.46
4 15 -6.721 -31.037 30.05 -6.623 -31.059 30.21 -6.719 -30.97 30.75 -6.861 -30.906 30.86
4 15 -6.693 -31.201 28.474 -6.629 -31.212 28.611 -6.725 -31.124 29.15 -6.866 -31.058 29.26
4 15 -6.629 -31.271 23.81 -6.593 -31.289 24 -6.629 -31.269 24.19 -6.727 -31.221 23.65
4 15 -6.629 -31.264 25.41 -6.593 -31.282 25.6 -6.629 -31.263 25.79 -6.727 -31.214 25.25
4 15 -6.622 -31.257 27.058 -6.598 -31.266 27.25 -6.646 -31.239 27.437 -6.71 -31.214 26.891
4 15 -6.617 -30.905 31.81 -6.58 -30.901 32 -6.615 -30.869 32.19 -6.713 -30.817 32.35
4 15 -6.623 -31.059 30.21 -6.586 -31.054 30.401 -6.621 -31.022 30.59 -6.719 -30.97 30.75
4 15 -6.629 -31.212 28.611 -6.592 -31.207 28.801 -6.627 -31.175 28.991 -6.725 -31.124 29.15
4 15 -5.919 -31.459 23.81 -5.811 -31.537 24.35 -5.919 -31.5 24.19 -5.958 -31.472 24
4 15 -5.925 -31.63 25.412 -5.811 -31.687 25.95 -5.919 -31.631 25.79 -5.958 -31.612 25.6
4 15 -5.919 -31.166 31.81 -5.811 -31.222 31.65 -5.919 -31.129 32.19 -5.958 -31.133 32
4 15 -5.919 -31.321 30.21 -5.811 -31.377 30.05 -5.919 -31.284 30.59 -5.958 -31.288 30.4
4 15 -5.913 -31.48 28.594 -5.8 -31.538 28.438 -5.919 -31.44 28.99 -5.959 -31.445 28.782
4 15 -5.811 -31.462 23.65 -5.654 -31.579 24.46 -5.811 -31.537 24.35 -5.919 -31.459 23.81
3 15 -5.722 -31.733 26.018 -5.811 -31.687 25.95 -5.925 -31.63 25.412
4 15 -5.925 -31.63 25.412 -5.811 -31.634 25.25 -5.654 -31.75 26.06 -5.722 -31.733 26.018
4 15 -5.919 -31.595 27.39 -5.957 -31.6 27.201 -5.684 -31.748 26.729 -5.811 -31.62 27.55
4 15 -5.957 -31.6 27.201 -5.919 -31.62 27.01 -5.811 -31.679 26.85 -5.684 -31.748 26.729
4 15 -5.811 -31.222 31.65 -5.654 -31.291 31.54 -5.811 -31.153 32.35 -5.919 -31.129 32.19
4 15 -5.811 -31.377 30.05 -5.654 -31.447 29.94 -5.811 -31.309 30.75 -5.919 -31.284 30.59
4 15 -5.8 -31.538 28.438 -5.639 -31.608 28.334 -5.811 -31.465 29.15 -5.919 -31.44 28.99
4 15 -5.654 -31.48 23.54 -5.468 -31.618 24.5 -5.654 -31.579 24.46 -5.811 -31.462 23.65
4 15 -5.654 -31.651 25.14 -5.468 -31.789 26.1 -5.654 -31.75 26.06 -5.811 -31.634 25.25
4 15 -5.459 -31.737 27.698 -5.654 -31.668 27.66 -5.811 -31.62 27.55 -5.684 -31.748 26.729
4 15 -5.654 -31.291 31.54 -5.468 -31.365 31.5 -5.654 -31.202 32.46 -5.811 -31.153 32.35
4 15 -5.654 -31.447 29.94 -5.468 -31.52 29.9 -5.654 -31.357 30.86 -5.811 -31.309 30.75
4 15 -5.639 -31.608 28.334 -5.444 -31.684 28.302 -5.654 -31.513 29.26 -5.811 -31.465 29.15
4 15 -5.468 -31.511 23.5 -5.282 -31.648 24.46 -5.468 -31.618 24.5 -5.654 -31.48 23.54
4 15 -5.468 -31.682 25.1 -5.282 -31.82 26.06 -5.468 -31.789 26.1 -5.654 -31.651 25.14
4 15 -5.459 -31.737 27.698 -5.684 -31.748 26.729 -5.525 -31.811 26.692 -5.351 -31.78 27.679
4 15 -5.525 -31.811 26.692 -5.469 -31.82 26.7 -5.275 -31.795 27.658 -5.351 -31.78 27.679
4 15 -5.468 -31.365 31.5 -5.282 -31.43 31.54 -5.468 -31.267 32.5 -5.654 -31.202 32.46
4 15 -5.468 -31.52 29.9 -5.282 -31.586 29.94 -5.468 -31.423 30.9 -5.654 -31.357 30.86
4 15 -5.444 -31.684 28.302 -5.23 -31.758 28.364 -5.468 -31.578 29.3 -5.654 -31.513 29.26
4 15 -5.282 -31.55 23.54 -5.125 -31.667 24.35 -5.282 -31.648 24.46 -5.468 -31.511 23.5
4 15 -5.282 -31.721 25.14 -5.125 -31.837 25.95 -5.282 -31.82 26.06 -5.468 -31.682 25.1
4 15 -5.008 -31.882 27.022 -4.967 -31.878 27.234 -5.39 -31.834 26.715 -5.249 -31.854 26.78
4 15 -5.118 -31.831 27.548 -5.275 -31.795 27.658 -5.469 -31.82 26.7 -5.39 -31.834 26.715
4 15 -5.282 -31.43 31.54 -5.125 -31.478 31.65 -5.282 -31.341 32.46 -5.468 -31.267 32.5
4 15 -5.282 -31.586 29.94 -5.125 -31.634 30.05 -5.282 -31.496 30.86 -5.468 -31.423 30.9
4 15 -5.125 -31.591 23.65 -5.017 -31.669 24.19 -5.125 -31.667 24.35 -5.282 -31.55 23.54
4 15 -5.125 -31.762 25.25 -5.017 -31.84 25.79 -5.125 -31.837 25.95 -5.282 -31.721 25.14
3 15 -5.249 -31.854 26.78 -5.107 -31.873 26.873 -5.008 -31.882 27.022
4 15 -5.125 -31.478 31.65 -5.017 -31.503 31.81 -5.125 -31.41 32.35 -5.282 -31.341 32.46
4 15 -5.125 -31.634 30.05 -5.017 -31.658 30.21 -5.125 -31.566 30.75 -5.282 -31.496 30.86
4 15 -5.23 -31.758 28.364 -5.125 -31.772 28.45 -5.017 -31.782 28.61 -5.096 -31.734 29.123
4 15 -5.468 -31.578 29.3 -5.23 -31.758 28.364 -5.096 -31.734 29.123 -5.267 -31.658 29.253
4 15 -5.017 -31.628 23.81 -4.978 -31.656 24 -5.017 -31.669 24.19 -5.125 -31.591 23.65
4 15 -5.017 -31.8 25.41 -4.978 -31.827 25.6 -5.017 -31.84 25.79 -5.125 -31.762 25.25
4 15 -5.118 -31.831 27.548 -5.39 -31.834 26.715 -4.967 -31.878 27.234 -5.01 -31.861 27.388
4 15 -5.017 -31.503 31.81 -4.978 -31.499 32 -5.017 -31.466 32.19 -5.125 -31.41 32.35
4 15 -5.017 -31.658 30.21 -4.978 -31.654 30.4 -5.017 -31.621 30.59 -5.125 -31.566 30.75
4 15 -5.017 -31.782 28.61 -4.978 -31.778 28.782 -5.011 -31.759 28.973 -5.096 -31.734 29.123