0 Sticker  3.4 x  3.8 with Car on White Background
0 Name: 6177970b.dat
0 Author: Massimo Maso [Sirio]
0 !LDRAW_ORG Part UPDATE 2026-06
0 !LICENSE Licensed under CC BY 4.0 : see CAreadme.txt

0 BFC CERTIFY CCW

0 !KEYWORDS BrickLink 75882stk01, Brickowl 758946, Center, Development, Ferrari
0 !KEYWORDS FXXK, Rebrickable 30899, Set 75882, Speed Champions, Tunnel, Wind

0 !HISTORY 2026-06-28 [OrionP] Official Update 2026-06

0 // Stickerback
1 16 0 0 0 1 0 0 0 1 0 0 0 1 s\stickerback034x038.dat
0 // Primitives
1 15 -36.5 -.25 32.5 -1.5 0 0 0 1 0 0 0 1.5 1-4chrd.dat
1 15 36.5 -.25 32.5 1.5 0 0 0 1 0 0 0 1.5 1-4chrd.dat
1 15 -36.5 -.25 -32.5 -1.5 0 0 0 1 0 0 0 -1.5 1-4chrd.dat
1 15 36.5 -.25 -32.5 1.5 0 0 0 1 0 0 0 -1.5 1-4chrd.dat
1 15 9.75 -.25 -10.6 -.35 0 0 0 1 0 0 0 .35 1-4ndis.dat
1 0 9.75 -.25 -10.6 -.35 0 0 0 1 0 0 0 .35 1-4chrd.dat
1 0 12.25 -.25 -10.6 .35 0 0 0 1 0 0 0 .35 1-4chrd.dat
1 15 12.25 -.25 -10.6 .35 0 0 0 1 0 0 0 .35 1-4ndis.dat
1 15 9.75 -.25 -11 -.35 0 0 0 1 0 0 0 -.35 1-4ndis.dat
1 0 9.75 -.25 -11 -.35 0 0 0 1 0 0 0 -.35 1-4chrd.dat
1 0 12.25 -.25 -11 .35 0 0 0 1 0 0 0 -.35 1-4chrd.dat
1 15 12.25 -.25 -11 .35 0 0 0 1 0 0 0 -.35 1-4ndis.dat
1 15 9.75 -.25 -12.55 0 0 -.35 0 1 0 .35 0 0 2-4ndis.dat
1 0 9.75 -.25 -12.55 0 0 -.35 0 1 0 .35 0 0 2-4chrd.dat
1 0 19.35 -.25 -12.55 0 0 .35 0 1 0 .35 0 0 2-4chrd.dat
1 15 19.35 -.25 -12.55 0 0 .35 0 1 0 .35 0 0 2-4ndis.dat
1 15 21.45 -.25 -12.55 0 0 -.35 0 1 0 .35 0 0 2-4ndis.dat
1 0 21.45 -.25 -12.55 0 0 -.35 0 1 0 .35 0 0 2-4chrd.dat
1 0 27.35 -.25 -12.55 0 0 .35 0 1 0 .35 0 0 2-4chrd.dat
1 15 27.35 -.25 -12.55 0 0 .35 0 1 0 .35 0 0 2-4ndis.dat
1 15 29.45 -.25 -12.55 0 0 -.35 0 1 0 .35 0 0 2-4ndis.dat
1 0 29.45 -.25 -12.55 0 0 -.35 0 1 0 .35 0 0 2-4chrd.dat
1 0 33.95 -.25 -12.55 0 0 .35 0 1 0 .35 0 0 2-4chrd.dat
1 15 33.95 -.25 -12.55 0 0 .35 0 1 0 .35 0 0 2-4ndis.dat
1 15 9.75 -.25 -14.05 0 0 -.35 0 1 0 .35 0 0 2-4ndis.dat
1 0 9.75 -.25 -14.05 0 0 -.35 0 1 0 .35 0 0 2-4chrd.dat
1 0 12.65 -.25 -14.05 0 0 .35 0 1 0 .35 0 0 2-4chrd.dat
1 15 12.65 -.25 -14.05 0 0 .35 0 1 0 .35 0 0 2-4ndis.dat
1 15 14.65 -.25 -14.05 0 0 -.35 0 1 0 .35 0 0 2-4ndis.dat
1 0 14.65 -.25 -14.05 0 0 -.35 0 1 0 .35 0 0 2-4chrd.dat
1 0 20.25 -.25 -14.05 0 0 .35 0 1 0 .35 0 0 2-4chrd.dat
1 15 20.25 -.25 -14.05 0 0 .35 0 1 0 .35 0 0 2-4ndis.dat
1 15 22.35 -.25 -14.05 0 0 -.35 0 1 0 .35 0 0 2-4ndis.dat
1 0 22.35 -.25 -14.05 0 0 -.35 0 1 0 .35 0 0 2-4chrd.dat
1 0 23.15 -.25 -14.05 0 0 .35 0 1 0 .35 0 0 2-4chrd.dat
1 15 23.15 -.25 -14.05 0 0 .35 0 1 0 .35 0 0 2-4ndis.dat
1 15 25.35 -.25 -14.05 0 0 -.35 0 1 0 .35 0 0 2-4ndis.dat
1 0 25.35 -.25 -14.05 0 0 -.35 0 1 0 .35 0 0 2-4chrd.dat
1 0 33.95 -.25 -14.05 0 0 .35 0 1 0 .35 0 0 2-4chrd.dat
1 15 33.95 -.25 -14.05 0 0 .35 0 1 0 .35 0 0 2-4ndis.dat
1 15 9.75 -.25 -15.65 0 0 -.35 0 1 0 .35 0 0 2-4ndis.dat
1 0 9.75 -.25 -15.65 0 0 -.35 0 1 0 .35 0 0 2-4chrd.dat
1 0 13.65 -.25 -15.65 0 0 .35 0 1 0 .35 0 0 2-4chrd.dat
1 15 13.65 -.25 -15.65 0 0 .35 0 1 0 .35 0 0 2-4ndis.dat
1 15 15.75 -.25 -15.65 0 0 -.35 0 1 0 .35 0 0 2-4ndis.dat
1 0 15.75 -.25 -15.65 0 0 -.35 0 1 0 .35 0 0 2-4chrd.dat
1 0 17.85 -.25 -15.65 0 0 .35 0 1 0 .35 0 0 2-4chrd.dat
1 15 17.85 -.25 -15.65 0 0 .35 0 1 0 .35 0 0 2-4ndis.dat
1 15 19.85 -.25 -15.65 0 0 -.35 0 1 0 .35 0 0 2-4ndis.dat
1 0 19.85 -.25 -15.65 0 0 -.35 0 1 0 .35 0 0 2-4chrd.dat
1 0 25.75 -.25 -15.65 0 0 .35 0 1 0 .35 0 0 2-4chrd.dat
1 15 25.75 -.25 -15.65 0 0 .35 0 1 0 .35 0 0 2-4ndis.dat
1 15 27.85 -.25 -15.65 0 0 -.35 0 1 0 .35 0 0 2-4ndis.dat
1 0 27.85 -.25 -15.65 0 0 -.35 0 1 0 .35 0 0 2-4chrd.dat
1 0 33.95 -.25 -15.65 0 0 .35 0 1 0 .35 0 0 2-4chrd.dat
1 15 33.95 -.25 -15.65 0 0 .35 0 1 0 .35 0 0 2-4ndis.dat
1 15 9.75 -.25 -17.25 0 0 -.35 0 1 0 .35 0 0 2-4ndis.dat
1 0 9.75 -.25 -17.25 0 0 -.35 0 1 0 .35 0 0 2-4chrd.dat
1 0 10.95 -.25 -17.25 0 0 .35 0 1 0 .35 0 0 2-4chrd.dat
1 15 10.95 -.25 -17.25 0 0 .35 0 1 0 .35 0 0 2-4ndis.dat
1 15 12.95 -.25 -17.25 0 0 -.35 0 1 0 .35 0 0 2-4ndis.dat
1 0 12.95 -.25 -17.25 0 0 -.35 0 1 0 .35 0 0 2-4chrd.dat
1 0 18.85 -.25 -17.25 0 0 .35 0 1 0 .35 0 0 2-4chrd.dat
1 15 18.85 -.25 -17.25 0 0 .35 0 1 0 .35 0 0 2-4ndis.dat
1 15 20.95 -.25 -17.25 0 0 -.35 0 1 0 .35 0 0 2-4ndis.dat
1 0 20.95 -.25 -17.25 0 0 -.35 0 1 0 .35 0 0 2-4chrd.dat
1 0 33.95 -.25 -17.25 0 0 .35 0 1 0 .35 0 0 2-4chrd.dat
1 15 33.95 -.25 -17.25 0 0 .35 0 1 0 .35 0 0 2-4ndis.dat
1 15 9.75 -.25 -19.05 0 0 -.35 0 1 0 .35 0 0 2-4ndis.dat
1 0 9.75 -.25 -19.05 0 0 -.35 0 1 0 .35 0 0 2-4chrd.dat
1 0 10.95 -.25 -19.05 0 0 .35 0 1 0 .35 0 0 2-4chrd.dat
1 15 10.95 -.25 -19.05 0 0 .35 0 1 0 .35 0 0 2-4ndis.dat
1 15 12.95 -.25 -19.05 0 0 -.35 0 1 0 .35 0 0 2-4ndis.dat
1 0 12.95 -.25 -19.05 0 0 -.35 0 1 0 .35 0 0 2-4chrd.dat
1 0 18.85 -.25 -19.05 0 0 .35 0 1 0 .35 0 0 2-4chrd.dat
1 15 18.85 -.25 -19.05 0 0 .35 0 1 0 .35 0 0 2-4ndis.dat
1 15 20.95 -.25 -19.05 0 0 -.35 0 1 0 .35 0 0 2-4ndis.dat
1 0 20.95 -.25 -19.05 0 0 -.35 0 1 0 .35 0 0 2-4chrd.dat
1 0 33.95 -.25 -19.05 0 0 .35 0 1 0 .35 0 0 2-4chrd.dat
1 15 33.95 -.25 -19.05 0 0 .35 0 1 0 .35 0 0 2-4ndis.dat
1 15 9.75 -.25 -20.65 0 0 -.35 0 1 0 .35 0 0 2-4ndis.dat
1 0 9.75 -.25 -20.65 0 0 -.35 0 1 0 .35 0 0 2-4chrd.dat
1 0 13.65 -.25 -20.65 0 0 .35 0 1 0 .35 0 0 2-4chrd.dat
1 15 13.65 -.25 -20.65 0 0 .35 0 1 0 .35 0 0 2-4ndis.dat
1 15 9.75 -.25 -22.25 0 0 -.35 0 1 0 .35 0 0 2-4ndis.dat
1 0 9.75 -.25 -22.25 0 0 -.35 0 1 0 .35 0 0 2-4chrd.dat
1 0 12.55 -.25 -22.25 0 0 .35 0 1 0 .35 0 0 2-4chrd.dat
1 15 12.55 -.25 -22.25 0 0 .35 0 1 0 .35 0 0 2-4ndis.dat
1 15 14.65 -.25 -22.25 0 0 -.35 0 1 0 .35 0 0 2-4ndis.dat
1 0 14.65 -.25 -22.25 0 0 -.35 0 1 0 .35 0 0 2-4chrd.dat
1 0 20.25 -.25 -22.25 0 0 .35 0 1 0 .35 0 0 2-4chrd.dat
1 15 20.25 -.25 -22.25 0 0 .35 0 1 0 .35 0 0 2-4ndis.dat
1 15 22.35 -.25 -22.25 0 0 -.35 0 1 0 .35 0 0 2-4ndis.dat
1 0 22.35 -.25 -22.25 0 0 -.35 0 1 0 .35 0 0 2-4chrd.dat
1 0 24.05 -.25 -22.25 0 0 .35 0 1 0 .35 0 0 2-4chrd.dat
1 15 24.05 -.25 -22.25 0 0 .35 0 1 0 .35 0 0 2-4ndis.dat
1 15 26.15 -.25 -22.25 0 0 -.35 0 1 0 .35 0 0 2-4ndis.dat
1 0 26.15 -.25 -22.25 0 0 -.35 0 1 0 .35 0 0 2-4chrd.dat
1 0 33.95 -.25 -22.25 0 0 .35 0 1 0 .35 0 0 2-4chrd.dat
1 15 33.95 -.25 -22.25 0 0 .35 0 1 0 .35 0 0 2-4ndis.dat
1 15 9.75 -.25 -26.95 0 0 -.35 0 1 0 .35 0 0 2-4ndis.dat
1 0 9.75 -.25 -26.95 0 0 -.35 0 1 0 .35 0 0 2-4chrd.dat
1 0 10.95 -.25 -26.95 0 0 .35 0 1 0 .35 0 0 2-4chrd.dat
1 15 10.95 -.25 -26.95 0 0 .35 0 1 0 .35 0 0 2-4ndis.dat
1 15 12.95 -.25 -26.95 0 0 -.35 0 1 0 .35 0 0 2-4ndis.dat
1 0 12.95 -.25 -26.95 0 0 -.35 0 1 0 .35 0 0 2-4chrd.dat
1 0 18.85 -.25 -26.95 0 0 .35 0 1 0 .35 0 0 2-4chrd.dat
1 15 18.85 -.25 -26.95 0 0 .35 0 1 0 .35 0 0 2-4ndis.dat
1 15 20.95 -.25 -26.95 0 0 -.35 0 1 0 .35 0 0 2-4ndis.dat
1 0 20.95 -.25 -26.95 0 0 -.35 0 1 0 .35 0 0 2-4chrd.dat
1 0 22.65 -.25 -26.95 0 0 .35 0 1 0 .35 0 0 2-4chrd.dat
1 15 22.65 -.25 -26.95 0 0 .35 0 1 0 .35 0 0 2-4ndis.dat
1 15 24.75 -.25 -26.95 0 0 -.35 0 1 0 .35 0 0 2-4ndis.dat
1 0 24.75 -.25 -26.95 0 0 -.35 0 1 0 .35 0 0 2-4chrd.dat
1 0 33.95 -.25 -26.95 0 0 .35 0 1 0 .35 0 0 2-4chrd.dat
1 15 33.95 -.25 -26.95 0 0 .35 0 1 0 .35 0 0 2-4ndis.dat
1 15 9.75 -.25 -28.85 0 0 -.35 0 1 0 .35 0 0 2-4ndis.dat
1 0 9.75 -.25 -28.85 0 0 -.35 0 1 0 .35 0 0 2-4chrd.dat
1 0 10.95 -.25 -28.85 0 0 .35 0 1 0 .35 0 0 2-4chrd.dat
1 15 10.95 -.25 -28.85 0 0 .35 0 1 0 .35 0 0 2-4ndis.dat
1 15 12.95 -.25 -28.85 0 0 -.35 0 1 0 .35 0 0 2-4ndis.dat
1 0 12.95 -.25 -28.85 0 0 -.35 0 1 0 .35 0 0 2-4chrd.dat
1 0 18.85 -.25 -28.85 0 0 .35 0 1 0 .35 0 0 2-4chrd.dat
1 15 18.85 -.25 -28.85 0 0 .35 0 1 0 .35 0 0 2-4ndis.dat
1 15 20.95 -.25 -28.85 0 0 -.35 0 1 0 .35 0 0 2-4ndis.dat
1 0 20.95 -.25 -28.85 0 0 -.35 0 1 0 .35 0 0 2-4chrd.dat
1 0 33.95 -.25 -28.85 0 0 .35 0 1 0 .35 0 0 2-4chrd.dat
1 15 33.95 -.25 -28.85 0 0 .35 0 1 0 .35 0 0 2-4ndis.dat
1 15 9.75 -.25 -30.35 0 0 -.35 0 1 0 .35 0 0 2-4ndis.dat
1 0 9.75 -.25 -30.35 0 0 -.35 0 1 0 .35 0 0 2-4chrd.dat
1 0 15.05 -.25 -30.35 0 0 .35 0 1 0 .35 0 0 2-4chrd.dat
1 15 15.05 -.25 -30.35 0 0 .35 0 1 0 .35 0 0 2-4ndis.dat
1 15 16.95 -.25 -30.35 0 0 -.35 0 1 0 .35 0 0 2-4ndis.dat
1 0 16.95 -.25 -30.35 0 0 -.35 0 1 0 .35 0 0 2-4chrd.dat
1 0 17.85 -.25 -30.35 0 0 .35 0 1 0 .35 0 0 2-4chrd.dat
1 15 17.85 -.25 -30.35 0 0 .35 0 1 0 .35 0 0 2-4ndis.dat
1 15 19.95 -.25 -30.35 0 0 -.35 0 1 0 .35 0 0 2-4ndis.dat
1 0 19.95 -.25 -30.35 0 0 -.35 0 1 0 .35 0 0 2-4chrd.dat
1 0 25.85 -.25 -30.35 0 0 .35 0 1 0 .35 0 0 2-4chrd.dat
1 15 25.85 -.25 -30.35 0 0 .35 0 1 0 .35 0 0 2-4ndis.dat
1 15 27.75 -.25 -30.35 0 0 -.35 0 1 0 .35 0 0 2-4ndis.dat
1 0 27.75 -.25 -30.35 0 0 -.35 0 1 0 .35 0 0 2-4chrd.dat
1 0 33.95 -.25 -30.35 0 0 .35 0 1 0 .35 0 0 2-4chrd.dat
1 15 33.95 -.25 -30.35 0 0 .35 0 1 0 .35 0 0 2-4ndis.dat
0 // Top face
0 // Black squares
4 0 9.75 -.25 -12.2 9.75 -.25 -12.9 19.35 -.25 -12.9 19.35 -.25 -12.2
4 0 27.35 -.25 -12.9 27.35 -.25 -12.2 21.45 -.25 -12.2 21.45 -.25 -12.9
4 0 29.45 -.25 -12.2 29.45 -.25 -12.9 33.95 -.25 -12.9 33.95 -.25 -12.2
4 0 33.95 -.25 -14.4 33.95 -.25 -13.7 25.35 -.25 -13.7 25.35 -.25 -14.4
4 0 27.85 -.25 -16 33.95 -.25 -16 33.95 -.25 -15.3 27.85 -.25 -15.3
4 0 20.25 -.25 -14.4 20.25 -.25 -13.7 14.65 -.25 -13.7 14.65 -.25 -14.4
4 0 23.15 -.25 -13.7 22.35 -.25 -13.7 22.35 -.25 -14.4 23.15 -.25 -14.4
4 0 9.75 -.25 -13.7 9.75 -.25 -14.4 12.65 -.25 -14.4 12.65 -.25 -13.7
4 0 13.65 -.25 -16 13.65 -.25 -15.3 9.75 -.25 -15.3 9.75 -.25 -16
4 0 17.85 -.25 -16 17.85 -.25 -15.3 15.75 -.25 -15.3 15.75 -.25 -16
4 0 25.75 -.25 -16 25.75 -.25 -15.3 19.85 -.25 -15.3 19.85 -.25 -16
4 0 33.95 -.25 -17.6 33.95 -.25 -16.9 20.95 -.25 -16.9 20.95 -.25 -17.6
4 0 12.95 -.25 -16.9 12.95 -.25 -17.6 18.85 -.25 -17.6 18.85 -.25 -16.9
4 0 10.95 -.25 -17.6 10.95 -.25 -16.9 9.75 -.25 -16.9 9.75 -.25 -17.6
4 0 10.95 -.25 -19.4 10.95 -.25 -18.7 9.75 -.25 -18.7 9.75 -.25 -19.4
4 0 12.95 -.25 -18.7 12.95 -.25 -19.4 18.85 -.25 -19.4 18.85 -.25 -18.7
4 0 33.95 -.25 -18.7 20.95 -.25 -18.7 20.95 -.25 -19.4 33.95 -.25 -19.4
4 0 9.75 -.25 -20.3 9.75 -.25 -21 13.65 -.25 -21 13.65 -.25 -20.3
4 0 9.75 -.25 -21.9 9.75 -.25 -22.6 12.55 -.25 -22.6 12.55 -.25 -21.9
4 0 14.65 -.25 -21.9 14.65 -.25 -22.6 20.25 -.25 -22.6 20.25 -.25 -21.9
4 0 22.35 -.25 -21.9 22.35 -.25 -22.6 24.05 -.25 -22.6 24.05 -.25 -21.9
4 0 33.95 -.25 -22.6 33.95 -.25 -21.9 26.15 -.25 -21.9 26.15 -.25 -22.6
4 0 33.95 -.25 -27.3 33.95 -.25 -26.6 24.75 -.25 -26.6 24.75 -.25 -27.3
4 0 33.95 -.25 -29.2 33.95 -.25 -28.5 20.95 -.25 -28.5 20.95 -.25 -29.2
4 0 33.95 -.25 -30.7 33.95 -.25 -30 27.75 -.25 -30 27.75 -.25 -30.7
4 0 25.85 -.25 -30.7 25.85 -.25 -30 19.95 -.25 -30 19.95 -.25 -30.7
4 0 20.95 -.25 -26.6 20.95 -.25 -27.3 22.65 -.25 -27.3 22.65 -.25 -26.6
4 0 18.85 -.25 -27.3 18.85 -.25 -26.6 12.95 -.25 -26.6 12.95 -.25 -27.3
4 0 12.95 -.25 -28.5 12.95 -.25 -29.2 18.85 -.25 -29.2 18.85 -.25 -28.5
4 0 16.95 -.25 -30 16.95 -.25 -30.7 17.85 -.25 -30.7 17.85 -.25 -30
4 0 9.75 -.25 -30 9.75 -.25 -30.7 15.05 -.25 -30.7 15.05 -.25 -30
4 0 10.95 -.25 -29.2 10.95 -.25 -28.5 9.75 -.25 -28.5 9.75 -.25 -29.2
4 0 9.75 -.25 -26.6 9.75 -.25 -27.3 10.95 -.25 -27.3 10.95 -.25 -26.6
4 0 12.6 -.25 -10.6 12.25 -.25 -10.25 9.75 -.25 -10.25 9.4 -.25 -10.6
4 0 12.6 -.25 -11 12.6 -.25 -10.6 9.4 -.25 -10.6 9.4 -.25 -11
4 0 12.25 -.25 -11.35 12.6 -.25 -11 9.4 -.25 -11 9.75 -.25 -11.35
0 // Black faces
4 0 -20.4137 -.25 -21.0538 -20.4196 -.25 -21.1663 -20.3324 -.25 -21.1922 -20.3119 -.25 -20.9608
4 0 -20.3119 -.25 -20.9608 -20.3324 -.25 -21.1922 -20.1206 -.25 -21.135 -15.5496 -.25 -18.1236
4 0 -15.5496 -.25 -18.1236 -20.1206 -.25 -21.135 -15.2919 -.25 -18.4716 -3.3854 -.25 -11.0376
4 0 -3.3854 -.25 -11.0376 -15.2919 -.25 -18.4716 -2.2358 -.25 -11.0376 3.1494 -.25 -7.1873
3 0 3.1494 -.25 -7.1873 -2.2358 -.25 -11.0376 7.4419 -.25 -5.401
4 0 31.5282 -.25 -9.2988 31.5125 -.25 -9.1968 31.2048 -.25 -8.9808 31.4009 -.25 -9.3329
3 0 31.2048 -.25 -8.9808 31.1237 -.25 -9.3543 31.4009 -.25 -9.3329
4 0 31.1237 -.25 -9.3543 31.2048 -.25 -8.9808 13.626 -.25 -2.0331 12.7704 -.25 -2.4042
4 0 12.4554 -.25 -1.5799 13.626 -.25 -2.0331 13.5774 -.25 -1.8765 12.704 -.25 -1.531
4 0 13.626 -.25 -2.0331 12.4554 -.25 -1.5799 11.8354 -.25 -2.0406 12.7704 -.25 -2.4042
4 0 11.8354 -.25 -2.0406 11.754 -.25 -2.1738 12.4067 -.25 -2.5469 12.7704 -.25 -2.4042
4 0 13.1233 -.25 -1.3516 12.704 -.25 -1.531 13.5774 -.25 -1.8765 13.7136 -.25 -1.7675
4 0 12.4554 -.25 -1.5799 12.291 -.25 -1.5363 10.1666 -.25 -1.3948 11.8354 -.25 -2.0406
4 0 12.4067 -.25 -2.5469 11.754 -.25 -2.1738 10.5975 -.25 -2.8794 7.4419 -.25 -5.401
4 0 7.4419 -.25 -5.401 5.0468 -.25 -5.917 3.1589 -.25 -7.1101 3.1494 -.25 -7.1873
4 0 5.0468 -.25 -5.917 3.6061 -.25 -6.1473 2.983 -.25 -7.0312 3.1589 -.25 -7.1101
4 0 3.6061 -.25 -6.1473 2.6749 -.25 -6.0568 1.412 -.25 -6.4185 2.983 -.25 -7.0312
4 0 1.412 -.25 -6.4185 1.3219 -.25 -6.4776 .8267 -.25 -6.8757 2.983 -.25 -7.0312
4 0 -.7284 -.25 -5.9753 -.5301 -.25 -6.6685 .8267 -.25 -6.8757 1.3219 -.25 -6.4776
4 0 -3.7777 -.25 -7.1107 -3.1672 -.25 -7.6418 -.5301 -.25 -6.6685 -.7284 -.25 -5.9753
4 0 -10.3317 -.25 -9.8307 -6.2144 -.25 -8.8748 -3.1672 -.25 -7.6418 -3.7777 -.25 -7.1107
4 0 -10.4809 -.25 -10.4476 -6.2144 -.25 -8.8748 -10.3317 -.25 -9.8307 -12.4581 -.25 -10.7032
4 0 -12.4581 -.25 -10.7032 -12.685 -.25 -10.7494 -12.4788 -.25 -11.2024 -10.4809 -.25 -10.4476
4 0 -13.0648 -.25 -11.5041 -13.0158 -.25 -12.0163 -12.8883 -.25 -12.1253 -12.7469 -.25 -11.9361
4 0 -13.1342 -.25 -11.2935 -13.0648 -.25 -11.5041 -12.7469 -.25 -11.9361 -12.7086 -.25 -11.3821
4 0 -12.685 -.25 -10.7494 -13.1342 -.25 -11.2935 -12.7086 -.25 -11.3821 -12.4788 -.25 -11.2024
4 0 -12.685 -.25 -10.7494 -12.8045 -.25 -10.3933 -13.3229 -.25 -11.145 -13.1342 -.25 -11.2935
4 0 -12.8045 -.25 -10.3933 -13.2078 -.25 -10.3437 -13.3364 -.25 -10.4255 -13.3229 -.25 -11.145
4 0 -13.3364 -.25 -10.4255 -13.9 -.25 -10.4487 -13.8213 -.25 -11.0376 -13.3229 -.25 -11.145
4 0 -13.3074 -.25 -8.8422 -13.2078 -.25 -10.3437 -12.8045 -.25 -10.3933 -12.803 -.25 -9.26
4 0 -13.0404 -.25 -8.0468 -13.3074 -.25 -8.8422 -12.803 -.25 -9.26 -12.7355 -.25 -8.8185
4 0 -13.0404 -.25 -8.0468 -12.7355 -.25 -8.8185 -12.5819 -.25 -8.6968 -11.4785 -.25 -7.5543
4 0 -9.2402 -.25 -7.4276 -9.5906 -.25 -6.8064 -11.4785 -.25 -7.5543 -12.5819 -.25 -8.6968
4 0 -9.5906 -.25 -6.8064 -9.2402 -.25 -7.4276 -6.2144 -.25 -5.9831 -6.2144 -.25 -5.2056
4 0 -6.2144 -.25 -5.2056 -6.2144 -.25 -5.9831 -4.054 -.25 -4.7982 -3.7652 -.25 -4.0039
3 0 -3.7652 -.25 -4.0039 -4.054 -.25 -4.7982 -3.2477 -.25 -4.2535
4 0 -3.7652 -.25 -3.1162 -3.7652 -.25 -4.0039 -3.2477 -.25 -4.2535 -3.2458 -.25 -2.6475
4 0 -2.7168 -.25 1.4404 -3.1523 -.25 1.4546 -3.7652 -.25 -3.1162 -3.2458 -.25 -2.6475
4 0 -1.0414 -.25 5.3977 -1.6566 -.25 5.4138 -3.1523 -.25 1.4546 -2.7168 -.25 1.4404
4 0 -1.6566 -.25 5.4138 -1.0414 -.25 5.3977 1.9689 -.25 9.2545 1.4205 -.25 9.6572
4 0 1.4974 -.25 9.7745 1.4205 -.25 9.6572 1.9689 -.25 9.2545 4.148 -.25 10.729
4 0 -16.7993 -.25 -10.7312 -15.63 -.25 -10.9485 -14.455 -.25 -10.9531 -16.7764 -.25 -10.6543
3 0 -13.9 -.25 -10.4487 -14.455 -.25 -10.9531 -13.8213 -.25 -11.0376
3 0 -19.6689 -.25 -9.5214 -19.3039 -.25 -10.1421 -16.7764 -.25 -10.6543
4 0 -19.6689 -.25 -9.5214 -16.7764 -.25 -10.6543 -14.455 -.25 -10.9531 -13.9 -.25 -10.4487
4 0 -19.3039 -.25 -10.1421 -19.6689 -.25 -9.5214 -22.954 -.25 -8.8906 -24.779 -.25 -9.2222
4 0 -24.779 -.25 -9.2222 -22.954 -.25 -8.8906 -25.874 -.25 -8.2646 -27.9387 -.25 -8.0768
4 0 -28.1123 -.25 -7.5592 -28.2269 -.25 -8.0228 -27.9387 -.25 -8.0768 -25.874 -.25 -8.2646
4 0 -28.1123 -.25 -7.5592 -28.4012 -.25 -7.436 -28.3741 -.25 -8.0369 -28.2269 -.25 -8.0228
4 0 -28.6922 -.25 -8.0138 -28.6126 -.25 -8.1497 -28.5345 -.25 -8.1391 -28.3741 -.25 -8.0369
4 0 -28.3741 -.25 -8.0369 -28.4012 -.25 -7.436 -28.4649 -.25 -7.2556 -28.6922 -.25 -8.0138
4 0 -28.4649 -.25 -7.2556 -28.9434 -.25 -7.086 -29.2282 -.25 -7.5857 -28.6922 -.25 -8.0138
4 0 -28.9266 -.25 -6.9933 -28.9434 -.25 -7.086 -28.4649 -.25 -7.2556 -28.5366 -.25 -6.8868
4 0 -28.9928 -.25 -6.7531 -28.9266 -.25 -6.9933 -28.5366 -.25 -6.8868 -28.5733 -.25 -6.5746
4 0 -15.63 -.25 -10.9485 -16.7993 -.25 -10.7312 -25.1961 -.25 -11.3037 -25.0517 -.25 -12.0675
4 0 -32.325 -.25 -6.2963 -33.1974 -.25 -6.3576 -25.0517 -.25 -12.0675 -25.1961 -.25 -11.3037
4 0 -33.3477 -.25 -6.1818 -33.1974 -.25 -6.3576 -32.325 -.25 -6.2963 -32.6033 -.25 -6.0532
4 0 -33.3479 -.25 -5.9956 -33.3477 -.25 -6.1818 -32.6033 -.25 -6.0532 -32.736 -.25 -5.8456
4 0 -32.736 -.25 -5.8456 -32.7028 -.25 -5.4044 -33.1495 -.25 -5.478 -33.3479 -.25 -5.9956
4 0 -33.1495 -.25 -5.478 -32.7028 -.25 -5.4044 -32.5845 -.25 -5.1371 -32.5208 -.25 -4.3641
4 0 -32.5208 -.25 -4.3641 -32.5845 -.25 -5.1371 -32.0169 -.25 -4.4627 -31.9297 -.25 -3.8318
4 0 -31.9297 -.25 -3.8318 -32.0169 -.25 -4.4627 -31.8053 -.25 -4.3092 -31.596 -.25 -3.6504
3 0 -28.9434 -.25 -7.086 -29.0139 -.25 -7.1066 -29.2282 -.25 -7.5857
3 0 -29.0139 -.25 -7.1066 -29.221 -.25 -7.0434 -29.2282 -.25 -7.5857
4 0 -31.1405 -.25 -6.0189 -31.1785 -.25 -6.3861 -29.2282 -.25 -7.5857 -29.221 -.25 -7.0434
4 0 -31.6506 -.25 -5.7915 -31.5497 -.25 -6.0772 -31.1785 -.25 -6.3861 -31.1405 -.25 -6.0189
4 0 -31.1045 -.25 -4.8959 -31.8053 -.25 -4.3092 -31.6506 -.25 -5.7915 -31.1405 -.25 -6.0189
4 0 -31.596 -.25 -3.6504 -31.8053 -.25 -4.3092 -31.1045 -.25 -4.8959 -31.0072 -.25 -4.1953
4 0 -31.596 -.25 -3.6504 -30.8475 -.25 -3.6871 -30.6226 -.25 -3.242 -30.8815 -.25 -2.7472
3 0 -31.596 -.25 -3.6504 -31.0072 -.25 -4.1953 -30.8475 -.25 -3.6871
4 0 -29.8772 -.25 -2.2949 -29.9255 -.25 -1.8377 -30.8815 -.25 -2.7472 -30.6226 -.25 -3.242
4 0 -28.5906 -.25 -5.6637 -28.7382 -.25 -5.3938 -28.5733 -.25 -6.5746 -28.5261 -.25 -6.4211
4 0 -28.4986 -.25 -5.7025 -28.5906 -.25 -5.6637 -28.5261 -.25 -6.4211 -28.3747 -.25 -6.3914
3 0 -28.4986 -.25 -5.7025 -28.3747 -.25 -6.3914 -28.0984 -.25 -6.4216
4 0 -28.4986 -.25 -5.7025 -28.0984 -.25 -6.4216 -26.0783 -.25 -6.8958 -17.6544 -.25 -7.7293
4 0 -17.6544 -.25 -7.7293 -26.0783 -.25 -6.8958 -21.2666 -.25 -7.8501 -16.8011 -.25 -8.5863
4 0 -17.6544 -.25 -7.7293 -16.8011 -.25 -8.5863 -13.3074 -.25 -8.8422 -14.9412 -.25 -8.0454
4 0 -14.7893 -.25 -7.9702 -14.9412 -.25 -8.0454 -13.3074 -.25 -8.8422 -13.0404 -.25 -8.0468
4 0 -20.4589 -.25 -4.1134 -20.8352 -.25 -4.4463 -14.7893 -.25 -7.9702 -13.0404 -.25 -8.0468
4 0 -20.4589 -.25 -4.1134 -20.714 -.25 -3.9381 -21.2363 -.25 -4.221 -20.8352 -.25 -4.4463
4 0 -20.714 -.25 -3.9381 -20.7782 -.25 -3.7715 -21.4111 -.25 -4.2306 -21.2363 -.25 -4.221
4 0 -28.7382 -.25 -5.3938 -29.8772 -.25 -2.2949 -28.9928 -.25 -6.7531 -28.5733 -.25 -6.5746
4 0 -29.9255 -.25 -1.8377 -29.8772 -.25 -2.2949 -28.7382 -.25 -5.3938 -29.704 -.25 -.6371
4 0 -29.704 -.25 -.6371 -29.6918 -.25 -.4942 -30.3298 -.25 -.2382 -29.9255 -.25 -1.8377
4 0 -30.6085 -.25 .0947 -30.3298 -.25 -.2382 -29.6918 -.25 -.4942 -29.4429 -.25 -.5329
4 0 -36.871 -.25 -1.2635 -36.8498 -.25 -1.4033 -36.7744 -.25 -1.4535 -36.6754 -.25 -1.1154
4 0 -36.6754 -.25 -1.1154 -36.7744 -.25 -1.4535 -36.4819 -.25 -1.4407 -31.9544 -.25 .541
3 0 -31.9544 -.25 .541 -36.4819 -.25 -1.4407 -31.1402 -.25 .2168
4 0 -31.8262 -.25 .6328 -31.9544 -.25 .541 -31.1402 -.25 .2168 -30.952 -.25 .2375
4 0 -33.4025 -.25 1.9316 -33.4544 -.25 1.8066 -33.3914 -.25 1.7158 -33.2556 -.25 1.9511
4 0 -29.6258 -.25 .3843 -31.9476 -.25 .7674 -31.8262 -.25 .6328 -30.952 -.25 .2375
4 0 -33.3914 -.25 1.7158 -31.9476 -.25 .7674 -29.6258 -.25 .3843 -33.2556 -.25 1.9511
4 0 -29.6258 -.25 .3843 -30.952 -.25 .2375 -30.6085 -.25 .0947 -29.4681 -.25 .3914
4 0 -28.8983 -.25 .0686 -29.4681 -.25 .3914 -30.6085 -.25 .0947 -29.4429 -.25 -.5329
4 0 -28.8509 -.25 1.8364 -29.4239 -.25 2.1079 -29.4681 -.25 .3914 -28.8983 -.25 .0686
4 0 -29.4429 -.25 -.5329 -27.2828 -.25 -1.2767 -26.7908 -.25 -.8736 -28.8983 -.25 .0686
4 0 -26.7908 -.25 -.8736 -27.2828 -.25 -1.2767 -27.1737 -.25 -1.3965 -25.9934 -.25 -1.0424
4 0 -24.049 -.25 -.9164 -25.9934 -.25 -1.0424 -27.1737 -.25 -1.3965 -27.0605 -.25 -1.7683
4 0 -24.049 -.25 -.9164 -23.4906 -.25 -5.5847 -23.1059 -.25 -5.401 -21.59 -.25 -4.3443
4 0 -23.684 -.25 -.549 -23.6504 -.25 -.3537 -24.1182 -.25 .2486 -24.049 -.25 -.9164
3 0 -23.684 -.25 -.549 -24.049 -.25 -.9164 -23.5893 -.25 -.9148
3 0 -24.1182 -.25 .2486 -23.6504 -.25 -.3537 -23.4851 -.25 -.2653
3 0 -24.1182 -.25 .2486 -23.4851 -.25 -.2653 -22.98 -.25 -.2033
4 0 -24.1182 -.25 .2486 -22.98 -.25 -.2033 -20.1613 -.25 0 -19.8751 -.25 .4403
4 0 -19.8751 -.25 .4403 -20.1613 -.25 0 -20.0606 -.25 -.5961 -19.6919 -.25 -.7599
4 0 -23.5893 -.25 -.9148 -24.049 -.25 -.9164 -21.59 -.25 -4.3443 -21.4111 -.25 -4.2306
4 0 -23.5893 -.25 -.9148 -21.4111 -.25 -4.2306 -20.7782 -.25 -3.7715 -21.9776 -.25 -.9212
4 0 -20.4552 -.25 -.8248 -21.9776 -.25 -.9212 -20.7782 -.25 -3.7715 -20.5043 -.25 -3.5763
4 0 -19.6919 -.25 -.7599 -20.0606 -.25 -.5961 -20.1171 -.25 -.7417 -20.1382 -.25 -1.4175
4 0 -20.1382 -.25 -1.4175 -20.1171 -.25 -.7417 -20.4552 -.25 -.8248 -20.5043 -.25 -3.5763
4 0 -20.5043 -.25 -3.5763 -20.2465 -.25 -3.5075 -20.1184 -.25 -2.8983 -20.1382 -.25 -1.4175
4 0 -20.0707 -.25 -3.0949 -20.1184 -.25 -2.8983 -20.2465 -.25 -3.5075 -20.1514 -.25 -3.5527
4 0 -20.0707 -.25 -3.0949 -20.1514 -.25 -3.5527 -19.9616 -.25 -3.7115 -19.991 -.25 -3.1784
4 0 -19.991 -.25 -3.1784 -19.9616 -.25 -3.7115 -19.2437 -.25 -4.1134 -18.8346 -.25 -3.6553
4 0 -19.2437 -.25 -4.1134 -18.1204 -.25 -4.7007 -17.9466 -.25 -4.121 -18.8346 -.25 -3.6553
4 0 -18.1204 -.25 -4.7007 -17.9734 -.25 -4.763 -17.7551 -.25 -4.3487 -17.9466 -.25 -4.121
4 0 -17.9734 -.25 -4.763 -17.7531 -.25 -4.7711 -17.6763 -.25 -4.6535 -17.7551 -.25 -4.3487
3 0 -19.3171 -.25 -.7599 -19.6919 -.25 -.7599 -20.1382 -.25 -1.4175
4 0 -19.3171 -.25 -.7599 -20.1382 -.25 -1.4175 -16.5454 -.25 -1.2507 -16.2985 -.25 -.3817
4 0 -16.1436 -.25 -.3217 -16.2985 -.25 -.3817 -16.5454 -.25 -1.2507 -15.7582 -.25 -.2677
4 0 -16.0772 -.25 -.1257 -16.1436 -.25 -.3217 -15.7582 -.25 -.2677 -15.7529 -.25 .2059
4 0 -16.0659 -.25 .896 -16.0772 -.25 -.1257 -15.7529 -.25 .2059 -15.7214 -.25 .2892
4 0 -16.0109 -.25 .9827 -16.0659 -.25 .896 -15.7214 -.25 .2892 -15.6138 -.25 .3688
3 0 -16.0109 -.25 .9827 -15.6138 -.25 .3688 -15.3965 -.25 .4333
4 0 -13.0211 -.25 1.2182 -16.0109 -.25 .9827 -15.3965 -.25 .4333 -13.0211 -.25 .6881
3 0 -13.5267 -.25 .0124 -15.7582 -.25 -.2677 -16.5454 -.25 -1.2507
4 0 -11.8996 -.25 1.3495 -13.0211 -.25 1.2182 -13.0211 -.25 .6881 -12.5632 -.25 .7362
3 0 -11.8996 -.25 1.3495 -12.5632 -.25 .7362 -12.4171 -.25 .7004
3 0 -11.8996 -.25 1.3495 -12.4171 -.25 .7004 -12.2802 -.25 .5738
4 0 -11.8732 -.25 .5477 -11.8996 -.25 1.3495 -12.2802 -.25 .5738 -12.2272 -.25 .4281
4 0 -11.8732 -.25 .5477 -12.2272 -.25 .4281 -12.2916 -.25 .2711 -11.7893 -.25 .3437
4 0 -12.2916 -.25 .2711 -12.5144 -.25 .196 -11.585 -.25 .3186 -11.7893 -.25 .3437
4 0 -12.5144 -.25 .196 -13.5267 -.25 .0124 -16.5454 -.25 -1.2507 -7.1055 -.25 .2732
3 0 -11.585 -.25 .3186 -12.5144 -.25 .196 -7.1055 -.25 .2732
4 0 -11.585 -.25 .3186 -7.1055 -.25 .2732 -6.9377 -.25 .2767 -6.7766 -.25 .9408
4 0 -6.9377 -.25 .2767 -6.8169 -.25 .2434 -6.3083 -.25 .8958 -6.7766 -.25 .9408
4 0 -6.8169 -.25 .2434 -6.8073 -.25 .1537 -6.1344 -.25 .7627 -6.3083 -.25 .8958
4 0 -6.8073 -.25 .1537 -6.9595 -.25 -.0551 -6.4062 -.25 -.2532 -6.091 -.25 .4901
3 0 -6.8073 -.25 .1537 -6.091 -.25 .4901 -6.1344 -.25 .7627
4 0 -6.9595 -.25 -.0551 -8.3849 -.25 -1.4095 -7.9199 -.25 -1.8522 -6.4062 -.25 -.2532
4 0 -9.8222 -.25 -2.2521 -9.866 -.25 -2.9464 -7.9199 -.25 -1.8522 -8.3849 -.25 -1.4095
4 0 -9.866 -.25 -2.9464 -9.8222 -.25 -2.2521 -13.0211 -.25 -3.6874 -15.0649 -.25 -5.2662
4 0 -13.0211 -.25 -3.6874 -15.1433 -.25 -4.5849 -15.8402 -.25 -5.5318 -15.0649 -.25 -5.2662
4 0 -15.1433 -.25 -4.5849 -16.4803 -.25 -5.2096 -16.4649 -.25 -5.3155 -16.2537 -.25 -5.481
3 0 -15.1433 -.25 -4.5849 -16.2537 -.25 -5.481 -15.8402 -.25 -5.5318
4 0 -33.9586 -.25 3.1776 -33.7015 -.25 2.8012 -33.637 -.25 2.7971 -33.5921 -.25 2.9742
4 0 -33.9586 -.25 3.1776 -33.5921 -.25 2.9742 -34.2954 -.25 5.064 -34.7831 -.25 5.6885
4 0 -34.793 -.25 5.8715 -34.7831 -.25 5.6885 -34.2954 -.25 5.064 -34.1228 -.25 5.042
4 0 -34.1583 -.25 5.82 -34.7162 -.25 6.081 -34.793 -.25 5.8715 -33.982 -.25 5.6361
3 0 -33.982 -.25 5.6361 -34.793 -.25 5.8715 -34.1228 -.25 5.042
4 0 -33.982 -.25 5.6361 -34.1228 -.25 5.042 -29.4239 -.25 2.1079 -29.6404 -.25 3.2144
4 0 -29.4102 -.25 3.1513 -29.6404 -.25 3.2144 -29.4239 -.25 2.1079 -28.8509 -.25 1.8364
4 0 -29.4102 -.25 3.1513 -28.8509 -.25 1.8364 -28.6967 -.25 2.7934 -29.197 -.25 3.2015
4 0 -27.8068 -.25 2.2237 -28.6967 -.25 2.7934 -28.8509 -.25 1.8364 -26.969 -.25 .9716
3 0 -27.2487 -.25 1.9523 -27.8068 -.25 2.2237 -26.969 -.25 .9716
3 0 -27.2487 -.25 1.9523 -26.969 -.25 .9716 -26.7338 -.25 1.7997
3 0 -26.7338 -.25 1.7997 -26.969 -.25 .9716 -25.9372 -.25 1.7031
4 0 -21.8117 -.25 1.0783 -22.2761 -.25 1.8919 -25.9372 -.25 1.7031 -26.969 -.25 .9716
4 0 -18.4229 -.25 2.2538 -22.2761 -.25 1.8919 -21.8117 -.25 1.0783 -18.2386 -.25 1.3316
4 0 -18.4229 -.25 2.2538 -18.2386 -.25 1.3316 -9.3221 -.25 2.614 -9.7617 -.25 3.1566
4 0 -9.7617 -.25 3.1566 -9.3221 -.25 2.614 -5.4947 -.25 4.0017 -5.7825 -.25 4.6543
4 0 -5.6494 -.25 4.7298 -5.7825 -.25 4.6543 -5.4947 -.25 4.0017 -5.2323 -.25 4.2072
4 0 -5.6494 -.25 4.7298 -5.2323 -.25 4.2072 -5.1319 -.25 4.5038 -5.541 -.25 5.0143
4 0 -5.4302 -.25 6.5826 -5.541 -.25 5.0143 -5.1319 -.25 4.5038 -5.0689 -.25 6.8942
4 0 -34.4355 -.25 6.3649 -34.7162 -.25 6.081 -34.1583 -.25 5.82 -34.0518 -.25 5.9518
4 0 -33.7568 -.25 6.8754 -34.4355 -.25 6.3649 -34.0518 -.25 5.9518 -32.2823 -.25 7.1604
4 0 -33.7568 -.25 6.8754 -32.2823 -.25 7.1604 -25.7464 -.25 11.0101 -30.8242 -.25 8.8858
4 0 -30.8242 -.25 8.8858 -25.7464 -.25 11.0101 -25.8375 -.25 11.9461 -28.1535 -.25 10.5838
4 0 -31.6155 -.25 14.6155 -31.6767 -.25 14.4928 -31.6596 -.25 14.3909 -31.2 -.25 14.5668
3 0 -31.2 -.25 14.5668 -31.6596 -.25 14.3909 -31.3688 -.25 14.1655
4 0 -25.7663 -.25 12.1568 -25.9855 -.25 12.6893 -31.2 -.25 14.5668 -31.3688 -.25 14.1655
3 0 -25.9855 -.25 12.6893 -25.7663 -.25 12.1568 -25.7191 -.25 12.6655
4 0 -25.5725 -.25 12.748 -25.7191 -.25 12.6655 -25.7663 -.25 12.1568 -25.7317 -.25 12.0649
4 0 -25.7317 -.25 12.0649 -25.8375 -.25 11.9461 -25.0112 -.25 12.3526 -25.1262 -.25 12.3466
4 0 -25.1262 -.25 12.3466 -24.953 -.25 12.8589 -25.5725 -.25 12.748 -25.7317 -.25 12.0649
4 0 -24.7793 -.25 13.1584 -25.213 -.25 13.4511 -25.5725 -.25 12.748 -24.953 -.25 12.8589
4 0 -24.949 -.25 13.7795 -25.213 -.25 13.4511 -24.7793 -.25 13.1584 -24.549 -.25 13.3679
4 0 -24.6362 -.25 14.0177 -24.949 -.25 13.7795 -24.549 -.25 13.3679 -22.5436 -.25 14.352
4 0 -22.0351 -.25 15.4326 -24.6362 -.25 14.0177 -22.5436 -.25 14.352 -18.4521 -.25 16.1378
4 0 -19.0316 -.25 16.7676 -22.0351 -.25 15.4326 -18.4521 -.25 16.1378 -16.1845 -.25 16.8759
4 0 -15.8074 -.25 17.7012 -19.0316 -.25 16.7676 -16.1845 -.25 16.8759 -13.0989 -.25 17.7434
4 0 -13.0211 -.25 18.2869 -15.8074 -.25 17.7012 -13.0989 -.25 17.7434 -10.9451 -.25 18.1598
4 0 -10.9561 -.25 18.5398 -13.0211 -.25 18.2869 -10.9451 -.25 18.1598 -10.3527 -.25 18.2295
4 0 -10.1975 -.25 18.2076 -9.5532 -.25 18.5853 -10.9561 -.25 18.5398 -10.3527 -.25 18.2295
4 0 -10.1975 -.25 18.2076 -10.1629 -.25 17.9589 -9.5739 -.25 17.9815 -9.5532 -.25 18.5853
4 0 -9.4916 -.25 17.9158 -9.5739 -.25 17.9815 -10.1629 -.25 17.9589 -9.8916 -.25 17.07
4 0 -9.3349 -.25 18.0041 -9.4916 -.25 17.9158 -9.8916 -.25 17.07 -9.6551 -.25 17.3152
4 0 -10.1629 -.25 17.9589 -10.287 -.25 16.7594 -9.9182 -.25 16.8696 -9.8916 -.25 17.07
4 0 -10.287 -.25 16.7594 -10.2596 -.25 16.4273 -9.8539 -.25 16.6122 -9.9182 -.25 16.8696
4 0 -9.8539 -.25 16.6122 -10.2596 -.25 16.4273 -10.0183 -.25 15.8549 -9.5774 -.25 16.3088
4 0 -8.8728 -.25 15.9636 -9.5774 -.25 16.3088 -10.0183 -.25 15.8549 -9.4377 -.25 15.4312
4 0 -7.8178 -.25 15.6931 -8.8728 -.25 15.9636 -9.4377 -.25 15.4312 -8.9742 -.25 15.2666
4 0 -5.542 -.25 15.4128 -7.8178 -.25 15.6931 -8.9742 -.25 15.2666 -7.2133 -.25 14.8802
4 0 -3.7748 -.25 15.3208 -5.542 -.25 15.4128 -7.2133 -.25 14.8802 -3.7751 -.25 14.464
4 0 -25.8375 -.25 11.9461 -25.7464 -.25 11.0101 -21.0535 -.25 13.009 -25.0112 -.25 12.3526
4 0 -25.0112 -.25 12.3526 -21.0535 -.25 13.009 -16.148 -.25 15.023 -21.6429 -.25 13.5602
4 0 -16.8835 -.25 15.3429 -21.6429 -.25 13.5602 -16.148 -.25 15.023 -13.2593 -.25 16.32
4 0 -13.2593 -.25 16.32 -16.148 -.25 15.023 -13.0211 -.25 15.8608 -11.8894 -.25 16.506
4 0 -11.6 -.25 16.5221 -11.8894 -.25 16.506 -13.0211 -.25 15.8608 -11.7525 -.25 16.2027
4 0 -11.6 -.25 16.5221 -11.7525 -.25 16.2027 -11.4546 -.25 16.3321 -11.3914 -.25 16.4787
4 0 -29.197 -.25 3.2015 -28.6967 -.25 2.7934 -26.0567 -.25 4.7071 -27.287 -.25 4.7768
4 0 -27.287 -.25 4.7768 -26.0567 -.25 4.7071 -19.8839 -.25 8.7259 -21.0741 -.25 8.9203
4 0 -21.0741 -.25 8.9203 -19.8839 -.25 8.7259 -13.7764 -.25 11.6608 -14.2461 -.25 12.2257
4 0 -14.2461 -.25 12.2257 -13.7764 -.25 11.6608 -10.6482 -.25 12.7938 -9.0317 -.25 13.8835
4 0 -9.0317 -.25 13.8835 -10.6482 -.25 12.7938 -7.2281 -.25 13.9202 -6.9583 -.25 14.2742
4 0 -6.9583 -.25 14.2742 -7.2281 -.25 13.9202 -6.9454 -.25 14.0445 -6.846 -.25 14.1902
3 0 2.6749 -.25 -6.0568 1.3749 -.25 -6.2828 1.412 -.25 -6.4185
4 0 2.6749 -.25 -6.0568 1.7505 -.25 -5.68 1.2797 -.25 -6.1493 1.3749 -.25 -6.2828
4 0 .6122 -.25 -4.5151 .3296 -.25 -5.1012 1.2797 -.25 -6.1493 1.7505 -.25 -5.68
4 0 .6122 -.25 -4.5151 -.1992 -.25 -4.1134 .0125 -.25 -4.6085 .3296 -.25 -5.1012
4 0 -.4259 -.25 -3.2225 -.1992 -.25 -4.1134 .6122 -.25 -4.5151 -.0452 -.25 -2.875
4 0 -.1559 -.25 -2.1493 -.5988 -.25 -1.855 -.4259 -.25 -3.2225 -.0452 -.25 -2.875
3 0 -.5988 -.25 -1.855 -.1559 -.25 -2.1493 -.1258 -.25 -.7078
4 0 -.1258 -.25 -.7078 -1.0464 -.25 .1265 -1.3523 -.25 -1.9254 -.5988 -.25 -1.855
4 0 -.5988 -.25 -1.855 -1.3523 -.25 -1.9254 -1.4715 -.25 -3.8661 -.9585 -.25 -3.9169
4 0 -.9585 -.25 -3.9169 -1.4715 -.25 -3.8661 -1.4492 -.25 -4.8196 -1.0925 -.25 -4.6642
4 0 -1.4492 -.25 -4.8196 -1.408 -.25 -4.9516 -1.3486 -.25 -4.9674 -1.2144 -.25 -4.8933
3 0 -1.4492 -.25 -4.8196 -1.2144 -.25 -4.8933 -1.0925 -.25 -4.6642
4 0 .329 -.25 1.6908 .1953 -.25 3.3671 -1.0464 -.25 .1265 -.1258 -.25 -.7078
4 0 .329 -.25 1.6908 1.0562 -.25 3.4763 .8108 -.25 4.4924 .1953 -.25 3.3671
4 0 .8108 -.25 4.4924 1.0562 -.25 3.4763 3.2888 -.25 6.4957 2.5773 -.25 6.7714
4 0 2.5773 -.25 6.7714 3.2888 -.25 6.4957 4.008 -.25 7.2381 3.7724 -.25 8.0179
4 0 4.5994 -.25 8.6614 3.7724 -.25 8.0179 4.008 -.25 7.2381 5.0846 -.25 7.9348
4 0 5.3259 -.25 9.0621 4.5994 -.25 8.6614 5.0846 -.25 7.9348 5.9805 -.25 8.2745
4 0 6.1582 -.25 9.3558 5.3259 -.25 9.0621 5.9805 -.25 8.2745 7.3919 -.25 8.4067
4 0 8.0195 -.25 9.541 6.1582 -.25 9.3558 7.3919 -.25 8.4067 7.9639 -.25 8.2922
4 0 8.9676 -.25 9.3739 8.0195 -.25 9.541 7.9639 -.25 8.2922 8.6808 -.25 7.868
4 0 9.7221 -.25 8.9527 8.9676 -.25 9.3739 8.6808 -.25 7.868 9.5812 -.25 6.8792
4 0 10.4662 -.25 8.1236 9.7221 -.25 8.9527 9.5812 -.25 6.8792 9.9593 -.25 6.1728
4 0 10.937 -.25 7.1204 10.4662 -.25 8.1236 9.9593 -.25 6.1728 10.3537 -.25 4.9696
4 0 11.3046 -.25 5.4576 10.937 -.25 7.1204 10.3537 -.25 4.9696 10.4976 -.25 4.1143
3 0 -5.4629 -.25 6.6517 -5.4302 -.25 6.5826 -5.0689 -.25 6.8942
4 0 -5.0689 -.25 6.8942 -5.2113 -.25 7.5062 -5.7942 -.25 6.6649 -5.4629 -.25 6.6517
4 0 -5.2113 -.25 7.5062 -7.7281 -.25 6.9504 -7.3143 -.25 6.3131 -5.7942 -.25 6.6649
4 0 -8.0607 -.25 6.0758 -7.3143 -.25 6.3131 -7.7281 -.25 6.9504 -8.7815 -.25 5.9547
4 0 -8.7815 -.25 5.9547 -8.784 -.25 5.8818 -7.3627 -.25 6.0815 -8.0607 -.25 6.0758
4 0 -7.3627 -.25 6.0815 -7.2353 -.25 5.8016 -6.8754 -.25 5.7877 -6.6922 -.25 5.9731
4 0 -6.6553 -.25 5.7435 -6.2909 -.25 5.8495 -6.6922 -.25 5.9731 -6.8754 -.25 5.7877
4 0 -6.6553 -.25 5.7435 -6.3717 -.25 5.5932 -6.0119 -.25 5.7051 -6.2909 -.25 5.8495
4 0 -6.3717 -.25 5.5932 -6.285 -.25 5.4596 -5.8818 -.25 5.5005 -6.0119 -.25 5.7051
4 0 -5.9438 -.25 5.3554 -5.8818 -.25 5.5005 -6.285 -.25 5.4596 -6.25 -.25 5.2508
4 0 -6.25 -.25 5.2508 -6.1943 -.25 5.1967 -6.0293 -.25 5.2631 -5.9438 -.25 5.3554
4 0 -8.784 -.25 5.8818 -7.7884 -.25 5.7341 -7.2353 -.25 5.8016 -7.3627 -.25 6.0815
4 0 -8.784 -.25 5.8818 -8.8701 -.25 5.8162 -8.5385 -.25 5.52 -7.7884 -.25 5.7341
4 0 -8.8701 -.25 5.8162 -9.0475 -.25 5.7642 -8.711 -.25 5.4444 -8.5385 -.25 5.52
4 0 -9.0475 -.25 5.7642 -9.3074 -.25 5.5542 -8.8387 -.25 5.3247 -8.711 -.25 5.4444
4 0 -9.3074 -.25 5.5542 -9.484 -.25 5.3454 -8.8041 -.25 5.1768 -8.8387 -.25 5.3247
4 0 -8.8041 -.25 5.1768 -9.484 -.25 5.3454 -9.563 -.25 5.2165 -9.6025 -.25 5.0653
4 0 -8.8041 -.25 5.1768 -9.6025 -.25 5.0653 -9.5522 -.25 4.9493 -8.6455 -.25 5.0324
4 0 -8.6455 -.25 5.0324 -9.5522 -.25 4.9493 -9.2769 -.25 4.7775 -8.8555 -.25 4.6942
4 0 -8.6455 -.25 5.0324 -8.8555 -.25 4.6942 -8.1386 -.25 4.676 -8.4051 -.25 4.9899
4 0 -8.4051 -.25 4.9899 -8.1386 -.25 4.676 -7.3067 -.25 4.7658 -6.9766 -.25 4.8511
4 0 -8.4051 -.25 4.9899 -6.9766 -.25 4.8511 -6.7431 -.25 5.0117 -6.8435 -.25 5.0511
3 0 -7.7281 -.25 6.9504 -8.8587 -.25 5.9936 -8.7815 -.25 5.9547
4 0 -7.7281 -.25 6.9504 -13.7462 -.25 5.9447 -14.9256 -.25 5.0059 -8.8587 -.25 5.9936
4 0 -19.33 -.25 4.9001 -19.1811 -.25 4.3374 -14.9256 -.25 5.0059 -13.7462 -.25 5.9447
4 0 -21.1994 -.25 4.5172 -22.0082 -.25 3.922 -19.1811 -.25 4.3374 -19.33 -.25 4.9001
4 0 -21.1994 -.25 4.5172 -21.3395 -.25 4.5311 -22.3922 -.25 3.9223 -22.0082 -.25 3.922
4 0 -21.3395 -.25 4.5311 -22.5025 -.25 4.014 -22.473 -.25 3.9652 -22.3922 -.25 3.9223
4 0 -21.3395 -.25 4.5311 -21.2117 -.25 4.7076 -22.3395 -.25 4.2562 -22.5025 -.25 4.014
4 0 -21.2117 -.25 4.7076 -20.4777 -.25 5.2368 -20.8338 -.25 5.6537 -22.3395 -.25 4.2562
4 0 -19.6498 -.25 6.5854 -20.8338 -.25 5.6537 -20.4777 -.25 5.2368 -17.8646 -.25 6.8887
4 0 -17.8362 -.25 7.7475 -19.6498 -.25 6.5854 -17.8646 -.25 6.8887 -14.4025 -.25 8.7516
4 0 -17.8362 -.25 7.7475 -14.4025 -.25 8.7516 -12.1082 -.25 9.7892 -15.0012 -.25 9.3821
4 0 -12.3592 -.25 10.645 -15.0012 -.25 9.3821 -12.1082 -.25 9.7892 -9.0545 -.25 11.0353
4 0 -8.936 -.25 11.8623 -12.3592 -.25 10.645 -9.0545 -.25 11.0353 -6.0237 -.25 12.1112
4 0 -8.936 -.25 11.8623 -6.0237 -.25 12.1112 -4.9699 -.25 12.4627 -5.5535 -.25 12.8416
4 0 -4.7644 -.25 12.8557 -5.5535 -.25 12.8416 -4.6276 -.25 12.6183 -4.6101 -.25 12.7565
3 0 -5.5535 -.25 12.8416 -4.9699 -.25 12.4627 -4.6276 -.25 12.6183
4 0 -5.2113 -.25 7.5062 -5.0689 -.25 6.8942 -.7788 -.25 8.9797 -1.7298 -.25 9.4519
3 0 -1.7298 -.25 9.4519 -.7788 -.25 8.9797 1.2509 -.25 9.8057
4 0 1.2509 -.25 9.8057 1.4557 -.25 9.8509 5.308 -.25 12.0682 -1.7298 -.25 9.4519
4 0 5.308 -.25 12.0682 1.4557 -.25 9.8509 1.4974 -.25 9.7745 4.148 -.25 10.729
4 0 6.245 -.25 12.298 5.308 -.25 12.0682 4.148 -.25 10.729 5.8683 -.25 11.3921
4 0 6.245 -.25 12.298 5.8683 -.25 11.3921 6.8069 -.25 11.62 7.3163 -.25 12.3636
4 0 8.0141 -.25 12.3642 7.3163 -.25 12.3636 6.8069 -.25 11.62 7.7976 -.25 11.6232
4 0 8.1949 -.25 12.4446 8.0141 -.25 12.3642 7.7976 -.25 11.6232 9.2643 -.25 11.364
4 0 8.1949 -.25 12.4446 9.2643 -.25 11.364 9.2315 -.25 12.1164 8.1034 -.25 12.594
4 0 9.2643 -.25 11.364 10.1385 -.25 11.7143 9.3665 -.25 12.0815 9.2315 -.25 12.1164
4 0 9.2643 -.25 11.364 9.9918 -.25 10.8266 10.419 -.25 11.505 10.1385 -.25 11.7143
4 0 9.9918 -.25 10.8266 10.6311 -.25 10.0966 10.9722 -.25 10.8765 10.419 -.25 11.505
4 0 10.6311 -.25 10.0966 11.1487 -.25 9.2664 11.4297 -.25 10.2378 10.9722 -.25 10.8765
4 0 11.1487 -.25 9.2664 11.4181 -.25 8.6278 12.127 -.25 8.678 11.4297 -.25 10.2378
3 0 11.4181 -.25 8.6278 11.5634 -.25 7.8575 12.127 -.25 8.678
4 0 12.127 -.25 8.678 11.5634 -.25 7.8575 11.5974 -.25 5.9881 12.1543 -.25 5.2527
4 0 11.5974 -.25 5.9881 11.5404 -.25 5.3295 12.2017 -.25 4.6788 12.1543 -.25 5.2527
3 0 10.5975 -.25 -2.8794 8.9227 -.25 -3.8309 7.4419 -.25 -5.401
3 0 5.0468 -.25 -5.917 7.4419 -.25 -5.401 6.2837 -.25 -5.1877
4 0 8.9227 -.25 -3.8309 8.6728 -.25 -3.9048 6.2837 -.25 -5.1877 7.4419 -.25 -5.401
4 0 6.2837 -.25 -5.1877 8.6728 -.25 -3.9048 8.6757 -.25 -3.7859 8.3962 -.25 -2.9921
4 0 8.3962 -.25 -2.9921 8.6757 -.25 -3.7859 10.1666 -.25 -1.3948 9.0393 -.25 -2.0583
4 0 10.1666 -.25 -1.3948 12.291 -.25 -1.5363 11.0042 -.25 -1.0051 10.44 -.25 -.83
4 0 10.44 -.25 -.83 9.433 -.25 -1.173 9.0393 -.25 -2.0583 10.1666 -.25 -1.3948
4 0 9.4088 -.25 -1.0463 9.433 -.25 -1.173 10.44 -.25 -.83 9.6737 -.25 -.5081
4 0 9.4088 -.25 -1.0463 9.6737 -.25 -.5081 9.5909 -.25 -.5484 9.3185 -.25 -.9765
4 0 9.5909 -.25 -.5484 9.4623 -.25 -.522 9.2275 -.25 -.9931 9.3185 -.25 -.9765
4 0 9.4623 -.25 -.522 9.4008 -.25 -.4345 9.0937 -.25 -1.1184 9.2275 -.25 -.9931
3 0 9.7945 -.25 -.3382 9.6737 -.25 -.5081 10.44 -.25 -.83
3 0 10.0823 -.25 .4133 9.7945 -.25 -.3382 10.44 -.25 -.83
4 0 11.2335 -.25 2.9496 10.3569 -.25 1.4616 10.0823 -.25 .4133 10.44 -.25 -.83
3 0 11.2335 -.25 2.9496 10.4758 -.25 2.7878 10.3569 -.25 1.4616
4 0 11.4521 -.25 5.1467 11.3654 -.25 5.2042 10.4758 -.25 2.7878 11.2335 -.25 2.9496
4 0 10.4758 -.25 2.7878 11.3654 -.25 5.2042 11.3046 -.25 5.4576 10.4976 -.25 4.1143
4 0 11.6057 -.25 3.2974 12.2017 -.25 4.6788 11.5404 -.25 5.3295 11.5038 -.25 5.1978
4 0 11.4521 -.25 5.1467 11.2335 -.25 2.9496 11.6057 -.25 3.2974 11.5038 -.25 5.1978
3 0 11.6057 -.25 3.2974 15.4653 -.25 6.0905 12.2017 -.25 4.6788
4 0 12.2017 -.25 4.6788 15.4653 -.25 6.0905 17.547 -.25 8.2041 14.2495 -.25 6.2093
4 0 17.547 -.25 8.2041 15.4653 -.25 6.0905 18.2823 -.25 7.9397 21.3451 -.25 10.2291
4 0 21.3451 -.25 10.2291 18.2823 -.25 7.9397 22.2043 -.25 10.0603 23.3416 -.25 11.1446
4 0 23.7971 -.25 11.364 23.3416 -.25 11.1446 22.2043 -.25 10.0603 23.3416 -.25 10.58
4 0 24.0397 -.25 11.6213 23.7971 -.25 11.364 23.3416 -.25 10.58 23.6839 -.25 10.7365
3 0 -3.7748 -.25 15.3208 -3.7751 -.25 14.464 -3.0377 -.25 14.381
3 0 -3.7748 -.25 15.3208 -3.0377 -.25 14.381 -2.7134 -.25 14.3119
4 0 -9.3349 -.25 18.0041 -9.6551 -.25 17.3152 .4584 -.25 23.9569 -8.4077 -.25 18.747
3 0 -6.8585 -.25 20.0458 -7.1616 -.25 19.9294 -7.7 -.25 19.4705
3 0 -7.1616 -.25 19.9294 -7.3519 -.25 19.9449 -7.7 -.25 19.4705
4 0 -8.4077 -.25 18.747 .4584 -.25 23.9569 -6.8585 -.25 20.0458 -7.7 -.25 19.4705
4 0 .4584 -.25 23.9569 -.6757 -.25 24.2768 -3.7928 -.25 22.2594 -6.8585 -.25 20.0458
4 0 2.3476 -.25 25.7354 -.6757 -.25 24.2768 .4584 -.25 23.9569 2.9756 -.25 25.0201
4 0 3.5909 -.25 26.0941 2.3476 -.25 25.7354 2.9756 -.25 25.0201 4.5139 -.25 25.3977
4 0 5.3077 -.25 26.4003 3.5909 -.25 26.0941 4.5139 -.25 25.3977 6.9763 -.25 25.6422
4 0 6.67 -.25 26.5234 5.3077 -.25 26.4003 6.9763 -.25 25.6422 10.5551 -.25 25.5933
4 0 9.8801 -.25 26.5335 6.67 -.25 26.5234 10.5551 -.25 25.5933 15.215 -.25 25.0115
4 0 9.8801 -.25 26.5335 15.215 -.25 25.0115 18.0046 -.25 24.4435 16.0227 -.25 25.5293
4 0 18.7952 -.25 24.4849 18.7637 -.25 24.2826 18.9265 -.25 24.2849 18.9277 -.25 24.3841
4 0 18.1089 -.25 24.8432 18.0046 -.25 24.4435 18.7637 -.25 24.2826 18.7952 -.25 24.4849
3 0 16.46 -.25 25.4734 16.0227 -.25 25.5293 18.0046 -.25 24.4435
4 0 17.2116 -.25 25.2915 16.46 -.25 25.4734 18.0046 -.25 24.4435 18.1089 -.25 24.8432
3 0 16.6714 -.25 25.6429 16.46 -.25 25.4734 17.2116 -.25 25.2915
4 0 19.146 -.25 28.4818 18.5952 -.25 28.5118 16.6714 -.25 25.6429 17.2116 -.25 25.2915
4 0 19.0462 -.25 29.0015 18.7072 -.25 28.7924 18.5952 -.25 28.5118 19.146 -.25 28.4818
4 0 19.4972 -.25 28.8521 19.0462 -.25 29.0015 19.146 -.25 28.4818 19.6555 -.25 28.768
4 0 19.0462 -.25 29.0015 19.4972 -.25 28.8521 19.8126 -.25 29.3584 19.7361 -.25 29.6624
4 0 19.9947 -.25 29.7866 19.7361 -.25 29.6624 19.8126 -.25 29.3584 19.9989 -.25 29.6658
4 0 19.6555 -.25 28.768 19.146 -.25 28.4818 21.0843 -.25 28.0336 22.117 -.25 28.3986
4 0 21.0843 -.25 28.0336 21.3025 -.25 27.8738 21.8532 -.25 27.7862 22.034 -.25 27.8967
4 0 22.3136 -.25 28.3997 22.117 -.25 28.3986 21.0843 -.25 28.0336 22.034 -.25 27.8967
4 0 22.3506 -.25 28.4394 22.3136 -.25 28.3997 22.034 -.25 27.8967 22.6099 -.25 27.7985
4 0 22.3506 -.25 28.4394 22.6099 -.25 27.7985 23.6414 -.25 27.7349 23.8623 -.25 27.7701
4 0 22.3506 -.25 28.4394 23.8623 -.25 27.7701 23.7637 -.25 27.9566 23.2125 -.25 28.492
3 0 22.1864 -.25 28.711 22.3506 -.25 28.4394 23.2125 -.25 28.492
3 0 21.8337 -.25 29.0228 22.1864 -.25 28.711 23.2125 -.25 28.492
4 0 21.2132 -.25 29.4255 21.8337 -.25 29.0228 23.2125 -.25 28.492 21.6798 -.25 29.6716
4 0 21.6798 -.25 29.6716 21.1711 -.25 29.9577 20.6952 -.25 29.7874 21.2132 -.25 29.4255
4 0 20.6559 -.25 30.0392 20.6393 -.25 29.9041 20.6952 -.25 29.7874 20.7662 -.25 30.0966
3 0 21.1711 -.25 29.9577 20.7662 -.25 30.0966 20.6952 -.25 29.7874
4 0 21.3025 -.25 27.8738 21.3558 -.25 27.651 21.8083 -.25 27.4891 21.8532 -.25 27.7862
4 0 21.8083 -.25 27.4891 21.3558 -.25 27.651 21.1293 -.25 25.3133 22.0167 -.25 24.9244
4 0 21.1293 -.25 25.3133 21.4916 -.25 24.4213 22.011 -.25 24.2058 22.0167 -.25 24.9244
4 0 22.0167 -.25 24.9244 22.011 -.25 24.2058 23.1574 -.25 23.5623 23.2168 -.25 24.2006
4 0 23.5009 -.25 23.907 23.1574 -.25 23.5623 23.5065 -.25 23.4496 23.5988 -.25 23.5949
3 0 23.5009 -.25 23.907 23.2168 -.25 24.2006 23.1574 -.25 23.5623
4 0 21.1293 -.25 25.3133 20.3809 -.25 25.134 20.0546 -.25 24.6065 21.4916 -.25 24.4213
4 0 20.3809 -.25 25.134 19.9676 -.25 25.1005 19.6801 -.25 24.7 20.0546 -.25 24.6065
4 0 19.7261 -.25 25.025 19.5995 -.25 24.8312 19.6801 -.25 24.7 19.9676 -.25 25.1005
4 0 9.4008 -.25 -.4345 9.4015 -.25 -.0579 8.9625 -.25 -1.3098 9.0937 -.25 -1.1184
4 0 9.4015 -.25 -.0579 8.7759 -.25 -.0601 8.4805 -.25 -.7019 8.9625 -.25 -1.3098
4 0 8.7759 -.25 -.0601 8.6429 -.25 -.2005 8.3384 -.25 -.5829 8.4805 -.25 -.7019
3 0 8.3384 -.25 -.5829 8.6429 -.25 -.2005 8.5074 -.25 -.2307
3 0 8.2877 -.25 -.2053 8.3384 -.25 -.5829 8.5074 -.25 -.2307
4 0 8.2877 -.25 -.2053 7.6758 -.25 .0137 7.5152 -.25 -.2649 8.3384 -.25 -.5829
4 0 7.6758 -.25 .0137 7.5513 -.25 .1193 7.366 -.25 -.2682 7.5152 -.25 -.2649
4 0 7.5513 -.25 .1193 7.5701 -.25 .2932 7.2085 -.25 -.4083 7.366 -.25 -.2682
3 0 8.7759 -.25 -.0601 9.4015 -.25 -.0579 9.6333 -.25 .9157
4 0 9.2305 -.25 1.8429 8.7759 -.25 -.0601 9.6333 -.25 .9157 9.7613 -.25 1.6788
4 0 9.2299 -.25 3.1376 9.2305 -.25 1.8429 9.7613 -.25 1.6788 9.7735 -.25 3.0767
4 0 9.6407 -.25 4.7682 9.1241 -.25 4.2779 9.2299 -.25 3.1376 9.7735 -.25 3.0767
4 0 9.0665 -.25 6.1369 8.5722 -.25 5.458 9.1241 -.25 4.2779 9.6407 -.25 4.7682
4 0 9.0665 -.25 6.1369 8.5579 -.25 6.6321 8.2063 -.25 5.9101 8.5722 -.25 5.458
4 0 8.5579 -.25 6.6321 7.7281 -.25 7.0829 7.5653 -.25 6.3772 8.2063 -.25 5.9101
4 0 7.0942 -.25 7.2256 6.9387 -.25 6.57 7.5653 -.25 6.3772 7.7281 -.25 7.0829
4 0 5.5607 -.25 6.9736 6.0998 -.25 6.509 6.9387 -.25 6.57 7.0942 -.25 7.2256
4 0 6.0998 -.25 6.509 5.5607 -.25 6.9736 4.9575 -.25 6.7696 5.9069 -.25 6.4309
4 0 8.4805 -.25 -.7019 8.3448 -.25 -1.0937 8.7078 -.25 -1.7772 8.9625 -.25 -1.3098
4 0 8.7078 -.25 -1.7772 8.3448 -.25 -1.0937 7.9445 -.25 -1.7699 8.2733 -.25 -2.478
4 0 8.2733 -.25 -2.478 7.9445 -.25 -1.7699 6.9851 -.25 -3.0444 7.2793 -.25 -3.6407
4 0 7.2793 -.25 -3.6407 6.9851 -.25 -3.0444 6.0885 -.25 -3.8738 6.1497 -.25 -4.5859
4 0 6.1497 -.25 -4.5859 6.0885 -.25 -3.8738 5.4404 -.25 -4.2176 4.8454 -.25 -5.1461
4 0 5.4404 -.25 -4.2176 4.3838 -.25 -4.5905 4.3604 -.25 -5.2441 4.8454 -.25 -5.1461
4 0 4.3838 -.25 -4.5905 3.8894 -.25 -4.6119 3.6061 -.25 -5.1697 4.3604 -.25 -5.2441
4 0 3.8894 -.25 -4.6119 3.3707 -.25 -4.5345 2.2381 -.25 -4.7569 3.6061 -.25 -5.1697
4 0 3.3707 -.25 -4.5345 2.1039 -.25 -3.6481 1.5232 -.25 -3.7791 2.2381 -.25 -4.7569
4 0 1.768 -.25 -3.1774 1.0936 -.25 -2.8669 1.5232 -.25 -3.7791 2.1039 -.25 -3.6481
4 0 .8637 -.25 -1.9481 1.0936 -.25 -2.8669 1.768 -.25 -3.1774 1.6112 -.25 -2.6894
4 0 1.2 -.25 .9 .8637 -.25 -1.9481 1.6112 -.25 -2.6894 1.7809 -.25 -2.7187
4 0 1.7174 -.25 2.4655 1.2 -.25 .9 1.7809 -.25 -2.7187 2.6013 -.25 -3.1579
4 0 4.9575 -.25 6.7696 4.0961 -.25 6.2545 5.9757 -.25 6.3332 5.9069 -.25 6.4309
4 0 5.9757 -.25 6.3332 4.0961 -.25 6.2545 3.1699 -.25 5.1509 6.1566 -.25 6.2055
4 0 6.6494 -.25 5.9074 6.1566 -.25 6.2055 3.1699 -.25 5.1509 7.2418 -.25 5.2907
4 0 7.5214 -.25 4.8314 7.2418 -.25 5.2907 3.1699 -.25 5.1509 7.7463 -.25 4.2828
4 0 7.8616 -.25 3.7727 7.7463 -.25 4.2828 3.1699 -.25 5.1509 7.9341 -.25 2.3781
4 0 7.828 -.25 1.1695 7.9341 -.25 2.3781 3.1699 -.25 5.1509 7.7423 -.25 .6717
4 0 7.5701 -.25 .2932 7.7423 -.25 .6717 3.1699 -.25 5.1509 7.2085 -.25 -.4083
4 0 1.7174 -.25 2.4655 2.6013 -.25 -3.1579 3.3047 -.25 -3.3242 3.1699 -.25 5.1509
4 0 3.1699 -.25 5.1509 3.3047 -.25 -3.3242 3.8651 -.25 -3.2837 4.6119 -.25 -2.9697
4 0 3.1699 -.25 5.1509 4.6119 -.25 -2.9697 5.2821 -.25 -2.5438 5.9576 -.25 -1.9439
3 0 3.1699 -.25 5.1509 5.9576 -.25 -1.9439 7.2085 -.25 -.4083
4 0 10.44 -.25 -.83 11.0042 -.25 -1.0051 12.3814 -.25 .1376 13.3886 -.25 1.8861
4 0 13.3886 -.25 1.8861 12.3814 -.25 .1376 14.9715 -.25 1.9644 15.8721 -.25 3.7131
4 0 15.8721 -.25 3.7131 14.9715 -.25 1.9644 18.2984 -.25 4.0191 18.7607 -.25 5.3458
4 0 22.1702 -.25 6.7663 18.7607 -.25 5.3458 18.2984 -.25 4.0191 21.4081 -.25 5.6856
4 0 22.1702 -.25 6.7663 21.4081 -.25 5.6856 23.2813 -.25 6.4861 24.1321 -.25 7.3616
4 0 24.6647 -.25 7.3768 24.1321 -.25 7.3616 23.2813 -.25 6.4861 24.186 -.25 6.7769
4 0 25.1681 -.25 7.1611 24.6647 -.25 7.3768 24.186 -.25 6.7769 24.5487 -.25 6.7964
4 0 25.1681 -.25 7.1611 24.5487 -.25 6.7964 24.7993 -.25 6.7011 25.2393 -.25 6.5405
4 0 25.1681 -.25 7.1611 25.2393 -.25 6.5405 25.7538 -.25 6.3992 25.9279 -.25 6.883
4 0 25.9279 -.25 6.883 25.7538 -.25 6.3992 26.3215 -.25 6.2717 26.3682 -.25 6.8709
3 0 13.1233 -.25 -1.3516 13.7136 -.25 -1.7675 14.0153 -.25 -1.573
3 0 14.0153 -.25 -1.573 26.3215 -.25 6.2717 13.1233 -.25 -1.3516
4 0 27.8358 -.25 7.1148 26.3215 -.25 6.2717 14.0153 -.25 -1.573 34.347 -.25 10.2746
4 0 38 -.25 12.5087 38 -.25 13.0913 34.6134 -.25 11.1431 35.8167 -.25 11.0769
4 0 34.6134 -.25 11.1431 33.9345 -.25 10.7398 35.7922 -.25 10.9743 35.8167 -.25 11.0769
4 0 36.1912 -.25 10.7811 36.0619 -.25 10.4707 36.2729 -.25 10.4949 36.3359 -.25 10.6144
4 0 36.1912 -.25 10.7811 35.7922 -.25 10.9743 35.2085 -.25 10.5192 36.0619 -.25 10.4707
4 0 35.7922 -.25 10.9743 33.9345 -.25 10.7398 34.347 -.25 10.2746 35.2085 -.25 10.5192
3 0 34.347 -.25 10.2746 33.9345 -.25 10.7398 29.4227 -.25 8.0383
4 0 29.4227 -.25 8.0383 28.2274 -.25 7.4496 27.8358 -.25 7.1148 34.347 -.25 10.2746
3 0 29.4227 -.25 8.0383 29.3124 -.25 8.0138 28.2274 -.25 7.4496
4 0 29.3124 -.25 8.0138 29.2801 -.25 8.0819 28.3496 -.25 7.7132 28.2274 -.25 7.4496
4 0 28.1955 -.25 7.8583 28.3496 -.25 7.7132 29.2801 -.25 8.0819 29.3275 -.25 8.3004
3 0 27.8358 -.25 7.1148 27.3504 -.25 6.9677 26.3215 -.25 6.2717
3 0 26.3215 -.25 6.2717 27.3504 -.25 6.9677 26.9265 -.25 7.0543
4 0 26.3215 -.25 6.2717 26.9265 -.25 7.0543 26.5628 -.25 7.285 26.3682 -.25 6.8709
4 0 26.2888 -.25 7.6855 25.9071 -.25 7.8793 26.3682 -.25 6.8709 26.5628 -.25 7.285
4 0 26.0741 -.25 8.4362 25.7333 -.25 8.4598 25.9071 -.25 7.8793 26.2888 -.25 7.6855
4 0 25.5648 -.25 8.9699 25.7333 -.25 8.4598 26.0741 -.25 8.4362 26.0098 -.25 10.785
4 0 25.4785 -.25 9.0835 25.5648 -.25 8.9699 26.0098 -.25 10.785 25.4302 -.25 10.5614
4 0 25.4302 -.25 10.5614 25.2736 -.25 9.499 25.3849 -.25 9.1315 25.4785 -.25 9.0835
4 0 25.2736 -.25 9.499 25.26 -.25 9.3898 25.3003 -.25 9.1846 25.3849 -.25 9.1315
4 0 25.7349 -.25 11.8777 25.4302 -.25 10.5614 26.0098 -.25 10.785 26.7747 -.25 13.5045
4 0 26.662 -.25 14.3616 25.7349 -.25 11.8777 26.7747 -.25 13.5045 27.2637 -.25 15.6487
4 0 26.7747 -.25 13.5045 28.3072 -.25 16.1913 27.9034 -.25 16.6148 27.2637 -.25 15.6487
4 0 28.4138 -.25 17.2298 27.9034 -.25 16.6148 28.3072 -.25 16.1913 28.7287 -.25 16.6966
4 0 28.7965 -.25 17.5247 28.4138 -.25 17.2298 28.7287 -.25 16.6966 29.1045 -.25 16.8472
4 0 28.7965 -.25 17.5247 29.1045 -.25 16.8472 29.5613 -.25 16.7831 30.0605 -.25 17.9014
4 0 30.0387 -.25 17.2308 29.5613 -.25 16.7831 29.7312 -.25 16.6329 30.095 -.25 16.9945
4 0 30.3683 -.25 16.3997 30.095 -.25 16.9945 29.7312 -.25 16.6329 30.1202 -.25 15.9134
4 0 30.3683 -.25 16.3997 30.1202 -.25 15.9134 30.2045 -.25 15.6279 30.5973 -.25 15.9241
4 0 30.3689 -.25 17.9204 30.0605 -.25 17.9014 29.5613 -.25 16.7831 30.0387 -.25 17.2308
4 0 30.504 -.25 17.9783 30.3689 -.25 17.9204 30.0387 -.25 17.2308 30.2095 -.25 17.2836
3 0 30.504 -.25 17.9783 30.2095 -.25 17.2836 30.4806 -.25 17.2347
3 0 30.504 -.25 17.9783 30.4806 -.25 17.2347 30.6078 -.25 17.1298
4 0 31.1159 -.25 18.1055 30.514 -.25 18.0921 30.504 -.25 17.9783 30.6078 -.25 17.1298
4 0 31.1159 -.25 18.1055 30.6078 -.25 17.1298 30.6258 -.25 17.0355 31.2833 -.25 16.117
4 0 31.2833 -.25 16.117 30.6258 -.25 17.0355 30.6293 -.25 16.4601 31.3172 -.25 15.2499
4 0 31.3172 -.25 15.2499 30.6293 -.25 16.4601 30.5973 -.25 15.9241 31.3655 -.25 15.0796
4 0 30.5973 -.25 15.9241 30.2045 -.25 15.6279 30.1692 -.25 15.5396 31.3655 -.25 15.0796
4 0 13.2599 -.25 9.0214 13.214 -.25 9.0405 13.1593 -.25 9.0373 13.2807 -.25 8.9676
4 0 13.1593 -.25 9.0373 13.1043 -.25 9.0091 13.2681 -.25 8.8852 13.2807 -.25 8.9676
4 0 13.2681 -.25 8.8852 13.1043 -.25 9.0091 13.0394 -.25 8.9205 13.1528 -.25 8.5264
4 0 13.1528 -.25 8.5264 13.0394 -.25 8.9205 12.9762 -.25 8.5379 13.1399 -.25 8.3606
4 0 12.9762 -.25 8.5379 13.0081 -.25 8.1995 13.1727 -.25 8.2276 13.1399 -.25 8.3606
4 0 13.2195 -.25 8.1376 13.1727 -.25 8.2276 13.0081 -.25 8.1995 13.1003 -.25 7.8464
4 0 13.4762 -.25 7.8355 13.2195 -.25 8.1376 13.1003 -.25 7.8464 13.2935 -.25 7.3883
4 0 13.2935 -.25 7.3883 13.3983 -.25 7.2406 13.6274 -.25 7.7501 13.4762 -.25 7.8355
4 0 13.7114 -.25 7.7381 13.6274 -.25 7.7501 13.3983 -.25 7.2406 13.5253 -.25 7.2051
4 0 13.7822 -.25 7.7502 13.7114 -.25 7.7381 13.5253 -.25 7.2051 13.9082 -.25 7.2888
4 0 13.8746 -.25 7.8012 13.7822 -.25 7.7502 13.9082 -.25 7.2888 13.9652 -.25 7.3357
4 0 14.1662 -.25 7.6465 14.0018 -.25 7.9459 13.8746 -.25 7.8012 13.9652 -.25 7.3357
4 0 14.423 -.25 8.4052 14.2054 -.25 8.4164 14.0018 -.25 7.9459 14.1662 -.25 7.6465
4 0 14.2233 -.25 8.6152 14.2054 -.25 8.4164 14.423 -.25 8.4052 14.4426 -.25 8.6934
4 0 14.4161 -.25 9.0397 14.0834 -.25 9.0649 14.2233 -.25 8.6152 14.4426 -.25 8.6934
4 0 14.0492 -.25 9.1217 14.0834 -.25 9.0649 14.4161 -.25 9.0397 14.3742 -.25 9.2191
4 0 13.9655 -.25 9.2023 14.0492 -.25 9.1217 14.3742 -.25 9.2191 14.2693 -.25 9.4624
4 0 14.2693 -.25 9.4624 14.1973 -.25 9.5261 13.9278 -.25 9.2217 13.9655 -.25 9.2023
4 0 14.1973 -.25 9.5261 14.128 -.25 9.5468 13.606 -.25 9.2595 13.9278 -.25 9.2217
4 0 14.128 -.25 9.5468 13.8834 -.25 9.5441 13.499 -.25 9.295 13.606 -.25 9.2595
3 0 13.8834 -.25 9.5441 13.6123 -.25 9.4853 13.499 -.25 9.295
4 0 13.5283 -.25 9.4413 13.4664 -.25 9.3461 13.499 -.25 9.295 13.6123 -.25 9.4853
4 0 13.4771 -.25 13.1716 13.4397 -.25 13.1957 13.3692 -.25 13.1501 13.5287 -.25 13.0177
4 0 13.5287 -.25 13.0177 13.3692 -.25 13.1501 13.2456 -.25 12.8448 13.572 -.25 12.38
4 0 13.572 -.25 12.38 13.2456 -.25 12.8448 13.198 -.25 12.51 13.7106 -.25 11.9733
4 0 13.7106 -.25 11.9733 13.198 -.25 12.51 13.2548 -.25 12.1311 13.3241 -.25 11.9644
4 0 13.7106 -.25 11.9733 13.3241 -.25 11.9644 13.5155 -.25 11.7037 13.811 -.25 11.8799
4 0 13.811 -.25 11.8799 13.5155 -.25 11.7037 13.764 -.25 11.5276 13.8978 -.25 11.86
4 0 13.8978 -.25 11.86 13.764 -.25 11.5276 14.12 -.25 11.3529 13.9813 -.25 11.8876
4 0 13.9813 -.25 11.8876 14.12 -.25 11.3529 14.4025 -.25 11.9712 14.105 -.25 12.0086
4 0 14.1886 -.25 12.146 14.105 -.25 12.0086 14.4025 -.25 11.9712 14.5133 -.25 12.3258
4 0 14.2865 -.25 12.3835 14.1886 -.25 12.146 14.5133 -.25 12.3258 14.5979 -.25 12.8547
4 0 14.3563 -.25 12.6673 14.2865 -.25 12.3835 14.5979 -.25 12.8547 14.6044 -.25 13.3291
4 0 14.3745 -.25 13.2012 14.3563 -.25 12.6673 14.6044 -.25 13.3291 14.5701 -.25 13.5738
4 0 14.3542 -.25 13.3137 14.3745 -.25 13.2012 14.5701 -.25 13.5738 14.461 -.25 13.8154
4 0 14.322 -.25 13.3824 14.3542 -.25 13.3137 14.461 -.25 13.8154 14.2979 -.25 13.9136
4 0 14.2979 -.25 13.9136 14.1315 -.25 13.9355 14.2738 -.25 13.4319 14.322 -.25 13.3824
4 0 14.1315 -.25 13.9355 13.9244 -.25 13.8994 14.0874 -.25 13.5124 14.2738 -.25 13.4319
4 0 14.0874 -.25 13.5124 13.6088 -.25 13.6971 13.6407 -.25 13.623 13.7437 -.25 13.5934
3 0 13.9244 -.25 13.8994 13.6088 -.25 13.6971 14.0874 -.25 13.5124
3 0 9.3665 -.25 12.0815 10.1385 -.25 11.7143 10.2861 -.25 11.8946
4 0 9.3665 -.25 12.0815 10.2861 -.25 11.8946 12.0859 -.25 12.7811 11.2722 -.25 13.1522
4 0 11.529 -.25 13.8002 11.2722 -.25 13.1522 12.0859 -.25 12.7811 12.2067 -.25 12.975
4 0 31.5083 -.25 11.8187 31.6475 -.25 11.1992 33.9345 -.25 10.7398 34.6134 -.25 11.1431
4 0 31.5083 -.25 11.8187 30.9017 -.25 11.9401 30.6779 -.25 11.3156 31.6475 -.25 11.1992
4 0 30.6779 -.25 11.3156 30.9017 -.25 11.9401 30.7695 -.25 12.1775 30.5506 -.25 11.2345
4 0 28.1153 -.25 8.5305 28.1955 -.25 7.8583 29.3275 -.25 8.3004 28.8128 -.25 9.2191
4 0 28.8128 -.25 9.2191 29.3275 -.25 8.3004 30.047 -.25 9.897 29.4944 -.25 10.33
4 0 29.4944 -.25 10.33 30.047 -.25 9.897 30.5506 -.25 11.2345 29.7971 -.25 10.9608
3 0 30.5506 -.25 11.2345 29.9077 -.25 11.2835 29.7971 -.25 10.9608
3 0 29.9077 -.25 11.2835 30.5506 -.25 11.2345 29.8882 -.25 11.4709
4 0 29.9958 -.25 12.1811 29.8882 -.25 11.4709 30.5506 -.25 11.2345 30.7695 -.25 12.1775
4 0 29.8882 -.25 11.4709 29.9958 -.25 12.1811 29.8946 -.25 12.0839 29.6875 -.25 11.6107
4 0 29.6875 -.25 11.6107 29.8946 -.25 12.0839 29.7065 -.25 12.0694 29.4218 -.25 11.6462
4 0 29.4218 -.25 11.6462 29.7065 -.25 12.0694 29.4683 -.25 12.1481 29.2827 -.25 11.5129
4 0 28.1153 -.25 8.5305 27.8188 -.25 8.3879 27.6642 -.25 7.8928 28.1955 -.25 7.8583
4 0 27.6642 -.25 7.8928 27.8188 -.25 8.3879 27.6887 -.25 8.4039 27.4132 -.25 7.9629
4 0 27.4132 -.25 7.9629 27.6887 -.25 8.4039 27.5415 -.25 8.497 27.2739 -.25 8.0618
4 0 27.5415 -.25 8.497 27.0653 -.25 8.447 27.1465 -.25 8.2437 27.2739 -.25 8.0618
4 0 27.0653 -.25 8.447 27.5415 -.25 8.497 27.2988 -.25 8.869 26.9029 -.25 9.1748
3 0 26.9029 -.25 9.1748 27.2988 -.25 8.869 27.2454 -.25 9.0885
3 0 26.9029 -.25 9.1748 27.2454 -.25 9.0885 27.2642 -.25 9.2048
4 0 26.9325 -.25 11.3303 26.9029 -.25 9.1748 27.2642 -.25 9.2048 27.3515 -.25 9.2447
4 0 26.9325 -.25 11.3303 27.3515 -.25 9.2447 27.5102 -.25 9.252 27.6888 -.25 9.2896
4 0 26.9325 -.25 11.3303 27.6888 -.25 9.2896 27.944 -.25 9.4391 28.4652 -.25 10.0257
4 0 26.9325 -.25 11.3303 28.4652 -.25 10.0257 28.9154 -.25 10.842 29.2827 -.25 11.5129
4 0 27.5378 -.25 13.7635 26.9325 -.25 11.3303 29.2827 -.25 11.5129 29.4683 -.25 12.1481
3 0 27.5378 -.25 13.7635 29.4683 -.25 12.1481 29.4319 -.25 12.4925
4 0 27.5378 -.25 13.7635 29.4319 -.25 12.4925 29.424 -.25 13.4262 29.3717 -.25 14.1103
4 0 27.5378 -.25 13.7635 29.3717 -.25 14.1103 29.2415 -.25 14.3349 28.715 -.25 14.7044
4 0 27.5378 -.25 13.7635 28.715 -.25 14.7044 28.6785 -.25 14.8374 28.2614 -.25 15.2376
4 0 28.2614 -.25 15.2376 28.6785 -.25 14.8374 28.8097 -.25 15.1342 28.6316 -.25 15.6511
4 0 28.6316 -.25 15.6511 28.8097 -.25 15.1342 28.9926 -.25 15.2739 29.0081 -.25 15.8403
4 0 29.0081 -.25 15.8403 28.9926 -.25 15.2739 29.2038 -.25 15.2858 29.4002 -.25 15.8784
4 0 29.4002 -.25 15.8784 29.2038 -.25 15.2858 29.4608 -.25 15.1991 29.7359 -.25 15.81
4 0 29.7359 -.25 15.81 29.4608 -.25 15.1991 29.7388 -.25 15.0358 30.0132 -.25 15.6386
4 0 30.0132 -.25 15.6386 29.7388 -.25 15.0358 29.9566 -.25 14.8683 30.1692 -.25 15.5396
4 0 30.0734 -.25 14.7211 31.3655 -.25 15.0796 30.1692 -.25 15.5396 29.9566 -.25 14.8683
4 0 30.0674 -.25 12.5106 29.9958 -.25 12.1811 30.7695 -.25 12.1775 30.8892 -.25 12.5863
4 0 30.1405 -.25 13.4466 30.0674 -.25 12.5106 30.8892 -.25 12.5863 31.9905 -.25 14.6852
4 0 30.1451 -.25 14.384 30.1405 -.25 13.4466 31.9905 -.25 14.6852 31.4236 -.25 15.0493
4 0 31.4236 -.25 15.0493 31.3655 -.25 15.0796 30.0734 -.25 14.7211 30.1262 -.25 14.5663
3 0 31.4236 -.25 15.0493 30.1262 -.25 14.5663 30.1451 -.25 14.384
3 0 31.9905 -.25 14.6852 31.5727 -.25 15.2755 31.4236 -.25 15.0493
4 0 32.6563 -.25 16.9409 32.0685 -.25 16.7448 31.5727 -.25 15.2755 31.9905 -.25 14.6852
4 0 32.7369 -.25 19.1268 32.0685 -.25 16.7448 32.6563 -.25 16.9409 33.3255 -.25 19.7259
4 0 33.3255 -.25 19.7259 33.3212 -.25 19.8505 32.907 -.25 19.6021 32.7369 -.25 19.1268
4 0 32.907 -.25 19.6021 33.3212 -.25 19.8505 33.2503 -.25 19.891 33.1049 -.25 19.8367
4 0 24.0397 -.25 11.6213 23.6839 -.25 10.7365 23.9615 -.25 10.8017 24.1151 -.25 11.7826
4 0 24.2186 -.25 12.1446 24.1151 -.25 11.7826 24.6168 -.25 11.8623 25.0289 -.25 13.3709
3 0 24.6168 -.25 11.8623 24.1151 -.25 11.7826 23.9615 -.25 10.8017
4 0 23.9615 -.25 10.8017 23.9255 -.25 10.5263 24.1419 -.25 9.3789 24.6168 -.25 11.8623
4 0 24.1419 -.25 9.3789 23.9255 -.25 10.5263 23.7744 -.25 9.7144 23.884 -.25 8.2172
4 0 23.884 -.25 8.2172 23.7744 -.25 9.7144 23.5794 -.25 8.3115 23.7842 -.25 7.99
4 0 23.7393 -.25 7.9355 23.5794 -.25 8.3115 23.5803 -.25 8.0427 23.634 -.25 7.9083
3 0 23.5794 -.25 8.3115 23.7393 -.25 7.9355 23.7842 -.25 7.99
4 0 25.5097 -.25 17.9006 25.3252 -.25 17.8797 25.2198 -.25 17.7256 25.6369 -.25 17.7106
4 0 25.5394 -.25 17.1634 25.6369 -.25 17.7106 25.2198 -.25 17.7256 25.3228 -.25 16.3303
4 0 25.2683 -.25 16.063 25.3228 -.25 16.3303 25.2198 -.25 17.7256 24.2186 -.25 12.1446
3 0 25.2735 -.25 15.8805 25.2683 -.25 16.063 24.2186 -.25 12.1446
4 0 24.2186 -.25 12.1446 25.0289 -.25 13.3709 25.3998 -.25 15.7397 25.2735 -.25 15.8805
4 0 25.4594 -.25 15.8791 25.3998 -.25 15.7397 25.0289 -.25 13.3709 25.3757 -.25 14.2813
4 0 25.4594 -.25 15.8791 25.3757 -.25 14.2813 26.23 -.25 15.9189 25.7192 -.25 16.3127
4 0 25.7192 -.25 16.3127 26.23 -.25 15.9189 27.2396 -.25 17.3253 27.1967 -.25 18.3369
4 0 27.1967 -.25 18.3369 27.2396 -.25 17.3253 27.9867 -.25 18.0902 27.4787 -.25 18.5944
4 0 27.4787 -.25 18.5944 27.9867 -.25 18.0902 28.687 -.25 18.5683 27.8772 -.25 18.8508
4 0 27.8772 -.25 18.8508 28.687 -.25 18.5683 29.2193 -.25 18.7385 29.3597 -.25 19.4899
4 0 30.4699 -.25 18.1742 30.514 -.25 18.0921 31.1159 -.25 18.1055 30.9548 -.25 18.5122
4 0 30.4699 -.25 18.1742 30.9548 -.25 18.5122 30.6606 -.25 18.8997 30.1693 -.25 18.4981
4 0 30.1693 -.25 18.4981 30.6606 -.25 18.8997 30.3683 -.25 19.1006 29.9683 -.25 18.6347
4 0 29.9683 -.25 18.6347 30.3683 -.25 19.1006 30.1311 -.25 19.2227 29.6302 -.25 18.7417
4 0 29.2193 -.25 18.7385 29.6302 -.25 18.7417 30.1311 -.25 19.2227 29.9605 -.25 19.3552
4 0 29.2193 -.25 18.7385 29.9605 -.25 19.3552 29.9715 -.25 19.4495 29.3597 -.25 19.4899
4 0 29.3597 -.25 19.4899 29.9715 -.25 19.4495 30.3889 -.25 20.2832 30.2724 -.25 20.3413
4 0 30.5608 -.25 20.3072 30.3889 -.25 20.2832 29.9715 -.25 19.4495 30.2224 -.25 19.6297
4 0 29.8118 -.25 21.818 29.3597 -.25 19.4899 30.2724 -.25 20.3413 30.2698 -.25 20.5559
4 0 29.8118 -.25 21.818 30.2698 -.25 20.5559 30.3259 -.25 21.0088 29.7829 -.25 21.9918
3 0 29.7829 -.25 21.9918 30.3259 -.25 21.0088 30.575 -.25 22.4032
4 0 29.9986 -.25 22.9219 29.7829 -.25 21.9918 30.575 -.25 22.4032 30.0512 -.25 23.0612
4 0 29.9986 -.25 22.9219 29.8934 -.25 22.8295 29.6908 -.25 22.0679 29.7829 -.25 21.9918
4 0 29.6908 -.25 22.0679 29.8934 -.25 22.8295 29.7753 -.25 22.7659 29.5602 -.25 22.074
4 0 28.9852 -.25 21.8521 29.5602 -.25 22.074 29.7753 -.25 22.7659 28.2864 -.25 22.2492
4 0 27.7875 -.25 21.1469 28.9852 -.25 21.8521 28.2864 -.25 22.2492 27.7441 -.25 21.9431
4 0 27.7441 -.25 21.9431 27.2132 -.25 21.5194 27.2827 -.25 20.7424 27.7875 -.25 21.1469
4 0 27.2827 -.25 20.7424 27.2132 -.25 21.5194 26.4402 -.25 20.671 27.2154 -.25 20.6155
4 0 27.2154 -.25 20.6155 26.4402 -.25 20.671 26.1888 -.25 20.4431 27.3752 -.25 20.5688
4 0 28.1639 -.25 20.5489 27.8458 -.25 20.6085 27.9847 -.25 20.3185 28.1806 -.25 20.4049
4 0 27.3752 -.25 20.5688 27.9847 -.25 20.3185 27.8458 -.25 20.6085 27.5684 -.25 20.5862
4 0 27.3752 -.25 20.5688 26.1888 -.25 20.4431 25.6822 -.25 20.2179 27.9847 -.25 20.3185
4 0 27.9847 -.25 20.3185 25.6822 -.25 20.2179 23.7665 -.25 19.6725 24.7001 -.25 19.1605
4 0 21.1064 -.25 18.527 21.3516 -.25 17.9334 24.7001 -.25 19.1605 23.7665 -.25 19.6725
4 0 21.1064 -.25 18.527 20.5922 -.25 18.2305 21.1321 -.25 17.7476 21.3516 -.25 17.9334
4 0 20.5922 -.25 18.2305 20.324 -.25 17.8929 20.9855 -.25 17.3846 21.1321 -.25 17.7476
4 0 20.7822 -.25 16.5884 20.9855 -.25 17.3846 20.324 -.25 17.8929 20.0405 -.25 16.9851
4 0 20.7822 -.25 16.5884 20.0405 -.25 16.9851 20.0096 -.25 16.7252 20.7422 -.25 16.2147
4 0 20.7422 -.25 16.2147 20.0096 -.25 16.7252 20.0206 -.25 16.4744 20.8611 -.25 15.6302
4 0 20.0206 -.25 16.4744 20.3813 -.25 15.1204 21.6791 -.25 13.5784 20.8611 -.25 15.6302
4 0 20.3813 -.25 15.1204 21.1269 -.25 13.4423 22.3466 -.25 11.8781 21.6791 -.25 13.5784
4 0 21.1269 -.25 13.4423 22.0268 -.25 11.8686 22.4092 -.25 11.6534 22.3466 -.25 11.8781
4 0 22.0268 -.25 11.8686 22.2242 -.25 11.6177 22.3767 -.25 11.5375 22.4092 -.25 11.6534
4 0 23.4578 -.25 16.8263 23.3943 -.25 16.7202 23.3967 -.25 16.5551 23.5402 -.25 16.7507
4 0 23.3967 -.25 16.5551 23.5009 -.25 16.2482 23.5919 -.25 16.6532 23.5402 -.25 16.7507
4 0 23.5919 -.25 16.6532 23.5009 -.25 16.2482 23.6267 -.25 16.0613 23.7876 -.25 16.3944
4 0 23.7876 -.25 16.3944 23.6267 -.25 16.0613 23.7445 -.25 15.9622 23.8745 -.25 16.3654
4 0 23.8745 -.25 16.3654 23.7445 -.25 15.9622 23.8602 -.25 15.9203 23.9518 -.25 16.3852
4 0 23.9518 -.25 16.3852 23.8602 -.25 15.9203 23.9905 -.25 15.9333 24.1528 -.25 16.0573
4 0 23.9518 -.25 16.3852 24.1528 -.25 16.0573 24.267 -.25 16.2723 24.0723 -.25 16.5238
4 0 24.0723 -.25 16.5238 24.267 -.25 16.2723 24.3357 -.25 16.5357 24.2504 -.25 17.0779
4 0 24.2504 -.25 17.0779 24.3357 -.25 16.5357 24.3815 -.25 16.9193 24.3874 -.25 17.2037
4 0 24.2504 -.25 17.0779 24.3874 -.25 17.2037 24.359 -.25 17.5347 24.2547 -.25 17.3139
4 0 24.2547 -.25 17.3139 24.359 -.25 17.5347 24.3262 -.25 17.6716 24.1881 -.25 17.4615
4 0 24.1881 -.25 17.4615 24.3262 -.25 17.6716 24.2913 -.25 17.7493 24.0143 -.25 17.7235
4 0 23.9826 -.25 17.8061 24.0143 -.25 17.7235 24.0976 -.25 17.9086 24.0089 -.25 17.9101
3 0 24.2913 -.25 17.7493 24.0976 -.25 17.9086 24.0143 -.25 17.7235
4 0 23.1273 -.25 13.9167 23.037 -.25 13.8802 22.9652 -.25 13.7715 23.1611 -.25 13.7105
4 0 23.1611 -.25 13.7105 22.9652 -.25 13.7715 22.9227 -.25 13.5665 23.1903 -.25 13.3062
4 0 23.1903 -.25 13.3062 22.9227 -.25 13.5665 22.9201 -.25 13.2836 22.9913 -.25 12.9351
4 0 23.1903 -.25 13.3062 22.9913 -.25 12.9351 23.0528 -.25 12.8303 23.2482 -.25 13.1478
4 0 23.3616 -.25 13.0321 23.2482 -.25 13.1478 23.0528 -.25 12.8303 23.1915 -.25 12.7357
4 0 23.3616 -.25 13.0321 23.1915 -.25 12.7357 23.4042 -.25 12.7153 23.467 -.25 13.0046
4 0 23.467 -.25 13.0046 23.4042 -.25 12.7153 23.6749 -.25 12.8226 23.5836 -.25 13.0352
4 0 23.5836 -.25 13.0352 23.6749 -.25 12.8226 23.8262 -.25 12.9914 23.7335 -.25 13.1709
4 0 23.8214 -.25 13.2831 23.7335 -.25 13.1709 23.8654 -.25 13.105 23.8708 -.25 13.1677
3 0 23.7335 -.25 13.1709 23.8262 -.25 12.9914 23.8654 -.25 13.105
4 0 23.8967 -.25 13.544 23.918 -.25 13.4951 23.9642 -.25 13.4771 24.0329 -.25 13.5576
4 0 24.0648 -.25 13.6819 23.8708 -.25 13.7819 23.8967 -.25 13.544 24.0329 -.25 13.5576
4 0 23.862 -.25 13.9671 23.8708 -.25 13.7819 24.0648 -.25 13.6819 24.0765 -.25 13.8493
4 0 23.8462 -.25 14.0408 23.862 -.25 13.9671 24.0765 -.25 13.8493 24.0592 -.25 14.0697
4 0 23.7994 -.25 14.116 23.8462 -.25 14.0408 24.0592 -.25 14.0697 24.0268 -.25 14.2066
4 0 23.7994 -.25 14.116 24.0268 -.25 14.2066 23.9852 -.25 14.2988 23.7649 -.25 14.1369
4 0 23.7649 -.25 14.1369 23.9852 -.25 14.2988 23.9039 -.25 14.3833 23.597 -.25 14.1618
4 0 23.597 -.25 14.1618 23.9039 -.25 14.3833 23.7792 -.25 14.444 23.504 -.25 14.2079
4 0 23.504 -.25 14.2079 23.7792 -.25 14.444 23.6551 -.25 14.462 23.4567 -.25 14.3126
4 0 23.4567 -.25 14.3126 23.6551 -.25 14.462 23.5505 -.25 14.442 23.4812 -.25 14.3898
4 0 5.4109 -.25 13.4835 5.2579 -.25 13.1428 5.5481 -.25 13.2964 5.5758 -.25 13.3899
4 0 5.2579 -.25 13.1428 5.4109 -.25 13.4835 4.8848 -.25 13.4496 4.8642 -.25 13.079
4 0 4.8642 -.25 13.079 4.8848 -.25 13.4496 4.6185 -.25 13.5292 4.237 -.25 13.0706
4 0 4.237 -.25 13.0706 4.6185 -.25 13.5292 4.5406 -.25 13.6752 4.0008 -.25 13.1193
4 0 3.8291 -.25 13.244 4.0008 -.25 13.1193 4.5406 -.25 13.6752 3.7574 -.25 13.4245
4 0 3.7542 -.25 13.758 3.7574 -.25 13.4245 4.5406 -.25 13.6752 3.9791 -.25 14.1008
4 0 3.9791 -.25 14.1008 4.5406 -.25 13.6752 4.5988 -.25 13.8115 4.6049 -.25 14.2458
4 0 4.6049 -.25 14.2458 4.5988 -.25 13.8115 4.7707 -.25 13.8968 5.0001 -.25 14.2574
4 0 5.0001 -.25 14.2574 4.7707 -.25 13.8968 4.9073 -.25 13.9249 5.7141 -.25 14.2097
4 0 5.7141 -.25 14.2097 4.9073 -.25 13.9249 5.2008 -.25 13.9442 6.1282 -.25 14.0948
4 0 6.1282 -.25 14.0948 5.2008 -.25 13.9442 5.5263 -.25 13.9179 6.3075 -.25 13.9582
4 0 6.3075 -.25 13.9582 5.5263 -.25 13.9179 5.7037 -.25 13.8758 6.3487 -.25 13.8502
4 0 6.3487 -.25 13.8502 5.7037 -.25 13.8758 5.873 -.25 13.7817 6.322 -.25 13.7155
4 0 6.2686 -.25 13.6624 6.322 -.25 13.7155 5.873 -.25 13.7817 6.1023 -.25 13.6464
4 0 1.7457 -.25 12.4542 1.4126 -.25 12.2541 1.7066 -.25 12.3274 1.8125 -.25 12.42
4 0 1.0762 -.25 12.4961 1.1087 -.25 12.2449 1.4126 -.25 12.2541 1.7457 -.25 12.4542
4 0 1.1087 -.25 12.2449 1.0762 -.25 12.4961 .8439 -.25 12.5532 .4584 -.25 12.3627
4 0 .4584 -.25 12.3627 .8439 -.25 12.5532 .7605 -.25 12.6341 .1561 -.25 12.4791
4 0 .1561 -.25 12.4791 .7605 -.25 12.6341 .7253 -.25 12.7776 -.0064 -.25 12.591
4 0 -.0064 -.25 12.591 .7253 -.25 12.7776 .7887 -.25 12.868 -.0863 -.25 12.7545
4 0 .7887 -.25 12.868 -.0484 -.25 13.0508 -.093 -.25 12.9608 -.0863 -.25 12.7545
4 0 -.0484 -.25 13.0508 .7887 -.25 12.868 .8724 -.25 12.8988 .0866 -.25 13.1484
4 0 .8724 -.25 12.8988 1.5541 -.25 12.9868 .6883 -.25 13.3549 .0866 -.25 13.1484
4 0 .6883 -.25 13.3549 1.5541 -.25 12.9868 1.7463 -.25 12.9715 1.2093 -.25 13.4231
4 0 1.2093 -.25 13.4231 1.7463 -.25 12.9715 1.915 -.25 12.9309 1.433 -.25 13.4033
4 0 1.433 -.25 13.4033 1.915 -.25 12.9309 2.2779 -.25 12.78 1.9044 -.25 13.2892
4 0 1.9044 -.25 13.2892 2.2779 -.25 12.78 2.5024 -.25 12.7609 2.3253 -.25 13.1261
3 0 2.4811 -.25 13.04 2.3253 -.25 13.1261 2.5024 -.25 12.7609
4 0 2.4811 -.25 13.04 2.5024 -.25 12.7609 2.5778 -.25 12.8254 2.5855 -.25 12.943
4 0 5.6433 -.25 15.9049 5.7181 -.25 15.3002 8.1034 -.25 12.594 9.2315 -.25 12.1164
4 0 5.0599 -.25 15.6801 5.2261 -.25 15.2915 5.7181 -.25 15.3002 5.6433 -.25 15.9049
4 0 5.0599 -.25 15.6801 5.6433 -.25 15.9049 6.3496 -.25 16.732 5.5975 -.25 16.4108
4 0 6.6262 -.25 17.8206 5.5975 -.25 16.4108 6.3496 -.25 16.732 8.94 -.25 19.297
4 0 6.6262 -.25 17.8206 8.94 -.25 19.297 11.789 -.25 21.6268 8.3506 -.25 19.6841
3 0 11.789 -.25 21.6268 11.6231 -.25 22.4983 8.3506 -.25 19.6841
4 0 11.6231 -.25 22.4983 11.789 -.25 21.6268 13.4943 -.25 22.3681 13.5581 -.25 23.1559
4 0 15.215 -.25 23.4844 13.5581 -.25 23.1559 13.4943 -.25 22.3681 15.9331 -.25 22.7944
4 0 17.8932 -.25 23.7032 15.215 -.25 23.4844 15.9331 -.25 22.7944 19.0945 -.25 22.9132
4 0 20.4103 -.25 23.5296 17.8932 -.25 23.7032 19.0945 -.25 22.9132 20.6047 -.25 22.8581
4 0 20.6047 -.25 22.8581 20.7283 -.25 22.7478 21.3823 -.25 22.6879 21.7361 -.25 22.7631
3 0 20.4103 -.25 23.5296 20.6047 -.25 22.8581 21.7361 -.25 22.7631
4 0 20.4103 -.25 23.5296 21.7361 -.25 22.7631 22.0135 -.25 22.7398 24.3292 -.25 22.9005
4 0 22.0135 -.25 22.7398 24.0769 -.25 22.3856 24.7288 -.25 22.906 24.3292 -.25 22.9005
4 0 24.0769 -.25 22.3856 24.1721 -.25 22.3382 24.959 -.25 23.0068 24.7288 -.25 22.906
4 0 23.3416 -.25 21.1223 23.3371 -.25 20.9435 23.5596 -.25 20.992 23.7423 -.25 21.0935
4 0 24.1721 -.25 22.3382 23.3416 -.25 21.1223 23.7423 -.25 21.0935 26.0953 -.25 22.8007
4 0 24.1721 -.25 22.3382 26.0953 -.25 22.8007 26.6373 -.25 23.0319 24.959 -.25 23.0068
4 0 26.6373 -.25 23.0319 25.9182 -.25 23.6983 25.2569 -.25 23.3088 24.959 -.25 23.0068
4 0 26.7795 -.25 23.9519 25.9182 -.25 23.6983 26.6373 -.25 23.0319 27.3795 -.25 23.2047
4 0 26.7795 -.25 23.9519 27.3795 -.25 23.2047 28.9287 -.25 23.3286 27.6923 -.25 24.0924
4 0 27.6923 -.25 24.0924 28.9287 -.25 23.3286 29.6779 -.25 23.3041 28.9783 -.25 24.0596
4 0 29.6619 -.25 23.9292 28.9783 -.25 24.0596 29.6779 -.25 23.3041 29.9629 -.25 23.2384
4 0 30.0388 -.25 23.7855 29.6619 -.25 23.9292 29.9629 -.25 23.2384 30.0337 -.25 23.1768
4 0 30.2066 -.25 23.6991 30.0388 -.25 23.7855 30.0337 -.25 23.1768 30.0512 -.25 23.0612
4 0 30.2066 -.25 23.6991 30.0512 -.25 23.0612 30.575 -.25 22.4032 30.3683 -.25 23.8677
4 0 30.3683 -.25 23.8677 30.575 -.25 22.4032 31.9229 -.25 26.0131 31.4879 -.25 26.0695
4 0 31.789 -.25 26.452 31.4879 -.25 26.0695 31.9229 -.25 26.0131 32.0495 -.25 26.1391
4 0 31.789 -.25 26.452 32.0495 -.25 26.1391 32.2042 -.25 26.234 32.2539 -.25 26.821
4 0 32.4821 -.25 26.8942 32.2539 -.25 26.821 32.2042 -.25 26.234 33.8006 -.25 26.834
4 0 33.9658 -.25 27.0187 33.4651 -.25 27.2076 33.8006 -.25 26.834 33.9659 -.25 26.9659
4 0 33.8006 -.25 26.834 33.4651 -.25 27.2076 33.338 -.25 27.2226 32.4821 -.25 26.8942
4 0 32.6248 -.25 26.986 32.4821 -.25 26.8942 33.338 -.25 27.2226 33.1621 -.25 27.2855
4 0 32.6758 -.25 27.0868 32.6248 -.25 26.986 33.1621 -.25 27.2855 33.1092 -.25 27.3559
4 0 32.714 -.25 27.3568 32.6758 -.25 27.0868 33.1092 -.25 27.3559 33.062 -.25 27.5782
4 0 33.02 -.25 27.7583 32.7171 -.25 27.5779 32.714 -.25 27.3568 33.062 -.25 27.5782
4 0 32.6797 -.25 27.7604 32.7171 -.25 27.5779 33.02 -.25 27.7583 32.8146 -.25 28.1475
4 0 32.8146 -.25 28.1475 32.6564 -.25 28.3278 32.5312 -.25 27.9669 32.6797 -.25 27.7604
4 0 32.6564 -.25 28.3278 32.2827 -.25 28.5717 32.3381 -.25 28.093 32.5312 -.25 27.9669
4 0 32.2827 -.25 28.5717 31.8671 -.25 28.6082 32.1976 -.25 28.1114 32.3381 -.25 28.093
4 0 30.5905 -.25 28.3419 31.249 -.25 27.9442 32.1976 -.25 28.1114 31.8671 -.25 28.6082
4 0 28.9712 -.25 27.7532 30.3499 -.25 27.7702 31.249 -.25 27.9442 30.5905 -.25 28.3419
4 0 28.9712 -.25 27.7532 28.6905 -.25 27.6144 29.7719 -.25 27.5579 30.3499 -.25 27.7702
4 0 28.6905 -.25 27.6144 28.3224 -.25 27.3673 29.6908 -.25 27.4851 29.7719 -.25 27.5579
4 0 28.3224 -.25 27.3673 28.2578 -.25 27.1954 29.7722 -.25 27.3668 29.6908 -.25 27.4851
4 0 28.2578 -.25 27.1954 28.3034 -.25 27.1183 28.4889 -.25 27.0075 29.7722 -.25 27.3668
4 0 29.7722 -.25 27.3668 28.4889 -.25 27.0075 31.0489 -.25 26.71 30.5596 -.25 27.1635
4 0 31.2364 -.25 26.7238 31.2429 -.25 26.8859 31.1772 -.25 26.9635 30.5596 -.25 27.1635
3 0 30.5596 -.25 27.1635 31.0489 -.25 26.71 31.2364 -.25 26.7238
4 0 33.9069 -.25 25.7516 33.8144 -.25 25.8948 33.7909 -.25 25.8097 33.7862 -.25 25.4865
4 0 33.9667 -.25 25.5701 33.9069 -.25 25.7516 33.7862 -.25 25.4865 33.8011 -.25 25.3877
4 0 33.9667 -.25 25.5701 33.8011 -.25 25.3877 33.8199 -.25 25.3591 33.9636 -.25 25.4996
4 0 33.9166 -.25 25.4114 33.9636 -.25 25.4996 33.8199 -.25 25.3591 33.8879 -.25 25.3811
4 0 33.4509 -.25 25.124 33.412 -.25 25.1415 33.3593 -.25 25.1022 33.4924 -.25 25.063
4 0 33.4924 -.25 25.063 33.3593 -.25 25.1022 33.3146 -.25 25.0218 33.5449 -.25 24.9325
4 0 33.5449 -.25 24.9325 33.3146 -.25 25.0218 33.2636 -.25 24.8166 33.65 -.25 24.6339
4 0 33.65 -.25 24.6339 33.2636 -.25 24.8166 33.2657 -.25 24.6218 33.3229 -.25 24.4165
4 0 33.65 -.25 24.6339 33.3229 -.25 24.4165 33.4239 -.25 24.2916 33.5933 -.25 24.2339
4 0 33.65 -.25 24.6339 33.5933 -.25 24.2339 33.691 -.25 24.2541 33.7463 -.25 24.2938
4 0 33.65 -.25 24.6339 33.7463 -.25 24.2938 33.8164 -.25 24.3976 33.8671 -.25 24.5951
4 0 33.65 -.25 24.6339 33.8671 -.25 24.5951 33.8704 -.25 24.9697 33.7595 -.25 24.8946
3 0 33.8436 -.25 25.0559 33.7595 -.25 24.8946 33.8704 -.25 24.9697
4 0 33.9319 -.25 23.7299 33.5697 -.25 23.0696 38 -.25 24.7343 38 -.25 25.2657
4 0 33.5697 -.25 23.0696 33.9319 -.25 23.7299 33.3942 -.25 23.2759 33.0424 -.25 22.8939
4 0 33.5697 -.25 23.0696 33.0424 -.25 22.8939 33.0008 -.25 22.7904 33.0152 -.25 22.6774
4 0 33.5697 -.25 23.0696 33.0152 -.25 22.6774 33.1738 -.25 22.3727 33.5427 -.25 22.0798
4 0 33.5427 -.25 22.0798 33.1738 -.25 22.3727 33.2339 -.25 22.1398 33.4857 -.25 21.8099
4 0 33.4857 -.25 21.8099 33.2339 -.25 22.1398 33.2557 -.25 21.9169 33.3664 -.25 21.5527
3 0 33.2557 -.25 21.9169 33.249 -.25 21.7994 33.3664 -.25 21.5527
3 0 33.3664 -.25 21.5527 33.249 -.25 21.7994 33.1913 -.25 21.6803
4 0 33.1913 -.25 21.6803 33.1067 -.25 21.7106 33.1453 -.25 21.0538 33.3664 -.25 21.5527
4 0 32.785 -.25 22.4268 32.6893 -.25 22.4277 32.5989 -.25 22.3138 32.9099 -.25 22.2583
4 0 32.9099 -.25 22.2583 32.5989 -.25 22.3138 32.5466 -.25 22.0572 32.5684 -.25 21.6616
4 0 32.9099 -.25 22.2583 32.5684 -.25 21.6616 32.6058 -.25 21.5137 32.682 -.25 21.3353
4 0 32.9099 -.25 22.2583 32.682 -.25 21.3353 32.6813 -.25 21.1952 33.1067 -.25 21.7106
4 0 33.1067 -.25 21.7106 32.6813 -.25 21.1952 32.9395 -.25 20.855 33.1453 -.25 21.0538
4 0 32.6813 -.25 21.1952 32.591 -.25 21.088 32.5192 -.25 20.637 32.9395 -.25 20.855
3 0 32.591 -.25 21.088 32.3601 -.25 21.0171 32.5192 -.25 20.637
4 0 32.0014 -.25 22.1426 31.8815 -.25 22.1649 31.8458 -.25 22.0194 32.0627 -.25 22.0601
4 0 32.0627 -.25 22.0601 31.8458 -.25 22.0194 31.8834 -.25 21.72 32.1303 -.25 21.823
4 0 32.1303 -.25 21.823 31.8834 -.25 21.72 31.8816 -.25 21.4418 32.1835 -.25 21.1084
4 0 31.4646 -.25 21.6887 31.3975 -.25 21.711 31.315 -.25 21.6505 31.481 -.25 21.5984
4 0 31.481 -.25 21.5984 31.315 -.25 21.6505 31.2297 -.25 21.5389 31.4926 -.25 21.3581
4 0 31.4926 -.25 21.3581 31.2297 -.25 21.5389 31.183 -.25 21.3945 31.183 -.25 21.1965
4 0 31.4926 -.25 21.3581 31.183 -.25 21.1965 31.2743 -.25 20.9319 31.5533 -.25 21.1832
4 0 31.5533 -.25 21.1832 31.2743 -.25 20.9319 31.3137 -.25 20.7885 31.601 -.25 21.1252
4 0 31.601 -.25 21.1252 31.3137 -.25 20.7885 31.3037 -.25 20.675 31.6959 -.25 21.0954
3 0 31.8816 -.25 21.4418 31.8599 -.25 21.3042 32.1835 -.25 21.1084
3 0 32.1835 -.25 21.1084 31.8599 -.25 21.3042 31.7855 -.25 21.1436
4 0 32.1835 -.25 21.1084 31.7855 -.25 21.1436 31.6959 -.25 21.0954 31.3037 -.25 20.675
4 0 32.2522 -.25 21.0249 32.1835 -.25 21.1084 31.3037 -.25 20.675 31.1191 -.25 20.5114
4 0 32.3601 -.25 21.0171 32.2522 -.25 21.0249 31.1191 -.25 20.5114 32.5192 -.25 20.637
3 0 31.1191 -.25 20.5114 30.9107 -.25 20.4161 32.5192 -.25 20.637
4 0 30.9107 -.25 20.4161 30.5608 -.25 20.3072 30.2224 -.25 19.6297 32.5192 -.25 20.637
4 0 21.3823 -.25 22.6879 20.7283 -.25 22.7478 20.0768 -.25 21.7366 20.3046 -.25 21.1769
4 0 20.3046 -.25 21.1769 20.0768 -.25 21.7366 17.5953 -.25 19.3408 19.0011 -.25 19.3806
4 0 19.0011 -.25 19.3806 17.5953 -.25 19.3408 16.1755 -.25 18.4858 15.8934 -.25 17.4872
4 0 15.8934 -.25 17.4872 16.1755 -.25 18.4858 9.6913 -.25 15.5135 10.0726 -.25 15.0814
4 0 8.5466 -.25 16.3036 8.3772 -.25 16.2062 8.3989 -.25 16.0317 8.7624 -.25 16.2005
4 0 8.7624 -.25 16.2005 8.3989 -.25 16.0317 8.563 -.25 15.7835 9.5525 -.25 15.5768
4 0 9.6913 -.25 15.5135 9.5525 -.25 15.5768 8.563 -.25 15.7835 10.0726 -.25 15.0814
4 0 10.7389 -.25 14.4342 10.0726 -.25 15.0814 8.563 -.25 15.7835 11.2722 -.25 13.1522
4 0 11.2722 -.25 13.1522 11.529 -.25 13.8002 10.8848 -.25 14.3385 10.7389 -.25 14.4342
4 0 11.0165 -.25 14.2931 10.8848 -.25 14.3385 11.529 -.25 13.8002 11.5847 -.25 13.9619
3 0 11.0165 -.25 14.2931 11.5847 -.25 13.9619 11.7199 -.25 14.0329
4 0 11.0165 -.25 14.2931 11.7199 -.25 14.0329 13.4511 -.25 14.5562 13.565 -.25 15.1041
4 0 13.565 -.25 15.1041 13.4511 -.25 14.5562 14.095 -.25 14.6745 13.9033 -.25 15.1639
4 0 13.9033 -.25 15.1639 14.095 -.25 14.6745 14.3054 -.25 14.6451 14.4328 -.25 15.1466
4 0 14.4328 -.25 15.1466 14.3054 -.25 14.6451 14.8297 -.25 14.3475 14.796 -.25 14.9927
4 0 14.9786 -.25 14.8312 14.796 -.25 14.9927 14.8297 -.25 14.3475 15.0779 -.25 14.048
4 0 15.5917 -.25 13.7862 14.9786 -.25 14.8312 15.0779 -.25 14.048 16.1488 -.25 12.1449
4 0 15.0779 -.25 14.048 15.7093 -.25 12.0544 16.4321 -.25 10.9463 16.1488 -.25 12.1449
4 0 16.5138 -.25 10.7069 16.4321 -.25 10.9463 15.7093 -.25 12.0544 16.744 -.25 8.3162
4 0 16.9477 -.25 8.4955 16.744 -.25 8.3162 16.8582 -.25 8.1961 16.9546 -.25 8.3279
4 0 16.744 -.25 8.3162 16.9477 -.25 8.4955 16.7089 -.25 9.9382 16.5138 -.25 10.7069
4 0 16.5893 -.25 10.6199 16.5138 -.25 10.7069 16.7089 -.25 9.9382 16.7553 -.25 10.0959
3 0 16.6552 -.25 10.6136 16.5893 -.25 10.6199 16.7553 -.25 10.0959
4 0 16.6552 -.25 10.6136 16.7553 -.25 10.0959 20.481 -.25 11.6134 19.1658 -.25 11.7351
4 0 19.1658 -.25 11.7351 20.481 -.25 11.6134 20.9628 -.25 11.8342 20.4623 -.25 12.1436
4 0 20.7725 -.25 12.1617 20.4623 -.25 12.1436 20.9628 -.25 11.8342 21.0207 -.25 12.0274
4 0 -28.8831 -.25 24.4962 -28.9065 -.25 24.0952 -7.7 -.25 19.4705 -7.3519 -.25 19.9449
4 0 -28.8831 -.25 24.4962 -29.1266 -.25 24.4872 -29.2814 -.25 24.2853 -28.9065 -.25 24.0952
4 0 5.2261 -.25 15.2915 5.0599 -.25 15.6801 4.8728 -.25 15.6182 3.8998 -.25 15.1075
3 0 4.8728 -.25 15.6182 4.513 -.25 15.6307 3.8998 -.25 15.1075
4 0 2.9113 -.25 14.3773 3.0087 -.25 14.5154 3.0683 -.25 14.8008 2.733 -.25 14.5152
4 0 4.513 -.25 15.6307 4.3791 -.25 15.7519 3.766 -.25 15.5942 3.8998 -.25 15.1075
3 0 3.766 -.25 15.5942 3.5852 -.25 15.451 3.8998 -.25 15.1075
4 0 3.5852 -.25 15.451 3.1306 -.25 15.4034 3.223 -.25 14.9342 3.8998 -.25 15.1075
3 0 2.635 -.25 14.6744 2.733 -.25 14.5152 3.0683 -.25 14.8008
4 0 2.3982 -.25 14.7684 2.635 -.25 14.6744 3.0683 -.25 14.8008 3.223 -.25 14.9342
4 0 2.3982 -.25 14.7684 3.223 -.25 14.9342 3.1306 -.25 15.4034 2.0015 -.25 14.7376
4 0 .5172 -.25 15.3177 1.2719 -.25 14.6327 2.0015 -.25 14.7376 3.1306 -.25 15.4034
4 0 4.56 -.25 16.1215 4.2593 -.25 16.3656 3.766 -.25 15.5942 4.3791 -.25 15.7519
4 0 4.2593 -.25 16.3656 4.56 -.25 16.1215 5.8374 -.25 17.9431 5.1758 -.25 17.7757
4 0 5.1758 -.25 17.7757 5.8374 -.25 17.9431 7.3329 -.25 19.7324 6.6411 -.25 19.667
4 0 7.1287 -.25 20.2718 6.6411 -.25 19.667 7.3329 -.25 19.7324 8.0665 -.25 20.5828
4 0 7.1287 -.25 20.2718 8.0665 -.25 20.5828 8.0888 -.25 20.7901 7.0266 -.25 20.6239
4 0 7.0266 -.25 20.6239 8.0888 -.25 20.7901 7.7739 -.25 21.0522 6.6947 -.25 20.851
4 0 5.0929 -.25 22.0556 5.2089 -.25 21.4145 6.6947 -.25 20.851 7.7739 -.25 21.0522
4 0 5.0929 -.25 22.0556 2.9185 -.25 22.4707 3.6127 -.25 21.85 5.2089 -.25 21.4145
4 0 2.9185 -.25 22.4707 .5277 -.25 22.6226 .3802 -.25 22.1934 3.6127 -.25 21.85
4 0 -.6964 -.25 22.5732 -.804 -.25 22.411 -.5018 -.25 22.3019 .3802 -.25 22.1934
3 0 -.6964 -.25 22.5732 .3802 -.25 22.1934 .5277 -.25 22.6226
4 0 2.3469 -.25 14.1895 2.1442 -.25 14.2402 2.2024 -.25 14.0706 2.3587 -.25 14.1421
4 0 1.823 -.25 14.0023 2.2024 -.25 14.0706 2.1442 -.25 14.2402 1.3729 -.25 13.9835
4 0 1.3729 -.25 13.9835 2.1442 -.25 14.2402 1.2341 -.25 14.3069 .9008 -.25 14.0371
4 0 1.2341 -.25 14.3069 1.1363 -.25 14.3388 .4002 -.25 14.1759 .9008 -.25 14.0371
4 0 1.1363 -.25 14.3388 1.0292 -.25 14.4192 -.0427 -.25 14.3696 .4002 -.25 14.1759
4 0 1.0292 -.25 14.4192 1.0294 -.25 14.5463 -.2799 -.25 14.4082 -.0427 -.25 14.3696
4 0 .5172 -.25 15.3177 -.2799 -.25 14.4082 1.0294 -.25 14.5463 1.2719 -.25 14.6327
4 0 -1.1967 -.25 13.2332 -1.4654 -.25 13.2705 -1.3447 -.25 12.9887 -1.1709 -.25 13.1625
4 0 -1.6391 -.25 12.8804 -1.3447 -.25 12.9887 -1.4654 -.25 13.2705 -2.018 -.25 12.8266
4 0 -2.018 -.25 12.8266 -1.4654 -.25 13.2705 -2.3142 -.25 13.2196 -2.6447 -.25 12.8339
4 0 -2.6447 -.25 12.8339 -2.3142 -.25 13.2196 -2.5133 -.25 13.3011 -3.3067 -.25 12.9694
4 0 -3.3067 -.25 12.9694 -2.5133 -.25 13.3011 -2.5938 -.25 13.5414 -3.5652 -.25 13.1188
4 0 -3.6875 -.25 13.2629 -3.5652 -.25 13.1188 -2.5938 -.25 13.5414 -3.7596 -.25 13.4643
4 0 -3.6318 -.25 13.6617 -3.7596 -.25 13.4643 -2.5938 -.25 13.5414 -2.5833 -.25 13.6947
4 0 -3.4918 -.25 13.7801 -3.6318 -.25 13.6617 -2.5833 -.25 13.6947 -3.2554 -.25 13.9231
4 0 -3.2554 -.25 13.9231 -2.5833 -.25 13.6947 -2.4357 -.25 13.7384 -2.698 -.25 14.1243
4 0 -.7338 -.25 13.7774 -.926 -.25 13.7074 -.6934 -.25 13.6395 -.6528 -.25 13.6467
4 0 -.926 -.25 13.7074 -.7338 -.25 13.7774 -.9919 -.25 13.9822 -1.3847 -.25 13.7525
4 0 -1.3847 -.25 13.7525 -.9919 -.25 13.9822 -1.5231 -.25 14.2234 -2.4357 -.25 13.7384
4 0 -1.5231 -.25 14.2234 -2.5876 -.25 14.1978 -2.698 -.25 14.1243 -2.4357 -.25 13.7384
4 0 -.2799 -.25 14.4082 -2.5887 -.25 14.2442 -2.5876 -.25 14.1978 -1.5231 -.25 14.2234
4 0 -3.7748 -.25 15.3208 -2.7134 -.25 14.3119 -2.5887 -.25 14.2442 -.2799 -.25 14.4082
3 0 -3.7748 -.25 15.3208 -.2799 -.25 14.4082 .5172 -.25 15.3177
4 0 -24.049 -.25 -.9164 -27.0605 -.25 -1.7683 -26.8543 -.25 -3.2628 -26.6057 -.25 -4.6701
4 0 -24.049 -.25 -.9164 -25.3454 -.25 -5.2396 -23.762 -.25 -5.6117 -23.4906 -.25 -5.5847
4 0 -24.049 -.25 -.9164 -26.6057 -.25 -4.6701 -26.4477 -.25 -4.8677 -25.3454 -.25 -5.2396
0 // White faces
4 15 -36.5 -.25 34 -38 -.25 32.5 -29.2814 -.25 24.2853 -29.1266 -.25 24.4872
4 15 38 -.25 32.5 33.1092 -.25 27.3559 33.1621 -.25 27.2855 33.338 -.25 27.2226
4 15 38 -.25 32.5 36.5 -.25 34 33.062 -.25 27.5782 33.1092 -.25 27.3559
4 15 -20.4196 -.25 -21.1663 -20.4137 -.25 -21.0538 -38 -.25 -32.5 -36.5 -.25 -34
4 15 36.5 -.25 -34 38 -.25 -32.5 34.3 -.25 -30.7 33.95 -.25 -30.7
3 15 34.3 -.25 -30.7 38 -.25 -32.5 34.3 -.25 -30
3 15 34.3 -.25 -30 38 -.25 -32.5 34.3 -.25 -29.2
3 15 34.3 -.25 -29.2 38 -.25 -32.5 34.3 -.25 -28.5
3 15 34.3 -.25 -28.5 38 -.25 -32.5 34.3 -.25 -27.3
3 15 34.3 -.25 -27.3 38 -.25 -32.5 34.3 -.25 -26.6
3 15 34.3 -.25 -26.6 38 -.25 -32.5 34.3 -.25 -22.6
3 15 34.3 -.25 -22.6 38 -.25 -32.5 34.3 -.25 -21.9
3 15 34.3 -.25 -21.9 38 -.25 -32.5 34.3 -.25 -19.4
3 15 34.3 -.25 -19.4 38 -.25 -32.5 34.3 -.25 -18.7
3 15 34.3 -.25 -18.7 38 -.25 -32.5 34.3 -.25 -17.6
3 15 34.3 -.25 -17.6 38 -.25 -32.5 34.3 -.25 -16.9
3 15 34.3 -.25 -16.9 38 -.25 -32.5 34.3 -.25 -16
3 15 34.3 -.25 -16 38 -.25 -32.5 34.3 -.25 -15.3
3 15 34.3 -.25 -15.3 38 -.25 -32.5 34.3 -.25 -14.4
3 15 34.3 -.25 -14.4 38 -.25 -32.5 34.3 -.25 -13.7
3 15 34.3 -.25 -13.7 38 -.25 -32.5 34.3 -.25 -12.9
3 15 34.3 -.25 -12.9 38 -.25 -32.5 34.3 -.25 -12.2
4 15 36.3359 -.25 10.6144 36.2729 -.25 10.4949 34.3 -.25 -12.2 38 -.25 -32.5
4 15 36.1912 -.25 10.7811 38 -.25 12.5087 35.8167 -.25 11.0769 35.7922 -.25 10.9743
3 15 38 -.25 12.5087 36.1912 -.25 10.7811 36.3359 -.25 10.6144
3 15 38 -.25 12.5087 36.3359 -.25 10.6144 38 -.25 -32.5
3 15 38 -.25 32.5 33.338 -.25 27.2226 33.4651 -.25 27.2076
3 15 38 -.25 32.5 33.4651 -.25 27.2076 33.9658 -.25 27.0187
3 15 38 -.25 32.5 33.9658 -.25 27.0187 33.9659 -.25 26.9659
4 15 33.9659 -.25 26.9659 33.8144 -.25 25.8948 33.9069 -.25 25.7516 38 -.25 32.5
3 15 38 -.25 32.5 33.9069 -.25 25.7516 33.9667 -.25 25.5701
3 15 38 -.25 32.5 33.9667 -.25 25.5701 33.9636 -.25 25.4996
4 15 33.8704 -.25 24.9697 38 -.25 32.5 33.9636 -.25 25.4996 33.8436 -.25 25.0559
3 15 38 -.25 32.5 33.8704 -.25 24.9697 33.8671 -.25 24.5951
3 15 38 -.25 32.5 33.8671 -.25 24.5951 33.8164 -.25 24.3976
4 15 33.8164 -.25 24.3976 33.9319 -.25 23.7299 38 -.25 25.2657 38 -.25 32.5
3 15 38 -.25 24.7343 33.5697 -.25 23.0696 33.5427 -.25 22.0798
3 15 38 -.25 24.7343 33.5427 -.25 22.0798 33.4857 -.25 21.8099
3 15 38 -.25 24.7343 33.4857 -.25 21.8099 33.3664 -.25 21.5527
4 15 33.3664 -.25 21.5527 33.1453 -.25 21.0538 33.2503 -.25 19.891 38 -.25 24.7343
3 15 38 -.25 24.7343 33.2503 -.25 19.891 33.3212 -.25 19.8505
3 15 38 -.25 24.7343 33.3212 -.25 19.8505 33.3255 -.25 19.7259
3 15 38 -.25 24.7343 32.6563 -.25 16.9409 31.9905 -.25 14.6852
4 15 38 -.25 13.0913 38 -.25 24.7343 31.9905 -.25 14.6852 30.8892 -.25 12.5863
4 15 38 -.25 13.0913 30.8892 -.25 12.5863 30.7695 -.25 12.1775 30.9017 -.25 11.9401
3 15 38 -.25 13.0913 30.9017 -.25 11.9401 31.5083 -.25 11.8187
3 15 38 -.25 13.0913 31.5083 -.25 11.8187 34.6134 -.25 11.1431
4 15 29.3275 -.25 8.3004 29.2801 -.25 8.0819 29.3124 -.25 8.0138 29.4227 -.25 8.0383
4 15 30.047 -.25 9.897 29.3275 -.25 8.3004 29.4227 -.25 8.0383 33.9345 -.25 10.7398
4 15 30.047 -.25 9.897 33.9345 -.25 10.7398 30.6779 -.25 11.3156 30.5506 -.25 11.2345
3 15 31.6475 -.25 11.1992 30.6779 -.25 11.3156 33.9345 -.25 10.7398
4 15 35.2085 -.25 10.5192 34.347 -.25 10.2746 14.0153 -.25 -1.573 36.0619 -.25 10.4707
4 15 14.0153 -.25 -1.573 13.7136 -.25 -1.7675 13.5774 -.25 -1.8765 13.626 -.25 -2.0331
4 15 14.0153 -.25 -1.573 13.626 -.25 -2.0331 31.2048 -.25 -8.9808 36.0619 -.25 10.4707
4 15 31.2048 -.25 -8.9808 31.5125 -.25 -9.1968 36.2729 -.25 10.4949 36.0619 -.25 10.4707
4 15 31.5125 -.25 -9.1968 31.5282 -.25 -9.2988 34.3 -.25 -12.2 36.2729 -.25 10.4949
4 15 31.5282 -.25 -9.2988 31.4009 -.25 -9.3329 33.95 -.25 -12.2 34.3 -.25 -12.2
4 15 31.4009 -.25 -9.3329 31.1237 -.25 -9.3543 29.45 -.25 -12.2 33.95 -.25 -12.2
4 15 23.2813 -.25 6.4861 24.7993 -.25 6.7011 24.5487 -.25 6.7964 24.186 -.25 6.7769
4 15 21.4081 -.25 5.6856 25.2393 -.25 6.5405 24.7993 -.25 6.7011 23.2813 -.25 6.4861
4 15 18.2984 -.25 4.0191 25.7538 -.25 6.3992 25.2393 -.25 6.5405 21.4081 -.25 5.6856
4 15 18.2984 -.25 4.0191 14.9715 -.25 1.9644 26.3215 -.25 6.2717 25.7538 -.25 6.3992
4 15 11.0042 -.25 -1.0051 12.291 -.25 -1.5363 12.4554 -.25 -1.5799 12.704 -.25 -1.531
4 15 11.0042 -.25 -1.0051 12.704 -.25 -1.531 13.1233 -.25 -1.3516 12.3814 -.25 .1376
4 15 14.9715 -.25 1.9644 12.3814 -.25 .1376 13.1233 -.25 -1.3516 26.3215 -.25 6.2717
4 15 8.6757 -.25 -3.7859 8.6728 -.25 -3.9048 8.9227 -.25 -3.8309 10.5975 -.25 -2.8794
4 15 11.754 -.25 -2.1738 11.8354 -.25 -2.0406 10.1666 -.25 -1.3948 10.5975 -.25 -2.8794
3 15 10.1666 -.25 -1.3948 8.6757 -.25 -3.7859 10.5975 -.25 -2.8794
4 15 33.1453 -.25 21.0538 32.9395 -.25 20.855 33.1049 -.25 19.8367 33.2503 -.25 19.891
4 15 33.1049 -.25 19.8367 32.9395 -.25 20.855 32.5192 -.25 20.637 32.907 -.25 19.6021
4 15 29.9715 -.25 19.4495 29.9605 -.25 19.3552 30.1311 -.25 19.2227 30.2224 -.25 19.6297
4 15 30.2224 -.25 19.6297 30.1311 -.25 19.2227 30.3683 -.25 19.1006 32.5192 -.25 20.637
4 15 32.5192 -.25 20.637 30.3683 -.25 19.1006 30.6606 -.25 18.8997 32.907 -.25 19.6021
4 15 32.7369 -.25 19.1268 32.907 -.25 19.6021 30.6606 -.25 18.8997 30.9548 -.25 18.5122
4 15 30.9548 -.25 18.5122 31.1159 -.25 18.1055 32.0685 -.25 16.7448 32.7369 -.25 19.1268
4 15 32.0685 -.25 16.7448 31.1159 -.25 18.1055 31.2833 -.25 16.117 31.5727 -.25 15.2755
4 15 31.3172 -.25 15.2499 31.3655 -.25 15.0796 31.4236 -.25 15.0493 31.5727 -.25 15.2755
3 15 31.2833 -.25 16.117 31.3172 -.25 15.2499 31.5727 -.25 15.2755
4 15 30.6078 -.25 17.1298 30.4806 -.25 17.2347 30.2095 -.25 17.2836 30.6258 -.25 17.0355
4 15 30.3683 -.25 16.3997 30.5973 -.25 15.9241 30.6293 -.25 16.4601 30.6258 -.25 17.0355
4 15 30.2095 -.25 17.2836 30.0387 -.25 17.2308 30.095 -.25 16.9945 30.3683 -.25 16.3997
3 15 30.2095 -.25 17.2836 30.3683 -.25 16.3997 30.6258 -.25 17.0355
4 15 30.4699 -.25 18.1742 30.3689 -.25 17.9204 30.504 -.25 17.9783 30.514 -.25 18.0921
4 15 30.4699 -.25 18.1742 30.1693 -.25 18.4981 30.0605 -.25 17.9014 30.3689 -.25 17.9204
4 15 30.0605 -.25 17.9014 30.1693 -.25 18.4981 29.9683 -.25 18.6347 29.6302 -.25 18.7417
4 15 30.0605 -.25 17.9014 29.6302 -.25 18.7417 29.2193 -.25 18.7385 28.687 -.25 18.5683
4 15 27.9867 -.25 18.0902 28.7965 -.25 17.5247 30.0605 -.25 17.9014 28.687 -.25 18.5683
4 15 28.4138 -.25 17.2298 28.7965 -.25 17.5247 27.9867 -.25 18.0902 27.2396 -.25 17.3253
4 15 27.9034 -.25 16.6148 28.4138 -.25 17.2298 27.2396 -.25 17.3253 26.23 -.25 15.9189
4 15 30.1202 -.25 15.9134 30.0132 -.25 15.6386 30.1692 -.25 15.5396 30.2045 -.25 15.6279
4 15 29.7359 -.25 15.81 30.0132 -.25 15.6386 30.1202 -.25 15.9134 29.7312 -.25 16.6329
4 15 29.7359 -.25 15.81 29.7312 -.25 16.6329 29.5613 -.25 16.7831 29.4002 -.25 15.8784
4 15 29.4002 -.25 15.8784 29.5613 -.25 16.7831 29.1045 -.25 16.8472 29.0081 -.25 15.8403
4 15 29.0081 -.25 15.8403 29.1045 -.25 16.8472 28.7287 -.25 16.6966 28.6316 -.25 15.6511
4 15 28.6316 -.25 15.6511 28.7287 -.25 16.6966 28.3072 -.25 16.1913 28.2614 -.25 15.2376
4 15 28.2614 -.25 15.2376 28.3072 -.25 16.1913 26.7747 -.25 13.5045 27.5378 -.25 13.7635
4 15 27.5378 -.25 13.7635 26.7747 -.25 13.5045 26.0098 -.25 10.785 26.9325 -.25 11.3303
4 15 26.9029 -.25 9.1748 26.9325 -.25 11.3303 26.0098 -.25 10.785 26.0741 -.25 8.4362
4 15 26.9029 -.25 9.1748 26.0741 -.25 8.4362 26.2888 -.25 7.6855 27.0653 -.25 8.447
4 15 27.0653 -.25 8.447 26.2888 -.25 7.6855 26.5628 -.25 7.285 27.1465 -.25 8.2437
4 15 27.1465 -.25 8.2437 26.5628 -.25 7.285 26.9265 -.25 7.0543 27.2739 -.25 8.0618
4 15 27.4132 -.25 7.9629 27.2739 -.25 8.0618 26.9265 -.25 7.0543 27.3504 -.25 6.9677
4 15 27.4132 -.25 7.9629 27.3504 -.25 6.9677 27.8358 -.25 7.1148 27.6642 -.25 7.8928
4 15 28.1955 -.25 7.8583 27.6642 -.25 7.8928 28.2274 -.25 7.4496 28.3496 -.25 7.7132
3 15 27.6642 -.25 7.8928 27.8358 -.25 7.1148 28.2274 -.25 7.4496
4 15 28.8097 -.25 15.1342 28.6785 -.25 14.8374 28.715 -.25 14.7044 29.2415 -.25 14.3349
4 15 28.9926 -.25 15.2739 28.8097 -.25 15.1342 29.2415 -.25 14.3349 29.2038 -.25 15.2858
4 15 29.4608 -.25 15.1991 29.2038 -.25 15.2858 29.2415 -.25 14.3349 29.3717 -.25 14.1103
4 15 29.7388 -.25 15.0358 29.4608 -.25 15.1991 29.3717 -.25 14.1103 29.9566 -.25 14.8683
4 15 30.0734 -.25 14.7211 29.9566 -.25 14.8683 29.3717 -.25 14.1103 30.1262 -.25 14.5663
4 15 30.1451 -.25 14.384 30.1262 -.25 14.5663 29.3717 -.25 14.1103 30.1405 -.25 13.4466
4 15 30.1405 -.25 13.4466 29.3717 -.25 14.1103 29.424 -.25 13.4262 30.0674 -.25 12.5106
4 15 30.0674 -.25 12.5106 29.424 -.25 13.4262 29.4319 -.25 12.4925 29.9958 -.25 12.1811
4 15 29.4319 -.25 12.4925 29.4683 -.25 12.1481 29.7065 -.25 12.0694 29.8946 -.25 12.0839
3 15 29.4319 -.25 12.4925 29.8946 -.25 12.0839 29.9958 -.25 12.1811
4 15 27.2642 -.25 9.2048 27.2454 -.25 9.0885 27.2988 -.25 8.869 27.3515 -.25 9.2447
4 15 27.3515 -.25 9.2447 27.2988 -.25 8.869 27.5415 -.25 8.497 27.5102 -.25 9.252
4 15 27.5102 -.25 9.252 27.5415 -.25 8.497 27.6887 -.25 8.4039 27.8188 -.25 8.3879
4 15 27.5102 -.25 9.252 27.8188 -.25 8.3879 28.1153 -.25 8.5305 27.6888 -.25 9.2896
4 15 27.944 -.25 9.4391 27.6888 -.25 9.2896 28.1153 -.25 8.5305 28.8128 -.25 9.2191
4 15 28.4652 -.25 10.0257 27.944 -.25 9.4391 28.8128 -.25 9.2191 29.4944 -.25 10.33
4 15 28.9154 -.25 10.842 28.4652 -.25 10.0257 29.4944 -.25 10.33 29.7971 -.25 10.9608
4 15 29.7971 -.25 10.9608 29.9077 -.25 11.2835 29.2827 -.25 11.5129 28.9154 -.25 10.842
4 15 29.8882 -.25 11.4709 29.6875 -.25 11.6107 29.4218 -.25 11.6462 29.9077 -.25 11.2835
3 15 29.4218 -.25 11.6462 29.2827 -.25 11.5129 29.9077 -.25 11.2835
4 15 27.2637 -.25 15.6487 27.9034 -.25 16.6148 26.23 -.25 15.9189 25.3757 -.25 14.2813
4 15 26.662 -.25 14.3616 27.2637 -.25 15.6487 25.3757 -.25 14.2813 25.0289 -.25 13.3709
4 15 25.0289 -.25 13.3709 24.6168 -.25 11.8623 25.7349 -.25 11.8777 26.662 -.25 14.3616
4 15 25.4302 -.25 10.5614 25.7349 -.25 11.8777 24.6168 -.25 11.8623 24.1419 -.25 9.3789
4 15 25.2736 -.25 9.499 25.4302 -.25 10.5614 24.1419 -.25 9.3789 23.884 -.25 8.2172
4 15 23.884 -.25 8.2172 23.7842 -.25 7.99 25.26 -.25 9.3898 25.2736 -.25 9.499
4 15 25.9071 -.25 7.8793 25.1681 -.25 7.1611 25.9279 -.25 6.883 26.3682 -.25 6.8709
4 15 25.1681 -.25 7.1611 25.9071 -.25 7.8793 25.7333 -.25 8.4598 24.6647 -.25 7.3768
4 15 24.6647 -.25 7.3768 25.7333 -.25 8.4598 25.5648 -.25 8.9699 25.4785 -.25 9.0835
4 15 24.6647 -.25 7.3768 25.4785 -.25 9.0835 25.3849 -.25 9.1315 24.1321 -.25 7.3616
4 15 24.1321 -.25 7.3616 25.3849 -.25 9.1315 25.3003 -.25 9.1846 23.7842 -.25 7.99
3 15 25.3003 -.25 9.1846 25.26 -.25 9.3898 23.7842 -.25 7.99
3 15 23.7842 -.25 7.99 23.7393 -.25 7.9355 24.1321 -.25 7.3616
4 15 23.7393 -.25 7.9355 23.634 -.25 7.9083 22.1702 -.25 6.7663 24.1321 -.25 7.3616
3 15 23.634 -.25 7.9083 23.5803 -.25 8.0427 22.1702 -.25 6.7663
4 15 23.6839 -.25 10.7365 23.3416 -.25 10.58 23.9255 -.25 10.5263 23.9615 -.25 10.8017
4 15 23.9255 -.25 10.5263 23.3416 -.25 10.58 22.2043 -.25 10.0603 23.7744 -.25 9.7144
4 15 23.5794 -.25 8.3115 23.7744 -.25 9.7144 22.2043 -.25 10.0603 18.2823 -.25 7.9397
4 15 22.1702 -.25 6.7663 23.5803 -.25 8.0427 23.5794 -.25 8.3115 18.2823 -.25 7.9397
4 15 18.2823 -.25 7.9397 15.4653 -.25 6.0905 18.7607 -.25 5.3458 22.1702 -.25 6.7663
4 15 15.8721 -.25 3.7131 18.7607 -.25 5.3458 15.4653 -.25 6.0905 11.6057 -.25 3.2974
4 15 11.6057 -.25 3.2974 11.2335 -.25 2.9496 13.3886 -.25 1.8861 15.8721 -.25 3.7131
3 15 11.2335 -.25 2.9496 10.44 -.25 -.83 13.3886 -.25 1.8861
3 15 36.5 -.25 34 33.02 -.25 27.7583 33.062 -.25 27.5782
3 15 33.02 -.25 27.7583 36.5 -.25 34 32.8146 -.25 28.1475
3 15 32.8146 -.25 28.1475 36.5 -.25 34 32.6564 -.25 28.3278
3 15 32.6564 -.25 28.3278 36.5 -.25 34 32.2827 -.25 28.5717
3 15 32.2827 -.25 28.5717 36.5 -.25 34 31.8671 -.25 28.6082
3 15 31.8671 -.25 28.6082 36.5 -.25 34 30.5905 -.25 28.3419
3 15 30.5905 -.25 28.3419 36.5 -.25 34 28.9712 -.25 27.7532
4 15 23.7637 -.25 27.9566 28.6905 -.25 27.6144 28.9712 -.25 27.7532 36.5 -.25 34
3 15 23.7637 -.25 27.9566 36.5 -.25 34 23.2125 -.25 28.492
3 15 23.2125 -.25 28.492 36.5 -.25 34 21.6798 -.25 29.6716
3 15 21.6798 -.25 29.6716 36.5 -.25 34 21.1711 -.25 29.9577
3 15 21.1711 -.25 29.9577 36.5 -.25 34 20.7662 -.25 30.0966
3 15 20.7662 -.25 30.0966 36.5 -.25 34 -36.5 -.25 34
4 15 19.4972 -.25 28.8521 19.6555 -.25 28.768 22.117 -.25 28.3986 22.3136 -.25 28.3997
4 15 19.4972 -.25 28.8521 22.3136 -.25 28.3997 22.3506 -.25 28.4394 22.1864 -.25 28.711
4 15 19.4972 -.25 28.8521 22.1864 -.25 28.711 21.8337 -.25 29.0228 19.8126 -.25 29.3584
4 15 19.8126 -.25 29.3584 21.8337 -.25 29.0228 21.2132 -.25 29.4255 19.9989 -.25 29.6658
4 15 19.9989 -.25 29.6658 21.2132 -.25 29.4255 20.6952 -.25 29.7874 19.9947 -.25 29.7866
3 15 20.6393 -.25 29.9041 19.9947 -.25 29.7866 20.6952 -.25 29.7874
3 15 19.9947 -.25 29.7866 20.6393 -.25 29.9041 20.6559 -.25 30.0392
4 15 19.9947 -.25 29.7866 20.6559 -.25 30.0392 20.7662 -.25 30.0966 -36.5 -.25 34
3 15 19.7361 -.25 29.6624 19.9947 -.25 29.7866 -36.5 -.25 34
3 15 18.7072 -.25 28.7924 -36.5 -.25 34 18.5952 -.25 28.5118
4 15 18.7072 -.25 28.7924 19.0462 -.25 29.0015 19.7361 -.25 29.6624 -36.5 -.25 34
4 15 9.8801 -.25 26.5335 16.0227 -.25 25.5293 16.46 -.25 25.4734 16.6714 -.25 25.6429
4 15 9.8801 -.25 26.5335 16.6714 -.25 25.6429 18.5952 -.25 28.5118 -36.5 -.25 34
3 15 -36.5 -.25 34 6.67 -.25 26.5234 9.8801 -.25 26.5335
3 15 6.67 -.25 26.5234 -36.5 -.25 34 5.3077 -.25 26.4003
3 15 5.3077 -.25 26.4003 -36.5 -.25 34 3.5909 -.25 26.0941
3 15 3.5909 -.25 26.0941 -36.5 -.25 34 2.3476 -.25 25.7354
3 15 2.3476 -.25 25.7354 -36.5 -.25 34 -.6757 -.25 24.2768
3 15 -.6757 -.25 24.2768 -36.5 -.25 34 -3.7928 -.25 22.2594
4 15 -6.8585 -.25 20.0458 -28.8831 -.25 24.4962 -7.3519 -.25 19.9449 -7.1616 -.25 19.9294
4 15 -36.5 -.25 34 -28.8831 -.25 24.4962 -6.8585 -.25 20.0458 -3.7928 -.25 22.2594
3 15 -29.1266 -.25 24.4872 -28.8831 -.25 24.4962 -36.5 -.25 34
4 15 33.9659 -.25 26.9659 33.8006 -.25 26.834 33.7909 -.25 25.8097 33.8144 -.25 25.8948
4 15 33.7909 -.25 25.8097 33.8006 -.25 26.834 32.2042 -.25 26.234 32.0495 -.25 26.1391
4 15 33.7909 -.25 25.8097 32.0495 -.25 26.1391 31.9229 -.25 26.0131 33.7862 -.25 25.4865
3 15 33.9636 -.25 25.4996 33.9166 -.25 25.4114 33.8436 -.25 25.0559
3 15 33.8436 -.25 25.0559 33.9166 -.25 25.4114 33.8879 -.25 25.3811
4 15 33.8879 -.25 25.3811 33.8199 -.25 25.3591 33.7595 -.25 24.8946 33.8436 -.25 25.0559
4 15 33.8011 -.25 25.3877 33.65 -.25 24.6339 33.7595 -.25 24.8946 33.8199 -.25 25.3591
4 15 33.8011 -.25 25.3877 33.7862 -.25 25.4865 33.5449 -.25 24.9325 33.65 -.25 24.6339
3 15 33.7862 -.25 25.4865 33.4924 -.25 25.063 33.5449 -.25 24.9325
3 15 33.4924 -.25 25.063 33.7862 -.25 25.4865 33.4509 -.25 25.124
4 15 33.4509 -.25 25.124 33.7862 -.25 25.4865 31.9229 -.25 26.0131 33.412 -.25 25.1415
3 15 33.8164 -.25 24.3976 33.7463 -.25 24.2938 33.9319 -.25 23.7299
3 15 33.9319 -.25 23.7299 33.7463 -.25 24.2938 33.691 -.25 24.2541
4 15 33.3942 -.25 23.2759 33.9319 -.25 23.7299 33.691 -.25 24.2541 33.5933 -.25 24.2339
4 15 33.5933 -.25 24.2339 33.4239 -.25 24.2916 33.0424 -.25 22.8939 33.3942 -.25 23.2759
4 15 33.0424 -.25 22.8939 33.4239 -.25 24.2916 33.3229 -.25 24.4165 33.0008 -.25 22.7904
4 15 33.1067 -.25 21.7106 33.1913 -.25 21.6803 33.249 -.25 21.7994 33.2557 -.25 21.9169
4 15 33.1067 -.25 21.7106 33.2557 -.25 21.9169 33.2339 -.25 22.1398 32.9099 -.25 22.2583
4 15 32.9099 -.25 22.2583 33.2339 -.25 22.1398 33.1738 -.25 22.3727 32.785 -.25 22.4268
3 15 33.1738 -.25 22.3727 33.0152 -.25 22.6774 32.785 -.25 22.4268
4 15 33.0152 -.25 22.6774 33.0008 -.25 22.7904 32.6893 -.25 22.4277 32.785 -.25 22.4268
4 15 32.1835 -.25 21.1084 32.2522 -.25 21.0249 32.3601 -.25 21.0171 32.591 -.25 21.088
4 15 32.1835 -.25 21.1084 32.591 -.25 21.088 32.6813 -.25 21.1952 32.682 -.25 21.3353
4 15 32.1835 -.25 21.1084 32.682 -.25 21.3353 32.6058 -.25 21.5137 32.1303 -.25 21.823
4 15 32.1303 -.25 21.823 32.6058 -.25 21.5137 32.5684 -.25 21.6616 32.0627 -.25 22.0601
4 15 32.0627 -.25 22.0601 32.5684 -.25 21.6616 32.5466 -.25 22.0572 32.0014 -.25 22.1426
4 15 32.0014 -.25 22.1426 32.5466 -.25 22.0572 32.5989 -.25 22.3138 31.8815 -.25 22.1649
4 15 31.5533 -.25 21.1832 31.601 -.25 21.1252 31.6959 -.25 21.0954 31.7855 -.25 21.1436
4 15 31.5533 -.25 21.1832 31.7855 -.25 21.1436 31.8599 -.25 21.3042 31.4926 -.25 21.3581
4 15 31.4926 -.25 21.3581 31.8599 -.25 21.3042 31.8816 -.25 21.4418 31.8834 -.25 21.72
4 15 31.4926 -.25 21.3581 31.8834 -.25 21.72 31.8458 -.25 22.0194 31.481 -.25 21.5984
4 15 31.481 -.25 21.5984 31.8458 -.25 22.0194 31.8815 -.25 22.1649 31.4646 -.25 21.6887
4 15 31.2743 -.25 20.9319 31.1191 -.25 20.5114 31.3037 -.25 20.675 31.3137 -.25 20.7885
4 15 30.2698 -.25 20.5559 30.2724 -.25 20.3413 30.3889 -.25 20.2832 30.5608 -.25 20.3072
4 15 30.2698 -.25 20.5559 30.5608 -.25 20.3072 30.9107 -.25 20.4161 31.1191 -.25 20.5114
4 15 30.2698 -.25 20.5559 31.1191 -.25 20.5114 31.2743 -.25 20.9319 31.183 -.25 21.1965
4 15 30.2698 -.25 20.5559 31.183 -.25 21.1965 31.183 -.25 21.3945 30.3259 -.25 21.0088
4 15 30.575 -.25 22.4032 30.3259 -.25 21.0088 31.183 -.25 21.3945 31.2297 -.25 21.5389
3 15 30.575 -.25 22.4032 31.2297 -.25 21.5389 31.315 -.25 21.6505
3 15 30.575 -.25 22.4032 31.315 -.25 21.6505 31.3975 -.25 21.711
4 15 30.575 -.25 22.4032 31.3975 -.25 21.711 31.4646 -.25 21.6887 31.8815 -.25 22.1649
4 15 30.575 -.25 22.4032 31.8815 -.25 22.1649 32.5989 -.25 22.3138 32.6893 -.25 22.4277
4 15 30.575 -.25 22.4032 32.6893 -.25 22.4277 33.0008 -.25 22.7904 33.3229 -.25 24.4165
3 15 30.575 -.25 22.4032 33.3229 -.25 24.4165 33.2657 -.25 24.6218
3 15 30.575 -.25 22.4032 33.2657 -.25 24.6218 33.2636 -.25 24.8166
3 15 31.9229 -.25 26.0131 33.3593 -.25 25.1022 33.412 -.25 25.1415
3 15 33.3593 -.25 25.1022 31.9229 -.25 26.0131 33.3146 -.25 25.0218
4 15 30.575 -.25 22.4032 33.2636 -.25 24.8166 33.3146 -.25 25.0218 31.9229 -.25 26.0131
4 15 29.7719 -.25 27.5579 29.6908 -.25 27.4851 29.7722 -.25 27.3668 30.3499 -.25 27.7702
4 15 30.3499 -.25 27.7702 29.7722 -.25 27.3668 30.5596 -.25 27.1635 31.249 -.25 27.9442
4 15 31.249 -.25 27.9442 30.5596 -.25 27.1635 31.1772 -.25 26.9635 32.1976 -.25 28.1114
4 15 32.1976 -.25 28.1114 31.1772 -.25 26.9635 31.2429 -.25 26.8859 32.3381 -.25 28.093
4 15 31.2429 -.25 26.8859 32.6797 -.25 27.7604 32.5312 -.25 27.9669 32.3381 -.25 28.093
4 15 32.7171 -.25 27.5779 32.6797 -.25 27.7604 31.2429 -.25 26.8859 32.714 -.25 27.3568
4 15 32.6758 -.25 27.0868 32.714 -.25 27.3568 31.2429 -.25 26.8859 32.6248 -.25 26.986
4 15 32.4821 -.25 26.8942 32.6248 -.25 26.986 31.2429 -.25 26.8859 32.2539 -.25 26.821
4 15 32.2539 -.25 26.821 31.2429 -.25 26.8859 31.2364 -.25 26.7238 31.789 -.25 26.452
4 15 31.789 -.25 26.452 31.2364 -.25 26.7238 31.0489 -.25 26.71 31.4879 -.25 26.0695
4 15 31.4879 -.25 26.0695 31.0489 -.25 26.71 28.4889 -.25 27.0075 30.3683 -.25 23.8677
4 15 30.3683 -.25 23.8677 28.4889 -.25 27.0075 30.0388 -.25 23.7855 30.2066 -.25 23.6991
4 15 29.6619 -.25 23.9292 30.0388 -.25 23.7855 28.4889 -.25 27.0075 28.3034 -.25 27.1183
3 15 28.3034 -.25 27.1183 28.9783 -.25 24.0596 29.6619 -.25 23.9292
3 15 28.9783 -.25 24.0596 28.3034 -.25 27.1183 27.6923 -.25 24.0924
4 15 28.3034 -.25 27.1183 28.2578 -.25 27.1954 26.7795 -.25 23.9519 27.6923 -.25 24.0924
4 15 23.7637 -.25 27.9566 23.8623 -.25 27.7701 28.3224 -.25 27.3673 28.6905 -.25 27.6144
4 15 23.8623 -.25 27.7701 23.6414 -.25 27.7349 28.2578 -.25 27.1954 28.3224 -.25 27.3673
4 15 23.6414 -.25 27.7349 25.9182 -.25 23.6983 26.7795 -.25 23.9519 28.2578 -.25 27.1954
4 15 22.034 -.25 27.8967 21.8532 -.25 27.7862 21.8083 -.25 27.4891 22.6099 -.25 27.7985
4 15 23.6414 -.25 27.7349 22.6099 -.25 27.7985 21.8083 -.25 27.4891 22.0167 -.25 24.9244
3 15 23.6414 -.25 27.7349 22.0167 -.25 24.9244 23.2168 -.25 24.2006
4 15 23.6414 -.25 27.7349 23.2168 -.25 24.2006 23.5009 -.25 23.907 25.9182 -.25 23.6983
4 15 25.2569 -.25 23.3088 25.9182 -.25 23.6983 23.5009 -.25 23.907 23.5988 -.25 23.5949
4 15 23.5988 -.25 23.5949 23.5065 -.25 23.4496 24.959 -.25 23.0068 25.2569 -.25 23.3088
4 15 23.5065 -.25 23.4496 24.3292 -.25 22.9005 24.7288 -.25 22.906 24.959 -.25 23.0068
4 15 23.5065 -.25 23.4496 23.1574 -.25 23.5623 20.4103 -.25 23.5296 24.3292 -.25 22.9005
4 15 20.4103 -.25 23.5296 23.1574 -.25 23.5623 22.011 -.25 24.2058 21.4916 -.25 24.4213
4 15 21.3025 -.25 27.8738 21.0843 -.25 28.0336 19.146 -.25 28.4818 21.3558 -.25 27.651
4 15 21.3558 -.25 27.651 19.146 -.25 28.4818 20.3809 -.25 25.134 21.1293 -.25 25.3133
3 15 19.146 -.25 28.4818 19.9676 -.25 25.1005 20.3809 -.25 25.134
3 15 19.9676 -.25 25.1005 19.146 -.25 28.4818 19.7261 -.25 25.025
4 15 19.146 -.25 28.4818 17.2116 -.25 25.2915 19.5995 -.25 24.8312 19.7261 -.25 25.025
4 15 17.2116 -.25 25.2915 18.1089 -.25 24.8432 19.6801 -.25 24.7 19.5995 -.25 24.8312
4 15 18.1089 -.25 24.8432 18.7952 -.25 24.4849 20.0546 -.25 24.6065 19.6801 -.25 24.7
4 15 18.7952 -.25 24.4849 18.9277 -.25 24.3841 21.4916 -.25 24.4213 20.0546 -.25 24.6065
4 15 18.9277 -.25 24.3841 18.9265 -.25 24.2849 20.4103 -.25 23.5296 21.4916 -.25 24.4213
4 15 18.9265 -.25 24.2849 18.7637 -.25 24.2826 17.8932 -.25 23.7032 20.4103 -.25 23.5296
4 15 18.7637 -.25 24.2826 18.0046 -.25 24.4435 15.215 -.25 23.4844 17.8932 -.25 23.7032
4 15 18.0046 -.25 24.4435 15.215 -.25 25.0115 13.5581 -.25 23.1559 15.215 -.25 23.4844
4 15 15.215 -.25 25.0115 10.5551 -.25 25.5933 11.6231 -.25 22.4983 13.5581 -.25 23.1559
4 15 30.0512 -.25 23.0612 30.0337 -.25 23.1768 29.9629 -.25 23.2384 29.9986 -.25 22.9219
4 15 29.9986 -.25 22.9219 29.9629 -.25 23.2384 29.6779 -.25 23.3041 29.8934 -.25 22.8295
4 15 29.8934 -.25 22.8295 29.6779 -.25 23.3041 28.9287 -.25 23.3286 29.7753 -.25 22.7659
4 15 29.7753 -.25 22.7659 28.9287 -.25 23.3286 27.3795 -.25 23.2047 28.2864 -.25 22.2492
4 15 28.2864 -.25 22.2492 27.3795 -.25 23.2047 26.6373 -.25 23.0319 27.7441 -.25 21.9431
4 15 26.6373 -.25 23.0319 26.0953 -.25 22.8007 27.2132 -.25 21.5194 27.7441 -.25 21.9431
4 15 26.4402 -.25 20.671 27.2132 -.25 21.5194 26.0953 -.25 22.8007 26.1888 -.25 20.4431
4 15 26.1888 -.25 20.4431 26.0953 -.25 22.8007 23.7423 -.25 21.0935 25.6822 -.25 20.2179
4 15 25.6822 -.25 20.2179 23.7423 -.25 21.0935 23.5596 -.25 20.992 23.7665 -.25 19.6725
4 15 23.5596 -.25 20.992 23.3371 -.25 20.9435 21.1064 -.25 18.527 23.7665 -.25 19.6725
4 15 22.0135 -.25 22.7398 21.7361 -.25 22.7631 21.3823 -.25 22.6879 24.0769 -.25 22.3856
4 15 24.1721 -.25 22.3382 24.0769 -.25 22.3856 21.3823 -.25 22.6879 20.3046 -.25 21.1769
4 15 23.3416 -.25 21.1223 24.1721 -.25 22.3382 20.3046 -.25 21.1769 19.0011 -.25 19.3806
4 15 23.3416 -.25 21.1223 19.0011 -.25 19.3806 21.1064 -.25 18.527 23.3371 -.25 20.9435
4 15 29.7829 -.25 21.9918 29.6908 -.25 22.0679 29.5602 -.25 22.074 29.8118 -.25 21.818
4 15 29.8118 -.25 21.818 29.5602 -.25 22.074 28.9852 -.25 21.8521 27.7875 -.25 21.1469
4 15 27.2827 -.25 20.7424 27.2154 -.25 20.6155 27.3752 -.25 20.5688 27.5684 -.25 20.5862
4 15 27.7875 -.25 21.1469 27.2827 -.25 20.7424 27.5684 -.25 20.5862 27.8458 -.25 20.6085
4 15 27.7875 -.25 21.1469 27.8458 -.25 20.6085 28.1639 -.25 20.5489 29.8118 -.25 21.818
4 15 29.8118 -.25 21.818 28.1639 -.25 20.5489 28.1806 -.25 20.4049 29.3597 -.25 19.4899
4 15 28.1806 -.25 20.4049 27.9847 -.25 20.3185 27.8772 -.25 18.8508 29.3597 -.25 19.4899
4 15 25.2683 -.25 16.063 25.2735 -.25 15.8805 25.3998 -.25 15.7397 25.4594 -.25 15.8791
4 15 25.2683 -.25 16.063 25.4594 -.25 15.8791 25.7192 -.25 16.3127 25.3228 -.25 16.3303
4 15 25.3228 -.25 16.3303 25.7192 -.25 16.3127 27.1967 -.25 18.3369 25.5394 -.25 17.1634
4 15 25.5394 -.25 17.1634 27.1967 -.25 18.3369 27.4787 -.25 18.5944 25.6369 -.25 17.7106
4 15 25.6369 -.25 17.7106 27.4787 -.25 18.5944 27.8772 -.25 18.8508 25.5097 -.25 17.9006
4 15 25.5097 -.25 17.9006 27.8772 -.25 18.8508 27.9847 -.25 20.3185 24.7001 -.25 19.1605
4 15 21.3516 -.25 17.9334 21.1321 -.25 17.7476 20.9855 -.25 17.3846 24.7001 -.25 19.1605
4 15 24.7001 -.25 19.1605 20.9855 -.25 17.3846 20.7822 -.25 16.5884 20.7422 -.25 16.2147
4 15 24.0089 -.25 17.9101 24.7001 -.25 19.1605 20.7422 -.25 16.2147 20.8611 -.25 15.6302
3 15 24.7001 -.25 19.1605 24.0089 -.25 17.9101 24.0976 -.25 17.9086
4 15 25.3252 -.25 17.8797 24.7001 -.25 19.1605 24.0976 -.25 17.9086 24.2913 -.25 17.7493
3 15 24.7001 -.25 19.1605 25.3252 -.25 17.8797 25.5097 -.25 17.9006
4 15 25.3252 -.25 17.8797 24.2913 -.25 17.7493 24.3262 -.25 17.6716 25.2198 -.25 17.7256
4 15 24.2504 -.25 17.0779 24.2547 -.25 17.3139 24.1881 -.25 17.4615 24.0723 -.25 16.5238
4 15 23.7876 -.25 16.3944 23.8745 -.25 16.3654 23.9518 -.25 16.3852 24.0723 -.25 16.5238
4 15 24.1881 -.25 17.4615 23.5919 -.25 16.6532 23.7876 -.25 16.3944 24.0723 -.25 16.5238
4 15 24.1881 -.25 17.4615 24.0143 -.25 17.7235 23.5402 -.25 16.7507 23.5919 -.25 16.6532
4 15 24.0143 -.25 17.7235 23.9826 -.25 17.8061 23.4578 -.25 16.8263 23.5402 -.25 16.7507
3 15 25.2198 -.25 17.7256 24.3262 -.25 17.6716 24.359 -.25 17.5347
3 15 25.2198 -.25 17.7256 24.359 -.25 17.5347 24.3874 -.25 17.2037
3 15 25.2198 -.25 17.7256 24.3874 -.25 17.2037 24.3815 -.25 16.9193
3 15 25.2198 -.25 17.7256 24.3815 -.25 16.9193 24.3357 -.25 16.5357
4 15 23.4578 -.25 16.8263 23.9826 -.25 17.8061 24.0089 -.25 17.9101 20.8611 -.25 15.6302
3 15 23.3943 -.25 16.7202 23.4578 -.25 16.8263 20.8611 -.25 15.6302
3 15 23.3943 -.25 16.7202 20.8611 -.25 15.6302 23.3967 -.25 16.5551
3 15 23.3967 -.25 16.5551 20.8611 -.25 15.6302 23.5009 -.25 16.2482
3 15 23.5009 -.25 16.2482 20.8611 -.25 15.6302 23.6267 -.25 16.0613
4 15 22.3466 -.25 11.8781 24.0397 -.25 11.6213 24.1151 -.25 11.7826 24.2186 -.25 12.1446
4 15 24.0397 -.25 11.6213 22.3466 -.25 11.8781 22.4092 -.25 11.6534 23.7971 -.25 11.364
4 15 23.7971 -.25 11.364 22.4092 -.25 11.6534 22.3767 -.25 11.5375 23.3416 -.25 11.1446
4 15 22.3466 -.25 11.8781 24.2186 -.25 12.1446 23.4042 -.25 12.7153 23.1915 -.25 12.7357
4 15 23.7335 -.25 13.1709 23.8214 -.25 13.2831 23.918 -.25 13.4951 23.8967 -.25 13.544
4 15 23.7335 -.25 13.1709 23.8967 -.25 13.544 23.8708 -.25 13.7819 23.5836 -.25 13.0352
4 15 23.8708 -.25 13.7819 23.862 -.25 13.9671 23.467 -.25 13.0046 23.5836 -.25 13.0352
4 15 23.467 -.25 13.0046 23.862 -.25 13.9671 23.8462 -.25 14.0408 23.3616 -.25 13.0321
4 15 23.3616 -.25 13.0321 23.8462 -.25 14.0408 23.7994 -.25 14.116 23.2482 -.25 13.1478
4 15 23.2482 -.25 13.1478 23.7994 -.25 14.116 23.7649 -.25 14.1369 23.1903 -.25 13.3062
4 15 23.1903 -.25 13.3062 23.7649 -.25 14.1369 23.597 -.25 14.1618 23.1611 -.25 13.7105
4 15 23.1611 -.25 13.7105 23.597 -.25 14.1618 23.504 -.25 14.2079 23.1273 -.25 13.9167
4 15 23.1273 -.25 13.9167 23.504 -.25 14.2079 23.4567 -.25 14.3126 23.037 -.25 13.8802
4 15 23.9642 -.25 13.4771 23.918 -.25 13.4951 23.8214 -.25 13.2831 23.8708 -.25 13.1677
4 15 24.0329 -.25 13.5576 23.9642 -.25 13.4771 23.8708 -.25 13.1677 23.8654 -.25 13.105
3 15 23.6749 -.25 12.8226 23.4042 -.25 12.7153 24.2186 -.25 12.1446
3 15 23.6749 -.25 12.8226 24.2186 -.25 12.1446 23.8262 -.25 12.9914
4 15 24.0329 -.25 13.5576 23.8654 -.25 13.105 23.8262 -.25 12.9914 24.2186 -.25 12.1446
4 15 24.0765 -.25 13.8493 25.2198 -.25 17.7256 24.3357 -.25 16.5357 24.267 -.25 16.2723
3 15 25.2198 -.25 17.7256 24.0765 -.25 13.8493 24.0648 -.25 13.6819
4 15 24.0329 -.25 13.5576 24.2186 -.25 12.1446 25.2198 -.25 17.7256 24.0648 -.25 13.6819
3 15 23.1915 -.25 12.7357 23.0528 -.25 12.8303 22.3466 -.25 11.8781
3 15 22.3466 -.25 11.8781 23.0528 -.25 12.8303 22.9913 -.25 12.9351
4 15 21.6791 -.25 13.5784 22.3466 -.25 11.8781 22.9913 -.25 12.9351 22.9201 -.25 13.2836
3 15 21.6791 -.25 13.5784 22.9201 -.25 13.2836 22.9227 -.25 13.5665
3 15 21.6791 -.25 13.5784 22.9227 -.25 13.5665 22.9652 -.25 13.7715
3 15 21.6791 -.25 13.5784 22.9652 -.25 13.7715 23.037 -.25 13.8802
4 15 21.6791 -.25 13.5784 23.037 -.25 13.8802 23.4567 -.25 14.3126 20.8611 -.25 15.6302
3 15 20.8611 -.25 15.6302 23.4567 -.25 14.3126 23.4812 -.25 14.3898
4 15 24.267 -.25 16.2723 24.1528 -.25 16.0573 24.0592 -.25 14.0697 24.0765 -.25 13.8493
4 15 24.0592 -.25 14.0697 24.1528 -.25 16.0573 23.9905 -.25 15.9333 24.0268 -.25 14.2066
4 15 24.0268 -.25 14.2066 23.9905 -.25 15.9333 23.8602 -.25 15.9203 23.9852 -.25 14.2988
4 15 23.9852 -.25 14.2988 23.8602 -.25 15.9203 23.7445 -.25 15.9622 23.9039 -.25 14.3833
4 15 23.9039 -.25 14.3833 23.7445 -.25 15.9622 23.6267 -.25 16.0613 23.7792 -.25 14.444
4 15 23.6551 -.25 14.462 23.7792 -.25 14.444 23.6267 -.25 16.0613 20.8611 -.25 15.6302
3 15 20.8611 -.25 15.6302 23.4812 -.25 14.3898 23.5505 -.25 14.442
3 15 20.8611 -.25 15.6302 23.5505 -.25 14.442 23.6551 -.25 14.462
4 15 20.6047 -.25 22.8581 19.0945 -.25 22.9132 20.0768 -.25 21.7366 20.7283 -.25 22.7478
4 15 20.0768 -.25 21.7366 19.0945 -.25 22.9132 15.9331 -.25 22.7944 17.5953 -.25 19.3408
4 15 17.5953 -.25 19.3408 15.9331 -.25 22.7944 13.4943 -.25 22.3681 16.1755 -.25 18.4858
4 15 9.5525 -.25 15.5768 9.6913 -.25 15.5135 16.1755 -.25 18.4858 13.4943 -.25 22.3681
4 15 9.5525 -.25 15.5768 13.4943 -.25 22.3681 11.789 -.25 21.6268 8.7624 -.25 16.2005
4 15 11.789 -.25 21.6268 8.94 -.25 19.297 8.5466 -.25 16.3036 8.7624 -.25 16.2005
4 15 8.94 -.25 19.297 6.3496 -.25 16.732 8.3772 -.25 16.2062 8.5466 -.25 16.3036
4 15 8.3989 -.25 16.0317 8.3772 -.25 16.2062 6.3496 -.25 16.732 5.6433 -.25 15.9049
4 15 9.2315 -.25 12.1164 9.3665 -.25 12.0815 11.2722 -.25 13.1522 8.563 -.25 15.7835
4 15 9.2315 -.25 12.1164 8.563 -.25 15.7835 8.3989 -.25 16.0317 5.6433 -.25 15.9049
4 15 10.0726 -.25 15.0814 10.7389 -.25 14.4342 10.8848 -.25 14.3385 11.0165 -.25 14.2931
4 15 10.0726 -.25 15.0814 11.0165 -.25 14.2931 13.565 -.25 15.1041 15.8934 -.25 17.4872
3 15 19.0011 -.25 19.3806 20.5922 -.25 18.2305 21.1064 -.25 18.527
4 15 20.324 -.25 17.8929 20.5922 -.25 18.2305 19.0011 -.25 19.3806 15.8934 -.25 17.4872
4 15 15.8934 -.25 17.4872 13.565 -.25 15.1041 13.9033 -.25 15.1639 20.324 -.25 17.8929
4 15 20.324 -.25 17.8929 13.9033 -.25 15.1639 14.4328 -.25 15.1466 20.0405 -.25 16.9851
4 15 20.0405 -.25 16.9851 14.4328 -.25 15.1466 14.796 -.25 14.9927 20.0096 -.25 16.7252
4 15 20.0096 -.25 16.7252 14.796 -.25 14.9927 14.9786 -.25 14.8312 20.0206 -.25 16.4744
4 15 20.0206 -.25 16.4744 14.9786 -.25 14.8312 15.5917 -.25 13.7862 20.3813 -.25 15.1204
4 15 20.3813 -.25 15.1204 15.5917 -.25 13.7862 16.1488 -.25 12.1449 21.1269 -.25 13.4423
4 15 16.4321 -.25 10.9463 16.5138 -.25 10.7069 16.5893 -.25 10.6199 16.6552 -.25 10.6136
4 15 16.1488 -.25 12.1449 16.4321 -.25 10.9463 16.6552 -.25 10.6136 19.1658 -.25 11.7351
4 15 16.1488 -.25 12.1449 19.1658 -.25 11.7351 20.4623 -.25 12.1436 21.1269 -.25 13.4423
3 15 21.1269 -.25 13.4423 20.4623 -.25 12.1436 20.7725 -.25 12.1617
4 15 21.1269 -.25 13.4423 20.7725 -.25 12.1617 21.0207 -.25 12.0274 22.0268 -.25 11.8686
4 15 22.0268 -.25 11.8686 21.0207 -.25 12.0274 20.9628 -.25 11.8342 22.2242 -.25 11.6177
4 15 22.3767 -.25 11.5375 22.2242 -.25 11.6177 20.9628 -.25 11.8342 20.481 -.25 11.6134
4 15 23.3416 -.25 11.1446 22.3767 -.25 11.5375 20.481 -.25 11.6134 21.3451 -.25 10.2291
4 15 21.3451 -.25 10.2291 20.481 -.25 11.6134 16.7553 -.25 10.0959 16.7089 -.25 9.9382
4 15 21.3451 -.25 10.2291 16.7089 -.25 9.9382 16.9477 -.25 8.4955 17.547 -.25 8.2041
3 15 16.9477 -.25 8.4955 16.9546 -.25 8.3279 17.547 -.25 8.2041
3 15 16.9546 -.25 8.3279 16.8582 -.25 8.1961 17.547 -.25 8.2041
4 15 13.5253 -.25 7.2051 12.1543 -.25 5.2527 12.2017 -.25 4.6788 14.2495 -.25 6.2093
3 15 13.9082 -.25 7.2888 13.5253 -.25 7.2051 14.2495 -.25 6.2093
3 15 13.9082 -.25 7.2888 14.2495 -.25 6.2093 13.9652 -.25 7.3357
3 15 17.547 -.25 8.2041 16.8582 -.25 8.1961 14.2495 -.25 6.2093
4 15 13.9652 -.25 7.3357 14.2495 -.25 6.2093 16.8582 -.25 8.1961 16.744 -.25 8.3162
3 15 14.1662 -.25 7.6465 13.9652 -.25 7.3357 16.744 -.25 8.3162
3 15 14.1662 -.25 7.6465 16.744 -.25 8.3162 14.423 -.25 8.4052
3 15 14.423 -.25 8.4052 16.744 -.25 8.3162 14.4426 -.25 8.6934
3 15 14.4426 -.25 8.6934 16.744 -.25 8.3162 14.4161 -.25 9.0397
3 15 12.1543 -.25 5.2527 13.5253 -.25 7.2051 13.3983 -.25 7.2406
3 15 12.1543 -.25 5.2527 13.3983 -.25 7.2406 13.2935 -.25 7.3883
4 15 12.127 -.25 8.678 12.1543 -.25 5.2527 13.2935 -.25 7.3883 13.1003 -.25 7.8464
3 15 12.127 -.25 8.678 13.1003 -.25 7.8464 13.0081 -.25 8.1995
3 15 12.127 -.25 8.678 13.0081 -.25 8.1995 12.9762 -.25 8.5379
4 15 11.4297 -.25 10.2378 12.127 -.25 8.678 12.9762 -.25 8.5379 13.0394 -.25 8.9205
4 15 10.2861 -.25 11.8946 10.1385 -.25 11.7143 10.419 -.25 11.505 12.0859 -.25 12.7811
4 15 13.4762 -.25 7.8355 13.6274 -.25 7.7501 13.7114 -.25 7.7381 13.7822 -.25 7.7502
4 15 13.4762 -.25 7.8355 13.7822 -.25 7.7502 13.8746 -.25 7.8012 14.0018 -.25 7.9459
4 15 13.4762 -.25 7.8355 14.0018 -.25 7.9459 14.2054 -.25 8.4164 13.2195 -.25 8.1376
4 15 13.2195 -.25 8.1376 14.2054 -.25 8.4164 14.2233 -.25 8.6152 13.1727 -.25 8.2276
4 15 13.1727 -.25 8.2276 14.2233 -.25 8.6152 14.0834 -.25 9.0649 13.1399 -.25 8.3606
4 15 13.1399 -.25 8.3606 14.0834 -.25 9.0649 14.0492 -.25 9.1217 13.1528 -.25 8.5264
4 15 14.0492 -.25 9.1217 13.9655 -.25 9.2023 13.2681 -.25 8.8852 13.1528 -.25 8.5264
4 15 13.2681 -.25 8.8852 13.9655 -.25 9.2023 13.9278 -.25 9.2217 13.2807 -.25 8.9676
4 15 13.2807 -.25 8.9676 13.9278 -.25 9.2217 13.606 -.25 9.2595 13.2599 -.25 9.0214
4 15 13.2599 -.25 9.0214 13.606 -.25 9.2595 13.499 -.25 9.295 13.214 -.25 9.0405
4 15 13.214 -.25 9.0405 13.499 -.25 9.295 13.4664 -.25 9.3461 13.1593 -.25 9.0373
4 15 13.7106 -.25 11.9733 13.811 -.25 11.8799 13.8978 -.25 11.86 13.9813 -.25 11.8876
4 15 13.7106 -.25 11.9733 13.9813 -.25 11.8876 14.105 -.25 12.0086 14.1886 -.25 12.146
4 15 13.7106 -.25 11.9733 14.1886 -.25 12.146 14.2865 -.25 12.3835 13.572 -.25 12.38
4 15 13.572 -.25 12.38 14.2865 -.25 12.3835 14.3563 -.25 12.6673 14.3745 -.25 13.2012
4 15 13.572 -.25 12.38 14.3745 -.25 13.2012 14.3542 -.25 13.3137 13.5287 -.25 13.0177
4 15 13.5287 -.25 13.0177 14.3542 -.25 13.3137 14.322 -.25 13.3824 14.2738 -.25 13.4319
4 15 13.5287 -.25 13.0177 14.2738 -.25 13.4319 14.0874 -.25 13.5124 13.4771 -.25 13.1716
4 15 13.4771 -.25 13.1716 14.0874 -.25 13.5124 13.7437 -.25 13.5934 13.4397 -.25 13.1957
4 15 13.4397 -.25 13.1957 13.7437 -.25 13.5934 13.6407 -.25 13.623 13.3692 -.25 13.1501
4 15 12.2067 -.25 12.975 13.3692 -.25 13.1501 13.6407 -.25 13.623 13.6088 -.25 13.6971
4 15 11.7199 -.25 14.0329 11.5847 -.25 13.9619 11.529 -.25 13.8002 12.2067 -.25 12.975
4 15 11.7199 -.25 14.0329 12.2067 -.25 12.975 13.6088 -.25 13.6971 13.4511 -.25 14.5562
4 15 14.095 -.25 14.6745 13.4511 -.25 14.5562 13.6088 -.25 13.6971 13.9244 -.25 13.8994
4 15 14.095 -.25 14.6745 13.9244 -.25 13.8994 14.1315 -.25 13.9355 14.3054 -.25 14.6451
4 15 14.3054 -.25 14.6451 14.1315 -.25 13.9355 14.2979 -.25 13.9136 14.8297 -.25 14.3475
4 15 14.8297 -.25 14.3475 14.2979 -.25 13.9136 14.461 -.25 13.8154 15.0779 -.25 14.048
4 15 15.0779 -.25 14.048 14.461 -.25 13.8154 14.5701 -.25 13.5738 15.7093 -.25 12.0544
4 15 12.2067 -.25 12.975 12.0859 -.25 12.7811 13.2456 -.25 12.8448 13.3692 -.25 13.1501
4 15 13.198 -.25 12.51 13.2456 -.25 12.8448 12.0859 -.25 12.7811 10.419 -.25 11.505
4 15 13.198 -.25 12.51 10.419 -.25 11.505 10.9722 -.25 10.8765 13.2548 -.25 12.1311
4 15 13.3241 -.25 11.9644 13.2548 -.25 12.1311 10.9722 -.25 10.8765 11.4297 -.25 10.2378
4 15 13.3241 -.25 11.9644 11.4297 -.25 10.2378 13.0394 -.25 8.9205 13.1043 -.25 9.0091
4 15 13.3241 -.25 11.9644 13.1043 -.25 9.0091 13.1593 -.25 9.0373 13.5155 -.25 11.7037
4 15 13.5155 -.25 11.7037 13.1593 -.25 9.0373 13.4664 -.25 9.3461 13.5283 -.25 9.4413
4 15 13.5155 -.25 11.7037 13.5283 -.25 9.4413 13.6123 -.25 9.4853 13.764 -.25 11.5276
4 15 13.764 -.25 11.5276 13.6123 -.25 9.4853 13.8834 -.25 9.5441 14.12 -.25 11.3529
4 15 14.12 -.25 11.3529 13.8834 -.25 9.5441 14.128 -.25 9.5468 14.4025 -.25 11.9712
4 15 15.7093 -.25 12.0544 14.3742 -.25 9.2191 14.4161 -.25 9.0397 16.744 -.25 8.3162
3 15 14.5701 -.25 13.5738 14.6044 -.25 13.3291 15.7093 -.25 12.0544
3 15 15.7093 -.25 12.0544 14.6044 -.25 13.3291 14.5979 -.25 12.8547
3 15 15.7093 -.25 12.0544 14.5979 -.25 12.8547 14.5133 -.25 12.3258
4 15 15.7093 -.25 12.0544 14.5133 -.25 12.3258 14.4025 -.25 11.9712 14.128 -.25 9.5468
3 15 15.7093 -.25 12.0544 14.128 -.25 9.5468 14.1973 -.25 9.5261
3 15 15.7093 -.25 12.0544 14.1973 -.25 9.5261 14.2693 -.25 9.4624
3 15 15.7093 -.25 12.0544 14.2693 -.25 9.4624 14.3742 -.25 9.2191
4 15 4.3791 -.25 15.7519 4.513 -.25 15.6307 4.8728 -.25 15.6182 5.0599 -.25 15.6801
4 15 4.3791 -.25 15.7519 5.0599 -.25 15.6801 5.5975 -.25 16.4108 4.56 -.25 16.1215
4 15 4.56 -.25 16.1215 5.5975 -.25 16.4108 6.6262 -.25 17.8206 5.8374 -.25 17.9431
4 15 5.8374 -.25 17.9431 6.6262 -.25 17.8206 8.3506 -.25 19.6841 7.3329 -.25 19.7324
4 15 8.0665 -.25 20.5828 7.3329 -.25 19.7324 8.3506 -.25 19.6841 11.6231 -.25 22.4983
4 15 8.0888 -.25 20.7901 8.0665 -.25 20.5828 11.6231 -.25 22.4983 10.5551 -.25 25.5933
4 15 10.5551 -.25 25.5933 6.9763 -.25 25.6422 7.7739 -.25 21.0522 8.0888 -.25 20.7901
4 15 6.9763 -.25 25.6422 4.5139 -.25 25.3977 5.0929 -.25 22.0556 7.7739 -.25 21.0522
4 15 4.5139 -.25 25.3977 2.9756 -.25 25.0201 2.9185 -.25 22.4707 5.0929 -.25 22.0556
4 15 .4584 -.25 23.9569 .5277 -.25 22.6226 2.9185 -.25 22.4707 2.9756 -.25 25.0201
3 15 .4584 -.25 23.9569 -.6964 -.25 22.5732 .5277 -.25 22.6226
4 15 7.0266 -.25 20.6239 6.6947 -.25 20.851 6.6411 -.25 19.667 7.1287 -.25 20.2718
4 15 6.6947 -.25 20.851 5.2089 -.25 21.4145 5.1758 -.25 17.7757 6.6411 -.25 19.667
4 15 3.1306 -.25 15.4034 3.5852 -.25 15.451 3.766 -.25 15.5942 4.2593 -.25 16.3656
4 15 5.1758 -.25 17.7757 5.2089 -.25 21.4145 3.1306 -.25 15.4034 4.2593 -.25 16.3656
4 15 5.2089 -.25 21.4145 3.6127 -.25 21.85 .5172 -.25 15.3177 3.1306 -.25 15.4034
4 15 3.6127 -.25 21.85 .3802 -.25 22.1934 -3.7748 -.25 15.3208 .5172 -.25 15.3177
4 15 -9.8916 -.25 17.07 -9.9182 -.25 16.8696 -9.8539 -.25 16.6122 -9.6551 -.25 17.3152
4 15 -9.6551 -.25 17.3152 -9.8539 -.25 16.6122 -9.5774 -.25 16.3088 -8.8728 -.25 15.9636
4 15 -9.6551 -.25 17.3152 -8.8728 -.25 15.9636 -7.8178 -.25 15.6931 -5.542 -.25 15.4128
4 15 .3802 -.25 22.1934 -.5018 -.25 22.3019 -5.542 -.25 15.4128 -3.7748 -.25 15.3208
4 15 -.5018 -.25 22.3019 -.804 -.25 22.411 -9.6551 -.25 17.3152 -5.542 -.25 15.4128
3 15 -.804 -.25 22.411 -.6964 -.25 22.5732 -9.6551 -.25 17.3152
3 15 -9.6551 -.25 17.3152 -.6964 -.25 22.5732 .4584 -.25 23.9569
4 15 11.3654 -.25 5.2042 11.4521 -.25 5.1467 11.5038 -.25 5.1978 11.5404 -.25 5.3295
4 15 11.3046 -.25 5.4576 11.3654 -.25 5.2042 11.5404 -.25 5.3295 11.5974 -.25 5.9881
4 15 10.937 -.25 7.1204 11.3046 -.25 5.4576 11.5974 -.25 5.9881 11.5634 -.25 7.8575
4 15 11.5634 -.25 7.8575 11.4181 -.25 8.6278 10.4662 -.25 8.1236 10.937 -.25 7.1204
4 15 11.4181 -.25 8.6278 11.1487 -.25 9.2664 9.7221 -.25 8.9527 10.4662 -.25 8.1236
4 15 11.1487 -.25 9.2664 10.6311 -.25 10.0966 8.9676 -.25 9.3739 9.7221 -.25 8.9527
4 15 10.6311 -.25 10.0966 9.9918 -.25 10.8266 9.2643 -.25 11.364 8.9676 -.25 9.3739
4 15 8.9676 -.25 9.3739 9.2643 -.25 11.364 7.7976 -.25 11.6232 8.0195 -.25 9.541
4 15 7.7976 -.25 11.6232 6.8069 -.25 11.62 6.1582 -.25 9.3558 8.0195 -.25 9.541
4 15 6.8069 -.25 11.62 5.8683 -.25 11.3921 5.3259 -.25 9.0621 6.1582 -.25 9.3558
4 15 4.148 -.25 10.729 4.5994 -.25 8.6614 5.3259 -.25 9.0621 5.8683 -.25 11.3921
4 15 4.148 -.25 10.729 1.9689 -.25 9.2545 3.7724 -.25 8.0179 4.5994 -.25 8.6614
4 15 9.4008 -.25 -.4345 9.4623 -.25 -.522 9.5909 -.25 -.5484 9.6737 -.25 -.5081
4 15 9.4008 -.25 -.4345 9.6737 -.25 -.5081 9.7945 -.25 -.3382 9.4015 -.25 -.0579
4 15 9.4015 -.25 -.0579 9.7945 -.25 -.3382 10.0823 -.25 .4133 9.6333 -.25 .9157
4 15 9.6333 -.25 .9157 10.0823 -.25 .4133 10.3569 -.25 1.4616 9.7613 -.25 1.6788
4 15 9.7735 -.25 3.0767 9.7613 -.25 1.6788 10.3569 -.25 1.4616 10.4758 -.25 2.7878
4 15 9.6407 -.25 4.7682 9.7735 -.25 3.0767 10.4758 -.25 2.7878 10.4976 -.25 4.1143
4 15 9.6407 -.25 4.7682 10.4976 -.25 4.1143 10.3537 -.25 4.9696 9.9593 -.25 6.1728
4 15 9.9593 -.25 6.1728 9.5812 -.25 6.8792 9.0665 -.25 6.1369 9.6407 -.25 4.7682
4 15 8.6808 -.25 7.868 8.5579 -.25 6.6321 9.0665 -.25 6.1369 9.5812 -.25 6.8792
4 15 8.6808 -.25 7.868 7.9639 -.25 8.2922 7.7281 -.25 7.0829 8.5579 -.25 6.6321
4 15 7.7281 -.25 7.0829 7.9639 -.25 8.2922 7.3919 -.25 8.4067 7.0942 -.25 7.2256
4 15 7.0942 -.25 7.2256 7.3919 -.25 8.4067 5.9805 -.25 8.2745 5.5607 -.25 6.9736
4 15 5.5607 -.25 6.9736 5.9805 -.25 8.2745 5.0846 -.25 7.9348 4.9575 -.25 6.7696
4 15 4.9575 -.25 6.7696 5.0846 -.25 7.9348 4.008 -.25 7.2381 4.0961 -.25 6.2545
4 15 4.0961 -.25 6.2545 4.008 -.25 7.2381 3.2888 -.25 6.4957 3.1699 -.25 5.1509
4 15 3.1699 -.25 5.1509 3.2888 -.25 6.4957 1.0562 -.25 3.4763 1.7174 -.25 2.4655
4 15 1.7174 -.25 2.4655 1.0562 -.25 3.4763 .329 -.25 1.6908 1.2 -.25 .9
4 15 1.2 -.25 .9 .329 -.25 1.6908 -.1258 -.25 -.7078 .8637 -.25 -1.9481
4 15 .8637 -.25 -1.9481 -.1258 -.25 -.7078 -.1559 -.25 -2.1493 1.0936 -.25 -2.8669
4 15 1.0936 -.25 -2.8669 -.1559 -.25 -2.1493 -.0452 -.25 -2.875 1.5232 -.25 -3.7791
4 15 1.5232 -.25 -3.7791 -.0452 -.25 -2.875 .6122 -.25 -4.5151 1.7505 -.25 -5.68
4 15 1.5232 -.25 -3.7791 1.7505 -.25 -5.68 2.6749 -.25 -6.0568 2.2381 -.25 -4.7569
4 15 2.2381 -.25 -4.7569 2.6749 -.25 -6.0568 3.6061 -.25 -6.1473 3.6061 -.25 -5.1697
4 15 3.6061 -.25 -5.1697 3.6061 -.25 -6.1473 5.0468 -.25 -5.917 4.3604 -.25 -5.2441
4 15 4.3604 -.25 -5.2441 5.0468 -.25 -5.917 6.2837 -.25 -5.1877 4.8454 -.25 -5.1461
4 15 9.3185 -.25 -.9765 9.2275 -.25 -.9931 9.0937 -.25 -1.1184 9.4088 -.25 -1.0463
4 15 9.433 -.25 -1.173 9.4088 -.25 -1.0463 9.0937 -.25 -1.1184 8.9625 -.25 -1.3098
4 15 9.433 -.25 -1.173 8.9625 -.25 -1.3098 8.7078 -.25 -1.7772 9.0393 -.25 -2.0583
4 15 9.0393 -.25 -2.0583 8.7078 -.25 -1.7772 8.2733 -.25 -2.478 8.3962 -.25 -2.9921
4 15 8.3962 -.25 -2.9921 8.2733 -.25 -2.478 7.2793 -.25 -3.6407 6.2837 -.25 -5.1877
3 15 6.1497 -.25 -4.5859 6.2837 -.25 -5.1877 7.2793 -.25 -3.6407
3 15 6.2837 -.25 -5.1877 6.1497 -.25 -4.5859 4.8454 -.25 -5.1461
4 15 1.7809 -.25 -2.7187 1.6112 -.25 -2.6894 1.768 -.25 -3.1774 2.1039 -.25 -3.6481
4 15 1.7809 -.25 -2.7187 2.1039 -.25 -3.6481 3.3707 -.25 -4.5345 2.6013 -.25 -3.1579
4 15 2.6013 -.25 -3.1579 3.3707 -.25 -4.5345 3.8894 -.25 -4.6119 3.3047 -.25 -3.3242
4 15 3.3047 -.25 -3.3242 3.8894 -.25 -4.6119 4.3838 -.25 -4.5905 3.8651 -.25 -3.2837
4 15 3.8651 -.25 -3.2837 4.3838 -.25 -4.5905 5.4404 -.25 -4.2176 4.6119 -.25 -2.9697
4 15 4.6119 -.25 -2.9697 5.4404 -.25 -4.2176 6.0885 -.25 -3.8738 5.2821 -.25 -2.5438
4 15 5.2821 -.25 -2.5438 6.0885 -.25 -3.8738 6.9851 -.25 -3.0444 5.9576 -.25 -1.9439
4 15 5.9576 -.25 -1.9439 6.9851 -.25 -3.0444 7.9445 -.25 -1.7699 7.2085 -.25 -.4083
4 15 7.2085 -.25 -.4083 7.9445 -.25 -1.7699 8.3448 -.25 -1.0937 8.4805 -.25 -.7019
4 15 8.4805 -.25 -.7019 8.3384 -.25 -.5829 7.5152 -.25 -.2649 7.366 -.25 -.2682
3 15 7.366 -.25 -.2682 7.2085 -.25 -.4083 8.4805 -.25 -.7019
4 15 6.0998 -.25 6.509 5.9069 -.25 6.4309 5.9757 -.25 6.3332 6.1566 -.25 6.2055
4 15 6.0998 -.25 6.509 6.1566 -.25 6.2055 6.6494 -.25 5.9074 6.9387 -.25 6.57
4 15 6.9387 -.25 6.57 6.6494 -.25 5.9074 7.2418 -.25 5.2907 7.5653 -.25 6.3772
4 15 7.5653 -.25 6.3772 7.2418 -.25 5.2907 7.5214 -.25 4.8314 8.2063 -.25 5.9101
4 15 8.2063 -.25 5.9101 7.5214 -.25 4.8314 7.7463 -.25 4.2828 8.5722 -.25 5.458
4 15 8.5722 -.25 5.458 7.7463 -.25 4.2828 7.8616 -.25 3.7727 9.1241 -.25 4.2779
4 15 7.8616 -.25 3.7727 7.9341 -.25 2.3781 9.2299 -.25 3.1376 9.1241 -.25 4.2779
4 15 7.9341 -.25 2.3781 7.828 -.25 1.1695 9.2305 -.25 1.8429 9.2299 -.25 3.1376
4 15 9.2305 -.25 1.8429 7.828 -.25 1.1695 7.7423 -.25 .6717 8.7759 -.25 -.0601
4 15 7.5701 -.25 .2932 8.6429 -.25 -.2005 8.7759 -.25 -.0601 7.7423 -.25 .6717
4 15 7.5701 -.25 .2932 7.5513 -.25 .1193 8.5074 -.25 -.2307 8.6429 -.25 -.2005
4 15 8.5074 -.25 -.2307 7.5513 -.25 .1193 7.6758 -.25 .0137 8.2877 -.25 -.2053
4 15 1.3749 -.25 -6.2828 1.2797 -.25 -6.1493 1.3219 -.25 -6.4776 1.412 -.25 -6.4185
4 15 1.2797 -.25 -6.1493 .3296 -.25 -5.1012 -.7284 -.25 -5.9753 1.3219 -.25 -6.4776
3 15 -.4259 -.25 -3.2225 -.5988 -.25 -1.855 -.9585 -.25 -3.9169
4 15 -.1992 -.25 -4.1134 -.4259 -.25 -3.2225 -.9585 -.25 -3.9169 -1.0925 -.25 -4.6642
4 15 -.1992 -.25 -4.1134 -1.0925 -.25 -4.6642 -1.2144 -.25 -4.8933 .0125 -.25 -4.6085
4 15 .0125 -.25 -4.6085 -1.2144 -.25 -4.8933 -.7284 -.25 -5.9753 .3296 -.25 -5.1012
3 15 1.9689 -.25 9.2545 2.5773 -.25 6.7714 3.7724 -.25 8.0179
4 15 1.9689 -.25 9.2545 -1.0414 -.25 5.3977 .8108 -.25 4.4924 2.5773 -.25 6.7714
3 15 -1.0414 -.25 5.3977 .1953 -.25 3.3671 .8108 -.25 4.4924
4 15 -1.0414 -.25 5.3977 -2.7168 -.25 1.4404 -1.0464 -.25 .1265 .1953 -.25 3.3671
4 15 -1.0464 -.25 .1265 -2.7168 -.25 1.4404 -3.2458 -.25 -2.6475 -1.3523 -.25 -1.9254
4 15 -1.3523 -.25 -1.9254 -3.2458 -.25 -2.6475 -3.2477 -.25 -4.2535 -1.4715 -.25 -3.8661
4 15 -3.2477 -.25 -4.2535 -4.054 -.25 -4.7982 -1.4492 -.25 -4.8196 -1.4715 -.25 -3.8661
4 15 1.4557 -.25 9.8509 1.2509 -.25 9.8057 1.4205 -.25 9.6572 1.4974 -.25 9.7745
4 15 1.4205 -.25 9.6572 1.2509 -.25 9.8057 -.7788 -.25 8.9797 -1.6566 -.25 5.4138
4 15 -1.6566 -.25 5.4138 -.7788 -.25 8.9797 -5.0689 -.25 6.8942 -5.1319 -.25 4.5038
4 15 -5.1319 -.25 4.5038 -5.2323 -.25 4.2072 -3.1523 -.25 1.4546 -1.6566 -.25 5.4138
4 15 -20.5043 -.25 -3.5763 -20.7782 -.25 -3.7715 -20.714 -.25 -3.9381 -20.4589 -.25 -4.1134
4 15 -20.1514 -.25 -3.5527 -20.2465 -.25 -3.5075 -20.5043 -.25 -3.5763 -19.9616 -.25 -3.7115
4 15 -19.9616 -.25 -3.7115 -20.5043 -.25 -3.5763 -20.4589 -.25 -4.1134 -19.2437 -.25 -4.1134
3 15 -20.4589 -.25 -4.1134 -18.1204 -.25 -4.7007 -19.2437 -.25 -4.1134
4 15 -18.1204 -.25 -4.7007 -20.4589 -.25 -4.1134 -13.0404 -.25 -8.0468 -17.9734 -.25 -4.763
4 15 -16.2537 -.25 -5.481 -16.4649 -.25 -5.3155 -17.9734 -.25 -4.763 -13.0404 -.25 -8.0468
3 15 -15.8402 -.25 -5.5318 -16.2537 -.25 -5.481 -13.0404 -.25 -8.0468
4 15 -16.4803 -.25 -5.2096 -17.7531 -.25 -4.7711 -17.9734 -.25 -4.763 -16.4649 -.25 -5.3155
4 15 -17.7531 -.25 -4.7711 -16.4803 -.25 -5.2096 -15.1433 -.25 -4.5849 -17.6763 -.25 -4.6535
4 15 -17.7551 -.25 -4.3487 -17.6763 -.25 -4.6535 -15.1433 -.25 -4.5849 -13.0211 -.25 -3.6874
4 15 -17.9466 -.25 -4.121 -17.7551 -.25 -4.3487 -13.0211 -.25 -3.6874 -9.8222 -.25 -2.2521
4 15 -20.1184 -.25 -2.8983 -20.0707 -.25 -3.0949 -19.991 -.25 -3.1784 -20.1382 -.25 -1.4175
4 15 -20.1382 -.25 -1.4175 -19.991 -.25 -3.1784 -18.8346 -.25 -3.6553 -16.5454 -.25 -1.2507
4 15 -16.5454 -.25 -1.2507 -18.8346 -.25 -3.6553 -17.9466 -.25 -4.121 -9.8222 -.25 -2.2521
4 15 -16.5454 -.25 -1.2507 -9.8222 -.25 -2.2521 -8.3849 -.25 -1.4095 -6.9595 -.25 -.0551
4 15 -7.1055 -.25 .2732 -16.5454 -.25 -1.2507 -6.9595 -.25 -.0551 -6.9377 -.25 .2767
4 15 -6.8169 -.25 .2434 -6.9377 -.25 .2767 -6.9595 -.25 -.0551 -6.8073 -.25 .1537
4 15 -15.0649 -.25 -5.2662 -15.8402 -.25 -5.5318 -13.0404 -.25 -8.0468 -11.4785 -.25 -7.5543
4 15 -15.0649 -.25 -5.2662 -11.4785 -.25 -7.5543 -9.5906 -.25 -6.8064 -6.2144 -.25 -5.2056
4 15 -15.0649 -.25 -5.2662 -6.2144 -.25 -5.2056 -3.7652 -.25 -4.0039 -9.866 -.25 -2.9464
4 15 -9.866 -.25 -2.9464 -3.7652 -.25 -4.0039 -3.7652 -.25 -3.1162 -7.9199 -.25 -1.8522
4 15 -6.4062 -.25 -.2532 -7.9199 -.25 -1.8522 -3.7652 -.25 -3.1162 -3.1523 -.25 1.4546
3 15 -3.1523 -.25 1.4546 -6.091 -.25 .4901 -6.4062 -.25 -.2532
4 15 -5.2323 -.25 4.2072 -6.1344 -.25 .7627 -6.091 -.25 .4901 -3.1523 -.25 1.4546
4 15 -6.1344 -.25 .7627 -5.2323 -.25 4.2072 -5.4947 -.25 4.0017 -6.3083 -.25 .8958
4 15 -9.3221 -.25 2.614 -6.7766 -.25 .9408 -6.3083 -.25 .8958 -5.4947 -.25 4.0017
4 15 -11.8732 -.25 .5477 -11.7893 -.25 .3437 -11.585 -.25 .3186 -6.7766 -.25 .9408
4 15 -11.8732 -.25 .5477 -6.7766 -.25 .9408 -9.3221 -.25 2.614 -11.8996 -.25 1.3495
4 15 -9.3221 -.25 2.614 -16.0109 -.25 .9827 -13.0211 -.25 1.2182 -11.8996 -.25 1.3495
4 15 -12.2802 -.25 .5738 -12.5144 -.25 .196 -12.2916 -.25 .2711 -12.2272 -.25 .4281
4 15 -12.2802 -.25 .5738 -12.4171 -.25 .7004 -13.5267 -.25 .0124 -12.5144 -.25 .196
4 15 -13.5267 -.25 .0124 -12.4171 -.25 .7004 -12.5632 -.25 .7362 -13.0211 -.25 .6881
4 15 -15.7214 -.25 .2892 -15.7529 -.25 .2059 -15.7582 -.25 -.2677 -15.6138 -.25 .3688
4 15 -15.6138 -.25 .3688 -15.7582 -.25 -.2677 -13.5267 -.25 .0124 -15.3965 -.25 .4333
3 15 -15.3965 -.25 .4333 -13.5267 -.25 .0124 -13.0211 -.25 .6881
4 15 -19.3171 -.25 -.7599 -16.2985 -.25 -.3817 -16.1436 -.25 -.3217 -16.0772 -.25 -.1257
4 15 -19.3171 -.25 -.7599 -16.0772 -.25 -.1257 -16.0659 -.25 .896 -19.6919 -.25 -.7599
4 15 -19.8751 -.25 .4403 -19.6919 -.25 -.7599 -16.0659 -.25 .896 -16.0109 -.25 .9827
4 15 -18.2386 -.25 1.3316 -19.8751 -.25 .4403 -16.0109 -.25 .9827 -9.3221 -.25 2.614
4 15 -18.2386 -.25 1.3316 -21.8117 -.25 1.0783 -24.1182 -.25 .2486 -19.8751 -.25 .4403
4 15 -20.4552 -.25 -.8248 -20.1171 -.25 -.7417 -20.0606 -.25 -.5961 -21.9776 -.25 -.9212
4 15 -23.6504 -.25 -.3537 -23.684 -.25 -.549 -23.5893 -.25 -.9148 -23.4851 -.25 -.2653
4 15 -21.9776 -.25 -.9212 -20.0606 -.25 -.5961 -20.1613 -.25 0 -22.98 -.25 -.2033
4 15 -21.9776 -.25 -.9212 -22.98 -.25 -.2033 -23.4851 -.25 -.2653 -23.5893 -.25 -.9148
4 15 -28.8509 -.25 1.8364 -28.8983 -.25 .0686 -26.7908 -.25 -.8736 -26.969 -.25 .9716
4 15 -26.969 -.25 .9716 -26.7908 -.25 -.8736 -25.9934 -.25 -1.0424 -24.049 -.25 -.9164
3 15 -26.969 -.25 .9716 -24.049 -.25 -.9164 -24.1182 -.25 .2486
3 15 -26.969 -.25 .9716 -24.1182 -.25 .2486 -21.8117 -.25 1.0783
3 15 -1.2144 -.25 -4.8933 -1.3486 -.25 -4.9674 -.7284 -.25 -5.9753
3 15 -1.4492 -.25 -4.8196 -4.054 -.25 -4.7982 -1.408 -.25 -4.9516
4 15 -1.3486 -.25 -4.9674 -1.408 -.25 -4.9516 -3.7777 -.25 -7.1107 -.7284 -.25 -5.9753
4 15 -3.7777 -.25 -7.1107 -1.408 -.25 -4.9516 -4.054 -.25 -4.7982 -6.2144 -.25 -5.9831
4 15 -9.2402 -.25 -7.4276 -10.3317 -.25 -9.8307 -3.7777 -.25 -7.1107 -6.2144 -.25 -5.9831
4 15 -12.8045 -.25 -10.3933 -12.685 -.25 -10.7494 -12.4581 -.25 -10.7032 -10.3317 -.25 -9.8307
4 15 -9.2402 -.25 -7.4276 -12.5819 -.25 -8.6968 -12.7355 -.25 -8.8185 -12.803 -.25 -9.26
4 15 -9.2402 -.25 -7.4276 -12.803 -.25 -9.26 -12.8045 -.25 -10.3933 -10.3317 -.25 -9.8307
4 15 3.1494 -.25 -7.1873 3.1589 -.25 -7.1101 2.983 -.25 -7.0312 -3.3854 -.25 -11.0376
3 15 2.983 -.25 -7.0312 .8267 -.25 -6.8757 -3.3854 -.25 -11.0376
4 15 .8267 -.25 -6.8757 -.5301 -.25 -6.6685 -3.1672 -.25 -7.6418 -3.3854 -.25 -11.0376
4 15 -10.4809 -.25 -10.4476 -12.4788 -.25 -11.2024 -12.7086 -.25 -11.3821 -12.7469 -.25 -11.9361
3 15 -3.3854 -.25 -11.0376 -3.1672 -.25 -7.6418 -6.2144 -.25 -8.8748
4 15 -3.3854 -.25 -11.0376 -6.2144 -.25 -8.8748 -10.4809 -.25 -10.4476 -12.7469 -.25 -11.9361
4 15 -12.7469 -.25 -11.9361 -12.8883 -.25 -12.1253 -15.5496 -.25 -18.1236 -3.3854 -.25 -11.0376
4 15 -12.8883 -.25 -12.1253 -13.0158 -.25 -12.0163 -20.3119 -.25 -20.9608 -15.5496 -.25 -18.1236
4 15 -13.0648 -.25 -11.5041 -13.1342 -.25 -11.2935 -13.3229 -.25 -11.145 -13.0158 -.25 -12.0163
4 15 -13.0158 -.25 -12.0163 -13.3229 -.25 -11.145 -13.8213 -.25 -11.0376 -14.455 -.25 -10.9531
4 15 -13.0158 -.25 -12.0163 -14.455 -.25 -10.9531 -15.63 -.25 -10.9485 -20.3119 -.25 -20.9608
4 15 -15.63 -.25 -10.9485 -25.0517 -.25 -12.0675 -20.4137 -.25 -21.0538 -20.3119 -.25 -20.9608
4 15 -13.3074 -.25 -8.8422 -13.9 -.25 -10.4487 -13.3364 -.25 -10.4255 -13.2078 -.25 -10.3437
4 15 -13.3074 -.25 -8.8422 -16.8011 -.25 -8.5863 -19.6689 -.25 -9.5214 -13.9 -.25 -10.4487
4 15 -21.2666 -.25 -7.8501 -22.954 -.25 -8.8906 -19.6689 -.25 -9.5214 -16.8011 -.25 -8.5863
4 15 -26.0783 -.25 -6.8958 -25.874 -.25 -8.2646 -22.954 -.25 -8.8906 -21.2666 -.25 -7.8501
4 15 -28.4649 -.25 -7.2556 -28.4012 -.25 -7.436 -28.1123 -.25 -7.5592 -25.874 -.25 -8.2646
4 15 -26.0783 -.25 -6.8958 -28.0984 -.25 -6.4216 -28.3747 -.25 -6.3914 -28.5261 -.25 -6.4211
4 15 -26.0783 -.25 -6.8958 -28.5261 -.25 -6.4211 -28.5733 -.25 -6.5746 -28.5366 -.25 -6.8868
4 15 -26.0783 -.25 -6.8958 -28.5366 -.25 -6.8868 -28.4649 -.25 -7.2556 -25.874 -.25 -8.2646
4 15 -16.7993 -.25 -10.7312 -16.7764 -.25 -10.6543 -19.3039 -.25 -10.1421 -25.1961 -.25 -11.3037
3 15 -19.3039 -.25 -10.1421 -24.779 -.25 -9.2222 -25.1961 -.25 -11.3037
4 15 -25.1961 -.25 -11.3037 -24.779 -.25 -9.2222 -27.9387 -.25 -8.0768 -28.2269 -.25 -8.0228
4 15 -25.1961 -.25 -11.3037 -28.2269 -.25 -8.0228 -28.3741 -.25 -8.0369 -28.5345 -.25 -8.1391
3 15 -28.5345 -.25 -8.1391 -28.6126 -.25 -8.1497 -25.1961 -.25 -11.3037
4 15 -31.6506 -.25 -5.7915 -31.8053 -.25 -4.3092 -32.0169 -.25 -4.4627 -32.5845 -.25 -5.1371
4 15 -31.6506 -.25 -5.7915 -32.5845 -.25 -5.1371 -32.7028 -.25 -5.4044 -31.5497 -.25 -6.0772
4 15 -31.5497 -.25 -6.0772 -32.7028 -.25 -5.4044 -32.736 -.25 -5.8456 -32.6033 -.25 -6.0532
4 15 -31.5497 -.25 -6.0772 -32.6033 -.25 -6.0532 -32.325 -.25 -6.2963 -31.1785 -.25 -6.3861
4 15 -29.2282 -.25 -7.5857 -31.1785 -.25 -6.3861 -32.325 -.25 -6.2963 -28.6922 -.25 -8.0138
3 15 -32.325 -.25 -6.2963 -28.6126 -.25 -8.1497 -28.6922 -.25 -8.0138
3 15 -28.6126 -.25 -8.1497 -32.325 -.25 -6.2963 -25.1961 -.25 -11.3037
4 15 -28.9928 -.25 -6.7531 -29.0139 -.25 -7.1066 -28.9434 -.25 -7.086 -28.9266 -.25 -6.9933
4 15 -29.221 -.25 -7.0434 -29.0139 -.25 -7.1066 -28.9928 -.25 -6.7531 -31.1405 -.25 -6.0189
4 15 -31.1045 -.25 -4.8959 -31.1405 -.25 -6.0189 -28.9928 -.25 -6.7531 -31.0072 -.25 -4.1953
4 15 -28.9928 -.25 -6.7531 -29.8772 -.25 -2.2949 -30.6226 -.25 -3.242 -30.8475 -.25 -3.6871
3 15 -30.8475 -.25 -3.6871 -31.0072 -.25 -4.1953 -28.9928 -.25 -6.7531
4 15 -29.704 -.25 -.6371 -28.7382 -.25 -5.3938 -28.5906 -.25 -5.6637 -28.4986 -.25 -5.7025
4 15 -27.2828 -.25 -1.2767 -29.4429 -.25 -.5329 -29.6918 -.25 -.4942 -29.704 -.25 -.6371
4 15 -27.1737 -.25 -1.3965 -27.2828 -.25 -1.2767 -29.704 -.25 -.6371 -28.4986 -.25 -5.7025
4 15 -27.0605 -.25 -1.7683 -27.1737 -.25 -1.3965 -28.4986 -.25 -5.7025 -26.8543 -.25 -3.2628
3 15 -26.6057 -.25 -4.6701 -26.8543 -.25 -3.2628 -28.4986 -.25 -5.7025
3 15 -26.6057 -.25 -4.6701 -28.4986 -.25 -5.7025 -26.4477 -.25 -4.8677
4 15 -14.7893 -.25 -7.9702 -20.8352 -.25 -4.4463 -21.2363 -.25 -4.221 -21.4111 -.25 -4.2306
4 15 -21.4111 -.25 -4.2306 -21.59 -.25 -4.3443 -14.9412 -.25 -8.0454 -14.7893 -.25 -7.9702
4 15 -14.9412 -.25 -8.0454 -21.59 -.25 -4.3443 -23.1059 -.25 -5.401 -17.6544 -.25 -7.7293
3 15 -17.6544 -.25 -7.7293 -23.1059 -.25 -5.401 -23.4906 -.25 -5.5847
3 15 -17.6544 -.25 -7.7293 -23.4906 -.25 -5.5847 -23.762 -.25 -5.6117
3 15 -28.4986 -.25 -5.7025 -25.3454 -.25 -5.2396 -26.4477 -.25 -4.8677
4 15 -23.762 -.25 -5.6117 -25.3454 -.25 -5.2396 -28.4986 -.25 -5.7025 -17.6544 -.25 -7.7293
4 15 3.223 -.25 14.9342 3.0683 -.25 14.8008 3.0087 -.25 14.5154 3.8998 -.25 15.1075
4 15 5.7181 -.25 15.3002 5.2261 -.25 15.2915 3.8998 -.25 15.1075 3.0087 -.25 14.5154
4 15 8.1034 -.25 12.594 7.3163 -.25 12.3636 8.0141 -.25 12.3642 8.1949 -.25 12.4446
4 15 4.5406 -.25 13.6752 4.6185 -.25 13.5292 4.8848 -.25 13.4496 5.4109 -.25 13.4835
4 15 4.7707 -.25 13.8968 4.5988 -.25 13.8115 4.5406 -.25 13.6752 5.4109 -.25 13.4835
4 15 4.7707 -.25 13.8968 5.4109 -.25 13.4835 5.2008 -.25 13.9442 4.9073 -.25 13.9249
4 15 5.2008 -.25 13.9442 5.4109 -.25 13.4835 5.7037 -.25 13.8758 5.5263 -.25 13.9179
4 15 5.873 -.25 13.7817 5.7037 -.25 13.8758 5.4109 -.25 13.4835 5.5758 -.25 13.3899
4 15 6.1023 -.25 13.6464 5.873 -.25 13.7817 5.5758 -.25 13.3899 5.5481 -.25 13.2964
4 15 5.7181 -.25 15.3002 3.0087 -.25 14.5154 2.9113 -.25 14.3773 3.9791 -.25 14.1008
3 15 5.7181 -.25 15.3002 3.9791 -.25 14.1008 4.6049 -.25 14.2458
3 15 5.7181 -.25 15.3002 4.6049 -.25 14.2458 5.0001 -.25 14.2574
3 15 5.7181 -.25 15.3002 5.0001 -.25 14.2574 5.7141 -.25 14.2097
3 15 5.7181 -.25 15.3002 5.7141 -.25 14.2097 6.1282 -.25 14.0948
3 15 5.7181 -.25 15.3002 6.1282 -.25 14.0948 6.3075 -.25 13.9582
3 15 5.7181 -.25 15.3002 6.3075 -.25 13.9582 8.1034 -.25 12.594
3 15 6.3075 -.25 13.9582 6.3487 -.25 13.8502 8.1034 -.25 12.594
3 15 6.3487 -.25 13.8502 6.322 -.25 13.7155 8.1034 -.25 12.594
3 15 8.1034 -.25 12.594 6.322 -.25 13.7155 6.2686 -.25 13.6624
4 15 8.1034 -.25 12.594 6.2686 -.25 13.6624 6.1023 -.25 13.6464 5.5481 -.25 13.2964
4 15 8.1034 -.25 12.594 5.5481 -.25 13.2964 5.2579 -.25 13.1428 7.3163 -.25 12.3636
4 15 6.245 -.25 12.298 7.3163 -.25 12.3636 5.2579 -.25 13.1428 4.8642 -.25 13.079
4 15 6.245 -.25 12.298 4.8642 -.25 13.079 4.237 -.25 13.0706 5.308 -.25 12.0682
4 15 2.635 -.25 14.6744 2.3982 -.25 14.7684 2.0015 -.25 14.7376 2.733 -.25 14.5152
4 15 1.0294 -.25 14.5463 1.0292 -.25 14.4192 1.1363 -.25 14.3388 1.2341 -.25 14.3069
4 15 1.2719 -.25 14.6327 1.0294 -.25 14.5463 1.2341 -.25 14.3069 2.1442 -.25 14.2402
4 15 1.2719 -.25 14.6327 2.1442 -.25 14.2402 2.733 -.25 14.5152 2.0015 -.25 14.7376
4 15 2.733 -.25 14.5152 2.1442 -.25 14.2402 2.3469 -.25 14.1895 2.9113 -.25 14.3773
4 15 2.9113 -.25 14.3773 2.3469 -.25 14.1895 3.7542 -.25 13.758 3.9791 -.25 14.1008
3 15 2.3469 -.25 14.1895 2.3587 -.25 14.1421 3.7542 -.25 13.758
4 15 2.3587 -.25 14.1421 2.2024 -.25 14.0706 3.7574 -.25 13.4245 3.7542 -.25 13.758
4 15 3.7574 -.25 13.4245 2.2024 -.25 14.0706 1.823 -.25 14.0023 3.8291 -.25 13.244
4 15 -1.5231 -.25 14.2234 -.9919 -.25 13.9822 -.0427 -.25 14.3696 -.2799 -.25 14.4082
4 15 -.9919 -.25 13.9822 -.7338 -.25 13.7774 .4002 -.25 14.1759 -.0427 -.25 14.3696
4 15 -.7338 -.25 13.7774 -.6528 -.25 13.6467 .9008 -.25 14.0371 .4002 -.25 14.1759
4 15 -2.4357 -.25 13.7384 -2.5833 -.25 13.6947 -2.5938 -.25 13.5414 -1.3847 -.25 13.7525
4 15 -2.5938 -.25 13.5414 -2.5133 -.25 13.3011 -2.3142 -.25 13.2196 -1.4654 -.25 13.2705
4 15 -.926 -.25 13.7074 -1.3847 -.25 13.7525 -2.5938 -.25 13.5414 -1.4654 -.25 13.2705
4 15 -.926 -.25 13.7074 -1.4654 -.25 13.2705 -1.1967 -.25 13.2332 -.6934 -.25 13.6395
4 15 -2.5887 -.25 14.2442 -2.7134 -.25 14.3119 -2.698 -.25 14.1243 -2.5876 -.25 14.1978
4 15 -2.7134 -.25 14.3119 -3.0377 -.25 14.381 -3.2554 -.25 13.9231 -2.698 -.25 14.1243
4 15 -3.0377 -.25 14.381 -3.7751 -.25 14.464 -3.4918 -.25 13.7801 -3.2554 -.25 13.9231
4 15 -9.3349 -.25 18.0041 -9.5532 -.25 18.5853 -9.5739 -.25 17.9815 -9.4916 -.25 17.9158
4 15 -9.5532 -.25 18.5853 -9.3349 -.25 18.0041 -8.4077 -.25 18.747 -7.7 -.25 19.4705
4 15 -9.5532 -.25 18.5853 -7.7 -.25 19.4705 -28.9065 -.25 24.0952 -10.9561 -.25 18.5398
4 15 .7253 -.25 12.7776 .7605 -.25 12.6341 .8439 -.25 12.5532 1.0762 -.25 12.4961
4 15 .7253 -.25 12.7776 1.0762 -.25 12.4961 .8724 -.25 12.8988 .7887 -.25 12.868
4 15 .8724 -.25 12.8988 1.0762 -.25 12.4961 1.7457 -.25 12.4542 1.5541 -.25 12.9868
4 15 1.7457 -.25 12.4542 1.915 -.25 12.9309 1.7463 -.25 12.9715 1.5541 -.25 12.9868
4 15 1.915 -.25 12.9309 1.7457 -.25 12.4542 1.8125 -.25 12.42 2.2779 -.25 12.78
4 15 5.308 -.25 12.0682 2.5024 -.25 12.7609 2.2779 -.25 12.78 1.8125 -.25 12.42
4 15 5.308 -.25 12.0682 4.237 -.25 13.0706 4.0008 -.25 13.1193 2.5024 -.25 12.7609
3 15 4.0008 -.25 13.1193 2.5778 -.25 12.8254 2.5024 -.25 12.7609
3 15 2.5778 -.25 12.8254 4.0008 -.25 13.1193 2.5855 -.25 12.943
4 15 4.0008 -.25 13.1193 3.8291 -.25 13.244 2.4811 -.25 13.04 2.5855 -.25 12.943
4 15 3.8291 -.25 13.244 1.823 -.25 14.0023 2.3253 -.25 13.1261 2.4811 -.25 13.04
4 15 1.823 -.25 14.0023 1.3729 -.25 13.9835 1.9044 -.25 13.2892 2.3253 -.25 13.1261
4 15 1.3729 -.25 13.9835 .9008 -.25 14.0371 1.2093 -.25 13.4231 1.433 -.25 13.4033
3 15 1.3729 -.25 13.9835 1.433 -.25 13.4033 1.9044 -.25 13.2892
4 15 .6883 -.25 13.3549 1.2093 -.25 13.4231 .9008 -.25 14.0371 -.6528 -.25 13.6467
4 15 -.6528 -.25 13.6467 -.6934 -.25 13.6395 .0866 -.25 13.1484 .6883 -.25 13.3549
4 15 -.6934 -.25 13.6395 -1.1967 -.25 13.2332 -.0484 -.25 13.0508 .0866 -.25 13.1484
4 15 -1.1967 -.25 13.2332 -1.1709 -.25 13.1625 -.093 -.25 12.9608 -.0484 -.25 13.0508
4 15 -1.1709 -.25 13.1625 -1.3447 -.25 12.9887 -.0863 -.25 12.7545 -.093 -.25 12.9608
4 15 -.0064 -.25 12.591 -.0863 -.25 12.7545 -1.3447 -.25 12.9887 -1.6391 -.25 12.8804
4 15 -1.6391 -.25 12.8804 -2.018 -.25 12.8266 .1561 -.25 12.4791 -.0064 -.25 12.591
4 15 -2.018 -.25 12.8266 -2.6447 -.25 12.8339 .4584 -.25 12.3627 .1561 -.25 12.4791
3 15 5.308 -.25 12.0682 1.8125 -.25 12.42 1.7066 -.25 12.3274
3 15 5.308 -.25 12.0682 1.7066 -.25 12.3274 1.4126 -.25 12.2541
4 15 1.1087 -.25 12.2449 -1.7298 -.25 9.4519 5.308 -.25 12.0682 1.4126 -.25 12.2541
4 15 -5.4302 -.25 6.5826 -5.4629 -.25 6.6517 -5.7942 -.25 6.6649 -7.3143 -.25 6.3131
3 15 -8.0607 -.25 6.0758 -7.3627 -.25 6.0815 -7.3143 -.25 6.3131
4 15 -5.4302 -.25 6.5826 -7.3143 -.25 6.3131 -7.3627 -.25 6.0815 -6.6922 -.25 5.9731
3 15 -5.4302 -.25 6.5826 -6.6922 -.25 5.9731 -6.2909 -.25 5.8495
3 15 -5.4302 -.25 6.5826 -6.2909 -.25 5.8495 -6.0119 -.25 5.7051
4 15 -5.541 -.25 5.0143 -5.4302 -.25 6.5826 -6.0119 -.25 5.7051 -5.8818 -.25 5.5005
3 15 -5.541 -.25 5.0143 -5.8818 -.25 5.5005 -5.9438 -.25 5.3554
4 15 -5.9438 -.25 5.3554 -6.0293 -.25 5.2631 -5.6494 -.25 4.7298 -5.541 -.25 5.0143
4 15 -5.6494 -.25 4.7298 -6.0293 -.25 5.2631 -6.1943 -.25 5.1967 -5.7825 -.25 4.6543
4 15 -8.8387 -.25 5.3247 -8.8041 -.25 5.1768 -8.6455 -.25 5.0324 -8.4051 -.25 4.9899
4 15 -8.5385 -.25 5.52 -8.711 -.25 5.4444 -8.8387 -.25 5.3247 -8.4051 -.25 4.9899
4 15 -8.5385 -.25 5.52 -8.4051 -.25 4.9899 -6.8435 -.25 5.0511 -7.7884 -.25 5.7341
4 15 -6.25 -.25 5.2508 -6.285 -.25 5.4596 -6.3717 -.25 5.5932 -6.6553 -.25 5.7435
4 15 -6.25 -.25 5.2508 -6.6553 -.25 5.7435 -6.8754 -.25 5.7877 -7.2353 -.25 5.8016
4 15 -7.2353 -.25 5.8016 -7.7884 -.25 5.7341 -6.8435 -.25 5.0511 -6.25 -.25 5.2508
4 15 -6.8435 -.25 5.0511 -6.7431 -.25 5.0117 -6.1943 -.25 5.1967 -6.25 -.25 5.2508
4 15 -6.1943 -.25 5.1967 -6.7431 -.25 5.0117 -6.9766 -.25 4.8511 -5.7825 -.25 4.6543
4 15 -6.9766 -.25 4.8511 -7.3067 -.25 4.7658 -9.7617 -.25 3.1566 -5.7825 -.25 4.6543
4 15 -8.784 -.25 5.8818 -8.7815 -.25 5.9547 -8.8587 -.25 5.9936 -8.8701 -.25 5.8162
4 15 -9.0475 -.25 5.7642 -8.8701 -.25 5.8162 -8.8587 -.25 5.9936 -14.9256 -.25 5.0059
4 15 -14.9256 -.25 5.0059 -19.1811 -.25 4.3374 -9.3074 -.25 5.5542 -9.0475 -.25 5.7642
4 15 -19.1811 -.25 4.3374 -22.0082 -.25 3.922 -9.484 -.25 5.3454 -9.3074 -.25 5.5542
4 15 -21.2117 -.25 4.7076 -21.3395 -.25 4.5311 -21.1994 -.25 4.5172 -19.33 -.25 4.9001
4 15 -20.4777 -.25 5.2368 -21.2117 -.25 4.7076 -19.33 -.25 4.9001 -17.8646 -.25 6.8887
4 15 -14.4025 -.25 8.7516 -17.8646 -.25 6.8887 -19.33 -.25 4.9001 -13.7462 -.25 5.9447
4 15 -14.4025 -.25 8.7516 -13.7462 -.25 5.9447 -7.7281 -.25 6.9504 -12.1082 -.25 9.7892
4 15 -12.1082 -.25 9.7892 -7.7281 -.25 6.9504 -5.2113 -.25 7.5062 -9.0545 -.25 11.0353
4 15 -9.0545 -.25 11.0353 -5.2113 -.25 7.5062 -1.7298 -.25 9.4519 -6.0237 -.25 12.1112
4 15 -6.0237 -.25 12.1112 -1.7298 -.25 9.4519 1.1087 -.25 12.2449 -4.9699 -.25 12.4627
4 15 -4.9699 -.25 12.4627 1.1087 -.25 12.2449 .4584 -.25 12.3627 -4.6276 -.25 12.6183
4 15 -4.6276 -.25 12.6183 .4584 -.25 12.3627 -2.6447 -.25 12.8339 -4.6101 -.25 12.7565
4 15 -4.6101 -.25 12.7565 -2.6447 -.25 12.8339 -3.3067 -.25 12.9694 -4.7644 -.25 12.8557
4 15 -4.7644 -.25 12.8557 -3.3067 -.25 12.9694 -3.5652 -.25 13.1188 -6.9454 -.25 14.0445
4 15 -4.7644 -.25 12.8557 -6.9454 -.25 14.0445 -7.2281 -.25 13.9202 -5.5535 -.25 12.8416
4 15 -6.846 -.25 14.1902 -6.9454 -.25 14.0445 -3.5652 -.25 13.1188 -3.6875 -.25 13.2629
4 15 -3.6875 -.25 13.2629 -3.7596 -.25 13.4643 -6.9583 -.25 14.2742 -6.846 -.25 14.1902
4 15 -3.4918 -.25 13.7801 -3.7751 -.25 14.464 -7.2133 -.25 14.8802 -3.6318 -.25 13.6617
4 15 -3.7596 -.25 13.4643 -3.6318 -.25 13.6617 -7.2133 -.25 14.8802 -6.9583 -.25 14.2742
4 15 -7.2133 -.25 14.8802 -8.9742 -.25 15.2666 -9.0317 -.25 13.8835 -6.9583 -.25 14.2742
4 15 -7.2281 -.25 13.9202 -10.6482 -.25 12.7938 -8.936 -.25 11.8623 -5.5535 -.25 12.8416
4 15 -10.6482 -.25 12.7938 -13.7764 -.25 11.6608 -12.3592 -.25 10.645 -8.936 -.25 11.8623
4 15 -15.0012 -.25 9.3821 -12.3592 -.25 10.645 -13.7764 -.25 11.6608 -19.8839 -.25 8.7259
4 15 -7.3067 -.25 4.7658 -8.1386 -.25 4.676 -18.4229 -.25 2.2538 -9.7617 -.25 3.1566
4 15 -8.1386 -.25 4.676 -8.8555 -.25 4.6942 -22.2761 -.25 1.8919 -18.4229 -.25 2.2538
4 15 -8.8555 -.25 4.6942 -9.2769 -.25 4.7775 -25.9372 -.25 1.7031 -22.2761 -.25 1.8919
4 15 -9.2769 -.25 4.7775 -9.5522 -.25 4.9493 -26.7338 -.25 1.7997 -25.9372 -.25 1.7031
4 15 -9.5522 -.25 4.9493 -9.6025 -.25 5.0653 -27.2487 -.25 1.9523 -26.7338 -.25 1.7997
4 15 -27.2487 -.25 1.9523 -9.6025 -.25 5.0653 -9.563 -.25 5.2165 -27.8068 -.25 2.2237
4 15 -9.563 -.25 5.2165 -9.484 -.25 5.3454 -22.0082 -.25 3.922 -27.8068 -.25 2.2237
4 15 -22.0082 -.25 3.922 -22.3922 -.25 3.9223 -28.6967 -.25 2.7934 -27.8068 -.25 2.2237
3 15 -22.3922 -.25 3.9223 -22.473 -.25 3.9652 -28.6967 -.25 2.7934
3 15 -22.5025 -.25 4.014 -28.6967 -.25 2.7934 -22.473 -.25 3.9652
4 15 -22.5025 -.25 4.014 -22.3395 -.25 4.2562 -26.0567 -.25 4.7071 -28.6967 -.25 2.7934
4 15 -26.0567 -.25 4.7071 -19.6498 -.25 6.5854 -17.8362 -.25 7.7475 -19.8839 -.25 8.7259
3 15 -20.8338 -.25 5.6537 -19.6498 -.25 6.5854 -26.0567 -.25 4.7071
3 15 -20.8338 -.25 5.6537 -26.0567 -.25 4.7071 -22.3395 -.25 4.2562
3 15 -17.8362 -.25 7.7475 -15.0012 -.25 9.3821 -19.8839 -.25 8.7259
4 15 -10.1975 -.25 18.2076 -10.3527 -.25 18.2295 -10.9451 -.25 18.1598 -10.1629 -.25 17.9589
4 15 -10.287 -.25 16.7594 -10.1629 -.25 17.9589 -10.9451 -.25 18.1598 -13.0989 -.25 17.7434
4 15 -25.0112 -.25 12.3526 -24.7793 -.25 13.1584 -24.953 -.25 12.8589 -25.1262 -.25 12.3466
4 15 -24.549 -.25 13.3679 -24.7793 -.25 13.1584 -25.0112 -.25 12.3526 -21.6429 -.25 13.5602
4 15 -22.5436 -.25 14.352 -24.549 -.25 13.3679 -21.6429 -.25 13.5602 -16.8835 -.25 15.3429
4 15 -16.8835 -.25 15.3429 -16.1845 -.25 16.8759 -18.4521 -.25 16.1378 -22.5436 -.25 14.352
4 15 -13.2593 -.25 16.32 -13.0989 -.25 17.7434 -16.1845 -.25 16.8759 -16.8835 -.25 15.3429
3 15 -13.0989 -.25 17.7434 -13.2593 -.25 16.32 -11.8894 -.25 16.506
3 15 -13.0989 -.25 17.7434 -11.8894 -.25 16.506 -11.6 -.25 16.5221
4 15 -10.287 -.25 16.7594 -13.0989 -.25 17.7434 -11.6 -.25 16.5221 -11.3914 -.25 16.4787
4 15 -10.2596 -.25 16.4273 -10.287 -.25 16.7594 -11.3914 -.25 16.4787 -11.4546 -.25 16.3321
4 15 -11.4546 -.25 16.3321 -11.7525 -.25 16.2027 -10.0183 -.25 15.8549 -10.2596 -.25 16.4273
4 15 -9.4377 -.25 15.4312 -10.0183 -.25 15.8549 -11.7525 -.25 16.2027 -13.0211 -.25 15.8608
4 15 -9.4377 -.25 15.4312 -13.0211 -.25 15.8608 -9.0317 -.25 13.8835 -8.9742 -.25 15.2666
4 15 -13.0211 -.25 15.8608 -16.148 -.25 15.023 -14.2461 -.25 12.2257 -9.0317 -.25 13.8835
4 15 -16.148 -.25 15.023 -21.0535 -.25 13.009 -21.0741 -.25 8.9203 -14.2461 -.25 12.2257
4 15 -21.0535 -.25 13.009 -25.7464 -.25 11.0101 -27.287 -.25 4.7768 -21.0741 -.25 8.9203
4 15 -27.287 -.25 4.7768 -25.7464 -.25 11.0101 -32.2823 -.25 7.1604 -29.197 -.25 3.2015
4 15 -32.2823 -.25 7.1604 -34.0518 -.25 5.9518 -29.4102 -.25 3.1513 -29.197 -.25 3.2015
4 15 -34.1583 -.25 5.82 -33.982 -.25 5.6361 -29.6404 -.25 3.2144 -29.4102 -.25 3.1513
3 15 -29.4102 -.25 3.1513 -34.0518 -.25 5.9518 -34.1583 -.25 5.82
4 15 -29.4239 -.25 2.1079 -34.1228 -.25 5.042 -34.2954 -.25 5.064 -33.5921 -.25 2.9742
4 15 -33.5921 -.25 2.9742 -29.6258 -.25 .3843 -29.4681 -.25 .3914 -29.4239 -.25 2.1079
4 15 -33.5921 -.25 2.9742 -33.637 -.25 2.7971 -33.2556 -.25 1.9511 -29.6258 -.25 .3843
4 15 -33.637 -.25 2.7971 -33.7015 -.25 2.8012 -33.4025 -.25 1.9316 -33.2556 -.25 1.9511
4 15 -33.7015 -.25 2.8012 -33.9586 -.25 3.1776 -33.4544 -.25 1.8066 -33.4025 -.25 1.9316
4 15 -31.9544 -.25 .541 -31.8262 -.25 .6328 -31.9476 -.25 .7674 -36.6754 -.25 -1.1154
4 15 -30.6085 -.25 .0947 -30.952 -.25 .2375 -31.1402 -.25 .2168 -30.3298 -.25 -.2382
4 15 -29.9255 -.25 -1.8377 -30.3298 -.25 -.2382 -31.1402 -.25 .2168 -36.4819 -.25 -1.4407
4 15 -36.4819 -.25 -1.4407 -36.7744 -.25 -1.4535 -30.8815 -.25 -2.7472 -29.9255 -.25 -1.8377
4 15 -25.9855 -.25 12.6893 -25.7191 -.25 12.6655 -25.5725 -.25 12.748 -31.2 -.25 14.5668
3 15 -25.5725 -.25 12.748 -25.213 -.25 13.4511 -31.2 -.25 14.5668
3 15 -31.2 -.25 14.5668 -25.213 -.25 13.4511 -24.949 -.25 13.7795
3 15 -31.2 -.25 14.5668 -24.949 -.25 13.7795 -24.6362 -.25 14.0177
4 15 -25.8375 -.25 11.9461 -25.7317 -.25 12.0649 -25.7663 -.25 12.1568 -31.3688 -.25 14.1655
4 15 -28.9065 -.25 24.0952 -31.2 -.25 14.5668 -24.6362 -.25 14.0177 -22.0351 -.25 15.4326
3 15 -28.9065 -.25 24.0952 -22.0351 -.25 15.4326 -19.0316 -.25 16.7676
3 15 -28.9065 -.25 24.0952 -19.0316 -.25 16.7676 -15.8074 -.25 17.7012
3 15 -28.9065 -.25 24.0952 -15.8074 -.25 17.7012 -13.0211 -.25 18.2869
3 15 -28.9065 -.25 24.0952 -13.0211 -.25 18.2869 -10.9561 -.25 18.5398
4 15 -28.9065 -.25 24.0952 -29.2814 -.25 24.2853 -31.6155 -.25 14.6155 -31.2 -.25 14.5668
4 15 -29.2814 -.25 24.2853 -38 -.25 32.5 -31.6767 -.25 14.4928 -31.6155 -.25 14.6155
3 15 -31.3688 -.25 14.1655 -28.1535 -.25 10.5838 -25.8375 -.25 11.9461
3 15 -28.1535 -.25 10.5838 -31.3688 -.25 14.1655 -30.8242 -.25 8.8858
4 15 -31.3688 -.25 14.1655 -31.6596 -.25 14.3909 -33.7568 -.25 6.8754 -30.8242 -.25 8.8858
4 15 -31.6596 -.25 14.3909 -31.6767 -.25 14.4928 -34.4355 -.25 6.3649 -33.7568 -.25 6.8754
4 15 -38 -.25 32.5 -34.7162 -.25 6.081 -34.4355 -.25 6.3649 -31.6767 -.25 14.4928
3 15 -31.9476 -.25 .7674 -33.3914 -.25 1.7158 -36.6754 -.25 -1.1154
4 15 -33.3914 -.25 1.7158 -33.4544 -.25 1.8066 -36.871 -.25 -1.2635 -36.6754 -.25 -1.1154
3 15 -33.4544 -.25 1.8066 -33.9586 -.25 3.1776 -36.871 -.25 -1.2635
3 15 -34.7831 -.25 5.6885 -36.871 -.25 -1.2635 -33.9586 -.25 3.1776
3 15 -34.793 -.25 5.8715 -34.7162 -.25 6.081 -38 -.25 32.5
4 15 -38 -.25 32.5 -36.871 -.25 -1.2635 -34.7831 -.25 5.6885 -34.793 -.25 5.8715
3 15 -36.7744 -.25 -1.4535 -33.1495 -.25 -5.478 -32.5208 -.25 -4.3641
3 15 -33.1495 -.25 -5.478 -36.7744 -.25 -1.4535 -33.3479 -.25 -5.9956
3 15 -38 -.25 -32.5 -36.8498 -.25 -1.4033 -36.871 -.25 -1.2635
3 15 -38 -.25 -32.5 -36.871 -.25 -1.2635 -38 -.25 32.5
4 15 -36.7744 -.25 -1.4535 -36.8498 -.25 -1.4033 -33.3477 -.25 -6.1818 -33.3479 -.25 -5.9956
4 15 -25.0517 -.25 -12.0675 -33.1974 -.25 -6.3576 -38 -.25 -32.5 -20.4137 -.25 -21.0538
3 15 -33.1974 -.25 -6.3576 -33.3477 -.25 -6.1818 -38 -.25 -32.5
3 15 -33.3477 -.25 -6.1818 -36.8498 -.25 -1.4033 -38 -.25 -32.5
3 15 -20.3324 -.25 -21.1922 -20.4196 -.25 -21.1663 -36.5 -.25 -34
3 15 -20.3324 -.25 -21.1922 -36.5 -.25 -34 -20.1206 -.25 -21.135
3 15 -20.1206 -.25 -21.135 -36.5 -.25 -34 9.4 -.25 -26.6
3 15 -15.2919 -.25 -18.4716 -20.1206 -.25 -21.135 9.4 -.25 -22.6
3 15 -2.2358 -.25 -11.0376 -15.2919 -.25 -18.4716 9.4 -.25 -22.6
4 15 9.4 -.25 -11.35 9.4 -.25 -12.2 9.75 -.25 -12.2 9.75 -.25 -11.35
4 15 9.4 -.25 -12.9 9.4 -.25 -13.7 9.75 -.25 -13.7 9.75 -.25 -12.9
4 15 9.4 -.25 -14.4 9.4 -.25 -15.3 9.75 -.25 -15.3 9.75 -.25 -14.4
4 15 9.4 -.25 -16 9.4 -.25 -16.9 9.75 -.25 -16.9 9.75 -.25 -16
4 15 9.4 -.25 -17.6 9.4 -.25 -18.7 9.75 -.25 -18.7 9.75 -.25 -17.6
4 15 9.4 -.25 -19.4 9.4 -.25 -20.3 9.75 -.25 -20.3 9.75 -.25 -19.4
4 15 9.4 -.25 -21 9.4 -.25 -21.9 9.75 -.25 -21.9 9.75 -.25 -21
4 15 9.4 -.25 -22.6 9.4 -.25 -26.6 9.75 -.25 -26.6 9.75 -.25 -22.6
4 15 9.4 -.25 -27.3 9.4 -.25 -28.5 9.75 -.25 -28.5 9.75 -.25 -27.3
4 15 9.4 -.25 -29.2 9.4 -.25 -30 9.75 -.25 -30 9.75 -.25 -29.2
4 15 9.75 -.25 -11.35 9.75 -.25 -12.2 19.35 -.25 -12.2 12.25 -.25 -11.35
4 15 9.75 -.25 -12.9 13 -.25 -13.7 14.3 -.25 -13.7 19.35 -.25 -12.9
4 15 9.75 -.25 -14.4 9.75 -.25 -15.3 13.65 -.25 -15.3 12.65 -.25 -14.4
4 15 9.75 -.25 -16 11.3 -.25 -16.9 12.6 -.25 -16.9 13.65 -.25 -16
4 15 9.75 -.25 -17.6 9.75 -.25 -18.7 10.95 -.25 -18.7 10.95 -.25 -17.6
4 15 9.75 -.25 -19.4 9.75 -.25 -20.3 13.65 -.25 -20.3 10.95 -.25 -19.4
4 15 9.75 -.25 -21 12.9 -.25 -21.9 14.3 -.25 -21.9 13.65 -.25 -21
4 15 9.75 -.25 -22.6 11.3 -.25 -26.6 12.6 -.25 -26.6 12.55 -.25 -22.6
4 15 9.75 -.25 -27.3 9.75 -.25 -28.5 10.95 -.25 -28.5 10.95 -.25 -27.3
4 15 9.75 -.25 -29.2 9.75 -.25 -30 15.05 -.25 -30 10.95 -.25 -29.2
4 15 12.65 -.25 -14.4 13.65 -.25 -15.3 14 -.25 -15.3 13 -.25 -14.4
4 15 13 -.25 -14.4 14 -.25 -15.3 15.4 -.25 -15.3 14.3 -.25 -14.4
4 15 14.3 -.25 -14.4 15.4 -.25 -15.3 15.75 -.25 -15.3 14.65 -.25 -14.4
4 15 13 -.25 -14.05 14.3 -.25 -14.05 14.3 -.25 -13.7 13 -.25 -13.7
4 15 14.3 -.25 -14.05 13 -.25 -14.05 13 -.25 -14.4 14.3 -.25 -14.4
4 15 14 -.25 -15.65 15.4 -.25 -15.65 15.4 -.25 -15.3 14 -.25 -15.3
4 15 15.4 -.25 -15.65 14 -.25 -15.65 14 -.25 -16 15.4 -.25 -16
4 15 11.3 -.25 -17.25 12.6 -.25 -17.25 12.6 -.25 -16.9 11.3 -.25 -16.9
4 15 12.6 -.25 -17.25 11.3 -.25 -17.25 11.3 -.25 -17.6 12.6 -.25 -17.6
4 15 11.3 -.25 -19.05 12.6 -.25 -19.05 12.6 -.25 -18.7 11.3 -.25 -18.7
4 15 11.3 -.25 -19.05 11.3 -.25 -19.4 12.6 -.25 -19.4 12.6 -.25 -19.05
4 15 12.9 -.25 -22.25 14.3 -.25 -22.25 14.3 -.25 -21.9 12.9 -.25 -21.9
4 15 14.3 -.25 -22.25 12.9 -.25 -22.25 12.9 -.25 -22.6 14.3 -.25 -22.6
4 15 11.3 -.25 -26.95 12.6 -.25 -26.95 12.6 -.25 -26.6 11.3 -.25 -26.6
4 15 12.6 -.25 -26.95 11.3 -.25 -26.95 11.3 -.25 -27.3 12.6 -.25 -27.3
4 15 11.3 -.25 -28.85 12.6 -.25 -28.85 12.6 -.25 -28.5 11.3 -.25 -28.5
4 15 12.6 -.25 -28.85 11.3 -.25 -28.85 11.3 -.25 -29.2 12.6 -.25 -29.2
4 15 19.7 -.25 -12.2 19.7 -.25 -12.55 21.1 -.25 -12.55 21.1 -.25 -12.2
4 15 19.7 -.25 -12.55 19.7 -.25 -12.9 21.1 -.25 -12.9 21.1 -.25 -12.55
4 15 20.6 -.25 -13.7 20.6 -.25 -14.05 22 -.25 -14.05 22 -.25 -13.7
4 15 22 -.25 -14.05 20.6 -.25 -14.05 20.6 -.25 -14.4 22 -.25 -14.4
4 15 19.35 -.25 -12.9 20.25 -.25 -13.7 20.6 -.25 -13.7 19.7 -.25 -12.9
4 15 19.7 -.25 -12.9 20.6 -.25 -13.7 22 -.25 -13.7 21.1 -.25 -12.9
4 15 21.1 -.25 -12.9 22 -.25 -13.7 22.35 -.25 -13.7 21.45 -.25 -12.9
4 15 23.5 -.25 -14.05 25 -.25 -14.05 25 -.25 -13.7 23.5 -.25 -13.7
4 15 23.5 -.25 -14.05 23.5 -.25 -14.4 25 -.25 -14.4 25 -.25 -14.05
4 15 27.7 -.25 -12.2 27.7 -.25 -12.55 29.1 -.25 -12.55 29.1 -.25 -12.2
4 15 29.1 -.25 -12.55 27.7 -.25 -12.55 27.7 -.25 -12.9 29.1 -.25 -12.9
4 15 33.95 -.25 -12.9 33.95 -.25 -13.7 34.3 -.25 -13.7 34.3 -.25 -12.9
4 15 33.95 -.25 -14.4 33.95 -.25 -15.3 34.3 -.25 -15.3 34.3 -.25 -14.4
4 15 34.3 -.25 -16 33.95 -.25 -16 33.95 -.25 -16.9 34.3 -.25 -16.9
4 15 33.95 -.25 -17.6 33.95 -.25 -18.7 34.3 -.25 -18.7 34.3 -.25 -17.6
4 15 33.95 -.25 -19.4 33.95 -.25 -21.9 34.3 -.25 -21.9 34.3 -.25 -19.4
4 15 33.95 -.25 -22.6 33.95 -.25 -26.6 34.3 -.25 -26.6 34.3 -.25 -22.6
4 15 33.95 -.25 -27.3 33.95 -.25 -28.5 34.3 -.25 -28.5 34.3 -.25 -27.3
4 15 33.95 -.25 -29.2 33.95 -.25 -30 34.3 -.25 -30 34.3 -.25 -29.2
4 15 27.35 -.25 -12.9 23.15 -.25 -13.7 23.5 -.25 -13.7 27.7 -.25 -12.9
4 15 21.45 -.25 -12.9 22.35 -.25 -13.7 23.15 -.25 -13.7 27.35 -.25 -12.9
4 15 23.5 -.25 -13.7 25 -.25 -13.7 29.1 -.25 -12.9 27.7 -.25 -12.9
4 15 29.1 -.25 -12.9 25 -.25 -13.7 25.35 -.25 -13.7 29.45 -.25 -12.9
4 15 29.45 -.25 -12.9 25.35 -.25 -13.7 33.95 -.25 -13.7 33.95 -.25 -12.9
4 15 27.5 -.25 -15.3 26.1 -.25 -15.3 26.1 -.25 -15.65 27.5 -.25 -15.65
4 15 27.5 -.25 -15.65 26.1 -.25 -15.65 26.1 -.25 -16 27.5 -.25 -16
4 15 23.15 -.25 -14.4 25.75 -.25 -15.3 26.1 -.25 -15.3 23.5 -.25 -14.4
4 15 23.5 -.25 -14.4 26.1 -.25 -15.3 27.5 -.25 -15.3 25 -.25 -14.4
4 15 25 -.25 -14.4 27.5 -.25 -15.3 27.85 -.25 -15.3 25.35 -.25 -14.4
4 15 25.35 -.25 -14.4 27.85 -.25 -15.3 33.95 -.25 -15.3 33.95 -.25 -14.4
4 15 20.25 -.25 -14.4 17.85 -.25 -15.3 18.2 -.25 -15.3 20.6 -.25 -14.4
4 15 20.6 -.25 -14.4 18.2 -.25 -15.3 19.5 -.25 -15.3 22 -.25 -14.4
4 15 22 -.25 -14.4 19.5 -.25 -15.3 19.85 -.25 -15.3 22.35 -.25 -14.4
4 15 18.2 -.25 -15.65 19.5 -.25 -15.65 19.5 -.25 -15.3 18.2 -.25 -15.3
4 15 19.5 -.25 -15.65 18.2 -.25 -15.65 18.2 -.25 -16 19.5 -.25 -16
4 15 14.65 -.25 -14.4 15.75 -.25 -15.3 17.85 -.25 -15.3 20.25 -.25 -14.4
3 15 9.75 -.25 -12.9 9.75 -.25 -13.7 12.65 -.25 -13.7
3 15 9.75 -.25 -12.9 12.65 -.25 -13.7 13 -.25 -13.7
3 15 19.35 -.25 -12.9 14.3 -.25 -13.7 14.65 -.25 -13.7
3 15 19.35 -.25 -12.9 14.65 -.25 -13.7 20.25 -.25 -13.7
3 15 9.75 -.25 -16 9.75 -.25 -16.9 10.95 -.25 -16.9
3 15 9.75 -.25 -16 10.95 -.25 -16.9 11.3 -.25 -16.9
4 15 23.15 -.25 -14.4 22.35 -.25 -14.4 19.85 -.25 -15.3 25.75 -.25 -15.3
4 15 27.85 -.25 -16 20.95 -.25 -16.9 33.95 -.25 -16.9 33.95 -.25 -16
4 15 19.2 -.25 -17.25 20.6 -.25 -17.25 20.6 -.25 -16.9 19.2 -.25 -16.9
4 15 20.6 -.25 -17.25 19.2 -.25 -17.25 19.2 -.25 -17.6 20.6 -.25 -17.6
4 15 20.6 -.25 -17.6 19.2 -.25 -17.6 19.2 -.25 -18.7 20.6 -.25 -18.7
4 15 20.6 -.25 -18.7 19.2 -.25 -18.7 19.2 -.25 -19.05 20.6 -.25 -19.05
4 15 20.6 -.25 -19.05 19.2 -.25 -19.05 19.2 -.25 -19.4 20.6 -.25 -19.4
4 15 18.85 -.25 -17.6 18.85 -.25 -18.7 19.2 -.25 -18.7 19.2 -.25 -17.6
4 15 20.6 -.25 -17.6 20.6 -.25 -18.7 20.95 -.25 -18.7 20.95 -.25 -17.6
4 15 19.5 -.25 -16 18.2 -.25 -16 19.2 -.25 -16.9 20.6 -.25 -16.9
4 15 19.5 -.25 -16 20.6 -.25 -16.9 20.95 -.25 -16.9 19.85 -.25 -16
4 15 17.85 -.25 -16 18.85 -.25 -16.9 19.2 -.25 -16.9 18.2 -.25 -16
4 15 17.85 -.25 -16 15.75 -.25 -16 12.95 -.25 -16.9 18.85 -.25 -16.9
4 15 14 -.25 -16 12.6 -.25 -16.9 12.95 -.25 -16.9 15.4 -.25 -16
3 15 13.65 -.25 -16 12.6 -.25 -16.9 14 -.25 -16
3 15 15.4 -.25 -16 12.95 -.25 -16.9 15.75 -.25 -16
3 15 19.85 -.25 -16 20.95 -.25 -16.9 25.75 -.25 -16
3 15 26.1 -.25 -16 25.75 -.25 -16 20.95 -.25 -16.9
3 15 26.1 -.25 -16 20.95 -.25 -16.9 27.5 -.25 -16
3 15 27.5 -.25 -16 20.95 -.25 -16.9 27.85 -.25 -16
4 15 20.95 -.25 -17.6 20.95 -.25 -18.7 33.95 -.25 -18.7 33.95 -.25 -17.6
4 15 20.95 -.25 -19.4 26.15 -.25 -21.9 33.95 -.25 -21.9 33.95 -.25 -19.4
4 15 26.15 -.25 -22.6 24.75 -.25 -26.6 33.95 -.25 -26.6 33.95 -.25 -22.6
4 15 24.75 -.25 -27.3 20.95 -.25 -28.5 33.95 -.25 -28.5 33.95 -.25 -27.3
4 15 20.95 -.25 -29.2 27.75 -.25 -30 33.95 -.25 -30 33.95 -.25 -29.2
4 15 12.95 -.25 -17.6 12.95 -.25 -18.7 18.85 -.25 -18.7 18.85 -.25 -17.6
4 15 12.95 -.25 -18.7 12.95 -.25 -17.6 12.6 -.25 -17.6 12.6 -.25 -18.7
4 15 12.6 -.25 -18.7 12.6 -.25 -17.6 11.3 -.25 -17.6 11.3 -.25 -18.7
4 15 11.3 -.25 -18.7 11.3 -.25 -17.6 10.95 -.25 -17.6 10.95 -.25 -18.7
4 15 20.6 -.25 -19.4 25.8 -.25 -21.9 26.15 -.25 -21.9 20.95 -.25 -19.4
4 15 24.4 -.25 -22.25 25.8 -.25 -22.25 25.8 -.25 -21.9 24.4 -.25 -21.9
4 15 25.8 -.25 -22.25 24.4 -.25 -22.25 24.4 -.25 -22.6 25.8 -.25 -22.6
4 15 20.6 -.25 -22.25 22 -.25 -22.25 22 -.25 -21.9 20.6 -.25 -21.9
4 15 22 -.25 -22.25 20.6 -.25 -22.25 20.6 -.25 -22.6 22 -.25 -22.6
4 15 19.2 -.25 -19.4 22.35 -.25 -21.9 24.05 -.25 -21.9 20.6 -.25 -19.4
4 15 18.85 -.25 -19.4 20.25 -.25 -21.9 20.6 -.25 -21.9 19.2 -.25 -19.4
3 15 20.6 -.25 -19.4 24.05 -.25 -21.9 24.4 -.25 -21.9
3 15 20.6 -.25 -19.4 24.4 -.25 -21.9 25.8 -.25 -21.9
3 15 19.2 -.25 -19.4 20.6 -.25 -21.9 22 -.25 -21.9
3 15 19.2 -.25 -19.4 22 -.25 -21.9 22.35 -.25 -21.9
4 15 13.65 -.25 -21 14.3 -.25 -21.9 14.65 -.25 -21.9 14 -.25 -21
4 15 18.85 -.25 -19.4 14 -.25 -21 14.65 -.25 -21.9 20.25 -.25 -21.9
3 15 18.85 -.25 -19.4 14 -.25 -20.3 14 -.25 -20.65
3 15 18.85 -.25 -19.4 14 -.25 -20.65 14 -.25 -21
4 15 12.95 -.25 -19.4 13.65 -.25 -20.3 14 -.25 -20.3 18.85 -.25 -19.4
3 15 13.65 -.25 -20.3 12.95 -.25 -19.4 12.6 -.25 -19.4
3 15 13.65 -.25 -20.3 12.6 -.25 -19.4 11.3 -.25 -19.4
3 15 13.65 -.25 -20.3 11.3 -.25 -19.4 10.95 -.25 -19.4
3 15 9.75 -.25 -21 9.75 -.25 -21.9 12.55 -.25 -21.9
3 15 9.75 -.25 -21 12.55 -.25 -21.9 12.9 -.25 -21.9
4 15 25.8 -.25 -22.6 24.4 -.25 -26.6 24.75 -.25 -26.6 26.15 -.25 -22.6
4 15 24.4 -.25 -26.6 25.8 -.25 -22.6 24.4 -.25 -22.6 23 -.25 -26.6
4 15 23 -.25 -26.6 24.4 -.25 -22.6 24.05 -.25 -22.6 22.65 -.25 -26.6
4 15 22.65 -.25 -26.6 24.05 -.25 -22.6 22.35 -.25 -22.6 20.95 -.25 -26.6
4 15 20.95 -.25 -26.6 22.35 -.25 -22.6 22 -.25 -22.6 20.6 -.25 -26.6
4 15 20.6 -.25 -26.6 22 -.25 -22.6 20.6 -.25 -22.6 19.2 -.25 -26.6
4 15 19.2 -.25 -26.6 20.6 -.25 -22.6 20.25 -.25 -22.6 18.85 -.25 -26.6
4 15 20.25 -.25 -22.6 14.65 -.25 -22.6 12.95 -.25 -26.6 18.85 -.25 -26.6
4 15 14.3 -.25 -22.6 12.9 -.25 -22.6 12.6 -.25 -26.6 12.95 -.25 -26.6
4 15 10.95 -.25 -27.3 10.95 -.25 -28.5 11.3 -.25 -28.5 11.3 -.25 -27.3
4 15 11.3 -.25 -27.3 11.3 -.25 -28.5 12.6 -.25 -28.5 12.6 -.25 -27.3
4 15 12.6 -.25 -27.3 12.6 -.25 -28.5 12.95 -.25 -28.5 12.95 -.25 -27.3
4 15 12.95 -.25 -27.3 12.95 -.25 -28.5 18.85 -.25 -28.5 18.85 -.25 -27.3
4 15 19.2 -.25 -26.95 20.6 -.25 -26.95 20.6 -.25 -26.6 19.2 -.25 -26.6
4 15 20.6 -.25 -26.95 19.2 -.25 -26.95 19.2 -.25 -27.3 20.6 -.25 -27.3
4 15 20.6 -.25 -27.3 19.2 -.25 -27.3 19.2 -.25 -28.5 20.6 -.25 -28.5
4 15 20.6 -.25 -28.85 20.6 -.25 -28.5 19.2 -.25 -28.5 19.2 -.25 -28.85
4 15 20.6 -.25 -28.85 19.2 -.25 -28.85 19.2 -.25 -29.2 20.6 -.25 -29.2
4 15 18.85 -.25 -27.3 18.85 -.25 -28.5 19.2 -.25 -28.5 19.2 -.25 -27.3
4 15 20.6 -.25 -27.3 20.6 -.25 -28.5 20.95 -.25 -28.5 20.95 -.25 -27.3
4 15 23 -.25 -26.95 24.4 -.25 -26.95 24.4 -.25 -26.6 23 -.25 -26.6
4 15 23 -.25 -26.95 23 -.25 -27.3 24.4 -.25 -27.3 24.4 -.25 -26.95
4 15 26.2 -.25 -30 26.2 -.25 -30.35 27.4 -.25 -30.35 27.4 -.25 -30
4 15 27.4 -.25 -30.35 26.2 -.25 -30.35 26.2 -.25 -30.7 27.4 -.25 -30.7
4 15 12.95 -.25 -29.2 16.95 -.25 -30 17.85 -.25 -30 18.85 -.25 -29.2
4 15 18.85 -.25 -29.2 17.85 -.25 -30 18.2 -.25 -30 19.2 -.25 -29.2
4 15 19.2 -.25 -29.2 18.2 -.25 -30 19.6 -.25 -30 20.6 -.25 -29.2
4 15 20.6 -.25 -29.2 19.6 -.25 -30 19.95 -.25 -30 20.95 -.25 -29.2
4 15 12.6 -.25 -29.2 16.6 -.25 -30 16.95 -.25 -30 12.95 -.25 -29.2
4 15 12.6 -.25 -29.2 11.3 -.25 -29.2 15.4 -.25 -30 16.6 -.25 -30
4 15 15.05 -.25 -30 15.4 -.25 -30 11.3 -.25 -29.2 10.95 -.25 -29.2
4 15 15.4 -.25 -30.35 16.6 -.25 -30.35 16.6 -.25 -30 15.4 -.25 -30
4 15 16.6 -.25 -30.35 15.4 -.25 -30.35 15.4 -.25 -30.7 16.6 -.25 -30.7
4 15 18.2 -.25 -30.35 19.6 -.25 -30.35 19.6 -.25 -30 18.2 -.25 -30
4 15 19.6 -.25 -30.35 18.2 -.25 -30.35 18.2 -.25 -30.7 19.6 -.25 -30.7
3 15 9.75 -.25 -22.6 9.75 -.25 -26.6 10.95 -.25 -26.6
3 15 11.3 -.25 -26.6 9.75 -.25 -22.6 10.95 -.25 -26.6
3 15 12.9 -.25 -22.6 12.55 -.25 -22.6 12.6 -.25 -26.6
3 15 12.95 -.25 -26.6 14.65 -.25 -22.6 14.3 -.25 -22.6
3 15 20.95 -.25 -29.2 19.95 -.25 -30 25.85 -.25 -30
3 15 20.95 -.25 -29.2 25.85 -.25 -30 26.2 -.25 -30
3 15 20.95 -.25 -29.2 26.2 -.25 -30 27.4 -.25 -30
3 15 20.95 -.25 -29.2 27.4 -.25 -30 27.75 -.25 -30
3 15 24.75 -.25 -27.3 24.4 -.25 -27.3 20.95 -.25 -28.5
3 15 20.95 -.25 -28.5 24.4 -.25 -27.3 23 -.25 -27.3
3 15 20.95 -.25 -28.5 23 -.25 -27.3 22.65 -.25 -27.3
3 15 20.95 -.25 -28.5 22.65 -.25 -27.3 20.95 -.25 -27.3
4 15 12.25 -.25 -11.35 19.35 -.25 -12.2 19.7 -.25 -12.2 12.6 -.25 -11.35
4 15 12.6 -.25 -11.35 19.7 -.25 -12.2 21.1 -.25 -12.2 12.6 -.25 -11
4 15 12.6 -.25 -11 21.1 -.25 -12.2 21.45 -.25 -12.2 12.6 -.25 -10.6
4 15 12.6 -.25 -10.6 21.45 -.25 -12.2 27.35 -.25 -12.2 12.6 -.25 -10.25
3 15 31.1237 -.25 -9.3543 29.1 -.25 -12.2 29.45 -.25 -12.2
3 15 29.1 -.25 -12.2 31.1237 -.25 -9.3543 27.7 -.25 -12.2
4 15 12.7704 -.25 -2.4042 27.35 -.25 -12.2 27.7 -.25 -12.2 31.1237 -.25 -9.3543
4 15 12.7704 -.25 -2.4042 12.4067 -.25 -2.5469 12.6 -.25 -10.25 27.35 -.25 -12.2
3 15 12.4067 -.25 -2.5469 12.25 -.25 -10.25 12.6 -.25 -10.25
4 15 12.4067 -.25 -2.5469 7.4419 -.25 -5.401 9.75 -.25 -10.25 12.25 -.25 -10.25
3 15 7.4419 -.25 -5.401 9.4 -.25 -10.25 9.75 -.25 -10.25
3 15 -2.2358 -.25 -11.0376 9.4 -.25 -11 9.4 -.25 -10.6
4 15 9.4 -.25 -10.25 7.4419 -.25 -5.401 -2.2358 -.25 -11.0376 9.4 -.25 -10.6
3 15 9.4 -.25 -11.35 9.4 -.25 -11 -2.2358 -.25 -11.0376
3 15 9.4 -.25 -12.2 9.4 -.25 -11.35 -2.2358 -.25 -11.0376
3 15 9.4 -.25 -12.9 9.4 -.25 -12.2 -2.2358 -.25 -11.0376
3 15 9.4 -.25 -13.7 9.4 -.25 -12.9 -2.2358 -.25 -11.0376
3 15 9.4 -.25 -14.4 9.4 -.25 -13.7 -2.2358 -.25 -11.0376
3 15 9.4 -.25 -15.3 9.4 -.25 -14.4 -2.2358 -.25 -11.0376
3 15 9.4 -.25 -16 9.4 -.25 -15.3 -2.2358 -.25 -11.0376
3 15 9.4 -.25 -16.9 9.4 -.25 -16 -2.2358 -.25 -11.0376
3 15 9.4 -.25 -17.6 9.4 -.25 -16.9 -2.2358 -.25 -11.0376
3 15 9.4 -.25 -18.7 9.4 -.25 -17.6 -2.2358 -.25 -11.0376
3 15 9.4 -.25 -19.4 9.4 -.25 -18.7 -2.2358 -.25 -11.0376
3 15 9.4 -.25 -20.3 9.4 -.25 -19.4 -2.2358 -.25 -11.0376
3 15 9.4 -.25 -21 9.4 -.25 -20.3 -2.2358 -.25 -11.0376
3 15 9.4 -.25 -21.9 9.4 -.25 -21 -2.2358 -.25 -11.0376
3 15 9.4 -.25 -22.6 9.4 -.25 -21.9 -2.2358 -.25 -11.0376
3 15 9.4 -.25 -26.6 9.4 -.25 -22.6 -20.1206 -.25 -21.135
3 15 9.4 -.25 -26.6 -36.5 -.25 -34 9.4 -.25 -27.3
3 15 9.4 -.25 -27.3 -36.5 -.25 -34 9.4 -.25 -28.5
3 15 9.4 -.25 -28.5 -36.5 -.25 -34 9.4 -.25 -29.2
3 15 9.4 -.25 -29.2 -36.5 -.25 -34 9.4 -.25 -30
3 15 9.4 -.25 -30 -36.5 -.25 -34 9.4 -.25 -30.7
3 15 9.4 -.25 -30.7 -36.5 -.25 -34 9.75 -.25 -30.7
3 15 9.75 -.25 -30.7 -36.5 -.25 -34 15.05 -.25 -30.7
3 15 36.5 -.25 -34 33.95 -.25 -30.7 27.75 -.25 -30.7
3 15 36.5 -.25 -34 27.75 -.25 -30.7 27.4 -.25 -30.7
3 15 36.5 -.25 -34 27.4 -.25 -30.7 26.2 -.25 -30.7
3 15 36.5 -.25 -34 26.2 -.25 -30.7 25.85 -.25 -30.7
3 15 36.5 -.25 -34 25.85 -.25 -30.7 19.95 -.25 -30.7
3 15 36.5 -.25 -34 19.95 -.25 -30.7 19.6 -.25 -30.7
3 15 36.5 -.25 -34 19.6 -.25 -30.7 18.2 -.25 -30.7
3 15 36.5 -.25 -34 18.2 -.25 -30.7 17.85 -.25 -30.7
3 15 36.5 -.25 -34 17.85 -.25 -30.7 16.95 -.25 -30.7
3 15 36.5 -.25 -34 16.95 -.25 -30.7 16.6 -.25 -30.7
3 15 36.5 -.25 -34 16.6 -.25 -30.7 15.4 -.25 -30.7
4 15 36.5 -.25 -34 15.4 -.25 -30.7 15.05 -.25 -30.7 -36.5 -.25 -34
3 15 -36.7744 -.25 -1.4535 -32.5208 -.25 -4.3641 -31.9297 -.25 -3.8318
4 15 -36.7744 -.25 -1.4535 -31.9297 -.25 -3.8318 -31.596 -.25 -3.6504 -30.8815 -.25 -2.7472
3 15 38 -.25 24.7343 33.3255 -.25 19.7259 32.6563 -.25 16.9409