0 Minifig Hair Curly with High Ponytail
0 Name: 69857.dat
0 Author: Philippe Hurbain [Philo]
0 !LDRAW_ORG Part UPDATE 2026-07
0 !LICENSE Licensed under CC BY 4.0 : see CAreadme.txt

0 !HELP Accessory hole at x=0 y=-11 z=2

0 BFC CERTIFY CCW

0 !CATEGORY Minifig Headwear
0 !KEYWORDS Braided, Brickowl 102716, Coiled

0 !HISTORY 2023-11-28 {LEGO Instructions App} Original part shape
0 !HISTORY 2023-11-29 [Philo] File preparation for LDraw Parts Tracker
0 !HISTORY 2026-07-30 [OrionP] Official Update 2026-07

1 16 0 -6 0 1 0 0 0 -1.5 0 0 0 1 stud4od.dat
0 BFC INVERTNEXT
1 16 0 -6 2 2 0 0 0 -3.5 0 0 0 2 4-4cylo.dat
1 16 0 -6 2 2 0 0 0 -1 0 0 0 2 4-4ndis.dat
1 16 0 -6 0 4.24264 0 4.24264 0 -1 0 -4.24264 0 4.24264 1-4chrd.dat
1 16 0 -6 0 -4.24264 0 4.24264 0 -1 0 -4.24264 0 -4.24264 1-4chrd.dat
1 16 0 -6 0 -4.24264 0 -4.24264 0 -1 0 4.24264 0 -4.24264 1-4chrd.dat
1 16 0 -6 0 4.24264 0 -4.24264 0 -1 0 4.24264 0 4.24264 1-4chrd.dat
0 BFC INVERTNEXT
1 16 0 -2 0 2 0 0 0 -2 0 0 0 2 4-4con4.dat
1 16 0 -4 0 8 0 0 0 4 0 0 0 8 4-4cylo.dat
3 16 -3.76 18.4 12.62 -2.86 18.7 13.12 -1.77 18.85 13.48
3 16 -3.76 18.4 12.62 -1.77 18.85 13.48 -3.05 2.05 12.73
3 16 -3.05 2.05 12.73 -6.8 2.03 11.34 -3.76 18.4 12.62
3 16 -3.05 2.05 12.73 -1.77 18.85 13.48 0.17 2.02 12.95
3 16 -4.41 18.15 12.33 -3.76 18.4 12.62 -6.8 2.03 11.34
3 16 -4.41 18.15 12.33 -6.8 2.03 11.34 -5.31 17.9 11.87
3 16 -6.8 2.03 11.34 -6.98 17.63 11.07 -5.31 17.9 11.87
3 16 -7.95 17.32 10.44 -6.98 17.63 11.07 -6.8 2.03 11.34
3 16 -8.64 16.97 9.84 -7.95 17.32 10.44 -6.8 2.03 11.34
3 16 -9.31 16.67 9.21 -8.64 16.97 9.84 -6.8 2.03 11.34
3 16 -9.31 16.67 9.21 -6.8 2.03 11.34 -9.86 2.03 8.63
3 16 -9.31 16.67 9.21 -9.86 2.03 8.63 -9.87 16.42 8.57
3 16 -9.87 16.42 8.57 -9.86 2.03 8.63 -10.5 15.89 7.8
3 16 -10.5 15.89 7.8 -9.86 2.03 8.63 -12.02 2.05 5.07
3 16 -12.02 2.05 5.07 -11.37 14.7 6.12 -10.5 15.89 7.8
3 16 -12.02 2.05 5.07 -12.01 13.59 4.98 -11.37 14.7 6.12
3 16 -12.56 11.42 3.47 -12.16 12.87 4.23 -12.01 13.59 4.98
3 16 -12.01 13.59 4.98 -12.02 2.05 5.07 -12.56 11.42 3.47
3 16 -12.8 10.07 2.46 -12.56 11.42 3.47 -12.02 2.05 5.07
3 16 -12.02 2.05 5.07 -13.01 2.16 0.91 -12.8 10.07 2.46
3 16 -12.96 9.08 1.35 -12.8 10.07 2.46 -13.01 2.16 0.91
3 16 -13.01 8.66 0.32 -12.96 9.08 1.35 -13.01 2.16 0.91
3 16 -13.02 8.81 -1.3 -13.01 8.66 0.32 -13.01 2.16 0.91
4 16 -12.62 1.89 -2.74 -12.88 8.77 -2.78 -13.02 8.81 -1.3 -13.01 2.16 0.91
3 16 -12.47 8.35 -4.59 -12.88 8.77 -2.78 -12.62 1.89 -2.74
3 16 -10.87 0.95 -5.01 -9.93 2.76 -8.24 -11 3.44 -7.34
3 16 -12.47 8.35 -4.59 -12.62 1.89 -2.74 -11.86 6.21 -6.21
3 16 -12.62 1.89 -2.74 -11 3.44 -7.34 -11.86 6.21 -6.21
3 16 -11.86 6.21 -6.21 -12.02 7.33 -5.63 -12.47 8.35 -4.59
3 16 -10.87 0.95 -5.01 -8.79 0.98 -7.34 -9.93 2.76 -8.24
3 16 -11 3.44 -7.34 -12.62 1.89 -2.74 -10.87 0.95 -5.01
3 16 -8.79 0.98 -7.34 -8.69 2.57 -9.34 -9.93 2.76 -8.24
3 16 -8.79 0.98 -7.34 -7 0.87 -8.97 -8.69 2.57 -9.34
3 16 -7.38 2.56 -10.35 -8.69 2.57 -9.34 -7 0.87 -8.97
3 16 -7.38 2.56 -10.35 -7 0.87 -8.97 -4.65 0.87 -10.51
3 16 -4.65 0.87 -10.51 -4.87 2.89 -11.96 -6.27 2.87 -11.09
3 16 -6.27 2.87 -11.09 -7.38 2.56 -10.35 -4.65 0.87 -10.51
3 16 -4.87 2.89 -11.96 -4.65 0.87 -10.51 -0.54 0.92 -11.92
3 16 -0.54 0.92 -11.92 -3.38 2.91 -12.24 -4.87 2.89 -11.96
3 16 -0.54 0.92 -11.92 -2.13 2.66 -12.45 -3.38 2.91 -12.24
3 16 0 2.47 -12.62 -2.13 2.66 -12.45 -0.54 0.92 -11.92
3 16 0 2.47 -12.62 -0.54 0.92 -11.92 0.75 2.72 -12.65
3 16 10.99 3.92 -7.18 12.45 1.87 -3.1 11.54 4.73 -6.64
3 16 11.54 4.73 -6.64 12.45 1.87 -3.1 11.97 6.18 -5.89
3 16 12.21 7.94 -5.05 11.97 6.18 -5.89 12.45 1.87 -3.1
3 16 12.6 8.84 -3.61 12.21 7.94 -5.05 12.45 1.87 -3.1
3 16 12.6 8.84 -3.61 12.45 1.87 -3.1 13.1 8.62 -1.22
3 16 12.45 1.87 -3.1 10.99 3.92 -7.18 10.18 3.25 -8.05
3 16 10.18 3.25 -8.05 9.56 1.35 -6.89 12.45 1.87 -3.1
3 16 9.1 2.79 -9.07 9.56 1.35 -6.89 10.18 3.25 -8.05
3 16 9.1 2.79 -9.07 8.06 1.26 -8.63 9.56 1.35 -6.89
3 16 9.1 2.79 -9.07 6.98 2.2 -10.35 8.06 1.26 -8.63
3 16 5.75 1.26 -10.3 8.06 1.26 -8.63 6.98 2.2 -10.35
3 16 5.75 1.26 -10.3 6.98 2.2 -10.35 4.78 2.31 -11.54
3 16 5.75 1.26 -10.3 4.78 2.31 -11.54 3.59 1.26 -11.21
3 16 4.78 2.31 -11.54 3.39 2.4 -12.04 3.59 1.26 -11.21
3 16 3.59 1.26 -11.21 3.39 2.4 -12.04 0.75 2.72 -12.65
3 16 3.59 1.26 -11.21 0.75 2.72 -12.65 -0.54 0.92 -11.92
3 16 12.94 1.94 0.17 13.17 8.49 0.57 13.1 8.62 -1.22
3 16 13.1 8.62 -1.22 12.45 1.87 -3.1 12.94 1.94 0.17
3 16 12.43 1.98 3.95 13.17 8.49 0.57 12.94 1.94 0.17
3 16 12.86 9.65 2.07 13.17 8.49 0.57 12.43 1.98 3.95
3 16 12.86 9.65 2.07 12.43 1.98 3.95 12.78 10.21 2.66
3 16 12.78 10.21 2.66 12.43 1.98 3.95 12.65 11.25 3.19
3 16 12.65 11.25 3.19 12.43 1.98 3.95 12.5 12.61 4.02
3 16 12.5 12.61 4.02 12.43 1.98 3.95 11.06 1.99 7.37
3 16 12.5 12.61 4.02 11.06 1.99 7.37 11.18 15.03 7.12
3 16 11.18 15.03 7.12 12.02 14.53 5.4 12.5 12.61 4.02
3 16 11.06 1.99 7.37 7.73 2.11 10.52 9.49 16.14 9.21
3 16 10.29 15.9 8.31 11.18 15.03 7.12 11.06 1.99 7.37
3 16 9.49 16.14 9.21 10.29 15.9 8.31 11.06 1.99 7.37
3 16 9.49 16.14 9.21 7.73 2.11 10.52 8.39 16.69 10.18
3 16 7.73 2.11 10.52 4.24 2.04 12.47 7.52 17.25 10.72
3 16 7.52 17.25 10.72 8.39 16.69 10.18 7.73 2.11 10.52
3 16 7.52 17.25 10.72 4.24 2.04 12.47 6.25 17.77 11.48
3 16 5 18.25 11.99 6.25 17.77 11.48 4.24 2.04 12.47
3 16 5 18.25 11.99 4.24 2.04 12.47 2.39 18.55 12.71
3 16 -1.77 18.85 13.48 2.39 18.55 12.71 4.24 2.04 12.47
3 16 4.24 2.04 12.47 0.17 2.02 12.95 -1.77 18.85 13.48
3 16 12.43 1.98 3.95 10 -2 0 9.239 -2 3.827
3 16 12.43 1.98 3.95 12.94 1.94 .17 10 -2 0
3 16 9.239 -2 3.827 11.06 1.99 7.37 12.43 1.98 3.95
3 16 9.239 -2 3.827 7.071 -2 7.071 11.06 1.99 7.37
3 16 7.071 -2 7.071 7.73 2.11 10.52 11.06 1.99 7.37
3 16 7.73 2.11 10.52 7.071 -2 7.071 3.827 -2 9.239
3 16 3.827 -2 9.239 4.24 2.04 12.47 7.73 2.11 10.52
3 16 3.827 -2 9.239 .17 2.02 12.95 4.24 2.04 12.47
3 16 3.827 -2 9.239 0 -2 10 .17 2.02 12.95
3 16 0 -2 10 -3.827 -2 9.239 -3.05 2.05 12.73
3 16 12.45 1.87 -3.1 10 -2 0 12.94 1.94 .17
3 16 12.45 1.87 -3.1 9.239 -2 -3.827 10 -2 0
3 16 9.56 1.35 -6.89 9.239 -2 -3.827 12.45 1.87 -3.1
3 16 9.56 1.35 -6.89 7.071 -2 -7.071 9.239 -2 -3.827
3 16 7.071 -2 -7.071 9.56 1.35 -6.89 8.06 1.26 -8.63
3 16 7.071 -2 -7.071 8.06 1.26 -8.63 5.75 1.26 -10.3
3 16 3.827 -2 -9.239 7.071 -2 -7.071 5.75 1.26 -10.3
3 16 3.827 -2 -9.239 5.75 1.26 -10.3 3.59 1.26 -11.21
3 16 3.827 -2 -9.239 3.59 1.26 -11.21 -.54 .92 -11.92
3 16 -3.827 -2 -9.239 0 -2 -10 -.54 .92 -11.92
4 16 -3.827 -2 -9.239 -4.65 .87 -10.51 -7 .87 -8.97 -7.071 -2 -7.071
3 16 -8.79 .98 -7.34 -7.071 -2 -7.071 -7 .87 -8.97
3 16 -7.071 -2 -7.071 -8.79 .98 -7.34 -10.87 .95 -5.01
3 16 -7.071 -2 -7.071 -10.87 .95 -5.01 -9.239 -2 -3.827
3 16 -.54 .92 -11.92 -4.65 .87 -10.51 -3.827 -2 -9.239
3 16 -.54 .92 -11.92 0 -2 -10 3.827 -2 -9.239
3 16 -12.62 1.89 -2.74 -10 -2 0 -9.239 -2 -3.827
3 16 -12.62 1.89 -2.74 -13.01 2.16 .91 -10 -2 0
3 16 -9.239 -2 -3.827 -10.87 .95 -5.01 -12.62 1.89 -2.74
3 16 -13.01 2.16 .91 -12.02 2.05 5.07 -9.239 -2 3.827
3 16 -9.239 -2 3.827 -10 -2 0 -13.01 2.16 .91
5 24 -9.239 -2 3.827 -13.01 2.16 .91 -12.02 2.05 5.07 -10 -2 0
3 16 -7.071 -2 7.071 -9.239 -2 3.827 -12.02 2.05 5.07
3 16 -9.86 2.03 8.63 -7.071 -2 7.071 -12.02 2.05 5.07
3 16 -9.86 2.03 8.63 -6.8 2.03 11.34 -7.071 -2 7.071
3 16 -6.8 2.03 11.34 -3.05 2.05 12.73 -3.827 -2 9.239
3 16 -3.827 -2 9.239 -7.071 -2 7.071 -6.8 2.03 11.34
3 16 -3.05 2.05 12.73 .17 2.02 12.95 0 -2 10
3 16 -10.23 0.11 -9.67 -10.52 1.62 -9.04 -9.57 1.28 -10.2
3 16 -8.55 -0.79 -11.86 -10.23 0.11 -9.67 -9.57 1.28 -10.2
4 16 -8.55 -0.79 -11.86 -8.48 -2.89 -11.11 -9.79 -1.34 -9.73 -10.23 0.11 -9.67
3 16 -8.72 -3.4 -9.66 -9.79 -1.34 -9.73 -8.48 -2.89 -11.11
3 16 -8.72 -3.4 -9.66 -8.48 -2.89 -11.11 -8.4 -3.48 -10.32
3 16 -7.86 -4.35 -9.48 -8.72 -3.4 -9.66 -8.4 -3.48 -10.32
3 16 -7.86 -4.35 -9.48 -8.4 -3.48 -10.32 -7.42 -4.4 -10.42
3 16 -8.55 -0.79 -11.86 -7.69 -2.72 -12.21 -8.48 -2.89 -11.11
3 16 -8.55 -0.79 -11.86 -7.38 -1.86 -12.66 -7.69 -2.72 -12.21
3 16 -7.69 -2.72 -12.21 -7.38 -1.86 -12.66 -6.02 -3.72 -12.91
3 16 -5.51 -2.15 -13.52 -6.02 -3.72 -12.91 -7.38 -1.86 -12.66
3 16 -5.51 -2.15 -13.52 -4.9 -3.1 -13.51 -6.02 -3.72 -12.91
3 16 -6.02 -3.72 -12.91 -4.9 -3.1 -13.51 -4.25 -3.84 -13.5
3 16 -4.25 -3.84 -13.5 -5.78 -4.31 -12.56 -6.02 -3.72 -12.91
3 16 -3.54 -4.35 -13.21 -5.78 -4.31 -12.56 -4.25 -3.84 -13.5
3 16 -3.54 -4.35 -13.21 -4.25 -3.84 -13.5 -3.66 -4.1 -13.56
3 16 -5.51 -2.15 -13.52 -7.38 -1.86 -12.66 -6.8 -1.26 -13.11
3 16 -6.86 -3.98 -12.11 -6.02 -3.72 -12.91 -5.78 -4.31 -12.56
3 16 -7.69 -2.72 -12.21 -6.02 -3.72 -12.91 -6.86 -3.98 -12.11
3 16 -5.54 -4.61 -12.05 -6.86 -3.98 -12.11 -5.78 -4.31 -12.56
3 16 -6.86 -3.98 -12.11 -5.54 -4.61 -12.05 -7.42 -4.4 -10.42
3 16 -7.42 -4.4 -10.42 -8.4 -3.48 -10.32 -6.86 -3.98 -12.11
3 16 -5.54 -4.61 -12.05 -5.78 -4.31 -12.56 -3.54 -4.35 -13.21
3 16 -6.8 -1.26 -13.11 -7.38 -1.86 -12.66 -8.55 -0.79 -11.86
3 16 -6.8 -1.26 -13.11 -8.55 -0.79 -11.86 -7.42 0.4 -12.65
3 16 -6.86 -3.98 -12.11 -8.48 -2.89 -11.11 -7.69 -2.72 -12.21
3 16 -6.86 -3.98 -12.11 -8.4 -3.48 -10.32 -8.48 -2.89 -11.11
3 16 -5.54 -4.61 -12.05 -3.54 -4.35 -13.21 -3.29 -4.73 -12.75
3 16 -3.29 -4.73 -12.75 -5.38 -5.09 -11.63 -5.54 -4.61 -12.05
3 16 -3.29 -4.73 -12.75 -2.73 -5.26 -12.46 -5.38 -5.09 -11.63
3 16 -7.42 -4.4 -10.42 -5.54 -4.61 -12.05 -5.38 -5.09 -11.63
3 16 -6.36 -0.73 -13.87 -6.8 -1.26 -13.11 -7.42 0.4 -12.65
3 16 -6.36 -0.73 -13.87 -5.51 -2.15 -13.52 -6.8 -1.26 -13.11
3 16 -6.36 -0.73 -13.87 -5.42 -1.53 -14.13 -5.51 -2.15 -13.52
3 16 -7.42 0.4 -12.65 -8.55 -0.79 -11.86 -9.57 1.28 -10.2
3 16 -7.42 0.4 -12.65 -9.57 1.28 -10.2 -8.22 1.31 -11.31
3 16 -8.22 1.31 -11.31 -9.57 1.28 -10.2 -9.08 2.31 -9.63
3 16 -8.22 1.31 -11.31 -9.08 2.31 -9.63 -7.51 2.14 -11.03
3 16 -10.52 1.62 -9.04 -9.08 2.31 -9.63 -9.57 1.28 -10.2
3 16 -10.52 1.62 -9.04 -10.18 2.64 -8.4 -9.08 2.31 -9.63
3 16 -9.08 2.31 -9.63 -10.18 2.64 -8.4 -9.93 2.76 -8.24
3 16 -9.08 2.31 -9.63 -9.93 2.76 -8.24 -8.69 2.57 -9.34
3 16 -7.02 -5.23 -9.17 -7.42 -4.4 -10.42 -5.33 -5.71 -11.14
3 16 -7.02 -5.23 -9.17 -7.86 -4.35 -9.48 -7.42 -4.4 -10.42
3 16 -5.33 -5.71 -11.14 -7.42 -4.4 -10.42 -5.38 -5.09 -11.63
3 16 -5.33 -5.71 -11.14 -5.38 -5.09 -11.63 -2.73 -5.26 -12.46
3 16 -5.33 -5.71 -11.14 -2.73 -5.26 -12.46 -2.82 -6.9 -11.13
3 16 -2.73 -5.26 -12.46 -1.12 -7.24 -11.74 -2.82 -6.9 -11.13
3 16 -2.73 -5.26 -12.46 -0.23 -6.59 -12.36 -1.12 -7.24 -11.74
3 16 -0.23 -6.59 -12.36 0.83 -7.46 -11.72 -1.12 -7.24 -11.74
3 16 0.83 -7.46 -11.72 -0.07 -7.7 -11.17 -1.12 -7.24 -11.74
3 16 0.64 -7.75 -10.73 -0.07 -7.7 -11.17 0.83 -7.46 -11.72
3 16 -0.07 -7.7 -11.17 0.64 -7.75 -10.73 -2.54 -7.55 -8.62
3 16 -0.07 -7.7 -11.17 -2.54 -7.55 -8.62 -2.83 -7.41 -9.96
3 16 -5.33 -5.71 -11.14 -2.82 -6.9 -11.13 -2.83 -7.41 -9.96
3 16 -2.83 -7.41 -9.96 -1.12 -7.24 -11.74 -0.07 -7.7 -11.17
3 16 -2.83 -7.41 -9.96 -2.82 -6.9 -11.13 -1.12 -7.24 -11.74
3 16 -2.83 -7.41 -9.96 -2.54 -7.55 -8.62 -5.2 -6.49 -8.63
3 16 -5.33 -5.71 -11.14 -2.83 -7.41 -9.96 -5.2 -6.49 -8.63
3 16 -7.02 -5.23 -9.17 -5.33 -5.71 -11.14 -5.2 -6.49 -8.63
3 16 0.64 -7.75 -10.73 0.83 -7.46 -11.72 1.47 -7.54 -11.24
3 16 1.47 -7.54 -11.24 0.83 -7.46 -11.72 1.43 -7.1 -12.17
3 16 1.47 -7.54 -11.24 1.43 -7.1 -12.17 2.15 -7.31 -11.79
3 16 0.71 -6.74 -12.45 1.43 -7.1 -12.17 0.83 -7.46 -11.72
3 16 -0.23 -6.59 -12.36 0.71 -6.74 -12.45 0.83 -7.46 -11.72
3 16 4.93 -7.99 -11.13 3.47 -7.71 -11.56 4.64 -7.58 -11.86
3 16 2.63 -8.36 -10.5 2.15 -7.31 -11.79 3.47 -7.71 -11.56
3 16 2.63 -8.36 -10.5 1.47 -7.54 -11.24 2.15 -7.31 -11.79
4 16 3.47 -7.71 -11.56 4.93 -7.99 -11.13 4.31 -9.3 -9.01 2.63 -8.36 -10.5
3 16 5.27 -8.41 -10.27 4.31 -9.3 -9.01 4.93 -7.99 -11.13
3 16 5.27 -8.41 -10.27 5.41 -9.22 -9.17 4.31 -9.3 -9.01
3 16 3.29 -9.24 -8.77 2.63 -8.36 -10.5 4.31 -9.3 -9.01
3 16 3.29 -9.24 -8.77 2.21 -8.57 -10.01 2.63 -8.36 -10.5
3 16 2.21 -8.57 -10.01 1.47 -7.54 -11.24 2.63 -8.36 -10.5
3 16 2.21 -8.57 -10.01 0.64 -7.75 -10.73 1.47 -7.54 -11.24
3 16 -1.82 -7.94 -8.14 0.64 -7.75 -10.73 2.21 -8.57 -10.01
3 16 -1.82 -7.94 -8.14 -2.54 -7.55 -8.62 0.64 -7.75 -10.73
3 16 -1.82 -7.94 -8.14 2.21 -8.57 -10.01 -0.01 -8.37 -6.8
3 16 5.41 -9.22 -9.17 5.27 -8.41 -10.27 7.03 -8.4 -9.95
3 16 5.41 -9.22 -9.17 7.03 -8.4 -9.95 6.93 -8.66 -9.19
3 16 6.93 -8.66 -9.19 5.56 -9.24 -8.35 5.41 -9.22 -9.17
3 16 5.41 -9.22 -9.17 5.56 -9.24 -8.35 4.31 -9.3 -9.01
3 16 5.56 -9.24 -8.35 3.29 -9.24 -8.77 4.31 -9.3 -9.01
3 16 6.74 -9 -7.27 5.56 -9.24 -8.35 6.93 -8.66 -9.19
3 16 5.56 -9.24 -8.35 6.74 -9 -7.27 4.77 -9.2 -6.73
3 16 5.56 -9.24 -8.35 4.77 -9.2 -6.73 3.29 -9.24 -8.77
3 16 6.74 -9 -7.27 6.93 -8.66 -9.19 7.44 -8.71 -7.96
3 16 3.29 -9.24 -8.77 4.77 -9.2 -6.73 1.32 -8.52 -6.46
3 16 2.21 -8.57 -10.01 1.32 -8.52 -6.46 -0.01 -8.37 -6.8
3 16 2.21 -8.57 -10.01 3.29 -9.24 -8.77 1.32 -8.52 -6.46
3 16 7.65 -9.05 -5.55 7.51 -8.89 -4.5 6.54 -9.27 -5.5
3 16 6.72 -9.15 -6.51 7.65 -9.05 -5.55 6.54 -9.27 -5.5
3 16 6.72 -9.15 -6.51 8.4 -8.44 -7.28 7.65 -9.05 -5.55
3 16 6.54 -9.27 -5.5 7.51 -8.89 -4.5 5.83 -9.05 -3.88
3 16 6.54 -9.27 -5.5 5.83 -9.05 -3.88 5.67 -9.26 -5.01
3 16 3.87 -8.89 -4.05 5.67 -9.26 -5.01 5.83 -9.05 -3.88
3 16 5.03 -9.18 -6.07 5.67 -9.26 -5.01 3.87 -8.89 -4.05
3 16 5.03 -9.18 -6.07 6.54 -9.27 -5.5 5.67 -9.26 -5.01
3 16 5.03 -9.18 -6.07 6.72 -9.15 -6.51 6.54 -9.27 -5.5
3 16 5.03 -9.18 -6.07 3.87 -8.89 -4.05 2.95 -8.84 -5.1
3 16 2.95 -8.84 -5.1 4.77 -9.2 -6.73 5.03 -9.18 -6.07
3 16 6.72 -9.15 -6.51 5.03 -9.18 -6.07 4.77 -9.2 -6.73
3 16 2.95 -8.84 -5.1 1.32 -8.52 -6.46 4.77 -9.2 -6.73
3 16 3.87 -8.89 -4.05 5.83 -9.05 -3.88 4.9 -8.89 -3.1
3 16 7.65 -9.05 -5.55 9.41 -8.14 -4.94 7.51 -8.89 -4.5
3 16 7.65 -9.05 -5.55 9.54 -8.11 -5.95 9.41 -8.14 -4.94
3 16 8.4 -8.44 -7.28 9.54 -8.11 -5.95 7.65 -9.05 -5.55
3 16 8.4 -8.44 -7.28 9.41 -8 -6.72 9.54 -8.11 -5.95
3 16 6.72 -9.15 -6.51 7.44 -8.71 -7.96 8.4 -8.44 -7.28
3 16 6.72 -9.15 -6.51 6.74 -9 -7.27 7.44 -8.71 -7.96
3 16 6.72 -9.15 -6.51 4.77 -9.2 -6.73 6.74 -9 -7.27
3 16 5.83 -9.05 -3.88 6.57 -8.65 -0.57 4.9 -8.89 -3.1
3 16 5.83 -9.05 -3.88 7.96 -8.56 -1.01 6.57 -8.65 -0.57
3 16 8.72 -8.34 -2.7 7.96 -8.56 -1.01 5.83 -9.05 -3.88
3 16 7.96 -8.56 -1.01 8.72 -8.34 -2.7 9.14 -8.08 -1.28
3 16 8.72 -8.34 -2.7 5.83 -9.05 -3.88 7.51 -8.89 -4.5
3 16 10.91 -7.12 -1.73 9.14 -8.08 -1.28 8.72 -8.34 -2.7
3 16 10.91 -7.12 -1.73 10.97 -7.1 -1.21 9.14 -8.08 -1.28
3 16 8.72 -8.34 -2.7 7.51 -8.89 -4.5 9.41 -8.14 -4.94
3 16 8.72 -8.34 -2.7 9.41 -8.14 -4.94 10.24 -7.58 -3.26
3 16 10.91 -7.12 -1.73 8.72 -8.34 -2.7 10.24 -7.58 -3.26
3 16 10.91 -7.12 -1.73 10.24 -7.58 -3.26 10.95 -7.24 -2.31
3 16 10.24 -7.58 -3.26 11.02 -7.32 -3.06 10.95 -7.24 -2.31
3 16 8.76 -8.06 1.09 7.97 -7.87 2.82 6.57 -8.65 -0.57
3 16 8.76 -8.06 1.09 9.1 -7.35 3.86 7.97 -7.87 2.82
3 16 8.76 -8.06 1.09 10.35 -7.44 1.19 10.45 -7.47 2.24
4 16 10.35 -7.44 1.19 11.71 -6.51 1.39 11.7 -6.63 2.47 10.45 -7.47 2.24
3 16 12.23 -6.17 1.87 11.7 -6.63 2.47 11.71 -6.51 1.39
3 16 12.23 -6.17 1.87 12.54 -5.85 2.94 11.7 -6.63 2.47
4 16 8.76 -8.06 1.09 10.45 -7.47 2.24 10.41 -7.23 3.28 9.1 -7.35 3.86
3 16 11.7 -6.63 2.47 10.41 -7.23 3.28 10.45 -7.47 2.24
3 16 10.41 -7.23 3.28 10.32 -6.85 3.96 9.1 -7.35 3.86
3 16 11.83 -5.37 5 10.32 -6.85 3.96 10.41 -7.23 3.28
3 16 11.83 -5.37 5 10.41 -7.23 3.28 12.54 -5.69 3.74
3 16 12.54 -5.69 3.74 11.7 -6.63 2.47 12.54 -5.85 2.94
3 16 12.54 -5.69 3.74 10.41 -7.23 3.28 11.7 -6.63 2.47
3 16 9.95 -7.84 0.08 10.97 -7.1 -1.21 11.45 -7 -0.63
3 16 9.95 -7.84 0.08 9.14 -8.08 -1.28 10.97 -7.1 -1.21
3 16 8.58 -8.33 0.18 9.14 -8.08 -1.28 9.95 -7.84 0.08
3 16 8.58 -8.33 0.18 7.96 -8.56 -1.01 9.14 -8.08 -1.28
4 16 10.35 -7.44 1.19 8.76 -8.06 1.09 8.58 -8.33 0.18 9.95 -7.84 0.08
3 16 10.35 -7.44 1.19 9.95 -7.84 0.08 11.41 -6.95 0.12
3 16 9.95 -7.84 0.08 11.45 -7 -0.63 11.41 -6.95 0.12
3 16 10.35 -7.44 1.19 11.41 -6.95 0.12 11.71 -6.51 1.39
3 16 12.49 -6.28 0.77 11.71 -6.51 1.39 11.41 -6.95 0.12
3 16 12.49 -6.28 0.77 12.23 -6.17 1.87 11.71 -6.51 1.39
3 16 11.94 -6.68 -0.08 12.49 -6.28 0.77 11.41 -6.95 0.12
3 16 11.45 -7 -0.63 11.94 -6.68 -0.08 11.41 -6.95 0.12
3 16 11.94 -6.68 -0.08 12.43 -6.41 0.2 12.49 -6.28 0.77
3 16 6.57 -8.65 -0.57 7.96 -8.56 -1.01 8.58 -8.33 0.18
3 16 8.76 -8.06 1.09 6.57 -8.65 -0.57 8.58 -8.33 0.18
3 16 8.19 -7.47 4.94 9.1 -7.35 3.86 9.23 -7.24 5.49
3 16 8.19 -7.47 4.94 7.97 -7.87 2.82 9.1 -7.35 3.86
4 16 9.1 -7.35 3.86 10.32 -6.85 3.96 10.32 -6.8 5.44 9.23 -7.24 5.49
3 16 10.32 -6.8 5.44 10.32 -6.85 3.96 11.83 -5.37 5
3 16 10.32 -6.8 5.44 11.83 -5.37 5 11.67 -5.3 6
3 16 11.67 -5.3 6 10.51 -5.73 7.91 10.32 -6.8 5.44
3 16 11.67 -5.3 6 11.1 -5.25 8.42 10.51 -5.73 7.91
3 16 11.1 -5.25 8.42 10.42 -5.18 8.75 10.51 -5.73 7.91
3 16 11.1 -5.25 8.42 10.88 -5 8.91 10.42 -5.18 8.75
3 16 9.21 -6.17 8.03 9.23 -7.24 5.49 10.32 -6.8 5.44
3 16 10.32 -6.8 5.44 10.51 -5.73 7.91 9.21 -6.17 8.03
3 16 9.21 -6.17 8.03 7.96 -6.98 7.03 9.23 -7.24 5.49
3 16 9.23 -7.24 5.49 7.96 -6.98 7.03 8.19 -7.47 4.94
3 16 10.03 -5.39 9.95 9.28 -5.61 10.86 9.6 -5.39 9.61
3 16 10.03 -5.39 9.95 10.01 -5.66 10.7 9.28 -5.61 10.86
3 16 9.6 -5.39 9.61 9.28 -5.61 10.86 7.64 -6.44 10.48
3 16 9.6 -5.39 9.61 10.4 -5.2 9.55 10.03 -5.39 9.95
3 16 9.6 -5.39 9.61 10.42 -5.18 8.75 10.4 -5.2 9.55
3 16 10.88 -5 8.91 10.4 -5.2 9.55 10.42 -5.18 8.75
3 16 9.68 -5.46 8.86 9.6 -5.39 9.61 7.64 -6.44 10.48
3 16 10.42 -5.18 8.75 9.6 -5.39 9.61 9.68 -5.46 8.86
3 16 9.68 -5.46 8.86 7.64 -6.44 10.48 7.45 -6.85 8.26
3 16 9.68 -5.46 8.86 7.45 -6.85 8.26 9.21 -6.17 8.03
3 16 9.28 -5.61 10.86 7.93 -5.85 11.86 7.64 -6.44 10.48
3 16 8.97 -5.68 11.75 9.28 -5.61 10.86 10.01 -5.47 11.73
3 16 10.01 -5.66 10.7 10.01 -5.47 11.73 9.28 -5.61 10.86
4 16 9.28 -5.61 10.86 8.97 -5.68 11.75 8.24 -5.81 12.28 7.93 -5.85 11.86
3 16 4.89 -6.84 13.63 6.76 -6.29 12 4.58 -6.26 14.47
3 16 6.76 -6.29 12 4.89 -6.84 13.63 4.23 -7.64 13.44
3 16 7.64 -6.44 10.48 6.76 -6.29 12 4.23 -7.64 13.44
3 16 4.23 -7.64 13.44 4.77 -7.93 11.94 7.64 -6.44 10.48
3 16 7.64 -6.44 10.48 4.77 -7.93 11.94 5.02 -7.94 10.99
3 16 7.64 -6.44 10.48 5.02 -7.94 10.99 7.45 -6.85 8.26
3 16 4.23 -7.64 13.44 4.12 -8.2 12.57 4.77 -7.93 11.94
3 16 4.58 -6.26 14.47 3.76 -7.04 14.55 4.89 -6.84 13.63
3 16 4.58 -6.26 14.47 3.83 -6.41 14.81 3.76 -7.04 14.55
3 16 3.2 -7.05 15.04 3.76 -7.04 14.55 3.83 -6.41 14.81
3 16 3.2 -7.05 15.04 3.83 -6.41 14.81 3.4 -6.33 15.32
3 16 7.72 -5.7 12.93 6.76 -6.29 12 7.93 -5.85 11.86
3 16 7.72 -5.7 12.93 6.6 -5.96 13.59 6.76 -6.29 12
3 16 7.72 -5.7 12.93 7.93 -5.85 11.86 8.24 -5.81 12.28
3 16 7.93 -5.85 11.86 6.76 -6.29 12 7.64 -6.44 10.48
3 16 6.6 -5.96 13.59 5.71 -6.02 14.13 6.76 -6.29 12
3 16 6.76 -6.29 12 5.71 -6.02 14.13 4.58 -6.26 14.47
3 16 8.19 -7.47 4.94 6.67 -8.43 4.35 7.97 -7.87 2.82
3 16 8.19 -7.47 4.94 7.42 -7.69 5.43 6.67 -8.43 4.35
3 16 6.37 -8.53 5.82 6.67 -8.43 4.35 7.42 -7.69 5.43
3 16 6.37 -8.53 5.82 5.7 -8.75 5.52 6.67 -8.43 4.35
3 16 4.43 -8.94 6.76 5.7 -8.75 5.52 6.37 -8.53 5.82
3 16 4.43 -8.94 6.76 4.44 -9 6.53 5.7 -8.75 5.52
4 16 5.19 -8.74 8.72 6.37 -8.53 5.82 7.42 -7.69 5.43 7.48 -7.18 7.04
3 16 7.42 -7.69 5.43 7.96 -6.98 7.03 7.48 -7.18 7.04
3 16 7.42 -7.69 5.43 8.19 -7.47 4.94 7.96 -6.98 7.03
4 16 5.02 -7.94 10.99 4.6 -8.56 9.97 7.48 -7.18 7.04 7.45 -6.85 8.26
3 16 4.57 -8.74 9.69 7.48 -7.18 7.04 4.6 -8.56 9.97
3 16 5.19 -8.74 8.72 7.48 -7.18 7.04 4.57 -8.74 9.69
3 16 5.19 -8.74 8.72 4.43 -8.94 6.76 6.37 -8.53 5.82
3 16 4.9 -8.89 -3.1 3.61 -9.52 -1.87 3.87 -8.89 -4.05
3 16 3.61 -9.52 -1.87 4.9 -8.89 -3.1 4.62 -9.71 0.17
3 16 3.61 -9.52 -1.87 4.62 -9.71 0.17 3.49 -9.72 -0.39
3 16 3.49 -10.16 1.19 3.49 -9.72 -0.39 4.62 -9.71 0.17
3 16 3.49 -10.16 1.19 4.62 -9.71 0.17 4.56 -9.69 1.67
3 16 4.56 -9.69 1.67 3.55 -9.76 2.62 3.49 -10.16 1.19
3 16 4.56 -9.69 1.67 4.48 -9.3 3.75 3.55 -9.76 2.62
3 16 4.56 -9.69 1.67 6.36 -8.88 4.03 4.48 -9.3 3.75
3 16 5.36 -9.03 5.19 4.48 -9.3 3.75 6.36 -8.88 4.03
4 16 4.56 -9.69 1.67 4.62 -9.71 0.17 6.76 -8.76 2.48 6.36 -8.88 4.03
3 16 6.76 -8.76 2.48 6.67 -8.43 4.35 6.36 -8.88 4.03
3 16 6.76 -8.76 2.48 7.97 -7.87 2.82 6.67 -8.43 4.35
3 16 7.97 -7.87 2.82 6.76 -8.76 2.48 6.57 -8.65 -0.57
3 16 4.62 -9.71 0.17 4.9 -8.89 -3.1 6.57 -8.65 -0.57
3 16 6.76 -8.76 2.48 4.62 -9.71 0.17 6.57 -8.65 -0.57
3 16 5.7 -8.75 5.52 6.36 -8.88 4.03 6.67 -8.43 4.35
3 16 5.7 -8.75 5.52 5.36 -9.03 5.19 6.36 -8.88 4.03
3 16 4.48 -9.3 3.75 3.35 -9.87 3.21 3.55 -9.76 2.62
3 16 3.49 -9.72 -0.39 2.62 -9.88 -2.62 3.61 -9.52 -1.87
3 16 3.49 -9.72 -0.39 2.01 -10.16 0.54 2.62 -9.88 -2.62
3 16 2.01 -10.16 0.54 3.49 -9.72 -0.39 3.49 -10.16 1.19
3 16 3.87 -8.89 -4.05 3.61 -9.52 -1.87 2.62 -9.88 -2.62
3 16 3.87 -8.89 -4.05 2.62 -9.88 -2.62 2.95 -8.84 -5.1
3 16 2.62 -9.88 -2.62 1.36 -9.43 -4.54 2.95 -8.84 -5.1
3 16 1.32 -8.52 -6.46 2.95 -8.84 -5.1 1.36 -9.43 -4.54
3 16 2.62 -9.88 -2.62 2.01 -10.16 0.54 0.93 -10.04 -0.41
3 16 2.01 -10.16 0.54 1.4142 -9.5 0.5858 0.93 -10.04 -0.41
3 16 0.93 -10.04 -0.41 1.4142 -9.5 0.5858 0.7654 -9.5 0.1522
3 16 2.62 -9.88 -2.62 0.93 -10.04 -0.41 0.22 -10.13 -1.49
3 16 2.62 -9.88 -2.62 0.22 -10.13 -1.49 0.3 -9.75 -3.55
3 16 0.3 -9.75 -3.55 1.36 -9.43 -4.54 2.62 -9.88 -2.62
3 16 -0.55 -9.82 -1.93 0.3 -9.75 -3.55 0.22 -10.13 -1.49
3 16 -0.55 -9.82 -1.93 -0.48 -9.24 -3.77 0.3 -9.75 -3.55
3 16 -0.48 -9.24 -3.77 0.23 -9.29 -4.77 0.3 -9.75 -3.55
3 16 0.3 -9.75 -3.55 0.23 -9.29 -4.77 1.36 -9.43 -4.54
3 16 0.23 -9.29 -4.77 1.32 -8.52 -6.46 1.36 -9.43 -4.54
3 16 -0.48 -9.24 -3.77 -0.65 -8.94 -4.9 0.23 -9.29 -4.77
3 16 -0.65 -8.94 -4.9 -0.01 -8.37 -6.8 0.23 -9.29 -4.77
3 16 0.23 -9.29 -4.77 -0.01 -8.37 -6.8 1.32 -8.52 -6.46
3 16 -0.65 -8.94 -4.9 -1.82 -7.94 -8.14 -0.01 -8.37 -6.8
3 16 -0.65 -8.94 -4.9 -2.13 -9.31 -5.19 -2.27 -8.94 -5.95
3 16 -2.27 -8.94 -5.95 -1.82 -7.94 -8.14 -0.65 -8.94 -4.9
4 16 -1.82 -7.94 -8.14 -2.27 -8.94 -5.95 -5.33 -7.72 -7.07 -2.54 -7.55 -8.62
3 16 -2.54 -7.55 -8.62 -5.33 -7.72 -7.07 -5.2 -6.49 -8.63
3 16 -0.65 -8.94 -4.9 -2.17 -9.69 -3.18 -2.13 -9.31 -5.19
3 16 -2.99 -9.56 -3.91 -2.13 -9.31 -5.19 -2.17 -9.69 -3.18
3 16 -0.65 -8.94 -4.9 -1.34 -9.72 -2.09 -2.17 -9.69 -3.18
3 16 -1.34 -9.72 -2.09 -0.65 -8.94 -4.9 -0.48 -9.24 -3.77
3 16 -1.34 -9.72 -2.09 -0.48 -9.24 -3.77 -0.55 -9.82 -1.93
3 16 -2.17 -9.69 -3.18 -1.34 -9.72 -2.09 -2.21 -9.87 -1.94
3 16 -2.13 -9.31 -5.19 -4.04 -9.22 -4.29 -2.27 -8.94 -5.95
3 16 -2.13 -9.31 -5.19 -2.99 -9.56 -3.91 -4.04 -9.22 -4.29
3 16 -6.54 -8.66 -5.12 -4.04 -9.22 -4.29 -5.75 -9.19 -3.78
3 16 -6.54 -8.66 -5.12 -5.33 -7.72 -7.07 -4.04 -9.22 -4.29
3 16 -7.2 -7.97 -5.82 -5.33 -7.72 -7.07 -6.54 -8.66 -5.12
3 16 -7.2 -7.97 -5.82 -7.46 -7.4 -6.82 -5.33 -7.72 -7.07
3 16 -7.79 -6.62 -7.56 -5.33 -7.72 -7.07 -7.46 -7.4 -6.82
3 16 -7.46 -7.4 -6.82 -7.2 -7.97 -5.82 -8.6 -7.2 -5.58
3 16 -8.85 -5.98 -6.49 -7.79 -6.62 -7.56 -7.46 -7.4 -6.82
3 16 -7.46 -7.4 -6.82 -8.6 -7.2 -5.58 -8.85 -5.98 -6.49
3 16 -9.36 -5.88 -6.15 -8.85 -5.98 -6.49 -8.6 -7.2 -5.58
3 16 -9.36 -5.88 -6.15 -8.6 -7.2 -5.58 -9.43 -6.95 -5.2
3 16 -8.85 -5.98 -6.49 -8.73 -4.89 -8.24 -7.79 -6.62 -7.56
3 16 -8.73 -4.89 -8.24 -7.61 -5.53 -8.57 -7.79 -6.62 -7.56
3 16 -5.33 -7.72 -7.07 -7.79 -6.62 -7.56 -7.61 -5.53 -8.57
3 16 -5.2 -6.49 -8.63 -5.33 -7.72 -7.07 -7.61 -5.53 -8.57
3 16 -5.2 -6.49 -8.63 -7.61 -5.53 -8.57 -7.02 -5.23 -9.17
3 16 -7.86 -4.35 -9.48 -7.02 -5.23 -9.17 -7.61 -5.53 -8.57
3 16 -8.73 -4.89 -8.24 -9.27 -3.46 -9.06 -7.61 -5.53 -8.57
3 16 -9.27 -3.46 -9.06 -7.86 -4.35 -9.48 -7.61 -5.53 -8.57
3 16 -8.73 -4.89 -8.24 -9.35 -4.25 -8.35 -9.27 -3.46 -9.06
3 16 -9.27 -3.46 -9.06 -8.72 -3.4 -9.66 -7.86 -4.35 -9.48
3 16 -8.85 -5.98 -6.49 -9.36 -5.88 -6.15 -9.41 -5.45 -6.34
3 16 -8.85 -5.98 -6.49 -9.41 -5.45 -6.34 -9.1 -5.26 -6.89
3 16 -8.85 -5.98 -6.49 -9.1 -5.26 -6.89 -8.73 -4.89 -8.24
3 16 -9.1 -5.26 -6.89 -9.35 -4.25 -8.35 -8.73 -4.89 -8.24
3 16 -9.1 -5.26 -6.89 -10.63 -5.08 -6.22 -10.71 -4.26 -7.58
3 16 -9.1 -5.26 -6.89 -9.41 -5.45 -6.34 -10.63 -5.08 -6.22
3 16 -10.63 -5.08 -6.22 -12.64 -3.13 -5.81 -10.71 -4.26 -7.58
3 16 -10.63 -5.08 -6.22 -12.73 -3.75 -5.12 -12.64 -3.13 -5.81
4 16 -12.72 -2.27 -6.43 -11.43 -1.94 -8.51 -10.71 -4.26 -7.58 -12.64 -3.13 -5.81
3 16 -10.71 -4.26 -7.58 -11.43 -1.94 -8.51 -10.72 -3.45 -8.34
3 16 -10.71 -4.26 -7.58 -10.72 -3.45 -8.34 -9.35 -4.25 -8.35
3 16 -9.1 -5.26 -6.89 -10.71 -4.26 -7.58 -9.35 -4.25 -8.35
3 16 -10.72 -3.45 -8.34 -9.27 -3.46 -9.06 -9.35 -4.25 -8.35
3 16 -11.43 -1.94 -8.51 -10.82 -1.66 -9.09 -10.72 -3.45 -8.34
3 16 -10.82 -1.66 -9.09 -11.43 -1.94 -8.51 -11.8 -1.3 -8.27
3 16 -11.43 -1.94 -8.51 -12.72 -2.27 -6.43 -13.37 -1.15 -6.65
3 16 -13.37 -1.15 -6.65 -11.8 -1.3 -8.27 -11.43 -1.94 -8.51
3 16 -12.72 -2.27 -6.43 -13.46 -1.55 -6.11 -13.37 -1.15 -6.65
3 16 -13.46 -1.55 -6.11 -13.6 -0.64 -6.36 -13.37 -1.15 -6.65
3 16 -13.46 -1.55 -6.11 -13.76 -0.7 -5.71 -13.6 -0.64 -6.36
3 16 -13.76 -0.7 -5.71 -13.78 0.28 -6.23 -13.6 -0.64 -6.36
3 16 -13.37 -1.15 -6.65 -13.6 -0.64 -6.36 -13.29 0.74 -7.44
3 16 -13.29 0.74 -7.44 -11.8 -1.3 -8.27 -13.37 -1.15 -6.65
4 16 -13.6 -0.64 -6.36 -13.78 0.28 -6.23 -13.59 1.3 -6.94 -13.29 0.74 -7.44
3 16 -13.59 1.3 -6.94 -12.92 1.36 -7.82 -13.29 0.74 -7.44
3 16 -12.92 1.36 -7.82 -10.82 -1.66 -9.09 -11.8 -1.3 -8.27
3 16 -11.8 -1.3 -8.27 -13.29 0.74 -7.44 -12.92 1.36 -7.82
3 16 -13.59 1.3 -6.94 -12.9 2.05 -7.56 -12.92 1.36 -7.82
3 16 -10.82 -1.66 -9.09 -12.92 1.36 -7.82 -11.37 1.07 -8.73
3 16 -12.92 1.36 -7.82 -12.9 2.05 -7.56 -11.37 1.07 -8.73
3 16 -11.37 1.07 -8.73 -10.23 0.11 -9.67 -10.82 -1.66 -9.09
3 16 -10.23 0.11 -9.67 -9.79 -1.34 -9.73 -10.82 -1.66 -9.09
4 16 -10.72 -3.45 -8.34 -10.82 -1.66 -9.09 -9.79 -1.34 -9.73 -9.27 -3.46 -9.06
3 16 -11.37 1.07 -8.73 -10.52 1.62 -9.04 -10.23 0.11 -9.67
3 16 -11.21 2.57 -8.13 -11.37 1.07 -8.73 -12.9 2.05 -7.56
3 16 -11.21 2.57 -8.13 -10.52 1.62 -9.04 -11.37 1.07 -8.73
3 16 -11.21 2.57 -8.13 -12.9 2.05 -7.56 -12.07 2.99 -7.58
3 16 -9.27 -3.46 -9.06 -9.79 -1.34 -9.73 -8.72 -3.4 -9.66
3 16 -13.76 -0.7 -5.71 -14.76 0.74 -5.11 -13.78 0.28 -6.23
3 16 -13.76 -0.7 -5.71 -14.8 -0.17 -4.49 -14.76 0.74 -5.11
3 16 -13.78 0.28 -6.23 -14.76 0.74 -5.11 -14.57 1.78 -5.45
3 16 -13.78 0.28 -6.23 -14.57 1.78 -5.45 -13.59 1.3 -6.94
3 16 -14.57 1.78 -5.45 -13.68 2.57 -6.86 -13.59 1.3 -6.94
3 16 -13.68 2.57 -6.86 -12.9 2.05 -7.56 -13.59 1.3 -6.94
3 16 -14.57 1.78 -5.45 -14.34 3.4 -5.91 -13.68 2.57 -6.86
3 16 -14.34 3.4 -5.91 -14.57 1.78 -5.45 -14.65 2.4 -4.88
3 16 -14.65 2.4 -4.88 -14.93 3.6 -5.04 -14.34 3.4 -5.91
3 16 -14.65 2.4 -4.88 -15.09 2.69 -4.1 -14.93 3.6 -5.04
3 16 -12.9 2.05 -7.56 -13.68 2.57 -6.86 -13.07 3.66 -6.93
3 16 -14.34 3.4 -5.91 -13.07 3.66 -6.93 -13.68 2.57 -6.86
3 16 -12.9 2.05 -7.56 -13.07 3.66 -6.93 -12.07 2.99 -7.58
3 16 -14.45 4.57 -5.58 -14.34 3.4 -5.91 -14.93 3.6 -5.04
3 16 -14.34 3.4 -5.91 -13.74 5.4 -5.98 -13.07 3.66 -6.93
3 16 -14.34 3.4 -5.91 -14.45 4.57 -5.58 -13.74 5.4 -5.98
3 16 -12.56 5.85 -6.36 -11.2 3.33 -7.51 -12.07 2.99 -7.58
3 16 -12.07 2.99 -7.58 -13.07 3.66 -6.93 -12.56 5.85 -6.36
3 16 -11.2 3.33 -7.51 -12.56 5.85 -6.36 -11.86 6.21 -6.21
3 16 -10.18 2.64 -8.4 -11.2 3.33 -7.51 -11 3.44 -7.34
3 16 -10.18 2.64 -8.4 -11 3.44 -7.34 -9.93 2.76 -8.24
3 16 -11.86 6.21 -6.21 -11 3.44 -7.34 -11.2 3.33 -7.51
3 16 -10.18 2.64 -8.4 -11.21 2.57 -8.13 -11.2 3.33 -7.51
3 16 -11.21 2.57 -8.13 -12.07 2.99 -7.58 -11.2 3.33 -7.51
3 16 -10.18 2.64 -8.4 -10.52 1.62 -9.04 -11.21 2.57 -8.13
3 16 -15.41 5.24 -4.19 -14.93 3.6 -5.04 -15.9 4.66 -3.06
3 16 -14.93 3.6 -5.04 -15.7 3.46 -2.88 -15.9 4.66 -3.06
3 16 -15.7 3.46 -2.88 -16.06 4.13 -2.47 -15.9 4.66 -3.06
3 16 -14.93 3.6 -5.04 -15.33 2.64 -3.18 -15.7 3.46 -2.88
3 16 -15.09 2.69 -4.1 -15.33 2.64 -3.18 -14.93 3.6 -5.04
3 16 -14.93 3.6 -5.04 -15.41 5.24 -4.19 -14.45 4.57 -5.58
3 16 -14.45 4.57 -5.58 -15.41 5.24 -4.19 -13.74 5.4 -5.98
3 16 -15.41 5.24 -4.19 -14.27 7.22 -4.72 -13.74 5.4 -5.98
3 16 -15.9 4.66 -3.06 -15.61 5.57 -3.35 -15.41 5.24 -4.19
3 16 -15.21 6.61 -3.47 -15.41 5.24 -4.19 -15.61 5.57 -3.35
3 16 -15.21 6.61 -3.47 -14.27 7.22 -4.72 -15.41 5.24 -4.19
3 16 -14.27 7.22 -4.72 -15.21 6.61 -3.47 -14.65 7.78 -3.3
3 16 -13.58 8.04 -4.57 -14.27 7.22 -4.72 -14.65 7.78 -3.3
3 16 -13.58 8.04 -4.57 -14.65 7.78 -3.3 -13.67 8.57 -3.12
4 16 -13.67 8.57 -3.12 -14.8 8.3 -1.49 -15.02 8.28 0.13 -13.02 8.81 -1.3
3 16 -13.02 8.81 -1.3 -15.02 8.28 0.13 -13.01 8.66 0.32
3 16 -13.67 8.57 -3.12 -13.02 8.81 -1.3 -12.88 8.77 -2.78
3 16 -13.67 8.57 -3.12 -12.47 8.35 -4.59 -13.58 8.04 -4.57
3 16 -13.67 8.57 -3.12 -12.88 8.77 -2.78 -12.47 8.35 -4.59
3 16 -13.06 7.09 -5.68 -13.58 8.04 -4.57 -12.47 8.35 -4.59
3 16 -14.27 7.22 -4.72 -13.58 8.04 -4.57 -13.06 7.09 -5.68
3 16 -13.06 7.09 -5.68 -13.74 5.4 -5.98 -14.27 7.22 -4.72
3 16 -13.06 7.09 -5.68 -12.47 8.35 -4.59 -12.02 7.33 -5.63
3 16 -11.86 6.21 -6.21 -13.06 7.09 -5.68 -12.02 7.33 -5.63
3 16 -11.86 6.21 -6.21 -12.56 5.85 -6.36 -13.06 7.09 -5.68
4 16 -13.07 3.66 -6.93 -13.74 5.4 -5.98 -13.06 7.09 -5.68 -12.56 5.85 -6.36
3 16 -15.34 7.51 -2.64 -15.21 6.61 -3.47 -16.07 5.88 -2.75
3 16 -15.34 7.51 -2.64 -14.65 7.78 -3.3 -15.21 6.61 -3.47
3 16 -15.61 5.57 -3.35 -16.07 5.88 -2.75 -15.21 6.61 -3.47
3 16 -16.18 4.93 -2.57 -16.07 5.88 -2.75 -15.61 5.57 -3.35
3 16 -16.18 4.93 -2.57 -15.61 5.57 -3.35 -15.9 4.66 -3.06
3 16 -16.18 4.93 -2.57 -15.9 4.66 -3.06 -16.06 4.13 -2.47
3 16 -16.08 5.93 -0.63 -16.07 5.88 -2.75 -16.18 4.93 -2.57
3 16 -16.08 5.93 -0.63 -15.94 6.95 -1.47 -16.07 5.88 -2.75
3 16 -16.07 5.88 -2.75 -15.94 6.95 -1.47 -15.34 7.51 -2.64
3 16 -15.91 6.88 -0.66 -15.94 6.95 -1.47 -16.08 5.93 -0.63
3 16 -15.91 6.88 -0.66 -15.6 7.65 -0.84 -15.94 6.95 -1.47
3 16 -15.6 7.65 -0.84 -15.34 7.51 -2.64 -15.94 6.95 -1.47
3 16 -14.8 8.3 -1.49 -15.34 7.51 -2.64 -15.6 7.65 -0.84
4 16 -13.67 8.57 -3.12 -14.65 7.78 -3.3 -15.34 7.51 -2.64 -14.8 8.3 -1.49
3 16 -14.8 8.3 -1.49 -15.6 7.65 -0.84 -15.02 8.28 0.13
3 16 -16.06 4.64 -1.05 -16.08 5.93 -0.63 -16.18 4.93 -2.57
3 16 -16.08 5.93 -0.63 -16.06 4.64 -1.05 -15.92 4.76 -0.3
3 16 -16.06 4.64 -1.05 -16.18 4.93 -2.57 -16.13 4.44 -1.69
3 16 -16.18 4.93 -2.57 -16.06 4.13 -2.47 -16.13 4.44 -1.69
3 16 2.73 -7.92 14.58 3.47 -8.32 13.53 3.69 -7.81 14.11
3 16 2.69 -8.17 14.12 3.47 -8.32 13.53 2.73 -7.92 14.58
3 16 2.69 -8.17 14.12 2.78 -8.38 13.53 3.47 -8.32 13.53
3 16 2.78 -8.38 13.53 3.6 -8.53 12.4 3.47 -8.32 13.53
3 16 3.47 -8.32 13.53 3.6 -8.53 12.4 4.12 -8.2 12.57
3 16 2.78 -8.38 13.53 3.26 -8.67 12.02 3.6 -8.53 12.4
3 16 3.69 -7.81 14.11 3.2 -7.05 15.04 2.73 -7.92 14.58
3 16 3.69 -7.81 14.11 3.76 -7.04 14.55 3.2 -7.05 15.04
4 16 3.69 -7.81 14.11 3.47 -8.32 13.53 4.12 -8.2 12.57 4.23 -7.64 13.44
3 16 5.02 -7.94 10.99 4.77 -7.93 11.94 4.59 -8.64 11.79
3 16 4.12 -8.2 12.57 4.59 -8.64 11.79 4.77 -7.93 11.94
3 16 4.12 -8.2 12.57 4.13 -8.75 12.14 4.59 -8.64 11.79
3 16 4.12 -8.2 12.57 3.6 -8.53 12.4 4.13 -8.75 12.14
3 16 3.6 -8.53 12.4 3.26 -8.67 12.02 4.13 -8.75 12.14
3 16 4.59 -8.64 11.79 4.48 -9.21 11.12 5.02 -7.94 10.99
3 16 4.59 -8.64 11.79 4.13 -8.75 12.14 4.48 -9.21 11.12
3 16 4.6 -8.56 9.97 5.02 -7.94 10.99 4.48 -9.21 11.12
3 16 4.48 -9.21 11.12 4.19 -9.33 10.53 4.6 -8.56 9.97
3 16 4.19 -9.33 10.53 4.48 -9.21 11.12 3.24 -9.37 10.58
3 16 3.24 -9.37 10.58 4.48 -9.21 11.12 4.13 -8.75 12.14
3 16 3.24 -9.37 10.58 3.73 -9.32 9.9 4.19 -9.33 10.53
3 16 4.19 -9.33 10.53 3.73 -9.32 9.9 4.6 -8.56 9.97
3 16 4.13 -8.75 12.14 2.85 -8.93 11.37 3.24 -9.37 10.58
3 16 4.13 -8.75 12.14 3.26 -8.67 12.02 2.85 -8.93 11.37
3 16 3.26 -8.67 12.02 1.99 -9.05 11.75 2.85 -8.93 11.37
3 16 3.26 -8.67 12.02 1.81 -9.13 13.02 1.99 -9.05 11.75
3 16 0.8 -9.28 11.46 1.99 -9.05 11.75 1.81 -9.13 13.02
3 16 0.8 -9.28 11.46 1.02 -9.28 11.2 1.99 -9.05 11.75
3 16 3.26 -8.67 12.02 2.78 -8.38 13.53 1.81 -9.13 13.02
3 16 2.78 -8.38 13.53 2.69 -8.17 14.12 1.81 -9.13 13.02
3 16 2.88 -9.52 9.16 2.55 -9.82 9.83 2.13 -9.4 9.04
3 16 2.88 -9.52 9.16 3.24 -9.37 10.58 2.55 -9.82 9.83
3 16 2.55 -9.82 9.83 1.57 -9.67 10.07 2.13 -9.4 9.04
3 16 2.13 -9.4 9.04 1.57 -9.67 10.07 1.33 -9.03 9.23
3 16 1.33 -9.03 9.23 1.57 -9.67 10.07 1.02 -9.28 11.2
3 16 1.88 -9.58 11.02 2.55 -9.82 9.83 3.24 -9.37 10.58
3 16 1.57 -9.67 10.07 1.88 -9.58 11.02 1.02 -9.28 11.2
3 16 1.57 -9.67 10.07 2.55 -9.82 9.83 1.88 -9.58 11.02
3 16 1.02 -9.28 11.2 1.88 -9.58 11.02 1.99 -9.05 11.75
3 16 1.88 -9.58 11.02 3.24 -9.37 10.58 1.99 -9.05 11.75
3 16 3.24 -9.37 10.58 2.85 -8.93 11.37 1.99 -9.05 11.75
4 16 1.02 -9.28 11.2 0.25 -8.5 10.18 0.92 -8.73 9.16 1.33 -9.03 9.23
3 16 2.88 -9.52 9.16 3.73 -9.32 9.9 3.24 -9.37 10.58
3 16 1.02 -9.28 11.2 -0.15 -8.94 10.72 0.25 -8.5 10.18
3 16 1.02 -9.28 11.2 0.8 -9.28 11.46 -0.15 -8.94 10.72
3 16 4.76 -9.46 7.53 5.19 -8.74 8.72 4.81 -9.58 8.91
3 16 4.43 -8.94 6.76 5.19 -8.74 8.72 4.76 -9.46 7.53
3 16 4.81 -9.58 8.91 5.19 -8.74 8.72 4.57 -8.74 9.69
3 16 3.73 -9.32 9.9 4.81 -9.58 8.91 4.57 -8.74 9.69
3 16 2.88 -9.52 9.16 4.81 -9.58 8.91 3.73 -9.32 9.9
3 16 2.88 -9.52 9.16 4.22 -10.18 7.98 4.81 -9.58 8.91
3 16 4.81 -9.58 8.91 4.22 -10.18 7.98 4.76 -9.46 7.53
3 16 4.11 -9.53 6.65 4.76 -9.46 7.53 4.22 -10.18 7.98
3 16 4.11 -9.53 6.65 4.43 -8.94 6.76 4.76 -9.46 7.53
3 16 4.11 -9.53 6.65 4.22 -10.18 7.98 3.09 -9.93 7.47
3 16 2.88 -9.52 9.16 3.09 -9.93 7.47 4.22 -10.18 7.98
3 16 2.88 -9.52 9.16 2.68 -9.53 8.57 3.09 -9.93 7.47
3 16 3.73 -9.32 9.9 4.57 -8.74 9.69 4.6 -8.56 9.97
3 16 2.8 -9.96 7.2 2.68 -9.53 8.57 1.88 -9.41 8.82
3 16 2.8 -9.96 7.2 3.09 -9.93 7.47 2.68 -9.53 8.57
3 16 2.13 -9.4 9.04 1.88 -9.41 8.82 2.68 -9.53 8.57
3 16 1.88 -9.41 8.82 2.13 -9.4 9.04 1.33 -9.03 9.23
3 16 1.88 -9.41 8.82 1.33 -9.03 9.23 1.35 -9.16 8.91
3 16 1.35 -9.16 8.91 1.33 -9.03 9.23 0.92 -8.73 9.16
3 16 1.76 -10.17 7.71 1.88 -9.41 8.82 1.35 -9.16 8.91
3 16 2.8 -9.96 7.2 1.88 -9.41 8.82 1.76 -10.17 7.71
3 16 2.8 -9.96 7.2 3.31 -9.72 6.49 3.09 -9.93 7.47
3 16 2.8 -9.96 7.2 2.69 -9.99 6 3.31 -9.72 6.49
3 16 2.88 -9.52 9.16 2.13 -9.4 9.04 2.68 -9.53 8.57
3 16 2.69 -9.99 6 2.8 -9.96 7.2 2.45 -10.33 6.8
3 16 2.45 -10.33 6.8 2.8 -9.96 7.2 1.76 -10.17 7.71
3 16 1.64 -10.49 7.06 2.45 -10.33 6.8 1.76 -10.17 7.71
3 16 1.64 -10.49 7.06 2 -10.47 6.27 2.45 -10.33 6.8
3 16 2.69 -9.99 6 2.45 -10.33 6.8 2 -10.47 6.27
3 16 2.69 -9.99 6 2 -10.47 6.27 1.93 -10.26 5.89
3 16 1.07 -10.06 6.33 1.93 -10.26 5.89 2 -10.47 6.27
3 16 1.07 -10.06 6.33 2 -10.47 6.27 1.64 -10.49 7.06
3 16 1.64 -10.49 7.06 1.76 -10.17 7.71 0.65 -9.4 7.61
3 16 0.65 -9.4 7.61 1.07 -10.06 6.33 1.64 -10.49 7.06
3 16 0.65 -9.4 7.61 1.35 -9.16 8.91 0.92 -8.73 9.16
3 16 0.65 -9.4 7.61 1.76 -10.17 7.71 1.35 -9.16 8.91
3 16 1.07 -10.06 6.33 0.65 -9.4 7.61 0.52 -9.46 6.71
3 16 0.65 -9.4 7.61 0.1 -9.15 7.33 0.52 -9.46 6.71
3 16 0.65 -9.4 7.61 0.23 -8.99 8.15 0.1 -9.15 7.33
3 16 0.92 -8.73 9.16 0.23 -8.99 8.15 0.65 -9.4 7.61
3 16 0.92 -8.73 9.16 0.48 -8.83 8.76 0.23 -8.99 8.15
3 16 3.31 -9.72 6.49 4.11 -9.53 6.65 3.09 -9.93 7.47
3 16 4.48 -9.3 3.75 4.91 -9.17 5.29 3.68 -9.98 3.64
3 16 4.48 -9.3 3.75 5.36 -9.03 5.19 4.91 -9.17 5.29
3 16 4.91 -9.17 5.29 5.36 -9.03 5.19 4.44 -9 6.53
3 16 4.44 -9 6.53 4.42 -9.72 5.56 4.91 -9.17 5.29
3 16 4.44 -9 6.53 4.11 -9.53 6.65 4.42 -9.72 5.56
3 16 4.91 -9.17 5.29 3.61 -10.27 4.14 3.68 -9.98 3.64
3 16 4.91 -9.17 5.29 4.42 -9.72 5.56 3.61 -10.27 4.14
3 16 3.03 -10.17 5.25 3.61 -10.27 4.14 4.42 -9.72 5.56
3 16 3.03 -10.17 5.25 4.42 -9.72 5.56 3.86 -9.94 5.74
3 16 3.86 -9.94 5.74 4.42 -9.72 5.56 4.11 -9.53 6.65
3 16 3.86 -9.94 5.74 2.69 -9.99 6 3.03 -10.17 5.25
3 16 3.03 -10.17 5.25 2.69 -9.99 6 2.37 -10.04 5.27
3 16 3.03 -10.17 5.25 2.37 -10.04 5.27 2.42 -10.12 4.38
3 16 2.42 -10.12 4.38 3.61 -10.27 4.14 3.03 -10.17 5.25
3 16 2.42 -10.12 4.38 2.66 -10.08 3.61 3.61 -10.27 4.14
3 16 3.68 -9.98 3.64 3.61 -10.27 4.14 2.66 -10.08 3.61
3 16 3.68 -9.98 3.64 2.66 -10.08 3.61 3.35 -9.87 3.21
3 16 3.35 -9.87 3.21 4.48 -9.3 3.75 3.68 -9.98 3.64
3 16 2.69 -9.99 6 1.93 -10.26 5.89 2.37 -10.04 5.27
3 16 4.43 -8.94 6.76 4.11 -9.53 6.65 4.44 -9 6.53
3 16 5.7 -8.75 5.52 4.44 -9 6.53 5.36 -9.03 5.19
3 16 2.69 -9.99 6 3.86 -9.94 5.74 3.31 -9.72 6.49
3 16 3.86 -9.94 5.74 4.11 -9.53 6.65 3.31 -9.72 6.49
3 16 1.93 -10.2 3.74 2.42 -10.12 4.38 1.96 -10.35 4.57
3 16 2.37 -10.04 5.27 1.96 -10.35 4.57 2.42 -10.12 4.38
3 16 2.37 -10.04 5.27 1.47 -10.3 5.69 1.96 -10.35 4.57
3 16 1.93 -10.26 5.89 1.47 -10.3 5.69 2.37 -10.04 5.27
3 16 0.98 -10.83 4.85 1.96 -10.35 4.57 1.47 -10.3 5.69
3 16 0.98 -10.83 4.85 1.43 -10.86 4.32 1.96 -10.35 4.57
3 16 1.93 -10.2 3.74 1.96 -10.35 4.57 1.43 -10.86 4.32
3 16 1.43 -10.86 4.32 0.98 -10.83 4.85 0.48 -10.68 4.4
3 16 1.93 -10.2 3.74 1.43 -10.86 4.32 0.88 -10.57 4.11
3 16 1.93 -10.2 3.74 0.88 -10.57 4.11 0.7654 -9.5 3.8478
3 16 0.88 -10.57 4.11 0 -9.5 4 0.7654 -9.5 3.8478
3 16 0.88 -10.57 4.11 0.48 -10.68 4.4 0 -9.5 4
3 16 0.48 -10.68 4.4 0.88 -10.57 4.11 1.43 -10.86 4.32
3 16 0 -9.5 4 0.48 -10.68 4.4 0.08 -10.52 4.98
3 16 0.98 -10.83 4.85 0.08 -10.52 4.98 0.48 -10.68 4.4
3 16 0 -9.5 4 0.08 -10.52 4.98 -0.51 -9.95 5.28
3 16 0 -9.5 4 -0.51 -9.95 5.28 -1.24 -9.82 5.09
3 16 -1.24 -9.82 5.09 -0.7654 -9.5 3.8478 0 -9.5 4
3 16 -0.51 -9.95 5.28 -0.91 -9.68 6.02 -1.24 -9.82 5.09
3 16 -0.51 -9.95 5.28 -0.35 -9.75 5.82 -0.91 -9.68 6.02
3 16 0.08 -10.52 4.98 -0.35 -9.75 5.82 -0.51 -9.95 5.28
3 16 1.07 -10.06 6.33 1.47 -10.3 5.69 1.93 -10.26 5.89
3 16 1.07 -10.06 6.33 0.9 -10.04 6.09 1.47 -10.3 5.69
3 16 1.47 -10.3 5.69 0.9 -10.04 6.09 0.98 -10.83 4.85
3 16 0.9 -10.04 6.09 -0.35 -9.75 5.82 0.08 -10.52 4.98
3 16 0.98 -10.83 4.85 0.9 -10.04 6.09 0.08 -10.52 4.98
3 16 0.52 -9.46 6.71 0.9 -10.04 6.09 1.07 -10.06 6.33
3 16 0.52 -9.46 6.71 -0.35 -9.75 5.82 0.9 -10.04 6.09
3 16 1.4142 -9.5 3.4142 1.93 -10.2 3.74 0.7654 -9.5 3.8478
3 16 1.4142 -9.5 3.4142 1.87 -9.92 3.26 1.93 -10.2 3.74
3 16 1.93 -10.2 3.74 1.87 -9.92 3.26 2.26 -10.12 3.22
3 16 1.93 -10.2 3.74 2.26 -10.12 3.22 2.66 -10.08 3.61
3 16 2.42 -10.12 4.38 1.93 -10.2 3.74 2.66 -10.08 3.61
3 16 -0.91 -9.68 6.02 0.52 -9.46 6.71 0.1 -9.15 7.33
3 16 -0.91 -9.68 6.02 -0.35 -9.75 5.82 0.52 -9.46 6.71
3 16 1.8478 -9.5 2.7654 2.16 -9.89 1.94 1.98 -9.81 2.88
3 16 1.8478 -9.5 2.7654 1.98 -9.81 2.88 1.87 -9.92 3.26
3 16 1.8478 -9.5 2.7654 1.87 -9.92 3.26 1.4142 -9.5 3.4142
3 16 2.26 -10.12 3.22 1.87 -9.92 3.26 1.98 -9.81 2.88
4 16 2 -9.5 2 1.8478 -9.5 1.2346 2.01 -10.16 0.54 2.16 -9.89 1.94
3 16 2.01 -10.16 0.54 1.8478 -9.5 1.2346 1.4142 -9.5 0.5858
3 16 2.01 -10.16 0.54 3.02 -10.27 1.78 2.16 -9.89 1.94
3 16 3.49 -10.16 1.19 3.02 -10.27 1.78 2.01 -10.16 0.54
3 16 3.55 -9.76 2.62 3.02 -10.27 1.78 3.49 -10.16 1.19
3 16 3.55 -9.76 2.62 3.06 -10.17 2.91 3.02 -10.27 1.78
3 16 3.35 -9.87 3.21 3.06 -10.17 2.91 3.55 -9.76 2.62
3 16 2.66 -10.08 3.61 3.06 -10.17 2.91 3.35 -9.87 3.21
3 16 2.66 -10.08 3.61 2.26 -10.12 3.22 2.6 -10.4 2.84
3 16 3.02 -10.27 1.78 3.06 -10.17 2.91 2.6 -10.4 2.84
3 16 2.32 -10.43 2.54 2.16 -9.89 1.94 3.02 -10.27 1.78
3 16 2.6 -10.4 2.84 2.32 -10.43 2.54 3.02 -10.27 1.78
3 16 2.6 -10.4 2.84 3.06 -10.17 2.91 2.66 -10.08 3.61
3 16 2.32 -10.43 2.54 2.6 -10.4 2.84 2.26 -10.12 3.22
3 16 2.32 -10.43 2.54 2.26 -10.12 3.22 1.98 -9.81 2.88
3 16 2.32 -10.43 2.54 1.98 -9.81 2.88 2.16 -9.89 1.94
3 16 -2.23 -10.36 0.1 -1.37 -10.57 0.09 -1.4142 -9.5 0.5858
3 16 -0.7654 -9.5 0.1522 -1.4142 -9.5 0.5858 -1.37 -10.57 0.09
3 16 0.27 -10.26 -0.35 -0.7654 -9.5 0.1522 -1.37 -10.57 0.09
3 16 0.27 -10.26 -0.35 0 -9.5 0 -0.7654 -9.5 0.1522
3 16 -1.37 -10.57 0.09 -0.68 -10.81 -0.42 0.27 -10.26 -0.35
3 16 0.27 -10.26 -0.35 -0.68 -10.81 -0.42 -0.59 -10.78 -1.15
3 16 -1.28 -10.73 -1.35 -0.59 -10.78 -1.15 -0.68 -10.81 -0.42
3 16 -2.45 -10.51 -0.78 -1.28 -10.73 -1.35 -0.68 -10.81 -0.42
3 16 -2.45 -10.51 -0.78 -1.37 -10.57 0.09 -2.23 -10.36 0.1
3 16 -2.45 -10.51 -0.78 -0.68 -10.81 -0.42 -1.37 -10.57 0.09
4 16 0.22 -10.13 -1.49 -0.59 -10.78 -1.15 -1.28 -10.73 -1.35 -0.55 -9.82 -1.93
3 16 -1.28 -10.73 -1.35 -1.34 -9.72 -2.09 -0.55 -9.82 -1.93
3 16 0.27 -10.26 -0.35 -0.59 -10.78 -1.15 0.22 -10.13 -1.49
3 16 0.27 -10.26 -0.35 0.22 -10.13 -1.49 0.93 -10.04 -0.41
3 16 -1.4142 -9.5 0.5858 -1.8478 -9.5 1.2346 -2.74 -10 0.47
3 16 -2.74 -10 0.47 -2.23 -10.36 0.1 -1.4142 -9.5 0.5858
3 16 -2.21 -9.87 -1.94 -1.28 -10.73 -1.35 -2.45 -10.51 -0.78
3 16 -2.21 -9.87 -1.94 -1.34 -9.72 -2.09 -1.28 -10.73 -1.35
3 16 -2.21 -9.87 -1.94 -2.45 -10.51 -0.78 -3.12 -10.09 -0.74
3 16 -2.23 -10.36 0.1 -3.12 -10.09 -0.74 -2.45 -10.51 -0.78
3 16 -2.23 -10.36 0.1 -2.74 -10 0.47 -3.12 -10.09 -0.74
3 16 0.7654 -9.5 0.1522 0.27 -10.26 -0.35 0.93 -10.04 -0.41
3 16 0.7654 -9.5 0.1522 0 -9.5 0 0.27 -10.26 -0.35
3 16 -2.68 -9.96 1.35 -2.74 -10 0.47 -1.8478 -9.5 1.2346
3 16 -2.68 -9.96 1.35 -1.8478 -9.5 1.2346 -2 -9.5 2
3 16 -5.33 -9.59 0.86 -6.03 -9.01 1.29 -6.06 -9.48 0.19
3 16 -5.23 -8.8 1.98 -6.03 -9.01 1.29 -5.33 -9.59 0.86
3 16 -5.23 -8.8 1.98 -5.33 -9.59 0.86 -4.06 -9.71 1.76
3 16 -5.23 -8.8 1.98 -4.06 -9.71 1.76 -4.52 -9.28 2.49
3 16 -4.06 -9.71 1.76 -3.47 -9.71 2.11 -4.52 -9.28 2.49
3 16 -4.06 -9.71 1.76 -3.41 -9.85 1.65 -3.47 -9.71 2.11
3 16 -2.68 -9.96 1.35 -3.47 -9.71 2.11 -3.41 -9.85 1.65
3 16 -3.1 -10.03 0.39 -2.68 -9.96 1.35 -3.41 -9.85 1.65
3 16 -3.1 -10.03 0.39 -2.74 -10 0.47 -2.68 -9.96 1.35
3 16 -3.12 -10.09 -0.74 -2.74 -10 0.47 -3.1 -10.03 0.39
3 16 -3.12 -10.09 -0.74 -3.1 -10.03 0.39 -4.25 -10.52 -0.57
3 16 -3.12 -10.09 -0.74 -4.25 -10.52 -0.57 -4.19 -10.07 -1.39
4 16 -4.32 -10.42 1.06 -5.33 -9.59 0.86 -6.06 -9.48 0.19 -4.85 -10.66 0.24
3 16 -5.04 -10.43 -0.53 -4.85 -10.66 0.24 -6.06 -9.48 0.19
3 16 -4.06 -9.71 1.76 -5.33 -9.59 0.86 -4.32 -10.42 1.06
3 16 -4.06 -9.71 1.76 -4.32 -10.42 1.06 -3.41 -9.85 1.65
3 16 -4.32 -10.42 1.06 -3.1 -10.03 0.39 -3.41 -9.85 1.65
3 16 -4.32 -10.42 1.06 -4.26 -10.78 -0.06 -3.1 -10.03 0.39
3 16 -3.1 -10.03 0.39 -4.26 -10.78 -0.06 -4.25 -10.52 -0.57
3 16 -5.04 -10.43 -0.53 -4.26 -10.78 -0.06 -4.85 -10.66 0.24
3 16 -5.04 -10.43 -0.53 -4.25 -10.52 -0.57 -4.26 -10.78 -0.06
3 16 -4.26 -10.78 -0.06 -4.32 -10.42 1.06 -4.85 -10.66 0.24
3 16 -5.18 -10.16 -0.81 -4.25 -10.52 -0.57 -5.04 -10.43 -0.53
3 16 -5.18 -10.16 -0.81 -4.19 -10.07 -1.39 -4.25 -10.52 -0.57
3 16 -6.06 -9.48 0.19 -5.18 -10.16 -0.81 -5.04 -10.43 -0.53
3 16 -4.19 -10.07 -1.39 -5.18 -10.16 -0.81 -4.9 -10.14 -1.25
3 16 -3.36 -9.96 -1.66 -3.12 -10.09 -0.74 -4.19 -10.07 -1.39
3 16 -2.73 -10.05 -2.86 -3.82 -10.11 -3.49 -2.99 -9.56 -3.91
3 16 -2.73 -10.05 -2.86 -3.53 -10.43 -2.68 -3.82 -10.11 -3.49
3 16 -3.53 -10.43 -2.68 -2.73 -10.05 -2.86 -2.59 -9.94 -2.22
3 16 -2.59 -9.94 -2.22 -3.36 -9.96 -1.66 -3.53 -10.43 -2.68
3 16 -4.19 -10.07 -1.39 -3.53 -10.43 -2.68 -3.36 -9.96 -1.66
3 16 -5.5 -10.19 -2.16 -3.82 -10.11 -3.49 -3.53 -10.43 -2.68
3 16 -5.68 -9.93 -2.96 -3.82 -10.11 -3.49 -5.5 -10.19 -2.16
3 16 -4.9 -10.14 -1.25 -5.5 -10.19 -2.16 -3.53 -10.43 -2.68
3 16 -4.9 -10.14 -1.25 -3.53 -10.43 -2.68 -4.19 -10.07 -1.39
3 16 -2.21 -9.87 -1.94 -2.59 -9.94 -2.22 -2.73 -10.05 -2.86
3 16 -2.21 -9.87 -1.94 -2.73 -10.05 -2.86 -2.17 -9.69 -3.18
3 16 -2.99 -9.56 -3.91 -2.17 -9.69 -3.18 -2.73 -10.05 -2.86
3 16 -3.82 -10.11 -3.49 -4.04 -9.22 -4.29 -2.99 -9.56 -3.91
3 16 -5.75 -9.19 -3.78 -3.82 -10.11 -3.49 -5.68 -9.93 -2.96
3 16 -5.75 -9.19 -3.78 -4.04 -9.22 -4.29 -3.82 -10.11 -3.49
3 16 -5.5 -10.19 -2.16 -4.9 -10.14 -1.25 -5.8 -9.86 -1.21
3 16 -4.9 -10.14 -1.25 -5.18 -10.16 -0.81 -5.8 -9.86 -1.21
3 16 -5.5 -10.19 -2.16 -5.8 -9.86 -1.21 -6.16 -9.82 -1.84
3 16 -6.41 -9.61 -2.57 -5.5 -10.19 -2.16 -6.16 -9.82 -1.84
3 16 -6.41 -9.61 -2.57 -5.68 -9.93 -2.96 -5.5 -10.19 -2.16
3 16 -5.68 -9.93 -2.96 -6.41 -9.61 -2.57 -6.45 -9.29 -3.26
3 16 -5.68 -9.93 -2.96 -6.45 -9.29 -3.26 -5.75 -9.19 -3.78
3 16 -7.96 -9.4 -0.85 -7.06 -9.94 -1.38 -6.59 -9.82 -0.54
3 16 -7.06 -9.94 -1.38 -7.96 -9.4 -0.85 -8.39 -9.23 -1.68
3 16 -8.39 -9.23 -1.68 -7.41 -9.62 -2.25 -7.06 -9.94 -1.38
3 16 -8.39 -9.23 -1.68 -7.96 -9.4 -0.85 -9.08 -8.26 -1.29
3 16 -7.62 -8.59 0.36 -9.08 -8.26 -1.29 -7.96 -9.4 -0.85
3 16 -8.39 -9.23 -1.68 -9.08 -8.26 -1.29 -8.73 -8.58 -2.37
3 16 -7.58 -9.08 -2.81 -8.39 -9.23 -1.68 -8.73 -8.58 -2.37
3 16 -7.58 -9.08 -2.81 -7.41 -9.62 -2.25 -8.39 -9.23 -1.68
3 16 -7.41 -9.62 -2.25 -6.16 -9.82 -1.84 -7.06 -9.94 -1.38
3 16 -7.41 -9.62 -2.25 -6.41 -9.61 -2.57 -6.16 -9.82 -1.84
3 16 -6.41 -9.61 -2.57 -7.41 -9.62 -2.25 -7.58 -9.08 -2.81
3 16 -6.41 -9.61 -2.57 -7.58 -9.08 -2.81 -6.45 -9.29 -3.26
3 16 -9.08 -8.26 -1.29 -7.62 -8.59 0.36 -8.3 -7.76 0.34
3 16 -9.08 -8.26 -1.29 -8.3 -7.76 0.34 -9.16 -7.53 -0.27
3 16 -8.3 -7.76 0.34 -7.62 -8.59 0.36 -7.9 -8.27 0.75
3 16 -7.62 -8.59 0.36 -7.96 -9.4 -0.85 -7.08 -9.04 0.38
3 16 -6.59 -9.82 -0.54 -7.08 -9.04 0.38 -7.96 -9.4 -0.85
3 16 -7.62 -8.59 0.36 -7.13 -8.78 1.07 -7.9 -8.27 0.75
3 16 -7.62 -8.59 0.36 -7.08 -9.04 0.38 -7.13 -8.78 1.07
3 16 -7.08 -9.04 0.38 -6.03 -9.01 1.29 -7.13 -8.78 1.07
3 16 -7.08 -9.04 0.38 -6.06 -9.48 0.19 -6.03 -9.01 1.29
3 16 -6.59 -9.82 -0.54 -6.06 -9.48 0.19 -7.08 -9.04 0.38
3 16 -5.8 -9.86 -1.21 -6.06 -9.48 0.19 -6.59 -9.82 -0.54
3 16 -5.8 -9.86 -1.21 -5.18 -10.16 -0.81 -6.06 -9.48 0.19
3 16 -7.06 -9.94 -1.38 -5.8 -9.86 -1.21 -6.59 -9.82 -0.54
3 16 -7.06 -9.94 -1.38 -6.16 -9.82 -1.84 -5.8 -9.86 -1.21
3 16 -9.23 -7.87 -4.88 -8.6 -7.2 -5.58 -8.31 -8.41 -5.14
3 16 -9.23 -7.87 -4.88 -9.43 -6.95 -5.2 -8.6 -7.2 -5.58
3 16 -9.23 -7.87 -4.88 -8.31 -8.41 -5.14 -8.47 -8.68 -4.37
3 16 -9.46 -8.08 -3.11 -9.23 -7.87 -4.88 -8.47 -8.68 -4.37
3 16 -9.46 -8.08 -3.11 -8.47 -8.68 -4.37 -7.58 -9.08 -2.81
3 16 -8.73 -8.58 -2.37 -9.46 -8.08 -3.11 -7.58 -9.08 -2.81
3 16 -9.46 -8.08 -3.11 -10.05 -7.39 -3.61 -9.23 -7.87 -4.88
3 16 -10.05 -7.39 -3.61 -9.43 -6.95 -5.2 -9.23 -7.87 -4.88
3 16 -7.42 -8.9 -4.76 -7.58 -9.08 -2.81 -8.47 -8.68 -4.37
3 16 -8.31 -8.41 -5.14 -7.42 -8.9 -4.76 -8.47 -8.68 -4.37
3 16 -7.58 -9.08 -2.81 -7.42 -8.9 -4.76 -6.45 -9.29 -3.26
3 16 -5.75 -9.19 -3.78 -6.45 -9.29 -3.26 -7.42 -8.9 -4.76
3 16 -5.75 -9.19 -3.78 -7.42 -8.9 -4.76 -6.54 -8.66 -5.12
3 16 -7.2 -7.97 -5.82 -7.42 -8.9 -4.76 -8.31 -8.41 -5.14
3 16 -7.2 -7.97 -5.82 -6.54 -8.66 -5.12 -7.42 -8.9 -4.76
3 16 -8.6 -7.2 -5.58 -7.2 -7.97 -5.82 -8.31 -8.41 -5.14
3 16 -10.05 -7.39 -3.61 -10.65 -6.68 -3.83 -9.43 -6.95 -5.2
3 16 -12.1 -6.49 -2 -12.54 -5.42 -2.31 -12.04 -5.58 -2.99
3 16 -12.04 -5.58 -2.99 -11.24 -7.45 -2.72 -12.1 -6.49 -2
3 16 -12.04 -5.58 -2.99 -10.65 -6.68 -3.83 -11.24 -7.45 -2.72
3 16 -12.54 -5.42 -2.31 -12.1 -6.49 -2 -12.05 -5.97 -1.26
3 16 -12.54 -5.42 -2.31 -12.05 -5.97 -1.26 -12.48 -5.21 -1.4
3 16 -12.48 -5.21 -1.4 -12.05 -5.97 -1.26 -11.83 -5.36 -0.85
3 16 -12.48 -5.21 -1.4 -11.83 -5.36 -0.85 -12 -4.73 -0.71
3 16 -11.83 -5.36 -0.85 -11.71 -4.95 -0.12 -12 -4.73 -0.71
3 16 -11.71 -4.95 -0.12 -11.83 -5.36 -0.85 -10.56 -6.84 -0.27
3 16 -10.56 -6.84 -0.27 -11.83 -5.36 -0.85 -12.05 -5.97 -1.26
3 16 -11.71 -4.95 -0.12 -10.56 -6.84 -0.27 -10.54 -6.63 0.46
3 16 -9.16 -7.53 -0.27 -10.54 -6.63 0.46 -10.56 -6.84 -0.27
3 16 -9.16 -7.53 -0.27 -10.56 -6.84 -0.27 -9.89 -7.57 -0.67
3 16 -9.08 -8.26 -1.29 -9.16 -7.53 -0.27 -9.89 -7.57 -0.67
3 16 -11.55 -6.97 -1.45 -12.05 -5.97 -1.26 -12.1 -6.49 -2
3 16 -12.1 -6.49 -2 -11.24 -7.45 -2.72 -11.55 -6.97 -1.45
3 16 -10.44 -8.05 -1.9 -11.55 -6.97 -1.45 -11.24 -7.45 -2.72
3 16 -10.44 -8.05 -1.9 -9.08 -8.26 -1.29 -9.89 -7.57 -0.67
3 16 -11.55 -6.97 -1.45 -10.44 -8.05 -1.9 -10.9 -7.27 -0.76
3 16 -11.55 -6.97 -1.45 -10.9 -7.27 -0.76 -12.05 -5.97 -1.26
3 16 -10.56 -6.84 -0.27 -12.05 -5.97 -1.26 -10.9 -7.27 -0.76
3 16 -9.89 -7.57 -0.67 -10.56 -6.84 -0.27 -10.9 -7.27 -0.76
3 16 -10.44 -8.05 -1.9 -9.89 -7.57 -0.67 -10.9 -7.27 -0.76
3 16 -9.08 -8.26 -1.29 -10.44 -8.05 -1.9 -9.46 -8.46 -2.19
3 16 -8.73 -8.58 -2.37 -9.08 -8.26 -1.29 -9.46 -8.46 -2.19
3 16 -10.45 -7.64 -3.24 -9.46 -8.46 -2.19 -10.44 -8.05 -1.9
3 16 -10.45 -7.64 -3.24 -9.46 -8.08 -3.11 -9.46 -8.46 -2.19
3 16 -8.73 -8.58 -2.37 -9.46 -8.46 -2.19 -9.46 -8.08 -3.11
3 16 -10.45 -7.64 -3.24 -10.05 -7.39 -3.61 -9.46 -8.08 -3.11
3 16 -10.45 -7.64 -3.24 -10.44 -8.05 -1.9 -11.24 -7.45 -2.72
3 16 -10.45 -7.64 -3.24 -10.65 -6.68 -3.83 -10.05 -7.39 -3.61
3 16 -10.45 -7.64 -3.24 -11.24 -7.45 -2.72 -10.65 -6.68 -3.83
3 16 -12.51 -5.15 -4.31 -10.65 -6.68 -3.83 -12.04 -5.58 -2.99
3 16 -12.51 -5.15 -4.31 -10.69 -6.23 -5.48 -10.65 -6.68 -3.83
3 16 -12.51 -5.15 -4.31 -12.04 -5.58 -2.99 -12.66 -5.12 -3.06
3 16 -12.51 -5.15 -4.31 -12.66 -5.12 -3.06 -13.32 -4.4 -3.61
3 16 -12.51 -5.15 -4.31 -13.32 -4.4 -3.61 -12.66 -4.55 -4.86
3 16 -13.32 -4.4 -3.61 -13.39 -3.76 -4.27 -12.66 -4.55 -4.86
3 16 -13.39 -3.76 -4.27 -12.73 -3.75 -5.12 -12.66 -4.55 -4.86
3 16 -10.63 -5.08 -6.22 -12.66 -4.55 -4.86 -12.73 -3.75 -5.12
3 16 -10.63 -5.08 -6.22 -10.71 -5.67 -6.01 -12.66 -4.55 -4.86
3 16 -10.71 -5.67 -6.01 -12.51 -5.15 -4.31 -12.66 -4.55 -4.86
3 16 -10.71 -5.67 -6.01 -10.69 -6.23 -5.48 -12.51 -5.15 -4.31
3 16 -9.36 -5.88 -6.15 -10.69 -6.23 -5.48 -10.71 -5.67 -6.01
3 16 -9.36 -5.88 -6.15 -9.43 -6.95 -5.2 -10.69 -6.23 -5.48
3 16 -9.43 -6.95 -5.2 -10.65 -6.68 -3.83 -10.69 -6.23 -5.48
3 16 -9.41 -5.45 -6.34 -10.71 -5.67 -6.01 -10.63 -5.08 -6.22
3 16 -9.41 -5.45 -6.34 -9.36 -5.88 -6.15 -10.71 -5.67 -6.01
3 16 -12.27 -4.22 -0.25 -13.12 -3.52 0.08 -13.75 -4.37 -1.09
3 16 -13.75 -4.37 -1.09 -12 -4.73 -0.71 -12.27 -4.22 -0.25
3 16 -13.75 -4.37 -1.09 -13.12 -3.52 0.08 -14.11 -2.53 -0.19
3 16 -13.75 -4.37 -1.09 -12.48 -5.21 -1.4 -12 -4.73 -0.71
3 16 -13.75 -4.37 -1.09 -13.69 -4.77 -1.93 -12.48 -5.21 -1.4
3 16 -13.75 -4.37 -1.09 -14.11 -2.53 -0.19 -14.58 -3.74 -1.26
3 16 -13.75 -4.37 -1.09 -14.58 -3.74 -1.26 -13.69 -4.77 -1.93
3 16 -14.99 -2.93 -1.43 -14.58 -3.74 -1.26 -14.11 -2.53 -0.19
3 16 -14.61 -1.88 -0.84 -14.99 -2.93 -1.43 -14.11 -2.53 -0.19
3 16 -14.61 -1.88 -0.84 -15.03 -2.15 -1.6 -14.99 -2.93 -1.43
3 16 -14.86 -3.2 -2.21 -14.99 -2.93 -1.43 -15.03 -2.15 -1.6
3 16 -14.99 -2.93 -1.43 -14.86 -3.2 -2.21 -14.58 -3.74 -1.26
3 16 -14.86 -3.2 -2.21 -15.03 -2.15 -1.6 -14.79 -2.21 -2.52
3 16 -14.79 -2.21 -2.52 -14.47 -2.93 -3.06 -14.86 -3.2 -2.21
3 16 -14.34 -4.06 -2.98 -14.58 -3.74 -1.26 -14.86 -3.2 -2.21
3 16 -14.47 -2.93 -3.06 -14.34 -4.06 -2.98 -14.86 -3.2 -2.21
4 16 -13.72 -4.76 -2.99 -13.69 -4.77 -1.93 -14.58 -3.74 -1.26 -14.34 -4.06 -2.98
3 16 -12.54 -5.42 -2.31 -12.48 -5.21 -1.4 -13.69 -4.77 -1.93
3 16 -12.54 -5.42 -2.31 -13.69 -4.77 -1.93 -13.72 -4.76 -2.99
3 16 -12.66 -5.12 -3.06 -12.54 -5.42 -2.31 -13.72 -4.76 -2.99
3 16 -12.66 -5.12 -3.06 -13.72 -4.76 -2.99 -13.32 -4.4 -3.61
3 16 -14.34 -4.06 -2.98 -13.32 -4.4 -3.61 -13.72 -4.76 -2.99
3 16 -14.34 -4.06 -2.98 -13.93 -3.6 -3.64 -13.32 -4.4 -3.61
3 16 -14.47 -2.93 -3.06 -13.93 -3.6 -3.64 -14.34 -4.06 -2.98
3 16 -13.32 -4.4 -3.61 -13.93 -3.6 -3.64 -13.39 -3.76 -4.27
3 16 -14.79 -2.21 -2.52 -14.97 -2 -4.14 -14.47 -2.93 -3.06
3 16 -14.79 -2.21 -2.52 -15.12 -1.38 -2.99 -14.97 -2 -4.14
3 16 -14.47 -2.93 -3.06 -14.97 -2 -4.14 -14.1 -2.82 -5.32
3 16 -14.1 -2.82 -5.32 -13.93 -3.6 -3.64 -14.47 -2.93 -3.06
3 16 -13.39 -3.76 -4.27 -13.93 -3.6 -3.64 -14.1 -2.82 -5.32
3 16 -12.73 -3.75 -5.12 -13.39 -3.76 -4.27 -14.1 -2.82 -5.32
3 16 -13.41 -3.08 -5.69 -12.73 -3.75 -5.12 -14.1 -2.82 -5.32
3 16 -12.64 -3.13 -5.81 -12.73 -3.75 -5.12 -13.41 -3.08 -5.69
3 16 -12.72 -2.27 -6.43 -12.64 -3.13 -5.81 -13.41 -3.08 -5.69
3 16 -14.1 -2.82 -5.32 -14.97 -2 -4.14 -14.84 -1.08 -4.46
3 16 -14.84 -1.08 -4.46 -14.97 -2 -4.14 -15.12 -1.38 -2.99
3 16 -14.84 -1.08 -4.46 -15.12 -1.38 -2.99 -15.16 -0.36 -3.29
3 16 -14.84 -1.08 -4.46 -15.16 -0.36 -3.29 -14.8 -0.17 -4.49
3 16 -13.76 -0.7 -5.71 -14.84 -1.08 -4.46 -14.8 -0.17 -4.49
3 16 -13.46 -1.55 -6.11 -14.84 -1.08 -4.46 -13.76 -0.7 -5.71
3 16 -13.46 -1.55 -6.11 -14.1 -2.82 -5.32 -14.84 -1.08 -4.46
3 16 -13.41 -3.08 -5.69 -13.46 -1.55 -6.11 -12.72 -2.27 -6.43
3 16 -13.41 -3.08 -5.69 -14.1 -2.82 -5.32 -13.46 -1.55 -6.11
3 16 -15.72 1.08 -1.86 -15.92 -0.42 -1.32 -15.5 1.34 -0.76
3 16 -15.42 0.63 -0.31 -15.5 1.34 -0.76 -15.92 -0.42 -1.32
3 16 -15.72 1.08 -1.86 -15.58 0.59 -2.58 -15.92 -0.42 -1.32
3 16 -15.42 0.63 -0.31 -15.92 -0.42 -1.32 -15.39 -1.04 -0.81
3 16 -15.39 -1.04 -0.81 -15.11 0.03 -0.22 -15.42 0.63 -0.31
3 16 -14.69 -0.83 -0.26 -15.11 0.03 -0.22 -15.39 -1.04 -0.81
3 16 -15.39 -1.04 -0.81 -14.61 -1.88 -0.84 -14.69 -0.83 -0.26
3 16 -15.39 -1.04 -0.81 -15.03 -2.15 -1.6 -14.61 -1.88 -0.84
3 16 -15.39 -1.04 -0.81 -15.75 -1.17 -1.66 -15.03 -2.15 -1.6
3 16 -15.39 -1.04 -0.81 -15.92 -0.42 -1.32 -15.75 -1.17 -1.66
3 16 -15.83 -0.79 -2.47 -15.92 -0.42 -1.32 -15.58 0.59 -2.58
3 16 -15.83 -0.79 -2.47 -15.75 -1.17 -1.66 -15.92 -0.42 -1.32
3 16 -15.16 -0.36 -3.29 -15.83 -0.79 -2.47 -15.58 0.59 -2.58
3 16 -15.12 -1.38 -2.99 -15.83 -0.79 -2.47 -15.16 -0.36 -3.29
3 16 -15.12 -1.38 -2.99 -15.6 -1.36 -2.62 -15.83 -0.79 -2.47
3 16 -15.75 -1.17 -1.66 -15.83 -0.79 -2.47 -15.6 -1.36 -2.62
3 16 -15.75 -1.17 -1.66 -15.6 -1.36 -2.62 -15.03 -2.15 -1.6
3 16 -15.12 -1.38 -2.99 -14.79 -2.21 -2.52 -15.6 -1.36 -2.62
3 16 -14.79 -2.21 -2.52 -15.03 -2.15 -1.6 -15.6 -1.36 -2.62
3 16 -12.66 -5.12 -3.06 -12.04 -5.58 -2.99 -12.54 -5.42 -2.31
3 16 -14.98 1.47 -4.73 -15.09 2.69 -4.1 -14.65 2.4 -4.88
3 16 -14.98 1.47 -4.73 -15.6 1.15 -3.71 -15.09 2.69 -4.1
3 16 -15.33 2.64 -3.18 -15.09 2.69 -4.1 -15.6 1.15 -3.71
3 16 -15.6 1.15 -3.71 -15.69 1.52 -2.57 -15.33 2.64 -3.18
3 16 -15.6 1.15 -3.71 -15.72 0.71 -3.16 -15.69 1.52 -2.57
3 16 -15.69 1.52 -2.57 -15.72 0.71 -3.16 -15.58 0.59 -2.58
3 16 -15.58 0.59 -2.58 -15.72 0.71 -3.16 -15.16 -0.36 -3.29
3 16 -15.16 -0.36 -3.29 -15.72 0.71 -3.16 -14.8 -0.17 -4.49
3 16 -14.8 -0.17 -4.49 -15.72 0.71 -3.16 -15.6 1.15 -3.71
3 16 -14.65 2.4 -4.88 -14.57 1.78 -5.45 -14.98 1.47 -4.73
3 16 -14.76 0.74 -5.11 -14.98 1.47 -4.73 -14.57 1.78 -5.45
3 16 -14.76 0.74 -5.11 -15.6 1.15 -3.71 -14.98 1.47 -4.73
3 16 -14.8 -0.17 -4.49 -15.6 1.15 -3.71 -14.76 0.74 -5.11
3 16 -15.33 2.64 -3.18 -15.69 1.52 -2.57 -16.12 1.96 -2.18
3 16 -15.33 2.64 -3.18 -16.12 1.96 -2.18 -16.16 2.93 -2.35
3 16 -15.33 2.64 -3.18 -16.16 2.93 -2.35 -15.7 3.46 -2.88
4 16 -15.72 1.08 -1.86 -16.08 1.58 -1.72 -16.12 1.96 -2.18 -15.69 1.52 -2.57
3 16 -15.72 1.08 -1.86 -15.5 1.34 -0.76 -16.08 1.58 -1.72
3 16 -15.58 0.59 -2.58 -15.72 1.08 -1.86 -15.69 1.52 -2.57
3 16 -16.16 2.93 -2.35 -16.06 4.13 -2.47 -15.7 3.46 -2.88
3 16 -16.12 1.96 -2.18 -16.08 1.58 -1.72 -16.28 2.41 -1.76
3 16 -16.28 2.41 -1.76 -16.16 2.93 -2.35 -16.12 1.96 -2.18
3 16 -16.28 2.41 -1.76 -16.08 1.58 -1.72 -16.02 2.96 -0.55
4 16 -15.5 1.34 -0.76 -15.62 2.31 -0.26 -16.02 2.96 -0.55 -16.08 1.58 -1.72
3 16 -16.02 2.96 -0.55 -15.62 2.31 -0.26 -15.55 3.14 -0.04
3 16 -16.02 2.96 -0.55 -15.55 3.14 -0.04 -15.59 3.95 -0.06
3 16 -16.02 2.96 -0.55 -15.59 3.95 -0.06 -16.24 3.37 -1
3 16 -16.28 2.41 -1.76 -16.02 2.96 -0.55 -16.24 3.37 -1
3 16 -16.16 2.93 -2.35 -16.28 2.41 -1.76 -16.24 3.37 -1
3 16 -15.92 4.76 -0.3 -16.24 3.37 -1 -15.59 3.95 -0.06
3 16 -16.06 4.64 -1.05 -16.24 3.37 -1 -15.92 4.76 -0.3
3 16 -16.13 4.44 -1.69 -16.24 3.37 -1 -16.06 4.64 -1.05
3 16 -16.13 4.44 -1.69 -16.16 2.93 -2.35 -16.24 3.37 -1
3 16 -16.13 4.44 -1.69 -16.06 4.13 -2.47 -16.16 2.93 -2.35
3 16 1.29 -0.39 18.67 2.09 0.65 18.04 1.05 0.37 18.65
3 16 1.29 -0.39 18.67 2.37 -0.06 18.07 2.09 0.65 18.04
3 16 1.29 -0.39 18.67 1.05 0.37 18.65 -0.2 0.05 18.98
3 16 1.29 -0.39 18.67 -0.2 0.05 18.98 -0.01 -0.87 19.05
3 16 2.37 -0.06 18.07 3.23 0.9 17.57 2.09 0.65 18.04
3 16 2.37 -0.06 18.07 3.18 0.17 17.21 3.23 0.9 17.57
3 16 2.37 -0.06 18.07 3.09 -1.39 17.02 3.18 0.17 17.21
3 16 2.37 -0.06 18.07 2.63 -1.51 17.88 3.09 -1.39 17.02
3 16 2.63 -1.51 17.88 2.23 -2.53 17.45 3.09 -1.39 17.02
3 16 2.63 -1.51 17.88 1.96 -2.12 17.87 2.23 -2.53 17.45
3 16 2.63 -1.51 17.88 1.65 -1.06 18.51 1.96 -2.12 17.87
3 16 1.65 -1.06 18.51 2.37 -0.06 18.07 1.29 -0.39 18.67
3 16 1.65 -1.06 18.51 2.63 -1.51 17.88 2.37 -0.06 18.07
3 16 1.96 -2.12 17.87 1.65 -1.06 18.51 1.15 -2.02 18.58
3 16 1.29 -0.39 18.67 1.15 -2.02 18.58 1.65 -1.06 18.51
3 16 1.29 -0.39 18.67 -0.01 -0.87 19.05 1.15 -2.02 18.58
3 16 1.96 -2.12 17.87 1.15 -2.02 18.58 1.62 -2.52 18.34
3 16 1.96 -2.12 17.87 2.14 -3.01 18 2.23 -2.53 17.45
3 16 1.96 -2.12 17.87 1.62 -2.52 18.34 2.14 -3.01 18
3 16 -0.01 -0.87 19.05 -0.2 0.05 18.98 -1.48 -0.62 19.81
3 16 2.09 0.65 18.04 1.63 1.24 19.2 1.05 0.37 18.65
3 16 2.09 0.65 18.04 2.1 1.39 18.38 1.63 1.24 19.2
3 16 2.1 1.39 18.38 1.45 2.72 18.83 1.63 1.24 19.2
3 16 2.1 1.39 18.38 2.14 2.86 18.07 1.45 2.72 18.83
3 16 1.45 2.72 18.83 -0.7 1.89 20.11 1.63 1.24 19.2
3 16 1.45 2.72 18.83 -0.38 2.93 19.66 -0.7 1.89 20.11
3 16 1.45 2.72 18.83 -0.16 3.55 19.11 -0.38 2.93 19.66
3 16 1.45 2.72 18.83 1.54 3.6 18.29 -0.16 3.55 19.11
3 16 2.14 2.86 18.07 1.54 3.6 18.29 1.45 2.72 18.83
3 16 -0.7 1.89 20.11 -0.91 1.05 20 1.63 1.24 19.2
3 16 1.63 1.24 19.2 -0.91 1.05 20 -1.1 0.28 19.53
3 16 -1.64 3.47 19.93 -0.38 2.93 19.66 -0.16 3.55 19.11
3 16 -1.64 3.47 19.93 -1.6 2.71 20.78 -0.38 2.93 19.66
3 16 -0.7 1.89 20.11 -0.38 2.93 19.66 -1.6 2.71 20.78
3 16 -0.7 1.89 20.11 -1.6 2.71 20.78 -1.46 1.97 20.83
3 16 -0.91 1.05 20 -0.7 1.89 20.11 -1.46 1.97 20.83
3 16 -0.91 1.05 20 -1.46 1.97 20.83 -1.92 1.03 20.62
3 16 -1.1 0.28 19.53 -0.91 1.05 20 -1.92 1.03 20.62
3 16 -1.1 0.28 19.53 -1.92 1.03 20.62 -1.48 -0.62 19.81
3 16 -0.2 0.05 18.98 -1.1 0.28 19.53 -1.48 -0.62 19.81
3 16 2.14 2.86 18.07 2.45 3.65 17.92 1.54 3.6 18.29
3 16 -0.2 0.05 18.98 1.63 1.24 19.2 -1.1 0.28 19.53
3 16 -0.2 0.05 18.98 1.05 0.37 18.65 1.63 1.24 19.2
3 16 2.14 2.86 18.07 3.9 3.82 17.04 2.45 3.65 17.92
3 16 2.14 2.86 18.07 4.76 3.06 16.61 3.9 3.82 17.04
3 16 4.76 3.06 16.61 5.62 3.25 16.28 3.9 3.82 17.04
3 16 4.98 1.61 16.22 5.62 3.25 16.28 4.76 3.06 16.61
3 16 4.19 2.12 17.35 4.98 1.61 16.22 4.76 3.06 16.61
3 16 4.19 2.12 17.35 4.76 3.06 16.61 2.14 2.86 18.07
3 16 4.19 2.12 17.35 4.16 1.07 16.87 4.98 1.61 16.22
3 16 3.23 0.9 17.57 4.16 1.07 16.87 4.19 2.12 17.35
3 16 3.23 0.9 17.57 3.18 0.17 17.21 4.16 1.07 16.87
3 16 2.1 1.39 18.38 3.23 0.9 17.57 4.19 2.12 17.35
3 16 4.19 2.12 17.35 2.14 2.86 18.07 2.1 1.39 18.38
3 16 2.1 1.39 18.38 2.09 0.65 18.04 3.23 0.9 17.57
3 16 4.64 5.83 16.56 3.65 4.61 17.32 5.68 4.75 16.65
3 16 5.33 5.91 16.36 4.64 5.83 16.56 5.68 4.75 16.65
3 16 5.33 5.91 16.36 5.68 4.75 16.65 5.94 6.03 16.15
3 16 5.94 6.03 16.15 5.68 4.75 16.65 7.52 5.23 15.56
3 16 6.61 6.2 15.86 5.94 6.03 16.15 7.52 5.23 15.56
3 16 6.61 6.2 15.86 7.52 5.23 15.56 7.9 5.75 15.46
3 16 7.52 5.23 15.56 8.3 5.65 15.16 7.9 5.75 15.46
3 16 7.52 5.23 15.56 7.98 4.96 14.69 8.3 5.65 15.16
3 16 7.23 4.41 15.85 7.52 5.23 15.56 5.68 4.75 16.65
3 16 7.23 4.41 15.85 7.22 3.41 15.42 7.66 4.06 15.01
3 16 7.23 4.41 15.85 6.53 3.07 15.74 7.22 3.41 15.42
3 16 5.49 4.09 16.8 6.53 3.07 15.74 7.23 4.41 15.85
3 16 7.23 4.41 15.85 5.68 4.75 16.65 5.49 4.09 16.8
3 16 5.49 4.09 16.8 5.68 4.75 16.65 3.65 4.61 17.32
3 16 5.49 4.09 16.8 5.62 3.25 16.28 6.53 3.07 15.74
3 16 5.62 3.25 16.28 5.49 4.09 16.8 3.9 3.82 17.04
3 16 5.49 4.09 16.8 3.65 4.61 17.32 3.9 3.82 17.04
4 16 7.98 4.96 14.69 7.52 5.23 15.56 7.23 4.41 15.85 7.66 4.06 15.01
3 16 -0.02 4.53 18.73 1.54 3.6 18.29 2.66 4.71 18.13
3 16 0.28 5.44 18.5 -0.02 4.53 18.73 2.66 4.71 18.13
3 16 0.28 5.44 18.5 2.66 4.71 18.13 3.09 5.7 17.63
3 16 1.5 6.31 17.51 0.28 5.44 18.5 3.09 5.7 17.63
3 16 1.5 6.31 17.51 3.09 5.7 17.63 3.6 6.11 17.12
3 16 2.45 3.65 17.92 2.66 4.71 18.13 1.54 3.6 18.29
3 16 2.45 3.65 17.92 3.65 4.61 17.32 2.66 4.71 18.13
3 16 3.65 4.61 17.32 3.09 5.7 17.63 2.66 4.71 18.13
3 16 2.45 3.65 17.92 3.9 3.82 17.04 3.65 4.61 17.32
3 16 1.54 3.6 18.29 -0.02 4.53 18.73 -0.16 3.55 19.11
3 16 4.64 5.83 16.56 3.6 6.11 17.12 3.09 5.7 17.63
3 16 3.65 4.61 17.32 4.64 5.83 16.56 3.09 5.7 17.63
3 16 -0.11 7.45 18.48 1.5 6.31 17.51 1.25 7.21 17.56
3 16 -0.11 7.45 18.48 -1.88 6.96 19.69 1.5 6.31 17.51
3 16 -1.88 6.96 19.69 0.28 5.44 18.5 1.5 6.31 17.51
3 16 -1.88 6.96 19.69 -2 5.77 19.89 0.28 5.44 18.5
3 16 -2 5.77 19.89 -0.02 4.53 18.73 0.28 5.44 18.5
3 16 -2 5.77 19.89 -1.99 4.39 19.83 -0.02 4.53 18.73
4 16 -1.64 3.47 19.93 -0.16 3.55 19.11 -0.02 4.53 18.73 -1.99 4.39 19.83
3 16 7.87 6.25 15.65 6.61 6.2 15.86 7.9 5.75 15.46
3 16 7.87 6.25 15.65 6.97 6.66 15.83 6.61 6.2 15.86
3 16 7.9 5.75 15.46 8.3 5.65 15.16 7.87 6.25 15.65
3 16 7.87 6.25 15.65 6.97 7.07 15.79 6.97 6.66 15.83
3 16 7.87 6.25 15.65 9.17 6.81 14.93 6.97 7.07 15.79
3 16 9.17 6.81 14.93 7.87 6.25 15.65 8.3 5.65 15.16
3 16 8.3 5.65 15.16 9.31 5.93 14.3 9.17 6.81 14.93
3 16 9.45 6.73 13.99 9.17 6.81 14.93 9.31 5.93 14.3
3 16 9.45 6.73 13.99 9.59 7.47 14.02 9.17 6.81 14.93
3 16 8.53 8.05 14.45 9.17 6.81 14.93 9.59 7.47 14.02
3 16 9.17 6.81 14.93 8.53 8.05 14.45 7.99 7.97 14.94
3 16 6.97 7.07 15.79 9.17 6.81 14.93 7.99 7.97 14.94
3 16 6.97 7.07 15.79 7.99 7.97 14.94 6.82 8.12 15.66
3 16 6.82 8.12 15.66 6.25 7.55 16.31 6.97 7.07 15.79
3 16 6.82 8.12 15.66 5.87 7.63 16.44 6.25 7.55 16.31
3 16 6.82 8.12 15.66 5.26 8.84 15.72 5.87 7.63 16.44
3 16 6.97 6.66 15.83 6.97 7.07 15.79 6.25 7.55 16.31
3 16 6.97 6.66 15.83 6.25 7.55 16.31 5.99 6.85 16.56
3 16 5.99 6.85 16.56 6.25 7.55 16.31 5.87 7.63 16.44
3 16 5.99 6.85 16.56 6.61 6.2 15.86 6.97 6.66 15.83
3 16 5.99 6.85 16.56 5.94 6.03 16.15 6.61 6.2 15.86
3 16 4.64 7.49 16.7 5.87 7.63 16.44 5.26 8.84 15.72
3 16 5.42 7.03 16.8 5.87 7.63 16.44 4.64 7.49 16.7
3 16 5.99 6.85 16.56 5.87 7.63 16.44 5.42 7.03 16.8
3 16 5.42 7.03 16.8 4.64 7.49 16.7 4.22 6.6 16.87
3 16 4.22 6.6 16.87 4.64 7.49 16.7 3.16 7.43 16.95
3 16 4.22 6.6 16.87 3.16 7.43 16.95 3.6 6.11 17.12
3 16 3.6 6.11 17.12 4.64 5.83 16.56 4.22 6.6 16.87
3 16 4.22 6.6 16.87 5.33 5.91 16.36 5.42 7.03 16.8
3 16 4.22 6.6 16.87 4.64 5.83 16.56 5.33 5.91 16.36
3 16 5.33 5.91 16.36 5.99 6.85 16.56 5.42 7.03 16.8
3 16 5.33 5.91 16.36 5.94 6.03 16.15 5.99 6.85 16.56
3 16 3.3 8.63 16.74 3.16 7.43 16.95 4.64 7.49 16.7
3 16 3.3 8.63 16.74 2.81 8.24 17.01 3.16 7.43 16.95
3 16 4.26 9.21 15.94 4.64 7.49 16.7 5.26 8.84 15.72
3 16 4.26 9.21 15.94 3.3 8.63 16.74 4.64 7.49 16.7
3 16 1.5 6.31 17.51 3.16 7.43 16.95 1.25 7.21 17.56
3 16 1.5 6.31 17.51 3.6 6.11 17.12 3.16 7.43 16.95
3 16 7.99 7.97 14.94 7.5 8.89 15.48 6.82 8.12 15.66
3 16 7.99 7.97 14.94 8.37 8.98 14.99 7.5 8.89 15.48
3 16 8.53 8.05 14.45 8.37 8.98 14.99 7.99 7.97 14.94
3 16 8.53 8.05 14.45 8.93 8.62 14.17 8.37 8.98 14.99
3 16 8.93 8.62 14.17 8.56 9.58 14.7 8.37 8.98 14.99
3 16 8.93 8.62 14.17 9.16 9.25 13.73 8.56 9.58 14.7
3 16 9.16 9.25 13.73 8.69 10.13 13.65 8.56 9.58 14.7
3 16 8.69 10.13 13.65 8.07 9.9 14.86 8.56 9.58 14.7
4 16 8.56 9.58 14.7 8.07 9.9 14.86 7.5 8.89 15.48 8.37 8.98 14.99
3 16 8.69 10.13 13.65 7.45 10.43 14.16 8.07 9.9 14.86
3 16 6.94 10.17 14.59 7.5 8.89 15.48 8.07 9.9 14.86
3 16 6.94 10.17 14.59 8.07 9.9 14.86 7.45 10.43 14.16
3 16 6.94 10.17 14.59 5.67 9.35 15.51 7.5 8.89 15.48
3 16 6.82 8.12 15.66 7.5 8.89 15.48 5.67 9.35 15.51
3 16 6.82 8.12 15.66 5.67 9.35 15.51 5.26 8.84 15.72
3 16 8.16 11.01 13.51 7.45 10.43 14.16 8.69 10.13 13.65
3 16 8.16 11.01 13.51 7.58 11.07 13.9 7.45 10.43 14.16
3 16 4.26 9.21 15.94 5.26 8.84 15.72 5.67 9.35 15.51
3 16 4.26 9.21 15.94 5.67 9.35 15.51 5.35 10.29 15.25
3 16 6.94 10.17 14.59 5.35 10.29 15.25 5.67 9.35 15.51
3 16 6.94 10.17 14.59 6.32 10.72 14.3 5.35 10.29 15.25
3 16 6.32 10.72 14.3 7.45 10.43 14.16 7.58 11.07 13.9
3 16 6.32 10.72 14.3 6.94 10.17 14.59 7.45 10.43 14.16
3 16 9.86 9.22 13.39 9.16 9.25 13.73 10.68 8.11 13.34
3 16 10.28 9.27 12.9 9.86 9.22 13.39 10.68 8.11 13.34
3 16 10.28 9.27 12.9 10.68 8.11 13.34 10.98 8.24 12.74
3 16 10.68 8.11 13.34 11.02 7.64 12.69 10.98 8.24 12.74
3 16 10.98 8.24 12.74 11.02 7.64 12.69 10.88 7.62 11.97
3 16 10.98 8.24 12.74 10.88 7.62 11.97 11.03 8.5 11.9
3 16 11.03 8.5 11.9 10.66 9.03 12.12 10.98 8.24 12.74
3 16 10.28 9.27 12.9 10.98 8.24 12.74 10.66 9.03 12.12
3 16 10.22 6.77 12.86 10.88 7.62 11.97 11.02 7.64 12.69
3 16 10.22 6.77 12.86 11.02 7.64 12.69 10.68 8.11 13.34
3 16 10.22 6.77 12.86 10.68 8.11 13.34 9.45 6.73 13.99
3 16 9.59 7.47 14.02 9.45 6.73 13.99 10.68 8.11 13.34
3 16 8.93 8.62 14.17 9.59 7.47 14.02 10.68 8.11 13.34
3 16 9.16 9.25 13.73 8.93 8.62 14.17 10.68 8.11 13.34
3 16 8.93 8.62 14.17 8.53 8.05 14.45 9.59 7.47 14.02
3 16 8.69 10.13 13.65 9.83 10.23 13.43 9.56 11.33 13.21
3 16 8.69 10.13 13.65 9.16 9.25 13.73 9.83 10.23 13.43
3 16 9.16 9.25 13.73 9.86 9.22 13.39 9.83 10.23 13.43
3 16 10.28 9.27 12.9 9.83 10.23 13.43 9.86 9.22 13.39
3 16 10.28 9.27 12.9 10.49 10.23 12.94 9.83 10.23 13.43
3 16 8.16 11.01 13.51 8.69 10.13 13.65 9.56 11.33 13.21
3 16 10.71 9.93 11.91 10.49 10.23 12.94 10.28 9.27 12.9
3 16 10.68 10.78 12.49 10.49 10.23 12.94 10.71 9.93 11.91
3 16 10.68 10.78 12.49 10.71 9.93 11.91 11.16 10.48 11.13
3 16 10.71 9.93 11.91 10.28 9.27 12.9 10.66 9.03 12.12
3 16 8.93 12.12 12.69 8.16 11.01 13.51 9.56 11.33 13.21
3 16 9.35 12.28 12.3 8.93 12.12 12.69 9.56 11.33 13.21
3 16 9.35 12.28 12.3 9.56 11.33 13.21 10.12 11.53 12.73
4 16 9.83 10.23 13.43 10.49 10.23 12.94 10.12 11.53 12.73 9.56 11.33 13.21
3 16 10.68 10.78 12.49 10.12 11.53 12.73 10.49 10.23 12.94
3 16 8.93 12.12 12.69 7.89 11.81 13.51 8.16 11.01 13.51
3 16 10.68 10.78 12.49 10.59 11.17 12.08 10.12 11.53 12.73
3 16 11.16 10.48 11.13 10.59 11.17 12.08 10.68 10.78 12.49
3 16 11.16 10.48 11.13 10.64 11.21 11.14 10.59 11.17 12.08
3 16 10.59 11.17 12.08 10.64 11.21 11.14 10.1 11.68 11.15
3 16 10.59 11.17 12.08 10.1 11.68 11.15 9.78 12.11 11.77
3 16 10.12 11.53 12.73 9.78 12.11 11.77 9.35 12.28 12.3
3 16 10.12 11.53 12.73 10.59 11.17 12.08 9.78 12.11 11.77
3 16 11.74 10.57 10.58 11.67 9.79 11.3 12.27 9.53 10.73
3 16 11.74 10.57 10.58 11.16 10.48 11.13 11.67 9.79 11.3
3 16 12.27 9.53 10.73 12.16 10.45 9.95 11.74 10.57 10.58
3 16 12.27 9.53 10.73 12.75 9.39 10.08 12.16 10.45 9.95
3 16 11.16 10.48 11.13 10.71 9.93 11.91 11.67 9.79 11.3
3 16 10.71 9.93 11.91 10.66 9.03 12.12 11.67 9.79 11.3
3 16 10.66 9.03 12.12 11.03 8.5 11.9 11.67 9.79 11.3
3 16 11.86 8.42 10.92 12.27 9.53 10.73 11.67 9.79 11.3
3 16 12.16 10.45 9.95 12.75 9.39 10.08 12.41 10.23 9.21
3 16 12.75 9.39 10.08 12.63 9.33 9.09 12.41 10.23 9.21
3 16 12.75 9.39 10.08 12.59 8.6 9.85 12.63 9.33 9.09
3 16 12.59 8.6 9.85 12.47 9.1 10.57 11.86 8.42 10.92
3 16 12.75 9.39 10.08 12.47 9.1 10.57 12.59 8.6 9.85
3 16 12.27 9.53 10.73 12.47 9.1 10.57 12.75 9.39 10.08
3 16 11.86 8.42 10.92 12.47 9.1 10.57 12.27 9.53 10.73
3 16 11.87 11.58 10.47 12.61 11.39 9.59 12.55 12.19 9.53
3 16 11.87 11.58 10.47 11.74 10.57 10.58 12.61 11.39 9.59
3 16 12.61 11.39 9.59 12.58 12.22 8.67 12.55 12.19 9.53
3 16 12.61 11.39 9.59 12.76 10.93 8.56 12.58 12.22 8.67
3 16 12.58 12.22 8.67 12.31 12.48 9.65 12.55 12.19 9.53
3 16 12.58 12.22 8.67 12.21 12.87 8.63 12.31 12.48 9.65
3 16 12.21 12.87 8.63 11.7 13.18 9.17 12.31 12.48 9.65
3 16 12.31 12.48 9.65 11.7 13.18 9.17 11.39 13 9.67
3 16 12.21 12.87 8.63 11.93 13.18 8.62 11.7 13.18 9.17
3 16 11.39 13 9.67 11.65 12.01 10.44 12.31 12.48 9.65
3 16 12.55 12.19 9.53 11.65 12.01 10.44 11.87 11.58 10.47
3 16 12.55 12.19 9.53 12.31 12.48 9.65 11.65 12.01 10.44
3 16 11.39 13 9.67 10.67 12.15 10.56 11.65 12.01 10.44
3 16 10.64 11.21 11.14 11.65 12.01 10.44 10.67 12.15 10.56
4 16 11.16 10.48 11.13 11.87 11.58 10.47 11.65 12.01 10.44 10.64 11.21 11.14
3 16 10.64 11.21 11.14 10.67 12.15 10.56 10.1 11.68 11.15
3 16 11.74 10.57 10.58 11.87 11.58 10.47 11.16 10.48 11.13
3 16 12.41 10.23 9.21 12.76 10.93 8.56 12.61 11.39 9.59
3 16 12.41 10.23 9.21 12.61 11.39 9.59 12.16 10.45 9.95
3 16 12.16 10.45 9.95 12.61 11.39 9.59 11.74 10.57 10.58
3 16 10.52 15.69 8.67 9.49 16.14 9.21 9.74 15.89 9.51
3 16 10.52 15.69 8.67 10.29 15.9 8.31 9.49 16.14 9.21
3 16 10.29 15.9 8.31 10.52 15.69 8.67 11.36 14.84 7.33
3 16 10.29 15.9 8.31 11.36 14.84 7.33 11.18 15.03 7.12
4 16 9.78 15.38 10.57 10.57 15.23 9.59 10.52 15.69 8.67 9.74 15.89 9.51
3 16 10.52 15.69 8.67 10.57 15.23 9.59 10.9 15.27 9.01
3 16 10.9 15.27 9.01 11.36 14.84 7.33 10.52 15.69 8.67
3 16 10.9 15.27 9.01 11.66 14.38 7.7 11.36 14.84 7.33
3 16 11.66 14.38 7.7 11.7 13.18 9.17 11.93 13.18 8.62
3 16 11.66 14.38 7.7 10.9 15.27 9.01 11.7 13.18 9.17
3 16 11.7 13.18 9.17 10.9 15.27 9.01 10.57 15.23 9.59
4 16 9.78 15.38 10.57 11.39 13 9.67 11.7 13.18 9.17 10.57 15.23 9.59
3 16 11.39 13 9.67 9.78 15.38 10.57 10.67 12.15 10.56
3 16 10.1 11.68 11.15 10.67 12.15 10.56 9.78 15.38 10.57
3 16 9.78 12.11 11.77 10.1 11.68 11.15 9.78 15.38 10.57
3 16 7.42 16.06 11.98 7.76 14.27 12.66 8.7 14.94 12.12
3 16 7.42 16.06 11.98 6.36 15.09 12.85 7.76 14.27 12.66
3 16 8.7 14.94 12.12 9.07 16.02 10.8 7.42 16.06 11.98
3 16 8.7 14.94 12.12 9.3 15.22 11.54 9.07 16.02 10.8
3 16 9.07 16.02 10.8 8.73 16.42 10.49 7.42 16.06 11.98
3 16 9.07 16.02 10.8 9.3 15.22 11.54 9.78 15.38 10.57
3 16 9.78 12.11 11.77 9.78 15.38 10.57 9.3 15.22 11.54
3 16 7.76 14.27 12.66 9.35 12.28 12.3 8.7 14.94 12.12
3 16 9.3 15.22 11.54 9.35 12.28 12.3 9.78 12.11 11.77
3 16 9.3 15.22 11.54 8.7 14.94 12.12 9.35 12.28 12.3
3 16 7.76 14.27 12.66 8.93 12.12 12.69 9.35 12.28 12.3
3 16 9.07 16.02 10.8 9.74 15.89 9.51 8.73 16.42 10.49
3 16 9.07 16.02 10.8 9.78 15.38 10.57 9.74 15.89 9.51
3 16 8.73 16.42 10.49 9.74 15.89 9.51 9.49 16.14 9.21
3 16 8.73 16.42 10.49 9.49 16.14 9.21 8.39 16.69 10.18
3 16 7.76 14.27 12.66 7.89 11.81 13.51 8.93 12.12 12.69
3 16 7.76 14.27 12.66 7.18 14.1 13.23 7.89 11.81 13.51
3 16 6.86 13.51 13.69 7.89 11.81 13.51 7.18 14.1 13.23
3 16 6.86 13.51 13.69 7.36 11.76 13.92 7.89 11.81 13.51
3 16 6.86 13.51 13.69 7.18 14.1 13.23 6.58 14.44 13.09
3 16 6.58 14.44 13.09 7.18 14.1 13.23 7.76 14.27 12.66
3 16 6.86 13.51 13.69 6.58 14.44 13.09 6.03 14.07 13.52
3 16 6.03 14.07 13.52 5.53 13.43 13.85 6.86 13.51 13.69
3 16 7.36 11.76 13.92 6.86 13.51 13.69 5.53 13.43 13.85
3 16 5.22 12.4 14.18 7.36 11.76 13.92 5.53 13.43 13.85
3 16 7.36 11.76 13.92 5.22 12.4 14.18 5.84 11.47 14.31
3 16 7.89 11.81 13.51 7.36 11.76 13.92 7.58 11.07 13.9
3 16 7.89 11.81 13.51 7.58 11.07 13.9 8.16 11.01 13.51
3 16 6.58 14.44 13.09 7.76 14.27 12.66 6.36 15.09 12.85
3 16 6.32 10.72 14.3 7.36 11.76 13.92 5.84 11.47 14.31
3 16 6.32 10.72 14.3 7.58 11.07 13.9 7.36 11.76 13.92
3 16 3.19 11.23 15.46 1.91 10.85 16.16 3.85 10.45 15.8
3 16 2.19 9.48 16.82 3.85 10.45 15.8 1.91 10.85 16.16
3 16 3.85 10.45 15.8 2.19 9.48 16.82 3.3 8.63 16.74
3 16 3.85 10.45 15.8 3.3 8.63 16.74 4.26 9.21 15.94
3 16 2.19 9.48 16.82 1.91 10.85 16.16 0.87 10.1 17.01
3 16 1.01 8.19 17.62 2.19 9.48 16.82 0.87 10.1 17.01
3 16 1.01 8.19 17.62 0.87 10.1 17.01 -0.12 8.82 17.92
3 16 -0.11 7.45 18.48 1.01 8.19 17.62 -0.12 8.82 17.92
3 16 -0.11 7.45 18.48 -0.12 8.82 17.92 -0.98 8.39 18.71
3 16 2.81 8.24 17.01 2.19 9.48 16.82 1.01 8.19 17.62
3 16 2.81 8.24 17.01 3.3 8.63 16.74 2.19 9.48 16.82
3 16 1.25 7.21 17.56 2.81 8.24 17.01 1.01 8.19 17.62
3 16 1.25 7.21 17.56 1.01 8.19 17.62 -0.11 7.45 18.48
3 16 1.25 7.21 17.56 3.16 7.43 16.95 2.81 8.24 17.01
3 16 5.35 10.29 15.25 5.84 11.47 14.31 4.94 11.15 15.1
3 16 5.35 10.29 15.25 6.32 10.72 14.3 5.84 11.47 14.31
3 16 3.85 10.45 15.8 5.35 10.29 15.25 4.94 11.15 15.1
3 16 3.85 10.45 15.8 4.26 9.21 15.94 5.35 10.29 15.25
3 16 5.84 11.47 14.31 4.8 12.01 14.63 4.94 11.15 15.1
3 16 5.84 11.47 14.31 5.22 12.4 14.18 4.8 12.01 14.63
3 16 4.94 11.15 15.1 3.19 11.23 15.46 3.85 10.45 15.8
3 16 4.94 11.15 15.1 4.8 12.01 14.63 3.19 11.23 15.46
3 16 3.19 11.23 15.46 4.09 12.81 14.79 2.33 11.96 15.95
3 16 3.19 11.23 15.46 4.8 12.01 14.63 4.09 12.81 14.79
3 16 2.33 11.96 15.95 1.91 10.85 16.16 3.19 11.23 15.46
3 16 4.09 12.81 14.79 4.8 12.01 14.63 5.22 12.4 14.18
3 16 5.22 12.4 14.18 4.9 14.03 14.24 4.09 12.81 14.79
3 16 4.09 12.81 14.79 4.9 14.03 14.24 3.78 14.44 15.2
3 16 5.22 12.4 14.18 5.53 13.43 13.85 4.9 14.03 14.24
3 16 3.76 15.12 14.74 3.78 14.44 15.2 4.9 14.03 14.24
3 16 2.64 15.18 15.17 3.78 14.44 15.2 3.76 15.12 14.74
3 16 3.76 15.12 14.74 4.9 14.03 14.24 5.21 14.9 13.89
3 16 4.9 14.03 14.24 6.03 14.07 13.52 5.21 14.9 13.89
3 16 4.9 14.03 14.24 5.53 13.43 13.85 6.03 14.07 13.52
3 16 6.03 14.07 13.52 6.36 15.09 12.85 5.21 14.9 13.89
3 16 6.03 14.07 13.52 6.58 14.44 13.09 6.36 15.09 12.85
3 16 0.51 12.15 17.27 1.91 10.85 16.16 2.33 11.96 15.95
3 16 2.33 11.96 15.95 2.22 13.52 16.51 0.51 12.15 17.27
3 16 0.28 13.16 17.54 0.51 12.15 17.27 2.22 13.52 16.51
3 16 0.28 13.16 17.54 -0.28 12.43 17.86 0.51 12.15 17.27
3 16 0.15 11.6 17.64 0.51 12.15 17.27 -0.28 12.43 17.86
3 16 0.15 11.6 17.64 -0.28 12.43 17.86 -0.79 11.69 18.74
3 16 0.51 12.15 17.27 0.15 11.6 17.64 1.91 10.85 16.16
3 16 0.94 15.37 15.99 3.78 14.44 15.2 2.64 15.18 15.17
3 16 4.09 12.81 14.79 2.22 13.52 16.51 2.33 11.96 15.95
3 16 4.09 12.81 14.79 3.78 14.44 15.2 2.22 13.52 16.51
3 16 0.94 15.37 15.99 2.22 13.52 16.51 3.78 14.44 15.2
3 16 0.94 15.37 15.99 0.69 14.5 16.69 2.22 13.52 16.51
3 16 0.69 14.5 16.69 0.28 13.16 17.54 2.22 13.52 16.51
3 16 -1.88 6.96 19.69 -0.98 8.39 18.71 -1.88 8.22 19.51
3 16 -1.88 6.96 19.69 -0.11 7.45 18.48 -0.98 8.39 18.71
3 16 -0.98 8.39 18.71 -1.54 9.23 20.05 -1.88 8.22 19.51
3 16 -0.98 8.39 18.71 -1.14 9.88 19.52 -1.54 9.23 20.05
3 16 -0.88 11.34 18.97 -1.43 11.03 20.2 -1.14 9.88 19.52
3 16 -0.88 11.34 18.97 -0.95 11.88 19.92 -1.43 11.03 20.2
3 16 -1.03 11.99 21.17 -1.43 11.03 20.2 -0.95 11.88 19.92
3 16 -1.03 11.99 21.17 -1.31 10.31 21.39 -1.43 11.03 20.2
3 16 -1.14 9.88 19.52 -1.43 11.03 20.2 -1.31 10.31 21.39
3 16 -0.95 11.88 19.92 -0.88 11.34 18.97 -0.79 11.69 18.74
3 16 -1.54 9.23 20.05 -1.14 9.88 19.52 -1.31 10.31 21.39
3 16 -1.54 9.23 20.05 -1.31 10.31 21.39 -1.68 9.18 21.22
3 16 -0.57 12.67 19.51 -0.79 11.69 18.74 -0.28 12.43 17.86
3 16 -0.57 12.67 19.51 -0.95 11.88 19.92 -0.79 11.69 18.74
3 16 -0.57 12.67 19.51 -0.28 12.43 17.86 0.28 13.16 17.54
3 16 0.28 13.16 17.54 -0.39 13.46 18.92 -0.57 12.67 19.51
3 16 -0.46 12.76 21.16 -0.95 11.88 19.92 -0.57 12.67 19.51
3 16 -0.46 12.76 21.16 -1.03 11.99 21.17 -0.95 11.88 19.92
3 16 -0.23 13.61 20.29 -0.57 12.67 19.51 -0.39 13.46 18.92
3 16 -0.23 13.61 20.29 -0.46 12.76 21.16 -0.57 12.67 19.51
3 16 -0.46 12.76 21.16 -0.23 13.61 20.29 0 13.42 22.23
3 16 -0.39 13.46 18.92 -0.36 14.64 19.67 -0.23 13.61 20.29
3 16 -0.39 13.46 18.92 -0.18 14.92 17.66 -0.36 14.64 19.67
3 16 0.28 13.16 17.54 -0.18 14.92 17.66 -0.39 13.46 18.92
3 16 -0.23 13.61 20.29 -0.06 14.67 21.15 0 13.42 22.23
3 16 -0.23 13.61 20.29 -0.36 14.64 19.67 -0.06 14.67 21.15
3 16 0 13.42 22.23 -0.06 14.67 21.15 0.6 14.63 22.26
3 16 -0.06 14.67 21.15 0.31 15.49 21.76 0.6 14.63 22.26
3 16 -0.06 14.67 21.15 -0.27 15.47 20.91 0.31 15.49 21.76
3 16 -0.36 14.64 19.67 -0.27 15.47 20.91 -0.06 14.67 21.15
3 16 -0.36 14.64 19.67 -0.27 15.52 19.73 -0.27 15.47 20.91
3 16 0.28 13.16 17.54 0.69 14.5 16.69 -0.18 14.92 17.66
3 16 0.15 11.6 17.64 0.15 10.83 18.16 1.91 10.85 16.16
3 16 0.15 10.83 18.16 0.87 10.1 17.01 1.91 10.85 16.16
3 16 0.15 10.83 18.16 -0.12 8.82 17.92 0.87 10.1 17.01
3 16 0.15 10.83 18.16 -0.54 10.32 18.87 -0.12 8.82 17.92
3 16 -0.54 10.32 18.87 -0.98 8.39 18.71 -0.12 8.82 17.92
3 16 -0.54 10.32 18.87 -1.14 9.88 19.52 -0.98 8.39 18.71
3 16 0.15 10.83 18.16 0.15 11.6 17.64 -0.79 11.69 18.74
3 16 0.15 10.83 18.16 -0.79 11.69 18.74 -0.88 11.34 18.97
3 16 -0.54 10.32 18.87 -0.88 11.34 18.97 -1.14 9.88 19.52
3 16 -0.54 10.32 18.87 0.15 10.83 18.16 -0.88 11.34 18.97
3 16 0.69 14.5 16.69 -0.34 15.83 17.18 -0.18 14.92 17.66
3 16 0.69 14.5 16.69 0.94 15.37 15.99 -0.34 15.83 17.18
3 16 -0.34 15.83 17.18 -0.03 15.64 18.53 -0.18 14.92 17.66
3 16 -0.03 15.64 18.53 -0.36 14.64 19.67 -0.18 14.92 17.66
3 16 -0.03 15.64 18.53 -0.27 15.52 19.73 -0.36 14.64 19.67
3 16 6.65 16.83 13.21 7.42 16.06 11.98 6.95 16.85 12.73
3 16 6.65 16.83 13.21 6.36 15.09 12.85 7.42 16.06 11.98
3 16 7.6 17.1 11.07 6.95 16.85 12.73 7.42 16.06 11.98
3 16 6.27 17.75 11.88 6.95 16.85 12.73 7.6 17.1 11.07
3 16 6.27 17.75 11.88 6.6 17.26 13.04 6.95 16.85 12.73
3 16 6.95 16.85 12.73 6.6 17.26 13.04 6.65 16.83 13.21
3 16 4.58 18.33 12.66 6.6 17.26 13.04 6.27 17.75 11.88
3 16 4.58 18.33 12.66 3.84 17.95 14.33 6.6 17.26 13.04
3 16 6.36 15.09 12.85 6.65 16.83 13.21 3.84 17.95 14.33
3 16 6.6 17.26 13.04 3.84 17.95 14.33 6.65 16.83 13.21
3 16 2.32 18.62 13.18 3.84 17.95 14.33 4.58 18.33 12.66
3 16 2.32 18.62 13.18 0.55 18.45 14.76 3.84 17.95 14.33
3 16 7.6 17.1 11.07 7.42 16.06 11.98 8.73 16.42 10.49
3 16 5.21 14.9 13.89 6.36 15.09 12.85 3.84 17.95 14.33
3 16 3.76 15.12 14.74 5.21 14.9 13.89 3.84 17.95 14.33
3 16 2.64 15.18 15.17 3.76 15.12 14.74 3.84 17.95 14.33
3 16 2.64 15.18 15.17 3.84 17.95 14.33 0.55 18.45 14.76
3 16 0.55 18.45 14.76 2.32 18.62 13.18 -2.22 18.97 14.08
3 16 -1.06 17.25 16.3 0.55 18.45 14.76 -2.22 18.97 14.08
3 16 -1.06 17.25 16.3 -2.22 18.97 14.08 -2.26 17.38 16.45
3 16 -2.26 17.38 16.45 -1.41 17.15 17.01 -1.06 17.25 16.3
3 16 -2.26 17.38 16.45 -2.44 17.42 17.02 -1.41 17.15 17.01
3 16 -3.13 16.97 16.69 -2.44 17.42 17.02 -2.26 17.38 16.45
3 16 -3.02 17.47 15.8 -3.13 16.97 16.69 -2.26 17.38 16.45
3 16 -2.22 18.97 14.08 -3.02 17.47 15.8 -2.26 17.38 16.45
3 16 -3.02 17.47 15.8 -3.5 16.98 15.86 -3.13 16.97 16.69
3 16 -4.62 16.9 14.98 -3.5 16.98 15.86 -3.02 17.47 15.8
3 16 -4.36 15.69 15.67 -3.5 16.98 15.86 -4.62 16.9 14.98
3 16 -4.36 15.69 15.67 -4.62 16.9 14.98 -5.56 15.32 15.06
3 16 -4.82 14.77 15.82 -4.36 15.69 15.67 -5.56 15.32 15.06
3 16 -6.16 16.55 13.83 -5.56 15.32 15.06 -4.62 16.9 14.98
3 16 -5.56 15.32 15.06 -6.16 16.55 13.83 -6.52 15.6 14.12
3 16 -6.16 16.55 13.83 -4.62 16.9 14.98 -5.25 17.31 14.15
3 16 -5.25 17.31 14.15 -4.62 16.9 14.98 -3.95 18.54 13.31
3 16 -3.95 18.54 13.31 -3.02 17.47 15.8 -2.22 18.97 14.08
3 16 -3.95 18.54 13.31 -4.62 16.9 14.98 -3.02 17.47 15.8
3 16 -5.25 17.31 14.15 -3.95 18.54 13.31 -4.88 18.02 13.14
3 16 -6.3 17.21 13.01 -6.16 16.55 13.83 -5.25 17.31 14.15
3 16 -6.3 17.21 13.01 -5.25 17.31 14.15 -4.88 18.02 13.14
3 16 -6.3 17.21 13.01 -4.88 18.02 13.14 -5.98 17.69 12.48
3 16 -0.7 16.57 17.19 -1.06 17.25 16.3 -1.41 17.15 17.01
3 16 -0.7 16.57 17.19 -0.2 16.74 16.34 -1.06 17.25 16.3
3 16 -0.2 16.74 16.34 -0.7 16.57 17.19 -0.34 15.83 17.18
3 16 -0.2 16.74 16.34 -0.34 15.83 17.18 0.94 15.37 15.99
3 16 -0.2 16.74 16.34 0.55 18.45 14.76 -1.06 17.25 16.3
3 16 -0.2 16.74 16.34 0.94 15.37 15.99 0.55 18.45 14.76
3 16 0.94 15.37 15.99 2.64 15.18 15.17 0.55 18.45 14.76
3 16 4.58 18.33 12.66 2.39 18.55 12.71 2.32 18.62 13.18
3 16 4.58 18.33 12.66 5 18.25 11.99 2.39 18.55 12.71
3 16 5 18.25 11.99 4.58 18.33 12.66 6.27 17.75 11.88
3 16 5 18.25 11.99 6.27 17.75 11.88 6.25 17.77 11.48
3 16 6.25 17.77 11.48 6.27 17.75 11.88 7.6 17.1 11.07
3 16 6.25 17.77 11.48 7.6 17.1 11.07 7.52 17.25 10.72
3 16 7.6 17.1 11.07 8.39 16.69 10.18 7.52 17.25 10.72
3 16 7.6 17.1 11.07 8.73 16.42 10.49 8.39 16.69 10.18
3 16 2.32 18.62 13.18 2.39 18.55 12.71 -1.77 18.85 13.48
3 16 2.32 18.62 13.18 -1.77 18.85 13.48 -2.22 18.97 14.08
3 16 -2.86 18.7 13.12 -2.22 18.97 14.08 -1.77 18.85 13.48
3 16 -2.86 18.7 13.12 -3.95 18.54 13.31 -2.22 18.97 14.08
3 16 -3.76 18.4 12.62 -3.95 18.54 13.31 -2.86 18.7 13.12
3 16 -4.41 18.15 12.33 -3.95 18.54 13.31 -3.76 18.4 12.62
3 16 -4.41 18.15 12.33 -4.88 18.02 13.14 -3.95 18.54 13.31
3 16 -5.31 17.9 11.87 -4.88 18.02 13.14 -4.41 18.15 12.33
3 16 -5.31 17.9 11.87 -5.98 17.69 12.48 -4.88 18.02 13.14
3 16 12.91 10.28 8.27 13.76 11.48 6.61 12.76 10.93 8.56
3 16 12.91 10.28 8.27 13.91 10.7 6.37 13.76 11.48 6.61
3 16 14.01 11.52 5.47 13.76 11.48 6.61 13.91 10.7 6.37
3 16 14.01 11.52 5.47 13.91 10.7 6.37 14.05 10.74 5.23
3 16 14.05 10.74 5.23 13.72 11.53 4.27 14.01 11.52 5.47
3 16 14.05 10.74 5.23 13.54 10.32 3.96 13.72 11.53 4.27
3 16 14.01 11.52 5.47 13.72 11.53 4.27 13.35 12.51 4.95
3 16 13.35 12.51 4.95 13.76 11.48 6.61 14.01 11.52 5.47
3 16 13.35 12.51 4.95 12.44 13.85 6.81 13.76 11.48 6.61
3 16 12.76 10.93 8.56 13.76 11.48 6.61 12.74 12.38 8.07
3 16 12.74 12.38 8.07 13.76 11.48 6.61 12.44 13.85 6.81
3 16 12.76 10.93 8.56 12.74 12.38 8.07 12.58 12.22 8.67
3 16 12.74 12.38 8.07 12.21 12.87 8.63 12.58 12.22 8.67
3 16 12.74 12.38 8.07 12.44 13.85 6.81 12.21 12.87 8.63
3 16 11.66 14.38 7.7 12.21 12.87 8.63 12.44 13.85 6.81
3 16 11.66 14.38 7.7 11.93 13.18 8.62 12.21 12.87 8.63
3 16 12.41 10.23 9.21 12.91 10.28 8.27 12.76 10.93 8.56
3 16 12.02 14.53 5.4 12.44 13.85 6.81 13.35 12.51 4.95
3 16 12.76 12.56 4.32 12.5 12.61 4.02 12.02 14.53 5.4
3 16 12.44 13.85 6.81 12.02 14.53 5.4 11.18 15.03 7.12
3 16 12.44 13.85 6.81 11.18 15.03 7.12 11.36 14.84 7.33
3 16 13.06 11.38 3.58 12.5 12.61 4.02 12.76 12.56 4.32
3 16 13.06 11.38 3.58 12.65 11.25 3.19 12.5 12.61 4.02
3 16 12.65 11.25 3.19 13.06 11.38 3.58 13.08 10.41 3.12
3 16 12.65 11.25 3.19 13.08 10.41 3.12 12.78 10.21 2.66
3 16 11.66 14.38 7.7 12.44 13.85 6.81 11.36 14.84 7.33
3 16 13.35 12.51 4.95 12.76 12.56 4.32 12.02 14.53 5.4
3 16 12.76 12.56 4.32 13.72 11.53 4.27 13.06 11.38 3.58
3 16 12.76 12.56 4.32 13.35 12.51 4.95 13.72 11.53 4.27
3 16 13.06 11.38 3.58 13.54 10.32 3.96 13.08 10.41 3.12
3 16 13.06 11.38 3.58 13.72 11.53 4.27 13.54 10.32 3.96
4 16 11.67 9.79 11.3 11.03 8.5 11.9 10.88 7.62 11.97 11.86 8.42 10.92
3 16 11.59 7.38 10.91 11.86 8.42 10.92 10.88 7.62 11.97
4 16 12.1 6.63 9.76 11.59 7.38 10.91 10.88 7.62 11.97 10.91 6.95 11.47
3 16 10.88 7.62 11.97 10.22 6.77 12.86 10.91 6.95 11.47
3 16 11.86 8.42 10.92 11.59 7.38 10.91 12.42 7.44 9.74
3 16 11.86 8.42 10.92 12.42 7.44 9.74 12.59 8.6 9.85
3 16 12.1 6.63 9.76 12.42 7.44 9.74 11.59 7.38 10.91
3 16 10.82 6.24 11.87 11.36 5.67 11.29 12.1 6.63 9.76
3 16 12.1 6.63 9.76 11.36 5.67 11.29 11.75 4.96 10.27
3 16 12.1 6.63 9.76 11.75 4.96 10.27 12.02 4.98 9.57
3 16 11.36 5.67 11.29 10.48 4.67 11.98 11.75 4.96 10.27
3 16 11.36 5.67 11.29 10.82 6.24 11.87 10.4 6.26 12.59
4 16 9.67 5.89 13.75 9.75 5.44 13.72 11.36 5.67 11.29 10.4 6.26 12.59
3 16 10.48 4.67 11.98 11.36 5.67 11.29 9.75 5.44 13.72
3 16 10.48 4.67 11.98 9.75 5.44 13.72 10.04 4.43 12.45
3 16 10.04 4.43 12.45 9.75 5.44 13.72 8.98 4.61 13.77
3 16 10.04 4.43 12.45 8.98 4.61 13.77 9.35 3.84 13.11
3 16 9.67 5.89 13.75 10.4 6.26 12.59 10.22 6.77 12.86
3 16 9.67 5.89 13.75 10.22 6.77 12.86 9.45 6.73 13.99
3 16 9.67 5.89 13.75 9.31 5.93 14.3 9.75 5.44 13.72
3 16 9.67 5.89 13.75 9.45 6.73 13.99 9.31 5.93 14.3
3 16 12.1 6.63 9.76 10.91 6.95 11.47 10.82 6.24 11.87
3 16 10.82 6.24 11.87 10.91 6.95 11.47 10.22 6.77 12.86
3 16 10.82 6.24 11.87 10.22 6.77 12.86 10.4 6.26 12.59
3 16 14.83 6.51 5.53 13.94 6.54 7.12 14.3 5.46 6.56
3 16 14.83 6.51 5.53 14.47 7.25 6.35 13.94 6.54 7.12
3 16 13.63 5.15 7.7 14.3 5.46 6.56 13.94 6.54 7.12
3 16 13.63 5.15 7.7 13.94 6.54 7.12 13.28 6.2 7.91
3 16 14.81 8.04 5.59 14.47 7.25 6.35 14.83 6.51 5.53
3 16 14.81 8.04 5.59 14.83 6.51 5.53 14.93 7.67 4.23
3 16 12.02 4.98 9.57 13.63 5.15 7.7 13.28 6.2 7.91
3 16 12.02 4.98 9.57 13.28 6.2 7.91 12.1 6.63 9.76
3 16 9.35 3.84 13.11 8.98 4.61 13.77 8.66 3.83 14.09
3 16 9.35 3.84 13.11 8.66 3.83 14.09 9.1 2.73 13.22
3 16 9.1 2.73 13.22 8.66 3.83 14.09 8.41 2.08 13.8
3 16 7.77 3.18 14.93 8.41 2.08 13.8 8.66 3.83 14.09
3 16 7.77 3.18 14.93 6.54 1.53 15.28 8.41 2.08 13.8
3 16 8.66 3.83 14.09 7.66 4.06 15.01 7.77 3.18 14.93
3 16 7.66 4.06 15.01 8.66 3.83 14.09 8.45 4.98 14.3
3 16 8.66 3.83 14.09 8.98 4.61 13.77 8.45 4.98 14.3
3 16 7.66 4.06 15.01 8.45 4.98 14.3 7.98 4.96 14.69
3 16 7.77 3.18 14.93 7.22 3.41 15.42 6.54 1.53 15.28
3 16 6.53 3.07 15.74 6.54 1.53 15.28 7.22 3.41 15.42
4 16 6.54 1.53 15.28 6.53 3.07 15.74 5.62 3.25 16.28 5.85 1.74 15.71
3 16 5.85 1.74 15.71 5.62 3.25 16.28 4.98 1.61 16.22
3 16 7.66 4.06 15.01 7.22 3.41 15.42 7.77 3.18 14.93
3 16 6.54 1.53 15.28 6.5 0.1 15.29 8.41 2.08 13.8
3 16 6.5 0.1 15.29 6.54 1.53 15.28 4.14 -1.62 16.3
3 16 6.5 0.1 15.29 4.14 -1.62 16.3 5.27 -1.34 15.8
3 16 5.85 1.74 15.71 4.14 -1.62 16.3 6.54 1.53 15.28
3 16 4.14 -1.62 16.3 5.85 1.74 15.71 4.98 1.61 16.22
3 16 4.16 1.07 16.87 4.14 -1.62 16.3 4.98 1.61 16.22
3 16 4.14 -1.62 16.3 4.16 1.07 16.87 3.18 0.17 17.21
3 16 4.14 -1.62 16.3 3.18 0.17 17.21 3.09 -1.39 17.02
3 16 3.09 -1.39 17.02 2.23 -2.53 17.45 2.82 -2.92 16.91
3 16 2.67 -3.38 17.59 2.82 -2.92 16.91 2.23 -2.53 17.45
3 16 2.67 -3.38 17.59 2.23 -2.53 17.45 2.14 -3.01 18
3 16 14.82 8.93 6.13 14.7 9.42 5.94 14.5 9.45 6.73
3 16 14.7 9.42 5.94 14.09 10.17 6.12 14.5 9.45 6.73
3 16 14.7 9.42 5.94 14.15 10.2 5.05 14.09 10.17 6.12
3 16 14.09 10.17 6.12 14.15 10.2 5.05 14.05 10.74 5.23
3 16 14.09 10.17 6.12 14.05 10.74 5.23 13.91 10.7 6.37
3 16 13.91 10.7 6.37 13.18 9.67 8.11 14.09 10.17 6.12
3 16 14.5 9.45 6.73 14.09 10.17 6.12 13.18 9.67 8.11
3 16 13.91 10.7 6.37 12.91 10.28 8.27 13.18 9.67 8.11
3 16 14.5 9.45 6.73 13.18 9.67 8.11 13.36 9.04 8.2
3 16 14.09 8.79 7.31 14.5 9.45 6.73 13.36 9.04 8.2
3 16 14.5 9.45 6.73 14.54 8.41 6.56 14.82 8.93 6.13
3 16 14.5 9.45 6.73 14.09 8.79 7.31 14.54 8.41 6.56
3 16 14.54 8.41 6.56 14.81 8.04 5.59 14.82 8.93 6.13
3 16 14.98 8.65 3.99 14.82 8.93 6.13 14.81 8.04 5.59
3 16 14.7 9.42 5.94 14.82 8.93 6.13 14.98 8.65 3.99
3 16 14.98 8.65 3.99 14.81 8.04 5.59 14.93 7.67 4.23
3 16 14.73 8.61 2.82 14.98 8.65 3.99 14.93 7.67 4.23
3 16 14.98 8.65 3.99 14.73 8.61 2.82 14.15 10.2 5.05
3 16 14.15 10.2 5.05 14.7 9.42 5.94 14.98 8.65 3.99
3 16 13.36 9.04 8.2 13.18 9.67 8.11 12.63 9.33 9.09
3 16 12.63 9.33 9.09 13.18 9.67 8.11 12.91 10.28 8.27
3 16 12.63 9.33 9.09 12.91 10.28 8.27 12.41 10.23 9.21
3 16 14.05 10.74 5.23 14.15 10.2 5.05 13.54 10.32 3.96
3 16 13.54 10.32 3.96 14.15 10.2 5.05 14.73 8.61 2.82
3 16 13.54 10.32 3.96 14.73 8.61 2.82 13.52 9.41 2.14
3 16 13.54 10.32 3.96 13.52 9.41 2.14 13.08 10.41 3.12
3 16 12.78 10.21 2.66 13.08 10.41 3.12 13.52 9.41 2.14
3 16 12.78 10.21 2.66 13.52 9.41 2.14 12.86 9.65 2.07
4 16 12.86 9.65 2.07 13.52 9.41 2.14 13.69 8.37 0.74 13.17 8.49 0.57
3 16 14.69 7.73 1.5 13.69 8.37 0.74 13.52 9.41 2.14
3 16 14.69 7.73 1.5 13.52 9.41 2.14 14.73 8.61 2.82
3 16 14.73 8.61 2.82 15.45 6.41 2.24 14.69 7.73 1.5
3 16 14.73 8.61 2.82 15.49 6.59 3.47 15.45 6.41 2.24
3 16 15.49 6.59 3.47 15.98 4.86 2.75 15.45 6.41 2.24
3 16 15.49 6.59 3.47 16.23 4.96 3.76 15.98 4.86 2.75
3 16 16.25 3.22 3.19 15.98 4.86 2.75 16.23 4.96 3.76
3 16 16.25 3.22 3.19 16.23 4.96 3.76 16.38 3.3 4.15
3 16 16.23 4.96 3.76 15.58 3.63 5.6 16.38 3.3 4.15
3 16 16.23 4.96 3.76 15.64 5.41 5.12 15.58 3.63 5.6
3 16 16.23 4.96 3.76 15.49 6.59 3.47 15.64 5.41 5.12
3 16 14.83 6.51 5.53 15.64 5.41 5.12 15.49 6.59 3.47
3 16 14.83 6.51 5.53 15.49 6.59 3.47 14.93 7.67 4.23
3 16 14.73 8.61 2.82 14.93 7.67 4.23 15.49 6.59 3.47
3 16 15.64 5.41 5.12 14.83 6.51 5.53 14.3 5.46 6.56
3 16 15.64 5.41 5.12 14.3 5.46 6.56 14.29 3.72 6.9
3 16 15.58 3.63 5.6 15.64 5.41 5.12 14.29 3.72 6.9
3 16 15.31 1.93 5.86 15.58 3.63 5.6 14.29 3.72 6.9
3 16 16.38 3.3 4.15 15.58 3.63 5.6 15.31 1.93 5.86
3 16 15.31 1.93 5.86 14.29 3.72 6.9 14.31 2.14 7.15
3 16 14.52 -1.03 6.23 15.31 1.93 5.86 14.31 2.14 7.15
3 16 16.09 1.48 4.48 15.31 1.93 5.86 14.52 -1.03 6.23
3 16 16.38 3.3 4.15 15.31 1.93 5.86 16.09 1.48 4.48
3 16 16.09 1.48 4.48 14.52 -1.03 6.23 14.83 -2.58 4.9
3 16 14.52 -1.03 6.23 14.31 2.14 7.15 13.88 -0.67 7.35
3 16 15 -2.34 4.22 16.09 1.48 4.48 14.83 -2.58 4.9
3 16 15 -2.34 4.22 16.19 1.52 3.57 16.09 1.48 4.48
3 16 16.19 1.52 3.57 16.38 3.3 4.15 16.09 1.48 4.48
3 16 16.19 1.52 3.57 16.25 3.22 3.19 16.38 3.3 4.15
3 16 14.47 7.25 6.35 14.54 8.41 6.56 14.04 7.49 7.91
3 16 14.47 7.25 6.35 14.81 8.04 5.59 14.54 8.41 6.56
3 16 13.94 6.54 7.12 14.47 7.25 6.35 14.04 7.49 7.91
3 16 13.94 6.54 7.12 14.04 7.49 7.91 13.91 7.21 8.25
3 16 14.04 7.49 7.91 14.54 8.41 6.56 14.09 8.79 7.31
3 16 14.04 7.49 7.91 14.09 8.79 7.31 13.64 7.71 8.46
3 16 14.04 7.49 7.91 13.64 7.71 8.46 13.91 7.21 8.25
3 16 13.91 7.21 8.25 13.28 6.2 7.91 13.94 6.54 7.12
3 16 12.42 7.44 9.74 13.91 7.21 8.25 13.64 7.71 8.46
3 16 13.91 7.21 8.25 12.42 7.44 9.74 12.1 6.63 9.76
3 16 12.42 7.44 9.74 13.64 7.71 8.46 12.59 8.6 9.85
3 16 13.36 9.04 8.2 12.59 8.6 9.85 13.64 7.71 8.46
3 16 13.36 9.04 8.2 13.64 7.71 8.46 14.09 8.79 7.31
3 16 13.36 9.04 8.2 12.63 9.33 9.09 12.59 8.6 9.85
3 16 12.1 6.63 9.76 13.28 6.2 7.91 13.91 7.21 8.25
3 16 -2.68 -10.46 13.32 -4.16 -9.96 12.44 -2.39 -10.18 12.8
3 16 -2.68 -10.46 13.32 -4.27 -10.31 13.05 -4.16 -9.96 12.44
3 16 -5.14 -9.67 12.52 -4.16 -9.96 12.44 -4.27 -10.31 13.05
3 16 -5.14 -9.67 12.52 -4.27 -10.31 13.05 -5.09 -10.06 13.24
3 16 -5.14 -9.67 12.52 -5.09 -10.06 13.24 -5.73 -9.65 13.49
3 16 -5.14 -9.67 12.52 -5.73 -9.65 13.49 -5.78 -9.19 12.88
3 16 -4.09 -10.29 13.81 -4.27 -10.31 13.05 -2.68 -10.46 13.32
3 16 -4.09 -10.29 13.81 -5.09 -10.06 13.24 -4.27 -10.31 13.05
3 16 -4.09 -10.29 13.81 -2.68 -10.46 13.32 -2.85 -10.49 13.87
3 16 -4.09 -10.29 13.81 -2.85 -10.49 13.87 -3.86 -10.66 14.23
3 16 -3.86 -10.66 14.23 -2.85 -10.49 13.87 -2.59 -10.68 14.31
3 16 -2.85 -10.49 13.87 -1.63 -10.16 14.58 -2.59 -10.68 14.31
3 16 -1.79 -9.93 13.21 -1.63 -10.16 14.58 -2.85 -10.49 13.87
3 16 -1.79 -9.93 13.21 -2.68 -10.46 13.32 -2.39 -10.18 12.8
3 16 -1.79 -9.93 13.21 -2.85 -10.49 13.87 -2.68 -10.46 13.32
3 16 -1.79 -9.93 13.21 -1.11 -9.72 13.73 -1.63 -10.16 14.58
3 16 -5.09 -10.06 13.24 -5.44 -10.3 14.36 -5.73 -9.65 13.49
3 16 -4.09 -10.29 13.81 -3.86 -10.66 14.23 -5.44 -10.3 14.36
3 16 -4.09 -10.29 13.81 -5.44 -10.3 14.36 -5.09 -10.06 13.24
3 16 -6.2 -10.95 17.1 -5.82 -11.18 16.55 -5.47 -11.46 17.16
3 16 -5.47 -11.46 17.16 -5.82 -11.18 16.55 -4.04 -11.27 16.61
3 16 -5.47 -11.46 17.16 -4.04 -11.27 16.61 -4.17 -11.55 17.11
3 16 -3.12 -11.06 16.44 -4.17 -11.55 17.11 -4.04 -11.27 16.61
3 16 -3.12 -11.06 16.44 -2.74 -11.12 17.47 -4.17 -11.55 17.11
3 16 -5.82 -11.18 16.55 -6.2 -10.95 17.1 -6.49 -10.79 16.21
3 16 -5.82 -11.18 16.55 -6.49 -10.79 16.21 -5.54 -11.32 15.78
3 16 -5.54 -11.32 15.78 -4.04 -11.27 16.61 -5.82 -11.18 16.55
3 16 -5.54 -11.32 15.78 -3.12 -11.06 16.44 -4.04 -11.27 16.61
4 16 -5.68 -11.01 15.22 -5.54 -11.32 15.78 -6.49 -10.79 16.21 -6.21 -10.65 15.29
3 16 -3.12 -11.06 16.44 -5.54 -11.32 15.78 -5.68 -11.01 15.22
3 16 -5.44 -10.3 14.36 -5.68 -11.01 15.22 -6.21 -10.65 15.29
3 16 -5.44 -10.3 14.36 -3.59 -11.07 14.7 -5.68 -11.01 15.22
3 16 -5.44 -10.3 14.36 -3.86 -10.66 14.23 -3.59 -11.07 14.7
3 16 -2.59 -10.68 14.31 -3.59 -11.07 14.7 -3.86 -10.66 14.23
3 16 -2.59 -10.68 14.31 -2.35 -11 15.11 -3.59 -11.07 14.7
3 16 -5.68 -11.01 15.22 -3.59 -11.07 14.7 -2.35 -11 15.11
3 16 -3.12 -11.06 16.44 -5.68 -11.01 15.22 -2.35 -11 15.11
3 16 -2.35 -11 15.11 -2 -11.19 16.4 -3.12 -11.06 16.44
3 16 -2 -11.19 16.4 -2.74 -11.12 17.47 -3.12 -11.06 16.44
3 16 -2.35 -11 15.11 -1.19 -10.87 15.62 -2 -11.19 16.4
3 16 -1.63 -10.16 14.58 -2.35 -11 15.11 -2.59 -10.68 14.31
3 16 -1.63 -10.16 14.58 -1.19 -10.87 15.62 -2.35 -11 15.11
3 16 -6.76 -11.63 18.44 -4.94 -12.09 19.12 -6.29 -11.53 19.54
3 16 -6.76 -11.63 18.44 -5.42 -12 17.61 -4.94 -12.09 19.12
3 16 -4.34 -12.13 18.81 -4.94 -12.09 19.12 -5.42 -12 17.61
3 16 -4.34 -12.13 18.81 -5.42 -12 17.61 -4.15 -12.05 17.87
3 16 -4.17 -11.55 17.11 -4.15 -12.05 17.87 -5.42 -12 17.61
3 16 -4.17 -11.55 17.11 -5.42 -12 17.61 -5.47 -11.46 17.16
3 16 -5.42 -12 17.61 -6.76 -11.63 18.44 -5.47 -11.46 17.16
3 16 -4.17 -11.55 17.11 -2.74 -11.12 17.47 -4.15 -12.05 17.87
3 16 -3.07 -11.54 18.97 -4.15 -12.05 17.87 -2.74 -11.12 17.47
3 16 -3.07 -11.54 18.97 -4.34 -12.13 18.81 -4.15 -12.05 17.87
3 16 -3.51 -11.51 19.57 -4.34 -12.13 18.81 -3.07 -11.54 18.97
3 16 -4.34 -12.13 18.81 -4.14 -11.28 20.09 -4.94 -12.09 19.12
3 16 -4.34 -12.13 18.81 -3.51 -11.51 19.57 -4.14 -11.28 20.09
3 16 -4.14 -11.28 20.09 -5.32 -11.22 20.08 -4.94 -12.09 19.12
3 16 -5.32 -11.22 20.08 -6.29 -11.53 19.54 -4.94 -12.09 19.12
3 16 -5.32 -11.22 20.08 -6.57 -11.16 19.94 -6.29 -11.53 19.54
3 16 -6.29 -11.53 19.54 -7.29 -10.9 18.82 -6.76 -11.63 18.44
3 16 -6.29 -11.53 19.54 -6.57 -11.16 19.94 -7.29 -10.9 18.82
3 16 -7.29 -10.9 18.82 -6.57 -11.16 19.94 -7.54 -10.53 20.26
3 16 -7.29 -10.9 18.82 -7.54 -10.53 20.26 -7.69 -10.06 19.21
3 16 -6.76 -11.63 18.44 -6.2 -10.95 17.1 -5.47 -11.46 17.16
3 16 -6.2 -10.95 17.1 -6.76 -11.63 18.44 -7.04 -10.62 17.4
3 16 -7.29 -10.9 18.82 -7.04 -10.62 17.4 -6.76 -11.63 18.44
3 16 -7.29 -10.9 18.82 -7.65 -10.29 17.79 -7.04 -10.62 17.4
3 16 -7.69 -10.06 19.21 -7.65 -10.29 17.79 -7.29 -10.9 18.82
3 16 -7.69 -10.06 19.21 -8.31 -9.51 18.09 -7.65 -10.29 17.79
3 16 -5.78 -9.19 12.88 -6.59 -9.45 13.61 -6.64 -8.93 13.04
3 16 -5.78 -9.19 12.88 -5.73 -9.65 13.49 -6.59 -9.45 13.61
3 16 -6.59 -9.45 13.61 -7.66 -8.56 13.45 -6.64 -8.93 13.04
3 16 -6.59 -9.45 13.61 -7.51 -9.09 14.23 -7.66 -8.56 13.45
3 16 -7.51 -9.09 14.23 -6.59 -9.45 13.61 -7.09 -9.82 14.67
3 16 -5.44 -10.3 14.36 -6.59 -9.45 13.61 -5.73 -9.65 13.49
3 16 -5.44 -10.3 14.36 -7.09 -9.82 14.67 -6.59 -9.45 13.61
3 16 -7.7 -9.8 15.54 -7.51 -9.09 14.23 -7.09 -9.82 14.67
3 16 -7.7 -9.8 15.54 -8.17 -8.48 14.82 -7.51 -9.09 14.23
3 16 -8.17 -8.48 14.82 -7.7 -9.8 15.54 -8.39 -9.33 16.03
3 16 -8.17 -8.48 14.82 -8.39 -9.33 16.03 -8.58 -8.48 15.79
3 16 -8.39 -9.33 16.03 -8.74 -8.44 16.74 -8.58 -8.48 15.79
3 16 -8.39 -9.33 16.03 -8.48 -9.45 16.9 -8.74 -8.44 16.74
3 16 -9.02 -8.37 17.79 -8.74 -8.44 16.74 -8.48 -9.45 16.9
3 16 -9.02 -8.37 17.79 -8.48 -9.45 16.9 -8.31 -9.51 18.09
3 16 -8.48 -9.45 16.9 -7.65 -10.29 17.79 -8.31 -9.51 18.09
3 16 -8.48 -9.45 16.9 -7.82 -10.19 16.65 -7.65 -10.29 17.79
3 16 -8.39 -9.33 16.03 -7.82 -10.19 16.65 -8.48 -9.45 16.9
3 16 -8.39 -9.33 16.03 -7.7 -9.8 15.54 -7.82 -10.19 16.65
3 16 -7.04 -10.62 17.4 -7.65 -10.29 17.79 -7.82 -10.19 16.65
3 16 -7.04 -10.62 17.4 -7.82 -10.19 16.65 -7.01 -10.46 16.45
3 16 -7.7 -9.8 15.54 -7.01 -10.46 16.45 -7.82 -10.19 16.65
3 16 -7.7 -9.8 15.54 -7.09 -9.82 14.67 -7.01 -10.46 16.45
3 16 -6.2 -10.95 17.1 -7.04 -10.62 17.4 -7.01 -10.46 16.45
3 16 -6.2 -10.95 17.1 -7.01 -10.46 16.45 -6.49 -10.79 16.21
3 16 -8.71 -8.11 15.1 -8.17 -8.48 14.82 -8.58 -8.48 15.79
3 16 -7.01 -10.46 16.45 -6.21 -10.65 15.29 -6.49 -10.79 16.21
3 16 -7.01 -10.46 16.45 -7.09 -9.82 14.67 -6.21 -10.65 15.29
3 16 -7.09 -9.82 14.67 -5.44 -10.3 14.36 -6.21 -10.65 15.29
3 16 -7.59 -10.97 23.37 -6.93 -11.56 21.38 -6.38 -11.24 23.15
3 16 -5.42 -11.54 21.69 -6.38 -11.24 23.15 -6.93 -11.56 21.38
3 16 -5.42 -11.54 21.69 -5.72 -11.19 23.3 -6.38 -11.24 23.15
3 16 -6.38 -11.24 23.15 -5.4 -10.97 24.13 -7.59 -10.97 23.37
3 16 -6.38 -11.24 23.15 -5.72 -11.19 23.3 -5.4 -10.97 24.13
3 16 -5.32 -11.22 20.08 -5.42 -11.54 21.69 -6.93 -11.56 21.38
3 16 -5.32 -11.22 20.08 -6.93 -11.56 21.38 -6.57 -11.16 19.94
3 16 -6.93 -11.56 21.38 -7.54 -10.53 20.26 -6.57 -11.16 19.94
3 16 -7.54 -10.53 20.26 -6.93 -11.56 21.38 -8.58 -10.74 21.81
3 16 -8.58 -10.74 21.81 -6.93 -11.56 21.38 -7.59 -10.97 23.37
3 16 -7.59 -10.97 23.37 -8.39 -10.16 23.34 -8.58 -10.74 21.81
3 16 -7.92 -9.82 24.24 -8.39 -10.16 23.34 -7.59 -10.97 23.37
3 16 -7.92 -9.82 24.24 -8.67 -9.13 23.42 -8.39 -10.16 23.34
3 16 -8.58 -10.74 21.81 -8.39 -10.16 23.34 -8.67 -9.13 23.42
3 16 -8.58 -10.74 21.81 -8.67 -9.13 23.42 -8.83 -9.62 21.17
3 16 -8.58 -10.74 21.81 -8.83 -9.62 21.17 -8.41 -9.92 20.62
3 16 -8.41 -9.92 20.62 -7.54 -10.53 20.26 -8.58 -10.74 21.81
3 16 -6.43 -10.16 24.49 -7.92 -9.82 24.24 -7.59 -10.97 23.37
3 16 -5.4 -10.97 24.13 -6.43 -10.16 24.49 -7.59 -10.97 23.37
3 16 -5.4 -10.97 24.13 -5.56 -10.61 24.76 -6.43 -10.16 24.49
3 16 -3.06 -11.65 20.74 -3.51 -11.51 19.57 -2.82 -11.9 20.02
3 16 -3.06 -11.65 20.74 -4.14 -11.28 20.09 -3.51 -11.51 19.57
3 16 -2.82 -11.9 20.02 -3.51 -11.51 19.57 -3.07 -11.54 18.97
3 16 -2.82 -11.9 20.02 -3.07 -11.54 18.97 -2.18 -11.88 19.42
3 16 -2.18 -11.88 19.42 -1.37 -11.53 21.83 -2.82 -11.9 20.02
3 16 -1.37 -11.53 21.83 -3.06 -11.65 20.74 -2.82 -11.9 20.02
3 16 -2.18 -11.88 19.42 -0.31 -11.29 20.56 -1.37 -11.53 21.83
3 16 -0.81 -11.18 22.26 -1.37 -11.53 21.83 -0.31 -11.29 20.56
3 16 -1.37 -11.53 21.83 -1.7 -11.29 22.19 -3.06 -11.65 20.74
3 16 -1.7 -11.29 22.19 -1.37 -11.53 21.83 -0.81 -11.18 22.26
3 16 -1.7 -11.29 22.19 -0.81 -11.18 22.26 -0.89 -10.68 22.7
3 16 -1.7 -11.29 22.19 -0.89 -10.68 22.7 -1.48 -10.67 23.08
3 16 -1.7 -11.29 22.19 -1.48 -10.67 23.08 -2.1 -11.19 22.56
3 16 -0.09 -10.39 22.27 -0.89 -10.68 22.7 -0.81 -11.18 22.26
3 16 -0.09 -10.39 22.27 -0.65 -9.82 23.07 -0.89 -10.68 22.7
3 16 -0.09 -10.39 22.27 0.1 -9.36 22.44 -0.65 -9.82 23.07
3 16 -0.09 -10.39 22.27 0.32 -9.54 21.81 0.1 -9.36 22.44
3 16 -0.09 -10.39 22.27 0.2 -10.57 21.37 0.32 -9.54 21.81
3 16 -0.09 -10.39 22.27 -0.81 -11.18 22.26 0.2 -10.57 21.37
3 16 0.2 -10.57 21.37 -0.81 -11.18 22.26 -0.31 -11.29 20.56
3 16 -1.16 -10.21 23.38 -0.89 -10.68 22.7 -0.65 -9.82 23.07
3 16 -1.16 -10.21 23.38 -1.48 -10.67 23.08 -0.89 -10.68 22.7
3 16 -0.25 -10.92 19.68 -0.31 -11.29 20.56 -2.18 -11.88 19.42
3 16 -0.25 -10.92 19.68 -2.18 -11.88 19.42 -1.7 -11.25 18.41
3 16 0.2 -10.57 21.37 0.28 -9.59 21.1 0.32 -9.54 21.81
3 16 0.2 -10.57 21.37 0.15 -10.12 20.54 0.28 -9.59 21.1
3 16 0.15 -10.12 20.54 -0.31 -11.29 20.56 -0.25 -10.92 19.68
3 16 0.15 -10.12 20.54 0.2 -10.57 21.37 -0.31 -11.29 20.56
3 16 0.31 -10.4 19.92 0.15 -10.12 20.54 -0.25 -10.92 19.68
3 16 -3.07 -11.54 18.97 -1.7 -11.25 18.41 -2.18 -11.88 19.42
3 16 -3.07 -11.54 18.97 -2.74 -11.12 17.47 -1.7 -11.25 18.41
3 16 -1.7 -11.29 22.19 -3.48 -12.04 21.8 -3.06 -11.65 20.74
3 16 -1.7 -11.29 22.19 -2.1 -11.19 22.56 -3.48 -12.04 21.8
3 16 -3.06 -11.65 20.74 -3.48 -12.04 21.8 -4.42 -12.1 21.7
3 16 -3.06 -11.65 20.74 -4.42 -12.1 21.7 -4.14 -11.28 20.09
3 16 -5.32 -11.22 20.08 -4.42 -12.1 21.7 -5.42 -11.54 21.69
3 16 -5.32 -11.22 20.08 -4.14 -11.28 20.09 -4.42 -12.1 21.7
3 16 -5.42 -11.54 21.69 -4.42 -12.1 21.7 -4.95 -11.66 23.11
3 16 -4.95 -11.66 23.11 -4.42 -12.1 21.7 -3.48 -12.04 21.8
3 16 -4.95 -11.66 23.11 -3.48 -12.04 21.8 -2.89 -11.94 23.01
3 16 -3.28 -11.27 24.92 -4.95 -11.66 23.11 -2.89 -11.94 23.01
3 16 -3.28 -11.27 24.92 -4.9 -11.39 24.58 -4.95 -11.66 23.11
3 16 -2.89 -11.94 23.01 -2.05 -11.42 24.08 -3.28 -11.27 24.92
3 16 -2.05 -11.42 24.08 -2.89 -11.94 23.01 -2.1 -11.19 22.56
3 16 -2.1 -11.19 22.56 -2.89 -11.94 23.01 -3.48 -12.04 21.8
3 16 -2.05 -11.42 24.08 -2.1 -11.19 22.56 -1.48 -10.67 23.08
3 16 -5.42 -11.54 21.69 -4.95 -11.66 23.11 -5.72 -11.19 23.3
3 16 -2.39 -10.39 25.34 -3.28 -11.27 24.92 -2.05 -11.42 24.08
3 16 -2.39 -10.39 25.34 -2.05 -11.42 24.08 -1.64 -10.43 24.81
3 16 -1.64 -10.43 24.81 -2.19 -9.15 25.67 -2.39 -10.39 25.34
3 16 -2.39 -10.39 25.34 -2.19 -9.15 25.67 -3.23 -9.31 26.22
3 16 -1.19 -10.15 24.01 -1.64 -10.43 24.81 -2.05 -11.42 24.08
3 16 -1.19 -10.15 24.01 -2.05 -11.42 24.08 -1.48 -10.67 23.08
3 16 -1.19 -10.15 24.01 -1.22 -9.54 24.83 -1.64 -10.43 24.81
3 16 -1.22 -9.54 24.83 -2.19 -9.15 25.67 -1.64 -10.43 24.81
3 16 -1.19 -10.15 24.01 -1.48 -10.67 23.08 -1.16 -10.21 23.38
3 16 -1.22 -9.54 24.83 -1.29 -8.7 25.39 -2.19 -9.15 25.67
3 16 -2.19 -9.15 25.67 -2.52 -8.55 25.99 -3.23 -9.31 26.22
3 16 -2.52 -8.55 25.99 -2.19 -9.15 25.67 -1.29 -8.7 25.39
3 16 -2.52 -8.55 25.99 -1.29 -8.7 25.39 -1.39 -7.9 25.95
3 16 -3.23 -9.31 26.22 -4.74 -10.99 25.25 -2.39 -10.39 25.34
3 16 -5.56 -10.61 24.76 -4.9 -11.39 24.58 -4.74 -10.99 25.25
3 16 -4.74 -10.99 25.25 -5.72 -10.51 25.27 -5.56 -10.61 24.76
3 16 -4.74 -10.99 25.25 -4.98 -10.59 25.91 -5.72 -10.51 25.27
3 16 -3.23 -9.31 26.22 -4.98 -10.59 25.91 -4.74 -10.99 25.25
3 16 -3.28 -11.27 24.92 -2.39 -10.39 25.34 -4.74 -10.99 25.25
3 16 -3.28 -11.27 24.92 -4.74 -10.99 25.25 -4.9 -11.39 24.58
3 16 -5.56 -10.61 24.76 -5.4 -10.97 24.13 -4.9 -11.39 24.58
3 16 -4.95 -11.66 23.11 -4.9 -11.39 24.58 -5.4 -10.97 24.13
3 16 -4.95 -11.66 23.11 -5.4 -10.97 24.13 -5.72 -11.19 23.3
3 16 0.55 -8.97 20.62 0.28 -9.59 21.1 0.15 -10.12 20.54
3 16 0.28 -9.59 21.1 0.55 -8.97 20.62 0.59 -8.8 21.32
3 16 0.28 -9.59 21.1 0.59 -8.8 21.32 0.32 -9.54 21.81
3 16 0.55 -8.97 20.62 0.87 -8.28 20.85 0.59 -8.8 21.32
3 16 0.55 -8.97 20.62 0.95 -8.6 19.64 0.87 -8.28 20.85
3 16 0.15 -10.12 20.54 0.85 -9.85 19.55 0.55 -8.97 20.62
3 16 0.85 -9.85 19.55 0.95 -8.6 19.64 0.55 -8.97 20.62
3 16 0.15 -10.12 20.54 0.31 -10.4 19.92 0.85 -9.85 19.55
3 16 0.85 -9.85 19.55 1.16 -9.22 18.79 0.95 -8.6 19.64
3 16 0.95 -8.6 19.64 1.16 -9.22 18.79 1.21 -6.92 18.77
3 16 0.95 -8.6 19.64 1.21 -6.92 18.77 1.13 -6.94 19.46
3 16 1.13 -6.94 19.46 1.06 -7.33 20.37 0.95 -8.6 19.64
4 16 0.91 -7.74 21.2 0.87 -8.28 20.85 0.95 -8.6 19.64 1.06 -7.33 20.37
3 16 1.3 -7.72 17.6 1.21 -6.92 18.77 1.16 -9.22 18.79
3 16 1.16 -9.22 18.79 1.12 -10.35 18.3 1.11 -9.37 17.58
3 16 0.59 -8.8 21.32 0.87 -8.28 20.85 0.91 -7.74 21.2
4 16 0.91 -7.74 21.2 0.63 -8.43 21.98 0.32 -9.54 21.81 0.59 -8.8 21.32
3 16 0.63 -8.43 21.98 0.1 -9.36 22.44 0.32 -9.54 21.81
3 16 1.21 -6.92 18.77 1.3 -6.48 20.03 1.13 -6.94 19.46
3 16 1.3 -6.48 20.03 1.06 -7.33 20.37 1.13 -6.94 19.46
3 16 1.21 -6.92 18.77 1.44 -5.67 19.92 1.3 -6.48 20.03
3 16 -1.15 -11.59 17.56 -0.25 -10.92 19.68 -1.7 -11.25 18.41
3 16 -1.15 -11.59 17.56 0.67 -10.95 18.83 -0.25 -10.92 19.68
3 16 -1.15 -11.59 17.56 0.71 -10.79 17.52 0.67 -10.95 18.83
3 16 -1.15 -11.59 17.56 -0.02 -11.09 16.88 0.71 -10.79 17.52
3 16 -0.02 -11.09 16.88 0.74 -9.93 16.8 0.71 -10.79 17.52
3 16 -0.02 -11.09 16.88 0.18 -10.31 16.1 0.74 -9.93 16.8
3 16 1.12 -10.35 18.3 0.67 -10.95 18.83 0.71 -10.79 17.52
3 16 1.12 -10.35 18.3 0.92 -10.48 19.16 0.67 -10.95 18.83
3 16 0.92 -10.48 19.16 1.12 -10.35 18.3 1.16 -9.22 18.79
3 16 0.92 -10.48 19.16 1.16 -9.22 18.79 0.85 -9.85 19.55
3 16 0.31 -10.4 19.92 0.92 -10.48 19.16 0.85 -9.85 19.55
3 16 0.67 -10.95 18.83 0.31 -10.4 19.92 -0.25 -10.92 19.68
3 16 0.67 -10.95 18.83 0.92 -10.48 19.16 0.31 -10.4 19.92
3 16 -1.15 -11.59 17.56 -1.4 -11.5 16.76 -0.02 -11.09 16.88
3 16 -1.68 -11.45 17.51 -1.4 -11.5 16.76 -1.15 -11.59 17.56
3 16 -0.02 -11.09 16.88 -1.4 -11.5 16.76 -1.19 -10.87 15.62
3 16 0.18 -10.31 16.1 -0.02 -11.09 16.88 -1.19 -10.87 15.62
3 16 -2 -11.19 16.4 -1.19 -10.87 15.62 -1.4 -11.5 16.76
3 16 -1.68 -11.45 17.51 -2 -11.19 16.4 -1.4 -11.5 16.76
3 16 -1.68 -11.45 17.51 -2.74 -11.12 17.47 -2 -11.19 16.4
3 16 0.71 -10.79 17.52 1.11 -9.37 17.58 1.12 -10.35 18.3
3 16 0.71 -10.79 17.52 0.74 -9.93 16.8 1.11 -9.37 17.58
3 16 0.18 -10.31 16.1 -1.19 -10.87 15.62 -0.43 -10.48 15.46
3 16 -1.7 -11.25 18.41 -2.74 -11.12 17.47 -1.68 -11.45 17.51
3 16 -1.7 -11.25 18.41 -1.68 -11.45 17.51 -1.15 -11.59 17.56
3 16 1.11 -9.37 17.58 1.3 -7.72 17.6 1.16 -9.22 18.79
3 16 1.11 -9.37 17.58 1.38 -8.42 16.68 1.3 -7.72 17.6
3 16 0.74 -9.93 16.8 1.38 -8.42 16.68 1.11 -9.37 17.58
3 16 0.74 -9.93 16.8 1.24 -9.06 15.86 1.38 -8.42 16.68
3 16 0.83 -9.56 15.12 1.24 -9.06 15.86 0.74 -9.93 16.8
3 16 0.18 -10.31 16.1 0.83 -9.56 15.12 0.74 -9.93 16.8
3 16 0.18 -10.31 16.1 0.19 -10.2 14.96 0.83 -9.56 15.12
3 16 0.83 -9.56 15.12 0.19 -10.2 14.96 0.29 -9.86 14.54
3 16 0.19 -10.2 14.96 0.18 -10.31 16.1 -0.43 -10.48 15.46
3 16 0.19 -10.2 14.96 -0.43 -10.48 15.46 -0.62 -10.29 14.7
3 16 0.29 -9.86 14.54 0.19 -10.2 14.96 -0.62 -10.29 14.7
3 16 0.29 -9.86 14.54 -0.62 -10.29 14.7 -0.44 -9.92 14.09
3 16 -1.19 -10.87 15.62 -0.62 -10.29 14.7 -0.43 -10.48 15.46
3 16 -1.19 -10.87 15.62 -1.63 -10.16 14.58 -0.62 -10.29 14.7
3 16 -0.62 -10.29 14.7 -1.11 -9.72 13.73 -0.44 -9.92 14.09
3 16 -0.62 -10.29 14.7 -1.63 -10.16 14.58 -1.11 -9.72 13.73
3 16 -9.05 -7.53 13.94 -9.35 -7.57 15.12 -9.44 -7.03 14.37
3 16 -8.44 -8.38 14.25 -9.35 -7.57 15.12 -9.05 -7.53 13.94
3 16 -8.44 -8.38 14.25 -9.05 -7.53 13.94 -8.48 -8.08 13.59
3 16 -8.44 -8.38 14.25 -8.71 -8.11 15.1 -9.35 -7.57 15.12
3 16 -8.44 -8.38 14.25 -8.17 -8.48 14.82 -8.71 -8.11 15.1
3 16 -8.44 -8.38 14.25 -7.51 -9.09 14.23 -8.17 -8.48 14.82
3 16 -9.35 -7.57 15.12 -9.74 -6.65 15.02 -9.44 -7.03 14.37
3 16 -8.48 -8.08 13.59 -7.66 -8.56 13.45 -8.44 -8.38 14.25
3 16 -8.44 -8.38 14.25 -7.66 -8.56 13.45 -7.51 -9.09 14.23
3 16 -8.71 -8.11 15.1 -9.56 -7.96 15.71 -9.35 -7.57 15.12
3 16 -8.71 -8.11 15.1 -8.58 -8.48 15.79 -9.56 -7.96 15.71
3 16 -10.13 -7.02 15.67 -9.35 -7.57 15.12 -9.56 -7.96 15.71
3 16 -10.13 -7.02 15.67 -9.74 -6.65 15.02 -9.35 -7.57 15.12
3 16 -9.99 -5.83 15.47 -9.74 -6.65 15.02 -10.13 -7.02 15.67
3 16 -9.56 -7.96 15.71 -10.07 -6.99 16.45 -10.13 -7.02 15.67
3 16 -9.56 -7.96 15.71 -9.51 -7.76 16.6 -10.07 -6.99 16.45
3 16 -10.23 -6.21 16.34 -10.13 -7.02 15.67 -10.07 -6.99 16.45
3 16 -10.23 -6.21 16.34 -9.99 -5.83 15.47 -10.13 -7.02 15.67
3 16 -10.23 -6.21 16.34 -10.07 -6.99 16.45 -10.01 -6.67 17.52
3 16 -9.51 -7.76 16.6 -10.01 -6.67 17.52 -10.07 -6.99 16.45
3 16 -10.23 -6.21 16.34 -10.01 -6.67 17.52 -10.1 -6.03 17.36
3 16 -8.74 -8.44 16.74 -9.56 -7.96 15.71 -8.58 -8.48 15.79
3 16 -8.74 -8.44 16.74 -9.51 -7.76 16.6 -9.56 -7.96 15.71
3 16 -9.51 -7.76 16.6 -8.74 -8.44 16.74 -9.02 -8.37 17.79
3 16 -9.51 -7.76 16.6 -9.02 -8.37 17.79 -9.29 -7.8 18.07
3 16 -9.51 -7.76 16.6 -9.29 -7.8 18.07 -10.01 -6.67 17.52
3 16 -10.23 -6.21 16.34 -9.75 -5.33 16.24 -9.99 -5.83 15.47
3 16 -10.23 -6.21 16.34 -9.64 -5.29 17.16 -9.75 -5.33 16.24
3 16 -10.23 -6.21 16.34 -10.1 -6.03 17.36 -9.64 -5.29 17.16
3 16 -9.64 -5.29 17.16 -9.4 -4.79 16.9 -9.75 -5.33 16.24
3 16 0.11 -8.99 23.19 0.8 -8.28 23.08 0.53 -7.94 24.4
3 16 0.53 -7.94 24.4 -0.42 -9.05 24.38 0.11 -8.99 23.19
3 16 0.53 -7.94 24.4 -0.19 -8.34 25.14 -0.42 -9.05 24.38
3 16 0.63 -8.43 21.98 0.8 -8.28 23.08 0.11 -8.99 23.19
3 16 0.63 -8.43 21.98 0.11 -8.99 23.19 0.1 -9.36 22.44
3 16 -0.65 -9.82 23.07 0.1 -9.36 22.44 0.11 -8.99 23.19
3 16 -0.65 -9.82 23.07 0.11 -8.99 23.19 -0.62 -9.34 23.59
3 16 -0.42 -9.05 24.38 -0.62 -9.34 23.59 0.11 -8.99 23.19
3 16 -0.62 -9.34 23.59 -1.16 -10.21 23.38 -0.65 -9.82 23.07
3 16 -0.62 -9.34 23.59 -1.19 -10.15 24.01 -1.16 -10.21 23.38
3 16 -1.22 -9.54 24.83 -0.62 -9.34 23.59 -0.42 -9.05 24.38
3 16 -1.22 -9.54 24.83 -1.19 -10.15 24.01 -0.62 -9.34 23.59
3 16 -1.29 -8.7 25.39 -0.42 -9.05 24.38 -0.19 -8.34 25.14
3 16 -1.29 -8.7 25.39 -1.22 -9.54 24.83 -0.42 -9.05 24.38
3 16 1.21 -7 21.76 0.8 -8.28 23.08 0.63 -8.43 21.98
4 16 0.53 -7.94 24.4 0.8 -8.28 23.08 1.21 -7 21.76 1.125 -6.345 22.325
3 16 1.21 -7 21.76 0.63 -8.43 21.98 0.91 -7.74 21.2
3 16 -1.39 -7.9 25.95 -1.29 -8.7 25.39 -0.19 -8.34 25.14
3 16 -1.39 -7.9 25.95 -0.19 -8.34 25.14 -0.21 -7.27 25.73
3 16 -0.21 -7.27 25.73 -0.19 -8.34 25.14 0.53 -7.94 24.4
3 16 1.125 -6.345 22.325 0.8 -6.89 23.84 0.53 -7.94 24.4
3 16 1.125 -6.345 22.325 0.92 -6.63 23.28 0.8 -6.89 23.84
3 16 1.125 -6.345 22.325 1.14 -5.5 22.69 0.92 -6.63 23.28
3 16 0.53 -7.94 24.4 0.8 -6.89 23.84 0.4 -6.6 24.61
3 16 -0.21 -7.27 25.73 0.53 -7.94 24.4 0.4 -6.6 24.61
3 16 1.42 -6.17 21.8 1.21 -7 21.76 1.55 -6.69 20.93
3 16 1.125 -6.345 22.325 1.21 -7 21.76 1.42 -6.17 21.8
3 16 0.91 -7.74 21.2 1.55 -6.69 20.93 1.21 -7 21.76
3 16 0.91 -7.74 21.2 1.06 -7.33 20.37 1.55 -6.69 20.93
3 16 1.125 -6.345 22.325 1.42 -6.17 21.8 1.56 -5.03 21.32
3 16 1.125 -6.345 22.325 1.56 -5.03 21.32 0.94 -4.65 22.53
3 16 1.125 -6.345 22.325 0.94 -4.65 22.53 1.14 -5.5 22.69
3 16 1.56 -5.03 21.32 0.61 -4.15 22.25 0.94 -4.65 22.53
3 16 1.56 -5.03 21.32 1.15 -4.39 20.82 0.61 -4.15 22.25
3 16 1.15 -4.39 20.82 1.56 -5.03 21.32 1.74 -5.72 20.71
3 16 1.74 -5.72 20.71 1.42 -6.17 21.8 1.55 -6.69 20.93
3 16 1.42 -6.17 21.8 1.74 -5.72 20.71 1.56 -5.03 21.32
3 16 1.15 -4.39 20.82 1.74 -5.72 20.71 1.44 -5.67 19.92
3 16 1.3 -6.48 20.03 1.55 -6.69 20.93 1.06 -7.33 20.37
3 16 1.3 -6.48 20.03 1.74 -5.72 20.71 1.55 -6.69 20.93
3 16 1.3 -6.48 20.03 1.44 -5.67 19.92 1.74 -5.72 20.71
3 16 -3.63 -8.49 27.89 -5.1 -8.62 28.19 -5.38 -9.55 27.47
3 16 -3.63 -8.49 27.89 -4.06 -7.77 28.38 -5.1 -8.62 28.19
3 16 -2.9 -7.62 27.67 -4.06 -7.77 28.38 -3.63 -8.49 27.89
3 16 -2.9 -7.62 27.67 -3.38 -6.93 28.17 -4.06 -7.77 28.38
4 16 -5.41 -10.45 26.45 -3.26 -8.98 27.17 -3.63 -8.49 27.89 -5.38 -9.55 27.47
3 16 -3.63 -8.49 27.89 -2.61 -8.09 26.9 -2.9 -7.62 27.67
3 16 -3.63 -8.49 27.89 -3.26 -8.98 27.17 -2.61 -8.09 26.9
3 16 -5.69 -7.28 28.49 -5.1 -8.62 28.19 -4.06 -7.77 28.38
3 16 -5.69 -7.28 28.49 -4.06 -7.77 28.38 -4.59 -6.78 28.67
3 16 -3.38 -6.93 28.17 -4.59 -6.78 28.67 -4.06 -7.77 28.38
3 16 -3.38 -6.93 28.17 -3.89 -6.15 28.46 -4.59 -6.78 28.67
4 16 -6.03 -9.14 27.4 -5.1 -8.62 28.19 -5.69 -7.28 28.49 -6.44 -7.96 27.72
3 16 -5.41 -10.45 26.45 -5.38 -9.55 27.47 -6.03 -9.14 27.4
3 16 -5.38 -9.55 27.47 -5.1 -8.62 28.19 -6.03 -9.14 27.4
3 16 -6.48 -9.81 25.93 -5.41 -10.45 26.45 -6.03 -9.14 27.4
3 16 -6.48 -9.81 25.93 -6.03 -9.14 27.4 -6.8 -8.89 26.88
3 16 -6.8 -8.89 26.88 -6.03 -9.14 27.4 -6.44 -7.96 27.72
3 16 -6.8 -8.89 26.88 -6.44 -7.96 27.72 -7.04 -8.28 27.13
3 16 -2.52 -8.55 25.99 -2.61 -8.09 26.9 -3.26 -8.98 27.17
3 16 -5.41 -10.45 26.45 -3.23 -9.31 26.22 -3.26 -8.98 27.17
3 16 -2.52 -8.55 25.99 -3.26 -8.98 27.17 -3.23 -9.31 26.22
3 16 -5.41 -10.45 26.45 -4.98 -10.59 25.91 -3.23 -9.31 26.22
3 16 -5.72 -10.51 25.27 -4.98 -10.59 25.91 -5.41 -10.45 26.45
3 16 -5.41 -10.45 26.45 -6.43 -10.16 24.49 -5.72 -10.51 25.27
3 16 -6.43 -10.16 24.49 -5.41 -10.45 26.45 -6.48 -9.81 25.93
3 16 -6.43 -10.16 24.49 -5.56 -10.61 24.76 -5.72 -10.51 25.27
3 16 -1.43 -7.41 26.93 -1.39 -7.9 25.95 -0.21 -7.27 25.73
3 16 -1.39 -7.9 25.95 -1.43 -7.41 26.93 -2.61 -8.09 26.9
3 16 -1.39 -7.9 25.95 -2.61 -8.09 26.9 -2.52 -8.55 25.99
3 16 -0.37 -6.37 26.73 -1.43 -7.41 26.93 -0.21 -7.27 25.73
3 16 -0.37 -6.37 26.73 -1.61 -6.57 27.76 -1.43 -7.41 26.93
3 16 -0.67 -5.7 27.12 -1.61 -6.57 27.76 -0.37 -6.37 26.73
3 16 -0.67 -5.7 27.12 -1.96 -5.99 28.08 -1.61 -6.57 27.76
3 16 -2.13 -6.95 27.58 -2.61 -8.09 26.9 -1.43 -7.41 26.93
3 16 -1.96 -5.99 28.08 -2.13 -6.95 27.58 -1.61 -6.57 27.76
3 16 -1.61 -6.57 27.76 -2.13 -6.95 27.58 -1.43 -7.41 26.93
3 16 -2.13 -6.95 27.58 -2.9 -7.62 27.67 -2.61 -8.09 26.9
3 16 -2.9 -7.62 27.67 -2.13 -6.95 27.58 -2.65 -6.32 28.03
3 16 -1.96 -5.99 28.08 -2.65 -6.32 28.03 -2.13 -6.95 27.58
3 16 -2.9 -7.62 27.67 -2.65 -6.32 28.03 -3.38 -6.93 28.17
4 16 -3.22 -5.58 28.33 -3.89 -6.15 28.46 -3.38 -6.93 28.17 -2.65 -6.32 28.03
3 16 -2.62 -5.14 28.31 -2.65 -6.32 28.03 -1.96 -5.99 28.08
3 16 -2.62 -5.14 28.31 -3.22 -5.58 28.33 -2.65 -6.32 28.03
3 16 -0.37 -6.37 26.73 -0.45 -4.54 25.61 -0.67 -5.7 27.12
3 16 -0.37 -6.37 26.73 0.3 -4.94 24.95 -0.45 -4.54 25.61
3 16 -0.67 -5.7 27.12 -0.45 -4.54 25.61 -0.7 -4.23 26.34
3 16 -0.67 -5.7 27.12 -0.7 -4.23 26.34 -1.02 -4.73 27.64
3 16 -1.02 -4.73 27.64 -1.96 -5.99 28.08 -0.67 -5.7 27.12
3 16 -1.02 -4.73 27.64 -2.62 -5.14 28.31 -1.96 -5.99 28.08
3 16 0.4 -6.6 24.61 0.3 -4.94 24.95 -0.37 -6.37 26.73
3 16 0.4 -6.6 24.61 -0.37 -6.37 26.73 -0.21 -7.27 25.73
3 16 -8.77 -8.84 26.37 -8.53 -9.47 25.64 -7.71 -9.08 26.66
3 16 -7.71 -9.08 26.66 -8.67 -7.98 26.68 -8.77 -8.84 26.37
3 16 -9.5 -8.15 25.72 -8.77 -8.84 26.37 -8.67 -7.98 26.68
3 16 -9.5 -8.15 25.72 -8.67 -7.98 26.68 -9.35 -7.31 26.31
3 16 -7.71 -9.08 26.66 -7.04 -8.28 27.13 -8.67 -7.98 26.68
3 16 -7.04 -8.28 27.13 -7.71 -9.08 26.66 -6.8 -8.89 26.88
3 16 -8.53 -9.47 25.64 -7.28 -9.97 25.38 -7.71 -9.08 26.66
3 16 -6.48 -9.81 25.93 -7.71 -9.08 26.66 -7.28 -9.97 25.38
3 16 -6.48 -9.81 25.93 -6.8 -8.89 26.88 -7.71 -9.08 26.66
3 16 -6.48 -9.81 25.93 -7.28 -9.97 25.38 -6.43 -10.16 24.49
3 16 -7.92 -9.82 24.24 -7.28 -9.97 25.38 -8.53 -9.47 25.64
3 16 -7.92 -9.82 24.24 -6.43 -10.16 24.49 -7.28 -9.97 25.38
4 16 -8.67 -9.13 23.42 -7.92 -9.82 24.24 -8.53 -9.47 25.64 -9.22 -8.83 24.94
3 16 -8.77 -8.84 26.37 -9.22 -8.83 24.94 -8.53 -9.47 25.64
3 16 -8.77 -8.84 26.37 -9.5 -8.15 25.72 -9.22 -8.83 24.94
3 16 -9.22 -8.83 24.94 -9.52 -8.08 24 -8.67 -9.13 23.42
3 16 -9.52 -8.08 24 -9.22 -8.83 24.94 -9.5 -8.15 25.72
3 16 -9.52 -8.08 24 -9.5 -8.15 25.72 -9.77 -7.12 24.94
3 16 -9.56 -6.76 25.76 -9.5 -8.15 25.72 -9.35 -7.31 26.31
3 16 -9.56 -6.76 25.76 -9.77 -7.12 24.94 -9.5 -8.15 25.72
3 16 -7.94 -7.93 27.38 -8.67 -7.98 26.68 -7.04 -8.28 27.13
3 16 -7.94 -7.93 27.38 -8.82 -7.45 27.29 -8.67 -7.98 26.68
3 16 -9.35 -7.31 26.31 -8.67 -7.98 26.68 -8.82 -7.45 27.29
3 16 -9.35 -7.31 26.31 -8.82 -7.45 27.29 -9.65 -6.51 26.98
3 16 -9.56 -6.76 25.76 -9.35 -7.31 26.31 -9.65 -6.51 26.98
3 16 -9.56 -6.76 25.76 -9.65 -6.51 26.98 -9.73 -5.96 26.11
3 16 -10.49 -8.62 21.83 -11.39 -7.56 21.47 -11.14 -7.9 20.99
3 16 -10.49 -8.62 21.83 -10.8 -8.12 22.98 -11.39 -7.56 21.47
3 16 -10.15 -8.46 22.95 -10.8 -8.12 22.98 -10.49 -8.62 21.83
3 16 -10.07 -8.33 20.32 -10.49 -8.62 21.83 -11.14 -7.9 20.99
3 16 -10.07 -8.33 20.32 -9.64 -8.84 21.52 -10.49 -8.62 21.83
3 16 -10.49 -8.62 21.83 -9.47 -8.77 22.6 -10.15 -8.46 22.95
3 16 -10.49 -8.62 21.83 -9.64 -8.84 21.52 -9.47 -8.77 22.6
3 16 -9.47 -8.77 22.6 -9.52 -8.08 24 -10.15 -8.46 22.95
3 16 -9.47 -8.77 22.6 -8.67 -9.13 23.42 -9.52 -8.08 24
3 16 -11.39 -7.56 21.47 -10.8 -8.12 22.98 -11.49 -7.06 22.21
3 16 -11.39 -7.56 21.47 -11.49 -7.06 22.21 -11.49 -6.87 21.4
3 16 -11.14 -7.9 20.99 -11.39 -7.56 21.47 -11.49 -6.87 21.4
3 16 -11.14 -7.9 20.99 -11.49 -6.87 21.4 -11.48 -6.19 20.78
3 16 -10.09 -7.63 19.82 -10.07 -8.33 20.32 -11.14 -7.9 20.99
3 16 -10.09 -7.63 19.82 -11.14 -7.9 20.99 -10.36 -6.94 19.46
3 16 -10.36 -6.94 19.46 -11.14 -7.9 20.99 -10.97 -6.06 19.81
3 16 -11.48 -6.19 20.78 -10.97 -6.06 19.81 -11.14 -7.9 20.99
3 16 -11.48 -6.19 20.78 -11.49 -6.87 21.4 -11.58 -6.13 21.81
3 16 -11.49 -7.06 22.21 -11.58 -6.13 21.81 -11.49 -6.87 21.4
3 16 -11.48 -6.19 20.78 -11.58 -6.13 21.81 -11.61 -5.61 21.15
3 16 -11.49 -7.06 22.21 -11.72 -6.5 22.45 -11.58 -6.13 21.81
3 16 -11.72 -6.5 22.45 -11.49 -7.06 22.21 -10.48 -6.92 24.13
3 16 -11.72 -6.5 22.45 -10.48 -6.92 24.13 -11.01 -6.22 24.67
3 16 -10.48 -6.92 24.13 -10.28 -6.02 25.25 -11.01 -6.22 24.67
3 16 -10.48 -6.92 24.13 -9.77 -7.12 24.94 -10.28 -6.02 25.25
3 16 -10.28 -6.02 25.25 -9.77 -7.12 24.94 -9.56 -6.76 25.76
3 16 -10.28 -6.02 25.25 -9.56 -6.76 25.76 -9.73 -5.96 26.11
3 16 -10.42 -7.67 23.71 -9.77 -7.12 24.94 -10.48 -6.92 24.13
3 16 -10.42 -7.67 23.71 -9.52 -8.08 24 -9.77 -7.12 24.94
3 16 -10.15 -8.46 22.95 -9.52 -8.08 24 -10.42 -7.67 23.71
3 16 -10.15 -8.46 22.95 -10.42 -7.67 23.71 -10.8 -8.12 22.98
3 16 -10.48 -6.92 24.13 -10.8 -8.12 22.98 -10.42 -7.67 23.71
3 16 -10.48 -6.92 24.13 -11.49 -7.06 22.21 -10.8 -8.12 22.98
3 16 -9.64 -8.84 21.52 -9.53 -8.98 20.17 -8.83 -9.62 21.17
3 16 -9.29 -9.29 19.29 -8.83 -9.62 21.17 -9.53 -8.98 20.17
3 16 -8.41 -9.92 20.62 -8.83 -9.62 21.17 -9.29 -9.29 19.29
3 16 -8.41 -9.92 20.62 -9.29 -9.29 19.29 -8.71 -9.56 18.84
3 16 -9.53 -8.98 20.17 -9.42 -8.8 18.7 -9.29 -9.29 19.29
3 16 -9.42 -8.8 18.7 -8.71 -9.56 18.84 -9.29 -9.29 19.29
3 16 -9.73 -7.79 19.1 -9.42 -8.8 18.7 -9.53 -8.98 20.17
3 16 -9.73 -7.79 19.1 -9.57 -7.87 18.52 -9.42 -8.8 18.7
3 16 -9.57 -7.87 18.52 -9.02 -8.37 17.79 -9.42 -8.8 18.7
3 16 -9.57 -7.87 18.52 -9.29 -7.8 18.07 -9.02 -8.37 17.79
3 16 -9.73 -7.79 19.1 -9.53 -8.98 20.17 -10.07 -8.33 20.32
3 16 -9.64 -8.84 21.52 -10.07 -8.33 20.32 -9.53 -8.98 20.17
3 16 -9.73 -7.79 19.1 -10.07 -8.33 20.32 -10.09 -7.63 19.82
3 16 -8.31 -9.51 18.09 -9.42 -8.8 18.7 -9.02 -8.37 17.79
3 16 -8.31 -9.51 18.09 -8.71 -9.56 18.84 -9.42 -8.8 18.7
3 16 -7.69 -10.06 19.21 -8.41 -9.92 20.62 -8.71 -9.56 18.84
3 16 -8.71 -9.56 18.84 -8.31 -9.51 18.09 -7.69 -10.06 19.21
3 16 -7.69 -10.06 19.21 -7.54 -10.53 20.26 -8.41 -9.92 20.62
3 16 -9.47 -8.77 22.6 -9.64 -8.84 21.52 -8.83 -9.62 21.17
3 16 -9.47 -8.77 22.6 -8.83 -9.62 21.17 -8.67 -9.13 23.42
3 16 -10.31 -7.24 18.82 -9.57 -7.87 18.52 -9.73 -7.79 19.1
3 16 -10.38 -6.62 17.9 -9.57 -7.87 18.52 -10.31 -7.24 18.82
3 16 -10.38 -6.62 17.9 -10.31 -7.24 18.82 -10.61 -6.45 18.52
3 16 -10.61 -6.45 18.52 -10.1 -6.03 17.36 -10.38 -6.62 17.9
3 16 -10.61 -6.45 18.52 -10.38 -5.05 18.13 -10.1 -6.03 17.36
3 16 -10.31 -7.24 18.82 -9.73 -7.79 19.1 -10.09 -7.63 19.82
4 16 -10.09 -7.63 19.82 -10.36 -6.94 19.46 -10.61 -6.45 18.52 -10.31 -7.24 18.82
3 16 -10.36 -6.94 19.46 -10.6 -5.41 18.85 -10.61 -6.45 18.52
3 16 -10.6 -5.41 18.85 -10.38 -5.05 18.13 -10.61 -6.45 18.52
3 16 -10.38 -6.62 17.9 -9.29 -7.8 18.07 -9.57 -7.87 18.52
3 16 -10.38 -6.62 17.9 -10.01 -6.67 17.52 -9.29 -7.8 18.07
3 16 -10.01 -6.67 17.52 -10.38 -6.62 17.9 -10.1 -6.03 17.36
3 16 -10.38 -5.05 18.13 -9.64 -5.29 17.16 -10.1 -6.03 17.36
3 16 -10.6 -5.41 18.85 -10.41 -4.71 18.71 -10.38 -5.05 18.13
3 16 -10.38 -5.05 18.13 -10.41 -4.71 18.71 -9.96 -4.37 18.62
3 16 -10.38 -5.05 18.13 -9.96 -4.37 18.62 -9.64 -5.29 17.16
3 16 -9.11 -4.14 18.35 -9.64 -5.29 17.16 -9.96 -4.37 18.62
3 16 -9.11 -4.14 18.35 -9.4 -4.79 16.9 -9.64 -5.29 17.16
3 16 -10.36 -6.94 19.46 -10.97 -6.06 19.81 -10.6 -5.41 18.85
3 16 -11.59 -4.71 19.51 -10.6 -5.41 18.85 -10.97 -6.06 19.81
3 16 -11.24 -4.08 19.4 -10.6 -5.41 18.85 -11.59 -4.71 19.51
3 16 -10.6 -5.41 18.85 -11.24 -4.08 19.4 -10.41 -4.71 18.71
3 16 -11.59 -4.71 19.51 -10.97 -6.06 19.81 -11.72 -5.62 20.06
3 16 -11.48 -6.19 20.78 -11.72 -5.62 20.06 -10.97 -6.06 19.81
3 16 -11.61 -5.61 21.15 -11.72 -5.62 20.06 -11.48 -6.19 20.78
3 16 -11.61 -5.61 21.15 -11.99 -5.04 20.62 -11.72 -5.62 20.06
3 16 -11.99 -5.04 20.62 -11.59 -4.71 19.51 -11.72 -5.62 20.06
3 16 -11.99 -5.04 20.62 -11.61 -5.61 21.15 -11.98 -4.37 22.05
3 16 -11.99 -5.04 20.62 -11.98 -4.37 22.05 -12.2 -4.1 21.29
3 16 -11.99 -5.04 20.62 -12.2 -4.1 21.29 -11.78 -4.07 20.26
3 16 -11.99 -5.04 20.62 -11.78 -4.07 20.26 -11.59 -4.71 19.51
3 16 -11.78 -4.07 20.26 -11.24 -4.08 19.4 -11.59 -4.71 19.51
3 16 -11.78 -4.07 20.26 -12.2 -4.1 21.29 -12.25 -3.67 20.73
3 16 -12.25 -3.67 20.73 -11.13 -2.94 19.94 -11.78 -4.07 20.26
3 16 -11.78 -4.07 20.26 -11.13 -2.94 19.94 -11.24 -4.08 19.4
3 16 -10.21 -2.77 19.69 -11.24 -4.08 19.4 -11.13 -2.94 19.94
3 16 -10.41 -4.71 18.71 -11.24 -4.08 19.4 -9.96 -4.37 18.62
3 16 -11.24 -4.08 19.4 -9.57 -3.24 19.27 -9.96 -4.37 18.62
3 16 -11.24 -4.08 19.4 -10.21 -2.77 19.69 -9.57 -3.24 19.27
3 16 -9.57 -3.24 19.27 -10.21 -2.77 19.69 -9.3 -2.89 19.45
3 16 -9.21 -3.63 18.9 -9.96 -4.37 18.62 -9.57 -3.24 19.27
3 16 -9.11 -4.14 18.35 -9.96 -4.37 18.62 -9.21 -3.63 18.9
3 16 -11.61 -5.61 21.15 -11.82 -5.05 22.63 -11.98 -4.37 22.05
3 16 -11.61 -5.61 21.15 -11.58 -6.13 21.81 -11.82 -5.05 22.63
3 16 -11.58 -6.13 21.81 -12.09 -5.59 23.03 -11.82 -5.05 22.63
3 16 -11.58 -6.13 21.81 -11.72 -6.5 22.45 -12.09 -5.59 23.03
3 16 -11.72 -6.5 22.45 -11.01 -6.22 24.67 -11.43 -5.76 25.01
3 16 -11.43 -5.76 25.01 -12.09 -5.59 23.03 -11.72 -6.5 22.45
3 16 -11.43 -5.76 25.01 -11.01 -6.22 24.67 -10.28 -6.02 25.25
3 16 -11.43 -5.76 25.01 -10.28 -6.02 25.25 -10.17 -5.1 26.28
4 16 -11.74 -4.58 25.04 -11.43 -5.76 25.01 -10.17 -5.1 26.28 -11.08 -4.3 25.68
3 16 -12.09 -5.59 23.03 -11.43 -5.76 25.01 -11.74 -4.58 25.04
3 16 -12.09 -5.59 23.03 -11.57 -3.92 23.96 -11.82 -5.05 22.63
4 16 -11.48 -3.68 24.75 -11.57 -3.92 23.96 -12.09 -5.59 23.03 -11.74 -4.58 25.04
3 16 -11.48 -3.68 24.75 -11.74 -4.58 25.04 -11.08 -4.3 25.68
3 16 -11.48 -3.68 24.75 -11.08 -4.3 25.68 -10.99 -3.27 25.36
3 16 -11.08 -4.3 25.68 -10.18 -3.25 25.64 -10.99 -3.27 25.36
3 16 -11.08 -4.3 25.68 -10.19 -4.14 26.21 -10.18 -3.25 25.64
3 16 -11.08 -4.3 25.68 -10.17 -5.1 26.28 -10.19 -4.14 26.21
3 16 -10.28 -6.02 25.25 -9.73 -5.96 26.11 -10.17 -5.1 26.28
3 16 -11.82 -5.05 22.63 -11.57 -3.92 23.96 -12.08 -3.29 23.26
3 16 -11.82 -5.05 22.63 -12.08 -3.29 23.26 -11.98 -4.37 22.05
3 16 -0.3 -3.53 26.62 -1.02 -4.73 27.64 -0.7 -4.23 26.34
3 16 -0.3 -3.53 26.62 0.43 -2.96 27.8 -1.02 -4.73 27.64
3 16 0.21 -1.15 27.02 0.43 -2.96 27.8 -0.3 -3.53 26.62
3 16 0.21 -1.15 27.02 0.43 -2.13 28.01 0.43 -2.96 27.8
3 16 0.43 -2.13 28.01 0.21 -1.15 27.02 -0.36 -0.96 28
3 16 0.43 -2.13 28.01 -0.36 -0.96 28 0.13 -1.83 28.48
3 16 -0.36 -0.96 28 -1.2 -2.04 29.34 0.13 -1.83 28.48
3 16 -0.36 -0.96 28 -1.58 -0.98 28.97 -1.2 -2.04 29.34
4 16 -2.83 -1.99 29.5 -1.2 -2.04 29.34 -1.58 -0.98 28.97 -2.5 -1.14 29.13
3 16 -0.17 -2.76 28.79 0.43 -2.13 28.01 0.13 -1.83 28.48
3 16 -0.17 -2.76 28.79 0.43 -2.96 27.8 0.43 -2.13 28.01
3 16 -1.2 -2.04 29.34 -0.17 -2.76 28.79 0.13 -1.83 28.48
3 16 -0.87 -3.86 28.61 0.43 -2.96 27.8 -0.17 -2.76 28.79
3 16 -0.87 -3.86 28.61 -1.02 -4.73 27.64 0.43 -2.96 27.8
3 16 -0.17 -2.76 28.79 -1.53 -3.1 29.33 -0.87 -3.86 28.61
3 16 -0.17 -2.76 28.79 -1.2 -2.04 29.34 -1.53 -3.1 29.33
3 16 -1.53 -3.1 29.33 -1.2 -2.04 29.34 -2.83 -1.99 29.5
3 16 -2.62 -5.14 28.31 -0.87 -3.86 28.61 -1.53 -3.1 29.33
3 16 -2.62 -5.14 28.31 -1.02 -4.73 27.64 -0.87 -3.86 28.61
3 16 -1.53 -3.1 29.33 -2.83 -1.99 29.5 -3.85 -3.44 29.42
3 16 -3.85 -3.44 29.42 -2.62 -5.14 28.31 -1.53 -3.1 29.33
3 16 -2.83 -1.99 29.5 -4.13 -2.65 29.92 -3.85 -3.44 29.42
3 16 0.21 -1.15 27.02 -0.12 -0.41 27.24 -0.36 -0.96 28
3 16 -3.22 -5.58 28.33 -2.62 -5.14 28.31 -4.03 -5.35 29.28
3 16 -3.22 -5.58 28.33 -4.03 -5.35 29.28 -3.89 -6.15 28.46
3 16 -4.71 -6.06 29.56 -3.89 -6.15 28.46 -4.03 -5.35 29.28
3 16 -4.03 -5.35 29.28 -5.47 -4.42 29.96 -4.71 -6.06 29.56
3 16 -4.03 -5.35 29.28 -4.63 -3.89 29.89 -5.47 -4.42 29.96
4 16 -5.52 -6.36 29.39 -4.71 -6.06 29.56 -5.47 -4.42 29.96 -6.44 -5.36 29.58
3 16 -6.44 -5.36 29.58 -6.7 -6.74 28.44 -5.52 -6.36 29.39
3 16 -6.7 -6.74 28.44 -5.69 -7.28 28.49 -5.52 -6.36 29.39
3 16 -6.44 -5.36 29.58 -7.16 -5.88 28.65 -6.7 -6.74 28.44
3 16 -6.44 -5.36 29.58 -7.6 -5.15 28.75 -7.16 -5.88 28.65
3 16 -6.44 -5.36 29.58 -6.76 -4.15 29.42 -7.6 -5.15 28.75
3 16 -5.47 -4.42 29.96 -6.76 -4.15 29.42 -6.44 -5.36 29.58
3 16 -4.59 -6.78 28.67 -5.52 -6.36 29.39 -5.69 -7.28 28.49
3 16 -4.59 -6.78 28.67 -4.71 -6.06 29.56 -5.52 -6.36 29.39
3 16 -4.71 -6.06 29.56 -4.59 -6.78 28.67 -3.89 -6.15 28.46
3 16 -5.47 -4.42 29.96 -5.85 -3.68 29.87 -6.76 -4.15 29.42
3 16 -5.85 -3.68 29.87 -5.47 -4.42 29.96 -4.63 -3.89 29.89
3 16 -5.85 -3.68 29.87 -4.63 -3.89 29.89 -4.98 -3.26 30.14
3 16 -4.13 -2.65 29.92 -4.98 -3.26 30.14 -4.63 -3.89 29.89
3 16 -4.13 -2.65 29.92 -4.63 -3.89 29.89 -3.85 -3.44 29.42
3 16 -3.85 -3.44 29.42 -4.63 -3.89 29.89 -4.03 -5.35 29.28
3 16 -3.85 -3.44 29.42 -4.03 -5.35 29.28 -2.62 -5.14 28.31
3 16 0.19 -3.65 25.87 -0.7 -4.23 26.34 -0.45 -4.54 25.61
3 16 0.19 -3.65 25.87 -0.3 -3.53 26.62 -0.7 -4.23 26.34
3 16 -0.3 -3.53 26.62 0.19 -3.65 25.87 0.69 -1.64 26
3 16 -0.3 -3.53 26.62 0.69 -1.64 26 0.21 -1.15 27.02
3 16 0.69 -1.64 26 0.19 -3.65 25.87 1.38 -2.85 25.66
3 16 0.69 -1.64 26 1.38 -2.85 25.66 1.22 -2 25.42
3 16 1.22 -2 25.42 0.79 -1.14 25.37 0.69 -1.64 26
3 16 0.66 -1.5 24.06 0.79 -1.14 25.37 1.22 -2 25.42
3 16 0.66 -1.5 24.06 0.51 -0.98 24.7 0.79 -1.14 25.37
3 16 0.66 -1.5 24.06 0.14 -1.11 23.93 0.51 -0.98 24.7
3 16 0.66 -1.5 24.06 1.22 -2 25.42 1.42 -2.26 24.91
3 16 1.22 -2 25.42 1.38 -2.85 25.66 1.42 -2.26 24.91
3 16 1.38 -2.85 25.66 0.19 -3.65 25.87 1.04 -3.85 25.47
3 16 0.19 -3.65 25.87 0.3 -4.94 24.95 1.04 -3.85 25.47
3 16 0.19 -3.65 25.87 -0.45 -4.54 25.61 0.3 -4.94 24.95
3 16 1.14 -3.83 24.58 1.38 -2.85 25.66 1.04 -3.85 25.47
3 16 1.14 -3.83 24.58 1.42 -2.26 24.91 1.38 -2.85 25.66
3 16 1.04 -3.85 25.47 0.3 -4.94 24.95 1.14 -3.83 24.58
3 16 0.39 -2.93 23.3 1.42 -2.26 24.91 1.14 -3.83 24.58
3 16 0.39 -2.93 23.3 0.66 -1.5 24.06 1.42 -2.26 24.91
3 16 0.66 -1.5 24.06 -0.24 -1.98 23.14 0.14 -1.11 23.93
3 16 0.66 -1.5 24.06 0.39 -2.93 23.3 -0.24 -1.98 23.14
4 16 1.24 -4.5 23.15 0.61 -4.15 22.25 -0.24 -1.98 23.14 0.39 -2.93 23.3
3 16 1.14 -3.83 24.58 1.24 -4.5 23.15 0.39 -2.93 23.3
3 16 1.14 -3.83 24.58 1.23 -4.44 24.39 1.24 -4.5 23.15
3 16 1.14 -3.83 24.58 0.3 -4.94 24.95 1.23 -4.44 24.39
3 16 0.3 -4.94 24.95 1.05 -6.14 24.42 1.23 -4.44 24.39
3 16 0.3 -4.94 24.95 0.4 -6.6 24.61 1.05 -6.14 24.42
3 16 0.8 -6.89 23.84 1.05 -6.14 24.42 0.4 -6.6 24.61
3 16 0.8 -6.89 23.84 1.22 -6.31 23.95 1.05 -6.14 24.42
3 16 1.22 -6.31 23.95 0.8 -6.89 23.84 0.92 -6.63 23.28
3 16 0.92 -6.63 23.28 1.41 -5.59 23.38 1.22 -6.31 23.95
3 16 1.23 -4.44 24.39 1.05 -6.14 24.42 1.41 -5.59 23.38
3 16 1.23 -4.44 24.39 1.41 -5.59 23.38 1.24 -4.5 23.15
3 16 1.41 -5.59 23.38 1.05 -6.14 24.42 1.22 -6.31 23.95
3 16 0.92 -6.63 23.28 1.14 -5.5 22.69 1.41 -5.59 23.38
3 16 1.14 -5.5 22.69 1.24 -4.5 23.15 1.41 -5.59 23.38
3 16 1.14 -5.5 22.69 0.94 -4.65 22.53 1.24 -4.5 23.15
3 16 1.24 -4.5 23.15 0.94 -4.65 22.53 0.61 -4.15 22.25
3 16 -7.86 -7.52 28.04 -9.26 -5.72 28.25 -8.74 -7 27.99
4 16 -7.94 -7.93 27.38 -7.86 -7.52 28.04 -8.74 -7 27.99 -8.82 -7.45 27.29
3 16 -8.82 -7.45 27.29 -8.74 -7 27.99 -9.65 -6.51 26.98
3 16 -9.96 -5.33 27.4 -8.74 -7 27.99 -9.26 -5.72 28.25
3 16 -8.74 -7 27.99 -9.96 -5.33 27.4 -9.65 -6.51 26.98
3 16 -9.96 -5.33 27.4 -9.26 -5.72 28.25 -9.52 -4.38 28.01
3 16 -7.86 -7.52 28.04 -7.94 -7.93 27.38 -7.04 -8.28 27.13
3 16 -7.86 -7.52 28.04 -7.04 -8.28 27.13 -6.44 -7.96 27.72
3 16 -9.73 -5.96 26.11 -9.65 -6.51 26.98 -9.96 -5.33 27.4
3 16 -9.73 -5.96 26.11 -9.96 -5.33 27.4 -10.17 -5.1 26.28
3 16 -9.52 -4.38 28.01 -9.84 -3.76 27.28 -9.96 -5.33 27.4
3 16 -10.17 -5.1 26.28 -9.96 -5.33 27.4 -9.84 -3.76 27.28
3 16 -9.04 -4.88 28.31 -9.52 -4.38 28.01 -9.26 -5.72 28.25
3 16 -10.17 -5.1 26.28 -9.84 -3.76 27.28 -10.19 -4.14 26.21
3 16 -9.26 -5.72 28.25 -7.6 -5.15 28.75 -9.04 -4.88 28.31
3 16 -9.26 -5.72 28.25 -7.16 -5.88 28.65 -7.6 -5.15 28.75
3 16 -7.86 -7.52 28.04 -7.16 -5.88 28.65 -9.26 -5.72 28.25
3 16 -7.86 -7.52 28.04 -6.7 -6.74 28.44 -7.16 -5.88 28.65
3 16 -6.44 -7.96 27.72 -6.7 -6.74 28.44 -7.86 -7.52 28.04
3 16 -6.44 -7.96 27.72 -5.69 -7.28 28.49 -6.7 -6.74 28.44
3 16 -10.19 -4.14 26.21 -9.84 -3.76 27.28 -9.82 -2.9 26.47
3 16 -10.19 -4.14 26.21 -9.82 -2.9 26.47 -10.18 -3.25 25.64
3 16 -9.16 -3.64 29.11 -9.52 -4.38 28.01 -9.04 -4.88 28.31
3 16 -10.34 -2.48 27.9 -9.52 -4.38 28.01 -9.16 -3.64 29.11
3 16 -10.12 -1.95 28.52 -10.34 -2.48 27.9 -9.16 -3.64 29.11
3 16 -10.12 -1.95 28.52 -9.16 -3.64 29.11 -8.92 -2.25 29.42
3 16 -9.16 -3.64 29.11 -8.31 -3.32 29.49 -8.92 -2.25 29.42
3 16 -8.31 -3.32 29.49 -9.16 -3.64 29.11 -9.04 -4.88 28.31
3 16 -10.12 -1.95 28.52 -8.92 -2.25 29.42 -9.63 -0.86 28.93
3 16 -8.31 -3.32 29.49 -9.04 -4.88 28.31 -7.6 -5.15 28.75
3 16 -9.63 -0.86 28.93 -10.36 -1.28 27.85 -10.12 -1.95 28.52
3 16 -9.63 -0.86 28.93 -10.08 -0.33 27.92 -10.36 -1.28 27.85
3 16 -10.34 -2.48 27.9 -10.12 -1.95 28.52 -10.36 -1.28 27.85
3 16 -10.36 -1.28 27.85 -10.38 -1.84 27.36 -10.34 -2.48 27.9
3 16 -9.82 -2.9 26.47 -10.34 -2.48 27.9 -10.38 -1.84 27.36
3 16 -9.82 -2.9 26.47 -9.84 -3.76 27.28 -10.34 -2.48 27.9
3 16 -10.34 -2.48 27.9 -9.84 -3.76 27.28 -9.52 -4.38 28.01
3 16 -10.08 -0.33 27.92 -10.27 -0.67 27.12 -10.36 -1.28 27.85
3 16 -10.36 -1.28 27.85 -10.52 -1.34 26.71 -10.38 -1.84 27.36
3 16 -10.36 -1.28 27.85 -10.27 -0.67 27.12 -10.52 -1.34 26.71
3 16 -8.92 -2.25 29.42 -8.75 -1.54 29.36 -9.63 -0.86 28.93
3 16 -10.27 -0.67 27.12 -10.08 -0.33 27.92 -10.25 0.15 26.94
3 16 -7.98 -2.06 29.49 -8.75 -1.54 29.36 -8.92 -2.25 29.42
3 16 -7.98 -2.06 29.49 -8.92 -2.25 29.42 -8.31 -3.32 29.49
3 16 -7.98 -2.06 29.49 -8.31 -3.32 29.49 -7.19 -2.85 29.77
3 16 -8.31 -3.32 29.49 -6.76 -4.15 29.42 -7.19 -2.85 29.77
3 16 -7.6 -5.15 28.75 -6.76 -4.15 29.42 -8.31 -3.32 29.49
3 16 -10.38 -1.84 27.36 -10.25 -2.35 26.19 -9.82 -2.9 26.47
3 16 -10.38 -1.84 27.36 -10.52 -1.34 26.71 -10.25 -2.35 26.19
3 16 -12.89 -1.34 24.74 -12.57 -2.58 24.57 -11.85 -2.77 25.47
3 16 -12.7 -0.77 25.38 -12.89 -1.34 24.74 -11.85 -2.77 25.47
3 16 -11.85 -2.77 25.47 -11.9 -0.74 26.16 -12.7 -0.77 25.38
3 16 -11.85 -2.77 25.47 -11.36 -2.24 26.02 -11.9 -0.74 26.16
3 16 -11.48 -3.68 24.75 -11.85 -2.77 25.47 -12.57 -2.58 24.57
3 16 -12.08 -3.29 23.26 -11.48 -3.68 24.75 -12.57 -2.58 24.57
3 16 -12.08 -3.29 23.26 -11.57 -3.92 23.96 -11.48 -3.68 24.75
3 16 -12.4 -2.63 23.26 -12.08 -3.29 23.26 -12.57 -2.58 24.57
3 16 -12.57 -2.58 24.57 -12.28 -2.03 23.25 -12.4 -2.63 23.26
3 16 -12.57 -2.58 24.57 -12.89 -1.34 24.74 -12.28 -2.03 23.25
3 16 -11.36 -2.24 26.02 -11.05 -0.56 26.57 -11.9 -0.74 26.16
4 16 -10.25 0.15 26.94 -11.3 -0.05 26.43 -11.9 -0.74 26.16 -11.05 -0.56 26.57
3 16 -11.9 -0.74 26.16 -11.3 -0.05 26.43 -12.7 -0.77 25.38
3 16 -11.3 -0.05 26.43 -12.27 -0.08 24.84 -12.7 -0.77 25.38
3 16 -11.3 -0.05 26.43 -11.01 0.7 26.11 -12.27 -0.08 24.84
3 16 -10.47 0.81 26.54 -11.01 0.7 26.11 -11.3 -0.05 26.43
3 16 -10.47 0.81 26.54 -11.3 -0.05 26.43 -10.25 0.15 26.94
3 16 -12.37 -0.36 24.22 -12.7 -0.77 25.38 -12.27 -0.08 24.84
3 16 -12.37 -0.36 24.22 -12.89 -1.34 24.74 -12.7 -0.77 25.38
3 16 -12.28 -2.03 23.25 -12.89 -1.34 24.74 -12.37 -0.36 24.22
3 16 -12.37 -0.36 24.22 -11.96 -1.5 22.8 -12.28 -2.03 23.25
3 16 -12.37 -0.36 24.22 -12.2 0.25 23.54 -11.96 -1.5 22.8
3 16 -10.25 0.15 26.94 -11.05 -0.56 26.57 -10.27 -0.67 27.12
3 16 -11.05 -0.56 26.57 -10.52 -1.34 26.71 -10.27 -0.67 27.12
3 16 -10.52 -1.34 26.71 -11.05 -0.56 26.57 -11.36 -2.24 26.02
3 16 -10.52 -1.34 26.71 -11.36 -2.24 26.02 -10.25 -2.35 26.19
3 16 -10.99 -3.27 25.36 -10.25 -2.35 26.19 -11.36 -2.24 26.02
3 16 -10.99 -3.27 25.36 -11.36 -2.24 26.02 -11.85 -2.77 25.47
3 16 -10.99 -3.27 25.36 -11.85 -2.77 25.47 -11.48 -3.68 24.75
3 16 -10.99 -3.27 25.36 -10.18 -3.25 25.64 -10.25 -2.35 26.19
3 16 -10.18 -3.25 25.64 -9.82 -2.9 26.47 -10.25 -2.35 26.19
3 16 -9.35 0.99 29.57 -9.55 0.29 29.5 -8.48 -0.24 29.98
3 16 -9.35 0.99 29.57 -10.2 0.97 28.83 -9.55 0.29 29.5
3 16 -9.35 0.99 29.57 -10.46 1.83 28.31 -10.2 0.97 28.83
3 16 -10.46 1.83 28.31 -9.35 0.99 29.57 -8.85 2.55 29.31
3 16 -10.46 1.83 28.31 -8.85 2.55 29.31 -9.89 2.97 28.36
3 16 -9.55 0.29 29.5 -10.2 0.97 28.83 -10.08 -0.33 27.92
3 16 -10.39 0.86 27.89 -10.2 0.97 28.83 -10.46 1.83 28.31
3 16 -10.39 0.86 27.89 -10.08 -0.33 27.92 -10.2 0.97 28.83
3 16 -10.39 0.86 27.89 -10.25 0.15 26.94 -10.08 -0.33 27.92
3 16 -9.63 -0.86 28.93 -9.55 0.29 29.5 -10.08 -0.33 27.92
3 16 -9.63 -0.86 28.93 -8.48 -0.24 29.98 -9.55 0.29 29.5
3 16 -9.63 -0.86 28.93 -8.75 -1.54 29.36 -8.48 -0.24 29.98
3 16 -8.75 -1.54 29.36 -7.47 -1.38 29.84 -8.48 -0.24 29.98
3 16 -6.08 0.56 30.6 -8.48 -0.24 29.98 -7.47 -1.38 29.84
3 16 -6.08 0.56 30.6 -7.02 1.32 30.15 -8.48 -0.24 29.98
3 16 -9.35 0.99 29.57 -8.48 -0.24 29.98 -7.02 1.32 30.15
3 16 -8.75 -1.54 29.36 -7.98 -2.06 29.49 -7.47 -1.38 29.84
3 16 -7.12 2.19 30.23 -8.85 2.55 29.31 -9.35 0.99 29.57
3 16 -9.35 0.99 29.57 -7.02 1.32 30.15 -7.12 2.19 30.23
3 16 -10.29 1.38 26.87 -10.39 0.86 27.89 -10.46 1.83 28.31
3 16 -10.29 1.38 26.87 -10.25 0.15 26.94 -10.39 0.86 27.89
3 16 -10.29 1.38 26.87 -10.46 1.83 28.31 -10.14 2.67 27.49
3 16 -10.14 2.67 27.49 -10.46 1.83 28.31 -9.89 2.97 28.36
3 16 -10.29 1.38 26.87 -10.47 0.81 26.54 -10.25 0.15 26.94
3 16 -11.2 2.74 26.74 -10.29 1.38 26.87 -10.14 2.67 27.49
3 16 -11.2 2.74 26.74 -11.65 1.29 25.75 -10.29 1.38 26.87
3 16 -11.2 2.74 26.74 -10.14 2.67 27.49 -10.08 3.54 26.93
3 16 -11.2 2.74 26.74 -10.08 3.54 26.93 -11.17 3.46 26.47
3 16 -12.01 3.15 25.79 -11.2 2.74 26.74 -11.17 3.46 26.47
3 16 -12.01 3.15 25.79 -12.01 2.42 26.05 -11.2 2.74 26.74
3 16 -11.2 2.74 26.74 -12.01 2.42 26.05 -11.65 1.29 25.75
4 16 -12.46 1.94 25.35 -12.01 2.42 26.05 -12.01 3.15 25.79 -12.46 2.5 25.16
3 16 -12.01 2.42 26.05 -12.46 1.94 25.35 -11.65 1.29 25.75
3 16 -12.46 2.5 25.16 -12.6 1.41 24.65 -12.46 1.94 25.35
3 16 -12.6 1.41 24.65 -11.65 1.29 25.75 -12.46 1.94 25.35
3 16 -12.46 2.5 25.16 -12.39 1.44 24.05 -12.6 1.41 24.65
3 16 -11.67 4.53 25.6 -12.01 3.15 25.79 -11.17 3.46 26.47
3 16 -11.67 4.53 25.6 -11.17 3.46 26.47 -11.02 4.92 26.13
3 16 -11.02 4.92 26.13 -11.17 3.46 26.47 -10.08 3.54 26.93
3 16 -11.02 4.92 26.13 -10.08 3.54 26.93 -10.04 5.13 26.7
3 16 -12.01 3.15 25.79 -11.85 4.14 24.89 -12.46 2.5 25.16
3 16 -12.01 3.15 25.79 -11.67 4.53 25.6 -11.85 4.14 24.89
3 16 -12.6 1.41 24.65 -12.45 0.58 24.37 -12.27 -0.08 24.84
3 16 -12.45 0.58 24.37 -12.6 1.41 24.65 -12.39 1.44 24.05
3 16 -11.01 0.7 26.11 -10.29 1.38 26.87 -11.65 1.29 25.75
4 16 -12.37 -0.36 24.22 -12.45 0.58 24.37 -12.39 1.44 24.05 -12.2 0.25 23.54
3 16 -12.39 1.44 24.05 -11.78 1.41 23.51 -12.2 0.25 23.54
3 16 -11.78 1.41 23.51 -12.39 1.44 24.05 -11.78 2.49 23.96
3 16 -12.39 1.44 24.05 -12.46 2.5 25.16 -11.78 2.49 23.96
3 16 -11.04 2.29 22.88 -11.78 1.41 23.51 -11.78 2.49 23.96
3 16 -11.04 2.29 22.88 -11.78 2.49 23.96 -11.32 3.32 23.36
3 16 -11.49 3.75 24.28 -11.32 3.32 23.36 -11.78 2.49 23.96
3 16 -12.46 2.5 25.16 -11.49 3.75 24.28 -11.78 2.49 23.96
3 16 -12.46 2.5 25.16 -11.85 4.14 24.89 -11.49 3.75 24.28
3 16 -12.45 0.58 24.37 -12.37 -0.36 24.22 -12.27 -0.08 24.84
3 16 -12.27 -0.08 24.84 -11.65 1.29 25.75 -12.6 1.41 24.65
3 16 -12.27 -0.08 24.84 -11.01 0.7 26.11 -11.65 1.29 25.75
3 16 -11.01 0.7 26.11 -10.47 0.81 26.54 -10.29 1.38 26.87
3 16 -11.98 6.18 25.27 -11.32 5.8 26.53 -11.47 6.65 26.04
3 16 -11.98 6.18 25.27 -12.14 5.06 25.73 -11.32 5.8 26.53
3 16 -12.33 4.79 24.57 -12.14 5.06 25.73 -11.98 6.18 25.27
3 16 -12.33 4.79 24.57 -11.98 6.18 25.27 -11.84 5.83 24.16
3 16 -11.47 6.65 26.04 -10.99 7.02 25.52 -11.98 6.18 25.27
3 16 -10.82 6.98 24.22 -11.98 6.18 25.27 -10.99 7.02 25.52
3 16 -10.82 6.98 24.22 -11.84 5.83 24.16 -11.98 6.18 25.27
3 16 -11.66 4.5 23.9 -12.33 4.79 24.57 -11.84 5.83 24.16
3 16 -11.66 4.5 23.9 -11.84 5.83 24.16 -11.18 5.46 23.57
3 16 -10.58 6.49 23.41 -11.84 5.83 24.16 -10.82 6.98 24.22
3 16 -10.58 6.49 23.41 -11.18 5.46 23.57 -11.84 5.83 24.16
3 16 -11.66 4.5 23.9 -11.85 4.14 24.89 -12.33 4.79 24.57
3 16 -11.66 4.5 23.9 -11.49 3.75 24.28 -11.85 4.14 24.89
3 16 -12.33 4.79 24.57 -11.67 4.53 25.6 -12.14 5.06 25.73
3 16 -12.33 4.79 24.57 -11.85 4.14 24.89 -11.67 4.53 25.6
3 16 -12.14 5.06 25.73 -11.02 4.92 26.13 -11.32 5.8 26.53
3 16 -12.14 5.06 25.73 -11.67 4.53 25.6 -11.02 4.92 26.13
3 16 -11.02 4.92 26.13 -10.31 5.85 26.93 -11.32 5.8 26.53
3 16 -11.02 4.92 26.13 -10.04 5.13 26.7 -10.31 5.85 26.93
3 16 -10.82 6.98 24.22 -10.99 7.02 25.52 -10.53 7.54 25.47
3 16 -10.92 7.79 24.38 -10.82 6.98 24.22 -10.53 7.54 25.47
3 16 -10.92 7.79 24.38 -10.53 7.54 25.47 -10.55 7.94 25.37
3 16 -10.82 6.98 24.22 -10.92 7.79 24.38 -10.59 7.31 23.68
3 16 -10.59 7.31 23.68 -10.58 6.49 23.41 -10.82 6.98 24.22
3 16 -9.72 8.34 26.06 -10.55 7.94 25.37 -10.53 7.54 25.47
3 16 -9.72 8.34 26.06 -10.53 7.54 25.47 -9.44 7.81 26.82
3 16 -10.75 7.06 26.38 -9.44 7.81 26.82 -10.53 7.54 25.47
3 16 -9.44 7.81 26.82 -10.75 7.06 26.38 -10.06 6.37 27.02
3 16 -9.44 7.81 26.82 -10.06 6.37 27.02 -9.33 6.85 27.4
3 16 -10.75 7.06 26.38 -10.31 5.85 26.93 -10.06 6.37 27.02
3 16 -10.75 7.06 26.38 -11.32 5.8 26.53 -10.31 5.85 26.93
3 16 -10.75 7.06 26.38 -11.47 6.65 26.04 -11.32 5.8 26.53
3 16 -10.75 7.06 26.38 -10.99 7.02 25.52 -11.47 6.65 26.04
3 16 -10.75 7.06 26.38 -10.53 7.54 25.47 -10.99 7.02 25.52
3 16 -3.67 -0.13 30.73 -2.5 -1.14 29.13 -2.85 0.46 29.94
3 16 -3.67 -0.13 30.73 -2.83 -1.99 29.5 -2.5 -1.14 29.13
3 16 -4.2 -2.1 30.71 -2.83 -1.99 29.5 -3.67 -0.13 30.73
3 16 -4.2 -2.1 30.71 -3.67 -0.13 30.73 -4.69 -1.16 31.1
3 16 -5.27 -2.68 30.69 -4.2 -2.1 30.71 -4.69 -1.16 31.1
3 16 -5.27 -2.68 30.69 -4.69 -1.16 31.1 -6.27 -2.36 30.73
3 16 -3.67 -0.13 30.73 -5.46 -0.4 31.12 -4.69 -1.16 31.1
3 16 -6.27 -2.36 30.73 -4.69 -1.16 31.1 -5.46 -0.4 31.12
3 16 -3.67 -0.13 30.73 -4.99 0.98 31.16 -5.46 -0.4 31.12
3 16 -6.27 -2.36 30.73 -5.46 -0.4 31.12 -6.92 -2 30.45
3 16 -5.85 -3.68 29.87 -5.27 -2.68 30.69 -6.27 -2.36 30.73
3 16 -4.98 -3.26 30.14 -5.27 -2.68 30.69 -5.85 -3.68 29.87
3 16 -6.27 -2.36 30.73 -7.19 -2.85 29.77 -5.85 -3.68 29.87
3 16 -6.27 -2.36 30.73 -6.92 -2 30.45 -7.19 -2.85 29.77
3 16 -5.85 -3.68 29.87 -7.19 -2.85 29.77 -6.76 -4.15 29.42
3 16 -5.27 -2.68 30.69 -4.13 -2.65 29.92 -4.2 -2.1 30.71
3 16 -5.27 -2.68 30.69 -4.98 -3.26 30.14 -4.13 -2.65 29.92
3 16 -4.2 -2.1 30.71 -4.13 -2.65 29.92 -2.83 -1.99 29.5
3 16 -7.98 -2.06 29.49 -7.19 -2.85 29.77 -6.92 -2 30.45
3 16 -7.98 -2.06 29.49 -6.92 -2 30.45 -7.47 -1.38 29.84
3 16 -7.47 -1.38 29.84 -6.92 -2 30.45 -5.46 -0.4 31.12
3 16 -7.47 -1.38 29.84 -5.46 -0.4 31.12 -6.08 0.56 30.6
3 16 -6.08 0.56 30.6 -5.46 -0.4 31.12 -4.99 0.98 31.16
3 16 -4.99 0.98 31.16 -3.67 -0.13 30.73 -4.17 1.44 31.15
3 16 -4.17 1.44 31.15 -3.67 -0.13 30.73 -3.55 1.79 30.78
3 16 -3.55 1.79 30.78 -3.67 -0.13 30.73 -2.85 0.46 29.94
3 16 -3.55 1.79 30.78 -2.85 0.46 29.94 -2.97 2.07 30.32
3 16 -0.79 1.17 29.65 -2.85 0.46 29.94 -1.58 -0.98 28.97
3 16 -0.87 2.79 29.42 -1.34 2.06 29.96 -0.79 1.17 29.65
3 16 -0.87 2.79 29.42 -0.79 1.17 29.65 0.01 1.98 28.67
3 16 -0.36 -0.96 28 0.01 1.98 28.67 -0.79 1.17 29.65
3 16 -0.36 -0.96 28 -0.79 1.17 29.65 -1.58 -0.98 28.97
3 16 -0.87 2.79 29.42 -2.7 3.53 30.16 -1.34 2.06 29.96
3 16 -2.83 2.77 30.36 -1.34 2.06 29.96 -2.7 3.53 30.16
3 16 -2.83 2.77 30.36 -2.97 2.07 30.32 -1.34 2.06 29.96
4 16 -0.79 1.17 29.65 -1.34 2.06 29.96 -2.97 2.07 30.32 -2.85 0.46 29.94
3 16 -2.5 -1.14 29.13 -1.58 -0.98 28.97 -2.85 0.46 29.94
3 16 -0.87 2.79 29.42 0.01 1.98 28.67 -0.13 3.42 27.88
3 16 -0.87 2.79 29.42 -0.13 3.42 27.88 -0.85 3.66 28.83
3 16 -1.67 4.22 29.41 -0.87 2.79 29.42 -0.85 3.66 28.83
3 16 -1.67 4.22 29.41 -2.7 3.53 30.16 -0.87 2.79 29.42
3 16 -2.58 4.14 29.87 -2.7 3.53 30.16 -1.67 4.22 29.41
3 16 -0.02 1.58 27.46 0.01 1.98 28.67 -0.36 -0.96 28
3 16 -0.02 1.58 27.46 -0.36 -0.96 28 -0.12 -0.41 27.24
3 16 -0.01 1.95 27.45 0.01 1.98 28.67 -0.02 1.58 27.46
3 16 -0.01 1.95 27.45 -0.13 3.42 27.88 0.01 1.98 28.67
3 16 0.96 0.53 26.36 1.01 -0.68 26.61 1.08 0.52 25.68
3 16 0.96 0.53 26.36 1.08 0.52 25.68 0.67 1.51 26.08
3 16 0.96 0.53 26.36 0.67 1.51 26.08 0.25 1.5 26.66
3 16 0.96 0.53 26.36 0.25 1.5 26.66 0.38 -0.12 27.01
3 16 1.01 -0.68 26.61 0.96 0.53 26.36 0.38 -0.12 27.01
3 16 0.21 -1.15 27.02 1.01 -0.68 26.61 0.38 -0.12 27.01
3 16 0.21 -1.15 27.02 0.38 -0.12 27.01 -0.12 -0.41 27.24
3 16 0.38 -0.12 27.01 -0.02 1.58 27.46 -0.12 -0.41 27.24
3 16 0.38 -0.12 27.01 0.25 1.5 26.66 -0.02 1.58 27.46
3 16 1.08 0.52 25.68 0.68 1.69 25 0.67 1.51 26.08
3 16 0.68 1.69 25 0.84 2.93 25.53 0.67 1.51 26.08
3 16 1.08 0.52 25.68 0.83 0.65 24.7 0.68 1.69 25
3 16 0.69 -1.64 26 1.01 -0.68 26.61 0.21 -1.15 27.02
3 16 0.79 -1.14 25.37 1.01 -0.68 26.61 0.69 -1.64 26
3 16 0.79 -1.14 25.37 1.08 0.52 25.68 1.01 -0.68 26.61
3 16 1.08 0.52 25.68 0.48 -0.29 24.7 0.83 0.65 24.7
3 16 0.79 -1.14 25.37 0.48 -0.29 24.7 1.08 0.52 25.68
3 16 0.79 -1.14 25.37 0.51 -0.98 24.7 0.48 -0.29 24.7
3 16 0.83 0.65 24.7 -0.22 1.88 23.66 0.68 1.69 25
3 16 0.83 0.65 24.7 -0.41 0.71 23.58 -0.22 1.88 23.66
3 16 -0.41 0.71 23.58 0.83 0.65 24.7 0.48 -0.29 24.7
3 16 -0.1 3.09 23.98 0.68 1.69 25 -0.22 1.88 23.66
3 16 -0.1 3.09 23.98 0.84 2.93 25.53 0.68 1.69 25
3 16 -0.41 0.71 23.58 0.48 -0.29 24.7 -0.64 -0.65 23.78
3 16 0.48 -0.29 24.7 0.14 -1.11 23.93 -0.64 -0.65 23.78
3 16 0.48 -0.29 24.7 0.51 -0.98 24.7 0.14 -1.11 23.93
3 16 0.51 2.32 26.72 0.67 1.51 26.08 0.84 2.93 25.53
3 16 0.51 2.32 26.72 0.25 1.5 26.66 0.67 1.51 26.08
3 16 0.25 1.5 26.66 -0.01 1.95 27.45 -0.02 1.58 27.46
3 16 0.25 1.5 26.66 0.51 2.32 26.72 -0.01 1.95 27.45
3 16 -12.97 -3.02 21.05 -12.57 -4.05 21.91 -13.12 -2.77 21.5
3 16 -12.97 -3.02 21.05 -12.2 -4.1 21.29 -12.57 -4.05 21.91
3 16 -12.53 -1.83 21.29 -12.97 -3.02 21.05 -13.12 -2.77 21.5
3 16 -12.53 -1.83 21.29 -12.32 -2.22 20.58 -12.97 -3.02 21.05
3 16 -12.32 -2.22 20.58 -12.53 -1.83 21.29 -12.07 -1.12 21.75
3 16 -12.32 -2.22 20.58 -12.07 -1.12 21.75 -10.88 -0.76 20.86
3 16 -10.88 -0.76 20.86 -9.91 -0.63 20.46 -12.32 -2.22 20.58
3 16 -12.32 -2.22 20.58 -9.91 -0.63 20.46 -8.81 -0.8 20.11
3 16 -12.32 -2.22 20.58 -8.81 -0.8 20.11 -10.21 -2.77 19.69
3 16 -8.81 -0.8 20.11 -8.97 -2.42 19.58 -10.21 -2.77 19.69
3 16 -8.81 -0.8 20.11 -8.12 -1.11 19.82 -8.97 -2.42 19.58
3 16 -12.97 -3.02 21.05 -12.32 -2.22 20.58 -12.1 -2.78 20.32
3 16 -12.57 -4.05 21.91 -12.98 -2.91 22.22 -13.12 -2.77 21.5
3 16 -13.12 -2.77 21.5 -12.98 -2.91 22.22 -12.96 -2.31 22.02
3 16 -13.12 -2.77 21.5 -12.96 -2.31 22.02 -12.53 -1.83 21.29
3 16 -12.57 -4.05 21.91 -12.54 -3.8 22.39 -12.98 -2.91 22.22
3 16 -8.97 -2.42 19.58 -9.3 -2.89 19.45 -10.21 -2.77 19.69
4 16 -12.32 -2.22 20.58 -10.21 -2.77 19.69 -11.13 -2.94 19.94 -12.1 -2.78 20.32
3 16 -12.25 -3.67 20.73 -12.1 -2.78 20.32 -11.13 -2.94 19.94
3 16 -12.25 -3.67 20.73 -12.97 -3.02 21.05 -12.1 -2.78 20.32
3 16 -12.97 -3.02 21.05 -12.25 -3.67 20.73 -12.2 -4.1 21.29
3 16 -12.08 -3.29 23.26 -12.98 -2.91 22.22 -12.54 -3.8 22.39
3 16 -11.98 -4.37 22.05 -12.08 -3.29 23.26 -12.54 -3.8 22.39
3 16 -11.98 -4.37 22.05 -12.57 -4.05 21.91 -12.2 -4.1 21.29
3 16 -11.98 -4.37 22.05 -12.54 -3.8 22.39 -12.57 -4.05 21.91
3 16 -12.08 -3.29 23.26 -12.4 -2.63 23.26 -12.98 -2.91 22.22
4 16 -12.98 -2.91 22.22 -12.4 -2.63 23.26 -12.28 -2.03 23.25 -12.96 -2.31 22.02
4 16 -11.96 -1.5 22.8 -12.17 -1.5 22.21 -12.96 -2.31 22.02 -12.28 -2.03 23.25
3 16 -12.96 -2.31 22.02 -12.17 -1.5 22.21 -12.53 -1.83 21.29
3 16 -12.07 -1.12 21.75 -12.53 -1.83 21.29 -12.17 -1.5 22.21
3 16 -12.23 -0.05 21.85 -12.36 -0.07 22.63 -12.1 0.43 22.16
3 16 -12.23 -0.05 21.85 -12.48 -0.44 22.37 -12.36 -0.07 22.63
3 16 -12.1 0.43 22.16 -11.55 0.9 21.7 -12.23 -0.05 21.85
3 16 -11.55 0.9 21.7 -12.1 0.43 22.16 -11.21 1.43 22.27
3 16 -12.1 0.43 22.16 -11.78 1.41 23.51 -11.21 1.43 22.27
3 16 -11.21 1.43 22.27 -10.55 2.05 21.71 -11.55 0.9 21.7
3 16 -11.55 0.9 21.7 -10.05 0.6 20.43 -12.23 -0.05 21.85
3 16 -11.64 -0.29 21.26 -12.23 -0.05 21.85 -10.05 0.6 20.43
3 16 -11.64 -0.29 21.26 -12.07 -1.12 21.75 -12.23 -0.05 21.85
3 16 -12.23 -0.05 21.85 -12.07 -1.12 21.75 -12.48 -0.44 22.37
3 16 -12.07 -1.12 21.75 -11.64 -0.29 21.26 -10.88 -0.76 20.86
3 16 -10.88 -0.76 20.86 -11.64 -0.29 21.26 -10.05 0.6 20.43
3 16 -12.07 -1.12 21.75 -12.17 -1.5 22.21 -12.48 -0.44 22.37
3 16 -12.48 -0.44 22.37 -12.2 0.25 23.54 -12.36 -0.07 22.63
3 16 -12.1 0.43 22.16 -12.2 0.25 23.54 -11.78 1.41 23.51
3 16 -12.1 0.43 22.16 -12.36 -0.07 22.63 -12.2 0.25 23.54
3 16 -12.48 -0.44 22.37 -11.96 -1.5 22.8 -12.2 0.25 23.54
3 16 -12.48 -0.44 22.37 -12.17 -1.5 22.21 -11.96 -1.5 22.8
3 16 -10.55 2.05 21.71 -11.21 1.43 22.27 -11.04 2.29 22.88
3 16 -11.21 1.43 22.27 -11.78 1.41 23.51 -11.04 2.29 22.88
3 16 -10.55 2.05 21.71 -11.04 2.29 22.88 -10.5 3.07 22.03
3 16 -9.68 3.24 21.49 -10.55 2.05 21.71 -10.5 3.07 22.03
3 16 -9.68 3.24 21.49 -10.05 1.64 20.77 -10.55 2.05 21.71
3 16 -11.55 0.9 21.7 -10.55 2.05 21.71 -10.05 1.64 20.77
3 16 -11.55 0.9 21.7 -10.05 1.64 20.77 -10.05 0.6 20.43
4 16 -7.65 1.91 19.85 -10.05 1.64 20.77 -9.68 3.24 21.49 -8.2 3.37 20.9
3 16 -8.8 0.53 19.92 -10.05 0.6 20.43 -10.05 1.64 20.77
4 16 -7.36 0.74 19.38 -8.8 0.53 19.92 -10.05 1.64 20.77 -7.65 1.91 19.85
3 16 -9.91 -0.63 20.46 -10.05 0.6 20.43 -8.8 0.53 19.92
3 16 -10.88 -0.76 20.86 -10.05 0.6 20.43 -9.91 -0.63 20.46
3 16 -9.91 -0.63 20.46 -8.8 0.53 19.92 -8.81 -0.8 20.11
3 16 -8.81 -0.8 20.11 -8.8 0.53 19.92 -7.7 -0.43 19.74
3 16 -8.81 -0.8 20.11 -7.7 -0.43 19.74 -8.12 -1.11 19.82
4 16 -7.01 -0.73 19.26 -7.45 -1.41 19.35 -8.12 -1.11 19.82 -7.7 -0.43 19.74
3 16 -7.01 -0.73 19.26 -7.7 -0.43 19.74 -7.36 0.74 19.38
3 16 -8.8 0.53 19.92 -7.36 0.74 19.38 -7.7 -0.43 19.74
3 16 -7.01 -0.73 19.26 -7.36 0.74 19.38 -6.97 0.84 18.85
3 16 -7.36 0.74 19.38 -7.27 2.14 18.97 -6.97 0.84 18.85
3 16 -7.36 0.74 19.38 -7.65 1.91 19.85 -7.27 2.14 18.97
3 16 -7.25 2.66 19.05 -7.27 2.14 18.97 -7.65 1.91 19.85
3 16 -7.24 3.19 20.3 -7.25 2.66 19.05 -7.65 1.91 19.85
3 16 -7.24 3.19 20.3 -7.65 1.91 19.85 -8.2 3.37 20.9
3 16 -7.24 3.19 20.3 -7.14 3.19 19.14 -7.25 2.66 19.05
3 16 -3.09 3.85 31.22 -4.7 4.46 31.87 -4.42 3.37 31.89
3 16 -3.09 3.85 31.22 -3.66 5.03 31.39 -4.7 4.46 31.87
3 16 -4.42 3.37 31.89 -3.26 2.62 31.12 -3.09 3.85 31.22
3 16 -4.42 3.37 31.89 -4.19 2.18 31.7 -3.26 2.62 31.12
3 16 -2.71 4.73 30.4 -3.66 5.03 31.39 -3.09 3.85 31.22
3 16 -2.71 4.73 30.4 -3.02 5.51 30.64 -3.66 5.03 31.39
4 16 -2.83 2.77 30.36 -2.7 3.53 30.16 -2.71 4.73 30.4 -3.09 3.85 31.22
3 16 -2.7 3.53 30.16 -2.58 4.14 29.87 -2.71 4.73 30.4
3 16 -2.83 2.77 30.36 -3.09 3.85 31.22 -3.26 2.62 31.12
4 16 -3.42 6.06 30.6 -4.04 5.97 31.09 -3.66 5.03 31.39 -3.02 5.51 30.64
3 16 -4.97 5.47 31.32 -3.66 5.03 31.39 -4.04 5.97 31.09
3 16 -4.97 5.47 31.32 -4.7 4.46 31.87 -3.66 5.03 31.39
3 16 -4.7 4.46 31.87 -4.97 5.47 31.32 -6 4.86 30.85
3 16 -4.7 4.46 31.87 -6 4.86 30.85 -5.84 3.89 31.63
3 16 -4.42 3.37 31.89 -4.7 4.46 31.87 -5.84 3.89 31.63
3 16 -6.71 3.79 30.67 -5.84 3.89 31.63 -6 4.86 30.85
3 16 -6.71 3.79 30.67 -6.84 2.72 30.98 -5.84 3.89 31.63
3 16 -6.71 3.79 30.67 -7.13 3 30.41 -6.84 2.72 30.98
3 16 -6.84 2.72 30.98 -7.13 3 30.41 -7.12 2.19 30.23
3 16 -6.84 2.72 30.98 -7.12 2.19 30.23 -6.82 1.96 31
3 16 -7.12 2.19 30.23 -7.02 1.32 30.15 -6.82 1.96 31
3 16 -6.82 1.96 31 -7.02 1.32 30.15 -6.08 0.56 30.6
3 16 -6.08 0.56 30.6 -5.34 1.75 31.65 -6.82 1.96 31
3 16 -6.08 0.56 30.6 -4.99 0.98 31.16 -5.34 1.75 31.65
3 16 -5.34 1.75 31.65 -4.99 0.98 31.16 -4.17 1.44 31.15
3 16 -5.34 1.75 31.65 -4.17 1.44 31.15 -4.19 2.18 31.7
3 16 -6.82 1.96 31 -5.34 1.75 31.65 -5.52 2.9 31.84
4 16 -6.82 1.96 31 -5.52 2.9 31.84 -5.84 3.89 31.63 -6.84 2.72 30.98
4 16 -5.34 1.75 31.65 -4.19 2.18 31.7 -4.42 3.37 31.89 -5.52 2.9 31.84
3 16 -4.42 3.37 31.89 -5.84 3.89 31.63 -5.52 2.9 31.84
3 16 -4.19 2.18 31.7 -4.17 1.44 31.15 -3.55 1.79 30.78
3 16 -4.19 2.18 31.7 -3.55 1.79 30.78 -3.26 2.62 31.12
3 16 -3.26 2.62 31.12 -3.55 1.79 30.78 -2.97 2.07 30.32
3 16 -3.26 2.62 31.12 -2.97 2.07 30.32 -2.83 2.77 30.36
3 16 -8.61 4.29 30.41 -6.91 5.19 30.29 -7.49 6.26 29.66
3 16 -9.49 5.35 29.59 -8.61 4.29 30.41 -7.49 6.26 29.66
3 16 -9.49 5.35 29.59 -7.49 6.26 29.66 -8.71 6.45 29.06
3 16 -8.71 6.45 29.06 -10.01 5.55 28.81 -9.49 5.35 29.59
3 16 -8.71 6.45 29.06 -9.21 6.71 28.31 -10.01 5.55 28.81
3 16 -10.01 5.55 28.81 -9.21 6.71 28.31 -9.33 6.85 27.4
3 16 -10.06 6.37 27.02 -10.01 5.55 28.81 -9.33 6.85 27.4
3 16 -10.31 5.85 26.93 -10.01 5.55 28.81 -10.06 6.37 27.02
3 16 -10.31 5.85 26.93 -10.28 4.86 28.82 -10.01 5.55 28.81
3 16 -10.28 4.86 28.82 -9.49 5.35 29.59 -10.01 5.55 28.81
3 16 -10.04 5.13 26.7 -10.28 4.86 28.82 -10.31 5.85 26.93
3 16 -10.04 5.13 26.7 -10.08 3.54 26.93 -10.28 4.86 28.82
3 16 -10.14 2.67 27.49 -10.28 4.86 28.82 -10.08 3.54 26.93
3 16 -10.28 4.86 28.82 -10.14 2.67 27.49 -9.89 2.97 28.36
3 16 -10.28 4.86 28.82 -9.89 2.97 28.36 -10.01 4.04 29.22
3 16 -10.01 4.04 29.22 -9.49 5.35 29.59 -10.28 4.86 28.82
4 16 -9.03 3.57 30.09 -8.61 4.29 30.41 -9.49 5.35 29.59 -10.01 4.04 29.22
3 16 -8.61 4.29 30.41 -6.71 3.79 30.67 -6.91 5.19 30.29
3 16 -6.71 3.79 30.67 -6 4.86 30.85 -6.91 5.19 30.29
3 16 -8.61 4.29 30.41 -7.13 3 30.41 -6.71 3.79 30.67
3 16 -8.61 4.29 30.41 -9.03 3.57 30.09 -7.13 3 30.41
3 16 -7.13 3 30.41 -9.03 3.57 30.09 -8.85 2.55 29.31
3 16 -8.85 2.55 29.31 -10.01 4.04 29.22 -9.89 2.97 28.36
3 16 -8.85 2.55 29.31 -9.03 3.57 30.09 -10.01 4.04 29.22
3 16 -7.13 3 30.41 -8.85 2.55 29.31 -7.12 2.19 30.23
3 16 -0.68 6.16 29.48 -1.89 7.36 30 -1.72 6.31 30.17
3 16 -1.89 7.36 30 -0.68 6.16 29.48 -0.4 6.8 28.9
3 16 -1.89 7.36 30 -0.4 6.8 28.9 -1.19 8.24 28.88
3 16 -1.72 6.31 30.17 -0.02 4.47 28.6 -0.68 6.16 29.48
3 16 -0.02 4.47 28.6 0.22 5.1 28.16 -0.68 6.16 29.48
3 16 -0.68 6.16 29.48 0.22 5.1 28.16 -0.4 6.8 28.9
3 16 -2.96 6.72 30.35 -1.72 6.31 30.17 -1.89 7.36 30
3 16 -2.96 6.72 30.35 -1.89 7.36 30 -2.7 7.75 30.14
3 16 -2.7 7.75 30.14 -1.89 7.36 30 -2.36 8.69 29.47
3 16 -2.36 8.69 29.47 -1.89 7.36 30 -1.19 8.24 28.88
3 16 -2.43 5.94 30.25 -1.72 6.31 30.17 -2.96 6.72 30.35
3 16 -2.43 5.94 30.25 -2.96 6.72 30.35 -3.42 6.06 30.6
3 16 -2.43 5.94 30.25 -3.42 6.06 30.6 -3.02 5.51 30.64
3 16 -2.71 4.73 30.4 -2.43 5.94 30.25 -3.02 5.51 30.64
3 16 -1.67 4.22 29.41 -2.43 5.94 30.25 -2.71 4.73 30.4
3 16 -1.67 4.22 29.41 -1.72 6.31 30.17 -2.43 5.94 30.25
3 16 -1.67 4.22 29.41 -0.02 4.47 28.6 -1.72 6.31 30.17
3 16 -1.67 4.22 29.41 -2.71 4.73 30.4 -2.58 4.14 29.87
3 16 -1.67 4.22 29.41 -0.85 3.66 28.83 -0.02 4.47 28.6
3 16 -0.85 3.66 28.83 -0.13 3.42 27.88 -0.02 4.47 28.6
3 16 -1.19 8.24 28.88 -0.4 6.8 28.9 -0.58 7.55 28.01
3 16 -0.22 6.31 27.57 -0.4 6.8 28.9 0.22 5.1 28.16
3 16 -0.22 6.31 27.57 -0.58 7.55 28.01 -0.4 6.8 28.9
3 16 -0.05 5.02 27.28 -0.22 6.31 27.57 0.22 5.1 28.16
3 16 -0.02 4.47 28.6 -0.05 5.02 27.28 0.22 5.1 28.16
3 16 -0.02 4.47 28.6 -0.13 3.42 27.88 -0.05 5.02 27.28
3 16 0.94 3.91 25.92 0.49 4.9 25.98 0.41 3.49 26.83
3 16 0.49 4.9 25.98 0.94 3.91 25.92 0.82 4.53 25.18
3 16 0.49 4.9 25.98 0.82 4.53 25.18 0.12 5.85 24.14
3 16 0.12 5.85 24.14 0.82 4.53 25.18 -0.46 4.8 23.38
3 16 0.84 2.93 25.53 -0.46 4.8 23.38 0.82 4.53 25.18
3 16 0.82 4.53 25.18 0.94 3.91 25.92 0.84 2.93 25.53
3 16 0.41 3.49 26.83 0.84 2.93 25.53 0.94 3.91 25.92
3 16 -0.46 4.8 23.38 0.84 2.93 25.53 -0.1 3.09 23.98
3 16 -0.27 6.41 23.4 0.12 5.85 24.14 -0.46 4.8 23.38
3 16 -0.27 6.41 23.4 0.57 6.37 24.41 0.12 5.85 24.14
3 16 0.12 5.85 24.14 0.53 6.02 26.16 0.49 4.9 25.98
3 16 0.12 5.85 24.14 0.57 6.37 24.41 0.53 6.02 26.16
3 16 0.53 6.02 26.16 -0.05 5.02 27.28 0.49 4.9 25.98
3 16 -0.05 5.02 27.28 0.41 3.49 26.83 0.49 4.9 25.98
3 16 -0.05 5.02 27.28 -0.13 3.42 27.88 0.41 3.49 26.83
3 16 -1.16 4.01 23.23 -0.46 4.8 23.38 -0.1 3.09 23.98
3 16 -1.16 4.01 23.23 -1.49 4.6 23.03 -0.46 4.8 23.38
3 16 -1.49 4.6 23.03 -1.85 5.42 22.86 -0.46 4.8 23.38
3 16 -0.27 6.41 23.4 -0.46 4.8 23.38 -1.85 5.42 22.86
3 16 -0.1 3.09 23.98 -1.59 3.09 22.54 -1.16 4.01 23.23
3 16 -0.27 6.41 23.4 -1.85 5.42 22.86 -1.91 6.49 22.63
3 16 0.41 3.49 26.83 -0.13 3.42 27.88 -0.01 1.95 27.45
3 16 0.41 3.49 26.83 -0.01 1.95 27.45 0.51 2.32 26.72
3 16 0.41 3.49 26.83 0.51 2.32 26.72 0.84 2.93 25.53
3 16 -10.02 6.4 21.61 -9.65 4.84 20.92 -10.4 4.43 21.55
3 16 -10.02 6.4 21.61 -8.93 6.46 20.74 -9.65 4.84 20.92
3 16 -10.4 4.43 21.55 -9.65 4.84 20.92 -9.68 3.24 21.49
3 16 -10.4 4.43 21.55 -9.68 3.24 21.49 -10.5 3.07 22.03
3 16 -8.93 6.46 20.74 -8.36 4.91 20.4 -9.65 4.84 20.92
3 16 -8.93 6.46 20.74 -8.14 5.8 20.45 -8.36 4.91 20.4
3 16 -11.15 3.65 22.51 -10.4 4.43 21.55 -10.5 3.07 22.03
3 16 -8.36 4.91 20.4 -8.2 3.37 20.9 -9.65 4.84 20.92
3 16 -9.68 3.24 21.49 -9.65 4.84 20.92 -8.2 3.37 20.9
3 16 -11.04 2.29 22.88 -11.15 3.65 22.51 -10.5 3.07 22.03
3 16 -11.04 2.29 22.88 -11.32 3.32 23.36 -11.15 3.65 22.51
4 16 -11.15 3.65 22.51 -11.32 3.32 23.36 -11.49 3.75 24.28 -11.32 4.16 23.4
3 16 -11.32 4.16 23.4 -11.49 3.75 24.28 -11.66 4.5 23.9
3 16 -11.32 4.16 23.4 -11.66 4.5 23.9 -11.18 5.46 23.57
3 16 -11.32 4.16 23.4 -11.18 5.46 23.57 -10.7 4.94 22.75
3 16 -11.18 5.46 23.57 -10.42 6.14 22.55 -10.7 4.94 22.75
3 16 -10.7 4.94 22.75 -10.42 6.14 22.55 -10.02 6.4 21.61
3 16 -11.18 5.46 23.57 -10.58 6.49 23.41 -10.42 6.14 22.55
4 16 -11.32 4.16 23.4 -10.7 4.94 22.75 -10.4 4.43 21.55 -11.15 3.65 22.51
3 16 -8.14 5.8 20.45 -7.63 5.2 19.91 -8.36 4.91 20.4
3 16 -8.36 4.91 20.4 -7.63 5.2 19.91 -7.53 4.53 20
3 16 -8.2 3.37 20.9 -8.36 4.91 20.4 -7.53 4.53 20
3 16 -8.2 3.37 20.9 -7.53 4.53 20 -7.24 3.19 20.3
3 16 -7.53 4.53 20 -7.14 3.19 19.14 -7.24 3.19 20.3
3 16 -7.53 4.53 20 -7.23 4.44 19.1 -7.14 3.19 19.14
3 16 -10.7 4.94 22.75 -10.02 6.4 21.61 -10.4 4.43 21.55
3 16 -10.79 7.29 22.24 -10.59 7.31 23.68 -10.58 8.02 23.27
3 16 -10.79 7.29 22.24 -10.58 6.49 23.41 -10.59 7.31 23.68
3 16 -10.79 7.29 22.24 -10.58 8.02 23.27 -10.35 8.61 22.85
3 16 -10.79 7.29 22.24 -10.35 8.61 22.85 -10.17 8.41 20.89
3 16 -10.79 7.29 22.24 -10.17 8.41 20.89 -10.43 7.38 21.32
3 16 -8.83 7.66 20 -10.43 7.38 21.32 -10.17 8.41 20.89
3 16 -8.83 7.66 20 -10.17 8.41 20.89 -9.4 8.58 20.23
3 16 -10.01 9.21 21.24 -9.4 8.58 20.23 -10.17 8.41 20.89
3 16 -10.35 8.61 22.85 -10.01 9.21 21.24 -10.17 8.41 20.89
3 16 -10.01 9.21 21.24 -8.79 10.22 20.49 -9.4 8.58 20.23
3 16 -9.7 10.14 21.26 -8.79 10.22 20.49 -10.01 9.21 21.24
3 16 -10.17 10.02 22.02 -9.7 10.14 21.26 -10.01 9.21 21.24
3 16 -10.17 10.02 22.02 -10.01 9.21 21.24 -10.21 9.43 22.55
3 16 -10.35 8.61 22.85 -10.21 9.43 22.55 -10.01 9.21 21.24
3 16 -8.09 9.41 20.12 -9.4 8.58 20.23 -8.79 10.22 20.49
3 16 -7.94 10.26 19.99 -8.09 9.41 20.12 -8.79 10.22 20.49
3 16 -8.09 9.41 20.12 -7.45 8.32 19.72 -9.4 8.58 20.23
3 16 -8.83 7.66 20 -9.4 8.58 20.23 -7.45 8.32 19.72
3 16 -8.09 9.41 20.12 -6.84 9.48 19.96 -7.45 8.32 19.72
3 16 -7.94 10.26 19.99 -6.84 9.48 19.96 -8.09 9.41 20.12
3 16 -7.94 10.26 19.99 -7.06 10.46 19.67 -6.84 9.48 19.96
3 16 -8.83 7.66 20 -7.45 8.32 19.72 -7.76 7.37 19.8
3 16 -7.76 7.37 19.8 -8.93 6.46 20.74 -8.83 7.66 20
3 16 -8.93 6.46 20.74 -10.43 7.38 21.32 -8.83 7.66 20
3 16 -8.93 6.46 20.74 -10.02 6.4 21.61 -10.43 7.38 21.32
3 16 -10.79 7.29 22.24 -10.43 7.38 21.32 -10.02 6.4 21.61
3 16 -10.79 7.29 22.24 -10.02 6.4 21.61 -10.42 6.14 22.55
3 16 -10.58 6.49 23.41 -10.79 7.29 22.24 -10.42 6.14 22.55
3 16 -10.97 9.46 25.47 -10.55 7.94 25.37 -10.52 9.67 26.04
3 16 -10.52 9.67 26.04 -10.74 10.14 25.16 -10.97 9.46 25.47
3 16 -10.52 9.67 26.04 -10.24 10.27 25.84 -10.74 10.14 25.16
3 16 -10.97 9.46 25.47 -10.74 10.14 25.16 -10.73 9.3 24.05
3 16 -10.97 9.46 25.47 -10.73 9.3 24.05 -11.14 8.77 24.27
3 16 -10.55 7.94 25.37 -10.97 9.46 25.47 -11.14 8.77 24.27
3 16 -9.71 9.59 26.18 -10.24 10.27 25.84 -10.52 9.67 26.04
3 16 -9.71 9.59 26.18 -9.33 10.19 26.02 -10.24 10.27 25.84
3 16 -10.52 9.67 26.04 -9.72 8.34 26.06 -9.71 9.59 26.18
3 16 -10.52 9.67 26.04 -10.55 7.94 25.37 -9.72 8.34 26.06
3 16 -10.55 7.94 25.37 -11.14 8.77 24.27 -10.92 7.79 24.38
3 16 -10.58 8.02 23.27 -11.14 8.77 24.27 -10.73 9.3 24.05
3 16 -10.92 7.79 24.38 -11.14 8.77 24.27 -10.58 8.02 23.27
3 16 -10.58 8.02 23.27 -10.73 9.3 24.05 -10.35 8.61 22.85
3 16 -10.74 10.14 25.16 -10.27 10.11 24.32 -10.73 9.3 24.05
3 16 -10.23 9.67 23.84 -10.73 9.3 24.05 -10.27 10.11 24.32
3 16 -10.35 8.61 22.85 -10.73 9.3 24.05 -10.23 9.67 23.84
3 16 -10.74 10.14 25.16 -10.15 10.8 24.73 -10.27 10.11 24.32
3 16 -10.24 10.27 25.84 -10.15 10.8 24.73 -10.74 10.14 25.16
3 16 -10.24 10.27 25.84 -9.58 11.09 25.36 -10.15 10.8 24.73
3 16 -9.33 10.19 26.02 -9.58 11.09 25.36 -10.24 10.27 25.84
3 16 -9.33 10.19 26.02 -8.47 11.22 25.74 -9.58 11.09 25.36
3 16 -10.59 7.31 23.68 -10.92 7.79 24.38 -10.58 8.02 23.27
3 16 -10.35 8.61 22.85 -10.23 9.67 23.84 -10.21 9.43 22.55
3 16 -10.17 10.1 22.87 -10.21 9.43 22.55 -10.23 9.67 23.84
3 16 -10.18 10.89 23.92 -10.23 9.67 23.84 -10.27 10.11 24.32
3 16 -10.18 10.89 23.92 -10.27 10.11 24.32 -10.15 10.8 24.73
3 16 -9.98 10.56 23.24 -10.17 10.1 22.87 -10.23 9.67 23.84
3 16 -10.18 10.89 23.92 -9.98 10.56 23.24 -10.23 9.67 23.84
3 16 0.99 8.25 23.52 0.91 6.94 25.65 0.73 7.12 23.03
3 16 0.99 8.25 23.52 0.76 7.57 25.78 0.91 6.94 25.65
3 16 0.76 7.57 25.78 0.99 8.25 23.52 1.12 9.37 25.23
3 16 0.91 6.94 25.65 0.57 6.37 24.41 0.73 7.12 23.03
3 16 0.91 6.94 25.65 0.53 6.02 26.16 0.57 6.37 24.41
3 16 -0.27 6.41 23.4 0.73 7.12 23.03 0.57 6.37 24.41
3 16 -0.27 6.41 23.4 -0.31 7.03 22.59 0.73 7.12 23.03
3 16 0.76 7.57 25.78 0.57 8.96 25.92 0.01 8.08 26.64
3 16 0.76 7.57 25.78 0.01 8.08 26.64 0.29 7.01 26.52
3 16 0.29 7.01 26.52 0.91 6.94 25.65 0.76 7.57 25.78
3 16 0.29 7.01 26.52 0.53 6.02 26.16 0.91 6.94 25.65
3 16 0.99 8.25 23.52 0.73 7.12 23.03 0.51 7.85 22.59
3 16 0.51 7.85 22.59 0.73 7.12 23.03 -0.31 7.03 22.59
3 16 0.99 8.25 23.52 0.51 7.85 22.59 0.01 8.78 22.64
3 16 0.99 8.25 23.52 0.01 8.78 22.64 0.15 9.64 23.03
3 16 0.99 8.25 23.52 0.15 9.64 23.03 1.02 9.63 23.86
3 16 -0.31 7.03 22.59 -0.27 6.41 23.4 -1.91 6.49 22.63
3 16 -0.31 7.03 22.59 -1.91 6.49 22.63 -1.52 7.27 22.28
3 16 -1.36 8.05 22.22 -0.31 7.03 22.59 -1.52 7.27 22.28
3 16 -1.36 8.05 22.22 0.51 7.85 22.59 -0.31 7.03 22.59
3 16 0.01 8.78 22.64 0.51 7.85 22.59 -1.36 8.05 22.22
3 16 0.01 8.78 22.64 -1.36 8.05 22.22 -1.06 8.99 22.41
3 16 -1.06 8.99 22.41 0.15 9.64 23.03 0.01 8.78 22.64
3 16 -1.06 8.99 22.41 -1.04 9.9 22.58 0.15 9.64 23.03
3 16 1.12 9.37 25.23 0.57 8.96 25.92 0.76 7.57 25.78
3 16 0.99 8.25 23.52 1.02 9.63 23.86 1.12 9.37 25.23
3 16 -0.22 9.68 28.96 0.54 9.73 27.82 0.46 10.6 28.26
3 16 -0.22 9.68 28.96 0 9.14 28.6 0.54 9.73 27.82
3 16 -0.79 10.44 29.37 -0.22 9.68 28.96 0.46 10.6 28.26
3 16 -0.79 10.44 29.37 0.46 10.6 28.26 -0.43 11.58 29.04
3 16 0 9.14 28.6 -0.22 9.68 28.96 -1.19 8.24 28.88
3 16 -1.19 8.24 28.88 -0.22 9.68 28.96 -2.36 8.69 29.47
3 16 -0.79 10.44 29.37 -2.36 8.69 29.47 -0.22 9.68 28.96
3 16 0 9.14 28.6 -1.19 8.24 28.88 -0.58 7.55 28.01
3 16 -0.79 10.44 29.37 -2.89 10.03 30.05 -2.36 8.69 29.47
3 16 -2.09 11.86 29.61 -2.89 10.03 30.05 -0.79 10.44 29.37
3 16 -2.09 11.86 29.61 -0.79 10.44 29.37 -0.43 11.58 29.04
3 16 -2.09 11.86 29.61 -3.37 10.84 30.47 -2.89 10.03 30.05
3 16 0 9.14 28.6 0.01 8.08 26.64 0.54 9.73 27.82
3 16 0 9.14 28.6 -0.58 7.55 28.01 0.01 8.08 26.64
3 16 0.68 9.97 26.31 0.54 9.73 27.82 0.01 8.08 26.64
3 16 0.68 9.97 26.31 0.46 10.6 28.26 0.54 9.73 27.82
3 16 0.68 9.97 26.31 0.01 8.08 26.64 0.57 8.96 25.92
3 16 0.68 9.97 26.31 0.47 11.55 26.62 0.46 10.6 28.26
3 16 0.47 11.55 26.62 0.45 12.35 27.41 0.46 10.6 28.26
3 16 -0.43 11.58 29.04 0.45 12.35 27.41 -0.04 12.87 28.23
3 16 -0.04 12.87 28.23 -1.27 12.81 28.96 -0.43 11.58 29.04
3 16 -2.09 11.86 29.61 -0.43 11.58 29.04 -1.27 12.81 28.96
3 16 -0.43 11.58 29.04 0.46 10.6 28.26 0.45 12.35 27.41
3 16 1.65 10.1 24.86 1.82 11.57 24.22 1.65 10.79 25.42
3 16 1.65 10.1 24.86 1.48 10.59 23.5 1.82 11.57 24.22
3 16 1.82 11.57 24.22 1.48 10.59 23.5 1.24 11.54 22.75
3 16 1.82 11.57 24.22 1.24 11.54 22.75 1.31 12.14 23.08
3 16 1.31 12.14 23.08 1.48 12.59 24.69 1.82 11.57 24.22
3 16 1.65 10.79 25.42 1.82 11.57 24.22 1.48 12.59 24.69
3 16 1.31 12.14 23.08 0.83 12.79 22.98 1.48 12.59 24.69
3 16 0.83 12.79 22.98 1.31 12.14 23.08 1.24 11.54 22.75
3 16 1.65 10.79 25.42 1.48 12.59 24.69 0.87 12.72 26.32
3 16 1.48 12.59 24.69 0.83 12.79 22.98 1.31 13.95 23.57
3 16 1.48 12.59 24.69 1.31 13.95 23.57 1.52 13.46 25.12
3 16 0.87 12.72 26.32 0.85 11.42 26.14 1.65 10.79 25.42
3 16 1.48 12.59 24.69 1.52 13.46 25.12 0.87 12.72 26.32
3 16 0.68 9.97 26.31 1.65 10.79 25.42 0.85 11.42 26.14
3 16 0.68 9.97 26.31 0.85 11.42 26.14 0.47 11.55 26.62
3 16 0.87 12.72 26.32 0.47 11.55 26.62 0.85 11.42 26.14
3 16 1.12 9.37 25.23 1.65 10.1 24.86 1.65 10.79 25.42
3 16 1.12 9.37 25.23 1.65 10.79 25.42 0.57 8.96 25.92
3 16 1.65 10.79 25.42 0.68 9.97 26.31 0.57 8.96 25.92
3 16 0.83 12.79 22.98 1.24 11.54 22.75 0.26 11.82 22.13
3 16 1.24 11.54 22.75 0.38 10.62 22.52 0.26 11.82 22.13
3 16 1.24 11.54 22.75 1.48 10.59 23.5 0.38 10.62 22.52
3 16 0 13.42 22.23 1.31 13.95 23.57 0.83 12.79 22.98
3 16 0 13.42 22.23 0.83 12.79 22.98 0.26 11.82 22.13
3 16 0 13.42 22.23 0.6 14.63 22.26 1.31 13.95 23.57
3 16 0.26 11.82 22.13 0.38 10.62 22.52 -0.54 11.53 21.98
3 16 -1.04 9.9 22.58 -0.54 11.53 21.98 0.38 10.62 22.52
3 16 -1.04 9.9 22.58 0.38 10.62 22.52 0.15 9.64 23.03
3 16 -0.46 12.76 21.16 0.26 11.82 22.13 -0.54 11.53 21.98
3 16 0 13.42 22.23 0.26 11.82 22.13 -0.46 12.76 21.16
3 16 -0.46 12.76 21.16 -0.54 11.53 21.98 -1.03 11.99 21.17
3 16 0.15 9.64 23.03 0.38 10.62 22.52 1.48 10.59 23.5
3 16 0.15 9.64 23.03 1.48 10.59 23.5 1.02 9.63 23.86
3 16 1.65 10.1 24.86 1.02 9.63 23.86 1.48 10.59 23.5
3 16 1.65 10.1 24.86 1.12 9.37 25.23 1.02 9.63 23.86
3 16 -7.35 9.21 29.41 -8.9 7.96 29.12 -8.04 6.85 29.65
3 16 -7.35 9.21 29.41 -8.09 9.59 28.84 -8.9 7.96 29.12
3 16 -9.05 9.29 28.06 -8.9 7.96 29.12 -8.09 9.59 28.84
3 16 -9.05 9.29 28.06 -9.42 8.41 28.15 -8.9 7.96 29.12
3 16 -9.05 9.29 28.06 -8.09 9.59 28.84 -8.55 10.02 27.95
4 16 -9.33 10.19 26.02 -9.71 9.59 26.18 -9.05 9.29 28.06 -8.55 10.02 27.95
3 16 -8.04 6.85 29.65 -8.9 7.96 29.12 -8.86 7.15 29.13
3 16 -8.04 6.85 29.65 -8.86 7.15 29.13 -8.71 6.45 29.06
3 16 -8.04 6.85 29.65 -8.71 6.45 29.06 -7.49 6.26 29.66
3 16 -9.21 6.71 28.31 -8.71 6.45 29.06 -8.86 7.15 29.13
3 16 -9.21 6.71 28.31 -8.86 7.15 29.13 -9.26 7.55 28.08
3 16 -9.26 7.55 28.08 -8.9 7.96 29.12 -9.42 8.41 28.15
3 16 -9.26 7.55 28.08 -8.86 7.15 29.13 -8.9 7.96 29.12
3 16 -9.26 7.55 28.08 -9.42 8.41 28.15 -9.44 7.81 26.82
3 16 -9.05 9.29 28.06 -9.44 7.81 26.82 -9.42 8.41 28.15
3 16 -9.33 6.85 27.4 -9.26 7.55 28.08 -9.44 7.81 26.82
3 16 -9.33 6.85 27.4 -9.21 6.71 28.31 -9.26 7.55 28.08
4 16 -6.24 9.11 29.89 -7.35 9.21 29.41 -8.04 6.85 29.65 -7.11 7.4 29.91
3 16 -7.49 6.26 29.66 -7.11 7.4 29.91 -8.04 6.85 29.65
3 16 -7.35 9.21 29.41 -6.24 9.11 29.89 -6.47 9.68 29.48
3 16 -7.26 9.96 28.79 -7.35 9.21 29.41 -6.47 9.68 29.48
3 16 -8.55 10.02 27.95 -7.26 9.96 28.79 -7.52 10.75 27.92
3 16 -6.62 11.48 28.78 -7.52 10.75 27.92 -7.26 9.96 28.79
3 16 -6.62 11.48 28.78 -7.26 9.96 28.79 -6.42 10.5 29.61
3 16 -7.26 9.96 28.79 -6.47 9.68 29.48 -6.42 10.5 29.61
3 16 -8.55 10.02 27.95 -8.09 9.59 28.84 -7.26 9.96 28.79
3 16 -7.26 9.96 28.79 -8.09 9.59 28.84 -7.35 9.21 29.41
4 16 -9.33 10.19 26.02 -8.55 10.02 27.95 -7.52 10.75 27.92 -7.96 10.81 26.95
3 16 -9.33 10.19 26.02 -7.96 10.81 26.95 -8.47 11.22 25.74
4 16 -9.44 7.81 26.82 -9.05 9.29 28.06 -9.71 9.59 26.18 -9.72 8.34 26.06
3 16 1.99 16.14 23.58 1.93 16.59 24.6 2.09 15.69 24.86
3 16 1.99 16.14 23.58 1.67 17.11 23.61 1.93 16.59 24.6
3 16 1.43 16.71 22.49 1.67 17.11 23.61 1.99 16.14 23.58
3 16 1.43 16.71 22.49 0.88 17.99 22.93 1.67 17.11 23.61
3 16 0.62 17.11 21.65 0.88 17.99 22.93 1.43 16.71 22.49
3 16 0.62 17.11 21.65 0.32 18.16 21.67 0.88 17.99 22.93
3 16 2.09 15.69 24.86 1.88 14.83 23.61 1.99 16.14 23.58
3 16 2.09 15.69 24.86 1.52 13.46 25.12 1.88 14.83 23.61
3 16 1.99 16.14 23.58 1.49 15.57 22.38 1.43 16.71 22.49
3 16 1.99 16.14 23.58 1.88 14.83 23.61 1.49 15.57 22.38
3 16 1.43 16.71 22.49 0.56 16.18 21.74 0.62 17.11 21.65
3 16 1.43 16.71 22.49 1.49 15.57 22.38 0.56 16.18 21.74
3 16 1.52 13.46 25.12 1.31 13.95 23.57 1.88 14.83 23.61
3 16 2.09 15.69 24.86 1.05 13.94 25.75 1.52 13.46 25.12
3 16 2.09 15.69 24.86 0.94 15.62 25.69 1.05 13.94 25.75
3 16 1.69 16.92 25.25 2.09 15.69 24.86 1.93 16.59 24.6
3 16 1.69 16.92 25.25 0.94 15.62 25.69 2.09 15.69 24.86
3 16 1.67 17.11 23.61 1.69 16.92 25.25 1.93 16.59 24.6
3 16 0.87 12.72 26.32 1.52 13.46 25.12 1.05 13.94 25.75
3 16 0.6 14.63 22.26 1.88 14.83 23.61 1.31 13.95 23.57
3 16 0.6 14.63 22.26 1.49 15.57 22.38 1.88 14.83 23.61
3 16 0.31 15.49 21.76 1.49 15.57 22.38 0.6 14.63 22.26
3 16 0.31 15.49 21.76 0.56 16.18 21.74 1.49 15.57 22.38
3 16 1.52 17.84 23.59 1.67 17.11 23.61 0.88 17.99 22.93
3 16 1.67 17.11 23.61 1.52 17.84 23.59 1.69 16.92 25.25
3 16 0.88 17.99 22.93 0.32 18.16 21.67 0.43 18.6 22.55
3 16 -0.35 14.01 29.05 0.9 13.91 27.65 -0.12 15.01 29.12
3 16 -0.35 14.01 29.05 0.74 12.91 27.62 0.9 13.91 27.65
3 16 0.86 15.38 27.71 -0.12 15.01 29.12 0.9 13.91 27.65
3 16 0.86 15.38 27.71 0.48 15.7 28.5 -0.12 15.01 29.12
3 16 -1.36 14.68 29.6 -0.35 14.01 29.05 -0.12 15.01 29.12
3 16 -1.36 14.68 29.6 -1.9 13.4 29.52 -0.35 14.01 29.05
3 16 -1.27 12.81 28.96 -0.35 14.01 29.05 -1.9 13.4 29.52
3 16 -1.27 12.81 28.96 -0.04 12.87 28.23 -0.35 14.01 29.05
3 16 -0.04 12.87 28.23 0.74 12.91 27.62 -0.35 14.01 29.05
3 16 -1.36 14.68 29.6 -2.38 14.17 30.17 -1.9 13.4 29.52
3 16 -2.38 14.17 30.17 -1.36 14.68 29.6 -1.87 15.49 29.79
3 16 -2.38 14.17 30.17 -1.87 15.49 29.79 -3.48 14.85 30.22
3 16 -0.5 15.97 29.28 -1.36 14.68 29.6 -0.12 15.01 29.12
3 16 -0.5 15.97 29.28 -1.87 15.49 29.79 -1.36 14.68 29.6
3 16 -0.5 15.97 29.28 -0.12 15.01 29.12 0.48 15.7 28.5
4 16 -0.38 17.27 29.09 -0.5 15.97 29.28 0.48 15.7 28.5 0.35 16.35 28.56
3 16 0.35 16.35 28.56 0.48 15.7 28.5 0.86 15.38 27.71
3 16 0.35 16.35 28.56 0.86 15.38 27.71 1.09 16.26 26.98
3 16 0.94 15.62 25.69 0.86 15.38 27.71 0.9 13.91 27.65
3 16 0.94 15.62 25.69 1.09 16.26 26.98 0.86 15.38 27.71
3 16 1.05 13.94 25.75 0.94 15.62 25.69 0.9 13.91 27.65
3 16 -0.04 12.87 28.23 0.45 12.35 27.41 0.74 12.91 27.62
3 16 0.45 12.35 27.41 0.87 12.72 26.32 0.74 12.91 27.62
3 16 0.87 12.72 26.32 1.05 13.94 25.75 0.9 13.91 27.65
3 16 0.87 12.72 26.32 0.9 13.91 27.65 0.74 12.91 27.62
3 16 0.45 12.35 27.41 0.47 11.55 26.62 0.87 12.72 26.32
4 16 -4.94 13.52 30.45 -6.22 11.19 30.38 -3.56 11.86 30.8 -3.26 13.52 30.75
3 16 -6.22 11.19 30.38 -4.45 10.78 30.78 -3.56 11.86 30.8
3 16 -3.26 13.52 30.75 -3.56 11.86 30.8 -2.62 12.56 30.02
3 16 -2.38 14.17 30.17 -3.26 13.52 30.75 -2.62 12.56 30.02
3 16 -2.38 14.17 30.17 -2.62 12.56 30.02 -1.9 13.4 29.52
3 16 -3.48 14.85 30.22 -3.26 13.52 30.75 -2.38 14.17 30.17
3 16 -3.48 14.85 30.22 -3.96 14.07 30.49 -3.26 13.52 30.75
3 16 -3.96 14.07 30.49 -4.94 13.52 30.45 -3.26 13.52 30.75
3 16 -6.22 11.19 30.38 -4.94 13.52 30.45 -5.98 12.68 30.19
3 16 -5.98 12.68 30.19 -6.51 11.77 29.82 -6.22 11.19 30.38
3 16 -4.45 10.78 30.78 -3.37 10.84 30.47 -3.56 11.86 30.8
3 16 -6.22 11.19 30.38 -5.56 10.23 30.45 -4.45 10.78 30.78
3 16 -6.42 10.5 29.61 -6.22 11.19 30.38 -6.51 11.77 29.82
3 16 -6.42 10.5 29.61 -5.56 10.23 30.45 -6.22 11.19 30.38
3 16 -6.42 10.5 29.61 -6.51 11.77 29.82 -6.62 11.48 28.78
3 16 -6.51 11.77 29.82 -6.07 13.12 28.96 -6.62 11.48 28.78
3 16 -6.51 11.77 29.82 -5.98 12.68 30.19 -6.07 13.12 28.96
3 16 -6.24 9.11 29.89 -5.56 10.23 30.45 -6.42 10.5 29.61
3 16 -6.24 9.11 29.89 -6.42 10.5 29.61 -6.47 9.68 29.48
3 16 -1.9 13.4 29.52 -2.62 12.56 30.02 -2.09 11.86 29.61
3 16 -1.9 13.4 29.52 -2.09 11.86 29.61 -1.27 12.81 28.96
3 16 -5.07 14.18 29.54 -3.96 14.07 30.49 -3.48 14.85 30.22
3 16 -5.07 14.18 29.54 -4.94 13.52 30.45 -3.96 14.07 30.49
3 16 -5.07 14.18 29.54 -5.98 12.68 30.19 -4.94 13.52 30.45
3 16 -5.07 14.18 29.54 -6.07 13.12 28.96 -5.98 12.68 30.19
3 16 -2.09 11.86 29.61 -3.56 11.86 30.8 -3.37 10.84 30.47
3 16 -2.09 11.86 29.61 -2.62 12.56 30.02 -3.56 11.86 30.8
4 16 -9.74 11.08 22.8 -10.19 11.88 24.05 -8.88 13.8 23.27 -8.73 12.66 22.29
3 16 -10.19 11.88 24.05 -9.86 12.33 24.58 -8.88 13.8 23.27
3 16 -9.23 12.87 25.15 -8.88 13.8 23.27 -9.86 12.33 24.58
3 16 -9.23 12.87 25.15 -8.42 14.04 24.04 -8.88 13.8 23.27
3 16 -8.19 13.25 25.62 -8.42 14.04 24.04 -9.23 12.87 25.15
3 16 -8.19 13.25 25.62 -7.66 14.36 24.67 -8.42 14.04 24.04
3 16 -9.58 11.09 25.36 -9.23 12.87 25.15 -9.86 12.33 24.58
3 16 -9.58 11.09 25.36 -9.86 12.33 24.58 -10.15 10.8 24.73
3 16 -10.19 11.88 24.05 -10.15 10.8 24.73 -9.86 12.33 24.58
3 16 -9.23 12.87 25.15 -8.34 12.64 25.74 -8.19 13.25 25.62
3 16 -9.23 12.87 25.15 -9.58 11.09 25.36 -8.34 12.64 25.74
3 16 -8.47 11.22 25.74 -8.34 12.64 25.74 -9.58 11.09 25.36
3 16 -9.74 11.08 22.8 -8.73 12.66 22.29 -9.03 11.83 22.15
3 16 -8.73 12.66 22.29 -8.88 13.8 23.27 -8.83 13.52 22.52
3 16 -8.69 13.3 21.95 -8.73 12.66 22.29 -8.83 13.52 22.52
3 16 -9.74 11.08 22.8 -10.18 10.89 23.92 -10.19 11.88 24.05
3 16 -10.19 11.88 24.05 -10.18 10.89 23.92 -10.15 10.8 24.73
3 16 -9.74 11.08 22.8 -9.98 10.56 23.24 -10.18 10.89 23.92
3 16 -10.17 10.1 22.87 -10.17 10.02 22.02 -10.21 9.43 22.55
3 16 -10.17 10.1 22.87 -10.16 10.5 22.34 -10.17 10.02 22.02
3 16 -9.85 10.97 21.55 -10.17 10.02 22.02 -10.16 10.5 22.34
3 16 -9.85 10.97 21.55 -9.7 10.14 21.26 -10.17 10.02 22.02
3 16 -9.98 10.56 23.24 -10.16 10.5 22.34 -10.17 10.1 22.87
3 16 -9.98 10.56 23.24 -9.74 11.08 22.8 -10.16 10.5 22.34
3 16 -9.85 10.97 21.55 -10.16 10.5 22.34 -9.74 11.08 22.8
3 16 -9.85 10.97 21.55 -9.74 11.08 22.8 -9.03 11.83 22.15
3 16 -9.85 10.97 21.55 -9.03 11.83 22.15 -9 12.02 21.37
3 16 -9.85 10.97 21.55 -9 12.02 21.37 -9.18 11.46 20.8
3 16 -9.85 10.97 21.55 -9.18 11.46 20.8 -9.7 10.14 21.26
3 16 -9.18 11.46 20.8 -9 12.02 21.37 -8.83 12.16 20.89
3 16 -8.83 12.16 20.89 -8.18 12.19 20 -9.18 11.46 20.8
4 16 -8.79 10.22 20.49 -9.18 11.46 20.8 -8.18 12.19 20 -7.85 11.03 19.75
3 16 -7 11.88 19.34 -7.85 11.03 19.75 -8.18 12.19 20
3 16 -7 11.88 19.34 -8.18 12.19 20 -7.11 12.17 19.14
3 16 -9.18 11.46 20.8 -8.79 10.22 20.49 -9.7 10.14 21.26
3 16 -7.85 11.03 19.75 -7.94 10.26 19.99 -8.79 10.22 20.49
3 16 -7.85 11.03 19.75 -7.06 10.46 19.67 -7.94 10.26 19.99
3 16 -7.85 11.03 19.75 -6.89 11.29 19.43 -7.06 10.46 19.67
3 16 -7 11.88 19.34 -6.89 11.29 19.43 -7.85 11.03 19.75
3 16 -9 12.02 21.37 -9.03 11.83 22.15 -8.94 13.1 21.01
3 16 -9 12.02 21.37 -8.94 13.1 21.01 -8.81 12.63 20.76
3 16 -8.6 13.9 19.94 -8.81 12.63 20.76 -8.94 13.1 21.01
4 16 -8.33 14.12 21.54 -8.3 14.38 20.26 -8.6 13.9 19.94 -8.94 13.1 21.01
3 16 -8.3 14.38 20.26 -7.45 14.53 18.81 -8.6 13.9 19.94
3 16 -8.6 13.9 19.94 -7.45 14.53 18.81 -7.79 13.11 19.04
3 16 -8.33 14.12 21.54 -8.94 13.1 21.01 -8.69 13.3 21.95
3 16 -8.33 14.12 21.54 -7.89 14.64 20.67 -8.3 14.38 20.26
3 16 -8.3 14.38 20.26 -7.58 15.29 19.62 -7.45 14.53 18.81
3 16 -8.3 14.38 20.26 -7.89 14.64 20.67 -7.58 15.29 19.62
3 16 -6.86 15.42 18.93 -7.45 14.53 18.81 -7.58 15.29 19.62
3 16 -6.86 15.42 18.93 -6.22 14.98 18.48 -7.45 14.53 18.81
3 16 -7.45 14.53 18.81 -6.38 13.26 18.05 -7.79 13.11 19.04
3 16 -7.79 13.11 19.04 -6.38 13.26 18.05 -6.94 12.56 18.65
3 16 -7.79 13.11 19.04 -6.94 12.56 18.65 -7.11 12.17 19.14
3 16 -7.79 13.11 19.04 -7.11 12.17 19.14 -8.18 12.19 20
4 16 -8.6 13.9 19.94 -7.79 13.11 19.04 -8.18 12.19 20 -8.81 12.63 20.76
3 16 -7.45 14.53 18.81 -5.96 13.96 17.83 -6.38 13.26 18.05
3 16 -5.96 13.96 17.83 -7.45 14.53 18.81 -6.22 14.98 18.48
3 16 -5.96 13.96 17.83 -6.22 14.98 18.48 -5.27 14.27 17.7
3 16 -8.81 12.63 20.76 -8.18 12.19 20 -8.83 12.16 20.89
3 16 -9 12.02 21.37 -8.81 12.63 20.76 -8.83 12.16 20.89
3 16 -8.94 13.1 21.01 -8.73 12.66 22.29 -8.69 13.3 21.95
3 16 -8.94 13.1 21.01 -9.03 11.83 22.15 -8.73 12.66 22.29
3 16 -2.83 18.49 29.73 -4.38 17.15 29.33 -3.58 16.22 30.12
3 16 -3.58 16.22 30.12 -2.31 16.59 30.27 -2.83 18.49 29.73
3 16 -4.38 17.15 29.33 -5.1 15.33 29.18 -3.58 16.22 30.12
3 16 -2.31 16.59 30.27 -1.13 16.93 29.81 -1.48 18.95 29.57
3 16 -1.48 18.95 29.57 -2.83 18.49 29.73 -2.31 16.59 30.27
4 16 -0.5 15.97 29.28 -1.13 16.93 29.81 -2.31 16.59 30.27 -1.87 15.49 29.79
3 16 -3.58 16.22 30.12 -1.87 15.49 29.79 -2.31 16.59 30.27
3 16 -0.5 15.97 29.28 -0.38 17.27 29.09 -1.13 16.93 29.81
3 16 -1.48 18.95 29.57 -1.13 16.93 29.81 -0.38 17.27 29.09
3 16 -5.03 16.72 28.12 -5.1 15.33 29.18 -4.38 17.15 29.33
3 16 -5.03 16.72 28.12 -5.56 14.96 28.29 -5.1 15.33 29.18
3 16 -5.03 16.72 28.12 -6.06 15.85 26.95 -5.56 14.96 28.29
3 16 -5.03 16.72 28.12 -5.73 17.18 27.58 -6.06 15.85 26.95
3 16 -5.73 17.18 27.58 -5.03 16.72 28.12 -4.74 17.77 28.21
3 16 -4.38 17.15 29.33 -4.74 17.77 28.21 -5.03 16.72 28.12
3 16 -5.73 17.18 27.58 -4.74 17.77 28.21 -5.21 18.56 27.86
3 16 -5.1 15.33 29.18 -3.48 14.85 30.22 -3.58 16.22 30.12
3 16 -3.58 16.22 30.12 -3.48 14.85 30.22 -1.87 15.49 29.79
3 16 -5.1 15.33 29.18 -5.07 14.18 29.54 -3.48 14.85 30.22
3 16 -5.1 15.33 29.18 -5.56 14.96 28.29 -5.07 14.18 29.54
3 16 -5.07 14.18 29.54 -5.56 14.96 28.29 -6.07 13.12 28.96
3 16 -1.48 18.95 29.57 -0.38 17.27 29.09 -0.92 19.18 29.32
3 16 -4.38 17.15 29.33 -3.94 18.06 29.18 -4.74 17.77 28.21
3 16 -4.38 17.15 29.33 -2.83 18.49 29.73 -3.94 18.06 29.18
4 16 -7.85 14.75 26.32 -8.19 13.25 25.62 -8.34 12.64 25.74 -8.1 13.74 27
3 16 -7.22 14.88 27.33 -7.85 14.75 26.32 -8.1 13.74 27
3 16 -7.22 14.88 27.33 -7.31 15.24 26.49 -7.85 14.75 26.32
3 16 -8.18 12.29 26.79 -8.1 13.74 27 -8.34 12.64 25.74
3 16 -8.18 12.29 26.79 -7.84 12.85 27.63 -8.1 13.74 27
3 16 -8.18 12.29 26.79 -7.52 10.75 27.92 -7.84 12.85 27.63
3 16 -7.84 12.85 27.63 -7.52 10.75 27.92 -6.62 11.48 28.78
3 16 -7.84 12.85 27.63 -6.62 11.48 28.78 -7.25 12.94 28.47
3 16 -8.18 12.29 26.79 -7.96 10.81 26.95 -7.52 10.75 27.92
3 16 -7.05 14.12 28.1 -7.84 12.85 27.63 -7.25 12.94 28.47
3 16 -7.05 14.12 28.1 -8.1 13.74 27 -7.84 12.85 27.63
3 16 -7.05 14.12 28.1 -7.22 14.88 27.33 -8.1 13.74 27
3 16 -6.07 13.12 28.96 -7.25 12.94 28.47 -6.62 11.48 28.78
3 16 -6.07 13.12 28.96 -7.05 14.12 28.1 -7.25 12.94 28.47
3 16 -6.07 13.12 28.96 -5.56 14.96 28.29 -7.05 14.12 28.1
3 16 -7.22 14.88 27.33 -7.05 14.12 28.1 -5.56 14.96 28.29
3 16 -7.22 14.88 27.33 -5.56 14.96 28.29 -6.06 15.85 26.95
3 16 -7.31 15.24 26.49 -7.22 14.88 27.33 -6.06 15.85 26.95
3 16 -7.31 15.24 26.49 -6.06 15.85 26.95 -6.58 15.94 26.35
3 16 -8.47 11.22 25.74 -7.96 10.81 26.95 -8.18 12.29 26.79
3 16 -7.85 14.75 26.32 -7.31 15.24 26.49 -7.32 15.53 24.68
3 16 -6.58 15.94 26.35 -7.32 15.53 24.68 -7.31 15.24 26.49
3 16 -7.85 14.75 26.32 -7.32 15.53 24.68 -7.66 14.36 24.67
3 16 -8.18 12.29 26.79 -8.34 12.64 25.74 -8.47 11.22 25.74
3 16 -6.58 15.94 26.35 -6.96 16.88 25.08 -7.32 15.53 24.68
3 16 -8.19 13.25 25.62 -7.85 14.75 26.32 -7.66 14.36 24.67
3 16 1.22 18.88 28.27 0.57 17.46 28.77 1.5 17.81 27.93
4 16 -0.59 20.48 29.05 0.57 17.46 28.77 1.22 18.88 28.27 0.79 19.79 28.4
3 16 0.57 17.46 28.77 1.48 16.84 27.48 1.5 17.81 27.93
3 16 0.57 17.46 28.77 0.35 16.35 28.56 1.48 16.84 27.48
3 16 1.5 17.81 27.93 1.48 16.84 27.48 1.8 17.2 26.7
3 16 1.5 17.81 27.93 1.8 17.2 26.7 2.03 18.14 26.99
4 16 1.5 17.81 27.93 2.03 18.14 26.99 1.79 19.33 27.24 1.22 18.88 28.27
3 16 0.79 19.79 28.4 1.22 18.88 28.27 1.79 19.33 27.24
3 16 0.35 16.35 28.56 1.09 16.26 26.98 1.48 16.84 27.48
3 16 1.09 16.26 26.98 1.8 17.2 26.7 1.48 16.84 27.48
3 16 0.57 17.46 28.77 -0.38 17.27 29.09 0.35 16.35 28.56
3 16 -0.92 19.18 29.32 0.57 17.46 28.77 -0.59 20.48 29.05
3 16 -0.92 19.18 29.32 -0.38 17.27 29.09 0.57 17.46 28.77
3 16 1.57 20.5 27.39 0.79 19.79 28.4 1.79 19.33 27.24
3 16 1.57 20.5 27.39 0.38 20.74 28.14 0.79 19.79 28.4
3 16 0.79 19.79 28.4 0.38 20.74 28.14 -0.59 20.48 29.05
3 16 1.89 20.1 25.87 1.57 20.5 27.39 1.79 19.33 27.24
3 16 1.79 19.33 27.24 1.9 18.43 25.96 1.89 20.1 25.87
3 16 1.79 19.33 27.24 2.03 18.14 26.99 1.9 18.43 25.96
3 16 1.59 17.2 26.2 2.03 18.14 26.99 1.8 17.2 26.7
3 16 1.59 17.2 26.2 1.9 18.43 25.96 2.03 18.14 26.99
3 16 1.09 16.26 26.98 1.59 17.2 26.2 1.8 17.2 26.7
3 16 1.69 16.92 25.25 1.52 17.84 23.59 2.27 18.18 24.67
3 16 2.28 19.55 24.16 2.27 18.18 24.67 1.52 17.84 23.59
3 16 1.9 18.43 25.96 1.69 16.92 25.25 2.27 18.18 24.67
3 16 2.27 18.18 24.67 2.28 19.55 24.16 1.89 20.1 25.87
3 16 1.9 18.43 25.96 1.59 17.2 26.2 1.69 16.92 25.25
3 16 1.89 20.1 25.87 1.9 18.43 25.96 2.27 18.18 24.67
3 16 2.28 19.55 24.16 1.94 21.53 24.51 1.89 20.1 25.87
3 16 2.28 19.55 24.16 1.59 20.62 23.54 1.94 21.53 24.51
3 16 2.28 19.55 24.16 1.04 19.96 22.98 1.59 20.62 23.54
3 16 1.59 20.62 23.54 0.66 22.07 23.52 1.94 21.53 24.51
3 16 1.59 20.62 23.54 -0.22 21.45 22.29 0.66 22.07 23.52
3 16 -0.22 21.45 22.29 1.59 20.62 23.54 1.04 19.96 22.98
3 16 0.66 22.07 23.52 -0.22 21.45 22.29 -0.41 22.53 22.44
3 16 1.04 19.96 22.98 2.28 19.55 24.16 0.43 18.6 22.55
3 16 0.43 18.6 22.55 2.28 19.55 24.16 1.52 17.84 23.59
3 16 1.04 19.96 22.98 0.43 18.6 22.55 -0.08 19.46 22.31
3 16 1.04 19.96 22.98 -0.08 19.46 22.31 -0.29 20.52 22.24
3 16 -0.22 21.45 22.29 1.04 19.96 22.98 -0.29 20.52 22.24
3 16 0.88 17.99 22.93 0.43 18.6 22.55 1.52 17.84 23.59
3 16 0.94 15.62 25.69 1.69 16.92 25.25 1.59 17.2 26.2
3 16 0.94 15.62 25.69 1.59 17.2 26.2 1.09 16.26 26.98
3 16 -7.98 16.14 19.95 -7.77 16.39 21.07 -7.8 16.91 20
3 16 -7.98 16.14 19.95 -8.15 15.73 21.73 -7.77 16.39 21.07
3 16 -7.98 16.14 19.95 -7.91 15.05 21.29 -8.15 15.73 21.73
3 16 -7.98 16.14 19.95 -7.8 15.6 19.79 -7.91 15.05 21.29
3 16 -7.89 14.64 20.67 -7.91 15.05 21.29 -7.8 15.6 19.79
3 16 -7.89 14.64 20.67 -7.8 15.6 19.79 -7.58 15.29 19.62
3 16 -7.98 16.14 19.95 -7.8 16.91 20 -7.43 17.25 18.9
3 16 -7.8 15.6 19.79 -7.19 16.47 18.69 -6.86 15.42 18.93
3 16 -7.58 15.29 19.62 -7.8 15.6 19.79 -6.86 15.42 18.93
3 16 -7.8 16.91 20 -7.77 16.39 21.07 -7.84 16.92 21.33
3 16 -7.8 16.91 20 -7.84 16.92 21.33 -7.86 18.01 20.81
3 16 -7.86 18.01 20.81 -7.43 17.67 19.88 -7.8 16.91 20
3 16 -7.86 18.01 20.81 -7.84 16.92 21.33 -8.07 17.47 21.38
3 16 -7.27 18.33 20.15 -7.43 17.67 19.88 -7.86 18.01 20.81
3 16 -7.43 17.67 19.88 -7.27 18.33 20.15 -6.75 18.73 19.42
3 16 -7.43 17.67 19.88 -7.43 17.25 18.9 -7.8 16.91 20
3 16 -7.43 17.25 18.9 -7.43 17.67 19.88 -6.75 18.73 19.42
4 16 -7.8 15.6 19.79 -7.98 16.14 19.95 -7.43 17.25 18.9 -7.19 16.47 18.69
3 16 -7.19 16.47 18.69 -7.43 17.25 18.9 -6.02 17.75 18.01
3 16 -7.43 17.25 18.9 -6.75 18.73 19.42 -6.02 17.75 18.01
3 16 -7.19 16.47 18.69 -6.02 17.75 18.01 -5.86 16.87 17.64
3 16 -4.46 16.23 17.24 -5.86 16.87 17.64 -6.02 17.75 18.01
3 16 -4.46 16.23 17.24 -6.02 17.75 18.01 -3.13 16.97 16.69
3 16 -6.75 18.73 19.42 -6 18.37 18.55 -6.02 17.75 18.01
3 16 -3.13 16.97 16.69 -6.02 17.75 18.01 -6 18.37 18.55
3 16 -6.75 18.73 19.42 -5.85 18.99 18.86 -6 18.37 18.55
3 16 -4.51 19.11 18.46 -6 18.37 18.55 -5.85 18.99 18.86
3 16 -4.51 19.11 18.46 -3.28 18.33 17.79 -6 18.37 18.55
3 16 -4.51 19.11 18.46 -2.97 19.21 18.23 -3.28 18.33 17.79
3 16 -5.86 16.87 17.64 -4.46 16.23 17.24 -5.56 15.82 17.94
3 16 -5.56 15.82 17.94 -7.19 16.47 18.69 -5.86 16.87 17.64
3 16 -5.56 15.82 17.94 -6.86 15.42 18.93 -7.19 16.47 18.69
3 16 -6.22 14.98 18.48 -6.86 15.42 18.93 -5.56 15.82 17.94
3 16 -4.46 16.23 17.24 -4.36 14.9 17.3 -5.56 15.82 17.94
3 16 -6.22 14.98 18.48 -5.56 15.82 17.94 -4.36 14.9 17.3
3 16 -4.46 16.23 17.24 -4.11 15.74 16.8 -4.36 14.9 17.3
3 16 -2.44 17.42 17.02 -6 18.37 18.55 -3.28 18.33 17.79
3 16 -3.13 16.97 16.69 -6 18.37 18.55 -2.44 17.42 17.02
3 16 -8.41 18.74 23.17 -8.74 19.37 22.93 -8.71 18.09 21.89
3 16 -8.28 17.63 22.56 -8.41 18.74 23.17 -8.71 18.09 21.89
3 16 -8.28 17.63 22.56 -7.88 18.15 23.28 -8.41 18.74 23.17
3 16 -7.27 18.82 24.18 -8.41 18.74 23.17 -7.88 18.15 23.28
3 16 -7.27 18.82 24.18 -7.76 20.03 23.94 -8.41 18.74 23.17
3 16 -8.74 19.37 22.93 -8.41 18.74 23.17 -7.76 20.03 23.94
3 16 -7.27 18.82 24.18 -7.24 19.8 24.69 -7.76 20.03 23.94
3 16 -8.71 18.09 21.89 -8.26 17.46 21.86 -8.28 17.63 22.56
3 16 -8.71 18.09 21.89 -8.19 18.72 21.02 -8.26 17.46 21.86
3 16 -7.86 18.01 20.81 -8.26 17.46 21.86 -8.19 18.72 21.02
3 16 -7.86 18.01 20.81 -8.07 17.47 21.38 -8.26 17.46 21.86
3 16 -7.34 19.07 20.31 -7.86 18.01 20.81 -8.19 18.72 21.02
3 16 -7.34 19.07 20.31 -7.27 18.33 20.15 -7.86 18.01 20.81
3 16 -7.62 19.9 21.06 -7.34 19.07 20.31 -8.19 18.72 21.02
3 16 -8.19 18.72 21.02 -8.57 19.71 21.54 -7.62 19.9 21.06
4 16 -8.74 18.88 21.58 -8.74 19.37 22.93 -8.57 20.36 23.23 -8.57 19.71 21.54
3 16 -7.76 20.03 23.94 -8.57 20.36 23.23 -8.74 19.37 22.93
3 16 -8.57 20.36 23.23 -8.33 20.2 21.72 -8.57 19.71 21.54
3 16 -8.33 20.2 21.72 -7.62 19.9 21.06 -8.57 19.71 21.54
3 16 -8.57 20.36 23.23 -8.24 20.83 23.1 -8.33 20.2 21.72
3 16 -8.24 20.83 23.1 -7.77 20.5 21.58 -8.33 20.2 21.72
3 16 -8.33 20.2 21.72 -7.77 20.5 21.58 -7.62 19.9 21.06
3 16 -6.84 20.84 20.96 -7.62 19.9 21.06 -7.77 20.5 21.58
3 16 -6.84 20.84 20.96 -6.9 20.19 20.54 -7.62 19.9 21.06
3 16 -6.9 20.19 20.54 -7.09 19.73 20.24 -7.62 19.9 21.06
3 16 -7.62 19.9 21.06 -7.09 19.73 20.24 -7.34 19.07 20.31
3 16 -8.24 20.83 23.1 -7.75 21.28 23.08 -7.77 20.5 21.58
3 16 -7.75 21.28 23.08 -8.24 20.83 23.1 -8.29 20.62 23.58
3 16 -8.24 20.83 23.1 -8.57 20.36 23.23 -8.29 20.62 23.58
3 16 -7.75 21.28 23.08 -8.29 20.62 23.58 -7.25 21.64 23.57
3 16 -7.25 21.64 23.57 -8.29 20.62 23.58 -7.76 20.03 23.94
3 16 -7.76 20.03 23.94 -8.29 20.62 23.58 -8.57 20.36 23.23
3 16 -7.25 21.64 23.57 -7.76 20.03 23.94 -6.76 21.12 24.25
4 16 -7.59 21.69 22.83 -7.6 21.35 22.16 -7.77 20.5 21.58 -7.75 21.28 23.08
3 16 -7.25 21.64 23.57 -7.59 21.69 22.83 -7.75 21.28 23.08
3 16 -7.25 21.64 23.57 -7.31 22.18 23.21 -7.59 21.69 22.83
3 16 -7.25 21.64 23.57 -6.85 22.54 23.88 -7.31 22.18 23.21
3 16 -7.28 21.56 21.31 -6.84 20.84 20.96 -7.77 20.5 21.58
3 16 -7.6 21.35 22.16 -7.28 21.56 21.31 -7.77 20.5 21.58
3 16 -7.76 20.03 23.94 -7.24 19.8 24.69 -6.76 21.12 24.25
3 16 -8.19 18.72 21.02 -8.74 18.88 21.58 -8.57 19.71 21.54
3 16 -8.71 18.09 21.89 -8.74 18.88 21.58 -8.19 18.72 21.02
3 16 -8.71 18.09 21.89 -8.74 19.37 22.93 -8.74 18.88 21.58
3 16 -6.6 20.77 19.69 -5.77 20.51 18.74 -6.7 20.17 19.39
3 16 -6.6 20.77 19.69 -5.62 21.15 18.96 -5.77 20.51 18.74
3 16 -6.7 20.17 19.39 -6.9 20.19 20.54 -6.6 20.77 19.69
3 16 -6.7 20.17 19.39 -7.09 19.73 20.24 -6.9 20.19 20.54
3 16 -6.6 20.77 19.69 -6.9 20.19 20.54 -6.84 20.84 20.96
3 16 -6.6 20.77 19.69 -6.84 20.84 20.96 -6.15 21.4 20.31
3 16 -6.15 21.4 20.31 -5.62 21.15 18.96 -6.6 20.77 19.69
3 16 -6.15 21.4 20.31 -5.2 21.78 19.56 -5.62 21.15 18.96
3 16 -4.34 21.43 18.47 -5.62 21.15 18.96 -5.2 21.78 19.56
3 16 -4.34 21.43 18.47 -5.2 21.78 19.56 -4.2 22.24 18.87
3 16 -4.49 20.59 18.32 -5.62 21.15 18.96 -4.34 21.43 18.47
3 16 -4.49 20.59 18.32 -5.77 20.51 18.74 -5.62 21.15 18.96
3 16 -3.17 23.17 18.65 -4.34 21.43 18.47 -4.2 22.24 18.87
3 16 -3.17 23.17 18.65 -2.88 20.59 18.13 -4.34 21.43 18.47
3 16 -4.34 21.43 18.47 -2.88 20.59 18.13 -4.49 20.59 18.32
3 16 -1.27 21.76 18.35 -2.88 20.59 18.13 -3.17 23.17 18.65
3 16 -2.88 20.59 18.13 -1.27 21.76 18.35 -1.22 20.74 18.27
3 16 -1.27 21.76 18.35 -0.24 20.89 19.34 -1.22 20.74 18.27
3 16 -1.27 21.76 18.35 -0.4 22.63 19.24 -0.24 20.89 19.34
3 16 -0.24 20.89 19.34 -0.4 22.63 19.24 0.03 21.08 20.32
3 16 -0.21 22.79 20.91 0.03 21.08 20.32 -0.4 22.63 19.24
3 16 -0.22 21.45 22.29 0.03 21.08 20.32 -0.21 22.79 20.91
3 16 -0.22 21.45 22.29 -0.22 20.55 20.96 0.03 21.08 20.32
3 16 -0.22 21.45 22.29 -0.29 20.52 22.24 -0.22 20.55 20.96
3 16 -0.29 19.28 21.28 -0.22 20.55 20.96 -0.29 20.52 22.24
3 16 -0.29 19.28 21.28 -0.29 20.52 22.24 -0.08 19.46 22.31
3 16 -0.4 22.63 19.24 -0.61 23.33 19.58 -0.21 22.79 20.91
3 16 -1.71 23.37 18.57 -1.27 21.76 18.35 -3.17 23.17 18.65
3 16 -1.71 23.37 18.57 -0.4 22.63 19.24 -1.27 21.76 18.35
3 16 -1.71 23.37 18.57 -0.61 23.33 19.58 -0.4 22.63 19.24
3 16 -0.48 20.1 19.74 0.03 21.08 20.32 -0.22 20.55 20.96
3 16 -0.48 20.1 19.74 -0.24 20.89 19.34 0.03 21.08 20.32
3 16 -1.22 20.74 18.27 -0.24 20.89 19.34 -0.48 20.1 19.74
3 16 -1.22 20.74 18.27 -0.48 20.1 19.74 -1.33 19.3 18.67
3 16 -2.88 20.59 18.13 -1.22 20.74 18.27 -1.33 19.3 18.67
3 16 -2.88 20.59 18.13 -1.33 19.3 18.67 -2.97 19.21 18.23
3 16 -2.97 19.21 18.23 -4.49 20.59 18.32 -2.88 20.59 18.13
3 16 -2.97 19.21 18.23 -4.51 19.11 18.46 -4.49 20.59 18.32
3 16 -5.77 20.51 18.74 -4.49 20.59 18.32 -4.51 19.11 18.46
3 16 -5.77 20.51 18.74 -4.51 19.11 18.46 -5.85 18.99 18.86
3 16 -5.85 18.99 18.86 -6.7 20.17 19.39 -5.77 20.51 18.74
3 16 -5.85 18.99 18.86 -6.75 18.73 19.42 -6.7 20.17 19.39
3 16 -6.75 18.73 19.42 -7.34 19.07 20.31 -6.7 20.17 19.39
3 16 -6.75 18.73 19.42 -7.27 18.33 20.15 -7.34 19.07 20.31
3 16 -7.34 19.07 20.31 -7.09 19.73 20.24 -6.7 20.17 19.39
3 16 -0.57 19.24 19.99 -1.33 19.3 18.67 -0.48 20.1 19.74
3 16 -0.22 20.55 20.96 -0.57 19.24 19.99 -0.48 20.1 19.74
3 16 -0.22 20.55 20.96 -0.29 19.28 21.28 -0.57 19.24 19.99
3 16 -7.28 21.56 21.31 -7.83 22.29 22.46 -7.79 23.5 22.59
3 16 -7.83 22.29 22.46 -7.73 23.5 23.52 -7.79 23.5 22.59
3 16 -7.57 23.99 22.92 -7.79 23.5 22.59 -7.73 23.5 23.52
3 16 -7.83 22.29 22.46 -7.28 21.56 21.31 -7.6 21.35 22.16
3 16 -7.83 22.29 22.46 -7.6 21.35 22.16 -7.59 21.69 22.83
3 16 -7.31 22.18 23.21 -7.83 22.29 22.46 -7.59 21.69 22.83
3 16 -7.31 22.18 23.21 -7.73 23.5 23.52 -7.83 22.29 22.46
3 16 -7.02 22.86 21.2 -7.28 21.56 21.31 -7.79 23.5 22.59
3 16 -7.21 24.1 21.52 -7.02 22.86 21.2 -7.79 23.5 22.59
3 16 -7.21 24.1 21.52 -7.79 23.5 22.59 -7.57 23.99 22.92
3 16 -7.02 22.86 21.2 -6.24 22.57 20.8 -7.28 21.56 21.31
3 16 -7.21 24.1 21.52 -7.57 23.99 22.92 -7.06 24.6 21.79
3 16 -6.36 24.39 21.34 -7.02 22.86 21.2 -7.21 24.1 21.52
3 16 -6.36 24.39 21.34 -6.24 22.57 20.8 -7.02 22.86 21.2
3 16 -6.36 24.39 21.34 -7.21 24.1 21.52 -7.06 24.6 21.79
3 16 -5.63 23.28 20.77 -6.24 22.57 20.8 -6.36 24.39 21.34
3 16 -5.63 23.28 20.77 -6.36 24.39 21.34 -5.59 24.43 21.29
4 16 -5.57 25.65 22.5 -5.49 25.1 21.86 -6.36 24.39 21.34 -7.06 24.6 21.79
3 16 -5.49 25.1 21.86 -5.59 24.43 21.29 -6.36 24.39 21.34
3 16 -6.9 24.81 22.67 -5.57 25.65 22.5 -7.06 24.6 21.79
3 16 -6.03 25.46 23.56 -5.57 25.65 22.5 -6.9 24.81 22.67
3 16 -6.03 25.46 23.56 -6.9 24.81 22.67 -7.25 24.38 23.22
4 16 -7.06 24.6 21.79 -7.57 23.99 22.92 -7.25 24.38 23.22 -6.9 24.81 22.67
3 16 -7.25 24.38 23.22 -6.39 25.27 24.02 -6.03 25.46 23.56
3 16 -7.25 24.38 23.22 -6.98 23.92 24.52 -6.39 25.27 24.02
3 16 -7.25 24.38 23.22 -7.4 23.98 23.7 -6.98 23.92 24.52
3 16 -6.98 23.92 24.52 -7.4 23.98 23.7 -7.19 23.39 24.31
3 16 -5.49 25.1 21.86 -5.57 25.65 22.5 -5.22 26.35 22.11
3 16 -5.42 26.82 23.11 -5.22 26.35 22.11 -5.57 25.65 22.5
3 16 -5.42 26.82 23.11 -5.57 25.65 22.5 -5.53 26.06 23.43
3 16 -6.03 25.46 23.56 -5.53 26.06 23.43 -5.57 25.65 22.5
3 16 -5.49 25.1 21.86 -5.22 26.35 22.11 -4.59 25.46 21.65
3 16 -7.19 23.39 24.31 -7.4 23.98 23.7 -7.73 23.5 23.52
3 16 -7.19 23.39 24.31 -7.73 23.5 23.52 -6.85 22.54 23.88
3 16 -6.85 22.54 23.88 -7.73 23.5 23.52 -7.31 22.18 23.21
3 16 -7.57 23.99 22.92 -7.4 23.98 23.7 -7.25 24.38 23.22
3 16 -7.57 23.99 22.92 -7.73 23.5 23.52 -7.4 23.98 23.7
3 16 -6.99 24.04 24.96 -6.39 25.27 24.02 -6.98 23.92 24.52
3 16 -1.83 21.19 29.95 -0.49 22.94 29.05 -2.04 22.79 29.59
3 16 -1.83 21.19 29.95 -2.04 22.79 29.59 -3.26 22.54 29.28
3 16 -1.83 21.19 29.95 -3.26 22.54 29.28 -4.03 21.23 29.37
4 16 -4.38 19.14 29.3 -2.83 18.49 29.73 -1.83 21.19 29.95 -4.03 21.23 29.37
3 16 -4.84 20.26 28.98 -4.38 19.14 29.3 -4.03 21.23 29.37
3 16 -4.84 20.26 28.98 -4.92 19.4 28.86 -4.38 19.14 29.3
3 16 -5.09 21.76 27.94 -4.84 20.26 28.98 -4.03 21.23 29.37
3 16 -5.4 20.74 27.74 -4.84 20.26 28.98 -5.09 21.76 27.94
3 16 -5.09 21.76 27.94 -4.03 21.23 29.37 -4.24 22.3 28.54
3 16 -3.26 22.54 29.28 -4.24 22.3 28.54 -4.03 21.23 29.37
3 16 -4.84 20.26 28.98 -5.39 20.01 27.46 -4.92 19.4 28.86
3 16 -4.84 20.26 28.98 -5.4 20.74 27.74 -5.39 20.01 27.46
3 16 -5.39 20.01 27.46 -5.21 18.56 27.86 -4.92 19.4 28.86
3 16 -5.39 20.01 27.46 -5.92 19.71 26.97 -5.21 18.56 27.86
3 16 -3.94 18.06 29.18 -4.92 19.4 28.86 -5.21 18.56 27.86
3 16 -3.94 18.06 29.18 -4.38 19.14 29.3 -4.92 19.4 28.86
3 16 -2.83 18.49 29.73 -4.38 19.14 29.3 -3.94 18.06 29.18
3 16 -3.94 18.06 29.18 -5.21 18.56 27.86 -4.74 17.77 28.21
3 16 -0.23 21.6 28.68 -0.49 22.94 29.05 -1.83 21.19 29.95
3 16 -0.59 20.48 29.05 -0.23 21.6 28.68 -1.83 21.19 29.95
3 16 -0.59 20.48 29.05 0.38 20.74 28.14 -0.23 21.6 28.68
3 16 -0.92 19.18 29.32 -0.59 20.48 29.05 -1.83 21.19 29.95
3 16 -1.48 18.95 29.57 -0.92 19.18 29.32 -1.83 21.19 29.95
3 16 -1.48 18.95 29.57 -1.83 21.19 29.95 -2.83 18.49 29.73
3 16 2.24 22.12 27.65 1.2 23.05 28.72 1.2 21.91 28.51
3 16 2.24 22.12 27.65 2.18 23.3 27.79 1.2 23.05 28.72
3 16 2.18 23.3 27.79 1.23 23.98 28.42 1.2 23.05 28.72
3 16 2.18 23.3 27.79 1.78 24.14 27.68 1.23 23.98 28.42
3 16 2.24 22.12 27.65 1.2 21.91 28.51 1.21 21.2 28.09
3 16 2.24 22.12 27.65 1.21 21.2 28.09 2.09 21.05 27.5
3 16 2.24 22.12 27.65 2.09 21.05 27.5 2.36 21.23 25.88
3 16 2.24 22.12 27.65 2.36 21.23 25.88 2.35 22.83 25.09
3 16 2.24 22.12 27.65 2.4 23.53 26.62 2.18 23.3 27.79
3 16 2.24 22.12 27.65 2.35 22.83 25.09 2.4 23.53 26.62
3 16 2.18 23.3 27.79 2.4 23.53 26.62 1.78 24.14 27.68
3 16 2.36 21.23 25.88 2.09 21.05 27.5 1.57 20.5 27.39
3 16 1.21 21.2 28.09 1.57 20.5 27.39 2.09 21.05 27.5
3 16 2.36 21.23 25.88 1.57 20.5 27.39 1.89 20.1 25.87
3 16 2.36 21.23 25.88 1.94 21.53 24.51 2.35 22.83 25.09
3 16 1.89 20.1 25.87 1.94 21.53 24.51 2.36 21.23 25.88
3 16 2.35 22.83 25.09 1.9 24.71 26.53 2.4 23.53 26.62
3 16 1.78 24.14 27.68 2.4 23.53 26.62 1.9 24.71 26.53
3 16 1.78 24.14 27.68 1.9 24.71 26.53 1.49 24.77 27.73
3 16 1.49 24.77 27.73 1.23 23.98 28.42 1.78 24.14 27.68
3 16 1.49 24.77 27.73 0.46 24.34 28.7 1.23 23.98 28.42
3 16 0.46 24.34 28.7 1.2 23.05 28.72 1.23 23.98 28.42
3 16 0.46 24.34 28.7 -0.49 22.94 29.05 1.2 23.05 28.72
3 16 1.21 21.2 28.09 0.38 20.74 28.14 1.57 20.5 27.39
3 16 1.2 21.91 28.51 0.38 20.74 28.14 1.21 21.2 28.09
3 16 1.2 21.91 28.51 -0.23 21.6 28.68 0.38 20.74 28.14
3 16 1.2 23.05 28.72 -0.23 21.6 28.68 1.2 21.91 28.51
3 16 1.2 23.05 28.72 -0.49 22.94 29.05 -0.23 21.6 28.68
3 16 0.36 23.15 23.08 0.66 22.07 23.52 -0.41 22.53 22.44
3 16 0.36 23.15 23.08 1.34 22.71 23.46 0.66 22.07 23.52
3 16 2.15 22.67 23.85 0.66 22.07 23.52 1.34 22.71 23.46
3 16 2.15 22.67 23.85 1.94 21.53 24.51 0.66 22.07 23.52
3 16 2.15 22.67 23.85 2.35 22.83 25.09 1.94 21.53 24.51
3 16 2.15 22.67 23.85 2.51 23.39 24.48 2.35 22.83 25.09
4 16 1.9 24.71 26.53 2.35 22.83 25.09 2.51 23.39 24.48 2.29 24.63 25.14
3 16 1.9 24.71 26.53 2.29 24.63 25.14 2.17 25.36 25.34
3 16 2.33 24.54 24.27 2.17 25.36 25.34 2.29 24.63 25.14
3 16 2.33 24.54 24.27 2.15 22.67 23.85 1.34 22.71 23.46
3 16 2.29 24.63 25.14 2.51 23.39 24.48 2.33 24.54 24.27
3 16 2.51 23.39 24.48 2.15 22.67 23.85 2.33 24.54 24.27
3 16 2.33 24.54 24.27 1.95 26.02 24.41 2.17 25.36 25.34
3 16 0.36 23.15 23.08 -0.41 22.53 22.44 -0.55 23.55 22.32
3 16 0.35 25.08 22.55 0.36 23.15 23.08 -0.55 23.55 22.32
3 16 0.35 25.08 22.55 1.34 22.71 23.46 0.36 23.15 23.08
3 16 0.35 25.08 22.55 -0.55 23.55 22.32 -0.45 24.63 22.2
3 16 -0.11 26.09 22.45 0.35 25.08 22.55 -0.45 24.63 22.2
3 16 1.1 25.97 23.08 0.35 25.08 22.55 -0.11 26.09 22.45
3 16 2.33 24.54 24.27 1.34 22.71 23.46 1.1 25.97 23.08
3 16 0.35 25.08 22.55 1.1 25.97 23.08 1.34 22.71 23.46
3 16 1.95 26.02 24.41 2.33 24.54 24.27 1.1 25.97 23.08
3 16 1.1 25.97 23.08 -0.11 26.09 22.45 -0.17 26.91 22.38
3 16 -0.17 26.91 22.38 1.27 26.79 23.55 1.1 25.97 23.08
3 16 1.95 26.02 24.41 1.1 25.97 23.08 1.27 26.79 23.55
3 16 -2.06 24.18 29.91 -0.93 23.48 29.73 -0.53 24.38 29.69
3 16 -2.06 24.18 29.91 -2.04 22.79 29.59 -0.93 23.48 29.73
3 16 -3.34 23.83 29.46 -2.04 22.79 29.59 -2.06 24.18 29.91
3 16 -3.34 23.83 29.46 -3.26 22.54 29.28 -2.04 22.79 29.59
3 16 -0.53 24.38 29.69 -2.12 26 29.84 -2.06 24.18 29.91
3 16 -0.53 24.38 29.69 -0.51 26.53 29.44 -2.12 26 29.84
3 16 -2.06 24.18 29.91 -3.27 25.6 29.06 -3.34 23.83 29.46
3 16 -2.06 24.18 29.91 -2.12 26 29.84 -3.27 25.6 29.06
3 16 -3.34 23.83 29.46 -3.27 25.6 29.06 -4.08 25.47 28.34
3 16 -3.34 23.83 29.46 -4.08 25.47 28.34 -4.25 23.37 28.8
3 16 -3.26 22.54 29.28 -3.34 23.83 29.46 -4.25 23.37 28.8
3 16 -3.26 22.54 29.28 -4.25 23.37 28.8 -4.24 22.3 28.54
3 16 -0.49 22.94 29.05 -0.93 23.48 29.73 -2.04 22.79 29.59
3 16 -0.49 22.94 29.05 -0.53 24.38 29.69 -0.93 23.48 29.73
3 16 -0.49 22.94 29.05 0.46 24.34 28.7 -0.53 24.38 29.69
3 16 0.34 25.51 28.34 -0.53 24.38 29.69 0.46 24.34 28.7
3 16 0.34 25.51 28.34 -0.51 26.53 29.44 -0.53 24.38 29.69
3 16 0.25 26.53 28.38 -0.51 26.53 29.44 0.34 25.51 28.34
3 16 -4.25 23.37 28.8 -4.08 25.47 28.34 -4.88 24.04 28.17
4 16 -4.88 24.04 28.17 -4.83 22.83 27.93 -4.24 22.3 28.54 -4.25 23.37 28.8
3 16 -4.83 22.83 27.93 -4.88 24.04 28.17 -5.49 23.48 27.59
3 16 -4.24 22.3 28.54 -4.83 22.83 27.93 -5.09 21.76 27.94
3 16 -7.08 25.99 26.08 -6.87 25.09 26.69 -6.6 25.95 27
3 16 -7.08 25.99 26.08 -7.22 25.39 25.87 -6.87 25.09 26.69
3 16 -6.16 25.46 27.63 -6.6 25.95 27 -6.87 25.09 26.69
3 16 -6.16 25.46 27.63 -6.87 25.09 26.69 -5.49 23.48 27.59
3 16 -6.16 25.46 27.63 -5.49 23.48 27.59 -4.88 24.04 28.17
3 16 -6.87 25.09 26.69 -7.22 25.39 25.87 -6.97 24.07 25.6
3 16 -6.87 25.09 26.69 -6.97 24.07 25.6 -6.68 23.88 26.28
3 16 -7.16 25.81 25.02 -7.22 25.39 25.87 -7.08 25.99 26.08
3 16 -7.16 25.81 25.02 -7.08 25.99 26.08 -7.08 26.43 25.18
3 16 -4.88 24.04 28.17 -4.08 25.47 28.34 -6.16 25.46 27.63
3 16 -4.99 26.35 27.65 -6.16 25.46 27.63 -4.08 25.47 28.34
3 16 -4.99 26.35 27.65 -6.6 25.95 27 -6.16 25.46 27.63
3 16 -4.99 26.35 27.65 -5.71 27.07 26.95 -6.6 25.95 27
3 16 -7.08 25.99 26.08 -6.6 25.95 27 -5.71 27.07 26.95
3 16 -7.08 26.43 25.18 -7.08 25.99 26.08 -6.34 27.97 25.34
3 16 -7.08 25.99 26.08 -5.71 27.07 26.95 -6.34 27.97 25.34
3 16 -6.34 27.97 25.34 -6.62 26.89 24.26 -7.08 26.43 25.18
3 16 -6.34 27.97 25.34 -6.06 28.08 24.52 -6.62 26.89 24.26
3 16 -6.56 25.76 24.22 -7.08 26.43 25.18 -6.62 26.89 24.26
3 16 -6.56 25.76 24.22 -7.16 25.81 25.02 -7.08 26.43 25.18
3 16 -7.16 25.81 25.02 -6.56 25.76 24.22 -6.39 25.27 24.02
3 16 -7.16 25.81 25.02 -6.39 25.27 24.02 -6.99 24.04 24.96
3 16 -6.39 25.27 24.02 -6.56 25.76 24.22 -6.21 26.11 23.91
3 16 -6.62 26.89 24.26 -6.21 26.11 23.91 -6.56 25.76 24.22
3 16 -6.39 25.27 24.02 -6.21 26.11 23.91 -6.03 25.46 23.56
3 16 -5.53 26.06 23.43 -6.03 25.46 23.56 -6.21 26.11 23.91
3 16 -5.53 26.06 23.43 -6.21 26.11 23.91 -5.6 27.88 23.76
3 16 -6.62 26.89 24.26 -5.6 27.88 23.76 -6.21 26.11 23.91
3 16 -6.06 28.08 24.52 -5.6 27.88 23.76 -6.62 26.89 24.26
3 16 -5.53 26.06 23.43 -5.6 27.88 23.76 -5.42 26.82 23.11
3 16 -7.22 25.39 25.87 -6.99 24.04 24.96 -6.97 24.07 25.6
3 16 -7.22 25.39 25.87 -7.16 25.81 25.02 -6.99 24.04 24.96
3 16 -2.52 27.66 29.93 -2.68 28.97 29.53 -3.35 28.47 28.57
3 16 -1.16 28.17 30.07 -2.68 28.97 29.53 -2.52 27.66 29.93
3 16 -1.16 28.17 30.07 -1.78 29.44 29.97 -2.68 28.97 29.53
3 16 -0.57 29.19 29.51 -1.78 29.44 29.97 -1.16 28.17 30.07
3 16 -0.57 29.19 29.51 -0.78 29.93 29.75 -1.78 29.44 29.97
3 16 -3.37 26.15 29.25 -2.52 27.66 29.93 -3.35 28.47 28.57
3 16 -3.37 26.15 29.25 -2.14 26.41 30.07 -2.52 27.66 29.93
3 16 -2.52 27.66 29.93 -0.81 27.05 30.01 -1.16 28.17 30.07
3 16 -2.52 27.66 29.93 -2.14 26.41 30.07 -0.81 27.05 30.01
3 16 -1.16 28.17 30.07 -0.15 28.82 29.23 -0.57 29.19 29.51
3 16 -1.16 28.17 30.07 -0.81 27.05 30.01 -0.15 28.82 29.23
3 16 -4.03 26.36 28.38 -3.37 26.15 29.25 -3.35 28.47 28.57
3 16 -0.81 27.05 30.01 -2.14 26.41 30.07 -2.12 26 29.84
3 16 -2.12 26 29.84 -2.14 26.41 30.07 -3.37 26.15 29.25
3 16 -0.81 27.05 30.01 -2.12 26 29.84 -0.51 26.53 29.44
3 16 -0.51 26.53 29.44 -0.15 28.82 29.23 -0.81 27.05 30.01
3 16 -2.12 26 29.84 -3.37 26.15 29.25 -3.27 25.6 29.06
3 16 -3.27 25.6 29.06 -3.37 26.15 29.25 -4.03 26.36 28.38
3 16 -3.27 25.6 29.06 -4.03 26.36 28.38 -4.08 25.47 28.34
3 16 -0.51 26.53 29.44 0.3 27.8 28.25 -0.15 28.82 29.23
3 16 -0.51 26.53 29.44 0.25 26.53 28.38 0.3 27.8 28.25
3 16 -0.15 28.82 29.23 -0.3 29.89 28.87 -0.57 29.19 29.51
3 16 -0.3 29.89 28.87 -0.78 29.93 29.75 -0.57 29.19 29.51
3 16 -0.15 28.82 29.23 0.39 29.16 27.76 -0.3 29.89 28.87
3 16 0.3 27.8 28.25 0.39 29.16 27.76 -0.15 28.82 29.23
3 16 -1.15 31.3 30.34 -0.21 30.75 29.8 -0.35 31.74 30.03
3 16 -1.95 30.03 30.27 -0.21 30.75 29.8 -1.15 31.3 30.34
3 16 -1.95 30.03 30.27 -1.15 31.3 30.34 -2.13 30.87 30.41
3 16 -2.13 30.87 30.41 -1.15 31.3 30.34 -2.41 32.45 30.25
3 16 -2.81 29.65 29.73 -1.95 30.03 30.27 -2.13 30.87 30.41
3 16 -3.44 31.57 28.65 -2.13 30.87 30.41 -2.41 32.45 30.25
3 16 -3.44 31.57 28.65 -2.81 29.65 29.73 -2.13 30.87 30.41
3 16 -3.44 31.57 28.65 -4.02 30.95 28.07 -2.81 29.65 29.73
3 16 -0.35 31.74 30.03 -0.21 30.75 29.8 0.37 31.21 28.92
3 16 -0.35 31.74 30.03 0.37 31.21 28.92 0.07 32.38 29.35
3 16 -0.3 29.89 28.87 0.37 31.21 28.92 -0.21 30.75 29.8
3 16 -0.3 29.89 28.87 -0.21 30.75 29.8 -0.78 29.93 29.75
3 16 -0.78 29.93 29.75 -0.21 30.75 29.8 -1.95 30.03 30.27
3 16 -0.78 29.93 29.75 -1.95 30.03 30.27 -1.78 29.44 29.97
3 16 -2.81 29.65 29.73 -1.78 29.44 29.97 -1.95 30.03 30.27
3 16 -2.81 29.65 29.73 -2.68 28.97 29.53 -1.78 29.44 29.97
3 16 -3.35 28.47 28.57 -2.68 28.97 29.53 -2.81 29.65 29.73
3 16 -4.02 30.95 28.07 -3.35 28.47 28.57 -2.81 29.65 29.73
3 16 -4.02 30.95 28.07 -4.14 30.03 27.41 -3.35 28.47 28.57
3 16 -2.41 32.45 30.25 -1.15 31.3 30.34 -1.5 32.72 30.38
3 16 -1.5 32.72 30.38 -1.15 31.3 30.34 -0.35 31.74 30.03
3 16 0.07 32.38 29.35 -0.53 33.12 29.95 -0.35 31.74 30.03
3 16 -1.5 32.72 30.38 -0.35 31.74 30.03 -0.53 33.12 29.95
3 16 -2.41 32.45 30.25 -2.94 32.23 29.36 -3.44 31.57 28.65
3 16 -4.99 26.35 27.65 -4.03 26.36 28.38 -5.16 27.24 27.66
3 16 -4.99 26.35 27.65 -4.08 25.47 28.34 -4.03 26.36 28.38
3 16 -5.71 27.07 26.95 -4.99 26.35 27.65 -5.16 27.24 27.66
3 16 -5.71 27.07 26.95 -5.16 27.24 27.66 -6.48 28.6 25.45
3 16 -5.71 27.07 26.95 -6.48 28.6 25.45 -6.34 27.97 25.34
3 16 -6.34 27.97 25.34 -6.48 28.6 25.45 -6.43 28.65 24.99
3 16 -6.34 27.97 25.34 -6.43 28.65 24.99 -6.06 28.08 24.52
3 16 -6.06 28.08 24.52 -6.43 28.65 24.99 -5.42 28.58 23.44
3 16 -6.06 28.08 24.52 -5.42 28.58 23.44 -5.6 27.88 23.76
3 16 -6.43 28.65 24.99 -5.19 29.47 23.68 -5.42 28.58 23.44
3 16 -6.43 28.65 24.99 -6.05 29.98 24.83 -5.19 29.47 23.68
3 16 -6.48 28.6 25.45 -6.05 29.98 24.83 -6.43 28.65 24.99
3 16 -6.05 29.98 24.83 -4.78 30.31 23.79 -5.19 29.47 23.68
3 16 -6.05 29.98 24.83 -5.48 30.87 24.62 -4.78 30.31 23.79
3 16 -6.05 29.98 24.83 -5.99 31.04 25.44 -5.48 30.87 24.62
3 16 -6.48 28.6 25.45 -5.99 31.04 25.44 -6.05 29.98 24.83
3 16 -6.02 29.05 26.35 -5.99 31.04 25.44 -6.48 28.6 25.45
3 16 -6.02 29.05 26.35 -5.87 30.86 26.38 -5.99 31.04 25.44
3 16 -5.87 30.86 26.38 -6.02 29.05 26.35 -4.14 30.03 27.41
4 16 -3.35 28.47 28.57 -4.14 30.03 27.41 -6.02 29.05 26.35 -5.16 27.24 27.66
3 16 -6.48 28.6 25.45 -5.16 27.24 27.66 -6.02 29.05 26.35
3 16 -4.03 26.36 28.38 -3.35 28.47 28.57 -5.16 27.24 27.66
3 16 -5.63 23.28 20.77 -4.83 24.15 20.27 -4.94 23.53 20.08
3 16 -5.63 23.28 20.77 -5.59 24.43 21.29 -4.83 24.15 20.27
3 16 -4.45 23.72 19.05 -4.94 23.53 20.08 -4.83 24.15 20.27
3 16 -4.45 23.72 19.05 -4.83 24.15 20.27 -4.39 24.63 19.35
3 16 -4.39 24.63 19.35 -3.35 23.84 18.36 -4.45 23.72 19.05
3 16 -3.17 23.17 18.65 -4.45 23.72 19.05 -3.35 23.84 18.36
3 16 -3.17 23.17 18.65 -4.2 23.02 19.24 -4.45 23.72 19.05
3 16 -4.2 23.02 19.24 -4.94 23.53 20.08 -4.45 23.72 19.05
3 16 -4.39 24.63 19.35 -3.32 24.97 18.63 -3.35 23.84 18.36
3 16 -1.66 24.99 18.52 -3.35 23.84 18.36 -3.32 24.97 18.63
3 16 -1.66 24.99 18.52 -1.71 23.37 18.57 -3.35 23.84 18.36
3 16 -1.71 23.37 18.57 -3.17 23.17 18.65 -3.35 23.84 18.36
3 16 -1.81 26.44 19.53 -1.66 24.99 18.52 -3.32 24.97 18.63
3 16 -1.81 26.44 19.53 -3.32 24.97 18.63 -3.16 26.34 19.73
3 16 -3.16 26.34 19.73 -3.32 24.97 18.63 -4.39 24.63 19.35
3 16 -0.49 24.92 19.74 -1.66 24.99 18.52 -1.81 26.44 19.53
3 16 -0.49 24.92 19.74 -1.81 26.44 19.53 -0.46 25.96 21.06
4 16 -0.49 24.92 19.74 -0.6 24.06 19.68 -1.71 23.37 18.57 -1.66 24.99 18.52
3 16 -0.6 24.06 19.68 -0.49 24.92 19.74 -0.55 23.55 22.32
3 16 -0.45 24.63 22.2 -0.49 24.92 19.74 -0.46 25.96 21.06
3 16 -0.45 24.63 22.2 -0.55 23.55 22.32 -0.49 24.92 19.74
3 16 -0.45 24.63 22.2 -0.46 25.96 21.06 -0.11 26.09 22.45
3 16 -0.21 22.79 20.91 -0.6 24.06 19.68 -0.55 23.55 22.32
4 16 -0.22 21.45 22.29 -0.21 22.79 20.91 -0.55 23.55 22.32 -0.41 22.53 22.44
3 16 -0.21 22.79 20.91 -0.61 23.33 19.58 -0.6 24.06 19.68
3 16 -0.6 24.06 19.68 -0.61 23.33 19.58 -1.71 23.37 18.57
3 16 -4.2 23.02 19.24 -4.93 22.66 20.13 -4.94 23.53 20.08
3 16 -5.63 23.28 20.77 -4.94 23.53 20.08 -4.93 22.66 20.13
3 16 -5.63 23.28 20.77 -4.93 22.66 20.13 -6.24 22.57 20.8
3 16 -4.39 24.63 19.35 -4.09 26.08 20.66 -3.16 26.34 19.73
3 16 -4.83 24.15 20.27 -4.09 26.08 20.66 -4.39 24.63 19.35
3 16 -4.83 24.15 20.27 -4.59 25.46 21.65 -4.09 26.08 20.66
3 16 -4.59 25.46 21.65 -4.83 24.15 20.27 -5.59 24.43 21.29
3 16 -4.59 25.46 21.65 -5.59 24.43 21.29 -5.49 25.1 21.86
3 16 -5.07 31.45 28.02 -3.66 32.86 28.83 -5.23 32.49 28.04
3 16 -5.07 31.45 28.02 -3.44 31.57 28.65 -3.66 32.86 28.83
3 16 -5.07 31.45 28.02 -4.02 30.95 28.07 -3.44 31.57 28.65
3 16 -3.44 31.57 28.65 -2.94 32.23 29.36 -3.66 32.86 28.83
3 16 -5.23 32.49 28.04 -3.66 32.86 28.83 -3.77 33.9 28.72
3 16 -4.14 30.03 27.41 -4.02 30.95 28.07 -5.07 31.45 28.02
3 16 -5.07 31.45 28.02 -5.87 30.86 26.38 -4.14 30.03 27.41
3 16 -5.07 31.45 28.02 -6.39 31.54 26.74 -5.87 30.86 26.38
3 16 -5.23 32.49 28.04 -6.39 31.54 26.74 -5.07 31.45 28.02
3 16 -5.99 31.04 25.44 -5.87 30.86 26.38 -6.39 31.54 26.74
3 16 -5.99 31.04 25.44 -6.39 31.54 26.74 -6.66 31.99 25.55
3 16 -6.75 32.64 26.29 -6.66 31.99 25.55 -6.39 31.54 26.74
3 16 -5.23 32.49 28.04 -6.75 32.64 26.29 -6.39 31.54 26.74
3 16 -5.99 31.04 25.44 -6.66 31.99 25.55 -5.47 31.85 24.54
3 16 -5.47 31.85 24.54 -6.66 31.99 25.55 -6.32 33.23 25.11
3 16 -6.32 33.23 25.11 -6.66 31.99 25.55 -6.75 32.64 26.29
3 16 -5.47 31.85 24.54 -6.32 33.23 25.11 -5.19 32.91 24.51
3 16 -5.19 32.91 24.51 -4.69 31.27 23.54 -5.47 31.85 24.54
3 16 -5.19 32.91 24.51 -4.2 33.87 23.98 -4.69 31.27 23.54
3 16 -4.83 34.74 25.61 -4.2 33.87 23.98 -5.19 32.91 24.51
3 16 -4.83 34.74 25.61 -3.77 34.56 24.46 -4.2 33.87 23.98
3 16 -3.96 35.3 25.29 -3.77 34.56 24.46 -4.83 34.74 25.61
3 16 -5.48 30.87 24.62 -5.47 31.85 24.54 -4.69 31.27 23.54
3 16 -5.99 31.04 25.44 -5.47 31.85 24.54 -5.48 30.87 24.62
3 16 -5.48 30.87 24.62 -4.69 31.27 23.54 -4.78 30.31 23.79
3 16 -5.88 34 25.42 -5.19 32.91 24.51 -6.32 33.23 25.11
3 16 -5.88 34 25.42 -4.83 34.74 25.61 -5.19 32.91 24.51
3 16 -5.88 34 25.42 -6.22 33.75 26.1 -5.21 34.84 26.78
3 16 -5.21 34.84 26.78 -4.83 34.74 25.61 -5.88 34 25.42
3 16 -6.63 33.37 26.11 -5.88 34 25.42 -6.32 33.23 25.11
3 16 -6.63 33.37 26.11 -6.22 33.75 26.1 -5.88 34 25.42
3 16 -6.32 33.23 25.11 -6.75 32.64 26.29 -6.63 33.37 26.11
3 16 -6.75 32.64 26.29 -5.43 33.59 27.45 -6.63 33.37 26.11
3 16 -6.63 33.37 26.11 -5.43 33.59 27.45 -6.22 33.75 26.1
3 16 -5.21 34.84 26.78 -6.22 33.75 26.1 -5.43 33.59 27.45
3 16 -5.21 34.84 26.78 -5.43 33.59 27.45 -4.28 34.56 28.17
3 16 -5.43 33.59 27.45 -3.77 33.9 28.72 -4.28 34.56 28.17
3 16 -5.43 33.59 27.45 -5.23 32.49 28.04 -3.77 33.9 28.72
3 16 -6.75 32.64 26.29 -5.23 32.49 28.04 -5.43 33.59 27.45
3 16 -3.51 33.2 29.78 -3.06 33.58 30.5 -3.33 34.3 30.17
3 16 -2.74 34.77 30.67 -3.33 34.3 30.17 -3.06 33.58 30.5
3 16 -2.74 34.77 30.67 -3.06 33.58 30.5 -2.42 33.99 30.99
3 16 -3.51 33.2 29.78 -2.41 32.45 30.25 -3.06 33.58 30.5
3 16 -3.06 33.58 30.5 -1.87 33.27 30.88 -2.42 33.99 30.99
3 16 -3.06 33.58 30.5 -2.41 32.45 30.25 -1.87 33.27 30.88
3 16 -3.51 33.2 29.78 -2.94 32.23 29.36 -2.41 32.45 30.25
3 16 -1.5 32.72 30.38 -1.87 33.27 30.88 -2.41 32.45 30.25
3 16 -2.95 35.53 30.35 -3.33 34.3 30.17 -2.74 34.77 30.67
3 16 -2.95 35.53 30.35 -3.69 34.98 29.63 -3.33 34.3 30.17
3 16 -3.77 33.9 28.72 -3.33 34.3 30.17 -3.69 34.98 29.63
3 16 -3.77 33.9 28.72 -3.51 33.2 29.78 -3.33 34.3 30.17
3 16 -3.77 33.9 28.72 -3.66 32.86 28.83 -3.51 33.2 29.78
3 16 -3.66 32.86 28.83 -2.94 32.23 29.36 -3.51 33.2 29.78
3 16 -1.5 32.72 30.38 -0.98 33.79 30.93 -1.87 33.27 30.88
3 16 -1.5 32.72 30.38 -0.53 33.12 29.95 -0.98 33.79 30.93
3 16 -0.39 34.61 30.63 -0.98 33.79 30.93 -0.53 33.12 29.95
3 16 -0.98 33.79 30.93 -0.39 34.61 30.63 -1.66 34.55 31.06
3 16 -1.87 33.27 30.88 -1.66 34.55 31.06 -2.42 33.99 30.99
3 16 -1.87 33.27 30.88 -0.98 33.79 30.93 -1.66 34.55 31.06
3 16 -2.74 34.77 30.67 -2.42 33.99 30.99 -1.66 34.55 31.06
3 16 -0.98 36.42 30.67 -1.66 34.55 31.06 -0.39 34.61 30.63
3 16 -1.66 34.55 31.06 -0.98 36.42 30.67 -2.3 35.94 30.78
3 16 -2.74 34.77 30.67 -1.66 34.55 31.06 -2.3 35.94 30.78
3 16 -2.95 35.53 30.35 -2.74 34.77 30.67 -2.3 35.94 30.78
3 16 -0.39 34.61 30.63 -0.53 33.12 29.95 0.15 34.37 29.32
3 16 -0.39 34.61 30.63 0.15 34.37 29.32 0.11 35.51 29.36
3 16 -0.25 36.2 29.78 -0.39 34.61 30.63 0.11 35.51 29.36
3 16 -0.25 36.2 29.78 -0.98 36.42 30.67 -0.39 34.61 30.63
3 16 -0.33 36.93 30.05 -0.98 36.42 30.67 -0.25 36.2 29.78
3 16 0.15 34.37 29.32 0.58 35.25 28.33 0.11 35.51 29.36
3 16 3.6 27.64 25.22 3.08 27.7 24.18 3.4 28.2 24.46
3 16 3.6 27.64 25.22 3.07 25.98 25.85 3.08 27.7 24.18
3 16 3.6 27.64 25.22 3.23 26.89 26.72 3.07 25.98 25.85
3 16 3.6 27.64 25.22 3.34 27.92 27.12 3.23 26.89 26.72
3 16 3.42 28.96 26.19 3.34 27.92 27.12 3.6 27.64 25.22
3 16 3.42 28.96 26.19 3.6 27.64 25.22 3.4 28.2 24.46
3 16 3.4 28.2 24.46 3.08 27.7 24.18 2.12 28.33 23.23
3 16 2.92 29.96 23.97 3.4 28.2 24.46 2.12 28.33 23.23
3 16 2.12 28.33 23.23 1.94 30.76 23.33 2.92 29.96 23.97
3 16 3.42 28.96 26.19 3.4 28.2 24.46 3.42 29.59 25.18
3 16 3.4 28.2 24.46 2.92 29.96 23.97 3.42 29.59 25.18
3 16 0.4 30.7 22.4 1.94 30.76 23.33 2.12 28.33 23.23
3 16 2.12 28.33 23.23 0.1 29.69 22.21 0.4 30.7 22.4
3 16 0.4 30.7 22.4 1.14 31.19 22.91 1.94 30.76 23.33
3 16 2.56 25.59 27.16 3.07 25.98 25.85 3.23 26.89 26.72
3 16 2.56 25.59 27.16 3.23 26.89 26.72 2.49 26.64 27.58
3 16 2.56 25.59 27.16 2.49 26.64 27.58 1.43 26.65 28.05
3 16 2.56 25.59 27.16 1.43 26.65 28.05 1.49 24.77 27.73
3 16 1.43 26.65 28.05 0.34 25.51 28.34 1.49 24.77 27.73
3 16 1.43 26.65 28.05 0.25 26.53 28.38 0.34 25.51 28.34
4 16 2.48 27.44 27.69 0.3 27.8 28.25 0.25 26.53 28.38 1.43 26.65 28.05
3 16 1.43 26.65 28.05 2.49 26.64 27.58 2.48 27.44 27.69
3 16 3.23 26.89 26.72 2.48 27.44 27.69 2.49 26.64 27.58
3 16 3.23 26.89 26.72 3.34 27.92 27.12 2.48 27.44 27.69
3 16 0.34 25.51 28.34 0.46 24.34 28.7 1.49 24.77 27.73
3 16 1.9 24.71 26.53 2.56 25.59 27.16 1.49 24.77 27.73
3 16 3.07 25.98 25.85 2.56 25.59 27.16 1.9 24.71 26.53
3 16 3.07 25.98 25.85 1.9 24.71 26.53 2.17 25.36 25.34
4 16 2.17 25.36 25.34 1.95 26.02 24.41 3.08 27.7 24.18 3.07 25.98 25.85
4 16 1.95 26.02 24.41 1.27 26.79 23.55 2.12 28.33 23.23 3.08 27.7 24.18
3 16 3.34 27.92 27.12 1.85 28.82 27.3 2.48 27.44 27.69
3 16 0.3 27.8 28.25 2.48 27.44 27.69 1.85 28.82 27.3
3 16 2.6 29.54 26.45 1.85 28.82 27.3 3.34 27.92 27.12
3 16 2.6 29.54 26.45 3.34 27.92 27.12 3.42 28.96 26.19
3 16 2.6 29.54 26.45 3.42 28.96 26.19 3.42 29.59 25.18
3 16 2.6 29.54 26.45 3.42 29.59 25.18 2.39 30.8 24.63
3 16 2.6 29.54 26.45 2.39 30.8 24.63 2.46 30.76 25.85
3 16 2.6 29.54 26.45 2.46 30.76 25.85 2.35 30.18 26.7
3 16 2.35 30.18 26.7 1.85 28.82 27.3 2.6 29.54 26.45
3 16 3.42 29.59 25.18 2.92 29.96 23.97 2.39 30.8 24.63
3 16 2.39 30.8 24.63 2.92 29.96 23.97 1.94 30.76 23.33
3 16 1.62 32.2 24.37 2.39 30.8 24.63 1.94 30.76 23.33
3 16 1.62 32.2 24.37 2.46 30.76 25.85 2.39 30.8 24.63
3 16 1.14 31.19 22.91 1.62 32.2 24.37 1.94 30.76 23.33
3 16 1.14 31.19 22.91 0.73 33.08 23.65 1.62 32.2 24.37
3 16 0.73 33.08 23.65 1.14 31.19 22.91 -0.25 31.97 22.16
3 16 0.4 30.7 22.4 -0.25 31.97 22.16 1.14 31.19 22.91
3 16 0.73 33.08 23.65 -0.25 31.97 22.16 0.11 34.47 23.45
3 16 2.35 30.18 26.7 0.39 29.16 27.76 1.85 28.82 27.3
3 16 0.3 27.8 28.25 1.85 28.82 27.3 0.39 29.16 27.76
3 16 -0.3 29.89 28.87 1.09 30.49 28.26 0.37 31.21 28.92
3 16 -0.3 29.89 28.87 0.39 29.16 27.76 1.09 30.49 28.26
3 16 0.37 31.21 28.92 1.09 30.49 28.26 2.17 31.34 28.38
3 16 0.37 31.21 28.92 2.17 31.34 28.38 1.45 32.34 28.43
3 16 0.07 32.38 29.35 0.37 31.21 28.92 1.45 32.34 28.43
3 16 0.07 32.38 29.35 1.45 32.34 28.43 0.65 33.25 28.44
3 16 1.45 32.34 28.43 1.45 34.23 27.86 0.65 33.25 28.44
3 16 1.45 32.34 28.43 2.67 33.45 28.07 1.45 34.23 27.86
3 16 1.45 34.23 27.86 2.67 33.45 28.07 3.17 35.34 26.64
3 16 3.79 33.53 26.8 3.17 35.34 26.64 2.67 33.45 28.07
3 16 3.79 33.53 26.8 2.67 33.45 28.07 3.15 32.31 27.68
3 16 1.45 32.34 28.43 3.15 32.31 27.68 2.67 33.45 28.07
3 16 1.45 32.34 28.43 2.17 31.34 28.38 3.15 32.31 27.68
3 16 2.74 30.59 27.65 3.15 32.31 27.68 2.17 31.34 28.38
3 16 2.74 30.59 27.65 3.56 31.56 26.74 3.15 32.31 27.68
3 16 3.15 32.31 27.68 3.56 31.56 26.74 3.79 33.53 26.8
3 16 3.31 33.2 24.48 3.79 33.53 26.8 3.56 31.56 26.74
3 16 3.31 33.2 24.48 3.4 34.55 24.76 3.79 33.53 26.8
3 16 3.4 34.55 24.76 3.17 35.34 26.64 3.79 33.53 26.8
3 16 3.31 33.2 24.48 2.63 34.73 24.14 3.4 34.55 24.76
3 16 1.45 34.23 27.86 3.17 35.34 26.64 2.41 35.82 26.71
3 16 3.15 35.92 26 2.41 35.82 26.71 3.17 35.34 26.64
3 16 3.4 34.55 24.76 3.15 35.92 26 3.17 35.34 26.64
3 16 3.15 35.92 26 2.59 36.41 26.12 2.41 35.82 26.71
3 16 2.7 36.06 25.03 2.59 36.41 26.12 3.15 35.92 26
3 16 3.4 34.55 24.76 2.7 36.06 25.03 3.15 35.92 26
3 16 3.4 34.55 24.76 2.63 34.73 24.14 2.7 36.06 25.03
3 16 1.11 36.78 24.64 2.7 36.06 25.03 2.63 34.73 24.14
3 16 2.08 37.01 26.1 2.7 36.06 25.03 1.11 36.78 24.64
3 16 2.7 36.06 25.03 2.08 37.01 26.1 2.59 36.41 26.12
3 16 2.08 37.01 26.1 2.41 35.82 26.71 2.59 36.41 26.12
3 16 2.08 37.01 26.1 1.11 36.78 24.64 1.08 37.84 25.45
3 16 1.08 37.84 25.45 1.11 36.78 24.64 -0.57 37.39 24.44
3 16 1.11 36.78 24.64 -0.21 35.87 23.71 -0.57 37.39 24.44
3 16 1.11 36.78 24.64 2.63 34.73 24.14 -0.21 35.87 23.71
3 16 1.08 37.84 25.45 -0.57 37.39 24.44 -0.21 38.57 25.27
3 16 2.08 37.01 26.1 1.53 35.9 27.59 2.41 35.82 26.71
3 16 1.45 34.23 27.86 2.41 35.82 26.71 1.53 35.9 27.59
3 16 1.45 34.23 27.86 1.53 35.9 27.59 0.58 35.25 28.33
3 16 0.15 34.37 29.32 1.45 34.23 27.86 0.58 35.25 28.33
3 16 0.15 34.37 29.32 0.65 33.25 28.44 1.45 34.23 27.86
3 16 -0.53 33.12 29.95 0.65 33.25 28.44 0.15 34.37 29.32
3 16 -0.53 33.12 29.95 0.07 32.38 29.35 0.65 33.25 28.44
3 16 0.11 34.47 23.45 -0.21 35.87 23.71 2.63 34.73 24.14
3 16 0.11 34.47 23.45 2.63 34.73 24.14 0.73 33.08 23.65
3 16 3.31 33.2 24.48 0.73 33.08 23.65 2.63 34.73 24.14
3 16 3.31 33.2 24.48 1.62 32.2 24.37 0.73 33.08 23.65
3 16 2.84 31.11 26.13 1.62 32.2 24.37 3.31 33.2 24.48
3 16 3.31 33.2 24.48 3.56 31.56 26.74 2.84 31.11 26.13
3 16 2.84 31.11 26.13 3.56 31.56 26.74 2.74 30.59 27.65
3 16 2.84 31.11 26.13 2.74 30.59 27.65 2.45 30.34 26.97
3 16 2.35 30.18 26.7 2.84 31.11 26.13 2.45 30.34 26.97
3 16 2.35 30.18 26.7 2.46 30.76 25.85 2.84 31.11 26.13
3 16 2.84 31.11 26.13 2.46 30.76 25.85 1.62 32.2 24.37
3 16 2.74 30.59 27.65 2.17 31.34 28.38 1.09 30.49 28.26
3 16 1.09 30.49 28.26 2.45 30.34 26.97 2.74 30.59 27.65
3 16 2.35 30.18 26.7 2.45 30.34 26.97 1.09 30.49 28.26
3 16 2.35 30.18 26.7 1.09 30.49 28.26 0.39 29.16 27.76
3 16 1.75 38.88 28.82 2.19 37.74 28.96 2.39 38.43 28.28
3 16 1.75 38.88 28.82 1.48 37.76 29.56 2.19 37.74 28.96
3 16 1.75 38.88 28.82 2.39 38.43 28.28 2.01 39.08 27.51
3 16 1.75 38.88 28.82 2.01 39.08 27.51 1.5 39.51 28.31
3 16 1.75 38.88 28.82 1.5 39.51 28.31 1.07 38.86 29
3 16 1.48 37.76 29.56 1.75 38.88 28.82 1.07 38.86 29
3 16 1.48 37.76 29.56 1.07 38.86 29 0.5 37.76 29.84
3 16 0.5 37.76 29.84 1.27 37.03 29.68 1.48 37.76 29.56
3 16 1.27 37.03 29.68 2.19 37.74 28.96 1.48 37.76 29.56
3 16 0.5 37.76 29.84 0.45 37.06 29.77 1.27 37.03 29.68
3 16 1.57 36.62 29.11 2.19 37.74 28.96 1.27 37.03 29.68
3 16 1.57 36.62 29.11 2.17 37.01 28.5 2.19 37.74 28.96
3 16 1.81 36.47 28.07 2.17 37.01 28.5 1.57 36.62 29.11
3 16 1.81 36.47 28.07 1.57 36.62 29.11 0.53 36.29 29.22
3 16 1.27 37.03 29.68 0.53 36.29 29.22 1.57 36.62 29.11
3 16 1.27 37.03 29.68 0.45 37.06 29.77 0.53 36.29 29.22
3 16 1.81 36.47 28.07 0.53 36.29 29.22 0.58 35.25 28.33
3 16 1.81 36.47 28.07 0.58 35.25 28.33 1.53 35.9 27.59
3 16 1.5 39.51 28.31 2.01 39.08 27.51 0.87 39.54 27.03
3 16 1.5 39.51 28.31 0.87 39.54 27.03 0.85 39.96 27.87
3 16 1.5 39.51 28.31 0.59 39.88 28.5 1.07 38.86 29
3 16 1.5 39.51 28.31 0.85 39.96 27.87 0.59 39.88 28.5
3 16 2.01 39.08 27.51 1.16 39.05 26.7 0.87 39.54 27.03
3 16 2.01 39.08 27.51 1.84 38.52 27.08 1.16 39.05 26.7
3 16 2.39 38.43 28.28 1.84 38.52 27.08 2.01 39.08 27.51
3 16 2.39 38.43 28.28 2.19 37.77 27.73 1.84 38.52 27.08
3 16 2.19 37.74 28.96 2.19 37.77 27.73 2.39 38.43 28.28
3 16 2.19 37.74 28.96 2.17 37.01 28.5 2.19 37.77 27.73
3 16 1.59 37.81 26.71 1.84 38.52 27.08 2.19 37.77 27.73
3 16 1.59 37.81 26.71 2.19 37.77 27.73 1.83 37.08 27.38
3 16 2.17 37.01 28.5 1.83 37.08 27.38 2.19 37.77 27.73
3 16 2.17 37.01 28.5 1.81 36.47 28.07 1.83 37.08 27.38
3 16 1.53 35.9 27.59 1.83 37.08 27.38 1.81 36.47 28.07
3 16 2.08 37.01 26.1 1.83 37.08 27.38 1.53 35.9 27.59
3 16 2.08 37.01 26.1 1.59 37.81 26.71 1.83 37.08 27.38
3 16 1.08 37.84 25.45 1.59 37.81 26.71 2.08 37.01 26.1
3 16 1.08 37.84 25.45 1.1 38.55 26.26 1.59 37.81 26.71
3 16 1.84 38.52 27.08 1.1 38.55 26.26 1.16 39.05 26.7
3 16 1.84 38.52 27.08 1.59 37.81 26.71 1.1 38.55 26.26
3 16 1.1 38.55 26.26 1.08 37.84 25.45 -0.21 38.57 25.27
3 16 1.1 38.55 26.26 -0.21 38.57 25.27 0.31 39.13 26.26
3 16 0.31 39.13 26.26 1.16 39.05 26.7 1.1 38.55 26.26
3 16 0.31 39.13 26.26 0.87 39.54 27.03 1.16 39.05 26.7
3 16 0.59 39.88 28.5 0.37 39.4 29.19 1.07 38.86 29
3 16 0.5 37.76 29.84 1.07 38.86 29 0.37 39.4 29.19
3 16 0.5 37.76 29.84 0.37 39.4 29.19 -0.03 37.81 30.4
3 16 -0.03 37.81 30.4 0.45 37.06 29.77 0.5 37.76 29.84
3 16 -0.03 37.81 30.4 -0.33 36.93 30.05 0.45 37.06 29.77
3 16 -0.25 36.2 29.78 0.45 37.06 29.77 -0.33 36.93 30.05
3 16 -0.25 36.2 29.78 0.53 36.29 29.22 0.45 37.06 29.77
3 16 -0.25 36.2 29.78 0.11 35.51 29.36 0.53 36.29 29.22
3 16 0.11 35.51 29.36 0.58 35.25 28.33 0.53 36.29 29.22
3 16 -0.96 38.92 31.33 -0.13 38.45 30.74 -0.4 39.28 30.92
3 16 -0.96 38.92 31.33 -0.74 38.08 31.26 -0.13 38.45 30.74
3 16 -0.74 38.08 31.26 -0.96 38.92 31.33 -3.79 37.9 30.87
3 16 -0.74 38.08 31.26 -3.79 37.9 30.87 -3.58 37.05 30.88
3 16 -4.77 37.48 29.66 -3.58 37.05 30.88 -3.79 37.9 30.87
3 16 -4.77 37.48 29.66 -4.87 36.26 29.73 -3.58 37.05 30.88
3 16 -4.87 36.26 29.73 -4.77 37.48 29.66 -5.43 36.32 27.43
3 16 -4.87 36.26 29.73 -5.43 36.32 27.43 -5.44 36.01 27.69
3 16 -5.44 36.01 27.69 -4.78 35.66 29.58 -4.87 36.26 29.73
3 16 -5.32 35.8 26.79 -5.44 36.01 27.69 -5.43 36.32 27.43
3 16 -5.32 35.8 26.79 -5.21 34.84 26.78 -5.44 36.01 27.69
3 16 -5.44 36.01 27.69 -4.28 34.56 28.17 -4.78 35.66 29.58
3 16 -5.44 36.01 27.69 -5.21 34.84 26.78 -4.28 34.56 28.17
3 16 -0.74 38.08 31.26 -3.58 37.05 30.88 -2.3 35.94 30.78
3 16 -0.74 38.08 31.26 -2.3 35.94 30.78 -0.98 36.42 30.67
3 16 -0.74 38.08 31.26 -0.03 37.81 30.4 -0.13 38.45 30.74
3 16 -0.74 38.08 31.26 -0.98 36.42 30.67 -0.03 37.81 30.4
3 16 -0.03 37.81 30.4 -0.98 36.42 30.67 -0.33 36.93 30.05
3 16 -2.3 35.94 30.78 -3.58 37.05 30.88 -2.95 35.53 30.35
3 16 -2.95 35.53 30.35 -4.87 36.26 29.73 -4.78 35.66 29.58
3 16 -2.95 35.53 30.35 -3.58 37.05 30.88 -4.87 36.26 29.73
3 16 -4.78 35.66 29.58 -3.69 34.98 29.63 -2.95 35.53 30.35
3 16 -4.28 34.56 28.17 -3.69 34.98 29.63 -4.78 35.66 29.58
3 16 -3.77 33.9 28.72 -3.69 34.98 29.63 -4.28 34.56 28.17
3 16 -0.03 37.81 30.4 0.37 39.4 29.19 -0.13 38.45 30.74
3 16 0.37 39.4 29.19 -0.4 39.28 30.92 -0.13 38.45 30.74
3 16 0.37 39.4 29.19 0.12 40.25 29.5 -0.4 39.28 30.92
3 16 0.59 39.88 28.5 0.12 40.25 29.5 0.37 39.4 29.19
3 16 0.59 39.88 28.5 0.27 40.89 28.55 0.12 40.25 29.5
3 16 -0.4 39.28 30.92 -1.23 39.69 31.41 -0.96 38.92 31.33
3 16 -0.4 39.28 30.92 -0.76 40.04 31.02 -1.23 39.69 31.41
3 16 -0.96 38.92 31.33 -1.23 39.69 31.41 -3.89 38.74 31.12
3 16 -0.96 38.92 31.33 -3.89 38.74 31.12 -3.79 37.9 30.87
3 16 -3.79 37.9 30.87 -3.89 38.74 31.12 -4.75 38.56 30.3
3 16 -3.79 37.9 30.87 -4.75 38.56 30.3 -4.77 37.48 29.66
3 16 -4.77 37.48 29.66 -4.75 38.56 30.3 -5.3 38.64 28.53
3 16 -4.77 37.48 29.66 -5.3 38.64 28.53 -5.49 38.07 28.43
3 16 -5.43 36.32 27.43 -4.77 37.48 29.66 -5.49 38.07 28.43
3 16 -5.43 36.32 27.43 -5.49 38.07 28.43 -5.57 37.14 26.98
3 16 -5.25 36.81 26.3 -5.43 36.32 27.43 -5.57 37.14 26.98
3 16 -5.25 36.81 26.3 -5.32 35.8 26.79 -5.43 36.32 27.43
3 16 -5.03 37.37 26.22 -5.25 36.81 26.3 -5.57 37.14 26.98
3 16 -5.03 37.37 26.22 -3.96 35.3 25.29 -5.25 36.81 26.3
3 16 -3.96 35.3 25.29 -5.32 35.8 26.79 -5.25 36.81 26.3
3 16 -5.03 37.37 26.22 -3.16 36.96 24.73 -3.96 35.3 25.29
3 16 -5.49 38.07 28.43 -4.81 38.25 26.6 -5.57 37.14 26.98
3 16 -5.49 38.07 28.43 -5.3 38.64 28.53 -4.81 38.25 26.6
3 16 -4.81 38.25 26.6 -5.03 37.37 26.22 -5.57 37.14 26.98
3 16 -4.81 38.25 26.6 -3.16 36.96 24.73 -5.03 37.37 26.22
3 16 -4.81 38.25 26.6 -2.8 38.69 25.14 -3.16 36.96 24.73
3 16 -2.62 37.43 24.32 -3.16 36.96 24.73 -2.8 38.69 25.14
3 16 -2.74 39.22 25.26 -2.8 38.69 25.14 -4.81 38.25 26.6
3 16 -4.28 40.1 30.12 -5.3 38.64 28.53 -4.75 38.56 30.3
3 16 -4.28 40.1 30.12 -4.36 39.58 27.9 -5.3 38.64 28.53
3 16 -4.81 38.25 26.6 -4.36 39.58 27.9 -2.74 39.22 25.26
3 16 -4.81 38.25 26.6 -5.3 38.64 28.53 -4.36 39.58 27.9
3 16 -2.62 37.43 24.32 -2.8 38.69 25.14 -1.68 38.35 24.66
3 16 -2.62 37.43 24.32 -1.68 38.35 24.66 -1.66 37.36 23.81
3 16 -1.38 38.98 24.88 -2.8 38.69 25.14 -2.74 39.22 25.26
3 16 -1.38 38.98 24.88 -1.68 38.35 24.66 -2.8 38.69 25.14
3 16 -1.68 38.35 24.66 -0.57 37.39 24.44 -1.66 37.36 23.81
3 16 -1.68 38.35 24.66 -0.21 38.57 25.27 -0.57 37.39 24.44
3 16 -1.68 38.35 24.66 -1.38 38.98 24.88 -0.21 38.57 25.27
3 16 -3.96 35.3 25.29 -4.83 34.74 25.61 -5.32 35.8 26.79
3 16 -4.28 40.1 30.12 -3.89 38.74 31.12 -3.75 40.3 30.68
3 16 -4.28 40.1 30.12 -4.75 38.56 30.3 -3.89 38.74 31.12
3 16 -3.75 40.3 30.68 -3.89 38.74 31.12 -1.23 39.69 31.41
3 16 -3.75 40.3 30.68 -1.23 39.69 31.41 -2.89 40.7 31.18
3 16 -1.23 39.69 31.41 -0.76 40.04 31.02 -1.77 41.11 31.39
3 16 -0.76 40.04 31.02 -0.83 41.49 29.94 -1.77 41.11 31.39
3 16 0.12 40.25 29.5 -0.83 41.49 29.94 -0.76 40.04 31.02
3 16 0.12 40.25 29.5 -0.76 40.04 31.02 -0.4 39.28 30.92
3 16 -1.77 41.11 31.39 -2.89 40.7 31.18 -1.23 39.69 31.41
3 16 -1.77 41.11 31.39 -0.83 41.49 29.94 -0.82 42.14 30.38
3 16 -0.65 42.03 29.46 -0.82 42.14 30.38 -0.83 41.49 29.94
3 16 -0.65 42.03 29.46 -0.54 42.43 29.87 -0.82 42.14 30.38
3 16 -0.54 42.43 29.87 -0.65 42.03 29.46 -0.52 43.14 28.65
3 16 -0.83 41.49 29.94 0.27 40.89 28.55 -0.65 42.03 29.46
3 16 -0.83 41.49 29.94 0.12 40.25 29.5 0.27 40.89 28.55
3 16 -0.65 42.03 29.46 -0.03 41.88 27.86 -0.52 43.14 28.65
3 16 -0.65 42.03 29.46 0.27 40.89 28.55 -0.03 41.88 27.86
4 16 -0.11 41.4 26.95 -0.94 42.71 27.06 -0.52 43.14 28.65 -0.03 41.88 27.86
3 16 -0.94 42.71 27.06 -1.48 44.01 27.95 -0.52 43.14 28.65
3 16 -0.94 42.71 27.06 -2.35 43.13 26.67 -1.48 44.01 27.95
3 16 -2.35 43.13 26.67 -2.92 44.49 28.09 -1.48 44.01 27.95
3 16 -2.35 43.13 26.67 -3.73 43.06 27.03 -2.92 44.49 28.09
4 16 -3.73 43.06 27.03 -4.54 43.81 28.36 -3.77 44.6 28.74 -2.92 44.49 28.09
3 16 -3.77 44.6 28.74 -4.54 43.81 28.36 -4.82 43.97 29.6
3 16 -3.77 44.6 28.74 -4.82 43.97 29.6 -4.14 44.67 29.67
3 16 -3.7 44.93 31.26 -4.14 44.67 29.67 -4.82 43.97 29.6
3 16 -3.7 44.93 31.26 -4.82 43.97 29.6 -4.25 44.17 31.88
3 16 -3.26 45.1 31.93 -3.7 44.93 31.26 -4.25 44.17 31.88
3 16 -3.26 45.1 31.93 -3.17 45.21 31.74 -3.7 44.93 31.26
3 16 -4.54 43.81 28.36 -3.73 43.06 27.03 -4.77 42.92 27.69
3 16 -4.54 43.81 28.36 -4.77 42.92 27.69 -5.35 43.4 29.66
3 16 -4.54 43.81 28.36 -5.35 43.4 29.66 -4.82 43.97 29.6
3 16 -5.35 43.4 29.66 -4.24 43.78 31.95 -4.25 44.17 31.88
3 16 -4.25 44.17 31.88 -4.82 43.97 29.6 -5.35 43.4 29.66
3 16 -4.25 44.17 31.88 -4.24 43.78 31.95 -3.42 44.18 32.72
3 16 -4.25 44.17 31.88 -3.42 44.18 32.72 -3.56 44.54 32.58
3 16 -4.77 42.92 27.69 -5.3 42.84 29.53 -5.35 43.4 29.66
3 16 -5.35 43.4 29.66 -4.08 43.25 31.79 -4.24 43.78 31.95
3 16 -5.35 43.4 29.66 -5.3 42.84 29.53 -4.08 43.25 31.79
3 16 -4.24 43.78 31.95 -3.22 43.63 32.6 -3.42 44.18 32.72
3 16 -4.24 43.78 31.95 -4.08 43.25 31.79 -3.22 43.63 32.6
3 16 -2.62 45.51 31.98 -3.17 45.21 31.74 -3.26 45.1 31.93
3 16 -2.62 45.51 31.98 -3.26 45.1 31.93 -2.81 45.28 32.52
4 16 -4.25 44.17 31.88 -3.56 44.54 32.58 -2.81 45.28 32.52 -3.26 45.1 31.93
3 16 -2.62 45.51 31.98 -2.81 45.28 32.52 -2.09 45.39 32.7
3 16 -2.62 45.51 31.98 -2.09 45.39 32.7 -1.86 45.73 31.97
3 16 -2.81 45.28 32.52 -2.37 45.02 33.07 -2.09 45.39 32.7
3 16 -1.57 45.05 32.67 -2.09 45.39 32.7 -2.37 45.02 33.07
3 16 -1.57 45.05 32.67 -2.37 45.02 33.07 -1.79 44.13 32.9
3 16 -1.57 45.05 32.67 -1.79 44.13 32.9 -1.26 44.59 32.51
3 16 -2.55 43.82 32.89 -1.79 44.13 32.9 -2.37 45.02 33.07
3 16 -3.42 44.18 32.72 -3.22 43.63 32.6 -2.55 43.82 32.89
3 16 -2.55 43.82 32.89 -2.37 45.02 33.07 -2.88 44.86 32.97
3 16 -2.88 44.86 32.97 -3.56 44.54 32.58 -3.42 44.18 32.72
3 16 -3.42 44.18 32.72 -2.55 43.82 32.89 -2.88 44.86 32.97
3 16 -1.28 45.33 31.97 -1.57 45.05 32.67 -1.26 44.59 32.51
4 16 -2.09 45.39 32.7 -1.57 45.05 32.67 -1.28 45.33 31.97 -1.86 45.73 31.97
3 16 -1.28 45.33 31.97 -1.26 44.59 32.51 -0.9 45.01 31.8
3 16 -2.81 45.28 32.52 -2.88 44.86 32.97 -2.37 45.02 33.07
3 16 -2.81 45.28 32.52 -3.56 44.54 32.58 -2.88 44.86 32.97
3 16 -5.6 27.88 23.76 -6.19 28.39 21.58 -5.42 26.82 23.11
3 16 -5.6 27.88 23.76 -5.42 28.58 23.44 -6.19 28.39 21.58
4 16 -5.19 29.47 23.68 -6.11 29.3 21.43 -6.19 28.39 21.58 -5.42 28.58 23.44
3 16 -6.19 28.39 21.58 -6.11 29.3 21.43 -5.38 28.92 20.42
3 16 -6.19 28.39 21.58 -5.38 28.92 20.42 -5.56 27.97 20.55
3 16 -5.22 26.35 22.11 -6.19 28.39 21.58 -5.56 27.97 20.55
3 16 -6.19 28.39 21.58 -5.22 26.35 22.11 -5.42 26.82 23.11
3 16 -5.22 26.35 22.11 -5.56 27.97 20.55 -4.09 26.08 20.66
3 16 -5.38 28.92 20.42 -3.06 27.52 19.45 -5.56 27.97 20.55
3 16 -3.06 27.52 19.45 -4.09 26.08 20.66 -5.56 27.97 20.55
3 16 -5.38 28.92 20.42 -2.79 28.57 19.49 -3.06 27.52 19.45
3 16 -1.43 27.42 19.63 -3.06 27.52 19.45 -2.79 28.57 19.49
3 16 -3.06 27.52 19.45 -1.43 27.42 19.63 -1.81 26.44 19.53
3 16 -1.81 26.44 19.53 -1.43 27.42 19.63 -0.51 27.29 20.8
3 16 -1.32 28.44 19.93 -0.51 27.29 20.8 -1.43 27.42 19.63
3 16 -1.43 27.42 19.63 -2.79 28.57 19.49 -1.32 28.44 19.93
3 16 -1.32 28.44 19.93 -0.71 28.25 21.1 -0.51 27.29 20.8
3 16 -1.81 26.44 19.53 -0.51 27.29 20.8 -0.46 25.96 21.06
3 16 -0.71 28.25 21.1 -0.17 26.91 22.38 -0.51 27.29 20.8
3 16 -0.17 26.91 22.38 -0.46 25.96 21.06 -0.51 27.29 20.8
3 16 -0.71 28.25 21.1 -0.06 28.23 22.54 -0.17 26.91 22.38
3 16 -0.34 29.05 22.1 -0.06 28.23 22.54 -0.71 28.25 21.1
3 16 -3.06 27.52 19.45 -1.81 26.44 19.53 -3.16 26.34 19.73
3 16 -3.06 27.52 19.45 -3.16 26.34 19.73 -4.09 26.08 20.66
3 16 -5.22 26.35 22.11 -4.09 26.08 20.66 -4.59 25.46 21.65
3 16 -1.32 28.44 19.93 -2.79 28.57 19.49 -2.56 29.39 19.85
3 16 -4.83 29.75 20.8 -2.56 29.39 19.85 -2.79 28.57 19.49
3 16 -4.83 29.75 20.8 -2.79 28.57 19.49 -5.38 28.92 20.42
3 16 -6.11 29.3 21.43 -4.83 29.75 20.8 -5.38 28.92 20.42
3 16 -6.11 29.3 21.43 -5.39 30.14 21.54 -4.83 29.75 20.8
3 16 -5.39 30.14 21.54 -6.11 29.3 21.43 -5.19 29.47 23.68
3 16 -5.39 30.14 21.54 -5.19 29.47 23.68 -4.78 30.31 23.79
3 16 -1.32 28.44 19.93 -2.56 29.39 19.85 -1.32 29.19 20.29
3 16 -0.71 28.25 21.1 -1.32 29.19 20.29 -0.34 29.05 22.1
3 16 -0.71 28.25 21.1 -1.32 28.44 19.93 -1.32 29.19 20.29
3 16 -0.17 26.91 22.38 -0.11 26.09 22.45 -0.46 25.96 21.06
3 16 -1.83 31.73 19.43 -2.56 29.39 19.85 -3.83 30.76 19.85
3 16 -1.83 31.73 19.43 -0.98 29.97 20.15 -2.56 29.39 19.85
3 16 -0.98 29.97 20.15 -1.32 29.19 20.29 -2.56 29.39 19.85
3 16 -0.34 29.05 22.1 -1.32 29.19 20.29 -0.98 29.97 20.15
3 16 -0.34 29.05 22.1 -0.98 29.97 20.15 0.1 29.69 22.21
3 16 -0.48 31.17 20.51 0.1 29.69 22.21 -0.98 29.97 20.15
3 16 -0.48 31.17 20.51 -0.98 29.97 20.15 -1.83 31.73 19.43
3 16 -0.48 31.17 20.51 0.4 30.7 22.4 0.1 29.69 22.21
3 16 -0.48 31.17 20.51 -0.25 31.97 22.16 0.4 30.7 22.4
3 16 -1.27 32.59 20.49 -0.25 31.97 22.16 -0.48 31.17 20.51
3 16 -1.83 31.73 19.43 -1.27 32.59 20.49 -0.48 31.17 20.51
3 16 -1.27 32.59 20.49 -1.01 33.21 21.55 -0.25 31.97 22.16
3 16 -1.01 33.21 21.55 -1.27 32.59 20.49 -2.11 33.45 20.67
3 16 -1.01 33.21 21.55 -2.11 33.45 20.67 -1.83 34.22 21.22
4 16 -1.83 34.22 21.22 -2.11 33.45 20.67 -4.46 33.25 20.6 -2.95 34.62 21.54
3 16 -4.46 33.25 20.6 -2.11 33.45 20.67 -1.84 32.41 19.87
3 16 -1.27 32.59 20.49 -1.84 32.41 19.87 -2.11 33.45 20.67
3 16 -1.83 31.73 19.43 -1.84 32.41 19.87 -1.27 32.59 20.49
3 16 -5.08 33.36 20.99 -2.95 34.62 21.54 -4.46 33.25 20.6
3 16 -5.08 33.36 20.99 -3.7 34.74 22.56 -2.95 34.62 21.54
3 16 -3.7 34.74 22.56 -5.08 33.36 20.99 -5.33 33.17 22.53
3 16 -3.7 34.74 22.56 -5.33 33.17 22.53 -4.2 33.87 23.98
3 16 -4.2 33.87 23.98 -3.58 35.08 23.65 -3.7 34.74 22.56
3 16 -4.2 33.87 23.98 -3.77 34.56 24.46 -3.58 35.08 23.65
3 16 -3.77 34.56 24.46 -3.45 35.48 24.52 -3.58 35.08 23.65
3 16 -3.77 34.56 24.46 -3.96 35.3 25.29 -3.45 35.48 24.52
3 16 -4.7 32.6 20.36 -5.08 33.36 20.99 -4.46 33.25 20.6
3 16 -4.7 32.6 20.36 -4.46 33.25 20.6 -1.84 32.41 19.87
3 16 -4.7 32.6 20.36 -5.49 32.8 21.07 -5.08 33.36 20.99
3 16 -5.33 33.17 22.53 -5.08 33.36 20.99 -5.49 32.8 21.07
3 16 -4.7 32.6 20.36 -1.84 32.41 19.87 -1.83 31.73 19.43
3 16 -1.83 31.73 19.43 -3.83 30.76 19.85 -4.7 32.6 20.36
3 16 -4.7 32.6 20.36 -5.46 30.84 20.78 -5.49 32.8 21.07
3 16 -4.7 32.6 20.36 -3.83 30.76 19.85 -5.46 30.84 20.78
3 16 -5.48 30.76 21.87 -5.49 32.8 21.07 -5.46 30.84 20.78
3 16 -5.48 30.76 21.87 -5.33 33.17 22.53 -5.49 32.8 21.07
3 16 -4.69 31.27 23.54 -5.33 33.17 22.53 -5.48 30.76 21.87
3 16 -4.69 31.27 23.54 -4.2 33.87 23.98 -5.33 33.17 22.53
3 16 -4.78 30.31 23.79 -4.69 31.27 23.54 -5.48 30.76 21.87
3 16 -4.78 30.31 23.79 -5.48 30.76 21.87 -5.39 30.14 21.54
3 16 -5.39 30.14 21.54 -5.48 30.76 21.87 -5.46 30.84 20.78
3 16 -5.39 30.14 21.54 -5.46 30.84 20.78 -4.83 29.75 20.8
3 16 -3.83 30.76 19.85 -4.83 29.75 20.8 -5.46 30.84 20.78
3 16 -3.83 30.76 19.85 -2.56 29.39 19.85 -4.83 29.75 20.8
3 16 -4.97 5.47 31.32 -6.13 6.08 31.17 -6 4.86 30.85
3 16 -4.97 5.47 31.32 -5.05 6.27 31.4 -6.13 6.08 31.17
3 16 -6.13 6.08 31.17 -6.91 5.19 30.29 -6 4.86 30.85
3 16 -7.49 6.26 29.66 -6.91 5.19 30.29 -6.13 6.08 31.17
3 16 -7.49 6.26 29.66 -6.13 6.08 31.17 -6.68 7.5 30.86
3 16 -6.68 7.5 30.86 -7.11 7.4 29.91 -7.49 6.26 29.66
3 16 -6.24 9.11 29.89 -7.11 7.4 29.91 -6.68 7.5 30.86
3 16 -6.24 9.11 29.89 -6.68 7.5 30.86 -6.06 8.79 31.13
3 16 -6.06 8.79 31.13 -5.56 10.23 30.45 -6.24 9.11 29.89
3 16 -6.06 8.79 31.13 -5.03 9.64 31.28 -5.56 10.23 30.45
3 16 -5.56 10.23 30.45 -5.03 9.64 31.28 -4.45 10.78 30.78
3 16 -5.05 6.27 31.4 -4.97 5.47 31.32 -4.04 5.97 31.09
3 16 -5.05 6.27 31.4 -4.04 5.97 31.09 -3.99 6.89 31.37
3 16 -3.42 6.06 30.6 -3.99 6.89 31.37 -4.04 5.97 31.09
3 16 -3.42 6.06 30.6 -2.96 6.72 30.35 -3.99 6.89 31.37
3 16 -2.7 7.75 30.14 -3.99 6.89 31.37 -2.96 6.72 30.35
3 16 -2.7 7.75 30.14 -4.18 8.88 31.39 -3.99 6.89 31.37
3 16 -4.18 8.88 31.39 -5.03 9.64 31.28 -6.06 8.79 31.13
3 16 -2.7 7.75 30.14 -2.36 8.69 29.47 -3.45 9.82 30.79
3 16 -3.45 9.82 30.79 -4.18 8.88 31.39 -2.7 7.75 30.14
3 16 -5.03 9.64 31.28 -4.18 8.88 31.39 -3.45 9.82 30.79
3 16 -2.36 8.69 29.47 -2.89 10.03 30.05 -3.45 9.82 30.79
3 16 -4.18 8.88 31.39 -5.51 7.64 31.53 -3.99 6.89 31.37
3 16 -4.18 8.88 31.39 -6.06 8.79 31.13 -5.51 7.64 31.53
3 16 -5.05 6.27 31.4 -3.99 6.89 31.37 -5.51 7.64 31.53
3 16 -5.05 6.27 31.4 -5.51 7.64 31.53 -6.13 6.08 31.17
3 16 -6.13 6.08 31.17 -5.51 7.64 31.53 -6.68 7.5 30.86
3 16 -6.68 7.5 30.86 -5.51 7.64 31.53 -6.06 8.79 31.13
4 16 -5.03 9.64 31.28 -3.45 9.82 30.79 -3.37 10.84 30.47 -4.45 10.78 30.78
3 16 -3.37 10.84 30.47 -3.45 9.82 30.79 -2.89 10.03 30.05
3 16 -0.22 6.31 27.57 0.53 6.02 26.16 0.29 7.01 26.52
3 16 -0.22 6.31 27.57 -0.05 5.02 27.28 0.53 6.02 26.16
3 16 -0.58 7.55 28.01 -0.22 6.31 27.57 0.29 7.01 26.52
3 16 -0.58 7.55 28.01 0.29 7.01 26.52 0.01 8.08 26.64
3 16 -0.08 19.46 22.31 0.32 18.16 21.67 -0.29 19.28 21.28
3 16 -0.08 19.46 22.31 0.43 18.6 22.55 0.32 18.16 21.67
3 16 -0.29 19.28 21.28 0.32 18.16 21.67 -0.05 18.31 20.08
3 16 -0.29 19.28 21.28 -0.05 18.31 20.08 -0.57 19.24 19.99
3 16 -0.57 19.24 19.99 -0.05 18.31 20.08 -0.93 18.35 18.42
3 16 -0.57 19.24 19.99 -0.93 18.35 18.42 -1.33 19.3 18.67
3 16 -0.93 18.35 18.42 -2.97 19.21 18.23 -1.33 19.3 18.67
3 16 -0.93 18.35 18.42 -3.28 18.33 17.79 -2.97 19.21 18.23
3 16 0.32 18.16 21.67 0.43 17.28 20.36 -0.05 18.31 20.08
3 16 -0.93 18.35 18.42 -0.05 18.31 20.08 0.43 17.28 20.36
3 16 0.32 18.16 21.67 0.62 17.11 21.65 0.43 17.28 20.36
3 16 0.62 17.11 21.65 0.16 16.34 20.68 0.43 17.28 20.36
3 16 0.62 17.11 21.65 0.56 16.18 21.74 0.16 16.34 20.68
3 16 0.56 16.18 21.74 -0.27 15.47 20.91 0.16 16.34 20.68
3 16 0.56 16.18 21.74 0.31 15.49 21.76 -0.27 15.47 20.91
3 16 0.16 16.34 20.68 -0.27 15.47 20.91 -0.27 15.52 19.73
3 16 0.23 16.23 19.55 0.43 17.28 20.36 0.16 16.34 20.68
4 16 0.16 16.34 20.68 -0.27 15.52 19.73 -0.03 15.64 18.53 0.23 16.23 19.55
3 16 -0.03 15.64 18.53 -0.7 16.57 17.19 0.23 16.23 19.55
3 16 -0.03 15.64 18.53 -0.34 15.83 17.18 -0.7 16.57 17.19
4 16 0.23 16.23 19.55 -1.41 17.15 17.01 -0.93 18.35 18.42 0.43 17.28 20.36
3 16 -1.41 17.15 17.01 0.23 16.23 19.55 -0.7 16.57 17.19
3 16 -8.69 13.3 21.95 -8.52 14.46 21.99 -8.33 14.12 21.54
3 16 -8.69 13.3 21.95 -8.83 13.52 22.52 -8.52 14.46 21.99
3 16 -8.83 13.52 22.52 -8.86 14.77 22.45 -8.52 14.46 21.99
3 16 -8.83 13.52 22.52 -8.88 13.8 23.27 -8.86 14.77 22.45
3 16 -8.33 14.12 21.54 -8.52 14.46 21.99 -7.91 15.05 21.29
3 16 -8.33 14.12 21.54 -7.91 15.05 21.29 -7.89 14.64 20.67
3 16 -8.15 15.73 21.73 -8.52 14.46 21.99 -8.86 14.77 22.45
3 16 -8.15 15.73 21.73 -7.91 15.05 21.29 -8.52 14.46 21.99
3 16 -8.19 16.62 22.05 -7.77 16.39 21.07 -8.15 15.73 21.73
3 16 -8.19 16.62 22.05 -7.84 16.92 21.33 -7.77 16.39 21.07
3 16 -8.26 17.46 21.86 -7.84 16.92 21.33 -8.19 16.62 22.05
3 16 -8.26 17.46 21.86 -8.07 17.47 21.38 -7.84 16.92 21.33
3 16 -8.19 16.62 22.05 -8.28 17.63 22.56 -8.26 17.46 21.86
3 16 -8.54 16.69 23.03 -8.28 17.63 22.56 -8.19 16.62 22.05
3 16 -8.54 16.69 23.03 -8.19 16.62 22.05 -8.15 15.73 21.73
4 16 -8.52 16.21 23.85 -7.88 18.15 23.28 -8.28 17.63 22.56 -8.54 16.69 23.03
3 16 -7.13 17.77 24.53 -7.88 18.15 23.28 -8.52 16.21 23.85
3 16 -7.13 17.77 24.53 -7.27 18.82 24.18 -7.88 18.15 23.28
3 16 -8.52 16.21 23.85 -6.96 16.88 25.08 -7.13 17.77 24.53
3 16 -8.52 16.21 23.85 -7.32 15.53 24.68 -6.96 16.88 25.08
3 16 -8.83 15.11 23.78 -7.32 15.53 24.68 -8.52 16.21 23.85
3 16 -8.54 16.69 23.03 -8.83 15.11 23.78 -8.52 16.21 23.85
3 16 -8.83 15.11 23.78 -7.66 14.36 24.67 -7.32 15.53 24.68
3 16 -8.54 16.69 23.03 -8.15 15.73 21.73 -8.86 14.77 22.45
3 16 -8.54 16.69 23.03 -8.86 14.77 22.45 -8.83 15.11 23.78
3 16 -8.42 14.04 24.04 -7.66 14.36 24.67 -8.83 15.11 23.78
3 16 -8.86 14.77 22.45 -8.88 13.8 23.27 -8.83 15.11 23.78
3 16 -8.88 13.8 23.27 -8.42 14.04 24.04 -8.83 15.11 23.78
3 16 -6.58 15.94 26.35 -6.06 15.85 26.95 -6.89 17.5 26.81
3 16 -6.96 16.88 25.08 -6.58 15.94 26.35 -6.89 17.5 26.81
3 16 -6.96 16.88 25.08 -6.89 17.5 26.81 -7.71 18.7 25.14
3 16 -6.96 16.88 25.08 -7.71 18.7 25.14 -7.13 17.77 24.53
3 16 -7.27 18.82 24.18 -7.13 17.77 24.53 -7.71 18.7 25.14
3 16 -5.73 17.18 27.58 -6.89 17.5 26.81 -6.06 15.85 26.95
3 16 -5.73 17.18 27.58 -6.23 18.37 27.32 -6.89 17.5 26.81
3 16 -5.21 18.56 27.86 -6.23 18.37 27.32 -5.73 17.18 27.58
3 16 -5.92 19.71 26.97 -6.23 18.37 27.32 -5.21 18.56 27.86
3 16 -6.89 17.5 26.81 -7.68 19.15 25.72 -7.71 18.7 25.14
3 16 -7.68 19.15 25.72 -6.89 17.5 26.81 -6.23 18.37 27.32
3 16 -7.68 19.15 25.72 -6.23 18.37 27.32 -5.92 19.71 26.97
3 16 -7.68 19.15 25.72 -5.92 19.71 26.97 -6.74 20.56 25.62
3 16 -7.68 19.15 25.72 -6.74 20.56 25.62 -7.24 19.8 24.69
3 16 -7.24 19.8 24.69 -7.71 18.7 25.14 -7.68 19.15 25.72
3 16 -7.24 19.8 24.69 -7.27 18.82 24.18 -7.71 18.7 25.14
3 16 -6.76 21.12 24.25 -7.24 19.8 24.69 -6.74 20.56 25.62
3 16 -6.76 21.12 24.25 -6.74 20.56 25.62 -6.65 21.55 24.76
3 16 -6.65 21.55 24.76 -7.25 21.64 23.57 -6.76 21.12 24.25
3 16 -6.65 21.55 24.76 -6.85 22.54 23.88 -7.25 21.64 23.57
3 16 -6.45 20.88 27.32 -6.74 20.56 25.62 -5.92 19.71 26.97
3 16 -6.45 20.88 27.32 -6.86 21.21 26.52 -6.74 20.56 25.62
3 16 -6.74 20.56 25.62 -6.86 21.21 26.52 -6.65 21.55 24.76
3 16 -5.92 19.71 26.97 -5.39 20.01 27.46 -6.45 20.88 27.32
3 16 -6.45 20.88 27.32 -5.39 20.01 27.46 -5.4 20.74 27.74
3 16 -6.2 21.97 27.69 -6.45 20.88 27.32 -5.4 20.74 27.74
3 16 -6.2 21.97 27.69 -5.4 20.74 27.74 -5.09 21.76 27.94
3 16 -6.2 21.97 27.69 -5.09 21.76 27.94 -4.83 22.83 27.93
3 16 -6.2 21.97 27.69 -4.83 22.83 27.93 -5.49 23.48 27.59
3 16 -7.02 21.73 26.87 -6.45 20.88 27.32 -6.2 21.97 27.69
3 16 -6.86 21.21 26.52 -6.45 20.88 27.32 -7.02 21.73 26.87
3 16 -6.2 21.97 27.69 -7.31 22.62 26.57 -7.02 21.73 26.87
3 16 -6.2 21.97 27.69 -5.49 23.48 27.59 -7.31 22.62 26.57
3 16 -7.31 22.62 26.57 -5.49 23.48 27.59 -6.68 23.88 26.28
3 16 -7.31 22.62 26.57 -6.68 23.88 26.28 -7.64 23.32 25.78
3 16 -6.68 23.88 26.28 -6.97 24.07 25.6 -7.64 23.32 25.78
3 16 -6.99 24.04 24.96 -7.64 23.32 25.78 -6.97 24.07 25.6
3 16 -7.31 22.62 26.57 -7.64 23.32 25.78 -7.72 23.25 25.29
3 16 -7.72 23.25 25.29 -7.64 23.32 25.78 -6.99 24.04 24.96
3 16 -7.66 22.52 25.48 -7.02 21.73 26.87 -7.31 22.62 26.57
3 16 -6.86 21.21 26.52 -7.66 22.52 25.48 -6.65 21.55 24.76
3 16 -6.86 21.21 26.52 -7.02 21.73 26.87 -7.66 22.52 25.48
3 16 -7.31 22.62 26.57 -7.72 23.25 25.29 -7.66 22.52 25.48
3 16 -7.66 22.52 25.48 -6.85 22.54 23.88 -6.65 21.55 24.76
3 16 -7.19 23.39 24.31 -7.66 22.52 25.48 -7.72 23.25 25.29
3 16 -7.19 23.39 24.31 -6.85 22.54 23.88 -7.66 22.52 25.48
3 16 -7.19 23.39 24.31 -7.72 23.25 25.29 -6.98 23.92 24.52
3 16 -7.72 23.25 25.29 -6.99 24.04 24.96 -6.98 23.92 24.52
3 16 -5.49 23.48 27.59 -6.87 25.09 26.69 -6.68 23.88 26.28
3 16 0.1 29.69 22.21 -0.06 28.23 22.54 -0.34 29.05 22.1
3 16 0.1 29.69 22.21 2.12 28.33 23.23 -0.06 28.23 22.54
3 16 -0.06 28.23 22.54 2.12 28.33 23.23 1.27 26.79 23.55
3 16 -0.06 28.23 22.54 1.27 26.79 23.55 -0.17 26.91 22.38
3 16 -6.15 21.4 20.31 -7.28 21.56 21.31 -6.24 22.57 20.8
3 16 -6.15 21.4 20.31 -6.84 20.84 20.96 -7.28 21.56 21.31
3 16 -6.15 21.4 20.31 -6.24 22.57 20.8 -4.93 22.66 20.13
3 16 -6.15 21.4 20.31 -4.93 22.66 20.13 -5.2 21.78 19.56
3 16 -4.2 22.24 18.87 -5.2 21.78 19.56 -4.93 22.66 20.13
3 16 -4.2 22.24 18.87 -4.93 22.66 20.13 -4.2 23.02 19.24
3 16 -3.17 23.17 18.65 -4.2 22.24 18.87 -4.2 23.02 19.24
3 16 -5.32 35.8 26.79 -4.83 34.74 25.61 -5.21 34.84 26.78
3 16 -2.02 35.81 21.54 -0.66 34.28 22.18 -1.83 34.22 21.22
3 16 -2.02 35.81 21.54 -1.1 36.25 22.58 -0.66 34.28 22.18
4 16 -1.1 36.25 22.58 -0.21 35.87 23.71 0.11 34.47 23.45 -0.66 34.28 22.18
3 16 -2.08 36.9 22.65 -1.1 36.25 22.58 -2.02 35.81 21.54
3 16 -2.97 36.57 22.2 -2.08 36.9 22.65 -2.02 35.81 21.54
3 16 -2.97 36.57 22.2 -2.84 36.92 22.84 -2.08 36.9 22.65
3 16 -2.84 36.92 22.84 -2.97 36.57 22.2 -3.55 36.45 22.59
3 16 -2.84 36.92 22.84 -3.55 36.45 22.59 -3.16 36.96 24.73
3 16 -2.84 36.92 22.84 -3.16 36.96 24.73 -2.62 37.43 24.32
3 16 -1.66 37.36 23.81 -2.84 36.92 22.84 -2.62 37.43 24.32
3 16 -1.66 37.36 23.81 -2.08 36.9 22.65 -2.84 36.92 22.84
3 16 -1.1 36.25 22.58 -2.08 36.9 22.65 -1.66 37.36 23.81
3 16 -0.21 35.87 23.71 -1.1 36.25 22.58 -1.66 37.36 23.81
3 16 -0.21 35.87 23.71 -1.66 37.36 23.81 -0.57 37.39 24.44
3 16 -3.01 35.76 21.69 -2.97 36.57 22.2 -2.02 35.81 21.54
3 16 -3.55 36.45 22.59 -2.97 36.57 22.2 -3.01 35.76 21.69
3 16 -3.01 35.76 21.69 -3.71 35.77 22.51 -3.55 36.45 22.59
3 16 -3.45 35.48 24.52 -3.55 36.45 22.59 -3.71 35.77 22.51
3 16 -3.45 35.48 24.52 -3.16 36.96 24.73 -3.55 36.45 22.59
3 16 -3.16 36.96 24.73 -3.45 35.48 24.52 -3.96 35.3 25.29
3 16 -3.45 35.48 24.52 -3.71 35.77 22.51 -3.58 35.08 23.65
3 16 -3.58 35.08 23.65 -3.71 35.77 22.51 -3.7 34.74 22.56
3 16 -3.01 35.76 21.69 -3.7 34.74 22.56 -3.71 35.77 22.51
3 16 -3.01 35.76 21.69 -2.95 34.62 21.54 -3.7 34.74 22.56
3 16 -2.95 34.62 21.54 -3.01 35.76 21.69 -2.02 35.81 21.54
3 16 -2.95 34.62 21.54 -2.02 35.81 21.54 -1.83 34.22 21.22
3 16 -1.01 33.21 21.55 -1.83 34.22 21.22 -0.66 34.28 22.18
3 16 -0.66 34.28 22.18 -0.25 31.97 22.16 -1.01 33.21 21.55
3 16 -0.66 34.28 22.18 0.11 34.47 23.45 -0.25 31.97 22.16
3 16 -1.03 39.9 25.13 -2.54 40.1 25.21 -2 40.75 25.49
3 16 -2 40.75 25.49 -0.48 40.9 26.32 -1.03 39.9 25.13
3 16 -0.48 40.9 26.32 0.31 39.13 26.26 -1.03 39.9 25.13
3 16 -0.48 40.9 26.32 0.1 40.2 26.83 0.31 39.13 26.26
3 16 -2 40.75 25.49 -1.61 41.42 25.89 -0.48 40.9 26.32
3 16 -2.54 40.1 25.21 -3.37 40.81 26.02 -2 40.75 25.49
3 16 -2.54 40.1 25.21 -3.56 40.16 26.03 -3.37 40.81 26.02
3 16 -2.54 40.1 25.21 -2.71 39.62 25.22 -3.56 40.16 26.03
3 16 -4.55 40.02 27.87 -3.56 40.16 26.03 -2.71 39.62 25.22
3 16 -4.55 40.02 27.87 -4.87 40.4 27.72 -3.56 40.16 26.03
3 16 -4.62 40.57 30.18 -4.87 40.4 27.72 -4.55 40.02 27.87
3 16 -4.62 40.57 30.18 -5.17 41 30.14 -4.87 40.4 27.72
3 16 -4.62 40.57 30.18 -4.38 41.12 31.01 -5.17 41 30.14
3 16 -4.62 40.57 30.18 -4.01 40.74 30.86 -4.38 41.12 31.01
3 16 -2.63 41.72 31.99 -4.38 41.12 31.01 -4.01 40.74 30.86
3 16 -3.56 40.16 26.03 -5.01 40.98 27.55 -3.37 40.81 26.02
3 16 -3.56 40.16 26.03 -4.87 40.4 27.72 -5.01 40.98 27.55
3 16 -5.17 41 30.14 -5.01 40.98 27.55 -4.87 40.4 27.72
3 16 -5.17 41 30.14 -4.38 41.12 31.01 -4.56 41.57 31.04
3 16 -5.17 41 30.14 -4.56 41.57 31.04 -5.25 41.36 30.16
3 16 -5.17 41 30.14 -5.25 41.36 30.16 -5.01 40.98 27.55
3 16 -5.14 42.2 29.53 -5.01 40.98 27.55 -5.25 41.36 30.16
3 16 -5.14 42.2 29.53 -5.25 41.36 30.16 -4.56 41.57 31.04
3 16 -5.14 42.2 29.53 -4.78 42.24 27.65 -5.01 40.98 27.55
3 16 -2.55 43.82 32.89 -4.56 41.57 31.04 -4.38 41.12 31.01
3 16 -2.63 41.72 31.99 -2.55 43.82 32.89 -4.38 41.12 31.01
3 16 -4.56 41.57 31.04 -2.55 43.82 32.89 -4 42.5 31.54
3 16 -5.14 42.2 29.53 -4.56 41.57 31.04 -4 42.5 31.54
3 16 -2.71 39.62 25.22 -4.36 39.58 27.9 -4.55 40.02 27.87
3 16 -2.71 39.62 25.22 -2.74 39.22 25.26 -4.36 39.58 27.9
3 16 -1.38 38.98 24.88 -2.74 39.22 25.26 -2.71 39.62 25.22
3 16 -1.38 38.98 24.88 -2.71 39.62 25.22 -2.54 40.1 25.21
3 16 -1.38 38.98 24.88 -2.54 40.1 25.21 -1.03 39.9 25.13
3 16 -4.01 40.74 30.86 -3.75 40.3 30.68 -2.63 41.72 31.99
3 16 -4.28 40.1 30.12 -3.75 40.3 30.68 -4.01 40.74 30.86
3 16 -4.55 40.02 27.87 -4.36 39.58 27.9 -4.28 40.1 30.12
3 16 -4.55 40.02 27.87 -4.28 40.1 30.12 -4.62 40.57 30.18
3 16 -4.28 40.1 30.12 -4.01 40.74 30.86 -4.62 40.57 30.18
3 16 -0.21 38.57 25.27 -1.38 38.98 24.88 -1.03 39.9 25.13
3 16 -0.21 38.57 25.27 -1.03 39.9 25.13 0.31 39.13 26.26
3 16 -3.22 43.63 32.6 -4 42.5 31.54 -2.55 43.82 32.89
3 16 -3.22 43.63 32.6 -4.08 43.25 31.79 -4 42.5 31.54
3 16 -4 42.5 31.54 -4.08 43.25 31.79 -5.3 42.84 29.53
3 16 -4 42.5 31.54 -5.3 42.84 29.53 -5.14 42.2 29.53
3 16 -5.14 42.2 29.53 -5.3 42.84 29.53 -4.77 42.92 27.69
3 16 -5.14 42.2 29.53 -4.77 42.92 27.69 -4.78 42.24 27.65
3 16 -4.78 42.24 27.65 -4.77 42.92 27.69 -3.73 43.06 27.03
3 16 -4.78 42.24 27.65 -3.73 43.06 27.03 -3.09 41.58 26.17
3 16 -3.09 41.58 26.17 -5.01 40.98 27.55 -4.78 42.24 27.65
3 16 -3.37 40.81 26.02 -5.01 40.98 27.55 -3.09 41.58 26.17
3 16 -2 40.75 25.49 -3.37 40.81 26.02 -3.09 41.58 26.17
3 16 -2 40.75 25.49 -3.09 41.58 26.17 -1.61 41.42 25.89
3 16 -1.61 41.42 25.89 -3.09 41.58 26.17 -1.26 42.03 26.22
3 16 -1.26 42.03 26.22 -0.48 40.9 26.32 -1.61 41.42 25.89
3 16 -1.26 42.03 26.22 -0.11 41.4 26.95 -0.48 40.9 26.32
3 16 -0.11 41.4 26.95 0.1 40.2 26.83 -0.48 40.9 26.32
3 16 -0.11 41.4 26.95 0.32 40.64 27.54 0.1 40.2 26.83
3 16 0.1 40.2 26.83 0.32 40.64 27.54 0.85 39.96 27.87
3 16 0.1 40.2 26.83 0.85 39.96 27.87 0.87 39.54 27.03
3 16 0.1 40.2 26.83 0.87 39.54 27.03 0.31 39.13 26.26
3 16 0.32 40.64 27.54 0.59 39.88 28.5 0.85 39.96 27.87
3 16 0.32 40.64 27.54 0.27 40.89 28.55 0.59 39.88 28.5
3 16 0.32 40.64 27.54 -0.03 41.88 27.86 0.27 40.89 28.55
3 16 0.32 40.64 27.54 -0.11 41.4 26.95 -0.03 41.88 27.86
3 16 -0.94 42.71 27.06 -0.11 41.4 26.95 -1.26 42.03 26.22
3 16 -0.94 42.71 27.06 -1.26 42.03 26.22 -2.35 43.13 26.67
3 16 -3.09 41.58 26.17 -2.35 43.13 26.67 -1.26 42.03 26.22
3 16 -3.09 41.58 26.17 -3.73 43.06 27.03 -2.35 43.13 26.67
3 16 0.02 43.14 29.4 0.26 44.1 29.67 -0.81 42.18 31.27
3 16 -0.52 43.14 28.65 0.26 44.1 29.67 0.02 43.14 29.4
3 16 -0.52 43.14 28.65 -0.35 44.81 28.74 0.26 44.1 29.67
3 16 -1.48 44.01 27.95 -0.35 44.81 28.74 -0.52 43.14 28.65
3 16 -1.48 44.01 27.95 -1.39 45.26 28.35 -0.35 44.81 28.74
3 16 -2.92 44.49 28.09 -1.39 45.26 28.35 -1.48 44.01 27.95
3 16 -2.92 44.49 28.09 -2.62 45.61 28.36 -1.39 45.26 28.35
3 16 -3.77 44.6 28.74 -2.62 45.61 28.36 -2.92 44.49 28.09
3 16 -3.77 44.6 28.74 -3.77 45.59 28.96 -2.62 45.61 28.36
3 16 -4.14 44.67 29.67 -3.77 45.59 28.96 -3.77 44.6 28.74
3 16 -4.14 44.67 29.67 -4.01 45.84 30.4 -3.77 45.59 28.96
3 16 -4.01 45.84 30.4 -3.46 46.14 29.52 -3.77 45.59 28.96
4 16 -3.9 45.87 30.8 -4.01 45.84 30.4 -4.14 44.67 29.67 -3.7 44.93 31.26
3 16 -4.01 45.84 30.4 -3.9 45.87 30.8 -3.62 46.09 30.82
3 16 -3.62 46.09 30.82 -3.46 46.14 29.52 -4.01 45.84 30.4
3 16 -3.62 46.09 30.82 -3.9 45.87 30.8 -3.19 45.53 31.36
3 16 -3.19 45.53 31.36 -3.9 45.87 30.8 -3.7 44.93 31.26
3 16 -3.19 45.53 31.36 -3.11 46.22 30.77 -3.62 46.09 30.82
3 16 -3.11 46.22 30.77 -3.46 46.14 29.52 -3.62 46.09 30.82
3 16 -2.15 45.97 31.49 -3.11 46.22 30.77 -3.19 45.53 31.36
3 16 -2.15 45.97 31.49 -1.95 46.15 31.13 -3.11 46.22 30.77
3 16 -3.19 45.53 31.36 -3.7 44.93 31.26 -3.17 45.21 31.74
3 16 -3.19 45.53 31.36 -2.62 45.51 31.98 -2.15 45.97 31.49
3 16 -3.19 45.53 31.36 -3.17 45.21 31.74 -2.62 45.51 31.98
3 16 -2.62 45.51 31.98 -1.86 45.73 31.97 -2.15 45.97 31.49
3 16 -1.86 45.73 31.97 -1.95 46.15 31.13 -2.15 45.97 31.49
3 16 -1.86 45.73 31.97 -1.03 46.04 30.87 -1.95 46.15 31.13
3 16 -1.03 46.04 30.87 -1.86 45.73 31.97 -1.28 45.33 31.97
3 16 -0.9 45.01 31.8 -1.03 46.04 30.87 -1.28 45.33 31.97
3 16 -0.9 45.01 31.8 -0.23 45.98 30.53 -1.03 46.04 30.87
3 16 -2.47 46.12 28.99 -3.46 46.14 29.52 -3.11 46.22 30.77
3 16 -3.11 46.22 30.77 -1.95 46.15 31.13 -2.47 46.12 28.99
3 16 -2.47 46.12 28.99 -1.95 46.15 31.13 -1.03 46.04 30.87
3 16 -2.47 46.12 28.99 -3.77 45.59 28.96 -3.46 46.14 29.52
3 16 -2.47 46.12 28.99 -2.62 45.61 28.36 -3.77 45.59 28.96
3 16 -2.47 46.12 28.99 -1.39 45.26 28.35 -2.62 45.61 28.36
3 16 -2.47 46.12 28.99 -0.52 46.07 29.8 -1.39 45.26 28.35
3 16 -0.52 46.07 29.8 -1.03 46.04 30.87 -0.23 45.98 30.53
3 16 -0.52 46.07 29.8 -2.47 46.12 28.99 -1.03 46.04 30.87
3 16 -0.35 44.81 28.74 -1.39 45.26 28.35 -0.52 46.07 29.8
3 16 -0.35 44.81 28.74 -0.52 46.07 29.8 0.13 45.55 30.42
3 16 0.13 45.55 30.42 -0.52 46.07 29.8 -0.23 45.98 30.53
3 16 -0.35 44.81 28.74 0.13 45.55 30.42 0.26 44.1 29.67
3 16 0.26 44.1 29.67 0.13 45.55 30.42 -1.1 44.03 32.19
3 16 0.26 44.1 29.67 -1.1 44.03 32.19 -0.81 42.18 31.27
3 16 -1.8 41.5 31.82 -0.81 42.18 31.27 -1.1 44.03 32.19
3 16 -1.77 41.11 31.39 -0.81 42.18 31.27 -1.8 41.5 31.82
3 16 -1.77 41.11 31.39 -0.82 42.14 30.38 -0.81 42.18 31.27
3 16 -0.81 42.18 31.27 -0.82 42.14 30.38 -0.54 42.43 29.87
3 16 -0.81 42.18 31.27 -0.54 42.43 29.87 0.02 43.14 29.4
3 16 -0.54 42.43 29.87 -0.52 43.14 28.65 0.02 43.14 29.4
3 16 0.13 45.55 30.42 -0.9 45.01 31.8 -1.1 44.03 32.19
3 16 -1.26 44.59 32.51 -1.1 44.03 32.19 -0.9 45.01 31.8
3 16 0.13 45.55 30.42 -0.23 45.98 30.53 -0.9 45.01 31.8
3 16 -1.77 41.11 31.39 -1.8 41.5 31.82 -2.63 41.72 31.99
3 16 -2.89 40.7 31.18 -1.77 41.11 31.39 -2.63 41.72 31.99
3 16 -3.75 40.3 30.68 -2.89 40.7 31.18 -2.63 41.72 31.99
3 16 -2.55 43.82 32.89 -1.8 41.5 31.82 -1.1 44.03 32.19
3 16 -1.8 41.5 31.82 -2.55 43.82 32.89 -2.63 41.72 31.99
3 16 -1.1 44.03 32.19 -1.79 44.13 32.9 -2.55 43.82 32.89
3 16 -1.1 44.03 32.19 -1.26 44.59 32.51 -1.79 44.13 32.9
3 16 0.61 -4.15 22.25 0.09 -3.88 21.06 -0.41 -3.17 22.02
4 16 -1.5 -1.74 22.05 -0.41 -3.17 22.02 0.09 -3.88 21.06 -0.84 -2.67 20.84
3 16 -0.84 -2.67 20.84 -1.24 -1.87 20.5 -1.5 -1.74 22.05
3 16 -1.66 -0.49 22.08 -1.5 -1.74 22.05 -1.24 -1.87 20.5
4 16 -1.92 1.03 20.62 -1.66 -0.49 22.08 -1.24 -1.87 20.5 -1.48 -0.62 19.81
3 16 -0.24 -1.98 23.14 -0.41 -3.17 22.02 -1.5 -1.74 22.05
3 16 -0.24 -1.98 23.14 0.61 -4.15 22.25 -0.41 -3.17 22.02
3 16 -0.24 -1.98 23.14 -1.5 -1.74 22.05 -0.83 -1.46 23.17
3 16 -0.83 -1.46 23.17 -1.5 -1.74 22.05 -1.66 -0.49 22.08
3 16 -0.83 -1.46 23.17 -1.66 -0.49 22.08 -0.64 -0.65 23.78
3 16 -0.83 -1.46 23.17 0.14 -1.11 23.93 -0.24 -1.98 23.14
3 16 -0.83 -1.46 23.17 -0.64 -0.65 23.78 0.14 -1.11 23.93
3 16 0.09 -3.88 21.06 0.05 -3.58 20.43 -0.84 -2.67 20.84
3 16 0.61 -4.15 22.25 1.15 -4.39 20.82 0.09 -3.88 21.06
3 16 -1.6 2.71 20.78 -1.37 1.98 22.37 -1.46 1.97 20.83
3 16 -1.6 2.71 20.78 -1.59 3.09 22.54 -1.37 1.98 22.37
3 16 -1.6 2.71 20.78 -2.06 3.88 21.77 -1.59 3.09 22.54
3 16 -1.6 2.71 20.78 -1.64 3.47 19.93 -2.06 3.88 21.77
3 16 -1.76 0.92 22.24 -1.46 1.97 20.83 -1.37 1.98 22.37
3 16 -1.76 0.92 22.24 -1.92 1.03 20.62 -1.46 1.97 20.83
3 16 -1.66 -0.49 22.08 -1.92 1.03 20.62 -1.76 0.92 22.24
3 16 -0.41 0.71 23.58 -1.66 -0.49 22.08 -1.76 0.92 22.24
3 16 -1.37 1.98 22.37 -0.41 0.71 23.58 -1.76 0.92 22.24
3 16 -0.41 0.71 23.58 -0.64 -0.65 23.78 -1.66 -0.49 22.08
3 16 -1.37 1.98 22.37 -0.22 1.88 23.66 -0.41 0.71 23.58
3 16 -1.59 3.09 22.54 -0.22 1.88 23.66 -1.37 1.98 22.37
3 16 -1.59 3.09 22.54 -0.1 3.09 23.98 -0.22 1.88 23.66
3 16 -1.88 6.96 19.69 -2.09 6.05 20.71 -2 5.77 19.89
3 16 -1.88 6.96 19.69 -2.09 7 20.72 -2.09 6.05 20.71
3 16 -1.91 6.49 22.63 -2.09 6.05 20.71 -2.09 7 20.72
3 16 -1.91 6.49 22.63 -2.09 7 20.72 -1.52 7.27 22.28
3 16 -2 5.77 19.89 -2.09 6.05 20.71 -2.25 5.09 21.1
3 16 -2.25 5.09 21.1 -2.09 6.05 20.71 -1.91 6.49 22.63
3 16 -2 5.77 19.89 -2.25 5.09 21.1 -1.99 4.39 19.83
3 16 -1.99 4.39 19.83 -2.25 5.09 21.1 -2.06 3.88 21.77
3 16 -1.85 5.42 22.86 -2.06 3.88 21.77 -2.25 5.09 21.1
3 16 -2.25 5.09 21.1 -1.91 6.49 22.63 -1.85 5.42 22.86
3 16 -1.85 5.42 22.86 -1.49 4.6 23.03 -2.06 3.88 21.77
3 16 -1.59 3.09 22.54 -2.06 3.88 21.77 -1.49 4.6 23.03
3 16 -1.59 3.09 22.54 -1.49 4.6 23.03 -1.16 4.01 23.23
3 16 -1.99 4.39 19.83 -2.06 3.88 21.77 -1.64 3.47 19.93
3 16 -1.88 8.22 19.51 -2.09 7 20.72 -1.88 6.96 19.69
3 16 -1.88 8.22 19.51 -2.25 8.09 21.03 -2.09 7 20.72
3 16 -1.54 9.23 20.05 -2.25 8.09 21.03 -1.88 8.22 19.51
3 16 -1.54 9.23 20.05 -1.68 9.18 21.22 -2.25 8.09 21.03
3 16 -1.52 7.27 22.28 -2.09 7 20.72 -2.25 8.09 21.03
3 16 -1.52 7.27 22.28 -2.25 8.09 21.03 -1.36 8.05 22.22
3 16 -1.36 8.05 22.22 -2.25 8.09 21.03 -1.68 9.18 21.22
3 16 -1.36 8.05 22.22 -1.68 9.18 21.22 -1.06 8.99 22.41
3 16 -1.04 9.9 22.58 -1.68 9.18 21.22 -1.31 10.31 21.39
3 16 -1.04 9.9 22.58 -1.06 8.99 22.41 -1.68 9.18 21.22
3 16 -0.54 11.53 21.98 -1.04 9.9 22.58 -1.31 10.31 21.39
3 16 -0.54 11.53 21.98 -1.31 10.31 21.39 -1.03 11.99 21.17
3 16 -2.44 17.42 17.02 -0.93 18.35 18.42 -1.41 17.15 17.01
3 16 -2.44 17.42 17.02 -3.28 18.33 17.79 -0.93 18.35 18.42
3 16 -9.05 -7.53 13.94 -9.76 -6.6 13.71 -9.31 -7.22 13.18
3 16 -9.05 -7.53 13.94 -9.44 -7.03 14.37 -9.76 -6.6 13.71
4 16 -9.05 -7.53 13.94 -9.31 -7.22 13.18 -8.69 -7.83 12.74 -8.48 -8.08 13.59
3 16 -10.03 -5.99 14.32 -9.76 -6.6 13.71 -9.44 -7.03 14.37
3 16 -10.03 -5.99 14.32 -9.44 -7.03 14.37 -9.74 -6.65 15.02
3 16 -9.99 -5.83 15.47 -10.03 -5.99 14.32 -9.74 -6.65 15.02
3 16 -9.99 -5.83 15.47 -10.01 -5.27 14.97 -10.03 -5.99 14.32
3 16 -9.79 -4.73 15.68 -10.01 -5.27 14.97 -9.99 -5.83 15.47
3 16 -9.79 -4.73 15.68 -9.99 -5.83 15.47 -9.75 -5.33 16.24
3 16 -9.75 -5.33 16.24 -9.43 -4.28 16.53 -9.79 -4.73 15.68
3 16 -9.75 -5.33 16.24 -9.4 -4.79 16.9 -9.43 -4.28 16.53
3 16 -9.4 -4.79 16.9 -8.72 -3.83 18.11 -9.43 -4.28 16.53
3 16 -9.4 -4.79 16.9 -9.11 -4.14 18.35 -8.72 -3.83 18.11
3 16 -7.89 -8.35 12.39 -8.48 -8.08 13.59 -8.69 -7.83 12.74
3 16 -7.89 -8.35 12.39 -7.66 -8.56 13.45 -8.48 -8.08 13.59
3 16 -6.64 -8.93 13.04 -7.66 -8.56 13.45 -7.89 -8.35 12.39
3 16 -6.64 -8.93 13.04 -7.89 -8.35 12.39 -6.89 -8.79 12.09
3 16 -6.64 -8.93 13.04 -6.89 -8.79 12.09 -5.91 -9.16 11.89
3 16 -6.64 -8.93 13.04 -5.91 -9.16 11.89 -5.78 -9.19 12.88
3 16 -5.14 -9.67 12.52 -5.78 -9.19 12.88 -5.91 -9.16 11.89
3 16 -5.14 -9.67 12.52 -5.91 -9.16 11.89 -4.95 -9.49 11.74
3 16 -4.16 -9.96 12.44 -5.14 -9.67 12.52 -4.95 -9.49 11.74
3 16 -4.16 -9.96 12.44 -4.95 -9.49 11.74 -3.99 -9.75 11.67
3 16 -3.99 -9.75 11.67 -2.39 -10.18 12.8 -4.16 -9.96 12.44
3 16 -3.99 -9.75 11.67 -2.09 -10.1 12.07 -2.39 -10.18 12.8
3 16 -1.39 -10.14 12.59 -2.39 -10.18 12.8 -2.09 -10.1 12.07
3 16 -1.39 -10.14 12.59 -1.79 -9.93 13.21 -2.39 -10.18 12.8
3 16 -1.79 -9.93 13.21 -1.39 -10.14 12.59 -0.75 -10.08 13.06
3 16 -1.79 -9.93 13.21 -0.75 -10.08 13.06 -1.11 -9.72 13.73
3 16 -0.09 -9.97 13.48 -1.11 -9.72 13.73 -0.75 -10.08 13.06
3 16 -0.09 -9.97 13.48 -0.44 -9.92 14.09 -1.11 -9.72 13.73
3 16 0.29 -9.86 14.54 -0.44 -9.92 14.09 -0.09 -9.97 13.48
3 16 0.29 -9.86 14.54 -0.09 -9.97 13.48 1.11 -9.27 14.71
3 16 0.83 -9.56 15.12 0.29 -9.86 14.54 1.11 -9.27 14.71
3 16 0.83 -9.56 15.12 1.11 -9.27 14.71 1.49 -8.74 15.48
3 16 0.83 -9.56 15.12 1.49 -8.74 15.48 1.24 -9.06 15.86
3 16 1.24 -9.06 15.86 1.49 -8.74 15.48 1.74 -8.05 16.31
3 16 1.24 -9.06 15.86 1.74 -8.05 16.31 1.38 -8.42 16.68
3 16 1.3 -7.72 17.6 1.38 -8.42 16.68 1.74 -8.05 16.31
3 16 1.3 -7.72 17.6 1.74 -8.05 16.31 1.78 -7.16 17.25
3 16 1.78 -7.16 17.25 1.21 -6.92 18.77 1.3 -7.72 17.6
3 16 1.78 -7.16 17.25 1.61 -6.16 18.24 1.21 -6.92 18.77
3 16 1.44 -5.67 19.92 1.21 -6.92 18.77 1.61 -6.16 18.24
3 16 1.44 -5.67 19.92 1.61 -6.16 18.24 1.52 -5.04 19.24
3 16 0.91 -4.1 19.93 1.44 -5.67 19.92 1.52 -5.04 19.24
3 16 0.91 -4.1 19.93 1.15 -4.39 20.82 1.44 -5.67 19.92
3 16 0.09 -3.88 21.06 1.15 -4.39 20.82 0.91 -4.1 19.93
3 16 0.09 -3.88 21.06 0.91 -4.1 19.93 0.05 -3.58 20.43
3 16 -9.3 -2.89 19.45 -9.21 -3.63 18.9 -9.57 -3.24 19.27
3 16 -9.21 -3.63 18.9 -8.71 -3.36 18.79 -8.72 -3.83 18.11
3 16 -9.21 -3.63 18.9 -8.72 -3.83 18.11 -9.11 -4.14 18.35
3 16 -8.97 -2.42 19.58 -7.45 -1.41 19.35 -8.02 -2.69 18.56
3 16 -8.97 -2.42 19.58 -8.12 -1.11 19.82 -7.45 -1.41 19.35
3 16 -7.21 -1.52 18.68 -8.02 -2.69 18.56 -7.45 -1.41 19.35
3 16 -8.02 -2.69 18.56 -7.21 -1.52 18.68 -7.7 -2.13 17.68
3 16 -8.97 -2.42 19.58 -8.02 -2.69 18.56 -8.71 -3.36 18.79
4 16 -9.21 -3.63 18.9 -9.3 -2.89 19.45 -8.97 -2.42 19.58 -8.71 -3.36 18.79
3 16 -7.7 -2.13 17.68 -8.27 -2.6 16.93 -8.02 -2.69 18.56
3 16 -8.02 -2.69 18.56 -8.72 -3.83 18.11 -8.71 -3.36 18.79
3 16 -8.02 -2.69 18.56 -8.27 -2.6 16.93 -8.72 -3.83 18.11
3 16 -8.27 -2.6 16.93 -9.43 -4.28 16.53 -8.72 -3.83 18.11
3 16 -8.94 -3.08 15.99 -9.43 -4.28 16.53 -8.27 -2.6 16.93
3 16 -9.44 -3.51 15.03 -9.43 -4.28 16.53 -8.94 -3.08 15.99
3 16 -9.43 -4.28 16.53 -9.44 -3.51 15.03 -9.79 -4.73 15.68
3 16 -9.79 -4.73 15.68 -9.44 -3.51 15.03 -9.72 -3.92 14.07
3 16 -9.72 -3.92 14.07 -10.01 -5.27 14.97 -9.79 -4.73 15.68
4 16 -10.01 -5.27 14.97 -9.72 -3.92 14.07 -9.74 -5.52 12.46 -10.03 -5.99 14.32
3 16 -9.76 -6.6 13.71 -10.03 -5.99 14.32 -9.74 -5.52 12.46
3 16 -9.31 -7.22 13.18 -9.76 -6.6 13.71 -9.74 -5.52 12.46
3 16 -9.31 -7.22 13.18 -9.74 -5.52 12.46 -9.34 -6.09 11.81
3 16 -8.92 -6.85 11.11 -9.31 -7.22 13.18 -9.34 -6.09 11.81
3 16 -8.69 -7.83 12.74 -9.31 -7.22 13.18 -8.92 -6.85 11.11
3 16 -8.69 -7.83 12.74 -8.92 -6.85 11.11 -8.06 -7.41 10.35
3 16 -8.06 -7.41 10.35 -7.89 -8.35 12.39 -8.69 -7.83 12.74
3 16 -7.89 -8.35 12.39 -8.06 -7.41 10.35 -6.95 -7.95 10.21
3 16 -7.89 -8.35 12.39 -6.95 -7.95 10.21 -6.89 -8.79 12.09
3 16 -6.89 -8.79 12.09 -6.95 -7.95 10.21 -5.93 -8.34 10.1
3 16 -6.89 -8.79 12.09 -5.93 -8.34 10.1 -5.91 -9.16 11.89
3 16 -5.91 -9.16 11.89 -5.93 -8.34 10.1 -4.93 -8.66 10.05
3 16 -5.91 -9.16 11.89 -4.93 -8.66 10.05 -4.95 -9.49 11.74
3 16 -4.93 -8.66 10.05 -3.99 -9.75 11.67 -4.95 -9.49 11.74
3 16 -4.93 -8.66 10.05 -3.38 -9.05 10.15 -3.99 -9.75 11.67
4 16 -1.68 -9.36 10.53 -2.09 -10.1 12.07 -3.99 -9.75 11.67 -3.38 -9.05 10.15
3 16 -1.06 -9.44 10.75 -2.09 -10.1 12.07 -1.68 -9.36 10.53
3 16 -1.06 -9.44 10.75 -1.39 -10.14 12.59 -2.09 -10.1 12.07
3 16 -1.06 -9.44 10.75 -0.41 -9.53 11.13 -1.39 -10.14 12.59
3 16 -0.41 -9.53 11.13 -0.75 -10.08 13.06 -1.39 -10.14 12.59
3 16 0.6 -9.53 12.01 -0.75 -10.08 13.06 -0.41 -9.53 11.13
3 16 0.6 -9.53 12.01 -0.09 -9.97 13.48 -0.75 -10.08 13.06
3 16 1.81 -9.13 13.02 -0.09 -9.97 13.48 0.6 -9.53 12.01
3 16 1.81 -9.13 13.02 1.11 -9.27 14.71 -0.09 -9.97 13.48
3 16 -7.53 -6.9 9.46 -6.95 -7.95 10.21 -8.06 -7.41 10.35
3 16 -7.53 -6.9 9.46 -6.7 -7.36 9.49 -6.95 -7.95 10.21
3 16 -5.81 -7.69 9.5 -6.95 -7.95 10.21 -6.7 -7.36 9.49
3 16 -5.81 -7.69 9.5 -5.93 -8.34 10.1 -6.95 -7.95 10.21
4 16 -5.81 -7.69 9.5 -4.88 -8.03 9.49 -4.93 -8.66 10.05 -5.93 -8.34 10.1
3 16 -4.93 -8.66 10.05 -4.88 -8.03 9.49 -3.26 -8.58 9.63
3 16 -4.93 -8.66 10.05 -3.26 -8.58 9.63 -3.38 -9.05 10.15
3 16 -1.63 -8.85 10.04 -3.38 -9.05 10.15 -3.26 -8.58 9.63
3 16 -1.63 -8.85 10.04 -1.68 -9.36 10.53 -3.38 -9.05 10.15
3 16 -0.85 -8.92 10.35 -1.68 -9.36 10.53 -1.63 -8.85 10.04
3 16 -0.85 -8.92 10.35 -1.06 -9.44 10.75 -1.68 -9.36 10.53
3 16 -0.15 -8.94 10.72 -1.06 -9.44 10.75 -0.85 -8.92 10.35
4 16 0.8 -9.28 11.46 -0.41 -9.53 11.13 -1.06 -9.44 10.75 -0.15 -8.94 10.72
3 16 0.8 -9.28 11.46 0.6 -9.53 12.01 -0.41 -9.53 11.13
3 16 0.8 -9.28 11.46 1.81 -9.13 13.02 0.6 -9.53 12.01
3 16 1.11 -9.27 14.71 2.69 -8.17 14.12 1.49 -8.74 15.48
3 16 1.11 -9.27 14.71 1.81 -9.13 13.02 2.69 -8.17 14.12
3 16 1.49 -8.74 15.48 2.73 -7.92 14.58 1.74 -8.05 16.31
3 16 1.49 -8.74 15.48 2.69 -8.17 14.12 2.73 -7.92 14.58
3 16 1.61 -6.16 18.24 2.96 -5.32 17.39 1.52 -5.04 19.24
3 16 1.52 -5.04 19.24 2.96 -5.32 17.39 2.89 -4.55 17.9
3 16 2.89 -4.55 17.9 2.72 -3.95 18.07 1.52 -5.04 19.24
3 16 2.72 -3.95 18.07 2.19 -3.56 18.5 0.91 -4.1 19.93
3 16 0.91 -4.1 19.93 1.52 -5.04 19.24 2.72 -3.95 18.07
3 16 0.91 -4.1 19.93 2.19 -3.56 18.5 1.44 -2.98 18.94
4 16 1.44 -2.98 18.94 0.8 -2.42 19.23 0.05 -3.58 20.43 0.91 -4.1 19.93
3 16 1.61 -6.16 18.24 1.78 -7.16 17.25 2.96 -5.32 17.39
3 16 1.78 -7.16 17.25 3.03 -5.96 16.75 2.96 -5.32 17.39
3 16 3.03 -5.96 16.75 1.78 -7.16 17.25 3.03 -6.34 16.38
3 16 2.98 -6.7 16 3.03 -6.34 16.38 1.78 -7.16 17.25
3 16 2.98 -6.7 16 1.78 -7.16 17.25 1.74 -8.05 16.31
3 16 2.98 -6.7 16 1.74 -8.05 16.31 2.74 -7.35 15.52
3 16 0.05 -3.58 20.43 0.8 -2.42 19.23 -0.15 -1.86 19.72
3 16 0.05 -3.58 20.43 -0.15 -1.86 19.72 -0.84 -2.67 20.84
3 16 -0.15 -1.86 19.72 -1.24 -1.87 20.5 -0.84 -2.67 20.84
3 16 -0.15 -1.86 19.72 -1.48 -0.62 19.81 -1.24 -1.87 20.5
3 16 -0.15 -1.86 19.72 -0.01 -0.87 19.05 -1.48 -0.62 19.81
3 16 -0.15 -1.86 19.72 1.15 -2.02 18.58 -0.01 -0.87 19.05
3 16 -0.15 -1.86 19.72 0.8 -2.42 19.23 1.15 -2.02 18.58
3 16 1.15 -2.02 18.58 0.8 -2.42 19.23 1.44 -2.98 18.94
3 16 1.15 -2.02 18.58 1.44 -2.98 18.94 1.62 -2.52 18.34
3 16 1.44 -2.98 18.94 2.14 -3.01 18 1.62 -2.52 18.34
3 16 1.44 -2.98 18.94 2.19 -3.56 18.5 2.14 -3.01 18
3 16 2.67 -3.38 17.59 2.14 -3.01 18 2.19 -3.56 18.5
3 16 2.67 -3.38 17.59 2.19 -3.56 18.5 2.72 -3.95 18.07
3 16 3.03 -3.63 17.3 2.67 -3.38 17.59 2.72 -3.95 18.07
3 16 3.03 -3.63 17.3 2.72 -3.95 18.07 2.89 -4.55 17.9
3 16 2.89 -4.55 17.9 3.29 -4.47 17.33 3.03 -3.63 17.3
3 16 2.96 -5.32 17.39 3.29 -4.47 17.33 2.89 -4.55 17.9
3 16 2.96 -5.32 17.39 3.35 -5.02 16.97 3.29 -4.47 17.33
3 16 3.03 -5.96 16.75 3.35 -5.02 16.97 2.96 -5.32 17.39
3 16 3.03 -5.96 16.75 3.39 -5.48 16.47 3.35 -5.02 16.97
3 16 3.03 -5.96 16.75 3.44 -5.89 15.93 3.39 -5.48 16.47
3 16 3.03 -5.96 16.75 3.03 -6.34 16.38 3.44 -5.89 15.93
3 16 3.44 -5.89 15.93 3.03 -6.34 16.38 2.98 -6.7 16
3 16 3.44 -5.89 15.93 2.98 -6.7 16 3.4 -6.33 15.32
3 16 2.98 -6.7 16 3.2 -7.05 15.04 3.4 -6.33 15.32
3 16 2.98 -6.7 16 2.74 -7.35 15.52 3.2 -7.05 15.04
3 16 3.2 -7.05 15.04 2.74 -7.35 15.52 2.73 -7.92 14.58
3 16 1.74 -8.05 16.31 2.73 -7.92 14.58 2.74 -7.35 15.52
3 16 -8.31 -0.8 15.93 -8.75 -2.37 15.58 -7.43 -1.42 17.08
3 16 -9.8 -2.94 13.84 -8.75 -2.37 15.58 -8.31 -0.8 15.93
3 16 -9.8 -2.94 13.84 -9.54 -3.27 14.16 -8.75 -2.37 15.58
3 16 -8.75 -2.37 15.58 -9.54 -3.27 14.16 -9.44 -3.51 15.03
3 16 -9.72 -3.92 14.07 -9.44 -3.51 15.03 -9.54 -3.27 14.16
3 16 -8.75 -2.37 15.58 -9.44 -3.51 15.03 -8.94 -3.08 15.99
3 16 -8.94 -3.08 15.99 -8.27 -2.6 16.93 -8.75 -2.37 15.58
3 16 -7.43 -1.42 17.08 -8.75 -2.37 15.58 -8.27 -2.6 16.93
3 16 -7.43 -1.42 17.08 -8.27 -2.6 16.93 -7.7 -2.13 17.68
3 16 -8.31 -0.8 15.93 -7.43 -1.42 17.08 -7.92 0.6 16.36
3 16 -8.31 -0.8 15.93 -7.92 0.6 16.36 -9.02 0.17 15.75
3 16 -9.82 -0.69 14.93 -8.31 -0.8 15.93 -9.02 0.17 15.75
3 16 -9.8 -2.94 13.84 -8.31 -0.8 15.93 -9.82 -0.69 14.93
3 16 -9.8 -2.94 13.84 -9.82 -0.69 14.93 -10.27 -1.63 14.08
3 16 -10.37 -2.59 13.72 -9.8 -2.94 13.84 -10.27 -1.63 14.08
3 16 -9.8 -2.94 13.84 -10.37 -2.59 13.72 -10.43 -3.28 13.07
3 16 -9.8 -2.94 13.84 -10.43 -3.28 13.07 -9.9 -3.55 13.43
3 16 -9.9 -3.55 13.43 -9.54 -3.27 14.16 -9.8 -2.94 13.84
3 16 -9.9 -3.55 13.43 -9.72 -3.92 14.07 -9.54 -3.27 14.16
3 16 -9.9 -3.55 13.43 -9.74 -5.52 12.46 -9.72 -3.92 14.07
3 16 -9.9 -3.55 13.43 -9.9 -5.1 12.1 -9.74 -5.52 12.46
3 16 -10.43 -3.28 13.07 -9.9 -5.1 12.1 -9.9 -3.55 13.43
3 16 -10.43 -3.28 13.07 -10.27 -4.86 11.76 -9.9 -5.1 12.1
3 16 -9.67 -5.49 11.66 -9.74 -5.52 12.46 -9.9 -5.1 12.1
3 16 -10.27 -4.86 11.76 -9.67 -5.49 11.66 -9.9 -5.1 12.1
3 16 -9.67 -5.49 11.66 -9.34 -6.09 11.81 -9.74 -5.52 12.46
3 16 -10.27 -4.86 11.76 -9.96 -5.44 11.21 -9.67 -5.49 11.66
3 16 -9.02 0.17 15.75 -7.92 0.6 16.36 -8.37 1.36 16.48
4 16 -10.61 1.84 14.59 -9.82 -0.69 14.93 -9.02 0.17 15.75 -8.37 1.36 16.48
4 16 -10.61 -0.8 13.96 -9.82 -0.69 14.93 -10.61 1.84 14.59 -11.04 0.13 13.66
3 16 -11.04 0.13 13.66 -10.61 1.84 14.59 -11.47 1.1 13.51
3 16 -11.47 1.1 13.51 -10.61 1.84 14.59 -11.53 2.17 13.41
3 16 -10.61 1.84 14.59 -8.37 1.36 16.48 -8.66 3.66 16.53
3 16 -8.66 3.66 16.53 -9.67 4.62 15.49 -10.61 1.84 14.59
3 16 -8.66 3.66 16.53 -8.32 4.7 16.71 -9.67 4.62 15.49
3 16 -11.68 3.26 13.25 -10.61 1.84 14.59 -9.67 4.62 15.49
3 16 -11.68 3.26 13.25 -11.53 2.17 13.41 -10.61 1.84 14.59
3 16 -10.27 -1.63 14.08 -9.82 -0.69 14.93 -10.61 -0.8 13.96
3 16 -11.58 4.3 13.69 -10.11 6.49 15.53 -12.04 4.8 13.29
3 16 -11.58 4.3 13.69 -9.67 4.62 15.49 -10.11 6.49 15.53
3 16 -12.51 3.78 12.75 -11.58 4.3 13.69 -12.04 4.8 13.29
3 16 -12.51 3.78 12.75 -11.68 3.26 13.25 -11.58 4.3 13.69
3 16 -9.67 4.62 15.49 -11.58 4.3 13.69 -11.68 3.26 13.25
3 16 -11.23 6.94 13.69 -12.04 4.8 13.29 -10.11 6.49 15.53
3 16 -10.26 8.22 14.37 -11.23 6.94 13.69 -10.11 6.49 15.53
3 16 -10.26 8.22 14.37 -10.11 6.49 15.53 -9.28 8.54 15.21
3 16 -8.14 7.73 16.56 -9.28 8.54 15.21 -10.11 6.49 15.53
3 16 -8.14 7.73 16.56 -7.86 9.61 15.74 -9.28 8.54 15.21
3 16 -10.11 6.49 15.53 -8.57 6.76 16.55 -8.14 7.73 16.56
3 16 -10.26 8.22 14.37 -11.17 7.83 13.46 -11.23 6.94 13.69
3 16 -12.36 7.56 12.73 -11.23 6.94 13.69 -11.17 7.83 13.46
3 16 -12.36 7.56 12.73 -12.27 6.49 12.65 -11.23 6.94 13.69
3 16 -11.23 6.94 13.69 -12.27 6.49 12.65 -12.04 4.8 13.29
3 16 -10.11 6.49 15.53 -8.53 5.98 16.51 -8.57 6.76 16.55
3 16 -10.11 6.49 15.53 -9.67 4.62 15.49 -8.53 5.98 16.51
3 16 -9.67 4.62 15.49 -8.32 4.7 16.71 -8.53 5.98 16.51
3 16 -12.27 6.49 12.65 -12.36 7.56 12.73 -12.96 7.02 12.23
4 16 -10.33 10.16 14.1 -9.28 8.54 15.21 -8.02 10.59 15.47 -9.24 11.36 14.47
3 16 -9.28 8.54 15.21 -7.86 9.61 15.74 -8.02 10.59 15.47
3 16 -10.33 10.16 14.1 -10.26 8.22 14.37 -9.28 8.54 15.21
4 16 -11.17 7.83 13.46 -10.26 8.22 14.37 -10.33 10.16 14.1 -11.19 9.56 13.27
3 16 -11.17 7.83 13.46 -11.19 9.56 13.27 -12.19 8.36 12.78
3 16 -11.17 7.83 13.46 -12.19 8.36 12.78 -12.36 7.56 12.73
3 16 -12.2 9.06 12.6 -12.19 8.36 12.78 -11.19 9.56 13.27
3 16 -12.29 9.67 12.28 -12.2 9.06 12.6 -11.19 9.56 13.27
3 16 -11.47 11.19 12.26 -12.29 9.67 12.28 -11.19 9.56 13.27
3 16 -11.47 11.19 12.26 -12.58 10.33 11.75 -12.29 9.67 12.28
3 16 -11.47 11.19 12.26 -11.19 9.56 13.27 -10.54 11.59 13.15
3 16 -11.19 9.56 13.27 -10.33 10.16 14.1 -10.54 11.59 13.15
3 16 -9.24 11.36 14.47 -10.54 11.59 13.15 -10.33 10.16 14.1
3 16 -9.24 11.36 14.47 -9.26 12.14 13.95 -10.54 11.59 13.15
3 16 -8.02 10.59 15.47 -7.73 11.48 15.33 -9.24 11.36 14.47
3 16 -7.69 12.62 14.58 -9.24 11.36 14.47 -7.73 11.48 15.33
3 16 -7.69 12.62 14.58 -9.26 12.14 13.95 -9.24 11.36 14.47
3 16 -10.54 11.59 13.15 -9.26 12.14 13.95 -9.63 13.61 13.56
3 16 -10.54 11.59 13.15 -9.63 13.61 13.56 -11.35 12.59 12.21
3 16 -10.54 11.59 13.15 -11.35 12.59 12.21 -11.54 12.01 12.21
3 16 -7.87 14.3 14.14 -9.63 13.61 13.56 -9.26 12.14 13.95
3 16 -11.54 12.01 12.21 -11.47 11.19 12.26 -10.54 11.59 13.15
3 16 -7.87 14.3 14.14 -9.26 12.14 13.95 -7.69 12.62 14.58
3 16 -7.87 14.3 14.14 -7.69 12.62 14.58 -6.85 13.87 14.9
3 16 -7.87 14.3 14.14 -6.85 13.87 14.9 -6.74 14.85 14.53
3 16 -7.94 15.81 13.53 -7.87 14.3 14.14 -6.74 14.85 14.53
3 16 -7.94 15.81 13.53 -6.74 14.85 14.53 -6.52 15.6 14.12
4 16 -7.87 14.3 14.14 -7.94 15.81 13.53 -9.24 15.76 12.93 -9.63 13.61 13.56
3 16 -9.24 15.76 12.93 -10.21 15.32 12.26 -9.63 13.61 13.56
3 16 -10.98 14.14 11.94 -9.63 13.61 13.56 -10.21 15.32 12.26
3 16 -10.98 14.14 11.94 -11.35 12.59 12.21 -9.63 13.61 13.56
3 16 -10.21 15.32 12.26 -10.79 14.74 11.66 -10.98 14.14 11.94
3 16 -7.74 16.47 13.11 -6.3 17.21 13.01 -7.34 17.44 11.81
3 16 -7.74 16.47 13.11 -6.16 16.55 13.83 -6.3 17.21 13.01
3 16 -7.74 16.47 13.11 -6.52 15.6 14.12 -6.16 16.55 13.83
3 16 -7.74 16.47 13.11 -7.94 15.81 13.53 -6.52 15.6 14.12
3 16 -7.34 17.44 11.81 -6.3 17.21 13.01 -5.98 17.69 12.48
3 16 -6.98 17.63 11.07 -7.34 17.44 11.81 -5.98 17.69 12.48
3 16 -6.98 17.63 11.07 -5.98 17.69 12.48 -5.31 17.9 11.87
3 16 -7.95 17.32 10.44 -7.34 17.44 11.81 -6.98 17.63 11.07
3 16 -7.95 17.32 10.44 -9.5 16.8 10.71 -7.34 17.44 11.81
3 16 -8.64 16.97 9.84 -9.5 16.8 10.71 -7.95 17.32 10.44
3 16 -8.64 16.97 9.84 -9.31 16.67 9.21 -9.5 16.8 10.71
3 16 -9.31 16.67 9.21 -10.6 16.47 9.77 -9.5 16.8 10.71
3 16 -9.31 16.67 9.21 -9.87 16.42 8.57 -10.6 16.47 9.77
3 16 -10.6 16.47 9.77 -10.81 16.34 10.32 -9.5 16.8 10.71
3 16 -9.78 16.6 11.12 -9.5 16.8 10.71 -10.81 16.34 10.32
3 16 -9.24 15.76 12.93 -7.94 15.81 13.53 -7.74 16.47 13.11
3 16 -9.24 15.76 12.93 -7.34 17.44 11.81 -9.78 16.6 11.12
3 16 -7.34 17.44 11.81 -9.5 16.8 10.71 -9.78 16.6 11.12
3 16 -9.24 15.76 12.93 -7.74 16.47 13.11 -7.34 17.44 11.81
4 16 -11.21 15.57 10.76 -10.12 15.7 11.77 -9.78 16.6 11.12 -10.81 16.34 10.32
3 16 -10.12 15.7 11.77 -9.24 15.76 12.93 -9.78 16.6 11.12
3 16 -11.21 15.57 10.76 -10.76 15.02 11.36 -10.12 15.7 11.77
3 16 -10.76 15.02 11.36 -10.21 15.32 12.26 -10.12 15.7 11.77
3 16 -9.24 15.76 12.93 -10.12 15.7 11.77 -10.21 15.32 12.26
3 16 -10.76 15.02 11.36 -10.79 14.74 11.66 -10.21 15.32 12.26
3 16 -11.55 14.87 10.74 -10.79 14.74 11.66 -10.76 15.02 11.36
3 16 -11.21 15.57 10.76 -11.55 14.87 10.74 -10.76 15.02 11.36
3 16 -11.55 14.87 10.74 -12.02 14.07 10.61 -10.79 14.74 11.66
3 16 -9.87 16.42 8.57 -11.49 15.87 8.65 -10.6 16.47 9.77
3 16 -10.5 15.89 7.8 -11.49 15.87 8.65 -9.87 16.42 8.57
3 16 -11.49 15.87 8.65 -12.03 15.53 9.52 -10.6 16.47 9.77
3 16 -12.45 14.84 9.65 -12.03 15.53 9.52 -11.49 15.87 8.65
3 16 -12.45 14.84 9.65 -11.49 15.87 8.65 -12.6 14.19 8.55
3 16 -11.47 15.4 8.12 -12.6 14.19 8.55 -11.49 15.87 8.65
3 16 -11.47 15.4 8.12 -11.49 15.87 8.65 -10.5 15.89 7.8
3 16 -12.78 13.36 8.99 -12.45 14.84 9.65 -12.6 14.19 8.55
3 16 -12.78 13.36 8.99 -12.48 13.21 10.01 -12.45 14.84 9.65
3 16 -12.02 14.07 10.61 -12.45 14.84 9.65 -12.48 13.21 10.01
3 16 -12.02 14.07 10.61 -12.11 14.92 10.28 -12.45 14.84 9.65
3 16 -12.11 14.92 10.28 -12.03 15.53 9.52 -12.45 14.84 9.65
3 16 -12.11 14.92 10.28 -11.44 16.04 10.14 -12.03 15.53 9.52
3 16 -10.6 16.47 9.77 -12.03 15.53 9.52 -11.44 16.04 10.14
3 16 -10.6 16.47 9.77 -11.44 16.04 10.14 -10.81 16.34 10.32
3 16 -11.55 14.87 10.74 -12.11 14.92 10.28 -12.02 14.07 10.61
3 16 -12.11 14.92 10.28 -11.21 15.57 10.76 -11.44 16.04 10.14
3 16 -12.11 14.92 10.28 -11.55 14.87 10.74 -11.21 15.57 10.76
3 16 -10.81 16.34 10.32 -11.44 16.04 10.14 -11.21 15.57 10.76
3 16 -7.21 -1.52 18.68 -7.43 -1.42 17.08 -7.7 -2.13 17.68
3 16 -7.21 -1.52 18.68 -6.86 -0.88 18.44 -7.43 -1.42 17.08
3 16 -7.21 -1.52 18.68 -7.01 -0.73 19.26 -6.86 -0.88 18.44
3 16 -7.21 -1.52 18.68 -7.45 -1.41 19.35 -7.01 -0.73 19.26
3 16 -6.97 0.84 18.85 -6.86 -0.88 18.44 -7.01 -0.73 19.26
3 16 -6.97 0.84 18.85 -7.42 0.75 17.26 -6.86 -0.88 18.44
3 16 -7.42 0.75 17.26 -7.43 -1.42 17.08 -6.86 -0.88 18.44
3 16 -7.42 0.75 17.26 -7.92 0.6 16.36 -7.43 -1.42 17.08
3 16 -7.27 2.14 18.97 -7.42 0.75 17.26 -6.97 0.84 18.85
3 16 -7.27 2.14 18.97 -7.96 2.24 17.23 -7.42 0.75 17.26
3 16 -7.42 0.75 17.26 -7.96 2.24 17.23 -8.37 1.36 16.48
3 16 -7.42 0.75 17.26 -8.37 1.36 16.48 -7.92 0.6 16.36
3 16 -7.96 2.24 17.23 -8.66 3.66 16.53 -8.37 1.36 16.48
3 16 -7.96 2.24 17.23 -7.96 3.55 17.56 -8.66 3.66 16.53
3 16 -7.58 3.35 18.39 -7.96 3.55 17.56 -7.96 2.24 17.23
3 16 -7.27 2.14 18.97 -7.58 3.35 18.39 -7.96 2.24 17.23
3 16 -7.96 3.55 17.56 -8.32 4.7 16.71 -8.66 3.66 16.53
4 16 -7.58 3.35 18.39 -7.23 4.44 19.1 -8.32 4.7 16.71 -7.96 3.55 17.56
3 16 -7.23 4.44 19.1 -7.77 4.98 17.53 -8.32 4.7 16.71
3 16 -7.23 4.44 19.1 -7.51 5.04 18.46 -7.77 4.98 17.53
3 16 -7.27 2.14 18.97 -7.25 2.66 19.05 -7.58 3.35 18.39
3 16 -7.25 2.66 19.05 -7.14 3.19 19.14 -7.58 3.35 18.39
3 16 -7.14 3.19 19.14 -7.23 4.44 19.1 -7.58 3.35 18.39
3 16 -7.77 4.98 17.53 -8.53 5.98 16.51 -8.32 4.7 16.71
3 16 -7.77 4.98 17.53 -7.88 6.04 17.83 -8.53 5.98 16.51
3 16 -7.51 5.04 18.46 -7.88 6.04 17.83 -7.77 4.98 17.53
3 16 -7.51 5.04 18.46 -7.6 5.7 18.92 -7.88 6.04 17.83
3 16 -7.88 6.04 17.83 -8.57 6.76 16.55 -8.53 5.98 16.51
3 16 -7.88 6.04 17.83 -7.84 6.71 17.96 -8.57 6.76 16.55
3 16 -7.6 5.7 18.92 -7.84 6.71 17.96 -7.88 6.04 17.83
3 16 -7.6 5.7 18.92 -7.62 6.41 19.23 -7.84 6.71 17.96
3 16 -7.63 5.2 19.91 -7.62 6.41 19.23 -7.6 5.7 18.92
3 16 -7.63 5.2 19.91 -7.6 5.7 18.92 -7.51 5.04 18.46
3 16 -7.63 5.2 19.91 -8.14 5.8 20.45 -7.62 6.41 19.23
3 16 -7.76 7.37 19.8 -7.62 6.41 19.23 -8.14 5.8 20.45
3 16 -7.76 7.37 19.8 -8.14 5.8 20.45 -8.93 6.46 20.74
3 16 -7.63 7.5 18.1 -7.62 6.41 19.23 -7.76 7.37 19.8
3 16 -7.63 7.5 18.1 -7.84 6.71 17.96 -7.62 6.41 19.23
3 16 -7.84 6.71 17.96 -8.14 7.73 16.56 -8.57 6.76 16.55
3 16 -7.84 6.71 17.96 -7.63 7.5 18.1 -8.14 7.73 16.56
3 16 -7.63 7.5 18.1 -7.76 7.37 19.8 -7.45 8.32 19.72
3 16 -6.77 9.17 18.12 -7.63 7.5 18.1 -7.45 8.32 19.72
3 16 -6.77 9.17 18.12 -7.45 8.32 19.72 -6.84 9.48 19.96
3 16 -7.34 9.18 16.79 -7.63 7.5 18.1 -6.77 9.17 18.12
3 16 -7.34 9.18 16.79 -8.14 7.73 16.56 -7.63 7.5 18.1
3 16 -8.14 7.73 16.56 -7.34 9.18 16.79 -7.86 9.61 15.74
3 16 -6.84 9.48 19.96 -6.51 10.53 18.89 -6.77 9.17 18.12
3 16 -7.2 10.02 17.18 -6.77 9.17 18.12 -6.51 10.53 18.89
3 16 -7.2 10.02 17.18 -7.34 9.18 16.79 -6.77 9.17 18.12
3 16 -7.2 10.02 17.18 -7.86 9.61 15.74 -7.34 9.18 16.79
3 16 -7.2 10.02 17.18 -8.02 10.59 15.47 -7.86 9.61 15.74
3 16 -6.51 10.53 18.89 -7.19 10.59 17.33 -7.2 10.02 17.18
3 16 -7.19 10.59 17.33 -8.02 10.59 15.47 -7.2 10.02 17.18
3 16 -7.19 10.59 17.33 -7.73 11.48 15.33 -8.02 10.59 15.47
3 16 -6.51 10.53 18.89 -6.3 11.45 18.45 -7.19 10.59 17.33
3 16 -6.89 11.29 19.43 -6.3 11.45 18.45 -6.51 10.53 18.89
4 16 -6.19 12.62 17.94 -6.3 11.45 18.45 -6.89 11.29 19.43 -6.59 12.23 18.69
3 16 -6.4 12.26 16.75 -7.19 10.59 17.33 -6.3 11.45 18.45
3 16 -6.4 12.26 16.75 -7.73 11.48 15.33 -7.19 10.59 17.33
3 16 -6.3 11.45 18.45 -6.23 12.1 17.79 -6.4 12.26 16.75
3 16 -6.4 12.26 16.75 -6.36 13.26 15.84 -7.73 11.48 15.33
3 16 -7.69 12.62 14.58 -7.73 11.48 15.33 -6.36 13.26 15.84
3 16 -6.85 13.87 14.9 -7.69 12.62 14.58 -6.36 13.26 15.84
3 16 -6.36 13.26 15.84 -6.4 12.26 16.75 -5.92 12.75 16.72
3 16 -6.4 12.26 16.75 -6.19 12.62 17.94 -5.92 12.75 16.72
3 16 -6.4 12.26 16.75 -6.23 12.1 17.79 -6.19 12.62 17.94
3 16 -6.19 12.62 17.94 -6.23 12.1 17.79 -6.3 11.45 18.45
3 16 -6.59 12.23 18.69 -6.89 11.29 19.43 -7 11.88 19.34
3 16 -7.06 10.46 19.67 -6.89 11.29 19.43 -6.51 10.53 18.89
3 16 -7.06 10.46 19.67 -6.51 10.53 18.89 -6.84 9.48 19.96
3 16 -7.11 12.17 19.14 -6.59 12.23 18.69 -7 11.88 19.34
3 16 -7.11 12.17 19.14 -6.94 12.56 18.65 -6.59 12.23 18.69
3 16 -6.19 12.62 17.94 -6.59 12.23 18.69 -6.94 12.56 18.65
3 16 -6.19 12.62 17.94 -6.94 12.56 18.65 -6.38 13.26 18.05
3 16 -5.92 12.75 16.72 -6.19 12.62 17.94 -6.38 13.26 18.05
3 16 -5.92 12.75 16.72 -6.38 13.26 18.05 -5.63 13.96 16.6
3 16 -6.38 13.26 18.05 -5.96 13.96 17.83 -5.63 13.96 16.6
3 16 -6.36 13.26 15.84 -5.92 12.75 16.72 -5.63 13.96 16.6
3 16 -5.63 13.96 16.6 -6 14.74 15.48 -6.36 13.26 15.84
3 16 -6.85 13.87 14.9 -6.36 13.26 15.84 -6 14.74 15.48
3 16 -5.63 13.96 16.6 -5.96 13.96 17.83 -5.27 14.27 17.7
3 16 -5.63 13.96 16.6 -5.27 14.27 17.7 -5.37 14.36 16.32
3 16 -5.63 13.96 16.6 -5.37 14.36 16.32 -6 14.74 15.48
3 16 -4.82 14.77 15.82 -6 14.74 15.48 -5.37 14.36 16.32
3 16 -4.82 14.77 15.82 -5.56 15.32 15.06 -6 14.74 15.48
4 16 -4.82 14.77 15.82 -5.37 14.36 16.32 -5.27 14.27 17.7 -4.36 14.9 17.3
3 16 -6.74 14.85 14.53 -6.85 13.87 14.9 -6 14.74 15.48
3 16 -5.56 15.32 15.06 -6.74 14.85 14.53 -6 14.74 15.48
3 16 -5.56 15.32 15.06 -6.52 15.6 14.12 -6.74 14.85 14.53
3 16 -5.27 14.27 17.7 -6.22 14.98 18.48 -4.36 14.9 17.3
3 16 -4.82 14.77 15.82 -4.11 15.74 16.8 -4.36 15.69 15.67
3 16 -4.82 14.77 15.82 -4.36 14.9 17.3 -4.11 15.74 16.8
3 16 -4.11 15.74 16.8 -3.5 16.98 15.86 -4.36 15.69 15.67
3 16 -4.11 15.74 16.8 -3.13 16.97 16.69 -3.5 16.98 15.86
3 16 -4.11 15.74 16.8 -4.46 16.23 17.24 -3.13 16.97 16.69
3 16 -8.16 -6.36 9.3 -8.64 -6.64 9.88 -8.68 -5.75 9.35
3 16 -7.53 -6.9 9.46 -8.64 -6.64 9.88 -8.16 -6.36 9.3
3 16 -7.53 -6.9 9.46 -8.06 -7.41 10.35 -8.64 -6.64 9.88
3 16 -8.64 -6.64 9.88 -9.29 -5.79 10.07 -8.68 -5.75 9.35
3 16 -8.64 -6.64 9.88 -9.19 -6.37 10.48 -9.29 -5.79 10.07
3 16 -9.19 -6.37 10.48 -9.89 -5.72 10.54 -9.29 -5.79 10.07
3 16 -9.89 -5.72 10.54 -9.19 -6.37 10.48 -9.96 -5.44 11.21
3 16 -9.34 -6.09 11.81 -9.96 -5.44 11.21 -9.19 -6.37 10.48
3 16 -9.34 -6.09 11.81 -9.67 -5.49 11.66 -9.96 -5.44 11.21
3 16 -8.92 -6.85 11.11 -9.34 -6.09 11.81 -9.19 -6.37 10.48
3 16 -8.64 -6.64 9.88 -8.92 -6.85 11.11 -9.19 -6.37 10.48
3 16 -8.64 -6.64 9.88 -8.06 -7.41 10.35 -8.92 -6.85 11.11
3 16 -9.29 -5.79 10.07 -9.75 -4.83 8.79 -8.68 -5.75 9.35
3 16 -9.29 -5.79 10.07 -10.57 -5.19 9.95 -9.75 -4.83 8.79
3 16 -9.89 -5.72 10.54 -10.57 -5.19 9.95 -9.29 -5.79 10.07
3 16 -9.89 -5.72 10.54 -10.67 -5.35 10.54 -10.57 -5.19 9.95
3 16 -10.81 -4.21 9.48 -9.75 -4.83 8.79 -10.57 -5.19 9.95
3 16 -10.81 -4.21 9.48 -10.61 -3.94 8.66 -9.75 -4.83 8.79
3 16 -10.81 -4.21 9.48 -10.57 -5.19 9.95 -11.56 -3.57 10.17
3 16 -10.81 -4.21 9.48 -11.56 -3.57 10.17 -11.29 -3.43 9.58
3 16 -9.89 -5.72 10.54 -9.96 -5.44 11.21 -10.67 -5.35 10.54
3 16 -10.67 -5.35 10.54 -9.96 -5.44 11.21 -10.27 -4.86 11.76
3 16 -10.67 -5.35 10.54 -10.27 -4.86 11.76 -10.76 -4.24 11.89
3 16 -10.43 -3.28 13.07 -10.76 -4.24 11.89 -10.27 -4.86 11.76
3 16 -10.43 -3.28 13.07 -10.71 -3.43 12.34 -10.76 -4.24 11.89
3 16 -11.53 -3.78 10.93 -10.57 -5.19 9.95 -10.67 -5.35 10.54
3 16 -11.53 -3.78 10.93 -11.56 -3.57 10.17 -10.57 -5.19 9.95
3 16 -10.71 -3.43 12.34 -11.53 -3.78 10.93 -10.76 -4.24 11.89
3 16 -10.67 -5.35 10.54 -10.76 -4.24 11.89 -11.53 -3.78 10.93
3 16 -11.56 -3.57 10.17 -11.53 -3.78 10.93 -11.63 -2.86 11.08
3 16 -11.63 -2.86 11.08 -11.53 -3.78 10.93 -10.71 -3.43 12.34
3 16 -11.52 -2.76 9.78 -11.56 -3.57 10.17 -11.63 -2.86 11.08
3 16 -11.52 -2.76 9.78 -11.29 -3.43 9.58 -11.56 -3.57 10.17
3 16 -11.52 -2.76 9.78 -11.63 -2.86 11.08 -12.14 -1.78 10.25
3 16 -11.63 -2.86 11.08 -11.86 -1.75 11.08 -12.14 -1.78 10.25
3 16 -11.29 -2.64 12.32 -11.86 -1.75 11.08 -11.63 -2.86 11.08
3 16 -11.63 -2.86 11.08 -10.71 -3.43 12.34 -11.29 -2.64 12.32
3 16 -11.68 0.08 13.12 -12.45 0.27 12.31 -11.53 -1.87 13.2
3 16 -11.68 0.08 13.12 -11.53 -1.87 13.2 -10.61 -0.8 13.96
3 16 -11.68 0.08 13.12 -10.61 -0.8 13.96 -11.04 0.13 13.66
3 16 -11.53 -1.87 13.2 -11.04 -1.81 13.76 -10.61 -0.8 13.96
3 16 -10.61 -0.8 13.96 -11.04 -1.81 13.76 -10.27 -1.63 14.08
3 16 -10.27 -1.63 14.08 -11.04 -1.81 13.76 -10.37 -2.59 13.72
3 16 -11.15 -2.69 13.12 -11.04 -1.81 13.76 -11.53 -1.87 13.2
3 16 -11.15 -2.69 13.12 -10.37 -2.59 13.72 -11.04 -1.81 13.76
3 16 -10.37 -2.59 13.72 -11.15 -2.69 13.12 -10.43 -3.28 13.07
3 16 -10.71 -3.43 12.34 -10.43 -3.28 13.07 -11.15 -2.69 13.12
3 16 -10.71 -3.43 12.34 -11.15 -2.69 13.12 -11.29 -2.64 12.32
3 16 -11.29 -2.64 12.32 -11.15 -2.69 13.12 -11.53 -1.87 13.2
3 16 -11.29 -2.64 12.32 -11.53 -1.87 13.2 -11.86 -1.75 11.08
3 16 -12.18 -1.06 11.49 -11.53 -1.87 13.2 -12.45 0.27 12.31
3 16 -12.18 -1.06 11.49 -11.86 -1.75 11.08 -11.53 -1.87 13.2
3 16 -12.98 0.78 12.03 -13.64 0.88 10.53 -13.34 0.13 11.16
3 16 -12.98 0.78 12.03 -13.55 1.92 11.09 -13.64 0.88 10.53
3 16 -13.64 0.88 10.53 -13.55 1.92 11.09 -13.67 1.56 10.24
3 16 -13.67 1.56 10.24 -13.55 0.74 9.94 -13.64 0.88 10.53
3 16 -13.35 -0.15 9.86 -13.64 0.88 10.53 -13.55 0.74 9.94
3 16 -13.35 -0.15 9.86 -13.2 -0.92 10.29 -13.64 0.88 10.53
3 16 -13.34 0.13 11.16 -13.64 0.88 10.53 -13.2 -0.92 10.29
3 16 -13.34 0.13 11.16 -13.2 -0.92 10.29 -12.91 -1.32 10.69
3 16 -13.2 -0.92 10.29 -12.14 -1.78 10.25 -12.91 -1.32 10.69
3 16 -11.86 -1.75 11.08 -12.91 -1.32 10.69 -12.14 -1.78 10.25
3 16 -13.2 -0.92 10.29 -12.24 -1.28 9.06 -12.14 -1.78 10.25
3 16 -13.2 -0.92 10.29 -12.82 -0.49 9.13 -12.24 -1.28 9.06
3 16 -12.82 -0.49 9.13 -13.2 -0.92 10.29 -13.35 -0.15 9.86
3 16 -13.67 1.56 10.24 -13.28 1.13 9.26 -13.55 0.74 9.94
3 16 -13.67 1.56 10.24 -13.95 1.9 9.22 -13.28 1.13 9.26
3 16 -12.82 -0.49 9.13 -13.35 -0.15 9.86 -13.11 0.29 9.26
3 16 -13.11 0.29 9.26 -13.55 0.74 9.94 -13.28 1.13 9.26
3 16 -13.11 0.29 9.26 -13.35 -0.15 9.86 -13.55 0.74 9.94
3 16 -12.91 -1.32 10.69 -11.86 -1.75 11.08 -12.18 -1.06 11.49
3 16 -12.91 -1.32 10.69 -12.18 -1.06 11.49 -12.45 0.27 12.31
4 16 -12.91 -1.32 10.69 -12.45 0.27 12.31 -12.98 0.78 12.03 -13.34 0.13 11.16
3 16 -12.98 0.78 12.03 -13.66 1.96 11.74 -13.55 1.92 11.09
3 16 -12.98 0.78 12.03 -13.19 1.12 12.49 -13.66 1.96 11.74
3 16 -13.66 1.96 11.74 -13.61 2.49 11.89 -13.74 2.96 11.2
3 16 -13.74 2.96 11.2 -13.55 1.92 11.09 -13.66 1.96 11.74
3 16 -13.56 3.83 11.38 -13.74 2.96 11.2 -13.61 2.49 11.89
3 16 -13.56 3.83 11.38 -13.61 2.49 11.89 -13.1 3.74 12.25
3 16 -12.9 1.77 12.9 -13.66 1.96 11.74 -13.19 1.12 12.49
3 16 -12.9 1.77 12.9 -13.61 2.49 11.89 -13.66 1.96 11.74
3 16 -12.51 3.78 12.75 -13.61 2.49 11.89 -12.9 1.77 12.9
3 16 -12.51 3.78 12.75 -13.1 3.74 12.25 -13.61 2.49 11.89
3 16 -12.9 1.77 12.9 -11.53 2.17 13.41 -12.51 3.78 12.75
3 16 -11.53 2.17 13.41 -11.68 3.26 13.25 -12.51 3.78 12.75
3 16 -12.51 0.94 13.16 -12.9 1.77 12.9 -13.19 1.12 12.49
3 16 -11.53 2.17 13.41 -12.9 1.77 12.9 -12.51 0.94 13.16
3 16 -11.53 2.17 13.41 -12.51 0.94 13.16 -11.47 1.1 13.51
3 16 -11.47 1.1 13.51 -12.51 0.94 13.16 -11.68 0.08 13.12
3 16 -11.68 0.08 13.12 -11.04 0.13 13.66 -11.47 1.1 13.51
3 16 -12.51 0.94 13.16 -12.45 0.27 12.31 -11.68 0.08 13.12
3 16 -12.51 0.94 13.16 -13.19 1.12 12.49 -12.45 0.27 12.31
3 16 -12.98 0.78 12.03 -12.45 0.27 12.31 -13.19 1.12 12.49
3 16 -15.09 4.02 9.45 -14.57 4.04 10.45 -14.51 4.96 10.04
3 16 -15.09 4.02 9.45 -14.68 3.41 10.31 -14.57 4.04 10.45
3 16 -15.02 3.06 9.28 -14.68 3.41 10.31 -15.09 4.02 9.45
3 16 -13.74 2.96 11.2 -14.57 4.04 10.45 -14.68 3.41 10.31
3 16 -14.68 3.41 10.31 -15.02 3.06 9.28 -13.67 1.56 10.24
3 16 -14.68 3.41 10.31 -13.67 1.56 10.24 -13.55 1.92 11.09
3 16 -13.91 4.82 11.1 -14.51 4.96 10.04 -14.57 4.04 10.45
3 16 -15.09 4.02 9.45 -14.56 3.98 8.2 -15.02 3.06 9.28
3 16 -14.32 3.2 8.26 -15.02 3.06 9.28 -14.56 3.98 8.2
3 16 -15.09 4.02 9.45 -14.57 4.41 8.71 -14.56 3.98 8.2
3 16 -14.57 4.41 8.71 -15.09 4.02 9.45 -14.51 4.96 10.04
3 16 -14.57 4.41 8.71 -14.51 4.96 10.04 -14.36 5.24 9
3 16 -14.36 5.24 9 -14.51 4.96 10.04 -14.4 5.82 9.68
3 16 -13.95 1.9 9.22 -15.02 3.06 9.28 -14.32 3.2 8.26
3 16 -15.02 3.06 9.28 -13.95 1.9 9.22 -13.67 1.56 10.24
3 16 -13.55 1.92 11.09 -13.74 2.96 11.2 -14.68 3.41 10.31
3 16 -13.74 2.96 11.2 -13.56 3.83 11.38 -14.57 4.04 10.45
3 16 -14.57 4.04 10.45 -13.56 3.83 11.38 -13.91 4.82 11.1
3 16 -14.44 6.09 8.87 -14.36 5.24 9 -14.4 5.82 9.68
3 16 -14.44 6.09 8.87 -14.43 5.61 8.46 -14.36 5.24 9
3 16 -14.66 4.69 8.21 -14.36 5.24 9 -14.43 5.61 8.46
3 16 -14.66 4.69 8.21 -14.57 4.41 8.71 -14.36 5.24 9
3 16 -14.57 4.41 8.71 -14.66 4.69 8.21 -14.56 3.98 8.2
3 16 -14.32 3.2 8.26 -13.81 2.35 8.42 -13.95 1.9 9.22
3 16 -14 5.73 10.68 -14.51 4.96 10.04 -13.91 4.82 11.1
3 16 -14.51 4.96 10.04 -14 5.73 10.68 -14.4 5.82 9.68
3 16 -14 5.73 10.68 -13.98 5.7 11.83 -13.58 7.02 11.39
3 16 -13.58 7.02 11.39 -13.98 5.7 11.83 -12.96 7.02 12.23
3 16 -14 5.73 10.68 -13.91 4.82 11.1 -13.98 5.7 11.83
3 16 -13.91 4.82 11.1 -13.4 4.42 12.52 -13.98 5.7 11.83
3 16 -13.91 4.82 11.1 -13.56 3.83 11.38 -13.4 4.42 12.52
3 16 -13.56 3.83 11.38 -13.1 3.74 12.25 -13.4 4.42 12.52
3 16 -13.1 3.74 12.25 -12.51 3.78 12.75 -13.4 4.42 12.52
3 16 -12.51 3.78 12.75 -12.04 4.8 13.29 -13.4 4.42 12.52
3 16 -12.04 4.8 13.29 -13.36 5.06 12.63 -13.4 4.42 12.52
3 16 -13.98 5.7 11.83 -13.4 4.42 12.52 -13.36 5.06 12.63
3 16 -12.04 4.8 13.29 -13.11 5.96 12.63 -13.36 5.06 12.63
3 16 -13.98 5.7 11.83 -13.11 5.96 12.63 -12.96 7.02 12.23
3 16 -13.98 5.7 11.83 -13.36 5.06 12.63 -13.11 5.96 12.63
3 16 -13.11 5.96 12.63 -12.27 6.49 12.65 -12.96 7.02 12.23
3 16 -12.27 6.49 12.65 -13.11 5.96 12.63 -12.04 4.8 13.29
3 16 -14 5.73 10.68 -13.58 7.02 11.39 -14.65 6.44 9.99
3 16 -14.65 6.44 9.99 -14.4 5.82 9.68 -14 5.73 10.68
3 16 -14.73 6.66 9.2 -14.4 5.82 9.68 -14.65 6.44 9.99
3 16 -14.73 6.66 9.2 -14.65 6.44 9.99 -14.93 6.94 9.72
3 16 -14.65 6.44 9.99 -13.58 7.02 11.39 -13.92 8.11 11.05
3 16 -14.93 6.94 9.72 -14.65 6.44 9.99 -13.92 8.11 11.05
3 16 -14.4 5.82 9.68 -14.73 6.66 9.2 -14.44 6.09 8.87
3 16 -14.93 6.94 9.72 -14.64 7.44 9.06 -14.73 6.66 9.2
3 16 -14.64 7.44 9.06 -14.93 6.94 9.72 -14.69 7.82 9.85
3 16 -14.93 6.94 9.72 -13.92 8.11 11.05 -14.69 7.82 9.85
3 16 -13.92 8.11 11.05 -13.93 9.05 10.51 -14.69 7.82 9.85
3 16 -13.93 9.05 10.51 -14.21 9.16 9.45 -14.69 7.82 9.85
3 16 -14.21 9.16 9.45 -14.24 8.46 9.13 -14.69 7.82 9.85
3 16 -14.69 7.82 9.85 -14.24 8.46 9.13 -14.64 7.44 9.06
3 16 -12.19 8.36 12.78 -12.2 9.06 12.6 -12.81 8.38 12.71
3 16 -12.81 8.38 12.71 -12.36 7.56 12.73 -12.19 8.36 12.78
3 16 -12.81 8.38 12.71 -13.07 7.86 12.59 -12.36 7.56 12.73
3 16 -12.36 7.56 12.73 -13.07 7.86 12.59 -12.96 7.02 12.23
3 16 -13.76 7.96 11.86 -12.96 7.02 12.23 -13.07 7.86 12.59
3 16 -13.76 7.96 11.86 -13.58 7.02 11.39 -12.96 7.02 12.23
3 16 -13.92 8.11 11.05 -13.58 7.02 11.39 -13.76 7.96 11.86
3 16 -13.34 8.45 12.34 -13.76 7.96 11.86 -13.07 7.86 12.59
3 16 -13.34 8.45 12.34 -13.07 7.86 12.59 -12.81 8.38 12.71
3 16 -13.34 8.45 12.34 -13.39 10 10.98 -13.76 7.96 11.86
3 16 -13.34 8.45 12.34 -13.09 9.7 11.99 -13.39 10 10.98
3 16 -13.34 8.45 12.34 -12.81 8.38 12.71 -13.09 9.7 11.99
4 16 -12.29 9.67 12.28 -13.09 9.7 11.99 -12.81 8.38 12.71 -12.2 9.06 12.6
3 16 -12.29 9.67 12.28 -12.58 10.33 11.75 -13.09 9.7 11.99
3 16 -12.58 10.33 11.75 -13.39 10 10.98 -13.09 9.7 11.99
3 16 -13.76 7.96 11.86 -13.93 9.05 10.51 -13.92 8.11 11.05
3 16 -13.76 7.96 11.86 -13.39 10 10.98 -13.93 9.05 10.51
3 16 -13.39 10 10.98 -13.17 10.93 10.82 -13.78 10.41 10.28
3 16 -13.78 10.41 10.28 -13.93 9.05 10.51 -13.39 10 10.98
3 16 -14.42 10.04 9.65 -13.93 9.05 10.51 -13.78 10.41 10.28
3 16 -14.42 10.04 9.65 -14.21 9.16 9.45 -13.93 9.05 10.51
3 16 -14.33 10.06 8.45 -14.21 9.16 9.45 -14.42 10.04 9.65
3 16 -14.33 10.06 8.45 -14.42 10.04 9.65 -14.66 10.43 9.04
3 16 -14.33 10.06 8.45 -14.66 10.43 9.04 -13.96 11.06 8.18
3 16 -13.96 11.06 8.18 -14.66 10.43 9.04 -13.86 11.6 9.42
3 16 -13.96 11.06 8.18 -13.86 11.6 9.42 -13.61 11.81 8.56
3 16 -14.66 10.43 9.04 -14.18 10.87 9.7 -13.86 11.6 9.42
3 16 -14.18 10.87 9.7 -14.42 10.04 9.65 -13.78 10.41 10.28
3 16 -14.42 10.04 9.65 -14.18 10.87 9.7 -14.66 10.43 9.04
3 16 -13.86 11.6 9.42 -13.21 12.29 8.99 -13.61 11.81 8.56
3 16 -13.86 11.6 9.42 -13.04 12.08 9.93 -13.21 12.29 8.99
3 16 -13.17 10.93 10.82 -13.05 11.75 10.67 -13.78 10.41 10.28
3 16 -13.05 11.75 10.67 -13.04 12.08 9.93 -13.86 11.6 9.42
3 16 -13.86 11.6 9.42 -14.18 10.87 9.7 -13.05 11.75 10.67
3 16 -13.05 11.75 10.67 -14.18 10.87 9.7 -13.78 10.41 10.28
3 16 -10.98 14.14 11.94 -10.79 14.74 11.66 -12.02 14.07 10.61
3 16 -12.69 11.98 11.53 -10.98 14.14 11.94 -12.02 14.07 10.61
3 16 -11.35 12.59 12.21 -10.98 14.14 11.94 -12.69 11.98 11.53
3 16 -11.35 12.59 12.21 -12.69 11.98 11.53 -12.16 12.04 12.06
3 16 -11.54 12.01 12.21 -11.35 12.59 12.21 -12.16 12.04 12.06
3 16 -12.69 11.98 11.53 -12.02 14.07 10.61 -12.7 12.81 10.91
3 16 -12.48 13.21 10.01 -12.7 12.81 10.91 -12.02 14.07 10.61
3 16 -13.05 11.75 10.67 -12.69 11.98 11.53 -12.7 12.81 10.91
3 16 -13.17 10.93 10.82 -12.69 11.98 11.53 -13.05 11.75 10.67
3 16 -13.17 10.93 10.82 -12.58 10.33 11.75 -12.69 11.98 11.53
3 16 -12.69 11.98 11.53 -12.58 10.33 11.75 -12.16 12.04 12.06
3 16 -12.58 10.33 11.75 -11.47 11.19 12.26 -12.16 12.04 12.06
3 16 -12.16 12.04 12.06 -11.47 11.19 12.26 -11.54 12.01 12.21
3 16 -13.17 10.93 10.82 -13.39 10 10.98 -12.58 10.33 11.75
3 16 -13.04 12.08 9.93 -12.7 12.81 10.91 -12.48 13.21 10.01
3 16 -13.04 12.08 9.93 -13.05 11.75 10.67 -12.7 12.81 10.91
3 16 -13.21 12.29 8.99 -13.04 12.08 9.93 -12.48 13.21 10.01
3 16 -13.21 12.29 8.99 -12.48 13.21 10.01 -12.78 13.36 8.99
3 16 -12.78 13.36 8.99 -13.02 14.02 7.79 -13.21 12.29 8.99
3 16 -12.78 13.36 8.99 -12.6 14.19 8.55 -13.02 14.02 7.79
3 16 -13.38 13.49 7.21 -13.21 12.29 8.99 -13.02 14.02 7.79
3 16 -13.38 13.49 7.21 -13.61 11.81 8.56 -13.21 12.29 8.99
3 16 -13.61 11.81 8.56 -13.38 13.49 7.21 -13.47 12.69 6.67
3 16 -13.61 11.81 8.56 -13.47 12.69 6.67 -13.96 11.06 8.18
3 16 -13.38 13.49 7.21 -13.15 13.25 5.98 -13.47 12.69 6.67
3 16 -13.38 13.49 7.21 -12.98 14.04 6.71 -13.15 13.25 5.98
3 16 -13.02 14.02 7.79 -12.98 14.04 6.71 -13.38 13.49 7.21
3 16 -12.4 14.44 6.46 -12.98 14.04 6.71 -13.02 14.02 7.79
3 16 -12.4 14.44 6.46 -13.02 14.02 7.79 -11.47 15.4 8.12
3 16 -11.47 15.4 8.12 -13.02 14.02 7.79 -12.6 14.19 8.55
3 16 -11.37 14.7 6.12 -12.4 14.44 6.46 -11.47 15.4 8.12
3 16 -11.37 14.7 6.12 -11.47 15.4 8.12 -10.5 15.89 7.8
3 16 -12.72 13.51 5.39 -12.98 14.04 6.71 -12.4 14.44 6.46
3 16 -12.72 13.51 5.39 -13.15 13.25 5.98 -12.98 14.04 6.71
3 16 -12.4 14.44 6.46 -12.01 13.59 4.98 -12.72 13.51 5.39
3 16 -12.4 14.44 6.46 -11.37 14.7 6.12 -12.01 13.59 4.98
3 16 -12.72 13.51 5.39 -12.01 13.59 4.98 -12.16 12.87 4.23
3 16 -12.72 13.51 5.39 -12.16 12.87 4.23 -13.61 12.18 4.59
3 16 -13.61 12.18 4.59 -12.16 12.87 4.23 -12.56 11.42 3.47
3 16 -13.61 12.18 4.59 -12.56 11.42 3.47 -13.67 11.03 3.92
3 16 -12.72 13.51 5.39 -13.61 12.18 4.59 -13.63 12.66 5.67
3 16 -13.61 12.18 4.59 -14.36 11.65 5.64 -13.63 12.66 5.67
3 16 -14.33 11.08 7.3 -13.63 12.66 5.67 -14.36 11.65 5.64
3 16 -13.47 12.69 6.67 -13.63 12.66 5.67 -14.33 11.08 7.3
3 16 -13.47 12.69 6.67 -14.33 11.08 7.3 -13.96 11.06 8.18
3 16 -14.33 11.08 7.3 -14.36 11.65 5.64 -14.5 10.99 5.44
4 16 -13.67 11.03 3.92 -14.5 10.99 5.44 -14.36 11.65 5.64 -13.61 12.18 4.59
3 16 -14.33 11.08 7.3 -14.5 10.99 5.44 -14.54 9.92 7.16
3 16 -14.54 9.92 7.16 -14.33 10.06 8.45 -14.33 11.08 7.3
3 16 -13.96 11.06 8.18 -14.33 11.08 7.3 -14.33 10.06 8.45
3 16 -14.54 9.92 7.16 -14.36 9.26 8.12 -14.33 10.06 8.45
4 16 -14.24 8.46 9.13 -14.21 9.16 9.45 -14.33 10.06 8.45 -14.36 9.26 8.12
3 16 -13.47 12.69 6.67 -13.15 13.25 5.98 -13.63 12.66 5.67
3 16 -12.72 13.51 5.39 -13.63 12.66 5.67 -13.15 13.25 5.98
3 16 -13.01 8.66 0.32 -14.58 9.01 1.66 -12.96 9.08 1.35
3 16 -13.01 8.66 0.32 -15.02 8.28 0.13 -14.58 9.01 1.66
3 16 -12.96 9.08 1.35 -14.58 9.01 1.66 -14.15 9.94 2.89
3 16 -12.96 9.08 1.35 -14.15 9.94 2.89 -12.8 10.07 2.46
3 16 -14.78 9.54 3.1 -14.15 9.94 2.89 -14.58 9.01 1.66
3 16 -14.78 9.54 3.1 -14.58 9.01 1.66 -15.3 8.66 1.91
3 16 -15.3 8.66 1.91 -14.58 9.01 1.66 -15.02 8.28 0.13
3 16 -15.3 8.66 1.91 -15.02 8.28 0.13 -15.86 7.65 0.81
3 16 -15.6 7.65 -0.84 -15.86 7.65 0.81 -15.02 8.28 0.13
3 16 -15.6 7.65 -0.84 -15.91 6.88 -0.66 -15.86 7.65 0.81
3 16 -12.8 10.07 2.46 -14.15 9.94 2.89 -13.67 11.03 3.92
3 16 -13.67 11.03 3.92 -14.15 9.94 2.89 -14.05 10.52 4.14
3 16 -12.8 10.07 2.46 -13.67 11.03 3.92 -12.56 11.42 3.47
3 16 -14.15 9.94 2.89 -14.46 9.75 4.35 -14.05 10.52 4.14
3 16 -14.15 9.94 2.89 -14.78 9.54 3.1 -14.46 9.75 4.35
3 16 -15.3 8.66 1.91 -15.86 7.65 0.81 -15.2 8.91 3.2
3 16 -14.78 9.54 3.1 -15.3 8.66 1.91 -15.2 8.91 3.2
3 16 -15.2 8.91 3.2 -14.46 9.75 4.35 -14.78 9.54 3.1
3 16 -15.2 8.91 3.2 -14.67 9.09 4.87 -14.46 9.75 4.35
3 16 -15.2 8.91 3.2 -15.86 7.65 0.81 -16.08 7.11 1.73
3 16 -15.86 7.65 0.81 -16.28 6.31 0.96 -16.08 7.11 1.73
3 16 -15.61 5.91 2.45 -16.08 7.11 1.73 -16.28 6.31 0.96
3 16 -15.61 5.91 2.45 -15.5 7.51 3.51 -16.08 7.11 1.73
3 16 -15.5 7.51 3.51 -14.67 9.09 4.87 -15.2 8.91 3.2
3 16 -15.5 7.51 3.51 -15.2 8.91 3.2 -16.08 7.11 1.73
3 16 -14.67 9.09 4.87 -15.5 7.51 3.51 -14.68 7.78 5.09
3 16 -15.35 6.81 3.72 -14.68 7.78 5.09 -15.5 7.51 3.51
3 16 -15.61 5.91 2.45 -15.35 6.81 3.72 -15.5 7.51 3.51
3 16 -15.61 5.91 2.45 -16.28 6.31 0.96 -15.6 4.39 0.77
3 16 -15.92 4.76 -0.3 -15.6 4.39 0.77 -16.28 6.31 0.96
3 16 -15.59 3.95 -0.06 -15.6 4.39 0.77 -15.92 4.76 -0.3
3 16 -15.92 4.76 -0.3 -16.28 6.31 0.96 -16.08 5.93 -0.63
3 16 -16.28 6.31 0.96 -15.91 6.88 -0.66 -16.08 5.93 -0.63
3 16 -16.28 6.31 0.96 -15.86 7.65 0.81 -15.91 6.88 -0.66
3 16 -15.6 4.39 0.77 -15.63 3.05 2.07 -15.61 5.91 2.45
3 16 -15.6 4.39 0.77 -15.55 3.42 0.77 -15.63 3.05 2.07
4 16 -15.6 4.39 0.77 -15.59 3.95 -0.06 -15.55 3.14 -0.04 -15.55 3.42 0.77
4 16 -15.61 5.91 2.45 -15.63 3.05 2.07 -15.22 4.9 4.16 -15.35 6.81 3.72
3 16 -14.94 6.42 5.25 -15.35 6.81 3.72 -15.22 4.9 4.16
3 16 -15.35 6.81 3.72 -14.94 6.42 5.25 -14.68 7.78 5.09
3 16 -14.94 6.42 5.25 -15.22 4.9 4.16 -14.96 5.55 5.33
3 16 -15.22 4.9 4.16 -14.67 4.59 5.36 -14.96 5.55 5.33
3 16 -14.92 3.11 4.28 -14.67 4.59 5.36 -15.22 4.9 4.16
3 16 -14.92 3.11 4.28 -14.41 3.73 5.42 -14.67 4.59 5.36
3 16 -15.63 3.05 2.07 -15.2 2.19 3.07 -15.22 4.9 4.16
3 16 -15.2 2.19 3.07 -14.92 3.11 4.28 -15.22 4.9 4.16
3 16 -15.2 2.19 3.07 -15.63 3.05 2.07 -15.48 2.3 2.16
3 16 -15.48 2.3 2.16 -15.07 1.32 1.9 -15.2 2.19 3.07
3 16 -15.07 1.32 1.9 -15.48 2.3 2.16 -15.58 1.13 0.51
3 16 -14.8 0.27 0.88 -15.07 1.32 1.9 -15.58 1.13 0.51
3 16 -14.8 0.27 0.88 -15.58 1.13 0.51 -15.11 0.03 -0.22
3 16 -15.11 0.03 -0.22 -14.69 -0.83 -0.26 -14.8 0.27 0.88
3 16 -15.66 1.79 0.38 -15.58 1.13 0.51 -15.48 2.3 2.16
3 16 -15.66 1.79 0.38 -15.48 2.3 2.16 -15.63 3.05 2.07
3 16 -15.58 1.13 0.51 -15.66 1.79 0.38 -15.5 1.34 -0.76
3 16 -15.66 1.79 0.38 -15.62 2.31 -0.26 -15.5 1.34 -0.76
3 16 -15.58 1.13 0.51 -15.5 1.34 -0.76 -15.42 0.63 -0.31
3 16 -15.42 0.63 -0.31 -15.11 0.03 -0.22 -15.58 1.13 0.51
3 16 -15.55 3.14 -0.04 -15.62 2.31 -0.26 -15.66 1.79 0.38
3 16 -15.55 3.14 -0.04 -15.66 1.79 0.38 -15.55 3.42 0.77
3 16 -15.63 3.05 2.07 -15.55 3.42 0.77 -15.66 1.79 0.38
3 16 -14.29 -1.45 2.35 -13.64 -2.12 2.39 -13.92 -1.21 3.36
3 16 -13.92 -1.21 3.36 -14.7 -0.67 2.19 -14.29 -1.45 2.35
3 16 -14.11 -2.53 -0.19 -14.29 -1.45 2.35 -14.7 -0.67 2.19
3 16 -13.12 -3.52 0.08 -14.29 -1.45 2.35 -14.11 -2.53 -0.19
3 16 -13.12 -3.52 0.08 -13.64 -2.12 2.39 -14.29 -1.45 2.35
3 16 -14.69 -0.83 -0.26 -14.11 -2.53 -0.19 -14.7 -0.67 2.19
3 16 -14.69 -0.83 -0.26 -14.61 -1.88 -0.84 -14.11 -2.53 -0.19
3 16 -13.92 -1.21 3.36 -14.76 0.29 3.28 -14.7 -0.67 2.19
3 16 -14.76 0.29 3.28 -13.92 -1.21 3.36 -14.52 1.22 4.4
3 16 -13.47 -0.75 4.35 -14.52 1.22 4.4 -13.92 -1.21 3.36
3 16 -13.47 -0.75 4.35 -13.62 0.57 5.62 -14.52 1.22 4.4
3 16 -13.47 -0.75 4.35 -13.03 -0.41 5.48 -13.62 0.57 5.62
3 16 -13.62 0.57 5.62 -14.09 1.68 5.79 -14.52 1.22 4.4
4 16 -14.52 1.22 4.4 -14.92 3.11 4.28 -15.2 2.19 3.07 -14.76 0.29 3.28
3 16 -15.07 1.32 1.9 -14.76 0.29 3.28 -15.2 2.19 3.07
3 16 -15.07 1.32 1.9 -14.7 -0.67 2.19 -14.76 0.29 3.28
3 16 -15.07 1.32 1.9 -14.8 0.27 0.88 -14.7 -0.67 2.19
3 16 -14.7 -0.67 2.19 -14.8 0.27 0.88 -14.69 -0.83 -0.26
3 16 -14.28 2.77 5.51 -14.52 1.22 4.4 -14.09 1.68 5.79
3 16 -14.28 2.77 5.51 -14.92 3.11 4.28 -14.52 1.22 4.4
3 16 -14.41 3.73 5.42 -14.92 3.11 4.28 -14.28 2.77 5.51
3 16 -13.12 -3.52 0.08 -12.56 -3.8 0.68 -13.64 -2.12 2.39
3 16 -6.65 -8.73 2.35 -5.23 -8.8 1.98 -5.97 -8.57 2.82
3 16 -6.65 -8.73 2.35 -6.03 -9.01 1.29 -5.23 -8.8 1.98
3 16 -5.97 -8.57 2.82 -7.43 -8.19 3.3 -6.65 -8.73 2.35
3 16 -5.97 -8.57 2.82 -6.75 -8.2 3.84 -7.43 -8.19 3.3
3 16 -7.9 -7.54 4.13 -7.43 -8.19 3.3 -6.75 -8.2 3.84
3 16 -7.9 -7.54 4.13 -6.75 -8.2 3.84 -7.36 -7.62 4.64
3 16 -7.9 -7.54 4.13 -9.33 -6.66 3.08 -7.43 -8.19 3.3
3 16 -7.43 -8.19 3.3 -9.33 -6.66 3.08 -7.9 -8.27 0.75
3 16 -7.9 -8.27 0.75 -9.33 -6.66 3.08 -9.88 -6.16 2.51
3 16 -9.88 -6.16 2.51 -8.3 -7.76 0.34 -7.9 -8.27 0.75
3 16 -10.28 -4.75 4.3 -9.88 -6.16 2.51 -9.33 -6.66 3.08
3 16 -7.43 -8.19 3.3 -7.9 -8.27 0.75 -7.13 -8.78 1.07
3 16 -6.03 -9.01 1.29 -6.65 -8.73 2.35 -7.13 -8.78 1.07
3 16 -7.13 -8.78 1.07 -6.65 -8.73 2.35 -7.43 -8.19 3.3
3 16 -7.9 -7.54 4.13 -7.36 -7.62 4.64 -7.8 -6.89 5.11
3 16 -9.33 -6.66 3.08 -7.8 -6.89 5.11 -10.28 -4.75 4.3
3 16 -9.33 -6.66 3.08 -7.9 -7.54 4.13 -7.8 -6.89 5.11
3 16 -10.28 -4.75 4.3 -7.8 -6.89 5.11 -8.51 -5.79 5.68
3 16 -10.28 -4.75 4.3 -8.51 -5.79 5.68 -10.12 -4.37 5.3
3 16 -8.51 -5.79 5.68 -7.8 -6.89 5.11 -7.85 -6.61 5.86
3 16 -5.23 -8.8 1.98 -4.52 -9.28 2.49 -5.97 -8.57 2.82
3 16 -5.97 -8.57 2.82 -4.52 -9.28 2.49 -3.44 -9.78 4.1
3 16 -5.97 -8.57 2.82 -3.44 -9.78 4.1 -6.75 -8.2 3.84
3 16 -3.44 -9.78 4.1 -5.53 -8.62 5.26 -6.75 -8.2 3.84
3 16 -7.36 -7.62 4.64 -6.75 -8.2 3.84 -5.53 -8.62 5.26
3 16 -5.8 -7.96 5.96 -7.36 -7.62 4.64 -5.53 -8.62 5.26
3 16 -5.8 -7.96 5.96 -7.8 -6.89 5.11 -7.36 -7.62 4.64
3 16 -7.8 -6.89 5.11 -5.8 -7.96 5.96 -6.11 -7.44 6.5
3 16 -7.8 -6.89 5.11 -6.11 -7.44 6.5 -7.85 -6.61 5.86
3 16 -5.13 -7.76 7.33 -6.11 -7.44 6.5 -5.8 -7.96 5.96
3 16 -5.13 -7.76 7.33 -5.8 -7.96 5.96 -4.5 -8.37 6.4
3 16 -4.5 -8.37 6.4 -5.8 -7.96 5.96 -5.53 -8.62 5.26
3 16 -5.53 -8.62 5.26 -3.44 -9.78 4.1 -3.37 -9.08 6.01
3 16 -3.37 -9.08 6.01 -4.5 -8.37 6.4 -5.53 -8.62 5.26
3 16 -3.44 -9.78 4.1 -2.29 -9.5 5.56 -3.37 -9.08 6.01
3 16 -3.44 -9.78 4.1 -1.4142 -9.5 3.4142 -1.24 -9.82 5.09
3 16 -1.24 -9.82 5.09 -2.29 -9.5 5.56 -3.44 -9.78 4.1
3 16 -1.24 -9.82 5.09 -1.4142 -9.5 3.4142 -0.7654 -9.5 3.8478
3 16 -1.4142 -9.5 3.4142 -3.44 -9.78 4.1 -1.8478 -9.5 2.7654
3 16 -3.44 -9.78 4.1 -3.47 -9.71 2.11 -1.8478 -9.5 2.7654
3 16 -3.44 -9.78 4.1 -4.52 -9.28 2.49 -3.47 -9.71 2.11
3 16 -2.68 -9.96 1.35 -1.8478 -9.5 2.7654 -3.47 -9.71 2.11
3 16 -2.68 -9.96 1.35 -2 -9.5 2 -1.8478 -9.5 2.7654
3 16 -1.24 -9.82 5.09 -0.91 -9.68 6.02 -2.29 -9.5 5.56
3 16 -2.29 -9.5 5.56 -0.91 -9.68 6.02 -2.23 -9.19 7.33
3 16 -2.29 -9.5 5.56 -2.23 -9.19 7.33 -3.37 -9.08 6.01
3 16 -2.23 -9.19 7.33 -1.52 -8.65 9.18 -3.15 -8.38 8.26
3 16 -2.23 -9.19 7.33 -0.91 -8.95 8.68 -1.52 -8.65 9.18
3 16 -2.23 -9.19 7.33 -0.91 -9.68 6.02 -0.91 -8.95 8.68
3 16 -0.91 -8.95 8.68 -0.91 -9.68 6.02 0.1 -9.15 7.33
3 16 0.1 -9.15 7.33 0.23 -8.99 8.15 -0.91 -8.95 8.68
3 16 0.23 -8.99 8.15 0.48 -8.83 8.76 -0.91 -8.95 8.68
3 16 -1.52 -8.65 9.18 -0.91 -8.95 8.68 -0.55 -8.64 9.67
3 16 0.48 -8.83 8.76 -0.55 -8.64 9.67 -0.91 -8.95 8.68
4 16 0.92 -8.73 9.16 0.25 -8.5 10.18 -0.55 -8.64 9.67 0.48 -8.83 8.76
4 16 -2.23 -9.19 7.33 -3.15 -8.38 8.26 -4.5 -8.37 6.4 -3.37 -9.08 6.01
3 16 -4.5 -8.37 6.4 -3.15 -8.38 8.26 -5.13 -7.76 7.33
3 16 -0.55 -8.64 9.67 -0.15 -8.94 10.72 -0.85 -8.92 10.35
3 16 -0.55 -8.64 9.67 0.25 -8.5 10.18 -0.15 -8.94 10.72
3 16 -0.55 -8.64 9.67 -0.85 -8.92 10.35 -1.63 -8.85 10.04
3 16 -0.55 -8.64 9.67 -1.63 -8.85 10.04 -1.52 -8.65 9.18
3 16 -3.26 -8.58 9.63 -1.52 -8.65 9.18 -1.63 -8.85 10.04
3 16 -3.26 -8.58 9.63 -3.15 -8.38 8.26 -1.52 -8.65 9.18
3 16 -4.88 -8.03 9.49 -3.15 -8.38 8.26 -3.26 -8.58 9.63
3 16 -4.88 -8.03 9.49 -5.13 -7.76 7.33 -3.15 -8.38 8.26
3 16 -5.13 -7.76 7.33 -5.81 -7.69 9.5 -6.11 -7.44 6.5
3 16 -5.13 -7.76 7.33 -4.88 -8.03 9.49 -5.81 -7.69 9.5
3 16 -7.13 -7.33 7.47 -6.11 -7.44 6.5 -5.81 -7.69 9.5
3 16 -7.13 -7.33 7.47 -5.81 -7.69 9.5 -6.7 -7.36 9.49
3 16 -7.13 -7.33 7.47 -7.85 -6.61 5.86 -6.11 -7.44 6.5
3 16 -7.13 -7.33 7.47 -7.95 -6.67 6.59 -7.85 -6.61 5.86
3 16 -8.47 -5.92 6.54 -7.85 -6.61 5.86 -7.95 -6.67 6.59
3 16 -8.47 -5.92 6.54 -8.51 -5.79 5.68 -7.85 -6.61 5.86
3 16 -7.53 -6.9 9.46 -7.13 -7.33 7.47 -6.7 -7.36 9.49
4 16 -7.13 -7.33 7.47 -7.53 -6.9 9.46 -8.16 -6.36 9.3 -7.95 -6.67 6.59
3 16 -8.16 -6.36 9.3 -8.47 -5.92 6.54 -7.95 -6.67 6.59
3 16 -8.16 -6.36 9.3 -8.68 -5.75 9.35 -8.47 -5.92 6.54
3 16 -12.14 -1.78 10.25 -11.89 -2.32 8.84 -11.52 -2.76 9.78
3 16 -12.14 -1.78 10.25 -12.24 -1.28 9.06 -11.89 -2.32 8.84
3 16 -11.89 -2.32 8.84 -11.29 -3.43 9.58 -11.52 -2.76 9.78
3 16 -11.74 -3.03 7.61 -11.29 -3.43 9.58 -11.89 -2.32 8.84
3 16 -11.74 -3.03 7.61 -10.61 -3.94 8.66 -11.29 -3.43 9.58
3 16 -10.61 -3.94 8.66 -10.81 -4.21 9.48 -11.29 -3.43 9.58
3 16 -11.74 -3.03 7.61 -10.89 -3.61 6.39 -10.61 -3.94 8.66
3 16 -12.24 -1.28 9.06 -12.7 -0.98 7.93 -11.89 -2.32 8.84
3 16 -12.5 -1.74 6.59 -11.89 -2.32 8.84 -12.7 -0.98 7.93
3 16 -11.74 -3.03 7.61 -11.89 -2.32 8.84 -12.5 -1.74 6.59
3 16 -12.5 -1.74 6.59 -12.7 -0.98 7.93 -13.06 -0.59 6.67
4 16 -13.03 -0.41 5.48 -12.49 -1.52 5.44 -12.5 -1.74 6.59 -13.06 -0.59 6.67
4 16 -11.74 -3.03 7.61 -12.5 -1.74 6.59 -12.49 -1.52 5.44 -11.77 -2.55 5.35
3 16 -11.77 -2.55 5.35 -10.89 -3.61 6.39 -11.74 -3.03 7.61
3 16 -11.77 -2.55 5.35 -10.91 -3.46 5.2 -10.89 -3.61 6.39
3 16 -13.11 0.29 9.26 -13.69 0.22 6.83 -12.82 -0.49 9.13
3 16 -14.23 2.41 6.54 -13.69 0.22 6.83 -13.11 0.29 9.26
3 16 -14.09 1.68 5.79 -13.69 0.22 6.83 -14.23 2.41 6.54
3 16 -14.09 1.68 5.79 -13.62 0.57 5.62 -13.69 0.22 6.83
3 16 -12.82 -0.49 9.13 -13.69 0.22 6.83 -12.7 -0.98 7.93
3 16 -12.82 -0.49 9.13 -12.7 -0.98 7.93 -12.24 -1.28 9.06
3 16 -12.7 -0.98 7.93 -13.69 0.22 6.83 -13.06 -0.59 6.67
3 16 -13.69 0.22 6.83 -13.03 -0.41 5.48 -13.06 -0.59 6.67
3 16 -13.69 0.22 6.83 -13.62 0.57 5.62 -13.03 -0.41 5.48
3 16 -13.11 0.29 9.26 -13.54 1.59 8.27 -14.23 2.41 6.54
3 16 -13.28 1.13 9.26 -13.54 1.59 8.27 -13.11 0.29 9.26
3 16 -13.54 1.59 8.27 -14.16 2.86 7.5 -14.23 2.41 6.54
3 16 -13.54 1.59 8.27 -13.81 2.35 8.42 -14.16 2.86 7.5
3 16 -13.54 1.59 8.27 -13.95 1.9 9.22 -13.81 2.35 8.42
3 16 -13.54 1.59 8.27 -13.28 1.13 9.26 -13.95 1.9 9.22
3 16 -14.16 2.86 7.5 -14.4 3.16 6.56 -14.23 2.41 6.54
3 16 -14.23 2.41 6.54 -14.28 2.77 5.51 -14.09 1.68 5.79
3 16 -14.23 2.41 6.54 -14.4 3.16 6.56 -14.28 2.77 5.51
3 16 -14.32 3.2 8.26 -14.16 2.86 7.5 -13.81 2.35 8.42
3 16 -14.32 3.2 8.26 -14.61 3.53 7.48 -14.16 2.86 7.5
3 16 -14.61 3.53 7.48 -14.32 3.2 8.26 -14.56 3.98 8.2
3 16 -14.56 3.98 8.2 -14.66 4.69 8.21 -14.61 3.53 7.48
3 16 -14.61 3.53 7.48 -14.66 4.69 8.21 -15.19 5.77 6.48
3 16 -15.19 5.77 6.48 -14.66 4.69 8.21 -14.66 6.72 7.78
3 16 -14.43 5.61 8.46 -14.66 6.72 7.78 -14.66 4.69 8.21
3 16 -14.61 3.53 7.48 -15.19 5.77 6.48 -14.4 3.16 6.56
3 16 -14.16 2.86 7.5 -14.61 3.53 7.48 -14.4 3.16 6.56
4 16 -15.19 5.77 6.48 -14.67 4.59 5.36 -14.41 3.73 5.42 -14.4 3.16 6.56
3 16 -14.96 5.55 5.33 -14.67 4.59 5.36 -15.19 5.77 6.48
3 16 -14.96 5.55 5.33 -15.19 5.77 6.48 -14.94 6.42 5.25
3 16 -14.94 6.42 5.25 -15.19 5.77 6.48 -14.89 7.34 6.71
3 16 -14.89 7.34 6.71 -15.19 5.77 6.48 -14.66 6.72 7.78
3 16 -14.94 6.42 5.25 -14.89 7.34 6.71 -14.68 7.78 5.09
3 16 -14.66 6.72 7.78 -14.43 5.61 8.46 -14.44 6.09 8.87
3 16 -14.4 3.16 6.56 -14.41 3.73 5.42 -14.28 2.77 5.51
3 16 -14.44 6.09 8.87 -14.73 6.66 9.2 -14.66 6.72 7.78
3 16 -14.66 6.72 7.78 -14.73 6.66 9.2 -14.64 7.44 9.06
3 16 -14.66 6.72 7.78 -14.64 7.44 9.06 -14.83 8.15 7.88
3 16 -14.89 7.34 6.71 -14.66 6.72 7.78 -14.83 8.15 7.88
3 16 -14.89 7.34 6.71 -14.83 8.15 7.88 -15.18 8.69 6.92
3 16 -15.18 8.69 6.92 -14.83 8.15 7.88 -14.36 9.26 8.12
3 16 -15.18 8.69 6.92 -14.36 9.26 8.12 -14.54 9.92 7.16
3 16 -14.24 8.46 9.13 -14.83 8.15 7.88 -14.64 7.44 9.06
3 16 -14.24 8.46 9.13 -14.36 9.26 8.12 -14.83 8.15 7.88
3 16 -14.54 9.92 7.16 -15.06 9.22 5.81 -15.18 8.69 6.92
3 16 -15.06 9.22 5.81 -14.89 7.34 6.71 -15.18 8.69 6.92
3 16 -15.06 9.22 5.81 -14.68 7.78 5.09 -14.89 7.34 6.71
3 16 -14.54 9.92 7.16 -14.71 10.32 5.34 -15.06 9.22 5.81
3 16 -14.54 9.92 7.16 -14.5 10.99 5.44 -14.71 10.32 5.34
3 16 -15.06 9.22 5.81 -14.67 9.09 4.87 -14.68 7.78 5.09
3 16 -14.71 10.32 5.34 -14.67 9.09 4.87 -15.06 9.22 5.81
3 16 -14.71 10.32 5.34 -14.46 9.75 4.35 -14.67 9.09 4.87
4 16 -14.46 9.75 4.35 -14.71 10.32 5.34 -14.5 10.99 5.44 -14.05 10.52 4.14
3 16 -14.5 10.99 5.44 -13.67 11.03 3.92 -14.05 10.52 4.14
3 16 -13.03 -0.41 5.48 -13.47 -0.75 4.35 -12.49 -1.52 5.44
3 16 -12.49 -1.52 5.44 -13.47 -0.75 4.35 -11.77 -2.55 5.35
3 16 -13.47 -0.75 4.35 -12.56 -3.28 3.74 -11.77 -2.55 5.35
3 16 -13.47 -0.75 4.35 -13.92 -1.21 3.36 -12.56 -3.28 3.74
3 16 -13.64 -2.12 2.39 -12.56 -3.28 3.74 -13.92 -1.21 3.36
3 16 -13.64 -2.12 2.39 -12.85 -3.59 2.15 -12.56 -3.28 3.74
3 16 -12.56 -3.8 0.68 -12.85 -3.59 2.15 -13.64 -2.12 2.39
3 16 -12.56 -3.8 0.68 -12.43 -4.37 1.39 -12.85 -3.59 2.15
3 16 -12.43 -4.37 1.39 -11.69 -5.01 2.42 -12.85 -3.59 2.15
3 16 -12.56 -3.28 3.74 -12.85 -3.59 2.15 -11.69 -5.01 2.42
3 16 -11.22 -5.84 1.47 -11.69 -5.01 2.42 -12.43 -4.37 1.39
3 16 -11.71 -4.95 -0.12 -11.22 -5.84 1.47 -12.43 -4.37 1.39
3 16 -12.43 -4.37 1.39 -12.56 -3.8 0.68 -11.71 -4.95 -0.12
3 16 -11.71 -4.95 -0.12 -10.54 -6.63 0.46 -11.22 -5.84 1.47
3 16 -10.06 -6.81 1.27 -11.22 -5.84 1.47 -10.54 -6.63 0.46
3 16 -10.06 -6.81 1.27 -10.52 -5.96 2.03 -11.22 -5.84 1.47
3 16 -11.22 -5.84 1.47 -10.52 -5.96 2.03 -11.69 -5.01 2.42
3 16 -10.06 -6.81 1.27 -9.88 -6.16 2.51 -10.52 -5.96 2.03
3 16 -9.88 -6.16 2.51 -11.69 -5.01 2.42 -10.52 -5.96 2.03
3 16 -10.06 -6.81 1.27 -8.3 -7.76 0.34 -9.88 -6.16 2.51
3 16 -10.06 -6.81 1.27 -9.16 -7.53 -0.27 -8.3 -7.76 0.34
3 16 -10.06 -6.81 1.27 -10.54 -6.63 0.46 -9.16 -7.53 -0.27
3 16 -10.91 -3.46 5.2 -11.77 -2.55 5.35 -12.56 -3.28 3.74
3 16 -10.91 -3.46 5.2 -12.56 -3.28 3.74 -10.28 -4.75 4.3
3 16 -10.28 -4.75 4.3 -12.56 -3.28 3.74 -11.69 -5.01 2.42
3 16 -9.88 -6.16 2.51 -10.28 -4.75 4.3 -11.69 -5.01 2.42
3 16 -10.12 -4.37 5.3 -10.91 -3.46 5.2 -10.28 -4.75 4.3
3 16 -11.71 -4.95 -0.12 -12.27 -4.22 -0.25 -12 -4.73 -0.71
3 16 -12.56 -3.8 0.68 -12.27 -4.22 -0.25 -11.71 -4.95 -0.12
3 16 -12.56 -3.8 0.68 -13.12 -3.52 0.08 -12.27 -4.22 -0.25
3 16 -8.51 -5.79 5.68 -10.19 -4.6 6.41 -10.12 -4.37 5.3
3 16 -8.51 -5.79 5.68 -8.47 -5.92 6.54 -10.19 -4.6 6.41
3 16 -10.89 -3.61 6.39 -10.12 -4.37 5.3 -10.19 -4.6 6.41
3 16 -10.61 -3.94 8.66 -10.89 -3.61 6.39 -10.19 -4.6 6.41
3 16 -10.61 -3.94 8.66 -10.19 -4.6 6.41 -9.75 -4.83 8.79
3 16 -9.75 -4.83 8.79 -10.19 -4.6 6.41 -8.47 -5.92 6.54
3 16 -10.89 -3.61 6.39 -10.91 -3.46 5.2 -10.12 -4.37 5.3
3 16 -9.75 -4.83 8.79 -8.47 -5.92 6.54 -8.68 -5.75 9.35
3 16 -2.21 -9.87 -1.94 -3.36 -9.96 -1.66 -2.59 -9.94 -2.22
3 16 -2.21 -9.87 -1.94 -3.12 -10.09 -0.74 -3.36 -9.96 -1.66
3 16 9.31 5.93 14.3 8.98 4.61 13.77 9.75 5.44 13.72
3 16 9.31 5.93 14.3 8.45 4.98 14.3 8.98 4.61 13.77
3 16 8.3 5.65 15.16 8.45 4.98 14.3 9.31 5.93 14.3
4 16 7.48 -7.18 7.04 7.96 -6.98 7.03 9.21 -6.17 8.03 7.45 -6.85 8.26
3 16 4.23 -7.64 13.44 3.76 -7.04 14.55 3.69 -7.81 14.11
3 16 4.23 -7.64 13.44 4.89 -6.84 13.63 3.76 -7.04 14.55
3 16 15.07 -2.32 5.93 14.26 -2.31 8.42 14.43 -2.9 8.44
3 16 15.07 -2.32 5.93 14.52 -1.03 6.23 14.26 -2.31 8.42
3 16 14.87 -3.32 6.62 15.07 -2.32 5.93 14.43 -2.9 8.44
3 16 14.87 -3.32 6.62 14.43 -2.9 8.44 14.57 -3.56 7.54
3 16 15.07 -2.32 5.93 14.83 -2.58 4.9 14.52 -1.03 6.23
3 16 14.7 -3.43 4.95 15.07 -2.32 5.93 14.87 -3.32 6.62
3 16 14.7 -3.43 4.95 14.83 -2.58 4.9 15.07 -2.32 5.93
3 16 14.87 -3.32 6.62 13.98 -4.09 7.24 14.7 -3.43 4.95
3 16 14.87 -3.32 6.62 14.57 -3.56 7.54 13.98 -4.09 7.24
3 16 13.8 -3.09 8.94 14.43 -2.9 8.44 14.26 -2.31 8.42
3 16 13.8 -3.09 8.94 14.26 -2.31 8.42 13.45 -2.13 8.94
3 16 14.26 -2.31 8.42 13.15 -1.5 8.77 13.45 -2.13 8.94
3 16 14.26 -2.31 8.42 13.88 -0.67 7.35 13.15 -1.5 8.77
3 16 14.52 -1.03 6.23 13.88 -0.67 7.35 14.26 -2.31 8.42
3 16 14.43 -2.9 8.44 13.8 -3.74 8.4 14.57 -3.56 7.54
3 16 14.43 -2.9 8.44 13.8 -3.09 8.94 13.8 -3.74 8.4
3 16 13.8 -3.74 8.4 13.98 -4.09 7.24 14.57 -3.56 7.54
3 16 14.35 -6.25 0.96 13.48 -6.56 0.32 14.22 -6.44 -0.29
3 16 12.23 -6.17 1.87 13.48 -6.56 0.32 14.35 -6.25 0.96
3 16 12.23 -6.17 1.87 12.49 -6.28 0.77 13.48 -6.56 0.32
3 16 12.86 -6.43 0.13 13.48 -6.56 0.32 12.49 -6.28 0.77
3 16 14.22 -6.44 -0.29 13.48 -6.56 0.32 12.86 -6.43 0.13
3 16 14.22 -6.44 -0.29 12.86 -6.43 0.13 14.16 -6.36 -0.96
3 16 14.22 -6.44 -0.29 14.16 -6.36 -0.96 14.98 -5.79 -0.43
3 16 14.98 -5.79 -0.43 14.84 -6.18 0.19 14.22 -6.44 -0.29
3 16 14.35 -6.25 0.96 14.22 -6.44 -0.29 14.84 -6.18 0.19
3 16 14.35 -6.25 0.96 14.84 -6.18 0.19 15.14 -5.72 0.48
3 16 14.84 -6.18 0.19 14.98 -5.79 -0.43 15.14 -5.72 0.48
3 16 14.98 -5.79 -0.43 15.39 -5.02 0.18 15.14 -5.72 0.48
3 16 15.39 -5.02 0.18 15.34 -4.88 1.18 15.14 -5.72 0.48
3 16 15.34 -4.88 1.18 14.35 -6.25 0.96 15.14 -5.72 0.48
3 16 12.23 -6.17 1.87 14.35 -6.25 0.96 13.4 -5.53 2.83
3 16 14.56 -4.96 2.47 13.4 -5.53 2.83 14.35 -6.25 0.96
3 16 15.34 -4.88 1.18 14.56 -4.96 2.47 14.35 -6.25 0.96
3 16 12.23 -6.17 1.87 13.4 -5.53 2.83 12.54 -5.85 2.94
3 16 13.4 -5.53 2.83 12.54 -5.69 3.74 12.54 -5.85 2.94
3 16 14.3 -5.43 -5.67 14.45 -5.92 -4.4 13.61 -6.61 -5.15
3 16 14.45 -5.92 -4.4 13.66 -6.49 -4.04 13.61 -6.61 -5.15
3 16 12.7 -6.98 -3.93 13.61 -6.61 -5.15 13.66 -6.49 -4.04
3 16 12.7 -6.98 -3.93 12.57 -6.99 -5.25 13.61 -6.61 -5.15
3 16 14.45 -5.92 -4.4 14.48 -5.35 -3.89 14.35 -6.02 -3.28
3 16 14.35 -6.02 -3.28 13.66 -6.49 -4.04 14.45 -5.92 -4.4
3 16 13.66 -6.49 -4.04 14.35 -6.02 -3.28 13.52 -6.65 -3.69
3 16 13.52 -6.65 -3.69 12.7 -6.98 -3.93 13.66 -6.49 -4.04
3 16 14.45 -5.92 -4.4 14.62 -5.3 -4.36 14.48 -5.35 -3.89
3 16 14.65 -4.58 -3.39 14.48 -5.35 -3.89 14.62 -5.3 -4.36
3 16 14.48 -5.35 -3.89 14.65 -4.58 -3.39 14.35 -6.02 -3.28
3 16 14.65 -4.58 -3.39 14.62 -5.3 -4.36 14.74 -4.07 -4.03
3 16 14.64 -5.14 -4.96 14.74 -4.07 -4.03 14.62 -5.3 -4.36
3 16 14.3 -5.43 -5.67 14.64 -5.14 -4.96 14.45 -5.92 -4.4
3 16 14.64 -5.14 -4.96 14.62 -5.3 -4.36 14.45 -5.92 -4.4
3 16 14.3 -5.43 -5.67 14.54 -3.96 -5.04 14.64 -5.14 -4.96
3 16 14.64 -5.14 -4.96 14.54 -3.96 -5.04 14.74 -4.07 -4.03
3 16 14.3 -5.43 -5.67 13.03 -4.77 -6.46 14.54 -3.96 -5.04
3 16 13.03 -4.77 -6.46 14.3 -5.43 -5.67 13.22 -6.29 -5.95
3 16 14.3 -5.43 -5.67 13.61 -6.61 -5.15 13.22 -6.29 -5.95
3 16 13.22 -6.29 -5.95 13.61 -6.61 -5.15 12.57 -6.99 -5.25
3 16 13.03 -4.77 -6.46 13.22 -6.29 -5.95 12.15 -6.9 -6.08
3 16 13.22 -6.29 -5.95 12.57 -6.99 -5.25 12.15 -6.9 -6.08
3 16 13.43 -3.98 10.28 13.74 -3.55 9.94 12.89 -2.6 11.32
3 16 12.07 -3.65 11.53 12.38 -4.17 10.81 13.43 -3.98 10.28
3 16 12.38 -4.17 10.81 12.98 -4.28 10.01 13.43 -3.98 10.28
3 16 12.38 -4.17 10.81 12.41 -4.5 10.15 12.98 -4.28 10.01
3 16 13.64 -3.79 9.32 13.43 -3.98 10.28 12.98 -4.28 10.01
3 16 13.64 -3.79 9.32 13.74 -3.55 9.94 13.43 -3.98 10.28
3 16 13.74 -3.55 9.94 13.64 -3.79 9.32 13.8 -3.09 8.94
3 16 13.74 -3.55 9.94 13.8 -3.09 8.94 13.45 -2.13 8.94
3 16 13.45 -2.13 8.94 12.66 -1.53 9.76 13.74 -3.55 9.94
3 16 13.74 -3.55 9.94 12.66 -1.53 9.76 12.18 -1.26 10.74
3 16 13.45 -2.13 8.94 13.15 -1.5 8.77 12.66 -1.53 9.76
3 16 12.18 -1.26 10.74 12.89 -2.6 11.32 13.74 -3.55 9.94
3 16 12.89 -2.6 11.32 12.07 -3.65 11.53 13.43 -3.98 10.28
3 16 12.89 -2.6 11.32 11.53 -2.27 11.73 12.07 -3.65 11.53
3 16 12.89 -2.6 11.32 11.94 -1.83 11.38 11.53 -2.27 11.73
3 16 12.18 -1.26 10.74 11.94 -1.83 11.38 12.89 -2.6 11.32
3 16 10.92 -3.41 13.7 11.24 -2.78 13.15 10.7 -3.12 13.67
3 16 10.92 -3.41 13.7 11.73 -3.87 12.69 11.24 -2.78 13.15
3 16 11.53 -2.27 11.73 11.24 -2.78 13.15 11.73 -3.87 12.69
3 16 11.53 -2.27 11.73 10.89 -2.11 12.64 11.24 -2.78 13.15
3 16 11.53 -2.27 11.73 11.73 -3.87 12.69 12.07 -3.65 11.53
3 16 12.07 -3.65 11.53 11.73 -3.87 12.69 11.73 -4.22 12.01
3 16 10.7 -3.12 13.67 9.96 -3.66 13.92 10.92 -3.41 13.7
3 16 10.7 -3.12 13.67 9.53 -3.17 13.96 9.96 -3.66 13.92
3 16 9.97 -4.23 13.5 10.92 -3.41 13.7 9.96 -3.66 13.92
3 16 9.97 -4.23 13.5 10.94 -4.6 12.56 10.92 -3.41 13.7
3 16 11.73 -3.87 12.69 10.94 -4.6 12.56 11.73 -4.22 12.01
3 16 11.73 -3.87 12.69 10.92 -3.41 13.7 10.94 -4.6 12.56
3 16 9.9 -2.56 13.35 11.24 -2.78 13.15 10.89 -2.11 12.64
3 16 9.9 -2.56 13.35 10.7 -3.12 13.67 11.24 -2.78 13.15
4 16 9.24 -2.57 13.5 9.53 -3.17 13.96 10.7 -3.12 13.67 9.9 -2.56 13.35
3 16 9.97 -4.23 13.5 10.43 -4.97 12.37 10.94 -4.6 12.56
3 16 3.83 -6.41 14.81 3.44 -5.89 15.93 3.4 -6.33 15.32
3 16 3.83 -6.41 14.81 4.72 -5.69 15.55 3.44 -5.89 15.93
3 16 4.72 -5.69 15.55 3.83 -6.41 14.81 4.58 -6.26 14.47
3 16 4.72 -5.69 15.55 3.39 -5.48 16.47 3.44 -5.89 15.93
3 16 4.72 -5.69 15.55 5.04 -4.73 15.9 3.39 -5.48 16.47
3 16 5.04 -4.73 15.9 4.72 -5.69 15.55 5.84 -5.01 15.29
3 16 5.84 -5.01 15.29 4.72 -5.69 15.55 5.87 -5.4 14.96
3 16 5.87 -5.4 14.96 4.72 -5.69 15.55 4.58 -6.26 14.47
3 16 5.04 -4.73 15.9 5.84 -5.01 15.29 5.56 -4.05 15.73
3 16 5.87 -5.4 14.96 4.58 -6.26 14.47 5.71 -6.02 14.13
3 16 13.05 -5.18 9.05 11.6 -5.21 9.58 12.17 -5.6 8.89
3 16 11.1 -5.25 8.42 12.17 -5.6 8.89 11.6 -5.21 9.58
3 16 11.1 -5.25 8.42 11.6 -5.21 9.58 10.88 -5 8.91
3 16 13.05 -5.18 9.05 12.41 -4.5 10.15 11.6 -5.21 9.58
3 16 13.05 -5.18 9.05 12.98 -4.28 10.01 12.41 -4.5 10.15
3 16 13.28 -5.22 8.48 13.05 -5.18 9.05 12.17 -5.6 8.89
3 16 13.05 -5.18 9.05 13.28 -5.22 8.48 13.5 -4.76 8.55
3 16 13.5 -4.76 8.55 13.28 -5.22 8.48 13.34 -4.91 7.31
3 16 12.35 -5.7 7.9 13.34 -4.91 7.31 13.28 -5.22 8.48
3 16 13.28 -5.22 8.48 12.17 -5.6 8.89 12.35 -5.7 7.9
3 16 12.35 -5.7 7.9 12.17 -5.6 8.89 11.1 -5.25 8.42
3 16 11.67 -5.3 6 12.35 -5.7 7.9 11.1 -5.25 8.42
3 16 11.67 -5.3 6 12.53 -5.16 6.27 12.35 -5.7 7.9
3 16 12.53 -5.16 6.27 13.34 -4.91 7.31 12.35 -5.7 7.9
3 16 13.98 -4.09 7.24 13.5 -4.76 8.55 13.34 -4.91 7.31
3 16 13.98 -4.09 7.24 13.8 -3.74 8.4 13.5 -4.76 8.55
3 16 12.53 -5.16 6.27 13.46 -4.82 6.72 13.34 -4.91 7.31
3 16 13.98 -4.09 7.24 13.34 -4.91 7.31 13.46 -4.82 6.72
3 16 13.64 -3.79 9.32 13.5 -4.76 8.55 13.8 -3.74 8.4
3 16 13.64 -3.79 9.32 13.05 -5.18 9.05 13.5 -4.76 8.55
3 16 13.64 -3.79 9.32 12.98 -4.28 10.01 13.05 -5.18 9.05
3 16 13.8 -3.74 8.4 13.8 -3.09 8.94 13.64 -3.79 9.32
3 16 15.28 -6.26 -1.7 14.97 -6.42 -2.39 15.16 -6.01 -2.79
3 16 15.28 -6.26 -1.7 14.45 -6.57 -2.4 14.97 -6.42 -2.39
3 16 15.16 -6.01 -2.79 14.97 -6.42 -2.39 14.45 -6.57 -2.4
3 16 15.28 -6.26 -1.7 14.16 -6.36 -0.96 14.45 -6.57 -2.4
3 16 14.16 -6.36 -0.96 15.28 -6.26 -1.7 14.98 -5.79 -0.43
3 16 14.98 -5.79 -0.43 15.28 -6.26 -1.7 16.26 -4.7 -0.78
3 16 16.26 -4.7 -0.78 15.68 -4.07 0.26 14.98 -5.79 -0.43
3 16 15.68 -4.07 0.26 16.26 -4.7 -0.78 15.89 -2.71 -0.93
3 16 15.68 -4.07 0.26 15.89 -2.71 -0.93 15.65 -2.94 -0.14
3 16 14.98 -5.79 -0.43 15.68 -4.07 0.26 15.39 -5.02 0.18
3 16 15.16 -6.01 -2.79 14.45 -6.57 -2.4 14.35 -6.02 -3.28
3 16 14.35 -6.02 -3.28 14.65 -4.58 -3.39 15.16 -6.01 -2.79
3 16 14.65 -4.58 -3.39 16.13 -4.47 -1.83 15.16 -6.01 -2.79
3 16 16.13 -4.47 -1.83 15.89 -2.71 -0.93 16.26 -4.7 -0.78
4 16 16.26 -4.7 -0.78 15.28 -6.26 -1.7 15.16 -6.01 -2.79 16.13 -4.47 -1.83
3 16 14.65 -4.58 -3.39 14.92 -3.76 -3.12 16.13 -4.47 -1.83
3 16 16.13 -4.47 -1.83 14.92 -3.76 -3.12 15.41 -2.9 -2.19
3 16 16.13 -4.47 -1.83 15.41 -2.9 -2.19 15.89 -2.71 -0.93
3 16 7.03 -8.4 -9.95 9.21 -8.24 -9.49 8.65 -8.59 -8.92
3 16 9.21 -8.24 -9.49 9.28 -8.4 -8.28 8.65 -8.59 -8.92
3 16 9.21 -8.24 -9.49 7.03 -8.4 -9.95 7.78 -7.81 -10.46
3 16 9.21 -8.24 -9.49 7.78 -7.81 -10.46 9.7 -6.9 -10.01
3 16 10.16 -7.23 -9.06 9.21 -8.24 -9.49 9.7 -6.9 -10.01
4 16 9.21 -8.24 -9.49 10.16 -7.23 -9.06 10.1 -7.63 -7.33 9.28 -8.4 -8.28
4 16 8.65 -8.59 -8.92 9.28 -8.4 -8.28 8.4 -8.44 -7.28 7.44 -8.71 -7.96
3 16 9.28 -8.4 -8.28 9.41 -8 -6.72 8.4 -8.44 -7.28
3 16 9.41 -8 -6.72 9.28 -8.4 -8.28 10.1 -7.63 -7.33
3 16 7.44 -8.71 -7.96 6.93 -8.66 -9.19 8.65 -8.59 -8.92
3 16 8.65 -8.59 -8.92 6.93 -8.66 -9.19 7.03 -8.4 -9.95
3 16 9.94 -4.57 -10.87 10.19 -6.04 -10.01 10.04 -6.07 -11.3
3 16 9.94 -4.57 -10.87 10.18 -4.78 -9.94 10.19 -6.04 -10.01
3 16 9.08 -5.65 -12.25 9.94 -4.57 -10.87 10.04 -6.07 -11.3
3 16 9.08 -5.65 -12.25 8.85 -4.31 -12.26 9.94 -4.57 -10.87
3 16 9.08 -5.65 -12.25 7.75 -4.64 -12.75 8.85 -4.31 -12.26
3 16 7.72 -5.48 -12.64 7.75 -4.64 -12.75 9.08 -5.65 -12.25
3 16 10.04 -6.07 -11.3 10.19 -6.04 -10.01 9.58 -6.79 -10.56
3 16 10.19 -6.04 -10.01 9.7 -6.9 -10.01 9.58 -6.79 -10.56
3 16 10.16 -7.23 -9.06 9.7 -6.9 -10.01 10.19 -6.04 -10.01
3 16 10.04 -6.07 -11.3 9.58 -6.79 -10.56 9.57 -6.8 -11.52
3 16 9.08 -5.65 -12.25 10.04 -6.07 -11.3 9.57 -6.8 -11.52
3 16 8.54 -6.41 -12.44 7.72 -5.48 -12.64 9.08 -5.65 -12.25
3 16 9.08 -5.65 -12.25 9.57 -6.8 -11.52 8.54 -6.41 -12.44
3 16 8.54 -6.41 -12.44 7.52 -6.24 -12.55 7.72 -5.48 -12.64
3 16 8.54 -6.41 -12.44 7.75 -7.32 -12.11 7.52 -6.24 -12.55
3 16 8.86 -7.18 -11.69 8.54 -6.41 -12.44 9.57 -6.8 -11.52
3 16 8.86 -7.18 -11.69 7.75 -7.32 -12.11 8.54 -6.41 -12.44
3 16 8.86 -7.18 -11.69 9.57 -6.8 -11.52 9.58 -6.79 -10.56
3 16 7.78 -7.81 -10.46 9.58 -6.79 -10.56 9.7 -6.9 -10.01
3 16 9.58 -6.79 -10.56 7.78 -7.81 -10.46 8.86 -7.18 -11.69
3 16 7.75 -7.32 -12.11 8.86 -7.18 -11.69 7.78 -7.81 -10.46
3 16 12.68 -5.21 -7.41 12.5 -4.17 -7.55 13.03 -4.77 -6.46
3 16 12.68 -5.21 -7.41 12.54 -5.45 -8.36 12.5 -4.17 -7.55
3 16 11.71 -4 -8.86 12.5 -4.17 -7.55 12.54 -5.45 -8.36
3 16 11.71 -4 -8.86 12.54 -5.45 -8.36 12.01 -5.29 -9.27
3 16 12.54 -5.45 -8.36 12.68 -5.21 -7.41 11.53 -7.12 -6.76
3 16 12.54 -5.45 -8.36 11.53 -7.12 -6.76 11.23 -7.25 -8.14
3 16 10.1 -7.63 -7.33 11.23 -7.25 -8.14 11.53 -7.12 -6.76
3 16 11.23 -7.25 -8.14 10.1 -7.63 -7.33 10.16 -7.23 -9.06
3 16 11.23 -7.25 -8.14 10.16 -7.23 -9.06 10.84 -6.38 -9.58
3 16 10.84 -6.38 -9.58 12.54 -5.45 -8.36 11.23 -7.25 -8.14
3 16 10.84 -6.38 -9.58 12.01 -5.29 -9.27 12.54 -5.45 -8.36
3 16 10.16 -7.23 -9.06 10.19 -6.04 -10.01 10.84 -6.38 -9.58
3 16 10.19 -6.04 -10.01 10.18 -4.78 -9.94 10.84 -6.38 -9.58
3 16 10.18 -4.78 -9.94 12.01 -5.29 -9.27 10.84 -6.38 -9.58
3 16 12.68 -5.21 -7.41 12.15 -6.9 -6.08 11.53 -7.12 -6.76
3 16 12.68 -5.21 -7.41 13.03 -4.77 -6.46 12.15 -6.9 -6.08
3 16 10.61 -4.35 -9.5 11.71 -4 -8.86 12.01 -5.29 -9.27
3 16 10.18 -4.78 -9.94 10.61 -4.35 -9.5 12.01 -5.29 -9.27
3 16 11.91 -7.44 -3.44 10.96 -8.52 -4.58 12.57 -6.99 -5.25
3 16 12.57 -6.99 -5.25 10.96 -8.52 -4.58 11.15 -8.11 -6
3 16 12.7 -6.98 -3.93 11.91 -7.44 -3.44 12.57 -6.99 -5.25
3 16 10.96 -8.52 -4.58 11.91 -7.44 -3.44 11.02 -7.32 -3.06
3 16 10.96 -8.52 -4.58 11.02 -7.32 -3.06 10.24 -7.58 -3.26
3 16 9.41 -8.14 -4.94 10.96 -8.52 -4.58 10.24 -7.58 -3.26
3 16 9.41 -8.14 -4.94 10.54 -8.58 -5.26 10.96 -8.52 -4.58
3 16 10.96 -8.52 -4.58 10.54 -8.58 -5.26 11.15 -8.11 -6
3 16 10.37 -8.35 -6 11.15 -8.11 -6 10.54 -8.58 -5.26
3 16 10.37 -8.35 -6 10.54 -8.58 -5.26 9.41 -8.14 -4.94
3 16 9.54 -8.11 -5.95 10.37 -8.35 -6 9.41 -8.14 -4.94
3 16 10.1 -7.63 -7.33 11.15 -8.11 -6 10.37 -8.35 -6
3 16 10.1 -7.63 -7.33 11.53 -7.12 -6.76 11.15 -8.11 -6
3 16 10.37 -8.35 -6 9.41 -8 -6.72 10.1 -7.63 -7.33
3 16 10.37 -8.35 -6 9.54 -8.11 -5.95 9.41 -8 -6.72
3 16 12.15 -6.9 -6.08 11.15 -8.11 -6 11.53 -7.12 -6.76
3 16 11.15 -8.11 -6 12.15 -6.9 -6.08 12.57 -6.99 -5.25
3 16 13.48 -7.18 -2.97 13.52 -6.65 -3.69 14.35 -6.02 -3.28
3 16 14.08 -6.73 -2.1 13.77 -6.62 -1.23 12.7 -7.26 -0.96
3 16 12.7 -7.26 -0.96 13.48 -7.18 -2.97 14.08 -6.73 -2.1
3 16 13.77 -6.62 -1.23 13.06 -6.63 -0.52 12.7 -7.26 -0.96
3 16 12.28 -7.56 -2.91 13.48 -7.18 -2.97 12.7 -7.26 -0.96
3 16 12.28 -7.56 -2.91 12.7 -7.26 -0.96 12.24 -7.42 -1.23
3 16 13.48 -7.18 -2.97 12.7 -6.98 -3.93 13.52 -6.65 -3.69
3 16 12.28 -7.56 -2.91 12.7 -6.98 -3.93 13.48 -7.18 -2.97
3 16 12.28 -7.56 -2.91 11.91 -7.44 -3.44 12.7 -6.98 -3.93
3 16 11.84 -7.49 -2.02 11.91 -7.44 -3.44 12.28 -7.56 -2.91
3 16 12.24 -7.42 -1.23 11.84 -7.49 -2.02 12.28 -7.56 -2.91
3 16 14.16 -6.36 -0.96 13.06 -6.63 -0.52 13.77 -6.62 -1.23
3 16 14.08 -6.73 -2.1 14.16 -6.36 -0.96 13.77 -6.62 -1.23
3 16 14.16 -6.36 -0.96 12.86 -6.43 0.13 13.06 -6.63 -0.52
3 16 14.08 -6.73 -2.1 14.45 -6.57 -2.4 14.16 -6.36 -0.96
3 16 14.08 -6.73 -2.1 14.35 -6.02 -3.28 14.45 -6.57 -2.4
3 16 14.35 -6.02 -3.28 14.08 -6.73 -2.1 13.48 -7.18 -2.97
3 16 12.7 -7.26 -0.96 11.45 -7 -0.63 12.24 -7.42 -1.23
3 16 12.7 -7.26 -0.96 11.94 -6.68 -0.08 11.45 -7 -0.63
3 16 13.06 -6.63 -0.52 11.94 -6.68 -0.08 12.7 -7.26 -0.96
3 16 13.06 -6.63 -0.52 12.43 -6.41 0.2 11.94 -6.68 -0.08
3 16 12.86 -6.43 0.13 12.43 -6.41 0.2 13.06 -6.63 -0.52
3 16 12.86 -6.43 0.13 12.49 -6.28 0.77 12.43 -6.41 0.2
3 16 12.24 -7.42 -1.23 10.97 -7.1 -1.21 11.84 -7.49 -2.02
3 16 12.24 -7.42 -1.23 11.45 -7 -0.63 10.97 -7.1 -1.21
3 16 11.84 -7.49 -2.02 11.02 -7.32 -3.06 11.91 -7.44 -3.44
3 16 11.84 -7.49 -2.02 10.95 -7.24 -2.31 11.02 -7.32 -3.06
3 16 10.91 -7.12 -1.73 11.84 -7.49 -2.02 10.97 -7.1 -1.21
3 16 10.91 -7.12 -1.73 10.95 -7.24 -2.31 11.84 -7.49 -2.02
3 16 14.7 -3.43 4.95 15.68 -3.53 3.65 14.83 -2.58 4.9
3 16 15.68 -3.53 3.65 14.7 -3.43 4.95 14.83 -4.3 3.9
3 16 15.68 -3.53 3.65 15 -2.34 4.22 14.83 -2.58 4.9
3 16 15 -2.34 4.22 15.68 -3.53 3.65 15.37 -1.94 2.54
3 16 15.72 -3.96 0.73 15.37 -1.94 2.54 15.68 -3.53 3.65
3 16 15.72 -3.96 0.73 15.48 -3.02 0.83 15.37 -1.94 2.54
3 16 15.34 -4.88 1.18 15.72 -3.96 0.73 15.68 -3.53 3.65
3 16 14.56 -4.96 2.47 15.68 -3.53 3.65 14.83 -4.3 3.9
3 16 14.56 -4.96 2.47 15.34 -4.88 1.18 15.68 -3.53 3.65
3 16 14.83 -4.3 3.9 14.58 -4.8 5.29 13.98 -5.56 3.84
3 16 13.98 -5.56 3.84 14.56 -4.96 2.47 14.83 -4.3 3.9
3 16 13.4 -5.53 2.83 14.56 -4.96 2.47 13.98 -5.56 3.84
3 16 12.54 -5.69 3.74 13.4 -5.53 2.83 13.98 -5.56 3.84
3 16 12.54 -5.69 3.74 13.98 -5.56 3.84 13.41 -5.83 4.31
3 16 14.58 -4.8 5.29 14.83 -4.3 3.9 14.7 -3.43 4.95
3 16 14.7 -3.43 4.95 14.2 -4.9 6.06 14.58 -4.8 5.29
3 16 14.7 -3.43 4.95 13.98 -4.09 7.24 14.2 -4.9 6.06
3 16 14.2 -4.9 6.06 13.98 -4.09 7.24 13.46 -4.82 6.72
3 16 12.53 -5.16 6.27 14.2 -4.9 6.06 13.46 -4.82 6.72
3 16 13.61 -5.62 5.12 13.41 -5.83 4.31 13.98 -5.56 3.84
3 16 12.54 -5.69 3.74 13.41 -5.83 4.31 13.61 -5.62 5.12
3 16 12.53 -5.16 6.27 11.83 -5.37 5 13.61 -5.62 5.12
3 16 12.54 -5.69 3.74 13.61 -5.62 5.12 11.83 -5.37 5
3 16 12.53 -5.16 6.27 11.67 -5.3 6 11.83 -5.37 5
4 16 12.53 -5.16 6.27 13.61 -5.62 5.12 14.29 -5.23 5.5 14.2 -4.9 6.06
3 16 14.2 -4.9 6.06 14.29 -5.23 5.5 14.58 -4.8 5.29
3 16 14.58 -4.8 5.29 14.29 -5.23 5.5 13.98 -5.56 3.84
3 16 13.61 -5.62 5.12 13.98 -5.56 3.84 14.29 -5.23 5.5
3 16 11.98 -4.82 11.11 11.03 -5.83 11.12 11.74 -5.38 10.3
3 16 12.41 -4.5 10.15 11.98 -4.82 11.11 11.74 -5.38 10.3
3 16 12.41 -4.5 10.15 12.38 -4.17 10.81 11.98 -4.82 11.11
3 16 11.98 -4.82 11.11 12.38 -4.17 10.81 12.07 -3.65 11.53
3 16 11.98 -4.82 11.11 12.07 -3.65 11.53 11.73 -4.22 12.01
3 16 11 -5.61 11.52 11.98 -4.82 11.11 11.73 -4.22 12.01
3 16 11.98 -4.82 11.11 11 -5.61 11.52 11.03 -5.83 11.12
3 16 11 -5.61 11.52 11.73 -4.22 12.01 10.94 -4.6 12.56
3 16 10.43 -4.97 12.37 11 -5.61 11.52 10.94 -4.6 12.56
3 16 10.43 -4.97 12.37 10.01 -5.47 11.73 11 -5.61 11.52
3 16 10.01 -5.47 11.73 11.03 -5.83 11.12 11 -5.61 11.52
3 16 12.41 -4.5 10.15 11.74 -5.38 10.3 11.6 -5.21 9.58
3 16 11.6 -5.21 9.58 11.74 -5.38 10.3 11.14 -5.82 10.39
3 16 11.74 -5.38 10.3 11.03 -5.83 11.12 11.14 -5.82 10.39
3 16 11.6 -5.21 9.58 11.14 -5.82 10.39 10.4 -5.2 9.55
3 16 11.6 -5.21 9.58 10.4 -5.2 9.55 10.88 -5 8.91
3 16 11.14 -5.82 10.39 10.03 -5.39 9.95 10.4 -5.2 9.55
3 16 11.14 -5.82 10.39 10.01 -5.66 10.7 10.03 -5.39 9.95
3 16 11.14 -5.82 10.39 11.03 -5.83 11.12 10.01 -5.66 10.7
3 16 10.01 -5.47 11.73 10.01 -5.66 10.7 11.03 -5.83 11.12
3 16 9.11 -5.86 12.86 9.21 -5.29 13.75 8.35 -5.3 13.98
3 16 9.11 -5.86 12.86 9.93 -5.16 13.18 9.21 -5.29 13.75
3 16 9.11 -5.86 12.86 9.6 -5.73 12.73 9.93 -5.16 13.18
3 16 8.35 -5.3 13.98 7.72 -5.7 12.93 9.11 -5.86 12.86
3 16 10.43 -4.97 12.37 9.93 -5.16 13.18 9.6 -5.73 12.73
3 16 9.93 -5.16 13.18 10.43 -4.97 12.37 9.97 -4.23 13.5
3 16 9.21 -5.29 13.75 9.93 -5.16 13.18 9.97 -4.23 13.5
3 16 10.43 -4.97 12.37 9.6 -5.73 12.73 10.01 -5.47 11.73
3 16 7.72 -5.7 12.93 8.24 -5.81 12.28 9.11 -5.86 12.86
3 16 8.24 -5.81 12.28 8.97 -5.68 11.75 9.11 -5.86 12.86
3 16 8.97 -5.68 11.75 9.6 -5.73 12.73 9.11 -5.86 12.86
3 16 8.97 -5.68 11.75 10.01 -5.47 11.73 9.6 -5.73 12.73
3 16 9.21 -5.29 13.75 8.64 -4.43 14.47 8.35 -5.3 13.98
3 16 9.21 -5.29 13.75 9.6 -3.98 14.39 8.64 -4.43 14.47
3 16 9.21 -5.29 13.75 9.97 -4.23 13.5 9.6 -3.98 14.39
3 16 9.53 -3.17 13.96 8.37 -2.49 14.43 8.75 -3.1 14.76
3 16 9.53 -3.17 13.96 9.24 -2.57 13.5 8.37 -2.49 14.43
3 16 7.59 -2.73 15.02 8.75 -3.1 14.76 8.37 -2.49 14.43
3 16 6.8 -3.53 15.7 8.75 -3.1 14.76 7.59 -2.73 15.02
3 16 6.8 -3.53 15.7 7.59 -2.73 15.02 6.96 -3.05 15.32
3 16 8.03 -4.59 14.78 8.64 -4.43 14.47 9.6 -3.98 14.39
3 16 8.03 -4.59 14.78 9.6 -3.98 14.39 8.99 -3.61 14.96
3 16 8.99 -3.61 14.96 7.72 -3.83 15.33 8.03 -4.59 14.78
3 16 3.35 -5.02 16.97 4.63 -3.78 16.48 3.29 -4.47 17.33
3 16 3.29 -4.47 17.33 4.63 -3.78 16.48 4.06 -3.18 16.52
3 16 3.29 -4.47 17.33 4.06 -3.18 16.52 3.03 -3.63 17.3
3 16 5.04 -4.73 15.9 4.63 -3.78 16.48 3.35 -5.02 16.97
3 16 5.04 -4.73 15.9 3.35 -5.02 16.97 3.39 -5.48 16.47
3 16 5.56 -4.05 15.73 4.63 -3.78 16.48 5.04 -4.73 15.9
3 16 5.56 -4.05 15.73 5.52 -3.19 15.85 4.63 -3.78 16.48
3 16 5.52 -3.19 15.85 4.06 -3.18 16.52 4.63 -3.78 16.48
3 16 8.85 -4.31 -12.26 7.16 -4.05 -13.22 8.82 -2.59 -12.79
3 16 8.85 -4.31 -12.26 7.75 -4.64 -12.75 7.16 -4.05 -13.22
3 16 10.08 -2.5 -11.59 8.85 -4.31 -12.26 8.82 -2.59 -12.79
3 16 10.08 -2.5 -11.59 9.94 -4.57 -10.87 8.85 -4.31 -12.26
3 16 8.82 -2.59 -12.79 9.32 -0.67 -11.86 10.08 -2.5 -11.59
3 16 8.82 -2.59 -12.79 8.26 -0.39 -12.73 9.32 -0.67 -11.86
3 16 6.88 -1.24 -13.23 8.26 -0.39 -12.73 8.82 -2.59 -12.79
3 16 7.16 -4.05 -13.22 6.88 -1.24 -13.23 8.82 -2.59 -12.79
3 16 6.88 -1.24 -13.23 7.37 0.76 -12.49 8.26 -0.39 -12.73
3 16 6.88 -1.24 -13.23 6.24 0.81 -12.92 7.37 0.76 -12.49
3 16 10.51 -0.75 -10.4 10.08 -2.5 -11.59 9.32 -0.67 -11.86
3 16 9.32 -0.67 -11.86 9.44 0.57 -10.8 10.51 -0.75 -10.4
3 16 10.51 -0.75 -10.4 10.66 -2.13 -10.17 10.08 -2.5 -11.59
3 16 9.94 -4.57 -10.87 10.08 -2.5 -11.59 10.66 -2.13 -10.17
3 16 9.94 -4.57 -10.87 10.66 -2.13 -10.17 10.18 -4.78 -9.94
4 16 8.26 -0.39 -12.73 8.32 0.85 -11.71 9.44 0.57 -10.8 9.32 -0.67 -11.86
3 16 7.37 0.76 -12.49 8.32 0.85 -11.71 8.26 -0.39 -12.73
3 16 10.61 -4.35 -9.5 10.18 -4.78 -9.94 10.66 -2.13 -10.17
3 16 7.16 -4.05 -13.22 5.99 -4.87 -14.33 5.78 -3.81 -13.99
3 16 7.16 -4.05 -13.22 7.06 -5.32 -13.83 5.99 -4.87 -14.33
3 16 7.16 -4.05 -13.22 7.75 -4.64 -12.75 7.06 -5.32 -13.83
3 16 5.08 -4.08 -14.26 5.78 -3.81 -13.99 5.99 -4.87 -14.33
3 16 5.08 -4.08 -14.26 5.99 -4.87 -14.33 4.97 -4.83 -14.68
3 16 4.59 -4.5 -14.71 5.08 -4.08 -14.26 4.97 -4.83 -14.68
3 16 4.97 -5.64 -14.63 4.59 -4.5 -14.71 4.97 -4.83 -14.68
3 16 5.99 -4.87 -14.33 4.97 -5.64 -14.63 4.97 -4.83 -14.68
3 16 5.99 -4.87 -14.33 7.06 -5.32 -13.83 4.97 -5.64 -14.63
3 16 4.97 -5.64 -14.63 3.93 -5.75 -14.6 4.59 -4.5 -14.71
3 16 7.06 -5.32 -13.83 7.75 -4.64 -12.75 7.72 -5.48 -12.64
3 16 7.06 -5.32 -13.83 7.72 -5.48 -12.64 6.99 -5.78 -13.71
3 16 4.97 -5.64 -14.63 7.06 -5.32 -13.83 6.99 -5.78 -13.71
3 16 5 -6.05 -14.43 3.93 -5.75 -14.6 4.97 -5.64 -14.63
3 16 4.97 -5.64 -14.63 6.99 -5.78 -13.71 5 -6.05 -14.43
3 16 5 -6.05 -14.43 4.33 -6.43 -14.01 3.93 -5.75 -14.6
3 16 4.69 -6.76 -13.59 4.33 -6.43 -14.01 5 -6.05 -14.43
3 16 4.69 -6.76 -13.59 5 -6.05 -14.43 5.73 -6.62 -13.83
3 16 6.99 -5.78 -13.71 5.73 -6.62 -13.83 5 -6.05 -14.43
3 16 5.39 -6.98 -13.33 4.69 -6.76 -13.59 5.73 -6.62 -13.83
3 16 6.35 -6.59 -13.44 5.39 -6.98 -13.33 5.73 -6.62 -13.83
3 16 6.99 -5.78 -13.71 6.35 -6.59 -13.44 5.73 -6.62 -13.83
3 16 7.52 -6.24 -12.55 6.99 -5.78 -13.71 7.72 -5.48 -12.64
3 16 7.52 -6.24 -12.55 6.35 -6.59 -13.44 6.99 -5.78 -13.71
3 16 6.35 -6.59 -13.44 6.83 -7.46 -12.8 6.22 -7.02 -13.25
3 16 6.35 -6.59 -13.44 7.52 -6.24 -12.55 6.83 -7.46 -12.8
3 16 5.39 -6.98 -13.33 6.35 -6.59 -13.44 6.22 -7.02 -13.25
3 16 4.88 -7.34 -12.79 5.39 -6.98 -13.33 6.22 -7.02 -13.25
3 16 4.88 -7.34 -12.79 6.22 -7.02 -13.25 5.3 -8.1 -12.13
3 16 6.83 -7.46 -12.8 5.3 -8.1 -12.13 6.22 -7.02 -13.25
3 16 7.52 -6.24 -12.55 7.75 -7.32 -12.11 6.83 -7.46 -12.8
3 16 4.64 -7.58 -11.86 4.88 -7.34 -12.79 5.3 -8.1 -12.13
3 16 4.93 -7.99 -11.13 4.64 -7.58 -11.86 5.3 -8.1 -12.13
3 16 4.93 -7.99 -11.13 5.3 -8.1 -12.13 5.55 -8.53 -11.56
3 16 5.27 -8.41 -10.27 4.93 -7.99 -11.13 5.55 -8.53 -11.56
3 16 5.27 -8.41 -10.27 5.55 -8.53 -11.56 6.53 -8.58 -10.68
3 16 5.27 -8.41 -10.27 6.53 -8.58 -10.68 7.03 -8.4 -9.95
3 16 6.42 -8.58 -11.67 5.55 -8.53 -11.56 5.3 -8.1 -12.13
3 16 6.42 -8.58 -11.67 6.53 -8.58 -10.68 5.55 -8.53 -11.56
3 16 6.42 -8.58 -11.67 5.3 -8.1 -12.13 6.96 -7.97 -12.41
3 16 6.83 -7.46 -12.8 6.96 -7.97 -12.41 5.3 -8.1 -12.13
3 16 7.75 -7.32 -12.11 6.96 -7.97 -12.41 6.83 -7.46 -12.8
3 16 6.53 -8.58 -10.68 6.42 -8.58 -11.67 6.96 -7.97 -12.41
4 16 7.03 -8.4 -9.95 6.53 -8.58 -10.68 6.96 -7.97 -12.41 7.78 -7.81 -10.46
3 16 6.96 -7.97 -12.41 7.75 -7.32 -12.11 7.78 -7.81 -10.46
3 16 2.91 -6.82 -14.49 3.36 -5.41 -15.13 3.93 -5.75 -14.6
3 16 2.91 -6.82 -14.49 2.36 -5.92 -15.1 3.36 -5.41 -15.13
3 16 2.91 -6.82 -14.49 3.93 -5.75 -14.6 4.33 -6.43 -14.01
3 16 2.41 -7 -14.3 2.36 -5.92 -15.1 2.91 -6.82 -14.49
3 16 2.41 -7 -14.3 1.67 -6.01 -14.76 2.36 -5.92 -15.1
3 16 1.21 -6.43 -13.86 1.67 -6.01 -14.76 2.41 -7 -14.3
3 16 1.21 -6.43 -13.86 2.41 -7 -14.3 2.39 -7.54 -13.34
3 16 1.21 -6.43 -13.86 2.39 -7.54 -13.34 1.43 -7.1 -12.17
3 16 2.15 -7.31 -11.79 1.43 -7.1 -12.17 2.39 -7.54 -13.34
3 16 2.15 -7.31 -11.79 2.39 -7.54 -13.34 2.75 -7.78 -12.94
3 16 3.47 -7.71 -11.56 2.15 -7.31 -11.79 2.75 -7.78 -12.94
3 16 1.21 -6.43 -13.86 1.43 -7.1 -12.17 0.71 -6.74 -12.45
3 16 2.75 -7.78 -12.94 2.39 -7.54 -13.34 2.93 -7.52 -13.83
3 16 2.93 -7.52 -13.83 2.41 -7 -14.3 2.91 -6.82 -14.49
3 16 2.93 -7.52 -13.83 2.39 -7.54 -13.34 2.41 -7 -14.3
3 16 2.75 -7.78 -12.94 3.93 -7.57 -13.41 3.47 -7.71 -11.56
3 16 2.91 -6.82 -14.49 3.93 -7.57 -13.41 2.93 -7.52 -13.83
4 16 4.69 -6.76 -13.59 3.93 -7.57 -13.41 2.91 -6.82 -14.49 4.33 -6.43 -14.01
3 16 2.75 -7.78 -12.94 2.93 -7.52 -13.83 3.93 -7.57 -13.41
3 16 4.69 -6.76 -13.59 4.23 -7.46 -12.95 3.93 -7.57 -13.41
3 16 4.23 -7.46 -12.95 3.47 -7.71 -11.56 3.93 -7.57 -13.41
3 16 4.69 -6.76 -13.59 4.88 -7.34 -12.79 4.23 -7.46 -12.95
3 16 4.69 -6.76 -13.59 5.39 -6.98 -13.33 4.88 -7.34 -12.79
3 16 4.88 -7.34 -12.79 4.64 -7.58 -11.86 4.23 -7.46 -12.95
3 16 4.23 -7.46 -12.95 4.64 -7.58 -11.86 3.47 -7.71 -11.56
3 16 -0.46 -5.26 -15.44 1.29 -5.55 -15.39 -1.07 -5.92 -14.39
3 16 1.29 -5.55 -15.39 1.21 -6.43 -13.86 -1.07 -5.92 -14.39
3 16 -0.23 -6.59 -12.36 -1.07 -5.92 -14.39 1.21 -6.43 -13.86
3 16 -2.73 -5.26 -12.46 -1.07 -5.92 -14.39 -0.23 -6.59 -12.36
3 16 -2.73 -5.26 -12.46 -2.32 -5.26 -13.47 -1.07 -5.92 -14.39
3 16 -0.23 -6.59 -12.36 1.21 -6.43 -13.86 0.71 -6.74 -12.45
3 16 -3.29 -4.73 -12.75 -2.32 -5.26 -13.47 -2.73 -5.26 -12.46
3 16 -3.29 -4.73 -12.75 -2.84 -4.39 -13.72 -2.32 -5.26 -13.47
3 16 -3.29 -4.73 -12.75 -3.54 -4.35 -13.21 -2.84 -4.39 -13.72
3 16 -2.84 -4.39 -13.72 -3.54 -4.35 -13.21 -3.66 -4.1 -13.56
3 16 -2.84 -4.39 -13.72 -3.66 -4.1 -13.56 -3.42 -3.98 -14.17
3 16 -1.07 -5.92 -14.39 -2.32 -5.26 -13.47 -1.93 -5.29 -14.41
3 16 -0.46 -5.26 -15.44 -1.07 -5.92 -14.39 -1.93 -5.29 -14.41
3 16 -1.93 -5.29 -14.41 -1.32 -4.11 -15.23 -0.46 -5.26 -15.44
3 16 -1.93 -5.29 -14.41 -2.45 -4.24 -14.44 -1.32 -4.11 -15.23
3 16 -2.45 -4.24 -14.44 -2.32 -5.26 -13.47 -2.84 -4.39 -13.72
3 16 -2.45 -4.24 -14.44 -1.93 -5.29 -14.41 -2.32 -5.26 -13.47
3 16 -2.45 -4.24 -14.44 -2.84 -4.39 -13.72 -3.42 -3.98 -14.17
3 16 -2.45 -4.24 -14.44 -3.42 -3.98 -14.17 -2.66 -3.74 -14.77
3 16 -2.66 -3.74 -14.77 -1.32 -4.11 -15.23 -2.45 -4.24 -14.44
3 16 -2.66 -3.74 -14.77 -1.33 -3.44 -15.41 -1.32 -4.11 -15.23
3 16 1.58 -3.34 -15.74 -1.32 -4.11 -15.23 -1.33 -3.44 -15.41
3 16 -0.46 -5.26 -15.44 -1.32 -4.11 -15.23 1.58 -3.34 -15.74
3 16 -0.46 -5.26 -15.44 1.58 -3.34 -15.74 1.68 -4.17 -16.02
3 16 -0.46 -5.26 -15.44 1.68 -4.17 -16.02 1.29 -5.55 -15.39
3 16 1.29 -5.55 -15.39 1.67 -6.01 -14.76 1.21 -6.43 -13.86
3 16 3.3 -3.38 -15.29 2.56 -2.46 -14.95 3.13 -2.47 -14.82
3 16 3.3 -3.38 -15.29 1.68 -4.17 -16.02 2.56 -2.46 -14.95
3 16 1.58 -3.34 -15.74 2.56 -2.46 -14.95 1.68 -4.17 -16.02
3 16 3.72 -3.75 -15.19 3.3 -3.38 -15.29 3.13 -2.47 -14.82
3 16 3.72 -3.75 -15.19 3.13 -2.47 -14.82 4.59 -3.23 -14.33
3 16 3.3 -3.38 -15.29 3.15 -4.67 -15.62 1.68 -4.17 -16.02
3 16 3.3 -3.38 -15.29 3.72 -3.75 -15.19 3.15 -4.67 -15.62
3 16 3.15 -4.67 -15.62 2.13 -5.48 -15.85 1.68 -4.17 -16.02
3 16 3.36 -5.41 -15.13 2.13 -5.48 -15.85 3.15 -4.67 -15.62
3 16 3.36 -5.41 -15.13 3.15 -4.67 -15.62 3.72 -3.75 -15.19
3 16 3.36 -5.41 -15.13 2.36 -5.92 -15.1 2.13 -5.48 -15.85
3 16 1.29 -5.55 -15.39 2.13 -5.48 -15.85 2.36 -5.92 -15.1
3 16 1.68 -4.17 -16.02 2.13 -5.48 -15.85 1.29 -5.55 -15.39
3 16 1.29 -5.55 -15.39 2.36 -5.92 -15.1 1.67 -6.01 -14.76
3 16 3.36 -5.41 -15.13 3.72 -3.75 -15.19 4.59 -4.5 -14.71
3 16 3.93 -5.75 -14.6 3.36 -5.41 -15.13 4.59 -4.5 -14.71
3 16 4.59 -4.5 -14.71 3.72 -3.75 -15.19 4.59 -3.23 -14.33
3 16 4.59 -4.5 -14.71 4.59 -3.23 -14.33 5.08 -4.08 -14.26
3 16 -4.25 -3.84 -13.5 -3.42 -3.98 -14.17 -3.66 -4.1 -13.56
3 16 -3.82 -3.31 -14.77 -3.42 -3.98 -14.17 -4.25 -3.84 -13.5
3 16 -3.82 -3.31 -14.77 -4.25 -3.84 -13.5 -4.9 -3.1 -13.51
3 16 -5 -2 -14.51 -3.82 -3.31 -14.77 -4.9 -3.1 -13.51
3 16 -5 -2 -14.51 -4.9 -3.1 -13.51 -5.51 -2.15 -13.52
3 16 -5 -2 -14.51 -5.51 -2.15 -13.52 -5.42 -1.53 -14.13
3 16 -4.84 -1.36 -14.8 -5 -2 -14.51 -5.42 -1.53 -14.13
3 16 -4.84 -1.36 -14.8 -4.51 -1.9 -15 -5 -2 -14.51
3 16 -3.82 -3.31 -14.77 -5 -2 -14.51 -4.51 -1.9 -15
3 16 -4.51 -1.9 -15 -4.84 -1.36 -14.8 -4.11 -1.23 -15.38
3 16 -2.66 -3.74 -14.77 -3.42 -3.98 -14.17 -3.82 -3.31 -14.77
3 16 -3.29 -1.11 -15.71 -3.82 -3.31 -14.77 -4.51 -1.9 -15
3 16 -3.29 -1.11 -15.71 -4.51 -1.9 -15 -4.11 -1.23 -15.38
3 16 -3.29 -1.11 -15.71 -1.65 -2.48 -15.79 -3.82 -3.31 -14.77
3 16 -2.66 -3.74 -14.77 -3.82 -3.31 -14.77 -1.65 -2.48 -15.79
3 16 -2.66 -3.74 -14.77 -1.65 -2.48 -15.79 -1.33 -3.44 -15.41
3 16 1.58 -3.34 -15.74 1.52 -0.77 -15.16 2.56 -2.46 -14.95
4 16 1.58 -3.34 -15.74 0.04 -2.67 -16.17 -0.54 -1.54 -16.12 1.52 -0.77 -15.16
4 16 0.04 -2.67 -16.17 -1.65 -2.48 -15.79 -2.37 -0.43 -15.78 -0.54 -1.54 -16.12
3 16 -1.86 0.11 -15.65 -0.54 -1.54 -16.12 -2.37 -0.43 -15.78
3 16 -2.37 -0.43 -15.78 -1.65 -2.48 -15.79 -3.29 -1.11 -15.71
3 16 0.75 0.39 -14.9 -0.54 -1.54 -16.12 -1.86 0.11 -15.65
3 16 1.52 -0.77 -15.16 -0.54 -1.54 -16.12 0.75 0.39 -14.9
3 16 0.75 0.39 -14.9 -1.86 0.11 -15.65 -0.12 2.21 -13.87
3 16 -1.86 0.11 -15.65 -1.99 2.24 -13.88 -0.12 2.21 -13.87
3 16 -1.33 -3.44 -15.41 0.04 -2.67 -16.17 1.58 -3.34 -15.74
3 16 -1.33 -3.44 -15.41 -1.65 -2.48 -15.79 0.04 -2.67 -16.17
3 16 -4.48 1.27 -14.79 -5.01 0.14 -15.24 -5.55 0.97 -14.62
3 16 -4.48 1.27 -14.79 -3.68 -0.28 -15.64 -5.01 0.14 -15.24
3 16 -3.68 -0.28 -15.64 -4.48 1.27 -14.79 -3.33 1.4 -15.07
3 16 -4.56 -0.64 -15.42 -5.01 0.14 -15.24 -3.68 -0.28 -15.64
3 16 -3.68 -0.28 -15.64 -4.11 -1.23 -15.38 -4.56 -0.64 -15.42
3 16 -3.68 -0.28 -15.64 -3.29 -1.11 -15.71 -4.11 -1.23 -15.38
3 16 -3.68 -0.28 -15.64 -2.37 -0.43 -15.78 -3.29 -1.11 -15.71
3 16 -3.68 -0.28 -15.64 -3.33 1.4 -15.07 -2.37 -0.43 -15.78
3 16 -2.37 -0.43 -15.78 -3.33 1.4 -15.07 -1.86 0.11 -15.65
3 16 -3.33 1.4 -15.07 -1.99 2.24 -13.88 -1.86 0.11 -15.65
3 16 -3.33 1.4 -15.07 -3.29 2.22 -14.31 -1.99 2.24 -13.88
4 16 -3.33 1.4 -15.07 -4.48 1.27 -14.79 -4.81 2.07 -13.91 -3.29 2.22 -14.31
3 16 -5.55 0.97 -14.62 -4.81 2.07 -13.91 -4.48 1.27 -14.79
3 16 -5.55 0.97 -14.62 -6.05 1.89 -13.51 -4.81 2.07 -13.91
3 16 -6.05 1.89 -13.51 -5.55 0.97 -14.62 -6.31 0.25 -14.24
3 16 -6.05 1.89 -13.51 -6.31 0.25 -14.24 -6.97 1.15 -12.89
3 16 -4.56 -0.64 -15.42 -5.37 -0.89 -14.83 -5.7 -0.31 -15
3 16 -5.7 -0.31 -15 -5.01 0.14 -15.24 -4.56 -0.64 -15.42
3 16 -6.36 -0.73 -13.87 -5.7 -0.31 -15 -5.37 -0.89 -14.83
3 16 -6.36 -0.73 -13.87 -6.31 0.25 -14.24 -5.7 -0.31 -15
3 16 -5.55 0.97 -14.62 -5.7 -0.31 -15 -6.31 0.25 -14.24
3 16 -5.55 0.97 -14.62 -5.01 0.14 -15.24 -5.7 -0.31 -15
3 16 -4.56 -0.64 -15.42 -4.84 -1.36 -14.8 -5.37 -0.89 -14.83
3 16 -4.56 -0.64 -15.42 -4.11 -1.23 -15.38 -4.84 -1.36 -14.8
3 16 -5.42 -1.53 -14.13 -5.37 -0.89 -14.83 -4.84 -1.36 -14.8
3 16 -5.42 -1.53 -14.13 -6.36 -0.73 -13.87 -5.37 -0.89 -14.83
3 16 -6.31 0.25 -14.24 -7.42 0.4 -12.65 -6.97 1.15 -12.89
3 16 -6.31 0.25 -14.24 -6.36 -0.73 -13.87 -7.42 0.4 -12.65
3 16 1.52 -0.77 -15.16 0.75 0.39 -14.9 1.89 0.32 -14.95
3 16 0.96 2.16 -14.03 1.89 0.32 -14.95 0.75 0.39 -14.9
3 16 0.96 2.16 -14.03 0.75 0.39 -14.9 -0.12 2.21 -13.87
3 16 1.89 0.32 -14.95 0.96 2.16 -14.03 3.92 1.5 -13.58
3 16 1.89 0.32 -14.95 3.92 1.5 -13.58 3.69 -0.14 -14.38
3 16 1.89 0.32 -14.95 3.69 -0.14 -14.38 3.13 -2.47 -14.82
3 16 1.52 -0.77 -15.16 1.89 0.32 -14.95 3.13 -2.47 -14.82
3 16 3.53 2.29 -12.6 3.92 1.5 -13.58 0.96 2.16 -14.03
3 16 3.92 1.5 -13.58 3.53 2.29 -12.6 5.02 2.26 -11.86
3 16 3.92 1.5 -13.58 5.02 2.26 -11.86 5.62 1.67 -12.47
3 16 3.53 2.29 -12.6 0.96 2.16 -14.03 0.77 2.64 -13.2
4 16 -0.17 2.66 -13.1 0.77 2.64 -13.2 0.96 2.16 -14.03 -0.12 2.21 -13.87
3 16 -0.17 2.66 -13.1 0.75 2.72 -12.65 0.77 2.64 -13.2
3 16 3.53 2.29 -12.6 0.77 2.64 -13.2 0.75 2.72 -12.65
3 16 -0.17 2.66 -13.1 0 2.47 -12.62 0.75 2.72 -12.65
3 16 3.53 2.29 -12.6 0.75 2.72 -12.65 3.39 2.4 -12.04
3 16 5.02 2.26 -11.86 3.53 2.29 -12.6 3.39 2.4 -12.04
3 16 5.02 2.26 -11.86 3.39 2.4 -12.04 4.78 2.31 -11.54
3 16 1.52 -0.77 -15.16 3.13 -2.47 -14.82 2.56 -2.46 -14.95
3 16 3.13 -2.47 -14.82 5.49 -1.27 -14.2 4.59 -3.23 -14.33
3 16 3.13 -2.47 -14.82 3.69 -0.14 -14.38 5.49 -1.27 -14.2
3 16 4.59 -3.23 -14.33 5.49 -1.27 -14.2 5.78 -3.81 -13.99
3 16 4.59 -3.23 -14.33 5.78 -3.81 -13.99 5.08 -4.08 -14.26
3 16 6.88 -1.24 -13.23 5.78 -3.81 -13.99 5.49 -1.27 -14.2
3 16 5.49 -1.27 -14.2 6.24 0.81 -12.92 6.88 -1.24 -13.23
3 16 5.49 -1.27 -14.2 4.77 0.68 -13.93 6.24 0.81 -12.92
3 16 3.69 -0.14 -14.38 4.77 0.68 -13.93 5.49 -1.27 -14.2
3 16 3.69 -0.14 -14.38 3.92 1.5 -13.58 4.77 0.68 -13.93
3 16 4.77 0.68 -13.93 5.62 1.67 -12.47 6.24 0.81 -12.92
3 16 4.77 0.68 -13.93 3.92 1.5 -13.58 5.62 1.67 -12.47
3 16 6.88 -1.24 -13.23 7.16 -4.05 -13.22 5.78 -3.81 -13.99
3 16 10.66 -2.13 -10.17 12.03 -0.85 -9.58 12.05 -2.07 -9.48
3 16 10.66 -2.13 -10.17 10.51 -0.75 -10.4 12.03 -0.85 -9.58
3 16 12.05 -2.07 -9.48 12.03 -0.85 -9.58 12.37 -0.05 -8.82
3 16 12.37 -0.05 -8.82 12.03 -0.85 -9.58 11.25 0.19 -9.85
3 16 12.05 -2.07 -9.48 12.37 -0.05 -8.82 12.8 -3.06 -7.79
3 16 12.8 -3.06 -7.79 11.71 -4 -8.86 12.05 -2.07 -9.48
3 16 10.66 -2.13 -10.17 12.05 -2.07 -9.48 11.71 -4 -8.86
3 16 12.8 -3.06 -7.79 12.5 -4.17 -7.55 11.71 -4 -8.86
3 16 12.37 -0.05 -8.82 11.25 0.19 -9.85 11.7 0.84 -9.02
3 16 10.66 -2.13 -10.17 11.71 -4 -8.86 10.61 -4.35 -9.5
4 16 12.03 -0.85 -9.58 10.51 -0.75 -10.4 9.44 0.57 -10.8 11.25 0.19 -9.85
3 16 10.7 2.39 -8.93 11.25 0.19 -9.85 9.44 0.57 -10.8
3 16 11.25 0.19 -9.85 10.7 2.39 -8.93 11.7 0.84 -9.02
3 16 10.7 2.39 -8.93 9.44 0.57 -10.8 8.72 1.68 -10.5
3 16 9.2 2.64 -9.34 10.7 2.39 -8.93 8.72 1.68 -10.5
3 16 9.2 2.64 -9.34 8.72 1.68 -10.5 7.08 2.14 -10.68
3 16 10.19 3.19 -8.22 10.7 2.39 -8.93 9.2 2.64 -9.34
3 16 5.62 1.67 -12.47 7.08 2.14 -10.68 8.72 1.68 -10.5
3 16 5.62 1.67 -12.47 5.02 2.26 -11.86 7.08 2.14 -10.68
3 16 9.44 0.57 -10.8 8.32 0.85 -11.71 8.72 1.68 -10.5
3 16 7.37 0.76 -12.49 8.72 1.68 -10.5 8.32 0.85 -11.71
3 16 7.37 0.76 -12.49 5.62 1.67 -12.47 8.72 1.68 -10.5
3 16 7.37 0.76 -12.49 6.24 0.81 -12.92 5.62 1.67 -12.47
3 16 7.08 2.14 -10.68 5.02 2.26 -11.86 4.78 2.31 -11.54
3 16 7.08 2.14 -10.68 4.78 2.31 -11.54 6.98 2.2 -10.35
3 16 9.2 2.64 -9.34 7.08 2.14 -10.68 6.98 2.2 -10.35
3 16 9.2 2.64 -9.34 6.98 2.2 -10.35 9.1 2.79 -9.07
3 16 10.19 3.19 -8.22 9.2 2.64 -9.34 9.1 2.79 -9.07
3 16 10.19 3.19 -8.22 9.1 2.79 -9.07 10.18 3.25 -8.05
3 16 11.7 0.84 -9.02 10.7 2.39 -8.93 11.75 2.26 -8.47
3 16 13.05 0.51 -8.37 11.7 0.84 -9.02 11.75 2.26 -8.47
3 16 13.05 0.51 -8.37 12.37 -0.05 -8.82 11.7 0.84 -9.02
3 16 13.05 0.51 -8.37 12.8 -3.06 -7.79 12.37 -0.05 -8.82
3 16 13.05 0.51 -8.37 13.58 -3.24 -7.14 12.8 -3.06 -7.79
3 16 12.5 -4.17 -7.55 12.8 -3.06 -7.79 13.58 -3.24 -7.14
3 16 12.5 -4.17 -7.55 13.58 -3.24 -7.14 13.03 -4.77 -6.46
3 16 13.05 0.51 -8.37 11.75 2.26 -8.47 11.73 2.84 -7.96
3 16 11.73 2.84 -7.96 11.75 2.26 -8.47 10.7 2.39 -8.93
3 16 13.05 0.51 -8.37 11.73 2.84 -7.96 14.08 0.79 -6.57
3 16 14.54 -3.96 -5.04 13.03 -4.77 -6.46 13.58 -3.24 -7.14
3 16 14.54 -3.96 -5.04 13.58 -3.24 -7.14 14.78 -1.75 -6.09
3 16 14.78 -1.75 -6.09 13.05 0.51 -8.37 14.08 0.79 -6.57
3 16 14.78 -1.75 -6.09 13.58 -3.24 -7.14 13.05 0.51 -8.37
3 16 14.78 -1.75 -6.09 14.08 0.79 -6.57 15.05 -1.43 -5.38
3 16 14.78 -1.75 -6.09 15.05 -2.85 -4.67 14.54 -3.96 -5.04
3 16 14.78 -1.75 -6.09 15.05 -1.43 -5.38 15.05 -2.85 -4.67
3 16 14.74 -4.07 -4.03 14.54 -3.96 -5.04 15.05 -2.85 -4.67
3 16 11.73 2.84 -7.96 10.7 2.39 -8.93 10.19 3.19 -8.22
3 16 15.05 -1.43 -5.38 15.62 -1.67 -2.79 15.05 -2.85 -4.67
3 16 15.05 -1.43 -5.38 15.46 0.82 -4.96 15.62 -1.67 -2.79
3 16 14.92 -3.76 -3.12 15.05 -2.85 -4.67 15.62 -1.67 -2.79
3 16 14.92 -3.76 -3.12 14.74 -4.07 -4.03 15.05 -2.85 -4.67
3 16 14.74 -4.07 -4.03 14.92 -3.76 -3.12 14.65 -4.58 -3.39
3 16 14.92 -3.76 -3.12 15.62 -1.67 -2.79 15.41 -2.9 -2.19
3 16 14.08 0.79 -6.57 15.46 0.82 -4.96 15.05 -1.43 -5.38
3 16 14.08 0.79 -6.57 14.82 2 -5.63 15.46 0.82 -4.96
3 16 14.08 0.79 -6.57 11.69 3.77 -7.38 14.82 2 -5.63
3 16 14.08 0.79 -6.57 11.73 2.84 -7.96 11.69 3.77 -7.38
3 16 11.69 3.77 -7.38 14.24 3.59 -5.85 14.82 2 -5.63
3 16 11.69 3.77 -7.38 12.12 4.63 -6.82 14.24 3.59 -5.85
3 16 15.01 2.57 -5.1 14.82 2 -5.63 14.24 3.59 -5.85
3 16 15.57 1.31 -4.3 14.82 2 -5.63 15.01 2.57 -5.1
3 16 15.57 1.31 -4.3 15.46 0.82 -4.96 14.82 2 -5.63
3 16 15.46 0.82 -4.96 15.57 1.31 -4.3 15.62 -1.67 -2.79
3 16 11.69 3.77 -7.38 11.73 2.84 -7.96 10.19 3.19 -8.22
3 16 10.19 3.19 -8.22 10.99 3.92 -7.18 11.69 3.77 -7.38
3 16 10.19 3.19 -8.22 10.18 3.25 -8.05 10.99 3.92 -7.18
3 16 11.69 3.77 -7.38 11.54 4.73 -6.64 12.12 4.63 -6.82
3 16 11.69 3.77 -7.38 10.99 3.92 -7.18 11.54 4.73 -6.64
3 16 15.16 4.71 -4.92 15.01 2.57 -5.1 14.24 3.59 -5.85
3 16 15.16 4.71 -4.92 15.9 3.52 -4.05 15.01 2.57 -5.1
3 16 15.9 3.52 -4.05 15.57 1.31 -4.3 15.01 2.57 -5.1
3 16 15.9 3.52 -4.05 16.33 2.07 -3 15.57 1.31 -4.3
3 16 16.33 2.07 -3 15.62 -1.67 -2.79 15.57 1.31 -4.3
3 16 16.33 2.07 -3 16.25 -1.31 -1.42 15.62 -1.67 -2.79
3 16 15.41 -2.9 -2.19 15.62 -1.67 -2.79 16.25 -1.31 -1.42
3 16 15.41 -2.9 -2.19 16.25 -1.31 -1.42 15.89 -2.71 -0.93
3 16 14.24 3.59 -5.85 13.97 5.82 -5.63 15.16 4.71 -4.92
3 16 14.24 3.59 -5.85 12.4 6.13 -6.04 13.97 5.82 -5.63
3 16 15.65 -2.94 -0.14 15.89 -2.71 -0.93 16.25 -1.31 -1.42
3 16 16.25 -1.31 -1.42 15.48 -3.02 0.83 15.65 -2.94 -0.14
3 16 16.25 -1.31 -1.42 16.28 0.84 -0.43 15.48 -3.02 0.83
3 16 16.28 0.84 -0.43 16.25 -1.31 -1.42 16.33 2.07 -3
3 16 16.28 0.84 -0.43 16.33 2.07 -3 16.46 2.56 -1.21
3 16 16.28 0.84 -0.43 16.46 2.56 -1.21 16.3 2.79 -0.46
3 16 16.46 2.56 -1.21 16.08 4.58 -1.19 16.3 2.79 -0.46
3 16 16.46 2.56 -1.21 16.26 4.16 -2.14 16.08 4.58 -1.19
3 16 16.33 2.07 -3 16.26 4.16 -2.14 16.46 2.56 -1.21
3 16 16.33 2.07 -3 15.9 3.52 -4.05 16.26 4.16 -2.14
3 16 16.26 4.16 -2.14 15.35 6.24 -2.37 16.08 4.58 -1.19
3 16 16.26 4.16 -2.14 15.43 5.99 -3.75 15.35 6.24 -2.37
3 16 16.28 0.84 -0.43 16.3 2.79 -0.46 16.23 1.06 0.18
3 16 16.28 0.84 -0.43 16.23 1.06 0.18 15.48 -3.02 0.83
3 16 15.64 5.09 -4.01 15.43 5.99 -3.75 16.26 4.16 -2.14
3 16 15.64 5.09 -4.01 15 5.9 -4.74 15.43 5.99 -3.75
3 16 15 5.9 -4.74 14.56 7.7 -3.8 15.43 5.99 -3.75
3 16 15 5.9 -4.74 15.16 4.71 -4.92 13.97 5.82 -5.63
3 16 15 5.9 -4.74 15.64 5.09 -4.01 15.16 4.71 -4.92
3 16 15.64 5.09 -4.01 15.9 3.52 -4.05 15.16 4.71 -4.92
3 16 15.64 5.09 -4.01 16.26 4.16 -2.14 15.9 3.52 -4.05
3 16 14.56 7.7 -3.8 15 5.9 -4.74 13.12 7.91 -5.14
3 16 14.56 7.7 -3.8 13.12 7.91 -5.14 13.16 8.79 -3.67
3 16 13.12 7.91 -5.14 12.6 8.84 -3.61 13.16 8.79 -3.67
3 16 13.12 7.91 -5.14 12.21 7.94 -5.05 12.6 8.84 -3.61
3 16 15 5.9 -4.74 13.97 5.82 -5.63 13.12 7.91 -5.14
3 16 12.21 7.94 -5.05 13.12 7.91 -5.14 12.4 6.13 -6.04
3 16 13.12 7.91 -5.14 13.97 5.82 -5.63 12.4 6.13 -6.04
3 16 12.21 7.94 -5.05 12.4 6.13 -6.04 11.97 6.18 -5.89
3 16 11.54 4.73 -6.64 11.97 6.18 -5.89 12.4 6.13 -6.04
3 16 11.54 4.73 -6.64 12.4 6.13 -6.04 12.12 4.63 -6.82
3 16 14.24 3.59 -5.85 12.12 4.63 -6.82 12.4 6.13 -6.04
3 16 16.23 1.06 0.18 15.37 -1.94 2.54 15.48 -3.02 0.83
3 16 16.23 1.06 0.18 16.31 1.3 1.32 15.37 -1.94 2.54
3 16 16.23 1.06 0.18 16.42 2.97 0.82 16.31 1.3 1.32
3 16 16.23 1.06 0.18 16.3 2.79 -0.46 16.42 2.97 0.82
3 16 16.31 1.3 1.32 16.42 2.97 0.82 16.25 3.22 3.19
3 16 16.31 1.3 1.32 16.25 3.22 3.19 16.19 1.52 3.57
3 16 16.19 1.52 3.57 15.37 -1.94 2.54 16.31 1.3 1.32
3 16 16.19 1.52 3.57 15 -2.34 4.22 15.37 -1.94 2.54
3 16 15.98 4.86 2.75 16.25 3.22 3.19 16.42 2.97 0.82
3 16 15.98 4.86 2.75 16.42 2.97 0.82 16.38 4.43 0.36
3 16 16.38 4.43 0.36 16.42 2.97 0.82 16.3 2.79 -0.46
3 16 16.38 4.43 0.36 16.3 2.79 -0.46 16.08 4.58 -1.19
3 16 16.08 4.58 -1.19 16.14 5.65 -0.25 16.38 4.43 0.36
3 16 16.08 4.58 -1.19 15.76 6.4 -1.38 16.14 5.65 -0.25
3 16 16.08 4.58 -1.19 15.35 6.24 -2.37 15.76 6.4 -1.38
3 16 15.76 6.4 -1.38 15.35 6.24 -2.37 15.27 7.28 -1.5
4 16 15.75 6.28 1.09 16.14 5.65 -0.25 15.76 6.4 -1.38 15.27 7.28 -1.5
3 16 16.38 4.43 0.36 15.75 6.28 1.09 15.98 4.86 2.75
3 16 16.38 4.43 0.36 16.14 5.65 -0.25 15.75 6.28 1.09
3 16 15.27 7.28 -1.5 15.03 7.69 0.03 15.75 6.28 1.09
3 16 15.75 6.28 1.09 15.03 7.69 0.03 14.69 7.73 1.5
3 16 15.75 6.28 1.09 14.69 7.73 1.5 15.45 6.41 2.24
3 16 15.45 6.41 2.24 15.98 4.86 2.75 15.75 6.28 1.09
3 16 14.69 7.73 1.5 15.03 7.69 0.03 13.69 8.37 0.74
3 16 15.03 7.69 0.03 13.46 8.46 -1.28 13.69 8.37 0.74
3 16 15.03 7.69 0.03 14.8 7.96 -1.37 13.46 8.46 -1.28
3 16 15.27 7.28 -1.5 14.8 7.96 -1.37 15.03 7.69 0.03
3 16 13.46 8.46 -1.28 14.8 7.96 -1.37 13.16 8.79 -3.67
3 16 14.56 7.7 -3.8 14.8 7.96 -1.37 15.27 7.28 -1.5
3 16 14.56 7.7 -3.8 13.16 8.79 -3.67 14.8 7.96 -1.37
3 16 14.56 7.7 -3.8 15.27 7.28 -1.5 15.35 6.24 -2.37
3 16 13.16 8.79 -3.67 13.1 8.62 -1.22 13.46 8.46 -1.28
3 16 13.16 8.79 -3.67 12.6 8.84 -3.61 13.1 8.62 -1.22
3 16 13.46 8.46 -1.28 13.17 8.49 0.57 13.69 8.37 0.74
3 16 13.46 8.46 -1.28 13.1 8.62 -1.22 13.17 8.49 0.57
3 16 15.43 5.99 -3.75 14.56 7.7 -3.8 15.35 6.24 -2.37
3 16 14.16 2.06 8.08 13.88 -0.67 7.35 14.31 2.14 7.15
3 16 14.16 2.06 8.08 13.15 -1.5 8.77 13.88 -0.67 7.35
3 16 14.31 2.14 7.15 14.02 3.63 7.93 14.16 2.06 8.08
3 16 14.31 2.14 7.15 14.29 3.72 6.9 14.02 3.63 7.93
3 16 14.29 3.72 6.9 13.63 5.15 7.7 14.02 3.63 7.93
3 16 14.29 3.72 6.9 14.3 5.46 6.56 13.63 5.15 7.7
3 16 14.02 3.63 7.93 13.63 5.15 7.7 12.02 4.98 9.57
3 16 14.02 3.63 7.93 12.02 4.98 9.57 12.5 3.21 9.94
3 16 14.16 2.06 8.08 14.02 3.63 7.93 12.5 3.21 9.94
3 16 14.16 2.06 8.08 12.5 3.21 9.94 12.61 1.8 10.21
3 16 13.15 -1.5 8.77 14.16 2.06 8.08 12.61 1.8 10.21
3 16 13.15 -1.5 8.77 12.61 1.8 10.21 12.66 -1.53 9.76
3 16 12.61 1.8 10.21 12.18 -1.26 10.74 12.66 -1.53 9.76
3 16 12.61 1.8 10.21 12.39 1.57 11 12.18 -1.26 10.74
3 16 12.61 1.8 10.21 12.25 2.84 10.83 12.39 1.57 11
3 16 12.61 1.8 10.21 12.5 3.21 9.94 12.25 2.84 10.83
3 16 12.5 3.21 9.94 11.75 4.96 10.27 12.25 2.84 10.83
3 16 12.5 3.21 9.94 12.02 4.98 9.57 11.75 4.96 10.27
3 16 8.41 2.08 13.8 10.4 1.02 13.01 9.1 2.73 13.22
3 16 9.1 2.73 13.22 10.4 1.02 13.01 9.35 3.84 13.11
3 16 10.04 4.43 12.45 9.35 3.84 13.11 10.4 1.02 13.01
4 16 10.04 4.43 12.45 10.4 1.02 13.01 12.25 2.84 10.83 10.48 4.67 11.98
3 16 12.39 1.57 11 12.25 2.84 10.83 10.4 1.02 13.01
3 16 10.48 4.67 11.98 12.25 2.84 10.83 11.75 4.96 10.27
3 16 10.4 1.02 13.01 11.53 -2.27 11.73 12.39 1.57 11
3 16 12.39 1.57 11 11.53 -2.27 11.73 11.94 -1.83 11.38
3 16 12.18 -1.26 10.74 12.39 1.57 11 11.94 -1.83 11.38
3 16 10.4 1.02 13.01 10.89 -2.11 12.64 11.53 -2.27 11.73
3 16 8.96 0.8 13.65 10.89 -2.11 12.64 10.4 1.02 13.01
3 16 10.4 1.02 13.01 8.41 2.08 13.8 8.96 0.8 13.65
3 16 8.96 0.8 13.65 9.9 -2.56 13.35 10.89 -2.11 12.64
3 16 9.24 -2.57 13.5 9.9 -2.56 13.35 8.96 0.8 13.65
3 16 9.24 -2.57 13.5 8.96 0.8 13.65 8.53 0.73 13.88
3 16 8.96 0.8 13.65 8.41 2.08 13.8 8.53 0.73 13.88
3 16 8.37 -2.49 14.43 7.12 -0.49 15.26 7.59 -2.73 15.02
3 16 8.37 -2.49 14.43 8.53 0.73 13.88 7.12 -0.49 15.26
3 16 6.5 0.1 15.29 7.12 -0.49 15.26 8.53 0.73 13.88
3 16 6.5 0.1 15.29 8.53 0.73 13.88 8.41 2.08 13.8
3 16 7.12 -0.49 15.26 5.27 -1.34 15.8 7.59 -2.73 15.02
3 16 5.27 -1.34 15.8 7.12 -0.49 15.26 6.5 0.1 15.29
3 16 5.18 -1.98 15.84 7.59 -2.73 15.02 5.27 -1.34 15.8
3 16 5.34 -2.68 15.79 7.59 -2.73 15.02 5.18 -1.98 15.84
3 16 5.34 -2.68 15.79 6.96 -3.05 15.32 7.59 -2.73 15.02
3 16 5.34 -2.68 15.79 5.52 -3.19 15.85 6.96 -3.05 15.32
3 16 8.37 -2.49 14.43 9.24 -2.57 13.5 8.53 0.73 13.88
3 16 0 2.47 -12.62 -2.01 2.57 -12.98 -2.13 2.66 -12.45
3 16 0 2.47 -12.62 -0.17 2.66 -13.1 -2.01 2.57 -12.98
3 16 -0.17 2.66 -13.1 -1.99 2.24 -13.88 -2.01 2.57 -12.98
3 16 -0.17 2.66 -13.1 -0.12 2.21 -13.87 -1.99 2.24 -13.88
3 16 -3.38 2.73 -13.29 -2.01 2.57 -12.98 -1.99 2.24 -13.88
3 16 -2.13 2.66 -12.45 -2.01 2.57 -12.98 -3.38 2.73 -13.29
3 16 -3.38 2.73 -13.29 -1.99 2.24 -13.88 -3.29 2.22 -14.31
3 16 -2.13 2.66 -12.45 -3.38 2.73 -13.29 -3.38 2.91 -12.24
3 16 -3.38 2.73 -13.29 -3.29 2.22 -14.31 -4.81 2.07 -13.91
3 16 -3.38 2.73 -13.29 -4.81 2.07 -13.91 -5.03 2.77 -12.35
3 16 -3.38 2.91 -12.24 -3.38 2.73 -13.29 -5.03 2.77 -12.35
3 16 -3.38 2.91 -12.24 -5.03 2.77 -12.35 -4.87 2.89 -11.96
3 16 -4.87 2.89 -11.96 -5.03 2.77 -12.35 -6.32 2.6 -12.02
3 16 -4.87 2.89 -11.96 -6.32 2.6 -12.02 -6.27 2.87 -11.09
3 16 -5.03 2.77 -12.35 -6.05 1.89 -13.51 -6.32 2.6 -12.02
3 16 -5.03 2.77 -12.35 -4.81 2.07 -13.91 -6.05 1.89 -13.51
3 16 -6.97 1.15 -12.89 -6.32 2.6 -12.02 -6.05 1.89 -13.51
3 16 -6.97 1.15 -12.89 -7.51 2.14 -11.03 -6.32 2.6 -12.02
3 16 -6.27 2.87 -11.09 -6.32 2.6 -12.02 -7.51 2.14 -11.03
3 16 -8.22 1.31 -11.31 -7.51 2.14 -11.03 -6.97 1.15 -12.89
3 16 -8.22 1.31 -11.31 -6.97 1.15 -12.89 -7.42 0.4 -12.65
3 16 -6.27 2.87 -11.09 -7.51 2.14 -11.03 -7.38 2.56 -10.35
3 16 -7.38 2.56 -10.35 -7.51 2.14 -11.03 -9.08 2.31 -9.63
3 16 -7.38 2.56 -10.35 -9.08 2.31 -9.63 -8.69 2.57 -9.34
3 16 7.72 -3.83 15.33 5.84 -5.01 15.29 8.03 -4.59 14.78
3 16 7.72 -3.83 15.33 5.56 -4.05 15.73 5.84 -5.01 15.29
3 16 5.56 -4.05 15.73 7.72 -3.83 15.33 6.8 -3.53 15.7
3 16 5.56 -4.05 15.73 6.8 -3.53 15.7 5.52 -3.19 15.85
3 16 6.96 -3.05 15.32 5.52 -3.19 15.85 6.8 -3.53 15.7
3 16 4.14 -1.62 16.3 5.18 -1.98 15.84 5.27 -1.34 15.8
4 16 5.34 -2.68 15.79 5.18 -1.98 15.84 4.14 -1.62 16.3 3.89 -2.39 16.45
3 16 3.89 -2.39 16.45 4.06 -3.18 16.52 5.34 -2.68 15.79
3 16 2.82 -2.92 16.91 4.06 -3.18 16.52 3.89 -2.39 16.45
3 16 2.82 -2.92 16.91 3.03 -3.63 17.3 4.06 -3.18 16.52
3 16 5.34 -2.68 15.79 4.06 -3.18 16.52 5.52 -3.19 15.85
3 16 3.09 -1.39 17.02 3.89 -2.39 16.45 4.14 -1.62 16.3
3 16 3.09 -1.39 17.02 2.82 -2.92 16.91 3.89 -2.39 16.45
3 16 2.82 -2.92 16.91 2.67 -3.38 17.59 3.03 -3.63 17.3
3 16 -7.23 4.44 19.1 -7.63 5.2 19.91 -7.51 5.04 18.46
3 16 -7.23 4.44 19.1 -7.53 4.53 20 -7.63 5.2 19.91
3 16 7.2 -5.84 14.04 5.71 -6.02 14.13 6.6 -5.96 13.59
3 16 7.2 -5.84 14.04 6.6 -5.96 13.59 7.72 -5.7 12.93
3 16 7.2 -5.84 14.04 5.87 -5.4 14.96 5.71 -6.02 14.13
3 16 7.2 -5.84 14.04 7.27 -5.47 14.73 5.87 -5.4 14.96
3 16 8.35 -5.3 13.98 7.27 -5.47 14.73 7.2 -5.84 14.04
3 16 7.72 -5.7 12.93 8.35 -5.3 13.98 7.2 -5.84 14.04
3 16 5.84 -5.01 15.29 5.87 -5.4 14.96 7.27 -5.47 14.73
3 16 5.84 -5.01 15.29 7.27 -5.47 14.73 8.03 -4.59 14.78
3 16 8.35 -5.3 13.98 8.03 -4.59 14.78 7.27 -5.47 14.73
3 16 8.35 -5.3 13.98 8.64 -4.43 14.47 8.03 -4.59 14.78
3 16 9.96 -3.66 13.92 9.6 -3.98 14.39 9.97 -4.23 13.5
3 16 9.96 -3.66 13.92 8.99 -3.61 14.96 9.6 -3.98 14.39
4 16 8.75 -3.1 14.76 8.99 -3.61 14.96 9.96 -3.66 13.92 9.53 -3.17 13.96
3 16 15.72 -3.96 0.73 15.39 -5.02 0.18 15.68 -4.07 0.26
3 16 15.72 -3.96 0.73 15.34 -4.88 1.18 15.39 -5.02 0.18
3 16 15.68 -4.07 0.26 15.48 -3.02 0.83 15.72 -3.96 0.73
3 16 15.68 -4.07 0.26 15.65 -2.94 -0.14 15.48 -3.02 0.83
3 16 8.99 -3.61 14.96 8.75 -3.1 14.76 6.8 -3.53 15.7
3 16 6.8 -3.53 15.7 7.72 -3.83 15.33 8.99 -3.61 14.96
3 16 10.51 -5.73 7.91 9.68 -5.46 8.86 9.21 -6.17 8.03
3 16 10.51 -5.73 7.91 10.42 -5.18 8.75 9.68 -5.46 8.86
3 16 8.3 5.65 15.16 7.98 4.96 14.69 8.45 4.98 14.3
3 16 -5.33 -7.72 -7.07 -2.27 -8.94 -5.95 -4.04 -9.22 -4.29
2 24 -3.76 18.4 12.62 -2.86 18.7 13.12
2 24 -2.86 18.7 13.12 -1.77 18.85 13.48
2 24 -4.41 18.15 12.33 -3.76 18.4 12.62
2 24 -5.31 17.9 11.87 -4.41 18.15 12.33
2 24 -6.98 17.63 11.07 -5.31 17.9 11.87
2 24 -7.95 17.32 10.44 -6.98 17.63 11.07
2 24 -8.64 16.97 9.84 -7.95 17.32 10.44
2 24 -9.31 16.67 9.21 -8.64 16.97 9.84
2 24 -9.87 16.42 8.57 -9.31 16.67 9.21
2 24 -10.5 15.89 7.8 -9.87 16.42 8.57
2 24 -11.37 14.7 6.12 -10.5 15.89 7.8
2 24 -12.01 13.59 4.98 -11.37 14.7 6.12
2 24 -12.16 12.87 4.23 -12.01 13.59 4.98
2 24 -12.56 11.42 3.47 -12.16 12.87 4.23
2 24 -12.8 10.07 2.46 -12.56 11.42 3.47
2 24 -12.96 9.08 1.35 -12.8 10.07 2.46
2 24 -13.01 8.66 0.32 -12.96 9.08 1.35
2 24 -13.02 8.81 -1.3 -13.01 8.66 0.32
2 24 -12.88 8.77 -2.78 -13.02 8.81 -1.3
2 24 -12.47 8.35 -4.59 -12.88 8.77 -2.78
2 24 -12.02 7.33 -5.63 -12.47 8.35 -4.59
2 24 -11.86 6.21 -6.21 -12.02 7.33 -5.63
2 24 -11 3.44 -7.34 -11.86 6.21 -6.21
2 24 -9.93 2.76 -8.24 -11 3.44 -7.34
2 24 -8.69 2.57 -9.34 -9.93 2.76 -8.24
2 24 -7.38 2.56 -10.35 -8.69 2.57 -9.34
2 24 -6.27 2.87 -11.09 -7.38 2.56 -10.35
2 24 -4.87 2.89 -11.96 -6.27 2.87 -11.09
2 24 -3.38 2.91 -12.24 -4.87 2.89 -11.96
2 24 -2.13 2.66 -12.45 -3.38 2.91 -12.24
2 24 0 2.47 -12.62 -2.13 2.66 -12.45
2 24 0.75 2.72 -12.65 0 2.47 -12.62
2 24 5 18.25 11.99 6.25 17.77 11.48
2 24 6.25 17.77 11.48 7.52 17.25 10.72
2 24 7.52 17.25 10.72 8.39 16.69 10.18
2 24 8.39 16.69 10.18 9.49 16.14 9.21
2 24 9.49 16.14 9.21 10.29 15.9 8.31
2 24 10.29 15.9 8.31 11.18 15.03 7.12
2 24 11.18 15.03 7.12 12.02 14.53 5.4
2 24 12.02 14.53 5.4 12.5 12.61 4.02
2 24 12.5 12.61 4.02 12.65 11.25 3.19
2 24 12.65 11.25 3.19 12.78 10.21 2.66
2 24 12.78 10.21 2.66 12.86 9.65 2.07
2 24 12.86 9.65 2.07 13.17 8.49 0.57
2 24 13.17 8.49 0.57 13.1 8.62 -1.22
2 24 13.1 8.62 -1.22 12.6 8.84 -3.61
2 24 12.6 8.84 -3.61 12.21 7.94 -5.05
2 24 12.21 7.94 -5.05 11.97 6.18 -5.89
2 24 11.97 6.18 -5.89 11.54 4.73 -6.64
2 24 11.54 4.73 -6.64 10.99 3.92 -7.18
2 24 10.99 3.92 -7.18 10.18 3.25 -8.05
2 24 10.18 3.25 -8.05 9.1 2.79 -9.07
2 24 9.1 2.79 -9.07 6.98 2.2 -10.35
2 24 6.98 2.2 -10.35 4.78 2.31 -11.54
2 24 4.78 2.31 -11.54 3.39 2.4 -12.04
2 24 3.39 2.4 -12.04 0.75 2.72 -12.65
2 24 2.39 18.55 12.71 5 18.25 11.99
2 24 -1.77 18.85 13.48 2.39 18.55 12.71
2 24 -10.23 0.11 -9.67 -10.52 1.62 -9.04
2 24 -9.79 -1.34 -9.73 -10.23 0.11 -9.67
2 24 -8.72 -3.4 -9.66 -9.79 -1.34 -9.73
2 24 -7.86 -4.35 -9.48 -8.72 -3.4 -9.66
2 24 -7.42 -4.4 -10.42 -7.86 -4.35 -9.48
2 24 -5.51 -2.15 -13.52 -4.9 -3.1 -13.51
2 24 -4.9 -3.1 -13.51 -4.25 -3.84 -13.5
2 24 -4.25 -3.84 -13.5 -3.66 -4.1 -13.56
2 24 -3.66 -4.1 -13.56 -3.54 -4.35 -13.21
2 24 -3.54 -4.35 -13.21 -3.29 -4.73 -12.75
2 24 -3.29 -4.73 -12.75 -2.73 -5.26 -12.46
2 24 -2.73 -5.26 -12.46 -5.38 -5.09 -11.63
2 24 -5.38 -5.09 -11.63 -7.42 -4.4 -10.42
2 24 -7.42 0.4 -12.65 -6.36 -0.73 -13.87
2 24 -6.36 -0.73 -13.87 -5.42 -1.53 -14.13
2 24 -5.42 -1.53 -14.13 -5.51 -2.15 -13.52
2 24 -8.22 1.31 -11.31 -7.42 0.4 -12.65
2 24 -9.08 2.31 -9.63 -7.51 2.14 -11.03
2 24 -7.51 2.14 -11.03 -8.22 1.31 -11.31
2 24 -10.52 1.62 -9.04 -10.18 2.64 -8.4
2 24 -10.18 2.64 -8.4 -9.93 2.76 -8.24
2 24 -8.69 2.57 -9.34 -9.08 2.31 -9.63
2 24 -7.02 -5.23 -9.17 -7.86 -4.35 -9.48
2 24 -2.73 -5.26 -12.46 -0.23 -6.59 -12.36
2 24 0.64 -7.75 -10.73 -2.54 -7.55 -8.62
2 24 -2.54 -7.55 -8.62 -5.2 -6.49 -8.63
2 24 -5.2 -6.49 -8.63 -7.02 -5.23 -9.17
2 24 1.47 -7.54 -11.24 0.64 -7.75 -10.73
2 24 1.43 -7.1 -12.17 2.15 -7.31 -11.79
2 24 2.15 -7.31 -11.79 1.47 -7.54 -11.24
2 24 0.71 -6.74 -12.45 1.43 -7.1 -12.17
2 24 -0.23 -6.59 -12.36 0.71 -6.74 -12.45
2 24 3.47 -7.71 -11.56 4.64 -7.58 -11.86
2 24 4.64 -7.58 -11.86 4.93 -7.99 -11.13
2 24 2.15 -7.31 -11.79 3.47 -7.71 -11.56
2 24 4.93 -7.99 -11.13 5.27 -8.41 -10.27
2 24 -1.82 -7.94 -8.14 -2.54 -7.55 -8.62
2 24 -0.01 -8.37 -6.8 -1.82 -7.94 -8.14
2 24 5.27 -8.41 -10.27 7.03 -8.4 -9.95
2 24 7.03 -8.4 -9.95 6.93 -8.66 -9.19
2 24 6.74 -9 -7.27 4.77 -9.2 -6.73
2 24 6.93 -8.66 -9.19 7.44 -8.71 -7.96
2 24 7.44 -8.71 -7.96 6.74 -9 -7.27
2 24 4.77 -9.2 -6.73 1.32 -8.52 -6.46
2 24 1.32 -8.52 -6.46 -0.01 -8.37 -6.8
2 24 7.51 -8.89 -4.5 5.83 -9.05 -3.88
2 24 3.87 -8.89 -4.05 2.95 -8.84 -5.1
2 24 2.95 -8.84 -5.1 1.32 -8.52 -6.46
2 24 5.83 -9.05 -3.88 4.9 -8.89 -3.1
2 24 4.9 -8.89 -3.1 3.87 -8.89 -4.05
2 24 9.41 -8.14 -4.94 7.51 -8.89 -4.5
2 24 9.54 -8.11 -5.95 9.41 -8.14 -4.94
2 24 8.4 -8.44 -7.28 9.41 -8 -6.72
2 24 9.41 -8 -6.72 9.54 -8.11 -5.95
2 24 7.44 -8.71 -7.96 8.4 -8.44 -7.28
2 24 6.57 -8.65 -0.57 4.9 -8.89 -3.1
2 24 7.96 -8.56 -1.01 6.57 -8.65 -0.57
2 24 9.14 -8.08 -1.28 7.96 -8.56 -1.01
2 24 10.91 -7.12 -1.73 10.97 -7.1 -1.21
2 24 10.97 -7.1 -1.21 9.14 -8.08 -1.28
2 24 9.41 -8.14 -4.94 10.24 -7.58 -3.26
2 24 10.95 -7.24 -2.31 10.91 -7.12 -1.73
2 24 10.24 -7.58 -3.26 11.02 -7.32 -3.06
2 24 11.02 -7.32 -3.06 10.95 -7.24 -2.31
2 24 7.97 -7.87 2.82 6.57 -8.65 -0.57
2 24 6.57 -8.65 -0.57 8.76 -8.06 1.09
2 24 9.1 -7.35 3.86 7.97 -7.87 2.82
2 24 8.76 -8.06 1.09 10.35 -7.44 1.19
2 24 10.35 -7.44 1.19 11.71 -6.51 1.39
2 24 11.71 -6.51 1.39 12.23 -6.17 1.87
2 24 12.23 -6.17 1.87 12.54 -5.85 2.94
2 24 10.32 -6.85 3.96 9.1 -7.35 3.86
2 24 11.83 -5.37 5 10.32 -6.85 3.96
2 24 12.54 -5.69 3.74 11.83 -5.37 5
2 24 12.54 -5.85 2.94 12.54 -5.69 3.74
2 24 10.97 -7.1 -1.21 11.45 -7 -0.63
2 24 12.49 -6.28 0.77 12.23 -6.17 1.87
2 24 11.45 -7 -0.63 11.94 -6.68 -0.08
2 24 11.94 -6.68 -0.08 12.43 -6.41 0.2
2 24 12.43 -6.41 0.2 12.49 -6.28 0.77
2 24 8.19 -7.47 4.94 7.97 -7.87 2.82
2 24 11.83 -5.37 5 11.67 -5.3 6
2 24 11.67 -5.3 6 11.1 -5.25 8.42
2 24 11.1 -5.25 8.42 10.88 -5 8.91
2 24 10.88 -5 8.91 10.42 -5.18 8.75
2 24 9.21 -6.17 8.03 7.96 -6.98 7.03
2 24 7.96 -6.98 7.03 8.19 -7.47 4.94
2 24 10.03 -5.39 9.95 10.01 -5.66 10.7
2 24 10.4 -5.2 9.55 10.03 -5.39 9.95
2 24 10.88 -5 8.91 10.4 -5.2 9.55
2 24 9.68 -5.46 8.86 10.42 -5.18 8.75
2 24 7.64 -6.44 10.48 7.45 -6.85 8.26
2 24 9.21 -6.17 8.03 9.68 -5.46 8.86
2 24 10.01 -5.47 11.73 8.97 -5.68 11.75
2 24 10.01 -5.66 10.7 10.01 -5.47 11.73
2 24 8.97 -5.68 11.75 8.24 -5.81 12.28
2 24 6.76 -6.29 12 4.58 -6.26 14.47
2 24 4.89 -6.84 13.63 4.23 -7.64 13.44
2 24 7.64 -6.44 10.48 6.76 -6.29 12
2 24 4.77 -7.93 11.94 5.02 -7.94 10.99
2 24 5.02 -7.94 10.99 7.45 -6.85 8.26
2 24 4.23 -7.64 13.44 4.12 -8.2 12.57
2 24 4.12 -8.2 12.57 4.77 -7.93 11.94
2 24 3.76 -7.04 14.55 4.89 -6.84 13.63
2 24 4.58 -6.26 14.47 3.83 -6.41 14.81
2 24 3.2 -7.05 15.04 3.76 -7.04 14.55
2 24 3.83 -6.41 14.81 3.4 -6.33 15.32
2 24 3.4 -6.33 15.32 3.2 -7.05 15.04
2 24 7.72 -5.7 12.93 6.6 -5.96 13.59
2 24 8.24 -5.81 12.28 7.72 -5.7 12.93
2 24 6.6 -5.96 13.59 5.71 -6.02 14.13
2 24 5.71 -6.02 14.13 4.58 -6.26 14.47
2 24 6.67 -8.43 4.35 7.97 -7.87 2.82
2 24 5.7 -8.75 5.52 6.67 -8.43 4.35
2 24 4.43 -8.94 6.76 4.44 -9 6.53
2 24 4.44 -9 6.53 5.7 -8.75 5.52
2 24 7.96 -6.98 7.03 7.45 -6.85 8.26
2 24 4.6 -8.56 9.97 4.57 -8.74 9.69
2 24 4.57 -8.74 9.69 5.19 -8.74 8.72
2 24 5.19 -8.74 8.72 4.43 -8.94 6.76
2 24 5.02 -7.94 10.99 4.6 -8.56 9.97
2 24 3.61 -9.52 -1.87 3.87 -8.89 -4.05
2 24 3.49 -9.72 -0.39 3.61 -9.52 -1.87
2 24 3.49 -10.16 1.19 3.49 -9.72 -0.39
2 24 3.55 -9.76 2.62 3.49 -10.16 1.19
2 24 5.36 -9.03 5.19 4.48 -9.3 3.75
2 24 5.7 -8.75 5.52 5.36 -9.03 5.19
2 24 4.48 -9.3 3.75 3.35 -9.87 3.21
2 24 3.35 -9.87 3.21 3.55 -9.76 2.62
2 24 3.49 -10.16 1.19 2.01 -10.16 0.54
2 24 2.01 -10.16 0.54 1.4142 -9.5 0.5858
2 24 0.7654 -9.5 0.1522 0.93 -10.04 -0.41
2 24 0.93 -10.04 -0.41 0.22 -10.13 -1.49
2 24 0.22 -10.13 -1.49 -0.55 -9.82 -1.93
2 24 -0.55 -9.82 -1.93 -0.48 -9.24 -3.77
2 24 -0.48 -9.24 -3.77 -0.65 -8.94 -4.9
2 24 -0.65 -8.94 -4.9 -1.82 -7.94 -8.14
2 24 -5.33 -7.72 -7.07 -5.2 -6.49 -8.63
2 24 -2.17 -9.69 -3.18 -2.99 -9.56 -3.91
2 24 -0.55 -9.82 -1.93 -1.34 -9.72 -2.09
2 24 -1.34 -9.72 -2.09 -2.21 -9.87 -1.94
2 24 -2.21 -9.87 -1.94 -2.17 -9.69 -3.18
2 24 -2.99 -9.56 -3.91 -4.04 -9.22 -4.29
2 24 -4.04 -9.22 -4.29 -5.75 -9.19 -3.78
2 24 -5.75 -9.19 -3.78 -6.54 -8.66 -5.12
2 24 -5.33 -7.72 -7.07 -4.04 -9.22 -4.29
2 24 -6.54 -8.66 -5.12 -7.2 -7.97 -5.82
2 24 -7.2 -7.97 -5.82 -8.6 -7.2 -5.58
2 24 -8.6 -7.2 -5.58 -9.43 -6.95 -5.2
2 24 -9.43 -6.95 -5.2 -9.36 -5.88 -6.15
2 24 -9.35 -4.25 -8.35 -9.27 -3.46 -9.06
2 24 -9.27 -3.46 -9.06 -8.72 -3.4 -9.66
2 24 -9.36 -5.88 -6.15 -9.41 -5.45 -6.34
2 24 -9.41 -5.45 -6.34 -9.1 -5.26 -6.89
2 24 -9.1 -5.26 -6.89 -9.35 -4.25 -8.35
2 24 -9.41 -5.45 -6.34 -10.63 -5.08 -6.22
2 24 -10.63 -5.08 -6.22 -12.73 -3.75 -5.12
2 24 -12.73 -3.75 -5.12 -12.64 -3.13 -5.81
2 24 -12.64 -3.13 -5.81 -12.72 -2.27 -6.43
2 24 -12.72 -2.27 -6.43 -13.46 -1.55 -6.11
2 24 -13.46 -1.55 -6.11 -13.76 -0.7 -5.71
2 24 -13.76 -0.7 -5.71 -13.78 0.28 -6.23
2 24 -13.78 0.28 -6.23 -13.59 1.3 -6.94
2 24 -13.59 1.3 -6.94 -12.9 2.05 -7.56
2 24 -11.21 2.57 -8.13 -10.52 1.62 -9.04
2 24 -12.9 2.05 -7.56 -12.07 2.99 -7.58
2 24 -12.07 2.99 -7.58 -11.21 2.57 -8.13
2 24 -13.76 -0.7 -5.71 -14.8 -0.17 -4.49
2 24 -14.8 -0.17 -4.49 -14.76 0.74 -5.11
2 24 -14.76 0.74 -5.11 -14.57 1.78 -5.45
2 24 -14.57 1.78 -5.45 -14.65 2.4 -4.88
2 24 -14.65 2.4 -4.88 -15.09 2.69 -4.1
2 24 -15.09 2.69 -4.1 -14.93 3.6 -5.04
2 24 -14.93 3.6 -5.04 -14.45 4.57 -5.58
2 24 -14.45 4.57 -5.58 -13.74 5.4 -5.98
2 24 -13.74 5.4 -5.98 -12.56 5.85 -6.36
2 24 -12.56 5.85 -6.36 -11.86 6.21 -6.21
2 24 -15.7 3.46 -2.88 -16.06 4.13 -2.47
2 24 -16.06 4.13 -2.47 -15.9 4.66 -3.06
2 24 -15.33 2.64 -3.18 -15.7 3.46 -2.88
2 24 -15.09 2.69 -4.1 -15.33 2.64 -3.18
2 24 -15.9 4.66 -3.06 -15.61 5.57 -3.35
2 24 -15.61 5.57 -3.35 -15.21 6.61 -3.47
2 24 -15.21 6.61 -3.47 -14.65 7.78 -3.3
2 24 -14.65 7.78 -3.3 -14.8 8.3 -1.49
2 24 -14.8 8.3 -1.49 -15.02 8.28 0.13
2 24 -15.02 8.28 0.13 -13.01 8.66 0.32
2 24 -16.08 5.93 -0.63 -15.91 6.88 -0.66
2 24 -15.91 6.88 -0.66 -15.6 7.65 -0.84
2 24 -15.6 7.65 -0.84 -15.02 8.28 0.13
2 24 -16.06 4.64 -1.05 -15.92 4.76 -0.3
2 24 -15.92 4.76 -0.3 -16.08 5.93 -0.63
2 24 -16.13 4.44 -1.69 -16.06 4.64 -1.05
2 24 -16.06 4.13 -2.47 -16.13 4.44 -1.69
2 24 2.73 -7.92 14.58 2.69 -8.17 14.12
2 24 2.69 -8.17 14.12 2.78 -8.38 13.53
2 24 3.6 -8.53 12.4 4.12 -8.2 12.57
2 24 2.78 -8.38 13.53 3.26 -8.67 12.02
2 24 3.26 -8.67 12.02 3.6 -8.53 12.4
2 24 3.2 -7.05 15.04 2.73 -7.92 14.58
2 24 3.24 -9.37 10.58 3.73 -9.32 9.9
2 24 3.73 -9.32 9.9 4.6 -8.56 9.97
2 24 2.85 -8.93 11.37 3.24 -9.37 10.58
2 24 3.26 -8.67 12.02 2.85 -8.93 11.37
2 24 1.99 -9.05 11.75 2.85 -8.93 11.37
2 24 1.81 -9.13 13.02 0.8 -9.28 11.46
2 24 0.8 -9.28 11.46 1.02 -9.28 11.2
2 24 1.02 -9.28 11.2 1.99 -9.05 11.75
2 24 2.69 -8.17 14.12 1.81 -9.13 13.02
2 24 2.13 -9.4 9.04 2.88 -9.52 9.16
2 24 1.33 -9.03 9.23 2.13 -9.4 9.04
2 24 1.02 -9.28 11.2 0.25 -8.5 10.18
2 24 0.25 -8.5 10.18 0.92 -8.73 9.16
2 24 0.92 -8.73 9.16 1.33 -9.03 9.23
2 24 2.88 -9.52 9.16 3.73 -9.32 9.9
2 24 -0.15 -8.94 10.72 0.25 -8.5 10.18
2 24 0.8 -9.28 11.46 -0.15 -8.94 10.72
2 24 4.11 -9.53 6.65 4.43 -8.94 6.76
2 24 3.09 -9.93 7.47 4.11 -9.53 6.65
2 24 2.88 -9.52 9.16 2.68 -9.53 8.57
2 24 2.68 -9.53 8.57 3.09 -9.93 7.47
2 24 2.69 -9.99 6 3.31 -9.72 6.49
2 24 1.93 -10.26 5.89 2.69 -9.99 6
2 24 1.07 -10.06 6.33 1.93 -10.26 5.89
2 24 0.52 -9.46 6.71 1.07 -10.06 6.33
2 24 0.1 -9.15 7.33 0.52 -9.46 6.71
2 24 0.23 -8.99 8.15 0.1 -9.15 7.33
2 24 0.92 -8.73 9.16 0.48 -8.83 8.76
2 24 0.48 -8.83 8.76 0.23 -8.99 8.15
2 24 3.31 -9.72 6.49 4.11 -9.53 6.65
2 24 2.37 -10.04 5.27 2.42 -10.12 4.38
2 24 2.42 -10.12 4.38 2.66 -10.08 3.61
2 24 2.66 -10.08 3.61 3.35 -9.87 3.21
2 24 1.93 -10.26 5.89 2.37 -10.04 5.27
2 24 -1.24 -9.82 5.09 -0.7654 -9.5 3.8478
2 24 -0.91 -9.68 6.02 -1.24 -9.82 5.09
2 24 1.4142 -9.5 3.4142 1.87 -9.92 3.26
2 24 1.87 -9.92 3.26 2.26 -10.12 3.22
2 24 2.26 -10.12 3.22 2.66 -10.08 3.61
2 24 0.1 -9.15 7.33 -0.91 -9.68 6.02
2 24 -2.74 -10 0.47 -3.12 -10.09 -0.74
2 24 -2.68 -9.96 1.35 -2.74 -10 0.47
2 24 -6.03 -9.01 1.29 -6.06 -9.48 0.19
2 24 -5.23 -8.8 1.98 -6.03 -9.01 1.29
2 24 -4.52 -9.28 2.49 -5.23 -8.8 1.98
2 24 -3.47 -9.71 2.11 -4.52 -9.28 2.49
2 24 -2.68 -9.96 1.35 -3.47 -9.71 2.11
2 24 -6.06 -9.48 0.19 -5.18 -10.16 -0.81
2 24 -5.18 -10.16 -0.81 -4.9 -10.14 -1.25
2 24 -4.9 -10.14 -1.25 -4.19 -10.07 -1.39
2 24 -3.36 -9.96 -1.66 -3.12 -10.09 -0.74
2 24 -4.19 -10.07 -1.39 -3.36 -9.96 -1.66
2 24 -2.59 -9.94 -2.22 -3.36 -9.96 -1.66
2 24 -2.21 -9.87 -1.94 -2.59 -9.94 -2.22
2 24 -5.18 -10.16 -0.81 -5.8 -9.86 -1.21
2 24 -5.8 -9.86 -1.21 -6.16 -9.82 -1.84
2 24 -6.16 -9.82 -1.84 -6.41 -9.61 -2.57
2 24 -6.41 -9.61 -2.57 -6.45 -9.29 -3.26
2 24 -6.45 -9.29 -3.26 -5.75 -9.19 -3.78
2 24 -9.08 -8.26 -1.29 -8.73 -8.58 -2.37
2 24 -8.73 -8.58 -2.37 -7.58 -9.08 -2.81
2 24 -7.58 -9.08 -2.81 -6.45 -9.29 -3.26
2 24 -8.3 -7.76 0.34 -9.16 -7.53 -0.27
2 24 -9.16 -7.53 -0.27 -9.08 -8.26 -1.29
2 24 -7.9 -8.27 0.75 -8.3 -7.76 0.34
2 24 -7.13 -8.78 1.07 -7.9 -8.27 0.75
2 24 -6.03 -9.01 1.29 -7.13 -8.78 1.07
2 24 -8.73 -8.58 -2.37 -9.46 -8.08 -3.11
2 24 -9.46 -8.08 -3.11 -10.05 -7.39 -3.61
2 24 -10.05 -7.39 -3.61 -10.65 -6.68 -3.83
2 24 -10.65 -6.68 -3.83 -9.43 -6.95 -5.2
2 24 -12.04 -5.58 -2.99 -10.65 -6.68 -3.83
2 24 -12.48 -5.21 -1.4 -12.54 -5.42 -2.31
2 24 -12 -4.73 -0.71 -12.48 -5.21 -1.4
2 24 -11.71 -4.95 -0.12 -12 -4.73 -0.71
2 24 -10.54 -6.63 0.46 -11.71 -4.95 -0.12
2 24 -9.16 -7.53 -0.27 -10.54 -6.63 0.46
2 24 -12.04 -5.58 -2.99 -12.66 -5.12 -3.06
2 24 -12.66 -5.12 -3.06 -13.32 -4.4 -3.61
2 24 -13.32 -4.4 -3.61 -13.39 -3.76 -4.27
2 24 -13.39 -3.76 -4.27 -12.73 -3.75 -5.12
2 24 -12.27 -4.22 -0.25 -13.12 -3.52 0.08
2 24 -12 -4.73 -0.71 -12.27 -4.22 -0.25
2 24 -13.12 -3.52 0.08 -14.11 -2.53 -0.19
2 24 -14.11 -2.53 -0.19 -14.61 -1.88 -0.84
2 24 -14.61 -1.88 -0.84 -15.03 -2.15 -1.6
2 24 -15.03 -2.15 -1.6 -14.79 -2.21 -2.52
2 24 -14.79 -2.21 -2.52 -14.47 -2.93 -3.06
2 24 -12.66 -5.12 -3.06 -12.54 -5.42 -2.31
2 24 -14.47 -2.93 -3.06 -13.93 -3.6 -3.64
2 24 -13.93 -3.6 -3.64 -13.39 -3.76 -4.27
2 24 -14.79 -2.21 -2.52 -15.12 -1.38 -2.99
2 24 -15.12 -1.38 -2.99 -15.16 -0.36 -3.29
2 24 -15.16 -0.36 -3.29 -14.8 -0.17 -4.49
2 24 -15.5 1.34 -0.76 -15.72 1.08 -1.86
2 24 -15.42 0.63 -0.31 -15.5 1.34 -0.76
2 24 -15.72 1.08 -1.86 -15.58 0.59 -2.58
2 24 -15.11 0.03 -0.22 -15.42 0.63 -0.31
2 24 -14.69 -0.83 -0.26 -15.11 0.03 -0.22
2 24 -14.61 -1.88 -0.84 -14.69 -0.83 -0.26
2 24 -15.58 0.59 -2.58 -15.16 -0.36 -3.29
2 24 -15.69 1.52 -2.57 -15.33 2.64 -3.18
2 24 -15.58 0.59 -2.58 -15.69 1.52 -2.57
2 24 -15.5 1.34 -0.76 -15.62 2.31 -0.26
2 24 -15.62 2.31 -0.26 -15.55 3.14 -0.04
2 24 -15.55 3.14 -0.04 -15.59 3.95 -0.06
2 24 -15.59 3.95 -0.06 -15.92 4.76 -0.3
2 24 2.09 0.65 18.04 1.05 0.37 18.65
2 24 1.05 0.37 18.65 -0.2 0.05 18.98
2 24 3.23 0.9 17.57 2.09 0.65 18.04
2 24 3.18 0.17 17.21 3.23 0.9 17.57
2 24 3.09 -1.39 17.02 3.18 0.17 17.21
2 24 -0.01 -0.87 19.05 1.15 -2.02 18.58
2 24 1.15 -2.02 18.58 1.62 -2.52 18.34
2 24 1.62 -2.52 18.34 2.14 -3.01 18
2 24 -0.2 0.05 18.98 -1.48 -0.62 19.81
2 24 -1.48 -0.62 19.81 -0.01 -0.87 19.05
2 24 2.09 0.65 18.04 2.1 1.39 18.38
2 24 2.1 1.39 18.38 2.14 2.86 18.07
2 24 1.54 3.6 18.29 -0.16 3.55 19.11
2 24 -0.16 3.55 19.11 -1.64 3.47 19.93
2 24 -1.64 3.47 19.93 -1.6 2.71 20.78
2 24 -1.6 2.71 20.78 -1.46 1.97 20.83
2 24 -1.46 1.97 20.83 -1.92 1.03 20.62
2 24 -1.92 1.03 20.62 -1.48 -0.62 19.81
2 24 2.14 2.86 18.07 2.45 3.65 17.92
2 24 2.45 3.65 17.92 1.54 3.6 18.29
2 24 3.9 3.82 17.04 2.45 3.65 17.92
2 24 5.62 3.25 16.28 3.9 3.82 17.04
2 24 4.98 1.61 16.22 5.62 3.25 16.28
2 24 4.16 1.07 16.87 4.98 1.61 16.22
2 24 3.18 0.17 17.21 4.16 1.07 16.87
2 24 4.64 5.83 16.56 3.65 4.61 17.32
2 24 5.33 5.91 16.36 4.64 5.83 16.56
2 24 5.94 6.03 16.15 5.33 5.91 16.36
2 24 6.61 6.2 15.86 5.94 6.03 16.15
2 24 7.9 5.75 15.46 6.61 6.2 15.86
2 24 8.3 5.65 15.16 7.9 5.75 15.46
2 24 7.98 4.96 14.69 8.3 5.65 15.16
2 24 6.53 3.07 15.74 7.22 3.41 15.42
2 24 5.62 3.25 16.28 6.53 3.07 15.74
2 24 3.65 4.61 17.32 3.9 3.82 17.04
2 24 7.66 4.06 15.01 7.98 4.96 14.69
2 24 7.22 3.41 15.42 7.66 4.06 15.01
2 24 0.28 5.44 18.5 -0.02 4.53 18.73
2 24 1.5 6.31 17.51 0.28 5.44 18.5
2 24 3.6 6.11 17.12 1.5 6.31 17.51
2 24 -0.02 4.53 18.73 -0.16 3.55 19.11
2 24 4.64 5.83 16.56 3.6 6.11 17.12
2 24 -1.88 6.96 19.69 -2 5.77 19.89
2 24 -2 5.77 19.89 -1.99 4.39 19.83
2 24 -1.99 4.39 19.83 -1.64 3.47 19.93
2 24 6.97 6.66 15.83 6.61 6.2 15.86
2 24 6.97 7.07 15.79 6.97 6.66 15.83
2 24 8.3 5.65 15.16 9.31 5.93 14.3
2 24 9.31 5.93 14.3 9.45 6.73 13.99
2 24 9.45 6.73 13.99 9.59 7.47 14.02
2 24 9.59 7.47 14.02 8.53 8.05 14.45
2 24 8.53 8.05 14.45 7.99 7.97 14.94
2 24 7.99 7.97 14.94 6.82 8.12 15.66
2 24 6.82 8.12 15.66 6.97 7.07 15.79
2 24 6.82 8.12 15.66 5.26 8.84 15.72
2 24 3.16 7.43 16.95 3.6 6.11 17.12
2 24 3.3 8.63 16.74 2.81 8.24 17.01
2 24 2.81 8.24 17.01 3.16 7.43 16.95
2 24 5.26 8.84 15.72 4.26 9.21 15.94
2 24 4.26 9.21 15.94 3.3 8.63 16.74
2 24 8.53 8.05 14.45 8.93 8.62 14.17
2 24 8.93 8.62 14.17 9.16 9.25 13.73
2 24 9.16 9.25 13.73 8.69 10.13 13.65
2 24 8.69 10.13 13.65 8.16 11.01 13.51
2 24 8.16 11.01 13.51 7.58 11.07 13.9
2 24 5.35 10.29 15.25 4.26 9.21 15.94
2 24 6.32 10.72 14.3 5.35 10.29 15.25
2 24 7.58 11.07 13.9 6.32 10.72 14.3
2 24 9.86 9.22 13.39 9.16 9.25 13.73
2 24 10.28 9.27 12.9 9.86 9.22 13.39
2 24 10.88 7.62 11.97 11.03 8.5 11.9
2 24 11.03 8.5 11.9 10.66 9.03 12.12
2 24 10.66 9.03 12.12 10.28 9.27 12.9
2 24 10.22 6.77 12.86 10.88 7.62 11.97
2 24 9.45 6.73 13.99 10.22 6.77 12.86
2 24 10.71 9.93 11.91 11.16 10.48 11.13
2 24 10.66 9.03 12.12 10.71 9.93 11.91
2 24 9.35 12.28 12.3 8.93 12.12 12.69
2 24 8.93 12.12 12.69 7.89 11.81 13.51
2 24 7.89 11.81 13.51 8.16 11.01 13.51
2 24 11.16 10.48 11.13 10.64 11.21 11.14
2 24 10.64 11.21 11.14 10.1 11.68 11.15
2 24 10.1 11.68 11.15 9.78 12.11 11.77
2 24 9.78 12.11 11.77 9.35 12.28 12.3
2 24 11.74 10.57 10.58 11.16 10.48 11.13
2 24 12.16 10.45 9.95 11.74 10.57 10.58
2 24 11.03 8.5 11.9 11.86 8.42 10.92
2 24 12.41 10.23 9.21 12.16 10.45 9.95
2 24 12.63 9.33 9.09 12.41 10.23 9.21
2 24 12.59 8.6 9.85 12.63 9.33 9.09
2 24 11.86 8.42 10.92 12.59 8.6 9.85
2 24 12.76 10.93 8.56 12.58 12.22 8.67
2 24 12.58 12.22 8.67 12.21 12.87 8.63
2 24 11.7 13.18 9.17 11.39 13 9.67
2 24 12.21 12.87 8.63 11.93 13.18 8.62
2 24 11.93 13.18 8.62 11.7 13.18 9.17
2 24 11.39 13 9.67 10.67 12.15 10.56
2 24 10.67 12.15 10.56 10.1 11.68 11.15
2 24 12.41 10.23 9.21 12.76 10.93 8.56
2 24 9.49 16.14 9.21 9.74 15.89 9.51
2 24 11.36 14.84 7.33 11.18 15.03 7.12
2 24 9.74 15.89 9.51 9.78 15.38 10.57
2 24 11.66 14.38 7.7 11.36 14.84 7.33
2 24 11.93 13.18 8.62 11.66 14.38 7.7
2 24 9.78 15.38 10.57 10.1 11.68 11.15
2 24 7.42 16.06 11.98 6.36 15.09 12.85
2 24 6.36 15.09 12.85 7.76 14.27 12.66
2 24 8.73 16.42 10.49 7.42 16.06 11.98
2 24 7.76 14.27 12.66 8.93 12.12 12.69
2 24 8.39 16.69 10.18 8.73 16.42 10.49
2 24 6.58 14.44 13.09 6.03 14.07 13.52
2 24 6.03 14.07 13.52 5.53 13.43 13.85
2 24 5.53 13.43 13.85 5.22 12.4 14.18
2 24 5.22 12.4 14.18 5.84 11.47 14.31
2 24 6.36 15.09 12.85 6.58 14.44 13.09
2 24 5.84 11.47 14.31 6.32 10.72 14.3
2 24 3.19 11.23 15.46 1.91 10.85 16.16
2 24 3.85 10.45 15.8 3.19 11.23 15.46
2 24 4.26 9.21 15.94 3.85 10.45 15.8
2 24 1.91 10.85 16.16 0.87 10.1 17.01
2 24 0.87 10.1 17.01 -0.12 8.82 17.92
2 24 -0.12 8.82 17.92 -0.98 8.39 18.71
2 24 5.22 12.4 14.18 4.8 12.01 14.63
2 24 4.8 12.01 14.63 3.19 11.23 15.46
2 24 3.76 15.12 14.74 2.64 15.18 15.17
2 24 5.21 14.9 13.89 3.76 15.12 14.74
2 24 6.36 15.09 12.85 5.21 14.9 13.89
2 24 0.28 13.16 17.54 -0.28 12.43 17.86
2 24 -0.28 12.43 17.86 -0.79 11.69 18.74
2 24 -0.79 11.69 18.74 0.15 11.6 17.64
2 24 0.15 11.6 17.64 1.91 10.85 16.16
2 24 2.64 15.18 15.17 0.94 15.37 15.99
2 24 0.94 15.37 15.99 0.69 14.5 16.69
2 24 0.69 14.5 16.69 0.28 13.16 17.54
2 24 -0.98 8.39 18.71 -1.88 8.22 19.51
2 24 -1.88 8.22 19.51 -1.88 6.96 19.69
2 24 -1.54 9.23 20.05 -1.88 8.22 19.51
2 24 -0.95 11.88 19.92 -1.03 11.99 21.17
2 24 -1.03 11.99 21.17 -1.31 10.31 21.39
2 24 -0.79 11.69 18.74 -0.95 11.88 19.92
2 24 -1.31 10.31 21.39 -1.68 9.18 21.22
2 24 -1.68 9.18 21.22 -1.54 9.23 20.05
2 24 -0.46 12.76 21.16 -1.03 11.99 21.17
2 24 0 13.42 22.23 -0.46 12.76 21.16
2 24 0.6 14.63 22.26 0 13.42 22.23
2 24 0.31 15.49 21.76 0.6 14.63 22.26
2 24 -0.27 15.47 20.91 0.31 15.49 21.76
2 24 -0.27 15.52 19.73 -0.27 15.47 20.91
2 24 0.94 15.37 15.99 -0.34 15.83 17.18
2 24 -0.34 15.83 17.18 -0.03 15.64 18.53
2 24 -0.03 15.64 18.53 -0.27 15.52 19.73
2 24 -1.06 17.25 16.3 0.55 18.45 14.76
2 24 -1.41 17.15 17.01 -1.06 17.25 16.3
2 24 -2.44 17.42 17.02 -1.41 17.15 17.01
2 24 -3.13 16.97 16.69 -2.44 17.42 17.02
2 24 -3.5 16.98 15.86 -3.13 16.97 16.69
2 24 -4.36 15.69 15.67 -3.5 16.98 15.86
2 24 -4.82 14.77 15.82 -4.36 15.69 15.67
2 24 -5.56 15.32 15.06 -4.82 14.77 15.82
2 24 -6.16 16.55 13.83 -6.52 15.6 14.12
2 24 -6.52 15.6 14.12 -5.56 15.32 15.06
2 24 -6.3 17.21 13.01 -6.16 16.55 13.83
2 24 -5.98 17.69 12.48 -6.3 17.21 13.01
2 24 -1.41 17.15 17.01 -0.7 16.57 17.19
2 24 -0.7 16.57 17.19 -0.34 15.83 17.18
2 24 12.91 10.28 8.27 13.91 10.7 6.37
2 24 13.91 10.7 6.37 14.05 10.74 5.23
2 24 14.05 10.74 5.23 13.54 10.32 3.96
2 24 12.41 10.23 9.21 12.91 10.28 8.27
2 24 13.08 10.41 3.12 12.78 10.21 2.66
2 24 13.54 10.32 3.96 13.08 10.41 3.12
2 24 10.22 6.77 12.86 10.91 6.95 11.47
2 24 12.42 7.44 9.74 12.59 8.6 9.85
2 24 10.91 6.95 11.47 12.1 6.63 9.76
2 24 12.1 6.63 9.76 12.42 7.44 9.74
2 24 11.75 4.96 10.27 12.02 4.98 9.57
2 24 12.02 4.98 9.57 12.1 6.63 9.76
2 24 10.48 4.67 11.98 11.75 4.96 10.27
2 24 10.04 4.43 12.45 10.48 4.67 11.98
2 24 8.98 4.61 13.77 9.35 3.84 13.11
2 24 9.35 3.84 13.11 10.04 4.43 12.45
2 24 14.3 5.46 6.56 14.83 6.51 5.53
2 24 13.63 5.15 7.7 14.3 5.46 6.56
2 24 14.83 6.51 5.53 14.93 7.67 4.23
2 24 14.93 7.67 4.23 14.81 8.04 5.59
2 24 12.02 4.98 9.57 13.63 5.15 7.7
2 24 9.1 2.73 13.22 9.35 3.84 13.11
2 24 8.41 2.08 13.8 9.1 2.73 13.22
2 24 6.54 1.53 15.28 8.41 2.08 13.8
2 24 8.98 4.61 13.77 8.45 4.98 14.3
2 24 8.45 4.98 14.3 7.98 4.96 14.69
2 24 5.85 1.74 15.71 6.54 1.53 15.28
2 24 4.98 1.61 16.22 5.85 1.74 15.71
2 24 6.5 0.1 15.29 8.41 2.08 13.8
2 24 4.14 -1.62 16.3 5.27 -1.34 15.8
2 24 5.27 -1.34 15.8 6.5 0.1 15.29
2 24 3.09 -1.39 17.02 4.14 -1.62 16.3
2 24 2.82 -2.92 16.91 3.09 -1.39 17.02
2 24 2.67 -3.38 17.59 2.82 -2.92 16.91
2 24 2.14 -3.01 18 2.67 -3.38 17.59
2 24 13.36 9.04 8.2 14.09 8.79 7.31
2 24 14.09 8.79 7.31 14.54 8.41 6.56
2 24 14.54 8.41 6.56 14.81 8.04 5.59
2 24 14.93 7.67 4.23 14.73 8.61 2.82
2 24 12.63 9.33 9.09 13.36 9.04 8.2
2 24 13.69 8.37 0.74 13.17 8.49 0.57
2 24 14.69 7.73 1.5 13.69 8.37 0.74
2 24 15.45 6.41 2.24 14.69 7.73 1.5
2 24 15.98 4.86 2.75 15.45 6.41 2.24
2 24 16.25 3.22 3.19 15.98 4.86 2.75
2 24 14.3 5.46 6.56 14.29 3.72 6.9
2 24 14.29 3.72 6.9 14.31 2.14 7.15
2 24 14.52 -1.03 6.23 14.83 -2.58 4.9
2 24 14.31 2.14 7.15 13.88 -0.67 7.35
2 24 13.88 -0.67 7.35 14.52 -1.03 6.23
2 24 14.83 -2.58 4.9 15 -2.34 4.22
2 24 15 -2.34 4.22 16.19 1.52 3.57
2 24 16.19 1.52 3.57 16.25 3.22 3.19
2 24 -4.16 -9.96 12.44 -2.39 -10.18 12.8
2 24 -5.14 -9.67 12.52 -4.16 -9.96 12.44
2 24 -5.73 -9.65 13.49 -5.78 -9.19 12.88
2 24 -5.78 -9.19 12.88 -5.14 -9.67 12.52
2 24 -2.59 -10.68 14.31 -3.86 -10.66 14.23
2 24 -1.63 -10.16 14.58 -2.59 -10.68 14.31
2 24 -2.39 -10.18 12.8 -1.79 -9.93 13.21
2 24 -1.79 -9.93 13.21 -1.11 -9.72 13.73
2 24 -1.11 -9.72 13.73 -1.63 -10.16 14.58
2 24 -5.44 -10.3 14.36 -5.73 -9.65 13.49
2 24 -3.86 -10.66 14.23 -5.44 -10.3 14.36
2 24 -5.47 -11.46 17.16 -6.2 -10.95 17.1
2 24 -4.17 -11.55 17.11 -5.47 -11.46 17.16
2 24 -2.74 -11.12 17.47 -4.17 -11.55 17.11
2 24 -6.2 -10.95 17.1 -6.49 -10.79 16.21
2 24 -6.49 -10.79 16.21 -6.21 -10.65 15.29
2 24 -6.21 -10.65 15.29 -5.44 -10.3 14.36
2 24 -2 -11.19 16.4 -2.74 -11.12 17.47
2 24 -1.19 -10.87 15.62 -2 -11.19 16.4
2 24 -1.63 -10.16 14.58 -1.19 -10.87 15.62
2 24 -2.74 -11.12 17.47 -3.07 -11.54 18.97
2 24 -3.07 -11.54 18.97 -3.51 -11.51 19.57
2 24 -3.51 -11.51 19.57 -4.14 -11.28 20.09
2 24 -4.14 -11.28 20.09 -5.32 -11.22 20.08
2 24 -5.32 -11.22 20.08 -6.57 -11.16 19.94
2 24 -6.57 -11.16 19.94 -7.54 -10.53 20.26
2 24 -7.54 -10.53 20.26 -7.69 -10.06 19.21
2 24 -7.04 -10.62 17.4 -6.2 -10.95 17.1
2 24 -7.65 -10.29 17.79 -7.04 -10.62 17.4
2 24 -7.69 -10.06 19.21 -8.31 -9.51 18.09
2 24 -8.31 -9.51 18.09 -7.65 -10.29 17.79
2 24 -6.64 -8.93 13.04 -5.78 -9.19 12.88
2 24 -7.66 -8.56 13.45 -6.64 -8.93 13.04
2 24 -7.51 -9.09 14.23 -7.66 -8.56 13.45
2 24 -8.17 -8.48 14.82 -7.51 -9.09 14.23
2 24 -8.74 -8.44 16.74 -8.58 -8.48 15.79
2 24 -9.02 -8.37 17.79 -8.74 -8.44 16.74
2 24 -8.31 -9.51 18.09 -9.02 -8.37 17.79
2 24 -8.71 -8.11 15.1 -8.17 -8.48 14.82
2 24 -8.58 -8.48 15.79 -8.71 -8.11 15.1
2 24 -5.42 -11.54 21.69 -5.72 -11.19 23.3
2 24 -5.72 -11.19 23.3 -5.4 -10.97 24.13
2 24 -5.32 -11.22 20.08 -5.42 -11.54 21.69
2 24 -7.92 -9.82 24.24 -8.67 -9.13 23.42
2 24 -8.67 -9.13 23.42 -8.83 -9.62 21.17
2 24 -8.83 -9.62 21.17 -8.41 -9.92 20.62
2 24 -8.41 -9.92 20.62 -7.54 -10.53 20.26
2 24 -6.43 -10.16 24.49 -7.92 -9.82 24.24
2 24 -5.4 -10.97 24.13 -5.56 -10.61 24.76
2 24 -5.56 -10.61 24.76 -6.43 -10.16 24.49
2 24 -3.06 -11.65 20.74 -4.14 -11.28 20.09
2 24 -1.7 -11.29 22.19 -3.06 -11.65 20.74
2 24 -1.48 -10.67 23.08 -2.1 -11.19 22.56
2 24 -2.1 -11.19 22.56 -1.7 -11.29 22.19
2 24 0.1 -9.36 22.44 -0.65 -9.82 23.07
2 24 0.32 -9.54 21.81 0.1 -9.36 22.44
2 24 -0.65 -9.82 23.07 -1.16 -10.21 23.38
2 24 -1.16 -10.21 23.38 -1.48 -10.67 23.08
2 24 -1.7 -11.25 18.41 -0.25 -10.92 19.68
2 24 0.28 -9.59 21.1 0.32 -9.54 21.81
2 24 0.15 -10.12 20.54 0.28 -9.59 21.1
2 24 0.31 -10.4 19.92 0.15 -10.12 20.54
2 24 -0.25 -10.92 19.68 0.31 -10.4 19.92
2 24 -2.74 -11.12 17.47 -1.7 -11.25 18.41
2 24 -1.19 -10.15 24.01 -1.22 -9.54 24.83
2 24 -1.16 -10.21 23.38 -1.19 -10.15 24.01
2 24 -1.22 -9.54 24.83 -1.29 -8.7 25.39
2 24 -2.52 -8.55 25.99 -3.23 -9.31 26.22
2 24 -1.29 -8.7 25.39 -1.39 -7.9 25.95
2 24 -1.39 -7.9 25.95 -2.52 -8.55 25.99
2 24 -5.72 -10.51 25.27 -5.56 -10.61 24.76
2 24 -4.98 -10.59 25.91 -5.72 -10.51 25.27
2 24 -3.23 -9.31 26.22 -4.98 -10.59 25.91
2 24 0.31 -10.4 19.92 0.85 -9.85 19.55
2 24 0.85 -9.85 19.55 1.16 -9.22 18.79
2 24 1.3 -7.72 17.6 1.21 -6.92 18.77
2 24 1.06 -7.33 20.37 0.91 -7.74 21.2
2 24 0.91 -7.74 21.2 0.63 -8.43 21.98
2 24 0.63 -8.43 21.98 0.1 -9.36 22.44
2 24 1.3 -6.48 20.03 1.06 -7.33 20.37
2 24 1.21 -6.92 18.77 1.44 -5.67 19.92
2 24 1.44 -5.67 19.92 1.3 -6.48 20.03
2 24 0.18 -10.31 16.1 0.74 -9.93 16.8
2 24 0.74 -9.93 16.8 1.11 -9.37 17.58
2 24 -1.19 -10.87 15.62 -0.43 -10.48 15.46
2 24 -0.43 -10.48 15.46 0.18 -10.31 16.1
2 24 1.38 -8.42 16.68 1.3 -7.72 17.6
2 24 1.24 -9.06 15.86 1.38 -8.42 16.68
2 24 0.83 -9.56 15.12 1.24 -9.06 15.86
2 24 0.29 -9.86 14.54 0.83 -9.56 15.12
2 24 -0.44 -9.92 14.09 0.29 -9.86 14.54
2 24 -1.11 -9.72 13.73 -0.44 -9.92 14.09
2 24 -9.44 -7.03 14.37 -9.05 -7.53 13.94
2 24 -9.05 -7.53 13.94 -8.48 -8.08 13.59
2 24 -8.71 -8.11 15.1 -9.35 -7.57 15.12
2 24 -9.35 -7.57 15.12 -9.74 -6.65 15.02
2 24 -9.74 -6.65 15.02 -9.44 -7.03 14.37
2 24 -8.48 -8.08 13.59 -7.66 -8.56 13.45
2 24 -9.99 -5.83 15.47 -9.74 -6.65 15.02
2 24 -10.01 -6.67 17.52 -10.1 -6.03 17.36
2 24 -9.02 -8.37 17.79 -9.29 -7.8 18.07
2 24 -9.29 -7.8 18.07 -10.01 -6.67 17.52
2 24 -9.75 -5.33 16.24 -9.99 -5.83 15.47
2 24 -10.1 -6.03 17.36 -9.64 -5.29 17.16
2 24 -9.64 -5.29 17.16 -9.4 -4.79 16.9
2 24 -9.4 -4.79 16.9 -9.75 -5.33 16.24
2 24 1.21 -7 21.76 1.125 -6.345 22.325
2 24 0.91 -7.74 21.2 1.21 -7 21.76
2 24 -0.21 -7.27 25.73 -1.39 -7.9 25.95
2 24 0.92 -6.63 23.28 0.8 -6.89 23.84
2 24 1.14 -5.5 22.69 0.92 -6.63 23.28
2 24 1.125 -6.345 22.325 1.14 -5.5 22.69
2 24 0.8 -6.89 23.84 0.4 -6.6 24.61
2 24 0.4 -6.6 24.61 -0.21 -7.27 25.73
2 24 0.94 -4.65 22.53 1.14 -5.5 22.69
2 24 0.61 -4.15 22.25 0.94 -4.65 22.53
2 24 1.15 -4.39 20.82 0.61 -4.15 22.25
2 24 1.44 -5.67 19.92 1.15 -4.39 20.82
2 24 -2.9 -7.62 27.67 -3.38 -6.93 28.17
2 24 -2.61 -8.09 26.9 -2.9 -7.62 27.67
2 24 -4.59 -6.78 28.67 -5.69 -7.28 28.49
2 24 -3.38 -6.93 28.17 -3.89 -6.15 28.46
2 24 -3.89 -6.15 28.46 -4.59 -6.78 28.67
2 24 -5.69 -7.28 28.49 -6.44 -7.96 27.72
2 24 -6.8 -8.89 26.88 -6.48 -9.81 25.93
2 24 -6.44 -7.96 27.72 -7.04 -8.28 27.13
2 24 -7.04 -8.28 27.13 -6.8 -8.89 26.88
2 24 -2.52 -8.55 25.99 -2.61 -8.09 26.9
2 24 -6.48 -9.81 25.93 -6.43 -10.16 24.49
2 24 -3.22 -5.58 28.33 -3.89 -6.15 28.46
2 24 -2.62 -5.14 28.31 -3.22 -5.58 28.33
2 24 0.3 -4.94 24.95 -0.45 -4.54 25.61
2 24 -0.45 -4.54 25.61 -0.7 -4.23 26.34
2 24 -0.7 -4.23 26.34 -1.02 -4.73 27.64
2 24 -1.02 -4.73 27.64 -2.62 -5.14 28.31
2 24 0.4 -6.6 24.61 0.3 -4.94 24.95
2 24 -9.52 -8.08 24 -8.67 -9.13 23.42
2 24 -9.77 -7.12 24.94 -9.52 -8.08 24
2 24 -9.56 -6.76 25.76 -9.77 -7.12 24.94
2 24 -7.04 -8.28 27.13 -7.94 -7.93 27.38
2 24 -7.94 -7.93 27.38 -8.82 -7.45 27.29
2 24 -8.82 -7.45 27.29 -9.65 -6.51 26.98
2 24 -9.65 -6.51 26.98 -9.73 -5.96 26.11
2 24 -9.73 -5.96 26.11 -9.56 -6.76 25.76
2 24 -10.07 -8.33 20.32 -9.64 -8.84 21.52
2 24 -9.64 -8.84 21.52 -9.47 -8.77 22.6
2 24 -9.47 -8.77 22.6 -8.67 -9.13 23.42
2 24 -10.09 -7.63 19.82 -10.07 -8.33 20.32
2 24 -10.36 -6.94 19.46 -10.09 -7.63 19.82
2 24 -11.48 -6.19 20.78 -10.97 -6.06 19.81
2 24 -11.58 -6.13 21.81 -11.61 -5.61 21.15
2 24 -11.61 -5.61 21.15 -11.48 -6.19 20.78
2 24 -11.72 -6.5 22.45 -11.58 -6.13 21.81
2 24 -11.01 -6.22 24.67 -11.72 -6.5 22.45
2 24 -10.28 -6.02 25.25 -11.01 -6.22 24.67
2 24 -9.73 -5.96 26.11 -10.28 -6.02 25.25
2 24 -9.73 -7.79 19.1 -9.57 -7.87 18.52
2 24 -9.57 -7.87 18.52 -9.29 -7.8 18.07
2 24 -10.09 -7.63 19.82 -9.73 -7.79 19.1
2 24 -10.36 -6.94 19.46 -10.6 -5.41 18.85
2 24 -10.6 -5.41 18.85 -10.41 -4.71 18.71
2 24 -10.41 -4.71 18.71 -9.96 -4.37 18.62
2 24 -9.96 -4.37 18.62 -9.11 -4.14 18.35
2 24 -9.11 -4.14 18.35 -9.4 -4.79 16.9
2 24 -11.61 -5.61 21.15 -11.98 -4.37 22.05
2 24 -11.98 -4.37 22.05 -12.2 -4.1 21.29
2 24 -12.2 -4.1 21.29 -12.25 -3.67 20.73
2 24 -12.25 -3.67 20.73 -11.13 -2.94 19.94
2 24 -11.13 -2.94 19.94 -10.21 -2.77 19.69
2 24 -10.21 -2.77 19.69 -9.3 -2.89 19.45
2 24 -9.3 -2.89 19.45 -9.57 -3.24 19.27
2 24 -9.57 -3.24 19.27 -9.21 -3.63 18.9
2 24 -9.21 -3.63 18.9 -9.11 -4.14 18.35
2 24 -11.48 -3.68 24.75 -11.57 -3.92 23.96
2 24 -10.99 -3.27 25.36 -11.48 -3.68 24.75
2 24 -10.18 -3.25 25.64 -10.99 -3.27 25.36
2 24 -10.19 -4.14 26.21 -10.18 -3.25 25.64
2 24 -10.17 -5.1 26.28 -10.19 -4.14 26.21
2 24 -9.73 -5.96 26.11 -10.17 -5.1 26.28
2 24 -11.57 -3.92 23.96 -12.08 -3.29 23.26
2 24 -12.08 -3.29 23.26 -11.98 -4.37 22.05
2 24 -0.7 -4.23 26.34 -0.3 -3.53 26.62
2 24 -0.3 -3.53 26.62 0.21 -1.15 27.02
2 24 -0.36 -0.96 28 -1.58 -0.98 28.97
2 24 -1.58 -0.98 28.97 -2.5 -1.14 29.13
2 24 -2.5 -1.14 29.13 -2.83 -1.99 29.5
2 24 -3.85 -3.44 29.42 -2.62 -5.14 28.31
2 24 -2.83 -1.99 29.5 -4.13 -2.65 29.92
2 24 -4.13 -2.65 29.92 -3.85 -3.44 29.42
2 24 0.21 -1.15 27.02 -0.12 -0.41 27.24
2 24 -0.12 -0.41 27.24 -0.36 -0.96 28
2 24 -6.7 -6.74 28.44 -5.69 -7.28 28.49
2 24 -7.16 -5.88 28.65 -6.7 -6.74 28.44
2 24 -7.6 -5.15 28.75 -7.16 -5.88 28.65
2 24 -6.76 -4.15 29.42 -7.6 -5.15 28.75
2 24 -5.85 -3.68 29.87 -6.76 -4.15 29.42
2 24 -4.98 -3.26 30.14 -5.85 -3.68 29.87
2 24 -4.13 -2.65 29.92 -4.98 -3.26 30.14
2 24 0.69 -1.64 26 0.21 -1.15 27.02
2 24 0.79 -1.14 25.37 0.69 -1.64 26
2 24 0.51 -0.98 24.7 0.79 -1.14 25.37
2 24 0.14 -1.11 23.93 0.51 -0.98 24.7
2 24 0.3 -4.94 24.95 1.14 -3.83 24.58
2 24 1.14 -3.83 24.58 0.39 -2.93 23.3
2 24 -0.24 -1.98 23.14 0.14 -1.11 23.93
2 24 0.39 -2.93 23.3 -0.24 -1.98 23.14
2 24 0.61 -4.15 22.25 -0.24 -1.98 23.14
2 24 -9.52 -4.38 28.01 -9.84 -3.76 27.28
2 24 -9.04 -4.88 28.31 -9.52 -4.38 28.01
2 24 -7.6 -5.15 28.75 -9.04 -4.88 28.31
2 24 -9.84 -3.76 27.28 -9.82 -2.9 26.47
2 24 -9.82 -2.9 26.47 -10.18 -3.25 25.64
2 24 -9.63 -0.86 28.93 -10.08 -0.33 27.92
2 24 -10.27 -0.67 27.12 -10.52 -1.34 26.71
2 24 -8.75 -1.54 29.36 -9.63 -0.86 28.93
2 24 -10.08 -0.33 27.92 -10.25 0.15 26.94
2 24 -10.25 0.15 26.94 -10.27 -0.67 27.12
2 24 -7.98 -2.06 29.49 -8.75 -1.54 29.36
2 24 -7.19 -2.85 29.77 -7.98 -2.06 29.49
2 24 -6.76 -4.15 29.42 -7.19 -2.85 29.77
2 24 -10.25 -2.35 26.19 -9.82 -2.9 26.47
2 24 -10.52 -1.34 26.71 -10.25 -2.35 26.19
2 24 -12.4 -2.63 23.26 -12.08 -3.29 23.26
2 24 -12.28 -2.03 23.25 -12.4 -2.63 23.26
2 24 -11.01 0.7 26.11 -12.27 -0.08 24.84
2 24 -10.47 0.81 26.54 -11.01 0.7 26.11
2 24 -10.25 0.15 26.94 -10.47 0.81 26.54
2 24 -12.27 -0.08 24.84 -12.37 -0.36 24.22
2 24 -11.96 -1.5 22.8 -12.28 -2.03 23.25
2 24 -12.37 -0.36 24.22 -12.2 0.25 23.54
2 24 -12.2 0.25 23.54 -11.96 -1.5 22.8
2 24 -8.85 2.55 29.31 -9.89 2.97 28.36
2 24 -7.47 -1.38 29.84 -6.08 0.56 30.6
2 24 -6.08 0.56 30.6 -7.02 1.32 30.15
2 24 -7.98 -2.06 29.49 -7.47 -1.38 29.84
2 24 -7.12 2.19 30.23 -8.85 2.55 29.31
2 24 -7.02 1.32 30.15 -7.12 2.19 30.23
2 24 -10.14 2.67 27.49 -10.29 1.38 26.87
2 24 -9.89 2.97 28.36 -10.14 2.67 27.49
2 24 -10.29 1.38 26.87 -10.47 0.81 26.54
2 24 -10.14 2.67 27.49 -10.08 3.54 26.93
2 24 -11.02 4.92 26.13 -11.67 4.53 25.6
2 24 -10.08 3.54 26.93 -10.04 5.13 26.7
2 24 -10.04 5.13 26.7 -11.02 4.92 26.13
2 24 -11.67 4.53 25.6 -11.85 4.14 24.89
2 24 -11.78 1.41 23.51 -12.2 0.25 23.54
2 24 -11.04 2.29 22.88 -11.78 1.41 23.51
2 24 -11.32 3.32 23.36 -11.04 2.29 22.88
2 24 -11.49 3.75 24.28 -11.32 3.32 23.36
2 24 -11.85 4.14 24.89 -11.49 3.75 24.28
2 24 -11.18 5.46 23.57 -11.66 4.5 23.9
2 24 -10.58 6.49 23.41 -11.18 5.46 23.57
2 24 -11.66 4.5 23.9 -11.49 3.75 24.28
2 24 -10.04 5.13 26.7 -10.31 5.85 26.93
2 24 -10.55 7.94 25.37 -10.92 7.79 24.38
2 24 -10.92 7.79 24.38 -10.59 7.31 23.68
2 24 -10.59 7.31 23.68 -10.58 6.49 23.41
2 24 -9.72 8.34 26.06 -10.55 7.94 25.37
2 24 -9.44 7.81 26.82 -9.72 8.34 26.06
2 24 -10.06 6.37 27.02 -9.33 6.85 27.4
2 24 -9.33 6.85 27.4 -9.44 7.81 26.82
2 24 -10.31 5.85 26.93 -10.06 6.37 27.02
2 24 -2.5 -1.14 29.13 -2.85 0.46 29.94
2 24 -4.99 0.98 31.16 -6.08 0.56 30.6
2 24 -4.17 1.44 31.15 -4.99 0.98 31.16
2 24 -3.55 1.79 30.78 -4.17 1.44 31.15
2 24 -2.85 0.46 29.94 -2.97 2.07 30.32
2 24 -2.97 2.07 30.32 -3.55 1.79 30.78
2 24 -2.7 3.53 30.16 -2.83 2.77 30.36
2 24 -2.83 2.77 30.36 -2.97 2.07 30.32
2 24 -0.13 3.42 27.88 -0.85 3.66 28.83
2 24 -0.85 3.66 28.83 -1.67 4.22 29.41
2 24 -2.58 4.14 29.87 -2.7 3.53 30.16
2 24 -1.67 4.22 29.41 -2.58 4.14 29.87
2 24 -0.12 -0.41 27.24 -0.02 1.58 27.46
2 24 -0.02 1.58 27.46 -0.01 1.95 27.45
2 24 -0.01 1.95 27.45 -0.13 3.42 27.88
2 24 -0.41 0.71 23.58 -0.22 1.88 23.66
2 24 -0.22 1.88 23.66 -0.1 3.09 23.98
2 24 -0.1 3.09 23.98 0.84 2.93 25.53
2 24 -0.64 -0.65 23.78 -0.41 0.71 23.58
2 24 0.14 -1.11 23.93 -0.64 -0.65 23.78
2 24 0.84 2.93 25.53 0.51 2.32 26.72
2 24 0.51 2.32 26.72 -0.01 1.95 27.45
2 24 -12.07 -1.12 21.75 -10.88 -0.76 20.86
2 24 -10.88 -0.76 20.86 -9.91 -0.63 20.46
2 24 -9.91 -0.63 20.46 -8.81 -0.8 20.11
2 24 -8.81 -0.8 20.11 -8.12 -1.11 19.82
2 24 -8.12 -1.11 19.82 -8.97 -2.42 19.58
2 24 -8.97 -2.42 19.58 -9.3 -2.89 19.45
2 24 -11.96 -1.5 22.8 -12.17 -1.5 22.21
2 24 -12.17 -1.5 22.21 -12.07 -1.12 21.75
2 24 -11.04 2.29 22.88 -10.5 3.07 22.03
2 24 -10.5 3.07 22.03 -9.68 3.24 21.49
2 24 -9.68 3.24 21.49 -8.2 3.37 20.9
2 24 -7.45 -1.41 19.35 -8.12 -1.11 19.82
2 24 -7.01 -0.73 19.26 -7.45 -1.41 19.35
2 24 -6.97 0.84 18.85 -7.01 -0.73 19.26
2 24 -7.27 2.14 18.97 -6.97 0.84 18.85
2 24 -7.25 2.66 19.05 -7.27 2.14 18.97
2 24 -8.2 3.37 20.9 -7.24 3.19 20.3
2 24 -7.24 3.19 20.3 -7.14 3.19 19.14
2 24 -7.14 3.19 19.14 -7.25 2.66 19.05
2 24 -2.71 4.73 30.4 -3.02 5.51 30.64
2 24 -2.58 4.14 29.87 -2.71 4.73 30.4
2 24 -3.02 5.51 30.64 -3.42 6.06 30.6
2 24 -3.42 6.06 30.6 -4.04 5.97 31.09
2 24 -4.04 5.97 31.09 -4.97 5.47 31.32
2 24 -4.97 5.47 31.32 -6 4.86 30.85
2 24 -6 4.86 30.85 -6.71 3.79 30.67
2 24 -6.71 3.79 30.67 -7.13 3 30.41
2 24 -7.13 3 30.41 -7.12 2.19 30.23
2 24 -6.91 5.19 30.29 -7.49 6.26 29.66
2 24 -7.49 6.26 29.66 -8.71 6.45 29.06
2 24 -8.71 6.45 29.06 -9.21 6.71 28.31
2 24 -9.21 6.71 28.31 -9.33 6.85 27.4
2 24 -6 4.86 30.85 -6.91 5.19 30.29
2 24 -2.7 7.75 30.14 -2.96 6.72 30.35
2 24 -2.36 8.69 29.47 -2.7 7.75 30.14
2 24 -1.19 8.24 28.88 -2.36 8.69 29.47
2 24 -2.96 6.72 30.35 -3.42 6.06 30.6
2 24 -0.58 7.55 28.01 -1.19 8.24 28.88
2 24 -0.22 6.31 27.57 -0.58 7.55 28.01
2 24 -0.05 5.02 27.28 -0.22 6.31 27.57
2 24 -0.13 3.42 27.88 -0.05 5.02 27.28
2 24 -0.27 6.41 23.4 0.57 6.37 24.41
2 24 0.57 6.37 24.41 0.53 6.02 26.16
2 24 0.53 6.02 26.16 -0.05 5.02 27.28
2 24 -1.16 4.01 23.23 -1.49 4.6 23.03
2 24 -1.49 4.6 23.03 -1.85 5.42 22.86
2 24 -0.1 3.09 23.98 -1.59 3.09 22.54
2 24 -1.59 3.09 22.54 -1.16 4.01 23.23
2 24 -1.85 5.42 22.86 -1.91 6.49 22.63
2 24 -1.91 6.49 22.63 -0.27 6.41 23.4
2 24 -10.02 6.4 21.61 -8.93 6.46 20.74
2 24 -8.93 6.46 20.74 -8.14 5.8 20.45
2 24 -10.42 6.14 22.55 -10.02 6.4 21.61
2 24 -10.58 6.49 23.41 -10.42 6.14 22.55
2 24 -8.14 5.8 20.45 -7.63 5.2 19.91
2 24 -7.23 4.44 19.1 -7.14 3.19 19.14
2 24 -10.59 7.31 23.68 -10.58 8.02 23.27
2 24 -10.58 8.02 23.27 -10.35 8.61 22.85
2 24 -9.7 10.14 21.26 -8.79 10.22 20.49
2 24 -10.17 10.02 22.02 -9.7 10.14 21.26
2 24 -10.21 9.43 22.55 -10.17 10.02 22.02
2 24 -10.35 8.61 22.85 -10.21 9.43 22.55
2 24 -8.79 10.22 20.49 -7.94 10.26 19.99
2 24 -6.84 9.48 19.96 -7.45 8.32 19.72
2 24 -7.94 10.26 19.99 -7.06 10.46 19.67
2 24 -7.06 10.46 19.67 -6.84 9.48 19.96
2 24 -7.45 8.32 19.72 -7.76 7.37 19.8
2 24 -7.76 7.37 19.8 -8.93 6.46 20.74
2 24 -9.71 9.59 26.18 -9.33 10.19 26.02
2 24 -9.72 8.34 26.06 -9.71 9.59 26.18
2 24 -9.58 11.09 25.36 -10.15 10.8 24.73
2 24 -9.33 10.19 26.02 -8.47 11.22 25.74
2 24 -8.47 11.22 25.74 -9.58 11.09 25.36
2 24 -10.17 10.1 22.87 -10.21 9.43 22.55
2 24 -10.15 10.8 24.73 -10.18 10.89 23.92
2 24 -9.98 10.56 23.24 -10.17 10.1 22.87
2 24 -10.18 10.89 23.92 -9.98 10.56 23.24
2 24 0.57 8.96 25.92 0.01 8.08 26.64
2 24 0.01 8.08 26.64 0.29 7.01 26.52
2 24 0.29 7.01 26.52 0.53 6.02 26.16
2 24 0.15 9.64 23.03 1.02 9.63 23.86
2 24 -1.91 6.49 22.63 -1.52 7.27 22.28
2 24 -1.52 7.27 22.28 -1.36 8.05 22.22
2 24 -1.36 8.05 22.22 -1.06 8.99 22.41
2 24 -1.06 8.99 22.41 -1.04 9.9 22.58
2 24 -1.04 9.9 22.58 0.15 9.64 23.03
2 24 1.12 9.37 25.23 0.57 8.96 25.92
2 24 1.02 9.63 23.86 1.12 9.37 25.23
2 24 -2.89 10.03 30.05 -2.36 8.69 29.47
2 24 -2.09 11.86 29.61 -3.37 10.84 30.47
2 24 -3.37 10.84 30.47 -2.89 10.03 30.05
2 24 -0.58 7.55 28.01 0.01 8.08 26.64
2 24 0.57 8.96 25.92 0.68 9.97 26.31
2 24 0.68 9.97 26.31 0.47 11.55 26.62
2 24 0.47 11.55 26.62 0.45 12.35 27.41
2 24 0.45 12.35 27.41 -0.04 12.87 28.23
2 24 -0.04 12.87 28.23 -1.27 12.81 28.96
2 24 -1.27 12.81 28.96 -2.09 11.86 29.61
2 24 1.31 13.95 23.57 1.52 13.46 25.12
2 24 1.52 13.46 25.12 0.87 12.72 26.32
2 24 0.87 12.72 26.32 0.47 11.55 26.62
2 24 0.6 14.63 22.26 1.31 13.95 23.57
2 24 -1.04 9.9 22.58 -0.54 11.53 21.98
2 24 -0.54 11.53 21.98 -1.03 11.99 21.17
2 24 -7.49 6.26 29.66 -7.11 7.4 29.91
2 24 -7.11 7.4 29.91 -6.24 9.11 29.89
2 24 -6.24 9.11 29.89 -6.47 9.68 29.48
2 24 -6.62 11.48 28.78 -7.52 10.75 27.92
2 24 -6.42 10.5 29.61 -6.62 11.48 28.78
2 24 -6.47 9.68 29.48 -6.42 10.5 29.61
2 24 -7.52 10.75 27.92 -7.96 10.81 26.95
2 24 -7.96 10.81 26.95 -8.47 11.22 25.74
2 24 0.62 17.11 21.65 0.32 18.16 21.67
2 24 0.56 16.18 21.74 0.62 17.11 21.65
2 24 0.94 15.62 25.69 1.05 13.94 25.75
2 24 1.69 16.92 25.25 0.94 15.62 25.69
2 24 1.05 13.94 25.75 0.87 12.72 26.32
2 24 0.31 15.49 21.76 0.56 16.18 21.74
2 24 0.88 17.99 22.93 1.52 17.84 23.59
2 24 1.52 17.84 23.59 1.69 16.92 25.25
2 24 0.32 18.16 21.67 0.43 18.6 22.55
2 24 0.43 18.6 22.55 0.88 17.99 22.93
2 24 -1.9 13.4 29.52 -1.27 12.81 28.96
2 24 -2.38 14.17 30.17 -1.9 13.4 29.52
2 24 -1.87 15.49 29.79 -3.48 14.85 30.22
2 24 -3.48 14.85 30.22 -2.38 14.17 30.17
2 24 -0.5 15.97 29.28 -1.87 15.49 29.79
2 24 0.35 16.35 28.56 -0.5 15.97 29.28
2 24 1.09 16.26 26.98 0.35 16.35 28.56
2 24 0.94 15.62 25.69 1.09 16.26 26.98
2 24 -4.45 10.78 30.78 -3.37 10.84 30.47
2 24 -5.56 10.23 30.45 -4.45 10.78 30.78
2 24 -6.07 13.12 28.96 -6.62 11.48 28.78
2 24 -6.24 9.11 29.89 -5.56 10.23 30.45
2 24 -3.48 14.85 30.22 -5.07 14.18 29.54
2 24 -5.07 14.18 29.54 -6.07 13.12 28.96
2 24 -8.42 14.04 24.04 -8.88 13.8 23.27
2 24 -8.19 13.25 25.62 -7.66 14.36 24.67
2 24 -7.66 14.36 24.67 -8.42 14.04 24.04
2 24 -8.34 12.64 25.74 -8.19 13.25 25.62
2 24 -8.47 11.22 25.74 -8.34 12.64 25.74
2 24 -8.73 12.66 22.29 -9.03 11.83 22.15
2 24 -9.03 11.83 22.15 -9.74 11.08 22.8
2 24 -8.88 13.8 23.27 -8.83 13.52 22.52
2 24 -8.69 13.3 21.95 -8.73 12.66 22.29
2 24 -8.83 13.52 22.52 -8.69 13.3 21.95
2 24 -9.74 11.08 22.8 -9.98 10.56 23.24
2 24 -9.03 11.83 22.15 -9 12.02 21.37
2 24 -9 12.02 21.37 -8.83 12.16 20.89
2 24 -8.83 12.16 20.89 -8.18 12.19 20
2 24 -8.18 12.19 20 -7.11 12.17 19.14
2 24 -7.11 12.17 19.14 -7 11.88 19.34
2 24 -6.89 11.29 19.43 -7.06 10.46 19.67
2 24 -7 11.88 19.34 -6.89 11.29 19.43
2 24 -8.69 13.3 21.95 -8.33 14.12 21.54
2 24 -8.33 14.12 21.54 -7.89 14.64 20.67
2 24 -7.89 14.64 20.67 -7.58 15.29 19.62
2 24 -7.58 15.29 19.62 -6.86 15.42 18.93
2 24 -6.86 15.42 18.93 -6.22 14.98 18.48
2 24 -6.38 13.26 18.05 -6.94 12.56 18.65
2 24 -6.94 12.56 18.65 -7.11 12.17 19.14
2 24 -5.96 13.96 17.83 -6.38 13.26 18.05
2 24 -5.27 14.27 17.7 -5.96 13.96 17.83
2 24 -1.48 18.95 29.57 -2.83 18.49 29.73
2 24 0.35 16.35 28.56 -0.38 17.27 29.09
2 24 -6.06 15.85 26.95 -5.56 14.96 28.29
2 24 -5.73 17.18 27.58 -6.06 15.85 26.95
2 24 -4.74 17.77 28.21 -5.21 18.56 27.86
2 24 -5.21 18.56 27.86 -5.73 17.18 27.58
2 24 -5.56 14.96 28.29 -6.07 13.12 28.96
2 24 -0.38 17.27 29.09 -0.92 19.18 29.32
2 24 -0.92 19.18 29.32 -1.48 18.95 29.57
2 24 -3.94 18.06 29.18 -4.74 17.77 28.21
2 24 -2.83 18.49 29.73 -3.94 18.06 29.18
2 24 -6.06 15.85 26.95 -6.58 15.94 26.35
2 24 -7.32 15.53 24.68 -7.66 14.36 24.67
2 24 -6.58 15.94 26.35 -6.96 16.88 25.08
2 24 -6.96 16.88 25.08 -7.32 15.53 24.68
2 24 -0.59 20.48 29.05 -0.92 19.18 29.32
2 24 1.57 20.5 27.39 0.38 20.74 28.14
2 24 0.38 20.74 28.14 -0.59 20.48 29.05
2 24 1.89 20.1 25.87 1.57 20.5 27.39
2 24 1.9 18.43 25.96 1.89 20.1 25.87
2 24 1.59 17.2 26.2 1.9 18.43 25.96
2 24 1.09 16.26 26.98 1.59 17.2 26.2
2 24 1.94 21.53 24.51 1.89 20.1 25.87
2 24 0.66 22.07 23.52 1.94 21.53 24.51
2 24 -0.22 21.45 22.29 -0.41 22.53 22.44
2 24 -0.41 22.53 22.44 0.66 22.07 23.52
2 24 0.43 18.6 22.55 -0.08 19.46 22.31
2 24 -0.08 19.46 22.31 -0.29 20.52 22.24
2 24 -0.29 20.52 22.24 -0.22 21.45 22.29
2 24 -8.15 15.73 21.73 -7.77 16.39 21.07
2 24 -7.91 15.05 21.29 -8.15 15.73 21.73
2 24 -7.89 14.64 20.67 -7.91 15.05 21.29
2 24 -7.77 16.39 21.07 -7.84 16.92 21.33
2 24 -7.84 16.92 21.33 -8.07 17.47 21.38
2 24 -8.07 17.47 21.38 -7.86 18.01 20.81
2 24 -7.86 18.01 20.81 -7.27 18.33 20.15
2 24 -7.27 18.33 20.15 -6.75 18.73 19.42
2 24 -6.75 18.73 19.42 -5.85 18.99 18.86
2 24 -5.85 18.99 18.86 -4.51 19.11 18.46
2 24 -4.51 19.11 18.46 -2.97 19.21 18.23
2 24 -4.36 14.9 17.3 -6.22 14.98 18.48
2 24 -4.11 15.74 16.8 -4.36 14.9 17.3
2 24 -8.28 17.63 22.56 -7.88 18.15 23.28
2 24 -7.88 18.15 23.28 -7.27 18.82 24.18
2 24 -7.27 18.82 24.18 -7.24 19.8 24.69
2 24 -8.26 17.46 21.86 -8.28 17.63 22.56
2 24 -8.07 17.47 21.38 -8.26 17.46 21.86
2 24 -7.34 19.07 20.31 -7.27 18.33 20.15
2 24 -6.84 20.84 20.96 -6.9 20.19 20.54
2 24 -6.9 20.19 20.54 -7.09 19.73 20.24
2 24 -7.09 19.73 20.24 -7.34 19.07 20.31
2 24 -6.76 21.12 24.25 -7.25 21.64 23.57
2 24 -7.59 21.69 22.83 -7.6 21.35 22.16
2 24 -7.31 22.18 23.21 -7.59 21.69 22.83
2 24 -7.25 21.64 23.57 -6.85 22.54 23.88
2 24 -6.85 22.54 23.88 -7.31 22.18 23.21
2 24 -7.28 21.56 21.31 -6.84 20.84 20.96
2 24 -7.6 21.35 22.16 -7.28 21.56 21.31
2 24 -7.24 19.8 24.69 -6.76 21.12 24.25
2 24 -0.21 22.79 20.91 -0.41 22.53 22.44
2 24 -0.08 19.46 22.31 -0.29 19.28 21.28
2 24 -0.61 23.33 19.58 -0.21 22.79 20.91
2 24 -3.17 23.17 18.65 -1.71 23.37 18.57
2 24 -1.71 23.37 18.57 -0.61 23.33 19.58
2 24 -1.33 19.3 18.67 -2.97 19.21 18.23
2 24 -0.57 19.24 19.99 -1.33 19.3 18.67
2 24 -0.29 19.28 21.28 -0.57 19.24 19.99
2 24 -6.24 22.57 20.8 -7.28 21.56 21.31
2 24 -5.63 23.28 20.77 -6.24 22.57 20.8
2 24 -5.59 24.43 21.29 -5.63 23.28 20.77
2 24 -5.49 25.1 21.86 -5.59 24.43 21.29
2 24 -6.39 25.27 24.02 -6.03 25.46 23.56
2 24 -7.19 23.39 24.31 -6.98 23.92 24.52
2 24 -5.42 26.82 23.11 -5.22 26.35 22.11
2 24 -5.53 26.06 23.43 -5.42 26.82 23.11
2 24 -6.03 25.46 23.56 -5.53 26.06 23.43
2 24 -5.22 26.35 22.11 -4.59 25.46 21.65
2 24 -4.59 25.46 21.65 -5.49 25.1 21.86
2 24 -6.85 22.54 23.88 -7.19 23.39 24.31
2 24 -6.99 24.04 24.96 -6.39 25.27 24.02
2 24 -6.98 23.92 24.52 -6.99 24.04 24.96
2 24 -0.49 22.94 29.05 -2.04 22.79 29.59
2 24 -2.04 22.79 29.59 -3.26 22.54 29.28
2 24 -5.09 21.76 27.94 -5.4 20.74 27.74
2 24 -4.24 22.3 28.54 -5.09 21.76 27.94
2 24 -3.26 22.54 29.28 -4.24 22.3 28.54
2 24 -5.4 20.74 27.74 -5.39 20.01 27.46
2 24 -5.39 20.01 27.46 -5.92 19.71 26.97
2 24 -5.92 19.71 26.97 -5.21 18.56 27.86
2 24 -0.23 21.6 28.68 -0.49 22.94 29.05
2 24 0.38 20.74 28.14 -0.23 21.6 28.68
5 24 -1.83 21.19 29.95 -0.92 19.18 29.32 -0.59 20.48 29.05 -1.48 18.95 29.57
2 24 1.94 21.53 24.51 2.35 22.83 25.09
2 24 2.35 22.83 25.09 1.9 24.71 26.53
2 24 1.9 24.71 26.53 1.49 24.77 27.73
2 24 1.49 24.77 27.73 0.46 24.34 28.7
2 24 0.46 24.34 28.7 -0.49 22.94 29.05
2 24 2.17 25.36 25.34 1.9 24.71 26.53
2 24 1.95 26.02 24.41 2.17 25.36 25.34
2 24 -0.41 22.53 22.44 -0.55 23.55 22.32
2 24 -0.55 23.55 22.32 -0.45 24.63 22.2
2 24 -0.45 24.63 22.2 -0.11 26.09 22.45
2 24 -0.11 26.09 22.45 -0.17 26.91 22.38
2 24 1.27 26.79 23.55 1.95 26.02 24.41
2 24 -0.51 26.53 29.44 -2.12 26 29.84
2 24 -2.12 26 29.84 -3.27 25.6 29.06
2 24 -3.27 25.6 29.06 -4.08 25.47 28.34
2 24 0.46 24.34 28.7 0.34 25.51 28.34
2 24 0.25 26.53 28.38 -0.51 26.53 29.44
2 24 0.34 25.51 28.34 0.25 26.53 28.38
2 24 -4.08 25.47 28.34 -4.88 24.04 28.17
2 24 -4.88 24.04 28.17 -5.49 23.48 27.59
2 24 -5.49 23.48 27.59 -4.83 22.83 27.93
2 24 -4.83 22.83 27.93 -5.09 21.76 27.94
2 24 -6.97 24.07 25.6 -6.68 23.88 26.28
2 24 -4.08 25.47 28.34 -4.99 26.35 27.65
2 24 -4.99 26.35 27.65 -5.71 27.07 26.95
2 24 -5.71 27.07 26.95 -6.34 27.97 25.34
2 24 -6.34 27.97 25.34 -6.06 28.08 24.52
2 24 -5.6 27.88 23.76 -5.42 26.82 23.11
2 24 -6.06 28.08 24.52 -5.6 27.88 23.76
2 24 -6.99 24.04 24.96 -6.97 24.07 25.6
2 24 -2.68 28.97 29.53 -3.35 28.47 28.57
2 24 -1.78 29.44 29.97 -2.68 28.97 29.53
2 24 -0.78 29.93 29.75 -1.78 29.44 29.97
2 24 -3.35 28.47 28.57 -4.03 26.36 28.38
2 24 -4.03 26.36 28.38 -4.08 25.47 28.34
2 24 0.25 26.53 28.38 0.3 27.8 28.25
2 24 -0.3 29.89 28.87 -0.78 29.93 29.75
2 24 0.39 29.16 27.76 -0.3 29.89 28.87
2 24 0.3 27.8 28.25 0.39 29.16 27.76
2 24 -3.44 31.57 28.65 -4.02 30.95 28.07
2 24 0.37 31.21 28.92 0.07 32.38 29.35
2 24 -0.3 29.89 28.87 0.37 31.21 28.92
2 24 -4.02 30.95 28.07 -4.14 30.03 27.41
2 24 -4.14 30.03 27.41 -3.35 28.47 28.57
2 24 -1.5 32.72 30.38 -2.41 32.45 30.25
2 24 0.07 32.38 29.35 -0.53 33.12 29.95
2 24 -0.53 33.12 29.95 -1.5 32.72 30.38
2 24 -2.41 32.45 30.25 -2.94 32.23 29.36
2 24 -2.94 32.23 29.36 -3.44 31.57 28.65
2 24 -5.42 28.58 23.44 -5.6 27.88 23.76
2 24 -5.19 29.47 23.68 -5.42 28.58 23.44
2 24 -4.78 30.31 23.79 -5.19 29.47 23.68
2 24 -5.48 30.87 24.62 -4.78 30.31 23.79
2 24 -5.99 31.04 25.44 -5.48 30.87 24.62
2 24 -5.87 30.86 26.38 -5.99 31.04 25.44
2 24 -4.14 30.03 27.41 -5.87 30.86 26.38
2 24 -3.17 23.17 18.65 -4.2 23.02 19.24
2 24 -3.16 26.34 19.73 -1.81 26.44 19.53
2 24 -1.81 26.44 19.53 -0.46 25.96 21.06
2 24 -0.46 25.96 21.06 -0.11 26.09 22.45
2 24 -4.2 23.02 19.24 -4.93 22.66 20.13
2 24 -4.93 22.66 20.13 -6.24 22.57 20.8
2 24 -4.09 26.08 20.66 -3.16 26.34 19.73
2 24 -4.59 25.46 21.65 -4.09 26.08 20.66
2 24 -2.94 32.23 29.36 -3.66 32.86 28.83
2 24 -3.66 32.86 28.83 -3.77 33.9 28.72
2 24 -4.2 33.87 23.98 -4.69 31.27 23.54
2 24 -3.77 34.56 24.46 -4.2 33.87 23.98
2 24 -3.96 35.3 25.29 -3.77 34.56 24.46
2 24 -4.83 34.74 25.61 -3.96 35.3 25.29
2 24 -4.69 31.27 23.54 -4.78 30.31 23.79
2 24 -5.21 34.84 26.78 -4.83 34.74 25.61
2 24 -4.28 34.56 28.17 -5.21 34.84 26.78
2 24 -3.77 33.9 28.72 -4.28 34.56 28.17
2 24 -2.95 35.53 30.35 -3.69 34.98 29.63
2 24 -3.69 34.98 29.63 -3.77 33.9 28.72
2 24 -0.98 36.42 30.67 -2.3 35.94 30.78
2 24 -2.3 35.94 30.78 -2.95 35.53 30.35
2 24 -0.53 33.12 29.95 0.15 34.37 29.32
2 24 0.11 35.51 29.36 -0.25 36.2 29.78
2 24 -0.33 36.93 30.05 -0.98 36.42 30.67
2 24 -0.25 36.2 29.78 -0.33 36.93 30.05
2 24 0.15 34.37 29.32 0.58 35.25 28.33
2 24 0.58 35.25 28.33 0.11 35.51 29.36
2 24 0.1 29.69 22.21 0.4 30.7 22.4
2 24 2.46 30.76 25.85 2.35 30.18 26.7
2 24 1.62 32.2 24.37 2.46 30.76 25.85
2 24 0.73 33.08 23.65 1.62 32.2 24.37
2 24 0.4 30.7 22.4 -0.25 31.97 22.16
2 24 -0.25 31.97 22.16 0.11 34.47 23.45
2 24 0.11 34.47 23.45 0.73 33.08 23.65
2 24 2.35 30.18 26.7 0.39 29.16 27.76
2 24 1.08 37.84 25.45 2.08 37.01 26.1
2 24 -0.21 35.87 23.71 -0.57 37.39 24.44
2 24 -0.57 37.39 24.44 -0.21 38.57 25.27
2 24 -0.21 38.57 25.27 1.08 37.84 25.45
2 24 2.08 37.01 26.1 1.53 35.9 27.59
2 24 1.53 35.9 27.59 0.58 35.25 28.33
2 24 0.11 34.47 23.45 -0.21 35.87 23.71
2 24 0.87 39.54 27.03 0.85 39.96 27.87
2 24 0.85 39.96 27.87 0.59 39.88 28.5
2 24 -0.21 38.57 25.27 0.31 39.13 26.26
2 24 0.31 39.13 26.26 0.87 39.54 27.03
2 24 0.59 39.88 28.5 0.37 39.4 29.19
2 24 0.37 39.4 29.19 -0.03 37.81 30.4
2 24 -0.03 37.81 30.4 -0.33 36.93 30.05
2 24 -0.4 39.28 30.92 -0.96 38.92 31.33
2 24 -0.96 38.92 31.33 -3.79 37.9 30.87
2 24 -3.79 37.9 30.87 -4.77 37.48 29.66
2 24 -4.77 37.48 29.66 -5.43 36.32 27.43
2 24 -5.43 36.32 27.43 -5.32 35.8 26.79
2 24 0.12 40.25 29.5 -0.4 39.28 30.92
2 24 0.27 40.89 28.55 0.12 40.25 29.5
2 24 -3.16 36.96 24.73 -3.96 35.3 25.29
2 24 -2.62 37.43 24.32 -3.16 36.96 24.73
2 24 -4.28 40.1 30.12 -4.36 39.58 27.9
2 24 -4.36 39.58 27.9 -2.74 39.22 25.26
2 24 -1.66 37.36 23.81 -2.62 37.43 24.32
2 24 -2.74 39.22 25.26 -1.38 38.98 24.88
2 24 -0.57 37.39 24.44 -1.66 37.36 23.81
2 24 -1.38 38.98 24.88 -0.21 38.57 25.27
2 24 -4.83 34.74 25.61 -5.32 35.8 26.79
2 24 -3.75 40.3 30.68 -4.28 40.1 30.12
2 24 -2.89 40.7 31.18 -3.75 40.3 30.68
2 24 -1.77 41.11 31.39 -2.89 40.7 31.18
2 24 -0.82 42.14 30.38 -1.77 41.11 31.39
2 24 -0.54 42.43 29.87 -0.82 42.14 30.38
2 24 -0.52 43.14 28.65 -0.54 42.43 29.87
2 24 0.27 40.89 28.55 -0.03 41.88 27.86
2 24 -0.03 41.88 27.86 -0.94 42.71 27.06
2 24 -1.48 44.01 27.95 -0.52 43.14 28.65
2 24 -0.94 42.71 27.06 -2.35 43.13 26.67
2 24 -2.92 44.49 28.09 -1.48 44.01 27.95
2 24 -2.35 43.13 26.67 -3.73 43.06 27.03
2 24 -3.77 44.6 28.74 -2.92 44.49 28.09
5 24 -4.54 43.81 28.36 -4.82 43.97 29.6 -5.35 43.4 29.66 -3.77 44.6 28.74
2 24 -4.14 44.67 29.67 -3.77 44.6 28.74
2 24 -3.7 44.93 31.26 -4.14 44.67 29.67
5 24 -4.82 43.97 29.6 -4.25 44.17 31.88 -5.35 43.4 29.66 -3.7 44.93 31.26
2 24 -3.17 45.21 31.74 -3.7 44.93 31.26
5 24 -4.25 44.17 31.88 -3.56 44.54 32.58 -3.26 45.1 31.93 -3.42 44.18 32.72
2 24 -3.73 43.06 27.03 -4.77 42.92 27.69
2 24 -4.77 42.92 27.69 -5.3 42.84 29.53
2 24 -5.3 42.84 29.53 -4.08 43.25 31.79
2 24 -4.08 43.25 31.79 -3.22 43.63 32.6
2 24 -2.62 45.51 31.98 -3.17 45.21 31.74
2 24 -1.86 45.73 31.97 -2.62 45.51 31.98
2 24 -1.79 44.13 32.9 -1.26 44.59 32.51
2 24 -2.55 43.82 32.89 -1.79 44.13 32.9
2 24 -3.22 43.63 32.6 -2.55 43.82 32.89
5 24 -2.37 45.02 33.07 -2.88 44.86 32.97 -2.81 45.28 32.52 -2.55 43.82 32.89
5 24 -2.88 44.86 32.97 -3.56 44.54 32.58 -2.81 45.28 32.52 -3.42 44.18 32.72
2 24 -1.28 45.33 31.97 -1.86 45.73 31.97
2 24 -1.26 44.59 32.51 -0.9 45.01 31.8
2 24 -0.9 45.01 31.8 -1.28 45.33 31.97
2 24 -0.06 28.23 22.54 -0.17 26.91 22.38
2 24 -0.34 29.05 22.1 -0.06 28.23 22.54
2 24 -4.83 29.75 20.8 -2.56 29.39 19.85
2 24 -5.39 30.14 21.54 -4.83 29.75 20.8
2 24 -4.78 30.31 23.79 -5.39 30.14 21.54
2 24 -2.56 29.39 19.85 -1.32 29.19 20.29
2 24 -1.32 29.19 20.29 -0.34 29.05 22.1
2 24 0.1 29.69 22.21 -0.34 29.05 22.1
2 24 -1.01 33.21 21.55 -0.25 31.97 22.16
2 24 -1.83 34.22 21.22 -1.01 33.21 21.55
2 24 -2.95 34.62 21.54 -1.83 34.22 21.22
2 24 -3.7 34.74 22.56 -2.95 34.62 21.54
2 24 -3.58 35.08 23.65 -3.7 34.74 22.56
2 24 -3.45 35.48 24.52 -3.58 35.08 23.65
2 24 -3.96 35.3 25.29 -3.45 35.48 24.52
2 24 -7.13 17.77 24.53 -7.27 18.82 24.18
2 24 -6.96 16.88 25.08 -7.13 17.77 24.53
2 24 -5.92 19.71 26.97 -6.74 20.56 25.62
2 24 -6.74 20.56 25.62 -6.65 21.55 24.76
2 24 -6.65 21.55 24.76 -6.85 22.54 23.88
2 24 -5.49 23.48 27.59 -6.68 23.88 26.28
2 24 -0.84 -2.67 20.84 -1.24 -1.87 20.5
2 24 -1.24 -1.87 20.5 -1.48 -0.62 19.81
2 24 -1.48 -0.62 19.81 -1.66 -0.49 22.08
2 24 -1.66 -0.49 22.08 -0.64 -0.65 23.78
2 24 0.09 -3.88 21.06 0.05 -3.58 20.43
2 24 0.05 -3.58 20.43 -0.84 -2.67 20.84
2 24 1.15 -4.39 20.82 0.09 -3.88 21.06
2 24 -2.06 3.88 21.77 -1.59 3.09 22.54
2 24 -1.64 3.47 19.93 -2.06 3.88 21.77
2 24 -1.88 6.96 19.69 -2.09 7 20.72
2 24 -2.09 7 20.72 -1.52 7.27 22.28
2 24 -1.68 9.18 21.22 -1.06 8.99 22.41
2 24 -9.76 -6.6 13.71 -9.31 -7.22 13.18
2 24 -9.31 -7.22 13.18 -8.69 -7.83 12.74
2 24 -10.03 -5.99 14.32 -9.76 -6.6 13.71
2 24 -10.01 -5.27 14.97 -10.03 -5.99 14.32
2 24 -9.79 -4.73 15.68 -10.01 -5.27 14.97
2 24 -9.43 -4.28 16.53 -9.79 -4.73 15.68
2 24 -8.72 -3.83 18.11 -9.43 -4.28 16.53
2 24 -8.69 -7.83 12.74 -7.89 -8.35 12.39
2 24 -7.89 -8.35 12.39 -6.89 -8.79 12.09
2 24 -6.89 -8.79 12.09 -5.91 -9.16 11.89
2 24 -5.91 -9.16 11.89 -4.95 -9.49 11.74
2 24 -4.95 -9.49 11.74 -3.99 -9.75 11.67
2 24 -3.99 -9.75 11.67 -2.09 -10.1 12.07
2 24 -2.09 -10.1 12.07 -1.39 -10.14 12.59
2 24 -1.39 -10.14 12.59 -0.75 -10.08 13.06
2 24 -0.75 -10.08 13.06 -0.09 -9.97 13.48
2 24 -0.09 -9.97 13.48 1.11 -9.27 14.71
2 24 1.11 -9.27 14.71 1.49 -8.74 15.48
2 24 1.49 -8.74 15.48 1.74 -8.05 16.31
2 24 1.74 -8.05 16.31 1.78 -7.16 17.25
2 24 1.78 -7.16 17.25 1.61 -6.16 18.24
2 24 1.61 -6.16 18.24 1.52 -5.04 19.24
2 24 1.52 -5.04 19.24 0.91 -4.1 19.93
2 24 0.91 -4.1 19.93 0.05 -3.58 20.43
2 24 -9.3 -2.89 19.45 -8.71 -3.36 18.79
2 24 -8.71 -3.36 18.79 -8.72 -3.83 18.11
2 24 -7.45 -1.41 19.35 -7.21 -1.52 18.68
2 24 -7.21 -1.52 18.68 -7.7 -2.13 17.68
2 24 -7.7 -2.13 17.68 -8.27 -2.6 16.93
2 24 -8.27 -2.6 16.93 -8.94 -3.08 15.99
2 24 -8.94 -3.08 15.99 -9.44 -3.51 15.03
2 24 -9.44 -3.51 15.03 -9.72 -3.92 14.07
2 24 -9.72 -3.92 14.07 -9.74 -5.52 12.46
2 24 -9.74 -5.52 12.46 -9.34 -6.09 11.81
2 24 -9.34 -6.09 11.81 -8.92 -6.85 11.11
2 24 -8.92 -6.85 11.11 -8.06 -7.41 10.35
2 24 -8.06 -7.41 10.35 -6.95 -7.95 10.21
2 24 -6.95 -7.95 10.21 -5.93 -8.34 10.1
2 24 -5.93 -8.34 10.1 -4.93 -8.66 10.05
2 24 -4.93 -8.66 10.05 -3.38 -9.05 10.15
2 24 -3.38 -9.05 10.15 -1.68 -9.36 10.53
2 24 -1.68 -9.36 10.53 -1.06 -9.44 10.75
2 24 -1.06 -9.44 10.75 -0.41 -9.53 11.13
2 24 -0.41 -9.53 11.13 0.6 -9.53 12.01
2 24 0.6 -9.53 12.01 1.81 -9.13 13.02
2 24 -8.06 -7.41 10.35 -7.53 -6.9 9.46
2 24 -7.53 -6.9 9.46 -6.7 -7.36 9.49
2 24 -6.7 -7.36 9.49 -5.81 -7.69 9.5
2 24 -5.81 -7.69 9.5 -4.88 -8.03 9.49
2 24 -4.88 -8.03 9.49 -3.26 -8.58 9.63
2 24 -3.26 -8.58 9.63 -1.63 -8.85 10.04
2 24 -1.63 -8.85 10.04 -0.85 -8.92 10.35
2 24 -0.85 -8.92 10.35 -0.15 -8.94 10.72
5 24 2.96 -5.32 17.39 2.89 -4.55 17.9 1.52 -5.04 19.24 3.29 -4.47 17.33
5 24 2.89 -4.55 17.9 2.72 -3.95 18.07 1.52 -5.04 19.24 3.03 -3.63 17.3
5 24 2.72 -3.95 18.07 2.19 -3.56 18.5 2.67 -3.38 17.59 0.91 -4.1 19.93
5 24 2.19 -3.56 18.5 1.44 -2.98 18.94 0.91 -4.1 19.93 2.14 -3.01 18
5 24 1.44 -2.98 18.94 0.8 -2.42 19.23 0.91 -4.1 19.93 1.15 -2.02 18.58
5 24 3.03 -5.96 16.75 2.96 -5.32 17.39 1.78 -7.16 17.25 3.35 -5.02 16.97
5 24 3.03 -6.34 16.38 3.03 -5.96 16.75 3.44 -5.89 15.93 1.78 -7.16 17.25
5 24 2.98 -6.7 16 3.03 -6.34 16.38 1.78 -7.16 17.25 3.44 -5.89 15.93
5 24 1.74 -8.05 16.31 2.74 -7.35 15.52 2.98 -6.7 16 2.73 -7.92 14.58
5 24 2.74 -7.35 15.52 2.98 -6.7 16 1.74 -8.05 16.31 3.2 -7.05 15.04
5 24 0.8 -2.42 19.23 -0.15 -1.86 19.72 0.05 -3.58 20.43 1.15 -2.02 18.58
5 24 -0.15 -1.86 19.72 -1.24 -1.87 20.5 -1.48 -0.62 19.81 -0.84 -2.67 20.84
2 24 3.03 -3.63 17.3 2.67 -3.38 17.59
2 24 3.29 -4.47 17.33 3.03 -3.63 17.3
2 24 3.35 -5.02 16.97 3.29 -4.47 17.33
2 24 3.39 -5.48 16.47 3.35 -5.02 16.97
2 24 3.44 -5.89 15.93 3.39 -5.48 16.47
2 24 3.4 -6.33 15.32 3.44 -5.89 15.93
5 24 2.74 -7.35 15.52 3.2 -7.05 15.04 2.73 -7.92 14.58 2.98 -6.7 16
2 24 -7.7 -2.13 17.68 -7.43 -1.42 17.08
2 24 -7.43 -1.42 17.08 -7.92 0.6 16.36
2 24 -7.92 0.6 16.36 -9.02 0.17 15.75
2 24 -9.02 0.17 15.75 -9.82 -0.69 14.93
2 24 -9.82 -0.69 14.93 -10.27 -1.63 14.08
2 24 -10.27 -1.63 14.08 -10.37 -2.59 13.72
2 24 -10.37 -2.59 13.72 -10.43 -3.28 13.07
2 24 -10.43 -3.28 13.07 -10.27 -4.86 11.76
2 24 -9.67 -5.49 11.66 -9.34 -6.09 11.81
2 24 -10.27 -4.86 11.76 -9.96 -5.44 11.21
2 24 -9.96 -5.44 11.21 -9.67 -5.49 11.66
2 24 -7.92 0.6 16.36 -8.37 1.36 16.48
2 24 -11.47 1.1 13.51 -11.04 0.13 13.66
2 24 -11.53 2.17 13.41 -11.47 1.1 13.51
2 24 -8.37 1.36 16.48 -8.66 3.66 16.53
2 24 -8.66 3.66 16.53 -8.32 4.7 16.71
2 24 -8.32 4.7 16.71 -9.67 4.62 15.49
2 24 -9.67 4.62 15.49 -11.68 3.26 13.25
2 24 -11.68 3.26 13.25 -11.53 2.17 13.41
2 24 -11.04 0.13 13.66 -10.61 -0.8 13.96
2 24 -10.61 -0.8 13.96 -10.27 -1.63 14.08
2 24 -12.04 4.8 13.29 -12.51 3.78 12.75
2 24 -12.51 3.78 12.75 -11.68 3.26 13.25
2 24 -9.28 8.54 15.21 -10.26 8.22 14.37
2 24 -8.14 7.73 16.56 -7.86 9.61 15.74
2 24 -7.86 9.61 15.74 -9.28 8.54 15.21
2 24 -8.57 6.76 16.55 -8.14 7.73 16.56
2 24 -10.26 8.22 14.37 -11.17 7.83 13.46
2 24 -11.17 7.83 13.46 -12.36 7.56 12.73
2 24 -12.27 6.49 12.65 -12.04 4.8 13.29
2 24 -8.53 5.98 16.51 -8.57 6.76 16.55
2 24 -8.32 4.7 16.71 -8.53 5.98 16.51
2 24 -12.36 7.56 12.73 -12.96 7.02 12.23
2 24 -12.96 7.02 12.23 -12.27 6.49 12.65
2 24 -7.86 9.61 15.74 -8.02 10.59 15.47
2 24 -12.19 8.36 12.78 -12.36 7.56 12.73
2 24 -12.2 9.06 12.6 -12.19 8.36 12.78
2 24 -12.29 9.67 12.28 -12.2 9.06 12.6
2 24 -11.47 11.19 12.26 -12.58 10.33 11.75
2 24 -12.58 10.33 11.75 -12.29 9.67 12.28
2 24 -10.54 11.59 13.15 -11.47 11.19 12.26
2 24 -9.26 12.14 13.95 -10.54 11.59 13.15
2 24 -8.02 10.59 15.47 -7.73 11.48 15.33
2 24 -7.73 11.48 15.33 -7.69 12.62 14.58
2 24 -7.69 12.62 14.58 -9.26 12.14 13.95
2 24 -11.35 12.59 12.21 -11.54 12.01 12.21
2 24 -11.54 12.01 12.21 -11.47 11.19 12.26
2 24 -7.69 12.62 14.58 -6.85 13.87 14.9
2 24 -6.85 13.87 14.9 -6.74 14.85 14.53
2 24 -6.74 14.85 14.53 -6.52 15.6 14.12
2 24 -6.52 15.6 14.12 -7.94 15.81 13.53
2 24 -7.94 15.81 13.53 -9.24 15.76 12.93
2 24 -9.24 15.76 12.93 -10.21 15.32 12.26
2 24 -10.98 14.14 11.94 -11.35 12.59 12.21
2 24 -10.21 15.32 12.26 -10.79 14.74 11.66
2 24 -10.79 14.74 11.66 -10.98 14.14 11.94
2 24 -9.87 16.42 8.57 -10.6 16.47 9.77
2 24 -10.6 16.47 9.77 -10.81 16.34 10.32
2 24 -10.81 16.34 10.32 -11.21 15.57 10.76
2 24 -11.21 15.57 10.76 -11.55 14.87 10.74
2 24 -11.55 14.87 10.74 -12.02 14.07 10.61
2 24 -12.02 14.07 10.61 -10.79 14.74 11.66
2 24 -11.47 15.4 8.12 -12.6 14.19 8.55
2 24 -10.5 15.89 7.8 -11.47 15.4 8.12
2 24 -12.6 14.19 8.55 -12.78 13.36 8.99
2 24 -12.78 13.36 8.99 -12.48 13.21 10.01
2 24 -12.48 13.21 10.01 -12.02 14.07 10.61
2 24 -6.97 0.84 18.85 -7.42 0.75 17.26
2 24 -7.42 0.75 17.26 -7.92 0.6 16.36
2 24 -7.77 4.98 17.53 -8.32 4.7 16.71
2 24 -7.23 4.44 19.1 -7.51 5.04 18.46
2 24 -7.51 5.04 18.46 -7.77 4.98 17.53
2 24 -7.51 5.04 18.46 -7.63 5.2 19.91
2 24 -6.84 9.48 19.96 -6.77 9.17 18.12
2 24 -6.77 9.17 18.12 -7.34 9.18 16.79
2 24 -7.34 9.18 16.79 -7.86 9.61 15.74
2 24 -6.36 13.26 15.84 -6.85 13.87 14.9
2 24 -5.92 12.75 16.72 -6.36 13.26 15.84
2 24 -6.19 12.62 17.94 -5.92 12.75 16.72
2 24 -6.59 12.23 18.69 -6.19 12.62 17.94
2 24 -7 11.88 19.34 -6.59 12.23 18.69
2 24 -4.36 14.9 17.3 -4.82 14.77 15.82
2 24 -5.27 14.27 17.7 -4.36 14.9 17.3
2 24 -8.68 -5.75 9.35 -8.16 -6.36 9.3
2 24 -8.16 -6.36 9.3 -7.53 -6.9 9.46
2 24 -9.29 -5.79 10.07 -8.68 -5.75 9.35
2 24 -9.89 -5.72 10.54 -9.29 -5.79 10.07
2 24 -9.96 -5.44 11.21 -9.89 -5.72 10.54
2 24 -9.75 -4.83 8.79 -8.68 -5.75 9.35
2 24 -10.81 -4.21 9.48 -10.61 -3.94 8.66
2 24 -10.61 -3.94 8.66 -9.75 -4.83 8.79
2 24 -11.29 -3.43 9.58 -10.81 -4.21 9.48
2 24 -10.43 -3.28 13.07 -10.71 -3.43 12.34
2 24 -11.52 -2.76 9.78 -11.29 -3.43 9.58
2 24 -12.14 -1.78 10.25 -11.52 -2.76 9.78
2 24 -11.86 -1.75 11.08 -12.14 -1.78 10.25
2 24 -11.29 -2.64 12.32 -11.86 -1.75 11.08
2 24 -10.71 -3.43 12.34 -11.29 -2.64 12.32
2 24 -11.68 0.08 13.12 -12.45 0.27 12.31
2 24 -11.04 0.13 13.66 -11.68 0.08 13.12
2 24 -12.45 0.27 12.31 -12.18 -1.06 11.49
2 24 -12.18 -1.06 11.49 -11.86 -1.75 11.08
2 24 -12.98 0.78 12.03 -13.55 1.92 11.09
2 24 -13.55 1.92 11.09 -13.67 1.56 10.24
2 24 -12.24 -1.28 9.06 -12.14 -1.78 10.25
2 24 -12.82 -0.49 9.13 -12.24 -1.28 9.06
2 24 -13.67 1.56 10.24 -13.95 1.9 9.22
2 24 -13.95 1.9 9.22 -13.28 1.13 9.26
2 24 -13.11 0.29 9.26 -12.82 -0.49 9.13
2 24 -13.28 1.13 9.26 -13.11 0.29 9.26
2 24 -12.45 0.27 12.31 -12.98 0.78 12.03
2 24 -13.74 2.96 11.2 -13.55 1.92 11.09
2 24 -13.56 3.83 11.38 -13.74 2.96 11.2
2 24 -13.1 3.74 12.25 -13.56 3.83 11.38
2 24 -12.51 3.78 12.75 -13.1 3.74 12.25
2 24 -14.56 3.98 8.2 -14.32 3.2 8.26
2 24 -13.56 3.83 11.38 -13.91 4.82 11.1
2 24 -14.4 5.82 9.68 -14.44 6.09 8.87
2 24 -14.44 6.09 8.87 -14.43 5.61 8.46
2 24 -14.43 5.61 8.46 -14.66 4.69 8.21
2 24 -14.66 4.69 8.21 -14.56 3.98 8.2
2 24 -14.32 3.2 8.26 -13.81 2.35 8.42
2 24 -13.81 2.35 8.42 -13.95 1.9 9.22
2 24 -13.91 4.82 11.1 -14 5.73 10.68
2 24 -14 5.73 10.68 -14.4 5.82 9.68
2 24 -13.58 7.02 11.39 -14 5.73 10.68
2 24 -12.96 7.02 12.23 -13.58 7.02 11.39
2 24 -13.58 7.02 11.39 -13.92 8.11 11.05
2 24 -14.73 6.66 9.2 -14.44 6.09 8.87
2 24 -14.64 7.44 9.06 -14.73 6.66 9.2
2 24 -13.92 8.11 11.05 -13.93 9.05 10.51
2 24 -13.93 9.05 10.51 -14.21 9.16 9.45
2 24 -14.21 9.16 9.45 -14.24 8.46 9.13
2 24 -14.24 8.46 9.13 -14.64 7.44 9.06
2 24 -12.58 10.33 11.75 -13.39 10 10.98
2 24 -13.39 10 10.98 -13.93 9.05 10.51
2 24 -13.39 10 10.98 -13.17 10.93 10.82
2 24 -14.33 10.06 8.45 -14.21 9.16 9.45
2 24 -13.96 11.06 8.18 -14.33 10.06 8.45
2 24 -13.61 11.81 8.56 -13.96 11.06 8.18
2 24 -13.21 12.29 8.99 -13.61 11.81 8.56
2 24 -13.04 12.08 9.93 -13.21 12.29 8.99
2 24 -13.17 10.93 10.82 -13.05 11.75 10.67
2 24 -13.05 11.75 10.67 -13.04 12.08 9.93
2 24 -12.78 13.36 8.99 -13.21 12.29 8.99
2 24 -13.47 12.69 6.67 -13.96 11.06 8.18
2 24 -13.15 13.25 5.98 -13.47 12.69 6.67
2 24 -12.72 13.51 5.39 -13.15 13.25 5.98
2 24 -12.56 11.42 3.47 -13.67 11.03 3.92
2 24 -13.67 11.03 3.92 -14.5 10.99 5.44
2 24 -14.5 10.99 5.44 -14.54 9.92 7.16
2 24 -14.54 9.92 7.16 -14.36 9.26 8.12
2 24 -14.36 9.26 8.12 -14.24 8.46 9.13
2 24 -15.3 8.66 1.91 -14.78 9.54 3.1
2 24 -15.86 7.65 0.81 -15.3 8.66 1.91
2 24 -15.91 6.88 -0.66 -15.86 7.65 0.81
2 24 -14.05 10.52 4.14 -13.67 11.03 3.92
2 24 -14.46 9.75 4.35 -14.05 10.52 4.14
2 24 -14.78 9.54 3.1 -14.46 9.75 4.35
2 24 -14.67 9.09 4.87 -14.46 9.75 4.35
2 24 -14.68 7.78 5.09 -14.67 9.09 4.87
2 24 -15.35 6.81 3.72 -14.68 7.78 5.09
2 24 -15.61 5.91 2.45 -15.35 6.81 3.72
2 24 -15.6 4.39 0.77 -15.61 5.91 2.45
2 24 -15.59 3.95 -0.06 -15.6 4.39 0.77
2 24 -15.55 3.42 0.77 -15.63 3.05 2.07
2 24 -15.55 3.14 -0.04 -15.55 3.42 0.77
2 24 -14.94 6.42 5.25 -14.68 7.78 5.09
2 24 -14.96 5.55 5.33 -14.94 6.42 5.25
2 24 -14.67 4.59 5.36 -14.96 5.55 5.33
2 24 -14.92 3.11 4.28 -14.41 3.73 5.42
2 24 -14.41 3.73 5.42 -14.67 4.59 5.36
2 24 -15.2 2.19 3.07 -14.92 3.11 4.28
2 24 -15.63 3.05 2.07 -15.48 2.3 2.16
2 24 -15.48 2.3 2.16 -15.07 1.32 1.9
2 24 -15.07 1.32 1.9 -15.2 2.19 3.07
2 24 -14.8 0.27 0.88 -15.07 1.32 1.9
2 24 -14.69 -0.83 -0.26 -14.8 0.27 0.88
2 24 -13.64 -2.12 2.39 -13.92 -1.21 3.36
2 24 -13.92 -1.21 3.36 -13.47 -0.75 4.35
2 24 -13.47 -0.75 4.35 -13.03 -0.41 5.48
2 24 -13.03 -0.41 5.48 -13.62 0.57 5.62
2 24 -13.62 0.57 5.62 -14.09 1.68 5.79
2 24 -14.09 1.68 5.79 -14.28 2.77 5.51
2 24 -14.28 2.77 5.51 -14.41 3.73 5.42
2 24 -12.56 -3.8 0.68 -13.64 -2.12 2.39
2 24 -5.23 -8.8 1.98 -5.97 -8.57 2.82
2 24 -5.97 -8.57 2.82 -6.75 -8.2 3.84
2 24 -6.75 -8.2 3.84 -7.36 -7.62 4.64
2 24 -9.88 -6.16 2.51 -8.3 -7.76 0.34
2 24 -10.28 -4.75 4.3 -9.88 -6.16 2.51
2 24 -7.36 -7.62 4.64 -7.8 -6.89 5.11
2 24 -8.51 -5.79 5.68 -10.12 -4.37 5.3
2 24 -10.12 -4.37 5.3 -10.28 -4.75 4.3
2 24 -7.8 -6.89 5.11 -7.85 -6.61 5.86
2 24 -7.85 -6.61 5.86 -8.51 -5.79 5.68
2 24 -6.11 -7.44 6.5 -7.85 -6.61 5.86
2 24 -5.13 -7.76 7.33 -6.11 -7.44 6.5
2 24 -4.5 -8.37 6.4 -5.13 -7.76 7.33
2 24 -3.37 -9.08 6.01 -4.5 -8.37 6.4
2 24 -2.29 -9.5 5.56 -3.37 -9.08 6.01
2 24 -1.24 -9.82 5.09 -2.29 -9.5 5.56
2 24 -1.52 -8.65 9.18 -3.15 -8.38 8.26
2 24 -0.55 -8.64 9.67 -1.52 -8.65 9.18
2 24 0.25 -8.5 10.18 -0.55 -8.64 9.67
2 24 -3.15 -8.38 8.26 -5.13 -7.76 7.33
2 24 -4.88 -8.03 9.49 -5.13 -7.76 7.33
2 24 -8.47 -5.92 6.54 -8.51 -5.79 5.68
2 24 -8.68 -5.75 9.35 -8.47 -5.92 6.54
2 24 -10.89 -3.61 6.39 -10.61 -3.94 8.66
2 24 -12.24 -1.28 9.06 -12.7 -0.98 7.93
2 24 -12.7 -0.98 7.93 -13.06 -0.59 6.67
2 24 -13.06 -0.59 6.67 -13.03 -0.41 5.48
2 24 -13.03 -0.41 5.48 -12.49 -1.52 5.44
2 24 -12.49 -1.52 5.44 -11.77 -2.55 5.35
2 24 -11.77 -2.55 5.35 -10.91 -3.46 5.2
2 24 -10.91 -3.46 5.2 -10.89 -3.61 6.39
2 24 -13.81 2.35 8.42 -14.16 2.86 7.5
2 24 -14.16 2.86 7.5 -14.4 3.16 6.56
2 24 -14.4 3.16 6.56 -14.28 2.77 5.51
2 24 -14.66 6.72 7.78 -14.89 7.34 6.71
2 24 -14.89 7.34 6.71 -14.68 7.78 5.09
2 24 -14.44 6.09 8.87 -14.66 6.72 7.78
2 24 -12.56 -3.8 0.68 -11.71 -4.95 -0.12
2 24 -10.12 -4.37 5.3 -10.91 -3.46 5.2
2 24 14.7 -3.43 4.95 14.83 -2.58 4.9
2 24 13.98 -4.09 7.24 14.7 -3.43 4.95
2 24 13.45 -2.13 8.94 13.8 -3.09 8.94
2 24 13.15 -1.5 8.77 13.45 -2.13 8.94
2 24 13.88 -0.67 7.35 13.15 -1.5 8.77
2 24 13.8 -3.74 8.4 13.98 -4.09 7.24
2 24 12.49 -6.28 0.77 12.86 -6.43 0.13
2 24 12.86 -6.43 0.13 14.16 -6.36 -0.96
2 24 14.16 -6.36 -0.96 14.98 -5.79 -0.43
2 24 14.98 -5.79 -0.43 15.39 -5.02 0.18
2 24 15.39 -5.02 0.18 15.34 -4.88 1.18
2 24 14.56 -4.96 2.47 13.4 -5.53 2.83
2 24 15.34 -4.88 1.18 14.56 -4.96 2.47
2 24 13.4 -5.53 2.83 12.54 -5.69 3.74
2 24 12.7 -6.98 -3.93 12.57 -6.99 -5.25
2 24 14.35 -6.02 -3.28 13.52 -6.65 -3.69
2 24 13.52 -6.65 -3.69 12.7 -6.98 -3.93
2 24 14.65 -4.58 -3.39 14.35 -6.02 -3.28
2 24 14.74 -4.07 -4.03 14.65 -4.58 -3.39
2 24 14.54 -3.96 -5.04 14.74 -4.07 -4.03
2 24 13.03 -4.77 -6.46 14.54 -3.96 -5.04
2 24 12.15 -6.9 -6.08 13.03 -4.77 -6.46
2 24 12.57 -6.99 -5.25 12.15 -6.9 -6.08
2 24 12.07 -3.65 11.53 12.38 -4.17 10.81
2 24 12.38 -4.17 10.81 12.41 -4.5 10.15
2 24 12.98 -4.28 10.01 13.64 -3.79 9.32
2 24 13.64 -3.79 9.32 13.8 -3.09 8.94
2 24 12.66 -1.53 9.76 12.18 -1.26 10.74
2 24 13.15 -1.5 8.77 12.66 -1.53 9.76
2 24 11.53 -2.27 11.73 12.07 -3.65 11.53
2 24 11.94 -1.83 11.38 11.53 -2.27 11.73
2 24 12.18 -1.26 10.74 11.94 -1.83 11.38
2 24 11.53 -2.27 11.73 10.89 -2.11 12.64
2 24 11.73 -4.22 12.01 12.07 -3.65 11.53
2 24 9.53 -3.17 13.96 9.96 -3.66 13.92
2 24 9.96 -3.66 13.92 9.97 -4.23 13.5
2 24 10.94 -4.6 12.56 11.73 -4.22 12.01
2 24 10.89 -2.11 12.64 9.9 -2.56 13.35
2 24 9.9 -2.56 13.35 9.24 -2.57 13.5
2 24 9.24 -2.57 13.5 9.53 -3.17 13.96
2 24 9.97 -4.23 13.5 10.43 -4.97 12.37
2 24 10.43 -4.97 12.37 10.94 -4.6 12.56
2 24 5.04 -4.73 15.9 3.39 -5.48 16.47
2 24 5.87 -5.4 14.96 5.84 -5.01 15.29
2 24 5.84 -5.01 15.29 5.56 -4.05 15.73
2 24 5.56 -4.05 15.73 5.04 -4.73 15.9
2 24 5.71 -6.02 14.13 5.87 -5.4 14.96
2 24 11.6 -5.21 9.58 10.88 -5 8.91
2 24 12.41 -4.5 10.15 11.6 -5.21 9.58
2 24 11.67 -5.3 6 12.53 -5.16 6.27
2 24 12.53 -5.16 6.27 13.46 -4.82 6.72
2 24 13.46 -4.82 6.72 13.98 -4.09 7.24
2 24 14.16 -6.36 -0.96 14.45 -6.57 -2.4
2 24 15.89 -2.71 -0.93 15.65 -2.94 -0.14
2 24 15.65 -2.94 -0.14 15.68 -4.07 0.26
2 24 15.68 -4.07 0.26 15.39 -5.02 0.18
2 24 14.45 -6.57 -2.4 14.35 -6.02 -3.28
2 24 14.65 -4.58 -3.39 14.92 -3.76 -3.12
2 24 14.92 -3.76 -3.12 15.41 -2.9 -2.19
2 24 15.41 -2.9 -2.19 15.89 -2.71 -0.93
2 24 7.03 -8.4 -9.95 7.78 -7.81 -10.46
2 24 7.78 -7.81 -10.46 9.7 -6.9 -10.01
2 24 9.7 -6.9 -10.01 10.16 -7.23 -9.06
2 24 10.16 -7.23 -9.06 10.1 -7.63 -7.33
2 24 10.1 -7.63 -7.33 9.41 -8 -6.72
2 24 9.94 -4.57 -10.87 10.18 -4.78 -9.94
2 24 10.18 -4.78 -9.94 10.19 -6.04 -10.01
2 24 8.85 -4.31 -12.26 9.94 -4.57 -10.87
2 24 7.75 -4.64 -12.75 8.85 -4.31 -12.26
2 24 7.72 -5.48 -12.64 7.75 -4.64 -12.75
2 24 10.19 -6.04 -10.01 10.16 -7.23 -9.06
2 24 7.52 -6.24 -12.55 7.72 -5.48 -12.64
2 24 7.75 -7.32 -12.11 7.52 -6.24 -12.55
2 24 7.78 -7.81 -10.46 7.75 -7.32 -12.11
2 24 12.5 -4.17 -7.55 13.03 -4.77 -6.46
2 24 11.71 -4 -8.86 12.5 -4.17 -7.55
2 24 11.53 -7.12 -6.76 10.1 -7.63 -7.33
2 24 12.15 -6.9 -6.08 11.53 -7.12 -6.76
2 24 10.61 -4.35 -9.5 11.71 -4 -8.86
2 24 10.18 -4.78 -9.94 10.61 -4.35 -9.5
2 24 12.7 -6.98 -3.93 11.91 -7.44 -3.44
2 24 11.91 -7.44 -3.44 11.02 -7.32 -3.06
2 24 14.7 -3.43 4.95 14.83 -4.3 3.9
2 24 15.37 -1.94 2.54 15 -2.34 4.22
2 24 15.48 -3.02 0.83 15.37 -1.94 2.54
2 24 14.83 -4.3 3.9 14.56 -4.96 2.47
2 24 10.43 -4.97 12.37 10.01 -5.47 11.73
2 24 8.35 -5.3 13.98 7.72 -5.7 12.93
2 24 8.64 -4.43 14.47 8.35 -5.3 13.98
2 24 9.6 -3.98 14.39 8.64 -4.43 14.47
2 24 9.97 -4.23 13.5 9.6 -3.98 14.39
2 24 9.24 -2.57 13.5 8.37 -2.49 14.43
2 24 8.37 -2.49 14.43 7.59 -2.73 15.02
2 24 7.59 -2.73 15.02 6.96 -3.05 15.32
2 24 8.03 -4.59 14.78 8.64 -4.43 14.47
2 24 4.06 -3.18 16.52 3.03 -3.63 17.3
2 24 5.56 -4.05 15.73 5.52 -3.19 15.85
2 24 5.52 -3.19 15.85 4.06 -3.18 16.52
2 24 7.75 -4.64 -12.75 7.16 -4.05 -13.22
2 24 7.16 -4.05 -13.22 6.88 -1.24 -13.23
2 24 6.88 -1.24 -13.23 6.24 0.81 -12.92
2 24 6.24 0.81 -12.92 7.37 0.76 -12.49
2 24 9.44 0.57 -10.8 10.51 -0.75 -10.4
2 24 10.51 -0.75 -10.4 10.66 -2.13 -10.17
2 24 8.32 0.85 -11.71 9.44 0.57 -10.8
2 24 7.37 0.76 -12.49 8.32 0.85 -11.71
2 24 10.66 -2.13 -10.17 10.61 -4.35 -9.5
2 24 5.78 -3.81 -13.99 7.16 -4.05 -13.22
2 24 5.08 -4.08 -14.26 5.78 -3.81 -13.99
2 24 4.59 -4.5 -14.71 5.08 -4.08 -14.26
2 24 3.93 -5.75 -14.6 4.59 -4.5 -14.71
2 24 4.33 -6.43 -14.01 3.93 -5.75 -14.6
2 24 4.69 -6.76 -13.59 4.33 -6.43 -14.01
2 24 5.39 -6.98 -13.33 4.69 -6.76 -13.59
2 24 6.35 -6.59 -13.44 5.39 -6.98 -13.33
2 24 7.52 -6.24 -12.55 6.35 -6.59 -13.44
2 24 4.88 -7.34 -12.79 5.39 -6.98 -13.33
2 24 4.64 -7.58 -11.86 4.88 -7.34 -12.79
2 24 3.36 -5.41 -15.13 3.93 -5.75 -14.6
2 24 2.36 -5.92 -15.1 3.36 -5.41 -15.13
2 24 1.67 -6.01 -14.76 2.36 -5.92 -15.1
2 24 1.21 -6.43 -13.86 1.67 -6.01 -14.76
2 24 0.71 -6.74 -12.45 1.21 -6.43 -13.86
2 24 -3.66 -4.1 -13.56 -3.42 -3.98 -14.17
2 24 -3.42 -3.98 -14.17 -2.66 -3.74 -14.77
2 24 -2.66 -3.74 -14.77 -1.33 -3.44 -15.41
2 24 -1.33 -3.44 -15.41 1.58 -3.34 -15.74
2 24 1.58 -3.34 -15.74 1.68 -4.17 -16.02
2 24 1.68 -4.17 -16.02 1.29 -5.55 -15.39
2 24 1.29 -5.55 -15.39 1.67 -6.01 -14.76
2 24 2.56 -2.46 -14.95 3.13 -2.47 -14.82
2 24 1.58 -3.34 -15.74 2.56 -2.46 -14.95
2 24 3.13 -2.47 -14.82 4.59 -3.23 -14.33
2 24 4.59 -3.23 -14.33 5.08 -4.08 -14.26
2 24 -5.42 -1.53 -14.13 -4.84 -1.36 -14.8
2 24 -4.84 -1.36 -14.8 -4.11 -1.23 -15.38
2 24 -4.11 -1.23 -15.38 -3.29 -1.11 -15.71
2 24 -3.29 -1.11 -15.71 -1.65 -2.48 -15.79
2 24 -1.65 -2.48 -15.79 -1.33 -3.44 -15.41
2 24 1.52 -0.77 -15.16 2.56 -2.46 -14.95
2 24 -2.37 -0.43 -15.78 -1.86 0.11 -15.65
2 24 -3.29 -1.11 -15.71 -2.37 -0.43 -15.78
2 24 0.75 0.39 -14.9 1.52 -0.77 -15.16
2 24 -0.12 2.21 -13.87 0.75 0.39 -14.9
2 24 -1.86 0.11 -15.65 -1.99 2.24 -13.88
2 24 -1.99 2.24 -13.88 -0.12 2.21 -13.87
2 24 -3.29 2.22 -14.31 -1.99 2.24 -13.88
2 24 -4.81 2.07 -13.91 -3.29 2.22 -14.31
2 24 -6.05 1.89 -13.51 -4.81 2.07 -13.91
2 24 -6.97 1.15 -12.89 -6.05 1.89 -13.51
2 24 -7.42 0.4 -12.65 -6.97 1.15 -12.89
2 24 3.92 1.5 -13.58 3.69 -0.14 -14.38
2 24 3.69 -0.14 -14.38 3.13 -2.47 -14.82
2 24 5.02 2.26 -11.86 5.62 1.67 -12.47
2 24 5.62 1.67 -12.47 3.92 1.5 -13.58
2 24 -0.12 2.21 -13.87 -0.17 2.66 -13.1
2 24 -0.17 2.66 -13.1 0 2.47 -12.62
2 24 4.78 2.31 -11.54 5.02 2.26 -11.86
2 24 5.62 1.67 -12.47 6.24 0.81 -12.92
2 24 10.51 -0.75 -10.4 11.25 0.19 -9.85
2 24 12.37 -0.05 -8.82 12.8 -3.06 -7.79
2 24 12.8 -3.06 -7.79 12.5 -4.17 -7.55
2 24 11.25 0.19 -9.85 11.7 0.84 -9.02
2 24 11.7 0.84 -9.02 12.37 -0.05 -8.82
2 24 10.7 2.39 -8.93 11.7 0.84 -9.02
2 24 10.19 3.19 -8.22 10.7 2.39 -8.93
2 24 10.18 3.25 -8.05 10.19 3.19 -8.22
2 24 11.73 2.84 -7.96 14.08 0.79 -6.57
2 24 14.08 0.79 -6.57 15.05 -1.43 -5.38
2 24 15.05 -1.43 -5.38 15.05 -2.85 -4.67
2 24 15.05 -2.85 -4.67 14.74 -4.07 -4.03
2 24 10.19 3.19 -8.22 11.73 2.84 -7.96
2 24 15.62 -1.67 -2.79 15.41 -2.9 -2.19
2 24 12.12 4.63 -6.82 14.24 3.59 -5.85
2 24 14.24 3.59 -5.85 15.01 2.57 -5.1
2 24 15.01 2.57 -5.1 15.57 1.31 -4.3
2 24 15.57 1.31 -4.3 15.62 -1.67 -2.79
2 24 11.54 4.73 -6.64 12.12 4.63 -6.82
2 24 15.48 -3.02 0.83 15.65 -2.94 -0.14
2 24 16.08 4.58 -1.19 16.3 2.79 -0.46
2 24 15.35 6.24 -2.37 16.08 4.58 -1.19
2 24 16.3 2.79 -0.46 16.23 1.06 0.18
2 24 16.23 1.06 0.18 15.48 -3.02 0.83
2 24 13.16 8.79 -3.67 14.56 7.7 -3.8
2 24 12.6 8.84 -3.61 13.16 8.79 -3.67
2 24 15.35 6.24 -2.37 14.56 7.7 -3.8
2 24 12.02 4.98 9.57 12.5 3.21 9.94
2 24 12.5 3.21 9.94 12.61 1.8 10.21
2 24 12.61 1.8 10.21 12.66 -1.53 9.76
2 24 8.53 0.73 13.88 9.24 -2.57 13.5
2 24 8.41 2.08 13.8 8.53 0.73 13.88
2 24 5.27 -1.34 15.8 5.18 -1.98 15.84
2 24 5.18 -1.98 15.84 5.34 -2.68 15.79
2 24 5.34 -2.68 15.79 5.52 -3.19 15.85
2 24 5.52 -3.19 15.85 6.96 -3.05 15.32
2 24 5.84 -5.01 15.29 8.03 -4.59 14.78
3 16 1.8478 -9.5 2.7654 2 -9.5 2 2.16 -9.89 1.94
4 16 2 -6 4 -2 -6 4 -4.2426 -6 4.2426 4.2426 -6 4.2426
4 16 2 -6 0 2 -6 4 4.2426 -6 4.2426 4.2426 -6 -4.2426
4 16 2 -6 0 4.2426 -6 -4.2426 -4.2426 -6 -4.2426 -2 -6 0
4 16 -2 -6 4 -2 -6 0 -4.2426 -6 -4.2426 -4.2426 -6 4.2426
2 24 -0.06 28.23 22.54 1.27 26.79 23.55
2 24 -4.11 15.74 16.8 -3.13 16.97 16.69
2 24 12.98 -4.28 10.01 12.41 -4.5 10.15
2 24 13.8 -3.74 8.4 13.8 -3.09 8.94
2 24 1.11 -9.37 17.58 1.16 -9.22 18.79
5 24 9.56 1.35 -6.89 12.45 1.87 -3.1 9.239 -2 -3.827 10.18 3.25 -8.05
5 24 -5.78 -4.31 -12.56 -6.02 -3.72 -12.91 -4.25 -3.84 -13.5 -6.86 -3.98 -12.11
5 24 4.09 12.81 14.79 3.19 11.23 15.46 2.33 11.96 15.95 4.8 12.01 14.63
5 24 -0.2 16.74 16.34 -0.34 15.83 17.18 0.94 15.37 15.99 -0.7 16.57 17.19
5 24 0.79 19.79 28.4 1.79 19.33 27.24 1.22 18.88 28.27 1.57 20.5 27.39
5 24 -6.56 25.76 24.22 -7.08 26.43 25.18 -7.16 25.81 25.02 -6.62 26.89 24.26
5 24 -10.17 -5.1 26.28 -9.84 -3.76 27.28 -10.19 -4.14 26.21 -9.96 -5.33 27.4
5 24 8.99 -3.61 14.96 6.8 -3.53 15.7 7.72 -3.83 15.33 8.75 -3.1 14.76
5 24 1.79 19.33 27.24 1.89 20.1 25.87 1.9 18.43 25.96 1.57 20.5 27.39
5 24 -6.13 6.08 31.17 -7.49 6.26 29.66 -6.91 5.19 30.29 -6.68 7.5 30.86
5 24 -0.46 12.76 21.16 -0.23 13.61 20.29 0 13.42 22.23 -0.57 12.67 19.51
5 24 -0.13 3.42 27.88 0.41 3.49 26.83 -0.01 1.95 27.45 -0.05 5.02 27.28
5 24 14.35 -6.02 -3.28 14.48 -5.35 -3.89 14.45 -5.92 -4.4 14.65 -4.58 -3.39
5 24 -7.51 2.14 -11.03 -6.27 2.87 -11.09 -6.32 2.6 -12.02 -7.38 2.56 -10.35
5 24 -2.45 -10.51 -0.78 -1.28 -10.73 -1.35 -0.68 -10.81 -0.42 -2.21 -9.87 -1.94
5 24 0.54 9.73 27.82 0.46 10.6 28.26 0.68 9.97 26.31 -0.22 9.68 28.96
5 24 -1.77 41.11 31.39 -0.83 41.49 29.94 -0.76 40.04 31.02 -0.82 42.14 30.38
5 24 -12.7 -0.98 7.93 -11.89 -2.32 8.84 -12.24 -1.28 9.06 -12.5 -1.74 6.59
5 24 -12.6 14.19 8.55 -13.02 14.02 7.79 -11.47 15.4 8.12 -12.78 13.36 8.99
5 24 0.27 40.89 28.55 0.32 40.64 27.54 0.59 39.88 28.5 -0.03 41.88 27.86
5 24 -6.59 12.23 18.69 -6.94 12.56 18.65 -7.11 12.17 19.14 -6.19 12.62 17.94
5 24 -8.14 7.73 16.56 -7.34 9.18 16.79 -7.63 7.5 18.1 -7.86 9.61 15.74
5 24 -7.73 23.5 23.52 -7.57 23.99 22.92 -7.4 23.98 23.7 -7.79 23.5 22.59
5 24 13.43 -3.98 10.28 13.74 -3.55 9.94 12.89 -2.6 11.32 13.64 -3.79 9.32
5 24 -13.63 12.66 5.67 -13.15 13.25 5.98 -13.47 12.69 6.67 -12.72 13.51 5.39
5 24 -0.91 -8.95 8.68 -0.55 -8.64 9.67 -1.52 -8.65 9.18 0.48 -8.83 8.76
5 24 -1.37 -11.53 21.83 -2.18 -11.88 19.42 -0.31 -11.29 20.56 -2.82 -11.9 20.02
5 24 -9.74 11.08 22.8 -10.16 10.5 22.34 -9.98 10.56 23.24 -9.85 10.97 21.55
5 24 -0.2 16.74 16.34 0.94 15.37 15.99 0.55 18.45 14.76 -0.34 15.83 17.18
5 24 -5.84 3.89 31.63 -4.7 4.46 31.87 -4.42 3.37 31.89 -6 4.86 30.85
5 24 -0.48 31.17 20.51 -0.98 29.97 20.15 0.1 29.69 22.21 -1.83 31.73 19.43
5 24 -9.55 0.29 29.5 -9.35 0.99 29.57 -8.48 -0.24 29.98 -10.2 0.97 28.83
5 24 0.74 12.91 27.62 0.9 13.91 27.65 0.87 12.72 26.32 -0.35 14.01 29.05
5 24 -10.01 5.55 28.81 -10.28 4.86 28.82 -10.31 5.85 26.93 -9.49 5.35 29.59
5 24 2.09 15.69 24.86 1.99 16.14 23.58 1.93 16.59 24.6 1.88 14.83 23.61
5 24 -3.12 -11.06 16.44 -5.54 -11.32 15.78 -4.04 -11.27 16.61 -5.68 -11.01 15.22
5 24 -6.76 -4.15 29.42 -6.44 -5.36 29.58 -7.6 -5.15 28.75 -5.47 -4.42 29.96
5 24 -2.32 -5.26 -13.47 -1.93 -5.29 -14.41 -1.07 -5.92 -14.39 -2.45 -4.24 -14.44
5 24 -10.31 5.85 26.93 -10.01 5.55 28.81 -10.28 4.86 28.82 -10.06 6.37 27.02
5 24 -5.05 6.27 31.4 -6.13 6.08 31.17 -4.97 5.47 31.32 -5.51 7.64 31.53
5 24 3.34 27.92 27.12 2.48 27.44 27.69 3.23 26.89 26.72 1.85 28.82 27.3
5 24 -11.58 -6.13 21.81 -11.48 -6.19 20.78 -11.61 -5.61 21.15 -11.49 -6.87 21.4
5 24 -0.81 42.18 31.27 -1.8 41.5 31.82 -1.1 44.03 32.19 -1.77 41.11 31.39
5 24 -2.9 -7.62 27.67 -3.63 -8.49 27.89 -2.61 -8.09 26.9 -4.06 -7.77 28.38
5 24 -7.04 -8.28 27.13 -8.67 -7.98 26.68 -7.71 -9.08 26.66 -7.94 -7.93 27.38
5 24 -15.58 1.13 0.51 -14.8 0.27 0.88 -15.07 1.32 1.9 -15.11 0.03 -0.22
5 24 2.08 37.01 26.1 1.59 37.81 26.71 1.08 37.84 25.45 1.83 37.08 27.38
5 24 -7.21 -1.52 18.68 -7.01 -0.73 19.26 -7.45 -1.41 19.35 -6.86 -0.88 18.44
5 24 9.31 5.93 14.3 9.75 5.44 13.72 9.67 5.89 13.75 8.98 4.61 13.77
5 24 4.22 -10.18 7.98 4.76 -9.46 7.53 4.81 -9.58 8.91 4.11 -9.53 6.65
5 24 -12 -4.73 -0.71 -11.83 -5.36 -0.85 -11.71 -4.95 -0.12 -12.48 -5.21 -1.4
5 24 -9.21 -3.63 18.9 -9.96 -4.37 18.62 -9.11 -4.14 18.35 -9.57 -3.24 19.27
5 24 -14.33 11.08 7.3 -13.47 12.69 6.67 -13.63 12.66 5.67 -13.96 11.06 8.18
5 24 -15.6 1.15 -3.71 -15.72 0.71 -3.16 -14.8 -0.17 -4.49 -15.69 1.52 -2.57
5 24 -2.55 43.82 32.89 -2.88 44.86 32.97 -2.37 45.02 33.07 -3.42 44.18 32.72
5 24 -6.7 -7.36 9.49 -7.13 -7.33 7.47 -5.81 -7.69 9.5 -7.53 -6.9 9.46
5 24 -7.34 17.44 11.81 -5.98 17.69 12.48 -6.3 17.21 13.01 -6.98 17.63 11.07
5 24 13.05 0.51 -8.37 11.7 0.84 -9.02 12.37 -0.05 -8.82 11.75 2.26 -8.47
5 24 -11.14 8.77 24.27 -10.92 7.79 24.38 -10.55 7.94 25.37 -10.58 8.02 23.27
5 24 -8.15 15.73 21.73 -8.52 14.46 21.99 -8.86 14.77 22.45 -7.91 15.05 21.29
5 24 -13.17 10.93 10.82 -13.78 10.41 10.28 -13.39 10 10.98 -13.05 11.75 10.67
5 24 16.13 -4.47 -1.83 15.16 -6.01 -2.79 14.65 -4.58 -3.39 15.28 -6.26 -1.7
5 24 -2.73 -5.26 -12.46 -1.07 -5.92 -14.39 -0.23 -6.59 -12.36 -2.32 -5.26 -13.47
5 24 -15.63 3.05 2.07 -15.61 5.91 2.45 -15.6 4.39 0.77 -15.35 6.81 3.72
5 24 -3.83 30.76 19.85 -4.7 32.6 20.36 -5.46 30.84 20.78 -1.83 31.73 19.43
5 24 1.23 -4.44 24.39 0.3 -4.94 24.95 1.14 -3.83 24.58 1.05 -6.14 24.42
5 24 15.72 -3.96 0.73 15.37 -1.94 2.54 15.68 -3.53 3.65 15.48 -3.02 0.83
5 24 -1.36 14.68 29.6 -1.9 13.4 29.52 -0.35 14.01 29.05 -2.38 14.17 30.17
5 24 -9.63 13.61 13.56 -11.35 12.59 12.21 -10.98 14.14 11.94 -10.54 11.59 13.15
5 24 -10.34 -2.48 27.9 -10.38 -1.84 27.36 -9.82 -2.9 26.47 -10.36 -1.28 27.85
5 24 -16.02 2.96 -0.55 -15.55 3.14 -0.04 -15.59 3.95 -0.06 -15.62 2.31 -0.26
5 24 -15.58 1.13 0.51 -15.5 1.34 -0.76 -15.66 1.79 0.38 -15.42 0.63 -0.31
5 24 -6.38 -11.24 23.15 -5.42 -11.54 21.69 -6.93 -11.56 21.38 -5.72 -11.19 23.3
5 24 -8.29 20.62 23.58 -8.24 20.83 23.1 -7.75 21.28 23.08 -8.57 20.36 23.23
5 24 1.48 37.76 29.56 1.75 38.88 28.82 1.07 38.86 29 2.19 37.74 28.96
5 24 10.89 -2.11 12.64 11.24 -2.78 13.15 9.9 -2.56 13.35 11.53 -2.27 11.73
5 24 -0.12 -0.41 27.24 0.38 -0.12 27.01 -0.02 1.58 27.46 0.21 -1.15 27.02
5 24 -7.09 -9.82 14.67 -7.01 -10.46 16.45 -7.7 -9.8 15.54 -6.21 -10.65 15.29
5 24 -8.39 -9.23 -1.68 -8.73 -8.58 -2.37 -9.08 -8.26 -1.29 -7.58 -9.08 -2.81
5 24 -7.16 25.81 25.02 -6.56 25.76 24.22 -6.39 25.27 24.02 -7.08 26.43 25.18
5 24 -0.3 -3.53 26.62 -1.02 -4.73 27.64 0.43 -2.96 27.8 -0.7 -4.23 26.34
5 24 3.36 -5.41 -15.13 3.15 -4.67 -15.62 3.72 -3.75 -15.19 2.13 -5.48 -15.85
5 24 -3.99 6.89 31.37 -2.96 6.72 30.35 -2.7 7.75 30.14 -3.42 6.06 30.6
5 24 9.41 -8 -6.72 10.37 -8.35 -6 10.1 -7.63 -7.33 9.54 -8.11 -5.95
5 24 -9.11 -4.14 18.35 -8.72 -3.83 18.11 -9.21 -3.63 18.9 -9.4 -4.79 16.9
5 24 3.23 26.89 26.72 2.48 27.44 27.69 3.34 27.92 27.12 2.49 26.64 27.58
5 24 -5.38 28.92 20.42 -5.56 27.97 20.55 -6.19 28.39 21.58 -3.06 27.52 19.45
5 24 -0.66 34.28 22.18 -1.83 34.22 21.22 -1.01 33.21 21.55 -2.02 35.81 21.54
5 24 -11.3 -0.05 26.43 -12.27 -0.08 24.84 -12.7 -0.77 25.38 -11.01 0.7 26.11
5 24 7.87 6.25 15.65 6.97 6.66 15.83 6.97 7.07 15.79 6.61 6.2 15.86
5 24 5.84 11.47 14.31 5.35 10.29 15.25 4.94 11.15 15.1 6.32 10.72 14.3
5 24 -8.83 13.52 22.52 -8.73 12.66 22.29 -8.69 13.3 21.95 -8.88 13.8 23.27
5 24 -0.81 27.05 30.01 -1.16 28.17 30.07 -2.52 27.66 29.93 -0.15 28.82 29.23
5 24 -10.6 -5.41 18.85 -10.61 -6.45 18.52 -10.36 -6.94 19.46 -10.38 -5.05 18.13
5 24 -0.17 -2.76 28.79 -1.2 -2.04 29.34 0.13 -1.83 28.48 -1.53 -3.1 29.33
5 24 -9.43 -4.28 16.53 -9.4 -4.79 16.9 -8.72 -3.83 18.11 -9.75 -5.33 16.24
5 24 6.65 16.83 13.21 6.36 15.09 12.85 3.84 17.95 14.33 7.42 16.06 11.98
5 24 1.21 -6.43 -13.86 1.43 -7.1 -12.17 2.39 -7.54 -13.34 0.71 -6.74 -12.45
5 24 -9.42 -8.8 18.7 -9.57 -7.87 18.52 -9.02 -8.37 17.79 -9.73 -7.79 19.1
5 24 4.62 -9.71 0.17 6.57 -8.65 -0.57 4.9 -8.89 -3.1 6.76 -8.76 2.48
5 24 -3.33 1.4 -15.07 -3.68 -0.28 -15.64 -4.48 1.27 -14.79 -2.37 -0.43 -15.78
5 24 14.54 8.41 6.56 14.82 8.93 6.13 14.81 8.04 5.59 14.5 9.45 6.73
5 24 -0.46 4.8 23.38 -1.49 4.6 23.03 -1.16 4.01 23.23 -1.85 5.42 22.86
5 24 -8.92 -6.85 11.11 -8.64 -6.64 9.88 -9.19 -6.37 10.48 -8.06 -7.41 10.35
5 24 -11.21 2.57 -8.13 -10.18 2.64 -8.4 -10.52 1.62 -9.04 -11.2 3.33 -7.51
5 24 1.41 -5.59 23.38 1.23 -4.44 24.39 1.05 -6.14 24.42 1.24 -4.5 23.15
5 24 -4.36 39.58 27.9 -4.55 40.02 27.87 -2.71 39.62 25.22 -4.28 40.1 30.12
5 24 -8.27 -2.6 16.93 -9.43 -4.28 16.53 -8.72 -3.83 18.11 -8.94 -3.08 15.99
5 24 -9.82 -0.69 14.93 -9.8 -2.94 13.84 -8.31 -0.8 15.93 -10.27 -1.63 14.08
5 24 -7.85 14.75 26.32 -8.19 13.25 25.62 -8.1 13.74 27 -7.66 14.36 24.67
5 24 -7.71 -9.08 26.66 -7.28 -9.97 25.38 -8.53 -9.47 25.64 -6.48 -9.81 25.93
5 24 -6.86 -0.88 18.44 -6.97 0.84 18.85 -7.01 -0.73 19.26 -7.42 0.75 17.26
5 24 13.45 -2.13 8.94 14.26 -2.31 8.42 13.15 -1.5 8.77 13.8 -3.09 8.94
5 24 -11.55 0.9 21.7 -10.05 1.64 20.77 -10.05 0.6 20.43 -10.55 2.05 21.71
5 24 -0.12 15.01 29.12 -0.5 15.97 29.28 -1.36 14.68 29.6 0.48 15.7 28.5
5 24 9.07 16.02 10.8 8.7 14.94 12.12 7.42 16.06 11.98 9.3 15.22 11.54
5 24 -14.57 1.78 -5.45 -13.78 0.28 -6.23 -13.59 1.3 -6.94 -14.76 0.74 -5.11
5 24 8.72 -8.34 -2.7 7.51 -8.89 -4.5 5.83 -9.05 -3.88 9.41 -8.14 -4.94
5 24 9.21 -6.17 8.03 10.32 -6.8 5.44 9.23 -7.24 5.49 10.51 -5.73 7.91
5 24 -5.43 36.32 27.43 -4.87 36.26 29.73 -5.44 36.01 27.69 -4.77 37.48 29.66
5 24 3.84 17.95 14.33 6.65 16.83 13.21 6.6 17.26 13.04 6.36 15.09 12.85
5 24 2.96 -5.32 17.39 1.52 -5.04 19.24 2.89 -4.55 17.9 1.61 -6.16 18.24
5 24 -14.43 5.61 8.46 -14.66 6.72 7.78 -14.44 6.09 8.87 -14.66 4.69 8.21
5 24 3.61 -10.27 4.14 3.68 -9.98 3.64 2.66 -10.08 3.61 4.91 -9.17 5.29
5 24 -3.58 35.08 23.65 -4.2 33.87 23.98 -3.7 34.74 22.56 -3.77 34.56 24.46
5 24 15.62 -1.67 -2.79 14.92 -3.76 -3.12 15.05 -2.85 -4.67 15.41 -2.9 -2.19
5 24 -15.86 7.65 0.81 -15.6 7.65 -0.84 -15.02 8.28 0.13 -15.91 6.88 -0.66
5 24 13.18 9.67 8.11 13.91 10.7 6.37 12.91 10.28 8.27 14.09 10.17 6.12
5 24 -3.23 -9.31 26.22 -5.41 -10.45 26.45 -4.98 -10.59 25.91 -3.26 -8.98 27.17
5 24 -15.35 6.81 3.72 -15.5 7.51 3.51 -14.68 7.78 5.09 -15.61 5.91 2.45
5 24 -9.23 12.87 25.15 -8.19 13.25 25.62 -8.42 14.04 24.04 -8.34 12.64 25.74
5 24 1.2 23.05 28.72 -0.49 22.94 29.05 0.46 24.34 28.7 -0.23 21.6 28.68
5 24 -1.83 21.19 29.95 -3.26 22.54 29.28 -2.04 22.79 29.59 -4.03 21.23 29.37
5 24 10.57 15.23 9.59 10.9 15.27 9.01 10.52 15.69 8.67 11.7 13.18 9.17
5 24 7.42 16.06 11.98 7.6 17.1 11.07 8.73 16.42 10.49 6.95 16.85 12.73
5 24 11.71 -4 -8.86 12.54 -5.45 -8.36 12.5 -4.17 -7.55 12.01 -5.29 -9.27
5 24 1.59 20.62 23.54 2.28 19.55 24.16 1.94 21.53 24.51 1.04 19.96 22.98
5 24 -2.97 36.57 22.2 -3.55 36.45 22.59 -3.01 35.76 21.69 -2.84 36.92 22.84
5 24 -7.65 -10.29 17.79 -8.48 -9.45 16.9 -8.31 -9.51 18.09 -7.82 -10.19 16.65
5 24 -5.14 42.2 29.53 -4.78 42.24 27.65 -4.77 42.92 27.69 -5.01 40.98 27.55
5 24 -7.24 19.8 24.69 -6.74 20.56 25.62 -7.68 19.15 25.72 -6.76 21.12 24.25
5 24 -2.39 -10.18 12.8 -2.09 -10.1 12.07 -3.99 -9.75 11.67 -1.39 -10.14 12.59
5 24 -12.48 13.21 10.01 -13.04 12.08 9.93 -12.7 12.81 10.91 -13.21 12.29 8.99
5 24 -9.65 -6.51 26.98 -9.56 -6.76 25.76 -9.73 -5.96 26.11 -9.35 -7.31 26.31
5 24 -16.12 1.96 -2.18 -16.16 2.93 -2.35 -16.28 2.41 -1.76 -15.33 2.64 -3.18
5 24 1.33 -9.03 9.23 1.57 -9.67 10.07 2.13 -9.4 9.04 1.02 -9.28 11.2
5 24 0.92 -8.73 9.16 0.65 -9.4 7.61 1.35 -9.16 8.91 0.23 -8.99 8.15
5 24 1.02 -9.28 11.2 -0.15 -8.94 10.72 0.8 -9.28 11.46 0.25 -8.5 10.18
5 24 -15.09 2.69 -4.1 -15.6 1.15 -3.71 -15.33 2.64 -3.18 -14.98 1.47 -4.73
5 24 14.98 -5.79 -0.43 14.22 -6.44 -0.29 14.16 -6.36 -0.96 14.84 -6.18 0.19
5 24 -0.98 29.97 20.15 -1.83 31.73 19.43 -2.56 29.39 19.85 -0.48 31.17 20.51
5 24 6.88 -1.24 -13.23 5.49 -1.27 -14.2 6.24 0.81 -12.92 5.78 -3.81 -13.99
5 24 4.88 -7.34 -12.79 4.69 -6.76 -13.59 4.23 -7.46 -12.95 5.39 -6.98 -13.33
5 24 -14.76 0.74 -5.11 -15.6 1.15 -3.71 -14.98 1.47 -4.73 -14.8 -0.17 -4.49
5 24 -1.79 -9.93 13.21 -2.68 -10.46 13.32 -2.39 -10.18 12.8 -2.85 -10.49 13.87
5 24 -6.36 13.26 15.84 -5.63 13.96 16.6 -6 14.74 15.48 -5.92 12.75 16.72
5 24 -12.56 -3.28 3.74 -10.91 -3.46 5.2 -11.77 -2.55 5.35 -10.28 -4.75 4.3
5 24 -8.92 -2.25 29.42 -9.63 -0.86 28.93 -8.75 -1.54 29.36 -10.12 -1.95 28.52
5 24 -9.23 -7.87 -4.88 -8.47 -8.68 -4.37 -8.31 -8.41 -5.14 -9.46 -8.08 -3.11
5 24 1.21 -6.92 18.77 1.78 -7.16 17.25 1.3 -7.72 17.6 1.61 -6.16 18.24
5 24 1.45 34.23 27.86 0.15 34.37 29.32 0.58 35.25 28.33 0.65 33.25 28.44
5 24 5.7 -8.75 5.52 6.37 -8.53 5.82 4.43 -8.94 6.76 6.67 -8.43 4.35
5 24 -6.48 -9.81 25.93 -7.28 -9.97 25.38 -6.43 -10.16 24.49 -7.71 -9.08 26.66
5 24 -11.82 -5.05 22.63 -11.58 -6.13 21.81 -11.61 -5.61 21.15 -12.09 -5.59 23.03
5 24 2.28 19.55 24.16 1.94 21.53 24.51 1.89 20.1 25.87 1.59 20.62 23.54
5 24 1.49 -8.74 15.48 2.69 -8.17 14.12 2.73 -7.92 14.58 1.11 -9.27 14.71
5 24 -7.46 -7.4 -6.82 -8.6 -7.2 -5.58 -8.85 -5.98 -6.49 -7.2 -7.97 -5.82
5 24 0.6 14.63 22.26 -0.06 14.67 21.15 0 13.42 22.23 0.31 15.49 21.76
5 24 -3.77 33.9 28.72 -5.43 33.59 27.45 -4.28 34.56 28.17 -5.23 32.49 28.04
5 24 -7.09 -9.82 14.67 -7.7 -9.8 15.54 -7.51 -9.09 14.23 -7.01 -10.46 16.45
5 24 -6.15 21.4 20.31 -5.2 21.78 19.56 -4.93 22.66 20.13 -5.62 21.15 18.96
5 24 2.4 23.53 26.62 2.24 22.12 27.65 2.18 23.3 27.79 2.35 22.83 25.09
5 24 1.52 -0.77 -15.16 1.58 -3.34 -15.74 2.56 -2.46 -14.95 0.04 -2.67 -16.17
5 24 -0.22 21.45 22.29 0.66 22.07 23.52 -0.41 22.53 22.44 1.59 20.62 23.54
5 24 -1.07 -5.92 -14.39 1.29 -5.55 -15.39 1.21 -6.43 -13.86 -0.46 -5.26 -15.44
5 24 -1.13 16.93 29.81 -0.38 17.27 29.09 -1.48 18.95 29.57 -0.5 15.97 29.28
5 24 6.37 -8.53 5.82 4.43 -8.94 6.76 5.19 -8.74 8.72 5.7 -8.75 5.52
5 24 -8.72 -3.4 -9.66 -8.4 -3.48 -10.32 -8.48 -2.89 -11.11 -7.86 -4.35 -9.48
5 24 1.5 17.81 27.93 1.48 16.84 27.48 1.8 17.2 26.7 0.57 17.46 28.77
5 24 0.43 -2.96 27.8 -0.87 -3.86 28.61 -0.17 -2.76 28.79 -1.02 -4.73 27.64
5 24 15.35 6.24 -2.37 16.26 4.16 -2.14 16.08 4.58 -1.19 15.43 5.99 -3.75
5 24 -8.64 -6.64 9.88 -7.53 -6.9 9.46 -8.16 -6.36 9.3 -8.06 -7.41 10.35
5 24 5.49 -1.27 -14.2 4.59 -3.23 -14.33 3.13 -2.47 -14.82 5.78 -3.81 -13.99
5 24 -13.4 4.42 12.52 -12.04 4.8 13.29 -13.36 5.06 12.63 -12.51 3.78 12.75
5 24 -7.01 -10.46 16.45 -6.49 -10.79 16.21 -6.2 -10.95 17.1 -6.21 -10.65 15.29
5 24 -9.52 -8.08 24 -9.22 -8.83 24.94 -9.5 -8.15 25.72 -8.67 -9.13 23.42
5 24 -10.34 -2.48 27.9 -9.52 -4.38 28.01 -9.84 -3.76 27.28 -9.16 -3.64 29.11
5 24 -10.28 -4.75 4.3 -10.91 -3.46 5.2 -12.56 -3.28 3.74 -10.12 -4.37 5.3
5 24 -8.3 -7.76 0.34 -7.62 -8.59 0.36 -7.9 -8.27 0.75 -9.08 -8.26 -1.29
5 24 12.31 12.48 9.65 12.21 12.87 8.63 11.7 13.18 9.17 12.58 12.22 8.67
5 24 11.15 -8.11 -6 12.57 -6.99 -5.25 12.15 -6.9 -6.08 10.96 -8.52 -4.58
5 24 14.31 2.14 7.15 14.02 3.63 7.93 14.16 2.06 8.08 14.29 3.72 6.9
5 24 13.34 -4.91 7.31 13.98 -4.09 7.24 13.5 -4.76 8.55 13.46 -4.82 6.72
5 24 -2.63 41.72 31.99 -4.38 41.12 31.01 -4.01 40.74 30.86 -2.55 43.82 32.89
5 24 -14.18 10.87 9.7 -13.86 11.6 9.42 -13.05 11.75 10.67 -14.66 10.43 9.04
5 24 -10.12 -4.37 5.3 -10.89 -3.61 6.39 -10.91 -3.46 5.2 -10.19 -4.6 6.41
5 24 16.26 -4.7 -0.78 16.13 -4.47 -1.83 15.89 -2.71 -0.93 15.28 -6.26 -1.7
5 24 9.28 -5.61 10.86 9.6 -5.39 9.61 7.64 -6.44 10.48 10.03 -5.39 9.95
5 24 -12.7 12.81 10.91 -13.04 12.08 9.93 -12.48 13.21 10.01 -13.05 11.75 10.67
5 24 -1.88 6.96 19.69 0.28 5.44 18.5 -2 5.77 19.89 1.5 6.31 17.51
5 24 12.17 -5.6 8.89 12.35 -5.7 7.9 11.1 -5.25 8.42 13.28 -5.22 8.48
5 24 12.5 3.21 9.94 14.16 2.06 8.08 14.02 3.63 7.93 12.61 1.8 10.21
5 24 14.24 3.59 -5.85 14.82 2 -5.63 15.01 2.57 -5.1 11.69 3.77 -7.38
5 24 -0.57 19.24 19.99 -0.48 20.1 19.74 -1.33 19.3 18.67 -0.22 20.55 20.96
5 24 -13.37 -1.15 -6.65 -12.72 -2.27 -6.43 -13.46 -1.55 -6.11 -11.43 -1.94 -8.51
5 24 9.49 16.14 9.21 11.06 1.99 7.37 7.73 2.11 10.52 10.29 15.9 8.31
5 24 -5.01 0.14 -15.24 -5.55 0.97 -14.62 -4.48 1.27 -14.79 -5.7 -0.31 -15
5 24 9.97 -4.23 13.5 9.93 -5.16 13.18 10.43 -4.97 12.37 9.21 -5.29 13.75
5 24 0 13.42 22.23 0.26 11.82 22.13 0.83 12.79 22.98 -0.46 12.76 21.16
5 24 0.39 29.16 27.76 -0.15 28.82 29.23 -0.3 29.89 28.87 0.3 27.8 28.25
5 24 -15.75 -1.17 -1.66 -15.03 -2.15 -1.6 -15.39 -1.04 -0.81 -15.6 -1.36 -2.62
5 24 -5.8 -7.96 5.96 -7.36 -7.62 4.64 -7.8 -6.89 5.11 -5.53 -8.62 5.26
5 24 14.5 9.45 6.73 13.18 9.67 8.11 13.36 9.04 8.2 14.09 10.17 6.12
5 24 -4.09 26.08 20.66 -5.22 26.35 22.11 -5.56 27.97 20.55 -4.59 25.46 21.65
5 24 10.71 9.93 11.91 11.67 9.79 11.3 10.66 9.03 12.12 11.16 10.48 11.13
5 24 11.7 -6.63 2.47 10.41 -7.23 3.28 10.45 -7.47 2.24 12.54 -5.69 3.74
5 24 1.55 -6.69 20.93 1.3 -6.48 20.03 1.06 -7.33 20.37 1.74 -5.72 20.71
5 24 -5.57 37.14 26.98 -5.03 37.37 26.22 -5.25 36.81 26.3 -4.81 38.25 26.6
5 24 -4.11 -1.23 -15.38 -4.56 -0.64 -15.42 -3.68 -0.28 -15.64 -4.84 -1.36 -14.8
5 24 -2.06 3.88 21.77 -1.6 2.71 20.78 -1.59 3.09 22.54 -1.64 3.47 19.93
5 24 -12.54 -5.42 -2.31 -12.1 -6.49 -2 -12.05 -5.97 -1.26 -12.04 -5.58 -2.99
5 24 -6.29 -11.53 19.54 -6.76 -11.63 18.44 -7.29 -10.9 18.82 -4.94 -12.09 19.12
5 24 -3.48 14.85 30.22 -3.96 14.07 30.49 -3.26 13.52 30.75 -5.07 14.18 29.54
5 24 3.68 -9.98 3.64 2.66 -10.08 3.61 3.35 -9.87 3.21 3.61 -10.27 4.14
5 24 -2.68 28.97 29.53 -1.16 28.17 30.07 -2.52 27.66 29.93 -1.78 29.44 29.97
5 24 14.47 7.25 6.35 13.94 6.54 7.12 14.04 7.49 7.91 14.83 6.51 5.53
5 24 15.01 2.57 -5.1 15.16 4.71 -4.92 14.24 3.59 -5.85 15.9 3.52 -4.05
5 24 -0.02 4.47 28.6 -0.68 6.16 29.48 -1.72 6.31 30.17 0.22 5.1 28.16
5 24 -10.05 -7.39 -3.61 -9.43 -6.95 -5.2 -9.23 -7.87 -4.88 -10.65 -6.68 -3.83
5 24 -10.44 -8.05 -1.9 -10.9 -7.27 -0.76 -11.55 -6.97 -1.45 -9.89 -7.57 -0.67
5 24 -7.52 10.75 27.92 -8.55 10.02 27.95 -7.26 9.96 28.79 -7.96 10.81 26.95
5 24 -0.79 10.44 29.37 -0.22 9.68 28.96 0.46 10.6 28.26 -2.36 8.69 29.47
5 24 15.64 5.09 -4.01 16.26 4.16 -2.14 15.9 3.52 -4.05 15.43 5.99 -3.75
5 24 -5.47 -11.46 17.16 -5.82 -11.18 16.55 -6.2 -10.95 17.1 -4.04 -11.27 16.61
5 24 -1.7 -11.29 22.19 -3.48 -12.04 21.8 -3.06 -11.65 20.74 -2.1 -11.19 22.56
5 24 -6.44 -5.36 29.58 -7.6 -5.15 28.75 -7.16 -5.88 28.65 -6.76 -4.15 29.42
5 24 -12.36 7.56 12.73 -12.27 6.49 12.65 -11.23 6.94 13.69 -12.96 7.02 12.23
5 24 -11.53 -1.87 13.2 -11.29 -2.64 12.32 -11.15 -2.69 13.12 -11.86 -1.75 11.08
5 24 14.69 7.73 1.5 15.75 6.28 1.09 15.03 7.69 0.03 15.45 6.41 2.24
5 24 -0.38 17.27 29.09 -1.48 18.95 29.57 -0.92 19.18 29.32 -1.13 16.93 29.81
5 24 13.64 -3.79 9.32 13.05 -5.18 9.05 13.5 -4.76 8.55 12.98 -4.28 10.01
5 24 14.16 2.06 8.08 13.15 -1.5 8.77 13.88 -0.67 7.35 12.61 1.8 10.21
5 24 -2.52 27.66 29.93 -2.68 28.97 29.53 -1.16 28.17 30.07 -3.35 28.47 28.57
5 24 -3.34 23.83 29.46 -4.08 25.47 28.34 -3.27 25.6 29.06 -4.25 23.37 28.8
5 24 0.41 3.49 26.83 0.94 3.91 25.92 0.49 4.9 25.98 0.84 2.93 25.53
5 24 0.08 -10.52 4.98 -0.51 -9.95 5.28 0 -9.5 4 -0.35 -9.75 5.82
5 24 -13.78 0.28 -6.23 -14.76 0.74 -5.11 -13.76 -0.7 -5.71 -14.57 1.78 -5.45
5 24 11.54 4.73 -6.64 12.45 1.87 -3.1 11.97 6.18 -5.89 10.99 3.92 -7.18
5 24 -12.01 3.15 25.79 -12.01 2.42 26.05 -11.2 2.74 26.74 -12.46 2.5 25.16
5 24 -5.44 36.01 27.69 -5.32 35.8 26.79 -5.43 36.32 27.43 -5.21 34.84 26.78
5 24 4.44 -9 6.53 4.11 -9.53 6.65 4.42 -9.72 5.56 4.43 -8.94 6.76
5 24 7.45 10.43 14.16 8.07 9.9 14.86 8.69 10.13 13.65 6.94 10.17 14.59
5 24 -4.75 38.56 30.3 -4.77 37.48 29.66 -3.79 37.9 30.87 -5.3 38.64 28.53
5 24 6.94 10.17 14.59 6.32 10.72 14.3 7.45 10.43 14.16 5.35 10.29 15.25
5 24 7.45 10.43 14.16 6.32 10.72 14.3 7.58 11.07 13.9 6.94 10.17 14.59
5 24 -7.77 20.5 21.58 -7.28 21.56 21.31 -7.6 21.35 22.16 -6.84 20.84 20.96
5 24 13.66 -6.49 -4.04 13.52 -6.65 -3.69 12.7 -6.98 -3.93 14.35 -6.02 -3.28
5 24 -7.2 -7.97 -5.82 -7.46 -7.4 -6.82 -8.6 -7.2 -5.58 -5.33 -7.72 -7.07
5 24 -16.18 4.93 -2.57 -16.08 5.93 -0.63 -16.07 5.88 -2.75 -16.06 4.64 -1.05
5 24 0.76 7.57 25.78 0.01 8.08 26.64 0.57 8.96 25.92 0.29 7.01 26.52
5 24 12.76 12.56 4.32 13.35 12.51 4.95 12.02 14.53 5.4 13.72 11.53 4.27
5 24 4.06 -3.18 16.52 5.34 -2.68 15.79 3.89 -2.39 16.45 5.52 -3.19 15.85
5 24 -14.66 6.72 7.78 -14.64 7.44 9.06 -14.83 8.15 7.88 -14.73 6.66 9.2
5 24 15.27 7.28 -1.5 15.03 7.69 0.03 15.75 6.28 1.09 14.8 7.96 -1.37
5 24 3.26 -8.67 12.02 1.81 -9.13 13.02 2.78 -8.38 13.53 1.99 -9.05 11.75
5 24 -14.83 8.15 7.88 -15.18 8.69 6.92 -14.36 9.26 8.12 -14.89 7.34 6.71
5 24 -11.04 2.29 22.88 -11.15 3.65 22.51 -10.5 3.07 22.03 -11.32 3.32 23.36
5 24 11.15 -8.11 -6 10.54 -8.58 -5.26 10.96 -8.52 -4.58 10.37 -8.35 -6
5 24 4.64 7.49 16.7 3.16 7.43 16.95 3.3 8.63 16.74 4.22 6.6 16.87
5 24 -4.41 18.15 12.33 -6.8 2.03 11.34 -5.31 17.9 11.87 -3.76 18.4 12.62
5 24 -8.79 0.98 -7.34 -9.93 2.76 -8.24 -10.87 0.95 -5.01 -8.69 2.57 -9.34
5 24 6.53 3.07 15.74 5.49 4.09 16.8 7.23 4.41 15.85 5.62 3.25 16.28
5 24 3.3 -3.38 -15.29 3.72 -3.75 -15.19 3.13 -2.47 -14.82 3.15 -4.67 -15.62
5 24 -14.36 5.24 9 -14.51 4.96 10.04 -14.57 4.41 8.71 -14.4 5.82 9.68
5 24 9.21 -5.29 13.75 8.35 -5.3 13.98 8.64 -4.43 14.47 9.11 -5.86 12.86
5 24 -7.43 17.67 19.88 -6.75 18.73 19.42 -7.43 17.25 18.9 -7.27 18.33 20.15
5 24 10.7 -3.12 13.67 9.96 -3.66 13.92 9.53 -3.17 13.96 10.92 -3.41 13.7
5 24 7.72 -3.83 15.33 8.03 -4.59 14.78 8.99 -3.61 14.96 5.84 -5.01 15.29
5 24 1.83 37.08 27.38 2.19 37.77 27.73 2.17 37.01 28.5 1.59 37.81 26.71
5 24 13.76 11.48 6.61 12.76 10.93 8.56 12.74 12.38 8.07 12.91 10.28 8.27
5 24 0.76 7.57 25.78 0.57 8.96 25.92 0.01 8.08 26.64 1.12 9.37 25.23
5 24 -1.24 -9.82 5.09 -1.4142 -9.5 3.4142 -3.44 -9.78 4.1 -0.7654 -9.5 3.8478
5 24 6.25 7.55 16.31 5.99 6.85 16.56 5.87 7.63 16.44 6.97 6.66 15.83
5 24 0.69 -1.64 26 1.01 -0.68 26.61 0.79 -1.14 25.37 0.21 -1.15 27.02
5 24 -10.18 10.89 23.92 -10.23 9.67 23.84 -10.27 10.11 24.32 -9.98 10.56 23.24
5 24 -10.97 9.46 25.47 -10.55 7.94 25.37 -10.52 9.67 26.04 -11.14 8.77 24.27
5 24 9.45 6.73 13.99 10.68 8.11 13.34 10.22 6.77 12.86 9.59 7.47 14.02
5 24 -1.1 0.28 19.53 1.63 1.24 19.2 -0.91 1.05 20 -0.2 0.05 18.98
5 24 -11.47 6.65 26.04 -11.98 6.18 25.27 -11.32 5.8 26.53 -10.99 7.02 25.52
5 24 -3.5 16.98 15.86 -4.62 16.9 14.98 -3.02 17.47 15.8 -4.36 15.69 15.67
5 24 14.45 -6.57 -2.4 15.16 -6.01 -2.79 14.35 -6.02 -3.28 14.97 -6.42 -2.39
5 24 1.82 11.57 24.22 1.65 10.1 24.86 1.65 10.79 25.42 1.48 10.59 23.5
5 24 0.59 -8.8 21.32 0.32 -9.54 21.81 0.28 -9.59 21.1 0.63 -8.43 21.98
5 24 -0.65 -8.94 -4.9 0.23 -9.29 -4.77 -0.48 -9.24 -3.77 -0.01 -8.37 -6.8
5 24 -15.83 -0.79 -2.47 -15.6 -1.36 -2.62 -15.75 -1.17 -1.66 -15.12 -1.38 -2.99
5 24 -3.12 -11.06 16.44 -2.74 -11.12 17.47 -2 -11.19 16.4 -4.17 -11.55 17.11
5 24 2.28 19.55 24.16 1.04 19.96 22.98 0.43 18.6 22.55 1.59 20.62 23.54
5 24 -2.22 18.97 14.08 -3.02 17.47 15.8 -2.26 17.38 16.45 -3.95 18.54 13.31
5 24 -2.06 24.18 29.91 -2.04 22.79 29.59 -3.34 23.83 29.46 -0.93 23.48 29.73
5 24 0.35 25.08 22.55 1.34 22.71 23.46 1.1 25.97 23.08 0.36 23.15 23.08
5 24 12.25 2.84 10.83 12.5 3.21 9.94 11.75 4.96 10.27 12.61 1.8 10.21
5 24 -12.58 10.33 11.75 -13.17 10.93 10.82 -12.69 11.98 11.53 -13.39 10 10.98
5 24 -6.41 -9.61 -2.57 -7.41 -9.62 -2.25 -7.58 -9.08 -2.81 -6.16 -9.82 -1.84
5 24 -0.21 30.75 29.8 -1.15 31.3 30.34 -1.95 30.03 30.27 -0.35 31.74 30.03
5 24 11.98 -4.82 11.11 12.38 -4.17 10.81 12.41 -4.5 10.15 12.07 -3.65 11.53
5 24 -0.05 5.02 27.28 -0.02 4.47 28.6 0.22 5.1 28.16 -0.13 3.42 27.88
5 24 -13.64 -2.12 2.39 -14.29 -1.45 2.35 -13.12 -3.52 0.08 -13.92 -1.21 3.36
5 24 -5.03 9.64 31.28 -5.56 10.23 30.45 -6.06 8.79 31.13 -4.45 10.78 30.78
5 24 -8.06 -7.41 10.35 -7.89 -8.35 12.39 -6.95 -7.95 10.21 -8.69 -7.83 12.74
5 24 -14.29 -1.45 2.35 -14.7 -0.67 2.19 -14.11 -2.53 -0.19 -13.92 -1.21 3.36
5 24 11.53 -7.12 -6.76 11.15 -8.11 -6 10.1 -7.63 -7.33 12.15 -6.9 -6.08
5 24 2.36 21.23 25.88 2.09 21.05 27.5 2.24 22.12 27.65 1.57 20.5 27.39
5 24 -6.57 -11.16 19.94 -6.93 -11.56 21.38 -7.54 -10.53 20.26 -5.32 -11.22 20.08
5 24 -12.23 -0.05 21.85 -12.48 -0.44 22.37 -12.07 -1.12 21.75 -12.36 -0.07 22.63
5 24 -8.81 12.63 20.76 -9 12.02 21.37 -8.83 12.16 20.89 -8.94 13.1 21.01
5 24 -14.65 6.44 9.99 -14.4 5.82 9.68 -14 5.73 10.68 -14.73 6.66 9.2
5 24 -10.01 -6.67 17.52 -10.38 -6.62 17.9 -10.1 -6.03 17.36 -9.29 -7.8 18.07
5 24 10.51 -5.73 7.91 11.67 -5.3 6 10.32 -6.8 5.44 11.1 -5.25 8.42
5 24 -0.65 -8.94 -4.9 -2.17 -9.69 -3.18 -1.34 -9.72 -2.09 -2.13 -9.31 -5.19
5 24 -14.34 3.4 -5.91 -13.74 5.4 -5.98 -13.07 3.66 -6.93 -14.45 4.57 -5.58
5 24 4.64 7.49 16.7 3.3 8.63 16.74 3.16 7.43 16.95 4.26 9.21 15.94
5 24 -9.78 16.6 11.12 -9.24 15.76 12.93 -7.34 17.44 11.81 -10.12 15.7 11.77
5 24 9.7 -6.9 -10.01 9.58 -6.79 -10.56 10.19 -6.04 -10.01 7.78 -7.81 -10.46
5 24 -3.67 -0.13 30.73 -4.99 0.98 31.16 -4.17 1.44 31.15 -5.46 -0.4 31.12
5 24 2.6 29.54 26.45 2.35 30.18 26.7 2.46 30.76 25.85 1.85 28.82 27.3
5 24 -9.82 -0.69 14.93 -10.61 1.84 14.59 -8.37 1.36 16.48 -11.04 0.13 13.66
5 24 -2.97 19.21 18.23 -4.49 20.59 18.32 -2.88 20.59 18.13 -4.51 19.11 18.46
5 24 2.66 4.71 18.13 2.45 3.65 17.92 1.54 3.6 18.29 3.65 4.61 17.32
5 24 -4.94 13.52 30.45 -5.98 12.68 30.19 -6.22 11.19 30.38 -5.07 14.18 29.54
5 24 -2.45 -4.24 -14.44 -2.84 -4.39 -13.72 -2.32 -5.26 -13.47 -3.42 -3.98 -14.17
5 24 -10.17 10.02 22.02 -10.17 10.1 22.87 -10.21 9.43 22.55 -10.16 10.5 22.34
5 24 -7.25 12.94 28.47 -7.05 14.12 28.1 -7.84 12.85 27.63 -6.07 13.12 28.96
5 24 -13.58 7.02 11.39 -13.76 7.96 11.86 -13.92 8.11 11.05 -12.96 7.02 12.23
5 24 -9.96 -5.33 27.4 -9.73 -5.96 26.11 -9.65 -6.51 26.98 -10.17 -5.1 26.28
5 24 1.65 -1.06 18.51 2.37 -0.06 18.07 2.63 -1.51 17.88 1.29 -0.39 18.67
5 24 5.62 3.25 16.28 5.49 4.09 16.8 3.9 3.82 17.04 6.53 3.07 15.74
5 24 -5.2 -6.49 -8.63 -7.61 -5.53 -8.57 -7.02 -5.23 -9.17 -5.33 -7.72 -7.07
5 24 -9.16 -3.64 29.11 -8.31 -3.32 29.49 -8.92 -2.25 29.42 -9.04 -4.88 28.31
5 24 -11.59 -4.71 19.51 -11.99 -5.04 20.62 -11.78 -4.07 20.26 -11.72 -5.62 20.06
5 24 -5.62 21.15 18.96 -6.15 21.4 20.31 -6.6 20.77 19.69 -5.2 21.78 19.56
5 24 -4 42.5 31.54 -4.08 43.25 31.79 -3.22 43.63 32.6 -5.3 42.84 29.53
5 24 11.98 -4.82 11.11 11.73 -4.22 12.01 12.07 -3.65 11.53 11 -5.61 11.52
5 24 -7.62 19.9 21.06 -6.9 20.19 20.54 -6.84 20.84 20.96 -7.09 19.73 20.24
5 24 -15.16 -0.36 -3.29 -15.72 0.71 -3.16 -14.8 -0.17 -4.49 -15.58 0.59 -2.58
5 24 5.84 11.47 14.31 4.94 11.15 15.1 4.8 12.01 14.63 5.35 10.29 15.25
5 24 -11.44 16.04 10.14 -12.11 14.92 10.28 -12.03 15.53 9.52 -11.21 15.57 10.76
5 24 10.51 -0.75 -10.4 9.32 -0.67 -11.86 10.08 -2.5 -11.59 9.44 0.57 -10.8
5 24 3.09 -9.93 7.47 4.22 -10.18 7.98 2.88 -9.52 9.16 4.11 -9.53 6.65
5 24 7.89 11.81 13.51 7.58 11.07 13.9 8.16 11.01 13.51 7.36 11.76 13.92
5 24 -7.71 -9.08 26.66 -8.67 -7.98 26.68 -8.77 -8.84 26.37 -7.04 -8.28 27.13
5 24 -11.53 2.17 13.41 -12.51 0.94 13.16 -11.47 1.1 13.51 -12.9 1.77 12.9
5 24 -5.57 25.65 22.5 -7.06 24.6 21.79 -5.49 25.1 21.86 -6.9 24.81 22.67
5 24 3.4 28.2 24.46 3.42 29.59 25.18 3.42 28.96 26.19 2.92 29.96 23.97
5 24 -1.15 -11.59 17.56 -0.02 -11.09 16.88 -1.4 -11.5 16.76 0.71 -10.79 17.52
5 24 -0.35 14.01 29.05 0.9 13.91 27.65 0.74 12.91 27.62 -0.12 15.01 29.12
5 24 7.87 6.25 15.65 6.97 7.07 15.79 6.97 6.66 15.83 9.17 6.81 14.93
5 24 -2.86 18.7 13.12 -2.22 18.97 14.08 -1.77 18.85 13.48 -3.95 18.54 13.31
5 24 15.49 6.59 3.47 14.93 7.67 4.23 14.83 6.51 5.53 14.73 8.61 2.82
5 24 -11.43 -5.76 25.01 -11.72 -6.5 22.45 -11.01 -6.22 24.67 -12.09 -5.59 23.03
5 24 -6.21 -10.65 15.29 -7.09 -9.82 14.67 -5.44 -10.3 14.36 -7.01 -10.46 16.45
5 24 -0.12 15.01 29.12 0.86 15.38 27.71 0.9 13.91 27.65 0.48 15.7 28.5
5 24 11.53 -7.12 -6.76 12.54 -5.45 -8.36 12.68 -5.21 -7.41 11.23 -7.25 -8.14
5 24 3.42 28.96 26.19 3.34 27.92 27.12 3.6 27.64 25.22 2.6 29.54 26.45
5 24 1.08 0.52 25.68 0.68 1.69 25 0.83 0.65 24.7 0.67 1.51 26.08
5 24 -8.36 4.91 20.4 -8.2 3.37 20.9 -7.53 4.53 20 -9.65 4.84 20.92
5 24 -12.66 -4.55 -4.86 -10.71 -5.67 -6.01 -12.51 -5.15 -4.31 -10.63 -5.08 -6.22
5 24 2.14 2.86 18.07 3.9 3.82 17.04 4.76 3.06 16.61 2.45 3.65 17.92
5 24 -1.83 31.73 19.43 -1.27 32.59 20.49 -1.84 32.41 19.87 -0.48 31.17 20.51
5 24 -2.19 -9.15 25.67 -2.39 -10.39 25.34 -3.23 -9.31 26.22 -1.64 -10.43 24.81
5 24 -6.89 11.29 19.43 -6.59 12.23 18.69 -7 11.88 19.34 -6.3 11.45 18.45
5 24 -6.97 0.84 18.85 -7.36 0.74 19.38 -7.27 2.14 18.97 -7.01 -0.73 19.26
5 24 -12.05 -5.97 -1.26 -11.55 -6.97 -1.45 -10.9 -7.27 -0.76 -12.1 -6.49 -2
5 24 -2.13 -9.31 -5.19 -2.17 -9.69 -3.18 -0.65 -8.94 -4.9 -2.99 -9.56 -3.91
5 24 2.92 29.96 23.97 3.4 28.2 24.46 3.42 29.59 25.18 2.12 28.33 23.23
5 24 -12.46 1.94 25.35 -11.65 1.29 25.75 -12.01 2.42 26.05 -12.6 1.41 24.65
5 24 -10.02 6.4 21.61 -10.7 4.94 22.75 -10.4 4.43 21.55 -10.42 6.14 22.55
5 24 -14.11 -2.53 -0.19 -14.99 -2.93 -1.43 -14.61 -1.88 -0.84 -14.58 -3.74 -1.26
5 24 -0.3 29.89 28.87 1.09 30.49 28.26 0.37 31.21 28.92 0.39 29.16 27.76
5 24 1.65 10.79 25.42 0.87 12.72 26.32 1.48 12.59 24.69 0.85 11.42 26.14
5 24 0.26 11.82 22.13 -0.54 11.53 21.98 -0.46 12.76 21.16 0.38 10.62 22.52
5 24 12.74 12.38 8.07 12.76 10.93 8.56 13.76 11.48 6.61 12.58 12.22 8.67
5 24 -8.74 -8.44 16.74 -8.39 -9.33 16.03 -8.58 -8.48 15.79 -8.48 -9.45 16.9
5 24 -2.25 8.09 21.03 -1.52 7.27 22.28 -2.09 7 20.72 -1.36 8.05 22.22
5 24 1.58 -3.34 -15.74 -1.32 -4.11 -15.23 -1.33 -3.44 -15.41 -0.46 -5.26 -15.44
5 24 1.3 -7.72 17.6 1.11 -9.37 17.58 1.16 -9.22 18.79 1.38 -8.42 16.68
5 24 2.24 22.12 27.65 2.36 21.23 25.88 2.09 21.05 27.5 2.35 22.83 25.09
5 24 -9.86 2.03 8.63 -7.071 -2 7.071 -12.02 2.05 5.07 -6.8 2.03 11.34
5 24 -5.54 -4.61 -12.05 -5.38 -5.09 -11.63 -3.29 -4.73 -12.75 -7.42 -4.4 -10.42
5 24 -10.82 -1.66 -9.09 -9.79 -1.34 -9.73 -9.27 -3.46 -9.06 -10.23 0.11 -9.67
5 24 1.99 -9.05 11.75 3.24 -9.37 10.58 2.85 -8.93 11.37 1.88 -9.58 11.02
5 24 -12.54 -5.42 -2.31 -12.04 -5.58 -2.99 -12.1 -6.49 -2 -12.66 -5.12 -3.06
5 24 12.66 -1.53 9.76 13.45 -2.13 8.94 13.15 -1.5 8.77 13.74 -3.55 9.94
5 24 -1.03 39.9 25.13 -2.54 40.1 25.21 -1.38 38.98 24.88 -2 40.75 25.49
5 24 -7.62 6.41 19.23 -7.6 5.7 18.92 -7.84 6.71 17.96 -7.63 5.2 19.91
5 24 -3.95 18.54 13.31 -4.88 18.02 13.14 -5.25 17.31 14.15 -4.41 18.15 12.33
5 24 0.68 9.97 26.31 0.54 9.73 27.82 0.01 8.08 26.64 0.46 10.6 28.26
5 24 -7.98 16.14 19.95 -8.15 15.73 21.73 -7.77 16.39 21.07 -7.91 15.05 21.29
5 24 -8.14 7.73 16.56 -7.84 6.71 17.96 -8.57 6.76 16.55 -7.63 7.5 18.1
5 24 -8.47 -5.92 6.54 -8.16 -6.36 9.3 -7.95 -6.67 6.59 -8.68 -5.75 9.35
5 24 -7.64 23.32 25.78 -7.72 23.25 25.29 -7.31 22.62 26.57 -6.99 24.04 24.96
5 24 1.31 12.14 23.08 1.82 11.57 24.22 1.24 11.54 22.75 1.48 12.59 24.69
5 24 -3.56 11.86 30.8 -2.62 12.56 30.02 -2.09 11.86 29.61 -3.26 13.52 30.75
5 24 14.83 -4.3 3.9 15.68 -3.53 3.65 14.56 -4.96 2.47 14.7 -3.43 4.95
5 24 -11.14 -7.9 20.99 -10.36 -6.94 19.46 -10.97 -6.06 19.81 -10.09 -7.63 19.82
5 24 -13.05 11.75 10.67 -13.78 10.41 10.28 -13.17 10.93 10.82 -14.18 10.87 9.7
5 24 13.72 11.53 4.27 12.76 12.56 4.32 13.06 11.38 3.58 13.35 12.51 4.95
5 24 -14.86 -3.2 -2.21 -14.58 -3.74 -1.26 -14.99 -2.93 -1.43 -14.34 -4.06 -2.98
5 24 -2.29 -9.5 5.56 -3.44 -9.78 4.1 -3.37 -9.08 6.01 -1.24 -9.82 5.09
5 24 8.73 16.42 10.49 7.6 17.1 11.07 8.39 16.69 10.18 7.42 16.06 11.98
5 24 0.95 -8.6 19.64 1.16 -9.22 18.79 1.21 -6.92 18.77 0.85 -9.85 19.55
5 24 -2 40.75 25.49 -1.61 41.42 25.89 -3.09 41.58 26.17 -0.48 40.9 26.32
5 24 1.01 8.19 17.62 2.19 9.48 16.82 0.87 10.1 17.01 2.81 8.24 17.01
5 24 3.86 -9.94 5.74 2.69 -9.99 6 3.03 -10.17 5.25 3.31 -9.72 6.49
5 24 -12.01 2.42 26.05 -12.46 1.94 25.35 -12.46 2.5 25.16 -11.65 1.29 25.75
5 24 -0.31 7.03 22.59 0.51 7.85 22.59 -1.36 8.05 22.22 0.73 7.12 23.03
5 24 -4.88 24.04 28.17 -6.16 25.46 27.63 -4.08 25.47 28.34 -5.49 23.48 27.59
5 24 -7.08 25.99 26.08 -6.34 27.97 25.34 -7.08 26.43 25.18 -5.71 27.07 26.95
5 24 3.03 -3.63 17.3 2.72 -3.95 18.07 2.89 -4.55 17.9 2.67 -3.38 17.59
5 24 -5.43 33.59 27.45 -5.23 32.49 28.04 -6.75 32.64 26.29 -3.77 33.9 28.72
5 24 -8.29 20.62 23.58 -7.76 20.03 23.94 -7.25 21.64 23.57 -8.57 20.36 23.23
5 24 14.82 8.93 6.13 14.98 8.65 3.99 14.81 8.04 5.59 14.7 9.42 5.94
5 24 -5.7 -0.31 -15 -5.55 0.97 -14.62 -6.31 0.25 -14.24 -5.01 0.14 -15.24
5 24 11.65 12.01 10.44 12.31 12.48 9.65 12.55 12.19 9.53 11.39 13 9.67
5 24 -5.92 12.75 16.72 -6.38 13.26 18.05 -6.19 12.62 17.94 -5.63 13.96 16.6
5 24 16.38 3.3 4.15 16.23 4.96 3.76 15.58 3.63 5.6 16.25 3.22 3.19
5 24 -14.54 9.92 7.16 -14.71 10.32 5.34 -15.06 9.22 5.81 -14.5 10.99 5.44
5 24 -10.61 -0.8 13.96 -11.68 0.08 13.12 -11.53 -1.87 13.2 -11.04 0.13 13.66
5 24 -5.08 33.36 20.99 -5.33 33.17 22.53 -5.49 32.8 21.07 -3.7 34.74 22.56
5 24 13.28 6.2 7.91 13.63 5.15 7.7 13.94 6.54 7.12 12.02 4.98 9.57
5 24 -15.34 7.51 -2.64 -14.65 7.78 -3.3 -15.21 6.61 -3.47 -14.8 8.3 -1.49
5 24 -13.61 11.81 8.56 -13.86 11.6 9.42 -13.21 12.29 8.99 -13.96 11.06 8.18
5 24 7.72 -5.7 12.93 7.93 -5.85 11.86 8.24 -5.81 12.28 6.76 -6.29 12
5 24 2.66 -10.08 3.61 2.6 -10.4 2.84 3.06 -10.17 2.91 2.26 -10.12 3.22
5 24 0.77 2.64 -13.2 0.96 2.16 -14.03 3.53 2.29 -12.6 -0.12 2.21 -13.87
5 24 15 -2.34 4.22 15.68 -3.53 3.65 14.83 -2.58 4.9 15.37 -1.94 2.54
5 24 -10.16 10.5 22.34 -9.85 10.97 21.55 -10.17 10.02 22.02 -9.74 11.08 22.8
5 24 -3.26 22.54 29.28 -4.25 23.37 28.8 -3.34 23.83 29.46 -4.24 22.3 28.54
5 24 -11.74 -3.03 7.61 -11.77 -2.55 5.35 -12.5 -1.74 6.59 -10.89 -3.61 6.39
5 24 -1.19 -10.15 24.01 -1.64 -10.43 24.81 -1.22 -9.54 24.83 -2.05 -11.42 24.08
5 24 -10.31 -7.24 18.82 -9.57 -7.87 18.52 -9.73 -7.79 19.1 -10.38 -6.62 17.9
5 24 -5.21 34.84 26.78 -5.88 34 25.42 -6.22 33.75 26.1 -4.83 34.74 25.61
5 24 -3.83 30.76 19.85 -1.83 31.73 19.43 -2.56 29.39 19.85 -4.7 32.6 20.36
5 24 -16.08 1.58 -1.72 -16.02 2.96 -0.55 -16.28 2.41 -1.76 -15.62 2.31 -0.26
5 24 -5.31 17.9 11.87 -5.98 17.69 12.48 -6.98 17.63 11.07 -4.88 18.02 13.14
5 24 10.66 -2.13 -10.17 10.08 -2.5 -11.59 10.51 -0.75 -10.4 9.94 -4.57 -10.87
5 24 -5.56 15.82 17.94 -4.46 16.23 17.24 -5.86 16.87 17.64 -4.36 14.9 17.3
5 24 0.91 6.94 25.65 0.53 6.02 26.16 0.57 6.37 24.41 0.29 7.01 26.52
5 24 1.99 16.14 23.58 1.49 15.57 22.38 1.88 14.83 23.61 1.43 16.71 22.49
5 24 -7.06 -9.94 -1.38 -7.41 -9.62 -2.25 -8.39 -9.23 -1.68 -6.16 -9.82 -1.84
5 24 -15.92 -0.42 -1.32 -15.83 -0.79 -2.47 -15.58 0.59 -2.58 -15.75 -1.17 -1.66
5 24 -5.07 31.45 28.02 -6.39 31.54 26.74 -5.23 32.49 28.04 -5.87 30.86 26.38
5 24 2.69 -8.17 14.12 1.11 -9.27 14.71 1.49 -8.74 15.48 1.81 -9.13 13.02
5 24 16.28 0.84 -0.43 16.46 2.56 -1.21 16.3 2.79 -0.46 16.33 2.07 -3
5 24 -10.67 -5.35 10.54 -10.27 -4.86 11.76 -10.76 -4.24 11.89 -9.96 -5.44 11.21
5 24 0.87 39.54 27.03 2.01 39.08 27.51 1.16 39.05 26.7 1.5 39.51 28.31
5 24 2.22 13.52 16.51 0.51 12.15 17.27 2.33 11.96 15.95 0.28 13.16 17.54
5 24 -3.38 2.73 -13.29 -3.29 2.22 -14.31 -1.99 2.24 -13.88 -4.81 2.07 -13.91
5 24 -7.54 -10.53 20.26 -7.29 -10.9 18.82 -7.69 -10.06 19.21 -6.57 -11.16 19.94
5 24 -9.33 -6.66 3.08 -7.8 -6.89 5.11 -10.28 -4.75 4.3 -7.9 -7.54 4.13
5 24 0.28 13.16 17.54 -0.18 14.92 17.66 -0.39 13.46 18.92 0.69 14.5 16.69
5 24 -15.94 6.95 -1.47 -15.91 6.88 -0.66 -16.08 5.93 -0.63 -15.6 7.65 -0.84
5 24 16.08 4.58 -1.19 16.26 4.16 -2.14 16.46 2.56 -1.21 15.35 6.24 -2.37
5 24 1.21 -6.43 -13.86 2.39 -7.54 -13.34 1.43 -7.1 -12.17 2.41 -7 -14.3
5 24 7.08 2.14 -10.68 6.98 2.2 -10.35 4.78 2.31 -11.54 9.2 2.64 -9.34
5 24 -10.36 -1.28 27.85 -10.12 -1.95 28.52 -9.63 -0.86 28.93 -10.34 -2.48 27.9
5 24 -3.09 41.58 26.17 -2 40.75 25.49 -3.37 40.81 26.02 -1.61 41.42 25.89
5 24 -5.88 34 25.42 -4.83 34.74 25.61 -5.19 32.91 24.51 -5.21 34.84 26.78
5 24 9.35 12.28 12.3 8.7 14.94 12.12 9.3 15.22 11.54 7.76 14.27 12.66
5 24 -1.43 -7.41 26.93 -2.13 -6.95 27.58 -1.61 -6.57 27.76 -2.61 -8.09 26.9
5 24 -9.89 -5.72 10.54 -10.57 -5.19 9.95 -9.29 -5.79 10.07 -10.67 -5.35 10.54
5 24 5.99 -4.87 -14.33 7.16 -4.05 -13.22 5.78 -3.81 -13.99 7.06 -5.32 -13.83
5 24 7.44 -8.71 -7.96 8.65 -8.59 -8.92 6.93 -8.66 -9.19 9.28 -8.4 -8.28
5 24 -12.82 -0.49 9.13 -13.2 -0.92 10.29 -12.24 -1.28 9.06 -13.35 -0.15 9.86
5 24 9.97 -4.23 13.5 10.94 -4.6 12.56 10.92 -3.41 13.7 10.43 -4.97 12.37
5 24 -0.23 21.6 28.68 1.2 23.05 28.72 1.2 21.91 28.51 -0.49 22.94 29.05
5 24 5.27 -8.41 -10.27 4.31 -9.3 -9.01 4.93 -7.99 -11.13 5.41 -9.22 -9.17
5 24 5.56 -9.24 -8.35 4.77 -9.2 -6.73 3.29 -9.24 -8.77 6.74 -9 -7.27
5 24 -2 -9.5 2 -2.68 -9.96 1.35 -1.8478 -9.5 1.2346 -1.8478 -9.5 2.7654
5 24 -12.98 14.04 6.71 -13.15 13.25 5.98 -13.38 13.49 7.21 -12.72 13.51 5.39
5 24 9.44 0.57 -10.8 10.7 2.39 -8.93 11.25 0.19 -9.85 8.72 1.68 -10.5
5 24 -13.96 11.06 8.18 -14.66 10.43 9.04 -14.33 10.06 8.45 -13.86 11.6 9.42
5 24 -0.21 -7.27 25.73 -0.37 -6.37 26.73 -1.43 -7.41 26.93 0.4 -6.6 24.61
5 24 -9.26 -5.72 28.25 -8.74 -7 27.99 -7.86 -7.52 28.04 -9.96 -5.33 27.4
5 24 -8.29 20.62 23.58 -7.75 21.28 23.08 -8.24 20.83 23.1 -7.25 21.64 23.57
5 24 14.54 -3.96 -5.04 14.3 -5.43 -5.67 13.03 -4.77 -6.46 14.64 -5.14 -4.96
5 24 -14.64 7.44 9.06 -14.69 7.82 9.85 -14.24 8.46 9.13 -14.93 6.94 9.72
5 24 -0.49 24.92 19.74 -0.45 24.63 22.2 -0.46 25.96 21.06 -0.55 23.55 22.32
5 24 -8.52 14.46 21.99 -8.83 13.52 22.52 -8.69 13.3 21.95 -8.86 14.77 22.45
5 24 -8.79 10.22 20.49 -7.85 11.03 19.75 -9.18 11.46 20.8 -7.94 10.26 19.99
5 24 -11.83 -5.36 -0.85 -12.48 -5.21 -1.4 -12.05 -5.97 -1.26 -12 -4.73 -0.71
5 24 -1.03 11.99 21.17 -1.43 11.03 20.2 -1.31 10.31 21.39 -0.95 11.88 19.92
5 24 -2.52 27.66 29.93 -3.37 26.15 29.25 -3.35 28.47 28.57 -2.14 26.41 30.07
5 24 1.21 21.2 28.09 1.57 20.5 27.39 0.38 20.74 28.14 2.09 21.05 27.5
5 24 6.25 17.77 11.48 7.6 17.1 11.07 7.52 17.25 10.72 6.27 17.75 11.88
5 24 4.77 0.68 -13.93 5.49 -1.27 -14.2 6.24 0.81 -12.92 3.69 -0.14 -14.38
5 24 -9.42 -8.8 18.7 -9.29 -9.29 19.29 -9.53 -8.98 20.17 -8.71 -9.56 18.84
5 24 -2.68 -9.96 1.35 -1.8478 -9.5 1.2346 -2 -9.5 2 -2.74 -10 0.47
5 24 -12.66 -4.55 -4.86 -12.73 -3.75 -5.12 -10.63 -5.08 -6.22 -13.39 -3.76 -4.27
5 24 -14.16 2.86 7.5 -14.23 2.41 6.54 -13.54 1.59 8.27 -14.4 3.16 6.56
5 24 -2.47 46.12 28.99 -1.95 46.15 31.13 -3.11 46.22 30.77 -1.03 46.04 30.87
5 24 -15.5 1.34 -0.76 -15.92 -0.42 -1.32 -15.72 1.08 -1.86 -15.42 0.63 -0.31
5 24 7.89 11.81 13.51 7.76 14.27 12.66 8.93 12.12 12.69 7.18 14.1 13.23
5 24 -10.38 -5.05 18.13 -9.96 -4.37 18.62 -10.41 -4.71 18.71 -9.64 -5.29 17.16
5 24 -8.02 10.59 15.47 -9.24 11.36 14.47 -9.28 8.54 15.21 -7.73 11.48 15.33
5 24 9.94 -4.57 -10.87 10.66 -2.13 -10.17 10.18 -4.78 -9.94 10.08 -2.5 -11.59
5 24 -0.36 14.64 19.67 -0.03 15.64 18.53 -0.18 14.92 17.66 -0.27 15.52 19.73
5 24 -6.16 16.55 13.83 -7.74 16.47 13.11 -6.3 17.21 13.01 -6.52 15.6 14.12
5 24 2.41 35.82 26.71 3.15 35.92 26 3.17 35.34 26.64 2.59 36.41 26.12
5 24 -10.56 -6.84 -0.27 -11.83 -5.36 -0.85 -11.71 -4.95 -0.12 -12.05 -5.97 -1.26
5 24 1.12 9.37 25.23 0.76 7.57 25.78 0.57 8.96 25.92 0.99 8.25 23.52
5 24 -3.51 33.2 29.78 -2.41 32.45 30.25 -3.06 33.58 30.5 -2.94 32.23 29.36
5 24 5.18 -1.98 15.84 4.14 -1.62 16.3 5.27 -1.34 15.8 3.89 -2.39 16.45
5 24 -7.45 8.32 19.72 -6.77 9.17 18.12 -7.63 7.5 18.1 -6.84 9.48 19.96
5 24 1.02 9.63 23.86 1.48 10.59 23.5 1.65 10.1 24.86 0.15 9.64 23.03
5 24 -5.41 -10.45 26.45 -4.98 -10.59 25.91 -3.23 -9.31 26.22 -5.72 -10.51 25.27
5 24 -9.44 -7.03 14.37 -9.76 -6.6 13.71 -9.05 -7.53 13.94 -10.03 -5.99 14.32
5 24 -8.31 -0.8 15.93 -9.8 -2.94 13.84 -9.82 -0.69 14.93 -8.75 -2.37 15.58
5 24 0.32 40.64 27.54 -0.03 41.88 27.86 0.27 40.89 28.55 -0.11 41.4 26.95
5 24 10.16 -7.23 -9.06 9.21 -8.24 -9.49 9.7 -6.9 -10.01 9.28 -8.4 -8.28
5 24 -11.98 -4.37 22.05 -12.54 -3.8 22.39 -12.57 -4.05 21.91 -12.08 -3.29 23.26
5 24 3.07 25.98 25.85 2.17 25.36 25.34 1.9 24.71 26.53 1.95 26.02 24.41
5 24 -5.43 33.59 27.45 -4.28 34.56 28.17 -5.21 34.84 26.78 -3.77 33.9 28.72
5 24 -4.03 -5.35 29.28 -4.71 -6.06 29.56 -5.47 -4.42 29.96 -3.89 -6.15 28.46
5 24 -4.94 -12.09 19.12 -5.42 -12 17.61 -4.34 -12.13 18.81 -6.76 -11.63 18.44
5 24 -5.42 -12 17.61 -4.34 -12.13 18.81 -4.15 -12.05 17.87 -4.94 -12.09 19.12
5 24 -1.86 45.73 31.97 -2.15 45.97 31.49 -2.62 45.51 31.98 -1.95 46.15 31.13
5 24 -7.43 -1.42 17.08 -8.31 -0.8 15.93 -7.92 0.6 16.36 -8.75 -2.37 15.58
5 24 -7.83 22.29 22.46 -7.79 23.5 22.59 -7.73 23.5 23.52 -7.28 21.56 21.31
5 24 -11.53 -3.78 10.93 -10.67 -5.35 10.54 -10.76 -4.24 11.89 -10.57 -5.19 9.95
5 24 11.73 -3.87 12.69 12.07 -3.65 11.53 11.73 -4.22 12.01 11.53 -2.27 11.73
5 24 -10.01 5.55 28.81 -10.06 6.37 27.02 -9.33 6.85 27.4 -10.31 5.85 26.93
5 24 1.52 13.46 25.12 1.88 14.83 23.61 1.31 13.95 23.57 2.09 15.69 24.86
5 24 14.84 -6.18 0.19 14.35 -6.25 0.96 14.22 -6.44 -0.29 15.14 -5.72 0.48
5 24 -6 14.74 15.48 -6.85 13.87 14.9 -6.74 14.85 14.53 -6.36 13.26 15.84
5 24 -8.22 1.31 -11.31 -9.08 2.31 -9.63 -7.51 2.14 -11.03 -9.57 1.28 -10.2
5 24 -11.86 6.21 -6.21 -11.2 3.33 -7.51 -12.56 5.85 -6.36 -11 3.44 -7.34
5 24 8.26 -0.39 -12.73 8.32 0.85 -11.71 9.32 -0.67 -11.86 7.37 0.76 -12.49
5 24 -9.56 -7.96 15.71 -9.51 -7.76 16.6 -10.07 -6.99 16.45 -8.74 -8.44 16.74
5 24 -1.96 -5.99 28.08 -2.62 -5.14 28.31 -2.65 -6.32 28.03 -1.02 -4.73 27.64
5 24 -6.77 9.17 18.12 -6.51 10.53 18.89 -6.84 9.48 19.96 -7.2 10.02 17.18
5 24 -6.06 15.85 26.95 -6.89 17.5 26.81 -6.58 15.94 26.35 -5.73 17.18 27.58
5 24 -9.89 2.97 28.36 -10.46 1.83 28.31 -10.14 2.67 27.49 -8.85 2.55 29.31
5 24 -7.22 14.88 27.33 -7.31 15.24 26.49 -6.06 15.85 26.95 -7.85 14.75 26.32
5 24 2.26 -10.12 3.22 2.6 -10.4 2.84 2.66 -10.08 3.61 2.32 -10.43 2.54
5 24 -9.52 -4.38 28.01 -9.96 -5.33 27.4 -9.26 -5.72 28.25 -9.84 -3.76 27.28
5 24 -4.7 4.46 31.87 -6 4.86 30.85 -4.97 5.47 31.32 -5.84 3.89 31.63
5 24 7.78 -7.81 -10.46 8.86 -7.18 -11.69 9.58 -6.79 -10.56 7.75 -7.32 -12.11
5 24 -2.84 -4.39 -13.72 -2.32 -5.26 -13.47 -3.29 -4.73 -12.75 -2.45 -4.24 -14.44
5 24 -14.68 7.78 5.09 -15.5 7.51 3.51 -14.67 9.09 4.87 -15.35 6.81 3.72
5 24 -11.48 -6.19 20.78 -11.14 -7.9 20.99 -10.97 -6.06 19.81 -11.49 -6.87 21.4
5 24 -7.35 9.21 29.41 -8.09 9.59 28.84 -8.9 7.96 29.12 -7.26 9.96 28.79
5 24 -13.63 12.66 5.67 -13.61 12.18 4.59 -14.36 11.65 5.64 -12.72 13.51 5.39
5 24 -4.26 -10.78 -0.06 -4.25 -10.52 -0.57 -5.04 -10.43 -0.53 -3.1 -10.03 0.39
5 24 3.61 -10.27 4.14 4.91 -9.17 5.29 3.68 -9.98 3.64 4.42 -9.72 5.56
5 24 0.55 18.45 14.76 3.84 17.95 14.33 2.32 18.62 13.18 2.64 15.18 15.17
5 24 -6.76 -11.63 18.44 -5.47 -11.46 17.16 -5.42 -12 17.61 -6.2 -10.95 17.1
5 24 -7.06 24.6 21.79 -7.21 24.1 21.52 -6.36 24.39 21.34 -7.57 23.99 22.92
5 24 -4.51 19.11 18.46 -6 18.37 18.55 -3.28 18.33 17.79 -5.85 18.99 18.86
5 24 9.96 -3.66 13.92 10.92 -3.41 13.7 9.97 -4.23 13.5 10.7 -3.12 13.67
5 24 13.16 8.79 -3.67 13.12 7.91 -5.14 12.6 8.84 -3.61 14.56 7.7 -3.8
5 24 0.65 -9.4 7.61 0.52 -9.46 6.71 0.1 -9.15 7.33 1.07 -10.06 6.33
5 24 -4.84 -1.36 -14.8 -4.56 -0.64 -15.42 -5.37 -0.89 -14.83 -4.11 -1.23 -15.38
5 24 8.96 0.8 13.65 10.4 1.02 13.01 8.41 2.08 13.8 10.89 -2.11 12.64
5 24 7.52 -6.24 -12.55 6.83 -7.46 -12.8 7.75 -7.32 -12.11 6.35 -6.59 -13.44
5 24 -0.6 24.06 19.68 -0.55 23.55 22.32 -0.21 22.79 20.91 -0.49 24.92 19.74
5 24 -7.36 -7.62 4.64 -7.9 -7.54 4.13 -7.8 -6.89 5.11 -6.75 -8.2 3.84
5 24 -9.74 11.08 22.8 -10.18 10.89 23.92 -9.98 10.56 23.24 -10.19 11.88 24.05
5 24 1.59 17.2 26.2 1.69 16.92 25.25 0.94 15.62 25.69 1.9 18.43 25.96
5 24 8.65 -8.59 -8.92 7.03 -8.4 -9.95 6.93 -8.66 -9.19 9.21 -8.24 -9.49
5 24 4.88 -7.34 -12.79 4.23 -7.46 -12.95 4.69 -6.76 -13.59 4.64 -7.58 -11.86
5 24 -11.78 -4.07 20.26 -11.24 -4.08 19.4 -11.13 -2.94 19.94 -11.59 -4.71 19.51
5 24 -12.46 1.94 25.35 -12.6 1.41 24.65 -12.46 2.5 25.16 -11.65 1.29 25.75
5 24 1.1 25.97 23.08 1.27 26.79 23.55 -0.17 26.91 22.38 1.95 26.02 24.41
5 24 -4.56 41.57 31.04 -5.14 42.2 29.53 -5.25 41.36 30.16 -4 42.5 31.54
5 24 15 5.9 -4.74 15.43 5.99 -3.75 14.56 7.7 -3.8 15.64 5.09 -4.01
5 24 0.88 -10.57 4.11 0.48 -10.68 4.4 0 -9.5 4 1.43 -10.86 4.32
5 24 1.5 17.81 27.93 1.22 18.88 28.27 2.03 18.14 26.99 0.57 17.46 28.77
5 24 -0.11 41.4 26.95 -0.48 40.9 26.32 -1.26 42.03 26.22 0.1 40.2 26.83
5 24 -7.69 -10.06 19.21 -7.29 -10.9 18.82 -7.54 -10.53 20.26 -7.65 -10.29 17.79
5 24 -7.23 4.44 19.1 -8.32 4.7 16.71 -7.77 4.98 17.53 -7.96 3.55 17.56
5 24 -0.81 -11.18 22.26 -1.7 -11.29 22.19 -1.37 -11.53 21.83 -0.89 -10.68 22.7
5 24 -10.45 -7.64 -3.24 -9.46 -8.08 -3.11 -9.46 -8.46 -2.19 -10.05 -7.39 -3.61
5 24 -6.02 -3.72 -12.91 -4.25 -3.84 -13.5 -4.9 -3.1 -13.51 -5.78 -4.31 -12.56
5 24 3.06 -10.17 2.91 2.6 -10.4 2.84 3.02 -10.27 1.78 2.66 -10.08 3.61
5 24 -6.42 10.5 29.61 -6.24 9.11 29.89 -6.47 9.68 29.48 -5.56 10.23 30.45
5 24 0.32 -9.54 21.81 0.63 -8.43 21.98 0.59 -8.8 21.32 0.1 -9.36 22.44
5 24 0.54 9.73 27.82 -0.22 9.68 28.96 0.46 10.6 28.26 0 9.14 28.6
5 24 -0.23 21.6 28.68 1.2 21.91 28.51 0.38 20.74 28.14 1.2 23.05 28.72
5 24 -1.7 -11.25 18.41 -3.07 -11.54 18.97 -2.18 -11.88 19.42 -2.74 -11.12 17.47
5 24 -10.03 -5.99 14.32 -9.74 -5.52 12.46 -9.72 -3.92 14.07 -9.76 -6.6 13.71
5 24 2.49 26.64 27.58 2.56 25.59 27.16 3.23 26.89 26.72 1.43 26.65 28.05
5 24 2.67 33.45 28.07 3.15 32.31 27.68 3.79 33.53 26.8 1.45 32.34 28.43
5 24 0.43 17.28 20.36 0.23 16.23 19.55 0.16 16.34 20.68 -1.41 17.15 17.01
5 24 -14.69 7.82 9.85 -14.21 9.16 9.45 -14.24 8.46 9.13 -13.93 9.05 10.51
5 24 1.35 -9.16 8.91 1.88 -9.41 8.82 1.76 -10.17 7.71 1.33 -9.03 9.23
5 24 -4.03 -5.35 29.28 -4.63 -3.89 29.89 -3.85 -3.44 29.42 -5.47 -4.42 29.96
5 24 2.22 13.52 16.51 0.94 15.37 15.99 3.78 14.44 15.2 0.69 14.5 16.69
5 24 -11.24 -7.45 -2.72 -10.45 -7.64 -3.24 -10.44 -8.05 -1.9 -10.65 -6.68 -3.83
5 24 8.07 9.9 14.86 6.94 10.17 14.59 7.5 8.89 15.48 7.45 10.43 14.16
5 24 10.48 4.67 11.98 11.36 5.67 11.29 11.75 4.96 10.27 9.75 5.44 13.72
5 24 -2.35 43.13 26.67 -3.09 41.58 26.17 -1.26 42.03 26.22 -3.73 43.06 27.03
5 24 4.33 -6.43 -14.01 5 -6.05 -14.43 4.69 -6.76 -13.59 3.93 -5.75 -14.6
5 24 2.35 22.83 25.09 2.51 23.39 24.48 2.29 24.63 25.14 2.15 22.67 23.85
5 24 14.2 -4.9 6.06 14.58 -4.8 5.29 14.29 -5.23 5.5 14.7 -3.43 4.95
5 24 8.82 -2.59 -12.79 9.32 -0.67 -11.86 10.08 -2.5 -11.59 8.26 -0.39 -12.73
5 24 12.02 14.53 5.4 12.44 13.85 6.81 11.18 15.03 7.12 13.35 12.51 4.95
5 24 -8.81 12.63 20.76 -8.18 12.19 20 -7.79 13.11 19.04 -8.83 12.16 20.89
5 24 0.3 -9.75 -3.55 -0.55 -9.82 -1.93 0.22 -10.13 -1.49 -0.48 -9.24 -3.77
5 24 8.93 8.62 14.17 9.59 7.47 14.02 8.53 8.05 14.45 10.68 8.11 13.34
5 24 14.81 8.04 5.59 14.47 7.25 6.35 14.54 8.41 6.56 14.83 6.51 5.53
5 24 -8.83 15.11 23.78 -8.88 13.8 23.27 -8.86 14.77 22.45 -8.42 14.04 24.04
5 24 -13.64 0.88 10.53 -13.2 -0.92 10.29 -13.35 -0.15 9.86 -13.34 0.13 11.16
5 24 12.41 -4.5 10.15 11.98 -4.82 11.11 11.74 -5.38 10.3 12.38 -4.17 10.81
5 24 13.77 -6.62 -1.23 12.7 -7.26 -0.96 14.08 -6.73 -2.1 13.06 -6.63 -0.52
5 24 2.98 -6.7 16 1.74 -8.05 16.31 1.78 -7.16 17.25 2.74 -7.35 15.52
5 24 -7.02 22.86 21.2 -7.28 21.56 21.31 -7.79 23.5 22.59 -6.24 22.57 20.8
5 24 -5.88 34 25.42 -6.32 33.23 25.11 -5.19 32.91 24.51 -6.63 33.37 26.11
5 24 -7.63 7.5 18.1 -8.14 7.73 16.56 -7.84 6.71 17.96 -7.34 9.18 16.79
5 24 -7.13 -7.33 7.47 -6.11 -7.44 6.5 -5.81 -7.69 9.5 -7.85 -6.61 5.86
5 24 14.57 -3.56 7.54 14.87 -3.32 6.62 13.98 -4.09 7.24 14.43 -2.9 8.44
5 24 0.13 45.55 30.42 -0.9 45.01 31.8 -0.23 45.98 30.53 -1.1 44.03 32.19
5 24 6.95 16.85 12.73 6.27 17.75 11.88 7.6 17.1 11.07 6.6 17.26 13.04
5 24 -5.32 35.8 26.79 -5.21 34.84 26.78 -4.83 34.74 25.61 -5.44 36.01 27.69
5 24 -15.07 1.32 1.9 -15.58 1.13 0.51 -15.48 2.3 2.16 -14.8 0.27 0.88
5 24 -0.39 34.61 30.63 0.15 34.37 29.32 -0.53 33.12 29.95 0.11 35.51 29.36
5 24 1.57 36.62 29.11 2.19 37.74 28.96 1.27 37.03 29.68 2.17 37.01 28.5
5 24 4.22 6.6 16.87 4.64 7.49 16.7 5.42 7.03 16.8 3.16 7.43 16.95
5 24 2.27 18.18 24.67 1.89 20.1 25.87 2.28 19.55 24.16 1.9 18.43 25.96
5 24 -2.63 41.72 31.99 -2.55 43.82 32.89 -1.8 41.5 31.82 -4.38 41.12 31.01
5 24 -4.38 17.15 29.33 -5.03 16.72 28.12 -5.1 15.33 29.18 -4.74 17.77 28.21
5 24 -1.39 45.26 28.35 -0.52 46.07 29.8 -0.35 44.81 28.74 -2.47 46.12 28.99
5 24 -7.28 -9.97 25.38 -8.53 -9.47 25.64 -7.71 -9.08 26.66 -7.92 -9.82 24.24
5 24 -11.99 -5.04 20.62 -11.98 -4.37 22.05 -11.61 -5.61 21.15 -12.2 -4.1 21.29
5 24 3.29 -4.47 17.33 4.06 -3.18 16.52 3.03 -3.63 17.3 4.63 -3.78 16.48
5 24 -0.83 -1.46 23.17 0.14 -1.11 23.93 -0.24 -1.98 23.14 -0.64 -0.65 23.78
5 24 -0.22 20.55 20.96 -0.48 20.1 19.74 0.03 21.08 20.32 -0.57 19.24 19.99
5 24 -10.55 2.05 21.71 -10.5 3.07 22.03 -11.04 2.29 22.88 -9.68 3.24 21.49
5 24 -9.35 -7.31 26.31 -9.65 -6.51 26.98 -8.82 -7.45 27.29 -9.56 -6.76 25.76
5 24 1.13 -6.94 19.46 1.06 -7.33 20.37 1.3 -6.48 20.03 0.95 -8.6 19.64
5 24 -6.19 28.39 21.58 -5.6 27.88 23.76 -5.42 26.82 23.11 -5.42 28.58 23.44
5 24 -5.14 42.2 29.53 -4.77 42.92 27.69 -5.3 42.84 29.53 -4.78 42.24 27.65
5 24 6.99 -5.78 -13.71 4.97 -5.64 -14.63 7.06 -5.32 -13.83 5 -6.05 -14.43
5 24 0.92 -10.48 19.16 1.16 -9.22 18.79 0.85 -9.85 19.55 1.12 -10.35 18.3
5 24 -8.55 -0.79 -11.86 -10.23 0.11 -9.67 -9.57 1.28 -10.2 -8.48 -2.89 -11.11
5 24 -3.827 -2 9.239 -3.05 2.05 12.73 -6.8 2.03 11.34 0 -2 10
5 24 12.65 11.25 3.19 12.43 1.98 3.95 12.5 12.61 4.02 12.78 10.21 2.66
5 24 5.83 -9.05 -3.88 6.54 -9.27 -5.5 5.67 -9.26 -5.01 7.51 -8.89 -4.5
5 24 -13.37 -1.15 -6.65 -11.8 -1.3 -8.27 -11.43 -1.94 -8.51 -13.29 0.74 -7.44
5 24 -11.64 -0.29 21.26 -12.07 -1.12 21.75 -12.23 -0.05 21.85 -10.88 -0.76 20.86
5 24 3.73 -9.32 9.9 4.19 -9.33 10.53 4.6 -8.56 9.97 3.24 -9.37 10.58
5 24 -6.59 -9.82 -0.54 -7.08 -9.04 0.38 -7.96 -9.4 -0.85 -6.06 -9.48 0.19
5 24 12.75 9.39 10.08 12.63 9.33 9.09 12.41 10.23 9.21 12.59 8.6 9.85
5 24 -1.96 -5.99 28.08 -1.02 -4.73 27.64 -0.67 -5.7 27.12 -2.62 -5.14 28.31
5 24 0.19 -3.65 25.87 0.69 -1.64 26 1.38 -2.85 25.66 -0.3 -3.53 26.62
5 24 -6.59 -9.82 -0.54 -5.8 -9.86 -1.21 -7.06 -9.94 -1.38 -6.06 -9.48 0.19
5 24 3.85 10.45 15.8 4.94 11.15 15.1 3.19 11.23 15.46 5.35 10.29 15.25
5 24 -0.57 12.67 19.51 -0.79 11.69 18.74 -0.28 12.43 17.86 -0.95 11.88 19.92
5 24 -2.65 -6.32 28.03 -3.38 -6.93 28.17 -2.9 -7.62 27.67 -3.89 -6.15 28.46
5 24 -2.97 36.57 22.2 -2.84 36.92 22.84 -2.08 36.9 22.65 -3.55 36.45 22.59
5 24 -0.66 34.28 22.18 -1.1 36.25 22.58 -2.02 35.81 21.54 -0.21 35.87 23.71
5 24 -8.75 -2.37 15.58 -9.54 -3.27 14.16 -9.44 -3.51 15.03 -9.8 -2.94 13.84
5 24 2.93 -7.52 -13.83 2.75 -7.78 -12.94 3.93 -7.57 -13.41 2.39 -7.54 -13.34
5 24 -13.98 5.7 11.83 -13.91 4.82 11.1 -14 5.73 10.68 -13.4 4.42 12.52
5 24 -1.24 -1.87 20.5 -1.5 -1.74 22.05 -0.84 -2.67 20.84 -1.66 -0.49 22.08
5 24 -10.5 15.89 7.8 -11.49 15.87 8.65 -9.87 16.42 8.57 -11.47 15.4 8.12
5 24 -7.43 17.25 18.9 -7.43 17.67 19.88 -6.75 18.73 19.42 -7.8 16.91 20
5 24 1.81 -9.13 13.02 1.11 -9.27 14.71 2.69 -8.17 14.12 -0.09 -9.97 13.48
5 24 -14.57 4.41 8.71 -14.66 4.69 8.21 -14.36 5.24 9 -14.56 3.98 8.2
5 24 -4.2 22.24 18.87 -4.2 23.02 19.24 -4.93 22.66 20.13 -3.17 23.17 18.65
5 24 -13.55 0.74 9.94 -13.28 1.13 9.26 -13.11 0.29 9.26 -13.67 1.56 10.24
5 24 -10.03 -5.99 14.32 -9.74 -6.65 15.02 -9.44 -7.03 14.37 -9.99 -5.83 15.47
5 24 -4.81 38.25 26.6 -2.8 38.69 25.14 -3.16 36.96 24.73 -2.74 39.22 25.26
5 24 -2.71 39.62 25.22 -1.38 38.98 24.88 -2.54 40.1 25.21 -2.74 39.22 25.26
5 24 -7.66 22.52 25.48 -6.65 21.55 24.76 -6.86 21.21 26.52 -6.85 22.54 23.88
5 24 -6.66 31.99 25.55 -5.99 31.04 25.44 -6.39 31.54 26.74 -5.47 31.85 24.54
5 24 -9.05 9.29 28.06 -8.9 7.96 29.12 -9.42 8.41 28.15 -8.09 9.59 28.84
5 24 -8.09 9.59 28.84 -9.05 9.29 28.06 -8.9 7.96 29.12 -8.55 10.02 27.95
5 24 13.36 9.04 8.2 14.5 9.45 6.73 14.09 8.79 7.31 13.18 9.67 8.11
5 24 -7.06 -9.94 -1.38 -8.39 -9.23 -1.68 -7.96 -9.4 -0.85 -7.41 -9.62 -2.25
5 24 10.98 8.24 12.74 10.88 7.62 11.97 11.03 8.5 11.9 11.02 7.64 12.69
5 24 -5.55 0.97 -14.62 -4.48 1.27 -14.79 -5.01 0.14 -15.24 -4.81 2.07 -13.91
5 24 -5.4 -10.97 24.13 -4.9 -11.39 24.58 -5.56 -10.61 24.76 -4.95 -11.66 23.11
5 24 -10.01 4.04 29.22 -9.49 5.35 29.59 -8.61 4.29 30.41 -10.28 4.86 28.82
5 24 -2.08 36.9 22.65 -2.97 36.57 22.2 -2.02 35.81 21.54 -2.84 36.92 22.84
5 24 -16.08 1.58 -1.72 -16.28 2.41 -1.76 -16.02 2.96 -0.55 -16.12 1.96 -2.18
5 24 0.68 1.69 25 0.84 2.93 25.53 0.67 1.51 26.08 -0.1 3.09 23.98
5 24 -0.37 -6.37 26.73 -1.43 -7.41 26.93 -0.21 -7.27 25.73 -1.61 -6.57 27.76
5 24 1.8478 -9.5 2.7654 2.16 -9.89 1.94 2 -9.5 2 1.98 -9.81 2.88
5 24 -16.18 4.93 -2.57 -16.07 5.88 -2.75 -16.08 5.93 -0.63 -15.61 5.57 -3.35
5 24 14.01 11.52 5.47 13.91 10.7 6.37 14.05 10.74 5.23 13.76 11.48 6.61
5 24 -0.52 46.07 29.8 0.13 45.55 30.42 -0.23 45.98 30.53 -0.35 44.81 28.74
5 24 -7.77 20.5 21.58 -8.33 20.2 21.72 -8.24 20.83 23.1 -7.62 19.9 21.06
5 24 -1.41 17.15 17.01 -0.93 18.35 18.42 0.43 17.28 20.36 -2.44 17.42 17.02
5 24 -9.26 7.55 28.08 -8.9 7.96 29.12 -8.86 7.15 29.13 -9.42 8.41 28.15
5 24 -2.15 45.97 31.49 -2.62 45.51 31.98 -1.86 45.73 31.97 -3.19 45.53 31.36
5 24 -3.58 16.22 30.12 -4.38 17.15 29.33 -2.83 18.49 29.73 -5.1 15.33 29.18
5 24 -13.72 -4.76 -2.99 -12.54 -5.42 -2.31 -12.66 -5.12 -3.06 -13.69 -4.77 -1.93
5 24 1.23 -4.44 24.39 1.05 -6.14 24.42 1.41 -5.59 23.38 0.3 -4.94 24.95
5 24 -8.55 10.02 27.95 -9.05 9.29 28.06 -8.09 9.59 28.84 -9.71 9.59 26.18
5 24 0.5 37.76 29.84 0.45 37.06 29.77 1.27 37.03 29.68 -0.03 37.81 30.4
5 24 -0.15 28.82 29.23 -0.3 29.89 28.87 -0.57 29.19 29.51 0.39 29.16 27.76
5 24 -12.1 -2.78 20.32 -12.25 -3.67 20.73 -11.13 -2.94 19.94 -12.97 -3.02 21.05
5 24 -12.98 -2.91 22.22 -12.08 -3.29 23.26 -12.4 -2.63 23.26 -12.54 -3.8 22.39
5 24 -3.37 26.15 29.25 -3.27 25.6 29.06 -2.12 26 29.84 -4.03 26.36 28.38
5 24 -13.47 -0.75 4.35 -12.49 -1.52 5.44 -11.77 -2.55 5.35 -13.03 -0.41 5.48
5 24 -8.16 -6.36 9.3 -8.64 -6.64 9.88 -8.68 -5.75 9.35 -7.53 -6.9 9.46
5 24 -13.92 -1.21 3.36 -14.52 1.22 4.4 -14.76 0.29 3.28 -13.47 -0.75 4.35
5 24 0.35 25.08 22.55 -0.11 26.09 22.45 1.1 25.97 23.08 -0.45 24.63 22.2
5 24 -7.96 2.24 17.23 -8.37 1.36 16.48 -7.42 0.75 17.26 -8.66 3.66 16.53
5 24 -7.34 9.18 16.79 -7.2 10.02 17.18 -6.77 9.17 18.12 -7.86 9.61 15.74
5 24 -5.69 -7.28 28.49 -4.06 -7.77 28.38 -4.59 -6.78 28.67 -5.1 -8.62 28.19
5 24 -0.91 -9.68 6.02 -2.23 -9.19 7.33 -2.29 -9.5 5.56 -0.91 -8.95 8.68
5 24 -2.81 45.28 32.52 -2.37 45.02 33.07 -2.09 45.39 32.7 -2.88 44.86 32.97
5 24 -3.06 27.52 19.45 -5.38 28.92 20.42 -5.56 27.97 20.55 -2.79 28.57 19.49
5 24 2.85 -8.93 11.37 4.13 -8.75 12.14 3.24 -9.37 10.58 3.26 -8.67 12.02
5 24 -5.33 -7.72 -7.07 -7.2 -7.97 -5.82 -6.54 -8.66 -5.12 -7.46 -7.4 -6.82
5 24 0.32 18.16 21.67 0.43 17.28 20.36 0.62 17.11 21.65 -0.05 18.31 20.08
5 24 0.65 33.25 28.44 1.45 32.34 28.43 0.07 32.38 29.35 1.45 34.23 27.86
5 24 0.51 12.15 17.27 0.28 13.16 17.54 2.22 13.52 16.51 -0.28 12.43 17.86
5 24 -6 4.86 30.85 -5.84 3.89 31.63 -4.7 4.46 31.87 -6.71 3.79 30.67
5 24 -8.71 6.45 29.06 -8.04 6.85 29.65 -7.49 6.26 29.66 -8.86 7.15 29.13
5 24 -8.09 9.41 20.12 -7.45 8.32 19.72 -9.4 8.58 20.23 -6.84 9.48 19.96
5 24 0.66 -1.5 24.06 0.79 -1.14 25.37 1.22 -2 25.42 0.51 -0.98 24.7
5 24 -2.06 24.18 29.91 -0.53 24.38 29.69 -0.93 23.48 29.73 -2.12 26 29.84
5 24 -8.17 -8.48 14.82 -8.39 -9.33 16.03 -8.58 -8.48 15.79 -7.7 -9.8 15.54
5 24 -15.58 0.59 -2.58 -15.83 -0.79 -2.47 -15.16 -0.36 -3.29 -15.92 -0.42 -1.32
5 24 -15.69 1.52 -2.57 -15.72 0.71 -3.16 -15.6 1.15 -3.71 -15.58 0.59 -2.58
5 24 -1.66 34.55 31.06 -0.98 36.42 30.67 -0.39 34.61 30.63 -2.3 35.94 30.78
5 24 -7.63 5.2 19.91 -7.62 6.41 19.23 -7.6 5.7 18.92 -8.14 5.8 20.45
5 24 -1.01 33.21 21.55 -1.27 32.59 20.49 -2.11 33.45 20.67 -0.25 31.97 22.16
5 24 -13.4 4.42 12.52 -13.91 4.82 11.1 -13.98 5.7 11.83 -13.56 3.83 11.38
5 24 -9.29 -5.79 10.07 -9.75 -4.83 8.79 -8.68 -5.75 9.35 -10.57 -5.19 9.95
5 24 0.43 -2.13 28.01 -0.36 -0.96 28 0.13 -1.83 28.48 0.21 -1.15 27.02
5 24 -0.17 26.91 22.38 -0.46 25.96 21.06 -0.51 27.29 20.8 -0.11 26.09 22.45
5 24 -2.22 18.97 14.08 -3.95 18.54 13.31 -2.86 18.7 13.12 -3.02 17.47 15.8
5 24 -7.8 16.91 20 -7.98 16.14 19.95 -7.43 17.25 18.9 -7.77 16.39 21.07
5 24 13.91 7.21 8.25 13.28 6.2 7.91 13.94 6.54 7.12 12.1 6.63 9.76
5 24 11.06 1.99 7.37 9.239 -2 3.827 12.43 1.98 3.95 7.071 -2 7.071
5 24 0.22 -10.13 -1.49 2.62 -9.88 -2.62 0.3 -9.75 -3.55 0.93 -10.04 -0.41
5 24 -10.1 -6.03 17.36 -10.38 -6.62 17.9 -10.61 -6.45 18.52 -10.01 -6.67 17.52
5 24 -2.82 -11.9 20.02 -3.06 -11.65 20.74 -3.51 -11.51 19.57 -1.37 -11.53 21.83
5 24 1.24 11.54 22.75 0.83 12.79 22.98 0.26 11.82 22.13 1.31 12.14 23.08
5 24 -6.56 25.76 24.22 -6.21 26.11 23.91 -6.39 25.27 24.02 -6.62 26.89 24.26
5 24 -6.86 -0.88 18.44 -7.21 -1.52 18.68 -7.43 -1.42 17.08 -7.01 -0.73 19.26
5 24 0.94 3.91 25.92 0.84 2.93 25.53 0.82 4.53 25.18 0.41 3.49 26.83
5 24 -2.42 33.99 30.99 -1.66 34.55 31.06 -2.74 34.77 30.67 -1.87 33.27 30.88
5 24 3.42 29.59 25.18 3.42 28.96 26.19 2.6 29.54 26.45 3.4 28.2 24.46
5 24 -14.7 -0.67 2.19 -14.8 0.27 0.88 -14.69 -0.83 -0.26 -15.07 1.32 1.9
5 24 -13.67 8.57 -3.12 -13.58 8.04 -4.57 -12.47 8.35 -4.59 -14.65 7.78 -3.3
5 24 1.62 -2.52 18.34 1.96 -2.12 17.87 1.15 -2.02 18.58 2.14 -3.01 18
5 24 7.59 -2.73 15.02 5.18 -1.98 15.84 5.27 -1.34 15.8 5.34 -2.68 15.79
5 24 13.22 -6.29 -5.95 12.15 -6.9 -6.08 13.03 -4.77 -6.46 12.57 -6.99 -5.25
5 24 -1.64 -10.43 24.81 -2.19 -9.15 25.67 -1.22 -9.54 24.83 -2.39 -10.39 25.34
5 24 -0.12 15.01 29.12 -1.36 14.68 29.6 -0.35 14.01 29.05 -0.5 15.97 29.28
5 24 -0.2 0.05 18.98 -1.1 0.28 19.53 -1.48 -0.62 19.81 1.63 1.24 19.2
5 24 0.91 -4.1 19.93 1.44 -2.98 18.94 0.8 -2.42 19.23 2.19 -3.56 18.5
5 24 -5.14 42.2 29.53 -5.01 40.98 27.55 -5.25 41.36 30.16 -4.78 42.24 27.65
5 24 -0.12 8.82 17.92 0.15 10.83 18.16 0.87 10.1 17.01 -0.54 10.32 18.87
5 24 11.41 -6.95 0.12 10.35 -7.44 1.19 11.71 -6.51 1.39 9.95 -7.84 0.08
5 24 -12.16 12.04 12.06 -12.58 10.33 11.75 -11.47 11.19 12.26 -12.69 11.98 11.53
5 24 -14.84 -1.08 -4.46 -15.12 -1.38 -2.99 -15.16 -0.36 -3.29 -14.97 -2 -4.14
5 24 13.28 -5.22 8.48 13.34 -4.91 7.31 13.5 -4.76 8.55 12.35 -5.7 7.9
5 24 -6.31 0.25 -14.24 -6.97 1.15 -12.89 -6.05 1.89 -13.51 -7.42 0.4 -12.65
5 24 1.64 -10.49 7.06 0.65 -9.4 7.61 1.76 -10.17 7.71 1.07 -10.06 6.33
5 24 -11.71 -4.95 -0.12 -12.43 -4.37 1.39 -12.56 -3.8 0.68 -11.22 -5.84 1.47
5 24 4.19 2.12 17.35 4.98 1.61 16.22 4.76 3.06 16.61 4.16 1.07 16.87
5 24 -11.9 -0.74 26.16 -11.85 -2.77 25.47 -12.7 -0.77 25.38 -11.36 -2.24 26.02
5 24 -9.46 -8.46 -2.19 -10.45 -7.64 -3.24 -10.44 -8.05 -1.9 -9.46 -8.08 -3.11
5 24 2.95 -8.84 -5.1 1.36 -9.43 -4.54 1.32 -8.52 -6.46 2.62 -9.88 -2.62
5 24 -1.82 -7.94 -8.14 -2.27 -8.94 -5.95 -0.65 -8.94 -4.9 -2.54 -7.55 -8.62
5 24 -0.78 29.93 29.75 -1.95 30.03 30.27 -0.21 30.75 29.8 -1.78 29.44 29.97
5 24 -3.15 -8.38 8.26 -4.5 -8.37 6.4 -3.37 -9.08 6.01 -5.13 -7.76 7.33
5 24 0.35 16.35 28.56 0.48 15.7 28.5 0.86 15.38 27.71 -0.5 15.97 29.28
5 24 15.98 4.86 2.75 16.42 2.97 0.82 16.38 4.43 0.36 16.25 3.22 3.19
5 24 -5.77 20.51 18.74 -6.7 20.17 19.39 -5.85 18.99 18.86 -6.6 20.77 19.69
5 24 1.14 -3.83 24.58 1.38 -2.85 25.66 1.04 -3.85 25.47 1.42 -2.26 24.91
5 24 15.27 7.28 -1.5 14.56 7.7 -3.8 14.8 7.96 -1.37 15.35 6.24 -2.37
5 24 -8.86 14.77 22.45 -8.54 16.69 23.03 -8.15 15.73 21.73 -8.83 15.11 23.78
5 24 -1.65 -2.48 -15.79 -2.37 -0.43 -15.78 -0.54 -1.54 -16.12 -3.29 -1.11 -15.71
5 24 -6.84 2.72 30.98 -7.12 2.19 30.23 -7.13 3 30.41 -6.82 1.96 31
5 24 -0.59 -10.78 -1.15 -1.28 -10.73 -1.35 -0.55 -9.82 -1.93 -0.68 -10.81 -0.42
5 24 -6.6 25.95 27 -5.71 27.07 26.95 -4.99 26.35 27.65 -7.08 25.99 26.08
5 24 -1.27 12.81 28.96 -0.43 11.58 29.04 -0.04 12.87 28.23 -2.09 11.86 29.61
5 24 6.24 0.81 -12.92 5.49 -1.27 -14.2 6.88 -1.24 -13.23 4.77 0.68 -13.93
5 24 -1.28 45.33 31.97 -1.57 45.05 32.67 -1.86 45.73 31.97 -1.26 44.59 32.51
5 24 -7.02 22.86 21.2 -7.79 23.5 22.59 -7.28 21.56 21.31 -7.21 24.1 21.52
5 24 -3.12 -10.09 -0.74 -2.45 -10.51 -0.78 -2.21 -9.87 -1.94 -2.23 -10.36 0.1
5 24 -13.06 7.09 -5.68 -11.86 6.21 -6.21 -12.02 7.33 -5.63 -12.56 5.85 -6.36
5 24 -12.98 0.78 12.03 -13.19 1.12 12.49 -13.66 1.96 11.74 -12.45 0.27 12.31
5 24 8.64 -4.43 14.47 9.21 -5.29 13.75 8.35 -5.3 13.98 9.6 -3.98 14.39
5 24 0.1 40.2 26.83 0.85 39.96 27.87 0.87 39.54 27.03 0.32 40.64 27.54
5 24 -5.44 -10.3 14.36 -5.68 -11.01 15.22 -3.59 -11.07 14.7 -6.21 -10.65 15.29
5 24 -10.15 10.8 24.73 -10.24 10.27 25.84 -10.74 10.14 25.16 -9.58 11.09 25.36
5 24 -1.71 23.37 18.57 -0.4 22.63 19.24 -1.27 21.76 18.35 -0.61 23.33 19.58
5 24 0.02 43.14 29.4 -0.52 43.14 28.65 0.26 44.1 29.67 -0.54 42.43 29.87
5 24 -8.36 4.91 20.4 -7.53 4.53 20 -7.63 5.2 19.91 -8.2 3.37 20.9
5 24 -13.93 -3.6 -3.64 -13.32 -4.4 -3.61 -14.34 -4.06 -2.98 -13.39 -3.76 -4.27
5 24 11.91 -7.44 -3.44 12.28 -7.56 -2.91 12.7 -6.98 -3.93 11.84 -7.49 -2.02
5 24 -9.42 8.41 28.15 -8.9 7.96 29.12 -9.05 9.29 28.06 -9.26 7.55 28.08
5 24 -8.18 12.29 26.79 -7.96 10.81 26.95 -8.47 11.22 25.74 -7.52 10.75 27.92
5 24 -8.83 15.11 23.78 -7.66 14.36 24.67 -7.32 15.53 24.68 -8.42 14.04 24.04
5 24 15.65 -2.94 -0.14 16.25 -1.31 -1.42 15.89 -2.71 -0.93 15.48 -3.02 0.83
5 24 -10.01 -6.67 17.52 -10.23 -6.21 16.34 -10.07 -6.99 16.45 -10.1 -6.03 17.36
5 24 -0.36 -0.96 28 0.01 1.98 28.67 -0.02 1.58 27.46 -0.79 1.17 29.65
5 24 -9.74 11.08 22.8 -8.73 12.66 22.29 -9.03 11.83 22.15 -10.19 11.88 24.05
5 24 -3.44 -9.78 4.1 -5.97 -8.57 2.82 -4.52 -9.28 2.49 -6.75 -8.2 3.84
5 24 9.35 3.84 13.11 8.66 3.83 14.09 9.1 2.73 13.22 8.98 4.61 13.77
5 24 -16.18 4.93 -2.57 -15.61 5.57 -3.35 -15.9 4.66 -3.06 -16.07 5.88 -2.75
5 24 -5.33 -7.72 -7.07 -7.61 -5.53 -8.57 -7.79 -6.62 -7.56 -5.2 -6.49 -8.63
5 24 -10.23 0.11 -9.67 -11.37 1.07 -8.73 -10.52 1.62 -9.04 -10.82 -1.66 -9.09
5 24 14.09 10.17 6.12 14.5 9.45 6.73 13.18 9.67 8.11 14.7 9.42 5.94
5 24 -3.99 6.89 31.37 -4.04 5.97 31.09 -3.42 6.06 30.6 -5.05 6.27 31.4
5 24 -5.8 -7.96 5.96 -5.53 -8.62 5.26 -4.5 -8.37 6.4 -7.36 -7.62 4.64
5 24 -11.08 -4.3 25.68 -11.48 -3.68 24.75 -11.74 -4.58 25.04 -10.99 -3.27 25.36
5 24 0.01 1.98 28.67 -0.13 3.42 27.88 -0.87 2.79 29.42 -0.01 1.95 27.45
5 24 -5.63 13.96 16.6 -6 14.74 15.48 -5.37 14.36 16.32 -6.36 13.26 15.84
5 24 -8.83 12.16 20.89 -9.18 11.46 20.8 -9 12.02 21.37 -8.18 12.19 20
5 24 -7.86 -7.52 28.04 -7.94 -7.93 27.38 -7.04 -8.28 27.13 -8.82 -7.45 27.29
5 24 -11.85 4.14 24.89 -12.46 2.5 25.16 -11.49 3.75 24.28 -12.01 3.15 25.79
5 24 -0.24 -1.98 23.14 0.66 -1.5 24.06 0.14 -1.11 23.93 0.39 -2.93 23.3
5 24 10.82 6.24 11.87 11.36 5.67 11.29 12.1 6.63 9.76 10.4 6.26 12.59
5 24 4.24 2.04 12.47 2.39 18.55 12.71 5 18.25 11.99 -1.77 18.85 13.48
5 24 -7 .87 -8.97 -4.65 .87 -10.51 -7.071 -2 -7.071 -7.38 2.56 -10.35
5 24 8.16 11.01 13.51 9.56 11.33 13.21 8.69 10.13 13.65 8.93 12.12 12.69
5 24 -1.68 38.35 24.66 -1.66 37.36 23.81 -2.62 37.43 24.32 -0.57 37.39 24.44
5 24 -0.02 4.47 28.6 -0.85 3.66 28.83 -1.67 4.22 29.41 -0.13 3.42 27.88
5 24 -15.58 1.13 0.51 -15.11 0.03 -0.22 -14.8 0.27 0.88 -15.42 0.63 -0.31
5 24 -10.28 -6.02 25.25 -9.56 -6.76 25.76 -9.73 -5.96 26.11 -9.77 -7.12 24.94
5 24 -6.27 -2.36 30.73 -4.69 -1.16 31.1 -5.46 -0.4 31.12 -5.27 -2.68 30.69
5 24 -12.17 -1.5 22.21 -12.96 -2.31 22.02 -12.53 -1.83 21.29 -12.28 -2.03 23.25
5 24 -11.24 -4.08 19.4 -10.21 -2.77 19.69 -11.13 -2.94 19.94 -9.57 -3.24 19.27
5 24 8.93 12.12 12.69 8.16 11.01 13.51 7.89 11.81 13.51 9.56 11.33 13.21
5 24 -7.68 19.15 25.72 -6.74 20.56 25.62 -5.92 19.71 26.97 -7.24 19.8 24.69
5 24 8.41 2.08 13.8 10.4 1.02 13.01 8.96 0.8 13.65 9.1 2.73 13.22
5 24 11.75 2.26 -8.47 11.73 2.84 -7.96 10.7 2.39 -8.93 13.05 0.51 -8.37
5 24 1.21 -6.92 18.77 1.13 -6.94 19.46 1.3 -6.48 20.03 0.95 -8.6 19.64
5 24 -10.31 5.85 26.93 -10.28 4.86 28.82 -10.01 5.55 28.81 -10.04 5.13 26.7
5 24 1.93 -10.2 3.74 2.42 -10.12 4.38 1.96 -10.35 4.57 2.66 -10.08 3.61
5 24 9.16 9.25 13.73 10.68 8.11 13.34 9.86 9.22 13.39 8.93 8.62 14.17
5 24 -12.69 11.98 11.53 -12.16 12.04 12.06 -12.58 10.33 11.75 -11.35 12.59 12.21
5 24 -8.18 12.29 26.79 -7.84 12.85 27.63 -8.1 13.74 27 -7.52 10.75 27.92
5 24 -15.2 8.91 3.2 -14.67 9.09 4.87 -14.46 9.75 4.35 -15.5 7.51 3.51
5 24 5.22 12.4 14.18 7.36 11.76 13.92 5.53 13.43 13.85 5.84 11.47 14.31
5 24 2.59 36.41 26.12 2.41 35.82 26.71 3.15 35.92 26 2.08 37.01 26.1
5 24 -5.41 -10.45 26.45 -3.26 -8.98 27.17 -3.23 -9.31 26.22 -5.38 -9.55 27.47
5 24 4.31 -9.3 -9.01 2.63 -8.36 -10.5 3.29 -9.24 -8.77 4.93 -7.99 -11.13
5 24 3.31 -9.72 6.49 2.8 -9.96 7.2 3.09 -9.93 7.47 2.69 -9.99 6
5 24 1.29 -5.55 -15.39 1.21 -6.43 -13.86 1.67 -6.01 -14.76 -1.07 -5.92 -14.39
5 24 -10.05 0.6 20.43 -10.88 -0.76 20.86 -11.64 -0.29 21.26 -9.91 -0.63 20.46
5 24 -12.02 14.07 10.61 -12.45 14.84 9.65 -12.48 13.21 10.01 -12.11 14.92 10.28
5 24 9.78 12.11 11.77 10.59 11.17 12.08 10.12 11.53 12.73 10.1 11.68 11.15
5 24 -4.14 30.03 27.41 -6.02 29.05 26.35 -5.16 27.24 27.66 -5.87 30.86 26.38
5 24 7.36 11.76 13.92 6.32 10.72 14.3 5.84 11.47 14.31 7.58 11.07 13.9
5 24 -8.48 -2.89 -11.11 -8.55 -0.79 -11.86 -7.69 -2.72 -12.21 -10.23 0.11 -9.67
5 24 -14.36 5.24 9 -14.66 4.69 8.21 -14.43 5.61 8.46 -14.57 4.41 8.71
5 24 -6.68 7.5 30.86 -7.11 7.4 29.91 -6.24 9.11 29.89 -7.49 6.26 29.66
5 24 -15.02 3.06 9.28 -14.56 3.98 8.2 -15.09 4.02 9.45 -14.32 3.2 8.26
5 24 -0.41 -9.53 11.13 -0.75 -10.08 13.06 -1.39 -10.14 12.59 0.6 -9.53 12.01
5 24 4.64 7.49 16.7 5.42 7.03 16.8 4.22 6.6 16.87 5.87 7.63 16.44
5 24 -8.52 16.21 23.85 -7.88 18.15 23.28 -8.54 16.69 23.03 -7.13 17.77 24.53
5 24 1.82 11.57 24.22 1.48 12.59 24.69 1.31 12.14 23.08 1.65 10.79 25.42
5 24 -9.75 -4.83 8.79 -10.19 -4.6 6.41 -8.47 -5.92 6.54 -10.61 -3.94 8.66
5 24 -11.04 2.29 22.88 -10.55 2.05 21.71 -11.21 1.43 22.27 -10.5 3.07 22.03
5 24 -7.02 -5.23 -9.17 -7.42 -4.4 -10.42 -5.33 -5.71 -11.14 -7.86 -4.35 -9.48
5 24 -4.78 42.24 27.65 -3.09 41.58 26.17 -5.01 40.98 27.55 -3.73 43.06 27.03
5 24 -7.24 3.19 20.3 -7.53 4.53 20 -8.2 3.37 20.9 -7.14 3.19 19.14
5 24 -13.06 7.09 -5.68 -13.74 5.4 -5.98 -14.27 7.22 -4.72 -12.56 5.85 -6.36
5 24 -8.48 -2.89 -11.11 -8.4 -3.48 -10.32 -8.72 -3.4 -9.66 -6.86 -3.98 -12.11
5 24 12.43 1.98 3.95 12.78 10.21 2.66 12.65 11.25 3.19 12.86 9.65 2.07
5 24 -9.57 1.28 -10.2 -7.42 0.4 -12.65 -8.22 1.31 -11.31 -8.55 -0.79 -11.86
5 24 0 -9.5 4 -0.51 -9.95 5.28 -1.24 -9.82 5.09 0.08 -10.52 4.98
5 24 -9.71 9.59 26.18 -10.52 9.67 26.04 -10.24 10.27 25.84 -9.72 8.34 26.06
5 24 -12.54 -3.8 22.39 -12.08 -3.29 23.26 -11.98 -4.37 22.05 -12.98 -2.91 22.22
5 24 -4.28 34.56 28.17 -3.69 34.98 29.63 -3.77 33.9 28.72 -4.78 35.66 29.58
5 24 -2.13 -9.31 -5.19 -2.27 -8.94 -5.95 -4.04 -9.22 -4.29 -0.65 -8.94 -4.9
5 24 -0.87 -3.86 28.61 -1.02 -4.73 27.64 0.43 -2.96 27.8 -2.62 -5.14 28.31
5 24 13.98 -5.56 3.84 14.29 -5.23 5.5 14.58 -4.8 5.29 13.61 -5.62 5.12
5 24 0.83 -7.46 -11.72 1.43 -7.1 -12.17 0.71 -6.74 -12.45 1.47 -7.54 -11.24
5 24 -9.35 -7.57 15.12 -9.44 -7.03 14.37 -9.05 -7.53 13.94 -9.74 -6.65 15.02
5 24 0.92 -6.63 23.28 1.22 -6.31 23.95 0.8 -6.89 23.84 1.41 -5.59 23.38
5 24 0.99 8.25 23.52 0.91 6.94 25.65 0.76 7.57 25.78 0.73 7.12 23.03
5 24 11.36 14.84 7.33 10.52 15.69 8.67 10.9 15.27 9.01 10.29 15.9 8.31
5 24 3.29 -4.47 17.33 2.89 -4.55 17.9 3.03 -3.63 17.3 2.96 -5.32 17.39
5 24 -7.71 18.7 25.14 -7.24 19.8 24.69 -7.68 19.15 25.72 -7.27 18.82 24.18
5 24 -7.6 -5.15 28.75 -8.31 -3.32 29.49 -6.76 -4.15 29.42 -9.04 -4.88 28.31
5 24 0.36 23.15 23.08 1.34 22.71 23.46 0.35 25.08 22.55 0.66 22.07 23.52
5 24 -7.02 21.73 26.87 -6.86 21.21 26.52 -7.66 22.52 25.48 -6.45 20.88 27.32
5 24 11.53 -2.27 11.73 12.89 -2.6 11.32 12.07 -3.65 11.53 11.94 -1.83 11.38
5 24 0.18 -10.31 16.1 0.83 -9.56 15.12 0.74 -9.93 16.8 0.19 -10.2 14.96
5 24 -13.59 1.3 -6.94 -14.57 1.78 -5.45 -13.68 2.57 -6.86 -13.78 0.28 -6.23
5 24 2.09 0.65 18.04 1.29 -0.39 18.67 1.05 0.37 18.65 2.37 -0.06 18.07
5 24 -2.85 0.46 29.94 -3.67 -0.13 30.73 -3.55 1.79 30.78 -2.5 -1.14 29.13
5 24 -13.09 9.7 11.99 -12.29 9.67 12.28 -12.2 9.06 12.6 -12.58 10.33 11.75
5 24 1.21 21.2 28.09 0.38 20.74 28.14 1.2 21.91 28.51 1.57 20.5 27.39
5 24 0.32 18.16 21.67 -0.29 19.28 21.28 -0.05 18.31 20.08 -0.08 19.46 22.31
5 24 -10.75 7.06 26.38 -10.06 6.37 27.02 -10.31 5.85 26.93 -9.44 7.81 26.82
5 24 1.94 30.76 23.33 1.62 32.2 24.37 1.14 31.19 22.91 2.39 30.8 24.63
5 24 3.827 -2 -9.239 5.75 1.26 -10.3 3.59 1.26 -11.21 7.071 -2 -7.071
5 24 1.29 -0.39 18.67 2.37 -0.06 18.07 2.09 0.65 18.04 1.65 -1.06 18.51
5 24 -4.24 22.3 28.54 -4.03 21.23 29.37 -3.26 22.54 29.28 -5.09 21.76 27.94
5 24 -13.67 11.03 3.92 -13.61 12.18 4.59 -14.5 10.99 5.44 -12.56 11.42 3.47
5 24 -0.83 41.49 29.94 -0.76 40.04 31.02 0.12 40.25 29.5 -1.77 41.11 31.39
5 24 2.45 30.34 26.97 2.84 31.11 26.13 2.74 30.59 27.65 2.35 30.18 26.7
5 24 -4.25 -10.52 -0.57 -5.18 -10.16 -0.81 -5.04 -10.43 -0.53 -4.19 -10.07 -1.39
5 24 -9.35 0.99 29.57 -10.2 0.97 28.83 -10.46 1.83 28.31 -9.55 0.29 29.5
5 24 1.48 16.84 27.48 0.57 17.46 28.77 1.5 17.81 27.93 0.35 16.35 28.56
5 24 -11.21 2.57 -8.13 -11.37 1.07 -8.73 -10.52 1.62 -9.04 -12.9 2.05 -7.56
5 24 12.25 2.84 10.83 10.48 4.67 11.98 10.4 1.02 13.01 11.75 4.96 10.27
5 24 -1.49 4.6 23.03 -2.06 3.88 21.77 -1.85 5.42 22.86 -1.59 3.09 22.54
5 24 -12.89 -1.34 24.74 -12.37 -0.36 24.22 -12.7 -0.77 25.38 -12.28 -2.03 23.25
5 24 -5.17 41 30.14 -5.25 41.36 30.16 -4.56 41.57 31.04 -5.01 40.98 27.55
5 24 -7.45 -1.41 19.35 -8.97 -2.42 19.58 -8.02 -2.69 18.56 -8.12 -1.11 19.82
5 24 -3.26 45.1 31.93 -3.17 45.21 31.74 -2.62 45.51 31.98 -3.7 44.93 31.26
5 24 -10.28 -4.75 4.3 -9.33 -6.66 3.08 -9.88 -6.16 2.51 -7.8 -6.89 5.11
5 24 0.6 -9.53 12.01 -0.09 -9.97 13.48 -0.75 -10.08 13.06 1.81 -9.13 13.02
5 24 0.28 13.16 17.54 -0.57 12.67 19.51 -0.28 12.43 17.86 -0.39 13.46 18.92
5 24 8.41 2.08 13.8 8.66 3.83 14.09 7.77 3.18 14.93 9.1 2.73 13.22
5 24 -5.39 20.01 27.46 -4.84 20.26 28.98 -4.92 19.4 28.86 -5.4 20.74 27.74
5 24 -16.28 6.31 0.96 -16.08 5.93 -0.63 -15.91 6.88 -0.66 -15.92 4.76 -0.3
5 24 -14.45 4.57 -5.58 -15.41 5.24 -4.19 -14.93 3.6 -5.04 -13.74 5.4 -5.98
5 24 9.1 -7.35 3.86 10.41 -7.23 3.28 10.32 -6.85 3.96 10.45 -7.47 2.24
5 24 -7.79 -6.62 -7.56 -8.73 -4.89 -8.24 -7.61 -5.53 -8.57 -8.85 -5.98 -6.49
5 24 -6.05 1.89 -13.51 -6.31 0.25 -14.24 -6.97 1.15 -12.89 -5.55 0.97 -14.62
5 24 2.51 23.39 24.48 2.29 24.63 25.14 2.35 22.83 25.09 2.33 24.54 24.27
5 24 0.27 -10.26 -0.35 -0.7654 -9.5 0.1522 -1.37 -10.57 0.09 0 -9.5 0
5 24 0.55 18.45 14.76 -0.2 16.74 16.34 -1.06 17.25 16.3 0.94 15.37 15.99
5 24 -0.24 -1.98 23.14 -0.83 -1.46 23.17 0.14 -1.11 23.93 -1.5 -1.74 22.05
5 24 3.06 -10.17 2.91 2.66 -10.08 3.61 2.6 -10.4 2.84 3.35 -9.87 3.21
5 24 -2.04 22.79 29.59 -0.93 23.48 29.73 -0.49 22.94 29.05 -2.06 24.18 29.91
5 24 -13.35 -0.15 9.86 -13.11 0.29 9.26 -12.82 -0.49 9.13 -13.55 0.74 9.94
5 24 -8.41 -9.92 20.62 -9.29 -9.29 19.29 -8.71 -9.56 18.84 -8.83 -9.62 21.17
5 24 -10.61 -3.94 8.66 -10.19 -4.6 6.41 -9.75 -4.83 8.79 -10.89 -3.61 6.39
5 24 -6.43 28.65 24.99 -6.34 27.97 25.34 -6.06 28.08 24.52 -6.48 28.6 25.45
5 24 11.39 13 9.67 11.65 12.01 10.44 12.31 12.48 9.65 10.67 12.15 10.56
5 24 -15.09 4.02 9.45 -14.57 4.04 10.45 -14.51 4.96 10.04 -14.68 3.41 10.31
5 24 -0.28 12.43 17.86 -0.57 12.67 19.51 -0.79 11.69 18.74 0.28 13.16 17.54
5 24 -7.29 -10.9 18.82 -6.29 -11.53 19.54 -6.76 -11.63 18.44 -6.57 -11.16 19.94
5 24 -1.15 31.3 30.34 -1.95 30.03 30.27 -2.13 30.87 30.41 -0.21 30.75 29.8
5 24 -4.06 -7.77 28.38 -2.9 -7.62 27.67 -3.63 -8.49 27.89 -3.38 -6.93 28.17
5 24 -1.79 -9.93 13.21 -1.39 -10.14 12.59 -2.39 -10.18 12.8 -0.75 -10.08 13.06
5 24 1.45 32.34 28.43 2.67 33.45 28.07 1.45 34.23 27.86 3.15 32.31 27.68
5 24 0.51 12.15 17.27 2.33 11.96 15.95 1.91 10.85 16.16 2.22 13.52 16.51
5 24 2.6 -10.4 2.84 2.32 -10.43 2.54 2.26 -10.12 3.22 3.02 -10.27 1.78
5 24 3.29 -9.24 -8.77 2.63 -8.36 -10.5 2.21 -8.57 -10.01 4.31 -9.3 -9.01
5 24 -5.88 34 25.42 -6.22 33.75 26.1 -5.21 34.84 26.78 -6.63 33.37 26.11
5 24 -5.39 20.01 27.46 -4.92 19.4 28.86 -4.84 20.26 28.98 -5.21 18.56 27.86
5 24 9.78 15.38 10.57 10.57 15.23 9.59 9.74 15.89 9.51 11.39 13 9.67
5 24 -1.76 0.92 22.24 -1.46 1.97 20.83 -1.37 1.98 22.37 -1.92 1.03 20.62
5 24 -11.53 -1.87 13.2 -10.61 -0.8 13.96 -11.68 0.08 13.12 -11.04 -1.81 13.76
5 24 -11.32 3.32 23.36 -11.78 2.49 23.96 -11.49 3.75 24.28 -11.04 2.29 22.88
5 24 -0.54 11.53 21.98 0.38 10.62 22.52 0.26 11.82 22.13 -1.04 9.9 22.58
5 24 0.19 -3.65 25.87 1.38 -2.85 25.66 0.69 -1.64 26 1.04 -3.85 25.47
5 24 -5.5 -10.19 -2.16 -6.16 -9.82 -1.84 -5.8 -9.86 -1.21 -6.41 -9.61 -2.57
5 24 -14.86 -3.2 -2.21 -14.79 -2.21 -2.52 -14.47 -2.93 -3.06 -15.03 -2.15 -1.6
5 24 -4.54 43.81 28.36 -5.35 43.4 29.66 -4.82 43.97 29.6 -4.77 42.92 27.69
5 24 -2.05 -11.42 24.08 -2.39 -10.39 25.34 -1.64 -10.43 24.81 -3.28 -11.27 24.92
5 24 8.72 -8.34 -2.7 10.91 -7.12 -1.73 9.14 -8.08 -1.28 10.24 -7.58 -3.26
5 24 -3.76 18.4 12.62 -1.77 18.85 13.48 -3.05 2.05 12.73 -2.86 18.7 13.12
5 24 -7.45 14.53 18.81 -8.6 13.9 19.94 -8.3 14.38 20.26 -7.79 13.11 19.04
5 24 8.56 9.58 14.7 8.93 8.62 14.17 8.37 8.98 14.99 9.16 9.25 13.73
5 24 8.7 14.94 12.12 7.42 16.06 11.98 9.07 16.02 10.8 7.76 14.27 12.66
5 24 -1.41 17.15 17.01 -2.26 17.38 16.45 -1.06 17.25 16.3 -2.44 17.42 17.02
5 24 1.125 -6.345 22.325 0.94 -4.65 22.53 1.14 -5.5 22.69 1.56 -5.03 21.32
5 24 14.09 10.17 6.12 13.18 9.67 8.11 14.5 9.45 6.73 13.91 10.7 6.37
5 24 -3.42 -3.98 -14.17 -4.25 -3.84 -13.5 -3.66 -4.1 -13.56 -3.82 -3.31 -14.77
5 24 -6.48 28.6 25.45 -5.99 31.04 25.44 -6.02 29.05 26.35 -6.05 29.98 24.83
5 24 -4.81 2.07 -13.91 -3.38 2.73 -13.29 -3.29 2.22 -14.31 -5.03 2.77 -12.35
5 24 11.14 -5.82 10.39 11.74 -5.38 10.3 11.03 -5.83 11.12 11.6 -5.21 9.58
5 24 12.55 12.19 9.53 11.65 12.01 10.44 11.87 11.58 10.47 12.31 12.48 9.65
5 24 2.88 -9.52 9.16 4.81 -9.58 8.91 4.22 -10.18 7.98 3.73 -9.32 9.9
5 24 -0.37 -6.37 26.73 -0.67 -5.7 27.12 -1.61 -6.57 27.76 -0.45 -4.54 25.61
5 24 -10.08 3.54 26.93 -11.17 3.46 26.47 -11.02 4.92 26.13 -11.2 2.74 26.74
5 24 -14.52 1.22 4.4 -13.62 0.57 5.62 -13.47 -0.75 4.35 -14.09 1.68 5.79
5 24 -7.65 1.91 19.85 -7.27 2.14 18.97 -7.36 0.74 19.38 -7.25 2.66 19.05
5 24 -16.16 2.93 -2.35 -16.24 3.37 -1 -16.13 4.44 -1.69 -16.28 2.41 -1.76
5 24 -5.1 -8.62 28.19 -3.63 -8.49 27.89 -5.38 -9.55 27.47 -4.06 -7.77 28.38
5 24 0.99 8.25 23.52 1.12 9.37 25.23 0.76 7.57 25.78 1.02 9.63 23.86
5 24 3.03 -5.96 16.75 1.78 -7.16 17.25 2.96 -5.32 17.39 3.03 -6.34 16.38
5 24 -6.82 1.96 31 -7.02 1.32 30.15 -6.08 0.56 30.6 -7.12 2.19 30.23
5 24 2.32 18.62 13.18 -2.22 18.97 14.08 -1.77 18.85 13.48 0.55 18.45 14.76
5 24 -15.72 1.08 -1.86 -15.69 1.52 -2.57 -15.58 0.59 -2.58 -16.08 1.58 -1.72
5 24 2.62 -9.88 -2.62 2.95 -8.84 -5.1 1.36 -9.43 -4.54 3.87 -8.89 -4.05
5 24 3.47 -8.32 13.53 3.69 -7.81 14.11 2.73 -7.92 14.58 4.23 -7.64 13.44
5 24 3.16 7.43 16.95 4.22 6.6 16.87 4.64 7.49 16.7 3.6 6.11 17.12
5 24 -7.86 -7.52 28.04 -8.74 -7 27.99 -9.26 -5.72 28.25 -8.82 -7.45 27.29
5 24 6.96 -7.97 -12.41 5.3 -8.1 -12.13 6.42 -8.58 -11.67 6.83 -7.46 -12.8
5 24 -15.18 8.69 6.92 -15.06 9.22 5.81 -14.89 7.34 6.71 -14.54 9.92 7.16
5 24 -0.27 6.41 23.4 -0.31 7.03 22.59 0.73 7.12 23.03 -1.91 6.49 22.63
5 24 -1.14 9.88 19.52 -1.54 9.23 20.05 -0.98 8.39 18.71 -1.31 10.31 21.39
5 24 0.67 -10.95 18.83 -1.15 -11.59 17.56 -0.25 -10.92 19.68 0.71 -10.79 17.52
5 24 1.27 37.03 29.68 0.53 36.29 29.22 1.57 36.62 29.11 0.45 37.06 29.77
5 24 12.98 -4.28 10.01 13.43 -3.98 10.28 13.64 -3.79 9.32 12.38 -4.17 10.81
5 24 2.39 -7.54 -13.34 1.43 -7.1 -12.17 1.21 -6.43 -13.86 2.15 -7.31 -11.79
5 24 -9.24 15.76 12.93 -10.12 15.7 11.77 -9.78 16.6 11.12 -10.21 15.32 12.26
5 24 14.45 -5.92 -4.4 13.66 -6.49 -4.04 13.61 -6.61 -5.15 14.35 -6.02 -3.28
5 24 9.3 15.22 11.54 9.78 12.11 11.77 9.78 15.38 10.57 9.35 12.28 12.3
5 24 -7.42 -8.9 -4.76 -6.54 -8.66 -5.12 -7.2 -7.97 -5.82 -5.75 -9.19 -3.78
5 24 0.85 11.42 26.14 0.68 9.97 26.31 1.65 10.79 25.42 0.47 11.55 26.62
5 24 14.74 -4.07 -4.03 14.64 -5.14 -4.96 14.54 -3.96 -5.04 14.62 -5.3 -4.36
5 24 -0.17 2.66 -13.1 0.75 2.72 -12.65 0.77 2.64 -13.2 0 2.47 -12.62
5 24 -10.79 7.29 22.24 -10.35 8.61 22.85 -10.58 8.02 23.27 -10.17 8.41 20.89
5 24 -9.31 -7.22 13.18 -8.92 -6.85 11.11 -9.34 -6.09 11.81 -8.69 -7.83 12.74
5 24 13.06 -6.63 -0.52 12.7 -7.26 -0.96 11.94 -6.68 -0.08 13.77 -6.62 -1.23
5 24 15.64 5.09 -4.01 15.9 3.52 -4.05 15.16 4.71 -4.92 16.26 4.16 -2.14
5 24 -9.44 -3.51 15.03 -9.54 -3.27 14.16 -8.75 -2.37 15.58 -9.72 -3.92 14.07
5 24 -14.64 7.44 9.06 -14.83 8.15 7.88 -14.24 8.46 9.13 -14.66 6.72 7.78
5 24 -3.69 34.98 29.63 -4.78 35.66 29.58 -4.28 34.56 28.17 -2.95 35.53 30.35
5 24 3.39 -5.48 16.47 3.03 -5.96 16.75 3.35 -5.02 16.97 3.44 -5.89 15.93
5 24 -7.98 -2.06 29.49 -6.92 -2 30.45 -7.19 -2.85 29.77 -7.47 -1.38 29.84
5 24 -6.11 -7.44 6.5 -5.8 -7.96 5.96 -5.13 -7.76 7.33 -7.8 -6.89 5.11
5 24 -11.24 -7.45 -2.72 -10.44 -8.05 -1.9 -10.45 -7.64 -3.24 -11.55 -6.97 -1.45
5 24 11.45 -7 -0.63 9.95 -7.84 0.08 10.97 -7.1 -1.21 11.41 -6.95 0.12
5 24 6.76 -6.29 12 4.23 -7.64 13.44 4.89 -6.84 13.63 7.64 -6.44 10.48
5 24 -14.61 3.53 7.48 -14.32 3.2 8.26 -14.16 2.86 7.5 -14.56 3.98 8.2
5 24 -12.91 -1.32 10.69 -13.34 0.13 11.16 -12.45 0.27 12.31 -13.2 -0.92 10.29
5 24 -7.22 14.88 27.33 -5.56 14.96 28.29 -7.05 14.12 28.1 -6.06 15.85 26.95
5 24 -0.13 38.45 30.74 -0.96 38.92 31.33 -0.4 39.28 30.92 -0.74 38.08 31.26
5 24 -0.64 -0.65 23.78 0.48 -0.29 24.7 -0.41 0.71 23.58 0.14 -1.11 23.93
5 24 -2.89 10.03 30.05 -0.79 10.44 29.37 -2.36 8.69 29.47 -2.09 11.86 29.61
5 24 3.07 25.98 25.85 1.9 24.71 26.53 2.17 25.36 25.34 2.56 25.59 27.16
5 24 -5.63 13.96 16.6 -5.92 12.75 16.72 -6.38 13.26 18.05 -6.36 13.26 15.84
5 24 -4.71 -6.06 29.56 -5.47 -4.42 29.96 -6.44 -5.36 29.58 -4.03 -5.35 29.28
5 24 -4.2 -2.1 30.71 -3.67 -0.13 30.73 -2.83 -1.99 29.5 -4.69 -1.16 31.1
5 24 -4.03 21.23 29.37 -4.84 20.26 28.98 -4.38 19.14 29.3 -5.09 21.76 27.94
5 24 -4.46 16.23 17.24 -4.11 15.74 16.8 -4.36 14.9 17.3 -3.13 16.97 16.69
5 24 1.47 -10.3 5.69 0.9 -10.04 6.09 1.07 -10.06 6.33 0.98 -10.83 4.85
5 24 -7.85 11.03 19.75 -7 11.88 19.34 -8.18 12.19 20 -6.89 11.29 19.43
5 24 -9.63 13.61 13.56 -10.21 15.32 12.26 -9.24 15.76 12.93 -10.98 14.14 11.94
5 24 -11.3 -0.05 26.43 -10.47 0.81 26.54 -11.01 0.7 26.11 -10.25 0.15 26.94
5 24 -2.88 20.59 18.13 -2.97 19.21 18.23 -1.33 19.3 18.67 -4.49 20.59 18.32
5 24 9.78 12.11 11.77 9.78 15.38 10.57 9.3 15.22 11.54 10.1 11.68 11.15
5 24 -8.79 10.22 20.49 -9.18 11.46 20.8 -9.7 10.14 21.26 -7.85 11.03 19.75
5 24 2.67 -3.38 17.59 2.19 -3.56 18.5 2.72 -3.95 18.07 2.14 -3.01 18
5 24 4.33 -6.43 -14.01 2.91 -6.82 -14.49 3.93 -5.75 -14.6 3.93 -7.57 -13.41
5 24 -1.63 -10.16 14.58 -0.62 -10.29 14.7 -1.11 -9.72 13.73 -1.19 -10.87 15.62
5 24 -7.08 -9.04 0.38 -7.62 -8.59 0.36 -7.96 -9.4 -0.85 -7.13 -8.78 1.07
5 24 4.56 -9.69 1.67 3.55 -9.76 2.62 3.49 -10.16 1.19 4.48 -9.3 3.75
5 24 0.67 -10.95 18.83 -0.25 -10.92 19.68 0.31 -10.4 19.92 -1.15 -11.59 17.56
5 24 10.7 2.39 -8.93 11.73 2.84 -7.96 11.75 2.26 -8.47 10.19 3.19 -8.22
5 24 -3.26 -8.98 27.17 -2.61 -8.09 26.9 -3.63 -8.49 27.89 -2.52 -8.55 25.99
5 24 6.27 17.75 11.88 4.58 18.33 12.66 6.6 17.26 13.04 5 18.25 11.99
5 24 -13.62 0.57 5.62 -13.69 0.22 6.83 -14.09 1.68 5.79 -13.03 -0.41 5.48
5 24 -9.79 -4.73 15.68 -9.75 -5.33 16.24 -9.43 -4.28 16.53 -9.99 -5.83 15.47
5 24 0.23 -8.99 8.15 0.92 -8.73 9.16 0.65 -9.4 7.61 0.48 -8.83 8.76
5 24 10.92 -3.41 13.7 11.73 -3.87 12.69 10.94 -4.6 12.56 11.24 -2.78 13.15
5 24 5.49 4.09 16.8 5.68 4.75 16.65 7.23 4.41 15.85 3.65 4.61 17.32
5 24 -0.98 33.79 30.93 -1.66 34.55 31.06 -0.39 34.61 30.63 -1.87 33.27 30.88
5 24 -5.01 40.98 27.55 -3.56 40.16 26.03 -3.37 40.81 26.02 -4.87 40.4 27.72
5 24 -13.11 5.96 12.63 -13.98 5.7 11.83 -12.96 7.02 12.23 -13.36 5.06 12.63
5 24 13.05 0.51 -8.37 11.75 2.26 -8.47 11.73 2.84 -7.96 11.7 0.84 -9.02
5 24 -8.22 1.31 -11.31 -6.97 1.15 -12.89 -7.42 0.4 -12.65 -7.51 2.14 -11.03
5 24 -2.79 28.57 19.49 -4.83 29.75 20.8 -5.38 28.92 20.42 -2.56 29.39 19.85
5 24 -4.04 -11.27 16.61 -3.12 -11.06 16.44 -4.17 -11.55 17.11 -5.54 -11.32 15.78
5 24 -14.79 -2.21 -2.52 -15.6 -1.36 -2.62 -15.03 -2.15 -1.6 -15.12 -1.38 -2.99
5 24 2.88 -9.52 9.16 3.09 -9.93 7.47 4.22 -10.18 7.98 2.68 -9.53 8.57
5 24 0.65 -9.4 7.61 1.35 -9.16 8.91 0.92 -8.73 9.16 1.76 -10.17 7.71
5 24 -4.17 -11.55 17.11 -4.15 -12.05 17.87 -5.42 -12 17.61 -2.74 -11.12 17.47
5 24 10.1 -7.63 -7.33 11.23 -7.25 -8.14 11.53 -7.12 -6.76 10.16 -7.23 -9.06
5 24 13.97 5.82 -5.63 15 5.9 -4.74 13.12 7.91 -5.14 15.16 4.71 -4.92
5 24 -2.74 34.77 30.67 -2.95 35.53 30.35 -2.3 35.94 30.78 -3.33 34.3 30.17
5 24 -9.5 -8.15 25.72 -8.77 -8.84 26.37 -8.67 -7.98 26.68 -9.22 -8.83 24.94
5 24 -12.1 0.43 22.16 -12.23 -0.05 21.85 -12.36 -0.07 22.63 -11.55 0.9 21.7
5 24 1.04 19.96 22.98 -0.22 21.45 22.29 -0.29 20.52 22.24 1.59 20.62 23.54
5 24 1.09 30.49 28.26 0.37 31.21 28.92 -0.3 29.89 28.87 2.17 31.34 28.38
5 24 -10.76 15.02 11.36 -10.12 15.7 11.77 -11.21 15.57 10.76 -10.21 15.32 12.26
5 24 -6 14.74 15.48 -5.37 14.36 16.32 -4.82 14.77 15.82 -5.63 13.96 16.6
5 24 4.91 -9.17 5.29 5.36 -9.03 5.19 4.48 -9.3 3.75 4.44 -9 6.53
5 24 -7.38 2.56 -10.35 -9.08 2.31 -9.63 -7.51 2.14 -11.03 -8.69 2.57 -9.34
5 24 -6.19 12.62 17.94 -6.38 13.26 18.05 -6.94 12.56 18.65 -5.92 12.75 16.72
5 24 -16.18 4.93 -2.57 -16.06 4.64 -1.05 -16.13 4.44 -1.69 -16.08 5.93 -0.63
5 24 8.06 1.26 -8.63 9.56 1.35 -6.89 7.071 -2 -7.071 9.1 2.79 -9.07
5 24 12.86 9.65 2.07 12.43 1.98 3.95 12.78 10.21 2.66 13.17 8.49 0.57
5 24 -4.88 18.02 13.14 -5.98 17.69 12.48 -6.3 17.21 13.01 -5.31 17.9 11.87
5 24 9.2 2.64 -9.34 10.7 2.39 -8.93 8.72 1.68 -10.5 10.19 3.19 -8.22
5 24 -0.38 17.27 29.09 -0.5 15.97 29.28 0.35 16.35 28.56 -1.13 16.93 29.81
5 24 -8.69 13.3 21.95 -8.52 14.46 21.99 -8.83 13.52 22.52 -8.33 14.12 21.54
5 24 9.94 -4.57 -10.87 9.08 -5.65 -12.25 10.04 -6.07 -11.3 8.85 -4.31 -12.26
5 24 -5.22 26.35 22.11 -5.57 25.65 22.5 -5.49 25.1 21.86 -5.42 26.82 23.11
5 24 3.42 28.96 26.19 3.6 27.64 25.22 3.34 27.92 27.12 3.4 28.2 24.46
5 24 -13.38 13.49 7.21 -13.47 12.69 6.67 -13.15 13.25 5.98 -13.61 11.81 8.56
5 24 -0.03 37.81 30.4 0.45 37.06 29.77 0.5 37.76 29.84 -0.33 36.93 30.05
5 24 0.43 18.6 22.55 1.04 19.96 22.98 -0.08 19.46 22.31 2.28 19.55 24.16
5 24 7.77 3.18 14.93 7.22 3.41 15.42 6.54 1.53 15.28 7.66 4.06 15.01
5 24 -9.96 -5.33 27.4 -10.17 -5.1 26.28 -9.84 -3.76 27.28 -9.73 -5.96 26.11
5 24 -0.02 4.47 28.6 0.22 5.1 28.16 -0.05 5.02 27.28 -0.68 6.16 29.48
5 24 -14.42 10.04 9.65 -14.66 10.43 9.04 -14.18 10.87 9.7 -14.33 10.06 8.45
5 24 -12.01 2.42 26.05 -11.2 2.74 26.74 -12.01 3.15 25.79 -11.65 1.29 25.75
5 24 -4.51 -1.9 -15 -3.82 -3.31 -14.77 -5 -2 -14.51 -3.29 -1.11 -15.71
5 24 12.61 11.39 9.59 11.87 11.58 10.47 12.55 12.19 9.53 11.74 10.57 10.58
5 24 -9.74 -6.65 15.02 -10.13 -7.02 15.67 -9.99 -5.83 15.47 -9.35 -7.57 15.12
5 24 -2.52 -8.55 25.99 -3.26 -8.98 27.17 -3.23 -9.31 26.22 -2.61 -8.09 26.9
5 24 0.21 -1.15 27.02 0.38 -0.12 27.01 1.01 -0.68 26.61 -0.12 -0.41 27.24
5 24 -14.69 7.82 9.85 -14.93 6.94 9.72 -13.92 8.11 11.05 -14.64 7.44 9.06
5 24 9.97 -4.23 13.5 9.21 -5.29 13.75 9.93 -5.16 13.18 9.6 -3.98 14.39
5 24 -2.37 45.02 33.07 -1.79 44.13 32.9 -1.57 45.05 32.67 -2.55 43.82 32.89
5 24 -3.38 -9.05 10.15 -1.63 -8.85 10.04 -3.26 -8.58 9.63 -1.68 -9.36 10.53
5 24 -2.05 -11.42 24.08 -1.19 -10.15 24.01 -1.48 -10.67 23.08 -1.64 -10.43 24.81
5 24 -2.08 36.9 22.65 -1.1 36.25 22.58 -1.66 37.36 23.81 -2.02 35.81 21.54
5 24 -13.15 13.25 5.98 -13.38 13.49 7.21 -13.47 12.69 6.67 -12.98 14.04 6.71
5 24 -14.28 2.77 5.51 -14.92 3.11 4.28 -14.52 1.22 4.4 -14.41 3.73 5.42
5 24 -13.34 8.45 12.34 -13.39 10 10.98 -13.76 7.96 11.86 -13.09 9.7 11.99
5 24 -4.34 21.43 18.47 -5.62 21.15 18.96 -5.2 21.78 19.56 -4.49 20.59 18.32
5 24 5.83 -9.05 -3.88 6.57 -8.65 -0.57 7.96 -8.56 -1.01 4.9 -8.89 -3.1
5 24 -6.38 -11.24 23.15 -5.4 -10.97 24.13 -7.59 -10.97 23.37 -5.72 -11.19 23.3
5 24 -11.65 1.29 25.75 -10.29 1.38 26.87 -11.2 2.74 26.74 -11.01 0.7 26.11
5 24 -1.36 14.68 29.6 -0.35 14.01 29.05 -0.12 15.01 29.12 -1.9 13.4 29.52
5 24 -12.23 -0.05 21.85 -11.64 -0.29 21.26 -10.05 0.6 20.43 -12.07 -1.12 21.75
5 24 2.09 15.69 24.86 1.88 14.83 23.61 1.99 16.14 23.58 1.52 13.46 25.12
5 24 -13.66 1.96 11.74 -13.61 2.49 11.89 -13.74 2.96 11.2 -12.9 1.77 12.9
5 24 15.62 -1.67 -2.79 15.05 -1.43 -5.38 15.05 -2.85 -4.67 15.46 0.82 -4.96
5 24 1.15 -4.39 20.82 1.56 -5.03 21.32 0.61 -4.15 22.25 1.74 -5.72 20.71
5 24 -6.16 25.46 27.63 -5.49 23.48 27.59 -6.87 25.09 26.69 -4.88 24.04 28.17
5 24 -4.81 38.25 26.6 -2.74 39.22 25.26 -2.8 38.69 25.14 -4.36 39.58 27.9
5 24 0.53 6.02 26.16 0.12 5.85 24.14 0.49 4.9 25.98 0.57 6.37 24.41
5 24 5.34 -2.68 15.79 7.59 -2.73 15.02 6.96 -3.05 15.32 5.18 -1.98 15.84
5 24 -8.83 15.11 23.78 -8.52 16.21 23.85 -7.32 15.53 24.68 -8.54 16.69 23.03
5 24 12.7 -7.26 -0.96 14.08 -6.73 -2.1 13.77 -6.62 -1.23 13.48 -7.18 -2.97
5 24 -7.01 -0.73 19.26 -6.86 -0.88 18.44 -6.97 0.84 18.85 -7.21 -1.52 18.68
5 24 14.09 8.79 7.31 13.64 7.71 8.46 13.36 9.04 8.2 14.04 7.49 7.91
5 24 3.23 0.9 17.57 2.37 -0.06 18.07 2.09 0.65 18.04 3.18 0.17 17.21
5 24 -4.87 2.89 -11.96 -0.54 0.92 -11.92 -3.38 2.91 -12.24 -4.65 0.87 -10.51
5 24 -15.48 2.3 2.16 -15.58 1.13 0.51 -15.07 1.32 1.9 -15.66 1.79 0.38
5 24 -1.07 -5.92 -14.39 -0.46 -5.26 -15.44 -1.93 -5.29 -14.41 1.29 -5.55 -15.39
5 24 -3.19 45.53 31.36 -3.11 46.22 30.77 -3.62 46.09 30.82 -2.15 45.97 31.49
5 24 -13.03 -0.41 5.48 -13.69 0.22 6.83 -13.06 -0.59 6.67 -13.62 0.57 5.62
5 24 -7.38 2.56 -10.35 -7.51 2.14 -11.03 -6.27 2.87 -11.09 -9.08 2.31 -9.63
5 24 -6.3 11.45 18.45 -6.51 10.53 18.89 -7.19 10.59 17.33 -6.89 11.29 19.43
5 24 -1.37 -11.53 21.83 -0.31 -11.29 20.56 -0.81 -11.18 22.26 -2.18 -11.88 19.42
5 24 -5.91 -9.16 11.89 -5.93 -8.34 10.1 -4.93 -8.66 10.05 -6.89 -8.79 12.09
5 24 -11.69 -5.01 2.42 -10.28 -4.75 4.3 -12.56 -3.28 3.74 -9.88 -6.16 2.51
5 24 -3.66 -4.1 -13.56 -2.84 -4.39 -13.72 -3.54 -4.35 -13.21 -3.42 -3.98 -14.17
5 24 -0.02 4.47 28.6 -1.67 4.22 29.41 -1.72 6.31 30.17 -0.85 3.66 28.83
5 24 -2.05 -11.42 24.08 -2.89 -11.94 23.01 -2.1 -11.19 22.56 -3.28 -11.27 24.92
5 24 -10.63 -5.08 -6.22 -10.71 -4.26 -7.58 -9.1 -5.26 -6.89 -12.64 -3.13 -5.81
5 24 8.3 5.65 15.16 7.52 5.23 15.56 7.9 5.75 15.46 7.98 4.96 14.69
5 24 15.28 -6.26 -1.7 16.26 -4.7 -0.78 16.13 -4.47 -1.83 14.98 -5.79 -0.43
5 24 -3.62 46.09 30.82 -3.9 45.87 30.8 -4.01 45.84 30.4 -3.19 45.53 31.36
5 24 -11.85 -2.77 25.47 -12.7 -0.77 25.38 -11.9 -0.74 26.16 -12.89 -1.34 24.74
5 24 15.68 -3.53 3.65 14.56 -4.96 2.47 14.83 -4.3 3.9 15.34 -4.88 1.18
5 24 -8.61 4.29 30.41 -6.91 5.19 30.29 -7.49 6.26 29.66 -6.71 3.79 30.67
5 24 -1.06 -9.44 10.75 -0.15 -8.94 10.72 -0.85 -8.92 10.35 -0.41 -9.53 11.13
5 24 -12.14 5.06 25.73 -11.32 5.8 26.53 -11.98 6.18 25.27 -11.02 4.92 26.13
5 24 11.67 9.79 11.3 12.27 9.53 10.73 11.74 10.57 10.58 11.86 8.42 10.92
5 24 -2.21 -9.87 -1.94 -2.73 -10.05 -2.86 -2.17 -9.69 -3.18 -2.59 -9.94 -2.22
5 24 7.73 2.11 10.52 9.49 16.14 9.21 11.06 1.99 7.37 8.39 16.69 10.18
5 24 6.93 -8.66 -9.19 5.56 -9.24 -8.35 6.74 -9 -7.27 5.41 -9.22 -9.17
5 24 -0.51 26.53 29.44 -0.81 27.05 30.01 -2.12 26 29.84 -0.15 28.82 29.23
5 24 11.24 -2.78 13.15 11.73 -3.87 12.69 10.92 -3.41 13.7 11.53 -2.27 11.73
5 24 14.52 -1.03 6.23 14.26 -2.31 8.42 13.88 -0.67 7.35 15.07 -2.32 5.93
5 24 -1.67 4.22 29.41 -2.7 3.53 30.16 -2.58 4.14 29.87 -0.87 2.79 29.42
5 24 2.29 24.63 25.14 1.9 24.71 26.53 2.35 22.83 25.09 2.17 25.36 25.34
5 24 0.09 -3.88 21.06 0.91 -4.1 19.93 0.05 -3.58 20.43 1.15 -4.39 20.82
5 24 -11.74 -3.03 7.61 -12.5 -1.74 6.59 -11.77 -2.55 5.35 -11.89 -2.32 8.84
5 24 -14.56 3.98 8.2 -14.61 3.53 7.48 -14.32 3.2 8.26 -14.66 4.69 8.21
5 24 14.52 -1.03 6.23 15.07 -2.32 5.93 14.83 -2.58 4.9 14.26 -2.31 8.42
5 24 13.43 -3.98 10.28 12.07 -3.65 11.53 12.89 -2.6 11.32 12.38 -4.17 10.81
5 24 0.69 -1.64 26 1.38 -2.85 25.66 0.19 -3.65 25.87 1.22 -2 25.42
5 24 -5.27 -2.68 30.69 -4.2 -2.1 30.71 -4.69 -1.16 31.1 -4.13 -2.65 29.92
5 24 -15.19 5.77 6.48 -14.94 6.42 5.25 -14.89 7.34 6.71 -14.96 5.55 5.33
5 24 -2.45 -4.24 -14.44 -1.93 -5.29 -14.41 -1.32 -4.11 -15.23 -2.32 -5.26 -13.47
5 24 -5.19 29.47 23.68 -6.05 29.98 24.83 -6.43 28.65 24.99 -4.78 30.31 23.79
5 24 -6.4 12.26 16.75 -6.3 11.45 18.45 -7.19 10.59 17.33 -6.23 12.1 17.79
5 24 -1.7 -11.29 22.19 -0.89 -10.68 22.7 -1.48 -10.67 23.08 -0.81 -11.18 22.26
5 24 -6.6 20.77 19.69 -6.84 20.84 20.96 -6.9 20.19 20.54 -6.15 21.4 20.31
5 24 -3.32 24.97 18.63 -1.66 24.99 18.52 -1.81 26.44 19.53 -3.35 23.84 18.36
5 24 -9.55 0.29 29.5 -8.48 -0.24 29.98 -9.63 -0.86 28.93 -9.35 0.99 29.57
5 24 -7.71 18.7 25.14 -7.13 17.77 24.53 -6.96 16.88 25.08 -7.27 18.82 24.18
5 24 0.48 15.7 28.5 -0.12 15.01 29.12 0.86 15.38 27.71 -0.5 15.97 29.28
5 24 -10.21 9.43 22.55 -10.01 9.21 21.24 -10.35 8.61 22.85 -10.17 10.02 22.02
5 24 -8.67 -7.98 26.68 -9.35 -7.31 26.31 -9.5 -8.15 25.72 -8.82 -7.45 27.29
5 24 11.97 6.18 -5.89 12.45 1.87 -3.1 12.21 7.94 -5.05 11.54 4.73 -6.64
5 24 -3.76 18.4 12.62 -6.8 2.03 11.34 -3.05 2.05 12.73 -4.41 18.15 12.33
5 24 0.39 -2.93 23.3 0.66 -1.5 24.06 1.42 -2.26 24.91 -0.24 -1.98 23.14
5 24 -4.36 39.58 27.9 -2.71 39.62 25.22 -4.55 40.02 27.87 -2.74 39.22 25.26
5 24 6.86 13.51 13.69 6.03 14.07 13.52 5.53 13.43 13.85 6.58 14.44 13.09
5 24 11.59 7.38 10.91 11.86 8.42 10.92 12.42 7.44 9.74 10.88 7.62 11.97
5 24 5.02 2.26 -11.86 3.39 2.4 -12.04 3.53 2.29 -12.6 4.78 2.31 -11.54
5 24 0.25 1.5 26.66 0.96 0.53 26.36 0.67 1.51 26.08 0.38 -0.12 27.01
5 24 -7.51 5.04 18.46 -7.88 6.04 17.83 -7.77 4.98 17.53 -7.6 5.7 18.92
5 24 -1.32 -4.11 -15.23 -2.45 -4.24 -14.44 -1.93 -5.29 -14.41 -2.66 -3.74 -14.77
5 24 2.56 -2.46 -14.95 3.3 -3.38 -15.29 3.13 -2.47 -14.82 1.68 -4.17 -16.02
5 24 -0.4 22.63 19.24 -0.21 22.79 20.91 0.03 21.08 20.32 -0.61 23.33 19.58
5 24 -4.42 -12.1 21.7 -4.14 -11.28 20.09 -5.32 -11.22 20.08 -3.06 -11.65 20.74
5 24 -13.12 -2.77 21.5 -12.98 -2.91 22.22 -12.96 -2.31 22.02 -12.57 -4.05 21.91
5 24 -3.16 26.34 19.73 -3.32 24.97 18.63 -4.39 24.63 19.35 -1.81 26.44 19.53
5 24 -3.68 -0.28 -15.64 -5.01 0.14 -15.24 -4.48 1.27 -14.79 -4.56 -0.64 -15.42
5 24 -3.56 40.16 26.03 -3.37 40.81 26.02 -5.01 40.98 27.55 -2.54 40.1 25.21
5 24 -9.47 -8.77 22.6 -8.83 -9.62 21.17 -8.67 -9.13 23.42 -9.64 -8.84 21.52
5 24 -0.25 36.2 29.78 -0.98 36.42 30.67 -0.33 36.93 30.05 -0.39 34.61 30.63
5 24 12.28 -7.56 -2.91 12.24 -7.42 -1.23 12.7 -7.26 -0.96 11.84 -7.49 -2.02
5 24 -11.58 -6.13 21.81 -11.49 -6.87 21.4 -11.49 -7.06 22.21 -11.48 -6.19 20.78
5 24 -4.19 -10.07 -1.39 -3.12 -10.09 -0.74 -4.25 -10.52 -0.57 -3.36 -9.96 -1.66
5 24 -11.55 -6.97 -1.45 -10.44 -8.05 -1.9 -10.9 -7.27 -0.76 -11.24 -7.45 -2.72
5 24 10.67 12.15 10.56 10.64 11.21 11.14 10.1 11.68 11.15 11.65 12.01 10.44
5 24 -12.32 -2.22 20.58 -12.1 -2.78 20.32 -10.21 -2.77 19.69 -12.97 -3.02 21.05
5 24 9.93 -5.16 13.18 9.11 -5.86 12.86 9.21 -5.29 13.75 9.6 -5.73 12.73
5 24 -3.83 30.76 19.85 -5.46 30.84 20.78 -4.83 29.75 20.8 -4.7 32.6 20.36
5 24 -11.69 -5.01 2.42 -12.56 -3.28 3.74 -10.28 -4.75 4.3 -12.85 -3.59 2.15
5 24 -11.64 -0.29 21.26 -10.05 0.6 20.43 -12.23 -0.05 21.85 -10.88 -0.76 20.86
5 24 -0.25 -10.92 19.68 0.15 -10.12 20.54 0.31 -10.4 19.92 -0.31 -11.29 20.56
5 24 -10.46 1.83 28.31 -10.39 0.86 27.89 -10.2 0.97 28.83 -10.29 1.38 26.87
5 24 -10.52 -5.96 2.03 -9.88 -6.16 2.51 -11.69 -5.01 2.42 -10.06 -6.81 1.27
5 24 8.54 -6.41 -12.44 8.86 -7.18 -11.69 9.57 -6.8 -11.52 7.75 -7.32 -12.11
5 24 -14.34 -4.06 -2.98 -14.86 -3.2 -2.21 -14.58 -3.74 -1.26 -14.47 -2.93 -3.06
5 24 -8.14 7.73 16.56 -9.28 8.54 15.21 -7.86 9.61 15.74 -10.11 6.49 15.53
5 24 16.28 0.84 -0.43 16.23 1.06 0.18 15.48 -3.02 0.83 16.3 2.79 -0.46
5 24 -4.34 -12.13 18.81 -4.94 -12.09 19.12 -5.42 -12 17.61 -4.14 -11.28 20.09
5 24 0.43 -2.13 28.01 0.21 -1.15 27.02 0.43 -2.96 27.8 -0.36 -0.96 28
5 24 -2.84 36.92 22.84 -2.08 36.9 22.65 -1.66 37.36 23.81 -2.97 36.57 22.2
5 24 14.7 9.42 5.94 14.5 9.45 6.73 14.82 8.93 6.13 14.09 10.17 6.12
5 24 14.5 9.45 6.73 14.54 8.41 6.56 14.09 8.79 7.31 14.82 8.93 6.13
5 24 -12.47 8.35 -4.59 -13.58 8.04 -4.57 -13.06 7.09 -5.68 -13.67 8.57 -3.12
5 24 -2.43 5.94 30.25 -1.72 6.31 30.17 -2.96 6.72 30.35 -1.67 4.22 29.41
5 24 -1.41 17.15 17.01 0.23 16.23 19.55 -0.7 16.57 17.19 0.43 17.28 20.36
5 24 -0.17 26.91 22.38 1.27 26.79 23.55 1.1 25.97 23.08 -0.06 28.23 22.54
5 24 -10.48 -6.92 24.13 -9.77 -7.12 24.94 -10.42 -7.67 23.71 -10.28 -6.02 25.25
5 24 -14.29 -1.45 2.35 -14.11 -2.53 -0.19 -13.12 -3.52 0.08 -14.7 -0.67 2.19
5 24 1.48 10.59 23.5 1.24 11.54 22.75 1.82 11.57 24.22 0.38 10.62 22.52
5 24 -2.74 34.77 30.67 -2.3 35.94 30.78 -1.66 34.55 31.06 -2.95 35.53 30.35
5 24 3.6 27.64 25.22 3.4 28.2 24.46 3.42 28.96 26.19 3.08 27.7 24.18
5 24 -4.87 36.26 29.73 -5.44 36.01 27.69 -4.78 35.66 29.58 -5.43 36.32 27.43
5 24 -3.53 -10.43 -2.68 -3.36 -9.96 -1.66 -4.19 -10.07 -1.39 -2.59 -9.94 -2.22
5 24 -11.71 -4.95 -0.12 -10.56 -6.84 -0.27 -10.54 -6.63 0.46 -11.83 -5.36 -0.85
5 24 -10.34 -2.48 27.9 -9.84 -3.76 27.28 -9.52 -4.38 28.01 -9.82 -2.9 26.47
5 24 2.09 15.69 24.86 0.94 15.62 25.69 1.05 13.94 25.75 1.69 16.92 25.25
5 24 -13.61 12.18 4.59 -12.72 13.51 5.39 -12.16 12.87 4.23 -13.63 12.66 5.67
5 24 -0.23 21.6 28.68 -1.83 21.19 29.95 -0.49 22.94 29.05 -0.59 20.48 29.05
5 24 -0.88 11.34 18.97 -0.95 11.88 19.92 -0.79 11.69 18.74 -1.43 11.03 20.2
5 24 0.45 12.35 27.41 0.87 12.72 26.32 0.74 12.91 27.62 0.47 11.55 26.62
5 24 -4.03 26.36 28.38 -4.99 26.35 27.65 -5.16 27.24 27.66 -4.08 25.47 28.34
5 24 -14.11 -2.53 -0.19 -14.7 -0.67 2.19 -14.29 -1.45 2.35 -14.69 -0.83 -0.26
5 24 -2.23 -10.36 0.1 -1.37 -10.57 0.09 -1.4142 -9.5 0.5858 -2.45 -10.51 -0.78
5 24 2.63 -8.36 -10.5 3.47 -7.71 -11.56 2.15 -7.31 -11.79 4.93 -7.99 -11.13
5 24 -6 14.74 15.48 -6.36 13.26 15.84 -5.63 13.96 16.6 -6.85 13.87 14.9
5 24 -0.7 16.57 17.19 -0.03 15.64 18.53 0.23 16.23 19.55 -0.34 15.83 17.18
5 24 -1.01 33.21 21.55 -0.66 34.28 22.18 -1.83 34.22 21.22 -0.25 31.97 22.16
5 24 -1.27 21.76 18.35 -0.24 20.89 19.34 -0.4 22.63 19.24 -1.22 20.74 18.27
5 24 -0.93 23.48 29.73 -0.53 24.38 29.69 -0.49 22.94 29.05 -2.06 24.18 29.91
5 24 -0.48 20.1 19.74 -1.33 19.3 18.67 -0.57 19.24 19.99 -1.22 20.74 18.27
5 24 -7.24 19.8 24.69 -7.76 20.03 23.94 -7.27 18.82 24.18 -6.76 21.12 24.25
5 24 -11.72 -5.62 20.06 -11.59 -4.71 19.51 -10.97 -6.06 19.81 -11.99 -5.04 20.62
5 24 2.41 35.82 26.71 1.45 34.23 27.86 1.53 35.9 27.59 3.17 35.34 26.64
5 24 -10.25 0.15 26.94 -11.05 -0.56 26.57 -10.27 -0.67 27.12 -11.3 -0.05 26.43
5 24 -14.99 -2.93 -1.43 -14.61 -1.88 -0.84 -14.11 -2.53 -0.19 -15.03 -2.15 -1.6
5 24 5.35 10.29 15.25 3.85 10.45 15.8 4.94 11.15 15.1 4.26 9.21 15.94
5 24 -4.78 35.66 29.58 -2.95 35.53 30.35 -4.87 36.26 29.73 -3.69 34.98 29.63
5 24 -11.37 1.07 -8.73 -12.9 2.05 -7.56 -11.21 2.57 -8.13 -12.92 1.36 -7.82
5 24 4.24 2.04 12.47 3.827 -2 9.239 7.73 2.11 10.52 .17 2.02 12.95
5 24 -6.8 -1.26 -13.11 -6.36 -0.73 -13.87 -7.42 0.4 -12.65 -5.51 -2.15 -13.52
5 24 -15.41 5.24 -4.19 -14.27 7.22 -4.72 -15.21 6.61 -3.47 -13.74 5.4 -5.98
5 24 -13.36 5.06 12.63 -13.11 5.96 12.63 -13.98 5.7 11.83 -12.04 4.8 13.29
5 24 14.62 -5.3 -4.36 14.64 -5.14 -4.96 14.74 -4.07 -4.03 14.45 -5.92 -4.4
5 24 -2 5.77 19.89 -0.02 4.53 18.73 -1.99 4.39 19.83 0.28 5.44 18.5
5 24 0.71 -10.79 17.52 1.12 -10.35 18.3 0.67 -10.95 18.83 1.11 -9.37 17.58
5 24 -0.91 -8.95 8.68 0.1 -9.15 7.33 0.23 -8.99 8.15 -0.91 -9.68 6.02
5 24 -9.88 -6.16 2.51 -11.69 -5.01 2.42 -10.52 -5.96 2.03 -10.28 -4.75 4.3
5 24 -12.48 13.21 10.01 -12.7 12.81 10.91 -13.04 12.08 9.93 -12.02 14.07 10.61
5 24 5.19 -8.74 8.72 4.76 -9.46 7.53 4.43 -8.94 6.76 4.81 -9.58 8.91
5 24 0.1 -9.15 7.33 0.65 -9.4 7.61 0.52 -9.46 6.71 0.23 -8.99 8.15
5 24 -12.92 1.36 -7.82 -13.29 0.74 -7.44 -11.8 -1.3 -8.27 -13.59 1.3 -6.94
5 24 0.98 -10.83 4.85 0.08 -10.52 4.98 0.48 -10.68 4.4 0.9 -10.04 6.09
5 24 -8.02 10.59 15.47 -7.19 10.59 17.33 -7.2 10.02 17.18 -7.73 11.48 15.33
5 24 -5.32 -11.22 20.08 -6.29 -11.53 19.54 -6.57 -11.16 19.94 -4.94 -12.09 19.12
5 24 -3.58 35.08 23.65 -3.71 35.77 22.51 -3.45 35.48 24.52 -3.7 34.74 22.56
5 24 2.4 23.53 26.62 1.78 24.14 27.68 1.9 24.71 26.53 2.18 23.3 27.79
5 24 1.88 -9.41 8.82 1.33 -9.03 9.23 1.35 -9.16 8.91 2.13 -9.4 9.04
5 24 -15.5 1.34 -0.76 -16.08 1.58 -1.72 -15.72 1.08 -1.86 -15.62 2.31 -0.26
5 24 -0.45 24.63 22.2 0.35 25.08 22.55 -0.55 23.55 22.32 -0.11 26.09 22.45
5 24 -5.81 -7.69 9.5 -7.13 -7.33 7.47 -6.11 -7.44 6.5 -6.7 -7.36 9.49
5 24 11.69 3.77 -7.38 10.19 3.19 -8.22 11.73 2.84 -7.96 10.99 3.92 -7.18
5 24 2.08 37.01 26.1 2.7 36.06 25.03 1.11 36.78 24.64 2.59 36.41 26.12
5 24 -9.89 -7.57 -0.67 -9.08 -8.26 -1.29 -9.16 -7.53 -0.27 -10.44 -8.05 -1.9
5 24 -7.74 16.47 13.11 -7.94 15.81 13.53 -6.52 15.6 14.12 -9.24 15.76 12.93
5 24 -0.5 15.97 29.28 -1.13 16.93 29.81 -1.87 15.49 29.79 -0.38 17.27 29.09
5 24 -3.28 18.33 17.79 -4.51 19.11 18.46 -6 18.37 18.55 -2.97 19.21 18.23
5 24 -4.88 -8.03 9.49 -4.93 -8.66 10.05 -5.93 -8.34 10.1 -3.26 -8.58 9.63
5 24 -8.31 -0.8 15.93 -8.75 -2.37 15.58 -7.43 -1.42 17.08 -9.8 -2.94 13.84
5 24 -6.3 17.21 13.01 -4.88 18.02 13.14 -5.98 17.69 12.48 -5.25 17.31 14.15
5 24 -1.02 -4.73 27.64 -0.67 -5.7 27.12 -0.7 -4.23 26.34 -1.96 -5.99 28.08
5 24 2.73 -7.92 14.58 1.74 -8.05 16.31 1.49 -8.74 15.48 2.74 -7.35 15.52
5 24 -7.51 5.04 18.46 -7.6 5.7 18.92 -7.88 6.04 17.83 -7.63 5.2 19.91
5 24 -10.17 -5.1 26.28 -11.08 -4.3 25.68 -10.19 -4.14 26.21 -11.43 -5.76 25.01
5 24 -4.99 0.98 31.16 -5.46 -0.4 31.12 -3.67 -0.13 30.73 -6.08 0.56 30.6
5 24 -1.76 0.92 22.24 -0.41 0.71 23.58 -1.66 -0.49 22.08 -1.37 1.98 22.37
5 24 1.52 -5.04 19.24 2.89 -4.55 17.9 2.72 -3.95 18.07 2.96 -5.32 17.39
5 24 3.47 -7.71 -11.56 4.93 -7.99 -11.13 4.64 -7.58 -11.86 2.63 -8.36 -10.5
5 24 7.65 -9.05 -5.55 6.54 -9.27 -5.5 7.51 -8.89 -4.5 6.72 -9.15 -6.51
5 24 12.02 4.98 9.57 14.02 3.63 7.93 13.63 5.15 7.7 12.5 3.21 9.94
5 24 15.37 -1.94 2.54 16.19 1.52 3.57 16.31 1.3 1.32 15 -2.34 4.22
5 24 -4.59 -6.78 28.67 -3.38 -6.93 28.17 -4.06 -7.77 28.38 -3.89 -6.15 28.46
5 24 -1.59 3.09 22.54 -1.6 2.71 20.78 -1.37 1.98 22.37 -2.06 3.88 21.77
5 24 -1.22 20.74 18.27 -1.33 19.3 18.67 -0.48 20.1 19.74 -2.88 20.59 18.13
5 24 13.97 5.82 -5.63 14.24 3.59 -5.85 15.16 4.71 -4.92 12.4 6.13 -6.04
5 24 -0.46 -5.26 -15.44 -1.93 -5.29 -14.41 -1.32 -4.11 -15.23 -1.07 -5.92 -14.39
5 24 -7.31 15.24 26.49 -6.06 15.85 26.95 -7.22 14.88 27.33 -6.58 15.94 26.35
5 24 -10.71 -4.26 -7.58 -10.72 -3.45 -8.34 -9.35 -4.25 -8.35 -11.43 -1.94 -8.51
5 24 -13.68 2.57 -6.86 -14.34 3.4 -5.91 -13.07 3.66 -6.93 -14.57 1.78 -5.45
5 24 4.58 18.33 12.66 2.39 18.55 12.71 5 18.25 11.99 2.32 18.62 13.18
5 24 0.49 4.9 25.98 -0.05 5.02 27.28 0.53 6.02 26.16 0.41 3.49 26.83
5 24 -13.19 1.12 12.49 -12.51 0.94 13.16 -12.9 1.77 12.9 -12.45 0.27 12.31
5 24 -3.48 -12.04 21.8 -4.42 -12.1 21.7 -4.95 -11.66 23.11 -3.06 -11.65 20.74
5 24 3.19 11.23 15.46 4.94 11.15 15.1 3.85 10.45 15.8 4.8 12.01 14.63
5 24 -12.89 -1.34 24.74 -12.57 -2.58 24.57 -12.28 -2.03 23.25 -11.85 -2.77 25.47
5 24 -1.83 34.22 21.22 -2.11 33.45 20.67 -1.01 33.21 21.55 -2.95 34.62 21.54
5 24 -4.77 42.92 27.69 -5.35 43.4 29.66 -4.54 43.81 28.36 -5.3 42.84 29.53
5 24 -6.32 2.6 -12.02 -4.87 2.89 -11.96 -5.03 2.77 -12.35 -6.27 2.87 -11.09
5 24 7.72 -3.83 15.33 5.84 -5.01 15.29 8.03 -4.59 14.78 5.56 -4.05 15.73
5 24 -1.61 41.42 25.89 -1.26 42.03 26.22 -3.09 41.58 26.17 -0.48 40.9 26.32
5 24 -7.76 20.03 23.94 -8.57 20.36 23.23 -8.29 20.62 23.58 -8.74 19.37 22.93
5 24 -3.35 23.84 18.36 -4.39 24.63 19.35 -3.32 24.97 18.63 -4.45 23.72 19.05
5 24 -1.87 33.27 30.88 -1.5 32.72 30.38 -2.41 32.45 30.25 -0.98 33.79 30.93
5 24 -8.69 -7.83 12.74 -8.06 -7.41 10.35 -8.92 -6.85 11.11 -7.89 -8.35 12.39
5 24 -2.47 46.12 28.99 -3.11 46.22 30.77 -3.46 46.14 29.52 -1.95 46.15 31.13
5 24 -5.73 17.18 27.58 -6.89 17.5 26.81 -6.23 18.37 27.32 -6.06 15.85 26.95
5 24 -10.46 1.83 28.31 -9.35 0.99 29.57 -8.85 2.55 29.31 -10.2 0.97 28.83
5 24 -4.2 -2.1 30.71 -2.83 -1.99 29.5 -3.67 -0.13 30.73 -4.13 -2.65 29.92
5 24 -3.79 37.9 30.87 -3.89 38.74 31.12 -4.75 38.56 30.3 -0.96 38.92 31.33
5 24 14.8 7.96 -1.37 13.46 8.46 -1.28 15.03 7.69 0.03 13.16 8.79 -3.67
5 24 14.35 -6.02 -3.28 13.66 -6.49 -4.04 14.45 -5.92 -4.4 13.52 -6.65 -3.69
5 24 13.1 8.62 -1.22 13.16 8.79 -3.67 13.46 8.46 -1.28 12.6 8.84 -3.61
5 24 -6.97 1.15 -12.89 -6.32 2.6 -12.02 -6.05 1.89 -13.51 -7.51 2.14 -11.03
5 24 -10.19 11.88 24.05 -8.88 13.8 23.27 -9.86 12.33 24.58 -8.73 12.66 22.29
5 24 -1.61 -6.57 27.76 -1.43 -7.41 26.93 -2.13 -6.95 27.58 -0.37 -6.37 26.73
5 24 11.67 -5.3 6 12.35 -5.7 7.9 12.53 -5.16 6.27 11.1 -5.25 8.42
5 24 6.37 -8.53 5.82 7.42 -7.69 5.43 6.67 -8.43 4.35 7.48 -7.18 7.04
5 24 6.36 -8.88 4.03 5.7 -8.75 5.52 6.67 -8.43 4.35 5.36 -9.03 5.19
5 24 2.8 -9.96 7.2 3.09 -9.93 7.47 3.31 -9.72 6.49 2.68 -9.53 8.57
5 24 3.23 0.9 17.57 2.1 1.39 18.38 4.19 2.12 17.35 2.09 0.65 18.04
5 24 -0.43 11.58 29.04 0.45 12.35 27.41 0.46 10.6 28.26 -0.04 12.87 28.23
5 24 -14.33 11.08 7.3 -14.33 10.06 8.45 -14.54 9.92 7.16 -13.96 11.06 8.18
5 24 -5.47 31.85 24.54 -5.99 31.04 25.44 -6.66 31.99 25.55 -5.48 30.87 24.62
5 24 -6.99 24.04 24.96 -7.64 23.32 25.78 -6.97 24.07 25.6 -7.72 23.25 25.29
5 24 -10.99 -3.27 25.36 -11.36 -2.24 26.02 -11.85 -2.77 25.47 -10.25 -2.35 26.19
5 24 0.13 45.55 30.42 -0.35 44.81 28.74 -0.52 46.07 29.8 0.26 44.1 29.67
5 24 -13.47 12.69 6.67 -13.63 12.66 5.67 -14.33 11.08 7.3 -13.15 13.25 5.98
5 24 -2.37 45.02 33.07 -1.57 45.05 32.67 -1.79 44.13 32.9 -2.09 45.39 32.7
5 24 11.25 0.19 -9.85 10.7 2.39 -8.93 9.44 0.57 -10.8 11.7 0.84 -9.02
5 24 -14.58 -3.74 -1.26 -13.69 -4.77 -1.93 -13.75 -4.37 -1.09 -14.34 -4.06 -2.98
5 24 -4.87 36.26 29.73 -3.58 37.05 30.88 -2.95 35.53 30.35 -4.77 37.48 29.66
5 24 4.8 12.01 14.63 5.84 11.47 14.31 4.94 11.15 15.1 5.22 12.4 14.18
5 24 12.76 12.56 4.32 13.06 11.38 3.58 12.5 12.61 4.02 13.72 11.53 4.27
5 24 -11.36 -2.24 26.02 -10.52 -1.34 26.71 -10.25 -2.35 26.19 -11.05 -0.56 26.57
5 24 -5.34 1.75 31.65 -6.08 0.56 30.6 -6.82 1.96 31 -4.99 0.98 31.16
5 24 -2.38 14.17 30.17 -1.87 15.49 29.79 -3.48 14.85 30.22 -1.36 14.68 29.6
5 24 0.55 -8.97 20.62 0.95 -8.6 19.64 0.87 -8.28 20.85 0.85 -9.85 19.55
5 24 -0.49 24.92 19.74 -1.66 24.99 18.52 -0.6 24.06 19.68 -1.81 26.44 19.53
5 24 -15.41 5.24 -4.19 -15.21 6.61 -3.47 -15.61 5.57 -3.35 -14.27 7.22 -4.72
5 24 0.86 15.38 27.71 0.94 15.62 25.69 0.9 13.91 27.65 1.09 16.26 26.98
5 24 -13.56 3.83 11.38 -14.57 4.04 10.45 -13.91 4.82 11.1 -13.74 2.96 11.2
5 24 -15.6 4.39 0.77 -16.28 6.31 0.96 -15.61 5.91 2.45 -15.92 4.76 -0.3
5 24 0.43 -2.96 27.8 -0.17 -2.76 28.79 -0.87 -3.86 28.61 0.43 -2.13 28.01
5 24 -6.3 11.45 18.45 -7.19 10.59 17.33 -6.51 10.53 18.89 -6.4 12.26 16.75
5 24 -1.4142 -9.5 3.4142 -3.44 -9.78 4.1 -1.24 -9.82 5.09 -1.8478 -9.5 2.7654
5 24 -10.19 -4.6 6.41 -10.89 -3.61 6.39 -10.12 -4.37 5.3 -10.61 -3.94 8.66
5 24 -6.15 21.4 20.31 -4.93 22.66 20.13 -5.2 21.78 19.56 -6.24 22.57 20.8
5 24 13.63 5.15 7.7 13.94 6.54 7.12 13.28 6.2 7.91 14.3 5.46 6.56
5 24 -8.48 -8.08 13.59 -8.44 -8.38 14.25 -9.05 -7.53 13.94 -7.66 -8.56 13.45
5 24 -9.65 4.84 20.92 -8.2 3.37 20.9 -9.68 3.24 21.49 -8.36 4.91 20.4
5 24 13.74 -3.55 9.94 12.89 -2.6 11.32 12.18 -1.26 10.74 13.43 -3.98 10.28
5 24 -12.53 -1.83 21.29 -12.97 -3.02 21.05 -13.12 -2.77 21.5 -12.32 -2.22 20.58
5 24 14.35 -6.25 0.96 13.4 -5.53 2.83 12.23 -6.17 1.87 14.56 -4.96 2.47
5 24 0.7654 -9.5 3.8478 1.93 -10.2 3.74 0.88 -10.57 4.11 1.4142 -9.5 3.4142
5 24 -15.92 -0.42 -1.32 -15.42 0.63 -0.31 -15.5 1.34 -0.76 -15.39 -1.04 -0.81
5 24 -1.39 -10.14 12.59 -1.06 -9.44 10.75 -2.09 -10.1 12.07 -0.41 -9.53 11.13
5 24 14.43 -2.9 8.44 15.07 -2.32 5.93 14.26 -2.31 8.42 14.87 -3.32 6.62
5 24 11.66 14.38 7.7 11.7 13.18 9.17 11.93 13.18 8.62 10.9 15.27 9.01
5 24 -2.09 45.39 32.7 -2.37 45.02 33.07 -1.57 45.05 32.67 -2.81 45.28 32.52
5 24 -11.68 3.26 13.25 -10.61 1.84 14.59 -9.67 4.62 15.49 -11.53 2.17 13.41
5 24 -4.78 35.66 29.58 -4.87 36.26 29.73 -2.95 35.53 30.35 -5.44 36.01 27.69
5 24 -1.38 38.98 24.88 -2.54 40.1 25.21 -2.71 39.62 25.22 -1.03 39.9 25.13
5 24 -5.72 -10.51 25.27 -5.41 -10.45 26.45 -6.43 -10.16 24.49 -4.98 -10.59 25.91
5 24 -7.08 25.99 26.08 -7.08 26.43 25.18 -7.16 25.81 25.02 -6.34 27.97 25.34
5 24 16.38 3.3 4.15 16.25 3.22 3.19 16.19 1.52 3.57 16.23 4.96 3.76
5 24 -4.04 -9.22 -4.29 -2.27 -8.94 -5.95 -5.33 -7.72 -7.07 -2.13 -9.31 -5.19
5 24 -10.13 -7.02 15.67 -9.35 -7.57 15.12 -9.74 -6.65 15.02 -9.56 -7.96 15.71
5 24 -0.93 23.48 29.73 -0.49 22.94 29.05 -2.04 22.79 29.59 -0.53 24.38 29.69
5 24 -9.51 -7.76 16.6 -8.74 -8.44 16.74 -9.56 -7.96 15.71 -9.02 -8.37 17.79
5 24 -7.84 6.71 17.96 -7.88 6.04 17.83 -8.57 6.76 16.55 -7.6 5.7 18.92
5 24 3.93 -7.57 -13.41 4.23 -7.46 -12.95 3.47 -7.71 -11.56 4.69 -6.76 -13.59
5 24 -11.53 2.17 13.41 -10.61 1.84 14.59 -11.68 3.26 13.25 -11.47 1.1 13.51
5 24 -4.09 -10.29 13.81 -5.09 -10.06 13.24 -5.44 -10.3 14.36 -4.27 -10.31 13.05
5 24 -11 3.44 -7.34 -10.18 2.64 -8.4 -11.2 3.33 -7.51 -9.93 2.76 -8.24
5 24 -15.6 -1.36 -2.62 -15.03 -2.15 -1.6 -15.75 -1.17 -1.66 -14.79 -2.21 -2.52
5 24 13.4 -5.53 2.83 13.98 -5.56 3.84 14.56 -4.96 2.47 12.54 -5.69 3.74
5 24 -10.58 8.02 23.27 -11.14 8.77 24.27 -10.92 7.79 24.38 -10.73 9.3 24.05
5 24 -6 18.37 18.55 -5.85 18.99 18.86 -6.75 18.73 19.42 -4.51 19.11 18.46
5 24 -12.56 5.85 -6.36 -12.07 2.99 -7.58 -11.2 3.33 -7.51 -13.07 3.66 -6.93
5 24 -5.54 -4.61 -12.05 -3.29 -4.73 -12.75 -5.38 -5.09 -11.63 -3.54 -4.35 -13.21
5 24 -1.12 -7.24 -11.74 -0.07 -7.7 -11.17 -2.83 -7.41 -9.96 0.83 -7.46 -11.72
5 24 -7.25 24.38 23.22 -6.9 24.81 22.67 -7.57 23.99 22.92 -6.03 25.46 23.56
5 24 2.19 37.74 28.96 2.39 38.43 28.28 2.19 37.77 27.73 1.75 38.88 28.82
5 24 8.35 -5.3 13.98 7.2 -5.84 14.04 7.27 -5.47 14.73 7.72 -5.7 12.93
5 24 12.01 -5.29 -9.27 10.61 -4.35 -9.5 11.71 -4 -8.86 10.18 -4.78 -9.94
5 24 15.05 -1.43 -5.38 14.78 -1.75 -6.09 14.08 0.79 -6.57 15.05 -2.85 -4.67
5 24 5.41 -9.22 -9.17 5.56 -9.24 -8.35 4.31 -9.3 -9.01 6.93 -8.66 -9.19
5 24 -8.85 -5.98 -6.49 -7.46 -7.4 -6.82 -7.79 -6.62 -7.56 -8.6 -7.2 -5.58
5 24 11.36 5.67 11.29 11.75 4.96 10.27 12.1 6.63 9.76 10.48 4.67 11.98
5 24 -7.02 21.73 26.87 -7.66 22.52 25.48 -6.86 21.21 26.52 -7.31 22.62 26.57
5 24 0.22 5.1 28.16 -0.22 6.31 27.57 -0.4 6.8 28.9 -0.05 5.02 27.28
5 24 8.99 -3.61 14.96 7.72 -3.83 15.33 8.03 -4.59 14.78 6.8 -3.53 15.7
5 24 -7.32 15.53 24.68 -6.58 15.94 26.35 -7.31 15.24 26.49 -6.96 16.88 25.08
5 24 3.83 -6.41 14.81 4.72 -5.69 15.55 3.44 -5.89 15.93 4.58 -6.26 14.47
5 24 -8.14 5.8 20.45 -8.36 4.91 20.4 -8.93 6.46 20.74 -7.63 5.2 19.91
5 24 2.8 -9.96 7.2 1.88 -9.41 8.82 1.76 -10.17 7.71 2.68 -9.53 8.57
5 24 1.49 15.57 22.38 0.6 14.63 22.26 1.88 14.83 23.61 0.31 15.49 21.76
5 24 -2.62 12.56 30.02 -3.26 13.52 30.75 -2.38 14.17 30.17 -3.56 11.86 30.8
5 24 -4.56 41.57 31.04 -5.17 41 30.14 -5.25 41.36 30.16 -4.38 41.12 31.01
2 24 -10.6 -5.41 18.85 -10.97 -6.06 19.81
5 24 -5.98 12.68 30.19 -5.07 14.18 29.54 -4.94 13.52 30.45 -6.07 13.12 28.96
5 24 -0.71 28.25 21.1 -0.06 28.23 22.54 -0.34 29.05 22.1 -0.17 26.91 22.38
5 24 -1.68 -11.45 17.51 -2 -11.19 16.4 -1.4 -11.5 16.76 -2.74 -11.12 17.47
5 24 -6.03 -9.14 27.4 -6.8 -8.89 26.88 -6.44 -7.96 27.72 -6.48 -9.81 25.93
5 24 -6.21 26.11 23.91 -6.39 25.27 24.02 -6.56 25.76 24.22 -6.03 25.46 23.56
5 24 -12.62 1.89 -2.74 -12.47 8.35 -4.59 -11.86 6.21 -6.21 -12.88 8.77 -2.78
5 24 -4.65 0.87 -10.51 -6.27 2.87 -11.09 -4.87 2.89 -11.96 -7.38 2.56 -10.35
5 24 -11.24 -7.45 -2.72 -12.1 -6.49 -2 -12.04 -5.58 -2.99 -11.55 -6.97 -1.45
5 24 -8.8 0.53 19.92 -7.36 0.74 19.38 -7.65 1.91 19.85 -7.7 -0.43 19.74
5 24 -0.51 27.29 20.8 -1.43 27.42 19.63 -1.32 28.44 19.93 -1.81 26.44 19.53
5 24 13.48 -6.56 0.32 12.23 -6.17 1.87 14.35 -6.25 0.96 12.49 -6.28 0.77
5 24 1.75 38.88 28.82 2.19 37.74 28.96 1.48 37.76 29.56 2.39 38.43 28.28
5 24 -3.46 46.14 29.52 -3.62 46.09 30.82 -4.01 45.84 30.4 -3.11 46.22 30.77
5 24 1.5 39.51 28.31 0.85 39.96 27.87 0.59 39.88 28.5 0.87 39.54 27.03
5 24 -5.16 27.24 27.66 -4.99 26.35 27.65 -5.71 27.07 26.95 -4.03 26.36 28.38
5 24 -6.02 29.05 26.35 -6.48 28.6 25.45 -5.16 27.24 27.66 -5.99 31.04 25.44
5 24 -6.92 -2 30.45 -7.19 -2.85 29.77 -6.27 -2.36 30.73 -7.98 -2.06 29.49
5 24 14.29 3.72 6.9 15.31 1.93 5.86 14.31 2.14 7.15 15.58 3.63 5.6
5 24 0.83 -9.56 15.12 0.19 -10.2 14.96 0.18 -10.31 16.1 0.29 -9.86 14.54
5 24 -3.77 45.59 28.96 -2.47 46.12 28.99 -3.46 46.14 29.52 -2.62 45.61 28.36
5 24 -0.57 29.19 29.51 -0.78 29.93 29.75 -1.78 29.44 29.97 -0.3 29.89 28.87
5 24 -7.2 10.02 17.18 -7.86 9.61 15.74 -8.02 10.59 15.47 -7.34 9.18 16.79
5 24 7.42 16.06 11.98 9.07 16.02 10.8 8.73 16.42 10.49 8.7 14.94 12.12
5 24 2.81 8.24 17.01 1.25 7.21 17.56 3.16 7.43 16.95 1.01 8.19 17.62
5 24 14.98 8.65 3.99 14.81 8.04 5.59 14.93 7.67 4.23 14.82 8.93 6.13
5 24 -8.55 10.02 27.95 -7.26 9.96 28.79 -7.52 10.75 27.92 -8.09 9.59 28.84
5 24 -5.51 7.64 31.53 -4.18 8.88 31.39 -3.99 6.89 31.37 -6.06 8.79 31.13
5 24 2.75 -7.78 -12.94 3.47 -7.71 -11.56 2.15 -7.31 -11.79 3.93 -7.57 -13.41
5 24 13.77 -6.62 -1.23 13.06 -6.63 -0.52 12.7 -7.26 -0.96 14.16 -6.36 -0.96
5 24 -2.96 6.72 30.35 -1.89 7.36 30 -1.72 6.31 30.17 -2.7 7.75 30.14
5 24 12.1 6.63 9.76 10.82 6.24 11.87 11.36 5.67 11.29 10.91 6.95 11.47
5 24 -3.82 -10.11 -3.49 -5.5 -10.19 -2.16 -3.53 -10.43 -2.68 -5.68 -9.93 -2.96
5 24 15.14 -5.72 0.48 14.84 -6.18 0.19 14.98 -5.79 -0.43 14.35 -6.25 0.96
5 24 1.52 17.84 23.59 2.28 19.55 24.16 0.43 18.6 22.55 2.27 18.18 24.67
5 24 5.49 4.09 16.8 3.9 3.82 17.04 5.62 3.25 16.28 3.65 4.61 17.32
5 24 -1.85 5.42 22.86 -0.46 4.8 23.38 -1.49 4.6 23.03 -0.27 6.41 23.4
5 24 6.67 -8.43 4.35 6.36 -8.88 4.03 6.76 -8.76 2.48 5.7 -8.75 5.52
5 24 -16.13 4.44 -1.69 -16.18 4.93 -2.57 -16.06 4.13 -2.47 -16.06 4.64 -1.05
5 24 15.35 6.24 -2.37 15.27 7.28 -1.5 14.56 7.7 -3.8 15.76 6.4 -1.38
5 24 -6.93 -11.56 21.38 -7.54 -10.53 20.26 -6.57 -11.16 19.94 -8.58 -10.74 21.81
5 24 -8.85 2.55 29.31 -7.13 3 30.41 -9.03 3.57 30.09 -7.12 2.19 30.23
5 24 2.41 -7 -14.3 2.36 -5.92 -15.1 2.91 -6.82 -14.49 1.67 -6.01 -14.76
5 24 -3.7 34.74 22.56 -3.01 35.76 21.69 -3.71 35.77 22.51 -2.95 34.62 21.54
5 24 11.7 13.18 9.17 10.9 15.27 9.01 11.66 14.38 7.7 10.57 15.23 9.59
5 24 0.55 18.45 14.76 2.64 15.18 15.17 0.94 15.37 15.99 3.84 17.95 14.33
5 24 -6.86 -3.98 -12.11 -7.42 -4.4 -10.42 -5.54 -4.61 -12.05 -8.4 -3.48 -10.32
5 24 -10.27 -4.86 11.76 -9.67 -5.49 11.66 -9.9 -5.1 12.1 -9.96 -5.44 11.21
5 24 -9.03 3.57 30.09 -8.85 2.55 29.31 -7.13 3 30.41 -10.01 4.04 29.22
5 24 -7.59 -10.97 23.37 -6.38 -11.24 23.15 -5.4 -10.97 24.13 -6.93 -11.56 21.38
5 24 -14.83 8.15 7.88 -14.66 6.72 7.78 -14.64 7.44 9.06 -14.89 7.34 6.71
5 24 12.21 7.94 -5.05 13.12 7.91 -5.14 12.6 8.84 -3.61 12.4 6.13 -6.04
5 24 -3.42 6.06 30.6 -2.43 5.94 30.25 -3.02 5.51 30.64 -2.96 6.72 30.35
5 24 -3.66 5.03 31.39 -3.09 3.85 31.22 -2.71 4.73 30.4 -4.7 4.46 31.87
5 24 9.95 -7.84 0.08 10.35 -7.44 1.19 8.76 -8.06 1.09 11.41 -6.95 0.12
5 24 -13.37 -1.15 -6.65 -13.29 0.74 -7.44 -11.8 -1.3 -8.27 -13.6 -0.64 -6.36
5 24 -10.01 4.04 29.22 -9.03 3.57 30.09 -8.61 4.29 30.41 -8.85 2.55 29.31
5 24 0.22 5.1 28.16 -0.4 6.8 28.9 -0.22 6.31 27.57 -0.68 6.16 29.48
5 24 -0.82 42.14 30.38 -0.83 41.49 29.94 -0.65 42.03 29.46 -1.77 41.11 31.39
5 24 -4.62 40.57 30.18 -4.28 40.1 30.12 -4.55 40.02 27.87 -4.01 40.74 30.86
5 24 -3.33 1.4 -15.07 -3.29 2.22 -14.31 -1.99 2.24 -13.88 -4.48 1.27 -14.79
5 24 -4.83 22.83 27.93 -4.88 24.04 28.17 -5.49 23.48 27.59 -4.25 23.37 28.8
5 24 -7.8 -6.89 5.11 -10.28 -4.75 4.3 -9.33 -6.66 3.08 -8.51 -5.79 5.68
5 24 14.69 7.73 1.5 14.73 8.61 2.82 13.52 9.41 2.14 15.45 6.41 2.24
5 24 -10.2 0.97 28.83 -10.46 1.83 28.31 -10.39 0.86 27.89 -9.35 0.99 29.57
5 24 5.02 2.26 -11.86 7.08 2.14 -10.68 5.62 1.67 -12.47 4.78 2.31 -11.54
5 24 -12.32 -2.22 20.58 -8.81 -0.8 20.11 -9.91 -0.63 20.46 -10.21 -2.77 19.69
5 24 1.44 -5.67 19.92 1.74 -5.72 20.71 1.15 -4.39 20.82 1.3 -6.48 20.03
5 24 0.35 25.08 22.55 0.36 23.15 23.08 -0.55 23.55 22.32 1.34 22.71 23.46
5 24 3.79 33.53 26.8 3.56 31.56 26.74 3.31 33.2 24.48 3.15 32.31 27.68
5 24 -11.84 5.83 24.16 -12.33 4.79 24.57 -11.98 6.18 25.27 -11.66 4.5 23.9
5 24 -3.42 44.18 32.72 -2.55 43.82 32.89 -3.22 43.63 32.6 -2.88 44.86 32.97
5 24 -2.65 -6.32 28.03 -3.22 -5.58 28.33 -2.62 -5.14 28.31 -3.89 -6.15 28.46
5 24 1.13 -6.94 19.46 1.3 -6.48 20.03 1.06 -7.33 20.37 1.21 -6.92 18.77
5 24 3.86 -9.94 5.74 3.03 -10.17 5.25 4.42 -9.72 5.56 2.69 -9.99 6
5 24 -1.64 3.47 19.93 -0.38 2.93 19.66 -0.16 3.55 19.11 -1.6 2.71 20.78
5 24 -5.14 -9.67 12.52 -4.27 -10.31 13.05 -5.09 -10.06 13.24 -4.16 -9.96 12.44
5 24 -9.35 -7.31 26.31 -9.5 -8.15 25.72 -8.67 -7.98 26.68 -9.56 -6.76 25.76
5 24 -7.43 -1.42 17.08 -6.86 -0.88 18.44 -7.42 0.75 17.26 -7.21 -1.52 18.68
5 24 1.59 20.62 23.54 1.94 21.53 24.51 2.28 19.55 24.16 0.66 22.07 23.52
5 24 -9.33 -6.66 3.08 -7.9 -8.27 0.75 -9.88 -6.16 2.51 -7.43 -8.19 3.3
5 24 1.29 -5.55 -15.39 2.13 -5.48 -15.85 2.36 -5.92 -15.1 1.68 -4.17 -16.02
5 24 3.03 -5.96 16.75 3.35 -5.02 16.97 2.96 -5.32 17.39 3.39 -5.48 16.47
5 24 -2.81 45.28 32.52 -2.62 45.51 31.98 -3.26 45.1 31.93 -2.09 45.39 32.7
5 24 -2.61 -8.09 26.9 -2.13 -6.95 27.58 -1.43 -7.41 26.93 -2.9 -7.62 27.67
5 24 13.76 11.48 6.61 12.74 12.38 8.07 12.44 13.85 6.81 12.76 10.93 8.56
5 24 3.93 -7.57 -13.41 2.75 -7.78 -12.94 2.93 -7.52 -13.83 3.47 -7.71 -11.56
5 24 8.72 -8.34 -2.7 9.41 -8.14 -4.94 10.24 -7.58 -3.26 7.51 -8.89 -4.5
5 24 -3.05 2.05 12.73 -3.76 18.4 12.62 -1.77 18.85 13.48 -6.8 2.03 11.34
5 24 -7.38 2.56 -10.35 -4.65 0.87 -10.51 -6.27 2.87 -11.09 -7 0.87 -8.97
5 24 -5.33 33.17 22.53 -4.69 31.27 23.54 -5.48 30.76 21.87 -4.2 33.87 23.98
5 24 -7.66 22.52 25.48 -7.19 23.39 24.31 -7.72 23.25 25.29 -6.85 22.54 23.88
5 24 -14.65 6.44 9.99 -13.92 8.11 11.05 -13.58 7.02 11.39 -14.93 6.94 9.72
5 24 -10.71 -5.67 -6.01 -9.41 -5.45 -6.34 -10.63 -5.08 -6.22 -9.36 -5.88 -6.15
5 24 -11.48 -6.19 20.78 -11.72 -5.62 20.06 -10.97 -6.06 19.81 -11.61 -5.61 21.15
5 24 -0.23 45.98 30.53 0.13 45.55 30.42 -0.52 46.07 29.8 -0.9 45.01 31.8
5 24 -5.63 23.28 20.77 -4.93 22.66 20.13 -6.24 22.57 20.8 -4.94 23.53 20.08
5 24 -2.95 34.62 21.54 -2.02 35.81 21.54 -3.01 35.76 21.69 -1.83 34.22 21.22
5 24 -10.13 -7.02 15.67 -10.07 -6.99 16.45 -10.23 -6.21 16.34 -9.56 -7.96 15.71
5 24 -3.77 34.56 24.46 -4.83 34.74 25.61 -4.2 33.87 23.98 -3.96 35.3 25.29
5 24 -7.91 15.05 21.29 -8.52 14.46 21.99 -8.15 15.73 21.73 -8.33 14.12 21.54
5 24 -7.49 6.26 29.66 -9.49 5.35 29.59 -8.71 6.45 29.06 -8.61 4.29 30.41
5 24 2.27 18.18 24.67 1.69 16.92 25.25 1.52 17.84 23.59 1.9 18.43 25.96
5 24 -13.72 -4.76 -2.99 -13.69 -4.77 -1.93 -14.34 -4.06 -2.98 -12.54 -5.42 -2.31
5 24 4.44 -9 6.53 4.91 -9.17 5.29 5.36 -9.03 5.19 4.42 -9.72 5.56
5 24 3.02 -10.27 1.78 3.06 -10.17 2.91 2.6 -10.4 2.84 3.55 -9.76 2.62
5 24 -0.05 5.02 27.28 0.41 3.49 26.83 -0.13 3.42 27.88 0.49 4.9 25.98
5 24 8.85 -4.31 -12.26 10.08 -2.5 -11.59 8.82 -2.59 -12.79 9.94 -4.57 -10.87
5 24 -9.49 5.35 29.59 -8.61 4.29 30.41 -7.49 6.26 29.66 -10.01 4.04 29.22
5 24 2.39 30.8 24.63 1.94 30.76 23.33 2.92 29.96 23.97 1.62 32.2 24.37
5 24 7.76 14.27 12.66 6.58 14.44 13.09 7.18 14.1 13.23 6.36 15.09 12.85
5 24 3.78 14.44 15.2 0.94 15.37 15.99 2.22 13.52 16.51 2.64 15.18 15.17
5 24 1.96 -2.12 17.87 1.15 -2.02 18.58 1.65 -1.06 18.51 1.62 -2.52 18.34
5 24 15.75 6.28 1.09 15.27 7.28 -1.5 15.03 7.69 0.03 16.14 5.65 -0.25
5 24 1.8 17.2 26.7 2.03 18.14 26.99 1.5 17.81 27.93 1.59 17.2 26.2
5 24 -5.25 36.81 26.3 -5.57 37.14 26.98 -5.43 36.32 27.43 -5.03 37.37 26.22
5 24 9.21 -8.24 -9.49 9.7 -6.9 -10.01 7.78 -7.81 -10.46 10.16 -7.23 -9.06
5 24 3.4 28.2 24.46 3.42 28.96 26.19 3.6 27.64 25.22 3.42 29.59 25.18
5 24 0.85 -9.85 19.55 0.55 -8.97 20.62 0.15 -10.12 20.54 0.95 -8.6 19.64
5 24 -6.06 15.85 26.95 -7.22 14.88 27.33 -7.31 15.24 26.49 -5.56 14.96 28.29
5 24 15.68 -4.07 0.26 15.89 -2.71 -0.93 16.26 -4.7 -0.78 15.65 -2.94 -0.14
5 24 -6.94 12.56 18.65 -7.79 13.11 19.04 -6.38 13.26 18.05 -7.11 12.17 19.14
5 24 -1.19 -10.87 15.62 -1.4 -11.5 16.76 -0.02 -11.09 16.88 -2 -11.19 16.4
5 24 1.25 7.21 17.56 -0.11 7.45 18.48 1.01 8.19 17.62 1.5 6.31 17.51
5 24 -7 0.87 -8.97 -8.69 2.57 -9.34 -8.79 0.98 -7.34 -7.38 2.56 -10.35
5 24 1.32 -8.52 -6.46 3.29 -9.24 -8.77 4.77 -9.2 -6.73 2.21 -8.57 -10.01
5 24 -0.35 -9.75 5.82 -0.91 -9.68 6.02 0.52 -9.46 6.71 -0.51 -9.95 5.28
5 24 -2.62 12.56 30.02 -2.09 11.86 29.61 -3.56 11.86 30.8 -1.9 13.4 29.52
5 24 -10.02 6.4 21.61 -10.79 7.29 22.24 -10.42 6.14 22.55 -10.43 7.38 21.32
5 24 -1.52 -8.65 9.18 -1.63 -8.85 10.04 -0.55 -8.64 9.67 -3.26 -8.58 9.63
5 24 1.09 16.26 26.98 1.48 16.84 27.48 0.35 16.35 28.56 1.8 17.2 26.7
5 24 4.23 -7.64 13.44 3.69 -7.81 14.11 3.47 -8.32 13.53 3.76 -7.04 14.55
5 24 2.39 38.43 28.28 2.01 39.08 27.51 1.84 38.52 27.08 1.75 38.88 28.82
5 24 13.97 5.82 -5.63 15.16 4.71 -4.92 14.24 3.59 -5.85 15 5.9 -4.74
5 24 14.65 -4.58 -3.39 14.48 -5.35 -3.89 14.62 -5.3 -4.36 14.35 -6.02 -3.28
5 24 -9.72 8.34 26.06 -10.53 7.54 25.47 -10.55 7.94 25.37 -9.44 7.81 26.82
5 24 1.1 25.97 23.08 0.35 25.08 22.55 1.34 22.71 23.46 -0.11 26.09 22.45
5 24 1.57 36.62 29.11 1.27 37.03 29.68 2.19 37.74 28.96 0.53 36.29 29.22
5 24 -5.42 -11.54 21.69 -6.93 -11.56 21.38 -6.38 -11.24 23.15 -5.32 -11.22 20.08
5 24 0.77 2.64 -13.2 -0.17 2.66 -13.1 0.75 2.72 -12.65 -0.12 2.21 -13.87
5 24 -10.17 8.41 20.89 -10.01 9.21 21.24 -9.4 8.58 20.23 -10.35 8.61 22.85
5 24 -12.19 8.36 12.78 -12.81 8.38 12.71 -12.36 7.56 12.73 -12.2 9.06 12.6
5 24 -14.58 9.01 1.66 -14.15 9.94 2.89 -12.96 9.08 1.35 -14.78 9.54 3.1
5 24 -13.67 11.03 3.92 -14.15 9.94 2.89 -12.8 10.07 2.46 -14.05 10.52 4.14
5 24 -1.66 -0.49 22.08 -1.24 -1.87 20.5 -1.48 -0.62 19.81 -1.5 -1.74 22.05
5 24 -9.42 8.41 28.15 -9.26 7.55 28.08 -9.44 7.81 26.82 -8.9 7.96 29.12
5 24 -6.38 -11.24 23.15 -6.93 -11.56 21.38 -7.59 -10.97 23.37 -5.42 -11.54 21.69
5 24 -7.071 -2 -7.071 -8.79 .98 -7.34 -7 .87 -8.97 -10.87 .95 -5.01
5 24 0.11 34.47 23.45 -0.66 34.28 22.18 -0.25 31.97 22.16 -0.21 35.87 23.71
5 24 -7.43 17.25 18.9 -6.02 17.75 18.01 -6.75 18.73 19.42 -7.19 16.47 18.69
5 24 -6.92 -2 30.45 -7.47 -1.38 29.84 -7.98 -2.06 29.49 -5.46 -0.4 31.12
5 24 0.46 10.6 28.26 -0.43 11.58 29.04 -0.79 10.44 29.37 0.45 12.35 27.41
5 24 -12.82 -0.49 9.13 -13.35 -0.15 9.86 -13.11 0.29 9.26 -13.2 -0.92 10.29
5 24 -1.01 33.21 21.55 -2.11 33.45 20.67 -1.83 34.22 21.22 -1.27 32.59 20.49
5 24 -10.65 -6.68 -3.83 -11.24 -7.45 -2.72 -12.04 -5.58 -2.99 -10.45 -7.64 -3.24
5 24 -1.87 33.27 30.88 -2.42 33.99 30.99 -3.06 33.58 30.5 -1.66 34.55 31.06
5 24 0.74 -9.93 16.8 0.71 -10.79 17.52 1.11 -9.37 17.58 -0.02 -11.09 16.88
5 24 -12.45 14.84 9.65 -12.78 13.36 8.99 -12.6 14.19 8.55 -12.48 13.21 10.01
5 24 2.6 29.54 26.45 1.85 28.82 27.3 3.34 27.92 27.12 2.35 30.18 26.7
5 24 -11.08 -4.3 25.68 -10.18 -3.25 25.64 -10.19 -4.14 26.21 -10.99 -3.27 25.36
5 24 -12.32 -2.22 20.58 -10.21 -2.77 19.69 -8.81 -0.8 20.11 -12.1 -2.78 20.32
5 24 -10.74 10.14 25.16 -10.73 9.3 24.05 -10.27 10.11 24.32 -10.97 9.46 25.47
5 24 0.86 15.38 27.71 0.35 16.35 28.56 1.09 16.26 26.98 0.48 15.7 28.5
5 24 6.53 -8.58 -10.68 6.96 -7.97 -12.41 7.78 -7.81 -10.46 6.42 -8.58 -11.67
5 24 11.7 0.84 -9.02 11.75 2.26 -8.47 10.7 2.39 -8.93 13.05 0.51 -8.37
5 24 -10.6 16.47 9.77 -9.31 16.67 9.21 -9.5 16.8 10.71 -9.87 16.42 8.57
5 24 -4.69 -1.16 31.1 -5.46 -0.4 31.12 -6.27 -2.36 30.73 -3.67 -0.13 30.73
5 24 -12.57 -2.58 24.57 -12.4 -2.63 23.26 -12.08 -3.29 23.26 -12.28 -2.03 23.25
5 24 -1.63 -10.16 14.58 -2.85 -10.49 13.87 -1.79 -9.93 13.21 -2.59 -10.68 14.31
5 24 4.16 1.07 16.87 4.14 -1.62 16.3 4.98 1.61 16.22 3.18 0.17 17.21
5 24 2 -10.47 6.27 2.69 -9.99 6 2.45 -10.33 6.8 1.93 -10.26 5.89
5 24 -10.16 10.5 22.34 -10.17 10.1 22.87 -9.98 10.56 23.24 -10.17 10.02 22.02
5 24 9.28 -8.4 -8.28 9.21 -8.24 -9.49 10.16 -7.23 -9.06 8.65 -8.59 -8.92
5 24 14.15 10.2 5.05 14.09 10.17 6.12 14.05 10.74 5.23 14.7 9.42 5.94
5 24 14.22 -6.44 -0.29 14.16 -6.36 -0.96 14.98 -5.79 -0.43 12.86 -6.43 0.13
5 24 15.05 -2.85 -4.67 14.54 -3.96 -5.04 14.74 -4.07 -4.03 14.78 -1.75 -6.09
5 24 -4.38 19.14 29.3 -2.83 18.49 29.73 -3.94 18.06 29.18 -4.03 21.23 29.37
5 24 -0.39 13.46 18.92 -0.18 14.92 17.66 -0.36 14.64 19.67 0.28 13.16 17.54
5 24 0.31 15.49 21.76 -0.06 14.67 21.15 0.6 14.63 22.26 -0.27 15.47 20.91
5 24 -0.36 -0.96 28 -0.02 1.58 27.46 -0.12 -0.41 27.24 0.01 1.98 28.67
5 24 -0.71 28.25 21.1 -0.34 29.05 22.1 -1.32 29.19 20.29 -0.06 28.23 22.54
5 24 -10.06 -6.81 1.27 -10.52 -5.96 2.03 -9.88 -6.16 2.51 -11.22 -5.84 1.47
5 24 0.96 0.53 26.36 0.67 1.51 26.08 1.08 0.52 25.68 0.25 1.5 26.66
5 24 -7.08 -9.04 0.38 -7.96 -9.4 -0.85 -7.62 -8.59 0.36 -6.59 -9.82 -0.54
5 24 10.42 -5.18 8.75 11.1 -5.25 8.42 10.51 -5.73 7.91 10.88 -5 8.91
5 24 -15.18 8.69 6.92 -14.36 9.26 8.12 -14.54 9.92 7.16 -14.83 8.15 7.88
5 24 -3.96 35.3 25.29 -5.25 36.81 26.3 -5.03 37.37 26.22 -5.32 35.8 26.79
5 24 -8.26 17.46 21.86 -8.71 18.09 21.89 -8.28 17.63 22.56 -8.19 18.72 21.02
5 24 3.08 27.7 24.18 1.95 26.02 24.41 3.07 25.98 25.85 1.27 26.79 23.55
5 24 -7.88 6.04 17.83 -7.77 4.98 17.53 -8.53 5.98 16.51 -7.51 5.04 18.46
5 24 -2.99 -9.56 -3.91 -2.73 -10.05 -2.86 -2.17 -9.69 -3.18 -3.82 -10.11 -3.49
5 24 9.17 6.81 14.93 7.87 6.25 15.65 6.97 7.07 15.79 8.3 5.65 15.16
5 24 -5.39 30.14 21.54 -6.11 29.3 21.43 -5.19 29.47 23.68 -4.83 29.75 20.8
5 24 -12.36 7.56 12.73 -13.07 7.86 12.59 -12.81 8.38 12.71 -12.96 7.02 12.23
5 24 -3.35 28.47 28.57 -3.37 26.15 29.25 -2.52 27.66 29.93 -4.03 26.36 28.38
5 24 -7.61 -5.53 -8.57 -7.79 -6.62 -7.56 -8.73 -4.89 -8.24 -5.33 -7.72 -7.07
5 24 4.24 2.04 12.47 7.52 17.25 10.72 6.25 17.77 11.48 7.73 2.11 10.52
5 24 5 18.25 11.99 4.58 18.33 12.66 6.27 17.75 11.88 2.39 18.55 12.71
5 24 -11.61 -5.61 21.15 -11.72 -5.62 20.06 -11.99 -5.04 20.62 -11.48 -6.19 20.78
5 24 -7.57 23.99 22.92 -7.25 24.38 23.22 -7.4 23.98 23.7 -6.9 24.81 22.67
5 24 10.01 -5.47 11.73 11 -5.61 11.52 10.43 -4.97 12.37 11.03 -5.83 11.12
5 24 2.74 30.59 27.65 1.09 30.49 28.26 2.45 30.34 26.97 2.17 31.34 28.38
5 24 -12.01 13.59 4.98 -12.72 13.51 5.39 -12.4 14.44 6.46 -12.16 12.87 4.23
5 24 -7.04 -10.62 17.4 -7.01 -10.46 16.45 -6.2 -10.95 17.1 -7.82 -10.19 16.65
5 24 0.15 -10.12 20.54 0.85 -9.85 19.55 0.55 -8.97 20.62 0.31 -10.4 19.92
5 24 -1.39 45.26 28.35 -2.47 46.12 28.99 -2.62 45.61 28.36 -0.52 46.07 29.8
5 24 -7.96 3.55 17.56 -7.96 2.24 17.23 -8.66 3.66 16.53 -7.58 3.35 18.39
5 24 -7.27 2.14 18.97 -7.58 3.35 18.39 -7.25 2.66 19.05 -7.96 2.24 17.23
5 24 -0.49 24.92 19.74 -0.6 24.06 19.68 -1.66 24.99 18.52 -0.55 23.55 22.32
5 24 10.54 -8.58 -5.26 10.96 -8.52 -4.58 11.15 -8.11 -6 9.41 -8.14 -4.94
5 24 7.97 -7.87 2.82 8.76 -8.06 1.09 6.57 -8.65 -0.57 9.1 -7.35 3.86
5 24 -3.26 22.54 29.28 -4.03 21.23 29.37 -4.24 22.3 28.54 -1.83 21.19 29.95
5 24 0.73 33.08 23.65 3.31 33.2 24.48 2.63 34.73 24.14 1.62 32.2 24.37
5 24 -1.68 -9.36 10.53 -2.09 -10.1 12.07 -3.38 -9.05 10.15 -1.06 -9.44 10.75
5 24 -7.19 -2.85 29.77 -8.31 -3.32 29.49 -7.98 -2.06 29.49 -6.76 -4.15 29.42
5 24 4.77 0.68 -13.93 6.24 0.81 -12.92 5.49 -1.27 -14.2 5.62 1.67 -12.47
5 24 -2.83 -7.41 -9.96 -0.07 -7.7 -11.17 -2.54 -7.55 -8.62 -1.12 -7.24 -11.74
5 24 8.72 -8.34 -2.7 7.96 -8.56 -1.01 5.83 -9.05 -3.88 9.14 -8.08 -1.28
5 24 -5.56 15.82 17.94 -4.36 14.9 17.3 -4.46 16.23 17.24 -6.22 14.98 18.48
5 24 -6.98 17.63 11.07 -7.34 17.44 11.81 -5.98 17.69 12.48 -7.95 17.32 10.44
5 24 10.1 11.68 11.15 10.59 11.17 12.08 10.64 11.21 11.14 9.78 12.11 11.77
5 24 -1.61 41.42 25.89 -0.48 40.9 26.32 -1.26 42.03 26.22 -2 40.75 25.49
5 24 -8.02 10.59 15.47 -7.2 10.02 17.18 -7.19 10.59 17.33 -7.86 9.61 15.74
5 24 3.26 -8.67 12.02 4.13 -8.75 12.14 2.85 -8.93 11.37 3.6 -8.53 12.4
5 24 0.83 0.65 24.7 1.08 0.52 25.68 0.68 1.69 25 0.48 -0.29 24.7
5 24 -7.25 21.64 23.57 -6.65 21.55 24.76 -6.76 21.12 24.25 -6.85 22.54 23.88
5 24 -2.38 14.17 30.17 -2.62 12.56 30.02 -3.26 13.52 30.75 -1.9 13.4 29.52
5 24 2.28 19.55 24.16 2.27 18.18 24.67 1.52 17.84 23.59 1.89 20.1 25.87
5 24 -2.25 5.09 21.1 -1.99 4.39 19.83 -2.06 3.88 21.77 -2 5.77 19.89
5 24 -0.74 38.08 31.26 -0.13 38.45 30.74 -0.03 37.81 30.4 -0.96 38.92 31.33
5 24 -9.58 11.09 25.36 -8.34 12.64 25.74 -9.23 12.87 25.15 -8.47 11.22 25.74
5 24 -10.8 -8.12 22.98 -10.48 -6.92 24.13 -10.42 -7.67 23.71 -11.49 -7.06 22.21
5 24 -2.38 14.17 30.17 -1.36 14.68 29.6 -1.9 13.4 29.52 -1.87 15.49 29.79
5 24 -1.39 45.26 28.35 -0.35 44.81 28.74 -0.52 46.07 29.8 -1.48 44.01 27.95
5 24 -5.33 -9.59 0.86 -4.06 -9.71 1.76 -4.32 -10.42 1.06 -5.23 -8.8 1.98
5 24 7.071 -2 -7.071 8.06 1.26 -8.63 5.75 1.26 -10.3 9.56 1.35 -6.89
5 24 -13.07 3.66 -6.93 -12.56 5.85 -6.36 -13.74 5.4 -5.98 -12.07 2.99 -7.58
5 24 0.5 37.76 29.84 1.48 37.76 29.56 1.07 38.86 29 1.27 37.03 29.68
5 24 0.4 30.7 22.4 -0.48 31.17 20.51 0.1 29.69 22.21 -0.25 31.97 22.16
5 24 -9.79 -4.73 15.68 -9.44 -3.51 15.03 -9.43 -4.28 16.53 -9.72 -3.92 14.07
5 24 -7.62 19.9 21.06 -8.57 19.71 21.54 -8.33 20.2 21.72 -8.19 18.72 21.02
5 24 14.24 3.59 -5.85 15.16 4.71 -4.92 15.01 2.57 -5.1 13.97 5.82 -5.63
5 24 -5.14 42.2 29.53 -5.25 41.36 30.16 -5.01 40.98 27.55 -4.56 41.57 31.04
5 24 -0.11 41.4 26.95 0.32 40.64 27.54 -0.03 41.88 27.86 0.1 40.2 26.83
5 24 0.92 -6.63 23.28 1.125 -6.345 22.325 0.8 -6.89 23.84 1.14 -5.5 22.69
5 24 -2.13 -6.95 27.58 -2.65 -6.32 28.03 -2.9 -7.62 27.67 -1.96 -5.99 28.08
5 24 -4.46 33.25 20.6 -2.11 33.45 20.67 -2.95 34.62 21.54 -1.84 32.41 19.87
5 24 3.15 32.31 27.68 1.45 32.34 28.43 2.67 33.45 28.07 2.17 31.34 28.38
5 24 -12.05 -5.97 -1.26 -12.54 -5.42 -2.31 -12.48 -5.21 -1.4 -12.1 -6.49 -2
5 24 -9.5 -8.15 25.72 -9.52 -8.08 24 -9.77 -7.12 24.94 -9.22 -8.83 24.94
5 24 4.93 -7.99 -11.13 5.3 -8.1 -12.13 5.55 -8.53 -11.56 4.64 -7.58 -11.86
5 24 -7.66 -8.56 13.45 -7.89 -8.35 12.39 -6.64 -8.93 13.04 -8.48 -8.08 13.59
5 24 -14.66 10.43 9.04 -14.33 10.06 8.45 -14.42 10.04 9.65 -13.96 11.06 8.18
5 24 -15.58 1.13 0.51 -15.42 0.63 -0.31 -15.11 0.03 -0.22 -15.5 1.34 -0.76
5 24 -10.28 -6.02 25.25 -10.48 -6.92 24.13 -11.01 -6.22 24.67 -9.77 -7.12 24.94
5 24 -11.9 -0.74 26.16 -11.05 -0.56 26.57 -11.36 -2.24 26.02 -11.3 -0.05 26.43
5 24 -10.01 9.21 21.24 -10.35 8.61 22.85 -10.21 9.43 22.55 -10.17 8.41 20.89
5 24 4.14 -1.62 16.3 4.98 1.61 16.22 5.85 1.74 15.71 4.16 1.07 16.87
5 24 -9.56 -6.76 25.76 -9.5 -8.15 25.72 -9.77 -7.12 24.94 -9.35 -7.31 26.31
5 24 -11.66 4.5 23.9 -11.32 4.16 23.4 -11.18 5.46 23.57 -11.49 3.75 24.28
5 24 2.81 8.24 17.01 2.19 9.48 16.82 1.01 8.19 17.62 3.3 8.63 16.74
5 24 3.49 -9.72 -0.39 4.62 -9.71 0.17 3.61 -9.52 -1.87 3.49 -10.16 1.19
5 24 2.09 15.69 24.86 1.52 13.46 25.12 1.05 13.94 25.75 1.88 14.83 23.61
5 24 -0.27 15.47 20.91 0.56 16.18 21.74 0.16 16.34 20.68 0.31 15.49 21.76
5 24 -5.63 13.96 16.6 -6.38 13.26 18.05 -5.96 13.96 17.83 -5.92 12.75 16.72
5 24 15.57 1.31 -4.3 16.33 2.07 -3 15.9 3.52 -4.05 15.62 -1.67 -2.79
5 24 -1.61 -6.57 27.76 -2.13 -6.95 27.58 -1.43 -7.41 26.93 -1.96 -5.99 28.08
5 24 -5.43 36.32 27.43 -5.49 38.07 28.43 -4.77 37.48 29.66 -5.57 37.14 26.98
5 24 1.22 18.88 28.27 0.57 17.46 28.77 0.79 19.79 28.4 1.5 17.81 27.93
5 24 7.73 2.11 10.52 8.39 16.69 10.18 7.52 17.25 10.72 9.49 16.14 9.21
5 24 5.75 1.26 -10.3 8.06 1.26 -8.63 7.071 -2 -7.071 6.98 2.2 -10.35
5 24 11.06 1.99 7.37 7.071 -2 7.071 9.239 -2 3.827 7.73 2.11 10.52
5 24 14.56 7.7 -3.8 15.43 5.99 -3.75 15.35 6.24 -2.37 15 5.9 -4.74
5 24 -6.98 23.92 24.52 -6.39 25.27 24.02 -6.99 24.04 24.96 -7.25 24.38 23.22
5 24 6.93 -8.66 -9.19 5.41 -9.22 -9.17 7.03 -8.4 -9.95 5.56 -9.24 -8.35
5 24 -12.9 2.05 -7.56 -11.21 2.57 -8.13 -11.37 1.07 -8.73 -12.07 2.99 -7.58
5 24 -7.45 14.53 18.81 -7.58 15.29 19.62 -8.3 14.38 20.26 -6.86 15.42 18.93
5 24 0.46 24.34 28.7 1.2 23.05 28.72 -0.49 22.94 29.05 1.23 23.98 28.42
5 24 -14.69 7.82 9.85 -14.24 8.46 9.13 -14.21 9.16 9.45 -14.64 7.44 9.06
5 24 2.17 37.01 28.5 2.19 37.74 28.96 1.57 36.62 29.11 2.19 37.77 27.73
5 24 15.05 -2.85 -4.67 15.62 -1.67 -2.79 14.92 -3.76 -3.12 15.05 -1.43 -5.38
5 24 -5.63 23.28 20.77 -6.36 24.39 21.34 -6.24 22.57 20.8 -5.59 24.43 21.29
5 24 0.59 39.88 28.5 0.32 40.64 27.54 0.85 39.96 27.87 0.27 40.89 28.55
5 24 -4.48 1.27 -14.79 -3.33 1.4 -15.07 -3.68 -0.28 -15.64 -3.29 2.22 -14.31
5 24 -0.57 19.24 19.99 -0.93 18.35 18.42 -1.33 19.3 18.67 -0.05 18.31 20.08
5 24 -7.01 -10.46 16.45 -6.21 -10.65 15.29 -7.09 -9.82 14.67 -6.49 -10.79 16.21
5 24 -0.6 24.06 19.68 -0.61 23.33 19.58 -1.71 23.37 18.57 -0.21 22.79 20.91
5 24 -7.42 -8.9 -4.76 -8.31 -8.41 -5.14 -8.47 -8.68 -4.37 -7.2 -7.97 -5.82
5 24 3.84 17.95 14.33 5.21 14.9 13.89 3.76 15.12 14.74 6.36 15.09 12.85
5 24 8.82 -2.59 -12.79 6.88 -1.24 -13.23 8.26 -0.39 -12.73 7.16 -4.05 -13.22
5 24 -8.74 18.88 21.58 -8.71 18.09 21.89 -8.19 18.72 21.02 -8.74 19.37 22.93
5 24 -9.57 -7.87 18.52 -9.02 -8.37 17.79 -9.42 -8.8 18.7 -9.29 -7.8 18.07
5 24 9.239 -2 3.827 12.43 1.98 3.95 10 -2 0 11.06 1.99 7.37
5 24 -9.93 2.76 -8.24 -9.08 2.31 -9.63 -10.18 2.64 -8.4 -8.69 2.57 -9.34
5 24 -0.7654 -9.5 0.1522 -1.37 -10.57 0.09 -1.4142 -9.5 0.5858 0.27 -10.26 -0.35
5 24 -7.02 21.73 26.87 -6.45 20.88 27.32 -6.86 21.21 26.52 -6.2 21.97 27.69
5 24 0.51 7.85 22.59 0.99 8.25 23.52 0.01 8.78 22.64 0.73 7.12 23.03
5 24 -11.04 -1.81 13.76 -10.61 -0.8 13.96 -10.27 -1.63 14.08 -11.53 -1.87 13.2
5 24 -14.36 11.65 5.64 -14.5 10.99 5.44 -14.33 11.08 7.3 -13.61 12.18 4.59
5 24 -16.28 6.31 0.96 -15.61 5.91 2.45 -16.08 7.11 1.73 -15.6 4.39 0.77
5 24 1.01 -0.68 26.61 1.08 0.52 25.68 0.79 -1.14 25.37 0.96 0.53 26.36
5 24 -12.53 -1.83 21.29 -12.07 -1.12 21.75 -12.17 -1.5 22.21 -12.32 -2.22 20.58
5 24 0.83 12.79 22.98 1.48 12.59 24.69 1.31 12.14 23.08 1.31 13.95 23.57
5 24 -2.09 11.86 29.61 -1.9 13.4 29.52 -2.62 12.56 30.02 -1.27 12.81 28.96
5 24 -3.58 16.22 30.12 -2.31 16.59 30.27 -2.83 18.49 29.73 -1.87 15.49 29.79
5 24 -5.55 0.97 -14.62 -6.31 0.25 -14.24 -6.05 1.89 -13.51 -5.7 -0.31 -15
5 24 -6.03 -9.14 27.4 -5.41 -10.45 26.45 -6.48 -9.81 25.93 -5.38 -9.55 27.47
5 24 3.08 27.7 24.18 3.6 27.64 25.22 3.4 28.2 24.46 3.07 25.98 25.85
5 24 -0.03 37.81 30.4 -0.74 38.08 31.26 -0.13 38.45 30.74 -0.98 36.42 30.67
5 24 0.19 -3.65 25.87 -0.3 -3.53 26.62 -0.7 -4.23 26.34 0.69 -1.64 26
5 24 -11.85 -2.77 25.47 -12.57 -2.58 24.57 -11.48 -3.68 24.75 -12.89 -1.34 24.74
5 24 -10.27 -1.63 14.08 -11.04 -1.81 13.76 -10.61 -0.8 13.96 -10.37 -2.59 13.72
5 24 -8.37 1.36 16.48 -10.61 1.84 14.59 -9.82 -0.69 14.93 -8.66 3.66 16.53
5 24 -11.56 -3.57 10.17 -11.29 -3.43 9.58 -10.81 -4.21 9.48 -11.52 -2.76 9.78
5 24 -9.64 -5.29 17.16 -10.38 -5.05 18.13 -9.96 -4.37 18.62 -10.1 -6.03 17.36
5 24 -0.7 1.89 20.11 -0.91 1.05 20 1.63 1.24 19.2 -1.46 1.97 20.83
5 24 0.21 -1.15 27.02 0.43 -2.96 27.8 -0.3 -3.53 26.62 0.43 -2.13 28.01
5 24 -4.14 44.67 29.67 -4.01 45.84 30.4 -3.77 45.59 28.96 -3.7 44.93 31.26
5 24 10.89 -2.11 12.64 10.4 1.02 13.01 8.96 0.8 13.65 11.53 -2.27 11.73
5 24 0.29 -9.86 14.54 -0.62 -10.29 14.7 -0.44 -9.92 14.09 0.19 -10.2 14.96
5 24 -8.85 -5.98 -6.49 -8.73 -4.89 -8.24 -9.1 -5.26 -6.89 -7.79 -6.62 -7.56
5 24 -15.75 -1.17 -1.66 -15.83 -0.79 -2.47 -15.92 -0.42 -1.32 -15.6 -1.36 -2.62
5 24 0.77 2.64 -13.2 3.53 2.29 -12.6 0.96 2.16 -14.03 0.75 2.72 -12.65
5 24 -0.43 -10.48 15.46 -0.62 -10.29 14.7 0.19 -10.2 14.96 -1.19 -10.87 15.62
5 24 -8.2 3.37 20.9 -7.53 4.53 20 -7.24 3.19 20.3 -8.36 4.91 20.4
5 24 0.38 10.62 22.52 0.26 11.82 22.13 1.24 11.54 22.75 -0.54 11.53 21.98
5 24 -14.99 -2.93 -1.43 -15.03 -2.15 -1.6 -14.61 -1.88 -0.84 -14.86 -3.2 -2.21
5 24 -10.4 4.43 21.55 -10.7 4.94 22.75 -10.02 6.4 21.61 -11.15 3.65 22.51
5 24 11.98 -4.82 11.11 11.03 -5.83 11.12 11 -5.61 11.52 11.74 -5.38 10.3
5 24 -8.27 -2.6 16.93 -8.75 -2.37 15.58 -8.94 -3.08 15.99 -7.43 -1.42 17.08
5 24 -9.78 16.6 11.12 -9.5 16.8 10.71 -10.81 16.34 10.32 -7.34 17.44 11.81
5 24 -10.08 3.54 26.93 -11.02 4.92 26.13 -11.17 3.46 26.47 -10.04 5.13 26.7
5 24 10.91 -7.12 -1.73 10.24 -7.58 -3.26 10.95 -7.24 -2.31 8.72 -8.34 -2.7
5 24 11.36 5.67 11.29 9.75 5.44 13.72 10.4 6.26 12.59 10.48 4.67 11.98
5 24 -5.48 30.76 21.87 -4.69 31.27 23.54 -4.78 30.31 23.79 -5.33 33.17 22.53
5 24 5.87 -5.4 14.96 4.58 -6.26 14.47 4.72 -5.69 15.55 5.71 -6.02 14.13
5 24 12.91 10.28 8.27 13.18 9.67 8.11 13.91 10.7 6.37 12.63 9.33 9.09
5 24 0.71 -10.79 17.52 1.11 -9.37 17.58 0.74 -9.93 16.8 1.12 -10.35 18.3
5 24 -5.27 -2.68 30.69 -4.69 -1.16 31.1 -4.2 -2.1 30.71 -6.27 -2.36 30.73
5 24 -11.43 -5.76 25.01 -10.17 -5.1 26.28 -10.28 -6.02 25.25 -11.08 -4.3 25.68
5 24 -6.02 29.05 26.35 -5.87 30.86 26.38 -5.99 31.04 25.44 -4.14 30.03 27.41
5 24 -4.36 15.69 15.67 -4.62 16.9 14.98 -5.56 15.32 15.06 -3.5 16.98 15.86
5 24 -15.22 4.9 4.16 -15.35 6.81 3.72 -15.63 3.05 2.07 -14.94 6.42 5.25
5 24 -2.25 5.09 21.1 -1.85 5.42 22.86 -2.06 3.88 21.77 -1.91 6.49 22.63
5 24 -9 12.02 21.37 -8.94 13.1 21.01 -9.03 11.83 22.15 -8.81 12.63 20.76
5 24 -4.55 40.02 27.87 -4.28 40.1 30.12 -4.62 40.57 30.18 -4.36 39.58 27.9
5 24 -8.02 -2.69 18.56 -7.7 -2.13 17.68 -7.21 -1.52 18.68 -8.27 -2.6 16.93
5 24 -10.81 -4.21 9.48 -9.75 -4.83 8.79 -10.61 -3.94 8.66 -10.57 -5.19 9.95
5 24 -6.06 8.79 31.13 -5.03 9.64 31.28 -4.18 8.88 31.39 -5.56 10.23 30.45
5 24 -6.2 21.97 27.69 -6.45 20.88 27.32 -5.4 20.74 27.74 -7.02 21.73 26.87
5 24 -1.83 21.19 29.95 -0.49 22.94 29.05 -0.23 21.6 28.68 -2.04 22.79 29.59
5 24 1.93 -10.2 3.74 2.66 -10.08 3.61 2.26 -10.12 3.22 2.42 -10.12 4.38
5 24 -3.94 18.06 29.18 -4.38 17.15 29.33 -4.74 17.77 28.21 -2.83 18.49 29.73
5 24 -0.29 20.52 22.24 -0.29 19.28 21.28 -0.08 19.46 22.31 -0.22 20.55 20.96
5 24 -14.41 3.73 5.42 -14.4 3.16 6.56 -14.67 4.59 5.36 -14.28 2.77 5.51
5 24 -5.68 -9.93 -2.96 -3.82 -10.11 -3.49 -5.5 -10.19 -2.16 -5.75 -9.19 -3.78
5 24 -4.04 -9.22 -4.29 -6.54 -8.66 -5.12 -5.75 -9.19 -3.78 -5.33 -7.72 -7.07
5 24 2.22 13.52 16.51 4.09 12.81 14.79 2.33 11.96 15.95 3.78 14.44 15.2
5 24 -13.02 14.02 7.79 -13.38 13.49 7.21 -12.98 14.04 6.71 -13.21 12.29 8.99
5 24 -4.04 -11.27 16.61 -4.17 -11.55 17.11 -5.47 -11.46 17.16 -3.12 -11.06 16.44
5 24 12.21 12.87 8.63 12.74 12.38 8.07 12.58 12.22 8.67 12.44 13.85 6.81
5 24 -10.82 -1.66 -9.09 -11.43 -1.94 -8.51 -11.8 -1.3 -8.27 -10.72 -3.45 -8.34
5 24 3.87 -8.89 -4.05 2.62 -9.88 -2.62 2.95 -8.84 -5.1 3.61 -9.52 -1.87
5 24 10.4 -5.2 9.55 9.6 -5.39 9.61 10.03 -5.39 9.95 10.42 -5.18 8.75
5 24 -14.47 -2.93 -3.06 -14.34 -4.06 -2.98 -13.93 -3.6 -3.64 -14.86 -3.2 -2.21
5 24 1.12 -10.35 18.3 0.67 -10.95 18.83 0.92 -10.48 19.16 0.71 -10.79 17.52
5 24 -7.71 18.7 25.14 -7.27 18.82 24.18 -7.24 19.8 24.69 -7.13 17.77 24.53
5 24 2.51 23.39 24.48 2.33 24.54 24.27 2.29 24.63 25.14 2.15 22.67 23.85
5 24 -7.68 19.15 25.72 -7.71 18.7 25.14 -6.89 17.5 26.81 -7.24 19.8 24.69
5 24 7.76 14.27 12.66 9.35 12.28 12.3 8.7 14.94 12.12 8.93 12.12 12.69
5 24 1.55 -6.69 20.93 0.91 -7.74 21.2 1.21 -7 21.76 1.06 -7.33 20.37
5 24 -9.03 11.83 22.15 -8.94 13.1 21.01 -8.73 12.66 22.29 -9 12.02 21.37
5 24 9.57 -6.8 -11.52 10.04 -6.07 -11.3 9.58 -6.79 -10.56 9.08 -5.65 -12.25
5 24 -12.54 -3.8 22.39 -12.98 -2.91 22.22 -12.57 -4.05 21.91 -12.08 -3.29 23.26
5 24 -10.37 -2.59 13.72 -11.04 -1.81 13.76 -10.27 -1.63 14.08 -11.15 -2.69 13.12
5 24 -14.78 9.54 3.1 -15.2 8.91 3.2 -15.3 8.66 1.91 -14.46 9.75 4.35
5 24 -10.07 -6.99 16.45 -9.51 -7.76 16.6 -10.01 -6.67 17.52 -9.56 -7.96 15.71
5 24 0.98 -10.83 4.85 0.48 -10.68 4.4 0.08 -10.52 4.98 1.43 -10.86 4.32
5 24 9.7 -6.9 -10.01 10.19 -6.04 -10.01 10.16 -7.23 -9.06 9.58 -6.79 -10.56
5 24 -13.6 -0.64 -6.36 -13.78 0.28 -6.23 -13.29 0.74 -7.44 -13.76 -0.7 -5.71
5 24 1.93 -10.26 5.89 2 -10.47 6.27 1.07 -10.06 6.33 2.69 -9.99 6
5 24 -12.09 -5.59 23.03 -11.82 -5.05 22.63 -11.58 -6.13 21.81 -11.57 -3.92 23.96
5 24 -4.14 44.67 29.67 -3.77 45.59 28.96 -3.77 44.6 28.74 -4.01 45.84 30.4
5 24 -7.41 -9.62 -2.25 -8.39 -9.23 -1.68 -7.06 -9.94 -1.38 -7.58 -9.08 -2.81
5 24 -7.36 0.74 19.38 -7.01 -0.73 19.26 -6.97 0.84 18.85 -7.7 -0.43 19.74
5 24 -8.26 17.46 21.86 -7.86 18.01 20.81 -8.19 18.72 21.02 -8.07 17.47 21.38
5 24 -4.83 22.83 27.93 -6.2 21.97 27.69 -5.09 21.76 27.94 -5.49 23.48 27.59
5 24 -14.68 3.41 10.31 -15.09 4.02 9.45 -14.57 4.04 10.45 -15.02 3.06 9.28
5 24 -11.17 3.46 26.47 -11.67 4.53 25.6 -11.02 4.92 26.13 -12.01 3.15 25.79
5 24 12.1 6.63 9.76 11.75 4.96 10.27 12.02 4.98 9.57 11.36 5.67 11.29
5 24 1.2 23.05 28.72 2.18 23.3 27.79 1.23 23.98 28.42 2.24 22.12 27.65
5 24 -9.42 -8.8 18.7 -9.02 -8.37 17.79 -9.57 -7.87 18.52 -8.31 -9.51 18.09
5 24 -14.34 -4.06 -2.98 -14.58 -3.74 -1.26 -14.86 -3.2 -2.21 -13.69 -4.77 -1.93
5 24 4.64 5.83 16.56 4.22 6.6 16.87 5.33 5.91 16.36 3.6 6.11 17.12
5 24 -6.68 23.88 26.28 -6.87 25.09 26.69 -6.97 24.07 25.6 -5.49 23.48 27.59
5 24 -2.83 -1.99 29.5 -1.53 -3.1 29.33 -1.2 -2.04 29.34 -3.85 -3.44 29.42
5 24 -12.98 14.04 6.71 -13.02 14.02 7.79 -13.38 13.49 7.21 -12.4 14.44 6.46
5 24 -14.36 9.26 8.12 -14.33 10.06 8.45 -14.54 9.92 7.16 -14.21 9.16 9.45
5 24 9.41 -8 -6.72 9.28 -8.4 -8.28 8.4 -8.44 -7.28 10.1 -7.63 -7.33
5 24 5.56 -4.05 15.73 7.72 -3.83 15.33 5.84 -5.01 15.29 6.8 -3.53 15.7
5 24 -9.08 -8.26 -1.29 -7.96 -9.4 -0.85 -8.39 -9.23 -1.68 -7.62 -8.59 0.36
5 24 9.54 -8.11 -5.95 8.4 -8.44 -7.28 7.65 -9.05 -5.55 9.41 -8 -6.72
5 24 0.16 16.34 20.68 0.62 17.11 21.65 0.43 17.28 20.36 0.56 16.18 21.74
5 24 -1.95 30.03 30.27 -1.78 29.44 29.97 -0.78 29.93 29.75 -2.81 29.65 29.73
5 24 10.59 11.17 12.08 10.12 11.53 12.73 10.68 10.78 12.49 9.78 12.11 11.77
5 24 12.1 6.63 9.76 13.91 7.21 8.25 13.28 6.2 7.91 12.42 7.44 9.74
5 24 -3.26 45.1 31.93 -2.81 45.28 32.52 -2.62 45.51 31.98 -3.56 44.54 32.58
5 24 1.24 -4.5 23.15 0.61 -4.15 22.25 0.39 -2.93 23.3 0.94 -4.65 22.53
5 24 -1.34 2.06 29.96 -0.87 2.79 29.42 -2.7 3.53 30.16 -0.79 1.17 29.65
5 24 1.16 39.05 26.7 0.31 39.13 26.26 1.1 38.55 26.26 0.87 39.54 27.03
5 24 -9.24 15.76 12.93 -7.34 17.44 11.81 -9.78 16.6 11.12 -7.74 16.47 13.11
5 24 1.11 -9.37 17.58 1.38 -8.42 16.68 1.3 -7.72 17.6 0.74 -9.93 16.8
5 24 -0.17 26.91 22.38 1.1 25.97 23.08 -0.11 26.09 22.45 1.27 26.79 23.55
5 24 -9.44 -7.03 14.37 -10.03 -5.99 14.32 -9.76 -6.6 13.71 -9.74 -6.65 15.02
5 24 -10.07 -6.99 16.45 -10.23 -6.21 16.34 -10.01 -6.67 17.52 -10.13 -7.02 15.67
5 24 9.6 -5.39 9.61 7.64 -6.44 10.48 9.68 -5.46 8.86 9.28 -5.61 10.86
5 24 1.88 -9.58 11.02 1.02 -9.28 11.2 1.57 -9.67 10.07 1.99 -9.05 11.75
5 24 0.23 16.23 19.55 -0.7 16.57 17.19 -0.03 15.64 18.53 -1.41 17.15 17.01
5 24 5.49 -1.27 -14.2 5.78 -3.81 -13.99 4.59 -3.23 -14.33 6.88 -1.24 -13.23
5 24 -10.42 -7.67 23.71 -10.48 -6.92 24.13 -10.8 -8.12 22.98 -9.77 -7.12 24.94
5 24 10.96 -8.52 -4.58 9.41 -8.14 -4.94 10.24 -7.58 -3.26 10.54 -8.58 -5.26
5 24 12.03 -0.85 -9.58 10.66 -2.13 -10.17 12.05 -2.07 -9.48 10.51 -0.75 -10.4
5 24 10.24 -7.58 -3.26 10.96 -8.52 -4.58 11.02 -7.32 -3.06 9.41 -8.14 -4.94
5 24 11.98 -4.82 11.11 11 -5.61 11.52 11.73 -4.22 12.01 11.03 -5.83 11.12
5 24 -8.19 16.62 22.05 -8.26 17.46 21.86 -7.84 16.92 21.33 -8.28 17.63 22.56
5 24 0.35 16.35 28.56 1.48 16.84 27.48 0.57 17.46 28.77 1.09 16.26 26.98
5 24 9.49 16.14 9.21 10.52 15.69 8.67 9.74 15.89 9.51 10.29 15.9 8.31
5 24 -11.9 -0.74 26.16 -11.3 -0.05 26.43 -12.7 -0.77 25.38 -11.05 -0.56 26.57
5 24 -8.04 6.85 29.65 -7.35 9.21 29.41 -8.9 7.96 29.12 -7.11 7.4 29.91
5 24 4.14 -1.62 16.3 3.89 -2.39 16.45 5.18 -1.98 15.84 3.09 -1.39 17.02
5 24 -7.04 -10.62 17.4 -7.82 -10.19 16.65 -7.01 -10.46 16.45 -7.65 -10.29 17.79
5 24 0.87 39.54 27.03 1.5 39.51 28.31 0.85 39.96 27.87 2.01 39.08 27.51
5 24 -7.24 3.19 20.3 -7.25 2.66 19.05 -7.14 3.19 19.14 -7.65 1.91 19.85
5 24 -4.28 34.56 28.17 -5.44 36.01 27.69 -4.78 35.66 29.58 -5.21 34.84 26.78
5 24 -2.54 40.1 25.21 -2.71 39.62 25.22 -1.38 38.98 24.88 -3.56 40.16 26.03
5 24 -4.28 34.56 28.17 -4.78 35.66 29.58 -3.69 34.98 29.63 -5.44 36.01 27.69
5 24 -0.23 13.61 20.29 -0.06 14.67 21.15 0 13.42 22.23 -0.36 14.64 19.67
5 24 7.73 2.11 10.52 7.071 -2 7.071 3.827 -2 9.239 11.06 1.99 7.37
5 24 4.62 -9.71 0.17 4.56 -9.69 1.67 3.49 -10.16 1.19 6.36 -8.88 4.03
5 24 0.67 1.51 26.08 0.25 1.5 26.66 0.51 2.32 26.72 0.96 0.53 26.36
5 24 10.54 -8.58 -5.26 9.41 -8.14 -4.94 10.96 -8.52 -4.58 10.37 -8.35 -6
5 24 15 5.9 -4.74 13.12 7.91 -5.14 14.56 7.7 -3.8 13.97 5.82 -5.63
5 24 -7.13 -8.78 1.07 -6.65 -8.73 2.35 -6.03 -9.01 1.29 -7.43 -8.19 3.3
5 24 -5.77 20.51 18.74 -6.6 20.77 19.69 -6.7 20.17 19.39 -5.62 21.15 18.96
5 24 -7.9 -7.54 4.13 -7.43 -8.19 3.3 -6.75 -8.2 3.84 -9.33 -6.66 3.08
5 24 -10.39 0.86 27.89 -10.25 0.15 26.94 -10.29 1.38 26.87 -10.08 -0.33 27.92
5 24 -14.93 3.6 -5.04 -14.65 2.4 -4.88 -14.34 3.4 -5.91 -15.09 2.69 -4.1
5 24 2.14 2.86 18.07 1.45 2.72 18.83 1.54 3.6 18.29 2.1 1.39 18.38
5 24 6.35 -6.59 -13.44 5.73 -6.62 -13.83 5.39 -6.98 -13.33 6.99 -5.78 -13.71
5 24 -0.6 24.06 19.68 -1.71 23.37 18.57 -1.66 24.99 18.52 -0.61 23.33 19.58
5 24 10.52 15.69 8.67 10.9 15.27 9.01 11.36 14.84 7.33 10.57 15.23 9.59
5 24 -9.03 3.57 30.09 -8.61 4.29 30.41 -7.13 3 30.41 -10.01 4.04 29.22
5 24 -7.79 13.11 19.04 -7.11 12.17 19.14 -6.94 12.56 18.65 -8.18 12.19 20
5 24 -1.95 30.03 30.27 -2.13 30.87 30.41 -1.15 31.3 30.34 -2.81 29.65 29.73
5 24 -0.48 20.1 19.74 -1.22 20.74 18.27 -1.33 19.3 18.67 -0.24 20.89 19.34
5 24 -6.06 8.79 31.13 -5.51 7.64 31.53 -4.18 8.88 31.39 -6.68 7.5 30.86
5 24 -7.82 -10.19 16.65 -8.39 -9.33 16.03 -8.48 -9.45 16.9 -7.7 -9.8 15.54
5 24 0.71 -6.74 -12.45 0.83 -7.46 -11.72 1.43 -7.1 -12.17 -0.23 -6.59 -12.36
5 24 -0.46 12.76 21.16 -0.95 11.88 19.92 -1.03 11.99 21.17 -0.57 12.67 19.51
5 24 11.84 -7.49 -2.02 11.91 -7.44 -3.44 12.28 -7.56 -2.91 11.02 -7.32 -3.06
5 24 -2.02 35.81 21.54 -3.01 35.76 21.69 -2.97 36.57 22.2 -2.95 34.62 21.54
5 24 -0.35 14.01 29.05 -0.04 12.87 28.23 -1.27 12.81 28.96 0.74 12.91 27.62
5 24 -6.16 25.46 27.63 -6.6 25.95 27 -4.99 26.35 27.65 -6.87 25.09 26.69
5 24 -14.67 4.59 5.36 -14.92 3.11 4.28 -15.22 4.9 4.16 -14.41 3.73 5.42
5 24 2.41 -7 -14.3 1.21 -6.43 -13.86 1.67 -6.01 -14.76 2.39 -7.54 -13.34
5 24 -6.44 -5.36 29.58 -6.7 -6.74 28.44 -7.16 -5.88 28.65 -5.52 -6.36 29.39
5 24 2.6 29.54 26.45 2.39 30.8 24.63 3.42 29.59 25.18 2.46 30.76 25.85
5 24 -2.09 11.86 29.61 -3.56 11.86 30.8 -3.37 10.84 30.47 -2.62 12.56 30.02
5 24 1.35 -9.16 8.91 1.76 -10.17 7.71 1.88 -9.41 8.82 0.65 -9.4 7.61
5 24 -0.87 2.79 29.42 -1.67 4.22 29.41 -0.85 3.66 28.83 -2.7 3.53 30.16
5 24 -7.84 16.92 21.33 -7.86 18.01 20.81 -8.07 17.47 21.38 -7.8 16.91 20
5 24 -10.76 -4.24 11.89 -10.43 -3.28 13.07 -10.27 -4.86 11.76 -10.71 -3.43 12.34
5 24 -4.56 -0.64 -15.42 -5.7 -0.31 -15 -5.01 0.14 -15.24 -5.37 -0.89 -14.83
5 24 0.79 19.79 28.4 -0.59 20.48 29.05 0.38 20.74 28.14 0.57 17.46 28.77
5 24 -8.24 20.83 23.1 -7.77 20.5 21.58 -8.33 20.2 21.72 -7.75 21.28 23.08
5 24 1.48 12.59 24.69 1.65 10.79 25.42 1.82 11.57 24.22 0.87 12.72 26.32
5 24 -5.1 -8.62 28.19 -6.03 -9.14 27.4 -6.44 -7.96 27.72 -5.38 -9.55 27.47
5 24 -6.89 11.29 19.43 -6.3 11.45 18.45 -6.51 10.53 18.89 -6.59 12.23 18.69
5 24 -5.1 -8.62 28.19 -5.38 -9.55 27.47 -3.63 -8.49 27.89 -6.03 -9.14 27.4
5 24 -1.83 31.73 19.43 -2.56 29.39 19.85 -0.98 29.97 20.15 -3.83 30.76 19.85
5 24 -8.85 2.55 29.31 -10.01 4.04 29.22 -9.03 3.57 30.09 -9.89 2.97 28.36
5 24 -2.04 22.79 29.59 -3.34 23.83 29.46 -2.06 24.18 29.91 -3.26 22.54 29.28
5 24 8.26 -0.39 -12.73 9.32 -0.67 -11.86 8.82 -2.59 -12.79 8.32 0.85 -11.71
5 24 -5.33 -9.59 0.86 -6.03 -9.01 1.29 -6.06 -9.48 0.19 -5.23 -8.8 1.98
5 24 -4.14 -11.28 20.09 -4.94 -12.09 19.12 -4.34 -12.13 18.81 -5.32 -11.22 20.08
5 24 1.45 32.34 28.43 0.07 32.38 29.35 0.65 33.25 28.44 0.37 31.21 28.92
5 24 2.19 37.77 27.73 2.17 37.01 28.5 2.19 37.74 28.96 1.83 37.08 27.38
5 24 -5.49 38.07 28.43 -4.77 37.48 29.66 -5.3 38.64 28.53 -5.43 36.32 27.43
5 24 -3.99 6.89 31.37 -5.05 6.27 31.4 -5.51 7.64 31.53 -4.04 5.97 31.09
5 24 9.1 -7.35 3.86 8.19 -7.47 4.94 9.23 -7.24 5.49 7.97 -7.87 2.82
5 24 -0.48 -9.24 -3.77 -1.34 -9.72 -2.09 -0.55 -9.82 -1.93 -0.65 -8.94 -4.9
5 24 -0.54 10.32 18.87 -0.88 11.34 18.97 -1.14 9.88 19.52 0.15 10.83 18.16
5 24 12.54 -5.85 2.94 13.4 -5.53 2.83 12.54 -5.69 3.74 12.23 -6.17 1.87
5 24 14.52 -1.03 6.23 16.09 1.48 4.48 14.83 -2.58 4.9 15.31 1.93 5.86
5 24 -0.75 -10.08 13.06 -1.79 -9.93 13.21 -1.39 -10.14 12.59 -1.11 -9.72 13.73
5 24 -12.73 -3.75 -5.12 -13.41 -3.08 -5.69 -12.64 -3.13 -5.81 -14.1 -2.82 -5.32
5 24 -6.89 17.5 26.81 -7.68 19.15 25.72 -7.71 18.7 25.14 -6.23 18.37 27.32
5 24 -2.56 29.39 19.85 -2.79 28.57 19.49 -4.83 29.75 20.8 -1.32 28.44 19.93
5 24 0.94 15.62 25.69 0.9 13.91 27.65 1.05 13.94 25.75 0.86 15.38 27.71
5 24 -1.16 28.17 30.07 -0.57 29.19 29.51 -0.15 28.82 29.23 -1.78 29.44 29.97
5 24 13.05 -5.18 9.05 11.6 -5.21 9.58 12.17 -5.6 8.89 12.41 -4.5 10.15
5 24 -3.55 36.45 22.59 -3.16 36.96 24.73 -3.45 35.48 24.52 -2.84 36.92 22.84
5 24 0.88 -10.57 4.11 0.7654 -9.5 3.8478 1.93 -10.2 3.74 0 -9.5 4
5 24 -3.48 -12.04 21.8 -3.06 -11.65 20.74 -1.7 -11.29 22.19 -4.42 -12.1 21.7
5 24 -9.91 -0.63 20.46 -12.32 -2.22 20.58 -10.88 -0.76 20.86 -8.81 -0.8 20.11
5 24 0.03 21.08 20.32 -0.21 22.79 20.91 -0.22 21.45 22.29 -0.4 22.63 19.24
5 24 14.58 -4.8 5.29 14.29 -5.23 5.5 14.2 -4.9 6.06 13.98 -5.56 3.84
5 24 3.72 -3.75 -15.19 3.36 -5.41 -15.13 4.59 -4.5 -14.71 3.15 -4.67 -15.62
5 24 -6.93 -11.56 21.38 -5.32 -11.22 20.08 -5.42 -11.54 21.69 -6.57 -11.16 19.94
5 24 -4.25 -3.84 -13.5 -3.82 -3.31 -14.77 -3.42 -3.98 -14.17 -4.9 -3.1 -13.51
5 24 -5 -2 -14.51 -3.82 -3.31 -14.77 -4.9 -3.1 -13.51 -4.51 -1.9 -15
5 24 -1.19 -10.87 15.62 0.18 -10.31 16.1 -0.02 -11.09 16.88 -0.43 -10.48 15.46
5 24 0.87 12.72 26.32 0.9 13.91 27.65 1.05 13.94 25.75 0.74 12.91 27.62
5 24 -9.23 12.87 25.15 -8.88 13.8 23.27 -9.86 12.33 24.58 -8.42 14.04 24.04
5 24 -13.69 0.22 6.83 -14.09 1.68 5.79 -14.23 2.41 6.54 -13.62 0.57 5.62
5 24 10.4 1.02 13.01 9.1 2.73 13.22 9.35 3.84 13.11 8.41 2.08 13.8
5 24 4.14 -1.62 16.3 6.54 1.53 15.28 6.5 0.1 15.29 5.85 1.74 15.71
5 24 -9.44 -3.51 15.03 -8.75 -2.37 15.58 -9.54 -3.27 14.16 -8.94 -3.08 15.99
5 24 -5.09 -10.06 13.24 -5.44 -10.3 14.36 -5.73 -9.65 13.49 -4.09 -10.29 13.81
5 24 -4.06 -9.71 1.76 -4.32 -10.42 1.06 -3.41 -9.85 1.65 -5.33 -9.59 0.86
5 24 2.45 -10.33 6.8 1.76 -10.17 7.71 2.8 -9.96 7.2 1.64 -10.49 7.06
5 24 5.36 -9.03 5.19 4.44 -9 6.53 5.7 -8.75 5.52 4.91 -9.17 5.29
5 24 14.45 -5.92 -4.4 14.62 -5.3 -4.36 14.48 -5.35 -3.89 14.64 -5.14 -4.96
5 24 -6.89 17.5 26.81 -6.23 18.37 27.32 -7.68 19.15 25.72 -5.73 17.18 27.58
5 24 -6.44 -5.36 29.58 -5.52 -6.36 29.39 -4.71 -6.06 29.56 -6.7 -6.74 28.44
5 24 -9.04 -4.88 28.31 -9.16 -3.64 29.11 -9.52 -4.38 28.01 -8.31 -3.32 29.49
5 24 -4.9 -10.14 -1.25 -3.53 -10.43 -2.68 -4.19 -10.07 -1.39 -5.5 -10.19 -2.16
5 24 -7.52 10.75 27.92 -7.26 9.96 28.79 -6.62 11.48 28.78 -8.55 10.02 27.95
5 24 0.36 23.15 23.08 -0.55 23.55 22.32 -0.41 22.53 22.44 0.35 25.08 22.55
5 24 -8.83 13.52 22.52 -8.86 14.77 22.45 -8.88 13.8 23.27 -8.52 14.46 21.99
5 24 -6.32 2.6 -12.02 -7.51 2.14 -11.03 -6.97 1.15 -12.89 -6.27 2.87 -11.09
5 24 -11.74 -4.58 25.04 -11.08 -4.3 25.68 -11.43 -5.76 25.01 -11.48 -3.68 24.75
5 24 13.58 -3.24 -7.14 12.5 -4.17 -7.55 12.8 -3.06 -7.79 13.03 -4.77 -6.46
5 24 15.28 -6.26 -1.7 14.45 -6.57 -2.4 14.97 -6.42 -2.39 14.16 -6.36 -0.96
5 24 -7.86 -7.52 28.04 -7.16 -5.88 28.65 -6.7 -6.74 28.44 -9.26 -5.72 28.25
5 24 -0.41 -3.17 22.02 -0.24 -1.98 23.14 -1.5 -1.74 22.05 0.61 -4.15 22.25
5 24 -0.23 45.98 30.53 -1.03 46.04 30.87 -0.9 45.01 31.8 -0.52 46.07 29.8
5 24 9.9 -2.56 13.35 11.24 -2.78 13.15 10.89 -2.11 12.64 10.7 -3.12 13.67
5 24 -0.03 37.81 30.4 -0.98 36.42 30.67 -0.33 36.93 30.05 -0.74 38.08 31.26
5 24 -3.85 -3.44 29.42 -4.63 -3.89 29.89 -4.03 -5.35 29.28 -4.13 -2.65 29.92
5 24 -0.19 -8.34 25.14 -0.21 -7.27 25.73 0.53 -7.94 24.4 -1.39 -7.9 25.95
5 24 2.56 25.59 27.16 1.43 26.65 28.05 2.49 26.64 27.58 1.49 24.77 27.73
5 24 -9.7 10.14 21.26 -10.01 9.21 21.24 -8.79 10.22 20.49 -10.17 10.02 22.02
5 24 -6.19 28.39 21.58 -5.42 26.82 23.11 -5.22 26.35 22.11 -5.6 27.88 23.76
5 24 1.74 -5.72 20.71 1.15 -4.39 20.82 1.56 -5.03 21.32 1.44 -5.67 19.92
5 24 12.61 11.39 9.59 12.58 12.22 8.67 12.55 12.19 9.53 12.76 10.93 8.56
5 24 -7.7 -9.8 15.54 -7.82 -10.19 16.65 -7.01 -10.46 16.45 -8.39 -9.33 16.03
5 24 -10.82 6.98 24.22 -10.59 7.31 23.68 -10.92 7.79 24.38 -10.58 6.49 23.41
5 24 -12.57 -4.05 21.91 -12.98 -2.91 22.22 -13.12 -2.77 21.5 -12.54 -3.8 22.39
5 24 2.24 22.12 27.65 2.18 23.3 27.79 1.2 23.05 28.72 2.4 23.53 26.62
5 24 1.27 26.79 23.55 2.12 28.33 23.23 -0.06 28.23 22.54 3.08 27.7 24.18
5 24 -2.55 43.82 32.89 -4.56 41.57 31.04 -4 42.5 31.54 -4.38 41.12 31.01
5 24 7.75 -7.32 -12.11 6.96 -7.97 -12.41 6.83 -7.46 -12.8 7.78 -7.81 -10.46
5 24 -8.72 -3.83 18.11 -8.27 -2.6 16.93 -9.43 -4.28 16.53 -8.02 -2.69 18.56
5 24 -13.92 8.11 11.05 -14.93 6.94 9.72 -14.65 6.44 9.99 -14.69 7.82 9.85
5 24 -16.24 3.37 -1 -16.06 4.64 -1.05 -16.13 4.44 -1.69 -15.92 4.76 -0.3
5 24 -2.82 -6.9 -11.13 -2.83 -7.41 -9.96 -5.33 -5.71 -11.14 -1.12 -7.24 -11.74
5 24 -14.98 1.47 -4.73 -14.76 0.74 -5.11 -14.57 1.78 -5.45 -15.6 1.15 -3.71
5 24 -10.17 10.02 22.02 -10.16 10.5 22.34 -10.17 10.1 22.87 -9.85 10.97 21.55
5 24 10.4 1.02 13.01 12.25 2.84 10.83 10.48 4.67 11.98 12.39 1.57 11
5 24 11.94 -1.83 11.38 12.39 1.57 11 11.53 -2.27 11.73 12.18 -1.26 10.74
5 24 -10.15 -8.46 22.95 -10.49 -8.62 21.83 -9.47 -8.77 22.6 -10.8 -8.12 22.98
5 24 -6.99 24.04 24.96 -7.16 25.81 25.02 -6.39 25.27 24.02 -7.22 25.39 25.87
5 24 -9.02 0.17 15.75 -8.37 1.36 16.48 -9.82 -0.69 14.93 -7.92 0.6 16.36
5 24 -8.83 7.66 20 -7.45 8.32 19.72 -9.4 8.58 20.23 -7.76 7.37 19.8
5 24 14.04 7.49 7.91 14.47 7.25 6.35 13.94 6.54 7.12 14.54 8.41 6.56
5 24 -2.89 -11.94 23.01 -2.1 -11.19 22.56 -3.48 -12.04 21.8 -2.05 -11.42 24.08
5 24 1.23 23.98 28.42 0.46 24.34 28.7 1.49 24.77 27.73 1.2 23.05 28.72
5 24 0.94 15.37 15.99 0.55 18.45 14.76 -0.2 16.74 16.34 2.64 15.18 15.17
5 24 14.01 11.52 5.47 13.35 12.51 4.95 13.76 11.48 6.61 13.72 11.53 4.27
5 24 -12.64 -3.13 -5.81 -13.41 -3.08 -5.69 -12.73 -3.75 -5.12 -12.72 -2.27 -6.43
5 24 1.21 -6.92 18.77 0.95 -8.6 19.64 1.13 -6.94 19.46 1.16 -9.22 18.79
5 24 -1.92 1.03 20.62 -1.76 0.92 22.24 -1.46 1.97 20.83 -1.66 -0.49 22.08
5 24 -11.43 -5.76 25.01 -12.09 -5.59 23.03 -11.72 -6.5 22.45 -11.74 -4.58 25.04
5 24 15.64 5.41 5.12 16.23 4.96 3.76 15.58 3.63 5.6 15.49 6.59 3.47
5 24 -4.94 23.53 20.08 -4.93 22.66 20.13 -5.63 23.28 20.77 -4.2 23.02 19.24
5 24 -6.66 31.99 25.55 -5.47 31.85 24.54 -5.99 31.04 25.44 -6.32 33.23 25.11
5 24 -3.42 -3.98 -14.17 -2.84 -4.39 -13.72 -3.66 -4.1 -13.56 -2.45 -4.24 -14.44
5 24 -6.86 15.42 18.93 -5.56 15.82 17.94 -6.22 14.98 18.48 -7.19 16.47 18.69
5 24 11.02 7.64 12.69 10.98 8.24 12.74 10.88 7.62 11.97 10.68 8.11 13.34
5 24 -4.27 -10.31 13.05 -4.16 -9.96 12.44 -2.68 -10.46 13.32 -5.14 -9.67 12.52
5 24 -10.97 9.46 25.47 -11.14 8.77 24.27 -10.73 9.3 24.05 -10.55 7.94 25.37
5 24 -5.8 -7.96 5.96 -5.13 -7.76 7.33 -6.11 -7.44 6.5 -4.5 -8.37 6.4
5 24 -8.1 13.74 27 -8.18 12.29 26.79 -8.34 12.64 25.74 -7.84 12.85 27.63
5 24 2.17 31.34 28.38 2.74 30.59 27.65 1.09 30.49 28.26 3.15 32.31 27.68
5 24 -6.32 33.23 25.11 -6.63 33.37 26.11 -5.88 34 25.42 -6.75 32.64 26.29
5 24 14.3 5.46 6.56 13.94 6.54 7.12 14.83 6.51 5.53 13.63 5.15 7.7
5 24 -13.68 2.57 -6.86 -13.07 3.66 -6.93 -12.9 2.05 -7.56 -14.34 3.4 -5.91
5 24 4.11 -9.53 6.65 3.86 -9.94 5.74 3.31 -9.72 6.49 4.42 -9.72 5.56
5 24 3.06 -10.17 2.91 3.55 -9.76 2.62 3.35 -9.87 3.21 3.02 -10.27 1.78
5 24 -11.55 0.9 21.7 -12.23 -0.05 21.85 -10.05 0.6 20.43 -12.1 0.43 22.16
5 24 -3.27 25.6 29.06 -3.34 23.83 29.46 -2.06 24.18 29.91 -4.08 25.47 28.34
5 24 1.94 30.76 23.33 2.92 29.96 23.97 2.39 30.8 24.63 2.12 28.33 23.23
5 24 -6.19 28.39 21.58 -5.42 28.58 23.44 -6.11 29.3 21.43 -5.6 27.88 23.76
5 24 16.26 4.16 -2.14 15.43 5.99 -3.75 15.35 6.24 -2.37 15.64 5.09 -4.01
5 24 9.6 -5.73 12.73 9.93 -5.16 13.18 9.11 -5.86 12.86 10.43 -4.97 12.37
5 24 -1.91 6.49 22.63 -0.31 7.03 22.59 -1.52 7.27 22.28 -0.27 6.41 23.4
5 24 -2.09 -10.1 12.07 -1.06 -9.44 10.75 -1.68 -9.36 10.53 -1.39 -10.14 12.59
5 24 -1.68 -11.45 17.51 -2.74 -11.12 17.47 -1.7 -11.25 18.41 -2 -11.19 16.4
5 24 -6.02 17.75 18.01 -5.86 16.87 17.64 -7.19 16.47 18.69 -4.46 16.23 17.24
5 24 0.48 -10.68 4.4 0 -9.5 4 0.08 -10.52 4.98 0.88 -10.57 4.11
5 24 4.63 -3.78 16.48 4.06 -3.18 16.52 3.29 -4.47 17.33 5.52 -3.19 15.85
5 24 -2.41 32.45 30.25 -1.87 33.27 30.88 -3.06 33.58 30.5 -1.5 32.72 30.38
5 24 -5.17 41 30.14 -5.01 40.98 27.55 -4.87 40.4 27.72 -5.25 41.36 30.16
5 24 -1.89 7.36 30 -0.4 6.8 28.9 -1.19 8.24 28.88 -0.68 6.16 29.48
5 24 -5.97 -8.57 2.82 -6.65 -8.73 2.35 -5.23 -8.8 1.98 -7.43 -8.19 3.3
5 24 -11.22 -5.84 1.47 -11.69 -5.01 2.42 -12.43 -4.37 1.39 -10.52 -5.96 2.03
5 24 -0.57 37.39 24.44 1.08 37.84 25.45 1.11 36.78 24.64 -0.21 38.57 25.27
5 24 -6.24 9.11 29.89 -6.06 8.79 31.13 -5.56 10.23 30.45 -6.68 7.5 30.86
5 24 -3.34 23.83 29.46 -2.06 24.18 29.91 -3.27 25.6 29.06 -2.04 22.79 29.59
5 24 -5.38 -9.55 27.47 -5.41 -10.45 26.45 -3.26 -8.98 27.17 -6.03 -9.14 27.4
5 24 -10.55 7.94 25.37 -10.53 7.54 25.47 -9.72 8.34 26.06 -10.92 7.79 24.38
5 24 -3.9 45.87 30.8 -4.01 45.84 30.4 -3.62 46.09 30.82 -3.7 44.93 31.26
5 24 -8.31 -0.8 15.93 -7.92 0.6 16.36 -9.02 0.17 15.75 -7.43 -1.42 17.08
5 24 13.12 7.91 -5.14 13.97 5.82 -5.63 15 5.9 -4.74 12.4 6.13 -6.04
5 24 -0.94 42.71 27.06 -0.11 41.4 26.95 -1.26 42.03 26.22 -0.03 41.88 27.86
5 24 -3.19 45.53 31.36 -3.17 45.21 31.74 -3.7 44.93 31.26 -2.62 45.51 31.98
5 24 -1.59 3.09 22.54 -1.37 1.98 22.37 -1.6 2.71 20.78 -0.22 1.88 23.66
5 24 -7.86 -4.35 -9.48 -8.4 -3.48 -10.32 -7.42 -4.4 -10.42 -8.72 -3.4 -9.66
5 24 -13.11 0.29 9.26 -13.69 0.22 6.83 -12.82 -0.49 9.13 -14.23 2.41 6.54
5 24 -3.66 32.86 28.83 -3.44 31.57 28.65 -5.07 31.45 28.02 -2.94 32.23 29.36
5 24 -1.19 -10.15 24.01 -1.48 -10.67 23.08 -1.16 -10.21 23.38 -2.05 -11.42 24.08
5 24 1.49 15.57 22.38 1.43 16.71 22.49 0.56 16.18 21.74 1.99 16.14 23.58
5 24 2.93 -7.52 -13.83 2.41 -7 -14.3 2.91 -6.82 -14.49 2.39 -7.54 -13.34
5 24 2.7 36.06 25.03 2.59 36.41 26.12 2.08 37.01 26.1 3.15 35.92 26
5 24 -11.67 4.53 25.6 -12.01 3.15 25.79 -11.17 3.46 26.47 -11.85 4.14 24.89
5 24 -4.46 16.23 17.24 -6.02 17.75 18.01 -5.86 16.87 17.64 -3.13 16.97 16.69
5 24 2.75 -7.78 -12.94 2.39 -7.54 -13.34 2.15 -7.31 -11.79 2.93 -7.52 -13.83
5 24 -10.05 1.64 20.77 -10.05 0.6 20.43 -8.8 0.53 19.92 -11.55 0.9 21.7
5 24 -10.28 -6.02 25.25 -11.43 -5.76 25.01 -11.01 -6.22 24.67 -10.17 -5.1 26.28
5 24 2.01 -10.16 0.54 2.62 -9.88 -2.62 3.49 -9.72 -0.39 0.93 -10.04 -0.41
5 24 -13.75 -4.37 -1.09 -12.48 -5.21 -1.4 -12 -4.73 -0.71 -13.69 -4.77 -1.93
5 24 7.18 14.1 13.23 7.89 11.81 13.51 7.76 14.27 12.66 6.86 13.51 13.69
5 24 3.4 -6.33 15.32 2.98 -6.7 16 3.2 -7.05 15.04 3.44 -5.89 15.93
5 24 -6.76 21.12 24.25 -6.74 20.56 25.62 -7.24 19.8 24.69 -6.65 21.55 24.76
5 24 -0.62 -9.34 23.59 -0.42 -9.05 24.38 0.11 -8.99 23.19 -1.22 -9.54 24.83
5 24 8.37 -2.49 14.43 8.53 0.73 13.88 9.24 -2.57 13.5 7.12 -0.49 15.26
5 24 -8.88 13.8 23.27 -8.86 14.77 22.45 -8.83 15.11 23.78 -8.83 13.52 22.52
5 24 3.13 -2.47 -14.82 3.72 -3.75 -15.19 3.3 -3.38 -15.29 4.59 -3.23 -14.33
5 24 -1.2 -2.04 29.34 0.13 -1.83 28.48 -0.17 -2.76 28.79 -0.36 -0.96 28
5 24 3.18 0.17 17.21 2.37 -0.06 18.07 3.23 0.9 17.57 3.09 -1.39 17.02
5 24 0.83 12.79 22.98 1.31 13.95 23.57 0 13.42 22.23 1.48 12.59 24.69
5 24 -8.72 -3.4 -9.66 -8.48 -2.89 -11.11 -8.4 -3.48 -10.32 -9.79 -1.34 -9.73
5 24 -0.23 -6.59 -12.36 -1.12 -7.24 -11.74 0.83 -7.46 -11.72 -2.73 -5.26 -12.46
5 24 -14.5 10.99 5.44 -14.05 10.52 4.14 -14.71 10.32 5.34 -13.67 11.03 3.92
5 24 -13.92 8.11 11.05 -14.69 7.82 9.85 -13.93 9.05 10.51 -14.93 6.94 9.72
5 24 -4.62 16.9 14.98 -3.95 18.54 13.31 -3.02 17.47 15.8 -5.25 17.31 14.15
5 24 0.31 -10.4 19.92 0.67 -10.95 18.83 -0.25 -10.92 19.68 0.92 -10.48 19.16
5 24 3.9 3.82 17.04 4.76 3.06 16.61 5.62 3.25 16.28 2.14 2.86 18.07
5 24 7.36 11.76 13.92 5.53 13.43 13.85 6.86 13.51 13.69 5.22 12.4 14.18
5 24 -2.85 -10.49 13.87 -2.68 -10.46 13.32 -1.79 -9.93 13.21 -4.09 -10.29 13.81
5 24 -15.86 7.65 0.81 -16.08 7.11 1.73 -15.2 8.91 3.2 -16.28 6.31 0.96
5 24 13.06 -6.63 -0.52 11.94 -6.68 -0.08 12.7 -7.26 -0.96 12.43 -6.41 0.2
5 24 6.03 14.07 13.52 5.21 14.9 13.89 6.36 15.09 12.85 4.9 14.03 14.24
5 24 -4.15 -12.05 17.87 -4.34 -12.13 18.81 -5.42 -12 17.61 -3.07 -11.54 18.97
5 24 3.79 33.53 26.8 2.67 33.45 28.07 3.17 35.34 26.64 3.15 32.31 27.68
5 24 2.6 29.54 26.45 3.34 27.92 27.12 3.42 28.96 26.19 1.85 28.82 27.3
5 24 -7.89 14.64 20.67 -7.8 15.6 19.79 -7.91 15.05 21.29 -7.58 15.29 19.62
5 24 2.01 -10.16 0.54 3.49 -9.72 -0.39 3.49 -10.16 1.19 2.62 -9.88 -2.62
5 24 1.64 -10.49 7.06 2.45 -10.33 6.8 1.76 -10.17 7.71 2 -10.47 6.27
5 24 -10.21 9.43 22.55 -10.23 9.67 23.84 -10.35 8.61 22.85 -10.17 10.1 22.87
5 24 -10.09 -7.63 19.82 -11.14 -7.9 20.99 -10.36 -6.94 19.46 -10.07 -8.33 20.32
5 24 9.45 6.73 13.99 9.17 6.81 14.93 9.31 5.93 14.3 9.59 7.47 14.02
5 24 -4.95 -11.66 23.11 -4.42 -12.1 21.7 -3.48 -12.04 21.8 -5.42 -11.54 21.69
5 24 -4.83 34.74 25.61 -4.2 33.87 23.98 -5.19 32.91 24.51 -3.77 34.56 24.46
5 24 -1.6 2.71 20.78 -1.37 1.98 22.37 -1.46 1.97 20.83 -1.59 3.09 22.54
5 24 -10.28 4.86 28.82 -10.14 2.67 27.49 -9.89 2.97 28.36 -10.08 3.54 26.93
5 24 -4.15 -12.05 17.87 -3.07 -11.54 18.97 -2.74 -11.12 17.47 -4.34 -12.13 18.81
5 24 0.48 -10.68 4.4 1.43 -10.86 4.32 0.98 -10.83 4.85 0.88 -10.57 4.11
5 24 -1.8 41.5 31.82 -2.55 43.82 32.89 -1.1 44.03 32.19 -2.63 41.72 31.99
5 24 -7.35 9.21 29.41 -6.47 9.68 29.48 -6.24 9.11 29.89 -7.26 9.96 28.79
5 24 1.34 22.71 23.46 2.15 22.67 23.85 2.33 24.54 24.27 0.66 22.07 23.52
5 24 14.69 7.73 1.5 13.52 9.41 2.14 14.73 8.61 2.82 13.69 8.37 0.74
5 24 11.69 3.77 -7.38 12.12 4.63 -6.82 11.54 4.73 -6.64 14.24 3.59 -5.85
5 24 0.92 -6.63 23.28 1.41 -5.59 23.38 1.22 -6.31 23.95 1.14 -5.5 22.69
5 24 -0.51 26.53 29.44 0.34 25.51 28.34 0.25 26.53 28.38 -0.53 24.38 29.69
5 24 1.83 37.08 27.38 1.59 37.81 26.71 2.19 37.77 27.73 2.08 37.01 26.1
5 24 -7.27 2.14 18.97 -7.36 0.74 19.38 -6.97 0.84 18.85 -7.65 1.91 19.85
5 24 -12.96 7.02 12.23 -13.76 7.96 11.86 -13.07 7.86 12.59 -13.58 7.02 11.39
5 24 5.04 -4.73 15.9 3.35 -5.02 16.97 3.39 -5.48 16.47 4.63 -3.78 16.48
5 24 1.09 30.49 28.26 2.17 31.34 28.38 2.74 30.59 27.65 0.37 31.21 28.92
5 24 -5.56 14.96 28.29 -5.1 15.33 29.18 -5.03 16.72 28.12 -5.07 14.18 29.54
5 24 0.25 1.5 26.66 -0.02 1.58 27.46 0.38 -0.12 27.01 -0.01 1.95 27.45
5 24 -8.58 -10.74 21.81 -7.59 -10.97 23.37 -6.93 -11.56 21.38 -8.39 -10.16 23.34
5 24 -4.32 -10.42 1.06 -4.26 -10.78 -0.06 -3.1 -10.03 0.39 -4.85 -10.66 0.24
5 24 10.32 -6.8 5.44 10.51 -5.73 7.91 9.21 -6.17 8.03 11.67 -5.3 6
5 24 4.62 -9.71 0.17 3.61 -9.52 -1.87 3.49 -9.72 -0.39 4.9 -8.89 -3.1
5 24 -14.93 3.6 -5.04 -15.9 4.66 -3.06 -15.41 5.24 -4.19 -15.7 3.46 -2.88
5 24 -2.22 18.97 14.08 -2.26 17.38 16.45 -1.06 17.25 16.3 -3.02 17.47 15.8
5 24 -13.55 1.92 11.09 -14.68 3.41 10.31 -13.67 1.56 10.24 -13.74 2.96 11.2
5 24 11.7 13.18 9.17 12.31 12.48 9.65 11.39 13 9.67 12.21 12.87 8.63
5 24 -5.68 -11.01 15.22 -5.54 -11.32 15.78 -6.21 -10.65 15.29 -3.12 -11.06 16.44
5 24 -12.56 -3.28 3.74 -13.92 -1.21 3.36 -13.47 -0.75 4.35 -13.64 -2.12 2.39
5 24 3.89 -2.39 16.45 4.06 -3.18 16.52 5.34 -2.68 15.79 2.82 -2.92 16.91
5 24 -9.64 -5.29 17.16 -9.75 -5.33 16.24 -9.4 -4.79 16.9 -10.23 -6.21 16.34
5 24 -1.1 36.25 22.58 -0.21 35.87 23.71 -1.66 37.36 23.81 -0.66 34.28 22.18
5 24 10.82 6.24 11.87 10.4 6.26 12.59 10.22 6.77 12.86 11.36 5.67 11.29
5 24 -8.1 13.74 27 -7.22 14.88 27.33 -7.85 14.75 26.32 -7.05 14.12 28.1
5 24 -9.35 0.99 29.57 -7.12 2.19 30.23 -7.02 1.32 30.15 -8.85 2.55 29.31
5 24 -5.92 19.71 26.97 -6.23 18.37 27.32 -5.21 18.56 27.86 -7.68 19.15 25.72
5 24 -7.89 -8.35 12.39 -6.95 -7.95 10.21 -6.89 -8.79 12.09 -8.06 -7.41 10.35
5 24 -7.77 16.39 21.07 -7.8 16.91 20 -7.84 16.92 21.33 -7.98 16.14 19.95
5 24 -15.3 8.66 1.91 -15.02 8.28 0.13 -15.86 7.65 0.81 -14.58 9.01 1.66
5 24 2.32 -10.43 2.54 2.16 -9.89 1.94 3.02 -10.27 1.78 1.98 -9.81 2.88
5 24 -16.16 2.93 -2.35 -16.06 4.13 -2.47 -16.13 4.44 -1.69 -15.7 3.46 -2.88
5 24 -11.86 -1.75 11.08 -12.91 -1.32 10.69 -12.18 -1.06 11.49 -12.14 -1.78 10.25
5 24 -3.99 -9.75 11.67 -4.93 -8.66 10.05 -4.95 -9.49 11.74 -3.38 -9.05 10.15
5 24 -11.56 -3.57 10.17 -11.53 -3.78 10.93 -10.57 -5.19 9.95 -11.63 -2.86 11.08
5 24 -3.28 -11.27 24.92 -2.05 -11.42 24.08 -2.89 -11.94 23.01 -2.39 -10.39 25.34
5 24 -4.06 -7.77 28.38 -4.59 -6.78 28.67 -5.69 -7.28 28.49 -3.38 -6.93 28.17
5 24 1.52 13.46 25.12 1.48 12.59 24.69 0.87 12.72 26.32 1.31 13.95 23.57
5 24 -4.46 16.23 17.24 -5.86 16.87 17.64 -6.02 17.75 18.01 -5.56 15.82 17.94
5 24 -12.96 9.08 1.35 -14.15 9.94 2.89 -12.8 10.07 2.46 -14.58 9.01 1.66
5 24 -8.88 13.8 23.27 -9.86 12.33 24.58 -9.23 12.87 25.15 -10.19 11.88 24.05
5 24 0.59 39.88 28.5 1.07 38.86 29 1.5 39.51 28.31 0.37 39.4 29.19
5 24 -1.32 29.19 20.29 -0.71 28.25 21.1 -0.34 29.05 22.1 -1.32 28.44 19.93
5 24 -10.34 -2.48 27.9 -9.16 -3.64 29.11 -9.52 -4.38 28.01 -10.12 -1.95 28.52
5 24 -6.63 33.37 26.11 -5.43 33.59 27.45 -6.75 32.64 26.29 -6.22 33.75 26.1
5 24 9.68 -5.46 8.86 10.51 -5.73 7.91 9.21 -6.17 8.03 10.42 -5.18 8.75
5 24 1.96 -10.35 4.57 2.42 -10.12 4.38 2.37 -10.04 5.27 1.93 -10.2 3.74
5 24 1.47 -10.3 5.69 0.98 -10.83 4.85 1.96 -10.35 4.57 0.9 -10.04 6.09
5 24 -5.51 7.64 31.53 -6.68 7.5 30.86 -6.13 6.08 31.17 -6.06 8.79 31.13
5 24 -13.09 9.7 11.99 -12.58 10.33 11.75 -13.39 10 10.98 -12.29 9.67 12.28
5 24 -16.02 2.96 -0.55 -16.24 3.37 -1 -15.59 3.95 -0.06 -16.28 2.41 -1.76
5 24 -13.55 1.92 11.09 -13.66 1.96 11.74 -12.98 0.78 12.03 -13.74 2.96 11.2
5 24 -12.7 -0.98 7.93 -12.5 -1.74 6.59 -11.89 -2.32 8.84 -13.06 -0.59 6.67
5 24 -8.18 12.19 20 -7.85 11.03 19.75 -9.18 11.46 20.8 -7 11.88 19.34
5 24 15.16 -6.01 -2.79 15.28 -6.26 -1.7 16.13 -4.47 -1.83 14.97 -6.42 -2.39
5 24 -2.25 8.09 21.03 -1.88 8.22 19.51 -2.09 7 20.72 -1.54 9.23 20.05
5 24 5.42 7.03 16.8 5.33 5.91 16.36 5.99 6.85 16.56 4.22 6.6 16.87
5 24 -2.17 -9.69 -3.18 -2.73 -10.05 -2.86 -2.21 -9.87 -1.94 -2.99 -9.56 -3.91
5 24 -13.32 -4.4 -3.61 -12.51 -5.15 -4.31 -12.66 -4.55 -4.86 -12.66 -5.12 -3.06
5 24 -4.19 2.18 31.7 -3.55 1.79 30.78 -4.17 1.44 31.15 -3.26 2.62 31.12
5 24 14.45 -6.57 -2.4 14.08 -6.73 -2.1 14.16 -6.36 -0.96 14.35 -6.02 -3.28
5 24 6.5 0.1 15.29 6.54 1.53 15.28 4.14 -1.62 16.3 8.41 2.08 13.8
5 24 -6.43 -10.16 24.49 -5.4 -10.97 24.13 -7.59 -10.97 23.37 -5.56 -10.61 24.76
5 24 -10.74 10.14 25.16 -10.15 10.8 24.73 -10.24 10.27 25.84 -10.27 10.11 24.32
5 24 -11.47 15.4 8.12 -13.02 14.02 7.79 -12.4 14.44 6.46 -12.6 14.19 8.55
5 24 -4.11 15.74 16.8 -4.36 15.69 15.67 -4.82 14.77 15.82 -3.5 16.98 15.86
5 24 -12.91 -1.32 10.69 -13.2 -0.92 10.29 -12.14 -1.78 10.25 -13.34 0.13 11.16
5 24 -0.45 24.63 22.2 -0.46 25.96 21.06 -0.11 26.09 22.45 -0.49 24.92 19.74
5 24 -1.34 -9.72 -2.09 -2.17 -9.69 -3.18 -0.65 -8.94 -4.9 -2.21 -9.87 -1.94
5 24 12.05 -2.07 -9.48 11.71 -4 -8.86 12.8 -3.06 -7.79 10.66 -2.13 -10.17
5 24 0.51 12.15 17.27 1.91 10.85 16.16 2.33 11.96 15.95 0.15 11.6 17.64
5 24 -5.56 -10.61 24.76 -4.74 -10.99 25.25 -4.9 -11.39 24.58 -5.72 -10.51 25.27
5 24 -12.08 -3.29 23.26 -11.82 -5.05 22.63 -11.98 -4.37 22.05 -11.57 -3.92 23.96
5 24 -1.34 2.06 29.96 -0.79 1.17 29.65 -2.85 0.46 29.94 -0.87 2.79 29.42
5 24 -14.36 11.65 5.64 -14.33 11.08 7.3 -13.63 12.66 5.67 -14.5 10.99 5.44
5 24 15.9 3.52 -4.05 16.26 4.16 -2.14 15.64 5.09 -4.01 16.33 2.07 -3
5 24 -2.79 28.57 19.49 -1.32 28.44 19.93 -2.56 29.39 19.85 -1.43 27.42 19.63
5 24 3.53 2.29 -12.6 3.39 2.4 -12.04 0.75 2.72 -12.65 5.02 2.26 -11.86
5 24 -1.7 -11.25 18.41 -1.68 -11.45 17.51 -1.15 -11.59 17.56 -2.74 -11.12 17.47
5 24 -9.77 -7.12 24.94 -10.28 -6.02 25.25 -9.56 -6.76 25.76 -10.48 -6.92 24.13
5 24 -7.75 21.28 23.08 -7.77 20.5 21.58 -7.6 21.35 22.16 -8.24 20.83 23.1
5 24 -7.42 0.75 17.26 -7.43 -1.42 17.08 -6.86 -0.88 18.44 -7.92 0.6 16.36
5 24 -13.11 5.96 12.63 -12.96 7.02 12.23 -13.98 5.7 11.83 -12.27 6.49 12.65
5 24 -11.55 -6.97 -1.45 -12.1 -6.49 -2 -12.05 -5.97 -1.26 -11.24 -7.45 -2.72
5 24 12.58 12.22 8.67 12.55 12.19 9.53 12.61 11.39 9.59 12.31 12.48 9.65
5 24 -3.66 5.03 31.39 -4.7 4.46 31.87 -4.97 5.47 31.32 -3.09 3.85 31.22
5 24 7.72 -5.7 12.93 9.11 -5.86 12.86 8.35 -5.3 13.98 8.24 -5.81 12.28
5 24 2.59 36.41 26.12 2.08 37.01 26.1 2.7 36.06 25.03 2.41 35.82 26.71
5 24 -10.81 -4.21 9.48 -11.56 -3.57 10.17 -10.57 -5.19 9.95 -11.29 -3.43 9.58
5 24 2.67 -3.38 17.59 2.23 -2.53 17.45 2.14 -3.01 18 2.82 -2.92 16.91
5 24 1.2 23.05 28.72 1.2 21.91 28.51 -0.23 21.6 28.68 2.24 22.12 27.65
5 24 -9.21 -3.63 18.9 -9.3 -2.89 19.45 -9.57 -3.24 19.27 -8.71 -3.36 18.79
5 24 -0.22 6.31 27.57 -0.4 6.8 28.9 -0.58 7.55 28.01 0.22 5.1 28.16
5 24 -5.71 27.07 26.95 -5.16 27.24 27.66 -4.99 26.35 27.65 -6.48 28.6 25.45
5 24 11.83 -5.37 5 10.41 -7.23 3.28 12.54 -5.69 3.74 10.32 -6.85 3.96
5 24 9.95 -7.84 0.08 8.58 -8.33 0.18 9.14 -8.08 -1.28 8.76 -8.06 1.09
5 24 4.98 1.61 16.22 4.76 3.06 16.61 5.62 3.25 16.28 4.19 2.12 17.35
5 24 15.89 -2.71 -0.93 16.13 -4.47 -1.83 16.26 -4.7 -0.78 15.41 -2.9 -2.19
5 24 -10.33 10.16 14.1 -10.54 11.59 13.15 -11.19 9.56 13.27 -9.24 11.36 14.47
5 24 -2.09 11.86 29.61 -0.79 10.44 29.37 -2.89 10.03 30.05 -0.43 11.58 29.04
5 24 -1.36 8.05 22.22 -1.68 9.18 21.22 -2.25 8.09 21.03 -1.06 8.99 22.41
5 24 9.54 -8.11 -5.95 10.37 -8.35 -6 9.41 -8.14 -4.94 9.41 -8 -6.72
5 24 6.53 3.07 15.74 7.23 4.41 15.85 5.49 4.09 16.8 7.22 3.41 15.42
5 24 -8.61 4.29 30.41 -7.49 6.26 29.66 -6.91 5.19 30.29 -9.49 5.35 29.59
5 24 1.49 15.57 22.38 0.56 16.18 21.74 0.31 15.49 21.76 1.43 16.71 22.49
5 24 10.92 -3.41 13.7 9.97 -4.23 13.5 9.96 -3.66 13.92 10.94 -4.6 12.56
5 24 1.87 -9.92 3.26 1.93 -10.2 3.74 2.26 -10.12 3.22 1.4142 -9.5 3.4142
5 24 -1.54 9.23 20.05 -2.25 8.09 21.03 -1.88 8.22 19.51 -1.68 9.18 21.22
5 24 -7.8 16.91 20 -7.84 16.92 21.33 -7.77 16.39 21.07 -7.86 18.01 20.81
5 24 1.38 -2.85 25.66 1.04 -3.85 25.47 1.14 -3.83 24.58 0.19 -3.65 25.87
5 24 -9.19 -6.37 10.48 -9.34 -6.09 11.81 -9.96 -5.44 11.21 -8.92 -6.85 11.11
5 24 -4.62 40.57 30.18 -4.87 40.4 27.72 -5.17 41 30.14 -4.55 40.02 27.87
5 24 -2.68 -10.46 13.32 -4.09 -10.29 13.81 -4.27 -10.31 13.05 -2.85 -10.49 13.87
5 24 -10.87 .95 -5.01 -7.071 -2 -7.071 -8.79 .98 -7.34 -9.239 -2 -3.827
5 24 -0.54 0.92 -11.92 0 2.47 -12.62 0.75 2.72 -12.65 -2.13 2.66 -12.45
5 24 0.83 -7.46 -11.72 0.64 -7.75 -10.73 1.47 -7.54 -11.24 -0.07 -7.7 -11.17
5 24 12.24 -7.42 -1.23 11.84 -7.49 -2.02 10.97 -7.1 -1.21 12.28 -7.56 -2.91
5 24 6.42 -8.58 -11.67 5.55 -8.53 -11.56 5.3 -8.1 -12.13 6.53 -8.58 -10.68
5 24 -7.02 22.86 21.2 -7.21 24.1 21.52 -7.79 23.5 22.59 -6.36 24.39 21.34
5 24 -10.05 -7.39 -3.61 -9.23 -7.87 -4.88 -9.43 -6.95 -5.2 -9.46 -8.08 -3.11
5 24 -0.27 15.47 20.91 -0.36 14.64 19.67 -0.06 14.67 21.15 -0.27 15.52 19.73
5 24 -6.86 21.21 26.52 -6.74 20.56 25.62 -6.45 20.88 27.32 -6.65 21.55 24.76
5 24 -1.66 37.36 23.81 -1.1 36.25 22.58 -0.21 35.87 23.71 -2.08 36.9 22.65
5 24 -15.07 1.32 1.9 -14.7 -0.67 2.19 -14.8 0.27 0.88 -14.76 0.29 3.28
5 24 -5.25 17.31 14.15 -4.62 16.9 14.98 -3.95 18.54 13.31 -6.16 16.55 13.83
5 24 0.19 -10.2 14.96 -0.43 -10.48 15.46 -0.62 -10.29 14.7 0.18 -10.31 16.1
5 24 1.08 0.52 25.68 0.67 1.51 26.08 0.68 1.69 25 0.96 0.53 26.36
5 24 -12.27 6.49 12.65 -13.11 5.96 12.63 -12.96 7.02 12.23 -12.04 4.8 13.29
5 24 3.34 27.92 27.12 3.6 27.64 25.22 3.23 26.89 26.72 3.42 28.96 26.19
5 24 -13.67 8.57 -3.12 -14.8 8.3 -1.49 -13.02 8.81 -1.3 -14.65 7.78 -3.3
5 24 -5.43 36.32 27.43 -5.25 36.81 26.3 -5.57 37.14 26.98 -5.32 35.8 26.79
5 24 -8.57 19.71 21.54 -8.33 20.2 21.72 -8.57 20.36 23.23 -7.62 19.9 21.06
5 24 -0.41 -3.17 22.02 0.09 -3.88 21.06 -0.84 -2.67 20.84 0.61 -4.15 22.25
5 24 4.97 -5.64 -14.63 5.99 -4.87 -14.33 4.97 -4.83 -14.68 7.06 -5.32 -13.83
5 24 -14.46 9.75 4.35 -15.2 8.91 3.2 -14.78 9.54 3.1 -14.67 9.09 4.87
5 24 1.83 37.08 27.38 1.81 36.47 28.07 2.17 37.01 28.5 1.53 35.9 27.59
5 24 -0.62 -10.29 14.7 0.19 -10.2 14.96 0.29 -9.86 14.54 -0.43 -10.48 15.46
5 24 -4.25 23.37 28.8 -4.24 22.3 28.54 -3.26 22.54 29.28 -4.83 22.83 27.93
5 24 -12.85 -3.59 2.15 -13.64 -2.12 2.39 -12.56 -3.28 3.74 -12.56 -3.8 0.68
5 24 -7.9 -8.27 0.75 -9.88 -6.16 2.51 -8.3 -7.76 0.34 -9.33 -6.66 3.08
5 24 -3.58 16.22 30.12 -1.87 15.49 29.79 -3.48 14.85 30.22 -2.31 16.59 30.27
5 24 -12.7 -0.77 25.38 -12.37 -0.36 24.22 -12.27 -0.08 24.84 -12.89 -1.34 24.74
5 24 9.3 15.22 11.54 9.07 16.02 10.8 9.78 15.38 10.57 8.7 14.94 12.12
5 24 -11.98 6.18 25.27 -11.84 5.83 24.16 -10.82 6.98 24.22 -12.33 4.79 24.57
5 24 10.7 2.39 -8.93 11.75 2.26 -8.47 11.7 0.84 -9.02 11.73 2.84 -7.96
5 24 1.53 35.9 27.59 2.41 35.82 26.71 2.08 37.01 26.1 1.45 34.23 27.86
5 24 15.58 3.63 5.6 16.38 3.3 4.15 16.23 4.96 3.76 15.31 1.93 5.86
5 24 5.87 7.63 16.44 5.42 7.03 16.8 5.99 6.85 16.56 4.64 7.49 16.7
5 24 8.56 9.58 14.7 8.07 9.9 14.86 8.37 8.98 14.99 8.69 10.13 13.65
5 24 1.44 -5.67 19.92 1.61 -6.16 18.24 1.52 -5.04 19.24 1.21 -6.92 18.77
5 24 -1.06 17.25 16.3 -2.22 18.97 14.08 -2.26 17.38 16.45 0.55 18.45 14.76
5 24 -11.89 -2.32 8.84 -12.5 -1.74 6.59 -12.7 -0.98 7.93 -11.74 -3.03 7.61
5 24 -7.08 -9.04 0.38 -7.13 -8.78 1.07 -7.62 -8.59 0.36 -6.03 -9.01 1.29
5 24 -15.12 -1.38 -2.99 -15.6 -1.36 -2.62 -15.83 -0.79 -2.47 -14.79 -2.21 -2.52
5 24 16.19 1.52 3.57 16.31 1.3 1.32 16.25 3.22 3.19 15.37 -1.94 2.54
5 24 -1.33 19.3 18.67 -0.93 18.35 18.42 -0.57 19.24 19.99 -2.97 19.21 18.23
5 24 -5 -2 -14.51 -4.9 -3.1 -13.51 -3.82 -3.31 -14.77 -5.51 -2.15 -13.52
5 24 1.88 14.83 23.61 1.99 16.14 23.58 2.09 15.69 24.86 1.49 15.57 22.38
5 24 -14.66 10.43 9.04 -14.18 10.87 9.7 -13.86 11.6 9.42 -14.42 10.04 9.65
5 24 -14.76 0.29 3.28 -13.92 -1.21 3.36 -14.7 -0.67 2.19 -14.52 1.22 4.4
5 24 -3.5 16.98 15.86 -4.11 15.74 16.8 -4.36 15.69 15.67 -3.13 16.97 16.69
5 24 12.61 1.8 10.21 12.25 2.84 10.83 12.39 1.57 11 12.5 3.21 9.94
5 24 13.77 -6.62 -1.23 14.16 -6.36 -0.96 13.06 -6.63 -0.52 14.08 -6.73 -2.1
5 24 -13.11 0.29 9.26 -13.55 0.74 9.94 -13.28 1.13 9.26 -13.35 -0.15 9.86
5 24 -7.49 6.26 29.66 -6.68 7.5 30.86 -6.13 6.08 31.17 -7.11 7.4 29.91
5 24 10.22 6.77 12.86 11.02 7.64 12.69 10.68 8.11 13.34 10.88 7.62 11.97
5 24 -11.59 -4.71 19.51 -10.6 -5.41 18.85 -11.24 -4.08 19.4 -10.97 -6.06 19.81
5 24 5.3 -8.1 -12.13 5.55 -8.53 -11.56 4.93 -7.99 -11.13 6.42 -8.58 -11.67
5 24 3.34 27.92 27.12 3.23 26.89 26.72 2.48 27.44 27.69 3.6 27.64 25.22
5 24 2.15 -7.31 -11.79 2.75 -7.78 -12.94 2.39 -7.54 -13.34 3.47 -7.71 -11.56
5 24 14.45 -6.57 -2.4 14.97 -6.42 -2.39 15.28 -6.26 -1.7 15.16 -6.01 -2.79
5 24 -9.35 0.99 29.57 -8.85 2.55 29.31 -10.46 1.83 28.31 -7.12 2.19 30.23
5 24 -10.79 7.29 22.24 -10.42 6.14 22.55 -10.02 6.4 21.61 -10.58 6.49 23.41
5 24 -7.31 22.62 26.57 -5.49 23.48 27.59 -6.68 23.88 26.28 -6.2 21.97 27.69
5 24 -8.73 -8.58 -2.37 -9.46 -8.46 -2.19 -9.46 -8.08 -3.11 -9.08 -8.26 -1.29
5 24 -3.06 33.58 30.5 -3.51 33.2 29.78 -2.41 32.45 30.25 -3.33 34.3 30.17
5 24 -3.79 37.9 30.87 -4.75 38.56 30.3 -3.89 38.74 31.12 -4.77 37.48 29.66
5 24 13.34 -4.91 7.31 12.53 -5.16 6.27 12.35 -5.7 7.9 13.46 -4.82 6.72
5 24 -9.46 -8.08 -3.11 -9.23 -7.87 -4.88 -8.47 -8.68 -4.37 -10.05 -7.39 -3.61
5 24 1.93 -10.2 3.74 2.26 -10.12 3.22 2.66 -10.08 3.61 1.87 -9.92 3.26
5 24 6.57 -8.65 -0.57 8.58 -8.33 0.18 7.96 -8.56 -1.01 8.76 -8.06 1.09
5 24 -8.51 -5.79 5.68 -10.28 -4.75 4.3 -7.8 -6.89 5.11 -10.12 -4.37 5.3
5 24 13.41 -5.83 4.31 12.54 -5.69 3.74 13.61 -5.62 5.12 13.98 -5.56 3.84
5 24 -2.81 29.65 29.73 -1.95 30.03 30.27 -1.78 29.44 29.97 -2.13 30.87 30.41
5 24 -12.11 14.92 10.28 -12.03 15.53 9.52 -12.45 14.84 9.65 -11.44 16.04 10.14
5 24 7.64 -6.44 10.48 5.02 -7.94 10.99 7.45 -6.85 8.26 4.77 -7.93 11.94
5 24 1.93 -10.2 3.74 1.4142 -9.5 3.4142 0.7654 -9.5 3.8478 1.87 -9.92 3.26
5 24 15.62 -1.67 -2.79 16.33 2.07 -3 15.57 1.31 -4.3 16.25 -1.31 -1.42
5 24 -9.65 4.84 20.92 -10.02 6.4 21.61 -10.4 4.43 21.55 -8.93 6.46 20.74
5 24 -1.23 39.69 31.41 -0.96 38.92 31.33 -3.89 38.74 31.12 -0.4 39.28 30.92
5 24 12.21 12.87 8.63 11.7 13.18 9.17 11.93 13.18 8.62 12.31 12.48 9.65
5 24 -3.06 33.58 30.5 -3.33 34.3 30.17 -3.51 33.2 29.78 -2.74 34.77 30.67
5 24 -7.04 -10.62 17.4 -6.76 -11.63 18.44 -7.29 -10.9 18.82 -6.2 -10.95 17.1
5 24 -10.21 15.32 12.26 -10.98 14.14 11.94 -9.63 13.61 13.56 -10.79 14.74 11.66
5 24 7.27 -5.47 14.73 8.03 -4.59 14.78 5.84 -5.01 15.29 8.35 -5.3 13.98
5 24 0.12 40.25 29.5 0.59 39.88 28.5 0.37 39.4 29.19 0.27 40.89 28.55
5 24 -12.9 1.77 12.9 -11.53 2.17 13.41 -12.51 3.78 12.75 -12.51 0.94 13.16
5 24 8.98 4.61 13.77 8.66 3.83 14.09 8.45 4.98 14.3 9.35 3.84 13.11
5 24 -14.93 3.6 -5.04 -14.34 3.4 -5.91 -14.65 2.4 -4.88 -14.45 4.57 -5.58
5 24 -5.86 16.87 17.64 -7.19 16.47 18.69 -5.56 15.82 17.94 -6.02 17.75 18.01
5 24 -7.31 15.24 26.49 -7.32 15.53 24.68 -7.85 14.75 26.32 -6.58 15.94 26.35
5 24 -4.95 -11.66 23.11 -5.72 -11.19 23.3 -5.4 -10.97 24.13 -5.42 -11.54 21.69
5 24 -8.09 9.59 28.84 -8.55 10.02 27.95 -9.05 9.29 28.06 -7.26 9.96 28.79
5 24 9.28 -8.4 -8.28 8.4 -8.44 -7.28 7.44 -8.71 -7.96 9.41 -8 -6.72
5 24 -2.35 -11 15.11 -3.12 -11.06 16.44 -5.68 -11.01 15.22 -2 -11.19 16.4
5 24 -8.58 -8.48 15.79 -8.17 -8.48 14.82 -8.39 -9.33 16.03 -8.71 -8.11 15.1
5 24 1.65 -1.06 18.51 1.96 -2.12 17.87 1.15 -2.02 18.58 2.63 -1.51 17.88
5 24 13.52 9.41 2.14 13.54 10.32 3.96 13.08 10.41 3.12 14.73 8.61 2.82
5 24 -6.97 24.07 25.6 -7.64 23.32 25.78 -6.68 23.88 26.28 -6.99 24.04 24.96
5 24 -3.35 28.47 28.57 -2.81 29.65 29.73 -2.68 28.97 29.53 -4.02 30.95 28.07
5 24 -10.49 -8.62 21.83 -9.64 -8.84 21.52 -9.47 -8.77 22.6 -10.07 -8.33 20.32
5 24 -3.9 45.87 30.8 -3.7 44.93 31.26 -4.01 45.84 30.4 -3.19 45.53 31.36
5 24 -4.7 4.46 31.87 -3.09 3.85 31.22 -4.42 3.37 31.89 -3.66 5.03 31.39
5 24 -7.29 -10.9 18.82 -6.76 -11.63 18.44 -6.29 -11.53 19.54 -7.04 -10.62 17.4
5 24 -13.4 4.42 12.52 -13.98 5.7 11.83 -13.91 4.82 11.1 -13.36 5.06 12.63
5 24 -5.52 2.9 31.84 -5.34 1.75 31.65 -4.19 2.18 31.7 -6.82 1.96 31
5 24 -0.52 43.14 28.65 0.26 44.1 29.67 0.02 43.14 29.4 -0.35 44.81 28.74
5 24 0.46 10.6 28.26 0.68 9.97 26.31 0.54 9.73 27.82 0.47 11.55 26.62
5 24 -5.27 -2.68 30.69 -4.98 -3.26 30.14 -5.85 -3.68 29.87 -4.13 -2.65 29.92
5 24 0.25 1.5 26.66 -0.01 1.95 27.45 -0.02 1.58 27.46 0.51 2.32 26.72
5 24 -10.5 3.07 22.03 -10.4 4.43 21.55 -9.68 3.24 21.49 -11.15 3.65 22.51
5 24 15.68 -4.07 0.26 16.26 -4.7 -0.78 15.89 -2.71 -0.93 14.98 -5.79 -0.43
5 24 -5.32 -11.22 20.08 -4.42 -12.1 21.7 -4.14 -11.28 20.09 -5.42 -11.54 21.69
5 24 10.42 -5.18 8.75 10.51 -5.73 7.91 9.68 -5.46 8.86 11.1 -5.25 8.42
5 24 -5.54 -4.61 -12.05 -5.78 -4.31 -12.56 -3.54 -4.35 -13.21 -6.86 -3.98 -12.11
5 24 -3.44 -9.78 4.1 -3.37 -9.08 6.01 -5.53 -8.62 5.26 -2.29 -9.5 5.56
5 24 -13.69 -4.77 -1.93 -12.48 -5.21 -1.4 -13.75 -4.37 -1.09 -12.54 -5.42 -2.31
5 24 -6.22 11.19 30.38 -5.56 10.23 30.45 -4.45 10.78 30.78 -6.42 10.5 29.61
5 24 0.12 40.25 29.5 -0.83 41.49 29.94 -0.76 40.04 31.02 0.27 40.89 28.55
5 24 9.75 5.44 13.72 8.98 4.61 13.77 9.31 5.93 14.3 10.04 4.43 12.45
5 24 15.98 4.86 2.75 16.23 4.96 3.76 16.25 3.22 3.19 15.49 6.59 3.47
5 24 2.33 11.96 15.95 1.91 10.85 16.16 0.51 12.15 17.27 3.19 11.23 15.46
5 24 5.83 -9.05 -3.88 3.87 -8.89 -4.05 4.9 -8.89 -3.1 5.67 -9.26 -5.01
5 24 -10.69 -6.23 -5.48 -10.71 -5.67 -6.01 -9.36 -5.88 -6.15 -12.51 -5.15 -4.31
5 24 -0.41 -9.53 11.13 0.8 -9.28 11.46 -0.15 -8.94 10.72 0.6 -9.53 12.01
5 24 0.8 -9.28 11.46 0.6 -9.53 12.01 1.81 -9.13 13.02 -0.41 -9.53 11.13
5 24 -6.16 16.55 13.83 -5.25 17.31 14.15 -6.3 17.21 13.01 -4.62 16.9 14.98
5 24 -10.8 -8.12 22.98 -11.39 -7.56 21.47 -11.49 -7.06 22.21 -10.49 -8.62 21.83
5 24 -11.21 15.57 10.76 -11.44 16.04 10.14 -12.11 14.92 10.28 -10.81 16.34 10.32
5 24 3.03 -10.17 5.25 3.61 -10.27 4.14 4.42 -9.72 5.56 2.42 -10.12 4.38
5 24 1.42 -2.26 24.91 0.66 -1.5 24.06 0.39 -2.93 23.3 1.22 -2 25.42
5 24 -15.55 3.14 -0.04 -15.66 1.79 0.38 -15.55 3.42 0.77 -15.62 2.31 -0.26
5 24 -2.42 33.99 30.99 -2.74 34.77 30.67 -1.66 34.55 31.06 -3.06 33.58 30.5
5 24 -4.46 33.25 20.6 -2.95 34.62 21.54 -5.08 33.36 20.99 -2.11 33.45 20.67
5 24 0.51 2.32 26.72 0.25 1.5 26.66 0.67 1.51 26.08 -0.01 1.95 27.45
5 24 -5.59 24.43 21.29 -4.83 24.15 20.27 -4.59 25.46 21.65 -5.63 23.28 20.77
5 24 1.53 35.9 27.59 1.83 37.08 27.38 2.08 37.01 26.1 1.81 36.47 28.07
5 24 -14.65 2.4 -4.88 -14.98 1.47 -4.73 -14.57 1.78 -5.45 -15.09 2.69 -4.1
5 24 8.97 -5.68 11.75 9.28 -5.61 10.86 10.01 -5.47 11.73 7.93 -5.85 11.86
5 24 -8.73 -4.89 -8.24 -9.1 -5.26 -6.89 -9.35 -4.25 -8.35 -8.85 -5.98 -6.49
5 24 2.33 24.54 24.27 2.17 25.36 25.34 2.29 24.63 25.14 1.95 26.02 24.41
5 24 -3.37 40.81 26.02 -2.54 40.1 25.21 -2 40.75 25.49 -3.56 40.16 26.03
5 24 -5.03 9.64 31.28 -4.45 10.78 30.78 -3.45 9.82 30.79 -5.56 10.23 30.45
5 24 -5.14 -9.67 12.52 -5.09 -10.06 13.24 -5.73 -9.65 13.49 -4.27 -10.31 13.05
5 24 -3.45 9.82 30.79 -5.03 9.64 31.28 -4.45 10.78 30.78 -4.18 8.88 31.39
5 24 2.39 30.8 24.63 1.62 32.2 24.37 1.94 30.76 23.33 2.46 30.76 25.85
5 24 -10.57 -5.19 9.95 -9.29 -5.79 10.07 -9.75 -4.83 8.79 -9.89 -5.72 10.54
5 24 -1.2 -2.04 29.34 -1.58 -0.98 28.97 -0.36 -0.96 28 -2.5 -1.14 29.13
5 24 10.45 -7.47 2.24 10.35 -7.44 1.19 8.76 -8.06 1.09 11.71 -6.51 1.39
5 24 11.18 15.03 7.12 11.06 1.99 7.37 12.5 12.61 4.02 10.29 15.9 8.31
5 24 -0.57 12.67 19.51 -0.23 13.61 20.29 -0.39 13.46 18.92 -0.46 12.76 21.16
5 24 1.49 24.77 27.73 1.23 23.98 28.42 1.78 24.14 27.68 0.46 24.34 28.7
5 24 13.91 7.21 8.25 12.42 7.44 9.74 13.64 7.71 8.46 12.1 6.63 9.76
5 24 -0.15 28.82 29.23 -1.16 28.17 30.07 -0.57 29.19 29.51 -0.81 27.05 30.01
5 24 -14.61 3.53 7.48 -14.4 3.16 6.56 -15.19 5.77 6.48 -14.16 2.86 7.5
5 24 -8.51 -5.79 5.68 -10.19 -4.6 6.41 -10.12 -4.37 5.3 -8.47 -5.92 6.54
5 24 14.82 2 -5.63 15.46 0.82 -4.96 14.08 0.79 -6.57 15.57 1.31 -4.3
5 24 -7.08 26.43 25.18 -7.16 25.81 25.02 -7.08 25.99 26.08 -6.56 25.76 24.22
5 24 -8.41 18.74 23.17 -8.74 19.37 22.93 -8.71 18.09 21.89 -7.76 20.03 23.94
5 24 -2.22 18.97 14.08 0.55 18.45 14.76 -1.06 17.25 16.3 2.32 18.62 13.18
5 24 12.02 4.98 9.57 13.28 6.2 7.91 12.1 6.63 9.76 13.63 5.15 7.7
5 24 -10.69 -6.23 -5.48 -10.65 -6.68 -3.83 -12.51 -5.15 -4.31 -9.43 -6.95 -5.2
5 24 2.68 -9.53 8.57 2.13 -9.4 9.04 2.88 -9.52 9.16 1.88 -9.41 8.82
5 24 -7.58 -9.08 -2.81 -7.41 -9.62 -2.25 -6.41 -9.61 -2.57 -8.39 -9.23 -1.68
5 24 15.41 -2.9 -2.19 16.13 -4.47 -1.83 14.92 -3.76 -3.12 15.89 -2.71 -0.93
5 24 2.4 23.53 26.62 1.9 24.71 26.53 1.78 24.14 27.68 2.35 22.83 25.09
5 24 -11.02 4.92 26.13 -11.17 3.46 26.47 -11.67 4.53 25.6 -10.08 3.54 26.93
5 24 -6.71 3.79 30.67 -6.91 5.19 30.29 -6 4.86 30.85 -8.61 4.29 30.41
5 24 -15.2 2.19 3.07 -15.48 2.3 2.16 -15.63 3.05 2.07 -15.07 1.32 1.9
5 24 -6.05 1.89 -13.51 -5.03 2.77 -12.35 -6.32 2.6 -12.02 -4.81 2.07 -13.91
5 24 -14.11 -2.53 -0.19 -13.75 -4.37 -1.09 -13.12 -3.52 0.08 -14.58 -3.74 -1.26
5 24 0.51 -0.98 24.7 0.48 -0.29 24.7 0.14 -1.11 23.93 0.79 -1.14 25.37
5 24 -8.47 -5.92 6.54 -9.75 -4.83 8.79 -10.19 -4.6 6.41 -8.68 -5.75 9.35
5 24 -14.57 4.41 8.71 -14.56 3.98 8.2 -14.66 4.69 8.21 -15.09 4.02 9.45
5 24 -4.15 -12.05 17.87 -2.74 -11.12 17.47 -4.17 -11.55 17.11 -3.07 -11.54 18.97
5 24 -8.73 -4.89 -8.24 -9.27 -3.46 -9.06 -9.35 -4.25 -8.35 -7.61 -5.53 -8.57
5 24 10.52 15.69 8.67 10.29 15.9 8.31 9.49 16.14 9.21 11.36 14.84 7.33
5 24 -6.36 13.26 15.84 -7.73 11.48 15.33 -6.4 12.26 16.75 -7.69 12.62 14.58
5 24 -5.33 33.17 22.53 -4.2 33.87 23.98 -3.7 34.74 22.56 -4.69 31.27 23.54
5 24 -6.98 17.63 11.07 -5.98 17.69 12.48 -5.31 17.9 11.87 -7.34 17.44 11.81
5 24 -11.04 -1.81 13.76 -11.53 -1.87 13.2 -10.61 -0.8 13.96 -11.15 -2.69 13.12
5 24 -9.65 4.84 20.92 -10.4 4.43 21.55 -9.68 3.24 21.49 -10.02 6.4 21.61
5 24 -0.59 20.48 29.05 0.57 17.46 28.77 -0.92 19.18 29.32 0.79 19.79 28.4
5 24 -10.27 -4.86 11.76 -10.76 -4.24 11.89 -10.67 -5.35 10.54 -10.43 -3.28 13.07
5 24 9.58 -6.79 -10.56 9.57 -6.8 -11.52 10.04 -6.07 -11.3 8.86 -7.18 -11.69
5 24 5.99 6.85 16.56 5.33 5.91 16.36 5.42 7.03 16.8 5.94 6.03 16.15
5 24 15.31 1.93 5.86 16.09 1.48 4.48 16.38 3.3 4.15 14.52 -1.03 6.23
5 24 -3.34 23.83 29.46 -3.26 22.54 29.28 -2.04 22.79 29.59 -4.25 23.37 28.8
5 24 14.92 -3.76 -3.12 15.05 -2.85 -4.67 15.62 -1.67 -2.79 14.74 -4.07 -4.03
5 24 -1.37 -10.57 0.09 -2.45 -10.51 -0.78 -2.23 -10.36 0.1 -0.68 -10.81 -0.42
5 24 -8.8 0.53 19.92 -9.91 -0.63 20.46 -10.05 0.6 20.43 -8.81 -0.8 20.11
5 24 0.87 12.72 26.32 0.85 11.42 26.14 1.65 10.79 25.42 0.47 11.55 26.62
5 24 -5.91 -9.16 11.89 -5.14 -9.67 12.52 -5.78 -9.19 12.88 -4.95 -9.49 11.74
5 24 -11.56 -3.57 10.17 -11.52 -2.76 9.78 -11.63 -2.86 11.08 -11.29 -3.43 9.58
5 24 -10.24 10.27 25.84 -10.74 10.14 25.16 -10.52 9.67 26.04 -10.15 10.8 24.73
5 24 -1.07 -5.92 -14.39 -0.23 -6.59 -12.36 1.21 -6.43 -13.86 -2.73 -5.26 -12.46
5 24 0.83 12.79 22.98 1.31 12.14 23.08 1.24 11.54 22.75 1.48 12.59 24.69
5 24 -4.56 -0.64 -15.42 -3.68 -0.28 -15.64 -4.11 -1.23 -15.38 -5.01 0.14 -15.24
5 24 2.17 25.36 25.34 2.29 24.63 25.14 1.9 24.71 26.53 2.33 24.54 24.27
5 24 -6.21 -10.65 15.29 -5.68 -11.01 15.22 -5.54 -11.32 15.78 -5.44 -10.3 14.36
5 24 10.08 -2.5 -11.59 10.51 -0.75 -10.4 10.66 -2.13 -10.17 9.32 -0.67 -11.86
5 24 5.68 4.75 16.65 7.23 4.41 15.85 7.52 5.23 15.56 5.49 4.09 16.8
5 24 12.58 12.22 8.67 12.74 12.38 8.07 12.76 10.93 8.56 12.21 12.87 8.63
5 24 -12.5 -1.74 6.59 -13.06 -0.59 6.67 -12.7 -0.98 7.93 -12.49 -1.52 5.44
5 24 -9.51 -7.76 16.6 -10.01 -6.67 17.52 -10.07 -6.99 16.45 -9.29 -7.8 18.07
5 24 -7.8 -6.89 5.11 -6.11 -7.44 6.5 -5.8 -7.96 5.96 -7.85 -6.61 5.86
5 24 15.03 7.69 0.03 14.69 7.73 1.5 15.75 6.28 1.09 13.69 8.37 0.74
5 24 -13.75 -4.37 -1.09 -13.12 -3.52 0.08 -14.11 -2.53 -0.19 -12.27 -4.22 -0.25
5 24 4.11 -9.53 6.65 4.22 -10.18 7.98 3.09 -9.93 7.47 4.76 -9.46 7.53
5 24 10 -2 0 12.45 1.87 -3.1 12.94 1.94 .17 9.239 -2 -3.827
5 24 -5.51 -2.15 -13.52 -7.38 -1.86 -12.66 -6.02 -3.72 -12.91 -6.8 -1.26 -13.11
5 24 -11.98 6.18 25.27 -10.99 7.02 25.52 -10.82 6.98 24.22 -11.47 6.65 26.04
5 24 -0.7 1.89 20.11 -1.46 1.97 20.83 -1.6 2.71 20.78 -0.91 1.05 20
5 24 13.76 11.48 6.61 14.01 11.52 5.47 13.35 12.51 4.95 13.91 10.7 6.37
5 24 -1.16 28.17 30.07 -2.52 27.66 29.93 -0.81 27.05 30.01 -2.68 28.97 29.53
5 24 -1.38 38.98 24.88 -1.68 38.35 24.66 -0.21 38.57 25.27 -2.8 38.69 25.14
5 24 14.2 -4.9 6.06 14.7 -3.43 4.95 14.58 -4.8 5.29 13.98 -4.09 7.24
5 24 -5.03 37.37 26.22 -3.96 35.3 25.29 -5.25 36.81 26.3 -3.16 36.96 24.73
5 24 -7.19 23.39 24.31 -7.73 23.5 23.52 -6.85 22.54 23.88 -7.4 23.98 23.7
5 24 9.14 -8.08 -1.28 8.72 -8.34 -2.7 10.91 -7.12 -1.73 7.96 -8.56 -1.01
5 24 -7.89 -8.35 12.39 -8.48 -8.08 13.59 -7.66 -8.56 13.45 -8.69 -7.83 12.74
5 24 11.74 10.57 10.58 12.61 11.39 9.59 12.16 10.45 9.95 11.87 11.58 10.47
5 24 -4.04 5.97 31.09 -5.05 6.27 31.4 -4.97 5.47 31.32 -3.99 6.89 31.37
5 24 12.89 -2.6 11.32 13.43 -3.98 10.28 12.07 -3.65 11.53 13.74 -3.55 9.94
5 24 -11.59 -4.71 19.51 -10.97 -6.06 19.81 -10.6 -5.41 18.85 -11.72 -5.62 20.06
5 24 -0.52 43.14 28.65 -0.03 41.88 27.86 -0.94 42.71 27.06 -0.65 42.03 29.46
5 24 -6.32 33.23 25.11 -6.66 31.99 25.55 -6.75 32.64 26.29 -5.47 31.85 24.54
5 24 -1.43 11.03 20.2 -1.14 9.88 19.52 -0.88 11.34 18.97 -1.31 10.31 21.39
5 24 6.67 -8.43 4.35 6.37 -8.53 5.82 7.42 -7.69 5.43 5.7 -8.75 5.52
5 24 3.827 -2 9.239 .17 2.02 12.95 0 -2 10 4.24 2.04 12.47
5 24 -15.9 4.66 -3.06 -16.18 4.93 -2.57 -16.06 4.13 -2.47 -15.61 5.57 -3.35
5 24 4.64 5.83 16.56 3.09 5.7 17.63 3.6 6.11 17.12 3.65 4.61 17.32
5 24 -5.27 14.27 17.7 -5.63 13.96 16.6 -5.96 13.96 17.83 -5.37 14.36 16.32
5 24 1.07 38.86 29 0.37 39.4 29.19 0.59 39.88 28.5 0.5 37.76 29.84
5 24 -0.55 -8.64 9.67 -0.85 -8.92 10.35 -0.15 -8.94 10.72 -1.63 -8.85 10.04
5 24 5.73 -6.62 -13.83 4.69 -6.76 -13.59 5 -6.05 -14.43 5.39 -6.98 -13.33
5 24 -9.79 -4.73 15.68 -9.99 -5.83 15.47 -10.01 -5.27 14.97 -9.75 -5.33 16.24
5 24 -12.56 -3.8 0.68 -12.85 -3.59 2.15 -13.64 -2.12 2.39 -12.43 -4.37 1.39
5 24 1.12 -10.35 18.3 1.11 -9.37 17.58 0.71 -10.79 17.52 1.16 -9.22 18.79
5 24 3.92 1.5 -13.58 1.89 0.32 -14.95 0.96 2.16 -14.03 3.69 -0.14 -14.38
5 24 -5.6 27.88 23.76 -6.62 26.89 24.26 -6.21 26.11 23.91 -6.06 28.08 24.52
5 24 -5.73 -9.65 13.49 -6.59 -9.45 13.61 -5.78 -9.19 12.88 -5.44 -10.3 14.36
5 24 1.12 9.37 25.23 1.65 10.79 25.42 1.65 10.1 24.86 0.57 8.96 25.92
5 24 -3.23 -9.31 26.22 -2.39 -10.39 25.34 -2.19 -9.15 25.67 -4.74 -10.99 25.25
5 24 -15.94 6.95 -1.47 -15.6 7.65 -0.84 -15.91 6.88 -0.66 -15.34 7.51 -2.64
5 24 -2.5 -1.14 29.13 -3.67 -0.13 30.73 -2.85 0.46 29.94 -2.83 -1.99 29.5
5 24 -8.74 19.37 22.93 -8.71 18.09 21.89 -8.41 18.74 23.17 -8.74 18.88 21.58
5 24 -2.13 30.87 30.41 -2.41 32.45 30.25 -3.44 31.57 28.65 -1.15 31.3 30.34
5 24 13.54 10.32 3.96 14.15 10.2 5.05 14.73 8.61 2.82 14.05 10.74 5.23
5 24 14.2 -4.9 6.06 13.46 -4.82 6.72 13.98 -4.09 7.24 12.53 -5.16 6.27
5 24 1.01 8.19 17.62 -0.12 8.82 17.92 0.87 10.1 17.01 -0.11 7.45 18.48
5 24 -0.76 40.04 31.02 -1.23 39.69 31.41 -1.77 41.11 31.39 -0.4 39.28 30.92
5 24 -3.35 23.84 18.36 -3.17 23.17 18.65 -4.45 23.72 19.05 -1.71 23.37 18.57
5 24 -0.54 10.32 18.87 -1.14 9.88 19.52 -0.88 11.34 18.97 -0.98 8.39 18.71
5 24 -2.85 -10.49 13.87 -1.79 -9.93 13.21 -2.68 -10.46 13.32 -1.63 -10.16 14.58
5 24 12.7 -6.98 -3.93 13.48 -7.18 -2.97 13.52 -6.65 -3.69 12.28 -7.56 -2.91
5 24 11 -5.61 11.52 11.03 -5.83 11.12 11.98 -4.82 11.11 10.01 -5.47 11.73
5 24 -6.34 27.97 25.34 -6.62 26.89 24.26 -6.06 28.08 24.52 -7.08 26.43 25.18
5 24 2.12 28.33 23.23 1.94 30.76 23.33 2.92 29.96 23.97 0.4 30.7 22.4
5 24 -0.65 -9.82 23.07 0.11 -8.99 23.19 -0.62 -9.34 23.59 0.1 -9.36 22.44
5 24 -2.29 -9.5 5.56 -2.23 -9.19 7.33 -3.37 -9.08 6.01 -0.91 -9.68 6.02
5 24 3.44 -5.89 15.93 3.03 -6.34 16.38 3.03 -5.96 16.75 2.98 -6.7 16
5 24 -6.24 9.11 29.89 -7.35 9.21 29.41 -6.47 9.68 29.48 -7.11 7.4 29.91
5 24 3.4 28.2 24.46 3.08 27.7 24.18 3.6 27.64 25.22 2.12 28.33 23.23
5 24 -14.61 3.53 7.48 -14.16 2.86 7.5 -14.4 3.16 6.56 -14.32 3.2 8.26
5 24 -15.63 3.05 2.07 -15.22 4.9 4.16 -15.35 6.81 3.72 -15.2 2.19 3.07
5 24 -14.76 0.29 3.28 -14.7 -0.67 2.19 -13.92 -1.21 3.36 -15.07 1.32 1.9
5 24 -7.19 -2.85 29.77 -6.27 -2.36 30.73 -5.85 -3.68 29.87 -6.92 -2 30.45
5 24 -4.95 -11.66 23.11 -5.42 -11.54 21.69 -5.72 -11.19 23.3 -4.42 -12.1 21.7
5 24 0.92 -10.48 19.16 0.85 -9.85 19.55 1.16 -9.22 18.79 0.31 -10.4 19.92
5 24 6.5 0.1 15.29 7.12 -0.49 15.26 5.27 -1.34 15.8 8.53 0.73 13.88
5 24 9.57 -6.8 -11.52 9.08 -5.65 -12.25 10.04 -6.07 -11.3 8.54 -6.41 -12.44
5 24 -4.69 -1.16 31.1 -4.2 -2.1 30.71 -5.27 -2.68 30.69 -3.67 -0.13 30.73
5 24 -1.81 26.44 19.53 -3.32 24.97 18.63 -3.16 26.34 19.73 -1.66 24.99 18.52
5 24 -3.26 2.62 31.12 -4.42 3.37 31.89 -3.09 3.85 31.22 -4.19 2.18 31.7
5 24 -11.55 0.9 21.7 -10.05 0.6 20.43 -10.05 1.64 20.77 -12.23 -0.05 21.85
5 24 1.31 13.95 23.57 1.88 14.83 23.61 1.52 13.46 25.12 0.6 14.63 22.26
5 24 2.39 -7.54 -13.34 2.93 -7.52 -13.83 2.75 -7.78 -12.94 2.41 -7 -14.3
5 24 2.41 -7 -14.3 2.39 -7.54 -13.34 1.21 -6.43 -13.86 2.93 -7.52 -13.83
5 24 -3.26 13.52 30.75 -3.56 11.86 30.8 -6.22 11.19 30.38 -2.62 12.56 30.02
5 24 -8.19 18.72 21.02 -8.74 18.88 21.58 -8.71 18.09 21.89 -8.57 19.71 21.54
5 24 0.11 -8.99 23.19 0.53 -7.94 24.4 0.8 -8.28 23.08 -0.42 -9.05 24.38
5 24 -3.41 -9.85 1.65 -3.1 -10.03 0.39 -4.32 -10.42 1.06 -2.68 -9.96 1.35
5 24 -4.03 -5.35 29.28 -3.22 -5.58 28.33 -2.62 -5.14 28.31 -3.89 -6.15 28.46
5 24 8.54 -6.41 -12.44 7.52 -6.24 -12.55 7.72 -5.48 -12.64 7.75 -7.32 -12.11
5 24 -0.31 -11.29 20.56 0.15 -10.12 20.54 -0.25 -10.92 19.68 0.2 -10.57 21.37
5 24 -14.89 7.34 6.71 -14.83 8.15 7.88 -15.18 8.69 6.92 -14.66 6.72 7.78
5 24 14.16 2.06 8.08 14.02 3.63 7.93 14.31 2.14 7.15 12.5 3.21 9.94
5 24 -0.83 41.49 29.94 -0.65 42.03 29.46 -0.82 42.14 30.38 0.27 40.89 28.55
5 24 -9.46 -8.46 -2.19 -9.08 -8.26 -1.29 -8.73 -8.58 -2.37 -10.44 -8.05 -1.9
5 24 12.43 1.98 3.95 11.06 1.99 7.37 12.5 12.61 4.02 9.239 -2 3.827
5 24 12.94 1.94 .17 12.43 1.98 3.95 13.17 8.49 .57 10 -2 0
5 24 -6.8 2.03 11.34 -9.86 2.03 8.63 -9.31 16.67 9.21 -7.071 -2 7.071
5 24 -12.02 2.05 5.07 -12.01 13.59 4.98 -12.56 11.42 3.47 -11.37 14.7 6.12
5 24 5 18.25 11.99 4.24 2.04 12.47 2.39 18.55 12.71 6.25 17.77 11.48
5 24 7.52 17.25 10.72 7.73 2.11 10.52 8.39 16.69 10.18 4.24 2.04 12.47
5 24 -12.62 1.89 -2.74 -9.239 -2 -3.827 -10 -2 0 -10.87 .95 -5.01
5 24 8.76 -8.06 1.09 10.45 -7.47 2.24 9.1 -7.35 3.86 10.35 -7.44 1.19
5 24 -8.52 14.46 21.99 -8.86 14.77 22.45 -8.15 15.73 21.73 -8.83 13.52 22.52
5 24 4.42 -9.72 5.56 4.11 -9.53 6.65 3.86 -9.94 5.74 4.44 -9 6.53
5 24 -9.08 2.31 -9.63 -9.57 1.28 -10.2 -10.52 1.62 -9.04 -8.22 1.31 -11.31
5 24 -7.85 11.03 19.75 -7.06 10.46 19.67 -7.94 10.26 19.99 -6.89 11.29 19.43
5 24 0.87 39.54 27.03 0.1 40.2 26.83 0.85 39.96 27.87 0.31 39.13 26.26
5 24 -6.44 -7.96 27.72 -7.86 -7.52 28.04 -7.04 -8.28 27.13 -6.7 -6.74 28.44
5 24 -10.01 9.21 21.24 -8.79 10.22 20.49 -9.7 10.14 21.26 -9.4 8.58 20.23
5 24 -11.21 15.57 10.76 -12.11 14.92 10.28 -11.44 16.04 10.14 -11.55 14.87 10.74
5 24 1.07 -10.06 6.33 1.64 -10.49 7.06 0.65 -9.4 7.61 2 -10.47 6.27
5 24 -12.1 0.43 22.16 -11.78 1.41 23.51 -12.2 0.25 23.54 -11.21 1.43 22.27
5 24 -8.44 -8.38 14.25 -9.35 -7.57 15.12 -9.05 -7.53 13.94 -8.71 -8.11 15.1
5 24 0.66 22.07 23.52 1.59 20.62 23.54 1.94 21.53 24.51 -0.22 21.45 22.29
5 24 1.1 38.55 26.26 1.08 37.84 25.45 1.59 37.81 26.71 -0.21 38.57 25.27
5 24 1.09 30.49 28.26 2.35 30.18 26.7 0.39 29.16 27.76 2.45 30.34 26.97
5 24 0.57 6.37 24.41 0.12 5.85 24.14 -0.27 6.41 23.4 0.53 6.02 26.16
5 24 -12.72 13.51 5.39 -12.16 12.87 4.23 -13.61 12.18 4.59 -12.01 13.59 4.98
5 24 -1.48 18.95 29.57 -1.83 21.19 29.95 -0.92 19.18 29.32 -2.83 18.49 29.73
5 24 11.94 -6.68 -0.08 12.7 -7.26 -0.96 11.45 -7 -0.63 13.06 -6.63 -0.52
5 24 0.96 2.16 -14.03 0.75 0.39 -14.9 1.89 0.32 -14.95 -0.12 2.21 -13.87
5 24 -10.54 -6.63 0.46 -10.56 -6.84 -0.27 -9.16 -7.53 -0.27 -11.71 -4.95 -0.12
5 24 15.48 -3.02 0.83 15.68 -4.07 0.26 15.72 -3.96 0.73 15.65 -2.94 -0.14
5 24 9.83 10.23 13.43 9.56 11.33 13.21 8.69 10.13 13.65 10.49 10.23 12.94
5 24 16.25 -1.31 -1.42 15.62 -1.67 -2.79 16.33 2.07 -3 15.41 -2.9 -2.19
5 24 -6.39 25.27 24.02 -6.56 25.76 24.22 -7.16 25.81 25.02 -6.21 26.11 23.91
5 24 -16.16 2.93 -2.35 -16.13 4.44 -1.69 -16.24 3.37 -1 -16.06 4.13 -2.47
5 24 -5.33 -9.59 0.86 -4.32 -10.42 1.06 -4.85 -10.66 0.24 -4.06 -9.71 1.76
5 24 -12.47 8.35 -4.59 -13.67 8.57 -3.12 -13.58 8.04 -4.57 -12.88 8.77 -2.78
5 24 -6.9 20.19 20.54 -6.7 20.17 19.39 -6.6 20.77 19.69 -7.09 19.73 20.24
5 24 -15.2 8.91 3.2 -15.86 7.65 0.81 -16.08 7.11 1.73 -15.3 8.66 1.91
5 24 2.66 4.71 18.13 -0.02 4.53 18.73 0.28 5.44 18.5 1.54 3.6 18.29
5 24 11.74 10.57 10.58 12.27 9.53 10.73 11.67 9.79 11.3 12.16 10.45 9.95
5 24 -3.77 45.59 28.96 -3.77 44.6 28.74 -2.62 45.61 28.36 -4.14 44.67 29.67
5 24 -5.49 32.8 21.07 -5.33 33.17 22.53 -5.08 33.36 20.99 -5.48 30.76 21.87
5 24 -0.35 44.81 28.74 -0.52 43.14 28.65 0.26 44.1 29.67 -1.48 44.01 27.95
5 24 10.12 11.53 12.73 9.56 11.33 13.21 10.49 10.23 12.94 9.35 12.28 12.3
5 24 -6.75 32.64 26.29 -6.66 31.99 25.55 -6.39 31.54 26.74 -6.32 33.23 25.11
5 24 -13.86 11.6 9.42 -13.04 12.08 9.93 -13.21 12.29 8.99 -13.05 11.75 10.67
5 24 12.5 12.61 4.02 12.76 12.56 4.32 12.02 14.53 5.4 13.06 11.38 3.58
5 24 -0.98 36.42 30.67 -0.74 38.08 31.26 -0.03 37.81 30.4 -2.3 35.94 30.78
5 24 1.15 -2.02 18.58 0.8 -2.42 19.23 -0.15 -1.86 19.72 1.44 -2.98 18.94
5 24 15.76 6.4 -1.38 16.14 5.65 -0.25 16.08 4.58 -1.19 15.27 7.28 -1.5
5 24 -7.04 -8.28 27.13 -7.71 -9.08 26.66 -6.8 -8.89 26.88 -8.67 -7.98 26.68
5 24 3.61 -10.27 4.14 4.42 -9.72 5.56 3.03 -10.17 5.25 4.91 -9.17 5.29
5 24 7.6 17.1 11.07 6.27 17.75 11.88 6.95 16.85 12.73 6.25 17.77 11.48
5 24 -9.16 -3.64 29.11 -9.52 -4.38 28.01 -10.34 -2.48 27.9 -9.04 -4.88 28.31
5 24 -2.97 36.57 22.2 -3.01 35.76 21.69 -3.55 36.45 22.59 -2.02 35.81 21.54
5 24 0.83 -9.56 15.12 1.49 -8.74 15.48 1.24 -9.06 15.86 1.11 -9.27 14.71
5 24 -4.78 30.31 23.79 -5.48 30.76 21.87 -4.69 31.27 23.54 -5.39 30.14 21.54
5 24 9.23 -7.24 5.49 9.1 -7.35 3.86 8.19 -7.47 4.94 10.32 -6.85 3.96
5 24 2.48 27.44 27.69 2.49 26.64 27.58 1.43 26.65 28.05 3.23 26.89 26.72
5 24 -8.41 18.74 23.17 -7.27 18.82 24.18 -7.88 18.15 23.28 -7.76 20.03 23.94
5 24 -8.47 -8.68 -4.37 -7.42 -8.9 -4.76 -8.31 -8.41 -5.14 -7.58 -9.08 -2.81
5 24 10.68 8.11 13.34 10.22 6.77 12.86 9.45 6.73 13.99 11.02 7.64 12.69
5 24 -4.81 38.25 26.6 -5.49 38.07 28.43 -5.57 37.14 26.98 -5.3 38.64 28.53
5 24 -3.77 44.6 28.74 -4.82 43.97 29.6 -4.14 44.67 29.67 -4.54 43.81 28.36
5 24 -3.82 -3.31 -14.77 -4.9 -3.1 -13.51 -4.25 -3.84 -13.5 -5 -2 -14.51
5 24 1.89 0.32 -14.95 1.52 -0.77 -15.16 3.13 -2.47 -14.82 0.75 0.39 -14.9
5 24 -5.53 -8.62 5.26 -6.75 -8.2 3.84 -3.44 -9.78 4.1 -7.36 -7.62 4.64
5 24 -0.62 -9.34 23.59 -0.65 -9.82 23.07 0.11 -8.99 23.19 -1.16 -10.21 23.38
5 24 -11.22 -5.84 1.47 -12.43 -4.37 1.39 -11.69 -5.01 2.42 -11.71 -4.95 -0.12
5 24 14.02 3.63 7.93 14.29 3.72 6.9 13.63 5.15 7.7 14.31 2.14 7.15
5 24 -13.21 12.29 8.99 -12.48 13.21 10.01 -12.78 13.36 8.99 -13.04 12.08 9.93
5 24 -7.98 16.14 19.95 -7.8 15.6 19.79 -7.19 16.47 18.69 -7.91 15.05 21.29
5 24 0.98 -10.83 4.85 0.9 -10.04 6.09 1.47 -10.3 5.69 0.08 -10.52 4.98
5 24 -5.04 -10.43 -0.53 -4.26 -10.78 -0.06 -4.85 -10.66 0.24 -4.25 -10.52 -0.57
5 24 -11.43 -5.76 25.01 -11.74 -4.58 25.04 -11.08 -4.3 25.68 -12.09 -5.59 23.03
5 24 -11.29 -3.43 9.58 -10.61 -3.94 8.66 -10.81 -4.21 9.48 -11.74 -3.03 7.61
5 24 -3.42 44.18 32.72 -3.56 44.54 32.58 -2.88 44.86 32.97 -4.25 44.17 31.88
5 24 -0.34 29.05 22.1 -0.98 29.97 20.15 -1.32 29.19 20.29 0.1 29.69 22.21
5 24 -2.85 -10.49 13.87 -3.86 -10.66 14.23 -2.59 -10.68 14.31 -4.09 -10.29 13.81
5 24 -1.27 21.76 18.35 -0.4 22.63 19.24 -0.24 20.89 19.34 -1.71 23.37 18.57
5 24 0.4 30.7 22.4 2.12 28.33 23.23 0.1 29.69 22.21 1.94 30.76 23.33
5 24 -0.03 15.64 18.53 0.23 16.23 19.55 -0.27 15.52 19.73 -0.7 16.57 17.19
5 24 -1.37 1.98 22.37 -1.76 0.92 22.24 -0.41 0.71 23.58 -1.46 1.97 20.83
5 24 -4.01 45.84 30.4 -3.46 46.14 29.52 -3.77 45.59 28.96 -3.62 46.09 30.82
5 24 -4.36 39.58 27.9 -5.3 38.64 28.53 -4.81 38.25 26.6 -4.28 40.1 30.12
5 24 -5.62 21.15 18.96 -4.49 20.59 18.32 -4.34 21.43 18.47 -5.77 20.51 18.74
5 24 15.49 6.59 3.47 15.98 4.86 2.75 16.23 4.96 3.76 15.45 6.41 2.24
5 24 13.52 9.41 2.14 13.69 8.37 0.74 14.69 7.73 1.5 13.17 8.49 0.57
5 24 -12.57 -4.05 21.91 -13.12 -2.77 21.5 -12.98 -2.91 22.22 -12.97 -3.02 21.05
5 24 -2.88 20.59 18.13 -4.34 21.43 18.47 -3.17 23.17 18.65 -4.49 20.59 18.32
5 24 16.13 -4.47 -1.83 14.92 -3.76 -3.12 14.65 -4.58 -3.39 15.41 -2.9 -2.19
5 24 -3.82 -3.31 -14.77 -3.42 -3.98 -14.17 -4.25 -3.84 -13.5 -2.66 -3.74 -14.77
5 24 0.82 4.53 25.18 0.49 4.9 25.98 0.12 5.85 24.14 0.94 3.91 25.92
5 24 -8.94 13.1 21.01 -8.69 13.3 21.95 -8.73 12.66 22.29 -8.33 14.12 21.54
5 24 -10.17 8.41 20.89 -8.83 7.66 20 -9.4 8.58 20.23 -10.43 7.38 21.32
5 24 -4.14 -11.28 20.09 -4.34 -12.13 18.81 -4.94 -12.09 19.12 -3.51 -11.51 19.57
5 24 0.26 11.82 22.13 -0.46 12.76 21.16 -0.54 11.53 21.98 0 13.42 22.23
5 24 2.69 -8.17 14.12 3.47 -8.32 13.53 2.73 -7.92 14.58 2.78 -8.38 13.53
5 24 13.48 -6.56 0.32 12.86 -6.43 0.13 12.49 -6.28 0.77 14.22 -6.44 -0.29
5 24 1.38 -8.42 16.68 0.74 -9.93 16.8 1.11 -9.37 17.58 1.24 -9.06 15.86
5 24 -0.93 23.48 29.73 -2.06 24.18 29.91 -0.53 24.38 29.69 -2.04 22.79 29.59
5 24 3.03 -10.17 5.25 2.37 -10.04 5.27 2.42 -10.12 4.38 2.69 -9.99 6
5 24 -13.07 3.66 -6.93 -12.9 2.05 -7.56 -13.68 2.57 -6.86 -12.07 2.99 -7.58
5 24 -2.82 -6.9 -11.13 -5.33 -5.71 -11.14 -2.83 -7.41 -9.96 -2.73 -5.26 -12.46
5 24 5.83 -9.05 -3.88 8.72 -8.34 -2.7 7.96 -8.56 -1.01 7.51 -8.89 -4.5
5 24 -11.47 6.65 26.04 -10.75 7.06 26.38 -11.32 5.8 26.53 -10.99 7.02 25.52
5 24 -6.11 29.3 21.43 -5.38 28.92 20.42 -6.19 28.39 21.58 -4.83 29.75 20.8
5 24 0.13 45.55 30.42 -1.1 44.03 32.19 0.26 44.1 29.67 -0.9 45.01 31.8
5 24 1.65 10.79 25.42 1.65 10.1 24.86 1.82 11.57 24.22 1.12 9.37 25.23
5 24 -3.71 35.77 22.51 -3.7 34.74 22.56 -3.58 35.08 23.65 -3.01 35.76 21.69
5 24 3.09 -1.39 17.02 3.89 -2.39 16.45 4.14 -1.62 16.3 2.82 -2.92 16.91
5 24 1.5 39.51 28.31 1.07 38.86 29 1.75 38.88 28.82 0.59 39.88 28.5
5 24 -8.68 -5.75 9.35 -8.64 -6.64 9.88 -9.29 -5.79 10.07 -8.16 -6.36 9.3
5 24 -9.18 11.46 20.8 -9 12.02 21.37 -8.83 12.16 20.89 -9.85 10.97 21.55
5 24 -12.89 -1.34 24.74 -11.85 -2.77 25.47 -12.57 -2.58 24.57 -12.7 -0.77 25.38
5 24 -4.74 17.77 28.21 -5.73 17.18 27.58 -5.03 16.72 28.12 -5.21 18.56 27.86
5 24 -4.16 -9.96 12.44 -3.99 -9.75 11.67 -2.39 -10.18 12.8 -4.95 -9.49 11.74
5 24 5.08 -4.08 -14.26 4.97 -4.83 -14.68 5.99 -4.87 -14.33 4.59 -4.5 -14.71
5 24 5.26 8.84 15.72 5.67 9.35 15.51 6.82 8.12 15.66 4.26 9.21 15.94
5 24 -2.56 29.39 19.85 -0.98 29.97 20.15 -1.83 31.73 19.43 -1.32 29.19 20.29
5 24 -4.42 -12.1 21.7 -5.42 -11.54 21.69 -4.95 -11.66 23.11 -5.32 -11.22 20.08
5 24 4.48 -9.21 11.12 4.59 -8.64 11.79 5.02 -7.94 10.99 4.13 -8.75 12.14
5 24 -1.7 -11.29 22.19 -1.37 -11.53 21.83 -3.06 -11.65 20.74 -0.81 -11.18 22.26
5 24 -15.5 7.51 3.51 -14.67 9.09 4.87 -15.2 8.91 3.2 -14.68 7.78 5.09
5 24 3.89 -2.39 16.45 2.82 -2.92 16.91 4.06 -3.18 16.52 3.09 -1.39 17.02
5 24 5.34 -2.68 15.79 3.89 -2.39 16.45 5.18 -1.98 15.84 4.06 -3.18 16.52
5 24 -1.03 39.9 25.13 -0.21 38.57 25.27 -1.38 38.98 24.88 0.31 39.13 26.26
5 24 -2.65 -6.32 28.03 -2.9 -7.62 27.67 -2.13 -6.95 27.58 -3.38 -6.93 28.17
5 24 -11.48 -3.68 24.75 -12.57 -2.58 24.57 -11.85 -2.77 25.47 -12.08 -3.29 23.26
5 24 -3.63 -8.49 27.89 -4.06 -7.77 28.38 -5.1 -8.62 28.19 -2.9 -7.62 27.67
5 24 -15.03 -2.15 -1.6 -14.86 -3.2 -2.21 -14.79 -2.21 -2.52 -14.99 -2.93 -1.43
5 24 6.25 17.77 11.48 4.24 2.04 12.47 5 18.25 11.99 7.52 17.25 10.72
5 24 12.31 12.48 9.65 12.55 12.19 9.53 11.65 12.01 10.44 12.58 12.22 8.67
5 24 -0.22 20.55 20.96 -0.57 19.24 19.99 -0.29 19.28 21.28 -0.48 20.1 19.74
5 24 11.86 8.42 10.92 12.27 9.53 10.73 11.67 9.79 11.3 12.47 9.1 10.57
5 24 -0.23 13.61 20.29 0 13.42 22.23 -0.46 12.76 21.16 -0.06 14.67 21.15
5 24 -3.99 6.89 31.37 -2.7 7.75 30.14 -2.96 6.72 30.35 -4.18 8.88 31.39
5 24 13.34 -4.91 7.31 13.5 -4.76 8.55 13.98 -4.09 7.24 13.28 -5.22 8.48
5 24 -15.91 6.88 -0.66 -16.28 6.31 0.96 -16.08 5.93 -0.63 -15.86 7.65 0.81
5 24 -1.78 29.44 29.97 -0.57 29.19 29.51 -1.16 28.17 30.07 -0.78 29.93 29.75
5 24 -11.63 -2.86 11.08 -11.56 -3.57 10.17 -11.53 -3.78 10.93 -11.52 -2.76 9.78
5 24 2.39 18.55 12.71 2.32 18.62 13.18 -1.77 18.85 13.48 4.58 18.33 12.66
5 24 -1.06 17.25 16.3 -0.7 16.57 17.19 -1.41 17.15 17.01 -0.2 16.74 16.34
5 24 0.85 11.42 26.14 1.65 10.79 25.42 0.87 12.72 26.32 0.68 9.97 26.31
5 24 -9.54 -3.27 14.16 -9.9 -3.55 13.43 -9.8 -2.94 13.84 -9.72 -3.92 14.07
5 24 -1.26 42.03 26.22 -0.11 41.4 26.95 -0.94 42.71 27.06 -0.48 40.9 26.32
5 24 0.82 4.53 25.18 -0.46 4.8 23.38 0.12 5.85 24.14 0.84 2.93 25.53
5 24 9.1 2.73 13.22 8.66 3.83 14.09 8.41 2.08 13.8 9.35 3.84 13.11
5 24 2.36 21.23 25.88 2.35 22.83 25.09 2.24 22.12 27.65 1.94 21.53 24.51
5 24 1.67 -6.01 -14.76 2.41 -7 -14.3 2.36 -5.92 -15.1 1.21 -6.43 -13.86
5 24 -0.12 2.21 -13.87 0.96 2.16 -14.03 0.75 0.39 -14.9 0.77 2.64 -13.2
5 24 5.99 -4.87 -14.33 5.08 -4.08 -14.26 5.78 -3.81 -13.99 4.97 -4.83 -14.68
5 24 -11.2 2.74 26.74 -12.01 3.15 25.79 -11.17 3.46 26.47 -12.01 2.42 26.05
5 24 -11.23 6.94 13.69 -11.17 7.83 13.46 -10.26 8.22 14.37 -12.36 7.56 12.73
5 24 -7.59 -10.97 23.37 -7.92 -9.82 24.24 -8.39 -10.16 23.34 -6.43 -10.16 24.49
5 24 6.58 14.44 13.09 7.18 14.1 13.23 7.76 14.27 12.66 6.86 13.51 13.69
5 24 -0.25 -10.92 19.68 -1.15 -11.59 17.56 -1.7 -11.25 18.41 0.67 -10.95 18.83
5 24 3.13 -2.47 -14.82 1.89 0.32 -14.95 3.69 -0.14 -14.38 1.52 -0.77 -15.16
5 24 9.14 -8.08 -1.28 9.95 -7.84 0.08 8.58 -8.33 0.18 10.97 -7.1 -1.21
5 24 2.01 -10.16 0.54 3.02 -10.27 1.78 2.16 -9.89 1.94 3.49 -10.16 1.19
5 24 -3.07 -11.54 18.97 -2.18 -11.88 19.42 -1.7 -11.25 18.41 -2.82 -11.9 20.02
5 24 -10.23 -6.21 16.34 -9.64 -5.29 17.16 -10.1 -6.03 17.36 -9.75 -5.33 16.24
5 24 -11.86 -1.75 11.08 -11.53 -1.87 13.2 -12.18 -1.06 11.49 -11.29 -2.64 12.32
5 24 -1.48 -10.67 23.08 -1.7 -11.29 22.19 -2.1 -11.19 22.56 -0.89 -10.68 22.7
5 24 -0.24 20.89 19.34 -1.22 20.74 18.27 -1.27 21.76 18.35 -0.48 20.1 19.74
5 24 -3.56 40.16 26.03 -2.71 39.62 25.22 -2.54 40.1 25.21 -4.55 40.02 27.87
5 24 13.06 11.38 3.58 13.54 10.32 3.96 13.08 10.41 3.12 13.72 11.53 4.27
5 24 -14.66 4.69 8.21 -15.19 5.77 6.48 -14.66 6.72 7.78 -14.61 3.53 7.48
5 24 11.74 -5.38 10.3 12.41 -4.5 10.15 11.6 -5.21 9.58 11.98 -4.82 11.11
5 24 -2.39 -10.39 25.34 -3.28 -11.27 24.92 -2.05 -11.42 24.08 -4.74 -10.99 25.25
5 24 -3.44 31.57 28.65 -5.07 31.45 28.02 -3.66 32.86 28.83 -4.02 30.95 28.07
5 24 3.68 -9.98 3.64 4.48 -9.3 3.75 3.35 -9.87 3.21 4.91 -9.17 5.29
5 24 4.19 2.12 17.35 3.23 0.9 17.57 2.1 1.39 18.38 4.16 1.07 16.87
5 24 -4.84 20.26 28.98 -4.92 19.4 28.86 -5.39 20.01 27.46 -4.38 19.14 29.3
5 24 -7.85 -6.61 5.86 -7.95 -6.67 6.59 -7.13 -7.33 7.47 -8.47 -5.92 6.54
5 24 -5.56 10.23 30.45 -6.42 10.5 29.61 -6.22 11.19 30.38 -6.24 9.11 29.89
5 24 -0.39 34.61 30.63 -0.25 36.2 29.78 0.11 35.51 29.36 -0.98 36.42 30.67
5 24 8.37 8.98 14.99 8.53 8.05 14.45 7.99 7.97 14.94 8.93 8.62 14.17
5 24 -11.14 -7.9 20.99 -10.97 -6.06 19.81 -10.36 -6.94 19.46 -11.48 -6.19 20.78
5 24 0.59 39.88 28.5 1.5 39.51 28.31 1.07 38.86 29 0.85 39.96 27.87
5 24 5.85 1.74 15.71 4.14 -1.62 16.3 6.54 1.53 15.28 4.98 1.61 16.22
5 24 6.97 7.07 15.79 6.25 7.55 16.31 6.97 6.66 15.83 6.82 8.12 15.66
5 24 1.88 -9.41 8.82 2.13 -9.4 9.04 1.33 -9.03 9.23 2.68 -9.53 8.57
5 24 -1.12 -7.24 -11.74 -2.82 -6.9 -11.13 -2.83 -7.41 -9.96 -2.73 -5.26 -12.46
5 24 5.67 -9.26 -5.01 6.54 -9.27 -5.5 5.83 -9.05 -3.88 5.03 -9.18 -6.07
5 24 -7.79 -6.62 -7.56 -5.33 -7.72 -7.07 -7.46 -7.4 -6.82 -7.61 -5.53 -8.57
5 24 -12.37 -0.36 24.22 -11.96 -1.5 22.8 -12.28 -2.03 23.25 -12.2 0.25 23.54
5 24 -0.25 36.2 29.78 0.45 37.06 29.77 0.53 36.29 29.22 -0.33 36.93 30.05
5 24 14.98 8.65 3.99 14.15 10.2 5.05 14.7 9.42 5.94 14.73 8.61 2.82
5 24 0 -9.5 4 -1.24 -9.82 5.09 -0.51 -9.95 5.28 -0.7654 -9.5 3.8478
5 24 12.1 6.63 9.76 11.59 7.38 10.91 10.91 6.95 11.47 12.42 7.44 9.74
5 24 -1.93 -5.29 -14.41 -1.32 -4.11 -15.23 -0.46 -5.26 -15.44 -2.45 -4.24 -14.44
5 24 -7.62 6.41 19.23 -7.63 7.5 18.1 -7.76 7.37 19.8 -7.84 6.71 17.96
5 24 9.86 9.22 13.39 9.83 10.23 13.43 9.16 9.25 13.73 10.28 9.27 12.9
5 24 -2.82 -11.9 20.02 -3.07 -11.54 18.97 -2.18 -11.88 19.42 -3.51 -11.51 19.57
5 24 13.94 6.54 7.12 13.91 7.21 8.25 13.28 6.2 7.91 14.04 7.49 7.91
5 24 -2 40.75 25.49 -1.03 39.9 25.13 -2.54 40.1 25.21 -0.48 40.9 26.32
5 24 0.57 8.96 25.92 1.65 10.79 25.42 0.68 9.97 26.31 1.12 9.37 25.23
5 24 12.39 1.57 11 12.18 -1.26 10.74 12.61 1.8 10.21 11.94 -1.83 11.38
5 24 -12.69 11.98 11.53 -12.02 14.07 10.61 -10.98 14.14 11.94 -12.7 12.81 10.91
5 24 13.5 -4.76 8.55 13.28 -5.22 8.48 13.05 -5.18 9.05 13.34 -4.91 7.31
5 24 -13.41 -3.08 -5.69 -12.72 -2.27 -6.43 -12.64 -3.13 -5.81 -13.46 -1.55 -6.11
5 24 7.97 -7.87 2.82 6.76 -8.76 2.48 6.57 -8.65 -0.57 6.67 -8.43 4.35
5 24 5.26 8.84 15.72 4.64 7.49 16.7 5.87 7.63 16.44 4.26 9.21 15.94
5 24 -6.84 9.48 19.96 -8.09 9.41 20.12 -7.45 8.32 19.72 -7.94 10.26 19.99
5 24 14.54 -3.96 -5.04 13.58 -3.24 -7.14 14.78 -1.75 -6.09 13.03 -4.77 -6.46
5 24 0.51 -0.98 24.7 0.66 -1.5 24.06 0.79 -1.14 25.37 0.14 -1.11 23.93
5 24 10.04 -6.07 -11.3 9.94 -4.57 -10.87 10.19 -6.04 -10.01 9.08 -5.65 -12.25
5 24 11.73 2.84 -7.96 11.69 3.77 -7.38 14.08 0.79 -6.57 10.19 3.19 -8.22
5 24 -10.23 9.67 23.84 -10.35 8.61 22.85 -10.73 9.3 24.05 -10.21 9.43 22.55
5 24 -8.48 -9.45 16.9 -8.74 -8.44 16.74 -8.39 -9.33 16.03 -9.02 -8.37 17.79
5 24 -2.09 6.05 20.71 -2 5.77 19.89 -1.88 6.96 19.69 -2.25 5.09 21.1
5 24 -1.32 -4.11 -15.23 -1.33 -3.44 -15.41 -2.66 -3.74 -14.77 1.58 -3.34 -15.74
5 24 -0.62 -10.29 14.7 -0.44 -9.92 14.09 -1.11 -9.72 13.73 0.29 -9.86 14.54
5 24 6.54 1.53 15.28 6.53 3.07 15.74 7.22 3.41 15.42 5.85 1.74 15.71
5 24 -6.59 -9.45 13.61 -5.44 -10.3 14.36 -5.73 -9.65 13.49 -7.09 -9.82 14.67
5 24 0.5 37.76 29.84 -0.03 37.81 30.4 0.37 39.4 29.19 0.45 37.06 29.77
5 24 -3.46 46.14 29.52 -2.47 46.12 28.99 -3.11 46.22 30.77 -3.77 45.59 28.96
5 24 -5.54 -11.32 15.78 -6.49 -10.79 16.21 -6.21 -10.65 15.29 -5.82 -11.18 16.55
5 24 -1.15 -11.59 17.56 -1.68 -11.45 17.51 -1.4 -11.5 16.76 -1.7 -11.25 18.41
5 24 -12.01 2.42 26.05 -11.65 1.29 25.75 -11.2 2.74 26.74 -12.46 1.94 25.35
5 24 -3.27 25.6 29.06 -2.06 24.18 29.91 -3.34 23.83 29.46 -2.12 26 29.84
5 24 1.34 22.71 23.46 0.66 22.07 23.52 0.36 23.15 23.08 2.15 22.67 23.85
5 24 -15.02 3.06 9.28 -13.95 1.9 9.22 -14.32 3.2 8.26 -13.67 1.56 10.24
5 24 -7.43 -8.19 3.3 -6.75 -8.2 3.84 -5.97 -8.57 2.82 -7.9 -7.54 4.13
5 24 -1.29 -8.7 25.39 -0.42 -9.05 24.38 -1.22 -9.54 24.83 -0.19 -8.34 25.14
5 24 -0.74 38.08 31.26 -2.3 35.94 30.78 -3.58 37.05 30.88 -0.98 36.42 30.67
5 24 -0.49 24.92 19.74 -1.81 26.44 19.53 -1.66 24.99 18.52 -0.46 25.96 21.06
5 24 -11.32 4.16 23.4 -11.18 5.46 23.57 -11.66 4.5 23.9 -10.7 4.94 22.75
5 24 -0.61 23.33 19.58 -0.4 22.63 19.24 -1.71 23.37 18.57 -0.21 22.79 20.91
5 24 4.72 -5.69 15.55 3.39 -5.48 16.47 3.44 -5.89 15.93 5.04 -4.73 15.9
5 24 5 -6.05 -14.43 3.93 -5.75 -14.6 4.33 -6.43 -14.01 4.97 -5.64 -14.63
5 24 14.98 -5.79 -0.43 14.84 -6.18 0.19 14.22 -6.44 -0.29 15.14 -5.72 0.48
5 24 12.28 -7.56 -2.91 11.84 -7.49 -2.02 11.91 -7.44 -3.44 12.24 -7.42 -1.23
5 24 3.34 27.92 27.12 1.85 28.82 27.3 2.48 27.44 27.69 2.6 29.54 26.45
5 24 0.09 -3.88 21.06 -0.84 -2.67 20.84 0.05 -3.58 20.43 -0.41 -3.17 22.02
5 24 14.35 -6.25 0.96 13.48 -6.56 0.32 14.22 -6.44 -0.29 12.23 -6.17 1.87
5 24 12.03 -0.85 -9.58 12.37 -0.05 -8.82 11.25 0.19 -9.85 12.05 -2.07 -9.48
5 24 0.2 -10.57 21.37 0.32 -9.54 21.81 0.28 -9.59 21.1 -0.09 -10.39 22.27
5 24 -0.64 -0.65 23.78 -0.83 -1.46 23.17 -1.66 -0.49 22.08 0.14 -1.11 23.93
5 24 -0.46 4.8 23.38 -1.16 4.01 23.23 -0.1 3.09 23.98 -1.49 4.6 23.03
5 24 -5.22 26.35 22.11 -5.49 25.1 21.86 -5.57 25.65 22.5 -4.59 25.46 21.65
5 24 -9.88 -6.16 2.51 -10.06 -6.81 1.27 -10.52 -5.96 2.03 -8.3 -7.76 0.34
5 24 0.01 8.08 26.64 0.54 9.73 27.82 0 9.14 28.6 0.68 9.97 26.31
5 24 0.39 -2.93 23.3 1.24 -4.5 23.15 1.14 -3.83 24.58 0.61 -4.15 22.25
5 24 -12.28 -2.03 23.25 -12.57 -2.58 24.57 -12.4 -2.63 23.26 -12.89 -1.34 24.74
5 24 -7.7 -0.43 19.74 -7.01 -0.73 19.26 -7.45 -1.41 19.35 -7.36 0.74 19.38
5 24 14.98 8.65 3.99 14.93 7.67 4.23 14.81 8.04 5.59 14.73 8.61 2.82
5 24 0.7654 -9.5 0.1522 0.27 -10.26 -0.35 0 -9.5 0 0.93 -10.04 -0.41
5 24 -4.03 26.36 28.38 -3.37 26.15 29.25 -3.35 28.47 28.57 -3.27 25.6 29.06
5 24 -6 18.37 18.55 -3.13 16.97 16.69 -6.02 17.75 18.01 -2.44 17.42 17.02
5 24 -9.79 -4.73 15.68 -9.72 -3.92 14.07 -9.44 -3.51 15.03 -10.01 -5.27 14.97
5 24 -13.67 11.03 3.92 -12.8 10.07 2.46 -14.15 9.94 2.89 -12.56 11.42 3.47
5 24 -7.57 23.99 22.92 -7.06 24.6 21.79 -6.9 24.81 22.67 -7.21 24.1 21.52
5 24 12.02 14.53 5.4 12.76 12.56 4.32 13.35 12.51 4.95 12.5 12.61 4.02
5 24 -8.39 -10.16 23.34 -7.59 -10.97 23.37 -7.92 -9.82 24.24 -8.58 -10.74 21.81
5 24 10.88 7.62 11.97 11.02 7.64 12.69 10.98 8.24 12.74 10.22 6.77 12.86
5 24 7.89 11.81 13.51 6.86 13.51 13.69 7.18 14.1 13.23 7.36 11.76 13.92
5 24 -8.93 6.46 20.74 -10.43 7.38 21.32 -10.02 6.4 21.61 -8.83 7.66 20
5 24 -2.7 7.75 30.14 -4.18 8.88 31.39 -3.99 6.89 31.37 -3.45 9.82 30.79
5 24 2.7 36.06 25.03 3.4 34.55 24.76 3.15 35.92 26 2.63 34.73 24.14
5 24 -10.87 0.95 -5.01 -11 3.44 -7.34 -12.62 1.89 -2.74 -9.93 2.76 -8.24
5 24 -6.02 -3.72 -12.91 -4.9 -3.1 -13.51 -5.51 -2.15 -13.52 -4.25 -3.84 -13.5
5 24 -2.73 -10.05 -2.86 -2.59 -9.94 -2.22 -3.53 -10.43 -2.68 -2.21 -9.87 -1.94
5 24 -7.34 17.44 11.81 -7.74 16.47 13.11 -6.3 17.21 13.01 -9.24 15.76 12.93
5 24 1.59 20.62 23.54 -0.22 21.45 22.29 0.66 22.07 23.52 1.04 19.96 22.98
5 24 7.72 -5.48 -12.64 6.99 -5.78 -13.71 7.52 -6.24 -12.55 7.06 -5.32 -13.83
5 24 -0.27 15.47 20.91 0.16 16.34 20.68 -0.27 15.52 19.73 0.56 16.18 21.74
5 24 -5.52 -6.36 29.39 -6.7 -6.74 28.44 -6.44 -5.36 29.58 -5.69 -7.28 28.49
5 24 -5.34 1.75 31.65 -4.17 1.44 31.15 -4.99 0.98 31.16 -4.19 2.18 31.7
5 24 -14.32 3.2 8.26 -13.95 1.9 9.22 -15.02 3.06 9.28 -13.81 2.35 8.42
5 24 -14.33 11.08 7.3 -13.96 11.06 8.18 -13.47 12.69 6.67 -14.33 10.06 8.45
5 24 -7.83 22.29 22.46 -7.6 21.35 22.16 -7.28 21.56 21.31 -7.59 21.69 22.83
5 24 -2.25 5.09 21.1 -2.09 6.05 20.71 -2 5.77 19.89 -1.91 6.49 22.63
5 24 10.04 4.43 12.45 10.4 1.02 13.01 9.35 3.84 13.11 10.48 4.67 11.98
5 24 0.15 10.83 18.16 0.15 11.6 17.64 -0.79 11.69 18.74 1.91 10.85 16.16
5 24 -8.71 18.09 21.89 -8.19 18.72 21.02 -8.26 17.46 21.86 -8.74 18.88 21.58
5 24 1.21 -7 21.76 0.8 -8.28 23.08 0.63 -8.43 21.98 1.125 -6.345 22.325
5 24 -13.67 8.57 -3.12 -14.65 7.78 -3.3 -14.8 8.3 -1.49 -13.58 8.04 -4.57
5 24 12.61 11.39 9.59 12.41 10.23 9.21 12.16 10.45 9.95 12.76 10.93 8.56
5 24 8.75 -3.1 14.76 8.99 -3.61 14.96 9.53 -3.17 13.96 6.8 -3.53 15.7
5 24 -2.23 -9.19 7.33 -1.52 -8.65 9.18 -3.15 -8.38 8.26 -0.91 -8.95 8.68
5 24 -15.72 0.71 -3.16 -14.8 -0.17 -4.49 -15.6 1.15 -3.71 -15.16 -0.36 -3.29
5 24 -3.67 -0.13 30.73 -5.46 -0.4 31.12 -4.69 -1.16 31.1 -4.99 0.98 31.16
5 24 -1.5 32.72 30.38 -0.98 33.79 30.93 -0.53 33.12 29.95 -1.87 33.27 30.88
5 24 -4.84 -1.36 -14.8 -4.51 -1.9 -15 -5 -2 -14.51 -4.11 -1.23 -15.38
5 24 -14.52 1.22 4.4 -13.47 -0.75 4.35 -13.92 -1.21 3.36 -13.62 0.57 5.62
5 24 0.48 -0.29 24.7 0.83 0.65 24.7 1.08 0.52 25.68 -0.41 0.71 23.58
5 24 -13.69 0.22 6.83 -14.23 2.41 6.54 -13.11 0.29 9.26 -14.09 1.68 5.79
5 24 -1.81 26.44 19.53 -3.06 27.52 19.45 -3.16 26.34 19.73 -1.43 27.42 19.63
5 24 -6.43 28.65 24.99 -5.19 29.47 23.68 -5.42 28.58 23.44 -6.05 29.98 24.83
5 24 10.01 -5.47 11.73 11.03 -5.83 11.12 11 -5.61 11.52 10.01 -5.66 10.7
5 24 -9.67 4.62 15.49 -10.11 6.49 15.53 -11.58 4.3 13.69 -8.53 5.98 16.51
5 24 12.61 1.8 10.21 13.15 -1.5 8.77 14.16 2.06 8.08 12.66 -1.53 9.76
5 24 -13.63 12.66 5.67 -14.33 11.08 7.3 -14.36 11.65 5.64 -13.47 12.69 6.67
5 24 -7.13 3 30.41 -8.61 4.29 30.41 -6.71 3.79 30.67 -9.03 3.57 30.09
5 24 -0.38 17.27 29.09 0.57 17.46 28.77 -0.92 19.18 29.32 0.35 16.35 28.56
5 24 -2.95 34.62 21.54 -5.08 33.36 20.99 -4.46 33.25 20.6 -3.7 34.74 22.56
5 24 -6.45 -9.29 -3.26 -7.42 -8.9 -4.76 -7.58 -9.08 -2.81 -5.75 -9.19 -3.78
5 24 -8.57 19.71 21.54 -8.57 20.36 23.23 -8.74 19.37 22.93 -8.33 20.2 21.72
5 24 5.04 -4.73 15.9 4.72 -5.69 15.55 3.39 -5.48 16.47 5.84 -5.01 15.29
5 24 7.66 4.06 15.01 7.77 3.18 14.93 8.66 3.83 14.09 7.22 3.41 15.42
5 24 -0.02 -11.09 16.88 -1.19 -10.87 15.62 -1.4 -11.5 16.76 0.18 -10.31 16.1
5 24 -7.25 21.64 23.57 -8.29 20.62 23.58 -7.76 20.03 23.94 -7.75 21.28 23.08
5 24 -10.57 -5.19 9.95 -9.75 -4.83 8.79 -9.29 -5.79 10.07 -10.81 -4.21 9.48
5 24 -13.63 12.66 5.67 -14.36 11.65 5.64 -14.33 11.08 7.3 -13.61 12.18 4.59
5 24 -0.1 3.09 23.98 -0.46 4.8 23.38 0.84 2.93 25.53 -1.16 4.01 23.23
5 24 15.58 3.63 5.6 16.23 4.96 3.76 16.38 3.3 4.15 15.64 5.41 5.12
5 24 -12.05 -5.97 -1.26 -10.56 -6.84 -0.27 -10.9 -7.27 -0.76 -11.83 -5.36 -0.85
5 24 7.64 -6.44 10.48 9.68 -5.46 8.86 9.6 -5.39 9.61 7.45 -6.85 8.26
5 24 2.37 -10.04 5.27 1.96 -10.35 4.57 2.42 -10.12 4.38 1.47 -10.3 5.69
5 24 -8.58 -10.74 21.81 -7.54 -10.53 20.26 -8.41 -9.92 20.62 -6.93 -11.56 21.38
5 24 9.17 6.81 14.93 6.97 7.07 15.79 7.87 6.25 15.65 7.99 7.97 14.94
5 24 -10.19 -4.14 26.21 -9.82 -2.9 26.47 -10.18 -3.25 25.64 -9.84 -3.76 27.28
5 24 3.44 -5.89 15.93 2.98 -6.7 16 3.03 -6.34 16.38 3.4 -6.33 15.32
5 24 -3.89 -6.15 28.46 -4.03 -5.35 29.28 -4.71 -6.06 29.56 -3.22 -5.58 28.33
5 24 4.06 -3.18 16.52 2.82 -2.92 16.91 3.89 -2.39 16.45 3.03 -3.63 17.3
5 24 -5.46 30.84 20.78 -4.7 32.6 20.36 -5.49 32.8 21.07 -3.83 30.76 19.85
5 24 -10.76 -4.24 11.89 -10.71 -3.43 12.34 -10.43 -3.28 13.07 -11.53 -3.78 10.93
5 24 -10.73 9.3 24.05 -10.23 9.67 23.84 -10.27 10.11 24.32 -10.35 8.61 22.85
5 24 1.43 26.65 28.05 2.48 27.44 27.69 0.3 27.8 28.25 2.49 26.64 27.58
5 24 10.99 3.92 -7.18 11.69 3.77 -7.38 10.19 3.19 -8.22 11.54 4.73 -6.64
5 24 15.16 4.71 -4.92 15.64 5.09 -4.01 15.9 3.52 -4.05 15 5.9 -4.74
5 24 -4.87 36.26 29.73 -2.95 35.53 30.35 -4.78 35.66 29.58 -3.58 37.05 30.88
5 24 -4.7 32.6 20.36 -4.46 33.25 20.6 -5.08 33.36 20.99 -1.84 32.41 19.87
5 24 -1.29 -8.7 25.39 -2.19 -9.15 25.67 -1.22 -9.54 24.83 -2.52 -8.55 25.99
5 24 0.53 -7.94 24.4 -0.21 -7.27 25.73 -0.19 -8.34 25.14 0.4 -6.6 24.61
5 24 -10.54 11.59 13.15 -11.54 12.01 12.21 -11.47 11.19 12.26 -11.35 12.59 12.21
5 24 -10.06 6.37 27.02 -9.44 7.81 26.82 -10.75 7.06 26.38 -9.33 6.85 27.4
5 24 -5.17 41 30.14 -4.62 40.57 30.18 -4.87 40.4 27.72 -4.38 41.12 31.01
5 24 -0.22 21.45 22.29 -0.22 20.55 20.96 -0.29 20.52 22.24 0.03 21.08 20.32
5 24 -2.9 -7.62 27.67 -2.13 -6.95 27.58 -2.65 -6.32 28.03 -2.61 -8.09 26.9
5 24 -9.96 -4.37 18.62 -9.64 -5.29 17.16 -10.38 -5.05 18.13 -9.11 -4.14 18.35
5 24 -7.62 6.41 19.23 -7.76 7.37 19.8 -7.63 7.5 18.1 -8.14 5.8 20.45
5 24 -7.53 4.53 20 -7.14 3.19 19.14 -7.24 3.19 20.3 -7.23 4.44 19.1
5 24 -1.68 38.35 24.66 -0.57 37.39 24.44 -0.21 38.57 25.27 -1.66 37.36 23.81
5 24 -10.57 -5.19 9.95 -10.81 -4.21 9.48 -9.75 -4.83 8.79 -11.56 -3.57 10.17
5 24 1.43 16.71 22.49 0.62 17.11 21.65 0.88 17.99 22.93 0.56 16.18 21.74
5 24 -7.86 18.01 20.81 -7.34 19.07 20.31 -8.19 18.72 21.02 -7.27 18.33 20.15
5 24 -5.42 28.58 23.44 -6.06 28.08 24.52 -6.43 28.65 24.99 -5.6 27.88 23.76
5 24 -10.55 7.94 25.37 -10.52 9.67 26.04 -10.97 9.46 25.47 -9.72 8.34 26.06
5 24 -6.8 2.03 11.34 -5.31 17.9 11.87 -4.41 18.15 12.33 -6.98 17.63 11.07
5 24 -7.46 -7.4 -6.82 -5.33 -7.72 -7.07 -7.2 -7.97 -5.82 -7.79 -6.62 -7.56
5 24 -4.48 1.27 -14.79 -5.01 0.14 -15.24 -5.55 0.97 -14.62 -3.68 -0.28 -15.64
5 24 -6.36 24.39 21.34 -5.49 25.1 21.86 -7.06 24.6 21.79 -5.59 24.43 21.29
5 24 4.58 18.33 12.66 3.84 17.95 14.33 2.32 18.62 13.18 6.6 17.26 13.04
5 24 -7.26 9.96 28.79 -6.47 9.68 29.48 -7.35 9.21 29.41 -6.42 10.5 29.61
5 24 -5.35 43.4 29.66 -4.82 43.97 29.6 -4.25 44.17 31.88 -4.54 43.81 28.36
5 24 -4.75 38.56 30.3 -4.28 40.1 30.12 -5.3 38.64 28.53 -3.89 38.74 31.12
5 24 -8.31 -9.51 18.09 -8.71 -9.56 18.84 -7.69 -10.06 19.21 -9.42 -8.8 18.7
5 24 0.13 -1.83 28.48 0.43 -2.13 28.01 -0.36 -0.96 28 -0.17 -2.76 28.79
5 24 0.43 17.28 20.36 -0.05 18.31 20.08 0.32 18.16 21.67 -0.93 18.35 18.42
5 24 -9.85 10.97 21.55 -9.18 11.46 20.8 -9.7 10.14 21.26 -9 12.02 21.37
5 24 -12.2 0.25 23.54 -12.1 0.43 22.16 -11.78 1.41 23.51 -12.36 -0.07 22.63
5 24 -6.22 11.19 30.38 -4.45 10.78 30.78 -3.56 11.86 30.8 -5.56 10.23 30.45
5 24 -10.55 2.05 21.71 -10.05 1.64 20.77 -11.55 0.9 21.7 -9.68 3.24 21.49
5 24 -9.53 -8.98 20.17 -8.83 -9.62 21.17 -9.64 -8.84 21.52 -9.29 -9.29 19.29
5 24 5.99 6.85 16.56 5.94 6.03 16.15 5.33 5.91 16.36 6.61 6.2 15.86
5 24 11.7 13.18 9.17 10.57 15.23 9.59 11.39 13 9.67 10.9 15.27 9.01
5 24 -7.69 -10.06 19.21 -8.71 -9.56 18.84 -8.41 -9.92 20.62 -8.31 -9.51 18.09
5 24 6.54 -9.27 -5.5 6.72 -9.15 -6.51 7.65 -9.05 -5.55 5.03 -9.18 -6.07
5 24 -2.06 3.88 21.77 -1.99 4.39 19.83 -1.64 3.47 19.93 -2.25 5.09 21.1
5 24 14.5 9.45 6.73 14.82 8.93 6.13 14.54 8.41 6.56 14.7 9.42 5.94
5 24 -1.86 45.73 31.97 -1.03 46.04 30.87 -1.95 46.15 31.13 -1.28 45.33 31.97
5 24 -4.74 -10.99 25.25 -4.98 -10.59 25.91 -5.72 -10.51 25.27 -3.23 -9.31 26.22
5 24 1.12 9.37 25.23 1.65 10.1 24.86 1.65 10.79 25.42 1.02 9.63 23.86
5 24 13.64 7.71 8.46 12.42 7.44 9.74 12.59 8.6 9.85 13.91 7.21 8.25
5 24 4.81 -9.58 8.91 5.19 -8.74 8.72 4.57 -8.74 9.69 4.76 -9.46 7.53
5 24 6.97 6.66 15.83 6.25 7.55 16.31 5.99 6.85 16.56 6.97 7.07 15.79
5 24 0.4 -6.6 24.61 -0.37 -6.37 26.73 -0.21 -7.27 25.73 0.3 -4.94 24.95
5 24 -5.84 3.89 31.63 -4.42 3.37 31.89 -4.7 4.46 31.87 -5.52 2.9 31.84
5 24 -5.98 12.68 30.19 -6.07 13.12 28.96 -5.07 14.18 29.54 -6.51 11.77 29.82
5 24 -0.46 -5.26 -15.44 1.68 -4.17 -16.02 1.58 -3.34 -15.74 1.29 -5.55 -15.39
5 24 -10.49 -8.62 21.83 -11.39 -7.56 21.47 -10.8 -8.12 22.98 -11.14 -7.9 20.99
5 24 -8.04 6.85 29.65 -8.86 7.15 29.13 -8.9 7.96 29.12 -8.71 6.45 29.06
5 24 -11.78 2.49 23.96 -12.39 1.44 24.05 -11.78 1.41 23.51 -12.46 2.5 25.16
5 24 16.26 -4.7 -0.78 15.89 -2.71 -0.93 15.68 -4.07 0.26 16.13 -4.47 -1.83
5 24 -11.2 3.33 -7.51 -12.07 2.99 -7.58 -12.56 5.85 -6.36 -11.21 2.57 -8.13
5 24 7.27 -5.47 14.73 8.35 -5.3 13.98 8.03 -4.59 14.78 7.2 -5.84 14.04
5 24 -4.03 21.23 29.37 -5.09 21.76 27.94 -4.24 22.3 28.54 -4.84 20.26 28.98
5 24 5.85 1.74 15.71 5.62 3.25 16.28 4.98 1.61 16.22 6.53 3.07 15.74
5 24 -2.36 8.69 29.47 -3.45 9.82 30.79 -2.7 7.75 30.14 -2.89 10.03 30.05
5 24 -3.26 -8.58 9.63 -3.38 -9.05 10.15 -4.93 -8.66 10.05 -1.63 -8.85 10.04
5 24 -9.29 -9.29 19.29 -8.71 -9.56 18.84 -9.42 -8.8 18.7 -8.41 -9.92 20.62
5 24 0.9 13.91 27.65 1.05 13.94 25.75 0.94 15.62 25.69 0.87 12.72 26.32
5 24 -2 -11.19 16.4 -1.4 -11.5 16.76 -1.19 -10.87 15.62 -1.68 -11.45 17.51
5 24 3.02 -10.27 1.78 3.49 -10.16 1.19 2.01 -10.16 0.54 3.55 -9.76 2.62
5 24 0.55 -8.97 20.62 0.87 -8.28 20.85 0.95 -8.6 19.64 0.59 -8.8 21.32
5 24 -15.5 1.34 -0.76 -15.66 1.79 0.38 -15.62 2.31 -0.26 -15.58 1.13 0.51
5 24 14.35 -6.25 0.96 12.23 -6.17 1.87 13.4 -5.53 2.83 13.48 -6.56 0.32
5 24 3.15 35.92 26 3.4 34.55 24.76 2.7 36.06 25.03 3.17 35.34 26.64
5 24 -15.22 4.9 4.16 -14.92 3.11 4.28 -14.67 4.59 5.36 -15.2 2.19 3.07
5 24 6.25 17.77 11.48 6.27 17.75 11.88 7.6 17.1 11.07 5 18.25 11.99
5 24 -14.29 -1.45 2.35 -13.12 -3.52 0.08 -14.11 -2.53 -0.19 -13.64 -2.12 2.39
5 24 -9.4 8.58 20.23 -8.83 7.66 20 -7.45 8.32 19.72 -10.17 8.41 20.89
5 24 2.19 37.74 28.96 2.19 37.77 27.73 2.39 38.43 28.28 2.17 37.01 28.5
5 24 -10.36 -1.28 27.85 -10.34 -2.48 27.9 -10.12 -1.95 28.52 -10.38 -1.84 27.36
5 24 -10.38 -1.84 27.36 -9.82 -2.9 26.47 -10.25 -2.35 26.19 -10.34 -2.48 27.9
5 24 -0.11 7.45 18.48 1.5 6.31 17.51 1.25 7.21 17.56 -1.88 6.96 19.69
5 24 -2.26 17.38 16.45 -2.44 17.42 17.02 -1.41 17.15 17.01 -3.13 16.97 16.69
5 24 9.44 0.57 -10.8 11.25 0.19 -9.85 10.51 -0.75 -10.4 10.7 2.39 -8.93
5 24 -4.62 40.57 30.18 -4.01 40.74 30.86 -4.38 41.12 31.01 -4.28 40.1 30.12
5 24 -10.2 0.97 28.83 -10.08 -0.33 27.92 -9.55 0.29 29.5 -10.39 0.86 27.89
5 24 0.51 7.85 22.59 0.73 7.12 23.03 -0.31 7.03 22.59 0.99 8.25 23.52
5 24 -8.54 16.69 23.03 -8.52 16.21 23.85 -8.83 15.11 23.78 -7.88 18.15 23.28
5 24 -6.27 2.87 -11.09 -6.32 2.6 -12.02 -7.51 2.14 -11.03 -4.87 2.89 -11.96
5 24 -7.43 -8.19 3.3 -5.97 -8.57 2.82 -6.65 -8.73 2.35 -6.75 -8.2 3.84
5 24 -14.65 6.44 9.99 -13.58 7.02 11.39 -14 5.73 10.68 -13.92 8.11 11.05
5 24 -0.09 -10.39 22.27 0.1 -9.36 22.44 -0.65 -9.82 23.07 0.32 -9.54 21.81
5 24 3.72 -3.75 -15.19 3.15 -4.67 -15.62 3.3 -3.38 -15.29 3.36 -5.41 -15.13
5 24 -1.16 -10.21 23.38 -0.62 -9.34 23.59 -0.65 -9.82 23.07 -1.19 -10.15 24.01
5 24 -2.45 -10.51 -0.78 -0.68 -10.81 -0.42 -1.37 -10.57 0.09 -1.28 -10.73 -1.35
5 24 3.24 -9.37 10.58 2.55 -9.82 9.83 2.88 -9.52 9.16 1.88 -9.58 11.02
5 24 -5.51 -2.15 -13.52 -6.02 -3.72 -12.91 -7.38 -1.86 -12.66 -4.9 -3.1 -13.51
5 24 -0.09 -9.97 13.48 -1.11 -9.72 13.73 -0.44 -9.92 14.09 -0.75 -10.08 13.06
5 24 -14.42 10.04 9.65 -14.18 10.87 9.7 -14.66 10.43 9.04 -13.78 10.41 10.28
5 24 -10.12 15.7 11.77 -10.21 15.32 12.26 -10.76 15.02 11.36 -9.24 15.76 12.93
5 24 -4.77 37.48 29.66 -3.58 37.05 30.88 -4.87 36.26 29.73 -3.79 37.9 30.87
5 24 -14.84 -1.08 -4.46 -14.1 -2.82 -5.32 -14.97 -2 -4.14 -13.46 -1.55 -6.11
5 24 -0.88 11.34 18.97 -1.43 11.03 20.2 -1.14 9.88 19.52 -0.95 11.88 19.92
5 24 1.69 16.92 25.25 1.67 17.11 23.61 1.93 16.59 24.6 1.52 17.84 23.59
5 24 -1.03 39.9 25.13 -1.38 38.98 24.88 -2.54 40.1 25.21 -0.21 38.57 25.27
5 24 -9.53 -8.98 20.17 -9.42 -8.8 18.7 -9.29 -9.29 19.29 -9.73 -7.79 19.1
5 24 -10.7 4.94 22.75 -11.18 5.46 23.57 -11.32 4.16 23.4 -10.42 6.14 22.55
5 24 1.93 -10.2 3.74 0.88 -10.57 4.11 0.7654 -9.5 3.8478 1.43 -10.86 4.32
5 24 -8.39 -9.23 -1.68 -9.08 -8.26 -1.29 -8.73 -8.58 -2.37 -7.96 -9.4 -0.85
5 24 -5.23 32.49 28.04 -6.75 32.64 26.29 -6.39 31.54 26.74 -5.43 33.59 27.45
5 24 -0.05 18.31 20.08 -0.93 18.35 18.42 -0.57 19.24 19.99 0.43 17.28 20.36
5 24 -10.11 6.49 15.53 -10.26 8.22 14.37 -11.23 6.94 13.69 -9.28 8.54 15.21
5 24 5.53 13.43 13.85 6.86 13.51 13.69 6.03 14.07 13.52 7.36 11.76 13.92
5 24 14.98 -5.79 -0.43 15.68 -4.07 0.26 16.26 -4.7 -0.78 15.39 -5.02 0.18
5 24 0.37 39.4 29.19 0.12 40.25 29.5 0.59 39.88 28.5 -0.4 39.28 30.92
5 24 7.08 2.14 -10.68 4.78 2.31 -11.54 6.98 2.2 -10.35 5.02 2.26 -11.86
5 24 5.67 -9.26 -5.01 5.83 -9.05 -3.88 6.54 -9.27 -5.5 3.87 -8.89 -4.05
5 24 9.239 -2 -3.827 12.45 1.87 -3.1 9.56 1.35 -6.89 10 -2 0
5 24 -7.071 -2 7.071 -12.02 2.05 5.07 -9.239 -2 3.827 -9.86 2.03 8.63
5 24 -5.38 -9.55 27.47 -3.63 -8.49 27.89 -3.26 -8.98 27.17 -5.1 -8.62 28.19
5 24 -7.63 5.2 19.91 -7.53 4.53 20 -7.23 4.44 19.1 -8.36 4.91 20.4
5 24 2.09 21.05 27.5 1.57 20.5 27.39 2.36 21.23 25.88 1.21 21.2 28.09
5 24 -1.84 32.41 19.87 -4.46 33.25 20.6 -2.11 33.45 20.67 -4.7 32.6 20.36
5 24 -13.05 11.75 10.67 -14.18 10.87 9.7 -13.86 11.6 9.42 -13.78 10.41 10.28
5 24 0.45 12.35 27.41 0.46 10.6 28.26 0.47 11.55 26.62 -0.43 11.58 29.04
5 24 2.33 11.96 15.95 3.19 11.23 15.46 4.09 12.81 14.79 1.91 10.85 16.16
5 24 4.56 -9.69 1.67 6.36 -8.88 4.03 4.48 -9.3 3.75 4.62 -9.71 0.17
5 24 -5.23 -8.8 1.98 -5.33 -9.59 0.86 -4.06 -9.71 1.76 -6.03 -9.01 1.29
5 24 9.6 -5.73 12.73 10.43 -4.97 12.37 9.93 -5.16 13.18 10.01 -5.47 11.73
5 24 2.15 -7.31 -11.79 2.39 -7.54 -13.34 2.75 -7.78 -12.94 1.43 -7.1 -12.17
5 24 -6.7 -6.74 28.44 -7.86 -7.52 28.04 -6.44 -7.96 27.72 -7.16 -5.88 28.65
5 24 4.9 14.03 14.24 5.21 14.9 13.89 6.03 14.07 13.52 3.76 15.12 14.74
5 24 -10.31 -7.24 18.82 -10.61 -6.45 18.52 -10.38 -6.62 17.9 -10.36 -6.94 19.46
5 24 4.59 -8.64 11.79 4.13 -8.75 12.14 4.48 -9.21 11.12 4.12 -8.2 12.57
5 24 9.6 -5.73 12.73 8.97 -5.68 11.75 9.11 -5.86 12.86 10.01 -5.47 11.73
5 24 -9.9 -3.55 13.43 -10.43 -3.28 13.07 -9.9 -5.1 12.1 -9.8 -2.94 13.84
5 24 -9.72 8.34 26.06 -10.52 9.67 26.04 -9.71 9.59 26.18 -10.55 7.94 25.37
5 24 4.59 -3.23 -14.33 3.72 -3.75 -15.19 4.59 -4.5 -14.71 3.13 -2.47 -14.82
5 24 10.37 -8.35 -6 10.54 -8.58 -5.26 11.15 -8.11 -6 9.41 -8.14 -4.94
5 24 -1.66 24.99 18.52 -1.71 23.37 18.57 -3.35 23.84 18.36 -0.6 24.06 19.68
5 24 -0.39 13.46 18.92 -0.57 12.67 19.51 -0.23 13.61 20.29 0.28 13.16 17.54
5 24 6.65 16.83 13.21 6.95 16.85 12.73 6.6 17.26 13.04 7.42 16.06 11.98
5 24 -6.86 21.21 26.52 -6.65 21.55 24.76 -7.66 22.52 25.48 -6.74 20.56 25.62
5 24 -1.57 45.05 32.67 -1.79 44.13 32.9 -2.37 45.02 33.07 -1.26 44.59 32.51
5 24 -2.11 33.45 20.67 -1.84 32.41 19.87 -4.46 33.25 20.6 -1.27 32.59 20.49
5 24 -12.57 -4.05 21.91 -11.98 -4.37 22.05 -12.2 -4.1 21.29 -12.54 -3.8 22.39
5 24 -9.03 11.83 22.15 -9.85 10.97 21.55 -9 12.02 21.37 -9.74 11.08 22.8
5 24 1.67 17.11 23.61 1.52 17.84 23.59 0.88 17.99 22.93 1.69 16.92 25.25
5 24 -11.37 1.07 -8.73 -10.52 1.62 -9.04 -10.23 0.11 -9.67 -11.21 2.57 -8.13
5 24 7.65 -9.05 -5.55 7.51 -8.89 -4.5 9.41 -8.14 -4.94 6.54 -9.27 -5.5
5 24 0.71 -10.79 17.52 0.67 -10.95 18.83 -1.15 -11.59 17.56 1.12 -10.35 18.3
5 24 13.63 5.15 7.7 14.29 3.72 6.9 14.02 3.63 7.93 14.3 5.46 6.56
5 24 -1.95 30.03 30.27 -0.21 30.75 29.8 -0.78 29.93 29.75 -1.15 31.3 30.34
5 24 -14.51 4.96 10.04 -15.09 4.02 9.45 -14.57 4.41 8.71 -14.57 4.04 10.45
5 24 -6.75 -8.2 3.84 -3.44 -9.78 4.1 -5.53 -8.62 5.26 -5.97 -8.57 2.82
5 24 -2.29 -9.5 5.56 -0.91 -9.68 6.02 -2.23 -9.19 7.33 -1.24 -9.82 5.09
5 24 6.22 -7.02 -13.25 4.88 -7.34 -12.79 5.39 -6.98 -13.33 5.3 -8.1 -12.13
5 24 -1.68 9.18 21.22 -2.25 8.09 21.03 -1.54 9.23 20.05 -1.36 8.05 22.22
5 24 3.69 -0.14 -14.38 5.49 -1.27 -14.2 3.13 -2.47 -14.82 4.77 0.68 -13.93
5 24 -0.57 19.24 19.99 -0.05 18.31 20.08 -0.29 19.28 21.28 -0.93 18.35 18.42
5 24 -1.64 -10.43 24.81 -1.22 -9.54 24.83 -2.19 -9.15 25.67 -1.19 -10.15 24.01
5 24 -0.4 6.8 28.9 -0.58 7.55 28.01 -1.19 8.24 28.88 -0.22 6.31 27.57
5 24 -4.69 31.27 23.54 -5.19 32.91 24.51 -5.47 31.85 24.54 -4.2 33.87 23.98
5 24 -14.4 5.82 9.68 -14.73 6.66 9.2 -14.65 6.44 9.99 -14.44 6.09 8.87
5 24 -15.83 -0.79 -2.47 -15.12 -1.38 -2.99 -15.16 -0.36 -3.29 -15.6 -1.36 -2.62
5 24 1.63 1.24 19.2 -0.91 1.05 20 -1.1 0.28 19.53 -0.7 1.89 20.11
5 24 9.07 16.02 10.8 8.73 16.42 10.49 7.42 16.06 11.98 9.74 15.89 9.51
5 24 13.5 -4.76 8.55 13.64 -3.79 9.32 13.8 -3.74 8.4 13.05 -5.18 9.05
5 24 6.96 -3.05 15.32 5.34 -2.68 15.79 7.59 -2.73 15.02 5.52 -3.19 15.85
5 24 3.78 14.44 15.2 4.09 12.81 14.79 4.9 14.03 14.24 2.22 13.52 16.51
5 24 12.4 6.13 -6.04 12.21 7.94 -5.05 13.12 7.91 -5.14 11.97 6.18 -5.89
5 24 10.9 15.27 9.01 11.66 14.38 7.7 11.7 13.18 9.17 11.36 14.84 7.33
5 24 3.85 10.45 15.8 1.91 10.85 16.16 2.19 9.48 16.82 3.19 11.23 15.46
5 24 8.66 3.83 14.09 7.77 3.18 14.93 8.41 2.08 13.8 7.66 4.06 15.01
5 24 9.08 -5.65 -12.25 8.54 -6.41 -12.44 7.72 -5.48 -12.64 9.57 -6.8 -11.52
5 24 10.41 -7.23 3.28 12.54 -5.69 3.74 11.7 -6.63 2.47 11.83 -5.37 5
5 24 12.45 1.87 -3.1 10.18 3.25 -8.05 10.99 3.92 -7.18 9.56 1.35 -6.89
5 24 12.45 1.87 -3.1 12.94 1.94 .17 13.1 8.62 -1.22 10 -2 0
5 24 0.63 -8.43 21.98 0.8 -8.28 23.08 0.11 -8.99 23.19 1.21 -7 21.76
5 24 -1.28 -10.73 -1.35 -1.34 -9.72 -2.09 -0.55 -9.82 -1.93 -2.21 -9.87 -1.94
5 24 -13.61 12.18 4.59 -14.36 11.65 5.64 -13.63 12.66 5.67 -14.5 10.99 5.44
5 24 3.15 32.31 27.68 3.79 33.53 26.8 3.56 31.56 26.74 2.67 33.45 28.07
5 24 1.06 -7.33 20.37 1.55 -6.69 20.93 1.3 -6.48 20.03 0.91 -7.74 21.2
5 24 3.53 2.29 -12.6 3.92 1.5 -13.58 0.96 2.16 -14.03 5.02 2.26 -11.86
5 24 -12.89 -1.34 24.74 -12.28 -2.03 23.25 -12.37 -0.36 24.22 -12.57 -2.58 24.57
5 24 -10.38 -5.05 18.13 -10.41 -4.71 18.71 -9.96 -4.37 18.62 -10.6 -5.41 18.85
5 24 4.31 -9.3 -9.01 4.93 -7.99 -11.13 2.63 -8.36 -10.5 5.27 -8.41 -10.27
5 24 -10.31 -7.24 18.82 -10.09 -7.63 19.82 -9.73 -7.79 19.1 -10.36 -6.94 19.46
5 24 -7.49 6.26 29.66 -8.04 6.85 29.65 -7.11 7.4 29.91 -8.71 6.45 29.06
5 24 0.59 39.88 28.5 0.27 40.89 28.55 0.12 40.25 29.5 0.32 40.64 27.54
5 24 12.4 6.13 -6.04 11.54 4.73 -6.64 11.97 6.18 -5.89 12.12 4.63 -6.82
5 24 10.49 10.23 12.94 10.12 11.53 12.73 9.56 11.33 13.21 10.68 10.78 12.49
5 24 4.9 14.03 14.24 3.76 15.12 14.74 3.78 14.44 15.2 5.21 14.9 13.89
5 24 -0.18 14.92 17.66 -0.34 15.83 17.18 0.69 14.5 16.69 -0.03 15.64 18.53
5 24 -8.42 14.04 24.04 -8.19 13.25 25.62 -9.23 12.87 25.15 -7.66 14.36 24.67
5 24 9.23 -7.24 5.49 8.19 -7.47 4.94 9.1 -7.35 3.86 7.96 -6.98 7.03
5 24 -12.62 1.89 -2.74 -12.88 8.77 -2.78 -12.47 8.35 -4.59 -13.01 2.16 0.91
5 24 -4.65 .87 -10.51 -.54 .92 -11.92 -4.87 2.89 -11.96 -3.827 -2 -9.239
5 24 8.06 1.26 -8.63 9.1 2.79 -9.07 9.56 1.35 -6.89 6.98 2.2 -10.35
5 24 -0.53 24.38 29.69 -0.51 26.53 29.44 0.34 25.51 28.34 -2.12 26 29.84
5 24 8.45 4.98 14.3 7.66 4.06 15.01 7.98 4.96 14.69 8.66 3.83 14.09
5 24 -10.71 -5.67 -6.01 -9.36 -5.88 -6.15 -10.69 -6.23 -5.48 -9.41 -5.45 -6.34
5 24 -10.69 -6.23 -5.48 -9.43 -6.95 -5.2 -10.65 -6.68 -3.83 -9.36 -5.88 -6.15
5 24 -6.6 25.95 27 -4.99 26.35 27.65 -6.16 25.46 27.63 -5.71 27.07 26.95
5 24 9.2 2.64 -9.34 10.19 3.19 -8.22 9.1 2.79 -9.07 10.7 2.39 -8.93
5 24 12.18 -1.26 10.74 13.74 -3.55 9.94 12.66 -1.53 9.76 12.89 -2.6 11.32
5 24 12.57 -6.99 -5.25 13.61 -6.61 -5.15 12.7 -6.98 -3.93 13.22 -6.29 -5.95
5 24 -1.79 -9.93 13.21 -1.63 -10.16 14.58 -2.85 -10.49 13.87 -1.11 -9.72 13.73
5 24 0.63 -8.43 21.98 0.11 -8.99 23.19 0.1 -9.36 22.44 0.8 -8.28 23.08
5 24 -10.27 10.11 24.32 -10.18 10.89 23.92 -10.15 10.8 24.73 -10.23 9.67 23.84
5 24 -11.69 -5.01 2.42 -12.85 -3.59 2.15 -12.43 -4.37 1.39 -12.56 -3.28 3.74
5 24 6.8 -3.53 15.7 5.56 -4.05 15.73 7.72 -3.83 15.33 5.52 -3.19 15.85
5 24 -12.36 -0.07 22.63 -12.23 -0.05 21.85 -12.1 0.43 22.16 -12.48 -0.44 22.37
5 24 -1.52 -8.65 9.18 -0.91 -8.95 8.68 -2.23 -9.19 7.33 -0.55 -8.64 9.67
5 24 -0.15 28.82 29.23 -0.81 27.05 30.01 -1.16 28.17 30.07 -0.51 26.53 29.44
5 24 -3.44 -9.78 4.1 -1.24 -9.82 5.09 -1.4142 -9.5 3.4142 -2.29 -9.5 5.56
5 24 -15.58 0.59 -2.58 -15.92 -0.42 -1.32 -15.72 1.08 -1.86 -15.83 -0.79 -2.47
5 24 -8.34 12.64 25.74 -8.18 12.29 26.79 -8.1 13.74 27 -8.47 11.22 25.74
5 24 -8.6 -7.2 -5.58 -8.85 -5.98 -6.49 -7.46 -7.4 -6.82 -9.36 -5.88 -6.15
5 24 -5.75 -9.19 -3.78 -7.42 -8.9 -4.76 -6.54 -8.66 -5.12 -6.45 -9.29 -3.26
5 24 5.27 -1.34 15.8 7.59 -2.73 15.02 7.12 -0.49 15.26 5.18 -1.98 15.84
5 24 -4.71 -6.06 29.56 -3.89 -6.15 28.46 -4.03 -5.35 29.28 -4.59 -6.78 28.67
5 24 6.5 0.1 15.29 4.14 -1.62 16.3 5.27 -1.34 15.8 6.54 1.53 15.28
5 24 -1.85 5.42 22.86 -2.06 3.88 21.77 -2.25 5.09 21.1 -1.49 4.6 23.03
5 24 3.17 35.34 26.64 1.45 34.23 27.86 2.41 35.82 26.71 2.67 33.45 28.07
5 24 13.64 -3.79 9.32 13.43 -3.98 10.28 12.98 -4.28 10.01 13.74 -3.55 9.94
5 24 13.61 -6.61 -5.15 14.3 -5.43 -5.67 14.45 -5.92 -4.4 13.22 -6.29 -5.95
5 24 -14.7 -0.67 2.19 -14.69 -0.83 -0.26 -14.8 0.27 0.88 -14.11 -2.53 -0.19
5 24 -14.89 7.34 6.71 -15.19 5.77 6.48 -14.94 6.42 5.25 -14.66 6.72 7.78
5 24 -1.86 0.11 -15.65 -0.12 2.21 -13.87 -1.99 2.24 -13.88 0.75 0.39 -14.9
5 24 9.32 -0.67 -11.86 9.44 0.57 -10.8 10.51 -0.75 -10.4 8.32 0.85 -11.71
5 24 -9.46 -8.46 -2.19 -9.46 -8.08 -3.11 -8.73 -8.58 -2.37 -10.45 -7.64 -3.24
5 24 2.19 9.48 16.82 1.91 10.85 16.16 0.87 10.1 17.01 3.85 10.45 15.8
5 24 -15.02 3.06 9.28 -14.68 3.41 10.31 -13.67 1.56 10.24 -15.09 4.02 9.45
5 24 -4.25 -3.84 -13.5 -3.54 -4.35 -13.21 -3.66 -4.1 -13.56 -5.78 -4.31 -12.56
5 24 4.77 -9.2 -6.73 6.72 -9.15 -6.51 5.03 -9.18 -6.07 6.74 -9 -7.27
5 24 -3.33 34.3 30.17 -3.77 33.9 28.72 -3.69 34.98 29.63 -3.51 33.2 29.78
5 24 -11.44 16.04 10.14 -10.6 16.47 9.77 -12.03 15.53 9.52 -10.81 16.34 10.32
5 24 -12.45 0.58 24.37 -12.27 -0.08 24.84 -12.37 -0.36 24.22 -12.6 1.41 24.65
5 24 -8.33 14.12 21.54 -8.3 14.38 20.26 -7.89 14.64 20.67 -8.94 13.1 21.01
5 24 -7.42 0.75 17.26 -7.96 2.24 17.23 -7.27 2.14 18.97 -8.37 1.36 16.48
5 24 -12.16 12.04 12.06 -11.54 12.01 12.21 -11.47 11.19 12.26 -11.35 12.59 12.21
5 24 -0.52 43.14 28.65 -0.94 42.71 27.06 -0.03 41.88 27.86 -1.48 44.01 27.95
5 24 -0.17 26.91 22.38 -0.51 27.29 20.8 -0.71 28.25 21.1 -0.46 25.96 21.06
5 24 -9.43 -4.28 16.53 -9.44 -3.51 15.03 -8.94 -3.08 15.99 -9.79 -4.73 15.68
5 24 -4.45 23.72 19.05 -3.17 23.17 18.65 -3.35 23.84 18.36 -4.2 23.02 19.24
5 24 -2.55 43.82 32.89 -4 42.5 31.54 -4.56 41.57 31.04 -3.22 43.63 32.6
5 24 -0.03 37.81 30.4 -0.13 38.45 30.74 0.37 39.4 29.19 -0.74 38.08 31.26
5 24 5.99 6.85 16.56 6.61 6.2 15.86 6.97 6.66 15.83 5.94 6.03 16.15
5 24 -12.7 -0.98 7.93 -12.82 -0.49 9.13 -13.69 0.22 6.83 -12.24 -1.28 9.06
5 24 11.03 -5.83 11.12 11.74 -5.38 10.3 11.14 -5.82 10.39 11.98 -4.82 11.11
5 24 1.02 9.63 23.86 0.99 8.25 23.52 1.12 9.37 25.23 0.15 9.64 23.03
5 24 13.74 -3.55 9.94 13.64 -3.79 9.32 13.43 -3.98 10.28 13.8 -3.09 8.94
5 24 -1.83 31.73 19.43 -0.48 31.17 20.51 -0.98 29.97 20.15 -1.27 32.59 20.49
5 24 -11.78 2.49 23.96 -11.78 1.41 23.51 -11.04 2.29 22.88 -12.39 1.44 24.05
5 24 5.99 -4.87 -14.33 4.97 -4.83 -14.68 5.08 -4.08 -14.26 4.97 -5.64 -14.63
5 24 -11.02 4.92 26.13 -12.14 5.06 25.73 -11.32 5.8 26.53 -11.67 4.53 25.6
5 24 -8.79 .98 -7.34 -7 .87 -8.97 -8.69 2.57 -9.34 -7.071 -2 -7.071
5 24 -7.38 -1.86 -12.66 -7.69 -2.72 -12.21 -6.02 -3.72 -12.91 -8.55 -0.79 -11.86
5 24 -14.8 0.27 0.88 -15.11 0.03 -0.22 -14.69 -0.83 -0.26 -15.58 1.13 0.51
5 24 1.05 -6.14 24.42 0.8 -6.89 23.84 0.4 -6.6 24.61 1.22 -6.31 23.95
5 24 -0.38 2.93 19.66 -0.16 3.55 19.11 -1.64 3.47 19.93 1.45 2.72 18.83
5 24 11.36 5.67 11.29 10.4 6.26 12.59 9.75 5.44 13.72 10.82 6.24 11.87
5 24 -7.69 -2.72 -12.21 -8.55 -0.79 -11.86 -8.48 -2.89 -11.11 -7.38 -1.86 -12.66
5 24 -8.22 1.31 -11.31 -9.57 1.28 -10.2 -9.08 2.31 -9.63 -7.42 0.4 -12.65
5 24 -15.02 8.28 0.13 -13.02 8.81 -1.3 -13.01 8.66 0.32 -14.8 8.3 -1.49
5 24 -1.37 -10.57 0.09 0.27 -10.26 -0.35 -0.7654 -9.5 0.1522 -0.68 -10.81 -0.42
5 24 -11.24 -7.45 -2.72 -12.04 -5.58 -2.99 -12.1 -6.49 -2 -10.65 -6.68 -3.83
5 24 2.21 -8.57 -10.01 1.47 -7.54 -11.24 2.63 -8.36 -10.5 0.64 -7.75 -10.73
5 24 2.37 -0.06 18.07 2.09 0.65 18.04 1.29 -0.39 18.67 3.23 0.9 17.57
5 24 12.68 -5.21 -7.41 11.53 -7.12 -6.76 12.54 -5.45 -8.36 12.15 -6.9 -6.08
5 24 -6.95 -7.95 10.21 -6.7 -7.36 9.49 -5.81 -7.69 9.5 -7.53 -6.9 9.46
5 24 -9.63 -0.86 28.93 -10.36 -1.28 27.85 -10.12 -1.95 28.52 -10.08 -0.33 27.92
5 24 -1.22 20.74 18.27 -2.88 20.59 18.13 -1.33 19.3 18.67 -1.27 21.76 18.35
5 24 5.33 5.91 16.36 5.68 4.75 16.65 5.94 6.03 16.15 4.64 5.83 16.56
5 24 14.54 8.41 6.56 14.47 7.25 6.35 14.04 7.49 7.91 14.81 8.04 5.59
5 24 14.7 -3.43 4.95 15.07 -2.32 5.93 14.87 -3.32 6.62 14.83 -2.58 4.9
5 24 -5.03 16.72 28.12 -5.1 15.33 29.18 -4.38 17.15 29.33 -5.56 14.96 28.29
5 24 -5.99 31.04 25.44 -6.05 29.98 24.83 -5.48 30.87 24.62 -6.48 28.6 25.45
5 24 13.74 -3.55 9.94 13.45 -2.13 8.94 12.66 -1.53 9.76 13.8 -3.09 8.94
5 24 -1.8478 -9.5 1.2346 -2.74 -10 0.47 -1.4142 -9.5 0.5858 -2.68 -9.96 1.35
5 24 -0.22 9.68 28.96 -1.19 8.24 28.88 0 9.14 28.6 -2.36 8.69 29.47
5 24 -5.16 27.24 27.66 -3.35 28.47 28.57 -4.14 30.03 27.41 -4.03 26.36 28.38
5 24 -11.98 6.18 25.27 -12.14 5.06 25.73 -12.33 4.79 24.57 -11.32 5.8 26.53
5 24 -10.15 10.8 24.73 -10.27 10.11 24.32 -10.74 10.14 25.16 -10.18 10.89 23.92
5 24 12.5 12.61 4.02 11.18 15.03 7.12 11.06 1.99 7.37 12.02 14.53 5.4
5 24 -12.46 2.5 25.16 -11.49 3.75 24.28 -11.78 2.49 23.96 -11.85 4.14 24.89
5 24 13.88 -0.67 7.35 14.26 -2.31 8.42 13.15 -1.5 8.77 14.52 -1.03 6.23
5 24 0.57 6.37 24.41 0.91 6.94 25.65 0.73 7.12 23.03 0.53 6.02 26.16
5 24 2.63 -8.36 -10.5 1.47 -7.54 -11.24 2.15 -7.31 -11.79 2.21 -8.57 -10.01
5 24 0.71 -10.79 17.52 -0.02 -11.09 16.88 0.74 -9.93 16.8 -1.15 -11.59 17.56
5 24 2.96 -5.32 17.39 3.29 -4.47 17.33 2.89 -4.55 17.9 3.35 -5.02 16.97
5 24 10.84 -6.38 -9.58 10.19 -6.04 -10.01 10.18 -4.78 -9.94 10.16 -7.23 -9.06
5 24 -5.52 -6.36 29.39 -4.59 -6.78 28.67 -5.69 -7.28 28.49 -4.71 -6.06 29.56
5 24 1.45 34.23 27.86 1.53 35.9 27.59 2.41 35.82 26.71 0.58 35.25 28.33
5 24 -15.6 1.15 -3.71 -15.69 1.52 -2.57 -15.33 2.64 -3.18 -15.72 0.71 -3.16
5 24 -9.5 16.8 10.71 -10.6 16.47 9.77 -9.31 16.67 9.21 -10.81 16.34 10.32
5 24 10.4 -5.2 9.55 10.42 -5.18 8.75 10.88 -5 8.91 9.6 -5.39 9.61
5 24 10.9 15.27 9.01 11.36 14.84 7.33 11.66 14.38 7.7 10.52 15.69 8.67
5 24 -8.54 16.69 23.03 -8.19 16.62 22.05 -8.28 17.63 22.56 -8.15 15.73 21.73
5 24 -8.74 18.88 21.58 -8.57 19.71 21.54 -8.19 18.72 21.02 -8.74 19.37 22.93
5 24 -6.22 33.75 26.1 -5.43 33.59 27.45 -6.63 33.37 26.11 -5.21 34.84 26.78
5 24 -0.08 19.46 22.31 0.32 18.16 21.67 0.43 18.6 22.55 -0.29 19.28 21.28
5 24 -11.58 4.3 13.69 -11.68 3.26 13.25 -12.51 3.78 12.75 -9.67 4.62 15.49
5 24 1.22 -6.31 23.95 1.05 -6.14 24.42 0.8 -6.89 23.84 1.41 -5.59 23.38
5 24 -11.23 6.94 13.69 -12.04 4.8 13.29 -12.27 6.49 12.65 -10.11 6.49 15.53
5 24 -11.89 -2.32 8.84 -11.52 -2.76 9.78 -12.14 -1.78 10.25 -11.29 -3.43 9.58
5 24 13.05 -5.18 9.05 12.98 -4.28 10.01 13.64 -3.79 9.32 12.41 -4.5 10.15
5 24 -6.68 7.5 30.86 -6.06 8.79 31.13 -6.24 9.11 29.89 -5.51 7.64 31.53
5 24 7.16 -4.05 -13.22 8.82 -2.59 -12.79 6.88 -1.24 -13.23 8.85 -4.31 -12.26
5 24 -2.38 14.17 30.17 -3.26 13.52 30.75 -2.62 12.56 30.02 -3.48 14.85 30.22
5 24 -8.39 -9.33 16.03 -8.58 -8.48 15.79 -8.74 -8.44 16.74 -8.17 -8.48 14.82
5 24 -7.16 -5.88 28.65 -6.44 -5.36 29.58 -6.7 -6.74 28.44 -7.6 -5.15 28.75
5 24 -9.35 -7.31 26.31 -9.56 -6.76 25.76 -9.5 -8.15 25.72 -9.65 -6.51 26.98
5 24 -2.45 -10.51 -0.78 -2.21 -9.87 -1.94 -3.12 -10.09 -0.74 -1.28 -10.73 -1.35
5 24 -6.51 11.77 29.82 -6.42 10.5 29.61 -6.62 11.48 28.78 -6.22 11.19 30.38
5 24 -0.39 34.61 30.63 0.11 35.51 29.36 0.15 34.37 29.32 -0.25 36.2 29.78
5 24 -0.76 40.04 31.02 -1.77 41.11 31.39 -0.83 41.49 29.94 -1.23 39.69 31.41
5 24 -6.91 5.19 30.29 -6.13 6.08 31.17 -6 4.86 30.85 -7.49 6.26 29.66
5 24 1.1 38.55 26.26 1.16 39.05 26.7 1.84 38.52 27.08 0.31 39.13 26.26
5 24 -6.6 20.77 19.69 -6.9 20.19 20.54 -6.84 20.84 20.96 -6.7 20.17 19.39
5 24 -1.27 32.59 20.49 -0.48 31.17 20.51 -0.25 31.97 22.16 -1.83 31.73 19.43
5 24 -10.01 -5.27 14.97 -9.99 -5.83 15.47 -10.03 -5.99 14.32 -9.79 -4.73 15.68
5 24 -12.25 -3.67 20.73 -11.78 -4.07 20.26 -12.2 -4.1 21.29 -11.13 -2.94 19.94
5 24 -3.58 37.05 30.88 -0.74 38.08 31.26 -3.79 37.9 30.87 -2.3 35.94 30.78
5 24 -6.89 11.29 19.43 -7.85 11.03 19.75 -7.06 10.46 19.67 -7 11.88 19.34
5 24 1.09 16.26 26.98 1.8 17.2 26.7 1.48 16.84 27.48 1.59 17.2 26.2
5 24 1.2 21.91 28.51 1.21 21.2 28.09 2.24 22.12 27.65 0.38 20.74 28.14
5 24 -1.86 45.73 31.97 -2.09 45.39 32.7 -1.57 45.05 32.67 -2.62 45.51 31.98
5 24 1.47 -10.3 5.69 2.37 -10.04 5.27 1.96 -10.35 4.57 1.93 -10.26 5.89
5 24 0.9 -10.04 6.09 -0.35 -9.75 5.82 0.52 -9.46 6.71 0.08 -10.52 4.98
5 24 12.44 13.85 6.81 12.21 12.87 8.63 12.74 12.38 8.07 11.66 14.38 7.7
5 24 2.36 -5.92 -15.1 1.29 -5.55 -15.39 1.67 -6.01 -14.76 2.13 -5.48 -15.85
5 24 -7.32 15.53 24.68 -7.85 14.75 26.32 -7.31 15.24 26.49 -7.66 14.36 24.67
5 24 -9.5 16.8 10.71 -7.34 17.44 11.81 -7.95 17.32 10.44 -9.78 16.6 11.12
5 24 -0.81 42.18 31.27 -1.77 41.11 31.39 -1.8 41.5 31.82 -0.82 42.14 30.38
5 24 -12.02 14.07 10.61 -12.7 12.81 10.91 -12.69 11.98 11.53 -12.48 13.21 10.01
5 24 -1.61 41.42 25.89 -3.09 41.58 26.17 -2 40.75 25.49 -1.26 42.03 26.22
5 24 -12.25 -3.67 20.73 -12.97 -3.02 21.05 -12.1 -2.78 20.32 -12.2 -4.1 21.29
5 24 -2.21 -9.87 -1.94 -3.36 -9.96 -1.66 -2.59 -9.94 -2.22 -3.12 -10.09 -0.74
5 24 0.07 32.38 29.35 -0.35 31.74 30.03 -0.53 33.12 29.95 0.37 31.21 28.92
5 24 -14.33 10.06 8.45 -14.54 9.92 7.16 -14.36 9.26 8.12 -14.33 11.08 7.3
5 24 -1.67 4.22 29.41 -1.72 6.31 30.17 -2.43 5.94 30.25 -0.02 4.47 28.6
5 24 -16.24 3.37 -1 -16.28 2.41 -1.76 -16.02 2.96 -0.55 -16.16 2.93 -2.35
5 24 -7.9 -7.54 4.13 -9.33 -6.66 3.08 -7.8 -6.89 5.11 -7.43 -8.19 3.3
5 24 10.66 -2.13 -10.17 10.18 -4.78 -9.94 9.94 -4.57 -10.87 10.61 -4.35 -9.5
5 24 -1.66 24.99 18.52 -1.81 26.44 19.53 -0.49 24.92 19.74 -3.32 24.97 18.63
5 24 -0.15 -1.86 19.72 0.05 -3.58 20.43 0.8 -2.42 19.23 -0.84 -2.67 20.84
5 24 -4.65 0.87 -10.51 -4.87 2.89 -11.96 -0.54 0.92 -11.92 -6.27 2.87 -11.09
5 24 -1.77 18.85 13.48 4.24 2.04 12.47 0.17 2.02 12.95 2.39 18.55 12.71
5 24 6.72 -9.15 -6.51 8.4 -8.44 -7.28 7.65 -9.05 -5.55 7.44 -8.71 -7.96
5 24 -5.14 -9.67 12.52 -4.95 -9.49 11.74 -5.91 -9.16 11.89 -4.16 -9.96 12.44
5 24 -12.4 -2.63 23.26 -12.98 -2.91 22.22 -12.08 -3.29 23.26 -12.96 -2.31 22.02
5 24 1.45 34.23 27.86 2.67 33.45 28.07 3.17 35.34 26.64 1.45 32.34 28.43
5 24 -13.2 -0.92 10.29 -12.24 -1.28 9.06 -12.14 -1.78 10.25 -12.82 -0.49 9.13
5 24 0.31 39.13 26.26 -1.03 39.9 25.13 -0.48 40.9 26.32 -0.21 38.57 25.27
5 24 5 -6.05 -14.43 5.73 -6.62 -13.83 4.69 -6.76 -13.59 6.99 -5.78 -13.71
5 24 6.27 17.75 11.88 6.6 17.26 13.04 6.95 16.85 12.73 4.58 18.33 12.66
5 24 -8.97 -2.42 19.58 -8.81 -0.8 20.11 -10.21 -2.77 19.69 -8.12 -1.11 19.82
5 24 -4.39 24.63 19.35 -3.32 24.97 18.63 -3.16 26.34 19.73 -3.35 23.84 18.36
5 24 6.96 -7.97 -12.41 7.78 -7.81 -10.46 6.53 -8.58 -10.68 7.75 -7.32 -12.11
5 24 -7.19 16.47 18.69 -6.86 15.42 18.93 -7.8 15.6 19.79 -5.56 15.82 17.94
5 24 0.53 36.29 29.22 -0.25 36.2 29.78 0.45 37.06 29.77 0.11 35.51 29.36
5 24 -12.6 14.19 8.55 -12.45 14.84 9.65 -11.49 15.87 8.65 -12.78 13.36 8.99
5 24 -10.82 -1.66 -9.09 -10.23 0.11 -9.67 -9.79 -1.34 -9.73 -11.37 1.07 -8.73
5 24 1.24 11.54 22.75 1.31 12.14 23.08 1.82 11.57 24.22 0.83 12.79 22.98
5 24 -13.56 3.83 11.38 -13.4 4.42 12.52 -13.91 4.82 11.1 -13.1 3.74 12.25
5 24 -11.04 -1.81 13.76 -11.15 -2.69 13.12 -11.53 -1.87 13.2 -10.37 -2.59 13.72
5 24 -1.34 2.06 29.96 -2.83 2.77 30.36 -2.7 3.53 30.16 -2.97 2.07 30.32
5 24 -15.6 4.39 0.77 -15.55 3.42 0.77 -15.63 3.05 2.07 -15.59 3.95 -0.06
5 24 8.85 -4.31 -12.26 7.16 -4.05 -13.22 7.75 -4.64 -12.75 8.82 -2.59 -12.79
5 24 -2.3 35.94 30.78 -3.58 37.05 30.88 -2.95 35.53 30.35 -0.74 38.08 31.26
5 24 -14.98 1.47 -4.73 -15.6 1.15 -3.71 -15.09 2.69 -4.1 -14.76 0.74 -5.11
5 24 -9.36 -5.88 -6.15 -8.85 -5.98 -6.49 -8.6 -7.2 -5.58 -9.41 -5.45 -6.34
5 24 -9.27 -3.46 -9.06 -7.86 -4.35 -9.48 -8.72 -3.4 -9.66 -7.61 -5.53 -8.57
5 24 10.28 9.27 12.9 10.49 10.23 12.94 10.71 9.93 11.91 9.83 10.23 13.43
5 24 6.99 -5.78 -13.71 5.73 -6.62 -13.83 5 -6.05 -14.43 6.35 -6.59 -13.44
5 24 -6.13 6.08 31.17 -6 4.86 30.85 -4.97 5.47 31.32 -6.91 5.19 30.29
5 24 -0.35 44.81 28.74 -0.52 46.07 29.8 0.13 45.55 30.42 -1.39 45.26 28.35
5 24 -8.31 -3.32 29.49 -9.04 -4.88 28.31 -7.6 -5.15 28.75 -9.16 -3.64 29.11
5 24 -11.32 5.8 26.53 -11.47 6.65 26.04 -10.75 7.06 26.38 -11.98 6.18 25.27
5 24 -9.21 -3.63 18.9 -8.72 -3.83 18.11 -9.11 -4.14 18.35 -8.71 -3.36 18.79
5 24 -7.34 19.07 20.31 -6.75 18.73 19.42 -6.7 20.17 19.39 -7.27 18.33 20.15
5 24 -5.25 36.81 26.3 -5.03 37.37 26.22 -5.57 37.14 26.98 -3.96 35.3 25.29
5 24 8.07 9.9 14.86 7.5 8.89 15.48 6.94 10.17 14.59 8.37 8.98 14.99
5 24 5.22 12.4 14.18 4.09 12.81 14.79 4.8 12.01 14.63 4.9 14.03 14.24
5 24 -10.16 10.5 22.34 -9.98 10.56 23.24 -10.17 10.1 22.87 -9.74 11.08 22.8
5 24 8.93 8.62 14.17 10.68 8.11 13.34 9.59 7.47 14.02 9.16 9.25 13.73
5 24 -12.81 8.38 12.71 -13.09 9.7 11.99 -12.2 9.06 12.6 -13.34 8.45 12.34
5 24 -2.13 2.66 -12.45 -3.38 2.73 -13.29 -2.01 2.57 -12.98 -3.38 2.91 -12.24
5 24 -7.14 3.19 19.14 -7.58 3.35 18.39 -7.25 2.66 19.05 -7.23 4.44 19.1
5 24 -9.89 -5.72 10.54 -9.19 -6.37 10.48 -9.29 -5.79 10.07 -9.96 -5.44 11.21
5 24 -5.09 -10.06 13.24 -5.73 -9.65 13.49 -5.44 -10.3 14.36 -5.14 -9.67 12.52
5 24 16.38 4.43 0.36 15.98 4.86 2.75 15.75 6.28 1.09 16.42 2.97 0.82
5 24 15.07 -2.32 5.93 14.83 -2.58 4.9 14.52 -1.03 6.23 14.7 -3.43 4.95
5 24 12.5 -4.17 -7.55 12.54 -5.45 -8.36 11.71 -4 -8.86 12.68 -5.21 -7.41
5 24 -1.23 39.69 31.41 -0.4 39.28 30.92 -0.96 38.92 31.33 -0.76 40.04 31.02
5 24 -8.19 16.62 22.05 -7.77 16.39 21.07 -7.84 16.92 21.33 -8.15 15.73 21.73
5 24 3.92 1.5 -13.58 4.77 0.68 -13.93 3.69 -0.14 -14.38 5.62 1.67 -12.47
5 24 -8.86 7.15 29.13 -9.21 6.71 28.31 -8.71 6.45 29.06 -9.26 7.55 28.08
5 24 3.31 -9.72 6.49 3.86 -9.94 5.74 4.11 -9.53 6.65 2.69 -9.99 6
5 24 -14.1 -2.82 -5.32 -13.93 -3.6 -3.64 -14.47 -2.93 -3.06 -13.39 -3.76 -4.27
5 24 -6.58 15.94 26.35 -6.89 17.5 26.81 -6.06 15.85 26.95 -6.96 16.88 25.08
5 24 11.14 -5.82 10.39 10.4 -5.2 9.55 11.6 -5.21 9.58 10.03 -5.39 9.95
5 24 1.93 16.59 24.6 1.69 16.92 25.25 2.09 15.69 24.86 1.67 17.11 23.61
5 24 14.08 -6.73 -2.1 14.16 -6.36 -0.96 14.45 -6.57 -2.4 13.77 -6.62 -1.23
5 24 3.09 5.7 17.63 3.6 6.11 17.12 1.5 6.31 17.51 4.64 5.83 16.56
5 24 -10.43 7.38 21.32 -10.79 7.29 22.24 -10.17 8.41 20.89 -10.02 6.4 21.61
5 24 -8.33 14.12 21.54 -7.91 15.05 21.29 -7.89 14.64 20.67 -8.52 14.46 21.99
5 24 -0.06 28.23 22.54 2.12 28.33 23.23 0.1 29.69 22.21 1.27 26.79 23.55
5 24 -13.68 2.57 -6.86 -13.59 1.3 -6.94 -12.9 2.05 -7.56 -14.57 1.78 -5.45
5 24 0.65 -9.4 7.61 0.23 -8.99 8.15 0.1 -9.15 7.33 0.92 -8.73 9.16
5 24 0.43 -2.96 27.8 -1.02 -4.73 27.64 -0.87 -3.86 28.61 -0.3 -3.53 26.62
5 24 -7.26 9.96 28.79 -6.62 11.48 28.78 -6.42 10.5 29.61 -7.52 10.75 27.92
5 24 -0.35 31.74 30.03 0.37 31.21 28.92 -0.21 30.75 29.8 0.07 32.38 29.35
5 24 -9.67 4.62 15.49 -8.66 3.66 16.53 -10.61 1.84 14.59 -8.32 4.7 16.71
5 24 13.05 0.51 -8.37 14.78 -1.75 -6.09 14.08 0.79 -6.57 13.58 -3.24 -7.14
5 24 -4.48 1.27 -14.79 -4.81 2.07 -13.91 -3.29 2.22 -14.31 -5.55 0.97 -14.62
5 24 1.44 -5.67 19.92 0.91 -4.1 19.93 1.52 -5.04 19.24 1.15 -4.39 20.82
5 24 -0.4 6.8 28.9 -0.68 6.16 29.48 -1.89 7.36 30 0.22 5.1 28.16
5 24 -13.86 11.6 9.42 -13.05 11.75 10.67 -13.04 12.08 9.93 -14.18 10.87 9.7
5 24 2.63 34.73 24.14 -0.21 35.87 23.71 1.11 36.78 24.64 0.11 34.47 23.45
5 24 -1.76 0.92 22.24 -1.66 -0.49 22.08 -1.92 1.03 20.62 -0.41 0.71 23.58
5 24 -13.07 7.86 12.59 -12.96 7.02 12.23 -12.36 7.56 12.73 -13.76 7.96 11.86
5 24 -3.38 2.73 -13.29 -3.38 2.91 -12.24 -2.13 2.66 -12.45 -5.03 2.77 -12.35
5 24 5.49 -1.27 -14.2 3.13 -2.47 -14.82 4.59 -3.23 -14.33 3.69 -0.14 -14.38
5 24 -12.7 -0.77 25.38 -12.89 -1.34 24.74 -12.37 -0.36 24.22 -11.85 -2.77 25.47
5 24 -10.05 1.64 20.77 -8.8 0.53 19.92 -10.05 0.6 20.43 -7.65 1.91 19.85
5 24 14.22 -6.44 -0.29 14.35 -6.25 0.96 14.84 -6.18 0.19 13.48 -6.56 0.32
5 24 -8.6 13.9 19.94 -8.3 14.38 20.26 -8.94 13.1 21.01 -7.45 14.53 18.81
5 24 -0.91 -8.95 8.68 -2.23 -9.19 7.33 -1.52 -8.65 9.18 -0.91 -9.68 6.02
5 24 -1.59 3.09 22.54 -1.49 4.6 23.03 -1.16 4.01 23.23 -2.06 3.88 21.77
5 24 -7.21 -1.52 18.68 -7.43 -1.42 17.08 -7.7 -2.13 17.68 -6.86 -0.88 18.44
5 24 -13.93 9.05 10.51 -14.42 10.04 9.65 -13.78 10.41 10.28 -14.21 9.16 9.45
5 24 -3.77 44.6 28.74 -4.54 43.81 28.36 -2.92 44.49 28.09 -4.82 43.97 29.6
5 24 -10.63 -5.08 -6.22 -10.71 -5.67 -6.01 -12.66 -4.55 -4.86 -9.41 -5.45 -6.34
5 24 -13.05 11.75 10.67 -12.69 11.98 11.53 -12.7 12.81 10.91 -13.17 10.93 10.82
5 24 6.99 -5.78 -13.71 7.52 -6.24 -12.55 7.72 -5.48 -12.64 6.35 -6.59 -13.44
5 24 -7.16 25.81 25.02 -7.08 25.99 26.08 -7.22 25.39 25.87 -7.08 26.43 25.18
5 24 -11.29 -3.43 9.58 -11.89 -2.32 8.84 -11.52 -2.76 9.78 -11.74 -3.03 7.61
5 24 -8.4 -3.48 -10.32 -6.86 -3.98 -12.11 -7.42 -4.4 -10.42 -8.48 -2.89 -11.11
5 24 0.93 -10.04 -0.41 0.27 -10.26 -0.35 0.22 -10.13 -1.49 0.7654 -9.5 0.1522
5 24 14.24 3.59 -5.85 12.4 6.13 -6.04 13.97 5.82 -5.63 12.12 4.63 -6.82
5 24 -4.19 2.18 31.7 -3.26 2.62 31.12 -4.42 3.37 31.89 -3.55 1.79 30.78
5 24 -5.49 38.07 28.43 -5.57 37.14 26.98 -5.43 36.32 27.43 -4.81 38.25 26.6
5 24 12.27 9.53 10.73 12.47 9.1 10.57 12.75 9.39 10.08 11.86 8.42 10.92
5 24 -9.29 -9.29 19.29 -9.53 -8.98 20.17 -9.42 -8.8 18.7 -8.83 -9.62 21.17
5 24 -9.8 -2.94 13.84 -10.43 -3.28 13.07 -9.9 -3.55 13.43 -10.37 -2.59 13.72
5 24 4.97 -5.64 -14.63 3.93 -5.75 -14.6 4.59 -4.5 -14.71 5 -6.05 -14.43
5 24 12.86 -6.43 0.13 13.06 -6.63 -0.52 12.43 -6.41 0.2 14.16 -6.36 -0.96
5 24 1.79 19.33 27.24 1.22 18.88 28.27 2.03 18.14 26.99 0.79 19.79 28.4
5 24 -4.94 23.53 20.08 -5.63 23.28 20.77 -4.83 24.15 20.27 -4.93 22.66 20.13
5 24 14.7 -3.43 4.95 15.68 -3.53 3.65 14.83 -2.58 4.9 14.83 -4.3 3.9
5 24 -2.09 45.39 32.7 -1.57 45.05 32.67 -1.86 45.73 31.97 -2.37 45.02 33.07
5 24 10.97 -7.1 -1.21 12.24 -7.42 -1.23 11.84 -7.49 -2.02 11.45 -7 -0.63
5 24 0.1 29.69 22.21 -0.98 29.97 20.15 -0.34 29.05 22.1 -0.48 31.17 20.51
5 24 -9.82 -2.9 26.47 -10.34 -2.48 27.9 -10.38 -1.84 27.36 -9.84 -3.76 27.28
5 24 -9.05 -7.53 13.94 -8.44 -8.38 14.25 -8.48 -8.08 13.59 -9.35 -7.57 15.12
5 24 3.24 -9.37 10.58 4.19 -9.33 10.53 4.48 -9.21 11.12 3.73 -9.32 9.9
5 24 -8.69 -7.83 12.74 -8.48 -8.08 13.59 -9.31 -7.22 13.18 -7.89 -8.35 12.39
5 24 -2.83 18.49 29.73 -4.38 17.15 29.33 -3.94 18.06 29.18 -3.58 16.22 30.12
5 24 -1.77 18.85 13.48 0.17 2.02 12.95 -3.05 2.05 12.73 4.24 2.04 12.47
5 24 4.91 -9.17 5.29 3.68 -9.98 3.64 4.48 -9.3 3.75 3.61 -10.27 4.14
5 24 -12.36 -0.07 22.63 -12.1 0.43 22.16 -12.2 0.25 23.54 -12.23 -0.05 21.85
5 24 0.73 7.12 23.03 0.91 6.94 25.65 0.57 6.37 24.41 0.99 8.25 23.52
5 24 -1.77 41.11 31.39 -1.23 39.69 31.41 -0.76 40.04 31.02 -2.89 40.7 31.18
5 24 -1.22 -9.54 24.83 -0.62 -9.34 23.59 -0.42 -9.05 24.38 -1.19 -10.15 24.01
5 24 2.39 30.8 24.63 2.92 29.96 23.97 3.42 29.59 25.18 1.94 30.76 23.33
5 24 -0.46 4.8 23.38 0.12 5.85 24.14 0.82 4.53 25.18 -0.27 6.41 23.4
5 24 -12.72 13.51 5.39 -12.4 14.44 6.46 -12.98 14.04 6.71 -12.01 13.59 4.98
5 24 -9.33 10.19 26.02 -7.96 10.81 26.95 -8.47 11.22 25.74 -8.55 10.02 27.95
5 24 1.25 7.21 17.56 1.01 8.19 17.62 -0.11 7.45 18.48 2.81 8.24 17.01
5 24 0.69 14.5 16.69 2.22 13.52 16.51 0.28 13.16 17.54 0.94 15.37 15.99
5 24 4.13 -8.75 12.14 3.24 -9.37 10.58 4.48 -9.21 11.12 2.85 -8.93 11.37
5 24 -15.86 7.65 0.81 -16.28 6.31 0.96 -16.08 7.11 1.73 -15.91 6.88 -0.66
5 24 1.55 -6.69 20.93 1.42 -6.17 21.8 1.74 -5.72 20.71 1.21 -7 21.76
5 24 11.25 0.19 -9.85 12.03 -0.85 -9.58 10.51 -0.75 -10.4 12.37 -0.05 -8.82
5 24 15.43 5.99 -3.75 15.64 5.09 -4.01 16.26 4.16 -2.14 15 5.9 -4.74
5 24 -6.32 2.6 -12.02 -6.05 1.89 -13.51 -6.97 1.15 -12.89 -5.03 2.77 -12.35
5 24 -5.3 38.64 28.53 -5.49 38.07 28.43 -4.77 37.48 29.66 -4.81 38.25 26.6
5 24 -2.26 17.38 16.45 -3.02 17.47 15.8 -3.13 16.97 16.69 -2.22 18.97 14.08
5 24 14.73 8.61 2.82 13.52 9.41 2.14 13.54 10.32 3.96 14.69 7.73 1.5
5 24 -3.42 44.18 32.72 -4.25 44.17 31.88 -4.24 43.78 31.95 -3.56 44.54 32.58
5 24 -3.1 -10.03 0.39 -4.25 -10.52 -0.57 -4.26 -10.78 -0.06 -3.12 -10.09 -0.74
5 24 -5.82 -11.18 16.55 -6.49 -10.79 16.21 -5.54 -11.32 15.78 -6.2 -10.95 17.1
5 24 -6.21 26.11 23.91 -6.03 25.46 23.56 -6.39 25.27 24.02 -5.53 26.06 23.43
5 24 -2.7 7.75 30.14 -3.45 9.82 30.79 -4.18 8.88 31.39 -2.36 8.69 29.47
5 24 -8.83 7.66 20 -8.93 6.46 20.74 -7.76 7.37 19.8 -10.43 7.38 21.32
5 24 -3.29 -1.11 -15.71 -3.68 -0.28 -15.64 -4.11 -1.23 -15.38 -2.37 -0.43 -15.78
5 24 -9.58 11.09 25.36 -9.33 10.19 26.02 -10.24 10.27 25.84 -8.47 11.22 25.74
5 24 -4.9 -10.14 -1.25 -5.5 -10.19 -2.16 -3.53 -10.43 -2.68 -5.8 -9.86 -1.21
5 24 -15.61 5.57 -3.35 -15.41 5.24 -4.19 -15.9 4.66 -3.06 -15.21 6.61 -3.47
5 24 4.63 -3.78 16.48 3.29 -4.47 17.33 4.06 -3.18 16.52 3.35 -5.02 16.97
5 24 -11.77 -2.55 5.35 -10.89 -3.61 6.39 -11.74 -3.03 7.61 -10.91 -3.46 5.2
5 24 -12.28 -2.03 23.25 -12.96 -2.31 22.02 -12.4 -2.63 23.26 -12.17 -1.5 22.21
5 24 -4.7 4.46 31.87 -4.42 3.37 31.89 -5.84 3.89 31.63 -3.09 3.85 31.22
5 24 -8.15 15.73 21.73 -8.19 16.62 22.05 -7.77 16.39 21.07 -8.54 16.69 23.03
5 24 -1.32 28.44 19.93 -1.32 29.19 20.29 -0.71 28.25 21.1 -2.56 29.39 19.85
5 24 -0.98 29.97 20.15 -1.32 29.19 20.29 -0.34 29.05 22.1 -2.56 29.39 19.85
5 24 0.76 7.57 25.78 0.99 8.25 23.52 1.12 9.37 25.23 0.91 6.94 25.65
5 24 -6.62 26.89 24.26 -7.08 26.43 25.18 -6.34 27.97 25.34 -6.56 25.76 24.22
5 24 7.2 -5.84 14.04 6.6 -5.96 13.59 7.72 -5.7 12.93 5.71 -6.02 14.13
5 24 -7.05 14.12 28.1 -5.56 14.96 28.29 -7.22 14.88 27.33 -6.07 13.12 28.96
5 24 -14.67 9.09 4.87 -15.06 9.22 5.81 -14.71 10.32 5.34 -14.68 7.78 5.09
5 24 -8.33 20.2 21.72 -7.62 19.9 21.06 -8.57 19.71 21.54 -7.77 20.5 21.58
5 24 -0.35 14.01 29.05 -1.9 13.4 29.52 -1.36 14.68 29.6 -1.27 12.81 28.96
5 24 7.52 5.23 15.56 7.98 4.96 14.69 8.3 5.65 15.16 7.66 4.06 15.01
5 24 6.6 17.26 13.04 6.65 16.83 13.21 6.95 16.85 12.73 3.84 17.95 14.33
5 24 0.16 16.34 20.68 -0.27 15.52 19.73 -0.27 15.47 20.91 0.23 16.23 19.55
5 24 2.56 25.59 27.16 3.07 25.98 25.85 1.9 24.71 26.53 3.23 26.89 26.72
5 24 -11.63 -2.86 11.08 -11.53 -3.78 10.93 -11.56 -3.57 10.17 -10.71 -3.43 12.34
5 24 -8.75 -1.54 29.36 -7.47 -1.38 29.84 -8.48 -0.24 29.98 -7.98 -2.06 29.49
5 24 0.57 6.37 24.41 0.73 7.12 23.03 -0.27 6.41 23.4 0.91 6.94 25.65
5 24 -4.45 10.78 30.78 -3.56 11.86 30.8 -6.22 11.19 30.38 -3.37 10.84 30.47
5 24 -7.62 6.41 19.23 -7.84 6.71 17.96 -7.63 7.5 18.1 -7.6 5.7 18.92
5 24 -4.93 22.66 20.13 -4.2 22.24 18.87 -4.2 23.02 19.24 -5.2 21.78 19.56
5 24 -14.8 8.3 -1.49 -15.34 7.51 -2.64 -15.6 7.65 -0.84 -14.65 7.78 -3.3
5 24 -12.8 10.07 2.46 -12.02 2.05 5.07 -13.01 2.16 0.91 -12.56 11.42 3.47
5 24 -8.69 2.57 -9.34 -8.79 0.98 -7.34 -9.93 2.76 -8.24 -7 0.87 -8.97
5 24 -4.69 -1.16 31.1 -3.67 -0.13 30.73 -5.46 -0.4 31.12 -4.2 -2.1 30.71
5 24 -3.7 34.74 22.56 -5.33 33.17 22.53 -5.08 33.36 20.99 -4.2 33.87 23.98
5 24 -9.19 -6.37 10.48 -9.29 -5.79 10.07 -8.64 -6.64 9.88 -9.89 -5.72 10.54
5 24 -16.08 7.11 1.73 -15.2 8.91 3.2 -15.86 7.65 0.81 -15.5 7.51 3.51
5 24 7.16 -4.05 -13.22 7.06 -5.32 -13.83 5.99 -4.87 -14.33 7.75 -4.64 -12.75
5 24 -14.78 9.54 3.1 -14.15 9.94 2.89 -14.58 9.01 1.66 -14.46 9.75 4.35
5 24 12.53 -5.16 6.27 13.61 -5.62 5.12 14.2 -4.9 6.06 11.83 -5.37 5
5 24 -11.78 2.49 23.96 -12.46 2.5 25.16 -11.49 3.75 24.28 -12.39 1.44 24.05
5 24 1.34 22.71 23.46 2.33 24.54 24.27 2.15 22.67 23.85 1.1 25.97 23.08
5 24 10.04 -6.07 -11.3 9.08 -5.65 -12.25 9.57 -6.8 -11.52 9.94 -4.57 -10.87
5 24 -5.77 20.51 18.74 -5.85 18.99 18.86 -4.51 19.11 18.46 -6.7 20.17 19.39
5 24 -12.27 -4.22 -0.25 -11.71 -4.95 -0.12 -12 -4.73 -0.71 -12.56 -3.8 0.68
5 24 8.73 16.42 10.49 9.49 16.14 9.21 8.39 16.69 10.18 9.74 15.89 9.51
5 24 13.94 6.54 7.12 14.83 6.51 5.53 14.3 5.46 6.56 14.47 7.25 6.35
5 24 -16.07 5.88 -2.75 -15.94 6.95 -1.47 -15.34 7.51 -2.64 -16.08 5.93 -0.63
5 24 -3.11 46.22 30.77 -3.46 46.14 29.52 -2.47 46.12 28.99 -3.62 46.09 30.82
5 24 16.38 3.3 4.15 16.19 1.52 3.57 16.09 1.48 4.48 16.25 3.22 3.19
5 24 -6.59 -9.45 13.61 -7.09 -9.82 14.67 -5.44 -10.3 14.36 -7.51 -9.09 14.23
5 24 -12.04 4.8 13.29 -13.36 5.06 12.63 -13.11 5.96 12.63 -13.4 4.42 12.52
5 24 14.62 -5.3 -4.36 14.74 -4.07 -4.03 14.65 -4.58 -3.39 14.64 -5.14 -4.96
5 24 3.08 27.7 24.18 2.12 28.33 23.23 3.4 28.2 24.46 1.27 26.79 23.55
5 24 1.81 36.47 28.07 2.17 37.01 28.5 1.83 37.08 27.38 1.57 36.62 29.11
5 24 -10.54 11.59 13.15 -11.35 12.59 12.21 -11.54 12.01 12.21 -9.63 13.61 13.56
5 24 -10.9 -7.27 -0.76 -9.89 -7.57 -0.67 -10.56 -6.84 -0.27 -10.44 -8.05 -1.9
5 24 10.52 15.69 8.67 9.74 15.89 9.51 9.49 16.14 9.21 10.57 15.23 9.59
5 24 -9.5 -8.15 25.72 -9.77 -7.12 24.94 -9.52 -8.08 24 -9.56 -6.76 25.76
5 24 9.6 -3.98 14.39 9.96 -3.66 13.92 9.97 -4.23 13.5 8.99 -3.61 14.96
5 24 0.15 -10.12 20.54 0.55 -8.97 20.62 0.28 -9.59 21.1 0.85 -9.85 19.55
5 24 -2.01 2.57 -12.98 -0.17 2.66 -13.1 -1.99 2.24 -13.88 0 2.47 -12.62
5 24 4.63 -3.78 16.48 5.56 -4.05 15.73 5.04 -4.73 15.9 5.52 -3.19 15.85
5 24 -10.36 -1.28 27.85 -10.52 -1.34 26.71 -10.38 -1.84 27.36 -10.27 -0.67 27.12
5 24 -7.72 23.25 25.29 -7.66 22.52 25.48 -7.31 22.62 26.57 -7.19 23.39 24.31
5 24 1.61 -6.16 18.24 1.21 -6.92 18.77 1.78 -7.16 17.25 1.44 -5.67 19.92
5 24 7.36 11.76 13.92 5.84 11.47 14.31 6.32 10.72 14.3 5.22 12.4 14.18
5 24 11.36 5.67 11.29 12.1 6.63 9.76 11.75 4.96 10.27 10.82 6.24 11.87
5 24 -0.31 7.03 22.59 0.73 7.12 23.03 -0.27 6.41 23.4 0.51 7.85 22.59
5 24 -5.56 15.32 15.06 -6.74 14.85 14.53 -6 14.74 15.48 -6.52 15.6 14.12
5 24 1.99 -9.05 11.75 1.81 -9.13 13.02 3.26 -8.67 12.02 0.8 -9.28 11.46
5 24 -7 .87 -8.97 -7.071 -2 -7.071 -4.65 .87 -10.51 -8.79 .98 -7.34
5 24 6.36 -8.88 4.03 4.48 -9.3 3.75 5.36 -9.03 5.19 4.56 -9.69 1.67
5 24 -9.16 -7.53 -0.27 -9.89 -7.57 -0.67 -10.56 -6.84 -0.27 -9.08 -8.26 -1.29
5 24 -1.4142 -9.5 0.5858 -2.23 -10.36 0.1 -1.37 -10.57 0.09 -2.74 -10 0.47
5 24 -3.66 5.03 31.39 -4.97 5.47 31.32 -4.04 5.97 31.09 -4.7 4.46 31.87
5 24 -12.8 10.07 2.46 -13.01 2.16 0.91 -12.02 2.05 5.07 -12.96 9.08 1.35
5 24 1.5 6.31 17.51 1.25 7.21 17.56 3.16 7.43 16.95 -0.11 7.45 18.48
5 24 14.83 6.51 5.53 15.49 6.59 3.47 14.93 7.67 4.23 15.64 5.41 5.12
5 24 -0.45 -4.54 25.61 0.19 -3.65 25.87 -0.7 -4.23 26.34 0.3 -4.94 24.95
5 24 -4.87 40.4 27.72 -4.55 40.02 27.87 -4.62 40.57 30.18 -3.56 40.16 26.03
5 24 -5.47 31.85 24.54 -5.19 32.91 24.51 -4.69 31.27 23.54 -6.32 33.23 25.11
5 24 -5.56 15.32 15.06 -6.16 16.55 13.83 -4.62 16.9 14.98 -6.52 15.6 14.12
5 24 1.45 34.23 27.86 1.45 32.34 28.43 0.65 33.25 28.44 2.67 33.45 28.07
5 24 -1.26 42.03 26.22 -0.94 42.71 27.06 -0.11 41.4 26.95 -2.35 43.13 26.67
5 24 6.8 -3.53 15.7 7.59 -2.73 15.02 6.96 -3.05 15.32 8.75 -3.1 14.76
5 24 -2.08 36.9 22.65 -1.66 37.36 23.81 -1.1 36.25 22.58 -2.84 36.92 22.84
5 24 4.57 -8.74 9.69 3.73 -9.32 9.9 4.81 -9.58 8.91 4.6 -8.56 9.97
5 24 -1.66 -0.49 22.08 -1.92 1.03 20.62 -1.76 0.92 22.24 -1.48 -0.62 19.81
5 24 13.64 7.71 8.46 13.91 7.21 8.25 14.04 7.49 7.91 12.42 7.44 9.74
5 24 -0.45 -4.54 25.61 -0.37 -6.37 26.73 -0.67 -5.7 27.12 0.3 -4.94 24.95
5 24 7.87 6.25 15.65 6.61 6.2 15.86 7.9 5.75 15.46 6.97 6.66 15.83
5 24 -6.2 21.97 27.69 -5.49 23.48 27.59 -4.83 22.83 27.93 -7.31 22.62 26.57
5 24 -7.98 -2.06 29.49 -8.31 -3.32 29.49 -8.92 -2.25 29.42 -7.19 -2.85 29.77
5 24 -3.13 16.97 16.69 -6.02 17.75 18.01 -6 18.37 18.55 -4.46 16.23 17.24
5 24 11.87 11.58 10.47 11.74 10.57 10.58 12.61 11.39 9.59 11.16 10.48 11.13
5 24 -12.72 -2.27 -6.43 -11.43 -1.94 -8.51 -13.37 -1.15 -6.65 -12.64 -3.13 -5.81
5 24 -7.01 -10.46 16.45 -7.7 -9.8 15.54 -7.82 -10.19 16.65 -7.09 -9.82 14.67
5 24 -11.23 6.94 13.69 -12.27 6.49 12.65 -12.36 7.56 12.73 -12.04 4.8 13.29
5 24 -11.47 11.19 12.26 -12.16 12.04 12.06 -11.54 12.01 12.21 -12.58 10.33 11.75
5 24 -3.02 17.47 15.8 -3.5 16.98 15.86 -3.13 16.97 16.69 -4.62 16.9 14.98
5 24 -0.31 -11.29 20.56 -0.81 -11.18 22.26 -1.37 -11.53 21.83 0.2 -10.57 21.37
5 24 0.26 44.1 29.67 0.02 43.14 29.4 -0.81 42.18 31.27 -0.52 43.14 28.65
5 24 1.57 -9.67 10.07 1.88 -9.58 11.02 1.02 -9.28 11.2 2.55 -9.82 9.83
5 24 -5.78 -4.31 -12.56 -4.25 -3.84 -13.5 -3.54 -4.35 -13.21 -6.02 -3.72 -12.91
5 24 7.93 -5.85 11.86 9.28 -5.61 10.86 8.97 -5.68 11.75 7.64 -6.44 10.48
5 24 1.99 -9.05 11.75 1.88 -9.58 11.02 1.02 -9.28 11.2 3.24 -9.37 10.58
5 24 0.61 -4.15 22.25 0.09 -3.88 21.06 1.15 -4.39 20.82 -0.41 -3.17 22.02
5 24 -6.48 28.6 25.45 -6.43 28.65 24.99 -6.34 27.97 25.34 -6.05 29.98 24.83
5 24 -0.93 18.35 18.42 -3.28 18.33 17.79 -2.97 19.21 18.23 -2.44 17.42 17.02
5 24 -0.62 -9.34 23.59 -1.19 -10.15 24.01 -1.16 -10.21 23.38 -1.22 -9.54 24.83
5 24 -6.19 28.39 21.58 -5.22 26.35 22.11 -5.42 26.82 23.11 -5.56 27.97 20.55
5 24 -7.84 16.92 21.33 -8.19 16.62 22.05 -8.26 17.46 21.86 -7.77 16.39 21.07
5 24 7.06 -5.32 -13.83 7.72 -5.48 -12.64 6.99 -5.78 -13.71 7.75 -4.64 -12.75
5 24 -3.02 5.51 30.64 -3.66 5.03 31.39 -4.04 5.97 31.09 -2.71 4.73 30.4
5 24 -15.06 9.22 5.81 -14.89 7.34 6.71 -15.18 8.69 6.92 -14.68 7.78 5.09
5 24 -10.23 9.67 23.84 -9.98 10.56 23.24 -10.17 10.1 22.87 -10.18 10.89 23.92
5 24 -10.99 -3.27 25.36 -11.08 -4.3 25.68 -11.48 -3.68 24.75 -10.18 -3.25 25.64
5 24 -11.2 3.33 -7.51 -11 3.44 -7.34 -11.86 6.21 -6.21 -10.18 2.64 -8.4
5 24 12.59 8.6 9.85 13.64 7.71 8.46 13.36 9.04 8.2 12.42 7.44 9.74
5 24 -10.07 -6.99 16.45 -9.56 -7.96 15.71 -10.13 -7.02 15.67 -9.51 -7.76 16.6
5 24 13.74 -3.55 9.94 12.66 -1.53 9.76 13.45 -2.13 8.94 12.18 -1.26 10.74
5 24 10.68 10.78 12.49 10.49 10.23 12.94 10.12 11.53 12.73 10.71 9.93 11.91
5 24 0.38 -0.12 27.01 0.25 1.5 26.66 -0.02 1.58 27.46 0.96 0.53 26.36
5 24 -0.17 -2.76 28.79 0.43 -2.13 28.01 0.43 -2.96 27.8 0.13 -1.83 28.48
5 24 -4.55 40.02 27.87 -3.56 40.16 26.03 -4.87 40.4 27.72 -2.71 39.62 25.22
5 24 -13.55 0.74 9.94 -13.35 -0.15 9.86 -13.11 0.29 9.26 -13.64 0.88 10.53
5 24 6.88 -1.24 -13.23 7.37 0.76 -12.49 8.26 -0.39 -12.73 6.24 0.81 -12.92
5 24 -10 -2 0 -12.62 1.89 -2.74 -9.239 -2 -3.827 -13.01 2.16 .91
5 24 9.28 -5.61 10.86 10.03 -5.39 9.95 9.6 -5.39 9.61 10.01 -5.66 10.7
5 24 9.17 6.81 14.93 9.31 5.93 14.3 9.45 6.73 13.99 8.3 5.65 15.16
5 24 4.97 -4.83 -14.68 4.59 -4.5 -14.71 5.08 -4.08 -14.26 4.97 -5.64 -14.63
5 24 2.01 39.08 27.51 1.75 38.88 28.82 1.5 39.51 28.31 2.39 38.43 28.28
5 24 -0.91 1.05 20 -1.92 1.03 20.62 -1.46 1.97 20.83 -1.1 0.28 19.53
5 24 -6.75 18.73 19.42 -7.43 17.25 18.9 -7.43 17.67 19.88 -6.02 17.75 18.01
5 24 11.69 3.77 -7.38 14.24 3.59 -5.85 14.82 2 -5.63 12.12 4.63 -6.82
5 24 -8.41 18.74 23.17 -8.28 17.63 22.56 -8.71 18.09 21.89 -7.88 18.15 23.28
5 24 -5.92 12.75 16.72 -6.4 12.26 16.75 -6.19 12.62 17.94 -6.36 13.26 15.84
5 24 -7.26 9.96 28.79 -8.09 9.59 28.84 -7.35 9.21 29.41 -8.55 10.02 27.95
5 24 -6.34 27.97 25.34 -7.08 26.43 25.18 -7.08 25.99 26.08 -6.62 26.89 24.26
5 24 -2.62 37.43 24.32 -1.68 38.35 24.66 -1.66 37.36 23.81 -2.8 38.69 25.14
5 24 -0.79 1.17 29.65 -0.36 -0.96 28 -1.58 -0.98 28.97 0.01 1.98 28.67
5 24 -1.43 27.42 19.63 -1.32 28.44 19.93 -2.79 28.57 19.49 -0.51 27.29 20.8
5 24 -1.83 31.73 19.43 -1.84 32.41 19.87 -1.27 32.59 20.49 -4.7 32.6 20.36
5 24 -7.7 -0.43 19.74 -8.12 -1.11 19.82 -8.81 -0.8 20.11 -7.45 -1.41 19.35
5 24 -0.88 11.34 18.97 -0.79 11.69 18.74 -0.95 11.88 19.92 0.15 10.83 18.16
5 24 -0.21 22.79 20.91 -0.55 23.55 22.32 -0.6 24.06 19.68 -0.41 22.53 22.44
5 24 -3.12 -11.06 16.44 -2 -11.19 16.4 -2.74 -11.12 17.47 -2.35 -11 15.11
5 24 0.8 -9.28 11.46 1.99 -9.05 11.75 1.02 -9.28 11.2 1.81 -9.13 13.02
5 24 1.96 -2.12 17.87 2.14 -3.01 18 1.62 -2.52 18.34 2.23 -2.53 17.45
5 24 4.69 -6.76 -13.59 4.23 -7.46 -12.95 3.93 -7.57 -13.41 4.88 -7.34 -12.79
5 24 -0.36 14.64 19.67 -0.39 13.46 18.92 -0.23 13.61 20.29 -0.18 14.92 17.66
5 24 -5.97 -8.57 2.82 -4.52 -9.28 2.49 -5.23 -8.8 1.98 -3.44 -9.78 4.1
5 24 5.41 -9.22 -9.17 4.31 -9.3 -9.01 5.27 -8.41 -10.27 5.56 -9.24 -8.35
5 24 1.05 0.37 18.65 1.29 -0.39 18.67 2.09 0.65 18.04 -0.2 0.05 18.98
5 24 2.35 22.83 25.09 2.15 22.67 23.85 1.94 21.53 24.51 2.51 23.39 24.48
5 24 12.7 -7.26 -0.96 12.24 -7.42 -1.23 12.28 -7.56 -2.91 11.45 -7 -0.63
5 24 12.68 -5.21 -7.41 12.5 -4.17 -7.55 12.54 -5.45 -8.36 13.03 -4.77 -6.46
5 24 1.15 -2.02 18.58 1.44 -2.98 18.94 1.62 -2.52 18.34 0.8 -2.42 19.23
5 24 -13.78 10.41 10.28 -14.18 10.87 9.7 -13.05 11.75 10.67 -14.42 10.04 9.65
5 24 16.26 -4.7 -0.78 14.98 -5.79 -0.43 15.28 -6.26 -1.7 15.68 -4.07 0.26
5 24 -5.37 -0.89 -14.83 -5.7 -0.31 -15 -4.56 -0.64 -15.42 -6.36 -0.73 -13.87
5 24 1.23 23.98 28.42 1.2 23.05 28.72 0.46 24.34 28.7 2.18 23.3 27.79
5 24 6.96 -7.97 -12.41 6.83 -7.46 -12.8 5.3 -8.1 -12.13 7.75 -7.32 -12.11
5 24 -2.73 -5.26 -12.46 -2.32 -5.26 -13.47 -1.07 -5.92 -14.39 -3.29 -4.73 -12.75
5 24 -2.47 46.12 28.99 -0.52 46.07 29.8 -1.03 46.04 30.87 -1.39 45.26 28.35
5 24 13.54 10.32 3.96 14.73 8.61 2.82 13.52 9.41 2.14 14.15 10.2 5.05
5 24 -8.36 4.91 20.4 -9.65 4.84 20.92 -8.2 3.37 20.9 -8.93 6.46 20.74
5 24 2.18 23.3 27.79 1.78 24.14 27.68 1.23 23.98 28.42 2.4 23.53 26.62
5 24 -2.89 40.7 31.18 -2.63 41.72 31.99 -1.77 41.11 31.39 -3.75 40.3 30.68
5 24 1.59 37.81 26.71 1.84 38.52 27.08 1.1 38.55 26.26 2.19 37.77 27.73
5 24 5.19 -8.74 8.72 7.48 -7.18 7.04 4.57 -8.74 9.69 6.37 -8.53 5.82
5 24 -15.11 0.03 -0.22 -15.39 -1.04 -0.81 -14.69 -0.83 -0.26 -15.42 0.63 -0.31
5 24 4.12 -8.2 12.57 4.59 -8.64 11.79 4.13 -8.75 12.14 4.77 -7.93 11.94
5 24 -2.62 12.56 30.02 -1.9 13.4 29.52 -2.38 14.17 30.17 -2.09 11.86 29.61
5 24 -16.02 2.96 -0.55 -15.62 2.31 -0.26 -16.08 1.58 -1.72 -15.55 3.14 -0.04
5 24 13.34 -4.91 7.31 13.46 -4.82 6.72 12.53 -5.16 6.27 13.98 -4.09 7.24
5 24 2.62 -9.88 -2.62 0.93 -10.04 -0.41 0.22 -10.13 -1.49 2.01 -10.16 0.54
5 24 -12.02 2.05 5.07 -9.239 -2 3.827 -10 -2 0 -7.071 -2 7.071
5 24 -1.95 46.15 31.13 -2.15 45.97 31.49 -1.86 45.73 31.97 -3.11 46.22 30.77
5 24 -9.76 -6.6 13.71 -9.05 -7.53 13.94 -9.31 -7.22 13.18 -9.44 -7.03 14.37
5 24 -4.88 18.02 13.14 -5.31 17.9 11.87 -4.41 18.15 12.33 -5.98 17.69 12.48
5 24 -2.18 -11.88 19.42 -2.82 -11.9 20.02 -1.37 -11.53 21.83 -3.07 -11.54 18.97
5 24 -3.51 33.2 29.78 -2.94 32.23 29.36 -2.41 32.45 30.25 -3.66 32.86 28.83
5 24 14.74 -4.07 -4.03 14.92 -3.76 -3.12 15.05 -2.85 -4.67 14.65 -4.58 -3.39
5 24 0.31 39.13 26.26 1.1 38.55 26.26 -0.21 38.57 25.27 1.16 39.05 26.7
5 24 14.48 -5.35 -3.89 14.45 -5.92 -4.4 14.35 -6.02 -3.28 14.62 -5.3 -4.36
5 24 -5.86 16.87 17.64 -5.56 15.82 17.94 -7.19 16.47 18.69 -4.46 16.23 17.24
5 24 1.21 -6.43 -13.86 -1.07 -5.92 -14.39 1.29 -5.55 -15.39 -0.23 -6.59 -12.36
5 24 -5.03 2.77 -12.35 -6.32 2.6 -12.02 -6.05 1.89 -13.51 -4.87 2.89 -11.96
5 24 -4.06 -7.77 28.38 -5.1 -8.62 28.19 -3.63 -8.49 27.89 -5.69 -7.28 28.49
5 24 -4 42.5 31.54 -5.14 42.2 29.53 -5.3 42.84 29.53 -4.56 41.57 31.04
5 24 -0.22 1.88 23.66 0.68 1.69 25 -0.1 3.09 23.98 0.83 0.65 24.7
5 24 -9.36 -5.88 -6.15 -8.6 -7.2 -5.58 -9.43 -6.95 -5.2 -8.85 -5.98 -6.49
5 24 1.98 -9.81 2.88 2.32 -10.43 2.54 2.16 -9.89 1.94 2.26 -10.12 3.22
5 24 0.29 7.01 26.52 -0.58 7.55 28.01 0.01 8.08 26.64 -0.22 6.31 27.57
5 24 -10.61 1.84 14.59 -11.04 0.13 13.66 -9.82 -0.69 14.93 -11.47 1.1 13.51
5 24 -1.37 -10.57 0.09 -0.68 -10.81 -0.42 -2.45 -10.51 -0.78 0.27 -10.26 -0.35
5 24 -15.39 -1.04 -0.81 -15.42 0.63 -0.31 -15.11 0.03 -0.22 -15.92 -0.42 -1.32
5 24 2.22 13.52 16.51 0.28 13.16 17.54 0.51 12.15 17.27 0.69 14.5 16.69
5 24 1.05 13.94 25.75 2.09 15.69 24.86 1.52 13.46 25.12 0.94 15.62 25.69
5 24 -7.77 20.5 21.58 -6.84 20.84 20.96 -7.62 19.9 21.06 -7.28 21.56 21.31
5 24 -4.06 -9.71 1.76 -3.41 -9.85 1.65 -4.32 -10.42 1.06 -3.47 -9.71 2.11
5 24 -2.09 11.86 29.61 -2.89 10.03 30.05 -0.79 10.44 29.37 -3.37 10.84 30.47
5 24 -6.39 31.54 26.74 -5.23 32.49 28.04 -6.75 32.64 26.29 -5.07 31.45 28.02
5 24 -2.47 46.12 28.99 -2.62 45.61 28.36 -3.77 45.59 28.96 -1.39 45.26 28.35
5 24 -11.32 5.8 26.53 -10.75 7.06 26.38 -10.31 5.85 26.93 -11.47 6.65 26.04
5 24 -1.93 -5.29 -14.41 -1.07 -5.92 -14.39 -2.32 -5.26 -13.47 -0.46 -5.26 -15.44
5 24 -3.95 18.54 13.31 -2.86 18.7 13.12 -2.22 18.97 14.08 -3.76 18.4 12.62
5 24 -11.13 -2.94 19.94 -11.24 -4.08 19.4 -11.78 -4.07 20.26 -10.21 -2.77 19.69
5 24 2.14 -3.01 18 2.23 -2.53 17.45 1.96 -2.12 17.87 2.67 -3.38 17.59
5 24 -0.98 8.39 18.71 -0.11 7.45 18.48 -0.12 8.82 17.92 -1.88 6.96 19.69
5 24 -11.15 3.65 22.51 -11.32 3.32 23.36 -11.04 2.29 22.88 -11.32 4.16 23.4
5 24 -1.99 2.24 -13.88 -2.01 2.57 -12.98 -3.38 2.73 -13.29 -0.17 2.66 -13.1
5 24 2.19 37.77 27.73 1.84 38.52 27.08 1.59 37.81 26.71 2.39 38.43 28.28
5 24 -7.65 1.91 19.85 -10.05 1.64 20.77 -8.2 3.37 20.9 -8.8 0.53 19.92
5 24 -7.58 15.29 19.62 -7.8 15.6 19.79 -6.86 15.42 18.93 -7.89 14.64 20.67
5 24 -7.76 20.03 23.94 -8.41 18.74 23.17 -7.27 18.82 24.18 -8.74 19.37 22.93
5 24 -12.29 9.67 12.28 -11.47 11.19 12.26 -11.19 9.56 13.27 -12.58 10.33 11.75
5 24 -13.29 0.74 -7.44 -13.6 -0.64 -6.36 -13.78 0.28 -6.23 -13.37 -1.15 -6.65
5 24 -1.12 -7.24 -11.74 -2.83 -7.41 -9.96 -0.07 -7.7 -11.17 -2.82 -6.9 -11.13
5 24 -1.12 -7.24 -11.74 0.83 -7.46 -11.72 -0.07 -7.7 -11.17 -0.23 -6.59 -12.36
5 24 1.64 -10.49 7.06 2 -10.47 6.27 1.07 -10.06 6.33 2.45 -10.33 6.8
5 24 12.75 9.39 10.08 12.59 8.6 9.85 12.47 9.1 10.57 12.63 9.33 9.09
5 24 -8.33 20.2 21.72 -8.24 20.83 23.1 -8.57 20.36 23.23 -7.77 20.5 21.58
5 24 -14.09 1.68 5.79 -14.52 1.22 4.4 -14.28 2.77 5.51 -13.62 0.57 5.62
5 24 10.4 6.26 12.59 9.67 5.89 13.75 9.75 5.44 13.72 10.22 6.77 12.86
5 24 -5.03 37.37 26.22 -4.81 38.25 26.6 -5.57 37.14 26.98 -3.16 36.96 24.73
5 24 -0.53 24.38 29.69 0.46 24.34 28.7 -0.49 22.94 29.05 0.34 25.51 28.34
5 24 -7.43 -8.19 3.3 -6.65 -8.73 2.35 -5.97 -8.57 2.82 -7.13 -8.78 1.07
5 24 -14.93 6.94 9.72 -14.65 6.44 9.99 -14.73 6.66 9.2 -13.92 8.11 11.05
5 24 -2.23 -10.36 0.1 -3.12 -10.09 -0.74 -2.74 -10 0.47 -2.45 -10.51 -0.78
5 24 -2.42 33.99 30.99 -3.06 33.58 30.5 -1.87 33.27 30.88 -2.74 34.77 30.67
5 24 10.32 -6.85 3.96 10.32 -6.8 5.44 11.83 -5.37 5 9.23 -7.24 5.49
5 24 0.01 1.98 28.67 -0.87 2.79 29.42 -0.13 3.42 27.88 -0.79 1.17 29.65
5 24 -8.48 -0.24 29.98 -8.75 -1.54 29.36 -9.63 -0.86 28.93 -7.47 -1.38 29.84
5 24 -5.19 29.47 23.68 -6.11 29.3 21.43 -5.42 28.58 23.44 -5.39 30.14 21.54
5 24 -2.39 -10.39 25.34 -1.64 -10.43 24.81 -2.19 -9.15 25.67 -2.05 -11.42 24.08
5 24 -10.21 -2.77 19.69 -9.57 -3.24 19.27 -11.24 -4.08 19.4 -9.3 -2.89 19.45
5 24 3.31 33.2 24.48 2.63 34.73 24.14 0.73 33.08 23.65 3.4 34.55 24.76
5 24 -10.82 6.98 24.22 -10.58 6.49 23.41 -11.84 5.83 24.16 -10.59 7.31 23.68
5 24 7.37 0.76 -12.49 8.72 1.68 -10.5 8.32 0.85 -11.71 5.62 1.67 -12.47
5 24 1.45 34.23 27.86 0.65 33.25 28.44 1.45 32.34 28.43 0.15 34.37 29.32
5 24 3.59 1.26 -11.21 3.39 2.4 -12.04 0.75 2.72 -12.65 4.78 2.31 -11.54
5 24 4.24 2.04 12.47 .17 2.02 12.95 -1.77 18.85 13.48 3.827 -2 9.239
5 24 0.99 8.25 23.52 0.01 8.78 22.64 0.51 7.85 22.59 0.15 9.64 23.03
5 24 2.92 29.96 23.97 3.42 29.59 25.18 3.4 28.2 24.46 2.39 30.8 24.63
5 24 2.09 15.69 24.86 1.69 16.92 25.25 1.93 16.59 24.6 0.94 15.62 25.69
5 24 11.98 -4.82 11.11 11.74 -5.38 10.3 11.03 -5.83 11.12 12.41 -4.5 10.15
5 24 -10.58 8.02 23.27 -10.79 7.29 22.24 -10.35 8.61 22.85 -10.59 7.31 23.68
5 24 11.45 -7 -0.63 12.24 -7.42 -1.23 12.7 -7.26 -0.96 10.97 -7.1 -1.21
5 24 9.11 -5.86 12.86 8.35 -5.3 13.98 7.72 -5.7 12.93 9.21 -5.29 13.75
5 24 -8.53 -9.47 25.64 -7.71 -9.08 26.66 -8.77 -8.84 26.37 -7.28 -9.97 25.38
5 24 3.02 -10.27 1.78 2.32 -10.43 2.54 2.6 -10.4 2.84 2.16 -9.89 1.94
5 24 1.01 8.19 17.62 2.81 8.24 17.01 1.25 7.21 17.56 2.19 9.48 16.82
5 24 -10.1 -6.03 17.36 -10.23 -6.21 16.34 -10.01 -6.67 17.52 -9.64 -5.29 17.16
5 24 12.01 -5.29 -9.27 10.84 -6.38 -9.58 12.54 -5.45 -8.36 10.18 -4.78 -9.94
5 24 0.04 -2.67 -16.17 -1.65 -2.48 -15.79 -1.33 -3.44 -15.41 -0.54 -1.54 -16.12
5 24 -5.73 17.18 27.58 -5.03 16.72 28.12 -4.74 17.77 28.21 -6.06 15.85 26.95
5 24 -13.76 7.96 11.86 -13.07 7.86 12.59 -12.96 7.02 12.23 -13.34 8.45 12.34
5 24 9.93 -5.16 13.18 9.21 -5.29 13.75 9.11 -5.86 12.86 9.97 -4.23 13.5
5 24 -12.39 1.44 24.05 -12.6 1.41 24.65 -12.46 2.5 25.16 -12.45 0.58 24.37
5 24 16.42 2.97 0.82 16.25 3.22 3.19 16.31 1.3 1.32 15.98 4.86 2.75
5 24 -8.14 5.8 20.45 -7.62 6.41 19.23 -7.63 5.2 19.91 -7.76 7.37 19.8
5 24 -2.97 19.21 18.23 -3.28 18.33 17.79 -4.51 19.11 18.46 -0.93 18.35 18.42
5 24 -9.8 -2.94 13.84 -9.54 -3.27 14.16 -8.75 -2.37 15.58 -9.9 -3.55 13.43
5 24 11.91 -7.44 -3.44 12.57 -6.99 -5.25 10.96 -8.52 -4.58 12.7 -6.98 -3.93
5 24 -15.63 3.05 2.07 -15.6 4.39 0.77 -15.61 5.91 2.45 -15.55 3.42 0.77
5 24 -12.96 -2.31 22.02 -13.12 -2.77 21.5 -12.53 -1.83 21.29 -12.98 -2.91 22.22
5 24 -0.36 14.64 19.67 -0.27 15.52 19.73 -0.03 15.64 18.53 -0.27 15.47 20.91
5 24 -5.92 19.71 26.97 -6.45 20.88 27.32 -5.39 20.01 27.46 -6.74 20.56 25.62
5 24 -6.43 -10.16 24.49 -5.72 -10.51 25.27 -5.56 -10.61 24.76 -5.41 -10.45 26.45
5 24 -13.01 2.16 .91 -10 -2 0 -12.02 2.05 5.07 -12.62 1.89 -2.74
5 24 -0.21 35.87 23.71 -1.66 37.36 23.81 -1.1 36.25 22.58 -0.57 37.39 24.44
5 24 -12.33 4.79 24.57 -11.98 6.18 25.27 -12.14 5.06 25.73 -11.84 5.83 24.16
5 24 -5.4 20.74 27.74 -6.2 21.97 27.69 -5.09 21.76 27.94 -6.45 20.88 27.32
5 24 -1.5 32.72 30.38 -1.15 31.3 30.34 -2.41 32.45 30.25 -0.35 31.74 30.03
5 24 -5.09 -10.06 13.24 -4.27 -10.31 13.05 -5.14 -9.67 12.52 -4.09 -10.29 13.81
5 24 -6.92 -2 30.45 -6.27 -2.36 30.73 -5.46 -0.4 31.12 -7.19 -2.85 29.77
5 24 0.57 17.46 28.77 -0.92 19.18 29.32 -0.59 20.48 29.05 -0.38 17.27 29.09
5 24 0.04 -2.67 -16.17 -1.33 -3.44 -15.41 1.58 -3.34 -15.74 -1.65 -2.48 -15.79
5 24 -12.27 -0.08 24.84 -11.65 1.29 25.75 -12.6 1.41 24.65 -11.01 0.7 26.11
5 24 -5.91 -9.16 11.89 -6.64 -8.93 13.04 -6.89 -8.79 12.09 -5.78 -9.19 12.88
5 24 -7.53 4.53 20 -7.23 4.44 19.1 -7.14 3.19 19.14 -7.63 5.2 19.91
5 24 -12.5 -1.74 6.59 -12.49 -1.52 5.44 -11.77 -2.55 5.35 -13.06 -0.59 6.67
5 24 -11.89 -2.32 8.84 -12.14 -1.78 10.25 -11.52 -2.76 9.78 -12.24 -1.28 9.06
5 24 13.22 -6.29 -5.95 13.03 -4.77 -6.46 14.3 -5.43 -5.67 12.15 -6.9 -6.08
5 24 8.86 -7.18 -11.69 9.57 -6.8 -11.52 8.54 -6.41 -12.44 9.58 -6.79 -10.56
5 24 -2.59 -10.68 14.31 -2.85 -10.49 13.87 -1.63 -10.16 14.58 -3.86 -10.66 14.23
5 24 -7.41 -9.62 -2.25 -6.16 -9.82 -1.84 -6.41 -9.61 -2.57 -7.06 -9.94 -1.38
5 24 -7.96 -9.4 -0.85 -8.39 -9.23 -1.68 -9.08 -8.26 -1.29 -7.06 -9.94 -1.38
5 24 -6.9 24.81 22.67 -6.03 25.46 23.56 -5.57 25.65 22.5 -7.25 24.38 23.22
5 24 -5.56 14.96 28.29 -5.03 16.72 28.12 -5.1 15.33 29.18 -6.06 15.85 26.95
5 24 8.37 8.98 14.99 8.56 9.58 14.7 8.07 9.9 14.86 8.93 8.62 14.17
5 24 0.5 37.76 29.84 1.27 37.03 29.68 0.45 37.06 29.77 1.48 37.76 29.56
5 24 -6.15 21.4 20.31 -6.6 20.77 19.69 -6.84 20.84 20.96 -5.62 21.15 18.96
5 24 -13.34 8.45 12.34 -13.76 7.96 11.86 -13.07 7.86 12.59 -13.39 10 10.98
5 24 1.53 35.9 27.59 1.81 36.47 28.07 0.58 35.25 28.33 1.83 37.08 27.38
5 24 -0.21 22.79 20.91 -0.22 21.45 22.29 -0.41 22.53 22.44 0.03 21.08 20.32
5 24 -7.7 -9.8 15.54 -8.39 -9.33 16.03 -8.17 -8.48 14.82 -7.82 -10.19 16.65
5 24 3.35 -9.87 3.21 3.68 -9.98 3.64 2.66 -10.08 3.61 4.48 -9.3 3.75
5 24 -4.32 -10.42 1.06 -3.41 -9.85 1.65 -4.06 -9.71 1.76 -3.1 -10.03 0.39
5 24 -10.61 -6.45 18.52 -10.38 -6.62 17.9 -10.31 -7.24 18.82 -10.1 -6.03 17.36
5 24 13.61 -6.61 -5.15 14.45 -5.92 -4.4 13.66 -6.49 -4.04 14.3 -5.43 -5.67
5 24 12.68 -5.21 -7.41 12.15 -6.9 -6.08 11.53 -7.12 -6.76 13.03 -4.77 -6.46
5 24 -5.03 16.72 28.12 -6.06 15.85 26.95 -5.73 17.18 27.58 -5.56 14.96 28.29
5 24 -5.44 36.01 27.69 -5.43 36.32 27.43 -4.87 36.26 29.73 -5.32 35.8 26.79
5 24 -14.16 2.86 7.5 -13.54 1.59 8.27 -14.23 2.41 6.54 -13.81 2.35 8.42
5 24 -0.81 42.18 31.27 0.02 43.14 29.4 0.26 44.1 29.67 -0.54 42.43 29.87
5 24 -14.96 5.55 5.33 -15.19 5.77 6.48 -14.94 6.42 5.25 -14.67 4.59 5.36
5 24 -9.05 -7.53 13.94 -9.31 -7.22 13.18 -9.76 -6.6 13.71 -8.48 -8.08 13.59
5 24 -12.45 0.58 24.37 -12.6 1.41 24.65 -12.39 1.44 24.05 -12.27 -0.08 24.84
5 24 0.73 7.12 23.03 -0.27 6.41 23.4 0.57 6.37 24.41 -0.31 7.03 22.59
5 24 -11.23 6.94 13.69 -10.11 6.49 15.53 -12.04 4.8 13.29 -10.26 8.22 14.37
5 24 0.88 17.99 22.93 1.43 16.71 22.49 1.67 17.11 23.61 0.62 17.11 21.65
5 24 1.75 38.88 28.82 1.5 39.51 28.31 2.01 39.08 27.51 1.07 38.86 29
5 24 7.75 -7.32 -12.11 8.54 -6.41 -12.44 7.52 -6.24 -12.55 8.86 -7.18 -11.69
5 24 13.8 -3.74 8.4 14.57 -3.56 7.54 14.43 -2.9 8.44 13.98 -4.09 7.24
5 24 1.85 28.82 27.3 0.39 29.16 27.76 0.3 27.8 28.25 2.35 30.18 26.7
5 24 -0.19 -8.34 25.14 -0.42 -9.05 24.38 0.53 -7.94 24.4 -1.29 -8.7 25.39
5 24 -11.13 -2.94 19.94 -12.1 -2.78 20.32 -12.25 -3.67 20.73 -10.21 -2.77 19.69
5 24 8.72 1.68 -10.5 8.32 0.85 -11.71 9.44 0.57 -10.8 7.37 0.76 -12.49
5 24 8.98 4.61 13.77 10.04 4.43 12.45 9.75 5.44 13.72 9.35 3.84 13.11
5 24 -13.61 2.49 11.89 -13.56 3.83 11.38 -13.74 2.96 11.2 -13.1 3.74 12.25
5 24 -13.11 5.96 12.63 -12.04 4.8 13.29 -13.36 5.06 12.63 -12.27 6.49 12.65
5 24 -10.52 -5.96 2.03 -11.69 -5.01 2.42 -9.88 -6.16 2.51 -11.22 -5.84 1.47
5 24 0.3 -9.75 -3.55 0.23 -9.29 -4.77 -0.48 -9.24 -3.77 1.36 -9.43 -4.54
5 24 -13.01 2.16 0.91 -13.01 8.66 0.32 -13.02 8.81 -1.3 -12.96 9.08 1.35
5 24 -12.56 11.42 3.47 -12.01 13.59 4.98 -12.16 12.87 4.23 -12.02 2.05 5.07
5 24 -12.57 -2.58 24.57 -12.08 -3.29 23.26 -12.4 -2.63 23.26 -11.48 -3.68 24.75
5 24 1.09 16.26 26.98 0.86 15.38 27.71 0.94 15.62 25.69 0.35 16.35 28.56
5 24 -14.51 4.96 10.04 -14.57 4.41 8.71 -15.09 4.02 9.45 -14.36 5.24 9
5 24 -1.27 32.59 20.49 -2.11 33.45 20.67 -1.01 33.21 21.55 -1.84 32.41 19.87
5 24 0.29 -9.86 14.54 1.11 -9.27 14.71 -0.09 -9.97 13.48 0.83 -9.56 15.12
5 24 -6.44 -7.96 27.72 -6.03 -9.14 27.4 -5.1 -8.62 28.19 -6.8 -8.89 26.88
5 24 -10.8 -8.12 22.98 -11.49 -7.06 22.21 -11.39 -7.56 21.47 -10.48 -6.92 24.13
5 24 -4.39 24.63 19.35 -3.16 26.34 19.73 -4.09 26.08 20.66 -3.32 24.97 18.63
5 24 -7.36 -7.62 4.64 -5.53 -8.62 5.26 -6.75 -8.2 3.84 -5.8 -7.96 5.96
5 24 14.82 2 -5.63 11.69 3.77 -7.38 14.08 0.79 -6.57 14.24 3.59 -5.85
5 24 -10.12 -1.95 28.52 -10.34 -2.48 27.9 -9.16 -3.64 29.11 -10.36 -1.28 27.85
5 24 1.2 23.05 28.72 2.24 22.12 27.65 1.2 21.91 28.51 2.18 23.3 27.79
5 24 6.36 -8.88 4.03 5.36 -9.03 5.19 5.7 -8.75 5.52 4.48 -9.3 3.75
5 24 13.8 -3.74 8.4 13.64 -3.79 9.32 13.5 -4.76 8.55 13.8 -3.09 8.94
5 24 16.46 2.56 -1.21 16.3 2.79 -0.46 16.28 0.84 -0.43 16.08 4.58 -1.19
5 24 -0.85 -8.92 10.35 -1.06 -9.44 10.75 -1.68 -9.36 10.53 -0.15 -8.94 10.72
5 24 8.65 -8.59 -8.92 9.28 -8.4 -8.28 9.21 -8.24 -9.49 7.44 -8.71 -7.96
5 24 11.84 -7.49 -2.02 11.02 -7.32 -3.06 11.91 -7.44 -3.44 10.95 -7.24 -2.31
5 24 -2.83 18.49 29.73 -1.83 21.19 29.95 -1.48 18.95 29.57 -4.03 21.23 29.37
5 24 3.31 33.2 24.48 3.79 33.53 26.8 3.56 31.56 26.74 3.4 34.55 24.76
5 24 1.83 37.08 27.38 2.08 37.01 26.1 1.53 35.9 27.59 1.59 37.81 26.71
5 24 -4.18 8.88 31.39 -5.03 9.64 31.28 -6.06 8.79 31.13 -3.45 9.82 30.79
5 24 6.83 -7.46 -12.8 5.3 -8.1 -12.13 6.96 -7.97 -12.41 6.22 -7.02 -13.25
5 24 -0.88 11.34 18.97 0.15 10.83 18.16 -0.54 10.32 18.87 -0.79 11.69 18.74
5 24 -15.5 7.51 3.51 -16.08 7.11 1.73 -15.61 5.91 2.45 -15.2 8.91 3.2
5 24 1.9 18.43 25.96 2.03 18.14 26.99 1.59 17.2 26.2 1.79 19.33 27.24
5 24 2.24 22.12 27.65 1.21 21.2 28.09 1.2 21.91 28.51 2.09 21.05 27.5
5 24 -14.4 5.82 9.68 -14.36 5.24 9 -14.51 4.96 10.04 -14.44 6.09 8.87
5 24 -10.99 7.02 25.52 -10.82 6.98 24.22 -10.53 7.54 25.47 -11.98 6.18 25.27
5 24 -8.85 -5.98 -6.49 -9.41 -5.45 -6.34 -9.1 -5.26 -6.89 -9.36 -5.88 -6.15
5 24 -6.86 -3.98 -12.11 -5.54 -4.61 -12.05 -7.42 -4.4 -10.42 -5.78 -4.31 -12.56
5 24 -6.06 -9.48 0.19 -5.33 -9.59 0.86 -6.03 -9.01 1.29 -4.85 -10.66 0.24
5 24 1.05 13.94 25.75 1.52 13.46 25.12 2.09 15.69 24.86 0.87 12.72 26.32
5 24 1.14 -3.83 24.58 1.23 -4.44 24.39 0.3 -4.94 24.95 1.24 -4.5 23.15
5 24 -6.06 8.79 31.13 -4.18 8.88 31.39 -5.03 9.64 31.28 -5.51 7.64 31.53
5 24 12.59 8.6 9.85 12.47 9.1 10.57 11.86 8.42 10.92 12.75 9.39 10.08
5 24 5.56 -9.24 -8.35 6.74 -9 -7.27 4.77 -9.2 -6.73 6.93 -8.66 -9.19
5 24 -12.02 2.05 5.07 -13.01 2.16 .91 -10 -2 0 -12.8 10.07 2.46
5 24 -9.93 2.76 -8.24 -10.87 0.95 -5.01 -8.79 0.98 -7.34 -11 3.44 -7.34
5 24 1.32 -8.52 -6.46 2.21 -8.57 -10.01 -0.01 -8.37 -6.8 3.29 -9.24 -8.77
5 24 -13.98 5.7 11.83 -13.36 5.06 12.63 -13.4 4.42 12.52 -13.11 5.96 12.63
5 24 -2.43 5.94 30.25 -2.96 6.72 30.35 -1.72 6.31 30.17 -3.42 6.06 30.6
5 24 5.87 -5.4 14.96 4.72 -5.69 15.55 4.58 -6.26 14.47 5.84 -5.01 15.29
5 24 -3.7 44.93 31.26 -3.19 45.53 31.36 -3.9 45.87 30.8 -3.17 45.21 31.74
5 24 16.33 2.07 -3 16.28 0.84 -0.43 16.25 -1.31 -1.42 16.46 2.56 -1.21
5 24 -8.41 18.74 23.17 -8.71 18.09 21.89 -8.74 19.37 22.93 -8.28 17.63 22.56
5 24 -9.46 -8.08 -3.11 -8.47 -8.68 -4.37 -7.58 -9.08 -2.81 -9.23 -7.87 -4.88
5 24 4.76 3.06 16.61 2.14 2.86 18.07 4.19 2.12 17.35 3.9 3.82 17.04
5 24 11.16 10.48 11.13 11.67 9.79 11.3 11.74 10.57 10.58 10.71 9.93 11.91
5 24 1.79 19.33 27.24 1.57 20.5 27.39 0.79 19.79 28.4 1.89 20.1 25.87
5 24 -6.74 20.56 25.62 -6.45 20.88 27.32 -5.92 19.71 26.97 -6.86 21.21 26.52
5 24 -11.19 9.56 13.27 -12.29 9.67 12.28 -12.2 9.06 12.6 -11.47 11.19 12.26
5 24 -2.74 39.22 25.26 -2.71 39.62 25.22 -1.38 38.98 24.88 -4.36 39.58 27.9
5 24 12.23 -6.17 1.87 11.7 -6.63 2.47 12.54 -5.85 2.94 11.71 -6.51 1.39
5 24 -9.79 -1.34 -9.73 -9.27 -3.46 -9.06 -10.82 -1.66 -9.09 -8.72 -3.4 -9.66
5 24 -9.22 -8.83 24.94 -9.5 -8.15 25.72 -9.52 -8.08 24 -8.77 -8.84 26.37
5 24 -10.08 -0.33 27.92 -10.36 -1.28 27.85 -10.27 -0.67 27.12 -9.63 -0.86 28.93
5 24 -3.32 24.97 18.63 -3.35 23.84 18.36 -4.39 24.63 19.35 -1.66 24.99 18.52
5 24 -8.92 -6.85 11.11 -8.69 -7.83 12.74 -9.31 -7.22 13.18 -8.06 -7.41 10.35
5 24 -1.03 46.04 30.87 -2.47 46.12 28.99 -1.95 46.15 31.13 -0.52 46.07 29.8
5 24 7.99 7.97 14.94 6.97 7.07 15.79 6.82 8.12 15.66 9.17 6.81 14.93
5 24 10.68 8.11 13.34 9.59 7.47 14.02 9.45 6.73 13.99 8.93 8.62 14.17
5 24 -7.85 14.75 26.32 -7.66 14.36 24.67 -8.19 13.25 25.62 -7.32 15.53 24.68
5 24 15.72 -3.96 0.73 15.48 -3.02 0.83 15.37 -1.94 2.54 15.68 -4.07 0.26
5 24 0.9 -10.04 6.09 0.52 -9.46 6.71 1.07 -10.06 6.33 -0.35 -9.75 5.82
5 24 -10.65 -6.68 -3.83 -12.51 -5.15 -4.31 -12.04 -5.58 -2.99 -10.69 -6.23 -5.48
5 24 10.37 -8.35 -6 9.41 -8.14 -4.94 10.54 -8.58 -5.26 9.54 -8.11 -5.95
5 24 15.57 1.31 -4.3 15.9 3.52 -4.05 15.01 2.57 -5.1 16.33 2.07 -3
5 24 -9.4 8.58 20.23 -7.45 8.32 19.72 -8.83 7.66 20 -8.09 9.41 20.12
5 24 -6.84 20.84 20.96 -6.15 21.4 20.31 -6.6 20.77 19.69 -7.28 21.56 21.31
5 24 -2.68 -9.96 1.35 -1.8478 -9.5 2.7654 -3.47 -9.71 2.11 -2 -9.5 2
5 24 8.53 0.73 13.88 8.96 0.8 13.65 8.41 2.08 13.8 9.24 -2.57 13.5
5 24 -9.67 4.62 15.49 -8.53 5.98 16.51 -10.11 6.49 15.53 -8.32 4.7 16.71
5 24 0.64 -7.75 -10.73 -1.82 -7.94 -8.14 2.21 -8.57 -10.01 -2.54 -7.55 -8.62
5 24 -13.74 5.4 -5.98 -13.07 3.66 -6.93 -14.34 3.4 -5.91 -12.56 5.85 -6.36
5 24 0.32 40.64 27.54 0.85 39.96 27.87 0.59 39.88 28.5 0.1 40.2 26.83
5 24 -2.44 17.42 17.02 -6 18.37 18.55 -3.13 16.97 16.69 -3.28 18.33 17.79
5 24 -0.24 20.89 19.34 -0.48 20.1 19.74 -1.22 20.74 18.27 0.03 21.08 20.32
5 24 -1.03 46.04 30.87 -1.95 46.15 31.13 -1.86 45.73 31.97 -2.47 46.12 28.99
5 24 -14.15 9.94 2.89 -14.46 9.75 4.35 -14.05 10.52 4.14 -14.78 9.54 3.1
5 24 15.34 -4.88 1.18 14.35 -6.25 0.96 15.14 -5.72 0.48 14.56 -4.96 2.47
5 24 -4.97 5.47 31.32 -5.05 6.27 31.4 -6.13 6.08 31.17 -4.04 5.97 31.09
5 24 -9.08 -8.26 -1.29 -8.3 -7.76 0.34 -9.16 -7.53 -0.27 -7.62 -8.59 0.36
5 24 -14.98 1.47 -4.73 -14.57 1.78 -5.45 -14.65 2.4 -4.88 -14.76 0.74 -5.11
5 24 -3.59 -11.07 14.7 -2.59 -10.68 14.31 -3.86 -10.66 14.23 -2.35 -11 15.11
5 24 0.68 1.69 25 0.83 0.65 24.7 1.08 0.52 25.68 -0.22 1.88 23.66
5 24 10.84 -6.38 -9.58 10.16 -7.23 -9.06 11.23 -7.25 -8.14 10.19 -6.04 -10.01
5 24 0.46 10.6 28.26 -0.79 10.44 29.37 -0.43 11.58 29.04 -0.22 9.68 28.96
5 24 1.24 -4.5 23.15 1.14 -5.5 22.69 1.41 -5.59 23.38 0.94 -4.65 22.53
5 24 1.125 -6.345 22.325 1.56 -5.03 21.32 0.94 -4.65 22.53 1.42 -6.17 21.8
5 24 6.58 14.44 13.09 6.86 13.51 13.69 6.03 14.07 13.52 7.18 14.1 13.23
5 24 13.72 11.53 4.27 13.35 12.51 4.95 14.01 11.52 5.47 12.76 12.56 4.32
5 24 -11.59 -4.71 19.51 -11.24 -4.08 19.4 -11.78 -4.07 20.26 -10.6 -5.41 18.85
5 24 -3.27 25.6 29.06 -4.03 26.36 28.38 -3.37 26.15 29.25 -4.08 25.47 28.34
5 24 -9.35 -7.57 15.12 -9.05 -7.53 13.94 -8.44 -8.38 14.25 -9.44 -7.03 14.37
5 24 -0.44 -9.92 14.09 -0.09 -9.97 13.48 0.29 -9.86 14.54 -1.11 -9.72 13.73
5 24 0.83 0.65 24.7 -0.22 1.88 23.66 -0.41 0.71 23.58 0.68 1.69 25
5 24 13.15 -1.5 8.77 14.26 -2.31 8.42 13.45 -2.13 8.94 13.88 -0.67 7.35
5 24 1.89 20.1 25.87 2.36 21.23 25.88 1.57 20.5 27.39 1.94 21.53 24.51
5 24 8.19 -7.47 4.94 7.42 -7.69 5.43 6.67 -8.43 4.35 7.96 -6.98 7.03
5 24 -9.53 -8.98 20.17 -9.73 -7.79 19.1 -9.42 -8.8 18.7 -10.07 -8.33 20.32
5 24 0.48 15.7 28.5 -0.5 15.97 29.28 -0.12 15.01 29.12 0.35 16.35 28.56
5 24 10.99 3.92 -7.18 10.19 3.19 -8.22 11.69 3.77 -7.38 10.18 3.25 -8.05
5 24 2.84 31.11 26.13 1.62 32.2 24.37 3.31 33.2 24.48 2.46 30.76 25.85
5 24 1.67 17.11 23.61 1.93 16.59 24.6 1.69 16.92 25.25 1.99 16.14 23.58
5 24 2.63 -1.51 17.88 3.09 -1.39 17.02 2.37 -0.06 18.07 2.23 -2.53 17.45
5 24 -5.68 -11.01 15.22 -3.12 -11.06 16.44 -5.54 -11.32 15.78 -2.35 -11 15.11
5 24 -3.09 41.58 26.17 -5.01 40.98 27.55 -4.78 42.24 27.65 -3.37 40.81 26.02
5 24 0.88 17.99 22.93 0.62 17.11 21.65 1.43 16.71 22.49 0.32 18.16 21.67
5 24 1.67 17.11 23.61 1.99 16.14 23.58 1.43 16.71 22.49 1.93 16.59 24.6
5 24 -2.27 -8.94 -5.95 -5.33 -7.72 -7.07 -2.54 -7.55 -8.62 -4.04 -9.22 -4.29
5 24 -8.81 12.63 20.76 -8.6 13.9 19.94 -8.94 13.1 21.01 -7.79 13.11 19.04
5 24 -9.63 13.61 13.56 -10.54 11.59 13.15 -9.26 12.14 13.95 -11.35 12.59 12.21
5 24 13.61 -6.61 -5.15 13.22 -6.29 -5.95 12.57 -6.99 -5.25 14.3 -5.43 -5.67
5 24 -2.01 2.57 -12.98 -2.13 2.66 -12.45 0 2.47 -12.62 -3.38 2.73 -13.29
5 24 -10.15 10.8 24.73 -9.86 12.33 24.58 -9.58 11.09 25.36 -10.19 11.88 24.05
5 24 -0.81 -11.18 22.26 -1.37 -11.53 21.83 -0.31 -11.29 20.56 -1.7 -11.29 22.19
5 24 -1.04 9.9 22.58 0.38 10.62 22.52 -0.54 11.53 21.98 0.15 9.64 23.03
5 24 -1.4142 -9.5 0.5858 -2.74 -10 0.47 -2.23 -10.36 0.1 -1.8478 -9.5 1.2346
5 24 11.71 -6.51 1.39 11.41 -6.95 0.12 12.49 -6.28 0.77 10.35 -7.44 1.19
5 24 9.23 -7.24 5.49 7.96 -6.98 7.03 9.21 -6.17 8.03 8.19 -7.47 4.94
5 24 1.15 -2.02 18.58 1.29 -0.39 18.67 1.65 -1.06 18.51 -0.01 -0.87 19.05
5 24 11.03 8.5 11.9 10.98 8.24 12.74 10.88 7.62 11.97 10.66 9.03 12.12
5 24 9.83 10.23 13.43 9.16 9.25 13.73 9.86 9.22 13.39 8.69 10.13 13.65
5 24 12.7 -7.26 -0.96 13.48 -7.18 -2.97 14.08 -6.73 -2.1 12.28 -7.56 -2.91
5 24 1.84 38.52 27.08 2.01 39.08 27.51 1.16 39.05 26.7 2.39 38.43 28.28
5 24 14.56 7.7 -3.8 15 5.9 -4.74 15.43 5.99 -3.75 13.12 7.91 -5.14
5 24 7.06 -5.32 -13.83 5.99 -4.87 -14.33 7.16 -4.05 -13.22 4.97 -5.64 -14.63
5 24 14.82 2 -5.63 15.57 1.31 -4.3 15.01 2.57 -5.1 15.46 0.82 -4.96
5 24 -8.9 7.96 29.12 -8.09 9.59 28.84 -7.35 9.21 29.41 -9.05 9.29 28.06
5 24 -0.21 30.75 29.8 -0.35 31.74 30.03 -1.15 31.3 30.34 0.37 31.21 28.92
5 24 -13.69 0.22 6.83 -12.7 -0.98 7.93 -12.82 -0.49 9.13 -13.06 -0.59 6.67
5 24 -12.09 -5.59 23.03 -11.74 -4.58 25.04 -11.57 -3.92 23.96 -11.43 -5.76 25.01
5 24 -13.36 5.06 12.63 -13.4 4.42 12.52 -12.04 4.8 13.29 -13.98 5.7 11.83
5 24 -13.86 11.6 9.42 -13.96 11.06 8.18 -14.66 10.43 9.04 -13.61 11.81 8.56
5 24 -12.33 4.79 24.57 -11.67 4.53 25.6 -12.14 5.06 25.73 -11.85 4.14 24.89
5 24 -9.67 4.62 15.49 -11.58 4.3 13.69 -10.11 6.49 15.53 -11.68 3.26 13.25
5 24 -10.73 9.3 24.05 -10.58 8.02 23.27 -11.14 8.77 24.27 -10.35 8.61 22.85
5 24 -13.98 5.7 11.83 -13.58 7.02 11.39 -12.96 7.02 12.23 -14 5.73 10.68
5 24 2.39 30.8 24.63 2.46 30.76 25.85 2.6 29.54 26.45 1.62 32.2 24.37
5 24 -10.53 7.54 25.47 -9.44 7.81 26.82 -9.72 8.34 26.06 -10.75 7.06 26.38
5 24 -0.19 -8.34 25.14 -1.29 -8.7 25.39 -1.39 -7.9 25.95 -0.42 -9.05 24.38
5 24 9.2 2.64 -9.34 6.98 2.2 -10.35 9.1 2.79 -9.07 7.08 2.14 -10.68
5 24 0.45 37.06 29.77 0.53 36.29 29.22 1.27 37.03 29.68 -0.25 36.2 29.78
5 24 0.83 -7.46 -11.72 -0.07 -7.7 -11.17 -1.12 -7.24 -11.74 0.64 -7.75 -10.73
5 24 5.56 -9.24 -8.35 4.31 -9.3 -9.01 3.29 -9.24 -8.77 5.41 -9.22 -9.17
5 24 11.7 -6.63 2.47 12.54 -5.69 3.74 12.54 -5.85 2.94 10.41 -7.23 3.28
5 24 -8.15 15.73 21.73 -8.54 16.69 23.03 -8.19 16.62 22.05 -8.86 14.77 22.45
5 24 -12.54 -5.42 -2.31 -13.69 -4.77 -1.93 -13.72 -4.76 -2.99 -12.48 -5.21 -1.4
5 24 -5.03 37.37 26.22 -3.16 36.96 24.73 -4.81 38.25 26.6 -3.96 35.3 25.29
5 24 -1.88 6.96 19.69 -2.09 6.05 20.71 -2 5.77 19.89 -2.09 7 20.72
5 24 -4.27 -10.31 13.05 -2.68 -10.46 13.32 -4.16 -9.96 12.44 -4.09 -10.29 13.81
5 24 11.94 -6.68 -0.08 12.49 -6.28 0.77 11.41 -6.95 0.12 12.43 -6.41 0.2
5 24 9.57 -6.8 -11.52 8.54 -6.41 -12.44 9.08 -5.65 -12.25 8.86 -7.18 -11.69
5 24 -5.78 -9.19 12.88 -5.91 -9.16 11.89 -6.64 -8.93 13.04 -5.14 -9.67 12.52
5 24 7.52 5.23 15.56 5.68 4.75 16.65 7.23 4.41 15.85 5.94 6.03 16.15
5 24 0.76 7.57 25.78 0.91 6.94 25.65 0.29 7.01 26.52 0.99 8.25 23.52
5 24 -14.65 7.78 -3.3 -13.58 8.04 -4.57 -13.67 8.57 -3.12 -14.27 7.22 -4.72
5 24 7.65 -9.05 -5.55 9.54 -8.11 -5.95 9.41 -8.14 -4.94 8.4 -8.44 -7.28
5 24 -4.95 -11.66 23.11 -3.48 -12.04 21.8 -2.89 -11.94 23.01 -4.42 -12.1 21.7
5 24 -0.02 -11.09 16.88 0.18 -10.31 16.1 -1.19 -10.87 15.62 0.74 -9.93 16.8
5 24 12.17 -5.6 8.89 11.6 -5.21 9.58 13.05 -5.18 9.05 11.1 -5.25 8.42
5 24 -0.98 8.39 18.71 -1.14 9.88 19.52 -1.54 9.23 20.05 -0.54 10.32 18.87
5 24 -0.79 10.44 29.37 -2.36 8.69 29.47 -2.89 10.03 30.05 -0.22 9.68 28.96
5 24 -6.56 25.76 24.22 -6.62 26.89 24.26 -6.21 26.11 23.91 -7.08 26.43 25.18
5 24 -0.89 -10.68 22.7 -1.48 -10.67 23.08 -1.7 -11.29 22.19 -1.16 -10.21 23.38
5 24 -8.85 -5.98 -6.49 -9.1 -5.26 -6.89 -8.73 -4.89 -8.24 -9.41 -5.45 -6.34
5 24 6.27 17.75 11.88 5 18.25 11.99 6.25 17.77 11.48 4.58 18.33 12.66
5 24 9.31 5.93 14.3 8.98 4.61 13.77 9.75 5.44 13.72 8.45 4.98 14.3
5 24 1.96 -10.35 4.57 0.98 -10.83 4.85 1.47 -10.3 5.69 1.43 -10.86 4.32
5 24 -14.99 -2.93 -1.43 -14.86 -3.2 -2.21 -14.58 -3.74 -1.26 -15.03 -2.15 -1.6
5 24 1.06 -7.33 20.37 0.95 -8.6 19.64 1.13 -6.94 19.46 0.87 -8.28 20.85
5 24 -4.78 35.66 29.58 -5.44 36.01 27.69 -4.28 34.56 28.17 -4.87 36.26 29.73
5 24 6.36 15.09 12.85 6.03 14.07 13.52 5.21 14.9 13.89 6.58 14.44 13.09
5 24 -3.28 -11.27 24.92 -4.9 -11.39 24.58 -4.95 -11.66 23.11 -4.74 -10.99 25.25
5 24 -12.7 12.81 10.91 -13.05 11.75 10.67 -13.04 12.08 9.93 -12.69 11.98 11.53
5 24 1.125 -6.345 22.325 0.8 -6.89 23.84 0.92 -6.63 23.28 0.53 -7.94 24.4
5 24 -2.92 44.49 28.09 -1.39 45.26 28.35 -2.62 45.61 28.36 -1.48 44.01 27.95
5 24 -1.31 10.31 21.39 -1.04 9.9 22.58 -1.68 9.18 21.22 -0.54 11.53 21.98
5 24 3.15 35.92 26 2.7 36.06 25.03 3.4 34.55 24.76 2.59 36.41 26.12
5 24 -12.02 7.33 -5.63 -13.06 7.09 -5.68 -11.86 6.21 -6.21 -12.47 8.35 -4.59
5 24 -5.33 -5.71 -11.14 -5.38 -5.09 -11.63 -2.73 -5.26 -12.46 -7.42 -4.4 -10.42
5 24 10.57 15.23 9.59 10.52 15.69 8.67 10.9 15.27 9.01 9.74 15.89 9.51
5 24 -11.01 0.7 26.11 -11.3 -0.05 26.43 -12.27 -0.08 24.84 -10.47 0.81 26.54
5 24 -12.6 14.19 8.55 -11.49 15.87 8.65 -12.45 14.84 9.65 -11.47 15.4 8.12
5 24 2 -9.5 2 2.16 -9.89 1.94 1.8478 -9.5 1.2346 1.8478 -9.5 2.7654
5 24 -6.29 -11.53 19.54 -6.57 -11.16 19.94 -7.29 -10.9 18.82 -5.32 -11.22 20.08
5 24 -6.95 -7.95 10.21 -5.81 -7.69 9.5 -6.7 -7.36 9.49 -5.93 -8.34 10.1
5 24 -7.72 23.25 25.29 -7.19 23.39 24.31 -6.98 23.92 24.52 -7.66 22.52 25.48
5 24 -9.67 -5.49 11.66 -9.9 -5.1 12.1 -9.74 -5.52 12.46 -10.27 -4.86 11.76
5 24 11.24 -2.78 13.15 10.92 -3.41 13.7 10.7 -3.12 13.67 11.73 -3.87 12.69
5 24 -2.92 44.49 28.09 -3.73 43.06 27.03 -4.54 43.81 28.36 -2.35 43.13 26.67
5 24 -1.32 28.44 19.93 -0.71 28.25 21.1 -1.32 29.19 20.29 -0.51 27.29 20.8
5 24 -8.8 0.53 19.92 -10.05 0.6 20.43 -10.05 1.64 20.77 -9.91 -0.63 20.46
5 24 0 13.42 22.23 0.83 12.79 22.98 1.31 13.95 23.57 0.26 11.82 22.13
5 24 1.48 10.59 23.5 0.15 9.64 23.03 1.02 9.63 23.86 0.38 10.62 22.52
5 24 -7.6 5.7 18.92 -7.63 5.2 19.91 -7.62 6.41 19.23 -7.51 5.04 18.46
5 24 12.55 12.19 9.53 11.87 11.58 10.47 11.65 12.01 10.44 12.61 11.39 9.59
5 24 -0.62 -10.29 14.7 -1.19 -10.87 15.62 -0.43 -10.48 15.46 -1.63 -10.16 14.58
5 24 -10.6 -5.41 18.85 -10.38 -5.05 18.13 -10.41 -4.71 18.71 -10.61 -6.45 18.52
5 24 -4.78 42.24 27.65 -4.77 42.92 27.69 -5.14 42.2 29.53 -3.73 43.06 27.03
5 24 0.15 11.6 17.64 -0.28 12.43 17.86 -0.79 11.69 18.74 0.51 12.15 17.27
5 24 -10.21 -2.77 19.69 -8.81 -0.8 20.11 -12.32 -2.22 20.58 -8.97 -2.42 19.58
5 24 16.33 2.07 -3 16.46 2.56 -1.21 16.28 0.84 -0.43 16.26 4.16 -2.14
5 24 1.23 -4.44 24.39 1.24 -4.5 23.15 1.41 -5.59 23.38 1.14 -3.83 24.58
5 24 2.55 -9.82 9.83 1.57 -9.67 10.07 2.13 -9.4 9.04 1.88 -9.58 11.02
5 24 -4.26 -10.78 -0.06 -3.1 -10.03 0.39 -4.25 -10.52 -0.57 -4.32 -10.42 1.06
5 24 -7.02 1.32 30.15 -9.35 0.99 29.57 -8.48 -0.24 29.98 -7.12 2.19 30.23
5 24 -14.47 -2.93 -3.06 -14.1 -2.82 -5.32 -13.93 -3.6 -3.64 -14.97 -2 -4.14
5 24 -12.02 2.05 5.07 -10.5 15.89 7.8 -9.86 2.03 8.63 -11.37 14.7 6.12
5 24 -9.87 16.42 8.57 -9.86 2.03 8.63 -10.5 15.89 7.8 -9.31 16.67 9.21
5 24 -11.86 6.21 -6.21 -12.62 1.89 -2.74 -11 3.44 -7.34 -12.47 8.35 -4.59
5 24 -3.38 2.73 -13.29 -5.03 2.77 -12.35 -4.81 2.07 -13.91 -3.38 2.91 -12.24
5 24 0.23 -9.29 -4.77 -0.48 -9.24 -3.77 0.3 -9.75 -3.55 -0.65 -8.94 -4.9
5 24 1.3 -7.72 17.6 1.74 -8.05 16.31 1.78 -7.16 17.25 1.38 -8.42 16.68
5 24 -12.62 1.89 -2.74 -11 3.44 -7.34 -11.86 6.21 -6.21 -10.87 0.95 -5.01
5 24 8.4 -8.44 -7.28 7.65 -9.05 -5.55 9.54 -8.11 -5.95 6.72 -9.15 -6.51
5 24 2.74 30.59 27.65 2.45 30.34 26.97 2.84 31.11 26.13 1.09 30.49 28.26
5 24 -2.66 -3.74 -14.77 -1.65 -2.48 -15.79 -1.33 -3.44 -15.41 -3.82 -3.31 -14.77
5 24 -6.59 -9.45 13.61 -7.66 -8.56 13.45 -7.51 -9.09 14.23 -6.64 -8.93 13.04
5 24 5.3 -8.1 -12.13 4.88 -7.34 -12.79 6.22 -7.02 -13.25 4.64 -7.58 -11.86
5 24 -7.63 5.2 19.91 -8.36 4.91 20.4 -8.14 5.8 20.45 -7.53 4.53 20
5 24 16.31 1.3 1.32 16.25 3.22 3.19 16.19 1.52 3.57 16.42 2.97 0.82
5 24 -6.02 17.75 18.01 -7.19 16.47 18.69 -7.43 17.25 18.9 -5.86 16.87 17.64
5 24 -9.24 11.36 14.47 -7.73 11.48 15.33 -8.02 10.59 15.47 -7.69 12.62 14.58
5 24 -9.33 -6.66 3.08 -9.88 -6.16 2.51 -7.9 -8.27 0.75 -10.28 -4.75 4.3
5 24 1.82 11.57 24.22 1.24 11.54 22.75 1.48 10.59 23.5 1.31 12.14 23.08
5 24 -11.36 -2.24 26.02 -11.05 -0.56 26.57 -10.52 -1.34 26.71 -11.9 -0.74 26.16
5 24 14.7 9.42 5.94 14.98 8.65 3.99 14.82 8.93 6.13 14.15 10.2 5.05
5 24 -12.04 4.8 13.29 -10.11 6.49 15.53 -11.58 4.3 13.69 -11.23 6.94 13.69
5 24 15.34 -4.88 1.18 15.72 -3.96 0.73 15.68 -3.53 3.65 15.39 -5.02 0.18
5 24 -6.22 11.19 30.38 -4.94 13.52 30.45 -5.98 12.68 30.19 -3.26 13.52 30.75
5 24 16.09 1.48 4.48 14.83 -2.58 4.9 15 -2.34 4.22 14.52 -1.03 6.23
5 24 2.21 -8.57 -10.01 -0.01 -8.37 -6.8 -1.82 -7.94 -8.14 1.32 -8.52 -6.46
5 24 2.37 -10.04 5.27 2.69 -9.99 6 3.03 -10.17 5.25 1.93 -10.26 5.89
5 24 -2.3 35.94 30.78 -1.66 34.55 31.06 -0.98 36.42 30.67 -2.74 34.77 30.67
5 24 -16.06 4.13 -2.47 -16.18 4.93 -2.57 -15.9 4.66 -3.06 -16.13 4.44 -1.69
5 24 -12.51 0.94 13.16 -12.9 1.77 12.9 -13.19 1.12 12.49 -11.53 2.17 13.41
5 24 1.21 -7 21.76 1.55 -6.69 20.93 1.42 -6.17 21.8 0.91 -7.74 21.2
5 24 -8.97 -2.42 19.58 -10.21 -2.77 19.69 -8.81 -0.8 20.11 -9.3 -2.89 19.45
5 24 -14.94 6.42 5.25 -15.22 4.9 4.16 -15.35 6.81 3.72 -14.96 5.55 5.33
5 24 3.4 34.55 24.76 2.63 34.73 24.14 3.31 33.2 24.48 2.7 36.06 25.03
5 24 -3.45 9.82 30.79 -3.37 10.84 30.47 -4.45 10.78 30.78 -2.89 10.03 30.05
5 24 -9.65 4.84 20.92 -9.68 3.24 21.49 -8.2 3.37 20.9 -10.4 4.43 21.55
5 24 -2.81 29.65 29.73 -2.68 28.97 29.53 -3.35 28.47 28.57 -1.78 29.44 29.97
5 24 -4.83 24.15 20.27 -4.94 23.53 20.08 -5.63 23.28 20.77 -4.45 23.72 19.05
5 24 -14.89 7.34 6.71 -14.94 6.42 5.25 -15.19 5.77 6.48 -14.68 7.78 5.09
5 24 12.86 -6.43 0.13 12.43 -6.41 0.2 13.06 -6.63 -0.52 12.49 -6.28 0.77
5 24 10.32 -6.8 5.44 11.83 -5.37 5 11.67 -5.3 6 10.32 -6.85 3.96
5 24 2.48 27.44 27.69 0.3 27.8 28.25 1.43 26.65 28.05 1.85 28.82 27.3
5 24 9.74 15.89 9.51 8.73 16.42 10.49 9.49 16.14 9.21 9.07 16.02 10.8
5 24 0.57 17.46 28.77 1.5 17.81 27.93 1.48 16.84 27.48 1.22 18.88 28.27
5 24 1.14 31.19 22.91 1.94 30.76 23.33 0.4 30.7 22.4 1.62 32.2 24.37
5 24 -3.46 46.14 29.52 -3.77 45.59 28.96 -4.01 45.84 30.4 -2.47 46.12 28.99
5 24 12.35 -5.7 7.9 11.1 -5.25 8.42 12.17 -5.6 8.89 11.67 -5.3 6
5 24 1.88 -9.58 11.02 2.55 -9.82 9.83 3.24 -9.37 10.58 1.57 -9.67 10.07
5 24 2.45 -10.33 6.8 2 -10.47 6.27 1.64 -10.49 7.06 2.69 -9.99 6
5 24 0.13 -1.83 28.48 -0.17 -2.76 28.79 -1.2 -2.04 29.34 0.43 -2.13 28.01
5 24 -3.09 3.85 31.22 -2.83 2.77 30.36 -3.26 2.62 31.12 -2.7 3.53 30.16
5 24 9.21 -5.29 13.75 9.6 -3.98 14.39 8.64 -4.43 14.47 9.97 -4.23 13.5
5 24 -10.25 -2.35 26.19 -11.36 -2.24 26.02 -10.52 -1.34 26.71 -10.99 -3.27 25.36
5 24 -6.13 6.08 31.17 -5.51 7.64 31.53 -5.05 6.27 31.4 -6.68 7.5 30.86
5 24 -8.57 6.76 16.55 -7.88 6.04 17.83 -8.53 5.98 16.51 -7.84 6.71 17.96
5 24 11.75 4.96 10.27 12.25 2.84 10.83 12.5 3.21 9.94 10.48 4.67 11.98
5 24 -10.45 -7.64 -3.24 -10.05 -7.39 -3.61 -10.65 -6.68 -3.83 -9.46 -8.08 -3.11
5 24 5.52 -3.19 15.85 6.8 -3.53 15.7 5.56 -4.05 15.73 6.96 -3.05 15.32
5 24 -10.24 10.27 25.84 -9.71 9.59 26.18 -10.52 9.67 26.04 -9.33 10.19 26.02
5 24 -2.12 26 29.84 -2.06 24.18 29.91 -0.53 24.38 29.69 -3.27 25.6 29.06
5 24 0.91 -4.1 19.93 2.72 -3.95 18.07 1.52 -5.04 19.24 2.19 -3.56 18.5
5 24 -0.94 42.71 27.06 -1.48 44.01 27.95 -0.52 43.14 28.65 -2.35 43.13 26.67
5 24 -11.37 1.07 -8.73 -10.82 -1.66 -9.09 -10.23 0.11 -9.67 -12.92 1.36 -7.82
5 24 -13.06 7.09 -5.68 -12.47 8.35 -4.59 -12.02 7.33 -5.63 -13.58 8.04 -4.57
5 24 -9.02 -8.37 17.79 -8.48 -9.45 16.9 -8.31 -9.51 18.09 -8.74 -8.44 16.74
5 24 -11.96 -1.5 22.8 -12.48 -0.44 22.37 -12.2 0.25 23.54 -12.17 -1.5 22.21
5 24 -6.64 -8.93 13.04 -6.89 -8.79 12.09 -5.91 -9.16 11.89 -7.89 -8.35 12.39
5 24 -7.59 -10.97 23.37 -6.93 -11.56 21.38 -6.38 -11.24 23.15 -8.58 -10.74 21.81
5 24 -10.65 -6.68 -3.83 -10.45 -7.64 -3.24 -10.05 -7.39 -3.61 -11.24 -7.45 -2.72
5 24 -6.84 2.72 30.98 -5.84 3.89 31.63 -5.52 2.9 31.84 -6.71 3.79 30.67
5 24 -14 5.73 10.68 -14.65 6.44 9.99 -14.4 5.82 9.68 -13.58 7.02 11.39
5 24 4.78 2.31 -11.54 3.59 1.26 -11.21 3.39 2.4 -12.04 5.75 1.26 -10.3
5 24 -6.02 -3.72 -12.91 -7.69 -2.72 -12.21 -7.38 -1.86 -12.66 -6.86 -3.98 -12.11
5 24 11.71 -6.51 1.39 12.49 -6.28 0.77 11.41 -6.95 0.12 12.23 -6.17 1.87
5 24 -0.04 12.87 28.23 0.74 12.91 27.62 -0.35 14.01 29.05 0.45 12.35 27.41
5 24 -0.7 1.89 20.11 1.63 1.24 19.2 -0.91 1.05 20 1.45 2.72 18.83
5 24 4.94 11.15 15.1 5.35 10.29 15.25 5.84 11.47 14.31 3.85 10.45 15.8
5 24 -4 42.5 31.54 -4.56 41.57 31.04 -5.14 42.2 29.53 -2.55 43.82 32.89
5 24 -6.43 28.65 24.99 -5.42 28.58 23.44 -5.19 29.47 23.68 -6.06 28.08 24.52
5 24 -5.07 31.45 28.02 -4.14 30.03 27.41 -4.02 30.95 28.07 -5.87 30.86 26.38
5 24 12.28 -7.56 -2.91 12.7 -7.26 -0.96 12.24 -7.42 -1.23 13.48 -7.18 -2.97
5 24 -6.54 -8.66 -5.12 -5.33 -7.72 -7.07 -4.04 -9.22 -4.29 -7.2 -7.97 -5.82
5 24 -11.53 -1.87 13.2 -11.15 -2.69 13.12 -11.04 -1.81 13.76 -11.29 -2.64 12.32
5 24 15.68 -4.07 0.26 15.72 -3.96 0.73 15.39 -5.02 0.18 15.48 -3.02 0.83
5 24 -6.62 11.48 28.78 -7.25 12.94 28.47 -7.84 12.85 27.63 -6.07 13.12 28.96
5 24 -4.09 26.08 20.66 -5.56 27.97 20.55 -5.22 26.35 22.11 -3.06 27.52 19.45
5 24 15.37 -1.94 2.54 16.23 1.06 0.18 15.48 -3.02 0.83 16.31 1.3 1.32
5 24 -11.49 -6.87 21.4 -11.39 -7.56 21.47 -11.49 -7.06 22.21 -11.14 -7.9 20.99
5 24 -1.15 31.3 30.34 -2.41 32.45 30.25 -1.5 32.72 30.38 -2.13 30.87 30.41
5 24 12.65 11.25 3.19 13.06 11.38 3.58 12.5 12.61 4.02 13.08 10.41 3.12
5 24 -4.95 -11.66 23.11 -3.28 -11.27 24.92 -2.89 -11.94 23.01 -4.9 -11.39 24.58
5 24 3.31 33.2 24.48 3.4 34.55 24.76 2.63 34.73 24.14 3.79 33.53 26.8
5 24 -5.08 33.36 20.99 -5.49 32.8 21.07 -5.33 33.17 22.53 -4.7 32.6 20.36
5 24 -6.11 -7.44 6.5 -5.81 -7.69 9.5 -5.13 -7.76 7.33 -7.13 -7.33 7.47
5 24 6.83 -7.46 -12.8 6.22 -7.02 -13.25 6.35 -6.59 -13.44 5.3 -8.1 -12.13
5 24 -1.5 -1.74 22.05 -0.84 -2.67 20.84 -0.41 -3.17 22.02 -1.24 -1.87 20.5
5 24 -0.02 4.53 18.73 1.54 3.6 18.29 -0.16 3.55 19.11 2.66 4.71 18.13
5 24 -15.06 9.22 5.81 -14.71 10.32 5.34 -14.54 9.92 7.16 -14.67 9.09 4.87
5 24 -10.06 -6.81 1.27 -11.22 -5.84 1.47 -10.54 -6.63 0.46 -10.52 -5.96 2.03
5 24 -6.24 22.57 20.8 -6.15 21.4 20.31 -7.28 21.56 21.31 -4.93 22.66 20.13
5 24 16.33 2.07 -3 16.25 -1.31 -1.42 16.28 0.84 -0.43 15.62 -1.67 -2.79
5 24 -0.41 0.71 23.58 -1.37 1.98 22.37 -1.76 0.92 22.24 -0.22 1.88 23.66
5 24 -6.84 2.72 30.98 -6.71 3.79 30.67 -5.84 3.89 31.63 -7.13 3 30.41
5 24 -4.19 2.18 31.7 -5.34 1.75 31.65 -5.52 2.9 31.84 -4.17 1.44 31.15
5 24 -10.67 -5.35 10.54 -10.57 -5.19 9.95 -11.53 -3.78 10.93 -9.89 -5.72 10.54
5 24 -12.14 -1.78 10.25 -12.91 -1.32 10.69 -13.2 -0.92 10.29 -11.86 -1.75 11.08
5 24 -1.19 8.24 28.88 0 9.14 28.6 -0.22 9.68 28.96 -0.58 7.55 28.01
5 24 -3.19 45.53 31.36 -2.15 45.97 31.49 -3.11 46.22 30.77 -2.62 45.51 31.98
5 24 15.41 -2.9 -2.19 16.25 -1.31 -1.42 15.89 -2.71 -0.93 15.62 -1.67 -2.79
5 24 7.99 7.97 14.94 8.37 8.98 14.99 7.5 8.89 15.48 8.53 8.05 14.45
5 24 -5.04 -10.43 -0.53 -5.18 -10.16 -0.81 -6.06 -9.48 0.19 -4.25 -10.52 -0.57
5 24 3.29 -9.24 -8.77 2.21 -8.57 -10.01 2.63 -8.36 -10.5 1.32 -8.52 -6.46
5 24 -8.92 -6.85 11.11 -9.19 -6.37 10.48 -9.34 -6.09 11.81 -8.64 -6.64 9.88
5 24 0.43 18.6 22.55 2.28 19.55 24.16 1.52 17.84 23.59 1.04 19.96 22.98
5 24 -3.26 -8.58 9.63 -1.52 -8.65 9.18 -1.63 -8.85 10.04 -3.15 -8.38 8.26
5 24 -6.05 29.98 24.83 -6.48 28.6 25.45 -5.99 31.04 25.44 -6.43 28.65 24.99
5 24 -4.06 -9.71 1.76 -3.47 -9.71 2.11 -4.52 -9.28 2.49 -3.41 -9.85 1.65
5 24 -10.9 -7.27 -0.76 -12.05 -5.97 -1.26 -11.55 -6.97 -1.45 -10.56 -6.84 -0.27
5 24 -6.2 -10.95 17.1 -7.01 -10.46 16.45 -6.49 -10.79 16.21 -7.04 -10.62 17.4
5 24 8.75 -3.1 14.76 7.59 -2.73 15.02 6.8 -3.53 15.7 8.37 -2.49 14.43
5 24 -8.31 -0.8 15.93 -9.02 0.17 15.75 -7.92 0.6 16.36 -9.82 -0.69 14.93
5 24 -15.06 9.22 5.81 -14.68 7.78 5.09 -14.89 7.34 6.71 -14.67 9.09 4.87
5 24 -5.53 -8.62 5.26 -3.37 -9.08 6.01 -4.5 -8.37 6.4 -3.44 -9.78 4.1
5 24 -13.66 1.96 11.74 -12.98 0.78 12.03 -13.55 1.92 11.09 -13.19 1.12 12.49
5 24 0.87 10.1 17.01 1.01 8.19 17.62 -0.12 8.82 17.92 2.19 9.48 16.82
5 24 -10.27 -4.86 11.76 -9.9 -5.1 12.1 -10.43 -3.28 13.07 -9.67 -5.49 11.66
5 24 10.19 3.19 -8.22 9.1 2.79 -9.07 10.18 3.25 -8.05 9.2 2.64 -9.34
5 24 -7.69 12.62 14.58 -7.87 14.3 14.14 -9.26 12.14 13.95 -6.85 13.87 14.9
5 24 -0.46 4.8 23.38 -0.27 6.41 23.4 -1.85 5.42 22.86 0.12 5.85 24.14
5 24 -3.77 45.59 28.96 -4.01 45.84 30.4 -3.46 46.14 29.52 -4.14 44.67 29.67
5 24 -6.08 0.56 30.6 -8.48 -0.24 29.98 -7.47 -1.38 29.84 -7.02 1.32 30.15
5 24 -13.21 12.29 8.99 -13.38 13.49 7.21 -13.02 14.02 7.79 -13.61 11.81 8.56
5 24 -9.49 5.35 29.59 -10.28 4.86 28.82 -10.01 5.55 28.81 -10.01 4.04 29.22
5 24 6.76 -8.76 2.48 4.62 -9.71 0.17 6.57 -8.65 -0.57 6.36 -8.88 4.03
5 24 14.08 -6.73 -2.1 13.77 -6.62 -1.23 12.7 -7.26 -0.96 14.16 -6.36 -0.96
5 24 -6.36 -0.73 -13.87 -5.37 -0.89 -14.83 -5.7 -0.31 -15 -5.42 -1.53 -14.13
5 24 -12.98 14.04 6.71 -13.38 13.49 7.21 -13.02 14.02 7.79 -13.15 13.25 5.98
5 24 2.12 28.33 23.23 0.1 29.69 22.21 -0.06 28.23 22.54 0.4 30.7 22.4
5 24 -9.26 12.14 13.95 -9.63 13.61 13.56 -10.54 11.59 13.15 -7.87 14.3 14.14
5 24 12.54 -5.45 -8.36 12.01 -5.29 -9.27 11.71 -4 -8.86 10.84 -6.38 -9.58
5 24 -15.59 3.95 -0.06 -16.24 3.37 -1 -16.02 2.96 -0.55 -15.92 4.76 -0.3
5 24 1.63 1.24 19.2 2.09 0.65 18.04 1.05 0.37 18.65 2.1 1.39 18.38
5 24 16.42 2.97 0.82 16.31 1.3 1.32 16.23 1.06 0.18 16.25 3.22 3.19
5 24 -12.4 14.44 6.46 -12.98 14.04 6.71 -13.02 14.02 7.79 -12.72 13.51 5.39
5 24 -0.67 -5.7 27.12 -0.7 -4.23 26.34 -1.02 -4.73 27.64 -0.45 -4.54 25.61
5 24 3.23 26.89 26.72 3.6 27.64 25.22 3.07 25.98 25.85 3.34 27.92 27.12
5 24 -6.45 -9.29 -3.26 -5.68 -9.93 -2.96 -5.75 -9.19 -3.78 -6.41 -9.61 -2.57
5 24 -0.57 12.67 19.51 -0.95 11.88 19.92 -0.46 12.76 21.16 -0.79 11.69 18.74
5 24 1.02 9.63 23.86 1.65 10.1 24.86 1.48 10.59 23.5 1.12 9.37 25.23
5 24 12.12 4.63 -6.82 12.4 6.13 -6.04 11.54 4.73 -6.64 14.24 3.59 -5.85
5 24 1.45 34.23 27.86 0.58 35.25 28.33 1.53 35.9 27.59 0.15 34.37 29.32
5 24 0.63 -8.43 21.98 1.21 -7 21.76 0.8 -8.28 23.08 0.91 -7.74 21.2
5 24 -13.93 9.05 10.51 -13.76 7.96 11.86 -13.92 8.11 11.05 -13.39 10 10.98
5 24 3.93 -7.57 -13.41 2.91 -6.82 -14.49 2.93 -7.52 -13.83 4.33 -6.43 -14.01
5 24 -1.66 34.55 31.06 -1.87 33.27 30.88 -2.42 33.99 30.99 -0.98 33.79 30.93
5 24 -14.5 10.99 5.44 -14.33 11.08 7.3 -14.36 11.65 5.64 -14.54 9.92 7.16
5 24 0.86 15.38 27.71 0.48 15.7 28.5 -0.12 15.01 29.12 0.35 16.35 28.56
5 24 -8.94 13.1 21.01 -8.81 12.63 20.76 -9 12.02 21.37 -8.6 13.9 19.94
5 24 2.17 31.34 28.38 1.45 32.34 28.43 0.37 31.21 28.92 3.15 32.31 27.68
5 24 -0.41 0.71 23.58 -1.66 -0.49 22.08 -1.76 0.92 22.24 -0.64 -0.65 23.78
5 24 15.64 5.41 5.12 15.58 3.63 5.6 16.23 4.96 3.76 14.29 3.72 6.9
5 24 -7.92 -9.82 24.24 -8.39 -10.16 23.34 -7.59 -10.97 23.37 -8.67 -9.13 23.42
5 24 -14.33 11.08 7.3 -14.54 9.92 7.16 -14.33 10.06 8.45 -14.5 10.99 5.44
5 24 12.7 -6.98 -3.93 12.28 -7.56 -2.91 13.48 -7.18 -2.97 11.91 -7.44 -3.44
5 24 1.43 16.71 22.49 1.99 16.14 23.58 1.67 17.11 23.61 1.49 15.57 22.38
5 24 1.44 -2.98 18.94 1.62 -2.52 18.34 1.15 -2.02 18.58 2.14 -3.01 18
5 24 -6.27 -2.36 30.73 -5.27 -2.68 30.69 -5.85 -3.68 29.87 -4.69 -1.16 31.1
5 24 -7.8 15.6 19.79 -6.86 15.42 18.93 -7.19 16.47 18.69 -7.58 15.29 19.62
5 24 -8.61 4.29 30.41 -6.71 3.79 30.67 -6.91 5.19 30.29 -7.13 3 30.41
5 24 -10.1 -6.03 17.36 -10.61 -6.45 18.52 -10.38 -6.62 17.9 -10.38 -5.05 18.13
5 24 -6.76 -4.15 29.42 -8.31 -3.32 29.49 -7.6 -5.15 28.75 -7.19 -2.85 29.77
5 24 5.53 13.43 13.85 4.9 14.03 14.24 5.22 12.4 14.18 6.03 14.07 13.52
5 24 1.16 -9.22 18.79 1.12 -10.35 18.3 1.11 -9.37 17.58 0.92 -10.48 19.16
5 24 1.05 -6.14 24.42 1.41 -5.59 23.38 1.22 -6.31 23.95 1.23 -4.44 24.39
5 24 -7.52 10.75 27.92 -8.18 12.29 26.79 -7.84 12.85 27.63 -7.96 10.81 26.95
5 24 -0.13 38.45 30.74 -0.4 39.28 30.92 -0.96 38.92 31.33 0.37 39.4 29.19
5 24 14.02 3.63 7.93 12.5 3.21 9.94 12.02 4.98 9.57 14.16 2.06 8.08
5 24 -3.94 18.06 29.18 -4.38 19.14 29.3 -2.83 18.49 29.73 -4.92 19.4 28.86
5 24 10.91 6.95 11.47 10.82 6.24 11.87 12.1 6.63 9.76 10.22 6.77 12.86
5 24 -0.02 1.58 27.46 0.01 1.98 28.67 -0.36 -0.96 28 -0.01 1.95 27.45
5 24 -0.59 20.48 29.05 -0.23 21.6 28.68 -1.83 21.19 29.95 0.38 20.74 28.14
5 24 -11.14 -7.9 20.99 -10.49 -8.62 21.83 -11.39 -7.56 21.47 -10.07 -8.33 20.32
5 24 -10.61 1.84 14.59 -9.67 4.62 15.49 -8.66 3.66 16.53 -11.68 3.26 13.25
5 24 -7.83 22.29 22.46 -7.28 21.56 21.31 -7.6 21.35 22.16 -7.79 23.5 22.59
5 24 -6.43 -10.16 24.49 -7.59 -10.97 23.37 -7.92 -9.82 24.24 -5.4 -10.97 24.13
5 24 -12.51 -5.15 -4.31 -12.66 -5.12 -3.06 -13.32 -4.4 -3.61 -12.04 -5.58 -2.99
5 24 -14.57 1.78 -5.45 -13.68 2.57 -6.86 -14.34 3.4 -5.91 -13.59 1.3 -6.94
5 24 1.9 18.43 25.96 1.69 16.92 25.25 2.27 18.18 24.67 1.59 17.2 26.2
5 24 0.39 29.16 27.76 1.09 30.49 28.26 -0.3 29.89 28.87 2.35 30.18 26.7
5 24 -11.39 -7.56 21.47 -11.14 -7.9 20.99 -10.49 -8.62 21.83 -11.49 -6.87 21.4
5 24 -10.28 -6.02 25.25 -10.17 -5.1 26.28 -11.43 -5.76 25.01 -9.73 -5.96 26.11
5 24 2.56 25.59 27.16 1.9 24.71 26.53 1.49 24.77 27.73 3.07 25.98 25.85
5 24 0.41 3.49 26.83 0.84 2.93 25.53 0.94 3.91 25.92 0.51 2.32 26.72
5 24 -2.84 36.92 22.84 -1.66 37.36 23.81 -2.62 37.43 24.32 -2.08 36.9 22.65
5 24 -5.21 18.56 27.86 -4.92 19.4 28.86 -5.39 20.01 27.46 -3.94 18.06 29.18
5 24 2.17 37.01 28.5 1.83 37.08 27.38 2.19 37.77 27.73 1.81 36.47 28.07
5 24 0.01 8.78 22.64 0.15 9.64 23.03 -1.06 8.99 22.41 0.99 8.25 23.52
5 24 -8.31 -8.41 -5.14 -8.47 -8.68 -4.37 -9.23 -7.87 -4.88 -7.42 -8.9 -4.76
5 24 -4.17 -11.55 17.11 -3.12 -11.06 16.44 -4.04 -11.27 16.61 -2.74 -11.12 17.47
5 24 -4.24 43.78 31.95 -3.42 44.18 32.72 -4.25 44.17 31.88 -3.22 43.63 32.6
5 24 3.53 2.29 -12.6 5.02 2.26 -11.86 3.39 2.4 -12.04 3.92 1.5 -13.58
5 24 0.34 25.51 28.34 1.49 24.77 27.73 0.46 24.34 28.7 1.43 26.65 28.05
5 24 -5.3 38.64 28.53 -4.81 38.25 26.6 -4.36 39.58 27.9 -5.49 38.07 28.43
5 24 -1.63 -10.16 14.58 -2.35 -11 15.11 -2.59 -10.68 14.31 -1.19 -10.87 15.62
5 24 -7.29 -10.9 18.82 -7.04 -10.62 17.4 -6.76 -11.63 18.44 -7.65 -10.29 17.79
5 24 -13.07 7.86 12.59 -12.81 8.38 12.71 -12.36 7.56 12.73 -13.34 8.45 12.34
5 24 -14.8 -0.17 -4.49 -15.6 1.15 -3.71 -15.72 0.71 -3.16 -14.76 0.74 -5.11
5 24 -8.83 7.66 20 -10.43 7.38 21.32 -10.17 8.41 20.89 -8.93 6.46 20.74
5 24 -5.25 41.36 30.16 -4.56 41.57 31.04 -5.17 41 30.14 -5.14 42.2 29.53
5 24 5.04 -4.73 15.9 5.84 -5.01 15.29 5.56 -4.05 15.73 4.72 -5.69 15.55
5 24 -2.8 38.69 25.14 -2.62 37.43 24.32 -3.16 36.96 24.73 -1.68 38.35 24.66
5 24 -4.63 -3.89 29.89 -5.47 -4.42 29.96 -4.03 -5.35 29.28 -5.85 -3.68 29.87
5 24 2.72 -3.95 18.07 1.52 -5.04 19.24 2.89 -4.55 17.9 0.91 -4.1 19.93
5 24 -4.11 15.74 16.8 -4.82 14.77 15.82 -4.36 15.69 15.67 -4.36 14.9 17.3
5 24 16.31 1.3 1.32 15.37 -1.94 2.54 16.23 1.06 0.18 16.19 1.52 3.57
5 24 -7.19 10.59 17.33 -6.51 10.53 18.89 -7.2 10.02 17.18 -6.3 11.45 18.45
5 24 -3.86 -10.66 14.23 -3.59 -11.07 14.7 -5.44 -10.3 14.36 -2.59 -10.68 14.31
5 24 -9.52 -8.08 24 -10.15 -8.46 22.95 -9.47 -8.77 22.6 -10.42 -7.67 23.71
5 24 11.24 -2.78 13.15 10.7 -3.12 13.67 9.9 -2.56 13.35 10.92 -3.41 13.7
5 24 -5.21 18.56 27.86 -5.39 20.01 27.46 -4.92 19.4 28.86 -5.92 19.71 26.97
5 24 -3.82 -10.11 -3.49 -2.99 -9.56 -3.91 -4.04 -9.22 -4.29 -2.73 -10.05 -2.86
5 24 12.45 1.87 -3.1 13.1 8.62 -1.22 12.94 1.94 0.17 12.6 8.84 -3.61
5 24 10.99 3.92 -7.18 12.45 1.87 -3.1 11.54 4.73 -6.64 10.18 3.25 -8.05
5 24 11.7 -6.63 2.47 11.71 -6.51 1.39 12.23 -6.17 1.87 10.45 -7.47 2.24
5 24 -6.23 18.37 27.32 -5.73 17.18 27.58 -5.21 18.56 27.86 -6.89 17.5 26.81
5 24 -0.25 31.97 22.16 1.14 31.19 22.91 0.4 30.7 22.4 0.73 33.08 23.65
5 24 13.16 8.79 -3.67 13.46 8.46 -1.28 13.1 8.62 -1.22 14.8 7.96 -1.37
5 24 6.67 -8.43 4.35 6.76 -8.76 2.48 6.36 -8.88 4.03 7.97 -7.87 2.82
5 24 2.68 -9.53 8.57 1.88 -9.41 8.82 2.13 -9.4 9.04 2.8 -9.96 7.2
5 24 -11.43 -1.94 -8.51 -10.72 -3.45 -8.34 -10.71 -4.26 -7.58 -10.82 -1.66 -9.09
5 24 15.68 -3.53 3.65 15.34 -4.88 1.18 15.72 -3.96 0.73 14.56 -4.96 2.47
5 24 -9.89 2.97 28.36 -10.01 4.04 29.22 -8.85 2.55 29.31 -10.28 4.86 28.82
5 24 -6.15 21.4 20.31 -7.28 21.56 21.31 -6.24 22.57 20.8 -6.84 20.84 20.96
5 24 13.94 6.54 7.12 13.28 6.2 7.91 13.91 7.21 8.25 13.63 5.15 7.7
5 24 -5.72 -10.51 25.27 -4.74 -10.99 25.25 -5.56 -10.61 24.76 -4.98 -10.59 25.91
5 24 -12.2 0.25 23.54 -12.39 1.44 24.05 -12.45 0.58 24.37 -11.78 1.41 23.51
5 24 0 13.42 22.23 1.31 13.95 23.57 0.83 12.79 22.98 0.6 14.63 22.26
5 24 -3.47 -9.71 2.11 -1.8478 -9.5 2.7654 -2.68 -9.96 1.35 -3.44 -9.78 4.1
5 24 -10.58 6.49 23.41 -11.84 5.83 24.16 -10.82 6.98 24.22 -11.18 5.46 23.57
5 24 9.14 -8.08 -1.28 8.58 -8.33 0.18 9.95 -7.84 0.08 7.96 -8.56 -1.01
5 24 -0.05 18.31 20.08 -0.29 19.28 21.28 -0.57 19.24 19.99 0.32 18.16 21.67
5 24 1.07 -10.06 6.33 1.47 -10.3 5.69 1.93 -10.26 5.89 0.9 -10.04 6.09
5 24 -6.4 12.26 16.75 -6.36 13.26 15.84 -7.73 11.48 15.33 -5.92 12.75 16.72
5 24 9.58 -6.79 -10.56 10.19 -6.04 -10.01 9.7 -6.9 -10.01 10.04 -6.07 -11.3
5 24 8.06 1.26 -8.63 6.98 2.2 -10.35 5.75 1.26 -10.3 9.1 2.79 -9.07
5 24 -14.61 -1.88 -0.84 -15.39 -1.04 -0.81 -14.69 -0.83 -0.26 -15.03 -2.15 -1.6
5 24 -10.6 -5.41 18.85 -11.24 -4.08 19.4 -11.59 -4.71 19.51 -10.41 -4.71 18.71
5 24 12.37 -0.05 -8.82 13.05 0.51 -8.37 11.7 0.84 -9.02 12.8 -3.06 -7.79
5 24 -8.39 -10.16 23.34 -8.67 -9.13 23.42 -7.92 -9.82 24.24 -8.58 -10.74 21.81
5 24 -4.13 -2.65 29.92 -4.63 -3.89 29.89 -4.98 -3.26 30.14 -3.85 -3.44 29.42
5 24 6.25 7.55 16.31 6.82 8.12 15.66 6.97 7.07 15.79 5.87 7.63 16.44
5 24 6.95 16.85 12.73 6.6 17.26 13.04 6.65 16.83 13.21 6.27 17.75 11.88
5 24 -1.2 -2.04 29.34 -1.53 -3.1 29.33 -0.17 -2.76 28.79 -2.83 -1.99 29.5
5 24 -12.51 -5.15 -4.31 -12.04 -5.58 -2.99 -12.66 -5.12 -3.06 -10.65 -6.68 -3.83
5 24 -10.25 0.15 26.94 -11.3 -0.05 26.43 -11.05 -0.56 26.57 -10.47 0.81 26.54
5 24 15.76 6.4 -1.38 15.35 6.24 -2.37 16.08 4.58 -1.19 15.27 7.28 -1.5
5 24 -8.48 -0.24 29.98 -9.35 0.99 29.57 -7.02 1.32 30.15 -9.55 0.29 29.5
5 24 2.74 -7.35 15.52 2.73 -7.92 14.58 3.2 -7.05 15.04 1.74 -8.05 16.31
5 24 13.98 -5.56 3.84 13.61 -5.62 5.12 13.41 -5.83 4.31 14.29 -5.23 5.5
5 24 -1.95 46.15 31.13 -1.86 45.73 31.97 -2.15 45.97 31.49 -1.03 46.04 30.87
5 24 -6.8 -8.89 26.88 -7.71 -9.08 26.66 -7.04 -8.28 27.13 -6.48 -9.81 25.93
5 24 15.28 -6.26 -1.7 14.16 -6.36 -0.96 14.45 -6.57 -2.4 14.98 -5.79 -0.43
5 24 14.35 -6.02 -3.28 13.48 -7.18 -2.97 13.52 -6.65 -3.69 14.08 -6.73 -2.1
5 24 -3.09 41.58 26.17 -1.26 42.03 26.22 -1.61 41.42 25.89 -2.35 43.13 26.67
5 24 8.75 -3.1 14.76 9.53 -3.17 13.96 8.99 -3.61 14.96 8.37 -2.49 14.43
5 24 9.6 -5.39 9.61 9.68 -5.46 8.86 7.64 -6.44 10.48 10.42 -5.18 8.75
5 24 -9.35 -4.25 -8.35 -8.73 -4.89 -8.24 -9.1 -5.26 -6.89 -9.27 -3.46 -9.06
5 24 0.84 2.93 25.53 -0.46 4.8 23.38 0.82 4.53 25.18 -0.1 3.09 23.98
5 24 -0.91 1.05 20 -1.1 0.28 19.53 1.63 1.24 19.2 -1.92 1.03 20.62
5 24 0.68 1.69 25 -0.1 3.09 23.98 -0.22 1.88 23.66 0.84 2.93 25.53
5 24 -7.63 7.5 18.1 -7.45 8.32 19.72 -7.76 7.37 19.8 -6.77 9.17 18.12
5 24 3.69 -7.81 14.11 2.73 -7.92 14.58 3.47 -8.32 13.53 3.2 -7.05 15.04
5 24 2.66 4.71 18.13 1.54 3.6 18.29 2.45 3.65 17.92 -0.02 4.53 18.73
5 24 0.43 -2.96 27.8 -0.3 -3.53 26.62 0.21 -1.15 27.02 -1.02 -4.73 27.64
5 24 0.23 16.23 19.55 0.16 16.34 20.68 -0.27 15.52 19.73 0.43 17.28 20.36
5 24 -7.25 24.38 23.22 -6.03 25.46 23.56 -6.9 24.81 22.67 -6.39 25.27 24.02
5 24 -10.76 15.02 11.36 -11.55 14.87 10.74 -10.79 14.74 11.66 -11.21 15.57 10.76
5 24 -4.7 32.6 20.36 -1.84 32.41 19.87 -4.46 33.25 20.6 -1.83 31.73 19.43
5 24 -8.67 -7.98 26.68 -8.82 -7.45 27.29 -7.94 -7.93 27.38 -9.35 -7.31 26.31
5 24 -9.75 -5.33 16.24 -10.23 -6.21 16.34 -9.99 -5.83 15.47 -9.64 -5.29 17.16
5 24 4.13 -8.75 12.14 4.48 -9.21 11.12 4.59 -8.64 11.79 3.24 -9.37 10.58
5 24 -10.52 1.62 -9.04 -9.08 2.31 -9.63 -9.57 1.28 -10.2 -10.18 2.64 -8.4
5 24 4.59 -8.64 11.79 4.77 -7.93 11.94 5.02 -7.94 10.99 4.12 -8.2 12.57
5 24 -15.63 3.05 2.07 -15.66 1.79 0.38 -15.48 2.3 2.16 -15.55 3.42 0.77
5 24 -1.48 -10.67 23.08 -2.05 -11.42 24.08 -2.1 -11.19 22.56 -1.19 -10.15 24.01
5 24 -5.38 28.92 20.42 -2.79 28.57 19.49 -4.83 29.75 20.8 -3.06 27.52 19.45
5 24 -5.68 -11.01 15.22 -3.59 -11.07 14.7 -5.44 -10.3 14.36 -2.35 -11 15.11
5 24 -10.19 -4.6 6.41 -8.47 -5.92 6.54 -9.75 -4.83 8.79 -8.51 -5.79 5.68
5 24 -7.4 23.98 23.7 -7.19 23.39 24.31 -7.73 23.5 23.52 -6.98 23.92 24.52
5 24 7.06 -5.32 -13.83 4.97 -5.64 -14.63 5.99 -4.87 -14.33 6.99 -5.78 -13.71
5 24 -4.94 -12.09 19.12 -6.76 -11.63 18.44 -6.29 -11.53 19.54 -5.42 -12 17.61
5 24 -12.56 5.85 -6.36 -13.06 7.09 -5.68 -13.74 5.4 -5.98 -11.86 6.21 -6.21
5 24 0.53 -7.94 24.4 0.8 -8.28 23.08 1.125 -6.345 22.325 0.11 -8.99 23.19
5 24 -10.29 1.38 26.87 -10.25 0.15 26.94 -10.39 0.86 27.89 -10.47 0.81 26.54
5 24 -7.63 7.5 18.1 -7.84 6.71 17.96 -7.62 6.41 19.23 -8.14 7.73 16.56
5 24 -10.8 -8.12 22.98 -10.49 -8.62 21.83 -10.15 -8.46 22.95 -11.39 -7.56 21.47
5 24 -6.11 29.3 21.43 -6.19 28.39 21.58 -5.42 28.58 23.44 -5.38 28.92 20.42
5 24 -1.87 15.49 29.79 -1.36 14.68 29.6 -2.38 14.17 30.17 -0.5 15.97 29.28
5 24 -5.01 40.98 27.55 -3.37 40.81 26.02 -3.56 40.16 26.03 -3.09 41.58 26.17
5 24 10.12 11.53 12.73 9.78 12.11 11.77 9.35 12.28 12.3 10.59 11.17 12.08
5 24 -11.48 -3.68 24.75 -11.74 -4.58 25.04 -11.57 -3.92 23.96 -11.08 -4.3 25.68
5 24 1.82 11.57 24.22 1.48 10.59 23.5 1.65 10.1 24.86 1.24 11.54 22.75
5 24 2.84 31.11 26.13 3.31 33.2 24.48 1.62 32.2 24.37 3.56 31.56 26.74
5 24 -5.07 14.18 29.54 -3.96 14.07 30.49 -4.94 13.52 30.45 -3.48 14.85 30.22
5 24 -9.84 -3.76 27.28 -9.96 -5.33 27.4 -9.52 -4.38 28.01 -10.17 -5.1 26.28
5 24 10.18 3.25 -8.05 9.56 1.35 -6.89 12.45 1.87 -3.1 9.1 2.79 -9.07
5 24 -10.71 -4.26 -7.58 -9.1 -5.26 -6.89 -10.63 -5.08 -6.22 -9.35 -4.25 -8.35
5 24 14.73 8.61 2.82 15.45 6.41 2.24 14.69 7.73 1.5 15.49 6.59 3.47
5 24 -6.51 11.77 29.82 -6.22 11.19 30.38 -5.98 12.68 30.19 -6.42 10.5 29.61
5 24 -1.99 2.24 -13.88 -3.38 2.73 -13.29 -2.01 2.57 -12.98 -3.29 2.22 -14.31
5 24 -3.77 33.9 28.72 -5.23 32.49 28.04 -3.66 32.86 28.83 -5.43 33.59 27.45
5 24 -2.79 28.57 19.49 -1.43 27.42 19.63 -3.06 27.52 19.45 -1.32 28.44 19.93
5 24 -10.88 -0.76 20.86 -11.64 -0.29 21.26 -12.07 -1.12 21.75 -10.05 0.6 20.43
5 24 -7.73 23.5 23.52 -7.83 22.29 22.46 -7.31 22.18 23.21 -7.79 23.5 22.59
5 24 0.16 16.34 20.68 0.43 17.28 20.36 0.62 17.11 21.65 0.23 16.23 19.55
5 24 -0.02 1.58 27.46 0.38 -0.12 27.01 -0.12 -0.41 27.24 0.25 1.5 26.66
5 24 5.67 -9.26 -5.01 5.03 -9.18 -6.07 3.87 -8.89 -4.05 6.54 -9.27 -5.5
5 24 -10.79 14.74 11.66 -10.76 15.02 11.36 -10.21 15.32 12.26 -11.55 14.87 10.74
5 24 0.26 44.1 29.67 -0.81 42.18 31.27 -1.1 44.03 32.19 0.02 43.14 29.4
5 24 -14.58 9.01 1.66 -13.01 8.66 0.32 -12.96 9.08 1.35 -15.02 8.28 0.13
5 24 -5.47 -11.46 17.16 -4.04 -11.27 16.61 -4.17 -11.55 17.11 -5.82 -11.18 16.55
5 24 -5.96 13.96 17.83 -6.22 14.98 18.48 -7.45 14.53 18.81 -5.27 14.27 17.7
5 24 11.6 -5.21 9.58 11.1 -5.25 8.42 12.17 -5.6 8.89 10.88 -5 8.91
5 24 -0.48 31.17 20.51 0.1 29.69 22.21 -0.98 29.97 20.15 0.4 30.7 22.4
5 24 -14 5.73 10.68 -14.51 4.96 10.04 -13.91 4.82 11.1 -14.4 5.82 9.68
5 24 -3.02 17.47 15.8 -4.62 16.9 14.98 -3.5 16.98 15.86 -3.95 18.54 13.31
5 24 12.59 8.6 9.85 13.36 9.04 8.2 12.63 9.33 9.09 13.64 7.71 8.46
5 24 -9.57 1.28 -10.2 -8.55 -0.79 -11.86 -10.23 0.11 -9.67 -7.42 0.4 -12.65
5 24 1.59 37.81 26.71 2.19 37.77 27.73 1.83 37.08 27.38 1.84 38.52 27.08
5 24 -5.57 25.65 22.5 -5.42 26.82 23.11 -5.22 26.35 22.11 -5.53 26.06 23.43
5 24 -2.74 34.77 30.67 -3.33 34.3 30.17 -3.06 33.58 30.5 -2.95 35.53 30.35
5 24 11.23 -7.25 -8.14 10.16 -7.23 -9.06 10.84 -6.38 -9.58 10.1 -7.63 -7.33
5 24 0.92 -10.48 19.16 1.12 -10.35 18.3 1.16 -9.22 18.79 0.67 -10.95 18.83
5 24 1.5 17.81 27.93 1.8 17.2 26.7 1.48 16.84 27.48 2.03 18.14 26.99
5 24 0.3 -4.94 24.95 1.05 -6.14 24.42 0.4 -6.6 24.61 1.23 -4.44 24.39
5 24 -12.9 2.05 -7.56 -13.68 2.57 -6.86 -13.59 1.3 -6.94 -13.07 3.66 -6.93
5 24 -10.38 -1.84 27.36 -10.36 -1.28 27.85 -10.52 -1.34 26.71 -10.34 -2.48 27.9
5 24 -5.53 26.06 23.43 -6.21 26.11 23.91 -6.03 25.46 23.56 -5.6 27.88 23.76
5 24 -5.99 31.04 25.44 -6.39 31.54 26.74 -6.66 31.99 25.55 -5.87 30.86 26.38
5 24 -0.41 0.71 23.58 0.83 0.65 24.7 0.48 -0.29 24.7 -0.22 1.88 23.66
5 24 -3.55 1.79 30.78 -3.26 2.62 31.12 -4.19 2.18 31.7 -2.97 2.07 30.32
5 24 12.74 12.38 8.07 12.44 13.85 6.81 12.21 12.87 8.63 13.76 11.48 6.61
5 24 0.15 34.37 29.32 0.65 33.25 28.44 -0.53 33.12 29.95 1.45 34.23 27.86
5 24 14.3 -5.43 -5.67 13.03 -4.77 -6.46 14.54 -3.96 -5.04 13.22 -6.29 -5.95
5 24 -3.58 37.05 30.88 -2.95 35.53 30.35 -2.3 35.94 30.78 -4.87 36.26 29.73
5 24 -6.8 -1.26 -13.11 -8.55 -0.79 -11.86 -7.42 0.4 -12.65 -7.38 -1.86 -12.66
5 24 -.54 .92 -11.92 3.827 -2 -9.239 3.59 1.26 -11.21 0 -2 -10
5 24 5.75 1.26 -10.3 4.78 2.31 -11.54 3.59 1.26 -11.21 6.98 2.2 -10.35
5 24 -11.37 14.7 6.12 -12.02 2.05 5.07 -10.5 15.89 7.8 -12.01 13.59 4.98
5 24 4.42 -9.72 5.56 3.86 -9.94 5.74 4.11 -9.53 6.65 3.03 -10.17 5.25
5 24 -5.8 -9.86 -1.21 -6.06 -9.48 0.19 -6.59 -9.82 -0.54 -5.18 -10.16 -0.81
5 24 8.53 8.05 14.45 9.17 6.81 14.93 9.59 7.47 14.02 7.99 7.97 14.94
5 24 -14.36 9.26 8.12 -14.83 8.15 7.88 -14.24 8.46 9.13 -15.18 8.69 6.92
5 24 -10.76 -4.24 11.89 -11.53 -3.78 10.93 -10.71 -3.43 12.34 -10.67 -5.35 10.54
5 24 0.94 15.62 25.69 1.59 17.2 26.2 1.69 16.92 25.25 1.09 16.26 26.98
5 24 -6.03 25.46 23.56 -5.57 25.65 22.5 -6.9 24.81 22.67 -5.53 26.06 23.43
5 24 -4.51 19.11 18.46 -5.77 20.51 18.74 -4.49 20.59 18.32 -5.85 18.99 18.86
5 24 -4.25 23.37 28.8 -4.88 24.04 28.17 -4.08 25.47 28.34 -4.83 22.83 27.93
5 24 -4.84 -1.36 -14.8 -5.37 -0.89 -14.83 -4.56 -0.64 -15.42 -5.42 -1.53 -14.13
5 24 -3.28 18.33 17.79 -6 18.37 18.55 -4.51 19.11 18.46 -2.44 17.42 17.02
5 24 -9.99 -5.83 15.47 -10.13 -7.02 15.67 -9.74 -6.65 15.02 -10.23 -6.21 16.34
5 24 -6.2 21.97 27.69 -5.09 21.76 27.94 -5.4 20.74 27.74 -4.83 22.83 27.93
5 24 14.97 -6.42 -2.39 15.28 -6.26 -1.7 15.16 -6.01 -2.79 14.45 -6.57 -2.4
5 24 -4.2 23.02 19.24 -4.45 23.72 19.05 -3.17 23.17 18.65 -4.94 23.53 20.08
5 24 10.49 10.23 12.94 10.71 9.93 11.91 10.28 9.27 12.9 10.68 10.78 12.49
5 24 -6.05 1.89 -13.51 -5.55 0.97 -14.62 -4.81 2.07 -13.91 -6.31 0.25 -14.24
5 24 -6.02 17.75 18.01 -6.75 18.73 19.42 -6 18.37 18.55 -7.43 17.25 18.9
5 24 0.48 -10.68 4.4 0.08 -10.52 4.98 0 -9.5 4 0.98 -10.83 4.85
5 24 -14.78 9.54 3.1 -14.58 9.01 1.66 -15.3 8.66 1.91 -14.15 9.94 2.89
5 24 0.59 -8.8 21.32 0.28 -9.59 21.1 0.32 -9.54 21.81 0.55 -8.97 20.62
5 24 -2.88 44.86 32.97 -3.42 44.18 32.72 -2.55 43.82 32.89 -3.56 44.54 32.58
5 24 -12.01 3.15 25.79 -12.46 2.5 25.16 -11.85 4.14 24.89 -12.01 2.42 26.05
5 24 0.93 -10.04 -0.41 2.01 -10.16 0.54 1.4142 -9.5 0.5858 2.62 -9.88 -2.62
5 24 9.21 -5.29 13.75 9.11 -5.86 12.86 8.35 -5.3 13.98 9.93 -5.16 13.18
5 24 9.74 15.89 9.51 9.07 16.02 10.8 8.73 16.42 10.49 9.78 15.38 10.57
5 24 -7.82 -10.19 16.65 -7.65 -10.29 17.79 -8.48 -9.45 16.9 -7.04 -10.62 17.4
5 24 -12.11 14.92 10.28 -11.55 14.87 10.74 -12.02 14.07 10.61 -11.21 15.57 10.76
5 24 11.84 -7.49 -2.02 10.97 -7.1 -1.21 12.24 -7.42 -1.23 10.91 -7.12 -1.73
5 24 2.6 -10.4 2.84 3.02 -10.27 1.78 3.06 -10.17 2.91 2.32 -10.43 2.54
5 24 -10.56 -6.84 -0.27 -10.9 -7.27 -0.76 -12.05 -5.97 -1.26 -9.89 -7.57 -0.67
5 24 14.3 5.46 6.56 15.64 5.41 5.12 14.29 3.72 6.9 14.83 6.51 5.53
5 24 16.25 -1.31 -1.42 15.89 -2.71 -0.93 15.41 -2.9 -2.19 15.65 -2.94 -0.14
5 24 -7.071 -2 7.071 -6.8 2.03 11.34 -9.86 2.03 8.63 -3.827 -2 9.239
5 24 -12.48 -5.21 -1.4 -12.05 -5.97 -1.26 -12.54 -5.42 -2.31 -11.83 -5.36 -0.85
5 24 2.64 15.18 15.17 3.78 14.44 15.2 0.94 15.37 15.99 3.76 15.12 14.74
5 24 0.66 22.07 23.52 0.36 23.15 23.08 -0.41 22.53 22.44 1.34 22.71 23.46
5 24 0.32 40.64 27.54 0.1 40.2 26.83 0.85 39.96 27.87 -0.11 41.4 26.95
5 24 -11.29 -2.64 12.32 -11.15 -2.69 13.12 -10.71 -3.43 12.34 -11.53 -1.87 13.2
5 24 -6.62 26.89 24.26 -6.21 26.11 23.91 -6.56 25.76 24.22 -5.6 27.88 23.76
5 24 -1.4 -11.5 16.76 -1.68 -11.45 17.51 -1.15 -11.59 17.56 -2 -11.19 16.4
5 24 -8.77 -8.84 26.37 -7.71 -9.08 26.66 -8.53 -9.47 25.64 -8.67 -7.98 26.68
5 24 -8.6 13.9 19.94 -8.94 13.1 21.01 -8.81 12.63 20.76 -8.3 14.38 20.26
5 24 -12.45 14.84 9.65 -12.03 15.53 9.52 -12.11 14.92 10.28 -11.49 15.87 8.65
5 24 -12.6 1.41 24.65 -12.46 2.5 25.16 -12.39 1.44 24.05 -12.46 1.94 25.35
5 24 -8.81 -0.8 20.11 -8.8 0.53 19.92 -9.91 -0.63 20.46 -7.7 -0.43 19.74
5 24 -0.21 35.87 23.71 1.11 36.78 24.64 -0.57 37.39 24.44 2.63 34.73 24.14
5 24 -3.15 -8.38 8.26 -3.26 -8.58 9.63 -1.52 -8.65 9.18 -4.88 -8.03 9.49
5 24 10.71 9.93 11.91 10.28 9.27 12.9 10.66 9.03 12.12 10.49 10.23 12.94
5 24 -13.78 10.41 10.28 -14.42 10.04 9.65 -13.93 9.05 10.51 -14.18 10.87 9.7
5 24 10.19 -6.04 -10.01 10.04 -6.07 -11.3 9.94 -4.57 -10.87 9.58 -6.79 -10.56
5 24 -6.03 -9.14 27.4 -5.38 -9.55 27.47 -5.1 -8.62 28.19 -5.41 -10.45 26.45
5 24 1.98 -9.81 2.88 2.26 -10.12 3.22 1.87 -9.92 3.26 2.32 -10.43 2.54
5 24 -11.66 4.5 23.9 -11.84 5.83 24.16 -11.18 5.46 23.57 -12.33 4.79 24.57
5 24 -10.24 10.27 25.84 -9.58 11.09 25.36 -9.33 10.19 26.02 -10.15 10.8 24.73
5 24 -0.39 34.61 30.63 -0.98 36.42 30.67 -1.66 34.55 31.06 -0.25 36.2 29.78
5 24 -7.8 -6.89 5.11 -8.51 -5.79 5.68 -10.28 -4.75 4.3 -7.85 -6.61 5.86
5 24 -0.15 -1.86 19.72 -0.01 -0.87 19.05 -1.48 -0.62 19.81 1.15 -2.02 18.58
5 24 -6.32 33.23 25.11 -5.47 31.85 24.54 -5.19 32.91 24.51 -6.66 31.99 25.55
5 24 1.14 -3.83 24.58 1.42 -2.26 24.91 1.38 -2.85 25.66 0.39 -2.93 23.3
5 24 -6.36 24.39 21.34 -7.02 22.86 21.2 -7.21 24.1 21.52 -6.24 22.57 20.8
5 24 4.16 1.07 16.87 3.23 0.9 17.57 4.19 2.12 17.35 3.18 0.17 17.21
5 24 0.48 -0.29 24.7 1.08 0.52 25.68 0.79 -1.14 25.37 0.83 0.65 24.7
5 24 -7.65 1.91 19.85 -7.24 3.19 20.3 -7.25 2.66 19.05 -8.2 3.37 20.9
5 24 -3.38 -6.93 28.17 -4.06 -7.77 28.38 -2.9 -7.62 27.67 -4.59 -6.78 28.67
5 24 -6.19 28.39 21.58 -5.38 28.92 20.42 -6.11 29.3 21.43 -5.56 27.97 20.55
5 24 -8.47 -5.92 6.54 -7.85 -6.61 5.86 -7.95 -6.67 6.59 -8.51 -5.79 5.68
5 24 11.1 -5.25 8.42 12.17 -5.6 8.89 11.6 -5.21 9.58 12.35 -5.7 7.9
5 24 0.31 -10.4 19.92 0.92 -10.48 19.16 0.85 -9.85 19.55 0.67 -10.95 18.83
5 24 0.93 -10.04 -0.41 1.4142 -9.5 0.5858 2.01 -10.16 0.54 0.7654 -9.5 0.1522
5 24 -14.58 -3.74 -1.26 -13.75 -4.37 -1.09 -14.11 -2.53 -0.19 -13.69 -4.77 -1.93
5 24 -7.04 -8.28 27.13 -7.86 -7.52 28.04 -6.44 -7.96 27.72 -7.94 -7.93 27.38
5 24 0.11 35.51 29.36 0.53 36.29 29.22 0.58 35.25 28.33 -0.25 36.2 29.78
5 24 0.94 -4.65 22.53 1.56 -5.03 21.32 0.61 -4.15 22.25 1.125 -6.345 22.325
5 24 -10.19 -4.14 26.21 -11.08 -4.3 25.68 -10.18 -3.25 25.64 -10.17 -5.1 26.28
5 24 0.28 13.16 17.54 -0.39 13.46 18.92 -0.18 14.92 17.66 -0.57 12.67 19.51
5 24 -0.34 15.83 17.18 0.69 14.5 16.69 -0.18 14.92 17.66 0.94 15.37 15.99
5 24 3.15 -4.67 -15.62 2.13 -5.48 -15.85 1.68 -4.17 -16.02 3.36 -5.41 -15.13
5 24 13.72 11.53 4.27 14.01 11.52 5.47 13.35 12.51 4.95 14.05 10.74 5.23
5 24 -0.25 -10.92 19.68 -0.31 -11.29 20.56 -2.18 -11.88 19.42 0.15 -10.12 20.54
5 24 -5.62 21.15 18.96 -6.6 20.77 19.69 -6.15 21.4 20.31 -5.77 20.51 18.74
5 24 1.35 -9.16 8.91 1.33 -9.03 9.23 0.92 -8.73 9.16 1.88 -9.41 8.82
5 24 8.03 -4.59 14.78 9.6 -3.98 14.39 8.99 -3.61 14.96 8.64 -4.43 14.47
5 24 -3.19 45.53 31.36 -3.9 45.87 30.8 -3.62 46.09 30.82 -3.7 44.93 31.26
5 24 -1.26 44.59 32.51 -1.1 44.03 32.19 -1.79 44.13 32.9 -0.9 45.01 31.8
5 24 4.23 -7.46 -12.95 3.47 -7.71 -11.56 3.93 -7.57 -13.41 4.64 -7.58 -11.86
5 24 -7.22 25.39 25.87 -7.08 25.99 26.08 -7.16 25.81 25.02 -6.87 25.09 26.69
5 24 -1.1 44.03 32.19 -0.9 45.01 31.8 0.13 45.55 30.42 -1.26 44.59 32.51
5 24 0.11 35.51 29.36 0.15 34.37 29.32 -0.39 34.61 30.63 0.58 35.25 28.33
5 24 4.81 -9.58 8.91 4.22 -10.18 7.98 4.76 -9.46 7.53 2.88 -9.52 9.16
5 24 2.62 -9.88 -2.62 3.49 -9.72 -0.39 3.61 -9.52 -1.87 2.01 -10.16 0.54
5 24 -13.01 2.16 .91 -12.62 1.89 -2.74 -10 -2 0 -12.88 8.77 -2.78
5 24 8.37 8.98 14.99 7.5 8.89 15.48 7.99 7.97 14.94 8.07 9.9 14.86
5 24 -1.8478 -9.5 2.7654 -3.44 -9.78 4.1 -3.47 -9.71 2.11 -1.4142 -9.5 3.4142
5 24 10.18 -4.78 -9.94 12.01 -5.29 -9.27 10.84 -6.38 -9.58 10.61 -4.35 -9.5
5 24 -4.52 -9.28 2.49 -3.44 -9.78 4.1 -5.97 -8.57 2.82 -3.47 -9.71 2.11
5 24 7.48 -7.18 7.04 4.6 -8.56 9.97 4.57 -8.74 9.69 7.45 -6.85 8.26
5 24 -15.21 6.61 -3.47 -14.27 7.22 -4.72 -15.41 5.24 -4.19 -14.65 7.78 -3.3
5 24 -15.09 2.69 -4.1 -14.98 1.47 -4.73 -14.65 2.4 -4.88 -15.6 1.15 -3.71
5 24 -14.73 6.66 9.2 -14.66 6.72 7.78 -14.64 7.44 9.06 -14.44 6.09 8.87
5 24 -14.16 2.86 7.5 -14.32 3.2 8.26 -13.81 2.35 8.42 -14.61 3.53 7.48
5 24 -7.25 2.66 19.05 -7.65 1.91 19.85 -7.27 2.14 18.97 -7.24 3.19 20.3
5 24 -6.9 24.81 22.67 -5.57 25.65 22.5 -7.06 24.6 21.79 -6.03 25.46 23.56
5 24 -13.02 14.02 7.79 -12.4 14.44 6.46 -12.98 14.04 6.71 -11.47 15.4 8.12
5 24 4.48 -9.3 3.75 4.91 -9.17 5.29 3.68 -9.98 3.64 5.36 -9.03 5.19
5 24 -7.64 23.32 25.78 -7.31 22.62 26.57 -6.68 23.88 26.28 -7.72 23.25 25.29
5 24 -4.95 -9.49 11.74 -4.16 -9.96 12.44 -5.14 -9.67 12.52 -3.99 -9.75 11.67
5 24 -1.13 16.93 29.81 -1.48 18.95 29.57 -0.38 17.27 29.09 -2.31 16.59 30.27
5 24 -3.37 26.15 29.25 -2.14 26.41 30.07 -2.52 27.66 29.93 -2.12 26 29.84
5 24 -8.55 -0.79 -11.86 -7.38 -1.86 -12.66 -7.69 -2.72 -12.21 -6.8 -1.26 -13.11
5 24 4.58 -6.26 14.47 4.89 -6.84 13.63 6.76 -6.29 12 3.76 -7.04 14.55
5 24 -6.89 17.5 26.81 -6.96 16.88 25.08 -7.71 18.7 25.14 -6.58 15.94 26.35
5 24 -4.09 -10.29 13.81 -2.85 -10.49 13.87 -3.86 -10.66 14.23 -2.68 -10.46 13.32
5 24 13.48 -7.18 -2.97 14.08 -6.73 -2.1 14.35 -6.02 -3.28 12.7 -7.26 -0.96
5 24 1.65 -1.06 18.51 1.29 -0.39 18.67 1.15 -2.02 18.58 2.37 -0.06 18.07
5 24 11.36 14.84 7.33 12.44 13.85 6.81 11.18 15.03 7.12 11.66 14.38 7.7
5 24 7.72 -3.83 15.33 6.8 -3.53 15.7 5.56 -4.05 15.73 8.99 -3.61 14.96
5 24 -3.68 -0.28 -15.64 -4.11 -1.23 -15.38 -4.56 -0.64 -15.42 -3.29 -1.11 -15.71
5 24 -7.86 18.01 20.81 -7.43 17.67 19.88 -7.8 16.91 20 -7.27 18.33 20.15
5 24 -15.09 4.02 9.45 -14.56 3.98 8.2 -15.02 3.06 9.28 -14.57 4.41 8.71
5 24 -12.16 12.87 4.23 -13.61 12.18 4.59 -12.56 11.42 3.47 -12.72 13.51 5.39
5 24 -2.56 29.39 19.85 -1.32 28.44 19.93 -2.79 28.57 19.49 -1.32 29.19 20.29
5 24 -0.02 4.53 18.73 -1.99 4.39 19.83 -0.16 3.55 19.11 -2 5.77 19.89
5 24 -3.66 5.03 31.39 -2.71 4.73 30.4 -3.09 3.85 31.22 -3.02 5.51 30.64
5 24 5.68 4.75 16.65 4.64 5.83 16.56 5.33 5.91 16.36 3.65 4.61 17.32
5 24 1.57 -9.67 10.07 1.02 -9.28 11.2 1.88 -9.58 11.02 1.33 -9.03 9.23
5 24 -7.06 -9.94 -1.38 -5.8 -9.86 -1.21 -6.16 -9.82 -1.84 -6.59 -9.82 -0.54
5 24 -5.25 17.31 14.15 -6.3 17.21 13.01 -4.88 18.02 13.14 -6.16 16.55 13.83
5 24 -9.51 -7.76 16.6 -9.02 -8.37 17.79 -9.29 -7.8 18.07 -8.74 -8.44 16.74
5 24 -5.56 14.96 28.29 -5.07 14.18 29.54 -5.1 15.33 29.18 -6.07 13.12 28.96
5 24 -9.9 -5.1 12.1 -10.43 -3.28 13.07 -9.9 -3.55 13.43 -10.27 -4.86 11.76
5 24 -7.4 23.98 23.7 -7.57 23.99 22.92 -7.25 24.38 23.22 -7.73 23.5 23.52
5 24 -2.22 18.97 14.08 -1.77 18.85 13.48 -2.86 18.7 13.12 2.32 18.62 13.18
5 24 0.27 40.89 28.55 -0.83 41.49 29.94 -0.65 42.03 29.46 0.12 40.25 29.5
5 24 -8.48 -0.24 29.98 -7.47 -1.38 29.84 -6.08 0.56 30.6 -8.75 -1.54 29.36
5 24 9.35 3.84 13.11 10.4 1.02 13.01 9.1 2.73 13.22 10.04 4.43 12.45
5 24 -8.66 3.66 16.53 -7.96 2.24 17.23 -8.37 1.36 16.48 -7.96 3.55 17.56
5 24 -8.32 4.7 16.71 -7.96 3.55 17.56 -8.66 3.66 16.53 -7.23 4.44 19.1
5 24 2.14 2.86 18.07 1.54 3.6 18.29 1.45 2.72 18.83 2.45 3.65 17.92
5 24 -0.15 28.82 29.23 0.3 27.8 28.25 -0.51 26.53 29.44 0.39 29.16 27.76
5 24 -3.56 44.54 32.58 -2.81 45.28 32.52 -2.88 44.86 32.97 -3.26 45.1 31.93
5 24 7.77 3.18 14.93 6.54 1.53 15.28 8.41 2.08 13.8 7.22 3.41 15.42
5 24 -4.54 43.81 28.36 -4.77 42.92 27.69 -3.73 43.06 27.03 -5.35 43.4 29.66
5 24 14.16 2.06 8.08 12.61 1.8 10.21 12.5 3.21 9.94 13.15 -1.5 8.77
5 24 7.75 -7.32 -12.11 6.83 -7.46 -12.8 6.96 -7.97 -12.41 7.52 -6.24 -12.55
5 24 -13.59 1.3 -6.94 -12.92 1.36 -7.82 -13.29 0.74 -7.44 -12.9 2.05 -7.56
5 24 -6.32 33.23 25.11 -5.19 32.91 24.51 -5.47 31.85 24.54 -5.88 34 25.42
5 24 -6.84 9.48 19.96 -6.51 10.53 18.89 -7.06 10.46 19.67 -6.77 9.17 18.12
5 24 0.12 5.85 24.14 0.49 4.9 25.98 0.82 4.53 25.18 0.53 6.02 26.16
5 24 -0.35 31.74 30.03 -1.5 32.72 30.38 -0.53 33.12 29.95 -1.15 31.3 30.34
5 24 -4.94 -12.09 19.12 -5.32 -11.22 20.08 -6.29 -11.53 19.54 -4.14 -11.28 20.09
5 24 -6.59 -9.45 13.61 -6.64 -8.93 13.04 -5.78 -9.19 12.88 -7.66 -8.56 13.45
5 24 0.53 -7.94 24.4 -0.19 -8.34 25.14 -0.42 -9.05 24.38 -0.21 -7.27 25.73
5 24 -7.66 22.52 25.48 -6.86 21.21 26.52 -6.65 21.55 24.76 -7.02 21.73 26.87
5 24 -6.7 20.17 19.39 -6.75 18.73 19.42 -5.85 18.99 18.86 -7.34 19.07 20.31
5 24 3.6 -8.53 12.4 4.13 -8.75 12.14 3.26 -8.67 12.02 4.12 -8.2 12.57
5 24 -5.33 -5.71 -11.14 -2.73 -5.26 -12.46 -2.82 -6.9 -11.13 -5.38 -5.09 -11.63
5 24 2.69 -9.99 6 3.03 -10.17 5.25 2.37 -10.04 5.27 3.86 -9.94 5.74
5 24 0.01 8.78 22.64 -1.06 8.99 22.41 0.15 9.64 23.03 -1.36 8.05 22.22
5 24 14.62 -5.3 -4.36 14.65 -4.58 -3.39 14.48 -5.35 -3.89 14.74 -4.07 -4.03
5 24 10.01 -5.47 11.73 9.6 -5.73 12.73 10.43 -4.97 12.37 8.97 -5.68 11.75
5 24 1.04 -3.85 25.47 1.14 -3.83 24.58 1.38 -2.85 25.66 0.3 -4.94 24.95
5 24 -0.85 3.66 28.83 -0.87 2.79 29.42 -1.67 4.22 29.41 -0.13 3.42 27.88
5 24 0.87 12.72 26.32 1.48 12.59 24.69 1.65 10.79 25.42 1.52 13.46 25.12
5 24 -5.81 -7.69 9.5 -5.93 -8.34 10.1 -6.95 -7.95 10.21 -4.88 -8.03 9.49
5 24 -8.42 14.04 24.04 -9.23 12.87 25.15 -8.88 13.8 23.27 -8.19 13.25 25.62
5 24 0.98 -10.83 4.85 1.43 -10.86 4.32 1.96 -10.35 4.57 0.48 -10.68 4.4
5 24 -3.1 -10.03 0.39 -4.32 -10.42 1.06 -3.41 -9.85 1.65 -4.26 -10.78 -0.06
5 24 13.18 9.67 8.11 13.36 9.04 8.2 14.5 9.45 6.73 12.63 9.33 9.09
5 24 -10.53 7.54 25.47 -10.82 6.98 24.22 -10.99 7.02 25.52 -10.92 7.79 24.38
5 24 -4.2 22.24 18.87 -3.17 23.17 18.65 -4.2 23.02 19.24 -4.34 21.43 18.47
5 24 -0.9 45.01 31.8 -0.23 45.98 30.53 0.13 45.55 30.42 -1.03 46.04 30.87
5 24 -7.51 -9.09 14.23 -8.44 -8.38 14.25 -8.17 -8.48 14.82 -7.66 -8.56 13.45
5 24 -0.68 6.16 29.48 0.22 5.1 28.16 -0.02 4.47 28.6 -0.4 6.8 28.9
5 24 8.66 3.83 14.09 7.66 4.06 15.01 7.77 3.18 14.93 8.45 4.98 14.3
5 24 13.5 -4.76 8.55 13.05 -5.18 9.05 13.64 -3.79 9.32 13.28 -5.22 8.48
5 24 2.01 39.08 27.51 1.16 39.05 26.7 0.87 39.54 27.03 1.84 38.52 27.08
5 24 -3.55 36.45 22.59 -3.45 35.48 24.52 -3.71 35.77 22.51 -3.16 36.96 24.73
5 24 -6.22 14.98 18.48 -7.45 14.53 18.81 -5.96 13.96 17.83 -6.86 15.42 18.93
5 24 -7.8 15.6 19.79 -7.19 16.47 18.69 -6.86 15.42 18.93 -7.98 16.14 19.95
5 24 -4.51 -1.9 -15 -4.11 -1.23 -15.38 -3.29 -1.11 -15.71 -4.84 -1.36 -14.8
5 24 -11.14 8.77 24.27 -10.73 9.3 24.05 -10.97 9.46 25.47 -10.58 8.02 23.27
5 24 -10.58 8.02 23.27 -10.92 7.79 24.38 -11.14 8.77 24.27 -10.59 7.31 23.68
5 24 5.04 -4.73 15.9 4.63 -3.78 16.48 3.35 -5.02 16.97 5.56 -4.05 15.73
5 24 -7.79 23.5 22.59 -7.28 21.56 21.31 -7.83 22.29 22.46 -7.02 22.86 21.2
5 24 13.05 -5.18 9.05 13.28 -5.22 8.48 12.17 -5.6 8.89 13.5 -4.76 8.55
5 24 -0.48 -9.24 -3.77 0.3 -9.75 -3.55 -0.55 -9.82 -1.93 0.23 -9.29 -4.77
5 24 7.2 -5.84 14.04 5.71 -6.02 14.13 6.6 -5.96 13.59 5.87 -5.4 14.96
5 24 -8.57 20.36 23.23 -8.33 20.2 21.72 -8.57 19.71 21.54 -8.24 20.83 23.1
5 24 0.43 17.28 20.36 -0.93 18.35 18.42 -0.05 18.31 20.08 -1.41 17.15 17.01
5 24 7.9 5.75 15.46 7.52 5.23 15.56 8.3 5.65 15.16 6.61 6.2 15.86
5 24 -3.01 35.76 21.69 -2.95 34.62 21.54 -3.7 34.74 22.56 -2.02 35.81 21.54
5 24 15 5.9 -4.74 15.64 5.09 -4.01 15.43 5.99 -3.75 15.16 4.71 -4.92
5 24 -1.22 -9.54 24.83 -2.19 -9.15 25.67 -1.64 -10.43 24.81 -1.29 -8.7 25.39
5 24 -0.68 -10.81 -0.42 0.27 -10.26 -0.35 -0.59 -10.78 -1.15 -1.37 -10.57 0.09
5 24 9.56 11.33 13.21 9.35 12.28 12.3 8.93 12.12 12.69 10.12 11.53 12.73
5 24 -1.86 0.11 -15.65 0.75 0.39 -14.9 -0.54 -1.54 -16.12 -0.12 2.21 -13.87
5 24 -11.24 -4.08 19.4 -10.41 -4.71 18.71 -10.6 -5.41 18.85 -9.96 -4.37 18.62
5 24 -0.15 28.82 29.23 -0.57 29.19 29.51 -1.16 28.17 30.07 -0.3 29.89 28.87
5 24 -6.98 23.92 24.52 -7.72 23.25 25.29 -7.19 23.39 24.31 -6.99 24.04 24.96
5 24 5.99 6.85 16.56 5.87 7.63 16.44 6.25 7.55 16.31 5.42 7.03 16.8
5 24 -2.02 35.81 21.54 -2.08 36.9 22.65 -2.97 36.57 22.2 -1.1 36.25 22.58
5 24 12.38 -4.17 10.81 12.98 -4.28 10.01 13.43 -3.98 10.28 12.41 -4.5 10.15
5 24 -7.91 15.05 21.29 -7.98 16.14 19.95 -8.15 15.73 21.73 -7.8 15.6 19.79
5 24 -4.14 44.67 29.67 -4.82 43.97 29.6 -3.7 44.93 31.26 -3.77 44.6 28.74
5 24 -9.35 -7.31 26.31 -8.82 -7.45 27.29 -9.65 -6.51 26.98 -8.67 -7.98 26.68
5 24 -5.32 35.8 26.79 -5.25 36.81 26.3 -3.96 35.3 25.29 -5.43 36.32 27.43
5 24 -2.62 45.51 31.98 -3.19 45.53 31.36 -2.15 45.97 31.49 -3.17 45.21 31.74
5 24 -8.81 -0.8 20.11 -7.7 -0.43 19.74 -8.8 0.53 19.92 -8.12 -1.11 19.82
5 24 12.28 -7.56 -2.91 13.48 -7.18 -2.97 12.7 -7.26 -0.96 12.7 -6.98 -3.93
5 24 -0.09 -9.97 13.48 1.81 -9.13 13.02 0.6 -9.53 12.01 1.11 -9.27 14.71
5 24 -7.26 9.96 28.79 -7.35 9.21 29.41 -6.47 9.68 29.48 -8.09 9.59 28.84
5 24 12.63 9.33 9.09 13.18 9.67 8.11 12.91 10.28 8.27 13.36 9.04 8.2
5 24 14.73 8.61 2.82 15.49 6.59 3.47 14.93 7.67 4.23 15.45 6.41 2.24
5 24 -9.47 -8.77 22.6 -10.15 -8.46 22.95 -10.49 -8.62 21.83 -9.52 -8.08 24
5 24 -7.16 -5.88 28.65 -9.26 -5.72 28.25 -7.6 -5.15 28.75 -7.86 -7.52 28.04
5 24 1.65 10.1 24.86 1.48 10.59 23.5 1.82 11.57 24.22 1.02 9.63 23.86
5 24 -1.85 5.42 22.86 -0.27 6.41 23.4 -0.46 4.8 23.38 -1.91 6.49 22.63
5 24 3.47 -7.71 -11.56 3.93 -7.57 -13.41 4.23 -7.46 -12.95 2.75 -7.78 -12.94
5 24 -1.48 -0.62 19.81 -0.15 -1.86 19.72 -1.24 -1.87 20.5 -0.01 -0.87 19.05
5 24 7.75 -4.64 -12.75 7.06 -5.32 -13.83 7.16 -4.05 -13.22 7.72 -5.48 -12.64
5 24 -7.58 -9.08 -2.81 -8.39 -9.23 -1.68 -8.73 -8.58 -2.37 -7.41 -9.62 -2.25
5 24 -2.43 5.94 30.25 -3.02 5.51 30.64 -3.42 6.06 30.6 -2.71 4.73 30.4
5 24 -12.69 11.98 11.53 -12.58 10.33 11.75 -12.16 12.04 12.06 -13.17 10.93 10.82
5 24 -0.55 -8.64 9.67 0.48 -8.83 8.76 -0.91 -8.95 8.68 0.25 -8.5 10.18
5 24 -3.67 -0.13 30.73 -2.83 -1.99 29.5 -4.2 -2.1 30.71 -2.5 -1.14 29.13
5 24 10.51 -5.73 7.91 9.21 -6.17 8.03 10.32 -6.8 5.44 9.68 -5.46 8.86
5 24 9.28 -5.61 10.86 7.64 -6.44 10.48 9.6 -5.39 9.61 7.93 -5.85 11.86
5 24 3.55 -9.76 2.62 3.02 -10.27 1.78 3.06 -10.17 2.91 3.49 -10.16 1.19
5 24 -12.07 -1.12 21.75 -12.32 -2.22 20.58 -12.53 -1.83 21.29 -10.88 -0.76 20.86
5 24 -1.06 17.25 16.3 -2.26 17.38 16.45 -2.22 18.97 14.08 -1.41 17.15 17.01
5 24 -9.63 13.61 13.56 -10.98 14.14 11.94 -10.21 15.32 12.26 -11.35 12.59 12.21
5 24 -14.67 9.09 4.87 -14.71 10.32 5.34 -15.06 9.22 5.81 -14.46 9.75 4.35
5 24 13.58 -3.24 -7.14 13.03 -4.77 -6.46 12.5 -4.17 -7.55 14.54 -3.96 -5.04
5 24 12.44 13.85 6.81 11.18 15.03 7.12 11.36 14.84 7.33 12.02 14.53 5.4
5 24 -3.82 -10.11 -3.49 -4.04 -9.22 -4.29 -2.99 -9.56 -3.91 -5.75 -9.19 -3.78
5 24 4.26 9.21 15.94 5.67 9.35 15.51 5.35 10.29 15.25 5.26 8.84 15.72
5 24 -0.42 -9.05 24.38 0.53 -7.94 24.4 0.11 -8.99 23.19 -0.19 -8.34 25.14
5 24 -8.19 18.72 21.02 -8.57 19.71 21.54 -8.74 18.88 21.58 -7.62 19.9 21.06
5 24 -5.19 32.91 24.51 -4.83 34.74 25.61 -5.88 34 25.42 -4.2 33.87 23.98
5 24 -15.35 6.81 3.72 -14.94 6.42 5.25 -15.22 4.9 4.16 -14.68 7.78 5.09
5 24 0.69 -1.64 26 1.22 -2 25.42 0.79 -1.14 25.37 1.38 -2.85 25.66
5 24 -13.67 1.56 10.24 -13.55 0.74 9.94 -13.28 1.13 9.26 -13.64 0.88 10.53
5 24 -13.61 2.49 11.89 -12.9 1.77 12.9 -12.51 3.78 12.75 -13.66 1.96 11.74
5 24 -3.56 40.16 26.03 -4.87 40.4 27.72 -5.01 40.98 27.55 -4.55 40.02 27.87
5 24 -8.58 -10.74 21.81 -8.83 -9.62 21.17 -8.41 -9.92 20.62 -8.67 -9.13 23.42
5 24 11.15 -8.11 -6 10.1 -7.63 -7.33 10.37 -8.35 -6 11.53 -7.12 -6.76
5 24 3.6 27.64 25.22 3.07 25.98 25.85 3.08 27.7 24.18 3.23 26.89 26.72
5 24 -10.17 10.02 22.02 -10.01 9.21 21.24 -10.21 9.43 22.55 -9.7 10.14 21.26
5 24 -5.07 14.18 29.54 -5.1 15.33 29.18 -3.48 14.85 30.22 -5.56 14.96 28.29
5 24 -0.22 21.45 22.29 0.03 21.08 20.32 -0.21 22.79 20.91 -0.22 20.55 20.96
5 24 6.88 -1.24 -13.23 8.26 -0.39 -12.73 8.82 -2.59 -12.79 7.37 0.76 -12.49
5 24 -4.83 29.75 20.8 -3.83 30.76 19.85 -5.46 30.84 20.78 -2.56 29.39 19.85
5 24 -9.4 -4.79 16.9 -8.72 -3.83 18.11 -9.43 -4.28 16.53 -9.11 -4.14 18.35
5 24 -2.13 30.87 30.41 -1.15 31.3 30.34 -1.95 30.03 30.27 -2.41 32.45 30.25
5 24 1.98 -9.81 2.88 1.8478 -9.5 2.7654 2.16 -9.89 1.94 1.87 -9.92 3.26
5 24 -11.21 1.43 22.27 -10.55 2.05 21.71 -11.04 2.29 22.88 -11.55 0.9 21.7
5 24 -9.67 -5.49 11.66 -9.74 -5.52 12.46 -9.9 -5.1 12.1 -9.34 -6.09 11.81
5 24 1.22 18.88 28.27 0.79 19.79 28.4 1.79 19.33 27.24 0.57 17.46 28.77
5 24 14.78 -1.75 -6.09 13.58 -3.24 -7.14 14.54 -3.96 -5.04 13.05 0.51 -8.37
5 24 14.87 -3.32 6.62 13.98 -4.09 7.24 14.7 -3.43 4.95 14.57 -3.56 7.54
5 24 11.6 -5.21 9.58 10.4 -5.2 9.55 10.88 -5 8.91 11.14 -5.82 10.39
5 24 9.21 -8.24 -9.49 8.65 -8.59 -8.92 7.03 -8.4 -9.95 9.28 -8.4 -8.28
5 24 14.26 -2.31 8.42 14.43 -2.9 8.44 15.07 -2.32 5.93 13.8 -3.09 8.94
5 24 -3.28 18.33 17.79 -2.44 17.42 17.02 -0.93 18.35 18.42 -6 18.37 18.55
5 24 -12.97 -3.02 21.05 -12.2 -4.1 21.29 -12.57 -4.05 21.91 -12.25 -3.67 20.73
5 24 4.69 -6.76 -13.59 5 -6.05 -14.43 5.73 -6.62 -13.83 4.33 -6.43 -14.01
5 24 -1.16 4.01 23.23 -0.1 3.09 23.98 -1.59 3.09 22.54 -0.46 4.8 23.38
5 24 -1.36 8.05 22.22 -2.25 8.09 21.03 -1.52 7.27 22.28 -1.68 9.18 21.22
5 24 -13.74 5.4 -5.98 -15.41 5.24 -4.19 -14.45 4.57 -5.58 -14.27 7.22 -4.72
5 24 -7.75 21.28 23.08 -7.25 21.64 23.57 -7.59 21.69 22.83 -8.29 20.62 23.58
5 24 -4.38 41.12 31.01 -5.17 41 30.14 -4.62 40.57 30.18 -4.56 41.57 31.04
5 24 12.27 9.53 10.73 12.75 9.39 10.08 12.47 9.1 10.57 12.16 10.45 9.95
5 24 -8.26 17.46 21.86 -7.84 16.92 21.33 -8.19 16.62 22.05 -8.07 17.47 21.38
5 24 -1.59 3.09 22.54 -0.22 1.88 23.66 -1.37 1.98 22.37 -0.1 3.09 23.98
5 24 4.42 -9.72 5.56 4.44 -9 6.53 4.91 -9.17 5.29 4.11 -9.53 6.65
5 24 10.24 -7.58 -3.26 8.72 -8.34 -2.7 9.41 -8.14 -4.94 10.91 -7.12 -1.73
5 24 -13.11 0.29 9.26 -14.23 2.41 6.54 -13.69 0.22 6.83 -13.54 1.59 8.27
5 24 7.72 -5.48 -12.64 9.08 -5.65 -12.25 7.75 -4.64 -12.75 8.54 -6.41 -12.44
5 24 -6.6 25.95 27 -7.08 25.99 26.08 -6.87 25.09 26.69 -5.71 27.07 26.95
5 24 -4.01 45.84 30.4 -3.62 46.09 30.82 -3.46 46.14 29.52 -3.9 45.87 30.8
5 24 -10.11 6.49 15.53 -8.14 7.73 16.56 -8.57 6.76 16.55 -9.28 8.54 15.21
5 24 1.48 37.76 29.56 1.27 37.03 29.68 0.5 37.76 29.84 2.19 37.74 28.96
5 24 -11.85 -2.77 25.47 -11.36 -2.24 26.02 -11.9 -0.74 26.16 -10.99 -3.27 25.36
5 24 -10.39 0.86 27.89 -10.29 1.38 26.87 -10.46 1.83 28.31 -10.25 0.15 26.94
5 24 -4.88 18.02 13.14 -5.25 17.31 14.15 -6.3 17.21 13.01 -3.95 18.54 13.31
5 24 13.36 9.04 8.2 13.64 7.71 8.46 14.09 8.79 7.31 12.59 8.6 9.85
5 24 5.87 -5.4 14.96 7.2 -5.84 14.04 5.71 -6.02 14.13 7.27 -5.47 14.73
5 24 -12.39 1.44 24.05 -12.45 0.58 24.37 -12.2 0.25 23.54 -12.6 1.41 24.65
5 24 -0.81 27.05 30.01 -2.52 27.66 29.93 -1.16 28.17 30.07 -2.14 26.41 30.07
5 24 -0.01 -0.87 19.05 1.29 -0.39 18.67 1.15 -2.02 18.58 -0.2 0.05 18.98
5 24 -13.54 1.59 8.27 -13.81 2.35 8.42 -14.16 2.86 7.5 -13.95 1.9 9.22
5 24 9.11 -5.86 12.86 9.6 -5.73 12.73 9.93 -5.16 13.18 8.97 -5.68 11.75
5 24 -11.99 -5.04 20.62 -12.2 -4.1 21.29 -11.78 -4.07 20.26 -11.98 -4.37 22.05
5 24 2.46 30.76 25.85 2.84 31.11 26.13 2.35 30.18 26.7 1.62 32.2 24.37
5 24 -5.2 21.78 19.56 -4.93 22.66 20.13 -4.2 22.24 18.87 -6.15 21.4 20.31
5 24 11.41 -6.95 0.12 9.95 -7.84 0.08 11.45 -7 -0.63 10.35 -7.44 1.19
5 24 -.54 .92 -11.92 -3.827 -2 -9.239 0 -2 -10 -4.65 .87 -10.51
5 24 -0.54 0.92 -11.92 0.75 2.72 -12.65 0 2.47 -12.62 3.59 1.26 -11.21
5 24 -8.64 16.97 9.84 -6.8 2.03 11.34 -7.95 17.32 10.44 -9.31 16.67 9.21
5 24 .17 2.02 12.95 -3.05 2.05 12.73 -1.77 18.85 13.48 0 -2 10
5 24 5.26 8.84 15.72 5.87 7.63 16.44 6.82 8.12 15.66 4.64 7.49 16.7
5 24 -0.03 15.64 18.53 -0.18 14.92 17.66 -0.34 15.83 17.18 -0.36 14.64 19.67
5 24 13.52 9.41 2.14 12.78 10.21 2.66 13.08 10.41 3.12 12.86 9.65 2.07
5 24 -10.44 -8.05 -1.9 -9.08 -8.26 -1.29 -9.89 -7.57 -0.67 -9.46 -8.46 -2.19
5 24 -9.58 11.09 25.36 -9.23 12.87 25.15 -9.86 12.33 24.58 -8.34 12.64 25.74
5 24 -3.45 35.48 24.52 -3.77 34.56 24.46 -3.58 35.08 23.65 -3.96 35.3 25.29
5 24 -0.93 18.35 18.42 -2.97 19.21 18.23 -1.33 19.3 18.67 -3.28 18.33 17.79
5 24 1.04 19.96 22.98 -0.08 19.46 22.31 0.43 18.6 22.55 -0.29 20.52 22.24
5 24 2.35 30.18 26.7 2.45 30.34 26.97 2.84 31.11 26.13 1.09 30.49 28.26
5 24 -10.12 -1.95 28.52 -9.63 -0.86 28.93 -8.92 -2.25 29.42 -10.36 -1.28 27.85
5 24 7.37 0.76 -12.49 8.26 -0.39 -12.73 8.32 0.85 -11.71 6.88 -1.24 -13.23
5 24 -9.29 -5.79 10.07 -8.64 -6.64 9.88 -8.68 -5.75 9.35 -9.19 -6.37 10.48
5 24 -5.53 -8.62 5.26 -4.5 -8.37 6.4 -5.8 -7.96 5.96 -3.37 -9.08 6.01
5 24 -0.28 12.43 17.86 0.51 12.15 17.27 0.28 13.16 17.54 0.15 11.6 17.64
5 24 11 -5.61 11.52 11.73 -4.22 12.01 11.98 -4.82 11.11 10.94 -4.6 12.56
5 24 0.21 -1.15 27.02 1.01 -0.68 26.61 0.38 -0.12 27.01 0.69 -1.64 26
5 24 -10.55 7.94 25.37 -11.14 8.77 24.27 -10.97 9.46 25.47 -10.92 7.79 24.38
5 24 -7.28 -9.97 25.38 -7.92 -9.82 24.24 -8.53 -9.47 25.64 -6.43 -10.16 24.49
5 24 -14.34 3.4 -5.91 -14.65 2.4 -4.88 -14.93 3.6 -5.04 -14.57 1.78 -5.45
5 24 -9.89 -7.57 -0.67 -10.44 -8.05 -1.9 -10.9 -7.27 -0.76 -9.08 -8.26 -1.29
5 24 14.87 -3.32 6.62 14.43 -2.9 8.44 14.57 -3.56 7.54 15.07 -2.32 5.93
5 24 8.93 12.12 12.69 9.56 11.33 13.21 8.16 11.01 13.51 9.35 12.28 12.3
5 24 -6.31 0.25 -14.24 -5.7 -0.31 -15 -6.36 -0.73 -13.87 -5.55 0.97 -14.62
5 24 -7.96 -9.4 -0.85 -7.62 -8.59 0.36 -9.08 -8.26 -1.29 -7.08 -9.04 0.38
5 24 8.96 0.8 13.65 9.24 -2.57 13.5 9.9 -2.56 13.35 8.53 0.73 13.88
5 24 5 -6.05 -14.43 6.99 -5.78 -13.71 4.97 -5.64 -14.63 5.73 -6.62 -13.83
5 24 -1.23 39.69 31.41 -2.89 40.7 31.18 -3.75 40.3 30.68 -1.77 41.11 31.39
5 24 -10.57 -5.19 9.95 -11.56 -3.57 10.17 -10.81 -4.21 9.48 -11.53 -3.78 10.93
5 24 3.69 -7.81 14.11 3.76 -7.04 14.55 3.2 -7.05 15.04 4.23 -7.64 13.44
5 24 -0.51 -9.95 5.28 -1.24 -9.82 5.09 0 -9.5 4 -0.91 -9.68 6.02
5 24 -11.49 -7.06 22.21 -11.49 -6.87 21.4 -11.39 -7.56 21.47 -11.58 -6.13 21.81
5 24 -12.82 -0.49 9.13 -13.69 0.22 6.83 -13.11 0.29 9.26 -12.7 -0.98 7.93
5 24 13.98 -5.56 3.84 12.54 -5.69 3.74 13.4 -5.53 2.83 13.41 -5.83 4.31
5 24 -3.26 -8.98 27.17 -3.23 -9.31 26.22 -2.52 -8.55 25.99 -5.41 -10.45 26.45
5 24 -11.49 -7.06 22.21 -10.48 -6.92 24.13 -11.72 -6.5 22.45 -10.8 -8.12 22.98
5 24 -1.48 18.95 29.57 -2.31 16.59 30.27 -1.13 16.93 29.81 -2.83 18.49 29.73
5 24 1.59 37.81 26.71 1.1 38.55 26.26 1.84 38.52 27.08 1.08 37.84 25.45
5 24 13.12 7.91 -5.14 12.6 8.84 -3.61 13.16 8.79 -3.67 12.21 7.94 -5.05
5 24 -10.53 7.54 25.47 -10.75 7.06 26.38 -9.44 7.81 26.82 -10.99 7.02 25.52
5 24 -14.58 -3.74 -1.26 -14.99 -2.93 -1.43 -14.11 -2.53 -0.19 -14.86 -3.2 -2.21
5 24 -2.35 -11 15.11 -2 -11.19 16.4 -1.19 -10.87 15.62 -3.12 -11.06 16.44
5 24 9.67 5.89 13.75 10.22 6.77 12.86 9.45 6.73 13.99 10.4 6.26 12.59
5 24 2.35 22.83 25.09 2.24 22.12 27.65 2.36 21.23 25.88 2.4 23.53 26.62
5 24 12.03 -0.85 -9.58 10.51 -0.75 -10.4 11.25 0.19 -9.85 10.66 -2.13 -10.17
5 24 -5.84 3.89 31.63 -6.71 3.79 30.67 -6 4.86 30.85 -6.84 2.72 30.98
5 24 -3.02 17.47 15.8 -3.13 16.97 16.69 -3.5 16.98 15.86 -2.26 17.38 16.45
5 24 0.9 -10.04 6.09 1.07 -10.06 6.33 1.47 -10.3 5.69 0.52 -9.46 6.71
5 24 2.16 -9.89 1.94 2.01 -10.16 0.54 3.02 -10.27 1.78 1.8478 -9.5 1.2346
5 24 0.87 -8.28 20.85 0.91 -7.74 21.2 1.06 -7.33 20.37 0.59 -8.8 21.32
5 24 2.46 30.76 25.85 2.6 29.54 26.45 2.39 30.8 24.63 2.35 30.18 26.7
5 24 -9.5 16.8 10.71 -10.81 16.34 10.32 -10.6 16.47 9.77 -9.78 16.6 11.12
5 24 -9.47 -8.77 22.6 -10.49 -8.62 21.83 -10.15 -8.46 22.95 -9.64 -8.84 21.52
5 24 12.35 -5.7 7.9 13.34 -4.91 7.31 13.28 -5.22 8.48 12.53 -5.16 6.27
5 24 -6.2 -10.95 17.1 -5.82 -11.18 16.55 -5.47 -11.46 17.16 -6.49 -10.79 16.21
5 24 -12.32 -2.22 20.58 -12.53 -1.83 21.29 -12.97 -3.02 21.05 -12.07 -1.12 21.75
5 24 -14.89 7.34 6.71 -15.18 8.69 6.92 -14.83 8.15 7.88 -15.06 9.22 5.81
5 24 12.57 -6.99 -5.25 10.96 -8.52 -4.58 11.91 -7.44 -3.44 11.15 -8.11 -6
5 24 3.35 -9.87 3.21 3.06 -10.17 2.91 3.55 -9.76 2.62 2.66 -10.08 3.61
5 24 10.12 11.53 12.73 10.68 10.78 12.49 10.59 11.17 12.08 10.49 10.23 12.94
5 24 -8.19 18.72 21.02 -7.34 19.07 20.31 -7.86 18.01 20.81 -7.62 19.9 21.06
5 24 15.16 -6.01 -2.79 14.35 -6.02 -3.28 14.65 -4.58 -3.39 14.45 -6.57 -2.4
5 24 -6.36 -0.73 -13.87 -6.31 0.25 -14.24 -5.7 -0.31 -15 -7.42 0.4 -12.65
5 24 10.19 -6.04 -10.01 9.94 -4.57 -10.87 10.04 -6.07 -11.3 10.18 -4.78 -9.94
5 24 -10.76 15.02 11.36 -10.21 15.32 12.26 -10.12 15.7 11.77 -10.79 14.74 11.66
5 24 -7.8 16.91 20 -7.43 17.67 19.88 -7.86 18.01 20.81 -7.43 17.25 18.9
5 24 -10.27 -0.67 27.12 -10.36 -1.28 27.85 -10.52 -1.34 26.71 -10.08 -0.33 27.92
5 24 -10.74 10.14 25.16 -10.97 9.46 25.47 -10.52 9.67 26.04 -10.73 9.3 24.05
5 24 -8.3 14.38 20.26 -7.45 14.53 18.81 -8.6 13.9 19.94 -7.58 15.29 19.62
5 24 11.73 -4.22 12.01 11.73 -3.87 12.69 10.94 -4.6 12.56 12.07 -3.65 11.53
5 24 7.5 8.89 15.48 6.82 8.12 15.66 5.67 9.35 15.51 7.99 7.97 14.94
5 24 -1.53 -3.1 29.33 -0.17 -2.76 28.79 -0.87 -3.86 28.61 -1.2 -2.04 29.34
5 24 -10.4 4.43 21.55 -10.02 6.4 21.61 -10.7 4.94 22.75 -9.65 4.84 20.92
5 24 1.49 24.77 27.73 2.56 25.59 27.16 1.9 24.71 26.53 1.43 26.65 28.05
5 24 10.01 -5.66 10.7 11.03 -5.83 11.12 11.14 -5.82 10.39 10.01 -5.47 11.73
5 24 4.59 -3.23 -14.33 5.78 -3.81 -13.99 5.08 -4.08 -14.26 5.49 -1.27 -14.2
5 24 -10.49 -8.62 21.83 -10.07 -8.33 20.32 -11.14 -7.9 20.99 -9.64 -8.84 21.52
5 24 3.03 -5.96 16.75 3.44 -5.89 15.93 3.39 -5.48 16.47 3.03 -6.34 16.38
5 24 -15.92 4.76 -0.3 -15.6 4.39 0.77 -16.28 6.31 0.96 -15.59 3.95 -0.06
5 24 -14.76 0.29 3.28 -14.52 1.22 4.4 -13.92 -1.21 3.36 -14.92 3.11 4.28
5 24 0.48 -8.83 8.76 -0.91 -8.95 8.68 0.23 -8.99 8.15 -0.55 -8.64 9.67
5 24 -11.29 -3.43 9.58 -11.74 -3.03 7.61 -11.89 -2.32 8.84 -10.61 -3.94 8.66
5 24 -7.62 19.9 21.06 -7.34 19.07 20.31 -7.09 19.73 20.24 -8.19 18.72 21.02
5 24 13.69 8.37 0.74 15.03 7.69 0.03 13.46 8.46 -1.28 14.69 7.73 1.5
5 24 16.46 2.56 -1.21 16.26 4.16 -2.14 16.08 4.58 -1.19 16.33 2.07 -3
5 24 -6.06 -9.48 0.19 -6.59 -9.82 -0.54 -5.8 -9.86 -1.21 -7.08 -9.04 0.38
5 24 -4.04 -9.22 -4.29 -2.13 -9.31 -5.19 -2.27 -8.94 -5.95 -2.99 -9.56 -3.91
5 24 -7.79 -6.62 -7.56 -7.46 -7.4 -6.82 -8.85 -5.98 -6.49 -5.33 -7.72 -7.07
5 24 -14.44 6.09 8.87 -14.36 5.24 9 -14.4 5.82 9.68 -14.43 5.61 8.46
5 24 -12.45 14.84 9.65 -12.48 13.21 10.01 -12.78 13.36 8.99 -12.02 14.07 10.61
5 24 -6.13 6.08 31.17 -6.68 7.5 30.86 -7.49 6.26 29.66 -5.51 7.64 31.53
5 24 4.22 -10.18 7.98 2.88 -9.52 9.16 4.81 -9.58 8.91 3.09 -9.93 7.47
5 24 -11.2 2.74 26.74 -11.17 3.46 26.47 -10.08 3.54 26.93 -12.01 3.15 25.79
5 24 -13.76 7.96 11.86 -13.92 8.11 11.05 -13.93 9.05 10.51 -13.58 7.02 11.39
5 24 -12.43 -4.37 1.39 -11.69 -5.01 2.42 -12.85 -3.59 2.15 -11.22 -5.84 1.47
5 24 0.45 37.06 29.77 -0.33 36.93 30.05 -0.03 37.81 30.4 -0.25 36.2 29.78
5 24 4.69 -6.76 -13.59 3.93 -7.57 -13.41 4.33 -6.43 -14.01 4.23 -7.46 -12.95
5 24 16.38 3.3 4.15 16.09 1.48 4.48 16.19 1.52 3.57 15.31 1.93 5.86
5 24 8.54 -6.41 -12.44 7.72 -5.48 -12.64 9.08 -5.65 -12.25 7.52 -6.24 -12.55
5 24 -0.46 25.96 21.06 -0.49 24.92 19.74 -1.81 26.44 19.53 -0.45 24.63 22.2
5 24 1.76 -10.17 7.71 1.64 -10.49 7.06 0.65 -9.4 7.61 2.45 -10.33 6.8
5 24 6.36 -8.88 4.03 6.76 -8.76 2.48 6.67 -8.43 4.35 4.62 -9.71 0.17
5 24 1.43 26.65 28.05 2.49 26.64 27.58 2.48 27.44 27.69 2.56 25.59 27.16
5 24 2.17 37.01 28.5 1.57 36.62 29.11 2.19 37.74 28.96 1.81 36.47 28.07
5 24 -6.45 20.88 27.32 -5.39 20.01 27.46 -5.92 19.71 26.97 -5.4 20.74 27.74
5 24 14.83 -4.3 3.9 13.98 -5.56 3.84 14.56 -4.96 2.47 14.58 -4.8 5.29
5 24 -11.55 14.87 10.74 -10.79 14.74 11.66 -10.76 15.02 11.36 -12.02 14.07 10.61
5 24 -7.8 16.91 20 -7.43 17.25 18.9 -7.98 16.14 19.95 -7.43 17.67 19.88
5 24 -15.6 -1.36 -2.62 -15.75 -1.17 -1.66 -15.03 -2.15 -1.6 -15.83 -0.79 -2.47
5 24 0.21 -1.15 27.02 -0.36 -0.96 28 -0.12 -0.41 27.24 0.43 -2.13 28.01
5 24 -5.46 30.84 20.78 -4.83 29.75 20.8 -5.39 30.14 21.54 -3.83 30.76 19.85
5 24 -4.56 41.57 31.04 -4.38 41.12 31.01 -5.17 41 30.14 -2.55 43.82 32.89
5 24 -5.52 -6.36 29.39 -4.71 -6.06 29.56 -6.44 -5.36 29.58 -4.59 -6.78 28.67
5 24 1.59 37.81 26.71 1.08 37.84 25.45 2.08 37.01 26.1 1.1 38.55 26.26
5 24 15.49 6.59 3.47 15.64 5.41 5.12 16.23 4.96 3.76 14.83 6.51 5.53
5 24 3.15 32.31 27.68 3.56 31.56 26.74 2.74 30.59 27.65 3.79 33.53 26.8
5 24 -7.36 0.74 19.38 -7.7 -0.43 19.74 -8.8 0.53 19.92 -7.01 -0.73 19.26
5 24 -1.79 44.13 32.9 -1.1 44.03 32.19 -2.55 43.82 32.89 -1.26 44.59 32.51
5 24 -7.22 14.88 27.33 -7.05 14.12 28.1 -5.56 14.96 28.29 -8.1 13.74 27
5 24 -3.55 36.45 22.59 -3.71 35.77 22.51 -3.01 35.76 21.69 -3.45 35.48 24.52
5 24 12.35 -5.7 7.9 12.53 -5.16 6.27 13.34 -4.91 7.31 11.67 -5.3 6
5 24 -6.77 9.17 18.12 -7.63 7.5 18.1 -7.45 8.32 19.72 -7.34 9.18 16.79
5 24 -4.42 3.37 31.89 -4.19 2.18 31.7 -5.52 2.9 31.84 -3.26 2.62 31.12
5 24 -1.43 11.03 20.2 -0.95 11.88 19.92 -0.88 11.34 18.97 -1.03 11.99 21.17
5 24 1.96 -10.35 4.57 1.93 -10.2 3.74 2.42 -10.12 4.38 1.43 -10.86 4.32
5 24 -13.61 12.18 4.59 -12.56 11.42 3.47 -13.67 11.03 3.92 -12.16 12.87 4.23
5 24 -7.2 10.02 17.18 -7.19 10.59 17.33 -8.02 10.59 15.47 -6.51 10.53 18.89
5 24 -8.02 -2.69 18.56 -8.72 -3.83 18.11 -8.71 -3.36 18.79 -8.27 -2.6 16.93
5 24 -11.49 15.87 8.65 -9.87 16.42 8.57 -10.6 16.47 9.77 -10.5 15.89 7.8
5 24 -7.69 12.62 14.58 -6.36 13.26 15.84 -7.73 11.48 15.33 -6.85 13.87 14.9
5 24 -13.4 4.42 12.52 -13.1 3.74 12.25 -12.51 3.78 12.75 -13.56 3.83 11.38
5 24 -6.75 32.64 26.29 -5.43 33.59 27.45 -6.63 33.37 26.11 -5.23 32.49 28.04
5 24 -5.35 43.4 29.66 -4.24 43.78 31.95 -4.25 44.17 31.88 -4.08 43.25 31.79
5 24 -6.76 -11.63 18.44 -6.2 -10.95 17.1 -5.47 -11.46 17.16 -7.04 -10.62 17.4
5 24 -3.85 -3.44 29.42 -4.03 -5.35 29.28 -4.63 -3.89 29.89 -2.62 -5.14 28.31
5 24 -10.01 5.55 28.81 -8.71 6.45 29.06 -9.49 5.35 29.59 -9.21 6.71 28.31
5 24 14.31 2.14 7.15 14.16 2.06 8.08 13.88 -0.67 7.35 14.02 3.63 7.93
5 24 -7.76 20.03 23.94 -8.74 19.37 22.93 -8.57 20.36 23.23 -8.41 18.74 23.17
5 24 -14.97 -2 -4.14 -14.79 -2.21 -2.52 -14.47 -2.93 -3.06 -15.12 -1.38 -2.99
5 24 -2.99 -9.56 -3.91 -2.13 -9.31 -5.19 -2.17 -9.69 -3.18 -4.04 -9.22 -4.29
5 24 6.72 -9.15 -6.51 5.03 -9.18 -6.07 4.77 -9.2 -6.73 6.54 -9.27 -5.5
5 24 -11.72 -5.62 20.06 -10.97 -6.06 19.81 -11.48 -6.19 20.78 -11.59 -4.71 19.51
5 24 13.05 -5.18 9.05 12.41 -4.5 10.15 11.6 -5.21 9.58 12.98 -4.28 10.01
5 24 4.59 -4.5 -14.71 4.59 -3.23 -14.33 5.08 -4.08 -14.26 3.72 -3.75 -15.19
5 24 -12.2 9.06 12.6 -11.19 9.56 13.27 -12.19 8.36 12.78 -12.29 9.67 12.28
5 24 -7.63 7.5 18.1 -7.34 9.18 16.79 -6.77 9.17 18.12 -8.14 7.73 16.56
5 24 -12.08 -3.29 23.26 -11.48 -3.68 24.75 -12.57 -2.58 24.57 -11.57 -3.92 23.96
5 24 -11.85 4.14 24.89 -12.33 4.79 24.57 -11.67 4.53 25.6 -11.66 4.5 23.9
5 24 -0.46 -5.26 -15.44 1.29 -5.55 -15.39 1.68 -4.17 -16.02 -1.07 -5.92 -14.39
5 24 3.78 14.44 15.2 4.9 14.03 14.24 4.09 12.81 14.79 3.76 15.12 14.74
5 24 7.08 2.14 -10.68 5.62 1.67 -12.47 8.72 1.68 -10.5 5.02 2.26 -11.86
5 24 -14.54 9.92 7.16 -15.06 9.22 5.81 -15.18 8.69 6.92 -14.71 10.32 5.34
5 24 0.79 -1.14 25.37 1.22 -2 25.42 0.66 -1.5 24.06 0.69 -1.64 26
5 24 -13.69 0.22 6.83 -13.06 -0.59 6.67 -12.7 -0.98 7.93 -13.03 -0.41 5.48
5 24 -14.47 -2.93 -3.06 -14.86 -3.2 -2.21 -14.34 -4.06 -2.98 -14.79 -2.21 -2.52
5 24 5.99 6.85 16.56 6.97 6.66 15.83 6.25 7.55 16.31 6.61 6.2 15.86
5 24 11.03 -5.83 11.12 11.14 -5.82 10.39 11.74 -5.38 10.3 10.01 -5.66 10.7
5 24 0.23 -9.29 -4.77 1.32 -8.52 -6.46 1.36 -9.43 -4.54 -0.01 -8.37 -6.8
5 24 -12.9 2.05 -7.56 -12.92 1.36 -7.82 -11.37 1.07 -8.73 -13.59 1.3 -6.94
5 24 -11.19 9.56 13.27 -11.17 7.83 13.46 -10.26 8.22 14.37 -12.19 8.36 12.78
5 24 0.01 1.98 28.67 -0.01 1.95 27.45 -0.02 1.58 27.46 -0.13 3.42 27.88
5 24 -4.04 5.97 31.09 -3.66 5.03 31.39 -4.97 5.47 31.32 -3.02 5.51 30.64
5 24 -7.74 16.47 13.11 -6.3 17.21 13.01 -7.34 17.44 11.81 -6.16 16.55 13.83
5 24 -8.75 -2.37 15.58 -7.43 -1.42 17.08 -8.31 -0.8 15.93 -8.27 -2.6 16.93
5 24 -0.42 -9.05 24.38 -1.22 -9.54 24.83 -0.62 -9.34 23.59 -1.29 -8.7 25.39
5 24 10.04 -6.07 -11.3 9.58 -6.79 -10.56 10.19 -6.04 -10.01 9.57 -6.8 -11.52
5 24 -10.99 7.02 25.52 -10.75 7.06 26.38 -11.47 6.65 26.04 -10.53 7.54 25.47
5 24 -14.57 1.78 -5.45 -14.34 3.4 -5.91 -13.68 2.57 -6.86 -14.65 2.4 -4.88
5 24 1.47 -10.3 5.69 1.96 -10.35 4.57 2.37 -10.04 5.27 0.98 -10.83 4.85
5 24 8.72 1.68 -10.5 5.62 1.67 -12.47 7.08 2.14 -10.68 7.37 0.76 -12.49
5 24 -9.23 12.87 25.15 -9.86 12.33 24.58 -8.88 13.8 23.27 -9.58 11.09 25.36
5 24 -4.49 20.59 18.32 -5.77 20.51 18.74 -4.51 19.11 18.46 -5.62 21.15 18.96
5 24 -14.71 10.32 5.34 -14.5 10.99 5.44 -14.54 9.92 7.16 -14.05 10.52 4.14
5 24 -1.39 45.26 28.35 -1.48 44.01 27.95 -0.35 44.81 28.74 -2.92 44.49 28.09
5 24 -7.87 14.3 14.14 -7.94 15.81 13.53 -9.63 13.61 13.56 -6.74 14.85 14.53
5 24 -13.72 -4.76 -2.99 -13.32 -4.4 -3.61 -12.66 -5.12 -3.06 -14.34 -4.06 -2.98
5 24 9.75 5.44 13.72 10.48 4.67 11.98 10.04 4.43 12.45 11.36 5.67 11.29
5 24 -11.2 2.74 26.74 -10.08 3.54 26.93 -10.14 2.67 27.49 -11.17 3.46 26.47
5 24 11.54 4.73 -6.64 11.69 3.77 -7.38 12.12 4.63 -6.82 10.99 3.92 -7.18
5 24 -3.86 -10.66 14.23 -4.09 -10.29 13.81 -5.44 -10.3 14.36 -2.85 -10.49 13.87
5 24 0 9.14 28.6 0.54 9.73 27.82 0.01 8.08 26.64 -0.22 9.68 28.96
5 24 -2.89 -11.94 23.01 -4.95 -11.66 23.11 -3.28 -11.27 24.92 -3.48 -12.04 21.8
5 24 -12.36 7.56 12.73 -11.23 6.94 13.69 -11.17 7.83 13.46 -12.27 6.49 12.65
5 24 -5.54 -11.32 15.78 -5.82 -11.18 16.55 -4.04 -11.27 16.61 -6.49 -10.79 16.21
5 24 7.96 -6.98 7.03 7.48 -7.18 7.04 7.45 -6.85 8.26 7.42 -7.69 5.43
5 24 -8.48 -2.89 -11.11 -6.86 -3.98 -12.11 -7.69 -2.72 -12.21 -8.4 -3.48 -10.32
5 24 2.63 -8.36 -10.5 2.21 -8.57 -10.01 1.47 -7.54 -11.24 3.29 -9.24 -8.77
5 24 -0.4 39.28 30.92 -0.76 40.04 31.02 -1.23 39.69 31.41 0.12 40.25 29.5
5 24 -12.27 -0.08 24.84 -12.6 1.41 24.65 -12.45 0.58 24.37 -11.65 1.29 25.75
5 24 0.3 27.8 28.25 -0.51 26.53 29.44 -0.15 28.82 29.23 0.25 26.53 28.38
5 24 10.67 12.15 10.56 9.78 15.38 10.57 11.39 13 9.67 10.1 11.68 11.15
5 24 -2.19 -9.15 25.67 -2.52 -8.55 25.99 -3.23 -9.31 26.22 -1.29 -8.7 25.39
5 24 -12.56 -3.28 3.74 -13.47 -0.75 4.35 -11.77 -2.55 5.35 -13.92 -1.21 3.36
5 24 -0.01 1.95 27.45 0.41 3.49 26.83 0.51 2.32 26.72 -0.13 3.42 27.88
5 24 2.19 -3.56 18.5 2.14 -3.01 18 1.44 -2.98 18.94 2.67 -3.38 17.59
5 24 0.9 13.91 27.65 -0.12 15.01 29.12 -0.35 14.01 29.05 0.86 15.38 27.71
5 24 0.64 -7.75 -10.73 2.21 -8.57 -10.01 1.47 -7.54 -11.24 -1.82 -7.94 -8.14
5 24 0.51 2.32 26.72 0.67 1.51 26.08 0.25 1.5 26.66 0.84 2.93 25.53
5 24 -5.2 21.78 19.56 -5.62 21.15 18.96 -6.15 21.4 20.31 -4.34 21.43 18.47
5 24 3.92 1.5 -13.58 5.02 2.26 -11.86 5.62 1.67 -12.47 3.53 2.29 -12.6
5 24 13.08 10.41 3.12 13.52 9.41 2.14 13.54 10.32 3.96 12.78 10.21 2.66
5 24 -14.4 3.16 6.56 -15.19 5.77 6.48 -14.67 4.59 5.36 -14.61 3.53 7.48
5 24 -10.72 -3.45 -8.34 -9.35 -4.25 -8.35 -10.71 -4.26 -7.58 -9.27 -3.46 -9.06
5 24 -6.8 2.03 11.34 -3.827 -2 9.239 -3.05 2.05 12.73 -7.071 -2 7.071
5 24 -1.28 -10.73 -1.35 -0.55 -9.82 -1.93 -0.59 -10.78 -1.15 -1.34 -9.72 -2.09
5 24 -0.38 2.93 19.66 -0.7 1.89 20.11 -1.6 2.71 20.78 1.45 2.72 18.83
5 24 -2.1 -11.19 22.56 -2.05 -11.42 24.08 -2.89 -11.94 23.01 -1.48 -10.67 23.08
5 24 -0.48 20.1 19.74 0.03 21.08 20.32 -0.24 20.89 19.34 -0.22 20.55 20.96
5 24 -6.89 -8.79 12.09 -5.93 -8.34 10.1 -5.91 -9.16 11.89 -6.95 -7.95 10.21
5 24 3.72 -3.75 -15.19 4.59 -4.5 -14.71 3.36 -5.41 -15.13 4.59 -3.23 -14.33
5 24 7.03 -8.4 -9.95 9.21 -8.24 -9.49 8.65 -8.59 -8.92 7.78 -7.81 -10.46
5 24 2.84 31.11 26.13 2.35 30.18 26.7 2.45 30.34 26.97 2.46 30.76 25.85
5 24 9.6 -3.98 14.39 8.99 -3.61 14.96 9.96 -3.66 13.92 8.03 -4.59 14.78
5 24 -0.2 0.05 18.98 1.63 1.24 19.2 1.05 0.37 18.65 -1.1 0.28 19.53
5 24 -4.87 40.4 27.72 -5.01 40.98 27.55 -3.56 40.16 26.03 -5.17 41 30.14
5 24 -10.63 -5.08 -6.22 -12.66 -4.55 -4.86 -12.73 -3.75 -5.12 -10.71 -5.67 -6.01
5 24 -4.83 29.75 20.8 -5.38 28.92 20.42 -2.79 28.57 19.49 -6.11 29.3 21.43
5 24 9.21 -8.24 -9.49 7.78 -7.81 -10.46 9.7 -6.9 -10.01 7.03 -8.4 -9.95
5 24 -9.65 -6.51 26.98 -9.96 -5.33 27.4 -8.74 -7 27.99 -9.73 -5.96 26.11
5 24 10.59 11.17 12.08 10.64 11.21 11.14 11.16 10.48 11.13 10.1 11.68 11.15
5 24 -7.94 -7.93 27.38 -8.67 -7.98 26.68 -7.04 -8.28 27.13 -8.82 -7.45 27.29
5 24 -9.72 -3.92 14.07 -9.9 -3.55 13.43 -9.54 -3.27 14.16 -9.74 -5.52 12.46
5 24 -14.83 8.15 7.88 -14.24 8.46 9.13 -14.64 7.44 9.06 -14.36 9.26 8.12
5 24 -13.64 -2.12 2.39 -12.56 -3.28 3.74 -13.92 -1.21 3.36 -12.85 -3.59 2.15
5 24 -7.43 17.25 18.9 -7.98 16.14 19.95 -7.8 16.91 20 -7.19 16.47 18.69
5 24 -10.98 14.14 11.94 -12.02 14.07 10.61 -10.79 14.74 11.66 -12.69 11.98 11.53
5 24 -11.61 -5.61 21.15 -11.99 -5.04 20.62 -11.72 -5.62 20.06 -11.98 -4.37 22.05
5 24 -8.92 -2.25 29.42 -8.75 -1.54 29.36 -9.63 -0.86 28.93 -7.98 -2.06 29.49
5 24 2.32 -10.43 2.54 2.26 -10.12 3.22 1.98 -9.81 2.88 2.6 -10.4 2.84
5 24 -3.54 -4.35 -13.21 -5.78 -4.31 -12.56 -4.25 -3.84 -13.5 -5.54 -4.61 -12.05
5 24 -9.31 16.67 9.21 -9.86 2.03 8.63 -9.87 16.42 8.57 -6.8 2.03 11.34
5 24 6.98 2.2 -10.35 5.75 1.26 -10.3 4.78 2.31 -11.54 8.06 1.26 -8.63
5 24 -3.827 -2 -9.239 -4.65 .87 -10.51 -7.071 -2 -7.071 -.54 .92 -11.92
5 24 0.74 12.91 27.62 0.45 12.35 27.41 -0.04 12.87 28.23 0.87 12.72 26.32
5 24 -14.11 -2.53 -0.19 -14.69 -0.83 -0.26 -14.7 -0.67 2.19 -14.61 -1.88 -0.84
5 24 -4.59 25.46 21.65 -5.59 24.43 21.29 -4.83 24.15 20.27 -5.49 25.1 21.86
5 24 6.03 14.07 13.52 4.9 14.03 14.24 5.21 14.9 13.89 5.53 13.43 13.85
5 24 15.16 4.71 -4.92 15.9 3.52 -4.05 15.64 5.09 -4.01 15.01 2.57 -5.1
5 24 -4.25 23.37 28.8 -3.34 23.83 29.46 -3.26 22.54 29.28 -4.08 25.47 28.34
5 24 0.73 7.12 23.03 0.99 8.25 23.52 0.51 7.85 22.59 0.91 6.94 25.65
5 24 -3.37 26.15 29.25 -2.12 26 29.84 -2.14 26.41 30.07 -3.27 25.6 29.06
5 24 -8.1 13.74 27 -7.84 12.85 27.63 -8.18 12.29 26.79 -7.05 14.12 28.1
5 24 -10.08 -0.33 27.92 -10.27 -0.67 27.12 -10.36 -1.28 27.85 -10.25 0.15 26.94
5 24 10.32 -6.8 5.44 9.23 -7.24 5.49 9.21 -6.17 8.03 10.32 -6.85 3.96
5 24 -13.76 -0.7 -5.71 -13.6 -0.64 -6.36 -13.78 0.28 -6.23 -13.46 -1.55 -6.11
5 24 -3.12 -10.09 -0.74 -2.21 -9.87 -1.94 -3.36 -9.96 -1.66 -2.45 -10.51 -0.78
5 24 -14.1 -2.82 -5.32 -13.41 -3.08 -5.69 -13.46 -1.55 -6.11 -12.73 -3.75 -5.12
5 24 11.69 3.77 -7.38 14.08 0.79 -6.57 14.82 2 -5.63 11.73 2.84 -7.96
5 24 -10.46 1.83 28.31 -8.85 2.55 29.31 -9.89 2.97 28.36 -9.35 0.99 29.57
5 24 -3.15 -8.38 8.26 -2.23 -9.19 7.33 -1.52 -8.65 9.18 -3.37 -9.08 6.01
5 24 -10.2 0.97 28.83 -10.39 0.86 27.89 -10.46 1.83 28.31 -10.08 -0.33 27.92
5 24 -9.73 -7.79 19.1 -10.07 -8.33 20.32 -10.09 -7.63 19.82 -9.53 -8.98 20.17
5 24 8.03 -4.59 14.78 8.35 -5.3 13.98 7.27 -5.47 14.73 8.64 -4.43 14.47
5 24 -3.37 40.81 26.02 -3.09 41.58 26.17 -5.01 40.98 27.55 -2 40.75 25.49
5 24 11.15 -8.11 -6 12.15 -6.9 -6.08 12.57 -6.99 -5.25 11.53 -7.12 -6.76
5 24 -10.99 -3.27 25.36 -11.85 -2.77 25.47 -11.36 -2.24 26.02 -11.48 -3.68 24.75
5 24 1.45 2.72 18.83 1.63 1.24 19.2 2.1 1.39 18.38 -0.7 1.89 20.11
5 24 5.62 3.25 16.28 4.76 3.06 16.61 4.98 1.61 16.22 3.9 3.82 17.04
5 24 -8.36 4.91 20.4 -8.93 6.46 20.74 -9.65 4.84 20.92 -8.14 5.8 20.45
5 24 -3.58 16.22 30.12 -3.48 14.85 30.22 -1.87 15.49 29.79 -5.1 15.33 29.18
5 24 -1.26 44.59 32.51 -1.57 45.05 32.67 -1.79 44.13 32.9 -1.28 45.33 31.97
5 24 1.16 -9.22 18.79 1.3 -7.72 17.6 1.21 -6.92 18.77 1.11 -9.37 17.58
5 24 -0.13 3.42 27.88 -0.02 4.47 28.6 -0.85 3.66 28.83 -0.05 5.02 27.28
5 24 -12.45 0.27 12.31 -12.51 0.94 13.16 -11.68 0.08 13.12 -13.19 1.12 12.49
5 24 -9.63 13.61 13.56 -7.87 14.3 14.14 -9.26 12.14 13.95 -7.94 15.81 13.53
5 24 -5.49 32.8 21.07 -5.48 30.76 21.87 -5.46 30.84 20.78 -5.33 33.17 22.53
5 24 -10.37 -2.59 13.72 -9.8 -2.94 13.84 -10.27 -1.63 14.08 -10.43 -3.28 13.07
5 24 0.75 2.72 -12.65 3.53 2.29 -12.6 0.77 2.64 -13.2 3.39 2.4 -12.04
5 24 -0.22 9.68 28.96 0.46 10.6 28.26 -0.79 10.44 29.37 0.54 9.73 27.82
5 24 3.17 35.34 26.64 2.41 35.82 26.71 1.45 34.23 27.86 3.15 35.92 26
5 24 -1.89 7.36 30 -2.7 7.75 30.14 -2.96 6.72 30.35 -2.36 8.69 29.47
5 24 -11.15 -2.69 13.12 -10.71 -3.43 12.34 -10.43 -3.28 13.07 -11.29 -2.64 12.32
5 24 13.05 0.51 -8.37 13.58 -3.24 -7.14 12.8 -3.06 -7.79 14.78 -1.75 -6.09
5 24 -12.01 3.15 25.79 -11.85 4.14 24.89 -12.46 2.5 25.16 -11.67 4.53 25.6
5 24 -0.79 1.17 29.65 -1.58 -0.98 28.97 -2.85 0.46 29.94 -0.36 -0.96 28
5 24 -6.7 20.17 19.39 -7.34 19.07 20.31 -6.75 18.73 19.42 -7.09 19.73 20.24
5 24 -6.85 22.54 23.88 -7.73 23.5 23.52 -7.31 22.18 23.21 -7.19 23.39 24.31
5 24 -6.36 24.39 21.34 -6.24 22.57 20.8 -7.02 22.86 21.2 -5.63 23.28 20.77
5 24 -9.18 11.46 20.8 -9.7 10.14 21.26 -9.85 10.97 21.55 -8.79 10.22 20.49
5 24 12.42 7.44 9.74 11.59 7.38 10.91 12.1 6.63 9.76 11.86 8.42 10.92
5 24 -5.47 -4.42 29.96 -6.44 -5.36 29.58 -4.71 -6.06 29.56 -6.76 -4.15 29.42
5 24 2.19 9.48 16.82 0.87 10.1 17.01 1.91 10.85 16.16 1.01 8.19 17.62
5 24 9.14 -8.08 -1.28 10.91 -7.12 -1.73 8.72 -8.34 -2.7 10.97 -7.1 -1.21
5 24 -0.21 22.79 20.91 -0.6 24.06 19.68 -0.61 23.33 19.58 -0.55 23.55 22.32
5 24 -4.69 31.27 23.54 -5.48 30.87 24.62 -4.78 30.31 23.79 -5.47 31.85 24.54
5 24 -11.84 5.83 24.16 -11.18 5.46 23.57 -10.58 6.49 23.41 -11.66 4.5 23.9
5 24 -0.74 38.08 31.26 -0.96 38.92 31.33 -3.79 37.9 30.87 -0.13 38.45 30.74
5 24 -1.66 34.55 31.06 -0.39 34.61 30.63 -0.98 36.42 30.67 -0.98 33.79 30.93
5 24 11.59 7.38 10.91 10.88 7.62 11.97 10.91 6.95 11.47 11.86 8.42 10.92
5 24 0.66 -1.5 24.06 0.14 -1.11 23.93 0.51 -0.98 24.7 -0.24 -1.98 23.14
5 24 14.48 -5.35 -3.89 14.62 -5.3 -4.36 14.45 -5.92 -4.4 14.65 -4.58 -3.39
5 24 11.16 10.48 11.13 10.59 11.17 12.08 10.68 10.78 12.49 10.64 11.21 11.14
5 24 -6.97 1.15 -12.89 -7.51 2.14 -11.03 -6.32 2.6 -12.02 -8.22 1.31 -11.31
5 24 16.23 4.96 3.76 16.25 3.22 3.19 16.38 3.3 4.15 15.98 4.86 2.75
5 24 6.83 -7.46 -12.8 6.35 -6.59 -13.44 6.22 -7.02 -13.25 7.52 -6.24 -12.55
5 24 -1.31 10.31 21.39 -1.14 9.88 19.52 -1.54 9.23 20.05 -1.43 11.03 20.2
5 24 -15.21 6.61 -3.47 -16.07 5.88 -2.75 -15.61 5.57 -3.35 -15.34 7.51 -2.64
5 24 2.8 -9.96 7.2 2.69 -9.99 6 3.31 -9.72 6.49 2.45 -10.33 6.8
5 24 -4.06 -9.71 1.76 -5.23 -8.8 1.98 -5.33 -9.59 0.86 -4.52 -9.28 2.49
5 24 -2.74 -10 0.47 -2.23 -10.36 0.1 -1.4142 -9.5 0.5858 -3.12 -10.09 -0.74
5 24 1.38 -2.85 25.66 1.22 -2 25.42 0.69 -1.64 26 1.42 -2.26 24.91
5 24 1.62 32.2 24.37 3.31 33.2 24.48 0.73 33.08 23.65 2.84 31.11 26.13
5 24 -3.77 34.56 24.46 -3.58 35.08 23.65 -3.45 35.48 24.52 -4.2 33.87 23.98
5 24 0.1 40.2 26.83 -0.11 41.4 26.95 -0.48 40.9 26.32 0.32 40.64 27.54
5 24 -7.76 7.37 19.8 -8.14 5.8 20.45 -8.93 6.46 20.74 -7.62 6.41 19.23
5 24 -2.39 -10.18 12.8 -3.99 -9.75 11.67 -4.16 -9.96 12.44 -2.09 -10.1 12.07
5 24 -14.1 -2.82 -5.32 -13.46 -1.55 -6.11 -13.41 -3.08 -5.69 -14.84 -1.08 -4.46
5 24 -3.05 2.05 12.73 0 -2 10 .17 2.02 12.95 -3.827 -2 9.239
5 24 -4.51 -1.9 -15 -5 -2 -14.51 -4.84 -1.36 -14.8 -3.82 -3.31 -14.77
5 24 -14.97 -2 -4.14 -14.47 -2.93 -3.06 -14.1 -2.82 -5.32 -14.79 -2.21 -2.52
5 24 -11.47 15.4 8.12 -12.4 14.44 6.46 -13.02 14.02 7.79 -11.37 14.7 6.12
5 24 11.03 8.5 11.9 11.67 9.79 11.3 10.66 9.03 12.12 11.86 8.42 10.92
5 24 -0.41 22.53 22.44 0.36 23.15 23.08 0.66 22.07 23.52 -0.55 23.55 22.32
5 24 -3.01 35.76 21.69 -3.71 35.77 22.51 -3.55 36.45 22.59 -3.7 34.74 22.56
5 24 -6.16 25.46 27.63 -4.08 25.47 28.34 -4.99 26.35 27.65 -4.88 24.04 28.17
5 24 -4.78 30.31 23.79 -6.05 29.98 24.83 -5.19 29.47 23.68 -5.48 30.87 24.62
5 24 -9.5 16.8 10.71 -8.64 16.97 9.84 -7.95 17.32 10.44 -9.31 16.67 9.21
5 24 1.63 1.24 19.2 1.05 0.37 18.65 -0.2 0.05 18.98 2.09 0.65 18.04
5 24 -1.34 -9.72 -2.09 -0.65 -8.94 -4.9 -0.48 -9.24 -3.77 -2.17 -9.69 -3.18
5 24 9.56 11.33 13.21 8.69 10.13 13.65 9.83 10.23 13.43 8.16 11.01 13.51
5 24 -10.55 2.05 21.71 -11.55 0.9 21.7 -10.05 1.64 20.77 -11.21 1.43 22.27
5 24 12.37 -0.05 -8.82 12.05 -2.07 -9.48 12.03 -0.85 -9.58 12.8 -3.06 -7.79
5 24 -7.21 24.1 21.52 -7.57 23.99 22.92 -7.06 24.6 21.79 -7.79 23.5 22.59
5 24 -6.05 29.98 24.83 -6.43 28.65 24.99 -5.19 29.47 23.68 -6.48 28.6 25.45
5 24 -2.23 -10.36 0.1 -2.45 -10.51 -0.78 -1.37 -10.57 0.09 -3.12 -10.09 -0.74
5 24 -2.54 -7.55 -8.62 -2.83 -7.41 -9.96 -0.07 -7.7 -11.17 -5.2 -6.49 -8.63
5 24 -0.57 29.19 29.51 -0.3 29.89 28.87 -0.15 28.82 29.23 -0.78 29.93 29.75
5 24 0.25 26.53 28.38 1.43 26.65 28.05 0.34 25.51 28.34 0.3 27.8 28.25
5 24 4.94 11.15 15.1 4.8 12.01 14.63 3.19 11.23 15.46 5.84 11.47 14.31
5 24 -14.68 3.41 10.31 -13.67 1.56 10.24 -15.02 3.06 9.28 -13.55 1.92 11.09
5 24 4.23 -7.64 13.44 7.64 -6.44 10.48 6.76 -6.29 12 4.77 -7.93 11.94
5 24 7.58 11.07 13.9 7.45 10.43 14.16 8.16 11.01 13.51 6.32 10.72 14.3
5 24 -3.16 26.34 19.73 -3.06 27.52 19.45 -4.09 26.08 20.66 -1.81 26.44 19.53
5 24 -4.49 20.59 18.32 -4.34 21.43 18.47 -2.88 20.59 18.13 -5.62 21.15 18.96
5 24 2.74 30.59 27.65 3.56 31.56 26.74 2.84 31.11 26.13 3.15 32.31 27.68
5 24 -0.54 10.32 18.87 -0.98 8.39 18.71 -0.12 8.82 17.92 -1.14 9.88 19.52
5 24 -2.82 -11.9 20.02 -1.37 -11.53 21.83 -3.06 -11.65 20.74 -2.18 -11.88 19.42
5 24 1.14 31.19 22.91 0.73 33.08 23.65 1.62 32.2 24.37 -0.25 31.97 22.16
5 24 -2.84 -4.39 -13.72 -3.29 -4.73 -12.75 -2.32 -5.26 -13.47 -3.54 -4.35 -13.21
5 24 -10.01 9.21 21.24 -9.4 8.58 20.23 -8.79 10.22 20.49 -10.17 8.41 20.89
5 24 13.22 -6.29 -5.95 14.3 -5.43 -5.67 13.61 -6.61 -5.15 13.03 -4.77 -6.46
5 24 -0.38 2.93 19.66 -1.6 2.71 20.78 -1.64 3.47 19.93 -0.7 1.89 20.11
5 24 -4.08 25.47 28.34 -4.25 23.37 28.8 -3.34 23.83 29.46 -4.88 24.04 28.17
5 24 -4.18 8.88 31.39 -3.99 6.89 31.37 -2.7 7.75 30.14 -5.51 7.64 31.53
5 24 7.76 14.27 12.66 8.7 14.94 12.12 9.35 12.28 12.3 7.42 16.06 11.98
5 24 1.43 16.71 22.49 1.67 17.11 23.61 1.99 16.14 23.58 0.88 17.99 22.93
5 24 -5.56 10.23 30.45 -6.06 8.79 31.13 -6.24 9.11 29.89 -5.03 9.64 31.28
5 24 4.97 -5.64 -14.63 5 -6.05 -14.43 3.93 -5.75 -14.6 6.99 -5.78 -13.71
5 24 15.14 -5.72 0.48 15.39 -5.02 0.18 15.34 -4.88 1.18 14.98 -5.79 -0.43
5 24 -14.27 7.22 -4.72 -13.06 7.09 -5.68 -13.58 8.04 -4.57 -13.74 5.4 -5.98
5 24 -9.33 6.85 27.4 -10.01 5.55 28.81 -10.06 6.37 27.02 -9.21 6.71 28.31
5 24 0.83 -9.56 15.12 0.74 -9.93 16.8 1.24 -9.06 15.86 0.18 -10.31 16.1
5 24 -5.21 34.84 26.78 -5.44 36.01 27.69 -5.32 35.8 26.79 -4.28 34.56 28.17
5 24 -6.51 10.53 18.89 -7.06 10.46 19.67 -6.89 11.29 19.43 -6.84 9.48 19.96
5 24 -5.56 27.97 20.55 -5.22 26.35 22.11 -4.09 26.08 20.66 -6.19 28.39 21.58
5 24 -13.54 1.59 8.27 -13.28 1.13 9.26 -13.11 0.29 9.26 -13.95 1.9 9.22
5 24 3.69 -0.14 -14.38 4.77 0.68 -13.93 5.49 -1.27 -14.2 3.92 1.5 -13.58
5 24 2.7 36.06 25.03 1.11 36.78 24.64 2.08 37.01 26.1 2.63 34.73 24.14
5 24 -6.84 20.84 20.96 -7.62 19.9 21.06 -7.77 20.5 21.58 -6.9 20.19 20.54
5 24 16.42 2.97 0.82 16.23 1.06 0.18 16.31 1.3 1.32 16.3 2.79 -0.46
5 24 -12.18 -1.06 11.49 -12.91 -1.32 10.69 -11.86 -1.75 11.08 -12.45 0.27 12.31
5 24 -5.16 27.24 27.66 -6.02 29.05 26.35 -6.48 28.6 25.45 -4.14 30.03 27.41
5 24 -1.54 9.23 20.05 -0.98 8.39 18.71 -1.88 8.22 19.51 -1.14 9.88 19.52
5 24 -4.97 5.47 31.32 -4.7 4.46 31.87 -3.66 5.03 31.39 -6 4.86 30.85
5 24 -1.89 7.36 30 -1.72 6.31 30.17 -0.68 6.16 29.48 -2.96 6.72 30.35
5 24 -10.99 7.02 25.52 -10.53 7.54 25.47 -10.75 7.06 26.38 -10.82 6.98 24.22
5 24 -0.51 26.53 29.44 -0.15 28.82 29.23 -0.81 27.05 30.01 0.3 27.8 28.25
5 24 11.86 8.42 10.92 12.42 7.44 9.74 12.59 8.6 9.85 11.59 7.38 10.91
5 24 -5.5 -10.19 -2.16 -6.41 -9.61 -2.57 -6.16 -9.82 -1.84 -5.68 -9.93 -2.96
5 24 -0.7 1.89 20.11 1.45 2.72 18.83 1.63 1.24 19.2 -0.38 2.93 19.66
5 24 -2.74 39.22 25.26 -2.8 38.69 25.14 -4.81 38.25 26.6 -1.38 38.98 24.88
5 24 0.26 11.82 22.13 0.83 12.79 22.98 1.24 11.54 22.75 0 13.42 22.23
5 24 -7.19 10.59 17.33 -7.73 11.48 15.33 -8.02 10.59 15.47 -6.4 12.26 16.75
5 24 -9.26 12.14 13.95 -9.24 11.36 14.47 -10.54 11.59 13.15 -7.69 12.62 14.58
5 24 12.75 9.39 10.08 12.16 10.45 9.95 12.41 10.23 9.21 12.27 9.53 10.73
5 24 -9.96 -4.37 18.62 -11.24 -4.08 19.4 -10.41 -4.71 18.71 -9.57 -3.24 19.27
5 24 13.66 -6.49 -4.04 12.7 -6.98 -3.93 13.61 -6.61 -5.15 13.52 -6.65 -3.69
5 24 -7.21 24.1 21.52 -6.36 24.39 21.34 -7.02 22.86 21.2 -7.06 24.6 21.79
5 24 2.72 -3.95 18.07 2.67 -3.38 17.59 2.19 -3.56 18.5 3.03 -3.63 17.3
5 24 1.88 -9.58 11.02 3.24 -9.37 10.58 2.55 -9.82 9.83 1.99 -9.05 11.75
5 24 3.61 -10.27 4.14 2.42 -10.12 4.38 3.03 -10.17 5.25 2.66 -10.08 3.61
5 24 7.23 4.41 15.85 7.52 5.23 15.56 5.68 4.75 16.65 7.66 4.06 15.01
5 24 -12.51 -5.15 -4.31 -10.71 -5.67 -6.01 -12.66 -4.55 -4.86 -10.69 -6.23 -5.48
5 24 -4.16 -9.96 12.44 -2.68 -10.46 13.32 -2.39 -10.18 12.8 -4.27 -10.31 13.05
5 24 0.11 -8.99 23.19 0.1 -9.36 22.44 0.63 -8.43 21.98 -0.65 -9.82 23.07
5 24 -11.49 15.87 8.65 -12.45 14.84 9.65 -12.03 15.53 9.52 -12.6 14.19 8.55
5 24 6.86 13.51 13.69 7.18 14.1 13.23 6.58 14.44 13.09 7.89 11.81 13.51
5 24 -11.99 -5.04 20.62 -11.78 -4.07 20.26 -12.2 -4.1 21.29 -11.59 -4.71 19.51
5 24 14.7 -3.43 4.95 14.58 -4.8 5.29 14.83 -4.3 3.9 14.2 -4.9 6.06
5 24 -9.96 -5.33 27.4 -9.26 -5.72 28.25 -9.52 -4.38 28.01 -8.74 -7 27.99
5 24 -1.23 39.69 31.41 -3.89 38.74 31.12 -0.96 38.92 31.33 -3.75 40.3 30.68
5 24 -7.36 0.74 19.38 -7.65 1.91 19.85 -8.8 0.53 19.92 -7.27 2.14 18.97
5 24 -4.74 -10.99 25.25 -3.23 -9.31 26.22 -2.39 -10.39 25.34 -4.98 -10.59 25.91
5 24 10.94 -4.6 12.56 11 -5.61 11.52 11.73 -4.22 12.01 10.43 -4.97 12.37
5 24 -14 5.73 10.68 -13.98 5.7 11.83 -13.58 7.02 11.39 -13.91 4.82 11.1
5 24 -12.69 11.98 11.53 -13.17 10.93 10.82 -13.05 11.75 10.67 -12.58 10.33 11.75
5 24 -12.2 0.25 23.54 -12.48 -0.44 22.37 -12.36 -0.07 22.63 -11.96 -1.5 22.8
5 24 -11.35 12.59 12.21 -12.69 11.98 11.53 -12.16 12.04 12.06 -10.98 14.14 11.94
5 24 -9.44 7.81 26.82 -9.42 8.41 28.15 -9.05 9.29 28.06 -9.26 7.55 28.08
5 24 -4.25 -10.52 -0.57 -5.04 -10.43 -0.53 -4.26 -10.78 -0.06 -5.18 -10.16 -0.81
5 24 -3.53 -10.43 -2.68 -5.5 -10.19 -2.16 -3.82 -10.11 -3.49 -4.9 -10.14 -1.25
5 24 1.21 -6.92 18.77 1.3 -6.48 20.03 1.13 -6.94 19.46 1.44 -5.67 19.92
5 24 -7.31 22.18 23.21 -7.73 23.5 23.52 -6.85 22.54 23.88 -7.83 22.29 22.46
5 24 -5.56 15.32 15.06 -6 14.74 15.48 -4.82 14.77 15.82 -6.74 14.85 14.53
5 24 -1.89 7.36 30 -0.68 6.16 29.48 -1.72 6.31 30.17 -0.4 6.8 28.9
5 24 9.53 -3.17 13.96 8.37 -2.49 14.43 9.24 -2.57 13.5 8.75 -3.1 14.76
5 24 -8.97 -2.42 19.58 -8.02 -2.69 18.56 -7.45 -1.41 19.35 -8.71 -3.36 18.79
5 24 -9.74 -5.52 12.46 -9.9 -3.55 13.43 -9.72 -3.92 14.07 -9.9 -5.1 12.1
5 24 -10.61 1.84 14.59 -8.66 3.66 16.53 -9.67 4.62 15.49 -8.37 1.36 16.48
5 24 -6.94 12.56 18.65 -6.19 12.62 17.94 -6.59 12.23 18.69 -6.38 13.26 18.05
5 24 14.31 2.14 7.15 14.52 -1.03 6.23 15.31 1.93 5.86 13.88 -0.67 7.35
5 24 3.16 7.43 16.95 3.3 8.63 16.74 4.64 7.49 16.7 2.81 8.24 17.01
5 24 -8.26 17.46 21.86 -8.19 18.72 21.02 -8.71 18.09 21.89 -7.86 18.01 20.81
5 24 -6.87 25.09 26.69 -6.97 24.07 25.6 -7.22 25.39 25.87 -6.68 23.88 26.28
5 24 -2 5.77 19.89 -2.25 5.09 21.1 -2.09 6.05 20.71 -1.99 4.39 19.83
5 24 2.35 30.18 26.7 1.85 28.82 27.3 0.39 29.16 27.76 2.6 29.54 26.45
5 24 -10.33 10.16 14.1 -10.26 8.22 14.37 -9.28 8.54 15.21 -11.19 9.56 13.27
5 24 -12.16 12.04 12.06 -11.35 12.59 12.21 -12.69 11.98 11.53 -11.54 12.01 12.21
5 24 9.83 10.23 13.43 10.28 9.27 12.9 9.86 9.22 13.39 10.49 10.23 12.94
5 24 1.57 -9.67 10.07 2.13 -9.4 9.04 1.33 -9.03 9.23 2.55 -9.82 9.83
5 24 -14.27 7.22 -4.72 -14.65 7.78 -3.3 -15.21 6.61 -3.47 -13.58 8.04 -4.57
5 24 -5.33 -5.71 -11.14 -7.02 -5.23 -9.17 -5.2 -6.49 -8.63 -7.42 -4.4 -10.42
5 24 0.23 -9.29 -4.77 -0.01 -8.37 -6.8 -0.65 -8.94 -4.9 1.32 -8.52 -6.46
5 24 -5.46 -0.4 31.12 -6.92 -2 30.45 -6.27 -2.36 30.73 -7.47 -1.38 29.84
5 24 -10.33 10.16 14.1 -11.19 9.56 13.27 -10.54 11.59 13.15 -10.26 8.22 14.37
5 24 -15.2 8.91 3.2 -15.3 8.66 1.91 -15.86 7.65 0.81 -14.78 9.54 3.1
5 24 4.48 -9.21 11.12 3.24 -9.37 10.58 4.13 -8.75 12.14 4.19 -9.33 10.53
5 24 3.85 10.45 15.8 3.3 8.63 16.74 4.26 9.21 15.94 2.19 9.48 16.82
5 24 -0.09 -10.39 22.27 0.2 -10.57 21.37 -0.81 -11.18 22.26 0.32 -9.54 21.81
5 24 3.03 -3.63 17.3 2.89 -4.55 17.9 2.72 -3.95 18.07 3.29 -4.47 17.33
5 24 -5.51 7.64 31.53 -5.05 6.27 31.4 -6.13 6.08 31.17 -3.99 6.89 31.37
5 24 -2.54 40.1 25.21 -2 40.75 25.49 -1.03 39.9 25.13 -3.37 40.81 26.02
5 24 -0.68 6.16 29.48 -1.72 6.31 30.17 -1.89 7.36 30 -0.02 4.47 28.6
5 24 -2.44 17.42 17.02 -0.93 18.35 18.42 -1.41 17.15 17.01 -3.28 18.33 17.79
5 24 14.58 -4.8 5.29 13.98 -5.56 3.84 14.83 -4.3 3.9 14.29 -5.23 5.5
5 24 -14.21 9.16 9.45 -14.42 10.04 9.65 -14.33 10.06 8.45 -13.93 9.05 10.51
5 24 -3.96 35.3 25.29 -5.32 35.8 26.79 -4.83 34.74 25.61 -5.25 36.81 26.3
5 24 -9.63 -0.86 28.93 -9.55 0.29 29.5 -10.08 -0.33 27.92 -8.48 -0.24 29.98
5 24 -7.74 16.47 13.11 -9.24 15.76 12.93 -7.94 15.81 13.53 -7.34 17.44 11.81
5 24 -0.46 -5.26 -15.44 1.58 -3.34 -15.74 1.68 -4.17 -16.02 -1.32 -4.11 -15.23
5 24 -5.19 32.91 24.51 -5.88 34 25.42 -6.32 33.23 25.11 -4.83 34.74 25.61
5 24 -10.01 5.55 28.81 -9.49 5.35 29.59 -8.71 6.45 29.06 -10.28 4.86 28.82
5 24 2.14 2.86 18.07 4.19 2.12 17.35 4.76 3.06 16.61 2.1 1.39 18.38
5 24 0.3 -9.75 -3.55 1.36 -9.43 -4.54 2.62 -9.88 -2.62 0.23 -9.29 -4.77
5 24 -5.8 -9.86 -1.21 -5.5 -10.19 -2.16 -6.16 -9.82 -1.84 -4.9 -10.14 -1.25
5 24 4.64 7.49 16.7 4.26 9.21 15.94 5.26 8.84 15.72 3.3 8.63 16.74
5 24 0.96 0.53 26.36 0.38 -0.12 27.01 0.25 1.5 26.66 1.01 -0.68 26.61
5 24 8.86 -7.18 -11.69 7.75 -7.32 -12.11 8.54 -6.41 -12.44 7.78 -7.81 -10.46
5 24 -6.87 25.09 26.69 -7.22 25.39 25.87 -6.97 24.07 25.6 -7.08 25.99 26.08
5 24 -7.24 19.8 24.69 -7.68 19.15 25.72 -6.74 20.56 25.62 -7.71 18.7 25.14
5 24 9.78 15.38 10.57 9.07 16.02 10.8 9.3 15.22 11.54 9.74 15.89 9.51
5 24 -13.35 -0.15 9.86 -13.64 0.88 10.53 -13.55 0.74 9.94 -13.2 -0.92 10.29
5 24 7.72 -5.7 12.93 7.2 -5.84 14.04 8.35 -5.3 13.98 6.6 -5.96 13.59
5 24 -3.06 27.52 19.45 -1.43 27.42 19.63 -2.79 28.57 19.49 -1.81 26.44 19.53
5 24 -11.58 4.3 13.69 -10.11 6.49 15.53 -12.04 4.8 13.29 -9.67 4.62 15.49
5 24 -10.79 7.29 22.24 -10.17 8.41 20.89 -10.43 7.38 21.32 -10.35 8.61 22.85
5 24 2.33 24.54 24.27 2.15 22.67 23.85 1.34 22.71 23.46 2.51 23.39 24.48
5 24 5.42 7.03 16.8 5.99 6.85 16.56 5.33 5.91 16.36 5.87 7.63 16.44
5 24 -8.74 -7 27.99 -8.82 -7.45 27.29 -7.86 -7.52 28.04 -9.65 -6.51 26.98
5 24 -9.9 -3.55 13.43 -9.9 -5.1 12.1 -9.74 -5.52 12.46 -10.43 -3.28 13.07
5 24 -2.61 -8.09 26.9 -3.63 -8.49 27.89 -2.9 -7.62 27.67 -3.26 -8.98 27.17
5 24 -9.31 -7.22 13.18 -9.74 -5.52 12.46 -9.34 -6.09 11.81 -9.76 -6.6 13.71
5 24 -3.26 2.62 31.12 -3.09 3.85 31.22 -4.42 3.37 31.89 -2.83 2.77 30.36
5 24 -0.9 45.01 31.8 -1.03 46.04 30.87 -1.28 45.33 31.97 -0.23 45.98 30.53
5 24 -2.13 -6.95 27.58 -1.96 -5.99 28.08 -1.61 -6.57 27.76 -2.65 -6.32 28.03
5 24 -11.8 -1.3 -8.27 -13.29 0.74 -7.44 -13.37 -1.15 -6.65 -12.92 1.36 -7.82
5 24 -7.59 21.69 22.83 -7.25 21.64 23.57 -7.75 21.28 23.08 -7.31 22.18 23.21
5 24 -0.13 38.45 30.74 0.37 39.4 29.19 -0.03 37.81 30.4 -0.4 39.28 30.92
5 24 -10.11 6.49 15.53 -8.57 6.76 16.55 -8.14 7.73 16.56 -8.53 5.98 16.51
5 24 0.53 6.02 26.16 -0.22 6.31 27.57 0.29 7.01 26.52 -0.05 5.02 27.28
5 24 5.84 -5.01 15.29 7.27 -5.47 14.73 8.03 -4.59 14.78 5.87 -5.4 14.96
5 24 0.29 -9.86 14.54 0.19 -10.2 14.96 0.83 -9.56 15.12 -0.62 -10.29 14.7
5 24 0.1 40.2 26.83 0.31 39.13 26.26 0.87 39.54 27.03 -0.48 40.9 26.32
5 24 1.48 10.59 23.5 0.38 10.62 22.52 1.24 11.54 22.75 0.15 9.64 23.03
5 24 -15.59 3.95 -0.06 -16.02 2.96 -0.55 -16.24 3.37 -1 -15.55 3.14 -0.04
5 24 -11.78 -4.07 20.26 -11.59 -4.71 19.51 -11.99 -5.04 20.62 -11.24 -4.08 19.4
5 24 -9.28 8.54 15.21 -10.33 10.16 14.1 -10.26 8.22 14.37 -9.24 11.36 14.47
5 24 2.91 -6.82 -14.49 3.93 -5.75 -14.6 3.36 -5.41 -15.13 4.33 -6.43 -14.01
5 24 -9.73 -7.79 19.1 -10.31 -7.24 18.82 -9.57 -7.87 18.52 -10.09 -7.63 19.82
5 24 6.5 0.1 15.29 8.53 0.73 13.88 8.41 2.08 13.8 7.12 -0.49 15.26
5 24 12.55 12.19 9.53 12.61 11.39 9.59 11.87 11.58 10.47 12.58 12.22 8.67
5 24 -11.57 -3.92 23.96 -12.09 -5.59 23.03 -11.82 -5.05 22.63 -11.74 -4.58 25.04
5 24 -13.35 -0.15 9.86 -13.2 -0.92 10.29 -13.64 0.88 10.53 -12.82 -0.49 9.13
5 24 -2.62 45.61 28.36 -2.92 44.49 28.09 -3.77 44.6 28.74 -1.39 45.26 28.35
5 24 -5.99 31.04 25.44 -6.02 29.05 26.35 -6.48 28.6 25.45 -5.87 30.86 26.38
5 24 0.62 17.11 21.65 0.43 17.28 20.36 0.32 18.16 21.67 0.16 16.34 20.68
5 24 2.82 -2.92 16.91 2.23 -2.53 17.45 3.09 -1.39 17.02 2.67 -3.38 17.59
5 24 -12.14 5.06 25.73 -11.67 4.53 25.6 -12.33 4.79 24.57 -11.02 4.92 26.13
5 24 14.78 -1.75 -6.09 15.05 -2.85 -4.67 14.54 -3.96 -5.04 15.05 -1.43 -5.38
5 24 -14.73 6.66 9.2 -14.65 6.44 9.99 -14.93 6.94 9.72 -14.4 5.82 9.68
5 24 -13.12 -3.52 0.08 -12.56 -3.8 0.68 -13.64 -2.12 2.39 -12.27 -4.22 -0.25
5 24 -8.2 3.37 20.9 -7.65 1.91 19.85 -10.05 1.64 20.77 -7.24 3.19 20.3
5 24 0.15 11.6 17.64 0.51 12.15 17.27 1.91 10.85 16.16 -0.28 12.43 17.86
5 24 5.67 9.35 15.51 7.5 8.89 15.48 6.94 10.17 14.59 6.82 8.12 15.66
5 24 13.17 8.49 0.57 12.94 1.94 0.17 12.43 1.98 3.95 13.1 8.62 -1.22
5 24 -2.13 -9.31 -5.19 -0.65 -8.94 -4.9 -2.17 -9.69 -3.18 -2.27 -8.94 -5.95
5 24 -12.51 -5.15 -4.31 -10.69 -6.23 -5.48 -10.65 -6.68 -3.83 -10.71 -5.67 -6.01
5 24 12.27 9.53 10.73 12.16 10.45 9.95 11.74 10.57 10.58 12.75 9.39 10.08
5 24 -8.83 15.11 23.78 -8.42 14.04 24.04 -8.88 13.8 23.27 -7.66 14.36 24.67
5 24 -7.77 4.98 17.53 -8.53 5.98 16.51 -8.32 4.7 16.71 -7.88 6.04 17.83
5 24 -4.39 24.63 19.35 -4.09 26.08 20.66 -4.83 24.15 20.27 -3.16 26.34 19.73
5 24 -13.76 -0.7 -5.71 -14.84 -1.08 -4.46 -14.8 -0.17 -4.49 -13.46 -1.55 -6.11
5 24 -8.31 -3.32 29.49 -8.92 -2.25 29.42 -9.16 -3.64 29.11 -7.98 -2.06 29.49
5 24 -6.22 11.19 30.38 -5.98 12.68 30.19 -4.94 13.52 30.45 -6.51 11.77 29.82
5 24 -11.48 -3.68 24.75 -11.85 -2.77 25.47 -12.57 -2.58 24.57 -10.99 -3.27 25.36
5 24 12.39 1.57 11 12.61 1.8 10.21 12.18 -1.26 10.74 12.25 2.84 10.83
5 24 1.27 37.03 29.68 2.19 37.74 28.96 1.48 37.76 29.56 1.57 36.62 29.11
5 24 14.22 -6.44 -0.29 14.84 -6.18 0.19 14.98 -5.79 -0.43 14.35 -6.25 0.96
5 24 6.53 -8.58 -10.68 5.27 -8.41 -10.27 5.55 -8.53 -11.56 7.03 -8.4 -9.95
5 24 -2.45 -4.24 -14.44 -2.66 -3.74 -14.77 -1.32 -4.11 -15.23 -3.42 -3.98 -14.17
5 24 -7.76 20.03 23.94 -6.76 21.12 24.25 -7.25 21.64 23.57 -7.24 19.8 24.69
5 24 14.65 -4.58 -3.39 15.16 -6.01 -2.79 14.35 -6.02 -3.28 16.13 -4.47 -1.83
5 24 -5.57 37.14 26.98 -5.43 36.32 27.43 -5.25 36.81 26.3 -5.49 38.07 28.43
5 24 -2.54 40.1 25.21 -3.56 40.16 26.03 -3.37 40.81 26.02 -2.71 39.62 25.22
5 24 -7.95 -6.67 6.59 -7.13 -7.33 7.47 -7.53 -6.9 9.46 -7.85 -6.61 5.86
5 24 6.53 -8.58 -10.68 7.03 -8.4 -9.95 5.27 -8.41 -10.27 7.78 -7.81 -10.46
5 24 16.26 4.16 -2.14 16.33 2.07 -3 16.46 2.56 -1.21 15.9 3.52 -4.05
5 24 -3.06 27.52 19.45 -4.09 26.08 20.66 -3.16 26.34 19.73 -5.56 27.97 20.55
5 24 -4.26 -10.78 -0.06 -4.85 -10.66 0.24 -5.04 -10.43 -0.53 -4.32 -10.42 1.06
5 24 -7.16 25.81 25.02 -7.22 25.39 25.87 -7.08 25.99 26.08 -6.99 24.04 24.96
5 24 -1.43 27.42 19.63 -1.81 26.44 19.53 -3.06 27.52 19.45 -0.51 27.29 20.8
5 24 -0.12 8.82 17.92 -0.11 7.45 18.48 1.01 8.19 17.62 -0.98 8.39 18.71
5 24 -0.06 14.67 21.15 0 13.42 22.23 -0.23 13.61 20.29 0.6 14.63 22.26
5 24 3.07 25.98 25.85 3.08 27.7 24.18 3.6 27.64 25.22 1.95 26.02 24.41
5 24 -9.24 11.36 14.47 -10.33 10.16 14.1 -9.28 8.54 15.21 -10.54 11.59 13.15
5 24 11.73 -3.87 12.69 10.94 -4.6 12.56 11.73 -4.22 12.01 10.92 -3.41 13.7
5 24 -0.78 29.93 29.75 -0.21 30.75 29.8 -1.95 30.03 30.27 -0.3 29.89 28.87
5 24 -2.09 6.05 20.71 -1.91 6.49 22.63 -2.09 7 20.72 -2.25 5.09 21.1
5 24 -13.64 0.88 10.53 -13.55 0.74 9.94 -13.67 1.56 10.24 -13.35 -0.15 9.86
5 24 -3.48 -12.04 21.8 -2.89 -11.94 23.01 -4.95 -11.66 23.11 -2.1 -11.19 22.56
5 24 -7.47 -1.38 29.84 -5.46 -0.4 31.12 -6.92 -2 30.45 -6.08 0.56 30.6
5 24 -12.39 1.44 24.05 -11.78 1.41 23.51 -12.2 0.25 23.54 -11.78 2.49 23.96
5 24 -7.27 18.82 24.18 -7.76 20.03 23.94 -7.24 19.8 24.69 -8.41 18.74 23.17
5 24 -5.52 2.9 31.84 -5.84 3.89 31.63 -4.42 3.37 31.89 -6.84 2.72 30.98
5 24 -10.38 -6.62 17.9 -9.29 -7.8 18.07 -10.01 -6.67 17.52 -9.57 -7.87 18.52
5 24 -1.1 0.28 19.53 -1.92 1.03 20.62 -1.48 -0.62 19.81 -0.91 1.05 20
5 24 11.65 12.01 10.44 10.64 11.21 11.14 10.67 12.15 10.56 11.87 11.58 10.47
5 24 0.2 -10.57 21.37 0.15 -10.12 20.54 -0.31 -11.29 20.56 0.28 -9.59 21.1
5 24 2.24 22.12 27.65 1.2 21.91 28.51 1.2 23.05 28.72 1.21 21.2 28.09
5 24 -12.04 4.8 13.29 -11.58 4.3 13.69 -10.11 6.49 15.53 -12.51 3.78 12.75
5 24 -15.66 1.79 0.38 -15.55 3.42 0.77 -15.55 3.14 -0.04 -15.63 3.05 2.07
5 24 -5.62 21.15 18.96 -5.77 20.51 18.74 -4.49 20.59 18.32 -6.6 20.77 19.69
5 24 -0.21 38.57 25.27 -1.68 38.35 24.66 -0.57 37.39 24.44 -1.38 38.98 24.88
5 24 -12.45 0.27 12.31 -11.53 -1.87 13.2 -11.68 0.08 13.12 -12.18 -1.06 11.49
5 24 -8.77 -8.84 26.37 -8.53 -9.47 25.64 -7.71 -9.08 26.66 -9.22 -8.83 24.94
5 24 -1.53 -3.1 29.33 -3.85 -3.44 29.42 -2.62 -5.14 28.31 -2.83 -1.99 29.5
5 24 -6.95 -7.95 10.21 -7.53 -6.9 9.46 -8.06 -7.41 10.35 -6.7 -7.36 9.49
5 24 -11.15 -2.69 13.12 -10.37 -2.59 13.72 -11.04 -1.81 13.76 -10.43 -3.28 13.07
5 24 15.46 0.82 -4.96 15.62 -1.67 -2.79 15.05 -1.43 -5.38 15.57 1.31 -4.3
5 24 9.17 6.81 14.93 7.99 7.97 14.94 8.53 8.05 14.45 6.97 7.07 15.79
5 24 13.06 11.38 3.58 12.5 12.61 4.02 12.76 12.56 4.32 12.65 11.25 3.19
5 24 -9.44 7.81 26.82 -10.75 7.06 26.38 -10.53 7.54 25.47 -10.06 6.37 27.02
5 24 -10.19 11.88 24.05 -10.15 10.8 24.73 -10.18 10.89 23.92 -9.86 12.33 24.58
5 24 -4.87 36.26 29.73 -4.77 37.48 29.66 -5.43 36.32 27.43 -3.58 37.05 30.88
5 24 -2.56 29.39 19.85 -3.83 30.76 19.85 -4.83 29.75 20.8 -1.83 31.73 19.43
5 24 7.42 16.06 11.98 6.95 16.85 12.73 7.6 17.1 11.07 6.65 16.83 13.21
5 24 -12.03 15.53 9.52 -11.49 15.87 8.65 -10.6 16.47 9.77 -12.45 14.84 9.65
5 24 1.08 37.84 25.45 1.11 36.78 24.64 -0.57 37.39 24.44 2.08 37.01 26.1
5 24 -0.65 -9.82 23.07 -0.89 -10.68 22.7 -0.09 -10.39 22.27 -1.16 -10.21 23.38
5 24 -7.16 25.81 25.02 -6.39 25.27 24.02 -6.99 24.04 24.96 -6.56 25.76 24.22
5 24 3.56 31.56 26.74 2.84 31.11 26.13 3.31 33.2 24.48 2.74 30.59 27.65
5 24 2.66 4.71 18.13 3.09 5.7 17.63 0.28 5.44 18.5 3.65 4.61 17.32
5 24 11.41 -6.95 0.12 11.94 -6.68 -0.08 11.45 -7 -0.63 12.49 -6.28 0.77
5 24 -3.44 -9.78 4.1 -3.47 -9.71 2.11 -1.8478 -9.5 2.7654 -4.52 -9.28 2.49
5 24 -4.81 38.25 26.6 -5.57 37.14 26.98 -5.03 37.37 26.22 -5.49 38.07 28.43
5 24 -2.62 45.51 31.98 -3.26 45.1 31.93 -3.17 45.21 31.74 -2.81 45.28 32.52
5 24 -3.89 38.74 31.12 -4.28 40.1 30.12 -3.75 40.3 30.68 -4.75 38.56 30.3
5 24 -3.51 -11.51 19.57 -3.06 -11.65 20.74 -2.82 -11.9 20.02 -4.14 -11.28 20.09
5 24 -4.09 26.08 20.66 -4.83 24.15 20.27 -4.39 24.63 19.35 -4.59 25.46 21.65
5 24 1.05 -6.14 24.42 0.4 -6.6 24.61 0.8 -6.89 23.84 0.3 -4.94 24.95
5 24 -12.56 5.85 -6.36 -11.2 3.33 -7.51 -11.86 6.21 -6.21 -12.07 2.99 -7.58
5 24 -4.15 -12.05 17.87 -5.42 -12 17.61 -4.34 -12.13 18.81 -4.17 -11.55 17.11
5 24 0.95 -8.6 19.64 1.13 -6.94 19.46 1.06 -7.33 20.37 1.21 -6.92 18.77
5 24 -14.66 10.43 9.04 -13.86 11.6 9.42 -13.96 11.06 8.18 -14.18 10.87 9.7
5 24 10.37 -8.35 -6 10.1 -7.63 -7.33 11.15 -8.11 -6 9.41 -8 -6.72
5 24 -11.72 -6.5 22.45 -10.48 -6.92 24.13 -11.01 -6.22 24.67 -11.49 -7.06 22.21
5 24 -6.98 17.63 11.07 -6.8 2.03 11.34 -5.31 17.9 11.87 -7.95 17.32 10.44
5 24 12.45 1.87 -3.1 12.21 7.94 -5.05 12.6 8.84 -3.61 11.97 6.18 -5.89
5 24 0.75 2.72 -12.65 3.59 1.26 -11.21 -0.54 0.92 -11.92 3.39 2.4 -12.04
5 24 -11.17 3.46 26.47 -12.01 3.15 25.79 -11.67 4.53 25.6 -11.2 2.74 26.74
5 24 -3.85 -3.44 29.42 -2.83 -1.99 29.5 -1.53 -3.1 29.33 -4.13 -2.65 29.92
5 24 7.42 -7.69 5.43 7.96 -6.98 7.03 8.19 -7.47 4.94 7.48 -7.18 7.04
5 24 -11.55 -6.97 -1.45 -10.9 -7.27 -0.76 -12.05 -5.97 -1.26 -10.44 -8.05 -1.9
5 24 -9.05 9.29 28.06 -9.44 7.81 26.82 -9.42 8.41 28.15 -9.72 8.34 26.06
5 24 -0.29 20.52 22.24 1.04 19.96 22.98 -0.08 19.46 22.31 -0.22 21.45 22.29
5 24 -13.02 14.02 7.79 -12.78 13.36 8.99 -13.21 12.29 8.99 -12.6 14.19 8.55
5 24 -12.1 0.43 22.16 -11.21 1.43 22.27 -11.78 1.41 23.51 -11.55 0.9 21.7
5 24 10.96 -8.52 -4.58 11.91 -7.44 -3.44 12.57 -6.99 -5.25 11.02 -7.32 -3.06
5 24 1.04 19.96 22.98 1.59 20.62 23.54 -0.22 21.45 22.29 2.28 19.55 24.16
5 24 15.9 3.52 -4.05 16.33 2.07 -3 16.26 4.16 -2.14 15.57 1.31 -4.3
5 24 1.57 20.5 27.39 2.36 21.23 25.88 2.09 21.05 27.5 1.89 20.1 25.87
5 24 -6.44 -7.96 27.72 -6.7 -6.74 28.44 -5.69 -7.28 28.49 -7.86 -7.52 28.04
5 24 -8.58 -8.48 15.79 -9.56 -7.96 15.71 -8.74 -8.44 16.74 -8.71 -8.11 15.1
5 24 1.41 -5.59 23.38 1.24 -4.5 23.15 1.14 -5.5 22.69 1.23 -4.44 24.39
5 24 1.76 -10.17 7.71 2.8 -9.96 7.2 1.88 -9.41 8.82 2.45 -10.33 6.8
5 24 -6.03 -9.01 1.29 -7.08 -9.04 0.38 -7.13 -8.78 1.07 -6.06 -9.48 0.19
5 24 12.61 11.39 9.59 12.76 10.93 8.56 12.41 10.23 9.21 12.58 12.22 8.67
5 24 -9.52 -8.08 24 -10.42 -7.67 23.71 -10.15 -8.46 22.95 -9.77 -7.12 24.94
5 24 8.3 5.65 15.16 7.87 6.25 15.65 9.17 6.81 14.93 7.9 5.75 15.46
5 24 -0.07 -7.7 -11.17 -2.54 -7.55 -8.62 -2.83 -7.41 -9.96 0.64 -7.75 -10.73
5 24 0.13 45.55 30.42 0.26 44.1 29.67 -1.1 44.03 32.19 -0.35 44.81 28.74
5 24 -4.83 24.15 20.27 -4.45 23.72 19.05 -4.39 24.63 19.35 -4.94 23.53 20.08
5 24 12.5 3.21 9.94 11.75 4.96 10.27 12.25 2.84 10.83 12.02 4.98 9.57
5 24 -14.76 0.29 3.28 -15.07 1.32 1.9 -15.2 2.19 3.07 -14.7 -0.67 2.19
5 24 -6.19 12.62 17.94 -6.23 12.1 17.79 -6.3 11.45 18.45 -6.4 12.26 16.75
5 24 -15.02 3.06 9.28 -13.67 1.56 10.24 -14.68 3.41 10.31 -13.95 1.9 9.22
5 24 7.6 17.1 11.07 8.39 16.69 10.18 7.52 17.25 10.72 8.73 16.42 10.49
5 24 -13.61 11.81 8.56 -13.47 12.69 6.67 -13.96 11.06 8.18 -13.38 13.49 7.21
5 24 -10.07 -8.33 20.32 -9.53 -8.98 20.17 -9.73 -7.79 19.1 -9.64 -8.84 21.52
5 24 2.88 -9.52 9.16 3.24 -9.37 10.58 2.55 -9.82 9.83 3.73 -9.32 9.9
5 24 -7.73 11.48 15.33 -6.4 12.26 16.75 -7.19 10.59 17.33 -6.36 13.26 15.84
5 24 -11.89 -2.32 8.84 -12.24 -1.28 9.06 -12.14 -1.78 10.25 -12.7 -0.98 7.93
5 24 3.76 15.12 14.74 3.78 14.44 15.2 4.9 14.03 14.24 2.64 15.18 15.17
5 24 0.96 0.53 26.36 1.01 -0.68 26.61 1.08 0.52 25.68 0.38 -0.12 27.01
5 24 14.22 -6.44 -0.29 13.48 -6.56 0.32 12.86 -6.43 0.13 14.35 -6.25 0.96
5 24 6.82 8.12 15.66 5.67 9.35 15.51 5.26 8.84 15.72 7.5 8.89 15.48
5 24 -12.92 1.36 -7.82 -11.8 -1.3 -8.27 -13.29 0.74 -7.44 -10.82 -1.66 -9.09
5 24 -6.02 -3.72 -12.91 -7.38 -1.86 -12.66 -5.51 -2.15 -13.52 -7.69 -2.72 -12.21
5 24 -2.13 2.66 -12.45 -0.54 0.92 -11.92 0 2.47 -12.62 -3.38 2.91 -12.24
5 24 6.76 -6.29 12 5.71 -6.02 14.13 6.6 -5.96 13.59 4.58 -6.26 14.47
5 24 -5.56 -10.61 24.76 -4.9 -11.39 24.58 -4.74 -10.99 25.25 -5.4 -10.97 24.13
5 24 -1.07 -5.92 -14.39 -2.32 -5.26 -13.47 -2.73 -5.26 -12.46 -1.93 -5.29 -14.41
5 24 -0.41 -3.17 22.02 0.61 -4.15 22.25 0.09 -3.88 21.06 -0.24 -1.98 23.14
5 24 -7.43 17.67 19.88 -7.27 18.33 20.15 -7.86 18.01 20.81 -6.75 18.73 19.42
5 24 -6.63 33.37 26.11 -5.88 34 25.42 -6.22 33.75 26.1 -6.32 33.23 25.11
5 24 10.12 11.53 12.73 9.35 12.28 12.3 9.78 12.11 11.77 9.56 11.33 13.21
5 24 -10.82 6.98 24.22 -11.98 6.18 25.27 -11.84 5.83 24.16 -10.99 7.02 25.52
5 24 -2.62 45.61 28.36 -1.39 45.26 28.35 -2.47 46.12 28.99 -2.92 44.49 28.09
5 24 -1.03 46.04 30.87 -1.28 45.33 31.97 -1.86 45.73 31.97 -0.9 45.01 31.8
5 24 -13.74 2.96 11.2 -14.57 4.04 10.45 -14.68 3.41 10.31 -13.56 3.83 11.38
5 24 11.67 -5.3 6 10.32 -6.8 5.44 11.83 -5.37 5 10.51 -5.73 7.91
5 24 -4.25 44.17 31.88 -3.26 45.1 31.93 -3.7 44.93 31.26 -3.56 44.54 32.58
5 24 -13.95 1.9 9.22 -13.54 1.59 8.27 -13.81 2.35 8.42 -13.28 1.13 9.26
5 24 -6.86 -0.88 18.44 -7.42 0.75 17.26 -7.43 -1.42 17.08 -6.97 0.84 18.85
5 24 -2.35 43.13 26.67 -2.92 44.49 28.09 -3.73 43.06 27.03 -1.48 44.01 27.95
5 24 -0.35 14.01 29.05 0.74 12.91 27.62 0.9 13.91 27.65 -0.04 12.87 28.23
5 24 -3.51 33.2 29.78 -3.77 33.9 28.72 -3.33 34.3 30.17 -3.66 32.86 28.83
5 24 -0.96 38.92 31.33 -3.89 38.74 31.12 -1.23 39.69 31.41 -3.79 37.9 30.87
5 24 -5.56 27.97 20.55 -3.06 27.52 19.45 -5.38 28.92 20.42 -4.09 26.08 20.66
5 24 2.37 -0.06 18.07 2.63 -1.51 17.88 3.09 -1.39 17.02 1.65 -1.06 18.51
5 24 1.45 2.72 18.83 -0.38 2.93 19.66 -0.16 3.55 19.11 -0.7 1.89 20.11
5 24 0.84 2.93 25.53 0.82 4.53 25.18 -0.46 4.8 23.38 0.94 3.91 25.92
5 24 1.88 14.83 23.61 0.6 14.63 22.26 1.31 13.95 23.57 1.49 15.57 22.38
5 24 0.28 5.44 18.5 2.66 4.71 18.13 3.09 5.7 17.63 -0.02 4.53 18.73
5 24 1.16 -9.22 18.79 1.21 -6.92 18.77 0.95 -8.6 19.64 1.3 -7.72 17.6
5 24 7.96 -8.56 -1.01 5.83 -9.05 -3.88 8.72 -8.34 -2.7 6.57 -8.65 -0.57
5 24 -2.52 -8.55 25.99 -1.29 -8.7 25.39 -1.39 -7.9 25.95 -2.19 -9.15 25.67
5 24 -7.31 22.62 26.57 -7.72 23.25 25.29 -7.66 22.52 25.48 -7.64 23.32 25.78
5 24 -5.08 33.36 20.99 -4.7 32.6 20.36 -4.46 33.25 20.6 -5.49 32.8 21.07
5 24 -11.24 -7.45 -2.72 -11.55 -6.97 -1.45 -12.1 -6.49 -2 -10.44 -8.05 -1.9
5 24 -5.69 -7.28 28.49 -5.1 -8.62 28.19 -6.44 -7.96 27.72 -4.06 -7.77 28.38
5 24 -0.22 20.55 20.96 0.03 21.08 20.32 -0.22 21.45 22.29 -0.48 20.1 19.74
5 24 -10.73 9.3 24.05 -10.27 10.11 24.32 -10.74 10.14 25.16 -10.23 9.67 23.84
5 24 -11.01 0.7 26.11 -10.29 1.38 26.87 -11.65 1.29 25.75 -10.47 0.81 26.54
5 24 -9.63 13.61 13.56 -9.24 15.76 12.93 -10.21 15.32 12.26 -7.94 15.81 13.53
5 24 14.2 -4.9 6.06 12.53 -5.16 6.27 13.46 -4.82 6.72 13.61 -5.62 5.12
5 24 -1.1 36.25 22.58 -2.02 35.81 21.54 -0.66 34.28 22.18 -2.08 36.9 22.65
5 24 -11.02 4.92 26.13 -10.31 5.85 26.93 -11.32 5.8 26.53 -10.04 5.13 26.7
5 24 -9.57 -3.24 19.27 -9.96 -4.37 18.62 -9.21 -3.63 18.9 -11.24 -4.08 19.4
5 24 -15.02 3.06 9.28 -15.09 4.02 9.45 -14.56 3.98 8.2 -14.68 3.41 10.31
5 24 -0.51 27.29 20.8 -0.46 25.96 21.06 -0.17 26.91 22.38 -1.81 26.44 19.53
5 24 -12.03 15.53 9.52 -10.6 16.47 9.77 -11.44 16.04 10.14 -11.49 15.87 8.65
5 24 1.58 -3.34 -15.74 0.04 -2.67 -16.17 1.52 -0.77 -15.16 -1.33 -3.44 -15.41
5 24 -6.76 -4.15 29.42 -5.47 -4.42 29.96 -5.85 -3.68 29.87 -6.44 -5.36 29.58
5 24 14.81 8.04 5.59 14.82 8.93 6.13 14.54 8.41 6.56 14.98 8.65 3.99
5 24 11.74 -5.38 10.3 11.6 -5.21 9.58 11.14 -5.82 10.39 12.41 -4.5 10.15
5 24 -4.24 43.78 31.95 -4.25 44.17 31.88 -5.35 43.4 29.66 -3.42 44.18 32.72
5 24 -8.74 -7 27.99 -9.96 -5.33 27.4 -9.65 -6.51 26.98 -9.26 -5.72 28.25
5 24 -0.41 0.71 23.58 0.48 -0.29 24.7 -0.64 -0.65 23.78 0.83 0.65 24.7
5 24 -14.97 -2 -4.14 -14.84 -1.08 -4.46 -15.12 -1.38 -2.99 -14.1 -2.82 -5.32
5 24 -12.92 1.36 -7.82 -10.82 -1.66 -9.09 -11.37 1.07 -8.73 -11.8 -1.3 -8.27
5 24 -16.08 5.93 -0.63 -16.06 4.64 -1.05 -15.92 4.76 -0.3 -16.18 4.93 -2.57
5 24 0.34 25.51 28.34 -0.53 24.38 29.69 -0.51 26.53 29.44 0.46 24.34 28.7
5 24 -0.53 33.12 29.95 -0.35 31.74 30.03 0.07 32.38 29.35 -1.5 32.72 30.38
5 24 -5.91 -9.16 11.89 -4.93 -8.66 10.05 -4.95 -9.49 11.74 -5.93 -8.34 10.1
5 24 -1.04 9.9 22.58 -1.68 9.18 21.22 -1.31 10.31 21.39 -1.06 8.99 22.41
5 24 -11.78 1.41 23.51 -11.21 1.43 22.27 -12.1 0.43 22.16 -11.04 2.29 22.88
5 24 12.47 9.1 10.57 11.86 8.42 10.92 12.27 9.53 10.73 12.59 8.6 9.85
5 24 -9.64 -8.84 21.52 -9.53 -8.98 20.17 -10.07 -8.33 20.32 -8.83 -9.62 21.17
5 24 -9.68 3.24 21.49 -10.55 2.05 21.71 -10.05 1.64 20.77 -10.5 3.07 22.03
5 24 -3.06 -11.65 20.74 -1.37 -11.53 21.83 -1.7 -11.29 22.19 -2.82 -11.9 20.02
5 24 3.49 -10.16 1.19 4.62 -9.71 0.17 4.56 -9.69 1.67 3.49 -9.72 -0.39
5 24 -9.239 -2 -3.827 -10.87 .95 -5.01 -12.62 1.89 -2.74 -7.071 -2 -7.071
5 24 -7.69 -2.72 -12.21 -8.48 -2.89 -11.11 -8.55 -0.79 -11.86 -6.86 -3.98 -12.11
5 24 2.55 -9.82 9.83 2.88 -9.52 9.16 2.13 -9.4 9.04 3.24 -9.37 10.58
5 24 -7.86 18.01 20.81 -7.8 16.91 20 -7.84 16.92 21.33 -7.43 17.67 19.88
5 24 -6.64 -8.93 13.04 -7.89 -8.35 12.39 -7.66 -8.56 13.45 -6.89 -8.79 12.09
5 24 0.53 36.29 29.22 0.58 35.25 28.33 0.11 35.51 29.36 1.81 36.47 28.07
5 24 -0.66 34.28 22.18 -0.25 31.97 22.16 -1.01 33.21 21.55 0.11 34.47 23.45
5 24 -5.23 32.49 28.04 -5.07 31.45 28.02 -3.66 32.86 28.83 -6.39 31.54 26.74
5 24 -3.82 -10.11 -3.49 -3.53 -10.43 -2.68 -2.73 -10.05 -2.86 -5.5 -10.19 -2.16
5 24 14.7 9.42 5.94 14.15 10.2 5.05 14.09 10.17 6.12 14.98 8.65 3.99
5 24 0.65 33.25 28.44 -0.53 33.12 29.95 0.15 34.37 29.32 0.07 32.38 29.35
5 24 -6.23 18.37 27.32 -5.21 18.56 27.86 -5.73 17.18 27.58 -5.92 19.71 26.97
5 24 -4.7 32.6 20.36 -5.49 32.8 21.07 -5.08 33.36 20.99 -5.46 30.84 20.78
5 24 -8.41 -9.92 20.62 -8.58 -10.74 21.81 -8.83 -9.62 21.17 -7.54 -10.53 20.26
5 24 -10.92 7.79 24.38 -10.82 6.98 24.22 -10.53 7.54 25.47 -10.59 7.31 23.68
5 24 -7.13 -7.33 7.47 -7.85 -6.61 5.86 -6.11 -7.44 6.5 -7.95 -6.67 6.59
5 24 -12.48 -0.44 22.37 -12.17 -1.5 22.21 -12.07 -1.12 21.75 -11.96 -1.5 22.8
5 24 11.67 9.79 11.3 11.74 10.57 10.58 12.27 9.53 10.73 11.16 10.48 11.13
5 24 -2.97 2.07 30.32 -1.34 2.06 29.96 -2.83 2.77 30.36 -2.85 0.46 29.94
5 24 12.39 1.57 11 11.53 -2.27 11.73 10.4 1.02 13.01 11.94 -1.83 11.38
5 24 -16.12 1.96 -2.18 -16.08 1.58 -1.72 -16.28 2.41 -1.76 -15.69 1.52 -2.57
5 24 -5.38 -5.09 -11.63 -3.29 -4.73 -12.75 -5.54 -4.61 -12.05 -2.73 -5.26 -12.46
5 24 2.23 -2.53 17.45 2.63 -1.51 17.88 3.09 -1.39 17.02 1.96 -2.12 17.87
5 24 -4.83 22.83 27.93 -4.24 22.3 28.54 -4.25 23.37 28.8 -5.09 21.76 27.94
5 24 -14.32 3.2 8.26 -15.02 3.06 9.28 -14.56 3.98 8.2 -13.95 1.9 9.22
5 24 -0.23 13.61 20.29 -0.39 13.46 18.92 -0.36 14.64 19.67 -0.57 12.67 19.51
5 24 -7.84 12.85 27.63 -6.62 11.48 28.78 -7.25 12.94 28.47 -7.52 10.75 27.92
5 24 -15.12 -1.38 -2.99 -14.97 -2 -4.14 -14.84 -1.08 -4.46 -14.79 -2.21 -2.52
5 24 -8.54 16.69 23.03 -8.83 15.11 23.78 -8.52 16.21 23.85 -8.86 14.77 22.45
5 24 -10.06 -6.81 1.27 -9.16 -7.53 -0.27 -8.3 -7.76 0.34 -10.54 -6.63 0.46
5 24 -5 -2 -14.51 -5.51 -2.15 -13.52 -5.42 -1.53 -14.13 -4.9 -3.1 -13.51
5 24 -5.56 27.97 20.55 -6.19 28.39 21.58 -5.38 28.92 20.42 -5.22 26.35 22.11
5 24 -10.52 -1.34 26.71 -11.05 -0.56 26.57 -11.36 -2.24 26.02 -10.27 -0.67 27.12
5 24 -2.31 16.59 30.27 -1.13 16.93 29.81 -1.48 18.95 29.57 -1.87 15.49 29.79
5 24 -8.71 -3.36 18.79 -9.21 -3.63 18.9 -8.72 -3.83 18.11 -9.3 -2.89 19.45
5 24 -1.26 42.03 26.22 -2.35 43.13 26.67 -0.94 42.71 27.06 -3.09 41.58 26.17
5 24 -8.02 -2.69 18.56 -7.21 -1.52 18.68 -7.45 -1.41 19.35 -7.7 -2.13 17.68
5 24 7.59 -2.73 15.02 7.12 -0.49 15.26 8.37 -2.49 14.43 5.27 -1.34 15.8
5 24 -4.99 26.35 27.65 -6.16 25.46 27.63 -4.08 25.47 28.34 -6.6 25.95 27
5 24 -2.43 5.94 30.25 -1.67 4.22 29.41 -2.71 4.73 30.4 -1.72 6.31 30.17
5 24 -0.68 -10.81 -0.42 -1.28 -10.73 -1.35 -2.45 -10.51 -0.78 -0.59 -10.78 -1.15
5 24 13.91 7.21 8.25 14.04 7.49 7.91 13.94 6.54 7.12 13.64 7.71 8.46
5 24 4.72 -5.69 15.55 3.44 -5.89 15.93 3.83 -6.41 14.81 3.39 -5.48 16.47
5 24 16.13 -4.47 -1.83 14.65 -4.58 -3.39 15.16 -6.01 -2.79 14.92 -3.76 -3.12
5 24 1.52 17.84 23.59 0.43 18.6 22.55 2.28 19.55 24.16 0.88 17.99 22.93
5 24 -14.33 10.06 8.45 -14.42 10.04 9.65 -14.66 10.43 9.04 -14.21 9.16 9.45
5 24 -11.32 4.16 23.4 -10.7 4.94 22.75 -11.15 3.65 22.51 -11.18 5.46 23.57
5 24 1.88 14.83 23.61 1.49 15.57 22.38 0.6 14.63 22.26 1.99 16.14 23.58
5 24 1.48 16.84 27.48 1.8 17.2 26.7 1.5 17.81 27.93 1.09 16.26 26.98
5 24 9.32 -0.67 -11.86 10.08 -2.5 -11.59 8.82 -2.59 -12.79 10.51 -0.75 -10.4
5 24 8.37 -2.49 14.43 8.75 -3.1 14.76 7.59 -2.73 15.02 9.53 -3.17 13.96
5 24 5.68 4.75 16.65 5.94 6.03 16.15 7.52 5.23 15.56 5.33 5.91 16.36
5 24 0.34 25.51 28.34 1.43 26.65 28.05 1.49 24.77 27.73 0.25 26.53 28.38
5 24 -8.53 5.98 16.51 -10.11 6.49 15.53 -8.57 6.76 16.55 -9.67 4.62 15.49
5 24 -13.39 -3.76 -4.27 -12.66 -4.55 -4.86 -12.73 -3.75 -5.12 -13.32 -4.4 -3.61
5 24 -12.96 9.08 1.35 -13.01 2.16 0.91 -12.8 10.07 2.46 -13.01 8.66 0.32
5 24 -15.62 2.31 -0.26 -15.66 1.79 0.38 -15.5 1.34 -0.76 -15.55 3.14 -0.04
5 24 9.96 -3.66 13.92 8.99 -3.61 14.96 9.6 -3.98 14.39 9.53 -3.17 13.96
5 24 -7.79 13.11 19.04 -8.6 13.9 19.94 -7.45 14.53 18.81 -8.81 12.63 20.76
5 24 -7.59 21.69 22.83 -7.83 22.29 22.46 -7.31 22.18 23.21 -7.6 21.35 22.16
5 24 -6.3 11.45 18.45 -6.23 12.1 17.79 -6.4 12.26 16.75 -6.19 12.62 17.94
5 24 -11.47 1.1 13.51 -11.68 0.08 13.12 -11.04 0.13 13.66 -12.51 0.94 13.16
5 24 12.5 12.61 4.02 11.06 1.99 7.37 11.18 15.03 7.12 12.43 1.98 3.95
5 24 5.75 1.26 -10.3 7.071 -2 -7.071 8.06 1.26 -8.63 3.827 -2 -9.239
5 24 -2.41 32.45 30.25 -3.06 33.58 30.5 -1.87 33.27 30.88 -3.51 33.2 29.78
5 24 0.4 30.7 22.4 1.14 31.19 22.91 1.94 30.76 23.33 -0.25 31.97 22.16
5 24 -10.08 -0.33 27.92 -9.55 0.29 29.5 -10.2 0.97 28.83 -9.63 -0.86 28.93
5 24 -6.06 28.08 24.52 -6.43 28.65 24.99 -6.34 27.97 25.34 -5.42 28.58 23.44
5 24 -13.39 -3.76 -4.27 -14.1 -2.82 -5.32 -13.93 -3.6 -3.64 -12.73 -3.75 -5.12
5 24 1.29 -0.39 18.67 -0.2 0.05 18.98 -0.01 -0.87 19.05 1.05 0.37 18.65
5 24 -13.39 10 10.98 -13.09 9.7 11.99 -12.58 10.33 11.75 -13.34 8.45 12.34
5 24 7.77 3.18 14.93 8.41 2.08 13.8 8.66 3.83 14.09 6.54 1.53 15.28
5 24 6.88 -1.24 -13.23 5.78 -3.81 -13.99 5.49 -1.27 -14.2 7.16 -4.05 -13.22
5 24 15.27 7.28 -1.5 14.8 7.96 -1.37 15.03 7.69 0.03 14.56 7.7 -3.8
5 24 10.68 8.11 13.34 10.28 9.27 12.9 10.98 8.24 12.74 9.86 9.22 13.39
5 24 -8.57 20.36 23.23 -8.29 20.62 23.58 -7.76 20.03 23.94 -8.24 20.83 23.1
5 24 -4.62 16.9 14.98 -5.56 15.32 15.06 -6.16 16.55 13.83 -4.36 15.69 15.67
5 24 12.6 8.84 -3.61 12.45 1.87 -3.1 13.1 8.62 -1.22 12.21 7.94 -5.05
5 24 -10.23 0.11 -9.67 -9.57 1.28 -10.2 -10.52 1.62 -9.04 -8.55 -0.79 -11.86
5 24 3.87 -8.89 -4.05 5.67 -9.26 -5.01 5.83 -9.05 -3.88 5.03 -9.18 -6.07
5 24 0.27 -10.26 -0.35 0.22 -10.13 -1.49 0.93 -10.04 -0.41 -0.59 -10.78 -1.15
5 24 -0.81 -11.18 22.26 -0.89 -10.68 22.7 -0.09 -10.39 22.27 -1.7 -11.29 22.19
5 24 -8.71 -9.56 18.84 -8.41 -9.92 20.62 -9.29 -9.29 19.29 -7.69 -10.06 19.21
5 24 -11.53 2.17 13.41 -12.51 3.78 12.75 -12.9 1.77 12.9 -11.68 3.26 13.25
5 24 -4.81 2.07 -13.91 -5.55 0.97 -14.62 -4.48 1.27 -14.79 -6.05 1.89 -13.51
5 24 -7.65 -10.29 17.79 -7.69 -10.06 19.21 -7.29 -10.9 18.82 -8.31 -9.51 18.09
5 24 8.72 1.68 -10.5 9.44 0.57 -10.8 8.32 0.85 -11.71 10.7 2.39 -8.93
5 24 5.33 5.91 16.36 4.22 6.6 16.87 5.42 7.03 16.8 4.64 5.83 16.56
5 24 3.16 7.43 16.95 1.25 7.21 17.56 1.5 6.31 17.51 2.81 8.24 17.01
5 24 -8.71 18.09 21.89 -8.28 17.63 22.56 -8.41 18.74 23.17 -8.26 17.46 21.86
5 24 13.64 7.71 8.46 14.04 7.49 7.91 13.91 7.21 8.25 14.09 8.79 7.31
5 24 -8.83 -9.62 21.17 -9.64 -8.84 21.52 -9.47 -8.77 22.6 -9.53 -8.98 20.17
5 24 -9.31 16.67 9.21 -9.5 16.8 10.71 -8.64 16.97 9.84 -10.6 16.47 9.77
5 24 -7.96 2.24 17.23 -7.27 2.14 18.97 -7.42 0.75 17.26 -7.58 3.35 18.39
5 24 1.99 16.14 23.58 1.93 16.59 24.6 1.67 17.11 23.61 2.09 15.69 24.86
5 24 -1.43 -7.41 26.93 -0.21 -7.27 25.73 -0.37 -6.37 26.73 -1.39 -7.9 25.95
5 24 -10.15 -8.46 22.95 -10.42 -7.67 23.71 -10.8 -8.12 22.98 -9.52 -8.08 24
5 24 -4.2 33.87 23.98 -5.19 32.91 24.51 -4.83 34.74 25.61 -4.69 31.27 23.54
5 24 -4.9 -11.39 24.58 -4.74 -10.99 25.25 -5.56 -10.61 24.76 -3.28 -11.27 24.92
5 24 2.68 -9.53 8.57 2.8 -9.96 7.2 1.88 -9.41 8.82 3.09 -9.93 7.47
5 24 -2.81 45.28 32.52 -2.09 45.39 32.7 -2.37 45.02 33.07 -2.62 45.51 31.98
5 24 -10.79 7.29 22.24 -10.58 6.49 23.41 -10.42 6.14 22.55 -10.59 7.31 23.68
5 24 1.11 -9.27 14.71 0.83 -9.56 15.12 0.29 -9.86 14.54 1.49 -8.74 15.48
5 24 -0.49 22.94 29.05 -0.53 24.38 29.69 -0.93 23.48 29.73 0.46 24.34 28.7
5 24 7.93 -5.85 11.86 6.76 -6.29 12 7.64 -6.44 10.48 7.72 -5.7 12.93
5 24 -12.88 8.77 -2.78 -13.67 8.57 -3.12 -13.02 8.81 -1.3 -12.47 8.35 -4.59
5 24 -3.77 45.59 28.96 -2.62 45.61 28.36 -3.77 44.6 28.74 -2.47 46.12 28.99
5 24 2.13 -5.48 -15.85 1.68 -4.17 -16.02 3.15 -4.67 -15.62 1.29 -5.55 -15.39
5 24 -0.7 -4.23 26.34 0.19 -3.65 25.87 -0.45 -4.54 25.61 -0.3 -3.53 26.62
5 24 1.52 17.84 23.59 2.27 18.18 24.67 1.69 16.92 25.25 2.28 19.55 24.16
5 24 -0.3 29.89 28.87 -0.21 30.75 29.8 0.37 31.21 28.92 -0.78 29.93 29.75
5 24 10.03 -5.39 9.95 11.14 -5.82 10.39 10.4 -5.2 9.55 10.01 -5.66 10.7
5 24 -7.69 12.62 14.58 -9.24 11.36 14.47 -7.73 11.48 15.33 -9.26 12.14 13.95
5 24 -15.02 8.28 0.13 -14.58 9.01 1.66 -13.01 8.66 0.32 -15.3 8.66 1.91
5 24 -2.37 -0.43 -15.78 -3.68 -0.28 -15.64 -3.29 -1.11 -15.71 -3.33 1.4 -15.07
5 24 -6.06 28.08 24.52 -6.62 26.89 24.26 -6.34 27.97 25.34 -5.6 27.88 23.76
5 24 1.42 -6.17 21.8 1.74 -5.72 20.71 1.56 -5.03 21.32 1.55 -6.69 20.93
5 24 -7.88 18.15 23.28 -8.41 18.74 23.17 -8.28 17.63 22.56 -7.27 18.82 24.18
5 24 -2.14 26.41 30.07 -0.81 27.05 30.01 -2.52 27.66 29.93 -2.12 26 29.84
5 24 -4.78 42.24 27.65 -5.01 40.98 27.55 -3.09 41.58 26.17 -5.14 42.2 29.53
5 24 -6.7 20.17 19.39 -7.09 19.73 20.24 -6.9 20.19 20.54 -7.34 19.07 20.31
5 24 -2.71 4.73 30.4 -2.43 5.94 30.25 -1.67 4.22 29.41 -3.02 5.51 30.64
5 24 1.49 -8.74 15.48 2.73 -7.92 14.58 1.74 -8.05 16.31 2.69 -8.17 14.12
5 24 -6.39 31.54 26.74 -6.75 32.64 26.29 -5.23 32.49 28.04 -6.66 31.99 25.55
5 24 6.96 -3.05 15.32 6.8 -3.53 15.7 7.59 -2.73 15.02 5.52 -3.19 15.85
5 24 -10.38 -5.05 18.13 -10.61 -6.45 18.52 -10.1 -6.03 17.36 -10.6 -5.41 18.85
5 24 9.78 15.38 10.57 9.3 15.22 11.54 9.07 16.02 10.8 9.78 12.11 11.77
5 24 -0.06 14.67 21.15 -0.36 14.64 19.67 -0.23 13.61 20.29 -0.27 15.47 20.91
5 24 -8.58 -10.74 21.81 -6.93 -11.56 21.38 -7.54 -10.53 20.26 -7.59 -10.97 23.37
5 24 -7.42 -8.9 -4.76 -7.58 -9.08 -2.81 -8.47 -8.68 -4.37 -6.45 -9.29 -3.26
5 24 3.4 34.55 24.76 3.17 35.34 26.64 3.79 33.53 26.8 3.15 35.92 26
5 24 -3.26 13.52 30.75 -3.48 14.85 30.22 -2.38 14.17 30.17 -3.96 14.07 30.49
5 24 1.75 38.88 28.82 1.07 38.86 29 1.5 39.51 28.31 1.48 37.76 29.56
5 24 -9.86 12.33 24.58 -9.58 11.09 25.36 -10.15 10.8 24.73 -9.23 12.87 25.15
5 24 -11.22 -5.84 1.47 -10.52 -5.96 2.03 -10.06 -6.81 1.27 -11.69 -5.01 2.42
5 24 -6.89 17.5 26.81 -7.71 18.7 25.14 -7.68 19.15 25.72 -6.96 16.88 25.08
5 24 10.59 11.17 12.08 10.68 10.78 12.49 11.16 10.48 11.13 10.12 11.53 12.73
5 24 -1.39 -7.9 25.95 -1.43 -7.41 26.93 -0.21 -7.27 25.73 -2.61 -8.09 26.9
5 24 -8.92 -2.25 29.42 -7.98 -2.06 29.49 -8.31 -3.32 29.49 -8.75 -1.54 29.36
5 24 16.14 5.65 -0.25 16.38 4.43 0.36 15.75 6.28 1.09 16.08 4.58 -1.19
5 24 -7.79 23.5 22.59 -7.73 23.5 23.52 -7.83 22.29 22.46 -7.57 23.99 22.92
5 24 3.79 33.53 26.8 3.4 34.55 24.76 3.31 33.2 24.48 3.17 35.34 26.64
5 24 0.68 9.97 26.31 1.65 10.79 25.42 0.57 8.96 25.92 0.85 11.42 26.14
5 24 5.94 6.03 16.15 7.52 5.23 15.56 5.68 4.75 16.65 6.61 6.2 15.86
5 24 2.69 -9.99 6 2.45 -10.33 6.8 2.8 -9.96 7.2 2 -10.47 6.27
5 24 3.61 -10.27 4.14 2.66 -10.08 3.61 2.42 -10.12 4.38 3.68 -9.98 3.64
5 24 -0.59 -10.78 -1.15 0.27 -10.26 -0.35 0.22 -10.13 -1.49 -0.68 -10.81 -0.42
5 24 3.09 -1.39 17.02 2.37 -0.06 18.07 3.18 0.17 17.21 2.63 -1.51 17.88
5 24 -7.32 15.53 24.68 -8.52 16.21 23.85 -6.96 16.88 25.08 -8.83 15.11 23.78
5 24 1.89 20.1 25.87 2.28 19.55 24.16 2.27 18.18 24.67 1.94 21.53 24.51
5 24 -0.79 11.69 18.74 0.15 10.83 18.16 0.15 11.6 17.64 -0.88 11.34 18.97
5 24 -6.66 31.99 25.55 -6.39 31.54 26.74 -6.75 32.64 26.29 -5.99 31.04 25.44
5 24 10.88 7.62 11.97 11.86 8.42 10.92 11.03 8.5 11.9 11.59 7.38 10.91
5 24 4.64 -7.58 -11.86 5.3 -8.1 -12.13 4.88 -7.34 -12.79 4.93 -7.99 -11.13
5 24 -10.98 14.14 11.94 -12.69 11.98 11.53 -11.35 12.59 12.21 -12.02 14.07 10.61
5 24 13.06 11.38 3.58 13.08 10.41 3.12 12.65 11.25 3.19 13.54 10.32 3.96
5 24 -16.08 5.93 -0.63 -16.07 5.88 -2.75 -15.94 6.95 -1.47 -16.18 4.93 -2.57
5 24 -15.34 7.51 -2.64 -15.6 7.65 -0.84 -14.8 8.3 -1.49 -15.94 6.95 -1.47
5 24 -15.33 2.64 -3.18 -15.6 1.15 -3.71 -15.09 2.69 -4.1 -15.69 1.52 -2.57
5 24 -8.73 12.66 22.29 -8.94 13.1 21.01 -8.69 13.3 21.95 -9.03 11.83 22.15
5 24 -12.43 -4.37 1.39 -12.56 -3.8 0.68 -12.85 -3.59 2.15 -11.71 -4.95 -0.12
5 24 -3.47 -9.71 2.11 -3.41 -9.85 1.65 -4.06 -9.71 1.76 -2.68 -9.96 1.35
5 24 1.5 6.31 17.51 3.09 5.7 17.63 3.6 6.11 17.12 0.28 5.44 18.5
5 24 -3.62 46.09 30.82 -3.11 46.22 30.77 -3.46 46.14 29.52 -3.19 45.53 31.36
5 24 -1.27 21.76 18.35 -1.71 23.37 18.57 -3.17 23.17 18.65 -0.4 22.63 19.24
5 24 10.68 8.11 13.34 11.02 7.64 12.69 10.98 8.24 12.74 10.22 6.77 12.86
5 24 1.04 -3.85 25.47 0.3 -4.94 24.95 1.14 -3.83 24.58 0.19 -3.65 25.87
5 24 -9.78 16.6 11.12 -10.12 15.7 11.77 -10.81 16.34 10.32 -9.24 15.76 12.93
5 24 -14.68 3.41 10.31 -13.74 2.96 11.2 -13.55 1.92 11.09 -14.57 4.04 10.45
5 24 -8.1 13.74 27 -7.85 14.75 26.32 -7.22 14.88 27.33 -8.19 13.25 25.62
5 24 -8.83 15.11 23.78 -7.32 15.53 24.68 -8.52 16.21 23.85 -7.66 14.36 24.67
5 24 -2.32 -5.26 -13.47 -3.29 -4.73 -12.75 -2.73 -5.26 -12.46 -2.84 -4.39 -13.72
5 24 2.36 -5.92 -15.1 2.91 -6.82 -14.49 3.36 -5.41 -15.13 2.41 -7 -14.3
5 24 -7.84 12.85 27.63 -7.52 10.75 27.92 -8.18 12.29 26.79 -6.62 11.48 28.78
5 24 -1.46 1.97 20.83 -0.91 1.05 20 -1.92 1.03 20.62 -0.7 1.89 20.11
5 24 1.49 -8.74 15.48 1.24 -9.06 15.86 1.74 -8.05 16.31 0.83 -9.56 15.12
5 24 1.24 -4.5 23.15 0.94 -4.65 22.53 0.61 -4.15 22.25 1.14 -5.5 22.69
5 24 -0.54 -1.54 -16.12 0.04 -2.67 -16.17 -1.65 -2.48 -15.79 1.52 -0.77 -15.16
5 24 -0.46 12.76 21.16 -0.57 12.67 19.51 -0.23 13.61 20.29 -0.95 11.88 19.92
5 24 -3.59 -11.07 14.7 -2.35 -11 15.11 -2.59 -10.68 14.31 -5.68 -11.01 15.22
5 24 -11.65 1.29 25.75 -11.01 0.7 26.11 -10.29 1.38 26.87 -12.27 -0.08 24.84
5 24 4.81 -9.58 8.91 4.76 -9.46 7.53 4.22 -10.18 7.98 5.19 -8.74 8.72
5 24 1.93 -10.2 3.74 1.43 -10.86 4.32 0.88 -10.57 4.11 1.96 -10.35 4.57
5 24 -0.25 -10.92 19.68 -2.18 -11.88 19.42 -1.7 -11.25 18.41 -0.31 -11.29 20.56
5 24 -0.24 20.89 19.34 -0.4 22.63 19.24 0.03 21.08 20.32 -1.27 21.76 18.35
5 24 1.68 -4.17 -16.02 2.56 -2.46 -14.95 3.3 -3.38 -15.29 1.58 -3.34 -15.74
5 24 -15.83 -0.79 -2.47 -15.16 -0.36 -3.29 -15.58 0.59 -2.58 -15.12 -1.38 -2.99
5 24 14.54 -3.96 -5.04 14.78 -1.75 -6.09 13.58 -3.24 -7.14 15.05 -2.85 -4.67
5 24 3.23 26.89 26.72 2.49 26.64 27.58 2.48 27.44 27.69 2.56 25.59 27.16
5 24 -11.19 9.56 13.27 -11.47 11.19 12.26 -12.29 9.67 12.28 -10.54 11.59 13.15
5 24 5.99 -4.87 -14.33 5.78 -3.81 -13.99 7.16 -4.05 -13.22 5.08 -4.08 -14.26
5 24 -2.73 -5.26 -12.46 -2.82 -6.9 -11.13 -5.33 -5.71 -11.14 -1.12 -7.24 -11.74
5 24 0.41 3.49 26.83 0.51 2.32 26.72 -0.01 1.95 27.45 0.84 2.93 25.53
5 24 -6.36 24.39 21.34 -5.59 24.43 21.29 -5.63 23.28 20.77 -5.49 25.1 21.86
5 24 4.09 12.81 14.79 4.9 14.03 14.24 5.22 12.4 14.18 3.78 14.44 15.2
5 24 -7.74 16.47 13.11 -6.52 15.6 14.12 -7.94 15.81 13.53 -6.16 16.55 13.83
5 24 -13.64 0.88 10.53 -13.34 0.13 11.16 -12.98 0.78 12.03 -13.2 -0.92 10.29
5 24 5.87 7.63 16.44 4.64 7.49 16.7 5.42 7.03 16.8 5.26 8.84 15.72
5 24 12.41 10.23 9.21 12.75 9.39 10.08 12.63 9.33 9.09 12.16 10.45 9.95
5 24 -11.29 -2.64 12.32 -11.63 -2.86 11.08 -10.71 -3.43 12.34 -11.86 -1.75 11.08
5 24 1.98 -9.81 2.88 1.87 -9.92 3.26 2.26 -10.12 3.22 1.8478 -9.5 2.7654
5 24 1.5 6.31 17.51 -1.88 6.96 19.69 0.28 5.44 18.5 -0.11 7.45 18.48
5 24 -10.35 8.61 22.85 -10.17 8.41 20.89 -10.79 7.29 22.24 -10.01 9.21 21.24
5 24 -2.27 -8.94 -5.95 -0.65 -8.94 -4.9 -1.82 -7.94 -8.14 -2.13 -9.31 -5.19
5 24 0.32 -9.54 21.81 -0.09 -10.39 22.27 0.1 -9.36 22.44 0.2 -10.57 21.37
5 24 -3.7 34.74 22.56 -5.08 33.36 20.99 -5.33 33.17 22.53 -2.95 34.62 21.54
5 24 8.65 -8.59 -8.92 6.93 -8.66 -9.19 7.44 -8.71 -7.96 7.03 -8.4 -9.95
5 24 -3.22 43.63 32.6 -3.42 44.18 32.72 -2.55 43.82 32.89 -4.24 43.78 31.95
5 24 -9.9 -3.55 13.43 -9.8 -2.94 13.84 -9.54 -3.27 14.16 -10.43 -3.28 13.07
5 24 -9.4 8.58 20.23 -10.17 8.41 20.89 -8.83 7.66 20 -10.01 9.21 21.24
5 24 -1.03 39.9 25.13 -0.48 40.9 26.32 -2 40.75 25.49 0.31 39.13 26.26
5 24 -6.98 23.92 24.52 -7.4 23.98 23.7 -7.19 23.39 24.31 -7.25 24.38 23.22
5 24 -5.47 -11.46 17.16 -5.42 -12 17.61 -6.76 -11.63 18.44 -4.17 -11.55 17.11
5 24 -9.26 7.55 28.08 -9.44 7.81 26.82 -9.33 6.85 27.4 -9.42 8.41 28.15
5 24 13.8 -3.74 8.4 13.5 -4.76 8.55 13.98 -4.09 7.24 13.64 -3.79 9.32
5 24 -1.83 21.19 29.95 -4.03 21.23 29.37 -2.83 18.49 29.73 -3.26 22.54 29.28
5 24 -10.43 -3.28 13.07 -11.15 -2.69 13.12 -10.37 -2.59 13.72 -10.71 -3.43 12.34
5 24 -6.8 -8.89 26.88 -6.44 -7.96 27.72 -7.04 -8.28 27.13 -6.03 -9.14 27.4
5 24 -7.31 22.62 26.57 -6.2 21.97 27.69 -7.02 21.73 26.87 -5.49 23.48 27.59
5 24 9.1 2.79 -9.07 9.2 2.64 -9.34 6.98 2.2 -10.35 10.19 3.19 -8.22
5 24 -15.9 4.66 -3.06 -15.41 5.24 -4.19 -14.93 3.6 -5.04 -15.61 5.57 -3.35
5 24 -8.4 -3.48 -10.32 -7.42 -4.4 -10.42 -7.86 -4.35 -9.48 -6.86 -3.98 -12.11
5 24 -6.02 -3.72 -12.91 -6.86 -3.98 -12.11 -7.69 -2.72 -12.21 -5.78 -4.31 -12.56
5 24 12.54 -5.85 2.94 11.7 -6.63 2.47 12.54 -5.69 3.74 12.23 -6.17 1.87
5 24 -10.56 -6.84 -0.27 -9.16 -7.53 -0.27 -9.89 -7.57 -0.67 -10.54 -6.63 0.46
5 24 14.8 7.96 -1.37 13.16 8.79 -3.67 13.46 8.46 -1.28 14.56 7.7 -3.8
5 24 10.1 -7.63 -7.33 9.28 -8.4 -8.28 10.16 -7.23 -9.06 9.41 -8 -6.72
5 24 0.12 5.85 24.14 0.82 4.53 25.18 0.49 4.9 25.98 -0.46 4.8 23.38
5 24 -5.48 30.76 21.87 -5.39 30.14 21.54 -4.78 30.31 23.79 -5.46 30.84 20.78
5 24 -3.53 -10.43 -2.68 -2.73 -10.05 -2.86 -3.82 -10.11 -3.49 -2.59 -9.94 -2.22
5 24 2.98 -6.7 16 3.2 -7.05 15.04 3.4 -6.33 15.32 2.74 -7.35 15.52
5 24 1.85 28.82 27.3 2.48 27.44 27.69 3.34 27.92 27.12 0.3 27.8 28.25
5 24 -6.07 13.12 28.96 -6.51 11.77 29.82 -6.62 11.48 28.78 -5.98 12.68 30.19
5 24 2.33 24.54 24.27 1.1 25.97 23.08 1.34 22.71 23.46 1.95 26.02 24.41
5 24 -3.95 18.54 13.31 -3.76 18.4 12.62 -4.41 18.15 12.33 -2.86 18.7 13.12
5 24 -3.51 -11.51 19.57 -4.34 -12.13 18.81 -3.07 -11.54 18.97 -4.14 -11.28 20.09
5 24 -1.11 -9.72 13.73 -0.75 -10.08 13.06 -1.79 -9.93 13.21 -0.09 -9.97 13.48
5 24 -8.37 1.36 16.48 -7.42 0.75 17.26 -7.96 2.24 17.23 -7.92 0.6 16.36
5 24 -11.15 3.65 22.51 -10.4 4.43 21.55 -10.5 3.07 22.03 -10.7 4.94 22.75
5 24 -10.52 9.67 26.04 -10.74 10.14 25.16 -10.97 9.46 25.47 -10.24 10.27 25.84
5 24 -12.14 -1.78 10.25 -11.63 -2.86 11.08 -11.86 -1.75 11.08 -11.52 -2.76 9.78
5 24 11 -5.61 11.52 10.43 -4.97 12.37 10.94 -4.6 12.56 10.01 -5.47 11.73
5 24 -6.87 25.09 26.69 -5.49 23.48 27.59 -6.68 23.88 26.28 -6.16 25.46 27.63
5 24 -1.84 32.41 19.87 -1.27 32.59 20.49 -1.83 31.73 19.43 -2.11 33.45 20.67
5 24 -8.48 -9.45 16.9 -7.82 -10.19 16.65 -7.65 -10.29 17.79 -8.39 -9.33 16.03
5 24 -11.37 14.7 6.12 -11.47 15.4 8.12 -10.5 15.89 7.8 -12.4 14.44 6.46
5 24 12.18 -1.26 10.74 12.61 1.8 10.21 12.66 -1.53 9.76 12.39 1.57 11
5 24 -11.32 5.8 26.53 -11.98 6.18 25.27 -11.47 6.65 26.04 -12.14 5.06 25.73
5 24 2.15 -7.31 -11.79 2.63 -8.36 -10.5 3.47 -7.71 -11.56 1.47 -7.54 -11.24
5 24 -11.8 -1.3 -8.27 -10.82 -1.66 -9.09 -12.92 1.36 -7.82 -11.43 -1.94 -8.51
5 24 -7.45 14.53 18.81 -7.79 13.11 19.04 -8.6 13.9 19.94 -6.38 13.26 18.05
5 24 -12.01 13.59 4.98 -12.4 14.44 6.46 -12.72 13.51 5.39 -11.37 14.7 6.12
5 24 -4.38 41.12 31.01 -4.62 40.57 30.18 -5.17 41 30.14 -4.01 40.74 30.86
5 24 -10.76 -4.24 11.89 -10.67 -5.35 10.54 -10.27 -4.86 11.76 -11.53 -3.78 10.93
5 24 -5.16 27.24 27.66 -6.48 28.6 25.45 -6.02 29.05 26.35 -5.71 27.07 26.95
5 24 -0.54 42.43 29.87 -0.65 42.03 29.46 -0.82 42.14 30.38 -0.52 43.14 28.65
5 24 1.78 -7.16 17.25 2.96 -5.32 17.39 1.61 -6.16 18.24 3.03 -5.96 16.75
5 24 14.97 -6.42 -2.39 15.16 -6.01 -2.79 15.28 -6.26 -1.7 14.45 -6.57 -2.4
5 24 -8.8 0.53 19.92 -7.7 -0.43 19.74 -8.81 -0.8 20.11 -7.36 0.74 19.38
5 24 -7.79 23.5 22.59 -7.21 24.1 21.52 -7.57 23.99 22.92 -7.02 22.86 21.2
5 24 3.15 35.92 26 3.17 35.34 26.64 2.41 35.82 26.71 3.4 34.55 24.76
5 24 -5.17 41 30.14 -4.87 40.4 27.72 -5.01 40.98 27.55 -4.62 40.57 30.18
5 24 -5.92 19.71 26.97 -7.68 19.15 25.72 -6.23 18.37 27.32 -6.74 20.56 25.62
5 24 0.79 19.79 28.4 1.57 20.5 27.39 1.79 19.33 27.24 0.38 20.74 28.14
5 24 -10.54 11.59 13.15 -11.19 9.56 13.27 -10.33 10.16 14.1 -11.47 11.19 12.26
5 24 -13.29 0.74 -7.44 -13.59 1.3 -6.94 -12.92 1.36 -7.82 -13.78 0.28 -6.23
5 24 1.15 -2.02 18.58 1.65 -1.06 18.51 1.96 -2.12 17.87 1.29 -0.39 18.67
5 24 0.51 7.85 22.59 -1.36 8.05 22.22 0.01 8.78 22.64 -0.31 7.03 22.59
5 24 14.16 -6.36 -0.96 13.06 -6.63 -0.52 13.77 -6.62 -1.23 12.86 -6.43 0.13
5 24 10.66 -2.13 -10.17 11.71 -4 -8.86 12.05 -2.07 -9.48 10.61 -4.35 -9.5
5 24 0.3 -4.94 24.95 0.19 -3.65 25.87 1.04 -3.85 25.47 -0.45 -4.54 25.61
5 24 0.8 -6.89 23.84 0.53 -7.94 24.4 1.125 -6.345 22.325 0.4 -6.6 24.61
5 24 -6.48 -9.81 25.93 -5.41 -10.45 26.45 -6.43 -10.16 24.49 -6.03 -9.14 27.4
5 24 -9.04 -4.88 28.31 -9.26 -5.72 28.25 -9.52 -4.38 28.01 -7.6 -5.15 28.75
5 24 -5.2 21.78 19.56 -4.2 22.24 18.87 -4.93 22.66 20.13 -4.34 21.43 18.47
5 24 -2.25 8.09 21.03 -2.09 7 20.72 -1.88 8.22 19.51 -1.52 7.27 22.28
5 24 8.72 1.68 -10.5 9.2 2.64 -9.34 10.7 2.39 -8.93 7.08 2.14 -10.68
5 24 -2.31 16.59 30.27 -1.87 15.49 29.79 -1.13 16.93 29.81 -3.58 16.22 30.12
5 24 -11.49 -6.87 21.4 -11.48 -6.19 20.78 -11.58 -6.13 21.81 -11.14 -7.9 20.99
5 24 16.3 2.79 -0.46 16.28 0.84 -0.43 16.46 2.56 -1.21 16.23 1.06 0.18
5 24 12.25 2.84 10.83 12.39 1.57 11 12.61 1.8 10.21 10.4 1.02 13.01
5 24 -10.38 -6.62 17.9 -9.57 -7.87 18.52 -10.31 -7.24 18.82 -9.29 -7.8 18.07
5 24 2.01 -10.16 0.54 1.8478 -9.5 1.2346 1.4142 -9.5 0.5858 2.16 -9.89 1.94
5 24 -5.7 -0.31 -15 -6.36 -0.73 -13.87 -5.37 -0.89 -14.83 -6.31 0.25 -14.24
5 24 8.26 -0.39 -12.73 8.82 -2.59 -12.79 9.32 -0.67 -11.86 6.88 -1.24 -13.23
5 24 13.46 8.46 -1.28 15.03 7.69 0.03 13.69 8.37 0.74 14.8 7.96 -1.37
5 24 -9.71 9.59 26.18 -9.05 9.29 28.06 -9.72 8.34 26.06 -8.55 10.02 27.95
5 24 -7.62 19.9 21.06 -7.77 20.5 21.58 -6.84 20.84 20.96 -8.33 20.2 21.72
5 24 -8.75 -2.37 15.58 -9.8 -2.94 13.84 -8.31 -0.8 15.93 -9.54 -3.27 14.16
5 24 -2.09 6.05 20.71 -2.09 7 20.72 -1.88 6.96 19.69 -1.91 6.49 22.63
5 24 4.97 -5.64 -14.63 4.97 -4.83 -14.68 4.59 -4.5 -14.71 5.99 -4.87 -14.33
5 24 0.43 -2.13 28.01 0.43 -2.96 27.8 0.21 -1.15 27.02 -0.17 -2.76 28.79
5 24 -8.9 7.96 29.12 -8.04 6.85 29.65 -7.35 9.21 29.41 -8.86 7.15 29.13
5 24 -4.28 40.1 30.12 -5.3 38.64 28.53 -4.36 39.58 27.9 -4.75 38.56 30.3
5 24 -3.02 17.47 15.8 -3.95 18.54 13.31 -2.22 18.97 14.08 -4.62 16.9 14.98
5 24 -12.85 -3.59 2.15 -12.43 -4.37 1.39 -11.69 -5.01 2.42 -12.56 -3.8 0.68
5 24 -5.37 14.36 16.32 -4.82 14.77 15.82 -6 14.74 15.48 -4.36 14.9 17.3
5 24 -7.34 17.44 11.81 -7.95 17.32 10.44 -6.98 17.63 11.07 -9.5 16.8 10.71
5 24 -11.21 15.57 10.76 -10.76 15.02 11.36 -10.12 15.7 11.77 -11.55 14.87 10.74
5 24 10.4 6.26 12.59 10.22 6.77 12.86 10.82 6.24 11.87 9.67 5.89 13.75
5 24 1.02 -9.28 11.2 1.33 -9.03 9.23 1.57 -9.67 10.07 0.25 -8.5 10.18
5 24 6.76 -8.76 2.48 6.57 -8.65 -0.57 7.97 -7.87 2.82 4.62 -9.71 0.17
5 24 -10.27 10.11 24.32 -10.23 9.67 23.84 -10.18 10.89 23.92 -10.73 9.3 24.05
5 24 -13.64 0.88 10.53 -13.55 1.92 11.09 -12.98 0.78 12.03 -13.67 1.56 10.24
5 24 -13.12 -3.52 0.08 -13.64 -2.12 2.39 -12.56 -3.8 0.68 -14.29 -1.45 2.35
5 24 -7.31 22.62 26.57 -7.02 21.73 26.87 -6.2 21.97 27.69 -7.66 22.52 25.48
5 24 -0.84 -2.67 20.84 -0.15 -1.86 19.72 -1.24 -1.87 20.5 0.05 -3.58 20.43
5 24 1.9 18.43 25.96 2.27 18.18 24.67 1.69 16.92 25.25 1.89 20.1 25.87
5 24 -7.57 23.99 22.92 -7.79 23.5 22.59 -7.73 23.5 23.52 -7.21 24.1 21.52
5 24 13.35 12.51 4.95 12.44 13.85 6.81 13.76 11.48 6.61 12.02 14.53 5.4
5 24 -7.58 3.35 18.39 -7.25 2.66 19.05 -7.14 3.19 19.14 -7.27 2.14 18.97
5 24 -6.4 12.26 16.75 -6.19 12.62 17.94 -6.23 12.1 17.79 -5.92 12.75 16.72
5 24 -7.25 24.38 23.22 -7.4 23.98 23.7 -6.98 23.92 24.52 -7.57 23.99 22.92
5 24 -3.75 40.3 30.68 -4.01 40.74 30.86 -2.63 41.72 31.99 -4.28 40.1 30.12
5 24 -13.58 8.04 -4.57 -13.06 7.09 -5.68 -12.47 8.35 -4.59 -14.27 7.22 -4.72
5 24 -5.41 -10.45 26.45 -6.43 -10.16 24.49 -5.72 -10.51 25.27 -6.48 -9.81 25.93
5 24 -6.74 14.85 14.53 -6 14.74 15.48 -6.85 13.87 14.9 -5.56 15.32 15.06
5 24 5.3 -8.1 -12.13 6.42 -8.58 -11.67 5.55 -8.53 -11.56 6.96 -7.97 -12.41
5 24 -13.32 -4.4 -3.61 -14.34 -4.06 -2.98 -13.72 -4.76 -2.99 -13.93 -3.6 -3.64
5 24 8.7 14.94 12.12 9.3 15.22 11.54 9.07 16.02 10.8 9.35 12.28 12.3
5 24 13.08 10.41 3.12 12.65 11.25 3.19 13.06 11.38 3.58 12.78 10.21 2.66
5 24 13.61 -5.62 5.12 12.54 -5.69 3.74 13.41 -5.83 4.31 11.83 -5.37 5
5 24 -12.1 -2.78 20.32 -12.97 -3.02 21.05 -12.32 -2.22 20.58 -12.25 -3.67 20.73
5 24 1.43 -10.86 4.32 1.96 -10.35 4.57 0.98 -10.83 4.85 1.93 -10.2 3.74
5 24 0.46 10.6 28.26 0.47 11.55 26.62 0.68 9.97 26.31 0.45 12.35 27.41
5 24 -13.21 12.29 8.99 -13.86 11.6 9.42 -13.61 11.81 8.56 -13.04 12.08 9.93
5 24 -12.51 3.78 12.75 -13.4 4.42 12.52 -13.1 3.74 12.25 -12.04 4.8 13.29
5 24 -1.63 -8.85 10.04 -0.55 -8.64 9.67 -0.85 -8.92 10.35 -1.52 -8.65 9.18
5 24 2.98 -6.7 16 1.78 -7.16 17.25 1.74 -8.05 16.31 3.03 -6.34 16.38
5 24 3.09 5.7 17.63 3.65 4.61 17.32 2.66 4.71 18.13 4.64 5.83 16.56
5 24 -6 14.74 15.48 -4.82 14.77 15.82 -5.37 14.36 16.32 -5.56 15.32 15.06
5 24 -5.34 1.75 31.65 -6.82 1.96 31 -5.52 2.9 31.84 -6.08 0.56 30.6
5 24 11.16 10.48 11.13 10.68 10.78 12.49 10.59 11.17 12.08 10.71 9.93 11.91
5 24 -6.06 -9.48 0.19 -4.85 -10.66 0.24 -5.33 -9.59 0.86 -5.04 -10.43 -0.53
5 24 3.2 -7.05 15.04 3.69 -7.81 14.11 2.73 -7.92 14.58 3.76 -7.04 14.55
5 24 10.97 -7.1 -1.21 9.95 -7.84 0.08 11.45 -7 -0.63 9.14 -8.08 -1.28
5 24 4.48 -9.3 3.75 4.56 -9.69 1.67 3.55 -9.76 2.62 6.36 -8.88 4.03
5 24 4.57 -8.74 9.69 4.81 -9.58 8.91 3.73 -9.32 9.9 5.19 -8.74 8.72
5 24 -6.06 -9.48 0.19 -5.04 -10.43 -0.53 -5.18 -10.16 -0.81 -4.85 -10.66 0.24
5 24 14.35 -6.25 0.96 15.14 -5.72 0.48 14.84 -6.18 0.19 15.34 -4.88 1.18
5 24 -3.58 37.05 30.88 -3.79 37.9 30.87 -0.74 38.08 31.26 -4.77 37.48 29.66
5 24 -0.54 -1.54 -16.12 -2.37 -0.43 -15.78 -1.65 -2.48 -15.79 -1.86 0.11 -15.65
5 24 -3.23 -9.31 26.22 -2.19 -9.15 25.67 -2.39 -10.39 25.34 -2.52 -8.55 25.99
5 24 -1.19 8.24 28.88 -1.89 7.36 30 -0.4 6.8 28.9 -2.36 8.69 29.47
5 24 -15.9 4.66 -3.06 -15.7 3.46 -2.88 -16.06 4.13 -2.47 -14.93 3.6 -5.04
5 24 13.8 -3.09 8.94 13.74 -3.55 9.94 13.64 -3.79 9.32 13.45 -2.13 8.94
5 24 4.58 -6.26 14.47 4.72 -5.69 15.55 3.83 -6.41 14.81 5.87 -5.4 14.96
5 24 -7.71 -9.08 26.66 -6.48 -9.81 25.93 -7.28 -9.97 25.38 -6.8 -8.89 26.88
5 24 -1.53 -3.1 29.33 -0.87 -3.86 28.61 -0.17 -2.76 28.79 -2.62 -5.14 28.31
5 24 -8.09 9.41 20.12 -9.4 8.58 20.23 -7.45 8.32 19.72 -8.79 10.22 20.49
5 24 -2.02 35.81 21.54 -0.66 34.28 22.18 -1.83 34.22 21.22 -1.1 36.25 22.58
5 24 -13.62 0.57 5.62 -13.47 -0.75 4.35 -14.52 1.22 4.4 -13.03 -0.41 5.48
5 24 3.6 -8.53 12.4 3.47 -8.32 13.53 4.12 -8.2 12.57 2.78 -8.38 13.53
5 24 12.43 1.98 3.95 13.17 8.49 0.57 12.94 1.94 0.17 12.86 9.65 2.07
5 24 3.29 -9.24 -8.77 5.56 -9.24 -8.35 4.31 -9.3 -9.01 4.77 -9.2 -6.73
5 24 6.54 -9.27 -5.5 7.51 -8.89 -4.5 7.65 -9.05 -5.55 5.83 -9.05 -3.88
5 24 -2.06 3.88 21.77 -2.25 5.09 21.1 -1.99 4.39 19.83 -1.85 5.42 22.86
5 24 -7.85 14.75 26.32 -7.22 14.88 27.33 -8.1 13.74 27 -7.31 15.24 26.49
5 24 -13.34 0.13 11.16 -13.2 -0.92 10.29 -13.64 0.88 10.53 -12.91 -1.32 10.69
5 24 -8.52 14.46 21.99 -8.33 14.12 21.54 -7.91 15.05 21.29 -8.69 13.3 21.95
5 24 -0.81 27.05 30.01 -2.12 26 29.84 -0.51 26.53 29.44 -2.14 26.41 30.07
5 24 -11.49 -7.06 22.21 -11.58 -6.13 21.81 -11.49 -6.87 21.4 -11.72 -6.5 22.45
5 24 -10.28 -4.75 4.3 -12.56 -3.28 3.74 -10.91 -3.46 5.2 -11.69 -5.01 2.42
5 24 -4.08 43.25 31.79 -5.35 43.4 29.66 -4.24 43.78 31.95 -5.3 42.84 29.53
5 24 13.43 -3.98 10.28 12.38 -4.17 10.81 12.98 -4.28 10.01 12.07 -3.65 11.53
5 24 -11.04 2.29 22.88 -11.21 1.43 22.27 -10.55 2.05 21.71 -11.78 1.41 23.51
5 24 -4.62 16.9 14.98 -6.16 16.55 13.83 -5.56 15.32 15.06 -5.25 17.31 14.15
5 24 -2.35 -11 15.11 -1.19 -10.87 15.62 -2 -11.19 16.4 -1.63 -10.16 14.58
5 24 9.6 -5.39 9.61 10.03 -5.39 9.95 9.28 -5.61 10.86 10.4 -5.2 9.55
5 24 -7.42 -8.9 -4.76 -7.2 -7.97 -5.82 -8.31 -8.41 -5.14 -6.54 -8.66 -5.12
5 24 -1.88 6.96 19.69 -0.98 8.39 18.71 -1.88 8.22 19.51 -0.11 7.45 18.48
5 24 -7.87 14.3 14.14 -6.85 13.87 14.9 -6.74 14.85 14.53 -7.69 12.62 14.58
5 24 -4.59 -6.78 28.67 -4.71 -6.06 29.56 -5.52 -6.36 29.39 -3.89 -6.15 28.46
5 24 -6.11 29.3 21.43 -4.83 29.75 20.8 -5.39 30.14 21.54 -5.38 28.92 20.42
5 24 12.8 -3.06 -7.79 13.05 0.51 -8.37 12.37 -0.05 -8.82 13.58 -3.24 -7.14
5 24 -10.42 -7.67 23.71 -10.8 -8.12 22.98 -10.15 -8.46 22.95 -10.48 -6.92 24.13
5 24 0.65 -9.4 7.61 1.76 -10.17 7.71 1.35 -9.16 8.91 1.64 -10.49 7.06
5 24 -5.1 15.33 29.18 -3.48 14.85 30.22 -3.58 16.22 30.12 -5.07 14.18 29.54
5 24 -7.64 23.32 25.78 -6.68 23.88 26.28 -7.31 22.62 26.57 -6.97 24.07 25.6
5 24 -14.51 4.96 10.04 -14.4 5.82 9.68 -14.36 5.24 9 -14 5.73 10.68
5 24 1.8 17.2 26.7 1.59 17.2 26.2 1.09 16.26 26.98 2.03 18.14 26.99
5 24 0.13 -1.83 28.48 -0.36 -0.96 28 0.43 -2.13 28.01 -1.2 -2.04 29.34
5 24 4.76 -9.46 7.53 4.11 -9.53 6.65 4.22 -10.18 7.98 4.43 -8.94 6.76
5 24 11.1 -5.25 8.42 10.51 -5.73 7.91 10.42 -5.18 8.75 11.67 -5.3 6
5 24 -0.23 -6.59 -12.36 0.83 -7.46 -11.72 -1.12 -7.24 -11.74 0.71 -6.74 -12.45
5 24 13.94 6.54 7.12 14.04 7.49 7.91 13.91 7.21 8.25 14.47 7.25 6.35
5 24 -12.37 -0.36 24.22 -12.45 0.58 24.37 -12.2 0.25 23.54 -12.27 -0.08 24.84
5 24 2.45 -10.33 6.8 2.8 -9.96 7.2 2.69 -9.99 6 1.76 -10.17 7.71
5 24 -7.96 3.55 17.56 -8.66 3.66 16.53 -7.96 2.24 17.23 -8.32 4.7 16.71
5 24 -3.67 -0.13 30.73 -4.17 1.44 31.15 -4.99 0.98 31.16 -3.55 1.79 30.78
5 24 -4.69 31.27 23.54 -5.47 31.85 24.54 -5.19 32.91 24.51 -5.48 30.87 24.62
5 24 7.93 -5.85 11.86 7.64 -6.44 10.48 6.76 -6.29 12 9.28 -5.61 10.86
5 24 -13.46 -1.55 -6.11 -13.37 -1.15 -6.65 -12.72 -2.27 -6.43 -13.6 -0.64 -6.36
5 24 0 -9.5 4 0.88 -10.57 4.11 0.7654 -9.5 3.8478 0.48 -10.68 4.4
5 24 11.25 0.19 -9.85 12.37 -0.05 -8.82 12.03 -0.85 -9.58 11.7 0.84 -9.02
5 24 3.23 26.89 26.72 3.07 25.98 25.85 3.6 27.64 25.22 2.56 25.59 27.16
5 24 -2.23 -9.19 7.33 -3.37 -9.08 6.01 -3.15 -8.38 8.26 -2.29 -9.5 5.56
5 24 -5.18 -10.16 -0.81 -4.19 -10.07 -1.39 -4.25 -10.52 -0.57 -4.9 -10.14 -1.25
5 24 2.03 18.14 26.99 1.79 19.33 27.24 1.22 18.88 28.27 1.9 18.43 25.96
5 24 -7.35 9.21 29.41 -8.9 7.96 29.12 -8.04 6.85 29.65 -8.09 9.59 28.84
5 24 -13.6 -0.64 -6.36 -13.37 -1.15 -6.65 -13.46 -1.55 -6.11 -13.29 0.74 -7.44
5 24 -10.67 -5.35 10.54 -9.89 -5.72 10.54 -10.57 -5.19 9.95 -9.96 -5.44 11.21
5 24 -4.83 24.15 20.27 -4.39 24.63 19.35 -4.45 23.72 19.05 -4.09 26.08 20.66
5 24 11.23 -7.25 -8.14 12.54 -5.45 -8.36 11.53 -7.12 -6.76 10.84 -6.38 -9.58
5 24 -8.48 -0.24 29.98 -7.02 1.32 30.15 -6.08 0.56 30.6 -9.35 0.99 29.57
5 24 -9.85 10.97 21.55 -9 12.02 21.37 -9.03 11.83 22.15 -9.18 11.46 20.8
5 24 -2.84 36.92 22.84 -2.62 37.43 24.32 -3.16 36.96 24.73 -1.66 37.36 23.81
5 24 -3.55 1.79 30.78 -3.67 -0.13 30.73 -4.17 1.44 31.15 -2.85 0.46 29.94
5 24 -9.56 -7.96 15.71 -10.13 -7.02 15.67 -9.35 -7.57 15.12 -10.07 -6.99 16.45
5 24 7.12 -0.49 15.26 8.37 -2.49 14.43 7.59 -2.73 15.02 8.53 0.73 13.88
5 24 -14.52 1.22 4.4 -14.28 2.77 5.51 -14.09 1.68 5.79 -14.92 3.11 4.28
5 24 5.27 -1.34 15.8 7.12 -0.49 15.26 7.59 -2.73 15.02 6.5 0.1 15.29
5 24 -5.7 -0.31 -15 -5.01 0.14 -15.24 -4.56 -0.64 -15.42 -5.55 0.97 -14.62
5 24 -4.63 -3.89 29.89 -4.98 -3.26 30.14 -5.85 -3.68 29.87 -4.13 -2.65 29.92
5 24 -8.47 -8.68 -4.37 -7.58 -9.08 -2.81 -9.46 -8.08 -3.11 -7.42 -8.9 -4.76
5 24 -16.28 2.41 -1.76 -16.12 1.96 -2.18 -16.08 1.58 -1.72 -16.16 2.93 -2.35
5 24 -4.03 21.23 29.37 -4.38 19.14 29.3 -4.84 20.26 28.98 -2.83 18.49 29.73
5 24 -10.25 -2.35 26.19 -10.38 -1.84 27.36 -9.82 -2.9 26.47 -10.52 -1.34 26.71
5 24 15.75 6.28 1.09 15.45 6.41 2.24 15.98 4.86 2.75 14.69 7.73 1.5
5 24 -4.25 44.17 31.88 -5.35 43.4 29.66 -4.24 43.78 31.95 -4.82 43.97 29.6
5 24 1.08 0.52 25.68 0.96 0.53 26.36 0.67 1.51 26.08 1.01 -0.68 26.61
5 24 -6.8 2.03 11.34 -9.31 16.67 9.21 -9.86 2.03 8.63 -8.64 16.97 9.84
5 24 -12.47 8.35 -4.59 -11.86 6.21 -6.21 -12.62 1.89 -2.74 -12.02 7.33 -5.63
5 24 1.47 -7.54 -11.24 0.83 -7.46 -11.72 0.64 -7.75 -10.73 1.43 -7.1 -12.17
5 24 1.43 -10.86 4.32 0.88 -10.57 4.11 1.93 -10.2 3.74 0.48 -10.68 4.4
5 24 -0.91 -9.68 6.02 0.52 -9.46 6.71 0.1 -9.15 7.33 -0.35 -9.75 5.82
5 24 12.8 -3.06 -7.79 12.05 -2.07 -9.48 12.37 -0.05 -8.82 11.71 -4 -8.86
5 24 0.95 -8.6 19.64 0.85 -9.85 19.55 0.55 -8.97 20.62 1.16 -9.22 18.79
5 24 -10.81 16.34 10.32 -9.78 16.6 11.12 -9.5 16.8 10.71 -10.12 15.7 11.77
5 24 16.14 5.65 -0.25 15.75 6.28 1.09 15.27 7.28 -1.5 16.38 4.43 0.36
5 24 3.84 17.95 14.33 2.64 15.18 15.17 3.76 15.12 14.74 0.55 18.45 14.76
5 24 16.09 1.48 4.48 15 -2.34 4.22 14.83 -2.58 4.9 16.19 1.52 3.57
5 24 -7.76 7.37 19.8 -8.83 7.66 20 -7.45 8.32 19.72 -8.93 6.46 20.74
5 24 -5.01 40.98 27.55 -5.25 41.36 30.16 -5.17 41 30.14 -5.14 42.2 29.53
5 24 7.23 4.41 15.85 5.49 4.09 16.8 6.53 3.07 15.74 5.68 4.75 16.65
5 24 3.61 -9.52 -1.87 4.9 -8.89 -3.1 4.62 -9.71 0.17 3.87 -8.89 -4.05
5 24 3.35 -5.02 16.97 2.96 -5.32 17.39 3.29 -4.47 17.33 3.03 -5.96 16.75
5 24 6.53 -8.58 -10.68 6.42 -8.58 -11.67 5.55 -8.53 -11.56 6.96 -7.97 -12.41
5 24 13.91 10.7 6.37 14.09 10.17 6.12 13.18 9.67 8.11 14.05 10.74 5.23
5 24 -3.96 14.07 30.49 -3.26 13.52 30.75 -4.94 13.52 30.45 -3.48 14.85 30.22
5 24 -8.93 6.46 20.74 -9.65 4.84 20.92 -10.02 6.4 21.61 -8.36 4.91 20.4
5 24 0.91 -4.1 19.93 1.15 -4.39 20.82 1.44 -5.67 19.92 0.09 -3.88 21.06
5 24 -12.51 0.94 13.16 -11.47 1.1 13.51 -11.68 0.08 13.12 -11.53 2.17 13.41
5 24 -7.68 19.15 25.72 -6.23 18.37 27.32 -6.89 17.5 26.81 -5.92 19.71 26.97
5 24 -1.46 1.97 20.83 -1.37 1.98 22.37 -1.6 2.71 20.78 -1.76 0.92 22.24
5 24 -1.83 21.19 29.95 -0.59 20.48 29.05 -0.92 19.18 29.32 -0.23 21.6 28.68
5 24 -1.78 29.44 29.97 -2.81 29.65 29.73 -1.95 30.03 30.27 -2.68 28.97 29.53
5 24 -6.7 20.17 19.39 -6.6 20.77 19.69 -6.9 20.19 20.54 -5.77 20.51 18.74
5 24 -2.88 20.59 18.13 -4.49 20.59 18.32 -2.97 19.21 18.23 -4.34 21.43 18.47
5 24 -9.26 -5.72 28.25 -9.52 -4.38 28.01 -9.96 -5.33 27.4 -9.04 -4.88 28.31
5 24 -.54 .92 -11.92 3.59 1.26 -11.21 3.827 -2 -9.239 .75 2.72 -12.65
5 24 -7 11.88 19.34 -8.18 12.19 20 -7.85 11.03 19.75 -7.11 12.17 19.14
5 24 10.45 -7.47 2.24 11.7 -6.63 2.47 10.41 -7.23 3.28 11.71 -6.51 1.39
5 24 6.37 -8.53 5.82 5.19 -8.74 8.72 7.48 -7.18 7.04 4.43 -8.94 6.76
5 24 2.42 -10.12 4.38 3.03 -10.17 5.25 2.37 -10.04 5.27 3.61 -10.27 4.14
5 24 16.23 4.96 3.76 15.49 6.59 3.47 15.64 5.41 5.12 15.98 4.86 2.75
5 24 0.8 -2.42 19.23 0.05 -3.58 20.43 -0.15 -1.86 19.72 0.91 -4.1 19.93
5 24 1.1 38.55 26.26 -0.21 38.57 25.27 1.08 37.84 25.45 0.31 39.13 26.26
5 24 15.34 -4.88 1.18 15.14 -5.72 0.48 15.39 -5.02 0.18 14.35 -6.25 0.96
5 24 -12.1 -6.49 -2 -12.05 -5.97 -1.26 -12.54 -5.42 -2.31 -11.55 -6.97 -1.45
5 24 0.01 1.98 28.67 -0.79 1.17 29.65 -0.36 -0.96 28 -0.87 2.79 29.42
5 24 -12.91 -1.32 10.69 -12.45 0.27 12.31 -13.34 0.13 11.16 -12.18 -1.06 11.49
5 24 -1.39 -7.9 25.95 -2.61 -8.09 26.9 -2.52 -8.55 25.99 -1.43 -7.41 26.93
5 24 -1.66 -0.49 22.08 -1.5 -1.74 22.05 -1.24 -1.87 20.5 -0.83 -1.46 23.17
5 24 -1.91 6.49 22.63 -2.25 5.09 21.1 -2.09 6.05 20.71 -1.85 5.42 22.86
5 24 6.42 -8.58 -11.67 6.96 -7.97 -12.41 5.3 -8.1 -12.13 6.53 -8.58 -10.68
5 24 -11.78 -4.07 20.26 -11.13 -2.94 19.94 -11.24 -4.08 19.4 -12.25 -3.67 20.73
5 24 5.02 -7.94 10.99 4.48 -9.21 11.12 4.6 -8.56 9.97 4.59 -8.64 11.79
5 24 -12.2 -4.1 21.29 -11.78 -4.07 20.26 -11.99 -5.04 20.62 -12.25 -3.67 20.73
5 24 -2.04 22.79 29.59 -1.83 21.19 29.95 -3.26 22.54 29.28 -0.49 22.94 29.05
5 24 -3.26 45.1 31.93 -3.7 44.93 31.26 -3.17 45.21 31.74 -4.25 44.17 31.88
5 24 -2.71 4.73 30.4 -2.7 3.53 30.16 -3.09 3.85 31.22 -2.58 4.14 29.87
5 24 -8.34 12.64 25.74 -9.23 12.87 25.15 -8.19 13.25 25.62 -9.58 11.09 25.36
5 24 -8.17 -8.48 14.82 -8.44 -8.38 14.25 -8.71 -8.11 15.1 -7.51 -9.09 14.23
5 24 1.23 23.98 28.42 2.18 23.3 27.79 1.2 23.05 28.72 1.78 24.14 27.68
5 24 -5.85 -3.68 29.87 -7.19 -2.85 29.77 -6.27 -2.36 30.73 -6.76 -4.15 29.42
5 24 -10.56 -6.84 -0.27 -9.89 -7.57 -0.67 -10.9 -7.27 -0.76 -9.16 -7.53 -0.27
5 24 -16.28 2.41 -1.76 -16.16 2.93 -2.35 -16.12 1.96 -2.18 -16.24 3.37 -1
5 24 -5.44 -10.3 14.36 -4.09 -10.29 13.81 -5.09 -10.06 13.24 -3.86 -10.66 14.23
5 24 -1.68 -9.36 10.53 -1.63 -8.85 10.04 -0.85 -8.92 10.35 -3.38 -9.05 10.15
5 24 0.15 10.83 18.16 1.91 10.85 16.16 0.15 11.6 17.64 0.87 10.1 17.01
5 24 -10.23 9.67 23.84 -10.17 10.1 22.87 -9.98 10.56 23.24 -10.21 9.43 22.55
5 24 3.65 4.61 17.32 2.66 4.71 18.13 3.09 5.7 17.63 2.45 3.65 17.92
5 24 5.87 7.63 16.44 6.25 7.55 16.31 6.82 8.12 15.66 5.99 6.85 16.56
5 24 -10.29 1.38 26.87 -11.2 2.74 26.74 -10.14 2.67 27.49 -11.65 1.29 25.75
5 24 -0.54 0.92 -11.92 -3.38 2.91 -12.24 -2.13 2.66 -12.45 -4.87 2.89 -11.96
5 24 14.47 7.25 6.35 14.83 6.51 5.53 14.81 8.04 5.59 13.94 6.54 7.12
5 24 -1.48 44.01 27.95 -0.35 44.81 28.74 -0.52 43.14 28.65 -1.39 45.26 28.35
5 24 14.29 -5.23 5.5 13.61 -5.62 5.12 14.2 -4.9 6.06 13.98 -5.56 3.84
5 24 13.12 7.91 -5.14 14.56 7.7 -3.8 15 5.9 -4.74 13.16 8.79 -3.67
5 24 -5.54 -4.61 -12.05 -7.42 -4.4 -10.42 -6.86 -3.98 -12.11 -5.38 -5.09 -11.63
5 24 8.24 -5.81 12.28 7.93 -5.85 11.86 8.97 -5.68 11.75 7.72 -5.7 12.93
5 24 -3.13 16.97 16.69 -2.26 17.38 16.45 -2.44 17.42 17.02 -3.02 17.47 15.8
5 24 -3.16 36.96 24.73 -3.45 35.48 24.52 -3.96 35.3 25.29 -3.55 36.45 22.59
5 24 2.19 37.77 27.73 2.39 38.43 28.28 2.19 37.74 28.96 1.84 38.52 27.08
5 24 -15.92 4.76 -0.3 -16.24 3.37 -1 -15.59 3.95 -0.06 -16.06 4.64 -1.05
5 24 -3.75 40.3 30.68 -2.63 41.72 31.99 -2.89 40.7 31.18 -4.01 40.74 30.86
5 24 2.16 -9.89 1.94 1.98 -9.81 2.88 1.8478 -9.5 2.7654 2.32 -10.43 2.54
5 24 -16.08 1.58 -1.72 -15.72 1.08 -1.86 -15.69 1.52 -2.57 -15.5 1.34 -0.76
5 24 12.89 -2.6 11.32 11.94 -1.83 11.38 11.53 -2.27 11.73 12.18 -1.26 10.74
5 24 4.76 3.06 16.61 4.19 2.12 17.35 2.14 2.86 18.07 4.98 1.61 16.22
5 24 -6.48 -9.81 25.93 -6.03 -9.14 27.4 -6.8 -8.89 26.88 -5.41 -10.45 26.45
5 24 -10.63 -5.08 -6.22 -9.1 -5.26 -6.89 -10.71 -4.26 -7.58 -9.41 -5.45 -6.34
5 24 -15.41 5.24 -4.19 -14.93 3.6 -5.04 -15.9 4.66 -3.06 -14.45 4.57 -5.58
5 24 -3.96 14.07 30.49 -4.94 13.52 30.45 -3.26 13.52 30.75 -5.07 14.18 29.54
5 24 -4.25 -10.52 -0.57 -4.19 -10.07 -1.39 -5.18 -10.16 -0.81 -3.12 -10.09 -0.74
5 24 -7.88 6.04 17.83 -7.6 5.7 18.92 -7.51 5.04 18.46 -7.84 6.71 17.96
5 24 9.93 -5.16 13.18 10.43 -4.97 12.37 9.6 -5.73 12.73 9.97 -4.23 13.5
5 24 16.28 0.84 -0.43 16.25 -1.31 -1.42 15.48 -3.02 0.83 16.33 2.07 -3
5 24 -5.3 42.84 29.53 -4 42.5 31.54 -4.08 43.25 31.79 -5.14 42.2 29.53
5 24 -13.1 3.74 12.25 -13.61 2.49 11.89 -12.51 3.78 12.75 -13.56 3.83 11.38
5 24 2.78 -8.38 13.53 3.6 -8.53 12.4 3.26 -8.67 12.02 3.47 -8.32 13.53
5 24 4.76 -9.46 7.53 4.43 -8.94 6.76 5.19 -8.74 8.72 4.11 -9.53 6.65
5 24 -2.18 -11.88 19.42 -0.31 -11.29 20.56 -1.37 -11.53 21.83 -0.25 -10.92 19.68
5 24 -1.66 34.55 31.06 -2.74 34.77 30.67 -2.42 33.99 30.99 -2.3 35.94 30.78
5 24 14.09 8.79 7.31 14.5 9.45 6.73 14.54 8.41 6.56 13.36 9.04 8.2
5 24 -1.11 -9.72 13.73 -0.62 -10.29 14.7 -0.44 -9.92 14.09 -1.63 -10.16 14.58
5 24 -14.66 6.72 7.78 -15.19 5.77 6.48 -14.89 7.34 6.71 -14.66 4.69 8.21
5 24 1.42 -2.26 24.91 1.22 -2 25.42 0.66 -1.5 24.06 1.38 -2.85 25.66
5 24 -5.03 2.77 -12.35 -3.38 2.91 -12.24 -3.38 2.73 -13.29 -4.87 2.89 -11.96
5 24 -1.81 26.44 19.53 -0.51 27.29 20.8 -0.46 25.96 21.06 -1.43 27.42 19.63
5 24 -0.02 -11.09 16.88 0.74 -9.93 16.8 0.18 -10.31 16.1 0.71 -10.79 17.52
5 24 -6.39 31.54 26.74 -5.87 30.86 26.38 -5.07 31.45 28.02 -5.99 31.04 25.44
5 24 2.08 37.01 26.1 2.41 35.82 26.71 2.59 36.41 26.12 1.53 35.9 27.59
5 24 13.72 11.53 4.27 14.05 10.74 5.23 14.01 11.52 5.47 13.54 10.32 3.96
5 24 10.82 6.24 11.87 10.22 6.77 12.86 10.4 6.26 12.59 10.91 6.95 11.47
5 24 3.13 -2.47 -14.82 1.52 -0.77 -15.16 2.56 -2.46 -14.95 1.89 0.32 -14.95
5 24 0.49 4.9 25.98 0.41 3.49 26.83 0.94 3.91 25.92 -0.05 5.02 27.28
5 24 -7.96 2.24 17.23 -7.58 3.35 18.39 -7.96 3.55 17.56 -7.27 2.14 18.97
5 24 -7.11 12.17 19.14 -6.59 12.23 18.69 -7 11.88 19.34 -6.94 12.56 18.65
5 24 -2.84 36.92 22.84 -3.55 36.45 22.59 -2.97 36.57 22.2 -3.16 36.96 24.73
5 24 -8.52 16.21 23.85 -7.13 17.77 24.53 -7.88 18.15 23.28 -6.96 16.88 25.08
5 24 -12.46 2.5 25.16 -12.39 1.44 24.05 -12.6 1.41 24.65 -11.78 2.49 23.96
5 24 -1.4142 -9.5 0.5858 -1.37 -10.57 0.09 -2.23 -10.36 0.1 -0.7654 -9.5 0.1522
5 24 0.38 20.74 28.14 0.79 19.79 28.4 1.57 20.5 27.39 -0.59 20.48 29.05
5 24 -1.43 11.03 20.2 -1.31 10.31 21.39 -1.14 9.88 19.52 -1.03 11.99 21.17
5 24 -11.21 1.43 22.27 -11.55 0.9 21.7 -12.1 0.43 22.16 -10.55 2.05 21.71
5 24 10.08 -2.5 -11.59 9.94 -4.57 -10.87 8.85 -4.31 -12.26 10.66 -2.13 -10.17
5 24 -10.43 7.38 21.32 -10.02 6.4 21.61 -10.79 7.29 22.24 -8.93 6.46 20.74
5 24 1.42 -6.17 21.8 1.56 -5.03 21.32 1.74 -5.72 20.71 1.125 -6.345 22.325
5 24 -11.05 -0.56 26.57 -10.27 -0.67 27.12 -10.52 -1.34 26.71 -10.25 0.15 26.94
5 24 8.41 2.08 13.8 8.96 0.8 13.65 10.4 1.02 13.01 8.53 0.73 13.88
5 24 7.42 16.06 11.98 6.65 16.83 13.21 6.95 16.85 12.73 6.36 15.09 12.85
5 24 11.16 10.48 11.13 11.87 11.58 10.47 11.74 10.57 10.58 10.64 11.21 11.14
5 24 12.94 1.94 0.17 13.1 8.62 -1.22 13.17 8.49 0.57 12.45 1.87 -3.1
5 24 -5.78 -4.31 -12.56 -6.86 -3.98 -12.11 -5.54 -4.61 -12.05 -6.02 -3.72 -12.91
5 24 -0.06 14.67 21.15 -0.27 15.47 20.91 0.31 15.49 21.76 -0.36 14.64 19.67
5 24 -8.44 -8.38 14.25 -8.71 -8.11 15.1 -8.17 -8.48 14.82 -9.35 -7.57 15.12
5 24 -14.36 5.24 9 -14.57 4.41 8.71 -14.51 4.96 10.04 -14.66 4.69 8.21
5 24 -5.98 12.68 30.19 -6.51 11.77 29.82 -6.22 11.19 30.38 -6.07 13.12 28.96
5 24 -1.48 44.01 27.95 -2.35 43.13 26.67 -0.94 42.71 27.06 -2.92 44.49 28.09
5 24 7.45 -6.85 8.26 7.48 -7.18 7.04 7.96 -6.98 7.03 4.6 -8.56 9.97
5 24 -9.23 -7.87 -4.88 -8.6 -7.2 -5.58 -9.43 -6.95 -5.2 -8.31 -8.41 -5.14
5 24 -6.07 13.12 28.96 -7.25 12.94 28.47 -6.62 11.48 28.78 -7.05 14.12 28.1
5 24 12.8 -3.06 -7.79 11.71 -4 -8.86 12.05 -2.07 -9.48 12.5 -4.17 -7.55
5 24 6.99 -5.78 -13.71 6.35 -6.59 -13.44 5.73 -6.62 -13.83 7.52 -6.24 -12.55
5 24 5.41 -9.22 -9.17 7.03 -8.4 -9.95 6.93 -8.66 -9.19 5.27 -8.41 -10.27
5 24 -5.46 -0.4 31.12 -6.27 -2.36 30.73 -4.69 -1.16 31.1 -6.92 -2 30.45
5 24 1.9 18.43 25.96 1.79 19.33 27.24 1.89 20.1 25.87 2.03 18.14 26.99
5 24 0.48 -0.29 24.7 0.14 -1.11 23.93 -0.64 -0.65 23.78 0.51 -0.98 24.7
5 24 0.75 2.72 -12.65 0.77 2.64 -13.2 -0.17 2.66 -13.1 3.53 2.29 -12.6
5 24 0.67 1.51 26.08 0.68 1.69 25 1.08 0.52 25.68 0.84 2.93 25.53
5 24 7.44 -8.71 -7.96 6.72 -9.15 -6.51 8.4 -8.44 -7.28 6.74 -9 -7.27
5 24 10.41 -7.23 3.28 10.32 -6.85 3.96 9.1 -7.35 3.86 11.83 -5.37 5
5 24 1.45 2.72 18.83 1.54 3.6 18.29 -0.16 3.55 19.11 2.14 2.86 18.07
5 24 -7.89 14.64 20.67 -8.3 14.38 20.26 -8.33 14.12 21.54 -7.58 15.29 19.62
5 24 2.18 23.3 27.79 2.4 23.53 26.62 2.24 22.12 27.65 1.78 24.14 27.68
5 24 15.31 1.93 5.86 14.31 2.14 7.15 14.29 3.72 6.9 14.52 -1.03 6.23
5 24 2.63 -1.51 17.88 1.65 -1.06 18.51 2.37 -0.06 18.07 1.96 -2.12 17.87
5 24 -0.7 16.57 17.19 -0.2 16.74 16.34 -1.06 17.25 16.3 -0.34 15.83 17.18
5 24 14.04 7.49 7.91 14.09 8.79 7.31 13.64 7.71 8.46 14.54 8.41 6.56
5 24 -0.22 9.68 28.96 0 9.14 28.6 0.54 9.73 27.82 -1.19 8.24 28.88
5 24 3.36 -5.41 -15.13 4.59 -4.5 -14.71 3.72 -3.75 -15.19 3.93 -5.75 -14.6
5 24 -4.2 23.02 19.24 -4.94 23.53 20.08 -4.93 22.66 20.13 -4.45 23.72 19.05
5 24 -4.04 -11.27 16.61 -5.54 -11.32 15.78 -5.82 -11.18 16.55 -3.12 -11.06 16.44
5 24 1.42 -6.17 21.8 1.21 -7 21.76 1.55 -6.69 20.93 1.125 -6.345 22.325
5 24 10.96 -8.52 -4.58 11.15 -8.11 -6 12.57 -6.99 -5.25 10.54 -8.58 -5.26
5 24 -11.77 -2.55 5.35 -13.47 -0.75 4.35 -12.56 -3.28 3.74 -12.49 -1.52 5.44
5 24 -10.05 1.64 20.77 -9.68 3.24 21.49 -8.2 3.37 20.9 -10.55 2.05 21.71
5 24 0.01 8.08 26.64 0.68 9.97 26.31 0.54 9.73 27.82 0.57 8.96 25.92
5 24 4.77 -9.2 -6.73 3.29 -9.24 -8.77 5.56 -9.24 -8.35 1.32 -8.52 -6.46
5 24 -6.36 -0.73 -13.87 -5.51 -2.15 -13.52 -5.42 -1.53 -14.13 -6.8 -1.26 -13.11
5 24 11.65 12.01 10.44 11.87 11.58 10.47 12.55 12.19 9.53 10.64 11.21 11.14
5 24 -5.78 -9.19 12.88 -6.59 -9.45 13.61 -6.64 -8.93 13.04 -5.73 -9.65 13.49
5 24 -0.31 7.03 22.59 -1.52 7.27 22.28 -1.91 6.49 22.63 -1.36 8.05 22.22
5 24 15.75 6.28 1.09 15.98 4.86 2.75 16.38 4.43 0.36 15.45 6.41 2.24
5 24 2.19 9.48 16.82 3.85 10.45 15.8 1.91 10.85 16.16 3.3 8.63 16.74
5 24 -9.51 -7.76 16.6 -9.29 -7.8 18.07 -10.01 -6.67 17.52 -9.02 -8.37 17.79
5 24 9.17 6.81 14.93 9.59 7.47 14.02 9.45 6.73 13.99 8.53 8.05 14.45
5 24 2.17 31.34 28.38 3.15 32.31 27.68 1.45 32.34 28.43 2.74 30.59 27.65
5 24 -7.61 -5.53 -8.57 -7.86 -4.35 -9.48 -9.27 -3.46 -9.06 -7.02 -5.23 -9.17
5 24 -4.34 21.43 18.47 -5.2 21.78 19.56 -5.62 21.15 18.96 -4.2 22.24 18.87
5 24 0.58 35.25 28.33 1.81 36.47 28.07 0.53 36.29 29.22 1.53 35.9 27.59
5 24 -9.43 -4.28 16.53 -8.94 -3.08 15.99 -8.27 -2.6 16.93 -9.44 -3.51 15.03
5 24 -5.03 16.72 28.12 -4.74 17.77 28.21 -5.73 17.18 27.58 -4.38 17.15 29.33
5 24 0.66 22.07 23.52 2.15 22.67 23.85 1.34 22.71 23.46 1.94 21.53 24.51
5 24 14.57 -3.56 7.54 13.98 -4.09 7.24 14.87 -3.32 6.62 13.8 -3.74 8.4
5 24 -3.75 40.3 30.68 -3.89 38.74 31.12 -4.28 40.1 30.12 -1.23 39.69 31.41
5 24 3.31 -9.72 6.49 3.09 -9.93 7.47 4.11 -9.53 6.65 2.8 -9.96 7.2
5 24 1.01 -0.68 26.61 0.79 -1.14 25.37 0.69 -1.64 26 1.08 0.52 25.68
5 24 -16.28 6.31 0.96 -15.92 4.76 -0.3 -15.6 4.39 0.77 -16.08 5.93 -0.63
5 24 9.11 -5.86 12.86 8.97 -5.68 11.75 8.24 -5.81 12.28 9.6 -5.73 12.73
5 24 -3.89 38.74 31.12 -4.75 38.56 30.3 -4.28 40.1 30.12 -3.79 37.9 30.87
5 24 -4.45 23.72 19.05 -3.35 23.84 18.36 -4.39 24.63 19.35 -3.17 23.17 18.65
5 24 1.62 32.2 24.37 1.14 31.19 22.91 1.94 30.76 23.33 0.73 33.08 23.65
5 24 -13.02 8.81 -1.3 -13.67 8.57 -3.12 -14.8 8.3 -1.49 -12.88 8.77 -2.78
5 24 -2.83 -7.41 -9.96 -5.33 -5.71 -11.14 -2.82 -6.9 -11.13 -5.2 -6.49 -8.63
5 24 -7.42 0.4 -12.65 -6.8 -1.26 -13.11 -8.55 -0.79 -11.86 -6.36 -0.73 -13.87
5 24 8.76 -8.06 1.09 8.58 -8.33 0.18 9.95 -7.84 0.08 6.57 -8.65 -0.57
5 24 -15.34 7.51 -2.64 -15.21 6.61 -3.47 -14.65 7.78 -3.3 -16.07 5.88 -2.75
5 24 4.59 -8.64 11.79 5.02 -7.94 10.99 4.48 -9.21 11.12 4.77 -7.93 11.94
5 24 -4.7 32.6 20.36 -1.83 31.73 19.43 -3.83 30.76 19.85 -1.84 32.41 19.87
5 24 -12.6 1.41 24.65 -11.65 1.29 25.75 -12.46 1.94 25.35 -12.27 -0.08 24.84
5 24 -8.54 16.69 23.03 -8.28 17.63 22.56 -8.19 16.62 22.05 -7.88 18.15 23.28
5 24 -8.47 11.22 25.74 -8.18 12.29 26.79 -7.96 10.81 26.95 -8.34 12.64 25.74
5 24 4.09 12.81 14.79 2.33 11.96 15.95 2.22 13.52 16.51 3.19 11.23 15.46
5 24 -10.46 1.83 28.31 -10.14 2.67 27.49 -10.29 1.38 26.87 -9.89 2.97 28.36
5 24 -1.28 -10.73 -1.35 -2.21 -9.87 -1.94 -2.45 -10.51 -0.78 -1.34 -9.72 -2.09
5 24 14.52 -1.03 6.23 15.31 1.93 5.86 14.31 2.14 7.15 16.09 1.48 4.48
5 24 12.07 -3.65 11.53 11.98 -4.82 11.11 12.38 -4.17 10.81 11.73 -4.22 12.01
5 24 7.12 -0.49 15.26 8.53 0.73 13.88 8.37 -2.49 14.43 6.5 0.1 15.29
5 24 -3.19 45.53 31.36 -3.62 46.09 30.82 -3.9 45.87 30.8 -3.11 46.22 30.77
5 24 -12.19 8.36 12.78 -11.19 9.56 13.27 -12.2 9.06 12.6 -11.17 7.83 13.46
5 24 -2.39 -10.39 25.34 -4.74 -10.99 25.25 -3.23 -9.31 26.22 -3.28 -11.27 24.92
5 24 3.84 17.95 14.33 2.32 18.62 13.18 4.58 18.33 12.66 0.55 18.45 14.76
5 24 14.09 10.17 6.12 14.05 10.74 5.23 13.91 10.7 6.37 14.15 10.2 5.05
5 24 -2.71 39.62 25.22 -4.55 40.02 27.87 -4.36 39.58 27.9 -3.56 40.16 26.03
5 24 14.08 0.79 -6.57 15.46 0.82 -4.96 15.05 -1.43 -5.38 14.82 2 -5.63
5 24 -0.11 41.4 26.95 -0.03 41.88 27.86 0.32 40.64 27.54 -0.94 42.71 27.06
5 24 -2.65 -6.32 28.03 -2.62 -5.14 28.31 -1.96 -5.99 28.08 -3.22 -5.58 28.33
5 24 -11.74 -3.03 7.61 -10.89 -3.61 6.39 -11.77 -2.55 5.35 -10.61 -3.94 8.66
5 24 -15.92 -0.42 -1.32 -15.75 -1.17 -1.66 -15.83 -0.79 -2.47 -15.39 -1.04 -0.81
5 24 2.63 -1.51 17.88 1.96 -2.12 17.87 1.65 -1.06 18.51 2.23 -2.53 17.45
5 24 -5.47 31.85 24.54 -5.48 30.87 24.62 -5.99 31.04 25.44 -4.69 31.27 23.54
5 24 -11.17 7.83 13.46 -12.19 8.36 12.78 -12.36 7.56 12.73 -11.19 9.56 13.27
5 24 12.7 -7.26 -0.96 11.45 -7 -0.63 12.24 -7.42 -1.23 11.94 -6.68 -0.08
5 24 2.91 -6.82 -14.49 2.41 -7 -14.3 2.36 -5.92 -15.1 2.93 -7.52 -13.83
5 24 -1.03 46.04 30.87 -0.52 46.07 29.8 -0.23 45.98 30.53 -2.47 46.12 28.99
5 24 -4.55 40.02 27.87 -4.62 40.57 30.18 -4.28 40.1 30.12 -4.87 40.4 27.72
5 24 7.52 17.25 10.72 7.6 17.1 11.07 8.39 16.69 10.18 6.25 17.77 11.48
5 24 -11.84 5.83 24.16 -10.82 6.98 24.22 -10.58 6.49 23.41 -11.98 6.18 25.27
5 24 -3.12 -10.09 -0.74 -3.1 -10.03 0.39 -4.25 -10.52 -0.57 -2.74 -10 0.47
5 24 -15.6 7.65 -0.84 -14.8 8.3 -1.49 -15.34 7.51 -2.64 -15.02 8.28 0.13
5 24 -1.27 12.81 28.96 -0.35 14.01 29.05 -0.04 12.87 28.23 -1.9 13.4 29.52
5 24 -5.47 -4.42 29.96 -5.85 -3.68 29.87 -6.76 -4.15 29.42 -4.63 -3.89 29.89
5 24 2.15 22.67 23.85 1.94 21.53 24.51 0.66 22.07 23.52 2.35 22.83 25.09
5 24 9.67 5.89 13.75 9.45 6.73 13.99 9.31 5.93 14.3 10.22 6.77 12.86
5 24 -4.74 -10.99 25.25 -3.28 -11.27 24.92 -2.39 -10.39 25.34 -4.9 -11.39 24.58
5 24 0.27 -10.26 -0.35 0 -9.5 0 0.7654 -9.5 0.1522 -0.7654 -9.5 0.1522
5 24 14.43 -2.9 8.44 13.8 -3.09 8.94 14.26 -2.31 8.42 13.8 -3.74 8.4
5 24 -8.86 14.77 22.45 -8.15 15.73 21.73 -8.52 14.46 21.99 -8.54 16.69 23.03
5 24 -6.06 -9.48 0.19 -7.08 -9.04 0.38 -6.59 -9.82 -0.54 -6.03 -9.01 1.29
5 24 9.6 -5.39 9.61 10.42 -5.18 8.75 10.4 -5.2 9.55 9.68 -5.46 8.86
5 24 -1.4 -11.5 16.76 -1.15 -11.59 17.56 -1.68 -11.45 17.51 -0.02 -11.09 16.88
5 24 -4.45 23.72 19.05 -4.39 24.63 19.35 -3.35 23.84 18.36 -4.83 24.15 20.27
5 24 -9.96 -5.44 11.21 -10.67 -5.35 10.54 -10.27 -4.86 11.76 -9.89 -5.72 10.54
5 24 3.16 7.43 16.95 1.5 6.31 17.51 1.25 7.21 17.56 3.6 6.11 17.12
5 24 -6.82 1.96 31 -5.52 2.9 31.84 -5.34 1.75 31.65 -6.84 2.72 30.98
5 24 -8.92 -2.25 29.42 -10.12 -1.95 28.52 -9.16 -3.64 29.11 -9.63 -0.86 28.93
5 24 -7.43 -8.19 3.3 -9.33 -6.66 3.08 -7.9 -7.54 4.13 -7.9 -8.27 0.75
5 24 15.37 -1.94 2.54 15.68 -3.53 3.65 15 -2.34 4.22 15.72 -3.96 0.73
5 24 14.26 -2.31 8.42 13.8 -3.09 8.94 14.43 -2.9 8.44 13.45 -2.13 8.94
5 24 4.63 -3.78 16.48 3.35 -5.02 16.97 3.29 -4.47 17.33 5.04 -4.73 15.9
5 24 -3.26 2.62 31.12 -2.97 2.07 30.32 -3.55 1.79 30.78 -2.83 2.77 30.36
5 24 -2.68 -9.96 1.35 -3.1 -10.03 0.39 -3.41 -9.85 1.65 -2.74 -10 0.47
5 24 -6.16 -9.82 -1.84 -7.06 -9.94 -1.38 -7.41 -9.62 -2.25 -5.8 -9.86 -1.21
5 24 0.87 10.1 17.01 0.15 10.83 18.16 1.91 10.85 16.16 -0.12 8.82 17.92
5 24 2.56 25.59 27.16 3.23 26.89 26.72 3.07 25.98 25.85 2.49 26.64 27.58
5 24 0.53 36.29 29.22 1.81 36.47 28.07 1.57 36.62 29.11 0.58 35.25 28.33
5 24 0.2 -10.57 21.37 -0.81 -11.18 22.26 -0.31 -11.29 20.56 -0.09 -10.39 22.27
5 24 2.19 9.48 16.82 3.3 8.63 16.74 2.81 8.24 17.01 3.85 10.45 15.8
5 24 1.52 -5.04 19.24 1.44 -5.67 19.92 1.61 -6.16 18.24 0.91 -4.1 19.93
5 24 5.03 -9.18 -6.07 6.54 -9.27 -5.5 6.72 -9.15 -6.51 5.67 -9.26 -5.01
5 24 -9.75 -5.33 16.24 -9.43 -4.28 16.53 -9.79 -4.73 15.68 -9.4 -4.79 16.9
5 24 5.39 -6.98 -13.33 6.22 -7.02 -13.25 6.35 -6.59 -13.44 4.88 -7.34 -12.79
5 24 -8.67 -7.98 26.68 -8.77 -8.84 26.37 -7.71 -9.08 26.66 -9.5 -8.15 25.72
5 24 1.81 36.47 28.07 1.57 36.62 29.11 0.53 36.29 29.22 2.17 37.01 28.5
5 24 -15.7 3.46 -2.88 -16.16 2.93 -2.35 -16.06 4.13 -2.47 -15.33 2.64 -3.18
5 24 -2.18 -11.88 19.42 -1.7 -11.25 18.41 -0.25 -10.92 19.68 -3.07 -11.54 18.97
5 24 0.32 18.16 21.67 0.88 17.99 22.93 0.43 18.6 22.55 0.62 17.11 21.65
5 24 4.77 -7.93 11.94 4.23 -7.64 13.44 7.64 -6.44 10.48 4.12 -8.2 12.57
5 24 -11.72 -5.62 20.06 -11.99 -5.04 20.62 -11.61 -5.61 21.15 -11.59 -4.71 19.51
5 24 1.89 0.32 -14.95 0.75 0.39 -14.9 0.96 2.16 -14.03 1.52 -0.77 -15.16
5 24 -15.2 2.19 3.07 -14.76 0.29 3.28 -14.92 3.11 4.28 -15.07 1.32 1.9
5 24 12.31 12.48 9.65 11.39 13 9.67 11.7 13.18 9.17 11.65 12.01 10.44
5 24 -7.6 5.7 18.92 -7.84 6.71 17.96 -7.88 6.04 17.83 -7.62 6.41 19.23
5 24 6.99 -5.78 -13.71 7.06 -5.32 -13.83 7.72 -5.48 -12.64 4.97 -5.64 -14.63
5 24 -9.99 -5.83 15.47 -10.03 -5.99 14.32 -9.74 -6.65 15.02 -10.01 -5.27 14.97
5 24 0.79 -1.14 25.37 0.48 -0.29 24.7 1.08 0.52 25.68 0.51 -0.98 24.7
5 24 -2.14 26.41 30.07 -2.52 27.66 29.93 -3.37 26.15 29.25 -0.81 27.05 30.01
5 24 15.27 7.28 -1.5 15.76 6.4 -1.38 15.35 6.24 -2.37 16.14 5.65 -0.25
5 24 -7.45 14.53 18.81 -6.86 15.42 18.93 -7.58 15.29 19.62 -6.22 14.98 18.48
5 24 0.37 31.21 28.92 1.45 32.34 28.43 2.17 31.34 28.38 0.07 32.38 29.35
5 24 -5.37 -0.89 -14.83 -5.42 -1.53 -14.13 -4.84 -1.36 -14.8 -6.36 -0.73 -13.87
5 24 -10.42 6.14 22.55 -10.7 4.94 22.75 -11.18 5.46 23.57 -10.02 6.4 21.61
5 24 -15.72 0.71 -3.16 -15.58 0.59 -2.58 -15.16 -0.36 -3.29 -15.69 1.52 -2.57
5 24 -16.28 2.41 -1.76 -16.02 2.96 -0.55 -16.08 1.58 -1.72 -16.24 3.37 -1
5 24 -3.73 43.06 27.03 -4.54 43.81 28.36 -2.92 44.49 28.09 -4.77 42.92 27.69
5 24 -5.96 13.96 17.83 -5.63 13.96 16.6 -6.38 13.26 18.05 -5.27 14.27 17.7
5 24 -13.58 8.04 -4.57 -14.27 7.22 -4.72 -14.65 7.78 -3.3 -13.06 7.09 -5.68
5 24 -0.89 -10.68 22.7 -1.16 -10.21 23.38 -0.65 -9.82 23.07 -1.48 -10.67 23.08
5 24 -12.66 -5.12 -3.06 -13.72 -4.76 -2.99 -13.32 -4.4 -3.61 -12.54 -5.42 -2.31
5 24 10.29 15.9 8.31 11.06 1.99 7.37 11.18 15.03 7.12 9.49 16.14 9.21
5 24 9.56 1.35 -6.89 9.1 2.79 -9.07 10.18 3.25 -8.05 8.06 1.26 -8.63
5 24 -1.77 18.85 13.48 -3.05 2.05 12.73 -3.76 18.4 12.62 0.17 2.02 12.95
5 24 3.36 -5.41 -15.13 2.91 -6.82 -14.49 3.93 -5.75 -14.6 2.36 -5.92 -15.1
5 24 -5.52 2.9 31.84 -4.42 3.37 31.89 -5.84 3.89 31.63 -4.19 2.18 31.7
5 24 -10.4 4.43 21.55 -9.68 3.24 21.49 -9.65 4.84 20.92 -10.5 3.07 22.03
5 24 -1.83 34.22 21.22 -2.02 35.81 21.54 -2.95 34.62 21.54 -0.66 34.28 22.18
5 24 10.94 -4.6 12.56 10.92 -3.41 13.7 9.97 -4.23 13.5 11.73 -3.87 12.69
5 24 -11.18 5.46 23.57 -10.42 6.14 22.55 -10.7 4.94 22.75 -10.58 6.49 23.41
5 24 15.39 -5.02 0.18 15.72 -3.96 0.73 15.68 -4.07 0.26 15.34 -4.88 1.18
5 24 -12.66 -4.55 -4.86 -13.32 -4.4 -3.61 -13.39 -3.76 -4.27 -12.51 -5.15 -4.31
5 24 1.1 25.97 23.08 1.34 22.71 23.46 0.35 25.08 22.55 2.33 24.54 24.27
5 24 -13.2 -0.92 10.29 -12.14 -1.78 10.25 -12.91 -1.32 10.69 -12.24 -1.28 9.06
5 24 -14.1 -2.82 -5.32 -12.73 -3.75 -5.12 -13.41 -3.08 -5.69 -13.39 -3.76 -4.27
5 24 -0.59 -10.78 -1.15 -0.68 -10.81 -0.42 -1.28 -10.73 -1.35 0.27 -10.26 -0.35
5 24 -6.45 20.88 27.32 -6.86 21.21 26.52 -6.74 20.56 25.62 -7.02 21.73 26.87
5 24 -6.98 23.92 24.52 -7.25 24.38 23.22 -6.39 25.27 24.02 -7.4 23.98 23.7
5 24 -7.63 5.2 19.91 -7.23 4.44 19.1 -7.51 5.04 18.46 -7.53 4.53 20
5 24 -12.27 -4.22 -0.25 -13.75 -4.37 -1.09 -13.12 -3.52 0.08 -12 -4.73 -0.71
5 24 12.35 -5.7 7.9 13.28 -5.22 8.48 12.17 -5.6 8.89 13.34 -4.91 7.31
5 24 0.38 -0.12 27.01 1.01 -0.68 26.61 0.21 -1.15 27.02 0.96 0.53 26.36
5 24 3.15 32.31 27.68 2.74 30.59 27.65 2.17 31.34 28.38 3.56 31.56 26.74
5 24 -7.66 22.52 25.48 -6.85 22.54 23.88 -6.65 21.55 24.76 -7.19 23.39 24.31
5 24 -0.11 7.45 18.48 1.01 8.19 17.62 -0.12 8.82 17.92 1.25 7.21 17.56
5 24 9.75 5.44 13.72 9.67 5.89 13.75 10.4 6.26 12.59 9.31 5.93 14.3
5 24 -2 40.75 25.49 -0.48 40.9 26.32 -1.03 39.9 25.13 -1.61 41.42 25.89
5 24 16.31 1.3 1.32 16.23 1.06 0.18 15.37 -1.94 2.54 16.42 2.97 0.82
5 24 -11.72 -6.5 22.45 -12.09 -5.59 23.03 -11.43 -5.76 25.01 -11.58 -6.13 21.81
5 24 -10.59 7.31 23.68 -10.79 7.29 22.24 -10.58 8.02 23.27 -10.58 6.49 23.41
5 24 -14.84 -1.08 -4.46 -14.8 -0.17 -4.49 -15.16 -0.36 -3.29 -13.76 -0.7 -5.71
5 24 -7.06 -9.94 -1.38 -6.59 -9.82 -0.54 -7.96 -9.4 -0.85 -5.8 -9.86 -1.21
5 24 -7.02 -5.23 -9.17 -7.61 -5.53 -8.57 -7.86 -4.35 -9.48 -5.2 -6.49 -8.63
5 24 -10.18 2.64 -8.4 -11.2 3.33 -7.51 -11.21 2.57 -8.13 -11 3.44 -7.34
5 24 2.63 34.73 24.14 0.73 33.08 23.65 0.11 34.47 23.45 3.31 33.2 24.48
5 24 13.61 -6.61 -5.15 12.7 -6.98 -3.93 13.66 -6.49 -4.04 12.57 -6.99 -5.25
5 24 -14.36 5.24 9 -14.43 5.61 8.46 -14.44 6.09 8.87 -14.66 4.69 8.21
5 24 12.89 -2.6 11.32 12.07 -3.65 11.53 13.43 -3.98 10.28 11.53 -2.27 11.73
5 24 -11.9 -0.74 26.16 -12.7 -0.77 25.38 -11.3 -0.05 26.43 -11.85 -2.77 25.47
5 24 -15.18 8.69 6.92 -14.54 9.92 7.16 -14.36 9.26 8.12 -15.06 9.22 5.81
5 24 -2.79 28.57 19.49 -3.06 27.52 19.45 -5.38 28.92 20.42 -1.43 27.42 19.63
5 24 -12.62 1.89 -2.74 -10.87 .95 -5.01 -11 3.44 -7.34 -9.239 -2 -3.827
5 24 -10.45 -7.64 -3.24 -10.44 -8.05 -1.9 -9.46 -8.46 -2.19 -11.24 -7.45 -2.72
5 24 -15.61 5.91 2.45 -16.08 7.11 1.73 -16.28 6.31 0.96 -15.5 7.51 3.51
5 24 1.41 -5.59 23.38 1.22 -6.31 23.95 0.92 -6.63 23.28 1.05 -6.14 24.42
5 24 -0.36 14.64 19.67 -0.23 13.61 20.29 -0.39 13.46 18.92 -0.06 14.67 21.15
5 24 8.96 0.8 13.65 10.89 -2.11 12.64 10.4 1.02 13.01 9.9 -2.56 13.35
5 24 5.87 -5.4 14.96 7.27 -5.47 14.73 5.84 -5.01 15.29 7.2 -5.84 14.04
5 24 -9.64 -5.29 17.16 -9.11 -4.14 18.35 -9.96 -4.37 18.62 -9.4 -4.79 16.9
5 24 -14.34 -4.06 -2.98 -13.72 -4.76 -2.99 -13.69 -4.77 -1.93 -13.32 -4.4 -3.61
5 24 -7.51 -9.09 14.23 -6.59 -9.45 13.61 -7.09 -9.82 14.67 -7.66 -8.56 13.45
5 24 4.77 0.68 -13.93 5.62 1.67 -12.47 6.24 0.81 -12.92 3.92 1.5 -13.58
5 24 9.83 10.23 13.43 8.69 10.13 13.65 9.56 11.33 13.21 9.16 9.25 13.73
5 24 -4.52 -9.28 2.49 -4.06 -9.71 1.76 -3.47 -9.71 2.11 -5.23 -8.8 1.98
5 24 -6.24 9.11 29.89 -6.68 7.5 30.86 -7.11 7.4 29.91 -6.06 8.79 31.13
5 24 -12.2 9.06 12.6 -12.81 8.38 12.71 -12.19 8.36 12.78 -13.09 9.7 11.99
5 24 -1.99 2.24 -13.88 -3.33 1.4 -15.07 -1.86 0.11 -15.65 -3.29 2.22 -14.31
5 24 -4.34 21.43 18.47 -4.2 22.24 18.87 -5.2 21.78 19.56 -3.17 23.17 18.65
5 24 12.91 10.28 8.27 12.63 9.33 9.09 12.41 10.23 9.21 13.18 9.67 8.11
5 24 -4.95 -11.66 23.11 -5.4 -10.97 24.13 -5.72 -11.19 23.3 -4.9 -11.39 24.58
5 24 1.21 21.2 28.09 2.09 21.05 27.5 2.24 22.12 27.65 1.57 20.5 27.39
5 24 12.01 -5.29 -9.27 11.71 -4 -8.86 12.54 -5.45 -8.36 10.61 -4.35 -9.5
5 24 -11.32 4.16 23.4 -11.15 3.65 22.51 -11.32 3.32 23.36 -10.7 4.94 22.75
5 24 12.49 -6.28 0.77 11.41 -6.95 0.12 11.94 -6.68 -0.08 11.71 -6.51 1.39
5 24 -0.71 28.25 21.1 -0.17 26.91 22.38 -0.51 27.29 20.8 -0.06 28.23 22.54
5 24 -4.01 40.74 30.86 -2.63 41.72 31.99 -4.38 41.12 31.01 -3.75 40.3 30.68
5 24 -4.46 33.25 20.6 -5.08 33.36 20.99 -2.95 34.62 21.54 -4.7 32.6 20.36
5 24 -3.56 11.86 30.8 -6.22 11.19 30.38 -3.26 13.52 30.75 -4.45 10.78 30.78
5 24 9.08 -5.65 -12.25 8.85 -4.31 -12.26 9.94 -4.57 -10.87 7.75 -4.64 -12.75
5 24 -0.98 33.79 30.93 -0.53 33.12 29.95 -0.39 34.61 30.63 -1.5 32.72 30.38
5 24 -8.31 -9.51 18.09 -8.48 -9.45 16.9 -9.02 -8.37 17.79 -7.65 -10.29 17.79
5 24 0.28 -9.59 21.1 0.2 -10.57 21.37 0.32 -9.54 21.81 0.15 -10.12 20.54
5 24 -7.62 19.9 21.06 -7.09 19.73 20.24 -6.9 20.19 20.54 -7.34 19.07 20.31
5 24 7.42 16.06 11.98 7.76 14.27 12.66 6.36 15.09 12.85 8.7 14.94 12.12
5 24 -8.86 14.77 22.45 -8.83 15.11 23.78 -8.54 16.69 23.03 -8.88 13.8 23.27
5 24 -2.95 35.53 30.35 -3.33 34.3 30.17 -2.74 34.77 30.67 -3.69 34.98 29.63
5 24 -9.74 -5.52 12.46 -9.76 -6.6 13.71 -10.03 -5.99 14.32 -9.31 -7.22 13.18
5 24 -3.95 18.54 13.31 -4.41 18.15 12.33 -3.76 18.4 12.62 -4.88 18.02 13.14
5 24 2.62 -9.88 -2.62 0.3 -9.75 -3.55 1.36 -9.43 -4.54 0.22 -10.13 -1.49
5 24 0.22 -10.13 -1.49 -0.59 -10.78 -1.15 -0.55 -9.82 -1.93 0.27 -10.26 -0.35
5 24 -2.32 -5.26 -13.47 -2.45 -4.24 -14.44 -2.84 -4.39 -13.72 -1.93 -5.29 -14.41
5 24 -12.1 -6.49 -2 -12.04 -5.58 -2.99 -11.24 -7.45 -2.72 -12.54 -5.42 -2.31
5 24 10.04 4.43 12.45 9.75 5.44 13.72 10.48 4.67 11.98 8.98 4.61 13.77
5 24 14.35 -6.02 -3.28 14.08 -6.73 -2.1 14.45 -6.57 -2.4 13.48 -7.18 -2.97
5 24 -2.88 20.59 18.13 -1.33 19.3 18.67 -2.97 19.21 18.23 -1.22 20.74 18.27
5 24 -1.61 -6.57 27.76 -0.37 -6.37 26.73 -1.43 -7.41 26.93 -0.67 -5.7 27.12
5 24 -4.38 17.15 29.33 -5.1 15.33 29.18 -5.03 16.72 28.12 -3.58 16.22 30.12
5 24 -8.57 20.36 23.23 -8.24 20.83 23.1 -8.33 20.2 21.72 -8.29 20.62 23.58
5 24 13.76 11.48 6.61 12.91 10.28 8.27 12.76 10.93 8.56 13.91 10.7 6.37
5 24 -10.52 9.67 26.04 -10.24 10.27 25.84 -9.71 9.59 26.18 -10.74 10.14 25.16
5 24 2.39 38.43 28.28 1.75 38.88 28.82 2.19 37.74 28.96 2.01 39.08 27.51
5 24 -4.38 41.12 31.01 -2.55 43.82 32.89 -4.56 41.57 31.04 -2.63 41.72 31.99
5 24 -5.85 18.99 18.86 -6.7 20.17 19.39 -5.77 20.51 18.74 -6.75 18.73 19.42
5 24 -9.8 -2.94 13.84 -10.27 -1.63 14.08 -9.82 -0.69 14.93 -10.37 -2.59 13.72
5 24 11.15 -8.11 -6 10.37 -8.35 -6 10.54 -8.58 -5.26 10.1 -7.63 -7.33
5 24 -12.9 1.77 12.9 -13.66 1.96 11.74 -13.19 1.12 12.49 -13.61 2.49 11.89
5 24 -12.07 -1.12 21.75 -12.48 -0.44 22.37 -12.23 -0.05 21.85 -12.17 -1.5 22.21
5 24 -9.9 -5.1 12.1 -9.74 -5.52 12.46 -9.9 -3.55 13.43 -9.67 -5.49 11.66
5 24 -8.55 10.02 27.95 -9.33 10.19 26.02 -7.96 10.81 26.95 -9.71 9.59 26.18
5 24 -6.42 10.5 29.61 -7.26 9.96 28.79 -6.62 11.48 28.78 -6.47 9.68 29.48
5 24 -3.82 -3.31 -14.77 -3.29 -1.11 -15.71 -1.65 -2.48 -15.79 -4.51 -1.9 -15
5 24 -4.94 -12.09 19.12 -6.29 -11.53 19.54 -6.76 -11.63 18.44 -5.32 -11.22 20.08
5 24 -9.84 -3.76 27.28 -10.19 -4.14 26.21 -9.82 -2.9 26.47 -10.17 -5.1 26.28
5 24 14.87 -3.32 6.62 14.7 -3.43 4.95 15.07 -2.32 5.93 13.98 -4.09 7.24
5 24 5.87 7.63 16.44 6.82 8.12 15.66 6.25 7.55 16.31 5.26 8.84 15.72
5 24 10.01 -5.47 11.73 9.28 -5.61 10.86 10.01 -5.66 10.7 8.97 -5.68 11.75
5 24 3.59 1.26 -11.21 3.827 -2 -9.239 -.54 .92 -11.92 5.75 1.26 -10.3
5 24 -8.48 -2.89 -11.11 -9.79 -1.34 -9.73 -8.72 -3.4 -9.66 -10.23 0.11 -9.67
5 24 -2.12 26 29.84 -0.53 24.38 29.69 -2.06 24.18 29.91 -0.51 26.53 29.44
5 24 -4.93 -8.66 10.05 -4.95 -9.49 11.74 -5.91 -9.16 11.89 -3.99 -9.75 11.67
5 24 -6.39 25.27 24.02 -7.25 24.38 23.22 -6.03 25.46 23.56 -6.98 23.92 24.52
5 24 10.7 -3.12 13.67 9.9 -2.56 13.35 11.24 -2.78 13.15 9.53 -3.17 13.96
5 24 -8.6 -7.2 -5.58 -8.31 -8.41 -5.14 -7.2 -7.97 -5.82 -9.23 -7.87 -4.88
5 24 -1.15 -11.59 17.56 0.71 -10.79 17.52 0.67 -10.95 18.83 -0.02 -11.09 16.88
5 24 -4.38 19.14 29.3 -4.84 20.26 28.98 -4.03 21.23 29.37 -4.92 19.4 28.86
5 24 -2.74 34.77 30.67 -3.06 33.58 30.5 -3.33 34.3 30.17 -2.42 33.99 30.99
5 24 9.11 -5.86 12.86 8.24 -5.81 12.28 8.97 -5.68 11.75 7.72 -5.7 12.93
5 24 12.76 10.93 8.56 12.91 10.28 8.27 12.41 10.23 9.21 13.76 11.48 6.61
5 24 -8.75 -2.37 15.58 -8.94 -3.08 15.99 -8.27 -2.6 16.93 -9.44 -3.51 15.03
5 24 -0.91 -8.95 8.68 0.23 -8.99 8.15 0.1 -9.15 7.33 0.48 -8.83 8.76
5 24 -13.54 1.59 8.27 -13.11 0.29 9.26 -13.28 1.13 9.26 -14.23 2.41 6.54
5 24 -12.33 4.79 24.57 -11.66 4.5 23.9 -11.85 4.14 24.89 -11.84 5.83 24.16
5 24 -2.83 18.49 29.73 -3.58 16.22 30.12 -2.31 16.59 30.27 -4.38 17.15 29.33
5 24 0.53 -7.94 24.4 0.4 -6.6 24.61 0.8 -6.89 23.84 -0.21 -7.27 25.73
5 24 -5.1 15.33 29.18 -3.58 16.22 30.12 -4.38 17.15 29.33 -3.48 14.85 30.22
5 24 -3.73 43.06 27.03 -3.09 41.58 26.17 -4.78 42.24 27.65 -2.35 43.13 26.67
5 24 -0.79 1.17 29.65 -2.85 0.46 29.94 -1.34 2.06 29.96 -1.58 -0.98 28.97
5 24 13.28 -5.22 8.48 12.17 -5.6 8.89 13.05 -5.18 9.05 12.35 -5.7 7.9
5 24 -13.12 -2.77 21.5 -12.53 -1.83 21.29 -12.96 -2.31 22.02 -12.97 -3.02 21.05
5 24 -8.53 -9.47 25.64 -7.92 -9.82 24.24 -7.28 -9.97 25.38 -9.22 -8.83 24.94
5 24 -13.75 -4.37 -1.09 -13.69 -4.77 -1.93 -14.58 -3.74 -1.26 -12.48 -5.21 -1.4
5 24 1.47 -7.54 -11.24 1.43 -7.1 -12.17 2.15 -7.31 -11.79 0.83 -7.46 -11.72
5 24 -15.39 -1.04 -0.81 -15.92 -0.42 -1.32 -15.42 0.63 -0.31 -15.75 -1.17 -1.66
5 24 -8.39 -10.16 23.34 -8.58 -10.74 21.81 -7.59 -10.97 23.37 -8.67 -9.13 23.42
5 24 -8.57 20.36 23.23 -8.74 19.37 22.93 -7.76 20.03 23.94 -8.57 19.71 21.54
5 24 -10.54 -6.63 0.46 -10.06 -6.81 1.27 -9.16 -7.53 -0.27 -11.22 -5.84 1.47
5 24 -8.06 -7.41 10.35 -8.64 -6.64 9.88 -7.53 -6.9 9.46 -8.92 -6.85 11.11
5 24 7.75 -4.64 -12.75 9.08 -5.65 -12.25 8.85 -4.31 -12.26 7.72 -5.48 -12.64
5 24 -8.83 -9.62 21.17 -9.29 -9.29 19.29 -8.41 -9.92 20.62 -9.53 -8.98 20.17
5 24 13.05 0.51 -8.37 14.08 0.79 -6.57 11.73 2.84 -7.96 14.78 -1.75 -6.09
5 24 -3.16 36.96 24.73 -2.84 36.92 22.84 -2.62 37.43 24.32 -3.55 36.45 22.59
5 24 -11.39 -7.56 21.47 -11.49 -7.06 22.21 -11.49 -6.87 21.4 -10.8 -8.12 22.98
5 24 -1.1 0.28 19.53 -1.48 -0.62 19.81 -1.92 1.03 20.62 -0.2 0.05 18.98
5 24 -5.47 -4.42 29.96 -4.03 -5.35 29.28 -4.71 -6.06 29.56 -4.63 -3.89 29.89
5 24 5.55 -8.53 -11.56 4.93 -7.99 -11.13 5.3 -8.1 -12.13 5.27 -8.41 -10.27
5 24 -10.54 11.59 13.15 -9.24 11.36 14.47 -10.33 10.16 14.1 -9.26 12.14 13.95
5 24 0.91 -4.1 19.93 2.19 -3.56 18.5 1.44 -2.98 18.94 2.72 -3.95 18.07
5 24 1.15 -2.02 18.58 -0.15 -1.86 19.72 -0.01 -0.87 19.05 0.8 -2.42 19.23
5 24 -9.5 -8.15 25.72 -8.67 -7.98 26.68 -9.35 -7.31 26.31 -8.77 -8.84 26.37
5 24 14.58 -4.8 5.29 14.83 -4.3 3.9 13.98 -5.56 3.84 14.7 -3.43 4.95
5 24 -0.05 18.31 20.08 0.32 18.16 21.67 -0.29 19.28 21.28 0.43 17.28 20.36
5 24 13.66 -6.49 -4.04 13.61 -6.61 -5.15 14.45 -5.92 -4.4 12.7 -6.98 -3.93
5 24 -6.22 11.19 30.38 -6.42 10.5 29.61 -6.51 11.77 29.82 -5.56 10.23 30.45
5 24 -9.86 12.33 24.58 -10.19 11.88 24.05 -8.88 13.8 23.27 -10.15 10.8 24.73
5 24 1.65 10.79 25.42 1.82 11.57 24.22 1.65 10.1 24.86 1.48 12.59 24.69
5 24 16.08 4.58 -1.19 15.76 6.4 -1.38 16.14 5.65 -0.25 15.35 6.24 -2.37
5 24 13.8 -3.74 8.4 14.43 -2.9 8.44 14.57 -3.56 7.54 13.8 -3.09 8.94
5 24 -3.37 10.84 30.47 -3.56 11.86 30.8 -2.09 11.86 29.61 -4.45 10.78 30.78
5 24 3.65 4.61 17.32 5.68 4.75 16.65 5.49 4.09 16.8 4.64 5.83 16.56
5 24 -0.91 -9.68 6.02 -0.51 -9.95 5.28 -1.24 -9.82 5.09 -0.35 -9.75 5.82
5 24 -2.89 10.03 30.05 -3.45 9.82 30.79 -2.36 8.69 29.47 -3.37 10.84 30.47
5 24 -0.25 31.97 22.16 0.73 33.08 23.65 0.11 34.47 23.45 1.14 31.19 22.91
5 24 -5.39 30.14 21.54 -5.46 30.84 20.78 -5.48 30.76 21.87 -4.83 29.75 20.8
5 24 0.65 -9.4 7.61 1.07 -10.06 6.33 1.64 -10.49 7.06 0.52 -9.46 6.71
5 24 -8.31 -8.41 -5.14 -7.2 -7.97 -5.82 -7.42 -8.9 -4.76 -8.6 -7.2 -5.58
5 24 -2.37 -0.43 -15.78 -3.33 1.4 -15.07 -3.68 -0.28 -15.64 -1.86 0.11 -15.65
5 24 -7.62 -8.59 0.36 -9.08 -8.26 -1.29 -7.96 -9.4 -0.85 -8.3 -7.76 0.34
5 24 -4.82 43.97 29.6 -3.7 44.93 31.26 -4.25 44.17 31.88 -4.14 44.67 29.67
5 24 10.67 12.15 10.56 11.65 12.01 10.44 11.39 13 9.67 10.64 11.21 11.14
5 24 -1.68 -9.36 10.53 -0.85 -8.92 10.35 -1.63 -8.85 10.04 -1.06 -9.44 10.75
5 24 15.9 3.52 -4.05 15.01 2.57 -5.1 15.16 4.71 -4.92 15.57 1.31 -4.3
5 24 1.11 36.78 24.64 -0.57 37.39 24.44 1.08 37.84 25.45 -0.21 35.87 23.71
5 24 2.84 31.11 26.13 2.74 30.59 27.65 3.56 31.56 26.74 2.45 30.34 26.97
5 24 -7.8 -6.89 5.11 -7.9 -7.54 4.13 -7.36 -7.62 4.64 -9.33 -6.66 3.08
5 24 5.27 -8.41 -10.27 5.41 -9.22 -9.17 4.31 -9.3 -9.01 7.03 -8.4 -9.95
5 24 -9.86 2.03 8.63 -12.02 2.05 5.07 -10.5 15.89 7.8 -7.071 -2 7.071
5 24 -6.86 -3.98 -12.11 -7.69 -2.72 -12.21 -6.02 -3.72 -12.91 -8.48 -2.89 -11.11
5 24 -7.61 -5.53 -8.57 -9.27 -3.46 -9.06 -7.86 -4.35 -9.48 -8.73 -4.89 -8.24
5 24 -11.65 1.29 25.75 -11.2 2.74 26.74 -10.29 1.38 26.87 -12.01 2.42 26.05
5 24 -5.37 14.36 16.32 -5.27 14.27 17.7 -4.36 14.9 17.3 -5.63 13.96 16.6
5 24 12.44 13.85 6.81 11.66 14.38 7.7 12.21 12.87 8.63 11.36 14.84 7.33
5 24 -14.96 5.55 5.33 -15.22 4.9 4.16 -14.67 4.59 5.36 -14.94 6.42 5.25
5 24 2.1 1.39 18.38 4.19 2.12 17.35 2.14 2.86 18.07 3.23 0.9 17.57
5 24 -8.28 17.63 22.56 -8.19 16.62 22.05 -8.26 17.46 21.86 -8.54 16.69 23.03
5 24 -4.38 17.15 29.33 -4.74 17.77 28.21 -3.94 18.06 29.18 -5.03 16.72 28.12
5 24 13.54 10.32 3.96 13.72 11.53 4.27 14.05 10.74 5.23 13.06 11.38 3.58
5 24 -10.73 9.3 24.05 -10.97 9.46 25.47 -10.74 10.14 25.16 -11.14 8.77 24.27
5 24 10.7 -3.12 13.67 9.53 -3.17 13.96 9.96 -3.66 13.92 9.9 -2.56 13.35
5 24 12.16 10.45 9.95 12.61 11.39 9.59 12.41 10.23 9.21 11.74 10.57 10.58
5 24 14.45 -5.92 -4.4 14.35 -6.02 -3.28 13.66 -6.49 -4.04 14.48 -5.35 -3.89
5 24 -0.53 33.12 29.95 -0.39 34.61 30.63 0.15 34.37 29.32 -0.98 33.79 30.93
5 24 15.31 1.93 5.86 16.38 3.3 4.15 15.58 3.63 5.6 16.09 1.48 4.48
5 24 14.43 -2.9 8.44 14.57 -3.56 7.54 14.87 -3.32 6.62 13.8 -3.74 8.4
5 24 -9.73 -7.79 19.1 -9.42 -8.8 18.7 -9.57 -7.87 18.52 -9.53 -8.98 20.17
5 24 1.3 -7.72 17.6 1.78 -7.16 17.25 1.74 -8.05 16.31 1.21 -6.92 18.77
5 24 3.76 15.12 14.74 3.84 17.95 14.33 5.21 14.9 13.89 2.64 15.18 15.17
5 24 12.47 9.1 10.57 12.75 9.39 10.08 12.27 9.53 10.73 12.59 8.6 9.85
5 24 3.47 -8.32 13.53 4.12 -8.2 12.57 3.6 -8.53 12.4 4.23 -7.64 13.44
5 24 0.1 29.69 22.21 -0.06 28.23 22.54 -0.34 29.05 22.1 2.12 28.33 23.23
5 24 1.27 37.03 29.68 0.45 37.06 29.77 0.5 37.76 29.84 0.53 36.29 29.22
5 24 -12.48 -0.44 22.37 -12.36 -0.07 22.63 -12.2 0.25 23.54 -12.23 -0.05 21.85
5 24 -6.96 16.88 25.08 -7.71 18.7 25.14 -6.89 17.5 26.81 -7.13 17.77 24.53
5 24 -2.63 41.72 31.99 -1.8 41.5 31.82 -1.77 41.11 31.39 -2.55 43.82 32.89
5 24 10.84 -6.38 -9.58 11.23 -7.25 -8.14 10.16 -7.23 -9.06 12.54 -5.45 -8.36
5 24 -7.31 15.24 26.49 -7.85 14.75 26.32 -7.32 15.53 24.68 -7.22 14.88 27.33
5 24 -4.27 -10.31 13.05 -4.09 -10.29 13.81 -2.68 -10.46 13.32 -5.09 -10.06 13.24
5 24 0.95 -8.6 19.64 0.87 -8.28 20.85 0.55 -8.97 20.62 1.06 -7.33 20.37
5 24 2.93 -7.52 -13.83 3.93 -7.57 -13.41 2.75 -7.78 -12.94 2.91 -6.82 -14.49
5 24 -12.09 -5.59 23.03 -11.58 -6.13 21.81 -11.82 -5.05 22.63 -11.72 -6.5 22.45
5 24 -9.03 3.57 30.09 -7.13 3 30.41 -8.85 2.55 29.31 -8.61 4.29 30.41
5 24 -8.31 -8.41 -5.14 -9.23 -7.87 -4.88 -8.47 -8.68 -4.37 -8.6 -7.2 -5.58
5 24 9.1 -7.35 3.86 8.76 -8.06 1.09 10.45 -7.47 2.24 7.97 -7.87 2.82
5 24 -5.44 -10.3 14.36 -7.09 -9.82 14.67 -6.21 -10.65 15.29 -6.59 -9.45 13.61
5 24 11.84 -7.49 -2.02 10.95 -7.24 -2.31 11.02 -7.32 -3.06 10.91 -7.12 -1.73
5 24 12.53 -5.16 6.27 11.83 -5.37 5 13.61 -5.62 5.12 11.67 -5.3 6
5 24 0.94 3.91 25.92 0.82 4.53 25.18 0.49 4.9 25.98 0.84 2.93 25.53
5 24 -0.22 6.31 27.57 0.29 7.01 26.52 -0.58 7.55 28.01 0.53 6.02 26.16
5 24 -0.83 -1.46 23.17 -1.5 -1.74 22.05 -1.66 -0.49 22.08 -0.24 -1.98 23.14
5 24 2.09 21.05 27.5 2.24 22.12 27.65 1.21 21.2 28.09 2.36 21.23 25.88
5 24 -5.72 -11.19 23.3 -6.38 -11.24 23.15 -5.4 -10.97 24.13 -5.42 -11.54 21.69
5 24 1.89 0.32 -14.95 0.96 2.16 -14.03 0.75 0.39 -14.9 3.92 1.5 -13.58
5 24 -13.19 1.12 12.49 -12.45 0.27 12.31 -12.51 0.94 13.16 -12.98 0.78 12.03
5 24 -8.16 -6.36 9.3 -7.95 -6.67 6.59 -7.53 -6.9 9.46 -8.47 -5.92 6.54
5 24 -12.98 -2.91 22.22 -12.96 -2.31 22.02 -12.4 -2.63 23.26 -13.12 -2.77 21.5
5 24 -4.94 23.53 20.08 -4.45 23.72 19.05 -4.83 24.15 20.27 -4.2 23.02 19.24
5 24 -1.32 -4.11 -15.23 -0.46 -5.26 -15.44 -1.93 -5.29 -14.41 1.58 -3.34 -15.74
5 24 -13.19 1.12 12.49 -13.66 1.96 11.74 -12.98 0.78 12.03 -12.9 1.77 12.9
5 24 -0.3 -3.53 26.62 0.69 -1.64 26 0.19 -3.65 25.87 0.21 -1.15 27.02
5 24 -16.24 3.37 -1 -16.13 4.44 -1.69 -16.06 4.64 -1.05 -16.16 2.93 -2.35
5 24 -0.87 2.79 29.42 -0.79 1.17 29.65 0.01 1.98 28.67 -1.34 2.06 29.96
5 24 -4.02 30.95 28.07 -3.35 28.47 28.57 -2.81 29.65 29.73 -4.14 30.03 27.41
5 24 -11.32 5.8 26.53 -11.02 4.92 26.13 -12.14 5.06 25.73 -10.31 5.85 26.93
5 24 4.19 -9.33 10.53 4.48 -9.21 11.12 4.6 -8.56 9.97 3.24 -9.37 10.58
5 24 -10.29 1.38 26.87 -10.46 1.83 28.31 -10.14 2.67 27.49 -10.39 0.86 27.89
5 24 -9.33 6.85 27.4 -9.26 7.55 28.08 -9.44 7.81 26.82 -9.21 6.71 28.31
5 24 -10.25 -2.35 26.19 -10.18 -3.25 25.64 -10.99 -3.27 25.36 -9.82 -2.9 26.47
5 24 -13.02 14.02 7.79 -13.21 12.29 8.99 -12.78 13.36 8.99 -13.38 13.49 7.21
5 24 -3.44 -9.78 4.1 -5.53 -8.62 5.26 -3.37 -9.08 6.01 -6.75 -8.2 3.84
5 24 -5.8 -9.86 -1.21 -4.9 -10.14 -1.25 -5.18 -10.16 -0.81 -5.5 -10.19 -2.16
5 24 -7.77 4.98 17.53 -7.23 4.44 19.1 -8.32 4.7 16.71 -7.51 5.04 18.46
5 24 7.36 11.76 13.92 7.89 11.81 13.51 6.86 13.51 13.69 7.58 11.07 13.9
5 24 10.91 -7.12 -1.73 11.84 -7.49 -2.02 10.97 -7.1 -1.21 10.95 -7.24 -2.31
5 24 -7.58 -9.08 -2.81 -9.46 -8.08 -3.11 -8.73 -8.58 -2.37 -8.47 -8.68 -4.37
5 24 -6.59 -9.82 -0.54 -7.96 -9.4 -0.85 -7.06 -9.94 -1.38 -7.08 -9.04 0.38
5 24 0 -2 -10 -.54 .92 -11.92 -3.827 -2 -9.239 3.827 -2 -9.239
5 24 3.26 -8.67 12.02 1.99 -9.05 11.75 2.85 -8.93 11.37 1.81 -9.13 13.02
5 24 -13.46 -1.55 -6.11 -13.41 -3.08 -5.69 -12.72 -2.27 -6.43 -14.1 -2.82 -5.32
5 24 -8.19 18.72 21.02 -7.86 18.01 20.81 -7.34 19.07 20.31 -8.26 17.46 21.86
5 24 14.83 6.51 5.53 15.64 5.41 5.12 14.3 5.46 6.56 15.49 6.59 3.47
5 24 -9.55 0.29 29.5 -10.2 0.97 28.83 -10.08 -0.33 27.92 -9.35 0.99 29.57
5 24 -9.89 2.97 28.36 -10.28 4.86 28.82 -10.01 4.04 29.22 -10.14 2.67 27.49
5 24 -0.55 23.55 22.32 0.35 25.08 22.55 0.36 23.15 23.08 -0.45 24.63 22.2
5 24 -15.2 8.91 3.2 -15.5 7.51 3.51 -14.67 9.09 4.87 -16.08 7.11 1.73
5 24 -14.34 -4.06 -2.98 -13.93 -3.6 -3.64 -13.32 -4.4 -3.61 -14.47 -2.93 -3.06
5 24 -3.66 32.86 28.83 -5.07 31.45 28.02 -5.23 32.49 28.04 -3.44 31.57 28.65
5 24 -1.31 10.31 21.39 -0.54 11.53 21.98 -1.04 9.9 22.58 -1.03 11.99 21.17
5 24 12.18 -1.26 10.74 12.89 -2.6 11.32 13.74 -3.55 9.94 11.94 -1.83 11.38
5 24 -4.94 13.52 30.45 -5.07 14.18 29.54 -3.96 14.07 30.49 -5.98 12.68 30.19
5 24 8.07 9.9 14.86 8.69 10.13 13.65 7.45 10.43 14.16 8.56 9.58 14.7
5 24 -4.42 -12.1 21.7 -3.06 -11.65 20.74 -3.48 -12.04 21.8 -4.14 -11.28 20.09
5 24 1.11 36.78 24.64 2.63 34.73 24.14 -0.21 35.87 23.71 2.7 36.06 25.03
5 24 -13.98 5.7 11.83 -12.96 7.02 12.23 -13.11 5.96 12.63 -13.58 7.02 11.39
5 24 -10.57 -5.19 9.95 -11.53 -3.78 10.93 -10.67 -5.35 10.54 -11.56 -3.57 10.17
5 24 5.35 10.29 15.25 6.94 10.17 14.59 5.67 9.35 15.51 6.32 10.72 14.3
5 24 4.19 -9.33 10.53 4.6 -8.56 9.97 4.48 -9.21 11.12 3.73 -9.32 9.9
5 24 -7.34 17.44 11.81 -9.78 16.6 11.12 -9.24 15.76 12.93 -9.5 16.8 10.71
5 24 6.67 -8.43 4.35 8.19 -7.47 4.94 7.97 -7.87 2.82 7.42 -7.69 5.43
5 24 -14.45 4.57 -5.58 -14.34 3.4 -5.91 -13.74 5.4 -5.98 -14.93 3.6 -5.04
5 24 -7.05 14.12 28.1 -8.1 13.74 27 -7.22 14.88 27.33 -7.84 12.85 27.63
5 24 1.78 -7.16 17.25 3.03 -6.34 16.38 3.03 -5.96 16.75 2.98 -6.7 16
5 24 16.19 1.52 3.57 16.09 1.48 4.48 15 -2.34 4.22 16.38 3.3 4.15
5 24 -14.52 1.22 4.4 -14.92 3.11 4.28 -14.28 2.77 5.51 -14.76 0.29 3.28
5 24 -8.47 -5.92 6.54 -7.95 -6.67 6.59 -7.85 -6.61 5.86 -8.16 -6.36 9.3
5 24 -7.9 -8.27 0.75 -7.43 -8.19 3.3 -9.33 -6.66 3.08 -7.13 -8.78 1.07
5 24 -5.63 23.28 20.77 -4.83 24.15 20.27 -5.59 24.43 21.29 -4.94 23.53 20.08
5 24 -0.22 1.88 23.66 -1.37 1.98 22.37 -0.41 0.71 23.58 -1.59 3.09 22.54
5 24 -0.65 42.03 29.46 -0.82 42.14 30.38 -0.83 41.49 29.94 -0.54 42.43 29.87
5 24 3.47 -8.32 13.53 2.78 -8.38 13.53 3.6 -8.53 12.4 2.69 -8.17 14.12
5 24 -5.68 -9.93 -2.96 -5.75 -9.19 -3.78 -6.45 -9.29 -3.26 -3.82 -10.11 -3.49
5 24 10.98 8.24 12.74 10.28 9.27 12.9 10.68 8.11 13.34 10.66 9.03 12.12
5 24 -10.31 5.85 26.93 -11.32 5.8 26.53 -11.02 4.92 26.13 -10.75 7.06 26.38
5 24 5.67 9.35 15.51 5.35 10.29 15.25 4.26 9.21 15.94 6.94 10.17 14.59
5 24 -6.63 33.37 26.11 -6.22 33.75 26.1 -5.88 34 25.42 -5.43 33.59 27.45
5 24 -13.01 2.16 0.91 -13.02 8.81 -1.3 -13.01 8.66 0.32 -12.88 8.77 -2.78
5 24 -10.5 15.89 7.8 -9.86 2.03 8.63 -12.02 2.05 5.07 -9.87 16.42 8.57
5 24 3.59 1.26 -11.21 5.75 1.26 -10.3 3.827 -2 -9.239 4.78 2.31 -11.54
5 24 12.94 1.94 .17 10 -2 0 12.43 1.98 3.95 12.45 1.87 -3.1
5 24 5.03 -9.18 -6.07 2.95 -8.84 -5.1 3.87 -8.89 -4.05 4.77 -9.2 -6.73
5 24 1.36 -9.43 -4.54 0.23 -9.29 -4.77 0.3 -9.75 -3.55 1.32 -8.52 -6.46
5 24 12.43 -6.41 0.2 13.06 -6.63 -0.52 11.94 -6.68 -0.08 12.86 -6.43 0.13
5 24 -0.67 -5.7 27.12 -1.96 -5.99 28.08 -1.61 -6.57 27.76 -1.02 -4.73 27.64
5 24 -12.96 9.08 1.35 -14.58 9.01 1.66 -13.01 8.66 0.32 -14.15 9.94 2.89
5 24 1.89 0.32 -14.95 3.69 -0.14 -14.38 3.13 -2.47 -14.82 3.92 1.5 -13.58
5 24 -7.9 -7.54 4.13 -6.75 -8.2 3.84 -7.36 -7.62 4.64 -7.43 -8.19 3.3
5 24 -0.17 -2.76 28.79 -0.87 -3.86 28.61 0.43 -2.96 27.8 -1.53 -3.1 29.33
5 24 -8.67 -9.13 23.42 -8.58 -10.74 21.81 -8.39 -10.16 23.34 -8.83 -9.62 21.17
5 24 -8.71 -8.11 15.1 -9.56 -7.96 15.71 -9.35 -7.57 15.12 -8.58 -8.48 15.79
5 24 8.82 -2.59 -12.79 8.85 -4.31 -12.26 7.16 -4.05 -13.22 10.08 -2.5 -11.59
5 24 -9.33 10.19 26.02 -10.24 10.27 25.84 -9.71 9.59 26.18 -9.58 11.09 25.36
5 24 -2.66 -3.74 -14.77 -1.32 -4.11 -15.23 -2.45 -4.24 -14.44 -1.33 -3.44 -15.41
5 24 7.9 5.75 15.46 7.87 6.25 15.65 6.61 6.2 15.86 8.3 5.65 15.16
5 24 3.78 14.44 15.2 2.22 13.52 16.51 4.09 12.81 14.79 0.94 15.37 15.99
5 24 4.14 -1.62 16.3 3.18 0.17 17.21 3.09 -1.39 17.02 4.16 1.07 16.87
5 24 -0.58 7.55 28.01 0 9.14 28.6 0.01 8.08 26.64 -1.19 8.24 28.88
5 24 14.02 3.63 7.93 13.63 5.15 7.7 14.29 3.72 6.9 12.02 4.98 9.57
5 24 1.24 -4.5 23.15 1.14 -3.83 24.58 0.39 -2.93 23.3 1.23 -4.44 24.39
5 24 -8.88 13.8 23.27 -8.73 12.66 22.29 -10.19 11.88 24.05 -8.83 13.52 22.52
5 24 -1.14 9.88 19.52 -0.88 11.34 18.97 -1.43 11.03 20.2 -0.54 10.32 18.87
5 24 -3.33 34.3 30.17 -3.51 33.2 29.78 -3.06 33.58 30.5 -3.77 33.9 28.72
5 24 -9.22 -8.83 24.94 -8.53 -9.47 25.64 -8.77 -8.84 26.37 -7.92 -9.82 24.24
5 24 -5.96 13.96 17.83 -7.45 14.53 18.81 -6.22 14.98 18.48 -6.38 13.26 18.05
5 24 -14.4 3.16 6.56 -14.23 2.41 6.54 -14.16 2.86 7.5 -14.28 2.77 5.51
5 24 9.68 -5.46 8.86 7.45 -6.85 8.26 9.21 -6.17 8.03 7.64 -6.44 10.48
5 24 -7.51 -9.09 14.23 -7.09 -9.82 14.67 -6.59 -9.45 13.61 -7.7 -9.8 15.54
5 24 -6.24 22.57 20.8 -7.02 22.86 21.2 -6.36 24.39 21.34 -7.28 21.56 21.31
5 24 -5.21 18.56 27.86 -3.94 18.06 29.18 -4.92 19.4 28.86 -4.74 17.77 28.21
5 24 -0.65 -8.94 -4.9 -0.01 -8.37 -6.8 -1.82 -7.94 -8.14 0.23 -9.29 -4.77
5 24 0.15 10.83 18.16 -0.54 10.32 18.87 -0.12 8.82 17.92 -0.88 11.34 18.97
5 24 -11.68 0.08 13.12 -11.53 -1.87 13.2 -10.61 -0.8 13.96 -12.45 0.27 12.31
5 24 -2.83 -7.41 -9.96 -5.2 -6.49 -8.63 -2.54 -7.55 -8.62 -5.33 -5.71 -11.14
5 24 8.69 10.13 13.65 7.45 10.43 14.16 8.07 9.9 14.86 8.16 11.01 13.51
5 24 -8.74 -8.44 16.74 -9.56 -7.96 15.71 -8.58 -8.48 15.79 -9.51 -7.76 16.6
5 24 4.22 6.6 16.87 5.42 7.03 16.8 5.33 5.91 16.36 4.64 7.49 16.7
5 24 -3.59 -11.07 14.7 -5.44 -10.3 14.36 -5.68 -11.01 15.22 -3.86 -10.66 14.23
5 24 14.81 8.04 5.59 14.83 6.51 5.53 14.93 7.67 4.23 14.47 7.25 6.35
5 24 -2.02 35.81 21.54 -2.97 36.57 22.2 -3.01 35.76 21.69 -2.08 36.9 22.65
5 24 -0.39 34.61 30.63 -0.98 33.79 30.93 -0.53 33.12 29.95 -1.66 34.55 31.06
5 24 -3.16 36.96 24.73 -4.81 38.25 26.6 -5.03 37.37 26.22 -2.8 38.69 25.14
5 24 -4.17 1.44 31.15 -4.19 2.18 31.7 -5.34 1.75 31.65 -3.55 1.79 30.78
5 24 -12.45 14.84 9.65 -12.11 14.92 10.28 -12.03 15.53 9.52 -12.02 14.07 10.61
5 24 -0.22 20.55 20.96 -0.29 20.52 22.24 -0.29 19.28 21.28 -0.22 21.45 22.29
5 24 0.11 34.47 23.45 2.63 34.73 24.14 -0.21 35.87 23.71 0.73 33.08 23.65
5 24 -8.81 12.63 20.76 -8.83 12.16 20.89 -8.18 12.19 20 -9 12.02 21.37
5 24 -0.2 0.05 18.98 -0.01 -0.87 19.05 1.29 -0.39 18.67 -1.48 -0.62 19.81
5 24 -0.16 3.55 19.11 1.45 2.72 18.83 -0.38 2.93 19.66 1.54 3.6 18.29
5 24 -4.02 30.95 28.07 -2.81 29.65 29.73 -3.35 28.47 28.57 -3.44 31.57 28.65
5 24 -7.19 16.47 18.69 -5.56 15.82 17.94 -5.86 16.87 17.64 -6.86 15.42 18.93
5 24 5.3 -8.1 -12.13 6.22 -7.02 -13.25 4.88 -7.34 -12.79 6.83 -7.46 -12.8
5 24 15.75 6.28 1.09 16.38 4.43 0.36 15.98 4.86 2.75 16.14 5.65 -0.25
5 24 -4.93 -8.66 10.05 -3.26 -8.58 9.63 -3.38 -9.05 10.15 -4.88 -8.03 9.49
5 24 -0.43 11.58 29.04 -0.79 10.44 29.37 -2.09 11.86 29.61 0.46 10.6 28.26
5 24 -6.02 17.75 18.01 -6 18.37 18.55 -3.13 16.97 16.69 -6.75 18.73 19.42
5 24 0.8 -8.28 23.08 0.11 -8.99 23.19 0.63 -8.43 21.98 0.53 -7.94 24.4
5 24 3.56 31.56 26.74 3.31 33.2 24.48 2.84 31.11 26.13 3.79 33.53 26.8
5 24 0.38 10.62 22.52 0.15 9.64 23.03 -1.04 9.9 22.58 1.48 10.59 23.5
5 24 -5.53 26.06 23.43 -5.57 25.65 22.5 -6.03 25.46 23.56 -5.42 26.82 23.11
5 24 -5.69 -7.28 28.49 -5.52 -6.36 29.39 -6.7 -6.74 28.44 -4.59 -6.78 28.67
5 24 4.48 -9.3 3.75 3.55 -9.76 2.62 3.35 -9.87 3.21 4.56 -9.69 1.67
5 24 -11.04 2.29 22.88 -11.78 2.49 23.96 -11.78 1.41 23.51 -11.32 3.32 23.36
5 24 -10.92 7.79 24.38 -10.53 7.54 25.47 -10.82 6.98 24.22 -10.55 7.94 25.37
5 24 -0.29 19.28 21.28 -0.22 20.55 20.96 -0.57 19.24 19.99 -0.29 20.52 22.24
5 24 -6.96 16.88 25.08 -8.52 16.21 23.85 -7.13 17.77 24.53 -7.32 15.53 24.68
5 24 -14.66 6.72 7.78 -14.66 4.69 8.21 -15.19 5.77 6.48 -14.43 5.61 8.46
5 24 -9.36 -5.88 -6.15 -10.69 -6.23 -5.48 -10.71 -5.67 -6.01 -9.43 -6.95 -5.2
5 24 7.58 11.07 13.9 7.36 11.76 13.92 7.89 11.81 13.51 6.32 10.72 14.3
5 24 -12.56 -3.28 3.74 -11.77 -2.55 5.35 -13.47 -0.75 4.35 -10.91 -3.46 5.2
5 24 -10.13 -7.02 15.67 -10.23 -6.21 16.34 -10.07 -6.99 16.45 -9.99 -5.83 15.47
5 24 -6.87 25.09 26.69 -6.6 25.95 27 -7.08 25.99 26.08 -6.16 25.46 27.63
5 24 1.36 -9.43 -4.54 2.62 -9.88 -2.62 0.3 -9.75 -3.55 2.95 -8.84 -5.1
5 24 0 -2 10 .17 2.02 12.95 -3.05 2.05 12.73 3.827 -2 9.239
5 24 -9.08 2.31 -9.63 -10.18 2.64 -8.4 -10.52 1.62 -9.04 -9.93 2.76 -8.24
5 24 15.05 -1.43 -5.38 15.46 0.82 -4.96 15.62 -1.67 -2.79 14.08 0.79 -6.57
5 24 13.17 8.49 0.57 13.46 8.46 -1.28 13.69 8.37 0.74 13.1 8.62 -1.22
5 24 -1.96 -5.99 28.08 -1.61 -6.57 27.76 -0.67 -5.7 27.12 -2.13 -6.95 27.58
5 24 -15.33 2.64 -3.18 -14.93 3.6 -5.04 -15.09 2.69 -4.1 -15.7 3.46 -2.88
5 24 -7.94 10.26 19.99 -8.09 9.41 20.12 -8.79 10.22 20.49 -6.84 9.48 19.96
5 24 -13.92 -1.21 3.36 -14.29 -1.45 2.35 -13.64 -2.12 2.39 -14.7 -0.67 2.19
5 24 -5.46 30.84 20.78 -5.48 30.76 21.87 -5.49 32.8 21.07 -5.39 30.14 21.54
5 24 -6.99 24.04 24.96 -7.72 23.25 25.29 -6.98 23.92 24.52 -7.64 23.32 25.78
5 24 0.03 21.08 20.32 -0.24 20.89 19.34 -0.4 22.63 19.24 -0.48 20.1 19.74
5 24 -0.45 -4.54 25.61 -0.67 -5.7 27.12 -0.7 -4.23 26.34 -0.37 -6.37 26.73
5 24 -6.58 15.94 26.35 -7.31 15.24 26.49 -6.06 15.85 26.95 -7.32 15.53 24.68
5 24 -5.33 33.17 22.53 -5.48 30.76 21.87 -5.49 32.8 21.07 -4.69 31.27 23.54
5 24 1.94 21.53 24.51 2.36 21.23 25.88 1.89 20.1 25.87 2.35 22.83 25.09
5 24 -10.75 7.06 26.38 -10.31 5.85 26.93 -10.06 6.37 27.02 -11.32 5.8 26.53
5 24 12.21 12.87 8.63 11.66 14.38 7.7 12.44 13.85 6.81 11.93 13.18 8.62
5 24 0.11 -8.99 23.19 -0.62 -9.34 23.59 -0.65 -9.82 23.07 -0.42 -9.05 24.38
5 24 -4.5 -8.37 6.4 -5.8 -7.96 5.96 -5.13 -7.76 7.33 -5.53 -8.62 5.26
5 24 -3.35 23.84 18.36 -1.66 24.99 18.52 -3.32 24.97 18.63 -1.71 23.37 18.57
5 24 -1.68 38.35 24.66 -2.8 38.69 25.14 -2.62 37.43 24.32 -1.38 38.98 24.88
5 24 11.23 -7.25 -8.14 11.53 -7.12 -6.76 12.54 -5.45 -8.36 10.1 -7.63 -7.33
5 24 0.29 7.01 26.52 0.76 7.57 25.78 0.01 8.08 26.64 0.91 6.94 25.65
5 24 13.03 -4.77 -6.46 12.68 -5.21 -7.41 12.15 -6.9 -6.08 12.5 -4.17 -7.55
5 24 3.3 -3.38 -15.29 1.68 -4.17 -16.02 2.56 -2.46 -14.95 3.15 -4.67 -15.62
5 24 -14.15 9.94 2.89 -14.05 10.52 4.14 -13.67 11.03 3.92 -14.46 9.75 4.35
5 24 -2.12 26 29.84 -2.14 26.41 30.07 -0.81 27.05 30.01 -3.37 26.15 29.25
5 24 -3.53 -10.43 -2.68 -2.59 -9.94 -2.22 -2.73 -10.05 -2.86 -3.36 -9.96 -1.66
5 24 -7.84 6.71 17.96 -8.57 6.76 16.55 -8.14 7.73 16.56 -7.88 6.04 17.83
5 24 -2.62 -5.14 28.31 -0.87 -3.86 28.61 -1.53 -3.1 29.33 -1.02 -4.73 27.64
5 24 -4.88 -8.03 9.49 -3.15 -8.38 8.26 -3.26 -8.58 9.63 -5.13 -7.76 7.33
5 24 12.8 -3.06 -7.79 13.58 -3.24 -7.14 13.05 0.51 -8.37 12.5 -4.17 -7.55
5 24 4.19 2.12 17.35 4.16 1.07 16.87 4.98 1.61 16.22 3.23 0.9 17.57
5 24 -0.81 -11.18 22.26 -0.09 -10.39 22.27 -0.89 -10.68 22.7 0.2 -10.57 21.37
5 24 -7.43 -8.19 3.3 -7.13 -8.78 1.07 -7.9 -8.27 0.75 -6.65 -8.73 2.35
5 24 -8.67 -9.13 23.42 -9.22 -8.83 24.94 -7.92 -9.82 24.24 -9.52 -8.08 24
5 24 -12.98 14.04 6.71 -12.72 13.51 5.39 -12.4 14.44 6.46 -13.15 13.25 5.98
5 24 -10.48 -6.92 24.13 -11.01 -6.22 24.67 -11.72 -6.5 22.45 -10.28 -6.02 25.25
5 24 -6.76 -11.63 18.44 -5.42 -12 17.61 -4.94 -12.09 19.12 -5.47 -11.46 17.16
5 24 -4.13 -2.65 29.92 -4.2 -2.1 30.71 -5.27 -2.68 30.69 -2.83 -1.99 29.5
5 24 2.32 18.62 13.18 0.55 18.45 14.76 3.84 17.95 14.33 -2.22 18.97 14.08
5 24 2.23 -2.53 17.45 3.09 -1.39 17.02 2.63 -1.51 17.88 2.82 -2.92 16.91
5 24 1.8478 -9.5 2.7654 1.87 -9.92 3.26 1.4142 -9.5 3.4142 1.98 -9.81 2.88
5 24 11.06 1.99 7.37 7.73 2.11 10.52 9.49 16.14 9.21 7.071 -2 7.071
5 24 3.03 -10.17 5.25 4.42 -9.72 5.56 3.86 -9.94 5.74 3.61 -10.27 4.14
5 24 -8.77 -8.84 26.37 -9.22 -8.83 24.94 -8.53 -9.47 25.64 -9.5 -8.15 25.72
5 24 -9.31 -7.22 13.18 -9.34 -6.09 11.81 -9.74 -5.52 12.46 -8.92 -6.85 11.11
5 24 16.3 2.79 -0.46 16.42 2.97 0.82 16.23 1.06 0.18 16.38 4.43 0.36
5 24 -7.58 3.35 18.39 -7.23 4.44 19.1 -7.96 3.55 17.56 -7.14 3.19 19.14
5 24 -7.65 -10.29 17.79 -7.29 -10.9 18.82 -7.04 -10.62 17.4 -7.69 -10.06 19.21
5 24 2.29 24.63 25.14 2.33 24.54 24.27 2.17 25.36 25.34 2.51 23.39 24.48
5 24 -1.16 28.17 30.07 -1.78 29.44 29.97 -0.57 29.19 29.51 -2.68 28.97 29.53
5 24 15.07 -2.32 5.93 14.87 -3.32 6.62 14.43 -2.9 8.44 14.7 -3.43 4.95
5 24 0.5 37.76 29.84 0.37 39.4 29.19 -0.03 37.81 30.4 1.07 38.86 29
5 24 -8.09 9.41 20.12 -8.79 10.22 20.49 -9.4 8.58 20.23 -7.94 10.26 19.99
5 24 -7.45 14.53 18.81 -6.38 13.26 18.05 -5.96 13.96 17.83 -7.79 13.11 19.04
5 24 -9.42 -8.8 18.7 -8.71 -9.56 18.84 -9.29 -9.29 19.29 -8.31 -9.51 18.09
5 24 -4.92 19.4 28.86 -3.94 18.06 29.18 -5.21 18.56 27.86 -4.38 19.14 29.3
5 24 -10.12 15.7 11.77 -11.21 15.57 10.76 -10.81 16.34 10.32 -10.76 15.02 11.36
5 24 -15.22 4.9 4.16 -15.2 2.19 3.07 -14.92 3.11 4.28 -15.63 3.05 2.07
5 24 0.49 4.9 25.98 0.94 3.91 25.92 0.82 4.53 25.18 0.41 3.49 26.83
5 24 -12.28 -2.03 23.25 -12.37 -0.36 24.22 -12.89 -1.34 24.74 -11.96 -1.5 22.8
5 24 -10.44 -8.05 -1.9 -9.46 -8.46 -2.19 -10.45 -7.64 -3.24 -9.08 -8.26 -1.29
5 24 7.08 2.14 -10.68 9.2 2.64 -9.34 6.98 2.2 -10.35 8.72 1.68 -10.5
5 24 0.28 5.44 18.5 -2 5.77 19.89 -0.02 4.53 18.73 -1.88 6.96 19.69
5 24 -12.64 -3.13 -5.81 -10.63 -5.08 -6.22 -10.71 -4.26 -7.58 -12.73 -3.75 -5.12
5 24 15.58 3.63 5.6 15.31 1.93 5.86 16.38 3.3 4.15 14.29 3.72 6.9
5 24 -2.39 -10.18 12.8 -2.68 -10.46 13.32 -4.16 -9.96 12.44 -1.79 -9.93 13.21
5 24 11.67 9.79 11.3 11.86 8.42 10.92 11.03 8.5 11.9 12.27 9.53 10.73
5 24 -10.19 11.88 24.05 -9.74 11.08 22.8 -10.18 10.89 23.92 -8.73 12.66 22.29
5 24 6.72 -9.15 -6.51 6.74 -9 -7.27 7.44 -8.71 -7.96 4.77 -9.2 -6.73
5 24 10.41 -7.23 3.28 10.45 -7.47 2.24 11.7 -6.63 2.47 9.1 -7.35 3.86
5 24 5.7 -8.75 5.52 4.43 -8.94 6.76 6.37 -8.53 5.82 4.44 -9 6.53
5 24 -14.97 -2 -4.14 -14.1 -2.82 -5.32 -14.84 -1.08 -4.46 -14.47 -2.93 -3.06
5 24 -12.23 -0.05 21.85 -10.05 0.6 20.43 -11.55 0.9 21.7 -11.64 -0.29 21.26
5 24 16.38 4.43 0.36 16.42 2.97 0.82 15.98 4.86 2.75 16.3 2.79 -0.46
5 24 -13.92 -1.21 3.36 -14.7 -0.67 2.19 -14.29 -1.45 2.35 -14.76 0.29 3.28
5 24 -7.08 25.99 26.08 -6.87 25.09 26.69 -7.22 25.39 25.87 -6.6 25.95 27
5 24 -13.91 4.82 11.1 -14.51 4.96 10.04 -14.57 4.04 10.45 -14 5.73 10.68
5 24 0.22 5.1 28.16 -0.05 5.02 27.28 -0.02 4.47 28.6 -0.22 6.31 27.57
5 24 -8.04 6.85 29.65 -7.11 7.4 29.91 -7.35 9.21 29.41 -7.49 6.26 29.66
5 24 -1.22 20.74 18.27 -1.27 21.76 18.35 -2.88 20.59 18.13 -0.24 20.89 19.34
5 24 -13.67 1.56 10.24 -13.64 0.88 10.53 -13.55 1.92 11.09 -13.55 0.74 9.94
5 24 -3.51 -11.51 19.57 -2.82 -11.9 20.02 -3.06 -11.65 20.74 -3.07 -11.54 18.97
5 24 -6.22 33.75 26.1 -5.21 34.84 26.78 -5.88 34 25.42 -5.43 33.59 27.45
5 24 3.84 17.95 14.33 6.6 17.26 13.04 6.65 16.83 13.21 4.58 18.33 12.66
5 24 14.73 8.61 2.82 14.98 8.65 3.99 14.93 7.67 4.23 14.15 10.2 5.05
5 24 -0.31 7.03 22.59 -1.36 8.05 22.22 -1.52 7.27 22.28 0.51 7.85 22.59
5 24 -5.42 -1.53 -14.13 -5 -2 -14.51 -5.51 -2.15 -13.52 -4.84 -1.36 -14.8
5 24 -0.4 6.8 28.9 -1.19 8.24 28.88 -0.58 7.55 28.01 -1.89 7.36 30
5 24 -4.81 2.07 -13.91 -5.03 2.77 -12.35 -6.05 1.89 -13.51 -3.38 2.73 -13.29
5 24 0.52 -9.46 6.71 -0.35 -9.75 5.82 -0.91 -9.68 6.02 0.9 -10.04 6.09
5 24 -1.96 -5.99 28.08 -2.65 -6.32 28.03 -2.62 -5.14 28.31 -2.13 -6.95 27.58
5 24 -14.68 3.41 10.31 -14.57 4.04 10.45 -15.09 4.02 9.45 -13.74 2.96 11.2
5 24 15.68 -3.53 3.65 15.72 -3.96 0.73 15.37 -1.94 2.54 15.34 -4.88 1.18
5 24 -10.01 -5.27 14.97 -9.72 -3.92 14.07 -10.03 -5.99 14.32 -9.79 -4.73 15.68
5 24 6.6 17.26 13.04 4.58 18.33 12.66 6.27 17.75 11.88 3.84 17.95 14.33
5 24 2.78 -8.38 13.53 1.81 -9.13 13.02 2.69 -8.17 14.12 3.26 -8.67 12.02
5 24 -0.91 -9.68 6.02 -0.91 -8.95 8.68 0.1 -9.15 7.33 -2.23 -9.19 7.33
5 24 -3.29 -1.11 -15.71 -4.51 -1.9 -15 -3.82 -3.31 -14.77 -4.11 -1.23 -15.38
5 24 0.29 -9.86 14.54 -0.09 -9.97 13.48 -0.44 -9.92 14.09 1.11 -9.27 14.71
5 24 -9.96 -5.44 11.21 -9.34 -6.09 11.81 -9.19 -6.37 10.48 -9.67 -5.49 11.66
5 24 13.35 12.51 4.95 13.76 11.48 6.61 12.44 13.85 6.81 14.01 11.52 5.47
5 24 -1.72 6.31 30.17 -0.02 4.47 28.6 -1.67 4.22 29.41 -0.68 6.16 29.48
5 24 -9.16 -3.64 29.11 -10.12 -1.95 28.52 -10.34 -2.48 27.9 -8.92 -2.25 29.42
5 24 1.125 -6.345 22.325 0.53 -7.94 24.4 0.8 -8.28 23.08 0.8 -6.89 23.84
5 24 -11.72 -6.5 22.45 -11.49 -7.06 22.21 -10.48 -6.92 24.13 -11.58 -6.13 21.81
5 24 -12.2 -4.1 21.29 -12.57 -4.05 21.91 -12.97 -3.02 21.05 -11.98 -4.37 22.05
5 24 -3.16 36.96 24.73 -2.8 38.69 25.14 -2.62 37.43 24.32 -4.81 38.25 26.6
5 24 2.59 36.41 26.12 3.15 35.92 26 2.7 36.06 25.03 2.41 35.82 26.71
5 24 -2.59 -10.68 14.31 -2.35 -11 15.11 -3.59 -11.07 14.7 -1.63 -10.16 14.58
5 24 10.98 8.24 12.74 10.66 9.03 12.12 11.03 8.5 11.9 10.28 9.27 12.9
5 24 9.3 15.22 11.54 9.35 12.28 12.3 9.78 12.11 11.77 8.7 14.94 12.12
5 24 -1.65 -2.48 -15.79 -3.82 -3.31 -14.77 -3.29 -1.11 -15.71 -2.66 -3.74 -14.77
5 24 -4.56 -0.64 -15.42 -5.37 -0.89 -14.83 -5.7 -0.31 -15 -4.84 -1.36 -14.8
5 24 -6.74 14.85 14.53 -7.87 14.3 14.14 -6.85 13.87 14.9 -7.94 15.81 13.53
5 24 -6.62 11.48 28.78 -6.51 11.77 29.82 -6.42 10.5 29.61 -6.07 13.12 28.96
5 24 -1.39 -10.14 12.59 -0.41 -9.53 11.13 -0.75 -10.08 13.06 -1.06 -9.44 10.75
5 24 -6.21 26.11 23.91 -5.6 27.88 23.76 -5.53 26.06 23.43 -6.62 26.89 24.26
5 24 4.42 -9.72 5.56 4.91 -9.17 5.29 4.44 -9 6.53 3.61 -10.27 4.14
5 24 -11.8 -1.3 -8.27 -11.43 -1.94 -8.51 -10.82 -1.66 -9.09 -13.37 -1.15 -6.65
5 24 -3.01 35.76 21.69 -3.55 36.45 22.59 -2.97 36.57 22.2 -3.71 35.77 22.51
5 24 1.74 -5.72 20.71 1.3 -6.48 20.03 1.55 -6.69 20.93 1.44 -5.67 19.92
5 24 -1.88 8.22 19.51 -2.09 7 20.72 -1.88 6.96 19.69 -2.25 8.09 21.03
5 24 -14.76 0.74 -5.11 -13.76 -0.7 -5.71 -13.78 0.28 -6.23 -14.8 -0.17 -4.49
5 24 4.89 -6.84 13.63 6.76 -6.29 12 4.58 -6.26 14.47 4.23 -7.64 13.44
5 24 -12.81 8.38 12.71 -13.34 8.45 12.34 -13.07 7.86 12.59 -13.09 9.7 11.99
5 24 -9.27 -3.46 -9.06 -10.72 -3.45 -8.34 -9.35 -4.25 -8.35 -10.82 -1.66 -9.09
5 24 12.58 12.22 8.67 12.31 12.48 9.65 12.21 12.87 8.63 12.55 12.19 9.53
5 24 -5.3 42.84 29.53 -5.35 43.4 29.66 -4.77 42.92 27.69 -4.08 43.25 31.79
5 24 -10.19 -4.6 6.41 -10.12 -4.37 5.3 -10.89 -3.61 6.39 -8.51 -5.79 5.68
5 24 11.73 2.84 -7.96 13.05 0.51 -8.37 11.75 2.26 -8.47 14.08 0.79 -6.57
5 24 0.87 -8.28 20.85 0.59 -8.8 21.32 0.91 -7.74 21.2 0.55 -8.97 20.62
5 24 -12.7 12.81 10.91 -12.69 11.98 11.53 -12.02 14.07 10.61 -13.05 11.75 10.67
5 24 -5.4 -10.97 24.13 -7.59 -10.97 23.37 -6.38 -11.24 23.15 -6.43 -10.16 24.49
5 24 0.28 -9.59 21.1 0.55 -8.97 20.62 0.59 -8.8 21.32 0.15 -10.12 20.54
5 24 -3.09 3.85 31.22 -4.42 3.37 31.89 -4.7 4.46 31.87 -3.26 2.62 31.12
5 24 -16.08 7.11 1.73 -16.28 6.31 0.96 -15.86 7.65 0.81 -15.61 5.91 2.45
5 24 0.74 -9.93 16.8 1.24 -9.06 15.86 1.38 -8.42 16.68 0.83 -9.56 15.12
5 24 -11.15 3.65 22.51 -10.5 3.07 22.03 -11.04 2.29 22.88 -10.4 4.43 21.55
5 24 14.64 -5.14 -4.96 14.45 -5.92 -4.4 14.62 -5.3 -4.36 14.3 -5.43 -5.67
5 24 -6.8 -1.26 -13.11 -5.51 -2.15 -13.52 -7.38 -1.86 -12.66 -6.36 -0.73 -13.87
5 24 7.48 -7.18 7.04 4.57 -8.74 9.69 5.19 -8.74 8.72 4.6 -8.56 9.97
5 24 3.47 -8.32 13.53 2.73 -7.92 14.58 2.69 -8.17 14.12 3.69 -7.81 14.11
5 24 13.06 11.38 3.58 13.72 11.53 4.27 12.76 12.56 4.32 13.54 10.32 3.96
5 24 -6.2 21.97 27.69 -7.02 21.73 26.87 -6.45 20.88 27.32 -7.31 22.62 26.57
5 24 -8.02 10.59 15.47 -9.28 8.54 15.21 -9.24 11.36 14.47 -7.86 9.61 15.74
5 24 0.96 2.16 -14.03 3.92 1.5 -13.58 1.89 0.32 -14.95 3.53 2.29 -12.6
5 24 -5.21 34.84 26.78 -5.43 33.59 27.45 -6.22 33.75 26.1 -4.28 34.56 28.17
5 24 0.16 16.34 20.68 0.56 16.18 21.74 0.62 17.11 21.65 -0.27 15.47 20.91
5 24 -15.72 1.08 -1.86 -15.92 -0.42 -1.32 -15.58 0.59 -2.58 -15.5 1.34 -0.76
5 24 -14.23 2.41 6.54 -14.28 2.77 5.51 -14.09 1.68 5.79 -14.4 3.16 6.56
5 24 -16.08 5.93 -0.63 -15.94 6.95 -1.47 -16.07 5.88 -2.75 -15.91 6.88 -0.66
5 24 9.17 6.81 14.93 8.3 5.65 15.16 7.87 6.25 15.65 9.31 5.93 14.3
5 24 -4.03 26.36 28.38 -5.16 27.24 27.66 -3.35 28.47 28.57 -4.99 26.35 27.65
5 24 8.93 8.62 14.17 8.37 8.98 14.99 8.56 9.58 14.7 8.53 8.05 14.45
5 24 -9.52 -8.08 24 -9.47 -8.77 22.6 -10.15 -8.46 22.95 -8.67 -9.13 23.42
5 24 -10.28 4.86 28.82 -10.01 4.04 29.22 -9.49 5.35 29.59 -9.89 2.97 28.36
5 24 -9.49 5.35 29.59 -8.71 6.45 29.06 -7.49 6.26 29.66 -10.01 5.55 28.81
5 24 16.38 4.43 0.36 16.3 2.79 -0.46 16.08 4.58 -1.19 16.42 2.97 0.82
5 24 -15.02 8.28 0.13 -15.86 7.65 0.81 -15.3 8.66 1.91 -15.6 7.65 -0.84
5 24 -1.38 38.98 24.88 -2.8 38.69 25.14 -2.74 39.22 25.26 -1.68 38.35 24.66
5 24 -6.13 6.08 31.17 -4.97 5.47 31.32 -6 4.86 30.85 -5.05 6.27 31.4
5 24 -6.51 10.53 18.89 -7.2 10.02 17.18 -6.77 9.17 18.12 -7.19 10.59 17.33
5 24 4.59 -4.5 -14.71 4.97 -5.64 -14.63 4.97 -4.83 -14.68 3.93 -5.75 -14.6
5 24 -7.62 19.9 21.06 -8.19 18.72 21.02 -7.34 19.07 20.31 -8.57 19.71 21.54
5 24 -7.43 -1.42 17.08 -8.27 -2.6 16.93 -7.7 -2.13 17.68 -8.75 -2.37 15.58
5 24 -11.58 4.3 13.69 -12.51 3.78 12.75 -12.04 4.8 13.29 -11.68 3.26 13.25
5 24 1.42 -2.26 24.91 0.39 -2.93 23.3 1.14 -3.83 24.58 0.66 -1.5 24.06
5 24 0.57 17.46 28.77 0.35 16.35 28.56 1.48 16.84 27.48 -0.38 17.27 29.09
5 24 -14.61 3.53 7.48 -14.66 4.69 8.21 -14.56 3.98 8.2 -15.19 5.77 6.48
5 24 4.9 14.03 14.24 5.22 12.4 14.18 4.09 12.81 14.79 5.53 13.43 13.85
5 24 -1.1 44.03 32.19 -1.8 41.5 31.82 -0.81 42.18 31.27 -2.55 43.82 32.89
5 24 3.42 29.59 25.18 2.39 30.8 24.63 2.6 29.54 26.45 2.92 29.96 23.97
5 24 -12.81 8.38 12.71 -12.36 7.56 12.73 -12.19 8.36 12.78 -13.07 7.86 12.59
5 24 -0.89 -10.68 22.7 -0.09 -10.39 22.27 -0.81 -11.18 22.26 -0.65 -9.82 23.07
5 24 -14.84 -1.08 -4.46 -13.46 -1.55 -6.11 -13.76 -0.7 -5.71 -14.1 -2.82 -5.32
5 24 -16.12 1.96 -2.18 -15.33 2.64 -3.18 -15.69 1.52 -2.57 -16.16 2.93 -2.35
5 24 -9.56 -7.96 15.71 -9.35 -7.57 15.12 -10.13 -7.02 15.67 -8.71 -8.11 15.1
5 24 10.98 8.24 12.74 10.68 8.11 13.34 11.02 7.64 12.69 10.28 9.27 12.9
5 24 -8.86 7.15 29.13 -8.71 6.45 29.06 -8.04 6.85 29.65 -9.21 6.71 28.31
5 24 13.4 -5.53 2.83 12.23 -6.17 1.87 14.35 -6.25 0.96 12.54 -5.85 2.94
5 24 -0.75 -10.08 13.06 0.6 -9.53 12.01 -0.41 -9.53 11.13 -0.09 -9.97 13.48
5 24 -10.28 4.86 28.82 -10.04 5.13 26.7 -10.31 5.85 26.93 -10.08 3.54 26.93
5 24 -11.22 -5.84 1.47 -10.54 -6.63 0.46 -11.71 -4.95 -0.12 -10.06 -6.81 1.27
5 24 -9.28 8.54 15.21 -10.11 6.49 15.53 -10.26 8.22 14.37 -8.14 7.73 16.56
5 24 -9.18 11.46 20.8 -8.18 12.19 20 -8.83 12.16 20.89 -7.85 11.03 19.75
5 24 2.33 24.54 24.27 1.95 26.02 24.41 1.1 25.97 23.08 2.17 25.36 25.34
5 24 13.98 -5.56 3.84 13.41 -5.83 4.31 12.54 -5.69 3.74 13.61 -5.62 5.12
5 24 7.64 -6.44 10.48 4.77 -7.93 11.94 4.23 -7.64 13.44 5.02 -7.94 10.99
5 24 -2.73 -10.05 -2.86 -3.82 -10.11 -3.49 -2.99 -9.56 -3.91 -3.53 -10.43 -2.68
5 24 -0.5 15.97 29.28 -1.36 14.68 29.6 -0.12 15.01 29.12 -1.87 15.49 29.79
5 24 -10.71 -3.43 12.34 -11.63 -2.86 11.08 -11.29 -2.64 12.32 -11.53 -3.78 10.93
5 24 5.73 -6.62 -13.83 5.39 -6.98 -13.33 4.69 -6.76 -13.59 6.35 -6.59 -13.44
5 24 14.01 11.52 5.47 14.05 10.74 5.23 13.91 10.7 6.37 13.72 11.53 4.27
5 24 -2.37 45.02 33.07 -2.55 43.82 32.89 -2.88 44.86 32.97 -1.79 44.13 32.9
5 24 -10.81 16.34 10.32 -11.44 16.04 10.14 -10.6 16.47 9.77 -11.21 15.57 10.76
5 24 -5.07 31.45 28.02 -4.02 30.95 28.07 -3.44 31.57 28.65 -4.14 30.03 27.41
5 24 -7.94 10.26 19.99 -7.85 11.03 19.75 -8.79 10.22 20.49 -7.06 10.46 19.67
5 24 -1.27 21.76 18.35 -2.88 20.59 18.13 -3.17 23.17 18.65 -1.22 20.74 18.27
5 24 2 -10.47 6.27 1.07 -10.06 6.33 1.64 -10.49 7.06 1.93 -10.26 5.89
5 24 -0.65 -9.82 23.07 -0.09 -10.39 22.27 -0.89 -10.68 22.7 0.1 -9.36 22.44
5 24 -0.67 -5.7 27.12 -1.61 -6.57 27.76 -1.96 -5.99 28.08 -0.37 -6.37 26.73
5 24 -9.57 -3.24 19.27 -11.24 -4.08 19.4 -9.96 -4.37 18.62 -10.21 -2.77 19.69
5 24 15.14 -5.72 0.48 14.98 -5.79 -0.43 14.84 -6.18 0.19 15.39 -5.02 0.18
5 24 -2.09 7 20.72 -1.91 6.49 22.63 -2.09 6.05 20.71 -1.52 7.27 22.28
5 24 -10.52 -1.34 26.71 -10.38 -1.84 27.36 -10.36 -1.28 27.85 -10.25 -2.35 26.19
5 24 10.18 -4.78 -9.94 10.84 -6.38 -9.58 10.19 -6.04 -10.01 12.01 -5.29 -9.27
5 24 -10.97 9.46 25.47 -10.52 9.67 26.04 -10.55 7.94 25.37 -10.74 10.14 25.16
5 24 -7.51 -9.09 14.23 -7.7 -9.8 15.54 -7.09 -9.82 14.67 -8.17 -8.48 14.82
5 24 10.96 -8.52 -4.58 11.02 -7.32 -3.06 10.24 -7.58 -3.26 11.91 -7.44 -3.44
5 24 -5.46 30.84 20.78 -5.49 32.8 21.07 -5.48 30.76 21.87 -4.7 32.6 20.36
5 24 3.13 -2.47 -14.82 3.3 -3.38 -15.29 2.56 -2.46 -14.95 3.72 -3.75 -15.19
5 24 0.91 6.94 25.65 0.29 7.01 26.52 0.76 7.57 25.78 0.53 6.02 26.16
5 24 -3.79 37.9 30.87 -0.74 38.08 31.26 -3.58 37.05 30.88 -0.96 38.92 31.33
5 24 -12.51 3.78 12.75 -12.9 1.77 12.9 -13.61 2.49 11.89 -11.53 2.17 13.41
5 24 6.74 -9 -7.27 6.93 -8.66 -9.19 5.56 -9.24 -8.35 7.44 -8.71 -7.96
5 24 -12.02 2.05 5.07 -12.56 11.42 3.47 -12.01 13.59 4.98 -12.8 10.07 2.46
5 24 8.56 9.58 14.7 8.69 10.13 13.65 8.07 9.9 14.86 9.16 9.25 13.73
5 24 1.93 16.59 24.6 2.09 15.69 24.86 1.69 16.92 25.25 1.99 16.14 23.58
5 24 -4.28 40.1 30.12 -4.01 40.74 30.86 -3.75 40.3 30.68 -4.62 40.57 30.18
5 24 0.02 43.14 29.4 -0.54 42.43 29.87 -0.52 43.14 28.65 -0.81 42.18 31.27
5 24 1.45 2.72 18.83 2.1 1.39 18.38 1.63 1.24 19.2 2.14 2.86 18.07
5 24 -1.7 -11.25 18.41 -1.15 -11.59 17.56 -1.68 -11.45 17.51 -0.25 -10.92 19.68
5 24 7.2 -5.84 14.04 7.27 -5.47 14.73 5.87 -5.4 14.96 8.35 -5.3 13.98
5 24 -14.34 3.4 -5.91 -13.07 3.66 -6.93 -13.74 5.4 -5.98 -13.68 2.57 -6.86
5 24 4.48 -9.21 11.12 4.6 -8.56 9.97 5.02 -7.94 10.99 4.19 -9.33 10.53
5 24 -0.48 40.9 26.32 -1.26 42.03 26.22 -1.61 41.42 25.89 -0.11 41.4 26.95
5 24 -11.55 0.9 21.7 -12.1 0.43 22.16 -12.23 -0.05 21.85 -11.21 1.43 22.27
5 24 -7.77 16.39 21.07 -7.98 16.14 19.95 -7.8 16.91 20 -8.15 15.73 21.73
5 24 0.69 14.5 16.69 -0.18 14.92 17.66 0.28 13.16 17.54 -0.34 15.83 17.18
5 24 -12.57 -4.05 21.91 -12.54 -3.8 22.39 -11.98 -4.37 22.05 -12.98 -2.91 22.22
5 24 0.12 5.85 24.14 -0.27 6.41 23.4 -0.46 4.8 23.38 0.57 6.37 24.41
5 24 -6.45 20.88 27.32 -5.4 20.74 27.74 -5.39 20.01 27.46 -6.2 21.97 27.69
5 24 -2.88 44.86 32.97 -2.81 45.28 32.52 -2.37 45.02 33.07 -3.56 44.54 32.58
5 24 11.41 -6.95 0.12 11.45 -7 -0.63 9.95 -7.84 0.08 11.94 -6.68 -0.08
5 24 -7.82 -10.19 16.65 -7.01 -10.46 16.45 -7.04 -10.62 17.4 -7.7 -9.8 15.54
5 24 -4.2 33.87 23.98 -3.7 34.74 22.56 -5.33 33.17 22.53 -3.58 35.08 23.65
5 24 -15.22 4.9 4.16 -14.67 4.59 5.36 -14.96 5.55 5.33 -14.92 3.11 4.28
5 24 -10.38 -6.62 17.9 -10.31 -7.24 18.82 -9.57 -7.87 18.52 -10.61 -6.45 18.52
5 24 1.49 15.57 22.38 0.31 15.49 21.76 0.6 14.63 22.26 0.56 16.18 21.74
5 24 11.83 -5.37 5 13.61 -5.62 5.12 12.53 -5.16 6.27 12.54 -5.69 3.74
5 24 2.91 -6.82 -14.49 2.93 -7.52 -13.83 3.93 -7.57 -13.41 2.41 -7 -14.3
5 24 14.82 2 -5.63 14.08 0.79 -6.57 15.46 0.82 -4.96 11.69 3.77 -7.38
5 24 -15.66 1.79 0.38 -15.58 1.13 0.51 -15.5 1.34 -0.76 -15.48 2.3 2.16
5 24 -5.23 32.49 28.04 -3.66 32.86 28.83 -5.07 31.45 28.02 -3.77 33.9 28.72
5 24 -1.77 41.11 31.39 -2.63 41.72 31.99 -1.8 41.5 31.82 -2.89 40.7 31.18
5 24 -7.83 22.29 22.46 -7.31 22.18 23.21 -7.59 21.69 22.83 -7.73 23.5 23.52
5 24 0.38 20.74 28.14 1.2 21.91 28.51 1.21 21.2 28.09 -0.23 21.6 28.68
5 24 -7.76 7.37 19.8 -7.63 7.5 18.1 -7.62 6.41 19.23 -7.45 8.32 19.72
5 24 3.76 -7.04 14.55 4.23 -7.64 13.44 3.69 -7.81 14.11 4.89 -6.84 13.63
5 24 -1.43 -7.41 26.93 -2.61 -8.09 26.9 -1.39 -7.9 25.95 -2.13 -6.95 27.58
5 24 -7.6 21.35 22.16 -7.77 20.5 21.58 -7.75 21.28 23.08 -7.28 21.56 21.31
5 24 -3.38 2.73 -13.29 -2.01 2.57 -12.98 -1.99 2.24 -13.88 -2.13 2.66 -12.45
5 24 -2.13 30.87 30.41 -2.81 29.65 29.73 -3.44 31.57 28.65 -1.95 30.03 30.27
5 24 -13.34 0.13 11.16 -12.98 0.78 12.03 -13.64 0.88 10.53 -12.45 0.27 12.31
5 24 -0.54 -1.54 -16.12 1.52 -0.77 -15.16 0.04 -2.67 -16.17 0.75 0.39 -14.9
5 24 -0.17 2.66 -13.1 -1.99 2.24 -13.88 -2.01 2.57 -12.98 -0.12 2.21 -13.87
5 24 -10.18 10.89 23.92 -10.19 11.88 24.05 -9.74 11.08 22.8 -10.15 10.8 24.73
5 24 -0.37 -6.37 26.73 0.3 -4.94 24.95 -0.45 -4.54 25.61 0.4 -6.6 24.61
5 24 4.81 -9.58 8.91 3.73 -9.32 9.9 4.57 -8.74 9.69 2.88 -9.52 9.16
5 24 -2.62 -5.14 28.31 -1.53 -3.1 29.33 -0.87 -3.86 28.61 -3.85 -3.44 29.42
5 24 -5.53 26.06 23.43 -5.6 27.88 23.76 -6.21 26.11 23.91 -5.42 26.82 23.11
5 24 -10.01 -6.67 17.52 -10.07 -6.99 16.45 -10.23 -6.21 16.34 -9.51 -7.76 16.6
5 24 12.86 -6.43 0.13 14.22 -6.44 -0.29 13.48 -6.56 0.32 14.16 -6.36 -0.96
5 24 3.49 -10.16 1.19 4.56 -9.69 1.67 4.62 -9.71 0.17 3.55 -9.76 2.62
5 24 12.43 1.98 3.95 12.5 12.61 4.02 11.06 1.99 7.37 12.65 11.25 3.19
5 24 7.73 2.11 10.52 4.24 2.04 12.47 7.52 17.25 10.72 3.827 -2 9.239
5 24 -11.49 15.87 8.65 -11.47 15.4 8.12 -12.6 14.19 8.55 -10.5 15.89 7.8
5 24 7.23 4.41 15.85 7.66 4.06 15.01 7.22 3.41 15.42 7.52 5.23 15.56
5 24 -5.14 42.2 29.53 -5.3 42.84 29.53 -4.77 42.92 27.69 -4 42.5 31.54
5 24 -0.07 -7.7 -11.17 0.64 -7.75 -10.73 0.83 -7.46 -11.72 -2.54 -7.55 -8.62
5 24 -6.65 21.55 24.76 -6.76 21.12 24.25 -6.74 20.56 25.62 -7.25 21.64 23.57
5 24 0.84 2.93 25.53 0.67 1.51 26.08 0.51 2.32 26.72 0.68 1.69 25
5 24 0.03 21.08 20.32 -0.4 22.63 19.24 -0.24 20.89 19.34 -0.21 22.79 20.91
5 24 -14.27 7.22 -4.72 -13.74 5.4 -5.98 -15.41 5.24 -4.19 -13.06 7.09 -5.68
5 24 -1.86 0.11 -15.65 -0.54 -1.54 -16.12 -2.37 -0.43 -15.78 0.75 0.39 -14.9
5 24 15.64 5.41 5.12 14.29 3.72 6.9 14.3 5.46 6.56 15.58 3.63 5.6
5 24 -4.75 38.56 30.3 -5.3 38.64 28.53 -4.77 37.48 29.66 -4.28 40.1 30.12
5 24 -6.82 1.96 31 -6.84 2.72 30.98 -7.12 2.19 30.23 -5.52 2.9 31.84
5 24 1.78 24.14 27.68 1.23 23.98 28.42 2.18 23.3 27.79 1.49 24.77 27.73
5 24 10.7 2.39 -8.93 8.72 1.68 -10.5 9.44 0.57 -10.8 9.2 2.64 -9.34
5 24 12.4 6.13 -6.04 13.12 7.91 -5.14 13.97 5.82 -5.63 12.21 7.94 -5.05
5 24 -3.45 35.48 24.52 -3.71 35.77 22.51 -3.55 36.45 22.59 -3.58 35.08 23.65
5 24 15.57 1.31 -4.3 15.46 0.82 -4.96 14.82 2 -5.63 15.62 -1.67 -2.79
5 24 -12.56 -3.8 0.68 -12.27 -4.22 -0.25 -11.71 -4.95 -0.12 -13.12 -3.52 0.08
5 24 -11.36 -2.24 26.02 -11.9 -0.74 26.16 -11.85 -2.77 25.47 -11.05 -0.56 26.57
5 24 -0.52 46.07 29.8 -0.23 45.98 30.53 -1.03 46.04 30.87 0.13 45.55 30.42
5 24 -4.87 2.89 -11.96 -5.03 2.77 -12.35 -3.38 2.91 -12.24 -6.32 2.6 -12.02
5 24 -7.19 16.47 18.69 -7.43 17.25 18.9 -7.98 16.14 19.95 -6.02 17.75 18.01
5 24 13.98 -4.09 7.24 14.2 -4.9 6.06 13.46 -4.82 6.72 14.7 -3.43 4.95
5 24 -5.27 -2.68 30.69 -5.85 -3.68 29.87 -4.98 -3.26 30.14 -6.27 -2.36 30.73
5 24 0.59 -8.8 21.32 0.91 -7.74 21.2 0.63 -8.43 21.98 0.87 -8.28 20.85
5 24 -14.69 -0.83 -0.26 -15.39 -1.04 -0.81 -15.11 0.03 -0.22 -14.61 -1.88 -0.84
5 24 7.48 -7.18 7.04 7.42 -7.69 5.43 7.96 -6.98 7.03 6.37 -8.53 5.82
5 24 1.78 24.14 27.68 1.49 24.77 27.73 1.9 24.71 26.53 1.23 23.98 28.42
5 24 -10.17 10.02 22.02 -9.85 10.97 21.55 -10.16 10.5 22.34 -9.7 10.14 21.26
5 24 -1.26 44.59 32.51 -1.28 45.33 31.97 -1.57 45.05 32.67 -0.9 45.01 31.8
5 24 5.55 -8.53 -11.56 6.53 -8.58 -10.68 5.27 -8.41 -10.27 6.42 -8.58 -11.67
5 24 11.6 -5.21 9.58 11.14 -5.82 10.39 11.74 -5.38 10.3 10.4 -5.2 9.55
5 24 7.45 -6.85 8.26 9.21 -6.17 8.03 7.96 -6.98 7.03 9.68 -5.46 8.86
5 24 -7.28 -9.97 25.38 -6.43 -10.16 24.49 -7.92 -9.82 24.24 -6.48 -9.81 25.93
5 24 -0.35 31.74 30.03 -1.15 31.3 30.34 -1.5 32.72 30.38 -0.21 30.75 29.8
5 24 -12.02 14.07 10.61 -12.11 14.92 10.28 -12.45 14.84 9.65 -11.55 14.87 10.74
5 24 8.45 4.98 14.3 8.66 3.83 14.09 8.98 4.61 13.77 7.66 4.06 15.01
5 24 -9.54 -3.27 14.16 -9.72 -3.92 14.07 -9.44 -3.51 15.03 -9.9 -3.55 13.43
5 24 0.75 0.39 -14.9 -0.54 -1.54 -16.12 -1.86 0.11 -15.65 1.52 -0.77 -15.16
5 24 -15.75 -1.17 -1.66 -15.39 -1.04 -0.81 -15.03 -2.15 -1.6 -15.92 -0.42 -1.32
5 24 13.91 10.7 6.37 13.76 11.48 6.61 12.91 10.28 8.27 14.01 11.52 5.47
5 24 -10.35 8.61 22.85 -10.73 9.3 24.05 -10.58 8.02 23.27 -10.23 9.67 23.84
5 24 -7.27 2.14 18.97 -7.42 0.75 17.26 -6.97 0.84 18.85 -7.96 2.24 17.23
5 24 -10.61 -6.45 18.52 -10.36 -6.94 19.46 -10.31 -7.24 18.82 -10.6 -5.41 18.85
5 24 -2.09 45.39 32.7 -2.62 45.51 31.98 -1.86 45.73 31.97 -2.81 45.28 32.52
5 24 -14.93 6.94 9.72 -14.64 7.44 9.06 -14.73 6.66 9.2 -14.69 7.82 9.85
5 24 -7.12 2.19 30.23 -6.82 1.96 31 -7.02 1.32 30.15 -6.84 2.72 30.98
5 24 -16.07 5.88 -2.75 -15.34 7.51 -2.64 -15.94 6.95 -1.47 -15.21 6.61 -3.47
5 24 3.02 -10.27 1.78 2.16 -9.89 1.94 2.01 -10.16 0.54 2.32 -10.43 2.54
5 24 13.52 9.41 2.14 12.86 9.65 2.07 13.17 8.49 0.57 12.78 10.21 2.66
5 24 10.08 -2.5 -11.59 8.82 -2.59 -12.79 8.85 -4.31 -12.26 9.32 -0.67 -11.86
5 24 -12.96 -2.31 22.02 -12.53 -1.83 21.29 -12.17 -1.5 22.21 -13.12 -2.77 21.5
5 24 -6.22 14.98 18.48 -5.27 14.27 17.7 -5.96 13.96 17.83 -4.36 14.9 17.3
5 24 -5.19 29.47 23.68 -5.39 30.14 21.54 -4.78 30.31 23.79 -6.11 29.3 21.43
5 24 6.22 -7.02 -13.25 6.35 -6.59 -13.44 6.83 -7.46 -12.8 5.39 -6.98 -13.33
5 24 -12.98 0.78 12.03 -13.64 0.88 10.53 -13.34 0.13 11.16 -13.55 1.92 11.09
5 24 0.55 -8.97 20.62 0.59 -8.8 21.32 0.28 -9.59 21.1 0.87 -8.28 20.85
5 24 -5.23 -8.8 1.98 -6.65 -8.73 2.35 -5.97 -8.57 2.82 -6.03 -9.01 1.29
5 24 2.82 -2.92 16.91 3.03 -3.63 17.3 4.06 -3.18 16.52 2.67 -3.38 17.59
5 24 0.67 -10.95 18.83 0.92 -10.48 19.16 0.31 -10.4 19.92 1.12 -10.35 18.3
5 24 14.82 8.93 6.13 14.7 9.42 5.94 14.98 8.65 3.99 14.5 9.45 6.73
5 24 -6.75 32.64 26.29 -6.32 33.23 25.11 -6.63 33.37 26.11 -6.66 31.99 25.55
5 24 2.12 28.33 23.23 2.92 29.96 23.97 3.4 28.2 24.46 1.94 30.76 23.33
5 24 -1.1 44.03 32.19 -2.55 43.82 32.89 -1.8 41.5 31.82 -1.79 44.13 32.9
5 24 -14.93 3.6 -5.04 -15.7 3.46 -2.88 -15.33 2.64 -3.18 -15.9 4.66 -3.06
5 24 -7.42 -4.4 -10.42 -5.33 -5.71 -11.14 -7.02 -5.23 -9.17 -5.38 -5.09 -11.63
5 24 -1.82 -7.94 -8.14 2.21 -8.57 -10.01 -0.01 -8.37 -6.8 0.64 -7.75 -10.73
5 24 3.61 -9.52 -1.87 2.62 -9.88 -2.62 3.49 -9.72 -0.39 3.87 -8.89 -4.05
5 24 -15.34 7.51 -2.64 -15.94 6.95 -1.47 -16.07 5.88 -2.75 -15.6 7.65 -0.84
5 24 1.84 38.52 27.08 1.16 39.05 26.7 1.1 38.55 26.26 2.01 39.08 27.51
5 24 -1.06 17.25 16.3 -0.2 16.74 16.34 -0.7 16.57 17.19 0.55 18.45 14.76
5 24 -0.35 14.01 29.05 -0.12 15.01 29.12 0.9 13.91 27.65 -1.36 14.68 29.6
5 24 5.52 -3.19 15.85 4.63 -3.78 16.48 5.56 -4.05 15.73 4.06 -3.18 16.52
5 24 -3.22 43.63 32.6 -4 42.5 31.54 -2.55 43.82 32.89 -4.08 43.25 31.79
5 24 -8.85 -5.98 -6.49 -7.79 -6.62 -7.56 -7.46 -7.4 -6.82 -8.73 -4.89 -8.24
5 24 -5.42 -12 17.61 -4.17 -11.55 17.11 -4.15 -12.05 17.87 -5.47 -11.46 17.16
5 24 1.22 -2 25.42 0.66 -1.5 24.06 0.79 -1.14 25.37 1.42 -2.26 24.91
5 24 -7.25 12.94 28.47 -7.84 12.85 27.63 -7.05 14.12 28.1 -6.62 11.48 28.78
5 24 14.98 -5.79 -0.43 15.28 -6.26 -1.7 14.16 -6.36 -0.96 16.26 -4.7 -0.78
5 24 -6.3 17.21 13.01 -7.34 17.44 11.81 -7.74 16.47 13.11 -5.98 17.69 12.48
5 24 1.31 12.14 23.08 1.48 12.59 24.69 0.83 12.79 22.98 1.82 11.57 24.22
5 24 -7.58 3.35 18.39 -7.96 3.55 17.56 -7.96 2.24 17.23 -7.23 4.44 19.1
5 24 1.04 -3.85 25.47 0.19 -3.65 25.87 1.38 -2.85 25.66 0.3 -4.94 24.95
5 24 12.17 -5.6 8.89 13.05 -5.18 9.05 11.6 -5.21 9.58 13.28 -5.22 8.48
5 24 -2.36 8.69 29.47 -0.22 9.68 28.96 -0.79 10.44 29.37 -1.19 8.24 28.88
5 24 -0.36 -0.96 28 -1.2 -2.04 29.34 0.13 -1.83 28.48 -1.58 -0.98 28.97
5 24 -0.87 2.79 29.42 -0.13 3.42 27.88 0.01 1.98 28.67 -0.85 3.66 28.83
5 24 -2.85 0.46 29.94 -3.55 1.79 30.78 -3.67 -0.13 30.73 -2.97 2.07 30.32
5 24 -11.68 0.08 13.12 -12.51 0.94 13.16 -11.47 1.1 13.51 -12.45 0.27 12.31
5 24 -5.25 17.31 14.15 -3.95 18.54 13.31 -4.88 18.02 13.14 -4.62 16.9 14.98
5 24 12.05 -2.07 -9.48 12.03 -0.85 -9.58 12.37 -0.05 -8.82 10.66 -2.13 -10.17
5 24 2.03 18.14 26.99 1.5 17.81 27.93 1.22 18.88 28.27 1.8 17.2 26.7
5 24 -3.13 16.97 16.69 -4.46 16.23 17.24 -6.02 17.75 18.01 -4.11 15.74 16.8
5 24 -3.33 34.3 30.17 -3.69 34.98 29.63 -2.95 35.53 30.35 -3.77 33.9 28.72
5 24 11.53 -2.27 11.73 11.24 -2.78 13.15 11.73 -3.87 12.69 10.89 -2.11 12.64
5 24 0.9 -10.04 6.09 0.08 -10.52 4.98 -0.35 -9.75 5.82 0.98 -10.83 4.85
5 24 -14.11 -2.53 -0.19 -14.58 -3.74 -1.26 -14.99 -2.93 -1.43 -13.75 -4.37 -1.09
5 24 -9.19 -6.37 10.48 -9.96 -5.44 11.21 -9.89 -5.72 10.54 -9.34 -6.09 11.81
5 24 3.76 -7.04 14.55 4.58 -6.26 14.47 4.89 -6.84 13.63 3.83 -6.41 14.81
5 24 16.08 4.58 -1.19 16.38 4.43 0.36 16.3 2.79 -0.46 16.14 5.65 -0.25
5 24 -6.08 0.56 30.6 -6.82 1.96 31 -7.02 1.32 30.15 -5.34 1.75 31.65
5 24 -2.41 32.45 30.25 -3.44 31.57 28.65 -2.94 32.23 29.36 -2.13 30.87 30.41
5 24 9.9 -2.56 13.35 8.96 0.8 13.65 10.89 -2.11 12.64 9.24 -2.57 13.5
5 24 -4.85 -10.66 0.24 -4.32 -10.42 1.06 -5.33 -9.59 0.86 -4.26 -10.78 -0.06
5 24 -4.19 -10.07 -1.39 -3.53 -10.43 -2.68 -3.36 -9.96 -1.66 -4.9 -10.14 -1.25
5 24 -3.22 43.63 32.6 -4.24 43.78 31.95 -3.42 44.18 32.72 -4.08 43.25 31.79
5 24 -10.14 2.67 27.49 -11.2 2.74 26.74 -10.08 3.54 26.93 -10.29 1.38 26.87
5 24 -3.44 31.57 28.65 -2.13 30.87 30.41 -2.41 32.45 30.25 -2.81 29.65 29.73
5 24 13.35 12.51 4.95 12.02 14.53 5.4 12.44 13.85 6.81 12.76 12.56 4.32
5 24 -0.54 11.53 21.98 -0.46 12.76 21.16 0.26 11.82 22.13 -1.03 11.99 21.17
5 24 -2.83 18.49 29.73 -2.31 16.59 30.27 -3.58 16.22 30.12 -1.48 18.95 29.57
5 24 2.13 -5.48 -15.85 2.36 -5.92 -15.1 3.36 -5.41 -15.13 1.29 -5.55 -15.39
5 24 -1.39 -7.9 25.95 -0.19 -8.34 25.14 -0.21 -7.27 25.73 -1.29 -8.7 25.39
5 24 -12.05 -5.97 -1.26 -11.83 -5.36 -0.85 -10.56 -6.84 -0.27 -12.48 -5.21 -1.4
5 24 -3.66 32.86 28.83 -3.51 33.2 29.78 -3.77 33.9 28.72 -2.94 32.23 29.36
5 24 11.67 9.79 11.3 10.66 9.03 12.12 11.03 8.5 11.9 10.71 9.93 11.91
5 24 16.28 0.84 -0.43 15.48 -3.02 0.83 16.25 -1.31 -1.42 16.23 1.06 0.18
5 24 -6.75 32.64 26.29 -6.63 33.37 26.11 -6.32 33.23 25.11 -5.43 33.59 27.45
5 24 -8.27 -2.6 16.93 -8.02 -2.69 18.56 -7.7 -2.13 17.68 -8.72 -3.83 18.11
5 24 10.4 1.02 13.01 11.53 -2.27 11.73 10.89 -2.11 12.64 12.39 1.57 11
5 24 1.1 25.97 23.08 -0.11 26.09 22.45 -0.17 26.91 22.38 0.35 25.08 22.55
5 24 -7.8 15.6 19.79 -7.91 15.05 21.29 -7.98 16.14 19.95 -7.89 14.64 20.67
5 24 -9.26 -5.72 28.25 -7.6 -5.15 28.75 -9.04 -4.88 28.31 -7.16 -5.88 28.65
5 24 -2.85 0.46 29.94 -1.58 -0.98 28.97 -0.79 1.17 29.65 -2.5 -1.14 29.13
5 24 -7.58 15.29 19.62 -8.3 14.38 20.26 -7.45 14.53 18.81 -7.89 14.64 20.67
5 24 -7.45 -1.41 19.35 -8.02 -2.69 18.56 -8.97 -2.42 19.58 -7.21 -1.52 18.68
5 24 -7.75 21.28 23.08 -7.59 21.69 22.83 -7.6 21.35 22.16 -7.25 21.64 23.57
5 24 -15.16 -0.36 -3.29 -14.84 -1.08 -4.46 -15.12 -1.38 -2.99 -14.8 -0.17 -4.49
5 24 7.65 -9.05 -5.55 6.72 -9.15 -6.51 6.54 -9.27 -5.5 8.4 -8.44 -7.28
5 24 -4.81 38.25 26.6 -4.36 39.58 27.9 -2.74 39.22 25.26 -5.3 38.64 28.53
5 24 -13.09 9.7 11.99 -13.34 8.45 12.34 -13.39 10 10.98 -12.81 8.38 12.71
5 24 12.4 6.13 -6.04 13.97 5.82 -5.63 13.12 7.91 -5.14 14.24 3.59 -5.85
5 24 -12.66 -4.55 -4.86 -12.51 -5.15 -4.31 -13.32 -4.4 -3.61 -10.71 -5.67 -6.01
5 24 8.99 -3.61 14.96 8.03 -4.59 14.78 9.6 -3.98 14.39 7.72 -3.83 15.33
5 24 -3.42 6.06 30.6 -3.99 6.89 31.37 -4.04 5.97 31.09 -2.96 6.72 30.35
5 24 -6.95 -7.95 10.21 -6.89 -8.79 12.09 -5.93 -8.34 10.1 -7.89 -8.35 12.39
5 24 -11.01 -6.22 24.67 -11.43 -5.76 25.01 -11.72 -6.5 22.45 -10.28 -6.02 25.25
5 24 -1.72 6.31 30.17 -2.96 6.72 30.35 -2.43 5.94 30.25 -1.89 7.36 30
5 24 -4.83 24.15 20.27 -4.59 25.46 21.65 -4.09 26.08 20.66 -5.59 24.43 21.29
5 24 1.68 -4.17 -16.02 3.15 -4.67 -15.62 3.3 -3.38 -15.29 2.13 -5.48 -15.85
5 24 -4.46 16.23 17.24 -4.36 14.9 17.3 -4.11 15.74 16.8 -5.56 15.82 17.94
5 24 -15.33 2.64 -3.18 -16.16 2.93 -2.35 -15.7 3.46 -2.88 -16.12 1.96 -2.18
5 24 9.41 -8.14 -4.94 7.65 -9.05 -5.55 7.51 -8.89 -4.5 9.54 -8.11 -5.95
5 24 -11.43 -1.94 -8.51 -13.37 -1.15 -6.65 -12.72 -2.27 -6.43 -11.8 -1.3 -8.27
5 24 -0.51 -9.95 5.28 -0.35 -9.75 5.82 -0.91 -9.68 6.02 0.08 -10.52 4.98
5 24 -6.65 -8.73 2.35 -6.03 -9.01 1.29 -7.13 -8.78 1.07 -5.23 -8.8 1.98
5 24 -7.8 -6.89 5.11 -5.8 -7.96 5.96 -6.11 -7.44 6.5 -7.36 -7.62 4.64
5 24 -0.43 11.58 29.04 -0.04 12.87 28.23 -1.27 12.81 28.96 0.45 12.35 27.41
5 24 -5.81 -7.69 9.5 -5.13 -7.76 7.33 -6.11 -7.44 6.5 -4.88 -8.03 9.49
5 24 -9.85 10.97 21.55 -9.74 11.08 22.8 -10.16 10.5 22.34 -9.03 11.83 22.15
5 24 -11.61 -5.61 21.15 -11.82 -5.05 22.63 -11.58 -6.13 21.81 -11.98 -4.37 22.05
5 24 -12.53 -1.83 21.29 -12.17 -1.5 22.21 -12.96 -2.31 22.02 -12.07 -1.12 21.75
5 24 1.16 39.05 26.7 0.87 39.54 27.03 2.01 39.08 27.51 0.31 39.13 26.26
5 24 -3.73 43.06 27.03 -4.78 42.24 27.65 -4.77 42.92 27.69 -3.09 41.58 26.17
5 24 14.8 7.96 -1.37 15.03 7.69 0.03 13.46 8.46 -1.28 15.27 7.28 -1.5
5 24 14.3 -5.43 -5.67 14.45 -5.92 -4.4 13.61 -6.61 -5.15 14.64 -5.14 -4.96
5 24 -3.33 1.4 -15.07 -1.86 0.11 -15.65 -2.37 -0.43 -15.78 -1.99 2.24 -13.88
5 24 -3.09 3.85 31.22 -2.71 4.73 30.4 -3.66 5.03 31.39 -2.7 3.53 30.16
5 24 -0.03 41.88 27.86 -0.65 42.03 29.46 -0.52 43.14 28.65 0.27 40.89 28.55
5 24 -0.48 40.9 26.32 0.1 40.2 26.83 -0.11 41.4 26.95 0.31 39.13 26.26
5 24 -7.2 10.02 17.18 -6.77 9.17 18.12 -6.51 10.53 18.89 -7.34 9.18 16.79
5 24 -8.18 12.19 20 -7.79 13.11 19.04 -8.81 12.63 20.76 -7.11 12.17 19.14
5 24 -5.04 -10.43 -0.53 -4.85 -10.66 0.24 -6.06 -9.48 0.19 -4.26 -10.78 -0.06
5 24 -0.48 31.17 20.51 -0.25 31.97 22.16 -1.27 32.59 20.49 0.4 30.7 22.4
5 24 -5.71 27.07 26.95 -6.48 28.6 25.45 -6.34 27.97 25.34 -5.16 27.24 27.66
5 24 -8.02 -2.69 18.56 -8.71 -3.36 18.79 -8.97 -2.42 19.58 -8.72 -3.83 18.11
5 24 -4.41 18.15 12.33 -4.88 18.02 13.14 -3.95 18.54 13.31 -5.31 17.9 11.87
5 24 14.3 -5.43 -5.67 14.64 -5.14 -4.96 14.54 -3.96 -5.04 14.45 -5.92 -4.4
5 24 -2.71 4.73 30.4 -1.67 4.22 29.41 -2.43 5.94 30.25 -2.58 4.14 29.87
5 24 -15.39 -1.04 -0.81 -15.03 -2.15 -1.6 -14.61 -1.88 -0.84 -15.75 -1.17 -1.66
5 24 2.13 -9.4 9.04 2.55 -9.82 9.83 2.88 -9.52 9.16 1.57 -9.67 10.07
5 24 14.26 -2.31 8.42 15.07 -2.32 5.93 14.43 -2.9 8.44 14.52 -1.03 6.23
5 24 -10.38 -5.05 18.13 -10.1 -6.03 17.36 -9.64 -5.29 17.16 -10.61 -6.45 18.52
5 24 -6.08 0.56 30.6 -5.46 -0.4 31.12 -7.47 -1.38 29.84 -4.99 0.98 31.16
5 24 6.94 10.17 14.59 5.67 9.35 15.51 7.5 8.89 15.48 5.35 10.29 15.25
5 24 2.17 31.34 28.38 0.37 31.21 28.92 1.09 30.49 28.26 1.45 32.34 28.43
5 24 6.8 -3.53 15.7 8.75 -3.1 14.76 7.59 -2.73 15.02 8.99 -3.61 14.96
5 24 0.27 40.89 28.55 -0.65 42.03 29.46 -0.03 41.88 27.86 -0.83 41.49 29.94
5 24 -14.23 2.41 6.54 -14.09 1.68 5.79 -13.69 0.22 6.83 -14.28 2.77 5.51
5 24 -4.84 20.26 28.98 -5.4 20.74 27.74 -5.39 20.01 27.46 -5.09 21.76 27.94
5 24 10.88 7.62 11.97 10.91 6.95 11.47 10.22 6.77 12.86 11.59 7.38 10.91
5 24 -1.8 41.5 31.82 -1.77 41.11 31.39 -0.81 42.18 31.27 -2.63 41.72 31.99
5 24 1.07 38.86 29 0.5 37.76 29.84 1.48 37.76 29.56 0.37 39.4 29.19
5 24 9.58 -6.79 -10.56 8.86 -7.18 -11.69 9.57 -6.8 -11.52 7.78 -7.81 -10.46
5 24 1.42 -2.26 24.91 1.38 -2.85 25.66 1.22 -2 25.42 1.14 -3.83 24.58
5 24 -0.18 14.92 17.66 -0.36 14.64 19.67 -0.39 13.46 18.92 -0.03 15.64 18.53
5 24 3.87 -8.89 -4.05 5.03 -9.18 -6.07 2.95 -8.84 -5.1 5.67 -9.26 -5.01
5 24 -1.12 -7.24 -11.74 -2.73 -5.26 -12.46 -2.82 -6.9 -11.13 -0.23 -6.59 -12.36
5 24 3.827 -2 9.239 7.73 2.11 10.52 7.071 -2 7.071 4.24 2.04 12.47
5 24 -8.55 -0.79 -11.86 -7.42 0.4 -12.65 -6.8 -1.26 -13.11 -9.57 1.28 -10.2
5 24 -10.71 -4.26 -7.58 -9.35 -4.25 -8.35 -10.72 -3.45 -8.34 -9.1 -5.26 -6.89
5 24 -8.86 7.15 29.13 -9.26 7.55 28.08 -8.9 7.96 29.12 -9.21 6.71 28.31
5 24 1.85 28.82 27.3 0.3 27.8 28.25 0.39 29.16 27.76 2.48 27.44 27.69
5 24 -12.27 -0.08 24.84 -12.7 -0.77 25.38 -11.3 -0.05 26.43 -12.37 -0.36 24.22
5 24 -3.11 46.22 30.77 -2.15 45.97 31.49 -3.19 45.53 31.36 -1.95 46.15 31.13
5 24 -7.88 6.04 17.83 -8.53 5.98 16.51 -7.77 4.98 17.53 -8.57 6.76 16.55
5 24 -6.87 25.09 26.69 -6.16 25.46 27.63 -5.49 23.48 27.59 -6.6 25.95 27
5 24 -10.26 8.22 14.37 -11.23 6.94 13.69 -11.17 7.83 13.46 -10.11 6.49 15.53
5 24 -11.83 -5.36 -0.85 -11.71 -4.95 -0.12 -12 -4.73 -0.71 -10.56 -6.84 -0.27
5 24 -12.97 -3.02 21.05 -13.12 -2.77 21.5 -12.53 -1.83 21.29 -12.57 -4.05 21.91
5 24 -12.2 0.25 23.54 -12.36 -0.07 22.63 -12.48 -0.44 22.37 -12.1 0.43 22.16
5 24 14.08 0.79 -6.57 14.78 -1.75 -6.09 13.05 0.51 -8.37 15.05 -1.43 -5.38
5 24 4.72 -5.69 15.55 5.84 -5.01 15.29 5.87 -5.4 14.96 5.04 -4.73 15.9
5 24 -11.66 4.5 23.9 -11.85 4.14 24.89 -11.49 3.75 24.28 -12.33 4.79 24.57
5 24 6.95 16.85 12.73 7.6 17.1 11.07 6.27 17.75 11.88 7.42 16.06 11.98
5 24 6.76 -6.29 12 6.6 -5.96 13.59 5.71 -6.02 14.13 7.72 -5.7 12.93
5 24 -7.58 -9.08 -2.81 -6.41 -9.61 -2.57 -6.45 -9.29 -3.26 -7.41 -9.62 -2.25
5 24 -0.87 2.79 29.42 -2.7 3.53 30.16 -1.67 4.22 29.41 -1.34 2.06 29.96
5 24 -2.1 -11.19 22.56 -3.48 -12.04 21.8 -2.89 -11.94 23.01 -1.7 -11.29 22.19
5 24 -10.43 7.38 21.32 -10.17 8.41 20.89 -8.83 7.66 20 -10.79 7.29 22.24
5 24 -10.72 -3.45 -8.34 -10.82 -1.66 -9.09 -9.27 -3.46 -9.06 -11.43 -1.94 -8.51
5 24 -12.23 -0.05 21.85 -12.07 -1.12 21.75 -12.48 -0.44 22.37 -11.64 -0.29 21.26
5 24 1.43 26.65 28.05 1.49 24.77 27.73 0.34 25.51 28.34 2.56 25.59 27.16
5 24 7.45 10.43 14.16 8.16 11.01 13.51 8.69 10.13 13.65 7.58 11.07 13.9
5 24 -11.82 -5.05 22.63 -11.98 -4.37 22.05 -12.08 -3.29 23.26 -11.61 -5.61 21.15
5 24 3.4 28.2 24.46 2.12 28.33 23.23 3.08 27.7 24.18 2.92 29.96 23.97
5 24 -1.36 8.05 22.22 0.01 8.78 22.64 -1.06 8.99 22.41 0.51 7.85 22.59
5 24 -3.99 6.89 31.37 -5.51 7.64 31.53 -4.18 8.88 31.39 -5.05 6.27 31.4
5 24 2.45 30.34 26.97 1.09 30.49 28.26 2.35 30.18 26.7 2.74 30.59 27.65
5 24 -11.47 1.1 13.51 -10.61 1.84 14.59 -11.04 0.13 13.66 -11.53 2.17 13.41
5 24 -13.63 12.66 5.67 -12.72 13.51 5.39 -13.15 13.25 5.98 -13.61 12.18 4.59
5 24 16.14 5.65 -0.25 16.08 4.58 -1.19 16.38 4.43 0.36 15.76 6.4 -1.38
5 24 4.31 -9.3 -9.01 3.29 -9.24 -8.77 2.63 -8.36 -10.5 5.56 -9.24 -8.35
5 24 10.24 -7.58 -3.26 10.95 -7.24 -2.31 10.91 -7.12 -1.73 11.02 -7.32 -3.06
5 24 -13.07 3.66 -6.93 -12.07 2.99 -7.58 -12.9 2.05 -7.56 -12.56 5.85 -6.36
5 24 -3.26 13.52 30.75 -4.94 13.52 30.45 -3.96 14.07 30.49 -6.22 11.19 30.38
5 24 2.03 18.14 26.99 1.59 17.2 26.2 1.8 17.2 26.7 1.9 18.43 25.96
5 24 1.21 -6.43 -13.86 -0.23 -6.59 -12.36 -1.07 -5.92 -14.39 0.71 -6.74 -12.45
5 24 3.36 -5.41 -15.13 2.13 -5.48 -15.85 3.15 -4.67 -15.62 2.36 -5.92 -15.1
5 24 0.51 7.85 22.59 0.01 8.78 22.64 0.99 8.25 23.52 -1.36 8.05 22.22
5 24 -9.85 10.97 21.55 -9.7 10.14 21.26 -9.18 11.46 20.8 -10.17 10.02 22.02
5 24 0 2.47 -12.62 -2.01 2.57 -12.98 -2.13 2.66 -12.45 -0.17 2.66 -13.1
5 24 7.18 14.1 13.23 7.76 14.27 12.66 6.58 14.44 13.09 7.89 11.81 13.51
5 24 13.48 -7.18 -2.97 13.52 -6.65 -3.69 14.35 -6.02 -3.28 12.7 -6.98 -3.93
5 24 -10.01 5.55 28.81 -9.21 6.71 28.31 -9.33 6.85 27.4 -8.71 6.45 29.06
5 24 -8.24 20.83 23.1 -7.75 21.28 23.08 -7.77 20.5 21.58 -8.29 20.62 23.58
5 24 1.24 -9.06 15.86 1.74 -8.05 16.31 1.38 -8.42 16.68 1.49 -8.74 15.48
5 24 -8.44 -8.38 14.25 -7.66 -8.56 13.45 -8.48 -8.08 13.59 -7.51 -9.09 14.23
5 24 7.45 10.43 14.16 6.94 10.17 14.59 8.07 9.9 14.86 6.32 10.72 14.3
5 24 10.68 10.78 12.49 10.71 9.93 11.91 11.16 10.48 11.13 10.49 10.23 12.94
5 24 -11.74 -3.03 7.61 -10.61 -3.94 8.66 -11.29 -3.43 9.58 -10.89 -3.61 6.39
5 24 14.16 2.06 8.08 13.88 -0.67 7.35 14.31 2.14 7.15 13.15 -1.5 8.77
5 24 15.45 6.41 2.24 15.49 6.59 3.47 15.98 4.86 2.75 14.73 8.61 2.82
5 24 -5.63 13.96 16.6 -5.37 14.36 16.32 -6 14.74 15.48 -5.27 14.27 17.7
5 24 -4.56 -0.64 -15.42 -5.01 0.14 -15.24 -5.7 -0.31 -15 -3.68 -0.28 -15.64
5 24 -14.57 4.41 8.71 -15.09 4.02 9.45 -14.56 3.98 8.2 -14.51 4.96 10.04
5 24 -15.5 7.51 3.51 -15.61 5.91 2.45 -16.08 7.11 1.73 -15.35 6.81 3.72
5 24 -3.1 -10.03 0.39 -2.74 -10 0.47 -2.68 -9.96 1.35 -3.12 -10.09 -0.74
5 24 -7.96 -9.4 -0.85 -7.06 -9.94 -1.38 -6.59 -9.82 -0.54 -8.39 -9.23 -1.68
5 24 -11.14 -7.9 20.99 -10.07 -8.33 20.32 -10.09 -7.63 19.82 -10.49 -8.62 21.83
5 24 -13.39 10 10.98 -13.76 7.96 11.86 -13.93 9.05 10.51 -13.34 8.45 12.34
5 24 -6.05 29.98 24.83 -5.48 30.87 24.62 -4.78 30.31 23.79 -5.99 31.04 25.44
5 24 -4.36 15.69 15.67 -5.56 15.32 15.06 -4.62 16.9 14.98 -4.82 14.77 15.82
5 24 -8.92 -2.25 29.42 -9.16 -3.64 29.11 -10.12 -1.95 28.52 -8.31 -3.32 29.49
5 24 -5.87 30.86 26.38 -5.07 31.45 28.02 -4.14 30.03 27.41 -6.39 31.54 26.74
5 24 -8.3 -7.76 0.34 -10.06 -6.81 1.27 -9.88 -6.16 2.51 -9.16 -7.53 -0.27
5 24 -12.92 1.36 -7.82 -11.37 1.07 -8.73 -12.9 2.05 -7.56 -10.82 -1.66 -9.09
5 24 -6.51 10.53 18.89 -6.89 11.29 19.43 -7.06 10.46 19.67 -6.3 11.45 18.45
5 24 -5.68 -9.93 -2.96 -6.41 -9.61 -2.57 -6.45 -9.29 -3.26 -5.5 -10.19 -2.16
5 24 -6.4 12.26 16.75 -7.19 10.59 17.33 -6.3 11.45 18.45 -7.73 11.48 15.33
5 24 13.48 -6.56 0.32 12.49 -6.28 0.77 12.86 -6.43 0.13 12.23 -6.17 1.87
5 24 2.01 39.08 27.51 1.5 39.51 28.31 0.87 39.54 27.03 1.75 38.88 28.82
5 24 15.16 4.71 -4.92 15 5.9 -4.74 13.97 5.82 -5.63 15.64 5.09 -4.01
5 24 2.14 -3.01 18 1.44 -2.98 18.94 1.62 -2.52 18.34 2.19 -3.56 18.5
5 24 -8.34 12.64 25.74 -8.1 13.74 27 -8.19 13.25 25.62 -8.18 12.29 26.79
5 24 -11.2 3.33 -7.51 -11.21 2.57 -8.13 -12.07 2.99 -7.58 -10.18 2.64 -8.4
5 24 -16.07 5.88 -2.75 -15.61 5.57 -3.35 -16.18 4.93 -2.57 -15.21 6.61 -3.47
5 24 -4.34 21.43 18.47 -3.17 23.17 18.65 -4.2 22.24 18.87 -2.88 20.59 18.13
5 24 -0.81 42.18 31.27 -0.82 42.14 30.38 -1.77 41.11 31.39 -0.54 42.43 29.87
5 24 -1.77 18.85 13.48 2.32 18.62 13.18 2.39 18.55 12.71 -2.22 18.97 14.08
5 24 -0.4 39.28 30.92 0.37 39.4 29.19 -0.13 38.45 30.74 0.12 40.25 29.5
5 24 -7.38 -1.86 -12.66 -6.8 -1.26 -13.11 -5.51 -2.15 -13.52 -8.55 -0.79 -11.86
5 24 -2.54 -7.55 -8.62 -5.33 -7.72 -7.07 -5.2 -6.49 -8.63 -2.27 -8.94 -5.95
5 24 -10.71 -4.26 -7.58 -11.43 -1.94 -8.51 -10.72 -3.45 -8.34 -12.64 -3.13 -5.81
5 24 -2.84 -4.39 -13.72 -3.54 -4.35 -13.21 -3.29 -4.73 -12.75 -3.66 -4.1 -13.56
5 24 -9.4 8.58 20.23 -8.79 10.22 20.49 -10.01 9.21 21.24 -8.09 9.41 20.12
5 24 -0.11 7.45 18.48 -1.88 6.96 19.69 -0.98 8.39 18.71 1.5 6.31 17.51
5 24 -10.39 0.86 27.89 -10.08 -0.33 27.92 -10.25 0.15 26.94 -10.2 0.97 28.83
5 24 -2.7 3.53 30.16 -1.34 2.06 29.96 -0.87 2.79 29.42 -2.83 2.77 30.36
5 24 3.79 33.53 26.8 3.17 35.34 26.64 2.67 33.45 28.07 3.4 34.55 24.76
5 24 -12.03 15.53 9.52 -11.44 16.04 10.14 -12.11 14.92 10.28 -10.6 16.47 9.77
5 24 -3.37 40.81 26.02 -2 40.75 25.49 -3.09 41.58 26.17 -2.54 40.1 25.21
5 24 -0.35 -9.75 5.82 0.08 -10.52 4.98 -0.51 -9.95 5.28 0.9 -10.04 6.09
5 24 -13.38 13.49 7.21 -13.61 11.81 8.56 -13.21 12.29 8.99 -13.47 12.69 6.67
5 24 1.24 11.54 22.75 0.26 11.82 22.13 0.83 12.79 22.98 0.38 10.62 22.52
5 24 1.43 16.71 22.49 0.56 16.18 21.74 1.49 15.57 22.38 0.62 17.11 21.65
5 24 11.14 -5.82 10.39 10.01 -5.66 10.7 10.03 -5.39 9.95 11.03 -5.83 11.12
5 24 -3.42 -3.98 -14.17 -2.45 -4.24 -14.44 -2.84 -4.39 -13.72 -2.66 -3.74 -14.77
5 24 -7.95 17.32 10.44 -9.5 16.8 10.71 -7.34 17.44 11.81 -8.64 16.97 9.84
5 24 -14.58 9.01 1.66 -15.3 8.66 1.91 -15.02 8.28 0.13 -14.78 9.54 3.1
5 24 -6.23 12.1 17.79 -6.4 12.26 16.75 -6.3 11.45 18.45 -6.19 12.62 17.94
5 24 0.88 17.99 22.93 1.67 17.11 23.61 1.52 17.84 23.59 1.43 16.71 22.49
5 24 -0.43 11.58 29.04 -2.09 11.86 29.61 -0.79 10.44 29.37 -1.27 12.81 28.96
5 24 4.22 6.6 16.87 3.6 6.11 17.12 3.16 7.43 16.95 4.64 5.83 16.56
5 24 14.04 7.49 7.91 14.54 8.41 6.56 14.47 7.25 6.35 14.09 8.79 7.31
5 24 -4.25 -10.52 -0.57 -3.12 -10.09 -0.74 -3.1 -10.03 0.39 -4.19 -10.07 -1.39
5 24 -7.62 -8.59 0.36 -7.9 -8.27 0.75 -8.3 -7.76 0.34 -7.13 -8.78 1.07
5 24 -4.9 -11.39 24.58 -4.95 -11.66 23.11 -3.28 -11.27 24.92 -5.4 -10.97 24.13
5 24 -8.74 -7 27.99 -9.65 -6.51 26.98 -9.96 -5.33 27.4 -8.82 -7.45 27.29
5 24 0.65 33.25 28.44 0.07 32.38 29.35 1.45 32.34 28.43 -0.53 33.12 29.95
5 24 -7.69 -10.06 19.21 -8.41 -9.92 20.62 -8.71 -9.56 18.84 -7.54 -10.53 20.26
5 24 -12.32 -2.22 20.58 -10.88 -0.76 20.86 -12.07 -1.12 21.75 -9.91 -0.63 20.46
5 24 15.01 2.57 -5.1 14.82 2 -5.63 14.24 3.59 -5.85 15.57 1.31 -4.3
5 24 -14.57 4.04 10.45 -14.51 4.96 10.04 -13.91 4.82 11.1 -15.09 4.02 9.45
5 24 14.15 10.2 5.05 14.05 10.74 5.23 13.54 10.32 3.96 14.09 10.17 6.12
5 24 2.67 33.45 28.07 3.17 35.34 26.64 1.45 34.23 27.86 3.79 33.53 26.8
5 24 -6.84 9.48 19.96 -7.94 10.26 19.99 -8.09 9.41 20.12 -7.06 10.46 19.67
5 24 -7.25 21.64 23.57 -7.31 22.18 23.21 -6.85 22.54 23.88 -7.59 21.69 22.83
5 24 -2.68 -9.96 1.35 -3.41 -9.85 1.65 -3.47 -9.71 2.11 -3.1 -10.03 0.39
5 24 -12.64 -3.13 -5.81 -10.71 -4.26 -7.58 -11.43 -1.94 -8.51 -10.63 -5.08 -6.22
5 24 -1.27 32.59 20.49 -0.25 31.97 22.16 -1.01 33.21 21.55 -0.48 31.17 20.51
5 24 -1.5 -1.74 22.05 -0.24 -1.98 23.14 -0.41 -3.17 22.02 -0.83 -1.46 23.17
5 24 -4.77 37.48 29.66 -5.3 38.64 28.53 -4.75 38.56 30.3 -5.49 38.07 28.43
5 24 -12 -4.73 -0.71 -13.75 -4.37 -1.09 -12.48 -5.21 -1.4 -12.27 -4.22 -0.25
5 24 -1.71 23.37 18.57 -3.35 23.84 18.36 -1.66 24.99 18.52 -3.17 23.17 18.65
5 24 0.26 44.1 29.67 -1.1 44.03 32.19 -0.81 42.18 31.27 0.13 45.55 30.42
5 24 -13.28 1.13 9.26 -13.67 1.56 10.24 -13.55 0.74 9.94 -13.95 1.9 9.22
5 24 -0.51 27.29 20.8 -0.71 28.25 21.1 -0.17 26.91 22.38 -1.32 28.44 19.93
5 24 -0.55 23.55 22.32 -0.49 24.92 19.74 -0.6 24.06 19.68 -0.45 24.63 22.2
5 24 -8.48 -9.45 16.9 -8.39 -9.33 16.03 -8.74 -8.44 16.74 -7.82 -10.19 16.65
5 24 0.47 11.55 26.62 0.85 11.42 26.14 0.87 12.72 26.32 0.68 9.97 26.31
5 24 12.57 -6.99 -5.25 13.22 -6.29 -5.95 13.61 -6.61 -5.15 12.15 -6.9 -6.08
5 24 7.52 5.23 15.56 6.61 6.2 15.86 7.9 5.75 15.46 5.94 6.03 16.15
5 24 8.58 -8.33 0.18 7.96 -8.56 -1.01 6.57 -8.65 -0.57 9.14 -8.08 -1.28
5 24 1.88 -9.41 8.82 1.76 -10.17 7.71 1.35 -9.16 8.91 2.8 -9.96 7.2
5 24 6.86 13.51 13.69 7.36 11.76 13.92 7.89 11.81 13.51 5.53 13.43 13.85
5 24 -3.06 33.58 30.5 -1.87 33.27 30.88 -2.42 33.99 30.99 -2.41 32.45 30.25
5 24 1.93 -10.26 5.89 1.47 -10.3 5.69 2.37 -10.04 5.27 1.07 -10.06 6.33
5 24 1.63 1.24 19.2 2.1 1.39 18.38 2.09 0.65 18.04 1.45 2.72 18.83
5 24 2.39 38.43 28.28 1.84 38.52 27.08 2.19 37.77 27.73 2.01 39.08 27.51
5 24 -11.63 -2.86 11.08 -11.52 -2.76 9.78 -11.56 -3.57 10.17 -12.14 -1.78 10.25
5 24 -7.73 23.5 23.52 -7.4 23.98 23.7 -7.19 23.39 24.31 -7.57 23.99 22.92
5 24 -2.62 45.61 28.36 -3.77 44.6 28.74 -2.92 44.49 28.09 -3.77 45.59 28.96
5 24 -0.76 40.04 31.02 0.12 40.25 29.5 -0.4 39.28 30.92 -0.83 41.49 29.94
5 24 1.94 30.76 23.33 0.4 30.7 22.4 2.12 28.33 23.23 1.14 31.19 22.91
5 24 9.31 5.93 14.3 9.67 5.89 13.75 9.75 5.44 13.72 9.45 6.73 13.99
5 24 -9.05 9.29 28.06 -9.42 8.41 28.15 -9.44 7.81 26.82 -8.9 7.96 29.12
5 24 -7.13 -7.33 7.47 -7.53 -6.9 9.46 -6.7 -7.36 9.49 -7.95 -6.67 6.59
5 24 1.22 -6.31 23.95 0.8 -6.89 23.84 0.92 -6.63 23.28 1.05 -6.14 24.42
5 24 4.13 -8.75 12.14 4.12 -8.2 12.57 4.59 -8.64 11.79 3.6 -8.53 12.4
5 24 -5.85 -3.68 29.87 -4.63 -3.89 29.89 -5.47 -4.42 29.96 -4.98 -3.26 30.14
5 24 -3.38 -9.05 10.15 -3.99 -9.75 11.67 -4.93 -8.66 10.05 -2.09 -10.1 12.07
5 24 5.27 -8.41 -10.27 5.55 -8.53 -11.56 6.53 -8.58 -10.68 4.93 -7.99 -11.13
5 24 -4.49 20.59 18.32 -4.51 19.11 18.46 -2.97 19.21 18.23 -5.77 20.51 18.74
5 24 15.43 5.99 -3.75 15.35 6.24 -2.37 14.56 7.7 -3.8 16.26 4.16 -2.14
5 24 -2.89 -11.94 23.01 -3.28 -11.27 24.92 -4.95 -11.66 23.11 -2.05 -11.42 24.08
5 24 2.08 37.01 26.1 1.11 36.78 24.64 1.08 37.84 25.45 2.7 36.06 25.03
5 24 13.46 8.46 -1.28 13.1 8.62 -1.22 13.17 8.49 0.57 13.16 8.79 -3.67
5 24 14.2 -4.9 6.06 14.29 -5.23 5.5 13.61 -5.62 5.12 14.58 -4.8 5.29
5 24 -2.81 29.65 29.73 -3.44 31.57 28.65 -2.13 30.87 30.41 -4.02 30.95 28.07
5 24 2.6 29.54 26.45 3.42 28.96 26.19 3.34 27.92 27.12 3.42 29.59 25.18
5 24 2.45 3.65 17.92 3.65 4.61 17.32 3.9 3.82 17.04 2.66 4.71 18.13
5 24 -0.12 8.82 17.92 -0.54 10.32 18.87 -0.98 8.39 18.71 0.15 10.83 18.16
5 24 2.15 22.67 23.85 2.51 23.39 24.48 2.35 22.83 25.09 2.33 24.54 24.27
5 24 3.42 29.59 25.18 2.6 29.54 26.45 2.39 30.8 24.63 3.42 28.96 26.19
5 24 -11.47 6.65 26.04 -10.99 7.02 25.52 -10.75 7.06 26.38 -11.98 6.18 25.27
5 24 -6.34 27.97 25.34 -6.48 28.6 25.45 -6.43 28.65 24.99 -5.71 27.07 26.95
5 24 -4.24 43.78 31.95 -4.08 43.25 31.79 -5.35 43.4 29.66 -3.22 43.63 32.6
5 24 10 -2 0 12.43 1.98 3.95 9.239 -2 3.827 12.94 1.94 .17
5 24 -6.8 2.03 11.34 -7.95 17.32 10.44 -8.64 16.97 9.84 -6.98 17.63 11.07
5 24 -3.05 2.05 12.73 -6.8 2.03 11.34 -3.76 18.4 12.62 -3.827 -2 9.239
5 24 -7.84 12.85 27.63 -7.05 14.12 28.1 -7.25 12.94 28.47 -8.1 13.74 27
5 24 -14.73 6.66 9.2 -14.93 6.94 9.72 -14.65 6.44 9.99 -14.64 7.44 9.06
5 24 -1.4 -11.5 16.76 -0.02 -11.09 16.88 -1.19 -10.87 15.62 -1.15 -11.59 17.56
5 24 -2.66 -3.74 -14.77 -3.82 -3.31 -14.77 -3.42 -3.98 -14.17 -1.65 -2.48 -15.79
5 24 5.49 4.09 16.8 3.65 4.61 17.32 5.68 4.75 16.65 3.9 3.82 17.04
5 24 -11.86 -1.75 11.08 -11.63 -2.86 11.08 -11.29 -2.64 12.32 -12.14 -1.78 10.25
5 24 -11.57 -3.92 23.96 -11.82 -5.05 22.63 -12.09 -5.59 23.03 -12.08 -3.29 23.26
5 24 6.54 1.53 15.28 7.22 3.41 15.42 7.77 3.18 14.93 6.53 3.07 15.74
5 24 5.03 -9.18 -6.07 4.77 -9.2 -6.73 6.72 -9.15 -6.51 2.95 -8.84 -5.1
5 24 -8.74 18.88 21.58 -8.74 19.37 22.93 -8.71 18.09 21.89 -8.57 19.71 21.54
5 24 -4.92 19.4 28.86 -4.38 19.14 29.3 -3.94 18.06 29.18 -4.84 20.26 28.98
5 24 -8.94 13.1 21.01 -8.33 14.12 21.54 -8.3 14.38 20.26 -8.69 13.3 21.95
5 24 10.4 1.02 13.01 12.39 1.57 11 12.25 2.84 10.83 11.53 -2.27 11.73
5 24 -14.57 4.04 10.45 -13.91 4.82 11.1 -14.51 4.96 10.04 -13.56 3.83 11.38
5 24 -7.22 25.39 25.87 -6.97 24.07 25.6 -6.87 25.09 26.69 -6.99 24.04 24.96
5 24 10.7 -3.12 13.67 10.92 -3.41 13.7 11.24 -2.78 13.15 9.96 -3.66 13.92
5 24 -11.49 3.75 24.28 -11.78 2.49 23.96 -11.32 3.32 23.36 -12.46 2.5 25.16
5 24 -9.21 6.71 28.31 -9.26 7.55 28.08 -9.33 6.85 27.4 -8.86 7.15 29.13
5 24 1.74 -5.72 20.71 1.55 -6.69 20.93 1.42 -6.17 21.8 1.3 -6.48 20.03
5 24 3.15 -4.67 -15.62 3.3 -3.38 -15.29 1.68 -4.17 -16.02 3.72 -3.75 -15.19
5 24 -9.42 -8.8 18.7 -8.31 -9.51 18.09 -9.02 -8.37 17.79 -8.71 -9.56 18.84
5 24 3.83 -6.41 14.81 3.76 -7.04 14.55 4.58 -6.26 14.47 3.2 -7.05 15.04
5 24 -3.54 -4.35 -13.21 -5.54 -4.61 -12.05 -5.78 -4.31 -12.56 -3.29 -4.73 -12.75
5 24 -12.57 -4.05 21.91 -12.97 -3.02 21.05 -13.12 -2.77 21.5 -12.2 -4.1 21.29
5 24 -2.36 8.69 29.47 -1.89 7.36 30 -1.19 8.24 28.88 -2.7 7.75 30.14
5 24 -7.88 18.15 23.28 -7.13 17.77 24.53 -8.52 16.21 23.85 -7.27 18.82 24.18
5 24 -10.28 4.86 28.82 -10.08 3.54 26.93 -10.04 5.13 26.7 -10.14 2.67 27.49
5 24 13.61 -5.62 5.12 13.41 -5.83 4.31 13.98 -5.56 3.84 12.54 -5.69 3.74
5 24 -7.42 0.4 -12.65 -6.31 0.25 -14.24 -6.97 1.15 -12.89 -6.36 -0.73 -13.87
5 24 12.54 -5.45 -8.36 12.68 -5.21 -7.41 11.53 -7.12 -6.76 12.5 -4.17 -7.55
5 24 15.68 -3.53 3.65 14.83 -2.58 4.9 15 -2.34 4.22 14.7 -3.43 4.95
5 24 -5.2 -6.49 -8.63 -5.33 -5.71 -11.14 -7.02 -5.23 -9.17 -2.83 -7.41 -9.96
5 24 -10.87 .95 -5.01 -8.79 .98 -7.34 -9.93 2.76 -8.24 -7.071 -2 -7.071
5 24 -7.38 2.56 -10.35 -7 0.87 -8.97 -4.65 0.87 -10.51 -8.69 2.57 -9.34
5 24 6.76 -6.29 12 7.72 -5.7 12.93 7.93 -5.85 11.86 6.6 -5.96 13.59
5 24 1.48 37.76 29.56 1.07 38.86 29 1.75 38.88 28.82 0.5 37.76 29.84
5 24 11.97 6.18 -5.89 12.4 6.13 -6.04 12.21 7.94 -5.05 11.54 4.73 -6.64
5 24 2.19 37.74 28.96 1.48 37.76 29.56 1.27 37.03 29.68 1.75 38.88 28.82
5 24 4.58 18.33 12.66 2.32 18.62 13.18 3.84 17.95 14.33 2.39 18.55 12.71
5 24 -13.61 2.49 11.89 -12.51 3.78 12.75 -12.9 1.77 12.9 -13.1 3.74 12.25
5 24 -7.05 14.12 28.1 -6.07 13.12 28.96 -7.25 12.94 28.47 -5.56 14.96 28.29
5 24 -7.94 15.81 13.53 -6.74 14.85 14.53 -6.52 15.6 14.12 -7.87 14.3 14.14
5 24 -7.7 -9.8 15.54 -8.17 -8.48 14.82 -7.51 -9.09 14.23 -8.39 -9.33 16.03
5 24 0.28 5.44 18.5 3.09 5.7 17.63 2.66 4.71 18.13 1.5 6.31 17.51
5 24 -5.57 25.65 22.5 -5.49 25.1 21.86 -7.06 24.6 21.79 -5.22 26.35 22.11
5 24 -4.38 41.12 31.01 -4.01 40.74 30.86 -2.63 41.72 31.99 -4.62 40.57 30.18
5 24 6.36 15.09 12.85 3.84 17.95 14.33 6.65 16.83 13.21 5.21 14.9 13.89
5 24 -3.17 23.17 18.65 -1.27 21.76 18.35 -2.88 20.59 18.13 -1.71 23.37 18.57
5 24 -6.68 23.88 26.28 -7.31 22.62 26.57 -7.64 23.32 25.78 -5.49 23.48 27.59
5 24 -7.22 25.39 25.87 -6.99 24.04 24.96 -6.97 24.07 25.6 -7.16 25.81 25.02
5 24 0.53 36.29 29.22 1.57 36.62 29.11 1.27 37.03 29.68 1.81 36.47 28.07
5 24 9.78 15.38 10.57 11.39 13 9.67 10.67 12.15 10.56 10.57 15.23 9.59
5 24 2.95 -8.84 -5.1 4.77 -9.2 -6.73 5.03 -9.18 -6.07 1.32 -8.52 -6.46
5 24 -7.87 14.3 14.14 -9.26 12.14 13.95 -9.63 13.61 13.56 -7.69 12.62 14.58
5 24 11.73 -3.87 12.69 11.53 -2.27 11.73 11.24 -2.78 13.15 12.07 -3.65 11.53
5 24 -11.32 4.16 23.4 -11.49 3.75 24.28 -11.32 3.32 23.36 -11.66 4.5 23.9
5 24 -1.39 -10.14 12.59 -2.39 -10.18 12.8 -2.09 -10.1 12.07 -1.79 -9.93 13.21
5 24 1.96 -2.12 17.87 2.23 -2.53 17.45 2.63 -1.51 17.88 2.14 -3.01 18
5 24 14.09 10.17 6.12 14.7 9.42 5.94 14.5 9.45 6.73 14.15 10.2 5.05
5 24 -2.05 -11.42 24.08 -1.64 -10.43 24.81 -2.39 -10.39 25.34 -1.19 -10.15 24.01
5 24 -10.23 -6.21 16.34 -9.99 -5.83 15.47 -10.13 -7.02 15.67 -9.75 -5.33 16.24
5 24 -10.15 -8.46 22.95 -10.8 -8.12 22.98 -10.42 -7.67 23.71 -10.49 -8.62 21.83
5 24 -0.21 30.75 29.8 0.37 31.21 28.92 -0.3 29.89 28.87 -0.35 31.74 30.03
5 24 -5 -2 -14.51 -4.84 -1.36 -14.8 -5.42 -1.53 -14.13 -4.51 -1.9 -15
5 24 1.48 12.59 24.69 1.31 13.95 23.57 1.52 13.46 25.12 0.83 12.79 22.98
5 24 -0.42 -9.05 24.38 0.11 -8.99 23.19 0.53 -7.94 24.4 -0.62 -9.34 23.59
5 24 -7.61 -5.53 -8.57 -8.73 -4.89 -8.24 -7.79 -6.62 -7.56 -9.27 -3.46 -9.06
5 24 -3.82 -10.11 -3.49 -5.75 -9.19 -3.78 -5.68 -9.93 -2.96 -4.04 -9.22 -4.29
5 24 12.54 -5.45 -8.36 10.84 -6.38 -9.58 11.23 -7.25 -8.14 12.01 -5.29 -9.27
5 24 -4.34 -12.13 18.81 -3.07 -11.54 18.97 -3.51 -11.51 19.57 -4.15 -12.05 17.87
5 24 -11.89 -2.32 8.84 -11.74 -3.03 7.61 -11.29 -3.43 9.58 -12.5 -1.74 6.59
5 24 3.44 -5.89 15.93 3.83 -6.41 14.81 3.4 -6.33 15.32 4.72 -5.69 15.55
5 24 -8.31 -0.8 15.93 -9.82 -0.69 14.93 -9.02 0.17 15.75 -9.8 -2.94 13.84
5 24 -15.66 1.79 0.38 -15.48 2.3 2.16 -15.63 3.05 2.07 -15.58 1.13 0.51
5 24 -1.95 46.15 31.13 -3.11 46.22 30.77 -2.15 45.97 31.49 -2.47 46.12 28.99
5 24 9.56 1.35 -6.89 7.071 -2 -7.071 9.239 -2 -3.827 8.06 1.26 -8.63
5 24 9.21 -6.17 8.03 9.23 -7.24 5.49 10.32 -6.8 5.44 7.96 -6.98 7.03
5 24 2.33 11.96 15.95 2.22 13.52 16.51 0.51 12.15 17.27 4.09 12.81 14.79
5 24 -13.74 2.96 11.2 -13.66 1.96 11.74 -13.61 2.49 11.89 -13.55 1.92 11.09
5 24 -8.9 7.96 29.12 -8.86 7.15 29.13 -8.04 6.85 29.65 -9.26 7.55 28.08
5 24 9.16 9.25 13.73 8.56 9.58 14.7 8.93 8.62 14.17 8.69 10.13 13.65
5 24 -10.25 -2.35 26.19 -10.99 -3.27 25.36 -10.18 -3.25 25.64 -11.36 -2.24 26.02
5 24 -7.76 20.03 23.94 -7.25 21.64 23.57 -8.29 20.62 23.58 -6.76 21.12 24.25
5 24 -0.48 40.9 26.32 0.31 39.13 26.26 -1.03 39.9 25.13 0.1 40.2 26.83
5 24 1.1 25.97 23.08 1.95 26.02 24.41 2.33 24.54 24.27 1.27 26.79 23.55
5 24 -0.98 33.79 30.93 -1.87 33.27 30.88 -1.66 34.55 31.06 -1.5 32.72 30.38
5 24 -12.46 2.5 25.16 -12.46 1.94 25.35 -12.6 1.41 24.65 -12.01 2.42 26.05
5 24 -7.29 -10.9 18.82 -6.57 -11.16 19.94 -7.54 -10.53 20.26 -6.29 -11.53 19.54
5 24 -13.61 2.49 11.89 -13.74 2.96 11.2 -13.56 3.83 11.38 -13.66 1.96 11.74
5 24 -12.32 -2.22 20.58 -12.97 -3.02 21.05 -12.53 -1.83 21.29 -12.1 -2.78 20.32
5 24 0.15 9.64 23.03 0.99 8.25 23.52 0.01 8.78 22.64 1.02 9.63 23.86
5 24 7.42 -7.69 5.43 6.67 -8.43 4.35 8.19 -7.47 4.94 6.37 -8.53 5.82
5 24 4.9 -8.89 -3.1 4.62 -9.71 0.17 6.57 -8.65 -0.57 3.61 -9.52 -1.87
5 24 1.41 -5.59 23.38 1.14 -5.5 22.69 0.92 -6.63 23.28 1.24 -4.5 23.15
5 24 14.56 -4.96 2.47 13.98 -5.56 3.84 13.4 -5.53 2.83 14.83 -4.3 3.9
5 24 -7.66 22.52 25.48 -7.31 22.62 26.57 -7.72 23.25 25.29 -7.02 21.73 26.87
5 24 -13.78 10.41 10.28 -13.93 9.05 10.51 -13.39 10 10.98 -14.42 10.04 9.65
5 24 -11.71 -4.95 -0.12 -11.22 -5.84 1.47 -12.43 -4.37 1.39 -10.54 -6.63 0.46
5 24 -1.1 44.03 32.19 -0.81 42.18 31.27 0.26 44.1 29.67 -1.8 41.5 31.82
5 24 -12.7 -0.77 25.38 -11.3 -0.05 26.43 -11.9 -0.74 26.16 -12.27 -0.08 24.84
5 24 -0.35 44.81 28.74 0.26 44.1 29.67 0.13 45.55 30.42 -0.52 43.14 28.65
5 24 15.48 -3.02 0.83 16.25 -1.31 -1.42 15.65 -2.94 -0.14 16.28 0.84 -0.43
5 24 -1.23 39.69 31.41 -3.75 40.3 30.68 -2.89 40.7 31.18 -3.89 38.74 31.12
5 24 -13.07 7.86 12.59 -13.34 8.45 12.34 -13.76 7.96 11.86 -12.81 8.38 12.71
5 24 1.08 0.52 25.68 0.79 -1.14 25.37 1.01 -0.68 26.61 0.48 -0.29 24.7
5 24 -2.83 -1.99 29.5 -1.2 -2.04 29.34 -1.53 -3.1 29.33 -2.5 -1.14 29.13
5 24 3.53 2.29 -12.6 0.96 2.16 -14.03 3.92 1.5 -13.58 0.77 2.64 -13.2
5 24 -7.06 24.6 21.79 -6.36 24.39 21.34 -7.21 24.1 21.52 -5.49 25.1 21.86
5 24 2.63 34.73 24.14 2.7 36.06 25.03 3.4 34.55 24.76 1.11 36.78 24.64
5 24 14.56 7.7 -3.8 14.8 7.96 -1.37 15.27 7.28 -1.5 13.16 8.79 -3.67
5 24 13.46 8.46 -1.28 13.69 8.37 0.74 13.17 8.49 0.57 15.03 7.69 0.03
5 24 -7.13 3 30.41 -6.84 2.72 30.98 -6.71 3.79 30.67 -7.12 2.19 30.23
5 24 -5.34 1.75 31.65 -4.99 0.98 31.16 -6.08 0.56 30.6 -4.17 1.44 31.15
5 24 -8.97 -2.42 19.58 -8.71 -3.36 18.79 -9.3 -2.89 19.45 -8.02 -2.69 18.56
5 24 7.08 2.14 -10.68 8.72 1.68 -10.5 5.62 1.67 -12.47 9.2 2.64 -9.34
5 24 -0.15 -8.94 10.72 -0.55 -8.64 9.67 -0.85 -8.92 10.35 0.25 -8.5 10.18
5 24 9.58 -6.79 -10.56 7.78 -7.81 -10.46 9.7 -6.9 -10.01 8.86 -7.18 -11.69
5 24 -13.39 10 10.98 -13.78 10.41 10.28 -13.93 9.05 10.51 -13.17 10.93 10.82
5 24 -12.4 14.44 6.46 -11.37 14.7 6.12 -11.47 15.4 8.12 -12.01 13.59 4.98
5 24 -0.83 -1.46 23.17 -1.66 -0.49 22.08 -1.5 -1.74 22.05 -0.64 -0.65 23.78
5 24 -12.9 1.77 12.9 -13.19 1.12 12.49 -13.66 1.96 11.74 -12.51 0.94 13.16
5 24 0 9.14 28.6 0.01 8.08 26.64 -0.58 7.55 28.01 0.54 9.73 27.82
5 24 0.9 13.91 27.65 0.86 15.38 27.71 -0.12 15.01 29.12 0.94 15.62 25.69
5 24 -10.61 -0.8 13.96 -9.82 -0.69 14.93 -11.04 0.13 13.66 -10.27 -1.63 14.08
5 24 15.75 6.28 1.09 15.03 7.69 0.03 15.27 7.28 -1.5 14.69 7.73 1.5
5 24 0.92 -8.73 9.16 1.35 -9.16 8.91 0.65 -9.4 7.61 1.33 -9.03 9.23
5 24 0.08 -10.52 4.98 0 -9.5 4 0.48 -10.68 4.4 -0.51 -9.95 5.28
5 24 -3.26 2.62 31.12 -2.83 2.77 30.36 -3.09 3.85 31.22 -2.97 2.07 30.32
5 24 14.73 8.61 2.82 14.15 10.2 5.05 14.98 8.65 3.99 13.54 10.32 3.96
5 24 -6.19 12.62 17.94 -6.3 11.45 18.45 -6.23 12.1 17.79 -6.59 12.23 18.69
5 24 13.5 -4.76 8.55 13.98 -4.09 7.24 13.34 -4.91 7.31 13.8 -3.74 8.4
5 24 0.38 10.62 22.52 1.24 11.54 22.75 0.26 11.82 22.13 1.48 10.59 23.5
5 24 5.62 1.67 -12.47 7.37 0.76 -12.49 8.72 1.68 -10.5 6.24 0.81 -12.92
5 24 1.1 38.55 26.26 1.84 38.52 27.08 1.16 39.05 26.7 1.59 37.81 26.71
5 24 15.58 3.63 5.6 14.29 3.72 6.9 15.64 5.41 5.12 15.31 1.93 5.86
5 24 7.5 8.89 15.48 7.99 7.97 14.94 6.82 8.12 15.66 8.37 8.98 14.99
5 24 12.44 13.85 6.81 13.76 11.48 6.61 12.74 12.38 8.07 13.35 12.51 4.95
5 24 8.45 4.98 14.3 9.31 5.93 14.3 8.98 4.61 13.77 8.3 5.65 15.16
5 24 4.8 12.01 14.63 4.09 12.81 14.79 5.22 12.4 14.18 3.19 11.23 15.46
5 24 -10.52 1.62 -9.04 -9.57 1.28 -10.2 -9.08 2.31 -9.63 -10.23 0.11 -9.67
5 24 -5.5 -10.19 -2.16 -5.68 -9.93 -2.96 -6.41 -9.61 -2.57 -3.82 -10.11 -3.49
5 24 12.05 -2.07 -9.48 10.66 -2.13 -10.17 12.03 -0.85 -9.58 11.71 -4 -8.86
5 24 -0.31 -11.29 20.56 0.2 -10.57 21.37 -0.81 -11.18 22.26 0.15 -10.12 20.54
5 24 -7.79 13.11 19.04 -6.38 13.26 18.05 -7.45 14.53 18.81 -6.94 12.56 18.65
5 24 -15.19 5.77 6.48 -14.61 3.53 7.48 -14.66 4.69 8.21 -14.4 3.16 6.56
5 24 -1.5 -1.74 22.05 -0.41 -3.17 22.02 -0.84 -2.67 20.84 -0.24 -1.98 23.14
5 24 -10.71 -3.43 12.34 -11.53 -3.78 10.93 -11.63 -2.86 11.08 -10.76 -4.24 11.89
5 24 -13.6 -0.64 -6.36 -13.46 -1.55 -6.11 -13.37 -1.15 -6.65 -13.76 -0.7 -5.71
5 24 10.01 -5.66 10.7 9.28 -5.61 10.86 10.03 -5.39 9.95 10.01 -5.47 11.73
5 24 3.2 -7.05 15.04 3.83 -6.41 14.81 3.4 -6.33 15.32 3.76 -7.04 14.55
5 24 1.36 -9.43 -4.54 1.32 -8.52 -6.46 2.95 -8.84 -5.1 0.23 -9.29 -4.77
5 24 -5.56 15.82 17.94 -6.22 14.98 18.48 -6.86 15.42 18.93 -4.36 14.9 17.3
5 24 -14.15 9.94 2.89 -12.8 10.07 2.46 -12.96 9.08 1.35 -13.67 11.03 3.92
5 24 16.08 4.58 -1.19 16.46 2.56 -1.21 16.3 2.79 -0.46 16.26 4.16 -2.14
5 24 -8.64 -6.64 9.88 -9.19 -6.37 10.48 -9.29 -5.79 10.07 -8.92 -6.85 11.11
5 24 1.56 -5.03 21.32 0.61 -4.15 22.25 0.94 -4.65 22.53 1.15 -4.39 20.82
5 24 1.56 -5.03 21.32 1.74 -5.72 20.71 1.42 -6.17 21.8 1.15 -4.39 20.82
5 24 -1.6 2.71 20.78 -0.7 1.89 20.11 -0.38 2.93 19.66 -1.46 1.97 20.83
5 24 9.86 9.22 13.39 10.68 8.11 13.34 9.16 9.25 13.73 10.28 9.27 12.9
5 24 -3.35 28.47 28.57 -2.52 27.66 29.93 -3.37 26.15 29.25 -2.68 28.97 29.53
5 24 4.23 -7.46 -12.95 4.64 -7.58 -11.86 4.88 -7.34 -12.79 3.47 -7.71 -11.56
5 24 -1.32 28.44 19.93 -0.51 27.29 20.8 -0.71 28.25 21.1 -1.43 27.42 19.63
5 24 -12.33 4.79 24.57 -12.14 5.06 25.73 -11.67 4.53 25.6 -11.98 6.18 25.27
5 24 -9.23 -7.87 -4.88 -9.43 -6.95 -5.2 -8.6 -7.2 -5.58 -10.05 -7.39 -3.61
5 24 -14.69 7.82 9.85 -13.93 9.05 10.51 -14.21 9.16 9.45 -13.92 8.11 11.05
5 24 -1.06 8.99 22.41 0.15 9.64 23.03 -1.04 9.9 22.58 0.01 8.78 22.64
5 24 -11.53 -1.87 13.2 -12.18 -1.06 11.49 -12.45 0.27 12.31 -11.86 -1.75 11.08
5 24 -5.14 -9.67 12.52 -5.73 -9.65 13.49 -5.78 -9.19 12.88 -5.09 -10.06 13.24
5 24 -0.54 42.43 29.87 -0.81 42.18 31.27 -0.82 42.14 30.38 0.02 43.14 29.4
5 24 -10.27 10.11 24.32 -10.74 10.14 25.16 -10.73 9.3 24.05 -10.15 10.8 24.73
5 24 -3.45 9.82 30.79 -4.18 8.88 31.39 -2.7 7.75 30.14 -5.03 9.64 31.28
5 24 -0.65 42.03 29.46 -0.52 43.14 28.65 -0.03 41.88 27.86 -0.54 42.43 29.87
5 24 -5.27 -2.68 30.69 -4.13 -2.65 29.92 -4.2 -2.1 30.71 -4.98 -3.26 30.14
5 24 -6.27 -2.36 30.73 -5.85 -3.68 29.87 -5.27 -2.68 30.69 -7.19 -2.85 29.77
5 24 -3.68 -0.28 -15.64 -4.48 1.27 -14.79 -5.01 0.14 -15.24 -3.33 1.4 -15.07
5 24 -14.71 10.32 5.34 -14.46 9.75 4.35 -14.67 9.09 4.87 -14.05 10.52 4.14
5 24 14.64 -5.14 -4.96 14.54 -3.96 -5.04 14.74 -4.07 -4.03 14.3 -5.43 -5.67
5 24 0.87 12.72 26.32 0.74 12.91 27.62 0.9 13.91 27.65 0.45 12.35 27.41
5 24 -15.63 3.05 2.07 -15.2 2.19 3.07 -15.48 2.3 2.16 -15.22 4.9 4.16
5 24 2.35 22.83 25.09 2.4 23.53 26.62 1.9 24.71 26.53 2.24 22.12 27.65
5 24 -9.77 -7.12 24.94 -10.42 -7.67 23.71 -10.48 -6.92 24.13 -9.52 -8.08 24
5 24 -15.69 1.52 -2.57 -16.12 1.96 -2.18 -16.08 1.58 -1.72 -15.33 2.64 -3.18
5 24 0.22 -10.13 -1.49 0.3 -9.75 -3.55 2.62 -9.88 -2.62 -0.55 -9.82 -1.93
5 24 6.94 10.17 14.59 7.5 8.89 15.48 5.67 9.35 15.51 8.07 9.9 14.86
5 24 10.29 15.9 8.31 11.36 14.84 7.33 11.18 15.03 7.12 10.52 15.69 8.67
5 24 1.74 -8.05 16.31 1.38 -8.42 16.68 1.24 -9.06 15.86 1.3 -7.72 17.6
5 24 0.53 6.02 26.16 0.49 4.9 25.98 0.12 5.85 24.14 -0.05 5.02 27.28
5 24 -7.06 24.6 21.79 -6.9 24.81 22.67 -7.57 23.99 22.92 -5.57 25.65 22.5
5 24 -5.82 -11.18 16.55 -4.04 -11.27 16.61 -5.47 -11.46 17.16 -5.54 -11.32 15.78
5 24 -5.68 -11.01 15.22 -2.35 -11 15.11 -3.59 -11.07 14.7 -3.12 -11.06 16.44
5 24 -11.49 15.87 8.65 -10.6 16.47 9.77 -9.87 16.42 8.57 -12.03 15.53 9.52
5 24 -14.23 2.41 6.54 -13.54 1.59 8.27 -13.11 0.29 9.26 -14.16 2.86 7.5
5 24 10.49 10.23 12.94 9.83 10.23 13.43 9.56 11.33 13.21 10.28 9.27 12.9
5 24 -3.17 23.17 18.65 -2.88 20.59 18.13 -4.34 21.43 18.47 -1.27 21.76 18.35
5 24 -3.63 -8.49 27.89 -3.26 -8.98 27.17 -5.38 -9.55 27.47 -2.61 -8.09 26.9
5 24 -7.13 -8.78 1.07 -7.62 -8.59 0.36 -7.9 -8.27 0.75 -7.08 -9.04 0.38
5 24 0.19 -10.2 14.96 0.18 -10.31 16.1 0.83 -9.56 15.12 -0.43 -10.48 15.46
5 24 -4.84 20.26 28.98 -5.09 21.76 27.94 -5.4 20.74 27.74 -4.03 21.23 29.37
5 24 -8.48 -0.24 29.98 -9.63 -0.86 28.93 -9.55 0.29 29.5 -8.75 -1.54 29.36
5 24 -3.7 44.93 31.26 -4.25 44.17 31.88 -4.82 43.97 29.6 -3.26 45.1 31.93
5 24 14.56 -4.96 2.47 14.35 -6.25 0.96 13.4 -5.53 2.83 15.34 -4.88 1.18
5 24 -1.54 9.23 20.05 -1.31 10.31 21.39 -1.68 9.18 21.22 -1.14 9.88 19.52
5 24 -12.85 -3.59 2.15 -12.56 -3.28 3.74 -13.64 -2.12 2.39 -11.69 -5.01 2.42
5 24 -2.62 -5.14 28.31 -4.03 -5.35 29.28 -3.85 -3.44 29.42 -3.22 -5.58 28.33
5 24 -6.75 18.73 19.42 -6 18.37 18.55 -6.02 17.75 18.01 -5.85 18.99 18.86
5 24 -5.71 27.07 26.95 -7.08 25.99 26.08 -6.34 27.97 25.34 -6.6 25.95 27
5 24 -10.97 -6.06 19.81 -10.36 -6.94 19.46 -10.6 -5.41 18.85 -11.14 -7.9 20.99
5 24 7.22 3.41 15.42 7.23 4.41 15.85 7.66 4.06 15.01 6.53 3.07 15.74
5 24 13.28 6.2 7.91 12.1 6.63 9.76 13.91 7.21 8.25 12.02 4.98 9.57
5 24 1.125 -6.345 22.325 1.42 -6.17 21.8 1.21 -7 21.76 1.56 -5.03 21.32
5 24 -11.49 -6.87 21.4 -11.14 -7.9 20.99 -11.39 -7.56 21.47 -11.48 -6.19 20.78
5 24 -7.86 -7.52 28.04 -9.26 -5.72 28.25 -8.74 -7 27.99 -7.16 -5.88 28.65
5 24 -10.05 .6 20.43 -9.91 -.63 20.46 -8.8 .53 19.92 -10.88 -.76 20.86
5 24 1.78 24.14 27.68 1.9 24.71 26.53 2.4 23.53 26.62 1.49 24.77 27.73
5 24 -14.67 4.59 5.36 -15.19 5.77 6.48 -14.41 3.73 5.42 -14.96 5.55 5.33
5 24 8.3 5.65 15.16 8.45 4.98 14.3 7.98 4.96 14.69 9.31 5.93 14.3
5 24 9.239 -2 3.827 7.071 -2 7.071 11.06 1.99 7.37 7.3912 -4 3.0616
5 24 10 -2 0 9.239 -2 3.827 12.43 1.98 3.95 8 -4 0
5 24 7.071 -2 7.071 3.827 -2 9.239 7.73 2.11 10.52 5.6568 -4 5.6568
5 24 -9.239 -2 3.827 -10 -2 0 -7.3912 -4 3.0616 -13.01 2.16 .91
5 24 0 -2 10 -3.827 -2 9.239 -3.05 2.05 12.73 0 -4 8
5 24 3.827 -2 9.239 0 -2 10 .17 2.02 12.95 3.0616 -4 7.3912
5 24 9.239 -2 -3.827 10 -2 0 12.45 1.87 -3.1 7.3912 -4 -3.0616
5 24 7.071 -2 -7.071 9.239 -2 -3.827 9.56 1.35 -6.89 5.6568 -4 -5.6568
5 24 -3.827 -2 9.239 -7.071 -2 7.071 -6.8 2.03 11.34 -3.0616 -4 7.3912
5 24 -10 -2 0 -9.239 -2 -3.827 -8 -4 0 -12.62 1.89 -2.74
5 24 3.827 -2 -9.239 7.071 -2 -7.071 3.0616 -4 -7.3912 5.75 1.26 -10.3
5 24 -3.827 -2 -9.239 0 -2 -10 -3.0616 -4 -7.3912 -.54 .92 -11.92
5 24 -9.239 -2 -3.827 -7.071 -2 -7.071 -10.87 .95 -5.01 -7.3912 -4 -3.0616
5 24 0 -2 -10 3.827 -2 -9.239 -.54 .92 -11.92 0 -4 -8
5 24 -7.071 -2 -7.071 -3.827 -2 -9.239 -5.6568 -4 -5.6568 -4.65 .87 -10.51
5 24 -7.071 -2 7.071 -9.239 -2 3.827 -12.02 2.05 5.07 -5.6568 -4 5.6568