0 Animal Felid Jaguar with Black Spots and White Eye Patches and Muzzle Pattern (Needs Work)
0 Name: 80672ap02.dat
0 Author: Philippe Hurbain [Philo]
0 !LDRAW_ORG Part UPDATE 2026-07
0 !LICENSE Licensed under CC BY 4.0 : see CAreadme.txt

0 BFC CERTIFY CCW

0 !CATEGORY Animal
0 !KEYWORDS BrickLink bb1256pb02, Brickowl 934426, Brickset 107092, Parce
0 !KEYWORDS Rebrickable 80672pr0002, Set 43251

0 !HISTORY 2026-07-30 [OrionP] Official Update 2026-07

0 // (Needs Work) Probably split into two halves parts.

1 16 0 0 0 1 0 0 0 1 0 0 0 1 s\80672as01.dat
1 16 0 0 0 1 0 0 0 1 0 0 0 1 s\80672as02.dat
1 16 0 0 0 -1 0 0 0 1 0 0 0 1 s\80672as02.dat
1 16 0 0 0 1 0 0 0 1 0 0 0 1 s\80672ap02s01.dat
1 16 0 0 0 -1 0 0 0 1 0 0 0 1 s\80672ap02s01.dat

0 // Left
4 0 14.847 -13.9915 -47.7553 15.6273 -13.7496 -46.6608 13.112 -18.21 -51.326 13.4762 -16.6246 -50.3602
3 0 12.0695 -16.9111 -51.8466 12.8709 -16.885 -51.2317 13.112 -18.21 -51.326
4 0 12.2831 -17.9826 -52.8413 11.9845 -17.126 -52.3279 12.0695 -16.9111 -51.8466 13.112 -18.21 -51.326
4 0 13.112 -18.21 -51.326 13.5479 -19.2008 -52.9172 13.2943 -19.0829 -53.2484 12.7396 -18.5326 -53.1709
3 0 17.6767 2.2664 36.7873 17.9249 2.2803 37.1518 18.081 1.747 36.856
4 0 13.777 -25.9828 41.2204 16.401 -23.703 37.304 16.4399 -23.405 40.0154 15.1977 -24.5692 40.9794
4 0 13.2575 -26.4264 41.296 13.8109 -25.9253 38.6223 14.4501 -25.3804 38.6212 13.777 -25.9828 41.2204
4 0 19.0303 -9.2638 50.117 18.8624 -9.8998 50.4202 19.634 -9.8154 48.6137 19.3771 -9.3134 49.2924
4 0 15.0644 8.5145 14.116 14.9151 9.058 13.0357 13.9191 10.1614 13.789 14.4765 9.1355 14.6565
3 0 19.2574 -11.5507 -28.9816 19.4142 -9.9112 -30.8083 19.3847 -11.2156 -28.3266
3 0 19.411 -11.954 48.828 19.4604 -11.2629 47.5237 19.4915 -11.0113 47.7641
4 0 12.0245 -25.5141 50.4112 13.5508 -24.6006 49.3216 14.2348 -24.0446 49.1162 11.9022 -25.2987 51.0555
4 0 18.367 8.9391 -40.6092 18.2661 8.8719 -40.7208 17.1593 9.6074 -42.093 17.8922 10.0916 -41.2826
4 0 18.2269 9.3832 -39.0273 17.9658 12.4688 -37.6789 17.8918 11.2449 -36.7085 18.1255 9.3708 -38.1642
4 0 14.3343 -32.7109 -53.9442 13.8465 -31.6762 -52.0316 13.5035 -32.4428 -51.5889 13.9091 -33.6719 -53.4019
4 0 12.7625 -35.4563 -51.8585 13.2812 -35.3669 -53.2088 13.5344 -35.0024 -53.5488 13.8397 -34.0433 -53.4429
4 0 16.1116 6.8551 14.9002 16.4501 6.2153 15.4799 16.6171 5.9647 15.5607 16.9535 5.5773 15.3526
3 0 14.5892 -24.9362 -44.484 14.6158 -24.8709 -45.1401 14.7982 -24.3918 -44.2921
3 0 19.6661 6.6365 50.6802 19.924 3.9884 49.7603 19.5343 9.0168 51.2685
4 0 16.1812 -23.4489 31.9418 16.5552 -22.6956 32.1708 17.3749 -21.1843 33.7199 16.401 -23.703 37.304
3 0 18.081 1.747 36.856 17.7319 0.9104 34.97 17.6767 2.2664 36.7873
3 0 15.995 -24.0609 35.7424 15.7942 -24.236 35.2363 15.7915 -24.2629 31.9216
4 0 19.4326 -3.3275 38.498 19.3968 -4.2341 37.6622 19.2213 -1.8888 38.7323 19.3417 -2.5208 38.7415
4 0 16.0662 14.2337 62.2023 16.3722 13.5278 61.0136 16.3668 16.0342 62.2407 16.175 15.2518 62.3914
3 0 18.8131 4.6046 -35.3704 18.868 4.4582 -35.648 18.7598 4.9229 -35.396
4 0 17.83 4.9482 -14.6428 18.0187 4.5178 -14.4766 18.4739 3.4799 -15.4082 18.355 3.7511 -16.0362
3 0 13.112 -18.21 -51.326 13.3084 -20.8514 -50.6533 13.4085 -19.5266 -52.0019
4 0 17.9552 9.2253 -35.6127 18.0179 8.9665 -35.7842 18.1188 8.7318 -36.5065 17.8237 9.9812 -35.7776
3 0 16.0879 7.1621 11.5311 16.3201 6.7369 11.961 16.9832 5.5229 11.3644
4 0 13.142 -28.7496 -35.7805 13.2786 -28.4697 -33.927 13.2583 -28.5346 -33.5952 12.897 -29.3755 -35.9158
4 0 17.1593 9.6074 -42.093 18.2031 8.6591 -40.8154 16.3431 7.9759 -43.2464 16.8162 9.3337 -42.5511
4 0 14.1808 11.7593 -5.5796 13.8 12.1504 -5.0763 13.908 12.1732 -2.9583 14.8064 11.3489 -2.4804
4 0 14.1591 -20.897 -48.915 13.3084 -20.8514 -50.6533 13.112 -18.21 -51.326 14.0864 -18.5799 -49.3022
3 0 16.879 -22.3724 37.4227 16.401 -23.703 37.304 16.9782 -22.1734 35.9121
4 0 14.8064 11.3489 -2.4804 15.0991 10.7053 -2.1073 15.4068 10.0552 -2.7308 15.3692 10.1512 -3.2891
4 0 18.3026 3.5351 -41.0213 18.762 4.5343 -39.1266 18.8069 4.4751 -38.9412 18.7575 3.057 -39.144
4 0 18.0243 12.6344 -39.6063 17.9748 12.7075 -38.4976 17.9658 12.4688 -37.6789 18.3784 9.1355 -40.2417
4 0 19.0211 -13.7743 47.9378 19.28 -13.1569 46.7011 19.4311 -12.6103 46.555 19.411 -11.954 48.828
4 0 19.3274 8.326 47.751 19.5571 8.4508 50.8312 19.7288 4.8971 48.4475 19.5571 6.1703 47.9009
3 0 12.8709 -16.885 -51.2317 13.1527 -16.8645 -50.8571 13.112 -18.21 -51.326
4 0 14.0134 -14.529 -49.0107 14.847 -13.9915 -47.7553 13.4762 -16.6246 -50.3602 13.7587 -15.1072 -49.5222
3 0 13.1527 -16.8645 -50.8571 13.4762 -16.6246 -50.3602 13.112 -18.21 -51.326
3 0 13.112 -18.21 -51.326 12.7396 -18.5326 -53.1709 12.2831 -17.9826 -52.8413
3 0 16.5255 -23.3276 39.9192 16.4399 -23.405 40.0154 16.401 -23.703 37.304
3 0 13.777 -25.9828 41.2204 14.4501 -25.3804 38.6212 14.9922 -24.9159 38.4026
4 0 11.9748 -27.5249 41.7599 11.5982 -27.836 40.8559 13.2575 -26.4264 41.296 12.4294 -27.1368 41.7052
4 0 13.8109 -25.9253 38.6223 13.2575 -26.4264 41.296 11.5982 -27.836 40.8559 11.4114 -27.973 38.8322
4 0 13.8109 -25.9253 38.6223 11.4114 -27.973 38.8322 11.6323 -27.7705 37.5324 13.3041 -26.344 37.4017
3 0 11.685 -27.7247 37.4527 13.3041 -26.344 37.4017 11.6323 -27.7705 37.5324
3 0 15.7625 -24.2475 37.3241 16.401 -23.703 37.304 15.4291 -24.5392 38.0149
4 0 16.401 -23.703 37.304 13.777 -25.9828 41.2204 14.9922 -24.9159 38.4026 15.4291 -24.5392 38.0149
3 0 19.411 -11.954 48.828 19.634 -9.8154 48.6137 18.8624 -9.8998 50.4202
3 0 14.3471 9.9026 12.7858 13.9191 10.1614 13.789 14.9151 9.058 13.0357
4 0 13.8131 10.0982 14.4391 13.969 9.7977 14.7246 14.4765 9.1355 14.6565 13.9191 10.1614 13.789
3 0 15.1738 8.5629 13.4979 14.9151 9.058 13.0357 15.0644 8.5145 14.116
3 0 18.0564 -14.8322 -32.6987 18.1221 -14.3628 -33.019 18.0492 -15.3927 -31.7847
4 0 18.3441 -13.2096 -33.3534 18.6042 -12.2308 -33.1022 18.0492 -15.3927 -31.7847 18.1221 -14.3628 -33.019
4 0 19.4111 -11.3434 -27.7676 19.3847 -11.2156 -28.3266 19.4142 -9.9112 -30.8083 19.6908 -10.8973 -25.706
4 0 19.4811 -12.1031 -25.3812 19.3575 -12.0512 -26.8269 19.4111 -11.3434 -27.7676 19.6908 -10.8973 -25.706
4 0 19.0004 -13.7864 -26.9568 19.1378 -13.153 -26.8333 19.4811 -12.1031 -25.3812 19.2939 -13.2768 -24.8819
4 0 18.8522 -15.4516 -24.9825 19.0004 -13.7864 -26.9568 19.2939 -13.2768 -24.8819 19.1573 -14.0081 -24.7873
4 0 19.3127 -10.2792 -31.115 19.4142 -9.9112 -30.8083 19.2574 -11.5507 -28.9816 19.1704 -11.8775 -29.2199
3 0 19.1378 -13.153 -26.8333 19.3575 -12.0512 -26.8269 19.4811 -12.1031 -25.3812
3 0 19.634 -9.8154 48.6137 19.411 -11.954 48.828 19.4915 -11.0113 47.7641
3 0 18.1832 2.1429 37.5733 18.081 1.747 36.856 17.9249 2.2803 37.1518
4 0 15.3464 -9.7391 56.1001 16.7478 -11.2706 53.3573 17.139 -9.86 53.1553 16.0799 -8.8839 55.1726
4 0 15.7633 -13.2429 54.3494 16.7478 -11.2706 53.3573 15.3464 -9.7391 56.1001 14.8551 -11.4653 56.3677
4 0 14.7332 -12.3083 56.3069 14.8804 -12.6988 55.9485 15.7633 -13.2429 54.3494 14.8551 -11.4653 56.3677
3 0 18.5286 -11.1407 50.5087 18.5304 -11.9484 50.258 19.411 -11.954 48.828
3 0 18.5304 -11.9484 50.258 18.2421 -12.8577 50.4468 19.411 -11.954 48.828
3 0 16.7478 -11.2706 53.3573 15.7633 -13.2429 54.3494 16.7831 -12.0806 53.0517
4 0 17.4341 -13.0569 51.6964 17.0536 -12.8298 52.3832 15.7633 -13.2429 54.3494 16.6019 -15.1505 52.4044
3 0 15.7633 -13.2429 54.3494 17.0536 -12.8298 52.3832 16.7831 -12.0806 53.0517
3 0 19.411 -11.954 48.828 18.2421 -12.8577 50.4468 16.6019 -15.1505 52.4044
3 0 18.2421 -12.8577 50.4468 17.4341 -13.0569 51.6964 16.6019 -15.1505 52.4044
3 0 11.9022 -25.2987 51.0555 14.2348 -24.0446 49.1162 14.7742 -23.5243 49.1121
4 0 12.8506 -25.4634 48.9656 13.5508 -24.6006 49.3216 12.0245 -25.5141 50.4112 12.3904 -25.6195 49.5241
3 0 18.367 8.9391 -40.6092 17.8922 10.0916 -41.2826 17.9249 10.2738 -41.2627
3 0 17.9658 12.4688 -37.6789 18.2269 9.3832 -39.0273 18.3784 9.1355 -40.2417
3 0 17.9203 12.3462 -37.2585 17.8918 11.2449 -36.7085 17.9658 12.4688 -37.6789
3 0 17.8237 9.9812 -35.7776 18.1255 9.3708 -38.1642 17.8918 11.2449 -36.7085
4 0 12.8813 -32.8279 -50.1788 12.3599 -34.5524 -49.8434 13.8397 -34.0433 -53.4429 13.5035 -32.4428 -51.5889
3 0 13.9091 -33.6719 -53.4019 13.5035 -32.4428 -51.5889 13.8397 -34.0433 -53.4429
4 0 14.4531 -32.3126 -54.0175 14.4964 -31.6817 -53.7509 14.348 -31.3348 -53.1496 14.3343 -32.7109 -53.9442
4 0 14.348 -31.3348 -53.1496 14.0884 -31.3481 -52.4724 13.8465 -31.6762 -52.0316 14.3343 -32.7109 -53.9442
3 0 12.6626 -33.2413 -49.851 12.3599 -34.5524 -49.8434 12.8813 -32.8279 -50.1788
3 0 12.3599 -34.5524 -49.8434 12.7625 -35.4563 -51.8585 13.8397 -34.0433 -53.4429
4 0 12.2215 -35.2179 -50.1207 12.3459 -35.5496 -50.7954 12.7625 -35.4563 -51.8585 12.3599 -34.5524 -49.8434
3 0 16.1116 6.8551 14.9002 16.9535 5.5773 15.3526 16.0574 7.2179 13.9855
4 0 12.2105 -30.1625 -35.9607 12.5702 -29.7618 -35.9993 12.897 -29.3755 -35.9158 13.2583 -28.5346 -33.5952
4 0 11.9531 -29.8254 -32.5729 13.2583 -28.5346 -33.5952 12.9049 -28.7403 -32.544 12.4474 -29.2397 -32.4389
4 0 11.1038 -31.2182 -34.8854 11.9531 -29.8254 -32.5729 10.9917 -30.8647 -32.2972 10.6743 -31.5102 -33.8345
4 0 10.5535 -31.3847 -32.421 10.4873 -31.5944 -33.1463 10.6743 -31.5102 -33.8345 10.9917 -30.8647 -32.2972
3 0 11.6015 -30.7866 -35.6016 11.9531 -29.8254 -32.5729 11.1038 -31.2182 -34.8854
4 0 13.2583 -28.5346 -33.5952 11.9531 -29.8254 -32.5729 11.6015 -30.7866 -35.6016 12.2105 -30.1625 -35.9607
4 0 19.3064 7.7329 51.664 19.4052 9.2906 51.6079 18.5452 9.7826 53.715 18.6129 7.9053 53.3373
4 0 18.0274 6.7008 54.5947 18.361 7.6307 53.9064 18.5452 9.7826 53.715 17.5551 6.9673 55.7514
4 0 18.0274 6.7008 54.5947 17.5551 6.9673 55.7514 17.5879 6.7285 55.6459 17.7874 6.507 55.1446
4 0 19.3043 5.053 51.3603 18.9164 4.7292 52.2479 18.7326 2.6967 52.4523 19.3601 3.1265 51.0056
4 0 18.7326 2.6967 52.4523 18.9164 4.7292 52.2479 18.1923 3.371 53.8182 18.4981 2.7786 53.0207
4 0 18.1538 4.8352 54.0785 18.1225 3.8153 54.0356 18.1923 3.371 53.8182 18.9164 4.7292 52.2479
3 0 18.361 7.6307 53.9064 18.6129 7.9053 53.3373 18.5452 9.7826 53.715
4 0 19.4052 9.2906 51.6079 19.3064 7.7329 51.664 19.6037 7.1909 50.8927 19.5343 9.0168 51.2685
4 0 19.3601 3.1265 51.0056 19.924 3.9884 49.7603 19.6124 6.0019 50.735 19.3043 5.053 51.3603
3 0 19.6037 7.1909 50.8927 19.6661 6.6365 50.6802 19.5343 9.0168 51.2685
3 0 19.6124 6.0019 50.735 19.924 3.9884 49.7603 19.6661 6.6365 50.6802
3 0 15.7915 -24.2629 31.9216 16.1812 -23.4489 31.9418 16.401 -23.703 37.304
3 0 17.3533 -21.2132 33.5976 17.3749 -21.1843 33.7199 16.5552 -22.6956 32.1708
4 0 19.3274 8.326 47.751 19.3309 7.7065 46.9991 19.2152 7.8937 46.9641 19.2039 8.1498 47.2524
4 0 19.6453 -8.099 31.9052 19.7261 -7.23 34.625 19.6783 -8.2528 34.0267 19.6536 -8.5357 33.2292
4 0 16.6837 6.2356 10.4532 16.1637 7.2629 9.9626 14.8011 9.5178 10.9488 16.9832 5.5229 11.3644
3 0 15.8032 7.9325 9.844 14.8011 9.5178 10.9488 16.1637 7.2629 9.9626
4 0 14.9887 9.2938 10.3635 14.8011 9.5178 10.9488 15.8032 7.9325 9.844 15.2052 8.9591 10.085
3 0 15.9935 -19.2613 -42.7064 15.8349 -18.8709 -45.0561 16.1714 -18.2323 -43.0006
4 0 15.8349 -18.8709 -45.0561 15.9935 -19.2613 -42.7064 15.8206 -20.138 -42.6667 15.5347 -20.4196 -44.9349
4 0 15.2933 -21.3941 -45.3777 15.5347 -20.4196 -44.9349 15.8206 -20.138 -42.6667 15.5481 -21.3947 -42.8547
3 0 14.9896 -23.5854 -44.0077 15.2933 -21.3941 -45.3777 15.5481 -21.3947 -42.8547
4 0 14.7982 -24.3918 -44.2921 14.6158 -24.8709 -45.1401 14.5717 -24.2424 -46.8323 14.9896 -23.5854 -44.0077
4 0 14.6519 -23.436 -47.6489 15.1598 -21.3279 -46.8314 14.5717 -24.2424 -46.8323 14.6045 -23.7902 -47.4111
4 0 14.9896 -23.5854 -44.0077 14.5717 -24.2424 -46.8323 15.1598 -21.3279 -46.8314 15.2933 -21.3941 -45.3777
4 0 16.3361 -16.4457 -44.9383 16.1714 -18.2323 -43.0006 15.8349 -18.8709 -45.0561 15.9254 -18.1502 -45.5992
4 0 15.5752 -2.5546 -44.675 16.4793 -2.7052 -43.7099 16.8987 -4.1244 -43.2979 16.1892 -4.6938 -44.0735
4 0 15.1011 -5.1919 -45.2531 14.3489 -5.2148 -46.06 13.9816 -5.051 -46.4494 14.6492 -3.5253 -45.6933
4 0 14.6492 -3.5253 -45.6933 13.9816 -5.051 -46.4494 13.351 -4.2034 -47.1028 14.2467 -3.0523 -46.1123
4 0 14.2467 -3.0523 -46.1123 13.351 -4.2034 -47.1028 13.0088 -2.3875 -47.4216 14.1646 -2.7373 -46.192
4 0 14.4546 -1.516 -45.8487 14.1646 -2.7373 -46.192 13.0088 -2.3875 -47.4216 13.1683 -0.9307 -47.2121
3 0 13.6652 -0.5068 -46.6682 14.4546 -1.516 -45.8487 13.1683 -0.9307 -47.2121
4 0 14.4289 -1.0745 -45.8646 14.4546 -1.516 -45.8487 13.6652 -0.5068 -46.6682 14.1048 -0.586 -46.1991
3 0 15.1821 -3.2276 -45.1143 15.5752 -2.5546 -44.675 16.1892 -4.6938 -44.0735
4 0 16.9776 -3.9578 -43.209 16.8987 -4.1244 -43.2979 16.4793 -2.7052 -43.7099 16.8028 -3.0019 -43.371
4 0 16.1892 -4.6938 -44.0735 15.1011 -5.1919 -45.2531 14.6492 -3.5253 -45.6933 15.1821 -3.2276 -45.1143
3 0 12.7569 11.4499 -24.7382 13.6233 10.9676 -21.9829 14.0044 10.5933 -22.0501
3 0 12.3957 11.7847 -24.8323 12.1379 12.0552 -24.6501 12.7569 11.4499 -24.7382
4 0 12.1379 12.0552 -24.6501 12.1076 12.2313 -23.4893 12.3428 12.0856 -22.8581 12.7569 11.4499 -24.7382
4 0 13.6233 10.9676 -21.9829 12.7569 11.4499 -24.7382 12.3428 12.0856 -22.8581 13.1509 11.404 -22.1168
4 0 17.7358 -5.4802 53.7196 17.686 -5.4944 53.835 18.56 -8.7671 51.2982 18.0885 -5.6979 52.8565
3 0 18.7256 -8.7391 50.9118 18.874 -7.7725 50.7028 18.56 -8.7671 51.2982
4 0 18.0885 -5.6979 52.8565 18.56 -8.7671 51.2982 18.874 -7.7725 50.7028 18.791 -7.3836 50.955
4 0 14.4263 -25.4314 31.3816 13.7894 -25.9563 33.8507 12.0736 -27.4164 34.33 14.3356 -25.5105 31.1558
4 0 14.3425 -25.4839 33.9353 13.7894 -25.9563 33.8507 14.4263 -25.4314 31.3816 14.9008 -25.0227 31.9028
4 0 12.972 -26.6438 35.1714 12.6359 -26.9293 35.3217 12.1226 -27.3674 35.2872 12.0736 -27.4164 34.33
3 0 12.972 -26.6438 35.1714 12.0736 -27.4164 34.33 13.7894 -25.9563 33.8507
4 0 15.7942 -24.236 35.2363 14.3425 -25.4839 33.9353 14.9008 -25.0227 31.9028 15.7915 -24.2629 31.9216
3 0 15.7625 -24.2475 37.3241 15.9631 -24.0794 36.926 16.401 -23.703 37.304
3 0 15.9631 -24.0794 36.926 15.995 -24.0609 35.7424 16.401 -23.703 37.304
3 0 16.401 -23.703 37.304 15.995 -24.0609 35.7424 15.7915 -24.2629 31.9216
4 0 13.3041 -26.344 37.4017 11.685 -27.7247 37.4527 12.2208 -27.2734 36.6678 13.1612 -26.4685 37.0386
4 0 16.879 -22.3724 37.4227 16.6777 -22.9103 39.4008 16.5255 -23.3276 39.9192 16.401 -23.703 37.304
4 0 18.6489 0.1981 37.9895 18.081 1.747 36.856 18.1832 2.1429 37.5733 18.2833 2.0138 37.8825
4 0 18.081 1.747 36.856 18.6489 0.1981 37.9895 19.0384 -1.1291 38.5654 19.3968 -4.2341 37.6622
3 0 19.2213 -1.8888 38.7323 19.3968 -4.2341 37.6622 19.0384 -1.1291 38.5654
3 0 16.1244 13.7968 61.8286 16.3722 13.5278 61.0136 16.0662 14.2337 62.2023
4 0 16.9142 13.3379 59.426 17.765 16.1234 58.444 16.3668 16.0342 62.2407 16.3722 13.5278 61.0136
3 0 17.3276 13.4589 58.3454 17.4904 13.8507 58.0882 16.9142 13.3379 59.426
4 0 17.4904 13.8507 58.0882 17.625 14.4961 58.0331 17.765 16.1234 58.444 16.9142 13.3379 59.426
4 0 16.3668 16.0342 62.2407 17.765 16.1234 58.444 17.7481 16.8933 58.8674 16.8358 17.2063 61.5179
4 0 17.2108 17.7551 60.7543 16.8358 17.2063 61.5179 17.7481 16.8933 58.8674 17.6571 17.4926 59.4078
3 0 17.481 17.8152 60.0439 17.2108 17.7551 60.7543 17.6571 17.4926 59.4078
4 0 17.4922 5.7184 -15.6209 17.83 4.9482 -14.6428 18.355 3.7511 -16.0362 17.928 4.7247 -16.4681
4 0 17.4613 5.7889 -15.9561 17.4922 5.7184 -15.6209 17.928 4.7247 -16.4681 17.5272 5.6386 -16.2496
3 0 18.3536 3.7543 -14.5507 18.4739 3.4799 -15.4082 18.0187 4.5178 -14.4766
3 0 13.5479 -19.2008 -52.9172 13.112 -18.21 -51.326 13.4085 -19.5266 -52.0019
3 0 17.8237 9.9812 -35.7776 18.101 9.3661 -37.8372 18.1255 9.3708 -38.1642
3 0 17.8473 9.8048 -35.6476 17.9552 9.2253 -35.6127 17.8237 9.9812 -35.7776
3 0 17.8237 9.9812 -35.7776 18.1188 8.7318 -36.5065 18.101 9.3661 -37.8372
3 0 18.0714 8.7756 -36.004 18.1188 8.7318 -36.5065 18.0179 8.9665 -35.7842
4 0 18.9981 4.0736 -36.3775 19.2144 2.9717 -36.4541 19.339 2.437 -36.744 18.9402 5.1957 -38.3918
4 0 18.5259 7.0053 -37.5047 18.6065 5.7533 -35.463 18.9981 4.0736 -36.3775 18.9402 5.1957 -38.3918
4 0 18.4084 6.9729 -35.9107 18.6065 5.7533 -35.463 18.5259 7.0053 -37.5047 18.4461 7.1118 -36.7388
4 0 18.868 4.4582 -35.648 18.9981 4.0736 -36.3775 18.6065 5.7533 -35.463 18.7598 4.9229 -35.396
3 0 17.9249 10.2738 -41.2627 18.4047 8.9789 -40.5431 18.367 8.9391 -40.6092
4 0 18.4047 8.9789 -40.5431 17.9249 10.2738 -41.2627 17.9583 11.6096 -41.1164 18.14 11.8895 -40.7918
4 0 18.766 -14.5843 48.5329 19.411 -11.954 48.828 16.6019 -15.1505 52.4044 17.9428 -15.4973 49.5948
4 0 16.6935 -15.5636 51.9831 16.8463 -15.7485 51.5775 17.3193 -15.8199 50.6164 16.6019 -15.1505 52.4044
3 0 17.9428 -15.4973 49.5948 16.6019 -15.1505 52.4044 17.3193 -15.8199 50.6164
4 0 19.7261 -7.23 34.625 19.6453 -8.099 31.9052 19.273 -7.4142 31.1541 18.7794 -5.2837 33.2312
4 0 18.7794 -5.2837 33.2312 19.273 -7.4142 31.1541 18.8508 -6.5034 30.6403 18.5659 -5.0264 32.4605
4 0 18.0807 -4.0603 31.6677 18.5659 -5.0264 32.4605 18.8508 -6.5034 30.6403 18.4362 -5.4699 30.4852
4 0 17.9659 -3.9538 31.1728 18.0807 -4.0603 31.6677 18.4362 -5.4699 30.4852 18.0091 -4.2039 30.8311
4 0 18.8282 -5.0681 34.0976 18.719 -4.4245 34.9897 19.2194 -5.2177 36.3186 19.3229 -5.8419 35.4372
4 0 18.7794 -5.2837 33.2312 18.8282 -5.0681 34.0976 19.3229 -5.8419 35.4372 19.7261 -7.23 34.625
4 0 18.5596 -16.3955 -25.6003 18.3832 -16.209 -27.4288 19.0004 -13.7864 -26.9568 18.8522 -15.4516 -24.9825
4 0 18.3832 -16.209 -27.4288 18.5596 -16.3955 -25.6003 18.3572 -16.7796 -26.5461 18.3399 -16.686 -26.8708
4 0 18.9228 -12.6537 -29.7858 19.0835 -10.9271 -31.7747 19.3127 -10.2792 -31.115 19.1704 -11.8775 -29.2199
4 0 18.0492 -15.3927 -31.7847 18.7217 -13.2064 -30.3959 18.3729 -15.2565 -29.3506 18.0456 -15.4935 -31.6203
4 0 17.9532 -16.3828 -30.6757 18.3729 -15.2565 -29.3506 18.1973 -15.9465 -29.4832 18.0399 -16.3508 -30.0157
3 0 18.3729 -15.2565 -29.3506 17.9532 -16.3828 -30.6757 18.0456 -15.4935 -31.6203
3 0 18.7217 -13.2064 -30.3959 19.0835 -10.9271 -31.7747 18.9228 -12.6537 -29.7858
4 0 18.6042 -12.2308 -33.1022 19.0835 -10.9271 -31.7747 18.7217 -13.2064 -30.3959 18.0492 -15.3927 -31.7847
4 0 16.3189 6.7392 12.5262 16.0574 7.2179 13.9855 16.9535 5.5773 15.3526 17.2743 4.9901 13.0902
3 0 14.8011 9.5178 10.9488 15.7902 7.7071 11.3146 16.9832 5.5229 11.3644
4 0 15.7902 7.7071 11.3146 14.8011 9.5178 10.9488 14.9847 9.1818 11.585 15.2593 8.6789 11.693
4 0 16.3201 6.7369 11.961 16.3189 6.7392 12.5262 17.2743 4.9901 13.0902 16.9832 5.5229 11.3644
3 0 15.9803 7.3589 13.1834 16.0574 7.2179 13.9855 16.3189 6.7392 12.5262
3 0 15.7902 7.7071 11.3146 16.0879 7.1621 11.5311 16.9832 5.5229 11.3644
4 0 16.9776 -3.9578 -43.209 16.8028 -3.0019 -43.371 16.9639 -3.1732 -43.1754 17.0351 -3.8005 -43.125
4 0 18.3026 3.5351 -41.0213 17.8172 3.6911 -41.6339 17.3529 4.0561 -42.2058 18.3807 6.9035 -40.7018
4 0 16.6992 6.6697 -42.8746 18.3807 6.9035 -40.7018 17.3529 4.0561 -42.2058 17.0701 4.4787 -42.5412
4 0 18.3807 6.9035 -40.7018 16.6992 6.6697 -42.8746 16.3431 7.9759 -43.2464 18.2031 8.6591 -40.8154
3 0 16.345 8.4733 -43.2116 16.8162 9.3337 -42.5511 16.3431 7.9759 -43.2464
3 0 18.2661 8.8719 -40.7208 18.2031 8.6591 -40.8154 17.1593 9.6074 -42.093
3 0 15.0638 10.8871 -6.1588 14.1808 11.7593 -5.5796 14.8064 11.3489 -2.4804
4 0 13.6322 12.4097 -3.3859 13.908 12.1732 -2.9583 13.8 12.1504 -5.0763 13.5129 12.4818 -4.0811
3 0 14.7742 -23.5243 49.1121 13.0464 -24.2802 50.7003 11.9022 -25.2987 51.0555
3 0 14.9486 -23.33 49.1105 15.0222 -22.9509 49.5093 14.7742 -23.5243 49.1121
4 0 12.9447 -22.5728 53.1496 13.1559 -23.9648 50.9594 15.0222 -22.9509 49.5093 14.7306 -22.2674 50.868
4 0 14.4179 -21.3828 52.5288 12.9447 -22.5728 53.1496 14.7306 -22.2674 50.868 14.8096 -21.5555 51.7062
4 0 11.5622 -23.1165 54.5025 12.5075 -22.6534 53.7 13.2282 -21.635 53.9831 12.5733 -21.0588 55.7451
4 0 11.5622 -23.1165 54.5025 12.5733 -21.0588 55.7451 12.0721 -21.2783 56.2055 11.3297 -23.0944 54.8826
4 0 12.5075 -22.6534 53.7 12.9447 -22.5728 53.1496 14.4179 -21.3828 52.5288 13.2282 -21.635 53.9831
4 0 13.0464 -24.2802 50.7003 11.6925 -24.0473 53.0543 11.3398 -24.5342 52.9313 11.3424 -24.7858 52.5891
3 0 11.9022 -25.2987 51.0555 13.0464 -24.2802 50.7003 11.3424 -24.7858 52.5891
4 0 13.0464 -24.2802 50.7003 14.7742 -23.5243 49.1121 15.0222 -22.9509 49.5093 13.1559 -23.9648 50.9594
4 0 11.6924 -21.5664 56.3905 11.2158 -22.2015 56.2549 11.3297 -23.0944 54.8826 12.0721 -21.2783 56.2055
4 0 17.5551 6.9673 55.7514 18.5452 9.7826 53.715 18.4822 9.8258 53.8998 18.2417 9.2268 54.4156
4 0 17.5284 7.3496 55.9204 17.5551 6.9673 55.7514 18.2417 9.2268 54.4156 17.7154 8.4942 55.6882
4 0 19.4311 -12.6103 46.555 19.4486 -11.9463 46.8709 19.4604 -11.2629 47.5237 19.411 -11.954 48.828
3 0 19.4001 -7.9357 -29.738 19.4504 -7.8714 -28.6419 19.4142 -9.9112 -30.8083
4 0 19.5166 -7.6673 -27.1161 19.555 -8.2698 -26.7291 19.4504 -7.8714 -28.6419 19.488 -7.4717 -27.5809
4 0 19.555 -8.2698 -26.7291 19.6908 -10.8973 -25.706 19.4142 -9.9112 -30.8083 19.4504 -7.8714 -28.6419
4 0 14.4655 -22.7673 -48.0976 14.8069 -21.4695 -47.5359 15.1598 -21.3279 -46.8314 14.6519 -23.436 -47.6489
4 0 14.8069 -21.4695 -47.5359 14.4655 -22.7673 -48.0976 14.4651 -22.2677 -48.1501 14.575 -21.8233 -47.9721
3 0 15.406 -17.44 -46.7309 16.3361 -16.4457 -44.9383 15.9254 -18.1502 -45.5992
4 0 15.0172 -17.5056 -47.5164 15.6273 -13.7496 -46.6608 16.3361 -16.4457 -44.9383 15.406 -17.44 -46.7309
4 0 15.6273 -13.7496 -46.6608 15.0172 -17.5056 -47.5164 14.0864 -18.5799 -49.3022 13.112 -18.21 -51.326
4 0 13.9559 -21.4475 -49.2723 13.8011 -21.5504 -49.5772 13.5138 -21.3091 -50.1874 14.1591 -20.897 -48.915
3 0 13.3084 -20.8514 -50.6533 14.1591 -20.897 -48.915 13.5138 -21.3091 -50.1874
3 0 14.0044 10.5933 -22.0501 13.0769 11.0542 -24.6268 12.7569 11.4499 -24.7382
4 0 14.478 9.7449 -22.7481 14.3195 9.8186 -23.205 14.0044 10.5933 -22.0501 14.315 10.1523 -22.1292
4 0 14.3195 9.8186 -23.205 13.7851 10.3052 -23.9636 13.0769 11.0542 -24.6268 14.0044 10.5933 -22.0501
4 0 16.9763 -6.3091 54.6675 17.5353 -8.8816 52.8755 18.56 -8.7671 51.2982 17.686 -5.4944 53.835
3 0 17.2472 -5.5758 54.4989 16.9763 -6.3091 54.6675 17.686 -5.4944 53.835
3 0 16.5935 -8.1349 54.6265 17.5353 -8.8816 52.8755 16.9763 -6.3091 54.6675
4 0 17.5353 -8.8816 52.8755 16.5935 -8.1349 54.6265 16.0799 -8.8839 55.1726 17.139 -9.86 53.1553
3 0 18.8624 -9.8998 50.4202 18.5286 -11.1407 50.5087 19.411 -11.954 48.828
4 0 18.5404 -10.7063 50.6436 18.5286 -11.1407 50.5087 18.8624 -9.8998 50.4202 18.6374 -10.3278 50.6243
3 0 12.0736 -27.4164 34.33 12.0201 -27.4463 33.7458 14.3356 -25.5105 31.1558
4 0 12.0201 -27.4463 33.7458 12.1971 -27.266 32.1434 12.6711 -26.848 30.6698 14.3356 -25.5105 31.1558
4 0 14.3356 -25.5105 31.1558 12.6711 -26.848 30.6698 13.041 -26.536 30.1388 13.9039 -25.8386 30.2191
3 0 13.511 -26.1481 29.8292 13.9039 -25.8386 30.2191 13.041 -26.536 30.1388
4 0 17.3078 -21.3174 34.7721 16.9782 -22.1734 35.9121 16.401 -23.703 37.304 17.3749 -21.1843 33.7199
3 0 17.4076 -21.0691 34.2087 17.3078 -21.3174 34.7721 17.3749 -21.1843 33.7199
4 0 16.5772 7.5501 -3.8652 15.7733 9.2637 -2.8152 15.6944 9.3888 -1.0484 16.3213 8.021 -0.6569
4 0 17.3158 5.9328 -3.1785 16.5772 7.5501 -3.8652 16.3213 8.021 -0.6569 16.6419 7.3276 -0.6925
4 0 17.2705 6.04 -3.5245 17.0798 6.4595 -3.7797 16.5772 7.5501 -3.8652 17.3158 5.9328 -3.1785
4 0 15.0991 10.7053 -2.1073 15.6944 9.3888 -1.0484 15.7733 9.2637 -2.8152 15.4068 10.0552 -2.7308
4 0 15.0638 10.8871 -6.1588 14.8064 11.3489 -2.4804 15.3692 10.1512 -3.2891 15.4857 9.9192 -4.0746
3 0 15.374 10.2423 -7.1919 15.9182 9.0542 -7.4265 15.6169 9.7227 -7.6048
4 0 16.1837 8.4654 -7 15.9182 9.0542 -7.4265 15.374 10.2423 -7.1919 15.0638 10.8871 -6.1588
4 0 16.1837 8.4654 -7 16.2185 8.3586 -5.084 16.3867 8.0098 -5.6717 16.3588 8.077 -6.3926
4 0 16.1837 8.4654 -7 15.0638 10.8871 -6.1588 15.4857 9.9192 -4.0746 16.2185 8.3586 -5.084
4 0 18.6483 4.9632 -39.5963 18.3026 3.5351 -41.0213 18.3807 6.9035 -40.7018 18.523 6.2792 -40.1142
3 0 19.1557 2.2547 -37.5 19.339 2.437 -36.744 19.2974 2.2901 -36.9155
4 0 18.7575 3.057 -39.144 18.8793 4.6841 -38.6427 19.339 2.437 -36.744 19.1557 2.2547 -37.5
3 0 18.6483 4.9632 -39.5963 18.762 4.5343 -39.1266 18.3026 3.5351 -41.0213
3 0 18.7575 3.057 -39.144 18.8069 4.4751 -38.9412 18.8793 4.6841 -38.6427
3 0 18.9402 5.1957 -38.3918 19.339 2.437 -36.744 18.8793 4.6841 -38.6427
3 0 18.14 11.8895 -40.7918 18.3784 9.1355 -40.2417 18.4047 8.9789 -40.5431
4 0 18.0243 12.6344 -39.6063 18.3784 9.1355 -40.2417 18.14 11.8895 -40.7918 18.0846 12.2891 -40.3286
3 0 18.766 -14.5843 48.5329 19.0211 -13.7743 47.9378 19.411 -11.954 48.828
4 0 19.5571 6.1703 47.9009 19.3879 7.2142 47.0911 19.3309 7.7065 46.9991 19.3274 8.326 47.751
4 0 19.7288 4.8971 48.4475 19.5571 8.4508 50.8312 19.5343 9.0168 51.2685 19.924 3.9884 49.7603
3 0 19.6777 5.1975 48.1835 19.5571 6.1703 47.9009 19.7288 4.8971 48.4475
4 0 19.391 -4.327 37.5765 19.2194 -5.2177 36.3186 18.719 -4.4245 34.9897 18.7188 -3.2015 35.8328
4 0 19.391 -4.327 37.5765 18.7188 -3.2015 35.8328 18.5625 -2.3062 35.8645 19.3968 -4.2341 37.6622
4 0 18.5625 -2.3062 35.8645 18.3407 -1.7306 35.4302 17.7319 0.9104 34.97 18.081 1.747 36.856
3 0 19.3968 -4.2341 37.6622 18.5625 -2.3062 35.8645 18.081 1.747 36.856
4 0 17.638 -0.8048 33.4345 17.5964 -0.5292 33.4685 17.6208 0.0865 33.9848 17.7285 -1.0615 33.5967
4 0 17.7285 -1.0615 33.5967 17.6208 0.0865 33.9848 17.7319 0.9104 34.97 18.3407 -1.7306 35.4302
3 16 16.345 8.4733 -43.2116 16.3431 7.9759 -43.2464 14.129 11.621 -45.85
3 16 18.2661 8.8719 -40.7208 18.367 8.9391 -40.6092 18.424 8.767 -40.525
4 16 17.396 20.071 -41.491 18.14 11.8895 -40.7918 17.9583 11.6096 -41.1164 14.83 19.617 -45.837
3 16 17.396 20.071 -41.491 14.83 19.617 -45.837 16.832 26.878 -42.798
3 16 17.396 20.071 -41.491 16.832 26.878 -42.798 17.336 22.305 -37.346
3 16 16.832 26.878 -42.798 16.444 28.774 -39.329 17.336 22.305 -37.346
3 16 16.832 26.878 -42.798 16.289 32.886 -44.654 16.444 28.774 -39.329
3 16 16.289 32.886 -44.654 15.576 34.525 -40.741 16.444 28.774 -39.329
3 16 17.9658 12.4688 -37.6789 17.503 16.208 -34.804 17.9203 12.3462 -37.2585
4 16 18.4461 7.1118 -36.7388 18.5259 7.0053 -37.5047 18.101 9.3661 -37.8372 18.1188 8.7318 -36.5065
4 16 18.8793 4.6841 -38.6427 18.6483 4.9632 -39.5963 18.523 6.2792 -40.1142 18.9402 5.1957 -38.3918
4 16 14.129 11.621 -45.85 13.1683 -0.9307 -47.2121 13.0088 -2.3875 -47.4216 10.383 -3.21 -50.258
3 16 16.468 -33.139 -59.836 15.861 -24.459 -61.362 13.772 -27.088 -49.065
3 16 15.9935 -19.2613 -42.7064 15.828 -21.686 -39.502 15.8206 -20.138 -42.6667
4 16 14.7982 -24.3918 -44.2921 15.828 -21.686 -39.502 12.596 -30.076 -37.849 14.5892 -24.9362 -44.484
3 16 12.596 -30.076 -37.849 11.184 -34.957 -46.983 13.772 -27.088 -49.065
3 16 11.184 -34.957 -46.983 12.596 -30.076 -37.849 7.101 -35.94 -36.677
4 16 7.98 -33.784 -29.622 7.101 -35.94 -36.677 12.596 -30.076 -37.849 11.1038 -31.2182 -34.8854
3 16 7.101 -35.94 -36.677 7.98 -33.784 -29.622 0.047 -36.858 -29.323
3 16 7.101 -35.94 -36.677 0.047 -36.858 -29.323 -0.066 -38.922 -36.102
3 16 10.4873 -31.5944 -33.1463 10.5535 -31.3847 -32.421 7.98 -33.784 -29.622
4 16 13.678 -27.558 -30.9 13.2786 -28.4697 -33.927 13.142 -28.7496 -35.7805 15.828 -21.686 -39.502
3 16 -0.066 -38.922 -36.102 6.143 -40.411 -44.756 7.101 -35.94 -36.677
3 16 7.101 -35.94 -36.677 6.143 -40.411 -44.756 11.184 -34.957 -46.983
3 16 -0.066 -38.922 -36.102 0.091 -42.446 -44.093 6.143 -40.411 -44.756
3 16 13.678 -27.558 -30.9 15.828 -21.686 -39.502 17.095 -19.512 -31.794
4 16 16.1714 -18.2323 -43.0006 17.999 -9.544 -42.262 17.095 -19.512 -31.794 15.828 -21.686 -39.502
4 16 17.095 -19.512 -31.794 17.999 -9.544 -42.262 18.3441 -13.2096 -33.3534 18.1221 -14.3628 -33.019
3 16 19.362 -9.725 -31.772 17.999 -9.544 -42.262 19.339 2.437 -36.744
3 16 19.362 -9.725 -31.772 19.339 2.437 -36.744 19.17 -0.837 -29.647
4 16 19.339 2.437 -36.744 19.2144 2.9717 -36.4541 18.8131 4.6046 -35.3704 19.17 -0.837 -29.647
3 16 17.365 10.909 -32.15 16.058 6.24 -27.291 19.17 -0.837 -29.647
3 16 6.143 -40.411 -44.756 0.091 -42.446 -44.093 0 -45.473 -49.09
3 16 6.143 -40.411 -44.756 0 -45.473 -49.09 6.498 -43.367 -50.657
3 16 6.143 -40.411 -44.756 6.498 -43.367 -50.657 12.657 -39.867 -55.949
3 16 12.657 -39.867 -55.949 11.184 -34.957 -46.983 6.143 -40.411 -44.756
3 16 20 0 -20 16.058 6.24 -27.291 15.936 9.267 -17.888
3 16 20 0 -20 19.17 -0.837 -29.647 16.058 6.24 -27.291
3 16 20 -12 -20 19.17 -0.837 -29.647 20 0 -20
3 16 19.5166 -7.6673 -27.1161 19.488 -7.4717 -27.5809 19.17 -0.837 -29.647
4 16 19.0004 -13.7864 -26.9568 18.3832 -16.209 -27.4288 18.1973 -15.9465 -29.4832 18.3729 -15.2565 -29.3506
3 16 18.478 -19.654 -20 14.142 -26.142 -20 13.678 -27.558 -30.9
3 16 13.678 -27.558 -30.9 17.095 -19.512 -31.794 18.478 -19.654 -20
3 16 14.142 -26.142 -20 7.654 -30.478 -20 7.98 -33.784 -29.622
3 16 7.98 -33.784 -29.622 13.678 -27.558 -30.9 14.142 -26.142 -20
3 16 0.047 -36.858 -29.323 7.98 -33.784 -29.622 7.654 -30.478 -20
3 16 0.047 -36.858 -29.323 7.654 -30.478 -20 0 -32 -20
3 16 20 0 20 13.024 9.423 19.927 12.274 3.786 30.498
3 16 20 0 20 12.274 3.786 30.498 16.785 -1.359 29.854
3 16 19.56 -9.017 29.032 20 0 20 16.785 -1.359 29.854
3 16 19.56 -9.017 29.032 20 -12 20 20 0 20
3 16 20 -12 20 19.56 -9.017 29.032 18.603 -18.008 29.2
3 16 18.603 -18.008 29.2 18.478 -19.654 20 20 -12 20
3 16 18.478 -19.654 20 18.603 -18.008 29.2 15.517 -24.515 29.498
3 16 18.478 -19.654 20 15.517 -24.515 29.498 14.142 -26.142 20
3 16 14.142 -26.142 20 15.517 -24.515 29.498 9.395 -29.488 30.035
3 16 9.395 -29.488 30.035 7.654 -30.478 20 14.142 -26.142 20
3 16 7.654 -30.478 20 9.395 -29.488 30.035 0.577 -32.78 30.305
3 16 7.654 -30.478 20 0.577 -32.78 30.305 0 -32 20
3 16 18.055 17.904 58.516 13.865 25.845 60.351 16.528 23.54 63.998
3 16 18.055 17.904 58.516 14.646 21.625 54.825 13.865 25.845 60.351
3 16 18.055 17.904 58.516 16.528 23.54 63.998 14.672 20.119 68.829
3 16 18.055 17.904 58.516 14.672 20.119 68.829 17.481 17.8152 60.0439
3 16 19.56 -9.017 29.032 19.506 -15.059 38.075 18.603 -18.008 29.2
3 16 19.506 -15.059 38.075 19.6536 -8.5357 33.2292 19.6783 -8.2528 34.0267
4 16 20.414 -2.334 47.864 19.634 -9.8154 48.6137 19.4915 -11.0113 47.7641 19.824 -6.176 37.924
3 16 19.3417 -2.5208 38.7415 19.2213 -1.8888 38.7323 19.337 6.613 45.672
3 16 16.785 -1.359 29.854 12.274 3.786 30.498 13.647 7.443 36.103
4 16 17.6767 2.2664 36.7873 17.7319 0.9104 34.97 16.785 -1.359 29.854 13.647 7.443 36.103
3 16 12.274 3.786 30.498 6.708 6.731 31.519 7.928 10.193 35.998
3 16 7.928 10.193 35.998 13.647 7.443 36.103 12.274 3.786 30.498
3 16 14.895 12.632 42.894 13.647 7.443 36.103 7.928 10.193 35.998
3 16 14.895 12.632 42.894 7.928 10.193 35.998 8.467 14.538 41.647
3 16 8.467 14.538 41.647 8.606 18.68 47.454 15.108 17.003 48.577
3 16 15.108 17.003 48.577 14.895 12.632 42.894 8.467 14.538 41.647
3 16 19.337 6.613 45.672 20.414 -2.334 47.864 19.824 -6.176 37.924
3 16 15.108 17.003 48.577 8.606 18.68 47.454 9.067 22.834 53.831
3 16 15.108 17.003 48.577 9.067 22.834 53.831 14.646 21.625 54.825
4 16 19.307 11.949 52.148 15.108 17.003 48.577 14.646 21.625 54.825 18.055 17.904 58.516
4 16 19.506 -15.059 38.075 16.895 -22.214 47.677 16.5255 -23.3276 39.9192 16.6777 -22.9103 39.4008
4 16 18.603 -18.008 29.2 19.506 -15.059 38.075 17.3078 -21.3174 34.7721 17.4076 -21.0691 34.2087
4 16 18.603 -18.008 29.2 16.5552 -22.6956 32.1708 16.1812 -23.4489 31.9418 15.517 -24.515 29.498
3 16 12.579 -19.728 57.526 11.6924 -21.5664 56.3905 12.0721 -21.2783 56.2055
3 16 12.8506 -25.4634 48.9656 12.3904 -25.6195 49.5241 9.922 -29.332 46.974
4 16 15.7915 -24.2629 31.9216 14.9008 -25.0227 31.9028 14.4263 -25.4314 31.3816 15.517 -24.515 29.498
3 16 12.6711 -26.848 30.6698 12.1971 -27.266 32.1434 9.395 -29.488 30.035
3 16 9.922 -29.332 46.974 7.632 -27.937 53.945 1.035 -30.757 51.749
3 16 9.922 -29.332 46.974 1.035 -30.757 51.749 0.856 -32.607 45.52
3 16 9.806 -29.327 37.512 9.922 -29.332 46.974 0.856 -32.607 45.52
3 16 9.806 -29.327 37.512 0.856 -32.607 45.52 0.883 -32.738 36.944
4 16 9.806 -29.327 37.512 0.883 -32.738 36.944 0.577 -32.78 30.305 9.395 -29.488 30.035
3 16 19.307 11.949 52.148 19.4052 9.2906 51.6079 19.5343 9.0168 51.2685
3 16 14.637 25.956 -46.928 13.946 31.328 -48.394 16.289 32.886 -44.654
3 16 14.637 25.956 -46.928 16.289 32.886 -44.654 16.832 26.878 -42.798
3 16 16.832 26.878 -42.798 14.83 19.617 -45.837 14.637 25.956 -46.928
3 16 17.396 20.071 -41.491 18.0243 12.6344 -39.6063 18.0846 12.2891 -40.3286
3 16 17.396 20.071 -41.491 17.336 22.305 -37.346 17.503 16.208 -34.804
4 16 19.1704 -11.8775 -29.2199 19.4111 -11.3434 -27.7676 19.3575 -12.0512 -26.8269 19.1378 -13.153 -26.8333
3 16 11.484 12.324 -27.481 16.058 6.24 -27.291 17.365 10.909 -32.15
3 16 11.945 12.965 -18.931 12.3428 12.0856 -22.8581 12.1076 12.2313 -23.4893
3 16 16.058 6.24 -27.291 14.3195 9.8186 -23.205 14.478 9.7449 -22.7481
4 16 11.388 14.234 -8.552 15.211 10.623 -8.262 15.936 9.267 -17.888 11.945 12.965 -18.931
3 16 11.388 14.234 -8.552 13.5129 12.4818 -4.0811 13.8 12.1504 -5.0763
3 16 11.388 14.234 -8.552 8.351 15.997 0.959 14.536 11.834 1.383
3 16 8.351 15.997 0.959 7.915 14.588 10.787 13.962 11.054 10.789
3 16 13.024 9.423 19.927 7.915 14.588 10.787 6.915 12.341 20.082
3 16 13.024 9.423 19.927 13.962 11.054 10.789 7.915 14.588 10.787
3 16 13.962 11.054 10.789 14.536 11.834 1.383 8.351 15.997 0.959
3 16 13.024 9.423 19.927 6.915 12.341 20.082 6.708 6.731 31.519
3 16 13.024 9.423 19.927 6.708 6.731 31.519 12.274 3.786 30.498
3 16 15.936 9.267 -17.888 17.4922 5.7184 -15.6209 17.4613 5.7889 -15.9561
4 16 20 0 11.939 14.536 11.834 1.383 16.1637 7.2629 9.9626 16.6837 6.2356 10.4532
3 16 13.962 11.054 10.789 13.8131 10.0982 14.4391 13.9191 10.1614 13.789
4 16 20 0 20 20 0 11.939 17.2743 4.9901 13.0902 16.9535 5.5773 15.3526
4 16 12.0695 -16.9111 -51.8466 7.86 -11.666 -53.949 10.383 -3.21 -50.258 12.8709 -16.885 -51.2317
3 16 14.5717 -24.2424 -46.8323 14.6158 -24.8709 -45.1401 13.772 -27.088 -49.065
3 16 20.414 -2.334 47.864 18.0885 -5.6979 52.8565 18.791 -7.3836 50.955
4 16 19.307 11.949 52.148 16.9142 13.3379 59.426 16.3722 13.5278 61.0136 14.934 12.077 64.269
3 16 19.2144 2.9717 -36.4541 18.9981 4.0736 -36.3775 18.868 4.4582 -35.648
3 16 18.367 8.9391 -40.6092 18.4047 8.9789 -40.5431 18.424 8.767 -40.525
3 16 15.1977 -24.5692 40.9794 16.4399 -23.405 40.0154 16.895 -22.214 47.677
3 16 19.3127 -10.2792 -31.115 19.0835 -10.9271 -31.7747 19.362 -9.725 -31.772
4 16 12.2831 -17.9826 -52.8413 8.143 -16.847 -60.41 7.86 -11.666 -53.949 11.9845 -17.126 -52.3279
4 16 18.2661 8.8719 -40.7208 18.424 8.767 -40.525 18.3807 6.9035 -40.7018 18.2031 8.6591 -40.8154
4 16 17.6767 2.2664 36.7873 13.647 7.443 36.103 14.895 12.632 42.894 17.9249 2.2803 37.1518
4 16 12.8709 -16.885 -51.2317 10.383 -3.21 -50.258 14.0134 -14.529 -49.0107 13.7587 -15.1072 -49.5222
4 16 18.56 -8.7671 51.2982 17.139 -9.86 53.1553 18.5404 -10.7063 50.6436 18.6374 -10.3278 50.6243
3 16 19.1557 2.2547 -37.5 19.2974 2.2901 -36.9155 17.999 -9.544 -42.262
3 16 18.4047 8.9789 -40.5431 18.3784 9.1355 -40.2417 18.424 8.767 -40.525
3 16 19.391 -4.327 37.5765 19.824 -6.176 37.924 19.2194 -5.2177 36.3186
3 16 14.129 11.621 -45.85 17.1593 9.6074 -42.093 16.8162 9.3337 -42.5511
3 16 14.129 11.621 -45.85 16.8162 9.3337 -42.5511 16.345 8.4733 -43.2116
3 16 17.999 -9.544 -42.262 16.9776 -3.9578 -43.209 17.0351 -3.8005 -43.125
4 16 17.999 -9.544 -42.262 17.0351 -3.8005 -43.125 16.9639 -3.1732 -43.1754 18.3026 3.5351 -41.0213
4 16 16.9639 -3.1732 -43.1754 16.8028 -3.0019 -43.371 17.8172 3.6911 -41.6339 18.3026 3.5351 -41.0213
3 16 17.3529 4.0561 -42.2058 17.8172 3.6911 -41.6339 16.8028 -3.0019 -43.371
3 16 16.3431 7.9759 -43.2464 16.6992 6.6697 -42.8746 14.129 11.621 -45.85
4 16 16.8028 -3.0019 -43.371 14.129 11.621 -45.85 16.6992 6.6697 -42.8746 17.0701 4.4787 -42.5412
3 16 17.0701 4.4787 -42.5412 17.3529 4.0561 -42.2058 16.8028 -3.0019 -43.371
3 16 17.9249 10.2738 -41.2627 14.83 19.617 -45.837 17.9583 11.6096 -41.1164
4 16 17.9203 12.3462 -37.2585 17.503 16.208 -34.804 17.365 10.909 -32.15 17.8918 11.2449 -36.7085
3 16 17.365 10.909 -32.15 17.8237 9.9812 -35.7776 17.8918 11.2449 -36.7085
3 16 17.365 10.909 -32.15 18.7598 4.9229 -35.396 18.6065 5.7533 -35.463
3 16 17.8473 9.8048 -35.6476 17.8237 9.9812 -35.7776 17.365 10.909 -32.15
3 16 17.9552 9.2253 -35.6127 17.8473 9.8048 -35.6476 17.365 10.909 -32.15
4 16 18.6065 5.7533 -35.463 18.4084 6.9729 -35.9107 17.9552 9.2253 -35.6127 17.365 10.909 -32.15
4 16 18.4461 7.1118 -36.7388 18.1188 8.7318 -36.5065 18.0714 8.7756 -36.004 18.4084 6.9729 -35.9107
3 16 18.5259 7.0053 -37.5047 18.9402 5.1957 -38.3918 18.424 8.767 -40.525
3 16 18.4084 6.9729 -35.9107 18.0714 8.7756 -36.004 18.0179 8.9665 -35.7842
3 16 18.0179 8.9665 -35.7842 17.9552 9.2253 -35.6127 18.4084 6.9729 -35.9107
4 16 18.101 9.3661 -37.8372 18.5259 7.0053 -37.5047 18.424 8.767 -40.525 18.1255 9.3708 -38.1642
4 16 18.3807 6.9035 -40.7018 18.424 8.767 -40.525 18.9402 5.1957 -38.3918 18.523 6.2792 -40.1142
4 16 18.8069 4.4751 -38.9412 18.762 4.5343 -39.1266 18.6483 4.9632 -39.5963 18.8793 4.6841 -38.6427
3 16 14.129 11.621 -45.85 16.8028 -3.0019 -43.371 16.4793 -2.7052 -43.7099
3 16 15.1821 -3.2276 -45.1143 14.6492 -3.5253 -45.6933 14.2467 -3.0523 -46.1123
3 16 14.129 11.621 -45.85 16.4793 -2.7052 -43.7099 14.1048 -0.586 -46.1991
4 16 14.1048 -0.586 -46.1991 16.4793 -2.7052 -43.7099 15.5752 -2.5546 -44.675 14.4289 -1.0745 -45.8646
3 16 16.8987 -4.1244 -43.2979 16.9776 -3.9578 -43.209 17.999 -9.544 -42.262
3 16 16.1892 -4.6938 -44.0735 16.8987 -4.1244 -43.2979 17.999 -9.544 -42.262
4 16 14.4546 -1.516 -45.8487 15.1821 -3.2276 -45.1143 14.2467 -3.0523 -46.1123 14.1646 -2.7373 -46.192
3 16 15.1011 -5.1919 -45.2531 16.1892 -4.6938 -44.0735 17.999 -9.544 -42.262
3 16 14.3489 -5.2148 -46.06 15.1011 -5.1919 -45.2531 17.999 -9.544 -42.262
4 16 15.1821 -3.2276 -45.1143 14.4546 -1.516 -45.8487 14.4289 -1.0745 -45.8646 15.5752 -2.5546 -44.675
3 16 13.9816 -5.051 -46.4494 14.3489 -5.2148 -46.06 17.999 -9.544 -42.262
3 16 13.9816 -5.051 -46.4494 17.999 -9.544 -42.262 10.383 -3.21 -50.258
3 16 14.129 11.621 -45.85 14.1048 -0.586 -46.1991 13.6652 -0.5068 -46.6682
3 16 13.351 -4.2034 -47.1028 13.9816 -5.051 -46.4494 10.383 -3.21 -50.258
3 16 13.0088 -2.3875 -47.4216 13.351 -4.2034 -47.1028 10.383 -3.21 -50.258
3 16 14.129 11.621 -45.85 13.6652 -0.5068 -46.6682 13.1683 -0.9307 -47.2121
3 16 13.3084 -20.8514 -50.6533 13.772 -27.088 -49.065 15.861 -24.459 -61.362
4 16 13.4085 -19.5266 -52.0019 13.3084 -20.8514 -50.6533 15.861 -24.459 -61.362 13.5479 -19.2008 -52.9172
4 16 14.7982 -24.3918 -44.2921 14.9896 -23.5854 -44.0077 15.5481 -21.3947 -42.8547 15.828 -21.686 -39.502
3 16 16.1714 -18.2323 -43.0006 16.3361 -16.4457 -44.9383 17.999 -9.544 -42.262
3 16 15.9935 -19.2613 -42.7064 16.1714 -18.2323 -43.0006 15.828 -21.686 -39.502
3 16 15.828 -21.686 -39.502 15.5481 -21.3947 -42.8547 15.8206 -20.138 -42.6667
3 16 13.772 -27.088 -49.065 13.3084 -20.8514 -50.6533 13.5138 -21.3091 -50.1874
3 16 13.772 -27.088 -49.065 13.5138 -21.3091 -50.1874 13.8011 -21.5504 -49.5772
4 16 13.8011 -21.5504 -49.5772 14.4655 -22.7673 -48.0976 14.6519 -23.436 -47.6489 13.772 -27.088 -49.065
4 16 13.9559 -21.4475 -49.2723 14.4651 -22.2677 -48.1501 14.4655 -22.7673 -48.0976 13.8011 -21.5504 -49.5772
4 16 14.1591 -20.897 -48.915 14.0864 -18.5799 -49.3022 15.0172 -17.5056 -47.5164 15.1598 -21.3279 -46.8314
4 16 14.8069 -21.4695 -47.5359 14.575 -21.8233 -47.9721 13.9559 -21.4475 -49.2723 14.1591 -20.897 -48.915
3 16 14.4651 -22.2677 -48.1501 13.9559 -21.4475 -49.2723 14.575 -21.8233 -47.9721
4 16 15.9254 -18.1502 -45.5992 15.1598 -21.3279 -46.8314 15.0172 -17.5056 -47.5164 15.406 -17.44 -46.7309
3 16 14.1591 -20.897 -48.915 15.1598 -21.3279 -46.8314 14.8069 -21.4695 -47.5359
4 16 14.6158 -24.8709 -45.1401 14.5892 -24.9362 -44.484 12.596 -30.076 -37.849 13.772 -27.088 -49.065
3 16 11.184 -34.957 -46.983 12.3599 -34.5524 -49.8434 12.6626 -33.2413 -49.851
4 16 16.468 -33.139 -59.836 14.3343 -32.7109 -53.9442 13.9091 -33.6719 -53.4019 13.8397 -34.0433 -53.4429
4 16 12.8813 -32.8279 -50.1788 13.772 -27.088 -49.065 11.184 -34.957 -46.983 12.6626 -33.2413 -49.851
3 16 14.4531 -32.3126 -54.0175 14.3343 -32.7109 -53.9442 16.468 -33.139 -59.836
3 16 14.4964 -31.6817 -53.7509 14.4531 -32.3126 -54.0175 16.468 -33.139 -59.836
4 16 13.5035 -32.4428 -51.5889 13.8465 -31.6762 -52.0316 13.772 -27.088 -49.065 12.8813 -32.8279 -50.1788
3 16 13.772 -27.088 -49.065 13.8465 -31.6762 -52.0316 14.0884 -31.3481 -52.4724
4 16 14.348 -31.3348 -53.1496 14.4964 -31.6817 -53.7509 16.468 -33.139 -59.836 13.772 -27.088 -49.065
3 16 13.772 -27.088 -49.065 14.0884 -31.3481 -52.4724 14.348 -31.3348 -53.1496
3 16 12.596 -30.076 -37.849 12.897 -29.3755 -35.9158 12.5702 -29.7618 -35.9993
3 16 12.596 -30.076 -37.849 12.5702 -29.7618 -35.9993 12.2105 -30.1625 -35.9607
3 16 12.9049 -28.7403 -32.544 13.2583 -28.5346 -33.5952 13.678 -27.558 -30.9
4 16 13.678 -27.558 -30.9 10.9917 -30.8647 -32.2972 11.9531 -29.8254 -32.5729 12.4474 -29.2397 -32.4389
3 16 12.4474 -29.2397 -32.4389 12.9049 -28.7403 -32.544 13.678 -27.558 -30.9
3 16 12.596 -30.076 -37.849 12.2105 -30.1625 -35.9607 11.6015 -30.7866 -35.6016
3 16 12.596 -30.076 -37.849 11.6015 -30.7866 -35.6016 11.1038 -31.2182 -34.8854
3 16 10.6743 -31.5102 -33.8345 7.98 -33.784 -29.622 11.1038 -31.2182 -34.8854
4 16 13.678 -27.558 -30.9 7.98 -33.784 -29.622 10.5535 -31.3847 -32.421 10.9917 -30.8647 -32.2972
3 16 10.4873 -31.5944 -33.1463 7.98 -33.784 -29.622 10.6743 -31.5102 -33.8345
3 16 13.2786 -28.4697 -33.927 13.678 -27.558 -30.9 13.2583 -28.5346 -33.5952
4 16 12.897 -29.3755 -35.9158 12.596 -30.076 -37.849 15.828 -21.686 -39.502 13.142 -28.7496 -35.7805
3 16 18.0564 -14.8322 -32.6987 18.0492 -15.3927 -31.7847 17.095 -19.512 -31.794
3 16 18.1221 -14.3628 -33.019 18.0564 -14.8322 -32.6987 17.095 -19.512 -31.794
4 16 19.0835 -10.9271 -31.7747 18.6042 -12.2308 -33.1022 17.999 -9.544 -42.262 19.362 -9.725 -31.772
3 16 18.3441 -13.2096 -33.3534 17.999 -9.544 -42.262 18.6042 -12.2308 -33.1022
3 16 18.8131 4.6046 -35.3704 19.2144 2.9717 -36.4541 18.868 4.4582 -35.648
4 16 18.8131 4.6046 -35.3704 18.7598 4.9229 -35.396 17.365 10.909 -32.15 19.17 -0.837 -29.647
4 16 13.2812 -35.3669 -53.2088 12.657 -39.867 -55.949 16.468 -33.139 -59.836 13.5344 -35.0024 -53.5488
3 16 13.5344 -35.0024 -53.5488 16.468 -33.139 -59.836 13.8397 -34.0433 -53.4429
3 16 11.184 -34.957 -46.983 12.2215 -35.2179 -50.1207 12.3599 -34.5524 -49.8434
4 16 12.3459 -35.5496 -50.7954 12.657 -39.867 -55.949 13.2812 -35.3669 -53.2088 12.7625 -35.4563 -51.8585
4 16 12.657 -39.867 -55.949 12.3459 -35.5496 -50.7954 12.2215 -35.2179 -50.1207 11.184 -34.957 -46.983
3 16 19.555 -8.2698 -26.7291 20 -12 -20 19.6908 -10.8973 -25.706
4 16 19.17 -0.837 -29.647 19.4001 -7.9357 -29.738 19.4142 -9.9112 -30.8083 19.362 -9.725 -31.772
4 16 19.4001 -7.9357 -29.738 19.17 -0.837 -29.647 19.488 -7.4717 -27.5809 19.4504 -7.8714 -28.6419
4 16 19.555 -8.2698 -26.7291 19.5166 -7.6673 -27.1161 19.17 -0.837 -29.647 20 -12 -20
4 16 19.1573 -14.0081 -24.7873 20 -12 -20 18.478 -19.654 -20 18.8522 -15.4516 -24.9825
4 16 19.2939 -13.2768 -24.8819 19.4811 -12.1031 -25.3812 19.6908 -10.8973 -25.706 20 -12 -20
3 16 19.2939 -13.2768 -24.8819 20 -12 -20 19.1573 -14.0081 -24.7873
4 16 17.9532 -16.3828 -30.6757 17.095 -19.512 -31.794 18.0492 -15.3927 -31.7847 18.0456 -15.4935 -31.6203
3 16 18.478 -19.654 -20 18.5596 -16.3955 -25.6003 18.8522 -15.4516 -24.9825
4 16 18.5596 -16.3955 -25.6003 18.478 -19.654 -20 17.095 -19.512 -31.794 18.3572 -16.7796 -26.5461
4 16 17.9532 -16.3828 -30.6757 18.0399 -16.3508 -30.0157 18.3399 -16.686 -26.8708 17.095 -19.512 -31.794
3 16 17.095 -19.512 -31.794 18.3399 -16.686 -26.8708 18.3572 -16.7796 -26.5461
4 16 18.3729 -15.2565 -29.3506 18.9228 -12.6537 -29.7858 19.1704 -11.8775 -29.2199 19.0004 -13.7864 -26.9568
4 16 18.1973 -15.9465 -29.4832 18.3832 -16.209 -27.4288 18.3399 -16.686 -26.8708 18.0399 -16.3508 -30.0157
3 16 18.3729 -15.2565 -29.3506 18.7217 -13.2064 -30.3959 18.9228 -12.6537 -29.7858
4 16 9.067 22.834 53.831 9.484 26.195 58.75 13.865 25.845 60.351 14.646 21.625 54.825
4 16 16.3668 16.0342 62.2407 14.672 20.119 68.829 14.934 12.077 64.269 16.175 15.2518 62.3914
3 16 17.765 16.1234 58.444 17.625 14.4961 58.0331 19.307 11.949 52.148
4 16 17.7481 16.8933 58.8674 17.765 16.1234 58.444 19.307 11.949 52.148 18.055 17.904 58.516
3 16 16.8358 17.2063 61.5179 14.672 20.119 68.829 16.3668 16.0342 62.2407
3 16 17.2108 17.7551 60.7543 14.672 20.119 68.829 16.8358 17.2063 61.5179
3 16 18.055 17.904 58.516 17.6571 17.4926 59.4078 17.7481 16.8933 58.8674
3 16 17.481 17.8152 60.0439 14.672 20.119 68.829 17.2108 17.7551 60.7543
3 16 18.055 17.904 58.516 17.481 17.8152 60.0439 17.6571 17.4926 59.4078
4 16 19.6453 -8.099 31.9052 19.6536 -8.5357 33.2292 19.506 -15.059 38.075 19.56 -9.017 29.032
4 16 19.506 -15.059 38.075 19.6783 -8.2528 34.0267 19.7261 -7.23 34.625 19.824 -6.176 37.924
4 16 19.4486 -11.9463 46.8709 19.4311 -12.6103 46.555 19.506 -15.059 38.075 19.824 -6.176 37.924
3 16 19.4486 -11.9463 46.8709 19.824 -6.176 37.924 19.4604 -11.2629 47.5237
3 16 19.4915 -11.0113 47.7641 19.4604 -11.2629 47.5237 19.824 -6.176 37.924
4 16 17.9659 -3.9538 31.1728 16.785 -1.359 29.854 18.719 -4.4245 34.9897 18.0807 -4.0603 31.6677
3 16 18.0807 -4.0603 31.6677 18.719 -4.4245 34.9897 18.8282 -5.0681 34.0976
4 16 18.0807 -4.0603 31.6677 18.8282 -5.0681 34.0976 18.7794 -5.2837 33.2312 18.5659 -5.0264 32.4605
3 16 19.56 -9.017 29.032 19.273 -7.4142 31.1541 19.6453 -8.099 31.9052
3 16 19.56 -9.017 29.032 18.8508 -6.5034 30.6403 19.273 -7.4142 31.1541
3 16 18.4362 -5.4699 30.4852 18.8508 -6.5034 30.6403 19.56 -9.017 29.032
4 16 18.0091 -4.2039 30.8311 18.4362 -5.4699 30.4852 19.56 -9.017 29.032 16.785 -1.359 29.854
3 16 18.0091 -4.2039 30.8311 16.785 -1.359 29.854 17.9659 -3.9538 31.1728
3 16 17.6208 0.0865 33.9848 16.785 -1.359 29.854 17.7319 0.9104 34.97
3 16 17.5964 -0.5292 33.4685 16.785 -1.359 29.854 17.6208 0.0865 33.9848
4 16 17.638 -0.8048 33.4345 17.7285 -1.0615 33.5967 18.719 -4.4245 34.9897 16.785 -1.359 29.854
3 16 18.7188 -3.2015 35.8328 18.3407 -1.7306 35.4302 18.5625 -2.3062 35.8645
4 16 18.7188 -3.2015 35.8328 18.719 -4.4245 34.9897 17.7285 -1.0615 33.5967 18.3407 -1.7306 35.4302
3 16 17.638 -0.8048 33.4345 16.785 -1.359 29.854 17.5964 -0.5292 33.4685
3 16 19.4326 -3.3275 38.498 19.824 -6.176 37.924 19.3968 -4.2341 37.6622
4 16 19.3417 -2.5208 38.7415 19.337 6.613 45.672 19.824 -6.176 37.924 19.4326 -3.3275 38.498
3 16 19.337 6.613 45.672 18.2833 2.0138 37.8825 18.1832 2.1429 37.5733
4 16 19.337 6.613 45.672 19.0384 -1.1291 38.5654 18.6489 0.1981 37.9895 18.2833 2.0138 37.8825
3 16 19.337 6.613 45.672 19.2213 -1.8888 38.7323 19.0384 -1.1291 38.5654
4 16 19.3309 7.7065 46.9991 19.337 6.613 45.672 14.895 12.632 42.894 19.2152 7.8937 46.9641
4 16 19.307 11.949 52.148 19.3274 8.326 47.751 14.895 12.632 42.894 15.108 17.003 48.577
3 16 19.2039 8.1498 47.2524 19.2152 7.8937 46.9641 14.895 12.632 42.894
3 16 14.895 12.632 42.894 19.3274 8.326 47.751 19.2039 8.1498 47.2524
4 16 18.1832 2.1429 37.5733 17.9249 2.2803 37.1518 14.895 12.632 42.894 19.337 6.613 45.672
4 16 19.5571 8.4508 50.8312 19.3274 8.326 47.751 19.307 11.949 52.148 19.5343 9.0168 51.2685
4 16 17.7154 8.4942 55.6882 14.934 12.077 64.269 15.738 1.8 59.489 17.5284 7.3496 55.9204
3 16 17.5284 7.3496 55.9204 15.738 1.8 59.489 17.5551 6.9673 55.7514
3 16 19.307 11.949 52.148 18.4822 9.8258 53.8998 18.5452 9.7826 53.715
3 16 18.4822 9.8258 53.8998 17.7154 8.4942 55.6882 18.2417 9.2268 54.4156
4 16 17.7154 8.4942 55.6882 18.4822 9.8258 53.8998 19.307 11.949 52.148 14.934 12.077 64.269
4 16 16.6019 -15.1505 52.4044 15.7633 -13.2429 54.3494 14.8804 -12.6988 55.9485 12.579 -19.728 57.526
3 16 13.885 -6.861 59.353 15.3464 -9.7391 56.1001 16.0799 -8.8839 55.1726
3 16 13.885 -6.861 59.353 14.8551 -11.4653 56.3677 15.3464 -9.7391 56.1001
3 16 14.7332 -12.3083 56.3069 12.579 -19.728 57.526 14.8804 -12.6988 55.9485
4 16 12.579 -19.728 57.526 14.7332 -12.3083 56.3069 14.8551 -11.4653 56.3677 13.885 -6.861 59.353
3 16 16.6935 -15.5636 51.9831 16.6019 -15.1505 52.4044 12.579 -19.728 57.526
4 16 17.3193 -15.8199 50.6164 16.8463 -15.7485 51.5775 12.579 -19.728 57.526 16.895 -22.214 47.677
3 16 16.8463 -15.7485 51.5775 16.6935 -15.5636 51.9831 12.579 -19.728 57.526
3 16 17.9428 -15.4973 49.5948 16.895 -22.214 47.677 18.766 -14.5843 48.5329
3 16 17.3193 -15.8199 50.6164 16.895 -22.214 47.677 17.9428 -15.4973 49.5948
4 16 18.766 -14.5843 48.5329 16.895 -22.214 47.677 19.506 -15.059 38.075 19.28 -13.1569 46.7011
3 16 19.28 -13.1569 46.7011 19.506 -15.059 38.075 19.4311 -12.6103 46.555
3 16 18.766 -14.5843 48.5329 19.28 -13.1569 46.7011 19.0211 -13.7743 47.9378
3 16 16.6777 -22.9103 39.4008 16.879 -22.3724 37.4227 19.506 -15.059 38.075
3 16 17.4076 -21.0691 34.2087 17.3749 -21.1843 33.7199 18.603 -18.008 29.2
4 16 16.9782 -22.1734 35.9121 17.3078 -21.3174 34.7721 19.506 -15.059 38.075 16.879 -22.3724 37.4227
3 16 17.3533 -21.2132 33.5976 18.603 -18.008 29.2 17.3749 -21.1843 33.7199
3 16 16.5552 -22.6956 32.1708 18.603 -18.008 29.2 17.3533 -21.2132 33.5976
3 16 16.1812 -23.4489 31.9418 15.7915 -24.2629 31.9216 15.517 -24.515 29.498
3 16 11.3424 -24.7858 52.5891 7.632 -27.937 53.945 11.9022 -25.2987 51.0555
3 16 11.3398 -24.5342 52.9313 7.632 -27.937 53.945 11.3424 -24.7858 52.5891
3 16 16.895 -22.214 47.677 14.9486 -23.33 49.1105 14.7742 -23.5243 49.1121
4 16 15.0222 -22.9509 49.5093 16.895 -22.214 47.677 14.8096 -21.5555 51.7062 14.7306 -22.2674 50.868
3 16 16.895 -22.214 47.677 15.0222 -22.9509 49.5093 14.9486 -23.33 49.1105
4 16 11.2158 -22.2015 56.2549 7.632 -27.937 53.945 11.3398 -24.5342 52.9313 11.3297 -23.0944 54.8826
4 16 11.6925 -24.0473 53.0543 11.5622 -23.1165 54.5025 11.3297 -23.0944 54.8826 11.3398 -24.5342 52.9313
4 16 13.0464 -24.2802 50.7003 13.1559 -23.9648 50.9594 12.9447 -22.5728 53.1496 11.6925 -24.0473 53.0543
4 16 12.9447 -22.5728 53.1496 12.5075 -22.6534 53.7 11.5622 -23.1165 54.5025 11.6925 -24.0473 53.0543
4 16 12.579 -19.728 57.526 12.5733 -21.0588 55.7451 13.2282 -21.635 53.9831 14.4179 -21.3828 52.5288
4 16 16.895 -22.214 47.677 12.579 -19.728 57.526 14.4179 -21.3828 52.5288 14.8096 -21.5555 51.7062
3 16 11.2158 -22.2015 56.2549 12.579 -19.728 57.526 7.632 -27.937 53.945
3 16 11.6924 -21.5664 56.3905 12.579 -19.728 57.526 11.2158 -22.2015 56.2549
3 16 12.579 -19.728 57.526 12.0721 -21.2783 56.2055 12.5733 -21.0588 55.7451
4 16 14.2348 -24.0446 49.1162 12.8506 -25.4634 48.9656 9.922 -29.332 46.974 16.895 -22.214 47.677
3 16 14.2348 -24.0446 49.1162 16.895 -22.214 47.677 14.7742 -23.5243 49.1121
3 16 12.8506 -25.4634 48.9656 14.2348 -24.0446 49.1162 13.5508 -24.6006 49.3216
4 16 9.922 -29.332 46.974 12.0245 -25.5141 50.4112 11.9022 -25.2987 51.0555 7.632 -27.937 53.945
3 16 9.922 -29.332 46.974 12.3904 -25.6195 49.5241 12.0245 -25.5141 50.4112
3 16 14.4263 -25.4314 31.3816 14.3356 -25.5105 31.1558 15.517 -24.515 29.498
3 16 13.9039 -25.8386 30.2191 15.517 -24.515 29.498 14.3356 -25.5105 31.1558
3 16 13.511 -26.1481 29.8292 15.517 -24.515 29.498 13.9039 -25.8386 30.2191
3 16 12.0201 -27.4463 33.7458 12.0736 -27.4164 34.33 9.806 -29.327 37.512
4 16 12.1971 -27.266 32.1434 12.0201 -27.4463 33.7458 9.806 -29.327 37.512 9.395 -29.488 30.035
3 16 13.511 -26.1481 29.8292 9.395 -29.488 30.035 15.517 -24.515 29.498
3 16 13.041 -26.536 30.1388 9.395 -29.488 30.035 13.511 -26.1481 29.8292
3 16 12.6711 -26.848 30.6698 9.395 -29.488 30.035 13.041 -26.536 30.1388
4 16 16.9763 -6.3091 54.6675 17.2472 -5.5758 54.4989 15.738 1.8 59.489 13.885 -6.861 59.353
4 16 16.5935 -8.1349 54.6265 16.9763 -6.3091 54.6675 13.885 -6.861 59.353 16.0799 -8.8839 55.1726
3 16 15.738 1.8 59.489 17.2472 -5.5758 54.4989 17.686 -5.4944 53.835
3 16 19.4052 9.2906 51.6079 19.307 11.949 52.148 18.5452 9.7826 53.715
4 16 18.0243 12.6344 -39.6063 17.396 20.071 -41.491 17.503 16.208 -34.804 17.9748 12.7075 -38.4976
3 16 17.9748 12.7075 -38.4976 17.503 16.208 -34.804 17.9658 12.4688 -37.6789
3 16 17.396 20.071 -41.491 18.0846 12.2891 -40.3286 18.14 11.8895 -40.7918
4 16 16.4501 6.2153 15.4799 14.4765 9.1355 14.6565 13.969 9.7977 14.7246 13.024 9.423 19.927
4 16 13.024 9.423 19.927 20 0 20 16.9535 5.5773 15.3526 16.6171 5.9647 15.5607
4 16 16.4501 6.2153 15.4799 16.1116 6.8551 14.9002 15.0644 8.5145 14.116 14.4765 9.1355 14.6565
3 16 16.4501 6.2153 15.4799 13.024 9.423 19.927 16.6171 5.9647 15.5607
4 16 15.1738 8.5629 13.4979 16.0574 7.2179 13.9855 13.962 11.054 10.789 14.9151 9.058 13.0357
4 16 16.1116 6.8551 14.9002 16.0574 7.2179 13.9855 15.1738 8.5629 13.4979 15.0644 8.5145 14.116
3 16 14.9151 9.058 13.0357 13.962 11.054 10.789 14.3471 9.9026 12.7858
3 16 19.1378 -13.153 -26.8333 19.0004 -13.7864 -26.9568 19.1704 -11.8775 -29.2199
4 16 19.1704 -11.8775 -29.2199 19.2574 -11.5507 -28.9816 19.3847 -11.2156 -28.3266 19.4111 -11.3434 -27.7676
3 16 19.362 -9.725 -31.772 19.4142 -9.9112 -30.8083 19.3127 -10.2792 -31.115
3 16 16.7478 -11.2706 53.3573 18.5286 -11.1407 50.5087 17.139 -9.86 53.1553
4 16 17.0536 -12.8298 52.3832 18.5286 -11.1407 50.5087 16.7478 -11.2706 53.3573 16.7831 -12.0806 53.0517
4 16 18.5304 -11.9484 50.258 18.5286 -11.1407 50.5087 17.0536 -12.8298 52.3832 17.4341 -13.0569 51.6964
3 16 18.5304 -11.9484 50.258 17.4341 -13.0569 51.6964 18.2421 -12.8577 50.4468
4 16 17.1593 9.6074 -42.093 14.129 11.621 -45.85 14.83 19.617 -45.837 17.9249 10.2738 -41.2627
3 16 17.1593 9.6074 -42.093 17.9249 10.2738 -41.2627 17.8922 10.0916 -41.2826
4 16 18.3784 9.1355 -40.2417 18.2269 9.3832 -39.0273 18.1255 9.3708 -38.1642 18.424 8.767 -40.525
3 16 12.7396 -18.5326 -53.1709 8.143 -16.847 -60.41 12.2831 -17.9826 -52.8413
4 16 8.143 -16.847 -60.41 13.2943 -19.0829 -53.2484 13.5479 -19.2008 -52.9172 15.861 -24.459 -61.362
3 16 13.2943 -19.0829 -53.2484 8.143 -16.847 -60.41 12.7396 -18.5326 -53.1709
4 16 11.945 12.965 -18.931 15.936 9.267 -17.888 14.0044 10.5933 -22.0501 13.6233 10.9676 -21.9829
3 16 11.484 12.324 -27.481 12.3957 11.7847 -24.8323 12.7569 11.4499 -24.7382
3 16 11.484 12.324 -27.481 12.1379 12.0552 -24.6501 12.3957 11.7847 -24.8323
3 16 13.1509 11.404 -22.1168 11.945 12.965 -18.931 13.6233 10.9676 -21.9829
3 16 12.3428 12.0856 -22.8581 11.945 12.965 -18.931 13.1509 11.404 -22.1168
4 16 11.945 12.965 -18.931 12.1076 12.2313 -23.4893 12.1379 12.0552 -24.6501 11.484 12.324 -27.481
4 16 12.7569 11.4499 -24.7382 13.0769 11.0542 -24.6268 16.058 6.24 -27.291 11.484 12.324 -27.481
3 16 15.936 9.267 -17.888 14.315 10.1523 -22.1292 14.0044 10.5933 -22.0501
4 16 16.058 6.24 -27.291 14.478 9.7449 -22.7481 14.315 10.1523 -22.1292 15.936 9.267 -17.888
3 16 13.7851 10.3052 -23.9636 16.058 6.24 -27.291 13.0769 11.0542 -24.6268
3 16 14.3195 9.8186 -23.205 16.058 6.24 -27.291 13.7851 10.3052 -23.9636
3 16 13.908 12.1732 -2.9583 14.536 11.834 1.383 14.8064 11.3489 -2.4804
3 16 13.6322 12.4097 -3.3859 14.536 11.834 1.383 13.908 12.1732 -2.9583
4 16 11.388 14.234 -8.552 14.1808 11.7593 -5.5796 15.0638 10.8871 -6.1588 15.211 10.623 -8.262
3 16 13.6322 12.4097 -3.3859 11.388 14.234 -8.552 14.536 11.834 1.383
3 16 13.5129 12.4818 -4.0811 11.388 14.234 -8.552 13.6322 12.4097 -3.3859
3 16 11.388 14.234 -8.552 13.8 12.1504 -5.0763 14.1808 11.7593 -5.5796
3 16 17.83 4.9482 -14.6428 20 0 -9.24 18.0187 4.5178 -14.4766
3 16 17.83 4.9482 -14.6428 15.936 9.267 -17.888 20 0 -9.24
3 16 15.936 9.267 -17.888 17.4613 5.7889 -15.9561 17.5272 5.6386 -16.2496
3 16 17.4922 5.7184 -15.6209 15.936 9.267 -17.888 17.83 4.9482 -14.6428
3 16 15.374 10.2423 -7.1919 15.211 10.623 -8.262 15.0638 10.8871 -6.1588
4 16 14.8064 11.3489 -2.4804 14.536 11.834 1.383 15.6944 9.3888 -1.0484 15.0991 10.7053 -2.1073
3 16 15.6169 9.7227 -7.6048 15.211 10.623 -8.262 15.374 10.2423 -7.1919
3 16 15.9182 9.0542 -7.4265 15.211 10.623 -8.262 15.6169 9.7227 -7.6048
3 16 14.536 11.834 1.383 16.3213 8.021 -0.6569 15.6944 9.3888 -1.0484
3 16 14.536 11.834 1.383 16.6419 7.3276 -0.6925 16.3213 8.021 -0.6569
4 16 15.936 9.267 -17.888 15.211 10.623 -8.262 15.9182 9.0542 -7.4265 20 0 -9.24
3 16 16.1837 8.4654 -7 20 0 -9.24 15.9182 9.0542 -7.4265
4 16 20 0 11.939 20 0 1.447 16.6419 7.3276 -0.6925 14.536 11.834 1.383
3 16 20 0 1.447 17.3158 5.9328 -3.1785 16.6419 7.3276 -0.6925
4 16 17.2705 6.04 -3.5245 17.3158 5.9328 -3.1785 20 0 1.447 20 0 -9.24
3 16 16.3588 8.077 -6.3926 20 0 -9.24 16.1837 8.4654 -7
4 16 17.0798 6.4595 -3.7797 17.2705 6.04 -3.5245 20 0 -9.24 16.3588 8.077 -6.3926
3 16 17.0798 6.4595 -3.7797 16.3588 8.077 -6.3926 16.3867 8.0098 -5.6717
4 16 16.5772 7.5501 -3.8652 16.2185 8.3586 -5.084 15.4857 9.9192 -4.0746 15.7733 9.2637 -2.8152
4 16 15.4068 10.0552 -2.7308 15.7733 9.2637 -2.8152 15.4857 9.9192 -4.0746 15.3692 10.1512 -3.2891
4 16 16.2185 8.3586 -5.084 16.5772 7.5501 -3.8652 17.0798 6.4595 -3.7797 16.3867 8.0098 -5.6717
4 16 14.9887 9.2938 10.3635 15.2052 8.9591 10.085 14.536 11.834 1.383 13.962 11.054 10.789
3 16 14.9887 9.2938 10.3635 13.962 11.054 10.789 14.8011 9.5178 10.9488
3 16 20 0 11.939 16.6837 6.2356 10.4532 16.9832 5.5229 11.3644
3 16 15.8032 7.9325 9.844 14.536 11.834 1.383 15.2052 8.9591 10.085
3 16 16.1637 7.2629 9.9626 14.536 11.834 1.383 15.8032 7.9325 9.844
3 16 13.8131 10.0982 14.4391 13.024 9.423 19.927 13.969 9.7977 14.7246
3 16 13.962 11.054 10.789 13.9191 10.1614 13.789 14.3471 9.9026 12.7858
3 16 13.8131 10.0982 14.4391 13.962 11.054 10.789 13.024 9.423 19.927
3 16 17.2743 4.9901 13.0902 20 0 11.939 16.9832 5.5229 11.3644
3 16 19.3601 3.1265 51.0056 20.414 -2.334 47.864 19.924 3.9884 49.7603
3 16 18.7326 2.6967 52.4523 20.414 -2.334 47.864 19.3601 3.1265 51.0056
3 16 15.738 1.8 59.489 17.5879 6.7285 55.6459 17.5551 6.9673 55.7514
4 16 18.1225 3.8153 54.0356 18.1538 4.8352 54.0785 17.7874 6.507 55.1446 17.5879 6.7285 55.6459
4 16 18.1923 3.371 53.8182 18.1225 3.8153 54.0356 17.5879 6.7285 55.6459 15.738 1.8 59.489
4 16 15.738 1.8 59.489 20.414 -2.334 47.864 18.7326 2.6967 52.4523 18.4981 2.7786 53.0207
3 16 18.1538 4.8352 54.0785 18.0274 6.7008 54.5947 17.7874 6.507 55.1446
4 16 19.3064 7.7329 51.664 18.6129 7.9053 53.3373 18.361 7.6307 53.9064 18.9164 4.7292 52.2479
4 16 18.1538 4.8352 54.0785 18.9164 4.7292 52.2479 18.361 7.6307 53.9064 18.0274 6.7008 54.5947
4 16 19.3043 5.053 51.3603 19.6124 6.0019 50.735 19.6037 7.1909 50.8927 19.3064 7.7329 51.664
3 16 19.6037 7.1909 50.8927 19.6124 6.0019 50.735 19.6661 6.6365 50.6802
3 16 19.3064 7.7329 51.664 18.9164 4.7292 52.2479 19.3043 5.053 51.3603
3 16 18.1923 3.371 53.8182 15.738 1.8 59.489 18.4981 2.7786 53.0207
3 16 15.8349 -18.8709 -45.0561 15.1598 -21.3279 -46.8314 15.9254 -18.1502 -45.5992
4 16 15.2933 -21.3941 -45.3777 15.1598 -21.3279 -46.8314 15.8349 -18.8709 -45.0561 15.5347 -20.4196 -44.9349
3 16 14.6045 -23.7902 -47.4111 13.772 -27.088 -49.065 14.6519 -23.436 -47.6489
3 16 14.5717 -24.2424 -46.8323 13.772 -27.088 -49.065 14.6045 -23.7902 -47.4111
4 16 19.0303 -9.2638 50.117 18.7256 -8.7391 50.9118 18.56 -8.7671 51.2982 18.8624 -9.8998 50.4202
4 16 19.3771 -9.3134 49.2924 18.874 -7.7725 50.7028 18.7256 -8.7391 50.9118 19.0303 -9.2638 50.117
4 16 18.874 -7.7725 50.7028 19.3771 -9.3134 49.2924 19.634 -9.8154 48.6137 20.414 -2.334 47.864
4 16 17.686 -5.4944 53.835 17.7358 -5.4802 53.7196 20.414 -2.334 47.864 15.738 1.8 59.489
3 16 20.414 -2.334 47.864 18.791 -7.3836 50.955 18.874 -7.7725 50.7028
3 16 18.0885 -5.6979 52.8565 20.414 -2.334 47.864 17.7358 -5.4802 53.7196
4 16 12.0736 -27.4164 34.33 12.1226 -27.3674 35.2872 11.685 -27.7247 37.4527 9.806 -29.327 37.512
4 16 11.685 -27.7247 37.4527 12.1226 -27.3674 35.2872 12.6359 -26.9293 35.3217 12.2208 -27.2734 36.6678
3 16 15.7942 -24.236 35.2363 15.7625 -24.2475 37.3241 13.1612 -26.4685 37.0386
4 16 12.972 -26.6438 35.1714 13.1612 -26.4685 37.0386 12.2208 -27.2734 36.6678 12.6359 -26.9293 35.3217
4 16 15.9631 -24.0794 36.926 15.7625 -24.2475 37.3241 15.7942 -24.236 35.2363 15.995 -24.0609 35.7424
4 16 12.972 -26.6438 35.1714 14.3425 -25.4839 33.9353 15.7942 -24.236 35.2363 13.1612 -26.4685 37.0386
3 16 14.3425 -25.4839 33.9353 12.972 -26.6438 35.1714 13.7894 -25.9563 33.8507
3 16 17.4904 13.8507 58.0882 19.307 11.949 52.148 17.625 14.4961 58.0331
3 16 17.3276 13.4589 58.3454 19.307 11.949 52.148 17.4904 13.8507 58.0882
3 16 14.934 12.077 64.269 16.0662 14.2337 62.2023 16.175 15.2518 62.3914
3 16 14.934 12.077 64.269 16.1244 13.7968 61.8286 16.0662 14.2337 62.2023
3 16 16.9142 13.3379 59.426 19.307 11.949 52.148 17.3276 13.4589 58.3454
3 16 14.934 12.077 64.269 16.3722 13.5278 61.0136 16.1244 13.7968 61.8286
3 16 20 0 -9.24 18.3536 3.7543 -14.5507 18.0187 4.5178 -14.4766
4 16 17.5272 5.6386 -16.2496 17.928 4.7247 -16.4681 20 0 -20 15.936 9.267 -17.888
3 16 18.355 3.7511 -16.0362 20 0 -20 17.928 4.7247 -16.4681
3 16 18.4739 3.4799 -15.4082 18.3536 3.7543 -14.5507 20 0 -9.24
4 16 18.355 3.7511 -16.0362 18.4739 3.4799 -15.4082 20 0 -9.24 20 0 -20
4 16 15.1977 -24.5692 40.9794 16.895 -22.214 47.677 9.922 -29.332 46.974 13.777 -25.9828 41.2204
3 16 16.895 -22.214 47.677 16.4399 -23.405 40.0154 16.5255 -23.3276 39.9192
4 16 19.7261 -7.23 34.625 19.3229 -5.8419 35.4372 19.2194 -5.2177 36.3186 19.824 -6.176 37.924
3 16 14.9847 9.1818 11.585 13.962 11.054 10.789 16.0574 7.2179 13.9855
4 16 15.2593 8.6789 11.693 14.9847 9.1818 11.585 16.0574 7.2179 13.9855 15.9803 7.3589 13.1834
3 16 16.0879 7.1621 11.5311 16.3189 6.7392 12.5262 16.3201 6.7369 11.961
4 16 16.3189 6.7392 12.5262 16.0879 7.1621 11.5311 15.7902 7.7071 11.3146 15.9803 7.3589 13.1834
3 16 15.9803 7.3589 13.1834 15.7902 7.7071 11.3146 15.2593 8.6789 11.693
3 16 13.962 11.054 10.789 14.9847 9.1818 11.585 14.8011 9.5178 10.9488
3 16 11.9845 -17.126 -52.3279 7.86 -11.666 -53.949 12.0695 -16.9111 -51.8466
3 16 17.999 -9.544 -42.262 16.3361 -16.4457 -44.9383 15.6273 -13.7496 -46.6608
4 16 14.847 -13.9915 -47.7553 10.383 -3.21 -50.258 17.999 -9.544 -42.262 15.6273 -13.7496 -46.6608
3 16 10.383 -3.21 -50.258 14.847 -13.9915 -47.7553 14.0134 -14.529 -49.0107
4 16 13.7587 -15.1072 -49.5222 13.4762 -16.6246 -50.3602 13.1527 -16.8645 -50.8571 12.8709 -16.885 -51.2317
3 16 18.6374 -10.3278 50.6243 18.8624 -9.8998 50.4202 18.56 -8.7671 51.2982
3 16 17.139 -9.86 53.1553 18.56 -8.7671 51.2982 17.5353 -8.8816 52.8755
3 16 18.5404 -10.7063 50.6436 17.139 -9.86 53.1553 18.5286 -11.1407 50.5087
4 16 18.3026 3.5351 -41.0213 18.7575 3.057 -39.144 19.1557 2.2547 -37.5 17.999 -9.544 -42.262
3 16 17.999 -9.544 -42.262 19.2974 2.2901 -36.9155 19.339 2.437 -36.744
4 16 13.1612 -26.4685 37.0386 15.7625 -24.2475 37.3241 15.4291 -24.5392 38.0149 13.3041 -26.344 37.4017
3 16 13.3041 -26.344 37.4017 15.4291 -24.5392 38.0149 14.9922 -24.9159 38.4026
4 16 13.8109 -25.9253 38.6223 13.3041 -26.344 37.4017 14.9922 -24.9159 38.4026 14.4501 -25.3804 38.6212
3 16 11.6323 -27.7705 37.5324 9.806 -29.327 37.512 11.685 -27.7247 37.4527
3 16 11.4114 -27.973 38.8322 9.806 -29.327 37.512 11.6323 -27.7705 37.5324
4 16 9.922 -29.332 46.974 12.4294 -27.1368 41.7052 13.2575 -26.4264 41.296 13.777 -25.9828 41.2204
4 16 11.9748 -27.5249 41.7599 9.922 -29.332 46.974 9.806 -29.327 37.512 11.5982 -27.836 40.8559
3 16 11.5982 -27.836 40.8559 9.806 -29.327 37.512 11.4114 -27.973 38.8322
3 16 9.922 -29.332 46.974 11.9748 -27.5249 41.7599 12.4294 -27.1368 41.7052
3 16 19.3879 7.2142 47.0911 19.337 6.613 45.672 19.3309 7.7065 46.9991
4 16 19.6777 5.1975 48.1835 19.337 6.613 45.672 19.3879 7.2142 47.0911 19.5571 6.1703 47.9009
4 16 19.337 6.613 45.672 19.7288 4.8971 48.4475 19.924 3.9884 49.7603 20.414 -2.334 47.864
3 16 19.337 6.613 45.672 19.6777 5.1975 48.1835 19.7288 4.8971 48.4475
3 16 19.824 -6.176 37.924 19.391 -4.327 37.5765 19.3968 -4.2341 37.6622

0 // right
4 0 -18.8023 -13.7177 -33.2624 -18.801 -14.329 -33.0787 -18.9488 -15.4543 -32.144 -19.612 -10.776 -30.959
4 0 -19.612 -10.776 -30.959 -18.8495 -12.216 -33.3377 -18.7781 -13.1399 -33.4361 -18.8023 -13.7177 -33.2624
4 0 -17.056 3.774 -37.46 -14.4939 7.8316 -37.8178 -14.4218 6.0136 -38.9479 -15.7349 4.3858 -38.5026
4 0 -15.5847 -22.0227 53.8229 -15.9879 -23.4062 52.1041 -15.913 -24.676 50.973 -14.2384 -22.1762 55.0278
3 0 -16.0495 -24.4856 50.7064 -15.9037 -24.7664 50.7268 -15.913 -24.676 50.973
4 0 -16.2041 -23.631 51.6737 -16.1987 -23.9858 50.9944 -16.0495 -24.4856 50.7064 -15.913 -24.676 50.973
3 0 -13.1973 -21.3865 56.8224 -13.5515 -22.0685 55.8192 -12.9629 -21.4185 57.0272
3 0 -12.1364 -17.1065 -52.3103 -12.844 -17.895 -52.08 -12.3587 -16.588 -51.9066
4 0 -19.3735 9.9832 41.592 -19.5652 7.5232 40.177 -19.6191 6.5468 40.299 -19.629 5.512 41.882
4 0 -18.3557 -6.1509 53.2086 -18.4423 -6.5794 52.7292 -18.6978 -8.6053 51.7593 -18.4464 -8.721 53.9449
4 0 -18.9563 -8.8948 49.7496 -19.08 -9.1117 48.8334 -18.9793 -11.0064 50.7887 -18.8935 -10.0775 50.9696
4 0 -16.5535 9.117 -7.0611 -16.7564 8.6278 -6.4036 -16.7519 8.7415 -5.0543 -16.3537 9.8381 -4.5348
3 0 -12.3587 -16.588 -51.9066 -12.844 -17.895 -52.08 -13.4416 -16.3689 -50.4229
4 0 -17.7015 3.2244 -35.523 -17.4199 4.5178 -35.8547 -17.1801 5.2485 -36.3178 -17.056 3.774 -37.46
3 0 -15.0328 -24.6945 -44.0584 -15.3034 -24.172 -43.9029 -15.0247 -24.7027 -44.8424
4 0 -18.9793 -11.0064 50.7887 -19.4293 -11.1223 47.0639 -19.1662 -13.6602 47.919 -18.975 -11.8312 50.4052
4 0 -15.1272 9.6462 13.1386 -14.285 9.8806 14.7569 -13.9611 10.135 14.7692 -13.7503 10.4059 14.3854
3 0 -19.3366 -10.5815 -31.9306 -19.612 -10.776 -30.959 -19.6281 -9.6379 -30.8264
4 0 -19.9112 0.7539 35.0149 -19.8526 0.2155 34.1183 -19.8257 -0.7791 33.8319 -19.9046 -1.4063 35.2635
4 0 -13.522 -26.154 50.6093 -13.2583 -26.0451 51.3561 -15.913 -24.676 50.973 -14.6961 -25.4429 50.7455
4 0 -15.5743 22.0372 -24.2336 -16.6256 21.1699 -23.8962 -16.8688 21.0298 -23.7607 -16.1768 22.6914 -22.9498
3 0 -13.1376 -18.5337 -52.9832 -12.844 -17.895 -52.08 -12.4816 -17.8142 -52.7221
4 0 -19.8156 -11.4182 -25.2094 -19.6609 -12.3913 -26.4336 -19.573 -13.2346 -26.5043 -19.6547 -13.3553 -24.4908
3 0 -19.722 -11.1232 -27.8508 -19.612 -10.776 -30.959 -19.6343 -11.5552 -28.8037
4 0 -16.9903 2.3297 -37.9862 -17.056 3.774 -37.46 -16.1689 3.6948 -38.4441 -16.5642 2.6262 -38.3535
4 0 -13.2516 -3.5101 -43.8689 -12.8422 -2.8743 -44.1111 -12.393 -2.6423 -44.5236 -13.2649 -3.9033 -43.9784
4 0 -16.8613 7.3565 10.2171 -17.1308 6.6116 10.808 -17.2709 6.1261 11.569 -16.4978 7.8616 11.7254
4 0 -12.4816 -17.8142 -52.7221 -12.844 -17.895 -52.08 -12.1364 -17.1065 -52.3103 -12.2734 -17.4505 -52.5762
4 0 -13.6867 -28.2618 -33.2708 -13.5852 -28.2775 -34.8402 -13.2085 -28.8054 -35.632 -12.6882 -29.6294 -35.7137
4 0 -16.876 21.0991 -22.0666 -16.8239 21.9508 -21.7703 -16.7865 22.5254 -21.8944 -16.7705 22.7383 -22.2509
4 0 -17.7277 1.5946 -35.8427 -18.2827 0.7786 -34.288 -18.6824 2.0083 -32.7651 -17.8191 2.9455 -35.2571
4 0 -15.4149 9.7847 11.7421 -15.1803 10.1196 11.0203 -15.2984 10.0781 10.7663 -15.783 9.466 11.87
4 0 -19.0218 10.1257 42.5317 -19.0578 8.8124 42.7246 -18.5407 9.3903 44.0239 -18.8722 10.2751 42.9115
4 0 -17.0662 8.1422 48.3738 -17.3123 10.8841 46.8747 -17.4786 11.3909 46.2917 -18.2886 11.0275 44.3557
4 0 -18.007 -14.5587 54.4306 -18.5024 -13.0917 53.0567 -18.6804 -13.1461 52.1373 -18.1199 -15.844 52.9332
4 0 -16.3481 9.8845 -0.9266 -16.2087 10.2696 -1.2998 -16.2588 10.1893 -2.7766 -16.3955 9.8279 -2.8628
4 0 -13.1376 -18.5337 -52.9832 -13.1274 -18.9995 -52.5527 -12.9918 -19.3595 -51.5997 -12.844 -17.895 -52.08
4 0 -19.8424 2.4414 36.6703 -19.783 0.2984 38.288 -19.7833 1.9536 38.1628 -19.8026 2.3388 37.6678
3 0 -19.612 -10.776 -30.959 -18.9488 -15.4543 -32.144 -19.0666 -15.9498 -31.5235
4 0 -19.3366 -10.5815 -31.9306 -19.1849 -10.9718 -32.3874 -18.8495 -12.216 -33.3377 -19.612 -10.776 -30.959
4 0 -17.056 3.774 -37.46 -17.1801 5.2485 -36.3178 -16.4003 6.7498 -36.2475 -14.4939 7.8316 -37.8178
4 0 -16.6361 7.8584 -35.2168 -15.2005 8.694 -36.3853 -14.4939 7.8316 -37.8178 -16.2839 7.3405 -35.9901
4 0 -16.6361 7.8584 -35.2168 -14.9399 11.2727 -34.9637 -14.3867 10.0223 -36.4724 -15.2005 8.694 -36.3853
4 0 -17.5921 10.1448 -32.525 -16.7479 11.0427 -32.9384 -16.0719 11.2645 -33.6043 -17.4195 8.0934 -34.1141
4 0 -17.4195 8.0934 -34.1141 -16.0719 11.2645 -33.6043 -14.9399 11.2727 -34.9637 -16.6361 7.8584 -35.2168
3 0 -16.4003 6.7498 -36.2475 -16.2839 7.3405 -35.9901 -14.4939 7.8316 -37.8178
3 0 -17.056 3.774 -37.46 -15.7349 4.3858 -38.5026 -16.1689 3.6948 -38.4441
4 0 -14.0825 6.6385 -38.9445 -14.4218 6.0136 -38.9479 -14.4939 7.8316 -37.8178 -14.3016 7.6434 -38.1303
3 0 -13.2583 -26.0451 51.3561 -14.1196 -24.8858 52.074 -15.913 -24.676 50.973
4 0 -13.2583 -26.0451 51.3561 -12.9224 -26.0006 51.661 -12.1554 -25.5446 52.7746 -14.1196 -24.8858 52.074
4 0 -11.8836 -24.9341 53.6979 -12.2104 -24.3176 54.1784 -14.1196 -24.8858 52.074 -12.1554 -25.5446 52.7746
4 0 -11.3906 -22.2135 57.2728 -12.9629 -21.4185 57.0272 -13.5515 -22.0685 55.8192 -11.6147 -23.0064 56.1705
4 0 -14.2151 -24.4915 52.4666 -13.6094 -23.0873 54.5758 -13.5515 -22.0685 55.8192 -15.913 -24.676 50.973
3 0 -12.0999 -21.5042 57.575 -12.9629 -21.4185 57.0272 -11.3906 -22.2135 57.2728
4 0 -13.6094 -23.0873 54.5758 -11.8757 -23.1764 55.7741 -11.6147 -23.0064 56.1705 -13.5515 -22.0685 55.8192
3 0 -14.1196 -24.8858 52.074 -14.2151 -24.4915 52.4666 -15.913 -24.676 50.973
3 0 -15.913 -24.676 50.973 -15.9879 -23.4062 52.1041 -16.2041 -23.631 51.6737
3 0 -13.5515 -22.0685 55.8192 -14.2384 -22.1762 55.0278 -15.913 -24.676 50.973
4 0 -17.8646 14.5662 -25.601 -17.9272 14.0141 -25.9339 -18.1503 13.0742 -25.7052 -17.91 14.7082 -25.0962
4 0 -18.6647 11.575 -24.2603 -17.91 14.7082 -25.0962 -18.1503 13.0742 -25.7052 -18.526 11.8242 -24.8631
4 0 -16.342 8.1088 13.2347 -16.4346 8.0034 13.1262 -17.3112 6.0356 14.8162 -16.2067 7.9374 14.3055
4 0 -17.2386 6.0757 15.0206 -16.3764 7.3583 15.188 -16.2067 7.9374 14.3055 -17.3112 6.0356 14.8162
3 0 -16.8914 6.4341 15.5309 -16.3764 7.3583 15.188 -17.2386 6.0757 15.0206
4 0 -14.2283 12.4414 -2.8731 -14.479 12.1239 -5.5982 -14.6522 11.9299 -5.7212 -15.9355 10.5354 -3.6216
4 0 -15.4407 11.1084 -2.1127 -14.2283 12.4414 -2.8731 -15.9355 10.5354 -3.6216 -15.848 10.6378 -3.251
4 0 -15.4407 11.1084 -2.1127 -15.9574 10.5252 -2.6965 -16.2588 10.1893 -2.7766 -16.2087 10.2696 -1.2998
3 0 -15.9574 10.5252 -2.6965 -15.4407 11.1084 -2.1127 -15.848 10.6378 -3.251
3 0 -14.2283 12.4414 -2.8731 -13.9675 12.7011 -4.9334 -14.479 12.1239 -5.5982
4 0 -13.9675 12.7011 -4.9334 -14.2283 12.4414 -2.8731 -13.9411 12.754 -3.2846 -13.8023 12.8988 -3.9319
3 0 -11.9041 -34.5757 -49.6784 -13.1739 -32.1968 -51.1361 -13.4465 -34.0902 -53.1112
4 0 -11.993 -33.8674 -49.4059 -12.7629 -32.3314 -50.2249 -13.1739 -32.1968 -51.1361 -11.9041 -34.5757 -49.6784
4 0 -12.38 -32.7454 -49.5757 -12.7629 -32.3314 -50.2249 -11.993 -33.8674 -49.4059 -12.2229 -33.0817 -49.4244
4 0 -13.4465 -34.0902 -53.1112 -13.1739 -32.1968 -51.1361 -13.7489 -31.1991 -51.8511 -13.6291 -33.3552 -53.0493
4 0 -14.2775 -31.2188 -53.1562 -13.7489 -31.1991 -51.8511 -13.9392 -30.9991 -52.1777 -14.0914 -30.9538 -52.5183
4 0 -14.2775 -31.2188 -53.1562 -14.0542 -32.6136 -53.5751 -13.6291 -33.3552 -53.0493 -13.7489 -31.1991 -51.8511
3 0 -14.2446 -32.0975 -53.6833 -14.0542 -32.6136 -53.5751 -14.2775 -31.2188 -53.1562
4 0 -19.2354 -16.5327 -25.823 -19.3149 -16.0501 -25.1213 -19.4328 -15.4199 -24.8069 -19.2435 -16.5614 -26.4113
4 0 -19.5202 8.65 39.5069 -19.5652 7.5232 40.177 -19.3735 9.9832 41.592 -19.4091 9.8528 40.7328
4 0 -19.4923 9.1409 39.4698 -19.5202 8.65 39.5069 -19.4091 9.8528 40.7328 -19.4643 9.4827 39.7102
4 0 -19.8157 -7.5657 34.6255 -19.8736 -4.7579 34.0214 -19.8318 -7.7342 31.784 -19.8188 -8.1652 32.483
4 0 -19.808 -8.1405 34.1353 -19.8157 -7.5657 34.6255 -19.8188 -8.1652 32.483 -19.8079 -8.3913 33.4443
4 0 -19.8742 -4.5513 34.5221 -19.8736 -4.7579 34.0214 -19.8157 -7.5657 34.6255 -19.8443 -5.74 35.5596
3 0 -19.8828 -3.7637 35.4721 -19.8742 -4.5513 34.5221 -19.8443 -5.74 35.5596
4 0 -18.7162 -8.1496 51.3376 -18.6978 -8.6053 51.7593 -18.4423 -6.5794 52.7292 -18.6162 -7.2155 51.6349
3 0 -18.6967 -7.7183 51.2505 -18.7162 -8.1496 51.3376 -18.6162 -7.2155 51.6349
4 0 -19.08 -9.1117 48.8334 -19.1892 -9.6239 48.2124 -19.4293 -11.1223 47.0639 -18.9793 -11.0064 50.7887
3 0 -18.9383 -10.6764 50.9422 -18.8935 -10.0775 50.9696 -18.9793 -11.0064 50.7887
3 0 -18.8856 -8.9388 50.3711 -18.9563 -8.8948 49.7496 -18.8935 -10.0775 50.9696
4 0 -11.9434 -5.0053 -45.8331 -12.393 -2.6423 -44.5236 -11.3963 -2.5008 -45.5906 -11.0794 -3.2846 -46.2127
3 0 -11.9434 -5.0053 -45.8331 -13.2649 -3.9033 -43.9784 -12.393 -2.6423 -44.5236
3 0 -10.7952 -4.8711 -47.0721 -10.6696 -3.3548 -46.6951 -10.3367 -4.6774 -47.519
4 0 -11.9434 -5.0053 -45.8331 -11.0794 -3.2846 -46.2127 -10.6696 -3.3548 -46.6951 -10.7952 -4.8711 -47.0721
4 0 -8.8371 -2.1243 -48.3257 -9.1509 -3.0084 -48.2762 -9.7789 -4.043 -47.9266 -10.1376 -2.6402 -47.0466
4 0 -10.1376 -2.6402 -47.0466 -9.7789 -4.043 -47.9266 -10.3367 -4.6774 -47.519 -10.6696 -3.3548 -46.6951
4 0 -9.933 -1.1889 -46.7804 -8.7729 -1.4123 -48.1546 -8.8371 -2.1243 -48.3257 -10.1376 -2.6402 -47.0466
4 0 -8.7729 -1.4123 -48.1546 -9.933 -1.1889 -46.7804 -9.1346 -0.5907 -47.4696 -8.8936 -0.8938 -47.8427
4 0 -9.1346 -0.5907 -47.4696 -9.933 -1.1889 -46.7804 -9.7189 -0.7166 -46.8587 -9.4312 -0.5245 -47.115
4 0 -16.2653 10.0887 -4.3247 -16.2559 9.8777 -7.4479 -16.5535 9.117 -7.0611 -16.3537 9.8381 -4.5348
3 0 -16.8413 8.4568 -5.6823 -16.7519 8.7415 -5.0543 -16.7564 8.6278 -6.4036
4 0 -17.4479 5.7287 13.2517 -17.3112 6.0356 14.8162 -16.4346 8.0034 13.1262 -16.6697 7.4756 12.5833
3 0 -16.4978 7.8616 11.7254 -17.2709 6.1261 11.569 -16.5951 7.643 11.8623
4 0 -17.4479 5.7287 13.2517 -16.6697 7.4756 12.5833 -16.5951 7.643 11.8623 -17.2709 6.1261 11.569
4 0 -13.5963 -14.6616 -49.2111 -13.7543 -15.5705 -49.5559 -14.4157 -13.8813 -47.7218 -13.6677 -14.4636 -49.0038
4 0 -18.6504 2.6021 -32.5851 -17.9616 3.047 -34.7209 -17.8191 2.9455 -35.2571 -18.6824 2.0083 -32.7651
3 0 -18.8344 3.3307 -31.6014 -18.6206 4.6703 -31.6792 -18.6504 2.6021 -32.5851
4 0 -17.9935 5.5545 -33.3902 -18.6206 4.6703 -31.6792 -18.4091 5.6206 -31.9387 -18.1892 5.715 -32.6438
4 0 -18.6206 4.6703 -31.6792 -17.9935 5.5545 -33.3902 -17.9616 3.047 -34.7209 -18.6504 2.6021 -32.5851
3 0 -17.8191 2.9455 -35.2571 -17.7015 3.2244 -35.523 -17.056 3.774 -37.46
4 0 -17.5921 10.1448 -32.525 -17.6657 8.0715 -33.2838 -17.948 7.5729 -32.5624 -18.0418 8.9152 -31.5882
3 0 -18.1119 7.4536 -32.0606 -18.1963 7.6515 -31.676 -17.948 7.5729 -32.5624
4 0 -18.1963 7.6515 -31.676 -18.1963 8.2796 -31.3701 -18.0418 8.9152 -31.5882 -17.948 7.5729 -32.5624
3 0 -17.4195 8.0934 -34.1141 -17.6657 8.0715 -33.2838 -17.5921 10.1448 -32.525
3 0 -12.6044 -29.6218 -32.348 -11.3292 -31.0059 -33.6183 -11.2934 -31.0324 -33.2188
3 0 -13.3621 -28.8185 -32.2611 -13.4359 -28.7443 -32.3957 -12.6044 -29.6218 -32.348
4 0 -12.2062 -30.1316 -35.4602 -12.6044 -29.6218 -32.348 -13.4359 -28.7443 -32.3957 -12.6882 -29.6294 -35.7137
4 0 -11.3292 -31.0059 -33.6183 -12.6044 -29.6218 -32.348 -12.2062 -30.1316 -35.4602 -11.7767 -30.5679 -34.8399
4 0 -15.4208 10.0263 10.4493 -15.8363 9.7147 10.1594 -15.783 9.466 11.87 -15.2984 10.0781 10.7663
3 0 -18.6804 -13.1461 52.1373 -18.7838 -12.995 51.3722 -18.8414 -15.454 49.654
4 0 -18.9332 -12.4794 50.4167 -18.958 -14.9094 48.9804 -18.8414 -15.454 49.654 -18.7838 -12.995 51.3722
3 0 -19.3413 -13.0345 46.8103 -19.4465 -11.6611 46.6509 -19.4259 -12.5355 46.3746
4 0 -19.4465 -11.6611 46.6509 -19.3413 -13.0345 46.8103 -19.1662 -13.6602 47.919 -19.4293 -11.1223 47.0639
4 0 -18.958 -14.9094 48.9804 -18.9332 -12.4794 50.4167 -18.975 -11.8312 50.4052 -19.1662 -13.6602 47.919
3 0 -17.077 7.9699 -3.8431 -17.2478 7.5041 -1.4271 -16.3955 9.8279 -2.8628
4 0 -17.4317 7.0029 -3.7286 -17.5646 6.6405 -2.5284 -17.2478 7.5041 -1.4271 -17.077 7.9699 -3.8431
3 0 -17.6264 6.472 -3.3643 -17.5646 6.6405 -2.5284 -17.4317 7.0029 -3.7286
3 0 -15.1272 9.6462 13.1386 -13.7503 10.4059 14.3854 -14.3985 10.3226 12.7791
4 0 -15.4044 9.2655 13.7339 -15.0935 9.3436 14.3624 -14.285 9.8806 14.7569 -15.1272 9.6462 13.1386
3 0 -19.8336 -0.1496 33.859 -19.8257 -0.7791 33.8319 -19.8526 0.2155 34.1183
4 0 -17.3869 -23.0107 32.4704 -16.7436 -24.0704 32.0491 -16.109 -25.2707 32.1565 -16.3197 -25.696 34.9061
4 0 -15.7309 -25.9173 31.9894 -15.6462 -26.7307 34.212 -16.3197 -25.696 34.9061 -16.109 -25.2707 32.1565
4 0 -15.5241 -26.2023 31.6655 -14.726 -27.2803 30.342 -15.2693 -27.5647 34.6855 -15.3459 -27.2714 34.1709
4 0 -15.5241 -26.2023 31.6655 -15.3459 -27.2714 34.1709 -15.6462 -26.7307 34.212 -15.7309 -25.9173 31.9894
3 0 -15.0536 -26.7122 30.4603 -14.726 -27.2803 30.342 -15.5241 -26.2023 31.6655
3 0 -18.007 -14.5587 54.4306 -17.3182 -13.7219 55.4057 -18.523 -10.889 54.566
4 0 -15.6894 -10.6415 57.9332 -18.523 -10.889 54.566 -17.3182 -13.7219 55.4057 -15.9723 -13.0701 57.1126
4 0 -15.5109 -12.6212 57.7432 -15.4792 -11.6676 57.9725 -15.6894 -10.6415 57.9332 -15.9723 -13.0701 57.1126
3 0 -15.9037 -24.7664 50.7268 -14.6961 -25.4429 50.7455 -15.913 -24.676 50.973
4 0 -13.9278 -26.0709 50.1856 -13.522 -26.154 50.6093 -14.6961 -25.4429 50.7455 -14.5714 -25.6559 50.3333
3 0 -16.7705 22.7383 -22.2509 -16.1768 22.6914 -22.9498 -16.8688 21.0298 -23.7607
4 0 -18.0928 13.6587 -23.4409 -17.91 14.7082 -25.0962 -18.6647 11.575 -24.2603 -18.3635 12.5889 -23.4117
3 0 -18.6559 11.5288 -23.8567 -18.3635 12.5889 -23.4117 -18.6647 11.575 -24.2603
3 0 -17.9856 14.1165 -23.6227 -17.91 14.7082 -25.0962 -18.0928 13.6587 -23.4409
4 0 -17.872 14.7954 -24.7858 -17.91 14.7082 -25.0962 -17.9856 14.1165 -23.6227 -17.8672 14.7172 -24.2994
3 0 -14.6522 11.9299 -5.7212 -16.0086 10.417 -4.0493 -15.9355 10.5354 -3.6216
4 0 -16.2653 10.0887 -4.3247 -16.0086 10.417 -4.0493 -14.6522 11.9299 -5.7212 -15.4017 10.9856 -6.3198
4 0 -16.0247 10.1462 -7.5844 -16.2559 9.8777 -7.4479 -15.4017 10.9856 -6.3198 -15.6331 10.6526 -7.0871
3 0 -16.2653 10.0887 -4.3247 -15.4017 10.9856 -6.3198 -16.2559 9.8777 -7.4479
4 0 -11.9293 -35.0754 -50.1564 -11.9041 -34.5757 -49.6784 -13.4465 -34.0902 -53.1112 -12.2351 -35.1856 -51.0087
4 0 -13.2243 -34.83 -53.1735 -13.0064 -35.0153 -52.7855 -12.2351 -35.1856 -51.0087 -13.4465 -34.0902 -53.1112
4 0 -19.573 -13.2346 -26.5043 -19.3116 -15.5169 -27.1987 -19.2435 -16.5614 -26.4113 -19.4328 -15.4199 -24.8069
3 0 -19.6547 -13.3553 -24.4908 -19.573 -13.2346 -26.5043 -19.4328 -15.4199 -24.8069
3 0 -19.7324 -11.1557 -27.5594 -19.7123 -11.7182 -26.7798 -19.8156 -11.4182 -25.2094
3 0 -19.7123 -11.7182 -26.7798 -19.6609 -12.3913 -26.4336 -19.8156 -11.4182 -25.2094
3 0 -19.2538 -16.1206 -27.1392 -19.2435 -16.5614 -26.4113 -19.3116 -15.5169 -27.1987
3 0 -19.0666 -15.9498 -31.5235 -19.3945 -13.2047 -30.3965 -19.612 -10.776 -30.959
3 0 -19.0666 -15.9498 -31.5235 -19.347 -13.807 -30.12 -19.3945 -13.2047 -30.3965
4 0 -19.347 -13.807 -30.12 -19.0666 -15.9498 -31.5235 -19.0667 -16.4549 -30.4334 -19.286 -14.803 -29.2848
3 0 -19.109 -16.3288 -29.7984 -19.286 -14.803 -29.2848 -19.0667 -16.4549 -30.4334
4 0 -19.2471 -15.2597 -29.1353 -19.286 -14.803 -29.2848 -19.109 -16.3288 -29.7984 -19.1768 -15.8843 -29.3009
4 0 -19.6343 -11.5552 -28.8037 -19.612 -10.776 -30.959 -19.3945 -13.2047 -30.3965 -19.4742 -12.7112 -29.7502
3 0 -19.8736 -4.7579 34.0214 -19.8589 -4.8922 33.6957 -19.8318 -7.7342 31.784
4 0 -19.7026 -5.6818 30.5687 -19.7948 -4.7499 32.6488 -19.7288 -3.8386 31.9587 -19.6756 -4.4602 30.7152
4 0 -19.8589 -4.8922 33.6957 -19.7948 -4.7499 32.6488 -19.7711 -7.038 31.0768 -19.8318 -7.7342 31.784
4 0 -19.7711 -7.038 31.0768 -19.7948 -4.7499 32.6488 -19.7026 -5.6818 30.5687 -19.7315 -6.3658 30.7257
4 0 -19.7052 -3.6754 31.629 -19.6865 -3.7367 31.2725 -19.6756 -4.4602 30.7152 -19.7288 -3.8386 31.9587
3 0 -17.3825 -23.651 40.1616 -16.2656 -26.0573 38.8094 -16.5925 -25.2691 41.5213
4 0 -16.2656 -26.0573 38.8094 -17.3825 -23.651 40.1616 -17.5239 -23.41 38.5738 -16.4885 -25.6024 38.374
3 0 -17.5239 -23.41 38.5738 -16.6528 -25.2756 37.8244 -16.4885 -25.6024 38.374
4 0 -16.6528 -25.2756 37.8244 -17.5239 -23.41 38.5738 -17.7324 -23.0473 36.4374 -16.8259 -24.9562 36.5542
4 0 -16.2656 -26.0573 38.8094 -15.9783 -26.6541 39.0747 -15.6178 -27.3116 41.9256 -16.5925 -25.2691 41.5213
3 0 -15.5581 -27.5578 38.6104 -15.6178 -27.3116 41.9256 -15.6211 -27.4065 39.1139
3 0 -15.6211 -27.4065 39.1139 -15.6178 -27.3116 41.9256 -15.9783 -26.6541 39.0747
3 0 -15.8363 9.7147 10.1594 -15.907 9.2132 11.7269 -15.783 9.466 11.87
4 0 -16.1971 8.952 9.8684 -16.2724 8.4583 11.3519 -15.907 9.2132 11.7269 -15.8363 9.7147 10.1594
3 0 -16.5347 8.1697 9.9129 -16.2724 8.4583 11.3519 -16.1971 8.952 9.8684
4 0 -16.4978 7.8616 11.7254 -16.2724 8.4583 11.3519 -16.5347 8.1697 9.9129 -16.8613 7.3565 10.2171
4 0 -19.629 5.512 41.882 -19.2271 4.5227 43.8629 -18.8547 4.1067 45.323 -18.2577 6.3512 45.4823
4 0 -18.3979 4.5427 46.4052 -18.2577 6.3512 45.4823 -18.8547 4.1067 45.323 -18.6378 4.192 45.9279
4 0 -17.8786 6.3439 46.6568 -18.2577 6.3512 45.4823 -18.3979 4.5427 46.4052 -18.0409 5.4424 46.8316
3 0 -17.8407 6.1427 46.9243 -17.8786 6.3439 46.6568 -18.0409 5.4424 46.8316
3 0 -13.4359 -28.7443 -32.3957 -13.6867 -28.2618 -33.2708 -12.6882 -29.6294 -35.7137
3 0 -13.491 -28.3949 -35.1936 -13.2085 -28.8054 -35.632 -13.5852 -28.2775 -34.8402
3 0 -19.8443 -5.74 35.5596 -19.8442 -5.4534 35.7062 -19.8828 -3.7637 35.4721
4 0 -19.8758 -3.1626 35.9684 -19.8828 -3.7637 35.4721 -19.8442 -5.4534 35.7062 -19.7886 -3.8125 38.0868
4 0 -19.8758 -3.1626 35.9684 -19.7886 -3.8125 38.0868 -19.7805 -2.737 38.8541 -19.8766 -2.852 36.1038
4 0 -14.5024 -28.0514 35.5397 -15.2693 -27.5647 34.6855 -13.7365 -27.9417 31.7066 -13.5494 -28.4865 35.2661
4 0 -14.1267 -27.6337 30.7973 -13.7365 -27.9417 31.7066 -15.2693 -27.5647 34.6855 -14.726 -27.2803 30.342
4 0 -16.8913 20.8306 -22.3315 -16.876 21.0991 -22.0666 -16.7705 22.7383 -22.2509 -16.8688 21.0298 -23.7607
3 0 -16.8913 20.8306 -22.3315 -16.8688 21.0298 -23.7607 -16.8991 20.6384 -22.9737
3 0 -18.531 0.6237 -33.5458 -18.6159 0.8061 -33.2399 -18.6623 1.2368 -32.999
4 0 -16.9903 2.3297 -37.9862 -17.1242 2.0428 -37.6309 -17.8191 2.9455 -35.2571 -17.056 3.774 -37.46
3 0 -17.7277 1.5946 -35.8427 -17.8191 2.9455 -35.2571 -17.1242 2.0428 -37.6309
4 0 -18.531 0.6237 -33.5458 -18.6623 1.2368 -32.999 -18.6824 2.0083 -32.7651 -18.2827 0.7786 -34.288
3 0 -11.2934 -31.0324 -33.2188 -11.3151 -30.6897 -32.0928 -12.6044 -29.6218 -32.348
4 0 -11.1057 -30.9 -32.1798 -11.3151 -30.6897 -32.0928 -11.2934 -31.0324 -33.2188 -11.0293 -31.0762 -32.5577
4 0 -15.8149 -19.6752 -42.3479 -15.0888 -19.8437 -44.6304 -15.0533 -20.1195 -44.6994 -15.7159 -20.7868 -42.4855
4 0 -15.0888 -19.8437 -44.6304 -15.8149 -19.6752 -42.3479 -15.8683 -18.5069 -42.3645 -15.1211 -18.8262 -44.69
4 0 -15.0729 -18.2805 -44.9302 -15.1211 -18.8262 -44.69 -15.8683 -18.5069 -42.3645 -15.8248 -18.0026 -42.5832
4 0 -14.9304 -17.6837 -45.4785 -15.2297 -15.9141 -44.809 -15.0414 -13.9083 -45.7279 -14.7158 -17.2635 -46.2279
4 0 -14.4157 -13.8813 -47.7218 -15.0414 -13.9083 -45.7279 -14.9603 -13.6123 -46.033 -14.8371 -13.493 -46.4438
4 0 -14.4157 -13.8813 -47.7218 -14.4513 -17.2474 -47.0718 -14.7158 -17.2635 -46.2279 -15.0414 -13.9083 -45.7279
4 0 -13.7793 -18.2928 -49.0421 -14.4513 -17.2474 -47.0718 -14.4157 -13.8813 -47.7218 -13.7543 -15.5705 -49.5559
3 0 -13.522 -16.332 -50.1731 -13.7793 -18.2928 -49.0421 -13.7543 -15.5705 -49.5559
3 0 -13.4416 -16.3689 -50.4229 -13.7793 -18.2928 -49.0421 -13.522 -16.332 -50.1731
4 0 -13.4416 -16.3689 -50.4229 -12.844 -17.895 -52.08 -13.7598 -18.8171 -49.0206 -13.7793 -18.2928 -49.0421
4 0 -15.8248 -18.0026 -42.5832 -15.2297 -15.9141 -44.809 -14.9304 -17.6837 -45.4785 -15.0729 -18.2805 -44.9302
4 0 -14.8218 -24.533 -45.5206 -15.0247 -24.7027 -44.8424 -15.3034 -24.172 -43.9029 -15.3679 -23.419 -43.6789
4 0 -14.8021 -21.2204 -45.5525 -15.3679 -23.419 -43.6789 -15.6991 -21.2858 -42.5472 -14.994 -20.9477 -44.9064
4 0 -15.0533 -20.1195 -44.6994 -14.994 -20.9477 -44.9064 -15.6991 -21.2858 -42.5472 -15.7159 -20.7868 -42.4855
4 0 -14.1552 -22.6135 -47.7345 -14.4139 -23.7156 -46.8791 -14.8021 -21.2204 -45.5525 -14.31 -21.2386 -47.2016
4 0 -14.4139 -23.7156 -46.8791 -14.8218 -24.533 -45.5206 -15.3679 -23.419 -43.6789 -14.8021 -21.2204 -45.5525
4 0 -14.166 -21.5979 -47.688 -14.1194 -22.0717 -47.849 -14.1552 -22.6135 -47.7345 -14.31 -21.2386 -47.2016
4 0 -13.8852 -20.3853 -48.6163 -13.7635 -19.062 -49.0105 -12.9918 -19.3595 -51.5997 -13.5614 -21.1544 -49.7095
4 0 -13.8182 -21.1715 -48.8492 -13.8852 -20.3853 -48.6163 -13.5614 -21.1544 -49.7095 -13.7037 -21.2696 -49.2339
4 0 -12.844 -17.895 -52.08 -12.9918 -19.3595 -51.5997 -13.7635 -19.062 -49.0105 -13.7598 -18.8171 -49.0206
4 0 -18.1596 4.866 -16.5033 -18.4198 4.1782 -16.2983 -18.1752 4.8094 -14.4408 -17.9682 5.3598 -14.7325
4 0 -17.7993 5.8187 -16.2343 -18.1596 4.866 -16.5033 -17.9682 5.3598 -14.7325 -17.7519 5.944 -15.607
3 0 -17.7372 5.9829 -15.9481 -17.7993 5.8187 -16.2343 -17.7519 5.944 -15.607
3 0 -18.5172 3.9205 -16.074 -18.1752 4.8094 -14.4408 -18.4198 4.1782 -16.2983
4 0 -18.4984 3.9643 -14.4955 -18.1752 4.8094 -14.4408 -18.5172 3.9205 -16.074 -18.6064 3.6846 -15.4098
4 0 -17.9485 9.4666 45.6424 -18.2886 11.0275 44.3557 -18.6211 10.8621 43.4743 -18.5407 9.3903 44.0239
3 0 -18.8722 10.2751 42.9115 -18.5407 9.3903 44.0239 -18.6211 10.8621 43.4743
3 0 -19.3735 9.9832 41.592 -19.0578 8.8124 42.7246 -19.0218 10.1257 42.5317
4 0 -19.0077 6.9715 43.2729 -19.0835 7.6999 42.9014 -19.3735 9.9832 41.592 -19.629 5.512 41.882
3 0 -19.3735 9.9832 41.592 -19.0835 7.6999 42.9014 -19.0578 8.8124 42.7246
3 0 -18.2577 6.3512 45.4823 -18.6525 6.3581 44.3905 -19.629 5.512 41.882
3 0 -18.6525 6.3581 44.3905 -18.8556 6.5499 43.7867 -19.629 5.512 41.882
3 0 -18.2886 11.0275 44.3557 -17.6414 9.2501 46.5387 -17.0662 8.1422 48.3738
3 0 -17.4625 8.4005 47.2218 -17.0662 8.1422 48.3738 -17.6414 9.2501 46.5387
3 0 -18.8556 6.5499 43.7867 -19.0077 6.9715 43.2729 -19.629 5.512 41.882
3 0 -18.2886 11.0275 44.3557 -17.9485 9.4666 45.6424 -17.6414 9.2501 46.5387
3 0 -16.9754 8.1864 48.5896 -16.8227 8.4424 48.8947 -17.0662 8.1422 48.3738
4 0 -16.6779 9.5635 48.9036 -17.0662 8.1422 48.3738 -16.8227 8.4424 48.8947 -16.7016 9.1513 48.9753
4 0 -17.3123 10.8841 46.8747 -17.0662 8.1422 48.3738 -16.6779 9.5635 48.9036 -16.7455 10.1266 48.5524
3 0 -18.8414 -15.454 49.654 -18.491 -16.0082 50.9796 -18.6804 -13.1461 52.1373
4 0 -18.1199 -15.844 52.9332 -18.6804 -13.1461 52.1373 -18.491 -16.0082 50.9796 -18.1803 -16.0687 52.4701
3 0 -18.523 -10.889 54.566 -18.4168 -12.4672 53.936 -18.007 -14.5587 54.4306
3 0 -18.4168 -12.4672 53.936 -18.5024 -13.0917 53.0567 -18.007 -14.5587 54.4306
4 0 -15.6894 -10.6415 57.9332 -15.7148 -9.4609 57.493 -18.4065 -10.017 54.4182 -18.523 -10.889 54.566
3 0 -18.3557 -6.1509 53.2086 -18.4464 -8.721 53.9449 -17.6075 -5.5354 53.8973
3 0 -18.4065 -10.017 54.4182 -16.632 -8.2067 55.9406 -18.4464 -8.721 53.9449
3 0 -18.4065 -10.017 54.4182 -15.7148 -9.4609 57.493 -16.632 -8.2067 55.9406
3 0 -15.6653 -10.5464 57.9295 -15.7148 -9.4609 57.493 -15.6894 -10.6415 57.9332
4 0 -15.993 -5.669 55.8638 -16.6168 -5.1296 54.9437 -17.6075 -5.5354 53.8973 -16.5236 -7.2564 55.7535
4 0 -16.632 -8.2067 55.9406 -16.5236 -7.2564 55.7535 -17.6075 -5.5354 53.8973 -18.4464 -8.721 53.9449
4 0 -16.6168 -5.1296 54.9437 -15.993 -5.669 55.8638 -15.9837 -5.3037 55.7549 -16.1694 -5.1066 55.469
3 0 -15.5581 -27.5578 38.6104 -14.7939 -27.74 42.0105 -15.6178 -27.3116 41.9256
4 0 -13.9093 -28.5375 36.8884 -13.15 -28.8742 37.8631 -15.5581 -27.5578 38.6104 -15.0416 -27.9044 37.4566
4 0 -13.7719 -28.2561 42.3502 -14.7939 -27.74 42.0105 -15.5581 -27.5578 38.6104 -13.1763 -28.6253 41.4915
4 0 -13.1763 -28.6253 41.4915 -15.5581 -27.5578 38.6104 -13.15 -28.8742 37.8631 -12.8658 -28.9298 39.3138
4 0 -16.3481 9.8845 -0.9266 -16.3955 9.8279 -2.8628 -17.2478 7.5041 -1.4271 -16.6557 9.0551 -0.6658
4 0 -17.1744 7.6808 -0.8951 -17.0937 7.8886 -0.6935 -16.6557 9.0551 -0.6658 -17.2478 7.5041 -1.4271
3 0 -19.8156 -11.4182 -25.2094 -19.8067 -8.9937 -26.1087 -19.7324 -11.1557 -27.5594
3 0 -19.7971 -7.8702 -26.6748 -19.7339 -7.7499 -28.4392 -19.8067 -8.9937 -26.1087
4 0 -19.7841 -7.3323 -27.1788 -19.7682 -7.3181 -27.6181 -19.7339 -7.7499 -28.4392 -19.7971 -7.8702 -26.6748
3 0 -19.6849 -7.916 -29.7361 -19.6662 -8.3367 -30.1353 -19.7339 -7.7499 -28.4392
3 0 -19.6281 -9.6379 -30.8264 -19.612 -10.776 -30.959 -19.6368 -9.4733 -30.6337
4 0 -19.8067 -8.9937 -26.1087 -19.7339 -7.7499 -28.4392 -19.6662 -8.3367 -30.1353 -19.722 -11.1232 -27.8508
4 0 -19.612 -10.776 -30.959 -19.722 -11.1232 -27.8508 -19.6662 -8.3367 -30.1353 -19.6368 -9.4733 -30.6337
3 0 -19.7324 -11.1557 -27.5594 -19.8067 -8.9937 -26.1087 -19.722 -11.1232 -27.8508
4 0 -19.8869 -1.603 35.7124 -19.8968 0.9653 35.367 -19.9112 0.7539 35.0149 -19.9046 -1.4063 35.2635
4 0 -19.8424 2.4414 36.6703 -19.8968 0.9653 35.367 -19.8869 -1.603 35.7124 -19.783 0.2984 38.288
3 0 -19.8766 -2.852 36.1038 -19.7805 -2.737 38.8541 -19.8722 -2.6438 36.1945
4 0 -19.8722 -2.6438 36.1945 -19.7805 -2.737 38.8541 -19.7707 -1.7358 38.9752 -19.8698 -2.2199 36.1962
4 0 -19.8869 -1.603 35.7124 -19.8698 -2.2199 36.1962 -19.7707 -1.7358 38.9752 -19.783 0.2984 38.288
3 0 -16.3197 -25.696 34.9061 -16.6537 -25.0795 35.3196 -17.3869 -23.0107 32.4704
4 0 -17.8155 -22.7609 35.8421 -16.6537 -25.0795 35.3196 -16.8259 -24.9562 36.5542 -17.7324 -23.0473 36.4374
4 0 -16.6537 -25.0795 35.3196 -17.8155 -22.7609 35.8421 -18.1494 -21.9069 35.0081 -17.3869 -23.0107 32.4704
4 0 -18.1792 -21.6261 33.8588 -17.3869 -23.0107 32.4704 -18.1494 -21.9069 35.0081 -18.214 -21.6468 34.3478
3 16 -16.468 -33.139 -59.836 -13.772 -27.088 -49.065 -15.861 -24.459 -61.362
4 16 -15.6991 -21.2858 -42.5472 -15.3679 -23.419 -43.6789 -15.3034 -24.172 -43.9029 -16.609 -21.686 -39.502
4 16 -12.245 -30.154 -37.68 -16.609 -21.686 -39.502 -15.3034 -24.172 -43.9029 -15.0328 -24.6945 -44.0584
3 16 -12.245 -30.154 -37.68 -13.772 -27.088 -49.065 -10.693 -34.957 -46.983
3 16 -13.7489 -31.1991 -51.8511 -13.772 -27.088 -49.065 -13.9392 -30.9991 -52.1777
3 16 -12.245 -30.154 -37.68 -10.693 -34.957 -46.983 -6.959 -35.696 -36.098
3 16 -6.959 -35.696 -36.098 -10.693 -34.957 -46.983 -5.976 -40.033 -44.905
4 16 -6.959 -35.696 -36.098 -5.976 -40.033 -44.905 0.091 -42.446 -44.093 -0.066 -38.922 -36.102
4 16 -15.8683 -18.5069 -42.3645 -16.609 -21.686 -39.502 -16.494 -8.574 -41.959 -15.8248 -18.0026 -42.5832
4 16 -16.494 -8.574 -41.959 -7.718 -4.091 -50.249 -13.6677 -14.4636 -49.0038 -14.4157 -13.8813 -47.7218
3 16 -5.976 -40.033 -44.905 -10.693 -34.957 -46.983 -6.498 -43.367 -50.657
3 16 -6.498 -43.367 -50.657 -10.693 -34.957 -46.983 -12.657 -39.867 -55.949
3 16 -12.657 -39.867 -55.949 -12.2351 -35.1856 -51.0087 -13.0064 -35.0153 -52.7855
3 16 -12.6044 -29.6218 -32.348 -13.595 -28.556 -31.69 -13.3621 -28.8185 -32.2611
3 16 -18.581 -20.556 -32.026 -13.491 -28.3949 -35.1936 -13.5852 -28.2775 -34.8402
3 16 -12.245 -30.154 -37.68 -18.581 -20.556 -32.026 -16.609 -21.686 -39.502
3 16 -16.494 -8.574 -41.959 -18.531 0.6237 -33.5458 -18.2827 0.7786 -34.288
3 16 -17.665 11.011 -31.854 -19.776 0.821 -29.608 -19.454 8.298 -23.386
3 16 -17.9272 14.0141 -25.9339 -17.665 11.011 -31.854 -18.1503 13.0742 -25.7052
3 16 -17.263 15.59 -16.787 -18.0928 13.6587 -23.4409 -18.3635 12.5889 -23.4117
3 16 -16.598 8.995 -16.367 -17.263 15.59 -16.787 -19.454 8.298 -23.386
3 16 -13.245 13.421 -13.947 -17.263 15.59 -16.787 -16.598 8.995 -16.367
4 16 -17.02 18.403 -26.082 -17.263 15.59 -16.787 -16.8913 20.8306 -22.3315 -16.8991 20.6384 -22.9737
3 16 -17.102 21.944 -14.12 -16.679 24.327 -20.847 -17.263 15.59 -16.787
3 16 -12.616 19.027 -30.68 -17.02 18.403 -26.082 -12.439 25.136 -24.755
3 16 -17.665 11.011 -31.854 -12.616 19.027 -30.68 -16.0719 11.2645 -33.6043
3 16 -17.02 18.403 -26.082 -12.616 19.027 -30.68 -17.665 11.011 -31.854
4 16 -7.718 -4.091 -50.249 -8.7729 -1.4123 -48.1546 -8.8936 -0.8938 -47.8427 -8.486 3.009 -46.967
4 16 -16.9903 2.3297 -37.9862 -16.5642 2.6262 -38.3535 -12.8422 -2.8743 -44.1111 -13.2516 -3.5101 -43.8689
3 16 0.883 -32.738 36.944 -6.856 -32.243 37.018 0.577 -32.78 30.305
3 16 0.577 -32.78 30.305 -6.856 -32.243 37.018 -6.822 -31.173 30.306
3 16 0.856 -32.607 45.52 -6.856 -32.243 37.018 0.883 -32.738 36.944
3 16 -6.856 -32.243 37.018 0.856 -32.607 45.52 -6.515 -31.378 44.656
3 16 0.856 -32.607 45.52 1.035 -30.757 51.749 -6.515 -31.378 44.656
3 16 -6.515 -31.378 44.656 1.035 -30.757 51.749 -6.877 -29.336 52.277
3 16 -6.877 -29.336 52.277 -15.66 -27.138 44.263 -6.515 -31.378 44.656
3 16 -6.515 -31.378 44.656 -15.66 -27.138 44.263 -6.856 -32.243 37.018
3 16 -14.5714 -25.6559 50.3333 -15.66 -27.138 44.263 -13.9278 -26.0709 50.1856
3 16 -6.856 -32.243 37.018 -12.8658 -28.9298 39.3138 -13.15 -28.8742 37.8631
3 16 -15.524 -27.698 36.722 -13.5494 -28.4865 35.2661 -6.856 -32.243 37.018
3 16 -13.5494 -28.4865 35.2661 -15.524 -27.698 36.722 -14.5024 -28.0514 35.5397
3 16 -13.074 -10.413 61.041 -17.269 -19.808 54.237 -11.412 -19.706 60.21
3 16 -18.523 -10.889 54.566 -18.4065 -10.017 54.4182 -18.4464 -8.721 53.9449
3 16 -19.016 -20.344 36.272 -17.3825 -23.651 40.1616 -19.168 -20.136 44.616
4 16 -17.7324 -23.0473 36.4374 -17.5239 -23.41 38.5738 -17.3825 -23.651 40.1616 -19.016 -20.344 36.272
4 16 -16.6537 -25.0795 35.3196 -16.3197 -25.696 34.9061 -15.524 -27.698 36.722 -16.8259 -24.9562 36.5542
4 16 -17.3869 -23.0107 32.4704 -18.581 -20.006 29.745 -15.0536 -26.7122 30.4603 -16.7436 -24.0704 32.0491
4 16 -19.168 -20.136 44.616 -17.269 -19.808 54.237 -18.1803 -16.0687 52.4701 -18.491 -16.0082 50.9796
4 16 -19.016 -20.344 36.272 -19.168 -20.136 44.616 -19.778 -11.212 44.178 -19.735 -11.354 35.808
4 16 -18.4464 -8.721 53.9449 -18.8935 -10.0775 50.9696 -18.9383 -10.6764 50.9422 -18.523 -10.889 54.566
3 16 -19.735 -11.354 35.808 -18.581 -20.006 29.745 -19.016 -20.344 36.272
3 16 -19.735 -11.354 35.808 -19.785 -11.068 29.278 -18.581 -20.006 29.745
3 16 -19.778 -11.212 44.178 -18.222 -2.365 52.124 -19.63 -2.557 43.162
3 16 -19.735 -11.354 35.808 -19.778 -11.212 44.178 -19.63 -2.557 43.162
3 16 -19.6756 -4.4602 30.7152 -19.6865 -3.7367 31.2725 -19.576 -2.581 29.929
4 16 -19.9046 -1.4063 35.2635 -19.9 -2.88 35.433 -19.8698 -2.2199 36.1962 -19.8869 -1.603 35.7124
4 16 -19.8526 0.2155 34.1183 -19.923 4.552 34.578 -19.576 -2.581 29.929 -19.8336 -0.1496 33.859
3 16 -19.576 -2.581 29.929 -19.923 4.552 34.578 -17.567 3.521 27.908
3 16 -19.923 4.552 34.578 -14.037 7.076 27.077 -17.567 3.521 27.908
3 16 -19.923 4.552 34.578 -17.197 12.188 33.559 -14.037 7.076 27.077
3 16 -13.749 29.083 36.304 -14.246 24.206 36.609 -16.21 25.125 40.388
3 16 -13.749 29.083 36.304 -16.21 25.125 40.388 -15.236 30.064 39.472
3 16 -13.749 29.083 36.304 -15.236 30.064 39.472 -14.855 34.759 38.005
3 16 -12.335 8.785 52.818 -18.222 -2.365 52.124 -12.401 -1.495 58.77
3 16 -12.335 8.785 52.818 -16.709 7.299 49.548 -18.222 -2.365 52.124
3 16 -12.335 8.785 52.818 -16.488 14.663 47.756 -16.709 7.299 49.548
3 16 -12.335 8.785 52.818 -12.515 15.592 50.399 -16.488 14.663 47.756
3 16 -15.966 20.662 46.239 -16.488 14.663 47.756 -12.515 15.592 50.399
3 16 -15.966 20.662 46.239 -17.8938 16.4582 43.0502 -19.192 13.16 41.386
3 16 -19.192 13.16 41.386 -16.488 14.663 47.756 -15.966 20.662 46.239
3 16 -16.6779 9.5635 48.9036 -16.7016 9.1513 48.9753 -16.709 7.299 49.548
3 16 -17.507 16.1842 38.919 -17.371 16.7022 38.8637 -15.54 18.932 35.628
3 16 -19.192 13.16 41.386 -15.54 18.932 35.628 -17.197 12.188 33.559
3 16 -15.966 20.662 46.239 -12.515 15.592 50.399 -12.439 21.521 49.026
3 16 -12.439 21.521 49.026 -15.38 26.199 44.706 -15.966 20.662 46.239
3 16 -14.666 31.249 42.824 -13.881 35.821 40.977 -14.855 34.759 38.005
3 16 -14.666 31.249 42.824 -14.855 34.759 38.005 -15.236 30.064 39.472
3 16 -15.236 30.064 39.472 -15.38 26.199 44.706 -14.666 31.249 42.824
3 16 -15.236 30.064 39.472 -16.21 25.125 40.388 -15.38 26.199 44.706
3 16 -19.192 13.16 41.386 -17.197 12.188 33.559 -19.923 4.552 34.578
3 16 -19.629 5.512 41.882 -19.63 -2.557 43.162 -18.222 -2.365 52.124
3 16 -18.222 -2.365 52.124 -18.3979 4.5427 46.4052 -18.6378 4.192 45.9279
3 16 -20 -12 20 -19.576 -2.581 29.929 -20 0 20
3 16 -20 -12 20 -19.785 -11.068 29.278 -19.576 -2.581 29.929
3 16 -18.478 -19.654 20 -19.785 -11.068 29.278 -20 -12 20
3 16 -18.478 -19.654 20 -18.581 -20.006 29.745 -19.785 -11.068 29.278
3 16 -19.576 -2.581 29.929 -17.567 3.521 27.908 -20 0 20
3 16 -17.567 3.521 27.908 -14.914 8.126 19.417 -20 0 20
3 16 -17.567 3.521 27.908 -14.037 7.076 27.077 -14.914 8.126 19.417
3 16 -18.478 -19.654 20 -14.142 -26.142 20 -14.672 -27.252 29.91
3 16 -14.672 -27.252 29.91 -18.581 -20.006 29.745 -18.478 -19.654 20
3 16 -7.654 -30.478 20 -14.672 -27.252 29.91 -14.142 -26.142 20
3 16 -7.654 -30.478 20 -6.822 -31.173 30.306 -14.672 -27.252 29.91
3 16 0.577 -32.78 30.305 -6.822 -31.173 30.306 -7.654 -30.478 20
3 16 0.577 -32.78 30.305 -7.654 -30.478 20 0 -32 20
3 16 -17.102 21.944 -14.12 -17.263 15.59 -16.787 -11.618 18.043 -12.243
3 16 -11.618 18.043 -12.243 -17.263 15.59 -16.787 -13.245 13.421 -13.947
3 16 -7.654 -30.478 -20 -7.312 -33.768 -30.475 0.047 -36.858 -29.323
3 16 -7.654 -30.478 -20 0.047 -36.858 -29.323 0 -32 -20
3 16 -7.312 -33.768 -30.475 -7.654 -30.478 -20 -14.142 -26.142 -20
3 16 -14.142 -26.142 -20 -13.595 -28.556 -31.69 -7.312 -33.768 -30.475
3 16 -13.595 -28.556 -31.69 -14.142 -26.142 -20 -18.478 -19.654 -20
3 16 -18.478 -19.654 -20 -18.581 -20.556 -32.026 -13.595 -28.556 -31.69
3 16 -18.478 -19.654 -20 -19.3149 -16.0501 -25.1213 -19.2354 -16.5327 -25.823
3 16 -20 -12 -20 -19.6547 -13.3553 -24.4908 -19.4328 -15.4199 -24.8069
3 16 -19.776 0.821 -29.608 -19.7682 -7.3181 -27.6181 -19.7841 -7.3323 -27.1788
3 16 -19.454 8.298 -23.386 -19.776 0.821 -29.608 -20 0 -20
3 16 -19.454 8.298 -23.386 -20 0 -20 -16.598 8.995 -16.367
3 16 -11.361 14.257 30.123 -14.037 7.076 27.077 -17.197 12.188 33.559
3 16 -11.361 14.257 30.123 -8.993 9.187 26.327 -14.037 7.076 27.077
3 16 -11.361 14.257 30.123 -17.197 12.188 33.559 -15.54 18.932 35.628
3 16 -11.194 13.094 11.953 -14.914 8.126 19.417 -9.388 11.581 19.681
3 16 -9.388 11.581 19.681 -14.914 8.126 19.417 -14.037 7.076 27.077
3 16 -11.194 13.094 11.953 -14.3985 10.3226 12.7791 -13.7503 10.4059 14.3854
3 16 -11.194 13.094 11.953 -15.1803 10.1196 11.0203 -15.4149 9.7847 11.7421
3 16 -16.02 10.572 4.263 -12.496 13.618 4.383 -12.9 13.914 -2.976
4 16 -16.2588 10.1893 -2.7766 -15.9574 10.5252 -2.6965 -15.848 10.6378 -3.251 -16.269 10.173 -3.076
4 16 -12.887 13.848 -8.609 -16.249 9.721 -9.768 -16.0247 10.1462 -7.5844 -15.6331 10.6526 -7.0871
3 16 -16.249 9.721 -9.768 -12.887 13.848 -8.609 -13.245 13.421 -13.947
3 16 -16.249 9.721 -9.768 -13.245 13.421 -13.947 -16.598 8.995 -16.367
3 16 -18.5172 3.9205 -16.074 -18.4198 4.1782 -16.2983 -20 0 -20
3 16 -14.914 8.126 19.417 -16.2067 7.9374 14.3055 -16.3764 7.3583 15.188
4 16 -20 0 11.017 -16.02 10.572 4.263 -17.0937 7.8886 -0.6935 -20 0 3.209
3 16 -17.6264 6.472 -3.3643 -17.4317 7.0029 -3.7286 -20 0 -6.618
3 16 -14.037 7.076 27.077 -8.993 9.187 26.327 -9.388 11.581 19.681
3 16 -8.486 3.009 -46.967 -14.4218 6.0136 -38.9479 -14.0825 6.6385 -38.9445
3 16 -13.8023 12.8988 -3.9319 -13.9411 12.754 -3.2846 -12.9 13.914 -2.976
4 16 -19.8828 -3.7637 35.4721 -19.9 -2.88 35.433 -19.8736 -4.7579 34.0214 -19.8742 -4.5513 34.5221
4 16 -14.1196 -24.8858 52.074 -12.2104 -24.3176 54.1784 -13.6094 -23.0873 54.5758 -14.2151 -24.4915 52.4666
3 16 -17.4479 5.7287 13.2517 -17.2709 6.1261 11.569 -20 0 11.017
4 16 -6.959 -35.696 -36.098 -11.7767 -30.5679 -34.8399 -12.2062 -30.1316 -35.4602 -12.245 -30.154 -37.68
4 16 -15.2984 10.0781 10.7663 -12.496 13.618 4.383 -16.02 10.572 4.263 -15.4208 10.0263 10.4493
4 16 -19.3413 -13.0345 46.8103 -19.4259 -12.5355 46.3746 -19.778 -11.212 44.178 -19.168 -20.136 44.616
4 16 -19.168 -20.136 44.616 -15.66 -27.138 44.263 -15.9037 -24.7664 50.7268 -16.0495 -24.4856 50.7064
3 16 -16.3955 9.8279 -2.8628 -16.269 10.173 -3.076 -17.077 7.9699 -3.8431
3 16 -14.914 8.126 19.417 -15.4044 9.2655 13.7339 -15.783 9.466 11.87
4 16 -17.3081 20.0549 40.582 -14.246 24.206 36.609 -15.54 18.932 35.628 -17.2383 19.5586 40.0447
3 16 -16.5925 -25.2691 41.5213 -15.66 -27.138 44.263 -17.3825 -23.651 40.1616
4 16 -16.4885 -25.6024 38.374 -16.6528 -25.2756 37.8244 -16.8259 -24.9562 36.5542 -15.524 -27.698 36.722
3 16 -14.3867 10.0223 -36.4724 -14.9399 11.2727 -34.9637 -11.908 11.927 -38.179
3 16 -16.7479 11.0427 -32.9384 -17.665 11.011 -31.854 -16.0719 11.2645 -33.6043
4 16 -16.2724 8.4583 11.3519 -16.4978 7.8616 11.7254 -15.783 9.466 11.87 -15.907 9.2132 11.7269
4 16 -19.8828 -3.7637 35.4721 -19.8758 -3.1626 35.9684 -19.8766 -2.852 36.1038 -19.9 -2.88 35.433
4 16 -16.1987 -23.9858 50.9944 -16.2041 -23.631 51.6737 -17.269 -19.808 54.237 -19.168 -20.136 44.616
3 16 -13.7365 -27.9417 31.7066 -14.1267 -27.6337 30.7973 -6.822 -31.173 30.306
3 16 -13.4416 -16.3689 -50.4229 -13.522 -16.332 -50.1731 -13.7543 -15.5705 -49.5559
4 16 -18.6525 6.3581 44.3905 -18.2577 6.3512 45.4823 -17.9485 9.4666 45.6424 -18.5407 9.3903 44.0239
3 16 -15.9837 -5.3037 55.7549 -15.993 -5.669 55.8638 -12.401 -1.495 58.77
3 16 -16.3955 9.8279 -2.8628 -16.2588 10.1893 -2.7766 -16.269 10.173 -3.076
4 16 -17.4612 20.1603 40.8881 -16.21 25.125 40.388 -14.246 24.206 36.609 -17.3081 20.0549 40.582
3 16 -18.8495 -12.216 -33.3377 -19.1849 -10.9718 -32.3874 -16.494 -8.574 -41.959
3 16 -19.8026 2.3388 37.6678 -19.7833 1.9536 38.1628 -19.629 5.512 41.882
3 16 -18.214 -21.6468 34.3478 -18.1494 -21.9069 35.0081 -19.016 -20.344 36.272
4 16 -12.2734 -17.4505 -52.5762 -12.1364 -17.1065 -52.3103 -7.184 -11.588 -53.922 -8.143 -16.847 -60.41
3 16 -8.143 -16.847 -60.41 -12.4816 -17.8142 -52.7221 -12.2734 -17.4505 -52.5762
4 16 -7.718 -4.091 -50.249 -7.184 -11.588 -53.922 -12.1364 -17.1065 -52.3103 -12.3587 -16.588 -51.9066
4 16 -12.4816 -17.8142 -52.7221 -8.143 -16.847 -60.41 -15.861 -24.459 -61.362 -13.1376 -18.5337 -52.9832
4 16 -13.1376 -18.5337 -52.9832 -15.861 -24.459 -61.362 -13.772 -27.088 -49.065 -13.1274 -18.9995 -52.5527
3 16 -13.772 -27.088 -49.065 -12.9918 -19.3595 -51.5997 -13.1274 -18.9995 -52.5527
3 16 -16.609 -21.686 -39.502 -15.7159 -20.7868 -42.4855 -15.6991 -21.2858 -42.5472
4 16 -15.0247 -24.7027 -44.8424 -13.772 -27.088 -49.065 -12.245 -30.154 -37.68 -15.0328 -24.6945 -44.0584
4 16 -13.6291 -33.3552 -53.0493 -14.0542 -32.6136 -53.5751 -16.468 -33.139 -59.836 -13.4465 -34.0902 -53.1112
3 16 -11.993 -33.8674 -49.4059 -11.9041 -34.5757 -49.6784 -10.693 -34.957 -46.983
3 16 -12.2229 -33.0817 -49.4244 -11.993 -33.8674 -49.4059 -10.693 -34.957 -46.983
3 16 -16.468 -33.139 -59.836 -14.0542 -32.6136 -53.5751 -14.2446 -32.0975 -53.6833
3 16 -16.468 -33.139 -59.836 -14.2446 -32.0975 -53.6833 -14.2775 -31.2188 -53.1562
4 16 -12.2229 -33.0817 -49.4244 -10.693 -34.957 -46.983 -13.772 -27.088 -49.065 -12.38 -32.7454 -49.5757
4 16 -16.468 -33.139 -59.836 -14.2775 -31.2188 -53.1562 -14.0914 -30.9538 -52.5183 -13.772 -27.088 -49.065
3 16 -12.7629 -32.3314 -50.2249 -12.38 -32.7454 -49.5757 -13.772 -27.088 -49.065
4 16 -13.772 -27.088 -49.065 -13.7489 -31.1991 -51.8511 -13.1739 -32.1968 -51.1361 -12.7629 -32.3314 -50.2249
3 16 -13.772 -27.088 -49.065 -14.0914 -30.9538 -52.5183 -13.9392 -30.9991 -52.1777
3 16 -16.494 -8.574 -41.959 -14.4157 -13.8813 -47.7218 -14.8371 -13.493 -46.4438
3 16 -16.494 -8.574 -41.959 -14.8371 -13.493 -46.4438 -14.9603 -13.6123 -46.033
3 16 -15.8149 -19.6752 -42.3479 -15.7159 -20.7868 -42.4855 -16.609 -21.686 -39.502
3 16 -15.8683 -18.5069 -42.3645 -15.8149 -19.6752 -42.3479 -16.609 -21.686 -39.502
3 16 -16.494 -8.574 -41.959 -14.9603 -13.6123 -46.033 -15.0414 -13.9083 -45.7279
4 16 -15.8248 -18.0026 -42.5832 -16.494 -8.574 -41.959 -15.0414 -13.9083 -45.7279 -15.2297 -15.9141 -44.809
4 16 -12.3587 -16.588 -51.9066 -13.5963 -14.6616 -49.2111 -13.6677 -14.4636 -49.0038 -7.718 -4.091 -50.249
4 16 -13.7543 -15.5705 -49.5559 -13.5963 -14.6616 -49.2111 -12.3587 -16.588 -51.9066 -13.4416 -16.3689 -50.4229
3 16 -10.693 -34.957 -46.983 -11.9041 -34.5757 -49.6784 -11.9293 -35.0754 -50.1564
4 16 -12.2351 -35.1856 -51.0087 -12.657 -39.867 -55.949 -10.693 -34.957 -46.983 -11.9293 -35.0754 -50.1564
4 16 -13.4465 -34.0902 -53.1112 -16.468 -33.139 -59.836 -12.657 -39.867 -55.949 -13.2243 -34.83 -53.1735
3 16 -13.0064 -35.0153 -52.7855 -13.2243 -34.83 -53.1735 -12.657 -39.867 -55.949
4 16 -6.498 -43.367 -50.657 0 -45.473 -49.09 0.091 -42.446 -44.093 -5.976 -40.033 -44.905
4 16 -7.312 -33.768 -30.475 -6.959 -35.696 -36.098 -0.066 -38.922 -36.102 0.047 -36.858 -29.323
3 16 -11.2934 -31.0324 -33.2188 -6.959 -35.696 -36.098 -11.0293 -31.0762 -32.5577
4 16 -11.1057 -30.9 -32.1798 -11.0293 -31.0762 -32.5577 -6.959 -35.696 -36.098 -7.312 -33.768 -30.475
4 16 -12.6044 -29.6218 -32.348 -11.3151 -30.6897 -32.0928 -7.312 -33.768 -30.475 -13.595 -28.556 -31.69
3 16 -7.312 -33.768 -30.475 -11.3151 -30.6897 -32.0928 -11.1057 -30.9 -32.1798
3 16 -13.595 -28.556 -31.69 -13.4359 -28.7443 -32.3957 -13.3621 -28.8185 -32.2611
3 16 -12.245 -30.154 -37.68 -12.6882 -29.6294 -35.7137 -13.2085 -28.8054 -35.632
4 16 -18.581 -20.556 -32.026 -13.6867 -28.2618 -33.2708 -13.4359 -28.7443 -32.3957 -13.595 -28.556 -31.69
4 16 -13.2085 -28.8054 -35.632 -13.491 -28.3949 -35.1936 -18.581 -20.556 -32.026 -12.245 -30.154 -37.68
3 16 -13.5852 -28.2775 -34.8402 -13.6867 -28.2618 -33.2708 -18.581 -20.556 -32.026
4 16 -19.776 0.821 -29.608 -16.494 -8.574 -41.959 -19.3366 -10.5815 -31.9306 -19.6281 -9.6379 -30.8264
3 16 -19.776 0.821 -29.608 -18.6824 2.0083 -32.7651 -18.6623 1.2368 -32.999
3 16 -19.776 0.821 -29.608 -18.6623 1.2368 -32.999 -18.6159 0.8061 -33.2399
3 16 -17.1242 2.0428 -37.6309 -16.9903 2.3297 -37.9862 -16.494 -8.574 -41.959
4 16 -17.1242 2.0428 -37.6309 -16.494 -8.574 -41.959 -18.2827 0.7786 -34.288 -17.7277 1.5946 -35.8427
4 16 -16.494 -8.574 -41.959 -19.776 0.821 -29.608 -18.6159 0.8061 -33.2399 -18.531 0.6237 -33.5458
3 16 -17.665 11.011 -31.854 -17.5921 10.1448 -32.525 -18.0418 8.9152 -31.5882
3 16 -17.665 11.011 -31.854 -18.0418 8.9152 -31.5882 -18.1963 8.2796 -31.3701
4 16 -19.776 0.821 -29.608 -18.8344 3.3307 -31.6014 -18.6504 2.6021 -32.5851 -18.6824 2.0083 -32.7651
3 16 -19.776 0.821 -29.608 -17.665 11.011 -31.854 -18.1963 8.2796 -31.3701
4 16 -18.1963 8.2796 -31.3701 -18.6206 4.6703 -31.6792 -18.8344 3.3307 -31.6014 -19.776 0.821 -29.608
4 16 -18.1963 8.2796 -31.3701 -18.1963 7.6515 -31.676 -18.4091 5.6206 -31.9387 -18.6206 4.6703 -31.6792
3 16 -18.1963 7.6515 -31.676 -18.1119 7.4536 -32.0606 -18.4091 5.6206 -31.9387
4 16 -18.1892 5.715 -32.6438 -17.948 7.5729 -32.5624 -17.6657 8.0715 -33.2838 -17.9935 5.5545 -33.3902
4 16 -17.1801 5.2485 -36.3178 -17.9935 5.5545 -33.3902 -17.6657 8.0715 -33.2838 -17.4195 8.0934 -34.1141
4 16 -17.948 7.5729 -32.5624 -18.1892 5.715 -32.6438 -18.4091 5.6206 -31.9387 -18.1119 7.4536 -32.0606
4 16 -17.9616 3.047 -34.7209 -17.9935 5.5545 -33.3902 -17.1801 5.2485 -36.3178 -17.4199 4.5178 -35.8547
4 16 -17.8191 2.9455 -35.2571 -17.9616 3.047 -34.7209 -17.4199 4.5178 -35.8547 -17.7015 3.2244 -35.523
4 16 -18.1503 13.0742 -25.7052 -17.665 11.011 -31.854 -19.454 8.298 -23.386 -18.526 11.8242 -24.8631
3 16 -19.454 8.298 -23.386 -18.6647 11.575 -24.2603 -18.526 11.8242 -24.8631
3 16 -17.8646 14.5662 -25.601 -17.91 14.7082 -25.0962 -17.02 18.403 -26.082
4 16 -17.8646 14.5662 -25.601 -17.02 18.403 -26.082 -17.665 11.011 -31.854 -17.9272 14.0141 -25.9339
3 16 -17.02 18.403 -26.082 -17.91 14.7082 -25.0962 -17.872 14.7954 -24.7858
3 16 -17.02 18.403 -26.082 -17.872 14.7954 -24.7858 -17.8672 14.7172 -24.2994
3 16 -18.6559 11.5288 -23.8567 -18.6647 11.575 -24.2603 -19.454 8.298 -23.386
4 16 -17.263 15.59 -16.787 -18.3635 12.5889 -23.4117 -18.6559 11.5288 -23.8567 -19.454 8.298 -23.386
4 16 -17.9856 14.1165 -23.6227 -17.263 15.59 -16.787 -17.02 18.403 -26.082 -17.8672 14.7172 -24.2994
3 16 -17.263 15.59 -16.787 -17.9856 14.1165 -23.6227 -18.0928 13.6587 -23.4409
3 16 -16.679 24.327 -20.847 -16.7705 22.7383 -22.2509 -16.7865 22.5254 -21.8944
3 16 -16.679 24.327 -20.847 -16.7865 22.5254 -21.8944 -16.8239 21.9508 -21.7703
3 16 -16.8991 20.6384 -22.9737 -16.8688 21.0298 -23.7607 -17.02 18.403 -26.082
4 16 -16.679 24.327 -20.847 -16.8239 21.9508 -21.7703 -16.876 21.0991 -22.0666 -17.263 15.59 -16.787
3 16 -17.263 15.59 -16.787 -16.876 21.0991 -22.0666 -16.8913 20.8306 -22.3315
3 16 -17.02 18.403 -26.082 -16.8688 21.0298 -23.7607 -16.6256 21.1699 -23.8962
3 16 -17.02 18.403 -26.082 -16.6256 21.1699 -23.8962 -15.5743 22.0372 -24.2336
4 16 -15.5743 22.0372 -24.2336 -16.1768 22.6914 -22.9498 -16.679 24.327 -20.847 -12.439 25.136 -24.755
3 16 -16.7705 22.7383 -22.2509 -16.679 24.327 -20.847 -16.1768 22.6914 -22.9498
3 16 -12.439 25.136 -24.755 -17.02 18.403 -26.082 -15.5743 22.0372 -24.2336
3 16 -12.616 19.027 -30.68 -11.908 11.927 -38.179 -16.0719 11.2645 -33.6043
3 16 -16.494 -8.574 -41.959 -13.2649 -3.9033 -43.9784 -11.9434 -5.0053 -45.8331
4 16 -11.3963 -2.5008 -45.5906 -10.1376 -2.6402 -47.0466 -10.6696 -3.3548 -46.6951 -11.0794 -3.2846 -46.2127
3 16 -12.393 -2.6423 -44.5236 -8.486 3.009 -46.967 -9.7189 -0.7166 -46.8587
3 16 -16.494 -8.574 -41.959 -11.9434 -5.0053 -45.8331 -10.7952 -4.8711 -47.0721
4 16 -10.3367 -4.6774 -47.519 -7.718 -4.091 -50.249 -16.494 -8.574 -41.959 -10.7952 -4.8711 -47.0721
3 16 -9.933 -1.1889 -46.7804 -10.1376 -2.6402 -47.0466 -11.3963 -2.5008 -45.5906
3 16 -7.718 -4.091 -50.249 -10.3367 -4.6774 -47.519 -9.7789 -4.043 -47.9266
4 16 -12.393 -2.6423 -44.5236 -9.7189 -0.7166 -46.8587 -9.933 -1.1889 -46.7804 -11.3963 -2.5008 -45.5906
3 16 -7.718 -4.091 -50.249 -9.7789 -4.043 -47.9266 -9.1509 -3.0084 -48.2762
3 16 -7.718 -4.091 -50.249 -9.1509 -3.0084 -48.2762 -8.8371 -2.1243 -48.3257
3 16 -9.4312 -0.5245 -47.115 -9.7189 -0.7166 -46.8587 -8.486 3.009 -46.967
3 16 -9.1346 -0.5907 -47.4696 -9.4312 -0.5245 -47.115 -8.486 3.009 -46.967
3 16 -7.718 -4.091 -50.249 -8.8371 -2.1243 -48.3257 -8.7729 -1.4123 -48.1546
3 16 -8.8936 -0.8938 -47.8427 -9.1346 -0.5907 -47.4696 -8.486 3.009 -46.967
4 16 -12.8422 -2.8743 -44.1111 -16.1689 3.6948 -38.4441 -8.486 3.009 -46.967 -12.393 -2.6423 -44.5236
4 16 -13.2649 -3.9033 -43.9784 -16.494 -8.574 -41.959 -16.9903 2.3297 -37.9862 -13.2516 -3.5101 -43.8689
3 16 -16.5642 2.6262 -38.3535 -16.1689 3.6948 -38.4441 -12.8422 -2.8743 -44.1111
4 16 -15.66 -27.138 44.263 -6.877 -29.336 52.277 -13.2583 -26.0451 51.3561 -13.522 -26.154 50.6093
4 16 -15.66 -27.138 44.263 -14.5714 -25.6559 50.3333 -14.6961 -25.4429 50.7455 -15.9037 -24.7664 50.7268
3 16 -15.66 -27.138 44.263 -13.522 -26.154 50.6093 -13.9278 -26.0709 50.1856
4 16 -13.7719 -28.2561 42.3502 -15.66 -27.138 44.263 -15.6178 -27.3116 41.9256 -14.7939 -27.74 42.0105
3 16 -15.0416 -27.9044 37.4566 -15.5581 -27.5578 38.6104 -15.524 -27.698 36.722
3 16 -13.9093 -28.5375 36.8884 -15.0416 -27.9044 37.4566 -15.524 -27.698 36.722
3 16 -6.856 -32.243 37.018 -15.66 -27.138 44.263 -13.7719 -28.2561 42.3502
3 16 -6.856 -32.243 37.018 -13.7719 -28.2561 42.3502 -13.1763 -28.6253 41.4915
3 16 -13.9093 -28.5375 36.8884 -15.524 -27.698 36.722 -6.856 -32.243 37.018
3 16 -13.15 -28.8742 37.8631 -13.9093 -28.5375 36.8884 -6.856 -32.243 37.018
3 16 -6.856 -32.243 37.018 -13.1763 -28.6253 41.4915 -12.8658 -28.9298 39.3138
3 16 -13.5494 -28.4865 35.2661 -6.822 -31.173 30.306 -6.856 -32.243 37.018
3 16 -15.524 -27.698 36.722 -15.2693 -27.5647 34.6855 -14.5024 -28.0514 35.5397
3 16 -13.074 -10.413 61.041 -15.6894 -10.6415 57.9332 -15.4792 -11.6676 57.9725
3 16 -13.074 -10.413 61.041 -15.4792 -11.6676 57.9725 -15.5109 -12.6212 57.7432
4 16 -15.9723 -13.0701 57.1126 -17.3182 -13.7219 55.4057 -18.007 -14.5587 54.4306 -17.269 -19.808 54.237
4 16 -15.9723 -13.0701 57.1126 -17.269 -19.808 54.237 -13.074 -10.413 61.041 -15.5109 -12.6212 57.7432
3 16 -17.3825 -23.651 40.1616 -15.66 -27.138 44.263 -19.168 -20.136 44.616
4 16 -15.7309 -25.9173 31.9894 -16.109 -25.2707 32.1565 -15.0536 -26.7122 30.4603 -15.5241 -26.2023 31.6655
4 16 -18.581 -20.006 29.745 -14.672 -27.252 29.91 -14.726 -27.2803 30.342 -15.0536 -26.7122 30.4603
3 16 -16.109 -25.2707 32.1565 -16.7436 -24.0704 32.0491 -15.0536 -26.7122 30.4603
3 16 -18.8414 -15.454 49.654 -19.168 -20.136 44.616 -18.491 -16.0082 50.9796
3 16 -17.269 -19.808 54.237 -18.007 -14.5587 54.4306 -18.1199 -15.844 52.9332
3 16 -17.269 -19.808 54.237 -18.1199 -15.844 52.9332 -18.1803 -16.0687 52.4701
3 16 -18.6804 -13.1461 52.1373 -18.523 -10.889 54.566 -18.9793 -11.0064 50.7887
4 16 -18.6804 -13.1461 52.1373 -18.9793 -11.0064 50.7887 -18.975 -11.8312 50.4052 -18.7838 -12.995 51.3722
3 16 -18.975 -11.8312 50.4052 -18.9332 -12.4794 50.4167 -18.7838 -12.995 51.3722
3 16 -19.778 -11.212 44.178 -19.4293 -11.1223 47.0639 -19.1892 -9.6239 48.2124
3 16 -19.778 -11.212 44.178 -19.1892 -9.6239 48.2124 -19.08 -9.1117 48.8334
4 16 -18.3557 -6.1509 53.2086 -18.222 -2.365 52.124 -18.6162 -7.2155 51.6349 -18.4423 -6.5794 52.7292
4 16 -19.778 -11.212 44.178 -19.08 -9.1117 48.8334 -18.6162 -7.2155 51.6349 -18.222 -2.365 52.124
4 16 -18.9563 -8.8948 49.7496 -18.6967 -7.7183 51.2505 -18.6162 -7.2155 51.6349 -19.08 -9.1117 48.8334
4 16 -18.9563 -8.8948 49.7496 -18.8856 -8.9388 50.3711 -18.7162 -8.1496 51.3376 -18.6967 -7.7183 51.2505
3 16 -18.7162 -8.1496 51.3376 -18.8856 -8.9388 50.3711 -18.6978 -8.6053 51.7593
4 16 -18.8856 -8.9388 50.3711 -18.8935 -10.0775 50.9696 -18.4464 -8.721 53.9449 -18.6978 -8.6053 51.7593
3 16 -18.9383 -10.6764 50.9422 -18.9793 -11.0064 50.7887 -18.523 -10.889 54.566
4 16 -19.8442 -5.4534 35.7062 -19.8443 -5.74 35.5596 -19.735 -11.354 35.808 -19.7886 -3.8125 38.0868
4 16 -19.7805 -2.737 38.8541 -19.7886 -3.8125 38.0868 -19.735 -11.354 35.808 -19.63 -2.557 43.162
3 16 -19.8318 -7.7342 31.784 -19.785 -11.068 29.278 -19.8188 -8.1652 32.483
4 16 -19.808 -8.1405 34.1353 -19.8079 -8.3913 33.4443 -19.785 -11.068 29.278 -19.735 -11.354 35.808
3 16 -19.8188 -8.1652 32.483 -19.785 -11.068 29.278 -19.8079 -8.3913 33.4443
3 16 -19.735 -11.354 35.808 -19.8443 -5.74 35.5596 -19.8157 -7.5657 34.6255
3 16 -19.735 -11.354 35.808 -19.8157 -7.5657 34.6255 -19.808 -8.1405 34.1353
3 16 -19.785 -11.068 29.278 -19.8318 -7.7342 31.784 -19.7711 -7.038 31.0768
4 16 -19.7052 -3.6754 31.629 -19.7288 -3.8386 31.9587 -19.8736 -4.7579 34.0214 -19.9 -2.88 35.433
4 16 -19.8589 -4.8922 33.6957 -19.8736 -4.7579 34.0214 -19.7288 -3.8386 31.9587 -19.7948 -4.7499 32.6488
3 16 -19.785 -11.068 29.278 -19.7711 -7.038 31.0768 -19.7315 -6.3658 30.7257
3 16 -19.785 -11.068 29.278 -19.7315 -6.3658 30.7257 -19.7026 -5.6818 30.5687
4 16 -19.785 -11.068 29.278 -19.7026 -5.6818 30.5687 -19.6756 -4.4602 30.7152 -19.576 -2.581 29.929
4 16 -19.9 -2.88 35.433 -19.576 -2.581 29.929 -19.6865 -3.7367 31.2725 -19.7052 -3.6754 31.629
4 16 -19.8766 -2.852 36.1038 -19.8722 -2.6438 36.1945 -19.8698 -2.2199 36.1962 -19.9 -2.88 35.433
4 16 -19.576 -2.581 29.929 -19.9 -2.88 35.433 -19.9046 -1.4063 35.2635 -19.8257 -0.7791 33.8319
3 16 -19.8526 0.2155 34.1183 -19.9112 0.7539 35.0149 -19.923 4.552 34.578
3 16 -19.576 -2.581 29.929 -19.8257 -0.7791 33.8319 -19.8336 -0.1496 33.859
3 16 -19.923 4.552 34.578 -19.629 5.512 41.882 -19.6191 6.5468 40.299
3 16 -19.4091 9.8528 40.7328 -19.3735 9.9832 41.592 -19.192 13.16 41.386
3 16 -19.4643 9.4827 39.7102 -19.4091 9.8528 40.7328 -19.192 13.16 41.386
4 16 -19.5652 7.5232 40.177 -19.5202 8.65 39.5069 -19.923 4.552 34.578 -19.6191 6.5468 40.299
4 16 -19.923 4.552 34.578 -19.4923 9.1409 39.4698 -19.4643 9.4827 39.7102 -19.192 13.16 41.386
3 16 -19.923 4.552 34.578 -19.5202 8.65 39.5069 -19.4923 9.1409 39.4698
3 16 -15.966 20.662 46.239 -17.3073 19.8506 41.8346 -17.2927 19.2081 42.5564
3 16 -15.966 20.662 46.239 -17.2927 19.2081 42.5564 -17.4072 18.2326 43.1175
3 16 -15.966 20.662 46.239 -17.4072 18.2326 43.1175 -17.5898 17.421 43.2429
3 16 -15.966 20.662 46.239 -17.5898 17.421 43.2429 -17.8938 16.4582 43.0502
4 16 -17.4786 11.3909 46.2917 -16.488 14.663 47.756 -19.192 13.16 41.386 -18.2886 11.0275 44.3557
4 16 -16.7455 10.1266 48.5524 -16.488 14.663 47.756 -17.4786 11.3909 46.2917 -17.3123 10.8841 46.8747
3 16 -16.9754 8.1864 48.5896 -17.0662 8.1422 48.3738 -16.709 7.299 49.548
3 16 -16.8227 8.4424 48.8947 -16.9754 8.1864 48.5896 -16.709 7.299 49.548
3 16 -16.488 14.663 47.756 -16.7455 10.1266 48.5524 -16.6779 9.5635 48.9036
3 16 -16.7016 9.1513 48.9753 -16.8227 8.4424 48.8947 -16.709 7.299 49.548
3 16 -16.709 7.299 49.548 -16.488 14.663 47.756 -16.6779 9.5635 48.9036
3 16 -15.54 18.932 35.628 -19.192 13.16 41.386 -17.808 15.58 39.3261
3 16 -17.1897 18.6778 39.465 -17.2383 19.5586 40.0447 -15.54 18.932 35.628
3 16 -17.371 16.7022 38.8637 -17.1897 18.6778 39.465 -15.54 18.932 35.628
3 16 -15.54 18.932 35.628 -17.808 15.58 39.3261 -17.507 16.1842 38.919
4 16 -17.4612 20.1603 40.8881 -17.4162 20.1728 41.2183 -15.38 26.199 44.706 -16.21 25.125 40.388
4 16 -18.6211 10.8621 43.4743 -19.192 13.16 41.386 -19.3735 9.9832 41.592 -19.0218 10.1257 42.5317
3 16 -19.0218 10.1257 42.5317 -18.8722 10.2751 42.9115 -18.6211 10.8621 43.4743
3 16 -18.6211 10.8621 43.4743 -18.2886 11.0275 44.3557 -19.192 13.16 41.386
3 16 -16.709 7.299 49.548 -18.2577 6.3512 45.4823 -17.8786 6.3439 46.6568
3 16 -16.709 7.299 49.548 -17.8786 6.3439 46.6568 -17.8407 6.1427 46.9243
3 16 -19.629 5.512 41.882 -18.222 -2.365 52.124 -19.2271 4.5227 43.8629
4 16 -18.0409 5.4424 46.8316 -18.3979 4.5427 46.4052 -18.222 -2.365 52.124 -16.709 7.299 49.548
3 16 -16.709 7.299 49.548 -17.8407 6.1427 46.9243 -18.0409 5.4424 46.8316
3 16 -18.8547 4.1067 45.323 -19.2271 4.5227 43.8629 -18.222 -2.365 52.124
3 16 -18.6378 4.192 45.9279 -18.8547 4.1067 45.323 -18.222 -2.365 52.124
4 16 -19.2435 -16.5614 -26.4113 -18.581 -20.556 -32.026 -18.478 -19.654 -20 -19.2354 -16.5327 -25.823
4 16 -20 -12 -20 -19.4328 -15.4199 -24.8069 -19.3149 -16.0501 -25.1213 -18.478 -19.654 -20
3 16 -20 -12 -20 -19.8156 -11.4182 -25.2094 -19.6547 -13.3553 -24.4908
4 16 -19.6368 -9.4733 -30.6337 -19.6662 -8.3367 -30.1353 -19.776 0.821 -29.608 -19.6281 -9.6379 -30.8264
4 16 -19.7971 -7.8702 -26.6748 -19.8067 -8.9937 -26.1087 -20 -12 -20 -20 0 -20
3 16 -19.8067 -8.9937 -26.1087 -19.8156 -11.4182 -25.2094 -20 -12 -20
3 16 -19.776 0.821 -29.608 -19.6662 -8.3367 -30.1353 -19.6849 -7.916 -29.7361
4 16 -19.776 0.821 -29.608 -19.7841 -7.3323 -27.1788 -19.7971 -7.8702 -26.6748 -20 0 -20
4 16 -19.7339 -7.7499 -28.4392 -19.7682 -7.3181 -27.6181 -19.776 0.821 -29.608 -19.6849 -7.916 -29.7361
3 16 -11.194 13.094 11.953 -15.783 9.466 11.87 -14.3985 10.3226 12.7791
4 16 -14.914 8.126 19.417 -11.194 13.094 11.953 -13.7503 10.4059 14.3854 -13.9611 10.135 14.7692
3 16 -15.783 9.466 11.87 -11.194 13.094 11.953 -15.4149 9.7847 11.7421
4 16 -12.496 13.618 4.383 -15.2984 10.0781 10.7663 -15.1803 10.1196 11.0203 -11.194 13.094 11.953
3 16 -15.9355 10.5354 -3.6216 -16.269 10.173 -3.076 -15.848 10.6378 -3.251
4 16 -15.4017 10.9856 -6.3198 -14.6522 11.9299 -5.7212 -12.887 13.848 -8.609 -15.6331 10.6526 -7.0871
3 16 -16.249 9.721 -9.768 -16.2559 9.8777 -7.4479 -16.0247 10.1462 -7.5844
3 16 -20 0 -13.391 -18.1752 4.8094 -14.4408 -18.4984 3.9643 -14.4955
3 16 -20 0 -13.391 -18.4984 3.9643 -14.4955 -18.6064 3.6846 -15.4098
3 16 -18.4198 4.1782 -16.2983 -18.1596 4.866 -16.5033 -20 0 -20
4 16 -20 0 -13.391 -18.6064 3.6846 -15.4098 -18.5172 3.9205 -16.074 -20 0 -20
3 16 -16.4346 8.0034 13.1262 -15.783 9.466 11.87 -16.4978 7.8616 11.7254
4 16 -16.4346 8.0034 13.1262 -16.4978 7.8616 11.7254 -16.5951 7.643 11.8623 -16.6697 7.4756 12.5833
4 16 -16.5347 8.1697 9.9129 -16.02 10.572 4.263 -20 0 11.017 -16.8613 7.3565 10.2171
3 16 -20 0 11.017 -17.2709 6.1261 11.569 -17.1308 6.6116 10.808
3 16 -20 0 11.017 -17.1308 6.6116 10.808 -16.8613 7.3565 10.2171
3 16 -16.1971 8.952 9.8684 -15.8363 9.7147 10.1594 -16.02 10.572 4.263
3 16 -16.5347 8.1697 9.9129 -16.1971 8.952 9.8684 -16.02 10.572 4.263
3 16 -15.783 9.466 11.87 -16.4346 8.0034 13.1262 -16.342 8.1088 13.2347
4 16 -14.914 8.126 19.417 -15.783 9.466 11.87 -16.342 8.1088 13.2347 -16.2067 7.9374 14.3055
3 16 -17.2386 6.0757 15.0206 -17.3112 6.0356 14.8162 -20 0 20
4 16 -14.914 8.126 19.417 -16.8914 6.4341 15.5309 -17.2386 6.0757 15.0206 -20 0 20
3 16 -16.3764 7.3583 15.188 -16.8914 6.4341 15.5309 -14.914 8.126 19.417
3 16 -16.02 10.572 4.263 -16.2087 10.2696 -1.2998 -16.3481 9.8845 -0.9266
3 16 -16.02 10.572 4.263 -16.3481 9.8845 -0.9266 -16.6557 9.0551 -0.6658
3 16 -17.1744 7.6808 -0.8951 -17.2478 7.5041 -1.4271 -20 0 3.209
3 16 -16.02 10.572 4.263 -16.6557 9.0551 -0.6658 -17.0937 7.8886 -0.6935
3 16 -17.0937 7.8886 -0.6935 -17.1744 7.6808 -0.8951 -20 0 3.209
4 16 -17.6264 6.472 -3.3643 -20 0 -6.618 -20 0 3.209 -17.5646 6.6405 -2.5284
3 16 -20 0 3.209 -17.2478 7.5041 -1.4271 -17.5646 6.6405 -2.5284
3 16 -17.4317 7.0029 -3.7286 -17.077 7.9699 -3.8431 -20 0 -6.618
4 16 -16.7564 8.6278 -6.4036 -20 0 -6.618 -17.077 7.9699 -3.8431 -16.8413 8.4568 -5.6823
4 16 -16.2653 10.0887 -4.3247 -16.3537 9.8381 -4.5348 -17.077 7.9699 -3.8431 -16.269 10.173 -3.076
3 16 -16.7519 8.7415 -5.0543 -17.077 7.9699 -3.8431 -16.3537 9.8381 -4.5348
3 16 -16.2559 9.8777 -7.4479 -16.249 9.721 -9.768 -16.5535 9.117 -7.0611
4 16 -20 0 -6.618 -16.7564 8.6278 -6.4036 -16.5535 9.117 -7.0611 -16.249 9.721 -9.768
3 16 -17.077 7.9699 -3.8431 -16.7519 8.7415 -5.0543 -16.8413 8.4568 -5.6823
4 16 -15.5847 -22.0227 53.8229 -17.269 -19.808 54.237 -16.2041 -23.631 51.6737 -15.9879 -23.4062 52.1041
4 16 -13.1973 -21.3865 56.8224 -17.269 -19.808 54.237 -15.5847 -22.0227 53.8229 -14.2384 -22.1762 55.0278
3 16 -14.2384 -22.1762 55.0278 -13.5515 -22.0685 55.8192 -13.1973 -21.3865 56.8224
4 16 -17.269 -19.808 54.237 -13.1973 -21.3865 56.8224 -12.9629 -21.4185 57.0272 -11.412 -19.706 60.21
4 16 -14.4218 6.0136 -38.9479 -8.486 3.009 -46.967 -16.1689 3.6948 -38.4441 -15.7349 4.3858 -38.5026
3 16 -14.4939 7.8316 -37.8178 -11.908 11.927 -38.179 -14.3016 7.6434 -38.1303
4 16 -8.486 3.009 -46.967 -14.0825 6.6385 -38.9445 -14.3016 7.6434 -38.1303 -11.908 11.927 -38.179
3 16 -12.887 13.848 -8.609 -14.6522 11.9299 -5.7212 -14.479 12.1239 -5.5982
3 16 -12.887 13.848 -8.609 -14.479 12.1239 -5.5982 -13.9675 12.7011 -4.9334
4 16 -14.2283 12.4414 -2.8731 -15.4407 11.1084 -2.1127 -16.2087 10.2696 -1.2998 -16.02 10.572 4.263
4 16 -13.8023 12.8988 -3.9319 -12.9 13.914 -2.976 -12.887 13.848 -8.609 -13.9675 12.7011 -4.9334
4 16 -16.02 10.572 4.263 -12.9 13.914 -2.976 -13.9411 12.754 -3.2846 -14.2283 12.4414 -2.8731
3 16 -11.412 -19.706 60.21 -12.9629 -21.4185 57.0272 -12.0999 -21.5042 57.575
3 16 -11.412 -19.706 60.21 -12.0999 -21.5042 57.575 -11.3906 -22.2135 57.2728
3 16 -12.9224 -26.0006 51.661 -13.2583 -26.0451 51.3561 -6.877 -29.336 52.277
3 16 -12.1554 -25.5446 52.7746 -12.9224 -26.0006 51.661 -6.877 -29.336 52.277
3 16 -6.877 -29.336 52.277 -11.412 -19.706 60.21 -11.3906 -22.2135 57.2728
4 16 -11.8836 -24.9341 53.6979 -6.877 -29.336 52.277 -11.3906 -22.2135 57.2728 -11.6147 -23.0064 56.1705
3 16 -11.8836 -24.9341 53.6979 -12.1554 -25.5446 52.7746 -6.877 -29.336 52.277
4 16 -11.6147 -23.0064 56.1705 -11.8757 -23.1764 55.7741 -12.2104 -24.3176 54.1784 -11.8836 -24.9341 53.6979
3 16 -11.8757 -23.1764 55.7741 -13.6094 -23.0873 54.5758 -12.2104 -24.3176 54.1784
4 16 -17.4479 5.7287 13.2517 -20 0 11.017 -20 0 20 -17.3112 6.0356 14.8162
3 16 -6.959 -35.696 -36.098 -11.2934 -31.0324 -33.2188 -11.3292 -31.0059 -33.6183
3 16 -6.959 -35.696 -36.098 -11.3292 -31.0059 -33.6183 -11.7767 -30.5679 -34.8399
3 16 -12.6882 -29.6294 -35.7137 -12.245 -30.154 -37.68 -12.2062 -30.1316 -35.4602
3 16 -16.02 10.572 4.263 -15.8363 9.7147 10.1594 -15.4208 10.0263 10.4493
3 16 -19.168 -20.136 44.616 -18.8414 -15.454 49.654 -18.958 -14.9094 48.9804
4 16 -19.3413 -13.0345 46.8103 -19.168 -20.136 44.616 -18.958 -14.9094 48.9804 -19.1662 -13.6602 47.919
3 16 -19.4465 -11.6611 46.6509 -19.4293 -11.1223 47.0639 -19.778 -11.212 44.178
3 16 -19.4259 -12.5355 46.3746 -19.4465 -11.6611 46.6509 -19.778 -11.212 44.178
3 16 -14.914 8.126 19.417 -13.9611 10.135 14.7692 -14.285 9.8806 14.7569
3 16 -14.914 8.126 19.417 -14.285 9.8806 14.7569 -15.0935 9.3436 14.3624
3 16 -15.1272 9.6462 13.1386 -14.3985 10.3226 12.7791 -15.783 9.466 11.87
3 16 -14.914 8.126 19.417 -15.0935 9.3436 14.3624 -15.4044 9.2655 13.7339
3 16 -15.4044 9.2655 13.7339 -15.1272 9.6462 13.1386 -15.783 9.466 11.87
3 16 -15.524 -27.698 36.722 -16.3197 -25.696 34.9061 -15.2693 -27.5647 34.6855
4 16 -15.3459 -27.2714 34.1709 -15.2693 -27.5647 34.6855 -16.3197 -25.696 34.9061 -15.6462 -26.7307 34.212
3 16 -18.581 -20.556 -32.026 -19.0666 -15.9498 -31.5235 -18.9488 -15.4543 -32.144
4 16 -18.581 -20.556 -32.026 -18.801 -14.329 -33.0787 -18.8023 -13.7177 -33.2624 -16.609 -21.686 -39.502
3 16 -18.581 -20.556 -32.026 -18.9488 -15.4543 -32.144 -18.801 -14.329 -33.0787
4 16 -15.9355 10.5354 -3.6216 -16.0086 10.417 -4.0493 -16.2653 10.0887 -4.3247 -16.269 10.173 -3.076
4 16 -19.0667 -16.4549 -30.4334 -18.581 -20.556 -32.026 -19.2435 -16.5614 -26.4113 -19.109 -16.3288 -29.7984
3 16 -19.0667 -16.4549 -30.4334 -19.0666 -15.9498 -31.5235 -18.581 -20.556 -32.026
4 16 -19.2471 -15.2597 -29.1353 -19.1768 -15.8843 -29.3009 -19.2538 -16.1206 -27.1392 -19.3116 -15.5169 -27.1987
3 16 -19.573 -13.2346 -26.5043 -19.6609 -12.3913 -26.4336 -19.7123 -11.7182 -26.7798
4 16 -19.7324 -11.1557 -27.5594 -19.722 -11.1232 -27.8508 -19.6343 -11.5552 -28.8037 -19.7123 -11.7182 -26.7798
4 16 -19.286 -14.803 -29.2848 -19.4742 -12.7112 -29.7502 -19.3945 -13.2047 -30.3965 -19.347 -13.807 -30.12
3 16 -19.573 -13.2346 -26.5043 -19.4742 -12.7112 -29.7502 -19.286 -14.803 -29.2848
4 16 -19.4742 -12.7112 -29.7502 -19.573 -13.2346 -26.5043 -19.7123 -11.7182 -26.7798 -19.6343 -11.5552 -28.8037
4 16 -19.2435 -16.5614 -26.4113 -19.2538 -16.1206 -27.1392 -19.1768 -15.8843 -29.3009 -19.109 -16.3288 -29.7984
4 16 -19.573 -13.2346 -26.5043 -19.286 -14.803 -29.2848 -19.2471 -15.2597 -29.1353 -19.3116 -15.5169 -27.1987
3 16 -16.5925 -25.2691 41.5213 -15.6178 -27.3116 41.9256 -15.66 -27.138 44.263
4 16 -16.4885 -25.6024 38.374 -15.524 -27.698 36.722 -15.5581 -27.5578 38.6104 -16.2656 -26.0573 38.8094
4 16 -15.6211 -27.4065 39.1139 -15.9783 -26.6541 39.0747 -16.2656 -26.0573 38.8094 -15.5581 -27.5578 38.6104
4 16 -15.2005 8.694 -36.3853 -14.3867 10.0223 -36.4724 -11.908 11.927 -38.179 -14.4939 7.8316 -37.8178
3 16 -14.9399 11.2727 -34.9637 -16.0719 11.2645 -33.6043 -11.908 11.927 -38.179
3 16 -16.7479 11.0427 -32.9384 -17.5921 10.1448 -32.525 -17.665 11.011 -31.854
4 16 -16.4003 6.7498 -36.2475 -17.1801 5.2485 -36.3178 -17.4195 8.0934 -34.1141 -16.6361 7.8584 -35.2168
3 16 -16.6361 7.8584 -35.2168 -16.2839 7.3405 -35.9901 -16.4003 6.7498 -36.2475
4 16 -15.966 20.662 46.239 -15.38 26.199 44.706 -17.4162 20.1728 41.2183 -17.3406 20.1194 41.5326
3 16 -17.3406 20.1194 41.5326 -17.3073 19.8506 41.8346 -15.966 20.662 46.239
3 16 -19.168 -20.136 44.616 -16.0495 -24.4856 50.7064 -16.1987 -23.9858 50.9944
3 16 -6.822 -31.173 30.306 -13.5494 -28.4865 35.2661 -13.7365 -27.9417 31.7066
4 16 -14.726 -27.2803 30.342 -14.672 -27.252 29.91 -6.822 -31.173 30.306 -14.1267 -27.6337 30.7973
3 16 -15.0533 -20.1195 -44.6994 -15.0888 -19.8437 -44.6304 -15.1211 -18.8262 -44.69
4 16 -15.1211 -18.8262 -44.69 -14.9304 -17.6837 -45.4785 -14.4513 -17.2474 -47.0718 -15.0533 -20.1195 -44.6994
3 16 -15.1211 -18.8262 -44.69 -15.0729 -18.2805 -44.9302 -14.9304 -17.6837 -45.4785
3 16 -14.9304 -17.6837 -45.4785 -14.7158 -17.2635 -46.2279 -14.4513 -17.2474 -47.0718
4 16 -15.0533 -20.1195 -44.6994 -14.4513 -17.2474 -47.0718 -13.7793 -18.2928 -49.0421 -13.7598 -18.8171 -49.0206
3 16 -13.772 -27.088 -49.065 -15.0247 -24.7027 -44.8424 -14.8218 -24.533 -45.5206
3 16 -13.772 -27.088 -49.065 -14.8218 -24.533 -45.5206 -14.4139 -23.7156 -46.8791
3 16 -12.9918 -19.3595 -51.5997 -13.772 -27.088 -49.065 -13.5614 -21.1544 -49.7095
4 16 -13.5614 -21.1544 -49.7095 -13.772 -27.088 -49.065 -14.4139 -23.7156 -46.8791 -14.1552 -22.6135 -47.7345
4 16 -14.1194 -22.0717 -47.849 -13.7037 -21.2696 -49.2339 -13.5614 -21.1544 -49.7095 -14.1552 -22.6135 -47.7345
3 16 -13.8182 -21.1715 -48.8492 -13.7037 -21.2696 -49.2339 -14.1194 -22.0717 -47.849
3 16 -13.7598 -18.8171 -49.0206 -13.7635 -19.062 -49.0105 -15.0533 -20.1195 -44.6994
4 16 -14.1194 -22.0717 -47.849 -14.166 -21.5979 -47.688 -13.8852 -20.3853 -48.6163 -13.8182 -21.1715 -48.8492
4 16 -14.8021 -21.2204 -45.5525 -15.0533 -20.1195 -44.6994 -13.7635 -19.062 -49.0105 -14.31 -21.2386 -47.2016
3 16 -14.8021 -21.2204 -45.5525 -14.994 -20.9477 -44.9064 -15.0533 -20.1195 -44.6994
4 16 -13.7635 -19.062 -49.0105 -13.8852 -20.3853 -48.6163 -14.166 -21.5979 -47.688 -14.31 -21.2386 -47.2016
4 16 -20 0 -20 -18.1596 4.866 -16.5033 -17.7993 5.8187 -16.2343 -16.598 8.995 -16.367
4 16 -20 0 -6.618 -16.249 9.721 -9.768 -18.1752 4.8094 -14.4408 -20 0 -13.391
3 16 -17.9682 5.3598 -14.7325 -18.1752 4.8094 -14.4408 -16.249 9.721 -9.768
4 16 -17.7519 5.944 -15.607 -17.9682 5.3598 -14.7325 -16.249 9.721 -9.768 -16.598 8.995 -16.367
3 16 -16.598 8.995 -16.367 -17.7993 5.8187 -16.2343 -17.7372 5.9829 -15.9481
3 16 -16.598 8.995 -16.367 -17.7372 5.9829 -15.9481 -17.7519 5.944 -15.607
4 16 -17.9485 9.4666 45.6424 -18.2577 6.3512 45.4823 -17.4625 8.4005 47.2218 -17.6414 9.2501 46.5387
4 16 -17.4625 8.4005 47.2218 -18.2577 6.3512 45.4823 -16.709 7.299 49.548 -17.0662 8.1422 48.3738
4 16 -18.6525 6.3581 44.3905 -18.5407 9.3903 44.0239 -19.0077 6.9715 43.2729 -18.8556 6.5499 43.7867
4 16 -19.0077 6.9715 43.2729 -18.5407 9.3903 44.0239 -19.0578 8.8124 42.7246 -19.0835 7.6999 42.9014
4 16 -18.5024 -13.0917 53.0567 -18.4168 -12.4672 53.936 -18.523 -10.889 54.566 -18.6804 -13.1461 52.1373
3 16 -18.222 -2.365 52.124 -18.3557 -6.1509 53.2086 -17.6075 -5.5354 53.8973
3 16 -18.222 -2.365 52.124 -17.6075 -5.5354 53.8973 -16.6168 -5.1296 54.9437
3 16 -15.6894 -10.6415 57.9332 -13.074 -10.413 61.041 -15.6653 -10.5464 57.9295
3 16 -15.6653 -10.5464 57.9295 -13.074 -10.413 61.041 -15.7148 -9.4609 57.493
4 16 -12.401 -1.495 58.77 -15.993 -5.669 55.8638 -15.7148 -9.4609 57.493 -13.074 -10.413 61.041
3 16 -18.222 -2.365 52.124 -16.6168 -5.1296 54.9437 -16.1694 -5.1066 55.469
4 16 -16.632 -8.2067 55.9406 -15.7148 -9.4609 57.493 -15.993 -5.669 55.8638 -16.5236 -7.2564 55.7535
4 16 -18.222 -2.365 52.124 -16.1694 -5.1066 55.469 -15.9837 -5.3037 55.7549 -12.401 -1.495 58.77
4 16 -18.8023 -13.7177 -33.2624 -18.7781 -13.1399 -33.4361 -16.494 -8.574 -41.959 -16.609 -21.686 -39.502
3 16 -18.7781 -13.1399 -33.4361 -18.8495 -12.216 -33.3377 -16.494 -8.574 -41.959
3 16 -19.1849 -10.9718 -32.3874 -19.3366 -10.5815 -31.9306 -16.494 -8.574 -41.959
4 16 -19.9112 0.7539 35.0149 -19.8968 0.9653 35.367 -19.8424 2.4414 36.6703 -19.923 4.552 34.578
3 16 -19.7805 -2.737 38.8541 -19.63 -2.557 43.162 -19.7707 -1.7358 38.9752
4 16 -19.783 0.2984 38.288 -19.63 -2.557 43.162 -19.629 5.512 41.882 -19.7833 1.9536 38.1628
3 16 -19.7707 -1.7358 38.9752 -19.63 -2.557 43.162 -19.783 0.2984 38.288
4 16 -19.629 5.512 41.882 -19.923 4.552 34.578 -19.8424 2.4414 36.6703 -19.8026 2.3388 37.6678
3 16 -18.581 -20.006 29.745 -17.3869 -23.0107 32.4704 -18.1792 -21.6261 33.8588
4 16 -18.581 -20.006 29.745 -18.1792 -21.6261 33.8588 -18.214 -21.6468 34.3478 -19.016 -20.344 36.272
4 16 -17.7324 -23.0473 36.4374 -19.016 -20.344 36.272 -18.1494 -21.9069 35.0081 -17.8155 -22.7609 35.8421
4 0 -17.3073 19.8506 41.8346 -17.3406 20.1194 41.5326 -17.4162 20.1728 41.2183 -17.581 19.685 40.936
3 0 -17.4612 20.1603 40.8881 -17.3081 20.0549 40.582 -17.581 19.685 40.936
3 0 -17.581 19.685 40.936 -17.4162 20.1728 41.2183 -17.4612 20.1603 40.8881
4 0 -17.371 16.7022 38.8637 -18.5656 15.6973 41.211 -17.581 19.685 40.936 -17.1897 18.6778 39.465
3 0 -17.3081 20.0549 40.582 -17.2383 19.5586 40.0447 -17.581 19.685 40.936
3 0 -17.2383 19.5586 40.0447 -17.1897 18.6778 39.465 -17.581 19.685 40.936
4 0 -17.507 16.1842 38.919 -17.808 15.58 39.3261 -18.5656 15.6973 41.211 -17.371 16.7022 38.8637
3 0 -18.5656 15.6973 41.211 -18.4428 15.7253 41.662 -17.581 19.685 40.936
4 0 -17.8938 16.4582 43.0502 -17.5898 17.421 43.2429 -18.4428 15.7253 41.662 -18.142 15.9977 42.5562
4 0 -17.581 19.685 40.936 -18.4428 15.7253 41.662 -17.5898 17.421 43.2429 -17.4072 18.2326 43.1175
4 0 -17.3073 19.8506 41.8346 -17.581 19.685 40.936 -17.4072 18.2326 43.1175 -17.2927 19.2081 42.5564
3 16 -18.4428 15.7253 41.662 -18.5656 15.6973 41.211 -19.192 13.16 41.386
3 16 -18.142 15.9977 42.5562 -18.4428 15.7253 41.662 -19.192 13.16 41.386
3 16 -17.8938 16.4582 43.0502 -18.142 15.9977 42.5562 -19.192 13.16 41.386
3 16 -19.192 13.16 41.386 -18.5656 15.6973 41.211 -17.808 15.58 39.3261