0 Figure Friends Girl Torso with Magenta Jungle Rescue Logo, White Collar and Magenta Scarf Pattern
0 Name: 92241p1c.dat
0 Author: Takeshi Takahashi [RainbowDolphin]
0 !LDRAW_ORG Part UPDATE 2026-04
0 !LICENSE Licensed under CC BY 4.0 : see CAreadme.txt

0 BFC CERTIFY CCW

0 !KEYWORDS Bricklink FTGpb051c01, Mia, Olivia, Rebrickable 92456c01pr0054
0 !KEYWORDS Set 41033, Set 41059

0 !HISTORY 2026-04-27 [OrionP] Official Update 2026-04

1 16 0 0 0 1 0 0 0 1 0 0 0 1 s\92241s01.dat
4 272 3.94498 15.33122 -8.37603 3.6 14.9 -8.42939 3.7 16.6 -8.37326 4.15424 16.78169 -8.31297
4 31 4.33 18 -8.26 4.15424 16.78169 -8.31297 3.7 16.6 -8.37326 0 18 -8.79
3 31 3.6 14.9 -8.42939 0 18 -8.79 3.7 16.6 -8.37326
3 31 3.6 12.94 -8.48 0 18 -8.79 3.6 14.9 -8.42939
3 31 3.6 12.94 -8.48 3.6 14.9 -8.42939 3.94498 15.33122 -8.37603
3 31 0 12.84 -8.86 0 18 -8.79 3.6 12.94 -8.48
3 31 3.6 12.94 -8.48 3 12.2 -8.56231 0 12.84 -8.86
4 272 5.61193 16.53731 -7.82594 5.2 16.4 -7.96262 4.7 17 -8.13206 5.91584 17.08069 -7.72715
3 272 4.15424 16.78169 -8.31297 4.7 17 -8.13206 5.2 16.4 -7.96262
3 272 4.15424 16.78169 -8.31297 5.2 16.4 -7.96262 4.4 15.9 -8.22698
3 272 3.94498 15.33122 -8.37603 4.15424 16.78169 -8.31297 4.4 15.9 -8.22698
4 31 6.43 18 -7.56 5.91584 17.08069 -7.72715 4.7 17 -8.13206 4.33 18 -8.26
3 31 4.15424 16.78169 -8.31297 4.33 18 -8.26 4.7 17 -8.13206
3 31 5.34638 16.06251 -7.91227 5.2 16.4 -7.96262 5.61193 16.53731 -7.82594
4 31 4.90202 15.26799 -8.05673 4.4 15.9 -8.22698 5.2 16.4 -7.96262 5.34638 16.06251 -7.91227
4 31 4.4 15.9 -8.22698 4.90202 15.26799 -8.05673 3.6 12.94 -8.48 3.94498 15.33122 -8.37603
3 272 6.48439 16.72563 -7.54446 6.4732 16.9878 -7.54766 7.6 16.8 -6.79119
3 31 6.64 13.08 -7.5 7.6 16.8 -6.79119 8.67 18 -6.05
4 31 6.43 18 -7.56 8.67 18 -6.05 7.6 16.8 -6.79119 6.4732 16.9878 -7.54766
3 31 6.64 13.08 -7.5 6.48439 16.72563 -7.54446 7.6 16.8 -6.79119
3 272 8.4425 13.185 -6.09125 8.5 13.3 -6.04949 8.7 13.2 -5.89
3 31 8.7 13.2 -5.89 8.5 13.3 -6.04949 8.67 18 -6.05
4 31 6.64 13.08 -7.5 8.67 18 -6.05 8.5 13.3 -6.04949 8.4425 13.185 -6.09125
3 272 3.59009 11.84628 -8.50974 3 12.2 -8.56231 3.59522 12.41258 -8.49434
3 272 3.59009 11.84628 -8.50974 3.2 11.7 -8.55447 3 12.2 -8.56231
4 272 3 12.2 -8.56231 3.2 11.7 -8.55447 2.9 11.7 -8.58592 2.7 11.9 -8.60163
3 31 3 12.2 -8.56231 3.6 12.94 -8.48 3.59522 12.41258 -8.49434
3 31 2.7 11.9 -8.60163 0 12.84 -8.86 3 12.2 -8.56231
4 31 0 12.84 -8.86 2.7 11.9 -8.60163 2.9 11.7 -8.58592 3.57 9.63 -8.57
3 31 3.57 9.63 -8.57 2.9 11.7 -8.58592 3.2 11.7 -8.55447
3 31 3.57 9.63 -8.57 3.2 11.7 -8.55447 3.59009 11.84628 -8.50974
3 272 0 9.5 -8.87 0 10.54 -8.86689 .17819 9.50649 -8.85503
4 272 .35484 9.51292 -8.84018 .4 10.1 -8.83463 .9 9.9 -8.79327 .87054 9.5317 -8.79685
4 272 .9 9.9 -8.79327 .4 10.1 -8.83463 .6 11.2 -8.81456 .8 11.3 -8.79747
4 272 1.2 10 -8.76779 .9 9.9 -8.79327 .8 11.3 -8.79747 2.3 10.4 -8.67428
4 272 1.86762 9.56801 -8.71306 1.2 10 -8.76779 2.3 10.4 -8.67428 3.26152 9.61877 -8.59592
3 26 .87054 9.5317 -8.79685 .9 9.9 -8.79327 1.86762 9.56801 -8.71306
3 26 1.86762 9.56801 -8.71306 .9 9.9 -8.79327 1.2 10 -8.76779
4 31 0 10.54 -8.86689 0 12.84 -8.86 .6 11.2 -8.81456 .4 10.1 -8.83463
3 31 0 10.54 -8.86689 .4 10.1 -8.83463 .35484 9.51292 -8.84018
3 31 .35484 9.51292 -8.84018 .17819 9.50649 -8.85503 0 10.54 -8.86689
3 31 .6 11.2 -8.81456 0 12.84 -8.86 .8 11.3 -8.79747
3 31 2.3 10.4 -8.67428 .8 11.3 -8.79747 0 12.84 -8.86
4 31 2.3 10.4 -8.67428 0 12.84 -8.86 3.57 9.63 -8.57 3.26152 9.61877 -8.59592
4 272 4 12 -8.38062 3.59009 11.84628 -8.50974 3.59522 12.41258 -8.49434 3.98559 12.552 -8.37155
3 272 4 12 -8.38062 3.98559 12.552 -8.37155 4.42786 12.10697 -8.24716
3 31 3.59522 12.41258 -8.49434 3.6 12.94 -8.48 3.98559 12.552 -8.37155
4 31 3.57 9.63 -8.57 3.59009 11.84628 -8.50974 4 12 -8.38062 6.8 9.72 -7.58
3 31 6.8 9.72 -7.58 4 12 -8.38062 4.42786 12.10697 -8.24716
3 272 6.67238 12.4 -7.51619 5.8 12.9 -7.77631 6.65169 12.83449 -7.50585
3 272 6.67238 12.4 -7.51619 5.6 12.4 -7.85996 5.8 12.9 -7.77631
4 272 4.4 12.7 -8.23292 5.8 12.9 -7.77631 5.6 12.4 -7.85996 4.42786 12.10697 -8.24716
3 272 4.42786 12.10697 -8.24716 3.98559 12.552 -8.37155 4.4 12.7 -8.23292
3 31 3.98559 12.552 -8.37155 3.6 12.94 -8.48 4.4 12.7 -8.23292
4 31 5.8 12.9 -7.77631 4.4 12.7 -8.23292 3.6 12.94 -8.48 6.64 13.08 -7.5
3 31 6.65169 12.83449 -7.50585 5.8 12.9 -7.77631 6.64 13.08 -7.5
4 31 6.8 9.72 -7.58 4.42786 12.10697 -8.24716 5.6 12.4 -7.85996 6.67238 12.4 -7.51619
4 272 7.0487 12.33217 -7.20217 6.67238 12.4 -7.51619 6.65169 12.83449 -7.50585 6.77955 12.82465 -7.39831
3 31 6.77955 12.82465 -7.39831 6.65169 12.83449 -7.50585 6.64 13.08 -7.5
3 31 6.8 9.72 -7.58 6.67238 12.4 -7.51619 8.52 9.64 -6.13
3 31 8.52 9.64 -6.13 6.67238 12.4 -7.51619 7.0487 12.33217 -7.20217
3 272 8.4 13.1 -6.12678 8.4425 13.185 -6.09125 8.7 13.2 -5.89
4 272 8.6191 11.6 -5.99787 8.5 12.1 -6.07676 8.4 13.1 -6.12678 8.7 13.2 -5.89
3 272 8.6191 11.6 -5.99787 8.5 11.6 -6.09075 8.5 12.1 -6.07676
4 272 8.5 12.1 -6.07676 8.5 11.6 -6.09075 7.9 12.1 -6.54472 7.8 12.6 -6.60872
3 272 7.0487 12.33217 -7.20217 7.8 12.6 -6.60872 7.9 12.1 -6.54472
3 272 7.0487 12.33217 -7.20217 7.1 12.8 -7.14907 7.8 12.6 -6.60872
3 272 7.0487 12.33217 -7.20217 6.77955 12.82465 -7.39831 7.1 12.8 -7.14907
4 31 7.1 12.8 -7.14907 6.77955 12.82465 -7.39831 6.64 13.08 -7.5 8.4 13.1 -6.12678
3 31 6.64 13.08 -7.5 8.4425 13.185 -6.09125 8.4 13.1 -6.12678
3 31 7.8 12.6 -6.60872 7.1 12.8 -7.14907 8.4 13.1 -6.12678
3 31 8.5 12.1 -6.07676 7.8 12.6 -6.60872 8.4 13.1 -6.12678
4 31 8.52 9.64 -6.13 7.0487 12.33217 -7.20217 7.9 12.1 -6.54472 8.5 11.6 -6.09075
3 31 8.52 9.64 -6.13 8.5 11.6 -6.09075 8.6191 11.6 -5.99787
3 272 3.26152 9.61877 -8.59592 3.6016 9.34245 -8.61108 2.9 8.9 -8.72904
3 272 3.73349 8.14229 -8.78253 2.9 8.9 -8.72904 3.6016 9.34245 -8.61108
3 272 0 6.85 -9.25 .7 7.4 -9.11593 .7 6.85904 -9.19755
4 26 3.87 6.9 -8.96 .7 6.85904 -9.19755 .7 7.4 -9.11593 2.9 8.9 -8.72904
3 26 3.87 6.9 -8.96 2.9 8.9 -8.72904 3.73349 8.14229 -8.78253
3 31 3.6016 9.34245 -8.61108 3.26152 9.61877 -8.59592 3.57 9.63 -8.57
3 272 3.6016 9.34245 -8.61108 3.9 9.1 -8.57069 4 7.9 -8.75092
3 272 4 7.9 -8.75092 3.73349 8.14229 -8.78253 3.6016 9.34245 -8.61108
4 272 4 7.9 -8.75092 3.9 9.1 -8.57069 4.5 8.2 -8.56093 4.7 7.3 -8.6616
3 272 4.7 6.90982 -8.72917 4 7.9 -8.75092 4.7 7.3 -8.6616
3 272 4 7.9 -8.75092 4.7 6.90982 -8.72917 4.2 7.2 -8.81694
3 272 4.16706 6.90351 -8.87739 4.2 7.2 -8.81694 4.7 6.90982 -8.72917
4 26 5 7.6 -8.52682 4.7 7.3 -8.6616 4.5 8.2 -8.56093 5 8 -8.45754
4 26 5 7.6 -8.52682 5 8 -8.45754 5.4 7.8 -8.38176 5.3 7.6 -8.444
4 26 5.1 7.1 -8.58581 4.7 7.3 -8.6616 5 7.6 -8.52682 5.4 7.4 -8.45104
4 26 5.8 7.1 -8.39257 5.1 7.1 -8.58581 5.4 7.4 -8.45104 6.3 7.4 -8.20259
4 26 6.3 7.4 -8.20259 5.4 7.4 -8.45104 5.8 7.8 -8.27134 6.50728 7.48291 -8.131
3 26 6.50728 7.48291 -8.131 5.8 7.8 -8.27134 5.94304 7.89536 -8.21533
4 26 7.25 6.94 -8.02 6.51874 6.93135 -8.22337 6.5 7.1 -8.19933 6.6 7.3 -8.13709
3 26 7.25 6.94 -8.02 6.6 7.3 -8.13709 6.75751 7.3 -8.09361
4 26 3.87 6.9 -8.96 3.73349 8.14229 -8.78253 4 7.9 -8.75092 4.2 7.2 -8.81694
3 26 3.87 6.9 -8.96 4.2 7.2 -8.81694 4.16706 6.90351 -8.87739
4 31 3.9 9.1 -8.57069 3.6016 9.34245 -8.61108 3.57 9.63 -8.57 5.8 7.8 -8.27134
4 31 3.9 9.1 -8.57069 5.8 7.8 -8.27134 5 8 -8.45754 4.5 8.2 -8.56093
3 31 5.8 7.8 -8.27134 5.4 7.8 -8.38176 5 8 -8.45754
4 31 5.4 7.8 -8.38176 5.8 7.8 -8.27134 5.4 7.4 -8.45104 5.3 7.6 -8.444
3 31 5.4 7.4 -8.45104 5 7.6 -8.52682 5.3 7.6 -8.444
3 31 5.8 7.8 -8.27134 3.57 9.63 -8.57 5.94304 7.89536 -8.21533
3 31 6.75751 7.3 -8.09361 6.6 7.3 -8.13709 6.3 7.4 -8.20259
3 31 6.75751 7.3 -8.09361 6.3 7.4 -8.20259 6.50728 7.48291 -8.131
4 31 6.3 7.4 -8.20259 6.6 7.3 -8.13709 6.5 7.1 -8.19933 5.8 7.1 -8.39257
3 31 6.51874 6.93135 -8.22337 5.8 7.1 -8.39257 6.5 7.1 -8.19933
4 31 4.7 6.90982 -8.72917 5.1 7.1 -8.58581 5.8 7.1 -8.39257 6.51874 6.93135 -8.22337
3 31 4.7 6.90982 -8.72917 4.7 7.3 -8.6616 5.1 7.1 -8.58581
3 26 6.50728 7.48291 -8.131 5.94304 7.89536 -8.21533 6.4 8.2 -8.01486
3 26 6.50728 7.48291 -8.131 6.4 8.2 -8.01486 6.8 7.6 -8.01874
4 26 7.13636 7.64205 -7.90888 6.8 7.6 -8.01874 6.4 8.2 -8.01486 7.03323 8.27915 -7.80805
3 26 7.25 6.94 -8.02 6.75751 7.3 -8.09361 7.19173 7.3 -7.96302
4 31 6.4 8.2 -8.01486 5.94304 7.89536 -8.21533 3.57 9.63 -8.57 6.8 9.72 -7.58
3 31 6.4 8.2 -8.01486 6.8 9.72 -7.58 7.03323 8.27915 -7.80805
3 31 7.19173 7.3 -7.96302 6.8 7.6 -8.01874 7.13636 7.64205 -7.90888
3 31 7.19173 7.3 -7.96302 6.75751 7.3 -8.09361 6.8 7.6 -8.01874
3 31 6.75751 7.3 -8.09361 6.50728 7.48291 -8.131 6.8 7.6 -8.01874
4 26 7.6 7.7 -7.49447 7.80441 8.11868 -7.19493 8.2 8 -6.88754 8.3 7.4 -6.97692
3 26 8.3 7.4 -6.97692 8.2 8 -6.88754 8.81498 7.56202 -6.48398
3 26 8.81498 7.56202 -6.48398 8.8 7 -6.66169 8.3 7.4 -6.97692
3 26 8.92729 6.77088 -6.61875 8.8 7 -6.66169 8.81498 7.56202 -6.48398
4 26 7.25 6.94 -8.02 7.41933 7.3 -7.768 7.8 7.3 -7.43873 8.2 7.1 -7.15136
3 26 8.28028 6.65847 -7.21135 7.25 6.94 -8.02 8.2 7.1 -7.15136
3 31 8.2 8 -6.88754 7.80441 8.11868 -7.19493 8.52 9.64 -6.13
3 31 8.81498 7.56202 -6.48398 8.2 8 -6.88754 8.52 9.64 -6.13
4 31 8.8 7 -6.66169 8.92729 6.77088 -6.61875 8.97 6.47 -6.67 8.3 7.4 -6.97692
4 31 8.2 7.1 -7.15136 8.3 7.4 -6.97692 8.97 6.47 -6.67 8.28028 6.65847 -7.21135
4 31 8.3 7.4 -6.97692 8.2 7.1 -7.15136 7.8 7.3 -7.43873 7.6 7.7 -7.49447
3 31 7.8 7.3 -7.43873 7.41933 7.3 -7.768 7.6 7.7 -7.49447
3 272 3.5 4.5 -9.27769 4.18663 5.25988 -9.13098 3.87751 4.33254 -9.26719
3 272 3.5 4.5 -9.27769 4.0277 6.0831 -9.04516 4.18663 5.25988 -9.13098
3 272 3.87751 4.33254 -9.26719 3 4.3727 -9.33346 3.5 4.5 -9.27769
3 272 3 4.3727 -9.33346 3 5.6 -9.18632 3.5 4.5 -9.27769
4 272 3.4 5.6 -9.15392 3.5 4.5 -9.27769 3 5.6 -9.18632 3.2 5.9 -9.13416
4 272 .0752 4.55644 -9.54834 .68278 4.93166 -9.45414 .7 4.47796 -9.50714 .07684 4.50648 -9.5542
4 272 1.28251 4.4513 -9.46315 1.3 4.6 -9.44391 1.9 4.5 -9.4073 1.88824 4.42358 -9.41741
4 272 1.9 4.5 -9.4073 1.3 4.6 -9.44391 1.5 4.9 -9.39174 1.7 5 -9.36355
3 26 .07684 4.50648 -9.5542 0 4.51 -9.56 .0752 4.55644 -9.54834
3 26 1.28251 4.4513 -9.46315 .7 4.47796 -9.50714 .68278 4.93166 -9.45414
3 26 .68278 4.93166 -9.45414 1.3 4.6 -9.44391 1.28251 4.4513 -9.46315
3 26 .68278 4.93166 -9.45414 1.5 4.9 -9.39174 1.3 4.6 -9.44391
3 26 .68278 4.93166 -9.45414 1.7 5 -9.36355 1.5 4.9 -9.39174
4 26 1.7 5 -9.36355 .68278 4.93166 -9.45414 3.87 6.9 -8.96 3.2 5.9 -9.13416
3 26 3.2 5.9 -9.13416 3.87 6.9 -8.96 4.0277 6.0831 -9.04516
3 26 4.0277 6.0831 -9.04516 3.4 5.6 -9.15392 3.2 5.9 -9.13416
3 26 4.0277 6.0831 -9.04516 3.5 4.5 -9.27769 3.4 5.6 -9.15392
4 26 1.7 5 -9.36355 3.2 5.9 -9.13416 3 5.6 -9.18632 1.9 4.5 -9.4073
3 26 3 4.3727 -9.33346 1.9 4.5 -9.4073 3 5.6 -9.18632
3 26 3 4.3727 -9.33346 1.88824 4.42358 -9.41741 1.9 4.5 -9.4073
3 31 4.37 4.31 -9.23 3.87751 4.33254 -9.26719 4.18663 5.25988 -9.13098
3 272 4.56542 6.39627 -8.89982 4.5 6.2 -8.93974 4.1 6.3 -9.00104
3 272 4.1 6.3 -9.00104 4.14457 6.70111 -8.93624 4.56542 6.39627 -8.89982
4 272 4.1 6.3 -9.00104 4.5 6.2 -8.93974 4.3 5.6 -9.06179 4.0277 6.0831 -9.04516
3 272 4.3 5.6 -9.06179 4.18663 5.25988 -9.13098 4.0277 6.0831 -9.04516
4 26 4.8 5.8 -8.93947 4.3 5.6 -9.06179 4.5 6.2 -8.93974 5.04725 6.04725 -8.85812
3 26 5.04725 6.04725 -8.85812 4.5 6.2 -8.93974 4.68398 6.31039 -8.88956
3 26 5.7 4.47752 -8.95588 5.4 5.79173 -8.8276 6.99 4.64 -8.69
4 26 5.7 4.47752 -8.95588 5.63115 4.46885 -8.97007 5.4 4.7 -8.98111 5.4 5.79173 -8.8276
4 26 4.6 5.2 -9.06152 4.8 5.2 -9.02384 5 4.5 -9.08459 4.74056 4.35667 -9.15363
3 26 4.74056 4.35667 -9.15363 5 4.5 -9.08459 5.06411 4.39743 -9.08694
4 26 3.87 6.9 -8.96 4.14457 6.70111 -8.93624 4.1 6.3 -9.00104 4.0277 6.0831 -9.04516
3 31 4.5 6.2 -8.93974 4.56542 6.39627 -8.89982 4.68398 6.31039 -8.88956
3 31 5.04725 6.04725 -8.85812 4.8 5.2 -9.02384 4.8 5.8 -8.93947
4 31 4.8 5.8 -8.93947 4.8 5.2 -9.02384 4.6 5.2 -9.06152 4.3 5.6 -9.06179
4 31 4.3 5.6 -9.06179 4.6 5.2 -9.06152 4.37 4.31 -9.23 4.18663 5.25988 -9.13098
3 31 4.37 4.31 -9.23 4.6 5.2 -9.06152 4.74056 4.35667 -9.15363
4 31 5.63115 4.46885 -8.97007 5.06411 4.39743 -9.08694 5 4.5 -9.08459 5.4 4.7 -8.98111
4 31 5.4 4.7 -8.98111 5 4.5 -9.08459 4.8 5.2 -9.02384 5.4 5.79173 -8.8276
3 31 4.8 5.2 -9.02384 5.04725 6.04725 -8.85812 5.4 5.79173 -8.8276
3 272 4.7 6.8 -8.75775 4.6 6.5 -8.86332 4.14457 6.70111 -8.93624
3 272 4.6 6.5 -8.86332 4.56542 6.39627 -8.89982 4.14457 6.70111 -8.93624
3 272 4.14457 6.70111 -8.93624 4.7 6.90982 -8.72917 4.7 6.8 -8.75775
3 272 4.14457 6.70111 -8.93624 4.16706 6.90351 -8.87739 4.7 6.90982 -8.72917
4 26 5.04725 6.04725 -8.85812 4.68398 6.31039 -8.88956 5 6.5 -8.75331 5.3 6.3 -8.72284
4 26 5.3 6.3 -8.72284 5 6.5 -8.75331 5.2 6.7 -8.64626 5.4 6.7 -8.59125
3 26 4.6 6.5 -8.86332 4.7 6.8 -8.75775 5 6.7 -8.70126
4 26 6.99 4.64 -8.69 5.4 5.79173 -8.8276 5.7 6.2 -8.63885 6.6 6.2 -8.39133
3 26 5.4 5.79173 -8.8276 5.4 6 -8.7734 5.7 6.2 -8.63885
4 26 7.25 6.94 -8.02 6.99 4.64 -8.69 6.6 6.2 -8.39133 6.51874 6.93135 -8.22337
3 26 4.14457 6.70111 -8.93624 3.87 6.9 -8.96 4.16706 6.90351 -8.87739
3 31 6.51874 6.93135 -8.22337 6.6 6.2 -8.39133 5.7 6.2 -8.63885
3 31 6.51874 6.93135 -8.22337 5.7 6.2 -8.63885 5.4 6.7 -8.59125
4 31 4.7 6.90982 -8.72917 6.51874 6.93135 -8.22337 5.4 6.7 -8.59125 5.2 6.7 -8.64626
3 31 4.7 6.90982 -8.72917 5.2 6.7 -8.64626 5 6.7 -8.70126
3 31 4.7 6.90982 -8.72917 5 6.7 -8.70126 4.7 6.8 -8.75775
4 31 5 6.7 -8.70126 5.2 6.7 -8.64626 5 6.5 -8.75331 4.6 6.5 -8.86332
4 31 4.56542 6.39627 -8.89982 4.6 6.5 -8.86332 5 6.5 -8.75331 4.68398 6.31039 -8.88956
4 31 5.3 6.3 -8.72284 5.4 6.7 -8.59125 5.7 6.2 -8.63885 5.4 6 -8.7734
3 31 5.04725 6.04725 -8.85812 5.3 6.3 -8.72284 5.4 6 -8.7734
3 31 5.4 5.79173 -8.8276 5.04725 6.04725 -8.85812 5.4 6 -8.7734
3 26 6.99 4.64 -8.69 7.25 6.94 -8.02 9.25 4.72 -6.69
3 26 8.4 6 -7.20704 7.25 6.94 -8.02 8.28028 6.65847 -7.21135
3 26 9.25 4.72 -6.69 7.25 6.94 -8.02 8.4 6 -7.20704
4 26 9.25 4.72 -6.69 8.4 6 -7.20704 8.9 5.9 -6.80935 9.0919 5.7081 -6.67871
4 31 8.4 6 -7.20704 8.28028 6.65847 -7.21135 8.97 6.47 -6.67 8.9 5.9 -6.80935
3 31 9.0919 5.7081 -6.67871 8.9 5.9 -6.80935 8.97 6.47 -6.67
3 272 3.87751 4.33254 -9.26719 3.8 4.1 -9.21812 3 4 -9.24675
3 272 3 4 -9.24675 3 4.3727 -9.33346 3.87751 4.33254 -9.26719
3 272 2.91907 3.56295 -9.15031 3 4 -9.24675 3.8 4.1 -9.21812
3 272 2.91907 3.56295 -9.15031 3.8 4.1 -9.21812 3.77905 4.00574 -9.19755
3 272 .175 2.1501 -8.99961 .07684 4.50648 -9.5542 .7 2.42041 -9.02844
3 272 .7 2.42041 -9.02844 .07684 4.50648 -9.5542 .7 4.47796 -9.50714
3 272 1 2.57485 -9.04492 1.1 2.9 -9.11407 1.65577 2.91251 -9.08093
3 272 1.65577 2.91251 -9.08093 1.1 2.9 -9.11407 1.88824 4.42358 -9.41741
3 272 1.1 2.9 -9.11407 1.28251 4.4513 -9.46315 1.88824 4.42358 -9.41741
3 26 0 4.51 -9.56 .07684 4.50648 -9.5542 0 2.06 -8.99
3 26 0 2.06 -8.99 .07684 4.50648 -9.5542 .175 2.1501 -8.99961
3 26 1.1 2.9 -9.11407 1 2.57485 -9.04492 1.28251 4.4513 -9.46315
4 26 1 2.57485 -9.04492 .7 2.42041 -9.02844 .7 4.47796 -9.50714 1.28251 4.4513 -9.46315
4 26 3 4 -9.24675 2.91907 3.56295 -9.15031 1.65577 2.91251 -9.08093 1.88824 4.42358 -9.41741
3 26 3 4 -9.24675 1.88824 4.42358 -9.41741 3 4.3727 -9.33346
4 31 3.8 4.1 -9.21812 3.87751 4.33254 -9.26719 4.37 4.31 -9.23 3.77905 4.00574 -9.19755
4 272 3.6 3.2 -9.0435 2.91907 3.56295 -9.15031 3.77905 4.00574 -9.19755 4.1 3.7 -9.11999
3 272 2.91907 3.56295 -9.15031 3.6 3.2 -9.0435 2.67785 2.26038 -8.89892
4 272 4.40571 2.59571 -8.88179 3.6 3.2 -9.0435 4.1 3.7 -9.11999 4.38669 3.50887 -9.06727
3 272 2.67785 2.26038 -8.89892 3.6 3.2 -9.0435 3.30237 2.30712 -8.87767
3 272 .7 2.42041 -9.02844 .7 2.11238 -8.96619 .17848 2.07336 -8.98393
3 272 .17848 2.07336 -8.98393 .175 2.1501 -8.99961 .7 2.42041 -9.02844
4 272 1.65577 2.91251 -9.08093 1.54237 2.17542 -8.93754 .86137 2.12446 -8.9607 1 2.57485 -9.04492
3 26 0 2.06 -8.99 .175 2.1501 -8.99961 .17848 2.07336 -8.98393
4 26 .86137 2.12446 -8.9607 .7 2.11238 -8.96619 .7 2.42041 -9.02844 1 2.57485 -9.04492
3 26 1.54237 2.17542 -8.93754 1.65577 2.91251 -9.08093 2.91907 3.56295 -9.15031
3 26 2.91907 3.56295 -9.15031 2.67785 2.26038 -8.89892 1.54237 2.17542 -8.93754
4 15 4.41 2.39 -8.84 3.30237 2.30712 -8.87767 3.6 3.2 -9.0435 4.40571 2.59571 -8.88179
4 31 4.1 3.7 -9.11999 3.77905 4.00574 -9.19755 4.37 4.31 -9.23 4.38021 3.82009 -9.13049
3 31 4.38487 3.59641 -9.08505 4.1 3.7 -9.11999 4.38021 3.82009 -9.13049
3 31 4.38669 3.50887 -9.06727 4.1 3.7 -9.11999 4.38487 3.59641 -9.08505
4 26 6.99 4.64 -8.69 8.02813 3.32813 -7.66736 7.9 3.2 -7.73272 7.14226 3.27577 -8.29413
4 26 8.5 2.5 -7.15389 7.69839 2.32186 -7.6936 7.24 2.4 -8.04 7.8 2.9 -7.74176
3 26 7.24 2.4 -8.04 7.17422 2.9894 -8.21103 7.8 2.9 -7.74176
4 26 8.64517 2.54839 -7.05953 8.5 2.5 -7.15389 7.8 2.9 -7.74176 8.28214 3.00714 -7.41714
4 26 9 2.1 -6.71 8.57282 2.17282 -7.03282 8.7 2.3 -6.96794 8.80155 2.35078 -6.90549
4 31 8.5 2.18523 -7.08784 7.69839 2.32186 -7.6936 8.5 2.5 -7.15389 8.7 2.3 -6.96794
3 31 8.57282 2.17282 -7.03282 8.5 2.18523 -7.08784 8.7 2.3 -6.96794
4 31 8.80155 2.35078 -6.90549 8.7 2.3 -6.96794 8.5 2.5 -7.15389 8.64517 2.54839 -7.05953
4 31 8.28214 3.00714 -7.41714 7.8 2.9 -7.74176 7.9 3.2 -7.73272 8.02813 3.32813 -7.66736
3 31 7.14226 3.27577 -8.29413 7.9 3.2 -7.73272 7.8 2.9 -7.74176
3 31 7.8 2.9 -7.74176 7.17422 2.9894 -8.21103 7.14226 3.27577 -8.29413
4 26 8.3 4.3 -7.50093 6.99 4.64 -8.69 9.25 4.72 -6.69 9 4.3 -6.87955
4 26 6.99 4.64 -8.69 8.3 4.3 -7.50093 8.2 3.5 -7.52804 8.02813 3.32813 -7.66736
4 26 8.64517 2.54839 -7.05953 8.28214 3.00714 -7.41714 8.7 3.1 -7.05337 8.8 2.6 -6.92607
4 26 9.03117 2.42663 -6.70751 8.8 2.6 -6.92607 8.7 3.1 -7.05337 9.08802 3.0224 -6.70296
3 26 9 2.1 -6.71 8.80155 2.35078 -6.90549 8.9 2.4 -6.82189
3 26 9 3.6 -6.8256 9.15823 3.75823 -6.69734 9.14663 3.63666 -6.69827
4 31 8.80155 2.35078 -6.90549 8.64517 2.54839 -7.05953 8.8 2.6 -6.92607 8.9 2.4 -6.82189
3 31 8.9 2.4 -6.82189 8.8 2.6 -6.92607 9.03117 2.42663 -6.70751
3 31 9 2.1 -6.71 8.9 2.4 -6.82189 9.03117 2.42663 -6.70751
3 31 9.08802 3.0224 -6.70296 8.7 3.1 -7.05337 9 3.6 -6.8256
3 31 9.08802 3.0224 -6.70296 9 3.6 -6.8256 9.14663 3.63666 -6.69827
4 31 8.2 3.5 -7.52804 9 3.6 -6.8256 8.7 3.1 -7.05337 8.02813 3.32813 -7.66736
3 31 8.28214 3.00714 -7.41714 8.02813 3.32813 -7.66736 8.7 3.1 -7.05337
4 31 9 3.6 -6.8256 8.2 3.5 -7.52804 8.3 4.3 -7.50093 9 4.3 -6.87955
4 31 9.15823 3.75823 -6.69734 9 3.6 -6.8256 9 4.3 -6.87955 9.1959 4.15307 -6.69433
3 31 9.1959 4.15307 -6.69433 9 4.3 -6.87955 9.25 4.72 -6.69
4 272 3.30237 2.30712 -8.87767 3.1 1.7 -8.54961 2.5 1.3 -8.3691 2.67785 2.26038 -8.89892
4 272 2.7 .9 -8.1275 2.5 1.3 -8.3691 3.1 1.7 -8.54961 3.1 .7 -7.9838
4 272 3.1 .7 -7.9838 3.1 1.7 -8.54961 3.7 .9 -8.05115 3.78082 .27449 -7.69106
3 272 3.78082 .27449 -7.69106 3.7 .9 -8.05115 3.89667 .664 -7.9026
4 272 2.7 .61565 -7.96661 2.7 .9 -8.1275 3.1 .7 -7.9838 3.13524 .38281 -7.80164
4 272 .7 2.11238 -8.96619 .67269 1.70015 -8.73503 .18355 1.96181 -8.92043 .17848 2.07336 -8.98393
3 272 2.42525 .76262 -8.07075 1.90077 1.04319 -8.26955 2.7 .9 -8.1275
3 272 1.90077 1.04319 -8.26955 2.5 1.3 -8.3691 2.7 .9 -8.1275
3 272 1.5 1.9 -8.78494 1.24658 1.39315 -8.51751 1.54237 2.17542 -8.93754
4 272 1.24658 1.39315 -8.51751 .67269 1.70015 -8.73503 .86137 2.12446 -8.9607 1.54237 2.17542 -8.93754
3 26 .18355 1.96181 -8.92043 0 2.06 -8.99 .17848 2.07336 -8.98393
3 26 .67269 1.70015 -8.73503 .7 2.11238 -8.96619 .86137 2.12446 -8.9607
4 26 2.67785 2.26038 -8.89892 2.5 1.3 -8.3691 1.5 1.9 -8.78494 1.54237 2.17542 -8.93754
3 26 1.90077 1.04319 -8.26955 1.5 1.9 -8.78494 2.5 1.3 -8.3691
3 26 1.90077 1.04319 -8.26955 1.24658 1.39315 -8.51751 1.5 1.9 -8.78494
3 26 2.7 .61565 -7.96661 2.42525 .76262 -8.07075 2.7 .9 -8.1275
4 15 3.1 1.7 -8.54961 3.30237 2.30712 -8.87767 4.41 2.39 -8.84 3.7 .9 -8.05115
3 15 3.89667 .664 -7.9026 3.7 .9 -8.05115 4.41 2.39 -8.84
4 15 3.72 .07 -7.58 3.13524 .38281 -7.80164 3.1 .7 -7.9838 3.78082 .27449 -7.69106
4 272 3.1718 .05379 -7.60505 2.7 .03984 -7.62661 2.7 .61565 -7.96661 3.13524 .38281 -7.80164
4 272 0 1.2 -8.48219 0 1.6 -8.71838 .2 1.6 -8.70575 .7 1 -8.31988
3 272 0 .84444 -8.27224 0 1.2 -8.48219 .7 1 -8.31988
4 272 .7 1.6 -8.67417 .7 1 -8.31988 .2 1.6 -8.70575 .67269 1.70015 -8.73503
3 272 .2 1.6 -8.70575 .18355 1.96181 -8.92043 .67269 1.70015 -8.73503
4 272 .7 1 -8.31988 .7 1.6 -8.67417 1.2 1.3 -8.46545 1.9 .5 -7.94885
3 272 1.9 .5 -7.94885 1.2 1.3 -8.46545 1.8 1 -8.25041
4 272 2.42525 .76262 -8.07075 1.9 .5 -7.94885 1.8 1 -8.25041 1.90077 1.04319 -8.26955
3 272 1.24658 1.39315 -8.51751 1.2 1.3 -8.46545 .7 1.6 -8.67417
3 272 .7 1.6 -8.67417 .67269 1.70015 -8.73503 1.24658 1.39315 -8.51751
4 26 0 2.06 -8.99 .18355 1.96181 -8.92043 .2 1.6 -8.70575 0 1.6 -8.71838
3 26 1.90077 1.04319 -8.26955 1.8 1 -8.25041 1.2 1.3 -8.46545
3 26 1.90077 1.04319 -8.26955 1.2 1.3 -8.46545 1.24658 1.39315 -8.51751
4 26 0 -.04 -7.75 0 .84444 -8.27224 .7 1 -8.31988 1.9 .5 -7.94885
3 26 0 -.04 -7.75 1.9 .5 -7.94885 2.7 .03984 -7.62661
3 26 2.7 .03984 -7.62661 1.9 .5 -7.94885 2.42525 .76262 -8.07075
3 26 2.7 .03984 -7.62661 2.42525 .76262 -8.07075 2.7 .61565 -7.96661
3 15 3.1718 .05379 -7.60505 3.13524 .38281 -7.80164 3.72 .07 -7.58
3 272 4.67873 2.39095 -8.76403 6.5 1.3 -7.70863 5.2 2 -8.42319
4 272 6.09408 2.39595 -8.36394 7.11585 1.80407 -7.78176 6.5 1.3 -7.70863 4.67873 2.39095 -8.76403
3 272 6.96557 1.08273 -7.46918 6.5 1.3 -7.70863 7.11585 1.80407 -7.78176
3 26 7.21917 2.3 -7.99667 6.82899 2.39855 -8.15619 7.24 2.4 -8.04
4 15 5.2 2 -8.42319 6.74 0 -7 4.41 2.39 -8.84 4.67873 2.39095 -8.76403
3 15 6.74 0 -7 5.2 2 -8.42319 6.5 1.3 -7.70863
3 15 6.74 0 -7 6.5 1.3 -7.70863 6.96557 1.08273 -7.46918
4 31 6.82899 2.39855 -8.15619 7.21917 2.3 -7.99667 7.11585 1.80407 -7.78176 6.09408 2.39595 -8.36394
4 272 4.70797 .0471 -7.39026 4.12294 .06066 -7.50261 3.78082 .27449 -7.69106 3.89667 .664 -7.9026
4 15 3.89667 .664 -7.9026 4.41 2.39 -8.84 6.74 0 -7 4.70797 .0471 -7.39026
3 15 4.12294 .06066 -7.50261 3.72 .07 -7.58 3.78082 .27449 -7.69106
3 272 7.59108 .79083 -6.89079 6.96557 1.08273 -7.46918 7.11585 1.80407 -7.78176
3 272 7.11585 1.80407 -7.78176 8.17495 1.33336 -6.81587 7.59108 .79083 -6.89079
3 26 7.69839 2.32186 -7.6936 7.21917 2.3 -7.99667 7.24 2.4 -8.04
4 26 9 2.1 -6.71 8.65758 1.78182 -6.75394 8.5 1.9 -6.92512 8.5 2.1 -7.03922
3 26 9 2.1 -6.71 8.5 2.1 -7.03922 8.57282 2.17282 -7.03282
3 15 6.74 0 -7 6.96557 1.08273 -7.46918 7.59108 .79083 -6.89079
4 31 7.11585 1.80407 -7.78176 7.21917 2.3 -7.99667 7.69839 2.32186 -7.6936 8.5 1.9 -6.92512
3 31 7.11585 1.80407 -7.78176 8.5 1.9 -6.92512 8.17495 1.33336 -6.81587
3 31 8.5 1.9 -6.92512 7.69839 2.32186 -7.6936 8.5 2.1 -7.03922
3 31 8.5 2.18523 -7.08784 8.5 2.1 -7.03922 7.69839 2.32186 -7.6936
3 31 8.5 2.1 -7.03922 8.5 2.18523 -7.08784 8.57282 2.17282 -7.03282
3 31 8.17495 1.33336 -6.81587 8.5 1.9 -6.92512 8.65758 1.78182 -6.75394
4 272 8.17495 1.33336 -6.81587 8.7 1.1 -6.51663 8 .6 -6.65482 7.59108 .79083 -6.89079
4 272 8.8 .4 -6.24889 8 .6 -6.65482 8.7 1.1 -6.51663 9.33054 .86355 -6.17135
3 272 8.8 .4 -6.24889 9.33054 .86355 -6.17135 9.24293 .07151 -5.95413
3 272 8.44882 .04882 -6.28596 8.8 .4 -6.24889 9.24293 .07151 -5.95413
3 272 9.24293 .07151 -5.95413 9.33054 .86355 -6.17135 9.46957 .34348 -5.94478
4 26 9 2.1 -6.71 9.11109 1.68444 -6.52896 8.9 1.6 -6.59196 8.65758 1.78182 -6.75394
3 15 6.74 0 -7 7.59108 .79083 -6.89079 8 .6 -6.65482
4 15 6.74 0 -7 8 .6 -6.65482 8.8 .4 -6.24889 8.44882 .04882 -6.28596
4 31 8.65758 1.78182 -6.75394 8.9 1.6 -6.59196 8.7 1.1 -6.51663 8.17495 1.33336 -6.81587
3 31 9.33054 .86355 -6.17135 8.7 1.1 -6.51663 8.9 1.6 -6.59196
3 31 9.33054 .86355 -6.17135 8.9 1.6 -6.59196 9.11109 1.68444 -6.52896
3 31 9.24293 .07151 -5.95413 9.46957 .34348 -5.94478 9.54 .08 -5.83
4 272 2.7 .03984 -7.62661 3.1718 .05379 -7.60505 3.25729 -.30564 -7.34616 2.7 -.4 -7.31676
4 272 1.1625 -2.00625 -6.2875 1.7 -1.2 -6.81972 2.7 -.4 -7.31676 3.25729 -.30564 -7.34616
4 272 .2 -1.5 -6.70817 1.7 -1.2 -6.81972 1.1625 -2.00625 -6.2875 .3 -1.9 -6.41973
3 272 .3 -1.9 -6.41973 .1 -1.8 -6.50348 .2 -1.5 -6.70817
4 272 .6 -2.3 -6.11799 .3 -1.9 -6.41973 1.1625 -2.00625 -6.2875 .68234 -2.39606 -6.04484
3 272 0 -1.95 -6.40447 .3 -1.9 -6.41973 .6 -2.3 -6.11799
3 272 0 -2.6 -5.94656 0 -1.95 -6.40447 .6 -2.3 -6.11799
4 26 0 -.04 -7.75 2.7 .03984 -7.62661 2.7 -.4 -7.31676 1.7 -1.2 -6.81972
3 26 0 -.04 -7.75 1.7 -1.2 -6.81972 .2 -1.5 -6.70817
3 26 0 -.04 -7.75 .2 -1.5 -6.70817 .1 -1.8 -6.50348
3 26 0 -1.95 -6.40447 0 -.04 -7.75 .1 -1.8 -6.50348
3 26 0 -1.95 -6.40447 .1 -1.8 -6.50348 .3 -1.9 -6.41973
3 15 3.72 .07 -7.58 3.25729 -.30564 -7.34616 3.1718 .05379 -7.60505
4 16 0 -2.95 -5.7 0 -2.6 -5.94656 .6 -2.3 -6.11799 .68234 -2.39606 -6.04484
3 272 4.7 -.3 -7.1445 4.12294 .06066 -7.50261 4.70797 .0471 -7.39026
3 272 4.70797 .0471 -7.39026 5 -.2 -7.16304 4.7 -.3 -7.1445
3 272 3.73736 -.85677 -6.91703 4.1 -1.3 -6.53776 3.9 -2.1 -6.00321
3 272 3.9 -2.1 -6.00321 3.75737 -1.92568 -6.15238 3.73736 -.85677 -6.91703
4 272 4.02357 -2.37802 -5.78355 3.9 -2.1 -6.00321 4.1 -1.3 -6.53776 4.49775 -1.96291 -5.99589
4 26 3.9 -2.1 -6.00321 4.02357 -2.37802 -5.78355 3.77 -2.6 -5.67 3.75737 -1.92568 -6.15238
4 15 6.74 0 -7 4.49775 -1.96291 -5.99589 4.1 -1.3 -6.53776 5 -.2 -7.16304
3 15 5 -.2 -7.16304 4.70797 .0471 -7.39026 6.74 0 -7
3 15 4.1 -1.3 -6.53776 4.7 -.3 -7.1445 5 -.2 -7.16304
4 15 3.72 .07 -7.58 4.7 -.3 -7.1445 4.1 -1.3 -6.53776 3.73736 -.85677 -6.91703
3 15 4.7 -.3 -7.1445 3.72 .07 -7.58 4.12294 .06066 -7.50261
3 272 4.02357 -2.37802 -5.78355 4.49775 -1.96291 -5.99589 4.7 -2.3 -5.74637
3 272 4.7 -2.3 -5.74637 4.97957 -2.61951 -5.49832 4.02357 -2.37802 -5.78355
3 272 4.97957 -2.61951 -5.49832 4.12477 -2.60572 -5.61965 4.02357 -2.37802 -5.78355
3 26 4.12477 -2.60572 -5.61965 3.77 -2.6 -5.67 4.02357 -2.37802 -5.78355
4 15 6.87 -2.65 -5.23 4.97957 -2.61951 -5.49832 4.7 -2.3 -5.74637 6.74 0 -7
3 15 4.7 -2.3 -5.74637 4.49775 -1.96291 -5.99589 6.74 0 -7
4 272 8.44882 .04882 -6.28596 9.24293 .07151 -5.95413 9.1 -.1 -5.90561 7.3 -1.1 -6.04448
4 272 7.3 -1.1 -6.04448 9.1 -.1 -5.90561 8.8 -.5 -5.7779 7.4 -1.2 -5.9362
3 272 7.4 -1.2 -5.9362 8.8 -.5 -5.7779 8.31718 -1.1703 -5.55521
3 272 8.31718 -1.1703 -5.55521 8.8 -.5 -5.7779 8.91602 -.55801 -5.68978
3 15 7.3 -1.1 -6.04448 6.74 0 -7 8.44882 .04882 -6.28596
3 15 6.87 -2.65 -5.23 6.74 0 -7 7.3 -1.1 -6.04448
3 15 6.87 -2.65 -5.23 7.3 -1.1 -6.04448 7.4 -1.2 -5.9362
3 15 6.87 -2.65 -5.23 7.4 -1.2 -5.9362 8.31718 -1.1703 -5.55521
4 31 9.1 -.1 -5.90561 9.24293 .07151 -5.95413 9.54 .08 -5.83 8.8 -.5 -5.7779
3 31 8.91602 -.55801 -5.68978 8.8 -.5 -5.7779 9.54 .08 -5.83
3 272 4.3 -3 -5.26461 4.12477 -2.60572 -5.61965 4.97957 -2.61951 -5.49832
3 272 4.97957 -2.61951 -5.49832 4.8 -3.2 -5.03176 4.3 -3 -5.26461
3 272 4.4 -3.6 -4.74573 4.3 -3 -5.26461 4.8 -3.2 -5.03176
3 272 4.97957 -2.61951 -5.49832 5.4 -3.1 -5.03911 4.8 -3.2 -5.03176
3 272 5.20634 -4.01267 -4.29419 4.8 -3.2 -5.03176 5.4 -3.1 -5.03911
3 272 5.20634 -4.01267 -4.29419 5.4 -3.1 -5.03911 5.66748 -3.63496 -4.55358
4 272 3.83 -5.14 -3.52 3.80143 -3.93062 -4.54369 4.2 -4.5 -4.01231 4.3116 -4.74553 -3.7909
4 26 4.2 -4.5 -4.01231 3.80143 -3.93062 -4.54369 3.77 -2.6 -5.67 4.4 -3.6 -4.74573
3 26 5.20634 -4.01267 -4.29419 4.2 -4.5 -4.01231 4.4 -3.6 -4.74573
3 26 4.3116 -4.74553 -3.7909 4.2 -4.5 -4.01231 5.20634 -4.01267 -4.29419
3 26 5.20634 -4.01267 -4.29419 4.4 -3.6 -4.74573 4.8 -3.2 -5.03176
4 26 4.3 -3 -5.26461 4.4 -3.6 -4.74573 3.77 -2.6 -5.67 4.12477 -2.60572 -5.61965
3 15 5.66748 -3.63496 -4.55358 5.4 -3.1 -5.03911 6.87 -3.96 -4.1
3 15 6.87 -2.65 -5.23 6.87 -3.96 -4.1 5.4 -3.1 -5.03911
3 15 5.4 -3.1 -5.03911 4.97957 -2.61951 -5.49832 6.87 -2.65 -5.23
3 272 9.59 -3.98 -3.46 9.33687 -3.97814 -3.51956 9.38319 -3.87888 -3.59458
3 15 6.87 -3.96 -4.1 6.87 -2.65 -5.23 8.59932 -3.49559 -4.10467
4 15 9.38319 -3.87888 -3.59458 9.33687 -3.97814 -3.51956 6.87 -3.96 -4.1 8.59932 -3.49559 -4.10467
3 272 9.55177 -.87589 -5.27201 8.31718 -1.1703 -5.55521 8.91602 -.55801 -5.68978
3 272 9.2 -1.7 -4.92395 8.31718 -1.1703 -5.55521 9.55177 -.87589 -5.27201
3 272 9.56827 -2.21558 -4.48997 9.2 -1.7 -4.92395 9.55177 -.87589 -5.27201
3 272 9.59 -3.98 -3.46 9.38319 -3.87888 -3.59458 9.58347 -3.44971 -3.76955
4 15 6.87 -2.65 -5.23 8.31718 -1.1703 -5.55521 9.2 -1.7 -4.92395 9.57068 -2.41142 -4.37565
3 15 9.57068 -2.41142 -4.37565 9.2 -1.7 -4.92395 9.56827 -2.21558 -4.48997
4 15 6.87 -2.65 -5.23 9.57794 -3.00112 -4.03142 9.58011 -3.1767 -3.92892 8.59932 -3.49559 -4.10467
3 15 9.57794 -3.00112 -4.03142 6.87 -2.65 -5.23 9.57068 -2.41142 -4.37565
4 15 9.58011 -3.1767 -3.92892 9.58347 -3.44971 -3.76955 9.38319 -3.87888 -3.59458 8.59932 -3.49559 -4.10467
3 31 9.55177 -.87589 -5.27201 8.91602 -.55801 -5.68978 9.54 .08 -5.83
3 16 3.68 -6 -2.59 0 -5.07 -4.13 3.83 -5.14 -3.52
3 272 5.99904 -4.29807 -3.93383 6.3 -4.9 -3.15318 5.93925 -5.58294 -2.45131
3 272 5.93925 -5.58294 -2.45131 5.45468 -4.50937 -3.82997 5.99904 -4.29807 -3.93383
3 272 6.54957 -5.71111 -2.14208 5.93925 -5.58294 -2.45131 6.3 -4.9 -3.15318
3 272 4.56065 -5.29344 -3.1498 3.83 -5.14 -3.52 4.39179 -4.92194 -3.62718
3 26 4.56065 -5.29344 -3.1498 4.39179 -4.92194 -3.62718 5.45468 -4.50937 -3.82997
3 26 5.93925 -5.58294 -2.45131 4.56065 -5.29344 -3.1498 5.45468 -4.50937 -3.82997
4 15 6.83 -5.77 -2 6.54957 -5.71111 -2.14208 6.3 -4.9 -3.15318 6.87 -3.96 -4.1
3 15 6.3 -4.9 -3.15318 5.99904 -4.29807 -3.93383 6.87 -3.96 -4.1
4 272 6.54957 -5.71111 -2.14208 6.57346 -5.78873 -2.04805 6.02855 -5.82852 -2.15011 5.93925 -5.58294 -2.45131
3 272 3.83 -5.14 -3.52 4.56065 -5.29344 -3.1498 4.15229 -5.96552 -2.50154
3 272 4.15229 -5.96552 -2.50154 4.56065 -5.29344 -3.1498 4.84013 -5.91529 -2.37271
3 26 4.56065 -5.29344 -3.1498 5.93925 -5.58294 -2.45131 6.02855 -5.82852 -2.15011
3 26 4.84013 -5.91529 -2.37271 4.56065 -5.29344 -3.1498 6.02855 -5.82852 -2.15011
3 15 6.57346 -5.78873 -2.04805 6.54957 -5.71111 -2.14208 6.83 -5.77 -2
3 16 3.68 -6 -2.59 3.83 -5.14 -3.52 4.15229 -5.96552 -2.50154
3 272 6.57346 -5.78873 -2.04805 6.59541 -5.8601 -1.83171 6.10809 -6.04725 -1.48211
3 272 6.10809 -6.04725 -1.48211 6.02855 -5.82852 -2.15011 6.57346 -5.78873 -2.04805
4 272 4.4 -6.6 -.55708 4.15229 -5.96552 -2.50154 4.84013 -5.91529 -2.37271 4.82811 -6.53884 -.56386
3 272 4.82811 -6.53884 -.56386 4.84013 -5.91529 -2.37271 5.0751 -6.44398 -.74105
3 26 5.0751 -6.44398 -.74105 4.84013 -5.91529 -2.37271 6.02855 -5.82852 -2.15011
3 26 6.02855 -5.82852 -2.15011 6.10809 -6.04725 -1.48211 5.0751 -6.44398 -.74105
3 15 6.59541 -5.8601 -1.83171 6.57346 -5.78873 -2.04805 6.83 -5.77 -2
3 31 4.82811 -6.53884 -.56386 4.5594 -6.64204 -.37109 4.4 -6.6 -.55708
4 16 3.68 -6 -2.59 4.15229 -5.96552 -2.50154 4.4 -6.6 -.55708 4.07 -6.83 -.02
3 16 4.5594 -6.64204 -.37109 4.07 -6.83 -.02 4.4 -6.6 -.55708
3 272 6.59541 -5.8601 -1.83171 6.7 -6.2 -.54611 6.2 -6.3 -.51687
3 272 6.2 -6.3 -.51687 6.10809 -6.04725 -1.48211 6.59541 -5.8601 -1.83171
3 272 4.82811 -6.53884 -.56386 5.0751 -6.44398 -.74105 5.1 -6.5 -.52414
4 26 6.10809 -6.04725 -1.48211 6.2 -6.3 -.51687 5.1 -6.5 -.52414 5.0751 -6.44398 -.74105
4 15 6.83 -5.77 -2 6.8677 -6.12813 -.69314 6.7 -6.2 -.54611 6.59541 -5.8601 -1.83171
3 31 6.89 -6.34 .08 6.7 -6.2 -.54611 6.8677 -6.12813 -.69314
4 31 6.2 -6.3 -.51687 6.7 -6.2 -.54611 6.89 -6.34 .08 4.7936 -6.70427 .00566
3 31 4.7936 -6.70427 .00566 5.1 -6.5 -.52414 6.2 -6.3 -.51687
3 31 4.5594 -6.64204 -.37109 5.1 -6.5 -.52414 4.7936 -6.70427 .00566
3 31 4.5594 -6.64204 -.37109 4.82811 -6.53884 -.56386 5.1 -6.5 -.52414
3 16 4.07 -6.83 -.02 4.5594 -6.64204 -.37109 4.7936 -6.70427 .00566
3 15 6.8677 -6.12813 -.69314 6.83 -5.77 -2 7.77236 -5.74042 -1.14639
4 31 7.77236 -5.74042 -1.14639 9.06 -5.7 .02 6.89 -6.34 .08 6.8677 -6.12813 -.69314
3 272 8.1 -5.6 -1.38451 8.29667 -5.40333 -1.98937 8.96333 -5.23667 -1.98454
4 15 6.83 -5.77 -2 8.29667 -5.40333 -1.98937 8.1 -5.6 -1.38451 7.77236 -5.74042 -1.14639
3 31 9.59 -5.08 -1.98 9.06 -5.7 .02 8.96333 -5.23667 -1.98454
4 31 8.1 -5.6 -1.38451 8.96333 -5.23667 -1.98454 9.06 -5.7 .02 7.77236 -5.74042 -1.14639
3 272 9.22576 -4.21623 -3.26732 9.33687 -3.97814 -3.51956 9.59 -3.98 -3.46
3 15 9.22576 -4.21623 -3.26732 6.87 -3.96 -4.1 9.33687 -3.97814 -3.51956
3 15 6.83 -5.77 -2 6.87 -3.96 -4.1 9.22576 -4.21623 -3.26732
4 272 9 -4.7 -2.694 9.22576 -4.21623 -3.26732 9.59 -3.98 -3.46 8.96333 -5.23667 -1.98454
3 272 8.29667 -5.40333 -1.98937 9 -4.7 -2.694 8.96333 -5.23667 -1.98454
3 272 8.96333 -5.23667 -1.98454 9.59 -3.98 -3.46 9.59 -4.61 -2.61236
4 15 6.83 -5.77 -2 9.22576 -4.21623 -3.26732 9 -4.7 -2.694 8.29667 -5.40333 -1.98937
3 31 8.96333 -5.23667 -1.98454 9.59 -4.61 -2.61236 9.59 -5.08 -1.98
3 272 1.85327 -2.77794 -5.68525 1.2 -3 -5.57092 1.07185 -2.85049 -5.69147
4 272 2.18903 -3.63581 -5.02419 1.2 -3 -5.57092 1.85327 -2.77794 -5.68525 3.06312 -3.06312 -5.38125
3 272 3.06312 -3.06312 -5.38125 1.85327 -2.77794 -5.68525 2.69939 -2.69939 -5.67852
3 26 3.06312 -3.06312 -5.38125 2.69939 -2.69939 -5.67852 3.77 -2.6 -5.67
4 16 0 -2.95 -5.7 1.07185 -2.85049 -5.69147 1.2 -3 -5.57092 0 -5.07 -4.13
3 16 0 -5.07 -4.13 1.2 -3 -5.57092 2.18903 -3.63581 -5.02419
3 272 2.6 -3.9 -4.74234 2.18903 -3.63581 -5.02419 3.06312 -3.06312 -5.38125
3 272 3.06312 -3.06312 -5.38125 3.5 -3.5 -4.95009 2.6 -3.9 -4.74234
4 272 3.83 -5.14 -3.52 2.6 -3.9 -4.74234 3.5 -3.5 -4.95009 3.80143 -3.93062 -4.54369
3 26 3.5 -3.5 -4.95009 3.06312 -3.06312 -5.38125 3.77 -2.6 -5.67
3 26 3.80143 -3.93062 -4.54369 3.5 -3.5 -4.95009 3.77 -2.6 -5.67
4 16 0 -5.07 -4.13 2.18903 -3.63581 -5.02419 2.6 -3.9 -4.74234 3.83 -5.14 -3.52
3 272 4.67873 2.39095 -8.76403 4.53484 2.49887 -8.83274 5.12703 3.01532 -8.79831
3 272 4.67873 2.39095 -8.76403 5.12703 3.01532 -8.79831 5.6 2.7 -8.58266
3 272 4.67873 2.39095 -8.76403 5.6 2.7 -8.58266 6.09408 2.39595 -8.36394
4 26 6.99 4.64 -8.69 7.14226 3.27577 -8.29413 6.9 3.3 -8.3691 6.6 3.5 -8.50588
3 26 6.6 3.5 -8.50588 6.6 4.29988 -8.71267 6.99 4.64 -8.69
3 26 6 2.7 -8.46922 5.33627 3.1978 -8.78615 5.73358 3.54428 -8.76305
3 26 5.73358 3.54428 -8.76305 6.4 3.1 -8.45919 6 2.7 -8.46922
4 26 6 2.7 -8.46922 6.4 3.1 -8.45919 7.24 2.4 -8.04 6.82899 2.39855 -8.15619
3 26 7.24 2.4 -8.04 6.4 3.1 -8.45919 7.17422 2.9894 -8.21103
3 15 4.41 2.39 -8.84 4.53484 2.49887 -8.83274 4.67873 2.39095 -8.76403
4 31 5.6 2.7 -8.58266 5.12703 3.01532 -8.79831 5.33627 3.1978 -8.78615 6 2.7 -8.46922
3 31 6.09408 2.39595 -8.36394 5.6 2.7 -8.58266 6 2.7 -8.46922
3 31 6.09408 2.39595 -8.36394 6 2.7 -8.46922 6.82899 2.39855 -8.15619
4 31 7.17422 2.9894 -8.21103 6.4 3.1 -8.45919 6.9 3.3 -8.3691 7.14226 3.27577 -8.29413
4 31 6.6 3.5 -8.50588 6.9 3.3 -8.3691 6.4 3.1 -8.45919 5.73358 3.54428 -8.76305
3 31 6.6 3.5 -8.50588 5.73358 3.54428 -8.76305 6.6 4.29988 -8.71267
4 272 5.12703 3.01532 -8.79831 4.53484 2.49887 -8.83274 4.40571 2.59571 -8.88179 4.38669 3.50887 -9.06727
4 26 6.99 4.64 -8.69 6.6 4.4 -8.73253 5.7 4.4 -8.9405 5.7 4.47752 -8.95588
3 26 5.7 4.4 -8.9405 5.63115 4.46885 -8.97007 5.7 4.47752 -8.95588
3 26 6.6 4.29988 -8.71267 6.6 4.4 -8.73253 6.99 4.64 -8.69
3 26 4.8 4 -9.06916 4.74056 4.35667 -9.15363 5.06411 4.39743 -9.08694
3 26 5.06411 4.39743 -9.08694 5.5 3.7 -8.8479 4.8 4 -9.06916
3 26 5.33627 3.1978 -8.78615 4.8 4 -9.06916 5.5 3.7 -8.8479
3 26 5.33627 3.1978 -8.78615 5.5 3.7 -8.8479 5.73358 3.54428 -8.76305
3 15 4.41 2.39 -8.84 4.40571 2.59571 -8.88179 4.53484 2.49887 -8.83274
4 31 4.8 4 -9.06916 4.38021 3.82009 -9.13049 4.37 4.31 -9.23 4.74056 4.35667 -9.15363
4 31 4.38021 3.82009 -9.13049 4.8 4 -9.06916 5.33627 3.1978 -8.78615 4.38487 3.59641 -9.08505
4 31 5.33627 3.1978 -8.78615 5.12703 3.01532 -8.79831 4.38669 3.50887 -9.06727 4.38487 3.59641 -9.08505
3 31 5.73358 3.54428 -8.76305 5.5 3.7 -8.8479 6.6 4.4 -8.73253
3 31 5.73358 3.54428 -8.76305 6.6 4.4 -8.73253 6.6 4.29988 -8.71267
3 31 5.5 3.7 -8.8479 5.7 4.4 -8.9405 6.6 4.4 -8.73253
4 31 5.63115 4.46885 -8.97007 5.7 4.4 -8.9405 5.5 3.7 -8.8479 5.06411 4.39743 -9.08694
4 272 -1.07259 16.49242 -8.69764 -1.1 18 -8.65536 -.3 18 -8.75328 -.29345 17.58754 -8.76473
3 272 -4.14022 16.68454 -8.31719 -3.8 16.7 -8.35844 -3.6 15 -8.42681
3 272 -3.6 15 -8.42681 -3.95734 15.4169 -8.37231 -4.14022 16.68454 -8.31719
4 31 -4.33 18 -8.26 -1.1 18 -8.65536 -3.8 16.7 -8.35844 -4.14022 16.68454 -8.31719
3 31 -3.6 15 -8.42681 -3.8 16.7 -8.35844 -1.1 18 -8.65536
4 31 -3.6 12.94 -8.48 -3.6 15 -8.42681 -1.1 18 -8.65536 -1.07259 16.49242 -8.69764
3 31 -3.6 12.94 -8.48 -3.95734 15.4169 -8.37231 -3.6 15 -8.42681
3 31 -.29345 17.58754 -8.76473 -.3 18 -8.75328 0 18 -8.79
3 272 -.95336 12.86648 -8.75937 -1.07259 16.49242 -8.69764 -.29345 17.58754 -8.76473
3 272 -.29345 17.58754 -8.76473 -.21819 12.84606 -8.83697 -.95336 12.86648 -8.75937
3 31 -.95336 12.86648 -8.75937 -3.6 12.94 -8.48 -1.07259 16.49242 -8.69764
4 31 -.29345 17.58754 -8.76473 0 18 -8.79 0 12.84 -8.86 -.21819 12.84606 -8.83697
4 272 -6.47675 16.90465 -7.54664 -6 17 -7.70537 -6 16.6 -7.70618 -6.48976 16.6 -7.54293
3 272 -4.88807 16.81139 -8.07639 -6 16.6 -7.70618 -6 17 -7.70537
3 272 -5.11235 16.3337 -8.0026 -6 16.6 -7.70618 -4.88807 16.81139 -8.07639
4 31 -6 17 -7.70537 -6.47675 16.90465 -7.54664 -6.43 18 -7.56 -4.33 18 -8.26
3 31 -4.88807 16.81139 -8.07639 -6 17 -7.70537 -4.33 18 -8.26
4 31 -6.64 13.08 -7.5 -6.48976 16.6 -7.54293 -6 16.6 -7.70618 -5.11235 16.3337 -8.0026
3 272 -6.48976 16.6 -7.54293 -8 16.6 -6.52486 -6.47675 16.90465 -7.54664
3 31 -6.64 13.08 -7.5 -8.67 18 -6.05 -8 16.6 -6.52486
4 31 -8 16.6 -6.52486 -8.67 18 -6.05 -6.43 18 -7.56 -6.47675 16.90465 -7.54664
3 31 -6.64 13.08 -7.5 -8 16.6 -6.52486 -6.48976 16.6 -7.54293
3 31 -6.64 13.08 -7.5 -8.7 13.2 -5.89 -8.67 18 -6.05
3 272 -.21503 12.64666 -8.84253 -.96555 11.97181 -8.78157 -.95336 12.86648 -8.75937
3 272 -.21503 12.64666 -8.84253 -.95336 12.86648 -8.75937 -.21819 12.84606 -8.83697
3 272 -3 11.8 -8.57281 -3.59108 11.95555 -8.50677 -3.59297 12.16432 -8.50109
3 272 -3.59297 12.16432 -8.50109 -2.8 11.9 -8.59115 -3 11.8 -8.57281
3 31 -3.6 12.94 -8.48 -.95336 12.86648 -8.75937 -2.8 11.9 -8.59115
4 31 -3.57 9.63 -8.57 -2.8 11.9 -8.59115 -.95336 12.86648 -8.75937 -1.89516 11.13595 -8.70605
3 31 -1.89516 11.13595 -8.70605 -.95336 12.86648 -8.75937 -1.11968 11.83323 -8.76905
3 31 -1.11968 11.83323 -8.76905 -.95336 12.86648 -8.75937 -.96555 11.97181 -8.78157
3 31 -2.8 11.9 -8.59115 -3.59297 12.16432 -8.50109 -3.6 12.94 -8.48
3 31 -3.57 9.63 -8.57 -3.59108 11.95555 -8.50677 -3 11.8 -8.57281
3 31 -3.57 9.63 -8.57 -3 11.8 -8.57281 -2.8 11.9 -8.59115
3 31 -.21503 12.64666 -8.84253 -.21819 12.84606 -8.83697 0 12.84 -8.86
3 272 -.2 11.7 -8.84663 -.96555 11.97181 -8.78157 -.21503 12.64666 -8.84253
3 272 -.96555 11.97181 -8.78157 -.2 11.7 -8.84663 0 9.5 -8.87
3 272 -.96555 11.97181 -8.78157 0 9.5 -8.87 -.80626 9.52936 -8.80225
3 272 0 9.5 -8.87 -.2 11.7 -8.84663 0 10.54 -8.86689
3 31 -2.89946 9.60558 -8.62635 -3.57 9.63 -8.57 -1.89516 11.13595 -8.70605
4 31 -1.11968 11.83323 -8.76905 -1.52847 9.55566 -8.74156 -2.89946 9.60558 -8.62635 -1.89516 11.13595 -8.70605
4 31 -.96555 11.97181 -8.78157 -.80626 9.52936 -8.80225 -1.52847 9.55566 -8.74156 -1.11968 11.83323 -8.76905
4 31 -.2 11.7 -8.84663 -.21503 12.64666 -8.84253 0 12.84 -8.86 0 10.54 -8.86689
4 272 -3.59297 12.16432 -8.50109 -3.59108 11.95555 -8.50677 -4.37367 12.16149 -8.2624 -4.17729 12.3591 -8.31764
3 31 -3.59297 12.16432 -8.50109 -4.17729 12.3591 -8.31764 -3.6 12.94 -8.48
3 31 -3.57 9.63 -8.57 -6.8 9.72 -7.58 -4.67831 11.85495 -8.17673
4 31 -4.37367 12.16149 -8.2624 -3.59108 11.95555 -8.50677 -3.57 9.63 -8.57 -4.67831 11.85495 -8.17673
3 272 -6.67652 12.31311 -7.51826 -6.66072 12.64494 -7.51036 -6.3 12.4 -7.63556
3 272 -6.66072 12.64494 -7.51036 -6 12.7 -7.72001 -6.3 12.4 -7.63556
4 272 -4.9 12.3 -8.08827 -6.3 12.4 -7.63556 -6 12.7 -7.72001 -4.6 12.5 -8.17662
4 272 -4.37367 12.16149 -8.2624 -4.9 12.3 -8.08827 -4.6 12.5 -8.17662 -4.17729 12.3591 -8.31764
4 31 -6 12.7 -7.72001 -6.64 13.08 -7.5 -3.6 12.94 -8.48 -4.6 12.5 -8.17662
3 31 -4.17729 12.3591 -8.31764 -4.6 12.5 -8.17662 -3.6 12.94 -8.48
3 31 -6.66072 12.64494 -7.51036 -6.64 13.08 -7.5 -6 12.7 -7.72001
4 31 -6.8 9.72 -7.58 -6.67652 12.31311 -7.51826 -6.3 12.4 -7.63556 -4.9 12.3 -8.08827
3 31 -6.8 9.72 -7.58 -4.9 12.3 -8.08827 -4.67831 11.85495 -8.17673
3 31 -4.67831 11.85495 -8.17673 -4.9 12.3 -8.08827 -4.37367 12.16149 -8.2624
4 272 -6.66072 12.64494 -7.51036 -6.67652 12.31311 -7.51826 -7.11433 12.21208 -7.15434 -6.88812 12.62599 -7.31919
3 31 -6.88812 12.62599 -7.31919 -6.64 13.08 -7.5 -6.66072 12.64494 -7.51036
3 31 -8.52 9.64 -6.13 -7.43837 11.61915 -6.91821 -6.8 9.72 -7.58
4 31 -7.11433 12.21208 -7.15434 -6.67652 12.31311 -7.51826 -6.8 9.72 -7.58 -7.43837 11.61915 -6.91821
3 272 -8.68377 12.87906 -5.91164 -8.6 12.9 -5.97639 -8.64375 12.0875 -5.965
3 272 -8.64375 12.0875 -5.965 -8.5 11.5 -6.09355 -8.61404 11.5 -6.00461
4 272 -8.5 11.5 -6.09355 -8.64375 12.0875 -5.965 -8 12.3 -6.46113 -7.6 12.1 -6.7787
4 272 -7.6 12.1 -6.7787 -8 12.3 -6.46113 -7.2 12.6 -7.07667 -7.11433 12.21208 -7.15434
3 272 -7.11433 12.21208 -7.15434 -7.2 12.6 -7.07667 -6.88812 12.62599 -7.31919
4 31 -6.64 13.08 -7.5 -6.88812 12.62599 -7.31919 -7.2 12.6 -7.07667 -8.6 12.9 -5.97639
3 31 -8 12.3 -6.46113 -8.6 12.9 -5.97639 -7.2 12.6 -7.07667
3 31 -8.64375 12.0875 -5.965 -8.6 12.9 -5.97639 -8 12.3 -6.46113
3 31 -8.6 12.9 -5.97639 -8.7 13.2 -5.89 -6.64 13.08 -7.5
3 31 -8.68377 12.87906 -5.91164 -8.7 13.2 -5.89 -8.6 12.9 -5.97639
3 31 -8.52 9.64 -6.13 -8.61404 11.5 -6.00461 -8.5 11.5 -6.09355
4 31 -8.52 9.64 -6.13 -8.5 11.5 -6.09355 -7.6 12.1 -6.7787 -7.43837 11.61915 -6.91821
3 31 -7.43837 11.61915 -6.91821 -7.6 12.1 -6.7787 -7.11433 12.21208 -7.15434
4 272 -.7 7.9 -9.04828 -.80626 9.52936 -8.80225 0 9.5 -8.87 0 6.85 -9.25
3 272 -3.3 7.5 -8.91386 -2.7 8.2 -8.85493 -3.32093 6.89291 -9.00114
3 272 -3.32093 6.89291 -9.00114 -2.7 8.2 -8.85493 -2.64517 6.88417 -9.05178
4 272 -2.7 8.2 -8.85493 -1.7 8.6 -8.87286 -.7 7.9 -9.04828 0 6.85 -9.25
3 26 0 6.85 -9.25 -2.64517 6.88417 -9.05178 -2.7 8.2 -8.85493
3 31 -.7 7.9 -9.04828 -1.7 8.6 -8.87286 -.80626 9.52936 -8.80225
3 31 -3.32093 6.89291 -9.00114 -3.87 6.9 -8.96 -3.3 7.5 -8.91386
3 31 -3.87 6.9 -8.96 -7.25 6.94 -8.02 -3.57 9.63 -8.57
3 31 -7.25 6.94 -8.02 -6.8 9.72 -7.58 -3.57 9.63 -8.57
4 31 -6.8 9.72 -7.58 -7.25 6.94 -8.02 -8.97 6.47 -6.67 -8.52 9.64 -6.13
3 272 -2.64517 6.88417 -9.05178 -2.45974 4.39743 -9.37425 -3.4 4.6 -9.27071
3 272 -3.62387 4.34415 -9.28634 -3.4 4.6 -9.27071 -2.45974 4.39743 -9.37425
4 26 -2.45974 4.39743 -9.37425 -2.64517 6.88417 -9.05178 0 6.85 -9.25 0 4.51 -9.56
3 31 -4.37 4.31 -9.23 -3.4 4.6 -9.27071 -3.62387 4.34415 -9.28634
3 31 -4.37 4.31 -9.23 -6.99 4.64 -8.69 -3.87 6.9 -8.96
3 31 -6.99 4.64 -8.69 -7.25 6.94 -8.02 -3.87 6.9 -8.96
3 31 -6.99 4.64 -8.69 -9.25 4.72 -6.69 -7.25 6.94 -8.02
3 31 -9.25 4.72 -6.69 -8.97 6.47 -6.67 -7.25 6.94 -8.02
4 272 -1.42961 2.79607 -9.06851 -1.5 3.5 -9.22772 -1 3.1 -9.16709 -.90975 2.52841 -9.03996
3 272 -1 3.1 -9.16709 -1.5 3.5 -9.22772 -1.2 3.9 -9.34024
3 272 -2.45974 4.39743 -9.37425 -2.34683 3.26832 -9.11889 -3.87621 4.05576 -9.20288
3 272 -2.45974 4.39743 -9.37425 -3.87621 4.05576 -9.20288 -3.62387 4.34415 -9.28634
3 26 -1.5 3.5 -9.22772 -1.42961 2.79607 -9.06851 -2.45974 4.39743 -9.37425
3 26 -1.42961 2.79607 -9.06851 -2.34683 3.26832 -9.11889 -2.45974 4.39743 -9.37425
3 26 -2.45974 4.39743 -9.37425 -1.2 3.9 -9.34024 -1.5 3.5 -9.22772
3 26 -1.2 3.9 -9.34024 -2.45974 4.39743 -9.37425 0 4.51 -9.56
3 26 -1.2 3.9 -9.34024 0 4.51 -9.56 -1 3.1 -9.16709
3 26 0 2.06 -8.99 -1 3.1 -9.16709 0 4.51 -9.56
3 26 0 2.06 -8.99 -.90975 2.52841 -9.03996 -1 3.1 -9.16709
3 31 -3.87621 4.05576 -9.20288 -4.37 4.31 -9.23 -3.62387 4.34415 -9.28634
3 272 -.84578 2.12329 -8.96123 -1.3577 2.1616 -8.94382 -1.4 2.5 -9.01013
3 272 -.84578 2.12329 -8.96123 -1.4 2.5 -9.01013 -.90975 2.52841 -9.03996
3 272 -1.4 2.5 -9.01013 -1.42961 2.79607 -9.06851 -.90975 2.52841 -9.03996
4 272 -3.00612 2.28495 -8.88775 -3.2 2.6 -8.9419 -2.3 2.8 -9.02654 -1.95633 2.20639 -8.92346
4 272 -2.3 2.8 -9.02654 -3.2 2.6 -8.9419 -3.4 3.6 -9.13417 -2.34683 3.26832 -9.11889
3 272 -2.34683 3.26832 -9.11889 -3.4 3.6 -9.13417 -3.87621 4.05576 -9.20288
4 272 -3.87621 4.05576 -9.20288 -3.4 3.6 -9.13417 -4 3.1 -9.00364 -4.38401 3.63771 -9.09344
3 272 -4.4 2.86922 -8.93734 -4.38401 3.63771 -9.09344 -4 3.1 -9.00364
4 26 -1.95633 2.20639 -8.92346 -2.3 2.8 -9.02654 -1.4 2.5 -9.01013 -1.3577 2.1616 -8.94382
3 26 -1.42961 2.79607 -9.06851 -1.4 2.5 -9.01013 -2.3 2.8 -9.02654
3 26 -2.3 2.8 -9.02654 -2.34683 3.26832 -9.11889 -1.42961 2.79607 -9.06851
3 26 -.90975 2.52841 -9.03996 0 2.06 -8.99 -.84578 2.12329 -8.96123
4 15 -4 3.1 -9.00364 -3.4 3.6 -9.13417 -3.2 2.6 -8.9419 -4.41 2.39 -8.84
3 15 -3.00612 2.28495 -8.88775 -4.41 2.39 -8.84 -3.2 2.6 -8.9419
3 15 -4.41 2.39 -8.84 -4.4 2.86922 -8.93734 -4 3.1 -9.00364
3 31 -4.37 4.31 -9.23 -3.87621 4.05576 -9.20288 -4.38401 3.63771 -9.09344
3 31 -9 2.1 -6.71 -6.99 4.64 -8.69 -7.24 2.4 -8.04
3 31 -9 2.1 -6.71 -9.25 4.72 -6.69 -6.99 4.64 -8.69
3 272 -3.16224 .36837 -7.79141 -2.4 1.3 -8.37674 -1.42901 1.29556 -8.44836
4 272 -.84578 2.12329 -8.96123 -.77069 1.64772 -8.69788 -1.2607 1.38559 -8.51215 -1.3577 2.1616 -8.94382
3 272 -1.42901 1.29556 -8.44836 -2.4 1.3 -8.37674 -1.95633 2.20639 -8.92346
3 272 -2.4 1.3 -8.37674 -3.00612 2.28495 -8.88775 -1.95633 2.20639 -8.92346
4 26 -1.2607 1.38559 -8.51215 -1.42901 1.29556 -8.44836 -1.95633 2.20639 -8.92346 -1.3577 2.1616 -8.94382
3 26 0 2.06 -8.99 -.77069 1.64772 -8.69788 -.84578 2.12329 -8.96123
4 15 -4.41 2.39 -8.84 -3.00612 2.28495 -8.88775 -2.4 1.3 -8.37674 -3.72 .07 -7.58
3 15 -3.72 .07 -7.58 -2.4 1.3 -8.37674 -3.16224 .36837 -7.79141
4 272 -1.8 .5 -7.95517 -2.24724 .02645 -7.6473 -2.59421 .03671 -7.63145 -1.42901 1.29556 -8.44836
4 272 -2.59421 .03671 -7.63145 -3.41377 .06094 -7.59399 -3.16224 .36837 -7.79141 -1.42901 1.29556 -8.44836
3 272 -1.42901 1.29556 -8.44836 -1.2 .9 -8.22926 -1.8 .5 -7.95517
4 272 -1.51706 .00486 -7.68067 -1.8 .5 -7.95517 -1.2 .9 -8.22926 -.41721 -.02766 -7.73093
3 272 -.41721 -.02766 -7.73093 -1.2 .9 -8.22926 -.5 .2 -7.86013
3 272 -.7 1.2 -8.43798 -.5 .2 -7.86013 -1.2 .9 -8.22926
3 272 -1.2 .9 -8.22926 -.77069 1.64772 -8.69788 -.7 1.2 -8.43798
3 272 -1.2 .9 -8.22926 -1.2607 1.38559 -8.51215 -.77069 1.64772 -8.69788
4 272 -.2 .8 -8.23337 -.5 .2 -7.86013 -.7 1.2 -8.43798 -.3 1.6 -8.69943
4 272 0 1.2 -8.48219 -.2 .8 -8.23337 -.3 1.6 -8.69943 0 1.6 -8.71838
3 272 -.2 .8 -8.23337 0 1.2 -8.48219 0 .84444 -8.27224
3 26 -1.2 .9 -8.22926 -1.42901 1.29556 -8.44836 -1.2607 1.38559 -8.51215
3 26 0 2.06 -8.99 0 1.6 -8.71838 -.3 1.6 -8.69943
4 26 0 2.06 -8.99 -.3 1.6 -8.69943 -.7 1.2 -8.43798 -.77069 1.64772 -8.69788
4 26 0 -.04 -7.75 -.41721 -.02766 -7.73093 -.5 .2 -7.86013 -.2 .8 -8.23337
3 26 0 -.04 -7.75 -.2 .8 -8.23337 0 .84444 -8.27224
3 15 -3.41377 .06094 -7.59399 -3.72 .07 -7.58 -3.16224 .36837 -7.79141
3 16 -1.51706 .00486 -7.68067 -2.24724 .02645 -7.6473 -1.8 .5 -7.95517
3 272 -5.22567 2.39288 -8.60942 -6.6 1.6 -7.82796 -7.17019 2.06491 -7.89479
3 272 -7.17019 2.06491 -7.89479 -6.55424 2.39758 -8.23385 -5.22567 2.39288 -8.60942
3 272 -7.17019 2.06491 -7.89479 -6.6 1.6 -7.82796 -7.02239 1.35546 -7.58737
4 15 -6.74 0 -7 -7.02239 1.35546 -7.58737 -6.6 1.6 -7.82796 -4.41 2.39 -8.84
3 15 -6.6 1.6 -7.82796 -5.22567 2.39288 -8.60942 -4.41 2.39 -8.84
3 31 -7.24 2.4 -8.04 -6.55424 2.39758 -8.23385 -7.17019 2.06491 -7.89479
3 15 -6.74 0 -7 -4.41 2.39 -8.84 -3.72 .07 -7.58
4 272 -8.33529 1.48235 -6.79529 -7.17019 2.06491 -7.89479 -7.02239 1.35546 -7.58737 -7.74716 .93586 -6.87076
3 15 -6.74 0 -7 -7.74716 .93586 -6.87076 -7.02239 1.35546 -7.58737
4 31 -9 2.1 -6.71 -7.24 2.4 -8.04 -7.17019 2.06491 -7.89479 -8.33529 1.48235 -6.79529
3 272 -8.9 1.2 -6.46337 -8.33529 1.48235 -6.79529 -7.74716 .93586 -6.87076
3 272 -7.74716 .93586 -6.87076 -8.5 .5 -6.40915 -8.9 1.2 -6.46337
4 272 -8.9 1.2 -6.46337 -8.5 .5 -6.40915 -9.1 .2 -6.05648 -9.54 .08 -5.83
3 272 -9.54 .08 -5.83 -9.28466 1.03514 -6.2461 -8.9 1.2 -6.46337
3 272 -8.99146 .06433 -6.05921 -9.54 .08 -5.83 -9.1 .2 -6.05648
4 15 -6.74 0 -7 -8.99146 .06433 -6.05921 -9.1 .2 -6.05648 -8.5 .5 -6.40915
3 15 -6.74 0 -7 -8.5 .5 -6.40915 -7.74716 .93586 -6.87076
4 31 -9 2.1 -6.71 -8.33529 1.48235 -6.79529 -8.9 1.2 -6.46337 -9.28466 1.03514 -6.2461
4 272 -1.8 -.6 -7.22983 -1.4 -1 -6.97092 -2.1 -1.4 -6.63851 -2.7 -.9 -6.95547
3 272 -1.4 -1 -6.97092 -1.8 -.6 -7.22983 -1 -.5 -7.3547
4 272 -1 -.5 -7.3547 -1.8 -.6 -7.22983 -1.4 -.2 -7.5422 -.41721 -.02766 -7.73093
4 272 -2.7 -.9 -6.95547 -2.1 -1.4 -6.63851 -3.3 -1.9 -6.20128 -3.5 -1.3 -6.61638
3 272 -3.76267 -2.20844 -5.9501 -3.5 -1.3 -6.61638 -3.3 -1.9 -6.20128
3 272 -3.76267 -2.20844 -5.9501 -3.72735 -.32231 -7.29936 -3.5 -1.3 -6.61638
3 272 -3.5 -1.3 -6.61638 -3.72735 -.32231 -7.29936 -2.59421 .03671 -7.63145
3 272 -3.5 -1.3 -6.61638 -2.59421 .03671 -7.63145 -2.24724 .02645 -7.6473
3 272 -3.72735 -.32231 -7.29936 -3.41377 .06094 -7.59399 -2.59421 .03671 -7.63145
3 272 -1.4 -.2 -7.5422 -1.51706 .00486 -7.68067 -.41721 -.02766 -7.73093
3 26 -3.77 -2.6 -5.67 -3.76267 -2.20844 -5.9501 -3.3 -1.9 -6.20128
3 26 -3.3 -1.9 -6.20128 -2.1 -1.4 -6.63851 -3.77 -2.6 -5.67
3 15 -3.72735 -.32231 -7.29936 -3.72 .07 -7.58 -3.41377 .06094 -7.59399
4 16 -1.51706 .00486 -7.68067 -2.7 -.9 -6.95547 -3.5 -1.3 -6.61638 -2.24724 .02645 -7.6473
3 16 -1.51706 .00486 -7.68067 -1.8 -.6 -7.22983 -2.7 -.9 -6.95547
3 16 -1.51706 .00486 -7.68067 -1.4 -.2 -7.5422 -1.8 -.6 -7.22983
3 272 -3.76267 -2.20844 -5.9501 -4.02074 -2.3805 -5.78229 -4.77054 -1.72411 -6.11805
3 272 -3.76267 -2.20844 -5.9501 -4.77054 -1.72411 -6.11805 -4.2 -.9 -6.80503
3 272 -3.76267 -2.20844 -5.9501 -4.2 -.9 -6.80503 -3.72735 -.32231 -7.29936
3 26 -3.77 -2.6 -5.67 -4.02074 -2.3805 -5.78229 -3.76267 -2.20844 -5.9501
4 15 -3.72 .07 -7.58 -3.72735 -.32231 -7.29936 -4.2 -.9 -6.80503 -6.74 0 -7
3 15 -4.77054 -1.72411 -6.11805 -6.74 0 -7 -4.2 -.9 -6.80503
3 272 -4.02074 -2.3805 -5.78229 -4.2 -2.5 -5.6797 -5.1 -2.2 -5.76001
3 272 -4.02074 -2.3805 -5.78229 -5.1 -2.2 -5.76001 -4.77054 -1.72411 -6.11805
3 272 -5.44944 -2.62709 -5.43163 -5.1 -2.2 -5.76001 -4.2 -2.5 -5.6797
3 272 -5.44944 -2.62709 -5.43163 -4.2 -2.5 -5.6797 -4.31875 -2.60885 -5.59211
4 26 -3.77 -2.6 -5.67 -4.31875 -2.60885 -5.59211 -4.2 -2.5 -5.6797 -4.02074 -2.3805 -5.78229
4 15 -6.74 0 -7 -4.77054 -1.72411 -6.11805 -5.1 -2.2 -5.76001 -6.87 -2.65 -5.23
3 15 -6.87 -2.65 -5.23 -5.1 -2.2 -5.76001 -5.44944 -2.62709 -5.43163
3 272 -8.7 -.3 -5.95084 -9.54 .08 -5.83 -8.99146 .06433 -6.05921
3 272 -8.7 -.3 -5.95084 -6.9 -1 -6.28367 -6.9 -1.4 -6.02506
3 272 -8.7 -.3 -5.95084 -6.9 -1.4 -6.02506 -7.79934 -1.69978 -5.43884
3 272 -7.79934 -1.69978 -5.43884 -9.54 .08 -5.83 -8.7 -.3 -5.95084
3 15 -6.87 -2.65 -5.23 -7.79934 -1.69978 -5.43884 -6.9 -1.4 -6.02506
4 15 -6.74 0 -7 -6.87 -2.65 -5.23 -6.9 -1.4 -6.02506 -6.9 -1 -6.28367
4 15 -6.74 0 -7 -6.9 -1 -6.28367 -8.7 -.3 -5.95084 -8.99146 .06433 -6.05921
4 272 -6.38919 -3.74906 -4.34351 -5.44944 -2.62709 -5.43163 -4.31875 -2.60885 -5.59211 -4.80391 -3.05359 -5.14637
3 272 -5.44944 -2.62709 -5.43163 -6.38919 -3.74906 -4.34351 -6 -3.3 -4.78069
3 26 -4.80391 -3.05359 -5.14637 -4.31875 -2.60885 -5.59211 -3.77 -2.6 -5.67
4 15 -6.87 -2.65 -5.23 -5.44944 -2.62709 -5.43163 -6 -3.3 -4.78069 -6.87 -3.96 -4.1
3 15 -6.87 -3.96 -4.1 -6 -3.3 -4.78069 -6.38919 -3.74906 -4.34351
3 272 -9.59 -3.98 -3.46 -9.25424 -3.81582 -3.67849 -9.17985 -3.97698 -3.55651
3 15 -8.05377 -3.9687 -3.82147 -6.87 -2.65 -5.23 -6.87 -3.96 -4.1
4 15 -6.87 -2.65 -5.23 -8.05377 -3.9687 -3.82147 -9.17985 -3.97698 -3.55651 -9.25424 -3.81582 -3.67849
3 272 -9.54939 -.68215 -5.3851 -9.54 .08 -5.83 -8.6 -1.2 -5.43407
3 272 -7.79934 -1.69978 -5.43884 -8.6 -1.2 -5.43407 -9.54 .08 -5.83
3 272 -7.79934 -1.69978 -5.43884 -8.4 -1.9 -5.10212 -8.6 -1.2 -5.43407
3 272 -9.56268 -1.76156 -4.755 -8.6 -1.2 -5.43407 -8.4 -1.9 -5.10212
3 272 -9.56268 -1.76156 -4.755 -8.4 -1.9 -5.10212 -9.2 -2.3 -4.57642
3 272 -9.56268 -1.76156 -4.755 -9.2 -2.3 -4.57642 -9.5 -2.9 -4.11863
3 272 -9.59 -3.98 -3.46 -9.56268 -1.76156 -4.755 -9.5 -2.9 -4.11863
3 272 -9.5 -2.9 -4.11863 -9.25424 -3.81582 -3.67849 -9.59 -3.98 -3.46
3 15 -6.87 -2.65 -5.23 -9.25424 -3.81582 -3.67849 -9.5 -2.9 -4.11863
4 15 -6.87 -2.65 -5.23 -9.5 -2.9 -4.11863 -9.2 -2.3 -4.57642 -8.4 -1.9 -5.10212
3 15 -6.87 -2.65 -5.23 -8.4 -1.9 -5.10212 -7.79934 -1.69978 -5.43884
3 31 -9.56268 -1.76156 -4.755 -9.54939 -.68215 -5.3851 -8.6 -1.2 -5.43407
3 272 -3.6 -5.3 -3.37508 -3.83 -5.14 -3.52 -3.45888 -5.13322 -3.57911
3 272 -3.75746 -5.55588 -3.07027 -3.83 -5.14 -3.52 -3.6 -5.3 -3.37508
4 16 -3.68 -6 -2.59 -3.75746 -5.55588 -3.07027 -3.6 -5.3 -3.37508 0 -5.07 -4.13
3 16 -3.6 -5.3 -3.37508 -3.45888 -5.13322 -3.57911 0 -5.07 -4.13
3 272 -4.15727 -5.20873 -3.35418 -4.03401 -5.06081 -3.55892 -3.83 -5.14 -3.52
4 272 -6.5 -4.7 -3.33402 -6.84271 -5.19502 -2.6671 -6.86259 -4.2953 -3.71098 -6.64701 -4.04655 -4.05746
3 272 -6.5 -4.7 -3.33402 -6.64701 -4.04655 -4.05746 -6.07038 -4.27038 -3.94744
3 26 -4.03401 -5.06081 -3.55892 -6.5 -4.7 -3.33402 -6.07038 -4.27038 -3.94744
4 26 -4.03401 -5.06081 -3.55892 -4.15727 -5.20873 -3.35418 -6.83 -5.77 -2 -6.5 -4.7 -3.33402
3 26 -6.5 -4.7 -3.33402 -6.83 -5.77 -2 -6.84271 -5.19502 -2.6671
3 15 -6.86259 -4.2953 -3.71098 -6.87 -3.96 -4.1 -6.64701 -4.04655 -4.05746
3 272 -4.01569 -5.97549 -2.52713 -3.83 -5.14 -3.52 -3.75746 -5.55588 -3.07027
4 272 -4.69797 -5.92567 -2.39933 -4.4 -5.5 -2.96004 -3.83 -5.14 -3.52 -4.01569 -5.97549 -2.52713
3 272 -4.4 -5.5 -2.96004 -4.15727 -5.20873 -3.35418 -3.83 -5.14 -3.52
3 26 -4.4 -5.5 -2.96004 -6.83 -5.77 -2 -4.15727 -5.20873 -3.35418
3 26 -6.83 -5.77 -2 -4.4 -5.5 -2.96004 -4.69797 -5.92567 -2.39933
3 16 -3.68 -6 -2.59 -4.01569 -5.97549 -2.52713 -3.75746 -5.55588 -3.07027
3 272 -4.4 -6.6 -.55708 -5.06382 -6.44832 -.73296 -4.01569 -5.97549 -2.52713
3 272 -5.06382 -6.44832 -.73296 -4.69797 -5.92567 -2.39933 -4.01569 -5.97549 -2.52713
3 26 -5.06382 -6.44832 -.73296 -6.83 -5.77 -2 -4.69797 -5.92567 -2.39933
3 31 -4.5594 -6.64204 -.37109 -5.06382 -6.44832 -.73296 -4.4 -6.6 -.55708
3 16 -4.4 -6.6 -.55708 -3.68 -6 -2.59 -4.07 -6.83 -.02
3 16 -4.07 -6.83 -.02 -4.5594 -6.64204 -.37109 -4.4 -6.6 -.55708
3 16 -4.4 -6.6 -.55708 -4.01569 -5.97549 -2.52713 -3.68 -6 -2.59
3 26 -6.83 -5.77 -2 -5.06382 -6.44832 -.73296 -6.86642 -6.116 -.73742
4 31 -6.89 -6.34 .08 -6.86642 -6.116 -.73742 -5.06382 -6.44832 -.73296 -4.7936 -6.70427 .00566
3 31 -4.5594 -6.64204 -.37109 -4.7936 -6.70427 .00566 -5.06382 -6.44832 -.73296
3 16 -4.5594 -6.64204 -.37109 -4.07 -6.83 -.02 -4.7936 -6.70427 .00566
3 272 -7.23203 -5.75738 -1.63583 -7.4 -6 -.60563 -8 -5.9 -.34962
3 272 -8 -5.9 -.34962 -7.89598 -5.73654 -1.0344 -7.23203 -5.75738 -1.63583
3 272 -8.3 -5.8 -.39873 -8.46249 -5.71876 -.52124 -8.33868 -5.72264 -.6334
4 26 -6.83 -5.77 -2 -6.86642 -6.116 -.73742 -7.4 -6 -.60563 -7.23203 -5.75738 -1.63583
3 15 -8.3 -5.8 -.39873 -8.33868 -5.72264 -.6334 -7.89598 -5.73654 -1.0344
3 15 -7.89598 -5.73654 -1.0344 -8 -5.9 -.34962 -8.3 -5.8 -.39873
3 31 -8.3 -5.8 -.39873 -9.06 -5.7 .02 -8.46249 -5.71876 -.52124
4 31 -9.06 -5.7 .02 -8.3 -5.8 -.39873 -8 -5.9 -.34962 -6.89 -6.34 .08
4 31 -6.89 -6.34 .08 -8 -5.9 -.34962 -7.4 -6 -.60563 -6.86642 -6.116 -.73742
4 272 -7.18016 -5.68246 -1.99746 -7.23203 -5.75738 -1.63583 -7.89598 -5.73654 -1.0344 -7.76804 -5.53549 -1.9932
4 272 -8.9 -5.5 -.96767 -9.18286 -5.18179 -1.98295 -8.52714 -5.34571 -1.9877 -8.33868 -5.72264 -.6334
3 272 -8.33868 -5.72264 -.6334 -8.46249 -5.71876 -.52124 -8.9 -5.5 -.96767
3 26 -6.83 -5.77 -2 -7.23203 -5.75738 -1.63583 -7.18016 -5.68246 -1.99746
4 15 -7.89598 -5.73654 -1.0344 -8.33868 -5.72264 -.6334 -8.52714 -5.34571 -1.9877 -7.982 -5.482 -1.99165
3 15 -7.76804 -5.53549 -1.9932 -7.89598 -5.73654 -1.0344 -7.982 -5.482 -1.99165
4 31 -8.9 -5.5 -.96767 -9.06 -5.7 .02 -9.59 -5.08 -1.98 -9.18286 -5.18179 -1.98295
3 31 -8.46249 -5.71876 -.52124 -9.06 -5.7 .02 -8.9 -5.5 -.96767
4 272 -7.3 -4.8 -3.02371 -6.86259 -4.2953 -3.71098 -6.84271 -5.19502 -2.6671 -7.11349 -5.58614 -2.14996
3 272 -7.11349 -5.58614 -2.14996 -7.59963 -5.27085 -2.40713 -7.3 -4.8 -3.02371
3 272 -9.00265 -4.36093 -3.1493 -9.59 -3.98 -3.46 -9.17985 -3.97698 -3.55651
3 26 -6.83 -5.77 -2 -7.11349 -5.58614 -2.14996 -6.84271 -5.19502 -2.6671
4 15 -6.87 -3.96 -4.1 -6.86259 -4.2953 -3.71098 -7.3 -4.8 -3.02371 -9.00265 -4.36093 -3.1493
3 15 -7.59963 -5.27085 -2.40713 -9.00265 -4.36093 -3.1493 -7.3 -4.8 -3.02371
3 15 -6.87 -3.96 -4.1 -9.00265 -4.36093 -3.1493 -8.05377 -3.9687 -3.82147
3 15 -9.00265 -4.36093 -3.1493 -9.17985 -3.97698 -3.55651 -8.05377 -3.9687 -3.82147
4 272 -7.11349 -5.58614 -2.14996 -7.18016 -5.68246 -1.99746 -7.76804 -5.53549 -1.9932 -7.59963 -5.27085 -2.40713
4 272 -9.59 -4.72375 -2.45932 -9.59 -3.98 -3.46 -9.00265 -4.36093 -3.1493 -8.52714 -5.34571 -1.9877
3 272 -8.52714 -5.34571 -1.9877 -9.18286 -5.18179 -1.98295 -9.59 -4.72375 -2.45932
3 26 -6.83 -5.77 -2 -7.18016 -5.68246 -1.99746 -7.11349 -5.58614 -2.14996
4 15 -7.59963 -5.27085 -2.40713 -7.982 -5.482 -1.99165 -8.52714 -5.34571 -1.9877 -9.00265 -4.36093 -3.1493
3 15 -7.59963 -5.27085 -2.40713 -7.76804 -5.53549 -1.9932 -7.982 -5.482 -1.99165
3 31 -9.18286 -5.18179 -1.98295 -9.59 -5.08 -1.98 -9.59 -4.72375 -2.45932
3 272 -2.1 -3.1 -5.42782 -1.6649 -2.79543 -5.68675 -2.09201 -3.69937 -4.98456
3 272 -2.09201 -3.69937 -4.98456 -2.50325 -3.42994 -5.15255 -2.1 -3.1 -5.42782
3 272 -2.09201 -3.69937 -4.98456 -1.6649 -2.79543 -5.68675 -.95471 -2.86137 -5.6924
3 26 -2.1 -3.1 -5.42782 -3.77 -2.6 -5.67 -1.6649 -2.79543 -5.68675
3 26 -2.50325 -3.42994 -5.15255 -3.77 -2.6 -5.67 -2.1 -3.1 -5.42782
3 16 0 -5.07 -4.13 -1.97178 -3.77815 -4.93545 0 -2.95 -5.7
4 16 0 -2.95 -5.7 -1.97178 -3.77815 -4.93545 -2.03463 -3.73697 -4.96112 -.95471 -2.86137 -5.6924
3 16 -2.03463 -3.73697 -4.96112 -2.09201 -3.69937 -4.98456 -.95471 -2.86137 -5.6924
4 272 -2.50325 -3.42994 -5.15255 -2.09201 -3.69937 -4.98456 -2.5 -4 -4.67242 -3.2 -4 -4.57172
4 272 -3.83 -5.14 -3.52 -3.2 -4 -4.57172 -2.5 -4 -4.67242 -3.45888 -5.13322 -3.57911
3 272 -3.83 -5.14 -3.52 -3.82196 -4.79966 -3.80808 -3.2 -4 -4.57172
3 26 -3.2 -4 -4.57172 -3.77 -2.6 -5.67 -2.50325 -3.42994 -5.15255
3 26 -3.82196 -4.79966 -3.80808 -3.77 -2.6 -5.67 -3.2 -4 -4.57172
4 16 0 -5.07 -4.13 -3.45888 -5.13322 -3.57911 -2.5 -4 -4.67242 -1.97178 -3.77815 -4.93545
3 16 -2.5 -4 -4.67242 -2.03463 -3.73697 -4.96112 -1.97178 -3.77815 -4.93545
3 16 -2.5 -4 -4.67242 -2.09201 -3.69937 -4.98456 -2.03463 -3.73697 -4.96112
3 272 -6.55424 2.39758 -8.23385 -5.26406 3.13482 -8.79035 -4.73675 2.67495 -8.821
3 272 -4.73675 2.67495 -8.821 -5.22567 2.39288 -8.60942 -6.55424 2.39758 -8.23385
3 15 -4.41 2.39 -8.84 -5.22567 2.39288 -8.60942 -4.73675 2.67495 -8.821
3 31 -7.24 2.4 -8.04 -6.99 4.64 -8.69 -5.37497 3.23154 -8.7839
4 31 -5.26406 3.13482 -8.79035 -6.55424 2.39758 -8.23385 -7.24 2.4 -8.04 -5.37497 3.23154 -8.7839
4 272 -4.73675 2.67495 -8.821 -5.26406 3.13482 -8.79035 -4.38401 3.63771 -9.09344 -4.4 2.86922 -8.93734
3 15 -4.41 2.39 -8.84 -4.73675 2.67495 -8.821 -4.4 2.86922 -8.93734
3 31 -4.38401 3.63771 -9.09344 -6.99 4.64 -8.69 -4.37 4.31 -9.23
3 31 -4.38401 3.63771 -9.09344 -5.37497 3.23154 -8.7839 -6.99 4.64 -8.69
3 31 -4.38401 3.63771 -9.09344 -5.26406 3.13482 -8.79035 -5.37497 3.23154 -8.7839
3 31 11 3.7 -1.53 10.9 4.43 -3.25 11 4 0
3 31 11 2.83 -2.83 10.9 4.43 -3.25 11 3.7 -1.53
3 31 11 0 -4 10.03 1.94 -5.55 11 1.53 -3.7
3 31 8.7 13.2 -5.89 8.67 18 -6.05 9.37 18 -5.11
3 31 9.13 13.09 -5.22 8.7 13.2 -5.89 9.37 18 -5.11
4 31 9.13 13.09 -5.22 9.37 18 -5.11 10.29 18 -2.48 10.07 12.95 -2.62
3 31 10.07 12.95 -2.62 10.29 18 -2.48 10.45 18 .92
3 31 10.3 12.89 1.05 10.07 12.95 -2.62 10.45 18 .92
4 272 8.6191 11.6 -5.99787 8.7 13.2 -5.89 8.8 12 -5.743 8.8 11.6 -5.74127
4 31 8.52 9.64 -6.13 8.6191 11.6 -5.99787 8.8 11.6 -5.74127 9.21 9.34 -5.15
3 31 9.21 9.34 -5.15 8.8 11.6 -5.74127 8.8 12 -5.743
3 31 9.21 9.34 -5.15 8.8 12 -5.743 8.7 13.2 -5.89
3 31 9.21 9.34 -5.15 8.7 13.2 -5.89 9.13 13.09 -5.22
3 31 9.21 9.34 -5.15 9.13 13.09 -5.22 10.09 9.62 -2.24
3 31 10.09 9.62 -2.24 9.13 13.09 -5.22 10.07 12.95 -2.62
3 31 10.09 9.62 -2.24 10.07 12.95 -2.62 10.3 12.89 1.05
3 31 10.23 9.47 .83 10.09 9.62 -2.24 10.3 12.89 1.05
3 26 8.81498 7.56202 -6.48398 9.2 7.1 -5.97748 9.36158 6.66911 -5.86692
3 26 8.81498 7.56202 -6.48398 9.36158 6.66911 -5.86692 9.06703 6.51934 -6.471
3 26 9.06703 6.51934 -6.471 8.92729 6.77088 -6.61875 8.81498 7.56202 -6.48398
4 31 9.2 7.1 -5.97748 8.81498 7.56202 -6.48398 8.52 9.64 -6.13 9.56 6.77 -5.46
3 31 9.36158 6.66911 -5.86692 9.2 7.1 -5.97748 9.56 6.77 -5.46
3 31 8.97 6.47 -6.67 8.92729 6.77088 -6.61875 9.06703 6.51934 -6.471
3 31 9.56 6.77 -5.46 8.52 9.64 -6.13 9.21 9.34 -5.15
3 31 10.44 6.68 -2.54 9.56 6.77 -5.46 9.21 9.34 -5.15
3 31 10.44 6.68 -2.54 9.21 9.34 -5.15 10.09 9.62 -2.24
3 31 10.44 6.68 -2.54 10.23 9.47 .83 10.69 6.76 .57
3 31 10.44 6.68 -2.54 10.09 9.62 -2.24 10.23 9.47 .83
3 26 9.6 4.8 -6.11268 9.41219 5.61385 -6.19488 9.65673 5.14038 -5.93213
3 26 9.25 4.72 -6.69 9.0919 5.7081 -6.67871 9.2 5.6 -6.53568
3 31 9.91 4.65 -5.66 9.6 4.8 -6.11268 9.65673 5.14038 -5.93213
3 31 9.91 4.65 -5.66 9.25 4.72 -6.69 9.6 4.8 -6.11268
3 31 9.25 4.72 -6.69 9.2 5.6 -6.53568 9.6 4.8 -6.11268
4 31 9.6 4.8 -6.11268 9.2 5.6 -6.53568 8.97 6.47 -6.67 9.41219 5.61385 -6.19488
3 31 9.2 5.6 -6.53568 9.0919 5.7081 -6.67871 8.97 6.47 -6.67
3 26 9.36158 6.66911 -5.86692 9.5 6.3 -5.75858 9.3 6.1 -6.20801
3 26 9.3 6.1 -6.20801 9.06703 6.51934 -6.471 9.36158 6.66911 -5.86692
4 26 9.3 6.1 -6.20801 9.5 6.3 -5.75858 9.7 5.4 -5.74848 9.41219 5.61385 -6.19488
3 26 9.65673 5.14038 -5.93213 9.41219 5.61385 -6.19488 9.7 5.4 -5.74848
3 31 9.5 6.3 -5.75858 9.36158 6.66911 -5.86692 9.56 6.77 -5.46
4 31 9.7 5.4 -5.74848 9.5 6.3 -5.75858 9.56 6.77 -5.46 9.91 4.65 -5.66
3 31 9.91 4.65 -5.66 9.65673 5.14038 -5.93213 9.7 5.4 -5.74848
4 31 9.3 6.1 -6.20801 9.41219 5.61385 -6.19488 8.97 6.47 -6.67 9.06703 6.51934 -6.471
3 31 10.9 4.43 -3.25 9.91 4.65 -5.66 9.56 6.77 -5.46
3 31 10.9 4.43 -3.25 9.56 6.77 -5.46 10.44 6.68 -2.54
3 31 11 4 0 10.9 4.43 -3.25 10.69 6.76 .57
3 31 10.9 4.43 -3.25 10.44 6.68 -2.54 10.69 6.76 .57
4 26 9.03117 2.42663 -6.70751 9.08802 3.0224 -6.70296 9.2 3 -6.52672 9.09853 2.3761 -6.59631
3 26 9.09853 2.3761 -6.59631 9.2 3 -6.52672 9.28211 2.89052 -6.38449
3 26 9.3 3.2 -6.40012 9.4439 3.3439 -6.19781 9.40685 3.24007 -6.24056
4 26 9.5528 3.64906 -6.07215 9.4 3.7 -6.31547 9.4 4 -6.35743 9.67804 4 -5.92765
4 26 9.15823 3.75823 -6.69734 9.4 4 -6.35743 9.4 3.7 -6.31547 9.14663 3.63666 -6.69827
3 31 9 2.1 -6.71 9.03117 2.42663 -6.70751 9.09853 2.3761 -6.59631
4 31 9.40685 3.24007 -6.24056 9.28211 2.89052 -6.38449 9.2 3 -6.52672 9.3 3.2 -6.40012
3 31 9.08802 3.0224 -6.70296 9.3 3.2 -6.40012 9.2 3 -6.52672
4 31 9.14663 3.63666 -6.69827 9.4 3.7 -6.31547 9.3 3.2 -6.40012 9.08802 3.0224 -6.70296
4 31 9.4439 3.3439 -6.19781 9.3 3.2 -6.40012 9.4 3.7 -6.31547 9.5528 3.64906 -6.07215
3 31 9.15823 3.75823 -6.69734 9.1959 4.15307 -6.69433 9.4 4 -6.35743
4 31 9.4 4 -6.35743 9.1959 4.15307 -6.69433 9.25 4.72 -6.69 9.91 4.65 -5.66
3 31 9.67804 4 -5.92765 9.4 4 -6.35743 9.91 4.65 -5.66
3 26 9.2 2.3 -6.4826 9.09853 2.3761 -6.59631 9.28211 2.89052 -6.38449
3 26 9.28211 2.89052 -6.38449 9.5 2.6 -6.1415 9.2 2.3 -6.4826
4 26 9.2 2.3 -6.4826 9.5 2.6 -6.1415 9.5 2.2 -6.14523 9.45724 2.02897 -6.19505
3 26 9.45724 2.02897 -6.19505 9 2.1 -6.71 9.2 2.3 -6.4826
3 26 10.01111 2.36667 -5.56732 9.8 2.2 -5.80693 9.7 2.6 -5.91596
3 26 10.02176 2.12608 -5.55755 9.8 2.2 -5.80693 10.01111 2.36667 -5.56732
3 26 10.01111 2.36667 -5.56732 9.8 3 -5.79946 9.98721 2.9064 -5.58923
3 26 10.01111 2.36667 -5.56732 9.6 2.9 -6.02593 9.8 3 -5.79946
3 26 9.9 3.2 -5.68482 9.40685 3.24007 -6.24056 9.96958 3.30438 -5.60538
4 26 9.96958 3.30438 -5.60538 9.40685 3.24007 -6.24056 9.4439 3.3439 -6.19781 9.7 3.6 -5.90662
3 26 9.96958 3.30438 -5.60538 9.7 3.6 -5.90662 9.8 4 -5.79012
3 26 9.96958 3.30438 -5.60538 9.8 4 -5.79012 9.94086 3.95305 -5.63171
3 26 9.67804 4 -5.92765 9.8 4 -5.79012 9.7 3.6 -5.90662
3 26 9.7 3.6 -5.90662 9.5528 3.64906 -6.07215 9.67804 4 -5.92765
3 31 9 2.1 -6.71 9.09853 2.3761 -6.59631 9.2 2.3 -6.4826
4 31 9.8 2.2 -5.80693 10.02176 2.12608 -5.55755 10.03 1.94 -5.55 9.45724 2.02897 -6.19505
3 31 9.45724 2.02897 -6.19505 9.5 2.2 -6.14523 9.8 2.2 -5.80693
4 31 9.7 2.6 -5.91596 9.8 2.2 -5.80693 9.5 2.2 -6.14523 9.5 2.6 -6.1415
4 31 9.6 2.9 -6.02593 9.7 2.6 -5.91596 9.5 2.6 -6.1415 9.40685 3.24007 -6.24056
3 31 10.01111 2.36667 -5.56732 9.7 2.6 -5.91596 9.6 2.9 -6.02593
3 31 9.5 2.6 -6.1415 9.28211 2.89052 -6.38449 9.40685 3.24007 -6.24056
3 31 9.4439 3.3439 -6.19781 9.5528 3.64906 -6.07215 9.7 3.6 -5.90662
3 31 9.8 4 -5.79012 9.67804 4 -5.92765 9.91 4.65 -5.66
3 31 9.94086 3.95305 -5.63171 9.8 4 -5.79012 9.91 4.65 -5.66
3 31 9.98721 2.9064 -5.58923 9.9 3.2 -5.68482 9.96958 3.30438 -5.60538
3 31 9.98721 2.9064 -5.58923 9.8 3 -5.79946 9.9 3.2 -5.68482
4 31 9.9 3.2 -5.68482 9.8 3 -5.79946 9.6 2.9 -6.02593 9.40685 3.24007 -6.24056
3 31 11 2.83 -2.83 9.91 4.65 -5.66 10.9 4.43 -3.25
3 272 9.33054 .86355 -6.17135 9.5 .8 -5.97527 9.6 .5 -5.82271
3 272 9.46957 .34348 -5.94478 9.33054 .86355 -6.17135 9.6 .5 -5.82271
4 26 9 2.1 -6.71 9.45724 2.02897 -6.19505 9.4 1.8 -6.22612 9.11109 1.68444 -6.52896
4 31 9.11109 1.68444 -6.52896 9.4 1.8 -6.22612 9.5 .8 -5.97527 9.33054 .86355 -6.17135
4 31 9.5 .8 -5.97527 9.4 1.8 -6.22612 10.03 1.94 -5.55 9.6 .5 -5.82271
3 31 9.54 .08 -5.83 9.6 .5 -5.82271 10.03 1.94 -5.55
3 31 9.54 .08 -5.83 9.46957 .34348 -5.94478 9.6 .5 -5.82271
3 31 9.4 1.8 -6.22612 9.45724 2.02897 -6.19505 10.03 1.94 -5.55
3 31 11 0 -4 9.54 .08 -5.83 10.03 1.94 -5.55
3 31 11 -1.53 -3.7 9.54 .08 -5.83 11 0 -4
3 272 9.55177 -.87589 -5.27201 9.8 -1 -4.99568 10.3 -1.6 -4.23834
3 272 9.55177 -.87589 -5.27201 10.3 -1.6 -4.23834 9.7 -2.4 -4.27533
3 272 9.7 -2.4 -4.27533 9.56827 -2.21558 -4.48997 9.55177 -.87589 -5.27201
3 272 10.3637 -2.63563 -3.59169 9.7 -2.4 -4.27533 10.4 -2.2 -3.81156
3 272 10.3637 -2.63563 -3.59169 9.7 -3.2 -3.81648 9.7 -2.4 -4.27533
4 272 9.7 -3.2 -3.81648 10.3637 -2.63563 -3.59169 9.59 -3.98 -3.46 9.58347 -3.44971 -3.76955
3 272 9.7 -2.4 -4.27533 10.3 -1.6 -4.23834 10.4 -2.2 -3.81156
4 15 9.57068 -2.41142 -4.37565 9.56827 -2.21558 -4.48997 9.7 -2.4 -4.27533 9.7 -3.2 -3.81648
3 15 9.7 -3.2 -3.81648 9.57794 -3.00112 -4.03142 9.57068 -2.41142 -4.37565
3 15 9.7 -3.2 -3.81648 9.58011 -3.1767 -3.92892 9.57794 -3.00112 -4.03142
3 15 9.58347 -3.44971 -3.76955 9.58011 -3.1767 -3.92892 9.7 -3.2 -3.81648
4 31 9.8 -1 -4.99568 9.55177 -.87589 -5.27201 9.54 .08 -5.83 11 -1.53 -3.7
3 31 10.3 -1.6 -4.23834 9.8 -1 -4.99568 11 -1.53 -3.7
3 31 10.4 -2.2 -3.81156 10.3 -1.6 -4.23834 11 -1.53 -3.7
3 31 10.3637 -2.63563 -3.59169 10.4 -2.2 -3.81156 11 -1.53 -3.7
3 272 9.59 -3.98 -3.46 10.3637 -2.63563 -3.59169 10.3 -3.4 -3.14338
4 31 10.3 -3.4 -3.14338 10.3637 -2.63563 -3.59169 11 -1.53 -3.7 11 -2.83 -2.83
3 272 9.59 -3.98 -3.46 10.3 -3.4 -3.14338 10.0563 -3.8874 -2.82173
4 31 10.3 -3.4 -3.14338 11 -2.83 -2.83 11 -3.7 -1.53 10.0563 -3.8874 -2.82173
3 272 9.59 -4.61 -2.61236 9.59 -3.98 -3.46 10.0563 -3.8874 -2.82173
4 31 9.59 -4.61 -2.61236 10.0563 -3.8874 -2.82173 11 -3.7 -1.53 9.59 -5.08 -1.98
3 31 9.06 -5.7 .02 9.59 -5.08 -1.98 11 -4 0
3 31 9.59 -5.08 -1.98 11 -3.7 -1.53 11 -4 0
3 31 11 1.53 -3.7 9.91 4.65 -5.66 11 2.83 -2.83
3 26 10.4 2 -4.83466 10.02176 2.12608 -5.55755 10.01111 2.36667 -5.56732
4 26 10.6 2.2 -4.4405 10.4 2 -4.83466 10.01111 2.36667 -5.56732 10.4 2.7 -4.80337
3 26 9.98721 2.9064 -5.58923 10.4 2.7 -4.80337 10.01111 2.36667 -5.56732
3 26 9.96958 3.30438 -5.60538 10.1 3.9 -5.32756 10.1 3.5 -5.34544
3 26 9.96958 3.30438 -5.60538 9.94086 3.95305 -5.63171 10.1 3.9 -5.32756
4 31 10.4 2 -4.83466 11 1.53 -3.7 10.03 1.94 -5.55 10.02176 2.12608 -5.55755
3 31 10.1 3.9 -5.32756 9.94086 3.95305 -5.63171 9.91 4.65 -5.66
4 31 10.1 3.9 -5.32756 9.91 4.65 -5.66 11 1.53 -3.7 10.6 2.2 -4.4405
3 31 11 1.53 -3.7 10.4 2 -4.83466 10.6 2.2 -4.4405
4 31 10.1 3.9 -5.32756 10.6 2.2 -4.4405 10.4 2.7 -4.80337 10.1 3.5 -5.34544
4 31 9.96958 3.30438 -5.60538 10.1 3.5 -5.34544 10.4 2.7 -4.80337 9.98721 2.9064 -5.58923
3 31 -11 3.7 -1.53 -11 4 0 -10.9 4.43 -3.25
3 31 -11 2.83 -2.83 -11 3.7 -1.53 -10.9 4.43 -3.25
3 31 -11 0 -4 -11 1.53 -3.7 -10.03 1.94 -5.55
3 31 -8.7 13.2 -5.89 -9.37 18 -5.11 -8.67 18 -6.05
3 31 -9.13 13.09 -5.22 -9.37 18 -5.11 -8.7 13.2 -5.89
3 31 -10.07 12.95 -2.62 -10.29 18 -2.48 -9.71019 15.54579 -3.89991
3 31 -9.71019 15.54579 -3.89991 -10.29 18 -2.48 -9.37 18 -5.11
3 31 -10.07 12.95 -2.62 -10.45 18 .92 -10.29 18 -2.48
3 31 -10.3 12.89 1.05 -10.45 18 .92 -10.07 12.95 -2.62
4 272 -8.80451 12.40902 -5.73836 -8.68377 12.87906 -5.91164 -8.64375 12.0875 -5.965 -8.89857 11.69713 -5.60188
3 272 -8.8 11.5 -5.74084 -8.89857 11.69713 -5.60188 -8.64375 12.0875 -5.965
3 272 -8.61404 11.5 -6.00461 -8.8 11.5 -5.74084 -8.64375 12.0875 -5.965
4 31 -8.8 11.5 -5.74084 -8.52 9.64 -6.13 -9.21 9.34 -5.15 -8.89857 11.69713 -5.60188
3 31 -8.52 9.64 -6.13 -8.8 11.5 -5.74084 -8.61404 11.5 -6.00461
3 272 -8.74572 12.85395 -5.82366 -8.80451 12.40902 -5.73836 -9 12.8 -5.4273
3 31 -8.7 13.2 -5.89 -8.74572 12.85395 -5.82366 -9 12.8 -5.4273
4 272 -8.89857 11.69713 -5.60188 -9 11.9 -5.44048 -9 12.8 -5.4273 -8.80451 12.40902 -5.73836
3 31 -8.74572 12.85395 -5.82366 -8.7 13.2 -5.89 -8.68377 12.87906 -5.91164
3 272 -8.80451 12.40902 -5.73836 -8.74572 12.85395 -5.82366 -8.68377 12.87906 -5.91164
3 31 -9 12.8 -5.4273 -9.13 13.09 -5.22 -8.7 13.2 -5.89
4 31 -9.13 13.09 -5.22 -9 12.8 -5.4273 -9 11.9 -5.44048 -9.21 9.34 -5.15
3 31 -9.21 9.34 -5.15 -9 11.9 -5.44048 -8.89857 11.69713 -5.60188
3 31 -9.21 9.34 -5.15 -10.09 9.62 -2.24 -9.13 13.09 -5.22
4 31 -9.13 13.09 -5.22 -10.09 9.62 -2.24 -10.07 12.95 -2.62 -9.71019 15.54579 -3.89991
3 31 -10.09 9.62 -2.24 -10.3 12.89 1.05 -10.07 12.95 -2.62
3 31 -10.23 9.47 .83 -10.3 12.89 1.05 -10.09 9.62 -2.24
3 31 -8.97 6.47 -6.67 -9.56 6.77 -5.46 -8.52 9.64 -6.13
3 31 -9.56 6.77 -5.46 -9.21 9.34 -5.15 -8.52 9.64 -6.13
3 31 -10.44 6.68 -2.54 -9.21 9.34 -5.15 -9.56 6.77 -5.46
3 31 -10.44 6.68 -2.54 -10.09 9.62 -2.24 -9.21 9.34 -5.15
3 31 -10.44 6.68 -2.54 -10.69 6.76 .57 -10.23 9.47 .83
3 31 -10.44 6.68 -2.54 -10.23 9.47 .83 -10.09 9.62 -2.24
3 31 -9.91 4.65 -5.66 -8.97 6.47 -6.67 -9.25 4.72 -6.69
3 31 -9.91 4.65 -5.66 -9.56 6.77 -5.46 -8.97 6.47 -6.67
3 31 -10.9 4.43 -3.25 -9.56 6.77 -5.46 -9.91 4.65 -5.66
3 31 -10.9 4.43 -3.25 -10.44 6.68 -2.54 -9.56 6.77 -5.46
3 31 -11 4 0 -10.69 6.76 .57 -10.9 4.43 -3.25
3 31 -10.9 4.43 -3.25 -10.69 6.76 .57 -10.44 6.68 -2.54
3 31 -9 2.1 -6.71 -9.91 4.65 -5.66 -9.25 4.72 -6.69
3 31 -10.03 1.94 -5.55 -9.91 4.65 -5.66 -9 2.1 -6.71
3 31 -11 2.83 -2.83 -10.9 4.43 -3.25 -9.91 4.65 -5.66
3 272 -9.70218 .69563 -5.73732 -9.28466 1.03514 -6.2461 -9.54 .08 -5.83
4 31 -9 2.1 -6.71 -9.28466 1.03514 -6.2461 -9.70218 .69563 -5.73732 -10.03 1.94 -5.55
3 272 -10.16149 .04595 -5.05101 -9.70218 .69563 -5.73732 -9.54 .08 -5.83
3 31 -10.03 1.94 -5.55 -9.70218 .69563 -5.73732 -10.16149 .04595 -5.05101
3 31 -11 0 -4 -10.03 1.94 -5.55 -10.16149 .04595 -5.05101
3 272 -9.93948 -.36052 -5.2472 -10.16149 .04595 -5.05101 -9.54 .08 -5.83
4 31 -11 0 -4 -10.16149 .04595 -5.05101 -9.93948 -.36052 -5.2472 -11 -1.53 -3.7
3 272 -9.54939 -.68215 -5.3851 -9.93948 -.36052 -5.2472 -9.54 .08 -5.83
3 272 -9.56268 -1.76156 -4.755 -10.1 -2.5 -3.88741 -9.8 -1.9 -4.47947
3 272 -9.59 -3.98 -3.46 -10.14662 -3.01282 -3.55474 -10.1 -2.5 -3.88741
3 272 -9.59 -3.98 -3.46 -10.1 -2.5 -3.88741 -9.56268 -1.76156 -4.755
4 31 -11 -1.53 -3.7 -9.93948 -.36052 -5.2472 -9.54939 -.68215 -5.3851 -9.8 -1.9 -4.47947
3 31 -9.56268 -1.76156 -4.755 -9.8 -1.9 -4.47947 -9.54939 -.68215 -5.3851
3 31 -11 -1.53 -3.7 -9.8 -1.9 -4.47947 -10.1 -2.5 -3.88741
3 31 -10.14662 -3.01282 -3.55474 -11 -1.53 -3.7 -10.1 -2.5 -3.88741
3 272 -9.59 -3.98 -3.46 -10.19005 -3.49059 -3.19189 -10.14662 -3.01282 -3.55474
4 31 -11 -2.83 -2.83 -11 -1.53 -3.7 -10.14662 -3.01282 -3.55474 -10.19005 -3.49059 -3.19189
3 272 -10.19005 -3.49059 -3.19189 -9.59 -3.98 -3.46 -10.0563 -3.8874 -2.82173
3 31 -11 -2.83 -2.83 -10.19005 -3.49059 -3.19189 -11 -3.7 -1.53
3 31 -10.0563 -3.8874 -2.82173 -11 -3.7 -1.53 -10.19005 -3.49059 -3.19189
3 272 -9.59 -4.72375 -2.45932 -10.0563 -3.8874 -2.82173 -9.59 -3.98 -3.46
4 31 -11 -3.7 -1.53 -10.0563 -3.8874 -2.82173 -9.59 -4.72375 -2.45932 -9.59 -5.08 -1.98
3 31 -9.06 -5.7 .02 -11 -4 0 -9.59 -5.08 -1.98
3 31 -9.59 -5.08 -1.98 -11 -4 0 -11 -3.7 -1.53
3 31 -11 1.53 -3.7 -11 2.83 -2.83 -9.91 4.65 -5.66
3 31 -11 1.53 -3.7 -9.91 4.65 -5.66 -10.03 1.94 -5.55
4 272 6.48439 16.72563 -7.54446 6.1 16.7 -7.66839 5.91584 17.08069 -7.72715 6.4732 16.9878 -7.54766
3 272 5.61193 16.53731 -7.82594 5.91584 17.08069 -7.72715 6.1 16.7 -7.66839
3 31 6.4732 16.9878 -7.54766 5.91584 17.08069 -7.72715 6.43 18 -7.56
4 31 6.1 16.7 -7.66839 6.48439 16.72563 -7.54446 6.64 13.08 -7.5 5.61193 16.53731 -7.82594
3 31 6.64 13.08 -7.5 5.34638 16.06251 -7.91227 5.61193 16.53731 -7.82594
3 31 6.64 13.08 -7.5 4.90202 15.26799 -8.05673 5.34638 16.06251 -7.91227
3 31 3.6 12.94 -8.48 4.90202 15.26799 -8.05673 6.64 13.08 -7.5
4 272 .3 8.8 -8.94673 0 6.85 -9.25 0 9.5 -8.87 .17819 9.50649 -8.85503
4 272 .7 7.4 -9.11593 0 6.85 -9.25 .3 8.8 -8.94673 .87054 9.5317 -8.79685
3 272 .3 8.8 -8.94673 .35484 9.51292 -8.84018 .87054 9.5317 -8.79685
3 272 2.9 8.9 -8.72904 1.86762 9.56801 -8.71306 3.26152 9.61877 -8.59592
3 26 .7 7.4 -9.11593 .87054 9.5317 -8.79685 1.86762 9.56801 -8.71306
3 26 2.9 8.9 -8.72904 .7 7.4 -9.11593 1.86762 9.56801 -8.71306
3 31 .3 8.8 -8.94673 .17819 9.50649 -8.85503 .35484 9.51292 -8.84018
4 26 7.13636 7.64205 -7.90888 7.03323 8.27915 -7.80805 7.2 8.3 -7.65896 7.6 7.7 -7.49447
3 26 7.6 7.7 -7.49447 7.2 8.3 -7.65896 7.80441 8.11868 -7.19493
3 26 7.25 6.94 -8.02 7.19173 7.3 -7.96302 7.41933 7.3 -7.768
4 31 7.2 8.3 -7.65896 7.03323 8.27915 -7.80805 6.8 9.72 -7.58 8.52 9.64 -6.13
3 31 7.80441 8.11868 -7.19493 7.2 8.3 -7.65896 8.52 9.64 -6.13
3 31 7.13636 7.64205 -7.90888 7.6 7.7 -7.49447 7.41933 7.3 -7.768
3 31 7.19173 7.3 -7.96302 7.13636 7.64205 -7.90888 7.41933 7.3 -7.768
4 272 .0752 4.55644 -9.54834 0 6.85 -9.25 .7 6.85904 -9.19755 .68278 4.93166 -9.45414
3 26 0 4.51 -9.56 0 6.85 -9.25 .0752 4.55644 -9.54834
3 26 .68278 4.93166 -9.45414 .7 6.85904 -9.19755 3.87 6.9 -8.96
3 272 3.25729 -.30564 -7.34616 3.73736 -.85677 -6.91703 3 -1 -6.86951
3 272 3.75737 -1.92568 -6.15238 3 -1 -6.86951 3.73736 -.85677 -6.91703
4 272 1.1625 -2.00625 -6.2875 3.25729 -.30564 -7.34616 3 -1 -6.86951 2 -1.6 -6.51537
3 272 1.1625 -2.00625 -6.2875 1.07185 -2.85049 -5.69147 .68234 -2.39606 -6.04484
3 272 1.07185 -2.85049 -5.69147 1.1625 -2.00625 -6.2875 1.85327 -2.77794 -5.68525
4 272 1.85327 -2.77794 -5.68525 1.6 -2.3 -6.04529 2.5 -2.5 -5.83568 2.69939 -2.69939 -5.67852
4 272 1.9 -2.1 -6.16581 2.5 -2.5 -5.83568 1.6 -2.3 -6.04529 1.6 -2.1 -6.18809
3 26 1.85327 -2.77794 -5.68525 1.1625 -2.00625 -6.2875 1.6 -2.3 -6.04529
3 26 1.6 -2.3 -6.04529 1.1625 -2.00625 -6.2875 1.6 -2.1 -6.18809
3 26 1.6 -2.1 -6.18809 1.1625 -2.00625 -6.2875 2 -1.6 -6.51537
4 26 1.9 -2.1 -6.16581 1.6 -2.1 -6.18809 2 -1.6 -6.51537 3 -1 -6.86951
4 26 1.9 -2.1 -6.16581 3 -1 -6.86951 3.77 -2.6 -5.67 2.5 -2.5 -5.83568
3 26 2.69939 -2.69939 -5.67852 2.5 -2.5 -5.83568 3.77 -2.6 -5.67
3 26 3.77 -2.6 -5.67 3 -1 -6.86951 3.75737 -1.92568 -6.15238
3 15 3.73736 -.85677 -6.91703 3.25729 -.30564 -7.34616 3.72 .07 -7.58
3 16 0 -2.95 -5.7 .68234 -2.39606 -6.04484 1.07185 -2.85049 -5.69147
3 272 5.20634 -4.01267 -4.29419 5.99904 -4.29807 -3.93383 5.3 -4.2 -4.11911
3 272 5.66748 -3.63496 -4.55358 5.99904 -4.29807 -3.93383 5.20634 -4.01267 -4.29419
3 272 5.45468 -4.50937 -3.82997 5.3 -4.2 -4.11911 5.99904 -4.29807 -3.93383
3 272 3.83 -5.14 -3.52 4.3116 -4.74553 -3.7909 4.39179 -4.92194 -3.62718
3 26 5.20634 -4.01267 -4.29419 5.3 -4.2 -4.11911 4.39179 -4.92194 -3.62718
3 26 4.39179 -4.92194 -3.62718 4.3116 -4.74553 -3.7909 5.20634 -4.01267 -4.29419
3 26 4.39179 -4.92194 -3.62718 5.3 -4.2 -4.11911 5.45468 -4.50937 -3.82997
3 15 6.87 -3.96 -4.1 5.99904 -4.29807 -3.93383 5.66748 -3.63496 -4.55358
3 272 -4.14022 16.68454 -8.31719 -5.11235 16.3337 -8.0026 -4.88807 16.81139 -8.07639
3 272 -4.14022 16.68454 -8.31719 -4.2 15.7 -8.29491 -5.11235 16.3337 -8.0026
3 272 -3.95734 15.4169 -8.37231 -4.2 15.7 -8.29491 -4.14022 16.68454 -8.31719
3 31 -4.14022 16.68454 -8.31719 -4.88807 16.81139 -8.07639 -4.33 18 -8.26
3 31 -6.64 13.08 -7.5 -5.11235 16.3337 -8.0026 -4.2 15.7 -8.29491
4 31 -3.6 12.94 -8.48 -6.64 13.08 -7.5 -4.2 15.7 -8.29491 -3.95734 15.4169 -8.37231
4 272 -2.7 8.2 -8.85493 -3.3 7.5 -8.91386 -3.5 8.7 -8.71638 -3.4 9.2 -8.64849
4 272 -2.7 8.2 -8.85493 -3.4 9.2 -8.64849 -3.1 9.3 -8.65689 -1.7 8.6 -8.87286
4 31 -3.57 9.63 -8.57 -2.89946 9.60558 -8.62635 -3.1 9.3 -8.65689 -3.4 9.2 -8.64849
4 31 -1.52847 9.55566 -8.74156 -1.7 8.6 -8.87286 -3.1 9.3 -8.65689 -2.89946 9.60558 -8.62635
3 31 -1.7 8.6 -8.87286 -1.52847 9.55566 -8.74156 -.80626 9.52936 -8.80225
4 31 -3.57 9.63 -8.57 -3.4 9.2 -8.64849 -3.5 8.7 -8.71638 -3.87 6.9 -8.96
3 31 -3.87 6.9 -8.96 -3.5 8.7 -8.71638 -3.3 7.5 -8.91386
3 272 -3.4 4.6 -9.27071 -3.32093 6.89291 -9.00114 -2.64517 6.88417 -9.05178
3 31 -3.4 4.6 -9.27071 -3.87 6.9 -8.96 -3.32093 6.89291 -9.00114
3 31 -4.37 4.31 -9.23 -3.87 6.9 -8.96 -3.4 4.6 -9.27071
4 272 0 -2.6 -5.94656 -.2 -2.7 -5.86145 -.3 -2 -6.34724 0 -1.95 -6.40447
4 272 -.3 -2 -6.34724 -.2 -2.7 -5.86145 -.6 -2.6 -5.90255 -1.1 -2.4 -6.00676
3 272 -1.6649 -2.79543 -5.68675 -1.1 -2.4 -6.00676 -.6 -2.6 -5.90255
3 272 -.95471 -2.86137 -5.6924 -1.6649 -2.79543 -5.68675 -.6 -2.6 -5.90255
4 272 -1 -1.7 -6.50723 -.3 -2 -6.34724 -1.1 -2.4 -6.00676 -1.6 -2.1 -6.18142
4 272 -1.3 -1.5 -6.62611 -1 -1.7 -6.50723 -1.6 -2.1 -6.18142 -1.9 -1.7 -6.4412
3 272 -1.4 -1 -6.97092 -1.3 -1.5 -6.62611 -1.9 -1.7 -6.4412
3 272 -1.9 -1.7 -6.4412 -2.1 -1.4 -6.63851 -1.4 -1 -6.97092
4 272 -1 -.5 -7.3547 -.41721 -.02766 -7.73093 -.1 -.9 -7.13682 -.6 -.9 -7.10014
3 26 -.1 -.9 -7.13682 -.41721 -.02766 -7.73093 0 -.04 -7.75
3 26 0 -1.95 -6.40447 -.3 -2 -6.34724 -.1 -.9 -7.13682
3 26 -.1 -.9 -7.13682 0 -.04 -7.75 0 -1.95 -6.40447
4 26 -.6 -.9 -7.10014 -.1 -.9 -7.13682 -.3 -2 -6.34724 -1 -1.7 -6.50723
4 26 -.6 -.9 -7.10014 -1 -1.7 -6.50723 -1.3 -1.5 -6.62611 -1.4 -1 -6.97092
3 26 -1.4 -1 -6.97092 -1 -.5 -7.3547 -.6 -.9 -7.10014
4 26 -3.77 -2.6 -5.67 -1.6 -2.1 -6.18142 -1.1 -2.4 -6.00676 -1.6649 -2.79543 -5.68675
3 26 -3.77 -2.6 -5.67 -1.9 -1.7 -6.4412 -1.6 -2.1 -6.18142
3 26 -3.77 -2.6 -5.67 -2.1 -1.4 -6.63851 -1.9 -1.7 -6.4412
3 16 0 -2.95 -5.7 -.95471 -2.86137 -5.6924 -.2 -2.7 -5.86145
3 16 -.2 -2.7 -5.86145 0 -2.6 -5.94656 0 -2.95 -5.7
3 16 -.95471 -2.86137 -5.6924 -.6 -2.6 -5.90255 -.2 -2.7 -5.86145
3 272 -3.83 -5.14 -3.52 -4.03401 -5.06081 -3.55892 -3.82196 -4.79966 -3.80808
3 272 -5.4 -3.6 -4.60424 -6.38919 -3.74906 -4.34351 -4.80391 -3.05359 -5.14637
3 272 -6.38919 -3.74906 -4.34351 -5.4 -3.6 -4.60424 -6.07038 -4.27038 -3.94744
3 272 -6.07038 -4.27038 -3.94744 -6.64701 -4.04655 -4.05746 -6.38919 -3.74906 -4.34351
3 26 -3.77 -2.6 -5.67 -3.82196 -4.79966 -3.80808 -5.4 -3.6 -4.60424
3 26 -5.4 -3.6 -4.60424 -4.80391 -3.05359 -5.14637 -3.77 -2.6 -5.67
4 26 -6.07038 -4.27038 -3.94744 -5.4 -3.6 -4.60424 -3.82196 -4.79966 -3.80808 -4.03401 -5.06081 -3.55892
3 15 -6.64701 -4.04655 -4.05746 -6.87 -3.96 -4.1 -6.38919 -3.74906 -4.34351
3 31 -9.13 13.09 -5.22 -9.71019 15.54579 -3.89991 -9.37 18 -5.11
4 16 4.07 -6.83 -.02 4.7936 -6.70427 .00566 5.19824 -6.22608 1.45277 3.92 -6.14 2.49
3 16 5.19824 -6.22608 1.45277 5.09981 -5.99842 2.39925 3.92 -6.14 2.49
3 16 3.92 -6.14 2.49 5.09981 -5.99842 2.39925 4.81096 -5.61872 2.91021
3 16 3.92 -6.14 2.49 4.81096 -5.61872 2.91021 4.01616 -4.80116 3.93979
4 16 3.92 -6.14 2.49 4.01616 -4.80116 3.93979 3.66235 -4.52526 4.26048 0 -6.37 2.47
4 16 0 -6.37 2.47 3.66235 -4.52526 4.26048 3.2986 -4.37824 4.41289 0 -4.59 4.25
4 16 0 -4.59 4.25 3.2986 -4.37824 4.41289 1.9 -3.8 4.62217 0 -3.6 4.6625
3 16 0 -7.25 -.33 4.07 -6.83 -.02 0 -6.37 2.47
3 16 4.07 -6.83 -.02 3.92 -6.14 2.49 0 -6.37 2.47
3 31 1.9 -3.8 4.62217 0 -.03 6.15 0 -3.6 4.6625
4 31 4.05 -4.33 4.45 0 -.03 6.15 1.9 -3.8 4.62217 3.2986 -4.37824 4.41289
3 31 3.66235 -4.52526 4.26048 4.05 -4.33 4.45 3.2986 -4.37824 4.41289
3 31 4.01616 -4.80116 3.93979 4.05 -4.33 4.45 3.66235 -4.52526 4.26048
4 31 4.05 -4.33 4.45 4.01616 -4.80116 3.93979 4.81096 -5.61872 2.91021 7.27 -4.18 4.07
4 31 7.17 -5.75 2.24 7.27 -4.18 4.07 4.81096 -5.61872 2.91021 5.09981 -5.99842 2.39925
4 31 7.17 -5.75 2.24 5.09981 -5.99842 2.39925 5.19824 -6.22608 1.45277 6.89 -6.34 .08
3 31 4.7936 -6.70427 .00566 6.89 -6.34 .08 5.19824 -6.22608 1.45277
3 31 4.05 -4.33 4.45 7.27 -4.18 4.07 7.3 -.02 5.6
3 31 4.05 -4.33 4.45 7.3 -.02 5.6 4.39 .28 6
3 31 4.05 -4.33 4.45 4.39 .28 6 0 -.03 6.15
4 16 -5.19824 -6.22608 1.45277 -4.7936 -6.70427 .00566 -4.07 -6.83 -.02 -3.92 -6.14 2.49
3 16 -5.19824 -6.22608 1.45277 -3.92 -6.14 2.49 -5.09981 -5.99842 2.39925
3 16 -3.92 -6.14 2.49 -4.81096 -5.61872 2.91021 -5.09981 -5.99842 2.39925
3 16 -3.92 -6.14 2.49 -4.01616 -4.80116 3.93979 -4.81096 -5.61872 2.91021
4 16 -3.66235 -4.52526 4.26048 -4.01616 -4.80116 3.93979 -3.92 -6.14 2.49 0 -6.37 2.47
4 16 -3.2986 -4.37824 4.41289 -3.66235 -4.52526 4.26048 0 -6.37 2.47 0 -4.59 4.25
4 16 -1.9 -3.8 4.62217 -3.2986 -4.37824 4.41289 0 -4.59 4.25 0 -3.6 4.6625
3 16 0 -7.25 -.33 0 -6.37 2.47 -4.07 -6.83 -.02
3 16 -4.07 -6.83 -.02 0 -6.37 2.47 -3.92 -6.14 2.49
3 31 -1.9 -3.8 4.62217 0 -3.6 4.6625 0 -.03 6.15
4 31 -1.9 -3.8 4.62217 0 -.03 6.15 -4.05 -4.33 4.45 -3.2986 -4.37824 4.41289
3 31 -3.66235 -4.52526 4.26048 -3.2986 -4.37824 4.41289 -4.05 -4.33 4.45
3 31 -4.01616 -4.80116 3.93979 -3.66235 -4.52526 4.26048 -4.05 -4.33 4.45
4 31 -4.81096 -5.61872 2.91021 -4.01616 -4.80116 3.93979 -4.05 -4.33 4.45 -7.27 -4.18 4.07
4 31 -4.81096 -5.61872 2.91021 -7.27 -4.18 4.07 -7.17 -5.75 2.24 -5.09981 -5.99842 2.39925
4 31 -5.19824 -6.22608 1.45277 -5.09981 -5.99842 2.39925 -7.17 -5.75 2.24 -6.89 -6.34 .08
3 31 -4.7936 -6.70427 .00566 -5.19824 -6.22608 1.45277 -6.89 -6.34 .08
3 31 -4.05 -4.33 4.45 -7.3 -.02 5.6 -7.27 -4.18 4.07
3 31 -4.05 -4.33 4.45 -4.39 .28 6 -7.3 -.02 5.6
3 31 -4.05 -4.33 4.45 0 -.03 6.15 -4.39 .28 6
4 31 8.68 18 3.79 7.67 18 4.5 7.8 12.9 4.76 8.62 13.25 4.14
3 31 4.4 13.26 5.71 7.67 18 4.5 4.34 18 5.73
3 31 4.4 13.26 5.71 7.8 12.9 4.76 7.67 18 4.5
3 31 0 13.26 5.97 4.34 18 5.73 0 18 5.91
3 31 0 13.26 5.97 4.4 13.26 5.71 4.34 18 5.73
4 31 8.62 13.25 4.14 7.8 12.9 4.76 7.98 9.58 4.67 8.78 9.6 4.05
3 31 4.04 9.68 5.69 7.98 9.58 4.67 4.4 13.26 5.71
3 31 7.98 9.58 4.67 7.8 12.9 4.76 4.4 13.26 5.71
4 31 0 9.32 5.92 4.04 9.68 5.69 4.4 13.26 5.71 0 13.26 5.97
4 31 8.78 9.6 4.05 7.98 9.58 4.67 8.09 6.81 4.83 9.45 6.79 3.76
3 31 4.64 6.96 5.77 8.09 6.81 4.83 4.04 9.68 5.69
3 31 8.09 6.81 4.83 7.98 9.58 4.67 4.04 9.68 5.69
3 31 0 6.54 6.11 4.04 9.68 5.69 0 9.32 5.92
3 31 0 6.54 6.11 4.64 6.96 5.77 4.04 9.68 5.69
3 31 8.1 4.36 5.21 10.12 4.28 3.87 8.09 6.81 4.83
3 31 10.12 4.28 3.87 9.45 6.79 3.76 8.09 6.81 4.83
3 31 4.61 4.7 6 8.1 4.36 5.21 4.64 6.96 5.77
3 31 8.1 4.36 5.21 8.09 6.81 4.83 4.64 6.96 5.77
3 31 4.61 4.7 6 4.64 6.96 5.77 0 6.54 6.11
3 31 0 4.69 6.26 4.61 4.7 6 0 6.54 6.11
3 31 8.09 1.98 5.5 10.27 2.05 4.57 8.1 4.36 5.21
3 31 10.27 2.05 4.57 10.12 4.28 3.87 8.1 4.36 5.21
3 31 4.42 2.01 6.03 8.09 1.98 5.5 4.61 4.7 6
3 31 8.09 1.98 5.5 8.1 4.36 5.21 4.61 4.7 6
4 31 0 1.73 6.27 4.42 2.01 6.03 4.61 4.7 6 0 4.69 6.26
3 31 9.45 .13 5.12 10.27 2.05 4.57 8.09 1.98 5.5
3 31 7.3 -.02 5.6 9.45 .13 5.12 8.09 1.98 5.5
4 31 4.39 .28 6 7.3 -.02 5.6 8.09 1.98 5.5 4.42 2.01 6.03
3 31 4.39 .28 6 4.42 2.01 6.03 0 1.73 6.27
3 31 0 -.03 6.15 4.39 .28 6 0 1.73 6.27
3 31 9.62 -4.97 2.24 7.17 -5.75 2.24 6.89 -6.34 .08
3 31 9.06 -5.7 .02 9.62 -4.97 2.24 6.89 -6.34 .08
4 31 7.27 -4.18 4.07 7.17 -5.75 2.24 9.62 -4.97 2.24 9.51 -3.77 3.74
3 31 9.51 -3.77 3.74 7.3 -.02 5.6 7.27 -4.18 4.07
3 31 9.45 .13 5.12 7.3 -.02 5.6 9.51 -3.77 3.74
4 31 -8.62 13.25 4.14 -7.8 12.9 4.76 -7.67 18 4.5 -8.68 18 3.79
3 31 -4.34 18 5.73 -7.67 18 4.5 -4.4 13.26 5.71
3 31 -7.67 18 4.5 -7.8 12.9 4.76 -4.4 13.26 5.71
3 31 0 18 5.91 -4.34 18 5.73 0 13.26 5.97
3 31 -4.34 18 5.73 -4.4 13.26 5.71 0 13.26 5.97
4 31 -8.78 9.6 4.05 -7.98 9.58 4.67 -7.8 12.9 4.76 -8.62 13.25 4.14
3 31 -4.4 13.26 5.71 -7.98 9.58 4.67 -4.04 9.68 5.69
3 31 -4.4 13.26 5.71 -7.8 12.9 4.76 -7.98 9.58 4.67
4 31 0 13.26 5.97 -4.4 13.26 5.71 -4.04 9.68 5.69 0 9.32 5.92
4 31 -9.45 6.79 3.76 -8.09 6.81 4.83 -7.98 9.58 4.67 -8.78 9.6 4.05
3 31 -4.04 9.68 5.69 -8.09 6.81 4.83 -4.64 6.96 5.77
3 31 -4.04 9.68 5.69 -7.98 9.58 4.67 -8.09 6.81 4.83
3 31 0 9.32 5.92 -4.04 9.68 5.69 0 6.54 6.11
3 31 -4.04 9.68 5.69 -4.64 6.96 5.77 0 6.54 6.11
3 31 -8.09 6.81 4.83 -10.12 4.28 3.87 -8.1 4.36 5.21
3 31 -8.09 6.81 4.83 -9.45 6.79 3.76 -10.12 4.28 3.87
3 31 -4.64 6.96 5.77 -8.1 4.36 5.21 -4.61 4.7 6
3 31 -4.64 6.96 5.77 -8.09 6.81 4.83 -8.1 4.36 5.21
3 31 0 6.54 6.11 -4.64 6.96 5.77 -4.61 4.7 6
3 31 0 6.54 6.11 -4.61 4.7 6 0 4.69 6.26
3 31 -8.1 4.36 5.21 -10.27 2.05 4.57 -8.09 1.98 5.5
3 31 -8.1 4.36 5.21 -10.12 4.28 3.87 -10.27 2.05 4.57
3 31 -4.61 4.7 6 -8.09 1.98 5.5 -4.42 2.01 6.03
3 31 -4.61 4.7 6 -8.1 4.36 5.21 -8.09 1.98 5.5
4 31 0 4.69 6.26 -4.61 4.7 6 -4.42 2.01 6.03 0 1.73 6.27
3 31 -8.09 1.98 5.5 -10.27 2.05 4.57 -9.45 .13 5.12
3 31 -8.09 1.98 5.5 -9.45 .13 5.12 -7.3 -.02 5.6
4 31 -4.42 2.01 6.03 -8.09 1.98 5.5 -7.3 -.02 5.6 -4.39 .28 6
3 31 0 1.73 6.27 -4.42 2.01 6.03 -4.39 .28 6
3 31 0 1.73 6.27 -4.39 .28 6 0 -.03 6.15
3 31 -6.89 -6.34 .08 -7.17 -5.75 2.24 -9.62 -4.97 2.24
3 31 -6.89 -6.34 .08 -9.62 -4.97 2.24 -9.06 -5.7 .02
4 31 -9.51 -3.77 3.74 -9.62 -4.97 2.24 -7.17 -5.75 2.24 -7.27 -4.18 4.07
3 31 -7.27 -4.18 4.07 -7.3 -.02 5.6 -9.51 -3.77 3.74
3 31 -9.51 -3.77 3.74 -7.3 -.02 5.6 -9.45 .13 5.12
3 31 11 2.83 2.83 10.12 4.28 3.87 11 1.53 3.7
3 31 11 3.7 1.53 11 4 0 10.69 6.76 .57
3 31 9.57 13.24 2.98 10.3 12.89 1.05 10.45 18 .92
3 31 9.61 18 2.62 9.57 13.24 2.98 10.45 18 .92
4 31 8.62 13.25 4.14 9.57 13.24 2.98 9.61 18 2.62 8.68 18 3.79
3 31 9.63 9.49 2.93 10.23 9.47 .83 10.3 12.89 1.05
3 31 9.57 13.24 2.98 9.63 9.49 2.93 10.3 12.89 1.05
3 31 8.78 9.6 4.05 9.63 9.49 2.93 8.62 13.25 4.14
3 31 9.63 9.49 2.93 9.57 13.24 2.98 8.62 13.25 4.14
3 31 9.45 6.79 3.76 9.63 9.49 2.93 8.78 9.6 4.05
3 31 9.45 6.79 3.76 10.12 4.28 3.87 10.69 6.76 .57
3 31 10.27 2.05 4.57 11 1.53 3.7 10.12 4.28 3.87
3 31 9.45 .13 5.12 11 1.53 3.7 10.27 2.05 4.57
3 31 9.45 .13 5.12 11 0 4 11 1.53 3.7
3 31 11 -3.7 1.53 9.62 -4.97 2.24 9.06 -5.7 .02
3 31 11 -4 0 11 -3.7 1.53 9.06 -5.7 .02
3 31 11 -2.83 2.83 9.51 -3.77 3.74 9.62 -4.97 2.24
3 31 11 -3.7 1.53 11 -2.83 2.83 9.62 -4.97 2.24
3 31 11 -1.53 3.7 9.45 .13 5.12 9.51 -3.77 3.74
3 31 11 -2.83 2.83 11 -1.53 3.7 9.51 -3.77 3.74
3 31 11 -1.53 3.7 11 0 4 9.45 .13 5.12
3 31 9.63 9.49 2.93 9.45 6.79 3.76 10.69 6.76 .57
3 31 10.23 9.47 .83 9.63 9.49 2.93 10.69 6.76 .57
3 31 10.69 6.76 .57 10.12 4.28 3.87 11 2.83 2.83
3 31 11 3.7 1.53 10.69 6.76 .57 11 2.83 2.83
3 31 -11 1.53 3.7 -10.12 4.28 3.87 -11 2.83 2.83
3 31 -10.69 6.76 .57 -11 4 0 -11 3.7 1.53
3 31 -10.45 18 .92 -10.3 12.89 1.05 -9.57 13.24 2.98
3 31 -10.45 18 .92 -9.57 13.24 2.98 -9.61 18 2.62
4 31 -8.68 18 3.79 -9.61 18 2.62 -9.57 13.24 2.98 -8.62 13.25 4.14
3 31 -10.3 12.89 1.05 -10.23 9.47 .83 -9.63 9.49 2.93
3 31 -10.3 12.89 1.05 -9.63 9.49 2.93 -9.57 13.24 2.98
3 31 -8.62 13.25 4.14 -9.63 9.49 2.93 -8.78 9.6 4.05
3 31 -8.62 13.25 4.14 -9.57 13.24 2.98 -9.63 9.49 2.93
3 31 -8.78 9.6 4.05 -9.63 9.49 2.93 -9.45 6.79 3.76
3 31 -10.69 6.76 .57 -10.12 4.28 3.87 -9.45 6.79 3.76
3 31 -10.12 4.28 3.87 -11 1.53 3.7 -10.27 2.05 4.57
3 31 -10.27 2.05 4.57 -11 1.53 3.7 -9.45 .13 5.12
3 31 -11 1.53 3.7 -11 0 4 -9.45 .13 5.12
3 31 -9.06 -5.7 .02 -9.62 -4.97 2.24 -11 -3.7 1.53
3 31 -9.06 -5.7 .02 -11 -3.7 1.53 -11 -4 0
3 31 -9.62 -4.97 2.24 -9.51 -3.77 3.74 -11 -2.83 2.83
3 31 -9.62 -4.97 2.24 -11 -2.83 2.83 -11 -3.7 1.53
3 31 -9.51 -3.77 3.74 -9.45 .13 5.12 -11 -1.53 3.7
3 31 -9.51 -3.77 3.74 -11 -1.53 3.7 -11 -2.83 2.83
3 31 -9.45 .13 5.12 -11 0 4 -11 -1.53 3.7
3 31 -10.69 6.76 .57 -9.45 6.79 3.76 -9.63 9.49 2.93
3 31 -10.69 6.76 .57 -9.63 9.49 2.93 -10.23 9.47 .83
3 31 -11 2.83 2.83 -10.12 4.28 3.87 -10.69 6.76 .57
3 31 -11 2.83 2.83 -10.69 6.76 .57 -11 3.7 1.53
3 16 3.68 -6 -2.59 0 -6.54 -2.61 0 -5.07 -4.13
3 16 3.68 -6 -2.59 0 -7.25 -.33 0 -6.54 -2.61
3 16 4.07 -6.83 -.02 0 -7.25 -.33 3.68 -6 -2.59
3 16 0 -5.07 -4.13 0 -6.54 -2.61 -3.68 -6 -2.59
3 16 0 -6.54 -2.61 0 -7.25 -.33 -3.68 -6 -2.59
3 16 -3.68 -6 -2.59 0 -7.25 -.33 -4.07 -6.83 -.02
0 // Condlines
5 24 11 2.83 2.83 10.12 4.28 3.87 11 1.53 3.7 10.69 6.76 .57
5 24 10.12 4.28 3.87 11 1.53 3.7 11 2.83 2.83 10.27 2.05 4.57
5 24 11 4 0 10.69 6.76 .57 11 3.7 1.53 10.9 4.43 -3.25
5 24 10.69 6.76 .57 11 3.7 1.53 11 4 0 11 2.83 2.83
5 24 11 3.7 -1.53 10.9 4.43 -3.25 11 4 0 11 2.83 -2.83
5 24 10.9 4.43 -3.25 11 4 0 11 3.7 -1.53 10.69 6.76 .57
5 24 11 2.83 -2.83 10.9 4.43 -3.25 11 3.7 -1.53 9.91 4.65 -5.66
5 24 11 0 -4 10.03 1.94 -5.55 11 1.53 -3.7 9.54 .08 -5.83
5 24 10.03 1.94 -5.55 11 1.53 -3.7 11 0 -4 9.91 4.65 -5.66
5 24 4.33 18 -8.26 3.6 12.94 -8.48 0 18 -8.79 6.43 18 -7.56
5 24 3.6 12.94 -8.48 0 18 -8.79 4.33 18 -8.26 0 12.84 -8.86
5 24 3.6 12.94 -8.48 0 12.84 -8.86 0 18 -8.79 3.57 9.63 -8.57
5 24 0 12.84 -8.86 0 18 -8.79 3.6 12.94 -8.48 -3.6 12.94 -8.48
5 24 6.43 18 -7.56 6.64 13.08 -7.5 3.6 12.94 -8.48 8.67 18 -6.05
5 24 6.64 13.08 -7.5 3.6 12.94 -8.48 6.43 18 -7.56 6.8 9.72 -7.58
5 24 8.67 18 -6.05 6.64 13.08 -7.5 6.43 18 -7.56 8.7 13.2 -5.89
5 24 8.7 13.2 -5.89 6.64 13.08 -7.5 8.67 18 -6.05 8.52 9.64 -6.13
5 24 8.67 18 -6.05 8.7 13.2 -5.89 6.64 13.08 -7.5 9.37 18 -5.11
5 24 9.37 18 -5.11 8.7 13.2 -5.89 8.67 18 -6.05 9.13 13.09 -5.22
5 24 9.13 13.09 -5.22 8.7 13.2 -5.89 9.37 18 -5.11 9.21 9.34 -5.15
5 24 9.37 18 -5.11 9.13 13.09 -5.22 8.7 13.2 -5.89 10.29 18 -2.48
5 24 10.29 18 -2.48 10.07 12.95 -2.62 9.13 13.09 -5.22 10.45 18 .92
5 24 10.45 18 .92 10.07 12.95 -2.62 10.29 18 -2.48 10.3 12.89 1.05
5 24 10.3 12.89 1.05 10.07 12.95 -2.62 10.45 18 .92 10.09 9.62 -2.24
5 24 10.45 18 .92 10.3 12.89 1.05 10.07 12.95 -2.62 9.57 13.24 2.98
5 24 9.57 13.24 2.98 10.3 12.89 1.05 10.45 18 .92 9.63 9.49 2.93
5 24 10.45 18 .92 9.57 13.24 2.98 10.3 12.89 1.05 9.61 18 2.62
5 24 9.61 18 2.62 9.57 13.24 2.98 10.45 18 .92 8.62 13.25 4.14
5 24 8.62 13.25 4.14 9.57 13.24 2.98 9.61 18 2.62 9.63 9.49 2.93
5 24 8.68 18 3.79 8.62 13.25 4.14 9.57 13.24 2.98 7.67 18 4.5
5 24 7.67 18 4.5 7.8 12.9 4.76 8.68 18 3.79 4.4 13.26 5.71
5 24 7.8 12.9 4.76 8.62 13.25 4.14 8.68 18 3.79 7.98 9.58 4.67
5 24 4.4 13.26 5.71 7.67 18 4.5 4.34 18 5.73 7.8 12.9 4.76
5 24 4.34 18 5.73 4.4 13.26 5.71 7.67 18 4.5 0 13.26 5.97
5 24 4.4 13.26 5.71 7.8 12.9 4.76 7.67 18 4.5 7.98 9.58 4.67
5 24 0 13.26 5.97 4.34 18 5.73 0 18 5.91 4.4 13.26 5.71
5 24 0 18 5.91 0 13.26 5.97 4.34 18 5.73 -4.34 18 5.73
5 24 0 13.26 5.97 4.4 13.26 5.71 4.34 18 5.73 0 9.32 5.92
5 24 3.6 12.94 -8.48 3.57 9.63 -8.57 0 12.84 -8.86 6.8 9.72 -7.58
5 24 3.57 9.63 -8.57 0 12.84 -8.86 3.6 12.94 -8.48 0 9.5 -8.87
5 24 3.57 9.63 -8.57 0 9.5 -8.87 0 12.84 -8.86 0 6.85 -9.25
5 24 0 9.5 -8.87 0 12.84 -8.86 3.57 9.63 -8.57 -3.57 9.63 -8.57
5 24 6.8 9.72 -7.58 3.57 9.63 -8.57 3.6 12.94 -8.48 7.25 6.94 -8.02
5 24 3.6 12.94 -8.48 6.8 9.72 -7.58 3.57 9.63 -8.57 6.64 13.08 -7.5
5 24 6.64 13.08 -7.5 6.8 9.72 -7.58 3.6 12.94 -8.48 8.52 9.64 -6.13
5 24 8.52 9.64 -6.13 6.8 9.72 -7.58 6.64 13.08 -7.5 7.25 6.94 -8.02
5 24 6.64 13.08 -7.5 8.52 9.64 -6.13 6.8 9.72 -7.58 8.7 13.2 -5.89
5 24 8.7 13.2 -5.89 8.52 9.64 -6.13 6.64 13.08 -7.5 9.21 9.34 -5.15
5 24 9.21 9.34 -5.15 8.52 9.64 -6.13 8.7 13.2 -5.89 9.56 6.77 -5.46
5 24 8.7 13.2 -5.89 9.21 9.34 -5.15 8.52 9.64 -6.13 9.13 13.09 -5.22
5 24 9.13 13.09 -5.22 9.21 9.34 -5.15 8.7 13.2 -5.89 10.09 9.62 -2.24
5 24 10.09 9.62 -2.24 9.21 9.34 -5.15 9.13 13.09 -5.22 10.44 6.68 -2.54
5 24 9.13 13.09 -5.22 10.09 9.62 -2.24 9.21 9.34 -5.15 10.07 12.95 -2.62
5 24 10.07 12.95 -2.62 10.09 9.62 -2.24 9.13 13.09 -5.22 10.3 12.89 1.05
5 24 10.3 12.89 1.05 10.09 9.62 -2.24 10.07 12.95 -2.62 10.23 9.47 .83
5 24 10.23 9.47 .83 10.09 9.62 -2.24 10.3 12.89 1.05 10.44 6.68 -2.54
5 24 10.3 12.89 1.05 10.23 9.47 .83 10.09 9.62 -2.24 9.63 9.49 2.93
5 24 9.63 9.49 2.93 10.23 9.47 .83 10.3 12.89 1.05 10.69 6.76 .57
5 24 10.3 12.89 1.05 9.63 9.49 2.93 10.23 9.47 .83 9.57 13.24 2.98
5 24 9.57 13.24 2.98 9.63 9.49 2.93 10.3 12.89 1.05 8.62 13.25 4.14
5 24 8.78 9.6 4.05 9.63 9.49 2.93 8.62 13.25 4.14 9.45 6.79 3.76
5 24 9.63 9.49 2.93 8.62 13.25 4.14 8.78 9.6 4.05 9.57 13.24 2.98
5 24 8.62 13.25 4.14 8.78 9.6 4.05 9.63 9.49 2.93 7.8 12.9 4.76
5 24 7.8 12.9 4.76 7.98 9.58 4.67 8.62 13.25 4.14 4.4 13.26 5.71
5 24 7.98 9.58 4.67 8.78 9.6 4.05 8.62 13.25 4.14 8.09 6.81 4.83
5 24 4.04 9.68 5.69 7.98 9.58 4.67 4.4 13.26 5.71 8.09 6.81 4.83
5 24 7.98 9.58 4.67 4.4 13.26 5.71 4.04 9.68 5.69 7.8 12.9 4.76
5 24 4.4 13.26 5.71 4.04 9.68 5.69 7.98 9.58 4.67 0 9.32 5.92
5 24 0 9.32 5.92 4.04 9.68 5.69 4.4 13.26 5.71 0 6.54 6.11
5 24 0 13.26 5.97 0 9.32 5.92 4.04 9.68 5.69 -4.4 13.26 5.71
5 24 0 6.85 -9.25 0 9.5 -8.87 3.57 9.63 -8.57 -3.87 6.9 -8.96
5 24 3.57 9.63 -8.57 3.87 6.9 -8.96 0 6.85 -9.25 7.25 6.94 -8.02
5 24 3.87 6.9 -8.96 0 6.85 -9.25 0 9.5 -8.87 0 4.51 -9.56
5 24 7.25 6.94 -8.02 3.87 6.9 -8.96 3.57 9.63 -8.57 6.99 4.64 -8.69
5 24 3.57 9.63 -8.57 7.25 6.94 -8.02 3.87 6.9 -8.96 6.8 9.72 -7.58
5 24 6.8 9.72 -7.58 7.25 6.94 -8.02 3.57 9.63 -8.57 8.52 9.64 -6.13
5 24 8.52 9.64 -6.13 8.97 6.47 -6.67 7.25 6.94 -8.02 9.56 6.77 -5.46
5 24 8.97 6.47 -6.67 7.25 6.94 -8.02 6.8 9.72 -7.58 9.25 4.72 -6.69
5 24 9.56 6.77 -5.46 8.97 6.47 -6.67 8.52 9.64 -6.13 9.91 4.65 -5.66
5 24 8.52 9.64 -6.13 9.56 6.77 -5.46 8.97 6.47 -6.67 9.21 9.34 -5.15
5 24 9.21 9.34 -5.15 9.56 6.77 -5.46 8.52 9.64 -6.13 10.44 6.68 -2.54
5 24 10.44 6.68 -2.54 9.56 6.77 -5.46 9.21 9.34 -5.15 10.9 4.43 -3.25
5 24 9.21 9.34 -5.15 10.44 6.68 -2.54 9.56 6.77 -5.46 10.09 9.62 -2.24
5 24 10.09 9.62 -2.24 10.44 6.68 -2.54 9.21 9.34 -5.15 10.23 9.47 .83
5 24 10.69 6.76 .57 10.44 6.68 -2.54 10.23 9.47 .83 10.9 4.43 -3.25
5 24 10.44 6.68 -2.54 10.23 9.47 .83 10.69 6.76 .57 10.09 9.62 -2.24
5 24 10.23 9.47 .83 10.69 6.76 .57 10.44 6.68 -2.54 9.63 9.49 2.93
5 24 9.45 6.79 3.76 9.63 9.49 2.93 8.78 9.6 4.05 10.69 6.76 .57
5 24 8.78 9.6 4.05 9.45 6.79 3.76 9.63 9.49 2.93 7.98 9.58 4.67
5 24 7.98 9.58 4.67 8.09 6.81 4.83 8.78 9.6 4.05 4.04 9.68 5.69
5 24 8.09 6.81 4.83 9.45 6.79 3.76 8.78 9.6 4.05 10.12 4.28 3.87
5 24 4.64 6.96 5.77 8.09 6.81 4.83 4.04 9.68 5.69 8.1 4.36 5.21
5 24 8.09 6.81 4.83 4.04 9.68 5.69 4.64 6.96 5.77 7.98 9.58 4.67
5 24 4.04 9.68 5.69 4.64 6.96 5.77 8.09 6.81 4.83 0 6.54 6.11
5 24 0 6.54 6.11 4.04 9.68 5.69 0 9.32 5.92 4.64 6.96 5.77
5 24 0 9.32 5.92 0 6.54 6.11 4.04 9.68 5.69 -4.04 9.68 5.69
5 24 0 6.54 6.11 4.64 6.96 5.77 4.04 9.68 5.69 4.61 4.7 6
5 24 0 4.51 -9.56 0 6.85 -9.25 3.87 6.9 -8.96 -4.37 4.31 -9.23
5 24 3.87 6.9 -8.96 4.37 4.31 -9.23 0 4.51 -9.56 6.99 4.64 -8.69
5 24 4.37 4.31 -9.23 0 4.51 -9.56 0 6.85 -9.25 0 2.06 -8.99
5 24 6.99 4.64 -8.69 4.37 4.31 -9.23 3.87 6.9 -8.96 4.41 2.39 -8.84
5 24 3.87 6.9 -8.96 6.99 4.64 -8.69 4.37 4.31 -9.23 7.25 6.94 -8.02
5 24 7.25 6.94 -8.02 6.99 4.64 -8.69 3.87 6.9 -8.96 9.25 4.72 -6.69
5 24 9.25 4.72 -6.69 6.99 4.64 -8.69 7.25 6.94 -8.02 9 2.1 -6.71
5 24 7.25 6.94 -8.02 9.25 4.72 -6.69 6.99 4.64 -8.69 8.97 6.47 -6.67
5 24 8.97 6.47 -6.67 9.25 4.72 -6.69 7.25 6.94 -8.02 9.91 4.65 -5.66
5 24 9.91 4.65 -5.66 9.25 4.72 -6.69 8.97 6.47 -6.67 9 2.1 -6.71
5 24 8.97 6.47 -6.67 9.91 4.65 -5.66 9.25 4.72 -6.69 9.56 6.77 -5.46
5 24 9.56 6.77 -5.46 9.91 4.65 -5.66 8.97 6.47 -6.67 10.9 4.43 -3.25
5 24 10.9 4.43 -3.25 9.91 4.65 -5.66 9.56 6.77 -5.46 11 2.83 -2.83
5 24 9.56 6.77 -5.46 10.9 4.43 -3.25 9.91 4.65 -5.66 10.44 6.68 -2.54
5 24 10.44 6.68 -2.54 10.9 4.43 -3.25 9.56 6.77 -5.46 10.69 6.76 .57
5 24 10.9 4.43 -3.25 10.69 6.76 .57 11 4 0 10.44 6.68 -2.54
5 24 9.45 6.79 3.76 10.12 4.28 3.87 10.69 6.76 .57 8.09 6.81 4.83
5 24 10.12 4.28 3.87 10.69 6.76 .57 9.45 6.79 3.76 11 2.83 2.83
5 24 10.69 6.76 .57 9.45 6.79 3.76 10.12 4.28 3.87 9.63 9.49 2.93
5 24 8.1 4.36 5.21 10.12 4.28 3.87 8.09 6.81 4.83 10.27 2.05 4.57
5 24 10.12 4.28 3.87 8.09 6.81 4.83 8.1 4.36 5.21 9.45 6.79 3.76
5 24 8.09 6.81 4.83 8.1 4.36 5.21 10.12 4.28 3.87 4.64 6.96 5.77
5 24 4.61 4.7 6 8.1 4.36 5.21 4.64 6.96 5.77 8.09 1.98 5.5
5 24 8.1 4.36 5.21 4.64 6.96 5.77 4.61 4.7 6 8.09 6.81 4.83
5 24 4.64 6.96 5.77 4.61 4.7 6 8.1 4.36 5.21 0 6.54 6.11
5 24 0 6.54 6.11 4.61 4.7 6 4.64 6.96 5.77 0 4.69 6.26
5 24 0 4.69 6.26 4.61 4.7 6 0 6.54 6.11 0 1.73 6.27
5 24 0 6.54 6.11 0 4.69 6.26 4.61 4.7 6 -4.61 4.7 6
5 24 4.37 4.31 -9.23 0 2.06 -8.99 0 4.51 -9.56 4.41 2.39 -8.84
5 24 0 2.06 -8.99 0 4.51 -9.56 4.37 4.31 -9.23 -4.37 4.31 -9.23
5 24 4.41 2.39 -8.84 0 2.06 -8.99 4.37 4.31 -9.23 3.72 .07 -7.58
5 24 4.37 4.31 -9.23 4.41 2.39 -8.84 0 2.06 -8.99 6.99 4.64 -8.69
5 24 9 2.1 -6.71 7.24 2.4 -8.04 6.99 4.64 -8.69 6.74 0 -7
5 24 7.24 2.4 -8.04 6.99 4.64 -8.69 9 2.1 -6.71 4.41 2.39 -8.84
5 24 6.99 4.64 -8.69 9 2.1 -6.71 7.24 2.4 -8.04 9.25 4.72 -6.69
5 24 9.25 4.72 -6.69 9 2.1 -6.71 6.99 4.64 -8.69 9.91 4.65 -5.66
5 24 9.91 4.65 -5.66 9 2.1 -6.71 9.25 4.72 -6.69 10.03 1.94 -5.55
5 24 10.03 1.94 -5.55 9 2.1 -6.71 9.91 4.65 -5.66 9.54 .08 -5.83
5 24 9.91 4.65 -5.66 10.03 1.94 -5.55 9 2.1 -6.71 11 1.53 -3.7
5 24 11 2.83 -2.83 9.91 4.65 -5.66 10.9 4.43 -3.25 11 1.53 -3.7
5 24 10.27 2.05 4.57 11 1.53 3.7 10.12 4.28 3.87 9.45 .13 5.12
5 24 10.12 4.28 3.87 10.27 2.05 4.57 11 1.53 3.7 8.1 4.36 5.21
5 24 8.09 1.98 5.5 10.27 2.05 4.57 8.1 4.36 5.21 9.45 .13 5.12
5 24 10.27 2.05 4.57 8.1 4.36 5.21 8.09 1.98 5.5 10.12 4.28 3.87
5 24 8.1 4.36 5.21 8.09 1.98 5.5 10.27 2.05 4.57 4.61 4.7 6
5 24 4.42 2.01 6.03 8.09 1.98 5.5 4.61 4.7 6 4.39 .28 6
5 24 8.09 1.98 5.5 4.61 4.7 6 4.42 2.01 6.03 8.1 4.36 5.21
5 24 4.61 4.7 6 4.42 2.01 6.03 8.09 1.98 5.5 0 1.73 6.27
5 24 0 1.73 6.27 4.42 2.01 6.03 4.61 4.7 6 4.39 .28 6
5 24 0 4.69 6.26 0 1.73 6.27 4.42 2.01 6.03 -4.61 4.7 6
5 24 4.41 2.39 -8.84 3.72 .07 -7.58 0 2.06 -8.99 6.74 0 -7
5 24 3.72 .07 -7.58 0 2.06 -8.99 4.41 2.39 -8.84 0 -.04 -7.75
5 24 3.72 .07 -7.58 0 -.04 -7.75 0 2.06 -8.99 3.77 -2.6 -5.67
5 24 0 -.04 -7.75 0 2.06 -8.99 3.72 .07 -7.58 -3.72 .07 -7.58
5 24 7.24 2.4 -8.04 6.74 0 -7 4.41 2.39 -8.84 9 2.1 -6.71
5 24 6.74 0 -7 4.41 2.39 -8.84 7.24 2.4 -8.04 3.72 .07 -7.58
5 24 4.41 2.39 -8.84 7.24 2.4 -8.04 6.74 0 -7 6.99 4.64 -8.69
5 24 6.74 0 -7 3.72 .07 -7.58 4.41 2.39 -8.84 3.77 -2.6 -5.67
5 24 9 2.1 -6.71 6.74 0 -7 7.24 2.4 -8.04 9.54 .08 -5.83
5 24 9.54 .08 -5.83 6.74 0 -7 9 2.1 -6.71 6.87 -2.65 -5.23
5 24 9 2.1 -6.71 9.54 .08 -5.83 6.74 0 -7 10.03 1.94 -5.55
5 24 10.03 1.94 -5.55 9.54 .08 -5.83 9 2.1 -6.71 11 0 -4
5 24 11 0 -4 9.54 .08 -5.83 10.03 1.94 -5.55 11 -1.53 -3.7
5 24 9.45 .13 5.12 11 1.53 3.7 10.27 2.05 4.57 11 0 4
5 24 10.27 2.05 4.57 9.45 .13 5.12 11 1.53 3.7 8.09 1.98 5.5
5 24 9.45 .13 5.12 11 0 4 11 1.53 3.7 11 -1.53 3.7
5 24 8.09 1.98 5.5 9.45 .13 5.12 10.27 2.05 4.57 7.3 -.02 5.6
5 24 7.3 -.02 5.6 9.45 .13 5.12 8.09 1.98 5.5 9.51 -3.77 3.74
5 24 8.09 1.98 5.5 7.3 -.02 5.6 9.45 .13 5.12 4.39 .28 6
5 24 4.39 .28 6 7.3 -.02 5.6 8.09 1.98 5.5 4.05 -4.33 4.45
5 24 4.42 2.01 6.03 4.39 .28 6 7.3 -.02 5.6 0 1.73 6.27
5 24 0 1.73 6.27 4.39 .28 6 4.42 2.01 6.03 0 -.03 6.15
5 24 0 -.03 6.15 4.39 .28 6 0 1.73 6.27 4.05 -4.33 4.45
5 24 0 1.73 6.27 0 -.03 6.15 4.39 .28 6 -4.39 .28 6
5 24 3.72 .07 -7.58 3.77 -2.6 -5.67 0 -2.95 -5.7 6.74 0 -7
5 24 3.77 -2.6 -5.67 0 -2.95 -5.7 3.72 .07 -7.58 0 -5.07 -4.13
5 24 0 -2.95 -5.7 0 -.04 -7.75 3.72 .07 -7.58 -3.77 -2.6 -5.67
5 24 6.74 0 -7 3.77 -2.6 -5.67 3.72 .07 -7.58 6.87 -2.65 -5.23
5 24 6.87 -2.65 -5.23 3.77 -2.6 -5.67 6.74 0 -7 6.87 -3.96 -4.1
5 24 6.74 0 -7 6.87 -2.65 -5.23 3.77 -2.6 -5.67 9.54 .08 -5.83
5 24 9.54 .08 -5.83 6.87 -2.65 -5.23 6.74 0 -7 9.59 -3.98 -3.46
5 24 11 -1.53 -3.7 9.54 .08 -5.83 11 0 -4 9.59 -3.98 -3.46
5 24 6.87 -2.65 -5.23 6.87 -3.96 -4.1 3.83 -5.14 -3.52 9.59 -3.98 -3.46
5 24 6.87 -3.96 -4.1 3.83 -5.14 -3.52 6.87 -2.65 -5.23 6.83 -5.77 -2
5 24 3.83 -5.14 -3.52 3.77 -2.6 -5.67 6.87 -2.65 -5.23 0 -5.07 -4.13
5 24 9.59 -3.98 -3.46 6.87 -3.96 -4.1 6.87 -2.65 -5.23 6.83 -5.77 -2
5 24 6.87 -2.65 -5.23 9.59 -3.98 -3.46 6.87 -3.96 -4.1 9.54 .08 -5.83
5 24 9.54 .08 -5.83 9.59 -3.98 -3.46 6.87 -2.65 -5.23 11 -1.53 -3.7
5 24 11 -1.53 -3.7 9.59 -3.98 -3.46 9.54 .08 -5.83 11 -2.83 -2.83
5 24 11 -2.83 -2.83 9.59 -3.98 -3.46 11 -1.53 -3.7 11 -3.7 -1.53
5 24 3.83 -5.14 -3.52 3.68 -6 -2.59 0 -5.07 -4.13 6.83 -5.77 -2
5 24 3.68 -6 -2.59 0 -5.07 -4.13 3.83 -5.14 -3.52 0 -6.54 -2.61
5 24 0 -5.07 -4.13 3.83 -5.14 -3.52 3.68 -6 -2.59 3.77 -2.6 -5.67
5 24 3.68 -6 -2.59 0 -6.54 -2.61 0 -5.07 -4.13 0 -7.25 -.33
5 24 0 -6.54 -2.61 0 -5.07 -4.13 3.68 -6 -2.59 -3.68 -6 -2.59
5 24 6.87 -3.96 -4.1 6.83 -5.77 -2 3.83 -5.14 -3.52 9.59 -3.98 -3.46
5 24 6.83 -5.77 -2 3.83 -5.14 -3.52 6.87 -3.96 -4.1 3.68 -6 -2.59
5 24 6.83 -5.77 -2 3.68 -6 -2.59 3.83 -5.14 -3.52 4.07 -6.83 -.02
5 24 11 -3.7 -1.53 9.59 -3.98 -3.46 11 -2.83 -2.83 9.59 -5.08 -1.98
5 24 11 -3.7 -1.53 9.59 -5.08 -1.98 9.59 -3.98 -3.46 11 -4 0
5 24 9.59 -5.08 -1.98 9.59 -3.98 -3.46 11 -3.7 -1.53 6.83 -5.77 -2
5 24 3.68 -6 -2.59 0 -7.25 -.33 0 -6.54 -2.61 4.07 -6.83 -.02
5 24 0 -7.25 -.33 0 -6.54 -2.61 3.68 -6 -2.59 -3.68 -6 -2.59
5 24 4.07 -6.83 -.02 0 -7.25 -.33 3.68 -6 -2.59 0 -6.37 2.47
5 24 3.68 -6 -2.59 4.07 -6.83 -.02 0 -7.25 -.33 6.83 -5.77 -2
5 24 6.83 -5.77 -2 4.07 -6.83 -.02 3.68 -6 -2.59 6.89 -6.34 .08
5 24 6.89 -6.34 .08 4.07 -6.83 -.02 6.83 -5.77 -2 3.92 -6.14 2.49
5 24 6.83 -5.77 -2 6.89 -6.34 .08 4.07 -6.83 -.02 9.06 -5.7 .02
5 24 9.06 -5.7 .02 6.89 -6.34 .08 6.83 -5.77 -2 9.62 -4.97 2.24
5 24 6.83 -5.77 -2 9.06 -5.7 .02 6.89 -6.34 .08 9.59 -5.08 -1.98
5 24 9.59 -5.08 -1.98 9.06 -5.7 .02 6.83 -5.77 -2 11 -4 0
5 24 6.83 -5.77 -2 9.59 -5.08 -1.98 9.06 -5.7 .02 9.59 -3.98 -3.46
5 24 11 -4 0 9.06 -5.7 .02 9.59 -5.08 -1.98 11 -3.7 1.53
5 24 9.59 -5.08 -1.98 11 -4 0 9.06 -5.7 .02 11 -3.7 -1.53
5 24 4.07 -6.83 -.02 0 -6.37 2.47 0 -7.25 -.33 3.92 -6.14 2.49
5 24 0 -6.37 2.47 0 -7.25 -.33 4.07 -6.83 -.02 -4.07 -6.83 -.02
5 24 3.92 -6.14 2.49 0 -6.37 2.47 4.07 -6.83 -.02 4.05 -4.33 4.45
5 24 4.07 -6.83 -.02 3.92 -6.14 2.49 0 -6.37 2.47 6.89 -6.34 .08
5 24 6.89 -6.34 .08 3.92 -6.14 2.49 4.07 -6.83 -.02 7.17 -5.75 2.24
5 24 7.17 -5.75 2.24 3.92 -6.14 2.49 6.89 -6.34 .08 7.27 -4.18 4.07
5 24 6.89 -6.34 .08 7.17 -5.75 2.24 3.92 -6.14 2.49 9.62 -4.97 2.24
5 24 9.62 -4.97 2.24 7.17 -5.75 2.24 6.89 -6.34 .08 7.27 -4.18 4.07
5 24 6.89 -6.34 .08 9.62 -4.97 2.24 7.17 -5.75 2.24 9.06 -5.7 .02
5 24 9.06 -5.7 .02 9.62 -4.97 2.24 6.89 -6.34 .08 11 -3.7 1.53
5 24 11 -3.7 1.53 9.62 -4.97 2.24 9.06 -5.7 .02 11 -2.83 2.83
5 24 9.06 -5.7 .02 11 -3.7 1.53 9.62 -4.97 2.24 11 -4 0
5 24 4.05 -4.33 4.45 0 -4.59 4.25 0 -6.37 2.47 0 -.03 6.15
5 24 0 -4.59 4.25 0 -6.37 2.47 4.05 -4.33 4.45 -4.05 -4.33 4.45
5 24 0 -6.37 2.47 4.05 -4.33 4.45 0 -4.59 4.25 3.92 -6.14 2.49
5 24 3.92 -6.14 2.49 4.05 -4.33 4.45 0 -6.37 2.47 7.27 -4.18 4.07
5 24 7.27 -4.18 4.07 4.05 -4.33 4.45 3.92 -6.14 2.49 7.3 -.02 5.6
5 24 3.92 -6.14 2.49 7.27 -4.18 4.07 4.05 -4.33 4.45 7.17 -5.75 2.24
5 24 7.17 -5.75 2.24 7.27 -4.18 4.07 3.92 -6.14 2.49 9.62 -4.97 2.24
5 24 9.62 -4.97 2.24 9.51 -3.77 3.74 7.27 -4.18 4.07 11 -2.83 2.83
5 24 9.51 -3.77 3.74 7.27 -4.18 4.07 7.17 -5.75 2.24 7.3 -.02 5.6
5 24 11 -2.83 2.83 9.51 -3.77 3.74 9.62 -4.97 2.24 11 -1.53 3.7
5 24 9.62 -4.97 2.24 11 -2.83 2.83 9.51 -3.77 3.74 11 -3.7 1.53
5 24 4.39 .28 6 4.05 -4.33 4.45 7.3 -.02 5.6 0 -.03 6.15
5 24 4.05 -4.33 4.45 7.3 -.02 5.6 4.39 .28 6 7.27 -4.18 4.07
5 24 7.27 -4.18 4.07 7.3 -.02 5.6 4.05 -4.33 4.45 9.51 -3.77 3.74
5 24 9.51 -3.77 3.74 7.3 -.02 5.6 7.27 -4.18 4.07 9.45 .13 5.12
5 24 9.51 -3.77 3.74 9.45 .13 5.12 7.3 -.02 5.6 11 -1.53 3.7
5 24 11 -1.53 3.7 9.45 .13 5.12 9.51 -3.77 3.74 11 0 4
5 24 9.51 -3.77 3.74 11 -1.53 3.7 9.45 .13 5.12 11 -2.83 2.83
5 24 9.59 -3.98 -3.46 6.83 -5.77 -2 6.87 -3.96 -4.1 9.59 -5.08 -1.98
5 24 10.69 6.76 .57 9.63 9.49 2.93 9.45 6.79 3.76 10.23 9.47 .83
5 24 0 -.03 6.15 4.05 -4.33 4.45 4.39 .28 6 0 -4.59 4.25
5 24 0 -.03 6.15 0 -4.59 4.25 4.05 -4.33 4.45 -4.05 -4.33 4.45
5 24 11 2.83 2.83 10.69 6.76 .57 10.12 4.28 3.87 11 3.7 1.53
5 24 11 1.53 -3.7 9.91 4.65 -5.66 11 2.83 -2.83 10.03 1.94 -5.55
5 24 3.77 -2.6 -5.67 0 -5.07 -4.13 0 -2.95 -5.7 3.83 -5.14 -3.52
5 24 0 -5.07 -4.13 0 -2.95 -5.7 3.77 -2.6 -5.67 -3.77 -2.6 -5.67
5 24 4.41 2.39 -8.84 6.99 4.64 -8.69 7.24 2.4 -8.04 4.37 4.31 -9.23
5 24 -11 1.53 3.7 -10.12 4.28 3.87 -11 2.83 2.83 -10.27 2.05 4.57
5 24 -10.12 4.28 3.87 -11 2.83 2.83 -11 1.53 3.7 -10.69 6.76 .57
5 24 -10.69 6.76 .57 -11 4 0 -11 3.7 1.53 -10.9 4.43 -3.25
5 24 -11 3.7 1.53 -10.69 6.76 .57 -11 4 0 -11 2.83 2.83
5 24 -10.9 4.43 -3.25 -11 3.7 -1.53 -11 4 0 -11 2.83 -2.83
5 24 -11 4 0 -10.9 4.43 -3.25 -11 3.7 -1.53 -10.69 6.76 .57
5 24 -10.9 4.43 -3.25 -11 2.83 -2.83 -11 3.7 -1.53 -9.91 4.65 -5.66
5 24 -10.03 1.94 -5.55 -11 0 -4 -11 1.53 -3.7 -9.54 .08 -5.83
5 24 -11 1.53 -3.7 -10.03 1.94 -5.55 -11 0 -4 -9.91 4.65 -5.66
5 24 0 18 -8.79 -3.6 12.94 -8.48 -4.33 18 -8.26 0 12.84 -8.86
5 24 -3.6 12.94 -8.48 -4.33 18 -8.26 0 18 -8.79 -6.64 13.08 -7.5
5 24 0 12.84 -8.86 -3.6 12.94 -8.48 0 18 -8.79 -3.57 9.63 -8.57
5 24 -3.6 12.94 -8.48 -6.64 13.08 -7.5 -4.33 18 -8.26 -6.8 9.72 -7.58
5 24 -6.64 13.08 -7.5 -6.43 18 -7.56 -4.33 18 -8.26 -8.67 18 -6.05
5 24 -6.64 13.08 -7.5 -8.67 18 -6.05 -6.43 18 -7.56 -8.7 13.2 -5.89
5 24 -6.64 13.08 -7.5 -8.7 13.2 -5.89 -8.67 18 -6.05 -8.52 9.64 -6.13
5 24 -8.7 13.2 -5.89 -8.67 18 -6.05 -6.64 13.08 -7.5 -9.37 18 -5.11
5 24 -8.7 13.2 -5.89 -9.37 18 -5.11 -8.67 18 -6.05 -9.13 13.09 -5.22
5 24 -8.7 13.2 -5.89 -9.13 13.09 -5.22 -9.37 18 -5.11 -9.21 9.34 -5.15
5 24 -9.13 13.09 -5.22 -9.37 18 -5.11 -8.7 13.2 -5.89 -10.07 12.95 -2.62
5 24 -9.13 13.09 -5.22 -10.07 12.95 -2.62 -9.37 18 -5.11 -10.09 9.62 -2.24
5 24 -10.07 12.95 -2.62 -10.29 18 -2.48 -9.37 18 -5.11 -10.45 18 .92
5 24 -10.07 12.95 -2.62 -10.45 18 .92 -10.29 18 -2.48 -10.3 12.89 1.05
5 24 -10.07 12.95 -2.62 -10.3 12.89 1.05 -10.45 18 .92 -10.09 9.62 -2.24
5 24 -10.3 12.89 1.05 -10.45 18 .92 -10.07 12.95 -2.62 -9.57 13.24 2.98
5 24 -10.3 12.89 1.05 -9.57 13.24 2.98 -10.45 18 .92 -9.63 9.49 2.93
5 24 -9.57 13.24 2.98 -10.45 18 .92 -10.3 12.89 1.05 -9.61 18 2.62
5 24 -9.57 13.24 2.98 -9.61 18 2.62 -10.45 18 .92 -8.68 18 3.79
5 24 -9.57 13.24 2.98 -8.62 13.25 4.14 -8.68 18 3.79 -9.63 9.49 2.93
5 24 -8.62 13.25 4.14 -8.68 18 3.79 -9.61 18 2.62 -7.8 12.9 4.76
5 24 -8.62 13.25 4.14 -7.8 12.9 4.76 -7.67 18 4.5 -8.78 9.6 4.05
5 24 -7.8 12.9 4.76 -7.67 18 4.5 -8.62 13.25 4.14 -4.4 13.26 5.71
5 24 -7.67 18 4.5 -4.4 13.26 5.71 -4.34 18 5.73 -7.8 12.9 4.76
5 24 -4.4 13.26 5.71 -4.34 18 5.73 -7.67 18 4.5 0 13.26 5.97
5 24 -7.8 12.9 4.76 -4.4 13.26 5.71 -7.67 18 4.5 -7.98 9.58 4.67
5 24 -4.34 18 5.73 0 13.26 5.97 0 18 5.91 -4.4 13.26 5.71
5 24 -4.4 13.26 5.71 0 13.26 5.97 -4.34 18 5.73 -4.04 9.68 5.69
5 24 0 12.84 -8.86 -3.57 9.63 -8.57 -3.6 12.94 -8.48 0 9.5 -8.87
5 24 -3.57 9.63 -8.57 -3.6 12.94 -8.48 0 12.84 -8.86 -6.8 9.72 -7.58
5 24 0 9.5 -8.87 -3.57 9.63 -8.57 0 12.84 -8.86 -3.87 6.9 -8.96
5 24 -3.57 9.63 -8.57 -6.8 9.72 -7.58 -3.6 12.94 -8.48 -7.25 6.94 -8.02
5 24 -6.8 9.72 -7.58 -3.6 12.94 -8.48 -3.57 9.63 -8.57 -6.64 13.08 -7.5
5 24 -6.8 9.72 -7.58 -6.64 13.08 -7.5 -3.6 12.94 -8.48 -8.52 9.64 -6.13
5 24 -6.8 9.72 -7.58 -8.52 9.64 -6.13 -6.64 13.08 -7.5 -8.97 6.47 -6.67
5 24 -8.52 9.64 -6.13 -6.64 13.08 -7.5 -6.8 9.72 -7.58 -8.7 13.2 -5.89
5 24 -8.52 9.64 -6.13 -8.7 13.2 -5.89 -6.64 13.08 -7.5 -9.21 9.34 -5.15
5 24 -8.52 9.64 -6.13 -9.21 9.34 -5.15 -8.7 13.2 -5.89 -9.56 6.77 -5.46
5 24 -9.21 9.34 -5.15 -8.7 13.2 -5.89 -8.52 9.64 -6.13 -9.13 13.09 -5.22
5 24 -9.21 9.34 -5.15 -9.13 13.09 -5.22 -8.7 13.2 -5.89 -10.09 9.62 -2.24
5 24 -9.21 9.34 -5.15 -10.09 9.62 -2.24 -9.13 13.09 -5.22 -10.44 6.68 -2.54
5 24 -10.09 9.62 -2.24 -9.13 13.09 -5.22 -9.21 9.34 -5.15 -10.07 12.95 -2.62
5 24 -10.09 9.62 -2.24 -10.07 12.95 -2.62 -9.13 13.09 -5.22 -10.3 12.89 1.05
5 24 -10.09 9.62 -2.24 -10.3 12.89 1.05 -10.07 12.95 -2.62 -10.23 9.47 .83
5 24 -10.09 9.62 -2.24 -10.23 9.47 .83 -10.3 12.89 1.05 -10.44 6.68 -2.54
5 24 -10.23 9.47 .83 -10.3 12.89 1.05 -10.09 9.62 -2.24 -9.63 9.49 2.93
5 24 -10.23 9.47 .83 -9.63 9.49 2.93 -10.3 12.89 1.05 -10.69 6.76 .57
5 24 -9.63 9.49 2.93 -10.3 12.89 1.05 -10.23 9.47 .83 -9.57 13.24 2.98
5 24 -9.63 9.49 2.93 -9.57 13.24 2.98 -10.3 12.89 1.05 -8.62 13.25 4.14
5 24 -8.62 13.25 4.14 -9.63 9.49 2.93 -8.78 9.6 4.05 -9.57 13.24 2.98
5 24 -9.63 9.49 2.93 -8.78 9.6 4.05 -8.62 13.25 4.14 -9.45 6.79 3.76
5 24 -8.78 9.6 4.05 -8.62 13.25 4.14 -9.63 9.49 2.93 -7.98 9.58 4.67
5 24 -8.78 9.6 4.05 -7.98 9.58 4.67 -7.8 12.9 4.76 -9.45 6.79 3.76
5 24 -7.98 9.58 4.67 -7.8 12.9 4.76 -8.78 9.6 4.05 -4.4 13.26 5.71
5 24 -4.4 13.26 5.71 -7.98 9.58 4.67 -4.04 9.68 5.69 -7.8 12.9 4.76
5 24 -7.98 9.58 4.67 -4.04 9.68 5.69 -4.4 13.26 5.71 -8.09 6.81 4.83
5 24 -4.04 9.68 5.69 -4.4 13.26 5.71 -7.98 9.58 4.67 0 13.26 5.97
5 24 -4.04 9.68 5.69 0 9.32 5.92 0 13.26 5.97 0 6.54 6.11
5 24 -3.87 6.9 -8.96 -3.57 9.63 -8.57 0 9.5 -8.87 -7.25 6.94 -8.02
5 24 0 6.85 -9.25 -3.87 6.9 -8.96 -3.57 9.63 -8.57 -4.37 4.31 -9.23
5 24 -3.87 6.9 -8.96 -7.25 6.94 -8.02 -3.57 9.63 -8.57 -6.99 4.64 -8.69
5 24 -7.25 6.94 -8.02 -3.57 9.63 -8.57 -3.87 6.9 -8.96 -6.8 9.72 -7.58
5 24 -7.25 6.94 -8.02 -6.8 9.72 -7.58 -3.57 9.63 -8.57 -8.97 6.47 -6.67
5 24 -8.97 6.47 -6.67 -8.52 9.64 -6.13 -6.8 9.72 -7.58 -9.56 6.77 -5.46
5 24 -7.25 6.94 -8.02 -8.97 6.47 -6.67 -8.52 9.64 -6.13 -9.25 4.72 -6.69
5 24 -8.97 6.47 -6.67 -9.56 6.77 -5.46 -8.52 9.64 -6.13 -9.91 4.65 -5.66
5 24 -9.56 6.77 -5.46 -8.52 9.64 -6.13 -8.97 6.47 -6.67 -9.21 9.34 -5.15
5 24 -9.56 6.77 -5.46 -9.21 9.34 -5.15 -8.52 9.64 -6.13 -10.44 6.68 -2.54
5 24 -9.56 6.77 -5.46 -10.44 6.68 -2.54 -9.21 9.34 -5.15 -10.9 4.43 -3.25
5 24 -10.44 6.68 -2.54 -9.21 9.34 -5.15 -9.56 6.77 -5.46 -10.09 9.62 -2.24
5 24 -10.44 6.68 -2.54 -10.09 9.62 -2.24 -9.21 9.34 -5.15 -10.23 9.47 .83
5 24 -10.23 9.47 .83 -10.44 6.68 -2.54 -10.69 6.76 .57 -10.09 9.62 -2.24
5 24 -10.44 6.68 -2.54 -10.69 6.76 .57 -10.23 9.47 .83 -10.9 4.43 -3.25
5 24 -10.69 6.76 .57 -10.23 9.47 .83 -10.44 6.68 -2.54 -9.63 9.49 2.93
5 24 -9.63 9.49 2.93 -9.45 6.79 3.76 -8.78 9.6 4.05 -10.69 6.76 .57
5 24 -9.45 6.79 3.76 -8.78 9.6 4.05 -9.63 9.49 2.93 -8.09 6.81 4.83
5 24 -9.45 6.79 3.76 -8.09 6.81 4.83 -7.98 9.58 4.67 -10.12 4.28 3.87
5 24 -8.09 6.81 4.83 -7.98 9.58 4.67 -9.45 6.79 3.76 -4.04 9.68 5.69
5 24 -4.04 9.68 5.69 -8.09 6.81 4.83 -4.64 6.96 5.77 -7.98 9.58 4.67
5 24 -8.09 6.81 4.83 -4.64 6.96 5.77 -4.04 9.68 5.69 -8.1 4.36 5.21
5 24 -4.64 6.96 5.77 -4.04 9.68 5.69 -8.09 6.81 4.83 0 6.54 6.11
5 24 -4.04 9.68 5.69 0 6.54 6.11 0 9.32 5.92 -4.64 6.96 5.77
5 24 -4.64 6.96 5.77 0 6.54 6.11 -4.04 9.68 5.69 -4.61 4.7 6
5 24 -4.37 4.31 -9.23 -3.87 6.9 -8.96 0 6.85 -9.25 -6.99 4.64 -8.69
5 24 0 4.51 -9.56 -4.37 4.31 -9.23 -3.87 6.9 -8.96 0 2.06 -8.99
5 24 -4.37 4.31 -9.23 -6.99 4.64 -8.69 -3.87 6.9 -8.96 -4.41 2.39 -8.84
5 24 -6.99 4.64 -8.69 -3.87 6.9 -8.96 -4.37 4.31 -9.23 -7.25 6.94 -8.02
5 24 -6.99 4.64 -8.69 -7.25 6.94 -8.02 -3.87 6.9 -8.96 -9.25 4.72 -6.69
5 24 -6.99 4.64 -8.69 -9.25 4.72 -6.69 -7.25 6.94 -8.02 -9 2.1 -6.71
5 24 -9.25 4.72 -6.69 -7.25 6.94 -8.02 -6.99 4.64 -8.69 -8.97 6.47 -6.67
5 24 -9.25 4.72 -6.69 -8.97 6.47 -6.67 -7.25 6.94 -8.02 -9.91 4.65 -5.66
5 24 -9.25 4.72 -6.69 -9.91 4.65 -5.66 -8.97 6.47 -6.67 -9 2.1 -6.71
5 24 -9.91 4.65 -5.66 -8.97 6.47 -6.67 -9.25 4.72 -6.69 -9.56 6.77 -5.46
5 24 -9.91 4.65 -5.66 -9.56 6.77 -5.46 -8.97 6.47 -6.67 -10.9 4.43 -3.25
5 24 -9.91 4.65 -5.66 -10.9 4.43 -3.25 -9.56 6.77 -5.46 -11 2.83 -2.83
5 24 -10.9 4.43 -3.25 -9.56 6.77 -5.46 -9.91 4.65 -5.66 -10.44 6.68 -2.54
5 24 -10.9 4.43 -3.25 -10.44 6.68 -2.54 -9.56 6.77 -5.46 -10.69 6.76 .57
5 24 -10.69 6.76 .57 -10.9 4.43 -3.25 -11 4 0 -10.44 6.68 -2.54
5 24 -10.69 6.76 .57 -10.12 4.28 3.87 -9.45 6.79 3.76 -11 2.83 2.83
5 24 -10.12 4.28 3.87 -9.45 6.79 3.76 -10.69 6.76 .57 -8.09 6.81 4.83
5 24 -9.45 6.79 3.76 -10.69 6.76 .57 -10.12 4.28 3.87 -9.63 9.49 2.93
5 24 -8.09 6.81 4.83 -10.12 4.28 3.87 -8.1 4.36 5.21 -9.45 6.79 3.76
5 24 -10.12 4.28 3.87 -8.1 4.36 5.21 -8.09 6.81 4.83 -10.27 2.05 4.57
5 24 -8.1 4.36 5.21 -8.09 6.81 4.83 -10.12 4.28 3.87 -4.64 6.96 5.77
5 24 -4.64 6.96 5.77 -8.1 4.36 5.21 -4.61 4.7 6 -8.09 6.81 4.83
5 24 -8.1 4.36 5.21 -4.61 4.7 6 -4.64 6.96 5.77 -8.09 1.98 5.5
5 24 -4.61 4.7 6 -4.64 6.96 5.77 -8.1 4.36 5.21 0 6.54 6.11
5 24 -4.61 4.7 6 0 6.54 6.11 -4.64 6.96 5.77 0 4.69 6.26
5 24 -4.61 4.7 6 0 4.69 6.26 0 6.54 6.11 -4.42 2.01 6.03
5 24 0 2.06 -8.99 -4.37 4.31 -9.23 0 4.51 -9.56 -4.41 2.39 -8.84
5 24 0 2.06 -8.99 -4.41 2.39 -8.84 -4.37 4.31 -9.23 -3.72 .07 -7.58
5 24 -4.41 2.39 -8.84 -4.37 4.31 -9.23 0 2.06 -8.99 -6.99 4.64 -8.69
5 24 -6.99 4.64 -8.69 -7.24 2.4 -8.04 -9 2.1 -6.71 -4.41 2.39 -8.84
5 24 -7.24 2.4 -8.04 -9 2.1 -6.71 -6.99 4.64 -8.69 -6.74 0 -7
5 24 -9 2.1 -6.71 -6.99 4.64 -8.69 -7.24 2.4 -8.04 -9.25 4.72 -6.69
5 24 -9 2.1 -6.71 -9.25 4.72 -6.69 -6.99 4.64 -8.69 -9.91 4.65 -5.66
5 24 -9 2.1 -6.71 -9.91 4.65 -5.66 -9.25 4.72 -6.69 -10.03 1.94 -5.55
5 24 -9 2.1 -6.71 -10.03 1.94 -5.55 -9.91 4.65 -5.66 -9.54 .08 -5.83
5 24 -10.03 1.94 -5.55 -9.91 4.65 -5.66 -9 2.1 -6.71 -11 1.53 -3.7
5 24 -9.91 4.65 -5.66 -11 2.83 -2.83 -10.9 4.43 -3.25 -11 1.53 -3.7
5 24 -11 1.53 3.7 -10.27 2.05 4.57 -10.12 4.28 3.87 -9.45 .13 5.12
5 24 -10.27 2.05 4.57 -10.12 4.28 3.87 -11 1.53 3.7 -8.1 4.36 5.21
5 24 -8.1 4.36 5.21 -10.27 2.05 4.57 -8.09 1.98 5.5 -10.12 4.28 3.87
5 24 -10.27 2.05 4.57 -8.09 1.98 5.5 -8.1 4.36 5.21 -9.45 .13 5.12
5 24 -8.09 1.98 5.5 -8.1 4.36 5.21 -10.27 2.05 4.57 -4.61 4.7 6
5 24 -4.61 4.7 6 -8.09 1.98 5.5 -4.42 2.01 6.03 -8.1 4.36 5.21
5 24 -8.09 1.98 5.5 -4.42 2.01 6.03 -4.61 4.7 6 -7.3 -.02 5.6
5 24 -4.42 2.01 6.03 -4.61 4.7 6 -8.09 1.98 5.5 0 4.69 6.26
5 24 -4.42 2.01 6.03 0 1.73 6.27 0 4.69 6.26 -4.39 .28 6
5 24 0 2.06 -8.99 -3.72 .07 -7.58 -4.41 2.39 -8.84 0 -.04 -7.75
5 24 -3.72 .07 -7.58 -4.41 2.39 -8.84 0 2.06 -8.99 -6.74 0 -7
5 24 0 -.04 -7.75 -3.72 .07 -7.58 0 2.06 -8.99 0 -2.95 -5.7
5 24 -4.41 2.39 -8.84 -6.74 0 -7 -7.24 2.4 -8.04 -3.72 .07 -7.58
5 24 -6.74 0 -7 -7.24 2.4 -8.04 -4.41 2.39 -8.84 -9 2.1 -6.71
5 24 -7.24 2.4 -8.04 -4.41 2.39 -8.84 -6.74 0 -7 -6.99 4.64 -8.69
5 24 -3.72 .07 -7.58 -6.74 0 -7 -4.41 2.39 -8.84 -3.77 -2.6 -5.67
5 24 -6.74 0 -7 -9 2.1 -6.71 -7.24 2.4 -8.04 -9.54 .08 -5.83
5 24 -6.74 0 -7 -9.54 .08 -5.83 -9 2.1 -6.71 -6.87 -2.65 -5.23
5 24 -9.54 .08 -5.83 -9 2.1 -6.71 -6.74 0 -7 -10.03 1.94 -5.55
5 24 -9.54 .08 -5.83 -10.03 1.94 -5.55 -9 2.1 -6.71 -11 0 -4
5 24 -9.54 .08 -5.83 -11 0 -4 -10.03 1.94 -5.55 -11 -1.53 -3.7
5 24 -11 1.53 3.7 -9.45 .13 5.12 -10.27 2.05 4.57 -11 0 4
5 24 -9.45 .13 5.12 -10.27 2.05 4.57 -11 1.53 3.7 -8.09 1.98 5.5
5 24 -11 0 4 -9.45 .13 5.12 -11 1.53 3.7 -11 -1.53 3.7
5 24 -9.45 .13 5.12 -8.09 1.98 5.5 -10.27 2.05 4.57 -7.3 -.02 5.6
5 24 -9.45 .13 5.12 -7.3 -.02 5.6 -8.09 1.98 5.5 -9.51 -3.77 3.74
5 24 -7.3 -.02 5.6 -8.09 1.98 5.5 -9.45 .13 5.12 -4.42 2.01 6.03
5 24 -7.3 -.02 5.6 -4.39 .28 6 -4.42 2.01 6.03 -4.05 -4.33 4.45
5 24 -4.39 .28 6 -4.42 2.01 6.03 -8.09 1.98 5.5 0 1.73 6.27
5 24 -4.39 .28 6 0 1.73 6.27 -4.42 2.01 6.03 0 -.03 6.15
5 24 -4.39 .28 6 0 -.03 6.15 0 1.73 6.27 -4.05 -4.33 4.45
5 24 0 -2.95 -5.7 -3.77 -2.6 -5.67 0 -.04 -7.75 0 -5.07 -4.13
5 24 -3.77 -2.6 -5.67 -3.72 .07 -7.58 0 -.04 -7.75 -6.74 0 -7
5 24 -3.77 -2.6 -5.67 -6.74 0 -7 -3.72 .07 -7.58 -6.87 -2.65 -5.23
5 24 -3.77 -2.6 -5.67 -6.87 -2.65 -5.23 -6.74 0 -7 -3.83 -5.14 -3.52
5 24 -6.87 -2.65 -5.23 -6.74 0 -7 -3.77 -2.6 -5.67 -9.54 .08 -5.83
5 24 -6.87 -2.65 -5.23 -9.54 .08 -5.83 -6.74 0 -7 -9.59 -3.98 -3.46
5 24 -9.54 .08 -5.83 -11 -1.53 -3.7 -11 0 -4 -9.59 -3.98 -3.46
5 24 -3.77 -2.6 -5.67 -3.83 -5.14 -3.52 -6.87 -3.96 -4.1 0 -5.07 -4.13
5 24 -3.83 -5.14 -3.52 -6.87 -3.96 -4.1 -3.77 -2.6 -5.67 -6.83 -5.77 -2
5 24 -6.87 -3.96 -4.1 -6.87 -2.65 -5.23 -3.77 -2.6 -5.67 -9.59 -3.98 -3.46
5 24 -6.87 -3.96 -4.1 -9.59 -3.98 -3.46 -6.87 -2.65 -5.23 -6.83 -5.77 -2
5 24 -9.59 -3.98 -3.46 -6.87 -2.65 -5.23 -6.87 -3.96 -4.1 -9.54 .08 -5.83
5 24 -9.59 -3.98 -3.46 -9.54 .08 -5.83 -6.87 -2.65 -5.23 -11 -1.53 -3.7
5 24 -9.59 -3.98 -3.46 -11 -1.53 -3.7 -9.54 .08 -5.83 -11 -2.83 -2.83
5 24 -9.59 -3.98 -3.46 -11 -2.83 -2.83 -11 -1.53 -3.7 -11 -3.7 -1.53
5 24 0 -5.07 -4.13 -3.68 -6 -2.59 -3.83 -5.14 -3.52 0 -6.54 -2.61
5 24 -3.68 -6 -2.59 -3.83 -5.14 -3.52 0 -5.07 -4.13 -6.83 -5.77 -2
5 24 -3.83 -5.14 -3.52 0 -5.07 -4.13 -3.68 -6 -2.59 -3.77 -2.6 -5.67
5 24 0 -6.54 -2.61 -3.68 -6 -2.59 0 -5.07 -4.13 0 -7.25 -.33
5 24 -3.83 -5.14 -3.52 -6.83 -5.77 -2 -6.87 -3.96 -4.1 -3.68 -6 -2.59
5 24 -6.83 -5.77 -2 -6.87 -3.96 -4.1 -3.83 -5.14 -3.52 -9.59 -3.98 -3.46
5 24 -3.68 -6 -2.59 -6.83 -5.77 -2 -3.83 -5.14 -3.52 -4.07 -6.83 -.02
5 24 -9.59 -3.98 -3.46 -11 -3.7 -1.53 -11 -2.83 -2.83 -9.59 -5.08 -1.98
5 24 -9.59 -3.98 -3.46 -9.59 -5.08 -1.98 -11 -3.7 -1.53 -6.83 -5.77 -2
5 24 -9.59 -5.08 -1.98 -11 -3.7 -1.53 -9.59 -3.98 -3.46 -11 -4 0
5 24 0 -7.25 -.33 -3.68 -6 -2.59 0 -6.54 -2.61 -4.07 -6.83 -.02
5 24 0 -7.25 -.33 -4.07 -6.83 -.02 -3.68 -6 -2.59 0 -6.37 2.47
5 24 -4.07 -6.83 -.02 -3.68 -6 -2.59 0 -7.25 -.33 -6.83 -5.77 -2
5 24 -4.07 -6.83 -.02 -6.83 -5.77 -2 -3.68 -6 -2.59 -6.89 -6.34 .08
5 24 -4.07 -6.83 -.02 -6.89 -6.34 .08 -6.83 -5.77 -2 -3.92 -6.14 2.49
5 24 -6.89 -6.34 .08 -6.83 -5.77 -2 -4.07 -6.83 -.02 -9.06 -5.7 .02
5 24 -6.89 -6.34 .08 -9.06 -5.7 .02 -6.83 -5.77 -2 -9.62 -4.97 2.24
5 24 -9.06 -5.7 .02 -6.83 -5.77 -2 -6.89 -6.34 .08 -9.59 -5.08 -1.98
5 24 -9.06 -5.7 .02 -9.59 -5.08 -1.98 -6.83 -5.77 -2 -11 -4 0
5 24 -9.59 -5.08 -1.98 -6.83 -5.77 -2 -9.06 -5.7 .02 -9.59 -3.98 -3.46
5 24 -9.06 -5.7 .02 -11 -4 0 -9.59 -5.08 -1.98 -11 -3.7 1.53
5 24 -11 -4 0 -9.59 -5.08 -1.98 -9.06 -5.7 .02 -11 -3.7 -1.53
5 24 0 -6.37 2.47 -4.07 -6.83 -.02 0 -7.25 -.33 -3.92 -6.14 2.49
5 24 0 -6.37 2.47 -3.92 -6.14 2.49 -4.07 -6.83 -.02 -4.05 -4.33 4.45
5 24 -3.92 -6.14 2.49 -4.07 -6.83 -.02 0 -6.37 2.47 -6.89 -6.34 .08
5 24 -3.92 -6.14 2.49 -6.89 -6.34 .08 -4.07 -6.83 -.02 -7.17 -5.75 2.24
5 24 -3.92 -6.14 2.49 -7.17 -5.75 2.24 -6.89 -6.34 .08 -7.27 -4.18 4.07
5 24 -7.17 -5.75 2.24 -6.89 -6.34 .08 -3.92 -6.14 2.49 -9.62 -4.97 2.24
5 24 -7.17 -5.75 2.24 -9.62 -4.97 2.24 -6.89 -6.34 .08 -9.51 -3.77 3.74
5 24 -9.62 -4.97 2.24 -6.89 -6.34 .08 -7.17 -5.75 2.24 -9.06 -5.7 .02
5 24 -9.62 -4.97 2.24 -9.06 -5.7 .02 -6.89 -6.34 .08 -11 -3.7 1.53
5 24 -9.62 -4.97 2.24 -11 -3.7 1.53 -9.06 -5.7 .02 -11 -2.83 2.83
5 24 -11 -3.7 1.53 -9.06 -5.7 .02 -9.62 -4.97 2.24 -11 -4 0
5 24 0 -4.59 4.25 -4.05 -4.33 4.45 0 -6.37 2.47 0 -.03 6.15
5 24 -4.05 -4.33 4.45 0 -6.37 2.47 0 -4.59 4.25 -3.92 -6.14 2.49
5 24 -4.05 -4.33 4.45 -3.92 -6.14 2.49 0 -6.37 2.47 -7.27 -4.18 4.07
5 24 -4.05 -4.33 4.45 -7.27 -4.18 4.07 -3.92 -6.14 2.49 -7.3 -.02 5.6
5 24 -7.27 -4.18 4.07 -3.92 -6.14 2.49 -4.05 -4.33 4.45 -7.17 -5.75 2.24
5 24 -7.27 -4.18 4.07 -7.17 -5.75 2.24 -3.92 -6.14 2.49 -9.51 -3.77 3.74
5 24 -9.51 -3.77 3.74 -9.62 -4.97 2.24 -7.17 -5.75 2.24 -11 -2.83 2.83
5 24 -7.27 -4.18 4.07 -9.51 -3.77 3.74 -9.62 -4.97 2.24 -7.3 -.02 5.6
5 24 -9.51 -3.77 3.74 -11 -2.83 2.83 -9.62 -4.97 2.24 -11 -1.53 3.7
5 24 -11 -2.83 2.83 -9.62 -4.97 2.24 -9.51 -3.77 3.74 -11 -3.7 1.53
5 24 -4.05 -4.33 4.45 -4.39 .28 6 -7.3 -.02 5.6 0 -.03 6.15
5 24 -7.3 -.02 5.6 -4.05 -4.33 4.45 -4.39 .28 6 -7.27 -4.18 4.07
5 24 -7.3 -.02 5.6 -7.27 -4.18 4.07 -4.05 -4.33 4.45 -9.51 -3.77 3.74
5 24 -7.3 -.02 5.6 -9.51 -3.77 3.74 -7.27 -4.18 4.07 -9.45 .13 5.12
5 24 -9.45 .13 5.12 -9.51 -3.77 3.74 -7.3 -.02 5.6 -11 -1.53 3.7
5 24 -9.45 .13 5.12 -11 -1.53 3.7 -9.51 -3.77 3.74 -11 0 4
5 24 -11 -1.53 3.7 -9.51 -3.77 3.74 -9.45 .13 5.12 -11 -2.83 2.83
5 24 -6.83 -5.77 -2 -9.59 -3.98 -3.46 -6.87 -3.96 -4.1 -9.59 -5.08 -1.98
5 24 -9.63 9.49 2.93 -10.69 6.76 .57 -9.45 6.79 3.76 -10.23 9.47 .83
5 24 -4.05 -4.33 4.45 0 -.03 6.15 -4.39 .28 6 0 -4.59 4.25
5 24 -10.69 6.76 .57 -11 2.83 2.83 -10.12 4.28 3.87 -11 3.7 1.53
5 24 -9.91 4.65 -5.66 -11 1.53 -3.7 -11 2.83 -2.83 -10.03 1.94 -5.55
5 24 0 -5.07 -4.13 -3.77 -2.6 -5.67 0 -2.95 -5.7 -3.83 -5.14 -3.52
5 24 -6.99 4.64 -8.69 -4.41 2.39 -8.84 -7.24 2.4 -8.04 -4.37 4.31 -9.23