0 Figure Friends Girl Torso with Medium Azure Halter Top Pattern
0 Name: 92241p1a.dat
0 Author: Takeshi Takahashi [RainbowDolphin]
0 !LDRAW_ORG Part UPDATE 2026-03
0 !LICENSE Licensed under CC BY 4.0 : see CAreadme.txt

0 BFC CERTIFY CCW

0 !KEYWORDS Andrea, Bricklink FTGpb069c01, Kate, Rebrickable 92456c02pr0052
0 !KEYWORDS Set 41031, Set 5004852

0 !HISTORY 2026-03-31 [OrionP] Official Update 2026-03

1 16 0 0 0 1 0 0 0 1 0 0 0 1 s\92241s01.dat

4 15 .71146 17 -8.72874 1.7 16.6 -8.61806 2.3 15.9 -8.5627 1.69101 15.62319 -8.64438
3 15 .71146 17 -8.72874 1 17 -8.69342 1.7 16.6 -8.61806
4 15 2.27668 14.8 -8.59395 1.94275 15.26936 -8.62271 2.4 15.4 -8.56337 2.6 14.8 -8.55438
4 15 2.6 14.8 -8.55438 2.4 15.4 -8.56337 2.8 15.2 -8.51957 3.1 14.7 -8.49576
4 15 2.6 14.8 -8.55438 3.1 14.7 -8.49576 3.1 14.2 -8.50867 2.6 14.5 -8.56212
4 15 2.54685 14.42027 -8.57069 2.6 14.5 -8.56212 3.1 14.2 -8.50867 2.91863 13.89771 -8.53867
4 322 1 17 -8.69342 .71146 17 -8.72874 0 18 -8.79 4.33 18 -8.26
3 322 1.7 16.6 -8.61806 1 17 -8.69342 4.33 18 -8.26
3 322 2.3 15.9 -8.5627 1.7 16.6 -8.61806 4.33 18 -8.26
4 322 2.4 15.4 -8.56337 2.3 15.9 -8.5627 4.33 18 -8.26 2.8 15.2 -8.51957
3 322 3.1 14.7 -8.49576 2.8 15.2 -8.51957 4.33 18 -8.26
4 322 3.1 14.7 -8.49576 4.33 18 -8.26 3.6 12.94 -8.48 3.1 14.2 -8.50867
3 322 3.6 12.94 -8.48 2.91863 13.89771 -8.53867 3.1 14.2 -8.50867
4 322 2.27668 14.8 -8.59395 2.6 14.8 -8.55438 2.6 14.5 -8.56212 2.54685 14.42027 -8.57069
4 322 2.3 15.9 -8.5627 2.4 15.4 -8.56337 1.94275 15.26936 -8.62271 1.69101 15.62319 -8.64438
4 15 0 12.84 -8.86 0 14.9 -8.83205 .3 14.6 -8.80457 .4 13.1 -8.8144
3 15 0 12.84 -8.86 .4 13.1 -8.8144 .35833 12.84995 -8.82218
4 15 0 15.58571 -8.82275 0 15.98 -8.8174 .8 15.9 -8.73435 .5 15.3 -8.77404
4 15 1.2 15.4 -8.69906 .5 15.3 -8.77404 .8 15.9 -8.73435 1.3 16 -8.6804
3 15 1.69101 15.62319 -8.64438 1.2 15.4 -8.69906 1.3 16 -8.6804
3 15 .71146 17 -8.72874 1.69101 15.62319 -8.64438 1.3 16 -8.6804
3 15 1.3 16 -8.6804 .7 16.3 -8.73944 .71146 17 -8.72874
4 15 .2 17 -8.78253 .71146 17 -8.72874 .7 16.3 -8.73944 .2 16.5 -8.78931
4 15 0 16.96667 -8.80402 .2 17 -8.78253 .2 16.5 -8.78931 0 16.5 -8.81035
4 15 1.1 14.5 -8.72178 .5 14.8 -8.78082 1.3 14.9 -8.69532 1.7 14.6 -8.65732
4 15 1.7 14.6 -8.65732 1.3 14.9 -8.69532 1.7 15.2 -8.64918 2.1 14.8 -8.61254
4 15 2.27668 14.8 -8.59395 2.1 14.8 -8.61254 1.7 15.2 -8.64918 1.94275 15.26936 -8.62271
4 15 2.54685 14.42027 -8.57069 2.91863 13.89771 -8.53867 2.8 13.7 -8.55383 2.4 14.2 -8.58912
4 15 2.4 14.2 -8.58912 2.8 13.7 -8.55383 2.3 13.4 -8.61049 1.8 13.5 -8.66172
3 15 1.8 13.5 -8.66172 2.1 14.1 -8.62203 2.4 14.2 -8.58912
4 15 2.1 14.1 -8.62203 1.8 13.5 -8.66172 1.4 14 -8.69701 1.5 14.3 -8.68243
3 15 2.1 14.1 -8.62203 1.5 14.3 -8.68243 2.1 14.4 -8.61796
4 15 .9 13.2 -8.76046 .5 13.6 -8.7971 .9 14 -8.7496 1.3 13.6 -8.71296
3 15 .9 13.2 -8.76046 1.3 13.6 -8.71296 1.2 13.3 -8.72755
3 15 1.3 13.6 -8.71296 .9 14 -8.7496 1.2 13.9 -8.71941
3 15 .9 13.2 -8.76046 .6 13.3 -8.79065 .5 13.6 -8.7971
3 15 .5 13.6 -8.7971 .6 13.9 -8.78251 .9 14 -8.7496
3 322 0 16.96667 -8.80402 0 18 -8.79 .2 17 -8.78253
3 322 .71146 17 -8.72874 .2 17 -8.78253 0 18 -8.79
4 322 3.6 12.94 -8.48 .52274 12.85452 -8.80482 .4 13.1 -8.8144 .9 13.2 -8.76046
4 322 3.6 12.94 -8.48 .9 13.2 -8.76046 1.2 13.3 -8.72755 2.3 13.4 -8.61049
3 322 3.6 12.94 -8.48 2.3 13.4 -8.61049 2.8 13.7 -8.55383
3 322 3.6 12.94 -8.48 2.8 13.7 -8.55383 2.91863 13.89771 -8.53867
3 322 1.2 13.3 -8.72755 1.8 13.5 -8.66172 2.3 13.4 -8.61049
3 322 1.2 13.3 -8.72755 1.3 13.6 -8.71296 1.8 13.5 -8.66172
4 322 1.4 14 -8.69701 1.8 13.5 -8.66172 1.3 13.6 -8.71296 1.2 13.9 -8.71941
4 322 1.5 14.3 -8.68243 1.4 14 -8.69701 1.2 13.9 -8.71941 .9 14 -8.7496
4 322 1.5 14.3 -8.68243 .9 14 -8.7496 1.1 14.5 -8.72178 1.7 14.6 -8.65732
4 322 2.1 14.4 -8.61796 1.5 14.3 -8.68243 1.7 14.6 -8.65732 2.1 14.8 -8.61254
4 322 2.4 14.2 -8.58912 2.1 14.4 -8.61796 2.1 14.8 -8.61254 2.54685 14.42027 -8.57069
3 322 2.1 14.1 -8.62203 2.1 14.4 -8.61796 2.4 14.2 -8.58912
3 322 2.54685 14.42027 -8.57069 2.1 14.8 -8.61254 2.27668 14.8 -8.59395
4 322 .5 14.8 -8.78082 1.1 14.5 -8.72178 .9 14 -8.7496 .3 14.6 -8.80457
3 322 .6 13.9 -8.78251 .3 14.6 -8.80457 .9 14 -8.7496
3 322 .5 13.6 -8.7971 .3 14.6 -8.80457 .6 13.9 -8.78251
3 322 .4 13.1 -8.8144 .3 14.6 -8.80457 .5 13.6 -8.7971
3 322 .4 13.1 -8.8144 .5 13.6 -8.7971 .6 13.3 -8.79065
3 322 .4 13.1 -8.8144 .6 13.3 -8.79065 .9 13.2 -8.76046
4 322 .5 15.3 -8.77404 .5 14.8 -8.78082 .3 14.6 -8.80457 0 15.58571 -8.82275
4 322 1.3 14.9 -8.69532 .5 14.8 -8.78082 .5 15.3 -8.77404 1.2 15.4 -8.69906
4 322 1.7 15.2 -8.64918 1.3 14.9 -8.69532 1.2 15.4 -8.69906 1.69101 15.62319 -8.64438
3 322 1.7 15.2 -8.64918 1.69101 15.62319 -8.64438 1.94275 15.26936 -8.62271
3 322 .3 14.6 -8.80457 0 14.9 -8.83205 0 15.58571 -8.82275
4 322 0 15.98 -8.8174 0 16.5 -8.81035 .2 16.5 -8.78931 .7 16.3 -8.73944
4 322 1.3 16 -8.6804 .8 15.9 -8.73435 0 15.98 -8.8174 .7 16.3 -8.73944
3 322 .35833 12.84995 -8.82218 .4 13.1 -8.8144 .52274 12.85452 -8.80482
4 322 3.6 12.94 -8.48 4.33 18 -8.26 6.43 18 -7.56 6.64 13.08 -7.5
3 322 6.64 13.08 -7.5 6.43 18 -7.56 8.67 18 -6.05
3 322 6.64 13.08 -7.5 8.67 18 -6.05 8.7 13.2 -5.89
3 15 .31018 12.5611 -8.8348 0 12.84 -8.86 .35833 12.84995 -8.82218
4 15 .8 12.2 -8.79293 .6 12.7 -8.80078 1.1 12.5 -8.75361 1.4 11.9 -8.73791
4 15 1.4 11.9 -8.73791 1.1 12.5 -8.75361 1.9 12.3 -8.675 2.2 11.8 -8.65667
4 15 2.2 11.8 -8.65667 1.9 12.3 -8.675 2.5 12.3 -8.6121 3 12.1 -8.56494
4 15 2.5 11.5 -8.6331 2.2 11.8 -8.65667 3 12.1 -8.56494 3.3 11.6 -8.54661
4 15 2.5 11.1 -8.64359 2.5 11.5 -8.6331 3.3 11.6 -8.54661 3.3 11 -8.56235
4 15 2.5 11.1 -8.64359 3.3 11 -8.56235 3 10.5 -8.60692 2.2725 10.79666 -8.6754
3 15 2.81177 10.31177 -8.63159 2.2725 10.79666 -8.6754 3 10.5 -8.60692
4 15 1.88685 11.14342 -8.70673 1.32829 11.64566 -8.7521 1.6 11.7 -8.72219 2 11.2 -8.69338
3 15 2 11.2 -8.69338 1.6 11.7 -8.72219 2 11.5 -8.68551
4 322 3.6 12.94 -8.48 3.57 9.63 -8.57 3.3 11 -8.56235 3.3 11.6 -8.54661
3 322 3.3 11.6 -8.54661 3 12.1 -8.56494 3.6 12.94 -8.48
3 322 3 12.1 -8.56494 2.5 12.3 -8.6121 3.6 12.94 -8.48
4 322 3.6 12.94 -8.48 2.5 12.3 -8.6121 1.9 12.3 -8.675 1.1 12.5 -8.75361
4 322 3.6 12.94 -8.48 1.1 12.5 -8.75361 .6 12.7 -8.80078 .52274 12.85452 -8.80482
3 322 .31018 12.5611 -8.8348 .35833 12.84995 -8.82218 .52274 12.85452 -8.80482
4 322 .31018 12.5611 -8.8348 .52274 12.85452 -8.80482 .6 12.7 -8.80078 .8 12.2 -8.79293
3 322 1.32829 11.64566 -8.7521 .31018 12.5611 -8.8348 .8 12.2 -8.79293
4 322 1.6 11.7 -8.72219 1.32829 11.64566 -8.7521 .8 12.2 -8.79293 1.4 11.9 -8.73791
4 322 1.6 11.7 -8.72219 1.4 11.9 -8.73791 2.2 11.8 -8.65667 2 11.5 -8.68551
4 322 2 11.5 -8.68551 2.2 11.8 -8.65667 2.5 11.5 -8.6331 2 11.2 -8.69338
4 322 2 11.2 -8.69338 2.5 11.5 -8.6331 2.5 11.1 -8.64359 2.2725 10.79666 -8.6754
3 322 2.2725 10.79666 -8.6754 1.88685 11.14342 -8.70673 2 11.2 -8.69338
3 322 3.57 9.63 -8.57 2.81177 10.31177 -8.63159 3 10.5 -8.60692
3 322 3.57 9.63 -8.57 3 10.5 -8.60692 3.3 11 -8.56235
4 15 0 12.84 -8.86 .31018 12.5611 -8.8348 .2 11.9 -8.84603 0 11.66667 -8.86351
4 15 2.81177 10.31177 -8.63159 2.6 10.1 -8.65 2.2 10.7 -8.68177 2.2725 10.79666 -8.6754
4 15 2.2 10.7 -8.68177 2.6 10.1 -8.65 2 10.1 -8.70035 1.8 10.7 -8.71534
4 15 1.8 10.7 -8.71534 2 10.1 -8.70035 1.4 10.2 -8.75041 1 10.6 -8.78278
4 15 1.6 10.9 -8.73153 1.8 10.7 -8.71534 1 10.6 -8.78278 .9 11.3 -8.78908
4 15 1.6 10.9 -8.73153 .9 11.3 -8.78908 1.1 11.6 -8.7714 1.8 11.1 -8.71415
4 15 1.88685 11.14342 -8.70673 1.8 11.1 -8.71415 1.1 11.6 -8.7714 1.32829 11.64566 -8.7521
4 15 .5 9.8 -8.82714 .1 10.2 -8.85951 .5 10.6 -8.82474 .9 10.2 -8.79237
3 15 .5 9.8 -8.82714 .9 10.2 -8.79237 .8 9.9 -8.80166
3 15 .9 10.2 -8.79237 .5 10.6 -8.82474 .8 10.5 -8.79987
3 15 .5 9.8 -8.82714 .2 9.9 -8.85202 .1 10.2 -8.85951
3 15 .1 10.2 -8.85951 .2 10.5 -8.85022 .5 10.6 -8.82474
4 322 1.32829 11.64566 -8.7521 1.1 11.6 -8.7714 .2 11.9 -8.84603 .31018 12.5611 -8.8348
4 322 1.88685 11.14342 -8.70673 2.2725 10.79666 -8.6754 2.2 10.7 -8.68177 1.8 11.1 -8.71415
4 322 1.8 11.1 -8.71415 2.2 10.7 -8.68177 1.8 10.7 -8.71534 1.6 10.9 -8.73153
3 322 .9 11.3 -8.78908 .2 11.9 -8.84603 1.1 11.6 -8.7714
4 322 .2 11.9 -8.84603 .9 11.3 -8.78908 .5 10.6 -8.82474 .2 10.5 -8.85022
3 322 .1 10.2 -8.85951 .2 11.9 -8.84603 .2 10.5 -8.85022
4 322 .2 11.9 -8.84603 .1 10.2 -8.85951 0 9.5 -8.87 0 11.66667 -8.86351
3 322 0 9.5 -8.87 .1 10.2 -8.85951 .2 9.9 -8.85202
3 322 0 9.5 -8.87 .2 9.9 -8.85202 .5 9.8 -8.82714
4 322 3.57 9.63 -8.57 0 9.5 -8.87 .5 9.8 -8.82714 .8 9.9 -8.80166
4 322 2 10.1 -8.70035 3.57 9.63 -8.57 .8 9.9 -8.80166 1.4 10.2 -8.75041
3 322 .8 9.9 -8.80166 .9 10.2 -8.79237 1.4 10.2 -8.75041
4 322 1 10.6 -8.78278 1.4 10.2 -8.75041 .9 10.2 -8.79237 .8 10.5 -8.79987
4 322 .9 11.3 -8.78908 1 10.6 -8.78278 .8 10.5 -8.79987 .5 10.6 -8.82474
3 322 3.57 9.63 -8.57 2 10.1 -8.70035 2.6 10.1 -8.65
3 322 3.57 9.63 -8.57 2.6 10.1 -8.65 2.81177 10.31177 -8.63159
3 322 3.57 9.63 -8.57 3.6 12.94 -8.48 6.8 9.72 -7.58
3 322 6.8 9.72 -7.58 3.6 12.94 -8.48 6.64 13.08 -7.5
3 322 8.52 9.64 -6.13 6.8 9.72 -7.58 6.64 13.08 -7.5
3 322 8.52 9.64 -6.13 6.64 13.08 -7.5 8.7 13.2 -5.89
4 15 3.87 6.9 -8.96 1.70036 6.87197 -9.12258 0 8.1 -9.07075 3.72941 8.17935 -8.77724
3 15 1.70036 6.87197 -9.12258 0 6.85 -9.25 0 8.1 -9.07075
4 15 3.87 6.9 -8.96 3.72941 8.17935 -8.77724 4.7 8.2 -8.50572 5.6 7.1 -8.44778
4 15 5.37287 8.31214 -8.30055 6.68772 7.35101 -8.10404 5.6 7.1 -8.44778 4.7 8.2 -8.50572
3 15 3.87 6.9 -8.96 5.6 7.1 -8.44778 5.19448 6.91567 -8.59165
4 322 4.7 8.2 -8.50572 3.72941 8.17935 -8.77724 3.57 9.63 -8.57 5.37287 8.31214 -8.30055
4 322 6.68772 7.35101 -8.10404 7.25 6.94 -8.02 5.19448 6.91567 -8.59165 5.6 7.1 -8.44778
4 15 5.37287 8.31214 -8.30055 6.5 8.5 -7.9227 6.9 7.4 -8.03006 6.68772 7.35101 -8.10404
4 15 7.17007 7.43376 -7.94185 6.9 7.4 -8.03006 6.5 8.5 -7.9227 6.99136 8.5378 -7.76711
4 322 6.5 8.5 -7.9227 5.37287 8.31214 -8.30055 3.57 9.63 -8.57 6.8 9.72 -7.58
3 322 6.5 8.5 -7.9227 6.8 9.72 -7.58 6.99136 8.5378 -7.76711
4 322 6.9 7.4 -8.03006 7.17007 7.43376 -7.94185 7.25 6.94 -8.02 6.68772 7.35101 -8.10404
4 15 8.65826 8.66602 -6.29591 8.80419 7.63802 -6.47103 7.50175 7.47522 -7.64535 8.03948 8.61842 -6.8451
3 322 8.03948 8.61842 -6.8451 8.52 9.64 -6.13 8.65826 8.66602 -6.29591
4 322 7.17007 7.43376 -7.94185 7.50175 7.47522 -7.64535 8.97 6.47 -6.67 7.25 6.94 -8.02
3 322 7.50175 7.47522 -7.64535 8.80419 7.63802 -6.47103 8.97 6.47 -6.67
3 15 3.87 6.9 -8.96 3.97407 6.36094 -9.0162 3.4 6.1 -9.09398
3 15 2.27219 4.40601 -9.38842 0 4.51 -9.56 1.5 5 -9.37975
4 322 3.4 6.1 -9.09398 3.97407 6.36094 -9.0162 4.37 4.31 -9.23 1.5 5 -9.37975
3 322 4.37 4.31 -9.23 2.27219 4.40601 -9.38842 1.5 5 -9.37975
3 15 3.97407 6.36094 -9.0162 3.87 6.9 -8.96 4.36738 6.53972 -8.91696
4 322 4.37 4.31 -9.23 3.97407 6.36094 -9.0162 4.36738 6.53972 -8.91696 6.99 4.64 -8.69
3 15 4.36738 6.53972 -8.91696 3.87 6.9 -8.96 5.19448 6.91567 -8.59165
4 322 6.99 4.64 -8.69 4.36738 6.53972 -8.91696 5.19448 6.91567 -8.59165 7.25 6.94 -8.02
3 322 6.99 4.64 -8.69 7.25 6.94 -8.02 9.25 4.72 -6.69
3 322 9.25 4.72 -6.69 7.25 6.94 -8.02 8.97 6.47 -6.67
4 15 1.32524 2.74233 -9.06278 0 3.5 -9.32502 0 4.51 -9.56 3.12897 3.67103 -9.16184
3 15 3.12897 3.67103 -9.16184 0 4.51 -9.56 2.27219 4.40601 -9.38842
3 322 3.12897 3.67103 -9.16184 2.27219 4.40601 -9.38842 4.37 4.31 -9.23
3 16 0 2.06 -8.99 0 3.5 -9.32502 1.32524 2.74233 -9.06278
4 15 1.32524 2.74233 -9.06278 3.12897 3.67103 -9.16184 4.41 2.39 -8.84 2.07787 2.21549 -8.91932
3 322 4.41 2.39 -8.84 3.12897 3.67103 -9.16184 4.37 4.31 -9.23
3 16 0 2.06 -8.99 1.32524 2.74233 -9.06278 2.07787 2.21549 -8.91932
3 322 9 2.1 -6.71 7.24 2.4 -8.04 6.99 4.64 -8.69
3 322 9 2.1 -6.71 6.99 4.64 -8.69 9.25 4.72 -6.69
3 15 3.82283 .41575 -7.76778 2.07787 2.21549 -8.91932 4.41 2.39 -8.84
4 16 0 2.06 -8.99 2.07787 2.21549 -8.91932 3.82283 .41575 -7.76778 3.72 .07 -7.58
3 16 0 -.04 -7.75 0 2.06 -8.99 3.72 .07 -7.58
3 322 6.74 0 -7 4.41 2.39 -8.84 7.24 2.4 -8.04
4 15 4.41 2.39 -8.84 5.86477 .02029 -7.16809 4.05857 .06215 -7.51498 3.82283 .41575 -7.76778
3 322 6.74 0 -7 5.86477 .02029 -7.16809 4.41 2.39 -8.84
3 16 4.05857 .06215 -7.51498 3.72 .07 -7.58 3.82283 .41575 -7.76778
3 322 6.74 0 -7 7.24 2.4 -8.04 9 2.1 -6.71
4 322 9.16531 1.48163 -6.44061 8.56047 .05201 -6.2393 6.74 0 -7 9 2.1 -6.71
3 16 8.56047 .05201 -6.2393 9.16531 1.48163 -6.44061 9.54 .08 -5.83
4 16 3.72 .07 -7.58 3.77 -2.6 -5.67 0 -2.95 -5.7 0 -.04 -7.75
4 15 4.77914 -1.71658 -6.12191 4.05857 .06215 -7.51498 5.86477 .02029 -7.16809 6.0357 -.61655 -6.68461
3 322 6.0357 -.61655 -6.68461 5.86477 .02029 -7.16809 6.74 0 -7
4 16 4.77914 -1.71658 -6.12191 3.77 -2.6 -5.67 3.72 .07 -7.58 4.05857 .06215 -7.51498
4 15 6.20909 -2.63934 -5.32381 4.94334 -2.61892 -5.50346 4.77914 -1.71658 -6.12191 6.0357 -.61655 -6.68461
4 322 6.0357 -.61655 -6.68461 6.74 0 -7 6.87 -2.65 -5.23 6.20909 -2.63934 -5.32381
3 16 3.77 -2.6 -5.67 4.77914 -1.71658 -6.12191 4.94334 -2.61892 -5.50346
4 322 8.2 -.8 -5.84574 6.87 -2.65 -5.23 6.74 0 -7 8.56047 .05201 -6.2393
3 322 6.87 -2.65 -5.23 8.2 -.8 -5.84574 7.83788 -1.66037 -5.4475
4 16 8.2 -.8 -5.84574 8.56047 .05201 -6.2393 9.54 .08 -5.83 7.83788 -1.66037 -5.4475
4 15 5.15109 -4.62721 -3.77205 4.94334 -2.61892 -5.50346 6.20909 -2.63934 -5.32381 6.32937 -4.16985 -3.99685
4 16 5.15109 -4.62721 -3.77205 3.83 -5.14 -3.52 3.77 -2.6 -5.67 4.94334 -2.61892 -5.50346
3 322 6.87 -3.96 -4.1 6.87 -2.65 -5.23 7.32726 -2.87358 -4.93245
3 16 9.59 -3.98 -3.46 6.87 -3.96 -4.1 7.32726 -2.87358 -4.93245
3 322 7.32726 -2.87358 -4.93245 6.87 -2.65 -5.23 7.83788 -1.66037 -5.4475
4 16 7.83788 -1.66037 -5.4475 9.54 .08 -5.83 9.59 -3.98 -3.46 7.32726 -2.87358 -4.93245
3 16 3.68 -6 -2.59 0 -5.07 -4.13 3.83 -5.14 -3.52
3 322 6.4 -5.3 -2.6606 6.32937 -4.16985 -3.99685 6.87 -3.96 -4.1
3 15 6.4 -5.6797 -2.21787 5.24207 -5.43653 -2.80455 6.4 -5.3 -2.6606
4 15 6.32937 -4.16985 -3.99685 6.4 -5.3 -2.6606 5.24207 -5.43653 -2.80455 5.15109 -4.62721 -3.77205
3 16 3.83 -5.14 -3.52 5.15109 -4.62721 -3.77205 5.24207 -5.43653 -2.80455
4 16 6.83 -5.77 -2 6.4 -5.6797 -2.21787 6.4 -5.3 -2.6606 6.87 -3.96 -4.1
4 15 6.4 -5.8014 -2.08054 5.29774 -5.88188 -2.287 5.24207 -5.43653 -2.80455 6.4 -5.6797 -2.21787
4 16 3.83 -5.14 -3.52 5.24207 -5.43653 -2.80455 5.29774 -5.88188 -2.287 3.68 -6 -2.59
3 16 6.4 -5.8014 -2.08054 6.4 -5.6797 -2.21787 6.83 -5.77 -2
4 15 6.4 -5.93515 -1.69152 5.35458 -6.33665 -.94155 5.29774 -5.88188 -2.287 6.4 -5.8014 -2.08054
4 16 0 -7.25 -.33 3.68 -6 -2.59 5.29774 -5.88188 -2.287 4.07 -6.83 -.02
3 16 5.29774 -5.88188 -2.287 5.35458 -6.33665 -.94155 4.07 -6.83 -.02
3 16 6.4 -5.93515 -1.69152 6.4 -5.8014 -2.08054 6.83 -5.77 -2
4 15 6.4 -5.93515 -1.69152 6.4 -6.42514 .06262 5.38763 -6.60105 .02672 5.35458 -6.33665 -.94155
3 16 4.07 -6.83 -.02 5.35458 -6.33665 -.94155 5.38763 -6.60105 .02672
4 16 6.4 -6.42514 .06262 6.4 -5.93515 -1.69152 6.83 -5.77 -2 6.89 -6.34 .08
3 16 6.89 -6.34 .08 6.83 -5.77 -2 9.06 -5.7 .02
3 16 6.83 -5.77 -2 9.59 -5.08 -1.98 9.06 -5.7 .02
3 16 6.83 -5.77 -2 6.87 -3.96 -4.1 9.59 -3.98 -3.46
3 16 6.83 -5.77 -2 9.59 -3.98 -3.46 9.59 -5.08 -1.98
3 16 0 -5.07 -4.13 0 -2.95 -5.7 3.77 -2.6 -5.67
3 16 3.83 -5.14 -3.52 0 -5.07 -4.13 3.77 -2.6 -5.67
3 322 4.41 2.39 -8.84 6.99 4.64 -8.69 7.24 2.4 -8.04
3 322 4.41 2.39 -8.84 4.37 4.31 -9.23 6.99 4.64 -8.69
4 15 -2.9 15.7 -8.49442 -4.02378 15.87744 -8.35229 -4.17284 16.91068 -8.30736 -2.9 16.8 -8.46602
4 15 -2.9 15.7 -8.49442 -2.9 16.8 -8.46602 -1.8 16.4 -8.61099 -2.08332 15.07178 -8.6106
3 15 -2.08332 15.07178 -8.6106 -1.8 16.4 -8.61099 -1.36396 16.08288 -8.67255
4 15 -3 14.6 -8.51058 -2.80348 14.05956 -8.54859 -3.6 12.94 -8.48 -3.6 14 -8.45263
4 15 -3.3 15.2 -8.45837 -3 14.6 -8.51058 -3.6 14 -8.45263 -3.6 14.9 -8.42939
3 15 -3.6 14.9 -8.42939 -3.6 15.4 -8.41648 -3.3 15.2 -8.45837
3 15 -3.6 12.94 -8.48 -3.70161 13.64435 -8.44938 -3.6 14 -8.45263
4 322 -2.9 16.8 -8.46602 -4.17284 16.91068 -8.30736 -4.33 18 -8.26 0 18 -8.79
3 322 -1.8 16.4 -8.61099 -2.9 16.8 -8.46602 0 18 -8.79
3 322 0 18 -8.79 -1.36396 16.08288 -8.67255 -1.8 16.4 -8.61099
3 322 -4.02378 15.87744 -8.35229 -3.6 15.4 -8.41648 -3.6 14.9 -8.42939
4 322 -3.70161 13.64435 -8.44938 -4.02378 15.87744 -8.35229 -3.6 14.9 -8.42939 -3.6 14 -8.45263
4 322 -3.3 15.2 -8.45837 -3.6 15.4 -8.41648 -4.02378 15.87744 -8.35229 -2.9 15.7 -8.49442
4 322 -3 14.6 -8.51058 -3.3 15.2 -8.45837 -2.9 15.7 -8.49442 -2.08332 15.07178 -8.6106
3 322 -2.80348 14.05956 -8.54859 -3 14.6 -8.51058 -2.08332 15.07178 -8.6106
4 15 -2.08332 15.07178 -8.6106 -1.36396 16.08288 -8.67255 -.7 15.6 -8.74893 -1.6 14.7 -8.66648
4 15 -.9 13.8 -8.75232 -1.6 14.7 -8.66648 -.7 15.6 -8.74893 0 14.9 -8.83205
4 15 -.9 13.8 -8.75232 0 14.9 -8.83205 0 12.84 -8.86 -.82792 12.863 -8.77261
4 15 -2.6 13.5 -8.57758 -2.79413 12.91761 -8.56506 -3.6 12.94 -8.48 -2.80348 14.05956 -8.54859
4 15 -.2 15.7 -8.80017 -.7 16.1 -8.74215 -.2 16 -8.7961 0 15.58571 -8.82275
3 15 0 15.58571 -8.82275 -.2 16 -8.7961 0 15.98 -8.8174
4 15 0 16.96667 -8.80402 0 16.5 -8.81035 -.3 16.5 -8.7788 -.4 16.9 -8.76285
3 15 -.3 16.5 -8.7788 -.8 16.5 -8.72621 -.4 16.9 -8.76285
4 322 -.8 16.5 -8.72621 -1.36396 16.08288 -8.67255 0 18 -8.79 -.4 16.9 -8.76285
3 322 -.4 16.9 -8.76285 0 18 -8.79 0 16.96667 -8.80402
4 322 -.7 15.6 -8.74893 -.2 15.7 -8.80017 0 15.58571 -8.82275 0 14.9 -8.83205
3 322 -.7 15.6 -8.74893 -.7 16.1 -8.74215 -.2 15.7 -8.80017
4 322 -.8 16.5 -8.72621 -.7 16.1 -8.74215 -.7 15.6 -8.74893 -1.36396 16.08288 -8.67255
4 322 -.7 16.1 -8.74215 -.8 16.5 -8.72621 -.3 16.5 -8.7788 -.2 16 -8.7961
4 322 0 15.98 -8.8174 -.2 16 -8.7961 -.3 16.5 -8.7788 0 16.5 -8.81035
4 322 -1.6 14.7 -8.66648 -2.6 13.5 -8.57758 -2.80348 14.05956 -8.54859 -2.08332 15.07178 -8.6106
4 322 -2.6 13.5 -8.57758 -1.6 14.7 -8.66648 -.9 13.8 -8.75232 -2.79413 12.91761 -8.56506
3 322 -.82792 12.863 -8.77261 -2.79413 12.91761 -8.56506 -.9 13.8 -8.75232
4 15 -6.50874 16.15534 -7.5375 -6.46835 17.10147 -7.54904 -5.2 17 -7.97203 -4.8 16 -8.10232
4 15 -5.8 14.4 -7.77493 -6.3 13.8 -7.61187 -6.1 14.7 -7.67671 -5.7 15.1 -7.80923
4 15 -6.58464 14.3769 -7.51582 -6.1 14.7 -7.67671 -6.3 13.8 -7.61187 -6.61601 13.64199 -7.50685
4 15 -6.5281 15.70157 -7.53197 -6.2 15.8 -7.64114 -6.4 15.3 -7.57549 -6.55076 15.17078 -7.5255
3 15 -6.4 15.3 -7.57549 -6.2 15.8 -7.64114 -5.9 15.6 -7.74154
4 322 -5.2 17 -7.97203 -6.46835 17.10147 -7.54904 -6.43 18 -7.56 -4.33 18 -8.26
4 322 -5.9 15.6 -7.74154 -6.2 15.8 -7.64114 -6.50874 16.15534 -7.5375 -4.8 16 -8.10232
3 322 -6.2 15.8 -7.64114 -6.5281 15.70157 -7.53197 -6.50874 16.15534 -7.5375
3 322 -5.9 15.6 -7.74154 -4.8 16 -8.10232 -5.7 15.1 -7.80923
4 322 -6.4 15.3 -7.57549 -5.9 15.6 -7.74154 -5.7 15.1 -7.80923 -6.1 14.7 -7.67671
4 322 -6.55076 15.17078 -7.5255 -6.4 15.3 -7.57549 -6.1 14.7 -7.67671 -6.58464 14.3769 -7.51582
3 322 -6.64 13.08 -7.5 -6.61601 13.64199 -7.50685 -6.3 13.8 -7.61187
4 15 -8.08758 16.58842 -6.46601 -8.33992 17.2 -6.28577 -7.7 17.2 -6.71715 -7 16.2 -7.2056
4 15 -6.50874 16.15534 -7.5375 -7 16.2 -7.2056 -7.7 17.2 -6.71715 -6.46835 17.10147 -7.54904
3 15 -6.7 14.3 -7.43933 -6.58464 14.3769 -7.51582 -6.61601 13.64199 -7.50685
4 15 -6.61601 13.64199 -7.50685 -6.82812 13.53594 -7.36563 -7.06755 14.11623 -7.19461 -6.7 14.3 -7.43933
4 15 -7.2 15.5 -7.08238 -7.1 14.7 -7.16305 -7.18527 14.40155 -7.11052 -7.46413 15.07739 -6.91134
4 15 -6.5281 15.70157 -7.53197 -6.55076 15.17078 -7.5255 -7.1 14.7 -7.16305 -7.2 15.5 -7.08238
4 322 -7.7 17.2 -6.71715 -8.33992 17.2 -6.28577 -8.67 18 -6.05 -6.43 18 -7.56
3 322 -6.46835 17.10147 -7.54904 -7.7 17.2 -6.71715 -6.43 18 -7.56
4 322 -8.08758 16.58842 -6.46601 -7 16.2 -7.2056 -7.2 15.5 -7.08238 -7.46413 15.07739 -6.91134
4 322 -6.50874 16.15534 -7.5375 -6.5281 15.70157 -7.53197 -7.2 15.5 -7.08238 -7 16.2 -7.2056
4 322 -6.7 14.3 -7.43933 -7.1 14.7 -7.16305 -6.55076 15.17078 -7.5255 -6.58464 14.3769 -7.51582
4 322 -7.18527 14.40155 -7.11052 -7.1 14.7 -7.16305 -6.7 14.3 -7.43933 -7.06755 14.11623 -7.19461
3 322 -6.64 13.08 -7.5 -6.82812 13.53594 -7.36563 -6.61601 13.64199 -7.50685
4 15 -8.08758 16.58842 -6.46601 -8.4 16.7 -6.2245 -8.67668 16.93057 -6.01435 -8.675 17.2 -6.02333
3 15 -8.08758 16.58842 -6.46601 -8.675 17.2 -6.02333 -8.33992 17.2 -6.28577
4 15 -7.1 13.4 -7.14882 -7.3 14 -7.00924 -7.06755 14.11623 -7.19461 -6.82812 13.53594 -7.36563
4 15 -7.3 14 -7.00924 -7.1 13.4 -7.14882 -7.8 13.3 -6.59773 -8.1 13.3 -6.36277
4 15 -7.3 14 -7.00924 -8.1 13.3 -6.36277 -8 13.8 -6.45531 -7.7 14.7 -6.71587
4 15 -7.18527 14.40155 -7.11052 -7.3 14 -7.00924 -7.7 14.7 -6.71587 -7.46413 15.07739 -6.91134
4 15 -8.68789 15.13737 -5.95458 -8.5 15.2 -6.10352 -8.5 14.4 -6.08077 -8.6921 14.46403 -5.93213
4 15 -8.5 14.4 -6.08077 -8.5 15.2 -6.10352 -8.1 14.8 -6.40543 -8.2 14.5 -6.31857
3 15 -8.1 14.8 -6.40543 -8.5 15.2 -6.10352 -8.2 15.1 -6.33564
4 15 -8.681 16.23967 -5.99132 -8.5 16.3 -6.1348 -8.5 15.5 -6.11205 -8.68524 15.56175 -5.96873
4 15 -8.5 15.5 -6.11205 -8.5 16.3 -6.1348 -8.1 15.9 -6.43671 -8.2 15.6 -6.34986
3 15 -8.1 15.9 -6.43671 -8.5 16.3 -6.1348 -8.2 16.2 -6.36692
3 322 -8.33992 17.2 -6.28577 -8.675 17.2 -6.02333 -8.67 18 -6.05
4 322 -7.8 13.3 -6.59773 -6.64 13.08 -7.5 -8.7 13.2 -5.89 -8.1 13.3 -6.36277
4 322 -8 13.8 -6.45531 -8.1 13.3 -6.36277 -8.7 13.2 -5.89 -8.5 14.4 -6.08077
3 322 -8.7 13.2 -5.89 -8.6921 14.46403 -5.93213 -8.5 14.4 -6.08077
3 322 -8 13.8 -6.45531 -8.5 14.4 -6.08077 -8.2 14.5 -6.31857
4 322 -7.7 14.7 -6.71587 -8 13.8 -6.45531 -8.2 14.5 -6.31857 -8.1 14.8 -6.40543
4 322 -7.7 14.7 -6.71587 -8.1 14.8 -6.40543 -8.2 15.1 -6.33564 -8.2 15.6 -6.34986
4 322 -8.2 15.6 -6.34986 -8.2 15.1 -6.33564 -8.5 15.2 -6.10352 -8.5 15.5 -6.11205
4 322 -8.68524 15.56175 -5.96873 -8.5 15.5 -6.11205 -8.5 15.2 -6.10352 -8.68789 15.13737 -5.95458
4 322 -7.7 14.7 -6.71587 -8.2 15.6 -6.34986 -8.1 15.9 -6.43671 -7.46413 15.07739 -6.91134
3 322 -7.46413 15.07739 -6.91134 -8.1 15.9 -6.43671 -8.2 16.2 -6.36692
4 322 -8.08758 16.58842 -6.46601 -7.46413 15.07739 -6.91134 -8.2 16.2 -6.36692 -8.4 16.7 -6.2245
3 322 -8.2 16.2 -6.36692 -8.5 16.3 -6.1348 -8.4 16.7 -6.2245
4 322 -8.5 16.3 -6.1348 -8.681 16.23967 -5.99132 -8.67668 16.93057 -6.01435 -8.4 16.7 -6.2245
3 322 -7.3 14 -7.00924 -7.18527 14.40155 -7.11052 -7.06755 14.11623 -7.19461
3 322 -6.64 13.08 -7.5 -7.1 13.4 -7.14882 -6.82812 13.53594 -7.36563
3 322 -6.64 13.08 -7.5 -7.8 13.3 -6.59773 -7.1 13.4 -7.14882
3 15 -.94585 11.98953 -8.78317 -.8 12.5 -8.78506 0 12.84 -8.86
3 15 -.8 12.5 -8.78506 -.82792 12.863 -8.77261 0 12.84 -8.86
4 15 -1.66472 11.34315 -8.72477 -2.21457 10.84874 -8.6801 -2.3 10.9 -8.6698 -1.9 11.5 -8.69599
4 15 -1.9 11.5 -8.69599 -2.3 10.9 -8.6698 -2.7 11.3 -8.61738 -2.9 11.9 -8.58067
4 15 -2.1 11.8 -8.66715 -1.9 11.5 -8.69599 -2.9 11.9 -8.58067 -2.6 12.4 -8.599
4 15 -2 12 -8.67239 -2.1 11.8 -8.66715 -2.6 12.4 -8.599 -2.2 12.7 -8.63305
4 15 -2 12 -8.67239 -2.2 12.7 -8.63305 -1.6 12.6 -8.69858 -1.6 11.9 -8.71694
4 15 -1.6 11.9 -8.71694 -1.6 12.6 -8.69858 -1.3 12.3 -8.7379 -1.3 11.9 -8.74839
4 15 -3.2 11.9 -8.54922 -3.58568 11.36005 -8.52296 -3.6 12.94 -8.48 -2.9 12.6 -8.5623
3 15 -2.9 12.6 -8.5623 -3.6 12.94 -8.48 -2.79413 12.91761 -8.56506
4 15 -3.57175 9.82332 -8.56474 -3.57908 10.63156 -8.54277 -3.1 10.7 -8.59119 -3.30006 9.87272 -8.59193
3 15 -3.30006 9.87272 -8.59193 -3.1 10.7 -8.59119 -2.54756 10.54934 -8.65306
3 322 -3.57 9.63 -8.57 -3.57175 9.82332 -8.56474 -3.30006 9.87272 -8.59193
4 322 -2.6 12.4 -8.599 -2.9 12.6 -8.5623 -2.79413 12.91761 -8.56506 -2.2 12.7 -8.63305
4 322 -.82792 12.863 -8.77261 -1.6 12.6 -8.69858 -2.2 12.7 -8.63305 -2.79413 12.91761 -8.56506
4 322 -1.3 12.3 -8.7379 -1.6 12.6 -8.69858 -.82792 12.863 -8.77261 -.8 12.5 -8.78506
4 322 -1.3 11.9 -8.74839 -1.3 12.3 -8.7379 -.8 12.5 -8.78506 -.94585 11.98953 -8.78317
4 322 -1.9 11.5 -8.69599 -1.3 11.9 -8.74839 -.94585 11.98953 -8.78317 -1.66472 11.34315 -8.72477
4 322 -1.6 11.9 -8.71694 -1.3 11.9 -8.74839 -1.9 11.5 -8.69599 -2.1 11.8 -8.66715
3 322 -2.1 11.8 -8.66715 -2 12 -8.67239 -1.6 11.9 -8.71694
4 322 -2.9 12.6 -8.5623 -2.6 12.4 -8.599 -2.9 11.9 -8.58067 -3.2 11.9 -8.54922
4 322 -3.2 11.9 -8.54922 -2.9 11.9 -8.58067 -2.7 11.3 -8.61738 -3.1 10.7 -8.59119
4 322 -3.58568 11.36005 -8.52296 -3.2 11.9 -8.54922 -3.1 10.7 -8.59119 -3.58494 11.27782 -8.5252
3 322 -3.1 10.7 -8.59119 -3.57908 10.63156 -8.54277 -3.58494 11.27782 -8.5252
4 322 -3.1 10.7 -8.59119 -2.7 11.3 -8.61738 -2.3 10.9 -8.6698 -2.54756 10.54934 -8.65306
3 322 -2.54756 10.54934 -8.65306 -2.3 10.9 -8.6698 -2.21457 10.84874 -8.6801
4 15 0 12.84 -8.86 0 11.66667 -8.86351 -.4 11.2 -8.83134 -1 11.8 -8.77919
3 15 -1 11.8 -8.77919 -.94585 11.98953 -8.78317 0 12.84 -8.86
4 15 -1 11.8 -8.77919 -.4 11.2 -8.83134 -1 10.8 -8.78218 -1.3 11.4 -8.75521
4 15 -1.3 11.4 -8.75521 -1 10.8 -8.78218 -1.4 10.6 -8.74921 -1.8 10.6 -8.71564
4 15 -1.66472 11.34315 -8.72477 -1.3 11.4 -8.75521 -1.8 10.6 -8.71564 -2.21457 10.84874 -8.6801
4 15 -2.54756 10.54934 -8.65306 -2 10.4 -8.69946 -2.6 10 -8.6503 -3.30006 9.87272 -8.59193
4 15 -2.1 9.8 -8.69286 -2.6 10 -8.6503 -2 10.4 -8.69946 -1.4 10 -8.75101
4 15 -1.86802 9.56802 -8.71302 -2.1 9.8 -8.69286 -1.4 10 -8.75101 -1.17133 9.54265 -8.77157
4 15 -.6 9.8 -8.81875 -1 10.2 -8.78398 -.6 10.6 -8.81635 -.2 10.2 -8.85112
3 15 -.6 9.8 -8.81875 -.2 10.2 -8.85112 -.3 9.9 -8.84363
3 15 -.2 10.2 -8.85112 -.6 10.6 -8.81635 -.3 10.5 -8.84183
3 15 -.6 9.8 -8.81875 -.9 9.9 -8.79327 -1 10.2 -8.78398
3 15 -1 10.2 -8.78398 -.9 10.5 -8.79147 -.6 10.6 -8.81635
4 322 -2.1 9.8 -8.69286 -1.86802 9.56802 -8.71302 -3.57 9.63 -8.57 -2.6 10 -8.6503
3 322 -3.57 9.63 -8.57 -3.30006 9.87272 -8.59193 -2.6 10 -8.6503
4 322 -1.3 11.4 -8.75521 -1.66472 11.34315 -8.72477 -.94585 11.98953 -8.78317 -1 11.8 -8.77919
4 322 -2.54756 10.54934 -8.65306 -2.21457 10.84874 -8.6801 -1.8 10.6 -8.71564 -2 10.4 -8.69946
4 322 -1.4 10 -8.75101 -2 10.4 -8.69946 -1.8 10.6 -8.71564 -1.4 10.6 -8.74921
4 322 -1 10.2 -8.78398 -1.4 10 -8.75101 -1.4 10.6 -8.74921 -.9 10.5 -8.79147
4 322 -.9 10.5 -8.79147 -1.4 10.6 -8.74921 -1 10.8 -8.78218 -.6 10.6 -8.81635
4 322 -.6 10.6 -8.81635 -1 10.8 -8.78218 -.4 11.2 -8.83134 -.3 10.5 -8.84183
4 322 -.2 10.2 -8.85112 -.3 10.5 -8.84183 -.4 11.2 -8.83134 0 11.66667 -8.86351
3 322 0 9.5 -8.87 -.2 10.2 -8.85112 0 11.66667 -8.86351
3 322 0 9.5 -8.87 -.3 9.9 -8.84363 -.2 10.2 -8.85112
4 322 -.6 9.8 -8.81875 -.3 9.9 -8.84363 0 9.5 -8.87 -1.17133 9.54265 -8.77157
3 322 -1.17133 9.54265 -8.77157 -.9 9.9 -8.79327 -.6 9.8 -8.81875
4 322 -1 10.2 -8.78398 -.9 9.9 -8.79327 -1.17133 9.54265 -8.77157 -1.4 10 -8.75101
4 15 -4.2 10.8 -8.34876 -4.6 11.2 -8.21667 -3.6 12.94 -8.48 -3.7 11.2 -8.49191
3 15 -3.7 11.2 -8.49191 -3.6 12.94 -8.48 -3.58568 11.36005 -8.52296
3 15 -4.6 11.2 -8.21667 -4.86621 11.66587 -8.12388 -3.6 12.94 -8.48
3 15 -6.8 9.72 -7.58 -5.95917 10.56609 -7.81648 -5.1 10.5 -8.08085
4 15 -6.8 9.72 -7.58 -5.1 10.5 -8.08085 -3.7 9.8 -8.52609 -4.43016 9.65397 -8.30636
4 15 -3.7 9.8 -8.52609 -5.1 10.5 -8.08085 -3.8 10.6 -8.47598 -3.57175 9.82332 -8.56474
3 15 -3.57175 9.82332 -8.56474 -3.8 10.6 -8.47598 -3.57908 10.63156 -8.54277
4 322 -3.7 9.8 -8.52609 -3.57175 9.82332 -8.56474 -3.57 9.63 -8.57 -4.43016 9.65397 -8.30636
4 322 -3.8 10.6 -8.47598 -3.7 11.2 -8.49191 -3.58494 11.27782 -8.5252 -3.57908 10.63156 -8.54277
3 322 -3.7 11.2 -8.49191 -3.58568 11.36005 -8.52296 -3.58494 11.27782 -8.5252
3 322 -3.8 10.6 -8.47598 -4.2 10.8 -8.34876 -3.7 11.2 -8.49191
3 322 -5.1 10.5 -8.08085 -4.2 10.8 -8.34876 -3.8 10.6 -8.47598
3 322 -4.6 11.2 -8.21667 -4.2 10.8 -8.34876 -5.1 10.5 -8.08085
4 322 -4.6 11.2 -8.21667 -5.1 10.5 -8.08085 -5.95917 10.56609 -7.81648 -4.86621 11.66587 -8.12388
4 15 -4.27329 12.97101 -8.26295 -4.2 12.8 -8.29313 -5.4 12.7 -7.91235 -5.4 13.02289 -7.89974
4 15 -5 11.9 -8.07184 -5.4 12.7 -7.91235 -4.2 12.8 -8.29313 -4 12.6 -8.36506
3 15 -4.86621 11.66587 -8.12388 -4 12.6 -8.36506 -3.6 12.94 -8.48
3 15 -4.86621 11.66587 -8.12388 -5 11.9 -8.07184 -4 12.6 -8.36506
3 15 -4 12.6 -8.36506 -3.89892 12.95377 -8.38364 -3.6 12.94 -8.48
3 15 -6.8 9.72 -7.58 -6.7525 10.7175 -7.55625 -6.4 10.6 -7.67384
3 15 -6.8 9.72 -7.58 -6.4 10.6 -7.67384 -5.95917 10.56609 -7.81648
4 15 -5.8 11.2 -7.84274 -6.2 11.6 -7.69888 -5.8 12 -7.81148 -5.4 11.6 -7.95534
3 15 -5.8 11.2 -7.84274 -5.4 11.6 -7.95534 -5.5 11.3 -7.935
3 15 -5.4 11.6 -7.95534 -5.8 12 -7.81148 -5.5 11.9 -7.91156
3 15 -5.8 11.2 -7.84274 -6.1 11.3 -7.74266 -6.2 11.6 -7.69888
3 15 -6.2 11.6 -7.69888 -6.1 11.9 -7.71922 -5.8 12 -7.81148
4 15 -6.72677 11.25774 -7.54339 -6.69469 11.93156 -7.52734 -6.5 11.6 -7.60271 -6.6 11.3 -7.58238
3 15 -6.69469 11.93156 -7.52734 -6.6 11.9 -7.55893 -6.5 11.6 -7.60271
4 15 -6.68 12.24 -7.52 -6.64625 12.94875 -7.50312 -6.4 12.6 -7.59569 -6.5 12.3 -7.57536
3 15 -6.64625 12.94875 -7.50312 -6.5 12.9 -7.55191 -6.4 12.6 -7.59569
4 322 -6.72677 11.25774 -7.54339 -6.6 11.3 -7.58238 -6.4 10.6 -7.67384 -6.7525 10.7175 -7.55625
4 322 -6.1 11.3 -7.74266 -6.4 10.6 -7.67384 -6.6 11.3 -7.58238 -6.5 11.6 -7.60271
4 322 -6.2 11.6 -7.69888 -6.1 11.3 -7.74266 -6.5 11.6 -7.60271 -6.6 11.9 -7.55893
4 322 -6.1 11.9 -7.71922 -6.2 11.6 -7.69888 -6.6 11.9 -7.55893 -6.5 12.3 -7.57536
4 322 -6.68 12.24 -7.52 -6.5 12.3 -7.57536 -6.6 11.9 -7.55893 -6.69469 11.93156 -7.52734
4 322 -5.8 12 -7.81148 -6.1 11.9 -7.71922 -6.5 12.3 -7.57536 -6.4 12.6 -7.59569
4 322 -5.4 12.7 -7.91235 -5.8 12 -7.81148 -6.4 12.6 -7.59569 -6.5 12.9 -7.55191
4 322 -6.64 13.08 -7.5 -5.4 12.7 -7.91235 -6.5 12.9 -7.55191 -6.64625 12.94875 -7.50312
3 322 -5.4 12.7 -7.91235 -6.64 13.08 -7.5 -5.4 13.02289 -7.89974
4 322 -4.27329 12.97101 -8.26295 -3.89892 12.95377 -8.38364 -4 12.6 -8.36506 -4.2 12.8 -8.29313
3 322 -5.95917 10.56609 -7.81648 -5.5 11.3 -7.935 -4.86621 11.66587 -8.12388
4 322 -5.4 11.6 -7.95534 -5 11.9 -8.07184 -4.86621 11.66587 -8.12388 -5.5 11.3 -7.935
4 322 -5 11.9 -8.07184 -5.4 11.6 -7.95534 -5.5 11.9 -7.91156 -5.4 12.7 -7.91235
3 322 -5.5 11.9 -7.91156 -5.8 12 -7.81148 -5.4 12.7 -7.91235
4 322 -6.4 10.6 -7.67384 -5.8 11.2 -7.84274 -5.5 11.3 -7.935 -5.95917 10.56609 -7.81648
3 322 -6.4 10.6 -7.67384 -6.1 11.3 -7.74266 -5.8 11.2 -7.84274
4 15 -8.04787 10.5039 -6.47405 -7.64361 11.24361 -6.76865 -7.3 10.9 -7.08137 -7.4 10 -7.05445
4 15 -6.8 9.72 -7.58 -7.4 10 -7.05445 -7.3 10.9 -7.08137 -6.7525 10.7175 -7.55625
4 15 -6.9 11.2 -7.40054 -7.3 11.6 -7.0365 -6.9 12 -7.34926 -6.72677 11.25774 -7.54339
3 15 -6.72677 11.25774 -7.54339 -6.9 12 -7.34926 -6.69469 11.93156 -7.52734
3 15 -6.9 11.2 -7.40054 -7.2 11.3 -7.14033 -7.3 11.6 -7.0365
3 15 -7.3 11.6 -7.0365 -7.2 11.9 -7.10187 -6.9 12 -7.34926
3 15 -6.8 12.2 -7.42104 -7.07403 12.28581 -7.18371 -6.68 12.24 -7.52
4 15 -6.70164 12.96721 -7.45508 -6.64625 12.94875 -7.50312 -6.68 12.24 -7.52 -7.07403 12.28581 -7.18371
3 15 -8.39526 9.86825 -6.2209 -8.21074 10.20587 -6.35536 -8.3 9.9 -6.29946
4 322 -6.8 9.72 -7.58 -8.52 9.64 -6.13 -8.3 9.9 -6.29946 -7.4 10 -7.05445
4 322 -7.4 10 -7.05445 -8.3 9.9 -6.29946 -8.21074 10.20587 -6.35536 -8.04787 10.5039 -6.47405
3 322 -8.52 9.64 -6.13 -8.39526 9.86825 -6.2209 -8.3 9.9 -6.29946
4 322 -7.2 11.9 -7.10187 -7.3 11.6 -7.0365 -7.64361 11.24361 -6.76865 -7.07403 12.28581 -7.18371
4 322 -7.3 10.9 -7.08137 -7.64361 11.24361 -6.76865 -7.3 11.6 -7.0365 -7.2 11.3 -7.14033
4 322 -7.3 10.9 -7.08137 -7.2 11.3 -7.14033 -6.9 11.2 -7.40054 -6.7525 10.7175 -7.55625
3 322 -6.7525 10.7175 -7.55625 -6.9 11.2 -7.40054 -6.72677 11.25774 -7.54339
4 322 -6.68 12.24 -7.52 -6.69469 11.93156 -7.52734 -6.9 12 -7.34926 -6.8 12.2 -7.42104
4 322 -6.8 12.2 -7.42104 -6.9 12 -7.34926 -7.2 11.9 -7.10187 -7.07403 12.28581 -7.18371
3 322 -6.64625 12.94875 -7.50312 -6.70164 12.96721 -7.45508 -6.64 13.08 -7.5
3 15 -8.66569 12.52141 -5.93575 -8.4 12.3 -6.14916 -8 11.6 -6.48072
4 15 -8.60099 11.24178 -6.02201 -8.66569 12.52141 -5.93575 -8 11.6 -6.48072 -8.3 10.7 -6.27192
4 15 -8.04787 10.5039 -6.47405 -8.3 10.7 -6.27192 -8 11.6 -6.48072 -7.64361 11.24361 -6.76865
4 15 -7.1 12.9 -7.14627 -6.8 13 -7.37745 -7.07403 12.28581 -7.18371 -7.2 12.6 -7.07667
3 15 -7.07403 12.28581 -7.18371 -6.8 13 -7.37745 -6.70164 12.96721 -7.45508
4 15 -8.52928 9.82357 -6.11762 -8.56862 10.60159 -6.06517 -8.21074 10.20587 -6.35536 -8.39526 9.86825 -6.2209
3 15 -8.21074 10.20587 -6.35536 -8.56862 10.60159 -6.06517 -8.3 10.5 -6.27752
4 322 -8.04787 10.5039 -6.47405 -8.21074 10.20587 -6.35536 -8.3 10.5 -6.27752 -8.3 10.7 -6.27192
4 322 -8.3 10.7 -6.27192 -8.3 10.5 -6.27752 -8.56862 10.60159 -6.06517 -8.60099 11.24178 -6.02201
3 322 -8.52 9.64 -6.13 -8.52928 9.82357 -6.11762 -8.39526 9.86825 -6.2209
4 322 -8.4 12.3 -6.14916 -8.66569 12.52141 -5.93575 -8.7 13.2 -5.89 -7.1 12.9 -7.14627
4 322 -8.4 12.3 -6.14916 -7.1 12.9 -7.14627 -7.2 12.6 -7.07667 -8 11.6 -6.48072
4 322 -7.2 12.6 -7.07667 -7.07403 12.28581 -7.18371 -7.64361 11.24361 -6.76865 -8 11.6 -6.48072
3 322 -6.70164 12.96721 -7.45508 -6.8 13 -7.37745 -6.64 13.08 -7.5
4 322 -8.7 13.2 -5.89 -6.64 13.08 -7.5 -6.8 13 -7.37745 -7.1 12.9 -7.14627
4 15 0 8.1 -9.07075 0 6.85 -9.25 -3.87 6.9 -8.96 -3.71996 8.26533 -8.76495
3 322 -1.48846 8.5 -8.90462 -1.15666 8.72291 -8.8969 0 8.1 -9.07075
3 322 0 8.1 -9.07075 -3.71996 8.26533 -8.76495 -1.48846 8.5 -8.90462
4 15 -3.5989 9.36703 -8.60757 -3.67671 8.6589 -8.70873 -3.9 9 -8.58801 -3.8 9.3 -8.56366
3 15 -3.67671 8.6589 -8.70873 -3.8 8.7 -8.66758 -3.9 9 -8.58801
4 15 -6.27616 6.92848 -8.29083 -6.9213 6.93611 -8.11141 -6.6 7.1 -8.17173 -6.3 7 -8.27186
3 15 -6.9213 6.93611 -8.11141 -6.9 7 -8.10623 -6.6 7.1 -8.17173
4 15 -4.5 8.3 -8.54361 -3.71996 8.26533 -8.76495 -3.87 6.9 -8.96 -6.79359 7.27362 -8.08821
3 15 -6.79359 7.27362 -8.08821 -5.27211 8.38579 -8.31561 -4.5 8.3 -8.54361
3 322 -3.8 9.3 -8.56366 -3.57 9.63 -8.57 -3.5989 9.36703 -8.60757
4 322 -3.57 9.63 -8.57 -3.8 9.3 -8.56366 -4.5 8.3 -8.54361 -5.27211 8.38579 -8.31561
3 322 -4.5 8.3 -8.54361 -3.8 9.3 -8.56366 -3.9 9 -8.58801
3 322 -4.5 8.3 -8.54361 -3.9 9 -8.58801 -3.8 8.7 -8.66758
4 322 -3.68943 8.54317 -8.72526 -4.5 8.3 -8.54361 -3.8 8.7 -8.66758 -3.67671 8.6589 -8.70873
3 322 -3.71996 8.26533 -8.76495 -4.5 8.3 -8.54361 -3.68943 8.54317 -8.72526
3 322 -7.25 6.94 -8.02 -6.9 7 -8.10623 -6.9213 6.93611 -8.11141
4 322 -6.79359 7.27362 -8.08821 -6.6 7.1 -8.17173 -6.9 7 -8.10623 -7.25 6.94 -8.02
4 322 -6.3 7 -8.27186 -6.6 7.1 -8.17173 -6.79359 7.27362 -8.08821 -3.87 6.9 -8.96
3 322 -3.87 6.9 -8.96 -6.27616 6.92848 -8.29083 -6.3 7 -8.27186
3 15 -5.2 9.5 -8.10671 -6.8 9.72 -7.58 -4.43016 9.65397 -8.30636
3 15 -6.79359 7.27362 -8.08821 -6.3 8.5 -7.98285 -5.27211 8.38579 -8.31561
4 15 -6.99748 8.5 -7.77309 -6.3 8.5 -7.98285 -6.79359 7.27362 -8.08821 -7.19033 7.30865 -7.96165
4 322 -5.2 9.5 -8.10671 -4.43016 9.65397 -8.30636 -3.57 9.63 -8.57 -6.3 8.5 -7.98285
3 322 -5.27211 8.38579 -8.31561 -6.3 8.5 -7.98285 -3.57 9.63 -8.57
4 322 -6.8 9.72 -7.58 -5.2 9.5 -8.10671 -6.3 8.5 -7.98285 -6.99748 8.5 -7.77309
3 322 -7.25 6.94 -8.02 -7.19033 7.30865 -7.96165 -6.79359 7.27362 -8.08821
3 15 -7.1 9.2 -7.4753 -7.2 8.9 -7.47821 -7.5 8.8 -7.24897
4 15 -8.10197 6.7072 -7.35131 -8.84645 6.50376 -6.76698 -8.5 7.1 -6.88916 -8.2 7 -7.17895
4 322 -7.2 8.9 -7.47821 -7.1 9.2 -7.4753 -6.8 9.72 -7.58 -6.99748 8.5 -7.77309
3 322 -7.1 9.2 -7.4753 -7.2 9.5 -7.30159 -6.8 9.72 -7.58
3 322 -6.99748 8.5 -7.77309 -7.5 8.8 -7.24897 -7.2 8.9 -7.47821
4 322 -8.5 7.1 -6.88916 -8.8403 7.38365 -6.51436 -7.19033 7.30865 -7.96165 -7.25 6.94 -8.02
3 322 -8.84645 6.50376 -6.76698 -8.97 6.47 -6.67 -8.93661 6.7052 -6.62993
3 322 -8.10197 6.7072 -7.35131 -8.2 7 -7.17895 -7.25 6.94 -8.02
3 322 -7.25 6.94 -8.02 -8.2 7 -7.17895 -8.5 7.1 -6.88916
4 15 -.7 5.8 -9.332 0 6.17692 -9.33917 0 4.51 -9.56 -1.9 4.9 -9.35334
3 15 -2.45834 4.39749 -9.37436 -1.9 4.9 -9.35334 0 4.51 -9.56
3 15 -5.93479 5.40436 -8.78132 -5.6 5.2 -8.87312 -5.9 5.3 -8.80254
4 15 -5.28298 5.8765 -8.83772 -5.2 5.6 -8.89224 -5.6 5.2 -8.87312 -5.93479 5.40436 -8.78132
3 15 -5.6 5.2 -8.87312 -5.2 5.6 -8.89224 -5.3 5.3 -8.91558
4 322 -5.2 5.6 -8.89224 -5.28298 5.8765 -8.83772 -3.87 6.9 -8.96 -4.37 4.31 -9.23
4 322 -4.37 4.31 -9.23 -6.99 4.64 -8.69 -5.6 5.2 -8.87312 -5.3 5.3 -8.91558
3 322 -4.37 4.31 -9.23 -5.3 5.3 -8.91558 -5.2 5.6 -8.89224
3 322 -6.99 4.64 -8.69 -5.9 5.3 -8.80254 -5.6 5.2 -8.87312
3 322 -6.99 4.64 -8.69 -5.93479 5.40436 -8.78132 -5.9 5.3 -8.80254
4 15 -6.27616 6.92848 -8.29083 -6.2 6.7 -8.37123 -6.6 6.3 -8.3653 -6.9213 6.93611 -8.11141
3 15 -6.6 6.3 -8.3653 -6.2 6.7 -8.37123 -6.3 6.4 -8.42179
4 15 -6.9213 6.93611 -8.11141 -6.6 6.3 -8.3653 -6.9 6.4 -8.25678 -7 6.7 -8.15121
4 15 -5.28298 5.8765 -8.83772 -5.93479 5.40436 -8.78132 -6 5.6 -8.71247 -5.6 6 -8.7184
3 15 -6 5.6 -8.71247 -5.9 5.9 -8.66191 -5.6 6 -8.7184
3 322 -6.2 6.7 -8.37123 -6.27616 6.92848 -8.29083 -3.87 6.9 -8.96
4 322 -6.3 6.4 -8.42179 -6.2 6.7 -8.37123 -3.87 6.9 -8.96 -5.6 6 -8.7184
3 322 -5.28298 5.8765 -8.83772 -5.6 6 -8.7184 -3.87 6.9 -8.96
3 322 -6.99 4.64 -8.69 -6 5.6 -8.71247 -5.93479 5.40436 -8.78132
4 322 -5.9 5.9 -8.66191 -6 5.6 -8.71247 -6.99 4.64 -8.69 -6.6 6.3 -8.3653
4 322 -5.9 5.9 -8.66191 -6.6 6.3 -8.3653 -6.3 6.4 -8.42179 -5.6 6 -8.7184
3 322 -6.99 4.64 -8.69 -6.9 6.4 -8.25678 -6.6 6.3 -8.3653
4 322 -7 6.7 -8.15121 -6.9 6.4 -8.25678 -6.99 4.64 -8.69 -7.25 6.94 -8.02
3 322 -7 6.7 -8.15121 -7.25 6.94 -8.02 -6.9213 6.93611 -8.11141
4 15 -8.24513 5.8354 -7.35824 -8.2 5.7 -7.42387 -8.6 5.3 -7.14942 -8.69804 5.33268 -7.05706
3 15 -8.6 5.3 -7.14942 -8.2 5.7 -7.42387 -8.3 5.4 -7.39367
4 15 -7.6 5.3 -8.02758 -8 5.7 -7.5995 -7.6 6.1 -7.87395 -7.2 5.7 -8.30203
3 15 -7.6 5.3 -8.02758 -7.2 5.7 -8.30203 -7.3 5.4 -8.27182
3 15 -7.2 5.7 -8.30203 -7.6 6.1 -7.87395 -7.3 6 -8.1566
3 15 -7.6 5.3 -8.02758 -7.9 5.4 -7.74493 -8 5.7 -7.5995
3 15 -8 5.7 -7.5995 -7.9 6 -7.62971 -7.6 6.1 -7.87395
4 15 -8.00086 4.67578 -7.79544 -7.6 5.1 -8.06599 -7.3 5 -8.34864 -7.21732 4.64805 -8.48883
3 15 -8.00086 4.67578 -7.79544 -7.9 5 -7.82174 -7.6 5.1 -8.06599
4 322 -7.9 5 -7.82174 -8.00086 4.67578 -7.79544 -9.25 4.72 -6.69 -8.6 5.3 -7.14942
3 322 -9.25 4.72 -6.69 -8.69804 5.33268 -7.05706 -8.6 5.3 -7.14942
3 322 -6.99 4.64 -8.69 -7.2 5.7 -8.30203 -7.25 6.94 -8.02
4 322 -7.3 5.4 -8.27182 -7.2 5.7 -8.30203 -6.99 4.64 -8.69 -7.3 5 -8.34864
3 322 -6.99 4.64 -8.69 -7.21732 4.64805 -8.48883 -7.3 5 -8.34864
3 322 -7.9 6 -7.62971 -8.24513 5.8354 -7.35824 -7.25 6.94 -8.02
3 322 -7.25 6.94 -8.02 -7.6 6.1 -7.87395 -7.9 6 -7.62971
3 322 -7.3 6 -8.1566 -7.6 6.1 -7.87395 -7.25 6.94 -8.02
3 322 -7.2 5.7 -8.30203 -7.3 6 -8.1566 -7.25 6.94 -8.02
4 322 -8.2 5.7 -7.42387 -8.24513 5.8354 -7.35824 -7.9 6 -7.62971 -8 5.7 -7.5995
4 322 -8.2 5.7 -7.42387 -8 5.7 -7.5995 -7.9 5.4 -7.74493 -8.3 5.4 -7.39367
4 322 -8.3 5.4 -7.39367 -7.9 5.4 -7.74493 -7.9 5 -7.82174 -8.6 5.3 -7.14942
4 322 -7.9 5 -7.82174 -7.9 5.4 -7.74493 -7.6 5.3 -8.02758 -7.6 5.1 -8.06599
4 322 -7.6 5.1 -8.06599 -7.6 5.3 -8.02758 -7.3 5.4 -8.27182 -7.3 5 -8.34864
3 15 -8.84645 6.50376 -6.76698 -8.5 6.3 -7.08165 -8.8 6.4 -6.82011
4 15 -8.5 6.3 -7.08165 -8.84645 6.50376 -6.76698 -8.10197 6.7072 -7.35131 -8.2 6.4 -7.31454
4 15 -8.9 6 -6.79502 -8.6 6.1 -7.0279 -8.69804 5.33268 -7.05706 -9 5.7 -6.7556
4 15 -8.24513 5.8354 -7.35824 -8.69804 5.33268 -7.05706 -8.6 6.1 -7.0279 -8.3 6 -7.28944
3 15 -8.69804 5.33268 -7.05706 -8.9 5.4 -6.88099 -9 5.7 -6.7556
3 322 -9.25 4.72 -6.69 -8.9 5.4 -6.88099 -8.69804 5.33268 -7.05706
3 322 -9.25 4.72 -6.69 -9 5.7 -6.7556 -8.9 5.4 -6.88099
3 322 -9.25 4.72 -6.69 -8.97 6.47 -6.67 -9 5.7 -6.7556
4 322 -8.9 6 -6.79502 -9 5.7 -6.7556 -8.97 6.47 -6.67 -8.8 6.4 -6.82011
3 322 -8.8 6.4 -6.82011 -8.97 6.47 -6.67 -8.84645 6.50376 -6.76698
4 322 -8.6 6.1 -7.0279 -8.9 6 -6.79502 -8.8 6.4 -6.82011 -8.5 6.3 -7.08165
4 322 -8.3 6 -7.28944 -8.6 6.1 -7.0279 -8.5 6.3 -7.08165 -8.2 6.4 -7.31454
4 322 -7.25 6.94 -8.02 -8.3 6 -7.28944 -8.2 6.4 -7.31454 -8.10197 6.7072 -7.35131
3 322 -8.24513 5.8354 -7.35824 -8.3 6 -7.28944 -7.25 6.94 -8.02
4 15 -2.9 4 -9.25323 -2.45834 4.39749 -9.37436 0 4.51 -9.56 0 3.5 -9.32502
4 15 -3.12743 3.67023 -9.16176 -2.9 4 -9.25323 0 3.5 -9.32502 -.91695 2.53211 -9.04036
3 322 -2.9 4 -9.25323 -4.37 4.31 -9.23 -2.45834 4.39749 -9.37436
3 322 -3.12743 3.67023 -9.16176 -4.37 4.31 -9.23 -2.9 4 -9.25323
3 16 0 2.06 -8.99 -.91695 2.53211 -9.04036 0 3.5 -9.32502
4 15 -3.12743 3.67023 -9.16176 -.91695 2.53211 -9.04036 -1.2739 2.15533 -8.94667 -4.02996 2.36156 -8.85293
4 322 -4.37 4.31 -9.23 -3.12743 3.67023 -9.16176 -4.02996 2.36156 -8.85293 -4.41 2.39 -8.84
3 16 0 2.06 -8.99 -1.2739 2.15533 -8.94667 -.91695 2.53211 -9.04036
3 322 -9 2.1 -6.71 -6.99 4.64 -8.69 -7.24 2.4 -8.04
4 15 -7.9 4.4 -7.86371 -8.00086 4.67578 -7.79544 -7.21732 4.64805 -8.48883 -7.6 4.3 -8.12231
3 15 -7.21732 4.64805 -8.48883 -7.3 4.4 -8.39632 -7.6 4.3 -8.12231
3 322 -9 2.1 -6.71 -7.3 4.4 -8.39632 -6.99 4.64 -8.69
3 322 -9 2.1 -6.71 -7.6 4.3 -8.12231 -7.3 4.4 -8.39632
4 322 -7.9 4.4 -7.86371 -7.6 4.3 -8.12231 -9 2.1 -6.71 -9.25 4.72 -6.69
3 322 -7.9 4.4 -7.86371 -9.25 4.72 -6.69 -8.00086 4.67578 -7.79544
3 322 -7.3 4.4 -8.39632 -7.21732 4.64805 -8.48883 -6.99 4.64 -8.69
3 15 -2.37531 .78934 -8.08968 -4.02996 2.36156 -8.85293 -1.2739 2.15533 -8.94667
4 15 -4.02996 2.36156 -8.85293 -2.37531 .78934 -8.08968 -3.72 .07 -7.58 -4.28958 1.98511 -8.6201
3 322 -4.28958 1.98511 -8.6201 -4.41 2.39 -8.84 -4.02996 2.36156 -8.85293
3 16 0 2.06 -8.99 -2.37531 .78934 -8.08968 -1.2739 2.15533 -8.94667
3 15 -2.90295 .04584 -7.61734 -3.72 .07 -7.58 -2.37531 .78934 -8.08968
3 16 0 -.04 -7.75 -2.28368 .02753 -7.64564 0 2.06 -8.99
4 16 0 2.06 -8.99 -2.28368 .02753 -7.64564 -2.90295 .04584 -7.61734 -2.37531 .78934 -8.08968
3 322 -6.74 0 -7 -7.24 2.4 -8.04 -4.41 2.39 -8.84
3 15 -4.28958 1.98511 -8.6201 -3.72 .07 -7.58 -5.3577 .03204 -7.26548
4 322 -4.28958 1.98511 -8.6201 -5.3577 .03204 -7.26548 -6.74 0 -7 -4.41 2.39 -8.84
3 322 -6.74 0 -7 -9 2.1 -6.71 -7.24 2.4 -8.04
4 322 -9 2.1 -6.71 -8.43404 .0484 -6.29213 -8.56047 .05201 -6.2393 -9.16531 1.48163 -6.44061
3 322 -6.74 0 -7 -8.43404 .0484 -6.29213 -9 2.1 -6.71
3 16 -8.56047 .05201 -6.2393 -9.54 .08 -5.83 -9.16531 1.48163 -6.44061
3 15 -3.74261 -1.13731 -6.71634 -3.72 .07 -7.58 -2.90295 .04584 -7.61734
4 16 -3.77 -2.6 -5.67 -3.74261 -1.13731 -6.71634 0 -.04 -7.75 0 -2.95 -5.7
3 16 0 -.04 -7.75 -3.74261 -1.13731 -6.71634 -2.28368 .02753 -7.64564
3 16 -3.74261 -1.13731 -6.71634 -2.90295 .04584 -7.61734 -2.28368 .02753 -7.64564
4 15 -3.72 .07 -7.58 -4.27647 -2.15662 -5.8968 -5.74481 -.87121 -6.55434 -5.3577 .03204 -7.26548
3 15 -4.27647 -2.15662 -5.8968 -3.72 .07 -7.58 -3.74261 -1.13731 -6.71634
3 322 -5.74481 -.87121 -6.55434 -6.74 0 -7 -5.3577 .03204 -7.26548
3 16 -3.77 -2.6 -5.67 -4.27647 -2.15662 -5.8968 -3.74261 -1.13731 -6.71634
3 15 -6.1 -1.7 -5.95949 -5.74481 -.87121 -6.55434 -4.27647 -2.15662 -5.8968
4 15 -4.27647 -2.15662 -5.8968 -4.4679 -2.61126 -5.57094 -6.19391 -2.63909 -5.32596 -6.1 -1.7 -5.95949
4 322 -6.1 -1.7 -5.95949 -6.19391 -2.63909 -5.32596 -6.87 -2.65 -5.23 -6.74 0 -7
3 322 -6.1 -1.7 -5.95949 -6.74 0 -7 -5.74481 -.87121 -6.55434
3 16 -4.4679 -2.61126 -5.57094 -4.27647 -2.15662 -5.8968 -3.77 -2.6 -5.67
4 322 -6.74 0 -7 -6.87 -2.65 -5.23 -7.83788 -1.66037 -5.4475 -8.43404 .0484 -6.29213
3 322 -7.83788 -1.66037 -5.4475 -8.56047 .05201 -6.2393 -8.43404 .0484 -6.29213
3 16 -9.54 .08 -5.83 -8.56047 .05201 -6.2393 -7.83788 -1.66037 -5.4475
4 15 -4.4679 -2.61126 -5.57094 -4.8 -3.4 -4.8548 -6.33127 -4.16911 -3.99722 -6.19391 -2.63909 -5.32596
4 322 -6.87 -2.65 -5.23 -6.19391 -2.63909 -5.32596 -6.33127 -4.16911 -3.99722 -6.87 -3.96 -4.1
3 322 -6.87 -3.96 -4.1 -7.32726 -2.87358 -4.93245 -6.87 -2.65 -5.23
3 16 -9.59 -3.98 -3.46 -7.32726 -2.87358 -4.93245 -6.87 -3.96 -4.1
3 322 -7.32726 -2.87358 -4.93245 -7.83788 -1.66037 -5.4475 -6.87 -2.65 -5.23
4 16 -7.83788 -1.66037 -5.4475 -7.32726 -2.87358 -4.93245 -9.59 -3.98 -3.46 -9.54 .08 -5.83
3 16 -3.68 -6 -2.59 -3.83 -5.14 -3.52 0 -5.07 -4.13
4 15 -6.33127 -4.16911 -3.99722 -5.09397 -4.64938 -3.76115 -5.24207 -5.43653 -2.80455 -6.4 -5.2 -2.7772
3 15 -6.4 -5.6797 -2.21787 -6.4 -5.2 -2.7772 -5.24207 -5.43653 -2.80455
3 322 -6.4 -5.2 -2.7772 -6.87 -3.96 -4.1 -6.33127 -4.16911 -3.99722
3 16 -3.83 -5.14 -3.52 -5.24207 -5.43653 -2.80455 -5.09397 -4.64938 -3.76115
4 16 -6.4 -5.2 -2.7772 -6.4 -5.6797 -2.21787 -6.83 -5.77 -2 -6.87 -3.96 -4.1
4 15 -5.24207 -5.43653 -2.80455 -5.29774 -5.88188 -2.287 -6.4 -5.8014 -2.08054 -6.4 -5.6797 -2.21787
4 16 -5.29774 -5.88188 -2.287 -5.24207 -5.43653 -2.80455 -3.83 -5.14 -3.52 -3.68 -6 -2.59
3 16 -6.4 -5.8014 -2.08054 -6.83 -5.77 -2 -6.4 -5.6797 -2.21787
4 15 -5.29774 -5.88188 -2.287 -5.35458 -6.33665 -.94155 -6.4 -5.93515 -1.69152 -6.4 -5.8014 -2.08054
4 16 -5.35458 -6.33665 -.94155 -5.29774 -5.88188 -2.287 -3.68 -6 -2.59 -4.07 -6.83 -.02
3 16 -6.4 -5.93515 -1.69152 -6.83 -5.77 -2 -6.4 -5.8014 -2.08054
4 15 -6.4 -5.93515 -1.69152 -5.35458 -6.33665 -.94155 -5.38763 -6.60105 .02672 -6.4 -6.42514 .06262
3 16 -4.07 -6.83 -.02 -5.38763 -6.60105 .02672 -5.35458 -6.33665 -.94155
4 16 -6.83 -5.77 -2 -6.4 -5.93515 -1.69152 -6.4 -6.42514 .06262 -6.89 -6.34 .08
3 16 -6.89 -6.34 .08 -9.06 -5.7 .02 -6.83 -5.77 -2
3 16 -6.83 -5.77 -2 -9.06 -5.7 .02 -9.59 -5.08 -1.98
3 16 -6.83 -5.77 -2 -9.59 -3.98 -3.46 -6.87 -3.96 -4.1
3 16 -6.83 -5.77 -2 -9.59 -5.08 -1.98 -9.59 -3.98 -3.46
3 16 0 -5.07 -4.13 -3.77 -2.6 -5.67 0 -2.95 -5.7
3 16 -3.77 -2.6 -5.67 0 -5.07 -4.13 -3.83 -5.14 -3.52
4 16 -4.4679 -2.61126 -5.57094 -3.77 -2.6 -5.67 -3.83 -5.14 -3.52 -4.8 -3.4 -4.8548
3 322 -4.41 2.39 -8.84 -7.24 2.4 -8.04 -6.99 4.64 -8.69
3 322 -4.41 2.39 -8.84 -6.99 4.64 -8.69 -4.37 4.31 -9.23
3 16 11 3.7 -1.53 10.9 4.43 -3.25 11 4 0
3 16 11 2.83 -2.83 10.9 4.43 -3.25 11 3.7 -1.53
3 16 11 0 -4 10.03 1.94 -5.55 11 1.53 -3.7
3 322 8.7 13.2 -5.89 8.67 18 -6.05 9.37 18 -5.11
3 322 9.13 13.09 -5.22 8.7 13.2 -5.89 9.37 18 -5.11
4 322 9.13 13.09 -5.22 9.37 18 -5.11 10.29 18 -2.48 10.07 12.95 -2.62
3 322 10.07 12.95 -2.62 10.29 18 -2.48 10.45 18 .92
3 322 10.3 12.89 1.05 10.07 12.95 -2.62 10.45 18 .92
3 322 9.21 9.34 -5.15 8.52 9.64 -6.13 8.7 13.2 -5.89
3 322 9.21 9.34 -5.15 8.7 13.2 -5.89 9.13 13.09 -5.22
3 322 9.21 9.34 -5.15 9.13 13.09 -5.22 10.09 9.62 -2.24
3 322 10.09 9.62 -2.24 9.13 13.09 -5.22 10.07 12.95 -2.62
3 322 10.09 9.62 -2.24 10.07 12.95 -2.62 10.3 12.89 1.05
3 322 10.23 9.47 .83 10.09 9.62 -2.24 10.3 12.89 1.05
4 15 8.65826 8.66602 -6.29591 8.86712 8.68209 -5.90637 9.22633 7.69079 -5.67496 8.80419 7.63802 -6.47103
3 322 8.65826 8.66602 -6.29591 8.52 9.64 -6.13 8.86712 8.68209 -5.90637
4 322 9.22633 7.69079 -5.67496 9.56 6.77 -5.46 8.97 6.47 -6.67 8.80419 7.63802 -6.47103
4 15 9.1 8.7 -5.53584 9.3 7.7 -5.55656 9.22633 7.69079 -5.67496 8.86712 8.68209 -5.90637
4 322 9.1 8.7 -5.53584 8.86712 8.68209 -5.90637 8.52 9.64 -6.13 9.21 9.34 -5.15
4 322 9.3 7.7 -5.55656 9.1 8.7 -5.53584 9.21 9.34 -5.15 9.56 6.77 -5.46
3 322 9.56 6.77 -5.46 9.22633 7.69079 -5.67496 9.3 7.7 -5.55656
3 322 10.44 6.68 -2.54 9.56 6.77 -5.46 9.21 9.34 -5.15
3 322 10.44 6.68 -2.54 9.21 9.34 -5.15 10.09 9.62 -2.24
3 322 10.44 6.68 -2.54 10.23 9.47 .83 10.69 6.76 .57
3 322 10.44 6.68 -2.54 10.09 9.62 -2.24 10.23 9.47 .83
3 322 9.91 4.65 -5.66 9.25 4.72 -6.69 8.97 6.47 -6.67
3 322 9.91 4.65 -5.66 8.97 6.47 -6.67 9.56 6.77 -5.46
4 322 10.49137 5.14358 -3.92394 10.40247 4.54056 -4.46116 9.91 4.65 -5.66 9.56 6.77 -5.46
3 16 10.9 4.43 -3.25 10.40247 4.54056 -4.46116 10.49137 5.14358 -3.92394
4 322 10.49137 5.14358 -3.92394 9.56 6.77 -5.46 10.44 6.68 -2.54 10.59001 5.94627 -2.77152
3 16 10.9 4.43 -3.25 10.49137 5.14358 -3.92394 10.59001 5.94627 -2.77152
3 16 11 4 0 10.9 4.43 -3.25 10.69 6.76 .57
3 322 10.59001 5.94627 -2.77152 10.44 6.68 -2.54 10.69 6.76 .57
3 16 10.9 4.43 -3.25 10.59001 5.94627 -2.77152 10.69 6.76 .57
3 322 9 2.1 -6.71 9.25 4.72 -6.69 9.91 4.65 -5.66
4 322 9.35249 2.04524 -6.31302 9 2.1 -6.71 9.91 4.65 -5.66 9.96645 3.37524 -5.60826
3 16 10.03 1.94 -5.55 9.35249 2.04524 -6.31302 9.96645 3.37524 -5.60826
3 322 10.21549 4.13991 -4.86685 9.91 4.65 -5.66 10.40247 4.54056 -4.46116
4 16 11 2.83 -2.83 10.21549 4.13991 -4.86685 10.40247 4.54056 -4.46116 10.9 4.43 -3.25
3 322 9.35249 2.04524 -6.31302 9.16531 1.48163 -6.44061 9 2.1 -6.71
4 16 9.16531 1.48163 -6.44061 9.35249 2.04524 -6.31302 10.03 1.94 -5.55 9.54 .08 -5.83
3 16 11 0 -4 9.54 .08 -5.83 10.03 1.94 -5.55
3 16 11 -1.53 -3.7 9.54 .08 -5.83 11 0 -4
3 16 9.59 -3.98 -3.46 9.54 .08 -5.83 11 -1.53 -3.7
3 16 9.59 -3.98 -3.46 11 -1.53 -3.7 11 -2.83 -2.83
3 16 9.59 -3.98 -3.46 11 -2.83 -2.83 11 -3.7 -1.53
3 16 9.59 -5.08 -1.98 9.59 -3.98 -3.46 11 -3.7 -1.53
3 16 9.06 -5.7 .02 9.59 -5.08 -1.98 11 -4 0
3 16 9.59 -5.08 -1.98 11 -3.7 -1.53 11 -4 0
3 322 9.91 4.65 -5.66 10.21549 4.13991 -4.86685 10.17946 3.87871 -5.17546
3 16 11 1.53 -3.7 10.65608 2.51444 -4.31842 11 2.83 -2.83
4 16 10.17946 3.87871 -5.17546 10.21549 4.13991 -4.86685 11 2.83 -2.83 10.65608 2.51444 -4.31842
3 322 9.96645 3.37524 -5.60826 9.91 4.65 -5.66 10.17946 3.87871 -5.17546
3 16 11 1.53 -3.7 10.03 1.94 -5.55 10.65608 2.51444 -4.31842
4 16 10.17946 3.87871 -5.17546 10.65608 2.51444 -4.31842 10.03 1.94 -5.55 9.96645 3.37524 -5.60826
3 16 -11 3.7 -1.53 -11 4 0 -10.9 4.43 -3.25
3 16 -11 2.83 -2.83 -11 3.7 -1.53 -10.9 4.43 -3.25
3 16 -11 0 -4 -11 1.53 -3.7 -10.03 1.94 -5.55
3 15 -8.67668 16.93057 -6.01435 -9 17.2 -5.5869 -8.675 17.2 -6.02333
4 15 -8.68789 15.13737 -5.95458 -8.6921 14.46403 -5.93213 -8.92289 14.79681 -5.63052 -8.8 15.1 -5.8031
3 15 -8.6921 14.46403 -5.93213 -8.8 14.5 -5.78814 -8.92289 14.79681 -5.63052
4 15 -8.681 16.23967 -5.99132 -8.68524 15.56175 -5.96873 -8.9 15.9 -5.68877 -8.8 16.2 -5.83054
3 15 -8.68524 15.56175 -5.96873 -8.8 15.6 -5.81557 -8.9 15.9 -5.68877
4 322 -8.9 15.9 -5.68877 -8.92289 14.79681 -5.63052 -9.37 18 -5.11 -9 17.2 -5.5869
4 322 -9 17.2 -5.5869 -9.37 18 -5.11 -8.67 18 -6.05 -8.675 17.2 -6.02333
3 322 -8.7 13.2 -5.89 -8.8 14.5 -5.78814 -8.6921 14.46403 -5.93213
3 322 -8.7 13.2 -5.89 -8.92289 14.79681 -5.63052 -8.8 14.5 -5.78814
4 322 -8.68524 15.56175 -5.96873 -8.68789 15.13737 -5.95458 -8.8 15.1 -5.8031 -8.8 15.6 -5.81557
4 322 -8.8 15.6 -5.81557 -8.8 15.1 -5.8031 -8.92289 14.79681 -5.63052 -8.9 15.9 -5.68877
4 322 -8.8 16.2 -5.83054 -9 17.2 -5.5869 -8.67668 16.93057 -6.01435 -8.681 16.23967 -5.99132
3 322 -8.9 15.9 -5.68877 -9 17.2 -5.5869 -8.8 16.2 -5.83054
3 322 -9.13 13.09 -5.22 -9.37 18 -5.11 -8.92289 14.79681 -5.63052
3 322 -9.13 13.09 -5.22 -8.92289 14.79681 -5.63052 -8.7 13.2 -5.89
3 322 -10.07 12.95 -2.62 -10.45 18 .92 -10.29 18 -2.48
3 322 -10.3 12.89 1.05 -10.45 18 .92 -10.07 12.95 -2.62
4 15 -8.66569 12.52141 -5.93575 -8.8 11.6 -5.74127 -8.86214 11.97283 -5.65474 -8.77736 12.61447 -5.77775
3 15 -8.60099 11.24178 -6.02201 -8.8 11.6 -5.74127 -8.66569 12.52141 -5.93575
4 15 -8.6 9.8 -6.01721 -9 10.2 -5.45157 -8.56862 10.60159 -6.06517 -8.52928 9.82357 -6.11762
3 15 -8.6 9.8 -6.01721 -8.9 9.9 -5.59212 -9 10.2 -5.45157
3 15 -9 10.2 -5.45157 -8.9 10.5 -5.5947 -8.56862 10.60159 -6.06517
4 322 -8.8 11.6 -5.74127 -8.60099 11.24178 -6.02201 -8.56862 10.60159 -6.06517 -8.9 10.5 -5.5947
4 322 -8.86214 11.97283 -5.65474 -8.8 11.6 -5.74127 -8.9 10.5 -5.5947 -8.93881 11.39256 -5.5435
4 322 -8.93881 11.39256 -5.5435 -8.9 10.5 -5.5947 -9 10.2 -5.45157 -9 10.92941 -5.45471
3 322 -9.21 9.34 -5.15 -9 10.92941 -5.45471 -9 10.2 -5.45157
3 322 -9.21 9.34 -5.15 -9 10.2 -5.45157 -8.9 9.9 -5.59212
4 322 -9.21 9.34 -5.15 -8.9 9.9 -5.59212 -8.6 9.8 -6.01721 -9.01145 9.42633 -5.432
4 322 -8.6 9.8 -6.01721 -8.52928 9.82357 -6.11762 -8.52 9.64 -6.13 -9.01145 9.42633 -5.432
3 322 -8.66569 12.52141 -5.93575 -8.77736 12.61447 -5.77775 -8.7 13.2 -5.89
3 15 -8.86214 11.97283 -5.65474 -9 12.8 -5.4273 -8.77736 12.61447 -5.77775
3 322 -8.93881 11.39256 -5.5435 -9 12.8 -5.4273 -8.86214 11.97283 -5.65474
3 322 -9 10.92941 -5.45471 -9 12.8 -5.4273 -8.93881 11.39256 -5.5435
4 322 -9 12.8 -5.4273 -9 10.92941 -5.45471 -9.21 9.34 -5.15 -9.13 13.09 -5.22
4 322 -9 12.8 -5.4273 -9.13 13.09 -5.22 -8.7 13.2 -5.89 -8.77736 12.61447 -5.77775
3 322 -9.21 9.34 -5.15 -10.09 9.62 -2.24 -9.13 13.09 -5.22
3 322 -9.13 13.09 -5.22 -10.09 9.62 -2.24 -10.07 12.95 -2.62
3 322 -10.09 9.62 -2.24 -10.3 12.89 1.05 -10.07 12.95 -2.62
3 322 -10.23 9.47 .83 -10.3 12.89 1.05 -10.09 9.62 -2.24
4 15 -8.84332 8.74777 -5.92171 -8.58466 9.46155 -6.08834 -8.54711 9.44904 -6.16253 -8.65237 8.70755 -6.28884
3 15 -8.9331 8.5 -5.86387 -8.68183 8.5 -6.32419 -8.8403 7.38365 -6.51436
4 15 -8.8403 7.38365 -6.51436 -9.2 7.4 -5.84836 -9.15589 7.88518 -5.72034 -8.9331 8.5 -5.86387
4 322 -8.97 6.47 -6.67 -9.56 6.77 -5.46 -9.2 7.4 -5.84836 -8.93661 6.7052 -6.62993
3 322 -9.56 6.77 -5.46 -9.15589 7.88518 -5.72034 -9.2 7.4 -5.84836
4 322 -8.84332 8.74777 -5.92171 -8.65237 8.70755 -6.28884 -8.68183 8.5 -6.32419 -8.9331 8.5 -5.86387
3 322 -8.54711 9.44904 -6.16253 -8.58466 9.46155 -6.08834 -8.52 9.64 -6.13
3 322 -8.93661 6.7052 -6.62993 -9.2 7.4 -5.84836 -8.8403 7.38365 -6.51436
4 15 -8.84332 8.74777 -5.92171 -9.1 9.1 -5.40231 -8.7 9.5 -5.89496 -8.58466 9.46155 -6.08834
3 15 -8.84332 8.74777 -5.92171 -9 8.8 -5.659 -9.1 9.1 -5.40231
3 15 -9.1 9.1 -5.40231 -9.01145 9.42633 -5.432 -8.7 9.5 -5.89496
3 15 -9.15589 7.88518 -5.72034 -9.1 8.5 -5.6026 -8.9331 8.5 -5.86387
4 322 -9.1 8.5 -5.6026 -9.15589 7.88518 -5.72034 -9.56 6.77 -5.46 -9.1 9.1 -5.40231
3 322 -9.56 6.77 -5.46 -9.21 9.34 -5.15 -9.1 9.1 -5.40231
4 322 -9.1 8.5 -5.6026 -9 8.8 -5.659 -8.84332 8.74777 -5.92171 -8.9331 8.5 -5.86387
3 322 -9.1 8.5 -5.6026 -9.1 9.1 -5.40231 -9 8.8 -5.659
3 322 -9.01145 9.42633 -5.432 -8.52 9.64 -6.13 -8.7 9.5 -5.89496
3 322 -8.58466 9.46155 -6.08834 -8.7 9.5 -5.89496 -8.52 9.64 -6.13
3 322 -9.1 9.1 -5.40231 -9.21 9.34 -5.15 -9.01145 9.42633 -5.432
3 322 -10.44 6.68 -2.54 -9.21 9.34 -5.15 -9.56 6.77 -5.46
3 322 -10.44 6.68 -2.54 -10.09 9.62 -2.24 -9.21 9.34 -5.15
3 322 -10.44 6.68 -2.54 -10.69 6.76 .57 -10.23 9.47 .83
3 322 -10.44 6.68 -2.54 -10.23 9.47 .83 -10.09 9.62 -2.24
3 322 -9.91 4.65 -5.66 -8.97 6.47 -6.67 -9.25 4.72 -6.69
3 322 -9.91 4.65 -5.66 -9.56 6.77 -5.46 -8.97 6.47 -6.67
4 322 -10.41537 5.27629 -4.04928 -9.56 6.77 -5.46 -9.91 4.65 -5.66 -10.40247 4.54056 -4.46116
3 322 -10.40247 4.54056 -4.46116 -10.49137 5.14358 -3.92394 -10.41537 5.27629 -4.04928
3 16 -10.9 4.43 -3.25 -10.49137 5.14358 -3.92394 -10.40247 4.54056 -4.46116
3 322 -10.41537 5.27629 -4.04928 -10.44 6.68 -2.54 -9.56 6.77 -5.46
4 322 -10.44 6.68 -2.54 -10.41537 5.27629 -4.04928 -10.49137 5.14358 -3.92394 -10.59001 5.94627 -2.77152
3 16 -10.9 4.43 -3.25 -10.59001 5.94627 -2.77152 -10.49137 5.14358 -3.92394
3 16 -11 4 0 -10.69 6.76 .57 -10.9 4.43 -3.25
3 322 -10.59001 5.94627 -2.77152 -10.69 6.76 .57 -10.44 6.68 -2.54
3 16 -10.9 4.43 -3.25 -10.69 6.76 .57 -10.59001 5.94627 -2.77152
3 322 -9 2.1 -6.71 -9.91 4.65 -5.66 -9.25 4.72 -6.69
4 322 -9.91 4.65 -5.66 -9 2.1 -6.71 -9.35249 2.04524 -6.31302 -9.96645 3.37524 -5.60826
3 16 -10.03 1.94 -5.55 -9.96645 3.37524 -5.60826 -9.35249 2.04524 -6.31302
3 322 -9.91 4.65 -5.66 -10.21549 4.13991 -4.86685 -10.40247 4.54056 -4.46116
3 16 -10.58248 3.52715 -3.91402 -10.40247 4.54056 -4.46116 -10.21549 4.13991 -4.86685
4 16 -10.40247 4.54056 -4.46116 -10.58248 3.52715 -3.91402 -11 2.83 -2.83 -10.9 4.43 -3.25
3 322 -9 2.1 -6.71 -9.16531 1.48163 -6.44061 -9.35249 2.04524 -6.31302
4 16 -10.03 1.94 -5.55 -9.35249 2.04524 -6.31302 -9.16531 1.48163 -6.44061 -9.54 .08 -5.83
3 16 -11 0 -4 -10.03 1.94 -5.55 -9.54 .08 -5.83
3 16 -11 -1.53 -3.7 -11 0 -4 -9.54 .08 -5.83
3 16 -9.59 -3.98 -3.46 -11 -1.53 -3.7 -9.54 .08 -5.83
3 16 -9.59 -3.98 -3.46 -11 -2.83 -2.83 -11 -1.53 -3.7
3 16 -9.59 -3.98 -3.46 -11 -3.7 -1.53 -11 -2.83 -2.83
3 16 -9.59 -5.08 -1.98 -11 -3.7 -1.53 -9.59 -3.98 -3.46
3 16 -9.06 -5.7 .02 -11 -4 0 -9.59 -5.08 -1.98
3 16 -9.59 -5.08 -1.98 -11 -4 0 -11 -3.7 -1.53
3 322 -10.21549 4.13991 -4.86685 -9.91 4.65 -5.66 -10.17946 3.87871 -5.17546
4 16 -11 1.53 -3.7 -10.58248 3.52715 -3.91402 -10.21549 4.13991 -4.86685 -10.17946 3.87871 -5.17546
3 16 -11 1.53 -3.7 -11 2.83 -2.83 -10.58248 3.52715 -3.91402
3 322 -9.96645 3.37524 -5.60826 -10.17946 3.87871 -5.17546 -9.91 4.65 -5.66
4 16 -11 1.53 -3.7 -10.17946 3.87871 -5.17546 -9.96645 3.37524 -5.60826 -10.03 1.94 -5.55
4 15 .5 8.6 -8.95965 .1 9 -8.93382 .5 9.4 -8.84493 .9 9 -8.87077
3 15 .5 8.6 -8.95965 .9 9 -8.87077 .8 8.7 -8.92167
3 15 .9 9 -8.87077 .5 9.4 -8.84493 .8 9.3 -8.83563
3 15 .5 8.6 -8.95965 .2 8.7 -8.96895 .1 9 -8.93382
3 15 .1 9 -8.93382 .2 9.3 -8.88292 .5 9.4 -8.84493
4 15 1.6 8.6 -8.87296 1.2 9 -8.84712 1.6 9.4 -8.75824 2 9 -8.78407
3 15 1.6 8.6 -8.87296 2 9 -8.78407 1.9 8.7 -8.83497
3 15 2 9 -8.78407 1.6 9.4 -8.75824 1.9 9.3 -8.74894
3 15 1.6 8.6 -8.87296 1.3 8.7 -8.88226 1.2 9 -8.84712
3 15 1.2 9 -8.84712 1.3 9.3 -8.79622 1.6 9.4 -8.75824
4 322 0 9.5 -8.87 3.57 9.63 -8.57 1.6 9.4 -8.75824 .5 9.4 -8.84493
3 322 1.9 9.3 -8.74894 1.6 9.4 -8.75824 3.57 9.63 -8.57
3 322 2 9 -8.78407 1.9 9.3 -8.74894 3.57 9.63 -8.57
4 322 1.9 8.7 -8.83497 2 9 -8.78407 3.57 9.63 -8.57 3.72941 8.17935 -8.77724
3 322 3.72941 8.17935 -8.77724 1.6 8.6 -8.87296 1.9 8.7 -8.83497
3 322 0 8.1 -9.07075 1.6 8.6 -8.87296 3.72941 8.17935 -8.77724
4 322 1.6 8.6 -8.87296 0 8.1 -9.07075 .5 8.6 -8.95965 .8 8.7 -8.92167
3 322 1.6 8.6 -8.87296 .8 8.7 -8.92167 1.3 8.7 -8.88226
4 322 1.3 8.7 -8.88226 .8 8.7 -8.92167 .9 9 -8.87077 1.2 9 -8.84712
4 322 1.2 9 -8.84712 .9 9 -8.87077 .8 9.3 -8.83563 1.3 9.3 -8.79622
4 322 1.3 9.3 -8.79622 .8 9.3 -8.83563 .5 9.4 -8.84493 1.6 9.4 -8.75824
3 322 .2 9.3 -8.88292 0 9.5 -8.87 .5 9.4 -8.84493
3 322 .1 9 -8.93382 0 9.5 -8.87 .2 9.3 -8.88292
3 322 0 8.1 -9.07075 0 9.5 -8.87 .1 9 -8.93382
3 322 0 8.1 -9.07075 .1 9 -8.93382 .2 8.7 -8.96895
3 322 0 8.1 -9.07075 .2 8.7 -8.96895 .5 8.6 -8.95965
4 15 7.50175 7.47522 -7.64535 7.17007 7.43376 -7.94185 6.99136 8.5378 -7.76711 8.03948 8.61842 -6.8451
4 322 8.03948 8.61842 -6.8451 6.99136 8.5378 -7.76711 6.8 9.72 -7.58 8.52 9.64 -6.13
4 15 3.87 6.9 -8.96 3.4 6.1 -9.09398 1.5 5 -9.37975 1.70036 6.87197 -9.12258
4 15 1.70036 6.87197 -9.12258 1.5 5 -9.37975 0 4.51 -9.56 .6 6.5 -9.25243
3 15 0 4.51 -9.56 0 6.17692 -9.33917 .6 6.5 -9.25243
3 322 0 6.17692 -9.33917 0 6.85 -9.25 .6 6.5 -9.25243
3 322 .6 6.5 -9.25243 0 6.85 -9.25 1.70036 6.87197 -9.12258
4 322 6.20909 -2.63934 -5.32381 6.87 -2.65 -5.23 6.87 -3.96 -4.1 6.32937 -4.16985 -3.99685
4 15 -4.17284 16.91068 -8.30736 -4.02378 15.87744 -8.35229 -4.8 16 -8.10232 -5.2 17 -7.97203
4 15 -5 15.2 -8.03538 -4.4 15.6 -8.23011 -4.6 14.6 -8.16255 -5.4 14.2 -7.90333
4 15 -5.4 14.2 -7.90333 -4.6 14.6 -8.16255 -4.5 13.5 -8.19145 -5.4 13.02289 -7.89974
3 15 -4.27329 12.97101 -8.26295 -5.4 13.02289 -7.89974 -4.5 13.5 -8.19145
3 15 -3.6 12.94 -8.48 -3.89892 12.95377 -8.38364 -3.70161 13.64435 -8.44938
3 322 -4.17284 16.91068 -8.30736 -5.2 17 -7.97203 -4.33 18 -8.26
4 322 -5.7 15.1 -7.80923 -4.8 16 -8.10232 -5 15.2 -8.03538 -5.4 14.2 -7.90333
3 322 -5.4 14.2 -7.90333 -5.8 14.4 -7.77493 -5.7 15.1 -7.80923
4 322 -6.3 13.8 -7.61187 -5.8 14.4 -7.77493 -5.4 14.2 -7.90333 -6.64 13.08 -7.5
3 322 -5.4 13.02289 -7.89974 -6.64 13.08 -7.5 -5.4 14.2 -7.90333
4 322 -5 15.2 -8.03538 -4.8 16 -8.10232 -4.02378 15.87744 -8.35229 -4.4 15.6 -8.23011
4 322 -3.89892 12.95377 -8.38364 -4.4 15.6 -8.23011 -4.02378 15.87744 -8.35229 -3.70161 13.64435 -8.44938
3 322 -4.4 15.6 -8.23011 -3.89892 12.95377 -8.38364 -4.6 14.6 -8.16255
4 322 -4.27329 12.97101 -8.26295 -4.5 13.5 -8.19145 -4.6 14.6 -8.16255 -3.89892 12.95377 -8.38364
4 15 -1 9.2 -8.83693 -1.7 9.4 -8.75167 -1.86802 9.56802 -8.71302 -1.17133 9.54265 -8.77157
4 15 -1.6 9 -8.82011 -1.7 9.4 -8.75167 -1 9.2 -8.83693 -1.15666 8.72291 -8.8969
4 15 -1.48846 8.5 -8.90462 -1.9 8.5 -8.8723 -1.6 9 -8.82011 -1.15666 8.72291 -8.8969
4 15 -2.1 9 -8.78086 -1.6 9 -8.82011 -1.9 8.5 -8.8723 -2.5 8.7 -8.79489
4 15 -2.5 9.4 -8.68886 -2.1 9 -8.78086 -2.5 8.7 -8.79489 -2.9 9.2 -8.68775
3 15 -2.9 9.2 -8.68775 -2.9 9.5 -8.6423 -2.5 9.4 -8.68886
4 15 -3.5989 9.36703 -8.60757 -3.5 9.4 -8.61034 -3.5 8.6 -8.73153 -3.67671 8.6589 -8.70873
4 15 -3.5 8.6 -8.73153 -3.5 9.4 -8.61034 -3.1 9 -8.70234 -3.2 8.7 -8.73993
3 15 -3.1 9 -8.70234 -3.5 9.4 -8.61034 -3.2 9.3 -8.64904
3 322 -3.71996 8.26533 -8.76495 -1.9 8.5 -8.8723 -1.48846 8.5 -8.90462
4 322 -3.68943 8.54317 -8.72526 -3.5 8.6 -8.73153 -1.9 8.5 -8.8723 -3.71996 8.26533 -8.76495
4 322 -2.5 8.7 -8.79489 -1.9 8.5 -8.8723 -3.5 8.6 -8.73153 -3.2 8.7 -8.73993
4 322 -2.5 8.7 -8.79489 -3.2 8.7 -8.73993 -3.1 9 -8.70234 -2.9 9.2 -8.68775
4 322 -2.9 9.2 -8.68775 -3.1 9 -8.70234 -3.2 9.3 -8.64904 -2.9 9.5 -8.6423
4 322 -2.9 9.5 -8.6423 -3.2 9.3 -8.64904 -3.5 9.4 -8.61034 -3.57 9.63 -8.57
4 322 -1.7 9.4 -8.75167 -2.9 9.5 -8.6423 -3.57 9.63 -8.57 -1.86802 9.56802 -8.71302
3 322 -1.7 9.4 -8.75167 -2.5 9.4 -8.68886 -2.9 9.5 -8.6423
4 322 -2.5 9.4 -8.68886 -1.7 9.4 -8.75167 -1.6 9 -8.82011 -2.1 9 -8.78086
3 322 -3.5989 9.36703 -8.60757 -3.57 9.63 -8.57 -3.5 9.4 -8.61034
3 322 -3.68943 8.54317 -8.72526 -3.67671 8.6589 -8.70873 -3.5 8.6 -8.73153
3 322 -1 9.2 -8.83693 -1.17133 9.54265 -8.77157 0 9.5 -8.87
4 322 0 8.1 -9.07075 -1.15666 8.72291 -8.8969 -1 9.2 -8.83693 0 9.5 -8.87
4 15 -8.65237 8.70755 -6.28884 -8.54711 9.44904 -6.16253 -8.3 9.1 -6.4761 -8.4 8.8 -6.47803
3 15 -8.54711 9.44904 -6.16253 -8.4 9.4 -6.30286 -8.3 9.1 -6.4761
4 15 -7.5 8.8 -7.24897 -7.9 9.2 -6.78955 -7.5 9.6 -7.01541 -7.1 9.2 -7.4753
3 15 -7.1 9.2 -7.4753 -7.5 9.6 -7.01541 -7.2 9.5 -7.30159
3 15 -7.5 8.8 -7.24897 -7.8 8.9 -6.96279 -7.9 9.2 -6.78955
3 15 -7.9 9.2 -6.78955 -7.8 9.5 -6.78763 -7.5 9.6 -7.01541
4 15 -8.5 7.1 -6.88916 -8.84645 6.50376 -6.76698 -8.93661 6.7052 -6.62993 -8.8 7 -6.66089
4 15 -7.19033 7.30865 -7.96165 -8.8403 7.38365 -6.51436 -8.68183 8.5 -6.32419 -6.99748 8.5 -7.77309
4 322 -7.5 8.8 -7.24897 -6.99748 8.5 -7.77309 -8.65237 8.70755 -6.28884 -8.4 8.8 -6.47803
3 322 -6.99748 8.5 -7.77309 -8.68183 8.5 -6.32419 -8.65237 8.70755 -6.28884
3 322 -7.5 8.8 -7.24897 -8.4 8.8 -6.47803 -7.8 8.9 -6.96279
4 322 -7.8 8.9 -6.96279 -8.4 8.8 -6.47803 -8.3 9.1 -6.4761 -7.9 9.2 -6.78955
4 322 -7.9 9.2 -6.78955 -8.3 9.1 -6.4761 -8.4 9.4 -6.30286 -7.8 9.5 -6.78763
4 322 -7.8 9.5 -6.78763 -8.4 9.4 -6.30286 -8.52 9.64 -6.13 -7.5 9.6 -7.01541
3 322 -7.5 9.6 -7.01541 -8.52 9.64 -6.13 -6.8 9.72 -7.58
3 322 -7.2 9.5 -7.30159 -7.5 9.6 -7.01541 -6.8 9.72 -7.58
3 322 -8.4 9.4 -6.30286 -8.54711 9.44904 -6.16253 -8.52 9.64 -6.13
3 322 -8.93661 6.7052 -6.62993 -8.8403 7.38365 -6.51436 -8.8 7 -6.66089
3 322 -8.8403 7.38365 -6.51436 -8.5 7.1 -6.88916 -8.8 7 -6.66089
4 322 -2.45834 4.39749 -9.37436 -4.37 4.31 -9.23 -3.87 6.9 -8.96 -1.9 4.9 -9.35334
3 322 -1.9 4.9 -9.35334 -3.87 6.9 -8.96 -.7 5.8 -9.332
4 322 0 6.17692 -9.33917 -.7 5.8 -9.332 -3.87 6.9 -8.96 0 6.85 -9.25
3 15 -5.09397 -4.64938 -3.76115 -6.33127 -4.16911 -3.99722 -4.8 -3.4 -4.8548
3 16 -3.83 -5.14 -3.52 -5.09397 -4.64938 -3.76115 -4.8 -3.4 -4.8548
4 322 -10.29 18 -2.48 -9.37 18 -5.11 -9.13 13.09 -5.22 -10.07 12.95 -2.62

4 15 -1.06 -5.02 3.8043 -2.39846 -4.43602 4.36844 -3.1833 -4.76656 4.02628 -2.16069 -5.28165 3.52634
4 15 -2.16069 -5.28165 3.52634 -3.1833 -4.76656 4.02628 -3.98462 -5.24033 3.46423 -3.75938 -6.14942 2.48918
3 15 -3.75938 -6.14942 2.48918 -3.98462 -5.24033 3.46423 -3.92 -6.14 2.49
3 15 -3.92 -6.14 2.49 -3.98462 -5.24033 3.46423 -4.65942 -5.70738 2.83874
3 15 -3.92 -6.14 2.49 -4.65942 -5.70738 2.83874 -5.04539 -6.00495 2.40343
3 15 -6.10654 -6.28724 .71575 -3.92 -6.14 2.49 -5.04539 -6.00495 2.40343
4 15 -3.92 -6.14 2.49 -6.10654 -6.28724 .71575 -6.4 -6.42514 .06262 -5.38763 -6.60105 .02672
3 15 -5.38763 -6.60105 .02672 -3.95502 -6.30108 1.90403 -3.92 -6.14 2.49
3 15 -3.95502 -6.30108 1.90403 -3.75938 -6.14942 2.48918 -3.92 -6.14 2.49
4 322 -8.78 9.6 4.05 -9.28734 7.47221 3.83041 -8.05067 7.80042 4.7597 -7.98 9.58 4.67
3 322 -8.05067 7.80042 4.7597 -6.40747 8.00231 5.18728 -7.98 9.58 4.67
3 322 -6.40747 8.00231 5.18728 -4.04 9.68 5.69 -7.98 9.58 4.67
3 322 -6.40747 8.00231 5.18728 -4.38578 8.11245 5.7361 -4.04 9.68 5.69
3 322 -4.38578 8.11245 5.7361 -2.14811 8.20957 5.88668 -4.04 9.68 5.69
4 322 0 9.32 5.92 -4.04 9.68 5.69 -2.14811 8.20957 5.88668 0 8.2 5.99655
4 322 -7.8 12.9 4.76 -8.62 13.25 4.14 -8.78 9.6 4.05 -7.98 9.58 4.67
3 322 -7.98 9.58 4.67 -4.4 13.26 5.71 -7.8 12.9 4.76
3 322 -7.98 9.58 4.67 -4.04 9.68 5.69 -4.4 13.26 5.71
4 322 -4.4 13.26 5.71 -4.04 9.68 5.69 0 9.32 5.92 0 13.26 5.97
3 322 -4.4 13.26 5.71 0 13.26 5.97 -4.34 18 5.73
3 322 0 13.26 5.97 0 18 5.91 -4.34 18 5.73
3 322 -7.8 12.9 4.76 -8.68 18 3.79 -8.62 13.25 4.14
3 322 -7.8 12.9 4.76 -7.67 18 4.5 -8.68 18 3.79
3 322 -7.8 12.9 4.76 -4.4 13.26 5.71 -7.67 18 4.5
3 322 -4.4 13.26 5.71 -4.34 18 5.73 -7.67 18 4.5
3 16 0 6.54 6.11 0 8.2 5.99655 -2.14811 8.20957 5.88668
4 16 -4.64 6.96 5.77 0 6.54 6.11 -2.14811 8.20957 5.88668 -4.38578 8.11245 5.7361
4 16 -4.64 6.96 5.77 -4.38578 8.11245 5.7361 -6.40747 8.00231 5.18728 -8.09 6.81 4.83
3 16 -8.09 6.81 4.83 -6.40747 8.00231 5.18728 -8.05067 7.80042 4.7597
3 16 -8.09 6.81 4.83 -8.05067 7.80042 4.7597 -9.28734 7.47221 3.83041
3 16 -9.45 6.79 3.76 -8.09 6.81 4.83 -9.28734 7.47221 3.83041
3 16 -10.12 4.28 3.87 -8.09 6.81 4.83 -9.45 6.79 3.76
3 16 -10.12 4.28 3.87 -8.1 4.36 5.21 -8.09 6.81 4.83
3 16 -8.1 4.36 5.21 -4.64 6.96 5.77 -8.09 6.81 4.83
3 16 -8.1 4.36 5.21 -4.61 4.7 6 -4.64 6.96 5.77
3 16 -4.61 4.7 6 0 6.54 6.11 -4.64 6.96 5.77
3 16 0 4.69 6.26 0 6.54 6.11 -4.61 4.7 6
4 16 0 1.73 6.27 0 4.69 6.26 -4.61 4.7 6 -4.42 2.01 6.03
4 16 -4.42 2.01 6.03 -4.61 4.7 6 -8.09 1.98 5.5 -7.3 -.02 5.6
3 16 -8.09 1.98 5.5 -4.61 4.7 6 -8.1 4.36 5.21
3 16 -8.09 1.98 5.5 -8.1 4.36 5.21 -10.27 2.05 4.57
3 16 -10.27 2.05 4.57 -8.1 4.36 5.21 -10.12 4.28 3.87
3 16 -9.45 .13 5.12 -8.09 1.98 5.5 -10.27 2.05 4.57
3 16 -7.3 -.02 5.6 -8.09 1.98 5.5 -9.45 .13 5.12
3 16 -7.3 -.02 5.6 -4.39 .28 6 -4.42 2.01 6.03
3 16 -4.39 .28 6 0 1.73 6.27 -4.42 2.01 6.03
3 16 0 -.03 6.15 0 1.73 6.27 -4.39 .28 6
3 16 -7.27 -4.18 4.07 -7.3 -.02 5.6 -9.51 -3.77 3.74
3 16 -9.51 -3.77 3.74 -7.3 -.02 5.6 -9.45 .13 5.12
4 16 -7.27 -4.18 4.07 -9.51 -3.77 3.74 -9.62 -4.97 2.24369 -7.17 -5.75 2.24
3 16 -6.89 -6.34 .08 -9.62 -4.97 2.24369 -9.06 -5.7 .02
3 16 -6.89 -6.34 .08 -7.17 -5.75 2.24 -9.62 -4.97 2.24369
3 16 -4.05 -4.33 4.45 -4.39 .28 6 -7.3 -.02 5.6
3 16 -4.05 -4.33 4.45 -7.3 -.02 5.6 -7.27 -4.18 4.07
3 16 -4.05 -4.33 4.45 0 -.03 6.15 -4.39 .28 6
3 16 -4.07 -6.83 -.02 -3.95502 -6.30108 1.90403 -5.38763 -6.60105 .02672
3 16 -6.10654 -6.28724 .71575 -6.89 -6.34 .08 -6.4 -6.42514 .06262
4 16 -5.04539 -6.00495 2.40343 -7.17 -5.75 2.24 -6.89 -6.34 .08 -6.10654 -6.28724 .71575
4 16 -7.27 -4.18 4.07 -7.17 -5.75 2.24 -5.04539 -6.00495 2.40343 -4.65942 -5.70738 2.83874
4 16 -4.05 -4.33 4.45 -7.27 -4.18 4.07 -4.65942 -5.70738 2.83874 -3.98462 -5.24033 3.46423
3 16 -3.98462 -5.24033 3.46423 -3.1833 -4.76656 4.02628 -4.05 -4.33 4.45
3 16 -3.1833 -4.76656 4.02628 -2.39846 -4.43602 4.36844 -4.05 -4.33 4.45
3 16 -9.45 .13 5.12 -11 0 4 -11 -1.53 3.7
3 16 -9.45 .13 5.12 -11 -1.53 3.7 -9.51 -3.77 3.74
3 16 -11 -1.53 3.7 -11 -2.83 2.83 -9.51 -3.77 3.74
3 16 -9.51 -3.77 3.74 -11 -2.83 2.83 -9.62 -4.97 2.24369
3 16 -11 -2.83 2.83 -11 -3.7 1.53 -9.62 -4.97 2.24369
3 16 -9.62 -4.97 2.24369 -11 -3.7 1.53 -9.06 -5.7 .02
3 16 -11 -3.7 1.53 -11 -4 0 -9.06 -5.7 .02
3 16 -10.69 6.76 .57 -11 4 0 -11 3.7 1.53
3 16 -9.45 .13 5.12 -11 1.53 3.7 -11 0 4
3 16 -10.27 2.05 4.57 -11 1.53 3.7 -9.45 .13 5.12
3 16 -10.27 2.05 4.57 -10.12 4.28 3.87 -11 1.53 3.7
3 16 -10.12 4.28 3.87 -11 2.83 2.83 -11 1.53 3.7
3 16 -10.12 4.28 3.87 -10.69 6.76 .57 -11 2.83 2.83
3 16 -10.69 6.76 .57 -11 3.7 1.53 -11 2.83 2.83
3 16 -9.45 6.79 3.76 -10.69 6.76 .57 -10.12 4.28 3.87
3 16 -9.45 6.79 3.76 -9.49015 7.39227 3.57486 -10.69 6.76 .57
3 16 -9.28734 7.47221 3.83041 -9.49015 7.39227 3.57486 -9.45 6.79 3.76
4 322 -9.57 13.24 2.98 -8.62 13.25 4.14 -8.68 18 3.79 -9.61 18 2.62
3 322 -9.61 18 2.62 -10.45 18 .92 -9.57 13.24 2.98
3 322 -9.57 13.24 2.98 -10.45 18 .92 -10.3 12.89 1.05
3 322 -9.63 9.49 2.93 -10.3 12.89 1.05 -10.23 9.47 .83
3 322 -9.57 13.24 2.98 -10.3 12.89 1.05 -9.63 9.49 2.93
3 322 -8.62 13.25 4.14 -9.57 13.24 2.98 -9.63 9.49 2.93
3 322 -8.78 9.6 4.05 -8.62 13.25 4.14 -9.63 9.49 2.93
4 322 -9.28734 7.47221 3.83041 -8.78 9.6 4.05 -9.63 9.49 2.93 -9.49015 7.39227 3.57486
3 322 -9.49015 7.39227 3.57486 -9.63 9.49 2.93 -10.69 6.76 .57
3 322 -9.63 9.49 2.93 -10.23 9.47 .83 -10.69 6.76 .57
4 15 5.38763 -6.60105 .02672 6.4 -6.42514 .06262 6.19412 -6.29314 .64468 3.92 -6.14 2.49
3 15 6.19412 -6.29314 .64468 5.267 -5.97836 2.38638 3.92 -6.14 2.49
3 15 3.92 -6.14 2.49 5.267 -5.97836 2.38638 4.83204 -5.60639 2.92015
3 15 3.92 -6.14 2.49 4.83204 -5.60639 2.92015 4.00065 -5.01717 3.70588
4 15 3.92 -6.14 2.49 4.00065 -5.01717 3.70588 3.39896 -4.65793 4.13171 2.36854 -5.17696 3.62795
4 15 2.36854 -5.17696 3.62795 3.39896 -4.65793 4.13171 2.90536 -4.40348 4.39347 1.46 -4.94 3.87837
4 16 4.61 4.7 6 0 4.69 6.26 0 1.73 6.27 4.42 2.01 6.03
4 16 8.09 1.98 5.5 4.61 4.7 6 4.42 2.01 6.03 7.3 -.02 5.6
3 16 8.09 1.98 5.5 8.1 4.36 5.21 4.61 4.7 6
3 16 8.09 1.98 5.5 10.27 2.05 4.57 8.1 4.36 5.21
3 16 10.27 2.05 4.57 10.12 4.28 3.87 8.1 4.36 5.21
3 16 9.45 .13 5.12 10.27 2.05 4.57 8.09 1.98 5.5
3 16 7.3 -.02 5.6 9.45 .13 5.12 8.09 1.98 5.5
3 16 7.3 -.02 5.6 4.42 2.01 6.03 4.39 .28 6
3 16 4.39 .28 6 4.42 2.01 6.03 0 1.73 6.27
3 16 0 -.03 6.15 4.39 .28 6 0 1.73 6.27
3 16 4.05 -4.33 4.45 4.39 .28 6 0 -.03 6.15
3 16 4.05 -4.33 4.45 7.3 -.02 5.6 4.39 .28 6
3 16 4.05 -4.33 4.45 7.27 -4.18 4.07 7.3 -.02 5.6
3 16 7.27 -4.18 4.07 9.51 -3.77 3.74 7.3 -.02 5.6
3 16 9.51 -3.77 3.74 9.45 .13 5.12 7.3 -.02 5.6
4 16 9.62 -4.97 2.24 9.51 -3.77 3.74 7.27 -4.18 4.07 7.17 -5.75 2.24
3 16 6.89 -6.34 .08 9.06 -5.7 .02 9.62 -4.97 2.24
3 16 6.89 -6.34 .08 9.62 -4.97 2.24 7.17 -5.75 2.24
3 16 4.07 -6.83 -.02 5.38763 -6.60105 .02672 3.92 -6.14 2.49
3 16 3.39896 -4.65793 4.13171 4.05 -4.33 4.45 2.90536 -4.40348 4.39347
3 16 4.00065 -5.01717 3.70588 4.05 -4.33 4.45 3.39896 -4.65793 4.13171
4 16 4.05 -4.33 4.45 4.00065 -5.01717 3.70588 4.83204 -5.60639 2.92015 7.27 -4.18 4.07
4 16 7.17 -5.75 2.24 7.27 -4.18 4.07 4.83204 -5.60639 2.92015 5.267 -5.97836 2.38638
4 16 5.267 -5.97836 2.38638 6.19412 -6.29314 .64468 6.89 -6.34 .08 7.17 -5.75 2.24
3 16 6.89 -6.34 .08 6.19412 -6.29314 .64468 6.4 -6.42514 .06262
3 16 11 -1.53 3.7 11 0 4 9.45 .13 5.12
3 16 9.51 -3.77 3.74 11 -1.53 3.7 9.45 .13 5.12
3 16 9.51 -3.77 3.74 11 -2.83 2.83 11 -1.53 3.7
3 16 9.62 -4.97 2.24 11 -2.83 2.83 9.51 -3.77 3.74
3 16 9.62 -4.97 2.24 11 -3.7 1.53 11 -2.83 2.83
3 16 9.06 -5.7 .02 11 -3.7 1.53 9.62 -4.97 2.24
3 16 9.06 -5.7 .02 11 -4 0 11 -3.7 1.53
3 16 11 0 4 11 1.53 3.7 9.45 .13 5.12
3 16 9.45 .13 5.12 11 1.53 3.7 10.27 2.05 4.57
3 16 11 1.53 3.7 10.12 4.28 3.87 10.27 2.05 4.57
3 16 11 1.53 3.7 11 2.83 2.83 10.12 4.28 3.87
4 322 8.05067 7.80042 4.77712 9.28734 7.47221 3.83041 8.78 9.6 4.05 7.98 9.58 4.67
4 322 6.40747 8.00231 5.18728 8.05067 7.80042 4.77712 7.98 9.58 4.67 4.04 9.68 5.69
3 322 6.40747 8.00231 5.18728 4.04 9.68 5.69 4.38578 8.11245 5.7361
3 322 4.38578 8.11245 5.7361 4.04 9.68 5.69 2.14811 8.20957 5.88668
4 322 2.14811 8.20957 5.88668 4.04 9.68 5.69 0 9.32 5.92 0 8.2 5.99655
4 322 8.78 9.6 4.05 8.62 13.25 4.14 7.8 12.9 4.76857 7.98 9.58 4.67
3 322 7.98 9.58 4.67 7.8 12.9 4.76857 4.4 13.26 5.71
3 322 7.98 9.58 4.67 4.4 13.26 5.71 4.04 9.68 5.69
4 322 0 9.32 5.92 4.04 9.68 5.69 4.4 13.26 5.71 0 13.26 5.97
3 322 0 13.26 5.97 4.4 13.26 5.71 4.34 18 5.73
3 322 0 13.26 5.97 4.34 18 5.73 0 18 5.91
3 322 7.8 12.9 4.76857 8.62 13.25 4.14 8.68 18 3.79
3 322 7.8 12.9 4.76857 8.68 18 3.79 7.67 18 4.5
3 322 7.8 12.9 4.76857 7.67 18 4.5 4.4 13.26 5.71
3 322 4.4 13.26 5.71 7.67 18 4.5 4.34 18 5.73
3 16 0 6.54 6.11 2.14811 8.20957 5.88668 0 8.2 5.99655
4 16 2.14811 8.20957 5.88668 0 6.54 6.11 4.64 6.96 5.77 4.38578 8.11245 5.7361
4 16 6.40747 8.00231 5.18728 4.38578 8.11245 5.7361 4.64 6.96 5.77 8.09 6.81 4.83
3 16 8.09 6.81 4.83 8.05067 7.80042 4.77712 6.40747 8.00231 5.18728
4 16 9.28734 7.47221 3.83041 8.05067 7.80042 4.77712 8.09 6.81 4.83 9.45 6.79 3.76
3 16 10.12 4.28 3.87 9.45 6.79 3.76 8.09 6.81 4.83
3 16 10.12 4.28 3.87 8.09 6.81 4.83 8.1 4.36 5.21
3 16 8.1 4.36 5.21 8.09 6.81 4.83 4.64 6.96 5.77
3 16 8.1 4.36 5.21 4.64 6.96 5.77 4.61 4.7 6
3 16 4.61 4.7 6 4.64 6.96 5.77 0 6.54 6.11
3 16 0 4.69 6.26 4.61 4.7 6 0 6.54 6.11
3 16 11 3.7 1.53 11 4 0 10.69 6.76 .57
3 16 10.12 4.28 3.87 10.69 6.76 .57 9.45 6.79 3.76
3 16 10.69 6.76 .57 9.49015 7.39227 3.57486 9.45 6.79 3.76
3 16 9.45 6.79 3.76 9.49015 7.39227 3.57486 9.28734 7.47221 3.83041
4 322 8.68 18 3.79 8.62 13.25 4.14 9.57 13.24 2.98 9.61 18 2.62
3 322 9.57 13.24 2.98 10.45 18 .92 9.61 18 2.62
3 322 10.3 12.89 1.05 10.45 18 .92 9.57 13.24 2.98
3 322 10.23 9.47 .83 10.3 12.89 1.05 9.63 9.49 2.93
3 322 9.63 9.49 2.93 10.3 12.89 1.05 9.57 13.24 2.98
3 322 9.63 9.49 2.93 9.57 13.24 2.98 8.62 13.25 4.14
3 322 9.63 9.49 2.93 8.62 13.25 4.14 8.78 9.6 4.05
4 322 9.63 9.49 2.93 8.78 9.6 4.05 9.28734 7.47221 3.83041 9.49015 7.39227 3.57486
3 322 10.69 6.76 .57 9.63 9.49 2.93 9.49015 7.39227 3.57486
3 322 10.69 6.76 .57 10.23 9.47 .83 9.63 9.49 2.93
3 16 11 2.83 2.83 10.69 6.76 .57 10.12 4.28 3.87
3 16 11 2.83 2.83 11 3.7 1.53 10.69 6.76 .57
4 15 1.46 -4.94 3.87837 2.90536 -4.40348 4.39347 0 -4.59 4.25 0 -4.92 3.92
4 15 -1.06 -5.02 3.8043 0 -4.92 3.92 0 -4.59 4.25 -2.39846 -4.43602 4.36844
4 15 0 -4.59 4.25 2.90536 -4.40348 4.39347 1.52 -4.02 4.5219 0 -3.98 4.50417
4 15 0 -4.59 4.25 0 -3.98 4.50417 -1.34 -4.14 4.46783 -2.39846 -4.43602 4.36844
4 16 -4.05 -4.33 4.45 -2.39846 -4.43602 4.36844 -1.34 -4.14 4.46783 0 -.03 6.15
3 16 -1.34 -4.14 4.46783 0 -3.98 4.50417 0 -.03 6.15
3 16 1.52 -4.02 4.5219 0 -.03 6.15 0 -3.98 4.50417
4 16 0 -.03 6.15 1.52 -4.02 4.5219 2.90536 -4.40348 4.39347 4.05 -4.33 4.45
3 16 0 -6.54 -2.61 0 -5.07 -4.13 3.68 -6 -2.59
3 16 0 -6.54 -2.61 -3.68 -6 -2.59 0 -5.07 -4.13
3 16 0 -7.25 -.33 -4.07 -6.83 -.02 -3.68 -6 -2.59
3 16 0 -7.25 -.33 0 -6.54 -2.61 3.68 -6 -2.59
3 16 4.07 -6.83 -.02 3.92 -6.14 2.49 0 -6.37 2.47
4 16 -4.07 -6.83 -.02 0 -6.37 2.47 -3.75938 -6.14942 2.48918 -3.95502 -6.30108 1.90403
3 16 0 -6.54 -2.61 0 -7.25 -.33 -3.68 -6 -2.59
3 16 0 -6.37 2.47 -4.07 -6.83 -.02 0 -7.25 -.33
3 16 0 -6.37 2.47 0 -7.25 -.33 4.07 -6.83 -.02
3 16 0 -6.37 2.47 3.92 -6.14 2.49 2.36854 -5.17696 3.62795
4 16 0 -4.92 3.92 0 -6.37 2.47 2.36854 -5.17696 3.62795 1.46 -4.94 3.87837
3 16 0 -6.37 2.47 -2.16069 -5.28165 3.52634 -3.75938 -6.14942 2.48918
4 16 0 -6.37 2.47 0 -4.92 3.92 -1.06 -5.02 3.8043 -2.16069 -5.28165 3.52634
0 // Condlines
5 24 11 2.83 2.83 10.12 4.28 3.87 11 1.53 3.7 10.69 6.76 .57
5 24 10.12 4.28 3.87 11 1.53 3.7 11 2.83 2.83 10.27 2.05 4.57
5 24 11 4 0 10.69 6.76 .57 11 3.7 1.53 10.9 4.43 -3.25
5 24 10.69 6.76 .57 11 3.7 1.53 11 4 0 11 2.83 2.83
5 24 11 3.7 -1.53 10.9 4.43 -3.25 11 4 0 11 2.83 -2.83
5 24 10.9 4.43 -3.25 11 4 0 11 3.7 -1.53 10.69 6.76 .57
5 24 11 2.83 -2.83 10.9 4.43 -3.25 11 3.7 -1.53 9.91 4.65 -5.66
5 24 11 0 -4 10.03 1.94 -5.55 11 1.53 -3.7 9.54 .08 -5.83
5 24 10.03 1.94 -5.55 11 1.53 -3.7 11 0 -4 9.91 4.65 -5.66
5 24 4.33 18 -8.26 3.6 12.94 -8.48 0 18 -8.79 6.43 18 -7.56
5 24 3.6 12.94 -8.48 0 18 -8.79 4.33 18 -8.26 0 12.84 -8.86
5 24 3.6 12.94 -8.48 0 12.84 -8.86 0 18 -8.79 3.57 9.63 -8.57
5 24 0 12.84 -8.86 0 18 -8.79 3.6 12.94 -8.48 -3.6 12.94 -8.48
5 24 6.43 18 -7.56 6.64 13.08 -7.5 3.6 12.94 -8.48 8.67 18 -6.05
5 24 6.64 13.08 -7.5 3.6 12.94 -8.48 6.43 18 -7.56 6.8 9.72 -7.58
5 24 8.67 18 -6.05 6.64 13.08 -7.5 6.43 18 -7.56 8.7 13.2 -5.89
5 24 8.7 13.2 -5.89 6.64 13.08 -7.5 8.67 18 -6.05 8.52 9.64 -6.13
5 24 8.67 18 -6.05 8.7 13.2 -5.89 6.64 13.08 -7.5 9.37 18 -5.11
5 24 9.37 18 -5.11 8.7 13.2 -5.89 8.67 18 -6.05 9.13 13.09 -5.22
5 24 9.13 13.09 -5.22 8.7 13.2 -5.89 9.37 18 -5.11 9.21 9.34 -5.15
5 24 9.37 18 -5.11 9.13 13.09 -5.22 8.7 13.2 -5.89 10.29 18 -2.48
5 24 10.29 18 -2.48 10.07 12.95 -2.62 9.13 13.09 -5.22 10.45 18 .92
5 24 10.45 18 .92 10.07 12.95 -2.62 10.29 18 -2.48 10.3 12.89 1.05
5 24 10.3 12.89 1.05 10.07 12.95 -2.62 10.45 18 .92 10.09 9.62 -2.24
5 24 10.45 18 .92 10.3 12.89 1.05 10.07 12.95 -2.62 9.57 13.24 2.98
5 24 9.57 13.24 2.98 10.3 12.89 1.05 10.45 18 .92 9.63 9.49 2.93
5 24 10.45 18 .92 9.57 13.24 2.98 10.3 12.89 1.05 9.61 18 2.62
5 24 9.61 18 2.62 9.57 13.24 2.98 10.45 18 .92 8.62 13.25 4.14
5 24 8.62 13.25 4.14 9.57 13.24 2.98 9.61 18 2.62 9.63 9.49 2.93
5 24 8.68 18 3.79 8.62 13.25 4.14 9.57 13.24 2.98 7.67 18 4.5
5 24 7.67 18 4.5 7.8 12.9 4.76 8.68 18 3.79 4.4 13.26 5.71
5 24 7.8 12.9 4.76 8.62 13.25 4.14 8.68 18 3.79 7.98 9.58 4.67
5 24 4.4 13.26 5.71 7.67 18 4.5 4.34 18 5.73 7.8 12.9 4.76
5 24 4.34 18 5.73 4.4 13.26 5.71 7.67 18 4.5 0 13.26 5.97
5 24 4.4 13.26 5.71 7.8 12.9 4.76 7.67 18 4.5 7.98 9.58 4.67
5 24 0 13.26 5.97 4.34 18 5.73 0 18 5.91 4.4 13.26 5.71
5 24 0 18 5.91 0 13.26 5.97 4.34 18 5.73 -4.34 18 5.73
5 24 0 13.26 5.97 4.4 13.26 5.71 4.34 18 5.73 0 9.32 5.92
5 24 3.6 12.94 -8.48 3.57 9.63 -8.57 0 12.84 -8.86 6.8 9.72 -7.58
5 24 3.57 9.63 -8.57 0 12.84 -8.86 3.6 12.94 -8.48 0 9.5 -8.87
5 24 3.57 9.63 -8.57 0 9.5 -8.87 0 12.84 -8.86 0 6.85 -9.25
5 24 0 9.5 -8.87 0 12.84 -8.86 3.57 9.63 -8.57 -3.57 9.63 -8.57
5 24 6.8 9.72 -7.58 3.57 9.63 -8.57 3.6 12.94 -8.48 7.25 6.94 -8.02
5 24 3.6 12.94 -8.48 6.8 9.72 -7.58 3.57 9.63 -8.57 6.64 13.08 -7.5
5 24 6.64 13.08 -7.5 6.8 9.72 -7.58 3.6 12.94 -8.48 8.52 9.64 -6.13
5 24 8.52 9.64 -6.13 6.8 9.72 -7.58 6.64 13.08 -7.5 7.25 6.94 -8.02
5 24 6.64 13.08 -7.5 8.52 9.64 -6.13 6.8 9.72 -7.58 8.7 13.2 -5.89
5 24 8.7 13.2 -5.89 8.52 9.64 -6.13 6.64 13.08 -7.5 9.21 9.34 -5.15
5 24 9.21 9.34 -5.15 8.52 9.64 -6.13 8.7 13.2 -5.89 9.56 6.77 -5.46
5 24 8.7 13.2 -5.89 9.21 9.34 -5.15 8.52 9.64 -6.13 9.13 13.09 -5.22
5 24 9.13 13.09 -5.22 9.21 9.34 -5.15 8.7 13.2 -5.89 10.09 9.62 -2.24
5 24 10.09 9.62 -2.24 9.21 9.34 -5.15 9.13 13.09 -5.22 10.44 6.68 -2.54
5 24 9.13 13.09 -5.22 10.09 9.62 -2.24 9.21 9.34 -5.15 10.07 12.95 -2.62
5 24 10.07 12.95 -2.62 10.09 9.62 -2.24 9.13 13.09 -5.22 10.3 12.89 1.05
5 24 10.3 12.89 1.05 10.09 9.62 -2.24 10.07 12.95 -2.62 10.23 9.47 .83
5 24 10.23 9.47 .83 10.09 9.62 -2.24 10.3 12.89 1.05 10.44 6.68 -2.54
5 24 10.3 12.89 1.05 10.23 9.47 .83 10.09 9.62 -2.24 9.63 9.49 2.93
5 24 9.63 9.49 2.93 10.23 9.47 .83 10.3 12.89 1.05 10.69 6.76 .57
5 24 10.3 12.89 1.05 9.63 9.49 2.93 10.23 9.47 .83 9.57 13.24 2.98
5 24 9.57 13.24 2.98 9.63 9.49 2.93 10.3 12.89 1.05 8.62 13.25 4.14
5 24 8.78 9.6 4.05 9.63 9.49 2.93 8.62 13.25 4.14 9.45 6.79 3.76
5 24 9.63 9.49 2.93 8.62 13.25 4.14 8.78 9.6 4.05 9.57 13.24 2.98
5 24 8.62 13.25 4.14 8.78 9.6 4.05 9.63 9.49 2.93 7.8 12.9 4.76
5 24 7.8 12.9 4.76 7.98 9.58 4.67 8.62 13.25 4.14 4.4 13.26 5.71
5 24 7.98 9.58 4.67 8.78 9.6 4.05 8.62 13.25 4.14 8.09 6.81 4.83
5 24 4.04 9.68 5.69 7.98 9.58 4.67 4.4 13.26 5.71 8.09 6.81 4.83
5 24 7.98 9.58 4.67 4.4 13.26 5.71 4.04 9.68 5.69 7.8 12.9 4.76
5 24 4.4 13.26 5.71 4.04 9.68 5.69 7.98 9.58 4.67 0 9.32 5.92
5 24 0 9.32 5.92 4.04 9.68 5.69 4.4 13.26 5.71 0 6.54 6.11
5 24 0 13.26 5.97 0 9.32 5.92 4.04 9.68 5.69 -4.4 13.26 5.71
5 24 0 6.85 -9.25 0 9.5 -8.87 3.57 9.63 -8.57 -3.87 6.9 -8.96
5 24 3.57 9.63 -8.57 3.87 6.9 -8.96 0 6.85 -9.25 7.25 6.94 -8.02
5 24 1.70036 6.87197 -9.12258 0 6.85 -9.25 0 9.5 -8.87 0 4.51 -9.56
5 24 3.87 6.9 -8.96 1.70036 6.87197 -9.12258 0 9.5 -8.87 0 4.51 -9.56
5 24 7.25 6.94 -8.02 3.87 6.9 -8.96 3.57 9.63 -8.57 6.99 4.64 -8.69
5 24 3.57 9.63 -8.57 7.25 6.94 -8.02 3.87 6.9 -8.96 6.8 9.72 -7.58
5 24 6.8 9.72 -7.58 7.25 6.94 -8.02 3.57 9.63 -8.57 8.52 9.64 -6.13
5 24 8.52 9.64 -6.13 8.97 6.47 -6.67 7.25 6.94 -8.02 9.56 6.77 -5.46
5 24 8.97 6.47 -6.67 7.25 6.94 -8.02 6.8 9.72 -7.58 9.25 4.72 -6.69
5 24 9.56 6.77 -5.46 8.97 6.47 -6.67 8.52 9.64 -6.13 9.91 4.65 -5.66
5 24 8.52 9.64 -6.13 9.56 6.77 -5.46 8.97 6.47 -6.67 9.21 9.34 -5.15
5 24 9.21 9.34 -5.15 9.56 6.77 -5.46 8.52 9.64 -6.13 10.44 6.68 -2.54
5 24 10.44 6.68 -2.54 9.56 6.77 -5.46 9.21 9.34 -5.15 10.9 4.43 -3.25
5 24 9.21 9.34 -5.15 10.44 6.68 -2.54 9.56 6.77 -5.46 10.09 9.62 -2.24
5 24 10.09 9.62 -2.24 10.44 6.68 -2.54 9.21 9.34 -5.15 10.23 9.47 .83
5 24 10.69 6.76 .57 10.44 6.68 -2.54 10.23 9.47 .83 10.9 4.43 -3.25
5 24 10.44 6.68 -2.54 10.23 9.47 .83 10.69 6.76 .57 10.09 9.62 -2.24
5 24 10.23 9.47 .83 10.69 6.76 .57 10.44 6.68 -2.54 9.63 9.49 2.93
5 24 9.45 6.79 3.76 9.63 9.49 2.93 8.78 9.6 4.05 10.69 6.76 .57
5 24 8.78 9.6 4.05 9.45 6.79 3.76 9.63 9.49 2.93 7.98 9.58 4.67
5 24 7.98 9.58 4.67 8.09 6.81 4.83 8.78 9.6 4.05 4.04 9.68 5.69
5 24 8.09 6.81 4.83 9.45 6.79 3.76 8.78 9.6 4.05 10.12 4.28 3.87
5 24 4.64 6.96 5.77 8.09 6.81 4.83 4.04 9.68 5.69 8.1 4.36 5.21
5 24 8.09 6.81 4.83 4.04 9.68 5.69 4.64 6.96 5.77 7.98 9.58 4.67
5 24 4.04 9.68 5.69 4.64 6.96 5.77 8.09 6.81 4.83 0 6.54 6.11
5 24 0 6.54 6.11 4.04 9.68 5.69 0 9.32 5.92 4.64 6.96 5.77
5 24 0 9.32 5.92 0 6.54 6.11 4.04 9.68 5.69 -4.04 9.68 5.69
5 24 0 6.54 6.11 4.64 6.96 5.77 4.04 9.68 5.69 4.61 4.7 6
5 24 0 4.51 -9.56 0 6.85 -9.25 3.87 6.9 -8.96 -4.37 4.31 -9.23
5 24 3.87 6.9 -8.96 4.37 4.31 -9.23 0 4.51 -9.56 6.99 4.64 -8.69
5 24 4.37 4.31 -9.23 0 4.51 -9.56 0 6.85 -9.25 0 2.06 -8.99
5 24 6.99 4.64 -8.69 4.37 4.31 -9.23 3.87 6.9 -8.96 4.41 2.39 -8.84
5 24 3.87 6.9 -8.96 6.99 4.64 -8.69 4.37 4.31 -9.23 7.25 6.94 -8.02
5 24 7.25 6.94 -8.02 6.99 4.64 -8.69 3.87 6.9 -8.96 9.25 4.72 -6.69
5 24 9.25 4.72 -6.69 6.99 4.64 -8.69 7.25 6.94 -8.02 9 2.1 -6.71
5 24 7.25 6.94 -8.02 9.25 4.72 -6.69 6.99 4.64 -8.69 8.97 6.47 -6.67
5 24 8.97 6.47 -6.67 9.25 4.72 -6.69 7.25 6.94 -8.02 9.91 4.65 -5.66
5 24 9.91 4.65 -5.66 9.25 4.72 -6.69 8.97 6.47 -6.67 9 2.1 -6.71
5 24 8.97 6.47 -6.67 9.91 4.65 -5.66 9.25 4.72 -6.69 9.56 6.77 -5.46
5 24 9.56 6.77 -5.46 9.91 4.65 -5.66 8.97 6.47 -6.67 10.9 4.43 -3.25
5 24 10.9 4.43 -3.25 9.91 4.65 -5.66 9.56 6.77 -5.46 11 2.83 -2.83
5 24 9.56 6.77 -5.46 10.9 4.43 -3.25 9.91 4.65 -5.66 10.44 6.68 -2.54
5 24 10.44 6.68 -2.54 10.9 4.43 -3.25 9.56 6.77 -5.46 10.69 6.76 .57
5 24 10.9 4.43 -3.25 10.69 6.76 .57 11 4 0 10.44 6.68 -2.54
5 24 9.45 6.79 3.76 10.12 4.28 3.87 10.69 6.76 .57 8.09 6.81 4.83
5 24 10.12 4.28 3.87 10.69 6.76 .57 9.45 6.79 3.76 11 2.83 2.83
5 24 10.69 6.76 .57 9.45 6.79 3.76 10.12 4.28 3.87 9.63 9.49 2.93
5 24 8.1 4.36 5.21 10.12 4.28 3.87 8.09 6.81 4.83 10.27 2.05 4.57
5 24 10.12 4.28 3.87 8.09 6.81 4.83 8.1 4.36 5.21 9.45 6.79 3.76
5 24 8.09 6.81 4.83 8.1 4.36 5.21 10.12 4.28 3.87 4.64 6.96 5.77
5 24 4.61 4.7 6 8.1 4.36 5.21 4.64 6.96 5.77 8.09 1.98 5.5
5 24 8.1 4.36 5.21 4.64 6.96 5.77 4.61 4.7 6 8.09 6.81 4.83
5 24 4.64 6.96 5.77 4.61 4.7 6 8.1 4.36 5.21 0 6.54 6.11
5 24 0 6.54 6.11 4.61 4.7 6 4.64 6.96 5.77 0 4.69 6.26
5 24 0 4.69 6.26 4.61 4.7 6 0 6.54 6.11 0 1.73 6.27
5 24 0 6.54 6.11 0 4.69 6.26 4.61 4.7 6 -4.61 4.7 6
5 24 4.37 4.31 -9.23 0 2.06 -8.99 0 4.51 -9.56 4.41 2.39 -8.84
5 24 0 2.06 -8.99 0 4.51 -9.56 4.37 4.31 -9.23 -4.37 4.31 -9.23
5 24 4.41 2.39 -8.84 0 2.06 -8.99 4.37 4.31 -9.23 3.72 .07 -7.58
5 24 4.37 4.31 -9.23 4.41 2.39 -8.84 0 2.06 -8.99 6.99 4.64 -8.69
5 24 9 2.1 -6.71 7.24 2.4 -8.04 6.99 4.64 -8.69 6.74 0 -7
5 24 7.24 2.4 -8.04 6.99 4.64 -8.69 9 2.1 -6.71 4.41 2.39 -8.84
5 24 6.99 4.64 -8.69 9 2.1 -6.71 7.24 2.4 -8.04 9.25 4.72 -6.69
5 24 9.25 4.72 -6.69 9 2.1 -6.71 6.99 4.64 -8.69 9.91 4.65 -5.66
5 24 9.91 4.65 -5.66 9 2.1 -6.71 9.25 4.72 -6.69 10.03 1.94 -5.55
5 24 10.03 1.94 -5.55 9 2.1 -6.71 9.91 4.65 -5.66 9.54 .08 -5.83
5 24 9.91 4.65 -5.66 10.03 1.94 -5.55 9 2.1 -6.71 11 1.53 -3.7
5 24 11 2.83 -2.83 9.91 4.65 -5.66 10.9 4.43 -3.25 11 1.53 -3.7
5 24 10.27 2.05 4.57 11 1.53 3.7 10.12 4.28 3.87 9.45 .13 5.12
5 24 10.12 4.28 3.87 10.27 2.05 4.57 11 1.53 3.7 8.1 4.36 5.21
5 24 8.09 1.98 5.5 10.27 2.05 4.57 8.1 4.36 5.21 9.45 .13 5.12
5 24 10.27 2.05 4.57 8.1 4.36 5.21 8.09 1.98 5.5 10.12 4.28 3.87
5 24 8.1 4.36 5.21 8.09 1.98 5.5 10.27 2.05 4.57 4.61 4.7 6
5 24 4.42 2.01 6.03 8.09 1.98 5.5 4.61 4.7 6 4.39 .28 6
5 24 8.09 1.98 5.5 4.61 4.7 6 4.42 2.01 6.03 8.1 4.36 5.21
5 24 4.61 4.7 6 4.42 2.01 6.03 8.09 1.98 5.5 0 1.73 6.27
5 24 0 1.73 6.27 4.42 2.01 6.03 4.61 4.7 6 4.39 .28 6
5 24 0 4.69 6.26 0 1.73 6.27 4.42 2.01 6.03 -4.61 4.7 6
5 24 4.41 2.39 -8.84 3.72 .07 -7.58 0 2.06 -8.99 6.74 0 -7
5 24 3.72 .07 -7.58 0 2.06 -8.99 4.41 2.39 -8.84 0 -.04 -7.75
5 24 3.72 .07 -7.58 0 -.04 -7.75 0 2.06 -8.99 3.77 -2.6 -5.67
5 24 0 -.04 -7.75 0 2.06 -8.99 3.72 .07 -7.58 -3.72 .07 -7.58
5 24 7.24 2.4 -8.04 6.74 0 -7 4.41 2.39 -8.84 9 2.1 -6.71
5 24 6.74 0 -7 4.41 2.39 -8.84 7.24 2.4 -8.04 3.72 .07 -7.58
5 24 4.41 2.39 -8.84 7.24 2.4 -8.04 6.74 0 -7 6.99 4.64 -8.69
5 24 6.74 0 -7 3.72 .07 -7.58 4.41 2.39 -8.84 3.77 -2.6 -5.67
5 24 9 2.1 -6.71 6.74 0 -7 7.24 2.4 -8.04 9.54 .08 -5.83
5 24 9.54 .08 -5.83 6.74 0 -7 9 2.1 -6.71 6.87 -2.65 -5.23
5 24 9 2.1 -6.71 9.54 .08 -5.83 6.74 0 -7 10.03 1.94 -5.55
5 24 10.03 1.94 -5.55 9.54 .08 -5.83 9 2.1 -6.71 11 0 -4
5 24 11 0 -4 9.54 .08 -5.83 10.03 1.94 -5.55 11 -1.53 -3.7
5 24 9.45 .13 5.12 11 1.53 3.7 10.27 2.05 4.57 11 0 4
5 24 10.27 2.05 4.57 9.45 .13 5.12 11 1.53 3.7 8.09 1.98 5.5
5 24 9.45 .13 5.12 11 0 4 11 1.53 3.7 11 -1.53 3.7
5 24 8.09 1.98 5.5 9.45 .13 5.12 10.27 2.05 4.57 7.3 -.02 5.6
5 24 7.3 -.02 5.6 9.45 .13 5.12 8.09 1.98 5.5 9.51 -3.77 3.74
5 24 8.09 1.98 5.5 7.3 -.02 5.6 9.45 .13 5.12 4.39 .28 6
5 24 4.39 .28 6 7.3 -.02 5.6 8.09 1.98 5.5 4.05 -4.33 4.45
5 24 4.42 2.01 6.03 4.39 .28 6 7.3 -.02 5.6 0 1.73 6.27
5 24 0 1.73 6.27 4.39 .28 6 4.42 2.01 6.03 0 -.03 6.15
5 24 0 -.03 6.15 4.39 .28 6 0 1.73 6.27 4.05 -4.33 4.45
5 24 0 1.73 6.27 0 -.03 6.15 4.39 .28 6 -4.39 .28 6
5 24 3.72 .07 -7.58 3.77 -2.6 -5.67 0 -2.95 -5.7 6.74 0 -7
5 24 3.77 -2.6 -5.67 0 -2.95 -5.7 3.72 .07 -7.58 0 -5.07 -4.13
5 24 0 -2.95 -5.7 0 -.04 -7.75 3.72 .07 -7.58 -3.77 -2.6 -5.67
5 24 6.74 0 -7 3.77 -2.6 -5.67 3.72 .07 -7.58 6.87 -2.65 -5.23
5 24 6.87 -2.65 -5.23 3.77 -2.6 -5.67 6.74 0 -7 6.87 -3.96 -4.1
5 24 6.74 0 -7 6.87 -2.65 -5.23 3.77 -2.6 -5.67 9.54 .08 -5.83
5 24 9.54 .08 -5.83 6.87 -2.65 -5.23 6.74 0 -7 9.59 -3.98 -3.46
5 24 11 -1.53 -3.7 9.54 .08 -5.83 11 0 -4 9.59 -3.98 -3.46
5 24 6.87 -2.65 -5.23 6.87 -3.96 -4.1 3.83 -5.14 -3.52 9.59 -3.98 -3.46
5 24 6.87 -3.96 -4.1 3.83 -5.14 -3.52 6.87 -2.65 -5.23 6.83 -5.77 -2
5 24 3.83 -5.14 -3.52 3.77 -2.6 -5.67 6.87 -2.65 -5.23 0 -5.07 -4.13
5 24 9.59 -3.98 -3.46 6.87 -3.96 -4.1 6.87 -2.65 -5.23 6.83 -5.77 -2
5 24 6.87 -2.65 -5.23 9.59 -3.98 -3.46 6.87 -3.96 -4.1 9.54 .08 -5.83
5 24 9.54 .08 -5.83 9.59 -3.98 -3.46 6.87 -2.65 -5.23 11 -1.53 -3.7
5 24 11 -1.53 -3.7 9.59 -3.98 -3.46 9.54 .08 -5.83 11 -2.83 -2.83
5 24 11 -2.83 -2.83 9.59 -3.98 -3.46 11 -1.53 -3.7 11 -3.7 -1.53
5 24 3.83 -5.14 -3.52 3.68 -6 -2.59 0 -5.07 -4.13 6.83 -5.77 -2
5 24 3.68 -6 -2.59 0 -5.07 -4.13 3.83 -5.14 -3.52 0 -6.54 -2.61
5 24 0 -5.07 -4.13 3.83 -5.14 -3.52 3.68 -6 -2.59 3.77 -2.6 -5.67
5 24 3.68 -6 -2.59 0 -6.54 -2.61 0 -5.07 -4.13 0 -7.25 -.33
5 24 0 -6.54 -2.61 0 -5.07 -4.13 3.68 -6 -2.59 -3.68 -6 -2.59
5 24 6.87 -3.96 -4.1 6.83 -5.77 -2 3.83 -5.14 -3.52 9.59 -3.98 -3.46
5 24 6.83 -5.77 -2 3.83 -5.14 -3.52 6.87 -3.96 -4.1 3.68 -6 -2.59
5 24 6.83 -5.77 -2 3.68 -6 -2.59 3.83 -5.14 -3.52 4.07 -6.83 -.02
5 24 11 -3.7 -1.53 9.59 -3.98 -3.46 11 -2.83 -2.83 9.59 -5.08 -1.98
5 24 11 -3.7 -1.53 9.59 -5.08 -1.98 9.59 -3.98 -3.46 11 -4 0
5 24 9.59 -5.08 -1.98 9.59 -3.98 -3.46 11 -3.7 -1.53 6.83 -5.77 -2
5 24 3.68 -6 -2.59 0 -7.25 -.33 0 -6.54 -2.61 4.07 -6.83 -.02
5 24 0 -7.25 -.33 0 -6.54 -2.61 3.68 -6 -2.59 -3.68 -6 -2.59
5 24 4.07 -6.83 -.02 0 -7.25 -.33 3.68 -6 -2.59 0 -6.37 2.47
5 24 6.83 -5.77 -2 4.07 -6.83 -.02 3.68 -6 -2.59 6.89 -6.34 .08
5 24 6.89 -6.34 .08 4.07 -6.83 -.02 6.83 -5.77 -2 3.92 -6.14 2.49
5 24 6.83 -5.77 -2 6.89 -6.34 .08 4.07 -6.83 -.02 9.06 -5.7 .02
5 24 9.06 -5.7 .02 6.89 -6.34 .08 6.83 -5.77 -2 9.62 -4.97 2.24
5 24 6.83 -5.77 -2 9.06 -5.7 .02 6.89 -6.34 .08 9.59 -5.08 -1.98
5 24 9.59 -5.08 -1.98 9.06 -5.7 .02 6.83 -5.77 -2 11 -4 0
5 24 6.83 -5.77 -2 9.59 -5.08 -1.98 9.06 -5.7 .02 9.59 -3.98 -3.46
5 24 11 -4 0 9.06 -5.7 .02 9.59 -5.08 -1.98 11 -3.7 1.53
5 24 9.59 -5.08 -1.98 11 -4 0 9.06 -5.7 .02 11 -3.7 -1.53
5 24 4.07 -6.83 -.02 0 -6.37 2.47 0 -7.25 -.33 3.92 -6.14 2.49
5 24 0 -6.37 2.47 0 -7.25 -.33 4.07 -6.83 -.02 -4.07 -6.83 -.02
5 24 3.92 -6.14 2.49 0 -6.37 2.47 4.07 -6.83 -.02 4.05 -4.33 4.45
5 24 4.07 -6.83 -.02 3.92 -6.14 2.49 0 -6.37 2.47 6.89 -6.34 .08
5 24 6.89 -6.34 .08 3.92 -6.14 2.49 4.07 -6.83 -.02 7.17 -5.75 2.24
5 24 7.17 -5.75 2.24 3.92 -6.14 2.49 6.89 -6.34 .08 7.27 -4.18 4.07
5 24 6.89 -6.34 .08 7.17 -5.75 2.24 3.92 -6.14 2.49 9.62 -4.97 2.24
5 24 9.62 -4.97 2.24 7.17 -5.75 2.24 6.89 -6.34 .08 7.27 -4.18 4.07
5 24 6.89 -6.34 .08 9.62 -4.97 2.24 7.17 -5.75 2.24 9.06 -5.7 .02
5 24 9.06 -5.7 .02 9.62 -4.97 2.24 6.89 -6.34 .08 11 -3.7 1.53
5 24 11 -3.7 1.53 9.62 -4.97 2.24 9.06 -5.7 .02 11 -2.83 2.83
5 24 9.06 -5.7 .02 11 -3.7 1.53 9.62 -4.97 2.24 11 -4 0
5 24 4.05 -4.33 4.45 0 -4.59 4.25 0 -6.37 2.47 0 -.03 6.15
5 24 0 -4.59 4.25 0 -6.37 2.47 4.05 -4.33 4.45 -4.05 -4.33 4.45
5 24 0 -6.37 2.47 4.05 -4.33 4.45 0 -4.59 4.25 3.92 -6.14 2.49
5 24 3.92 -6.14 2.49 4.05 -4.33 4.45 0 -6.37 2.47 7.27 -4.18 4.07
5 24 7.27 -4.18 4.07 4.05 -4.33 4.45 3.92 -6.14 2.49 7.3 -.02 5.6
5 24 3.92 -6.14 2.49 7.27 -4.18 4.07 4.05 -4.33 4.45 7.17 -5.75 2.24
5 24 7.17 -5.75 2.24 7.27 -4.18 4.07 3.92 -6.14 2.49 9.62 -4.97 2.24
5 24 9.62 -4.97 2.24 9.51 -3.77 3.74 7.27 -4.18 4.07 11 -2.83 2.83
5 24 9.51 -3.77 3.74 7.27 -4.18 4.07 7.17 -5.75 2.24 7.3 -.02 5.6
5 24 11 -2.83 2.83 9.51 -3.77 3.74 9.62 -4.97 2.24 11 -1.53 3.7
5 24 9.62 -4.97 2.24 11 -2.83 2.83 9.51 -3.77 3.74 11 -3.7 1.53
5 24 4.39 .28 6 4.05 -4.33 4.45 7.3 -.02 5.6 0 -.03 6.15
5 24 4.05 -4.33 4.45 7.3 -.02 5.6 4.39 .28 6 7.27 -4.18 4.07
5 24 7.27 -4.18 4.07 7.3 -.02 5.6 4.05 -4.33 4.45 9.51 -3.77 3.74
5 24 9.51 -3.77 3.74 7.3 -.02 5.6 7.27 -4.18 4.07 9.45 .13 5.12
5 24 9.51 -3.77 3.74 9.45 .13 5.12 7.3 -.02 5.6 11 -1.53 3.7
5 24 11 -1.53 3.7 9.45 .13 5.12 9.51 -3.77 3.74 11 0 4
5 24 9.51 -3.77 3.74 11 -1.53 3.7 9.45 .13 5.12 11 -2.83 2.83
5 24 9.59 -3.98 -3.46 6.83 -5.77 -2 6.87 -3.96 -4.1 9.59 -5.08 -1.98
5 24 10.69 6.76 .57 9.63 9.49 2.93 9.45 6.79 3.76 10.23 9.47 .83
5 24 0 -.03 6.15 4.05 -4.33 4.45 4.39 .28 6 0 -4.59 4.25
5 24 0 -.03 6.15 0 -4.59 4.25 4.05 -4.33 4.45 -4.05 -4.33 4.45
5 24 11 2.83 2.83 10.69 6.76 .57 10.12 4.28 3.87 11 3.7 1.53
5 24 11 1.53 -3.7 9.91 4.65 -5.66 11 2.83 -2.83 10.03 1.94 -5.55
5 24 3.77 -2.6 -5.67 0 -5.07 -4.13 0 -2.95 -5.7 3.83 -5.14 -3.52
5 24 0 -5.07 -4.13 0 -2.95 -5.7 3.77 -2.6 -5.67 -3.77 -2.6 -5.67
5 24 4.41 2.39 -8.84 6.99 4.64 -8.69 7.24 2.4 -8.04 4.37 4.31 -9.23
5 24 -11 1.53 3.7 -10.12 4.28 3.87 -11 2.83 2.83 -10.27 2.05 4.57
5 24 -10.12 4.28 3.87 -11 2.83 2.83 -11 1.53 3.7 -10.69 6.76 .57
5 24 -10.69 6.76 .57 -11 4 0 -11 3.7 1.53 -10.9 4.43 -3.25
5 24 -11 3.7 1.53 -10.69 6.76 .57 -11 4 0 -11 2.83 2.83
5 24 -10.9 4.43 -3.25 -11 3.7 -1.53 -11 4 0 -11 2.83 -2.83
5 24 -11 4 0 -10.9 4.43 -3.25 -11 3.7 -1.53 -10.69 6.76 .57
5 24 -10.9 4.43 -3.25 -11 2.83 -2.83 -11 3.7 -1.53 -9.91 4.65 -5.66
5 24 -10.03 1.94 -5.55 -11 0 -4 -11 1.53 -3.7 -9.54 .08 -5.83
5 24 -11 1.53 -3.7 -10.03 1.94 -5.55 -11 0 -4 -9.91 4.65 -5.66
5 24 0 18 -8.79 -3.6 12.94 -8.48 -4.33 18 -8.26 0 12.84 -8.86
5 24 -3.6 12.94 -8.48 -4.33 18 -8.26 0 18 -8.79 -6.64 13.08 -7.5
5 24 0 12.84 -8.86 -3.6 12.94 -8.48 0 18 -8.79 -3.57 9.63 -8.57
5 24 -3.6 12.94 -8.48 -6.64 13.08 -7.5 -4.33 18 -8.26 -6.8 9.72 -7.58
5 24 -6.64 13.08 -7.5 -6.43 18 -7.56 -4.33 18 -8.26 -8.67 18 -6.05
5 24 -6.64 13.08 -7.5 -8.67 18 -6.05 -6.43 18 -7.56 -8.7 13.2 -5.89
5 24 -6.64 13.08 -7.5 -8.7 13.2 -5.89 -8.67 18 -6.05 -8.52 9.64 -6.13
5 24 -8.7 13.2 -5.89 -8.67 18 -6.05 -6.64 13.08 -7.5 -9.37 18 -5.11
5 24 -8.7 13.2 -5.89 -9.37 18 -5.11 -8.67 18 -6.05 -9.13 13.09 -5.22
5 24 -8.7 13.2 -5.89 -9.13 13.09 -5.22 -9.37 18 -5.11 -9.21 9.34 -5.15
5 24 -9.13 13.09 -5.22 -9.37 18 -5.11 -8.7 13.2 -5.89 -10.07 12.95 -2.62
5 24 -9.13 13.09 -5.22 -10.07 12.95 -2.62 -9.37 18 -5.11 -10.09 9.62 -2.24
5 24 -10.07 12.95 -2.62 -10.29 18 -2.48 -9.37 18 -5.11 -10.45 18 .92
5 24 -10.07 12.95 -2.62 -10.45 18 .92 -10.29 18 -2.48 -10.3 12.89 1.05
5 24 -10.07 12.95 -2.62 -10.3 12.89 1.05 -10.45 18 .92 -10.09 9.62 -2.24
5 24 -10.3 12.89 1.05 -10.45 18 .92 -10.07 12.95 -2.62 -9.57 13.24 2.98
5 24 -10.3 12.89 1.05 -9.57 13.24 2.98 -10.45 18 .92 -9.63 9.49 2.93
5 24 -9.57 13.24 2.98 -10.45 18 .92 -10.3 12.89 1.05 -9.61 18 2.62
5 24 -9.57 13.24 2.98 -9.61 18 2.62 -10.45 18 .92 -8.68 18 3.79
5 24 -9.57 13.24 2.98 -8.62 13.25 4.14 -8.68 18 3.79 -9.63 9.49 2.93
5 24 -8.62 13.25 4.14 -8.68 18 3.79 -9.61 18 2.62 -7.8 12.9 4.76
5 24 -8.62 13.25 4.14 -7.8 12.9 4.76 -7.67 18 4.5 -8.78 9.6 4.05
5 24 -7.8 12.9 4.76 -7.67 18 4.5 -8.62 13.25 4.14 -4.4 13.26 5.71
5 24 -7.67 18 4.5 -4.4 13.26 5.71 -4.34 18 5.73 -7.8 12.9 4.76
5 24 -4.4 13.26 5.71 -4.34 18 5.73 -7.67 18 4.5 0 13.26 5.97
5 24 -7.8 12.9 4.76 -4.4 13.26 5.71 -7.67 18 4.5 -7.98 9.58 4.67
5 24 -4.34 18 5.73 0 13.26 5.97 0 18 5.91 -4.4 13.26 5.71
5 24 -4.4 13.26 5.71 0 13.26 5.97 -4.34 18 5.73 -4.04 9.68 5.69
5 24 0 12.84 -8.86 -3.57 9.63 -8.57 -3.6 12.94 -8.48 0 9.5 -8.87
5 24 -3.57 9.63 -8.57 -3.6 12.94 -8.48 0 12.84 -8.86 -6.8 9.72 -7.58
5 24 0 9.5 -8.87 -3.57 9.63 -8.57 0 12.84 -8.86 -3.87 6.9 -8.96
5 24 -3.57 9.63 -8.57 -6.8 9.72 -7.58 -3.6 12.94 -8.48 -7.25 6.94 -8.02
5 24 -6.8 9.72 -7.58 -3.6 12.94 -8.48 -3.57 9.63 -8.57 -6.64 13.08 -7.5
5 24 -6.8 9.72 -7.58 -6.64 13.08 -7.5 -3.6 12.94 -8.48 -8.52 9.64 -6.13
5 24 -6.8 9.72 -7.58 -8.52 9.64 -6.13 -6.64 13.08 -7.5 -8.97 6.47 -6.67
5 24 -8.52 9.64 -6.13 -6.64 13.08 -7.5 -6.8 9.72 -7.58 -8.7 13.2 -5.89
5 24 -8.52 9.64 -6.13 -8.7 13.2 -5.89 -6.64 13.08 -7.5 -9.21 9.34 -5.15
5 24 -8.52 9.64 -6.13 -9.21 9.34 -5.15 -8.7 13.2 -5.89 -9.56 6.77 -5.46
5 24 -9.21 9.34 -5.15 -8.7 13.2 -5.89 -8.52 9.64 -6.13 -9.13 13.09 -5.22
5 24 -9.21 9.34 -5.15 -9.13 13.09 -5.22 -8.7 13.2 -5.89 -10.09 9.62 -2.24
5 24 -9.21 9.34 -5.15 -10.09 9.62 -2.24 -9.13 13.09 -5.22 -10.44 6.68 -2.54
5 24 -10.09 9.62 -2.24 -9.13 13.09 -5.22 -9.21 9.34 -5.15 -10.07 12.95 -2.62
5 24 -10.09 9.62 -2.24 -10.07 12.95 -2.62 -9.13 13.09 -5.22 -10.3 12.89 1.05
5 24 -10.09 9.62 -2.24 -10.3 12.89 1.05 -10.07 12.95 -2.62 -10.23 9.47 .83
5 24 -10.09 9.62 -2.24 -10.23 9.47 .83 -10.3 12.89 1.05 -10.44 6.68 -2.54
5 24 -10.23 9.47 .83 -10.3 12.89 1.05 -10.09 9.62 -2.24 -9.63 9.49 2.93
5 24 -10.23 9.47 .83 -9.63 9.49 2.93 -10.3 12.89 1.05 -10.69 6.76 .57
5 24 -9.63 9.49 2.93 -10.3 12.89 1.05 -10.23 9.47 .83 -9.57 13.24 2.98
5 24 -9.63 9.49 2.93 -9.57 13.24 2.98 -10.3 12.89 1.05 -8.62 13.25 4.14
5 24 -8.62 13.25 4.14 -9.63 9.49 2.93 -8.78 9.6 4.05 -9.57 13.24 2.98
5 24 -9.63 9.49 2.93 -8.78 9.6 4.05 -8.62 13.25 4.14 -9.45 6.79 3.76
5 24 -8.78 9.6 4.05 -8.62 13.25 4.14 -9.63 9.49 2.93 -7.98 9.58 4.67
5 24 -8.78 9.6 4.05 -7.98 9.58 4.67 -7.8 12.9 4.76 -9.45 6.79 3.76
5 24 -7.98 9.58 4.67 -7.8 12.9 4.76 -8.78 9.6 4.05 -4.4 13.26 5.71
5 24 -4.4 13.26 5.71 -7.98 9.58 4.67 -4.04 9.68 5.69 -7.8 12.9 4.76
5 24 -7.98 9.58 4.67 -4.04 9.68 5.69 -4.4 13.26 5.71 -8.09 6.81 4.83
5 24 -4.04 9.68 5.69 -4.4 13.26 5.71 -7.98 9.58 4.67 0 13.26 5.97
5 24 -4.04 9.68 5.69 0 9.32 5.92 0 13.26 5.97 0 6.54 6.11
5 24 -3.87 6.9 -8.96 -3.57 9.63 -8.57 0 9.5 -8.87 -7.25 6.94 -8.02
5 24 0 6.85 -9.25 -3.87 6.9 -8.96 -3.57 9.63 -8.57 -4.37 4.31 -9.23
5 24 -3.87 6.9 -8.96 -7.25 6.94 -8.02 -3.57 9.63 -8.57 -6.99 4.64 -8.69
5 24 -7.25 6.94 -8.02 -3.57 9.63 -8.57 -3.87 6.9 -8.96 -6.8 9.72 -7.58
5 24 -7.25 6.94 -8.02 -6.8 9.72 -7.58 -3.57 9.63 -8.57 -8.97 6.47 -6.67
5 24 -8.97 6.47 -6.67 -8.52 9.64 -6.13 -6.8 9.72 -7.58 -9.56 6.77 -5.46
5 24 -7.25 6.94 -8.02 -8.97 6.47 -6.67 -8.52 9.64 -6.13 -9.25 4.72 -6.69
5 24 -8.97 6.47 -6.67 -9.56 6.77 -5.46 -8.52 9.64 -6.13 -9.91 4.65 -5.66
5 24 -9.56 6.77 -5.46 -8.52 9.64 -6.13 -8.97 6.47 -6.67 -9.21 9.34 -5.15
5 24 -9.56 6.77 -5.46 -9.21 9.34 -5.15 -8.52 9.64 -6.13 -10.44 6.68 -2.54
5 24 -9.56 6.77 -5.46 -10.44 6.68 -2.54 -9.21 9.34 -5.15 -10.9 4.43 -3.25
5 24 -10.44 6.68 -2.54 -9.21 9.34 -5.15 -9.56 6.77 -5.46 -10.09 9.62 -2.24
5 24 -10.44 6.68 -2.54 -10.09 9.62 -2.24 -9.21 9.34 -5.15 -10.23 9.47 .83
5 24 -10.23 9.47 .83 -10.44 6.68 -2.54 -10.69 6.76 .57 -10.09 9.62 -2.24
5 24 -10.44 6.68 -2.54 -10.69 6.76 .57 -10.23 9.47 .83 -10.9 4.43 -3.25
5 24 -10.69 6.76 .57 -10.23 9.47 .83 -10.44 6.68 -2.54 -9.63 9.49 2.93
5 24 -9.63 9.49 2.93 -9.45 6.79 3.76 -8.78 9.6 4.05 -10.69 6.76 .57
5 24 -9.45 6.79 3.76 -8.78 9.6 4.05 -9.63 9.49 2.93 -8.09 6.81 4.83
5 24 -9.45 6.79 3.76 -8.09 6.81 4.83 -7.98 9.58 4.67 -10.12 4.28 3.87
5 24 -8.09 6.81 4.83 -7.98 9.58 4.67 -9.45 6.79 3.76 -4.04 9.68 5.69
5 24 -4.04 9.68 5.69 -8.09 6.81 4.83 -4.64 6.96 5.77 -7.98 9.58 4.67
5 24 -8.09 6.81 4.83 -4.64 6.96 5.77 -4.04 9.68 5.69 -8.1 4.36 5.21
5 24 -4.64 6.96 5.77 -4.04 9.68 5.69 -8.09 6.81 4.83 0 6.54 6.11
5 24 -4.04 9.68 5.69 0 6.54 6.11 0 9.32 5.92 -4.64 6.96 5.77
5 24 -4.64 6.96 5.77 0 6.54 6.11 -4.04 9.68 5.69 -4.61 4.7 6
5 24 -4.37 4.31 -9.23 -3.87 6.9 -8.96 0 6.85 -9.25 -6.99 4.64 -8.69
5 24 0 4.51 -9.56 -4.37 4.31 -9.23 -3.87 6.9 -8.96 0 2.06 -8.99
5 24 -4.37 4.31 -9.23 -6.99 4.64 -8.69 -3.87 6.9 -8.96 -4.41 2.39 -8.84
5 24 -6.99 4.64 -8.69 -3.87 6.9 -8.96 -4.37 4.31 -9.23 -7.25 6.94 -8.02
5 24 -6.99 4.64 -8.69 -7.25 6.94 -8.02 -3.87 6.9 -8.96 -9.25 4.72 -6.69
5 24 -6.99 4.64 -8.69 -9.25 4.72 -6.69 -7.25 6.94 -8.02 -9 2.1 -6.71
5 24 -9.25 4.72 -6.69 -7.25 6.94 -8.02 -6.99 4.64 -8.69 -8.97 6.47 -6.67
5 24 -9.25 4.72 -6.69 -8.97 6.47 -6.67 -7.25 6.94 -8.02 -9.91 4.65 -5.66
5 24 -9.25 4.72 -6.69 -9.91 4.65 -5.66 -8.97 6.47 -6.67 -9 2.1 -6.71
5 24 -9.91 4.65 -5.66 -8.97 6.47 -6.67 -9.25 4.72 -6.69 -9.56 6.77 -5.46
5 24 -9.91 4.65 -5.66 -9.56 6.77 -5.46 -8.97 6.47 -6.67 -10.9 4.43 -3.25
5 24 -9.91 4.65 -5.66 -10.9 4.43 -3.25 -9.56 6.77 -5.46 -11 2.83 -2.83
5 24 -10.9 4.43 -3.25 -9.56 6.77 -5.46 -9.91 4.65 -5.66 -10.44 6.68 -2.54
5 24 -10.9 4.43 -3.25 -10.44 6.68 -2.54 -9.56 6.77 -5.46 -10.69 6.76 .57
5 24 -10.69 6.76 .57 -10.9 4.43 -3.25 -11 4 0 -10.44 6.68 -2.54
5 24 -10.69 6.76 .57 -10.12 4.28 3.87 -9.45 6.79 3.76 -11 2.83 2.83
5 24 -10.12 4.28 3.87 -9.45 6.79 3.76 -10.69 6.76 .57 -8.09 6.81 4.83
5 24 -9.45 6.79 3.76 -10.69 6.76 .57 -10.12 4.28 3.87 -9.63 9.49 2.93
5 24 -8.09 6.81 4.83 -10.12 4.28 3.87 -8.1 4.36 5.21 -9.45 6.79 3.76
5 24 -10.12 4.28 3.87 -8.1 4.36 5.21 -8.09 6.81 4.83 -10.27 2.05 4.57
5 24 -8.1 4.36 5.21 -8.09 6.81 4.83 -10.12 4.28 3.87 -4.64 6.96 5.77
5 24 -4.64 6.96 5.77 -8.1 4.36 5.21 -4.61 4.7 6 -8.09 6.81 4.83
5 24 -8.1 4.36 5.21 -4.61 4.7 6 -4.64 6.96 5.77 -8.09 1.98 5.5
5 24 -4.61 4.7 6 -4.64 6.96 5.77 -8.1 4.36 5.21 0 6.54 6.11
5 24 -4.61 4.7 6 0 6.54 6.11 -4.64 6.96 5.77 0 4.69 6.26
5 24 -4.61 4.7 6 0 4.69 6.26 0 6.54 6.11 -4.42 2.01 6.03
5 24 0 2.06 -8.99 -4.37 4.31 -9.23 0 4.51 -9.56 -4.41 2.39 -8.84
5 24 0 2.06 -8.99 -4.41 2.39 -8.84 -4.37 4.31 -9.23 -3.72 .07 -7.58
5 24 -4.41 2.39 -8.84 -4.37 4.31 -9.23 0 2.06 -8.99 -6.99 4.64 -8.69
5 24 -6.99 4.64 -8.69 -7.24 2.4 -8.04 -9 2.1 -6.71 -4.41 2.39 -8.84
5 24 -7.24 2.4 -8.04 -9 2.1 -6.71 -6.99 4.64 -8.69 -6.74 0 -7
5 24 -9 2.1 -6.71 -6.99 4.64 -8.69 -7.24 2.4 -8.04 -9.25 4.72 -6.69
5 24 -9 2.1 -6.71 -9.25 4.72 -6.69 -6.99 4.64 -8.69 -9.91 4.65 -5.66
5 24 -9 2.1 -6.71 -9.91 4.65 -5.66 -9.25 4.72 -6.69 -10.03 1.94 -5.55
5 24 -9 2.1 -6.71 -10.03 1.94 -5.55 -9.91 4.65 -5.66 -9.54 .08 -5.83
5 24 -10.03 1.94 -5.55 -9.91 4.65 -5.66 -9 2.1 -6.71 -11 1.53 -3.7
5 24 -9.91 4.65 -5.66 -11 2.83 -2.83 -10.9 4.43 -3.25 -11 1.53 -3.7
5 24 -11 1.53 3.7 -10.27 2.05 4.57 -10.12 4.28 3.87 -9.45 .13 5.12
5 24 -10.27 2.05 4.57 -10.12 4.28 3.87 -11 1.53 3.7 -8.1 4.36 5.21
5 24 -8.1 4.36 5.21 -10.27 2.05 4.57 -8.09 1.98 5.5 -10.12 4.28 3.87
5 24 -10.27 2.05 4.57 -8.09 1.98 5.5 -8.1 4.36 5.21 -9.45 .13 5.12
5 24 -8.09 1.98 5.5 -8.1 4.36 5.21 -10.27 2.05 4.57 -4.61 4.7 6
5 24 -4.61 4.7 6 -8.09 1.98 5.5 -4.42 2.01 6.03 -8.1 4.36 5.21
5 24 -8.09 1.98 5.5 -4.42 2.01 6.03 -4.61 4.7 6 -7.3 -.02 5.6
5 24 -4.42 2.01 6.03 -4.61 4.7 6 -8.09 1.98 5.5 0 4.69 6.26
5 24 -4.42 2.01 6.03 0 1.73 6.27 0 4.69 6.26 -4.39 .28 6
5 24 0 2.06 -8.99 -3.72 .07 -7.58 -4.41 2.39 -8.84 0 -.04 -7.75
5 24 -3.72 .07 -7.58 -4.41 2.39 -8.84 0 2.06 -8.99 -6.74 0 -7
5 24 0 -.04 -7.75 -3.72 .07 -7.58 0 2.06 -8.99 0 -2.95 -5.7
5 24 -4.41 2.39 -8.84 -6.74 0 -7 -7.24 2.4 -8.04 -3.72 .07 -7.58
5 24 -6.74 0 -7 -7.24 2.4 -8.04 -4.41 2.39 -8.84 -9 2.1 -6.71
5 24 -7.24 2.4 -8.04 -4.41 2.39 -8.84 -6.74 0 -7 -6.99 4.64 -8.69
5 24 -3.72 .07 -7.58 -6.74 0 -7 -4.41 2.39 -8.84 -3.77 -2.6 -5.67
5 24 -6.74 0 -7 -9 2.1 -6.71 -7.24 2.4 -8.04 -9.54 .08 -5.83
5 24 -6.74 0 -7 -9.54 .08 -5.83 -9 2.1 -6.71 -6.87 -2.65 -5.23
5 24 -9.54 .08 -5.83 -9 2.1 -6.71 -6.74 0 -7 -10.03 1.94 -5.55
5 24 -9.54 .08 -5.83 -10.03 1.94 -5.55 -9 2.1 -6.71 -11 0 -4
5 24 -9.54 .08 -5.83 -11 0 -4 -10.03 1.94 -5.55 -11 -1.53 -3.7
5 24 -11 1.53 3.7 -9.45 .13 5.12 -10.27 2.05 4.57 -11 0 4
5 24 -9.45 .13 5.12 -10.27 2.05 4.57 -11 1.53 3.7 -8.09 1.98 5.5
5 24 -11 0 4 -9.45 .13 5.12 -11 1.53 3.7 -11 -1.53 3.7
5 24 -9.45 .13 5.12 -8.09 1.98 5.5 -10.27 2.05 4.57 -7.3 -.02 5.6
5 24 -9.45 .13 5.12 -7.3 -.02 5.6 -8.09 1.98 5.5 -9.51 -3.77 3.74
5 24 -7.3 -.02 5.6 -8.09 1.98 5.5 -9.45 .13 5.12 -4.42 2.01 6.03
5 24 -7.3 -.02 5.6 -4.39 .28 6 -4.42 2.01 6.03 -4.05 -4.33 4.45
5 24 -4.39 .28 6 -4.42 2.01 6.03 -8.09 1.98 5.5 0 1.73 6.27
5 24 -4.39 .28 6 0 1.73 6.27 -4.42 2.01 6.03 0 -.03 6.15
5 24 -4.39 .28 6 0 -.03 6.15 0 1.73 6.27 -4.05 -4.33 4.45
5 24 0 -2.95 -5.7 -3.77 -2.6 -5.67 0 -.04 -7.75 0 -5.07 -4.13
5 24 -3.77 -2.6 -5.67 -3.72 .07 -7.58 0 -.04 -7.75 -6.74 0 -7
5 24 -3.77 -2.6 -5.67 -6.74 0 -7 -3.72 .07 -7.58 -6.87 -2.65 -5.23
5 24 -3.77 -2.6 -5.67 -6.87 -2.65 -5.23 -6.74 0 -7 -3.83 -5.14 -3.52
5 24 -6.87 -2.65 -5.23 -6.74 0 -7 -3.77 -2.6 -5.67 -9.54 .08 -5.83
5 24 -6.87 -2.65 -5.23 -9.54 .08 -5.83 -6.74 0 -7 -9.59 -3.98 -3.46
5 24 -9.54 .08 -5.83 -11 -1.53 -3.7 -11 0 -4 -9.59 -3.98 -3.46
5 24 -3.77 -2.6 -5.67 -3.83 -5.14 -3.52 -6.87 -3.96 -4.1 0 -5.07 -4.13
5 24 -3.83 -5.14 -3.52 -6.87 -3.96 -4.1 -3.77 -2.6 -5.67 -6.83 -5.77 -2
5 24 -6.87 -3.96 -4.1 -6.87 -2.65 -5.23 -3.77 -2.6 -5.67 -9.59 -3.98 -3.46
5 24 -6.87 -3.96 -4.1 -9.59 -3.98 -3.46 -6.87 -2.65 -5.23 -6.83 -5.77 -2
5 24 -9.59 -3.98 -3.46 -6.87 -2.65 -5.23 -6.87 -3.96 -4.1 -9.54 .08 -5.83
5 24 -9.59 -3.98 -3.46 -9.54 .08 -5.83 -6.87 -2.65 -5.23 -11 -1.53 -3.7
5 24 -9.59 -3.98 -3.46 -11 -1.53 -3.7 -9.54 .08 -5.83 -11 -2.83 -2.83
5 24 -9.59 -3.98 -3.46 -11 -2.83 -2.83 -11 -1.53 -3.7 -11 -3.7 -1.53
5 24 0 -5.07 -4.13 -3.68 -6 -2.59 -3.83 -5.14 -3.52 0 -6.54 -2.61
5 24 -3.68 -6 -2.59 -3.83 -5.14 -3.52 0 -5.07 -4.13 -6.83 -5.77 -2
5 24 -3.83 -5.14 -3.52 0 -5.07 -4.13 -3.68 -6 -2.59 -3.77 -2.6 -5.67
5 24 0 -6.54 -2.61 -3.68 -6 -2.59 0 -5.07 -4.13 0 -7.25 -.33
5 24 -3.83 -5.14 -3.52 -6.83 -5.77 -2 -6.87 -3.96 -4.1 -3.68 -6 -2.59
5 24 -6.83 -5.77 -2 -6.87 -3.96 -4.1 -3.83 -5.14 -3.52 -9.59 -3.98 -3.46
5 24 -3.68 -6 -2.59 -6.83 -5.77 -2 -3.83 -5.14 -3.52 -4.07 -6.83 -.02
5 24 -9.59 -3.98 -3.46 -11 -3.7 -1.53 -11 -2.83 -2.83 -9.59 -5.08 -1.98
5 24 -9.59 -3.98 -3.46 -9.59 -5.08 -1.98 -11 -3.7 -1.53 -6.83 -5.77 -2
5 24 -9.59 -5.08 -1.98 -11 -3.7 -1.53 -9.59 -3.98 -3.46 -11 -4 0
5 24 0 -7.25 -.33 -3.68 -6 -2.59 0 -6.54 -2.61 -4.07 -6.83 -.02
5 24 0 -7.25 -.33 -4.07 -6.83 -.02 -3.68 -6 -2.59 0 -6.37 2.47
5 24 -4.07 -6.83 -.02 -3.68 -6 -2.59 0 -7.25 -.33 -6.83 -5.77 -2
5 24 -4.07 -6.83 -.02 -6.83 -5.77 -2 -3.68 -6 -2.59 -6.89 -6.34 .08
5 24 -4.07 -6.83 -.02 -6.89 -6.34 .08 -6.83 -5.77 -2 -3.92 -6.14 2.49
5 24 -6.89 -6.34 .08 -6.83 -5.77 -2 -4.07 -6.83 -.02 -9.06 -5.7 .02
5 24 -6.89 -6.34 .08 -9.06 -5.7 .02 -6.83 -5.77 -2 -9.62 -4.97 2.24
5 24 -9.06 -5.7 .02 -6.83 -5.77 -2 -6.89 -6.34 .08 -9.59 -5.08 -1.98
5 24 -9.06 -5.7 .02 -9.59 -5.08 -1.98 -6.83 -5.77 -2 -11 -4 0
5 24 -9.59 -5.08 -1.98 -6.83 -5.77 -2 -9.06 -5.7 .02 -9.59 -3.98 -3.46
5 24 -9.06 -5.7 .02 -11 -4 0 -9.59 -5.08 -1.98 -11 -3.7 1.53
5 24 -11 -4 0 -9.59 -5.08 -1.98 -9.06 -5.7 .02 -11 -3.7 -1.53
5 24 0 -6.37 2.47 -4.07 -6.83 -.02 0 -7.25 -.33 -3.92 -6.14 2.49
5 24 0 -6.37 2.47 -3.92 -6.14 2.49 -4.07 -6.83 -.02 -4.05 -4.33 4.45
5 24 -3.92 -6.14 2.49 -4.07 -6.83 -.02 0 -6.37 2.47 -6.89 -6.34 .08
5 24 -3.92 -6.14 2.49 -6.89 -6.34 .08 -4.07 -6.83 -.02 -7.17 -5.75 2.24
5 24 -3.92 -6.14 2.49 -7.17 -5.75 2.24 -6.89 -6.34 .08 -7.27 -4.18 4.07
5 24 -7.17 -5.75 2.24 -6.89 -6.34 .08 -3.92 -6.14 2.49 -9.62 -4.97 2.24
5 24 -7.17 -5.75 2.24 -9.62 -4.97 2.24 -6.89 -6.34 .08 -9.51 -3.77 3.74
5 24 -9.62 -4.97 2.24 -6.89 -6.34 .08 -7.17 -5.75 2.24 -9.06 -5.7 .02
5 24 -9.62 -4.97 2.24 -9.06 -5.7 .02 -6.89 -6.34 .08 -11 -3.7 1.53
5 24 -9.62 -4.97 2.24 -11 -3.7 1.53 -9.06 -5.7 .02 -11 -2.83 2.83
5 24 -11 -3.7 1.53 -9.06 -5.7 .02 -9.62 -4.97 2.24 -11 -4 0
5 24 0 -4.59 4.25 -4.05 -4.33 4.45 0 -6.37 2.47 0 -.03 6.15
5 24 -4.05 -4.33 4.45 0 -6.37 2.47 0 -4.59 4.25 -3.92 -6.14 2.49
5 24 -4.05 -4.33 4.45 -3.92 -6.14 2.49 0 -6.37 2.47 -7.27 -4.18 4.07
5 24 -4.05 -4.33 4.45 -7.27 -4.18 4.07 -3.92 -6.14 2.49 -7.3 -.02 5.6
5 24 -7.27 -4.18 4.07 -3.92 -6.14 2.49 -4.05 -4.33 4.45 -7.17 -5.75 2.24
5 24 -7.27 -4.18 4.07 -7.17 -5.75 2.24 -3.92 -6.14 2.49 -9.51 -3.77 3.74
5 24 -9.51 -3.77 3.74 -9.62 -4.97 2.24 -7.17 -5.75 2.24 -11 -2.83 2.83
5 24 -7.27 -4.18 4.07 -9.51 -3.77 3.74 -9.62 -4.97 2.24 -7.3 -.02 5.6
5 24 -9.51 -3.77 3.74 -11 -2.83 2.83 -9.62 -4.97 2.24 -11 -1.53 3.7
5 24 -11 -2.83 2.83 -9.62 -4.97 2.24 -9.51 -3.77 3.74 -11 -3.7 1.53
5 24 -4.05 -4.33 4.45 -4.39 .28 6 -7.3 -.02 5.6 0 -.03 6.15
5 24 -7.3 -.02 5.6 -4.05 -4.33 4.45 -4.39 .28 6 -7.27 -4.18 4.07
5 24 -7.3 -.02 5.6 -7.27 -4.18 4.07 -4.05 -4.33 4.45 -9.51 -3.77 3.74
5 24 -7.3 -.02 5.6 -9.51 -3.77 3.74 -7.27 -4.18 4.07 -9.45 .13 5.12
5 24 -9.45 .13 5.12 -9.51 -3.77 3.74 -7.3 -.02 5.6 -11 -1.53 3.7
5 24 -9.45 .13 5.12 -11 -1.53 3.7 -9.51 -3.77 3.74 -11 0 4
5 24 -11 -1.53 3.7 -9.51 -3.77 3.74 -9.45 .13 5.12 -11 -2.83 2.83
5 24 -6.83 -5.77 -2 -9.59 -3.98 -3.46 -6.87 -3.96 -4.1 -9.59 -5.08 -1.98
5 24 -9.63 9.49 2.93 -10.69 6.76 .57 -9.45 6.79 3.76 -10.23 9.47 .83
5 24 -4.05 -4.33 4.45 0 -.03 6.15 -4.39 .28 6 0 -4.59 4.25
5 24 -10.69 6.76 .57 -11 2.83 2.83 -10.12 4.28 3.87 -11 3.7 1.53
5 24 -9.91 4.65 -5.66 -11 1.53 -3.7 -11 2.83 -2.83 -10.03 1.94 -5.55
5 24 0 -5.07 -4.13 -3.77 -2.6 -5.67 0 -2.95 -5.7 -3.83 -5.14 -3.52
5 24 -6.99 4.64 -8.69 -4.41 2.39 -8.84 -7.24 2.4 -8.04 -4.37 4.31 -9.23