0 Minifig Torso with Kimono Pattern
0 Name: 973pc42.dat
0 Author: Evert-Jan Boer [ejboer]
0 !LDRAW_ORG Part UPDATE 2026-05
0 !LICENSE Licensed under CC BY 4.0 : see CAreadme.txt

0 BFC CERTIFY CCW

0 !KEYWORDS Bricklink 973pb0846, CMF, Japan, Kimono Girl, Series 4, Set 8804

0 !HISTORY 2026-05-31 [OrionP] Official Update 2026-05

1 16 0 0 0 1 0 0 0 1 0 0 0 1 s\973s01.dat
1 16 0 -4 0 4.243 0 -4.243 0 -8 0 -4.243 0 -4.243 1-4cyli.dat

4 0 -4.3 1 -10 -5.25 1 -10 -3.85 2.6 -10 -3.1 2.35 -10
4 0 -3.1 2.35 -10 -3.85 2.6 -10 -2.15 4.3 -10 -1.45 4 -10
4 0 -1.45 4 -10 -2.15 4.3 -10 -.6 5.75 -10 0 5.3 -10
4 0 .35 5.9 -10 0 5.3 -10 -.6 5.75 -10 -.95 6.9 -10
4 0 1 4.4 -10 0 5.3 -10 .35 5.9 -10 1.9 4.55 -10
4 0 2.35 3.15 -10 1 4.4 -10 1.9 4.55 -10 3.3 3.2 -10
4 0 3.55 1.9 -10 2.35 3.15 -10 3.3 3.2 -10 4.6 1.9 -10
4 0 4.4 1 -10 3.55 1.9 -10 4.6 1.9 -10 5.35 1 -10
4 0 -8.45 1 -10 -9.4 1 -10 -7.8 2.85 -10 -6.9 2.8 -10
4 0 -6.9 2.8 -10 -7.8 2.85 -10 -5.75 5.2 -10 -4.8 5.05 -10
4 0 -4.8 5.05 -10 -5.75 5.2 -10 -4.05 6.85 -10 -2.65 7.2 -10
4 0 -2.65 7.2 -10 -4.05 6.85 -10 -2.6 8.15 -10 -2.05 7.7 -10
4 0 -2.05 7.7 -10 -2.6 8.15 -10 -1.55 9.1 -10 -.9 8.75 -10
4 0 -.9 8.75 -10 -1.55 9.1 -10 -.55 9.95 -10 -.05 9.5 -10
4 0 -1.45 6.4 -10 -2.65 7.2 -10 -2.05 7.7 -10 -.95 6.9 -10
3 0 -.6 5.75 -10 -1.45 6.4 -10 -.95 6.9 -10
4 0 -11.8 3.6 -10 -12.6 2.5 -10 -12.7 2.9 -10 -11.9 4.15 -10
4 0 -10.7 5.05 -10 -11.8 3.6 -10 -11.9 4.15 -10 -10.8 5.7 -10
4 0 -9.4 6.65 -10 -10.7 5.05 -10 -10.8 5.7 -10 -9.45 7.25 -10
4 0 -7.9 8.3 -10 -9.4 6.65 -10 -9.45 7.25 -10 -7.95 8.9 -10
4 0 -6.6 9.6 -10 -7.9 8.3 -10 -7.95 8.9 -10 -6.45 10.35 -10
4 0 -5.3 10.8 -10 -6.6 9.6 -10 -6.45 10.35 -10 -5 11.7 -10
4 0 -3.55 12.3 -10 -5.3 10.8 -10 -5 11.7 -10 -3.95 12.6 -10
4 0 -10.9 17.3 -10 -11.65 17.7 -10 -9.75 17.55 -10 -8.7 16.85 -10
4 0 -8.1 15.55 -10 -10.9 17.3 -10 -8.7 16.85 -10 -6.4 15.3 -10
4 0 -5.7 13.85 -10 -8.1 15.55 -10 -6.4 15.3 -10 -4.05 13.65 -10
3 0 -3.95 12.6 -10 -5.7 13.85 -10 -4.05 13.65 -10
4 0 -3.55 12.3 -10 -3.95 12.6 -10 -4.05 13.65 -10 -1.9 12.05 -10
4 0 -2 11.15 -10 -3.55 12.3 -10 -1.9 12.05 -10 -1.35 11.6 -10
4 0 -.55 9.95 -10 -2 11.15 -10 -1.35 11.6 -10 .2 10.3 -10
4 0 -.05 9.5 -10 -.55 9.95 -10 .2 10.3 -10 1.5 8.25 -10
4 0 1.5 8.25 -10 .2 10.3 -10 2.4 8.4 -10 3.2 6.7 -10
4 0 3.2 6.7 -10 2.4 8.4 -10 3.95 6.95 -10 4.75 5.2 -10
4 0 4.75 5.2 -10 3.95 6.95 -10 5.55 5.35 -10 6.2 3.7 -10
4 0 6.2 3.7 -10 5.55 5.35 -10 7.1 3.75 -10 7.45 2.3 -10
4 0 7.45 2.3 -10 7.1 3.75 -10 8.3 2.3 -10 8.55 1 -10
3 0 9.35 1 -10 8.55 1 -10 8.3 2.3 -10
4 0 -1.35 11.6 -10 -1.9 12.05 -10 -1.2 13 -10 -.6 12.55 -10
4 0 -.6 12.55 -10 -1.2 13 -10 -.25 14.15 -10 .35 13.7 -10
4 0 .35 13.7 -10 -.25 14.15 -10 .35 14.8 -10 1 14.3 -10
4 0 -1.95 16.6 -10 -3.15 17.45 -10 -1.85 17.45 -10 -.45 16.35 -10
4 0 .35 14.8 -10 -1.95 16.6 -10 -.45 16.35 -10 1.2 15.05 -10
4 0 1 14.3 -10 .35 14.8 -10 1.2 15.05 -10 2.5 14 -10
4 0 3 12.7 -10 1 14.3 -10 2.5 14 -10 4.2 12.65 -10
4 0 4.85 11.15 -10 3 12.7 -10 4.2 12.65 -10 5.7 11.3 -10
4 0 6.5 9.65 -10 4.85 11.15 -10 5.7 11.3 -10 7.2 9.9 -10
4 0 8.15 8 -10 6.5 9.65 -10 7.2 9.9 -10 8.75 8.35 -10
4 0 9.35 6.75 -10 8.15 8 -10 8.75 8.35 -10 10.1 6.85 -10
4 0 10.35 5.55 -10 9.35 6.75 -10 10.1 6.85 -10 11.4 5.25 -10
4 0 11.45 4.15 -10 10.35 5.55 -10 11.4 5.25 -10 12.45 3.75 -10
4 0 12.45 2.7 -10 11.45 4.15 -10 12.45 3.75 -10 13.15 2.65 -10
3 0 12.85 2.1 -10 12.45 2.7 -10 13.15 2.65 -10
4 15 4.4 1 -10 -4.3 1 -10 -3.1 2.35 -10 3.55 1.9 -10
4 15 2.35 3.15 -10 3.55 1.9 -10 -3.1 2.35 -10 -1.45 4 -10
4 15 1 4.4 -10 2.35 3.15 -10 -1.45 4 -10 0 5.3 -10
4 379 -5.25 1 -10 -8.45 1 -10 -6.9 2.8 -10 -3.85 2.6 -10
4 379 -3.85 2.6 -10 -6.9 2.8 -10 -4.8 5.05 -10 -2.15 4.3 -10
4 379 -2.15 4.3 -10 -4.8 5.05 -10 -2.65 7.2 -10 -1.45 6.4 -10
3 379 -2.15 4.3 -10 -1.45 6.4 -10 -.6 5.75 -10
4 379 -.95 6.9 -10 -2.05 7.7 -10 -.9 8.75 -10 -.05 9.5 -10
4 379 -.95 6.9 -10 -.05 9.5 -10 1.5 8.25 -10 .35 5.9 -10
4 379 .35 5.9 -10 1.5 8.25 -10 3.2 6.7 -10 1.9 4.55 -10
4 379 1.9 4.55 -10 3.2 6.7 -10 4.75 5.2 -10 3.3 3.2 -10
4 379 3.3 3.2 -10 4.75 5.2 -10 6.2 3.7 -10 4.6 1.9 -10
4 379 4.6 1.9 -10 6.2 3.7 -10 7.45 2.3 -10 5.35 1 -10
3 379 8.55 1 -10 5.35 1 -10 7.45 2.3 -10
4 16 -9.4 1 -10 -12.6 2.5 -10 -11.8 3.6 -10 -7.8 2.85 -10
4 16 -7.8 2.85 -10 -11.8 3.6 -10 -10.7 5.05 -10 -9.4 6.65 -10
4 16 -5.75 5.2 -10 -7.8 2.85 -10 -9.4 6.65 -10 -7.9 8.3 -10
4 16 -4.05 6.85 -10 -5.75 5.2 -10 -7.9 8.3 -10 -6.6 9.6 -10
4 16 -2.6 8.15 -10 -4.05 6.85 -10 -6.6 9.6 -10 -5.3 10.8 -10
4 16 -1.55 9.1 -10 -2.6 8.15 -10 -5.3 10.8 -10 -2 11.15 -10
3 16 -5.3 10.8 -10 -3.55 12.3 -10 -2 11.15 -10
3 16 -1.55 9.1 -10 -2 11.15 -10 -.55 9.95 -10
4 16 .2 10.3 -10 -1.35 11.6 -10 -.6 12.55 -10 3 12.7 -10
4 16 3 12.7 -10 -.6 12.55 -10 .35 13.7 -10 1 14.3 -10
4 16 2.4 8.4 -10 .2 10.3 -10 3 12.7 -10 4.85 11.15 -10
4 16 2.4 8.4 -10 4.85 11.15 -10 6.5 9.65 -10 3.95 6.95 -10
4 16 3.95 6.95 -10 6.5 9.65 -10 8.15 8 -10 5.55 5.35 -10
4 16 5.55 5.35 -10 8.15 8 -10 9.35 6.75 -10 7.1 3.75 -10
4 16 7.1 3.75 -10 9.35 6.75 -10 10.35 5.55 -10 11.45 4.15 -10
4 16 8.3 2.3 -10 7.1 3.75 -10 11.45 4.15 -10 12.45 2.7 -10
4 16 9.35 1 -10 8.3 2.3 -10 12.45 2.7 -10 12.85 2.1 -10
4 16 -14.345 2 -10 -12.7 2.9 -10 -12.6 2.5 -10 -12 0 -10
3 16 -12 0 -10 -12.6 2.5 -10 -9.4 1 -10
3 16 -12 0 -10 -9.4 1 -10 -8.45 1 -10
3 16 -12 0 -10 -8.45 1 -10 -5.25 1 -10
3 16 -12 0 -10 -5.25 1 -10 -4.3 1 -10
4 16 -12 0 -10 -4.3 1 -10 4.4 1 -10 12 0 -10
3 16 12 0 -10 4.4 1 -10 5.35 1 -10
3 16 12 0 -10 5.35 1 -10 8.55 1 -10
3 16 12 0 -10 8.55 1 -10 9.35 1 -10
4 16 12 0 -10 9.35 1 -10 12.85 2.1 -10 14.345 2 -10
3 16 14.345 2 -10 12.85 2.1 -10 13.15 2.65 -10
4 15 8.921 10.922 -10 8.635 10.74 -10 8.445 10.884 -10 8.342 11.011 -10
4 15 8.921 10.922 -10 8.342 11.011 -10 8.287 11.201 -10 8.351 11.352 -10
4 15 8.921 10.922 -10 8.351 11.352 -10 8.478 11.455 -10 8.677 11.454 -10
3 15 8.921 10.922 -10 8.677 11.454 -10 8.93 11.065 -10
4 15 9.033 11.136 -10 8.93 11.065 -10 8.677 11.454 -10 8.653 11.621 -10
4 15 9.033 11.136 -10 8.653 11.621 -10 8.717 11.772 -10 8.908 11.827 -10
4 15 9.033 11.136 -10 8.908 11.827 -10 9.146 11.747 -10 9.336 11.604 -10
4 15 9.176 11.128 -10 9.033 11.136 -10 9.336 11.604 -10 9.438 11.476 -10
4 15 9.334 11.009 -10 9.176 11.128 -10 9.438 11.476 -10 9.637 11.476 -10
4 15 9.334 11.009 -10 9.637 11.476 -10 9.819 11.388 -10 9.954 11.237 -10
4 15 9.334 11.009 -10 9.954 11.237 -10 9.977 11.071 -10 9.866 10.857 -10
4 15 9.382 10.874 -10 9.334 11.009 -10 9.866 10.857 -10 9.945 10.698 -10
4 15 9.382 10.874 -10 9.945 10.698 -10 9.968 10.531 -10 9.904 10.38 -10
4 15 9.31 10.779 -10 9.382 10.874 -10 9.904 10.38 -10 9.753 10.246 -10
4 15 9.31 10.779 -10 9.753 10.246 -10 9.61 10.254 -10 9.436 10.286 -10
4 15 8.683 10.605 -10 8.635 10.74 -10 8.921 10.922 -10 9.024 10.795 -10
4 15 8.706 10.439 -10 8.683 10.605 -10 9.024 10.795 -10 8.809 10.312 -10
4 15 8.904 10.24 -10 8.809 10.312 -10 9.024 10.795 -10 9.023 10.2 -10
4 15 9.19 10.223 -10 9.023 10.2 -10 9.024 10.795 -10 9.175 10.731 -10
4 15 9.19 10.223 -10 9.175 10.731 -10 9.31 10.779 -10 9.293 10.295 -10
3 15 9.436 10.286 -10 9.293 10.295 -10 9.31 10.779 -10
4 16 8.93 11.065 -10 9.033 11.136 -10 9.176 11.128 -10 8.921 10.922 -10
4 16 9.024 10.795 -10 8.921 10.922 -10 9.176 11.128 -10 9.175 10.731 -10
4 16 9.175 10.731 -10 9.176 11.128 -10 9.334 11.009 -10 9.31 10.779 -10
3 16 9.31 10.779 -10 9.334 11.009 -10 9.382 10.874 -10
4 16 8.653 11.621 -10 8.677 11.454 -10 8.478 11.455 -10 7.253 12.981 -10
4 16 9.637 11.476 -10 9.438 11.476 -10 9.336 11.604 -10 10.55 13.3 -10
4 15 12.125 9.146 -10 12.011 8.826 -10 11.773 8.822 -10 11.614 8.859 -10
4 15 12.125 9.146 -10 11.614 8.859 -10 11.453 8.975 -10 11.411 9.133 -10
4 15 12.125 9.146 -10 11.411 9.133 -10 11.448 9.293 -10 11.604 9.414 -10
3 15 12.125 9.146 -10 11.604 9.414 -10 12.043 9.263 -10
4 15 12.081 9.383 -10 12.043 9.263 -10 11.604 9.414 -10 11.483 9.531 -10
4 15 12.081 9.383 -10 11.483 9.531 -10 11.441 9.689 -10 11.557 9.85 -10
4 15 12.081 9.383 -10 11.557 9.85 -10 11.793 9.934 -10 12.031 9.938 -10
4 15 12.198 9.465 -10 12.081 9.383 -10 12.031 9.938 -10 12.191 9.901 -10
4 15 12.397 9.468 -10 12.198 9.465 -10 12.191 9.901 -10 12.347 10.023 -10
4 15 12.397 9.468 -10 12.347 10.023 -10 12.545 10.066 -10 12.744 10.03 -10
4 15 12.397 9.468 -10 12.744 10.03 -10 12.865 9.913 -10 12.909 9.675 -10
4 15 12.517 9.391 -10 12.397 9.468 -10 12.909 9.675 -10 13.069 9.599 -10
4 15 12.517 9.391 -10 13.069 9.599 -10 13.19 9.482 -10 13.233 9.324 -10
4 15 12.519 9.272 -10 12.517 9.391 -10 13.233 9.324 -10 13.196 9.125 -10
4 15 12.519 9.272 -10 13.196 9.125 -10 13.079 9.043 -10 12.921 8.961 -10
4 15 12.132 8.749 -10 12.011 8.826 -10 12.125 9.146 -10 12.284 9.109 -10
4 15 12.253 8.632 -10 12.132 8.749 -10 12.284 9.109 -10 12.412 8.595 -10
4 15 12.531 8.597 -10 12.412 8.595 -10 12.284 9.109 -10 12.649 8.639 -10
4 15 12.766 8.76 -10 12.649 8.639 -10 12.284 9.109 -10 12.442 9.151 -10
4 15 12.766 8.76 -10 12.442 9.151 -10 12.519 9.272 -10 12.804 8.88 -10
3 15 12.804 8.88 -10 12.519 9.272 -10 12.921 8.961 -10
4 16 12.043 9.263 -10 12.081 9.383 -10 12.198 9.465 -10 12.125 9.146 -10
4 16 12.284 9.109 -10 12.125 9.146 -10 12.198 9.465 -10 12.442 9.151 -10
4 16 12.442 9.151 -10 12.198 9.465 -10 12.397 9.468 -10 12.519 9.272 -10
3 16 12.519 9.272 -10 12.397 9.468 -10 12.517 9.391 -10
4 16 11.483 9.531 -10 11.604 9.414 -10 11.448 9.293 -10 10.7 9.95 -10
4 16 12.347 10.023 -10 12.191 9.901 -10 12.031 9.938 -10 12 11.1 -10
4 15 6.648 13.421 -10 6.507 13.112 -10 6.269 13.129 -10 6.114 13.18 -10
4 15 6.648 13.421 -10 6.114 13.18 -10 5.964 13.309 -10 5.935 13.471 -10
4 15 6.648 13.421 -10 5.935 13.471 -10 5.986 13.626 -10 6.152 13.734 -10
3 15 6.648 13.421 -10 6.152 13.734 -10 6.577 13.545 -10
4 15 6.625 13.661 -10 6.577 13.545 -10 6.152 13.734 -10 6.042 13.861 -10
4 15 6.625 13.661 -10 6.042 13.861 -10 6.014 14.022 -10 6.143 14.172 -10
4 15 6.625 13.661 -10 6.143 14.172 -10 6.386 14.234 -10 6.624 14.218 -10
4 15 6.749 13.732 -10 6.625 13.661 -10 6.624 14.218 -10 6.779 14.167 -10
4 15 6.947 13.718 -10 6.749 13.732 -10 6.779 14.167 -10 6.946 14.275 -10
4 15 6.947 13.718 -10 6.946 14.275 -10 7.147 14.301 -10 7.342 14.247 -10
4 15 6.947 13.718 -10 7.342 14.247 -10 7.452 14.12 -10 7.475 13.88 -10
4 15 7.06 13.631 -10 6.947 13.718 -10 7.475 13.88 -10 7.628 13.79 -10
4 15 7.06 13.631 -10 7.628 13.79 -10 7.738 13.663 -10 7.767 13.502 -10
4 15 7.052 13.512 -10 7.06 13.631 -10 7.767 13.502 -10 7.713 13.306 -10
4 15 7.052 13.512 -10 7.713 13.306 -10 7.589 13.236 -10 7.425 13.168 -10
4 15 6.62 13.025 -10 6.507 13.112 -10 6.648 13.421 -10 6.803 13.37 -10
4 15 6.73 12.898 -10 6.62 13.025 -10 6.803 13.37 -10 6.886 12.847 -10
4 15 7.005 12.839 -10 6.886 12.847 -10 6.803 13.37 -10 7.126 12.87 -10
4 15 7.253 12.981 -10 7.126 12.87 -10 6.803 13.37 -10 6.964 13.399 -10
4 15 7.253 12.981 -10 6.964 13.399 -10 7.052 13.512 -10 7.301 13.097 -10
3 15 7.301 13.097 -10 7.052 13.512 -10 7.425 13.168 -10
4 16 6.577 13.545 -10 6.625 13.661 -10 6.749 13.732 -10 6.648 13.421 -10
4 16 6.803 13.37 -10 6.648 13.421 -10 6.749 13.732 -10 6.964 13.399 -10
4 16 6.964 13.399 -10 6.749 13.732 -10 6.947 13.718 -10 7.052 13.512 -10
3 16 7.052 13.512 -10 6.947 13.718 -10 7.06 13.631 -10
4 16 6.042 13.861 -10 6.152 13.734 -10 5.986 13.626 -10 4.3 14.4 -10
4 16 6.946 14.275 -10 6.779 14.167 -10 6.624 14.218 -10 7.2 14.9 -10
4 15 9.918 15.986 -10 9.711 15.717 -10 9.483 15.787 -10 9.343 15.871 -10
4 15 9.918 15.986 -10 9.343 15.871 -10 9.226 16.031 -10 9.235 16.195 -10
4 15 9.918 15.986 -10 9.235 16.195 -10 9.319 16.335 -10 9.506 16.402 -10
3 15 9.918 15.986 -10 9.506 16.402 -10 9.877 16.123 -10
4 15 9.949 16.225 -10 9.877 16.123 -10 9.506 16.402 -10 9.427 16.551 -10
4 15 9.949 16.225 -10 9.427 16.551 -10 9.435 16.714 -10 9.595 16.831 -10
4 15 9.949 16.225 -10 9.595 16.831 -10 9.846 16.837 -10 10.074 16.768 -10
4 15 10.086 16.266 -10 9.949 16.225 -10 10.074 16.768 -10 10.214 16.683 -10
4 15 10.276 16.208 -10 10.086 16.266 -10 10.214 16.683 -10 10.4 16.751 -10
4 15 10.276 16.208 -10 10.4 16.751 -10 10.602 16.731 -10 10.78 16.635 -10
4 15 10.276 16.208 -10 10.78 16.635 -10 10.859 16.486 -10 10.827 16.247 -10
4 15 10.367 16.097 -10 10.276 16.208 -10 10.827 16.247 -10 10.956 16.125 -10
4 15 10.367 16.097 -10 10.956 16.125 -10 11.035 15.976 -10 11.026 15.813 -10
4 15 10.332 15.984 -10 10.367 16.097 -10 11.026 15.813 -10 10.93 15.635 -10
4 15 10.332 15.984 -10 10.93 15.635 -10 10.793 15.594 -10 10.618 15.564 -10
4 15 9.802 15.606 -10 9.711 15.717 -10 9.918 15.986 -10 10.058 15.901 -10
4 15 9.881 15.458 -10 9.802 15.606 -10 10.058 15.901 -10 10.021 15.373 -10
4 15 10.135 15.339 -10 10.021 15.373 -10 10.058 15.901 -10 10.26 15.342 -10
4 15 10.409 15.421 -10 10.26 15.342 -10 10.058 15.901 -10 10.221 15.893 -10
4 15 10.409 15.421 -10 10.221 15.893 -10 10.332 15.984 -10 10.481 15.523 -10
3 15 10.481 15.523 -10 10.332 15.984 -10 10.618 15.564 -10
4 16 9.877 16.123 -10 9.949 16.225 -10 10.086 16.266 -10 9.918 15.986 -10
4 16 10.058 15.901 -10 9.918 15.986 -10 10.086 16.266 -10 10.221 15.893 -10
4 16 10.221 15.893 -10 10.086 16.266 -10 10.276 16.208 -10 10.332 15.984 -10
3 16 10.332 15.984 -10 10.276 16.208 -10 10.367 16.097 -10
4 16 9.427 16.551 -10 9.506 16.402 -10 9.319 16.335 -10 6.95 16.25 -10
4 16 10.4 16.751 -10 10.214 16.683 -10 10.074 16.768 -10 12.15 17.8 -10
4 15 .968 16.586 -10 .761 16.317 -10 .533 16.387 -10 .393 16.471 -10
4 15 .968 16.586 -10 .393 16.471 -10 .276 16.631 -10 .285 16.795 -10
4 15 .968 16.586 -10 .285 16.795 -10 .369 16.935 -10 .556 17.002 -10
3 15 .968 16.586 -10 .556 17.002 -10 .927 16.723 -10
4 15 .999 16.825 -10 .927 16.723 -10 .556 17.002 -10 .477 17.151 -10
4 15 .999 16.825 -10 .477 17.151 -10 .485 17.314 -10 .645 17.431 -10
4 15 .999 16.825 -10 .645 17.431 -10 .896 17.437 -10 1.124 17.368 -10
4 15 1.136 16.866 -10 .999 16.825 -10 1.124 17.368 -10 1.264 17.283 -10
4 15 1.326 16.808 -10 1.136 16.866 -10 1.264 17.283 -10 1.45 17.351 -10
4 15 1.326 16.808 -10 1.45 17.351 -10 1.652 17.331 -10 1.83 17.235 -10
4 15 1.326 16.808 -10 1.83 17.235 -10 1.909 17.086 -10 1.877 16.847 -10
4 15 1.417 16.697 -10 1.326 16.808 -10 1.877 16.847 -10 2.006 16.725 -10
4 15 1.417 16.697 -10 2.006 16.725 -10 2.085 16.576 -10 2.076 16.413 -10
4 15 1.382 16.584 -10 1.417 16.697 -10 2.076 16.413 -10 1.98 16.235 -10
4 15 1.382 16.584 -10 1.98 16.235 -10 1.843 16.194 -10 1.668 16.164 -10
4 15 .852 16.206 -10 .761 16.317 -10 .968 16.586 -10 1.108 16.501 -10
4 15 .931 16.058 -10 .852 16.206 -10 1.108 16.501 -10 1.071 15.973 -10
4 15 1.185 15.939 -10 1.071 15.973 -10 1.108 16.501 -10 1.31 15.942 -10
4 15 1.459 16.021 -10 1.31 15.942 -10 1.108 16.501 -10 1.271 16.493 -10
4 15 1.459 16.021 -10 1.271 16.493 -10 1.382 16.584 -10 1.531 16.123 -10
3 15 1.531 16.123 -10 1.382 16.584 -10 1.668 16.164 -10
4 16 .927 16.723 -10 .999 16.825 -10 1.136 16.866 -10 .968 16.586 -10
4 16 1.108 16.501 -10 .968 16.586 -10 1.136 16.866 -10 1.271 16.493 -10
4 16 1.271 16.493 -10 1.136 16.866 -10 1.326 16.808 -10 1.382 16.584 -10
3 16 1.382 16.584 -10 1.326 16.808 -10 1.417 16.697 -10
4 16 .477 17.151 -10 .556 17.002 -10 .369 16.935 -10 -1.85 17.45 -10
3 16 1.264 17.283 -10 1.124 17.368 -10 1.45 17.351 -10
4 15 1.9 15.05 -10 1.75 15.1 -10 1.75 15.25 -10 1.9 15.35 -10
4 15 2.3 15 -10 1.9 15.05 -10 1.9 15.35 -10 2.35 15.4 -10
4 15 2.3 15 -10 2.35 15.4 -10 2.95 15.4 -10 2.7 15 -10
4 15 2.25 14.75 -10 2.3 15 -10 2.7 15 -10 2.7 14.8 -10
4 15 2.25 14.55 -10 2.25 14.75 -10 2.7 14.8 -10 2.35 14.3 -10
4 15 2.55 14.2 -10 2.35 14.3 -10 2.7 14.8 -10 2.85 14.65 -10
4 15 3.2 14.15 -10 2.55 14.2 -10 2.85 14.65 -10 3.3 14.45 -10
4 15 3.4 14.2 -10 3.2 14.15 -10 3.3 14.45 -10 3.4 14.35 -10
4 15 3.8 15 -10 2.7 15 -10 2.95 15.4 -10 3.9 15.5 -10
4 15 3.9 15.5 -10 2.95 15.4 -10 2.8 15.65 -10 3.7 15.8 -10
4 15 3.7 15.8 -10 2.8 15.65 -10 2.8 15.95 -10 3.45 16.05 -10
4 15 3.45 16.05 -10 2.8 15.95 -10 2.9 16.1 -10 3.2 16.15 -10
4 15 3.8 15 -10 3.9 15.5 -10 4.7 14.95 -10 4.6 14.65 -10
4 15 3.9 14.7 -10 3.8 15 -10 4.6 14.65 -10 4.05 14.5 -10
4 15 4.05 14.5 -10 4.6 14.65 -10 4.45 14.5 -10 4.3 14.4 -10
4 15 4.7 14.95 -10 3.9 15.5 -10 6.6 15.6 -10 7.2 14.9 -10
4 15 7.5 15.45 -10 7.2 14.9 -10 6.6 15.6 -10 7.2 15.75 -10
4 15 7.2 15.75 -10 6.6 15.6 -10 6.55 15.85 -10 6.6 16.05 -10
4 15 7.05 16 -10 7.2 15.75 -10 6.6 16.05 -10 6.75 16.2 -10
3 15 7.05 16 -10 6.75 16.2 -10 6.95 16.25 -10
4 15 7.2 14.9 -10 7.6 14.75 -10 7.45 14.65 -10 7.3 14.7 -10
4 15 7.6 14.75 -10 7.2 14.9 -10 7.5 15.45 -10 8 15.4 -10
4 15 8.05 14.7 -10 7.6 14.75 -10 8 15.4 -10 8.35 15.3 -10
4 15 8.6 14.55 -10 8.05 14.7 -10 8.35 15.3 -10 8.8 15.2 -10
4 15 8.6 14.55 -10 8.8 15.2 -10 9.55 14.35 -10 8.8 14.15 -10
4 15 8.8 14.15 -10 9.55 14.35 -10 9.7 14 -10 9.1 13.85 -10
4 15 9.35 13.75 -10 9.1 13.85 -10 9.7 14 -10 9.7 13.85 -10
3 15 9.55 13.75 -10 9.35 13.75 -10 9.7 13.85 -10
4 15 9.55 14.35 -10 8.8 15.2 -10 9.6 15.1 -10 10.1 14.25 -10
4 15 10.1 14.25 -10 9.6 15.1 -10 10.35 15 -10 10.45 14.2 -10
4 15 10.9 14.15 -10 10.45 14.2 -10 10.35 15 -10 10.95 15.05 -10
4 15 11.25 14.15 -10 10.9 14.15 -10 10.95 15.05 -10 11.55 15.2 -10
4 15 11.25 14.15 -10 11.55 15.2 -10 12 15.4 -10 11.75 14.2 -10
4 15 10.2 7.9 -10 10.05 7.9 -10 10 8 -10 10.3 8 -10
4 15 10.3 8 -10 10 8 -10 10 8.3 -10 10.35 8.35 -10
4 15 10.35 8.35 -10 10 8.3 -10 10.1 8.95 -10 10.5 9.1 -10
4 15 10.5 9.1 -10 10.1 8.95 -10 10.3 9.7 -10 10.7 9.95 -10
4 15 10.7 9.95 -10 10.3 9.7 -10 10.5 10.55 -10 10.95 10.8 -10
4 15 10.95 10.8 -10 10.5 10.55 -10 10.75 11.65 -10 11.3 11.85 -10
4 15 11.3 11.85 -10 10.75 11.65 -10 11.1 12.8 -10 11.5 12.4 -10
4 15 11.45 11.45 -10 11.3 11.85 -10 11.5 12.4 -10 11.85 12.2 -10
4 15 11.45 11.45 -10 11.85 12.2 -10 12.1 11.9 -10 11.6 11.25 -10
4 15 11.6 11.25 -10 12.1 11.9 -10 12.2 11.6 -10 12.15 11.25 -10
4 15 11.8 11.1 -10 11.6 11.25 -10 12.15 11.25 -10 12 11.1 -10
4 15 9.25 9.4 -10 9.15 9.55 -10 9.25 9.7 -10 9.45 9.75 -10
4 15 9.5 9.15 -10 9.25 9.4 -10 9.45 9.75 -10 9.85 9.75 -10
4 15 9.75 9 -10 9.5 9.15 -10 9.85 9.75 -10 10.1 8.95 -10
3 15 10.1 8.95 -10 9.85 9.75 -10 10.3 9.7 -10
4 15 10.55 13.3 -10 10.6 13.4 -10 10.8 13.5 -10 10.6 13.15 -10
4 15 10.8 12.95 -10 10.6 13.15 -10 10.8 13.5 -10 11.1 12.8 -10
4 15 11.1 12.8 -10 10.8 13.5 -10 11.3 13.45 -10 11.5 12.4 -10
4 15 11.95 13.15 -10 11.5 12.4 -10 11.3 13.45 -10 11.5 13.85 -10
4 15 12.35 13.75 -10 11.95 13.15 -10 11.5 13.85 -10 11.75 14.2 -10
4 15 12.7 14.15 -10 12.35 13.75 -10 11.75 14.2 -10 12 15.4 -10
4 15 12.7 14.15 -10 12 15.4 -10 12.5 15.7 -10 13.25 14.95 -10
4 15 12.7 14.15 -10 13.25 14.95 -10 13.35 14.7 -10 12.95 13.9 -10
4 15 12.95 13.9 -10 13.35 14.7 -10 13.5 14.25 -10 13.2 13.45 -10
4 15 13.2 13.45 -10 13.5 14.25 -10 13.7 13.6 -10 13.4 12.7 -10
4 15 13.4 12.7 -10 13.7 13.6 -10 13.9 12.55 -10 13.55 12 -10
4 15 13.55 12 -10 13.9 12.55 -10 13.95 11.9 -10 13.7 11.25 -10
4 15 13.7 11.25 -10 13.95 11.9 -10 13.95 11.25 -10 13.85 11.2 -10
4 15 12.7 12.55 -10 12.55 12.6 -10 12.55 12.8 -10 13 12.55 -10
4 15 13 12.55 -10 12.55 12.8 -10 12.7 13 -10 13.4 12.7 -10
3 15 13.4 12.7 -10 12.7 13 -10 13.2 13.45 -10
4 15 12.15 17.05 -10 12.3 17.05 -10 12.45 16.9 -10 12.05 16.85 -10
4 15 11.95 16.5 -10 12.05 16.85 -10 12.45 16.9 -10 12.55 16.6 -10
4 15 12 16.15 -10 11.95 16.5 -10 12.55 16.6 -10 12.2 15.9 -10
4 15 12.5 15.7 -10 12.2 15.9 -10 12.55 16.6 -10 12.75 16.45 -10
4 15 12.5 15.7 -10 12.75 16.45 -10 12.95 16.4 -10 13.25 14.95 -10
4 15 13.75 15.85 -10 13.25 14.95 -10 12.95 16.4 -10 13.3 16.95 -10
4 15 14.4 16.8 -10 13.75 15.85 -10 13.3 16.95 -10 14 17.85 -10
3 15 14.4 16.8 -10 14 17.85 -10 14.9 17.5 -10
3 15 14.9 17.5 -10 14 17.85 -10 15.25 17.95 -10
3 16 -8.7 16.85 -10 -9.75 17.55 -10 -6.65 17.5 -10
4 16 -6.4 15.3 -10 -8.7 16.85 -10 -6.65 17.5 -10 -4.55 17.45 -10
4 16 -4.05 13.65 -10 -6.4 15.3 -10 -4.55 17.45 -10 -3.15 17.45 -10
4 16 -4.05 13.65 -10 -3.15 17.45 -10 -1.95 16.6 -10 -1.2 13 -10
3 16 -1.2 13 -10 -1.95 16.6 -10 -.25 14.15 -10
3 16 -.25 14.15 -10 -1.95 16.6 -10 .35 14.8 -10
3 16 -1.9 12.05 -10 -4.05 13.65 -10 -1.2 13 -10
4 15 -12.722 10.249 -10 -12.949 10.319 -10 -12.97 10.657 -10 -12.558 10.24 -10
4 15 -12.372 10.308 -10 -12.558 10.24 -10 -12.97 10.657 -10 -12.287 10.448 -10
4 15 -12.279 10.611 -10 -12.287 10.448 -10 -12.97 10.657 -10 -12.396 10.772 -10
3 15 -12.97 10.657 -10 -12.86 10.747 -10 -12.396 10.772 -10
4 15 -12.396 10.772 -10 -12.86 10.747 -10 -12.863 10.873 -10 -12.247 10.851 -10
4 15 -12.163 10.991 -10 -12.247 10.851 -10 -12.863 10.873 -10 -12.23 11.177 -10
4 15 -12.435 11.323 -10 -12.23 11.177 -10 -12.863 10.873 -10 -12.662 11.392 -10
4 15 -12.662 11.392 -10 -12.863 10.873 -10 -12.953 10.984 -10 -12.826 11.401 -10
4 15 -12.826 11.401 -10 -12.953 10.984 -10 -13.143 11.042 -10 -12.943 11.561 -10
4 15 -13.121 11.657 -10 -12.943 11.561 -10 -13.143 11.042 -10 -13.322 11.677 -10
4 15 -13.471 11.598 -10 -13.322 11.677 -10 -13.143 11.042 -10 -13.578 11.382 -10
4 15 -13.578 11.382 -10 -13.143 11.042 -10 -13.28 11 -10 -13.753 11.353 -10
4 15 -13.902 11.274 -10 -13.753 11.353 -10 -13.28 11 -10 -13.986 11.133 -10
4 15 -13.986 11.133 -10 -13.28 11 -10 -13.315 10.887 -10 -14.006 10.932 -10
4 15 -13.916 10.821 -10 -14.006 10.932 -10 -13.315 10.887 -10 -13.787 10.699 -10
4 15 -12.97 10.657 -10 -12.949 10.319 -10 -13.086 10.277 -10 -13.134 10.665 -10
4 15 -13.134 10.665 -10 -13.086 10.277 -10 -13.235 10.198 -10 -13.398 10.207 -10
4 15 -13.134 10.665 -10 -13.398 10.207 -10 -13.512 10.242 -10 -13.614 10.314 -10
4 15 -13.134 10.665 -10 -13.614 10.314 -10 -13.693 10.463 -10 -13.274 10.75 -10
4 15 -13.315 10.887 -10 -13.274 10.75 -10 -13.693 10.463 -10 -13.696 10.588 -10
3 15 -13.696 10.588 -10 -13.787 10.699 -10 -13.315 10.887 -10
4 16 -12.953 10.984 -10 -12.863 10.873 -10 -12.86 10.747 -10 -12.97 10.657 -10
4 16 -12.953 10.984 -10 -12.97 10.657 -10 -13.134 10.665 -10 -13.274 10.75 -10
4 16 -13.143 11.042 -10 -12.953 10.984 -10 -13.274 10.75 -10 -13.315 10.887 -10
3 16 -13.315 10.887 -10 -13.28 11 -10 -13.143 11.042 -10
4 16 -12.279 10.611 -10 -12.396 10.772 -10 -12.247 10.851 -10 -7.95 8.9 -10
4 16 -12.662 11.392 -10 -12.826 11.401 -10 -12.943 11.561 -10 -12.2 11.9 -10
4 15 -9.83 14.181 -10 -10.06 14.12 -10 -10.257 14.395 -10 -9.687 14.261 -10
4 15 -9.565 14.417 -10 -9.687 14.261 -10 -10.257 14.395 -10 -9.568 14.58 -10
4 15 -9.647 14.723 -10 -9.568 14.58 -10 -10.257 14.395 -10 -9.831 14.797 -10
3 15 -10.257 14.395 -10 -10.212 14.531 -10 -9.831 14.797 -10
4 15 -9.831 14.797 -10 -10.212 14.531 -10 -10.281 14.636 -10 -9.747 14.943 -10
4 15 -9.75 15.106 -10 -9.747 14.943 -10 -10.281 14.636 -10 -9.906 15.229 -10
4 15 -10.156 15.244 -10 -9.906 15.229 -10 -10.281 14.636 -10 -10.386 15.182 -10
4 15 -10.386 15.182 -10 -10.281 14.636 -10 -10.416 14.681 -10 -10.529 15.103 -10
4 15 -10.529 15.103 -10 -10.416 14.681 -10 -10.608 14.63 -10 -10.713 15.177 -10
4 15 -10.915 15.164 -10 -10.713 15.177 -10 -10.608 14.63 -10 -11.097 15.074 -10
4 15 -11.181 14.928 -10 -11.097 15.074 -10 -10.608 14.63 -10 -11.157 14.688 -10
4 15 -11.157 14.688 -10 -10.608 14.63 -10 -10.702 14.523 -10 -11.29 14.57 -10
4 15 -11.374 14.425 -10 -11.29 14.57 -10 -10.702 14.523 -10 -11.372 14.261 -10
4 15 -11.372 14.261 -10 -10.702 14.523 -10 -10.671 14.408 -10 -11.282 14.08 -10
4 15 -11.146 14.034 -10 -11.282 14.08 -10 -10.671 14.408 -10 -10.973 13.998 -10
4 15 -10.257 14.395 -10 -10.06 14.12 -10 -10.155 14.012 -10 -10.4 14.316 -10
4 15 -10.4 14.316 -10 -10.155 14.012 -10 -10.239 13.866 -10 -10.382 13.787 -10
4 15 -10.4 14.316 -10 -10.382 13.787 -10 -10.497 13.756 -10 -10.622 13.764 -10
4 15 -10.4 14.316 -10 -10.622 13.764 -10 -10.768 13.848 -10 -10.564 14.313 -10
4 15 -10.671 14.408 -10 -10.564 14.313 -10 -10.768 13.848 -10 -10.837 13.953 -10
3 15 -10.837 13.953 -10 -10.973 13.998 -10 -10.671 14.408 -10
4 16 -10.416 14.681 -10 -10.281 14.636 -10 -10.212 14.531 -10 -10.257 14.395 -10
4 16 -10.416 14.681 -10 -10.257 14.395 -10 -10.4 14.316 -10 -10.564 14.313 -10
4 16 -10.608 14.63 -10 -10.416 14.681 -10 -10.564 14.313 -10 -10.671 14.408 -10
3 16 -10.671 14.408 -10 -10.702 14.523 -10 -10.608 14.63 -10
4 16 -9.647 14.723 -10 -9.831 14.797 -10 -9.747 14.943 -10 -8.1 15.55 -10
4 16 -10.386 15.182 -10 -10.529 15.103 -10 -10.713 15.177 -10 -10.9 17.3 -10
4 15 -13.23 15.431 -10 -13.46 15.37 -10 -13.657 15.645 -10 -13.087 15.511 -10
4 15 -12.965 15.667 -10 -13.087 15.511 -10 -13.657 15.645 -10 -12.968 15.83 -10
4 15 -13.047 15.973 -10 -12.968 15.83 -10 -13.657 15.645 -10 -13.231 16.047 -10
3 15 -13.657 15.645 -10 -13.612 15.781 -10 -13.231 16.047 -10
4 15 -13.231 16.047 -10 -13.612 15.781 -10 -13.681 15.886 -10 -13.147 16.193 -10
4 15 -13.15 16.356 -10 -13.147 16.193 -10 -13.681 15.886 -10 -13.306 16.479 -10
4 15 -13.556 16.494 -10 -13.306 16.479 -10 -13.681 15.886 -10 -13.786 16.432 -10
4 15 -13.786 16.432 -10 -13.681 15.886 -10 -13.816 15.931 -10 -13.929 16.353 -10
4 15 -13.929 16.353 -10 -13.816 15.931 -10 -14.008 15.88 -10 -14.113 16.427 -10
4 15 -14.315 16.414 -10 -14.113 16.427 -10 -14.008 15.88 -10 -14.497 16.324 -10
4 15 -14.581 16.178 -10 -14.497 16.324 -10 -14.008 15.88 -10 -14.557 15.938 -10
4 15 -14.557 15.938 -10 -14.008 15.88 -10 -14.102 15.773 -10 -14.69 15.82 -10
4 15 -14.774 15.675 -10 -14.69 15.82 -10 -14.102 15.773 -10 -14.772 15.511 -10
4 15 -14.772 15.511 -10 -14.102 15.773 -10 -14.071 15.658 -10 -14.682 15.33 -10
4 15 -14.546 15.284 -10 -14.682 15.33 -10 -14.071 15.658 -10 -14.373 15.248 -10
4 15 -13.657 15.645 -10 -13.46 15.37 -10 -13.555 15.262 -10 -13.8 15.566 -10
4 15 -13.8 15.566 -10 -13.555 15.262 -10 -13.639 15.116 -10 -13.782 15.037 -10
4 15 -13.8 15.566 -10 -13.782 15.037 -10 -13.897 15.006 -10 -14.022 15.014 -10
4 15 -13.8 15.566 -10 -14.022 15.014 -10 -14.168 15.098 -10 -13.964 15.563 -10
4 15 -14.071 15.658 -10 -13.964 15.563 -10 -14.168 15.098 -10 -14.237 15.203 -10
3 15 -14.237 15.203 -10 -14.373 15.248 -10 -14.071 15.658 -10
4 16 -13.816 15.931 -10 -13.681 15.886 -10 -13.612 15.781 -10 -13.657 15.645 -10
4 16 -13.816 15.931 -10 -13.657 15.645 -10 -13.8 15.566 -10 -13.964 15.563 -10
4 16 -14.008 15.88 -10 -13.816 15.931 -10 -13.964 15.563 -10 -14.071 15.658 -10
3 16 -14.071 15.658 -10 -14.102 15.773 -10 -14.008 15.88 -10
4 16 -13.047 15.973 -10 -13.231 16.047 -10 -13.147 16.193 -10 -10.9 17.3 -10
4 16 -13.786 16.432 -10 -13.929 16.353 -10 -14.113 16.427 -10 -14.1 17.85 -10
4 15 -14.2 13.45 -10 -14.4 14.15 -10 -13.6 13.85 -10 -13.25 13.15 -10
4 15 -13.25 13.15 -10 -13.6 13.85 -10 -12.45 13.3 -10 -12.4 12.8 -10
4 15 -13.6 13.85 -10 -14.4 14.15 -10 -14 14.35 -10 -13.55 14.25 -10
4 15 -13.55 14.25 -10 -14 14.35 -10 -13.75 14.45 -10 -13.6 14.4 -10
4 15 -13.25 13.15 -10 -12.4 12.8 -10 -12.6 12.6 -10 -13.35 12.85 -10
4 15 -13.3 12.65 -10 -13.35 12.85 -10 -12.6 12.6 -10 -13.15 12.5 -10
3 15 -12.9 12.5 -10 -13.15 12.5 -10 -12.6 12.6 -10
4 15 -12.4 12.8 -10 -12.45 13.3 -10 -11.5 13 -10 -11.4 12.5 -10
4 15 -11.5 13 -10 -12.45 13.3 -10 -12.1 13.45 -10 -11.35 13.4 -10
4 15 -11.35 13.4 -10 -12.1 13.45 -10 -11.75 13.65 -10 -11.5 13.7 -10
3 15 -11.35 13.4 -10 -11.5 13.7 -10 -11.35 13.6 -10
4 15 -11.1 12.4 -10 -11.4 12.5 -10 -11.5 13 -10 -10.9 12.7 -10
4 15 -10.7 12.3 -10 -11.1 12.4 -10 -10.9 12.7 -10 -10.6 12.55 -10
4 15 -10.55 12.3 -10 -10.7 12.3 -10 -10.6 12.55 -10 -10.5 12.45 -10
4 15 -12.1 11.8 -10 -12.2 11.9 -10 -12.2 12.05 -10 -12.05 12.15 -10
4 15 -11.8 11.7 -10 -12.1 11.8 -10 -12.05 12.15 -10 -11.85 12.2 -10
4 15 -11.55 11.7 -10 -11.8 11.7 -10 -11.85 12.2 -10 -11.35 11.75 -10
4 15 -11.35 11.75 -10 -11.85 12.2 -10 -11.4 12.25 -10 -11.15 11.9 -10
4 15 -11.1 12.1 -10 -11.15 11.9 -10 -11.4 12.25 -10 -11.1 12.4 -10
3 15 -11.4 12.25 -10 -11.4 12.5 -10 -11.1 12.4 -10
4 16 -7.65 18.95 -10 -8.1 19 -10 -8.15 19.3 -10 -7.85 19.9 -10
3 16 -8.15 19.3 -10 -8.25 19.65 -10 -7.85 19.9 -10
4 16 -7.2 18.85 -10 -7.65 18.95 -10 -7.85 19.9 -10 -6.75 19.45 -10
4 16 -6.75 19.45 -10 -7.85 19.9 -10 -7.45 20.15 -10 -6.8 20.15 -10
3 16 -15.55 19.4 -10 -15.75 20.15 -10 -15.2 19.7 -10
4 16 -14.95 19.8 -10 -15.2 19.7 -10 -15.75 20.15 -10 -14.95 20.2 -10
4 16 -14.95 20.2 -10 -15.75 20.15 -10 -15.85 20.9 -10 -14.9 20.45 -10
4 16 -14.9 20.45 -10 -15.85 20.9 -10 -15.45 21 -10 -14.7 20.75 -10
3 16 -14.7 20.75 -10 -15.45 21 -10 -15.15 21.15 -10
4 16 -14.05 19.75 -10 -14.35 19.85 -10 -14.25 20.25 -10 -13.9 20.55 -10
4 16 -13.85 19.5 -10 -14.05 19.75 -10 -13.9 20.55 -10 -12.85 19.5 -10
4 16 -12.8 19.8 -10 -12.85 19.5 -10 -13.9 20.55 -10 -13.5 20.7 -10
4 16 -12.8 19.8 -10 -13.5 20.7 -10 -13.1 20.7 -10 -12.5 20.05 -10
4 16 -13.575 18.475 -10 -13.6 18.8 -10 -13 18.8 -10 -12.5 18.425 -10
4 16 -14.25 18.75 -10 -14.3 18.525 -10 -15.1 18.6 -10 -15.1 18.9 -10
4 16 -14.25 18.75 -10 -15.1 18.9 -10 -15 19.1 -10 -14.7 19.25 -10
4 16 -14.25 19 -10 -14.25 18.75 -10 -14.7 19.25 -10 -14.4 19.2 -10
4 16 -9.35 20.95 -10 -9.4 21.25 -10 -8.15 21.225 -10 -8.2 20.9 -10
4 16 -9.45 20.75 -10 -9.35 20.95 -10 -8.2 20.9 -10 -9 20.4 -10
4 16 -8.35 20.4 -10 -9 20.4 -10 -8.2 20.9 -10 -8.1 20.7 -10
3 16 -8.35 20.4 -10 -8.1 20.7 -10 -7.9 20.55 -10
4 16 -6.95 20.9 -10 -7.4 20.95 -10 -7.45 21.2 -10 -6.75 21.175 -10
4 16 -6.1 20.95 -10 -5.3 20.95 -10 -4.9 20.6 -10 -6.2 20.7 -10
4 16 -6.25 20.4 -10 -6.2 20.7 -10 -4.9 20.6 -10 -6.1 20.1 -10
4 16 -6.1 20.1 -10 -4.9 20.6 -10 -4.9 20.25 -10 -5.15 20 -10
4 16 -6.05 19.8 -10 -6.1 20.1 -10 -5.15 20 -10 -5.9 19.7 -10
3 16 -5.25 19.7 -10 -5.9 19.7 -10 -5.15 20 -10
3 16 -.9 18.15 -10 -1.9 18.15 -10 -1.5 18.35 -10
3 16 -.9 18.15 -10 -1.5 18.35 -10 -1.25 18.55 -10
3 16 .95 18.15 -10 .1 18.15 -10 .6 18.45 -10
4 16 .15 18.9 -10 -.45 18.6 -10 -.9 19.2 -10 .2 19.25 -10
4 16 .2 19.25 -10 -.9 19.2 -10 -.85 19.95 -10 -.45 20.05 -10
4 16 .3 19.55 -10 .2 19.25 -10 -.45 20.05 -10 -.2 20.2 -10
4 16 .5 19.9 -10 .3 19.55 -10 -.2 20.2 -10 .05 20.4 -10
4 16 1.35 18.6 -10 .8 19.05 -10 .95 19.5 -10 2.35 18.6 -10
4 16 2.15 19.7 -10 2.35 18.6 -10 .95 19.5 -10 2 19.95 -10
3 16 2.35 18.6 -10 2.15 19.7 -10 2.4 19.45 -10
3 16 2.35 18.6 -10 2.4 19.45 -10 2.65 19.3 -10
4 16 6.2 18.75 -10 6 19.45 -10 6.45 19.7 -10 7.1 18.65 -10
4 16 7.45 19.05 -10 7.1 18.65 -10 6.45 19.7 -10 7.65 19.4 -10
4 16 7.65 19.4 -10 6.45 19.7 -10 6.9 19.95 -10 7.25 20 -10
4 16 7.65 19.4 -10 7.25 20 -10 7.5 19.95 -10 7.65 19.7 -10
4 16 4.8 21.15 -10 6.05 21.175 -10 6.05 20.75 -10 4.8 20.75 -10
4 16 5.15 20.25 -10 4.75 20.45 -10 4.8 20.75 -10 6.05 20.75 -10
4 16 5.65 20.15 -10 5.15 20.25 -10 6.05 20.75 -10 6.05 20.25 -10
3 16 6.05 20.25 -10 6.05 20.75 -10 6.3 20.35 -10
4 16 6.75 20.9 -10 6.75 21.2 -10 7.7 21.25 -10 7.55 20.85 -10
4 16 6.9 20.7 -10 6.75 20.9 -10 7.55 20.85 -10 7.45 20.7 -10
3 16 7.2 20.65 -10 6.9 20.7 -10 7.45 20.7 -10
4 16 9.2 19.9 -10 9.15 19.5 -10 8.25 19.55 -10 8.15 19.95 -10
4 16 9.45 20.1 -10 9.2 19.9 -10 8.15 19.95 -10 8 20.3 -10
4 16 9.45 20.1 -10 8 20.3 -10 8.15 20.6 -10 9.3 20.5 -10
4 16 9.05 20.8 -10 9.3 20.5 -10 8.15 20.6 -10 8.2 20.95 -10
4 16 8.8 21 -10 9.05 20.8 -10 8.2 20.95 -10 8.35 21.05 -10
4 16 14.2 18.525 -10 13.05 18.45 -10 13.5 18.8 -10 14.1 18.85 -10
3 16 13.5 18.8 -10 13.85 18.9 -10 14.1 18.85 -10
4 16 15.3 19.35 -10 14.7 19.05 -10 14.2 19.5 -10 15.35 19.75 -10
4 16 15.35 19.75 -10 14.2 19.5 -10 14.2 20.45 -10 14.65 20.6 -10
4 16 15.45 20.05 -10 15.35 19.75 -10 14.65 20.6 -10 15.05 20.85 -10
3 16 15.45 20.05 -10 15.05 20.85 -10 15.65 20.3 -10
4 0 -15.1 18.6 -10 -14.3 18.525 -10 -14.1 17.85 -10 -15.721 17.933 -10
4 0 -14.1 17.85 -10 -14.3 18.525 -10 -13.575 18.475 -10 -11.65 17.7 -10
4 0 -11.65 17.7 -10 -13.575 18.475 -10 -12.5 18.425 -10 -10.3 18.3 -10
4 0 -9.75 17.55 -10 -11.65 17.7 -10 -10.3 18.3 -10 -6.85 18.2 -10
4 0 -6.65 17.5 -10 -9.75 17.55 -10 -6.85 18.2 -10 -4.55 18.15 -10
4 0 -4.55 17.45 -10 -6.65 17.5 -10 -4.55 18.15 -10 -3.15 17.45 -10
4 0 -3.15 17.45 -10 -4.55 18.15 -10 -1.9 18.15 -10 -1.85 17.45 -10
3 0 -1.85 17.45 -10 -1.9 18.15 -10 -.9 18.15 -10
4 0 -1.85 17.45 -10 -.9 18.15 -10 .1 18.15 -10 1.9 17.5 -10
3 0 1.9 17.5 -10 .1 18.15 -10 .95 18.15 -10
4 0 1.9 17.5 -10 .95 18.15 -10 3.9 18.15 -10 4.85 17.55 -10
4 0 4.85 17.55 -10 3.9 18.15 -10 7.55 18.25 -10 8.6 17.65 -10
4 0 8.6 17.65 -10 7.55 18.25 -10 10.9 18.35 -10 12.15 17.8 -10
4 0 12.15 17.8 -10 10.9 18.35 -10 13.05 18.45 -10 14 17.85 -10
4 0 14 17.85 -10 13.05 18.45 -10 14.2 18.525 -10 15.25 17.95 -10
4 0 15.25 17.95 -10 14.2 18.525 -10 15.2 18.6 -10 15.733 17.996 -10
4 82 -15.1 18.9 -10 -15.55 19.4 -10 -15.2 19.7 -10 -15 19.1 -10
4 82 -15 19.1 -10 -15.2 19.7 -10 -14.95 19.8 -10 -14.7 19.25 -10
4 82 -14.7 19.25 -10 -14.95 19.8 -10 -14.35 19.85 -10 -14.4 19.2 -10
4 82 -14.4 19.2 -10 -14.35 19.85 -10 -14.05 19.75 -10 -13.85 19.5 -10
4 82 -14.25 19 -10 -14.4 19.2 -10 -13.85 19.5 -10 -13.6 18.8 -10
4 82 -14.25 18.75 -10 -14.25 19 -10 -13.6 18.8 -10 -13.575 18.475 -10
3 82 -13.575 18.475 -10 -14.3 18.525 -10 -14.25 18.75 -10
4 82 -13.6 18.8 -10 -13.85 19.5 -10 -12.85 19.5 -10 -13 18.8 -10
4 82 -14.35 19.85 -10 -14.95 19.8 -10 -14.95 20.2 -10 -14.25 20.25 -10
4 82 -14.25 20.25 -10 -14.95 20.2 -10 -14.9 20.45 -10 -14.7 20.75 -10
4 82 -13.9 20.55 -10 -14.25 20.25 -10 -14.7 20.75 -10 -13.9 21.5 -10
4 82 -12.5 18.425 -10 -13 18.8 -10 -12.85 19.5 -10 -12.5 20.05 -10
3 82 -12.85 19.5 -10 -12.8 19.8 -10 -12.5 20.05 -10
4 82 -10.3 18.3 -10 -12.5 18.425 -10 -12.5 20.05 -10 -9.45 20.75 -10
4 82 -10.3 18.3 -10 -9.45 20.75 -10 -9 20.4 -10 -8.25 19.65 -10
4 82 -10.3 18.3 -10 -8.25 19.65 -10 -8.15 19.3 -10 -8.1 19 -10
4 82 -6.85 18.2 -10 -7.2 18.85 -10 -6.75 19.45 -10 -5.9 19.7 -10
4 82 -10.3 18.3 -10 -8.1 19 -10 -7.65 18.95 -10 -6.85 18.2 -10
3 82 -6.85 18.2 -10 -7.65 18.95 -10 -7.2 18.85 -10
4 82 -8.25 19.65 -10 -9 20.4 -10 -8.35 20.4 -10 -7.85 19.9 -10
4 82 -7.85 19.9 -10 -8.35 20.4 -10 -7.9 20.55 -10 -7.45 20.15 -10
4 82 -7.45 20.15 -10 -7.9 20.55 -10 -7.4 20.95 -10 -6.95 20.9 -10
4 82 -7.4 20.95 -10 -7.9 20.55 -10 -8.1 20.7 -10 -8.2 20.9 -10
4 82 -7.4 20.95 -10 -8.2 20.9 -10 -8.15 21.225 -10 -7.45 21.2 -10
4 82 -6.8 20.15 -10 -7.45 20.15 -10 -6.95 20.9 -10 -6.25 20.4 -10
4 82 -6.2 20.7 -10 -6.25 20.4 -10 -6.95 20.9 -10 -6.75 21.175 -10
3 82 -6.2 20.7 -10 -6.75 21.175 -10 -6.1 20.95 -10
4 82 -6.8 20.15 -10 -6.25 20.4 -10 -6.1 20.1 -10 -6.05 19.8 -10
4 82 -6.75 19.45 -10 -6.8 20.15 -10 -6.05 19.8 -10 -5.9 19.7 -10
4 82 -4.55 18.15 -10 -6.85 18.2 -10 -5.9 19.7 -10 -5.25 19.7 -10
4 82 -4.55 18.15 -10 -5.25 19.7 -10 -5.15 20 -10 -4.9 20.25 -10
4 82 -1.9 18.15 -10 -4.55 18.15 -10 -4.9 20.25 -10 -1.5 18.35 -10
4 82 -1.25 18.55 -10 -1.5 18.35 -10 -4.9 20.25 -10 -.9 19.2 -10
4 82 -.85 19.95 -10 -.9 19.2 -10 -4.9 20.25 -10 -4.9 20.6 -10
4 82 -.45 20.05 -10 -.85 19.95 -10 -4.9 20.6 -10 -.2 20.2 -10
4 82 .05 20.4 -10 -.2 20.2 -10 -4.9 20.6 -10 -.55 21.1 -10
4 82 -.9 18.15 -10 -1.25 18.55 -10 -.9 19.2 -10 -.45 18.6 -10
4 82 .1 18.15 -10 -.9 18.15 -10 -.45 18.6 -10 .15 18.9 -10
4 82 .6 18.45 -10 .1 18.15 -10 .15 18.9 -10 .8 19.05 -10
4 82 .8 19.05 -10 .15 18.9 -10 .2 19.25 -10 .3 19.55 -10
4 82 .95 19.5 -10 .8 19.05 -10 .3 19.55 -10 .5 19.9 -10
4 82 2 19.95 -10 .95 19.5 -10 .5 19.9 -10 1.65 21.1 -10
4 82 .6 18.45 -10 .8 19.05 -10 1.35 18.6 -10 .95 18.15 -10
4 82 .95 18.15 -10 1.35 18.6 -10 2.35 18.6 -10 3.9 18.15 -10
4 82 3.9 18.15 -10 2.35 18.6 -10 2.65 19.3 -10 5.15 20.25 -10
4 82 2 19.95 -10 4.8 21.15 -10 4.8 20.75 -10 2.15 19.7 -10
4 82 2.15 19.7 -10 4.8 20.75 -10 4.75 20.45 -10 2.4 19.45 -10
4 82 2.65 19.3 -10 2.4 19.45 -10 4.75 20.45 -10 5.15 20.25 -10
4 82 6 19.45 -10 3.9 18.15 -10 5.15 20.25 -10 5.65 20.15 -10
4 82 6.45 19.7 -10 6 19.45 -10 5.65 20.15 -10 6.05 20.25 -10
4 82 6.45 19.7 -10 6.05 20.25 -10 6.3 20.35 -10 6.9 19.95 -10
4 82 6.9 20.7 -10 6.9 19.95 -10 6.3 20.35 -10 6.05 20.75 -10
4 82 6.75 20.9 -10 6.9 20.7 -10 6.05 20.75 -10 6.05 21.175 -10
3 82 6.75 20.9 -10 6.05 21.175 -10 6.75 21.2 -10
4 82 6.9 19.95 -10 6.9 20.7 -10 7.2 20.65 -10 7.25 20 -10
4 82 7.25 20 -10 7.2 20.65 -10 7.45 20.7 -10 7.5 19.95 -10
4 82 8 20.3 -10 7.5 19.95 -10 7.45 20.7 -10 8.15 20.6 -10
4 82 8.15 20.6 -10 7.45 20.7 -10 7.55 20.85 -10 8.2 20.95 -10
4 82 8.2 20.95 -10 7.55 20.85 -10 7.7 21.25 -10 8.35 21.05 -10
4 82 7.65 19.7 -10 7.5 19.95 -10 8 20.3 -10 8.15 19.95 -10
4 82 8.25 19.55 -10 7.65 19.4 -10 7.65 19.7 -10 8.15 19.95 -10
3 82 3.9 18.15 -10 6 19.45 -10 6.2 18.75 -10
4 82 3.9 18.15 -10 6.2 18.75 -10 7.1 18.65 -10 7.55 18.25 -10
4 82 7.55 18.25 -10 7.1 18.65 -10 7.45 19.05 -10 9.15 19.5 -10
4 82 7.45 19.05 -10 7.65 19.4 -10 8.25 19.55 -10 9.15 19.5 -10
3 82 7.55 18.25 -10 9.15 19.5 -10 10.9 18.35 -10
4 82 10.9 18.35 -10 9.15 19.5 -10 9.2 19.9 -10 9.45 20.1 -10
4 82 13.05 18.45 -10 10.9 18.35 -10 9.45 20.1 -10 13.5 18.8 -10
4 82 14.7 19.05 -10 14.2 18.525 -10 14.1 18.85 -10 14.2 19.5 -10
3 82 14.1 18.85 -10 13.85 18.9 -10 14.2 19.5 -10
4 82 15.2 18.6 -10 14.2 18.525 -10 14.7 19.05 -10 15.3 19.35 -10
3 82 15.2 18.6 -10 15.3 19.35 -10 15.9 19.2 -10
4 82 15.9 19.2 -10 15.3 19.35 -10 15.35 19.75 -10 15.45 20.05 -10
4 82 15.9 19.2 -10 15.45 20.05 -10 15.65 20.3 -10 16.005 19.482 -10
4 82 14.2 19.5 -10 13.85 18.9 -10 13.5 18.8 -10 14.2 20.45 -10
4 82 14.2 20.45 -10 13.5 18.8 -10 9.45 20.1 -10 9.3 20.5 -10
4 82 14.2 20.45 -10 9.3 20.5 -10 9.05 20.8 -10 14.65 20.6 -10
4 82 15.05 20.85 -10 14.65 20.6 -10 9.05 20.8 -10 8.8 21 -10
4 82 -15.45 21 -10 -15.85 20.9 -10 -15.55 21.6 -10 -15.15 21.15 -10
4 82 -15.15 21.15 -10 -15.55 21.6 -10 -13.9 21.5 -10 -14.7 20.75 -10
3 82 -13.9 20.55 -10 -13.9 21.5 -10 -13.5 20.7 -10
4 82 -13.1 20.7 -10 -13.5 20.7 -10 -13.9 21.5 -10 -11.6 21.35 -10
4 82 -12.5 20.05 -10 -13.1 20.7 -10 -11.6 21.35 -10 -9.4 21.25 -10
4 82 -12.5 20.05 -10 -9.4 21.25 -10 -9.35 20.95 -10 -9.45 20.75 -10
4 82 -5.3 20.95 -10 -6.1 20.95 -10 -6.75 21.175 -10 -3.85 21.1 -10
4 82 -4.9 20.6 -10 -5.3 20.95 -10 -3.85 21.1 -10 -.55 21.1 -10
4 82 .05 20.4 -10 -.55 21.1 -10 1.65 21.1 -10 .5 19.9 -10
3 82 2 19.95 -10 1.65 21.1 -10 4.8 21.15 -10
4 82 8.35 21.05 -10 7.7 21.25 -10 9.2 21.3 -10 8.8 21 -10
4 82 8.8 21 -10 9.2 21.3 -10 11.85 21.45 -10 15.05 20.85 -10
3 82 15.05 20.85 -10 11.85 21.45 -10 14.8 21.6 -10
4 82 15.65 20.3 -10 15.05 20.85 -10 14.8 21.6 -10 16.414 21.712 -10
4 82 11.15 22.1 -10 10.55 22.05 -10 10.6 22.35 -10 11.5 22.45 -10
4 82 11.5 22.45 -10 10.6 22.35 -10 10.75 22.6 -10 11.35 22.65 -10
3 82 10.75 22.6 -10 11.05 22.7 -10 11.35 22.65 -10
3 82 11.15 22.1 -10 11.5 22.45 -10 11.6 22.15 -10
4 82 13.75 22.25 -10 13.3 22.2 -10 13.4 22.35 -10 13.6 22.45 -10
4 82 13.9 22.25 -10 13.75 22.25 -10 13.6 22.45 -10 13.85 22.4 -10
4 82 12.8 22.55 -10 12.7 22.3 -10 11.95 22.8 -10 12.2 23.05 -10
4 82 12.8 22.85 -10 12.8 22.55 -10 12.2 23.05 -10 12.45 23.1 -10
3 82 12.8 22.85 -10 12.45 23.1 -10 12.7 23.05 -10
4 82 11.9 22.5 -10 11.95 22.8 -10 12.7 22.3 -10 12.5 22.2 -10
4 82 11.9 22.5 -10 12.5 22.2 -10 12.15 22.15 -10 11.95 22.25 -10
4 16 -13.121 11.657 -10 -13.322 11.677 -10 -13.15 12.5 -10 -12.9 12.5 -10
4 16 -12.943 11.561 -10 -13.121 11.657 -10 -12.9 12.5 -10 -12.6 12.6 -10
4 16 -12.943 11.561 -10 -12.6 12.6 -10 -12.2 12.05 -10 -12.2 11.9 -10
4 16 -12.435 11.323 -10 -12.662 11.392 -10 -12.2 11.9 -10 -12.1 11.8 -10
4 16 -12.23 11.177 -10 -12.435 11.323 -10 -12.1 11.8 -10 -11.8 11.7 -10
4 16 -12.163 10.991 -10 -12.23 11.177 -10 -11.8 11.7 -10 -11.55 11.7 -10
4 16 -12.05 12.15 -10 -12.2 12.05 -10 -12.6 12.6 -10 -12.4 12.8 -10
4 16 -11.85 12.2 -10 -12.05 12.15 -10 -12.4 12.8 -10 -11.4 12.5 -10
3 16 -11.85 12.2 -10 -11.4 12.5 -10 -11.4 12.25 -10
3 16 -11.1 12.1 -10 -11.1 12.4 -10 -10.7 12.3 -10
4 16 -13.322 11.677 -10 -13.471 11.598 -10 -13.3 12.65 -10 -13.15 12.5 -10
3 16 -13.35 12.85 -10 -14.2 13.45 -10 -13.25 13.15 -10
4 16 -14.2 13.45 -10 -13.35 12.85 -10 -13.3 12.65 -10 -13.471 11.598 -10
4 16 -14.2 13.45 -10 -13.471 11.598 -10 -13.578 11.382 -10 -13.753 11.353 -10
4 16 -14.8 14.25 -10 -14.682 15.33 -10 -14.546 15.284 -10 -14.4 14.15 -10
4 16 -14.4 14.15 -10 -14.546 15.284 -10 -14.373 15.248 -10 -14.237 15.203 -10
4 16 -14.4 14.15 -10 -14.237 15.203 -10 -14.168 15.098 -10 -14 14.35 -10
3 16 -14 14.35 -10 -14.168 15.098 -10 -14.022 15.014 -10
4 16 -14 14.35 -10 -14.022 15.014 -10 -13.897 15.006 -10 -13.75 14.45 -10
4 16 -13.75 14.45 -10 -13.897 15.006 -10 -13.782 15.037 -10 -13.6 14.4 -10
4 16 -13.6 14.4 -10 -13.782 15.037 -10 -13.639 15.116 -10 -11.75 13.65 -10
4 16 -12.45 13.3 -10 -13.6 13.85 -10 -13.55 14.25 -10 -12.1 13.45 -10
4 16 -11.75 13.65 -10 -12.1 13.45 -10 -13.55 14.25 -10 -13.6 14.4 -10
4 16 -11.372 14.261 -10 -11.75 13.65 -10 -13.639 15.116 -10 -11.374 14.425 -10
4 16 -11.374 14.425 -10 -13.639 15.116 -10 -13.555 15.262 -10 -13.46 15.37 -10
4 16 -11.374 14.425 -10 -13.46 15.37 -10 -13.23 15.431 -10 -11.29 14.57 -10
4 16 -11.29 14.57 -10 -13.23 15.431 -10 -13.087 15.511 -10 -11.157 14.688 -10
4 16 -11.181 14.928 -10 -11.157 14.688 -10 -13.087 15.511 -10 -12.965 15.667 -10
4 16 -11.097 15.074 -10 -11.181 14.928 -10 -12.965 15.667 -10 -12.968 15.83 -10
4 16 -10.915 15.164 -10 -11.097 15.074 -10 -12.968 15.83 -10 -10.9 17.3 -10
4 16 -11.5 13.7 -10 -11.75 13.65 -10 -11.372 14.261 -10 -11.282 14.08 -10
4 16 -11.35 13.6 -10 -11.5 13.7 -10 -11.282 14.08 -10 -11.146 14.034 -10
4 16 -11.35 13.6 -10 -11.146 14.034 -10 -10.973 13.998 -10 -10.837 13.953 -10
4 16 -11.35 13.6 -10 -10.837 13.953 -10 -10.768 13.848 -10 -11.35 13.4 -10
4 16 -11.35 13.4 -10 -10.768 13.848 -10 -10.622 13.764 -10 -10.9 12.7 -10
3 16 -10.9 12.7 -10 -11.5 13 -10 -11.35 13.4 -10
4 16 -10.6 12.55 -10 -10.9 12.7 -10 -10.622 13.764 -10 -10.497 13.756 -10
4 16 -10.5 12.45 -10 -10.6 12.55 -10 -10.497 13.756 -10 -10.382 13.787 -10
4 16 -14.1 17.85 -10 -14.113 16.427 -10 -14.315 16.414 -10 -15.721 17.933 -10
4 16 -13.556 16.494 -10 -13.786 16.432 -10 -14.1 17.85 -10 -11.65 17.7 -10
3 16 -13.306 16.479 -10 -13.556 16.494 -10 -11.65 17.7 -10
4 16 -13.15 16.356 -10 -13.306 16.479 -10 -11.65 17.7 -10 -10.9 17.3 -10
3 16 -13.147 16.193 -10 -13.15 16.356 -10 -10.9 17.3 -10
3 16 -12.968 15.83 -10 -13.047 15.973 -10 -10.9 17.3 -10
3 16 -10.915 15.164 -10 -10.9 17.3 -10 -10.713 15.177 -10
3 16 -10.386 15.182 -10 -10.9 17.3 -10 -10.156 15.244 -10
4 16 -9.906 15.229 -10 -10.156 15.244 -10 -10.9 17.3 -10 -8.1 15.55 -10
3 16 -9.75 15.106 -10 -9.906 15.229 -10 -8.1 15.55 -10
3 16 -9.747 14.943 -10 -9.75 15.106 -10 -8.1 15.55 -10
3 16 -9.568 14.58 -10 -9.647 14.723 -10 -8.1 15.55 -10
4 16 -9.565 14.417 -10 -9.568 14.58 -10 -8.1 15.55 -10 -5.7 13.85 -10
4 16 -9.687 14.261 -10 -9.565 14.417 -10 -5.7 13.85 -10 -3.95 12.6 -10
4 16 -10.5 12.45 -10 -10.382 13.787 -10 -10.239 13.866 -10 -5 11.7 -10
4 16 -5 11.7 -10 -10.239 13.866 -10 -10.155 14.012 -10 -10.06 14.12 -10
4 16 -5 11.7 -10 -10.06 14.12 -10 -9.83 14.181 -10 -3.95 12.6 -10
3 16 -3.95 12.6 -10 -9.83 14.181 -10 -9.687 14.261 -10
4 16 -10.55 12.3 -10 -10.5 12.45 -10 -5 11.7 -10 -6.45 10.35 -10
4 16 -10.55 12.3 -10 -6.45 10.35 -10 -11.15 11.9 -10 -10.7 12.3 -10
3 16 -11.15 11.9 -10 -11.1 12.1 -10 -10.7 12.3 -10
4 16 -7.95 8.9 -10 -12.163 10.991 -10 -11.55 11.7 -10 -11.35 11.75 -10
4 16 -6.45 10.35 -10 -7.95 8.9 -10 -11.35 11.75 -10 -11.15 11.9 -10
3 16 -7.95 8.9 -10 -12.247 10.851 -10 -12.163 10.991 -10
3 16 -7.95 8.9 -10 -12.287 10.448 -10 -12.279 10.611 -10
4 16 -12.372 10.308 -10 -12.287 10.448 -10 -7.95 8.9 -10 -9.45 7.25 -10
4 16 -12.558 10.24 -10 -12.372 10.308 -10 -9.45 7.25 -10 -10.8 5.7 -10
3 16 -10.8 5.7 -10 -12.722 10.249 -10 -12.558 10.24 -10
4 16 -12.949 10.319 -10 -12.722 10.249 -10 -10.8 5.7 -10 -13.086 10.277 -10
4 16 -13.235 10.198 -10 -13.086 10.277 -10 -10.8 5.7 -10 -11.9 4.15 -10
3 16 -11.9 4.15 -10 -13.398 10.207 -10 -13.235 10.198 -10
4 16 -13.512 10.242 -10 -13.398 10.207 -10 -11.9 4.15 -10 -12.7 2.9 -10
4 16 -13.614 10.314 -10 -13.512 10.242 -10 -12.7 2.9 -10 -14.345 2 -10
4 16 -13.693 10.463 -10 -13.614 10.314 -10 -14.345 2 -10 -15 10 -10
4 16 -13.696 10.588 -10 -13.693 10.463 -10 -15 10 -10 -13.787 10.699 -10
3 16 -15 10 -10 -13.916 10.821 -10 -13.787 10.699 -10
3 16 -15 10 -10 -14.006 10.932 -10 -13.916 10.821 -10
4 16 .285 16.795 -10 -.45 16.35 -10 -1.85 17.45 -10 .369 16.935 -10
3 16 .477 17.151 -10 -1.85 17.45 -10 .485 17.314 -10
3 16 .485 17.314 -10 -1.85 17.45 -10 .645 17.431 -10
3 16 1.83 17.235 -10 1.652 17.331 -10 1.9 17.5 -10
4 16 1.909 17.086 -10 1.83 17.235 -10 1.9 17.5 -10 4.85 17.55 -10
3 16 1.652 17.331 -10 1.45 17.351 -10 1.9 17.5 -10
4 16 1.9 17.5 -10 1.45 17.351 -10 1.124 17.368 -10 .896 17.437 -10
4 16 .896 17.437 -10 .645 17.431 -10 -1.85 17.45 -10 1.9 17.5 -10
3 16 -.45 16.35 -10 .285 16.795 -10 .276 16.631 -10
3 16 -.45 16.35 -10 .276 16.631 -10 .393 16.471 -10
3 16 -.45 16.35 -10 .393 16.471 -10 .533 16.387 -10
4 16 .852 16.206 -10 -.45 16.35 -10 .533 16.387 -10 .761 16.317 -10
4 16 -.45 16.35 -10 .852 16.206 -10 .931 16.058 -10 1.2 15.05 -10
3 16 1.2 15.05 -10 .931 16.058 -10 1.071 15.973 -10
3 16 1.2 15.05 -10 1.071 15.973 -10 1.185 15.939 -10
4 16 1.2 15.05 -10 1.185 15.939 -10 1.31 15.942 -10 1.75 15.25 -10
3 16 1.2 15.05 -10 1.75 15.25 -10 1.75 15.1 -10
4 16 1.75 15.25 -10 1.31 15.942 -10 1.459 16.021 -10 1.9 15.35 -10
4 16 1.9 15.35 -10 1.459 16.021 -10 1.531 16.123 -10 1.668 16.164 -10
4 16 1.9 15.35 -10 1.668 16.164 -10 1.843 16.194 -10 2.35 15.4 -10
4 16 2.35 15.4 -10 1.843 16.194 -10 2.8 15.65 -10 2.95 15.4 -10
4 16 2.8 15.65 -10 1.843 16.194 -10 1.98 16.235 -10 2.8 15.95 -10
4 16 2.8 15.95 -10 1.98 16.235 -10 2.076 16.413 -10 2.9 16.1 -10
4 16 2.9 16.1 -10 2.076 16.413 -10 2.085 16.576 -10 3.2 16.15 -10
4 16 3.2 16.15 -10 2.085 16.576 -10 2.006 16.725 -10 4.85 17.55 -10
4 16 2.006 16.725 -10 1.877 16.847 -10 1.909 17.086 -10 4.85 17.55 -10
3 16 3.45 16.05 -10 3.2 16.15 -10 4.85 17.55 -10
3 16 3.7 15.8 -10 3.45 16.05 -10 4.85 17.55 -10
4 16 3.9 15.5 -10 3.7 15.8 -10 4.85 17.55 -10 6.55 15.85 -10
3 16 3.9 15.5 -10 6.55 15.85 -10 6.6 15.6 -10
3 16 6.55 15.85 -10 4.85 17.55 -10 6.6 16.05 -10
3 16 6.6 16.05 -10 4.85 17.55 -10 6.75 16.2 -10
4 16 6.95 16.25 -10 6.75 16.2 -10 4.85 17.55 -10 8.6 17.65 -10
4 16 6.95 16.25 -10 8.6 17.65 -10 9.435 16.714 -10 9.427 16.551 -10
4 16 6.95 16.25 -10 9.319 16.335 -10 9.235 16.195 -10 7.05 16 -10
4 16 7.05 16 -10 9.235 16.195 -10 9.226 16.031 -10 7.2 15.75 -10
4 16 7.5 15.45 -10 7.2 15.75 -10 9.226 16.031 -10 8 15.4 -10
4 16 8 15.4 -10 9.226 16.031 -10 9.343 15.871 -10 8.35 15.3 -10
4 16 8.8 15.2 -10 8.35 15.3 -10 9.343 15.871 -10 9.483 15.787 -10
4 16 9.6 15.1 -10 8.8 15.2 -10 9.483 15.787 -10 9.711 15.717 -10
4 16 9.6 15.1 -10 9.711 15.717 -10 9.802 15.606 -10 9.881 15.458 -10
3 16 9.6 15.1 -10 9.881 15.458 -10 10.021 15.373 -10
4 16 9.6 15.1 -10 10.021 15.373 -10 10.135 15.339 -10 10.35 15 -10
3 16 10.35 15 -10 10.135 15.339 -10 10.26 15.342 -10
4 16 10.35 15 -10 10.26 15.342 -10 10.409 15.421 -10 10.95 15.05 -10
4 16 10.95 15.05 -10 10.409 15.421 -10 10.481 15.523 -10 10.618 15.564 -10
3 16 10.95 15.05 -10 10.618 15.564 -10 10.793 15.594 -10
4 16 10.95 15.05 -10 10.793 15.594 -10 10.93 15.635 -10 11.55 15.2 -10
4 16 11.55 15.2 -10 10.93 15.635 -10 11.026 15.813 -10 12 15.4 -10
4 16 12 15.4 -10 11.026 15.813 -10 12.2 15.9 -10 12.5 15.7 -10
4 16 12.2 15.9 -10 11.026 15.813 -10 11.035 15.976 -10 12 16.15 -10
4 16 12 16.15 -10 11.035 15.976 -10 10.956 16.125 -10 11.95 16.5 -10
4 16 11.95 16.5 -10 10.956 16.125 -10 10.827 16.247 -10 10.859 16.486 -10
4 16 12.05 16.85 -10 11.95 16.5 -10 10.859 16.486 -10 10.78 16.635 -10
4 16 12.15 17.05 -10 12.05 16.85 -10 10.78 16.635 -10 12.15 17.8 -10
3 16 10.78 16.635 -10 10.602 16.731 -10 12.15 17.8 -10
3 16 9.435 16.714 -10 8.6 17.65 -10 9.595 16.831 -10
4 16 9.846 16.837 -10 9.595 16.831 -10 8.6 17.65 -10 12.15 17.8 -10
3 16 10.074 16.768 -10 9.846 16.837 -10 12.15 17.8 -10
3 16 10.602 16.731 -10 10.4 16.751 -10 12.15 17.8 -10
4 16 12.3 17.05 -10 12.15 17.05 -10 12.15 17.8 -10 14 17.85 -10
4 16 12.45 16.9 -10 12.3 17.05 -10 14 17.85 -10 13.3 16.95 -10
4 16 12.55 16.6 -10 12.45 16.9 -10 13.3 16.95 -10 12.75 16.45 -10
3 16 12.95 16.4 -10 12.75 16.45 -10 13.3 16.95 -10
4 16 1.2 15.05 -10 1.75 15.1 -10 1.9 15.05 -10 2.25 14.55 -10
3 16 2.25 14.55 -10 1.9 15.05 -10 2.25 14.75 -10
3 16 2.25 14.75 -10 1.9 15.05 -10 2.3 15 -10
3 16 2.35 14.3 -10 1.2 15.05 -10 2.25 14.55 -10
3 16 2.5 14 -10 2.35 14.3 -10 2.55 14.2 -10
3 16 2.5 14 -10 1.2 15.05 -10 2.35 14.3 -10
4 16 2.85 14.65 -10 2.7 14.8 -10 2.7 15 -10 3.8 15 -10
4 16 3.3 14.45 -10 2.85 14.65 -10 3.8 15 -10 3.9 14.7 -10
4 16 3.4 14.35 -10 3.3 14.45 -10 3.9 14.7 -10 4.05 14.5 -10
4 16 3.4 14.2 -10 3.4 14.35 -10 4.05 14.5 -10 4.3 14.4 -10
4 16 2.5 14 -10 2.55 14.2 -10 3.2 14.15 -10 4.2 12.65 -10
4 16 4.2 12.65 -10 3.2 14.15 -10 3.4 14.2 -10 4.3 14.4 -10
4 16 5.935 13.471 -10 4.2 12.65 -10 4.3 14.4 -10 5.986 13.626 -10
4 16 6.014 14.022 -10 6.042 13.861 -10 4.3 14.4 -10 4.45 14.5 -10
4 16 6.143 14.172 -10 6.014 14.022 -10 4.45 14.5 -10 4.6 14.65 -10
4 16 6.143 14.172 -10 4.6 14.65 -10 4.7 14.95 -10 6.386 14.234 -10
4 16 6.386 14.234 -10 4.7 14.95 -10 7.2 14.9 -10 6.624 14.218 -10
4 16 6.946 14.275 -10 7.2 14.9 -10 7.3 14.7 -10 7.147 14.301 -10
4 16 7.147 14.301 -10 7.3 14.7 -10 7.45 14.65 -10 7.342 14.247 -10
4 16 7.452 14.12 -10 7.342 14.247 -10 7.45 14.65 -10 7.6 14.75 -10
4 16 7.452 14.12 -10 7.6 14.75 -10 8.05 14.7 -10 7.475 13.88 -10
4 16 7.628 13.79 -10 7.475 13.88 -10 8.05 14.7 -10 8.6 14.55 -10
4 16 7.628 13.79 -10 8.6 14.55 -10 8.8 14.15 -10 7.738 13.663 -10
4 16 7.738 13.663 -10 8.8 14.15 -10 9.1 13.85 -10 7.767 13.502 -10
4 16 7.767 13.502 -10 9.1 13.85 -10 9.35 13.75 -10 7.713 13.306 -10
3 16 9.7 14 -10 9.55 14.35 -10 10.1 14.25 -10
4 16 9.7 13.85 -10 9.7 14 -10 10.1 14.25 -10 10.6 13.4 -10
4 16 10.6 13.4 -10 10.1 14.25 -10 10.45 14.2 -10 10.8 13.5 -10
4 16 10.8 13.5 -10 10.45 14.2 -10 10.9 14.15 -10 11.3 13.45 -10
4 16 11.3 13.45 -10 10.9 14.15 -10 11.25 14.15 -10 11.5 13.85 -10
3 16 11.5 13.85 -10 11.25 14.15 -10 11.75 14.2 -10
3 16 4.2 12.65 -10 5.935 13.471 -10 5.964 13.309 -10
4 16 4.2 12.65 -10 5.964 13.309 -10 6.114 13.18 -10 5.7 11.3 -10
3 16 5.7 11.3 -10 6.114 13.18 -10 6.269 13.129 -10
4 16 5.7 11.3 -10 6.269 13.129 -10 6.507 13.112 -10 6.62 13.025 -10
3 16 5.7 11.3 -10 6.62 13.025 -10 6.73 12.898 -10
3 16 5.7 11.3 -10 6.73 12.898 -10 6.886 12.847 -10
4 16 5.7 11.3 -10 6.886 12.847 -10 7.005 12.839 -10 7.2 9.9 -10
4 16 8.287 11.201 -10 7.2 9.9 -10 7.005 12.839 -10 8.351 11.352 -10
4 16 8.351 11.352 -10 7.005 12.839 -10 7.126 12.87 -10 8.478 11.455 -10
3 16 8.478 11.455 -10 7.126 12.87 -10 7.253 12.981 -10
4 16 8.717 11.772 -10 8.653 11.621 -10 7.253 12.981 -10 7.301 13.097 -10
4 16 8.717 11.772 -10 7.301 13.097 -10 7.425 13.168 -10 7.589 13.236 -10
4 16 8.908 11.827 -10 8.717 11.772 -10 7.589 13.236 -10 7.713 13.306 -10
4 16 8.908 11.827 -10 7.713 13.306 -10 9.35 13.75 -10 9.146 11.747 -10
4 16 9.146 11.747 -10 9.35 13.75 -10 9.55 13.75 -10 9.336 11.604 -10
4 16 9.336 11.604 -10 9.55 13.75 -10 9.7 13.85 -10 10.55 13.3 -10
3 16 10.55 13.3 -10 9.7 13.85 -10 10.6 13.4 -10
4 16 9.637 11.476 -10 10.55 13.3 -10 10.6 13.15 -10 9.819 11.388 -10
4 16 9.819 11.388 -10 10.6 13.15 -10 10.8 12.95 -10 10.75 11.65 -10
3 16 10.75 11.65 -10 10.8 12.95 -10 11.1 12.8 -10
3 16 9.954 11.237 -10 9.819 11.388 -10 10.75 11.65 -10
4 16 9.977 11.071 -10 9.954 11.237 -10 10.75 11.65 -10 10.5 10.55 -10
4 16 9.866 10.857 -10 9.977 11.071 -10 10.5 10.55 -10 9.945 10.698 -10
3 16 9.968 10.531 -10 9.945 10.698 -10 10.5 10.55 -10
4 16 9.904 10.38 -10 9.968 10.531 -10 10.5 10.55 -10 10.3 9.7 -10
4 16 9.904 10.38 -10 10.3 9.7 -10 9.85 9.75 -10 9.753 10.246 -10
4 16 9.45 9.75 -10 9.61 10.254 -10 9.753 10.246 -10 9.85 9.75 -10
4 16 9.436 10.286 -10 9.61 10.254 -10 9.45 9.75 -10 9.293 10.295 -10
4 16 9.19 10.223 -10 9.293 10.295 -10 9.45 9.75 -10 9.25 9.7 -10
4 16 9.023 10.2 -10 9.19 10.223 -10 9.25 9.7 -10 9.15 9.55 -10
4 16 8.904 10.24 -10 9.023 10.2 -10 9.15 9.55 -10 7.2 9.9 -10
3 16 7.2 9.9 -10 8.809 10.312 -10 8.904 10.24 -10
3 16 7.2 9.9 -10 8.706 10.439 -10 8.809 10.312 -10
4 16 8.683 10.605 -10 8.706 10.439 -10 7.2 9.9 -10 8.635 10.74 -10
3 16 7.2 9.9 -10 8.445 10.884 -10 8.635 10.74 -10
3 16 7.2 9.9 -10 8.342 11.011 -10 8.445 10.884 -10
3 16 7.2 9.9 -10 8.287 11.201 -10 8.342 11.011 -10
4 16 7.2 9.9 -10 9.15 9.55 -10 9.25 9.4 -10 8.75 8.35 -10
3 16 8.75 8.35 -10 9.25 9.4 -10 9.5 9.15 -10
4 16 8.75 8.35 -10 9.5 9.15 -10 9.75 9 -10 10 8.3 -10
3 16 10 8.3 -10 9.75 9 -10 10.1 8.95 -10
3 16 10 8 -10 8.75 8.35 -10 10 8.3 -10
4 16 8.75 8.35 -10 10 8 -10 10.05 7.9 -10 10.1 6.85 -10
3 16 10.1 6.85 -10 10.05 7.9 -10 10.2 7.9 -10
4 16 11.453 8.975 -10 11.614 8.859 -10 10.35 8.35 -10 10.5 9.1 -10
3 16 11.453 8.975 -10 10.5 9.1 -10 11.411 9.133 -10
4 16 11.448 9.293 -10 11.411 9.133 -10 10.5 9.1 -10 10.7 9.95 -10
3 16 11.483 9.531 -10 10.7 9.95 -10 11.441 9.689 -10
4 16 11.557 9.85 -10 11.441 9.689 -10 10.7 9.95 -10 10.95 10.8 -10
4 16 11.793 9.934 -10 11.557 9.85 -10 10.95 10.8 -10 11.6 11.25 -10
3 16 10.95 10.8 -10 11.45 11.45 -10 11.6 11.25 -10
3 16 10.95 10.8 -10 11.3 11.85 -10 11.45 11.45 -10
4 16 11.793 9.934 -10 11.6 11.25 -10 11.8 11.1 -10 12.031 9.938 -10
3 16 12.031 9.938 -10 11.8 11.1 -10 12 11.1 -10
4 16 12.347 10.023 -10 12 11.1 -10 12.15 11.25 -10 12.545 10.066 -10
4 16 12.545 10.066 -10 12.15 11.25 -10 12.2 11.6 -10 12.744 10.03 -10
4 16 13.7 11.25 -10 12.744 10.03 -10 12.2 11.6 -10 13.55 12 -10
4 16 13.55 12 -10 12.2 11.6 -10 12.1 11.9 -10 13 12.55 -10
3 16 13.55 12 -10 13 12.55 -10 13.4 12.7 -10
4 16 11.85 12.2 -10 11.5 12.4 -10 11.95 13.15 -10 12.55 12.8 -10
4 16 11.85 12.2 -10 12.55 12.8 -10 12.55 12.6 -10 12.1 11.9 -10
3 16 12.1 11.9 -10 12.55 12.6 -10 12.7 12.55 -10
3 16 12.1 11.9 -10 12.7 12.55 -10 13 12.55 -10
4 16 12.7 13 -10 12.55 12.8 -10 11.95 13.15 -10 12.35 13.75 -10
4 16 13.2 13.45 -10 12.7 13 -10 12.35 13.75 -10 12.95 13.9 -10
3 16 12.35 13.75 -10 12.7 14.15 -10 12.95 13.9 -10
3 16 13.35 14.7 -10 13.25 14.95 -10 13.75 15.85 -10
4 16 12.865 9.913 -10 12.744 10.03 -10 13.7 11.25 -10 13.85 11.2 -10
4 16 12.909 9.675 -10 12.865 9.913 -10 13.85 11.2 -10 13.069 9.599 -10
3 16 13.19 9.482 -10 13.069 9.599 -10 13.85 11.2 -10
4 16 13.233 9.324 -10 13.19 9.482 -10 13.85 11.2 -10 13.95 11.25 -10
4 16 10.35 8.35 -10 11.614 8.859 -10 11.773 8.822 -10 10.3 8 -10
4 16 10.3 8 -10 11.773 8.822 -10 12.011 8.826 -10 12.132 8.749 -10
4 16 10.3 8 -10 12.132 8.749 -10 12.253 8.632 -10 10.1 6.85 -10
3 16 10.1 6.85 -10 10.2 7.9 -10 10.3 8 -10
4 16 10.1 6.85 -10 12.253 8.632 -10 12.412 8.595 -10 11.4 5.25 -10
4 16 11.4 5.25 -10 12.412 8.595 -10 12.531 8.597 -10 12.45 3.75 -10
4 16 12.45 3.75 -10 12.531 8.597 -10 12.649 8.639 -10 13.15 2.65 -10
4 16 13.15 2.65 -10 12.649 8.639 -10 12.766 8.76 -10 14.345 2 -10
4 16 14.345 2 -10 12.766 8.76 -10 12.804 8.88 -10 12.921 8.961 -10
3 16 14.345 2 -10 12.921 8.961 -10 13.079 9.043 -10
3 16 14.345 2 -10 13.079 9.043 -10 13.196 9.125 -10
4 16 14.345 2 -10 13.196 9.125 -10 13.233 9.324 -10 13.95 11.25 -10
4 82 -6.6 21.9 -10 -9 21.9 -10 -8.9 22.1 -10 -7.4 22.4 -10
4 82 -6.6 21.9 -10 -7.4 22.4 -10 -6.25 22.65 -10 -5 22.2 -10
4 82 -5 22.2 -10 -6.25 22.65 -10 -5.4 22.8 -10 -4.8 22.9 -10
4 82 -3.45 22.5 -10 -5 22.2 -10 -4.8 22.9 -10 -4.05 23.05 -10
4 82 -3.45 22.5 -10 -4.05 23.05 -10 -2.3 23.35 -10 -.8 22.95 -10
4 82 -.8 22.95 -10 -2.3 23.35 -10 .35 23.85 -10 1.3 23.35 -10
4 82 -5.4 22.8 -10 -6.25 22.65 -10 -6.3 23 -10 -6.25 23.3 -10
4 82 -5.35 23.2 -10 -5.4 22.8 -10 -6.25 23.3 -10 -6.1 23.55 -10
4 82 -5.35 23.6 -10 -5.35 23.2 -10 -6.1 23.55 -10 -6.05 23.85 -10
4 82 -7.3 23.25 -10 -7.5 23.4 -10 -7.55 23.75 -10 -7.1 23.2 -10
4 82 -6.85 23.25 -10 -7.1 23.2 -10 -7.55 23.75 -10 -7.4 24 -10
4 82 -6.85 23.25 -10 -7.4 24 -10 -7.05 24.15 -10 -6.55 23.45 -10
4 82 -6.55 23.45 -10 -7.05 24.15 -10 -6.75 24.3 -10 -6.25 23.75 -10
4 82 -6.25 23.75 -10 -6.75 24.3 -10 -6.6 24.5 -10 -6.05 23.85 -10
4 82 -7.9 24.8 -10 -7.95 25 -10 -7.85 25.25 -10 -7.7 24.6 -10
4 82 -7.7 24.6 -10 -7.85 25.25 -10 -7.65 25.4 -10 -7.4 25.5 -10
4 82 -7.7 24.6 -10 -7.4 25.5 -10 -7.2 25.45 -10 -7.45 24.5 -10
4 82 -7.05 24.45 -10 -7.45 24.5 -10 -7.2 25.45 -10 -6.95 25.3 -10
4 82 -6.8 24.45 -10 -7.05 24.45 -10 -6.95 25.3 -10 -6.6 24.5 -10
4 82 -6.6 24.5 -10 -6.95 25.3 -10 -6.65 25.25 -10 -6.47 24.8 -10
4 82 -5.3 23.8 -10 -5.35 23.6 -10 -6.05 23.85 -10 -5.675 24.005 -10
4 82 -5.15 23.65 -10 -5.3 23.8 -10 -4.8 24.35 -10 -4.65 24.15 -10
4 82 -5.05 23.45 -10 -5.15 23.65 -10 -4.65 24.15 -10 -4.4 23.9 -10
4 82 -4.95 23.2 -10 -5.05 23.45 -10 -4.4 23.9 -10 -4.2 23.7 -10
4 82 -4.8 22.9 -10 -4.95 23.2 -10 -4.2 23.7 -10 -4.1 23.5 -10
3 82 -4.8 22.9 -10 -4.1 23.5 -10 -4.05 23.05 -10
4 82 -4.5 24.4 -10 -4.8 24.35 -10 -4.8 25.15 -10 -4.45 25.1 -10
4 82 -4.25 24.3 -10 -4.5 24.4 -10 -4.45 25.1 -10 -3.95 25.1 -10
4 82 -3.95 24.15 -10 -4.25 24.3 -10 -3.95 25.1 -10 -3.65 25 -10
4 82 -3.95 24.15 -10 -3.65 25 -10 -3.45 24.9 -10 -3.75 24.1 -10
4 82 -3.5 24.15 -10 -3.75 24.1 -10 -3.45 24.9 -10 -3.35 24.75 -10
3 82 -3.5 24.15 -10 -3.35 24.75 -10 -3.35 24.4 -10
4 82 -6.2 25.85 -10 -6.05 25.75 -10 -6.65 25.25 -10 -6.8 25.5 -10
4 82 -6.3 26.15 -10 -6.2 25.85 -10 -6.8 25.5 -10 -7.05 25.75 -10
4 82 -6.35 26.45 -10 -6.3 26.15 -10 -7.05 25.75 -10 -7.25 26 -10
4 82 -6.35 26.45 -10 -7.25 26 -10 -7.3 26.3 -10 -6.5 26.65 -10
4 82 -6.5 26.65 -10 -7.3 26.3 -10 -7.25 26.55 -10 -7.05 26.7 -10
3 82 -6.5 26.65 -10 -7.05 26.7 -10 -6.75 26.75 -10
4 82 -5.3 25.95 -10 -5.25 25.7 -10 -6.05 25.75 -10 -6 26.1 -10
4 82 -5.25 26.15 -10 -5.3 25.95 -10 -6 26.1 -10 -6.05 26.45 -10
4 82 -5.25 26.15 -10 -6.05 26.45 -10 -5.95 26.7 -10 -5.05 26.4 -10
4 82 -5.05 26.4 -10 -5.95 26.7 -10 -5.7 27 -10 -5 26.65 -10
4 82 -5.05 26.9 -10 -5 26.65 -10 -5.7 27 -10 -5.45 27.05 -10
3 82 -5.05 26.9 -10 -5.45 27.05 -10 -5.2 27.05 -10
4 82 -4.8 25.15 -10 -5.25 25.7 -10 -4.95 25.95 -10 -4.55 25.3 -10
4 82 -4.55 25.3 -10 -4.95 25.95 -10 -4.65 26.25 -10 -4.1 25.45 -10
4 82 -3.85 25.6 -10 -4.1 25.45 -10 -4.65 26.25 -10 -4.35 26.4 -10
4 82 -3.85 25.6 -10 -4.35 26.4 -10 -4.05 26.35 -10 -3.8 25.9 -10
3 82 -3.8 25.9 -10 -4.05 26.35 -10 -3.9 26.2 -10
4 0 -6.048 24.8 -10 -6.02 24.657 -10 -6.409 24.496 -10 -6.47 24.8 -10
4 0 -6.02 24.943 -10 -6.048 24.8 -10 -6.47 24.8 -10 -6.409 25.104 -10
4 0 -5.939 25.064 -10 -6.02 24.943 -10 -6.409 25.104 -10 -6.237 25.362 -10
4 0 -5.818 25.145 -10 -5.939 25.064 -10 -6.237 25.362 -10 -5.979 25.534 -10
4 0 -5.675 25.173 -10 -5.818 25.145 -10 -5.979 25.534 -10 -5.675 25.595 -10
4 0 -5.532 25.145 -10 -5.675 25.173 -10 -5.675 25.595 -10 -5.371 25.534 -10
4 0 -5.411 25.064 -10 -5.532 25.145 -10 -5.371 25.534 -10 -5.113 25.362 -10
4 0 -5.33 24.943 -10 -5.411 25.064 -10 -5.113 25.362 -10 -4.941 25.104 -10
4 0 -5.302 24.8 -10 -5.33 24.943 -10 -4.941 25.104 -10 -4.88 24.8 -10
4 0 -5.33 24.657 -10 -5.302 24.8 -10 -4.88 24.8 -10 -4.941 24.496 -10
4 0 -5.411 24.536 -10 -5.33 24.657 -10 -4.941 24.496 -10 -5.113 24.238 -10
4 0 -5.532 24.455 -10 -5.411 24.536 -10 -5.113 24.238 -10 -5.371 24.066 -10
4 0 -5.675 24.427 -10 -5.532 24.455 -10 -5.371 24.066 -10 -5.675 24.005 -10
4 0 -5.818 24.455 -10 -5.675 24.427 -10 -5.675 24.005 -10 -5.979 24.066 -10
4 0 -5.939 24.536 -10 -5.818 24.455 -10 -5.979 24.066 -10 -6.237 24.238 -10
4 0 -6.02 24.657 -10 -5.939 24.536 -10 -6.237 24.238 -10 -6.409 24.496 -10
3 82 -6.05 23.85 -10 -5.979 24.066 -10 -5.675 24.005 -10
3 82 -5.3 23.8 -10 -5.675 24.005 -10 -5.371 24.066 -10
4 82 -5.3 23.8 -10 -5.371 24.066 -10 -5.113 24.238 -10 -4.8 24.35 -10
3 82 -5.113 24.238 -10 -4.941 24.496 -10 -4.8 24.35 -10
4 82 -4.8 24.35 -10 -4.941 24.496 -10 -4.88 24.8 -10 -4.8 25.15 -10
3 82 -4.88 24.8 -10 -4.941 25.104 -10 -4.8 25.15 -10
4 82 -4.8 25.15 -10 -4.941 25.104 -10 -5.113 25.362 -10 -5.25 25.7 -10
3 82 -5.113 25.362 -10 -5.371 25.534 -10 -5.25 25.7 -10
4 82 -5.25 25.7 -10 -5.371 25.534 -10 -5.675 25.595 -10 -6.05 25.75 -10
3 82 -5.979 25.534 -10 -6.05 25.75 -10 -5.675 25.595 -10
4 82 -6.05 25.75 -10 -5.979 25.534 -10 -6.237 25.362 -10 -6.65 25.25 -10
3 82 -6.409 25.104 -10 -6.65 25.25 -10 -6.237 25.362 -10
3 82 -6.47 24.8 -10 -6.65 25.25 -10 -6.409 25.104 -10
3 82 -6.409 24.496 -10 -6.6 24.5 -10 -6.47 24.8 -10
4 82 -6.6 24.5 -10 -6.409 24.496 -10 -6.237 24.238 -10 -6.05 23.85 -10
3 82 -6.05 23.85 -10 -6.237 24.238 -10 -5.979 24.066 -10
4 82 -6.02 24.657 -10 -6.048 24.8 -10 -6.02 24.943 -10 -5.939 25.064 -10
4 82 -5.939 24.536 -10 -6.02 24.657 -10 -5.939 25.064 -10 -5.818 24.455 -10
4 82 -5.818 24.455 -10 -5.939 25.064 -10 -5.818 25.145 -10 -5.675 25.173 -10
4 82 -5.675 24.427 -10 -5.818 24.455 -10 -5.675 25.173 -10 -5.532 24.455 -10
4 82 -5.532 24.455 -10 -5.675 25.173 -10 -5.532 25.145 -10 -5.411 25.064 -10
4 82 -5.411 24.536 -10 -5.532 24.455 -10 -5.411 25.064 -10 -5.33 24.657 -10
4 82 -5.33 24.657 -10 -5.411 25.064 -10 -5.33 24.943 -10 -5.302 24.8 -10
4 82 17.49 29.959 -10 17.543 29.76 -10 17.448 29.508 -10 17.286 30.156 -10
4 82 17.286 30.156 -10 17.448 29.508 -10 17.25 29.355 -10 17.002 29.251 -10
4 82 17.286 30.156 -10 17.002 29.251 -10 16.801 29.297 -10 17.035 30.251 -10
4 82 16.634 30.294 -10 17.035 30.251 -10 16.801 29.297 -10 16.549 29.443 -10
4 82 16.384 30.29 -10 16.634 30.294 -10 16.549 29.443 -10 16.185 30.236 -10
4 82 16.185 30.236 -10 16.549 29.443 -10 16.248 29.487 -10 16.059 29.934 -10
4 82 14.083 30.3 -10 14.382 30.355 -10 14.396 29.555 -10 14.045 29.599 -10
4 82 13.832 30.395 -10 14.083 30.3 -10 14.045 29.599 -10 13.546 29.59 -10
4 82 13.529 30.54 -10 13.832 30.395 -10 13.546 29.59 -10 13.244 29.685 -10
4 82 13.529 30.54 -10 13.244 29.685 -10 13.042 29.782 -10 13.328 30.587 -10
4 82 13.079 30.532 -10 13.328 30.587 -10 13.042 29.782 -10 12.94 29.931 -10
3 82 12.94 29.931 -10 12.934 30.281 -10 13.079 30.532 -10
4 82 15.808 28.88 -10 15.657 28.977 -10 16.248 29.487 -10 16.402 29.24 -10
4 82 15.913 28.581 -10 15.808 28.88 -10 16.402 29.24 -10 16.656 28.994 -10
4 82 15.969 28.282 -10 15.913 28.581 -10 16.656 28.994 -10 16.861 28.748 -10
4 82 15.969 28.282 -10 16.861 28.748 -10 16.916 28.449 -10 16.122 28.085 -10
4 82 16.122 28.085 -10 16.916 28.449 -10 16.87 28.198 -10 16.673 28.045 -10
3 82 16.374 27.989 -10 16.122 28.085 -10 16.673 28.045 -10
4 82 14.91 28.764 -10 14.856 29.013 -10 15.657 28.977 -10 15.613 28.626 -10
4 82 14.864 28.563 -10 14.91 28.764 -10 15.613 28.626 -10 15.669 28.277 -10
4 82 14.864 28.563 -10 15.669 28.277 -10 15.573 28.025 -10 14.668 28.31 -10
4 82 14.668 28.31 -10 15.573 28.025 -10 15.328 27.721 -10 14.622 28.059 -10
4 82 14.677 27.81 -10 14.622 28.059 -10 15.328 27.721 -10 15.079 27.667 -10
3 82 14.829 27.662 -10 14.677 27.81 -10 15.079 27.667 -10
4 82 14.396 29.555 -10 14.856 29.013 -10 14.56 28.758 -10 14.149 29.401 -10
4 82 14.149 29.401 -10 14.56 28.758 -10 14.265 28.453 -10 13.702 29.243 -10
4 82 13.454 29.089 -10 13.702 29.243 -10 14.265 28.453 -10 13.968 28.297 -10
4 82 13.454 29.089 -10 13.968 28.297 -10 13.667 28.342 -10 13.41 28.788 -10
3 82 13.667 28.342 -10 13.515 28.49 -10 13.41 28.788 -10
4 0 15.638 29.927 -10 15.607 30.069 -10 15.994 30.237 -10 16.059 29.934 -10
4 0 15.612 29.784 -10 15.638 29.927 -10 16.059 29.934 -10 16.004 29.629 -10
4 0 15.534 29.661 -10 15.612 29.784 -10 16.004 29.629 -10 15.837 29.368 -10
4 0 15.414 29.578 -10 15.534 29.661 -10 15.837 29.368 -10 15.582 29.192 -10
4 0 15.272 29.547 -10 15.414 29.578 -10 15.582 29.192 -10 15.279 29.126 -10
4 0 15.128 29.573 -10 15.272 29.547 -10 15.279 29.126 -10 14.974 29.181 -10
4 0 15.006 29.652 -10 15.128 29.573 -10 14.974 29.181 -10 14.713 29.349 -10
4 0 14.923 29.771 -10 15.006 29.652 -10 14.713 29.349 -10 14.536 29.604 -10
4 0 14.892 29.914 -10 14.923 29.771 -10 14.536 29.604 -10 14.471 29.906 -10
4 0 14.918 30.057 -10 14.892 29.914 -10 14.471 29.906 -10 14.526 30.212 -10
4 0 14.996 30.18 -10 14.918 30.057 -10 14.526 30.212 -10 14.693 30.472 -10
4 0 15.116 30.263 -10 14.996 30.18 -10 14.693 30.472 -10 14.948 30.649 -10
4 0 15.259 30.294 -10 15.116 30.263 -10 14.948 30.649 -10 15.251 30.715 -10
4 0 15.402 30.268 -10 15.259 30.294 -10 15.251 30.715 -10 15.556 30.66 -10
4 0 15.524 30.189 -10 15.402 30.268 -10 15.556 30.66 -10 15.817 30.492 -10
4 0 15.607 30.069 -10 15.524 30.189 -10 15.817 30.492 -10 15.994 30.237 -10
4 82 15.623 30.877 -10 15.556 30.66 -10 15.251 30.715 -10 14.873 30.914 -10
3 82 14.948 30.649 -10 14.873 30.914 -10 15.251 30.715 -10
4 82 14.873 30.914 -10 14.948 30.649 -10 14.693 30.472 -10 14.382 30.355 -10
3 82 14.526 30.212 -10 14.382 30.355 -10 14.693 30.472 -10
4 82 14.382 30.355 -10 14.526 30.212 -10 14.471 29.906 -10 14.396 29.555 -10
3 82 14.396 29.555 -10 14.471 29.906 -10 14.536 29.604 -10
4 82 14.396 29.555 -10 14.536 29.604 -10 14.713 29.349 -10 14.856 29.013 -10
3 82 14.856 29.013 -10 14.713 29.349 -10 14.974 29.181 -10
4 82 14.856 29.013 -10 14.974 29.181 -10 15.279 29.126 -10 15.657 28.977 -10
3 82 15.657 28.977 -10 15.279 29.126 -10 15.582 29.192 -10
4 82 15.657 28.977 -10 15.582 29.192 -10 15.837 29.368 -10 16.248 29.487 -10
3 82 15.837 29.368 -10 16.004 29.629 -10 16.248 29.487 -10
3 82 16.248 29.487 -10 16.004 29.629 -10 16.059 29.934 -10
3 82 16.059 29.934 -10 15.994 30.237 -10 16.185 30.236 -10
4 82 16.185 30.236 -10 15.994 30.237 -10 15.817 30.492 -10 15.623 30.877 -10
3 82 15.817 30.492 -10 15.556 30.66 -10 15.623 30.877 -10
4 82 15.607 30.069 -10 15.638 29.927 -10 15.612 29.784 -10 15.534 29.661 -10
4 82 15.524 30.189 -10 15.607 30.069 -10 15.534 29.661 -10 15.402 30.268 -10
4 82 15.402 30.268 -10 15.534 29.661 -10 15.414 29.578 -10 15.272 29.547 -10
4 82 15.259 30.294 -10 15.402 30.268 -10 15.272 29.547 -10 15.116 30.263 -10
4 82 15.116 30.263 -10 15.272 29.547 -10 15.128 29.573 -10 15.006 29.652 -10
4 82 14.996 30.18 -10 15.116 30.263 -10 15.006 29.652 -10 14.918 30.057 -10
4 82 14.918 30.057 -10 15.006 29.652 -10 14.923 29.771 -10 14.892 29.914 -10
4 82 -16.537 25.112 -10 -16.296 25.138 -10 -16.029 24.922 -10 -16.712 25.015 -10
4 82 -16.857 24.814 -10 -16.712 25.015 -10 -16.029 24.922 -10 -15.97 24.646 -10
4 82 -16.857 24.814 -10 -15.97 24.646 -10 -16.119 24.308 -10 -16.928 24.514 -10
4 82 -15.086 24.409 -10 -14.918 24.3 -10 -14.824 24.057 -10 -15.36 24.419 -10
4 82 -15.36 24.419 -10 -14.824 24.057 -10 -14.866 23.818 -10 -14.978 23.581 -10
4 82 -15.36 24.419 -10 -14.978 23.581 -10 -15.153 23.485 -10 -15.604 24.324 -10
4 82 -15.921 24.095 -10 -15.604 24.324 -10 -15.153 23.485 -10 -15.429 23.426 -10
4 82 -16.098 23.929 -10 -15.921 24.095 -10 -15.429 23.426 -10 -16.207 23.762 -10
4 82 -16.207 23.762 -10 -15.429 23.426 -10 -15.675 23.263 -10 -16.101 23.462 -10
4 82 -15.597 22.539 -10 -15.77 22.511 -10 -15.675 23.263 -10 -15.403 23.184 -10
4 82 -15.328 22.392 -10 -15.597 22.539 -10 -15.403 23.184 -10 -15.06 23.172 -10
4 82 -15.094 22.213 -10 -15.328 22.392 -10 -15.06 23.172 -10 -14.753 23.127 -10
4 82 -15.094 22.213 -10 -14.753 23.127 -10 -14.519 22.948 -10 -14.855 22.17 -10
4 82 -14.855 22.17 -10 -14.519 22.948 -10 -14.389 22.737 -10 -14.432 22.498 -10
3 82 -14.855 22.17 -10 -14.432 22.498 -10 -14.612 22.264 -10
4 0 -16.4 23.184 -10 -16.514 23.266 -10 -16.345 23.638 -10 -16.101 23.462 -10
4 0 -16.325 23.064 -10 -16.4 23.184 -10 -16.101 23.462 -10 -15.943 23.207 -10
4 0 -16.303 22.924 -10 -16.325 23.064 -10 -15.943 23.207 -10 -15.894 22.91 -10
4 0 -16.335 22.787 -10 -16.303 22.924 -10 -15.894 22.91 -10 -15.963 22.617 -10
4 0 -16.418 22.672 -10 -16.335 22.787 -10 -15.963 22.617 -10 -16.139 22.373 -10
4 0 -16.538 22.597 -10 -16.418 22.672 -10 -16.139 22.373 -10 -16.408 21.681 -10
4 0 -16.514 23.266 -10 -16.652 23.299 -10 -16.638 23.707 -10 -16.345 23.638 -10
3 82 -16.139 22.373 -10 -15.963 22.617 -10 -15.77 22.511 -10
4 82 -15.77 22.511 -10 -15.963 22.617 -10 -15.894 22.91 -10 -15.675 23.263 -10
3 82 -15.894 22.91 -10 -15.943 23.207 -10 -15.675 23.263 -10
3 82 -15.943 23.207 -10 -16.101 23.462 -10 -15.675 23.263 -10
3 82 -16.101 23.462 -10 -16.345 23.638 -10 -16.207 23.762 -10
4 82 -16.207 23.762 -10 -16.345 23.638 -10 -16.638 23.707 -10 -16.233 24.003 -10
4 82 -16.514 23.266 -10 -16.4 23.184 -10 -16.325 23.064 -10 -16.303 22.924 -10
4 82 -16.652 23.299 -10 -16.514 23.266 -10 -16.303 22.924 -10 -16.335 22.787 -10
3 0 -15.721 17.933 -10 -15.852 18.649 -10 -15.1 18.6 -10
3 16 15.2 18.6 -10 15.9 19.2 -10 15.854 18.658 -10
3 16 15.854 18.658 -10 15.9 19.2 -10 16.005 19.482 -10
3 0 15.733 17.996 -10 15.2 18.6 -10 15.854 18.658 -10
3 82 16.005 19.482 -10 15.65 20.3 -10 16.414 21.712 -10
3 82 -15.85 20.9 -10 -16.408 21.681 -10 -15.55 21.6 -10
4 82 -16.408 21.681 -10 -15.85 20.9 -10 -15.75 20.15 -10 -15.852 18.649 -10
3 82 -15.852 18.649 -10 -15.75 20.15 -10 -15.55 19.4 -10
4 82 -15.1 18.6 -10 -15.852 18.649 -10 -15.55 19.4 -10 -15.1 18.9 -10
4 16 -14.557 15.938 -10 -14.69 15.82 -10 -15.721 17.933 -10 -14.581 16.178 -10
3 16 -14.581 16.178 -10 -15.721 17.933 -10 -14.497 16.324 -10
3 16 -14.497 16.324 -10 -15.721 17.933 -10 -14.315 16.414 -10
3 16 -14.774 15.675 -10 -15.721 17.933 -10 -14.69 15.82 -10
4 16 14.9 17.5 -10 15.25 17.95 -10 15.733 17.996 -10 13.9 12.55 -10
4 16 14.9 17.5 -10 13.9 12.55 -10 13.7 13.6 -10 14.4 16.8 -10
4 16 13.75 15.85 -10 14.4 16.8 -10 13.7 13.6 -10 13.5 14.25 -10
3 16 13.5 14.25 -10 13.35 14.7 -10 13.75 15.85 -10
3 16 13.95 11.9 -10 13.9 12.55 -10 15.733 17.996 -10
4 16 13.95 11.25 -10 13.95 11.9 -10 15.733 17.996 -10 14.345 2 -10
4 15 -14.945 13.698 -10 -15.052 14.286 -10 -14.8 14.25 -10 -14.4 14.15 -10
3 15 -14.2 13.45 -10 -14.945 13.698 -10 -14.4 14.15 -10
4 82 .85 23.95 -10 .35 23.85 -10 0 24.2 -10 .35 24.4 -10
4 82 .35 24.4 -10 0 24.2 -10 -.4 24.65 -10 -.1 24.9 -10
4 82 -.1 24.9 -10 -.4 24.65 -10 -.75 25.15 -10 -.45 25.4 -10
4 82 -.45 25.4 -10 -.75 25.15 -10 -1.1 25.8 -10 -.8 26.1 -10
4 82 -.8 26.1 -10 -1.1 25.8 -10 -1.35 26.4 -10 -1 26.7 -10
4 82 -1 26.7 -10 -1.35 26.4 -10 -1.5 27.05 -10 -1.1 27.2 -10
4 82 -1.1 27.2 -10 -1.5 27.05 -10 -1.55 27.7 -10 -1.1 27.45 -10
4 82 -1.1 27.45 -10 -1.55 27.7 -10 -.9 27.95 -10 -.75 27.6 -10
4 82 -.75 27.6 -10 -.9 27.95 -10 -.2 28.15 -10 -.05 27.8 -10
4 82 -.05 27.8 -10 -.2 28.15 -10 .35 28.25 -10 .7 27.9 -10
4 82 .7 27.9 -10 .35 28.25 -10 1.3 28.3 -10 1.55 27.95 -10
4 82 1.9 28.5 -10 1.55 27.95 -10 1.3 28.3 -10 1.7 28.95 -10
4 82 2.4 29.15 -10 1.9 28.5 -10 1.7 28.95 -10 2.35 29.75 -10
4 82 3 29.8 -10 2.4 29.15 -10 2.35 29.75 -10 3.05 30.4 -10
4 82 3.7 30.45 -10 3 29.8 -10 3.05 30.4 -10 3.5 30.75 -10
4 82 4.05 30.75 -10 3.7 30.45 -10 3.5 30.75 -10 3.75 30.9 -10
4 82 4.35 30.15 -10 3.7 30.45 -10 4.05 30.75 -10 4.8 30.35 -10
4 82 5.05 29.75 -10 4.35 30.15 -10 4.8 30.35 -10 5.65 29.8 -10
4 82 5.75 29.25 -10 5.05 29.75 -10 5.65 29.8 -10 6.2 29.4 -10
4 82 6.15 28.9 -10 5.75 29.25 -10 6.2 29.4 -10 6.6 29.05 -10
4 82 6.45 28.6 -10 6.15 28.9 -10 6.6 29.05 -10 7.2 28.8 -10
4 82 7.2 28.8 -10 6.6 29.05 -10 7.2 29.2 -10 7.95 28.95 -10
4 82 7.95 28.95 -10 7.2 29.2 -10 8.1 29.35 -10 8.6 29 -10
4 82 8.6 29 -10 8.1 29.35 -10 8.9 29.35 -10 9.1 28.95 -10
4 82 9.1 28.95 -10 8.9 29.35 -10 9.45 29.3 -10 9.5 28.9 -10
4 82 9.15 28.6 -10 9.1 28.95 -10 9.5 28.9 -10 9.55 28.2 -10
4 82 9.15 28.05 -10 9.15 28.6 -10 9.55 28.2 -10 9.5 27.5 -10
4 82 9.1 27.35 -10 9.15 28.05 -10 9.5 27.5 -10 9.4 26.95 -10
4 82 9 26.75 -10 9.1 27.35 -10 9.4 26.95 -10 9.2 26.25 -10
4 82 8.8 26.2 -10 9 26.75 -10 9.2 26.25 -10 8.95 25.65 -10
4 82 8.45 25.5 -10 8.8 26.2 -10 8.95 25.65 -10 8.7 25.15 -10
3 82 8.15 25.1 -10 8.45 25.5 -10 8.7 25.15 -10
4 82 -.15 26.45 -10 -.3 26.95 -10 .45 26.6 -10 .1 25.9 -10
4 82 .1 25.9 -10 .45 26.6 -10 .65 26.15 -10 .45 25.35 -10
4 82 .45 25.35 -10 .65 26.15 -10 1.05 25.5 -10 .75 25 -10
3 82 1.1 24.7 -10 .75 25 -10 1.05 25.5 -10
4 82 .45 26.6 -10 -.3 26.95 -10 .1 27.1 -10 .8 26.65 -10
4 82 .8 26.65 -10 .1 27.1 -10 .7 27.2 -10 1.1 26.65 -10
3 82 1.1 26.65 -10 .7 27.2 -10 1.3 27.2 -10
4 82 7.85 25.8 -10 7.65 25.85 -10 7.55 26.4 -10 8.05 26.2 -10
4 82 8.05 26.2 -10 7.55 26.4 -10 7.7 26.9 -10 8.3 27 -10
4 82 8.3 27 -10 7.7 26.9 -10 7.85 27.65 -10 8.4 27.7 -10
4 82 8.4 28.05 -10 8.4 27.7 -10 7.85 27.65 -10 8.35 28.3 -10
4 82 7.5 27.6 -10 7.15 27.5 -10 6.9 28 -10 7.3 28.1 -10
4 82 7.85 27.65 -10 7.5 27.6 -10 7.3 28.1 -10 8 28.25 -10
3 82 7.85 27.65 -10 8 28.25 -10 8.35 28.3 -10
4 82 2.475 24.225 -10 1.85 24.125 -10 1.8 24.85 -10 2.4 24.9 -10
4 82 2.4 24.9 -10 1.8 24.85 -10 1.75 25.75 -10 2.35 25.8 -10
4 82 2.35 25.8 -10 1.75 25.75 -10 1.8 26.5 -10 2.4 26.45 -10
4 82 2.4 26.45 -10 1.8 26.5 -10 1.95 27.05 -10 2.55 27.1 -10
4 82 2.55 27.1 -10 1.95 27.05 -10 2.25 27.75 -10 2.9 27.65 -10
4 82 2.9 27.65 -10 2.25 27.75 -10 2.85 28.6 -10 3.45 28.4 -10
4 82 3.45 28.4 -10 2.85 28.6 -10 3.55 29.35 -10 3.95 28.85 -10
4 82 3.95 28.85 -10 3.55 29.35 -10 3.75 29.55 -10 3.95 29.55 -10
4 82 3.95 28.85 -10 3.95 29.55 -10 4.45 29.25 -10 4.55 28.45 -10
4 82 4.55 28.45 -10 4.45 29.25 -10 5.2 28.7 -10 5.15 27.95 -10
4 82 5.15 27.95 -10 5.2 28.7 -10 5.8 28.15 -10 5.55 27.5 -10
4 82 5.55 27.5 -10 5.8 28.15 -10 6.25 27.6 -10 5.9 27.05 -10
4 82 5.9 27.05 -10 6.25 27.6 -10 6.6 26.95 -10 6.15 26.45 -10
4 82 6.15 26.45 -10 6.6 26.95 -10 6.85 26.2 -10 6.35 25.65 -10
4 82 6.35 25.65 -10 6.85 26.2 -10 7 25.55 -10 6.45 24.85 -10
4 82 6.45 24.85 -10 7 25.55 -10 7.1 24.95 -10 6.55 24.2 -10
4 82 3.7 26.25 -10 3.55 25.85 -10 3.35 25.85 -10 3.15 26.35 -10
4 82 4 26.6 -10 3.7 26.25 -10 3.15 26.35 -10 4 26.8 -10
4 82 4 26.8 -10 3.15 26.35 -10 3.1 26.65 -10 3.15 26.85 -10
4 82 4.4 26.65 -10 4.35 26.85 -10 4.7 26.95 -10 4.75 26.45 -10
4 82 4.75 26.45 -10 4.7 26.95 -10 5.3 27 -10 5.25 26.6 -10
4 82 5.1 26.1 -10 4.75 26.45 -10 5.25 26.6 -10 5.3 26.15 -10
4 82 1.3 23.35 -10 .35 23.85 -10 .85 23.95 -10 1.85 24.125 -10
4 82 3.3 23.65 -10 1.3 23.35 -10 1.85 24.125 -10 2.475 24.225 -10
4 82 3.3 23.65 -10 2.475 24.225 -10 3.65 24.4 -10 5.35 24.65 -10
4 82 6.55 24.2 -10 3.3 23.65 -10 5.35 24.65 -10 6.45 24.85 -10
4 82 6.55 24.2 -10 7.1 24.95 -10 8.15 25.1 -10 9.2 24.6 -10
4 82 9.2 24.6 -10 8.15 25.1 -10 8.7 25.15 -10 11.75 24.9 -10
4 82 11.75 24.9 -10 8.7 25.15 -10 12.15 25.65 -10 15.15 25.3 -10
4 82 15.15 25.3 -10 12.15 25.65 -10 15.9 26.1 -10 17.114 25.531 -10
4 82 5.35 24.65 -10 3.65 24.4 -10 3.8 25 -10 5.05 25.15 -10
4 82 5.05 25.15 -10 3.8 25 -10 4 25.5 -10 4.75 25.55 -10
4 82 4.75 25.55 -10 4 25.5 -10 4.2 25.75 -10 4.5 25.75 -10
3 82 4.5 25.75 -10 4.2 25.75 -10 4.35 25.8 -10
3 82 17.114 25.531 -10 15.9 26.1 -10 17.243 26.234 -10
4 0 13.529 30.54 -10 13.328 30.587 -10 13.768 31 -10 13.975 30.798 -10
4 0 13.832 30.395 -10 13.529 30.54 -10 13.975 30.798 -10 14.229 30.552 -10
4 0 14.083 30.3 -10 13.832 30.395 -10 14.229 30.552 -10 14.382 30.355 -10
3 0 14.873 30.914 -10 14.783 31 -10 14.893 31 -10
3 0 15.623 30.877 -10 15.642 31 -10 15.841 31 -10
4 0 16.384 30.29 -10 16.185 30.236 -10 16.331 30.439 -10 16.628 30.594 -10
4 0 16.634 30.294 -10 16.384 30.29 -10 16.628 30.594 -10 16.976 30.75 -10
4 0 17.035 30.251 -10 16.634 30.294 -10 16.976 30.75 -10 17.75 31 -10
3 0 16.976 30.75 -10 17.12 31 -10 17.75 31 -10
3 0 17.286 30.156 -10 17.035 30.251 -10 17.75 31 -10
3 0 17.49 29.959 -10 17.286 30.156 -10 17.75 31 -10
4 0 17.543 29.76 -10 17.49 29.959 -10 17.75 31 -10 17.75 29 -10
4 0 17.25 29.355 -10 17.448 29.508 -10 17.75 29 -10 16.861 28.748 -10
3 0 17.75 29 -10 17.448 29.508 -10 17.543 29.76 -10
3 0 17.243 26.234 -10 16.673 28.045 -10 16.87 28.198 -10
4 0 16.402 29.24 -10 16.248 29.487 -10 16.549 29.443 -10 16.656 28.994 -10
4 0 16.656 28.994 -10 16.549 29.443 -10 16.801 29.297 -10 16.861 28.748 -10
3 0 16.861 28.748 -10 16.801 29.297 -10 17.002 29.251 -10
3 0 16.861 28.748 -10 17.002 29.251 -10 17.25 29.355 -10
3 0 16.916 28.449 -10 16.861 28.748 -10 17.75 29 -10
4 0 16.87 28.198 -10 16.916 28.449 -10 17.75 29 -10 17.243 26.234 -10
4 82 16.185 30.236 -10 15.623 30.877 -10 15.841 31 -10 16.331 30.439 -10
4 82 16.628 30.594 -10 16.331 30.439 -10 15.841 31 -10 17.12 31 -10
3 82 16.628 30.594 -10 17.12 31 -10 16.976 30.75 -10
4 82 14.873 30.914 -10 14.893 31 -10 15.642 31 -10 15.623 30.877 -10
4 82 13.975 30.798 -10 13.768 31 -10 14.783 31 -10 14.873 30.914 -10
3 82 14.229 30.552 -10 13.975 30.798 -10 14.873 30.914 -10
3 82 14.382 30.355 -10 14.229 30.552 -10 14.873 30.914 -10
3 0 8.7 25.15 -10 8.95 25.65 -10 12.15 25.65 -10
3 0 12.15 25.65 -10 8.95 25.65 -10 9.2 26.25 -10
4 0 12.15 25.65 -10 9.2 26.25 -10 9.4 26.95 -10 13.515 28.49 -10
3 0 12.15 25.65 -10 13.515 28.49 -10 13.667 28.342 -10
4 0 12.15 25.65 -10 13.667 28.342 -10 13.968 28.297 -10 14.677 27.81 -10
4 0 14.622 28.059 -10 14.677 27.81 -10 13.968 28.297 -10 14.265 28.453 -10
4 0 14.668 28.31 -10 14.622 28.059 -10 14.265 28.453 -10 14.56 28.758 -10
4 0 14.864 28.563 -10 14.668 28.31 -10 14.56 28.758 -10 14.91 28.764 -10
3 0 14.56 28.758 -10 14.856 29.013 -10 14.91 28.764 -10
4 0 12.15 25.65 -10 14.677 27.81 -10 14.829 27.662 -10 15.9 26.1 -10
3 0 15.9 26.1 -10 14.829 27.662 -10 15.079 27.667 -10
3 0 15.9 26.1 -10 15.079 27.667 -10 15.328 27.721 -10
4 0 15.9 26.1 -10 15.328 27.721 -10 15.573 28.025 -10 16.122 28.085 -10
4 0 15.9 26.1 -10 16.122 28.085 -10 16.374 27.989 -10 17.243 26.234 -10
3 0 17.243 26.234 -10 16.374 27.989 -10 16.673 28.045 -10
4 0 15.573 28.025 -10 15.669 28.277 -10 15.969 28.282 -10 16.122 28.085 -10
4 0 15.669 28.277 -10 15.613 28.626 -10 15.913 28.581 -10 15.969 28.282 -10
4 0 15.808 28.88 -10 15.913 28.581 -10 15.613 28.626 -10 15.657 28.977 -10
4 0 13.515 28.49 -10 9.4 26.95 -10 9.5 27.5 -10 13.41 28.788 -10
4 0 13.41 28.788 -10 9.5 27.5 -10 9.55 28.2 -10 13.454 29.089 -10
4 0 13.454 29.089 -10 9.55 28.2 -10 13.244 29.685 -10 13.546 29.59 -10
4 0 13.702 29.243 -10 13.454 29.089 -10 13.546 29.59 -10 14.045 29.599 -10
4 0 14.149 29.401 -10 13.702 29.243 -10 14.045 29.599 -10 14.396 29.555 -10
4 0 13.042 29.782 -10 13.244 29.685 -10 9.55 28.2 -10 9.5 28.9 -10
4 0 12.94 29.931 -10 13.042 29.782 -10 9.5 28.9 -10 9.45 29.3 -10
4 0 12.934 30.281 -10 12.94 29.931 -10 9.45 29.3 -10 8.9 29.35 -10
4 0 5.65 29.8 -10 4.8 30.35 -10 13.079 30.532 -10 12.934 30.281 -10
4 0 6.2 29.4 -10 5.65 29.8 -10 12.934 30.281 -10 8.1 29.35 -10
3 0 8.9 29.35 -10 8.1 29.35 -10 12.934 30.281 -10
3 0 6.6 29.05 -10 6.2 29.4 -10 7.2 29.2 -10
3 0 7.2 29.2 -10 6.2 29.4 -10 8.1 29.35 -10
4 0 10.55 22.05 -10 11.15 22.1 -10 11.85 21.45 -10 9.2 21.3 -10
3 0 11.85 21.45 -10 11.15 22.1 -10 11.6 22.15 -10
4 0 11.85 21.45 -10 11.6 22.15 -10 11.95 22.25 -10 12.15 22.15 -10
3 0 11.85 21.45 -10 12.15 22.15 -10 12.5 22.2 -10
4 0 11.85 21.45 -10 12.5 22.2 -10 12.7 22.3 -10 13.3 22.2 -10
4 0 14.8 21.6 -10 11.85 21.45 -10 13.3 22.2 -10 13.75 22.25 -10
4 0 14.8 21.6 -10 13.75 22.25 -10 13.9 22.25 -10 16.414 21.712 -10
4 0 17.114 25.531 -10 16.414 21.712 -10 13.9 22.25 -10 13.85 22.4 -10
4 0 15.15 25.3 -10 17.114 25.531 -10 13.85 22.4 -10 13.6 22.45 -10
4 0 12.8 22.85 -10 15.15 25.3 -10 13.6 22.45 -10 12.8 22.55 -10
4 0 12.8 22.55 -10 13.6 22.45 -10 13.4 22.35 -10 12.7 22.3 -10
3 0 13.3 22.2 -10 12.7 22.3 -10 13.4 22.35 -10
4 0 11.6 22.15 -10 11.5 22.45 -10 11.9 22.5 -10 11.95 22.25 -10
4 0 11.5 22.45 -10 11.35 22.65 -10 11.95 22.8 -10 11.9 22.5 -10
4 0 11.95 22.8 -10 11.35 22.65 -10 11.05 22.7 -10 12.2 23.05 -10
4 0 11.75 24.9 -10 12.2 23.05 -10 11.05 22.7 -10 9.2 24.6 -10
3 0 12.2 23.05 -10 11.75 24.9 -10 12.45 23.1 -10
4 0 12.7 23.05 -10 12.45 23.1 -10 11.75 24.9 -10 15.15 25.3 -10
3 0 12.8 22.85 -10 12.7 23.05 -10 15.15 25.3 -10
4 0 10.6 22.35 -10 10.55 22.05 -10 9.2 21.3 -10 9.2 24.6 -10
3 0 10.6 22.35 -10 9.2 24.6 -10 10.75 22.6 -10
3 0 10.75 22.6 -10 9.2 24.6 -10 11.05 22.7 -10
4 0 7.7 21.25 -10 6.75 21.2 -10 6.55 24.2 -10 9.2 24.6 -10
3 0 7.7 21.25 -10 9.2 24.6 -10 9.2 21.3 -10
4 0 6.55 24.2 -10 6.75 21.2 -10 6.05 21.175 -10 4.8 21.15 -10
4 0 3.3 23.65 -10 6.55 24.2 -10 4.8 21.15 -10 1.65 21.1 -10
4 0 1.3 23.35 -10 3.3 23.65 -10 1.65 21.1 -10 -.55 21.1 -10
3 0 -.55 21.1 -10 -.8 22.95 -10 1.3 23.35 -10
4 0 -3.45 22.5 -10 -.8 22.95 -10 -.55 21.1 -10 -3.85 21.1 -10
4 0 -5 22.2 -10 -3.45 22.5 -10 -3.85 21.1 -10 -6.75 21.175 -10
4 0 -6.6 21.9 -10 -5 22.2 -10 -6.75 21.175 -10 -7.45 21.2 -10
4 0 -6.6 21.9 -10 -7.45 21.2 -10 -8.15 21.225 -10 -9 21.9 -10
4 0 -9 21.9 -10 -8.15 21.225 -10 -9.4 21.25 -10 -11.6 21.35 -10
4 82 -16.575 22.591 -10 -16.703 23.29 -10 -16.652 23.299 -10 -16.538 22.597 -10
4 82 -16.418 22.672 -10 -16.538 22.597 -10 -16.652 23.299 -10 -16.335 22.787 -10
4 82 -16.928 24.514 -10 -16.119 24.308 -10 -16.233 24.003 -10 -16.638 23.707 -10
3 82 -16.776 23.685 -10 -16.928 24.514 -10 -16.638 23.707 -10
3 0 -16.207 23.762 -10 -16.233 24.003 -10 -16.098 23.929 -10
4 0 -16.233 24.003 -10 -16.119 24.308 -10 -15.921 24.095 -10 -16.098 23.929 -10
4 0 -15.921 24.095 -10 -16.119 24.308 -10 -15.97 24.646 -10 -15.604 24.324 -10
4 0 -15.604 24.324 -10 -15.97 24.646 -10 -16.029 24.922 -10 -15.36 24.419 -10
4 0 -15.403 23.184 -10 -15.675 23.263 -10 -15.429 23.426 -10 -15.153 23.485 -10
4 0 -15.06 23.172 -10 -15.403 23.184 -10 -15.153 23.485 -10 -14.978 23.581 -10
4 0 -14.753 23.127 -10 -15.06 23.172 -10 -14.978 23.581 -10 -14.866 23.818 -10
4 0 -14.519 22.948 -10 -14.753 23.127 -10 -14.866 23.818 -10 -14.824 24.057 -10
4 0 -16.703 23.29 -10 -16.776 23.685 -10 -16.638 23.707 -10 -16.652 23.299 -10
3 0 -16.408 21.681 -10 -16.575 22.591 -10 -16.538 22.597 -10
4 0 -15.55 21.6 -10 -16.408 21.681 -10 -16.139 22.373 -10 -15.77 22.511 -10
4 0 -15.55 21.6 -10 -15.77 22.511 -10 -15.597 22.539 -10 -15.328 22.392 -10
3 0 -15.55 21.6 -10 -15.328 22.392 -10 -15.094 22.213 -10
4 0 -15.55 21.6 -10 -15.094 22.213 -10 -14.855 22.17 -10 -13.9 21.5 -10
3 0 -13.9 21.5 -10 -14.855 22.17 -10 -14.612 22.264 -10
4 0 -13.9 21.5 -10 -14.612 22.264 -10 -14.432 22.498 -10 -11.6 21.35 -10
4 82 -16.55 26.925 -10 -17.05 26.9 -10 -17.05 27.35 -10 -16.55 27.375 -10
4 82 -16 27 -10 -16.55 26.925 -10 -16.55 27.375 -10 -16 27.45 -10
4 82 -15.35 27.2 -10 -16 27 -10 -16 27.45 -10 -15.5 27.6 -10
4 82 -15.35 27.2 -10 -15.5 27.6 -10 -15.25 27.7 -10 -14.8 27.25 -10
4 82 -14.7 26.6 -10 -15.35 27.2 -10 -14.8 27.25 -10 -14.3 26.85 -10
4 82 -13.95 26.1 -10 -14.7 26.6 -10 -14.3 26.85 -10 -13.5 26.35 -10
4 82 -13.25 25.7 -10 -13.95 26.1 -10 -13.5 26.35 -10 -12.5 25.8 -10
4 82 -12.4 25.3 -10 -13.25 25.7 -10 -12.5 25.8 -10 -11.8 25.8 -10
4 82 -11.8 25.8 -10 -12.5 25.8 -10 -11.9 26.35 -10 -11.1 26.55 -10
4 82 -11.1 26.55 -10 -11.9 26.35 -10 -11.2 27.05 -10 -10.6 27.15 -10
4 82 -10.6 27.15 -10 -11.2 27.05 -10 -10.7 27.7 -10 -10 27.95 -10
4 82 -10 27.95 -10 -10.7 27.7 -10 -10.3 28.4 -10 -9.7 28.3 -10
4 82 -9.45 27.9 -10 -10 27.95 -10 -9.7 28.3 -10 -9.15 28.3 -10
4 82 -8.85 27.95 -10 -9.45 27.9 -10 -9.15 28.3 -10 -8.65 28.4 -10
4 82 -8.25 28.05 -10 -8.85 27.95 -10 -8.65 28.4 -10 -8.1 28.55 -10
4 82 -7.75 28.2 -10 -8.25 28.05 -10 -8.1 28.55 -10 -7.7 28.7 -10
4 82 -7.25 28.4 -10 -7.75 28.2 -10 -7.7 28.7 -10 -7.3 28.85 -10
4 82 -7.3 28.85 -10 -7.7 28.7 -10 -7.8 29.15 -10 -7.45 29.5 -10
4 82 -7.45 29.5 -10 -7.8 29.15 -10 -7.95 29.7 -10 -7.6 29.95 -10
4 82 -7.6 29.95 -10 -7.95 29.7 -10 -8.2 30.25 -10 -7.85 30.55 -10
4 82 -7.85 30.55 -10 -8.2 30.25 -10 -8.45 30.65 -10 -8.1 31 -10
3 82 -8.45 30.65 -10 -8.7 31 -10 -8.1 31 -10
4 82 -16.75 28 -10 -17.25 27.95 -10 -17.25 28.45 -10 -16.65 28.65 -10
4 82 -16.65 28.65 -10 -17.25 28.45 -10 -17.2 28.95 -10 -16.6 29 -10
4 82 -16.6 29 -10 -17.2 28.95 -10 -17.05 29.6 -10 -16.45 29.5 -10
4 82 -16.45 29.5 -10 -17.05 29.6 -10 -16.8 30.15 -10 -16.15 30.1 -10
4 82 -16.15 30.1 -10 -16.8 30.15 -10 -16.5 30.6 -10 -15.75 30.55 -10
4 82 -15.75 30.55 -10 -16.5 30.6 -10 -16.2 31 -10 -15.2 31 -10
4 82 -15.75 30.55 -10 -15.2 31 -10 -15.15 30.65 -10 -15.6 29.9 -10
4 82 -16.75 28 -10 -16.65 28.65 -10 -16.25 28.7 -10 -16.2 28.1 -10
4 82 -15.55 28.3 -10 -16.2 28.1 -10 -16.25 28.7 -10 -15.75 28.85 -10
4 82 -15.05 28.55 -10 -15.55 28.3 -10 -15.75 28.85 -10 -15.3 29.05 -10
4 82 -15.6 29.9 -10 -15.15 30.65 -10 -15 29.95 -10 -15.3 29.05 -10
4 82 -15.3 29.05 -10 -15 29.95 -10 -14.75 29.3 -10 -15.05 28.55 -10
4 82 -15.05 28.55 -10 -14.75 29.3 -10 -14.4 28.7 -10 -14.7 28.1 -10
4 82 -14.7 28.1 -10 -14.4 28.7 -10 -14 28.25 -10 -14.2 27.6 -10
4 82 -14.2 27.6 -10 -14 28.25 -10 -13.5 27.85 -10 -13.5 27.1 -10
4 82 -13.5 27.1 -10 -13.5 27.85 -10 -12.7 27.4 -10 -12.6 26.6 -10
4 82 -12.15 27 -10 -12.6 26.6 -10 -12.7 27.4 -10 -12.3 27.75 -10
4 82 -11.65 27.55 -10 -12.15 27 -10 -12.3 27.75 -10 -11.95 28.2 -10
4 82 -11.25 28.1 -10 -11.65 27.55 -10 -11.95 28.2 -10 -11.65 28.7 -10
4 82 -11 28.55 -10 -11.25 28.1 -10 -11.65 28.7 -10 -11.45 29.2 -10
4 82 -10.8 29.05 -10 -11 28.55 -10 -11.45 29.2 -10 -10.65 29.65 -10
4 82 -10.65 29.65 -10 -11.45 29.2 -10 -11.3 29.75 -10 -10.6 30.25 -10
4 82 -10.6 30.25 -10 -11.3 29.75 -10 -11.25 30.4 -10 -10.6 31 -10
3 82 -11.25 30.4 -10 -11.25 31 -10 -10.6 31 -10
4 82 -10.8 29.05 -10 -10.65 29.65 -10 -10.1 29.6 -10 -10.1 29 -10
4 82 -9.5 29 -10 -10.1 29 -10 -10.1 29.6 -10 -9.25 29.55 -10
4 82 -8.9 29.05 -10 -9.5 29 -10 -9.25 29.55 -10 -8.5 29.1 -10
4 82 -9.85 30.6 -10 -10.2 31 -10 -9.45 31 -10 -9.15 30.6 -10
4 82 -9.55 30.15 -10 -9.85 30.6 -10 -9.15 30.6 -10 -8.85 30.1 -10
4 82 -9.25 29.55 -10 -9.55 30.15 -10 -8.85 30.1 -10 -8.65 29.6 -10
3 82 -8.5 29.1 -10 -9.25 29.55 -10 -8.65 29.6 -10
4 82 -13.65 29.25 -10 -13.95 29.1 -10 -14.1 29.45 -10 -14.15 29.75 -10
4 82 -13.65 29.25 -10 -14.15 29.75 -10 -14.1 30 -10 -13.85 30.05 -10
4 82 -13.65 29.25 -10 -13.85 30.05 -10 -13.55 29.8 -10 -13.35 29.35 -10
4 82 -13.35 29.35 -10 -13.55 29.8 -10 -13.15 29.55 -10 -13.15 29.35 -10
4 82 -12.7 29.4 -10 -12.85 29.55 -10 -12.6 29.95 -10 -11.95 29.4 -10
4 82 -11.85 29.55 -10 -11.95 29.4 -10 -12.6 29.95 -10 -12 29.95 -10
4 82 -12 29.95 -10 -12.6 29.95 -10 -12.35 30.35 -10 -12.1 30.35 -10
4 82 -13.45 30.65 -10 -13.9 31 -10 -12.65 31 -10 -12.85 30.7 -10
4 82 -13.2 30.4 -10 -13.45 30.65 -10 -12.85 30.7 -10 -13 30.4 -10
4 82 -17.05 26.9 -10 -17.37 26.927 -10 -17.453 27.381 -10 -17.05 27.35 -10
4 0 -17.25 27.95 -10 -17.05 27.35 -10 -17.453 27.381 -10 -17.75 29 -10
3 0 -17.25 27.95 -10 -17.75 29 -10 -17.25 28.45 -10
3 0 -17.25 28.45 -10 -17.75 29 -10 -17.2 28.95 -10
4 0 -17.05 29.6 -10 -17.2 28.95 -10 -17.75 29 -10 -17.75 31 -10
3 0 -17.05 29.6 -10 -17.75 31 -10 -16.8 30.15 -10
3 0 -16.8 30.15 -10 -17.75 31 -10 -16.5 30.6 -10
3 0 -16.5 30.6 -10 -17.75 31 -10 -16.2 31 -10
4 0 -15.15 30.65 -10 -15.2 31 -10 -13.9 31 -10 -14.1 30 -10
4 0 -13.85 30.05 -10 -14.1 30 -10 -13.9 31 -10 -13.45 30.65 -10
4 0 -13.55 29.8 -10 -13.85 30.05 -10 -13.45 30.65 -10 -13.2 30.4 -10
4 0 -13.15 29.55 -10 -13.55 29.8 -10 -13.2 30.4 -10 -12.85 29.55 -10
4 0 -12.85 29.55 -10 -13.2 30.4 -10 -13 30.4 -10 -12.6 29.95 -10
4 0 -12.6 29.95 -10 -13 30.4 -10 -12.85 30.7 -10 -12.35 30.35 -10
4 0 -12.35 30.35 -10 -12.85 30.7 -10 -12.65 31 -10 -12.1 30.35 -10
4 0 -12.1 30.35 -10 -12.65 31 -10 -11.25 31 -10 -11.25 30.4 -10
4 0 -12 29.95 -10 -12.1 30.35 -10 -11.25 30.4 -10 -11.3 29.75 -10
4 0 -11.85 29.55 -10 -12 29.95 -10 -11.3 29.75 -10 -11.45 29.2 -10
4 0 -11.95 29.4 -10 -11.85 29.55 -10 -11.45 29.2 -10 -11.65 28.7 -10
4 0 -13.15 29.35 -10 -13.15 29.55 -10 -12.85 29.55 -10 -12.7 29.4 -10
4 0 -14.1 30 -10 -14.15 29.75 -10 -15 29.95 -10 -15.15 30.65 -10
4 0 -14.15 29.75 -10 -14.1 29.45 -10 -14.75 29.3 -10 -15 29.95 -10
4 0 -14.4 28.7 -10 -14.75 29.3 -10 -14.1 29.45 -10 -13.95 29.1 -10
4 0 -10.6 30.25 -10 -10.6 31 -10 -10.2 31 -10 -9.85 30.6 -10
4 0 -10.6 30.25 -10 -9.85 30.6 -10 -9.55 30.15 -10 -10.1 29.6 -10
3 0 -9.25 29.55 -10 -10.1 29.6 -10 -9.55 30.15 -10
3 0 -10.1 29.6 -10 -10.65 29.65 -10 -10.6 30.25 -10
4 0 -9.15 30.6 -10 -9.45 31 -10 -8.7 31 -10 -8.45 30.65 -10
4 0 -8.85 30.1 -10 -9.15 30.6 -10 -8.45 30.65 -10 -8.2 30.25 -10
4 0 -8.65 29.6 -10 -8.85 30.1 -10 -8.2 30.25 -10 -7.95 29.7 -10
4 0 -8.5 29.1 -10 -8.65 29.6 -10 -7.95 29.7 -10 -7.8 29.15 -10
4 0 -8.1 28.55 -10 -8.5 29.1 -10 -7.8 29.15 -10 -7.7 28.7 -10
4 0 -17.05 27.35 -10 -17.25 27.95 -10 -16.75 28 -10 -16.55 27.375 -10
4 0 -16.55 27.375 -10 -16.75 28 -10 -16.2 28.1 -10 -16 27.45 -10
4 0 -16 27.45 -10 -16.2 28.1 -10 -15.55 28.3 -10 -15.5 27.6 -10
4 0 -15.25 27.7 -10 -15.5 27.6 -10 -15.55 28.3 -10 -15.05 28.55 -10
4 0 -15.25 27.7 -10 -15.05 28.55 -10 -14.7 28.1 -10 -14.8 27.25 -10
4 0 -14.8 27.25 -10 -14.7 28.1 -10 -14.2 27.6 -10 -14.3 26.85 -10
4 0 -14.3 26.85 -10 -14.2 27.6 -10 -13.5 27.1 -10 -13.5 26.35 -10
4 0 -13.5 26.35 -10 -13.5 27.1 -10 -12.6 26.6 -10 -12.5 25.8 -10
4 0 -11.9 26.35 -10 -12.5 25.8 -10 -12.6 26.6 -10 -12.15 27 -10
4 0 -11.2 27.05 -10 -11.9 26.35 -10 -12.15 27 -10 -11.65 27.55 -10
4 0 -10.7 27.7 -10 -11.2 27.05 -10 -11.65 27.55 -10 -11.25 28.1 -10
4 0 -10.3 28.4 -10 -10.7 27.7 -10 -11.25 28.1 -10 -11 28.55 -10
4 0 -10.3 28.4 -10 -11 28.55 -10 -10.8 29.05 -10 -10.1 29 -10
4 0 -9.7 28.3 -10 -10.3 28.4 -10 -10.1 29 -10 -9.5 29 -10
4 0 -9.15 28.3 -10 -9.7 28.3 -10 -9.5 29 -10 -8.9 29.05 -10
4 0 -8.65 28.4 -10 -9.15 28.3 -10 -8.9 29.05 -10 -8.5 29.1 -10
3 0 -8.65 28.4 -10 -8.5 29.1 -10 -8.1 28.55 -10
4 0 -14 28.25 -10 -14.4 28.7 -10 -13.95 29.1 -10 -13.65 29.25 -10
4 0 -13.5 27.85 -10 -14 28.25 -10 -13.65 29.25 -10 -13.35 29.35 -10
4 0 -13.5 27.85 -10 -13.35 29.35 -10 -13.15 29.35 -10 -12.7 27.4 -10
4 0 -12.3 27.75 -10 -12.7 27.4 -10 -13.15 29.35 -10 -12.7 29.4 -10
4 0 -11.95 28.2 -10 -12.3 27.75 -10 -12.7 29.4 -10 -11.65 28.7 -10
3 0 -11.65 28.7 -10 -12.7 29.4 -10 -11.95 29.4 -10
4 0 -16.25 28.7 -10 -16.65 28.65 -10 -16.6 29 -10 -15.75 28.85 -10
4 0 -15.75 28.85 -10 -16.6 29 -10 -16.45 29.5 -10 -15.3 29.05 -10
4 0 -15.6 29.9 -10 -15.3 29.05 -10 -16.45 29.5 -10 -16.15 30.1 -10
3 0 -15.6 29.9 -10 -16.15 30.1 -10 -15.75 30.55 -10
4 0 3.65 24.4 -10 2.475 24.225 -10 2.4 24.9 -10 3.8 25 -10
4 0 3.8 25 -10 2.4 24.9 -10 3.35 25.85 -10 3.55 25.85 -10
4 0 4 25.5 -10 3.8 25 -10 3.55 25.85 -10 3.7 26.25 -10
4 0 4.2 25.75 -10 4 25.5 -10 3.7 26.25 -10 4 26.6 -10
4 0 4.35 25.8 -10 4.2 25.75 -10 4 26.6 -10 4.4 26.65 -10
4 0 4.35 25.8 -10 4.4 26.65 -10 4.75 26.45 -10 4.5 25.75 -10
4 0 4.5 25.75 -10 4.75 26.45 -10 5.1 26.1 -10 4.75 25.55 -10
4 0 5.05 25.15 -10 4.75 25.55 -10 5.1 26.1 -10 5.3 26.15 -10
4 0 5.35 24.65 -10 5.05 25.15 -10 5.3 26.15 -10 6.45 24.85 -10
4 0 6.35 25.65 -10 6.45 24.85 -10 5.3 26.15 -10 6.15 26.45 -10
4 0 6.15 26.45 -10 5.3 26.15 -10 5.25 26.6 -10 5.3 27 -10
4 0 5.9 27.05 -10 6.15 26.45 -10 5.3 27 -10 5.55 27.5 -10
4 0 5.55 27.5 -10 5.3 27 -10 4.7 26.95 -10 5.15 27.95 -10
4 0 7.1 24.95 -10 7 25.55 -10 7.65 25.85 -10 7.85 25.8 -10
4 0 8.15 25.1 -10 7.1 24.95 -10 7.85 25.8 -10 8.45 25.5 -10
4 0 8.45 25.5 -10 7.85 25.8 -10 8.05 26.2 -10 8.8 26.2 -10
4 0 8.8 26.2 -10 8.05 26.2 -10 8.3 27 -10 9 26.75 -10
4 0 9.1 27.35 -10 9 26.75 -10 8.3 27 -10 8.4 27.7 -10
4 0 9.15 28.05 -10 9.1 27.35 -10 8.4 27.7 -10 8.4 28.05 -10
4 0 9.15 28.6 -10 9.15 28.05 -10 8.4 28.05 -10 8.35 28.3 -10
4 0 9.15 28.6 -10 8.35 28.3 -10 8.6 29 -10 9.1 28.95 -10
4 0 6.9 28 -10 6.45 28.6 -10 7.2 28.8 -10 7.3 28.1 -10
4 0 8 28.25 -10 7.3 28.1 -10 7.2 28.8 -10 7.95 28.95 -10
4 0 8.35 28.3 -10 8 28.25 -10 7.95 28.95 -10 8.6 29 -10
4 0 6.6 26.95 -10 6.25 27.6 -10 6.9 28 -10 7.15 27.5 -10
4 0 6.85 26.2 -10 6.6 26.95 -10 7.15 27.5 -10 7.55 26.4 -10
4 0 7.7 26.9 -10 7.55 26.4 -10 7.15 27.5 -10 7.5 27.6 -10
3 0 7.7 26.9 -10 7.5 27.6 -10 7.85 27.65 -10
4 0 7.65 25.85 -10 7 25.55 -10 6.85 26.2 -10 7.55 26.4 -10
4 0 6.9 28 -10 6.25 27.6 -10 5.8 28.15 -10 6.45 28.6 -10
4 0 6.15 28.9 -10 6.45 28.6 -10 5.8 28.15 -10 5.2 28.7 -10
4 0 5.75 29.25 -10 6.15 28.9 -10 5.2 28.7 -10 4.45 29.25 -10
4 0 5.05 29.75 -10 5.75 29.25 -10 4.45 29.25 -10 4.35 30.15 -10
4 0 3.7 30.45 -10 4.35 30.15 -10 4.45 29.25 -10 3.95 29.55 -10
4 0 3.7 30.45 -10 3.95 29.55 -10 3.75 29.55 -10 3 29.8 -10
4 0 3 29.8 -10 3.75 29.55 -10 3.55 29.35 -10 2.4 29.15 -10
4 0 2.4 29.15 -10 3.55 29.35 -10 2.85 28.6 -10 1.9 28.5 -10
4 0 1.9 28.5 -10 2.85 28.6 -10 2.25 27.75 -10 1.55 27.95 -10
4 0 4 26.6 -10 4 26.8 -10 4.35 26.85 -10 4.4 26.65 -10
4 0 3.35 25.85 -10 2.4 24.9 -10 2.35 25.8 -10 3.15 26.35 -10
4 0 3.15 26.35 -10 2.35 25.8 -10 2.4 26.45 -10 3.1 26.65 -10
4 0 3.1 26.65 -10 2.4 26.45 -10 2.55 27.1 -10 3.15 26.85 -10
4 0 3.15 26.85 -10 2.55 27.1 -10 2.9 27.65 -10 4 26.8 -10
4 0 4 26.8 -10 2.9 27.65 -10 3.45 28.4 -10 4.35 26.85 -10
4 0 4.35 26.85 -10 3.45 28.4 -10 3.95 28.85 -10 4.55 28.45 -10
4 0 4.7 26.95 -10 4.35 26.85 -10 4.55 28.45 -10 5.15 27.95 -10
4 0 -1.1 27.2 -10 -1.1 27.45 -10 -.75 27.6 -10 -.3 26.95 -10
4 0 -.3 26.95 -10 -.75 27.6 -10 -.05 27.8 -10 .1 27.1 -10
4 0 .1 27.1 -10 -.05 27.8 -10 .7 27.9 -10 .7 27.2 -10
4 0 .7 27.2 -10 .7 27.9 -10 1.55 27.95 -10 1.3 27.2 -10
4 0 1.3 27.2 -10 1.55 27.95 -10 2.25 27.75 -10 1.95 27.05 -10
4 0 1.1 26.65 -10 1.3 27.2 -10 1.95 27.05 -10 1.8 26.5 -10
4 0 .65 26.15 -10 .45 26.6 -10 .8 26.65 -10 1.1 26.65 -10
4 0 1.05 25.5 -10 .65 26.15 -10 1.1 26.65 -10 1.75 25.75 -10
3 0 1.75 25.75 -10 1.1 26.65 -10 1.8 26.5 -10
4 0 1.8 24.85 -10 1.1 24.7 -10 1.05 25.5 -10 1.75 25.75 -10
4 0 1.1 24.7 -10 1.8 24.85 -10 1.85 24.125 -10 .85 23.95 -10
4 0 1.1 24.7 -10 .85 23.95 -10 .35 24.4 -10 .75 25 -10
4 0 .75 25 -10 .35 24.4 -10 -.1 24.9 -10 .45 25.35 -10
4 0 .45 25.35 -10 -.1 24.9 -10 -.45 25.4 -10 .1 25.9 -10
4 0 .1 25.9 -10 -.45 25.4 -10 -.8 26.1 -10 -.15 26.45 -10
4 0 -.15 26.45 -10 -.8 26.1 -10 -1 26.7 -10 -.3 26.95 -10
3 0 -1 26.7 -10 -1.1 27.2 -10 -.3 26.95 -10
4 0 0 31 -10 -.9 27.95 -10 -1.55 27.7 -10 -5.05 26.9 -10
3 0 -.9 27.95 -10 0 31 -10 -.2 28.15 -10
4 0 .35 28.25 -10 -.2 28.15 -10 0 31 -10 1.7 28.95 -10
3 0 .35 28.25 -10 1.7 28.95 -10 1.3 28.3 -10
3 0 1.7 28.95 -10 0 31 -10 2.35 29.75 -10
3 0 2.35 29.75 -10 0 31 -10 3.05 30.4 -10
3 0 3.05 30.4 -10 0 31 -10 3.5 30.75 -10
3 0 3.5 30.75 -10 0 31 -10 3.75 30.9 -10
4 0 13.079 30.532 -10 4.8 30.35 -10 4.05 30.75 -10 13.768 31 -10
3 0 13.079 30.532 -10 13.768 31 -10 13.328 30.587 -10
3 0 4.05 30.75 -10 3.75 30.9 -10 13.768 31 -10
3 0 3.75 30.9 -10 0 31 -10 13.768 31 -10
4 0 -16.857 24.814 -10 -16.928 24.514 -10 -17.37 26.927 -10 -17.05 26.9 -10
4 0 -16.712 25.015 -10 -16.857 24.814 -10 -17.05 26.9 -10 -16.55 26.925 -10
3 0 -16.712 25.015 -10 -16.55 26.925 -10 -16.537 25.112 -10
4 0 -16.296 25.138 -10 -16.537 25.112 -10 -16.55 26.925 -10 -16 27 -10
4 0 -16.029 24.922 -10 -16.296 25.138 -10 -16 27 -10 -15.35 27.2 -10
4 0 -16.029 24.922 -10 -15.35 27.2 -10 -14.7 26.6 -10 -15.36 24.419 -10
4 0 -15.086 24.409 -10 -15.36 24.419 -10 -14.7 26.6 -10 -13.95 26.1 -10
4 0 -14.918 24.3 -10 -15.086 24.409 -10 -13.95 26.1 -10 -13.25 25.7 -10
4 0 -14.824 24.057 -10 -14.918 24.3 -10 -13.25 25.7 -10 -12.4 25.3 -10
4 0 -14.519 22.948 -10 -14.824 24.057 -10 -12.4 25.3 -10 -14.389 22.737 -10
4 0 -14.389 22.737 -10 -12.4 25.3 -10 -8.9 22.1 -10 -14.432 22.498 -10
4 0 -11.6 21.35 -10 -14.432 22.498 -10 -8.9 22.1 -10 -9 21.9 -10
4 0 -8.9 22.1 -10 -7.5 23.4 -10 -7.3 23.25 -10 -7.4 22.4 -10
3 0 -7.4 22.4 -10 -7.3 23.25 -10 -7.1 23.2 -10
4 0 -7.4 22.4 -10 -7.1 23.2 -10 -6.3 23 -10 -6.25 22.65 -10
4 0 -6.3 23 -10 -7.1 23.2 -10 -6.85 23.25 -10 -6.25 23.3 -10
4 0 -6.25 23.3 -10 -6.85 23.25 -10 -6.55 23.45 -10 -6.1 23.55 -10
4 0 -6.1 23.55 -10 -6.55 23.45 -10 -6.25 23.75 -10 -6.05 23.85 -10
4 0 -5.35 23.6 -10 -5.3 23.8 -10 -5.15 23.65 -10 -5.05 23.45 -10
4 0 -5.35 23.2 -10 -5.35 23.6 -10 -5.05 23.45 -10 -4.95 23.2 -10
4 0 -5.4 22.8 -10 -5.35 23.2 -10 -4.95 23.2 -10 -4.8 22.9 -10
4 0 -4.65 24.15 -10 -4.8 24.35 -10 -4.5 24.4 -10 -4.25 24.3 -10
4 0 -4.4 23.9 -10 -4.65 24.15 -10 -4.25 24.3 -10 -3.95 24.15 -10
4 0 -4.2 23.7 -10 -4.4 23.9 -10 -3.95 24.15 -10 -3.75 24.1 -10
4 0 -4.1 23.5 -10 -4.2 23.7 -10 -3.75 24.1 -10 -2.3 23.35 -10
3 0 -4.05 23.05 -10 -4.1 23.5 -10 -2.3 23.35 -10
3 0 -2.3 23.35 -10 -3.75 24.1 -10 -3.5 24.15 -10
4 0 -2.3 23.35 -10 -3.5 24.15 -10 -3.35 24.4 -10 0 24.2 -10
3 0 -2.3 23.35 -10 0 24.2 -10 .35 23.85 -10
4 0 -.4 24.65 -10 0 24.2 -10 -3.35 24.4 -10 -3.35 24.75 -10
4 0 -.75 25.15 -10 -.4 24.65 -10 -3.35 24.75 -10 -3.45 24.9 -10
4 0 -1.1 25.8 -10 -.75 25.15 -10 -3.45 24.9 -10 -3.85 25.6 -10
4 0 -4.45 25.1 -10 -4.8 25.15 -10 -4.55 25.3 -10 -4.1 25.45 -10
4 0 -3.95 25.1 -10 -4.45 25.1 -10 -4.1 25.45 -10 -3.85 25.6 -10
3 0 -3.65 25 -10 -3.95 25.1 -10 -3.85 25.6 -10
3 0 -3.45 24.9 -10 -3.65 25 -10 -3.85 25.6 -10
4 0 -1.35 26.4 -10 -1.1 25.8 -10 -3.85 25.6 -10 -3.8 25.9 -10
4 0 -1.35 26.4 -10 -3.8 25.9 -10 -3.9 26.2 -10 -1.5 27.05 -10
4 0 -1.5 27.05 -10 -3.9 26.2 -10 -4.05 26.35 -10 -1.55 27.7 -10
4 0 -1.55 27.7 -10 -4.05 26.35 -10 -4.35 26.4 -10 -5.05 26.9 -10
4 0 -4.95 25.95 -10 -5.25 25.7 -10 -5.3 25.95 -10 -5.25 26.15 -10
4 0 -4.95 25.95 -10 -5.25 26.15 -10 -5.05 26.4 -10 -4.65 26.25 -10
4 0 -4.65 26.25 -10 -5.05 26.4 -10 -5 26.65 -10 -4.35 26.4 -10
3 0 -4.35 26.4 -10 -5 26.65 -10 -5.05 26.9 -10
3 0 -5.05 26.9 -10 -5.2 27.05 -10 0 31 -10
4 0 -6 26.1 -10 -6.05 25.75 -10 -6.2 25.85 -10 -6.3 26.15 -10
4 0 -6.05 26.45 -10 -6 26.1 -10 -6.3 26.15 -10 -6.35 26.45 -10
4 0 -5.95 26.7 -10 -6.05 26.45 -10 -6.35 26.45 -10 -6.5 26.65 -10
4 0 -5.7 27 -10 -5.95 26.7 -10 -6.5 26.65 -10 -6.75 26.75 -10
4 0 -7.25 28.4 -10 -5.7 27 -10 -6.75 26.75 -10 -7.75 28.2 -10
4 0 -5.45 27.05 -10 -5.7 27 -10 -7.25 28.4 -10 -7.3 28.85 -10
4 0 -5.2 27.05 -10 -5.45 27.05 -10 -7.3 28.85 -10 0 31 -10
3 0 -7.3 28.85 -10 -7.45 29.5 -10 0 31 -10
3 0 -7.45 29.5 -10 -7.6 29.95 -10 0 31 -10
3 0 -7.85 30.55 -10 -8.1 31 -10 0 31 -10
3 0 -7.6 29.95 -10 -7.85 30.55 -10 0 31 -10
4 0 -7.55 23.75 -10 -7.5 23.4 -10 -8.9 22.1 -10 -7.9 24.8 -10
4 0 -7.55 23.75 -10 -7.9 24.8 -10 -7.7 24.6 -10 -7.4 24 -10
3 0 -7.4 24 -10 -7.7 24.6 -10 -7.45 24.5 -10
4 0 -7.4 24 -10 -7.45 24.5 -10 -7.05 24.45 -10 -7.05 24.15 -10
4 0 -7.05 24.15 -10 -7.05 24.45 -10 -6.8 24.45 -10 -6.75 24.3 -10
3 0 -6.75 24.3 -10 -6.8 24.45 -10 -6.6 24.5 -10
4 0 -7.95 25 -10 -7.9 24.8 -10 -8.9 22.1 -10 -12.4 25.3 -10
4 0 -7.95 25 -10 -12.4 25.3 -10 -11.8 25.8 -10 -7.85 25.25 -10
4 0 -7.85 25.25 -10 -11.8 25.8 -10 -11.1 26.55 -10 -7.65 25.4 -10
4 0 -7.65 25.4 -10 -11.1 26.55 -10 -7.25 26 -10 -7.4 25.5 -10
4 0 -7.4 25.5 -10 -7.25 26 -10 -7.05 25.75 -10 -7.2 25.45 -10
4 0 -7.2 25.45 -10 -7.05 25.75 -10 -6.8 25.5 -10 -6.95 25.3 -10
3 0 -6.65 25.25 -10 -6.95 25.3 -10 -6.8 25.5 -10
4 0 -7.25 26 -10 -11.1 26.55 -10 -10.6 27.15 -10 -7.3 26.3 -10
4 0 -7.3 26.3 -10 -10.6 27.15 -10 -10 27.95 -10 -9.45 27.9 -10
4 0 -7.25 26.55 -10 -7.3 26.3 -10 -9.45 27.9 -10 -8.85 27.95 -10
4 0 -7.05 26.7 -10 -7.25 26.55 -10 -8.85 27.95 -10 -8.25 28.05 -10
4 0 -6.75 26.75 -10 -7.05 26.7 -10 -8.25 28.05 -10 -7.75 28.2 -10
4 16 -13.986 11.133 -10 -14.006 10.932 -10 -15 10 -10 -14.945 13.698 -10
4 16 -13.902 11.274 -10 -13.986 11.133 -10 -14.945 13.698 -10 -14.2 13.45 -10
3 16 -13.902 11.274 -10 -14.2 13.45 -10 -13.753 11.353 -10
4 16 -14.682 15.33 -10 -14.8 14.25 -10 -15.052 14.286 -10 -14.772 15.511 -10
4 16 -15.721 17.933 -10 -14.774 15.675 -10 -14.772 15.511 -10 -15.052 14.286 -10
3 16 -15 10 -10 -15.052 14.286 -10 -14.945 13.698 -10
4 16 -15.721 17.933 -10 -15.052 14.286 -10 -15 10 -10 -17 20 -10
3 16 -15.721 17.933 -10 -17 20 -10 -15.852 18.649 -10
3 16 -15.852 18.649 -10 -17 20 -10 -16.408 21.681 -10
3 16 -17 20 -10 -16.575 22.591 -10 -16.408 21.681 -10
3 16 -17 20 -10 -16.703 23.29 -10 -16.575 22.591 -10
3 16 -17 20 -10 -16.776 23.685 -10 -16.703 23.29 -10
4 16 -16.928 24.514 -10 -16.776 23.685 -10 -17 20 -10 -19 29 -10
3 16 -16.928 24.514 -10 -19 29 -10 -17.37 26.927 -10
3 16 -17.37 26.927 -10 -19 29 -10 -17.453 27.381 -10
3 16 -17.453 27.381 -10 -19 29 -10 -17.75 29 -10
4 16 -19 29 -10 -19 32 -10 -17.75 31 -10 -17.75 29 -10
3 16 -16.2 31 -10 -17.75 31 -10 -19 32 -10
3 16 -15.2 31 -10 -16.2 31 -10 -19 32 -10
3 16 -13.9 31 -10 -15.2 31 -10 -19 32 -10
4 16 -12.65 31 -10 -13.9 31 -10 -19 32 -10 -10 32 -10
3 16 -11.25 31 -10 -12.65 31 -10 -10 32 -10
3 16 -10.6 31 -10 -11.25 31 -10 -10 32 -10
3 16 -10.2 31 -10 -10.6 31 -10 -10 32 -10
3 16 -9.45 31 -10 -10.2 31 -10 -10 32 -10
3 16 -8.7 31 -10 -9.45 31 -10 -10 32 -10
3 16 -8.1 31 -10 -8.7 31 -10 -10 32 -10
4 16 0 31 -10 -8.1 31 -10 -10 32 -10 10 32 -10
3 16 13.768 31 -10 0 31 -10 10 32 -10
3 16 14.783 31 -10 13.768 31 -10 10 32 -10
4 16 14.893 31 -10 14.783 31 -10 10 32 -10 19 32 -10
3 16 15.642 31 -10 14.893 31 -10 19 32 -10
3 16 15.841 31 -10 15.642 31 -10 19 32 -10
3 16 17.12 31 -10 15.841 31 -10 19 32 -10
3 16 17.75 31 -10 17.12 31 -10 19 32 -10
4 16 17.75 29 -10 17.75 31 -10 19 32 -10 19 29 -10
3 16 17.243 26.234 -10 17.75 29 -10 19 29 -10
3 16 17.114 25.531 -10 17.243 26.234 -10 19 29 -10
3 16 16.414 21.712 -10 17.114 25.531 -10 19 29 -10
4 16 16.005 19.482 -10 16.414 21.712 -10 19 29 -10 17 20 -10
3 16 15.854 18.658 -10 16.005 19.482 -10 17 20 -10
4 16 15.733 17.996 -10 15.854 18.658 -10 17 20 -10 14.345 2 -10
3 16 14.345 2 -10 17 20 -10 19 29 -10
4 16 -14.345 2 -10 -19 29 -10 -17 20 -10 -15 10 -10

4 16 9.95 19.55 10 10.27 19.36 10 10.32 19.55 10 10.27 19.74 10
4 16 9.95 19.55 10 10.27 19.74 10 10.14 19.87 10 9.95 19.92 10
4 16 9.95 19.55 10 9.95 19.92 10 9.76 19.87 10 9.63 19.74 10
4 16 9.95 19.55 10 9.63 19.74 10 9.58 19.55 10 9.63 19.36 10
4 16 9.95 19.55 10 9.63 19.36 10 9.76 19.23 10 9.95 19.18 10
4 16 9.95 19.55 10 9.95 19.18 10 10.14 19.23 10 10.27 19.36 10
4 16 8.3 18.1 10 9.4 18.1 10 9.35 18.65 10 8.35 18.6 10
4 16 8.5 18.85 10 8.35 18.6 10 9.35 18.65 10 9.2 18.9 10
4 16 8.5 18.85 10 9.2 18.9 10 9 19 10 8.7 19 10
4 16 8.9 19.9 10 9.25 20.4 10 8.9 20.8 10 8.6 19.7 10
4 16 8.3 19.6 10 8.6 19.7 10 8.9 20.8 10 8.1 19.65 10
4 16 7.75 19.8 10 8.1 19.65 10 8.9 20.8 10 7.85 20.45 10
4 16 7.85 20.45 10 8.9 20.8 10 8.45 20.85 10 7.9 20.8 10
3 16 7.75 19.8 10 7.85 20.45 10 7.75 20.25 10
4 16 9.9 20.7 10 10.6 20.65 10 10.7 20.8 10 9.5 21.15 10
4 16 9.5 21.15 10 10.7 20.8 10 10.7 21.6 10 10.6 21.75 10
4 16 9.5 21.15 10 10.6 21.75 10 10.35 21.9 10 9.5 21.6 10
4 16 9.6 21.8 10 9.5 21.6 10 10.35 21.9 10 9.75 21.9 10
4 16 11.6 18.03 10 11.55 18.5 10 11.15 18.55 10 10.18 17.88 10
4 16 10.15 18.2 10 10.18 17.88 10 11.15 18.55 10 11 18.65 10
4 16 10.15 18.2 10 11 18.65 10 10.45 18.55 10 10.05 18.4 10
3 16 10.45 18.55 10 11 18.65 10 10.9 18.75 10
4 16 11.7 19.35 10 11.95 19.5 10 12 20.1 10 11.45 19.3 10
4 16 11.15 19.35 10 11.45 19.3 10 12 20.1 10 11 19.55 10
4 16 11 20 10 11 19.55 10 12 20.1 10 11.25 20.25 10
4 16 11.4 20.45 10 11.25 20.25 10 12 20.1 10 11.8 20.65 10
3 16 11.4 20.45 10 11.8 20.65 10 11.5 20.7 10
3 16 12 20.1 10 12.05 20.65 10 11.8 20.65 10
4 82 11.55 18.5 10 11.6 18.03 10 11.8 18.05 10 11.95 19.5 10
3 82 11.55 18.5 10 11.95 19.5 10 11.7 19.35 10
4 82 11.55 18.5 10 11.7 19.35 10 11.45 19.3 10 11.15 18.55 10
4 82 11 18.65 10 11.15 18.55 10 11.45 19.3 10 11.15 19.35 10
4 82 10.9 18.75 10 11 18.65 10 11.15 19.35 10 11 19.55 10
4 82 10.9 18.75 10 11 19.55 10 10.27 19.36 10 10.45 18.55 10
4 82 10.45 18.55 10 10.27 19.36 10 10.14 19.23 10 10.05 18.4 10
4 82 10.05 18.4 10 10.14 19.23 10 9.95 19.18 10 9.35 18.65 10
4 82 10.05 18.4 10 9.35 18.65 10 9.4 18.1 10 10.15 18.2 10
4 82 10.18 17.88 10 10.15 18.2 10 9.4 18.1 10 9.35 17.83 10
4 82 9.35 17.83 10 9.4 18.1 10 8.3 18.1 10 7.8 17.8 10
4 82 7.8 17.8 10 8.3 18.1 10 8.35 18.6 10 6.85 17.8 10
4 82 6.7 17.85 10 6.85 17.8 10 8.35 18.6 10 6.65 17.95 10
4 82 6.65 18.2 10 6.65 17.95 10 8.35 18.6 10 8.5 18.85 10
4 82 6.65 18.2 10 8.5 18.85 10 8.1 19.65 10 7.75 19.8 10
4 82 6.75 19.35 10 6.65 18.2 10 7.75 19.8 10 7.75 20.25 10
4 82 6.85 20.6 10 6.75 19.35 10 7.75 20.25 10 7.85 20.45 10
4 82 6.85 20.6 10 7.85 20.45 10 7.9 20.8 10 6.95 22.4 10
4 82 10.32 19.55 10 10.27 19.36 10 11 19.55 10 11 20 10
4 82 10.27 19.74 10 10.32 19.55 10 11 20 10 10.6 20.65 10
3 82 10.27 19.74 10 10.6 20.65 10 10.14 19.87 10
4 82 9.95 19.92 10 10.14 19.87 10 10.6 20.65 10 9.9 20.7 10
4 82 9.95 19.92 10 9.9 20.7 10 9.25 20.4 10 9.76 19.87 10
4 82 9.63 19.74 10 9.76 19.87 10 9.25 20.4 10 8.9 19.9 10
4 82 9.58 19.55 10 9.63 19.74 10 8.9 19.9 10 9 19 10
4 82 9 19 10 8.9 19.9 10 8.6 19.7 10 8.7 19 10
4 82 8.7 19 10 8.6 19.7 10 8.3 19.6 10 8.5 18.85 10
3 82 8.5 18.85 10 8.3 19.6 10 8.1 19.65 10
4 82 9.35 18.65 10 9.95 19.18 10 9.76 19.23 10 9.2 18.9 10
4 82 9.2 18.9 10 9.76 19.23 10 9.63 19.36 10 9 19 10
3 82 9 19 10 9.63 19.36 10 9.58 19.55 10
4 82 10.6 20.65 10 11 20 10 11.25 20.25 10 11.4 20.45 10
4 82 10.6 20.65 10 11.4 20.45 10 11.5 20.7 10 10.7 20.8 10
3 82 11.5 20.7 10 10.7 21.6 10 10.7 20.8 10
4 82 9.25 20.4 10 9.9 20.7 10 9.5 21.15 10 8.9 20.8 10
4 82 8.9 20.8 10 9.5 21.15 10 9.5 21.6 10 8.45 20.85 10
4 82 8.45 20.85 10 9.5 21.6 10 9.6 21.8 10 7.9 20.8 10
4 82 10.7 21.6 10 11.5 20.7 10 11.8 20.65 10 12.05 20.65 10
4 82 10.7 21.6 10 12.05 20.65 10 12.1 22 10 10.6 21.75 10
4 82 10.6 21.75 10 12.1 22 10 12.1 23.35 10 10.35 21.9 10
4 82 10.35 21.9 10 12.1 23.35 10 12.05 24.7 10 9.75 21.9 10
4 82 9.75 21.9 10 12.05 24.7 10 11.9 25.9 10 7 24 10
4 82 6.95 22.4 10 7.9 20.8 10 9.6 21.8 10 7 24 10
3 82 9.6 21.8 10 9.75 21.9 10 7 24 10
4 82 6.95 25.55 10 7 24 10 11.9 25.9 10 11.6 27.25 10
4 82 6.95 25.55 10 11.6 27.25 10 11.3 28.2 10 6.85 26.85 10
4 82 6.85 26.85 10 11.3 28.2 10 10.9 28.95 10 6.65 27.7 10
4 82 6.65 27.7 10 10.9 28.95 10 10.55 29.5 10 10.4 29.55 10
4 82 6.65 27.7 10 10.4 29.55 10 10.2 29.55 10 6.55 27.95 10
4 82 6.55 27.95 10 10.2 29.55 10 6.6 28.15 10 6.55 28.05 10
4 0 12.05 17.35 10 11.8 18.05 10 11.6 18.03 10 11.7 17.3 10
4 0 11.7 17.3 10 11.6 18.03 10 10.18 17.88 10 10.45 17.25 10
4 0 10.45 17.25 10 10.18 17.88 10 9.35 17.83 10 8.05 17.1 10
4 0 8.05 17.1 10 9.35 17.83 10 7.8 17.8 10 6.55 17.1 10
3 0 6.55 17.1 10 7.8 17.8 10 6.85 17.8 10
3 0 6.55 17.1 10 6.85 17.8 10 6.7 17.85 10
4 0 6.55 17.1 10 6.7 17.85 10 6.65 17.95 10 5.1 16.55 10
4 16 17.4 31 10 17.4 29 10 19 29 10 19 32 10
3 16 17.4 31 10 19 32 10 17.15 31.15 10
4 16 17.15 31.15 10 19 32 10 10 32 10 16.55 31.1 10
4 16 15.6 30.85 10 16.55 31.1 10 10 32 10 13.85 30.4 10
4 16 13.85 30.4 10 10 32 10 10.45 30.75 10 10.8 30.5 10
4 16 12.35 30.05 10 13.85 30.4 10 10.8 30.5 10 11.15 30.15 10
3 16 11.35 29.85 10 12.35 30.05 10 11.15 30.15 10
4 16 6.35 28.95 10 10.45 30.75 10 10 32 10 6.35 30.1 10
3 16 6.35 30.1 10 10 32 10 6.3 30.45 10
3 16 6.3 30.45 10 10 32 10 6.15 30.65 10
3 16 6.15 30.65 10 10 32 10 5.9 30.75 10
4 16 3.5 30.85 10 5.9 30.75 10 10 32 10 0 32 10
3 16 3.5 30.85 10 0 32 10 0 30.9 10
4 82 5.4 28.55 10 5.45 28.6 10 5.45 29.85 10 5.4 29.95 10
4 82 5.3 28.55 10 5.4 28.55 10 5.4 29.95 10 5.3 30 10
3 82 5.3 28.55 10 5.3 30 10 4.5 28.8 10
3 82 4.5 28.8 10 5.3 30 10 3.7 29 10
4 82 2.9 29.15 10 3.7 29 10 5.3 30 10 2.8 30.1 10
4 82 1.9 29.25 10 2.9 29.15 10 2.8 30.1 10 0 30.1 10
3 82 1.9 29.25 10 0 30.1 10 0 29.3 10
4 0 5.45 29.85 10 5.45 28.6 10 6.35 28.95 10 6.35 30.1 10
4 0 5.45 29.85 10 6.35 30.1 10 6.3 30.45 10 5.4 29.95 10
4 0 5.4 29.95 10 6.3 30.45 10 6.15 30.65 10 5.9 30.75 10
3 0 5.4 29.95 10 5.9 30.75 10 5.3 30 10
4 0 5.3 30 10 5.9 30.75 10 3.5 30.85 10 2.8 30.1 10
4 0 2.8 30.1 10 3.5 30.85 10 0 30.9 10 0 30.1 10
4 0 10.55 29.5 10 11.35 29.85 10 11.15 30.15 10 10.8 30.5 10
4 0 10.4 29.55 10 10.55 29.5 10 10.8 30.5 10 10.45 30.75 10
3 0 10.2 29.55 10 10.4 29.55 10 10.45 30.75 10
4 0 10.2 29.55 10 10.45 30.75 10 6.35 28.95 10 6.6 28.15 10
4 0 6.6 28.15 10 6.35 28.95 10 5.45 28.6 10 6.55 28.05 10
4 0 6.55 28.05 10 5.45 28.6 10 5.4 28.55 10 6.55 27.95 10
4 16 12 0 10 14.345 2 10 15.15 17.25 10 12.05 17.35 10
3 16 12 0 10 12.05 17.35 10 11.7 17.3 10
4 16 12 0 10 11.7 17.3 10 10.45 17.25 10 8.05 17.1 10
4 16 12 0 10 8.05 17.1 10 6.55 17.1 10 5.1 16.55 10
3 16 12 0 10 5.1 16.55 10 3.6 16.25 10
3 16 12 0 10 3.6 16.25 10 1.85 16.05 10
4 16 12 0 10 1.85 16.05 10 0 16 10 -12 0 10
4 82 -6.55 27.95 10 -6.55 28.05 10 -6.6 28.15 10 -9.01 28.67 10
4 0 -11.8 18.05 10 -15.15 17.25 10 -12.05 17.35 10 -11.6 18.03 10
4 0 -11.6 18.03 10 -12.05 17.35 10 -11.7 17.3 10 -10.58 17.92 10
4 0 -9.49 17.83 10 -10.45 17.25 10 -8.05 17.1 10 -8.73 17.82 10
4 0 -7.8 17.8 10 -8.05 17.1 10 -6.55 17.1 10 -7.29 17.8 10
3 0 -6.55 17.1 10 -6.7 17.85 10 -6.85 17.8 10
4 0 -6.65 17.95 10 -6.7 17.85 10 -6.55 17.1 10 -5.1 16.55 10
4 16 -19 29 10 -17.4 29 10 -17.4 31 10 -19 32 10
3 16 -17.4 31 10 -17.15 31.15 10 -19 32 10
4 16 -10 32 10 -19 32 10 -17.15 31.15 10 -16.55 31.1 10
4 16 -10 32 10 -16.55 31.1 10 -15.6 30.85 10 -13.85 30.4 10
4 16 -10.45 30.75 10 -10 32 10 -13.85 30.4 10 -10.8 30.5 10
4 16 -10.8 30.5 10 -13.85 30.4 10 -12.35 30.05 10 -11.15 30.15 10
3 16 -11.35 29.85 10 -11.15 30.15 10 -12.35 30.05 10
4 16 -10 32 10 -10.45 30.75 10 -6.35 28.95 10 -6.35 30.1 10
3 16 -6.35 30.1 10 -6.3 30.45 10 -10 32 10
3 16 -6.3 30.45 10 -6.15 30.65 10 -10 32 10
3 16 -6.15 30.65 10 -5.9 30.75 10 -10 32 10
4 16 -10 32 10 -5.9 30.75 10 -3.5 30.85 10 0 32 10
3 16 -3.5 30.85 10 0 30.9 10 0 32 10
4 82 -5.45 29.85 10 -5.45 28.6 10 -5.4 28.55 10 -5.4 29.95 10
4 82 -5.4 29.95 10 -5.4 28.55 10 -5.3 28.55 10 -5.3 30 10
3 82 -5.3 28.55 10 -4.5 28.8 10 -5.3 30 10
3 82 -4.5 28.8 10 -3.7 29 10 -5.3 30 10
4 82 -5.3 30 10 -3.7 29 10 -2.9 29.15 10 -2.8 30.1 10
4 82 -2.8 30.1 10 -2.9 29.15 10 -1.9 29.25 10 0 30.1 10
3 82 -1.9 29.25 10 0 29.3 10 0 30.1 10
4 0 -6.35 28.95 10 -5.45 28.6 10 -5.45 29.85 10 -6.35 30.1 10
4 0 -6.3 30.45 10 -6.35 30.1 10 -5.45 29.85 10 -5.4 29.95 10
4 0 -6.15 30.65 10 -6.3 30.45 10 -5.4 29.95 10 -5.9 30.75 10
3 0 -5.4 29.95 10 -5.3 30 10 -5.9 30.75 10
4 0 -3.5 30.85 10 -5.9 30.75 10 -5.3 30 10 -2.8 30.1 10
4 0 0 30.9 10 -3.5 30.85 10 -2.8 30.1 10 0 30.1 10
4 0 -11.15 30.15 10 -11.35 29.85 10 -10.55 29.5 10 -10.8 30.5 10
4 0 -10.8 30.5 10 -10.55 29.5 10 -10.4 29.55 10 -10.45 30.75 10
3 0 -10.4 29.55 10 -10.2 29.55 10 -10.45 30.75 10
4 0 -5.45 28.6 10 -6.35 28.95 10 -6.6 28.15 10 -6.55 28.05 10
4 0 -5.4 28.55 10 -5.45 28.6 10 -6.55 28.05 10 -6.55 27.95 10
4 16 -15.15 17.25 10 -14.345 2 10 -12 0 10 -12.05 17.35 10
3 16 -12 0 10 -11.7 17.3 10 -12.05 17.35 10
4 16 -10.45 17.25 10 -11.7 17.3 10 -12 0 10 -8.05 17.1 10
4 16 -6.55 17.1 10 -8.05 17.1 10 -12 0 10 -5.1 16.55 10
3 16 -12 0 10 -3.6 16.25 10 -5.1 16.55 10
3 16 -12 0 10 -1.85 16.05 10 -3.6 16.25 10
3 16 -12 0 10 0 16 10 -1.85 16.05 10
4 82 4.5 18 10 4.5 18.25 10 4.35 18.45 10 4.4 17.75 10
4 82 4.2 17.6 10 4.4 17.75 10 4.35 18.45 10 4.1 18.5 10
4 82 3.85 17.5 10 4.2 17.6 10 4.1 18.5 10 3.8 18.45 10
4 82 3.3 17.5 10 3.85 17.5 10 3.8 18.45 10 3.55 18.35 10
4 82 3.3 17.5 10 3.55 18.35 10 3.3 18.3 10 3.09 17.85 10
4 82 3.1 19.55 10 3.9 19.15 10 3.9 19.4 10 3.3 19.7 10
4 82 3.3 19.7 10 3.9 19.4 10 3.8 19.6 10 3.6 19.7 10
4 82 3.8 18.95 10 3.9 19.15 10 3.1 19.55 10 2.95 19.3 10
4 82 3.8 18.95 10 2.95 19.3 10 2.85 18.85 10 3.6 18.7 10
4 82 3.25 18.45 10 3.6 18.7 10 2.85 18.85 10 2.86 18.41 10
4 82 1.95 18.9 10 2.65 18.9 10 2.65 19.45 10 1.75 19.25 10
4 82 1.7 19.65 10 1.75 19.25 10 2.65 19.45 10 2.6 19.8 10
4 82 1.7 19.65 10 2.6 19.8 10 2.5 20 10 1.75 19.9 10
4 82 1.95 20.1 10 1.75 19.9 10 2.5 20 10 2.35 20.1 10
3 82 1.95 20.1 10 2.35 20.1 10 2.15 20.15 10
4 82 1.35 18.3 10 1.8 18.85 10 1.65 19 10 1.15 18.45 10
4 82 1.15 18.45 10 1.65 19 10 1.45 19.25 10 .9 18.5 10
4 82 .65 18.6 10 .9 18.5 10 1.45 19.25 10 1.15 19.45 10
4 82 .65 18.6 10 1.15 19.45 10 .85 19.5 10 .45 18.85 10
4 82 .45 18.85 10 .85 19.5 10 .6 19.4 10 .45 19.15 10
4 82 1 17.3 10 1.2 17.3 10 1.3 18.15 10 1 18.2 10
4 82 .8 17.2 10 1 17.3 10 1 18.2 10 .7 18.2 10
4 82 .6 17.15 10 .8 17.2 10 .7 18.2 10 .35 17.2 10
4 82 .35 17.2 10 .7 18.2 10 .45 18.15 10 .2 18.05 10
4 82 .15 17.35 10 .35 17.2 10 .2 18.05 10 .05 17.55 10
3 82 .05 17.55 10 .2 18.05 10 .05 17.85 10
4 82 3.3 16.9 10 4.05 17.05 10 3.75 17.25 10 3.3 17.35 10
4 82 2.45 16.8 10 3.3 16.9 10 3.3 17.35 10 2.86 17.3 10
4 0 2.67 17.85 10 2.64 17.71 10 3.03 17.55 10 3.09 17.85 10
4 0 2.64 17.99 10 2.67 17.85 10 3.09 17.85 10 3.03 18.15 10
4 0 2.56 18.11 10 2.64 17.99 10 3.03 18.15 10 2.86 18.41 10
4 0 2.44 18.19 10 2.56 18.11 10 2.86 18.41 10 2.6 18.58 10
4 0 2.3 18.22 10 2.44 18.19 10 2.6 18.58 10 2.3 18.64 10
4 0 2.16 18.19 10 2.3 18.22 10 2.3 18.64 10 2 18.58 10
4 0 2.04 18.11 10 2.16 18.19 10 2 18.58 10 1.75 18.41 10
4 0 1.96 17.99 10 2.04 18.11 10 1.75 18.41 10 1.58 18.15 10
4 0 1.93 17.85 10 1.96 17.99 10 1.58 18.15 10 1.52 17.85 10
4 0 1.96 17.71 10 1.93 17.85 10 1.52 17.85 10 1.58 17.55 10
4 0 2.04 17.59 10 1.96 17.71 10 1.58 17.55 10 1.75 17.3 10
4 0 2.16 17.51 10 2.04 17.59 10 1.75 17.3 10 2 17.13 10
4 0 2.3 17.48 10 2.16 17.51 10 2 17.13 10 2.3 17.07 10
4 0 2.44 17.51 10 2.3 17.48 10 2.3 17.07 10 2.6 17.13 10
4 0 2.56 17.59 10 2.44 17.51 10 2.6 17.13 10 2.86 17.3 10
4 0 2.64 17.71 10 2.56 17.59 10 2.86 17.3 10 3.03 17.55 10
4 82 2.64 17.71 10 2.67 17.85 10 2.64 17.99 10 2.56 18.11 10
4 82 2.56 17.59 10 2.64 17.71 10 2.56 18.11 10 2.44 17.51 10
4 82 2.44 17.51 10 2.56 18.11 10 2.44 18.19 10 2.3 18.22 10
4 82 2.3 17.48 10 2.44 17.51 10 2.3 18.22 10 2.16 17.51 10
4 82 2.16 17.51 10 2.3 18.22 10 2.16 18.19 10 2.04 18.11 10
4 82 2.04 17.59 10 2.16 17.51 10 2.04 18.11 10 1.96 17.71 10
4 82 1.96 17.71 10 2.04 18.11 10 1.96 17.99 10 1.93 17.85 10
3 82 2.45 16.8 10 2.86 17.3 10 2.6 17.13 10
4 82 2.86 17.3 10 3.3 17.35 10 3.2 17.45 10 3.03 17.55 10
4 82 3.03 17.55 10 3.2 17.45 10 3.3 17.5 10 3.09 17.85 10
4 82 3.03 18.15 10 3.09 17.85 10 3.3 18.3 10 3.2 18.35 10
4 82 3.2 18.35 10 3.25 18.45 10 2.86 18.41 10 3.03 18.15 10
4 82 2.86 18.41 10 2.85 18.85 10 2.75 18.8 10 2.6 18.58 10
4 82 2.6 18.58 10 2.75 18.8 10 2.65 18.9 10 2.3 18.64 10
4 82 2.3 18.64 10 2.65 18.9 10 1.95 18.9 10 1.9 18.8 10
3 82 2 18.58 10 2.3 18.64 10 1.9 18.8 10
4 82 1.75 18.41 10 2 18.58 10 1.9 18.8 10 1.8 18.85 10
4 82 1.75 18.41 10 1.8 18.85 10 1.35 18.3 10 1.58 18.15 10
3 82 1.58 18.15 10 1.35 18.3 10 1.4 18.2 10
4 82 1.58 18.15 10 1.4 18.2 10 1.3 18.15 10 1.52 17.85 10
4 82 1.52 17.85 10 1.3 18.15 10 1.2 17.3 10 1.58 17.55 10
4 82 2.45 16.8 10 2.6 17.13 10 2.3 17.07 10 1.75 16.75 10
3 82 1.75 16.75 10 2.3 17.07 10 2 17.13 10
4 82 1.75 16.75 10 2 17.13 10 1.75 17.3 10 .8 16.75 10
3 82 .8 16.75 10 1.75 17.3 10 1.05 17 10
3 82 1.05 17 10 1.75 17.3 10 1.15 17.15 10
4 82 1.75 17.3 10 1.58 17.55 10 1.2 17.3 10 1.15 17.15 10
4 82 -3.5 22.1 10 -3.5 22.35 10 -3.65 22.55 10 -3.6 21.85 10
4 82 -3.8 21.7 10 -3.6 21.85 10 -3.65 22.55 10 -3.9 22.6 10
4 82 -4.15 21.6 10 -3.8 21.7 10 -3.9 22.6 10 -4.2 22.55 10
4 82 -4.7 21.6 10 -4.15 21.6 10 -4.2 22.55 10 -4.45 22.45 10
4 82 -4.7 21.6 10 -4.45 22.45 10 -4.7 22.4 10 -4.92 21.95 10
4 82 -4.9 23.65 10 -4.1 23.25 10 -4.1 23.5 10 -4.7 23.8 10
4 82 -4.7 23.8 10 -4.1 23.5 10 -4.2 23.7 10 -4.4 23.8 10
4 82 -4.2 23.05 10 -4.1 23.25 10 -4.9 23.65 10 -5.05 23.4 10
4 82 -4.2 23.05 10 -5.05 23.4 10 -5.15 22.95 10 -4.4 22.8 10
4 82 -4.75 22.55 10 -4.4 22.8 10 -5.15 22.95 10 -5.15 22.51 10
4 82 -6.05 23 10 -5.35 23 10 -5.35 23.55 10 -6.25 23.35 10
4 82 -6.3 23.75 10 -6.25 23.35 10 -5.35 23.55 10 -5.4 23.9 10
4 82 -6.3 23.75 10 -5.4 23.9 10 -5.5 24.1 10 -6.25 24 10
4 82 -6.05 24.2 10 -6.25 24 10 -5.5 24.1 10 -5.65 24.2 10
3 82 -6.05 24.2 10 -5.65 24.2 10 -5.85 24.25 10
4 0 -5.33 21.95 10 -5.36 21.81 10 -4.98 21.65 10 -4.92 21.95 10
4 0 -5.36 22.09 10 -5.33 21.95 10 -4.92 21.95 10 -4.98 22.25 10
4 0 -5.44 22.21 10 -5.36 22.09 10 -4.98 22.25 10 -5.15 22.51 10
4 0 -5.56 22.29 10 -5.44 22.21 10 -5.15 22.51 10 -5.4 22.68 10
4 0 -5.7 22.32 10 -5.56 22.29 10 -5.4 22.68 10 -5.7 22.74 10
4 0 -5.84 22.29 10 -5.7 22.32 10 -5.7 22.74 10 -6 22.68 10
4 0 -5.96 22.21 10 -5.84 22.29 10 -6 22.68 10 -6.21 22.66 10
4 0 -6.04 22.09 10 -5.96 22.21 10 -6.21 22.66 10 -6.95 22.4 10
4 0 -5.7 21.58 10 -5.84 21.61 10 -6 21.23 10 -5.7 21.17 10
4 0 -5.56 21.61 10 -5.7 21.58 10 -5.7 21.17 10 -5.4 21.23 10
4 0 -5.44 21.69 10 -5.56 21.61 10 -5.4 21.23 10 -5.15 21.4 10
4 0 -5.36 21.81 10 -5.44 21.69 10 -5.15 21.4 10 -4.98 21.65 10
4 82 -5.36 21.81 10 -5.33 21.95 10 -5.36 22.09 10 -5.44 22.21 10
4 82 -5.44 21.69 10 -5.36 21.81 10 -5.44 22.21 10 -5.56 21.61 10
4 82 -5.56 21.61 10 -5.44 22.21 10 -5.56 22.29 10 -5.7 22.32 10
4 82 -5.7 21.58 10 -5.56 21.61 10 -5.7 22.32 10 -5.84 21.61 10
4 82 -5.84 21.61 10 -5.7 22.32 10 -5.84 22.29 10 -5.96 22.21 10
4 82 -5.96 21.69 10 -5.84 21.61 10 -5.96 22.21 10 -6.04 21.81 10
4 82 -6.04 21.81 10 -5.96 22.21 10 -6.04 22.09 10 -6.07 21.95 10
4 82 -5.15 21.4 10 -4.7 21.45 10 -4.8 21.55 10 -4.98 21.65 10
4 82 -4.98 21.65 10 -4.8 21.55 10 -4.7 21.6 10 -4.92 21.95 10
4 82 -4.98 22.25 10 -4.92 21.95 10 -4.7 22.4 10 -4.8 22.45 10
4 82 -4.8 22.45 10 -4.75 22.55 10 -5.15 22.51 10 -4.98 22.25 10
4 82 -5.15 22.51 10 -5.15 22.95 10 -5.25 22.9 10 -5.4 22.68 10
4 82 -5.4 22.68 10 -5.25 22.9 10 -5.35 23 10 -5.7 22.74 10
4 82 -5.7 22.74 10 -5.35 23 10 -6.05 23 10 -6.1 22.9 10
4 82 -6 22.68 10 -5.7 22.74 10 -6.1 22.9 10 -6.21 22.66 10
3 82 -6.21 22.66 10 -6.1 22.9 10 -6.2 22.95 10
4 82 -5.1 20.9 10 -4.7 21.45 10 -5.15 21.4 10 -5.4 21.23 10
4 82 -5.25 20.95 10 -5.1 20.9 10 -5.4 21.23 10 -5.7 21.17 10
4 82 -4.25 21.35 10 -4.7 21.45 10 -5.1 20.9 10 -4.85 20.65 10
4 82 -3.95 21.15 10 -4.25 21.35 10 -4.85 20.65 10 -4.5 20.45 10
4 82 -3.95 21.15 10 -4.5 20.45 10 -4.25 20.4 10 -3.85 20.9 10
4 82 -3.85 20.65 10 -3.85 20.9 10 -4.25 20.4 10 -4 20.45 10
4 82 -5.25 20.95 10 -5.7 21.17 10 -5.95 20.8 10 -5.3 20.75 10
4 82 -5.3 20.75 10 -5.95 20.8 10 -6 20.6 10 -5.15 20.5 10
4 82 -5.15 20.5 10 -6 20.6 10 -6.05 20.3 10 -5.95 20 10
4 82 -5.1 20.2 10 -5.15 20.5 10 -5.95 20 10 -5.15 19.95 10
4 82 -5.25 19.8 10 -5.15 19.95 10 -5.95 20 10 -5.75 19.8 10
4 82 -5.35 19.7 10 -5.25 19.8 10 -5.75 19.8 10 -5.55 19.7 10
4 82 -6.05 21 10 -5.95 20.8 10 -5.7 21.17 10 -6 21.23 10
3 82 -6.05 21 10 -6 21.23 10 -6.2 21.25 10
4 82 -13.95 22.25 10 -13.95 22.5 10 -14.1 22.7 10 -14.05 22 10
4 82 -14.25 21.85 10 -14.05 22 10 -14.1 22.7 10 -14.35 22.75 10
4 82 -14.6 21.75 10 -14.25 21.85 10 -14.35 22.75 10 -14.65 22.7 10
4 82 -15.15 21.75 10 -14.6 21.75 10 -14.65 22.7 10 -14.9 22.6 10
4 82 -15.15 21.75 10 -14.9 22.6 10 -15.15 22.55 10 -15.37 22.1 10
4 82 -15.35 23.8 10 -14.55 23.4 10 -14.55 23.65 10 -15.15 23.95 10
4 82 -15.15 23.95 10 -14.55 23.65 10 -14.65 23.85 10 -14.85 23.95 10
4 82 -14.65 23.2 10 -14.55 23.4 10 -15.35 23.8 10 -15.5 23.55 10
4 82 -14.65 23.2 10 -15.5 23.55 10 -15.6 23.1 10 -14.85 22.95 10
4 82 -15.2 22.7 10 -14.85 22.95 10 -15.6 23.1 10 -15.6 22.66 10
4 0 -15.78 22.1 10 -15.81 21.96 10 -15.43 21.8 10 -15.37 22.1 10
4 0 -15.81 22.24 10 -15.78 22.1 10 -15.37 22.1 10 -15.43 22.4 10
4 0 -15.89 22.36 10 -15.81 22.24 10 -15.43 22.4 10 -15.6 22.66 10
4 0 -16.01 22.44 10 -15.89 22.36 10 -15.6 22.66 10 -15.85 22.83 10
4 0 -15.89 21.84 10 -15.85 21.38 10 -15.6 21.55 10 -15.81 21.96 10
3 0 -15.6 21.55 10 -15.43 21.8 10 -15.81 21.96 10
4 82 -15.81 21.96 10 -15.78 22.1 10 -15.81 22.24 10 -15.89 22.36 10
4 82 -15.89 21.84 10 -15.81 21.96 10 -15.89 22.36 10 -16.01 21.76 10
4 82 -15.6 21.55 10 -15.15 21.6 10 -15.25 21.7 10 -15.43 21.8 10
4 82 -15.43 21.8 10 -15.25 21.7 10 -15.15 21.75 10 -15.37 22.1 10
4 82 -15.43 22.4 10 -15.37 22.1 10 -15.15 22.55 10 -15.25 22.6 10
4 82 -15.25 22.6 10 -15.2 22.7 10 -15.6 22.66 10 -15.43 22.4 10
4 82 -15.6 22.66 10 -15.6 23.1 10 -15.7 23.05 10 -15.85 22.83 10
4 82 -15.85 22.83 10 -15.7 23.05 10 -15.8 23.15 10 -16.15 22.89 10
4 82 -15.55 21.05 10 -15.15 21.6 10 -15.6 21.55 10 -15.85 21.38 10
4 82 -15.7 21.1 10 -15.55 21.05 10 -15.85 21.38 10 -15.94 21.36 10
4 82 -14.7 21.5 10 -15.15 21.6 10 -15.55 21.05 10 -15.3 20.8 10
4 82 -14.4 21.3 10 -14.7 21.5 10 -15.3 20.8 10 -14.95 20.6 10
4 82 -14.4 21.3 10 -14.95 20.6 10 -14.7 20.55 10 -14.3 21.05 10
4 82 -14.3 20.8 10 -14.3 21.05 10 -14.7 20.55 10 -14.45 20.6 10
4 82 -13 28.4 10 -12.1 28.55 10 -12.2 28.75 10 -12.95 28.65 10
4 82 -12.75 28.85 10 -12.95 28.65 10 -12.2 28.75 10 -12.35 28.85 10
3 82 -12.75 28.85 10 -12.35 28.85 10 -12.55 28.9 10
4 82 -13.35 27.05 10 -12.9 27.6 10 -13.05 27.75 10 -13.55 27.2 10
4 82 -13.55 27.2 10 -13.05 27.75 10 -13.25 28 10 -13.8 27.25 10
4 82 -14.05 27.35 10 -13.8 27.25 10 -13.25 28 10 -13.55 28.2 10
4 82 -14.05 27.35 10 -13.55 28.2 10 -13.85 28.25 10 -14.25 27.6 10
4 82 -14.25 27.6 10 -13.85 28.25 10 -14.1 28.15 10 -14.25 27.9 10
4 82 -13.7 26.05 10 -13.5 26.05 10 -13.4 26.9 10 -13.7 26.95 10
4 82 -13.9 25.95 10 -13.7 26.05 10 -13.7 26.95 10 -14 26.95 10
4 82 -14.1 25.9 10 -13.9 25.95 10 -14 26.95 10 -14.35 25.95 10
4 82 -14.35 25.95 10 -14 26.95 10 -14.25 26.9 10 -14.5 26.8 10
4 82 -14.55 26.1 10 -14.35 25.95 10 -14.5 26.8 10 -14.65 26.3 10
3 82 -14.65 26.3 10 -14.5 26.8 10 -14.65 26.6 10
4 0 -12.54 26.94 10 -12.4 27.39 10 -12.7 27.33 10 -12.66 26.86 10
4 0 -12.66 26.86 10 -12.7 27.33 10 -12.96 27.16 10 -12.74 26.74 10
4 0 -12.74 26.74 10 -12.96 27.16 10 -13.13 26.9 10 -12.77 26.6 10
4 0 -12.77 26.6 10 -13.13 26.9 10 -13.19 26.6 10 -12.74 26.46 10
4 0 -12.74 26.46 10 -13.19 26.6 10 -13.13 26.3 10 -12.66 26.34 10
4 0 -12.66 26.34 10 -13.13 26.3 10 -12.96 26.05 10 -12.7 25.88 10
4 82 -12.74 26.46 10 -12.66 26.34 10 -12.66 26.86 10 -12.74 26.74 10
3 82 -12.74 26.46 10 -12.74 26.74 10 -12.77 26.6 10
4 82 -12.4 27.39 10 -12.75 27.65 10 -12.8 27.55 10 -12.7 27.33 10
4 82 -12.96 27.16 10 -12.7 27.33 10 -12.8 27.55 10 -12.9 27.6 10
4 82 -12.96 27.16 10 -12.9 27.6 10 -13.35 27.05 10 -13.13 26.9 10
3 82 -13.13 26.9 10 -13.35 27.05 10 -13.3 26.95 10
4 82 -13.13 26.9 10 -13.3 26.95 10 -13.4 26.9 10 -13.19 26.6 10
4 82 -13.19 26.6 10 -13.4 26.9 10 -13.5 26.05 10 -13.13 26.3 10
4 82 -12.96 26.05 10 -13.13 26.3 10 -13.5 26.05 10 -13.55 25.9 10
4 82 -12.75 25.65 10 -12.7 25.88 10 -12.96 26.05 10 -13.55 25.9 10
4 82 -12.9 25.5 10 -12.75 25.65 10 -13.55 25.9 10 -13.7 25.7 10
4 82 -12.95 25.25 10 -12.9 25.5 10 -13.7 25.7 10 -13.05 24.95 10
4 82 -13.05 24.95 10 -13.7 25.7 10 -13.95 25.45 10 -14 25.2 10
4 82 -13.25 24.75 10 -13.05 24.95 10 -14 25.2 10 -13.95 24.95 10
4 82 -13.45 24.7 10 -13.25 24.75 10 -13.95 24.95 10 -13.75 24.75 10
4 82 16.87 29.62 10 16.83 29.87 10 16.66 30.05 10 16.8 29.36 10
4 82 16.63 29.18 10 16.8 29.36 10 16.66 30.05 10 16.4 30.06 10
4 82 16.29 29.04 10 16.63 29.18 10 16.4 30.06 10 16.11 29.97 10
4 82 15.75 28.96 10 16.29 29.04 10 16.11 29.97 10 15.88 29.84 10
4 82 15.75 28.96 10 15.88 29.84 10 15.64 29.75 10 15.49 29.28 10
4 82 13.5 28.44 10 13.7 28.47 10 13.68 29.33 10 13.37 29.33 10
4 82 13.31 28.32 10 13.5 28.44 10 13.37 29.33 10 13.08 29.29 10
4 82 13.12 28.24 10 13.31 28.32 10 13.08 29.29 10 12.87 28.25 10
4 82 12.87 28.25 10 13.08 29.29 10 12.84 29.21 10 12.6 29.07 10
4 82 12.65 28.37 10 12.87 28.25 10 12.6 29.07 10 12.52 28.56 10
3 82 12.52 28.56 10 12.6 29.07 10 12.48 28.85 10
4 0 15.07 29.22 10 15.06 29.08 10 15.47 28.97 10 15.49 29.28 10
4 0 15.03 29.35 10 15.07 29.22 10 15.49 29.28 10 15.39 29.57 10
4 0 14.93 29.46 10 15.03 29.35 10 15.39 29.57 10 15.18 29.79 10
4 0 14.8 29.52 10 14.93 29.46 10 15.18 29.79 10 14.91 29.93 10
4 0 14.66 29.53 10 14.8 29.52 10 14.91 29.93 10 14.83 29.93 10
4 0 14.36 29.26 10 14.42 29.39 10 14.08 29.64 10 13.95 29.36 10
4 0 14.35 29.12 10 14.36 29.26 10 13.95 29.36 10 13.93 29.06 10
4 0 14.39 28.98 10 14.35 29.12 10 13.93 29.06 10 14.03 28.77 10
4 0 14.49 28.88 10 14.39 28.98 10 14.03 28.77 10 14.24 28.54 10
4 0 14.62 28.81 10 14.49 28.88 10 14.24 28.54 10 14.51 28.41 10
4 0 14.76 28.81 10 14.62 28.81 10 14.51 28.41 10 14.82 28.39 10
4 0 14.9 28.85 10 14.76 28.81 10 14.82 28.39 10 15.11 28.49 10
4 0 15 28.95 10 14.9 28.85 10 15.11 28.49 10 15.34 28.7 10
4 0 15.06 29.08 10 15 28.95 10 15.34 28.7 10 15.47 28.97 10
4 82 15.06 29.08 10 15.07 29.22 10 15.03 29.35 10 14.93 29.46 10
4 82 15 28.95 10 15.06 29.08 10 14.93 29.46 10 14.9 28.85 10
4 82 14.9 28.85 10 14.93 29.46 10 14.8 29.52 10 14.66 29.53 10
4 82 14.76 28.81 10 14.9 28.85 10 14.66 29.53 10 14.62 28.81 10
4 82 14.62 28.81 10 14.66 29.53 10 14.52 29.48 10 14.42 29.39 10
4 82 14.49 28.88 10 14.62 28.81 10 14.42 29.39 10 14.39 28.98 10
4 82 14.39 28.98 10 14.42 29.39 10 14.36 29.26 10 14.35 29.12 10
4 82 15.34 28.7 10 15.77 28.81 10 15.66 28.9 10 15.47 28.97 10
4 82 15.47 28.97 10 15.66 28.9 10 15.75 28.96 10 15.49 29.28 10
4 82 15.39 29.57 10 15.49 29.28 10 15.64 29.75 10 15.53 29.79 10
4 82 15.53 29.79 10 15.57 29.89 10 15.18 29.79 10 15.39 29.57 10
4 82 13.95 29.36 10 14.08 29.64 10 13.71 29.48 10 13.77 29.39 10
4 82 13.95 29.36 10 13.77 29.39 10 13.68 29.33 10 13.93 29.06 10
4 82 13.93 29.06 10 13.68 29.33 10 13.7 28.47 10 14.03 28.77 10
4 82 14.24 28.54 10 14.03 28.77 10 13.7 28.47 10 13.67 28.31 10
4 82 15.45 28.21 10 15.77 28.81 10 15.34 28.7 10 15.11 28.49 10
4 82 15.29 28.24 10 15.45 28.21 10 15.11 28.49 10 14.82 28.39 10
4 82 16.23 28.78 10 15.77 28.81 10 15.45 28.21 10 15.73 28 10
4 82 16.55 28.62 10 16.23 28.78 10 15.73 28 10 16.11 27.85 10
4 82 16.55 28.62 10 16.11 27.85 10 16.36 27.83 10 16.69 28.39 10
4 82 16.72 28.14 10 16.69 28.39 10 16.36 27.83 10 16.6 27.92 10
4 82 15.29 28.24 10 14.82 28.39 10 14.62 27.99 10 15.27 28.04 10
4 82 15.27 28.04 10 14.62 27.99 10 14.6 27.79 10 15.46 27.81 10
4 82 15.46 27.81 10 14.6 27.79 10 14.59 27.49 10 14.73 27.2 10
4 82 15.55 27.52 10 15.46 27.81 10 14.73 27.2 10 15.53 27.26 10
4 82 15.45 27.1 10 15.53 27.26 10 14.73 27.2 10 14.96 27.03 10
4 82 15.37 26.99 10 15.45 27.1 10 14.96 27.03 10 15.17 26.96 10
4 82 14.5 28.18 10 14.62 27.99 10 14.82 28.39 10 14.51 28.41 10
4 82 14.5 28.18 10 14.51 28.41 10 14.24 28.54 10 13.67 28.31 10
4 82 14.37 28.01 10 14.5 28.18 10 13.67 28.31 10 13.55 28.1 10
4 82 14.35 27.75 10 14.37 28.01 10 13.55 28.1 10 14.3 27.44 10
4 82 14.3 27.44 10 13.55 28.1 10 13.33 27.81 10 13.32 27.56 10
4 82 14.13 27.22 10 14.3 27.44 10 13.32 27.56 10 13.4 27.32 10
4 82 13.93 27.14 10 14.13 27.22 10 13.4 27.32 10 13.63 27.15 10
4 82 14.9 20 10 15.1 19.65 10 15.3 19.7 10 15.35 20.3 10
4 82 14.65 20.2 10 14.9 20 10 15.35 20.3 10 15.35 20.65 10
4 82 14.65 20.2 10 15.35 20.65 10 15.05 20.65 10 14.65 20.5 10
4 82 14.4 20.3 10 14.65 20.2 10 14.65 20.5 10 14.35 20.45 10
4 82 14.2 20.25 10 14.1 20.45 10 13.8 20.4 10 13.95 20.1 10
4 82 13.6 20.15 10 13.95 20.1 10 13.8 20.4 10 13.15 20.3 10
3 82 13.15 20.3 10 13.8 20.4 10 13.15 20.45 10
4 82 14.85 21.95 10 15.45 21.35 10 15.6 22.15 10 14.9 22.7 10
4 82 14.35 22.3 10 14.85 21.95 10 14.9 22.7 10 14.25 23.1 10
4 82 14.1 22.4 10 14.35 22.3 10 14.25 23.1 10 14.05 23.15 10
4 82 14.1 22.4 10 14.05 23.15 10 13.9 23.1 10 13.6 22.9 10
4 82 13.95 22.35 10 14.1 22.4 10 13.6 22.9 10 13.15 22.5 10
4 82 13.35 21.85 10 13.95 22.35 10 13.15 22.5 10 12.85 22.1 10
4 82 13.1 21.5 10 13.35 21.85 10 12.85 22.1 10 12.8 21.25 10
3 82 12.8 21.25 10 13 21.25 10 13.1 21.5 10
4 82 15.1 23.35 10 15.8 22.85 10 15.8 23.35 10 14.85 24 10
4 82 14.3 23.85 10 15.1 23.35 10 14.85 24 10 14.25 24.35 10
4 82 14 23.95 10 14.3 23.85 10 14.25 24.35 10 14 24.45 10
4 82 14 23.95 10 14 24.45 10 13.75 24.4 10 13.75 23.9 10
4 82 13.75 23.9 10 13.75 24.4 10 13.35 24.1 10 13.3 23.6 10
4 82 13.3 23.6 10 13.35 24.1 10 12.85 23.65 10 13 23.3 10
3 82 12.9 23.3 10 13 23.3 10 12.85 23.65 10
4 82 12.5 18.05 10 15.27 17.88 10 15.46 18.84 10 12.65 19.6 10
4 82 16.01 21.76 10 15.6 22.15 10 15.45 21.35 10 15.85 20.89 10
4 82 15.8 22.85 10 16.16 22.53 10 16.25 22.98 10 15.8 23.35 10
4 0 15.15 17.25 10 15.27 17.88 10 12.5 18.05 10 12.05 17.35 10
4 0 11.8 18.05 10 12.05 17.35 10 12.5 18.05 10 12.65 19.6 10
3 0 11.8 18.05 10 12.65 19.6 10 11.95 19.5 10
4 0 12 20.1 10 11.95 19.5 10 12.65 19.6 10 13.15 20.3 10
4 0 12 20.1 10 13.15 20.3 10 13.15 20.45 10 12.05 20.65 10
4 0 12.8 21.25 10 12.05 20.65 10 13.15 20.45 10 13 21.25 10
4 0 13 21.25 10 13.15 20.45 10 13.8 20.4 10 13.1 21.5 10
4 0 13.1 21.5 10 13.8 20.4 10 14.1 20.45 10 13.35 21.85 10
4 0 13.35 21.85 10 14.1 20.45 10 14.35 20.45 10 13.95 22.35 10
4 0 14.1 22.4 10 13.95 22.35 10 14.35 20.45 10 14.35 22.3 10
4 0 14.85 21.95 10 14.35 22.3 10 14.35 20.45 10 14.65 20.5 10
4 0 14.85 21.95 10 14.65 20.5 10 15.05 20.65 10 15.45 21.35 10
4 0 15.45 21.35 10 15.05 20.65 10 15.35 20.65 10 15.85 20.89 10
3 0 15.35 20.3 10 15.85 20.89 10 15.35 20.65 10
3 0 15.46 18.84 10 15.3 19.7 10 15.1 19.65 10
4 0 15.3 19.7 10 15.46 18.84 10 15.85 20.89 10 15.35 20.3 10
4 0 14.2 20.25 10 14.4 20.3 10 14.35 20.45 10 14.1 20.45 10
4 0 12.65 19.6 10 15.46 18.84 10 15.1 19.65 10 13.95 20.1 10
3 0 12.65 19.6 10 13.95 20.1 10 13.6 20.15 10
3 0 12.65 19.6 10 13.6 20.15 10 13.15 20.3 10
4 0 14.65 20.2 10 14.4 20.3 10 14.2 20.25 10 13.95 20.1 10
4 0 14.9 20 10 14.65 20.2 10 13.95 20.1 10 15.1 19.65 10
4 0 12.8 21.25 10 12.85 22.1 10 12.1 22 10 12.05 20.65 10
4 0 12.85 22.1 10 12.9 23.3 10 12.1 23.35 10 12.1 22 10
4 0 13 23.3 10 12.9 23.3 10 12.85 22.1 10 13.15 22.5 10
4 0 13.3 23.6 10 13 23.3 10 13.15 22.5 10 13.6 22.9 10
4 0 13.75 23.9 10 13.3 23.6 10 13.6 22.9 10 13.9 23.1 10
4 0 14 23.95 10 13.75 23.9 10 13.9 23.1 10 14.05 23.15 10
4 0 14.3 23.85 10 14 23.95 10 14.05 23.15 10 14.25 23.1 10
4 0 15.1 23.35 10 14.3 23.85 10 14.25 23.1 10 14.9 22.7 10
4 0 15.8 22.85 10 15.1 23.35 10 14.9 22.7 10 15.6 22.15 10
4 0 16.16 22.53 10 15.8 22.85 10 15.6 22.15 10 16.01 21.76 10
4 0 12.1 23.35 10 12.9 23.3 10 12.85 23.65 10 12.05 24.7 10
4 0 12.05 24.7 10 12.85 23.65 10 13.35 24.1 10 11.9 25.9 10
4 0 11.9 25.9 10 13.35 24.1 10 13.75 24.4 10 13.63 27.15 10
4 0 11.9 25.9 10 13.63 27.15 10 13.4 27.32 10 11.6 27.25 10
4 0 11.6 27.25 10 13.4 27.32 10 13.32 27.56 10 12.87 28.25 10
4 82 15.57 29.89 10 15.87 30.18 10 14.91 29.93 10 15.18 29.79 10
3 82 14.91 29.93 10 15.87 30.18 10 14.83 29.93 10
4 82 14.08 29.64 10 14.26 29.8 10 13.45 29.6 10 13.71 29.48 10
4 0 3.6 16.25 10 5.1 16.55 10 4.05 17.05 10 3.3 16.9 10
4 0 3.6 16.25 10 3.3 16.9 10 2.45 16.8 10 1.85 16.05 10
3 0 1.85 16.05 10 2.45 16.8 10 1.75 16.75 10
4 0 1.85 16.05 10 1.75 16.75 10 .8 16.75 10 0 16 10
4 0 .6 17.15 10 0 16 10 .8 16.75 10 1.05 17 10
3 0 1.05 17 10 .8 17.2 10 .6 17.15 10
4 0 1 17.3 10 .8 17.2 10 1.05 17 10 1.15 17.15 10
3 0 1.15 17.15 10 1.2 17.3 10 1 17.3 10
3 0 0 16 10 .6 17.15 10 .35 17.2 10
3 0 0 16 10 .35 17.2 10 .15 17.35 10
4 0 3.75 17.25 10 3.85 17.5 10 3.3 17.5 10 3.3 17.35 10
3 0 3.3 17.35 10 3.3 17.5 10 3.2 17.45 10
4 0 4.05 17.05 10 4.2 17.6 10 3.85 17.5 10 3.75 17.25 10
4 0 4.2 17.6 10 4.05 17.05 10 5.1 16.55 10 4.4 17.75 10
4 0 4.4 17.75 10 5.1 16.55 10 6.65 17.95 10 4.5 18 10
4 0 4.5 18 10 6.65 17.95 10 6.65 18.2 10 4.5 18.25 10
4 0 4.5 18.25 10 6.65 18.2 10 6.75 19.35 10 4.35 18.45 10
4 0 3.25 18.45 10 3.2 18.35 10 3.3 18.3 10 3.55 18.35 10
4 0 3.6 18.7 10 3.25 18.45 10 3.55 18.35 10 3.8 18.45 10
4 0 3.8 18.95 10 3.6 18.7 10 3.8 18.45 10 4.1 18.5 10
4 0 3.9 19.15 10 3.8 18.95 10 4.1 18.5 10 4.35 18.45 10
4 0 3.9 19.15 10 4.35 18.45 10 6.75 19.35 10 3.9 19.4 10
4 0 3.9 19.4 10 6.75 19.35 10 6.85 20.6 10 3.8 19.6 10
4 0 2.65 18.9 10 2.75 18.8 10 2.85 18.85 10 2.65 19.45 10
3 0 2.85 18.85 10 2.95 19.3 10 2.65 19.45 10
4 0 2.65 19.45 10 2.95 19.3 10 3.1 19.55 10 2.6 19.8 10
4 0 2.6 19.8 10 3.1 19.55 10 3.3 19.7 10 2.5 20 10
4 0 1.8 18.85 10 1.9 18.8 10 1.95 18.9 10 1.75 19.25 10
4 0 1.65 19 10 1.8 18.85 10 1.75 19.25 10 1.45 19.25 10
4 0 1.45 19.25 10 1.75 19.25 10 1.7 19.65 10 1.15 19.45 10
4 0 1.15 19.45 10 1.7 19.65 10 1.75 19.9 10 .85 19.5 10
4 0 1.3 18.15 10 1.4 18.2 10 1.35 18.3 10 1.15 18.45 10
4 0 1 18.2 10 1.3 18.15 10 1.15 18.45 10 .9 18.5 10
4 0 .7 18.2 10 1 18.2 10 .9 18.5 10 .65 18.6 10
4 0 .45 18.15 10 .7 18.2 10 .65 18.6 10 .45 18.85 10
4 0 .2 18.05 10 .45 18.15 10 .45 18.85 10 -4 20.45 10
4 82 -15.32 18.16 10 -12.5 18.4 10 -12.7 19.75 10 -15.48 18.96 10
4 82 -16.01 21.76 10 -15.89 22.36 10 -16.01 22.44 10 -16.15 22.47 10
3 82 -15.75 20.9 10 -15.7 21.1 10 -15.94 21.36 10
4 82 -15.67 19.99 10 -15.6 20.1 10 -15.75 20.9 10 -15.94 21.36 10
4 82 -15.6 20.1 10 -15.55 20.35 10 -15.6 20.65 10 -15.75 20.9 10
4 82 -16.1 24.35 10 -16.3 24.4 10 -16.51 24.34 10 -15.95 24.25 10
4 82 -15.85 24.05 10 -15.95 24.25 10 -16.51 24.34 10 -15.8 23.7 10
4 82 -15.8 23.15 10 -15.8 23.7 10 -16.51 24.34 10 -16.15 22.89 10
3 82 -16.23 22.87 10 -16.15 22.89 10 -16.51 24.34 10
4 0 -15.85 21.38 10 -15.89 21.84 10 -16.01 21.76 10 -15.94 21.36 10
4 0 -16.01 22.44 10 -15.85 22.83 10 -16.15 22.89 10 -16.15 22.47 10
3 0 -16.15 22.47 10 -16.15 22.89 10 -16.23 22.87 10
4 0 -15.6 20.1 10 -15.67 19.99 10 -15.48 18.96 10 -14.7 20.55 10
4 0 -15.6 20.65 10 -15.3 20.8 10 -15.55 21.05 10 -15.75 20.9 10
3 0 -15.75 20.9 10 -15.55 21.05 10 -15.7 21.1 10
4 0 -14.95 20.6 10 -15.3 20.8 10 -15.6 20.65 10 -15.55 20.35 10
4 0 -15.6 20.1 10 -14.7 20.55 10 -14.95 20.6 10 -15.55 20.35 10
4 0 -14.45 20.6 10 -14.7 20.55 10 -15.48 18.96 10 -12.7 19.75 10
4 0 -14.3 20.8 10 -14.45 20.6 10 -12.7 19.75 10 -12 20.1 10
4 0 -14.7 21.5 10 -14.6 21.75 10 -15.15 21.75 10 -15.15 21.6 10
3 0 -15.15 21.6 10 -15.15 21.75 10 -15.25 21.7 10
4 0 -14.4 21.3 10 -14.25 21.85 10 -14.6 21.75 10 -14.7 21.5 10
4 0 -14.65 22.7 10 -14.35 22.75 10 -14.65 23.2 10 -14.85 22.95 10
4 0 -14.9 22.6 10 -14.65 22.7 10 -14.85 22.95 10 -15.2 22.7 10
4 0 -15.15 22.55 10 -14.9 22.6 10 -15.2 22.7 10 -15.25 22.6 10
4 0 -14.55 23.4 10 -14.65 23.2 10 -14.35 22.75 10 -14.1 22.7 10
4 0 -15.8 23.15 10 -15.7 23.05 10 -15.6 23.1 10 -15.5 23.55 10
4 0 -15.8 23.7 10 -15.8 23.15 10 -15.5 23.55 10 -15.35 23.8 10
4 0 -15.85 24.05 10 -15.8 23.7 10 -15.35 23.8 10 -15.15 23.95 10
4 0 -15.95 24.25 10 -15.85 24.05 10 -15.15 23.95 10 -14.55 26.1 10
4 0 -5.75 19.8 10 -5.95 20 10 -6.75 19.35 10 -6.65 18.2 10
4 0 -5.55 19.7 10 -5.75 19.8 10 -6.65 18.2 10 -6.65 17.95 10
4 0 -5.55 19.7 10 -6.65 17.95 10 -5.1 16.55 10 -5.35 19.7 10
4 0 -6.75 19.35 10 -5.95 20 10 -6.05 20.3 10 -6.84 20.4 10
4 0 -6.05 20.3 10 -6 20.6 10 -6.85 20.6 10 -6.84 20.4 10
4 0 -6.85 20.6 10 -6 20.6 10 -5.95 20.8 10 -6.05 21 10
4 0 -6.85 20.6 10 -6.05 21 10 -6.2 21.25 10 -6.95 22.4 10
4 0 -6.07 21.95 10 -6.95 22.4 10 -6.2 21.25 10 -6.04 21.81 10
4 0 -6.2 21.25 10 -6 21.23 10 -5.84 21.61 10 -5.96 21.69 10
3 0 -6.2 21.25 10 -5.96 21.69 10 -6.04 21.81 10
3 0 -6.07 21.95 10 -6.04 22.09 10 -6.95 22.4 10
4 0 -6.2 22.95 10 -6.1 22.9 10 -6.05 23 10 -6.25 23.35 10
4 0 -6.95 22.4 10 -6.21 22.66 10 -6.2 22.95 10 -6.25 23.35 10
4 0 -7 24 10 -6.95 22.4 10 -6.25 23.35 10 -6.3 23.75 10
4 0 -7 24 10 -6.3 23.75 10 -6.25 24 10 -6.95 25.55 10
3 0 -6.25 24 10 -6.05 24.2 10 -6.95 25.55 10
4 0 -6.95 25.55 10 -6.05 24.2 10 -5.85 24.25 10 -6.85 26.85 10
4 0 -6.65 27.7 10 -6.85 26.85 10 -5.85 24.25 10 -6.55 27.95 10
4 0 -5.4 28.55 10 -6.55 27.95 10 -5.85 24.25 10 -5.3 28.55 10
4 82 -12.66 26.86 10 -12.66 26.34 10 -12.61 26.31 10 -12.54 26.94 10
3 82 -12.61 26.31 10 -12.46 26.96 10 -12.54 26.94 10
4 82 -12.4 27.39 10 -12.35 27.38 10 -12.06 28.28 10 -12.75 27.65 10
4 82 -12.06 28.28 10 -12.1 28.55 10 -13 28.4 10 -12.95 28 10
3 82 -12.75 27.65 10 -12.06 28.28 10 -12.95 28 10
3 82 6.35 23.5 10 6.35 23.95 10 6 23.7 10
4 82 5.65 23.9 10 6 23.7 10 6.35 23.95 10 5.7 24.35 10
4 82 5.2 23.7 10 5.65 23.9 10 5.7 24.35 10 5.05 24.05 10
4 82 4.5 23.4 10 5.2 23.7 10 5.05 24.05 10 4.15 23.7 10
4 82 3.5 23.1 10 4.5 23.4 10 4.15 23.7 10 3.4 23.45 10
4 82 2.4 22.85 10 3.5 23.1 10 3.4 23.45 10 2.55 23.25 10
4 82 2.15 23.15 10 2.4 22.85 10 2.55 23.25 10 2.35 23.5 10
4 82 1.85 23.55 10 2.15 23.15 10 2.35 23.5 10 2.2 23.75 10
4 82 1.55 24.05 10 1.85 23.55 10 2.2 23.75 10 1.8 24.4 10
4 82 1.2 24.7 10 1.55 24.05 10 1.8 24.4 10 1.45 25.25 10
4 82 .95 25.35 10 1.2 24.7 10 1.45 25.25 10 1.25 25.8 10
4 82 .75 25.95 10 .95 25.35 10 1.25 25.8 10 1.1 26.3 10
4 82 .75 25.95 10 1.1 26.3 10 .35 26.5 10 -.05 26.25 10
4 82 -.05 26.25 10 .35 26.5 10 -.15 26.7 10 -.7 26.55 10
4 82 -.7 26.55 10 -.15 26.7 10 -.8 27.05 10 -1.25 26.85 10
4 82 -1.25 26.85 10 -.8 27.05 10 -1.25 27.35 10 -1.8 27.25 10
4 82 -1.8 27.25 10 -1.25 27.35 10 -1.1 27.75 10 -1.5 27.85 10
4 82 -1.5 27.85 10 -1.1 27.75 10 -.9 28.2 10 -1.3 28.2 10
4 82 5.6 25.3 10 6.25 24.85 10 6.2 25.55 10 5.95 25.7 10
4 82 5.95 25.7 10 6.15 26 10 6.05 26.75 10 5.55 26.1 10
4 82 5.6 25.3 10 5.95 25.7 10 5.55 26.1 10 5.2 25 10
4 82 5.2 25 10 5.55 26.1 10 5.1 25.6 10 4.7 24.7 10
4 82 4.7 24.7 10 5.1 25.6 10 4.6 25.25 10 3.95 24.35 10
3 82 3.95 24.35 10 4.6 25.25 10 4 24.95 10
4 82 3.95 24.35 10 4 24.95 10 3.4 24.8 10 3.45 24.2 10
4 82 3.45 24.2 10 3.4 24.8 10 3.15 24.8 10 3.1 24.15 10
4 82 2.9 24.15 10 3.1 24.15 10 3.15 24.8 10 2.7 24.25 10
4 82 2.7 24.25 10 3.15 24.8 10 3 24.95 10 2.45 24.65 10
4 82 2.45 24.65 10 3 24.95 10 2.7 25.45 10 2.15 25.3 10
4 82 2.15 25.3 10 2.7 25.45 10 2.5 25.95 10 1.9 25.95 10
4 82 1.9 25.95 10 2.5 25.95 10 2.35 26.55 10 1.8 26.5 10
4 82 1.75 26.95 10 1.8 26.5 10 2.35 26.55 10 2.3 27.2 10
4 82 1.75 27.5 10 1.75 26.95 10 2.3 27.2 10 2.35 27.75 10
4 82 1.8 27.85 10 1.75 27.5 10 2.35 27.75 10 2.4 28.1 10
3 82 1.8 27.85 10 2.4 28.1 10 1.85 28.15 10
4 82 1.75 26.95 10 1.75 27.5 10 1.25 27.55 10 1.05 27.05 10
4 82 .55 27.15 10 1.05 27.05 10 1.25 27.55 10 .75 27.65 10
4 82 0 27.35 10 .55 27.15 10 .75 27.65 10 .5 27.8 10
4 82 -.3 27.55 10 0 27.35 10 .5 27.8 10 -.35 27.7 10
4 82 -.3 27.85 10 -.35 27.7 10 .5 27.8 10 .45 27.9 10
4 82 .05 28.2 10 -.3 27.85 10 .45 27.9 10 .75 28.2 10
4 82 4.1 26.7 10 4.05 26.6 10 4.85 26.1 10 4.35 26.75 10
4 82 4.35 26.75 10 4.85 26.1 10 5 26.55 10 4.65 26.9 10
4 82 4.65 26.9 10 5 26.55 10 5.1 27 10 5 27.05 10
3 82 4.65 26.9 10 5 27.05 10 4.8 27 10
4 82 3.45 26.75 10 3.75 26.75 10 3.8 26.9 10 3.65 27.15 10
4 82 3.1 26.85 10 3.45 26.75 10 3.65 27.15 10 3.5 27.45 10
4 82 2.9 27 10 3.1 26.85 10 3.5 27.45 10 2.9 27.2 10
4 82 3.05 27.5 10 2.9 27.2 10 3.5 27.45 10 3.45 27.7 10
3 82 3.05 27.5 10 3.45 27.7 10 3.3 27.7 10
4 82 4.3 27.55 10 4.7 27.65 10 4.65 27.8 10 4.35 27.85 10
4 82 4.05 27.8 10 4.3 27.55 10 4.35 27.85 10 4.1 27.9 10
4 0 15.45 28.21 10 15.29 28.24 10 15.27 28.04 10 15.46 27.81 10
4 0 15.73 28 10 15.45 28.21 10 15.46 27.81 10 15.55 27.52 10
4 0 16.11 27.85 10 15.73 28 10 15.55 27.52 10 15.53 27.26 10
4 0 16.36 27.83 10 16.11 27.85 10 15.53 27.26 10 16.25 22.98 10
4 0 14.62 27.99 10 14.5 28.18 10 14.37 28.01 10 14.35 27.75 10
3 0 14.35 27.75 10 14.6 27.79 10 14.62 27.99 10
4 0 14.59 27.49 10 14.6 27.79 10 14.35 27.75 10 14.3 27.44 10
4 0 14.73 27.2 10 14.59 27.49 10 14.3 27.44 10 14.13 27.22 10
4 0 13.67 28.31 10 13.7 28.47 10 13.5 28.44 10 13.55 28.1 10
4 0 13.55 28.1 10 13.5 28.44 10 13.31 28.32 10 13.33 27.81 10
4 0 13.33 27.81 10 13.31 28.32 10 13.12 28.24 10 13.32 27.56 10
4 0 13.68 29.33 10 13.77 29.39 10 13.71 29.48 10 13.37 29.33 10
4 0 13.37 29.33 10 13.71 29.48 10 13.45 29.6 10 13.08 29.29 10
4 0 14.52 29.48 10 14.66 29.53 10 14.83 29.93 10 14.26 29.8 10
4 0 14.42 29.39 10 14.52 29.48 10 14.26 29.8 10 14.08 29.64 10
3 0 17.4 29 10 16.87 29.62 10 16.8 29.36 10
4 0 16.83 29.87 10 16.87 29.62 10 17.4 29 10 17.4 31 10
4 0 16.66 30.05 10 16.83 29.87 10 17.4 31 10 17.15 31.15 10
4 0 16.66 30.05 10 17.15 31.15 10 16.55 31.1 10 16.4 30.06 10
4 0 16.4 30.06 10 16.55 31.1 10 15.87 30.18 10 16.11 29.97 10
4 0 15.88 29.84 10 16.11 29.97 10 15.87 30.18 10 15.57 29.89 10
4 0 15.64 29.75 10 15.88 29.84 10 15.57 29.89 10 15.53 29.79 10
4 0 15.87 30.18 10 16.55 31.1 10 15.6 30.85 10 14.83 29.93 10
4 0 14.83 29.93 10 15.6 30.85 10 13.85 30.4 10 14.26 29.8 10
4 0 13.45 29.6 10 14.26 29.8 10 13.85 30.4 10 12.35 30.05 10
4 0 13.08 29.29 10 13.45 29.6 10 12.35 30.05 10 12.84 29.21 10
4 0 12.84 29.21 10 12.35 30.05 10 11.35 29.85 10 12.6 29.07 10
4 0 10.9 28.95 10 12.6 29.07 10 11.35 29.85 10 10.55 29.5 10
4 0 12.48 28.85 10 12.6 29.07 10 10.9 28.95 10 11.3 28.2 10
4 0 12.52 28.56 10 12.48 28.85 10 11.3 28.2 10 11.6 27.25 10
3 0 11.6 27.25 10 12.65 28.37 10 12.52 28.56 10
3 0 13.32 27.56 10 13.12 28.24 10 12.87 28.25 10
3 0 11.6 27.25 10 12.87 28.25 10 12.65 28.37 10
4 0 13.93 27.14 10 13.63 27.15 10 13.75 24.4 10 14 24.45 10
4 0 14.13 27.22 10 13.93 27.14 10 14 24.45 10 14.73 27.2 10
4 0 14.96 27.03 10 14.73 27.2 10 14 24.45 10 14.25 24.35 10
4 0 15.17 26.96 10 14.96 27.03 10 14.25 24.35 10 14.85 24 10
4 0 15.37 26.99 10 15.17 26.96 10 14.85 24 10 15.8 23.35 10
4 0 15.45 27.1 10 15.37 26.99 10 15.8 23.35 10 16.25 22.98 10
3 0 16.25 22.98 10 15.53 27.26 10 15.45 27.1 10
3 0 16.25 22.98 10 16.6 27.92 10 16.36 27.83 10
4 0 15.75 28.96 10 15.66 28.9 10 15.77 28.81 10 16.23 28.78 10
3 0 16.23 28.78 10 16.29 29.04 10 15.75 28.96 10
4 0 16.55 28.62 10 16.63 29.18 10 16.29 29.04 10 16.23 28.78 10
4 0 17.4 29 10 16.8 29.36 10 16.63 29.18 10 16.55 28.62 10
3 0 16.69 28.39 10 17.4 29 10 16.55 28.62 10
3 0 16.72 28.14 10 17.4 29 10 16.69 28.39 10
4 0 16.72 28.14 10 16.6 27.92 10 16.25 22.98 10 17.4 29 10
4 0 6.15 26 10 5.95 25.7 10 6.2 25.55 10 6.95 25.55 10
4 0 6.15 26 10 6.95 25.55 10 6.85 26.85 10 6.05 26.75 10
4 0 6.05 26.75 10 6.85 26.85 10 6.65 27.7 10 6.55 27.95 10
4 0 5.1 27 10 6.05 26.75 10 6.55 27.95 10 5 27.05 10
4 0 4.7 27.65 10 5 27.05 10 6.55 27.95 10 4.65 27.8 10
4 0 4.65 27.8 10 6.55 27.95 10 5.4 28.55 10 5.3 28.55 10
4 0 4.35 27.85 10 4.65 27.8 10 5.3 28.55 10 4.5 28.8 10
4 0 4.1 27.9 10 4.35 27.85 10 4.5 28.8 10 3.7 29 10
4 0 4.1 27.9 10 3.7 29 10 3.45 27.7 10 4.05 27.8 10
4 0 4.05 27.8 10 3.45 27.7 10 3.5 27.45 10 4.3 27.55 10
4 0 4.3 27.55 10 3.5 27.45 10 3.65 27.15 10 3.8 26.9 10
4 0 4.3 27.55 10 3.8 26.9 10 4.1 26.7 10 4.35 26.75 10
4 0 4.3 27.55 10 4.35 26.75 10 4.65 26.9 10 4.8 27 10
4 0 4.7 27.65 10 4.3 27.55 10 4.8 27 10 5 27.05 10
4 0 6.95 25.55 10 6.2 25.55 10 6.25 24.85 10 7 24 10
4 0 6.35 23.95 10 7 24 10 6.25 24.85 10 5.7 24.35 10
4 0 7 24 10 6.35 23.95 10 6.35 23.5 10 6.95 22.4 10
4 0 6.85 20.6 10 6.95 22.4 10 6.35 23.5 10 3.8 19.6 10
3 0 3.8 19.6 10 6.35 23.5 10 6 23.7 10
4 0 3.8 19.6 10 6 23.7 10 5.65 23.9 10 5.2 23.7 10
4 0 3.6 19.7 10 3.8 19.6 10 5.2 23.7 10 4.5 23.4 10
4 0 3.3 19.7 10 3.6 19.7 10 4.5 23.4 10 3.5 23.1 10
4 0 2.5 20 10 3.3 19.7 10 3.5 23.1 10 2.35 20.1 10
4 0 2.35 20.1 10 3.5 23.1 10 2.4 22.85 10 2.15 20.15 10
4 0 2.15 20.15 10 2.4 22.85 10 2.15 23.15 10 1.95 20.1 10
4 0 1.95 20.1 10 2.15 23.15 10 1.85 23.55 10 1.75 19.9 10
4 0 1.75 19.9 10 1.85 23.55 10 1.55 24.05 10 .85 19.5 10
4 0 .6 19.4 10 .85 19.5 10 1.55 24.05 10 1.2 24.7 10
4 0 -3.5 22.1 10 .6 19.4 10 1.2 24.7 10 -3.5 22.35 10
4 0 -4.7 21.6 10 -4.8 21.55 10 -4.7 21.45 10 -4.25 21.35 10
3 0 -4.25 21.35 10 -4.15 21.6 10 -4.7 21.6 10
4 0 -3.95 21.15 10 -3.8 21.7 10 -4.15 21.6 10 -4.25 21.35 10
4 0 -3.8 21.7 10 -3.95 21.15 10 -3.85 20.9 10 -3.6 21.85 10
4 0 -3.6 21.85 10 -3.85 20.9 10 .45 19.15 10 .6 19.4 10
3 0 .6 19.4 10 -3.5 22.1 10 -3.6 21.85 10
4 0 .45 19.15 10 -3.85 20.9 10 -3.85 20.65 10 .45 18.85 10
3 0 .45 18.85 10 -3.85 20.65 10 -4 20.45 10
4 0 .05 17.85 10 .2 18.05 10 -4 20.45 10 -4.25 20.4 10
4 0 .05 17.85 10 -4.25 20.4 10 -1.85 16.05 10 .05 17.55 10
4 0 0 16 10 .15 17.35 10 .05 17.55 10 -1.85 16.05 10
4 0 -3.6 16.25 10 -1.85 16.05 10 -4.25 20.4 10 -4.5 20.45 10
4 0 -5.15 19.95 10 -3.6 16.25 10 -4.5 20.45 10 -5.1 20.2 10
4 0 -5.1 20.2 10 -4.5 20.45 10 -4.85 20.65 10 -5.15 20.5 10
4 0 -5.15 20.5 10 -4.85 20.65 10 -5.1 20.9 10 -5.3 20.75 10
3 0 -5.3 20.75 10 -5.1 20.9 10 -5.25 20.95 10
3 0 -3.6 16.25 10 -5.15 19.95 10 -5.25 19.8 10
4 0 -3.6 16.25 10 -5.25 19.8 10 -5.35 19.7 10 -5.1 16.55 10
4 0 -15.15 17.25 10 -11.8 18.05 10 -12.5 18.4 10 -15.32 18.16 10
4 0 -12.5 18.4 10 -11.8 18.05 10 -11.95 19.5 10 -12.7 19.75 10
3 0 -11.95 19.5 10 -12 20.1 10 -12.7 19.75 10
4 0 -14.3 21.05 10 -14.3 20.8 10 -12 20.1 10 -12.05 20.65 10
4 0 -14.3 21.05 10 -12.05 20.65 10 -14.05 22 10 -14.25 21.85 10
3 0 -14.3 21.05 10 -14.25 21.85 10 -14.4 21.3 10
4 0 -14.05 22 10 -12.05 20.65 10 -12.1 22 10 -13.95 22.25 10
4 0 -13.95 22.25 10 -12.1 22 10 -12.1 23.35 10 -13.95 22.5 10
4 0 -14.1 22.7 10 -13.95 22.5 10 -12.1 23.35 10 -13.45 24.7 10
4 0 -14.1 22.7 10 -13.45 24.7 10 -13.75 24.75 10 -14.55 23.4 10
4 0 -14.55 23.65 10 -14.55 23.4 10 -13.75 24.75 10 -13.95 24.95 10
4 0 -14.65 23.85 10 -14.55 23.65 10 -13.95 24.95 10 -14 25.2 10
4 0 -14.85 23.95 10 -14.65 23.85 10 -14 25.2 10 -14.35 25.95 10
4 0 -14.35 25.95 10 -14 25.2 10 -13.95 25.45 10 -14.1 25.9 10
4 0 -14.1 25.9 10 -13.95 25.45 10 -13.7 25.7 10 -13.9 25.95 10
4 0 -13.9 25.95 10 -13.7 25.7 10 -13.55 25.9 10 -13.7 26.05 10
3 0 -13.55 25.9 10 -13.5 26.05 10 -13.7 26.05 10
4 0 -14.85 23.95 10 -14.35 25.95 10 -14.55 26.1 10 -15.15 23.95 10
4 0 -15.95 24.25 10 -14.55 26.1 10 -14.65 26.3 10 -16.1 24.35 10
4 0 -16.1 24.35 10 -14.65 26.3 10 -14.65 26.6 10 -16.3 24.4 10
4 0 -16.3 24.4 10 -14.65 26.6 10 -17.4 29 10 -16.51 24.34 10
4 0 -13.4 26.9 10 -13.3 26.95 10 -13.35 27.05 10 -13.7 26.95 10
4 0 -13.7 26.95 10 -13.35 27.05 10 -13.55 27.2 10 -13.8 27.25 10
4 0 -14 26.95 10 -13.7 26.95 10 -13.8 27.25 10 -14.05 27.35 10
4 0 -14.25 26.9 10 -14 26.95 10 -14.05 27.35 10 -14.25 27.6 10
4 0 -14.5 26.8 10 -14.25 26.9 10 -14.25 27.6 10 -17.4 29 10
3 0 -14.65 26.6 10 -14.5 26.8 10 -17.4 29 10
4 0 -17.4 29 10 -14.25 27.6 10 -14.25 27.9 10 -17.4 31 10
4 0 -17.4 31 10 -14.25 27.9 10 -14.1 28.15 10 -17.15 31.15 10
4 0 -16.55 31.1 10 -17.15 31.15 10 -14.1 28.15 10 -15.6 30.85 10
4 0 -15.6 30.85 10 -14.1 28.15 10 -13.85 28.25 10 -13.85 30.4 10
4 0 -12.95 28.65 10 -13.85 30.4 10 -13.85 28.25 10 -13 28.4 10
3 0 -13.55 28.2 10 -13 28.4 10 -13.85 28.25 10
4 0 -12.95 28 10 -13 28.4 10 -13.55 28.2 10 -13.25 28 10
4 0 -12.95 28 10 -13.25 28 10 -13.05 27.75 10 -12.75 27.65 10
4 0 -12.75 27.65 10 -13.05 27.75 10 -12.9 27.6 10 -12.8 27.55 10
3 0 -12.95 28.65 10 -12.75 28.85 10 -13.85 30.4 10
4 0 -13.85 30.4 10 -12.75 28.85 10 -12.55 28.9 10 -12.35 30.05 10
4 0 -12.35 30.05 10 -12.55 28.9 10 -12.35 28.85 10 -11.35 29.85 10
4 0 -11.35 29.85 10 -12.35 28.85 10 -12.2 28.75 10 -10.9 28.95 10
3 0 -10.9 28.95 10 -10.55 29.5 10 -11.35 29.85 10
4 0 -10.9 28.95 10 -12.2 28.75 10 -12.1 28.55 10 -11.06 28.65 10
4 0 -11.3 28.2 10 -12.1 28.55 10 -12.06 28.28 10 -11.6 27.25 10
4 0 -11.6 27.25 10 -12.06 28.28 10 -12.35 27.38 10 -12.46 26.96 10
4 0 -12.46 26.96 10 -12.35 27.38 10 -12.4 27.39 10 -12.54 26.94 10
3 0 -12.7 25.88 10 -12.61 26.31 10 -12.66 26.34 10
4 0 -11.6 27.25 10 -12.46 26.96 10 -12.61 26.31 10 -11.73 26.67 10
4 0 -12.61 26.31 10 -12.7 25.88 10 -11.9 25.9 10 -11.73 26.67 10
4 0 -11.9 25.9 10 -12.7 25.88 10 -12.75 25.65 10 -11.95 25.5 10
4 0 -12.05 24.7 10 -12.75 25.65 10 -12.9 25.5 10 -12.95 25.25 10
4 0 -12.05 24.7 10 -12.95 25.25 10 -13.05 24.95 10 -12.1 23.35 10
3 0 -12.1 23.35 10 -13.05 24.95 10 -13.25 24.75 10
3 0 -12.1 23.35 10 -13.25 24.75 10 -13.45 24.7 10
4 0 -4.75 22.55 10 -4.8 22.45 10 -4.7 22.4 10 -4.45 22.45 10
4 0 -4.4 22.8 10 -4.75 22.55 10 -4.45 22.45 10 -4.2 22.55 10
4 0 -4.2 23.05 10 -4.4 22.8 10 -4.2 22.55 10 -3.9 22.6 10
4 0 -4.1 23.25 10 -4.2 23.05 10 -3.9 22.6 10 -3.65 22.55 10
4 0 .95 25.35 10 -4.1 23.25 10 -3.65 22.55 10 -3.5 22.35 10
3 0 -3.5 22.35 10 1.2 24.7 10 .95 25.35 10
4 0 -4.1 23.25 10 .95 25.35 10 .75 25.95 10 -4.1 23.5 10
4 0 -4.1 23.5 10 .75 25.95 10 -.05 26.25 10 -4.2 23.7 10
4 0 -4.2 23.7 10 -.05 26.25 10 -.7 26.55 10 -4.4 23.8 10
3 0 -4.4 23.8 10 -.7 26.55 10 -1.25 26.85 10
4 0 -4.4 23.8 10 -1.25 26.85 10 -1.8 27.25 10 -4.7 23.8 10
4 0 -4.7 23.8 10 -1.8 27.25 10 -5.4 23.9 10 -4.9 23.65 10
4 0 -4.9 23.65 10 -5.4 23.9 10 -5.35 23.55 10 -5.05 23.4 10
4 0 -5.05 23.4 10 -5.35 23.55 10 -5.35 23 10 -5.15 22.95 10
3 0 -5.25 22.9 10 -5.15 22.95 10 -5.35 23 10
4 0 -5.5 24.1 10 -5.4 23.9 10 -1.8 27.25 10 -4.5 28.8 10
4 0 -5.3 28.55 10 -5.85 24.25 10 -5.65 24.2 10 -4.5 28.8 10
3 0 -5.5 24.1 10 -4.5 28.8 10 -5.65 24.2 10
4 0 -3.7 29 10 -4.5 28.8 10 -1.8 27.25 10 -2.9 29.15 10
4 0 -2.9 29.15 10 -1.8 27.25 10 -1.5 27.85 10 -1.9 29.25 10
3 0 -1.5 27.85 10 -1.3 28.2 10 -1.9 29.25 10
3 0 -1.3 28.2 10 -.9 28.2 10 -1.9 29.25 10
4 0 -1.9 29.25 10 -.9 28.2 10 .05 28.2 10 0 29.3 10
4 0 .05 28.2 10 .75 28.2 10 1.9 29.25 10 0 29.3 10
4 0 1.9 29.25 10 .75 28.2 10 1.85 28.15 10 2.9 29.15 10
4 0 2.9 29.15 10 1.85 28.15 10 2.4 28.1 10 3.7 29 10
4 0 3.7 29 10 2.4 28.1 10 3.3 27.7 10 3.45 27.7 10
4 0 3.05 27.5 10 3.3 27.7 10 2.4 28.1 10 2.35 27.75 10
4 0 2.9 27.2 10 3.05 27.5 10 2.35 27.75 10 2.3 27.2 10
4 0 2.9 27 10 2.9 27.2 10 2.3 27.2 10 2.35 26.55 10
4 0 3.1 26.85 10 2.9 27 10 2.35 26.55 10 2.5 25.95 10
4 0 3.45 26.75 10 3.1 26.85 10 2.5 25.95 10 2.7 25.45 10
4 0 3.45 26.75 10 2.7 25.45 10 3 24.95 10 3.75 26.75 10
4 0 3.75 26.75 10 3 24.95 10 4.05 26.6 10 4.1 26.7 10
3 0 4.1 26.7 10 3.8 26.9 10 3.75 26.75 10
4 0 4.05 26.6 10 3 24.95 10 3.15 24.8 10 3.4 24.8 10
4 0 4.05 26.6 10 3.4 24.8 10 4 24.95 10 4.6 25.25 10
4 0 4.85 26.1 10 4.05 26.6 10 4.6 25.25 10 5.1 25.6 10
4 0 4.85 26.1 10 5.1 25.6 10 5.55 26.1 10 5 26.55 10
4 0 5 26.55 10 5.55 26.1 10 6.05 26.75 10 5.1 27 10
4 0 5.7 24.35 10 6.25 24.85 10 5.6 25.3 10 5.2 25 10
4 0 5.05 24.05 10 5.7 24.35 10 5.2 25 10 4.7 24.7 10
4 0 4.15 23.7 10 5.05 24.05 10 4.7 24.7 10 3.95 24.35 10
4 0 4.15 23.7 10 3.95 24.35 10 3.45 24.2 10 3.4 23.45 10
3 0 3.4 23.45 10 3.45 24.2 10 3.1 24.15 10
4 0 3.4 23.45 10 3.1 24.15 10 2.9 24.15 10 2.55 23.25 10
4 0 2.35 23.5 10 2.55 23.25 10 2.9 24.15 10 2.7 24.25 10
4 0 2.2 23.75 10 2.35 23.5 10 2.7 24.25 10 2.45 24.65 10
4 0 1.8 24.4 10 2.2 23.75 10 2.45 24.65 10 2.15 25.3 10
4 0 1.45 25.25 10 1.8 24.4 10 2.15 25.3 10 1.9 25.95 10
4 0 1.25 25.8 10 1.45 25.25 10 1.9 25.95 10 1.8 26.5 10
4 0 1.1 26.3 10 1.25 25.8 10 1.8 26.5 10 1.75 26.95 10
4 0 1.1 26.3 10 1.75 26.95 10 1.05 27.05 10 .35 26.5 10
4 0 .35 26.5 10 1.05 27.05 10 .55 27.15 10 -.15 26.7 10
4 0 -.15 26.7 10 .55 27.15 10 0 27.35 10 -.8 27.05 10
4 0 -.8 27.05 10 0 27.35 10 -.3 27.55 10 -1.25 27.35 10
4 0 -1.25 27.35 10 -.3 27.55 10 -.35 27.7 10 -1.1 27.75 10
4 0 -1.1 27.75 10 -.35 27.7 10 -.3 27.85 10 -.9 28.2 10
3 0 -.3 27.85 10 .05 28.2 10 -.9 28.2 10
4 0 1.25 27.55 10 1.75 27.5 10 1.8 27.85 10 .75 28.2 10
3 0 1.8 27.85 10 1.85 28.15 10 .75 28.2 10
4 0 .75 27.65 10 1.25 27.55 10 .75 28.2 10 .5 27.8 10
3 0 .5 27.8 10 .75 28.2 10 .45 27.9 10
4 16 19 29 10 17.4 29 10 16.25 22.98 10 17 20 10
3 16 17 20 10 16.25 22.98 10 16.16 22.53 10
3 16 17 20 10 16.16 22.53 10 16.01 21.76 10
3 16 17 20 10 16.01 21.76 10 15.85 20.89 10
3 16 15.46 18.84 10 17 20 10 15.85 20.89 10
3 16 15.27 17.88 10 17 20 10 15.46 18.84 10
4 16 17 20 10 15.27 17.88 10 15.15 17.25 10 14.345 2 10
3 16 14.345 2 10 19 29 10 17 20 10
4 16 -17 20 10 -14.345 2 10 -15.15 17.25 10 -15.32 18.16 10
3 16 -15.32 18.16 10 -15.48 18.96 10 -17 20 10
3 16 -15.48 18.96 10 -15.67 19.99 10 -17 20 10
3 16 -15.67 19.99 10 -15.94 21.36 10 -17 20 10
3 16 -17 20 10 -15.94 21.36 10 -16.01 21.76 10
3 16 -17 20 10 -16.01 21.76 10 -16.15 22.47 10
4 16 -17 20 10 -16.15 22.47 10 -16.23 22.87 10 -19 29 10
3 16 -16.23 22.87 10 -16.51 24.34 10 -19 29 10
3 16 -16.51 24.34 10 -17.4 29 10 -19 29 10
3 16 -14.345 2 10 -17 20 10 -19 29 10
4 16 -8.94 19.3 10 -8.62 19.12 10 -8.57 19.3 10 -8.62 19.49 10
4 16 -8.94 19.3 10 -8.62 19.49 10 -8.75 19.63 10 -8.94 19.68 10
4 16 -8.94 19.3 10 -8.94 19.68 10 -9.13 19.63 10 -9.26 19.49 10
4 16 -8.94 19.3 10 -9.26 19.49 10 -9.31 19.3 10 -9.26 19.12 10
4 16 -8.94 19.3 10 -9.26 19.12 10 -9.13 18.98 10 -8.94 18.93 10
4 16 -8.94 19.3 10 -8.94 18.93 10 -8.75 18.98 10 -8.62 19.12 10
4 16 -10.39 18.6 10 -10.54 18.35 10 -9.54 18.4 10 -9.69 18.65 10
4 16 -10.39 18.6 10 -9.69 18.65 10 -9.89 18.75 10 -10.19 18.75 10
4 16 -9.99 19.65 10 -9.64 20.15 10 -9.99 20.55 10 -10.29 19.45 10
4 16 -10.59 19.35 10 -10.29 19.45 10 -9.99 20.55 10 -10.79 19.4 10
4 16 -11.14 19.55 10 -10.79 19.4 10 -9.99 20.55 10 -11.04 20.2 10
4 16 -11.04 20.2 10 -9.99 20.55 10 -10.44 20.6 10 -10.99 20.55 10
3 16 -11.14 19.55 10 -11.04 20.2 10 -11.14 20 10
4 16 -8.99 20.45 10 -8.29 20.4 10 -8.19 20.55 10 -9.39 20.9 10
4 16 -9.39 20.9 10 -8.19 20.55 10 -8.19 21.35 10 -8.29 21.5 10
4 16 -9.39 20.9 10 -8.29 21.5 10 -8.54 21.65 10 -9.39 21.35 10
4 16 -9.29 21.55 10 -9.39 21.35 10 -8.54 21.65 10 -9.14 21.65 10
4 16 -7.29 17.8 10 -7.34 18.25 10 -7.74 18.3 10 -7.8 17.8 10
4 16 -8.74 17.95 10 -8.73 17.82 10 -7.74 18.3 10 -7.89 18.4 10
4 16 -8.74 17.95 10 -7.89 18.4 10 -8.44 18.3 10 -8.84 18.15 10
3 16 -8.44 18.3 10 -7.89 18.4 10 -7.99 18.5 10
4 16 -7.89 19.75 10 -7.89 19.3 10 -6.75 19.35 10 -7.64 20 10
4 16 -7.49 20.2 10 -7.64 20 10 -6.75 19.35 10 -7.09 20.4 10
3 16 -7.49 20.2 10 -7.09 20.4 10 -7.39 20.45 10
3 16 -6.75 19.35 10 -6.84 20.4 10 -7.09 20.4 10
4 82 -6.94 19.25 10 -7.19 19.1 10 -7.34 18.25 10 -6.85 17.8 10
4 82 -7.34 18.25 10 -7.19 19.1 10 -7.44 19.05 10 -7.74 18.3 10
4 82 -7.89 18.4 10 -7.74 18.3 10 -7.44 19.05 10 -7.74 19.1 10
4 82 -7.99 18.5 10 -7.89 18.4 10 -7.74 19.1 10 -7.89 19.3 10
4 82 -7.99 18.5 10 -7.89 19.3 10 -8.62 19.12 10 -8.44 18.3 10
4 82 -8.44 18.3 10 -8.62 19.12 10 -8.75 18.98 10 -8.84 18.15 10
4 82 -8.84 18.15 10 -8.75 18.98 10 -8.94 18.93 10 -9.54 18.4 10
4 82 -8.84 18.15 10 -9.54 18.4 10 -9.49 17.83 10 -8.74 17.95 10
4 82 -11.6 18.03 10 -10.58 17.92 10 -10.54 18.35 10 -10.79 19.4 10
4 82 -8.57 19.3 10 -8.62 19.12 10 -7.89 19.3 10 -7.89 19.75 10
4 82 -8.62 19.49 10 -8.57 19.3 10 -7.89 19.75 10 -8.29 20.4 10
3 82 -8.62 19.49 10 -8.29 20.4 10 -8.75 19.63 10
4 82 -8.94 19.68 10 -8.75 19.63 10 -8.29 20.4 10 -8.99 20.45 10
4 82 -8.94 19.68 10 -8.99 20.45 10 -9.64 20.15 10 -9.13 19.63 10
4 82 -9.26 19.49 10 -9.13 19.63 10 -9.64 20.15 10 -9.99 19.65 10
4 82 -9.31 19.3 10 -9.26 19.49 10 -9.99 19.65 10 -9.89 18.75 10
4 82 -9.89 18.75 10 -9.99 19.65 10 -10.29 19.45 10 -10.19 18.75 10
4 82 -10.19 18.75 10 -10.29 19.45 10 -10.59 19.35 10 -10.39 18.6 10
4 82 -10.39 18.6 10 -10.59 19.35 10 -10.79 19.4 10 -10.54 18.35 10
4 82 -9.54 18.4 10 -8.94 18.93 10 -9.13 18.98 10 -9.69 18.65 10
4 82 -9.69 18.65 10 -9.13 18.98 10 -9.26 19.12 10 -9.89 18.75 10
3 82 -9.89 18.75 10 -9.26 19.12 10 -9.31 19.3 10
4 82 -8.29 20.4 10 -7.89 19.75 10 -7.64 20 10 -7.49 20.2 10
4 82 -8.29 20.4 10 -7.49 20.2 10 -7.39 20.45 10 -8.19 20.55 10
3 82 -7.39 20.45 10 -8.19 21.35 10 -8.19 20.55 10
4 82 -9.64 20.15 10 -8.99 20.45 10 -9.39 20.9 10 -9.99 20.55 10
4 82 -9.99 20.55 10 -9.39 20.9 10 -9.39 21.35 10 -10.44 20.6 10
4 82 -10.44 20.6 10 -9.39 21.35 10 -9.29 21.55 10 -10.99 20.55 10
4 82 -8.19 21.35 10 -7.39 20.45 10 -7.09 20.4 10 -6.84 20.4 10
4 82 -8.19 21.35 10 -6.84 20.4 10 -6.85 20.6 10 -8.29 21.5 10
4 16 -11.03 27.57 10 -10.93 27.22 10 -10.76 27.31 10 -10.67 27.48 10
4 16 -11.03 27.57 10 -10.67 27.48 10 -10.67 27.67 10 -10.76 27.84 10
4 16 -11.03 27.57 10 -10.76 27.84 10 -10.93 27.93 10 -11.12 27.93 10
4 16 -11.03 27.57 10 -11.12 27.93 10 -11.29 27.84 10 -11.39 27.67 10
4 16 -11.03 27.57 10 -11.39 27.67 10 -11.39 27.48 10 -11.29 27.31 10
4 16 -11.03 27.57 10 -11.29 27.31 10 -11.12 27.22 10 -10.93 27.22 10
4 16 -10.25 28.42 10 -9.79 27.89 10 -9.61 27.93 10 -10.21 29.02 10
4 16 -10.21 29.02 10 -9.61 27.93 10 -9.05 28.49 10 -9.01 28.67 10
4 16 -10.21 29.02 10 -9.01 28.67 10 -9.08 28.95 10 -9.9 29.34 10
4 16 -10.94 25.33 10 -10.64 25.7 10 -10.89 26.02 10 -11.7 25.5 10
4 16 -10.92 26.2 10 -10.92 26.34 10 -11.38 26.51 10 -11.7 25.5 10
4 16 -9.93 26.2 10 -9.65 26.13 10 -8.89 26.61 10 -10.14 26.34 10
4 16 -10.32 26.59 10 -10.14 26.34 10 -8.89 26.61 10 -10.28 26.83 10
4 16 -9.97 27.15 10 -10.28 26.83 10 -8.89 26.61 10 -9.61 27.15 10
4 16 -9.36 27.19 10 -9.61 27.15 10 -8.89 26.61 10 -8.94 27.04 10
3 16 -8.94 27.04 10 -9.12 27.29 10 -9.36 27.19 10
3 16 -8.89 26.61 10 -8.76 26.87 10 -8.94 27.04 10
4 82 -10.64 25.7 10 -10.94 25.33 10 -9.65 26.13 10 -9.93 26.2 10
4 82 -10.64 25.7 10 -9.93 26.2 10 -10.14 26.34 10 -10.89 26.02 10
4 82 -10.92 26.2 10 -10.89 26.02 10 -10.14 26.34 10 -10.32 26.59 10
4 82 -10.92 26.34 10 -10.92 26.2 10 -10.32 26.59 10 -10.28 26.83 10
4 82 -10.92 26.34 10 -10.28 26.83 10 -10.93 27.22 10 -11.38 26.51 10
3 82 -11.38 26.51 10 -10.93 27.22 10 -11.12 27.22 10
4 82 -10.76 27.31 10 -10.93 27.22 10 -10.28 26.83 10 -9.97 27.15 10
4 82 -10.67 27.48 10 -10.76 27.31 10 -9.97 27.15 10 -9.79 27.89 10
3 82 -10.67 27.48 10 -9.79 27.89 10 -10.67 27.67 10
4 82 -10.76 27.84 10 -10.67 27.67 10 -9.79 27.89 10 -10.25 28.42 10
4 82 -10.76 27.84 10 -10.25 28.42 10 -10.92 28.67 10 -10.93 27.93 10
4 82 -11.12 27.93 10 -10.93 27.93 10 -10.92 28.67 10 -11.06 28.65 10
4 82 -9.79 27.89 10 -9.97 27.15 10 -9.61 27.15 10 -9.36 27.19 10
4 82 -9.79 27.89 10 -9.36 27.19 10 -9.12 27.29 10 -9.61 27.93 10
3 82 -9.12 27.29 10 -9.05 28.49 10 -9.61 27.93 10
4 82 -10.92 28.67 10 -10.25 28.42 10 -10.21 29.02 10 -10.9 28.95 10
4 82 -9.05 28.49 10 -9.12 27.29 10 -8.94 27.04 10 -8.76 26.87 10
4 82 -9.05 28.49 10 -8.76 26.87 10 -6.65 27.7 10 -9.01 28.67 10
4 16 -9.1 26.3 10 -8.89 26.61 10 -9.65 26.13 10 -9.3 26.1 10
4 16 -11.5 25.4 10 -11.2 25.3 10 -10.94 25.33 10 -11.7 25.5 10
3 82 -6.65 27.7 10 -6.55 27.95 10 -9.01 28.67 10
3 82 -6.6 28.15 10 -9.08 28.95 10 -9.01 28.67 10
3 82 -6.6 28.15 10 -9.35 29.22 10 -9.08 28.95 10
4 82 -6.85 26.85 10 -6.65 27.7 10 -8.76 26.87 10 -8.89 26.61 10
4 82 -6.95 25.55 10 -6.85 26.85 10 -8.89 26.61 10 -9.1 26.3 10
4 82 -7 24 10 -6.95 25.55 10 -9.1 26.3 10 -9.3 26.1 10
4 82 -9.3 26.1 10 -9.65 26.13 10 -10.94 25.33 10 -7 24 10
4 82 -12.1 23.35 10 -7 24 10 -10.94 25.33 10 -11.2 25.3 10
4 82 -12.05 24.7 10 -12.1 23.35 10 -11.2 25.3 10 -11.5 25.4 10
4 82 -12.05 24.7 10 -11.5 25.4 10 -11.7 25.5 10 -11.95 25.5 10
4 82 -8.54 21.65 10 -8.29 21.5 10 -6.95 22.4 10 -7 24 10
4 82 -9.14 21.65 10 -8.54 21.65 10 -7 24 10 -12.1 23.35 10
4 82 -9.29 21.55 10 -9.14 21.65 10 -12.1 23.35 10 -12.1 22 10
4 82 -10.99 20.55 10 -9.29 21.55 10 -12.1 22 10 -12.05 20.65 10
4 82 -11.04 20.2 10 -10.99 20.55 10 -12.05 20.65 10 -11.14 20 10
4 82 -11.14 20 10 -12.05 20.65 10 -12 20.1 10 -11.14 19.55 10
4 82 -11.14 19.55 10 -12 20.1 10 -11.95 19.5 10 -11.8 18.05 10
4 82 -11.14 19.55 10 -11.8 18.05 10 -11.6 18.03 10 -10.79 19.4 10
4 16 -7.44 19.05 10 -7.19 19.1 10 -6.94 19.25 10 -7.74 19.1 10
4 16 -7.89 19.3 10 -7.74 19.1 10 -6.94 19.25 10 -6.75 19.35 10
4 82 -6.65 18.2 10 -6.75 19.35 10 -6.94 19.25 10 -6.85 17.8 10
4 82 -6.65 17.95 10 -6.65 18.2 10 -6.85 17.8 10 -6.7 17.85 10
3 82 -7.29 17.8 10 -6.85 17.8 10 -7.34 18.25 10
4 16 -10.18 17.88 10 -9.49 17.83 10 -9.54 18.4 10 -10.54 18.35 10
3 16 -10.18 17.88 10 -10.54 18.35 10 -10.58 17.92 10
3 82 -8.73 17.82 10 -8.74 17.95 10 -9.49 17.83 10
3 16 -7.8 17.8 10 -7.74 18.3 10 -8.73 17.82 10
3 0 -6.55 17.1 10 -6.85 17.8 10 -7.29 17.8 10
3 0 -8.05 17.1 10 -7.8 17.8 10 -8.73 17.82 10
3 0 -10.45 17.25 10 -9.49 17.83 10 -10.18 17.88 10
4 0 -10.45 17.25 10 -10.18 17.88 10 -10.58 17.92 10 -11.7 17.3 10
3 82 -6.85 20.6 10 -6.95 22.4 10 -8.29 21.5 10
4 16 -9.9 29.34 10 -9.08 28.95 10 -9.35 29.22 10 -9.77 29.38 10
3 16 -11.06 28.65 10 -10.92 28.67 10 -10.9 28.95 10
4 82 -10.55 29.5 10 -10.9 28.95 10 -10.21 29.02 10 -10.4 29.55 10
4 82 -10.2 29.55 10 -10.4 29.55 10 -10.21 29.02 10 -9.9 29.34 10
3 82 -9.9 29.34 10 -9.77 29.38 10 -10.2 29.55 10
4 0 -9.35 29.22 10 -6.6 28.15 10 -6.35 28.95 10 -10.45 30.75 10
3 0 -9.35 29.22 10 -10.45 30.75 10 -9.77 29.38 10
3 0 -9.77 29.38 10 -10.45 30.75 10 -10.2 29.55 10
4 82 -11.38 26.51 10 -11.12 27.22 10 -11.29 27.31 10 -11.73 26.67 10
4 82 -11.6 27.25 10 -11.73 26.67 10 -11.29 27.31 10 -11.39 27.48 10
3 82 -11.6 27.25 10 -11.39 27.48 10 -11.39 27.67 10
4 82 -11.3 28.2 10 -11.29 27.84 10 -11.12 27.93 10 -11.06 28.65 10
3 82 -11.39 27.67 10 -11.29 27.84 10 -11.3 28.2 10
3 82 -11.6 27.25 10 -11.39 27.67 10 -11.3 28.2 10
4 16 -11.9 25.9 10 -11.95 25.5 10 -11.7 25.5 10 -11.38 26.51 10
3 16 -11.9 25.9 10 -11.38 26.51 10 -11.73 26.67 10
3 16 -11.7 25.5 10 -10.89 26.02 10 -10.92 26.2 10
3 0 -11.3 28.2 10 -11.06 28.65 10 -12.1 28.55 10
3 0 -12.05 24.7 10 -11.95 25.5 10 -12.75 25.65 10