0 Sail  6 x 12 Triangular with Palm Tree and Vertical Pink Gradient Stripes Pattern (Formed Left Convex)
0 Name: u66p03c02.dat
0 Author: Takeshi Takahashi [RainbowDolphin]
0 !LDRAW_ORG Part UPDATE 2026-07
0 !LICENSE Licensed under CC BY 4.0 : see CAreadme.txt

0 BFC CERTIFY CCW

0 !CATEGORY Sheet Plastic
0 !KEYWORDS Bricklink x66px9, Brickowl 147273, Paradisa
0 !KEYWORDS Rebrickable upn0306pr0008, Sail, Set 6401, Set 6410, Set 6411
0 !KEYWORDS Surfboard

0 !HISTORY 2026-07-30 [OrionP] Official Update 2026-07

1 16 0 0 0 -1 0 0 0 1 0 0 0 1 s\u66c01s01.dat
1 16 0 0 0 -1 0 0 0 1 0 0 0 1 s\u66c01s03.dat
3 16 24.379 -50.646 1.562 23.966 -43.5693 1.7601 23.852 -43.139 2.791
3 16 23.966 -43.5693 1.7601 23.9275 -42.9766 1.7767 23.852 -43.139 2.791
3 16 24.379 -50.646 1.562 23.319 -44.437 10.852 23.5783 -48.4575 10.1953
3 16 24.379 -50.646 1.562 23.852 -43.139 2.791 23.319 -44.437 10.852
4 16 23.852 -43.139 2.791 23.9275 -42.9766 1.7767 23.3938 -36.5114 1.9577 23.143 -35.646 4.037
3 16 23.2866 -35.3187 1.9911 23.143 -35.646 4.037 23.3938 -36.5114 1.9577
3 16 22.882 -45.741 18.904 22.9794 -47.3677 18.6388 23.1593 -47.6086 16.1102
3 16 23.1593 -47.6086 16.1102 23.319 -44.437 10.852 22.882 -45.741 18.904
3 16 23.5783 -48.4575 10.1953 23.319 -44.437 10.852 23.4397 -48 12
3 16 23.4397 -48 12 23.319 -44.437 10.852 23.1593 -47.6086 16.1102
3 16 23.319 -44.437 10.852 23.852 -43.139 2.791 22.654 -36.945 12.094
3 16 23.852 -43.139 2.791 23.143 -35.646 4.037 22.654 -36.945 12.094
3 16 22.247 -38.252 20.144 23.319 -44.437 10.852 22.654 -36.945 12.094
4 16 23.143 -35.646 4.037 23.2866 -35.3187 1.9911 22.5584 -29.1968 2.829 22.233 -28.172 5.301
3 16 22.5584 -29.1968 2.829 22.3817 -27.8089 3.0273 22.233 -28.172 5.301
3 16 22.656 -47.002 22.4794 21.852 -39.568 28.194 22.3436 -46.5672 27.0441
4 16 22.9794 -47.3677 18.6388 22.882 -45.741 18.904 21.852 -39.568 28.194 22.656 -47.002 22.4794
3 16 22.3436 -46.5672 27.0441 21.852 -39.568 28.194 22.1824 -46.24 30.4806
3 16 22.882 -45.741 18.904 22.247 -38.252 20.144 21.852 -39.568 28.194
3 16 21.785 -29.473 13.354 22.654 -36.945 12.094 23.143 -35.646 4.037
3 16 23.143 -35.646 4.037 22.233 -28.172 5.301 21.785 -29.473 13.354
3 16 21.852 -39.568 28.194 22.1266 -46.1678 31.238 22.1824 -46.24 30.4806
3 16 22.247 -38.252 20.144 22.654 -36.945 12.094 21.402 -30.786 21.402
3 16 22.654 -36.945 12.094 21.785 -29.473 13.354 21.402 -30.786 21.402
3 16 22.3817 -27.8089 3.0273 21.4828 -21.8431 3.8796 21.092 -20.728 6.585
3 16 22.233 -28.172 5.301 22.3817 -27.8089 3.0273 21.092 -20.728 6.585
3 16 21.4828 -21.8431 3.8796 21.3482 -21 4 21.092 -20.728 6.585
3 16 21.4865 -46.2827 39.5031 21.9339 -46.0231 33.5321 21.083 -41.563 40.288
3 16 22.1266 -46.1678 31.238 21.852 -39.568 28.194 21.631 -40.231 32.222
3 16 21.631 -40.231 32.222 21.9339 -46.0231 33.5321 22.1266 -46.1678 31.238
3 16 21.9339 -46.0231 33.5321 21.631 -40.231 32.222 21.083 -41.563 40.288
3 16 21.852 -39.568 28.194 22.247 -38.252 20.144 21.011 -32.113 29.452
3 16 22.247 -38.252 20.144 21.402 -30.786 21.402 21.011 -32.113 29.452
3 16 21.631 -40.231 32.222 21.852 -39.568 28.194 20.786 -32.782 33.481
3 16 21.852 -39.568 28.194 21.011 -32.113 29.452 20.786 -32.782 33.481
3 16 21.0947 -46.4619 43.6242 21.3285 -46.3532 41.1245 20.723 -42.232 44.329
4 16 20.723 -42.232 44.329 21.3285 -46.3532 41.1245 21.4865 -46.2827 39.5031 21.083 -41.563 40.288
3 16 21.092 -20.728 6.585 20.681 -22.032 14.635 22.233 -28.172 5.301
3 16 21.402 -30.786 21.402 21.785 -29.473 13.354 20.315 -23.355 22.682
3 16 21.785 -29.473 13.354 20.681 -22.032 14.635 20.315 -23.355 22.682
3 16 20.6174 -46.6415 47.754 20.8681 -46.5451 45.5378 20.277 -42.904 48.379
4 16 20.277 -42.904 48.379 20.8681 -46.5451 45.5378 21.0947 -46.4619 43.6242 20.723 -42.232 44.329
3 16 21.083 -41.563 40.288 21.631 -40.231 32.222 20.213 -34.132 41.549
3 16 21.631 -40.231 32.222 20.786 -32.782 33.481 20.213 -34.132 41.549
3 16 21.011 -32.113 29.452 21.402 -30.786 21.402 19.92 -24.698 30.733
3 16 21.402 -30.786 21.402 20.315 -23.355 22.682 19.92 -24.698 30.733
3 16 19.833 -34.812 45.593 20.723 -42.232 44.329 21.083 -41.563 40.288
3 16 21.083 -41.563 40.288 20.213 -34.132 41.549 19.833 -34.812 45.593
3 16 20.0217 -46.8215 51.8955 20.2915 -46.7376 49.9641 19.711 -43.578 52.44
4 16 19.711 -43.578 52.44 20.2915 -46.7376 49.9641 20.6174 -46.6415 47.754 20.277 -42.904 48.379
3 16 20.786 -32.782 33.481 21.011 -32.113 29.452 19.686 -25.377 34.762
3 16 19.92 -24.698 30.733 19.686 -25.377 34.762 21.011 -32.113 29.452
3 16 20.277 -42.904 48.379 20.723 -42.232 44.329 19.357 -35.495 49.645
3 16 20.723 -42.232 44.329 19.833 -34.812 45.593 19.357 -35.495 49.645
3 16 20.681 -22.032 14.635 21.092 -20.728 6.585 20.3295 -20.1564 14.9664
3 16 20.213 -34.132 41.549 20.786 -32.782 33.481 19.081 -26.748 42.834
3 16 20.786 -32.782 33.481 19.686 -25.377 34.762 19.081 -26.748 42.834
3 16 19.2558 -47.0064 56.0542 19.5469 -46.9308 54.4085 18.972 -44.253 56.519
4 16 18.972 -44.253 56.519 19.5469 -46.9308 54.4085 20.0217 -46.8215 51.8955 19.711 -43.578 52.44
3 16 20.315 -23.355 22.682 20.681 -22.032 14.635 20.1076 -20.0396 17.7136
3 16 20.315 -23.355 22.682 20.1076 -20.0396 17.7136 19.7535 -20.3453 23.2149
3 16 20.681 -22.032 14.635 20.3295 -20.1564 14.9664 20.1531 -20 17
3 16 20.681 -22.032 14.635 20.1531 -20 17 20.1076 -20.0396 17.7136
3 16 19.711 -43.578 52.44 20.277 -42.904 48.379 18.749 -36.18 53.711
3 16 19.357 -35.495 49.645 18.749 -36.18 53.711 20.277 -42.904 48.379
3 16 18.675 -27.44 46.88 19.833 -34.812 45.593 20.213 -34.132 41.549
3 16 20.213 -34.132 41.549 19.081 -26.748 42.834 18.675 -27.44 46.88
4 16 20.315 -23.355 22.682 19.4863 -20.5576 27.0363 19.1857 -20.8014 31.4254 19.92 -24.698 30.733
3 16 20.315 -23.355 22.682 19.7535 -20.3453 23.2149 19.4863 -20.5576 27.0363
4 16 18.8806 -21.1473 35.5155 19.686 -25.377 34.762 19.92 -24.698 30.733 18.9972 -20.9306 33.7507
3 16 19.92 -24.698 30.733 19.1857 -20.8014 31.4254 18.9972 -20.9306 33.7507
3 16 19.357 -35.495 49.645 19.833 -34.812 45.593 18.165 -28.135 50.935
3 16 18.675 -27.44 46.88 18.165 -28.135 50.935 19.833 -34.812 45.593
3 16 18.2716 -47.4924 60.1852 18.6027 -47.3204 58.723 17.98 -44.929 60.621
4 16 17.98 -44.929 60.621 18.6027 -47.3204 58.723 19.2558 -47.0064 56.0542 18.972 -44.253 56.519
3 16 18.972 -44.253 56.519 19.711 -43.578 52.44 17.949 -36.867 57.795
3 16 19.711 -43.578 52.44 18.749 -36.18 53.711 17.949 -36.867 57.795
4 16 19.3219 -11 6 18.3228 -6.9222 6.9595 17.914 -6.007 9.232 19.0704 -10.8191 8.3522
3 16 18.3228 -6.9222 6.9595 18.0083 -5.6926 7.2488 17.914 -6.007 9.232
3 16 19.081 -26.748 42.834 19.686 -25.377 34.762 18.6348 -22.3135 39.5972
3 16 19.081 -26.748 42.834 18.6348 -22.3135 39.5972 18.4261 -23.4092 43.4323
3 16 18.8806 -21.1473 35.5155 18.6348 -22.3135 39.5972 19.686 -25.377 34.762
3 16 18.2374 -10.1725 16.7576 18.6841 -10.5157 12.2953 17.564 -7.33 17.277
4 16 17.564 -7.33 17.277 18.6841 -10.5157 12.2953 19.0704 -10.8191 8.3522 17.914 -6.007 9.232
3 16 17.509 -28.834 55.006 18.749 -36.18 53.711 19.357 -35.495 49.645
3 16 19.357 -35.495 49.645 18.165 -28.135 50.935 17.509 -28.834 55.006
4 16 18.095 -24.5431 47.4009 18.675 -27.44 46.88 19.081 -26.748 42.834 18.2757 -23.8984 45.1443
3 16 19.081 -26.748 42.834 18.4261 -23.4092 43.4323 18.2757 -23.8984 45.1443
3 16 17.6978 -10.7435 24.9476 17.8258 -10.4447 22.5574 17.211 -8.69 25.324
3 16 18.0166 -10 19 18.2374 -10.1725 16.7576 17.564 -7.33 17.277
4 16 18.0166 -10 19 17.564 -7.33 17.277 17.211 -8.69 25.324 17.8258 -10.4447 22.5574
3 16 17.98 -44.929 60.621 18.972 -44.253 56.519 16.866 -37.556 61.906
3 16 18.972 -44.253 56.519 17.949 -36.867 57.795 16.866 -37.556 61.906
3 16 16.794 -10.081 33.377 17.1959 -11.7585 33.0682 17.3145 -11.5123 31.0985
3 16 17.3145 -11.5123 31.0985 17.211 -8.69 25.324 16.794 -10.081 33.377
3 16 17.3145 -11.5123 31.0985 17.6978 -10.7435 24.9476 17.211 -8.69 25.324
4 16 17.6601 -25.6797 51.379 18.165 -28.135 50.935 18.675 -27.44 46.88 17.9223 -24.9695 48.8931
3 16 18.675 -27.44 46.88 18.095 -24.5431 47.4009 17.9223 -24.9695 48.8931
3 16 17.949 -36.867 57.795 18.749 -36.18 53.711 16.638 -29.534 59.097
3 16 17.509 -28.834 55.006 16.638 -29.534 59.097 18.749 -36.18 53.711
3 16 16.9385 -47.9822 64.3491 17.3542 -47.8214 62.9818 16.634 -45.606 64.757
4 16 16.634 -45.606 64.757 17.3542 -47.8214 62.9818 18.2716 -47.4924 60.1852 17.98 -44.929 60.621
3 16 17.0035 -12.714 37.0529 17.0242 -12.3831 36.1013 16.538 -10.786 37.409
3 16 17.0242 -12.3831 36.1013 17.1959 -11.7585 33.0682 16.794 -10.081 33.377
3 16 17.0242 -12.3831 36.1013 16.794 -10.081 33.377 16.538 -10.786 37.409
4 16 17.0795 -26.8205 55.3718 17.509 -28.834 55.006 18.165 -28.135 50.935 17.4627 -26.043 52.6504
3 16 18.165 -28.135 50.935 17.6601 -25.6797 51.379 17.4627 -26.043 52.6504
3 16 16.6606 -15.439 44.8871 16.7795 -14.4106 41.9304 15.864 -12.211 45.487
4 16 15.864 -12.211 45.487 16.7795 -14.4106 41.9304 17.0035 -12.714 37.0529 16.538 -10.786 37.409
4 16 18.0083 -5.6926 7.2488 16.1093 .4414 8.6921 15.714 1.195 10.609 17.914 -6.007 9.232
3 16 16.1093 .4414 8.6921 15.7814 1.4604 8.9319 15.714 1.195 10.609
3 16 15.455 -30.237 63.217 16.866 -37.556 61.906 17.949 -36.867 57.795
3 16 15.455 -30.237 63.217 17.949 -36.867 57.795 16.638 -29.534 59.097
3 16 15.415 -38.246 66.05 16.634 -45.606 64.757 17.98 -44.929 60.621
3 16 15.415 -38.246 66.05 17.98 -44.929 60.621 16.866 -37.556 61.906
3 16 16.377 -16.8052 48.8149 16.5089 -16.1327 46.8816 15.405 -12.93 49.538
4 16 15.405 -12.93 49.538 16.5089 -16.1327 46.8816 16.6606 -15.439 44.8871 15.864 -12.211 45.487
3 16 17.564 -7.33 17.277 17.914 -6.007 9.232 15.393 -.147 18.653
3 16 17.914 -6.007 9.232 15.714 1.195 10.609 15.393 -.147 18.653
3 16 17.564 -7.33 17.277 15.053 -1.533 26.699 17.211 -8.69 25.324
3 16 17.564 -7.33 17.277 15.393 -.147 18.653 15.053 -1.533 26.699
3 16 16.638 -29.534 59.097 17.509 -28.834 55.006 16.8784 -27.178 56.3738
3 16 16.638 -29.534 59.097 16.8784 -27.178 56.3738 16.4196 -28.5597 59.2753
3 16 16.8784 -27.178 56.3738 17.509 -28.834 55.006 17.0795 -26.8205 55.3718
3 16 15.2921 -48.4746 68.5337 15.7827 -48.325 67.2625 14.997 -46.282 68.911
4 16 14.997 -46.282 68.911 15.7827 -48.325 67.2625 16.9385 -47.9822 64.3491 16.634 -45.606 64.757
3 16 15.9819 -18.1751 52.7534 16.1993 -17.3867 50.4867 14.823 -13.651 53.601
4 16 14.823 -13.651 53.601 16.1993 -17.3867 50.4867 16.377 -16.8052 48.8149 15.405 -12.93 49.538
3 16 14.639 -2.95 34.752 16.794 -10.081 33.377 17.211 -8.69 25.324
3 16 17.211 -8.69 25.324 15.053 -1.533 26.699 14.639 -2.95 34.752
3 16 16.794 -10.081 33.377 14.381 -3.667 38.783 16.538 -10.786 37.409
3 16 16.794 -10.081 33.377 14.639 -2.95 34.752 14.381 -3.667 38.783
3 16 15.4267 -19.55 56.7062 15.7791 -18.6436 54.1004 14.06 -14.375 57.681
4 16 14.06 -14.375 57.681 15.7791 -18.6436 54.1004 15.9819 -18.1751 52.7534 14.823 -13.651 53.601
3 16 15.415 -38.246 66.05 16.866 -37.556 61.906 14.3858 -31.9973 66.4943
3 16 15.415 -38.246 66.05 14.3858 -31.9973 66.4943 14.1927 -32.2964 67.1225
3 16 15.455 -30.237 63.217 14.3858 -31.9973 66.4943 16.866 -37.556 61.906
3 16 14.997 -46.282 68.911 16.634 -45.606 64.757 13.758 -38.936 70.204
3 16 15.415 -38.246 66.05 13.758 -38.936 70.204 16.634 -45.606 64.757
3 16 15.455 -30.237 63.217 16.638 -29.534 59.097 16.3003 -28.7758 59.7293
3 16 13.886 -23.6739 64.4293 13.9508 -23.5016 64.1277 13.722 -22.988 64.556
3 16 16.638 -29.534 59.097 16.4196 -28.5597 59.2753 16.3003 -28.7758 59.7293
3 16 13.9508 -23.5016 64.1277 14.3161 -22.6578 62.6511 13.722 -22.988 64.556
3 16 13.691 -5.115 46.863 15.864 -12.211 45.487 16.538 -10.786 37.409
3 16 16.538 -10.786 37.409 14.381 -3.667 38.783 13.691 -5.115 46.863
3 16 13.32 -46.958 73.066 13.589 -48.967 72.7199 14.0652 -48.8297 71.5523
4 16 13.32 -46.958 73.066 14.0652 -48.8297 71.5523 15.2921 -48.4746 68.5337 14.997 -46.282 68.911
3 16 13.214 -5.843 50.916 15.405 -12.93 49.538 15.864 -12.211 45.487
3 16 15.864 -12.211 45.487 13.691 -5.115 46.863 13.214 -5.843 50.916
3 16 14.7895 -21.473 60.5777 15.2078 -19.9046 57.7258 13.031 -15.101 61.787
4 16 13.031 -15.101 61.787 15.2078 -19.9046 57.7258 15.4267 -19.55 56.7062 14.06 -14.375 57.681
3 16 13.2988 7.6452 10.5836 13.144 8.0325 10.721 12.949 8.193 12.036
3 16 12.949 8.193 12.036 15.714 1.195 10.609 13.2988 7.6452 10.5836
3 16 15.714 1.195 10.609 15.7814 1.4604 8.9319 13.2988 7.6452 10.5836
3 16 13.144 8.0325 10.721 12.9857 8.381 10.8446 12.949 8.193 12.036
3 16 15.393 -.147 18.653 15.714 1.195 10.609 12.684 6.835 20.075
3 16 15.714 1.195 10.609 12.949 8.193 12.036 12.684 6.835 20.075
3 16 12.6 -6.574 54.981 14.823 -13.651 53.601 15.405 -12.93 49.538
3 16 15.405 -12.93 49.538 13.214 -5.843 50.916 12.6 -6.574 54.981
3 16 15.393 -.147 18.653 12.684 6.835 20.075 12.391 5.434 28.117
4 16 12.7763 -34.1731 71.0636 13.758 -38.936 70.204 15.415 -38.246 66.05 13.1977 -33.6135 69.8882
3 16 15.415 -38.246 66.05 14.1927 -32.2964 67.1225 13.1977 -33.6135 69.8882
3 16 12.6614 -25.8876 68.3033 12.9528 -25.3353 67.3369 12.12 -23.704 68.708
4 16 13.722 -22.988 64.556 12.12 -23.704 68.708 12.9528 -25.3353 67.3369 13.886 -23.6739 64.4293
3 16 13.32 -46.958 73.066 14.997 -46.282 68.911 12.085 -39.626 74.359
3 16 13.758 -38.936 70.204 12.085 -39.626 74.359 14.997 -46.282 68.911
3 16 12.016 4.005 36.167 15.053 -1.533 26.699 12.391 5.434 28.117
3 16 14.06 -14.375 57.681 14.823 -13.651 53.601 11.786 -7.307 59.067
3 16 14.823 -13.651 53.601 12.6 -6.574 54.981 11.786 -7.307 59.067
3 16 14.381 -3.667 38.783 14.639 -2.95 34.752 11.772 3.282 40.197
3 16 14.639 -2.95 34.752 12.016 4.005 36.167 11.772 3.282 40.197
4 16 13.722 -22.988 64.556 14.3161 -22.6578 62.6511 14.6988 -21.6766 60.9341 11.642 -15.828 65.925
3 16 13.031 -15.101 61.787 11.642 -15.828 65.925 14.6988 -21.6766 60.9341
3 16 14.6988 -21.6766 60.9341 14.7895 -21.473 60.5777 13.031 -15.101 61.787
3 16 13.32 -46.958 73.066 13.083 -47.0528 73.6491 13.589 -48.967 72.7199
4 16 12.949 8.193 12.036 12.9857 8.381 10.8446 11.4464 11.485 11.9458 11.317 11.581 12.772
3 16 11.4464 11.485 11.9458 11.3351 11.6986 12.0216 11.317 11.581 12.772
3 16 11.102 10.226 20.806 12.684 6.835 20.075 12.949 8.193 12.036
3 16 11.102 10.226 20.806 12.949 8.193 12.036 11.317 11.581 12.772
3 16 13.691 -5.115 46.863 14.381 -3.667 38.783 11.095 1.827 48.276
3 16 11.772 3.282 40.197 11.095 1.827 48.276 14.381 -3.667 38.783
3 16 13.031 -15.101 61.787 14.06 -14.375 57.681 10.674 -8.042 63.18
3 16 11.786 -7.307 59.067 10.674 -8.042 63.18 14.06 -14.375 57.681
3 16 13.691 -5.115 46.863 10.612 1.095 52.329 13.214 -5.843 50.916
3 16 10.612 1.095 52.329 13.691 -5.115 46.863 11.095 1.827 48.276
4 16 11.349 -36.0503 75.0056 12.085 -39.626 74.359 13.758 -38.936 70.204 11.974 -35.2295 73.282
3 16 13.758 -38.936 70.204 12.7763 -34.1731 71.0636 11.974 -35.2295 73.282
3 16 10.467 -24.421 72.861 11.3781 -28.1015 72.1777 11.9199 -27.1687 70.5453
3 16 11.9199 -27.1687 70.5453 12.12 -23.704 68.708 10.467 -24.421 72.861
3 16 11.9199 -27.1687 70.5453 12.6614 -25.8876 68.3033 12.12 -23.704 68.708
3 16 13.083 -47.0528 73.6491 13.32 -46.958 73.066 12.7656 -45.6963 74.1012
4 16 11.4075 -39.9042 76.032 12.7656 -45.6963 74.1012 13.32 -46.958 73.066 12.085 -39.626 74.359
3 16 10.017 -16.555 70.077 12.12 -23.704 68.708 13.722 -22.988 64.556
3 16 13.722 -22.988 64.556 11.642 -15.828 65.925 10.017 -16.555 70.077
3 16 9.975 .361 56.397 12.6 -6.574 54.981 13.214 -5.843 50.916
3 16 13.214 -5.843 50.916 10.612 1.095 52.329 9.975 .361 56.397
4 16 11.317 11.581 12.772 11.3351 11.6986 12.0216 9.5736 14.8354 13.1343 9.51 14.878 13.522
3 16 9.5736 14.8354 13.1343 9.5154 14.9325 13.1687 9.51 14.878 13.522
3 16 11.102 10.226 20.806 11.317 11.581 12.772 9.369 13.541 21.55
3 16 11.317 11.581 12.772 9.51 14.878 13.522 9.369 13.541 21.55
3 16 11.642 -15.828 65.925 13.031 -15.101 61.787 9.202 -8.777 67.324
3 16 13.031 -15.101 61.787 10.674 -8.042 63.18 9.202 -8.777 67.324
3 16 12.391 5.434 28.117 12.684 6.835 20.075 9.187 12.16 29.582
3 16 12.684 6.835 20.075 11.102 10.226 20.806 9.187 12.16 29.582
3 16 11.102 10.226 20.806 9.369 13.541 21.55 9.187 12.16 29.582
3 16 12.6 -6.574 54.981 9.975 .361 56.397 9.113 -.375 60.487
3 16 10.7417 -36.8446 76.6737 11.4075 -39.9042 76.032 12.085 -39.626 74.359
3 16 12.085 -39.626 74.359 11.349 -36.0503 75.0056 10.7417 -36.8446 76.6737
3 16 12.016 4.005 36.167 12.391 5.434 28.117 8.903 10.749 37.624
3 16 12.391 5.434 28.117 9.187 12.16 29.582 8.903 10.749 37.624
3 16 8.806 -25.137 77.015 10.0851 -30.3158 76.0526 10.8541 -29.0011 73.7519
3 16 10.8541 -29.0011 73.7519 10.467 -24.421 72.861 8.806 -25.137 77.015
3 16 10.8541 -29.0011 73.7519 11.3781 -28.1015 72.1777 10.467 -24.421 72.861
3 16 8.696 10.034 41.651 11.772 3.282 40.197 12.016 4.005 36.167
3 16 8.374 -17.283 74.229 10.467 -24.421 72.861 12.12 -23.704 68.708
3 16 12.12 -23.704 68.708 10.017 -16.555 70.077 8.374 -17.283 74.229
3 16 11.095 1.827 48.276 11.772 3.282 40.197 8.4193 8.0893 48.8214
3 16 11.095 1.827 48.276 8.4193 8.0893 48.8214 8.4541 7.7299 49.5402
3 16 11.772 3.282 40.197 8.696 10.034 41.651 8.4193 8.0893 48.8214
3 16 8.4193 8.0893 48.8214 8.696 10.034 41.651 8.2992 9.1234 46.7532
4 16 8.1453 -1.4679 64.2905 8.1278 -1.6266 64.5022 10.674 -8.042 63.18 11.786 -7.307 59.067
4 16 9.113 -.375 60.487 8.2237 -.927 63.5693 8.1453 -1.4679 64.2905 11.786 -7.307 59.067
4 16 8.4904 6.3167 52.3666 8.5003 5.8287 53.3426 10.612 1.095 52.329 11.095 1.827 48.276
3 16 11.095 1.827 48.276 8.4541 7.7299 49.5402 8.4904 6.3167 52.3666
3 16 7.583 -9.512 71.475 10.017 -16.555 70.077 11.642 -15.828 65.925
3 16 11.642 -15.828 65.925 9.202 -8.777 67.324 7.583 -9.512 71.475
3 16 9.51 14.878 13.522 9.5154 14.9325 13.1687 7.54 18.082 14.286
3 16 9.369 13.541 21.55 9.51 14.878 13.522 7.492 16.78 22.306
3 16 9.187 12.16 29.582 9.369 13.541 21.55 7.492 16.78 22.306
3 16 7.54 18.082 14.286 6.4442 19.0799 18.9871 7.492 16.78 22.306
3 16 9.0938 -32 79 9.7822 -30.8326 76.9571 7.6245 -26.77 80.3941
4 16 7.6245 -26.77 80.3941 9.7822 -30.8326 76.9571 10.0851 -30.3158 76.0526 8.806 -25.137 77.015
3 16 7.6245 -26.77 80.3941 8.806 -25.137 77.015 7.3418 -25.7664 80.6616
3 16 8.3802 3.9251 57.1605 10.612 1.095 52.329 8.4275 4.6926 55.6147
3 16 8.3802 3.9251 57.1605 9.975 .361 56.397 10.612 1.095 52.329
3 16 10.612 1.095 52.329 8.5003 5.8287 53.3426 8.4275 4.6926 55.6147
3 16 8.806 -25.137 77.015 10.467 -24.421 72.861 6.725 -18.01 78.382
4 16 7.6241 -3.6203 67.1604 7.4406 -4.4179 68.2239 9.202 -8.777 67.324 10.674 -8.042 63.18
3 16 7.583 -9.512 71.475 9.202 -8.777 67.324 7.4406 -4.4179 68.2239
3 16 7.583 -9.512 71.475 7.4406 -4.4179 68.2239 7.0255 -5.8921 70.1895
3 16 10.674 -8.042 63.18 8.1278 -1.6266 64.5022 7.6241 -3.6203 67.1604
3 16 9.113 -.375 60.487 9.975 .361 56.397 8.3969 2.7849 58.6201
3 16 9.113 -.375 60.487 8.3969 2.7849 58.6201 8.4259 1.1407 60.8124
3 16 8.3802 3.9251 57.1605 8.3969 2.7849 58.6201 9.975 .361 56.397
4 16 6.1885 -10.6028 75.3112 6.1582 -10.8265 75.5098 8.374 -17.283 74.229 10.017 -16.555 70.077
3 16 6.2518 -10.1137 74.8769 10.017 -16.555 70.077 7.583 -9.512 71.475
3 16 6.2518 -10.1137 74.8769 6.1885 -10.6028 75.3112 10.017 -16.555 70.077
3 16 7.492 16.78 22.306 6.4442 19.0799 18.9871 6.5745 18.2329 22.6574
3 16 6.7229 17 28 7.492 16.78 22.306 6.696 17.5124 25.7797
4 16 6.7229 17 28 6.9821 16.0085 30.4787 9.187 12.16 29.582 7.492 16.78 22.306
3 16 7.492 16.78 22.306 6.5745 18.2329 22.6574 6.696 17.5124 25.7797
3 16 7.54 18.082 14.286 6.2224 20 15 6.4442 19.0799 18.9871
4 16 7.3704 14.5694 34.0766 7.699 12.9486 38.1284 8.903 10.749 37.624 9.187 12.16 29.582
3 16 9.187 12.16 29.582 6.9821 16.0085 30.4787 7.3704 14.5694 34.0766
3 16 6.6865 -7.1514 71.8685 7.583 -9.512 71.475 7.0255 -5.8921 70.1895
4 16 7.7912 12.4911 39.2723 7.9552 11.4139 41.9653 8.696 10.034 41.651 8.903 10.749 37.624
3 16 8.903 10.749 37.624 7.699 12.9486 38.1284 7.7912 12.4911 39.2723
3 16 5.07 -18.738 82.535 7.3418 -25.7664 80.6616 8.806 -25.137 77.015
3 16 6.725 -18.01 78.382 5.07 -18.738 82.535 8.806 -25.137 77.015
3 16 8.2237 -.927 63.5693 9.113 -.375 60.487 8.3681 .6651 61.4466
3 16 9.113 -.375 60.487 8.4259 1.1407 60.8124 8.3681 .6651 61.4466
3 16 7.583 -9.512 71.475 6.5919 -7.4894 72.3192 6.2518 -10.1137 74.8769
3 16 7.583 -9.512 71.475 6.6865 -7.1514 71.8685 6.5919 -7.4894 72.3192
3 16 8.0244 10.8843 43.2313 8.2992 9.1234 46.7532 8.696 10.034 41.651
3 16 8.0244 10.8843 43.2313 8.696 10.034 41.651 7.9552 11.4139 41.9653
3 16 6.725 -18.01 78.382 8.374 -17.283 74.229 5.8279 -13.3162 77.7206
3 16 6.725 -18.01 78.382 5.8279 -13.3162 77.7206 5.6247 -14.782 79.0222
3 16 6.1582 -10.8265 75.5098 5.8279 -13.3162 77.7206 8.374 -17.283 74.229
3 16 5.07 -18.738 82.535 6.725 -18.01 78.382 5.4551 -16.0277 80.1284
3 16 6.725 -18.01 78.382 5.6247 -14.782 79.0222 5.4551 -16.0277 80.1284
3 16 9.51 14.878 13.522 7.54 18.082 14.286 7.492 16.78 22.306
3 16 22.882 -45.741 18.904 23.319 -44.437 10.852 22.247 -38.252 20.144
3 16 21.785 -29.473 13.354 22.233 -28.172 5.301 20.681 -22.032 14.635
3 16 15.053 -1.533 26.699 15.393 -.147 18.653 12.391 5.434 28.117
3 16 14.639 -2.95 34.752 15.053 -1.533 26.699 12.016 4.005 36.167
3 16 11.786 -7.307 59.067 12.6 -6.574 54.981 9.113 -.375 60.487
3 16 12.016 4.005 36.167 8.903 10.749 37.624 8.696 10.034 41.651
3 16 10.467 -24.421 72.861 8.374 -17.283 74.229 6.725 -18.01 78.382
0 BFC NOCLIP
3 5 27 -76.818 -27.45 27.14 -73.052 -28.021 26.943 -61.795 -25.077
3 5 27.14 -73.052 -28.021 27.231 -66.873 -28.33 26.943 -61.795 -25.077
3 5 27.231 -66.873 -28.33 27.204 -60.691 -28.576 26.943 -61.795 -25.077
3 5 26.932 -79.227 -27.648 27.14 -73.052 -28.021 27 -76.818 -27.45
3 5 26.943 -61.795 -25.077 27.204 -60.691 -28.576 26.216 -46.776 -22.646
3 5 27.204 -60.691 -28.576 27.058 -54.511 -28.759 26.216 -46.776 -22.646
3 5 27.058 -54.511 -28.759 26.465 -43.135 -28.928 26.216 -46.776 -22.646
3 5 25.965 -63.735 -12.968 27 -76.818 -27.45 26.943 -61.795 -25.077
3 5 26.476 -87.302 -27.064 26.932 -79.227 -27.648 25.952 -78.768 -15.335
3 5 26.932 -79.227 -27.648 27 -76.818 -27.45 25.952 -78.768 -15.335
3 5 25.952 -78.768 -15.335 27 -76.818 -27.45 25.965 -63.735 -12.968
3 5 25.588 -39.279 -21.407 26.216 -46.776 -22.646 26.465 -43.135 -28.928
3 5 26.465 -43.135 -28.928 25.998 -37.459 -28.93 25.588 -39.279 -21.407
3 5 25.965 -63.735 -12.968 25.327 -48.706 -10.545 25.6781 -61.3673 -10.3396
3 5 25.327 -48.706 -10.545 25.965 -63.735 -12.968 26.943 -61.795 -25.077
3 5 26.943 -61.795 -25.077 26.216 -46.776 -22.646 25.327 -48.706 -10.545
3 5 25.8 -95.356 -26.369 26.476 -87.302 -27.064 25.259 -93.772 -17.642
3 5 26.476 -87.302 -27.064 25.952 -78.768 -15.335 25.259 -93.772 -17.642
3 5 25.21 -100.765 -25.839 25.8 -95.356 -26.369 25.259 -93.772 -17.642
3 5 25.259 -93.772 -17.642 24.623 -101.249 -18.77 25.21 -100.765 -25.839
4 5 25.965 -63.735 -12.968 25.7372 -64.1641 -10.2942 25.586 -74.0666 -10.1336 25.952 -78.768 -15.335
3 351 25.7372 -64.1641 -10.2942 24.933 -65.679 -.854 25.586 -74.0666 -10.1336
4 14 24.9047 -70.6357 -1.6321 24.8838 -74.2764 -2.2036 25.0474 -74 -4 25.106 -71 -4
3 351 25.106 -71 -4 25.586 -74.0666 -10.1336 24.933 -65.679 -.854
3 351 24.933 -65.679 -.854 24.9047 -70.6357 -1.6321 25.106 -71 -4
3 5 25.4696 -79.6171 -10.0435 25.952 -78.768 -15.335 25.586 -74.0666 -10.1336
3 351 24.847 -80.713 -3.214 25.0474 -74 -4 24.8838 -74.2764 -2.2036
3 351 24.847 -80.713 -3.214 25.4696 -79.6171 -10.0435 25.586 -74.0666 -10.1336
3 351 25.0474 -74 -4 24.847 -80.713 -3.214 25.586 -74.0666 -10.1336
3 351 25.106 -71 -4 25.0474 -74 -4 25.586 -74.0666 -10.1336
3 5 24.767 -31.798 -20.152 25.588 -39.279 -21.407 25.998 -37.459 -28.93
3 5 25.998 -37.459 -28.93 25.408 -31.795 -28.876 24.767 -31.798 -20.152
3 5 25.408 -31.795 -28.876 25.213 -30.545 -28.201 24.767 -31.798 -20.152
3 5 25.327 -48.706 -10.545 26.216 -46.776 -22.646 24.869 -41.6432 -10.3677
3 351 25.327 -48.706 -10.545 24.869 -41.6432 -10.3677 24.753 -41.201 -9.31
3 5 24.869 -41.6432 -10.3677 26.216 -46.776 -22.646 25.588 -39.279 -21.407
3 5 24.869 -41.6432 -10.3677 25.588 -39.279 -21.407 24.825 -41.0354 -10.3524
3 351 24.869 -41.6432 -10.3677 24.825 -41.0354 -10.3524 24.753 -41.201 -9.31
4 5 25.952 -78.768 -15.335 25.2699 -83.3839 -9.9824 24.8465 -90.5201 -9.8666 25.259 -93.772 -17.642
3 351 24.8465 -90.5201 -9.8666 25.2699 -83.3839 -9.9824 24.555 -88.222 -4.372
3 5 25.2699 -83.3839 -9.9824 25.952 -78.768 -15.335 25.4696 -79.6171 -10.0435
4 351 24.555 -88.222 -4.372 25.2699 -83.3839 -9.9824 25.4696 -79.6171 -10.0435 24.847 -80.713 -3.214
3 5 24.503 -106.157 -25.257 25.21 -100.765 -25.839 24.623 -101.249 -18.77
3 351 24.933 -65.679 -.854 24.379 -50.646 1.562 23.803 -51.943 9.626
3 5 25.7372 -64.1641 -10.2942 25.965 -63.735 -12.968 25.6781 -61.3673 -10.3396
4 351 24.379 -50.646 1.562 24.933 -65.679 -.854 25.7372 -64.1641 -10.2942 25.6781 -61.3673 -10.3396
3 351 25.6781 -61.3673 -10.3396 25.327 -48.706 -10.545 24.379 -50.646 1.562
4 14 24.9047 -70.6357 -1.6321 24.381 -69.5784 5.2403 24.6 -74.8104 1.2677 24.8838 -74.2764 -2.2036
4 351 24.272 -66.975 7.217 24.381 -69.5784 5.2403 24.9047 -70.6357 -1.6321 24.933 -65.679 -.854
3 351 24.8838 -74.2764 -2.2036 24.6 -74.8104 1.2677 24.847 -80.713 -3.214
3 5 25.408 -31.795 -28.876 24.555 -25.286 -28.744 24.11 -23.105 -26.921
3 5 25.213 -30.545 -28.201 25.408 -31.795 -28.876 24.11 -23.105 -26.921
3 351 24.847 -80.713 -3.214 24.105 -82.007 4.865 24.555 -88.222 -4.372
4 14 24.381 -69.5784 5.2403 24.2458 -69.331 6.8484 24.1771 -75.52 5.88 24.6 -74.8104 1.2677
3 351 24.381 -69.5784 5.2403 24.272 -66.975 7.217 24.2458 -69.331 6.8484
3 351 24.105 -82.007 4.865 24.847 -80.713 -3.214 24.6 -74.8104 1.2677
3 351 24.105 -82.007 4.865 24.6 -74.8104 1.2677 24.1771 -75.52 5.88
4 5 25.259 -93.772 -17.642 24.4985 -95.0321 -9.7934 24.2564 -97.4873 -9.7536 24.623 -101.249 -18.77
3 351 24.2564 -97.4873 -9.7536 24.4985 -95.0321 -9.7934 24.084 -95.719 -5.515
3 5 24.4985 -95.0321 -9.7934 25.259 -93.772 -17.642 24.8465 -90.5201 -9.8666
4 351 24.084 -95.719 -5.515 24.4985 -95.0321 -9.7934 24.8465 -90.5201 -9.8666 24.555 -88.222 -4.372
3 5 24.825 -41.0354 -10.3524 25.588 -39.279 -21.407 24.2468 -34.5999 -10.1908
4 351 24.753 -41.201 -9.31 24.825 -41.0354 -10.3524 24.2468 -34.5999 -10.1908 23.992 -33.711 -8.06
4 5 24.2468 -34.5999 -10.1908 25.588 -39.279 -21.407 24.767 -31.798 -20.152 24.1266 -33.3788 -10.1602
3 351 24.1266 -33.3788 -10.1602 23.992 -33.711 -8.06 24.2468 -34.5999 -10.1908
3 351 24.379 -50.646 1.562 25.327 -48.706 -10.545 23.966 -43.5693 1.7601
4 351 25.327 -48.706 -10.545 24.753 -41.201 -9.31 23.9275 -42.9766 1.7767 23.966 -43.5693 1.7601
3 351 23.803 -51.943 9.626 24.272 -66.975 7.217 24.933 -65.679 -.854
3 351 24.555 -88.222 -4.372 23.776 -89.514 3.711 24.084 -95.719 -5.515
3 351 23.776 -89.514 3.711 24.555 -88.222 -4.372 24.105 -82.007 4.865
3 5 24.767 -31.798 -20.152 25.213 -30.545 -28.201 23.727 -24.341 -18.877
3 5 25.213 -30.545 -28.201 24.11 -23.105 -26.921 23.727 -24.341 -18.877
3 14 23.9373 -76.0224 9.4023 23.9639 -76 9 24.1129 -69 9
3 14 23.9373 -76.0224 9.4023 24.1129 -69 9 23.72 -68.271 15.279
3 14 23.72 -68.271 15.279 23.5809 -76.2794 14.0297 23.9373 -76.0224 9.4023
4 14 24.2458 -69.331 6.8484 24.1129 -69 9 23.9639 -76 9 24.1771 -75.52 5.88
3 351 24.272 -66.975 7.217 24.1129 -69 9 24.2458 -69.331 6.8484
3 351 24.1129 -69 9 24.272 -66.975 7.217 24.1333 -67.3007 9.2428
3 13 23.9545 -76.637 8.9363 23.9639 -76 9 23.9373 -76.0224 9.4023
3 13 23.72 -68.271 15.279 24.1129 -69 9 24.1333 -67.3007 9.2428
4 351 24.105 -82.007 4.865 24.1771 -75.52 5.88 23.9639 -76 9 23.9545 -76.637 8.9363
3 5 24.623 -101.249 -18.77 23.666 -111.526 -24.622 24.503 -106.157 -25.257
4 351 24.105 -82.007 4.865 23.8265 -82.5631 8.3437 23.6309 -86.6682 7.9332 23.776 -89.514 3.711
3 13 23.8265 -82.5631 8.3437 23.459 -83.297 12.935 23.6309 -86.6682 7.9332
3 351 23.9545 -76.637 8.9363 23.8265 -82.5631 8.3437 24.105 -82.007 4.865
3 13 23.9545 -76.637 8.9363 23.459 -83.297 12.935 23.8265 -82.5631 8.3437
3 13 23.9545 -76.637 8.9363 23.9373 -76.0224 9.4023 23.459 -83.297 12.935
3 13 23.9373 -76.0224 9.4023 23.5809 -76.2794 14.0297 23.459 -83.297 12.935
3 5 23.7174 -102.7113 -9.6688 24.623 -101.249 -18.77 24.2564 -97.4873 -9.7536
4 351 23.416 -103.198 -6.64 23.7174 -102.7113 -9.6688 24.2564 -97.4873 -9.7536 24.084 -95.719 -5.515
3 351 24.1333 -67.3007 9.2428 24.272 -66.975 7.217 24.0427 -63.6284 9.7674
4 13 23.72 -68.271 15.279 24.1333 -67.3007 9.2428 24.0427 -63.6284 9.7674 23.331 -53.244 17.681
3 351 24.0427 -63.6284 9.7674 24.272 -66.975 7.217 23.803 -51.943 9.626
3 351 24.0427 -63.6284 9.7674 23.803 -51.943 9.626 23.6993 -52.2289 11.3959
3 13 24.0427 -63.6284 9.7674 23.6993 -52.2289 11.3959 23.331 -53.244 17.681
3 351 23.803 -51.943 9.626 24.379 -50.646 1.562 23.5783 -48.4575 10.1953
3 351 24.084 -95.719 -5.515 23.268 -97.009 2.572 23.416 -103.198 -6.64
3 351 23.268 -97.009 2.572 24.084 -95.719 -5.515 23.776 -89.514 3.711
3 5 23.233 -112.407 -20.424 23.666 -111.526 -24.622 24.623 -101.249 -18.77
3 5 23.233 -112.407 -20.424 24.623 -101.249 -18.77 23.3763 -105.1946 -9.6285
3 5 23.233 -112.407 -20.424 23.3763 -105.1946 -9.6285 22.1059 -114.1707 -9.4829
3 5 23.3763 -105.1946 -9.6285 24.623 -101.249 -18.77 23.7174 -102.7113 -9.6688
3 351 23.3763 -105.1946 -9.6285 23.7174 -102.7113 -9.6688 23.416 -103.198 -6.64
3 14 23.5809 -76.2794 14.0297 23.72 -68.271 15.279 23.1714 -76.7155 21.8792
3 13 23.148 -77.076 22.161 23.459 -83.297 12.935 23.5809 -76.2794 14.0297
3 13 23.148 -77.076 22.161 23.5809 -76.2794 14.0297 23.1714 -76.7155 21.8792
4 14 23.1714 -76.7155 21.8792 23.72 -68.271 15.279 23.235 -69.565 23.337 23.152 -76.7341 22.2145
3 13 23.148 -77.076 22.161 23.1714 -76.7155 21.8792 23.152 -76.7341 22.2145
3 351 23.9275 -42.9766 1.7767 24.753 -41.201 -9.31 23.3938 -36.5114 1.9577
4 351 24.753 -41.201 -9.31 23.992 -33.711 -8.06 23.2866 -35.3187 1.9911 23.3938 -36.5114 1.9577
3 2 23.268 -97.009 2.572 23.3161 -96 3 23.248 -96.3584 3.5376
4 351 23.1718 -93.883 7.2117 23.248 -96.3584 3.5376 23.3161 -96 3 23.776 -89.514 3.711
3 351 23.1718 -93.883 7.2117 23.776 -89.514 3.711 23.4405 -90.1317 7.5868
3 13 23.4405 -90.1317 7.5868 23.077 -90.801 11.786 23.1718 -93.883 7.2117
3 351 23.268 -97.009 2.572 23.776 -89.514 3.711 23.3161 -96 3
3 351 23.6309 -86.6682 7.9332 23.4405 -90.1317 7.5868 23.776 -89.514 3.711
4 13 23.459 -83.297 12.935 23.077 -90.801 11.786 23.4405 -90.1317 7.5868 23.6309 -86.6682 7.9332
3 5 23.4445 -27.5817 -10.0146 24.1266 -33.3788 -10.1602 24.767 -31.798 -20.152
4 351 23.024 -26.241 -6.791 23.992 -33.711 -8.06 24.1266 -33.3788 -10.1602 23.4445 -27.5817 -10.0146
3 351 23.37 -27 -10 23.2007 -25.7635 -9.8283 23.024 -26.241 -6.791
3 5 24.767 -31.798 -20.152 23.37 -27 -10 23.4445 -27.5817 -10.0146
3 5 23.37 -27 -10 24.767 -31.798 -20.152 23.727 -24.341 -18.877
3 5 23.37 -27 -10 23.727 -24.341 -18.877 23.2007 -25.7635 -9.8283
3 351 23.4445 -27.5817 -10.0146 23.37 -27 -10 23.024 -26.241 -6.791
4 14 23.1405 -76.7451 22.4119 23.152 -76.7341 22.2145 23.235 -69.565 23.337 23.0332 -72 26
3 14 23.0332 -72 26 23.235 -69.565 23.337 22.992 -70.211 27.366
3 13 23.148 -77.076 22.161 23.152 -76.7341 22.2145 23.1405 -76.7451 22.4119
3 14 23.235 -69.565 23.337 23.72 -68.271 15.279 23.1957 -67.7815 23.6215
3 13 23.1957 -67.7815 23.6215 23.72 -68.271 15.279 22.904 -54.547 25.733
3 13 23.72 -68.271 15.279 23.331 -53.244 17.681 22.904 -54.547 25.733
3 13 23.459 -83.297 12.935 22.893 -84.582 20.999 23.077 -90.801 11.786
3 13 22.893 -84.582 20.999 23.459 -83.297 12.935 23.148 -77.076 22.161
3 351 23.6993 -52.2289 11.3959 23.803 -51.943 9.626 23.6043 -50.6048 11.6279
4 13 23.6043 -50.6048 11.6279 23.1593 -47.6086 16.1102 22.9794 -47.3677 18.6388 23.331 -53.244 17.681
3 13 23.331 -53.244 17.681 23.6993 -52.2289 11.3959 23.6043 -50.6048 11.6279
4 351 23.803 -51.943 9.626 23.5783 -48.4575 10.1953 23.4397 -48 12 23.6043 -50.6048 11.6279
3 13 23.6043 -50.6048 11.6279 23.4397 -48 12 23.1593 -47.6086 16.1102
3 5 24.11 -23.105 -26.921 24.555 -25.286 -28.744 22.739 -15.708 -25.618
3 5 24.555 -25.286 -28.744 23.496 -18.812 -28.533 22.739 -15.708 -25.618
3 5 22.683 -116.866 -23.934 23.666 -111.526 -24.622 23.233 -112.407 -20.424
4 14 23.235 -69.565 23.337 23.1644 -67.7371 24.1544 22.9343 -67.4326 27.8093 22.992 -70.211 27.366
3 13 22.9343 -67.4326 27.8093 23.1644 -67.7371 24.1544 22.68 -55.2 29.761
3 14 23.235 -69.565 23.337 23.1957 -67.7815 23.6215 23.1644 -67.7371 24.1544
4 13 23.1957 -67.7815 23.6215 22.904 -54.547 25.733 22.68 -55.2 29.761 23.1644 -67.7371 24.1544
3 2 22.617 -85.222 25.031 22.8133 -84.7668 22.1629 22.9257 -81 23
3 2 22.617 -85.222 25.031 22.9257 -81 23 22.8922 -81 23.5435
4 13 22.9257 -81 23 22.8133 -84.7668 22.1629 22.893 -84.582 20.999 23.148 -77.076 22.161
3 13 22.9257 -81 23 23.148 -77.076 22.161 22.8922 -81 23.5435
3 2 22.6916 -82.2379 25.4952 22.617 -85.222 25.031 22.8922 -81 23.5435
3 2 22.6916 -82.2379 25.4952 22.8922 -81 23.5435 22.7769 -81 25
3 6 22.8709 -75.0592 26.6119 23.0332 -72 26 22.9473 -72 27.0877
4 14 22.8234 -76.962 26.3159 23.1405 -76.7451 22.4119 23.0332 -72 26 22.8709 -75.0592 26.6119
3 14 22.9473 -72 27.0877 23.0332 -72 26 22.992 -70.211 27.366
4 13 22.8234 -76.962 26.3159 22.8922 -81 23.5435 23.148 -77.076 22.161 23.1405 -76.7451 22.4119
3 13 22.7769 -81 25 22.8922 -81 23.5435 22.8234 -76.962 26.3159
3 13 22.6916 -82.2379 25.4952 22.7769 -81 25 22.8234 -76.962 26.3159
3 2 23.1342 -98.4304 2.3587 23.212 -98 2 23.268 -97.009 2.572
4 351 23.212 -98 2 23.1342 -98.4304 2.3587 22.564 -104.486 1.45 23.416 -103.198 -6.64
3 351 23.416 -103.198 -6.64 23.268 -97.009 2.572 23.212 -98 2
3 2 22.9009 -98 6 22.5433 -101.9178 5.2648 23.268 -97.009 2.572
4 2 22.5201 -99.0426 9.5355 22.5433 -101.9178 5.2648 22.9009 -98 6 22.9288 -97.5858 6.2071
3 2 22.5201 -99.0426 9.5355 22.9288 -97.5858 6.2071 22.7014 -97.9723 8.6436
3 2 22.5433 -101.9178 5.2648 23.1342 -98.4304 2.3587 23.268 -97.009 2.572
3 2 22.9009 -98 6 23.268 -97.009 2.572 23.0302 -97.4133 5.1199
3 351 22.9009 -98 6 23.0302 -97.4133 5.1199 22.9288 -97.5858 6.2071
3 13 22.5201 -99.0426 9.5355 22.7014 -97.9723 8.6436 22.514 -98.291 10.652
3 351 22.564 -104.486 1.45 23.1342 -98.4304 2.3587 22.5433 -101.9178 5.2648
3 2 22.7014 -97.9723 8.6436 22.9288 -97.5858 6.2071 23.004 -96 7
3 2 23.0302 -97.4133 5.1199 23.268 -97.009 2.572 23.248 -96.3584 3.5376
4 351 23.248 -96.3584 3.5376 23.1718 -93.883 7.2117 23.004 -96 7 22.9288 -97.5858 6.2071
3 351 22.9288 -97.5858 6.2071 23.0302 -97.4133 5.1199 23.248 -96.3584 3.5376
3 13 22.514 -98.291 10.652 22.7014 -97.9723 8.6436 23.004 -96 7
4 13 22.514 -98.291 10.652 23.004 -96 7 23.1718 -93.883 7.2117 23.077 -90.801 11.786
3 13 22.514 -98.291 10.652 23.077 -90.801 11.786 22.462 -92.08 19.854
3 13 22.893 -84.582 20.999 22.462 -92.08 19.854 23.077 -90.801 11.786
3 2 22.499 -90.4442 21.0888 22.5336 -90 21 22.617 -85.222 25.031
3 2 22.5336 -90 21 22.8133 -84.7668 22.1629 22.617 -85.222 25.031
3 13 22.462 -92.08 19.854 22.893 -84.582 20.999 22.5336 -90 21
3 13 22.462 -92.08 19.854 22.5336 -90 21 22.499 -90.4442 21.0888
3 13 22.5336 -90 21 22.893 -84.582 20.999 22.8133 -84.7668 22.1629
3 2 22.5992 -83.7903 26.1161 22.617 -85.222 25.031 22.6916 -82.2379 25.4952
3 6 22.4518 -71.9683 35.0761 22.5498 -79.8268 29.1201 22.7795 -77 27
4 6 22.9473 -72 27.0877 22.4518 -71.9683 35.0761 22.7795 -77 27 22.8709 -75.0592 26.6119
3 14 22.7795 -77 27 22.8234 -76.962 26.3159 22.8709 -75.0592 26.6119
3 14 22.4518 -71.9683 35.0761 22.9473 -72 27.0877 22.992 -70.211 27.366
3 14 22.4518 -71.9683 35.0761 22.992 -70.211 27.366 22.446 -71.5 35.431
3 13 22.8234 -76.962 26.3159 22.7795 -77 27 22.5498 -79.8268 29.1201
3 13 22.8234 -76.962 26.3159 22.5498 -79.8268 29.1201 22.5992 -83.7903 26.1161
3 13 22.5992 -83.7903 26.1161 22.6916 -82.2379 25.4952 22.8234 -76.962 26.3159
3 5 23.727 -24.341 -18.877 24.11 -23.105 -26.921 22.436 -16.921 -17.58
3 5 24.11 -23.105 -26.921 22.739 -15.708 -25.618 22.436 -16.921 -17.58
3 13 22.68 -55.2 29.761 22.904 -54.547 25.733 22.255 -47.706 30.983
3 351 23.2866 -35.3187 1.9911 23.992 -33.711 -8.06 22.5584 -29.1968 2.829
3 351 23.992 -33.711 -8.06 23.024 -26.241 -6.791 22.5584 -29.1968 2.829
3 351 22.5584 -29.1968 2.829 23.024 -26.241 -6.791 22.3817 -27.8089 3.0273
4 2 22.162 -92.715 23.888 22.3421 -92.3339 21.4668 22.499 -90.4442 21.0888 22.617 -85.222 25.031
3 13 22.499 -90.4442 21.0888 22.3421 -92.3339 21.4668 22.462 -92.08 19.854
3 14 22.8125 -67.2833 29.6005 22.3578 -67 36.1495 22.992 -70.211 27.366
3 14 22.3578 -67 36.1495 22.446 -71.5 35.431 22.992 -70.211 27.366
3 13 22.8125 -67.2833 29.6005 22.152 -56.507 37.825 22.3578 -67 36.1495
3 14 22.992 -70.211 27.366 22.9343 -67.4326 27.8093 22.8125 -67.2833 29.6005
4 13 22.152 -56.507 37.825 22.8125 -67.2833 29.6005 22.9343 -67.4326 27.8093 22.68 -55.2 29.761
3 2 22.162 -92.715 23.888 22.617 -85.222 25.031 22.4376 -86 27
3 2 22.162 -92.715 23.888 22.4376 -86 27 22.0859 -89.4477 28.7239
3 2 22.4376 -86 27 22.617 -85.222 25.031 22.4855 -85.5002 26.8001
3 6 22.0349 -87.2592 31.963 22.1166 -86.2803 31.7601 22.017 -86.491 33.1
3 13 22.4376 -86 27 22.4855 -85.5002 26.8001 22.1166 -86.2803 31.7601
3 13 22.1166 -86.2803 31.7601 22.0349 -87.2592 31.963 22.4376 -86 27
3 13 22.0859 -89.4477 28.7239 22.4376 -86 27 22.0349 -87.2592 31.963
3 2 22.4855 -85.5002 26.8001 22.617 -85.222 25.031 22.5992 -83.7903 26.1161
4 6 22.4003 -73.0965 35.1828 22.017 -86.491 33.1 22.1166 -86.2803 31.7601 22.4438 -81 30
3 6 22.4003 -73.0965 35.1828 22.4438 -81 30 22.5498 -79.8268 29.1201
3 6 22.4003 -73.0965 35.1828 22.5498 -79.8268 29.1201 22.4518 -71.9683 35.0761
3 14 22.4003 -73.0965 35.1828 22.4518 -71.9683 35.0761 22.446 -71.5 35.431
3 13 22.5498 -79.8268 29.1201 22.4438 -81 30 22.1166 -86.2803 31.7601
4 13 22.1166 -86.2803 31.7601 22.4855 -85.5002 26.8001 22.5992 -83.7903 26.1161 22.5498 -79.8268 29.1201
3 6 22.017 -86.491 33.1 22.4003 -73.0965 35.1828 22.1414 -78 36
3 6 22.1414 -78 36 22.0675 -79.2522 36.3131 22.017 -86.491 33.1
4 14 22.0837 -76.9222 37.3472 22.1414 -78 36 22.4003 -73.0965 35.1828 22.446 -71.5 35.431
3 14 22.0837 -76.9222 37.3472 22.446 -71.5 35.431 22.117 -72.142 39.469
3 14 22.117 -72.142 39.469 22.0117 -75.6628 38.9215 22.0837 -76.9222 37.3472
3 13 22.0675 -79.2522 36.3131 22.1414 -78 36 22.0837 -76.9222 37.3472
4 351 21.983 -114.363 -8.29 22.1059 -114.1707 -9.4829 23.3763 -105.1946 -9.6285 23.416 -103.198 -6.64
3 351 23.416 -103.198 -6.64 22.564 -104.486 1.45 21.983 -114.363 -8.29
3 5 21.948 -119.781 -21.496 22.683 -116.866 -23.934 23.233 -112.407 -20.424
4 5 21.948 -119.781 -21.496 23.233 -112.407 -20.424 22.1059 -114.1707 -9.4829 21.9799 -114.8479 -9.4719
3 351 21.9799 -114.8479 -9.4719 22.1059 -114.1707 -9.4829 21.983 -114.363 -8.29
3 13 23.331 -53.244 17.681 22.656 -47.002 22.4794 22.3436 -46.5672 27.0441
3 13 22.904 -54.547 25.733 23.331 -53.244 17.681 22.3436 -46.5672 27.0441
3 13 23.331 -53.244 17.681 22.9794 -47.3677 18.6388 22.656 -47.002 22.4794
4 13 22.255 -47.706 30.983 22.904 -54.547 25.733 22.3436 -46.5672 27.0441 22.1824 -46.24 30.4806
3 13 22.514 -98.291 10.652 22.462 -92.08 19.854 21.841 -99.562 18.725
3 2 21.9553 -97.1251 20.5626 22.0648 -95 22 22.162 -92.715 23.888
3 2 21.9553 -97.1251 20.5626 22.0925 -96 20 22.0648 -95 22
3 2 22.0648 -95 22 22.3421 -92.3339 21.4668 22.162 -92.715 23.888
4 13 22.3421 -92.3339 21.4668 22.0648 -95 22 22.0925 -96 20 22.462 -92.08 19.854
3 13 21.841 -99.562 18.725 22.462 -92.08 19.854 22.0925 -96 20
3 13 21.841 -99.562 18.725 22.0925 -96 20 21.9553 -97.1251 20.5626
3 5 23.496 -18.812 -28.533 21.82 -10.755 -28.153 22.739 -15.708 -25.618
3 14 22.117 -72.142 39.469 22.446 -71.5 35.431 22.2489 -67 37.4499
3 14 22.117 -72.142 39.469 22.2489 -67 37.4499 22.0144 -67 40.2911
3 13 22.0144 -67 40.2911 22.2489 -67 37.4499 21.818 -57.161 41.864
3 14 22.446 -71.5 35.431 22.3578 -67 36.1495 22.2489 -67 37.4499
4 13 21.818 -57.161 41.864 22.2489 -67 37.4499 22.3578 -67 36.1495 22.152 -56.507 37.825
4 351 23.024 -26.241 -6.791 23.2007 -25.7635 -9.8283 22.3269 -20.2785 -9.0665 21.818 -18.802 -5.501
3 5 23.2007 -25.7635 -9.8283 23.727 -24.341 -18.877 22.3269 -20.2785 -9.0665
3 351 22.3269 -20.2785 -9.0665 21.9863 -18.2898 -8.7903 21.818 -18.802 -5.501
4 5 23.727 -24.341 -18.877 22.436 -16.921 -17.58 21.9863 -18.2898 -8.7903 22.3269 -20.2785 -9.0665
3 2 21.75 -105.762 9.535 21.8177 -105.6559 8.8629 22.1613 -104 7
3 2 21.75 -105.762 9.535 22.1613 -104 7 22.5433 -101.9178 5.2648
3 2 21.75 -105.762 9.535 22.5433 -101.9178 5.2648 22.5201 -99.0426 9.5355
3 2 21.75 -105.762 9.535 22.5201 -99.0426 9.5355 22.3327 -100.0643 10.3869
3 13 22.3327 -100.0643 10.3869 22.5201 -99.0426 9.5355 22.514 -98.291 10.652
3 351 22.0137 -105.3486 6.9157 22.564 -104.486 1.45 22.1613 -104 7
3 351 22.1613 -104 7 22.564 -104.486 1.45 22.5433 -101.9178 5.2648
3 13 21.8177 -105.6559 8.8629 22.0137 -105.3486 6.9157 22.1613 -104 7
3 2 22.0097 -102 12 22.3459 -99 12 21.8087 -101.7662 15.4578
3 2 21.8087 -101.7662 15.4578 21.75 -105.762 9.535 22.0097 -102 12
3 2 22.0097 -102 12 21.75 -105.762 9.535 22.3327 -100.0643 10.3869
4 13 22.3459 -99 12 22.0097 -102 12 22.3327 -100.0643 10.3869 22.514 -98.291 10.652
4 13 21.841 -99.562 18.725 21.8336 -100.0659 17.978 22.3459 -99 12 22.514 -98.291 10.652
3 13 21.8087 -101.7662 15.4578 22.3459 -99 12 21.8336 -100.0659 17.978
3 13 21.841 -99.562 18.725 21.7364 -100.5016 18.5852 21.8336 -100.0659 17.978
3 13 22.152 -56.507 37.825 22.68 -55.2 29.761 21.721 -49.025 39.047
3 13 22.68 -55.2 29.761 22.255 -47.706 30.983 21.721 -49.025 39.047
4 6 21.669 -87.12 37.14 22.017 -86.491 33.1 21.8966 -82 37 21.7352 -84.9058 37.4843
3 6 21.8966 -82 37 22.017 -86.491 33.1 22.0675 -79.2522 36.3131
4 13 21.8966 -82 37 22.0675 -79.2522 36.3131 22.0837 -76.9222 37.3472 22.0117 -75.6628 38.9215
3 13 21.7352 -84.9058 37.4843 21.8966 -82 37 22.0117 -75.6628 38.9215
3 6 21.669 -87.12 37.14 21.7352 -84.9058 37.4843 21.6736 -85.9528 37.6588
3 14 22.117 -72.142 39.469 21.726 -72.782 43.513 21.8981 -74 41
3 14 22.0117 -75.6628 38.9215 22.117 -72.142 39.469 21.8981 -74 41
3 13 22.0117 -75.6628 38.9215 21.8981 -74 41 21.726 -72.782 43.513
4 13 21.7352 -84.9058 37.4843 22.0117 -75.6628 38.9215 21.726 -72.782 43.513 21.6736 -85.9528 37.6588
3 13 22.255 -47.706 30.983 22.1824 -46.24 30.4806 22.1266 -46.1678 31.238
3 2 21.5945 -93.8262 31.0248 22.162 -92.715 23.888 22.0859 -89.4477 28.7239
4 6 21.52 -93.972 31.961 21.5945 -93.8262 31.0248 22.0349 -87.2592 31.963 22.017 -86.491 33.1
3 13 21.5945 -93.8262 31.0248 22.0859 -89.4477 28.7239 22.0349 -87.2592 31.963
3 6 21.52 -93.972 31.961 22.017 -86.491 33.1 21.669 -87.12 37.14
3 2 21.9553 -97.1251 20.5626 22.162 -92.715 23.888 21.514 -100.192 22.761
3 2 21.514 -100.192 22.761 21.5724 -100.0794 22.0397 21.9553 -97.1251 20.5626
3 13 21.5724 -100.0794 22.0397 21.841 -99.562 18.725 21.9553 -97.1251 20.5626
3 2 21.514 -100.192 22.761 22.162 -92.715 23.888 21.5945 -93.8262 31.0248
3 2 21.514 -100.192 22.761 21.5945 -93.8262 31.0248 21.5195 -94.4647 31.2323
3 6 21.5945 -93.8262 31.0248 21.52 -93.972 31.961 21.5195 -94.4647 31.2323
4 14 21.6051 -67 44.4387 21.726 -72.782 43.513 22.117 -72.142 39.469 21.8643 -67 41.7805
3 13 21.413 -57.816 45.909 21.6051 -67 44.4387 21.8643 -67 41.7805
3 14 21.8643 -67 41.7805 22.117 -72.142 39.469 22.0144 -67 40.2911
4 13 21.413 -57.816 45.909 21.8643 -67 41.7805 22.0144 -67 40.2911 21.818 -57.161 41.864
3 13 21.818 -57.161 41.864 22.152 -56.507 37.825 21.378 -49.686 43.087
3 13 21.721 -49.025 39.047 21.378 -49.686 43.087 22.152 -56.507 37.825
3 5 21.331 -123.024 -23.065 22.683 -116.866 -23.934 21.948 -119.781 -21.496
3 6 21.5962 -87.2331 37.8722 21.669 -87.12 37.14 21.6736 -85.9528 37.6588
4 13 21.267 -87.745 41.185 21.5962 -87.2331 37.8722 21.6736 -85.9528 37.6588 21.726 -72.782 43.513
3 13 21.253 -73.42 47.565 21.267 -87.745 41.185 21.726 -72.782 43.513
4 14 21.2103 -68.9213 48.2809 21.2251 -70.4839 48.0322 21.726 -72.782 43.513 21.3186 -67.6589 47.4392
3 13 21.726 -72.782 43.513 21.2251 -70.4839 48.0322 21.253 -73.42 47.565
3 13 21.182 -65.942 48.755 21.2103 -68.9213 48.2809 21.3186 -67.6589 47.4392
3 14 21.726 -72.782 43.513 21.6051 -67 44.4387 21.3574 -67 47
3 14 21.726 -72.782 43.513 21.3574 -67 47 21.3186 -67.6589 47.4392
3 13 21.413 -57.816 45.909 21.182 -65.942 48.755 21.3574 -67 47
3 13 21.3574 -67 47 21.6051 -67 44.4387 21.413 -57.816 45.909
3 13 21.182 -65.942 48.755 21.3186 -67.6589 47.4392 21.3574 -67 47
3 6 21.153 -94.592 36.002 21.52 -93.972 31.961 21.669 -87.12 37.14
3 6 21.153 -94.592 36.002 21.669 -87.12 37.14 21.1795 -93 37.2071
3 6 21.669 -87.12 37.14 21.5221 -88 38 21.1795 -93 37.2071
3 6 21.669 -87.12 37.14 21.5962 -87.2331 37.8722 21.5221 -88 38
3 13 21.5221 -88 38 21.5962 -87.2331 37.8722 21.267 -87.745 41.185
3 13 21.5221 -88 38 21.267 -87.745 41.185 21.1795 -93 37.2071
3 351 22.3817 -27.8089 3.0273 23.024 -26.241 -6.791 21.4828 -21.8431 3.8796
3 351 23.024 -26.241 -6.791 21.3482 -21 4 21.4828 -21.8431 3.8796
3 351 21.3482 -21 4 23.024 -26.241 -6.791 21.818 -18.802 -5.501
3 351 21.818 -18.802 -5.501 21.092 -20.728 6.585 21.3482 -21 4
3 13 21.721 -49.025 39.047 22.255 -47.706 30.983 21.9339 -46.0231 33.5321
3 13 21.721 -49.025 39.047 21.9339 -46.0231 33.5321 21.4865 -46.2827 39.5031
3 13 21.9339 -46.0231 33.5321 22.255 -47.706 30.983 22.1266 -46.1678 31.238
3 351 21.076 -115.645 -.195 21.983 -114.363 -8.29 22.564 -104.486 1.45
3 2 21.7321 -106.024 9.277 21.8177 -105.6559 8.8629 21.75 -105.762 9.535
3 351 21.5544 -108.6308 6.7106 21.076 -115.645 -.195 22.564 -104.486 1.45
3 351 21.5544 -108.6308 6.7106 22.564 -104.486 1.45 22.0137 -105.3486 6.9157
4 13 22.0137 -105.3486 6.9157 21.8177 -105.6559 8.8629 21.7321 -106.024 9.277 21.5544 -108.6308 6.7106
3 5 22.739 -15.708 -25.618 21.82 -10.755 -28.153 21.047 -8.379 -24.286
3 2 21.01 -107.023 17.615 21.5461 -103 17 21.8336 -100.0659 17.978
3 2 21.01 -107.023 17.615 21.8336 -100.0659 17.978 21.7364 -100.5016 18.5852
4 2 21.5461 -103 17 21.01 -107.023 17.615 21.75 -105.762 9.535 21.8087 -101.7662 15.4578
3 13 21.5461 -103 17 21.8087 -101.7662 15.4578 21.8336 -100.0659 17.978
3 2 21.01 -107.023 17.615 21.7364 -100.5016 18.5852 21.3397 -102.555 20.9809
3 2 21.4749 -100.7226 22.3613 21.5724 -100.0794 22.0397 21.514 -100.192 22.761
4 13 21.4749 -100.7226 22.3613 21.3397 -102.555 20.9809 21.7364 -100.5016 18.5852 21.841 -99.562 18.725
3 13 21.4749 -100.7226 22.3613 21.841 -99.562 18.725 21.5724 -100.0794 22.0397
3 13 20.955 -50.349 47.134 21.413 -57.816 45.909 21.818 -57.161 41.864
3 13 21.818 -57.161 41.864 21.378 -49.686 43.087 20.955 -50.349 47.134
3 13 20.908 -58.47 49.964 21.182 -65.942 48.755 21.413 -57.816 45.909
3 5 22.436 -16.921 -17.58 22.739 -15.708 -25.618 20.843 -9.556 -16.257
3 5 20.843 -9.556 -16.257 20.937 -13.0027 -8.0559 22.436 -16.921 -17.58
3 5 22.739 -15.708 -25.618 21.047 -8.379 -24.286 20.843 -9.556 -16.257
4 2 21.3788 -95.4711 31.7356 20.817 -101.433 30.839 21.514 -100.192 22.761 21.5195 -94.4647 31.2323
3 6 21.3788 -95.4711 31.7356 21.5195 -94.4647 31.2323 21.52 -93.972 31.961
3 2 21.0177 -98 33 20.817 -101.433 30.839 21.3788 -95.4711 31.7356
3 2 20.817 -101.433 30.839 21.0177 -98 33 21.153 -94.592 36.002
4 6 21.0177 -98 33 21.3788 -95.4711 31.7356 21.52 -93.972 31.961 21.153 -94.592 36.002
3 5 21.82 -10.755 -28.153 20.814 -6.77 -27.914 21.047 -8.379 -24.286
3 2 20.9383 -88.1751 44 21.0823 -87.9867 42.7667 20.9945 -87 44
3 13 20.9945 -87 44 21.267 -87.745 41.185 21.253 -73.42 47.565
3 13 21.253 -73.42 47.565 20.794 -88.364 45.236 20.9945 -87 44
3 13 20.9945 -87 44 20.794 -88.364 45.236 20.9383 -88.1751 44
3 13 21.267 -87.745 41.185 20.9945 -87 44 21.0823 -87.9867 42.7667
3 2 20.735 -95.207 40.048 21.153 -94.592 36.002 21.1795 -93 37.2071
3 2 20.9271 -93 40 20.735 -95.207 40.048 21.1795 -93 37.2071
3 2 21.1446 -89.4612 40.9235 20.735 -95.207 40.048 20.9271 -93 40
3 2 20.9271 -93 40 21.1876 -91 39 21.1446 -89.4612 40.9235
3 13 21.267 -87.745 41.185 21.1446 -89.4612 40.9235 21.1876 -91 39
3 13 21.1876 -91 39 21.1795 -93 37.2071 21.267 -87.745 41.185
3 13 21.1795 -93 37.2071 21.1876 -91 39 20.9271 -93 40
3 2 21.1446 -89.4612 40.9235 20.7799 -89.9943 44 20.735 -95.207 40.048
3 2 20.7799 -89.9943 44 21.1446 -89.4612 40.9235 21.0823 -87.9867 42.7667
3 2 20.9383 -88.1751 44 20.7799 -89.9943 44 21.0823 -87.9867 42.7667
3 13 20.7799 -89.9943 44 20.9383 -88.1751 44 20.794 -88.364 45.236
3 13 21.1446 -89.4612 40.9235 21.267 -87.745 41.185 21.0823 -87.9867 42.7667
4 13 21.0947 -46.4619 43.6242 21.378 -49.686 43.087 21.721 -49.025 39.047 21.3285 -46.3532 41.1245
3 13 21.721 -49.025 39.047 21.4865 -46.2827 39.5031 21.3285 -46.3532 41.1245
3 5 20.677 -121.747 -9.36 21.331 -123.024 -23.065 21.948 -119.781 -21.496
3 5 20.677 -121.747 -9.36 21.948 -119.781 -21.496 21.9799 -114.8479 -9.4719
3 351 20.677 -121.747 -9.36 21.9799 -114.8479 -9.4719 21.983 -114.363 -8.29
3 351 20.677 -121.747 -9.36 21.983 -114.363 -8.29 21.076 -115.645 -.195
3 351 21.076 -115.645 -.195 19.732 -123.025 -1.26 20.677 -121.747 -9.36
4 2 20.648 -107.644 21.654 21.01 -107.023 17.615 21.3397 -102.555 20.9809 21.1131 -103.6416 22.2486
3 2 21.3948 -101.2174 22.6087 21.4749 -100.7226 22.3613 21.514 -100.192 22.761
4 13 21.1131 -103.6416 22.2486 21.3397 -102.555 20.9809 21.4749 -100.7226 22.3613 21.3948 -101.2174 22.6087
3 2 20.7021 -105.6542 24.5966 20.648 -107.644 21.654 21.1131 -103.6416 22.2486
3 2 20.7021 -105.6542 24.5966 21.514 -100.192 22.761 20.817 -101.433 30.839
3 2 20.7021 -105.6542 24.5966 21.3948 -101.2174 22.6087 21.514 -100.192 22.761
3 13 20.7021 -105.6542 24.5966 21.1131 -103.6416 22.2486 21.3948 -101.2174 22.6087
3 13 20.663 -74.055 51.628 21.253 -73.42 47.565 20.569 -66.586 52.821
3 14 21.2251 -70.4839 48.0322 21.2103 -68.9213 48.2809 21.0882 -70 49
3 13 21.253 -73.42 47.565 21.2251 -70.4839 48.0322 21.0882 -70 49
3 13 21.253 -73.42 47.565 21.0882 -70 49 20.569 -66.586 52.821
3 13 20.569 -66.586 52.821 21.0882 -70 49 21.2103 -68.9213 48.2809
3 13 20.569 -66.586 52.821 21.2103 -68.9213 48.2809 21.182 -65.942 48.755
3 13 20.794 -88.364 45.236 21.253 -73.42 47.565 20.549 -81.522 50.453
3 13 20.549 -81.522 50.453 21.253 -73.42 47.565 20.663 -74.055 51.628
3 2 20.817 -101.433 30.839 21.153 -94.592 36.002 20.423 -102.043 34.882
3 2 20.423 -102.043 34.882 21.153 -94.592 36.002 20.735 -95.207 40.048
3 13 20.423 -51.012 51.192 20.908 -58.47 49.964 21.413 -57.816 45.909
3 13 21.413 -57.816 45.909 20.955 -50.349 47.134 20.423 -51.012 51.192
4 351 21.818 -18.802 -5.501 21.9863 -18.2898 -8.7903 20.937 -13.0027 -8.0559 20.328 -11.411 -4.187
3 5 21.9863 -18.2898 -8.7903 22.436 -16.921 -17.58 20.937 -13.0027 -8.0559
3 351 20.937 -13.0027 -8.0559 20.4804 -10.8621 -7.7586 20.328 -11.411 -4.187
3 5 20.937 -13.0027 -8.0559 20.843 -9.556 -16.257 20.4804 -10.8621 -7.7586
4 13 20.6174 -46.6415 47.754 20.955 -50.349 47.134 21.378 -49.686 43.087 20.8681 -46.5451 45.5378
3 13 21.378 -49.686 43.087 21.0947 -46.4619 43.6242 20.8681 -46.5451 45.5378
3 13 20.264 -59.124 54.033 20.569 -66.586 52.821 21.182 -65.942 48.755
3 13 21.182 -65.942 48.755 20.908 -58.47 49.964 20.264 -59.124 54.033
3 2 20.3423 -95.6993 43.3287 20.735 -95.207 40.048 20.7799 -89.9943 44
3 13 20.794 -88.364 45.236 20.25 -95.815 44.1 20.7799 -89.9943 44
3 13 20.7799 -89.9943 44 20.25 -95.815 44.1 20.3423 -95.6993 43.3287
3 13 20.25 -95.815 44.1 20.794 -88.364 45.236 20.223 -88.978 49.297
3 13 20.223 -88.978 49.297 20.794 -88.364 45.236 20.549 -81.522 50.453
3 2 21.6881 -106.1967 9.4712 21.7321 -106.024 9.277 21.75 -105.762 9.535
3 351 20.3528 -116.6443 6.2098 21.076 -115.645 -.195 21.5544 -108.6308 6.7106
4 13 20.162 -116.908 7.9 20.3528 -116.6443 6.2098 21.5544 -108.6308 6.7106 21.7321 -106.024 9.277
3 13 20.162 -116.908 7.9 21.7321 -106.024 9.277 21.6881 -106.1967 9.4712
4 2 21.01 -107.023 17.615 20.7164 -110.4456 14.2513 21.6881 -106.1967 9.4712 21.75 -105.762 9.535
3 13 20.162 -116.908 7.9 21.6881 -106.1967 9.4712 20.7164 -110.4456 14.2513
3 2 19.982 -102.645 38.93 20.423 -102.043 34.882 20.735 -95.207 40.048
3 2 19.982 -102.645 38.93 20.735 -95.207 40.048 20.3423 -95.6993 43.3287
3 2 19.982 -102.645 38.93 20.3423 -95.6993 43.3287 20.1997 -97.098 43.1289
3 13 20.1997 -97.098 43.1289 20.3423 -95.6993 43.3287 20.25 -95.815 44.1
3 2 20.2461 -112.3146 16.839 20.3535 -112 16 21.01 -107.023 17.615
3 2 20.3535 -112 16 20.7164 -110.4456 14.2513 21.01 -107.023 17.615
3 13 20.3535 -112 16 20.2461 -112.3146 16.839 19.938 -114.449 16.526
4 13 20.3535 -112 16 19.938 -114.449 16.526 20.162 -116.908 7.9 20.7164 -110.4456 14.2513
4 2 20.2461 -112.3146 16.839 21.01 -107.023 17.615 20.648 -107.644 21.654 20.1212 -112.6934 17.849
3 13 19.938 -114.449 16.526 20.2461 -112.3146 16.839 20.1212 -112.6934 17.849
3 5 19.92 -128.404 -22.232 21.331 -123.024 -23.065 20.677 -121.747 -9.36
3 5 20.677 -121.747 -9.36 19.011 -129.052 -10.398 19.92 -128.404 -22.232
3 13 19.91 -74.687 55.707 20.549 -81.522 50.453 20.663 -74.055 51.628
3 2 19.882 -108.864 29.738 20.7021 -105.6542 24.5966 20.817 -101.433 30.839
3 2 20.817 -101.433 30.839 20.423 -102.043 34.882 19.882 -108.864 29.738
3 2 20.648 -107.644 21.654 20.7021 -105.6542 24.5966 19.882 -108.864 29.738
3 13 20.223 -88.978 49.297 20.549 -81.522 50.453 19.824 -82.142 54.529
3 13 19.824 -82.142 54.529 20.549 -81.522 50.453 19.91 -74.687 55.707
3 13 19.91 -74.687 55.707 20.663 -74.055 51.628 19.775 -67.229 56.905
3 13 19.775 -67.229 56.905 20.663 -74.055 51.628 20.569 -66.586 52.821
3 13 20.908 -58.47 49.964 19.737 -51.676 55.266 20.264 -59.124 54.033
3 13 20.908 -58.47 49.964 20.423 -51.012 51.192 19.737 -51.676 55.266
4 351 21.076 -115.645 -.195 20.3528 -116.6443 6.2098 20.0784 -118.0974 6.1189 19.732 -123.025 -1.26
3 13 20.0784 -118.0974 6.1189 20.3528 -116.6443 6.2098 20.162 -116.908 7.9
4 13 20.2915 -46.7376 49.9641 20.0217 -46.8215 51.8955 20.423 -51.012 51.192 20.955 -50.349 47.134
3 13 20.955 -50.349 47.134 20.6174 -46.6415 47.754 20.2915 -46.7376 49.9641
3 13 19.674 -96.416 48.161 20.25 -95.815 44.1 20.223 -88.978 49.297
3 351 21.092 -20.728 6.585 21.818 -18.802 -5.501 19.674 -13.331 7.893
3 351 20.328 -11.411 -4.187 19.674 -13.331 7.893 21.818 -18.802 -5.501
3 2 20.1212 -112.6934 17.849 20.648 -107.644 21.654 19.7256 -113.7834 20.7557
4 13 19.938 -114.449 16.526 20.1212 -112.6934 17.849 19.7256 -113.7834 20.7557 19.534 -115.059 20.569
3 2 19.5826 -114.1937 21.8498 19.7256 -113.7834 20.7557 20.648 -107.644 21.654
3 2 20.648 -107.644 21.654 19.882 -108.864 29.738 19.5826 -114.1937 21.8498
3 13 19.534 -115.059 20.569 19.7256 -113.7834 20.7557 19.5826 -114.1937 21.8498
3 13 19.516 -89.586 53.371 19.674 -96.416 48.161 20.223 -88.978 49.297
3 13 19.516 -89.586 53.371 20.223 -88.978 49.297 19.824 -82.142 54.529
3 2 20.1049 -98 43 19.6318 -103.0555 41.7361 19.982 -102.645 38.93
3 2 20.1049 -98 43 19.982 -102.645 38.93 20.1997 -97.098 43.1289
4 13 20.25 -95.815 44.1 19.476 -103.238 42.984 20.1049 -98 43 20.1997 -97.098 43.1289
3 13 20.1049 -98 43 19.476 -103.238 42.984 19.6318 -103.0555 41.7361
3 13 19.674 -96.416 48.161 19.476 -103.238 42.984 20.25 -95.815 44.1
3 2 19.454 -109.46 33.784 19.882 -108.864 29.738 20.423 -102.043 34.882
3 2 20.423 -102.043 34.882 19.982 -102.645 38.93 19.454 -109.46 33.784
3 13 19.416 -59.777 58.122 19.775 -67.229 56.905 20.569 -66.586 52.821
3 13 20.569 -66.586 52.821 20.264 -59.124 54.033 19.416 -59.777 58.122
3 351 20.3295 -20.1564 14.9664 21.092 -20.728 6.585 19.296 -14.641 15.941
3 351 19.674 -13.331 7.893 19.296 -14.641 15.941 21.092 -20.728 6.585
3 5 19.011 -129.052 -10.398 20.677 -121.747 -9.36 19.1553 -127.8457 -8.5691
3 351 19.1553 -127.8457 -8.5691 20.677 -121.747 -9.36 19.732 -123.025 -1.26
3 2 18.98 -110.045 37.835 19.454 -109.46 33.784 19.982 -102.645 38.93
3 2 19.2899 -105.7922 41.052 18.98 -110.045 37.835 19.982 -102.645 38.93
3 2 19.2899 -105.7922 41.052 19.982 -102.645 38.93 19.6318 -103.0555 41.7361
3 13 19.2899 -105.7922 41.052 19.6318 -103.0555 41.7361 19.476 -103.238 42.984
3 2 18.974 -97.009 52.234 19.4605 -96.5969 49.4032 19.3033 -94 52
3 2 19.4128 -91 53.1544 18.974 -97.009 52.234 19.3033 -94 52
4 13 19.674 -96.416 48.161 19.516 -89.586 53.371 19.4128 -91 53.1544 19.3033 -94 52
3 13 19.3033 -94 52 19.4605 -96.5969 49.4032 19.674 -96.416 48.161
4 13 19.2558 -47.0064 56.0542 19.737 -51.676 55.266 20.423 -51.012 51.192 19.5469 -46.9308 54.4085
3 13 20.423 -51.012 51.192 20.0217 -46.8215 51.8955 19.5469 -46.9308 54.4085
3 5 20.814 -6.77 -27.914 19.677 -2.824 -27.639 18.96 -1.155 -22.92
3 5 21.047 -8.379 -24.286 20.814 -6.77 -27.914 18.96 -1.155 -22.92
3 13 20.1076 -20.0396 17.7136 18.939 -15.979 23.988 19.7535 -20.3453 23.2149
3 351 20.3295 -20.1564 14.9664 19.296 -14.641 15.941 20.1531 -20 17
3 351 20.1531 -20 17 19.296 -14.641 15.941 19.2045 -14.9839 18.0032
4 13 18.939 -15.979 23.988 20.1076 -20.0396 17.7136 20.1531 -20 17 19.2045 -14.9839 18.0032
3 13 19.824 -82.142 54.529 19.91 -74.687 55.707 18.917 -75.315 59.81
3 2 18.886 -103.823 47.047 19.4264 -103.2871 43.3253 19.4973 -99 47
3 2 18.886 -103.823 47.047 19.4973 -99 47 19.4958 -98.0909 47.9091
3 13 19.4973 -99 47 19.674 -96.416 48.161 19.4958 -98.0909 47.9091
3 13 19.4973 -99 47 19.476 -103.238 42.984 19.674 -96.416 48.161
3 13 19.4973 -99 47 19.4264 -103.2871 43.3253 19.476 -103.238 42.984
3 2 18.886 -103.823 47.047 19.4958 -98.0909 47.9091 19.4605 -96.5969 49.4032
3 2 18.974 -97.009 52.234 18.886 -103.823 47.047 19.4605 -96.5969 49.4032
3 13 19.4958 -98.0909 47.9091 19.674 -96.416 48.161 19.4605 -96.5969 49.4032
3 13 18.885 -82.758 58.626 19.516 -89.586 53.371 19.824 -82.142 54.529
3 13 18.885 -82.758 58.626 19.824 -82.142 54.529 18.917 -75.315 59.81
3 5 20.843 -9.556 -16.257 21.047 -8.379 -24.286 18.875 -2.28 -14.901
3 5 21.047 -8.379 -24.286 18.96 -1.155 -22.92 18.875 -2.28 -14.901
3 13 18.823 -52.34 59.361 19.416 -59.777 58.122 20.264 -59.124 54.033
3 13 18.823 -52.34 59.361 20.264 -59.124 54.033 19.737 -51.676 55.266
3 351 18.8754 -124.1047 5.7435 19.732 -123.025 -1.26 20.0784 -118.0974 6.1189
4 13 18.741 -124.274 6.842 18.8754 -124.1047 5.7435 20.0784 -118.0974 6.1189 20.162 -116.908 7.9
3 13 18.917 -75.315 59.81 19.91 -74.687 55.707 18.713 -67.869 61.014
3 13 19.91 -74.687 55.707 19.775 -67.229 56.905 18.713 -67.869 61.014
3 2 19.2702 -115 24 18.68 -116.249 28.66 19.1021 -115.6608 24.6608
3 2 18.68 -116.249 28.66 19.2702 -115 24 19.882 -108.864 29.738
3 2 19.2702 -115 24 19.5826 -114.1937 21.8498 19.882 -108.864 29.738
3 13 19.1021 -115.6608 24.6608 19.534 -115.059 20.569 19.2702 -115 24
3 13 19.2702 -115 24 19.534 -115.059 20.569 19.5826 -114.1937 21.8498
3 2 18.68 -116.249 28.66 19.882 -108.864 29.738 19.454 -109.46 33.784
3 2 18.974 -97.009 52.234 19.4128 -91 53.1544 19.0353 -91 55
3 2 18.974 -97.009 52.234 19.0353 -91 55 18.7847 -93.4016 55
3 13 19.516 -89.586 53.371 19.0353 -91 55 19.4128 -91 53.1544
3 13 18.7847 -93.4016 55 19.0353 -91 55 18.616 -90.188 57.464
3 13 19.0353 -91 55 19.516 -89.586 53.371 18.616 -90.188 57.464
3 13 19.516 -89.586 53.371 18.885 -82.758 58.626 18.616 -90.188 57.464
3 13 20.162 -116.908 7.9 18.58 -121.823 15.462 18.741 -124.274 6.842
3 13 18.58 -121.823 15.462 20.162 -116.908 7.9 19.938 -114.449 16.526
3 13 18.58 -121.823 15.462 19.938 -114.449 16.526 19.534 -115.059 20.569
3 13 18.534 -17.343 32.04 19.1857 -20.8014 31.4254 19.4863 -20.5576 27.0363
4 13 19.4863 -20.5576 27.0363 19.7535 -20.3453 23.2149 18.939 -15.979 23.988 18.534 -17.343 32.04
4 351 20.328 -11.411 -4.187 20.4804 -10.8621 -7.7586 19.2279 -5.8094 -7.0569 18.488 -4.093 -2.842
3 5 20.4804 -10.8621 -7.7586 20.843 -9.556 -16.257 19.2279 -5.8094 -7.0569
3 351 19.2279 -5.8094 -7.0569 18.613 -3.5074 -6.7371 18.488 -4.093 -2.842
4 5 18.613 -3.5074 -6.7371 19.2279 -5.8094 -7.0569 20.843 -9.556 -16.257 18.875 -2.28 -14.901
3 2 18.98 -110.045 37.835 19.2899 -105.7922 41.052 18.445 -110.621 41.891
3 2 18.445 -110.621 41.891 19.2899 -105.7922 41.052 19.4005 -103.7787 42.904
3 13 19.476 -103.238 42.984 19.4005 -103.7787 42.904 19.2899 -105.7922 41.052
3 2 18.445 -110.621 41.891 19.4005 -103.7787 42.904 19.4264 -103.2871 43.3253
3 2 18.886 -103.823 47.047 18.445 -110.621 41.891 19.4264 -103.2871 43.3253
3 13 19.4005 -103.7787 42.904 19.476 -103.238 42.984 19.4264 -103.2871 43.3253
3 13 18.8806 -21.1473 35.5155 18.9972 -20.9306 33.7507 18.288 -18.035 36.07
4 13 18.288 -18.035 36.07 18.9972 -20.9306 33.7507 19.1857 -20.8014 31.4254 18.534 -17.343 32.04
3 13 18.713 -67.869 61.014 19.775 -67.229 56.905 18.271 -60.429 62.239
3 13 19.775 -67.229 56.905 19.416 -59.777 58.122 18.271 -60.429 62.239
3 5 18.267 -133.709 -21.334 19.92 -128.404 -22.232 19.011 -129.052 -10.398
3 2 18.3647 -116.6345 31.3655 18.68 -116.249 28.66 18.4229 -116 32
3 2 18.4229 -116 32 18.68 -116.249 28.66 19.454 -109.46 33.784
3 2 18.3092 -116.2278 32.7972 18.4229 -116 32 19.454 -109.46 33.784
4 13 18.208 -116.826 32.71 18.3647 -116.6345 31.3655 18.4229 -116 32 18.3092 -116.2278 32.7972
3 2 19.454 -109.46 33.784 18.98 -110.045 37.835 18.2664 -116.3135 33.0973
3 2 18.2664 -116.3135 33.0973 18.3092 -116.2278 32.7972 19.454 -109.46 33.784
3 13 18.208 -116.826 32.71 18.3092 -116.2278 32.7972 18.2664 -116.3135 33.0973
3 2 18.181 -104.399 51.12 18.886 -103.823 47.047 18.974 -97.009 52.234
3 5 19.677 -2.824 -27.639 18.166 1.728 -27.272 18.96 -1.155 -22.92
3 13 18.123 -122.418 19.51 18.58 -121.823 15.462 19.534 -115.059 20.569
3 2 18.556 -117.6226 26.6226 19.1021 -115.6608 24.6608 18.68 -116.249 28.66
3 13 18.556 -117.6226 26.6226 18.123 -122.418 19.51 19.534 -115.059 20.569
3 13 18.556 -117.6226 26.6226 19.534 -115.059 20.569 19.1021 -115.6608 24.6608
3 2 18.15 -101.8299 53.0851 18.181 -104.399 51.12 18.974 -97.009 52.234
3 2 18.974 -97.009 52.234 18.3011 -98 55 18.15 -101.8299 53.0851
3 2 18.3011 -98 55 18.974 -97.009 52.234 18.3824 -97.4045 55
3 13 18.15 -101.8299 53.0851 18.3011 -98 55 18.099 -97.594 56.325
3 13 18.3011 -98 55 18.3824 -97.4045 55 18.099 -97.594 56.325
3 2 18.3824 -97.4045 55 18.974 -97.009 52.234 18.7847 -93.4016 55
4 13 18.099 -97.594 56.325 18.3824 -97.4045 55 18.7847 -93.4016 55 18.616 -90.188 57.464
3 5 19.1553 -127.8457 -8.5691 18.7644 -129.3701 -8.3714 19.011 -129.052 -10.398
4 351 19.732 -123.025 -1.26 18.025 -130.324 -2.294 18.7644 -129.3701 -8.3714 19.1553 -127.8457 -8.5691
3 351 18.025 -130.324 -2.294 19.732 -123.025 -1.26 18.6503 -125.0402 5.685
3 351 18.6503 -125.0402 5.685 19.732 -123.025 -1.26 18.8754 -124.1047 5.7435
3 13 18.6503 -125.0402 5.685 18.8754 -124.1047 5.7435 18.741 -124.274 6.842
3 13 18.823 -52.34 59.361 19.737 -51.676 55.266 18.6027 -47.3204 58.723
3 13 18.823 -52.34 59.361 18.6027 -47.3204 58.723 18.2716 -47.4924 60.1852
3 13 19.737 -51.676 55.266 19.2558 -47.0064 56.0542 18.6027 -47.3204 58.723
3 351 19.674 -13.331 7.893 20.328 -11.411 -4.187 19.3219 -11 6
3 351 19.674 -13.331 7.893 19.3219 -11 6 19.0704 -10.8191 8.3522
3 351 19.3219 -11 6 20.328 -11.411 -4.187 18.3228 -6.9222 6.9595
4 351 20.328 -11.411 -4.187 18.488 -4.093 -2.842 18.0083 -5.6926 7.2488 18.3228 -6.9222 6.9595
3 2 17.831 -111.186 45.955 18.445 -110.621 41.891 18.886 -103.823 47.047
3 2 18.886 -103.823 47.047 18.181 -104.399 51.12 17.831 -111.186 45.955
3 2 18.98 -110.045 37.835 17.693 -117.39 36.765 18.2664 -116.3135 33.0973
3 13 17.693 -117.39 36.765 18.208 -116.826 32.71 18.2664 -116.3135 33.0973
3 2 17.693 -117.39 36.765 18.98 -110.045 37.835 18.445 -110.621 41.891
3 13 17.646 -19.432 44.145 18.4261 -23.4092 43.4323 18.6348 -22.3135 39.5972
3 13 18.8806 -21.1473 35.5155 17.646 -19.432 44.145 18.6348 -22.3135 39.5972
3 13 17.646 -19.432 44.145 18.8806 -21.1473 35.5155 18.288 -18.035 36.07
3 13 18.885 -82.758 58.626 17.633 -83.368 62.753 18.616 -90.188 57.464
3 13 17.582 -53.004 63.487 18.271 -60.429 62.239 19.416 -59.777 58.122
3 13 19.416 -59.777 58.122 18.823 -52.34 59.361 17.582 -53.004 63.487
3 13 17.633 -83.368 62.753 18.885 -82.758 58.626 17.581 -75.939 63.944
3 13 17.581 -75.939 63.944 18.885 -82.758 58.626 18.917 -75.315 59.81
3 351 19.674 -13.331 7.893 18.6841 -10.5157 12.2953 18.2374 -10.1725 16.7576
3 351 19.296 -14.641 15.941 19.674 -13.331 7.893 18.2374 -10.1725 16.7576
3 351 18.2374 -10.1725 16.7576 18.0166 -10 19 19.296 -14.641 15.941
3 351 19.0704 -10.8191 8.3522 18.6841 -10.5157 12.2953 19.674 -13.331 7.893
3 13 18.099 -97.594 56.325 18.616 -90.188 57.464 17.434 -90.783 61.585
3 13 17.434 -90.783 61.585 18.616 -90.188 57.464 17.633 -83.368 62.753
3 2 18.0657 -104 52 18.0625 -104.4768 51.6821 18.181 -104.399 51.12
3 2 18.0657 -104 52 18.181 -104.399 51.12 18.15 -101.8299 53.0851
3 13 17.319 -104.965 55.208 18.0625 -104.4768 51.6821 18.0657 -104 52
3 13 17.319 -104.965 55.208 18.0657 -104 52 18.15 -101.8299 53.0851
3 13 18.15 -101.8299 53.0851 18.099 -97.594 56.325 17.319 -104.965 55.208
3 13 17.581 -75.939 63.944 18.917 -75.315 59.81 17.286 -68.506 65.156
3 13 18.917 -75.315 59.81 18.713 -67.869 61.014 17.286 -68.506 65.156
3 13 17.213 -20.138 48.193 18.095 -24.5431 47.4009 18.2757 -23.8984 45.1443
4 13 17.646 -19.432 44.145 17.213 -20.138 48.193 18.2757 -23.8984 45.1443 18.4261 -23.4092 43.4323
3 351 19.2045 -14.9839 18.0032 19.296 -14.641 15.941 18.7537 -13.0933 18.3814
4 13 18.939 -15.979 23.988 19.2045 -14.9839 18.0032 18.7537 -13.0933 18.3814 17.8258 -10.4447 22.5574
3 13 18.939 -15.979 23.988 17.8258 -10.4447 22.5574 17.6978 -10.7435 24.9476
3 351 19.296 -14.641 15.941 18.0166 -10 19 18.7537 -13.0933 18.3814
3 13 18.7537 -13.0933 18.3814 18.0166 -10 19 17.8258 -10.4447 22.5574
3 2 18.3167 -118 28.4089 18.4399 -118 27 18.68 -116.249 28.66
3 2 18.68 -116.249 28.66 18.4399 -118 27 18.556 -117.6226 26.6226
4 13 18.4399 -118 27 18.3167 -118 28.4089 17.162 -123.565 27.611 18.123 -122.418 19.51
3 13 18.4399 -118 27 18.123 -122.418 19.51 18.556 -117.6226 26.6226
3 2 18.1811 -118 30 18.3167 -118 28.4089 18.68 -116.249 28.66
3 2 18.1811 -118 30 18.68 -116.249 28.66 18.3647 -116.6345 31.3655
3 13 18.1811 -118 30 18.3647 -116.6345 31.3655 18.208 -116.826 32.71
3 13 17.162 -123.565 27.611 18.1811 -118 30 18.208 -116.826 32.71
3 13 17.162 -123.565 27.611 18.3167 -118 28.4089 18.1811 -118 30
3 2 17.693 -117.39 36.765 17.5981 -116 40 17.3573 -117.714 39.143
4 2 18.445 -110.621 41.891 17.5797 -115.4029 41.1942 17.5981 -116 40 17.693 -117.39 36.765
3 13 17.5981 -116 40 17.12 -117.943 40.824 17.3573 -117.714 39.143
3 13 17.12 -117.943 40.824 17.5981 -116 40 17.5797 -115.4029 41.1942
4 2 17.831 -111.186 45.955 17.5195 -114.1466 43.7069 17.5797 -115.4029 41.1942 18.445 -110.621 41.891
3 13 17.12 -117.943 40.824 17.5797 -115.4029 41.1942 17.5195 -114.1466 43.7069
3 2 17.6283 -111.3424 47.1051 17.831 -111.186 45.955 18.181 -104.399 51.12
3 2 17.6283 -111.3424 47.1051 18.181 -104.399 51.12 18.0086 -105.5842 50.9439
3 13 17.113 -111.74 50.029 17.6283 -111.3424 47.1051 18.0086 -105.5842 50.9439
3 2 18.0086 -105.5842 50.9439 18.181 -104.399 51.12 18.0625 -104.4768 51.6821
4 13 17.319 -104.965 55.208 17.113 -111.74 50.029 18.0086 -105.5842 50.9439 18.0625 -104.4768 51.6821
3 13 17.319 -104.965 55.208 18.099 -97.594 56.325 16.972 -98.172 60.439
3 13 18.099 -97.594 56.325 17.434 -90.783 61.585 16.972 -98.172 60.439
3 351 17.0179 -131.4722 5.283 18.025 -130.324 -2.294 18.6503 -125.0402 5.685
4 13 16.947 -131.553 5.816 17.0179 -131.4722 5.283 18.6503 -125.0402 5.685 18.741 -124.274 6.842
3 5 16.883 -136.223 -11.396 18.267 -133.709 -21.334 19.011 -129.052 -10.398
4 5 19.011 -129.052 -10.398 18.7644 -129.3701 -8.3714 17.3359 -133.8834 -7.7861 16.883 -136.223 -11.396
3 351 18.7644 -129.3701 -8.3714 18.025 -130.324 -2.294 17.3359 -133.8834 -7.7861
3 13 18.741 -124.274 6.842 16.869 -129.118 14.429 16.947 -131.553 5.816
3 13 16.869 -129.118 14.429 18.741 -124.274 6.842 18.58 -121.823 15.462
3 13 16.869 -129.118 14.429 18.58 -121.823 15.462 18.123 -122.418 19.51
3 13 18.534 -17.343 32.04 18.939 -15.979 23.988 17.3145 -11.5123 31.0985
3 13 18.534 -17.343 32.04 17.3145 -11.5123 31.0985 17.1959 -11.7585 33.0682
3 13 18.939 -15.979 23.988 17.6978 -10.7435 24.9476 17.3145 -11.5123 31.0985
3 13 17.286 -68.506 65.156 18.713 -67.869 61.014 16.754 -61.079 66.388
3 13 16.754 -61.079 66.388 18.713 -67.869 61.014 18.271 -60.429 62.239
3 13 16.666 -20.846 52.253 17.6601 -25.6797 51.379 17.9223 -24.9695 48.8931
4 13 17.9223 -24.9695 48.8931 18.095 -24.5431 47.4009 17.213 -20.138 48.193 16.666 -20.846 52.253
3 13 17.162 -123.565 27.611 18.208 -116.826 32.71 16.638 -124.117 31.665
3 13 18.208 -116.826 32.71 17.693 -117.39 36.765 16.638 -124.117 31.665
4 13 16.9385 -47.9822 64.3491 17.582 -53.004 63.487 18.823 -52.34 59.361 17.3542 -47.8214 62.9818
3 13 18.823 -52.34 59.361 18.2716 -47.4924 60.1852 17.3542 -47.8214 62.9818
3 5 16.574 -138.31 -20.485 18.267 -133.709 -21.334 16.883 -136.223 -11.396
3 13 18.288 -18.035 36.07 18.534 -17.343 32.04 17.0242 -12.3831 36.1013
3 13 18.288 -18.035 36.07 17.0242 -12.3831 36.1013 17.0035 -12.714 37.0529
3 13 18.534 -17.343 32.04 17.1959 -11.7585 33.0682 17.0242 -12.3831 36.1013
3 2 17.4629 -113.1669 45.6662 17.5195 -114.1466 43.7069 17.831 -111.186 45.955
4 13 17.12 -117.943 40.824 17.5195 -114.1466 43.7069 17.4629 -113.1669 45.6662 16.475 -118.484 44.891
3 2 17.4629 -113.1669 45.6662 17.831 -111.186 45.955 17.6283 -111.3424 47.1051
4 13 17.4629 -113.1669 45.6662 17.6283 -111.3424 47.1051 17.113 -111.74 50.029 16.475 -118.484 44.891
3 5 18.96 -1.155 -22.92 16.43 4.854 -13.504 18.875 -2.28 -14.901
3 5 18.96 -1.155 -22.92 18.166 1.728 -27.272 16.381 5.906 -21.511
3 5 18.96 -1.155 -22.92 16.381 5.906 -21.511 16.43 4.854 -13.504
3 5 18.166 1.728 -27.272 16.51 6.019 -26.871 16.381 5.906 -21.511
3 13 16.35 -129.688 18.483 16.869 -129.118 14.429 18.123 -122.418 19.51
3 13 16.35 -129.688 18.483 18.123 -122.418 19.51 17.162 -123.565 27.611
3 13 16.252 -112.285 54.117 17.113 -111.74 50.029 17.319 -104.965 55.208
3 13 17.319 -104.965 55.208 16.232 -105.523 59.318 16.252 -112.285 54.117
3 13 17.319 -104.965 55.208 16.972 -98.172 60.439 16.232 -105.523 59.318
4 351 18.488 -4.093 -2.842 18.613 -3.5074 -6.7371 17.1184 1.2543 -6.0758 16.199 3.104 -1.457
3 5 18.613 -3.5074 -6.7371 18.875 -2.28 -14.901 17.1184 1.2543 -6.0758
3 351 16.281 3.7251 -5.7326 16.199 3.104 -1.457 17.1184 1.2543 -6.0758
3 5 17.1184 1.2543 -6.0758 18.875 -2.28 -14.901 16.43 4.854 -13.504
3 5 17.1184 1.2543 -6.0758 16.43 4.854 -13.504 16.281 3.7251 -5.7326
3 13 17.693 -117.39 36.765 16.073 -124.655 35.724 16.638 -124.117 31.665
3 2 17.3046 -118 39 17.693 -117.39 36.765 17.3573 -117.714 39.143
3 13 17.693 -117.39 36.765 17.3046 -118 39 16.073 -124.655 35.724
3 13 16.073 -124.655 35.724 17.3046 -118 39 17.12 -117.943 40.824
3 13 17.3046 -118 39 17.3573 -117.714 39.143 17.12 -117.943 40.824
3 13 17.434 -90.783 61.585 17.633 -83.368 62.753 16.011 -83.973 66.911
3 13 16.754 -61.079 66.388 18.271 -60.429 62.239 15.991 -53.667 67.64
3 13 18.271 -60.429 62.239 17.582 -53.004 63.487 15.991 -53.667 67.64
3 13 17.0795 -26.8205 55.3718 17.4627 -26.043 52.6504 15.957 -21.558 56.328
4 13 15.957 -21.558 56.328 17.4627 -26.043 52.6504 17.6601 -25.6797 51.379 16.666 -20.846 52.253
3 13 15.912 -76.559 68.103 16.011 -83.973 66.911 17.633 -83.368 62.753
3 13 17.633 -83.368 62.753 17.581 -75.939 63.944 15.912 -76.559 68.103
3 13 17.434 -90.783 61.585 15.879 -91.371 65.737 16.972 -98.172 60.439
3 13 16.011 -83.973 66.911 15.879 -91.371 65.737 17.434 -90.783 61.585
4 13 16.7795 -14.4106 41.9304 16.6606 -15.439 44.8871 17.646 -19.432 44.145 18.288 -18.035 36.07
3 13 18.288 -18.035 36.07 17.0035 -12.714 37.0529 16.7795 -14.4106 41.9304
3 5 17.3359 -133.8834 -7.7861 16.3741 -136.8482 -7.4017 16.883 -136.223 -11.396
4 351 18.025 -130.324 -2.294 15.85 -137.492 -3.288 16.3741 -136.8482 -7.4017 17.3359 -133.8834 -7.7861
3 351 15.85 -137.492 -3.288 18.025 -130.324 -2.294 17.0179 -131.4722 5.283
3 351 15.85 -137.492 -3.288 17.0179 -131.4722 5.283 16.8794 -131.9189 5.2551
3 13 16.8794 -131.9189 5.2551 17.0179 -131.4722 5.283 16.947 -131.553 5.816
3 13 15.735 -119.013 48.966 16.475 -118.484 44.891 17.113 -111.74 50.029
3 13 15.735 -119.013 48.966 17.113 -111.74 50.029 16.252 -112.285 54.117
3 351 18.0083 -5.6926 7.2488 18.488 -4.093 -2.842 16.1093 .4414 8.6921
3 351 16.1093 .4414 8.6921 18.488 -4.093 -2.842 16.199 3.104 -1.457
3 351 16.1093 .4414 8.6921 16.199 3.104 -1.457 15.7814 1.4604 8.9319
3 13 15.912 -76.559 68.103 17.581 -75.939 63.944 15.596 -69.141 69.315
3 13 15.596 -69.141 69.315 17.581 -75.939 63.944 17.286 -68.506 65.156
3 13 16.972 -98.172 60.439 15.491 -98.742 64.586 16.232 -105.523 59.318
3 13 15.491 -98.742 64.586 16.972 -98.172 60.439 15.879 -91.371 65.737
3 13 17.12 -117.943 40.824 15.456 -125.179 39.787 16.073 -124.655 35.724
3 13 15.456 -125.179 39.787 17.12 -117.943 40.824 16.475 -118.484 44.891
4 13 16.5089 -16.1327 46.8816 16.377 -16.8052 48.8149 17.213 -20.138 48.193 17.646 -19.432 44.145
3 13 17.646 -19.432 44.145 16.6606 -15.439 44.8871 16.5089 -16.1327 46.8816
3 13 15.491 -98.742 64.586 15.365 -107.146 61.321 16.232 -105.523 59.318
3 13 15.288 -111.765 58.658 16.232 -105.523 59.318 15.365 -107.146 61.321
3 13 15.261 -130.778 26.595 16.35 -129.688 18.483 17.162 -123.565 27.611
3 13 15.261 -130.778 26.595 17.162 -123.565 27.611 16.638 -124.117 31.665
3 13 15.365 -107.146 61.321 15.491 -98.742 64.586 15.084 -100.495 65.022
3 13 15.596 -69.141 69.315 17.286 -68.506 65.156 15.063 -61.727 70.545
3 13 16.754 -61.079 66.388 15.063 -61.727 70.545 17.286 -68.506 65.156
3 13 16.8784 -27.178 56.3738 15.01 -22.272 60.426 16.4196 -28.5597 59.2753
3 13 16.8784 -27.178 56.3738 15.957 -21.558 56.328 15.01 -22.272 60.426
3 13 15.957 -21.558 56.328 16.8784 -27.178 56.3738 17.0795 -26.8205 55.3718
4 13 15.2921 -48.4746 68.5337 15.991 -53.667 67.64 17.582 -53.004 63.487 15.7827 -48.325 67.2625
3 13 17.582 -53.004 63.487 16.9385 -47.9822 64.3491 15.7827 -48.325 67.2625
3 5 16.381 5.906 -21.511 14.987 8.339 -12.786 16.43 4.854 -13.504
3 13 16.232 -105.523 59.318 14.977 -116.583 55.79 16.252 -112.285 54.117
3 13 14.977 -116.583 55.79 16.232 -105.523 59.318 15.288 -111.765 58.658
4 351 14.844 6.633 -.746 16.199 3.104 -1.457 16.281 3.7251 -5.7326 15.425 5.9814 -5.4193
3 5 15.425 5.9814 -5.4193 16.281 3.7251 -5.7326 16.43 4.854 -13.504
3 351 14.8974 7.2698 -5.2403 14.844 6.633 -.746 15.425 5.9814 -5.4193
4 5 14.987 8.339 -12.786 14.8974 7.2698 -5.2403 15.425 5.9814 -5.4193 16.43 4.854 -13.504
3 13 16.666 -20.846 52.253 17.213 -20.138 48.193 16.1993 -17.3867 50.4867
3 13 16.666 -20.846 52.253 16.1993 -17.3867 50.4867 15.9819 -18.1751 52.7534
3 13 17.213 -20.138 48.193 16.377 -16.8052 48.8149 16.1993 -17.3867 50.4867
3 13 15.456 -125.179 39.787 16.475 -118.484 44.891 14.774 -125.691 43.857
3 13 16.475 -118.484 44.891 15.735 -119.013 48.966 14.774 -125.691 43.857
3 13 14.715 -136.283 13.436 16.947 -131.553 5.816 16.869 -129.118 14.429
3 13 16.35 -129.688 18.483 14.715 -136.283 13.436 16.869 -129.118 14.429
3 13 14.678 -131.298 30.654 15.261 -130.778 26.595 16.638 -124.117 31.665
3 13 14.678 -131.298 30.654 16.638 -124.117 31.665 16.073 -124.655 35.724
3 5 16.51 6.019 -26.871 14.674 10.142 -26.43 16.381 5.906 -21.511
3 351 14.673 -138.689 4.832 15.85 -137.492 -3.288 16.8794 -131.9189 5.2551
3 13 14.673 -138.689 4.832 16.8794 -131.9189 5.2551 16.947 -131.553 5.816
3 13 14.673 -138.689 4.832 16.947 -131.553 5.816 14.715 -136.283 13.436
3 13 14.452 -121.333 52.867 16.252 -112.285 54.117 14.977 -116.583 55.79
3 13 15.084 -100.495 65.022 15.491 -98.742 64.586 14.369 -93.06 68.965
3 13 15.491 -98.742 64.586 15.879 -91.371 65.737 14.369 -93.06 68.965
3 13 14.307 -54.329 71.796 15.063 -61.727 70.545 16.754 -61.079 66.388
3 13 16.754 -61.079 66.388 15.991 -53.667 67.64 14.307 -54.329 71.796
3 13 14.369 -93.06 68.965 15.879 -91.371 65.737 14.246 -84.573 71.074
3 13 15.879 -91.371 65.737 16.011 -83.973 66.911 14.246 -84.573 71.074
3 13 14.171 -77.176 72.264 14.246 -84.573 71.074 16.011 -83.973 66.911
3 13 16.011 -83.973 66.911 15.912 -76.559 68.103 14.171 -77.176 72.264
3 5 14.822 -142.399 -19.666 16.574 -138.31 -20.485 14.155 -143.17 -12.342
3 5 14.155 -143.17 -12.342 16.574 -138.31 -20.485 16.883 -136.223 -11.396
4 5 16.883 -136.223 -11.396 16.3741 -136.8482 -7.4017 15.1523 -139.8293 -7.0151 14.155 -143.17 -12.342
3 351 16.3741 -136.8482 -7.4017 15.85 -137.492 -3.288 15.1523 -139.8293 -7.0151
3 13 14.122 -136.82 17.496 14.715 -136.283 13.436 16.35 -129.688 18.483
3 13 14.122 -136.82 17.496 16.35 -129.688 18.483 15.261 -130.778 26.595
3 13 14.06 -131.803 34.717 14.678 -131.298 30.654 16.073 -124.655 35.724
3 13 14.06 -131.803 34.717 16.073 -124.655 35.724 15.456 -125.179 39.787
4 13 15.4267 -19.55 56.7062 15.957 -21.558 56.328 16.666 -20.846 52.253 15.7791 -18.6436 54.1004
3 13 15.7791 -18.6436 54.1004 16.666 -20.846 52.253 15.9819 -18.1751 52.7534
3 13 15.735 -119.013 48.966 14.008 -126.193 47.934 14.774 -125.691 43.857
3 13 14.008 -126.193 47.934 15.735 -119.013 48.966 16.252 -112.285 54.117
3 13 14.1927 -32.2964 67.1225 14.3858 -31.9973 66.4943 13.914 -30.94 67.367
3 13 15.455 -30.237 63.217 13.914 -30.94 67.367 14.3858 -31.9973 66.4943
3 13 14.171 -77.176 72.264 15.912 -76.559 68.103 13.874 -69.772 73.474
3 13 15.596 -69.141 69.315 13.874 -69.772 73.474 15.912 -76.559 68.103
3 5 15.1523 -139.8293 -7.0151 13.928 -142.8656 -6.6213 14.155 -143.17 -12.342
4 351 15.85 -137.492 -3.288 13.824 -142.726 -3.999 13.928 -142.8656 -6.6213 15.1523 -139.8293 -7.0151
3 351 13.824 -142.726 -3.999 15.85 -137.492 -3.288 14.673 -138.689 4.832
4 13 13.886 -23.6739 64.4293 15.455 -30.237 63.217 16.3003 -28.7758 59.7293 13.9508 -23.5016 64.1277
3 13 15.01 -22.272 60.426 16.3003 -28.7758 59.7293 16.4196 -28.5597 59.2753
3 13 13.9508 -23.5016 64.1277 16.3003 -28.7758 59.7293 15.01 -22.272 60.426
3 13 13.9508 -23.5016 64.1277 15.01 -22.272 60.426 14.3161 -22.6578 62.6511
3 13 13.69 -126.22 49.749 14.008 -126.193 47.934 16.252 -112.285 54.117
3 13 13.69 -126.22 49.749 16.252 -112.285 54.117 14.452 -121.333 52.867
3 13 13.398 -132.295 38.784 14.06 -131.803 34.717 15.456 -125.179 39.787
3 13 13.398 -132.295 38.784 15.456 -125.179 39.787 14.774 -125.691 43.857
3 13 13.355 -62.374 74.703 13.874 -69.772 73.474 15.596 -69.141 69.315
3 13 13.355 -62.374 74.703 15.596 -69.141 69.315 15.063 -61.727 70.545
4 13 13.589 -48.967 72.7199 14.307 -54.329 71.796 15.991 -53.667 67.64 14.0652 -48.8297 71.5523
3 13 15.991 -53.667 67.64 15.2921 -48.4746 68.5337 14.0652 -48.8297 71.5523
3 351 14.844 6.633 -.746 14.8974 7.2698 -5.2403 13.9639 9.4167 -4.9509
3 351 14.844 6.633 -.746 13.9639 9.4167 -4.9509 13.32 10.095 -.02
3 5 14.8974 7.2698 -5.2403 14.987 8.339 -12.786 13.9639 9.4167 -4.9509
3 5 13.9639 9.4167 -4.9509 14.987 8.339 -12.786 13.374 11.752 -12.053
3 5 13.9639 9.4167 -4.9509 13.374 11.752 -12.053 13.3414 10.7523 -4.7934
3 351 13.9639 9.4167 -4.9509 13.3414 10.7523 -4.7934 13.32 10.095 -.02
3 5 16.381 5.906 -21.511 14.674 10.142 -26.43 13.208 12.722 -20.05
3 5 14.987 8.339 -12.786 16.381 5.906 -21.511 13.208 12.722 -20.05
3 5 14.987 8.339 -12.786 13.208 12.722 -20.05 13.374 11.752 -12.053
4 13 15.2078 -19.9046 57.7258 14.7895 -21.473 60.5777 15.01 -22.272 60.426 15.957 -21.558 56.328
3 13 15.2078 -19.9046 57.7258 15.957 -21.558 56.328 15.4267 -19.55 56.7062
3 13 14.369 -93.06 68.965 14.246 -84.573 71.074 12.977 -81.731 74.576
3 13 14.246 -84.573 71.074 14.171 -77.176 72.264 12.977 -81.731 74.576
4 351 16.199 3.104 -1.457 14.844 6.633 -.746 13.144 8.0325 10.721 13.2988 7.6452 10.5836
3 351 13.2988 7.6452 10.5836 15.7814 1.4604 8.9319 16.199 3.104 -1.457
3 351 14.844 6.633 -.746 13.32 10.095 -.02 13.144 8.0325 10.721
3 351 13.144 8.0325 10.721 13.32 10.095 -.02 12.9857 8.381 10.8446
3 13 12.898 -137.836 25.619 14.122 -136.82 17.496 15.261 -130.778 26.595
3 13 15.261 -130.778 26.595 14.678 -131.298 30.654 12.898 -137.836 25.619
3 5 12.846 -146.38 -18.8 14.822 -142.399 -19.666 14.155 -143.17 -12.342
3 13 12.735 -141.526 12.722 14.673 -138.689 4.832 14.715 -136.283 13.436
3 13 12.735 -141.526 12.722 14.715 -136.283 13.436 14.122 -136.82 17.496
3 13 12.711 -131.051 46.544 14.008 -126.193 47.934 13.69 -126.22 49.749
3 13 14.774 -125.691 43.857 14.008 -126.193 47.934 12.711 -131.051 46.544
3 13 13.398 -132.295 38.784 14.774 -125.691 43.857 12.68 -132.777 42.857
3 13 12.68 -132.777 42.857 14.774 -125.691 43.857 12.711 -131.051 46.544
3 5 14.674 10.142 -26.43 12.625 14.163 -25.94 13.208 12.722 -20.05
3 13 13.355 -62.374 74.703 15.063 -61.727 70.545 12.61 -54.99 75.953
3 13 12.61 -54.99 75.953 15.063 -61.727 70.545 14.307 -54.329 71.796
3 351 12.564 -143.889 4.13 13.824 -142.726 -3.999 14.673 -138.689 4.832
3 351 12.564 -143.889 4.13 14.673 -138.689 4.832 12.5726 -143.7702 4.562
3 13 12.5726 -143.7702 4.562 14.673 -138.689 4.832 12.735 -141.526 12.722
3 13 12.258 -138.319 29.684 12.898 -137.836 25.619 14.678 -131.298 30.654
3 13 12.258 -138.319 29.684 14.678 -131.298 30.654 14.06 -131.803 34.717
3 13 12.255 -31.644 71.52 12.7763 -34.1731 71.0636 13.1977 -33.6135 69.8882
3 13 13.1977 -33.6135 69.8882 13.914 -30.94 67.367 12.255 -31.644 71.52
3 13 13.1977 -33.6135 69.8882 14.1927 -32.2964 67.1225 13.914 -30.94 67.367
3 13 12.977 -81.731 74.576 14.171 -77.176 72.264 12.137 -70.401 77.634
3 13 14.171 -77.176 72.264 13.874 -69.772 73.474 12.137 -70.401 77.634
4 13 12.6614 -25.8876 68.3033 13.914 -30.94 67.367 15.455 -30.237 63.217 12.9528 -25.3353 67.3369
3 13 12.9528 -25.3353 67.3369 15.455 -30.237 63.217 13.886 -23.6739 64.4293
3 13 12.087 -142.032 16.787 12.735 -141.526 12.722 14.122 -136.82 17.496
3 13 12.898 -137.836 25.619 12.087 -142.032 16.787 14.122 -136.82 17.496
3 5 12.846 -146.38 -18.8 14.155 -143.17 -12.342 11.646 -148.159 -13.01
3 13 14.3161 -22.6578 62.6511 15.01 -22.272 60.426 14.6988 -21.6766 60.9341
3 13 15.01 -22.272 60.426 14.7895 -21.473 60.5777 14.6988 -21.6766 60.9341
3 13 12.137 -70.401 77.634 13.874 -69.772 73.474 11.633 -63.018 78.862
3 13 13.874 -69.772 73.474 13.355 -62.374 74.703 11.633 -63.018 78.862
3 13 12.61 -54.99 75.953 14.307 -54.329 71.796 11.63 -47.634 77.223
3 13 13.589 -48.967 72.7199 11.63 -47.634 77.223 14.307 -54.329 71.796
3 13 13.589 -48.967 72.7199 13.083 -47.0528 73.6491 11.63 -47.634 77.223
3 5 13.3414 10.7523 -4.7934 13.374 11.752 -12.053 12.3377 12.7601 -4.5567
4 351 13.32 10.095 -.02 13.3414 10.7523 -4.7934 12.3377 12.7601 -4.5567 11.608 13.47 .722
3 13 14.06 -131.803 34.717 11.592 -138.79 33.751 12.258 -138.319 29.684
3 13 11.592 -138.79 33.751 14.06 -131.803 34.717 13.398 -132.295 38.784
4 5 11.5952 14.1522 -4.3926 12.3377 12.7601 -4.5567 13.374 11.752 -12.053 11.578 15.074 -11.303
3 351 12.3377 12.7601 -4.5567 11.5952 14.1522 -4.3926 11.608 13.47 .722
3 13 12.977 -81.731 74.576 12.137 -70.401 77.634 11.562 -72.27 78.923
3 5 12.625 14.163 -25.94 11.446 16.266 -25.66 13.208 12.722 -20.05
4 5 11.4242 -147.8325 -5.9772 11.646 -148.159 -13.01 14.155 -143.17 -12.342 11.8973 -146.9182 -6.0958
3 351 11.383 -147.772 -4.673 11.4242 -147.8325 -5.9772 11.8973 -146.9182 -6.0958
3 5 11.8973 -146.9182 -6.0958 14.155 -143.17 -12.342 13.928 -142.8656 -6.6213
4 351 11.8973 -146.9182 -6.0958 13.928 -142.8656 -6.6213 13.824 -142.726 -3.999 11.383 -147.772 -4.673
3 351 11.383 -147.772 -4.673 13.824 -142.726 -3.999 12.564 -143.889 4.13
3 351 12.9857 8.381 10.8446 13.32 10.095 -.02 11.4464 11.485 11.9458
4 351 13.32 10.095 -.02 11.608 13.47 .722 11.3351 11.6986 12.0216 11.4464 11.485 11.9458
3 13 11.199 -136.924 42.463 12.68 -132.777 42.857 12.711 -131.051 46.544
3 13 11.633 -63.018 78.862 13.355 -62.374 74.703 10.9 -55.65 80.111
3 13 13.355 -62.374 74.703 12.61 -54.99 75.953 10.9 -55.65 80.111
3 13 10.892 -139.251 37.821 11.592 -138.79 33.751 13.398 -132.295 38.784
3 13 10.892 -139.251 37.821 13.398 -132.295 38.784 12.025 -135.1485 41.0122
3 13 12.025 -135.1485 41.0122 13.398 -132.295 38.784 12.68 -132.777 42.857
3 13 10.587 -32.348 75.675 11.349 -36.0503 75.0056 11.974 -35.2295 73.282
3 13 11.974 -35.2295 73.282 12.255 -31.644 71.52 10.587 -32.348 75.675
3 13 11.974 -35.2295 73.282 12.7763 -34.1731 71.0636 12.255 -31.644 71.52
4 13 11.3781 -28.1015 72.1777 12.255 -31.644 71.52 13.914 -30.94 67.367 11.9199 -27.1687 70.5453
3 13 11.9199 -27.1687 70.5453 13.914 -30.94 67.367 12.6614 -25.8876 68.3033
4 13 11.63 -47.634 77.223 13.083 -47.0528 73.6491 12.7656 -45.6963 74.1012 10.402 -40.317 78.515
3 13 12.7656 -45.6963 74.1012 11.4075 -39.9042 76.032 10.402 -40.317 78.515
3 351 12.4361 -144.0485 4.5943 12.564 -143.889 4.13 12.5726 -143.7702 4.562
4 13 10.385 -146.607 12.041 12.4361 -144.0485 4.5943 12.5726 -143.7702 4.562 12.735 -141.526 12.722
3 13 10.385 -146.607 12.041 12.735 -141.526 12.722 12.087 -142.032 16.787
3 13 11.562 -72.27 78.923 12.137 -70.401 77.634 10.249 -64.663 82.209
3 13 11.633 -63.018 78.862 10.249 -64.663 82.209 12.137 -70.401 77.634
3 351 10.037 -148.893 3.463 11.383 -147.772 -4.673 12.564 -143.889 4.13
3 351 10.037 -148.893 3.463 12.564 -143.889 4.13 10.0746 -148.6459 4.3904
3 351 10.0746 -148.6459 4.3904 12.564 -143.889 4.13 12.4361 -144.0485 4.5943
3 13 10.0746 -148.6459 4.3904 12.4361 -144.0485 4.5943 10.385 -146.607 12.041
3 13 9.993 -144.674 24.69 12.087 -142.032 16.787 12.898 -137.836 25.619
3 13 9.993 -144.674 24.69 12.898 -137.836 25.619 12.258 -138.319 29.684
3 13 10.9 -55.65 80.111 12.61 -54.99 75.953 9.929 -48.309 81.38
3 13 10.9 -55.65 80.111 9.929 -48.309 81.38 8.216 -48.982 85.538
3 13 11.63 -47.634 77.223 9.929 -48.309 81.38 12.61 -54.99 75.953
3 13 9.693 -147.083 16.109 10.385 -146.607 12.041 12.087 -142.032 16.787
3 13 9.993 -144.674 24.69 9.693 -147.083 16.109 12.087 -142.032 16.787
3 5 11.5952 14.1522 -4.3926 11.578 15.074 -11.303 10.5269 16.0007 -4.1747
4 351 11.608 13.47 .722 11.5952 14.1522 -4.3926 10.5269 16.0007 -4.1747 9.693 16.736 1.481
4 5 9.6492 17.4467 -4.0043 10.5269 16.0007 -4.1747 11.578 15.074 -11.303 9.597 18.293 -10.537
3 351 10.5269 16.0007 -4.1747 9.6492 17.4467 -4.0043 9.693 16.736 1.481
3 351 11.3351 11.6986 12.0216 11.608 13.47 .722 9.5736 14.8354 13.1343
4 351 11.608 13.47 .722 9.693 16.736 1.481 9.5154 14.9325 13.1687 9.5736 14.8354 13.1343
4 13 9.402 -142.487 38.378 10.892 -139.251 37.821 12.025 -135.1485 41.0122 11.6811 -135.7359 41.4922
3 13 11.6811 -135.7359 41.4922 12.025 -135.1485 41.0122 12.68 -132.777 42.857
3 13 9.402 -142.487 38.378 11.6811 -135.7359 41.4922 11.199 -136.924 42.463
3 13 11.199 -136.924 42.463 11.6811 -135.7359 41.4922 12.68 -132.777 42.857
3 5 11.446 16.266 -25.66 9.396 19.216 -18.531 13.208 12.722 -20.05
3 5 9.396 19.216 -18.531 13.374 11.752 -12.053 13.208 12.722 -20.05
3 5 11.578 15.074 -11.303 13.374 11.752 -12.053 9.396 19.216 -18.531
3 5 9.396 19.216 -18.531 9.597 18.293 -10.537 11.578 15.074 -11.303
3 13 9.313 -145.126 28.758 9.993 -144.674 24.69 12.258 -138.319 29.684
3 13 9.313 -145.126 28.758 12.258 -138.319 29.684 11.592 -138.79 33.751
3 13 10.249 -64.663 82.209 11.633 -63.018 78.862 9.177 -56.308 84.27
3 13 11.633 -63.018 78.862 10.9 -55.65 80.111 9.177 -56.308 84.27
3 13 10.7417 -36.8446 76.6737 10.402 -40.317 78.515 11.4075 -39.9042 76.032
3 13 8.91 -33.052 79.83 10.402 -40.317 78.515 10.7417 -36.8446 76.6737
4 13 8.91 -33.052 79.83 10.7417 -36.8446 76.6737 11.349 -36.0503 75.0056 10.587 -32.348 75.675
3 13 10.249 -64.663 82.209 9.177 -56.308 84.27 8.819 -57.321 85.213
4 13 10.0851 -30.3158 76.0526 10.587 -32.348 75.675 12.255 -31.644 71.52 10.8541 -29.0011 73.7519
3 13 10.8541 -29.0011 73.7519 12.255 -31.644 71.52 11.3781 -28.1015 72.1777
3 5 10.752 -150.058 -17.93 12.846 -146.38 -18.8 8.753 -152.927 -13.643
3 5 8.753 -152.927 -13.643 12.846 -146.38 -18.8 11.646 -148.159 -13.01
3 5 11.446 16.266 -25.66 8.729 20.687 -25.013 9.396 19.216 -18.531
3 13 9.929 -48.309 81.38 11.63 -47.634 77.223 8.708 -41.006 82.671
3 13 11.63 -47.634 77.223 10.402 -40.317 78.515 8.708 -41.006 82.671
3 13 8.619 -145.568 32.827 9.313 -145.126 28.758 11.592 -138.79 33.751
3 13 8.619 -145.568 32.827 11.592 -138.79 33.751 10.892 -139.251 37.821
3 13 9.177 -56.308 84.27 10.9 -55.65 80.111 8.216 -48.982 85.538
3 13 8.4541 7.7299 49.5402 8.4193 8.0893 48.8214 8.068 8.593 49.725
3 13 8.4193 8.0893 48.8214 8.2992 9.1234 46.7532 8.068 8.593 49.725
3 5 11.646 -148.159 -13.01 7.975 -153.339 -5.41 8.753 -152.927 -13.643
3 5 7.975 -153.339 -5.41 11.646 -148.159 -13.01 11.4242 -147.8325 -5.9772
3 351 11.4242 -147.8325 -5.9772 11.383 -147.772 -4.673 7.975 -153.339 -5.41
3 351 7.975 -153.339 -5.41 11.383 -147.772 -4.673 10.037 -148.893 3.463
3 13 8.1278 -1.6266 64.5022 8.1453 -1.4679 64.2905 7.924 -1.113 64.608
3 13 8.1453 -1.4679 64.2905 8.2237 -.927 63.5693 7.924 -1.113 64.608
3 13 10.892 -139.251 37.821 7.774 -146.685 35.129 8.619 -145.568 32.827
3 13 7.774 -146.685 35.129 10.892 -139.251 37.821 9.402 -142.487 38.378
3 351 10.0746 -148.6459 4.3904 9.7637 -149.1876 4.3664 10.037 -148.893 3.463
4 13 7.638 -151.479 11.393 9.7637 -149.1876 4.3664 10.0746 -148.6459 4.3904 10.385 -146.607 12.041
3 13 7.638 -151.479 11.393 10.385 -146.607 12.041 9.693 -147.083 16.109
3 13 9.693 -147.083 16.109 6.929 -151.939 15.463 7.638 -151.479 11.393
3 13 7.591 7.867 53.779 8.5003 5.8287 53.3426 8.4904 6.3167 52.3666
3 13 8.4904 6.3167 52.3666 8.068 8.593 49.725 7.591 7.867 53.779
3 13 8.4904 6.3167 52.3666 8.4541 7.7299 49.5402 8.068 8.593 49.725
3 351 7.54 18.082 14.286 9.5154 14.9325 13.1687 9.693 16.736 1.481
3 351 9.693 16.736 1.481 7.583 19.881 2.258 7.54 18.082 14.286
3 351 7.54 18.082 14.286 7.583 19.881 2.258 5.434 21.201 15.061
3 5 7.259 -155.358 -16.548 10.752 -150.058 -17.93 8.753 -152.927 -13.643
3 13 8.708 -41.006 82.671 10.402 -40.317 78.515 7.224 -33.755 83.986
3 13 10.402 -40.317 78.515 8.91 -33.052 79.83 7.224 -33.755 83.986
3 13 7.208 -49.957 88.07 8.819 -57.321 85.213 9.177 -56.308 84.27
3 13 9.177 -56.308 84.27 8.216 -48.982 85.538 7.208 -49.957 88.07
3 13 9.0938 -32 79 8.91 -33.052 79.83 10.587 -32.348 75.675
3 13 9.0938 -32 79 10.587 -32.348 75.675 9.7822 -30.8326 76.9571
4 13 7.138 -25.854 81.169 8.91 -33.052 79.83 9.0938 -32 79 7.6245 -26.77 80.3941
3 13 9.7822 -30.8326 76.9571 10.587 -32.348 75.675 10.0851 -30.3158 76.0526
3 13 7.6245 -26.77 80.3941 7.3418 -25.7664 80.6616 7.138 -25.854 81.169
3 13 7.004 -41.695 86.829 8.216 -48.982 85.538 9.929 -48.309 81.38
3 13 7.004 -41.695 86.829 9.929 -48.309 81.38 8.708 -41.006 82.671
3 13 8.3802 3.9251 57.1605 8.4275 4.6926 55.6147 6.942 7.139 57.849
4 13 6.942 7.139 57.849 8.4275 4.6926 55.6147 8.5003 5.8287 53.3426 7.591 7.867 53.779
3 351 6.536 -154.405 2.734 7.975 -153.339 -5.41 10.037 -148.893 3.463
4 351 10.037 -148.893 3.463 9.7637 -149.1876 4.3664 6.717 -153.9244 4.1563 6.536 -154.405 2.734
3 13 6.717 -153.9244 4.1563 9.7637 -149.1876 4.3664 7.638 -151.479 11.393
3 13 6.929 -151.939 15.463 9.693 -147.083 16.109 6.51 -151.237 23.811
3 13 6.51 -151.237 23.811 9.693 -147.083 16.109 9.993 -144.674 24.69
3 13 9.313 -145.126 28.758 6.51 -151.237 23.811 9.993 -144.674 24.69
3 13 7.4406 -4.4179 68.2239 7.6241 -3.6203 67.1604 6.403 -1.85 68.754
3 13 7.0255 -5.8921 70.1895 7.4406 -4.4179 68.2239 6.403 -1.85 68.754
3 13 6.403 -1.85 68.754 6.6865 -7.1514 71.8685 7.0255 -5.8921 70.1895
4 13 7.924 -1.113 64.608 6.403 -1.85 68.754 7.6241 -3.6203 67.1604 8.1278 -1.6266 64.5022
3 351 6.3777 -155.5175 -4.9931 7.975 -153.339 -5.41 6.536 -154.405 2.734
3 5 6.363 -155.621 -5.712 8.753 -152.927 -13.643 7.975 -153.339 -5.41
3 13 6.038 6.408 61.943 8.4259 1.1407 60.8124 8.3969 2.7849 58.6201
3 13 8.3969 2.7849 58.6201 8.3802 3.9251 57.1605 6.038 6.408 61.943
3 13 6.038 6.408 61.943 8.3802 3.9251 57.1605 6.942 7.139 57.849
3 13 6.1582 -10.8265 75.5098 6.1885 -10.6028 75.3112 5.959 -10.246 75.625
3 13 5.959 -10.246 75.625 4.329 -10.981 79.776 6.1582 -10.8265 75.5098
3 13 6.1885 -10.6028 75.3112 6.2518 -10.1137 74.8769 5.959 -10.246 75.625
3 13 5.827 -151.674 27.879 6.51 -151.237 23.811 9.313 -145.126 28.758
3 13 9.313 -145.126 28.758 8.619 -145.568 32.827 5.827 -151.674 27.879
3 13 5.672 -1.457 70.098 5.691 -2.026 70.493 6.403 -1.85 68.754
3 13 5.641 -2.53 70.989 6.403 -1.85 68.754 5.691 -2.026 70.493
3 5 7.259 -155.358 -16.548 5.583 -157.515 -14.251 5.27 -158.098 -15.777
3 5 5.583 -157.515 -14.251 7.259 -155.358 -16.548 8.753 -152.927 -13.643
3 13 5.583 -.838 69.815 5.672 -1.457 70.098 6.403 -1.85 68.754
3 13 7.004 -41.695 86.829 8.708 -41.006 82.671 5.529 -34.458 88.142
3 13 8.708 -41.006 82.671 7.224 -33.755 83.986 5.529 -34.458 88.142
3 13 5.524 -2.954 71.571 6.403 -1.85 68.754 5.641 -2.53 70.989
3 351 6.5745 18.2329 22.6574 6.4442 19.0799 18.9871 5.492 19.947 23.072
3 351 5.492 19.947 23.072 6.1021 18.0587 28.3709 6.5745 18.2329 22.6574
3 351 6.7229 17 28 6.696 17.5124 25.7797 6.1021 18.0587 28.3709
3 13 5.479 18.632 31.09 6.9821 16.0085 30.4787 6.7229 17 28
3 13 6.7229 17 28 6.1021 18.0587 28.3709 5.479 18.632 31.09
3 351 6.696 17.5124 25.7797 6.5745 18.2329 22.6574 6.1021 18.0587 28.3709
3 351 6.1021 18.0587 28.3709 5.492 19.947 23.072 5.4829 19.0226 28.7086
3 13 6.1021 18.0587 28.3709 5.4829 19.0226 28.7086 5.479 18.632 31.09
3 13 7.224 -33.755 83.986 8.91 -33.052 79.83 5.462 -26.57 85.324
3 13 5.462 -26.57 85.324 8.91 -33.052 79.83 7.138 -25.854 81.169
3 351 7.54 18.082 14.286 5.434 21.201 15.061 6.2224 20 15
4 351 6.2224 20 15 5.434 21.201 15.061 5.492 19.947 23.072 6.4442 19.0799 18.9871
3 13 5.583 -.838 69.815 6.403 -1.85 68.754 5.359 .041 69.624
3 13 7.699 12.9486 38.1284 7.3704 14.5694 34.0766 5.332 17.273 39.12
3 13 5.332 17.273 39.12 5.181 16.581 43.142 7.699 12.9486 38.1284
4 13 5.332 17.273 39.12 7.3704 14.5694 34.0766 6.9821 16.0085 30.4787 5.479 18.632 31.09
3 351 7.583 19.881 2.258 5.32 22.917 3.048 5.434 21.201 15.061
3 5 5.262 -157.12 -5.911 8.753 -152.927 -13.643 6.363 -155.621 -5.712
4 13 5.524 -2.954 71.571 5.257 -3.387 72.496 6.6865 -7.1514 71.8685 6.403 -1.85 68.754
3 5 9.597 18.293 -10.537 9.396 19.216 -18.531 5.183 24.44 -8.964
3 5 5.183 24.44 -8.964 9.396 19.216 -18.531 5.057 25.399 -16.964
3 5 9.6492 17.4467 -4.0043 9.597 18.293 -10.537 5.183 24.44 -8.964
3 5 9.6492 17.4467 -4.0043 5.183 24.44 -8.964 7.4807 20.515 -3.6425
3 351 9.693 16.736 1.481 9.6492 17.4467 -4.0043 7.4807 20.515 -3.6425
3 5 6.3635 22.1975 -3.4442 7.4807 20.515 -3.6425 5.183 24.44 -8.964
4 351 7.583 19.881 2.258 9.693 16.736 1.481 7.4807 20.515 -3.6425 6.3635 22.1975 -3.4442
3 5 5.248 23.7174 -3.265 6.3635 22.1975 -3.4442 5.183 24.44 -8.964
4 351 5.32 22.917 3.048 7.583 19.881 2.258 6.3635 22.1975 -3.4442 5.248 23.7174 -3.265
3 13 7.9552 11.4139 41.9653 7.7912 12.4911 39.2723 5.181 16.581 43.142
3 13 7.7912 12.4911 39.2723 7.699 12.9486 38.1284 5.181 16.581 43.142
3 13 8.619 -145.568 32.827 5.101 -152.444 30.389 5.827 -151.674 27.879
3 13 5.101 -152.444 30.389 8.619 -145.568 32.827 7.774 -146.685 35.129
3 351 6.717 -153.9244 4.1563 6.2856 -154.5705 4.1276 6.536 -154.405 2.734
4 13 5.073 -155.372 10.877 6.2856 -154.5705 4.1276 6.717 -153.9244 4.1563 7.638 -151.479 11.393
3 13 7.138 -25.854 81.169 7.3418 -25.7664 80.6616 5.07 -18.738 82.535
3 13 5.07 -18.738 82.535 3.408 -19.464 86.689 7.138 -25.854 81.169
3 5 5.057 25.399 -16.964 9.396 19.216 -18.531 8.729 20.687 -25.013
3 5 8.729 20.687 -25.013 5.5 25.417 -24.235 5.057 25.399 -16.964
3 13 5.359 .041 69.624 6.403 -1.85 68.754 5.023 .931 69.658
3 13 4.903 -155.067 15.048 5.073 -155.372 10.877 7.638 -151.479 11.393
3 13 7.638 -151.479 11.393 6.929 -151.939 15.463 4.903 -155.067 15.048
4 5 6.363 -155.621 -5.712 6.2269 -155.7184 -4.9546 5.2129 -157.0588 -4.7807 5.262 -157.12 -5.911
3 351 6.2269 -155.7184 -4.9546 4.9 -156.668 2.433 5.2129 -157.0588 -4.7807
3 5 6.3777 -155.5175 -4.9931 6.2269 -155.7184 -4.9546 6.363 -155.621 -5.712
3 5 7.975 -153.339 -5.41 6.3777 -155.5175 -4.9931 6.363 -155.621 -5.712
4 351 6.3777 -155.5175 -4.9931 6.536 -154.405 2.734 4.9 -156.668 2.433 6.2269 -155.7184 -4.9546
4 351 6.536 -154.405 2.734 6.2856 -154.5705 4.1276 4.933 -156.4205 4.0456 4.9 -156.668 2.433
3 13 4.933 -156.4205 4.0456 6.2856 -154.5705 4.1276 5.073 -155.372 10.877
4 13 7.924 -1.113 64.608 8.2237 -.927 63.5693 8.3681 .6651 61.4466 4.78 5.675 66.069
4 13 6.038 6.408 61.943 4.78 5.675 66.069 8.3681 .6651 61.4466 8.4259 1.1407 60.8124
4 13 4.71 -3.649 73.922 5.959 -10.246 75.625 6.2518 -10.1137 74.8769 6.5919 -7.4894 72.3192
3 13 6.5919 -7.4894 72.3192 5.257 -3.387 72.496 4.71 -3.649 73.922
3 13 6.5919 -7.4894 72.3192 6.6865 -7.1514 71.8685 5.257 -3.387 72.496
4 13 8.068 8.593 49.725 8.2992 9.1234 46.7532 8.0244 10.8843 43.2313 4.633 15.178 51.211
3 13 8.0244 10.8843 43.2313 5.181 16.581 43.142 4.633 15.178 51.211
3 13 5.181 16.581 43.142 8.0244 10.8843 43.2313 7.9552 11.4139 41.9653
3 13 4.903 -155.067 15.048 6.929 -151.939 15.463 4.57 -154.41 23.389
3 13 4.57 -154.41 23.389 6.929 -151.939 15.463 6.51 -151.237 23.811
3 13 6.51 -151.237 23.811 5.827 -151.674 27.879 4.57 -154.41 23.389
3 5 4.555 -159.057 -14.456 5.27 -158.098 -15.777 5.583 -157.515 -14.251
3 351 5.32 22.917 3.048 4.45 24.669 -2.222 4.484 24.518 -1.279
3 351 5.32 22.917 3.048 4.484 24.518 -1.279 4.432 24.473 -.284
3 351 5.32 22.917 3.048 4.335 24.922 -3.123 4.45 24.669 -2.222
3 5 5.248 23.7174 -3.265 5.183 24.44 -8.964 4.335 24.922 -3.123
3 351 5.32 22.917 3.048 5.248 23.7174 -3.265 4.335 24.922 -3.123
3 13 4.329 -10.981 79.776 5.6247 -14.782 79.0222 5.8279 -13.3162 77.7206
3 13 5.8279 -13.3162 77.7206 6.1582 -10.8265 75.5098 4.329 -10.981 79.776
3 351 5.32 22.917 3.048 4.432 24.473 -.284 4.294 24.539 .717
3 5 5.0336 -157.3182 -4.7471 5.262 -157.12 -5.911 5.0608 -157.2799 -4.7521
3 351 5.0608 -157.2799 -4.7521 4.301 -157.954 -1.013 5.0336 -157.3182 -4.7471
3 351 4.301 -157.954 -1.013 5.0608 -157.2799 -4.7521 4.239 -157.933 -.017
3 5 5.0608 -157.2799 -4.7521 5.262 -157.12 -5.911 5.2129 -157.0588 -4.7807
3 351 4.9 -156.668 2.433 5.0608 -157.2799 -4.7521 5.2129 -157.0588 -4.7807
3 351 4.9 -156.668 2.433 4.239 -157.933 -.017 5.0608 -157.2799 -4.7521
3 5 4.555 -159.057 -14.456 5.583 -157.515 -14.251 4.233 -158.664 -6.116
3 5 4.233 -158.664 -6.116 5.583 -157.515 -14.251 8.753 -152.927 -13.643
3 5 4.233 -158.664 -6.116 8.753 -152.927 -13.643 5.262 -157.12 -5.911
3 5 4.9535 -157.4366 -4.7317 5.262 -157.12 -5.911 5.0336 -157.3182 -4.7471
3 351 5.0336 -157.3182 -4.7471 4.228 -158.181 -1.959 4.9535 -157.4366 -4.7317
3 351 4.228 -158.181 -1.959 5.0336 -157.3182 -4.7471 4.301 -157.954 -1.013
3 13 4.174 14.469 55.263 7.591 7.867 53.779 8.068 8.593 49.725
3 13 4.174 14.469 55.263 8.068 8.593 49.725 4.633 15.178 51.211
3 5 5.183 24.44 -8.964 4.139 25.272 -3.965 4.335 24.922 -3.123
3 351 5.32 22.917 3.048 4.294 24.539 .717 4.073 24.716 1.704
3 351 5.32 22.917 3.048 4.073 24.716 1.704 3.774 25 2.656
3 351 4.044 -158.123 .979 4.239 -157.933 -.017 4.9 -156.668 2.433
3 5 4.7858 -157.6904 -4.6988 5.262 -157.12 -5.911 4.9535 -157.4366 -4.7317
3 351 4.9535 -157.4366 -4.7317 4.033 -158.592 -2.783 4.7858 -157.6904 -4.6988
3 351 4.033 -158.592 -2.783 4.9535 -157.4366 -4.7317 4.228 -158.181 -1.959
3 13 3.924 -154.862 27.453 2.795 -157.709 22.951 4.57 -154.41 23.389
3 13 4.57 -154.41 23.389 5.827 -151.674 27.879 3.924 -154.862 27.453
3 13 3.924 -154.862 27.453 5.827 -151.674 27.879 5.101 -152.444 30.389
3 5 5.183 24.44 -8.964 3.868 25.713 -4.732 4.139 25.272 -3.965
3 13 7.208 -49.957 88.07 3.827 -35.159 92.296 4.586 -39.517 91.864
3 13 8.216 -48.982 85.538 7.004 -41.695 86.829 3.827 -35.159 92.296
3 13 7.208 -49.957 88.07 8.216 -48.982 85.538 3.827 -35.159 92.296
3 13 7.004 -41.695 86.829 5.529 -34.458 88.142 3.827 -35.159 92.296
3 13 3.778 -27.285 89.48 5.529 -34.458 88.142 7.224 -33.755 83.986
3 13 7.224 -33.755 83.986 5.462 -26.57 85.324 3.778 -27.285 89.48
4 5 4.4691 -158.1881 -4.6343 3.9383 -158.967 -4.5333 4.233 -158.664 -6.116 5.262 -157.12 -5.911
3 351 3.738 -159.173 -3.457 3.9383 -158.967 -4.5333 4.4691 -158.1881 -4.6343
3 5 4.4691 -158.1881 -4.6343 5.262 -157.12 -5.911 4.7858 -157.6904 -4.6988
3 351 4.7858 -157.6904 -4.6988 3.738 -159.173 -3.457 4.4691 -158.1881 -4.6343
3 351 3.738 -159.173 -3.457 4.7858 -157.6904 -4.6988 4.033 -158.592 -2.783
3 351 3.737 -158.52 1.9 4.044 -158.123 .979 4.9 -156.668 2.433
3 5 3.684 -160.65 -15.096 5.27 -158.098 -15.777 4.555 -159.057 -14.456
3 5 3.639 -160.687 -14.672 3.684 -160.65 -15.096 4.555 -159.057 -14.456
3 13 3.626 -155.328 27.894 3.924 -154.862 27.453 5.101 -152.444 30.389
3 351 3.737 -158.52 1.9 4.9 -156.668 2.433 3.7018 -158.3344 3.9607
3 351 4.9 -156.668 2.433 4.6432 -156.878 4.0253 3.7018 -158.3344 3.9607
3 13 3.7018 -158.3344 3.9607 4.6432 -156.878 4.0253 3.589 -157.74 10.562
3 351 4.933 -156.4205 4.0456 4.6432 -156.878 4.0253 4.9 -156.668 2.433
4 13 3.589 -157.74 10.562 4.6432 -156.878 4.0253 4.933 -156.4205 4.0456 5.073 -155.372 10.877
3 13 3.589 -157.74 10.562 5.073 -155.372 10.877 4.903 -155.067 15.048
3 5 3.531 26.231 -5.402 3.868 25.713 -4.732 5.183 24.44 -8.964
3 13 6.942 7.139 57.849 7.591 7.867 53.779 3.518 13.755 59.334
3 13 7.591 7.867 53.779 4.174 14.469 55.263 3.518 13.755 59.334
3 13 3.408 -19.464 86.689 5.462 -26.57 85.324 7.138 -25.854 81.169
3 351 5.32 22.917 3.048 3.774 25 2.656 3.398 25.391 3.565
3 5 4.233 -158.664 -6.116 3.9383 -158.967 -4.5333 3.5715 -159.6114 -4.4497
3 5 3.5715 -159.6114 -4.4497 3.32 -160.299 -6.332 4.233 -158.664 -6.116
3 351 3.9383 -158.967 -4.5333 3.37 -159.9 -3.942 3.5715 -159.6114 -4.4497
3 351 3.37 -159.9 -3.942 3.9383 -158.967 -4.5333 3.738 -159.173 -3.457
3 351 3.356 -159.1 2.679 3.737 -158.52 1.9 3.7018 -158.3344 3.9607
3 351 3.356 -159.1 2.679 3.7018 -158.3344 3.9607 3.3932 -158.8831 3.9363
3 13 3.3932 -158.8831 3.9363 3.7018 -158.3344 3.9607 3.589 -157.74 10.562
3 5 3.32 -160.299 -6.332 3.639 -160.687 -14.672 4.555 -159.057 -14.456
3 5 3.32 -160.299 -6.332 4.555 -159.057 -14.456 4.233 -158.664 -6.116
3 5 3.32 -160.299 -6.332 3.5715 -159.6114 -4.4497 3.3604 -159.9768 -4.4023
3 351 3.3604 -159.9768 -4.4023 3.5715 -159.6114 -4.4497 3.37 -159.9 -3.942
3 13 5.023 .931 69.658 6.403 -1.85 68.754 3.254 4.942 70.213
3 13 3.254 4.942 70.213 6.403 -1.85 68.754 7.924 -1.113 64.608
3 13 5.023 .931 69.658 3.254 4.942 70.213 4.573 1.825 69.934
3 13 4.046 2.633 70.44 3.254 4.942 70.213 3.453 3.332 71.176
3 13 4.573 1.825 69.934 3.254 4.942 70.213 4.046 2.633 70.44
3 13 3.254 4.942 70.213 7.924 -1.113 64.608 4.78 5.675 66.069
3 5 3.13 26.82 -5.973 3.531 26.231 -5.402 5.183 24.44 -8.964
3 13 4.586 -39.517 91.864 3.827 -35.159 92.296 3.114 -34.305 93.65
3 13 3.026 -158.303 14.619 3.589 -157.74 10.562 4.903 -155.067 15.048
3 351 5.32 22.917 3.048 3.398 25.391 3.565 2.956 25.877 4.402
3 351 2.956 25.877 4.402 5.434 21.201 15.061 5.32 22.917 3.048
3 13 2.85 3.849 72.084 3.453 3.332 71.176 3.254 4.942 70.213
3 13 3.026 -158.303 14.619 4.903 -155.067 15.048 2.795 -157.709 22.951
3 13 2.795 -157.709 22.951 4.903 -155.067 15.048 4.57 -154.41 23.389
3 5 2.793 -161.105 -4.256 3.32 -160.299 -6.332 3.3604 -159.9768 -4.4023
3 351 2.793 -161.105 -4.256 3.3604 -159.9768 -4.4023 3.37 -159.9 -3.942
3 13 5.07 -18.738 82.535 5.4551 -16.0277 80.1284 2.693 -11.716 83.927
4 13 2.693 -11.716 83.927 5.4551 -16.0277 80.1284 5.6247 -14.782 79.0222 4.329 -10.981 79.776
3 5 2.674 27.469 -6.434 3.13 26.82 -5.973 5.183 24.44 -8.964
3 13 2.575 13.037 63.432 6.038 6.408 61.943 6.942 7.139 57.849
3 13 6.942 7.139 57.849 3.518 13.755 59.334 2.575 13.037 63.432
3 5 2.525 -162.027 -6.558 2.793 -161.105 -4.256 2.624 -161.48 -4.261
3 5 3.684 -160.65 -15.096 3.639 -160.687 -14.672 2.525 -162.027 -6.558
3 5 2.689 -162.719 -14.594 3.684 -160.65 -15.096 2.525 -162.027 -6.558
3 5 2.525 -162.027 -6.558 3.639 -160.687 -14.672 3.32 -160.299 -6.332
3 5 2.525 -162.027 -6.558 3.32 -160.299 -6.332 2.793 -161.105 -4.256
3 13 2.795 -157.709 22.951 3.924 -154.862 27.453 2.34 -158.416 25.293
3 13 2.34 -158.416 25.293 3.924 -154.862 27.453 3.626 -155.328 27.894
3 13 2.278 4.153 73.105 2.85 3.849 72.084 3.254 4.942 70.213
3 5 2.169 28.166 -6.777 2.674 27.469 -6.434 5.183 24.44 -8.964
3 13 3.827 -35.159 92.296 5.529 -34.458 88.142 2.089 -27.999 93.632
3 13 5.529 -34.458 88.142 3.778 -27.285 89.48 2.089 -27.999 93.632
3 13 3.026 -158.303 14.619 2.056 -159.481 22.719 2.241 -160.044 14.391
3 13 2.056 -159.481 22.719 3.026 -158.303 14.619 2.795 -157.709 22.951
3 13 2.056 -159.481 22.719 2.795 -157.709 22.951 2.34 -158.416 25.293
3 351 2.11 -161.619 3.815 2.508 -160.692 3.663 2.4922 -160.7069 3.8555
3 13 2.11 -161.619 3.815 2.4922 -160.7069 3.8555 1.979 -161.19 10.111
3 351 2.508 -160.692 3.663 2.931 -159.842 3.281 2.8463 -159.9619 3.8885
3 351 2.8463 -159.9619 3.8885 2.4922 -160.7069 3.8555 2.508 -160.692 3.663
3 13 1.979 -161.19 10.111 2.4922 -160.7069 3.8555 2.8463 -159.9619 3.8885
3 351 2.931 -159.842 3.281 3.356 -159.1 2.679 3.1277 -159.4466 3.9114
3 351 2.931 -159.842 3.281 3.1277 -159.4466 3.9114 2.8463 -159.9619 3.8885
3 13 2.8463 -159.9619 3.8885 3.1277 -159.4466 3.9114 1.979 -161.19 10.111
3 13 1.979 -161.19 10.111 3.026 -158.303 14.619 2.241 -160.044 14.391
3 351 3.1277 -159.4466 3.9114 3.356 -159.1 2.679 3.3932 -158.8831 3.9363
4 13 1.979 -161.19 10.111 3.1277 -159.4466 3.9114 3.3932 -158.8831 3.9363 3.589 -157.74 10.562
3 13 1.979 -161.19 10.111 3.589 -157.74 10.562 3.026 -158.303 14.619
3 5 1.86 -164.996 -14.088 2.689 -162.719 -14.594 1.858 -163.854 -6.796
3 5 1.858 -163.854 -6.796 2.689 -162.719 -14.594 2.525 -162.027 -6.558
3 5 1.858 -163.854 -6.796 2.525 -162.027 -6.558 2.624 -161.48 -4.261
3 5 2.624 -161.48 -4.261 1.537 -164.485 -4.166 1.858 -163.854 -6.796
3 13 2.278 4.153 73.105 3.254 4.942 70.213 1.77 4.23 74.181
3 13 3.778 -27.285 89.48 5.462 -26.57 85.324 1.74 -20.19 90.843
3 13 5.462 -26.57 85.324 3.408 -19.464 86.689 1.74 -20.19 90.843
3 13 4.329 -10.981 79.776 5.959 -10.246 75.625 1.612 -4.062 81.198
3 13 5.959 -10.246 75.625 4.71 -3.649 73.922 1.612 -4.062 81.198
3 5 1.464 29.116 -7.034 2.169 28.166 -6.777 5.183 24.44 -8.964
3 13 1.427 -161.342 22.478 2.241 -160.044 14.391 2.056 -159.481 22.719
3 13 1.427 -161.342 22.478 2.056 -159.481 22.719 2.34 -158.416 25.293
3 13 1.427 -161.342 22.478 2.34 -158.416 25.293 1.429 -161.271 22.963
3 13 5.332 17.273 39.12 5.479 18.632 31.09 1.385 23.602 40.649
3 13 1.385 23.602 40.649 1.297 22.942 44.666 5.332 17.273 39.12
3 351 5.4829 19.0226 28.7086 5.492 19.947 23.072 2.3626 23.7084 30.3504
4 13 5.479 18.632 31.09 5.4829 19.0226 28.7086 2.3626 23.7084 30.3504 1.382 24.887 32.631
3 13 1.382 24.887 32.631 1.385 23.602 40.649 5.479 18.632 31.09
3 13 2.11 -161.619 3.815 1.979 -161.19 10.111 1.355 -163.057 9.869
3 13 1.979 -161.19 10.111 2.241 -160.044 14.391 1.355 -163.057 9.869
3 5 1.329 -165.79 -7.046 1.86 -164.996 -14.088 1.858 -163.854 -6.796
3 5 1.329 -165.79 -7.046 1.858 -163.854 -6.796 1.537 -164.485 -4.166
3 13 5.181 16.581 43.142 5.332 17.273 39.12 1.297 22.942 44.666
3 13 1.264 12.316 67.562 4.78 5.675 66.069 6.038 6.408 61.943
3 13 1.264 12.316 67.562 6.038 6.408 61.943 2.575 13.037 63.432
3 351 1.219 26.116 24.629 5.492 19.947 23.072 5.434 21.201 15.061
4 351 1.3459 25.1592 30.8587 2.3626 23.7084 30.3504 5.492 19.947 23.072 1.219 26.116 24.629
3 13 2.3626 23.7084 30.3504 1.3459 25.1592 30.8587 1.382 24.887 32.631
3 13 1.129 -164.704 3.899 2.11 -161.619 3.815 1.355 -163.057 9.869
3 13 1.052 -12.449 88.079 3.408 -19.464 86.689 5.07 -18.738 82.535
3 13 5.07 -18.738 82.535 2.693 -11.716 83.927 1.052 -12.449 88.079
3 13 1.355 -163.057 9.869 2.241 -160.044 14.391 1.029 -163.808 13.904
3 13 2.089 -27.999 93.632 .991 -27.434 95.898 3.827 -35.159 92.296
3 13 3.114 -34.305 93.65 3.827 -35.159 92.296 .991 -27.434 95.898
3 351 5.434 21.201 15.061 2.956 25.877 4.402 .974 27.272 16.634
3 351 2.457 26.45 5.149 1.909 27.097 5.791 .974 27.272 16.634
3 351 2.956 25.877 4.402 2.457 26.45 5.149 .974 27.272 16.634
3 351 1.219 26.116 24.629 5.434 21.201 15.061 .974 27.272 16.634
3 351 .974 27.272 16.634 1.909 27.097 5.791 1.335 27.794 6.308
3 5 .955 -167.846 -7.309 1.86 -164.996 -14.088 1.329 -165.79 -7.046
3 13 .93 -163.379 21.291 1.427 -161.342 22.478 1.429 -161.271 22.963
3 13 1.029 -163.808 13.904 2.241 -160.044 14.391 .93 -163.379 21.291
3 13 .93 -163.379 21.291 2.241 -160.044 14.391 1.427 -161.342 22.478
3 13 .871 -165.033 9.615 1.129 -164.704 3.899 1.355 -163.057 9.869
3 13 1.355 -163.057 9.869 1.029 -163.808 13.904 .871 -165.033 9.615
3 5 .955 -167.846 -7.309 1.329 -165.79 -7.046 .85 -167.8 -4.107
3 5 .85 -167.8 -4.107 1.329 -165.79 -7.046 1.537 -164.485 -4.166
3 13 4.633 15.178 51.211 5.181 16.581 43.142 .841 21.595 52.727
3 13 5.181 16.581 43.142 1.297 22.942 44.666 .841 21.595 52.727
3 351 .974 27.272 16.634 1.335 27.794 6.308 .736 28.536 6.7
3 5 .698 -170.004 -7.583 .955 -167.846 -7.309 .85 -167.8 -4.107
3 5 1.084 -168.477 -13.403 1.86 -164.996 -14.088 .698 -170.004 -7.583
3 5 .698 -170.004 -7.583 1.86 -164.996 -14.088 .955 -167.846 -7.309
3 5 .651 -171.875 -12.791 1.084 -168.477 -13.403 .698 -170.004 -7.583
3 13 .704 -166.939 3.936 1.129 -164.704 3.899 .545 -167.134 9.347
3 13 1.129 -164.704 3.899 .871 -165.033 9.615 .545 -167.134 9.347
3 5 5.183 24.44 -8.964 5.057 25.399 -16.964 .51 30.399 -7.369
3 5 5.183 24.44 -8.964 .51 30.399 -7.369 1.464 29.116 -7.034
3 5 1.464 29.116 -7.034 .51 30.399 -7.369 .716 30.096 -7.075
3 5 .716 30.096 -7.075 .51 30.399 -7.369 -.079 31.112 -6.889
3 5 .491 -170.739 -4.076 .698 -170.004 -7.583 .85 -167.8 -4.107
3 5 5.5 25.417 -24.235 .448 31.404 -15.373 5.057 25.399 -16.964
3 5 .51 30.399 -7.369 5.057 25.399 -16.964 .448 31.404 -15.373
3 5 5.5 25.417 -24.235 .733 31.865 -23.05 .448 31.404 -15.373
3 13 1.029 -163.808 13.904 .93 -163.379 21.291 .437 -166.813 18.663
3 13 .437 -166.813 18.663 .37 -168.014 13.369 1.029 -163.808 13.904
3 13 .414 -169.29 3.961 .704 -166.939 3.936 .545 -167.134 9.347
3 13 4.174 14.469 55.263 4.633 15.178 51.211 .402 20.91 56.778
3 13 .402 20.91 56.778 4.633 15.178 51.211 .841 21.595 52.727
3 13 .37 -168.014 13.369 .545 -167.134 9.347 .871 -165.033 9.615
3 13 .37 -168.014 13.369 .871 -165.033 9.615 1.029 -163.808 13.904
3 5 .276 -172.506 -4.058 .698 -170.004 -7.583 .491 -170.739 -4.076
3 351 .974 27.272 16.634 .736 28.536 6.7 .123 29.308 6.961
3 13 3.778 -27.285 89.48 .068 -20.913 94.993 2.089 -27.999 93.632
3 13 3.778 -27.285 89.48 1.74 -20.19 90.843 .068 -20.913 94.993
3 5 .006 -176.948 -11.854 .651 -171.875 -12.791 .698 -170.004 -7.583
3 13 .004 -4.799 85.347 2.693 -11.716 83.927 4.329 -10.981 79.776
3 13 4.329 -10.981 79.776 1.612 -4.062 81.198 .004 -4.799 85.347
3 13 .545 -167.134 9.347 -.225 -173.634 8.527 -.016 -172.825 3.998
3 13 -.016 -172.825 3.998 .414 -169.29 3.961 .545 -167.134 9.347
3 13 -.225 -173.634 8.527 -1.343 -183.494 5.242 -1.446 -184.579 4.158
3 13 .37 -168.014 13.369 -.225 -173.634 8.527 .545 -167.134 9.347
3 13 3.254 4.942 70.213 4.78 5.675 66.069 -.231 11.595 71.702
3 13 4.78 5.675 66.069 1.264 12.316 67.562 -.231 11.595 71.702
3 13 -.259 20.218 60.85 3.518 13.755 59.334 4.174 14.469 55.263
3 13 .402 20.91 56.778 -.259 20.218 60.85 4.174 14.469 55.263
3 5 -.298 -179.265 -11.207 .006 -176.948 -11.854 .698 -170.004 -7.583
3 5 -.593 -181.402 -10.177 .698 -170.004 -7.583 -.796 -182.796 -9.21
3 5 -.593 -181.402 -10.177 -.298 -179.265 -11.207 .698 -170.004 -7.583
3 13 3.408 -19.464 86.689 -.594 -13.182 92.232 1.74 -20.19 90.843
3 13 -.594 -13.182 92.232 3.408 -19.464 86.689 1.052 -12.449 88.079
3 13 -.225 -173.634 8.527 .37 -168.014 13.369 -.644 -176.736 10.889
3 13 -.644 -176.736 10.889 -1.343 -183.494 5.242 -.225 -173.634 8.527
3 13 -.644 -176.736 10.889 .37 -168.014 13.369 .437 -166.813 18.663
3 5 -.982 -184.016 -8.083 -.796 -182.796 -9.21 .698 -170.004 -7.583
3 5 -.982 -184.016 -8.083 .698 -170.004 -7.583 .276 -172.506 -4.058
3 5 .276 -172.506 -4.058 -1.149 -185.034 -6.822 -.982 -184.016 -8.083
3 13 -1.242 19.521 64.952 2.575 13.037 63.432 3.518 13.755 59.334
3 13 3.518 13.755 59.334 -.259 20.218 60.85 -1.242 19.521 64.952
3 5 -1.292 -185.829 -5.454 -1.149 -185.034 -6.822 .276 -172.506 -4.058
3 5 .276 -172.506 -4.058 -1.403 -186.366 -4.066 -1.292 -185.829 -5.454
3 5 -1.487 -186.668 -2.636 -1.403 -186.366 -4.066 .276 -172.506 -4.058
3 351 -1.487 -186.668 -2.636 .276 -172.506 -4.058 -.016 -172.825 3.998
3 351 -.016 -172.825 3.998 -1.542 -186.729 -1.194 -1.487 -186.668 -2.636
3 13 -1.518 -185.462 2.944 -.016 -172.825 3.998 -.225 -173.634 8.527
3 13 -.225 -173.634 8.527 -1.446 -184.579 4.158 -1.518 -185.462 2.944
3 351 -.016 -172.825 3.998 -1.518 -185.462 2.944 -1.558 -186.123 1.626
3 351 -1.558 -186.123 1.626 -1.566 -186.548 .231 -.016 -172.825 3.998
3 351 -1.542 -186.729 -1.194 -.016 -172.825 3.998 -1.566 -186.548 .231
3 13 1.052 -12.449 88.079 2.693 -11.716 83.927 -1.609 -5.536 89.496
3 13 -1.609 -5.536 89.496 2.693 -11.716 83.927 .004 -4.799 85.347
3 13 -1.609 -5.536 89.496 .004 -4.799 85.347 -1.627 -4.148 88.533
3 13 .004 -4.799 85.347 1.612 -4.062 81.198 -1.627 -4.148 88.533
3 13 -1.627 -4.148 88.533 1.612 -4.062 81.198 4.71 -3.649 73.922
3 13 3.254 4.942 70.213 -1.737 10.871 75.842 1.77 4.23 74.181
3 13 3.254 4.942 70.213 -.231 11.595 71.702 -1.737 10.871 75.842
3 13 -1.866 -19.14 98.452 2.089 -27.999 93.632 .068 -20.913 94.993
3 13 .991 -27.434 95.898 2.089 -27.999 93.632 -1.866 -19.14 98.452
3 13 .068 -20.913 94.993 1.74 -20.19 90.843 -2.244 -13.912 96.38
3 13 -1.866 -19.14 98.452 .068 -20.913 94.993 -2.244 -13.912 96.38
3 13 1.74 -20.19 90.843 -.594 -13.182 92.232 -2.244 -13.912 96.38
3 13 1.264 12.316 67.562 2.575 13.037 63.432 -2.58 18.819 69.083
3 13 2.575 13.037 63.432 -1.242 19.521 64.952 -2.58 18.819 69.083
3 13 -2.834 29.783 42.202 1.385 23.602 40.649 1.382 24.887 32.631
3 13 1.297 22.942 44.666 1.385 23.602 40.649 -2.866 29.157 46.214
3 13 1.385 23.602 40.649 -2.834 29.783 42.202 -2.866 29.157 46.214
3 351 1.3459 25.1592 30.8587 1.219 26.116 24.629 -2.2781 30.1939 32.6227
4 13 1.382 24.887 32.631 1.3459 25.1592 30.8587 -2.2781 30.1939 32.6227 -2.966 30.996 34.195
3 13 -2.834 29.783 42.202 1.382 24.887 32.631 -2.966 30.996 34.195
3 13 -3.227 -6.271 93.646 -.594 -13.182 92.232 1.052 -12.449 88.079
3 13 1.052 -12.449 88.079 -1.609 -5.536 89.496 -3.227 -6.271 93.646
3 13 -3.227 -6.271 93.646 -1.609 -5.536 89.496 -1.627 -4.148 88.533
3 13 -3.227 -6.271 93.646 -1.627 -4.148 88.533 -2.319 -3.987 89.968
3 13 -3.227 -6.271 93.646 -2.319 -3.987 89.968 -2.89 -3.597 90.961
3 13 .841 21.595 52.727 1.297 22.942 44.666 -3.24 27.872 54.268
3 13 -3.24 27.872 54.268 1.297 22.942 44.666 -2.866 29.157 46.214
3 351 -3.262 32.151 26.204 1.219 26.116 24.629 .974 27.272 16.634
3 351 1.219 26.116 24.629 -3.262 32.151 26.204 -2.2781 30.1939 32.6227
3 351 -2.2781 30.1939 32.6227 -3.262 32.151 26.204 -3.0115 31.1736 32.966
3 13 -2.2781 30.1939 32.6227 -3.0115 31.1736 32.966 -2.966 30.996 34.195
3 13 -3.227 -6.271 93.646 -2.89 -3.597 90.961 -3.457 -3.017 91.8
3 351 .123 29.308 6.961 -.492 30.097 7.084 -3.623 33.244 18.22
3 351 -1.086 30.872 7.069 -1.658 31.632 6.92 -3.623 33.244 18.22
3 351 -1.658 31.632 6.92 -2.199 32.364 6.639 -3.623 33.244 18.22
3 351 .974 27.272 16.634 .123 29.308 6.961 -3.623 33.244 18.22
3 351 -.492 30.097 7.084 -1.086 30.872 7.069 -3.623 33.244 18.22
3 351 -2.199 32.364 6.639 -2.696 33.051 6.232 -3.623 33.244 18.22
3 351 .974 27.272 16.634 -3.623 33.244 18.22 -3.262 32.151 26.204
3 13 .402 20.91 56.778 .841 21.595 52.727 -3.663 27.214 58.318
3 13 -3.663 27.214 58.318 .841 21.595 52.727 -3.24 27.872 54.268
3 13 -.231 11.595 71.702 1.264 12.316 67.562 -4.021 18.115 73.217
3 13 -.231 11.595 71.702 -4.021 18.115 73.217 -1.737 10.871 75.842
3 13 1.264 12.316 67.562 -2.58 18.819 69.083 -4.021 18.115 73.217
3 5 .448 31.404 -15.373 .733 31.865 -23.05 -4.239 37.353 -13.777
3 5 .448 31.404 -15.373 -4.239 37.353 -13.777 .51 30.399 -7.369
3 13 -.259 20.218 60.85 .402 20.91 56.778 -4.338 26.549 62.392
3 13 .402 20.91 56.778 -3.663 27.214 58.318 -4.338 26.549 62.392
3 13 -4.525 3.702 88.788 -1.737 10.871 75.842 -3.25 10.146 79.983
3 13 -4.525 3.702 88.788 1.77 4.23 74.181 -1.737 10.871 75.842
3 13 -4.525 3.702 88.788 -3.25 10.146 79.983 -4.771 9.419 84.124
3 13 -2.244 -13.912 96.38 -.594 -13.182 92.232 -4.849 -7.005 97.792
3 13 -4.849 -7.005 97.792 -.594 -13.182 92.232 -3.227 -6.271 93.646
3 5 .733 31.865 -23.05 -4.952 39.218 -21.553 -4.239 37.353 -13.777
3 13 -1.866 -19.14 98.452 -2.244 -13.912 96.38 -5.014 -10.979 100.797
3 13 -2.244 -13.912 96.38 -4.849 -7.005 97.792 -5.014 -10.979 100.797
3 13 -1.242 19.521 64.952 -.259 20.218 60.85 -5.365 25.875 66.499
3 13 -.259 20.218 60.85 -4.338 26.549 62.392 -5.365 25.875 66.499
3 13 -3.25 10.146 79.983 -1.737 10.871 75.842 -5.471 17.407 77.353
3 13 -1.737 10.871 75.842 -4.021 18.115 73.217 -5.471 17.407 77.353
3 13 -4.472 -1.452 92.88 -4.871 -.564 93.079 -6.157 .535 95.087
3 13 -4 -2.276 92.456 -4.472 -1.452 92.88 -6.157 .535 95.087
3 13 -3.457 -3.017 91.8 -6.157 .535 95.087 -3.227 -6.271 93.646
3 13 -6.157 .535 95.087 -3.457 -3.017 91.8 -4 -2.276 92.456
3 13 -4.871 -.564 93.079 -5.104 .098 93.076 -6.157 .535 95.087
3 13 -6.157 .535 95.087 -5.104 .098 93.076 -5.281 .751 92.947
3 13 -5.281 .751 92.947 -5.396 1.376 92.696 -6.157 .535 95.087
3 13 -4.525 3.702 88.788 -4.771 9.419 84.124 -6.298 8.692 88.266
3 5 -4.239 37.353 -13.777 -4.952 39.218 -21.553 -6.353 40.982 -20.965
3 13 -2.58 18.819 69.083 -1.242 19.521 64.952 -6.698 25.197 70.627
3 13 -6.698 25.197 70.627 -1.242 19.521 64.952 -5.365 25.875 66.499
3 13 -6.932 16.696 81.489 -4.771 9.419 84.124 -3.25 10.146 79.983
3 13 -3.25 10.146 79.983 -5.471 17.407 77.353 -6.932 16.696 81.489
3 5 -4.239 37.353 -13.777 -6.353 40.982 -20.965 -7.409 42.276 -20.239
3 13 -3.663 27.214 58.318 -3.24 27.872 54.268 -7.541 34.04 55.829
3 13 -4.849 -7.005 97.792 -3.227 -6.271 93.646 -7.744 -.198 99.23
3 13 -7.744 -.198 99.23 -3.227 -6.271 93.646 -6.157 .535 95.087
3 13 -5.365 25.875 66.499 -4.338 26.549 62.392 -7.786 31.185 64.339
3 13 -4.338 26.549 62.392 -3.663 27.214 58.318 -7.83 32.924 60.641
3 13 -4.338 26.549 62.392 -7.83 32.924 60.641 -7.786 31.185 64.339
3 13 -4.938 3.551 89.844 -4.525 3.702 88.788 -7.833 7.964 92.409
3 13 -5.237 3.183 90.83 -7.833 7.964 92.409 -9.374 7.235 96.552
3 13 -5.237 3.183 90.83 -4.938 3.551 89.844 -7.833 7.964 92.409
3 13 -4.525 3.702 88.788 -6.298 8.692 88.266 -7.833 7.964 92.409
3 13 -4.021 18.115 73.217 -2.58 18.819 69.083 -8.078 24.514 74.756
3 13 -5.471 17.407 77.353 -4.021 18.115 73.217 -8.078 24.514 74.756
3 13 -6.698 25.197 70.627 -8.078 24.514 74.756 -2.58 18.819 69.083
3 13 -6.698 25.197 70.627 -5.365 25.875 66.499 -8.109 28.879 68.905
3 13 -8.078 24.514 74.756 -6.698 25.197 70.627 -8.109 28.879 68.905
3 13 -5.365 25.875 66.499 -7.786 31.185 64.339 -8.109 28.879 68.905
3 13 -3.663 27.214 58.318 -7.541 34.04 55.829 -8.162 34.858 56.219
3 13 -3.663 27.214 58.318 -8.162 34.858 56.219 -7.83 32.924 60.641
3 13 -8.401 15.982 85.626 -4.771 9.419 84.124 -6.932 16.696 81.489
3 5 -4.239 37.353 -13.777 -7.409 42.276 -20.239 -8.421 43.483 -19.294
3 13 -5.014 -10.979 100.797 -4.849 -7.005 97.792 -8.492 -2.863 102.962
3 13 -5.471 17.407 77.353 -8.832 24.857 76.076 -9.458 20.507 82.916
3 13 -5.471 17.407 77.353 -8.078 24.514 74.756 -8.832 24.857 76.076
3 13 -8.078 24.514 74.756 -8.109 28.879 68.905 -8.832 24.857 76.076
3 13 -3.24 27.872 54.268 -2.866 29.157 46.214 -8.963 37.422 49.693
3 13 -3.24 27.872 54.268 -8.963 37.422 49.693 -7.541 34.04 55.829
3 13 -7.541 34.04 55.829 -8.963 37.422 49.693 -8.162 34.858 56.219
3 13 -4.849 -7.005 97.792 -9.369 -.702 103.268 -8.492 -2.863 102.962
3 13 -4.849 -7.005 97.792 -7.744 -.198 99.23 -9.369 -.702 103.268
3 5 -4.239 37.353 -13.777 -8.421 43.483 -19.294 -9.369 44.58 -18.147
3 13 -5.396 1.376 92.696 -9.374 7.235 96.552 -6.157 .535 95.087
3 13 -5.446 1.955 92.33 -5.404 2.645 91.66 -9.374 7.235 96.552
3 13 -5.396 1.376 92.696 -5.446 1.955 92.33 -9.374 7.235 96.552
3 13 -5.404 2.645 91.66 -5.237 3.183 90.83 -9.374 7.235 96.552
3 13 -7.744 -.198 99.23 -6.157 .535 95.087 -9.374 7.235 96.552
3 13 -6.932 16.696 81.489 -5.471 17.407 77.353 -9.458 20.507 82.916
3 13 -8.401 15.982 85.626 -9.458 20.507 82.916 -9.965 16.222 88.932
3 13 -8.401 15.982 85.626 -6.932 16.696 81.489 -9.458 20.507 82.916
3 13 -6.298 8.692 88.266 -9.879 15.267 89.764 -7.833 7.964 92.409
3 13 -6.298 8.692 88.266 -4.771 9.419 84.124 -9.879 15.267 89.764
3 13 -4.771 9.419 84.124 -8.401 15.982 85.626 -9.879 15.267 89.764
3 13 -9.879 15.267 89.764 -8.401 15.982 85.626 -9.965 16.222 88.932
3 13 -2.834 29.783 42.202 -10.022 39.863 42.505 -2.866 29.157 46.214
3 13 -2.866 29.157 46.214 -10.022 39.863 42.505 -8.963 37.422 49.693
3 5 -4.239 37.353 -13.777 -9.369 44.58 -18.147 -10.236 45.547 -16.814
3 13 -9.374 7.235 96.552 -7.833 7.964 92.409 -10.337 12.564 93.607
3 13 -10.337 12.564 93.607 -10.807 7.26 99.758 -9.374 7.235 96.552
3 13 -7.833 7.964 92.409 -9.879 15.267 89.764 -10.337 12.564 93.607
3 13 -10.337 12.564 93.607 -9.879 15.267 89.764 -9.965 16.222 88.932
3 13 -9.369 -.702 103.268 -10.213 2.024 102.966 -9.831 .67 103.213
3 13 -10.509 3.339 102.531 -10.213 2.024 102.966 -9.369 -.702 103.268
3 13 -10.714 4.595 101.915 -10.509 3.339 102.531 -9.369 -.702 103.268
3 13 -10.807 7.26 99.758 -7.744 -.198 99.23 -9.374 7.235 96.552
3 13 -9.369 -.702 103.268 -10.833 5.998 100.95 -10.714 4.595 101.915
3 13 -7.744 -.198 99.23 -10.833 5.998 100.95 -9.369 -.702 103.268
3 13 -7.744 -.198 99.23 -10.807 7.26 99.758 -10.833 5.998 100.95
3 13 -2.966 30.996 34.195 -10.903 41.58 36.612 -2.834 29.783 42.202
3 13 -2.834 29.783 42.202 -10.903 41.58 36.612 -10.022 39.863 42.505
3 5 -4.239 37.353 -13.777 -10.236 45.547 -16.814 -10.999 46.36 -15.33
3 5 -4.239 37.353 -13.777 -10.999 46.36 -15.33 -11.641 47 -13.725
3 351 -3.262 32.151 26.204 -12.034 43.616 28.224 -3.0115 31.1736 32.966
3 351 -3.0115 31.1736 32.966 -12.034 43.616 28.224 -4.0927 32.564 33.4531
3 13 -2.966 30.996 34.195 -3.0115 31.1736 32.966 -4.0927 32.564 33.4531
3 351 -4.0927 32.564 33.4531 -12.034 43.616 28.224 -10.903 41.58 36.612
3 13 -2.966 30.996 34.195 -4.0927 32.564 33.4531 -10.903 41.58 36.612
3 5 -4.239 37.353 -13.777 -11.641 47 -13.725 -12.148 47.454 -12.033
3 5 -4.239 37.353 -13.777 -12.148 47.454 -12.033 -12.5 47.709 -10.341
3 351 -12.508 44.477 23.975 -3.262 32.151 26.204 -3.623 33.244 18.22
3 351 -3.262 32.151 26.204 -12.508 44.477 23.975 -12.034 43.616 28.224
3 5 -4.239 37.353 -13.777 -12.5 47.709 -10.341 -12.708 47.775 -8.633
3 5 .51 30.399 -7.369 -4.239 37.353 -13.777 -12.708 47.775 -8.633
3 351 -3.623 33.244 18.22 -12.897 45.236 19.69 -12.508 44.477 23.975
3 5 .51 30.399 -7.369 -13.176 47.501 -1.09 -.079 31.112 -6.889
3 5 -.079 31.112 -6.889 -13.176 47.501 -1.09 -.87 32.095 -6.477
3 5 -.87 32.095 -6.477 -13.176 47.501 -1.09 -1.472 32.824 -6.002
3 5 -2.042 33.497 -5.404 -13.176 47.501 -1.09 -2.568 34.1 -4.697
3 5 -2.568 34.1 -4.697 -13.176 47.501 -1.09 -3.041 34.623 -3.893
3 5 -1.472 32.824 -6.002 -13.176 47.501 -1.09 -2.042 33.497 -5.404
3 5 .51 30.399 -7.369 -12.708 47.775 -8.633 -13.176 47.501 -1.09
3 351 -3.82 34.706 4.382 -4.058 35.101 3.588 -13.286 46.208 13.054
3 351 -13.286 46.208 13.054 -4.058 35.101 3.588 -4.219 35.406 2.719
3 351 -4.219 35.406 2.719 -13.384 46.961 6.24 -13.286 46.208 13.054
3 351 -3.51 34.227 5.096 -3.82 34.706 4.382 -13.286 46.208 13.054
3 351 -3.133 33.672 5.717 -3.51 34.227 5.096 -13.286 46.208 13.054
3 351 -2.696 33.051 6.232 -3.133 33.672 5.717 -13.286 46.208 13.054
3 351 -13.286 46.208 13.054 -3.623 33.244 18.22 -2.696 33.051 6.232
3 351 -13.286 46.208 13.054 -12.897 45.236 19.69 -3.623 33.244 18.22
3 351 -13.384 46.961 6.24 -4.295 35.713 .845 -4.208 35.71 -.124
3 351 -4.208 35.71 -.124 -6.055 38.0533 .4717 -13.384 46.961 6.24
3 351 -4.219 35.406 2.719 -4.298 35.611 1.799 -13.384 46.961 6.24
3 5 -3.444 35.048 -3.022 -7.7966 40.2646 1.0337 -3.778 35.374 -2.091
3 5 -3.778 35.374 -2.091 -7.7966 40.2646 1.0337 -7.134 39.4221 .8196
3 351 -7.134 39.4221 .8196 -7.7966 40.2646 1.0337 -13.384 46.961 6.24
3 5 -3.041 34.623 -3.893 -8.2041 40.7819 1.1652 -3.444 35.048 -3.022
3 5 -3.444 35.048 -3.022 -8.2041 40.7819 1.1652 -7.7966 40.2646 1.0337
3 351 -7.7966 40.2646 1.0337 -8.2041 40.7819 1.1652 -13.384 46.961 6.24
3 5 -4.034 35.597 -1.119 -6.055 38.0533 .4717 -4.208 35.71 -.124
3 5 -3.778 35.374 -2.091 -7.134 39.4221 .8196 -4.034 35.597 -1.119
3 5 -4.034 35.597 -1.119 -7.134 39.4221 .8196 -6.055 38.0533 .4717
3 351 -6.055 38.0533 .4717 -7.134 39.4221 .8196 -13.384 46.961 6.24
3 351 -4.298 35.611 1.799 -4.295 35.713 .845 -13.384 46.961 6.24
3 5 -3.041 34.623 -3.893 -13.176 47.501 -1.09 -8.2041 40.7819 1.1652
3 5 -8.2041 40.7819 1.1652 -13.176 47.501 -1.09 -13.2864 47.2144 2.8003
3 351 -8.2041 40.7819 1.1652 -13.2864 47.2144 2.8003 -13.384 46.961 6.24
