0 ~Animal Piglet without Patternable Surfaces - Half
0 Name: s\1410s02.dat
0 Author: Gerald Lasser [GeraldLasser]
0 !LDRAW_ORG Subpart UPDATE 2026-07
0 !LICENSE Licensed under CC BY 4.0 : see CAreadme.txt

0 BFC CERTIFY CCW

0 !HISTORY 2026-07-30 [OrionP] Official Update 2026-07

3 16 1.492 -20.187 -26.474 0 -19.791 -28.326 1.334 -19.636 -28.363
3 16 1.492 -20.187 -26.474 0 -20.27 -26.469 0 -19.791 -28.326
4 16 1.801 -21.767 -24.631 0 -21.856 -24.627 0 -20.27 -26.469 1.492 -20.187 -26.474
3 16 0 -23.46 -23.347 0 -21.856 -24.627 1.801 -21.767 -24.631
3 16 0 -23.46 -23.347 1.801 -21.767 -24.631 2.239 -23.329 -23.289
3 16 1.09 -19.402 -29.627 1.334 -19.636 -28.363 0 -19.791 -28.326
3 16 1.09 -19.402 -29.627 0 -19.791 -28.326 0 -19.579 -29.656
3 16 0 -25.023 -21.993 0 -23.46 -23.347 2.239 -23.329 -23.289
3 16 0 -25.023 -21.993 2.239 -23.329 -23.289 2.646 -24.85 -21.857
3 16 0 -25.023 -21.993 2.646 -24.85 -21.857 3.369 -26.016 -20.038
3 16 3.369 -26.016 -20.038 0 -26.016 -20.241 0 -25.023 -21.993
3 16 2.432 -26.573 -18.289 0 -26.016 -20.241 3.369 -26.016 -20.038
3 16 2.432 -26.573 -18.289 0 -26.709 -18.153 0 -26.016 -20.241
3 16 2.304 -26.464 -15.879 0 -26.709 -18.153 2.432 -26.573 -18.289
3 16 2.304 -26.464 -15.879 0 -26.391 -15.853 0 -26.709 -18.153
3 16 2.304 -26.464 -15.879 0 -25.686 -14.228 0 -26.391 -15.853
3 16 2.304 -26.464 -15.879 3.015 -25.633 -14.502 0 -25.686 -14.228
3 16 0 -24.959 -12.757 0 -25.686 -14.228 3.015 -25.633 -14.502
3 16 3.015 -25.633 -14.502 4.141 -24.156 -13.407 3.086 -23.881 -11.875
3 16 2.575 -23.466 -10.289 0 -23.645 -10.266 0 -24.329 -11.567
3 16 2.575 -23.466 -10.289 0 -24.329 -11.567 3.086 -23.881 -11.875
3 16 3.086 -23.881 -11.875 0 -24.959 -12.757 3.015 -25.633 -14.502
3 16 3.086 -23.881 -11.875 0 -24.329 -11.567 0 -24.959 -12.757
3 16 3.995 -22.447 -10.727 2.575 -23.466 -10.289 3.086 -23.881 -11.875
3 16 3.995 -22.447 -10.727 3.086 -23.881 -11.875 4.527 -22.655 -12.091
3 16 4.527 -22.655 -12.091 3.086 -23.881 -11.875 4.141 -24.156 -13.407
3 16 4.527 -22.655 -12.091 5.051 -21.303 -11.195 3.995 -22.447 -10.727
3 16 4.527 -22.655 -12.091 5.398 -21.63 -12.44 5.051 -21.303 -11.195
4 16 6.369 -19.77 -13.153 6.128 -19.257 -12.043 5.051 -21.303 -11.195 5.398 -21.63 -12.44
3 16 5.017 -22.858 -13.253 5.398 -21.63 -12.44 4.527 -22.655 -12.091
3 16 4.527 -22.655 -12.091 4.141 -24.156 -13.407 5.017 -22.858 -13.253
3 16 5.017 -22.858 -13.253 5.802 -22.01 -13.428 5.398 -21.63 -12.44
3 16 6.369 -19.77 -13.153 5.398 -21.63 -12.44 5.802 -22.01 -13.428
3 16 6.369 -19.77 -13.153 5.802 -22.01 -13.428 6.818 -20.483 -14.043
3 16 6.369 -19.77 -13.153 6.154 -16.547 -13.276 6.128 -19.257 -12.043
3 16 6.369 -19.77 -13.153 6.76 -16.428 -15.967 6.154 -16.547 -13.276
3 16 5.7 -14.413 -14.303 6.154 -16.547 -13.276 6.76 -16.428 -15.967
3 16 5.7 -14.413 -14.303 6.76 -16.428 -15.967 6.028 -14.076 -16.295
3 16 6.028 -14.076 -16.295 6.76 -16.428 -15.967 7.257 -16.328 -18.608
3 16 6.028 -14.076 -16.295 7.257 -16.328 -18.608 6.345 -13.749 -18.236
4 16 6.345 -13.749 -18.236 7.257 -16.328 -18.608 7.027 -15.985 -20.968 6.215 -13.581 -20.381
3 16 7.027 -15.985 -20.968 5.64 -13.716 -22.354 6.215 -13.581 -20.381
3 16 7.027 -15.985 -20.968 6.224 -16.025 -22.937 5.64 -13.716 -22.354
3 16 6.743 -18.542 -21.551 6.224 -16.025 -22.937 7.027 -15.985 -20.968
3 16 6.743 -18.542 -21.551 5.921 -18.045 -23.33 6.224 -16.025 -22.937
3 16 5.921 -18.045 -23.33 4.654 -16.127 -25.721 6.224 -16.025 -22.937
3 16 5.921 -18.045 -23.33 4.404 -17.516 -25.986 4.654 -16.127 -25.721
3 16 3.736 -16.298 -27.844 4.654 -16.127 -25.721 4.404 -17.516 -25.986
3 16 3.736 -16.298 -27.844 4.404 -17.516 -25.986 3.467 -17.459 -27.991
3 16 3.736 -16.298 -27.844 3.467 -17.459 -27.991 3.044 -17.481 -29.148
3 16 3.044 -17.481 -29.148 3.285 -16.282 -28.892 3.736 -16.298 -27.844
3 16 2.887 -18.436 -28.263 3.044 -17.481 -29.148 3.467 -17.459 -27.991
3 16 2.887 -18.436 -28.263 2.476 -18.386 -29.348 3.044 -17.481 -29.148
3 16 2.175 -19.108 -28.268 2.476 -18.386 -29.348 2.887 -18.436 -28.263
3 16 2.175 -19.108 -28.268 1.812 -18.986 -29.491 2.476 -18.386 -29.348
3 16 3.467 -17.459 -27.991 3.76 -18.741 -26.21 2.887 -18.436 -28.263
3 16 3.467 -17.459 -27.991 4.404 -17.516 -25.986 3.76 -18.741 -26.21
3 16 2.887 -18.436 -28.263 2.847 -19.65 -26.314 2.175 -19.108 -28.268
3 16 2.887 -18.436 -28.263 3.76 -18.741 -26.21 2.847 -19.65 -26.314
3 16 2.175 -19.108 -28.268 2.847 -19.65 -26.314 1.492 -20.187 -26.474
3 16 2.175 -19.108 -28.268 1.492 -20.187 -26.474 1.334 -19.636 -28.363
3 16 1.334 -19.636 -28.363 1.09 -19.402 -29.627 1.812 -18.986 -29.491
3 16 1.812 -18.986 -29.491 2.175 -19.108 -28.268 1.334 -19.636 -28.363
5 24 1.812 -18.986 -29.491 1.334 -19.636 -28.363 2.175 -19.108 -28.268 1.09 -19.402 -29.627
4 16 7.257 -16.328 -18.608 7.197 -19.953 -16.111 7.266 -20.855 -17.545 7.303 -19.077 -19.03
3 16 7.303 -19.077 -19.03 7.027 -15.985 -20.968 7.257 -16.328 -18.608
3 16 7.303 -19.077 -19.03 6.743 -18.542 -21.551 7.027 -15.985 -20.968
4 16 7.257 -16.328 -18.608 6.76 -16.428 -15.967 6.961 -19.995 -14.795 7.197 -19.953 -16.111
3 16 6.369 -19.77 -13.153 6.961 -19.995 -14.795 6.76 -16.428 -15.967
3 16 6.369 -19.77 -13.153 6.818 -20.483 -14.043 6.961 -19.995 -14.795
4 16 0 -17.11 -29.169 0 -16.108 -28.91 .361 -16.133 -28.914 .416 -17.021 -29.145
4 16 0 -17.11 -29.169 .416 -17.021 -29.145 .796 -17.459 -29.259 0 -17.76 -29.337
3 16 0 -17.76 -29.337 .796 -17.459 -29.259 1.09 -19.402 -29.627
3 16 1.09 -19.402 -29.627 0 -19.579 -29.656 0 -17.76 -29.337
5 24 1.09 -19.402 -29.627 0 -17.76 -29.337 0 -19.579 -29.656 .796 -17.459 -29.259
3 16 1.09 -19.402 -29.627 .796 -17.459 -29.259 1.226 -17.531 -29.278
3 16 1.226 -17.531 -29.278 1.812 -18.986 -29.491 1.09 -19.402 -29.627
5 24 1.226 -17.531 -29.278 1.09 -19.402 -29.627 .796 -17.459 -29.259 1.812 -18.986 -29.491
3 16 1.226 -17.531 -29.278 1.666 -17.433 -29.253 2.476 -18.386 -29.348
3 16 2.476 -18.386 -29.348 1.812 -18.986 -29.491 1.226 -17.531 -29.278
5 24 2.476 -18.386 -29.348 1.226 -17.531 -29.278 1.812 -18.986 -29.491 1.666 -17.433 -29.253
3 16 1.666 -17.433 -29.253 3.044 -17.481 -29.148 2.476 -18.386 -29.348
3 16 1.666 -17.433 -29.253 2.094 -17.003 -29.141 3.044 -17.481 -29.148
3 16 2.094 -17.003 -29.141 3.285 -16.282 -28.892 3.044 -17.481 -29.148
3 16 2.094 -17.003 -29.141 2.162 -16.194 -28.932 3.285 -16.282 -28.892
4 16 3.285 -16.282 -28.892 2.162 -16.194 -28.932 1.912 -15.592 -28.776 3.047 -15.049 -28.555
3 16 1.912 -15.592 -28.776 1.274 -15.193 -28.672 1.877 -14.06 -28.307
3 16 1.877 -14.06 -28.307 3.047 -15.049 -28.555 1.912 -15.592 -28.776
5 24 1.877 -14.06 -28.307 1.912 -15.592 -28.776 3.047 -15.049 -28.555 1.274 -15.193 -28.672
3 16 1.877 -14.06 -28.307 1.274 -15.193 -28.672 .62 -15.555 -28.764
3 16 .62 -15.555 -28.764 0 -13.929 -28.297 1.877 -14.06 -28.307
5 24 .62 -15.555 -28.764 1.877 -14.06 -28.307 1.274 -15.193 -28.672 0 -13.929 -28.297
3 16 0 -16.108 -28.91 0 -13.929 -28.297 .62 -15.555 -28.764
3 16 .62 -15.555 -28.764 .361 -16.133 -28.914 0 -16.108 -28.91
5 24 .62 -15.555 -28.764 0 -16.108 -28.91 .361 -16.133 -28.914 0 -13.929 -28.297
3 16 3.437 -14.841 -27.674 1.877 -14.06 -28.307 2.065 -13.734 -27.523
3 16 3.437 -14.841 -27.674 3.047 -15.049 -28.555 1.877 -14.06 -28.307
3 16 2.065 -13.734 -27.523 4.361 -14.319 -25.275 3.437 -14.841 -27.674
3 16 2.065 -13.734 -27.523 2.567 -12.98 -24.901 4.361 -14.319 -25.275
3 16 2.567 -12.98 -24.901 3.196 -12.291 -22.264 5.64 -13.716 -22.354
3 16 5.64 -13.716 -22.354 4.361 -14.319 -25.275 2.567 -12.98 -24.901
3 16 3.36 -12.019 -20.456 5.64 -13.716 -22.354 3.196 -12.291 -22.264
3 16 3.36 -12.019 -20.456 6.215 -13.581 -20.381 5.64 -13.716 -22.354
3 16 3.415 -11.985 -18.573 6.215 -13.581 -20.381 3.36 -12.019 -20.456
3 16 3.415 -11.985 -18.573 6.345 -13.749 -18.236 6.215 -13.581 -20.381
3 16 3.388 -11.968 -16.823 6.345 -13.749 -18.236 3.415 -11.985 -18.573
3 16 3.388 -11.968 -16.823 6.028 -14.076 -16.295 6.345 -13.749 -18.236
3 16 3.365 -12.099 -15.052 6.028 -14.076 -16.295 3.388 -11.968 -16.823
3 16 3.365 -12.099 -15.052 5.7 -14.413 -14.303 6.028 -14.076 -16.295
3 16 0 -13.929 -28.297 0 -13.501 -27.481 2.065 -13.734 -27.523
3 16 2.065 -13.734 -27.523 1.877 -14.06 -28.307 0 -13.929 -28.297
5 24 2.065 -13.734 -27.523 0 -13.929 -28.297 0 -13.501 -27.481 1.877 -14.06 -28.307
3 16 2.065 -13.734 -27.523 0 -13.501 -27.481 0 -12.77 -24.911
3 16 2.065 -13.734 -27.523 0 -12.77 -24.911 2.567 -12.98 -24.901
3 16 0 -12.119 -22.328 2.567 -12.98 -24.901 0 -12.77 -24.911
3 16 0 -12.119 -22.328 3.196 -12.291 -22.264 2.567 -12.98 -24.901
4 16 0 -12.119 -22.328 0 -11.851 -20.54 3.36 -12.019 -20.456 3.196 -12.291 -22.264
3 16 0 -11.851 -18.559 3.36 -12.019 -20.456 0 -11.851 -20.54
3 16 3.388 -11.968 -16.823 0 -11.851 -18.559 0 -11.902 -16.814
3 16 3.388 -11.968 -16.823 3.415 -11.985 -18.573 0 -11.851 -18.559
3 16 0 -11.851 -18.559 3.415 -11.985 -18.573 3.36 -12.019 -20.456
3 16 0 -11.902 -16.814 3.365 -12.099 -15.052 3.388 -11.968 -16.823
3 16 0 -11.902 -16.814 0 -11.981 -14.921 3.365 -12.099 -15.052
3 16 3.758 -27.354 -18.462 3.369 -26.016 -20.038 4.416 -27.087 -19.613
3 16 3.758 -27.354 -18.462 2.432 -26.573 -18.289 3.369 -26.016 -20.038
3 16 4.926 -28.081 -18.615 3.758 -27.354 -18.462 4.416 -27.087 -19.613
3 16 4.926 -28.081 -18.615 4.416 -27.087 -19.613 5.493 -27.862 -19.286
3 16 3.67 -27.527 -17.15 2.432 -26.573 -18.289 3.758 -27.354 -18.462
3 16 3.67 -27.527 -17.15 2.304 -26.464 -15.879 2.432 -26.573 -18.289
3 16 4.913 -28.291 -18.058 3.758 -27.354 -18.462 4.926 -28.081 -18.615
3 16 4.913 -28.291 -18.058 3.67 -27.527 -17.15 3.758 -27.354 -18.462
3 16 4.913 -28.291 -18.058 4.926 -28.081 -18.615 6.374 -28.809 -18.582
3 16 5.493 -27.862 -19.286 6.374 -28.809 -18.582 4.926 -28.081 -18.615
3 16 4.913 -28.291 -18.058 6.374 -28.809 -18.582 6.281 -28.929 -18.18
3 16 7.771 -29.105 -18.246 6.281 -28.929 -18.18 6.374 -28.809 -18.582
3 16 7.771 -29.105 -18.246 6.374 -28.809 -18.582 6.696 -28.634 -18.836
3 16 5.493 -27.862 -19.286 6.696 -28.634 -18.836 6.374 -28.809 -18.582
3 16 7.771 -29.105 -18.246 6.696 -28.634 -18.836 7.979 -29.007 -18.317
3 16 7.771 -29.105 -18.246 7.795 -29.199 -18.068 6.281 -28.929 -18.18
3 16 8.951 -28.791 -17.879 7.795 -29.199 -18.068 7.771 -29.105 -18.246
3 16 8.951 -28.791 -17.879 7.771 -29.105 -18.246 7.979 -29.007 -18.317
3 16 4.416 -27.087 -19.613 5.287 -24.302 -19.602 6.276 -25.269 -19.247
3 16 4.416 -27.087 -19.613 3.369 -26.016 -20.038 5.287 -24.302 -19.602
3 16 6.276 -25.269 -19.247 5.493 -27.862 -19.286 4.416 -27.087 -19.613
3 16 6.276 -25.269 -19.247 7.046 -26.21 -19.038 5.493 -27.862 -19.286
3 16 6.696 -28.634 -18.836 5.493 -27.862 -19.286 7.046 -26.21 -19.038
3 16 6.696 -28.634 -18.836 7.046 -26.21 -19.038 7.872 -27.165 -18.715
3 16 7.979 -29.007 -18.317 6.696 -28.634 -18.836 7.872 -27.165 -18.715
3 16 7.979 -29.007 -18.317 7.872 -27.165 -18.715 8.951 -28.791 -17.879
3 16 5.287 -24.302 -19.602 7.512 -23.395 -18.478 6.276 -25.269 -19.247
3 16 5.287 -24.302 -19.602 6.567 -22.598 -18.805 7.512 -23.395 -18.478
4 16 7.512 -23.395 -18.478 6.567 -22.598 -18.805 7.266 -20.855 -17.545 8.163 -21.615 -17.234
3 16 8.214 -20.752 -16.08 8.163 -21.615 -17.234 7.266 -20.855 -17.545
3 16 8.214 -20.752 -16.08 7.266 -20.855 -17.545 7.197 -19.953 -16.111
3 16 6.961 -19.995 -14.795 8.214 -20.752 -16.08 7.197 -19.953 -16.111
3 16 6.961 -19.995 -14.795 7.929 -20.981 -14.329 8.214 -20.752 -16.08
3 16 6.818 -20.483 -14.043 7.929 -20.981 -14.329 6.961 -19.995 -14.795
3 16 8.163 -21.615 -17.234 8.214 -20.752 -16.08 8.573 -21.09 -16.134
3 16 8.214 -20.752 -16.08 7.929 -20.981 -14.329 8.573 -21.09 -16.134
3 16 8.163 -21.615 -17.234 8.573 -21.09 -16.134 8.927 -22.29 -17.066
3 16 8.927 -22.29 -17.066 7.512 -23.395 -18.478 8.163 -21.615 -17.234
3 16 8.927 -22.29 -17.066 8.573 -21.09 -16.134 9.117 -21.656 -15.629
3 16 8.573 -21.09 -16.134 7.929 -20.981 -14.329 9.117 -21.656 -15.629
3 16 8.927 -22.29 -17.066 9.117 -21.656 -15.629 9.579 -23.209 -16.341
3 16 8.927 -22.29 -17.066 8.683 -24.354 -18.089 7.512 -23.395 -18.478
3 16 8.683 -24.354 -18.089 8.927 -22.29 -17.066 9.579 -23.209 -16.341
4 16 7.512 -23.395 -18.478 8.683 -24.354 -18.089 7.046 -26.21 -19.038 6.276 -25.269 -19.247
3 16 8.683 -24.354 -18.089 9.579 -23.209 -16.341 9.819 -25.338 -17.176
3 16 8.633 -26.17 -18.327 7.046 -26.21 -19.038 8.683 -24.354 -18.089
3 16 8.633 -26.17 -18.327 7.872 -27.165 -18.715 7.046 -26.21 -19.038
4 16 8.951 -28.791 -17.879 7.872 -27.165 -18.715 8.633 -26.17 -18.327 9.631 -27.342 -17.576
4 16 8.683 -24.354 -18.089 9.819 -25.338 -17.176 9.631 -27.342 -17.576 8.633 -26.17 -18.327
3 16 9.631 -27.342 -17.576 8.348 -28.198 -16.719 8.951 -28.791 -17.879
3 16 9.631 -27.342 -17.576 8.728 -27.086 -16.346 8.348 -28.198 -16.719
3 16 9.819 -25.338 -17.176 8.728 -27.086 -16.346 9.631 -27.342 -17.576
3 16 9.819 -25.338 -17.176 8.786 -25.341 -15.755 8.728 -27.086 -16.346
3 16 9.579 -23.209 -16.341 8.786 -25.341 -15.755 9.819 -25.338 -17.176
3 16 9.579 -23.209 -16.341 8.779 -23.843 -15.142 8.786 -25.341 -15.755
3 16 8.383 -23.024 -14.615 8.779 -23.843 -15.142 9.579 -23.209 -16.341
3 16 8.383 -23.024 -14.615 9.579 -23.209 -16.341 9.117 -21.656 -15.629
3 16 7.929 -20.981 -14.329 8.383 -23.024 -14.615 9.117 -21.656 -15.629
3 16 7.929 -20.981 -14.329 7.22 -22.393 -13.793 8.383 -23.024 -14.615
3 16 6.818 -20.483 -14.043 7.22 -22.393 -13.793 7.929 -20.981 -14.329
3 16 6.818 -20.483 -14.043 5.802 -22.01 -13.428 7.22 -22.393 -13.793
3 16 5.802 -22.01 -13.428 6.361 -23.929 -13.763 7.22 -22.393 -13.793
3 16 5.802 -22.01 -13.428 5.017 -22.858 -13.253 6.361 -23.929 -13.763
3 16 8.951 -28.791 -17.879 8.348 -28.198 -16.719 7.87 -28.336 -16.704
3 16 8.951 -28.791 -17.879 7.87 -28.336 -16.704 7.795 -29.199 -18.068
3 16 7.795 -29.199 -18.068 7.87 -28.336 -16.704 6.718 -28.149 -16.414
3 16 7.795 -29.199 -18.068 6.718 -28.149 -16.414 6.281 -28.929 -18.18
3 16 6.718 -28.149 -16.414 4.913 -28.291 -18.058 6.281 -28.929 -18.18
3 16 6.718 -28.149 -16.414 5.649 -27.616 -16.075 4.913 -28.291 -18.058
3 16 5.649 -27.616 -16.075 3.67 -27.527 -17.15 4.913 -28.291 -18.058
3 16 5.649 -27.616 -16.075 4.483 -26.828 -15.412 3.67 -27.527 -17.15
3 16 4.483 -26.828 -15.412 2.304 -26.464 -15.879 3.67 -27.527 -17.15
3 16 4.483 -26.828 -15.412 3.015 -25.633 -14.502 2.304 -26.464 -15.879
3 16 7.371 -24.635 -14.464 7.22 -22.393 -13.793 6.361 -23.929 -13.763
3 16 7.371 -24.635 -14.464 6.361 -23.929 -13.763 5.412 -25.484 -14.302
3 16 3.015 -25.633 -14.502 4.483 -26.828 -15.412 5.412 -25.484 -14.302
3 16 7.371 -24.635 -14.464 5.412 -25.484 -14.302 6.434 -26.213 -14.983
3 16 4.483 -26.828 -15.412 6.434 -26.213 -14.983 5.412 -25.484 -14.302
3 16 4.483 -26.828 -15.412 5.649 -27.616 -16.075 6.434 -26.213 -14.983
3 16 3.015 -25.633 -14.502 5.412 -25.484 -14.302 4.141 -24.156 -13.407
3 16 7.276 -26.67 -15.463 5.649 -27.616 -16.075 6.718 -28.149 -16.414
3 16 7.276 -26.67 -15.463 6.434 -26.213 -14.983 5.649 -27.616 -16.075
3 16 7.982 -25.147 -15.031 6.434 -26.213 -14.983 7.276 -26.67 -15.463
3 16 7.982 -25.147 -15.031 7.371 -24.635 -14.464 6.434 -26.213 -14.983
4 16 7.982 -25.147 -15.031 8.779 -23.843 -15.142 8.383 -23.024 -14.615 7.371 -24.635 -14.464
3 16 7.371 -24.635 -14.464 8.383 -23.024 -14.615 7.22 -22.393 -13.793
3 16 7.982 -25.147 -15.031 8.356 -25.315 -15.364 8.779 -23.843 -15.142
3 16 8.356 -25.315 -15.364 7.982 -25.147 -15.031 7.276 -26.67 -15.463
3 16 8.779 -23.843 -15.142 8.356 -25.315 -15.364 8.786 -25.341 -15.755
3 16 8.786 -25.341 -15.755 8.356 -25.315 -15.364 7.912 -26.969 -15.849
3 16 8.356 -25.315 -15.364 7.276 -26.67 -15.463 7.912 -26.969 -15.849
3 16 8.786 -25.341 -15.755 7.912 -26.969 -15.849 8.728 -27.086 -16.346
3 16 8.728 -27.086 -16.346 7.912 -26.969 -15.849 7.87 -28.336 -16.704
3 16 8.728 -27.086 -16.346 7.87 -28.336 -16.704 8.348 -28.198 -16.719
3 16 7.912 -26.969 -15.849 6.718 -28.149 -16.414 7.87 -28.336 -16.704
3 16 7.912 -26.969 -15.849 7.276 -26.67 -15.463 6.718 -28.149 -16.414
3 16 4.141 -24.156 -13.407 5.412 -25.484 -14.302 6.361 -23.929 -13.763
3 16 4.141 -24.156 -13.407 6.361 -23.929 -13.763 5.017 -22.858 -13.253
3 16 .871 -16.914 -28.973 .361 -16.133 -28.914 .914 -16.221 -28.784
3 16 .871 -16.914 -28.973 .416 -17.021 -29.145 .361 -16.133 -28.914
3 16 1.256 -16.918 -28.907 .871 -16.914 -28.973 .914 -16.221 -28.784
3 16 1.256 -16.918 -28.907 .914 -16.221 -28.784 1.303 -16.247 -28.752
3 16 1.303 -16.247 -28.752 1.664 -16.911 -28.991 1.256 -16.918 -28.907
3 16 1.303 -16.247 -28.752 1.704 -16.249 -28.826 1.664 -16.911 -28.991
3 16 2.162 -16.194 -28.932 1.664 -16.911 -28.991 1.704 -16.249 -28.826
3 16 2.162 -16.194 -28.932 2.094 -17.003 -29.141 1.664 -16.911 -28.991
4 16 2.094 -17.003 -29.141 1.666 -17.433 -29.253 1.479 -17.201 -29.088 1.664 -16.911 -28.991
3 16 1.479 -17.201 -29.088 1.256 -16.918 -28.907 1.664 -16.911 -28.991
4 16 1.666 -17.433 -29.253 1.226 -17.531 -29.278 1.219 -17.206 -29.068 1.479 -17.201 -29.088
3 16 1.479 -17.201 -29.088 1.219 -17.206 -29.068 1.256 -16.918 -28.907
3 16 1.219 -17.206 -29.068 1.226 -17.531 -29.278 .796 -17.459 -29.259
3 16 .97 -17.152 -29.057 .416 -17.021 -29.145 .871 -16.914 -28.973
3 16 .97 -17.152 -29.057 1.256 -16.918 -28.907 1.219 -17.206 -29.068
3 16 .97 -17.152 -29.057 .871 -16.914 -28.973 1.256 -16.918 -28.907
3 16 .796 -17.459 -29.259 .97 -17.152 -29.057 1.219 -17.206 -29.068
3 16 .97 -17.152 -29.057 .796 -17.459 -29.259 .416 -17.021 -29.145
3 16 .914 -16.221 -28.784 .361 -16.133 -28.914 .62 -15.555 -28.764
3 16 .62 -15.555 -28.764 1.015 -15.896 -28.738 .914 -16.221 -28.784
3 16 .62 -15.555 -28.764 1.261 -15.767 -28.719 1.015 -15.896 -28.738
3 16 1.015 -15.896 -28.738 1.261 -15.767 -28.719 1.303 -16.247 -28.752
3 16 .62 -15.555 -28.764 1.274 -15.193 -28.672 1.261 -15.767 -28.719
3 16 1.261 -15.767 -28.719 1.274 -15.193 -28.672 1.912 -15.592 -28.776
3 16 1.912 -15.592 -28.776 2.162 -16.194 -28.932 1.704 -16.249 -28.826
3 16 1.261 -15.767 -28.719 1.912 -15.592 -28.776 1.559 -15.899 -28.759
3 16 1.912 -15.592 -28.776 1.704 -16.249 -28.826 1.559 -15.899 -28.759
3 16 1.303 -16.247 -28.752 1.559 -15.899 -28.759 1.704 -16.249 -28.826
3 16 1.303 -16.247 -28.752 1.261 -15.767 -28.719 1.559 -15.899 -28.759
3 16 1.015 -15.896 -28.738 1.303 -16.247 -28.752 .914 -16.221 -28.784
3 16 4.361 -14.319 -25.275 6.224 -16.025 -22.937 4.654 -16.127 -25.721
3 16 4.361 -14.319 -25.275 5.64 -13.716 -22.354 6.224 -16.025 -22.937
3 16 3.437 -14.841 -27.674 4.361 -14.319 -25.275 4.654 -16.127 -25.721
3 16 3.437 -14.841 -27.674 4.654 -16.127 -25.721 3.736 -16.298 -27.844
3 16 3.437 -14.841 -27.674 3.736 -16.298 -27.844 3.285 -16.282 -28.892
3 16 3.285 -16.282 -28.892 3.047 -15.049 -28.555 3.437 -14.841 -27.674
3 16 0 -11.981 -14.921 .782 -8.847 -11.693 3.365 -12.099 -15.052
3 16 0 -11.981 -14.921 0 -8.984 -11.761 .782 -8.847 -11.693
3 16 4.483 -10.64 -12.979 3.365 -12.099 -15.052 .782 -8.847 -11.693
3 16 4.483 -10.64 -12.979 .782 -8.847 -11.693 1.387 -8.335 -11.482
3 16 5.531 -8.522 -11.506 4.483 -10.64 -12.979 1.387 -8.335 -11.482
3 16 5.531 -8.522 -11.506 1.387 -8.335 -11.482 1.787 -7.464 -11.128
3 16 6.268 -4.304 -11.612 5.531 -8.522 -11.506 1.787 -7.464 -11.128
3 16 6.268 -4.304 -11.612 1.787 -7.464 -11.128 2.154 -4.001 -11.651
4 16 6.431 -1.936 -12.195 6.268 -4.304 -11.612 2.154 -4.001 -11.651 2.238 -1.941 -12.146
3 16 2.287 -.796 -12.414 6.431 -1.936 -12.195 2.238 -1.941 -12.146
3 16 2.287 -.796 -12.414 6.493 -.788 -12.495 6.431 -1.936 -12.195
3 16 2.32 0 -12.496 6.493 -.788 -12.495 2.287 -.796 -12.414
3 16 2.32 0 -12.496 6.539 0 -12.559 6.493 -.788 -12.495
3 16 0 -7.675 -9.938 0 -8.41 -8.659 1.077 -8.157 -8.608
3 16 0 -7.675 -9.938 1.077 -8.157 -8.608 1.18 -7.273 -9.571
4 16 0 -8.984 -11.761 0 -7.675 -9.938 1.18 -7.273 -9.571 .782 -8.847 -11.693
3 16 1.18 -7.273 -9.571 1.387 -8.335 -11.482 .782 -8.847 -11.693
3 16 1.077 -8.157 -8.608 1.886 -6.313 -8.366 1.18 -7.273 -9.571
3 16 1.18 -7.273 -9.571 1.787 -7.464 -11.128 1.387 -8.335 -11.482
3 16 1.18 -7.273 -9.571 1.853 -6.485 -9.283 1.787 -7.464 -11.128
3 16 1.18 -7.273 -9.571 1.886 -6.313 -8.366 1.853 -6.485 -9.283
3 16 7.008 -18.726 -11.083 6.154 -16.547 -13.276 7.064 -16.066 -12.074
3 16 7.008 -18.726 -11.083 6.128 -19.257 -12.043 6.154 -16.547 -13.276
3 16 6.362 -20.859 -9.869 6.128 -19.257 -12.043 7.008 -18.726 -11.083
3 16 6.362 -20.859 -9.869 5.051 -21.303 -11.195 6.128 -19.257 -12.043
4 16 6.362 -20.859 -9.869 5.59 -22.19 -8.638 3.995 -22.447 -10.727 5.051 -21.303 -11.195
3 16 7.064 -16.066 -12.074 7.832 -18.368 -9.932 7.008 -18.726 -11.083
3 16 7.008 -18.726 -11.083 7.832 -18.368 -9.932 7.588 -20.335 -8.535
3 16 7.064 -16.066 -12.074 7.98 -15.605 -10.947 7.832 -18.368 -9.932
3 16 7.588 -20.335 -8.535 6.362 -20.859 -9.869 7.008 -18.726 -11.083
3 16 7.383 -21.792 -6.793 6.362 -20.859 -9.869 7.588 -20.335 -8.535
3 16 6.362 -20.859 -9.869 7.383 -21.792 -6.793 5.59 -22.19 -8.638
3 16 7.98 -15.605 -10.947 7.064 -16.066 -12.074 6.392 -13.578 -12.69
3 16 6.154 -16.547 -13.276 6.392 -13.578 -12.69 7.064 -16.066 -12.074
3 16 7.98 -15.605 -10.947 6.392 -13.578 -12.69 8.02 -12.643 -11.107
3 16 8.02 -12.643 -11.107 6.392 -13.578 -12.69 4.483 -10.64 -12.979
3 16 3.365 -12.099 -15.052 4.483 -10.64 -12.979 6.392 -13.578 -12.69
3 16 3.365 -12.099 -15.052 6.392 -13.578 -12.69 5.7 -14.413 -14.303
3 16 6.154 -16.547 -13.276 5.7 -14.413 -14.303 6.392 -13.578 -12.69
3 16 8.02 -12.643 -11.107 4.483 -10.64 -12.979 5.531 -8.522 -11.506
3 16 8.02 -12.643 -11.107 5.531 -8.522 -11.506 8.271 -9.148 -10.462
3 16 5.531 -8.522 -11.506 8.432 -4.502 -10.642 8.271 -9.148 -10.462
3 16 5.531 -8.522 -11.506 6.268 -4.304 -11.612 8.432 -4.502 -10.642
3 16 5.59 -22.19 -8.638 7.383 -21.792 -6.793 3.599 -23.558 -7.375
3 16 7.3 -22.586 -4.873 4.028 -23.719 -5.188 3.599 -23.558 -7.375
3 16 3.599 -23.558 -7.375 7.383 -21.792 -6.793 7.3 -22.586 -4.873
3 16 7.3 -22.586 -4.873 4.439 -23.976 -1.707 4.028 -23.719 -5.188
3 16 7.3 -22.586 -4.873 7.414 -22.952 -1.749 4.439 -23.976 -1.707
4 16 4.439 -23.976 -1.707 7.414 -22.952 -1.749 7.603 -23.057 2.296 4.613 -24.067 2.354
3 16 7.754 -22.834 6.667 4.613 -24.067 2.354 7.603 -23.057 2.296
3 16 7.754 -22.834 6.667 4.862 -23.984 7.005 4.613 -24.067 2.354
3 16 7.856 -22.15 9.846 4.862 -23.984 7.005 7.754 -22.834 6.667
3 16 7.856 -22.15 9.846 4.851 -23.383 10.28 4.862 -23.984 7.005
3 16 7.856 -22.15 9.846 5.053 -21.627 12.936 4.851 -23.383 10.28
3 16 7.856 -22.15 9.846 7.937 -20.732 11.954 5.053 -21.627 12.936
3 16 5.19 -19.563 14.45 5.053 -21.627 12.936 7.937 -20.732 11.954
3 16 5.19 -19.563 14.45 7.937 -20.732 11.954 8.041 -19.099 13.092
3 16 8.041 -19.099 13.092 5.396 -17.351 15.18 5.19 -19.563 14.45
3 16 8.041 -19.099 13.092 8.115 -17.182 13.634 5.396 -17.351 15.18
3 16 5.431 -15.095 15.314 5.396 -17.351 15.18 8.115 -17.182 13.634
3 16 5.431 -15.095 15.314 8.115 -17.182 13.634 8.127 -15.147 13.666
4 16 8.15 -12.594 13.339 5.644 -12.171 14.836 5.431 -15.095 15.314 8.127 -15.147 13.666
3 16 8.15 -12.594 13.339 6.121 -8.896 13.886 5.644 -12.171 14.836
3 16 8.15 -12.594 13.339 8.275 -9.076 12.365 6.121 -8.896 13.886
3 16 8.275 -9.076 12.365 6.39 -7.395 13.868 6.121 -8.896 13.886
3 16 8.275 -9.076 12.365 8.327 -7.376 12.558 6.39 -7.395 13.868
3 16 6.39 -7.395 13.868 8.327 -7.376 12.558 8.354 -5.676 13.094
3 16 6.39 -7.395 13.868 8.354 -5.676 13.094 6.471 -5.444 14.065
3 16 6.508 -2.918 13.56 6.471 -5.444 14.065 8.354 -5.676 13.094
3 16 6.508 -2.918 13.56 8.354 -5.676 13.094 8.539 -2.923 12.548
4 16 6.508 -2.918 13.56 8.539 -2.923 12.548 8.755 -.792 11.755 6.565 -.785 12.833
3 16 8.755 -.792 11.755 6.571 0 12.68 6.565 -.785 12.833
3 16 8.755 -.792 11.755 8.782 0 11.628 6.571 0 12.68
4 16 4.439 -23.976 -1.707 0 -24.014 -1.584 0 -23.783 -5.168 4.028 -23.719 -5.188
3 16 3.599 -23.558 -7.375 4.028 -23.719 -5.188 0 -23.783 -5.168
4 16 0 -24.014 -1.584 4.439 -23.976 -1.707 4.613 -24.067 2.354 0 -24.091 2.464
4 16 4.851 -23.383 10.28 0 -23.44 10.179 0 -24.036 6.949 4.862 -23.984 7.005
4 16 0 -24.091 2.464 4.613 -24.067 2.354 4.862 -23.984 7.005 0 -24.036 6.949
4 16 5.644 -12.171 14.836 6.121 -8.896 13.886 1.921 -8.858 13.839 1.576 -10.504 14.333
3 16 6.121 -8.896 13.886 2.018 -7.227 13.86 1.921 -8.858 13.839
3 16 6.121 -8.896 13.886 6.39 -7.395 13.868 2.018 -7.227 13.86
3 16 6.39 -7.395 13.868 2.094 -5.438 13.998 2.018 -7.227 13.86
3 16 6.39 -7.395 13.868 6.471 -5.444 14.065 2.094 -5.438 13.998
3 16 2.16 -2.974 13.595 2.094 -5.438 13.998 6.471 -5.444 14.065
3 16 2.16 -2.974 13.595 6.471 -5.444 14.065 6.508 -2.918 13.56
3 16 6.508 -2.918 13.56 2.213 -.804 12.755 2.16 -2.974 13.595
3 16 6.508 -2.918 13.56 6.565 -.785 12.833 2.213 -.804 12.755
4 16 2.213 -.804 12.755 6.565 -.785 12.833 6.571 0 12.68 2.245 0 12.594
3 16 6.431 -1.936 -12.195 6.493 -.788 -12.495 8.63 -.802 -11.46
4 16 8.63 -.802 -11.46 8.55 -1.938 -11.176 6.268 -4.304 -11.612 6.431 -1.936 -12.195
3 16 6.268 -4.304 -11.612 8.55 -1.938 -11.176 8.432 -4.502 -10.642
3 16 6.493 -.788 -12.495 8.609 0 -11.521 8.63 -.802 -11.46
3 16 6.493 -.788 -12.495 6.539 0 -12.559 8.609 0 -11.521
3 16 2.238 -1.941 -12.146 2.264 -.799 -9.455 2.287 -.796 -12.414
3 16 2.238 -1.941 -12.146 2.185 -1.929 -9.373 2.264 -.799 -9.455
3 16 2.185 -1.929 -9.373 2.296 -.5 -5.543 2.264 -.799 -9.455
3 16 2.185 -1.929 -9.373 2.287 -2.052 -5.545 2.296 -.5 -5.543
3 16 2.296 -.5 -5.543 2.273 0 -9.499 2.264 -.799 -9.455
3 16 2.287 -.796 -12.414 2.264 -.799 -9.455 2.273 0 -9.499
3 16 2.296 -.5 -5.543 2.363 0 -5.728 2.273 0 -9.499
3 16 2.287 -.796 -12.414 2.273 0 -9.499 2.32 0 -12.496
4 16 2.185 -1.929 -9.373 2.096 -3.917 -9.099 2.18 -4 -5.566 2.287 -2.052 -5.545
3 16 1.886 -6.313 -8.366 2.18 -4 -5.566 2.096 -3.917 -9.099
3 16 1.886 -6.313 -8.366 1.857 -6.237 -5.631 2.18 -4 -5.566
4 16 2.238 -1.941 -12.146 2.154 -4.001 -11.651 2.096 -3.917 -9.099 2.185 -1.929 -9.373
3 16 1.853 -6.485 -9.283 1.886 -6.313 -8.366 2.096 -3.917 -9.099
4 16 2.096 -3.917 -9.099 2.154 -4.001 -11.651 1.787 -7.464 -11.128 1.853 -6.485 -9.283
3 16 1.857 -6.237 -5.631 1.886 -6.313 -8.366 1.634 -17.356 -8.168
3 16 1.857 -6.237 -5.631 1.634 -17.356 -8.168 1.9 -18.545 -4.182
3 16 1.9 -18.545 -4.182 2.056 -7.082 -4.181 1.857 -6.237 -5.631
5 24 1.9 -18.545 -4.182 1.857 -6.237 -5.631 1.634 -17.356 -8.168 2.056 -7.082 -4.181
3 16 8.55 -1.938 -11.176 8.63 -.802 -11.46 8.821 -.782 -5.316
4 16 8.821 -.782 -5.316 8.787 -1.929 -4.839 8.432 -4.502 -10.642 8.55 -1.938 -11.176
4 16 8.787 -1.929 -4.839 8.719 -4.803 -4.257 8.271 -9.148 -10.462 8.432 -4.502 -10.642
3 16 8.719 -4.803 -4.257 8.692 -9.386 -3.071 8.271 -9.148 -10.462
3 16 8.692 -9.386 -3.071 8.687 -15.763 1.599 8.271 -9.148 -10.462
3 16 8.77 -8.916 1.053 8.687 -15.763 1.599 8.692 -9.386 -3.071
3 16 8.709 -9.353 5.135 8.687 -15.763 1.599 8.77 -8.916 1.053
3 16 8.15 -12.594 13.339 8.687 -15.763 1.599 8.709 -9.353 5.135
4 16 8.702 -7 6.028 8.275 -9.076 12.365 8.15 -12.594 13.339 8.709 -9.353 5.135
3 16 8.275 -9.076 12.365 8.702 -7 6.028 8.327 -7.376 12.558
4 16 8.354 -5.676 13.094 8.327 -7.376 12.558 8.702 -7 6.028 8.757 -4.793 6.556
3 16 8.02 -12.643 -11.107 8.271 -9.148 -10.462 8.687 -15.763 1.599
3 16 8.02 -12.643 -11.107 8.687 -15.763 1.599 7.98 -15.605 -10.947
3 16 7.98 -15.605 -10.947 8.687 -15.763 1.599 7.832 -18.368 -9.932
3 16 8.687 -15.763 1.599 7.588 -20.335 -8.535 7.832 -18.368 -9.932
4 16 7.588 -20.335 -8.535 8.687 -15.763 1.599 7.3 -22.586 -4.873 7.383 -21.792 -6.793
3 16 7.414 -22.952 -1.749 7.3 -22.586 -4.873 8.687 -15.763 1.599
3 16 7.603 -23.057 2.296 7.414 -22.952 -1.749 8.687 -15.763 1.599
3 16 8.757 -4.793 6.556 8.539 -2.923 12.548 8.354 -5.676 13.094
3 16 8.757 -4.793 6.556 8.812 -2.416 6.144 8.539 -2.923 12.548
3 16 8.812 -2.416 6.144 8.755 -.792 11.755 8.539 -2.923 12.548
4 16 8.782 0 11.628 8.755 -.792 11.755 8.812 -2.416 6.144 8.893 -.78 5.827
3 16 8.893 -.78 5.827 8.842 0 5.8 8.782 0 11.628
3 16 7.754 -22.834 6.667 7.603 -23.057 2.296 8.687 -15.763 1.599
3 16 7.754 -22.834 6.667 8.687 -15.763 1.599 7.856 -22.15 9.846
3 16 7.937 -20.732 11.954 7.856 -22.15 9.846 8.687 -15.763 1.599
3 16 8.041 -19.099 13.092 7.937 -20.732 11.954 8.687 -15.763 1.599
3 16 8.041 -19.099 13.092 8.687 -15.763 1.599 8.115 -17.182 13.634
3 16 8.127 -15.147 13.666 8.115 -17.182 13.634 8.687 -15.763 1.599
3 16 8.127 -15.147 13.666 8.687 -15.763 1.599 8.15 -12.594 13.339
3 16 8.77 -8.916 1.053 6.593 -6.909 4.589 8.709 -9.353 5.135
3 16 8.77 -8.916 1.053 6.691 -6.762 1.075 6.593 -6.909 4.589
3 16 6.76 -7.174 -2.41 6.691 -6.762 1.075 8.77 -8.916 1.053
3 16 6.76 -7.174 -2.41 8.77 -8.916 1.053 8.692 -9.386 -3.071
3 16 6.593 -6.909 4.589 8.702 -7 6.028 8.709 -9.353 5.135
3 16 6.593 -6.909 4.589 6.916 -5.856 5.235 8.702 -7 6.028
3 16 6.916 -5.856 5.235 8.757 -4.793 6.556 8.702 -7 6.028
3 16 6.916 -5.856 5.235 7.266 -4.785 5.491 8.757 -4.793 6.556
3 16 7.266 -4.785 5.491 8.812 -2.416 6.144 8.757 -4.793 6.556
3 16 7.266 -4.785 5.491 7.524 -2.419 5.178 8.812 -2.416 6.144
3 16 7.524 -2.419 5.178 8.893 -.78 5.827 8.812 -2.416 6.144
3 16 7.524 -2.419 5.178 7.752 -.792 4.927 8.893 -.78 5.827
4 16 8.893 -.78 5.827 7.752 -.792 4.927 7.77 0 4.957 8.842 0 5.8
3 16 7.15 -.795 -4.045 8.787 -1.929 -4.839 8.821 -.782 -5.316
3 16 7.15 -.795 -4.045 7.142 -1.937 -3.817 8.787 -1.929 -4.839
3 16 7.068 -4.303 -3.421 8.787 -1.929 -4.839 7.142 -1.937 -3.817
3 16 7.068 -4.303 -3.421 8.719 -4.803 -4.257 8.787 -1.929 -4.839
3 16 6.76 -7.174 -2.41 8.719 -4.803 -4.257 7.068 -4.303 -3.421
3 16 6.76 -7.174 -2.41 8.692 -9.386 -3.071 8.719 -4.803 -4.257
3 16 7.148 0 -4.24 7.15 -.795 -4.045 8.821 -.782 -5.316
3 16 7.148 0 -4.24 8.821 -.782 -5.316 8.796 0 -5.469
3 16 7.752 -.792 4.927 3.851 0 4.692 7.77 0 4.957
3 16 7.752 -.792 4.927 3.666 -.5 4.628 3.851 0 4.692
3 16 7.524 -2.419 5.178 3.666 -.5 4.628 7.752 -.792 4.927
3 16 7.524 -2.419 5.178 3.726 -4.19 4.588 3.666 -.5 4.628
3 16 7.266 -4.785 5.491 3.726 -4.19 4.588 7.524 -2.419 5.178
3 16 3.804 -5.351 4.535 3.726 -4.19 4.588 7.266 -4.785 5.491
3 16 3.804 -5.351 4.535 7.266 -4.785 5.491 6.916 -5.856 5.235
3 16 6.593 -6.909 4.589 3.804 -5.351 4.535 6.916 -5.856 5.235
3 16 6.593 -6.909 4.589 3.989 -6.924 4.333 3.804 -5.351 4.535
4 16 6.691 -6.762 1.075 6.76 -7.174 -2.41 3.989 -7.15 -2.49 3.989 -6.776 .967
4 16 3.989 -6.776 .967 3.989 -6.924 4.333 6.593 -6.909 4.589 6.691 -6.762 1.075
3 16 3.989 -6.776 .967 3.752 -18.226 4.086 3.989 -6.924 4.333
4 16 3.989 -7.15 -2.49 3.846 -18.332 -2.592 3.752 -18.226 4.086 3.989 -6.776 .967
3 16 3.846 -18.332 -2.592 1.884 -18.467 5.626 3.752 -18.226 4.086
3 16 3.846 -18.332 -2.592 1.9 -18.545 -4.182 1.884 -18.467 5.626
3 16 7.142 -1.937 -3.817 7.15 -.795 -4.045 5.064 -.799 -3.979
3 16 5.064 -.799 -3.979 5.269 -1.893 -3.818 7.142 -1.937 -3.817
3 16 7.148 0 -4.24 5.064 -.799 -3.979 7.15 -.795 -4.045
3 16 7.148 0 -4.24 4.568 0 -4.212 5.064 -.799 -3.979
4 16 7.068 -4.303 -3.421 7.142 -1.937 -3.817 5.269 -1.893 -3.818 5.55 -4.151 -3.428
3 16 5.55 -4.151 -3.428 5.762 -5.85 -3.134 7.068 -4.303 -3.421
3 16 7.068 -4.303 -3.421 5.762 -5.85 -3.134 6.76 -7.174 -2.41
4 16 4.243 -.5 -4.243 2.296 -.5 -5.543 2.287 -2.052 -5.545 4.243 -1.931 -4.243
3 16 4.243 -.5 -4.243 4.243 -1.931 -4.243 5.269 -1.893 -3.818
3 16 5.269 -1.893 -3.818 5.064 -.799 -3.979 4.243 -.5 -4.243
3 16 4.243 0 -4.419 2.296 -.5 -5.543 4.243 -.5 -4.243
3 16 4.243 0 -4.419 2.363 0 -5.728 2.296 -.5 -5.543
3 16 4.568 0 -4.212 4.243 -.5 -4.243 5.064 -.799 -3.979
3 16 4.568 0 -4.212 4.243 0 -4.419 4.243 -.5 -4.243
3 16 5.55 -4.151 -3.428 5.269 -1.893 -3.818 4.243 -1.931 -4.243
3 16 4.243 -1.931 -4.243 4.243 -4 -4.243 5.55 -4.151 -3.428
5 24 4.243 -1.931 -4.243 5.55 -4.151 -3.428 5.269 -1.893 -3.818 4.243 -4 -4.243
3 16 5.762 -5.85 -3.134 5.55 -4.151 -3.428 4.243 -4 -4.243
3 16 4.243 -4 -4.243 3.964 -5.769 -4.373 5.762 -5.85 -3.134
5 24 4.243 -4 -4.243 5.762 -5.85 -3.134 5.55 -4.151 -3.428 3.964 -5.769 -4.373
3 16 4.243 -4 -4.243 2.092 -5.973 -5.606 3.964 -5.769 -4.373
3 16 4.243 -4 -4.243 2.18 -4 -5.566 2.092 -5.973 -5.606
3 16 4.243 -1.931 -4.243 2.18 -4 -5.566 4.243 -4 -4.243
3 16 4.243 -1.931 -4.243 2.287 -2.052 -5.545 2.18 -4 -5.566
4 16 1.077 -8.157 -8.608 0 -8.41 -8.659 0 -17.355 -8.57 .865 -17.345 -8.538
3 16 1.634 -17.356 -8.168 1.077 -8.157 -8.608 .865 -17.345 -8.538
3 16 1.634 -17.356 -8.168 1.886 -6.313 -8.366 1.077 -8.157 -8.608
4 16 .865 -17.345 -8.538 0 -17.355 -8.57 0 -18.581 -8.559 .83 -18.597 -8.521
3 16 .83 -18.597 -8.521 0 -18.581 -8.559 0 -19.564 -7.837
4 16 .865 -17.345 -8.538 .83 -18.597 -8.521 1.632 -18.662 -8.142 1.634 -17.356 -8.168
3 16 1.632 -18.662 -8.142 1.652 -19.183 -7.628 1.9 -18.545 -4.182
3 16 1.9 -18.545 -4.182 1.652 -19.183 -7.628 1.744 -19.219 5.583
3 16 1.9 -18.545 -4.182 1.744 -19.219 5.583 1.884 -18.467 5.626
3 16 1.634 -17.356 -8.168 1.632 -18.662 -8.142 1.9 -18.545 -4.182
3 16 1.64 -19.186 9.579 1.884 -18.467 5.626 1.744 -19.219 5.583
3 16 1.64 -19.186 9.579 1.674 -18.135 9.872 1.884 -18.467 5.626
3 16 .807 -19.559 -7.873 1.632 -18.662 -8.142 .83 -18.597 -8.521
3 16 .807 -19.559 -7.873 1.652 -19.183 -7.628 1.632 -18.662 -8.142
3 16 1.652 -19.183 -7.628 .807 -19.559 -7.873 .765 -19.51 4.783
3 16 1.652 -19.183 -7.628 .765 -19.51 4.783 1.744 -19.219 5.583
3 16 .807 -19.559 -7.873 .83 -18.597 -8.521 0 -19.564 -7.837
4 16 0 -19.51 4.794 .765 -19.51 4.783 .807 -19.559 -7.873 0 -19.564 -7.837
3 16 .65 -19.57 9.892 0 -19.57 9.891 0 -19.111 10.637
3 16 .65 -19.57 9.892 0 -19.111 10.637 .691 -19.111 10.617
3 16 .691 -19.111 10.617 1.64 -19.186 9.579 .65 -19.57 9.892
3 16 .691 -19.111 10.617 1.674 -18.135 9.872 1.64 -19.186 9.579
4 16 .65 -19.57 9.892 .765 -19.51 4.783 0 -19.51 4.794 0 -19.57 9.891
3 16 .765 -19.51 4.783 .65 -19.57 9.892 1.64 -19.186 9.579
3 16 .765 -19.51 4.783 1.64 -19.186 9.579 1.744 -19.219 5.583
4 16 1.674 -17.256 10.111 1.674 -18.135 9.872 .691 -19.111 10.617 .879 -17.444 10.878
3 16 .691 -19.111 10.617 0 -17.426 10.954 .879 -17.444 10.878
3 16 .691 -19.111 10.617 0 -19.111 10.637 0 -17.426 10.954
3 16 0 -11.054 11.024 .879 -17.444 10.878 0 -17.426 10.954
3 16 0 -11.054 11.024 1.022 -11.003 10.905 .879 -17.444 10.878
3 16 1.022 -11.003 10.905 1.674 -17.256 10.111 .879 -17.444 10.878
3 16 1.022 -11.003 10.905 1.864 -10.251 10.165 1.674 -17.256 10.111
3 16 1.576 -10.504 14.333 1.921 -8.858 13.839 1.65 -9.55 13.369
3 16 .846 -9.427 11.843 1.864 -10.251 10.165 1.022 -11.003 10.905
3 16 .846 -9.427 11.843 1.601 -8.583 11.728 1.864 -10.251 10.165
3 16 0 -9.851 11.788 .846 -9.427 11.843 1.022 -11.003 10.905
3 16 0 -9.851 11.788 1.022 -11.003 10.905 0 -11.054 11.024
4 16 0 -10.948 14.432 .866 -10.85 14.425 .753 -9.896 13.198 0 -9.956 13.176
3 16 0 -9.851 11.788 .753 -9.896 13.198 .846 -9.427 11.843
3 16 0 -9.851 11.788 0 -9.956 13.176 .753 -9.896 13.198
3 16 1.576 -10.504 14.333 .753 -9.896 13.198 .866 -10.85 14.425
3 16 1.576 -10.504 14.333 1.65 -9.55 13.369 .753 -9.896 13.198
3 16 .846 -9.427 11.843 .753 -9.896 13.198 1.65 -9.55 13.369
3 16 .846 -9.427 11.843 1.65 -9.55 13.369 1.601 -8.583 11.728
3 16 2.269 0 9.078 2.392 0 5.708 2.296 -.5 5.543
3 16 2.245 0 12.594 2.269 0 9.078 2.24 -.796 9.462
3 16 2.296 -.5 5.543 2.296 -4 5.543 2.24 -.796 9.462
3 16 2.24 -.796 9.462 2.269 0 9.078 2.296 -.5 5.543
5 24 2.24 -.796 9.462 2.296 -.5 5.543 2.269 0 9.078 2.296 -4 5.543
4 16 2.245 0 12.594 2.24 -.796 9.462 2.161 -2.664 10.145 2.213 -.804 12.755
3 16 2.24 -.796 9.462 2.296 -4 5.543 2.161 -2.664 10.145
4 16 2.213 -.804 12.755 2.161 -2.664 10.145 2.088 -4.697 10.886 2.16 -2.974 13.595
3 16 2.296 -4 5.543 2.19 -5.455 5.565 2.088 -4.697 10.886
3 16 2.088 -4.697 10.886 2.161 -2.664 10.145 2.296 -4 5.543
5 24 2.088 -4.697 10.886 2.296 -4 5.543 2.161 -2.664 10.145 2.19 -5.455 5.565
3 16 2.088 -4.697 10.886 2.19 -5.455 5.565 1.965 -6.732 11.536
3 16 1.965 -6.732 11.536 2.19 -5.455 5.565 2.022 -6.765 5.598
3 16 2.022 -6.765 5.598 1.601 -8.583 11.728 1.965 -6.732 11.536
3 16 1.601 -8.583 11.728 2.022 -6.765 5.598 1.864 -10.251 10.165
3 16 1.884 -18.467 5.626 1.864 -10.251 10.165 2.022 -6.765 5.598
3 16 1.864 -10.251 10.165 1.884 -18.467 5.626 1.674 -17.256 10.111
3 16 1.674 -17.256 10.111 1.884 -18.467 5.626 1.674 -18.135 9.872
3 16 1.601 -8.583 11.728 2.018 -7.227 13.86 1.965 -6.732 11.536
3 16 1.601 -8.583 11.728 1.921 -8.858 13.839 2.018 -7.227 13.86
3 16 1.601 -8.583 11.728 1.65 -9.55 13.369 1.921 -8.858 13.839
3 16 1.965 -6.732 11.536 2.094 -5.438 13.998 2.088 -4.697 10.886
3 16 1.965 -6.732 11.536 2.018 -7.227 13.86 2.094 -5.438 13.998
3 16 2.16 -2.974 13.595 2.088 -4.697 10.886 2.094 -5.438 13.998
3 16 6.539 0 -12.559 2.32 0 -12.496 2.273 0 -9.499
4 16 2.273 0 -9.499 4.243 0 -4.419 4.568 0 -4.212 6.539 0 -12.559
4 16 4.568 0 -4.212 7.148 0 -4.24 8.609 0 -11.521 6.539 0 -12.559
3 16 8.609 0 -11.521 7.148 0 -4.24 8.796 0 -5.469
3 16 2.273 0 -9.499 2.363 0 -5.728 4.243 0 -4.419
3 16 8.782 0 11.628 8.842 0 5.8 7.77 0 4.957
4 16 8.782 0 11.628 7.77 0 4.957 3.851 0 4.692 6.571 0 12.68
4 16 6.571 0 12.68 3.851 0 4.692 2.392 0 5.708 2.269 0 9.078
3 16 6.571 0 12.68 2.269 0 9.078 2.245 0 12.594
3 16 2.392 0 5.708 3.666 -.5 4.628 2.296 -.5 5.543
3 16 2.392 0 5.708 3.851 0 4.692 3.666 -.5 4.628
3 16 2.19 -5.455 5.565 3.726 -4.19 4.588 3.804 -5.351 4.535
3 16 2.19 -5.455 5.565 2.296 -4 5.543 3.726 -4.19 4.588
4 16 2.296 -.5 5.543 3.666 -.5 4.628 3.726 -4.19 4.588 2.296 -4 5.543
3 16 2.022 -6.765 5.598 2.19 -5.455 5.565 3.804 -5.351 4.535
3 16 2.022 -6.765 5.598 3.804 -5.351 4.535 3.989 -6.924 4.333
3 16 3.752 -18.226 4.086 2.022 -6.765 5.598 3.989 -6.924 4.333
3 16 3.752 -18.226 4.086 1.884 -18.467 5.626 2.022 -6.765 5.598
3 16 3.846 -18.332 -2.592 2.056 -7.082 -4.181 1.9 -18.545 -4.182
3 16 3.846 -18.332 -2.592 3.989 -7.15 -2.49 2.056 -7.082 -4.181
3 16 2.056 -7.082 -4.181 4.01 -6.519 -2.996 2.221 -6.558 -4.235
3 16 2.056 -7.082 -4.181 3.989 -7.15 -2.49 4.01 -6.519 -2.996
3 16 5.762 -5.85 -3.134 4.01 -6.519 -2.996 3.989 -7.15 -2.49
3 16 5.762 -5.85 -3.134 3.989 -7.15 -2.49 6.76 -7.174 -2.41
3 16 2.056 -7.082 -4.181 2.221 -6.558 -4.235 2.092 -5.973 -5.606
3 16 2.092 -5.973 -5.606 1.857 -6.237 -5.631 2.056 -7.082 -4.181
5 24 2.092 -5.973 -5.606 2.056 -7.082 -4.181 2.221 -6.558 -4.235 1.857 -6.237 -5.631
3 16 0 -23.611 -8.77 0 -23.645 -10.266 2.575 -23.466 -10.289
4 16 2.575 -23.466 -10.289 3.087 -23.489 -8.906 0 -23.67 -7.177 0 -23.611 -8.77
4 16 0 -23.783 -5.168 0 -23.67 -7.177 3.087 -23.489 -8.906 3.599 -23.558 -7.375
3 16 5.59 -22.19 -8.638 3.599 -23.558 -7.375 3.087 -23.489 -8.906
3 16 3.087 -23.489 -8.906 3.995 -22.447 -10.727 5.59 -22.19 -8.638
3 16 3.087 -23.489 -8.906 2.575 -23.466 -10.289 3.995 -22.447 -10.727
3 16 2.18 -4 -5.566 1.857 -6.237 -5.631 2.092 -5.973 -5.606
3 16 5.762 -5.85 -3.134 3.964 -5.769 -4.373 4.01 -6.519 -2.996
3 16 2.221 -6.558 -4.235 4.01 -6.519 -2.996 3.964 -5.769 -4.373
3 16 2.221 -6.558 -4.235 3.964 -5.769 -4.373 2.092 -5.973 -5.606
4 16 8.821 -.782 -5.316 8.63 -.802 -11.46 8.609 0 -11.521 8.796 0 -5.469
5 24 1.492 -20.187 -26.474 0 -19.791 -28.326 1.334 -19.636 -28.363 0 -20.27 -26.469
5 24 0 -19.791 -28.326 1.334 -19.636 -28.363 1.492 -20.187 -26.474 1.09 -19.402 -29.627
2 24 1.334 -19.636 -28.363 1.492 -20.187 -26.474
5 24 1.492 -20.187 -26.474 0 -20.27 -26.469 0 -19.791 -28.326 0 -21.856 -24.627
2 24 1.492 -20.187 -26.474 1.801 -21.767 -24.631
5 24 1.801 -21.767 -24.631 0 -21.856 -24.627 1.492 -20.187 -26.474 0 -23.46 -23.347
5 24 1.801 -21.767 -24.631 0 -23.46 -23.347 0 -21.856 -24.627 2.239 -23.329 -23.289
2 24 1.801 -21.767 -24.631 2.239 -23.329 -23.289
5 24 2.239 -23.329 -23.289 0 -23.46 -23.347 1.801 -21.767 -24.631 0 -25.023 -21.993
2 24 1.09 -19.402 -29.627 1.334 -19.636 -28.363
5 24 0 -19.791 -28.326 1.09 -19.402 -29.627 1.334 -19.636 -28.363 0 -19.579 -29.656
2 24 0 -19.579 -29.656 1.09 -19.402 -29.627
5 24 2.239 -23.329 -23.289 0 -25.023 -21.993 0 -23.46 -23.347 2.646 -24.85 -21.857
2 24 2.239 -23.329 -23.289 2.646 -24.85 -21.857
5 24 2.646 -24.85 -21.857 0 -25.023 -21.993 2.239 -23.329 -23.289 3.369 -26.016 -20.038
5 24 0 -25.023 -21.993 3.369 -26.016 -20.038 2.646 -24.85 -21.857 0 -26.016 -20.241
2 24 2.646 -24.85 -21.857 3.369 -26.016 -20.038
5 24 3.369 -26.016 -20.038 0 -26.016 -20.241 2.432 -26.573 -18.289 0 -25.023 -21.993
5 24 2.432 -26.573 -18.289 0 -26.016 -20.241 3.369 -26.016 -20.038 0 -26.709 -18.153
2 24 3.369 -26.016 -20.038 2.432 -26.573 -18.289
5 24 2.432 -26.573 -18.289 0 -26.709 -18.153 0 -26.016 -20.241 2.304 -26.464 -15.879
5 24 2.304 -26.464 -15.879 0 -26.709 -18.153 2.432 -26.573 -18.289 0 -26.391 -15.853
2 24 2.432 -26.573 -18.289 2.304 -26.464 -15.879
5 24 2.304 -26.464 -15.879 0 -26.391 -15.853 0 -26.709 -18.153 0 -25.686 -14.228
5 24 2.304 -26.464 -15.879 0 -25.686 -14.228 0 -26.391 -15.853 3.015 -25.633 -14.502
2 24 2.304 -26.464 -15.879 3.015 -25.633 -14.502
5 24 3.015 -25.633 -14.502 0 -25.686 -14.228 2.304 -26.464 -15.879 0 -24.959 -12.757
5 24 3.015 -25.633 -14.502 0 -24.959 -12.757 0 -25.686 -14.228 3.086 -23.881 -11.875
2 24 3.015 -25.633 -14.502 4.141 -24.156 -13.407
5 24 3.015 -25.633 -14.502 3.086 -23.881 -11.875 4.141 -24.156 -13.407 0 -24.959 -12.757
2 24 2.575 -23.466 -10.289 0 -23.645 -10.266
5 24 0 -24.329 -11.567 2.575 -23.466 -10.289 0 -23.645 -10.266 3.086 -23.881 -11.875
5 24 0 -24.329 -11.567 3.086 -23.881 -11.875 2.575 -23.466 -10.289 0 -24.959 -12.757
5 24 3.086 -23.881 -11.875 2.575 -23.466 -10.289 0 -24.329 -11.567 3.995 -22.447 -10.727
5 24 3.086 -23.881 -11.875 0 -24.959 -12.757 0 -24.329 -11.567 3.015 -25.633 -14.502
5 24 4.141 -24.156 -13.407 3.086 -23.881 -11.875 4.527 -22.655 -12.091 3.015 -25.633 -14.502
2 24 3.995 -22.447 -10.727 2.575 -23.466 -10.289
5 24 3.086 -23.881 -11.875 3.995 -22.447 -10.727 2.575 -23.466 -10.289 4.527 -22.655 -12.091
5 24 3.086 -23.881 -11.875 4.527 -22.655 -12.091 3.995 -22.447 -10.727 4.141 -24.156 -13.407
5 24 4.527 -22.655 -12.091 3.995 -22.447 -10.727 3.086 -23.881 -11.875 5.051 -21.303 -11.195
5 24 4.141 -24.156 -13.407 4.527 -22.655 -12.091 3.086 -23.881 -11.875 5.017 -22.858 -13.253
5 24 4.527 -22.655 -12.091 5.051 -21.303 -11.195 3.995 -22.447 -10.727 5.398 -21.63 -12.44
2 24 5.051 -21.303 -11.195 3.995 -22.447 -10.727
5 24 4.527 -22.655 -12.091 5.398 -21.63 -12.44 5.051 -21.303 -11.195 5.017 -22.858 -13.253
5 24 5.398 -21.63 -12.44 5.051 -21.303 -11.195 4.527 -22.655 -12.091 6.128 -19.257 -12.043
2 24 6.128 -19.257 -12.043 5.051 -21.303 -11.195
5 24 5.398 -21.63 -12.44 6.369 -19.77 -13.153 6.128 -19.257 -12.043 5.802 -22.01 -13.428
5 24 6.369 -19.77 -13.153 6.128 -19.257 -12.043 5.398 -21.63 -12.44 6.154 -16.547 -13.276
5 24 5.017 -22.858 -13.253 5.398 -21.63 -12.44 4.527 -22.655 -12.091 5.802 -22.01 -13.428
5 24 4.527 -22.655 -12.091 5.017 -22.858 -13.253 5.398 -21.63 -12.44 4.141 -24.156 -13.407
2 24 4.141 -24.156 -13.407 5.017 -22.858 -13.253
2 24 5.017 -22.858 -13.253 5.802 -22.01 -13.428
5 24 5.802 -22.01 -13.428 5.398 -21.63 -12.44 5.017 -22.858 -13.253 6.369 -19.77 -13.153
5 24 5.802 -22.01 -13.428 6.369 -19.77 -13.153 5.398 -21.63 -12.44 6.818 -20.483 -14.043
2 24 5.802 -22.01 -13.428 6.818 -20.483 -14.043
5 24 6.818 -20.483 -14.043 6.369 -19.77 -13.153 5.802 -22.01 -13.428 6.961 -19.995 -14.795
5 24 6.369 -19.77 -13.153 6.154 -16.547 -13.276 6.128 -19.257 -12.043 6.76 -16.428 -15.967
2 24 6.154 -16.547 -13.276 6.128 -19.257 -12.043
5 24 6.369 -19.77 -13.153 6.76 -16.428 -15.967 6.154 -16.547 -13.276 6.961 -19.995 -14.795
5 24 6.76 -16.428 -15.967 6.154 -16.547 -13.276 6.369 -19.77 -13.153 5.7 -14.413 -14.303
2 24 5.7 -14.413 -14.303 6.154 -16.547 -13.276
5 24 6.76 -16.428 -15.967 5.7 -14.413 -14.303 6.154 -16.547 -13.276 6.028 -14.076 -16.295
5 24 6.76 -16.428 -15.967 6.028 -14.076 -16.295 5.7 -14.413 -14.303 7.257 -16.328 -18.608
2 24 6.028 -14.076 -16.295 5.7 -14.413 -14.303
5 24 6.76 -16.428 -15.967 7.257 -16.328 -18.608 6.028 -14.076 -16.295 7.197 -19.953 -16.111
5 24 7.257 -16.328 -18.608 6.028 -14.076 -16.295 6.76 -16.428 -15.967 6.345 -13.749 -18.236
5 24 7.257 -16.328 -18.608 6.345 -13.749 -18.236 6.028 -14.076 -16.295 6.215 -13.581 -20.381
2 24 6.345 -13.749 -18.236 6.028 -14.076 -16.295
2 24 6.215 -13.581 -20.381 6.345 -13.749 -18.236
5 24 7.257 -16.328 -18.608 7.027 -15.985 -20.968 6.215 -13.581 -20.381 7.303 -19.077 -19.03
5 24 7.027 -15.985 -20.968 6.215 -13.581 -20.381 7.257 -16.328 -18.608 5.64 -13.716 -22.354
5 24 7.027 -15.985 -20.968 5.64 -13.716 -22.354 6.215 -13.581 -20.381 6.224 -16.025 -22.937
2 24 5.64 -13.716 -22.354 6.215 -13.581 -20.381
5 24 7.027 -15.985 -20.968 6.224 -16.025 -22.937 5.64 -13.716 -22.354 6.743 -18.542 -21.551
5 24 6.224 -16.025 -22.937 5.64 -13.716 -22.354 7.027 -15.985 -20.968 4.361 -14.319 -25.275
5 24 6.743 -18.542 -21.551 6.224 -16.025 -22.937 7.027 -15.985 -20.968 5.921 -18.045 -23.33
5 24 7.027 -15.985 -20.968 6.743 -18.542 -21.551 6.224 -16.025 -22.937 7.303 -19.077 -19.03
5 24 6.743 -18.542 -21.551 5.921 -18.045 -23.33 6.224 -16.025 -22.937 5.616 -20.606 -22.192
5 24 5.921 -18.045 -23.33 6.224 -16.025 -22.937 6.743 -18.542 -21.551 4.654 -16.127 -25.721
5 24 5.921 -18.045 -23.33 4.654 -16.127 -25.721 6.224 -16.025 -22.937 4.404 -17.516 -25.986
5 24 4.654 -16.127 -25.721 6.224 -16.025 -22.937 5.921 -18.045 -23.33 4.361 -14.319 -25.275
5 24 5.921 -18.045 -23.33 4.404 -17.516 -25.986 4.654 -16.127 -25.721 5.004 -19.812 -23.76
5 24 4.404 -17.516 -25.986 4.654 -16.127 -25.721 5.921 -18.045 -23.33 3.736 -16.298 -27.844
5 24 3.736 -16.298 -27.844 4.654 -16.127 -25.721 4.404 -17.516 -25.986 3.437 -14.841 -27.674
5 24 4.404 -17.516 -25.986 3.736 -16.298 -27.844 4.654 -16.127 -25.721 3.467 -17.459 -27.991
5 24 4.404 -17.516 -25.986 3.467 -17.459 -27.991 3.736 -16.298 -27.844 3.76 -18.741 -26.21
5 24 3.467 -17.459 -27.991 3.736 -16.298 -27.844 4.404 -17.516 -25.986 3.044 -17.481 -29.148
5 24 3.044 -17.481 -29.148 3.736 -16.298 -27.844 3.285 -16.282 -28.892 3.467 -17.459 -27.991
5 24 3.285 -16.282 -28.892 3.736 -16.298 -27.844 3.044 -17.481 -29.148 3.437 -14.841 -27.674
5 24 3.467 -17.459 -27.991 3.044 -17.481 -29.148 2.887 -18.436 -28.263 3.736 -16.298 -27.844
5 24 2.887 -18.436 -28.263 3.044 -17.481 -29.148 3.467 -17.459 -27.991 2.476 -18.386 -29.348
5 24 3.467 -17.459 -27.991 2.887 -18.436 -28.263 3.044 -17.481 -29.148 3.76 -18.741 -26.21
5 24 2.887 -18.436 -28.263 2.476 -18.386 -29.348 3.044 -17.481 -29.148 2.175 -19.108 -28.268
5 24 2.175 -19.108 -28.268 2.476 -18.386 -29.348 2.887 -18.436 -28.263 1.812 -18.986 -29.491
5 24 2.887 -18.436 -28.263 2.175 -19.108 -28.268 2.476 -18.386 -29.348 2.847 -19.65 -26.314
5 24 2.175 -19.108 -28.268 1.812 -18.986 -29.491 2.476 -18.386 -29.348 1.334 -19.636 -28.363
5 24 3.467 -17.459 -27.991 3.76 -18.741 -26.21 2.887 -18.436 -28.263 4.404 -17.516 -25.986
5 24 3.76 -18.741 -26.21 2.887 -18.436 -28.263 3.467 -17.459 -27.991 2.847 -19.65 -26.314
5 24 4.404 -17.516 -25.986 3.76 -18.741 -26.21 3.467 -17.459 -27.991 5.004 -19.812 -23.76
5 24 2.887 -18.436 -28.263 2.847 -19.65 -26.314 2.175 -19.108 -28.268 3.76 -18.741 -26.21
5 24 2.847 -19.65 -26.314 2.175 -19.108 -28.268 2.887 -18.436 -28.263 1.492 -20.187 -26.474
5 24 3.76 -18.741 -26.21 2.847 -19.65 -26.314 2.887 -18.436 -28.263 3.646 -21.167 -24.121
5 24 2.847 -19.65 -26.314 1.492 -20.187 -26.474 2.175 -19.108 -28.268 1.801 -21.767 -24.631
5 24 1.492 -20.187 -26.474 2.175 -19.108 -28.268 2.847 -19.65 -26.314 1.334 -19.636 -28.363
5 24 1.334 -19.636 -28.363 2.175 -19.108 -28.268 1.492 -20.187 -26.474 1.812 -18.986 -29.491
5 24 2.847 -19.65 -26.314 1.801 -21.767 -24.631 1.492 -20.187 -26.474 3.646 -21.167 -24.121
5 24 2.847 -19.65 -26.314 3.646 -21.167 -24.121 1.801 -21.767 -24.631 3.76 -18.741 -26.21
5 24 3.646 -21.167 -24.121 1.801 -21.767 -24.631 2.847 -19.65 -26.314 2.239 -23.329 -23.289
5 24 3.76 -18.741 -26.21 3.646 -21.167 -24.121 2.847 -19.65 -26.314 5.004 -19.812 -23.76
5 24 3.646 -21.167 -24.121 2.239 -23.329 -23.289 1.801 -21.767 -24.631 4.209 -22.177 -22.724
5 24 3.646 -21.167 -24.121 4.209 -22.177 -22.724 2.239 -23.329 -23.289 5.004 -19.812 -23.76
5 24 4.209 -22.177 -22.724 2.239 -23.329 -23.289 3.646 -21.167 -24.121 2.646 -24.85 -21.857
5 24 3.76 -18.741 -26.21 5.004 -19.812 -23.76 3.646 -21.167 -24.121 4.404 -17.516 -25.986
5 24 5.004 -19.812 -23.76 3.646 -21.167 -24.121 3.76 -18.741 -26.21 4.209 -22.177 -22.724
5 24 5.004 -19.812 -23.76 4.209 -22.177 -22.724 3.646 -21.167 -24.121 5.616 -20.606 -22.192
5 24 5.004 -19.812 -23.76 5.616 -20.606 -22.192 4.209 -22.177 -22.724 5.921 -18.045 -23.33
5 24 5.616 -20.606 -22.192 4.209 -22.177 -22.724 5.004 -19.812 -23.76 6.086 -21.322 -20.523
5 24 4.404 -17.516 -25.986 5.004 -19.812 -23.76 3.76 -18.741 -26.21 5.921 -18.045 -23.33
5 24 5.921 -18.045 -23.33 5.004 -19.812 -23.76 4.404 -17.516 -25.986 5.616 -20.606 -22.192
5 24 6.743 -18.542 -21.551 5.616 -20.606 -22.192 5.921 -18.045 -23.33 6.086 -21.322 -20.523
2 24 1.09 -19.402 -29.627 1.812 -18.986 -29.491
5 24 6.743 -18.542 -21.551 6.086 -21.322 -20.523 5.616 -20.606 -22.192 7.303 -19.077 -19.03
5 24 6.086 -21.322 -20.523 5.616 -20.606 -22.192 6.743 -18.542 -21.551 4.209 -22.177 -22.724
5 24 6.743 -18.542 -21.551 7.303 -19.077 -19.03 6.086 -21.322 -20.523 7.027 -15.985 -20.968
5 24 7.303 -19.077 -19.03 6.086 -21.322 -20.523 6.743 -18.542 -21.551 7.266 -20.855 -17.545
5 24 7.303 -19.077 -19.03 7.266 -20.855 -17.545 6.086 -21.322 -20.523 7.197 -19.953 -16.111
5 24 7.266 -20.855 -17.545 6.086 -21.322 -20.523 7.303 -19.077 -19.03 6.567 -22.598 -18.805
2 24 7.266 -20.855 -17.545 6.567 -22.598 -18.805
5 24 6.567 -22.598 -18.805 6.086 -21.322 -20.523 7.266 -20.855 -17.545 4.69 -23.129 -21.335
5 24 4.69 -23.129 -21.335 6.086 -21.322 -20.523 6.567 -22.598 -18.805 4.209 -22.177 -22.724
5 24 6.567 -22.598 -18.805 4.69 -23.129 -21.335 6.086 -21.322 -20.523 5.287 -24.302 -19.602
5 24 4.209 -22.177 -22.724 6.086 -21.322 -20.523 5.616 -20.606 -22.192 4.69 -23.129 -21.335
5 24 4.69 -23.129 -21.335 4.209 -22.177 -22.724 2.646 -24.85 -21.857 6.086 -21.322 -20.523
5 24 2.646 -24.85 -21.857 4.209 -22.177 -22.724 2.239 -23.329 -23.289 4.69 -23.129 -21.335
2 24 6.567 -22.598 -18.805 5.287 -24.302 -19.602
5 24 5.287 -24.302 -19.602 4.69 -23.129 -21.335 6.567 -22.598 -18.805 3.369 -26.016 -20.038
2 24 5.287 -24.302 -19.602 3.369 -26.016 -20.038
5 24 2.646 -24.85 -21.857 4.69 -23.129 -21.335 3.369 -26.016 -20.038 4.209 -22.177 -22.724
2 24 7.197 -19.953 -16.111 7.266 -20.855 -17.545
5 24 7.303 -19.077 -19.03 7.257 -16.328 -18.608 7.197 -19.953 -16.111 7.027 -15.985 -20.968
5 24 7.257 -16.328 -18.608 7.197 -19.953 -16.111 7.303 -19.077 -19.03 6.76 -16.428 -15.967
5 24 7.303 -19.077 -19.03 7.027 -15.985 -20.968 7.257 -16.328 -18.608 6.743 -18.542 -21.551
5 24 6.76 -16.428 -15.967 6.961 -19.995 -14.795 7.197 -19.953 -16.111 6.369 -19.77 -13.153
2 24 6.961 -19.995 -14.795 7.197 -19.953 -16.111
5 24 6.369 -19.77 -13.153 6.961 -19.995 -14.795 6.76 -16.428 -15.967 6.818 -20.483 -14.043
2 24 6.818 -20.483 -14.043 6.961 -19.995 -14.795
5 24 0 -16.108 -28.91 .361 -16.133 -28.914 .416 -17.021 -29.145 .62 -15.555 -28.764
2 24 .361 -16.133 -28.914 .416 -17.021 -29.145
2 24 .416 -17.021 -29.145 .796 -17.459 -29.259
5 24 .796 -17.459 -29.259 0 -17.76 -29.337 .416 -17.021 -29.145 1.09 -19.402 -29.627
2 24 .796 -17.459 -29.259 1.226 -17.531 -29.278
5 24 1.226 -17.531 -29.278 1.812 -18.986 -29.491 .796 -17.459 -29.259 2.476 -18.386 -29.348
2 24 1.226 -17.531 -29.278 1.666 -17.433 -29.253
5 24 1.666 -17.433 -29.253 2.476 -18.386 -29.348 1.226 -17.531 -29.278 3.044 -17.481 -29.148
5 24 1.666 -17.433 -29.253 3.044 -17.481 -29.148 2.476 -18.386 -29.348 2.094 -17.003 -29.141
2 24 1.666 -17.433 -29.253 2.094 -17.003 -29.141
5 24 2.094 -17.003 -29.141 3.285 -16.282 -28.892 3.044 -17.481 -29.148 2.162 -16.194 -28.932
2 24 2.094 -17.003 -29.141 2.162 -16.194 -28.932
5 24 2.162 -16.194 -28.932 3.285 -16.282 -28.892 2.094 -17.003 -29.141 3.047 -15.049 -28.555
2 24 2.162 -16.194 -28.932 1.912 -15.592 -28.776
2 24 1.912 -15.592 -28.776 1.274 -15.193 -28.672
2 24 1.274 -15.193 -28.672 .62 -15.555 -28.764
2 24 .62 -15.555 -28.764 .361 -16.133 -28.914
2 24 1.877 -14.06 -28.307 3.047 -15.049 -28.555
2 24 0 -13.929 -28.297 1.877 -14.06 -28.307
2 24 3.047 -15.049 -28.555 3.285 -16.282 -28.892
2 24 2.476 -18.386 -29.348 1.812 -18.986 -29.491
2 24 3.044 -17.481 -29.148 2.476 -18.386 -29.348
2 24 3.285 -16.282 -28.892 3.044 -17.481 -29.148
5 24 3.437 -14.841 -27.674 1.877 -14.06 -28.307 2.065 -13.734 -27.523 3.047 -15.049 -28.555
2 24 1.877 -14.06 -28.307 2.065 -13.734 -27.523
5 24 2.065 -13.734 -27.523 3.437 -14.841 -27.674 1.877 -14.06 -28.307 4.361 -14.319 -25.275
2 24 3.437 -14.841 -27.674 3.047 -15.049 -28.555
5 24 2.065 -13.734 -27.523 4.361 -14.319 -25.275 3.437 -14.841 -27.674 2.567 -12.98 -24.901
2 24 4.361 -14.319 -25.275 3.437 -14.841 -27.674
2 24 2.065 -13.734 -27.523 2.567 -12.98 -24.901
5 24 2.567 -12.98 -24.901 4.361 -14.319 -25.275 2.065 -13.734 -27.523 5.64 -13.716 -22.354
5 24 5.64 -13.716 -22.354 2.567 -12.98 -24.901 4.361 -14.319 -25.275 3.196 -12.291 -22.264
2 24 2.567 -12.98 -24.901 3.196 -12.291 -22.264
5 24 3.196 -12.291 -22.264 5.64 -13.716 -22.354 3.36 -12.019 -20.456 2.567 -12.98 -24.901
2 24 5.64 -13.716 -22.354 4.361 -14.319 -25.275
5 24 3.36 -12.019 -20.456 5.64 -13.716 -22.354 3.196 -12.291 -22.264 6.215 -13.581 -20.381
2 24 3.196 -12.291 -22.264 3.36 -12.019 -20.456
5 24 3.36 -12.019 -20.456 6.215 -13.581 -20.381 5.64 -13.716 -22.354 3.415 -11.985 -18.573
5 24 3.415 -11.985 -18.573 6.215 -13.581 -20.381 3.36 -12.019 -20.456 6.345 -13.749 -18.236
2 24 3.36 -12.019 -20.456 3.415 -11.985 -18.573
5 24 3.415 -11.985 -18.573 6.345 -13.749 -18.236 6.215 -13.581 -20.381 3.388 -11.968 -16.823
5 24 3.388 -11.968 -16.823 6.345 -13.749 -18.236 3.415 -11.985 -18.573 6.028 -14.076 -16.295
2 24 3.415 -11.985 -18.573 3.388 -11.968 -16.823
5 24 3.388 -11.968 -16.823 6.028 -14.076 -16.295 6.345 -13.749 -18.236 3.365 -12.099 -15.052
5 24 3.365 -12.099 -15.052 6.028 -14.076 -16.295 3.388 -11.968 -16.823 5.7 -14.413 -14.303
2 24 3.388 -11.968 -16.823 3.365 -12.099 -15.052
2 24 3.365 -12.099 -15.052 5.7 -14.413 -14.303
5 24 0 -13.501 -27.481 2.065 -13.734 -27.523 1.877 -14.06 -28.307 0 -12.77 -24.911
5 24 0 -12.77 -24.911 2.065 -13.734 -27.523 0 -13.501 -27.481 2.567 -12.98 -24.901
5 24 0 -12.77 -24.911 2.567 -12.98 -24.901 2.065 -13.734 -27.523 0 -12.119 -22.328
5 24 0 -12.119 -22.328 2.567 -12.98 -24.901 0 -12.77 -24.911 3.196 -12.291 -22.264
5 24 0 -12.119 -22.328 3.196 -12.291 -22.264 2.567 -12.98 -24.901 0 -11.851 -20.54
5 24 0 -11.851 -20.54 3.36 -12.019 -20.456 3.196 -12.291 -22.264 0 -11.851 -18.559
5 24 0 -11.851 -18.559 3.36 -12.019 -20.456 0 -11.851 -20.54 3.415 -11.985 -18.573
5 24 3.388 -11.968 -16.823 0 -11.851 -18.559 0 -11.902 -16.814 3.415 -11.985 -18.573
5 24 0 -11.902 -16.814 3.388 -11.968 -16.823 0 -11.851 -18.559 3.365 -12.099 -15.052
5 24 3.415 -11.985 -18.573 0 -11.851 -18.559 3.388 -11.968 -16.823 3.36 -12.019 -20.456
5 24 0 -11.902 -16.814 3.365 -12.099 -15.052 3.388 -11.968 -16.823 0 -11.981 -14.921
2 24 0 -11.981 -14.921 3.365 -12.099 -15.052
5 24 3.758 -27.354 -18.462 3.369 -26.016 -20.038 4.416 -27.087 -19.613 2.432 -26.573 -18.289
2 24 3.369 -26.016 -20.038 4.416 -27.087 -19.613
5 24 4.416 -27.087 -19.613 3.758 -27.354 -18.462 3.369 -26.016 -20.038 4.926 -28.081 -18.615
5 24 3.758 -27.354 -18.462 2.432 -26.573 -18.289 3.369 -26.016 -20.038 3.67 -27.527 -17.15
5 24 4.926 -28.081 -18.615 3.758 -27.354 -18.462 4.416 -27.087 -19.613 4.913 -28.291 -18.058
5 24 4.416 -27.087 -19.613 4.926 -28.081 -18.615 3.758 -27.354 -18.462 5.493 -27.862 -19.286
2 24 4.416 -27.087 -19.613 5.493 -27.862 -19.286
5 24 5.493 -27.862 -19.286 4.926 -28.081 -18.615 4.416 -27.087 -19.613 6.374 -28.809 -18.582
5 24 3.67 -27.527 -17.15 2.432 -26.573 -18.289 3.758 -27.354 -18.462 2.304 -26.464 -15.879
5 24 3.758 -27.354 -18.462 3.67 -27.527 -17.15 2.432 -26.573 -18.289 4.913 -28.291 -18.058
2 24 3.67 -27.527 -17.15 2.304 -26.464 -15.879
5 24 4.913 -28.291 -18.058 3.758 -27.354 -18.462 4.926 -28.081 -18.615 3.67 -27.527 -17.15
5 24 4.926 -28.081 -18.615 4.913 -28.291 -18.058 3.758 -27.354 -18.462 6.374 -28.809 -18.582
2 24 4.913 -28.291 -18.058 3.67 -27.527 -17.15
5 24 4.926 -28.081 -18.615 6.374 -28.809 -18.582 4.913 -28.291 -18.058 5.493 -27.862 -19.286
5 24 6.374 -28.809 -18.582 4.913 -28.291 -18.058 4.926 -28.081 -18.615 6.281 -28.929 -18.18
5 24 5.493 -27.862 -19.286 6.374 -28.809 -18.582 4.926 -28.081 -18.615 6.696 -28.634 -18.836
5 24 6.374 -28.809 -18.582 6.281 -28.929 -18.18 4.913 -28.291 -18.058 7.771 -29.105 -18.246
2 24 6.281 -28.929 -18.18 4.913 -28.291 -18.058
5 24 7.771 -29.105 -18.246 6.281 -28.929 -18.18 6.374 -28.809 -18.582 7.795 -29.199 -18.068
5 24 6.374 -28.809 -18.582 7.771 -29.105 -18.246 6.281 -28.929 -18.18 6.696 -28.634 -18.836
5 24 6.374 -28.809 -18.582 6.696 -28.634 -18.836 7.771 -29.105 -18.246 5.493 -27.862 -19.286
5 24 6.696 -28.634 -18.836 7.771 -29.105 -18.246 6.374 -28.809 -18.582 7.979 -29.007 -18.317
2 24 5.493 -27.862 -19.286 6.696 -28.634 -18.836
2 24 6.696 -28.634 -18.836 7.979 -29.007 -18.317
5 24 7.979 -29.007 -18.317 7.771 -29.105 -18.246 6.696 -28.634 -18.836 8.951 -28.791 -17.879
5 24 7.771 -29.105 -18.246 7.795 -29.199 -18.068 6.281 -28.929 -18.18 8.951 -28.791 -17.879
2 24 7.795 -29.199 -18.068 6.281 -28.929 -18.18
2 24 8.951 -28.791 -17.879 7.795 -29.199 -18.068
5 24 7.771 -29.105 -18.246 8.951 -28.791 -17.879 7.795 -29.199 -18.068 7.979 -29.007 -18.317
2 24 7.979 -29.007 -18.317 8.951 -28.791 -17.879
5 24 4.416 -27.087 -19.613 5.287 -24.302 -19.602 6.276 -25.269 -19.247 3.369 -26.016 -20.038
5 24 5.287 -24.302 -19.602 6.276 -25.269 -19.247 4.416 -27.087 -19.613 7.512 -23.395 -18.478
5 24 6.276 -25.269 -19.247 4.416 -27.087 -19.613 5.287 -24.302 -19.602 5.493 -27.862 -19.286
5 24 6.276 -25.269 -19.247 5.493 -27.862 -19.286 4.416 -27.087 -19.613 7.046 -26.21 -19.038
5 24 6.276 -25.269 -19.247 7.046 -26.21 -19.038 5.493 -27.862 -19.286 8.683 -24.354 -18.089
5 24 7.046 -26.21 -19.038 5.493 -27.862 -19.286 6.276 -25.269 -19.247 6.696 -28.634 -18.836
5 24 7.046 -26.21 -19.038 6.696 -28.634 -18.836 5.493 -27.862 -19.286 7.872 -27.165 -18.715
5 24 7.046 -26.21 -19.038 7.872 -27.165 -18.715 6.696 -28.634 -18.836 8.633 -26.17 -18.327
5 24 7.872 -27.165 -18.715 6.696 -28.634 -18.836 7.046 -26.21 -19.038 7.979 -29.007 -18.317
5 24 7.872 -27.165 -18.715 7.979 -29.007 -18.317 6.696 -28.634 -18.836 8.951 -28.791 -17.879
5 24 7.872 -27.165 -18.715 8.951 -28.791 -17.879 7.979 -29.007 -18.317 9.631 -27.342 -17.576
5 24 5.287 -24.302 -19.602 7.512 -23.395 -18.478 6.276 -25.269 -19.247 6.567 -22.598 -18.805
5 24 7.512 -23.395 -18.478 6.276 -25.269 -19.247 5.287 -24.302 -19.602 8.683 -24.354 -18.089
5 24 6.567 -22.598 -18.805 7.512 -23.395 -18.478 5.287 -24.302 -19.602 8.163 -21.615 -17.234
5 24 8.163 -21.615 -17.234 7.512 -23.395 -18.478 6.567 -22.598 -18.805 8.927 -22.29 -17.066
5 24 7.266 -20.855 -17.545 8.163 -21.615 -17.234 6.567 -22.598 -18.805 8.214 -20.752 -16.08
5 24 8.214 -20.752 -16.08 8.163 -21.615 -17.234 7.266 -20.855 -17.545 8.573 -21.09 -16.134
5 24 7.266 -20.855 -17.545 8.214 -20.752 -16.08 8.163 -21.615 -17.234 7.197 -19.953 -16.111
5 24 7.197 -19.953 -16.111 8.214 -20.752 -16.08 7.266 -20.855 -17.545 6.961 -19.995 -14.795
5 24 6.961 -19.995 -14.795 8.214 -20.752 -16.08 7.197 -19.953 -16.111 7.929 -20.981 -14.329
5 24 6.961 -19.995 -14.795 7.929 -20.981 -14.329 8.214 -20.752 -16.08 6.818 -20.483 -14.043
5 24 7.929 -20.981 -14.329 8.214 -20.752 -16.08 6.961 -19.995 -14.795 8.573 -21.09 -16.134
2 24 6.818 -20.483 -14.043 7.929 -20.981 -14.329
5 24 8.214 -20.752 -16.08 8.573 -21.09 -16.134 8.163 -21.615 -17.234 7.929 -20.981 -14.329
5 24 8.573 -21.09 -16.134 8.163 -21.615 -17.234 8.214 -20.752 -16.08 8.927 -22.29 -17.066
5 24 7.929 -20.981 -14.329 8.573 -21.09 -16.134 8.214 -20.752 -16.08 9.117 -21.656 -15.629
5 24 8.573 -21.09 -16.134 8.927 -22.29 -17.066 8.163 -21.615 -17.234 9.117 -21.656 -15.629
5 24 8.927 -22.29 -17.066 8.163 -21.615 -17.234 8.573 -21.09 -16.134 7.512 -23.395 -18.478
5 24 8.927 -22.29 -17.066 7.512 -23.395 -18.478 8.163 -21.615 -17.234 8.683 -24.354 -18.089
5 24 8.573 -21.09 -16.134 9.117 -21.656 -15.629 8.927 -22.29 -17.066 7.929 -20.981 -14.329
5 24 9.117 -21.656 -15.629 8.927 -22.29 -17.066 8.573 -21.09 -16.134 9.579 -23.209 -16.341
2 24 7.929 -20.981 -14.329 9.117 -21.656 -15.629
2 24 9.117 -21.656 -15.629 9.579 -23.209 -16.341
5 24 9.579 -23.209 -16.341 8.927 -22.29 -17.066 9.117 -21.656 -15.629 8.683 -24.354 -18.089
5 24 8.927 -22.29 -17.066 8.683 -24.354 -18.089 7.512 -23.395 -18.478 9.579 -23.209 -16.341
5 24 8.683 -24.354 -18.089 7.512 -23.395 -18.478 8.927 -22.29 -17.066 6.276 -25.269 -19.247
5 24 9.579 -23.209 -16.341 8.683 -24.354 -18.089 8.927 -22.29 -17.066 9.819 -25.338 -17.176
5 24 8.683 -24.354 -18.089 7.046 -26.21 -19.038 6.276 -25.269 -19.247 8.633 -26.17 -18.327
2 24 9.579 -23.209 -16.341 9.819 -25.338 -17.176
5 24 9.819 -25.338 -17.176 8.683 -24.354 -18.089 9.579 -23.209 -16.341 8.633 -26.17 -18.327
5 24 8.633 -26.17 -18.327 7.046 -26.21 -19.038 8.683 -24.354 -18.089 7.872 -27.165 -18.715
5 24 8.683 -24.354 -18.089 8.633 -26.17 -18.327 7.046 -26.21 -19.038 9.819 -25.338 -17.176
5 24 8.633 -26.17 -18.327 7.872 -27.165 -18.715 7.046 -26.21 -19.038 9.631 -27.342 -17.576
5 24 8.633 -26.17 -18.327 9.631 -27.342 -17.576 7.872 -27.165 -18.715 9.819 -25.338 -17.176
2 24 9.819 -25.338 -17.176 9.631 -27.342 -17.576
2 24 9.631 -27.342 -17.576 8.951 -28.791 -17.879
5 24 9.631 -27.342 -17.576 8.348 -28.198 -16.719 8.951 -28.791 -17.879 8.728 -27.086 -16.346
5 24 8.348 -28.198 -16.719 8.951 -28.791 -17.879 9.631 -27.342 -17.576 7.87 -28.336 -16.704
5 24 9.631 -27.342 -17.576 8.728 -27.086 -16.346 8.348 -28.198 -16.719 9.819 -25.338 -17.176
5 24 8.728 -27.086 -16.346 8.348 -28.198 -16.719 9.631 -27.342 -17.576 7.87 -28.336 -16.704
5 24 9.819 -25.338 -17.176 8.728 -27.086 -16.346 9.631 -27.342 -17.576 8.786 -25.341 -15.755
5 24 9.819 -25.338 -17.176 8.786 -25.341 -15.755 8.728 -27.086 -16.346 9.579 -23.209 -16.341
5 24 8.786 -25.341 -15.755 8.728 -27.086 -16.346 9.819 -25.338 -17.176 7.912 -26.969 -15.849
5 24 9.579 -23.209 -16.341 8.786 -25.341 -15.755 9.819 -25.338 -17.176 8.779 -23.843 -15.142
5 24 9.579 -23.209 -16.341 8.779 -23.843 -15.142 8.786 -25.341 -15.755 8.383 -23.024 -14.615
5 24 8.779 -23.843 -15.142 8.786 -25.341 -15.755 9.579 -23.209 -16.341 8.356 -25.315 -15.364
5 24 8.383 -23.024 -14.615 8.779 -23.843 -15.142 9.579 -23.209 -16.341 7.371 -24.635 -14.464
5 24 9.579 -23.209 -16.341 8.383 -23.024 -14.615 8.779 -23.843 -15.142 9.117 -21.656 -15.629
5 24 9.117 -21.656 -15.629 8.383 -23.024 -14.615 9.579 -23.209 -16.341 7.929 -20.981 -14.329
5 24 7.929 -20.981 -14.329 8.383 -23.024 -14.615 9.117 -21.656 -15.629 7.22 -22.393 -13.793
5 24 7.929 -20.981 -14.329 7.22 -22.393 -13.793 8.383 -23.024 -14.615 6.818 -20.483 -14.043
5 24 7.22 -22.393 -13.793 8.383 -23.024 -14.615 7.929 -20.981 -14.329 7.371 -24.635 -14.464
5 24 6.818 -20.483 -14.043 7.22 -22.393 -13.793 7.929 -20.981 -14.329 5.802 -22.01 -13.428
5 24 5.802 -22.01 -13.428 7.22 -22.393 -13.793 6.818 -20.483 -14.043 6.361 -23.929 -13.763
5 24 5.802 -22.01 -13.428 6.361 -23.929 -13.763 7.22 -22.393 -13.793 5.017 -22.858 -13.253
5 24 6.361 -23.929 -13.763 7.22 -22.393 -13.793 5.802 -22.01 -13.428 7.371 -24.635 -14.464
5 24 5.017 -22.858 -13.253 6.361 -23.929 -13.763 5.802 -22.01 -13.428 4.141 -24.156 -13.407
5 24 8.348 -28.198 -16.719 7.87 -28.336 -16.704 8.951 -28.791 -17.879 8.728 -27.086 -16.346
5 24 7.87 -28.336 -16.704 8.951 -28.791 -17.879 8.348 -28.198 -16.719 7.795 -29.199 -18.068
5 24 7.87 -28.336 -16.704 7.795 -29.199 -18.068 8.951 -28.791 -17.879 6.718 -28.149 -16.414
5 24 7.87 -28.336 -16.704 6.718 -28.149 -16.414 7.795 -29.199 -18.068 7.912 -26.969 -15.849
5 24 6.718 -28.149 -16.414 7.795 -29.199 -18.068 7.87 -28.336 -16.704 6.281 -28.929 -18.18
5 24 6.718 -28.149 -16.414 6.281 -28.929 -18.18 7.795 -29.199 -18.068 4.913 -28.291 -18.058
5 24 6.718 -28.149 -16.414 4.913 -28.291 -18.058 6.281 -28.929 -18.18 5.649 -27.616 -16.075
5 24 6.718 -28.149 -16.414 5.649 -27.616 -16.075 4.913 -28.291 -18.058 7.276 -26.67 -15.463
5 24 5.649 -27.616 -16.075 4.913 -28.291 -18.058 6.718 -28.149 -16.414 3.67 -27.527 -17.15
5 24 5.649 -27.616 -16.075 3.67 -27.527 -17.15 4.913 -28.291 -18.058 4.483 -26.828 -15.412
5 24 5.649 -27.616 -16.075 4.483 -26.828 -15.412 3.67 -27.527 -17.15 6.434 -26.213 -14.983
5 24 4.483 -26.828 -15.412 3.67 -27.527 -17.15 5.649 -27.616 -16.075 2.304 -26.464 -15.879
5 24 4.483 -26.828 -15.412 2.304 -26.464 -15.879 3.67 -27.527 -17.15 3.015 -25.633 -14.502
5 24 4.483 -26.828 -15.412 3.015 -25.633 -14.502 2.304 -26.464 -15.879 5.412 -25.484 -14.302
5 24 7.371 -24.635 -14.464 7.22 -22.393 -13.793 6.361 -23.929 -13.763 8.383 -23.024 -14.615
5 24 6.361 -23.929 -13.763 7.371 -24.635 -14.464 7.22 -22.393 -13.793 5.412 -25.484 -14.302
5 24 6.361 -23.929 -13.763 5.412 -25.484 -14.302 7.371 -24.635 -14.464 4.141 -24.156 -13.407
5 24 5.412 -25.484 -14.302 7.371 -24.635 -14.464 6.361 -23.929 -13.763 6.434 -26.213 -14.983
5 24 4.483 -26.828 -15.412 5.412 -25.484 -14.302 3.015 -25.633 -14.502 6.434 -26.213 -14.983
5 24 5.412 -25.484 -14.302 3.015 -25.633 -14.502 4.483 -26.828 -15.412 4.141 -24.156 -13.407
5 24 5.412 -25.484 -14.302 6.434 -26.213 -14.983 7.371 -24.635 -14.464 4.483 -26.828 -15.412
5 24 6.434 -26.213 -14.983 7.371 -24.635 -14.464 5.412 -25.484 -14.302 7.982 -25.147 -15.031
5 24 4.483 -26.828 -15.412 6.434 -26.213 -14.983 5.412 -25.484 -14.302 5.649 -27.616 -16.075
5 24 5.649 -27.616 -16.075 6.434 -26.213 -14.983 4.483 -26.828 -15.412 7.276 -26.67 -15.463
5 24 5.412 -25.484 -14.302 4.141 -24.156 -13.407 3.015 -25.633 -14.502 6.361 -23.929 -13.763
5 24 7.276 -26.67 -15.463 5.649 -27.616 -16.075 6.718 -28.149 -16.414 6.434 -26.213 -14.983
5 24 6.718 -28.149 -16.414 7.276 -26.67 -15.463 5.649 -27.616 -16.075 7.912 -26.969 -15.849
5 24 7.276 -26.67 -15.463 6.434 -26.213 -14.983 5.649 -27.616 -16.075 7.982 -25.147 -15.031
5 24 7.982 -25.147 -15.031 6.434 -26.213 -14.983 7.276 -26.67 -15.463 7.371 -24.635 -14.464
5 24 7.276 -26.67 -15.463 7.982 -25.147 -15.031 6.434 -26.213 -14.983 8.356 -25.315 -15.364
5 24 7.982 -25.147 -15.031 7.371 -24.635 -14.464 6.434 -26.213 -14.983 8.779 -23.843 -15.142
5 24 7.982 -25.147 -15.031 8.779 -23.843 -15.142 7.371 -24.635 -14.464 8.356 -25.315 -15.364
5 24 8.383 -23.024 -14.615 7.371 -24.635 -14.464 8.779 -23.843 -15.142 7.22 -22.393 -13.793
5 24 7.982 -25.147 -15.031 8.356 -25.315 -15.364 8.779 -23.843 -15.142 7.276 -26.67 -15.463
5 24 8.356 -25.315 -15.364 8.779 -23.843 -15.142 7.982 -25.147 -15.031 8.786 -25.341 -15.755
5 24 7.276 -26.67 -15.463 8.356 -25.315 -15.364 7.982 -25.147 -15.031 7.912 -26.969 -15.849
5 24 8.356 -25.315 -15.364 8.786 -25.341 -15.755 8.779 -23.843 -15.142 7.912 -26.969 -15.849
5 24 8.356 -25.315 -15.364 7.912 -26.969 -15.849 8.786 -25.341 -15.755 7.276 -26.67 -15.463
5 24 7.912 -26.969 -15.849 8.786 -25.341 -15.755 8.356 -25.315 -15.364 8.728 -27.086 -16.346
5 24 7.276 -26.67 -15.463 7.912 -26.969 -15.849 8.356 -25.315 -15.364 6.718 -28.149 -16.414
5 24 7.912 -26.969 -15.849 8.728 -27.086 -16.346 8.786 -25.341 -15.755 7.87 -28.336 -16.704
5 24 7.912 -26.969 -15.849 7.87 -28.336 -16.704 8.728 -27.086 -16.346 6.718 -28.149 -16.414
5 24 7.87 -28.336 -16.704 8.728 -27.086 -16.346 7.912 -26.969 -15.849 8.348 -28.198 -16.719
5 24 7.912 -26.969 -15.849 6.718 -28.149 -16.414 7.87 -28.336 -16.704 7.276 -26.67 -15.463
5 24 6.361 -23.929 -13.763 4.141 -24.156 -13.407 5.412 -25.484 -14.302 5.017 -22.858 -13.253
5 24 .871 -16.914 -28.973 .361 -16.133 -28.914 .914 -16.221 -28.784 .416 -17.021 -29.145
5 24 .361 -16.133 -28.914 .914 -16.221 -28.784 .871 -16.914 -28.973 .62 -15.555 -28.764
5 24 .914 -16.221 -28.784 .871 -16.914 -28.973 .361 -16.133 -28.914 1.256 -16.918 -28.907
5 24 .871 -16.914 -28.973 .416 -17.021 -29.145 .361 -16.133 -28.914 .97 -17.152 -29.057
5 24 1.256 -16.918 -28.907 .871 -16.914 -28.973 .914 -16.221 -28.784 .97 -17.152 -29.057
5 24 .914 -16.221 -28.784 1.256 -16.918 -28.907 .871 -16.914 -28.973 1.303 -16.247 -28.752
5 24 .914 -16.221 -28.784 1.303 -16.247 -28.752 1.256 -16.918 -28.907 1.015 -15.896 -28.738
5 24 1.303 -16.247 -28.752 1.256 -16.918 -28.907 .914 -16.221 -28.784 1.664 -16.911 -28.991
5 24 1.303 -16.247 -28.752 1.664 -16.911 -28.991 1.256 -16.918 -28.907 1.704 -16.249 -28.826
5 24 1.664 -16.911 -28.991 1.256 -16.918 -28.907 1.303 -16.247 -28.752 1.479 -17.201 -29.088
5 24 1.303 -16.247 -28.752 1.704 -16.249 -28.826 1.664 -16.911 -28.991 1.559 -15.899 -28.759
5 24 1.704 -16.249 -28.826 1.664 -16.911 -28.991 1.303 -16.247 -28.752 2.162 -16.194 -28.932
5 24 2.162 -16.194 -28.932 1.664 -16.911 -28.991 1.704 -16.249 -28.826 2.094 -17.003 -29.141
5 24 1.704 -16.249 -28.826 2.162 -16.194 -28.932 1.664 -16.911 -28.991 1.912 -15.592 -28.776
5 24 2.094 -17.003 -29.141 1.664 -16.911 -28.991 2.162 -16.194 -28.932 1.666 -17.433 -29.253
5 24 1.666 -17.433 -29.253 1.479 -17.201 -29.088 1.664 -16.911 -28.991 1.226 -17.531 -29.278
5 24 1.479 -17.201 -29.088 1.664 -16.911 -28.991 1.666 -17.433 -29.253 1.256 -16.918 -28.907
5 24 1.479 -17.201 -29.088 1.256 -16.918 -28.907 1.664 -16.911 -28.991 1.219 -17.206 -29.068
5 24 1.226 -17.531 -29.278 1.219 -17.206 -29.068 1.479 -17.201 -29.088 .796 -17.459 -29.259
5 24 1.219 -17.206 -29.068 1.479 -17.201 -29.088 1.226 -17.531 -29.278 1.256 -16.918 -28.907
5 24 1.219 -17.206 -29.068 1.256 -16.918 -28.907 1.479 -17.201 -29.088 .97 -17.152 -29.057
5 24 1.219 -17.206 -29.068 .796 -17.459 -29.259 1.226 -17.531 -29.278 .97 -17.152 -29.057
5 24 .97 -17.152 -29.057 1.219 -17.206 -29.068 1.256 -16.918 -28.907 .796 -17.459 -29.259
5 24 .97 -17.152 -29.057 .416 -17.021 -29.145 .871 -16.914 -28.973 .796 -17.459 -29.259
5 24 .871 -16.914 -28.973 .97 -17.152 -29.057 .416 -17.021 -29.145 1.256 -16.918 -28.907
5 24 .97 -17.152 -29.057 1.256 -16.918 -28.907 1.219 -17.206 -29.068 .871 -16.914 -28.973
5 24 .796 -17.459 -29.259 .97 -17.152 -29.057 .416 -17.021 -29.145 1.219 -17.206 -29.068
5 24 .62 -15.555 -28.764 .914 -16.221 -28.784 1.015 -15.896 -28.738 .361 -16.133 -28.914
5 24 1.015 -15.896 -28.738 .914 -16.221 -28.784 1.303 -16.247 -28.752 .62 -15.555 -28.764
5 24 .62 -15.555 -28.764 1.015 -15.896 -28.738 1.261 -15.767 -28.719 .914 -16.221 -28.784
5 24 .62 -15.555 -28.764 1.261 -15.767 -28.719 1.015 -15.896 -28.738 1.274 -15.193 -28.672
5 24 1.261 -15.767 -28.719 1.015 -15.896 -28.738 .62 -15.555 -28.764 1.303 -16.247 -28.752
5 24 1.261 -15.767 -28.719 1.303 -16.247 -28.752 1.015 -15.896 -28.738 1.559 -15.899 -28.759
5 24 1.303 -16.247 -28.752 1.015 -15.896 -28.738 1.261 -15.767 -28.719 .914 -16.221 -28.784
5 24 1.274 -15.193 -28.672 1.261 -15.767 -28.719 .62 -15.555 -28.764 1.912 -15.592 -28.776
5 24 1.912 -15.592 -28.776 1.261 -15.767 -28.719 1.274 -15.193 -28.672 1.559 -15.899 -28.759
5 24 1.704 -16.249 -28.826 1.912 -15.592 -28.776 2.162 -16.194 -28.932 1.559 -15.899 -28.759
5 24 1.912 -15.592 -28.776 1.559 -15.899 -28.759 1.261 -15.767 -28.719 1.704 -16.249 -28.826
5 24 1.559 -15.899 -28.759 1.261 -15.767 -28.719 1.912 -15.592 -28.776 1.303 -16.247 -28.752
5 24 1.704 -16.249 -28.826 1.559 -15.899 -28.759 1.912 -15.592 -28.776 1.303 -16.247 -28.752
5 24 1.303 -16.247 -28.752 1.559 -15.899 -28.759 1.704 -16.249 -28.826 1.261 -15.767 -28.719
5 24 4.361 -14.319 -25.275 6.224 -16.025 -22.937 4.654 -16.127 -25.721 5.64 -13.716 -22.354
5 24 4.654 -16.127 -25.721 4.361 -14.319 -25.275 6.224 -16.025 -22.937 3.437 -14.841 -27.674
5 24 4.654 -16.127 -25.721 3.437 -14.841 -27.674 4.361 -14.319 -25.275 3.736 -16.298 -27.844
5 24 3.736 -16.298 -27.844 3.437 -14.841 -27.674 4.654 -16.127 -25.721 3.285 -16.282 -28.892
5 24 3.437 -14.841 -27.674 3.285 -16.282 -28.892 3.736 -16.298 -27.844 3.047 -15.049 -28.555
5 24 0 -11.981 -14.921 .782 -8.847 -11.693 3.365 -12.099 -15.052 0 -8.984 -11.761
5 24 .782 -8.847 -11.693 3.365 -12.099 -15.052 0 -11.981 -14.921 4.483 -10.64 -12.979
2 24 0 -8.984 -11.761 .782 -8.847 -11.693
2 24 4.483 -10.64 -12.979 3.365 -12.099 -15.052
5 24 .782 -8.847 -11.693 4.483 -10.64 -12.979 3.365 -12.099 -15.052 1.387 -8.335 -11.482
2 24 .782 -8.847 -11.693 1.387 -8.335 -11.482
5 24 1.387 -8.335 -11.482 4.483 -10.64 -12.979 .782 -8.847 -11.693 5.531 -8.522 -11.506
2 24 5.531 -8.522 -11.506 4.483 -10.64 -12.979
5 24 1.387 -8.335 -11.482 5.531 -8.522 -11.506 4.483 -10.64 -12.979 1.787 -7.464 -11.128
2 24 1.387 -8.335 -11.482 1.787 -7.464 -11.128
5 24 1.787 -7.464 -11.128 5.531 -8.522 -11.506 1.387 -8.335 -11.482 6.268 -4.304 -11.612
2 24 6.268 -4.304 -11.612 5.531 -8.522 -11.506
5 24 1.787 -7.464 -11.128 6.268 -4.304 -11.612 5.531 -8.522 -11.506 2.154 -4.001 -11.651
2 24 1.787 -7.464 -11.128 2.154 -4.001 -11.651
5 24 2.154 -4.001 -11.651 6.268 -4.304 -11.612 1.787 -7.464 -11.128 2.238 -1.941 -12.146
2 24 2.154 -4.001 -11.651 2.238 -1.941 -12.146
5 24 2.238 -1.941 -12.146 6.431 -1.936 -12.195 6.268 -4.304 -11.612 2.287 -.796 -12.414
2 24 6.431 -1.936 -12.195 6.268 -4.304 -11.612
5 24 2.287 -.796 -12.414 6.431 -1.936 -12.195 2.238 -1.941 -12.146 6.493 -.788 -12.495
2 24 2.238 -1.941 -12.146 2.287 -.796 -12.414
5 24 2.287 -.796 -12.414 6.493 -.788 -12.495 6.431 -1.936 -12.195 2.32 0 -12.496
2 24 6.493 -.788 -12.495 6.431 -1.936 -12.195
5 24 2.32 0 -12.496 6.493 -.788 -12.495 2.287 -.796 -12.414 6.539 0 -12.559
2 24 2.287 -.796 -12.414 2.32 0 -12.496
2 24 2.32 0 -12.496 6.539 0 -12.559
2 24 6.539 0 -12.559 6.493 -.788 -12.495
2 24 0 -8.41 -8.659 1.077 -8.157 -8.608
5 24 1.077 -8.157 -8.608 0 -7.675 -9.938 0 -8.41 -8.659 1.18 -7.273 -9.571
5 24 1.077 -8.157 -8.608 1.18 -7.273 -9.571 0 -7.675 -9.938 1.886 -6.313 -8.366
5 24 1.18 -7.273 -9.571 0 -7.675 -9.938 1.077 -8.157 -8.608 .782 -8.847 -11.693
5 24 1.18 -7.273 -9.571 .782 -8.847 -11.693 0 -7.675 -9.938 1.387 -8.335 -11.482
5 24 1.18 -7.273 -9.571 1.387 -8.335 -11.482 .782 -8.847 -11.693 1.787 -7.464 -11.128
2 24 1.077 -8.157 -8.608 1.886 -6.313 -8.366
5 24 1.886 -6.313 -8.366 1.18 -7.273 -9.571 1.077 -8.157 -8.608 1.853 -6.485 -9.283
5 24 1.18 -7.273 -9.571 1.787 -7.464 -11.128 1.387 -8.335 -11.482 1.853 -6.485 -9.283
5 24 1.18 -7.273 -9.571 1.853 -6.485 -9.283 1.787 -7.464 -11.128 1.886 -6.313 -8.366
2 24 1.853 -6.485 -9.283 1.787 -7.464 -11.128
2 24 1.886 -6.313 -8.366 1.853 -6.485 -9.283
5 24 7.008 -18.726 -11.083 6.154 -16.547 -13.276 7.064 -16.066 -12.074 6.128 -19.257 -12.043
5 24 6.154 -16.547 -13.276 7.064 -16.066 -12.074 7.008 -18.726 -11.083 6.392 -13.578 -12.69
5 24 7.064 -16.066 -12.074 7.008 -18.726 -11.083 6.154 -16.547 -13.276 7.832 -18.368 -9.932
5 24 7.008 -18.726 -11.083 6.128 -19.257 -12.043 6.154 -16.547 -13.276 6.362 -20.859 -9.869
5 24 6.362 -20.859 -9.869 6.128 -19.257 -12.043 7.008 -18.726 -11.083 5.051 -21.303 -11.195
5 24 7.008 -18.726 -11.083 6.362 -20.859 -9.869 6.128 -19.257 -12.043 7.588 -20.335 -8.535
5 24 6.362 -20.859 -9.869 5.051 -21.303 -11.195 6.128 -19.257 -12.043 5.59 -22.19 -8.638
5 24 6.362 -20.859 -9.869 5.59 -22.19 -8.638 5.051 -21.303 -11.195 7.383 -21.792 -6.793
5 24 5.59 -22.19 -8.638 3.995 -22.447 -10.727 5.051 -21.303 -11.195 3.087 -23.489 -8.906
5 24 7.064 -16.066 -12.074 7.832 -18.368 -9.932 7.008 -18.726 -11.083 7.98 -15.605 -10.947
5 24 7.832 -18.368 -9.932 7.008 -18.726 -11.083 7.064 -16.066 -12.074 7.588 -20.335 -8.535
5 24 7.588 -20.335 -8.535 7.008 -18.726 -11.083 6.362 -20.859 -9.869 7.832 -18.368 -9.932
5 24 7.064 -16.066 -12.074 7.98 -15.605 -10.947 7.832 -18.368 -9.932 6.392 -13.578 -12.69
2 24 7.98 -15.605 -10.947 7.832 -18.368 -9.932
2 24 7.832 -18.368 -9.932 7.588 -20.335 -8.535
5 24 7.588 -20.335 -8.535 6.362 -20.859 -9.869 7.383 -21.792 -6.793 7.008 -18.726 -11.083
5 24 6.362 -20.859 -9.869 7.383 -21.792 -6.793 7.588 -20.335 -8.535 5.59 -22.19 -8.638
2 24 7.588 -20.335 -8.535 7.383 -21.792 -6.793
5 24 7.383 -21.792 -6.793 5.59 -22.19 -8.638 3.599 -23.558 -7.375 6.362 -20.859 -9.869
5 24 7.064 -16.066 -12.074 6.392 -13.578 -12.69 7.98 -15.605 -10.947 6.154 -16.547 -13.276
5 24 6.392 -13.578 -12.69 7.98 -15.605 -10.947 7.064 -16.066 -12.074 8.02 -12.643 -11.107
5 24 6.154 -16.547 -13.276 6.392 -13.578 -12.69 7.064 -16.066 -12.074 5.7 -14.413 -14.303
5 24 6.392 -13.578 -12.69 8.02 -12.643 -11.107 7.98 -15.605 -10.947 4.483 -10.64 -12.979
2 24 8.02 -12.643 -11.107 7.98 -15.605 -10.947
5 24 6.392 -13.578 -12.69 4.483 -10.64 -12.979 8.02 -12.643 -11.107 3.365 -12.099 -15.052
5 24 4.483 -10.64 -12.979 8.02 -12.643 -11.107 6.392 -13.578 -12.69 5.531 -8.522 -11.506
5 24 6.392 -13.578 -12.69 3.365 -12.099 -15.052 4.483 -10.64 -12.979 5.7 -14.413 -14.303
5 24 6.392 -13.578 -12.69 5.7 -14.413 -14.303 3.365 -12.099 -15.052 6.154 -16.547 -13.276
5 24 5.531 -8.522 -11.506 8.02 -12.643 -11.107 4.483 -10.64 -12.979 8.271 -9.148 -10.462
5 24 5.531 -8.522 -11.506 8.271 -9.148 -10.462 8.02 -12.643 -11.107 8.432 -4.502 -10.642
2 24 8.271 -9.148 -10.462 8.02 -12.643 -11.107
5 24 5.531 -8.522 -11.506 8.432 -4.502 -10.642 8.271 -9.148 -10.462 6.268 -4.304 -11.612
2 24 8.432 -4.502 -10.642 8.271 -9.148 -10.462
5 24 6.268 -4.304 -11.612 8.432 -4.502 -10.642 5.531 -8.522 -11.506 8.55 -1.938 -11.176
5 24 7.383 -21.792 -6.793 3.599 -23.558 -7.375 5.59 -22.19 -8.638 7.3 -22.586 -4.873
5 24 3.599 -23.558 -7.375 5.59 -22.19 -8.638 7.383 -21.792 -6.793 3.087 -23.489 -8.906
2 24 4.028 -23.719 -5.188 3.599 -23.558 -7.375
5 24 7.3 -22.586 -4.873 3.599 -23.558 -7.375 4.028 -23.719 -5.188 7.383 -21.792 -6.793
2 24 7.383 -21.792 -6.793 7.3 -22.586 -4.873
5 24 7.3 -22.586 -4.873 4.028 -23.719 -5.188 4.439 -23.976 -1.707 3.599 -23.558 -7.375
5 24 7.3 -22.586 -4.873 4.439 -23.976 -1.707 4.028 -23.719 -5.188 7.414 -22.952 -1.749
2 24 4.439 -23.976 -1.707 4.028 -23.719 -5.188
2 24 7.3 -22.586 -4.873 7.414 -22.952 -1.749
5 24 7.414 -22.952 -1.749 4.439 -23.976 -1.707 7.3 -22.586 -4.873 4.613 -24.067 2.354
2 24 4.613 -24.067 2.354 4.439 -23.976 -1.707
2 24 7.414 -22.952 -1.749 7.603 -23.057 2.296
5 24 7.603 -23.057 2.296 4.613 -24.067 2.354 7.414 -22.952 -1.749 7.754 -22.834 6.667
5 24 7.754 -22.834 6.667 4.613 -24.067 2.354 7.603 -23.057 2.296 4.862 -23.984 7.005
2 24 7.603 -23.057 2.296 7.754 -22.834 6.667
5 24 7.754 -22.834 6.667 4.862 -23.984 7.005 4.613 -24.067 2.354 7.856 -22.15 9.846
2 24 4.862 -23.984 7.005 4.613 -24.067 2.354
5 24 7.856 -22.15 9.846 4.862 -23.984 7.005 7.754 -22.834 6.667 4.851 -23.383 10.28
2 24 7.754 -22.834 6.667 7.856 -22.15 9.846
5 24 7.856 -22.15 9.846 4.851 -23.383 10.28 4.862 -23.984 7.005 5.053 -21.627 12.936
2 24 4.851 -23.383 10.28 4.862 -23.984 7.005
5 24 7.856 -22.15 9.846 5.053 -21.627 12.936 4.851 -23.383 10.28 7.937 -20.732 11.954
2 24 5.053 -21.627 12.936 4.851 -23.383 10.28
2 24 7.856 -22.15 9.846 7.937 -20.732 11.954
5 24 7.937 -20.732 11.954 5.053 -21.627 12.936 7.856 -22.15 9.846 5.19 -19.563 14.45
2 24 5.19 -19.563 14.45 5.053 -21.627 12.936
5 24 7.937 -20.732 11.954 5.19 -19.563 14.45 5.053 -21.627 12.936 8.041 -19.099 13.092
2 24 7.937 -20.732 11.954 8.041 -19.099 13.092
5 24 8.041 -19.099 13.092 5.19 -19.563 14.45 7.937 -20.732 11.954 5.396 -17.351 15.18
5 24 8.041 -19.099 13.092 5.396 -17.351 15.18 5.19 -19.563 14.45 8.115 -17.182 13.634
2 24 5.396 -17.351 15.18 5.19 -19.563 14.45
2 24 8.041 -19.099 13.092 8.115 -17.182 13.634
5 24 8.115 -17.182 13.634 5.396 -17.351 15.18 8.041 -19.099 13.092 5.431 -15.095 15.314
2 24 5.431 -15.095 15.314 5.396 -17.351 15.18
5 24 8.115 -17.182 13.634 5.431 -15.095 15.314 5.396 -17.351 15.18 8.127 -15.147 13.666
2 24 8.115 -17.182 13.634 8.127 -15.147 13.666
5 24 8.127 -15.147 13.666 5.431 -15.095 15.314 8.115 -17.182 13.634 5.644 -12.171 14.836
2 24 5.644 -12.171 14.836 5.431 -15.095 15.314
2 24 8.127 -15.147 13.666 8.15 -12.594 13.339
5 24 8.15 -12.594 13.339 5.644 -12.171 14.836 8.127 -15.147 13.666 6.121 -8.896 13.886
5 24 8.15 -12.594 13.339 6.121 -8.896 13.886 5.644 -12.171 14.836 8.275 -9.076 12.365
2 24 6.121 -8.896 13.886 5.644 -12.171 14.836
2 24 8.15 -12.594 13.339 8.275 -9.076 12.365
5 24 8.275 -9.076 12.365 6.121 -8.896 13.886 8.15 -12.594 13.339 6.39 -7.395 13.868
5 24 8.275 -9.076 12.365 6.39 -7.395 13.868 6.121 -8.896 13.886 8.327 -7.376 12.558
2 24 6.39 -7.395 13.868 6.121 -8.896 13.886
2 24 8.275 -9.076 12.365 8.327 -7.376 12.558
5 24 8.327 -7.376 12.558 6.39 -7.395 13.868 8.275 -9.076 12.365 8.354 -5.676 13.094
2 24 8.327 -7.376 12.558 8.354 -5.676 13.094
5 24 8.354 -5.676 13.094 6.39 -7.395 13.868 8.327 -7.376 12.558 6.471 -5.444 14.065
5 24 8.354 -5.676 13.094 6.471 -5.444 14.065 6.39 -7.395 13.868 6.508 -2.918 13.56
2 24 6.471 -5.444 14.065 6.39 -7.395 13.868
2 24 6.508 -2.918 13.56 6.471 -5.444 14.065
5 24 8.354 -5.676 13.094 6.508 -2.918 13.56 6.471 -5.444 14.065 8.539 -2.923 12.548
2 24 8.354 -5.676 13.094 8.539 -2.923 12.548
5 24 8.539 -2.923 12.548 6.508 -2.918 13.56 8.354 -5.676 13.094 6.565 -.785 12.833
2 24 6.565 -.785 12.833 6.508 -2.918 13.56
2 24 8.539 -2.923 12.548 8.755 -.792 11.755
5 24 8.755 -.792 11.755 6.565 -.785 12.833 8.539 -2.923 12.548 6.571 0 12.68
5 24 8.755 -.792 11.755 6.571 0 12.68 6.565 -.785 12.833 8.782 0 11.628
2 24 6.571 0 12.68 6.565 -.785 12.833
2 24 8.755 -.792 11.755 8.782 0 11.628
2 24 8.782 0 11.628 6.571 0 12.68
5 24 0 -23.783 -5.168 4.028 -23.719 -5.188 0 -24.014 -1.584 3.599 -23.558 -7.375
5 24 4.439 -23.976 -1.707 0 -24.014 -1.584 4.028 -23.719 -5.188 0 -24.091 2.464
5 24 3.599 -23.558 -7.375 0 -23.783 -5.168 0 -23.67 -7.177 4.028 -23.719 -5.188
5 24 4.613 -24.067 2.354 0 -24.091 2.464 4.439 -23.976 -1.707 0 -24.036 6.949
5 24 0 -24.036 6.949 4.862 -23.984 7.005 0 -23.44 10.179 4.613 -24.067 2.354
2 24 .866 -10.85 14.425 0 -10.948 14.432
2 24 1.576 -10.504 14.333 .866 -10.85 14.425
5 24 6.121 -8.896 13.886 1.921 -8.858 13.839 1.576 -10.504 14.333 2.018 -7.227 13.86
2 24 1.921 -8.858 13.839 1.576 -10.504 14.333
5 24 6.121 -8.896 13.886 2.018 -7.227 13.86 1.921 -8.858 13.839 6.39 -7.395 13.868
2 24 2.018 -7.227 13.86 1.921 -8.858 13.839
5 24 6.39 -7.395 13.868 2.018 -7.227 13.86 6.121 -8.896 13.886 2.094 -5.438 13.998
5 24 6.39 -7.395 13.868 2.094 -5.438 13.998 2.018 -7.227 13.86 6.471 -5.444 14.065
2 24 2.094 -5.438 13.998 2.018 -7.227 13.86
5 24 6.471 -5.444 14.065 2.094 -5.438 13.998 6.39 -7.395 13.868 2.16 -2.974 13.595
2 24 2.16 -2.974 13.595 2.094 -5.438 13.998
5 24 6.471 -5.444 14.065 2.16 -2.974 13.595 2.094 -5.438 13.998 6.508 -2.918 13.56
5 24 6.508 -2.918 13.56 2.16 -2.974 13.595 6.471 -5.444 14.065 2.213 -.804 12.755
5 24 6.508 -2.918 13.56 2.213 -.804 12.755 2.16 -2.974 13.595 6.565 -.785 12.833
2 24 2.213 -.804 12.755 2.16 -2.974 13.595
5 24 6.565 -.785 12.833 2.213 -.804 12.755 6.508 -2.918 13.56 2.245 0 12.594
2 24 2.245 0 12.594 2.213 -.804 12.755
2 24 6.571 0 12.68 2.245 0 12.594
5 24 6.431 -1.936 -12.195 8.63 -.802 -11.46 8.55 -1.938 -11.176 6.493 -.788 -12.495
2 24 8.63 -.802 -11.46 8.55 -1.938 -11.176
5 24 6.493 -.788 -12.495 8.63 -.802 -11.46 6.431 -1.936 -12.195 8.609 0 -11.521
5 24 8.55 -1.938 -11.176 6.268 -4.304 -11.612 6.431 -1.936 -12.195 8.432 -4.502 -10.642
2 24 8.55 -1.938 -11.176 8.432 -4.502 -10.642
5 24 6.493 -.788 -12.495 8.609 0 -11.521 8.63 -.802 -11.46 6.539 0 -12.559
2 24 8.609 0 -11.521 8.63 -.802 -11.46
2 24 6.539 0 -12.559 8.609 0 -11.521
5 24 2.238 -1.941 -12.146 2.264 -.799 -9.455 2.287 -.796 -12.414 2.185 -1.929 -9.373
5 24 2.264 -.799 -9.455 2.287 -.796 -12.414 2.238 -1.941 -12.146 2.273 0 -9.499
5 24 2.238 -1.941 -12.146 2.185 -1.929 -9.373 2.264 -.799 -9.455 2.154 -4.001 -11.651
5 24 2.185 -1.929 -9.373 2.264 -.799 -9.455 2.238 -1.941 -12.146 2.296 -.5 -5.543
5 24 2.185 -1.929 -9.373 2.296 -.5 -5.543 2.264 -.799 -9.455 2.287 -2.052 -5.545
5 24 2.296 -.5 -5.543 2.264 -.799 -9.455 2.185 -1.929 -9.373 2.273 0 -9.499
5 24 2.185 -1.929 -9.373 2.287 -2.052 -5.545 2.296 -.5 -5.543 2.096 -3.917 -9.099
2 24 2.287 -2.052 -5.545 2.296 -.5 -5.543
5 24 2.296 -.5 -5.543 2.273 0 -9.499 2.264 -.799 -9.455 2.363 0 -5.728
5 24 2.273 0 -9.499 2.264 -.799 -9.455 2.296 -.5 -5.543 2.287 -.796 -12.414
5 24 2.273 0 -9.499 2.287 -.796 -12.414 2.264 -.799 -9.455 2.32 0 -12.496
2 24 2.296 -.5 -5.543 2.363 0 -5.728
2 24 2.363 0 -5.728 2.273 0 -9.499
2 24 2.273 0 -9.499 2.32 0 -12.496
5 24 2.185 -1.929 -9.373 2.096 -3.917 -9.099 2.287 -2.052 -5.545 2.154 -4.001 -11.651
5 24 2.096 -3.917 -9.099 2.18 -4 -5.566 2.287 -2.052 -5.545 1.886 -6.313 -8.366
2 24 2.18 -4 -5.566 2.287 -2.052 -5.545
5 24 1.886 -6.313 -8.366 2.18 -4 -5.566 2.096 -3.917 -9.099 1.857 -6.237 -5.631
5 24 2.096 -3.917 -9.099 1.886 -6.313 -8.366 2.18 -4 -5.566 1.853 -6.485 -9.283
5 24 1.886 -6.313 -8.366 1.857 -6.237 -5.631 2.18 -4 -5.566 1.634 -17.356 -8.168
2 24 1.857 -6.237 -5.631 2.18 -4 -5.566
5 24 2.154 -4.001 -11.651 2.096 -3.917 -9.099 2.185 -1.929 -9.373 1.853 -6.485 -9.283
5 24 1.853 -6.485 -9.283 2.096 -3.917 -9.099 2.154 -4.001 -11.651 1.886 -6.313 -8.366
2 24 1.886 -6.313 -8.366 1.634 -17.356 -8.168
5 24 1.634 -17.356 -8.168 1.857 -6.237 -5.631 1.886 -6.313 -8.366 2.056 -7.082 -4.181
2 24 2.056 -7.082 -4.181 1.857 -6.237 -5.631
2 24 1.634 -17.356 -8.168 1.9 -18.545 -4.182
2 24 1.9 -18.545 -4.182 2.056 -7.082 -4.181
5 24 8.55 -1.938 -11.176 8.821 -.782 -5.316 8.787 -1.929 -4.839 8.63 -.802 -11.46
2 24 8.821 -.782 -5.316 8.787 -1.929 -4.839
5 24 8.63 -.802 -11.46 8.821 -.782 -5.316 8.55 -1.938 -11.176 8.796 0 -5.469
5 24 8.787 -1.929 -4.839 8.432 -4.502 -10.642 8.55 -1.938 -11.176 8.719 -4.803 -4.257
2 24 8.787 -1.929 -4.839 8.719 -4.803 -4.257
5 24 8.719 -4.803 -4.257 8.271 -9.148 -10.462 8.432 -4.502 -10.642 8.692 -9.386 -3.071
2 24 8.719 -4.803 -4.257 8.692 -9.386 -3.071
5 24 8.692 -9.386 -3.071 8.271 -9.148 -10.462 8.719 -4.803 -4.257 8.687 -15.763 1.599
5 24 8.692 -9.386 -3.071 8.687 -15.763 1.599 8.271 -9.148 -10.462 8.77 -8.916 1.053
5 24 8.687 -15.763 1.599 8.271 -9.148 -10.462 8.692 -9.386 -3.071 8.02 -12.643 -11.107
5 24 8.77 -8.916 1.053 8.687 -15.763 1.599 8.692 -9.386 -3.071 8.709 -9.353 5.135
2 24 8.692 -9.386 -3.071 8.77 -8.916 1.053
5 24 8.709 -9.353 5.135 8.687 -15.763 1.599 8.77 -8.916 1.053 8.15 -12.594 13.339
2 24 8.77 -8.916 1.053 8.709 -9.353 5.135
5 24 8.15 -12.594 13.339 8.687 -15.763 1.599 8.709 -9.353 5.135 8.127 -15.147 13.666
5 24 8.709 -9.353 5.135 8.15 -12.594 13.339 8.687 -15.763 1.599 8.275 -9.076 12.365
2 24 8.709 -9.353 5.135 8.702 -7 6.028
5 24 8.702 -7 6.028 8.275 -9.076 12.365 8.709 -9.353 5.135 8.327 -7.376 12.558
2 24 8.702 -7 6.028 8.757 -4.793 6.556
5 24 8.757 -4.793 6.556 8.354 -5.676 13.094 8.327 -7.376 12.558 8.539 -2.923 12.548
5 24 8.687 -15.763 1.599 8.02 -12.643 -11.107 8.271 -9.148 -10.462 7.98 -15.605 -10.947
5 24 8.687 -15.763 1.599 7.98 -15.605 -10.947 8.02 -12.643 -11.107 7.832 -18.368 -9.932
5 24 8.687 -15.763 1.599 7.832 -18.368 -9.932 7.98 -15.605 -10.947 7.588 -20.335 -8.535
5 24 8.687 -15.763 1.599 7.588 -20.335 -8.535 7.832 -18.368 -9.932 7.383 -21.792 -6.793
5 24 8.687 -15.763 1.599 7.3 -22.586 -4.873 7.383 -21.792 -6.793 7.414 -22.952 -1.749
5 24 8.687 -15.763 1.599 7.414 -22.952 -1.749 7.3 -22.586 -4.873 7.603 -23.057 2.296
5 24 8.687 -15.763 1.599 7.603 -23.057 2.296 7.414 -22.952 -1.749 7.754 -22.834 6.667
5 24 8.757 -4.793 6.556 8.539 -2.923 12.548 8.354 -5.676 13.094 8.812 -2.416 6.144
2 24 8.757 -4.793 6.556 8.812 -2.416 6.144
5 24 8.812 -2.416 6.144 8.539 -2.923 12.548 8.757 -4.793 6.556 8.755 -.792 11.755
5 24 8.812 -2.416 6.144 8.755 -.792 11.755 8.539 -2.923 12.548 8.893 -.78 5.827
2 24 8.812 -2.416 6.144 8.893 -.78 5.827
5 24 8.893 -.78 5.827 8.782 0 11.628 8.755 -.792 11.755 8.842 0 5.8
2 24 8.893 -.78 5.827 8.842 0 5.8
2 24 8.842 0 5.8 8.782 0 11.628
5 24 8.687 -15.763 1.599 7.754 -22.834 6.667 7.603 -23.057 2.296 7.856 -22.15 9.846
5 24 8.687 -15.763 1.599 7.856 -22.15 9.846 7.754 -22.834 6.667 7.937 -20.732 11.954
5 24 8.687 -15.763 1.599 7.937 -20.732 11.954 7.856 -22.15 9.846 8.041 -19.099 13.092
5 24 8.687 -15.763 1.599 8.041 -19.099 13.092 7.937 -20.732 11.954 8.115 -17.182 13.634
5 24 8.687 -15.763 1.599 8.115 -17.182 13.634 8.041 -19.099 13.092 8.127 -15.147 13.666
5 24 8.687 -15.763 1.599 8.127 -15.147 13.666 8.115 -17.182 13.634 8.15 -12.594 13.339
5 24 8.77 -8.916 1.053 6.593 -6.909 4.589 8.709 -9.353 5.135 6.691 -6.762 1.075
2 24 6.593 -6.909 4.589 8.709 -9.353 5.135
5 24 8.77 -8.916 1.053 6.691 -6.762 1.075 6.593 -6.909 4.589 6.76 -7.174 -2.41
2 24 6.691 -6.762 1.075 6.593 -6.909 4.589
2 24 6.76 -7.174 -2.41 6.691 -6.762 1.075
5 24 8.77 -8.916 1.053 6.76 -7.174 -2.41 6.691 -6.762 1.075 8.692 -9.386 -3.071
2 24 8.692 -9.386 -3.071 6.76 -7.174 -2.41
5 24 6.593 -6.909 4.589 8.702 -7 6.028 8.709 -9.353 5.135 6.916 -5.856 5.235
2 24 6.593 -6.909 4.589 6.916 -5.856 5.235
5 24 6.916 -5.856 5.235 8.702 -7 6.028 6.593 -6.909 4.589 8.757 -4.793 6.556
5 24 6.916 -5.856 5.235 8.757 -4.793 6.556 8.702 -7 6.028 7.266 -4.785 5.491
2 24 6.916 -5.856 5.235 7.266 -4.785 5.491
5 24 7.266 -4.785 5.491 8.757 -4.793 6.556 6.916 -5.856 5.235 8.812 -2.416 6.144
5 24 7.266 -4.785 5.491 8.812 -2.416 6.144 8.757 -4.793 6.556 7.524 -2.419 5.178
2 24 7.266 -4.785 5.491 7.524 -2.419 5.178
5 24 7.524 -2.419 5.178 8.812 -2.416 6.144 7.266 -4.785 5.491 8.893 -.78 5.827
5 24 7.524 -2.419 5.178 8.893 -.78 5.827 8.812 -2.416 6.144 7.752 -.792 4.927
2 24 7.524 -2.419 5.178 7.752 -.792 4.927
5 24 7.752 -.792 4.927 8.893 -.78 5.827 7.524 -2.419 5.178 8.842 0 5.8
2 24 7.752 -.792 4.927 7.77 0 4.957
2 24 7.77 0 4.957 8.842 0 5.8
5 24 7.15 -.795 -4.045 8.787 -1.929 -4.839 8.821 -.782 -5.316 7.142 -1.937 -3.817
5 24 8.821 -.782 -5.316 7.15 -.795 -4.045 8.787 -1.929 -4.839 7.148 0 -4.24
2 24 7.15 -.795 -4.045 7.142 -1.937 -3.817
5 24 7.142 -1.937 -3.817 8.787 -1.929 -4.839 7.15 -.795 -4.045 7.068 -4.303 -3.421
5 24 7.068 -4.303 -3.421 8.787 -1.929 -4.839 7.142 -1.937 -3.817 8.719 -4.803 -4.257
2 24 7.142 -1.937 -3.817 7.068 -4.303 -3.421
5 24 7.068 -4.303 -3.421 8.719 -4.803 -4.257 8.787 -1.929 -4.839 6.76 -7.174 -2.41
5 24 6.76 -7.174 -2.41 8.719 -4.803 -4.257 7.068 -4.303 -3.421 8.692 -9.386 -3.071
2 24 7.068 -4.303 -3.421 6.76 -7.174 -2.41
2 24 7.148 0 -4.24 7.15 -.795 -4.045
5 24 8.821 -.782 -5.316 7.148 0 -4.24 7.15 -.795 -4.045 8.796 0 -5.469
2 24 8.821 -.782 -5.316 8.796 0 -5.469
2 24 8.796 0 -5.469 7.148 0 -4.24
5 24 7.752 -.792 4.927 3.851 0 4.692 7.77 0 4.957 3.666 -.5 4.628
2 24 3.851 0 4.692 7.77 0 4.957
5 24 7.752 -.792 4.927 3.666 -.5 4.628 3.851 0 4.692 7.524 -2.419 5.178
2 24 3.666 -.5 4.628 3.851 0 4.692
5 24 7.524 -2.419 5.178 3.666 -.5 4.628 7.752 -.792 4.927 3.726 -4.19 4.588
5 24 7.524 -2.419 5.178 3.726 -4.19 4.588 3.666 -.5 4.628 7.266 -4.785 5.491
2 24 3.726 -4.19 4.588 3.666 -.5 4.628
2 24 3.804 -5.351 4.535 3.726 -4.19 4.588
5 24 7.266 -4.785 5.491 3.804 -5.351 4.535 3.726 -4.19 4.588 6.916 -5.856 5.235
5 24 6.916 -5.856 5.235 3.804 -5.351 4.535 7.266 -4.785 5.491 6.593 -6.909 4.589
5 24 6.593 -6.909 4.589 3.804 -5.351 4.535 6.916 -5.856 5.235 3.989 -6.924 4.333
2 24 6.593 -6.909 4.589 3.989 -6.924 4.333
2 24 3.989 -6.924 4.333 3.804 -5.351 4.535
5 24 3.989 -6.776 .967 6.691 -6.762 1.075 6.76 -7.174 -2.41 3.989 -6.924 4.333
2 24 6.76 -7.174 -2.41 3.989 -7.15 -2.49
2 24 3.989 -7.15 -2.49 3.989 -6.776 .967
2 24 3.989 -6.776 .967 3.989 -6.924 4.333
5 24 3.989 -6.776 .967 3.752 -18.226 4.086 3.989 -6.924 4.333 3.846 -18.332 -2.592
2 24 3.752 -18.226 4.086 3.989 -6.924 4.333
2 24 3.846 -18.332 -2.592 3.752 -18.226 4.086
2 24 3.989 -7.15 -2.49 3.846 -18.332 -2.592
5 24 3.846 -18.332 -2.592 1.884 -18.467 5.626 3.752 -18.226 4.086 1.9 -18.545 -4.182
2 24 3.846 -18.332 -2.592 1.9 -18.545 -4.182
2 24 1.9 -18.545 -4.182 1.884 -18.467 5.626
2 24 1.884 -18.467 5.626 3.752 -18.226 4.086
5 24 5.064 -.799 -3.979 7.142 -1.937 -3.817 5.269 -1.893 -3.818 7.15 -.795 -4.045
5 24 5.269 -1.893 -3.818 7.142 -1.937 -3.817 5.55 -4.151 -3.428 5.064 -.799 -3.979
5 24 7.15 -.795 -4.045 5.064 -.799 -3.979 7.148 0 -4.24 7.142 -1.937 -3.817
2 24 5.064 -.799 -3.979 5.269 -1.893 -3.818
5 24 7.148 0 -4.24 5.064 -.799 -3.979 7.15 -.795 -4.045 4.568 0 -4.212
2 24 7.148 0 -4.24 4.568 0 -4.212
2 24 4.568 0 -4.212 5.064 -.799 -3.979
2 24 5.269 -1.893 -3.818 5.55 -4.151 -3.428
5 24 5.55 -4.151 -3.428 7.068 -4.303 -3.421 7.142 -1.937 -3.817 5.762 -5.85 -3.134
2 24 5.55 -4.151 -3.428 5.762 -5.85 -3.134
5 24 5.762 -5.85 -3.134 7.068 -4.303 -3.421 5.55 -4.151 -3.428 6.76 -7.174 -2.41
5 24 5.762 -5.85 -3.134 6.76 -7.174 -2.41 7.068 -4.303 -3.421 3.989 -7.15 -2.49
5 24 2.287 -2.052 -5.545 4.243 -1.931 -4.243 2.296 -.5 -5.543 2.18 -4 -5.566
5 24 4.243 -1.931 -4.243 4.243 -.5 -4.243 2.296 -.5 -5.543 5.269 -1.893 -3.818
5 24 4.243 -.5 -4.243 2.296 -.5 -5.543 4.243 -1.931 -4.243 4.243 0 -4.419
5 24 5.064 -.799 -3.979 4.243 -.5 -4.243 4.568 0 -4.212 5.269 -1.893 -3.818
5 24 5.269 -1.893 -3.818 4.243 -.5 -4.243 5.064 -.799 -3.979 4.243 -1.931 -4.243
5 24 4.243 0 -4.419 2.296 -.5 -5.543 4.243 -.5 -4.243 2.363 0 -5.728
5 24 4.243 -.5 -4.243 4.243 0 -4.419 2.296 -.5 -5.543 4.568 0 -4.212
2 24 4.243 0 -4.419 2.363 0 -5.728
5 24 4.568 0 -4.212 4.243 -.5 -4.243 5.064 -.799 -3.979 4.243 0 -4.419
2 24 4.568 0 -4.212 4.243 0 -4.419
5 24 4.243 -1.931 -4.243 4.243 -4 -4.243 5.269 -1.893 -3.818 2.18 -4 -5.566
5 24 4.243 -4 -4.243 5.55 -4.151 -3.428 5.269 -1.893 -3.818 3.964 -5.769 -4.373
5 24 4.243 -4 -4.243 3.964 -5.769 -4.373 5.55 -4.151 -3.428 2.092 -5.973 -5.606
2 24 3.964 -5.769 -4.373 5.762 -5.85 -3.134
5 24 4.243 -4 -4.243 2.092 -5.973 -5.606 3.964 -5.769 -4.373 2.18 -4 -5.566
2 24 2.092 -5.973 -5.606 3.964 -5.769 -4.373
5 24 4.243 -4 -4.243 2.18 -4 -5.566 2.092 -5.973 -5.606 4.243 -1.931 -4.243
2 24 2.18 -4 -5.566 2.092 -5.973 -5.606
5 24 4.243 -1.931 -4.243 2.18 -4 -5.566 4.243 -4 -4.243 2.287 -2.052 -5.545
5 24 0 -17.355 -8.57 .865 -17.345 -8.538 0 -8.41 -8.659 .83 -18.597 -8.521
5 24 .865 -17.345 -8.538 1.077 -8.157 -8.608 0 -8.41 -8.659 1.634 -17.356 -8.168
5 24 1.634 -17.356 -8.168 1.077 -8.157 -8.608 .865 -17.345 -8.538 1.886 -6.313 -8.366
5 24 .865 -17.345 -8.538 1.634 -17.356 -8.168 1.077 -8.157 -8.608 .83 -18.597 -8.521
5 24 .865 -17.345 -8.538 .83 -18.597 -8.521 1.634 -17.356 -8.168 0 -17.355 -8.57
5 24 0 -18.581 -8.559 .83 -18.597 -8.521 0 -17.355 -8.57 0 -19.564 -7.837
2 24 1.632 -18.662 -8.142 1.634 -17.356 -8.168
2 24 1.632 -18.662 -8.142 1.652 -19.183 -7.628
5 24 1.652 -19.183 -7.628 1.9 -18.545 -4.182 1.632 -18.662 -8.142 1.744 -19.219 5.583
2 24 1.652 -19.183 -7.628 1.744 -19.219 5.583
5 24 1.744 -19.219 5.583 1.9 -18.545 -4.182 1.652 -19.183 -7.628 1.884 -18.467 5.626
5 24 1.64 -19.186 9.579 1.884 -18.467 5.626 1.744 -19.219 5.583 1.674 -18.135 9.872
2 24 1.744 -19.219 5.583 1.64 -19.186 9.579
5 24 1.64 -19.186 9.579 1.674 -18.135 9.872 .691 -19.111 10.617 1.884 -18.467 5.626
5 24 1.674 -18.135 9.872 1.884 -18.467 5.626 1.674 -17.256 10.111 1.64 -19.186 9.579
5 24 .807 -19.559 -7.873 1.632 -18.662 -8.142 .83 -18.597 -8.521 1.652 -19.183 -7.628
5 24 .83 -18.597 -8.521 .807 -19.559 -7.873 1.632 -18.662 -8.142 0 -19.564 -7.837
5 24 .807 -19.559 -7.873 1.652 -19.183 -7.628 1.632 -18.662 -8.142 .765 -19.51 4.783
5 24 .807 -19.559 -7.873 .765 -19.51 4.783 1.652 -19.183 -7.628 0 -19.564 -7.837
5 24 .765 -19.51 4.783 1.652 -19.183 -7.628 .807 -19.559 -7.873 1.744 -19.219 5.583
5 24 .65 -19.57 9.892 0 -19.57 9.891 0 -19.111 10.637 .765 -19.51 4.783
5 24 0 -19.111 10.637 .65 -19.57 9.892 0 -19.57 9.891 .691 -19.111 10.617
5 24 0 -19.111 10.637 .691 -19.111 10.617 .65 -19.57 9.892 0 -17.426 10.954
5 24 .691 -19.111 10.617 .65 -19.57 9.892 0 -19.111 10.637 1.64 -19.186 9.579
5 24 .691 -19.111 10.617 1.64 -19.186 9.579 .65 -19.57 9.892 1.674 -18.135 9.872
5 24 1.64 -19.186 9.579 .65 -19.57 9.892 .691 -19.111 10.617 .765 -19.51 4.783
5 24 .691 -19.111 10.617 1.674 -18.135 9.872 .879 -17.444 10.878 1.64 -19.186 9.579
5 24 .65 -19.57 9.892 .765 -19.51 4.783 0 -19.57 9.891 1.64 -19.186 9.579
5 24 1.64 -19.186 9.579 .765 -19.51 4.783 .65 -19.57 9.892 1.744 -19.219 5.583
5 24 .691 -19.111 10.617 .879 -17.444 10.878 1.674 -18.135 9.872 0 -17.426 10.954
5 24 .879 -17.444 10.878 1.674 -17.256 10.111 1.022 -11.003 10.905 .691 -19.111 10.617
5 24 1.674 -17.256 10.111 1.674 -18.135 9.872 .691 -19.111 10.617 1.884 -18.467 5.626
5 24 .691 -19.111 10.617 0 -17.426 10.954 .879 -17.444 10.878 0 -19.111 10.637
5 24 0 -17.426 10.954 .879 -17.444 10.878 0 -11.054 11.024 .691 -19.111 10.617
5 24 0 -11.054 11.024 .879 -17.444 10.878 0 -17.426 10.954 1.022 -11.003 10.905
2 24 0 -11.054 11.024 1.022 -11.003 10.905
5 24 1.022 -11.003 10.905 .879 -17.444 10.878 0 -11.054 11.024 1.674 -17.256 10.111
5 24 1.022 -11.003 10.905 1.674 -17.256 10.111 .879 -17.444 10.878 1.864 -10.251 10.165
2 24 1.022 -11.003 10.905 1.864 -10.251 10.165
2 24 1.864 -10.251 10.165 1.674 -17.256 10.111
2 24 1.921 -8.858 13.839 1.65 -9.55 13.369
2 24 1.65 -9.55 13.369 1.576 -10.504 14.333
5 24 .846 -9.427 11.843 1.864 -10.251 10.165 1.022 -11.003 10.905 1.601 -8.583 11.728
5 24 1.022 -11.003 10.905 .846 -9.427 11.843 1.864 -10.251 10.165 0 -9.851 11.788
5 24 .846 -9.427 11.843 1.601 -8.583 11.728 1.864 -10.251 10.165 1.65 -9.55 13.369
2 24 1.601 -8.583 11.728 1.864 -10.251 10.165
5 24 0 -9.851 11.788 .846 -9.427 11.843 1.022 -11.003 10.905 .753 -9.896 13.198
5 24 1.022 -11.003 10.905 0 -9.851 11.788 .846 -9.427 11.843 0 -11.054 11.024
5 24 .866 -10.85 14.425 .753 -9.896 13.198 0 -9.956 13.176 1.576 -10.504 14.333
5 24 .753 -9.896 13.198 0 -9.956 13.176 .866 -10.85 14.425 0 -9.851 11.788
5 24 0 -9.851 11.788 .753 -9.896 13.198 .846 -9.427 11.843 0 -9.956 13.176
5 24 .753 -9.896 13.198 .846 -9.427 11.843 0 -9.851 11.788 1.65 -9.55 13.369
5 24 1.576 -10.504 14.333 .753 -9.896 13.198 .866 -10.85 14.425 1.65 -9.55 13.369
5 24 1.65 -9.55 13.369 .753 -9.896 13.198 1.576 -10.504 14.333 .846 -9.427 11.843
5 24 1.65 -9.55 13.369 .846 -9.427 11.843 .753 -9.896 13.198 1.601 -8.583 11.728
2 24 1.65 -9.55 13.369 1.601 -8.583 11.728
5 24 2.269 0 9.078 2.296 -.5 5.543 2.24 -.796 9.462 2.392 0 5.708
5 24 2.24 -.796 9.462 2.269 0 9.078 2.296 -.5 5.543 2.245 0 12.594
2 24 2.269 0 9.078 2.392 0 5.708
2 24 2.392 0 5.708 2.296 -.5 5.543
2 24 2.245 0 12.594 2.269 0 9.078
5 24 2.24 -.796 9.462 2.245 0 12.594 2.269 0 9.078 2.213 -.804 12.755
2 24 2.296 -.5 5.543 2.296 -4 5.543
5 24 2.296 -4 5.543 2.24 -.796 9.462 2.296 -.5 5.543 2.161 -2.664 10.145
5 24 2.161 -2.664 10.145 2.24 -.796 9.462 2.296 -4 5.543 2.213 -.804 12.755
5 24 2.161 -2.664 10.145 2.213 -.804 12.755 2.24 -.796 9.462 2.16 -2.974 13.595
5 24 2.088 -4.697 10.886 2.161 -2.664 10.145 2.296 -4 5.543 2.16 -2.974 13.595
5 24 2.088 -4.697 10.886 2.16 -2.974 13.595 2.161 -2.664 10.145 2.094 -5.438 13.998
2 24 2.296 -4 5.543 2.19 -5.455 5.565
5 24 2.19 -5.455 5.565 2.088 -4.697 10.886 2.296 -4 5.543 1.965 -6.732 11.536
5 24 2.19 -5.455 5.565 1.965 -6.732 11.536 2.088 -4.697 10.886 2.022 -6.765 5.598
5 24 1.965 -6.732 11.536 2.088 -4.697 10.886 2.19 -5.455 5.565 2.094 -5.438 13.998
5 24 1.601 -8.583 11.728 1.965 -6.732 11.536 2.018 -7.227 13.86 2.022 -6.765 5.598
5 24 2.022 -6.765 5.598 1.965 -6.732 11.536 1.601 -8.583 11.728 2.19 -5.455 5.565
2 24 2.19 -5.455 5.565 2.022 -6.765 5.598
5 24 2.022 -6.765 5.598 1.601 -8.583 11.728 1.864 -10.251 10.165 1.965 -6.732 11.536
5 24 2.022 -6.765 5.598 1.864 -10.251 10.165 1.601 -8.583 11.728 1.884 -18.467 5.626
5 24 1.884 -18.467 5.626 1.864 -10.251 10.165 2.022 -6.765 5.598 1.674 -17.256 10.111
2 24 2.022 -6.765 5.598 1.884 -18.467 5.626
5 24 1.884 -18.467 5.626 1.674 -17.256 10.111 1.864 -10.251 10.165 1.674 -18.135 9.872
5 24 1.601 -8.583 11.728 2.018 -7.227 13.86 1.965 -6.732 11.536 1.921 -8.858 13.839
5 24 2.018 -7.227 13.86 1.965 -6.732 11.536 1.601 -8.583 11.728 2.094 -5.438 13.998
5 24 1.601 -8.583 11.728 1.921 -8.858 13.839 2.018 -7.227 13.86 1.65 -9.55 13.369
5 24 1.965 -6.732 11.536 2.094 -5.438 13.998 2.088 -4.697 10.886 2.018 -7.227 13.86
5 24 2.094 -5.438 13.998 2.088 -4.697 10.886 1.965 -6.732 11.536 2.16 -2.974 13.595
2 24 8.796 0 -5.469 8.609 0 -11.521
2 24 3.851 0 4.692 2.392 0 5.708
5 24 2.392 0 5.708 3.666 -.5 4.628 2.296 -.5 5.543 3.851 0 4.692
5 24 3.666 -.5 4.628 2.296 -.5 5.543 2.392 0 5.708 2.296 -4 5.543
5 24 2.19 -5.455 5.565 3.726 -4.19 4.588 3.804 -5.351 4.535 2.296 -4 5.543
5 24 3.804 -5.351 4.535 2.19 -5.455 5.565 3.726 -4.19 4.588 2.022 -6.765 5.598
5 24 3.804 -5.351 4.535 2.022 -6.765 5.598 2.19 -5.455 5.565 3.989 -6.924 4.333
5 24 3.989 -6.924 4.333 2.022 -6.765 5.598 3.804 -5.351 4.535 3.752 -18.226 4.086
5 24 3.752 -18.226 4.086 2.022 -6.765 5.598 3.989 -6.924 4.333 1.884 -18.467 5.626
5 24 3.846 -18.332 -2.592 2.056 -7.082 -4.181 1.9 -18.545 -4.182 3.989 -7.15 -2.49
2 24 3.989 -7.15 -2.49 2.056 -7.082 -4.181
5 24 2.056 -7.082 -4.181 4.01 -6.519 -2.996 2.221 -6.558 -4.235 3.989 -7.15 -2.49
2 24 4.01 -6.519 -2.996 2.221 -6.558 -4.235
5 24 2.221 -6.558 -4.235 2.056 -7.082 -4.181 4.01 -6.519 -2.996 1.857 -6.237 -5.631
5 24 3.989 -7.15 -2.49 4.01 -6.519 -2.996 2.056 -7.082 -4.181 5.762 -5.85 -3.134
2 24 5.762 -5.85 -3.134 4.01 -6.519 -2.996
5 24 3.989 -7.15 -2.49 5.762 -5.85 -3.134 4.01 -6.519 -2.996 6.76 -7.174 -2.41
2 24 2.221 -6.558 -4.235 2.092 -5.973 -5.606
2 24 2.092 -5.973 -5.606 1.857 -6.237 -5.631
5 24 2.575 -23.466 -10.289 0 -23.611 -8.77 0 -23.645 -10.266 3.087 -23.489 -8.906
2 24 2.575 -23.466 -10.289 3.087 -23.489 -8.906
5 24 3.087 -23.489 -8.906 0 -23.67 -7.177 0 -23.611 -8.77 3.599 -23.558 -7.375
2 24 3.087 -23.489 -8.906 3.599 -23.558 -7.375
5 24 3.087 -23.489 -8.906 5.59 -22.19 -8.638 3.599 -23.558 -7.375 3.995 -22.447 -10.727
5 24 3.087 -23.489 -8.906 3.995 -22.447 -10.727 5.59 -22.19 -8.638 2.575 -23.466 -10.289
5 24 3.964 -5.769 -4.373 4.01 -6.519 -2.996 5.762 -5.85 -3.134 2.221 -6.558 -4.235
5 24 3.964 -5.769 -4.373 2.221 -6.558 -4.235 4.01 -6.519 -2.996 2.092 -5.973 -5.606
5 24 2.296 -4 5.543 2.161 -2.664 10.145 2.24 -.796 9.462 2.088 -4.697 10.886
5 24 .765 -19.51 4.783 1.744 -19.219 5.583 1.64 -19.186 9.579 1.652 -19.183 -7.628
5 24 1.744 -19.219 5.583 1.884 -18.467 5.626 1.64 -19.186 9.579 1.9 -18.545 -4.182
5 24 .416 -17.021 -29.145 0 -17.11 -29.169 0 -16.108 -28.91 .796 -17.459 -29.259
5 24 .796 -17.459 -29.259 1.09 -19.402 -29.627 0 -17.76 -29.337 1.226 -17.531 -29.278
5 24 2.296 -4 5.543 3.726 -4.19 4.588 2.296 -.5 5.543 2.19 -5.455 5.565
5 24 1.274 -15.193 -28.672 1.877 -14.06 -28.307 1.912 -15.592 -28.776 .62 -15.555 -28.764
5 24 .62 -15.555 -28.764 0 -13.929 -28.297 1.877 -14.06 -28.307 0 -16.108 -28.91
5 24 7.266 -4.785 5.491 3.726 -4.19 4.588 3.804 -5.351 4.535 7.524 -2.419 5.178
5 24 3.047 -15.049 -28.555 1.912 -15.592 -28.776 3.285 -16.282 -28.892 1.877 -14.06 -28.307
5 24 0 -19.564 -7.837 .807 -19.559 -7.873 .83 -18.597 -8.521 0 -19.51 4.794
5 24 2.094 -17.003 -29.141 3.044 -17.481 -29.148 1.666 -17.433 -29.253 3.285 -16.282 -28.892
5 24 0 -19.564 -7.837 .83 -18.597 -8.521 .807 -19.559 -7.873 0 -18.581 -8.559
5 24 1.9 -18.545 -4.182 1.632 -18.662 -8.142 1.652 -19.183 -7.628 1.634 -17.356 -8.168
5 24 4.243 -1.931 -4.243 5.269 -1.893 -3.818 4.243 -.5 -4.243 5.55 -4.151 -3.428
5 24 0 -19.51 4.794 .765 -19.51 4.783 .807 -19.559 -7.873 0 -19.57 9.891
5 24 1.632 -18.662 -8.142 .83 -18.597 -8.521 .807 -19.559 -7.873 1.634 -17.356 -8.168
