0 ~Animal Monkey Friends without Patternable Areas
0 Name: s\14736s01.dat
0 Author: Philippe Hurbain [Philo]
0 !LDRAW_ORG Subpart UPDATE 2026-03
0 !LICENSE Licensed under CC BY 4.0 : see CAreadme.txt

0 BFC CERTIFY CCW

0 !HISTORY 2026-03-31 [OrionP] Official Update 2026-03

1 16 0 -21.6 11.1 2 0 0 0 0 -2 0 -1 0 4-4edge.dat
1 16 0 -21.6 17.5 2 0 0 0 1 -2 0 0 -0.6 4-4edge.dat
1 16 0 -21.6 11.1 2 0 0 0 0 -2 0 -1 0 4-4disc.dat
0 BFC INVERTNEXT
1 16 0 -21.6 11.1 2 0 0 0 0 -2 0 5.8 0 4-4cyli.dat
0 BFC INVERTNEXT
1 16 0 -21.6 16.9 0 0 -2 -2 0 0 0 0.6 0 4-4cyls.dat

1 16 0 0 0 1 0 0 0 1 0 0 0 1 s\14736s03.dat
1 16 0 0 0 -1 0 0 0 1 0 0 0 1 s\14736s03.dat
3 16 10.9 -35.1 2.7 9.4 -34.7 1.1 9.3 -34 2
3 16 10.9 -35.1 2.7 11 -35.8 2.2 9.4 -34.7 1.1
3 16 12.5 -36.5 3 11 -35.8 2.2 10.9 -35.1 2.7
3 16 12.5 -36.5 3 12.2 -36.8 2.6 11 -35.8 2.2
3 16 9.5 -33.8 3.2 10.9 -35.1 2.7 9.3 -34 2
3 16 9.5 -33.8 3.2 11.1 -34.7 3.6 10.9 -35.1 2.7
3 16 12.7 -36.2 3.7 10.9 -35.1 2.7 11.1 -34.7 3.6
3 16 12.7 -36.2 3.7 12.5 -36.5 3 10.9 -35.1 2.7
3 16 14 -37.7 4 12.5 -36.5 3 12.7 -36.2 3.7
3 16 14 -37.7 4 13.7 -38 3 12.5 -36.5 3
3 16 13.7 -38 3 14 -37.7 4 14.9 -39.4 3.9
3 16 13.7 -38 3 14.9 -39.4 3.9 14.5 -39.4 2.9
3 16 13.7 -38 3 14.5 -39.4 2.9 13.8 -39.6 2.5
3 16 13.7 -38 3 13.8 -39.6 2.5 12.9 -37.9 2.6
3 16 12.5 -36.5 3 12.9 -37.9 2.6 12.2 -36.8 2.6
3 16 12.5 -36.5 3 13.7 -38 3 12.9 -37.9 2.6
3 16 14.5 -39.4 2.9 14.2 -41.2 2 13.8 -39.6 2.5
3 16 14.5 -39.4 2.9 15 -41.3 2.4 14.2 -41.2 2
3 16 14.6 -42.9 1.4 14.2 -41.2 2 15 -41.3 2.4
3 16 14.6 -42.9 1.4 14 -42.7 1.3 14.2 -41.2 2
3 16 13.5 -44 0.4 14 -42.7 1.3 14.6 -42.9 1.4
3 16 13.5 -44 0.4 13.3 -43.6 0.5 14 -42.7 1.3
3 16 13.5 -44 0.4 11.9 -43.7 0.1 13.3 -43.6 0.5
3 16 13.5 -44 0.4 11.8 -44.3 -0.3 11.9 -43.7 0.1
3 16 11.8 -44.3 -0.3 9.9 -43.5 -0.6 11.9 -43.7 0.1
3 16 11.8 -44.3 -0.3 9.6 -44.1 -1.1 9.9 -43.5 -0.6
3 16 14.5 -39.4 2.9 15.5 -41.5 3.4 15 -41.3 2.4
3 16 14.5 -39.4 2.9 14.9 -39.4 3.9 15.5 -41.5 3.4
3 16 15 -43.2 1.8 15 -41.3 2.4 15.5 -41.5 3.4
3 16 15 -43.2 1.8 14.6 -42.9 1.4 15 -41.3 2.4
3 16 14.6 -42.9 1.4 13.8 -44.4 0.5 13.5 -44 0.4
3 16 14.6 -42.9 1.4 15 -43.2 1.8 13.8 -44.4 0.5
4 16 13.8 -44.4 0.5 11.9 -44.9 -0.3 11.8 -44.3 -0.3 13.5 -44 0.4
3 16 9.6 -44.1 -1.1 11.8 -44.3 -0.3 11.9 -44.9 -0.3
3 16 11.9 -44.9 -0.3 9.4 -44.8 -1 9.6 -44.1 -1.1
3 16 9.7 -45.4 -0.2 9.4 -44.8 -1 11.9 -44.9 -0.3
3 16 9.7 -45.4 -0.2 11.9 -44.9 -0.3 12.1 -45.4 0.2
3 16 12.1 -45.4 0.2 11.9 -44.9 -0.3 13.8 -44.4 0.5
3 16 12.1 -45.4 0.2 10.2 -45.8 0.6 9.7 -45.4 -0.2
3 16 12.1 -45.4 0.2 12.3 -45.7 0.9 10.2 -45.8 0.6
3 16 12.3 -45.7 0.9 12.1 -45.4 0.2 13.8 -44.9 1
3 16 12.1 -45.4 0.2 13.8 -44.4 0.5 13.8 -44.9 1
3 16 13.8 -44.9 1 13.8 -44.4 0.5 15 -43.2 1.8
3 16 12.3 -45.7 0.9 13.8 -44.9 1 13.9 -45.2 1.7
3 16 13.9 -45.2 1.7 13.8 -44.9 1 15.1 -43.4 2.3
3 16 13.8 -44.9 1 15 -43.2 1.8 15.1 -43.4 2.3
3 16 15.1 -43.4 2.3 15 -43.2 1.8 15.5 -41.5 3.4
3 16 13.9 -45.2 1.7 15.1 -43.4 2.3 15.1 -43.7 2.7
3 16 15.1 -43.7 2.7 15.1 -43.4 2.3 15.5 -41.5 3.4
3 16 10.7 -41.3 1.6 12.3 -42.6 1.2 10.3 -42.8 0.3
3 16 10.7 -41.3 1.6 12.3 -41.3 2 12.3 -42.6 1.2
3 16 10.3 -42.8 0.3 12.3 -42.6 1.2 11.9 -43.7 0.1
3 16 10.3 -42.8 0.3 11.9 -43.7 0.1 9.9 -43.5 -0.6
3 16 12.3 -42.6 1.2 13.3 -43.6 0.5 11.9 -43.7 0.1
3 16 12.3 -42.6 1.2 14 -42.7 1.3 13.3 -43.6 0.5
3 16 14 -42.7 1.3 12.3 -42.6 1.2 12.3 -41.3 2
3 16 10.8 -39.6 2.2 12.3 -41.3 2 10.7 -41.3 1.6
3 16 10.8 -39.6 2.2 12.2 -39.5 2.5 12.3 -41.3 2
3 16 11.7 -37.6 2.3 12.2 -39.5 2.5 10.8 -39.6 2.2
3 16 11.7 -37.6 2.3 10.8 -39.6 2.2 10.4 -37.3 1.6
3 16 10.4 -37.3 1.6 11 -35.8 2.2 11.7 -37.6 2.3
3 16 10.4 -37.3 1.6 9.4 -34.7 1.1 11 -35.8 2.2
3 16 12.9 -37.9 2.6 12.2 -39.5 2.5 11.7 -37.6 2.3
3 16 12.9 -37.9 2.6 13.8 -39.6 2.5 12.2 -39.5 2.5
3 16 12.3 -41.3 2 12.2 -39.5 2.5 13.8 -39.6 2.5
3 16 12.2 -36.8 2.6 11.7 -37.6 2.3 11 -35.8 2.2
3 16 12.2 -36.8 2.6 12.9 -37.9 2.6 11.7 -37.6 2.3
3 16 14 -42.7 1.3 12.3 -41.3 2 14.2 -41.2 2
3 16 12.3 -41.3 2 13.8 -39.6 2.5 14.2 -41.2 2
3 16 -11.2 -36 2.1 -10.9 -37.7 1.7 -12.1 -37.9 2.3
3 16 -11.2 -36 2.1 -10.3 -35.8 1.5 -10.9 -37.7 1.7
3 16 -11.1 -39.4 1.9 -12.1 -37.9 2.3 -10.9 -37.7 1.7
3 16 -11.1 -39.4 1.9 -12.4 -39.6 2.3 -12.1 -37.9 2.3
3 16 -11.2 -41.3 1.5 -12.4 -39.6 2.3 -11.1 -39.4 1.9
3 16 -11.2 -41.3 1.5 -12.4 -41.6 1.7 -12.4 -39.6 2.3
4 16 -12.1 -43 0.8 -12.4 -41.6 1.7 -11.2 -41.3 1.5 -11 -42.6 0.7
3 16 -11.5 -44.5 -0.3 -12.1 -43 0.8 -11 -42.6 0.7
3 16 -11.5 -44.5 -0.3 -11 -42.6 0.7 -10.5 -44.1 -0.6
3 16 -12.8 -44.3 0.2 -12.1 -43 0.8 -11.5 -44.5 -0.3
3 16 -12.8 -44.3 0.2 -13.9 -43.4 0.8 -12.1 -43 0.8
3 16 -12.4 -41.6 1.7 -12.1 -43 0.8 -13.9 -43.4 0.8
3 16 -12.4 -41.6 1.7 -13.9 -43.4 0.8 -14.4 -42.1 1.5
3 16 -12.4 -41.6 1.7 -14.2 -40.3 2.2 -12.4 -39.6 2.3
3 16 -12.4 -41.6 1.7 -14.4 -42.1 1.5 -14.2 -40.3 2.2
3 16 -12.4 -39.6 2.3 -13.3 -38.2 2.6 -12.1 -37.9 2.3
3 16 -12.4 -39.6 2.3 -14.2 -40.3 2.2 -13.3 -38.2 2.6
3 16 -12.5 -36.8 2.7 -12.1 -37.9 2.3 -13.3 -38.2 2.6
3 16 -12.5 -36.8 2.7 -11.2 -36 2.1 -12.1 -37.9 2.3
4 16 -13.2 -44.7 0.2 -11.6 -45 -0.3 -10.2 -45.5 -0.6 -11.5 -45.6 0
3 16 -11.6 -45 -0.3 -10.4 -44.8 -0.8 -10.2 -45.5 -0.6
3 16 -11.5 -45.6 0 -13.3 -45.1 0.5 -13.2 -44.7 0.2
4 16 -13.2 -44.7 0.2 -13.3 -45.1 0.5 -14.6 -43.8 1.2 -14.4 -43.6 0.9
3 16 -14.6 -43.8 1.2 -14.9 -42 1.9 -14.4 -43.6 0.9
3 16 -14.6 -43.8 1.2 -15.2 -42.1 2.4 -14.9 -42 1.9
3 16 -14.7 -40.1 2.6 -14.9 -42 1.9 -15.2 -42.1 2.4
3 16 -14.7 -40.1 2.6 -15.2 -42.1 2.4 -14.9 -40 3.1
3 16 -14.9 -40 3.1 -13.6 -38 2.9 -14.7 -40.1 2.6
3 16 -14.9 -40 3.1 -13.9 -37.8 3.4 -13.6 -38 2.9
3 16 -13.9 -37.8 3.4 -12.7 -36.5 3.1 -13.6 -38 2.9
3 16 -13.9 -37.8 3.4 -12.7 -36.3 3.5 -12.7 -36.5 3.1
3 16 -11.4 -35.5 2.7 -12.7 -36.5 3.1 -12.7 -36.3 3.5
3 16 -11.4 -35.5 2.7 -12.7 -36.3 3.5 -11.4 -35.1 3.4
3 16 -11.4 -35.5 2.7 -11.4 -35.1 3.4 -10 -34.3 3
3 16 -11.4 -35.5 2.7 -10 -34.3 3 -10 -34.6 2.1
3 16 -10.3 -35.8 1.5 -11.4 -35.5 2.7 -10 -34.6 2.1
3 16 -10.3 -35.8 1.5 -11.2 -36 2.1 -11.4 -35.5 2.7
3 16 -11.4 -35.5 2.7 -12.5 -36.8 2.7 -12.7 -36.5 3.1
3 16 -11.4 -35.5 2.7 -11.2 -36 2.1 -12.5 -36.8 2.7
3 16 -13.6 -38 2.9 -12.7 -36.5 3.1 -12.5 -36.8 2.7
3 16 -13.6 -38 2.9 -12.5 -36.8 2.7 -13.3 -38.2 2.6
3 16 -14.7 -40.1 2.6 -13.6 -38 2.9 -13.3 -38.2 2.6
3 16 -14.7 -40.1 2.6 -13.3 -38.2 2.6 -14.2 -40.3 2.2
3 16 -14.2 -40.3 2.2 -14.9 -42 1.9 -14.7 -40.1 2.6
3 16 -14.2 -40.3 2.2 -14.4 -42.1 1.5 -14.9 -42 1.9
3 16 -14.4 -43.6 0.9 -14.9 -42 1.9 -14.4 -42.1 1.5
3 16 -14.4 -43.6 0.9 -14.4 -42.1 1.5 -13.9 -43.4 0.8
3 16 -13.2 -44.7 0.2 -14.4 -43.6 0.9 -13.9 -43.4 0.8
3 16 -13.2 -44.7 0.2 -13.9 -43.4 0.8 -12.8 -44.3 0.2
3 16 -11.6 -45 -0.3 -13.2 -44.7 0.2 -12.8 -44.3 0.2
3 16 -11.6 -45 -0.3 -12.8 -44.3 0.2 -11.5 -44.5 -0.3
3 16 -11.5 -44.5 -0.3 -10.4 -44.8 -0.8 -11.6 -45 -0.3
3 16 -11.5 -44.5 -0.3 -10.5 -44.1 -0.6 -10.4 -44.8 -0.8
3 16 -10.4 -45.5 1.4 -11.5 -45.6 0 -10.2 -45.5 -0.6
3 16 -10.4 -45.5 1.4 -11.7 -45.5 1.5 -11.5 -45.6 0
3 16 -11.7 -45.5 1.5 -13.3 -45.1 0.5 -11.5 -45.6 0
3 16 -11.7 -45.5 1.5 -13.3 -45 1.8 -13.3 -45.1 0.5
3 16 -14.6 -43.8 1.2 -13.3 -45.1 0.5 -13.3 -45 1.8
3 16 -14.6 -43.8 1.2 -13.3 -45 1.8 -14.6 -43.9 2.3
3 16 -14.6 -43.9 2.3 -15.2 -42.1 2.4 -14.6 -43.8 1.2
3 16 -14.6 -43.9 2.3 -15.3 -42.2 2.9 -15.2 -42.1 2.4
3 16 -15 -40.2 3.4 -15.2 -42.1 2.4 -15.3 -42.2 2.9
3 16 -15 -40.2 3.4 -14.9 -40 3.1 -15.2 -42.1 2.4
3 16 -14 -37.8 3.8 -14.9 -40 3.1 -15 -40.2 3.4
3 16 -14 -37.8 3.8 -13.9 -37.8 3.4 -14.9 -40 3.1
3 16 -12.8 -36.2 3.9 -13.9 -37.8 3.4 -14 -37.8 3.8
3 16 -12.8 -36.2 3.9 -12.7 -36.3 3.5 -13.9 -37.8 3.4
3 16 -11.4 -35 4 -12.7 -36.3 3.5 -12.8 -36.2 3.9
3 16 -11.4 -35 4 -11.4 -35.1 3.4 -12.7 -36.3 3.5
3 16 -10.2 -34.3 4 -11.4 -35.1 3.4 -11.4 -35 4
3 16 -10.2 -34.3 4 -10 -34.3 3 -11.4 -35.1 3.4
3 16 -14.6 -43.9 2.3 -13.3 -45 1.8 -13.2 -44.5 3.4
3 16 -12 -44.7 3.3 -13.2 -44.5 3.4 -13.3 -45 1.8
3 16 -14.6 -43.9 2.3 -13.2 -44.5 3.4 -14.3 -43.8 3.4
3 16 -14.3 -43.8 3.4 -15.3 -42.2 2.9 -14.6 -43.9 2.3
3 16 -14.3 -43.8 3.4 -15 -42.3 3.5 -15.3 -42.2 2.9
3 16 -15 -40.2 3.4 -15.3 -42.2 2.9 -15 -42.3 3.5
3 16 -15 -40.2 3.4 -15 -42.3 3.5 -15 -40.2 3.8
3 16 -14 -37.8 3.8 -15 -40.2 3.4 -15 -40.2 3.8
3 16 -14 -37.8 3.8 -15 -40.2 3.8 -13.9 -37.9 4.3
4 16 -13.9 -37.9 4.3 -12.8 -36.5 4.5 -12.8 -36.2 3.9 -14 -37.8 3.8
3 16 -11.4 -35.3 4.7 -12.8 -36.2 3.9 -12.8 -36.5 4.5
3 16 -11.4 -35.3 4.7 -11.4 -35 4 -12.8 -36.2 3.9
3 16 -11.4 -35 4 -10.3 -34.9 5 -10.2 -34.3 4
3 16 -11.4 -35 4 -11.4 -35.3 4.7 -10.3 -34.9 5
3 16 -13.3 -38.6 5.2 -13.9 -37.9 4.3 -15 -40.2 3.8
3 16 -13.3 -38.6 5.2 -15 -40.2 3.8 -14.1 -40.6 4.8
3 16 -14.1 -40.6 4.8 -15 -40.2 3.8 -15 -42.3 3.5
3 16 -12.1 -39.2 6.1 -13.3 -38.6 5.2 -14.1 -40.6 4.8
3 16 -12.1 -39.2 6.1 -14.1 -40.6 4.8 -12.5 -41.2 5.7
3 16 -12.5 -41.2 5.7 -10.9 -39.8 6.6 -12.1 -39.2 6.1
3 16 -12.5 -41.2 5.7 -10.8 -41.7 6.1 -10.9 -39.8 6.6
3 16 -10.8 -41.7 6.1 -12.5 -41.2 5.7 -12.4 -43.2 4.8
3 16 -13.2 -44.5 3.4 -12 -44.7 3.3 -12.4 -43.2 4.8
3 16 -10.8 -43.6 4.7 -12.4 -43.2 4.8 -12 -44.7 3.3
3 16 -10.8 -41.7 6.1 -12.4 -43.2 4.8 -10.8 -43.6 4.7
3 16 -10.8 -43.6 4.7 -12 -44.7 3.3 -10.6 -44.9 3.2
3 16 -10.6 -44.9 3.2 -12 -44.7 3.3 -11.7 -45.5 1.5
3 16 -10.6 -44.9 3.2 -11.7 -45.5 1.5 -10.4 -45.5 1.4
3 16 -12 -44.7 3.3 -13.3 -45 1.8 -11.7 -45.5 1.5
3 16 -12.5 -41.2 5.7 -14 -42.5 4.4 -12.4 -43.2 4.8
3 16 -12.5 -41.2 5.7 -14.1 -40.6 4.8 -14 -42.5 4.4
3 16 -13.2 -44.5 3.4 -12.4 -43.2 4.8 -14 -42.5 4.4
3 16 -14.3 -43.8 3.4 -13.2 -44.5 3.4 -14 -42.5 4.4
3 16 -14.3 -43.8 3.4 -14 -42.5 4.4 -15 -42.3 3.5
3 16 -14.1 -40.6 4.8 -15 -42.3 3.5 -14 -42.5 4.4
4 16 -11.9 -38.1 6.1 -12.1 -39.2 6.1 -10.9 -39.8 6.6 -10.8 -38 6.5
3 16 -13.3 -38.6 5.2 -12.1 -39.2 6.1 -11.9 -38.1 6.1
3 16 -13.3 -38.6 5.2 -11.9 -38.1 6.1 -12.6 -37.4 5.4
3 16 -12.6 -37.4 5.4 -13.9 -37.9 4.3 -13.3 -38.6 5.2
3 16 -12.6 -37.4 5.4 -12.8 -36.5 4.5 -13.9 -37.9 4.3
3 16 -11.4 -36.4 5.7 -12.8 -36.5 4.5 -12.6 -37.4 5.4
3 16 -11.4 -36.4 5.7 -11.9 -38.1 6.1 -10.8 -38 6.5
3 16 -11.9 -38.1 6.1 -11.4 -36.4 5.7 -12.6 -37.4 5.4
3 16 -11.4 -36.4 5.7 -11.4 -35.3 4.7 -12.8 -36.5 4.5
3 16 -11.4 -35.3 4.7 -11.4 -36.4 5.7 -10.6 -36.2 5.9
3 16 -11.4 -36.4 5.7 -10.8 -38 6.5 -10.6 -36.2 5.9
3 16 -11.4 -35.3 4.7 -10.6 -36.2 5.9 -10.3 -34.9 5
3 16 6.3 -30.4 0 3.5 -27.9 1.4 5.9 -29.1 3.5
3 16 8.9 -44.1 -2.1 9.4 -44.8 -1 8.9 -45.5 -1.5
3 16 8.9 -44.1 -2.1 9.6 -44.1 -1.1 9.4 -44.8 -1
3 16 9.5 -42.8 -1.3 9.6 -44.1 -1.1 8.9 -44.1 -2.1
3 16 9.5 -42.8 -1.3 9.9 -43.5 -0.6 9.6 -44.1 -1.1
3 16 10.3 -42.8 0.3 9.9 -43.5 -0.6 9.5 -42.8 -1.3
3 16 10.3 -42.8 0.3 9.5 -42.8 -1.3 10.2 -39.6 0
3 16 10.4 -37.3 1.6 10.2 -39.6 0 9.7 -37 -0.3
3 16 9.4 -34.7 1.1 9.7 -37 -0.3 9.2 -35.2 -0.4
3 16 9.4 -34.7 1.1 10.4 -37.3 1.6 9.7 -37 -0.3
3 16 9.2 -35.2 -0.4 8 -32.7 -0.3 9.4 -34.7 1.1
3 16 9.4 -34.7 1.1 8 -32.7 -0.3 9.3 -34 2
3 16 8.1 -31.5 3.5 9.3 -34 2 8 -32.7 -0.3
3 16 8.1 -31.5 3.5 8 -32.7 -0.3 6.3 -30.4 0
3 16 8.1 -31.5 3.5 9.5 -33.8 3.2 9.3 -34 2
3 16 8.1 -31.5 3.5 6.3 -30.4 0 5.9 -29.1 3.5
3 16 10.4 -37.3 1.6 10.8 -39.6 2.2 10.2 -39.6 0
3 16 10.7 -41.3 1.6 10.2 -39.6 0 10.8 -39.6 2.2
3 16 10.7 -41.3 1.6 10.3 -42.8 0.3 10.2 -39.6 0
3 16 -10.9 -37.7 1.7 -9.7 -37 -0.3 -10.2 -39.6 0
3 16 -10.2 -39.6 0 -11.2 -41.3 1.5 -11.1 -39.4 1.9
3 16 -10.2 -39.6 0 -9.5 -42.8 -1.3 -10.5 -44.1 -0.6
3 16 -11 -42.6 0.7 -11.2 -41.3 1.5 -10.2 -39.6 0
3 16 -10.5 -44.1 -0.6 -11 -42.6 0.7 -10.2 -39.6 0
3 16 -10.3 -35.8 1.5 -9.7 -37 -0.3 -10.9 -37.7 1.7
3 16 -10.3 -35.8 1.5 -9.2 -35.2 -0.4 -9.7 -37 -0.3
3 16 -10.4 -44.8 -0.8 -10.5 -44.1 -0.6 -9.5 -42.8 -1.3
3 16 -8.4 -48.5 1 -10.2 -45.5 -0.6 -7.8 -47.9 -0.8
3 16 -8.4 -48.5 1 -7.8 -47.9 -0.8 -4.6 -50 -1.6
3 16 -8.4 -48.5 1 -10.4 -45.5 1.4 -10.2 -45.5 -0.6
3 16 -8.4 -48.5 1 -4.6 -50 -1.6 -4.8 -51.2 0.5
3 16 -4.8 -51.2 0.5 -4.6 -50 -1.6 0 -50.8 -2.3
3 16 -4.8 -51.2 0.5 0 -50.8 -2.3 0 -51.9 0.4
3 16 0 -51.9 0.4 0 -50.8 -2.3 4.6 -50 -1.6
3 16 0 -51.9 0.4 4.6 -50 -1.6 4.7 -50.7 0.6
3 16 4.7 -50.7 0.6 4.6 -50 -1.6 7.8 -47.9 -0.8
3 16 4.7 -50.7 0.6 7.8 -47.9 -0.8 8.1 -48.6 0.9
3 16 7.8 -47.9 -0.8 9.4 -46.7 0.8 8.1 -48.6 0.9
3 16 7.8 -47.9 -0.8 9.1 -46.3 -0.3 9.4 -46.7 0.8
3 16 8.9 -45.5 -1.5 9.1 -46.3 -0.3 7.8 -47.9 -0.8
3 16 9.7 -45.4 -0.2 9.1 -46.3 -0.3 8.9 -45.5 -1.5
3 16 9.7 -45.4 -0.2 8.9 -45.5 -1.5 9.4 -44.8 -1
3 16 9.1 -46.3 -0.3 10.2 -45.8 0.6 9.4 -46.7 0.8
3 16 9.1 -46.3 -0.3 9.7 -45.4 -0.2 10.2 -45.8 0.6
3 16 3.7 -51.5 3.6 0 -51.9 0.4 4.7 -50.7 0.6
3 16 3.7 -51.5 3.6 -0.1 -52.1 3.4 0 -51.9 0.4
3 16 -4.8 -51.2 0.5 0 -51.9 0.4 -0.1 -52.1 3.4
3 16 -4.8 -51.2 0.5 -0.1 -52.1 3.4 -4.7 -51.1 3.3
3 16 -8.4 -48.5 1 -4.8 -51.2 0.5 -4.7 -51.1 3.3
3 16 -8.4 -48.5 1 -4.7 -51.1 3.3 -8.3 -48.2 3.3
4 16 -8.4 -48.5 1 -8.3 -48.2 3.3 -10.6 -44.9 3.2 -10.4 -45.5 1.4
3 16 -0.1 -52.1 3.4 -4.4 -49.7 7.2 -4.7 -51.1 3.3
3 16 -8.3 -48.2 3.3 -4.7 -51.1 3.3 -4.4 -49.7 7.2
3 16 -0.1 -52.1 3.4 0.1 -50.9 7.3 -4.4 -49.7 7.2
4 16 -0.1 -52.1 3.4 3.7 -51.5 3.6 5.7 -50.9 4.6 0.1 -50.9 7.3
3 16 -8.3 -48.2 3.3 -4.4 -49.7 7.2 -8.4 -46.8 6.2
3 16 -8.4 -46.8 6.2 -10.6 -44.9 3.2 -8.3 -48.2 3.3
3 16 -8.4 -46.8 6.2 -10.8 -43.6 4.7 -10.6 -44.9 3.2
3 16 -10.8 -43.6 4.7 -8.4 -46.8 6.2 -8.2 -44.3 8.7
3 16 -10.8 -43.6 4.7 -8.2 -44.3 8.7 -10.8 -41.7 6.1
4 16 -8.2 -44.3 8.7 -8 -41.1 10.1 -10.9 -39.8 6.6 -10.8 -41.7 6.1
3 16 -8.4 -37.4 9.9 -10.9 -39.8 6.6 -8 -41.1 10.1
3 16 -8.4 -37.4 9.9 -10.8 -38 6.5 -10.9 -39.8 6.6
3 16 -10.6 -36.2 5.9 -10.8 -38 6.5 -8.4 -37.4 9.9
3 16 -10.6 -36.2 5.9 -8.4 -37.4 9.9 -8.1 -33.7 8.8
3 16 -8.7 -32.2 5.6 -10.6 -36.2 5.9 -8.1 -33.7 8.8
3 16 -8.7 -32.2 5.6 -10.3 -34.9 5 -10.6 -36.2 5.9
3 16 -10.2 -34.3 4 -10.3 -34.9 5 -8.7 -32.2 5.6
4 16 -7.3 -29.9 4.6 -8.7 -32 4.1 -10.2 -34.3 4 -8.7 -32.2 5.6
3 16 -8.7 -32 4.1 -10 -34.3 3 -10.2 -34.3 4
3 16 -8.7 -32 4.1 -8.5 -32.2 2.2 -10 -34.3 3
3 16 -8.5 -32.2 2.2 -10 -34.6 2.1 -10 -34.3 3
3 16 -8.5 -32.2 2.2 -8 -32.7 -0.3 -10 -34.6 2.1
3 16 -9.2 -35.2 -0.4 -10 -34.6 2.1 -8 -32.7 -0.3
3 16 -9.2 -35.2 -0.4 -10.3 -35.8 1.5 -10 -34.6 2.1
3 16 -7.3 -29.9 4.6 -8.5 -32.2 2.2 -8.7 -32 4.1
3 16 -7.3 -29.9 4.6 -5.7 -28.5 3.1 -8.5 -32.2 2.2
3 16 -7.3 -29.9 4.6 -8.7 -32.2 5.6 -7.1 -29.8 6.6
3 16 -8.1 -33.7 8.8 -7.1 -29.8 6.6 -8.7 -32.2 5.6
3 16 -6.3 -30.4 0 -8.5 -32.2 2.2 -5.7 -28.5 3.1
3 16 -6.3 -30.4 0 -8 -32.7 -0.3 -8.5 -32.2 2.2
3 16 -3.5 -27.9 1.4 -6.3 -30.4 0 -5.7 -28.5 3.1
3 16 -8.1 -33.7 8.8 -5.9 -30.4 9.1 -7.1 -29.8 6.6
3 16 -5.9 -30.4 9.1 -8.1 -33.7 8.8 -4.1 -33.8 11.6
3 16 -5.9 -30.4 9.1 -4.1 -33.8 11.6 -3.5 -31 10.9
3 16 -0.6 -31.2 11.9 -3.5 -31 10.9 -4.1 -33.8 11.6
3 16 -0.6 -31.2 11.9 -4.1 -33.8 11.6 -0.1 -33.9 12.5
3 16 -4.3 -37.8 12.5 -0.1 -33.9 12.5 -4.1 -33.8 11.6
3 16 -4.3 -37.8 12.5 0.1 -37.8 13.1 -0.1 -33.9 12.5
3 16 2.1 -31.1 11.6 -0.6 -31.2 11.9 -0.1 -33.9 12.5
3 16 2.1 -31.1 11.6 -0.1 -33.9 12.5 4.2 -32.8 11.4
3 16 4.4 -37.5 12.3 -0.1 -33.9 12.5 0.1 -37.8 13.1
3 16 4.4 -37.5 12.3 4.2 -32.8 11.4 -0.1 -33.9 12.5
3 16 4.4 -37.5 12.3 0.1 -37.8 13.1 0.4 -42.9 12.8
3 16 0.4 -42.9 12.8 4.8 -42.3 11.8 4.4 -37.5 12.3
4 16 0.4 -42.9 12.8 0.1 -37.8 13.1 -4.3 -37.8 12.5 -4.1 -42.4 12.2
4 16 0.3 -47.7 10.7 0.4 -42.9 12.8 -4.1 -42.4 12.2 -4 -47 10.2
4 16 0.1 -50.9 7.3 0.3 -47.7 10.7 -4 -47 10.2 -4.4 -49.7 7.2
3 16 -8.4 -46.8 6.2 -4.4 -49.7 7.2 -4 -47 10.2
3 16 -8.4 -46.8 6.2 -4 -47 10.2 -8.2 -44.3 8.7
3 16 -4.1 -42.4 12.2 -8.2 -44.3 8.7 -4 -47 10.2
3 16 4.5 -50.2 6.6 0.3 -47.7 10.7 0.1 -50.9 7.3
4 16 7.1 -48.2 7.6 4.9 -46.7 9.9 0.3 -47.7 10.7 4.5 -50.2 6.6
3 16 0.4 -42.9 12.8 4.9 -46.7 9.9 4.8 -42.3 11.8
3 16 0.4 -42.9 12.8 0.3 -47.7 10.7 4.9 -46.7 9.9
3 16 4.5 -50.2 6.6 6.4 -49.8 6.5 7.1 -48.2 7.6
3 16 4.5 -50.2 6.6 5.7 -50.9 4.6 6.4 -49.8 6.5
3 16 5.7 -50.9 4.6 4.5 -50.2 6.6 0.1 -50.9 7.3
3 16 5.7 -50.9 4.6 3.7 -51.5 3.6 6 -50.8 2.3
3 16 4.7 -50.7 0.6 6 -50.8 2.3 3.7 -51.5 3.6
3 16 4.7 -50.7 0.6 8.1 -48.6 0.9 6 -50.8 2.3
3 16 -4.1 -42.4 12.2 -8 -41.1 10.1 -8.2 -44.3 8.7
3 16 -8 -41.1 10.1 -4.1 -42.4 12.2 -4.3 -37.8 12.5
3 16 -8 -41.1 10.1 -4.3 -37.8 12.5 -8.4 -37.4 9.9
3 16 -8.4 -37.4 9.9 -4.3 -37.8 12.5 -4.1 -33.8 11.6
3 16 -8.4 -37.4 9.9 -4.1 -33.8 11.6 -8.1 -33.7 8.8
3 16 7.9 -46.6 8.3 4.9 -46.7 9.9 7.1 -48.2 7.6
4 16 7.9 -46.6 8.3 8.6 -44.5 8.8 4.8 -42.3 11.8 4.9 -46.7 9.9
3 16 8.6 -44.5 8.8 9.1 -41.2 9.6 4.8 -42.3 11.8
4 16 9.1 -41.2 9.6 7.8 -37.5 10.5 4.4 -37.5 12.3 4.8 -42.3 11.8
3 16 5.8 -34.6 11.2 4.4 -37.5 12.3 7.8 -37.5 10.5
3 16 5.8 -34.6 11.2 4.2 -32.8 11.4 4.4 -37.5 12.3
3 16 7.7 -24.6 4.7 9.3 -26.4 5.5 8.4 -28.8 4.3
3 16 8.4 -28.8 4.3 6.3 -26.5 3.9 7.7 -24.6 4.7
3 16 5.9 -29.1 3.5 6.3 -26.5 3.9 8.4 -28.8 4.3
3 16 5.9 -29.1 3.5 8.4 -28.8 4.3 8.1 -31.5 3.5
3 16 9.8 -23.5 6.4 9.3 -26.4 5.5 7.7 -24.6 4.7
3 16 9.8 -23.5 6.4 10.1 -24.4 7.6 10.9 -28 7.7
3 16 9.5 -33.8 3.2 9.9 -32 4 11.1 -34.7 3.6
3 16 9.5 -33.8 3.2 8.1 -31.5 3.5 9.9 -32 4
3 16 12.7 -33.7 5.3 11.1 -34.7 3.6 9.9 -32 4
4 16 9.5 -30 4.5 11.6 -31.2 5.5 12.7 -33.7 5.3 9.9 -32 4
3 16 13 -33 7.2 12.7 -33.7 5.3 11.6 -31.2 5.5
4 16 10.6 -28.9 5.8 12 -30.8 7.4 13 -33 7.2 11.6 -31.2 5.5
3 16 8.1 -31.5 3.5 9.5 -30 4.5 9.9 -32 4
3 16 8.1 -31.5 3.5 8.4 -28.8 4.3 9.5 -30 4.5
3 16 11.6 -31.2 5.5 9.5 -30 4.5 10.6 -28.9 5.8
3 16 9.5 -30 4.5 8.4 -28.8 4.3 9.3 -26.4 5.5
3 16 9.3 -26.4 5.5 10.6 -28.9 5.8 9.5 -30 4.5
3 16 12 -30.8 7.4 10.6 -28.9 5.8 10.9 -28 7.7
3 16 10.9 -28 7.7 10.6 -28.9 5.8 9.3 -26.4 5.5
3 16 10.9 -28 7.7 9.3 -26.4 5.5 9.8 -23.5 6.4
4 16 12 -30.8 7.4 11.5 -31.5 9.3 12.6 -33.8 8.9 13 -33 7.2
3 16 10.3 -29 9.9 12 -30.8 7.4 10.9 -28 7.7
3 16 10.3 -29 9.9 11.5 -31.5 9.3 12 -30.8 7.4
3 16 10.9 -28 7.7 10.1 -24.4 7.6 9.6 -24 9.2
3 16 10.3 -29 9.9 10.9 -28 7.7 9 -25.7 10.4
3 16 9.6 -24 9.2 9 -25.7 10.4 10.9 -28 7.7
3 16 8.6 -22.7 10.8 9 -25.7 10.4 9.6 -24 9.2
3 16 8.6 -22.7 10.8 7.4 -23.9 11.7 9 -25.7 10.4
3 16 8 -26.9 11.6 9 -25.7 10.4 7.4 -23.9 11.7
3 16 10.3 -29 9.9 9 -25.7 10.4 8 -26.9 11.6
3 16 8 -26.9 11.6 7.4 -23.9 11.7 5.9 -25.3 12.9
3 16 5.9 -25.3 12.9 6.6 -28.6 12.4 8 -26.9 11.6
3 16 5.9 -25.3 12.9 4.1 -26.6 13.5 6.6 -28.6 12.4
3 16 4.1 -26.6 13.5 2.8 -28.8 13.1 5 -30.6 12.4
3 16 5 -30.6 12.4 6.6 -28.6 12.4 4.1 -26.6 13.5
3 16 2.8 -28.8 13.1 2.1 -31.1 11.6 4.2 -32.8 11.4
3 16 4.2 -32.8 11.4 5 -30.6 12.4 2.8 -28.8 13.1
3 16 6.6 -28.6 12.4 5 -30.6 12.4 7.4 -32.7 11.8
3 16 8 -26.9 11.6 8.7 -30.7 11.5 10.3 -29 9.9
3 16 8 -26.9 11.6 6.6 -28.6 12.4 8.7 -30.7 11.5
3 16 8.7 -30.7 11.5 11.5 -31.5 9.3 10.3 -29 9.9
3 16 7.4 -32.7 11.8 8.7 -30.7 11.5 6.6 -28.6 12.4
3 16 5 -30.6 12.4 4.2 -32.8 11.4 5.8 -34.6 11.2
3 16 5.8 -34.6 11.2 7.4 -32.7 11.8 5 -30.6 12.4
3 16 8.7 -30.7 11.5 7.4 -32.7 11.8 9.1 -34.6 11.3
3 16 9.1 -34.6 11.3 10.3 -33.1 10.7 8.7 -30.7 11.5
3 16 5.8 -34.6 11.2 9.1 -34.6 11.3 7.4 -32.7 11.8
3 16 5.8 -34.6 11.2 7.8 -37.5 10.5 9.1 -34.6 11.3
3 16 9.1 -34.6 11.3 11.6 -35 10.3 10.3 -33.1 10.7
3 16 9.1 -34.6 11.3 10.2 -36.8 10.9 11.6 -35 10.3
3 16 7.8 -37.5 10.5 10.2 -36.8 10.9 9.1 -34.6 11.3
3 16 7.8 -37.5 10.5 11.1 -39.6 10.4 10.2 -36.8 10.9
3 16 7.8 -37.5 10.5 9.1 -41.2 9.6 11.1 -39.6 10.4
3 16 11.1 -39.6 10.4 9.1 -41.2 9.6 12 -42.1 10
4 16 12 -42.1 10 13.8 -39.6 9.6 12.8 -37.5 10 11.1 -39.6 10.4
3 16 10.2 -36.8 10.9 12.8 -37.5 10 11.6 -35 10.3
3 16 10.2 -36.8 10.9 11.1 -39.6 10.4 12.8 -37.5 10
3 16 11.9 -44.4 9.6 12 -42.1 10 9.1 -41.2 9.6
3 16 11.9 -44.4 9.6 9.1 -41.2 9.6 8.6 -44.5 8.8
3 16 13.8 -39.6 9.6 12 -42.1 10 13.7 -42.5 9.6
3 16 13.7 -42.5 9.6 12 -42.1 10 11.9 -44.4 9.6
3 16 13.8 -39.6 9.6 13.7 -42.5 9.6 14.8 -41.5 9.3
4 16 14.8 -41.5 9.3 13.7 -42.5 9.6 14 -43.8 9.2 15.5 -42.9 8.7
3 16 13.7 -42.5 9.6 11.9 -44.4 9.6 14 -43.8 9.2
4 16 14 -45.2 8.7 15.1 -44.9 8.2 15.5 -42.9 8.7 14 -43.8 9.2
3 16 11.9 -44.4 9.6 11.5 -47.2 9.2 14 -45.2 8.7
3 16 14 -45.2 8.7 13.9 -47.1 8.2 15.1 -44.9 8.2
3 16 14 -45.2 8.7 11.5 -47.2 9.2 13.9 -47.1 8.2
3 16 11.5 -47.2 9.2 11.9 -44.4 9.6 8.6 -44.5 8.8
3 16 14 -45.2 8.7 14 -43.8 9.2 11.9 -44.4 9.6
3 16 11.5 -47.2 9.2 8.6 -44.5 8.8 7.9 -46.6 8.3
3 16 12.9 -49.4 8.1 13.9 -47.1 8.2 11.5 -47.2 9.2
3 16 12.9 -49.4 8.1 11.5 -47.2 9.2 10.5 -49.2 9.1
3 16 10.5 -49.2 9.1 11.5 -47.2 9.2 7.9 -46.6 8.3
3 16 10.5 -49.2 9.1 7.9 -46.6 8.3 7.1 -48.2 7.6
3 16 11.7 -52.2 8.1 12.9 -49.4 8.1 10.5 -49.2 9.1
3 16 11.7 -52.2 8.1 10.5 -49.2 9.1 9.1 -52.2 8.8
3 16 10.6 -55.5 8 11.7 -52.2 8.1 9.1 -52.2 8.8
3 16 10.6 -55.5 8 9.1 -52.2 8.8 7.9 -55.5 8.5
3 16 6.7 -52.2 7.5 7.9 -55.5 8.5 9.1 -52.2 8.8
3 16 6.7 -52.2 7.5 6 -55.5 6.8 7.9 -55.5 8.5
3 16 5.3 -55.4 4.5 6 -55.5 6.8 6.7 -52.2 7.5
3 16 5.3 -55.4 4.5 6.7 -52.2 7.5 5.7 -50.9 4.6
3 16 6 -50.8 2.3 5.3 -55.4 4.5 5.7 -50.9 4.6
3 16 6 -50.8 2.3 5.4 -55.5 2.2 5.3 -55.4 4.5
4 16 8.1 -48.6 0.9 7.8 -52.2 0.7 5.4 -55.5 2.2 6 -50.8 2.3
3 16 7.8 -52.2 0.7 7.1 -55.5 0.6 5.4 -55.5 2.2
3 16 6.7 -52.2 7.5 6.4 -49.8 6.5 5.7 -50.9 4.6
3 16 6.7 -52.2 7.5 7.3 -50.4 8 6.4 -49.8 6.5
3 16 7.3 -50.4 8 6.7 -52.2 7.5 9.1 -52.2 8.8
3 16 7.1 -48.2 7.6 6.4 -49.8 6.5 7.3 -50.4 8
3 16 7.3 -50.4 8 9.1 -52.2 8.8 10.5 -49.2 9.1
3 16 7.1 -48.2 7.6 7.3 -50.4 8 10.5 -49.2 9.1
4 16 4.9 -60.8 7 6 -55.5 6.8 5.3 -55.4 4.5 4.2 -60.7 4.7
3 16 4.2 -60.7 4.7 5.3 -55.4 4.5 5.4 -55.5 2.2
3 16 4.2 -60.7 4.7 5.4 -55.5 2.2 4.4 -60.8 1.8
3 16 6 -60.8 -0.2 5.4 -55.5 2.2 7.1 -55.5 0.6
3 16 6 -60.8 -0.2 4.4 -60.8 1.8 5.4 -55.5 2.2
3 16 7.1 -60.9 8.1 6 -55.5 6.8 4.9 -60.8 7
3 16 4.2 -60.7 4.7 3.3956 -64.0308 5.4 3.7 -64.1 7.3
3 16 3.7 -64.1 7.3 4.9 -60.8 7 4.2 -60.7 4.7
3 16 3.3956 -64.0308 1.8 4.2 -60.7 4.7 4.4 -60.8 1.8
3 16 3.3956 -64.0308 1.8 3.3956 -64.0308 5.4 4.2 -60.7 4.7
3 16 4.6 -64.4 -0.4 3.3956 -64.0308 1.8 4.4 -60.8 1.8
3 16 4.4 -60.8 1.8 6 -60.8 -0.2 4.6 -64.4 -0.4
3 16 4.9 -60.8 7 5.9 -64.6 8.2 7.1 -60.9 8.1
3 16 4.9 -60.8 7 3.7 -64.1 7.3 5.9 -64.6 8.2
3 16 5.9 -64.6 8.2 7.8 -65.3 7.4 9.5 -60.9 7.8
3 16 9.5 -60.9 7.8 7.1 -60.9 8.1 5.9 -64.6 8.2
3 16 9.5 -60.9 7.8 7.9 -55.5 8.5 7.1 -60.9 8.1
3 16 9.5 -60.9 7.8 10.6 -55.5 8 7.9 -55.5 8.5
3 16 10.8 -60.8 6.1 10.6 -55.5 8 9.5 -60.9 7.8
3 16 10.8 -60.8 6.1 12.3 -55.5 6.2 10.6 -55.5 8
3 16 12.3 -55.5 6.2 11.7 -52.2 8.1 10.6 -55.5 8
3 16 12.3 -55.5 6.2 13.8 -52.2 3.8 13.4 -52.2 6.5
3 16 13.8 -52.2 3.8 14.5 -49.4 6.6 13.4 -52.2 6.5
3 16 13.8 -52.2 3.8 14.9 -49 4.3 14.5 -49.4 6.6
3 16 15.6 -46.9 6.7 14.5 -49.4 6.6 14.9 -49 4.3
3 16 15.6 -46.9 6.7 14.9 -49 4.3 16 -46.5 4.7
3 16 14.9 -49 4.3 14.7 -46.3 2.7 16 -46.5 4.7
3 16 16.2 -43.9 3.8 16 -46.5 4.7 14.7 -46.3 2.7
3 16 15.1 -43.7 2.7 16.2 -43.9 3.8 14.7 -46.3 2.7
3 16 15.1 -43.7 2.7 14.7 -46.3 2.7 13.9 -45.2 1.7
3 16 12.2 -47.3 1.2 13.9 -45.2 1.7 14.7 -46.3 2.7
3 16 12.2 -47.3 1.2 12.3 -45.7 0.9 13.9 -45.2 1.7
3 16 12.2 -47.3 1.2 10.2 -45.8 0.6 12.3 -45.7 0.9
3 16 12.2 -47.3 1.2 9.4 -46.7 0.8 10.2 -45.8 0.6
3 16 15.1 -43.7 2.7 15.5 -41.5 3.4 16.6 -41.5 4.2
3 16 16.6 -41.5 4.2 16.2 -43.9 3.8 15.1 -43.7 2.7
3 16 15.9 -39.6 4.6 16.6 -41.5 4.2 15.5 -41.5 3.4
3 16 16.6 -39.8 6.2 16.6 -41.5 4.2 15.9 -39.6 4.6
3 16 16.6 -39.8 6.2 17.1 -41.6 5.7 16.6 -41.5 4.2
3 16 15.9 -39.6 4.6 15.5 -37.8 6.5 16.6 -39.8 6.2
3 16 15.9 -39.6 4.6 15 -37.7 4.9 15.5 -37.8 6.5
3 16 15.9 -39.6 4.6 15.5 -41.5 3.4 14.9 -39.4 3.9
3 16 15 -37.7 4.9 15.9 -39.6 4.6 14.9 -39.4 3.9
3 16 15 -37.7 4.9 14.9 -39.4 3.9 14 -37.7 4
3 16 15.5 -37.8 6.5 15 -37.7 4.9 13.9 -35.8 5.1
3 16 13.9 -35.8 5.1 15 -37.7 4.9 14 -37.7 4
3 16 15.5 -37.8 6.5 13.9 -35.8 5.1 14.1 -35.5 7.1
3 16 14.1 -35.5 7.1 13.9 -35.8 5.1 12.7 -33.7 5.3
3 16 14.1 -35.5 7.1 12.7 -33.7 5.3 13 -33 7.2
3 16 13.9 -35.8 5.1 14 -37.7 4 12.7 -36.2 3.7
3 16 12.7 -33.7 5.3 13.9 -35.8 5.1 12.7 -36.2 3.7
3 16 12.7 -33.7 5.3 12.7 -36.2 3.7 11.1 -34.7 3.6
3 16 16.8 -44.1 5.1 16.6 -41.5 4.2 17.1 -41.6 5.7
3 16 16.8 -44.1 5.1 16.2 -43.9 3.8 16.6 -41.5 4.2
3 16 16.2 -43.9 3.8 16.8 -44.1 5.1 16 -46.5 4.7
3 16 14.1 -35.5 7.1 13 -33 7.2 12.6 -33.8 8.9
3 16 14.1 -35.5 7.1 12.6 -33.8 8.9 13.9 -36.1 8.4
4 16 15.1 -38.2 8 15.5 -37.8 6.5 14.1 -35.5 7.1 13.9 -36.1 8.4
3 16 16.6 -39.8 6.2 15.5 -37.8 6.5 15.1 -38.2 8
3 16 16.6 -39.8 6.2 15.1 -38.2 8 16.2 -40.2 7.8
3 16 16.9 -42.1 7.4 16.6 -39.8 6.2 16.2 -40.2 7.8
3 16 16.9 -42.1 7.4 17.1 -41.6 5.7 16.6 -39.8 6.2
3 16 16.8 -44.1 5.1 17.1 -41.6 5.7 16.9 -42.1 7.4
3 16 16.9 -42.1 7.4 16.5 -44.4 6.9 16.8 -44.1 5.1
3 16 16.5 -44.4 6.9 16 -46.5 4.7 16.8 -44.1 5.1
3 16 16.5 -44.4 6.9 15.6 -46.9 6.7 16 -46.5 4.7
4 16 12.8 -37.5 10 13.9 -36.1 8.4 12.6 -33.8 8.9 11.6 -35 10.3
3 16 12.6 -33.8 8.9 10.3 -33.1 10.7 11.6 -35 10.3
4 16 12.6 -33.8 8.9 11.5 -31.5 9.3 8.7 -30.7 11.5 10.3 -33.1 10.7
3 16 15.1 -38.2 8 13.9 -36.1 8.4 12.8 -37.5 10
3 16 15.1 -38.2 8 12.8 -37.5 10 13.8 -39.6 9.6
3 16 16.2 -40.2 7.8 15.1 -38.2 8 13.8 -39.6 9.6
3 16 16.2 -40.2 7.8 13.8 -39.6 9.6 14.8 -41.5 9.3
3 16 16.9 -42.1 7.4 16.2 -40.2 7.8 14.8 -41.5 9.3
3 16 16.9 -42.1 7.4 14.8 -41.5 9.3 15.5 -42.9 8.7
3 16 15.5 -42.9 8.7 16.5 -44.4 6.9 16.9 -42.1 7.4
4 16 15.6 -46.9 6.7 16.5 -44.4 6.9 15.5 -42.9 8.7 15.1 -44.9 8.2
3 16 15.1 -44.9 8.2 13.9 -47.1 8.2 15.6 -46.9 6.7
4 16 15.6 -46.9 6.7 13.9 -47.1 8.2 12.9 -49.4 8.1 14.5 -49.4 6.6
3 16 13.4 -52.2 6.5 14.5 -49.4 6.6 12.9 -49.4 8.1
4 16 12.3 -55.5 6.2 13.4 -52.2 6.5 12.9 -49.4 8.1 11.7 -52.2 8.1
3 16 11.3 -49.3 1 9.4 -46.7 0.8 12.2 -47.3 1.2
3 16 11.3 -49.3 1 8.1 -48.6 0.9 9.4 -46.7 0.8
3 16 12.2 -47.3 1.2 13.8 -49.1 2.6 11.3 -49.3 1
3 16 12.2 -47.3 1.2 14.7 -46.3 2.7 13.8 -49.1 2.6
3 16 14.9 -49 4.3 13.8 -49.1 2.6 14.7 -46.3 2.7
3 16 11.3 -49.3 1 13.8 -49.1 2.6 12.4 -52.2 1.9
4 16 11.2 -55.5 1.5 10.3 -52.2 0.7 11.3 -49.3 1 12.4 -52.2 1.9
3 16 8.1 -48.6 0.9 11.3 -49.3 1 10.3 -52.2 0.7
3 16 10.3 -52.2 0.7 11.2 -55.5 1.5 9.2 -55.5 0.4
3 16 9.2 -55.5 0.4 7.8 -52.2 0.7 10.3 -52.2 0.7
3 16 8.1 -48.6 0.9 10.3 -52.2 0.7 7.8 -52.2 0.7
3 16 9.2 -55.5 0.4 7.1 -55.5 0.6 7.8 -52.2 0.7
3 16 13.8 -52.2 3.8 13.8 -49.1 2.6 14.9 -49 4.3
3 16 13.8 -52.2 3.8 12.4 -52.2 1.9 13.8 -49.1 2.6
3 16 12.4 -52.2 1.9 12.8 -55.5 3.6 11.2 -55.5 1.5
3 16 12.4 -52.2 1.9 13.8 -52.2 3.8 12.8 -55.5 3.6
3 16 12.3 -55.5 6.2 12.8 -55.5 3.6 13.8 -52.2 3.8
3 16 9.2 -55.5 0.4 8.1 -60.9 0 6 -60.8 -0.2
3 16 6 -60.8 -0.2 7.1 -55.5 0.6 9.2 -55.5 0.4
3 16 11.2 -55.5 1.5 9.9 -60.9 1.4 8.1 -60.9 0
3 16 8.1 -60.9 0 9.2 -55.5 0.4 11.2 -55.5 1.5
3 16 12.8 -55.5 3.6 11.2 -60.8 3.5 9.9 -60.9 1.4
3 16 9.9 -60.9 1.4 11.2 -55.5 1.5 12.8 -55.5 3.6
3 16 11.2 -60.8 3.5 12.8 -55.5 3.6 12.3 -55.5 6.2
3 16 11.2 -60.8 3.5 12.3 -55.5 6.2 10.8 -60.8 6.1
3 16 6.4 -65.2 -0.5 6 -60.8 -0.2 8.1 -60.9 0
3 16 6.4 -65.2 -0.5 4.6 -64.4 -0.4 6 -60.8 -0.2
3 16 8.4 -65.6 1 8.1 -60.9 0 9.9 -60.9 1.4
3 16 8.4 -65.6 1 6.4 -65.2 -0.5 8.1 -60.9 0
3 16 11.2 -60.8 3.5 9.4 -66.1 3.2 8.4 -65.6 1
3 16 8.4 -65.6 1 9.9 -60.9 1.4 11.2 -60.8 3.5
3 16 8.9 -65.8 5.9 11.2 -60.8 3.5 10.8 -60.8 6.1
3 16 8.9 -65.8 5.9 9.4 -66.1 3.2 11.2 -60.8 3.5
3 16 9.5 -60.9 7.8 8.9 -65.8 5.9 10.8 -60.8 6.1
3 16 9.5 -60.9 7.8 7.8 -65.3 7.4 8.9 -65.8 5.9
3 16 -5.9 -28.3 10.5 -7.8 -25.8 9.4 -7.1 -27.9 8.7
3 16 -7.1 -27.9 8.7 -7.1 -29.8 6.6 -5.9 -30.4 9.1
4 16 -5.9 -30.4 9.1 -3.5 -31 10.9 -3.5 -28.8 12.4 -5.9 -28.3 10.5
3 16 -3.5 -31 10.9 -0.6 -31.2 11.9 -0.2 -29.2 13.6
3 16 -0.2 -29.2 13.6 -3.5 -28.8 12.4 -3.5 -31 10.9
3 16 -0.2 -29.2 13.6 -0.6 -31.2 11.9 2.1 -31.1 11.6
4 16 0.1 -26.9 15.2 -0.2 -29.2 13.6 2.1 -31.1 11.6 2.8 -28.8 13.1
3 16 -7.1 -27.9 8.7 -5.9 -30.4 9.1 -5.9 -28.3 10.5
3 16 -7.8 -25.8 9.4 -5.9 -28.3 10.5 -6.3 -26 11.7
3 16 -5.9 -28.3 10.5 -3.5 -28.8 12.4 -3.7 -26.4 14
3 16 -8.5 -23.6 9.9 -7.8 -25.8 9.4 -6.3 -26 11.7
3 16 -8.5 -23.6 9.9 -6.3 -26 11.7 -7 -22.8 12.8
3 16 -8.5 -23.6 9.9 -7 -22.8 12.8 -8.7 -19.7 12.1
3 16 -8.7 -19.7 12.1 -9.3 -21.3 9.9 -8.5 -23.6 9.9
3 16 -10.4 -18.8 9.4 -9.3 -21.3 9.9 -8.7 -19.7 12.1
3 16 -10.4 -18.8 9.4 -8.7 -19.7 12.1 -10 -17.4 11
3 16 -0.2 -29.2 13.6 -3.7 -26.4 14 -3.5 -28.8 12.4
3 16 -3.7 -26.4 14 -6.3 -26 11.7 -5.9 -28.3 10.5
4 16 -1.4142 -23.0142 17.0757 -3.7 -26.4 14 -0.2 -29.2 13.6 0.1 -26.9 15.2
3 16 2.8 -28.8 13.1 4.1 -26.6 13.5 2.7 -24.3 15.9
4 16 -7 -22.8 12.8 -6.3 -26 11.7 -3.7 -26.4 14 -3.6 -24.2 15.3
3 16 2.7 -24.3 15.9 0.1 -26.9 15.2 2.8 -28.8 13.1
3 16 4.1 -26.6 13.5 4.9 -23.2 14.8 2.7 -24.3 15.9
3 16 4.1 -26.6 13.5 5.9 -25.3 12.9 4.9 -23.2 14.8
3 16 6.1 -22.1 14.1 4.9 -23.2 14.8 5.9 -25.3 12.9
3 16 5.9 -25.3 12.9 7.4 -23.9 11.7 7.6 -20.9 13.2
3 16 7.6 -20.9 13.2 6.1 -22.1 14.1 5.9 -25.3 12.9
3 16 7.6 -20.9 13.2 7.4 -23.9 11.7 8.6 -22.7 10.8
4 16 1.4142 -23.0142 17.0757 0.2 -24.8 16.4 0.1 -26.9 15.2 2.7 -24.3 15.9
3 16 0.1 -26.9 15.2 0.2 -24.8 16.4 -1.4142 -23.0142 17.0757
3 16 4.9 -23.2 14.8 2 -21.6 17.5 2.7 -24.3 15.9
3 16 4.6 -19.8 16.3 2.5 -18.3 17.7 1.8478 -20.8346 17.7296
3 16 4.9 -23.2 14.8 4.6 -19.8 16.3 2 -21.6 17.5
3 16 4.6 -19.8 16.3 3.4 -16.6 17.3 2.5 -18.3 17.7
4 16 2.5 -18.3 17.7 3.4 -16.6 17.3 0.1 -15.2 18.1 0.2 -17.7 18.3
3 16 0.1 -15.2 18.1 -2.4 -19.2 17.7 0.2 -17.7 18.3
3 16 -2.4 -19.2 17.7 0.1 -15.2 18.1 -4 -13.7 17
3 16 -3.6 -24.2 15.3 -3.6 -21.6 16.4 -6 -20.4 15
3 16 -2.4 -19.2 17.7 -6 -20.4 15 -3.6 -21.6 16.4
3 16 -2.4 -19.2 17.7 -4.5 -17 16.8 -6 -20.4 15
3 16 -3.6 -24.2 15.3 -6 -20.4 15 -7 -22.8 12.8
3 16 -7 -22.8 12.8 -6 -20.4 15 -7.9 -18 13.9
3 16 -7.9 -18 13.9 -8.7 -19.7 12.1 -7 -22.8 12.8
4 16 -6.9 -15.2 15.2 -7.9 -18 13.9 -6 -20.4 15 -4.5 -17 16.8
3 16 -7.9 -18 13.9 -10 -17.4 11 -8.7 -19.7 12.1
3 16 -7.9 -18 13.9 -9.5 -15.6 12.5 -10 -17.4 11
3 16 4.6 -19.8 16.3 7.1 -17.9 14.9 5.1 -15.7 16.4
3 16 5.1 -15.7 16.4 3.4 -16.6 17.3 4.6 -19.8 16.3
3 16 5.1 -15.7 16.4 3 -13.7 17.3 3.4 -16.6 17.3
3 16 0.1 -15.2 18.1 3.4 -16.6 17.3 3 -13.7 17.3
3 16 2.2 -11.2 17 3 -13.7 17.3 4.8 -12.4 16.3
3 16 2.2 -11.2 17 4.8 -12.4 16.3 5.9 -11.4 15.5
4 16 2.2 -11.2 17 2.7 -9.5 16.1 -0.8 -8.7 16 -0.5 -11.1 17.2
3 16 -0.2 -13.3 17.8 2.2 -11.2 17 -0.5 -11.1 17.2
4 16 2.2 -11.2 17 -0.2 -13.3 17.8 0.1 -15.2 18.1 3 -13.7 17.3
3 16 5.1 -15.7 16.4 7.1 -17.9 14.9 6.6 -14.8 15.6
4 16 3 -13.7 17.3 5.1 -15.7 16.4 6.6 -14.8 15.6 4.8 -12.4 16.3
3 16 6.6 -14.8 15.6 5.9 -11.4 15.5 4.8 -12.4 16.3
3 16 5.9 -11.4 15.5 2.7 -9.5 16.1 2.2 -11.2 17
3 16 2.7 -9.5 16.1 5.9 -11.4 15.5 3.4 -7.9 15
3 16 -0.8 -8.7 16 2.7 -9.5 16.1 3.4 -7.9 15
3 16 -0.8 -8.7 16 3.4 -7.9 15 -0.9 -6.7 14.6
3 16 7.6 -20.9 13.2 7.1 -17.9 14.9 6.1 -22.1 14.1
3 16 6.1 -22.1 14.1 7.1 -17.9 14.9 4.6 -19.8 16.3
3 16 6.1 -22.1 14.1 4.6 -19.8 16.3 4.9 -23.2 14.8
3 16 -3.8 -9.6 15.8 -0.8 -8.7 16 -0.9 -6.7 14.6
3 16 -3.8 -9.6 15.8 -0.9 -6.7 14.6 -5.2 -8.1 14.2
4 16 -3.8 -9.6 15.8 -3.1 -11.4 16.8 -0.5 -11.1 17.2 -0.8 -8.7 16
3 16 -3.1 -11.4 16.8 -0.2 -13.3 17.8 -0.5 -11.1 17.2
3 16 -3.1 -11.4 16.8 -4 -13.7 17 -0.2 -13.3 17.8
3 16 -4 -13.7 17 0.1 -15.2 18.1 -0.2 -13.3 17.8
3 16 -4 -13.7 17 -4.5 -17 16.8 -2.4 -19.2 17.7
3 16 -3.8 -9.6 15.8 -5.2 -8.1 14.2 -7.4 -10.7 14.1
3 16 -3.8 -9.6 15.8 -7.4 -10.7 14.1 -5.8 -12.2 15.7
3 16 -5.8 -12.2 15.7 -3.1 -11.4 16.8 -3.8 -9.6 15.8
3 16 -5.8 -12.2 15.7 -4 -13.7 17 -3.1 -11.4 16.8
3 16 -5.8 -12.2 15.7 -7.4 -10.7 14.1 -8.6 -13.2 13.5
3 16 -5.8 -12.2 15.7 -8.6 -13.2 13.5 -6.9 -15.2 15.2
3 16 -6.9 -15.2 15.2 -4 -13.7 17 -5.8 -12.2 15.7
3 16 -6.9 -15.2 15.2 -4.5 -17 16.8 -4 -13.7 17
3 16 -9.5 -15.6 12.5 -6.9 -15.2 15.2 -8.6 -13.2 13.5
3 16 -9.5 -15.6 12.5 -7.9 -18 13.9 -6.9 -15.2 15.2
3 16 -9.9 -24.2 9.1 -11.2 -21.9 9.1 -12.5 -22.8 8
3 16 -12.5 -22.8 8 -11.3 -24.5 8 -9.9 -24.2 9.1
3 16 -9.9 -24.2 9.1 -11.3 -24.5 8 -9.9 -26.2 8
3 16 -9.9 -24.2 9.1 -9.9 -26.2 8 -8.9 -26 8.8
3 16 -9.9 -26.2 8 -8.3 -27.8 7.7 -7.1 -27.9 8.7
3 16 -7.7 -29.1 6.6 -8.3 -27.8 7.7 -8.9 -28.2 6.6
4 16 -8.9 -28.2 6.6 -8.8 -28.6 4.6 -8 -29.2 4.6 -7.7 -29.1 6.6
3 16 -8.3 -27.6 3.2 -8 -29.2 4.6 -8.8 -28.6 4.6
3 16 -8.3 -27.6 3.2 -6.8 -28 3.1 -7.3 -29.9 4.6
3 16 -6.8 -28 3.1 -8.3 -27.6 3.2 -8.6 -25.8 2.4
3 16 -8.6 -25.8 2.4 -7.2 -25.8 2.5 -5.7 -28.5 3.1
3 16 -8.6 -25.8 2.4 -8.5 -23.5 1.9 -7.2 -25.8 2.5
3 16 -8.6 -25.8 2.4 -10 -24.2 1.8 -8.5 -23.5 1.9
3 16 -10 -24.2 1.8 -9.8 -21.7 0.8 -8.5 -23.5 1.9
3 16 -10 -24.2 1.8 -11.3 -22.4 0.8 -9.8 -21.7 0.8
3 16 -11.3 -22.4 0.8 -10 -20.2 -0.5 -9.8 -21.7 0.8
3 16 -11.3 -22.4 0.8 -11.9 -20.3 -0.8 -10 -20.2 -0.5
3 16 -9.4 -26.9 3.2 -8.3 -27.6 3.2 -8.8 -28.6 4.6
3 16 -8.6 -25.8 2.4 -8.3 -27.6 3.2 -9.4 -26.9 3.2
3 16 -9.4 -26.9 3.2 -8.8 -28.6 4.6 -10.2 -27.4 4.9
3 16 -8.9 -28.2 6.6 -10.2 -27.4 4.9 -8.8 -28.6 4.6
3 16 -8.9 -28.2 6.6 -10.3 -27.1 6.5 -10.2 -27.4 4.9
3 16 -11.7 -24.3 2.3 -11.3 -22.4 0.8 -10 -24.2 1.8
3 16 -11.7 -24.3 2.3 -12.8 -22.8 1.6 -11.3 -22.4 0.8
4 16 -12.8 -24.6 3.7 -13.9 -23.2 3.1 -12.8 -22.8 1.6 -11.7 -24.3 2.3
3 16 -8.6 -25.8 2.4 -9.4 -26.9 3.2 -10.4 -25.9 3
3 16 -10 -24.2 1.8 -10.4 -25.9 3 -11.7 -24.3 2.3
3 16 -10 -24.2 1.8 -8.6 -25.8 2.4 -10.4 -25.9 3
4 16 -11.7 -24.3 2.3 -10.4 -25.9 3 -11.4 -26.3 4.4 -12.8 -24.6 3.7
3 16 -9.4 -26.9 3.2 -11.4 -26.3 4.4 -10.4 -25.9 3
3 16 -9.4 -26.9 3.2 -10.2 -27.4 4.9 -11.4 -26.3 4.4
3 16 -11.4 -26.3 4.4 -10.2 -27.4 4.9 -10.3 -27.1 6.5
3 16 -11.8 -25.6 6.3 -12.8 -24.6 3.7 -11.4 -26.3 4.4
3 16 -11.4 -26.3 4.4 -10.3 -27.1 6.5 -11.8 -25.6 6.3
3 16 -11.8 -25.6 6.3 -13.4 -24 5.8 -12.8 -24.6 3.7
3 16 -14.3 -23 5.1 -12.8 -24.6 3.7 -13.4 -24 5.8
4 16 -15.3 -21.6 3.5 -13.9 -23.2 3.1 -12.8 -24.6 3.7 -14.3 -23 5.1
3 16 -11.8 -25.6 6.3 -10.3 -27.1 6.5 -9.9 -26.2 8
4 16 -8.9 -28.2 6.6 -8.3 -27.8 7.7 -9.9 -26.2 8 -10.3 -27.1 6.5
3 16 -11.8 -25.6 6.3 -9.9 -26.2 8 -11.3 -24.5 8
3 16 -13.4 -24 5.8 -11.8 -25.6 6.3 -11.3 -24.5 8
3 16 -13.4 -24 5.8 -11.3 -24.5 8 -12.5 -22.8 8
3 16 -13.9 -23.2 3.1 -15.3 -21.6 3.5 -14.8 -21.2 1.6
3 16 -12.8 -22.8 1.6 -13.9 -23.2 3.1 -14.8 -21.2 1.6
3 16 -15.3 -21.6 3.5 -16.8 -19.2 1.9 -14.8 -21.2 1.6
3 16 -15.3 -21.6 3.5 -16.7 -19.5 3.7 -16.8 -19.2 1.9
3 16 -16 -18.3 0.3 -14.8 -21.2 1.6 -16.8 -19.2 1.9
3 16 -16 -18.3 0.3 -13.9 -19.6 -0.6 -14.8 -21.2 1.6
3 16 -16 -18.3 0.3 -13.9 -16.2 -1.6 -12.6 -17.6 -2.4
3 16 -12.6 -17.6 -2.4 -13.9 -19.6 -0.6 -16 -18.3 0.3
3 16 -13.9 -16.2 -1.6 -11.7 -14.3 -2.9 -10.6 -15.3 -4
3 16 -10.6 -15.3 -4 -12.6 -17.6 -2.4 -13.9 -16.2 -1.6
3 16 -11.7 -14.3 -2.9 -9.7 -11.9 -4.4 -8.6 -12.8 -6.1
3 16 -8.6 -12.8 -6.1 -10.6 -15.3 -4 -11.7 -14.3 -2.9
3 16 -12.6 -17.6 -2.4 -10.6 -15.3 -4 -9.2 -16.3 -4.1
3 16 -9.2 -16.3 -4.1 -10.9 -18.4 -2.4 -12.6 -17.6 -2.4
3 16 -10.9 -18.4 -2.4 -8.1 -17.1 -3.3 -9.4 -18.7 -1.8
4 16 -9.4 -18.7 -1.8 -10 -20.2 -0.5 -11.9 -20.3 -0.8 -10.9 -18.4 -2.4
3 16 -11.9 -20.3 -0.8 -12.6 -17.6 -2.4 -10.9 -18.4 -2.4
3 16 -11.9 -20.3 -0.8 -13.9 -19.6 -0.6 -12.6 -17.6 -2.4
3 16 -13.9 -19.6 -0.6 -11.9 -20.3 -0.8 -13.1 -21.2 0.4
3 16 -11.3 -22.4 0.8 -13.1 -21.2 0.4 -11.9 -20.3 -0.8
3 16 -11.3 -22.4 0.8 -12.8 -22.8 1.6 -13.1 -21.2 0.4
3 16 -12.8 -22.8 1.6 -14.8 -21.2 1.6 -13.1 -21.2 0.4
3 16 -13.9 -19.6 -0.6 -13.1 -21.2 0.4 -14.8 -21.2 1.6
4 16 -10.9 -18.4 -2.4 -9.2 -16.3 -4.1 -6.4 -15.1 -4.9 -8.1 -17.1 -3.3
3 16 -9.2 -16.3 -4.1 -7.5 -14.2 -5.8 -6.4 -15.1 -4.9
3 16 -10.6 -15.3 -4 -7.5 -14.2 -5.8 -9.2 -16.3 -4.1
3 16 -10.6 -15.3 -4 -8.6 -12.8 -6.1 -7.5 -14.2 -5.8
3 16 -8.1 -17.1 -3.3 -6.4 -15.1 -4.9 -5.9 -15.6 -3.9
3 16 -8.1 -17.1 -3.3 -5.9 -15.6 -3.9 -7.3 -17.3 -2.7
3 16 -9.4 -18.7 -1.8 -8.1 -17.1 -3.3 -7.3 -17.3 -2.7
3 16 -9.4 -18.7 -1.8 -7.3 -17.3 -2.7 -8.4 -18.7 -1.2
3 16 -9.4 -18.7 -1.8 -8.9 -19.7 0 -10 -20.2 -0.5
3 16 -9.4 -18.7 -1.8 -8.4 -18.7 -1.2 -8.9 -19.7 0
3 16 -9.8 -21.7 0.8 -10 -20.2 -0.5 -8.9 -19.7 0
3 16 -9.8 -21.7 0.8 -8.9 -19.7 0 -8.7 -21 1.3
3 16 -8.5 -23.5 1.9 -9.8 -21.7 0.8 -8.7 -21 1.3
3 16 -8.5 -23.5 1.9 -8.7 -21 1.3 -7.5 -23.1 2.3
3 16 -7.2 -25.8 2.5 -8.5 -23.5 1.9 -7.5 -23.1 2.3
3 16 -7.2 -25.8 2.5 -7.5 -23.1 2.3 -5.9 -25.7 2.9
3 16 -7.2 -25.8 2.5 -5.9 -25.7 2.9 -5.7 -28.5 3.1
3 16 -5.7 -28.5 3.1 -6.8 -28 3.1 -8.6 -25.8 2.4
3 16 -6.8 -28 3.1 -5.7 -28.5 3.1 -7.3 -29.9 4.6
3 16 -7.3 -29.9 4.6 -8 -29.2 4.6 -8.3 -27.6 3.2
3 16 -7.3 -29.9 4.6 -7.7 -29.1 6.6 -8 -29.2 4.6
3 16 -7.3 -29.9 4.6 -7.1 -29.8 6.6 -7.7 -29.1 6.6
3 16 -7.7 -29.1 6.6 -7.1 -29.8 6.6 -7.1 -27.9 8.7
3 16 -7.7 -29.1 6.6 -7.1 -27.9 8.7 -8.3 -27.8 7.7
3 16 -7.1 -27.9 8.7 -7.8 -25.8 9.4 -8.9 -26 8.8
3 16 -7.1 -27.9 8.7 -8.9 -26 8.8 -9.9 -26.2 8
3 16 -7.8 -25.8 9.4 -9.9 -24.2 9.1 -8.9 -26 8.8
3 16 -7.8 -25.8 9.4 -8.5 -23.6 9.9 -9.9 -24.2 9.1
3 16 -8.5 -23.6 9.9 -9.3 -21.3 9.9 -11.2 -21.9 9.1
3 16 -11.2 -21.9 9.1 -9.9 -24.2 9.1 -8.5 -23.6 9.9
3 16 -10.4 -18.8 9.4 -11.2 -21.9 9.1 -9.3 -21.3 9.9
3 16 -10.4 -18.8 9.4 -11.9 -19.3 8.7 -11.2 -21.9 9.1
3 16 -11.2 -21.9 9.1 -11.9 -19.3 8.7 -13.2 -19.5 7.8
3 16 -11.2 -21.9 9.1 -13.2 -19.5 7.8 -12.5 -22.8 8
3 16 -12.5 -22.8 8 -13.2 -19.5 7.8 -14.4 -19.7 6.9
3 16 -14.1 -21.7 6.8 -13.4 -24 5.8 -12.5 -22.8 8
3 16 -14.1 -21.7 6.8 -14.3 -23 5.1 -13.4 -24 5.8
3 16 -15.4 -21 5.3 -14.3 -23 5.1 -14.1 -21.7 6.8
3 16 -15.4 -21 5.3 -15.3 -21.6 3.5 -14.3 -23 5.1
3 16 -15.4 -21 5.3 -16.7 -19.5 3.7 -15.3 -21.6 3.5
3 16 -15.4 -21 5.3 -15.8 -19.6 5.5 -16.7 -19.5 3.7
3 16 -14.1 -21.7 6.8 -14.4 -19.7 6.9 -15.8 -19.6 5.5
3 16 -15.8 -19.6 5.5 -15.4 -21 5.3 -14.1 -21.7 6.8
3 16 -14.4 -19.7 6.9 -14.1 -21.7 6.8 -12.5 -22.8 8
3 16 -10.1 -7.1 -5.4 -11.4 -4.1 -5.4 -10 -5.3 -7.3
3 16 -10.1 -7.1 -5.4 -10.8 -6.2 -4.1 -11.4 -4.1 -5.4
3 16 -11.4 -4.1 -5.4 -10.8 -6.2 -4.1 -11.6 -6.4 -0.8
3 16 -11.4 -4.1 -5.4 -11.6 -6.4 -0.8 -12.5 -0.01 -2.1
3 16 -11.4 -4.1 -5.4 -9.8 -4.2 -8 -10 -5.3 -7.3
3 16 -11.4 -4.1 -5.4 -11.2 -0.01 -6.2 -9.8 -4.2 -8
3 16 -11.2 -0.01 -6.2 -11.4 -4.1 -5.4 -12.5 -0.01 -2.1
3 16 -9.1 -0.01 -8.5 -9.8 -4.2 -8 -11.2 -0.01 -6.2
3 16 -12.8 -0.01 1.7 -12.5 -0.01 -2.1 -11.6 -6.4 -0.8
3 16 -12.8 -0.01 1.7 -11.6 -6.4 -0.8 -11.3 -5.8 2.6
3 16 -12.8 -0.01 1.7 -11.3 -5.8 2.6 -10.1 -5.8 6.9
3 16 -10.1 -5.8 6.9 -11.3 -0.01 6.4 -12.8 -0.01 1.7
3 16 -11.3 -0.01 6.4 -10.1 -5.8 6.9 -8.6 -5.6 9.7
3 16 -8.6 -5.6 9.7 -9 -0.01 9.5 -11.3 -0.01 6.4
3 16 -9 -0.01 9.5 -8.6 -5.6 9.7 -5.9 -5.1 12
3 16 -9 -0.01 9.5 -5.9 -5.1 12 -6 -0.01 11.7
3 16 -5.9 -5.1 12 -1.6 -0.01 13 -6 -0.01 11.7
3 16 -5.9 -5.1 12 -1.1 -4.7 13.3 -1.6 -0.01 13
3 16 3.5 -0.01 12.7 -1.6 -0.01 13 -1.1 -4.7 13.3
3 16 3.5 -0.01 12.7 -1.1 -4.7 13.3 3.6 -5 12.9
4 16 7.6 -0.01 10.7 3.5 -0.01 12.7 3.6 -5 12.9 7.2 -5.2 11.1
3 16 7.2 -5.2 11.1 9.4 -5.8 8.6 10 -0.01 8.5
3 16 10 -0.01 8.5 7.6 -0.01 10.7 7.2 -5.2 11.1
3 16 9.4 -5.8 8.6 10.5 -6.3 4.8 12.2 -0.01 4.9
3 16 12.2 -0.01 4.9 10 -0.01 8.5 9.4 -5.8 8.6
3 16 12.8 -0.01 2.5 12.2 -0.01 4.9 10.5 -6.3 4.8
3 16 12.8 -0.01 2.5 10.5 -6.3 4.8 11.4 -6.4 1.4
4 16 11.4 -6.6 -0.4 12.9 -0.01 -0.1 12.8 -0.01 2.5 11.4 -6.4 1.4
3 16 -9.3 -10.6 -5.3 -8.6 -12.8 -6.1 -9.7 -11.9 -4.4
3 16 -9.3 -10.6 -5.3 -8.5 -11.3 -7.1 -8.6 -12.8 -6.1
3 16 -9.5 -9 -5.6 -8.5 -11.3 -7.1 -9.3 -10.6 -5.3
3 16 -9.5 -9 -5.6 -8.9 -9.1 -7.9 -8.5 -11.3 -7.1
3 16 -9.4 -6.9 -8.2 -8.9 -9.1 -7.9 -9.5 -9 -5.6
3 16 -9.4 -6.9 -8.2 -9.5 -9 -5.6 -10.1 -7.1 -5.4
3 16 -10 -5.3 -7.3 -9.4 -6.9 -8.2 -10.1 -7.1 -5.4
3 16 -10 -5.3 -7.3 -9.2 -5 -8.8 -9.4 -6.9 -8.2
3 16 -10 -5.3 -7.3 -9.8 -4.2 -8 -9.2 -5 -8.8
4 16 -9.8 -4.2 -8 -8.2 -3.5 -8.9 -8.2 -4.4 -9.3 -9.2 -5 -8.8
3 16 -8.2 -4.4 -9.3 -8.2 -3.5 -8.9 -6.7 -3.9 -9.8
3 16 -8.2 -4.4 -9.3 -6.7 -3.9 -9.8 -6.9 -4.7 -9.8
3 16 -5.4 -4.8 -10.1 -6.9 -4.7 -9.8 -6.7 -3.9 -9.8
3 16 -5.4 -4.8 -10.1 -6.7 -3.9 -9.8 -5.4 -3.8 -10
3 16 -4.2 -4.7 -10.1 -5.4 -4.8 -10.1 -5.4 -3.8 -10
3 16 -4.2 -4.7 -10.1 -5.4 -3.8 -10 -3.5 -3.7 -9.6
3 16 -4.2 -4.7 -10.1 -3.5 -3.7 -9.6 -2.9 -6.7 -9.1
3 16 -4.2 -4.7 -10.1 -2.9 -6.7 -9.1 -3.5 -7.3 -9.3
3 16 -2.3 -7.9 -8.1 -3.5 -7.3 -9.3 -2.9 -6.7 -9.1
3 16 -2.3 -7.9 -8.1 -3.5 -10.2 -8.1 -3.5 -7.3 -9.3
3 16 -2.3 -7.9 -8.1 -2.4 -10.1 -6.7 -3.5 -10.2 -8.1
3 16 -2.4 -10.1 -6.7 -4.8 -13 -6.4 -3.5 -10.2 -8.1
3 16 -2.4 -10.1 -6.7 -3.9 -13.4 -4.5 -4.8 -13 -6.4
3 16 -6.4 -15.1 -4.9 -4.8 -13 -6.4 -3.9 -13.4 -4.5
3 16 -6.4 -15.1 -4.9 -3.9 -13.4 -4.5 -5.9 -15.6 -3.9
3 16 -3.9 -13.4 -4.5 -2.4 -10.1 -6.7 -2.5 -11.3 -4.5
3 16 -1.8 -8.6 -6.1 -2.5 -11.3 -4.5 -2.4 -10.1 -6.7
3 16 -2.3 -7.9 -8.1 -1.8 -8.6 -6.1 -2.4 -10.1 -6.7
3 16 -1.8 -8.6 -6.1 -1.5 -9.2 -3.8 -2.5 -11.3 -4.5
3 16 7.1 -60.9 8.1 7.9 -55.5 8.5 6 -55.5 6.8
3 16 -1 -5.7 14 3.6 -5 12.9 -1.1 -4.7 13.3
3 16 -1 -5.7 14 4.2 -6.8 14.2 3.6 -5 12.9
3 16 -1 -5.7 14 3.4 -7.9 15 4.2 -6.8 14.2
3 16 -1 -5.7 14 -0.9 -6.7 14.6 3.4 -7.9 15
3 16 7.2 -10.5 14.8 4.2 -6.8 14.2 3.4 -7.9 15
3 16 7.2 -10.5 14.8 3.4 -7.9 15 5.9 -11.4 15.5
3 16 5.9 -11.4 15.5 8.7 -14.6 14.9 7.2 -10.5 14.8
3 16 5.9 -11.4 15.5 6.6 -14.8 15.6 8.7 -14.6 14.9
3 16 6.6 -14.8 15.6 7.1 -17.9 14.9 9.4 -17.9 14.4
3 16 9.4 -17.9 14.4 8.7 -14.6 14.9 6.6 -14.8 15.6
3 16 7.1 -17.9 14.9 7.6 -20.9 13.2 9.9 -21.1 13
3 16 9.9 -21.1 13 9.4 -17.9 14.4 7.1 -17.9 14.9
3 16 9.9 -21.1 13 7.6 -20.9 13.2 8.6 -22.7 10.8
3 16 9.9 -21.1 13 8.6 -22.7 10.8 11.6 -23.5 10.9
3 16 11.6 -23.5 10.9 8.6 -22.7 10.8 9.6 -24 9.2
3 16 9.6 -24 9.2 10.1 -24.4 7.6 14.3 -25 7.5
4 16 11.6 -23.5 10.9 9.6 -24 9.2 14.3 -25 7.5 13.8 -24.2 9.5
3 16 9.8 -23.5 6.4 14.3 -25 7.5 10.1 -24.4 7.6
3 16 9.8 -23.5 6.4 14.8 -24.8 5.5 14.3 -25 7.5
3 16 14.1 -23.5 3.3 14.8 -24.8 5.5 9.8 -23.5 6.4
3 16 14.1 -23.5 3.3 9.8 -23.5 6.4 9.3 -21.9 4.1
3 16 14.1 -23.5 3.3 9.3 -21.9 4.1 9.6 -19.7 1.7
3 16 9.6 -19.7 1.7 12.9 -20.6 1.5 14.1 -23.5 3.3
3 16 12.9 -20.6 1.5 9.6 -19.7 1.7 9.6 -16.3 -0.3
3 16 9.6 -16.3 -0.3 11.1 -15.6 -0.5 12.9 -20.6 1.5
4 16 9.6 -16.3 -0.3 8.7 -13.7 -1.2 9.9 -12.7 -1.5 11.1 -15.6 -0.5
4 16 16 -19.3 2 11.1 -15.6 -0.5 9.9 -12.7 -1.5 13.9 -14.4 0.3
3 16 13.9 -14.4 0.3 9.9 -12.7 -1.5 12.2 -10.8 -0.8
3 16 16 -19.3 2 12.9 -20.6 1.5 11.1 -15.6 -0.5
4 16 16.9 -22 3.6 14.1 -23.5 3.3 12.9 -20.6 1.5 16 -19.3 2
3 16 12.2 -10.8 -0.8 15.5 -12.7 2.9 13.9 -14.4 0.3
3 16 12.2 -10.8 -0.8 13.4 -9.2 1.9 15.5 -12.7 2.9
3 16 14.4 -11.5 7 15.5 -12.7 2.9 13.4 -9.2 1.9
3 16 14.4 -11.5 7 13.4 -9.2 1.9 12.6 -8.7 5.7
3 16 12.6 -8.7 5.7 13.4 -9.2 1.9 11.4 -6.4 1.4
3 16 11.4 -6.4 1.4 10.5 -6.3 4.8 12.6 -8.7 5.7
3 16 12.6 -8.7 5.7 10.5 -6.3 4.8 9.4 -5.8 8.6
3 16 9.4 -5.8 8.6 10.9 -7.8 9.4 12.6 -8.7 5.7
3 16 10.9 -7.8 9.4 9.4 -5.8 8.6 7.2 -5.2 11.1
3 16 7.2 -5.2 11.1 8.3 -7.2 12.3 10.9 -7.8 9.4
4 16 3.6 -5 12.9 4.2 -6.8 14.2 8.3 -7.2 12.3 7.2 -5.2 11.1
3 16 8.3 -7.2 12.3 4.2 -6.8 14.2 7.2 -10.5 14.8
3 16 8.3 -7.2 12.3 7.2 -10.5 14.8 10 -10.6 13
3 16 8.3 -7.2 12.3 10 -10.6 13 12.5 -10.9 10.3
3 16 7.2 -10.5 14.8 8.7 -14.6 14.9 11.2 -14.3 13.4
3 16 11.2 -14.3 13.4 10 -10.6 13 7.2 -10.5 14.8
3 16 8.7 -14.6 14.9 9.4 -17.9 14.4 11.8 -18 13.4
3 16 11.8 -18 13.4 11.2 -14.3 13.4 8.7 -14.6 14.9
3 16 9.4 -17.9 14.4 9.9 -21.1 13 12.7 -21.7 12
3 16 12.7 -21.7 12 11.8 -18 13.4 9.4 -17.9 14.4
3 16 12.5 -10.9 10.3 10.9 -7.8 9.4 8.3 -7.2 12.3
3 16 10 -10.6 13 11.2 -14.3 13.4 13.7 -14.5 11.1
3 16 10.9 -7.8 9.4 12.5 -10.9 10.3 14.4 -11.5 7
3 16 14.4 -11.5 7 12.6 -8.7 5.7 10.9 -7.8 9.4
3 16 12.5 -10.9 10.3 13.7 -14.5 11.1 16 -15.1 8.1
3 16 13.7 -14.5 11.1 12.5 -10.9 10.3 10 -10.6 13
3 16 11.2 -14.3 13.4 11.8 -18 13.4 14.5 -18.1 11.5
3 16 16 -15.1 8.1 14.4 -11.5 7 12.5 -10.9 10.3
4 16 14.4 -11.5 7 16 -15.1 8.1 17.4 -17 4.4 15.5 -12.7 2.9
4 16 16 -19.3 2 13.9 -14.4 0.3 15.5 -12.7 2.9 17.4 -17 4.4
3 16 14.5 -18.1 11.5 13.7 -14.5 11.1 11.2 -14.3 13.4
3 16 13.7 -14.5 11.1 14.5 -18.1 11.5 16.7 -18.6 9.1
3 16 11.8 -18 13.4 12.7 -21.7 12 14.7 -21.4 11
3 16 16.7 -18.6 9.1 16 -15.1 8.1 13.7 -14.5 11.1
3 16 16 -15.1 8.1 16.7 -18.6 9.1 18.2 -20.1 5.9
3 16 18.2 -20.1 5.9 17.4 -17 4.4 16 -15.1 8.1
4 16 16.9 -22 3.6 16 -19.3 2 17.4 -17 4.4 18.2 -20.1 5.9
3 16 11.6 -23.5 10.9 12.7 -21.7 12 9.9 -21.1 13
3 16 11.6 -23.5 10.9 13.8 -24.2 9.5 12.7 -21.7 12
3 16 14.5 -18.1 11.5 14.7 -21.4 11 16.3 -21.6 9.5
3 16 14.7 -21.4 11 14.5 -18.1 11.5 11.8 -18 13.4
3 16 12.7 -21.7 12 13.8 -24.2 9.5 15.1 -23.4 9.6
3 16 16.3 -21.6 9.5 16.7 -18.6 9.1 14.5 -18.1 11.5
3 16 17.9 -21.9 7.4 16.7 -18.6 9.1 16.3 -21.6 9.5
3 16 17.9 -21.9 7.4 18.2 -20.1 5.9 16.7 -18.6 9.1
3 16 17 -23.8 5.8 18.2 -20.1 5.9 17.9 -21.9 7.4
3 16 17 -23.8 5.8 16.9 -22 3.6 18.2 -20.1 5.9
3 16 14.1 -23.5 3.3 16.9 -22 3.6 17 -23.8 5.8
3 16 14.1 -23.5 3.3 17 -23.8 5.8 14.8 -24.8 5.5
3 16 16.3 -24 8 14.8 -24.8 5.5 17 -23.8 5.8
3 16 16.3 -24 8 17.9 -21.9 7.4 16.3 -21.6 9.5
3 16 16.3 -24 8 17 -23.8 5.8 17.9 -21.9 7.4
3 16 16.3 -24 8 14.3 -25 7.5 14.8 -24.8 5.5
3 16 16.3 -21.6 9.5 15.1 -23.4 9.6 16.3 -24 8
3 16 16.3 -21.6 9.5 14.7 -21.4 11 15.1 -23.4 9.6
3 16 15.1 -23.4 9.6 14.7 -21.4 11 12.7 -21.7 12
3 16 16.3 -24 8 15.1 -23.4 9.6 13.8 -24.2 9.5
3 16 13.8 -24.2 9.5 14.3 -25 7.5 16.3 -24 8
3 16 -1.1 -4.7 13.3 -5.9 -5.1 12 -6.1 -6.8 13.3
3 16 -6.1 -6.8 13.3 -1 -5.7 14 -1.1 -4.7 13.3
3 16 -5.2 -8.1 14.2 -1 -5.7 14 -6.1 -6.8 13.3
3 16 -5.2 -8.1 14.2 -0.9 -6.7 14.6 -1 -5.7 14
3 16 -8.7 -9.4 13.2 -5.2 -8.1 14.2 -6.1 -6.8 13.3
3 16 -8.7 -9.4 13.2 -7.4 -10.7 14.1 -5.2 -8.1 14.2
3 16 -10.5 -12.5 12.8 -8.6 -13.2 13.5 -7.4 -10.7 14.1
3 16 -9.5 -15.6 12.5 -8.6 -13.2 13.5 -10.5 -12.5 12.8
3 16 -9.5 -15.6 12.5 -10.5 -12.5 12.8 -11.6 -14.9 11.8
3 16 -12 -16.9 10.6 -10 -17.4 11 -9.5 -15.6 12.5
3 16 -12 -16.9 10.6 -10.4 -18.8 9.4 -10 -17.4 11
3 16 -12 -16.9 10.6 -11.9 -19.3 8.7 -10.4 -18.8 9.4
3 16 -14.1 -17.1 9.4 -11.9 -19.3 8.7 -12 -16.9 10.6
3 16 -14.1 -17.1 9.4 -13.2 -19.5 7.8 -11.9 -19.3 8.7
4 16 -16.2 -17.4 7.9 -14.4 -19.7 6.9 -13.2 -19.5 7.8 -14.1 -17.1 9.4
3 16 -14.4 -19.7 6.9 -16.2 -17.4 7.9 -17.5 -18.6 5.8
3 16 -17.5 -18.6 5.8 -15.8 -19.6 5.5 -14.4 -19.7 6.9
3 16 -15.8 -19.6 5.5 -17.5 -18.6 5.8 -18.4 -18.9 3.8
3 16 -18.4 -18.9 3.8 -16.7 -19.5 3.7 -15.8 -19.6 5.5
3 16 -16.8 -19.2 1.9 -16.7 -19.5 3.7 -18.4 -18.9 3.8
3 16 -16.8 -19.2 1.9 -18.4 -18.9 3.8 -18.5 -18.6 1.8
3 16 -19.8 -17.5 4.1 -18.5 -18.6 1.8 -18.4 -18.9 3.8
3 16 -19.8 -17.5 4.1 -20.1 -17.2 2.1 -18.5 -18.6 1.8
3 16 -18.5 -18.6 1.8 -20.1 -17.2 2.1 -19.5 -16.5 0.7
3 16 -18.5 -18.6 1.8 -19.5 -16.5 0.7 -18 -17.7 0.4
3 16 -16.8 -19.2 1.9 -18.5 -18.6 1.8 -18 -17.7 0.4
3 16 -16.8 -19.2 1.9 -18 -17.7 0.4 -16 -18.3 0.3
3 16 -19.8 -17.5 4.1 -20.5 -15.1 2.8 -20.1 -17.2 2.1
3 16 -19.8 -17.5 4.1 -20.1 -15.4 4.6 -20.5 -15.1 2.8
3 16 -20 -14.7 1.5 -20.1 -17.2 2.1 -20.5 -15.1 2.8
3 16 -20 -14.7 1.5 -19.5 -16.5 0.7 -20.1 -17.2 2.1
3 16 -20 -14.7 1.5 -20.5 -15.1 2.8 -19.5 -12.9 3.1
3 16 -20.5 -15.1 2.8 -20.1 -15.4 4.6 -19.1 -13.1 5.2
3 16 -20 -14.7 1.5 -19.5 -12.9 3.1 -18.8 -12.7 1.4
3 16 -18.8 -12.7 1.4 -19.5 -12.9 3.1 -17.5 -10.8 3.4
3 16 -18.8 -12.7 1.4 -17.5 -10.8 3.4 -17.2 -11.1 1.1
3 16 -17.5 -10.8 3.4 -15.3 -9.1 3.5 -15.3 -9.4 0.4
3 16 -17.2 -11 5.7 -15.3 -9.1 3.5 -17.5 -10.8 3.4
3 16 -17.2 -11 5.7 -15 -9.3 6.2 -15.3 -9.1 3.5
3 16 -15.3 -9.1 3.5 -13.2 -7.6 3 -13.5 -7.9 -0.4
3 16 -15.3 -9.4 0.4 -17.2 -11.1 1.1 -17.5 -10.8 3.4
3 16 -13.5 -7.9 -0.4 -15.3 -9.4 0.4 -15.3 -9.1 3.5
3 16 -13.5 -7.9 -0.4 -13.2 -7.6 3 -11.3 -5.8 2.6
3 16 -13.5 -7.9 -0.4 -11.3 -5.8 2.6 -11.6 -6.4 -0.8
3 16 -13.2 -7.6 3 -10.1 -5.8 6.9 -11.3 -5.8 2.6
3 16 -13.2 -7.6 3 -12.4 -7.7 7.4 -10.1 -5.8 6.9
4 16 -15.3 -9.1 3.5 -15 -9.3 6.2 -12.4 -7.7 7.4 -13.2 -7.6 3
3 16 -8.6 -5.6 9.7 -12.4 -7.7 7.4 -13.4 -9.4 9.3
3 16 -8.6 -5.6 9.7 -10.1 -5.8 6.9 -12.4 -7.7 7.4
3 16 -9.6 -7.2 10.9 -5.9 -5.1 12 -8.6 -5.6 9.7
4 16 -5.9 -5.1 12 -9.6 -7.2 10.9 -11.3 -9.3 11.4 -6.1 -6.8 13.3
3 16 -11.3 -9.3 11.4 -8.7 -9.4 13.2 -6.1 -6.8 13.3
3 16 -13.4 -9.4 9.3 -9.6 -7.2 10.9 -8.6 -5.6 9.7
3 16 -8.7 -9.4 13.2 -11.3 -9.3 11.4 -12.8 -11.8 11.5
4 16 -7.4 -10.7 14.1 -8.7 -9.4 13.2 -12.8 -11.8 11.5 -10.5 -12.5 12.8
3 16 -10.5 -12.5 12.8 -12.8 -11.8 11.5 -14 -14.7 10.7
3 16 -14 -14.7 10.7 -11.6 -14.9 11.8 -10.5 -12.5 12.8
4 16 -9.5 -15.6 12.5 -11.6 -14.9 11.8 -14 -14.7 10.7 -12 -16.9 10.6
3 16 -12 -16.9 10.6 -14 -14.7 10.7 -14.1 -17.1 9.4
3 16 -14 -14.7 10.7 -16 -14.4 9.3 -16.2 -17.4 7.9
3 16 -16.2 -17.4 7.9 -14.1 -17.1 9.4 -14 -14.7 10.7
3 16 -16 -14.4 9.3 -14 -14.7 10.7 -12.8 -11.8 11.5
3 16 -12.8 -11.8 11.5 -14.9 -11.7 9.7 -16 -14.4 9.3
3 16 -14.9 -11.7 9.7 -12.8 -11.8 11.5 -11.3 -9.3 11.4
3 16 -11.3 -9.3 11.4 -13.4 -9.4 9.3 -14.9 -11.7 9.7
3 16 -13.4 -9.4 9.3 -11.3 -9.3 11.4 -9.6 -7.2 10.9
3 16 -12.4 -7.7 7.4 -14.9 -10 7.8 -13.4 -9.4 9.3
3 16 -13.4 -9.4 9.3 -14.9 -10 7.8 -16.4 -11.5 7.8
3 16 -12.4 -7.7 7.4 -15 -9.3 6.2 -14.9 -10 7.8
3 16 -14.9 -10 7.8 -15 -9.3 6.2 -16.4 -11.5 7.8
3 16 -16.4 -11.5 7.8 -14.9 -11.7 9.7 -13.4 -9.4 9.3
3 16 -14.9 -11.7 9.7 -16.4 -11.5 7.8 -17.8 -13.7 7.4
3 16 -15 -9.3 6.2 -17.2 -11 5.7 -16.4 -11.5 7.8
3 16 -17.8 -13.7 7.4 -16 -14.4 9.3 -14.9 -11.7 9.7
3 16 -16.4 -11.5 7.8 -17.2 -11 5.7 -19.1 -13.1 5.2
3 16 -19.1 -13.1 5.2 -17.8 -13.7 7.4 -16.4 -11.5 7.8
3 16 -17.2 -11 5.7 -17.5 -10.8 3.4 -19.5 -12.9 3.1
3 16 -19.5 -12.9 3.1 -19.1 -13.1 5.2 -17.2 -11 5.7
3 16 -19.1 -13.1 5.2 -19.5 -12.9 3.1 -20.5 -15.1 2.8
3 16 -20.1 -15.4 4.6 -18.5 -16.1 6.6 -17.8 -13.7 7.4
3 16 -17.8 -13.7 7.4 -19.1 -13.1 5.2 -20.1 -15.4 4.6
3 16 -16 -14.4 9.3 -18.5 -16.1 6.6 -16.2 -17.4 7.9
3 16 -16 -14.4 9.3 -17.8 -13.7 7.4 -18.5 -16.1 6.6
3 16 -16.2 -17.4 7.9 -18.5 -16.1 6.6 -18.8 -17.5 5.6
3 16 -18.8 -17.5 5.6 -17.5 -18.6 5.8 -16.2 -17.4 7.9
3 16 -18.8 -17.5 5.6 -18.5 -16.1 6.6 -20.1 -15.4 4.6
3 16 -18.4 -18.9 3.8 -17.5 -18.6 5.8 -18.8 -17.5 5.6
3 16 -18.4 -18.9 3.8 -18.8 -17.5 5.6 -19.8 -17.5 4.1
3 16 -18.8 -17.5 5.6 -20.1 -15.4 4.6 -19.8 -17.5 4.1
3 16 -13.5 -7.9 -0.4 -11.6 -6.4 -0.8 -10.8 -6.2 -4.1
3 16 -10.8 -6.2 -4.1 -12.8 -8.2 -2.8 -13.5 -7.9 -0.4
3 16 -12 -9 -4.3 -12.8 -8.2 -2.8 -10.8 -6.2 -4.1
3 16 -12 -9 -4.3 -10.8 -6.2 -4.1 -10.1 -7.1 -5.4
4 16 -10.1 -7.1 -5.4 -9.5 -9 -5.6 -10.9 -10.5 -4.8 -12 -9 -4.3
3 16 -10.9 -10.5 -4.8 -9.5 -9 -5.6 -9.3 -10.6 -5.3
3 16 -10.9 -10.5 -4.8 -9.3 -10.6 -5.3 -9.7 -11.9 -4.4
3 16 -10.9 -10.5 -4.8 -14.5 -11.4 -2.9 -12 -9 -4.3
3 16 -12 -9 -4.3 -14.5 -11.4 -2.9 -15.3 -10.3 -1.4
3 16 -10.9 -10.5 -4.8 -13.3 -13.1 -3.4 -14.5 -11.4 -2.9
3 16 -9.7 -11.9 -4.4 -13.3 -13.1 -3.4 -10.9 -10.5 -4.8
3 16 -13.3 -13.1 -3.4 -16.3 -13.3 -1.8 -14.5 -11.4 -2.9
3 16 -14.5 -11.4 -2.9 -16.3 -13.3 -1.8 -17 -11.9 -0.6
3 16 -15.3 -10.3 -1.4 -12.8 -8.2 -2.8 -12 -9 -4.3
3 16 -12.8 -8.2 -2.8 -15.3 -10.3 -1.4 -15.3 -9.4 0.4
3 16 -17 -11.9 -0.6 -15.3 -10.3 -1.4 -14.5 -11.4 -2.9
3 16 -15.3 -10.3 -1.4 -17 -11.9 -0.6 -17.2 -11.1 1.1
3 16 -15.3 -9.4 0.4 -13.5 -7.9 -0.4 -12.8 -8.2 -2.8
3 16 -17.2 -11.1 1.1 -15.3 -9.4 0.4 -15.3 -10.3 -1.4
3 16 -13.3 -13.1 -3.4 -15.4 -15 -2 -16.3 -13.3 -1.8
3 16 -13.3 -13.1 -3.4 -13.9 -16.2 -1.6 -15.4 -15 -2
3 16 -13.3 -13.1 -3.4 -11.7 -14.3 -2.9 -13.9 -16.2 -1.6
3 16 -9.7 -11.9 -4.4 -11.7 -14.3 -2.9 -13.3 -13.1 -3.4
3 16 -17.7 -14.7 -0.9 -16.3 -13.3 -1.8 -15.4 -15 -2
3 16 -17.7 -14.7 -0.9 -15.4 -15 -2 -16.5 -16.2 -1.1
3 16 -13.9 -16.2 -1.6 -16.5 -16.2 -1.1 -15.4 -15 -2
4 16 -19.3 -14.4 0.6 -18.8 -12.7 1.4 -17 -11.9 -0.6 -18.3 -13.4 0
3 16 -18.3 -13.4 0 -16.3 -13.3 -1.8 -17.7 -14.7 -0.9
3 16 -18.3 -13.4 0 -17 -11.9 -0.6 -16.3 -13.3 -1.8
3 16 -18.8 -12.7 1.4 -17.2 -11.1 1.1 -17 -11.9 -0.6
3 16 -13.9 -16.2 -1.6 -16 -18.3 0.3 -16.5 -16.2 -1.1
3 16 -19.3 -14.4 0.6 -18.3 -13.4 0 -17.7 -14.7 -0.9
3 16 -19.3 -14.4 0.6 -20 -14.7 1.5 -18.8 -12.7 1.4
3 16 -17.8 -16.8 -0.3 -16.5 -16.2 -1.1 -16 -18.3 0.3
3 16 -17.8 -16.8 -0.3 -16 -18.3 0.3 -18 -17.7 0.4
4 16 -16.5 -16.2 -1.1 -17.8 -16.8 -0.3 -18.7 -15.9 -0.1 -17.7 -14.7 -0.9
3 16 -19.3 -14.4 0.6 -17.7 -14.7 -0.9 -18.7 -15.9 -0.1
3 16 -17.8 -16.8 -0.3 -19.5 -16.5 0.7 -18.7 -15.9 -0.1
3 16 -17.8 -16.8 -0.3 -18 -17.7 0.4 -19.5 -16.5 0.7
3 16 -19.5 -16.5 0.7 -19.3 -14.4 0.6 -18.7 -15.9 -0.1
3 16 -19.5 -16.5 0.7 -20 -14.7 1.5 -19.3 -14.4 0.6
3 16 -4.8 -13 -6.4 -7.5 -14.2 -5.8 -6 -12.1 -7.6
3 16 -4.8 -13 -6.4 -6.4 -15.1 -4.9 -7.5 -14.2 -5.8
3 16 -6 -12.1 -7.6 -7.5 -14.2 -5.8 -8.6 -12.8 -6.1
3 16 -6 -12.1 -7.6 -8.6 -12.8 -6.1 -8.5 -11.3 -7.1
3 16 -6 -9.6 -8.7 -6 -12.1 -7.6 -8.5 -11.3 -7.1
3 16 -6 -9.6 -8.7 -8.5 -11.3 -7.1 -8.9 -9.1 -7.9
3 16 -3.5 -10.2 -8.1 -6 -12.1 -7.6 -6 -9.6 -8.7
3 16 -3.5 -10.2 -8.1 -4.8 -13 -6.4 -6 -12.1 -7.6
3 16 -8.9 -9.1 -7.9 -6.2 -7 -9.5 -6 -9.6 -8.7
3 16 -8.9 -9.1 -7.9 -9.4 -6.9 -8.2 -6.2 -7 -9.5
4 16 -4.2 -4.7 -10.1 -3.5 -7.3 -9.3 -6 -9.6 -8.7 -6.2 -7 -9.5
3 16 -3.5 -7.3 -9.3 -3.5 -10.2 -8.1 -6 -9.6 -8.7
3 16 -6.9 -4.7 -9.8 -6.2 -7 -9.5 -9.4 -6.9 -8.2
3 16 -6.9 -4.7 -9.8 -9.4 -6.9 -8.2 -9.2 -5 -8.8
3 16 -6.9 -4.7 -9.8 -9.2 -5 -8.8 -8.2 -4.4 -9.3
3 16 -6.9 -4.7 -9.8 -5.4 -4.8 -10.1 -6.2 -7 -9.5
3 16 -6.2 -7 -9.5 -5.4 -4.8 -10.1 -4.2 -4.7 -10.1
3 16 -9.1 -0.01 -8.5 -8.2 -3.5 -8.9 -9.8 -4.2 -8
3 16 -9.1 -0.01 -8.5 -7 -0.01 -9.1 -8.2 -3.5 -8.9
3 16 -1.5 -0.01 -9.4 0.1 -3.5 -9.4 -1.8 -3.7 -9.6
3 16 -1.5 -0.01 -9.4 0.1 -0.01 -9.2 0.1 -3.5 -9.4
3 16 2 -3.3 -9.5 0.1 -3.5 -9.4 0.1 -0.01 -9.2
3 16 2 -3.3 -9.5 0.1 -0.01 -9.2 1.7 -0.01 -9.4
4 16 1.7 -0.01 -9.4 3.3 -0.01 -9.5 3.8 -3.1 -9.6 2 -3.3 -9.5
3 16 -3 -0.01 -9.5 -1.5 -0.01 -9.4 -1.8 -3.7 -9.6
3 16 -3 -0.01 -9.5 -1.8 -3.7 -9.6 -3.5 -3.7 -9.6
3 16 3.8 -3.1 -9.6 2.3 -5.3 -9.4 2 -3.3 -9.5
3 16 3.8 -3.1 -9.6 4.6 -5.1 -9.2 2.3 -5.3 -9.4
3 16 2 -3.3 -9.5 0.2 -5.4 -9.2 0.1 -3.5 -9.4
3 16 2 -3.3 -9.5 2.3 -5.3 -9.4 0.2 -5.4 -9.2
3 16 -1.8 -3.7 -9.6 0.1 -3.5 -9.4 0.2 -5.4 -9.2
3 16 0.2 -5.4 -9.2 -1.7 -5.5 -9.3 -1.8 -3.7 -9.6
4 16 -1.8 -3.7 -9.6 -1.7 -5.5 -9.3 -2.9 -6.7 -9.1 -3.5 -3.7 -9.6
3 16 0.2 -5.4 -9.2 0.1 -7 -8.1 -2.3 -7.9 -8.1
3 16 -2.3 -7.9 -8.1 -1.7 -5.5 -9.3 0.2 -5.4 -9.2
3 16 -2.9 -6.7 -9.1 -1.7 -5.5 -9.3 -2.3 -7.9 -8.1
3 16 -2.3 -7.9 -8.1 0.1 -7 -8.1 0.1 -7.8 -5.9
3 16 -2.3 -7.9 -8.1 0.1 -7.8 -5.9 -1.8 -8.6 -6.1
3 16 -1.5 -9.2 -3.8 -1.8 -8.6 -6.1 0.1 -7.8 -5.9
3 16 -1.5 -9.2 -3.8 0.1 -7.8 -5.9 0.2 -8.5 -3.4
3 16 0.2 -5.4 -9.2 2.3 -5.3 -9.4 2.8 -7.7 -8.3
3 16 2.8 -7.7 -8.3 0.1 -7 -8.1 0.2 -5.4 -9.2
3 16 2.8 -7.7 -8.3 2.3 -5.3 -9.4 4.6 -5.1 -9.2
3 16 2.8 -7.7 -8.3 4.6 -5.1 -9.2 5.2 -7.6 -8
3 16 0.1 -7 -8.1 2.8 -7.7 -8.3 2.9 -8.9 -6.1
3 16 2.9 -8.9 -6.1 0.1 -7.8 -5.9 0.1 -7 -8.1
3 16 2.8 -7.7 -8.3 5.2 -7.6 -8 5.7 -9.1 -6.2
3 16 2.9 -8.9 -6.1 0.2 -8.5 -3.4 0.1 -7.8 -5.9
3 16 2.9 -8.9 -6.1 3.2 -9.7 -3.7 0.2 -8.5 -3.4
3 16 5.7 -9.1 -6.2 2.9 -8.9 -6.1 2.8 -7.7 -8.3
3 16 3.2 -9.7 -3.7 2.9 -8.9 -6.1 5.7 -9.1 -6.2
3 16 5.7 -9.1 -6.2 5.2 -7.6 -8 7.1 -7.1 -8
3 16 5.2 -7.6 -8 6.2 -5.3 -9.3 7.1 -7.1 -8
3 16 6.2 -5.3 -9.3 8 -6.5 -8.2 7.1 -7.1 -8
3 16 6.2 -5.3 -9.3 7.6 -5 -9.1 8 -6.5 -8.2
3 16 7.6 -5 -9.1 6.2 -5.3 -9.3 5.4 -3 -10.1
3 16 5.4 -3 -10.1 6.7 -2.7 -9.8 7.6 -5 -9.1
3 16 5.4 -3 -10.1 6 -0.01 -9.8 6.7 -2.7 -9.8
3 16 5.4 -3 -10.1 4.3 -0.01 -9.9 6 -0.01 -9.8
3 16 3.8 -3.1 -9.6 4.3 -0.01 -9.9 5.4 -3 -10.1
3 16 3.8 -3.1 -9.6 3.3 -0.01 -9.5 4.3 -0.01 -9.9
3 16 6.7 -2.7 -9.8 6 -0.01 -9.8 6.8 -0.01 -9.2
3 16 6.7 -2.7 -9.8 6.8 -0.01 -9.2 7.6 -2.5 -9.2
3 16 7.6 -5 -9.1 6.7 -2.7 -9.8 7.6 -2.5 -9.2
3 16 5.4 -3 -10.1 4.6 -5.1 -9.2 3.8 -3.1 -9.6
3 16 5.4 -3 -10.1 6.2 -5.3 -9.3 4.6 -5.1 -9.2
3 16 7.6 -5 -9.1 7.6 -2.5 -9.2 8.8 -4.4 -8.5
4 16 8 -6.5 -8.2 7.6 -5 -9.1 8.8 -4.4 -8.5 8.7 -6 -7.9
3 16 5.2 -7.6 -8 4.6 -5.1 -9.2 6.2 -5.3 -9.3
3 16 8.7 -6 -7.9 8.7 -7.4 -6.7 8 -6.5 -8.2
3 16 8.7 -6 -7.9 9.8 -6.1 -6.9 8.7 -7.4 -6.7
3 16 9.8 -6.1 -6.9 8.7 -6 -7.9 8.8 -4.4 -8.5
3 16 9.8 -6.1 -6.9 8.8 -4.4 -8.5 10.5 -4.1 -7.4
3 16 8.8 -4.4 -8.5 9.5 -2.5 -8.5 10.5 -4.1 -7.4
3 16 8.8 -4.4 -8.5 7.6 -2.5 -9.2 9.5 -2.5 -8.5
3 16 10.5 -6.5 -4.8 9.8 -6.1 -6.9 10.5 -4.1 -7.4
3 16 10.5 -6.5 -4.8 8.7 -7.4 -6.7 9.8 -6.1 -6.9
3 16 10.5 -4.1 -7.4 11.9 -0.01 -4.5 12.5 -0.01 -2.5
4 16 9.5 -2.5 -8.5 7.6 -2.5 -9.2 6.8 -0.01 -9.2 9.3 -0.01 -8.3
3 16 9.5 -2.5 -8.5 10.7 -0.01 -7 10.5 -4.1 -7.4
3 16 9.5 -2.5 -8.5 9.3 -0.01 -8.3 10.7 -0.01 -7
3 16 10.7 -0.01 -7 11.9 -0.01 -4.5 10.5 -4.1 -7.4
4 16 10.5 -4.1 -7.4 12.5 -0.01 -2.5 11.4 -6.6 -0.4 10.5 -6.5 -4.8
3 16 10.5 -6.5 -4.8 10.6 -7.6 -2.1 8.4 -9.1 -3.1
3 16 10.5 -6.5 -4.8 8.4 -9.1 -3.1 7.8 -8.5 -5.9
3 16 10.5 -6.5 -4.8 7.8 -8.5 -5.9 8.7 -7.4 -6.7
3 16 5.7 -9.1 -6.2 7.8 -8.5 -5.9 8.4 -9.1 -3.1
3 16 5.7 -9.1 -6.2 7.1 -7.1 -8 7.8 -8.5 -5.9
3 16 5.7 -9.1 -6.2 8.4 -9.1 -3.1 6 -10.2 -2.2
3 16 3.2 -9.7 -3.7 5.7 -9.1 -6.2 6 -10.2 -2.2
4 16 7.8 -8.5 -5.9 7.1 -7.1 -8 8 -6.5 -8.2 8.7 -7.4 -6.7
3 16 11.4 -6.6 -0.4 10.6 -7.6 -2.1 10.5 -6.5 -4.8
3 16 11.4 -6.6 -0.4 12.5 -0.01 -2.5 12.9 -0.01 -0.1
3 16 2.5 -65.8 8.3 2.4 -69.5 10.1 4.9 -67.9 8.9
3 16 2.5 -65.8 8.3 1 -66.9 9.5 2.4 -69.5 10.1
3 16 4.9 -67.9 8.9 5.5 -66.3 8.5 3.7 -64.1 7.3
3 16 3.1 -65 7.8 2.5 -65.8 8.3 4.9 -67.9 8.9
3 16 2.4 -69.5 10.1 1 -66.9 9.5 -0.4 -67 10
3 16 -0.4 -67 10 -0.4 -69.9 10.2 2.4 -69.5 10.1
3 16 -0.4 -67 10 -3.3 -68.9 10.3 -0.4 -69.9 10.2
3 16 -0.4 -67 10 -2.1 -66.5 10 -3.3 -68.9 10.3
3 16 -3.3 -68.9 10.3 -2.1 -66.5 10 -3.8 -65 9.9
3 16 -3.8 -65 9.9 -5.3 -67.2 9.8 -3.3 -68.9 10.3
3 16 -3.8 -65 9.9 -7.1 -64.3 8.7 -5.3 -67.2 9.8
3 16 -3.8 -65 9.9 -4.9 -63.6 9.4 -7.1 -64.3 8.7
3 16 -5.3 -67.2 9.8 -7.1 -64.3 8.7 -7.7 -65.9 7.4
3 16 -5.3 -67.2 9.8 -7.7 -65.9 7.4 -6.1 -68.8 7.7
3 16 -3.3 -68.9 10.3 -5.3 -67.2 9.8 -6.1 -68.8 7.7
3 16 -3.3 -68.9 10.3 -6.1 -68.8 7.7 -3.1 -73.3 6.5
3 16 -3.3 -68.9 10.3 -1.9 -73.3 7.1 -0.4 -69.9 10.2
3 16 -3.3 -68.9 10.3 -3.1 -73.3 6.5 -1.9 -73.3 7.1
3 16 -0.4 -69.9 10.2 -1.9 -73.3 7.1 2.5 -72 7.5
3 16 -0.4 -69.9 10.2 2.5 -72 7.5 2.4 -69.5 10.1
3 16 5.3 -70.1 7.5 2.4 -69.5 10.1 2.5 -72 7.5
3 16 5.3 -70.1 7.5 4.9 -67.9 8.9 2.4 -69.5 10.1
3 16 6.9 -67.8 7.5 4.9 -67.9 8.9 5.3 -70.1 7.5
3 16 6.9 -67.8 7.5 5.5 -66.3 8.5 4.9 -67.9 8.9
3 16 5.6 -71.3 5.2 5.3 -70.1 7.5 2.5 -72 7.5
3 16 5.6 -71.3 5.2 2.5 -72 7.5 2.5 -72.8 4.9
3 16 2.5 -72.8 4.9 5.6 -71.5 2.8 5.6 -71.3 5.2
3 16 2.5 -72.8 4.9 2.7 -72.6 2.3 5.6 -71.5 2.8
3 16 5.6 -71.5 2.8 2.7 -72.6 2.3 2.7 -71.7 0.3
3 16 2.7 -71.7 0.3 5.5 -70.6 1.1 5.6 -71.5 2.8
3 16 5.5 -70.6 1.1 2.7 -71.7 0.3 2.5 -69 -2
3 16 2.5 -69 -2 4.8 -68.2 -0.9 5.5 -70.6 1.1
3 16 2.5 -69 -2 2 -66.9 -1.2 3.8 -65.7 -0.7
3 16 0 -67.2 -1.4 2 -66.9 -1.2 2.5 -69 -2
3 16 0 -67.2 -1.4 2.5 -69 -2 -0.5 -69.5 -2.2
3 16 2.5 -69 -2 2.7 -71.7 0.3 -1 -72.7 -1.1
3 16 -2.9 -68.4 -2.3 0 -67.2 -1.4 -0.5 -69.5 -2.2
3 16 -2.9 -68.4 -2.3 -1.8 -66.6 -1.3 0 -67.2 -1.4
3 16 -4.6 -66.8 -2.1 -1.8 -66.6 -1.3 -2.9 -68.4 -2.3
3 16 -5.5 -69.3 -1 -4.6 -66.8 -2.1 -2.9 -68.4 -2.3
3 16 -4.6 -66.8 -2.1 -5.5 -69.3 -1 -7.5 -65.3 -0.4
3 16 -4.6 -66.8 -2.1 -7.5 -65.3 -0.4 -6.2 -63.7 -0.8
3 16 -4.6 -66.8 -2.1 -6.2 -63.7 -0.8 -4.3 -63.8 -0.7
3 16 -4.6 -66.8 -2.1 -3.3 -65.2 -1 -1.8 -66.6 -1.3
3 16 -4.3 -63.8 -0.7 -3.3 -65.2 -1 -4.6 -66.8 -2.1
3 16 -5.5 -69.3 -1 -2.9 -68.4 -2.3 -2.9 -73 -0.5
3 16 -2.9 -68.4 -2.3 -0.5 -69.5 -2.2 -1 -72.7 -1.1
3 16 -1 -72.7 -1.1 -2.9 -73 -0.5 -2.9 -68.4 -2.3
3 16 -1 -72.7 -1.1 -0.5 -69.5 -2.2 2.5 -69 -2
3 16 -2.9 -73 -0.5 -1 -72.7 -1.1 -1.8 -73.7 1.7
3 16 -2.9 -73 -0.5 -1.8 -73.7 1.7 -3 -73.5 1.9
3 16 -3 -73.5 1.9 -1.8 -73.7 1.7 -2.2 -73.8 4.5
3 16 -3 -73.5 1.9 -2.2 -73.8 4.5 -3.1 -73.6 4.2
3 16 -3.1 -73.3 6.5 -3.1 -73.6 4.2 -2.2 -73.8 4.5
3 16 -3.1 -73.3 6.5 -2.2 -73.8 4.5 -1.9 -73.3 7.1
3 16 -6.3 -69.4 5.1 -3.1 -73.6 4.2 -3.1 -73.3 6.5
3 16 -6.3 -69.4 5.1 -3.1 -73.3 6.5 -6.1 -68.8 7.7
3 16 -8.2 -65.6 5.7 -8.2 -65.2 2.2 -6.1 -69.7 1.9
3 16 -6.1 -69.7 1.9 -6.3 -69.4 5.1 -8.2 -65.6 5.7
3 16 -6.1 -69.7 1.9 -3.1 -73.6 4.2 -6.3 -69.4 5.1
3 16 -6.1 -69.7 1.9 -3 -73.5 1.9 -3.1 -73.6 4.2
3 16 -2.9 -73 -0.5 -3 -73.5 1.9 -6.1 -69.7 1.9
3 16 -7.5 -65.3 -0.4 -6.1 -69.7 1.9 -8.2 -65.2 2.2
3 16 -7.5 -65.3 -0.4 -5.5 -69.3 -1 -6.1 -69.7 1.9
3 16 -2.9 -73 -0.5 -6.1 -69.7 1.9 -5.5 -69.3 -1
4 16 -6.3 -69.4 5.1 -6.1 -68.8 7.7 -7.7 -65.9 7.4 -8.2 -65.6 5.7
3 16 -1.8 -73.7 1.7 2.5 -72.8 4.9 -2.2 -73.8 4.5
3 16 2.5 -72.8 4.9 -1.9 -73.3 7.1 -2.2 -73.8 4.5
3 16 -1.8 -73.7 1.7 2.7 -72.6 2.3 2.5 -72.8 4.9
3 16 2.5 -72.8 4.9 2.5 -72 7.5 -1.9 -73.3 7.1
3 16 -1 -72.7 -1.1 2.7 -72.6 2.3 -1.8 -73.7 1.7
3 16 -1 -72.7 -1.1 2.7 -71.7 0.3 2.7 -72.6 2.3
3 16 -4.5 -63.4 2.4 -6.2 -63.7 -0.8 -7.1 -63.5 2.2
3 16 -4.5 -63.4 2.4 -4.3 -63.8 -0.7 -6.2 -63.7 -0.8
3 16 -7.1 -63.5 2.2 -4.5 -63.3 6.3 -4.5 -63.4 2.4
3 16 -7.1 -63.5 2.2 -7.5 -63.9 6 -4.5 -63.3 6.3
3 16 -7.5 -63.9 6 -7.1 -64.3 8.7 -4.9 -63.6 9.4
3 16 -4.9 -63.6 9.4 -4.5 -63.3 6.3 -7.5 -63.9 6
3 16 -7.1 -64.3 8.7 -7.5 -63.9 6 -8.2 -65.6 5.7
3 16 -8.2 -65.6 5.7 -7.7 -65.9 7.4 -7.1 -64.3 8.7
3 16 -7.5 -63.9 6 -8.2 -65.2 2.2 -8.2 -65.6 5.7
3 16 -7.5 -63.9 6 -7.1 -63.5 2.2 -8.2 -65.2 2.2
3 16 -7.5 -65.3 -0.4 -7.1 -63.5 2.2 -6.2 -63.7 -0.8
3 16 -7.5 -65.3 -0.4 -8.2 -65.2 2.2 -7.1 -63.5 2.2
4 16 -3.3 -65.2 -1 -4.3 -63.8 -0.7 -4.5 -63.4 2.4 -3.1284 -65.3284 2.4
3 16 -3.1284 -65.3284 2.4 -1.8308 -66.1956 2.2 -1.8 -66.6 -1.3
3 16 -1.8 -66.6 -1.3 -3.3 -65.2 -1 -3.1284 -65.3284 2.4
3 16 -1.8308 -66.1956 2.2 -0.3 -66.5 2.3 0 -67.2 -1.4
3 16 0 -67.2 -1.4 -1.8 -66.6 -1.3 -1.8308 -66.1956 2.2
3 16 -0.3 -66.5 2.3 1.2308 -66.1956 2 2 -66.9 -1.2
3 16 2 -66.9 -1.2 0 -67.2 -1.4 -0.3 -66.5 2.3
3 16 1.2308 -66.1956 2 2.5284 -65.3284 1.75 3.8 -65.7 -0.7
3 16 3.8 -65.7 -0.7 2 -66.9 -1.2 1.2308 -66.1956 2
3 16 -4.5 -63.3 6.3 -3.1284 -65.3284 2.4 -4.5 -63.4 2.4
3 16 -4.5 -63.3 6.3 -3.1284 -65.3284 7 -3.1284 -65.3284 2.4
4 16 -1.8308 -66.1956 2.2 -3.1284 -65.3284 2.4 -3.1284 -65.3284 7 -1.8308 -66.1956 6.8
4 16 -1.8308 -66.1956 6.8 -0.3 -66.5 6.3 -0.3 -66.5 2.3 -1.8308 -66.1956 2.2
4 16 1.2308 -66.1956 2 -0.3 -66.5 2.3 -0.3 -66.5 6.3 1.2308 -66.1956 6.1
4 16 2.5284 -65.3284 1.75 1.2308 -66.1956 2 1.2308 -66.1956 6.1 2.5284 -65.3284 5.7
3 16 -4.5 -63.3 6.3 -4.9 -63.6 9.4 -3.8 -65 9.9
3 16 -3.8 -65 9.9 -3.1284 -65.3284 7 -4.5 -63.3 6.3
3 16 -3.1284 -65.3284 7 -3.8 -65 9.9 -2.1 -66.5 10
3 16 -2.1 -66.5 10 -1.8308 -66.1956 6.8 -3.1284 -65.3284 7
3 16 -1.8308 -66.1956 6.8 -0.4 -67 10 -0.3 -66.5 6.3
3 16 -1.8308 -66.1956 6.8 -2.1 -66.5 10 -0.4 -67 10
3 16 -0.3 -66.5 6.3 1 -66.9 9.5 1.2308 -66.1956 6.1
3 16 -0.3 -66.5 6.3 -0.4 -67 10 1 -66.9 9.5
3 16 1.2308 -66.1956 6.1 2.5 -65.8 8.3 2.5284 -65.3284 5.7
3 16 1.2308 -66.1956 6.1 1 -66.9 9.5 2.5 -65.8 8.3
3 16 3.1 -65 7.8 2.5284 -65.3284 5.7 2.5 -65.8 8.3
3 16 3.7 -64.1 7.3 2.5284 -65.3284 5.7 3.1 -65 7.8
3 16 3.7 -64.1 7.3 3.3956 -64.0308 5.4 2.5284 -65.3284 5.7
4 16 3.3956 -64.0308 1.8 2.5284 -65.3284 1.75 2.5284 -65.3284 5.7 3.3956 -64.0308 5.4
3 16 2.5284 -65.3284 1.75 4.6 -64.4 -0.4 3.8 -65.7 -0.7
3 16 2.5284 -65.3284 1.75 3.3956 -64.0308 1.8 4.6 -64.4 -0.4
3 16 3.8 -65.7 -0.7 4.8 -68.2 -0.9 2.5 -69 -2
3 16 3.8 -65.7 -0.7 5.8 -66.8 -0.6 4.8 -68.2 -0.9
3 16 7.2 -68.1 0.9 5.5 -70.6 1.1 4.8 -68.2 -0.9
3 16 8.1 -68.9 2.9 5.5 -70.6 1.1 7.2 -68.1 0.9
3 16 8.1 -68.9 2.9 5.6 -71.5 2.8 5.5 -70.6 1.1
3 16 5.6 -71.3 5.2 5.6 -71.5 2.8 8.1 -68.9 2.9
3 16 5.6 -71.3 5.2 8.1 -68.9 2.9 7.7 -68.8 5.7
3 16 5.3 -70.1 7.5 5.6 -71.3 5.2 7.7 -68.8 5.7
3 16 5.3 -70.1 7.5 7.7 -68.8 5.7 6.9 -67.8 7.5
3 16 3.8 -65.7 -0.7 6.4 -65.2 -0.5 5.8 -66.8 -0.6
3 16 3.8 -65.7 -0.7 4.6 -64.4 -0.4 6.4 -65.2 -0.5
4 16 4.8 -68.2 -0.9 5.8 -66.8 -0.6 8.4 -65.6 1 7.2 -68.1 0.9
3 16 5.8 -66.8 -0.6 6.4 -65.2 -0.5 8.4 -65.6 1
3 16 7.2 -68.1 0.9 9.4 -66.1 3.2 8.1 -68.9 2.9
3 16 7.2 -68.1 0.9 8.4 -65.6 1 9.4 -66.1 3.2
3 16 7.7 -68.8 5.7 8.1 -68.9 2.9 9.4 -66.1 3.2
3 16 7.7 -68.8 5.7 9.4 -66.1 3.2 8.9 -65.8 5.9
3 16 6.9 -67.8 7.5 7.7 -68.8 5.7 8.9 -65.8 5.9
3 16 6.9 -67.8 7.5 8.9 -65.8 5.9 7.8 -65.3 7.4
3 16 7.8 -65.3 7.4 5.5 -66.3 8.5 6.9 -67.8 7.5
3 16 7.8 -65.3 7.4 5.9 -64.6 8.2 5.5 -66.3 8.5
3 16 5.5 -66.3 8.5 5.9 -64.6 8.2 3.7 -64.1 7.3
3 16 3.7 -64.1 7.3 3.1 -65 7.8 4.9 -67.9 8.9
3 16 9.9 -12.7 -1.5 7.3 -11.8 -1.8 9.4 -11.2 -2
3 16 9.9 -12.7 -1.5 8.7 -13.7 -1.2 7.3 -11.8 -1.8
3 16 12.2 -10.8 -0.8 9.9 -12.7 -1.5 9.4 -11.2 -2
3 16 12.2 -10.8 -0.8 9.4 -11.2 -2 8.4 -9.1 -3.1
3 16 8.4 -9.1 -3.1 10.6 -7.6 -2.1 12.2 -10.8 -0.8
3 16 7.3 -11.8 -1.8 8.4 -9.1 -3.1 9.4 -11.2 -2
3 16 7.3 -11.8 -1.8 6 -10.2 -2.2 8.4 -9.1 -3.1
3 16 12.2 -10.8 -0.8 10.6 -7.6 -2.1 13.4 -9.2 1.9
3 16 13.4 -9.2 1.9 10.6 -7.6 -2.1 11.4 -6.6 -0.4
3 16 11.4 -6.6 -0.4 11.4 -6.4 1.4 13.4 -9.2 1.9
4 16 -4.4 -0.01 -10 -5.4 -3.8 -10 -6.7 -3.9 -9.8 -5.8 -0.01 -9.8
3 16 -7 -0.01 -9.1 -5.8 -0.01 -9.8 -6.7 -3.9 -9.8
3 16 -7 -0.01 -9.1 -6.7 -3.9 -9.8 -8.2 -3.5 -8.9
3 16 -3.5 -3.7 -9.6 -5.4 -3.8 -10 -4.4 -0.01 -10
3 16 -3.5 -3.7 -9.6 -4.4 -0.01 -10 -3 -0.01 -9.5
4 16 -8.3 -0.01 -4.3 -5.6 -0.01 -6 -7 -0.01 -9.1 -9.1 -0.01 -8.5
4 16 -9.1 -0.01 -8.5 -11.2 -0.01 -6.2 -9.7 -0.01 -1.8 -8.3 -0.01 -4.3
3 16 -9.7 -0.01 -1.8 -11.2 -0.01 -6.2 -12.5 -0.01 -2.1
4 16 -12.8 -0.01 1.7 -10 -0.01 1.8 -9.7 -0.01 -1.8 -12.5 -0.01 -2.1
4 16 -8.6 -0.01 5.2 -10 -0.01 1.8 -12.8 -0.01 1.7 -11.3 -0.01 6.4
4 16 -6.8 -0.01 7.6 -8.6 -0.01 5.2 -11.3 -0.01 6.4 -9 -0.01 9.5
4 16 -4.6 -0.01 9.2 -6.8 -0.01 7.6 -9 -0.01 9.5 -6 -0.01 11.7
4 16 -1.6 -0.01 13 -1.7 -0.01 10 -4.6 -0.01 9.2 -6 -0.01 11.7
4 16 3.5 -0.01 12.7 1.8 -0.01 9.9 -1.7 -0.01 10 -1.6 -0.01 13
4 16 7.6 -0.01 10.7 4.7 -0.01 9.2 1.8 -0.01 9.9 3.5 -0.01 12.7
3 16 7 -0.01 7.8 4.7 -0.01 9.2 7.6 -0.01 10.7
4 16 7.6 -0.01 10.7 10 -0.01 8.5 8.9 -0.01 5.4 7 -0.01 7.8
4 16 10 -0.01 8.5 12.2 -0.01 4.9 9.9 -0.01 3.2 8.9 -0.01 5.4
4 16 12.2 -0.01 4.9 12.8 -0.01 2.5 9.9 -0.01 1.8 9.9 -0.01 3.2
4 16 12.8 -0.01 2.5 12.9 -0.01 -0.1 9.9 -0.01 -1.6 9.9 -0.01 1.8
3 16 9.9 -0.01 -1.6 12.9 -0.01 -0.1 12.5 -0.01 -2.5
4 16 8.1 -0.01 -4.4 9.9 -0.01 -1.6 12.5 -0.01 -2.5 11.9 -0.01 -4.5
4 16 11.9 -0.01 -4.5 10.7 -0.01 -7 9.3 -0.01 -8.3 8.1 -0.01 -4.4
4 16 6.8 -0.01 -9.2 5.2 -0.01 -6 8.1 -0.01 -4.4 9.3 -0.01 -8.3
3 16 6 -0.01 -9.8 5.2 -0.01 -6 6.8 -0.01 -9.2
4 16 3.3 -0.01 -9.5 5.2 -0.01 -6 6 -0.01 -9.8 4.3 -0.01 -9.9
4 16 5.2 -0.01 -6 3.3 -0.01 -9.5 1.7 -0.01 -9.4 -5.6 -0.01 -6
3 16 0.1 -0.01 -9.2 -5.6 -0.01 -6 1.7 -0.01 -9.4
4 16 0.1 -0.01 -9.2 -1.5 -0.01 -9.4 -3 -0.01 -9.5 -5.6 -0.01 -6
3 16 -5.6 -0.01 -6 -3 -0.01 -9.5 -4.4 -0.01 -10
4 16 -7 -0.01 -9.1 -5.6 -0.01 -6 -4.4 -0.01 -10 -5.8 -0.01 -9.8
4 16 -6 -0.01 -1.6 -9.7 -0.01 -1.8 -10 -0.01 1.8 -6 -0.01 1.8
4 16 -1.7 -0.01 10 1.8 -0.01 9.9 1.8 -0.01 6 -1.7 -0.01 6
4 16 6 -0.01 -1.6 6 -0.01 1.8 9.9 -0.01 1.8 9.9 -0.01 -1.6
4 16 -6 -5.2 1.8 -6 -5.2 -1.6 -6 -0.01 -1.6 -6 -0.01 1.8
4 16 6 -0.01 1.8 6 -0.01 -1.6 6 -5.2 -1.6 6 -5.2 1.8
4 16 1.8 -18.2 6 -1.7 -18.2 6 -1.7 -0.01 6 1.8 -0.01 6
4 16 -5.6 -0.01 -6 -5.6 -5.2 -6 5.5 -5.2 -6 5.2 -0.01 -6
3 16 -8.3 -0.01 -4.3 -5.6 -5.2 -6 -5.6 -0.01 -6
3 16 -8.3 -0.01 -4.3 -8.3 -5.2 -4 -5.6 -5.2 -6
3 16 -8.3 -5.2 -4 -8.3 -0.01 -4.3 -9.7 -0.01 -1.8
3 16 -8.3 -5.2 -4 -9.7 -0.01 -1.8 -9.7 -5.2 -1.8
3 16 8.1 -0.01 -4.4 5.2 -0.01 -6 5.5 -5.2 -6
3 16 8.1 -0.01 -4.4 5.5 -5.2 -6 8.1 -5.2 -4.4
4 16 8.1 -0.01 -4.4 8.1 -5.2 -4.4 9.9 -5.2 -1.6 9.9 -0.01 -1.6
4 16 9.9 -5.2 -1.6 6 -5.2 -1.6 6 -0.01 -1.6 9.9 -0.01 -1.6
4 16 -6 -0.01 -1.6 -6 -5.2 -1.6 -9.7 -5.2 -1.8 -9.7 -0.01 -1.8
4 16 -2.1 -5.2 -2.3 0 -5.2 -1.8 1.5 -5.2 -2.2 -5.6 -5.2 -6
3 16 -5.6 -5.2 -6 -3.5 -5.2 -2.2 -2.1 -5.2 -2.3
4 16 5.5 -5.2 -6 -5.6 -5.2 -6 1.5 -5.2 -2.2 2.8 -5.2 -2.2
4 16 2.8 -5.2 -2.2 4 -5.2 -1.7 6 -5.2 -1.6 5.5 -5.2 -6
3 16 6 -5.2 -1.6 4 -5.2 -1.7 6 -5.2 1.8
4 16 9.9 -5.2 -1.6 8.1 -5.2 -4.4 5.5 -5.2 -6 6 -5.2 -1.6
4 16 -3.5 -5.2 -2.2 -5.6 -5.2 -6 -6 -5.2 -1.6 -4.9 -5.2 -1.8
3 16 -4.9 -5.2 -1.8 -6 -5.2 -1.6 -6 -5.2 1.8
4 16 -9.7 -5.2 -1.8 -6 -5.2 -1.6 -5.6 -5.2 -6 -8.3 -5.2 -4
3 16 4.8 -18.2 -0.4 6 -5.2 1.8 4 -5.2 -1.7
3 16 4.8 -18.2 -0.4 6.3 -18.2 1.8 6 -5.2 1.8
3 16 1.5 -5.2 -2.2 0.1 -18.2 -1 2.2 -18.2 -1.3
3 16 1.5 -5.2 -2.2 0 -5.2 -1.8 0.1 -18.2 -1
3 16 2.8 -5.2 -2.2 1.5 -5.2 -2.2 2.2 -18.2 -1.3
3 16 2.8 -5.2 -2.2 2.2 -18.2 -1.3 3.5 -18.2 -1.1
3 16 3.5 -18.2 -1.1 4 -5.2 -1.7 2.8 -5.2 -2.2
3 16 3.5 -18.2 -1.1 4.8 -18.2 -0.4 4 -5.2 -1.7
3 16 0.1 -18.2 -1 0 -5.2 -1.8 -2.1 -5.2 -2.3
3 16 -2.1 -5.2 -2.3 -2.3 -18.2 -1.4 0.1 -18.2 -1
3 16 -3.5 -5.2 -2.2 -2.3 -18.2 -1.4 -2.1 -5.2 -2.3
3 16 -3.5 -5.2 -2.2 -4 -18.2 -1.1 -2.3 -18.2 -1.4
3 16 -4.9 -5.2 -1.8 -4 -18.2 -1.1 -3.5 -5.2 -2.2
3 16 -4.9 -5.2 -1.8 -5.6 -18.2 0.3 -4 -18.2 -1.1
3 16 -5.6 -18.2 0.3 -6 -5.2 1.8 -6.3 -18.2 1.8
3 16 -5.6 -18.2 0.3 -4.9 -5.2 -1.8 -6 -5.2 1.8
3 16 -10 -0.01 1.8 -6 -5.2 1.8 -6 -0.01 1.8
4 16 -10 -18.2 1.8 -6.3 -18.2 1.8 -6 -5.2 1.8 -10 -0.01 1.8
4 16 6 -0.01 1.8 6 -5.2 1.8 6.3 -18.2 1.8 9.9 -0.01 1.8
3 16 6.3 -18.2 1.8 9.9 -18.2 1.8 9.9 -0.01 1.8
4 16 -1.7 -18.2 6 -1.7 -18.2 10 -1.7 -0.01 10 -1.7 -0.01 6
4 16 1.8 -18.2 9.9 1.8 -18.2 6 1.8 -0.01 6 1.8 -0.01 9.9
3 16 -1.7 -18.2 10 -4.6 -0.01 9.2 -1.7 -0.01 10
4 16 -1.7 -18.2 10 -4 -18.2 8.3 -6.8 -0.01 7.6 -4.6 -0.01 9.2
3 16 -4 -18.2 8.3 -6.1 -18.2 7 -6.8 -0.01 7.6
3 16 -6.1 -18.2 7 -8.6 -0.01 5.2 -6.8 -0.01 7.6
3 16 -10 -0.01 1.8 -8.6 -0.01 5.2 -8.2 -18.2 4.5
3 16 -6.1 -18.2 7 -8.2 -18.2 4.5 -8.6 -0.01 5.2
3 16 -10 -0.01 1.8 -8.2 -18.2 4.5 -10 -18.2 1.8
3 16 4.7 -0.01 9.2 1.8 -18.2 9.9 1.8 -0.01 9.9
3 16 4.7 -0.01 9.2 4.6 -18.2 8 1.8 -18.2 9.9
3 16 4.6 -18.2 8 4.7 -0.01 9.2 7 -0.01 7.8
3 16 4.6 -18.2 8 7 -0.01 7.8 6.5 -18.2 6.7
3 16 8.9 -0.01 5.4 6.5 -18.2 6.7 7 -0.01 7.8
3 16 8.9 -0.01 5.4 8.4 -18.2 4 6.5 -18.2 6.7
3 16 8.9 -0.01 5.4 9.9 -0.01 3.2 9.9 -18.2 1.8
3 16 9.9 -18.2 1.8 8.4 -18.2 4 8.9 -0.01 5.4
3 16 9.9 -0.01 3.2 9.9 -0.01 1.8 9.9 -18.2 1.8
4 16 1.8 -18.2 9.9 4.6 -18.2 8 3.1 -18.2 5.7 1.8 -18.2 6
4 16 6.5 -18.2 6.7 4 -18.2 5 3.1 -18.2 5.7 4.6 -18.2 8
4 16 4 -18.2 5 6.5 -18.2 6.7 8.4 -18.2 4 4.3 -18.2 4
4 16 4.1 -18.2 2.9 4.3 -18.2 4 8.4 -18.2 4 6.3 -18.2 1.8
4 16 4.1 -18.2 2.9 6.3 -18.2 1.8 4.8 -18.2 -0.4 3.1 -18.2 1.5
4 16 4.8 -18.2 -0.4 3.5 -18.2 -1.1 1.9 -18.2 0.5 3.1 -18.2 1.5
4 16 3.5 -18.2 -1.1 2.2 -18.2 -1.3 0.1 -18.2 -1 1.9 -18.2 0.5
3 16 -1.5 -18.2 0.3 1.9 -18.2 0.5 0.1 -18.2 -1
4 16 0.1 -18.2 -1 -2.3 -18.2 -1.4 -4 -18.2 -1.1 -1.5 -18.2 0.3
4 16 -1.5 -18.2 0.3 -4 -18.2 -1.1 -5.6 -18.2 0.3 -3.3 -18.2 1.5
4 16 -4.2 -18.2 3.6 -3.3 -18.2 1.5 -5.6 -18.2 0.3 -6.3 -18.2 1.8
4 16 -3.7 -18.2 4.8 -4.2 -18.2 3.6 -8.2 -18.2 4.5 -6.1 -18.2 7
4 16 -3.7 -18.2 4.8 -6.1 -18.2 7 -4 -18.2 8.3 -3.1 -18.2 5.7
4 16 -3.1 -18.2 5.7 -4 -18.2 8.3 -1.7 -18.2 10 -1.7 -18.2 6
4 16 -4.2 -18.2 3.6 -6.3 -18.2 1.8 -10 -18.2 1.8 -8.2 -18.2 4.5
3 16 9.9 -18.2 1.8 6.3 -18.2 1.8 8.4 -18.2 4
4 16 0.9 -34.6 5.5 -0.8 -34.6 5.5 -1.7 -18.2 6 1.8 -18.2 6
3 16 0.9 -34.6 5.5 1.8 -18.2 6 3.1 -18.2 5.7
3 16 3.1 -18.2 5.7 1.7 -34.6 5.15 0.9 -34.6 5.5
3 16 1.7 -34.6 5.15 3.1 -18.2 5.7 4 -18.2 5
3 16 1.95 -34.6 4.4 1.7 -34.6 5.15 4 -18.2 5
3 16 1.95 -34.6 4.4 4 -18.2 5 4.3 -18.2 4
3 16 1.95 -34.6 4.4 4.3 -18.2 4 4.1 -18.2 2.9
3 16 1.95 -34.6 4.4 4.1 -18.2 2.9 3.1 -18.2 1.5
3 16 3.1 -18.2 1.5 1.5 -34.6 3.7 1.95 -34.6 4.4
3 16 1.5 -34.6 3.7 3.1 -18.2 1.5 1.9 -18.2 0.5
3 16 1.9 -18.2 0.5 0.9 -34.6 3.3 1.5 -34.6 3.7
4 16 -1.5 -18.2 0.3 -0.7 -34.6 3.2 0.9 -34.6 3.3 1.9 -18.2 0.5
3 16 -3.3 -18.2 1.5 -0.7 -34.6 3.2 -1.5 -18.2 0.3
3 16 -3.3 -18.2 1.5 -1.5 -34.6 3.7 -0.7 -34.6 3.2
3 16 -4.2 -18.2 3.6 -1.5 -34.6 3.7 -3.3 -18.2 1.5
3 16 -4.2 -18.2 3.6 -1.8 -34.6 4.7 -1.5 -34.6 3.7
3 16 -3.7 -18.2 4.8 -1.8 -34.6 4.7 -4.2 -18.2 3.6
4 16 -1.4 -34.6 5.3 -1.8 -34.6 4.7 -3.7 -18.2 4.8 -3.1 -18.2 5.7
3 16 -3.1 -18.2 5.7 -1.7 -18.2 6 -0.8 -34.6 5.5
3 16 -0.8 -34.6 5.5 -1.4 -34.6 5.3 -3.1 -18.2 5.7
3 16 -1.8 -34.6 4.7 -1.4 -34.6 5.3 -0.8 -34.6 5.5
4 16 1.95 -34.6 4.4 -1.8 -34.6 4.7 -0.8 -34.6 5.5 0.9 -34.6 5.5
3 16 0.9 -34.6 5.5 1.7 -34.6 5.15 1.95 -34.6 4.4
4 16 -1.5 -34.6 3.7 -1.8 -34.6 4.7 0.9 -34.6 3.3 -0.7 -34.6 3.2
4 16 1.5 -34.6 3.7 0.9 -34.6 3.3 -1.8 -34.6 4.7 1.95 -34.6 4.4
2 24 9.4 -34.7 1.1 9.3 -34 2
2 24 11 -35.8 2.2 9.4 -34.7 1.1
2 24 12.2 -36.8 2.6 11 -35.8 2.2
2 24 9.3 -34 2 9.5 -33.8 3.2
2 24 9.5 -33.8 3.2 11.1 -34.7 3.6
2 24 11.1 -34.7 3.6 12.7 -36.2 3.7
2 24 12.7 -36.2 3.7 14 -37.7 4
2 24 14 -37.7 4 14.9 -39.4 3.9
2 24 13.8 -39.6 2.5 12.9 -37.9 2.6
2 24 12.9 -37.9 2.6 12.2 -36.8 2.6
2 24 14.2 -41.2 2 13.8 -39.6 2.5
2 24 14 -42.7 1.3 14.2 -41.2 2
2 24 13.3 -43.6 0.5 14 -42.7 1.3
2 24 11.9 -43.7 0.1 13.3 -43.6 0.5
2 24 9.9 -43.5 -0.6 11.9 -43.7 0.1
2 24 9.6 -44.1 -1.1 9.9 -43.5 -0.6
2 24 14.9 -39.4 3.9 15.5 -41.5 3.4
2 24 9.4 -44.8 -1 9.6 -44.1 -1.1
2 24 9.7 -45.4 -0.2 9.4 -44.8 -1
2 24 10.2 -45.8 0.6 9.7 -45.4 -0.2
2 24 12.3 -45.7 0.9 10.2 -45.8 0.6
2 24 13.9 -45.2 1.7 12.3 -45.7 0.9
2 24 15.1 -43.7 2.7 13.9 -45.2 1.7
2 24 15.5 -41.5 3.4 15.1 -43.7 2.7
2 24 10.3 -42.8 0.3 10.7 -41.3 1.6
2 24 9.9 -43.5 -0.6 10.3 -42.8 0.3
2 24 10.7 -41.3 1.6 10.8 -39.6 2.2
2 24 10.8 -39.6 2.2 10.4 -37.3 1.6
2 24 10.4 -37.3 1.6 9.4 -34.7 1.1
2 24 -11.2 -36 2.1 -10.3 -35.8 1.5
2 24 -10.3 -35.8 1.5 -10.9 -37.7 1.7
2 24 -10.9 -37.7 1.7 -11.1 -39.4 1.9
2 24 -11.1 -39.4 1.9 -11.2 -41.3 1.5
2 24 -11.2 -41.3 1.5 -11 -42.6 0.7
2 24 -11 -42.6 0.7 -10.5 -44.1 -0.6
2 24 -10.5 -44.1 -0.6 -11.5 -44.5 -0.3
2 24 -11.5 -44.5 -0.3 -12.8 -44.3 0.2
2 24 -12.8 -44.3 0.2 -13.9 -43.4 0.8
2 24 -13.9 -43.4 0.8 -14.4 -42.1 1.5
2 24 -14.4 -42.1 1.5 -14.2 -40.3 2.2
2 24 -14.2 -40.3 2.2 -13.3 -38.2 2.6
2 24 -13.3 -38.2 2.6 -12.5 -36.8 2.7
2 24 -12.5 -36.8 2.7 -11.2 -36 2.1
2 24 -10.2 -45.5 -0.6 -11.5 -45.6 0
2 24 -10.4 -44.8 -0.8 -10.2 -45.5 -0.6
2 24 -11.5 -45.6 0 -13.3 -45.1 0.5
2 24 -13.3 -45.1 0.5 -14.6 -43.8 1.2
2 24 -14.6 -43.8 1.2 -15.2 -42.1 2.4
2 24 -15.2 -42.1 2.4 -14.9 -40 3.1
2 24 -14.9 -40 3.1 -13.9 -37.8 3.4
2 24 -13.9 -37.8 3.4 -12.7 -36.3 3.5
2 24 -12.7 -36.3 3.5 -11.4 -35.1 3.4
2 24 -11.4 -35.1 3.4 -10 -34.3 3
2 24 -10 -34.3 3 -10 -34.6 2.1
2 24 -10 -34.6 2.1 -10.3 -35.8 1.5
2 24 -10.5 -44.1 -0.6 -10.4 -44.8 -0.8
2 24 -10.2 -45.5 -0.6 -10.4 -45.5 1.4
2 24 -10.2 -34.3 4 -10 -34.3 3
2 24 -10.3 -34.9 5 -10.2 -34.3 4
2 24 -10.8 -41.7 6.1 -10.9 -39.8 6.6
2 24 -10.8 -43.6 4.7 -10.8 -41.7 6.1
2 24 -10.6 -44.9 3.2 -10.8 -43.6 4.7
2 24 -10.4 -45.5 1.4 -10.6 -44.9 3.2
2 24 -10.9 -39.8 6.6 -10.8 -38 6.5
2 24 -10.8 -38 6.5 -10.6 -36.2 5.9
2 24 -10.6 -36.2 5.9 -10.3 -34.9 5
2 24 8.1 -31.5 3.5 9.5 -33.8 3.2
2 24 5.9 -29.1 3.5 8.1 -31.5 3.5
2 24 9.4 -46.7 0.8 8.1 -48.6 0.9
2 24 10.2 -45.8 0.6 9.4 -46.7 0.8
2 24 -7.3 -29.9 4.6 -5.7 -28.5 3.1
2 24 -7.1 -29.8 6.6 -7.3 -29.9 4.6
2 24 -5.9 -30.4 9.1 -7.1 -29.8 6.6
2 24 -3.5 -31 10.9 -5.9 -30.4 9.1
2 24 -0.6 -31.2 11.9 -3.5 -31 10.9
2 24 2.1 -31.1 11.6 -0.6 -31.2 11.9
2 24 4.2 -32.8 11.4 2.1 -31.1 11.6
2 24 6.4 -49.8 6.5 7.1 -48.2 7.6
2 24 5.7 -50.9 4.6 6.4 -49.8 6.5
2 24 6 -50.8 2.3 5.7 -50.9 4.6
2 24 8.1 -48.6 0.9 6 -50.8 2.3
2 24 7.1 -48.2 7.6 7.9 -46.6 8.3
2 24 7.9 -46.6 8.3 8.6 -44.5 8.8
2 24 8.6 -44.5 8.8 9.1 -41.2 9.6
2 24 9.1 -41.2 9.6 7.8 -37.5 10.5
2 24 7.8 -37.5 10.5 5.8 -34.6 11.2
2 24 5.8 -34.6 11.2 4.2 -32.8 11.4
2 24 9.8 -23.5 6.4 10.1 -24.4 7.6
2 24 10.1 -24.4 7.6 9.6 -24 9.2
2 24 9.6 -24 9.2 8.6 -22.7 10.8
2 24 8.6 -22.7 10.8 7.4 -23.9 11.7
2 24 7.4 -23.9 11.7 5.9 -25.3 12.9
2 24 5.9 -25.3 12.9 4.1 -26.6 13.5
2 24 4.1 -26.6 13.5 2.8 -28.8 13.1
2 24 2.8 -28.8 13.1 2.1 -31.1 11.6
2 24 7.8 -52.2 0.7 7.1 -55.5 0.6
2 24 8.1 -48.6 0.9 7.8 -52.2 0.7
2 24 7.1 -55.5 0.6 6 -60.8 -0.2
2 24 6 -60.8 -0.2 4.6 -64.4 -0.4
2 24 -7.1 -27.9 8.7 -7.1 -29.8 6.6
2 24 -7.8 -25.8 9.4 -7.1 -27.9 8.7
2 24 -8.5 -23.6 9.9 -7.8 -25.8 9.4
2 24 -9.3 -21.3 9.9 -8.5 -23.6 9.9
2 24 -10.4 -18.8 9.4 -9.3 -21.3 9.9
2 24 -10 -17.4 11 -10.4 -18.8 9.4
2 24 8.6 -22.7 10.8 7.6 -20.9 13.2
2 24 -9.5 -15.6 12.5 -10 -17.4 11
2 24 7.1 -17.9 14.9 6.6 -14.8 15.6
2 24 6.6 -14.8 15.6 5.9 -11.4 15.5
2 24 5.9 -11.4 15.5 3.4 -7.9 15
2 24 3.4 -7.9 15 -0.9 -6.7 14.6
2 24 7.6 -20.9 13.2 7.1 -17.9 14.9
2 24 -0.9 -6.7 14.6 -5.2 -8.1 14.2
2 24 -5.2 -8.1 14.2 -7.4 -10.7 14.1
2 24 -7.4 -10.7 14.1 -8.6 -13.2 13.5
2 24 -8.6 -13.2 13.5 -9.5 -15.6 12.5
2 24 -16.7 -19.5 3.7 -16.8 -19.2 1.9
2 24 -16.8 -19.2 1.9 -16 -18.3 0.3
2 24 -16 -18.3 0.3 -13.9 -16.2 -1.6
2 24 -13.9 -16.2 -1.6 -11.7 -14.3 -2.9
2 24 -11.7 -14.3 -2.9 -9.7 -11.9 -4.4
2 24 -10.4 -18.8 9.4 -11.9 -19.3 8.7
2 24 -11.9 -19.3 8.7 -13.2 -19.5 7.8
2 24 -15.8 -19.6 5.5 -16.7 -19.5 3.7
2 24 -14.4 -19.7 6.9 -15.8 -19.6 5.5
2 24 -13.2 -19.5 7.8 -14.4 -19.7 6.9
2 24 -10 -5.3 -7.3 -10.1 -7.1 -5.4
2 24 -10.1 -7.1 -5.4 -10.8 -6.2 -4.1
2 24 -10.8 -6.2 -4.1 -11.6 -6.4 -0.8
2 24 -9.8 -4.2 -8 -10 -5.3 -7.3
2 24 -12.5 -0.01 -2.1 -11.2 -0.01 -6.2
2 24 -9.1 -0.01 -8.5 -9.8 -4.2 -8
2 24 -11.2 -0.01 -6.2 -9.1 -0.01 -8.5
2 24 -12.8 -0.01 1.7 -12.5 -0.01 -2.1
2 24 -11.6 -6.4 -0.8 -11.3 -5.8 2.6
2 24 -11.3 -0.01 6.4 -12.8 -0.01 1.7
2 24 -11.3 -5.8 2.6 -10.1 -5.8 6.9
2 24 -9 -0.01 9.5 -11.3 -0.01 6.4
2 24 -10.1 -5.8 6.9 -8.6 -5.6 9.7
2 24 -8.6 -5.6 9.7 -5.9 -5.1 12
2 24 -6 -0.01 11.7 -9 -0.01 9.5
2 24 -1.6 -0.01 13 -6 -0.01 11.7
2 24 -5.9 -5.1 12 -1.1 -4.7 13.3
2 24 3.5 -0.01 12.7 -1.6 -0.01 13
2 24 -1.1 -4.7 13.3 3.6 -5 12.9
2 24 3.6 -5 12.9 7.2 -5.2 11.1
2 24 7.6 -0.01 10.7 3.5 -0.01 12.7
2 24 7.2 -5.2 11.1 9.4 -5.8 8.6
2 24 10 -0.01 8.5 7.6 -0.01 10.7
2 24 9.4 -5.8 8.6 10.5 -6.3 4.8
2 24 12.2 -0.01 4.9 10 -0.01 8.5
2 24 12.8 -0.01 2.5 12.2 -0.01 4.9
2 24 10.5 -6.3 4.8 11.4 -6.4 1.4
2 24 12.9 -0.01 -0.1 12.8 -0.01 2.5
2 24 11.4 -6.4 1.4 11.4 -6.6 -0.4
2 24 -9.7 -11.9 -4.4 -9.3 -10.6 -5.3
2 24 -8.5 -11.3 -7.1 -8.6 -12.8 -6.1
2 24 -9.3 -10.6 -5.3 -9.5 -9 -5.6
2 24 -8.9 -9.1 -7.9 -8.5 -11.3 -7.1
2 24 -9.4 -6.9 -8.2 -8.9 -9.1 -7.9
2 24 -9.5 -9 -5.6 -10.1 -7.1 -5.4
2 24 -9.2 -5 -8.8 -9.4 -6.9 -8.2
2 24 -9.8 -4.2 -8 -8.2 -3.5 -8.9
2 24 -8.2 -4.4 -9.3 -9.2 -5 -8.8
2 24 -8.2 -3.5 -8.9 -6.7 -3.9 -9.8
2 24 -6.9 -4.7 -9.8 -8.2 -4.4 -9.3
2 24 -5.4 -4.8 -10.1 -6.9 -4.7 -9.8
2 24 -6.7 -3.9 -9.8 -5.4 -3.8 -10
2 24 -4.2 -4.7 -10.1 -5.4 -4.8 -10.1
2 24 -5.4 -3.8 -10 -3.5 -3.7 -9.6
2 24 -3.5 -3.7 -9.6 -2.9 -6.7 -9.1
2 24 -3.5 -7.3 -9.3 -4.2 -4.7 -10.1
2 24 -2.9 -6.7 -9.1 -2.3 -7.9 -8.1
2 24 -3.5 -10.2 -8.1 -3.5 -7.3 -9.3
2 24 -4.8 -13 -6.4 -3.5 -10.2 -8.1
2 24 -6.4 -15.1 -4.9 -4.8 -13 -6.4
2 24 -2.3 -7.9 -8.1 -1.8 -8.6 -6.1
2 24 -1.8 -8.6 -6.1 -1.5 -9.2 -3.8
2 24 -9.1 -0.01 -8.5 -7 -0.01 -9.1
2 24 -7 -0.01 -9.1 -8.2 -3.5 -8.9
2 24 -1.5 -0.01 -9.4 0.1 -0.01 -9.2
2 24 0.1 -0.01 -9.2 1.7 -0.01 -9.4
2 24 1.7 -0.01 -9.4 3.3 -0.01 -9.5
2 24 3.3 -0.01 -9.5 3.8 -3.1 -9.6
2 24 -3 -0.01 -9.5 -1.5 -0.01 -9.4
2 24 -3.5 -3.7 -9.6 -3 -0.01 -9.5
2 24 3.8 -3.1 -9.6 4.6 -5.1 -9.2
2 24 0.2 -5.4 -9.2 0.1 -7 -8.1
2 24 0.1 -7 -8.1 0.1 -7.8 -5.9
2 24 0.1 -7.8 -5.9 0.2 -8.5 -3.4
2 24 4.6 -5.1 -9.2 5.2 -7.6 -8
2 24 4.3 -0.01 -9.9 6 -0.01 -9.8
2 24 3.3 -0.01 -9.5 4.3 -0.01 -9.9
2 24 6 -0.01 -9.8 6.8 -0.01 -9.2
2 24 6.8 -0.01 -9.2 7.6 -2.5 -9.2
2 24 7.6 -2.5 -9.2 8.8 -4.4 -8.5
2 24 8.8 -4.4 -8.5 8.7 -6 -7.9
2 24 6.8 -0.01 -9.2 9.3 -0.01 -8.3
2 24 9.3 -0.01 -8.3 10.7 -0.01 -7
2 24 10.7 -0.01 -7 11.9 -0.01 -4.5
2 24 11.9 -0.01 -4.5 12.5 -0.01 -2.5
2 24 10.6 -7.6 -2.1 8.4 -9.1 -3.1
2 24 8.4 -9.1 -3.1 6 -10.2 -2.2
2 24 11.4 -6.6 -0.4 10.6 -7.6 -2.1
2 24 12.5 -0.01 -2.5 12.9 -0.01 -0.1
2 24 2.5 -65.8 8.3 1 -66.9 9.5
2 24 3.1 -65 7.8 2.5 -65.8 8.3
2 24 1 -66.9 9.5 -0.4 -67 10
2 24 -0.4 -67 10 -2.1 -66.5 10
2 24 -2.1 -66.5 10 -3.8 -65 9.9
2 24 -3.8 -65 9.9 -4.9 -63.6 9.4
2 24 -4.9 -63.6 9.4 -7.1 -64.3 8.7
2 24 -7.1 -64.3 8.7 -7.7 -65.9 7.4
2 24 -7.7 -65.9 7.4 -6.1 -68.8 7.7
2 24 -6.1 -68.8 7.7 -3.1 -73.3 6.5
2 24 -3.1 -73.3 6.5 -1.9 -73.3 7.1
2 24 -1.9 -73.3 7.1 2.5 -72 7.5
2 24 0 -67.2 -1.4 2 -66.9 -1.2
2 24 -1.8 -66.6 -1.3 0 -67.2 -1.4
2 24 -5.5 -69.3 -1 -7.5 -65.3 -0.4
2 24 -7.5 -65.3 -0.4 -6.2 -63.7 -0.8
2 24 -3.3 -65.2 -1 -1.8 -66.6 -1.3
2 24 -6.2 -63.7 -0.8 -4.3 -63.8 -0.7
2 24 -4.3 -63.8 -0.7 -3.3 -65.2 -1
2 24 -2.9 -73 -0.5 -5.5 -69.3 -1
2 24 -8.2 -65.6 5.7 -8.2 -65.2 2.2
2 24 -8.2 -65.2 2.2 -7.5 -65.3 -0.4
2 24 -7.7 -65.9 7.4 -8.2 -65.6 5.7
2 24 -4.5 -63.4 2.4 -4.3 -63.8 -0.7
2 24 -4.5 -63.3 6.3 -4.5 -63.4 2.4
2 24 -4.9 -63.6 9.4 -4.5 -63.3 6.3
2 24 3.8 -65.7 -0.7 2 -66.9 -1.2
2 24 3.1 -65 7.8 3.7 -64.1 7.3
2 24 4.6 -64.4 -0.4 3.8 -65.7 -0.7
2 24 -5.8 -0.01 -9.8 -4.4 -0.01 -10
2 24 -7 -0.01 -9.1 -5.8 -0.01 -9.8
2 24 -4.4 -0.01 -10 -3 -0.01 -9.5
2 24 -8.3 -0.01 -4.3 -5.6 -0.01 -6
2 24 -9.7 -0.01 -1.8 -8.3 -0.01 -4.3
2 24 -8.6 -0.01 5.2 -10 -0.01 1.8
2 24 -6.8 -0.01 7.6 -8.6 -0.01 5.2
2 24 -4.6 -0.01 9.2 -6.8 -0.01 7.6
2 24 -1.7 -0.01 10 -4.6 -0.01 9.2
2 24 4.7 -0.01 9.2 1.8 -0.01 9.9
2 24 7 -0.01 7.8 4.7 -0.01 9.2
2 24 8.9 -0.01 5.4 7 -0.01 7.8
2 24 9.9 -0.01 3.2 8.9 -0.01 5.4
2 24 9.9 -0.01 1.8 9.9 -0.01 3.2
2 24 8.1 -0.01 -4.4 9.9 -0.01 -1.6
2 24 5.2 -0.01 -6 8.1 -0.01 -4.4
2 24 -5.6 -0.01 -6 5.2 -0.01 -6
2 24 -6 -0.01 1.8 -6 -0.01 -1.6
2 24 -6 -0.01 -1.6 -9.7 -0.01 -1.8
2 24 -10 -0.01 1.8 -6 -0.01 1.8
2 24 1.8 -0.01 9.9 1.8 -0.01 6
2 24 1.8 -0.01 6 -1.7 -0.01 6
2 24 -1.7 -0.01 6 -1.7 -0.01 10
2 24 9.9 -0.01 -1.6 6 -0.01 -1.6
2 24 6 -0.01 -1.6 6 -0.01 1.8
2 24 6 -0.01 1.8 9.9 -0.01 1.8
2 24 -6 -5.2 -1.6 -6 -0.01 -1.6
2 24 -6 -0.01 1.8 -6 -5.2 1.8
2 24 -6 -5.2 1.8 -6 -5.2 -1.6
2 24 6 -5.2 1.8 6 -0.01 1.8
2 24 6 -0.01 -1.6 6 -5.2 -1.6
2 24 6 -5.2 -1.6 6 -5.2 1.8
2 24 -1.7 -18.2 6 -1.7 -0.01 6
2 24 1.8 -0.01 6 1.8 -18.2 6
2 24 -5.6 -5.2 -6 5.5 -5.2 -6
2 24 -8.3 -5.2 -4 -5.6 -5.2 -6
2 24 -9.7 -0.01 -1.8 -9.7 -5.2 -1.8
2 24 -9.7 -5.2 -1.8 -8.3 -5.2 -4
2 24 5.5 -5.2 -6 8.1 -5.2 -4.4
2 24 8.1 -5.2 -4.4 9.9 -5.2 -1.6
2 24 9.9 -5.2 -1.6 9.9 -0.01 -1.6
2 24 9.9 -5.2 -1.6 6 -5.2 -1.6
2 24 -6 -5.2 -1.6 -9.7 -5.2 -1.8
2 24 0 -5.2 -1.8 1.5 -5.2 -2.2
2 24 -2.1 -5.2 -2.3 0 -5.2 -1.8
2 24 -3.5 -5.2 -2.2 -2.1 -5.2 -2.3
2 24 -4.9 -5.2 -1.8 -3.5 -5.2 -2.2
2 24 1.5 -5.2 -2.2 2.8 -5.2 -2.2
2 24 2.8 -5.2 -2.2 4 -5.2 -1.7
2 24 4 -5.2 -1.7 6 -5.2 1.8
2 24 -6 -5.2 1.8 -4.9 -5.2 -1.8
2 24 4.8 -18.2 -0.4 6.3 -18.2 1.8
2 24 6.3 -18.2 1.8 6 -5.2 1.8
2 24 0.1 -18.2 -1 2.2 -18.2 -1.3
2 24 0 -5.2 -1.8 0.1 -18.2 -1
2 24 2.2 -18.2 -1.3 3.5 -18.2 -1.1
2 24 3.5 -18.2 -1.1 4.8 -18.2 -0.4
2 24 -2.3 -18.2 -1.4 0.1 -18.2 -1
2 24 -4 -18.2 -1.1 -2.3 -18.2 -1.4
2 24 -5.6 -18.2 0.3 -4 -18.2 -1.1
2 24 -6 -5.2 1.8 -6.3 -18.2 1.8
2 24 -6.3 -18.2 1.8 -5.6 -18.2 0.3
2 24 -10 -0.01 1.8 -10 -18.2 1.8
2 24 -10 -18.2 1.8 -6.3 -18.2 1.8
2 24 6.3 -18.2 1.8 9.9 -18.2 1.8
2 24 9.9 -18.2 1.8 9.9 -0.01 1.8
2 24 -1.7 -18.2 10 -1.7 -0.01 10
2 24 -1.7 -18.2 6 -1.7 -18.2 10
2 24 1.8 -0.01 9.9 1.8 -18.2 9.9
2 24 1.8 -18.2 9.9 1.8 -18.2 6
2 24 -1.7 -18.2 10 -4 -18.2 8.3
2 24 -4 -18.2 8.3 -6.1 -18.2 7
2 24 -6.1 -18.2 7 -8.2 -18.2 4.5
2 24 -8.2 -18.2 4.5 -10 -18.2 1.8
2 24 4.6 -18.2 8 1.8 -18.2 9.9
2 24 6.5 -18.2 6.7 4.6 -18.2 8
2 24 8.4 -18.2 4 6.5 -18.2 6.7
2 24 9.9 -18.2 1.8 8.4 -18.2 4
2 24 3.1 -18.2 5.7 1.8 -18.2 6
2 24 4 -18.2 5 3.1 -18.2 5.7
2 24 4.3 -18.2 4 4 -18.2 5
2 24 4.1 -18.2 2.9 4.3 -18.2 4
2 24 3.1 -18.2 1.5 4.1 -18.2 2.9
2 24 1.9 -18.2 0.5 3.1 -18.2 1.5
2 24 -1.5 -18.2 0.3 1.9 -18.2 0.5
2 24 -3.3 -18.2 1.5 -1.5 -18.2 0.3
2 24 -4.2 -18.2 3.6 -3.3 -18.2 1.5
2 24 -3.7 -18.2 4.8 -4.2 -18.2 3.6
2 24 -3.1 -18.2 5.7 -3.7 -18.2 4.8
2 24 -1.7 -18.2 6 -3.1 -18.2 5.7
2 24 0.9 -34.6 5.5 -0.8 -34.6 5.5
2 24 1.7 -34.6 5.15 0.9 -34.6 5.5
2 24 1.95 -34.6 4.4 1.7 -34.6 5.15
2 24 1.5 -34.6 3.7 1.95 -34.6 4.4
2 24 0.9 -34.6 3.3 1.5 -34.6 3.7
2 24 -0.7 -34.6 3.2 0.9 -34.6 3.3
2 24 -1.5 -34.6 3.7 -0.7 -34.6 3.2
2 24 -1.8 -34.6 4.7 -1.5 -34.6 3.7
2 24 -1.4 -34.6 5.3 -1.8 -34.6 4.7
2 24 -0.8 -34.6 5.5 -1.4 -34.6 5.3

3 16 -10.4 -44.8 -0.8 -9.5 -42.8 -1.3 -8.9 -44.1 -2.1
3 16 -10.4 -44.8 -0.8 -8.9 -44.1 -2.1 -8.9 -45.5 -1.5
3 16 -10.4 -44.8 -0.8 -8.9 -45.5 -1.5 -10.2 -45.5 -0.6
3 16 -7.8 -47.9 -0.8 -10.2 -45.5 -0.6 -8.9 -45.5 -1.5
3 16 -10.2 -39.6 0 -11.1 -39.4 1.9 -10.9 -37.7 1.7

3 16 0.2 -17.7 18.3 0 -19.6 18.1 0.7654 -19.7522 18.0543
3 16 0.2 -17.7 18.3 0.7654 -19.7522 18.0543 1.4142 -20.1858 17.9243
3 16 1.4142 -20.1858 17.9243 2.5 -18.3 17.7 0.2 -17.7 18.3
3 16 2.5 -18.3 17.7 1.4142 -20.1858 17.9243 1.8478 -20.8346 17.7296
3 16 1.8478 -20.8346 17.7296 2 -21.6 17.5 4.6 -19.8 16.3
3 16 2 -21.6 17.5 1.8478 -22.3654 17.2704 2.7 -24.3 15.9
3 16 2.7 -24.3 15.9 1.8478 -22.3654 17.2704 1.4142 -23.0142 17.0757
3 16 1.4142 -23.0142 17.0757 0.7654 -23.4478 16.9457 0.2 -24.8 16.4
3 16 0.2 -24.8 16.4 0.7654 -23.4478 16.9457 0 -23.6 16.9
3 16 0.2 -24.8 16.4 0 -23.6 16.9 -0.7654 -23.4478 16.9457
3 16 0.2 -24.8 16.4 -0.7654 -23.4478 16.9457 -1.4142 -23.0142 17.0757
3 16 -3.7 -26.4 14 -1.4142 -23.0142 17.0757 -1.8478 -22.3654 17.2704
3 16 -1.8478 -22.3654 17.2704 -3.6 -24.2 15.3 -3.7 -26.4 14
4 16 -3.6 -21.6 16.4 -3.6 -24.2 15.3 -1.8478 -22.3654 17.2704 -2 -21.6 17.5
3 16 -3.6 -21.6 16.4 -2 -21.6 17.5 -1.8478 -20.8346 17.7296
3 16 -3.6 -21.6 16.4 -1.8478 -20.8346 17.7296 -2.4 -19.2 17.7
3 16 -2.4 -19.2 17.7 -1.8478 -20.8346 17.7296 -1.4142 -20.1858 17.9243
3 16 -1.4142 -20.1858 17.9243 -0.7654 -19.7522 18.0543 0.2 -17.7 18.3
3 16 0.2 -17.7 18.3 -2.4 -19.2 17.7 -1.4142 -20.1858 17.9243
3 16 0.2 -17.7 18.3 -0.7654 -19.7522 18.0543 0 -19.6 18.1

2 24 0 -27 0.2 3.5 -27.9 1.4
2 24 -3.5 -27.9 1.4 0 -27 0.2
2 24 3.5 -27.9 1.4 5.9 -29.1 3.5
2 24 -5.7 -28.5 3.1 -3.5 -27.9 1.4
2 24 -5.7 -28.5 3.1 -5.9 -25.7 2.9
2 24 -5.9 -25.7 2.9 -7.5 -23.1 2.3
2 24 -7.5 -23.1 2.3 -8.7 -21 1.3
2 24 -8.7 -21 1.3 -8.9 -19.7 0
2 24 -8.9 -19.7 0 -8.4 -18.7 -1.2
2 24 -8.4 -18.7 -1.2 -7.3 -17.3 -2.7
2 24 -7.3 -17.3 -2.7 -5.9 -15.6 -3.9
2 24 9.6 -16.3 -0.3 9.6 -19.7 1.7
2 24 9.6 -19.7 1.7 9.3 -21.9 4.1
2 24 9.3 -21.9 4.1 9.8 -23.5 6.4
2 24 8.7 -13.7 -1.2 9.6 -16.3 -0.3
2 24 7.3 -11.8 -1.8 8.7 -13.7 -1.2
2 24 -5.9 -15.6 -3.9 -3.9 -13.4 -4.5
2 24 -3.9 -13.4 -4.5 -2.5 -11.3 -4.5
2 24 -2.5 -11.3 -4.5 -1.5 -9.2 -3.8
2 24 -1.5 -9.2 -3.8 0.2 -8.5 -3.4
2 24 0.2 -8.5 -3.4 3.2 -9.7 -3.7
2 24 3.2 -9.7 -3.7 6 -10.2 -2.2
2 24 6 -10.2 -2.2 7.3 -11.8 -1.8
2 24 5.9 -29.1 3.5 6.3 -26.5 3.9
2 24 6.3 -26.5 3.9 7.7 -24.6 4.7
2 24 7.7 -24.6 4.7 9.8 -23.5 6.4
5 24 16.2 -43.9 3.8 16.8 -44.1 5.1 16 -46.5 4.7 16.6 -41.5 4.2
5 24 16.6 -39.8 6.2 17.1 -41.6 5.7 16.6 -41.5 4.2 16.9 -42.1 7.4
5 24 17.1 -41.6 5.7 16.6 -41.5 4.2 16.8 -44.1 5.1 16.6 -39.8 6.2
5 24 15 -37.7 4.9 13.9 -35.8 5.1 14 -37.7 4 15.5 -37.8 6.5
5 24 17.1 -41.6 5.7 16.8 -44.1 5.1 16.6 -41.5 4.2 16.9 -42.1 7.4
5 24 12.6 -33.8 8.9 13.9 -36.1 8.4 11.6 -35 10.3 14.1 -35.5 7.1
5 24 18.2 -20.1 5.9 17.4 -17 4.4 16 -19.3 2 16 -15.1 8.1
5 24 -3.1284 -65.3284 2.4 -1.8308 -66.1956 2.2 -1.8308 -66.1956 6.8 -1.8 -66.6 -1.3
5 24 -2.9 -14.4 -4.7 -1.8 -17.2 -4.2 -4.5 -16.7 -3.9 -1.1 -15 -4.8
5 24 -9.4 -26.9 3.2 -8.6 -25.8 2.4 -10.4 -25.9 3 -8.3 -27.6 3.2
5 24 4.2 -6.8 14.2 8.3 -7.2 12.3 7.2 -5.2 11.1 7.2 -10.5 14.8
5 24 -14.1 -40.6 4.8 -14 -42.5 4.4 -12.5 -41.2 5.7 -15 -42.3 3.5
5 24 9.4 -44.8 -1 8.9 -45.5 -1.5 8.9 -44.1 -2.1 9.7 -45.4 -0.2
5 24 18.2 -20.1 5.9 16.9 -22 3.6 16 -19.3 2 17 -23.8 5.8
5 24 -14.4 -19.7 6.9 -17.5 -18.6 5.8 -16.2 -17.4 7.9 -15.8 -19.6 5.5
5 24 15 -43.2 1.8 15 -41.3 2.4 14.6 -42.9 1.4 15.5 -41.5 3.4
5 24 -4.3 -37.8 12.5 0.1 -37.8 13.1 -0.1 -33.9 12.5 -4.1 -42.4 12.2
5 24 -2.5 -19.7 -2.9 0.4 -22.1 -1.6 -3.2 -21.9 -1.2 0.6 -19.7 -3.1
5 24 -13.2 -44.5 3.4 -14.6 -43.9 2.3 -13.3 -45 1.8 -14.3 -43.8 3.4
5 24 -4.9 -63.6 9.4 -7.5 -63.9 6 -7.1 -64.3 8.7 -4.5 -63.3 6.3
5 24 12.9 -20.6 1.5 9.6 -16.3 -0.3 9.6 -19.7 1.7 11.1 -15.6 -0.5
5 24 -0.1 -52.1 3.4 -4.4 -49.7 7.2 0.1 -50.9 7.3 -4.7 -51.1 3.3
5 24 -19.8 -17.5 4.1 -20.1 -15.4 4.6 -18.8 -17.5 5.6 -20.5 -15.1 2.8
5 24 -12 -9 -4.3 -12.8 -8.2 -2.8 -15.3 -10.3 -1.4 -10.8 -6.2 -4.1
5 24 4.7 -50.7 0.6 0 -51.9 0.4 4.6 -50 -1.6 3.7 -51.5 3.6
5 24 9 -25.7 10.4 10.3 -29 9.9 10.9 -28 7.7 8 -26.9 11.6
5 24 7.3 -11.8 -1.8 9.9 -12.7 -1.5 9.4 -11.2 -2 8.7 -13.7 -1.2
5 24 -4.2 -4.7 -10.1 -5.4 -3.8 -10 -3.5 -3.7 -9.6 -5.4 -4.8 -10.1
5 24 8.1 -60.9 0 11.2 -55.5 1.5 9.9 -60.9 1.4 9.2 -55.5 0.4
5 24 -15 -40.2 3.8 -15 -40.2 3.4 -15 -42.3 3.5 -14 -37.8 3.8
5 24 -8.9 -45.5 -1.5 -7.8 -47.9 -0.8 -10.2 -45.5 -0.6 -7.3 -46.6 -2.8
5 24 -10.4 -25.9 3 -8.6 -25.8 2.4 -10 -24.2 1.8 -9.4 -26.9 3.2
5 24 9.1 -46.3 -0.3 8.9 -45.5 -1.5 7.8 -47.9 -0.8 9.7 -45.4 -0.2
5 24 -2.4 -10.1 -6.7 -3.9 -13.4 -4.5 -2.5 -11.3 -4.5 -4.8 -13 -6.4
5 24 14.5 -39.4 2.9 14.2 -41.2 2 13.8 -39.6 2.5 15 -41.3 2.4
5 24 8 -32.7 -0.3 8.1 -31.5 3.5 6.3 -30.4 0 9.3 -34 2
5 24 13.8 -44.4 0.5 13.8 -44.9 1 15 -43.2 1.8 12.1 -45.4 0.2
5 24 -11.3 -9.3 11.4 -8.7 -9.4 13.2 -6.1 -6.8 13.3 -12.8 -11.8 11.5
5 24 -18.4 -18.9 3.8 -19.8 -17.5 4.1 -18.8 -17.5 5.6 -18.5 -18.6 1.8
5 24 -15.4 -21 5.3 -15.3 -21.6 3.5 -16.7 -19.5 3.7 -14.3 -23 5.1
5 24 -10 -24.2 1.8 -9.8 -21.7 0.8 -11.3 -22.4 0.8 -8.5 -23.5 1.9
5 24 16 -46.5 4.7 16.2 -43.9 3.8 16.8 -44.1 5.1 14.7 -46.3 2.7
5 24 -16.3 -13.3 -1.8 -17 -11.9 -0.6 -14.5 -11.4 -2.9 -18.3 -13.4 0
5 24 -0.3 -66.5 6.3 1.2308 -66.1956 6.1 1 -66.9 9.5 -0.3 -66.5 2.3
5 24 -15 -40.2 3.8 -14.1 -40.6 4.8 -15 -42.3 3.5 -13.3 -38.6 5.2
5 24 -10.8 -38 6.5 -11.9 -38.1 6.1 -12.1 -39.2 6.1 -11.4 -36.4 5.7
5 24 12.7 -36.2 3.7 10.9 -35.1 2.7 12.5 -36.5 3 11.1 -34.7 3.6
5 24 -12.4 -43.2 4.8 -13.2 -44.5 3.4 -14 -42.5 4.4 -12 -44.7 3.3
5 24 -14.4 -43.6 0.9 -14.6 -43.8 1.2 -14.9 -42 1.9 -13.3 -45.1 0.5
5 24 -12.8 -36.5 4.5 -11.4 -35.3 4.7 -11.4 -36.4 5.7 -12.8 -36.2 3.9
5 24 9.1 -34.6 11.3 10.2 -36.8 10.9 11.6 -35 10.3 7.8 -37.5 10.5
5 24 -11.4 -26.3 4.4 -10.2 -27.4 4.9 -9.4 -26.9 3.2 -10.3 -27.1 6.5
5 24 9.8 -6.1 -6.9 8.7 -7.4 -6.7 10.5 -6.5 -4.8 8.7 -6 -7.9
5 24 -11.6 -45 -0.3 -11.5 -44.5 -0.3 -12.8 -44.3 0.2 -10.4 -44.8 -0.8
5 24 -10.3 -27.1 6.5 -9.9 -26.2 8 -11.8 -25.6 6.3 -8.3 -27.8 7.7
5 24 5.3 -70.1 7.5 7.7 -68.8 5.7 5.6 -71.3 5.2 6.9 -67.8 7.5
5 24 -12.8 -22.8 1.6 -11.3 -22.4 0.8 -13.1 -21.2 0.4 -11.7 -24.3 2.3
5 24 3.1 -65 7.8 2.5284 -65.3284 5.7 3.7 -64.1 7.3 2.5 -65.8 8.3
5 24 -3.2 -24.6 0.6 0.3 -24.8 -0.1 -3.2 -21.9 -1.2 0 -27 0.2
5 24 9.6 -24 9.2 9 -25.7 10.4 10.9 -28 7.7 8.6 -22.7 10.8
5 24 -16.5 -16.2 -1.1 -17.7 -14.7 -0.9 -17.8 -16.8 -0.3 -15.4 -15 -2
5 24 -17.5 -18.6 5.8 -18.4 -18.9 3.8 -18.8 -17.5 5.6 -15.8 -19.6 5.5
5 24 -18.4 -18.9 3.8 -18.5 -18.6 1.8 -16.8 -19.2 1.9 -19.8 -17.5 4.1
5 24 -1.8 -73.7 1.7 -2.9 -73 -0.5 -3 -73.5 1.9 -1 -72.7 -1.1
5 24 9.3 -26.4 5.5 8.4 -28.8 4.3 9.5 -30 4.5 7.7 -24.6 4.7
5 24 3.4 -16.6 17.3 0.1 -15.2 18.1 0.2 -17.7 18.3 3 -13.7 17.3
5 24 -10.2 -27.4 4.9 -9.4 -26.9 3.2 -11.4 -26.3 4.4 -8.8 -28.6 4.6
5 24 -6.2 -63.7 -0.8 -4.6 -66.8 -2.1 -4.3 -63.8 -0.7 -7.5 -65.3 -0.4
5 24 10.2 -36.8 10.9 7.8 -37.5 10.5 9.1 -34.6 11.3 11.1 -39.6 10.4
5 24 10.7 -0.01 -7 9.5 -2.5 -8.5 10.5 -4.1 -7.4 9.3 -0.01 -8.3
5 24 -14.4 -43.6 0.9 -13.9 -43.4 0.8 -14.4 -42.1 1.5 -13.2 -44.7 0.2
5 24 12.1 -45.4 0.2 9.7 -45.4 -0.2 11.9 -44.9 -0.3 10.2 -45.8 0.6
5 24 -9.4 -18.7 -1.8 -10 -20.2 -0.5 -8.9 -19.7 0 -10.9 -18.4 -2.4
5 24 -7.7 -29.1 6.6 -7.1 -29.8 6.6 -7.3 -29.9 4.6 -7.1 -27.9 8.7
5 24 3.8 -16.7 -4 6.5 -15.5 -3.3 3.6 -14.4 -4.5 7.1 -18.2 -2.1
5 24 -11.4 -35.5 2.7 -12.7 -36.5 3.1 -12.5 -36.8 2.7 -12.7 -36.3 3.5
5 24 8.8 -4.4 -8.5 7.6 -5 -9.1 8.7 -6 -7.9 7.6 -2.5 -9.2
5 24 -7.5 -63.9 6 -8.2 -65.6 5.7 -8.2 -65.2 2.2 -7.1 -64.3 8.7
5 24 -10.3 -35.8 1.5 -9.7 -37 -0.3 -9.2 -35.2 -0.4 -10.9 -37.7 1.7
5 24 -6.3 -21.3 -0.3 -6.2 -19.3 -2 -8.9 -19.7 0 -3.2 -21.9 -1.2
5 24 -7.3 -29.9 4.6 -8.5 -32.2 2.2 -8.7 -32 4.1 -5.7 -28.5 3.1
5 24 9.9 -60.9 1.4 8.4 -65.6 1 8.1 -60.9 0 11.2 -60.8 3.5
5 24 15.1 -38.2 8 15.5 -37.8 6.5 16.6 -39.8 6.2 13.9 -36.1 8.4
5 24 14.5 -49.4 6.6 15.6 -46.9 6.7 13.9 -47.1 8.2 14.9 -49 4.3
5 24 11.6 -23.5 10.9 9.6 -24 9.2 8.6 -22.7 10.8 13.8 -24.2 9.5
5 24 7.4 -32.7 11.8 9.1 -34.6 11.3 5.8 -34.6 11.2 8.7 -30.7 11.5
5 24 -17.7 -14.7 -0.9 -18.7 -15.9 -0.1 -17.8 -16.8 -0.3 -19.3 -14.4 0.6
5 24 10.9 -28 7.7 10.3 -29 9.9 12 -30.8 7.4 9 -25.7 10.4
5 24 3.3956 -64.0308 5.4 3.3956 -64.0308 1.8 4.2 -60.7 4.7 2.5284 -65.3284 1.75
5 24 -4.3 -63.8 -0.7 -4.6 -66.8 -2.1 -3.3 -65.2 -1 -6.2 -63.7 -0.8
5 24 13.8 -24.2 9.5 15.1 -23.4 9.6 12.7 -21.7 12 16.3 -24 8
5 24 16.7 -18.6 9.1 16.3 -21.6 9.5 14.5 -18.1 11.5 17.9 -21.9 7.4
5 24 -14 -42.5 4.4 -12.4 -43.2 4.8 -13.2 -44.5 3.4 -12.5 -41.2 5.7
5 24 -0.3 -66.5 6.3 -0.3 -66.5 2.3 -1.8308 -66.1956 2.2 1.2308 -66.1956 6.1
5 24 -19.3 -14.4 0.6 -19.5 -16.5 0.7 -18.7 -15.9 -0.1 -20 -14.7 1.5
5 24 7.8 -65.3 7.4 5.9 -64.6 8.2 5.5 -66.3 8.5 9.5 -60.9 7.8
5 24 7.1 -7.1 -8 7.8 -8.5 -5.9 8.7 -7.4 -6.7 5.7 -9.1 -6.2
5 24 -1.8 -3.7 -9.6 -1.5 -0.01 -9.4 0.1 -3.5 -9.4 -3 -0.01 -9.5
5 24 -10 -24.2 1.8 -11.3 -22.4 0.8 -9.8 -21.7 0.8 -11.7 -24.3 2.3
5 24 -2.9 -68.4 -2.3 -1 -72.7 -1.1 -2.9 -73 -0.5 -0.5 -69.5 -2.2
5 24 -1.8 -73.7 1.7 2.7 -72.6 2.3 2.5 -72.8 4.9 -1 -72.7 -1.1
5 24 7.2 -10.5 14.8 8.3 -7.2 12.3 4.2 -6.8 14.2 10 -10.6 13
5 24 9 -25.7 10.4 8 -26.9 11.6 10.3 -29 9.9 7.4 -23.9 11.7
5 24 10.5 -49.2 9.1 7.3 -50.4 8 9.1 -52.2 8.8 7.1 -48.2 7.6
5 24 -0.2 -13.3 17.8 0.1 -15.2 18.1 3 -13.7 17.3 -4 -13.7 17
5 24 -7.2 -25.8 2.5 -8.6 -25.8 2.4 -5.7 -28.5 3.1 -8.5 -23.5 1.9
5 24 3.7 -51.5 3.6 6 -50.8 2.3 5.7 -50.9 4.6 4.7 -50.7 0.6
5 24 7.9 -46.6 8.3 11.5 -47.2 9.2 8.6 -44.5 8.8 10.5 -49.2 9.1
5 24 -10 -34.3 3 -8.5 -32.2 2.2 -10 -34.6 2.1 -8.7 -32 4.1
5 24 2.9 -8.9 -6.1 0.1 -7.8 -5.9 0.1 -7 -8.1 0.2 -8.5 -3.4
5 24 0 -49 -4.2 0 -46.1 -5.5 4.1 -48 -4 -4.1 -48 -4
5 24 -2.3 -7.9 -8.1 -3.5 -10.2 -8.1 -2.4 -10.1 -6.7 -3.5 -7.3 -9.3
5 24 8.1 -31.5 3.5 9.9 -32 4 9.5 -33.8 3.2 9.5 -30 4.5
5 24 0.1 -3.5 -9.4 -1.8 -3.7 -9.6 0.2 -5.4 -9.2 -1.5 -0.01 -9.4
5 24 -20.1 -17.2 2.1 -20 -14.7 1.5 -20.5 -15.1 2.8 -19.5 -16.5 0.7
5 24 13.8 -39.6 9.6 14.8 -41.5 9.3 16.2 -40.2 7.8 13.7 -42.5 9.6
5 24 14.2 -41.2 2 15 -41.3 2.4 14.5 -39.4 2.9 14.6 -42.9 1.4
5 24 2.8 -7.7 -8.3 2.9 -8.9 -6.1 0.1 -7 -8.1 5.7 -9.1 -6.2
5 24 -11.6 -45 -0.3 -10.4 -44.8 -0.8 -10.2 -45.5 -0.6 -11.5 -44.5 -0.3
5 24 -17.5 -10.8 3.4 -15.3 -9.1 3.5 -17.2 -11 5.7 -15.3 -9.4 0.4
5 24 -18.5 -16.1 6.6 -16 -14.4 9.3 -16.2 -17.4 7.9 -17.8 -13.7 7.4
5 24 -8.6 -12.8 -6.1 -7.5 -14.2 -5.8 -6 -12.1 -7.6 -10.6 -15.3 -4
5 24 9.9 -12.7 -1.5 12.2 -10.8 -0.8 13.9 -14.4 0.3 9.4 -11.2 -2
5 24 4.1 -26.6 13.5 2.7 -24.3 15.9 4.9 -23.2 14.8 2.8 -28.8 13.1
5 24 2 -21.6 17.5 2.7 -24.3 15.9 1.8478 -22.3654 17.2704 4.9 -23.2 14.8
5 24 6 -0.01 -9.8 6.7 -2.7 -9.8 6.8 -0.01 -9.2 5.4 -3 -10.1
5 24 11.7 -37.6 2.3 12.2 -39.5 2.5 12.9 -37.9 2.6 10.8 -39.6 2.2
5 24 11.7 -37.6 2.3 12.9 -37.9 2.6 12.2 -39.5 2.5 12.2 -36.8 2.6
5 24 5.5 -5.2 -6 5.2 -0.01 -6 -5.6 -5.2 -6 8.1 -0.01 -4.4
5 24 -14.3 -43.8 3.4 -14.6 -43.9 2.3 -13.2 -44.5 3.4 -15.3 -42.2 2.9
5 24 5.4 -3 -10.1 6.7 -2.7 -9.8 6 -0.01 -9.8 7.6 -5 -9.1
5 24 0.6 -19.7 -3.1 -1.8 -17.2 -4.2 -2.5 -19.7 -2.9 0.8 -17.1 -4.3
5 24 -20.1 -15.4 4.6 -17.8 -13.7 7.4 -19.1 -13.1 5.2 -18.5 -16.1 6.6
5 24 -18.5 -16.1 6.6 -17.8 -13.7 7.4 -20.1 -15.4 4.6 -16 -14.4 9.3
5 24 11 -35.8 2.2 10.9 -35.1 2.7 9.4 -34.7 1.1 12.5 -36.5 3
5 24 14 -43.8 9.2 13.7 -42.5 9.6 11.9 -44.4 9.6 15.5 -42.9 8.7
5 24 7.6 -2.5 -9.2 7.6 -5 -9.1 6.7 -2.7 -9.8 8.8 -4.4 -8.5
5 24 -6.3 -69.4 5.1 -3.1 -73.6 4.2 -6.1 -69.7 1.9 -3.1 -73.3 6.5
5 24 9.9 -21.1 13 8.6 -22.7 10.8 7.6 -20.9 13.2 11.6 -23.5 10.9
5 24 0.1 -37.8 13.1 4.4 -37.5 12.3 -0.1 -33.9 12.5 0.4 -42.9 12.8
5 24 12 -30.8 7.4 11.5 -31.5 9.3 10.3 -29 9.9 13 -33 7.2
5 24 -1.8308 -66.1956 6.8 -1.8308 -66.1956 2.2 -3.1284 -65.3284 2.4 -0.3 -66.5 6.3
5 24 9.7 -37 -0.3 10.4 -37.3 1.6 10.2 -39.6 0 9.4 -34.7 1.1
5 24 -0.1 -52.1 3.4 -4.7 -51.1 3.3 -4.8 -51.2 0.5 -4.4 -49.7 7.2
5 24 12.7 -21.7 12 14.7 -21.4 11 15.1 -23.4 9.6 11.8 -18 13.4
5 24 -11.8 -25.6 6.3 -11.4 -26.3 4.4 -12.8 -24.6 3.7 -10.3 -27.1 6.5
5 24 9.8 -23.5 6.4 9.3 -26.4 5.5 10.9 -28 7.7 7.7 -24.6 4.7
5 24 0 -50.8 -2.3 0 -51.9 0.4 4.6 -50 -1.6 -4.8 -51.2 0.5
5 24 9.1 -52.2 8.8 7.3 -50.4 8 6.7 -52.2 7.5 10.5 -49.2 9.1
5 24 0.2 -17.7 18.3 0.7654 -19.7522 18.0543 0 -19.6 18.1 1.4142 -20.1858 17.9243
5 24 -20.1 -17.2 2.1 -19.5 -16.5 0.7 -18.5 -18.6 1.8 -20 -14.7 1.5
5 24 -13.3 -38.2 2.6 -12.1 -37.9 2.3 -12.5 -36.8 2.7 -12.4 -39.6 2.3
5 24 -13.9 -43.4 0.8 -12.4 -41.6 1.7 -12.1 -43 0.8 -14.4 -42.1 1.5
5 24 12.3 -55.5 6.2 13.4 -52.2 6.5 13.8 -52.2 3.8 11.7 -52.2 8.1
5 24 8.7 -7.4 -6.7 8 -6.5 -8.2 7.1 -7.1 -8 8.7 -6 -7.9
5 24 -13.1 -21.2 0.4 -13.9 -19.6 -0.6 -11.9 -20.3 -0.8 -14.8 -21.2 1.6
5 24 -3.5 -28.8 12.4 -3.7 -26.4 14 -5.9 -28.3 10.5 -0.2 -29.2 13.6
5 24 -9 -0.01 9.5 -8.6 -5.6 9.7 -11.3 -0.01 6.4 -5.9 -5.1 12
5 24 -10.5 -44.1 -0.6 -10.2 -39.6 0 -9.5 -42.8 -1.3 -11 -42.6 0.7
5 24 -8.2 -65.2 2.2 -6.1 -69.7 1.9 -7.5 -65.3 -0.4 -8.2 -65.6 5.7
5 24 -2.2 -73.8 4.5 -3 -73.5 1.9 -1.8 -73.7 1.7 -3.1 -73.6 4.2
5 24 14.1 -23.5 3.3 14.8 -24.8 5.5 17 -23.8 5.8 9.8 -23.5 6.4
5 24 5.2 -7.6 -8 6.2 -5.3 -9.3 4.6 -5.1 -9.2 7.1 -7.1 -8
5 24 7.1 -7.1 -8 5.7 -9.1 -6.2 5.2 -7.6 -8 7.8 -8.5 -5.9
5 24 -3.1 -73.3 6.5 -3.1 -73.6 4.2 -2.2 -73.8 4.5 -6.3 -69.4 5.1
5 24 9.5 -60.9 7.8 10.6 -55.5 8 7.9 -55.5 8.5 10.8 -60.8 6.1
5 24 -11.7 -14.3 -2.9 -10.6 -15.3 -4 -8.6 -12.8 -6.1 -13.9 -16.2 -1.6
5 24 -13.3 -38.6 5.2 -15 -40.2 3.8 -14.1 -40.6 4.8 -13.9 -37.9 4.3
5 24 -4.4 -49.7 7.2 -4 -47 10.2 0.3 -47.7 10.7 -8.4 -46.8 6.2
5 24 12.3 -42.6 1.2 11.9 -43.7 0.1 10.3 -42.8 0.3 13.3 -43.6 0.5
5 24 16 -46.5 4.7 14.9 -49 4.3 14.7 -46.3 2.7 15.6 -46.9 6.7
5 24 -15 -9.3 6.2 -12.4 -7.7 7.4 -14.9 -10 7.8 -13.2 -7.6 3
5 24 -11.2 -21.9 9.1 -12.5 -22.8 8 -13.2 -19.5 7.8 -9.9 -24.2 9.1
5 24 -9.8 -21.7 0.8 -8.5 -23.5 1.9 -10 -24.2 1.8 -8.7 -21 1.3
5 24 -15 -9.3 6.2 -16.4 -11.5 7.8 -14.9 -10 7.8 -17.2 -11 5.7
5 24 -3.5 -27.9 1.4 -6.3 -30.4 0 -5.7 -28.5 3.1 -3.2 -28.2 -0.5
5 24 -13.4 -24 5.8 -14.3 -23 5.1 -14.1 -21.7 6.8 -12.8 -24.6 3.7
5 24 6.5 -15.5 -3.3 9.6 -16.3 -0.3 8.7 -13.7 -1.2 7.1 -18.2 -2.1
5 24 7.8 -65.3 7.4 6.9 -67.8 7.5 8.9 -65.8 5.9 5.5 -66.3 8.5
5 24 6.5 -15.5 -3.3 5.9 -13.3 -3.4 8.7 -13.7 -1.2 3.6 -14.4 -4.5
5 24 -16.2 -17.4 7.9 -18.8 -17.5 5.6 -18.5 -16.1 6.6 -17.5 -18.6 5.8
5 24 6.6 -28.6 12.4 8.7 -30.7 11.5 7.4 -32.7 11.8 8 -26.9 11.6
5 24 1.5 -34.6 3.7 1.9 -18.2 0.5 3.1 -18.2 1.5 0.9 -34.6 3.3
5 24 -12.7 -36.5 3.1 -12.7 -36.3 3.5 -11.4 -35.5 2.7 -13.9 -37.8 3.4
5 24 -3.5 -27.9 1.4 -3.2 -24.6 0.6 0 -27 0.2 -5.9 -25.7 2.9
5 24 6.2 -5.3 -9.3 5.4 -3 -10.1 4.6 -5.1 -9.2 7.6 -5 -9.1
5 24 16.9 -42.1 7.4 16.5 -44.4 6.9 16.8 -44.1 5.1 15.5 -42.9 8.7
5 24 -12.8 -36.5 4.5 -12.6 -37.4 5.4 -13.9 -37.9 4.3 -11.4 -36.4 5.7
5 24 12.6 -8.7 5.7 13.4 -9.2 1.9 14.4 -11.5 7 11.4 -6.4 1.4
5 24 -7.4 -10.7 14.1 -5.8 -12.2 15.7 -8.6 -13.2 13.5 -3.8 -9.6 15.8
5 24 0.5 -10.7 -4.3 -0.8 -10.7 -4.3 -0.2 -12.7 -4.9 -1.5 -9.2 -3.8
5 24 -4 -47 10.2 -8.4 -46.8 6.2 -4.4 -49.7 7.2 -8.2 -44.3 8.7
5 24 -1.8308 -66.1956 2.2 -1.8 -66.6 -1.3 0 -67.2 -1.4 -3.1284 -65.3284 2.4
5 24 0.6 -19.7 -3.1 4 -19.3 -2.8 3.8 -21.8 -1 0.8 -17.1 -4.3
5 24 0 -28.5 -6.7 0 -27.9 -4.5 2.65 -28.6 -4.35 -2.65 -28.6 -4.35
5 24 4.7 -50.7 0.6 7.8 -47.9 -0.8 8.1 -48.6 0.9 4.6 -50 -1.6
5 24 0.8 -17.1 -4.3 0.6 -19.7 -3.1 4 -19.3 -2.8 -1.8 -17.2 -4.2
5 24 -3.1 -11.4 16.8 -5.8 -12.2 15.7 -3.8 -9.6 15.8 -4 -13.7 17
5 24 9.5 -60.9 7.8 7.8 -65.3 7.4 8.9 -65.8 5.9 5.9 -64.6 8.2
5 24 -7.9 -18 13.9 -7 -22.8 12.8 -6 -20.4 15 -8.7 -19.7 12.1
5 24 -0.5 -69.5 -2.2 0 -67.2 -1.4 2.5 -69 -2 -2.9 -68.4 -2.3
5 24 3.8 -65.7 -0.7 5.8 -66.8 -0.6 4.8 -68.2 -0.9 6.4 -65.2 -0.5
5 24 3.6 -14.4 -4.5 5.9 -13.3 -3.4 3.1 -13.1 -4.5 6.5 -15.5 -3.3
5 24 14.9 -49 4.3 15.6 -46.9 6.7 14.5 -49.4 6.6 16 -46.5 4.7
5 24 7.3 -50.4 8 6.4 -49.8 6.5 7.1 -48.2 7.6 6.7 -52.2 7.5
5 24 12.6 -8.7 5.7 14.4 -11.5 7 10.9 -7.8 9.4 13.4 -9.2 1.9
5 24 16.3 -21.6 9.5 15.1 -23.4 9.6 16.3 -24 8 14.7 -21.4 11
5 24 2.5 -18.3 17.7 1.4142 -20.1858 17.9243 0.2 -17.7 18.3 1.8478 -20.8346 17.7296
5 24 7.9 -55.5 8.5 10.6 -55.5 8 9.5 -60.9 7.8 9.1 -52.2 8.8
5 24 -1 -72.7 -1.1 -1.8 -73.7 1.7 -2.9 -73 -0.5 2.7 -72.6 2.3
5 24 8.1 -5.2 -4.4 8.1 -0.01 -4.4 5.5 -5.2 -6 9.9 -0.01 -1.6
5 24 -8.4 -37.4 9.9 -8.1 -33.7 8.8 -4.1 -33.8 11.6 -10.6 -36.2 5.9
5 24 10.6 -55.5 8 11.7 -52.2 8.1 12.3 -55.5 6.2 9.1 -52.2 8.8
5 24 5.7 -50.9 4.6 5.3 -55.4 4.5 6 -50.8 2.3 6.7 -52.2 7.5
5 24 12.2 -47.3 1.2 14.7 -46.3 2.7 13.8 -49.1 2.6 13.9 -45.2 1.7
5 24 -14.1 -40.6 4.8 -13.3 -38.6 5.2 -12.1 -39.2 6.1 -15 -40.2 3.8
5 24 6.2 -5.3 -9.3 7.6 -5 -9.1 8 -6.5 -8.2 5.4 -3 -10.1
5 24 -2.1 -5.2 -2.3 0.1 -18.2 -1 0 -5.2 -1.8 -2.3 -18.2 -1.4
5 24 12.6 -8.7 5.7 10.5 -6.3 4.8 9.4 -5.8 8.6 11.4 -6.4 1.4
5 24 -17.2 -11 5.7 -16.4 -11.5 7.8 -19.1 -13.1 5.2 -15 -9.3 6.2
5 24 -6.9 -4.7 -9.8 -9.4 -6.9 -8.2 -6.2 -7 -9.5 -9.2 -5 -8.8
5 24 -4.6 -66.8 -2.1 -3.3 -65.2 -1 -4.3 -63.8 -0.7 -1.8 -66.6 -1.3
5 24 -17 -11.9 -0.6 -14.5 -11.4 -2.9 -16.3 -13.3 -1.8 -15.3 -10.3 -1.4
5 24 14.7 -46.3 2.7 15.1 -43.7 2.7 16.2 -43.9 3.8 13.9 -45.2 1.7
5 24 -2.9 -14.4 -4.7 -1.1 -15 -4.8 -0.2 -12.7 -4.9 -1.8 -17.2 -4.2
5 24 12 -30.8 7.4 13 -33 7.2 11.5 -31.5 9.3 11.6 -31.2 5.5
5 24 -10.9 -37.7 1.7 -12.1 -37.9 2.3 -11.1 -39.4 1.9 -11.2 -36 2.1
5 24 5.9 -29.1 3.5 6.3 -30.4 0 3.5 -27.9 1.4 8.1 -31.5 3.5
5 24 -15.3 -9.4 0.4 -17.2 -11.1 1.1 -17.5 -10.8 3.4 -15.3 -10.3 -1.4
5 24 0.4 -22.1 -1.6 3.8 -21.8 -1 0.6 -19.7 -3.1 0.3 -24.8 -0.1
5 24 -12.5 -22.8 8 -11.3 -24.5 8 -13.4 -24 5.8 -9.9 -24.2 9.1
5 24 -15 -42.3 3.5 -15 -40.2 3.8 -14.1 -40.6 4.8 -15 -40.2 3.4
5 24 7.7 -24.6 4.7 9.3 -26.4 5.5 9.8 -23.5 6.4 8.4 -28.8 4.3
5 24 -3.9 -13.4 -4.5 -2.9 -14.4 -4.7 -5.9 -15.6 -3.9 -1.7 -12.3 -4.7
5 24 -3.2 -24.6 0.6 0 -27 0.2 0.3 -24.8 -0.1 -3.5 -27.9 1.4
5 24 10.3 -42.8 0.3 9.5 -42.8 -1.3 10.2 -39.6 0 9.9 -43.5 -0.6
5 24 9.3 -34 2 8 -32.7 -0.3 8.1 -31.5 3.5 9.4 -34.7 1.1
5 24 -1.1 -15 -4.8 0.8 -17.1 -4.3 -1.8 -17.2 -4.2 1 -14.8 -4.8
5 24 7.2 -5.2 11.1 7.6 -0.01 10.7 10 -0.01 8.5 3.5 -0.01 12.7
5 24 12.8 -0.01 2.5 11.4 -6.4 1.4 10.5 -6.3 4.8 12.9 -0.01 -0.1
5 24 8.4 -28.8 4.3 8.1 -31.5 3.5 5.9 -29.1 3.5 9.5 -30 4.5
5 24 -10.6 -15.3 -4 -12.6 -17.6 -2.4 -9.2 -16.3 -4.1 -13.9 -16.2 -1.6
5 24 -5.9 -28.3 10.5 -5.9 -30.4 9.1 -7.1 -27.9 8.7 -3.5 -31 10.9
5 24 -6.9 -15.2 15.2 -5.8 -12.2 15.7 -4 -13.7 17 -8.6 -13.2 13.5
5 24 8.1 -31.5 3.5 9.3 -34 2 9.5 -33.8 3.2 8 -32.7 -0.3
5 24 8.7 -30.7 11.5 9.1 -34.6 11.3 7.4 -32.7 11.8 10.3 -33.1 10.7
5 24 4.3 -0.01 -9.9 3.8 -3.1 -9.6 5.4 -3 -10.1 3.3 -0.01 -9.5
5 24 -9.2 -35.2 -0.4 -9.7 -37 -0.3 -8.5 -37 -2.4 -10.3 -35.8 1.5
5 24 -9.2 -5 -8.8 -6.9 -4.7 -9.8 -8.2 -4.4 -9.3 -9.4 -6.9 -8.2
5 24 0.2 -5.4 -9.2 -2.3 -7.9 -8.1 0.1 -7 -8.1 -1.7 -5.5 -9.3
5 24 8.9 -65.8 5.9 11.2 -60.8 3.5 10.8 -60.8 6.1 9.4 -66.1 3.2
5 24 12.2 -47.3 1.2 11.3 -49.3 1 9.4 -46.7 0.8 13.8 -49.1 2.6
5 24 11.9 -44.9 -0.3 9.7 -45.4 -0.2 12.1 -45.4 0.2 9.4 -44.8 -1
5 24 -20.5 -15.1 2.8 -19.8 -17.5 4.1 -20.1 -17.2 2.1 -20.1 -15.4 4.6
5 24 6 -60.8 -0.2 4.4 -60.8 1.8 5.4 -55.5 2.2 4.6 -64.4 -0.4
5 24 9.4 -5.8 8.6 12.6 -8.7 5.7 10.9 -7.8 9.4 10.5 -6.3 4.8
5 24 -1.8 -73.7 1.7 2.5 -72.8 4.9 2.7 -72.6 2.3 -2.2 -73.8 4.5
5 24 10.4 -37.3 1.6 10.2 -39.6 0 10.8 -39.6 2.2 9.7 -37 -0.3
5 24 -2 -21.6 17.5 -3.6 -21.6 16.4 -3.6 -24.2 15.3 -1.8478 -20.8346 17.7296
5 24 -6.1 -6.8 13.3 -5.2 -8.1 14.2 -8.7 -9.4 13.2 -1 -5.7 14
5 24 8.4 -65.6 1 6.4 -65.2 -0.5 8.1 -60.9 0 5.8 -66.8 -0.6
5 24 4.9 -23.2 14.8 5.9 -25.3 12.9 6.1 -22.1 14.1 4.1 -26.6 13.5
5 24 -15.3 -21.6 3.5 -14.8 -21.2 1.6 -13.9 -23.2 3.1 -16.8 -19.2 1.9
5 24 0.1 -7.8 -5.9 -2.3 -7.9 -8.1 0.1 -7 -8.1 -1.8 -8.6 -6.1
5 24 -14.1 -21.7 6.8 -14.3 -23 5.1 -13.4 -24 5.8 -15.4 -21 5.3
5 24 -19.3 -14.4 0.6 -18.8 -12.7 1.4 -18.3 -13.4 0 -20 -14.7 1.5
5 24 -3 -73.5 1.9 -2.9 -73 -0.5 -6.1 -69.7 1.9 -1.8 -73.7 1.7
5 24 13.8 -52.2 3.8 14.5 -49.4 6.6 13.4 -52.2 6.5 14.9 -49 4.3
5 24 -11.3 -22.4 0.8 -11.7 -24.3 2.3 -10 -24.2 1.8 -12.8 -22.8 1.6
5 24 -0.8 -34.6 5.5 -3.1 -18.2 5.7 -1.7 -18.2 6 -1.4 -34.6 5.3
5 24 -12.8 -36.2 3.9 -11.4 -35.3 4.7 -12.8 -36.5 4.5 -11.4 -35 4
5 24 -12.7 -36.5 3.1 -13.6 -38 2.9 -12.5 -36.8 2.7 -13.9 -37.8 3.4
5 24 3.8 -16.7 -4 4 -19.3 -2.8 0.8 -17.1 -4.3 7.1 -18.2 -2.1
5 24 -14.6 -43.8 1.2 -14.6 -43.9 2.3 -13.3 -45 1.8 -15.2 -42.1 2.4
5 24 -15.8 -19.6 5.5 -18.4 -18.9 3.8 -16.7 -19.5 3.7 -17.5 -18.6 5.8
5 24 -12.4 -7.7 7.4 -13.4 -9.4 9.3 -8.6 -5.6 9.7 -14.9 -10 7.8
5 24 10.5 -49.2 9.1 12.9 -49.4 8.1 11.5 -47.2 9.2 11.7 -52.2 8.1
5 24 13.8 -49.1 2.6 11.3 -49.3 1 12.4 -52.2 1.9 12.2 -47.3 1.2
5 24 16.6 -39.8 6.2 16.9 -42.1 7.4 16.2 -40.2 7.8 17.1 -41.6 5.7
5 24 14 -37.7 4 15 -37.7 4.9 14.9 -39.4 3.9 13.9 -35.8 5.1
5 24 -2.9 -68.4 -2.3 -5.5 -69.3 -1 -2.9 -73 -0.5 -4.6 -66.8 -2.1
5 24 3.5 -27.9 1.4 3.7 -24.7 0.9 0 -27 0.2 5.9 -29.1 3.5
5 24 -7.8 -25.8 9.4 -9.9 -24.2 9.1 -8.5 -23.6 9.9 -8.9 -26 8.8
5 24 -3.5 -3.7 -9.6 -4.4 -0.01 -10 -5.4 -3.8 -10 -3 -0.01 -9.5
5 24 -6 -12.1 -7.6 -8.6 -12.8 -6.1 -7.5 -14.2 -5.8 -8.5 -11.3 -7.1
5 24 15.1 -23.4 9.6 16.3 -24 8 16.3 -21.6 9.5 13.8 -24.2 9.5
5 24 8.1 -31.5 3.5 9.5 -30 4.5 9.9 -32 4 8.4 -28.8 4.3
5 24 13.7 -42.5 9.6 12 -42.1 10 11.9 -44.4 9.6 13.8 -39.6 9.6
5 24 12 -42.1 10 13.8 -39.6 9.6 11.1 -39.6 10.4 13.7 -42.5 9.6
5 24 8.1 -48.6 0.9 4.7 -50.7 0.6 7.8 -47.9 -0.8 6 -50.8 2.3
5 24 -14 -14.7 10.7 -11.6 -14.9 11.8 -12 -16.9 10.6 -10.5 -12.5 12.8
5 24 9.8 -23.5 6.4 14.8 -24.8 5.5 14.1 -23.5 3.3 14.3 -25 7.5
5 24 8.9 -65.8 5.9 9.4 -66.1 3.2 11.2 -60.8 3.5 7.7 -68.8 5.7
5 24 7.6 -20.9 13.2 6.1 -22.1 14.1 7.1 -17.9 14.9 5.9 -25.3 12.9
5 24 -12.8 -11.8 11.5 -10.5 -12.5 12.8 -8.7 -9.4 13.2 -14 -14.7 10.7
5 24 8.9 -65.8 5.9 7.7 -68.8 5.7 6.9 -67.8 7.5 9.4 -66.1 3.2
5 24 -14.4 -19.7 6.9 -12.5 -22.8 8 -14.1 -21.7 6.8 -13.2 -19.5 7.8
5 24 -11.2 -0.01 -6.2 -9.8 -4.2 -8 -9.1 -0.01 -8.5 -11.4 -4.1 -5.4
5 24 -11.9 -38.1 6.1 -12.6 -37.4 5.4 -13.3 -38.6 5.2 -11.4 -36.4 5.7
5 24 -7.5 -63.9 6 -4.5 -63.3 6.3 -4.9 -63.6 9.4 -7.1 -63.5 2.2
5 24 0 -27.3 -1.1 0 -27 0.2 3.2 -28.2 -0.5 -3.2 -28.2 -0.5
5 24 7.1 -18.2 -2.1 4 -19.3 -2.8 6.9 -20.9 -0.2 3.8 -16.7 -4
5 24 15.1 -23.4 9.6 12.7 -21.7 12 13.8 -24.2 9.5 14.7 -21.4 11
5 24 2.5 -72.8 4.9 5.6 -71.3 5.2 5.6 -71.5 2.8 2.5 -72 7.5
5 24 -11.5 -45.6 0 -11.7 -45.5 1.5 -13.3 -45.1 0.5 -10.4 -45.5 1.4
5 24 -11.3 -24.5 8 -9.9 -26.2 8 -11.8 -25.6 6.3 -9.9 -24.2 9.1
5 24 -16.8 -19.2 1.9 -15.3 -21.6 3.5 -14.8 -21.2 1.6 -16.7 -19.5 3.7
5 24 -1.9 -73.3 7.1 -0.4 -69.9 10.2 2.5 -72 7.5 -3.3 -68.9 10.3
5 24 3.3956 -64.0308 5.4 2.5284 -65.3284 5.7 3.7 -64.1 7.3 2.5284 -65.3284 1.75
5 24 3.7 -24.7 0.9 5.9 -29.1 3.5 3.5 -27.9 1.4 6.3 -26.5 3.9
5 24 -20 -14.7 1.5 -19.5 -16.5 0.7 -19.3 -14.4 0.6 -20.1 -17.2 2.1
5 24 7.4 -23.9 11.7 7.6 -20.9 13.2 5.9 -25.3 12.9 8.6 -22.7 10.8
5 24 3.4 -16.6 17.3 3 -13.7 17.3 0.1 -15.2 18.1 5.1 -15.7 16.4
5 24 10.1 -24.4 7.6 10.9 -28 7.7 9.6 -24 9.2 9.8 -23.5 6.4
5 24 3.7 -51.5 3.6 5.7 -50.9 4.6 6 -50.8 2.3 0.1 -50.9 7.3
5 24 -5.6 -5.2 -6 -8.3 -0.01 -4.3 -5.6 -0.01 -6 -8.3 -5.2 -4
5 24 12.3 -41.3 2 14.2 -41.2 2 14 -42.7 1.3 13.8 -39.6 2.5
5 24 1.7 -0.01 -9.4 2 -3.3 -9.5 0.1 -0.01 -9.2 3.3 -0.01 -9.5
5 24 10.5 -4.1 -7.4 9.8 -6.1 -6.9 10.5 -6.5 -4.8 8.8 -4.4 -8.5
5 24 10.5 -6.5 -4.8 7.8 -8.5 -5.9 8.4 -9.1 -3.1 8.7 -7.4 -6.7
5 24 -8.6 -25.8 2.4 -8.5 -23.5 1.9 -7.2 -25.8 2.5 -10 -24.2 1.8
5 24 -17.5 -10.8 3.4 -17.2 -11 5.7 -19.5 -12.9 3.1 -15.3 -9.1 3.5
5 24 13.9 -47.1 8.2 12.9 -49.4 8.1 11.5 -47.2 9.2 14.5 -49.4 6.6
5 24 12.2 -47.3 1.2 13.8 -49.1 2.6 14.7 -46.3 2.7 11.3 -49.3 1
5 24 13.8 -44.4 0.5 12.1 -45.4 0.2 11.9 -44.9 -0.3 13.8 -44.9 1
5 24 -9.4 -18.7 -1.8 -10.9 -18.4 -2.4 -8.1 -17.1 -3.3 -10 -20.2 -0.5
5 24 8.4 -28.8 4.3 9.5 -30 4.5 9.3 -26.4 5.5 8.1 -31.5 3.5
5 24 -8.7 -32.2 5.6 -10.6 -36.2 5.9 -10.3 -34.9 5 -8.1 -33.7 8.8
5 24 0 -67.2 -1.4 -1.8308 -66.1956 2.2 -1.8 -66.6 -1.3 -0.3 -66.5 2.3
5 24 15.9 -39.6 4.6 15.5 -41.5 3.4 16.6 -41.5 4.2 14.9 -39.4 3.9
5 24 -4.2 -4.7 -10.1 -2.9 -6.7 -9.1 -3.5 -7.3 -9.3 -3.5 -3.7 -9.6
5 24 5.6 -71.3 5.2 2.5 -72 7.5 5.3 -70.1 7.5 2.5 -72.8 4.9
5 24 -14.2 -40.3 2.2 -12.4 -39.6 2.3 -12.4 -41.6 1.7 -13.3 -38.2 2.6
5 24 8 -6.5 -8.2 7.1 -7.1 -8 8.7 -7.4 -6.7 6.2 -5.3 -9.3
5 24 -9.5 -15.6 12.5 -6.9 -15.2 15.2 -7.9 -18 13.9 -8.6 -13.2 13.5
5 24 -8.1 -33.7 8.8 -4.1 -33.8 11.6 -5.9 -30.4 9.1 -8.4 -37.4 9.9
5 24 -1.1 -15 -4.8 -0.2 -12.7 -4.9 -2.9 -14.4 -4.7 1 -14.8 -4.8
5 24 13.8 -49.1 2.6 13.8 -52.2 3.8 14.9 -49 4.3 12.4 -52.2 1.9
5 24 -6 -20.4 15 -7.9 -18 13.9 -4.5 -17 16.8 -7 -22.8 12.8
5 24 -15.3 -21.6 3.5 -16.7 -19.5 3.7 -15.4 -21 5.3 -16.8 -19.2 1.9
5 24 7.2 -5.2 11.1 10.9 -7.8 9.4 8.3 -7.2 12.3 9.4 -5.8 8.6
5 24 4.7 -50.7 0.6 3.7 -51.5 3.6 6 -50.8 2.3 0 -51.9 0.4
5 24 0.5 -10.7 -4.3 3.2 -9.7 -3.7 2.7 -11.3 -4.2 -1.5 -9.2 -3.8
5 24 -7 -0.01 -9.1 -6.7 -3.9 -9.8 -5.8 -0.01 -9.8 -8.2 -3.5 -8.9
5 24 0 -33.5 -10 0 -31.2 -9.6 -2.35 -33.75 -9.45 2.35 -33.75 -9.45
5 24 -4.1 -33.8 11.6 -0.1 -33.9 12.5 -0.6 -31.2 11.9 -4.3 -37.8 12.5
5 24 14.8 -41.5 9.3 15.5 -42.9 8.7 16.9 -42.1 7.4 13.7 -42.5 9.6
5 24 7.8 -52.2 0.7 10.3 -52.2 0.7 9.2 -55.5 0.4 8.1 -48.6 0.9
5 24 11.6 -23.5 10.9 9.9 -21.1 13 8.6 -22.7 10.8 12.7 -21.7 12
5 24 12.5 -36.5 3 12.9 -37.9 2.6 13.7 -38 3 12.2 -36.8 2.6
5 24 7 -23.1 2.1 7.7 -24.6 4.7 9.3 -21.9 4.1 6.3 -26.5 3.9
5 24 16.9 -22 3.6 17 -23.8 5.8 18.2 -20.1 5.9 14.1 -23.5 3.3
5 24 8.9 -44.1 -2.1 8.9 -45.5 -1.5 9.4 -44.8 -1 7.3 -46.6 -2.8
5 24 14.5 -39.4 2.9 15.5 -41.5 3.4 14.9 -39.4 3.9 15 -41.3 2.4
5 24 -8.5 -23.6 9.9 -9.9 -24.2 9.1 -11.2 -21.9 9.1 -7.8 -25.8 9.4
5 24 14.8 -24.8 5.5 14.3 -25 7.5 16.3 -24 8 9.8 -23.5 6.4
5 24 11.9 -44.4 9.6 9.1 -41.2 9.6 8.6 -44.5 8.8 12 -42.1 10
5 24 -7.5 -14.2 -5.8 -9.2 -16.3 -4.1 -10.6 -15.3 -4 -6.4 -15.1 -4.9
5 24 -7.8 -25.8 9.4 -8.9 -26 8.8 -7.1 -27.9 8.7 -9.9 -24.2 9.1
5 24 -8.2 -44.3 8.7 -4 -47 10.2 -4.1 -42.4 12.2 -8.4 -46.8 6.2
5 24 -4.1 -33.8 11.6 -8.4 -37.4 9.9 -8.1 -33.7 8.8 -4.3 -37.8 12.5
5 24 4 -18.2 5 1.95 -34.6 4.4 1.7 -34.6 5.15 4.3 -18.2 4
5 24 -15.3 -42.2 2.9 -14.3 -43.8 3.4 -14.6 -43.9 2.3 -15 -42.3 3.5
5 24 7.1 -48.2 7.6 10.5 -49.2 9.1 7.9 -46.6 8.3 7.3 -50.4 8
5 24 8 -26.9 11.6 10.3 -29 9.9 8.7 -30.7 11.5 9 -25.7 10.4
5 24 -3.9 -13.4 -4.5 -1.7 -12.3 -4.7 -2.5 -11.3 -4.5 -2.9 -14.4 -4.7
5 24 6.3 -30.4 0 8 -32.7 -0.3 8.1 -31.5 3.5 5.4 -30.2 -2.2
5 24 -14.7 -40.1 2.6 -14.9 -42 1.9 -15.2 -42.1 2.4 -14.2 -40.3 2.2
5 24 6 -60.8 -0.2 5.4 -55.5 2.2 7.1 -55.5 0.6 4.4 -60.8 1.8
5 24 13.9 -36.1 8.4 15.1 -38.2 8 15.5 -37.8 6.5 12.8 -37.5 10
5 24 12.6 -33.8 8.9 11.5 -31.5 9.3 13 -33 7.2 10.3 -33.1 10.7
5 24 -0.2 -29.2 13.6 -3.5 -28.8 12.4 -3.5 -31 10.9 -3.7 -26.4 14
5 24 0.2 -17.7 18.3 2.5 -18.3 17.7 3.4 -16.6 17.3 1.4142 -20.1858 17.9243
5 24 3 -13.7 17.3 4.8 -12.4 16.3 2.2 -11.2 17 5.1 -15.7 16.4
5 24 3.7 -51.5 3.6 0 -51.9 0.4 -0.1 -52.1 3.4 4.7 -50.7 0.6
5 24 -10.3 -27.1 6.5 -11.4 -26.3 4.4 -10.2 -27.4 4.9 -11.8 -25.6 6.3
5 24 -9.5 -42.8 -1.3 -10.5 -44.1 -0.6 -10.2 -39.6 0 -10.4 -44.8 -0.8
5 24 -1.5 -18.2 0.3 -0.7 -34.6 3.2 1.9 -18.2 0.5 -3.3 -18.2 1.5
5 24 -12.4 -41.6 1.7 -11.2 -41.3 1.5 -11 -42.6 0.7 -12.4 -39.6 2.3
5 24 16.3 -24 8 14.8 -24.8 5.5 14.3 -25 7.5 17 -23.8 5.8
5 24 -9.9 -26.2 8 -8.9 -26 8.8 -7.1 -27.9 8.7 -9.9 -24.2 9.1
5 24 -8.9 -28.2 6.6 -10.3 -27.1 6.5 -8.3 -27.8 7.7 -10.2 -27.4 4.9
5 24 -5.9 -25.7 2.9 -5.7 -22.7 0.6 -7.5 -23.1 2.3 -3.2 -24.6 0.6
5 24 7.8 -47.9 -0.8 8.1 -48.6 0.9 9.4 -46.7 0.8 4.7 -50.7 0.6
5 24 7.2 -10.5 14.8 11.2 -14.3 13.4 10 -10.6 13 8.7 -14.6 14.9
5 24 9.4 -34.7 1.1 9.7 -37 -0.3 10.4 -37.3 1.6 9.2 -35.2 -0.4
5 24 2.5 -69 -2 0 -67.2 -1.4 -0.5 -69.5 -2.2 2 -66.9 -1.2
5 24 6 -60.8 -0.2 9.2 -55.5 0.4 8.1 -60.9 0 7.1 -55.5 0.6
5 24 -10.3 -35.8 1.5 -11.4 -35.5 2.7 -11.2 -36 2.1 -10 -34.6 2.1
5 24 7.2 -68.1 0.9 8.1 -68.9 2.9 5.5 -70.6 1.1 9.4 -66.1 3.2
5 24 5.9 -13.3 -3.4 3.1 -13.1 -4.5 3.6 -14.4 -4.5 5 -12.1 -3.5
5 24 11.6 -31.2 5.5 13 -33 7.2 12.7 -33.7 5.3 12 -30.8 7.4
5 24 5.9 -25.3 12.9 6.1 -22.1 14.1 7.6 -20.9 13.2 4.9 -23.2 14.8
5 24 -7.2 -25.8 2.5 -5.7 -28.5 3.1 -8.6 -25.8 2.4 -5.9 -25.7 2.9
5 24 13.9 -35.8 5.1 12.7 -33.7 5.3 12.7 -36.2 3.7 14.1 -35.5 7.1
5 24 16.8 -44.1 5.1 16 -46.5 4.7 16.5 -44.4 6.9 16.2 -43.9 3.8
5 24 15.1 -38.2 8 16.2 -40.2 7.8 13.8 -39.6 9.6 16.6 -39.8 6.2
5 24 10.8 -60.8 6.1 11.2 -60.8 3.5 8.9 -65.8 5.9 12.3 -55.5 6.2
5 24 -9.3 -10.6 -5.3 -8.6 -12.8 -6.1 -8.5 -11.3 -7.1 -9.7 -11.9 -4.4
5 24 -13.4 -9.4 9.3 -9.6 -7.2 10.9 -8.6 -5.6 9.7 -11.3 -9.3 11.4
5 24 -10.8 -38 6.5 -8.4 -37.4 9.9 -10.6 -36.2 5.9 -10.9 -39.8 6.6
5 24 -8.4 -46.8 6.2 -10.6 -44.9 3.2 -10.8 -43.6 4.7 -8.3 -48.2 3.3
5 24 12.3 -41.3 2 14 -42.7 1.3 14.2 -41.2 2 12.3 -42.6 1.2
5 24 -7.9 -18 13.9 -9.5 -15.6 12.5 -6.9 -15.2 15.2 -10 -17.4 11
5 24 14 -37.7 4 12.5 -36.5 3 12.7 -36.2 3.7 13.7 -38 3
5 24 -2.1 -66.5 10 -1.8308 -66.1956 6.8 -3.1284 -65.3284 7 -0.4 -67 10
5 24 -11.6 -6.4 -0.8 -13.5 -7.9 -0.4 -11.3 -5.8 2.6 -10.8 -6.2 -4.1
5 24 7.3 -50.4 8 6.7 -52.2 7.5 9.1 -52.2 8.8 6.4 -49.8 6.5
5 24 -4.1 -33.8 11.6 -3.5 -31 10.9 -5.9 -30.4 9.1 -0.6 -31.2 11.9
5 24 4.5 -50.2 6.6 6.4 -49.8 6.5 5.7 -50.9 4.6 7.1 -48.2 7.6
5 24 11.9 -43.7 0.1 10.3 -42.8 0.3 9.9 -43.5 -0.6 12.3 -42.6 1.2
5 24 -13.9 -37.8 3.4 -14 -37.8 3.8 -14.9 -40 3.1 -12.8 -36.2 3.9
5 24 -18.8 -12.7 1.4 -17 -11.9 -0.6 -17.2 -11.1 1.1 -18.3 -13.4 0
5 24 8.1 -60.9 0 6.4 -65.2 -0.5 8.4 -65.6 1 6 -60.8 -0.2
5 24 -14.8 -21.2 1.6 -13.1 -21.2 0.4 -12.8 -22.8 1.6 -13.9 -19.6 -0.6
5 24 -8.9 -19.7 0 -6.2 -19.3 -2 -6.3 -21.3 -0.3 -8.4 -18.7 -1.2
5 24 4.9 -67.9 8.9 2.5 -65.8 8.3 3.1 -65 7.8 2.4 -69.5 10.1
5 24 -8.5 -32.2 2.2 -10 -34.6 2.1 -8 -32.7 -0.3 -10 -34.3 3
5 24 -15 -40.2 3.4 -15.2 -42.1 2.4 -14.9 -40 3.1 -15.3 -42.2 2.9
5 24 -4.6 -50 -1.6 0 -50.8 -2.3 -4.8 -51.2 0.5 -4.1 -48 -4
5 24 14.6 -42.9 1.4 13.8 -44.4 0.5 15 -43.2 1.8 13.5 -44 0.4
5 24 10.6 -7.6 -2.1 13.4 -9.2 1.9 12.2 -10.8 -0.8 11.4 -6.6 -0.4
5 24 3.8 -21.8 -1 0.6 -19.7 -3.1 4 -19.3 -2.8 0.4 -22.1 -1.6
5 24 -0.1 -52.1 3.4 -4.8 -51.2 0.5 -4.7 -51.1 3.3 0 -51.9 0.4
5 24 10.9 -35.1 2.7 11.1 -34.7 3.6 9.5 -33.8 3.2 12.7 -36.2 3.7
5 24 -10.8 -6.2 -4.1 -12.8 -8.2 -2.8 -12 -9 -4.3 -13.5 -7.9 -0.4
5 24 -16.8 -19.2 1.9 -14.8 -21.2 1.6 -15.3 -21.6 3.5 -16 -18.3 0.3
5 24 5 -30.6 12.4 6.6 -28.6 12.4 7.4 -32.7 11.8 4.1 -26.6 13.5
5 24 -3.3 -68.9 10.3 -0.4 -69.9 10.2 -1.9 -73.3 7.1 -0.4 -67 10
5 24 -3.2 -21.9 -1.2 -6.2 -19.3 -2 -6.3 -21.3 -0.3 -2.5 -19.7 -2.9
5 24 -5.9 -30.4 9.1 -4.1 -33.8 11.6 -3.5 -31 10.9 -8.1 -33.7 8.8
5 24 -9.4 -6.9 -8.2 -10.1 -7.1 -5.4 -9.5 -9 -5.6 -10 -5.3 -7.3
5 24 -6 -9.6 -8.7 -6 -12.1 -7.6 -8.5 -11.3 -7.1 -3.5 -10.2 -8.1
5 24 -3.3 -68.9 10.3 -3.8 -65 9.9 -2.1 -66.5 10 -5.3 -67.2 9.8
5 24 -19.5 -16.5 0.7 -18.7 -15.9 -0.1 -19.3 -14.4 0.6 -17.8 -16.8 -0.3
5 24 -12.5 -22.8 8 -9.9 -24.2 9.1 -11.2 -21.9 9.1 -11.3 -24.5 8
5 24 -8 -29.2 4.6 -8.8 -28.6 4.6 -8.3 -27.6 3.2 -7.7 -29.1 6.6
5 24 16.3 -21.6 9.5 17.9 -21.9 7.4 16.7 -18.6 9.1 16.3 -24 8
5 24 7.6 -5 -9.1 5.4 -3 -10.1 6.7 -2.7 -9.8 6.2 -5.3 -9.3
5 24 -19.1 -13.1 5.2 -20.5 -15.1 2.8 -19.5 -12.9 3.1 -20.1 -15.4 4.6
5 24 -12.8 -11.8 11.5 -14 -14.7 10.7 -10.5 -12.5 12.8 -16 -14.4 9.3
5 24 -3.2 -24.6 0.6 -3.2 -21.9 -1.2 -5.7 -22.7 0.6 0.3 -24.8 -0.1
5 24 7.3 -11.8 -1.8 9.4 -11.2 -2 9.9 -12.7 -1.5 8.4 -9.1 -3.1
5 24 -14 -37.8 3.8 -14.9 -40 3.1 -15 -40.2 3.4 -13.9 -37.8 3.4
5 24 -1.1 -15 -4.8 1 -14.8 -4.8 -0.2 -12.7 -4.9 0.8 -17.1 -4.3
5 24 6.7 -52.2 7.5 6 -55.5 6.8 7.9 -55.5 8.5 5.3 -55.4 4.5
5 24 -10.6 -15.3 -4 -7.5 -14.2 -5.8 -8.6 -12.8 -6.1 -9.2 -16.3 -4.1
5 24 2.8 -5.2 -2.2 3.5 -18.2 -1.1 4 -5.2 -1.7 2.2 -18.2 -1.3
5 24 -11.5 -44.5 -0.3 -10.4 -44.8 -0.8 -10.5 -44.1 -0.6 -11.6 -45 -0.3
5 24 7.9 -46.6 8.3 4.9 -46.7 9.9 8.6 -44.5 8.8 7.1 -48.2 7.6
5 24 -0.8 -34.6 5.5 -1.7 -18.2 6 1.8 -18.2 6 -3.1 -18.2 5.7
5 24 -18.5 -18.6 1.8 -16.8 -19.2 1.9 -18 -17.7 0.4 -18.4 -18.9 3.8
5 24 6.9 -67.8 7.5 5.5 -66.3 8.5 7.8 -65.3 7.4 4.9 -67.9 8.9
5 24 14.6 -42.9 1.4 13.5 -44 0.4 13.8 -44.4 0.5 14 -42.7 1.3
5 24 -14.9 -42 1.9 -15.2 -42.1 2.4 -14.6 -43.8 1.2 -14.7 -40.1 2.6
5 24 5.3 -55.4 4.5 4.2 -60.7 4.7 5.4 -55.5 2.2 6 -55.5 6.8
5 24 -10.8 -43.6 4.7 -12.4 -43.2 4.8 -12 -44.7 3.3 -10.8 -41.7 6.1
5 24 -8.8 -28.6 4.6 -8.3 -27.6 3.2 -9.4 -26.9 3.2 -8 -29.2 4.6
5 24 -8.6 -12.8 -6.1 -10.6 -15.3 -4 -7.5 -14.2 -5.8 -11.7 -14.3 -2.9
5 24 8.8 -4.4 -8.5 9.8 -6.1 -6.9 8.7 -6 -7.9 10.5 -4.1 -7.4
5 24 -14.1 -21.7 6.8 -14.4 -19.7 6.9 -12.5 -22.8 8 -15.8 -19.6 5.5
5 24 -11.6 -45 -0.3 -10.2 -45.5 -0.6 -10.4 -44.8 -0.8 -11.5 -45.6 0
5 24 11.7 -52.2 8.1 12.3 -55.5 6.2 10.6 -55.5 8 13.4 -52.2 6.5
5 24 2.8 -28.8 13.1 0.1 -26.9 15.2 2.7 -24.3 15.9 -0.2 -29.2 13.6
5 24 4.8 -12.4 16.3 5.9 -11.4 15.5 2.2 -11.2 17 6.6 -14.8 15.6
5 24 -3.8 -9.6 15.8 -0.8 -8.7 16 -3.1 -11.4 16.8 -0.9 -6.7 14.6
5 24 6.7 -52.2 7.5 6.4 -49.8 6.5 7.3 -50.4 8 5.7 -50.9 4.6
5 24 -11.3 -9.3 11.4 -6.1 -6.8 13.3 -8.7 -9.4 13.2 -9.6 -7.2 10.9
5 24 -15.3 -10.3 -1.4 -12 -9 -4.3 -12.8 -8.2 -2.8 -14.5 -11.4 -2.9
5 24 -4.5 -63.4 2.4 -3.1284 -65.3284 2.4 -4.5 -63.3 6.3 -4.3 -63.8 -0.7
5 24 -14.5 -11.4 -2.9 -16.3 -13.3 -1.8 -17 -11.9 -0.6 -13.3 -13.1 -3.4
5 24 -11.4 -26.3 4.4 -12.8 -24.6 3.7 -10.4 -25.9 3 -11.8 -25.6 6.3
5 24 -10.6 -15.3 -4 -9.2 -16.3 -4.1 -12.6 -17.6 -2.4 -7.5 -14.2 -5.8
5 24 -3.1 -11.4 16.8 -0.5 -11.1 17.2 -0.8 -8.7 16 -0.2 -13.3 17.8
5 24 -12.8 -24.6 3.7 -13.9 -23.2 3.1 -11.7 -24.3 2.3 -14.3 -23 5.1
5 24 0.3 -47.7 10.7 0.1 -50.9 7.3 4.5 -50.2 6.6 -4.4 -49.7 7.2
5 24 14.4 -11.5 7 15.5 -12.7 2.9 16 -15.1 8.1 13.4 -9.2 1.9
5 24 2.7 -9.5 16.1 3.4 -7.9 15 5.9 -11.4 15.5 -0.8 -8.7 16
5 24 -1 -72.7 -1.1 2.5 -69 -2 -0.5 -69.5 -2.2 2.7 -71.7 0.3
5 24 -7.3 -17.3 -2.7 -4.5 -16.7 -3.9 -6.2 -19.3 -2 -5.9 -15.6 -3.9
5 24 5.4 -55.5 2.2 4.4 -60.8 1.8 6 -60.8 -0.2 4.2 -60.7 4.7
5 24 -19.8 -17.5 4.1 -18.8 -17.5 5.6 -18.4 -18.9 3.8 -20.1 -15.4 4.6
5 24 6 -55.5 6.8 7.1 -60.9 8.1 7.9 -55.5 8.5 4.9 -60.8 7
5 24 5 -12.1 -3.5 3.1 -13.1 -4.5 5.9 -13.3 -3.4 2.7 -11.3 -4.2
5 24 10.6 -55.5 8 9.1 -52.2 8.8 7.9 -55.5 8.5 11.7 -52.2 8.1
5 24 -1.8478 -22.3654 17.2704 -3.6 -24.2 15.3 -3.7 -26.4 14 -2 -21.6 17.5
5 24 -13.2 -7.6 3 -12.4 -7.7 7.4 -15 -9.3 6.2 -10.1 -5.8 6.9
5 24 0.2 -5.4 -9.2 -1.7 -5.5 -9.3 -1.8 -3.7 -9.6 -2.3 -7.9 -8.1
5 24 -10.4 -44.8 -0.8 -9.5 -42.8 -1.3 -8.9 -44.1 -2.1 -10.5 -44.1 -0.6
5 24 11.9 -43.7 0.1 11.8 -44.3 -0.3 9.9 -43.5 -0.6 13.5 -44 0.4
5 24 12.3 -42.6 1.2 10.3 -42.8 0.3 11.9 -43.7 0.1 10.7 -41.3 1.6
5 24 -6.9 -4.7 -9.8 -6.2 -7 -9.5 -5.4 -4.8 -10.1 -9.4 -6.9 -8.2
5 24 -6.1 -6.8 13.3 -1 -5.7 14 -5.2 -8.1 14.2 -1.1 -4.7 13.3
5 24 -9.9 -26.2 8 -9.9 -24.2 9.1 -11.3 -24.5 8 -8.9 -26 8.8
5 24 -5.7 -28.5 3.1 -8.6 -25.8 2.4 -7.2 -25.8 2.5 -6.8 -28 3.1
5 24 2.3 -5.3 -9.4 3.8 -3.1 -9.6 2 -3.3 -9.5 4.6 -5.1 -9.2
5 24 0.5 -10.7 -4.3 1.3 -12.8 -4.8 2.7 -11.3 -4.2 -0.2 -12.7 -4.9
5 24 -9.4 -26.9 3.2 -8.3 -27.6 3.2 -8.8 -28.6 4.6 -8.6 -25.8 2.4
5 24 8.4 -28.8 4.3 7.7 -24.6 4.7 9.3 -26.4 5.5 6.3 -26.5 3.9
5 24 -20.1 -15.4 4.6 -19.1 -13.1 5.2 -20.5 -15.1 2.8 -17.8 -13.7 7.4
5 24 -12.4 -7.7 7.4 -14.9 -10 7.8 -15 -9.3 6.2 -13.4 -9.4 9.3
5 24 -12.8 -8.2 -2.8 -13.5 -7.9 -0.4 -10.8 -6.2 -4.1 -15.3 -9.4 0.4
5 24 -11.4 -35.3 4.7 -10.3 -34.9 5 -10.6 -36.2 5.9 -11.4 -35 4
5 24 3.5 -0.01 12.7 3.6 -5 12.9 7.2 -5.2 11.1 -1.1 -4.7 13.3
5 24 12.6 -33.8 8.9 10.3 -33.1 10.7 11.5 -31.5 9.3 11.6 -35 10.3
5 24 -13.3 -45 1.8 -12 -44.7 3.3 -13.2 -44.5 3.4 -11.7 -45.5 1.5
5 24 -9.5 -15.6 12.5 -10.5 -12.5 12.8 -8.6 -13.2 13.5 -11.6 -14.9 11.8
5 24 -7 -22.8 12.8 -6 -20.4 15 -3.6 -24.2 15.3 -7.9 -18 13.9
5 24 -8.2 -18.2 4.5 -10 -0.01 1.8 -10 -18.2 1.8 -8.6 -0.01 5.2
5 24 -1.5 -34.6 3.7 -4.2 -18.2 3.6 -3.3 -18.2 1.5 -1.8 -34.6 4.7
5 24 -11.3 -0.01 6.4 -10.1 -5.8 6.9 -8.6 -5.6 9.7 -12.8 -0.01 1.7
5 24 0.1 -26.9 15.2 -1.4142 -23.0142 17.0757 -3.7 -26.4 14 0.2 -24.8 16.4
5 24 -2.3 -7.9 -8.1 -2.4 -10.1 -6.7 -1.8 -8.6 -6.1 -3.5 -10.2 -8.1
5 24 -4.5 -16.7 -3.9 -2.5 -19.7 -2.9 -1.8 -17.2 -4.2 -6.2 -19.3 -2
5 24 7.1 -48.2 7.6 4.5 -50.2 6.6 6.4 -49.8 6.5 4.9 -46.7 9.9
5 24 -12.6 -37.4 5.4 -13.9 -37.9 4.3 -13.3 -38.6 5.2 -12.8 -36.5 4.5
5 24 -14.9 -11.7 9.7 -11.3 -9.3 11.4 -13.4 -9.4 9.3 -12.8 -11.8 11.5
5 24 11.4 -6.6 -0.4 10.5 -6.5 -4.8 10.6 -7.6 -2.1 12.5 -0.01 -2.5
5 24 -1.6 -0.01 13 -1.1 -4.7 13.3 -5.9 -5.1 12 3.5 -0.01 12.7
5 24 -6.7 -3.9 -9.8 -5.8 -0.01 -9.8 -5.4 -3.8 -10 -7 -0.01 -9.1
5 24 -8.9 -9.1 -7.9 -6 -9.6 -8.7 -8.5 -11.3 -7.1 -6.2 -7 -9.5
5 24 0 -27.9 -4.5 0 -27.5 -2.6 -2.65 -28.6 -4.35 2.65 -28.6 -4.35
5 24 10.9 -35.1 2.7 9.4 -34.7 1.1 9.3 -34 2 11 -35.8 2.2
5 24 -0.7 -34.6 3.2 -3.3 -18.2 1.5 -1.5 -18.2 0.3 -1.5 -34.6 3.7
5 24 -0.1 -33.9 12.5 -4.3 -37.8 12.5 -4.1 -33.8 11.6 0.1 -37.8 13.1
5 24 12.2 -39.5 2.5 12.9 -37.9 2.6 11.7 -37.6 2.3 13.8 -39.6 2.5
5 24 16 -19.3 2 11.1 -15.6 -0.5 13.9 -14.4 0.3 12.9 -20.6 1.5
5 24 -17.8 -16.8 -0.3 -16.5 -16.2 -1.1 -17.7 -14.7 -0.9 -16 -18.3 0.3
5 24 -13.6 -38 2.9 -14.7 -40.1 2.6 -14.9 -40 3.1 -13.3 -38.2 2.6
5 24 9.9 -32 4 11.1 -34.7 3.6 12.7 -33.7 5.3 9.5 -33.8 3.2
5 24 16.2 -43.9 3.8 16.6 -41.5 4.2 15.1 -43.7 2.7 16.8 -44.1 5.1
5 24 -18.8 -17.5 5.6 -17.5 -18.6 5.8 -16.2 -17.4 7.9 -18.4 -18.9 3.8
5 24 12.8 -37.5 10 10.2 -36.8 10.9 11.6 -35 10.3 11.1 -39.6 10.4
5 24 -8.7 -32.2 5.6 -10.2 -34.3 4 -8.7 -32 4.1 -10.3 -34.9 5
5 24 -14.9 -10 7.8 -16.4 -11.5 7.8 -15 -9.3 6.2 -13.4 -9.4 9.3
5 24 12.1 -45.4 0.2 12.3 -45.7 0.9 10.2 -45.8 0.6 13.8 -44.9 1
5 24 -11.4 -36.4 5.7 -10.6 -36.2 5.9 -10.8 -38 6.5 -11.4 -35.3 4.7
5 24 3.1 -13.1 -4.5 2.7 -11.3 -4.2 1.3 -12.8 -4.8 5 -12.1 -3.5
5 24 5.4 -3 -10.1 4.6 -5.1 -9.2 6.2 -5.3 -9.3 3.8 -3.1 -9.6
5 24 16 -46.5 4.7 16.5 -44.4 6.9 16.8 -44.1 5.1 15.6 -46.9 6.7
5 24 10.3 -52.2 0.7 9.2 -55.5 0.4 11.2 -55.5 1.5 7.8 -52.2 0.7
5 24 -14.3 -23 5.1 -15.3 -21.6 3.5 -15.4 -21 5.3 -13.9 -23.2 3.1
5 24 -19.5 -12.9 3.1 -20 -14.7 1.5 -18.8 -12.7 1.4 -20.5 -15.1 2.8
5 24 10.8 -39.6 2.2 12.2 -39.5 2.5 12.3 -41.3 2 11.7 -37.6 2.3
5 24 -0.2 -12.7 -4.9 -2.9 -14.4 -4.7 -1.7 -12.3 -4.7 -1.1 -15 -4.8
5 24 -19.8 -17.5 4.1 -20.1 -17.2 2.1 -18.5 -18.6 1.8 -20.5 -15.1 2.8
5 24 1.4142 -23.0142 17.0757 2.7 -24.3 15.9 0.2 -24.8 16.4 1.8478 -22.3654 17.2704
5 24 -4 -13.7 17 -6.9 -15.2 15.2 -5.8 -12.2 15.7 -4.5 -17 16.8
5 24 -15.3 -9.1 3.5 -15.3 -9.4 0.4 -13.5 -7.9 -0.4 -17.5 -10.8 3.4
5 24 0.4 -22.1 -1.6 -3.2 -21.9 -1.2 0.3 -24.8 -0.1 -2.5 -19.7 -2.9
5 24 -11.4 -35.5 2.7 -10 -34.6 2.1 -10 -34.3 3 -10.3 -35.8 1.5
5 24 -5.4 -3.8 -10 -5.4 -4.8 -10.1 -4.2 -4.7 -10.1 -6.7 -3.9 -9.8
5 24 7 -0.01 7.8 4.6 -18.2 8 6.5 -18.2 6.7 4.7 -0.01 9.2
5 24 -12 -44.7 3.3 -13.2 -44.5 3.4 -13.3 -45 1.8 -12.4 -43.2 4.8
5 24 17.9 -21.9 7.4 16.3 -24 8 16.3 -21.6 9.5 17 -23.8 5.8
5 24 16.6 -41.5 4.2 16.6 -39.8 6.2 15.9 -39.6 4.6 17.1 -41.6 5.7
5 24 16.6 -41.5 4.2 15.9 -39.6 4.6 16.6 -39.8 6.2 15.5 -41.5 3.4
5 24 15.9 -39.6 4.6 16.6 -39.8 6.2 16.6 -41.5 4.2 15.5 -37.8 6.5
5 24 -8.7 -19.7 12.1 -10 -17.4 11 -10.4 -18.8 9.4 -7.9 -18 13.9
5 24 -8.6 -25.8 2.4 -6.8 -28 3.1 -8.3 -27.6 3.2 -5.7 -28.5 3.1
5 24 -1.1 -4.7 13.3 -1 -5.7 14 3.6 -5 12.9 -6.1 -6.8 13.3
5 24 13.8 -39.6 2.5 13.7 -38 3 12.9 -37.9 2.6 14.5 -39.4 2.9
5 24 4.6 -19.8 16.3 2 -21.6 17.5 4.9 -23.2 14.8 1.8478 -20.8346 17.7296
5 24 14 -42.7 1.3 12.3 -42.6 1.2 12.3 -41.3 2 13.3 -43.6 0.5
5 24 -7.3 -29.9 4.6 -7.7 -29.1 6.6 -8 -29.2 4.6 -7.1 -29.8 6.6
5 24 10.8 -60.8 6.1 8.9 -65.8 5.9 9.5 -60.9 7.8 11.2 -60.8 3.5
5 24 14.1 -35.5 7.1 12.6 -33.8 8.9 13.9 -36.1 8.4 13 -33 7.2
5 24 14.8 -41.5 9.3 16.9 -42.1 7.4 16.2 -40.2 7.8 15.5 -42.9 8.7
5 24 -5.9 -15.6 -3.9 -8.1 -17.1 -3.3 -7.3 -17.3 -2.7 -6.4 -15.1 -4.9
5 24 -12.1 -39.2 6.1 -11.9 -38.1 6.1 -10.8 -38 6.5 -13.3 -38.6 5.2
5 24 7.2 -10.5 14.8 10 -10.6 13 11.2 -14.3 13.4 8.3 -7.2 12.3
5 24 -15.4 -15 -2 -16.3 -13.3 -1.8 -13.3 -13.1 -3.4 -17.7 -14.7 -0.9
5 24 -11.9 -20.3 -0.8 -10 -20.2 -0.5 -11.3 -22.4 0.8 -10.9 -18.4 -2.4
5 24 16.2 -43.9 3.8 14.7 -46.3 2.7 16 -46.5 4.7 15.1 -43.7 2.7
5 24 11.2 -14.3 13.4 10 -10.6 13 7.2 -10.5 14.8 13.7 -14.5 11.1
5 24 -11.4 -35.3 4.7 -11.4 -36.4 5.7 -10.6 -36.2 5.9 -12.8 -36.5 4.5
5 24 9.7 -45.4 -0.2 9.1 -46.3 -0.3 10.2 -45.8 0.6 8.9 -45.5 -1.5
5 24 -10.2 -39.6 0 -9.5 -42.8 -1.3 -9.1 -39.2 -2 -10.5 -44.1 -0.6
5 24 14.9 -49 4.3 13.8 -49.1 2.6 13.8 -52.2 3.8 14.7 -46.3 2.7
5 24 -4 -13.7 17 -0.2 -13.3 17.8 0.1 -15.2 18.1 -3.1 -11.4 16.8
5 24 -9.5 -9 -5.6 -10.9 -10.5 -4.8 -12 -9 -4.3 -9.3 -10.6 -5.3
5 24 3.2 -9.7 -3.7 5 -12.1 -3.5 2.7 -11.3 -4.2 6 -10.2 -2.2
5 24 -12.4 -7.7 7.4 -10.1 -5.8 6.9 -8.6 -5.6 9.7 -13.2 -7.6 3
5 24 13.7 -14.5 11.1 10 -10.6 13 12.5 -10.9 10.3 11.2 -14.3 13.4
5 24 -18.5 -18.6 1.8 -19.5 -16.5 0.7 -20.1 -17.2 2.1 -18 -17.7 0.4
5 24 -8.3 -5.2 -4 -9.7 -0.01 -1.8 -8.3 -0.01 -4.3 -9.7 -5.2 -1.8
5 24 -19.1 -13.1 5.2 -17.8 -13.7 7.4 -16.4 -11.5 7.8 -20.1 -15.4 4.6
5 24 -16.2 -17.4 7.9 -14.4 -19.7 6.9 -14.1 -17.1 9.4 -17.5 -18.6 5.8
5 24 -11.4 -4.1 -5.4 -9.8 -4.2 -8 -11.2 -0.01 -6.2 -10 -5.3 -7.3
5 24 12 -42.1 10 11.1 -39.6 10.4 13.8 -39.6 9.6 9.1 -41.2 9.6
5 24 -15.3 -9.4 0.4 -17.5 -10.8 3.4 -17.2 -11.1 1.1 -15.3 -9.1 3.5
5 24 -14.9 -10 7.8 -13.4 -9.4 9.3 -12.4 -7.7 7.4 -16.4 -11.5 7.8
5 24 4.5 -50.2 6.6 0.3 -47.7 10.7 4.9 -46.7 9.9 0.1 -50.9 7.3
5 24 -8.7 -32.2 5.6 -7.3 -29.9 4.6 -8.7 -32 4.1 -7.1 -29.8 6.6
5 24 7.9 -55.5 8.5 6.7 -52.2 7.5 9.1 -52.2 8.8 6 -55.5 6.8
5 24 10.5 -49.2 9.1 7.9 -46.6 8.3 7.1 -48.2 7.6 11.5 -47.2 9.2
5 24 9.5 -42.8 -1.3 9.9 -43.5 -0.6 9.6 -44.1 -1.1 10.3 -42.8 0.3
5 24 2.9 -8.9 -6.1 5.7 -9.1 -6.2 3.2 -9.7 -3.7 2.8 -7.7 -8.3
5 24 -2.4 -10.1 -6.7 -4.8 -13 -6.4 -3.9 -13.4 -4.5 -3.5 -10.2 -8.1
5 24 -11.3 -22.4 0.8 -11.9 -20.3 -0.8 -13.1 -21.2 0.4 -10 -20.2 -0.5
5 24 -0.3 -66.5 6.3 1 -66.9 9.5 -0.4 -67 10 1.2308 -66.1956 6.1
5 24 5.8 -34.6 11.2 4.4 -37.5 12.3 7.8 -37.5 10.5 4.2 -32.8 11.4
5 24 7.4 -23.9 11.7 8 -26.9 11.6 5.9 -25.3 12.9 9 -25.7 10.4
5 24 -14.3 -43.8 3.4 -14 -42.5 4.4 -15 -42.3 3.5 -13.2 -44.5 3.4
5 24 -2.5 -11.3 -4.5 -0.8 -10.7 -4.3 -1.7 -12.3 -4.7 -1.5 -9.2 -3.8
5 24 -12.6 -37.4 5.4 -11.4 -36.4 5.7 -12.8 -36.5 4.5 -11.9 -38.1 6.1
5 24 0.1 -7 -8.1 -2.3 -7.9 -8.1 0.2 -5.4 -9.2 0.1 -7.8 -5.9
5 24 -14.3 -23 5.1 -15.4 -21 5.3 -14.1 -21.7 6.8 -15.3 -21.6 3.5
5 24 -3.6 -21.6 16.4 -6 -20.4 15 -3.6 -24.2 15.3 -2.4 -19.2 17.7
5 24 2.4 -69.5 10.1 -0.4 -67 10 1 -66.9 9.5 -0.4 -69.9 10.2
5 24 2.1 -31.1 11.6 -0.1 -33.9 12.5 4.2 -32.8 11.4 -0.6 -31.2 11.9
5 24 -11.3 -9.3 11.4 -12.8 -11.8 11.5 -8.7 -9.4 13.2 -14.9 -11.7 9.7
5 24 9.5 -30 4.5 10.6 -28.9 5.8 9.3 -26.4 5.5 11.6 -31.2 5.5
5 24 9.4 -17.9 14.4 8.7 -14.6 14.9 6.6 -14.8 15.6 11.8 -18 13.4
5 24 15.1 -43.7 2.7 16.2 -43.9 3.8 16.6 -41.5 4.2 14.7 -46.3 2.7
5 24 14.1 -23.5 3.3 9.6 -19.7 1.7 9.3 -21.9 4.1 12.9 -20.6 1.5
5 24 9.9 -21.1 13 9.4 -17.9 14.4 7.1 -17.9 14.9 12.7 -21.7 12
5 24 -6.8 -28 3.1 -8.3 -27.6 3.2 -8.6 -25.8 2.4 -7.3 -29.9 4.6
5 24 -8.3 -27.6 3.2 -8.6 -25.8 2.4 -6.8 -28 3.1 -9.4 -26.9 3.2
5 24 12.2 -10.8 -0.8 15.5 -12.7 2.9 13.4 -9.2 1.9 13.9 -14.4 0.3
5 24 9.3 -21.9 4.1 7 -23.1 2.1 9.6 -19.7 1.7 7.7 -24.6 4.7
5 24 11.5 -47.2 9.2 10.5 -49.2 9.1 7.9 -46.6 8.3 12.9 -49.4 8.1
5 24 12.8 -37.5 10 15.1 -38.2 8 13.9 -36.1 8.4 13.8 -39.6 9.6
5 24 9.3 -21.9 4.1 14.1 -23.5 3.3 9.8 -23.5 6.4 9.6 -19.7 1.7
5 24 -11.6 -6.4 -0.8 -12.5 -0.01 -2.1 -12.8 -0.01 1.7 -11.4 -4.1 -5.4
5 24 9.4 -44.8 -1 11.9 -44.9 -0.3 9.7 -45.4 -0.2 9.6 -44.1 -1.1
5 24 0.2 -5.4 -9.2 2 -3.3 -9.5 0.1 -3.5 -9.4 2.3 -5.3 -9.4
5 24 13.9 -36.1 8.4 12.8 -37.5 10 11.6 -35 10.3 15.1 -38.2 8
5 24 14.1 -35.5 7.1 12.7 -33.7 5.3 13 -33 7.2 13.9 -35.8 5.1
5 24 12.9 -49.4 8.1 13.4 -52.2 6.5 14.5 -49.4 6.6 11.7 -52.2 8.1
5 24 1 -14.8 -4.8 3.8 -16.7 -4 3.6 -14.4 -4.5 0.8 -17.1 -4.3
5 24 7.1 -55.5 0.6 5.4 -55.5 2.2 6 -60.8 -0.2 7.8 -52.2 0.7
5 24 16.9 -22 3.6 14.1 -23.5 3.3 16 -19.3 2 17 -23.8 5.8
5 24 -5.6 -18.2 0.3 -6 -5.2 1.8 -4.9 -5.2 -1.8 -6.3 -18.2 1.8
5 24 -3.5 -31 10.9 -3.5 -28.8 12.4 -0.2 -29.2 13.6 -5.9 -28.3 10.5
5 24 16.3 -24 8 13.8 -24.2 9.5 15.1 -23.4 9.6 14.3 -25 7.5
5 24 6.6 -28.6 12.4 8 -26.9 11.6 8.7 -30.7 11.5 5.9 -25.3 12.9
5 24 11.9 -44.4 9.6 11.5 -47.2 9.2 14 -45.2 8.7 8.6 -44.5 8.8
5 24 11.8 -18 13.4 11.2 -14.3 13.4 14.5 -18.1 11.5 8.7 -14.6 14.9
5 24 3.1 -18.2 5.7 1.7 -34.6 5.15 0.9 -34.6 5.5 4 -18.2 5
5 24 11.4 -6.4 1.4 12.6 -8.7 5.7 13.4 -9.2 1.9 10.5 -6.3 4.8
5 24 10.3 -33.1 10.7 11.6 -35 10.3 12.6 -33.8 8.9 9.1 -34.6 11.3
5 24 -15 -9.3 6.2 -14.9 -10 7.8 -12.4 -7.7 7.4 -16.4 -11.5 7.8
5 24 -14.7 -40.1 2.6 -14.2 -40.3 2.2 -13.3 -38.2 2.6 -14.9 -42 1.9
5 24 1.2308 -66.1956 2 1.2308 -66.1956 6.1 -0.3 -66.5 2.3 2.5284 -65.3284 5.7
5 24 -0.1 -33.9 12.5 4.2 -32.8 11.4 4.4 -37.5 12.3 2.1 -31.1 11.6
5 24 4.6 -18.2 8 4.7 -0.01 9.2 7 -0.01 7.8 1.8 -18.2 9.9
5 24 -11.3 -22.4 0.8 -13.1 -21.2 0.4 -11.9 -20.3 -0.8 -12.8 -22.8 1.6
5 24 -1.7 -5.5 -9.3 -2.9 -6.7 -9.1 -2.3 -7.9 -8.1 -3.5 -3.7 -9.6
5 24 3.3956 -64.0308 1.8 4.6 -64.4 -0.4 4.4 -60.8 1.8 2.5284 -65.3284 1.75
5 24 -6.3 -21.3 -0.3 -8.9 -19.7 0 -7.5 -23.1 2.3 -6.2 -19.3 -2
5 24 2.5284 -65.3284 1.75 3.8 -65.7 -0.7 1.2308 -66.1956 2 4.6 -64.4 -0.4
5 24 9.1 -52.2 8.8 6.7 -52.2 7.5 7.3 -50.4 8 7.9 -55.5 8.5
5 24 8.1 -68.9 2.9 7.7 -68.8 5.7 5.6 -71.3 5.2 9.4 -66.1 3.2
5 24 15.5 -41.5 3.4 16.6 -41.5 4.2 15.9 -39.6 4.6 15.1 -43.7 2.7
5 24 9.6 -19.7 1.7 7.1 -18.2 -2.1 6.9 -20.9 -0.2 9.6 -16.3 -0.3
5 24 4.2 -32.8 11.4 2.8 -28.8 13.1 5 -30.6 12.4 2.1 -31.1 11.6
5 24 -12.7 -36.3 3.5 -11.4 -35.5 2.7 -11.4 -35.1 3.4 -12.7 -36.5 3.1
5 24 -11.7 -14.3 -2.9 -13.3 -13.1 -3.4 -13.9 -16.2 -1.6 -9.7 -11.9 -4.4
5 24 1.2308 -66.1956 2 2.5284 -65.3284 1.75 3.8 -65.7 -0.7 2.5284 -65.3284 5.7
5 24 13.8 -44.4 0.5 11.9 -44.9 -0.3 13.5 -44 0.4 12.1 -45.4 0.2
5 24 10.7 -0.01 -7 10.5 -4.1 -7.4 9.5 -2.5 -8.5 11.9 -0.01 -4.5
5 24 -13.9 -43.4 0.8 -13.2 -44.7 0.2 -12.8 -44.3 0.2 -14.4 -43.6 0.9
5 24 13.4 -9.2 1.9 11.4 -6.6 -0.4 10.6 -7.6 -2.1 11.4 -6.4 1.4
5 24 -8.4 -37.4 9.9 -10.9 -39.8 6.6 -10.8 -38 6.5 -8 -41.1 10.1
5 24 10.5 -6.5 -4.8 10.6 -7.6 -2.1 11.4 -6.6 -0.4 8.4 -9.1 -3.1
5 24 9.5 -60.9 7.8 8.9 -65.8 5.9 7.8 -65.3 7.4 10.8 -60.8 6.1
5 24 -12.6 -17.6 -2.4 -13.9 -19.6 -0.6 -11.9 -20.3 -0.8 -16 -18.3 0.3
5 24 3.5 -18.2 -1.1 4 -5.2 -1.7 4.8 -18.2 -0.4 2.8 -5.2 -2.2
5 24 -6 -0.01 11.7 -5.9 -5.1 12 -1.6 -0.01 13 -9 -0.01 9.5
5 24 -15.3 -10.3 -1.4 -15.3 -9.4 0.4 -17.2 -11.1 1.1 -12.8 -8.2 -2.8
5 24 -13.3 -45.1 0.5 -13.3 -45 1.8 -11.7 -45.5 1.5 -14.6 -43.8 1.2
5 24 -4.8 -51.2 0.5 -8.4 -48.5 1 -4.6 -50 -1.6 -4.7 -51.1 3.3
5 24 -13.9 -37.9 4.3 -12.8 -36.5 4.5 -14 -37.8 3.8 -12.6 -37.4 5.4
5 24 0.1 -3.5 -9.4 -1.5 -0.01 -9.4 -1.8 -3.7 -9.6 0.1 -0.01 -9.2
5 24 4.4 -60.8 1.8 3.3956 -64.0308 1.8 4.2 -60.7 4.7 4.6 -64.4 -0.4
5 24 -3.3 -68.9 10.3 -6.1 -68.8 7.7 -5.3 -67.2 9.8 -3.1 -73.3 6.5
5 24 11.3 -49.3 1 9.4 -46.7 0.8 12.2 -47.3 1.2 8.1 -48.6 0.9
5 24 7.8 -8.5 -5.9 5.7 -9.1 -6.2 8.4 -9.1 -3.1 7.1 -7.1 -8
5 24 4.6 -19.8 16.3 3.4 -16.6 17.3 2.5 -18.3 17.7 5.1 -15.7 16.4
5 24 11.5 -47.2 9.2 14 -45.2 8.7 13.9 -47.1 8.2 11.9 -44.4 9.6
5 24 9.4 -66.1 3.2 8.4 -65.6 1 11.2 -60.8 3.5 7.2 -68.1 0.9
5 24 -16.8 -19.2 1.9 -18.4 -18.9 3.8 -16.7 -19.5 3.7 -18.5 -18.6 1.8
5 24 -3.1284 -65.3284 2.4 -3.1284 -65.3284 7 -1.8308 -66.1956 6.8 -4.5 -63.3 6.3
5 24 -11.9 -19.3 8.7 -14.1 -17.1 9.4 -12 -16.9 10.6 -13.2 -19.5 7.8
5 24 8.7 -30.7 11.5 8 -26.9 11.6 10.3 -29 9.9 6.6 -28.6 12.4
5 24 9.4 -66.1 3.2 8.1 -68.9 2.9 7.7 -68.8 5.7 7.2 -68.1 0.9
5 24 -18.8 -12.7 1.4 -20 -14.7 1.5 -19.3 -14.4 0.6 -19.5 -12.9 3.1
5 24 2.7 -72.6 2.3 2.7 -71.7 0.3 5.6 -71.5 2.8 -1 -72.7 -1.1
5 24 10.8 -60.8 6.1 9.5 -60.9 7.8 10.6 -55.5 8 8.9 -65.8 5.9
5 24 13.8 -49.1 2.6 14.7 -46.3 2.7 14.9 -49 4.3 12.2 -47.3 1.2
5 24 12.7 -33.7 5.3 13 -33 7.2 14.1 -35.5 7.1 11.6 -31.2 5.5
5 24 15.9 -39.6 4.6 15 -37.7 4.9 14.9 -39.4 3.9 15.5 -37.8 6.5
5 24 13.9 -36.1 8.4 14.1 -35.5 7.1 15.5 -37.8 6.5 12.6 -33.8 8.9
5 24 -12.6 -17.6 -2.4 -11.9 -20.3 -0.8 -10.9 -18.4 -2.4 -13.9 -19.6 -0.6
5 24 -8.6 -5.6 9.7 -12.4 -7.7 7.4 -13.4 -9.4 9.3 -10.1 -5.8 6.9
5 24 -0.4 -67 10 -0.4 -69.9 10.2 2.4 -69.5 10.1 -3.3 -68.9 10.3
5 24 -14.1 -21.7 6.8 -15.8 -19.6 5.5 -15.4 -21 5.3 -14.4 -19.7 6.9
5 24 1.4142 -20.1858 17.9243 0.2 -17.7 18.3 0.7654 -19.7522 18.0543 2.5 -18.3 17.7
5 24 3.1 -13.1 -4.5 3.6 -14.4 -4.5 1.3 -12.8 -4.8 5.9 -13.3 -3.4
5 24 -2.3 -7.9 -8.1 -1.7 -5.5 -9.3 -2.9 -6.7 -9.1 0.2 -5.4 -9.2
5 24 7.6 -2.5 -9.2 9.5 -2.5 -8.5 9.3 -0.01 -8.3 8.8 -4.4 -8.5
5 24 -4.6 -66.8 -2.1 -1.8 -66.6 -1.3 -3.3 -65.2 -1 -2.9 -68.4 -2.3
5 24 10.2 -39.6 0 10.3 -42.8 0.3 10.7 -41.3 1.6 9.5 -42.8 -1.3
5 24 4.2 -60.7 4.7 3.7 -64.1 7.3 3.3956 -64.0308 5.4 4.9 -60.8 7
5 24 -1.8 -3.7 -9.6 -3.5 -3.7 -9.6 -1.7 -5.5 -9.3 -3 -0.01 -9.5
5 24 -0.1 -33.9 12.5 -0.6 -31.2 11.9 2.1 -31.1 11.6 -4.1 -33.8 11.6
5 24 10.2 -45.8 0.6 12.1 -45.4 0.2 9.7 -45.4 -0.2 12.3 -45.7 0.9
5 24 6.3 -26.5 3.9 8.4 -28.8 4.3 5.9 -29.1 3.5 7.7 -24.6 4.7
5 24 -3.1 -11.4 16.8 -4 -13.7 17 -0.2 -13.3 17.8 -5.8 -12.2 15.7
5 24 -8.6 -13.2 13.5 -6.9 -15.2 15.2 -9.5 -15.6 12.5 -5.8 -12.2 15.7
5 24 4.9 -60.8 7 6 -55.5 6.8 7.1 -60.9 8.1 4.2 -60.7 4.7
5 24 8.9 -0.01 5.4 8.4 -18.2 4 6.5 -18.2 6.7 9.9 -18.2 1.8
5 24 -14 -42.5 4.4 -15 -42.3 3.5 -14.3 -43.8 3.4 -14.1 -40.6 4.8
5 24 -13.6 -38 2.9 -13.9 -37.8 3.4 -12.7 -36.5 3.1 -14.9 -40 3.1
5 24 -15.3 -21.6 3.5 -13.9 -23.2 3.1 -14.3 -23 5.1 -14.8 -21.2 1.6
5 24 2.4 -69.5 10.1 4.9 -67.9 8.9 2.5 -65.8 8.3 5.3 -70.1 7.5
5 24 -11.5 -45.6 0 -13.2 -44.7 0.2 -13.3 -45.1 0.5 -11.6 -45 -0.3
5 24 16.3 -21.6 9.5 16.3 -24 8 15.1 -23.4 9.6 17.9 -21.9 7.4
5 24 -9.9 -24.2 9.1 -11.3 -24.5 8 -9.9 -26.2 8 -12.5 -22.8 8
5 24 -11.7 -24.3 2.3 -10.4 -25.9 3 -10 -24.2 1.8 -12.8 -24.6 3.7
5 24 -5.7 -28.5 3.1 -8.5 -32.2 2.2 -6.3 -30.4 0 -7.3 -29.9 4.6
5 24 -14.3 -23 5.1 -12.8 -24.6 3.7 -13.9 -23.2 3.1 -13.4 -24 5.8
5 24 -5.4 -4.8 -10.1 -6.7 -3.9 -9.8 -5.4 -3.8 -10 -6.9 -4.7 -9.8
5 24 1 -66.9 9.5 1.2308 -66.1956 6.1 2.5 -65.8 8.3 -0.3 -66.5 6.3
5 24 12.2 -10.8 -0.8 9.4 -11.2 -2 9.9 -12.7 -1.5 8.4 -9.1 -3.1
5 24 9.2 -35.2 -0.4 9.7 -37 -0.3 8.5 -37 -2.4 9.4 -34.7 1.1
5 24 12.2 -47.3 1.2 13.9 -45.2 1.7 12.3 -45.7 0.9 14.7 -46.3 2.7
5 24 4.6 -19.8 16.3 2.5 -18.3 17.7 3.4 -16.6 17.3 1.8478 -20.8346 17.7296
5 24 2.2 -11.2 17 2.7 -9.5 16.1 -0.5 -11.1 17.2 5.9 -11.4 15.5
5 24 8 -26.9 11.6 5.9 -25.3 12.9 6.6 -28.6 12.4 7.4 -23.9 11.7
5 24 -1.7 -12.3 -4.7 -2.5 -11.3 -4.5 -0.8 -10.7 -4.3 -3.9 -13.4 -4.5
5 24 -9.7 -11.9 -4.4 -13.3 -13.1 -3.4 -10.9 -10.5 -4.8 -11.7 -14.3 -2.9
5 24 6.2 -5.3 -9.3 7.1 -7.1 -8 8 -6.5 -8.2 5.2 -7.6 -8
5 24 -10.4 -18.8 9.4 -11.2 -21.9 9.1 -11.9 -19.3 8.7 -9.3 -21.3 9.9
5 24 -5.3 -67.2 9.8 -3.3 -68.9 10.3 -6.1 -68.8 7.7 -3.8 -65 9.9
5 24 -14.1 -21.7 6.8 -15.4 -21 5.3 -14.3 -23 5.1 -15.8 -19.6 5.5
5 24 13.8 -52.2 3.8 12.4 -52.2 1.9 12.8 -55.5 3.6 13.8 -49.1 2.6
5 24 13.8 -52.2 3.8 12.8 -55.5 3.6 12.4 -52.2 1.9 12.3 -55.5 6.2
5 24 -9.7 -11.9 -4.4 -8.6 -12.8 -6.1 -9.3 -10.6 -5.3 -11.7 -14.3 -2.9
5 24 12.9 -37.9 2.6 13.7 -38 3 12.5 -36.5 3 13.8 -39.6 2.5
5 24 8.3 -7.2 12.3 10.9 -7.8 9.4 7.2 -5.2 11.1 12.5 -10.9 10.3
5 24 -10.5 -12.5 12.8 -11.6 -14.9 11.8 -14 -14.7 10.7 -9.5 -15.6 12.5
5 24 -12.5 -41.2 5.7 -12.4 -43.2 4.8 -14 -42.5 4.4 -10.8 -41.7 6.1
5 24 -10 -17.4 11 -7.9 -18 13.9 -8.7 -19.7 12.1 -9.5 -15.6 12.5
5 24 0.4 -22.1 -1.6 0.6 -19.7 -3.1 -2.5 -19.7 -2.9 3.8 -21.8 -1
5 24 9.5 -30 4.5 9.9 -32 4 8.1 -31.5 3.5 11.6 -31.2 5.5
5 24 12.2 -0.01 4.9 9.4 -5.8 8.6 10.5 -6.3 4.8 10 -0.01 8.5
5 24 -10 -34.3 3 -11.4 -35.5 2.7 -11.4 -35.1 3.4 -10 -34.6 2.1
5 24 -7.5 -65.3 -0.4 -7.1 -63.5 2.2 -8.2 -65.2 2.2 -6.2 -63.7 -0.8
5 24 14.7 -46.3 2.7 14.9 -49 4.3 16 -46.5 4.7 13.8 -49.1 2.6
5 24 12.8 -55.5 3.6 11.2 -55.5 1.5 12.4 -52.2 1.9 9.9 -60.9 1.4
5 24 0 -29.5 -8.4 0 -28.5 -6.7 -2.5 -29.95 -7.8 2.5 -29.95 -7.8
5 24 -8.4 -48.5 1 -10.2 -45.5 -0.6 -10.4 -45.5 1.4 -7.8 -47.9 -0.8
5 24 -8.9 -19.7 0 -9.8 -21.7 0.8 -10 -20.2 -0.5 -8.7 -21 1.3
5 24 -8.5 -11.3 -7.1 -9.3 -10.6 -5.3 -9.5 -9 -5.6 -8.6 -12.8 -6.1
5 24 9.6 -16.3 -0.3 11.1 -15.6 -0.5 8.7 -13.7 -1.2 12.9 -20.6 1.5
5 24 10 -10.6 13 12.5 -10.9 10.3 13.7 -14.5 11.1 8.3 -7.2 12.3
5 24 3.8 -21.8 -1 6.9 -20.9 -0.2 3.7 -24.7 0.9 4 -19.3 -2.8
5 24 5.6 -71.5 2.8 5.6 -71.3 5.2 8.1 -68.9 2.9 2.5 -72.8 4.9
5 24 14.9 -39.4 3.9 14.5 -39.4 2.9 13.7 -38 3 15.5 -41.5 3.4
5 24 9.1 -34.6 11.3 5.8 -34.6 11.2 7.4 -32.7 11.8 7.8 -37.5 10.5
5 24 -5.8 -12.2 15.7 -8.6 -13.2 13.5 -6.9 -15.2 15.2 -7.4 -10.7 14.1
5 24 -8.8 -28.6 4.6 -9.4 -26.9 3.2 -8.3 -27.6 3.2 -10.2 -27.4 4.9
5 24 -5.9 -28.3 10.5 -7.8 -25.8 9.4 -6.3 -26 11.7 -7.1 -27.9 8.7
5 24 -6.1 -69.7 1.9 -2.9 -73 -0.5 -3 -73.5 1.9 -5.5 -69.3 -1
5 24 1.7 -34.6 5.15 4 -18.2 5 3.1 -18.2 5.7 1.95 -34.6 4.4
5 24 5.1 -15.7 16.4 6.6 -14.8 15.6 7.1 -17.9 14.9 4.8 -12.4 16.3
5 24 12.4 -52.2 1.9 11.2 -55.5 1.5 12.8 -55.5 3.6 10.3 -52.2 0.7
5 24 -8 -32.7 -0.3 -9.2 -35.2 -0.4 -6.9 -32.7 -2.7 -10 -34.6 2.1
5 24 -12.8 -24.6 3.7 -13.4 -24 5.8 -11.8 -25.6 6.3 -14.3 -23 5.1
5 24 5.9 -13.3 -3.4 6 -10.2 -2.2 7.3 -11.8 -1.8 5 -12.1 -3.5
5 24 14 -43.8 9.2 14 -45.2 8.7 15.1 -44.9 8.2 11.9 -44.4 9.6
5 24 8.7 -13.7 -1.2 5.9 -13.3 -3.4 6.5 -15.5 -3.3 7.3 -11.8 -1.8
5 24 11.1 -39.6 10.4 10.2 -36.8 10.9 7.8 -37.5 10.5 12.8 -37.5 10
5 24 -3.1 -73.6 4.2 -3 -73.5 1.9 -6.1 -69.7 1.9 -2.2 -73.8 4.5
5 24 9.3 -34 2 10.9 -35.1 2.7 9.4 -34.7 1.1 9.5 -33.8 3.2
5 24 -7.1 -64.3 8.7 -3.8 -65 9.9 -5.3 -67.2 9.8 -4.9 -63.6 9.4
5 24 -11.8 -25.6 6.3 -13.4 -24 5.8 -11.3 -24.5 8 -12.8 -24.6 3.7
5 24 8.1 -60.9 0 6 -60.8 -0.2 9.2 -55.5 0.4 6.4 -65.2 -0.5
5 24 12.5 -36.5 3 11 -35.8 2.2 12.2 -36.8 2.6 10.9 -35.1 2.7
5 24 16.6 -41.5 4.2 15.1 -43.7 2.7 15.5 -41.5 3.4 16.2 -43.9 3.8
5 24 0.1 -50.9 7.3 4.5 -50.2 6.6 5.7 -50.9 4.6 0.3 -47.7 10.7
5 24 -18.8 -17.5 5.6 -18.4 -18.9 3.8 -19.8 -17.5 4.1 -17.5 -18.6 5.8
5 24 11 -35.8 2.2 10.4 -37.3 1.6 11.7 -37.6 2.3 9.4 -34.7 1.1
5 24 -12.5 -36.8 2.7 -12.1 -37.9 2.3 -13.3 -38.2 2.6 -11.2 -36 2.1
5 24 -0.2 -13.3 17.8 2.2 -11.2 17 -0.5 -11.1 17.2 3 -13.7 17.3
5 24 -6.1 -69.7 1.9 -3 -73.5 1.9 -2.9 -73 -0.5 -3.1 -73.6 4.2
5 24 4.4 -37.5 12.3 7.8 -37.5 10.5 5.8 -34.6 11.2 4.8 -42.3 11.8
5 24 -3.7 -26.4 14 -5.9 -28.3 10.5 -3.5 -28.8 12.4 -6.3 -26 11.7
5 24 12.7 -36.2 3.7 12.7 -33.7 5.3 11.1 -34.7 3.6 13.9 -35.8 5.1
5 24 -6.3 -26 11.7 -7.8 -25.8 9.4 -5.9 -28.3 10.5 -8.5 -23.6 9.9
5 24 -8.3 -0.01 -4.3 -8.3 -5.2 -4 -5.6 -5.2 -6 -9.7 -0.01 -1.8
5 24 5.6 -71.5 2.8 2.5 -72.8 4.9 5.6 -71.3 5.2 2.7 -72.6 2.3
5 24 9.4 -11.2 -2 9.9 -12.7 -1.5 7.3 -11.8 -1.8 12.2 -10.8 -0.8
5 24 -19.5 -12.9 3.1 -17.2 -11 5.7 -17.5 -10.8 3.4 -19.1 -13.1 5.2
5 24 -20.1 -15.4 4.6 -18.8 -17.5 5.6 -18.5 -16.1 6.6 -19.8 -17.5 4.1
5 24 3.3956 -64.0308 1.8 2.5284 -65.3284 1.75 4.6 -64.4 -0.4 3.3956 -64.0308 5.4
5 24 -3.3 -18.2 1.5 -1.5 -34.6 3.7 -4.2 -18.2 3.6 -0.7 -34.6 3.2
5 24 5.9 -64.6 8.2 3.7 -64.1 7.3 5.5 -66.3 8.5 4.9 -60.8 7
5 24 -12.1 -39.2 6.1 -13.3 -38.6 5.2 -14.1 -40.6 4.8 -11.9 -38.1 6.1
5 24 5.2 -7.6 -8 2.8 -7.7 -8.3 5.7 -9.1 -6.2 4.6 -5.1 -9.2
5 24 14 -45.2 8.7 13.9 -47.1 8.2 15.1 -44.9 8.2 11.5 -47.2 9.2
5 24 -12.5 -22.8 8 -13.2 -19.5 7.8 -14.4 -19.7 6.9 -11.2 -21.9 9.1
5 24 -14.9 -11.7 9.7 -16 -14.4 9.3 -17.8 -13.7 7.4 -12.8 -11.8 11.5
5 24 -3.7 -26.4 14 -3.6 -24.2 15.3 -6.3 -26 11.7 -1.8478 -22.3654 17.2704
5 24 5 -12.1 -3.5 2.7 -11.3 -4.2 3.2 -9.7 -3.7 3.1 -13.1 -4.5
5 24 1.95 -34.6 4.4 4.3 -18.2 4 4 -18.2 5 4.1 -18.2 2.9
5 24 -5.8 -12.2 15.7 -3.8 -9.6 15.8 -7.4 -10.7 14.1 -3.1 -11.4 16.8
5 24 -0.6 -31.2 11.9 -0.2 -29.2 13.6 2.1 -31.1 11.6 -3.5 -31 10.9
5 24 17 -23.8 5.8 16.3 -24 8 17.9 -21.9 7.4 14.8 -24.8 5.5
5 24 4.7 -0.01 9.2 1.8 -18.2 9.9 4.6 -18.2 8 1.8 -0.01 9.9
5 24 -15.2 -42.1 2.4 -14.7 -40.1 2.6 -14.9 -42 1.9 -14.9 -40 3.1
5 24 0.2 -8.5 -3.4 2.9 -8.9 -6.1 0.1 -7.8 -5.9 3.2 -9.7 -3.7
5 24 11.9 -44.9 -0.3 9.6 -44.1 -1.1 11.8 -44.3 -0.3 9.4 -44.8 -1
5 24 11.6 -35 10.3 9.1 -34.6 11.3 10.3 -33.1 10.7 10.2 -36.8 10.9
5 24 5.3 -70.1 7.5 4.9 -67.9 8.9 6.9 -67.8 7.5 2.4 -69.5 10.1
5 24 -14.8 -21.2 1.6 -16 -18.3 0.3 -16.8 -19.2 1.9 -13.9 -19.6 -0.6
5 24 -3.8 -9.6 15.8 -7.4 -10.7 14.1 -5.8 -12.2 15.7 -5.2 -8.1 14.2
5 24 15 -43.2 1.8 14.6 -42.9 1.4 13.8 -44.4 0.5 15 -41.3 2.4
5 24 -12.5 -36.8 2.7 -12.7 -36.5 3.1 -13.6 -38 2.9 -11.4 -35.5 2.7
5 24 -12.5 -22.8 8 -13.4 -24 5.8 -11.3 -24.5 8 -14.1 -21.7 6.8
5 24 12.5 -10.9 10.3 10.9 -7.8 9.4 8.3 -7.2 12.3 14.4 -11.5 7
5 24 4.6 -64.4 -0.4 2.5284 -65.3284 1.75 3.8 -65.7 -0.7 3.3956 -64.0308 1.8
5 24 -8.4 -37.4 9.9 -10.6 -36.2 5.9 -8.1 -33.7 8.8 -10.8 -38 6.5
5 24 6.9 -20.9 -0.2 9.6 -19.7 1.7 7 -23.1 2.1 7.1 -18.2 -2.1
5 24 -4.8 -51.2 0.5 0 -50.8 -2.3 0 -51.9 0.4 -4.6 -50 -1.6
5 24 6 -50.8 2.3 4.7 -50.7 0.6 3.7 -51.5 3.6 8.1 -48.6 0.9
5 24 -12.4 -39.6 2.3 -12.1 -37.9 2.3 -11.1 -39.4 1.9 -13.3 -38.2 2.6
5 24 -8.2 -65.6 5.7 -6.3 -69.4 5.1 -6.1 -68.8 7.7 -6.1 -69.7 1.9
5 24 14.5 -18.1 11.5 11.2 -14.3 13.4 11.8 -18 13.4 13.7 -14.5 11.1
5 24 -5.5 -69.3 -1 -4.6 -66.8 -2.1 -2.9 -68.4 -2.3 -7.5 -65.3 -0.4
5 24 -16 -14.4 9.3 -16.2 -17.4 7.9 -14 -14.7 10.7 -18.5 -16.1 6.6
5 24 15.1 -38.2 8 13.8 -39.6 9.6 12.8 -37.5 10 16.2 -40.2 7.8
5 24 13.8 -39.6 9.6 16.2 -40.2 7.8 14.8 -41.5 9.3 15.1 -38.2 8
5 24 11.2 -55.5 1.5 9.2 -55.5 0.4 8.1 -60.9 0 10.3 -52.2 0.7
5 24 -7.7 -29.1 6.6 -8.9 -28.2 6.6 -8.3 -27.8 7.7 -8.8 -28.6 4.6
5 24 -12.8 -36.2 3.9 -11.4 -35 4 -12.7 -36.3 3.5 -11.4 -35.3 4.7
5 24 5.9 -13.3 -3.4 5 -12.1 -3.5 6 -10.2 -2.2 3.1 -13.1 -4.5
5 24 -11.7 -24.3 2.3 -12.8 -24.6 3.7 -13.9 -23.2 3.1 -10.4 -25.9 3
5 24 -14 -14.7 10.7 -14.1 -17.1 9.4 -12 -16.9 10.6 -16.2 -17.4 7.9
5 24 -3.8 -9.6 15.8 -0.9 -6.7 14.6 -5.2 -8.1 14.2 -0.8 -8.7 16
5 24 -11.2 -21.9 9.1 -11.9 -19.3 8.7 -13.2 -19.5 7.8 -10.4 -18.8 9.4
5 24 2.5284 -65.3284 5.7 2.5284 -65.3284 1.75 3.3956 -64.0308 5.4 1.2308 -66.1956 2
5 24 -8.6 -25.8 2.4 -10 -24.2 1.8 -8.5 -23.5 1.9 -10.4 -25.9 3
5 24 -7.8 -47.9 -0.8 -10.2 -45.5 -0.6 -8.9 -45.5 -1.5 -8.4 -48.5 1
5 24 12.1 -45.4 0.2 11.9 -44.9 -0.3 13.8 -44.4 0.5 9.7 -45.4 -0.2
5 24 14.6 -42.9 1.4 14.2 -41.2 2 14 -42.7 1.3 15 -41.3 2.4
5 24 -11.7 -45.5 1.5 -13.3 -45.1 0.5 -11.5 -45.6 0 -13.3 -45 1.8
5 24 3.7 -24.7 0.9 6.3 -26.5 3.9 7 -23.1 2.1 5.9 -29.1 3.5
5 24 7.7 -68.8 5.7 6.9 -67.8 7.5 8.9 -65.8 5.9 5.3 -70.1 7.5
5 24 13.5 -44 0.4 11.8 -44.3 -0.3 11.9 -44.9 -0.3 11.9 -43.7 0.1
5 24 -6.2 -19.3 -2 -8.4 -18.7 -1.2 -7.3 -17.3 -2.7 -8.9 -19.7 0
5 24 -9.2 -35.2 -0.4 -10 -34.6 2.1 -10.3 -35.8 1.5 -8 -32.7 -0.3
5 24 10.9 -7.8 9.4 9.4 -5.8 8.6 7.2 -5.2 11.1 12.6 -8.7 5.7
5 24 0 -46.1 -5.5 0 -43.6 -6 -2.9 -42.7 -5.7 2.9 -42.7 -5.7
5 24 -15.3 -10.3 -1.4 -17 -11.9 -0.6 -17.2 -11.1 1.1 -14.5 -11.4 -2.9
5 24 0.1 -37.8 13.1 0.4 -42.9 12.8 -4.1 -42.4 12.2 4.4 -37.5 12.3
5 24 8.3 -7.2 12.3 10 -10.6 13 7.2 -10.5 14.8 12.5 -10.9 10.3
5 24 8.4 -65.6 1 11.2 -60.8 3.5 9.4 -66.1 3.2 9.9 -60.9 1.4
5 24 -10.4 -18.8 9.4 -8.7 -19.7 12.1 -10 -17.4 11 -9.3 -21.3 9.9
5 24 -8.5 -32.2 2.2 -8 -32.7 -0.3 -10 -34.6 2.1 -6.3 -30.4 0
5 24 9.5 -33.8 3.2 9.9 -32 4 8.1 -31.5 3.5 11.1 -34.7 3.6
5 24 -4.2 -18.2 3.6 -1.8 -34.6 4.7 -3.7 -18.2 4.8 -1.5 -34.6 3.7
5 24 0.2 -24.8 16.4 1.4142 -23.0142 17.0757 2.7 -24.3 15.9 0.7654 -23.4478 16.9457
5 24 -8.4 -18.7 -1.2 -9.4 -18.7 -1.8 -8.9 -19.7 0 -7.3 -17.3 -2.7
5 24 -3.5 -7.3 -9.3 -2.3 -7.9 -8.1 -2.9 -6.7 -9.1 -3.5 -10.2 -8.1
5 24 4.8 -68.2 -0.9 5.5 -70.6 1.1 7.2 -68.1 0.9 2.5 -69 -2
5 24 0 -23.6 16.9 0.2 -24.8 16.4 -0.7654 -23.4478 16.9457 0.7654 -23.4478 16.9457
5 24 6.5 -15.5 -3.3 7.1 -18.2 -2.1 3.8 -16.7 -4 9.6 -16.3 -0.3
5 24 3.6 -5 12.9 -1 -5.7 14 -1.1 -4.7 13.3 4.2 -6.8 14.2
5 24 -15 -40.2 3.4 -15 -42.3 3.5 -15 -40.2 3.8 -15.3 -42.2 2.9
5 24 13.4 -52.2 6.5 13.8 -52.2 3.8 14.5 -49.4 6.6 12.3 -55.5 6.2
5 24 6 -0.01 -9.8 5.4 -3 -10.1 6.7 -2.7 -9.8 4.3 -0.01 -9.9
5 24 13.7 -14.5 11.1 16 -15.1 8.1 12.5 -10.9 10.3 16.7 -18.6 9.1
5 24 12.9 -49.4 8.1 11.7 -52.2 8.1 13.4 -52.2 6.5 10.5 -49.2 9.1
5 24 13.7 -38 3 14 -37.7 4 12.5 -36.5 3 14.9 -39.4 3.9
5 24 -11.4 -35.3 4.7 -11.4 -35 4 -10.3 -34.9 5 -12.8 -36.2 3.9
5 24 -12.1 -39.2 6.1 -12.5 -41.2 5.7 -14.1 -40.6 4.8 -10.9 -39.8 6.6
5 24 -20.1 -17.2 2.1 -18.5 -18.6 1.8 -19.8 -17.5 4.1 -19.5 -16.5 0.7
5 24 -8.7 -32 4.1 -8.5 -32.2 2.2 -7.3 -29.9 4.6 -10 -34.3 3
5 24 -15.2 -42.1 2.4 -15.3 -42.2 2.9 -15 -40.2 3.4 -14.6 -43.9 2.3
5 24 1.2308 -66.1956 6.1 2.5284 -65.3284 5.7 2.5 -65.8 8.3 1.2308 -66.1956 2
5 24 -6.9 -15.2 15.2 -7.9 -18 13.9 -4.5 -17 16.8 -9.5 -15.6 12.5
5 24 5.8 -34.6 11.2 7.4 -32.7 11.8 5 -30.6 12.4 9.1 -34.6 11.3
5 24 1.3 -12.8 -4.8 3.1 -13.1 -4.5 3.6 -14.4 -4.5 2.7 -11.3 -4.2
5 24 9.7 -37 -0.3 10.2 -39.6 0 9.1 -39.2 -2 10.4 -37.3 1.6
5 24 12.5 -10.9 10.3 14.4 -11.5 7 16 -15.1 8.1 10.9 -7.8 9.4
5 24 7.8 -65.3 7.4 8.9 -65.8 5.9 6.9 -67.8 7.5 9.5 -60.9 7.8
5 24 -3.6 -24.2 15.3 -3.6 -21.6 16.4 -6 -20.4 15 -2 -21.6 17.5
5 24 -9.4 -18.7 -1.8 -8.9 -19.7 0 -10 -20.2 -0.5 -8.4 -18.7 -1.2
5 24 -15.3 -9.4 0.4 -12.8 -8.2 -2.8 -15.3 -10.3 -1.4 -13.5 -7.9 -0.4
5 24 10.3 -29 9.9 11.5 -31.5 9.3 12 -30.8 7.4 8.7 -30.7 11.5
5 24 -3.1 -73.6 4.2 -6.1 -69.7 1.9 -6.3 -69.4 5.1 -3 -73.5 1.9
5 24 11.8 -18 13.4 14.5 -18.1 11.5 11.2 -14.3 13.4 14.7 -21.4 11
5 24 12.7 -33.7 5.3 11.6 -31.2 5.5 9.9 -32 4 13 -33 7.2
5 24 -6.4 -15.1 -4.9 -8.1 -17.1 -3.3 -5.9 -15.6 -3.9 -9.2 -16.3 -4.1
5 24 -5.9 -5.1 12 -6.1 -6.8 13.3 -1.1 -4.7 13.3 -9.6 -7.2 10.9
5 24 -4.1 -42.4 12.2 0.4 -42.9 12.8 0.1 -37.8 13.1 -4 -47 10.2
5 24 -17.5 -10.8 3.4 -17.2 -11.1 1.1 -15.3 -9.4 0.4 -18.8 -12.7 1.4
5 24 -6.2 -63.7 -0.8 -7.1 -63.5 2.2 -7.5 -65.3 -0.4 -4.5 -63.4 2.4
5 24 3.8 -16.7 -4 3.6 -14.4 -4.5 1 -14.8 -4.8 6.5 -15.5 -3.3
5 24 -11.2 -36 2.1 -11.4 -35.5 2.7 -12.5 -36.8 2.7 -10.3 -35.8 1.5
5 24 17 -23.8 5.8 14.1 -23.5 3.3 16.9 -22 3.6 14.8 -24.8 5.5
5 24 1.8 -18.2 6 0.9 -34.6 5.5 -0.8 -34.6 5.5 3.1 -18.2 5.7
5 24 -1 -5.7 14 -5.2 -8.1 14.2 -6.1 -6.8 13.3 -0.9 -6.7 14.6
5 24 -1.5 -9.2 -3.8 0.5 -10.7 -4.3 -0.8 -10.7 -4.3 0.2 -8.5 -3.4
5 24 -4.1 -42.4 12.2 -8.2 -44.3 8.7 -4 -47 10.2 -8 -41.1 10.1
5 24 -6.3 -21.3 -0.3 -3.2 -21.9 -1.2 -5.7 -22.7 0.6 -6.2 -19.3 -2
5 24 4.6 -50 -1.6 0 -50.8 -2.3 0 -51.9 0.4 4.1 -48 -4
5 24 10.7 -41.3 1.6 12.3 -41.3 2 12.3 -42.6 1.2 10.8 -39.6 2.2
5 24 8.6 -44.5 8.8 11.9 -44.4 9.6 11.5 -47.2 9.2 9.1 -41.2 9.6
5 24 -14.9 -42 1.9 -14.4 -43.6 0.9 -14.6 -43.8 1.2 -14.4 -42.1 1.5
5 24 12.3 -55.5 6.2 11.2 -60.8 3.5 10.8 -60.8 6.1 12.8 -55.5 3.6
5 24 -1.8308 -66.1956 6.8 -0.3 -66.5 6.3 -0.4 -67 10 -1.8308 -66.1956 2.2
5 24 -10.9 -39.8 6.6 -8 -41.1 10.1 -10.8 -41.7 6.1 -8.4 -37.4 9.9
5 24 -2.4 -19.2 17.7 0.2 -17.7 18.3 0.1 -15.2 18.1 -1.4142 -20.1858 17.9243
5 24 -12.4 -41.6 1.7 -12.4 -39.6 2.3 -14.2 -40.3 2.2 -11.2 -41.3 1.5
5 24 10.9 -7.8 9.4 14.4 -11.5 7 12.5 -10.9 10.3 12.6 -8.7 5.7
5 24 16.7 -18.6 9.1 13.7 -14.5 11.1 14.5 -18.1 11.5 16 -15.1 8.1
5 24 0 -38.6 -8.6 0 -36.3 -9.7 -1.95 -36.2 -9.3 1.95 -36.2 -9.3
5 24 -13.2 -44.7 0.2 -11.6 -45 -0.3 -11.5 -45.6 0 -12.8 -44.3 0.2
5 24 -11.6 -6.4 -0.8 -12.8 -0.01 1.7 -11.3 -5.8 2.6 -12.5 -0.01 -2.1
5 24 6.4 -65.2 -0.5 4.6 -64.4 -0.4 6 -60.8 -0.2 3.8 -65.7 -0.7
5 24 15.6 -46.9 6.7 13.9 -47.1 8.2 14.5 -49.4 6.6 15.1 -44.9 8.2
5 24 13.4 -52.2 6.5 14.5 -49.4 6.6 13.8 -52.2 3.8 12.9 -49.4 8.1
5 24 -0.2 -29.2 13.6 -3.5 -31 10.9 -3.5 -28.8 12.4 -0.6 -31.2 11.9
5 24 12.2 -36.8 2.6 11.7 -37.6 2.3 12.9 -37.9 2.6 11 -35.8 2.2
5 24 -13.3 -38.2 2.6 -14.7 -40.1 2.6 -13.6 -38 2.9 -14.2 -40.3 2.2
5 24 -0.8 -10.7 -4.3 -0.2 -12.7 -4.9 0.5 -10.7 -4.3 -1.7 -12.3 -4.7
5 24 -1.1 -4.7 13.3 -6.1 -6.8 13.3 -1 -5.7 14 -5.9 -5.1 12
5 24 5.9 -13.3 -3.4 7.3 -11.8 -1.8 8.7 -13.7 -1.2 6 -10.2 -2.2
5 24 0 -27.5 -2.6 0 -27.3 -1.1 2.85 -28.3 -2.25 -2.85 -28.3 -2.25
5 24 7.1 -17.9 14.9 6.1 -22.1 14.1 4.6 -19.8 16.3 7.6 -20.9 13.2
5 24 7.1 -7.1 -8 5.2 -7.6 -8 5.7 -9.1 -6.2 6.2 -5.3 -9.3
5 24 11.9 -44.9 -0.3 11.8 -44.3 -0.3 9.6 -44.1 -1.1 13.5 -44 0.4
5 24 -3.6 -24.2 15.3 -7 -22.8 12.8 -6.3 -26 11.7 -6 -20.4 15
5 24 4.6 -19.8 16.3 7.1 -17.9 14.9 6.1 -22.1 14.1 5.1 -15.7 16.4
5 24 -16.7 -19.5 3.7 -15.4 -21 5.3 -15.3 -21.6 3.5 -15.8 -19.6 5.5
5 24 13.8 -44.9 1 13.9 -45.2 1.7 15.1 -43.4 2.3 12.3 -45.7 0.9
5 24 -0.1 -33.9 12.5 4.4 -37.5 12.3 0.1 -37.8 13.1 4.2 -32.8 11.4
5 24 -8.5 -23.5 1.9 -10 -24.2 1.8 -9.8 -21.7 0.8 -8.6 -25.8 2.4
5 24 3 -13.7 17.3 0.1 -15.2 18.1 -0.2 -13.3 17.8 3.4 -16.6 17.3
5 24 -8.6 -5.6 9.7 -9.6 -7.2 10.9 -5.9 -5.1 12 -13.4 -9.4 9.3
5 24 0.2 -24.8 16.4 -0.7654 -23.4478 16.9457 0 -23.6 16.9 -1.4142 -23.0142 17.0757
5 24 -13.3 -45 1.8 -13.2 -44.5 3.4 -14.6 -43.9 2.3 -12 -44.7 3.3
5 24 -2.9 -14.4 -4.7 -5.9 -15.6 -3.9 -3.9 -13.4 -4.5 -4.5 -16.7 -3.9
5 24 4 -19.3 -2.8 3.8 -21.8 -1 0.6 -19.7 -3.1 6.9 -20.9 -0.2
5 24 -7.1 -64.3 8.7 -5.3 -67.2 9.8 -7.7 -65.9 7.4 -3.8 -65 9.9
5 24 5.9 -64.6 8.2 9.5 -60.9 7.8 7.8 -65.3 7.4 7.1 -60.9 8.1
5 24 -13.2 -44.7 0.2 -12.8 -44.3 0.2 -13.9 -43.4 0.8 -11.6 -45 -0.3
5 24 9.1 -52.2 8.8 7.9 -55.5 8.5 10.6 -55.5 8 6.7 -52.2 7.5
5 24 -15 -9.3 6.2 -15.3 -9.1 3.5 -17.2 -11 5.7 -13.2 -7.6 3
5 24 -0.8 -8.7 16 -0.5 -11.1 17.2 -3.1 -11.4 16.8 2.7 -9.5 16.1
5 24 14.7 -21.4 11 11.8 -18 13.4 14.5 -18.1 11.5 12.7 -21.7 12
5 24 3.4 -7.9 15 4.2 -6.8 14.2 7.2 -10.5 14.8 -1 -5.7 14
5 24 -13.9 -19.6 -0.6 -14.8 -21.2 1.6 -16 -18.3 0.3 -13.1 -21.2 0.4
5 24 11.2 -55.5 1.5 9.9 -60.9 1.4 8.1 -60.9 0 12.8 -55.5 3.6
5 24 -9.2 -16.3 -4.1 -6.4 -15.1 -4.9 -7.5 -14.2 -5.8 -8.1 -17.1 -3.3
5 24 2.1 -31.1 11.6 -0.2 -29.2 13.6 2.8 -28.8 13.1 -0.6 -31.2 11.9
5 24 7.8 -37.5 10.5 11.1 -39.6 10.4 9.1 -41.2 9.6 10.2 -36.8 10.9
5 24 -11.4 -35 4 -12.7 -36.3 3.5 -11.4 -35.1 3.4 -12.8 -36.2 3.9
5 24 -20.1 -15.4 4.6 -18.5 -16.1 6.6 -18.8 -17.5 5.6 -17.8 -13.7 7.4
5 24 10.9 -7.8 9.4 12.6 -8.7 5.7 14.4 -11.5 7 9.4 -5.8 8.6
5 24 13.8 -44.4 0.5 13.5 -44 0.4 11.9 -44.9 -0.3 14.6 -42.9 1.4
5 24 -4.8 -51.2 0.5 -4.7 -51.1 3.3 -0.1 -52.1 3.4 -8.4 -48.5 1
5 24 -1.8 -3.7 -9.6 0.2 -5.4 -9.2 0.1 -3.5 -9.4 -1.7 -5.5 -9.3
5 24 -11.4 -35.5 2.7 -11.4 -35.1 3.4 -10 -34.3 3 -12.7 -36.3 3.5
5 24 -13.4 -9.4 9.3 -14.9 -11.7 9.7 -16.4 -11.5 7.8 -11.3 -9.3 11.4
5 24 -7.5 -14.2 -5.8 -4.8 -13 -6.4 -6 -12.1 -7.6 -6.4 -15.1 -4.9
5 24 8 -6.5 -8.2 6.2 -5.3 -9.3 7.1 -7.1 -8 7.6 -5 -9.1
5 24 -3.3 -68.9 10.3 -0.4 -67 10 -0.4 -69.9 10.2 -2.1 -66.5 10
5 24 13.9 -35.8 5.1 15.5 -37.8 6.5 15 -37.7 4.9 14.1 -35.5 7.1
5 24 14 -37.7 4 13.9 -35.8 5.1 12.7 -36.2 3.7 15 -37.7 4.9
5 24 10.5 -6.3 4.8 12.8 -0.01 2.5 12.2 -0.01 4.9 11.4 -6.4 1.4
5 24 2.2 -18.2 -1.3 1.5 -5.2 -2.2 2.8 -5.2 -2.2 0.1 -18.2 -1
5 24 12.9 -20.6 1.5 14.1 -23.5 3.3 16 -19.3 2 9.6 -19.7 1.7
5 24 -14 -14.7 10.7 -16 -14.4 9.3 -16.2 -17.4 7.9 -12.8 -11.8 11.5
5 24 -1.8 -17.2 -4.2 0.8 -17.1 -4.3 -1.1 -15 -4.8 0.6 -19.7 -3.1
5 24 -8.3 -27.8 7.7 -8.9 -28.2 6.6 -10.3 -27.1 6.5 -7.7 -29.1 6.6
5 24 -13.5 -7.9 -0.4 -10.8 -6.2 -4.1 -11.6 -6.4 -0.8 -12.8 -8.2 -2.8
5 24 7 -23.1 2.1 6.9 -20.9 -0.2 3.7 -24.7 0.9 9.6 -19.7 1.7
5 24 3.8 -65.7 -0.7 2.5 -69 -2 4.8 -68.2 -0.9 2 -66.9 -1.2
5 24 -1.8478 -20.8346 17.7296 -2.4 -19.2 17.7 -3.6 -21.6 16.4 -1.4142 -20.1858 17.9243
5 24 9.9 -21.1 13 12.7 -21.7 12 11.6 -23.5 10.9 9.4 -17.9 14.4
5 24 6.9 -20.9 -0.2 4 -19.3 -2.8 3.8 -21.8 -1 7.1 -18.2 -2.1
5 24 14 -45.2 8.7 11.9 -44.4 9.6 11.5 -47.2 9.2 14 -43.8 9.2
5 24 -6.3 -26 11.7 -7 -22.8 12.8 -3.6 -24.2 15.3 -8.5 -23.6 9.9
5 24 -6.2 -7 -9.5 -6 -9.6 -8.7 -3.5 -7.3 -9.3 -8.9 -9.1 -7.9
5 24 -16 -18.3 0.3 -12.6 -17.6 -2.4 -13.9 -19.6 -0.6 -13.9 -16.2 -1.6
5 24 9.4 -11.2 -2 8.4 -9.1 -3.1 12.2 -10.8 -0.8 7.3 -11.8 -1.8
5 24 12.5 -0.01 -2.5 11.4 -6.6 -0.4 12.9 -0.01 -0.1 10.5 -6.5 -4.8
5 24 -7.5 -65.3 -0.4 -6.1 -69.7 1.9 -5.5 -69.3 -1 -8.2 -65.2 2.2
5 24 0.1 -15.2 18.1 -4 -13.7 17 -2.4 -19.2 17.7 -0.2 -13.3 17.8
5 24 -7.7 -29.1 6.6 -8.3 -27.8 7.7 -7.1 -27.9 8.7 -8.9 -28.2 6.6
5 24 -13.9 -37.8 3.4 -12.7 -36.5 3.1 -12.7 -36.3 3.5 -13.6 -38 2.9
5 24 9.5 -60.9 7.8 7.1 -60.9 8.1 7.9 -55.5 8.5 5.9 -64.6 8.2
5 24 5.9 -64.6 8.2 7.1 -60.9 8.1 4.9 -60.8 7 9.5 -60.9 7.8
5 24 -14.4 -42.1 1.5 -12.4 -41.6 1.7 -14.2 -40.3 2.2 -13.9 -43.4 0.8
5 24 0.2 -24.8 16.4 -1.4142 -23.0142 17.0757 -0.7654 -23.4478 16.9457 0.1 -26.9 15.2
5 24 13 -33 7.2 14.1 -35.5 7.1 12.6 -33.8 8.9 12.7 -33.7 5.3
5 24 -2.1 -66.5 10 -3.1284 -65.3284 7 -1.8308 -66.1956 6.8 -3.8 -65 9.9
5 24 -11.1 -39.4 1.9 -12.1 -37.9 2.3 -10.9 -37.7 1.7 -12.4 -39.6 2.3
5 24 -8.1 -33.7 8.8 -7.1 -29.8 6.6 -8.7 -32.2 5.6 -5.9 -30.4 9.1
5 24 -7.1 -63.5 2.2 -7.5 -63.9 6 -4.5 -63.3 6.3 -8.2 -65.2 2.2
5 24 4.8 -42.3 11.8 9.1 -41.2 9.6 8.6 -44.5 8.8 7.8 -37.5 10.5
5 24 -6.2 -7 -9.5 -8.9 -9.1 -7.9 -6 -9.6 -8.7 -9.4 -6.9 -8.2
5 24 9.5 -2.5 -8.5 10.5 -4.1 -7.4 10.7 -0.01 -7 8.8 -4.4 -8.5
5 24 -7.8 -47.9 -0.8 -4.6 -50 -1.6 -8.4 -48.5 1 -7.3 -46.6 -2.8
5 24 -8.9 -26 8.8 -9.9 -24.2 9.1 -7.8 -25.8 9.4 -9.9 -26.2 8
5 24 10 -0.01 8.5 7.2 -5.2 11.1 7.6 -0.01 10.7 9.4 -5.8 8.6
5 24 6.9 -20.9 -0.2 7.1 -18.2 -2.1 4 -19.3 -2.8 9.6 -19.7 1.7
5 24 2.7 -71.7 0.3 5.5 -70.6 1.1 5.6 -71.5 2.8 2.5 -69 -2
5 24 7.7 -68.8 5.7 5.6 -71.3 5.2 5.3 -70.1 7.5 8.1 -68.9 2.9
5 24 -9.6 -7.2 10.9 -5.9 -5.1 12 -6.1 -6.8 13.3 -8.6 -5.6 9.7
5 24 -4.3 -37.8 12.5 -8 -41.1 10.1 -4.1 -42.4 12.2 -8.4 -37.4 9.9
5 24 -13.4 -24 5.8 -14.1 -21.7 6.8 -12.5 -22.8 8 -14.3 -23 5.1
5 24 -15 -42.3 3.5 -14.1 -40.6 4.8 -14 -42.5 4.4 -15 -40.2 3.8
5 24 -14 -37.8 3.8 -15 -40.2 3.8 -13.9 -37.9 4.3 -15 -40.2 3.4
5 24 5.9 -64.6 8.2 4.9 -60.8 7 7.1 -60.9 8.1 3.7 -64.1 7.3
5 24 -10.6 -36.2 5.9 -11.4 -35.3 4.7 -10.3 -34.9 5 -11.4 -36.4 5.7
5 24 -10 -34.6 2.1 -8 -32.7 -0.3 -9.2 -35.2 -0.4 -8.5 -32.2 2.2
5 24 -20.5 -15.1 2.8 -20 -14.7 1.5 -20.1 -17.2 2.1 -19.5 -12.9 3.1
5 24 -11.4 -35.5 2.7 -12.5 -36.8 2.7 -11.2 -36 2.1 -12.7 -36.5 3.1
5 24 -11.8 -25.6 6.3 -12.8 -24.6 3.7 -11.4 -26.3 4.4 -13.4 -24 5.8
5 24 2.7 -9.5 16.1 -0.8 -8.7 16 -0.5 -11.1 17.2 3.4 -7.9 15
5 24 -12 -44.7 3.3 -10.6 -44.9 3.2 -11.7 -45.5 1.5 -10.8 -43.6 4.7
5 24 -7.5 -23.1 2.3 -7.2 -25.8 2.5 -8.5 -23.5 1.9 -5.9 -25.7 2.9
5 24 0 -67.2 -1.4 -2.9 -68.4 -2.3 -0.5 -69.5 -2.2 -1.8 -66.6 -1.3
5 24 5 -30.6 12.4 4.1 -26.6 13.5 6.6 -28.6 12.4 2.8 -28.8 13.1
5 24 -4.4 -0.01 -10 -5.4 -3.8 -10 -5.8 -0.01 -9.8 -3.5 -3.7 -9.6
5 24 6.3 -26.5 3.9 7 -23.1 2.1 7.7 -24.6 4.7 3.7 -24.7 0.9
5 24 6.1 -22.1 14.1 4.6 -19.8 16.3 4.9 -23.2 14.8 7.1 -17.9 14.9
5 24 -6.8 -28 3.1 -7.3 -29.9 4.6 -5.7 -28.5 3.1 -8.3 -27.6 3.2
5 24 -10.3 -27.1 6.5 -11.8 -25.6 6.3 -11.4 -26.3 4.4 -9.9 -26.2 8
5 24 16 -15.1 8.1 14.4 -11.5 7 15.5 -12.7 2.9 12.5 -10.9 10.3
5 24 -15.4 -15 -2 -13.3 -13.1 -3.4 -16.3 -13.3 -1.8 -13.9 -16.2 -1.6
5 24 4.8 -18.2 -0.4 6 -5.2 1.8 6.3 -18.2 1.8 4 -5.2 -1.7
5 24 9.9 -12.7 -1.5 11.1 -15.6 -0.5 8.7 -13.7 -1.2 13.9 -14.4 0.3
5 24 -12.1 -43 0.8 -11 -42.6 0.7 -11.5 -44.5 -0.3 -12.4 -41.6 1.7
5 24 -4.4 -49.7 7.2 -8.4 -46.8 6.2 -8.3 -48.2 3.3 -4 -47 10.2
5 24 -20.1 -15.4 4.6 -20.5 -15.1 2.8 -19.8 -17.5 4.1 -19.1 -13.1 5.2
5 24 9.4 -46.7 0.8 7.8 -47.9 -0.8 8.1 -48.6 0.9 9.1 -46.3 -0.3
5 24 -11.8 -25.6 6.3 -11.3 -24.5 8 -9.9 -26.2 8 -13.4 -24 5.8
5 24 14.1 -23.5 3.3 9.8 -23.5 6.4 14.8 -24.8 5.5 9.3 -21.9 4.1
5 24 5.5 -66.3 8.5 7.8 -65.3 7.4 6.9 -67.8 7.5 5.9 -64.6 8.2
5 24 -8.1 -33.7 8.8 -8.7 -32.2 5.6 -7.1 -29.8 6.6 -10.6 -36.2 5.9
5 24 10.6 -28.9 5.8 12 -30.8 7.4 11.6 -31.2 5.5 10.9 -28 7.7
5 24 9.3 -26.4 5.5 9.5 -30 4.5 8.4 -28.8 4.3 10.6 -28.9 5.8
5 24 -10.4 -25.9 3 -10 -24.2 1.8 -11.7 -24.3 2.3 -8.6 -25.8 2.4
5 24 -13.2 -44.5 3.4 -14.3 -43.8 3.4 -14 -42.5 4.4 -14.6 -43.9 2.3
5 24 -6.2 -19.3 -2 -2.5 -19.7 -2.9 -4.5 -16.7 -3.9 -3.2 -21.9 -1.2
5 24 8.7 -6 -7.9 8 -6.5 -8.2 8.7 -7.4 -6.7 7.6 -5 -9.1
5 24 -5.7 -28.5 3.1 -6.3 -30.4 0 -8.5 -32.2 2.2 -3.5 -27.9 1.4
5 24 -18.8 -12.7 1.4 -19.5 -12.9 3.1 -20 -14.7 1.5 -17.5 -10.8 3.4
5 24 -13.2 -7.6 3 -13.5 -7.9 -0.4 -15.3 -9.1 3.5 -11.3 -5.8 2.6
5 24 5.3 -55.4 4.5 6.7 -52.2 7.5 5.7 -50.9 4.6 6 -55.5 6.8
5 24 8.7 -14.6 14.9 7.2 -10.5 14.8 11.2 -14.3 13.4 5.9 -11.4 15.5
5 24 9.6 -19.7 1.7 12.9 -20.6 1.5 14.1 -23.5 3.3 9.6 -16.3 -0.3
5 24 16 -15.1 8.1 18.2 -20.1 5.9 16.7 -18.6 9.1 17.4 -17 4.4
5 24 -12.8 -44.3 0.2 -11.6 -45 -0.3 -13.2 -44.7 0.2 -11.5 -44.5 -0.3
5 24 -15.3 -42.2 2.9 -15 -40.2 3.4 -15.2 -42.1 2.4 -15 -42.3 3.5
5 24 12.2 -10.8 -0.8 13.4 -9.2 1.9 15.5 -12.7 2.9 10.6 -7.6 -2.1
5 24 6.5 -15.5 -3.3 8.7 -13.7 -1.2 9.6 -16.3 -0.3 5.9 -13.3 -3.4
5 24 3.4 -7.9 15 -0.8 -8.7 16 -0.9 -6.7 14.6 2.7 -9.5 16.1
5 24 6.1 -22.1 14.1 4.9 -23.2 14.8 4.6 -19.8 16.3 5.9 -25.3 12.9
5 24 -3.6 -21.6 16.4 -2.4 -19.2 17.7 -6 -20.4 15 -1.8478 -20.8346 17.7296
5 24 12.3 -55.5 6.2 12.8 -55.5 3.6 13.8 -52.2 3.8 11.2 -60.8 3.5
5 24 -4.5 -63.4 2.4 -6.2 -63.7 -0.8 -4.3 -63.8 -0.7 -7.1 -63.5 2.2
5 24 -0.5 -69.5 -2.2 -1 -72.7 -1.1 -2.9 -68.4 -2.3 2.5 -69 -2
5 24 -3.7 -26.4 14 -1.8478 -22.3654 17.2704 -1.4142 -23.0142 17.0757 -3.6 -24.2 15.3
5 24 -13.2 -19.5 7.8 -11.2 -21.9 9.1 -12.5 -22.8 8 -11.9 -19.3 8.7
5 24 -15.4 -21 5.3 -15.8 -19.6 5.5 -16.7 -19.5 3.7 -14.1 -21.7 6.8
5 24 -20.5 -15.1 2.8 -20.1 -17.2 2.1 -20 -14.7 1.5 -19.8 -17.5 4.1
5 24 -6.2 -19.3 -2 -4.5 -16.7 -3.9 -7.3 -17.3 -2.7 -2.5 -19.7 -2.9
5 24 -0.8 -10.7 -4.3 -1.7 -12.3 -4.7 -0.2 -12.7 -4.9 -2.5 -11.3 -4.5
5 24 -12.8 -8.2 -2.8 -15.3 -10.3 -1.4 -12 -9 -4.3 -15.3 -9.4 0.4
5 24 -10.8 -38 6.5 -11.4 -36.4 5.7 -10.6 -36.2 5.9 -11.9 -38.1 6.1
5 24 2.2 -18.2 -1.3 2.8 -5.2 -2.2 3.5 -18.2 -1.1 1.5 -5.2 -2.2
5 24 -12 -16.9 10.6 -11.9 -19.3 8.7 -14.1 -17.1 9.4 -10.4 -18.8 9.4
5 24 1.8 -18.2 6 -1.7 -18.2 6 -0.8 -34.6 5.5 1.8 -0.01 6
5 24 10.9 -28 7.7 10.6 -28.9 5.8 9.3 -26.4 5.5 12 -30.8 7.4
5 24 -8.7 -9.4 13.2 -12.8 -11.8 11.5 -11.3 -9.3 11.4 -10.5 -12.5 12.8
5 24 5.4 -55.5 2.2 4.2 -60.7 4.7 4.4 -60.8 1.8 5.3 -55.4 4.5
5 24 -8.2 -18.2 4.5 -8.6 -0.01 5.2 -6.1 -18.2 7 -10 -0.01 1.8
5 24 -14.1 -40.6 4.8 -12.1 -39.2 6.1 -13.3 -38.6 5.2 -12.5 -41.2 5.7
5 24 -7.5 -23.1 2.3 -5.7 -22.7 0.6 -6.3 -21.3 -0.3 -5.9 -25.7 2.9
5 24 2.5 -18.3 17.7 1.8478 -20.8346 17.7296 4.6 -19.8 16.3 1.4142 -20.1858 17.9243
5 24 -13.3 -38.6 5.2 -12.6 -37.4 5.4 -11.9 -38.1 6.1 -13.9 -37.9 4.3
5 24 13.5 -44 0.4 11.9 -43.7 0.1 11.8 -44.3 -0.3 13.3 -43.6 0.5
5 24 -8.3 -48.2 3.3 -8.4 -46.8 6.2 -4.4 -49.7 7.2 -10.6 -44.9 3.2
5 24 13.4 -9.2 1.9 14.4 -11.5 7 12.6 -8.7 5.7 15.5 -12.7 2.9
5 24 12.8 -37.5 10 11.1 -39.6 10.4 13.8 -39.6 9.6 10.2 -36.8 10.9
5 24 13.8 -39.6 2.5 12.2 -39.5 2.5 12.9 -37.9 2.6 12.3 -41.3 2
5 24 -4.6 -50 -1.6 -4.8 -51.2 0.5 0 -50.8 -2.3 -8.4 -48.5 1
5 24 -12.4 -41.6 1.7 -14.2 -40.3 2.2 -12.4 -39.6 2.3 -14.4 -42.1 1.5
5 24 7.1 -18.2 -2.1 9.6 -16.3 -0.3 9.6 -19.7 1.7 6.5 -15.5 -3.3
5 24 12.2 -39.5 2.5 12.3 -41.3 2 13.8 -39.6 2.5 10.8 -39.6 2.2
5 24 -13.3 -45 1.8 -14.6 -43.8 1.2 -13.3 -45.1 0.5 -14.6 -43.9 2.3
5 24 -10.1 -7.1 -5.4 -12 -9 -4.3 -10.8 -6.2 -4.1 -9.5 -9 -5.6
5 24 -9.8 -21.7 0.8 -8.7 -21 1.3 -8.9 -19.7 0 -8.5 -23.5 1.9
5 24 -5.9 -28.3 10.5 -6.3 -26 11.7 -7.8 -25.8 9.4 -3.7 -26.4 14
5 24 0.2 -24.8 16.4 0.1 -26.9 15.2 -1.4142 -23.0142 17.0757 2.7 -24.3 15.9
5 24 -14.4 -42.1 1.5 -14.4 -43.6 0.9 -14.9 -42 1.9 -13.9 -43.4 0.8
5 24 -13.9 -16.2 -1.6 -10.6 -15.3 -4 -11.7 -14.3 -2.9 -12.6 -17.6 -2.4
5 24 12.3 -55.5 6.2 10.8 -60.8 6.1 10.6 -55.5 8 11.2 -60.8 3.5
5 24 10.3 -52.2 0.7 8.1 -48.6 0.9 7.8 -52.2 0.7 11.3 -49.3 1
5 24 15 -37.7 4.9 15.5 -37.8 6.5 15.9 -39.6 4.6 13.9 -35.8 5.1
5 24 -11.4 -4.1 -5.4 -10.8 -6.2 -4.1 -10.1 -7.1 -5.4 -11.6 -6.4 -0.8
5 24 10.6 -55.5 8 10.8 -60.8 6.1 9.5 -60.9 7.8 12.3 -55.5 6.2
5 24 -6.4 -15.1 -4.9 -5.9 -15.6 -3.9 -8.1 -17.1 -3.3 -3.9 -13.4 -4.5
5 24 2.8 -7.7 -8.3 0.2 -5.4 -9.2 2.3 -5.3 -9.4 0.1 -7 -8.1
5 24 5.3 -70.1 7.5 6.9 -67.8 7.5 4.9 -67.9 8.9 7.7 -68.8 5.7
5 24 10.5 -4.1 -7.4 10.5 -6.5 -4.8 12.5 -0.01 -2.5 9.8 -6.1 -6.9
5 24 8.7 -30.7 11.5 10.3 -29 9.9 8 -26.9 11.6 11.5 -31.5 9.3
5 24 -13.5 -7.9 -0.4 -15.3 -9.1 3.5 -13.2 -7.6 3 -15.3 -9.4 0.4
5 24 12.5 -0.01 -2.5 10.5 -4.1 -7.4 11.9 -0.01 -4.5 10.5 -6.5 -4.8
5 24 4.2 -32.8 11.4 5 -30.6 12.4 2.8 -28.8 13.1 5.8 -34.6 11.2
5 24 10.8 -39.6 2.2 10.2 -39.6 0 10.4 -37.3 1.6 10.7 -41.3 1.6
5 24 -4.5 -17 16.8 -6 -20.4 15 -2.4 -19.2 17.7 -7.9 -18 13.9
5 24 11.7 -52.2 8.1 10.5 -49.2 9.1 9.1 -52.2 8.8 12.9 -49.4 8.1
5 24 2.5284 -65.3284 5.7 3.7 -64.1 7.3 3.1 -65 7.8 3.3956 -64.0308 5.4
5 24 2.8 -7.7 -8.3 0.1 -7 -8.1 2.9 -8.9 -6.1 0.2 -5.4 -9.2
5 24 -1.8308 -66.1956 6.8 -0.4 -67 10 -0.3 -66.5 6.3 -2.1 -66.5 10
5 24 2.5 -65.8 8.3 2.5284 -65.3284 5.7 1.2308 -66.1956 6.1 3.1 -65 7.8
5 24 5.3 -55.4 4.5 6 -50.8 2.3 5.7 -50.9 4.6 5.4 -55.5 2.2
5 24 11.1 -34.7 3.6 12.7 -33.7 5.3 9.9 -32 4 12.7 -36.2 3.7
5 24 -4 -13.7 17 -2.4 -19.2 17.7 0.1 -15.2 18.1 -4.5 -17 16.8
5 24 -17.2 -11.1 1.1 -18.8 -12.7 1.4 -17 -11.9 -0.6 -17.5 -10.8 3.4
5 24 9.5 -42.8 -1.3 8.9 -44.1 -2.1 8.7 -41.7 -2.6 9.6 -44.1 -1.1
5 24 -2.9 -6.7 -9.1 -3.5 -7.3 -9.3 -4.2 -4.7 -10.1 -2.3 -7.9 -8.1
5 24 4.1 -26.6 13.5 4.9 -23.2 14.8 5.9 -25.3 12.9 2.7 -24.3 15.9
5 24 -12.5 -0.01 -2.1 -11.4 -4.1 -5.4 -11.2 -0.01 -6.2 -11.6 -6.4 -0.8
5 24 -9.5 -42.8 -1.3 -8.9 -44.1 -2.1 -8.7 -41.7 -2.6 -10.4 -44.8 -0.8
5 24 2.5 -69 -2 4.8 -68.2 -0.9 5.5 -70.6 1.1 3.8 -65.7 -0.7
5 24 -14.3 -43.8 3.4 -15 -42.3 3.5 -15.3 -42.2 2.9 -14 -42.5 4.4
5 24 4.1 -26.6 13.5 6.6 -28.6 12.4 5 -30.6 12.4 5.9 -25.3 12.9
5 24 5.1 -15.7 16.4 3.4 -16.6 17.3 3 -13.7 17.3 4.6 -19.8 16.3
5 24 2.3 -5.3 -9.4 2.8 -7.7 -8.3 4.6 -5.1 -9.2 0.2 -5.4 -9.2
5 24 2.5 -69 -2 -0.5 -69.5 -2.2 -1 -72.7 -1.1 0 -67.2 -1.4
5 24 -5.7 -22.7 0.6 -6.3 -21.3 -0.3 -3.2 -21.9 -1.2 -7.5 -23.1 2.3
5 24 6.7 -52.2 7.5 5.7 -50.9 4.6 6.4 -49.8 6.5 5.3 -55.4 4.5
5 24 11 -35.8 2.2 11.7 -37.6 2.3 12.2 -36.8 2.6 10.4 -37.3 1.6
5 24 -7.1 -29.8 6.6 -8.7 -32.2 5.6 -8.1 -33.7 8.8 -7.3 -29.9 4.6
5 24 16.9 -42.1 7.4 15.5 -42.9 8.7 14.8 -41.5 9.3 16.5 -44.4 6.9
5 24 15.5 -37.8 6.5 15.9 -39.6 4.6 16.6 -39.8 6.2 15 -37.7 4.9
5 24 15.5 -37.8 6.5 16.6 -39.8 6.2 15.9 -39.6 4.6 15.1 -38.2 8
5 24 4.6 -19.8 16.3 5.1 -15.7 16.4 7.1 -17.9 14.9 3.4 -16.6 17.3
5 24 0.8 -17.1 -4.3 1 -14.8 -4.8 3.8 -16.7 -4 -1.1 -15 -4.8
5 24 -11.4 -26.3 4.4 -10.4 -25.9 3 -9.4 -26.9 3.2 -12.8 -24.6 3.7
5 24 7.7 -68.8 5.7 9.4 -66.1 3.2 8.1 -68.9 2.9 8.9 -65.8 5.9
5 24 0 -40.9 -6.4 0 -38.6 -8.6 -2.3 -40.15 -6.2 2.3 -40.15 -6.2
5 24 -8.7 -19.7 12.1 -9.3 -21.3 9.9 -8.5 -23.6 9.9 -10.4 -18.8 9.4
5 24 -7.3 -29.9 4.6 -8.3 -27.6 3.2 -6.8 -28 3.1 -8 -29.2 4.6
5 24 5.2 -7.6 -8 5.7 -9.1 -6.2 2.8 -7.7 -8.3 7.1 -7.1 -8
5 24 13.4 -9.2 1.9 11.4 -6.4 1.4 11.4 -6.6 -0.4 12.6 -8.7 5.7
5 24 17 -23.8 5.8 18.2 -20.1 5.9 17.9 -21.9 7.4 16.9 -22 3.6
5 24 -3.8 -9.6 15.8 -3.1 -11.4 16.8 -0.8 -8.7 16 -5.8 -12.2 15.7
5 24 -13.9 -23.2 3.1 -14.8 -21.2 1.6 -15.3 -21.6 3.5 -12.8 -22.8 1.6
5 24 8.9 -44.1 -2.1 9.6 -44.1 -1.1 9.4 -44.8 -1 9.5 -42.8 -1.3
5 24 -3.2 -21.9 -1.2 -2.5 -19.7 -2.9 -6.2 -19.3 -2 0.4 -22.1 -1.6
5 24 -10.9 -18.4 -2.4 -12.6 -17.6 -2.4 -9.2 -16.3 -4.1 -11.9 -20.3 -0.8
5 24 11.2 -14.3 13.4 13.7 -14.5 11.1 10 -10.6 13 14.5 -18.1 11.5
5 24 -4.6 -66.8 -2.1 -7.5 -65.3 -0.4 -5.5 -69.3 -1 -6.2 -63.7 -0.8
5 24 -4.1 -33.8 11.6 -4.3 -37.8 12.5 -0.1 -33.9 12.5 -8.4 -37.4 9.9
5 24 -10.2 -27.4 4.9 -8.9 -28.2 6.6 -8.8 -28.6 4.6 -10.3 -27.1 6.5
5 24 -1.7 -5.5 -9.3 -1.8 -3.7 -9.6 0.2 -5.4 -9.2 -3.5 -3.7 -9.6
5 24 12.9 -49.4 8.1 11.5 -47.2 9.2 10.5 -49.2 9.1 13.9 -47.1 8.2
5 24 0 -31.2 -9.6 0 -29.5 -8.4 -2.5 -31.6 -8.9 2.5 -31.6 -8.9
5 24 15 -43.2 1.8 13.8 -44.9 1 15.1 -43.4 2.3 13.8 -44.4 0.5
5 24 -16 -18.3 0.3 -17.8 -16.8 -0.3 -16.5 -16.2 -1.1 -18 -17.7 0.4
5 24 -8.4 -48.5 1 -10.4 -45.5 1.4 -8.3 -48.2 3.3 -10.2 -45.5 -0.6
5 24 -4.3 -37.8 12.5 -4.1 -42.4 12.2 0.1 -37.8 13.1 -8 -41.1 10.1
5 24 16.8 -44.1 5.1 16.9 -42.1 7.4 17.1 -41.6 5.7 16.5 -44.4 6.9
5 24 13.8 -52.2 3.8 12.3 -55.5 6.2 12.8 -55.5 3.6 13.4 -52.2 6.5
5 24 -10.3 -34.9 5 -8.7 -32.2 5.6 -10.2 -34.3 4 -10.6 -36.2 5.9
5 24 16.3 -21.6 9.5 14.5 -18.1 11.5 14.7 -21.4 11 16.7 -18.6 9.1
5 24 0.2 -5.4 -9.2 0.1 -3.5 -9.4 -1.8 -3.7 -9.6 2 -3.3 -9.5
5 24 9.1 -46.3 -0.3 9.4 -46.7 0.8 7.8 -47.9 -0.8 10.2 -45.8 0.6
5 24 4.4 -37.5 12.3 0.4 -42.9 12.8 0.1 -37.8 13.1 4.8 -42.3 11.8
5 24 -2.9 -14.4 -4.7 -1.7 -12.3 -4.7 -3.9 -13.4 -4.5 -0.2 -12.7 -4.9
5 24 7.3 -50.4 8 7.1 -48.2 7.6 6.4 -49.8 6.5 10.5 -49.2 9.1
5 24 16 -19.3 2 12.9 -20.6 1.5 14.1 -23.5 3.3 11.1 -15.6 -0.5
5 24 9.3 -26.4 5.5 10.6 -28.9 5.8 9.5 -30 4.5 10.9 -28 7.7
5 24 3.2 -9.7 -3.7 2.7 -11.3 -4.2 5 -12.1 -3.5 0.5 -10.7 -4.3
5 24 3.6 -14.4 -4.5 1.3 -12.8 -4.8 3.1 -13.1 -4.5 1 -14.8 -4.8
5 24 15.5 -12.7 2.9 13.9 -14.4 0.3 17.4 -17 4.4 12.2 -10.8 -0.8
5 24 7.9 -55.5 8.5 6 -55.5 6.8 7.1 -60.9 8.1 6.7 -52.2 7.5
5 24 1.8478 -22.3654 17.2704 2.7 -24.3 15.9 2 -21.6 17.5 1.4142 -23.0142 17.0757
5 24 -14.4 -43.6 0.9 -13.2 -44.7 0.2 -13.3 -45.1 0.5 -13.9 -43.4 0.8
5 24 7.8 -37.5 10.5 9.1 -34.6 11.3 10.2 -36.8 10.9 5.8 -34.6 11.2
5 24 -11.6 -14.9 11.8 -9.5 -15.6 12.5 -12 -16.9 10.6 -10.5 -12.5 12.8
5 24 0.1 -50.9 7.3 -4.4 -49.7 7.2 -0.1 -52.1 3.4 0.3 -47.7 10.7
5 24 -8.9 -26 8.8 -7.1 -27.9 8.7 -9.9 -26.2 8 -7.8 -25.8 9.4
5 24 -8.2 -65.6 5.7 -7.1 -64.3 8.7 -7.5 -63.9 6 -7.7 -65.9 7.4
5 24 10.2 -39.6 0 10.7 -41.3 1.6 10.8 -39.6 2.2 10.3 -42.8 0.3
5 24 10.9 -28 7.7 9.8 -23.5 6.4 10.1 -24.4 7.6 9.3 -26.4 5.5
5 24 -15.3 -9.1 3.5 -17.2 -11 5.7 -17.5 -10.8 3.4 -15 -9.3 6.2
5 24 -13.5 -7.9 -0.4 -15.3 -9.4 0.4 -12.8 -8.2 -2.8 -15.3 -9.1 3.5
5 24 -3.1 -18.2 5.7 -1.4 -34.6 5.3 -1.8 -34.6 4.7 -0.8 -34.6 5.5
5 24 -9.4 -26.9 3.2 -10.4 -25.9 3 -8.6 -25.8 2.4 -11.4 -26.3 4.4
5 24 16.6 -39.8 6.2 15.1 -38.2 8 16.2 -40.2 7.8 15.5 -37.8 6.5
5 24 16.5 -44.4 6.9 16.8 -44.1 5.1 16 -46.5 4.7 16.9 -42.1 7.4
5 24 5.9 -25.3 12.9 7.6 -20.9 13.2 7.4 -23.9 11.7 6.1 -22.1 14.1
5 24 12.2 -10.8 -0.8 13.9 -14.4 0.3 9.9 -12.7 -1.5 15.5 -12.7 2.9
5 24 -6 -12.1 -7.6 -3.5 -10.2 -8.1 -6 -9.6 -8.7 -4.8 -13 -6.4
5 24 0 -51.9 0.4 4.6 -50 -1.6 4.7 -50.7 0.6 0 -50.8 -2.3
5 24 13.7 -42.5 9.6 13.8 -39.6 9.6 14.8 -41.5 9.3 12 -42.1 10
5 24 7.3 -11.8 -1.8 8.4 -9.1 -3.1 6 -10.2 -2.2 9.4 -11.2 -2
5 24 18.2 -20.1 5.9 17.9 -21.9 7.4 17 -23.8 5.8 16.7 -18.6 9.1
5 24 -11 -42.6 0.7 -11.5 -44.5 -0.3 -10.5 -44.1 -0.6 -12.1 -43 0.8
5 24 -8.4 -48.5 1 -8.3 -48.2 3.3 -4.7 -51.1 3.3 -10.4 -45.5 1.4
5 24 -2.4 -10.1 -6.7 -2.5 -11.3 -4.5 -3.9 -13.4 -4.5 -1.8 -8.6 -6.1
5 24 -19.1 -13.1 5.2 -19.5 -12.9 3.1 -20.5 -15.1 2.8 -17.2 -11 5.7
5 24 -18 -17.7 0.4 -17.8 -16.8 -0.3 -16 -18.3 0.3 -19.5 -16.5 0.7
5 24 -13.1 -21.2 0.4 -11.9 -20.3 -0.8 -11.3 -22.4 0.8 -13.9 -19.6 -0.6
5 24 -4.8 -13 -6.4 -3.9 -13.4 -4.5 -6.4 -15.1 -4.9 -2.4 -10.1 -6.7
5 24 12.2 -47.3 1.2 10.2 -45.8 0.6 9.4 -46.7 0.8 12.3 -45.7 0.9
5 24 -18.7 -15.9 -0.1 -19.3 -14.4 0.6 -17.7 -14.7 -0.9 -19.5 -16.5 0.7
5 24 -2.5 -19.7 -2.9 0.6 -19.7 -3.1 -1.8 -17.2 -4.2 0.4 -22.1 -1.6
5 24 -6.3 -69.4 5.1 -6.1 -68.8 7.7 -3.1 -73.3 6.5 -8.2 -65.6 5.7
5 24 -3.7 -26.4 14 -6.3 -26 11.7 -3.6 -24.2 15.3 -5.9 -28.3 10.5
5 24 -12.4 -43.2 4.8 -12 -44.7 3.3 -10.8 -43.6 4.7 -13.2 -44.5 3.4
5 24 -2.9 -68.4 -2.3 -1.8 -66.6 -1.3 -4.6 -66.8 -2.1 0 -67.2 -1.4
5 24 6 -50.8 2.3 5.4 -55.5 2.2 5.3 -55.4 4.5 7.8 -52.2 0.7
5 24 8.9 -0.01 5.4 6.5 -18.2 6.7 8.4 -18.2 4 7 -0.01 7.8
5 24 -8 -29.2 4.6 -7.3 -29.9 4.6 -8.3 -27.6 3.2 -7.7 -29.1 6.6
5 24 -6 -9.6 -8.7 -8.5 -11.3 -7.1 -6 -12.1 -7.6 -8.9 -9.1 -7.9
5 24 15.1 -43.4 2.3 15.1 -43.7 2.7 15.5 -41.5 3.4 13.9 -45.2 1.7
5 24 -4 -47 10.2 0.3 -47.7 10.7 0.4 -42.9 12.8 -4.4 -49.7 7.2
5 24 2.4 -69.5 10.1 5.3 -70.1 7.5 2.5 -72 7.5 4.9 -67.9 8.9
5 24 12.3 -41.3 2 10.8 -39.6 2.2 10.7 -41.3 1.6 12.2 -39.5 2.5
5 24 10.5 -49.2 9.1 9.1 -52.2 8.8 7.3 -50.4 8 11.7 -52.2 8.1
5 24 -0.3 -66.5 2.3 1.2308 -66.1956 2 2 -66.9 -1.2 1.2308 -66.1956 6.1
5 24 13.9 -35.8 5.1 12.7 -36.2 3.7 14 -37.7 4 12.7 -33.7 5.3
5 24 13 -33 7.2 12.6 -33.8 8.9 11.5 -31.5 9.3 14.1 -35.5 7.1
5 24 -2.3 -18.2 -1.4 -2.1 -5.2 -2.3 0.1 -18.2 -1 -3.5 -5.2 -2.2
5 24 10.2 -36.8 10.9 11.6 -35 10.3 12.8 -37.5 10 9.1 -34.6 11.3
5 24 -14.6 -43.9 2.3 -15.3 -42.2 2.9 -14.3 -43.8 3.4 -15.2 -42.1 2.4
5 24 -7.5 -14.2 -5.8 -6.4 -15.1 -4.9 -9.2 -16.3 -4.1 -4.8 -13 -6.4
5 24 -16 -14.4 9.3 -12.8 -11.8 11.5 -14 -14.7 10.7 -14.9 -11.7 9.7
5 24 11.7 -37.6 2.3 10.8 -39.6 2.2 10.4 -37.3 1.6 12.2 -39.5 2.5
5 24 -4.6 -66.8 -2.1 -2.9 -68.4 -2.3 -1.8 -66.6 -1.3 -5.5 -69.3 -1
5 24 -0.3 -66.5 2.3 0 -67.2 -1.4 2 -66.9 -1.2 -1.8308 -66.1956 2.2
5 24 -8.1 -17.1 -3.3 -9.4 -18.7 -1.8 -10.9 -18.4 -2.4 -7.3 -17.3 -2.7
5 24 -5.7 -22.7 0.6 -3.2 -21.9 -1.2 -6.3 -21.3 -0.3 -3.2 -24.6 0.6
5 24 -15.4 -15 -2 -16.5 -16.2 -1.1 -17.7 -14.7 -0.9 -13.9 -16.2 -1.6
5 24 11.3 -49.3 1 8.1 -48.6 0.9 9.4 -46.7 0.8 10.3 -52.2 0.7
5 24 12.3 -45.7 0.9 12.2 -47.3 1.2 13.9 -45.2 1.7 10.2 -45.8 0.6
5 24 -12.8 -44.3 0.2 -12.1 -43 0.8 -11.5 -44.5 -0.3 -13.9 -43.4 0.8
5 24 -8.7 -32 4.1 -7.3 -29.9 4.6 -8.7 -32.2 5.6 -8.5 -32.2 2.2
5 24 -6 -12.1 -7.6 -4.8 -13 -6.4 -7.5 -14.2 -5.8 -3.5 -10.2 -8.1
5 24 -2.2 -73.8 4.5 -1.9 -73.3 7.1 -3.1 -73.3 6.5 2.5 -72.8 4.9
5 24 -13.6 -38 2.9 -13.3 -38.2 2.6 -12.5 -36.8 2.7 -14.7 -40.1 2.6
5 24 -8.4 -48.5 1 -7.8 -47.9 -0.8 -4.6 -50 -1.6 -10.2 -45.5 -0.6
5 24 -12.4 -39.6 2.3 -13.3 -38.2 2.6 -14.2 -40.3 2.2 -12.1 -37.9 2.3
5 24 4.9 -23.2 14.8 2.7 -24.3 15.9 2 -21.6 17.5 4.1 -26.6 13.5
5 24 8.4 -28.8 4.3 5.9 -29.1 3.5 8.1 -31.5 3.5 6.3 -26.5 3.9
5 24 13.9 -14.4 0.3 16 -19.3 2 11.1 -15.6 -0.5 17.4 -17 4.4
5 24 -9.6 -7.2 10.9 -11.3 -9.3 11.4 -6.1 -6.8 13.3 -13.4 -9.4 9.3
5 24 7.2 -10.5 14.8 3.4 -7.9 15 5.9 -11.4 15.5 4.2 -6.8 14.2
5 24 9.6 -24 9.2 14.3 -25 7.5 13.8 -24.2 9.5 10.1 -24.4 7.6
5 24 -0.5 -11.1 17.2 -0.2 -13.3 17.8 -3.1 -11.4 16.8 2.2 -11.2 17
5 24 -0.2 -29.2 13.6 -3.7 -26.4 14 0.1 -26.9 15.2 -3.5 -28.8 12.4
5 24 15.9 -39.6 4.6 14.9 -39.4 3.9 15.5 -41.5 3.4 15 -37.7 4.9
5 24 14.9 -39.4 3.9 15 -37.7 4.9 14 -37.7 4 15.9 -39.6 4.6
5 24 16.9 -42.1 7.4 17.1 -41.6 5.7 16.6 -39.8 6.2 16.8 -44.1 5.1
5 24 -13.9 -37.9 4.3 -14 -37.8 3.8 -12.8 -36.5 4.5 -15 -40.2 3.8
5 24 9.1 -52.2 8.8 11.7 -52.2 8.1 10.5 -49.2 9.1 10.6 -55.5 8
5 24 7.2 -68.1 0.9 5.5 -70.6 1.1 8.1 -68.9 2.9 4.8 -68.2 -0.9
5 24 8.7 -13.7 -1.2 9.9 -12.7 -1.5 11.1 -15.6 -0.5 7.3 -11.8 -1.8
5 24 9.8 -6.1 -6.9 8.7 -6 -7.9 8.7 -7.4 -6.7 8.8 -4.4 -8.5
5 24 9.1 -34.6 11.3 10.3 -33.1 10.7 8.7 -30.7 11.5 11.6 -35 10.3
5 24 -1.8 -17.2 -4.2 -2.5 -19.7 -2.9 -4.5 -16.7 -3.9 0.6 -19.7 -3.1
5 24 2.9 -8.9 -6.1 0.1 -7 -8.1 0.1 -7.8 -5.9 2.8 -7.7 -8.3
5 24 -6 -9.6 -8.7 -3.5 -7.3 -9.3 -6.2 -7 -9.5 -3.5 -10.2 -8.1
5 24 -8.1 -33.7 8.8 -5.9 -30.4 9.1 -7.1 -29.8 6.6 -4.1 -33.8 11.6
5 24 17.4 -17 4.4 16 -19.3 2 13.9 -14.4 0.3 18.2 -20.1 5.9
5 24 -7.4 -10.7 14.1 -10.5 -12.5 12.8 -8.7 -9.4 13.2 -8.6 -13.2 13.5
5 24 -18.5 -16.1 6.6 -18.8 -17.5 5.6 -20.1 -15.4 4.6 -16.2 -17.4 7.9
5 24 9.9 -32 4 12.7 -33.7 5.3 11.6 -31.2 5.5 11.1 -34.7 3.6
5 24 -1.8 -8.6 -6.1 -2.5 -11.3 -4.5 -1.5 -9.2 -3.8 -2.4 -10.1 -6.7
5 24 -7.1 -27.9 8.7 -5.9 -28.3 10.5 -5.9 -30.4 9.1 -7.8 -25.8 9.4
5 24 -11.5 -44.5 -0.3 -12.1 -43 0.8 -11 -42.6 0.7 -12.8 -44.3 0.2
5 24 0.1 -37.8 13.1 -0.1 -33.9 12.5 4.4 -37.5 12.3 -4.3 -37.8 12.5
5 24 -11.2 -41.3 1.5 -12.4 -39.6 2.3 -12.4 -41.6 1.7 -11.1 -39.4 1.9
5 24 2.7 -24.3 15.9 0.1 -26.9 15.2 0.2 -24.8 16.4 2.8 -28.8 13.1
5 24 12.8 -37.5 10 13.8 -39.6 9.6 11.1 -39.6 10.4 15.1 -38.2 8
5 24 9.2 -55.5 0.4 8.1 -60.9 0 11.2 -55.5 1.5 6 -60.8 -0.2
5 24 0.2 -17.7 18.3 -1.4142 -20.1858 17.9243 -0.7654 -19.7522 18.0543 -2.4 -19.2 17.7
5 24 13.7 -38 3 12.5 -36.5 3 12.9 -37.9 2.6 14 -37.7 4
5 24 2.4 -69.5 10.1 2.5 -65.8 8.3 4.9 -67.9 8.9 1 -66.9 9.5
5 24 -10.4 -44.8 -0.8 -8.9 -45.5 -1.5 -8.9 -44.1 -2.1 -10.2 -45.5 -0.6
5 24 8 -32.7 -0.3 9.4 -34.7 1.1 9.3 -34 2 9.2 -35.2 -0.4
5 24 4.9 -23.2 14.8 4.6 -19.8 16.3 6.1 -22.1 14.1 2 -21.6 17.5
5 24 -16.8 -19.2 1.9 -18 -17.7 0.4 -18.5 -18.6 1.8 -16 -18.3 0.3
5 24 -13.4 -9.4 9.3 -8.6 -5.6 9.7 -9.6 -7.2 10.9 -12.4 -7.7 7.4
5 24 7.8 -8.5 -5.9 8.7 -7.4 -6.7 7.1 -7.1 -8 10.5 -6.5 -4.8
5 24 7 -23.1 2.1 3.7 -24.7 0.9 6.3 -26.5 3.9 6.9 -20.9 -0.2
5 24 -10.1 -5.8 6.9 -13.2 -7.6 3 -11.3 -5.8 2.6 -12.4 -7.7 7.4
5 24 15.5 -41.5 3.4 15 -43.2 1.8 15.1 -43.4 2.3 15 -41.3 2.4
5 24 16.2 -40.2 7.8 16.9 -42.1 7.4 16.6 -39.8 6.2 14.8 -41.5 9.3
5 24 12.8 -55.5 3.6 12.4 -52.2 1.9 11.2 -55.5 1.5 13.8 -52.2 3.8
5 24 -11.2 -36 2.1 -10.9 -37.7 1.7 -10.3 -35.8 1.5 -12.1 -37.9 2.3
5 24 -6.1 -69.7 1.9 -5.5 -69.3 -1 -2.9 -73 -0.5 -7.5 -65.3 -0.4
5 24 5.7 -9.1 -6.2 6 -10.2 -2.2 8.4 -9.1 -3.1 3.2 -9.7 -3.7
5 24 15.1 -43.4 2.3 13.8 -44.9 1 15 -43.2 1.8 13.9 -45.2 1.7
5 24 -1 -72.7 -1.1 2.7 -72.6 2.3 2.7 -71.7 0.3 -1.8 -73.7 1.7
5 24 9.5 -30 4.5 11.6 -31.2 5.5 9.9 -32 4 10.6 -28.9 5.8
5 24 -8.7 -32 4.1 -10 -34.3 3 -8.5 -32.2 2.2 -10.2 -34.3 4
5 24 -5.3 -67.2 9.8 -7.7 -65.9 7.4 -7.1 -64.3 8.7 -6.1 -68.8 7.7
5 24 -5.2 -8.1 14.2 -3.8 -9.6 15.8 -0.9 -6.7 14.6 -7.4 -10.7 14.1
5 24 -14.8 -21.2 1.6 -12.8 -22.8 1.6 -13.9 -23.2 3.1 -13.1 -21.2 0.4
5 24 -17.7 -14.7 -0.9 -16.3 -13.3 -1.8 -18.3 -13.4 0 -15.4 -15 -2
5 24 -7.1 -63.5 2.2 -4.5 -63.4 2.4 -4.5 -63.3 6.3 -6.2 -63.7 -0.8
5 24 7.9 -55.5 8.5 9.5 -60.9 7.8 7.1 -60.9 8.1 10.6 -55.5 8
5 24 0 -43.6 -6 0 -40.9 -6.4 -2.9 -42.7 -5.7 2.9 -42.7 -5.7
5 24 5.7 -9.1 -6.2 3.2 -9.7 -3.7 2.9 -8.9 -6.1 6 -10.2 -2.2
5 24 11.8 -44.3 -0.3 9.9 -43.5 -0.6 11.9 -43.7 0.1 9.6 -44.1 -1.1
5 24 -16.4 -11.5 7.8 -14.9 -11.7 9.7 -13.4 -9.4 9.3 -17.8 -13.7 7.4
5 24 -6.1 -6.8 13.3 -8.7 -9.4 13.2 -11.3 -9.3 11.4 -5.2 -8.1 14.2
5 24 6.4 -65.2 -0.5 5.8 -66.8 -0.6 3.8 -65.7 -0.7 8.4 -65.6 1
5 24 7.1 -48.2 7.6 4.9 -46.7 9.9 4.5 -50.2 6.6 7.9 -46.6 8.3
5 24 3.8 -21.8 -1 3.7 -24.7 0.9 6.9 -20.9 -0.2 0.3 -24.8 -0.1
5 24 6.2 -5.3 -9.3 4.6 -5.1 -9.2 5.2 -7.6 -8 5.4 -3 -10.1
5 24 -11.4 -35 4 -10.2 -34.3 4 -10.3 -34.9 5 -11.4 -35.1 3.4
5 24 -19.5 -16.5 0.7 -18 -17.7 0.4 -18.5 -18.6 1.8 -17.8 -16.8 -0.3
5 24 -8.5 -23.5 1.9 -7.5 -23.1 2.3 -8.7 -21 1.3 -7.2 -25.8 2.5
5 24 11.4 -6.6 -0.4 12.9 -0.01 -0.1 11.4 -6.4 1.4 12.5 -0.01 -2.5
5 24 -12.1 -43 0.8 -12.4 -41.6 1.7 -13.9 -43.4 0.8 -11 -42.6 0.7
5 24 -8.9 -44.1 -2.1 -10.4 -44.8 -0.8 -8.9 -45.5 -1.5 -9.5 -42.8 -1.3
5 24 6.6 -14.8 15.6 9.4 -17.9 14.4 7.1 -17.9 14.9 8.7 -14.6 14.9
5 24 -18 -17.7 0.4 -16 -18.3 0.3 -16.8 -19.2 1.9 -17.8 -16.8 -0.3
5 24 -10.1 -5.8 6.9 -12.8 -0.01 1.7 -11.3 -5.8 2.6 -11.3 -0.01 6.4
5 24 -19.3 -14.4 0.6 -20 -14.7 1.5 -18.8 -12.7 1.4 -19.5 -16.5 0.7
5 24 -5.6 -0.01 -6 -5.6 -5.2 -6 -8.3 -0.01 -4.3 5.2 -0.01 -6
5 24 12.5 -36.5 3 12.7 -36.2 3.7 14 -37.7 4 10.9 -35.1 2.7
5 24 7.6 -2.5 -9.2 6.7 -2.7 -9.8 7.6 -5 -9.1 6.8 -0.01 -9.2
5 24 -8.4 -46.8 6.2 -8.2 -44.3 8.7 -10.8 -43.6 4.7 -4 -47 10.2
5 24 4.4 -60.8 1.8 4.2 -60.7 4.7 5.4 -55.5 2.2 3.3956 -64.0308 1.8
5 24 0.3 -24.8 -0.1 0 -27 0.2 3.7 -24.7 0.9 -3.2 -24.6 0.6
5 24 7.4 -32.7 11.8 8.7 -30.7 11.5 6.6 -28.6 12.4 9.1 -34.6 11.3
5 24 1.3 -12.8 -4.8 -0.2 -12.7 -4.9 0.5 -10.7 -4.3 1 -14.8 -4.8
5 24 -19.1 -13.1 5.2 -16.4 -11.5 7.8 -17.8 -13.7 7.4 -17.2 -11 5.7
5 24 2.5 -72.8 4.9 -2.2 -73.8 4.5 -1.9 -73.3 7.1 -1.8 -73.7 1.7
5 24 3.7 -51.5 3.6 -0.1 -52.1 3.4 0 -51.9 0.4 0.1 -50.9 7.3
5 24 -13.2 -44.7 0.2 -13.3 -45.1 0.5 -14.4 -43.6 0.9 -11.5 -45.6 0
5 24 2 -3.3 -9.5 0.1 -3.5 -9.4 0.2 -5.4 -9.2 0.1 -0.01 -9.2
5 24 6.3 -30.4 0 8.1 -31.5 3.5 5.9 -29.1 3.5 8 -32.7 -0.3
5 24 -3.5 -5.2 -2.2 -2.3 -18.2 -1.4 -4 -18.2 -1.1 -2.1 -5.2 -2.3
5 24 -15 -40.2 3.4 -14 -37.8 3.8 -14.9 -40 3.1 -15 -40.2 3.8
5 24 -10 -24.2 1.8 -11.7 -24.3 2.3 -10.4 -25.9 3 -11.3 -22.4 0.8
5 24 -9.7 -11.9 -4.4 -10.9 -10.5 -4.8 -13.3 -13.1 -3.4 -9.3 -10.6 -5.3
5 24 15 -43.2 1.8 15.1 -43.4 2.3 15.5 -41.5 3.4 13.8 -44.9 1
5 24 1.2308 -66.1956 2 2 -66.9 -1.2 3.8 -65.7 -0.7 -0.3 -66.5 2.3
5 24 0.1 -7.8 -5.9 -1.5 -9.2 -3.8 0.2 -8.5 -3.4 -1.8 -8.6 -6.1
5 24 -8.6 -5.6 9.7 -11.3 -0.01 6.4 -9 -0.01 9.5 -10.1 -5.8 6.9
5 24 5.7 -50.9 4.6 0.1 -50.9 7.3 3.7 -51.5 3.6 4.5 -50.2 6.6
5 24 14.8 -24.8 5.5 17 -23.8 5.8 16.3 -24 8 14.1 -23.5 3.3
5 24 4.9 -23.2 14.8 2 -21.6 17.5 4.6 -19.8 16.3 2.7 -24.3 15.9
5 24 14.9 -49 4.3 13.8 -52.2 3.8 13.8 -49.1 2.6 14.5 -49.4 6.6
5 24 -5.9 -30.4 9.1 -7.1 -27.9 8.7 -5.9 -28.3 10.5 -7.1 -29.8 6.6
5 24 8 -32.7 -0.3 9.2 -35.2 -0.4 9.4 -34.7 1.1 6.9 -32.7 -2.7
5 24 9.4 -17.9 14.4 12.7 -21.7 12 11.8 -18 13.4 9.9 -21.1 13
5 24 -9.4 -26.9 3.2 -11.4 -26.3 4.4 -10.2 -27.4 4.9 -10.4 -25.9 3
5 24 10.6 -7.6 -2.1 12.2 -10.8 -0.8 8.4 -9.1 -3.1 13.4 -9.2 1.9
5 24 -13.3 -13.1 -3.4 -16.3 -13.3 -1.8 -15.4 -15 -2 -14.5 -11.4 -2.9
5 24 -10.9 -37.7 1.7 -10.2 -39.6 0 -9.7 -37 -0.3 -11.1 -39.4 1.9
5 24 -1.8 -8.6 -6.1 -2.4 -10.1 -6.7 -2.5 -11.3 -4.5 -2.3 -7.9 -8.1
5 24 -18.5 -16.1 6.6 -16.2 -17.4 7.9 -18.8 -17.5 5.6 -16 -14.4 9.3
5 24 7.6 -5 -9.1 8 -6.5 -8.2 8.7 -6 -7.9 6.2 -5.3 -9.3
5 24 -11.9 -20.3 -0.8 -13.9 -19.6 -0.6 -12.6 -17.6 -2.4 -13.1 -21.2 0.4
5 24 11.2 -60.8 3.5 9.9 -60.9 1.4 8.4 -65.6 1 12.8 -55.5 3.6
5 24 -16 -18.3 0.3 -13.9 -19.6 -0.6 -14.8 -21.2 1.6 -12.6 -17.6 -2.4
5 24 5.7 -9.1 -6.2 2.8 -7.7 -8.3 5.2 -7.6 -8 2.9 -8.9 -6.1
5 24 -8.2 -44.3 8.7 -8 -41.1 10.1 -10.8 -41.7 6.1 -4.1 -42.4 12.2
5 24 0.3 -24.8 -0.1 0.4 -22.1 -1.6 3.8 -21.8 -1 -3.2 -21.9 -1.2
5 24 6.6 -14.8 15.6 8.7 -14.6 14.9 9.4 -17.9 14.4 5.9 -11.4 15.5
5 24 -4.5 -16.7 -3.9 -1.8 -17.2 -4.2 -2.9 -14.4 -4.7 -2.5 -19.7 -2.9
5 24 1.5 -5.2 -2.2 0.1 -18.2 -1 0 -5.2 -1.8 2.2 -18.2 -1.3
5 24 2.5 -18.3 17.7 3.4 -16.6 17.3 0.2 -17.7 18.3 4.6 -19.8 16.3
5 24 10.1 -24.4 7.6 14.3 -25 7.5 9.6 -24 9.2 9.8 -23.5 6.4
5 24 -12.5 -41.2 5.7 -10.9 -39.8 6.6 -12.1 -39.2 6.1 -10.8 -41.7 6.1
5 24 5 -30.6 12.4 5.8 -34.6 11.2 7.4 -32.7 11.8 4.2 -32.8 11.4
5 24 8.6 -44.5 8.8 4.8 -42.3 11.8 4.9 -46.7 9.9 9.1 -41.2 9.6
5 24 -11.7 -14.3 -2.9 -8.6 -12.8 -6.1 -9.7 -11.9 -4.4 -10.6 -15.3 -4
5 24 0.2 -17.7 18.3 0 -19.6 18.1 -0.7654 -19.7522 18.0543 0.7654 -19.7522 18.0543
5 24 14 -43.8 9.2 15.5 -42.9 8.7 15.1 -44.9 8.2 13.7 -42.5 9.6
5 24 5.4 -3 -10.1 3.8 -3.1 -9.6 4.6 -5.1 -9.2 4.3 -0.01 -9.9
5 24 11.5 -31.5 9.3 8.7 -30.7 11.5 10.3 -29 9.9 10.3 -33.1 10.7
5 24 15.5 -42.9 8.7 16.5 -44.4 6.9 15.1 -44.9 8.2 16.9 -42.1 7.4
5 24 -10.4 -18.8 9.4 -12 -16.9 10.6 -10 -17.4 11 -11.9 -19.3 8.7
5 24 0.1 -0.01 -9.2 0.1 -3.5 -9.4 -1.5 -0.01 -9.4 2 -3.3 -9.5
5 24 -17.8 -16.8 -0.3 -18.7 -15.9 -0.1 -17.7 -14.7 -0.9 -19.5 -16.5 0.7
5 24 -3.8 -65 9.9 -5.3 -67.2 9.8 -7.1 -64.3 8.7 -3.3 -68.9 10.3
5 24 -13.1 -21.2 0.4 -12.8 -22.8 1.6 -14.8 -21.2 1.6 -11.3 -22.4 0.8
5 24 10.5 -4.1 -7.4 11.9 -0.01 -4.5 12.5 -0.01 -2.5 10.7 -0.01 -7
5 24 10.6 -28.9 5.8 11.6 -31.2 5.5 12 -30.8 7.4 9.5 -30 4.5
5 24 -11.9 -38.1 6.1 -13.3 -38.6 5.2 -12.1 -39.2 6.1 -12.6 -37.4 5.4
5 24 4.8 -68.2 -0.9 7.2 -68.1 0.9 5.8 -66.8 -0.6 5.5 -70.6 1.1
5 24 -6.8 -0.01 7.6 -6.1 -18.2 7 -4 -18.2 8.3 -8.6 -0.01 5.2
5 24 -13.3 -38.6 5.2 -13.9 -37.9 4.3 -15 -40.2 3.8 -12.6 -37.4 5.4
5 24 3.8 -3.1 -9.6 2 -3.3 -9.5 3.3 -0.01 -9.5 2.3 -5.3 -9.4
5 24 -8.3 -27.8 7.7 -7.1 -27.9 8.7 -7.7 -29.1 6.6 -9.9 -26.2 8
5 24 -12 -16.9 10.6 -14 -14.7 10.7 -11.6 -14.9 11.8 -14.1 -17.1 9.4
5 24 11.9 -44.4 9.6 14 -43.8 9.2 14 -45.2 8.7 13.7 -42.5 9.6
5 24 -10 -5.3 -7.3 -9.4 -6.9 -8.2 -9.2 -5 -8.8 -10.1 -7.1 -5.4
5 24 13.7 -14.5 11.1 12.5 -10.9 10.3 10 -10.6 13 16 -15.1 8.1
5 24 -17.2 -11 5.7 -19.1 -13.1 5.2 -19.5 -12.9 3.1 -16.4 -11.5 7.8
5 24 8.7 -14.6 14.9 11.8 -18 13.4 9.4 -17.9 14.4 11.2 -14.3 13.4
5 24 13.8 -24.2 9.5 11.6 -23.5 10.9 12.7 -21.7 12 9.6 -24 9.2
5 24 -8.8 -28.6 4.6 -10.2 -27.4 4.9 -9.4 -26.9 3.2 -8.9 -28.2 6.6
5 24 13.8 -49.1 2.6 12.4 -52.2 1.9 13.8 -52.2 3.8 11.3 -49.3 1
5 24 4.2 -6.8 14.2 3.6 -5 12.9 7.2 -5.2 11.1 -1 -5.7 14
5 24 -11.3 -9.3 11.4 -13.4 -9.4 9.3 -14.9 -11.7 9.7 -9.6 -7.2 10.9
5 24 -7.5 -63.9 6 -7.1 -64.3 8.7 -4.9 -63.6 9.4 -8.2 -65.6 5.7
5 24 2 -66.9 -1.2 -0.3 -66.5 2.3 0 -67.2 -1.4 1.2308 -66.1956 2
5 24 -8.2 -4.4 -9.3 -6.7 -3.9 -9.8 -6.9 -4.7 -9.8 -8.2 -3.5 -8.9
5 24 -6.7 -3.9 -9.8 -6.9 -4.7 -9.8 -8.2 -4.4 -9.3 -5.4 -4.8 -10.1
5 24 5.1 -15.7 16.4 3 -13.7 17.3 4.8 -12.4 16.3 3.4 -16.6 17.3
5 24 16.2 -40.2 7.8 16.6 -39.8 6.2 15.1 -38.2 8 16.9 -42.1 7.4
5 24 16.2 -40.2 7.8 14.8 -41.5 9.3 13.8 -39.6 9.6 16.9 -42.1 7.4
5 24 -9.3 -21.3 9.9 -11.2 -21.9 9.1 -10.4 -18.8 9.4 -8.5 -23.6 9.9
5 24 8.4 -9.1 -3.1 10.5 -6.5 -4.8 7.8 -8.5 -5.9 10.6 -7.6 -2.1
5 24 -0.4 -67 10 -0.3 -66.5 6.3 -1.8308 -66.1956 6.8 1 -66.9 9.5
5 24 2.7 -72.6 2.3 5.6 -71.5 2.8 2.5 -72.8 4.9 2.7 -71.7 0.3
5 24 -5.2 -8.1 14.2 -8.7 -9.4 13.2 -6.1 -6.8 13.3 -7.4 -10.7 14.1
5 24 -13.9 -16.2 -1.6 -12.6 -17.6 -2.4 -16 -18.3 0.3 -10.6 -15.3 -4
5 24 9.4 -17.9 14.4 11.8 -18 13.4 12.7 -21.7 12 8.7 -14.6 14.9
5 24 -6.1 -18.2 7 -8.6 -0.01 5.2 -8.2 -18.2 4.5 -6.8 -0.01 7.6
5 24 -12.5 -22.8 8 -14.1 -21.7 6.8 -13.4 -24 5.8 -14.4 -19.7 6.9
5 24 -16.3 -13.3 -1.8 -18.3 -13.4 0 -17.7 -14.7 -0.9 -17 -11.9 -0.6
5 24 -2.2 -73.8 4.5 -3.1 -73.3 6.5 -1.9 -73.3 7.1 -3.1 -73.6 4.2
5 24 -13.9 -16.2 -1.6 -16.5 -16.2 -1.1 -15.4 -15 -2 -16 -18.3 0.3
5 24 -1.8 -66.6 -1.3 -3.1284 -65.3284 2.4 -1.8308 -66.1956 2.2 -3.3 -65.2 -1
5 24 -8.5 -23.6 9.9 -6.3 -26 11.7 -7 -22.8 12.8 -7.8 -25.8 9.4
5 24 -5.9 -5.1 12 -9 -0.01 9.5 -6 -0.01 11.7 -8.6 -5.6 9.7
5 24 7.6 -20.9 13.2 9.9 -21.1 13 8.6 -22.7 10.8 7.1 -17.9 14.9
5 24 -5.9 -25.7 2.9 -3.5 -27.9 1.4 -5.7 -28.5 3.1 -3.2 -24.6 0.6
5 24 12.3 -55.5 6.2 10.6 -55.5 8 10.8 -60.8 6.1 11.7 -52.2 8.1
5 24 -9.4 -6.9 -8.2 -6.2 -7 -9.5 -8.9 -9.1 -7.9 -6.9 -4.7 -9.8
5 24 -13.9 -23.2 3.1 -12.8 -22.8 1.6 -14.8 -21.2 1.6 -11.7 -24.3 2.3
5 24 11.6 -35 10.3 12.8 -37.5 10 13.9 -36.1 8.4 10.2 -36.8 10.9
5 24 -9.2 -16.3 -4.1 -10.9 -18.4 -2.4 -12.6 -17.6 -2.4 -8.1 -17.1 -3.3
5 24 -11.9 -38.1 6.1 -11.4 -36.4 5.7 -12.6 -37.4 5.4 -10.8 -38 6.5
5 24 -10.9 -10.5 -4.8 -14.5 -11.4 -2.9 -13.3 -13.1 -3.4 -12 -9 -4.3
5 24 -12.8 -36.2 3.9 -13.9 -37.8 3.4 -12.7 -36.3 3.5 -14 -37.8 3.8
5 24 -4.6 -50 -1.6 -8.4 -48.5 1 -4.8 -51.2 0.5 -7.8 -47.9 -0.8
5 24 -10.5 -12.5 12.8 -14 -14.7 10.7 -11.6 -14.9 11.8 -12.8 -11.8 11.5
5 24 6.4 -65.2 -0.5 3.8 -65.7 -0.7 5.8 -66.8 -0.6 4.6 -64.4 -0.4
5 24 -6.1 -68.8 7.7 -5.3 -67.2 9.8 -3.3 -68.9 10.3 -7.7 -65.9 7.4
5 24 8.4 -65.6 1 7.2 -68.1 0.9 5.8 -66.8 -0.6 9.4 -66.1 3.2
5 24 6.9 -20.9 -0.2 3.7 -24.7 0.9 7 -23.1 2.1 3.8 -21.8 -1
5 24 -10.3 -34.9 5 -11.4 -35 4 -10.2 -34.3 4 -11.4 -35.3 4.7
5 24 -0.7654 -19.7522 18.0543 0.2 -17.7 18.3 0 -19.6 18.1 -1.4142 -20.1858 17.9243
5 24 2.9 -8.9 -6.1 3.2 -9.7 -3.7 5.7 -9.1 -6.2 0.2 -8.5 -3.4
5 24 -5.9 -15.6 -3.9 -4.5 -16.7 -3.9 -7.3 -17.3 -2.7 -2.9 -14.4 -4.7
5 24 5.6 -71.5 2.8 2.7 -71.7 0.3 2.7 -72.6 2.3 5.5 -70.6 1.1
5 24 8.9 -45.5 -1.5 7.8 -47.9 -0.8 9.1 -46.3 -0.3 7.3 -46.6 -2.8
5 24 4.4 -37.5 12.3 4.2 -32.8 11.4 5.8 -34.6 11.2 -0.1 -33.9 12.5
5 24 -12.1 -43 0.8 -13.9 -43.4 0.8 -12.8 -44.3 0.2 -12.4 -41.6 1.7
5 24 5.5 -70.6 1.1 2.5 -69 -2 4.8 -68.2 -0.9 2.7 -71.7 0.3
5 24 1 -66.9 9.5 2.4 -69.5 10.1 -0.4 -67 10 2.5 -65.8 8.3
5 24 17.9 -21.9 7.4 16.7 -18.6 9.1 18.2 -20.1 5.9 16.3 -21.6 9.5
5 24 -17.7 -14.7 -0.9 -18.3 -13.4 0 -16.3 -13.3 -1.8 -19.3 -14.4 0.6
5 24 -11.6 -6.4 -0.8 -11.4 -4.1 -5.4 -10.8 -6.2 -4.1 -12.5 -0.01 -2.1
5 24 -14.9 -40 3.1 -15 -40.2 3.4 -14 -37.8 3.8 -15.2 -42.1 2.4
5 24 14.5 -18.1 11.5 16.7 -18.6 9.1 16.3 -21.6 9.5 13.7 -14.5 11.1
5 24 8.7 -14.6 14.9 11.2 -14.3 13.4 11.8 -18 13.4 7.2 -10.5 14.8
5 24 9.2 -55.5 0.4 7.1 -55.5 0.6 7.8 -52.2 0.7 6 -60.8 -0.2
5 24 8.4 -65.6 1 8.1 -60.9 0 9.9 -60.9 1.4 6.4 -65.2 -0.5
5 24 -11.4 -4.1 -5.4 -10 -5.3 -7.3 -10.1 -7.1 -5.4 -9.8 -4.2 -8
5 24 2.7 -71.7 0.3 2.5 -69 -2 5.5 -70.6 1.1 -1 -72.7 -1.1
5 24 2.7 -71.7 0.3 -1 -72.7 -1.1 2.5 -69 -2 2.7 -72.6 2.3
5 24 -4.1 -42.4 12.2 -4 -47 10.2 0.4 -42.9 12.8 -8.2 -44.3 8.7
5 24 10.5 -4.1 -7.4 8.8 -4.4 -8.5 9.8 -6.1 -6.9 9.5 -2.5 -8.5
5 24 0 -51.9 0.4 -4.8 -51.2 0.5 -0.1 -52.1 3.4 0 -50.8 -2.3
5 24 -8 -41.1 10.1 -4.1 -42.4 12.2 -8.2 -44.3 8.7 -4.3 -37.8 12.5
5 24 -3.1 -73.6 4.2 -2.2 -73.8 4.5 -3.1 -73.3 6.5 -3 -73.5 1.9
5 24 6.9 -67.8 7.5 8.9 -65.8 5.9 7.7 -68.8 5.7 7.8 -65.3 7.4
5 24 -6.8 -28 3.1 -5.7 -28.5 3.1 -7.3 -29.9 4.6 -8.6 -25.8 2.4
5 24 -2.9 -68.4 -2.3 -2.9 -73 -0.5 -5.5 -69.3 -1 -1 -72.7 -1.1
5 24 -12.8 -0.01 1.7 -11.3 -5.8 2.6 -10.1 -5.8 6.9 -11.6 -6.4 -0.8
5 24 11.1 -15.6 -0.5 12.9 -20.6 1.5 9.6 -16.3 -0.3 16 -19.3 2
5 24 -0.6 -31.2 11.9 -4.1 -33.8 11.6 -0.1 -33.9 12.5 -3.5 -31 10.9
5 24 -3.1 -73.3 6.5 -6.3 -69.4 5.1 -3.1 -73.6 4.2 -6.1 -68.8 7.7
5 24 16.7 -18.6 9.1 18.2 -20.1 5.9 17.9 -21.9 7.4 16 -15.1 8.1
5 24 -0.5 -69.5 -2.2 -2.9 -68.4 -2.3 -1 -72.7 -1.1 0 -67.2 -1.4
5 24 12.3 -41.3 2 12.3 -42.6 1.2 10.7 -41.3 1.6 14 -42.7 1.3
5 24 -14.9 -42 1.9 -14.4 -42.1 1.5 -14.2 -40.3 2.2 -14.4 -43.6 0.9
5 24 -9.9 -24.2 9.1 -11.2 -21.9 9.1 -8.5 -23.6 9.9 -12.5 -22.8 8
5 24 8.1 -0.01 -4.4 5.5 -5.2 -6 5.2 -0.01 -6 8.1 -5.2 -4.4
5 24 -8.9 -45.5 -1.5 -10.2 -45.5 -0.6 -10.4 -44.8 -0.8 -7.8 -47.9 -0.8
5 24 -15 -42.3 3.5 -15.3 -42.2 2.9 -14.3 -43.8 3.4 -15 -40.2 3.4
5 24 14 -45.2 8.7 15.1 -44.9 8.2 13.9 -47.1 8.2 14 -43.8 9.2
5 24 -1.4142 -20.1858 17.9243 -2.4 -19.2 17.7 -1.8478 -20.8346 17.7296 0.2 -17.7 18.3
5 24 13.8 -39.6 2.5 12.3 -41.3 2 12.2 -39.5 2.5 14.2 -41.2 2
5 24 -4.4 -49.7 7.2 -4.7 -51.1 3.3 -0.1 -52.1 3.4 -8.3 -48.2 3.3
5 24 -12.7 -36.3 3.5 -12.8 -36.2 3.9 -11.4 -35 4 -13.9 -37.8 3.4
5 24 -12.1 -37.9 2.3 -11.2 -36 2.1 -10.9 -37.7 1.7 -12.5 -36.8 2.7
5 24 -12.5 -36.8 2.7 -13.6 -38 2.9 -13.3 -38.2 2.6 -12.7 -36.5 3.1
5 24 4.9 -60.8 7 7.1 -60.9 8.1 6 -55.5 6.8 5.9 -64.6 8.2
5 24 15.5 -12.7 2.9 13.4 -9.2 1.9 14.4 -11.5 7 12.2 -10.8 -0.8
5 24 -17.8 -13.7 7.4 -14.9 -11.7 9.7 -16.4 -11.5 7.8 -16 -14.4 9.3
5 24 0.9 -34.6 5.5 3.1 -18.2 5.7 1.8 -18.2 6 1.7 -34.6 5.15
5 24 -10.9 -37.7 1.7 -9.7 -37 -0.3 -10.3 -35.8 1.5 -10.2 -39.6 0
5 24 -5.4 -4.8 -10.1 -6.2 -7 -9.5 -4.2 -4.7 -10.1 -6.9 -4.7 -9.8
5 24 -11.4 -35.1 3.4 -11.4 -35 4 -10.2 -34.3 4 -12.7 -36.3 3.5
5 24 -14 -37.8 3.8 -12.8 -36.2 3.9 -13.9 -37.8 3.4 -12.8 -36.5 4.5
5 24 -12.6 -17.6 -2.4 -9.2 -16.3 -4.1 -10.6 -15.3 -4 -10.9 -18.4 -2.4
5 24 15.6 -46.9 6.7 16 -46.5 4.7 16.5 -44.4 6.9 14.9 -49 4.3
5 24 8.7 -30.7 11.5 10.3 -33.1 10.7 11.5 -31.5 9.3 9.1 -34.6 11.3
5 24 3.4 -7.9 15 -1 -5.7 14 4.2 -6.8 14.2 -0.9 -6.7 14.6
5 24 9.9 -0.01 3.2 9.9 -18.2 1.8 8.9 -0.01 5.4 9.9 -0.01 1.8
5 24 5.9 -11.4 15.5 7.2 -10.5 14.8 3.4 -7.9 15 8.7 -14.6 14.9
5 24 10.5 -6.5 -4.8 9.8 -6.1 -6.9 8.7 -7.4 -6.7 10.5 -4.1 -7.4
5 24 7.1 -18.2 -2.1 3.8 -16.7 -4 6.5 -15.5 -3.3 4 -19.3 -2.8
5 24 -0.9 -6.7 14.6 -0.8 -8.7 16 -3.8 -9.6 15.8 3.4 -7.9 15
5 24 3.1 -18.2 1.5 1.5 -34.6 3.7 1.95 -34.6 4.4 1.9 -18.2 0.5
5 24 9.6 -19.7 1.7 7 -23.1 2.1 6.9 -20.9 -0.2 9.3 -21.9 4.1
5 24 -8.3 -48.2 3.3 -10.6 -44.9 3.2 -10.4 -45.5 1.4 -8.4 -46.8 6.2
5 24 -2.4 -19.2 17.7 -4.5 -17 16.8 -6 -20.4 15 -4 -13.7 17
5 24 2.5 -72.8 4.9 2.7 -72.6 2.3 -1.8 -73.7 1.7 5.6 -71.5 2.8
5 24 -12.5 -41.2 5.7 -14 -42.5 4.4 -14.1 -40.6 4.8 -12.4 -43.2 4.8
5 24 16 -15.1 8.1 17.4 -17 4.4 15.5 -12.7 2.9 18.2 -20.1 5.9
5 24 -4.9 -5.2 -1.8 -5.6 -18.2 0.3 -4 -18.2 -1.1 -6 -5.2 1.8
5 24 -10.2 -34.3 4 -11.4 -35.1 3.4 -10 -34.3 3 -11.4 -35 4
5 24 -7.5 -23.1 2.3 -6.3 -21.3 -0.3 -5.7 -22.7 0.6 -8.9 -19.7 0
5 24 -8.7 -9.4 13.2 -7.4 -10.7 14.1 -10.5 -12.5 12.8 -5.2 -8.1 14.2
5 24 -11.7 -24.3 2.3 -12.8 -22.8 1.6 -11.3 -22.4 0.8 -13.9 -23.2 3.1
5 24 8.3 -7.2 12.3 7.2 -5.2 11.1 4.2 -6.8 14.2 10.9 -7.8 9.4
5 24 2.3 -5.3 -9.4 2 -3.3 -9.5 0.2 -5.4 -9.2 3.8 -3.1 -9.6
5 24 4.8 -12.4 16.3 2.2 -11.2 17 5.9 -11.4 15.5 3 -13.7 17.3
5 24 12.8 -55.5 3.6 11.2 -60.8 3.5 12.3 -55.5 6.2 9.9 -60.9 1.4
5 24 -8.2 -44.3 8.7 -10.8 -43.6 4.7 -10.8 -41.7 6.1 -8.4 -46.8 6.2
5 24 10.3 -29 9.9 12 -30.8 7.4 10.9 -28 7.7 11.5 -31.5 9.3
5 24 4.2 -60.7 4.7 3.3956 -64.0308 5.4 3.3956 -64.0308 1.8 3.7 -64.1 7.3
5 24 -12 -44.7 3.3 -11.7 -45.5 1.5 -13.3 -45 1.8 -10.6 -44.9 3.2
5 24 -12.8 -11.8 11.5 -14.9 -11.7 9.7 -16 -14.4 9.3 -11.3 -9.3 11.4
5 24 -10.8 -41.7 6.1 -12.5 -41.2 5.7 -12.4 -43.2 4.8 -10.9 -39.8 6.6
5 24 6.7 -2.7 -9.8 6.8 -0.01 -9.2 6 -0.01 -9.8 7.6 -2.5 -9.2
5 24 -12 -44.7 3.3 -10.8 -43.6 4.7 -12.4 -43.2 4.8 -10.6 -44.9 3.2
5 24 3.7 -64.1 7.3 4.9 -60.8 7 4.2 -60.7 4.7 5.9 -64.6 8.2
5 24 3.6 -14.4 -4.5 6.5 -15.5 -3.3 5.9 -13.3 -3.4 3.8 -16.7 -4
5 24 5.5 -66.3 8.5 3.7 -64.1 7.3 5.9 -64.6 8.2 4.9 -67.9 8.9
5 24 0.3 -24.8 -0.1 -3.2 -21.9 -1.2 -3.2 -24.6 0.6 0.4 -22.1 -1.6
5 24 5.9 -11.4 15.5 2.2 -11.2 17 2.7 -9.5 16.1 4.8 -12.4 16.3
5 24 1.8478 -20.8346 17.7296 4.6 -19.8 16.3 2 -21.6 17.5 2.5 -18.3 17.7
5 24 -7.9 -18 13.9 -8.7 -19.7 12.1 -7 -22.8 12.8 -10 -17.4 11
5 24 5.9 -11.4 15.5 2.7 -9.5 16.1 2.2 -11.2 17 3.4 -7.9 15
5 24 12.5 -10.9 10.3 8.3 -7.2 12.3 10.9 -7.8 9.4 10 -10.6 13
5 24 -17.5 -10.8 3.4 -18.8 -12.7 1.4 -19.5 -12.9 3.1 -17.2 -11.1 1.1
5 24 -6.9 -15.2 15.2 -4.5 -17 16.8 -4 -13.7 17 -7.9 -18 13.9
5 24 14.8 -41.5 9.3 13.7 -42.5 9.6 13.8 -39.6 9.6 15.5 -42.9 8.7
5 24 -7.3 -17.3 -2.7 -6.2 -19.3 -2 -4.5 -16.7 -3.9 -8.4 -18.7 -1.2
5 24 -8.9 -19.7 0 -7.5 -23.1 2.3 -6.3 -21.3 -0.3 -8.7 -21 1.3
5 24 12.3 -42.6 1.2 13.3 -43.6 0.5 14 -42.7 1.3 11.9 -43.7 0.1
5 24 -10.4 -45.5 1.4 -11.5 -45.6 0 -11.7 -45.5 1.5 -10.2 -45.5 -0.6
5 24 -13.2 -7.6 3 -11.3 -5.8 2.6 -10.1 -5.8 6.9 -13.5 -7.9 -0.4
5 24 11.9 -44.4 9.6 13.7 -42.5 9.6 12 -42.1 10 14 -43.8 9.2
5 24 3.8 -65.7 -0.7 1.2308 -66.1956 2 2.5284 -65.3284 1.75 2 -66.9 -1.2
5 24 2.2 -11.2 17 3 -13.7 17.3 4.8 -12.4 16.3 -0.2 -13.3 17.8
5 24 1.2308 -66.1956 6.1 2.5 -65.8 8.3 2.5284 -65.3284 5.7 1 -66.9 9.5
5 24 -14.1 -40.6 4.8 -12.5 -41.2 5.7 -14 -42.5 4.4 -12.1 -39.2 6.1
5 24 -6 -9.6 -8.7 -3.5 -10.2 -8.1 -3.5 -7.3 -9.3 -6 -12.1 -7.6
5 24 -4.5 -63.3 6.3 -3.1284 -65.3284 2.4 -3.1284 -65.3284 7 -4.5 -63.4 2.4
5 24 -10.3 -27.1 6.5 -10.2 -27.4 4.9 -11.4 -26.3 4.4 -8.9 -28.2 6.6
5 24 -9.5 -15.6 12.5 -12 -16.9 10.6 -11.6 -14.9 11.8 -10 -17.4 11
5 24 -4.5 -16.7 -3.9 -2.9 -14.4 -4.7 -1.8 -17.2 -4.2 -5.9 -15.6 -3.9
5 24 -3.5 -10.2 -8.1 -2.4 -10.1 -6.7 -4.8 -13 -6.4 -2.3 -7.9 -8.1
5 24 10.7 -41.3 1.6 12.3 -42.6 1.2 12.3 -41.3 2 10.3 -42.8 0.3
5 24 -3.2 -24.6 0.6 -5.7 -22.7 0.6 -3.2 -21.9 -1.2 -5.9 -25.7 2.9
5 24 -16.4 -11.5 7.8 -13.4 -9.4 9.3 -14.9 -11.7 9.7 -14.9 -10 7.8
5 24 4.6 -64.4 -0.4 4.4 -60.8 1.8 3.3956 -64.0308 1.8 6 -60.8 -0.2
5 24 -3.5 -3.7 -9.6 -4.2 -4.7 -10.1 -2.9 -6.7 -9.1 -5.4 -3.8 -10
5 24 -3.5 -28.8 12.4 -5.9 -28.3 10.5 -3.7 -26.4 14 -3.5 -31 10.9
5 24 10.3 -52.2 0.7 11.3 -49.3 1 12.4 -52.2 1.9 8.1 -48.6 0.9
5 24 -5.8 -12.2 15.7 -4 -13.7 17 -6.9 -15.2 15.2 -3.1 -11.4 16.8
5 24 -13.9 -16.2 -1.6 -15.4 -15 -2 -16.5 -16.2 -1.1 -13.3 -13.1 -3.4
5 24 1 -14.8 -4.8 3.6 -14.4 -4.5 3.8 -16.7 -4 1.3 -12.8 -4.8
5 24 9 -25.7 10.4 8.6 -22.7 10.8 9.6 -24 9.2 7.4 -23.9 11.7
5 24 -4.7 -51.1 3.3 -8.3 -48.2 3.3 -8.4 -48.5 1 -4.4 -49.7 7.2
5 24 15.1 -23.4 9.6 14.7 -21.4 11 16.3 -21.6 9.5 12.7 -21.7 12
5 24 8.4 -9.1 -3.1 5.7 -9.1 -6.2 6 -10.2 -2.2 7.8 -8.5 -5.9
5 24 -8 -41.1 10.1 -8.4 -37.4 9.9 -10.9 -39.8 6.6 -4.3 -37.8 12.5
5 24 -7 -22.8 12.8 -8.5 -23.6 9.9 -8.7 -19.7 12.1 -6.3 -26 11.7
5 24 4.9 -67.9 8.9 6.9 -67.8 7.5 5.3 -70.1 7.5 5.5 -66.3 8.5
5 24 13.8 -44.9 1 12.3 -45.7 0.9 12.1 -45.4 0.2 13.9 -45.2 1.7
5 24 -3.1284 -65.3284 7 -1.8308 -66.1956 6.8 -2.1 -66.5 10 -3.1284 -65.3284 2.4
5 24 9.9 -60.9 1.4 8.1 -60.9 0 8.4 -65.6 1 11.2 -55.5 1.5
5 24 14.5 -49.4 6.6 12.9 -49.4 8.1 13.9 -47.1 8.2 13.4 -52.2 6.5
5 24 11.3 -49.3 1 12.4 -52.2 1.9 10.3 -52.2 0.7 13.8 -49.1 2.6
5 24 -12 -9 -4.3 -14.5 -11.4 -2.9 -15.3 -10.3 -1.4 -10.9 -10.5 -4.8
5 24 5.9 -64.6 8.2 5.5 -66.3 8.5 7.8 -65.3 7.4 3.7 -64.1 7.3
5 24 11.8 -44.3 -0.3 9.6 -44.1 -1.1 11.9 -44.9 -0.3 9.9 -43.5 -0.6
5 24 5 -30.6 12.4 7.4 -32.7 11.8 6.6 -28.6 12.4 5.8 -34.6 11.2
5 24 -6.1 -69.7 1.9 -6.3 -69.4 5.1 -3.1 -73.6 4.2 -8.2 -65.6 5.7
5 24 11.6 -23.5 10.9 12.7 -21.7 12 9.9 -21.1 13 13.8 -24.2 9.5
5 24 11.9 -44.4 9.6 12 -42.1 10 13.7 -42.5 9.6 9.1 -41.2 9.6
5 24 0 -36.3 -9.7 0 -33.5 -10 -2.35 -33.75 -9.45 2.35 -33.75 -9.45
5 24 -12.4 -43.2 4.8 -10.8 -41.7 6.1 -10.8 -43.6 4.7 -12.5 -41.2 5.7
5 24 -8.2 -3.5 -8.9 -9.1 -0.01 -8.5 -9.8 -4.2 -8 -7 -0.01 -9.1
5 24 7.8 -47.9 -0.8 9.1 -46.3 -0.3 9.4 -46.7 0.8 8.9 -45.5 -1.5
5 24 -7.1 -27.9 8.7 -9.9 -26.2 8 -8.3 -27.8 7.7 -8.9 -26 8.8
5 24 -18.4 -18.9 3.8 -16.7 -19.5 3.7 -16.8 -19.2 1.9 -15.8 -19.6 5.5
5 24 -19.5 -16.5 0.7 -17.8 -16.8 -0.3 -18.7 -15.9 -0.1 -18 -17.7 0.4
5 24 -14.1 -17.1 9.4 -13.2 -19.5 7.8 -11.9 -19.3 8.7 -14.4 -19.7 6.9
5 24 -6.3 -30.4 0 -8 -32.7 -0.3 -5.4 -30.2 -2.2 -8.5 -32.2 2.2
5 24 -14.6 -43.8 1.2 -14.9 -42 1.9 -14.4 -43.6 0.9 -15.2 -42.1 2.4
5 24 7.2 -10.5 14.8 4.2 -6.8 14.2 8.3 -7.2 12.3 3.4 -7.9 15
5 24 5.4 -55.5 2.2 5.3 -55.4 4.5 4.2 -60.7 4.7 6 -50.8 2.3
5 24 -10.6 -36.2 5.9 -8.1 -33.7 8.8 -8.4 -37.4 9.9 -8.7 -32.2 5.6
5 24 -8.4 -37.4 9.9 -4.3 -37.8 12.5 -4.1 -33.8 11.6 -8 -41.1 10.1
5 24 -8.9 -44.1 -2.1 -8.9 -45.5 -1.5 -7.3 -46.6 -2.8 -10.4 -44.8 -0.8
5 24 9.4 -44.8 -1 8.9 -44.1 -2.1 8.9 -45.5 -1.5 9.6 -44.1 -1.1
5 24 -10.5 -12.5 12.8 -8.6 -13.2 13.5 -9.5 -15.6 12.5 -7.4 -10.7 14.1
5 24 -12 -16.9 10.6 -14.1 -17.1 9.4 -14 -14.7 10.7 -11.9 -19.3 8.7
5 24 7.4 -32.7 11.8 6.6 -28.6 12.4 5 -30.6 12.4 8.7 -30.7 11.5
5 24 0.4 -42.9 12.8 4.9 -46.7 9.9 4.8 -42.3 11.8 0.3 -47.7 10.7
5 24 14.5 -18.1 11.5 14.7 -21.4 11 16.3 -21.6 9.5 11.8 -18 13.4
5 24 -1 -5.7 14 4.2 -6.8 14.2 3.4 -7.9 15 3.6 -5 12.9
5 24 9.9 -60.9 1.4 12.8 -55.5 3.6 11.2 -60.8 3.5 11.2 -55.5 1.5
5 24 -8.9 -28.2 6.6 -8.8 -28.6 4.6 -7.7 -29.1 6.6 -10.2 -27.4 4.9
5 24 9.9 -18.2 1.8 8.9 -0.01 5.4 9.9 -0.01 3.2 8.4 -18.2 4
5 24 13.8 -44.9 1 12.1 -45.4 0.2 13.8 -44.4 0.5 12.3 -45.7 0.9
5 24 9.1 -41.2 9.6 12 -42.1 10 11.1 -39.6 10.4 11.9 -44.4 9.6
5 24 -11.7 -45.5 1.5 -13.3 -45 1.8 -12 -44.7 3.3 -13.3 -45.1 0.5
5 24 -8.5 -23.5 1.9 -7.2 -25.8 2.5 -8.6 -25.8 2.4 -7.5 -23.1 2.3
5 24 14.3 -25 7.5 13.8 -24.2 9.5 16.3 -24 8 9.6 -24 9.2
5 24 -7.1 -63.5 2.2 -4.5 -63.3 6.3 -7.5 -63.9 6 -4.5 -63.4 2.4
5 24 -12.8 -36.5 4.5 -12.8 -36.2 3.9 -14 -37.8 3.8 -11.4 -35.3 4.7
5 24 -4.7 -51.1 3.3 -8.4 -48.5 1 -4.8 -51.2 0.5 -8.3 -48.2 3.3
5 24 -17.2 -11.1 1.1 -15.3 -10.3 -1.4 -15.3 -9.4 0.4 -17 -11.9 -0.6
5 24 4.1 -18.2 2.9 1.95 -34.6 4.4 3.1 -18.2 1.5 4.3 -18.2 4
5 24 3.7 -64.1 7.3 3.3956 -64.0308 5.4 4.2 -60.7 4.7 2.5284 -65.3284 5.7
5 24 6.5 -18.2 6.7 7 -0.01 7.8 4.6 -18.2 8 8.9 -0.01 5.4
5 24 -0.1 -52.1 3.4 0.1 -50.9 7.3 -4.4 -49.7 7.2 3.7 -51.5 3.6
5 24 15.5 -41.5 3.4 15 -41.3 2.4 15 -43.2 1.8 14.5 -39.4 2.9
5 24 9.2 -35.2 -0.4 9.4 -34.7 1.1 9.7 -37 -0.3 8 -32.7 -0.3
5 24 -1.7 -12.3 -4.7 -0.2 -12.7 -4.9 -0.8 -10.7 -4.3 -2.9 -14.4 -4.7
5 24 -0.5 -11.1 17.2 2.2 -11.2 17 2.7 -9.5 16.1 -0.2 -13.3 17.8
5 24 0.7654 -23.4478 16.9457 0.2 -24.8 16.4 0 -23.6 16.9 1.4142 -23.0142 17.0757
5 24 -18 -17.7 0.4 -18.5 -18.6 1.8 -16.8 -19.2 1.9 -19.5 -16.5 0.7
5 24 11.6 -35 10.3 12.6 -33.8 8.9 10.3 -33.1 10.7 13.9 -36.1 8.4
5 24 -8.1 -17.1 -3.3 -7.3 -17.3 -2.7 -5.9 -15.6 -3.9 -9.4 -18.7 -1.8
5 24 -7.1 -27.9 8.7 -7.7 -29.1 6.6 -7.1 -29.8 6.6 -8.3 -27.8 7.7
5 24 7.4 -23.9 11.7 9 -25.7 10.4 8.6 -22.7 10.8 8 -26.9 11.6
5 24 -18.5 -18.6 1.8 -19.8 -17.5 4.1 -18.4 -18.9 3.8 -20.1 -17.2 2.1
5 24 5.4 -55.5 2.2 7.8 -52.2 0.7 6 -50.8 2.3 7.1 -55.5 0.6
5 24 -9.5 -9 -5.6 -9.4 -6.9 -8.2 -8.9 -9.1 -7.9 -10.1 -7.1 -5.4
5 24 -1.9 -73.3 7.1 -3.3 -68.9 10.3 -0.4 -69.9 10.2 -3.1 -73.3 6.5
5 24 16.3 -24 8 14.3 -25 7.5 14.8 -24.8 5.5 13.8 -24.2 9.5
5 24 9.6 -24 9.2 10.9 -28 7.7 10.1 -24.4 7.6 9 -25.7 10.4
5 24 10.5 -6.5 -4.8 8.7 -7.4 -6.7 9.8 -6.1 -6.9 7.8 -8.5 -5.9
5 24 13.7 -14.5 11.1 14.5 -18.1 11.5 16.7 -18.6 9.1 11.2 -14.3 13.4
5 24 -5.9 -5.1 12 -1.6 -0.01 13 -6 -0.01 11.7 -1.1 -4.7 13.3
5 24 -7 -22.8 12.8 -8.7 -19.7 12.1 -8.5 -23.6 9.9 -7.9 -18 13.9
5 24 0.8 -17.1 -4.3 3.8 -16.7 -4 1 -14.8 -4.8 4 -19.3 -2.8
5 24 -0.2 -12.7 -4.9 0.5 -10.7 -4.3 -0.8 -10.7 -4.3 1.3 -12.8 -4.8
5 24 -12 -9 -4.3 -10.8 -6.2 -4.1 -12.8 -8.2 -2.8 -10.1 -7.1 -5.4
5 24 4.8 -42.3 11.8 4.4 -37.5 12.3 0.4 -42.9 12.8 7.8 -37.5 10.5
5 24 5.5 -70.6 1.1 8.1 -68.9 2.9 7.2 -68.1 0.9 5.6 -71.5 2.8
5 24 -3 -73.5 1.9 -1.8 -73.7 1.7 -2.9 -73 -0.5 -2.2 -73.8 4.5
5 24 -9.5 -9 -5.6 -8.5 -11.3 -7.1 -9.3 -10.6 -5.3 -8.9 -9.1 -7.9
5 24 0.3 -47.7 10.7 0.4 -42.9 12.8 4.9 -46.7 9.9 -4 -47 10.2
5 24 9.3 -21.9 4.1 7.7 -24.6 4.7 9.8 -23.5 6.4 7 -23.1 2.1
5 24 4 -5.2 -1.7 4.8 -18.2 -0.4 3.5 -18.2 -1.1 6 -5.2 1.8
5 24 -13.5 -7.9 -0.4 -11.3 -5.8 2.6 -13.2 -7.6 3 -11.6 -6.4 -0.8
5 24 9.4 -46.7 0.8 12.2 -47.3 1.2 10.2 -45.8 0.6 11.3 -49.3 1
5 24 11.2 -55.5 1.5 10.3 -52.2 0.7 9.2 -55.5 0.4 12.4 -52.2 1.9
5 24 0.1 -26.9 15.2 -0.2 -29.2 13.6 2.8 -28.8 13.1 -3.7 -26.4 14
5 24 -8.2 -3.5 -8.9 -8.2 -4.4 -9.3 -6.7 -3.9 -9.8 -9.2 -5 -8.8
5 24 -14.9 -40 3.1 -13.6 -38 2.9 -13.9 -37.8 3.4 -14.7 -40.1 2.6
5 24 -1.8 -17.2 -4.2 -1.1 -15 -4.8 -2.9 -14.4 -4.7 0.8 -17.1 -4.3
5 24 8.7 -14.6 14.9 5.9 -11.4 15.5 7.2 -10.5 14.8 6.6 -14.8 15.6
5 24 -19.5 -12.9 3.1 -17.5 -10.8 3.4 -17.2 -11 5.7 -18.8 -12.7 1.4
5 24 -17.8 -13.7 7.4 -16 -14.4 9.3 -18.5 -16.1 6.6 -14.9 -11.7 9.7
5 24 -8.5 -32.2 2.2 -6.3 -30.4 0 -5.7 -28.5 3.1 -8 -32.7 -0.3
5 24 14 -42.7 1.3 14.6 -42.9 1.4 13.5 -44 0.4 14.2 -41.2 2
5 24 -16 -18.3 0.3 -16.5 -16.2 -1.1 -17.8 -16.8 -0.3 -13.9 -16.2 -1.6
5 24 5.6 -71.3 5.2 5.3 -70.1 7.5 7.7 -68.8 5.7 2.5 -72 7.5
5 24 14.5 -39.4 2.9 13.8 -39.6 2.5 14.2 -41.2 2 13.7 -38 3
5 24 -14 -14.7 10.7 -16.2 -17.4 7.9 -14.1 -17.1 9.4 -16 -14.4 9.3
5 24 12.5 -36.5 3 12.2 -36.8 2.6 12.9 -37.9 2.6 11 -35.8 2.2
5 24 -15 -40.2 3.8 -13.9 -37.9 4.3 -13.3 -38.6 5.2 -14 -37.8 3.8
5 24 0.1 -15.2 18.1 -2.4 -19.2 17.7 0.2 -17.7 18.3 -4 -13.7 17
5 24 8.8 -4.4 -8.5 9.5 -2.5 -8.5 7.6 -2.5 -9.2 10.5 -4.1 -7.4
5 24 1.9 -18.2 0.5 0.9 -34.6 3.3 -0.7 -34.6 3.2 1.5 -34.6 3.7
5 24 -4.4 -49.7 7.2 -8.3 -48.2 3.3 -4.7 -51.1 3.3 -8.4 -46.8 6.2
5 24 -11.2 -21.9 9.1 -8.5 -23.6 9.9 -9.3 -21.3 9.9 -9.9 -24.2 9.1
5 24 -11.4 -36.4 5.7 -12.8 -36.5 4.5 -11.4 -35.3 4.7 -12.6 -37.4 5.4
5 24 5.5 -70.6 1.1 5.6 -71.5 2.8 2.7 -71.7 0.3 8.1 -68.9 2.9
5 24 -15.3 -9.1 3.5 -13.2 -7.6 3 -13.5 -7.9 -0.4 -15 -9.3 6.2
5 24 7.1 -17.9 14.9 5.1 -15.7 16.4 6.6 -14.8 15.6 4.6 -19.8 16.3
5 24 -1.8 -73.7 1.7 -2.2 -73.8 4.5 2.5 -72.8 4.9 -3 -73.5 1.9
5 24 9.6 -44.1 -1.1 9.5 -42.8 -1.3 8.9 -44.1 -2.1 9.9 -43.5 -0.6
5 24 -0.2 -12.7 -4.9 1 -14.8 -4.8 1.3 -12.8 -4.8 -1.1 -15 -4.8
5 24 2.5 -72.8 4.9 -1.9 -73.3 7.1 -2.2 -73.8 4.5 2.5 -72 7.5
5 24 -1 -5.7 14 -0.9 -6.7 14.6 3.4 -7.9 15 -5.2 -8.1 14.2
5 24 2.5 -72 7.5 2.5 -72.8 4.9 -1.9 -73.3 7.1 5.6 -71.3 5.2
5 24 -9.9 -26.2 8 -8.3 -27.8 7.7 -7.1 -27.9 8.7 -10.3 -27.1 6.5
5 24 5.4 -3 -10.1 4.3 -0.01 -9.9 3.8 -3.1 -9.6 6 -0.01 -9.8
5 24 -8.9 -9.1 -7.9 -9.5 -9 -5.6 -8.5 -11.3 -7.1 -9.4 -6.9 -8.2
5 24 -0.2 -13.3 17.8 -3.1 -11.4 16.8 -0.5 -11.1 17.2 -4 -13.7 17
5 24 0.2 -17.7 18.3 0.1 -15.2 18.1 3.4 -16.6 17.3 -2.4 -19.2 17.7
5 24 -7.1 -63.5 2.2 -8.2 -65.2 2.2 -7.5 -63.9 6 -7.5 -65.3 -0.4
5 24 -1.8 -34.6 4.7 -3.7 -18.2 4.8 -3.1 -18.2 5.7 -4.2 -18.2 3.6
5 24 11.1 -39.6 10.4 9.1 -41.2 9.6 12 -42.1 10 7.8 -37.5 10.5
5 24 -10.2 -39.6 0 -11 -42.6 0.7 -10.5 -44.1 -0.6 -11.2 -41.3 1.5
5 24 -0.4 -69.9 10.2 2.5 -72 7.5 -1.9 -73.3 7.1 2.4 -69.5 10.1
5 24 4.2 -60.7 4.7 3.3956 -64.0308 1.8 4.4 -60.8 1.8 3.3956 -64.0308 5.4
5 24 -10.3 -35.8 1.5 -9.2 -35.2 -0.4 -10 -34.6 2.1 -9.7 -37 -0.3
5 24 4.9 -46.7 9.9 4.8 -42.3 11.8 0.4 -42.9 12.8 8.6 -44.5 8.8
5 24 9.4 -66.1 3.2 7.2 -68.1 0.9 8.1 -68.9 2.9 8.4 -65.6 1
5 24 -20.5 -15.1 2.8 -19.5 -12.9 3.1 -19.1 -13.1 5.2 -20 -14.7 1.5
5 24 10.4 -37.3 1.6 11.7 -37.6 2.3 11 -35.8 2.2 10.8 -39.6 2.2
5 24 -9.2 -5 -8.8 -10 -5.3 -7.3 -9.4 -6.9 -8.2 -9.8 -4.2 -8
5 24 15 -43.2 1.8 13.8 -44.4 0.5 13.8 -44.9 1 14.6 -42.9 1.4
5 24 -14.1 -17.1 9.4 -16.2 -17.4 7.9 -14.4 -19.7 6.9 -14 -14.7 10.7
5 24 -6 -20.4 15 -2.4 -19.2 17.7 -3.6 -21.6 16.4 -4.5 -17 16.8
5 24 -4 -18.2 -1.1 -3.5 -5.2 -2.2 -4.9 -5.2 -1.8 -2.3 -18.2 -1.4
5 24 5.6 -71.3 5.2 8.1 -68.9 2.9 5.6 -71.5 2.8 7.7 -68.8 5.7
5 24 -11.2 -0.01 -6.2 -11.4 -4.1 -5.4 -12.5 -0.01 -2.1 -9.8 -4.2 -8
5 24 7.1 -17.9 14.9 9.9 -21.1 13 7.6 -20.9 13.2 9.4 -17.9 14.4
5 24 -14.5 -11.4 -2.9 -15.3 -10.3 -1.4 -17 -11.9 -0.6 -12 -9 -4.3
5 24 4.2 -60.7 4.7 4.9 -60.8 7 6 -55.5 6.8 3.7 -64.1 7.3
5 24 -8.5 -11.3 -7.1 -6 -12.1 -7.6 -8.6 -12.8 -6.1 -6 -9.6 -8.7
5 24 -3.1284 -65.3284 2.4 -3.3 -65.2 -1 -4.3 -63.8 -0.7 -1.8 -66.6 -1.3
5 24 -17.2 -11 5.7 -15 -9.3 6.2 -15.3 -9.1 3.5 -16.4 -11.5 7.8
5 24 -17 -11.9 -0.6 -18.3 -13.4 0 -16.3 -13.3 -1.8 -18.8 -12.7 1.4
5 24 4.6 -50 -1.6 4.7 -50.7 0.6 7.8 -47.9 -0.8 0 -51.9 0.4
5 24 -1.7 -18.2 10 -4.6 -0.01 9.2 -4 -18.2 8.3 -1.7 -0.01 10
5 24 -13.3 -13.1 -3.4 -10.9 -10.5 -4.8 -9.7 -11.9 -4.4 -14.5 -11.4 -2.9
5 24 14.5 -49.4 6.6 14.9 -49 4.3 15.6 -46.9 6.7 13.8 -52.2 3.8
5 24 3.7 -64.1 7.3 4.9 -67.9 8.9 3.1 -65 7.8 5.5 -66.3 8.5
5 24 -10.4 -45.5 1.4 -11.7 -45.5 1.5 -10.6 -44.9 3.2 -11.5 -45.6 0
5 24 -19.3 -14.4 0.6 -18.3 -13.4 0 -18.8 -12.7 1.4 -17.7 -14.7 -0.9
5 24 -14.7 -40.1 2.6 -14.9 -40 3.1 -15.2 -42.1 2.4 -13.6 -38 2.9
5 24 8.6 -44.5 8.8 11.5 -47.2 9.2 11.9 -44.4 9.6 7.9 -46.6 8.3
5 24 -4.9 -5.2 -1.8 -4 -18.2 -1.1 -3.5 -5.2 -2.2 -5.6 -18.2 0.3
5 24 13.7 -38 3 14.5 -39.4 2.9 13.8 -39.6 2.5 14.9 -39.4 3.9
5 24 4.9 -67.9 8.9 5.5 -66.3 8.5 3.7 -64.1 7.3 6.9 -67.8 7.5
5 24 15.1 -44.9 8.2 15.6 -46.9 6.7 13.9 -47.1 8.2 16.5 -44.4 6.9
5 24 15.5 -42.9 8.7 15.1 -44.9 8.2 14 -43.8 9.2 16.5 -44.4 6.9
5 24 -7.2 -25.8 2.5 -5.9 -25.7 2.9 -5.7 -28.5 3.1 -7.5 -23.1 2.3
5 24 2.5 -72 7.5 5.3 -70.1 7.5 2.4 -69.5 10.1 5.6 -71.3 5.2
5 24 9.4 -5.8 8.6 10 -0.01 8.5 12.2 -0.01 4.9 7.2 -5.2 11.1
5 24 -13.3 -45 1.8 -14.6 -43.9 2.3 -13.2 -44.5 3.4 -14.6 -43.8 1.2
5 24 2 -66.9 -1.2 2.5 -69 -2 0 -67.2 -1.4 3.8 -65.7 -0.7
5 24 -8.9 -19.7 0 -10 -20.2 -0.5 -9.8 -21.7 0.8 -9.4 -18.7 -1.8
5 24 -17.7 -14.7 -0.9 -15.4 -15 -2 -16.3 -13.3 -1.8 -16.5 -16.2 -1.1
5 24 -10.1 -7.1 -5.4 -11.4 -4.1 -5.4 -10 -5.3 -7.3 -10.8 -6.2 -4.1
5 24 -10.9 -10.5 -4.8 -12 -9 -4.3 -9.5 -9 -5.6 -14.5 -11.4 -2.9
5 24 13.9 -45.2 1.7 14.7 -46.3 2.7 12.2 -47.3 1.2 15.1 -43.7 2.7
5 24 17.9 -21.9 7.4 17 -23.8 5.8 18.2 -20.1 5.9 16.3 -24 8
5 24 -3.8 -65 9.9 -4.5 -63.3 6.3 -3.1284 -65.3284 7 -4.9 -63.6 9.4
5 24 -1.8308 -66.1956 2.2 -0.3 -66.5 2.3 -0.3 -66.5 6.3 0 -67.2 -1.4
5 24 8.4 -9.1 -3.1 7.8 -8.5 -5.9 10.5 -6.5 -4.8 5.7 -9.1 -6.2
5 24 -10.2 -34.3 4 -8.7 -32 4.1 -10 -34.3 3 -8.7 -32.2 5.6
5 24 -3.1 -73.3 6.5 -3.3 -68.9 10.3 -6.1 -68.8 7.7 -1.9 -73.3 7.1
5 24 7.1 -17.9 14.9 9.4 -17.9 14.4 9.9 -21.1 13 6.6 -14.8 15.6
5 24 -4 -13.7 17 -4.5 -17 16.8 -6.9 -15.2 15.2 -2.4 -19.2 17.7
5 24 10.5 -6.3 4.8 12.2 -0.01 4.9 12.8 -0.01 2.5 9.4 -5.8 8.6
5 24 8.6 -22.7 10.8 11.6 -23.5 10.9 9.9 -21.1 13 9.6 -24 9.2
5 24 -14.2 -40.3 2.2 -14.9 -42 1.9 -14.7 -40.1 2.6 -14.4 -42.1 1.5
5 24 9 -25.7 10.4 10.9 -28 7.7 9.6 -24 9.2 10.3 -29 9.9
5 24 -4.5 -63.3 6.3 -3.1284 -65.3284 7 -3.8 -65 9.9 -3.1284 -65.3284 2.4
5 24 0 -51.9 0.4 -0.1 -52.1 3.4 -4.8 -51.2 0.5 3.7 -51.5 3.6
5 24 7.1 -60.9 8.1 7.9 -55.5 8.5 6 -55.5 6.8 9.5 -60.9 7.8
5 24 8.9 -45.5 -1.5 9.7 -45.4 -0.2 9.1 -46.3 -0.3 9.4 -44.8 -1
5 24 2.3 -5.3 -9.4 0.2 -5.4 -9.2 2 -3.3 -9.5 2.8 -7.7 -8.3
5 24 -10.2 -39.6 0 -11.2 -41.3 1.5 -11.1 -39.4 1.9 -11 -42.6 0.7
5 24 14.7 -46.3 2.7 16 -46.5 4.7 14.9 -49 4.3 16.2 -43.9 3.8
5 24 -10.9 -18.4 -2.4 -8.1 -17.1 -3.3 -9.4 -18.7 -1.8 -9.2 -16.3 -4.1
5 24 4.9 -46.7 9.9 0.3 -47.7 10.7 0.4 -42.9 12.8 4.5 -50.2 6.6
5 24 -8 -29.2 4.6 -7.7 -29.1 6.6 -7.3 -29.9 4.6 -8.8 -28.6 4.6
5 24 16.5 -44.4 6.9 15.6 -46.9 6.7 16 -46.5 4.7 15.1 -44.9 8.2
5 24 14.7 -21.4 11 16.3 -21.6 9.5 15.1 -23.4 9.6 14.5 -18.1 11.5
5 24 -0.4 -69.9 10.2 2.4 -69.5 10.1 -0.4 -67 10 2.5 -72 7.5
5 24 -11.3 -24.5 8 -13.4 -24 5.8 -12.5 -22.8 8 -11.8 -25.6 6.3
5 24 8.7 -6 -7.9 8.7 -7.4 -6.7 8 -6.5 -8.2 9.8 -6.1 -6.9
5 24 8.4 -9.1 -3.1 12.2 -10.8 -0.8 9.4 -11.2 -2 10.6 -7.6 -2.1
5 24 -12 -16.9 10.6 -10 -17.4 11 -9.5 -15.6 12.5 -10.4 -18.8 9.4
5 24 15 -41.3 2.4 14.6 -42.9 1.4 14.2 -41.2 2 15 -43.2 1.8
5 24 11.5 -47.2 9.2 13.9 -47.1 8.2 14 -45.2 8.7 12.9 -49.4 8.1
5 24 -4.2 -4.7 -10.1 -6.2 -7 -9.5 -3.5 -7.3 -9.3 -5.4 -4.8 -10.1
5 24 3.8 -21.8 -1 0.3 -24.8 -0.1 0.4 -22.1 -1.6 3.7 -24.7 0.9
5 24 -2.1 -66.5 10 -3.3 -68.9 10.3 -0.4 -67 10 -3.8 -65 9.9
5 24 -17.5 -18.6 5.8 -15.8 -19.6 5.5 -14.4 -19.7 6.9 -18.4 -18.9 3.8
5 24 6.6 -14.8 15.6 4.8 -12.4 16.3 5.1 -15.7 16.4 5.9 -11.4 15.5
5 24 -9.9 -26.2 8 -11.8 -25.6 6.3 -11.3 -24.5 8 -10.3 -27.1 6.5
5 24 -10.2 -39.6 0 -11.1 -39.4 1.9 -10.9 -37.7 1.7 -11.2 -41.3 1.5
5 24 -5.9 -25.7 2.9 -3.2 -24.6 0.6 -5.7 -22.7 0.6 -3.5 -27.9 1.4
5 24 2 -3.3 -9.5 0.1 -0.01 -9.2 0.1 -3.5 -9.4 1.7 -0.01 -9.4
5 24 14.5 -39.4 2.9 15 -41.3 2.4 14.2 -41.2 2 15.5 -41.5 3.4
5 24 4 -19.3 -2.8 0.8 -17.1 -4.3 0.6 -19.7 -3.1 3.8 -16.7 -4
5 24 -7.5 -63.9 6 -8.2 -65.2 2.2 -8.2 -65.6 5.7 -7.1 -63.5 2.2
5 24 -9.8 -4.2 -8 -9.2 -5 -8.8 -8.2 -3.5 -8.9 -10 -5.3 -7.3
5 24 -13.3 -13.1 -3.4 -13.9 -16.2 -1.6 -15.4 -15 -2 -11.7 -14.3 -2.9
5 24 0 -50.8 -2.3 0 -49 -4.2 -4.1 -48 -4 4.1 -48 -4
5 24 -10.6 -44.9 3.2 -11.7 -45.5 1.5 -10.4 -45.5 1.4 -12 -44.7 3.3
5 24 10.9 -28 7.7 12 -30.8 7.4 10.3 -29 9.9 10.6 -28.9 5.8
5 24 2.5 -72 7.5 2.4 -69.5 10.1 -0.4 -69.9 10.2 5.3 -70.1 7.5
5 24 5.3 -55.4 4.5 6 -55.5 6.8 4.2 -60.7 4.7 6.7 -52.2 7.5
5 24 -9.7 -37 -0.3 -10.2 -39.6 0 -10.9 -37.7 1.7 -9.1 -39.2 -2
5 24 15.1 -44.9 8.2 13.9 -47.1 8.2 14 -45.2 8.7 15.6 -46.9 6.7
5 24 -4 -18.2 8.3 -6.8 -0.01 7.6 -4.6 -0.01 9.2 -6.1 -18.2 7
5 24 -16.4 -11.5 7.8 -17.8 -13.7 7.4 -14.9 -11.7 9.7 -19.1 -13.1 5.2
5 24 -10.8 -43.6 4.7 -8.4 -46.8 6.2 -8.2 -44.3 8.7 -10.6 -44.9 3.2
5 24 10.9 -35.1 2.7 12.5 -36.5 3 12.7 -36.2 3.7 11 -35.8 2.2
5 24 -1.4142 -23.0142 17.0757 -3.7 -26.4 14 0.1 -26.9 15.2 -1.8478 -22.3654 17.2704
5 24 5.8 -66.8 -0.6 4.8 -68.2 -0.9 3.8 -65.7 -0.7 7.2 -68.1 0.9
5 24 15.1 -43.4 2.3 13.9 -45.2 1.7 15.1 -43.7 2.7 13.8 -44.9 1
5 24 11.2 -60.8 3.5 9.4 -66.1 3.2 8.9 -65.8 5.9 8.4 -65.6 1
5 24 13.9 -35.8 5.1 14.1 -35.5 7.1 12.7 -33.7 5.3 15.5 -37.8 6.5
5 24 14.1 -35.5 7.1 15.5 -37.8 6.5 13.9 -36.1 8.4 13.9 -35.8 5.1
5 24 9.2 -55.5 0.4 7.8 -52.2 0.7 7.1 -55.5 0.6 10.3 -52.2 0.7
5 24 0.4 -42.9 12.8 4.8 -42.3 11.8 4.9 -46.7 9.9 4.4 -37.5 12.3
5 24 -10.8 -41.7 6.1 -8.2 -44.3 8.7 -8 -41.1 10.1 -10.8 -43.6 4.7
5 24 9.9 -12.7 -1.5 13.9 -14.4 0.3 11.1 -15.6 -0.5 12.2 -10.8 -0.8
5 24 13.3 -43.6 0.5 13.5 -44 0.4 14 -42.7 1.3 11.9 -43.7 0.1
5 24 -10 -20.2 -0.5 -9.8 -21.7 0.8 -11.3 -22.4 0.8 -8.9 -19.7 0
5 24 14.3 -25 7.5 9.8 -23.5 6.4 10.1 -24.4 7.6 14.8 -24.8 5.5
5 24 -8.3 -27.6 3.2 -8 -29.2 4.6 -8.8 -28.6 4.6 -7.3 -29.9 4.6
5 24 -8.7 -21 1.3 -8.5 -23.5 1.9 -7.5 -23.1 2.3 -9.8 -21.7 0.8
5 24 -14.6 -43.9 2.3 -15.2 -42.1 2.4 -15.3 -42.2 2.9 -14.6 -43.8 1.2
5 24 9.3 -26.4 5.5 10.9 -28 7.7 9.8 -23.5 6.4 10.6 -28.9 5.8
5 24 -17.7 -14.7 -0.9 -19.3 -14.4 0.6 -18.3 -13.4 0 -18.7 -15.9 -0.1
5 24 -3 -0.01 -9.5 -1.8 -3.7 -9.6 -1.5 -0.01 -9.4 -3.5 -3.7 -9.6
5 24 16.7 -18.6 9.1 16 -15.1 8.1 13.7 -14.5 11.1 18.2 -20.1 5.9
5 24 16.9 -22 3.6 16 -19.3 2 14.1 -23.5 3.3 18.2 -20.1 5.9
5 24 -1.8 -8.6 -6.1 0.1 -7.8 -5.9 -1.5 -9.2 -3.8 -2.3 -7.9 -8.1
5 24 -8.2 -65.6 5.7 -6.1 -69.7 1.9 -8.2 -65.2 2.2 -6.3 -69.4 5.1
5 24 2.7 -11.3 -4.2 0.5 -10.7 -4.3 1.3 -12.8 -4.8 3.2 -9.7 -3.7
5 24 2.7 -11.3 -4.2 1.3 -12.8 -4.8 3.1 -13.1 -4.5 0.5 -10.7 -4.3
5 24 -11.9 -20.3 -0.8 -10.9 -18.4 -2.4 -12.6 -17.6 -2.4 -10 -20.2 -0.5
5 24 8.1 -68.9 2.9 5.6 -71.5 2.8 5.6 -71.3 5.2 5.5 -70.6 1.1
5 24 13.5 -44 0.4 14 -42.7 1.3 14.6 -42.9 1.4 13.3 -43.6 0.5
5 24 5.9 -25.3 12.9 6.6 -28.6 12.4 4.1 -26.6 13.5 8 -26.9 11.6
5 24 1.95 -34.6 4.4 3.1 -18.2 1.5 4.1 -18.2 2.9 1.5 -34.6 3.7
5 24 16 -15.1 8.1 12.5 -10.9 10.3 13.7 -14.5 11.1 14.4 -11.5 7
5 24 14.9 -39.4 3.9 13.7 -38 3 14 -37.7 4 14.5 -39.4 2.9
5 24 3.7 -24.7 0.9 0.3 -24.8 -0.1 3.5 -27.9 1.4 3.8 -21.8 -1
5 24 7.8 -47.9 -0.8 4.6 -50 -1.6 4.7 -50.7 0.6 7.3 -46.6 -2.8
5 24 9.1 -46.3 -0.3 10.2 -45.8 0.6 9.7 -45.4 -0.2 9.4 -46.7 0.8
5 24 -17 -11.9 -0.6 -17.2 -11.1 1.1 -18.8 -12.7 1.4 -15.3 -10.3 -1.4
5 24 -1.1 -4.7 13.3 3.5 -0.01 12.7 -1.6 -0.01 13 3.6 -5 12.9
5 24 12.7 -21.7 12 11.8 -18 13.4 9.4 -17.9 14.4 14.7 -21.4 11
5 24 -3.6 -21.6 16.4 -1.8478 -20.8346 17.7296 -2 -21.6 17.5 -2.4 -19.2 17.7
5 24 6.4 -65.2 -0.5 6 -60.8 -0.2 4.6 -64.4 -0.4 8.1 -60.9 0
5 24 -16.2 -17.4 7.9 -17.5 -18.6 5.8 -14.4 -19.7 6.9 -18.8 -17.5 5.6
5 24 -12.4 -39.6 2.3 -11.1 -39.4 1.9 -12.1 -37.9 2.3 -11.2 -41.3 1.5
5 24 17.4 -17 4.4 15.5 -12.7 2.9 13.9 -14.4 0.3 16 -15.1 8.1
5 24 8.4 -65.6 1 5.8 -66.8 -0.6 7.2 -68.1 0.9 6.4 -65.2 -0.5
5 24 1.3 -12.8 -4.8 1 -14.8 -4.8 3.6 -14.4 -4.5 -0.2 -12.7 -4.9
5 24 -6 -20.4 15 -3.6 -24.2 15.3 -3.6 -21.6 16.4 -7 -22.8 12.8
5 24 -9.8 -21.7 0.8 -11.3 -22.4 0.8 -10 -20.2 -0.5 -10 -24.2 1.8
5 24 4.9 -67.9 8.9 3.1 -65 7.8 3.7 -64.1 7.3 2.5 -65.8 8.3
5 24 -14 -42.5 4.4 -13.2 -44.5 3.4 -14.3 -43.8 3.4 -12.4 -43.2 4.8
5 24 9.3 -0.01 -8.3 9.5 -2.5 -8.5 10.7 -0.01 -7 7.6 -2.5 -9.2
5 24 6.7 -2.7 -9.8 7.6 -5 -9.1 7.6 -2.5 -9.2 5.4 -3 -10.1
5 24 4.8 -68.2 -0.9 3.8 -65.7 -0.7 2.5 -69 -2 5.8 -66.8 -0.6
5 24 -10.9 -39.8 6.6 -12.1 -39.2 6.1 -10.8 -38 6.5 -12.5 -41.2 5.7
5 24 9.5 -33.8 3.2 10.9 -35.1 2.7 11.1 -34.7 3.6 9.3 -34 2
5 24 13.8 -24.2 9.5 12.7 -21.7 12 11.6 -23.5 10.9 15.1 -23.4 9.6
5 24 -13.3 -13.1 -3.4 -14.5 -11.4 -2.9 -16.3 -13.3 -1.8 -10.9 -10.5 -4.8
5 24 -8.5 -23.6 9.9 -8.7 -19.7 12.1 -9.3 -21.3 9.9 -7 -22.8 12.8
5 24 16.8 -44.1 5.1 16.6 -41.5 4.2 16.2 -43.9 3.8 17.1 -41.6 5.7
5 24 -10.9 -10.5 -4.8 -9.3 -10.6 -5.3 -9.5 -9 -5.6 -9.7 -11.9 -4.4
5 24 4.6 -5.1 -9.2 2.3 -5.3 -9.4 2.8 -7.7 -8.3 3.8 -3.1 -9.6
5 24 -3.1284 -65.3284 7 -3.8 -65 9.9 -2.1 -66.5 10 -4.5 -63.3 6.3
5 24 -3.9 -13.4 -4.5 -6.4 -15.1 -4.9 -5.9 -15.6 -3.9 -4.8 -13 -6.4
5 24 3.5 -27.9 1.4 6.3 -30.4 0 3.2 -28.2 -0.5 5.9 -29.1 3.5
5 24 4.6 -5.1 -9.2 2.8 -7.7 -8.3 5.2 -7.6 -8 2.3 -5.3 -9.4
5 24 10.2 -39.6 0 9.5 -42.8 -1.3 10.3 -42.8 0.3 9.1 -39.2 -2
5 24 2.7 -24.3 15.9 2.8 -28.8 13.1 0.1 -26.9 15.2 4.1 -26.6 13.5
5 24 -1 -72.7 -1.1 -2.9 -73 -0.5 -1.8 -73.7 1.7 -2.9 -68.4 -2.3
5 24 -7.3 -17.3 -2.7 -9.4 -18.7 -1.8 -8.1 -17.1 -3.3 -8.4 -18.7 -1.2
5 24 -7.5 -14.2 -5.8 -6 -12.1 -7.6 -8.6 -12.8 -6.1 -4.8 -13 -6.4
5 24 2.8 -28.8 13.1 5 -30.6 12.4 4.2 -32.8 11.4 4.1 -26.6 13.5
5 24 15.5 -41.5 3.4 15.1 -43.4 2.3 15.1 -43.7 2.7 15 -43.2 1.8
5 24 -11.3 -22.4 0.8 -10 -20.2 -0.5 -9.8 -21.7 0.8 -11.9 -20.3 -0.8