0 ~Animal Lamb without Eyes Areas
0 Name: s\1569s01.dat
0 Author: Philippe Hurbain [Philo]
0 !LDRAW_ORG Subpart UPDATE 2026-03
0 !LICENSE Licensed under CC BY 4.0 : see CAreadme.txt

0 BFC CERTIFY CCW

0 !HISTORY 2026-03-31 [OrionP] Official Update 2026-03

1 16 0 0 0 1 0 0 0 1 0 0 0 1 s\1569s02.dat
1 16 0 0 0 -1 0 0 0 1 0 0 0 1 s\1569s02.dat
2 24 -0.8 -25.8 -23.7 0.8 -25.8 -23.7
2 24 -0.3 -35 -23.6 0.3 -35 -23.6
2 24 0.6 -39.1 -18.9 -0.6 -39.1 -18.9
2 24 -0.9 -26.1 -18.5 0.9 -26.1 -18.5
3 16 0.9 -26.1 -18.5 -0.9 -26.1 -18.5 0 -25.45 -17.75
3 16 0.8 -25.8 -23.7 0 -25.4 -24.5 -0.8 -25.8 -23.7
4 16 0.8 -25.8 -23.7 -0.8 -25.8 -23.7 -0.3 -35 -23.6 0.3 -35 -23.6
4 16 1.2 -39 -22.3 0.3 -35 -23.6 -0.3 -35 -23.6 -1.2 -39 -22.3
4 16 1.2 -39 -22.3 -1.2 -39 -22.3 -0.5 -39.3 -19.6 0.5 -39.3 -19.6
4 16 0.6 -39.1 -18.9 0.5 -39.3 -19.6 -0.5 -39.3 -19.6 -0.6 -39.1 -18.9
4 16 0.9 -26.1 -18.5 0.6 -39.1 -18.9 -0.6 -39.1 -18.9 -0.9 -26.1 -18.5
2 24 1.2 -39 -22.3 -1.2 -39 -22.3
3 16 -5.7 -19.6 -14.6 -8.6249 -20.604 -13.2 -7.2 -17.6 -13.8
3 16 -7.2 -17.6 -13.8 -8.6249 -20.604 -13.2 -8.7243 -17.5008 -12.3
3 16 -8.7243 -17.5008 -12.3 -8.8465 -13.7015 -13.4 -7.2 -17.6 -13.8
3 16 -7.2 -17.6 -13.8 -8.8465 -13.7015 -13.4 -7.3 -13.9 -14.5
3 16 -7.3 -13.9 -14.5 -8.8465 -13.7015 -13.4 -7.6 -9.2 -15.5
3 16 -7.6 -9.2 -15.5 -8.8465 -13.7015 -13.4 -9.001 -8.9 -14.4
3 16 -9.0847 -6.2995 -15.3 -7.6 -9.2 -15.5 -9.001 -8.9 -14.4
3 16 -7.8 -6.3 -16.7 -7.6 -9.2 -15.5 -9.0847 -6.2995 -15.3
3 16 -9.2 -5.5 -15.8 -7.8 -6.3 -16.7 -9.0847 -6.2995 -15.3
3 16 -7.9 -5.6 -17.1 -7.8 -6.3 -16.7 -9.2 -5.5 -15.8
3 16 -8.7 -4.5 -18 -9.2 -5.5 -15.8 -9.6 -4.4 -16.7
3 16 -9.2 -5.5 -15.8 -8.7 -4.5 -18 -7.9 -5.6 -17.1
3 16 -9.6 -2.4 -17.3 -8.7 -4.5 -18 -9.6 -4.4 -16.7
3 16 -8.9 -2.3 -18.3 -8.7 -4.5 -18 -9.6 -2.4 -17.3
3 16 -9.6 -2.4 -17.3 -9.7 0 -17.6 -8.9 -2.3 -18.3
3 16 -8.9 -2.3 -18.3 -9.7 0 -17.6 -9 0 -18.5
3 16 1.8 -19.7 13.9 6.8 -20.9 13.9 7 -18.2 13.4
3 16 1.8 -19.7 13.9 7 -18.2 13.4 1.4 -18.8 13.7
3 16 2.7 -16.7 13.5 1.4 -18.8 13.7 7 -18.2 13.4
3 16 2.7 -16.7 13.5 1.2 -16.8 13.5 1.4 -18.8 13.7
3 16 1.4 -18.8 13.7 1.2 -16.8 13.5 0.7 -18.2 13.6
3 16 7.2 -16.2 13.5 2.7 -16.7 13.5 7 -18.2 13.4
3 16 2.2 -15.1 13.9 2.7 -16.7 13.5 7.2 -16.2 13.5
3 16 7.2 -16.2 13.5 7.4 -14 14.2 2.2 -15.1 13.9
3 16 2.2 -15.1 13.9 7.4 -14 14.2 2.3 -14.1 14.1
3 16 2.3 -14.1 14.1 7.4 -14 14.2 2.3 -11.4 14.5
3 16 2.3 -11.4 14.5 7.4 -14 14.2 7.6 -11.3 14.4
4 16 1.2 -16.8 13.5 0.1 -17.2 13.7 0.1 -18 13.7 0.7 -18.2 13.6
4 16 1.2 -16.8 13.5 2.7 -16.7 13.5 2.2 -15.1 13.9 1.1 -16 13.7
3 16 0.1 -17.2 13.7 1.2 -16.8 13.5 0.1 -16.4 14
3 16 0.1 -16.4 14 1.2 -16.8 13.5 1.1 -16 13.7
3 16 2.3 -11.4 14.5 7.6 -11.3 14.4 3.9 -8.8 13.6
4 16 3.9 -8.8 13.6 7.6 -11.3 14.4 8.6 -5.7 12.4 6.4 -5.9 12.5
3 16 6.9 -4.8 12.4 6.4 -5.9 12.5 8.6 -5.7 12.4
3 16 6.9 -4.8 12.4 8.6 -5.7 12.4 8.8 -4.9 12.3
3 16 8.9 -4.2 12.3 6.9 -4.8 12.4 8.8 -4.9 12.3
3 16 8.9 -4.2 12.3 7 -3.6 12.3 6.9 -4.8 12.4
3 16 9.1 0 12 7 -3.6 12.3 8.9 -4.2 12.3
3 16 9.1 0 12 7 0 12 7 -3.6 12.3
3 16 7 0 12 6.5 -1.1 11.4 7 -3.6 12.3
3 16 6.3 -4.5 11.8 6.4 -5.9 12.5 6.9 -4.8 12.4
3 16 7 -3.6 12.3 6.3 -4.5 11.8 6.9 -4.8 12.4
3 16 6.3 -4.5 11.8 5.4 -5.3 12 6.4 -5.9 12.5
3 16 5.4 -5.3 12 3.9 -8.8 13.6 6.4 -5.9 12.5
3 16 7 -3.6 12.3 6.5 -3.6 11.7 6.3 -4.5 11.8
3 16 6.5 -3.6 11.7 7 -3.6 12.3 6.5 -1.1 11.4
3 16 5.4 -5.3 12 4.1 -5.5 12.1 3.9 -8.8 13.6
3 16 0 -18.7 -14.25 -5.7 -19.6 -14.6 -7.2 -17.6 -13.8
3 16 -7.2 -17.6 -13.8 -2.2 -17.5 -14.2 0 -18.7 -14.25
3 16 0 -18.7 -14.25 1.5 -16.5 -13.3 7.3 -16.9 -12.8
3 16 7.3 -16.9 -12.8 5.7 -19.6 -14.6 0 -18.7 -14.25
4 16 7.3 -16.9 -12.8 2.2 -15.8 -13.1 2.4 -11.2 -13.1 7.4 -11.4 -12.8
3 16 7.4 -11.4 -12.8 2.4 -11.2 -13.1 2.5 -7.5 -13.6
3 16 7.4 -11.4 -12.8 2.5 -7.5 -13.6 7.8 -5.9 -13.7
3 16 2.5 -7.5 -13.6 2.7 -6.4 -13.8 7.8 -5.9 -13.7
3 16 7.8 -5.9 -13.7 2.7 -6.4 -13.8 3.5 -5.2 -14.6
3 16 7.8 -5.9 -13.7 3.5 -5.2 -14.6 8.2 -5 -14.8
3 16 4.3 -4.6 -15.2 8.2 -5 -14.8 3.5 -5.2 -14.6
3 16 8.6 -3.7 -15.5 8.2 -5 -14.8 4.3 -4.6 -15.2
3 16 4.3 -4.6 -15.2 5 -3.5 -15.5 8.6 -3.7 -15.5
3 16 8.6 -3.7 -15.5 5 -3.5 -15.5 5.2 -1.5 -15.9
3 16 8.6 -3.7 -15.5 5.2 -1.5 -15.9 8.9 -1.6 -15.8
4 16 5.2 -1.5 -15.9 5.2 0 -15.9 8.9 0 -15.8 8.9 -1.6 -15.8
3 16 1.5 -16.5 -13.3 2.2 -15.8 -13.1 7.3 -16.9 -12.8
3 16 0.7 -16.9 -13.5 1.5 -16.5 -13.3 0 -18.7 -14.25
3 16 0 -18.7 -14.25 -0.2 -16.9 -13.7 0.7 -16.9 -13.5
3 16 -2.2 -17.5 -14.2 -0.2 -16.9 -13.7 0 -18.7 -14.25
3 16 -2.2 -17.5 -14.2 -1.4 -16.5 -13.9 -0.2 -16.9 -13.7
3 16 -2.2 -17.5 -14.2 -2.2 -15.6 -14.1 -1.4 -16.5 -13.9
3 16 -8.7625 -16.202 0.8 -8.77 -16.0022 -3.3 -8.7512 -16.6016 -5
4 16 -8.77 -16.0022 -3.3 -8.7625 -16.202 0.8 -8.7949 -15.203 -0.4 -8.7952 -15.2031 -1.6
4 16 -8.7512 -16.6016 -5 -8.6249 -20.604 -13.2 -8.7452 -16.7015 5.4 -8.7625 -16.202 0.8
3 16 -8.7551 -16.4018 4.4 -8.7843 -15.5027 3.2 -8.7718 -15.9023 2
4 16 -8.7718 -15.9023 2 -8.7625 -16.202 0.8 -8.7452 -16.7015 5.4 -8.7551 -16.4018 4.4
4 16 -8.6249 -20.604 -13.2 -8.6181 -20.6006 12.6 -8.6919 -18.3029 12.6 -8.7452 -16.7015 5.4
3 16 -8.7452 -16.7015 5.4 -8.6919 -18.3029 12.6 -8.7611 -16.202 6
4 16 -8.7611 -16.202 6 -8.6919 -18.3029 12.6 -8.7527 -16.4017 13.3 -8.8442 -13.5982 7.8
4 16 -8.8442 -13.5982 7.8 -8.7527 -16.4017 13.3 -8.8165 -14.4005 15.1 -8.9333 -10.8011 10.6
4 16 -8.8165 -14.4005 15.1 -8.8739 -12.5992 16.6 -9.0196 -8.1006 11.9 -8.9333 -10.8011 10.6
4 16 -8.8739 -12.5992 16.6 -8.9797 -9.2993 17.2 -9.0791 -6.2025 17.3 -9.0196 -8.1006 11.9
3 16 -9.0791 -6.2025 17.3 -9.0742 -6.3992 11.9 -9.0196 -8.1006 11.9
3 16 -9.0791 -6.2025 17.3 -9.2 -5.4 11.6 -9.0742 -6.3992 11.9
3 16 -9.0791 -6.2025 17.3 -9.2 -5.4 17.7 -9.2 -5.4 11.6
3 16 -9.7 -4.2 18 -9.2 -5.4 11.6 -9.2 -5.4 17.7
3 16 -9.7 -4.2 18 -9.6 -4.2 10.8 -9.2 -5.4 11.6
3 16 -9.7 -1.1 18.1 -9.6 -4.2 10.8 -9.7 -4.2 18
3 16 -9.7 -1.1 18.1 -9.7 -1 10 -9.6 -4.2 10.8
4 16 -9.7 -1.1 18.1 -9.7 0 18.1 -9.7 0 10 -9.7 -1 10
3 16 -1.8 -19.7 13.9 -6.9 -18.6 13.5 -6.8 -20.9 13.9
3 16 -6.9 -18.6 13.5 -1.8 -19.7 13.9 -1.5 -18.7 13.9
3 16 -6.9 -18.6 13.5 -1.5 -18.7 13.9 -7.1 -16.6 14
3 16 -1 -18 14.1 -7.1 -16.6 14 -1.5 -18.7 13.9
3 16 -1 -18 14.1 -1.8 -15.5 15.1 -7.1 -16.6 14
3 16 -1.1 -16 14.8 -1.8 -15.5 15.1 -1 -18 14.1
3 16 -7.3 -14.6 15.6 -7.1 -16.6 14 -1.8 -15.5 15.1
3 16 -7.3 -14.6 15.6 -1.8 -15.5 15.1 -2.3 -14.3 16.1
3 16 -2.3 -14.3 16.1 -7.4 -13 17.1 -7.3 -14.6 15.6
3 16 -2.3 -14.3 16.1 -2.4 -12.7 17.5 -7.4 -13 17.1
4 16 -2.4 -9.2 18.5 -7.6 -9.4 18.1 -7.4 -13 17.1 -2.4 -12.7 17.5
4 16 -2.4 -9.2 18.5 -2.5 -6 18.5 -8 -6.1 18.1 -7.6 -9.4 18.1
3 16 0 -17.6 14.3 -1.1 -16 14.8 -1 -18 14.1
3 16 0 -17.6 14.3 0 -16.2 14.7 -1.1 -16 14.8
3 16 -8 -6.1 18.1 -2.5 -6 18.5 -2.6 -5.2 18.8
3 16 -8 -6.1 18.1 -2.6 -5.2 18.8 -8.4 -5.3 18.5
3 16 -8.4 -5.3 18.5 -2.6 -5.2 18.8 -2.6 -4.1 19
3 16 -8.4 -5.3 18.5 -2.6 -4.1 19 -9 -4.2 18.7
3 16 -2.7 -0.9 19.1 -9 -4.2 18.7 -2.6 -4.1 19
3 16 -2.7 -0.9 19.1 -9.1 -1.1 18.7 -9 -4.2 18.7
4 16 -9.1 -1.1 18.7 -2.7 -0.9 19.1 -2.7 0 19.1 -9 0 18.7
3 16 -6.9 -18.6 13.5 -8.6181 -20.6006 12.6 -6.8 -20.9 13.9
3 16 -6.9 -18.6 13.5 -8.6919 -18.3029 12.6 -8.6181 -20.6006 12.6
3 16 -7.1 -16.6 14 -8.6919 -18.3029 12.6 -6.9 -18.6 13.5
3 16 -7.1 -16.6 14 -8.7527 -16.4017 13.3 -8.6919 -18.3029 12.6
3 16 -8.8165 -14.4005 15.1 -8.7527 -16.4017 13.3 -7.1 -16.6 14
4 16 -7.1 -16.6 14 -7.3 -14.6 15.6 -8.8739 -12.5992 16.6 -8.8165 -14.4005 15.1
3 16 -8.8739 -12.5992 16.6 -7.3 -14.6 15.6 -7.4 -13 17.1
3 16 -7.6 -9.4 18.1 -8.8739 -12.5992 16.6 -7.4 -13 17.1
3 16 -7.6 -9.4 18.1 -8.9797 -9.2993 17.2 -8.8739 -12.5992 16.6
3 16 -8 -6.1 18.1 -8.9797 -9.2993 17.2 -7.6 -9.4 18.1
3 16 -8 -6.1 18.1 -9.0791 -6.2025 17.3 -8.9797 -9.2993 17.2
3 16 -9.2 -5.4 17.7 -9.0791 -6.2025 17.3 -8 -6.1 18.1
3 16 -9.2 -5.4 17.7 -8 -6.1 18.1 -8.4 -5.3 18.5
3 16 -9 -4.2 18.7 -9.2 -5.4 17.7 -8.4 -5.3 18.5
3 16 -9 -4.2 18.7 -9.7 -4.2 18 -9.2 -5.4 17.7
4 16 -9.7 -4.2 18 -9 -4.2 18.7 -9.1 -1.1 18.7 -9.7 -1.1 18.1
3 16 -9.1 -1.1 18.7 -9.7 0 18.1 -9.7 -1.1 18.1
3 16 -9.1 -1.1 18.7 -9 0 18.7 -9.7 0 18.1
4 16 -2.5 -6.1 -16.9 -7.8 -6.3 -16.7 -7.9 -5.6 -17.1 -2.6 -5.4 -17.3
3 16 -2.4 -9.1 -15.6 -7.8 -6.3 -16.7 -2.5 -6.1 -16.9
3 16 -2.4 -9.1 -15.6 -7.6 -9.2 -15.5 -7.8 -6.3 -16.7
3 16 -2.5 -4.5 -18.3 -2.6 -5.4 -17.3 -7.9 -5.6 -17.1
3 16 -2.5 -4.5 -18.3 -7.9 -5.6 -17.1 -8.7 -4.5 -18
3 16 -8.7 -4.5 -18 -2.7 -2.3 -18.5 -2.5 -4.5 -18.3
3 16 -8.7 -4.5 -18 -8.9 -2.3 -18.3 -2.7 -2.3 -18.5
3 16 -7.3 -13.9 -14.5 -7.6 -9.2 -15.5 -2.4 -9.1 -15.6
4 16 -2.7 -2.3 -18.5 -8.9 -2.3 -18.3 -9 0 -18.5 -2.8 0 -18.7
4 16 -2.4 -9.1 -15.6 -2.2 -15.5 -14.4 -7.2 -17.6 -13.8 -7.3 -13.9 -14.5
3 16 -2.2 -15.5 -14.4 -2.2 -17.5 -14.2 -7.2 -17.6 -13.8
4 16 -8.7952 -15.2031 -1.6 -8.7949 -15.203 -0.4 -7.2 -14.3 -0.3 -7.2 -14.3 -1.6
3 16 -7.2 -14.5 -3.2 -8.7952 -15.2031 -1.6 -7.2 -14.3 -1.6
3 16 -8.7952 -15.2031 -1.6 -7.2 -14.5 -3.2 -7.3 -14.8 -4.7
3 16 -7.3 -14.8 -4.7 -8.77 -16.0022 -3.3 -8.7952 -15.2031 -1.6
3 16 -7.3 -14.8 -4.7 -8.7512 -16.6016 -5 -8.77 -16.0022 -3.3
3 16 -8.7949 -15.203 -0.4 -7.2 -14.4 0.8 -7.2 -14.3 -0.3
3 16 -8.7949 -15.203 -0.4 -8.7625 -16.202 0.8 -7.2 -14.4 0.8
3 16 -7.2 -14.4 0.8 -8.7718 -15.9023 2 -8.7843 -15.5027 3.2
3 16 -7.2 -14.4 0.8 -8.7625 -16.202 0.8 -8.7718 -15.9023 2
3 16 -8.7843 -15.5027 3.2 -7 -14.5 2.1 -7.2 -14.4 0.8
3 16 -7 -14.5 2.1 -8.7843 -15.5027 3.2 -7.1 -14.7 3.2
3 16 -8.7843 -15.5027 3.2 -7 -14.9 4.3 -7.1 -14.7 3.2
3 16 -7 -14.9 4.3 -8.7551 -16.4018 4.4 -8.7452 -16.7015 5.4
3 16 -7 -14.9 4.3 -8.7843 -15.5027 3.2 -8.7551 -16.4018 4.4
3 16 -8.7452 -16.7015 5.4 -7 -14.9 5.4 -7 -14.9 4.3
4 16 -8.8465 -13.7015 -13.4 -8.7243 -17.5008 -12.3 -8.7512 -16.6016 -5 -8.9414 -10.7013 -7.8
4 16 -8.8465 -13.7015 -13.4 -8.9414 -10.7013 -7.8 -9.0864 -6.1996 -9.5 -9.001 -8.9 -14.4
3 16 -9.001 -8.9 -14.4 -9.0864 -6.1996 -9.5 -9.0847 -6.2995 -15.3
3 16 -8.6249 -20.604 -13.2 -8.7512 -16.6016 -5 -8.7243 -17.5008 -12.3
4 16 -9.0864 -6.1996 -9.5 -9.2 -5.4 -9.6 -9.2 -5.5 -15.8 -9.0847 -6.2995 -15.3
3 16 -9.6 -4.5 -9.7 -9.2 -5.5 -15.8 -9.2 -5.4 -9.6
3 16 -9.6 -4.5 -9.7 -9.6 -4.4 -16.7 -9.2 -5.5 -15.8
3 16 -9.7 -2 -9.7 -9.6 -4.4 -16.7 -9.6 -4.5 -9.7
4 16 -9.7 0 -9.7 -9.6 -2.4 -17.3 -9.6 -4.4 -16.7 -9.7 -2 -9.7
3 16 -9.7 0 -9.7 -9.7 0 -17.6 -9.6 -2.4 -17.3
3 16 -8.9414 -10.7013 -7.8 -7.3 -14.8 -4.7 -7.8 -10.1 -6.6
3 16 -8.9414 -10.7013 -7.8 -8.7512 -16.6016 -5 -7.3 -14.8 -4.7
3 16 -8 -6.1 -8.1 -8.9414 -10.7013 -7.8 -7.8 -10.1 -6.6
3 16 -8 -6.1 -8.1 -9.0864 -6.1996 -9.5 -8.9414 -10.7013 -7.8
4 16 -8 -6.1 -8.1 -8.2 -5.3 -8.3 -9.2 -5.4 -9.6 -9.0864 -6.1996 -9.5
3 16 -8.5 -4.4 -8.3 -9.2 -5.4 -9.6 -8.2 -5.3 -8.3
3 16 -8.5 -4.4 -8.3 -9.6 -4.5 -9.7 -9.2 -5.4 -9.6
3 16 -8.9 -1.9 -8.6 -9.6 -4.5 -9.7 -8.5 -4.4 -8.3
3 16 -8.9 -1.9 -8.6 -9.7 -2 -9.7 -9.6 -4.5 -9.7
3 16 -8.9 0 -8.7 -9.7 -2 -9.7 -8.9 -1.9 -8.6
3 16 -8.9 0 -8.7 -9.7 0 -9.7 -9.7 -2 -9.7
3 16 -7.2 -14.1 5.8 -7 -14.9 5.4 -8.7452 -16.7015 5.4
3 16 -8.7452 -16.7015 5.4 -8.7611 -16.202 6 -7.2 -14.1 5.8
3 16 -7.2 -14.1 5.8 -8.7611 -16.202 6 -8.8442 -13.5982 7.8
3 16 -7.2 -14.1 5.8 -8.8442 -13.5982 7.8 -7.5 -12.7 7.5
3 16 -8.8442 -13.5982 7.8 -7.9 -10.4 9.7 -7.5 -12.7 7.5
3 16 -8.8442 -13.5982 7.8 -8.9333 -10.8011 10.6 -7.9 -10.4 9.7
3 16 -8.9333 -10.8011 10.6 -8.2 -7.8 11.1 -7.9 -10.4 9.7
3 16 -8.9333 -10.8011 10.6 -9.0196 -8.1006 11.9 -8.2 -7.8 11.1
3 16 -8.2 -7.8 11.1 -9.0196 -8.1006 11.9 -9.0742 -6.3992 11.9
3 16 -8.2 -7.8 11.1 -9.0742 -6.3992 11.9 -8.3 -6.5 11
4 16 -8.3 -6.5 11 -9.0742 -6.3992 11.9 -9.2 -5.4 11.6 -8.4 -5.4 10.6
3 16 -9.2 -5.4 11.6 -9.6 -4.2 10.8 -8.4 -5.4 10.6
3 16 -9.6 -4.2 10.8 -8.8 -4.2 9.6 -8.4 -5.4 10.6
3 16 -9.6 -4.2 10.8 -9.7 -1 10 -8.8 -4.2 9.6
3 16 -9.7 -1 10 -9 -1.1 9.1 -8.8 -4.2 9.6
4 16 -9 -1.1 9.1 -9.7 -1 10 -9.7 0 10 -9 0 9.1
4 16 8.7896 -15.4029 -4.8 8.7638 -16.202 -4.1 8.6249 -20.604 -13.2 8.7338 -17.2011 -11.9
3 16 8.7732 -15.8991 -3.1 8.7592 -16.3019 1 8.7638 -16.202 -4.1
4 16 8.7732 -15.8991 -3.1 8.7985 -15.1032 -1.9 8.8045 -14.9034 -0.4 8.7592 -16.3019 1
4 16 8.7638 -16.202 -4.1 8.7592 -16.3019 1 8.6181 -20.6006 12.6 8.6249 -20.604 -13.2
3 16 8.7938 -15.2062 3 8.7485 -16.6016 5 8.7592 -16.3019 1
4 16 8.7592 -16.3019 1 8.7485 -16.6016 5 8.7017 -18 12.3 8.6181 -20.6006 12.6
4 16 8.7485 -16.6016 5 8.8285 -14.0977 6.4 8.769 -15.9022 12.5 8.7017 -18 12.3
4 16 8.8285 -14.0977 6.4 8.8829 -12.3995 6.9 8.8395 -13.6981 13.4 8.769 -15.9022 12.5
4 16 8.8395 -13.6981 13.4 8.8829 -12.3995 6.9 8.9502 -10.3016 7 8.9196 -11.2006 13.5
4 16 8.9196 -11.2006 13.5 8.9502 -10.3016 7 9.0856 -6.0995 5.3 9.1 -5.6 11.5
3 16 9.0856 -6.0995 5.3 9.2 -5.5 4.9 9.1 -5.6 11.5
3 16 9.4 -5 11.3 9.1 -5.6 11.5 9.2 -5.5 4.9
3 16 9.5 -4.8 4.3 9.4 -5 11.3 9.2 -5.5 4.9
3 16 9.6 -4.3 11.1 9.4 -5 11.3 9.5 -4.8 4.3
3 16 9.6 -4.3 4.1 9.6 -4.3 11.1 9.5 -4.8 4.3
4 16 9.6 -4.3 11.1 9.6 -4.3 4.1 9.7 0 3.3 9.7 0 10.9
3 16 7.3 -16.9 -12.8 8.7338 -17.2011 -11.9 8.6249 -20.604 -13.2
3 16 5.7 -19.6 -14.6 7.3 -16.9 -12.8 8.6249 -20.604 -13.2
3 16 8.9168 -11.5005 -11.9 8.7338 -17.2011 -11.9 7.3 -16.9 -12.8
3 16 7.4 -11.4 -12.8 8.9168 -11.5005 -11.9 7.3 -16.9 -12.8
3 16 9.1 -5.8 -12.5 8.9168 -11.5005 -11.9 7.4 -11.4 -12.8
3 16 7.8 -5.9 -13.7 9.1 -5.8 -12.5 7.4 -11.4 -12.8
3 16 9.1 -5.8 -12.5 7.8 -5.9 -13.7 9.3 -4.9 -13.5
3 16 7.8 -5.9 -13.7 8.2 -5 -14.8 9.3 -4.9 -13.5
3 16 9.6 -3.7 -14.3 9.3 -4.9 -13.5 8.2 -5 -14.8
3 16 8.6 -3.7 -15.5 9.6 -3.7 -14.3 8.2 -5 -14.8
3 16 9.7 -1.5 -14.5 9.6 -3.7 -14.3 8.6 -3.7 -15.5
3 16 8.9 -1.6 -15.8 9.7 -1.5 -14.5 8.6 -3.7 -15.5
3 16 9.7 0 -14.6 9.7 -1.5 -14.5 8.9 -1.6 -15.8
3 16 8.9 0 -15.8 9.7 0 -14.6 8.9 -1.6 -15.8
3 16 7 -18.2 13.4 6.8 -20.9 13.9 8.6181 -20.6006 12.6
3 16 8.7017 -18 12.3 7 -18.2 13.4 8.6181 -20.6006 12.6
4 16 7 -18.2 13.4 8.7017 -18 12.3 8.769 -15.9022 12.5 7.2 -16.2 13.5
3 16 7.4 -14 14.2 7.2 -16.2 13.5 8.769 -15.9022 12.5
3 16 8.8395 -13.6981 13.4 7.4 -14 14.2 8.769 -15.9022 12.5
3 16 7.6 -11.3 14.4 7.4 -14 14.2 8.8395 -13.6981 13.4
3 16 8.9196 -11.2006 13.5 7.6 -11.3 14.4 8.8395 -13.6981 13.4
3 16 8.6 -5.7 12.4 7.6 -11.3 14.4 8.9196 -11.2006 13.5
3 16 9.1 -5.6 11.5 8.6 -5.7 12.4 8.9196 -11.2006 13.5
3 16 8.8 -4.9 12.3 8.6 -5.7 12.4 9.1 -5.6 11.5
3 16 9.4 -5 11.3 8.8 -4.9 12.3 9.1 -5.6 11.5
3 16 8.8 -4.9 12.3 9.4 -5 11.3 8.9 -4.2 12.3
3 16 9.4 -5 11.3 9.6 -4.3 11.1 8.9 -4.2 12.3
3 16 9.1 0 12 8.9 -4.2 12.3 9.6 -4.3 11.1
3 16 9.7 0 10.9 9.1 0 12 9.6 -4.3 11.1
3 16 7.3 -14.3 -1.9 7.3 -14.3 -0.4 8.8045 -14.9034 -0.4
3 16 8.7985 -15.1032 -1.9 7.3 -14.3 -1.9 8.8045 -14.9034 -0.4
3 16 7.3 -14.6 -3.6 7.3 -14.3 -1.9 8.7985 -15.1032 -1.9
3 16 8.7732 -15.8991 -3.1 7.3 -14.6 -3.6 8.7985 -15.1032 -1.9
3 16 8.7732 -15.8991 -3.1 8.7638 -16.202 -4.1 7.3 -14.6 -3.6
3 16 8.7638 -16.202 -4.1 7.3 -14.5 -4.3 7.3 -14.6 -3.6
3 16 8.8045 -14.9034 -0.4 7.3 -14.3 -0.4 7.2 -14.4 0.8
3 16 8.7592 -16.3019 1 8.8045 -14.9034 -0.4 7.2 -14.4 0.8
3 16 8.7896 -15.4029 -4.8 7.5 -13.8 -4.6 7.3 -14.5 -4.3
3 16 8.7638 -16.202 -4.1 8.7896 -15.4029 -4.8 7.3 -14.5 -4.3
3 16 8.9311 -11.001 -5.5 7.5 -13.8 -4.6 8.7896 -15.4029 -4.8
3 16 8.2 -5.6 -5.3 7.5 -13.8 -4.6 8.9311 -11.001 -5.5
3 16 9.1015 -5.7 -6.1 8.2 -5.6 -5.3 8.9311 -11.001 -5.5
3 16 8.5 -4.6 -5.2 8.2 -5.6 -5.3 9.1015 -5.7 -6.1
3 16 9.4 -4.8 -6 8.5 -4.6 -5.2 9.1015 -5.7 -6.1
3 16 8.8 -3.6 -5.2 8.5 -4.6 -5.2 9.4 -4.8 -6
3 16 9.5 -3.7 -6.1 8.8 -3.6 -5.2 9.4 -4.8 -6
3 16 9.5 -3.7 -6.1 9.6 -1.5 -6.1 8.8 -3.6 -5.2
4 16 8.8 -3.6 -5.2 9.6 -1.5 -6.1 9.6 0 -6.1 8.9 -1.4 -5.3
3 16 8.9 0 -5.3 8.9 -1.4 -5.3 9.6 0 -6.1
3 16 8.7938 -15.2062 3 8.7592 -16.3019 1 7.2 -14.4 0.8
3 16 7 -14.6 2.9 8.7938 -15.2062 3 7.2 -14.4 0.8
3 16 8.7938 -15.2062 3 7 -14.6 2.9 7 -14.9 4.7
3 16 8.7485 -16.6016 5 8.7938 -15.2062 3 7 -14.9 4.7
4 16 8.7338 -17.2011 -11.9 8.9168 -11.5005 -11.9 8.9311 -11.001 -5.5 8.7896 -15.4029 -4.8
4 16 8.9311 -11.001 -5.5 8.9168 -11.5005 -11.9 9.1 -5.8 -12.5 9.1015 -5.7 -6.1
3 16 9.4 -4.8 -6 9.1015 -5.7 -6.1 9.1 -5.8 -12.5
3 16 9.3 -4.9 -13.5 9.4 -4.8 -6 9.1 -5.8 -12.5
3 16 9.4 -4.8 -6 9.3 -4.9 -13.5 9.5 -3.7 -6.1
3 16 9.3 -4.9 -13.5 9.6 -3.7 -14.3 9.5 -3.7 -6.1
4 16 9.5 -3.7 -6.1 9.6 -3.7 -14.3 9.7 -1.5 -14.5 9.6 -1.5 -6.1
4 16 9.6 -1.5 -6.1 9.7 -1.5 -14.5 9.7 0 -14.6 9.6 0 -6.1
3 16 -7.3 -14.8 -4.7 -7.2 -14.5 -3.2 -3.5 -14.3 -3.5
3 16 -3.5 -15 -4.6 -7.3 -14.8 -4.7 -3.5 -14.3 -3.5
3 16 -3.5 -14.3 -3.5 -7.2 -14.5 -3.2 -3.5 -14.2 -1.3
3 16 -7.2 -14.5 -3.2 -7.2 -14.3 -1.6 -3.5 -14.2 -1.3
3 16 -7.2 -14.3 -1.6 -7.2 -14.3 -0.3 -3.5 -14.2 -1.3
4 16 -3.5 -14.2 -1.3 -7.2 -14.3 -0.3 -7.2 -14.4 0.8 -3.5 -14.4 1.1
3 16 -7 -14.5 2.1 -3.5 -14.4 1.1 -7.2 -14.4 0.8
3 16 -3.5 -14.7 3.4 -3.5 -14.4 1.1 -7 -14.5 2.1
4 16 -7 -14.9 4.3 -3.5 -14.7 3.4 -7 -14.5 2.1 -7.1 -14.7 3.2
3 16 -3.5 -14.7 3.4 -7 -14.9 4.3 -3.5 -14.8 5.6
3 16 -7 -14.9 4.3 -7 -14.9 5.4 -3.5 -14.8 5.6
4 16 -7.8 -10.1 -6.6 -7.3 -14.8 -4.7 -3.5 -15 -4.6 -3.5 -10.3 -6.5
4 16 -7.8 -10.1 -6.6 -3.5 -10.3 -6.5 -3.5 -6.1 -8.1 -5.7 -6.1 -8.1
3 16 -7.8 -10.1 -6.6 -5.7 -6.1 -8.1 -6.5 -5.7 -8.2
3 16 -8 -6.1 -8.1 -7.8 -10.1 -6.6 -6.5 -5.7 -8.2
3 16 -8 -6.1 -8.1 -6.5 -5.7 -8.2 -8.2 -5.3 -8.3
3 16 -6.5 -5.7 -8.2 -6.5 -4.5 -8.3 -8.2 -5.3 -8.3
3 16 -8.2 -5.3 -8.3 -6.5 -4.5 -8.3 -8.5 -4.4 -8.3
3 16 -8.9 -1.9 -8.6 -8.5 -4.4 -8.3 -6.5 -4.5 -8.3
3 16 -6.5 0 -8.7 -8.9 -1.9 -8.6 -6.5 -4.5 -8.3
3 16 -8.9 -1.9 -8.6 -6.5 0 -8.7 -8.9 0 -8.7
3 16 7.5 -13.8 -4.6 8.2 -5.6 -5.3 6.9 -5.7 -5.3
3 16 6.9 -5.7 -5.3 8.2 -5.6 -5.3 6.9 -5.3 -5.2
3 16 8.2 -5.6 -5.3 8.5 -4.6 -5.2 6.9 -5.3 -5.2
4 16 6.9 -5.3 -5.2 8.5 -4.6 -5.2 8.8 -3.6 -5.2 6.9 -4.7 -5.2
4 16 7.5 -13.8 -4.6 6.9 -5.7 -5.3 3.5 -6.2 -5.3 3.5 -13.9 -4.6
3 16 6.9 -5.7 -5.3 3.5 -5.6 -5.3 3.5 -6.2 -5.3
3 16 7.3 -14.5 -4.3 7.5 -13.8 -4.6 3.5 -13.9 -4.6
3 16 3.5 -14.3 -4.4 7.3 -14.5 -4.3 3.5 -13.9 -4.6
3 16 3.5 -5.6 -5.3 6.9 -5.7 -5.3 4.9 -4.9 -5.4
3 16 6.9 -5.7 -5.3 6.9 -5.3 -5.4 4.9 -4.9 -5.4
4 16 4.9 -4.9 -5.4 6.9 -5.3 -5.4 6.9 -4.7 -5.4 5.6 -4.2 -5.4
3 16 5.6 -4.2 -5.4 6.9 -4.7 -5.4 6.9 -1.2 -5.5
3 16 5.9 -0.8 -5.6 5.6 -4.2 -5.4 6.9 -1.2 -5.5
3 16 5.9 -0.8 -5.6 6.9 -1.2 -5.5 6.9 -0.4 -5.8
3 16 6.9 -4.7 -5.2 8.8 -3.6 -5.2 6.9 -1.1 -5.2
3 16 8.8 -3.6 -5.2 8.9 -1.4 -5.3 6.9 -1.1 -5.2
3 16 6.9 -1.1 -5.2 8.9 -1.4 -5.3 8.9 0 -5.3
3 16 6.9 0 -5.3 6.9 -1.1 -5.2 8.9 0 -5.3
3 16 6.4 -0.2 -7.1 5.9 -0.8 -5.6 6.9 0 -6.8
3 16 6.9 -0.4 -5.8 6.9 0 -6.8 5.9 -0.8 -5.6
3 16 6.9 0 -6.8 6.9 0 -8.1 6.4 -0.2 -7.1
3 16 6.9 0 -8.1 6.7 -0.1 -8.2 6.4 -0.2 -7.1
3 16 6.7 -0.1 -8.2 6.9 0 -8.1 6.9 0 -9.9
3 16 6.7 -0.2 -9.9 6.7 -0.1 -8.2 6.9 0 -9.9
3 16 6.6 -0.4 -10.8 6.7 -0.2 -9.9 6.9 0 -9.9
3 16 6.7 0 -12 6.6 -0.4 -10.8 6.9 0 -9.9
3 16 6.7 0 -12 6.2 -1 -11.9 6.6 -0.4 -10.8
3 16 6.7 0 -12 5.5 0 -14 6.2 -1 -11.9
3 16 5.5 0 -14 5.3 -0.8 -13.9 6.2 -1 -11.9
3 16 6.2 -1 -11.9 6.4 -1 -10.7 6.6 -0.4 -10.8
3 16 1.3 -18.6 15.1 1.7 -19.6 15.3 1.8 -19.7 13.9
3 16 1.4 -18.8 13.7 1.3 -18.6 15.1 1.8 -19.7 13.9
3 16 1.3 -18.6 15.1 1.4 -18.8 13.7 0.7 -18 14.9
3 16 1.3 -18.6 15.1 0.7 -18 14.9 0.6 -18 15.8
3 16 1.1 -18.3 16.3 1.3 -18.6 15.1 0.6 -18 15.8
3 16 1.1 -18.3 16.3 0.6 -18 15.8 0 -18.3 16.9
3 16 0.6 -18 15.8 0 -17.9 16.2 0 -18.3 16.9
3 16 1.4 -18.8 13.7 0.7 -18.2 13.6 0.7 -18 14.9
3 16 1.1 -18.3 16.3 1.5 -19.4 16.8 1.3 -18.6 15.1
3 16 1.7 -19.6 15.3 1.3 -18.6 15.1 1.5 -19.4 16.8
3 16 0 -19.4 17.2 1.5 -19.4 16.8 0 -18.3 16.9
3 16 1.1 -18.3 16.3 0 -18.3 16.9 1.5 -19.4 16.8
3 16 -1 -18.3 16.4 -1.5 -19.4 16.8 0 -18.3 16.9
3 16 0 -18.3 16.9 0 -17.9 16.2 -1 -18.3 16.4
3 16 0 -17.9 16.2 -0.6 -18.1 15.9 -1 -18.3 16.4
3 16 -1 -18.3 16.4 -0.6 -18.1 15.9 -1.3 -18.5 15.3
3 16 -0.6 -18.1 15.9 -0.6 -18 15.2 -1.3 -18.5 15.3
3 16 -0.6 -18 15.2 -0.6 -18.1 15.9 0 -17.9 16.2
3 16 -1.3 -18.5 15.3 -0.6 -18 15.2 -1 -18 14.1
3 16 -1 -18 14.1 -0.6 -18 15.2 0 -17.6 14.3
3 16 -0.6 -18 15.2 0 -17.9 14.8 0 -17.6 14.3
3 16 0 -17.9 14.8 -0.6 -18 15.2 0 -17.9 16.2
3 16 -1.5 -18.7 13.9 -1.3 -18.5 15.3 -1 -18 14.1
3 16 0 -19.4 17.2 0 -18.3 16.9 -1.5 -19.4 16.8
3 16 -1 -18.3 16.4 -1.3 -18.5 15.3 -1.7 -19.6 15.3
3 16 -1.5 -19.4 16.8 -1 -18.3 16.4 -1.7 -19.6 15.3
3 16 -1.3 -18.5 15.3 -1.5 -18.7 13.9 -1.7 -19.6 15.3
3 16 -1.5 -18.7 13.9 -1.8 -19.7 13.9 -1.7 -19.6 15.3
3 16 0.7 -18.2 13.6 0.1 -18 13.7 0.7 -18 14.9
3 16 0.1 -18 13.7 0 -17.9 14.8 0.7 -18 14.9
3 16 0.7 -18 14.9 0 -17.9 14.8 0.6 -18 15.8
3 16 0 -17.9 14.8 0 -17.9 16.2 0.6 -18 15.8
3 16 7 -14.9 4.7 7 -14.6 2.9 3.5 -14.8 4.7
3 16 3.5 -14.8 4.7 7 -14.6 2.9 3.5 -14.4 1.3
3 16 7 -14.6 2.9 7.2 -14.4 0.8 3.5 -14.4 1.3
3 16 3.5 -14.4 1.3 7.2 -14.4 0.8 7.3 -14.3 -0.4
3 16 3.5 -14.3 -1.5 3.5 -14.4 1.3 7.3 -14.3 -0.4
3 16 7.3 -14.3 -1.9 3.5 -14.3 -1.5 7.3 -14.3 -0.4
3 16 3.5 -14.5 -3.8 3.5 -14.3 -1.5 7.3 -14.3 -1.9
3 16 7.3 -14.6 -3.6 3.5 -14.5 -3.8 7.3 -14.3 -1.9
3 16 7.3 -14.6 -3.6 7.3 -14.5 -4.3 3.5 -14.5 -3.8
3 16 7.3 -14.5 -4.3 3.5 -14.3 -4.4 3.5 -14.5 -3.8
3 16 -8.8 -4.2 9.6 -6.5 -4.1 9.5 -6.5 -5.2 10.3
3 16 -8.4 -5.4 10.6 -8.8 -4.2 9.6 -6.5 -5.2 10.3
3 16 -8.4 -5.4 10.6 -6.5 -5.2 10.3 -6.5 -6.2 10.8
3 16 -8.3 -6.5 11 -8.4 -5.4 10.6 -6.5 -6.2 10.8
4 16 -8.2 -7.8 11.1 -8.3 -6.5 11 -6.5 -6.2 10.8 -6.5 -7.3 10.9
3 16 -8.8 -4.2 9.6 -9 -1.1 9.1 -6.5 -4.1 9.5
3 16 -9 -1.1 9.1 -6.5 -1 8.9 -6.5 -4.1 9.5
3 16 -6.5 -1 8.9 -9 -1.1 9.1 -9 0 9.1
3 16 -6.5 0 9 -6.5 -1 8.9 -9 0 9.1
3 16 -6.5 -10.4 9.8 -7.5 -12.7 7.5 -7.9 -10.4 9.7
4 16 -7.5 -12.7 7.5 -6.5 -10.4 9.8 -3.5 -10.2 10 -3.5 -11.8 8.4
4 16 -3.5 -11.8 8.4 -3.5 -13.5 6.4 -7.2 -14.1 5.8 -7.5 -12.7 7.5
3 16 -3.5 -13.5 6.4 -3.5 -14.8 5.6 -7.2 -14.1 5.8
3 16 -3.5 -14.8 5.6 -7 -14.9 5.4 -7.2 -14.1 5.8
4 16 -6.5 -10.4 9.8 -6.5 -7.3 10.9 -2.9 -7.1 11.1 -3.5 -10.2 10
4 16 -6.5 -7.3 10.9 -5.7 -5.2 11.3 -3.2 -5.8 11.3 -2.9 -7.1 11.1
3 16 -6.5 -7.3 10.9 -6.5 -4.5 11.0973 -5.7 -5.2 11.3
3 16 -2.8 -9.2 10.5 -3.5 -10.2 10 -2.9 -7.1 11.1
3 16 -8.2 -7.8 11.1 -6.5 -7.3 10.9 -7.9 -10.4 9.7
3 16 -6.5 -10.4 9.8 -7.9 -10.4 9.7 -6.5 -7.3 10.9
3 16 -8.9 0 -8.7 -6.5 0 -8.7 -6.6 0 -10.1
4 16 -8.9 0 -8.7 -6.6 0 -10.1 -6.6 0 -11.1 -9.7 0 -9.7
4 16 -6.6 0 -11.1 -6.5 0 -12.1 -9.7 0 -17.6 -9.7 0 -9.7
3 16 -9.7 0 -17.6 -6.5 0 -12.1 -6.2 0 -12.9
3 16 -5.6 0 -13.8 -9.7 0 -17.6 -6.2 0 -12.9
4 16 -5.6 0 -13.8 -5 0 -14.6 -9 0 -18.5 -9.7 0 -17.6
4 16 -5 0 -14.6 -3.9 0 -15.6 -3.1 0 -16.7 -9 0 -18.5
3 16 -3.1 0 -16.7 -2.8 0 -18.7 -9 0 -18.5
4 16 6.7 0 -12 9.7 0 -14.6 8.9 0 -15.8 5.5 0 -14
3 16 5.2 0 -15.9 5.5 0 -14 8.9 0 -15.8
4 16 6.7 0 -12 6.9 0 -9.9 9.6 0 -6.1 9.7 0 -14.6
3 16 9.6 0 -6.1 6.9 0 -9.9 6.9 0 -8.1
4 16 9.6 0 -6.1 6.9 0 -8.1 6.9 0 -6.8 8.9 0 -5.3
3 16 6.9 0 -6.8 6.9 0 -5.3 8.9 0 -5.3
3 16 3.5 -28.3 10 1.5 -16.2 10 2.2 -15.3 10
3 16 2.2 -15.3 10 2.4 -14 10 3.5 -28.3 10
4 16 1.5 -16.2 10 3.5 -28.3 10 -3.5 -28.3 10 0.1 -16.6 10
3 16 -3.5 -28.3 10 -1.3 -16.3 10 0.1 -16.6 10
3 16 -1.3 -16.3 10 -3.5 -28.3 10 -2.3 -15.2 10
4 16 -2.3 -15.2 10 -3.5 -28.3 10 -3.5 -10.2 10 -2.5 -14 10
3 16 -2.8 -9.2 10.5 -2.5 -14 10 -3.5 -10.2 10
3 16 3.5 -6.6 10 3.5 -28.3 10 2.4 -14 10
3 16 2.6 -6.7 10.6 3.5 -6.6 10 2.4 -14 10
3 16 3 -5.8 11.2 3.5 -5.7 10.3 2.6 -6.7 10.6
3 16 3.5 -6.6 10 2.6 -6.7 10.6 3.5 -5.7 10.3
3 16 3 -5.8 11.2 4.1 -5.5 12.1 3.5 -5.7 10.3
3 16 4.1 -5.5 12.1 5.2 -5.1 10.9 3.5 -5.7 10.3
3 16 3.5 -5.6 8.1 3.5 -5.7 10.3 5.2 -5.1 10.9
3 16 3.5 -5.2 6.1 4.5204 -4.3 6.1731 3.5 -4.4 5
3 16 4.1 -5.5 12.1 5.4 -5.3 12 5.2 -5.1 10.9
3 16 5.4 -5.3 12 6.3 -4.5 11.8 5.2 -5.1 10.9
4 16 -3.5 -14.8 5.6 -3.5 -13.5 6.4 -3.5 -11.8 8.4 -3.5 -28.3 10
3 16 -3.5 -11.8 8.4 -3.5 -10.2 10 -3.5 -28.3 10
4 16 -3.5 -14.7 3.4 -3.5 -14.8 5.6 -3.5 -28.3 10 -3.5 -28.3 -10.5
4 16 -3.5 -14.7 3.4 -3.5 -28.3 -10.5 -3.5 -14.2 -1.3 -3.5 -14.4 1.1
4 16 -3.5 -14.2 -1.3 -3.5 -28.3 -10.5 -3.5 -15 -4.6 -3.5 -14.3 -3.5
3 16 -3.5 -15 -4.6 -3.5 -28.3 -10.5 -3.5 -14 -10.5
4 16 -3.5 -5.7 -11.2 -3.5 -10.3 -6.5 -3.5 -15 -4.6 -3.5 -14 -10.5
4 16 -3.5 -5.7 -11.2 -3.5 -5.7 -10.1 -3.5 -6.1 -8.1 -3.5 -10.3 -6.5
3 16 -3.5 -5.7 -10.1 -3.5 -5.2 -8.7 -3.5 -6.1 -8.1
3 16 -5.7 -6.1 -8.1 -3.5 -6.1 -8.1 -3.5 -5.2 -8.7
3 16 -5.6 -5.1 -9.1 -5.7 -6.1 -8.1 -3.5 -5.2 -8.7
3 16 -5.6 -5.1 -9.1 -3.5 -5.2 -8.7 -3.5 -5.7 -10.1
3 16 -5.4 -5 -10.7 -5.6 -5.1 -9.1 -3.5 -5.7 -10.1
3 16 -5.4 -5 -10.7 -3.5 -5.7 -10.1 -3.5 -5.7 -11.2
3 16 -4.9 -5.1 -12 -5.4 -5 -10.7 -3.5 -5.7 -11.2
3 16 -3.5 -5.7 -11.2 -3.3 -5.7 -11.9 -4.9 -5.1 -12
3 16 -3.3 -5.7 -11.9 -3 -5.5 -13.2 -4.9 -5.1 -12
4 16 -4.9 -5.1 -12 -3 -5.5 -13.2 -2.8 -4.9 -15.3 -4.6 -4.6 -13.9
3 16 -4.6 -4.6 -13.9 -2.8 -4.9 -15.3 -4.5 -3.7 -14.5
3 16 -2.8 -4.9 -15.3 -2.8 -3.7 -15.9 -4.5 -3.7 -14.5
3 16 -4.5 -3.7 -14.5 -5.6 -3.6 -13.1 -4.6 -4.6 -13.9
3 16 -5.6 -3.6 -13.1 -5.5434 -4.6 -12.2962 -4.6 -4.6 -13.9
3 16 -5.5434 -4.6 -12.2962 -4.9 -5.1 -12 -4.6 -4.6 -13.9
3 16 -6 -4.6 -10 -5.4 -5 -10.7 -4.9 -5.1 -12
3 16 -5.5434 -4.6 -12.2962 -6 -4.6 -10 -4.9 -5.1 -12
3 16 -5.6 -5.1 -9.1 -6.5 -5.7 -8.2 -5.7 -6.1 -8.1
3 16 -6.5 -5.7 -8.2 -5.6 -5.1 -9.1 -6.5 -4.5 -8.3
3 16 -6.3 -4.1 -9.9 -5.6 -5.1 -9.1 -6 -4.6 -10
3 16 -5.4 -5 -10.7 -6 -4.6 -10 -5.6 -5.1 -9.1
3 16 -6.2 -4.3 -9 -5.6 -5.1 -9.1 -6.3 -4.1 -9.9
3 16 -5.6 -5.1 -9.1 -6.2 -4.3 -9 -6.5 -4.5 -8.3
3 16 -0.2 -16.5 -13.3 -0.2 -16.9 -13.7 -1.4 -16.5 -13.9
3 16 -1.4 -15.9 -13.5 -0.2 -16.5 -13.3 -1.4 -16.5 -13.9
3 16 0.7 -16.9 -13.5 -0.2 -16.9 -13.7 -0.2 -16.5 -13.3
3 16 0.7 -16.3 -13.1 0.7 -16.9 -13.5 -0.2 -16.5 -13.3
4 16 0.7 -16.9 -13.5 0.7 -16.3 -13.1 1.5 -15.9 -12.9 1.5 -16.5 -13.3
3 16 1.5 -16.5 -13.3 1.5 -15.9 -12.9 2.2 -15.8 -13.1
3 16 1.5 -15.9 -12.9 2.2 -14.6 -12.7 2.2 -15.8 -13.1
3 16 1.5 -15.9 -12.9 1.6 -15.6 -12.2 2.2 -14.6 -12.7
3 16 1.6 -15.6 -12.2 2.3 -14 -12.2 2.2 -14.6 -12.7
3 16 2.3 -14 -12.2 1.6 -15.6 -12.2 2.5 -14.1 -11.4
3 16 1.6 -15.6 -12.2 2 -15.7 -11.4 2.5 -14.1 -11.4
3 16 0.8 -16.5 -11.3 2 -15.7 -11.4 1.6 -15.6 -12.2
3 16 0.7 -16.1 -12.3 0.8 -16.5 -11.3 1.6 -15.6 -12.2
3 16 1.5 -15.9 -12.9 0.7 -16.3 -13.1 0.7 -16.1 -12.3
3 16 1.6 -15.6 -12.2 1.5 -15.9 -12.9 0.7 -16.1 -12.3
3 16 0.7 -16.1 -12.3 -0.3 -16.2 -12.3 0.8 -16.5 -11.3
3 16 -0.3 -16.2 -12.3 0.7 -16.1 -12.3 0.7 -16.3 -13.1
3 16 -0.2 -16.5 -13.3 -0.3 -16.2 -12.3 0.7 -16.3 -13.1
3 16 -0.2 -16.5 -13.3 -1.4 -15.9 -13.5 -0.3 -16.2 -12.3
3 16 -0.3 -16.2 -12.3 -0.5 -16.6 -11.3 0.8 -16.5 -11.3
3 16 -0.3 -16.2 -12.3 -1.5 -15.6 -12.2 -0.5 -16.6 -11.3
3 16 -1.4 -15.9 -13.5 -1.5 -15.6 -12.2 -0.3 -16.2 -12.3
3 16 -1.5 -15.6 -12.2 -2 -15.7 -11.3 -0.5 -16.6 -11.3
3 16 -2 -15.7 -11.3 -1.5 -15.6 -12.2 -2.6 -14.1 -11.5
3 16 -1.5 -15.6 -12.2 -2.3 -14 -12.4 -2.6 -14.1 -11.5
4 16 -2.3 -14 -12.4 -1.5 -15.6 -12.2 -1.4 -15.9 -13.5 -2.3 -14.1 -13.5
3 16 -2.2 -15.6 -14.1 -2.3 -14.1 -13.5 -1.4 -15.9 -13.5
3 16 -1.4 -16.5 -13.9 -2.2 -15.6 -14.1 -1.4 -15.9 -13.5
3 16 3.5 -15.4 -10.5 2.5 -14.1 -11.4 2 -15.7 -11.4
3 16 2.7 -16.4 -10.5 3.5 -15.4 -10.5 2 -15.7 -11.4
3 16 2 -15.7 -11.4 0.8 -16.5 -11.3 2.7 -16.4 -10.5
3 16 0.8 -16.5 -11.3 1 -17.5 -10.5 2.7 -16.4 -10.5
3 16 0.8 -16.5 -11.3 -0.5 -16.6 -11.3 1 -17.5 -10.5
3 16 -0.5 -16.6 -11.3 -0.8 -17.5 -10.5 1 -17.5 -10.5
3 16 -2.3 -16.8 -10.5 -0.8 -17.5 -10.5 -0.5 -16.6 -11.3
3 16 -2 -15.7 -11.3 -2.3 -16.8 -10.5 -0.5 -16.6 -11.3
3 16 3.5 -28.3 -10.5 3.5 -15.4 -10.5 2.7 -16.4 -10.5
3 16 3.5 -28.3 -10.5 2.7 -16.4 -10.5 1 -17.5 -10.5
4 16 1 -17.5 -10.5 -0.8 -17.5 -10.5 -3.5 -28.3 -10.5 3.5 -28.3 -10.5
3 16 -2.3 -16.8 -10.5 -3.5 -28.3 -10.5 -0.8 -17.5 -10.5
3 16 -2.3 -16.8 -10.5 -3.5 -14 -10.5 -3.5 -28.3 -10.5
3 16 -2.3 -16.8 -10.5 -2 -15.7 -11.3 -3.5 -14 -10.5
3 16 -2 -15.7 -11.3 -2.6 -14.1 -11.5 -3.5 -14 -10.5
3 16 -3.5 -14 -10.5 -2.6 -14.1 -11.5 -3.3 -5.7 -11.9
3 16 -3.5 -5.7 -11.2 -3.5 -14 -10.5 -3.3 -5.7 -11.9
3 16 3.5 -15.4 -10.5 3.5 -11.4 -11.1 2.5 -14.1 -11.4
3 16 3.5 -11.4 -11.1 2.5 -11 -11.5 2.5 -14.1 -11.4
4 16 3.5 -11.4 -11.1 3.5 -7.5 -11.2 2.5 -7.5 -11.6 2.5 -11 -11.5
3 16 3.5 -7.5 -11.2 3.5 -6.6 -11.2 2.5 -7.5 -11.6
3 16 3.5 -6.6 -11.2 2.9 -6.1 -11.6 2.5 -7.5 -11.6
3 16 3.5 -6.6 -11.2 3.5 -5.7 -11 2.9 -6.1 -11.6
3 16 3.3 -5.6 -11.8 2.9 -6.1 -11.6 3.5 -5.7 -11
3 16 3.5 -5.7 -11 3.5 -5.6 -5.3 6 -4.6 -12.2
3 16 6.078 -4.6 -10.3923 6 -4.6 -12.2 5.6214 -4.6 -8.0961
3 16 5.6214 -4.6 -8.0961 3.5 -5.6 -5.3 4.9 -4.9 -5.4
3 16 6 -4.6 -12.2 3.7 -5.1 -14.2 3.5 -5.7 -11
3 16 3.3 -5.6 -11.8 3.5 -5.7 -11 3.7 -5.1 -14.2
3 16 5.6214 -4.6 -8.0961 4.9 -4.9 -5.4 5.6 -4.2 -5.4
3 16 3.5 -5.6 -5.3 5.6214 -4.6 -8.0961 6 -4.6 -12.2
3 16 6 -4.6 -12.2 6.078 -4.6 -10.3923 6.4 -3.7 -10.6
3 16 6.2 -3.7 -12 6 -4.6 -12.2 6.4 -3.7 -10.6
3 16 6.2 -3.7 -12 5.2 -3.4 -14 6 -4.6 -12.2
3 16 5.2 -3.4 -14 4.7 -4.4 -14.4 6 -4.6 -12.2
3 16 4.7 -4.4 -14.4 3.7 -5.1 -14.2 6 -4.6 -12.2
4 16 3.5 -6.6 -11.2 3.5 -6.2 -5.3 3.5 -5.6 -5.3 3.5 -5.7 -11
4 16 3.5 -6.6 -11.2 3.5 -7.5 -11.2 3.5 -11.4 -11.1 3.5 -6.2 -5.3
4 16 3.5 -6.2 -5.3 3.5 -11.4 -11.1 3.5 -15.4 -10.5 3.5 -13.9 -4.6
4 16 3.5 -13.9 -4.6 3.5 -15.4 -10.5 3.5 -28.3 -10.5 3.5 -14.3 -4.4
3 16 3.5 -28.3 -10.5 3.5 -14.5 -3.8 3.5 -14.3 -4.4
4 16 3.5 -14.4 1.3 3.5 -14.3 -1.5 3.5 -14.5 -3.8 3.5 -28.3 -10.5
4 16 3.5 -14.4 1.3 3.5 -28.3 -10.5 3.5 -28.3 10 3.5 -14.8 4.7
4 16 3.5 -14.8 4.7 3.5 -28.3 10 3.5 -6.6 10 3.5 -13.2 5.7
3 16 3.5 -13.2 5.7 3.5 -6.6 10 3.5 -11.9 6.2
4 16 3.5 -11.9 6.2 3.5 -6.6 10 3.5 -5.6 8.1 3.5 -10.5 6.2
3 16 3.5 -6.6 10 3.5 -5.7 10.3 3.5 -5.6 8.1
4 16 3.5 -10.5 6.2 3.5 -5.6 8.1 3.5 -5.2 6.1 3.5 -8 5.3
4 16 3.5 -8 5.3 3.5 -5.2 6.1 3.5 -4.4 5 3.5 -6.1 4.2
3 16 3.5 -5.4 3.6 3.5 -6.1 4.2 3.5 -4.4 5
4 16 3.5 -3.6 4.8 3.5 -4.6 2.8 3.5 -5.4 3.6 3.5 -4.4 5
4 16 3.5 -4.6 2.8 3.5 -3.6 4.8 3.5 -1.2 4.3 3.5 -3.8 2.4
3 16 3.5 -3.6 4.8 3.5 -1.2 4.9 3.5 -1.2 4.3
4 16 3.5 -1.2 4.3 3.5 0 2.5 3.5 0 2 3.5 -3.8 2.4
4 16 -3.5 -28.3 -10.5 -3.5 -28.3 10 3.5 -28.3 10 3.5 -28.3 -10.5
3 16 -2.4 -9.1 -15.6 -3 -5.5 -13.2 -2.3 -14 -12.4
3 16 -2.3 -14.1 -13.5 -2.4 -9.1 -15.6 -2.3 -14 -12.4
3 16 -3 -5.5 -13.2 -3.3 -5.7 -11.9 -2.3 -14 -12.4
3 16 -3.3 -5.7 -11.9 -2.6 -14.1 -11.5 -2.3 -14 -12.4
3 16 -2.2 -15.5 -14.4 -2.4 -9.1 -15.6 -2.3 -14.1 -13.5
3 16 -2.3 -14.1 -13.5 -2.2 -15.6 -14.1 -2.2 -15.5 -14.4
3 16 -2.2 -15.6 -14.1 -2.2 -17.5 -14.2 -2.2 -15.5 -14.4
4 16 -2.4 -9.1 -15.6 -2.5 -6.1 -16.9 -2.8 -4.9 -15.3 -3 -5.5 -13.2
3 16 -2.6 -5.4 -17.3 -2.8 -4.9 -15.3 -2.5 -6.1 -16.9
3 16 -2.8 -4.9 -15.3 -2.6 -5.4 -17.3 -2.8 -3.7 -15.9
3 16 -2.6 -5.4 -17.3 -2.5 -4.5 -18.3 -2.8 -3.7 -15.9
3 16 -2.8 -3.7 -15.9 -2.5 -4.5 -18.3 -2.7 -2.3 -18.5
3 16 -2.7 -1.6 -18 -2.8 -3.7 -15.9 -2.7 -2.3 -18.5
3 16 -2.7 -1.6 -18 -2.8 -1.6 -16 -2.8 -3.7 -15.9
3 16 -2.7 -1.6 -18 -3 -0.6 -16.7 -2.8 -1.6 -16
3 16 -3 -0.6 -16.7 -3.1 -0.8 -16 -2.8 -1.6 -16
3 16 -3 -0.6 -16.7 -3.9 0 -15.6 -3.1 -0.8 -16
3 16 -3.9 0 -15.6 -3.8 -0.4 -15.4 -3.1 -0.8 -16
3 16 -3.8 -0.4 -15.4 -3.9 0 -15.6 -4.7 -0.3 -14.6
3 16 -3.9 0 -15.6 -5 0 -14.6 -4.7 -0.3 -14.6
3 16 -5.5 -0.6 -13.4 -4.7 -0.3 -14.6 -5 0 -14.6
3 16 -5 0 -14.6 -5.6 0 -13.8 -5.5 -0.6 -13.4
3 16 -6.2 0 -12.9 -6 -0.3 -12.7 -5.6 0 -13.8
3 16 -5.5 -0.6 -13.4 -5.6 0 -13.8 -6 -0.3 -12.7
3 16 -6.5 0 -12.1 -6.3 -0.3 -12.1 -6.2 0 -12.9
3 16 -6 -0.3 -12.7 -6.2 0 -12.9 -6.3 -0.3 -12.1
3 16 -6.3 -0.3 -12.1 -6.5 0 -12.1 -6.5 -0.3 -11.1
3 16 -6.5 0 -12.1 -6.6 0 -11.1 -6.5 -0.3 -11.1
3 16 -6.4 -0.4 -10.2 -6.5 -0.3 -11.1 -6.6 0 -11.1
3 16 -6.6 0 -10.1 -6.4 -0.4 -10.2 -6.6 0 -11.1
3 16 -6.6 0 -10.1 -6.5 0 -8.7 -6.4 -0.4 -10.2
3 16 -6.4 -0.8 -9.7 -6.4 -0.4 -10.2 -6.5 0 -8.7
3 16 -6.5 0 -8.7 -6.2 -4.3 -9 -6.4 -0.8 -9.7
3 16 -6.2 -4.3 -9 -6.3 -4.1 -9.9 -6.4 -0.8 -9.7
3 16 -6.2 -4.3 -9 -6.5 0 -8.7 -6.5 -4.5 -8.3
3 16 2.5 -7.5 -13.6 2.5 -7.5 -11.6 2.9 -6.1 -11.6
3 16 2.7 -6.4 -13.8 2.5 -7.5 -13.6 2.9 -6.1 -11.6
3 16 3.5 -5.2 -14.6 2.7 -6.4 -13.8 2.9 -6.1 -11.6
3 16 3.5 -5.2 -14.6 2.9 -6.1 -11.6 3.3 -5.6 -11.8
3 16 3.7 -5.1 -14.2 3.5 -5.2 -14.6 3.3 -5.6 -11.8
4 16 3.5 -5.2 -14.6 3.7 -5.1 -14.2 4.7 -4.4 -14.4 4.3 -4.6 -15.2
3 16 4.3 -4.6 -15.2 4.7 -4.4 -14.4 5 -3.5 -15.5
3 16 4.7 -4.4 -14.4 5.2 -3.4 -14 5 -3.5 -15.5
3 16 5 -3.5 -15.5 5.2 -3.4 -14 5.2 -1.5 -15.9
3 16 5.2 -3.4 -14 5.3 -0.8 -13.9 5.2 -1.5 -15.9
3 16 5.2 0 -15.9 5.2 -1.5 -15.9 5.3 -0.8 -13.9
3 16 5.5 0 -14 5.2 0 -15.9 5.3 -0.8 -13.9
3 16 2.5 -7.5 -11.6 2.5 -7.5 -13.6 2.4 -11.2 -13.1
3 16 2.5 -11 -11.5 2.5 -7.5 -11.6 2.4 -11.2 -13.1
3 16 2.5 -11 -11.5 2.4 -11.2 -13.1 2.3 -14 -12.2
3 16 2.4 -11.2 -13.1 2.2 -14.6 -12.7 2.3 -14 -12.2
3 16 2.4 -11.2 -13.1 2.2 -15.8 -13.1 2.2 -14.6 -12.7
3 16 2.5 -14.1 -11.4 2.5 -11 -11.5 2.3 -14 -12.2
3 16 5.2 -3.4 -14 6.2 -3.7 -12 6.2 -1 -11.9
3 16 5.3 -0.8 -13.9 5.2 -3.4 -14 6.2 -1 -11.9
3 16 6.2 -1 -11.9 6.2 -3.7 -12 6.4 -3.7 -10.6
3 16 6.4 -1 -10.7 6.2 -1 -11.9 6.4 -3.7 -10.6
3 16 6.7 -0.1 -8.2 5.6214 -0.6 -8.0961 6.4 -0.2 -7.1
3 16 5.6214 -0.6 -8.0961 5.9 -0.8 -5.6 6.4 -0.2 -7.1
3 16 5.6214 -0.6 -8.0961 5.6214 -4.6 -8.0961 5.9 -0.8 -5.6
3 16 5.6214 -4.6 -8.0961 5.6 -4.2 -5.4 5.9 -0.8 -5.6
3 16 6.7 -0.1 -8.2 6.7 -0.2 -9.9 5.6214 -0.6 -8.0961
3 16 5.6214 -0.6 -8.0961 6.7 -0.2 -9.9 6.078 -0.6 -10.3923
3 16 6.078 -0.6 -10.3923 6.7 -0.2 -9.9 6.6 -0.4 -10.8
3 16 -5.5434 -0.6 -12.2962 -5.5434 -4.6 -12.2962 -5.5 -0.6 -13.4
3 16 -5.5434 -0.6 -12.2962 -6.3 -0.3 -12.1 -6.5 -0.3 -11.1
3 16 -6.4 -0.4 -10.2 -5.5434 -0.6 -12.2962 -6.5 -0.3 -11.1
3 16 -6.3 -0.3 -12.1 -5.5434 -0.6 -12.2962 -6 -0.3 -12.7
3 16 -5.5434 -0.6 -12.2962 -5.5 -0.6 -13.4 -6 -0.3 -12.7
3 16 -4.5 -3.7 -14.5 -4.7 -0.3 -14.6 -5.6 -3.6 -13.1
3 16 -5.5 -0.6 -13.4 -5.6 -3.6 -13.1 -4.7 -0.3 -14.6
4 16 -4.7 -0.3 -14.6 -4.5 -3.7 -14.5 -3.1 -0.8 -16 -3.8 -0.4 -15.4
3 16 -2.8 -1.6 -16 -3.1 -0.8 -16 -4.5 -3.7 -14.5
3 16 -2.8 -3.7 -15.9 -2.8 -1.6 -16 -4.5 -3.7 -14.5
3 16 -2.9 -5.6 13.7 -2.8 -5 15.4 -2.5 -6 18.5
3 16 -2.4 -9.2 18.5 -2.9 -5.6 13.7 -2.5 -6 18.5
3 16 -2.4 -9.2 18.5 -2.9 -7.1 11.1 -2.9 -5.6 13.7
3 16 -2.9 -7.1 11.1 -3.2 -5.8 11.3 -2.9 -5.6 13.7
3 16 -2.9 -7.1 11.1 -2.4 -9.2 18.5 -2.8 -9.2 10.5
3 16 -2.4 -9.2 18.5 -2.4 -12.7 17.5 -2.8 -9.2 10.5
3 16 -2.8 -5 15.4 -2.6 -5.2 18.8 -2.5 -6 18.5
4 16 -2.8 -5 15.4 -2.8 -3.6 16 -2.6 -4.1 19 -2.6 -5.2 18.8
3 16 -2.6 -4.1 19 -2.8 -3.6 16 -2.7 -0.9 19.1
3 16 -2.8 -3.6 16 -3 -0.6 15.9 -2.7 -0.9 19.1
3 16 -3 -0.6 15.9 -2.8 0 16.4 -2.7 -0.9 19.1
3 16 -2.8 0 16.4 -2.7 0 19.1 -2.7 -0.9 19.1
3 16 -2.5 -14 10 -2.8 -9.2 10.5 -2.4 -12.7 17.5
3 16 -2.3 -14.3 16.1 -2.5 -14 10 -2.4 -12.7 17.5
3 16 -2.3 -14.3 16.1 -1.8 -15.5 15.1 -2.5 -14 10
3 16 -1.8 -15.5 15.1 -2.3 -15.2 10 -2.5 -14 10
3 16 -1.8 -15.5 15.1 -1.1 -16 14.8 -2.3 -15.2 10
3 16 -1.1 -16 14.8 -1.3 -16.3 10 -2.3 -15.2 10
3 16 -1.3 -16.3 10 -1.1 -16 14.8 0.1 -16.4 14
3 16 0 -16.2 14.7 0.1 -16.4 14 -1.1 -16 14.8
3 16 0.1 -16.6 10 -1.3 -16.3 10 0.1 -16.4 14
3 16 0.1 -16.4 14 1.1 -16 13.7 0.1 -16.6 10
3 16 1.1 -16 13.7 1.5 -16.2 10 0.1 -16.6 10
3 16 2.2 -15.3 10 1.5 -16.2 10 1.1 -16 13.7
3 16 2.2 -15.1 13.9 2.2 -15.3 10 1.1 -16 13.7
3 16 2.4 -14 10 2.2 -15.3 10 2.2 -15.1 13.9
3 16 2.3 -14.1 14.1 2.4 -14 10 2.2 -15.1 13.9
3 16 2.4 -14 10 2.3 -14.1 14.1 2.4 -10.1 13
3 16 2.4 -10.1 13 2.6 -6.7 10.6 2.4 -14 10
3 16 2.6 -6.7 10.6 2.4 -10.1 13 2.9 -8.9 13.3
3 16 3 -5.8 11.2 2.6 -6.7 10.6 2.9 -8.9 13.3
3 16 3 -5.8 11.2 2.9 -8.9 13.3 4.1 -5.5 12.1
3 16 2.9 -8.9 13.3 3.9 -8.8 13.6 4.1 -5.5 12.1
3 16 3.9 -8.8 13.6 2.9 -8.9 13.3 2.3 -11.4 14.5
3 16 2.4 -10.1 13 2.3 -11.4 14.5 2.9 -8.9 13.3
3 16 2.3 -14.1 14.1 2.3 -11.4 14.5 2.4 -10.1 13
3 16 -4.2 -3.6 14.8 -2.8 -3.6 16 -2.8 -5 15.4
3 16 -4.187 -4.5 14.3257 -4.2 -3.6 14.8 -2.8 -5 15.4
3 16 -2.8 -3.6 16 -4.2 -3.6 14.8 -4 -0.5 15
3 16 -3 -0.6 15.9 -2.8 -3.6 16 -4 -0.5 15
3 16 -2.8 -5 15.4 -2.9 -5.6 13.7 -4.187 -4.5 14.3257
3 16 -4.187 -4.5 14.3257 -2.9 -5.6 13.7 -3.2 -5.8 11.3
3 16 -5.8768 -4.5 11.7973 -4.187 -4.5 14.3257 -5.7 -5.2 11.3
3 16 -3.2 -5.8 11.3 -5.7 -5.2 11.3 -4.187 -4.5 14.3257
3 16 -6.5 -4.5 11.0973 -5.8768 -4.5 11.7973 -5.7 -5.2 11.3
3 16 -6.5 0 12.2 -6.2 -0.5 12.3 -6.5 -0.5 11.0973
3 16 -5.8768 -0.5 11.7973 -6.5 -0.5 11.0973 -6.2 -0.5 12.3
3 16 -6.5 0 12.2 -6.2 0 13.1 -6.2 -0.5 12.3
3 16 -6.2 0 13.1 -6 -0.5 13 -6.2 -0.5 12.3
3 16 -6.2 0 13.1 -5.9 0 13.8 -6 -0.5 13
3 16 -5.6 -0.5 13.7 -6 -0.5 13 -5.9 0 13.8
3 16 -5.6 -0.5 13.7 -5.9 0 13.8 -5.1 -0.5 14.4
3 16 -5.9 0 13.8 -5.3 0 14.6 -5.1 -0.5 14.4
3 16 -5.3 0 14.6 -4.7 0 15.3 -5.1 -0.5 14.4
3 16 -4.5 -0.5 14.9 -5.1 -0.5 14.4 -4.7 0 15.3
3 16 -4.7 0 15.3 -3.5 0 16.1 -4.5 -0.5 14.9
3 16 -3.5 0 16.1 -3 -0.6 15.9 -4.5 -0.5 14.9
3 16 -4 -0.5 15 -4.5 -0.5 14.9 -3 -0.6 15.9
3 16 -2.8 0 16.4 -3 -0.6 15.9 -3.5 0 16.1
4 16 -6.5 0 12.2 -6.5 -0.5 11.0973 -6.5 -1 8.9 -6.5 0 9
4 16 -6.5 -0.5 11.0973 -6.5 -4.5 11.0973 -6.5 -4.1 9.5 -6.5 -1 8.9
3 16 -6.5 -4.5 11.0973 -6.5 -5.2 10.3 -6.5 -4.1 9.5
3 16 -6.5 -6.2 10.8 -6.5 -5.2 10.3 -6.5 -4.5 11.0973
3 16 -6.5 -7.3 10.9 -6.5 -6.2 10.8 -6.5 -4.5 11.0973
3 16 4.8 -0.6 5.9 3.5 -1.2 4.9 3.5 -3.6 4.8
3 16 4.8 -4.2 5.9 4.8 -0.6 5.9 3.5 -3.6 4.8
3 16 4.8 -4.2 5.9 3.5 -3.6 4.8 3.5 -4.4 5
3 16 4.8 -0.6 5.9 4.9 0 4.7 3.5 -1.2 4.9
3 16 4.9 0 4.7 4.8 -0.6 5.9 6 0 6
3 16 6 0 6 4.8 -0.6 5.9 6 -0.6 8.1
3 16 6.8 0 7.9 6 0 6 6 -0.6 8.1
3 16 6.8 0 7.9 6 -0.6 8.1 7 0 12
3 16 6.5 -1.1 11.4 7 0 12 6 -0.6 8.1
3 16 6 -0.6 8.1 6 -4.2 8.1 6.5 -1.1 11.4
3 16 6 -4.2 8.1 6.5 -3.6 11.7 6.5 -1.1 11.4
3 16 6.3 -4.5 11.8 6.5 -3.6 11.7 6 -4.2 8.1
3 16 3.5 0 2.5 3.5 -1.2 4.3 4.9 0 4.7
3 16 3.5 -1.2 4.3 3.5 -1.2 4.9 4.9 0 4.7
3 16 0 -17.6 14.3 0.1 -17.2 13.7 0.1 -16.4 14
3 16 0 -16.2 14.7 0 -17.6 14.3 0.1 -16.4 14
3 16 0.1 -18 13.7 0.1 -17.2 13.7 0 -17.6 14.3
3 16 0 -17.9 14.8 0.1 -18 13.7 0 -17.6 14.3
3 16 -2.8 0 -18.7 -2.7 -1.6 -18 -2.7 -2.3 -18.5
3 16 -2.8 0 -18.7 -3.1 0 -16.7 -2.7 -1.6 -18
3 16 -3.1 0 -16.7 -3 -0.6 -16.7 -2.7 -1.6 -18
3 16 -3.9 0 -15.6 -3 -0.6 -16.7 -3.1 0 -16.7
3 16 3.5 -13.2 5.7 7.3 -13.5 5.7 7 -14.9 4.7
3 16 3.5 -14.8 4.7 3.5 -13.2 5.7 7 -14.9 4.7
3 16 3.5 -13.2 5.7 3.5 -11.9 6.2 7.3 -13.5 5.7
3 16 3.5 -11.9 6.2 7.5 -12 6.2 7.3 -13.5 5.7
4 16 3.5 -11.9 6.2 3.5 -10.5 6.2 7.8 -10.2 6.2 7.5 -12 6.2
3 16 8.4 -6.2 4.4 7.8 -10.2 6.2 3.5 -8 5.3
3 16 3.5 -10.5 6.2 3.5 -8 5.3 7.8 -10.2 6.2
3 16 3.5 -8 5.3 3.5 -6.1 4.2 8.4 -6.2 4.4
3 16 3.5 -6.1 4.2 3.5 -5.4 3.6 8.4 -6.2 4.4
3 16 3.5 -5.4 3.6 8.5 -5.5 3.9 8.4 -6.2 4.4
3 16 3.5 -5.4 3.6 3.5 -4.6 2.8 8.5 -5.5 3.9
3 16 3.5 -4.6 2.8 8.8 -4.8 2.8 8.5 -5.5 3.9
3 16 3.5 -4.6 2.8 3.5 -3.8 2.4 8.8 -4.8 2.8
3 16 8.8 -4 2.5 8.8 -4.8 2.8 3.5 -3.8 2.4
3 16 3.5 -3.8 2.4 3.5 0 2 8.8 -4 2.5
3 16 3.5 0 2 9 0 2 8.8 -4 2.5
4 16 9 0 2 9.7 0 3.3 9.6 -4.3 4.1 8.8 -4 2.5
3 16 8.8 -4.8 2.8 8.8 -4 2.5 9.6 -4.3 4.1
3 16 9.5 -4.8 4.3 8.8 -4.8 2.8 9.6 -4.3 4.1
3 16 8.5 -5.5 3.9 8.8 -4.8 2.8 9.5 -4.8 4.3
3 16 9.2 -5.5 4.9 8.5 -5.5 3.9 9.5 -4.8 4.3
4 16 8.5 -5.5 3.9 9.2 -5.5 4.9 9.0856 -6.0995 5.3 8.4 -6.2 4.4
3 16 7.8 -10.2 6.2 8.4 -6.2 4.4 9.0856 -6.0995 5.3
3 16 8.9502 -10.3016 7 7.8 -10.2 6.2 9.0856 -6.0995 5.3
3 16 7.8 -10.2 6.2 8.9502 -10.3016 7 7.5 -12 6.2
3 16 8.9502 -10.3016 7 8.8829 -12.3995 6.9 7.5 -12 6.2
3 16 7.5 -12 6.2 8.8829 -12.3995 6.9 7.3 -13.5 5.7
3 16 8.8829 -12.3995 6.9 8.8285 -14.0977 6.4 7.3 -13.5 5.7
3 16 7.3 -13.5 5.7 8.8285 -14.0977 6.4 7 -14.9 4.7
3 16 8.8285 -14.0977 6.4 8.7485 -16.6016 5 7 -14.9 4.7
4 16 6.8 0 7.9 7 0 12 9.1 0 12 9.7 0 10.9
4 16 9.7 0 10.9 9.7 0 3.3 6 0 6 6.8 0 7.9
4 16 9.7 0 3.3 9 0 2 4.9 0 4.7 6 0 6
4 16 3.5 0 2 3.5 0 2.5 4.9 0 4.7 9 0 2
3 16 -4.7 0 15.3 -5.3 0 14.6 -9 0 18.7
4 16 -9 0 18.7 -5.3 0 14.6 -5.9 0 13.8 -9.7 0 18.1
3 16 -3.5 0 16.1 -4.7 0 15.3 -9 0 18.7
4 16 -3.5 0 16.1 -9 0 18.7 -2.7 0 19.1 -2.8 0 16.4
4 16 -5.9 0 13.8 -6.2 0 13.1 -9.7 0 10 -9.7 0 18.1
4 16 -6.2 0 13.1 -6.5 0 12.2 -9 0 9.1 -9.7 0 10
3 16 -6.5 0 9 -9 0 9.1 -6.5 0 12.2
3 16 6.9 0 -5.3 6.9 0 -6.8 6.9 -0.4 -5.8
4 16 6.9 0 -5.3 6.9 -0.4 -5.8 6.9 -1.2 -5.5 6.9 -1.1 -5.2
4 16 6.9 -1.1 -5.2 6.9 -1.2 -5.5 6.9 -4.7 -5.4 6.9 -4.7 -5.2
4 16 6.9 -4.7 -5.2 6.9 -4.7 -5.4 6.9 -5.3 -5.4 6.9 -5.3 -5.2
3 16 6.9 -5.3 -5.4 6.9 -5.7 -5.3 6.9 -5.3 -5.2
2 24 -7.2 -17.6 -13.8 -5.7 -19.6 -14.6
2 24 -8.6249 -20.604 -13.2 -8.7243 -17.5008 -12.3
2 24 -8.7243 -17.5008 -12.3 -8.8465 -13.7015 -13.4
2 24 -7.3 -13.9 -14.5 -7.2 -17.6 -13.8
2 24 -7.6 -9.2 -15.5 -7.3 -13.9 -14.5
2 24 -8.8465 -13.7015 -13.4 -9.001 -8.9 -14.4
2 24 -9.001 -8.9 -14.4 -9.0847 -6.2995 -15.3
2 24 -7.8 -6.3 -16.7 -7.6 -9.2 -15.5
2 24 -9.0847 -6.2995 -15.3 -9.2 -5.5 -15.8
2 24 -7.9 -5.6 -17.1 -7.8 -6.3 -16.7
2 24 -9.2 -5.5 -15.8 -9.6 -4.4 -16.7
2 24 -8.7 -4.5 -18 -7.9 -5.6 -17.1
2 24 -9.6 -4.4 -16.7 -9.6 -2.4 -17.3
2 24 -8.9 -2.3 -18.3 -8.7 -4.5 -18
2 24 -9.6 -2.4 -17.3 -9.7 0 -17.6
2 24 -9.7 0 -17.6 -9 0 -18.5
2 24 -9 0 -18.5 -8.9 -2.3 -18.3
2 24 6.8 -20.9 13.9 7 -18.2 13.4
2 24 1.4 -18.8 13.7 1.8 -19.7 13.9
2 24 0.7 -18.2 13.6 1.4 -18.8 13.7
2 24 7 -18.2 13.4 7.2 -16.2 13.5
2 24 7.2 -16.2 13.5 7.4 -14 14.2
2 24 2.3 -14.1 14.1 2.2 -15.1 13.9
2 24 2.3 -11.4 14.5 2.3 -14.1 14.1
2 24 7.4 -14 14.2 7.6 -11.3 14.4
2 24 0.1 -17.2 13.7 0.1 -18 13.7
2 24 0.1 -18 13.7 0.7 -18.2 13.6
2 24 2.2 -15.1 13.9 1.1 -16 13.7
2 24 0.1 -16.4 14 0.1 -17.2 13.7
2 24 1.1 -16 13.7 0.1 -16.4 14
2 24 3.9 -8.8 13.6 2.3 -11.4 14.5
2 24 7.6 -11.3 14.4 8.6 -5.7 12.4
2 24 8.6 -5.7 12.4 8.8 -4.9 12.3
2 24 8.8 -4.9 12.3 8.9 -4.2 12.3
2 24 8.9 -4.2 12.3 9.1 0 12
2 24 9.1 0 12 7 0 12
2 24 7 0 12 6.5 -1.1 11.4
2 24 6.3 -4.5 11.8 5.4 -5.3 12
2 24 6.5 -3.6 11.7 6.3 -4.5 11.8
2 24 6.5 -1.1 11.4 6.5 -3.6 11.7
2 24 5.4 -5.3 12 4.1 -5.5 12.1
2 24 4.1 -5.5 12.1 3.9 -8.8 13.6
2 24 7.3 -16.9 -12.8 5.7 -19.6 -14.6
2 24 7.4 -11.4 -12.8 7.3 -16.9 -12.8
2 24 2.2 -15.8 -13.1 2.4 -11.2 -13.1
2 24 2.4 -11.2 -13.1 2.5 -7.5 -13.6
2 24 7.8 -5.9 -13.7 7.4 -11.4 -12.8
2 24 2.5 -7.5 -13.6 2.7 -6.4 -13.8
2 24 2.7 -6.4 -13.8 3.5 -5.2 -14.6
2 24 8.2 -5 -14.8 7.8 -5.9 -13.7
2 24 3.5 -5.2 -14.6 4.3 -4.6 -15.2
2 24 4.3 -4.6 -15.2 5 -3.5 -15.5
2 24 8.6 -3.7 -15.5 8.2 -5 -14.8
2 24 5 -3.5 -15.5 5.2 -1.5 -15.9
2 24 8.9 -1.6 -15.8 8.6 -3.7 -15.5
2 24 5.2 -1.5 -15.9 5.2 0 -15.9
2 24 5.2 0 -15.9 8.9 0 -15.8
2 24 8.9 0 -15.8 8.9 -1.6 -15.8
2 24 1.5 -16.5 -13.3 2.2 -15.8 -13.1
2 24 0.7 -16.9 -13.5 1.5 -16.5 -13.3
2 24 -0.2 -16.9 -13.7 0.7 -16.9 -13.5
2 24 -1.4 -16.5 -13.9 -0.2 -16.9 -13.7
2 24 -2.2 -17.5 -14.2 -2.2 -15.6 -14.1
2 24 -2.2 -15.6 -14.1 -1.4 -16.5 -13.9
2 24 -8.77 -16.0022 -3.3 -8.7512 -16.6016 -5
2 24 -8.7952 -15.2031 -1.6 -8.77 -16.0022 -3.3
2 24 -8.7949 -15.203 -0.4 -8.7952 -15.2031 -1.6
2 24 -8.7625 -16.202 0.8 -8.7949 -15.203 -0.4
2 24 -8.7718 -15.9023 2 -8.7625 -16.202 0.8
2 24 -8.7843 -15.5027 3.2 -8.7718 -15.9023 2
2 24 -8.7551 -16.4018 4.4 -8.7843 -15.5027 3.2
2 24 -8.7452 -16.7015 5.4 -8.7551 -16.4018 4.4
2 24 -8.6181 -20.6006 12.6 -8.6919 -18.3029 12.6
2 24 -8.7611 -16.202 6 -8.7452 -16.7015 5.4
2 24 -8.8442 -13.5982 7.8 -8.7611 -16.202 6
2 24 -8.6919 -18.3029 12.6 -8.7527 -16.4017 13.3
2 24 -8.9333 -10.8011 10.6 -8.8442 -13.5982 7.8
2 24 -8.7527 -16.4017 13.3 -8.8165 -14.4005 15.1
2 24 -8.8165 -14.4005 15.1 -8.8739 -12.5992 16.6
2 24 -9.0196 -8.1006 11.9 -8.9333 -10.8011 10.6
2 24 -8.8739 -12.5992 16.6 -8.9797 -9.2993 17.2
2 24 -8.9797 -9.2993 17.2 -9.0791 -6.2025 17.3
2 24 -9.0742 -6.3992 11.9 -9.0196 -8.1006 11.9
2 24 -9.2 -5.4 11.6 -9.0742 -6.3992 11.9
2 24 -9.0791 -6.2025 17.3 -9.2 -5.4 17.7
2 24 -9.2 -5.4 17.7 -9.7 -4.2 18
2 24 -9.6 -4.2 10.8 -9.2 -5.4 11.6
2 24 -9.7 -4.2 18 -9.7 -1.1 18.1
2 24 -9.7 -1 10 -9.6 -4.2 10.8
2 24 -9.7 -1.1 18.1 -9.7 0 18.1
2 24 -9.7 0 18.1 -9.7 0 10
2 24 -9.7 0 10 -9.7 -1 10
2 24 -6.9 -18.6 13.5 -6.8 -20.9 13.9
2 24 -1.8 -19.7 13.9 -1.5 -18.7 13.9
2 24 -7.1 -16.6 14 -6.9 -18.6 13.5
2 24 -1.5 -18.7 13.9 -1 -18 14.1
2 24 -1.1 -16 14.8 -1.8 -15.5 15.1
2 24 -7.3 -14.6 15.6 -7.1 -16.6 14
2 24 -1.8 -15.5 15.1 -2.3 -14.3 16.1
2 24 -7.4 -13 17.1 -7.3 -14.6 15.6
2 24 -2.3 -14.3 16.1 -2.4 -12.7 17.5
2 24 -7.6 -9.4 18.1 -7.4 -13 17.1
2 24 -2.4 -12.7 17.5 -2.4 -9.2 18.5
2 24 -2.4 -9.2 18.5 -2.5 -6 18.5
2 24 -8 -6.1 18.1 -7.6 -9.4 18.1
2 24 -1 -18 14.1 0 -17.6 14.3
2 24 0 -17.6 14.3 0 -16.2 14.7
2 24 0 -16.2 14.7 -1.1 -16 14.8
2 24 -2.5 -6 18.5 -2.6 -5.2 18.8
2 24 -8.4 -5.3 18.5 -8 -6.1 18.1
2 24 -2.6 -5.2 18.8 -2.6 -4.1 19
2 24 -9 -4.2 18.7 -8.4 -5.3 18.5
2 24 -2.6 -4.1 19 -2.7 -0.9 19.1
2 24 -9.1 -1.1 18.7 -9 -4.2 18.7
2 24 -9 0 18.7 -9.1 -1.1 18.7
2 24 -2.7 -0.9 19.1 -2.7 0 19.1
2 24 -2.7 0 19.1 -9 0 18.7
2 24 -9 0 18.7 -9.7 0 18.1
2 24 -2.6 -5.4 -17.3 -2.5 -6.1 -16.9
2 24 -2.5 -6.1 -16.9 -2.4 -9.1 -15.6
2 24 -2.5 -4.5 -18.3 -2.6 -5.4 -17.3
2 24 -2.7 -2.3 -18.5 -2.5 -4.5 -18.3
2 24 -2.4 -9.1 -15.6 -2.2 -15.5 -14.4
2 24 -2.8 0 -18.7 -2.7 -2.3 -18.5
2 24 -9 0 -18.5 -2.8 0 -18.7
2 24 -2.2 -15.5 -14.4 -2.2 -17.5 -14.2
2 24 -7.2 -14.3 -0.3 -7.2 -14.3 -1.6
2 24 -7.2 -14.3 -1.6 -7.2 -14.5 -3.2
2 24 -7.2 -14.5 -3.2 -7.3 -14.8 -4.7
2 24 -7.3 -14.8 -4.7 -8.7512 -16.6016 -5
2 24 -7.2 -14.4 0.8 -7.2 -14.3 -0.3
2 24 -8.7625 -16.202 0.8 -7.2 -14.4 0.8
2 24 -7 -14.5 2.1 -7.2 -14.4 0.8
2 24 -7.1 -14.7 3.2 -7 -14.5 2.1
2 24 -7 -14.9 4.3 -7.1 -14.7 3.2
2 24 -7 -14.9 5.4 -7 -14.9 4.3
2 24 -8.7452 -16.7015 5.4 -7 -14.9 5.4
2 24 -8.7512 -16.6016 -5 -8.9414 -10.7013 -7.8
2 24 -8.9414 -10.7013 -7.8 -9.0864 -6.1996 -9.5
2 24 -9.0864 -6.1996 -9.5 -9.2 -5.4 -9.6
2 24 -9.2 -5.4 -9.6 -9.6 -4.5 -9.7
2 24 -9.6 -4.5 -9.7 -9.7 -2 -9.7
2 24 -9.7 -2 -9.7 -9.7 0 -9.7
2 24 -9.7 0 -9.7 -9.7 0 -17.6
2 24 -7.3 -14.8 -4.7 -7.8 -10.1 -6.6
2 24 -7.8 -10.1 -6.6 -8 -6.1 -8.1
2 24 -8 -6.1 -8.1 -8.2 -5.3 -8.3
2 24 -8.2 -5.3 -8.3 -8.5 -4.4 -8.3
2 24 -8.5 -4.4 -8.3 -8.9 -1.9 -8.6
2 24 -8.9 -1.9 -8.6 -8.9 0 -8.7
2 24 -8.9 0 -8.7 -9.7 0 -9.7
2 24 -7.2 -14.1 5.8 -7 -14.9 5.4
2 24 -7.5 -12.7 7.5 -7.2 -14.1 5.8
2 24 -7.9 -10.4 9.7 -7.5 -12.7 7.5
2 24 -8.2 -7.8 11.1 -7.9 -10.4 9.7
2 24 -8.3 -6.5 11 -8.2 -7.8 11.1
2 24 -8.4 -5.4 10.6 -8.3 -6.5 11
2 24 -8.8 -4.2 9.6 -8.4 -5.4 10.6
2 24 -9 -1.1 9.1 -8.8 -4.2 9.6
2 24 -9 0 9.1 -9 -1.1 9.1
2 24 -9.7 0 10 -9 0 9.1
2 24 8.6249 -20.604 -13.2 8.7338 -17.2011 -11.9
2 24 8.7638 -16.202 -4.1 8.7732 -15.8991 -3.1
2 24 8.7732 -15.8991 -3.1 8.7985 -15.1032 -1.9
2 24 8.7985 -15.1032 -1.9 8.8045 -14.9034 -0.4
2 24 8.8045 -14.9034 -0.4 8.7592 -16.3019 1
2 24 8.7938 -15.2062 3 8.7485 -16.6016 5
2 24 8.7592 -16.3019 1 8.7938 -15.2062 3
2 24 8.7485 -16.6016 5 8.8285 -14.0977 6.4
2 24 8.769 -15.9022 12.5 8.7017 -18 12.3
2 24 8.7017 -18 12.3 8.6181 -20.6006 12.6
2 24 8.8285 -14.0977 6.4 8.8829 -12.3995 6.9
2 24 8.8395 -13.6981 13.4 8.769 -15.9022 12.5
2 24 8.9196 -11.2006 13.5 8.8395 -13.6981 13.4
2 24 8.8829 -12.3995 6.9 8.9502 -10.3016 7
2 24 9.1 -5.6 11.5 8.9196 -11.2006 13.5
2 24 8.9502 -10.3016 7 9.0856 -6.0995 5.3
2 24 9.4 -5 11.3 9.1 -5.6 11.5
2 24 9.0856 -6.0995 5.3 9.2 -5.5 4.9
2 24 9.2 -5.5 4.9 9.5 -4.8 4.3
2 24 9.6 -4.3 11.1 9.4 -5 11.3
2 24 9.5 -4.8 4.3 9.6 -4.3 4.1
2 24 9.7 0 10.9 9.6 -4.3 11.1
2 24 9.6 -4.3 4.1 9.7 0 3.3
2 24 9.7 0 3.3 9.7 0 10.9
2 24 8.9168 -11.5005 -11.9 8.7338 -17.2011 -11.9
2 24 9.1 -5.8 -12.5 8.9168 -11.5005 -11.9
2 24 9.3 -4.9 -13.5 9.1 -5.8 -12.5
2 24 9.6 -3.7 -14.3 9.3 -4.9 -13.5
2 24 9.7 -1.5 -14.5 9.6 -3.7 -14.3
2 24 9.7 0 -14.6 9.7 -1.5 -14.5
2 24 8.9 0 -15.8 9.7 0 -14.6
2 24 9.7 0 10.9 9.1 0 12
2 24 7.3 -14.3 -1.9 7.3 -14.3 -0.4
2 24 7.3 -14.6 -3.6 7.3 -14.3 -1.9
2 24 8.7638 -16.202 -4.1 7.3 -14.5 -4.3
2 24 7.3 -14.5 -4.3 7.3 -14.6 -3.6
2 24 7.3 -14.3 -0.4 7.2 -14.4 0.8
2 24 7.2 -14.4 0.8 8.7592 -16.3019 1
2 24 7.5 -13.8 -4.6 7.3 -14.5 -4.3
2 24 8.7638 -16.202 -4.1 8.7896 -15.4029 -4.8
2 24 8.7896 -15.4029 -4.8 8.9311 -11.001 -5.5
2 24 8.2 -5.6 -5.3 7.5 -13.8 -4.6
2 24 8.9311 -11.001 -5.5 9.1015 -5.7 -6.1
2 24 8.5 -4.6 -5.2 8.2 -5.6 -5.3
2 24 9.1015 -5.7 -6.1 9.4 -4.8 -6
2 24 8.8 -3.6 -5.2 8.5 -4.6 -5.2
2 24 9.4 -4.8 -6 9.5 -3.7 -6.1
2 24 9.5 -3.7 -6.1 9.6 -1.5 -6.1
2 24 8.9 -1.4 -5.3 8.8 -3.6 -5.2
2 24 9.6 -1.5 -6.1 9.6 0 -6.1
2 24 9.6 0 -6.1 8.9 0 -5.3
2 24 8.9 0 -5.3 8.9 -1.4 -5.3
2 24 7.2 -14.4 0.8 7 -14.6 2.9
2 24 7 -14.6 2.9 7 -14.9 4.7
2 24 7 -14.9 4.7 8.7485 -16.6016 5
2 24 9.7 0 -14.6 9.6 0 -6.1
2 24 -3.5 -14.3 -3.5 -3.5 -15 -4.6
2 24 -3.5 -15 -4.6 -7.3 -14.8 -4.7
2 24 -3.5 -14.2 -1.3 -3.5 -14.3 -3.5
2 24 -3.5 -14.4 1.1 -3.5 -14.2 -1.3
2 24 -3.5 -14.7 3.4 -3.5 -14.4 1.1
2 24 -3.5 -14.8 5.6 -3.5 -14.7 3.4
2 24 -7 -14.9 5.4 -3.5 -14.8 5.6
2 24 -3.5 -15 -4.6 -3.5 -10.3 -6.5
2 24 -3.5 -10.3 -6.5 -3.5 -6.1 -8.1
2 24 -3.5 -6.1 -8.1 -5.7 -6.1 -8.1
2 24 -5.7 -6.1 -8.1 -6.5 -5.7 -8.2
2 24 -6.5 -5.7 -8.2 -6.5 -4.5 -8.3
2 24 -6.5 -4.5 -8.3 -6.5 0 -8.7
2 24 -6.5 0 -8.7 -8.9 0 -8.7
2 24 6.9 -5.3 -5.2 6.9 -5.7 -5.3
2 24 6.9 -4.7 -5.2 6.9 -5.3 -5.2
2 24 3.5 -6.2 -5.3 3.5 -13.9 -4.6
2 24 3.5 -5.6 -5.3 3.5 -6.2 -5.3
2 24 3.5 -13.9 -4.6 3.5 -14.3 -4.4
2 24 3.5 -14.3 -4.4 7.3 -14.5 -4.3
2 24 4.9 -4.9 -5.4 3.5 -5.6 -5.3
2 24 6.9 -5.7 -5.3 6.9 -5.3 -5.4
2 24 5.6 -4.2 -5.4 4.9 -4.9 -5.4
2 24 6.9 -5.3 -5.4 6.9 -4.7 -5.4
2 24 6.9 -4.7 -5.4 6.9 -1.2 -5.5
2 24 5.9 -0.8 -5.6 5.6 -4.2 -5.4
2 24 6.9 -1.2 -5.5 6.9 -0.4 -5.8
2 24 6.9 -1.1 -5.2 6.9 -4.7 -5.2
2 24 8.9 0 -5.3 6.9 0 -5.3
2 24 6.9 0 -5.3 6.9 -1.1 -5.2
2 24 6.9 -0.4 -5.8 6.9 0 -6.8
2 24 6.4 -0.2 -7.1 5.9 -0.8 -5.6
2 24 6.9 0 -6.8 6.9 0 -8.1
2 24 6.7 -0.1 -8.2 6.4 -0.2 -7.1
2 24 6.9 0 -8.1 6.9 0 -9.9
2 24 6.7 -0.2 -9.9 6.7 -0.1 -8.2
2 24 6.6 -0.4 -10.8 6.7 -0.2 -9.9
2 24 6.9 0 -9.9 6.7 0 -12
2 24 6.7 0 -12 5.5 0 -14
2 24 5.5 0 -14 5.3 -0.8 -13.9
2 24 5.3 -0.8 -13.9 6.2 -1 -11.9
2 24 6.2 -1 -11.9 6.4 -1 -10.7
2 24 0 -17.9 14.8 0 -17.6 14.3
2 24 0.1 -18 13.7 0 -17.9 14.8
2 24 3.5 -14.8 4.7 7 -14.9 4.7
2 24 3.5 -14.4 1.3 3.5 -14.8 4.7
2 24 3.5 -14.3 -1.5 3.5 -14.4 1.3
2 24 3.5 -14.5 -3.8 3.5 -14.3 -1.5
2 24 3.5 -14.3 -4.4 3.5 -14.5 -3.8
2 24 -6.5 -4.1 9.5 -6.5 -5.2 10.3
2 24 -6.5 -5.2 10.3 -6.5 -6.2 10.8
2 24 -6.5 -6.2 10.8 -6.5 -7.3 10.9
2 24 -6.5 -1 8.9 -6.5 -4.1 9.5
2 24 -9 0 9.1 -6.5 0 9
2 24 -6.5 0 9 -6.5 -1 8.9
2 24 -3.5 -10.2 10 -3.5 -11.8 8.4
2 24 -3.5 -11.8 8.4 -3.5 -13.5 6.4
2 24 -3.5 -13.5 6.4 -3.5 -14.8 5.6
2 24 -5.7 -5.2 11.3 -3.2 -5.8 11.3
2 24 -3.2 -5.8 11.3 -2.9 -7.1 11.1
2 24 -6.5 -7.3 10.9 -6.5 -4.5 11.0973
2 24 -6.5 -4.5 11.0973 -5.7 -5.2 11.3
2 24 -2.9 -7.1 11.1 -2.8 -9.2 10.5
2 24 -2.8 -9.2 10.5 -3.5 -10.2 10
2 24 -6.5 0 -8.7 -6.6 0 -10.1
2 24 -6.6 0 -10.1 -6.6 0 -11.1
2 24 -6.6 0 -11.1 -6.5 0 -12.1
2 24 -6.5 0 -12.1 -6.2 0 -12.9
2 24 -6.2 0 -12.9 -5.6 0 -13.8
2 24 -5.6 0 -13.8 -5 0 -14.6
2 24 -5 0 -14.6 -3.9 0 -15.6
2 24 -3.9 0 -15.6 -3.1 0 -16.7
2 24 -3.1 0 -16.7 -2.8 0 -18.7
2 24 5.2 0 -15.9 5.5 0 -14
2 24 6.9 0 -6.8 6.9 0 -5.3
2 24 0.1 -16.6 10 1.5 -16.2 10
2 24 1.5 -16.2 10 2.2 -15.3 10
2 24 2.2 -15.3 10 2.4 -14 10
2 24 3.5 -28.3 10 -3.5 -28.3 10
2 24 -1.3 -16.3 10 0.1 -16.6 10
2 24 -2.3 -15.2 10 -1.3 -16.3 10
2 24 -2.5 -14 10 -2.3 -15.2 10
2 24 -2.8 -9.2 10.5 -2.5 -14 10
2 24 -3.5 -28.3 10 -3.5 -10.2 10
2 24 3.5 -6.6 10 3.5 -28.3 10
2 24 2.4 -14 10 2.6 -6.7 10.6
2 24 2.6 -6.7 10.6 3 -5.8 11.2
2 24 3.5 -5.7 10.3 3.5 -6.6 10
2 24 3 -5.8 11.2 4.1 -5.5 12.1
2 24 3.5 -5.6 8.1 3.5 -5.7 10.3
2 24 3.5 -5.2 6.1 3.5 -5.6 8.1
2 24 4.8 -4.2 5.9 3.5 -4.4 5
2 24 3.5 -4.4 5 3.5 -5.2 6.1
2 24 6.3 -4.5 11.8 6 -4.2 8.1
2 24 -3.5 -28.3 10 -3.5 -28.3 -10.5
2 24 -3.5 -28.3 -10.5 -3.5 -14 -10.5
2 24 -3.5 -14 -10.5 -3.5 -5.7 -11.2
2 24 -3.5 -5.7 -11.2 -3.5 -5.7 -10.1
2 24 -3.5 -5.7 -10.1 -3.5 -5.2 -8.7
2 24 -3.5 -5.2 -8.7 -3.5 -6.1 -8.1
2 24 -3.5 -5.7 -11.2 -3.3 -5.7 -11.9
2 24 -3.3 -5.7 -11.9 -3 -5.5 -13.2
2 24 -3 -5.5 -13.2 -2.8 -4.9 -15.3
2 24 -2.8 -4.9 -15.3 -2.8 -3.7 -15.9
2 24 -2.8 -3.7 -15.9 -4.5 -3.7 -14.5
2 24 -4.5 -3.7 -14.5 -5.6 -3.6 -13.1
2 24 -5.6 -3.6 -13.1 -5.5434 -4.6 -12.2962
2 24 -5.5434 -4.6 -12.2962 -6 -4.6 -10
2 24 -6 -4.6 -10 -6.3 -4.1 -9.9
2 24 -6.3 -4.1 -9.9 -6.2 -4.3 -9
2 24 -6.2 -4.3 -9 -6.5 -4.5 -8.3
2 24 2.2 -14.6 -12.7 2.2 -15.8 -13.1
2 24 2.3 -14 -12.2 2.2 -14.6 -12.7
2 24 2.5 -14.1 -11.4 2.3 -14 -12.2
2 24 2 -15.7 -11.4 2.5 -14.1 -11.4
2 24 0.8 -16.5 -11.3 2 -15.7 -11.4
2 24 -0.5 -16.6 -11.3 0.8 -16.5 -11.3
2 24 -2 -15.7 -11.3 -0.5 -16.6 -11.3
2 24 -2.6 -14.1 -11.5 -2 -15.7 -11.3
2 24 -2.3 -14 -12.4 -2.6 -14.1 -11.5
2 24 -2.3 -14.1 -13.5 -2.3 -14 -12.4
2 24 -2.2 -15.6 -14.1 -2.3 -14.1 -13.5
2 24 3.5 -28.3 -10.5 3.5 -15.4 -10.5
2 24 -3.5 -28.3 -10.5 3.5 -28.3 -10.5
2 24 -2.6 -14.1 -11.5 -3.3 -5.7 -11.9
2 24 3.5 -15.4 -10.5 3.5 -11.4 -11.1
2 24 2.5 -11 -11.5 2.5 -14.1 -11.4
2 24 3.5 -11.4 -11.1 3.5 -7.5 -11.2
2 24 2.5 -7.5 -11.6 2.5 -11 -11.5
2 24 3.5 -7.5 -11.2 3.5 -6.6 -11.2
2 24 2.9 -6.1 -11.6 2.5 -7.5 -11.6
2 24 3.3 -5.6 -11.8 2.9 -6.1 -11.6
2 24 3.5 -6.6 -11.2 3.5 -5.7 -11
2 24 3.5 -5.7 -11 3.3 -5.6 -11.8
2 24 3.5 -5.7 -11 3.5 -5.6 -5.3
2 24 3.7 -5.1 -14.2 3.3 -5.6 -11.8
2 24 5.6 -4.2 -5.4 5.6214 -4.6 -8.0961
2 24 5.2 -3.4 -14 4.7 -4.4 -14.4
2 24 4.7 -4.4 -14.4 3.7 -5.1 -14.2
2 24 3.5 -28.3 -10.5 3.5 -28.3 10
2 24 3.5 -13.2 5.7 3.5 -14.8 4.7
2 24 3.5 -11.9 6.2 3.5 -13.2 5.7
2 24 3.5 -10.5 6.2 3.5 -11.9 6.2
2 24 3.5 -8 5.3 3.5 -10.5 6.2
2 24 3.5 -6.1 4.2 3.5 -8 5.3
2 24 3.5 -5.4 3.6 3.5 -6.1 4.2
2 24 3.5 -4.6 2.8 3.5 -5.4 3.6
2 24 3.5 -4.4 5 3.5 -3.6 4.8
2 24 3.5 -3.8 2.4 3.5 -4.6 2.8
2 24 3.5 -3.6 4.8 3.5 -1.2 4.9
2 24 3.5 -1.2 4.9 3.5 -1.2 4.3
2 24 3.5 -1.2 4.3 3.5 0 2.5
2 24 3.5 0 2.5 3.5 0 2
2 24 3.5 0 2 3.5 -3.8 2.4
2 24 -2.7 -2.3 -18.5 -2.7 -1.6 -18
2 24 -2.8 -1.6 -16 -2.8 -3.7 -15.9
2 24 -2.7 -1.6 -18 -3 -0.6 -16.7
2 24 -3.1 -0.8 -16 -2.8 -1.6 -16
2 24 -3 -0.6 -16.7 -3.9 0 -15.6
2 24 -3.8 -0.4 -15.4 -3.1 -0.8 -16
2 24 -4.7 -0.3 -14.6 -3.8 -0.4 -15.4
2 24 -5.5 -0.6 -13.4 -4.7 -0.3 -14.6
2 24 -6 -0.3 -12.7 -5.5 -0.6 -13.4
2 24 -6.3 -0.3 -12.1 -6 -0.3 -12.7
2 24 -6.5 -0.3 -11.1 -6.3 -0.3 -12.1
2 24 -6.4 -0.4 -10.2 -6.5 -0.3 -11.1
2 24 -6.4 -0.8 -9.7 -6.4 -0.4 -10.2
2 24 -6.3 -4.1 -9.9 -6.4 -0.8 -9.7
2 24 5.2 -3.4 -14 5.3 -0.8 -13.9
2 24 -5.6 -3.6 -13.1 -5.5 -0.6 -13.4
2 24 -5.5 -0.6 -13.4 -5.5434 -0.6 -12.2962
2 24 -2.9 -5.6 13.7 -2.8 -5 15.4
2 24 -3.2 -5.8 11.3 -2.9 -5.6 13.7
2 24 -2.8 -5 15.4 -2.8 -3.6 16
2 24 -2.8 -3.6 16 -3 -0.6 15.9
2 24 -3 -0.6 15.9 -2.8 0 16.4
2 24 -2.8 0 16.4 -2.7 0 19.1
2 24 0 -16.2 14.7 0.1 -16.4 14
2 24 -4 -0.5 15 -3 -0.6 15.9
2 24 -6.5 -4.5 11.0973 -5.8768 -4.5 11.7973
2 24 -6.5 -4.5 11.0973 -6.5 -0.5 11.0973
2 24 -6.5 -0.5 11.0973 -6.5 0 12.2
2 24 -6.5 0 12.2 -6.2 0 13.1
2 24 -6.2 0 13.1 -5.9 0 13.8
2 24 -5.9 0 13.8 -5.3 0 14.6
2 24 -5.3 0 14.6 -4.7 0 15.3
2 24 -4.7 0 15.3 -3.5 0 16.1
2 24 -3.5 0 16.1 -2.8 0 16.4
2 24 -6.5 0 9 -6.5 0 12.2
2 24 6 0 6 4.9 0 4.7
2 24 6.8 0 7.9 6 0 6
2 24 7 0 12 6.8 0 7.9
2 24 4.9 0 4.7 3.5 0 2.5
2 24 7.3 -13.5 5.7 7 -14.9 4.7
2 24 7.5 -12 6.2 7.3 -13.5 5.7
2 24 7.8 -10.2 6.2 7.5 -12 6.2
2 24 8.4 -6.2 4.4 7.8 -10.2 6.2
2 24 8.5 -5.5 3.9 8.4 -6.2 4.4
2 24 8.8 -4.8 2.8 8.5 -5.5 3.9
2 24 8.8 -4 2.5 8.8 -4.8 2.8
2 24 3.5 0 2 9 0 2
2 24 9 0 2 8.8 -4 2.5
2 24 9 0 2 9.7 0 3.3
4 16 4.5204 -4.3 6.1731 5.8212 -4.3 8.1195 5.8212 -0.6 8.1195 4.5204 -0.6 6.1731
2 24 4.8 -0.6 5.9 6 -0.6 8.1
2 24 4.5204 -4.3 6.1731 5.8212 -4.3 8.1195
2 24 5.8212 -0.6 8.1195 6 -0.6 8.1
2 24 4.5204 -0.6 6.1731 4.8 -0.6 5.9
2 24 4.5204 -0.6 6.1731 5.8212 -0.6 8.1195
2 24 5.8212 -0.6 8.1195 5.8212 -4.3 8.1195
2 24 4.5204 -4.3 6.1731 4.8 -4.2 5.9
2 24 4.8 -4.2 5.9 4.8 -0.6 5.9
2 24 4.5204 -0.6 6.1731 4.5204 -4.3 6.1731
4 16 4.8 -4.2 5.9 4.5204 -4.3 6.1731 4.5204 -0.6 6.1731 4.8 -0.6 5.9
4 16 4.8 -0.6 5.9 4.5204 -0.6 6.1731 5.8212 -0.6 8.1195 6 -0.6 8.1
4 16 6 -0.6 8.1 5.8212 -0.6 8.1195 5.8212 -4.3 8.1195 6 -4.2 8.1
2 24 5.8212 -4.3 8.1195 6 -4.2 8.1
3 16 5.8212 -4.3 8.1195 6.3 -4.5 11.8 6 -4.2 8.1
3 16 5.8212 -4.3 8.1195 5.2 -5.1 10.9 6.3 -4.5 11.8
3 16 5.8212 -4.3 8.1195 3.5 -5.6 8.1 5.2 -5.1 10.9
3 16 5.8212 -4.3 8.1195 4.5204 -4.3 6.1731 3.5 -5.6 8.1
3 16 4.5204 -4.3 6.1731 3.5 -5.2 6.1 3.5 -5.6 8.1
3 16 4.8 -4.2 5.9 3.5 -4.4 5 4.5204 -4.3 6.1731
2 24 6 -4.2 8.1 6 -0.6 8.1
4 16 -4.187 -4.5 14.3257 -5.8768 -4.5 11.7973 -5.8768 -0.5 11.7973 -4.187 -0.5 14.3257
4 16 -6.5 -0.5 11.0973 -5.8768 -0.5 11.7973 -5.8768 -4.5 11.7973 -6.5 -4.5 11.0973
3 16 -4.2 -3.6 14.8 -4.187 -4.5 14.3257 -4 -0.5 15
3 16 -4.187 -0.5 14.3257 -4 -0.5 15 -4.187 -4.5 14.3257
2 24 -5.8768 -4.5 11.7973 -4.187 -4.5 14.3257
2 24 -4.187 -4.5 14.3257 -4.2 -3.6 14.8
2 24 -4.2 -3.6 14.8 -4 -0.5 15
2 24 -6.2 -0.5 12.3 -6 -0.5 13
2 24 -6 -0.5 13 -5.6 -0.5 13.7
2 24 -5.6 -0.5 13.7 -5.1 -0.5 14.4
2 24 -5.1 -0.5 14.4 -4.5 -0.5 14.9
2 24 -4.187 -0.5 14.3257 -4 -0.5 15
2 24 -4.187 -0.5 14.3257 -5.8768 -0.5 11.7973
4 16 -5.8768 -0.5 11.7973 -6.2 -0.5 12.3 -6 -0.5 13 -4.187 -0.5 14.3257
4 16 -4.187 -0.5 14.3257 -6 -0.5 13 -5.6 -0.5 13.7 -5.1 -0.5 14.4
4 16 -5.1 -0.5 14.4 -4.5 -0.5 14.9 -4 -0.5 15 -4.187 -0.5 14.3257
2 24 -6.2 -0.5 12.3 -6.5 -0.5 11.0973
2 24 -6.5 -0.5 11.0973 -5.8768 -0.5 11.7973
2 24 -4.5 -0.5 14.9 -3 -0.6 15.9
4 16 -6 -4.6 -10 -5.5434 -4.6 -12.2962 -5.5434 -0.6 -12.2962 -6 -0.6 -10
2 24 6.078 -0.6 -10.3923 6.6 -0.4 -10.8
2 24 6.078 -0.6 -10.3923 5.6214 -0.6 -8.0961
2 24 5.6214 -0.6 -8.0961 5.6214 -4.6 -8.0961
2 24 5.6214 -4.6 -8.0961 6.078 -4.6 -10.3923
2 24 6.078 -4.6 -10.3923 6.078 -0.6 -10.3923
2 24 6.078 -4.6 -10.3923 6.4 -3.7 -10.6
2 24 6.4 -3.7 -10.6 6.4 -1 -10.7
2 24 6.6 -0.4 -10.8 6.4 -1 -10.7
3 16 6.078 -0.6 -10.3923 6.6 -0.4 -10.8 6.4 -1 -10.7
4 16 5.6214 -4.6 -8.0961 5.6214 -0.6 -8.0961 6.078 -0.6 -10.3923 6.078 -4.6 -10.3923
3 16 6.078 -4.6 -10.3923 6.078 -0.6 -10.3923 6.4 -3.7 -10.6
3 16 6.4 -1 -10.7 6.4 -3.7 -10.6 6.078 -0.6 -10.3923
2 24 4.7 -4.4 -14.4 6 -4.6 -12.2
2 24 6 -4.6 -12.2 6.078 -4.6 -10.3923
2 24 5.6214 -0.6 -8.0961 5.9 -0.8 -5.6
3 16 -5.6 -3.6 -13.1 -5.5 -0.6 -13.4 -5.5434 -4.6 -12.2962
3 16 -6 -0.6 -10 -5.5434 -0.6 -12.2962 -6.4 -0.4 -10.2
3 16 -6.4 -0.4 -10.2 -6.4 -0.8 -9.7 -6 -0.6 -10
3 16 -6.3 -4.1 -9.9 -6 -4.6 -10 -6.4 -0.8 -9.7
3 16 -6 -0.6 -10 -6.4 -0.8 -9.7 -6 -4.6 -10
2 24 -6.4 -0.8 -9.7 -6 -0.6 -10
2 24 -6 -0.6 -10 -5.5434 -0.6 -12.2962
2 24 -6 -0.6 -10 -6 -4.6 -10
2 24 -5.5434 -0.6 -12.2962 -5.5434 -4.6 -12.2962
5 24 -9.7 -1.1 18.1 -9.7 -1 10 -9.6 -4.2 10.8 -9.7 0 18.1
5 24 0 -41.5 -24.3 0 -40.7 -25.2 -1.2 -41 -24.8 1.2 -41 -24.8
5 24 -9.7 -4.2 18 -9.6 -4.2 10.8 -9.2 -5.4 11.6 -9.7 -1.1 18.1
5 24 5.2 -5.1 10.9 5.8212 -4.3 8.1195 6.3 -4.5 11.8 3.5 -5.6 8.1
5 24 8.6 -3.7 -15.5 9.6 -3.7 -14.3 9.7 -1.5 -14.5 8.2 -5 -14.8
5 24 5.2 -3.4 -14 5 -3.5 -15.5 4.7 -4.4 -14.4 5.2 -1.5 -15.9
5 24 3.5 -15.4 -10.5 2 -15.7 -11.4 2.5 -14.1 -11.4 2.7 -16.4 -10.5
5 24 2.9 -6.1 -11.6 3.5 -5.7 -11 3.5 -6.6 -11.2 3.3 -5.6 -11.8
5 24 -6.4 -0.4 -10.2 -6 -0.6 -10 -5.5434 -0.6 -12.2962 -6.4 -0.8 -9.7
5 24 3.5 -1.2 4.9 4.9 0 4.7 4.8 -0.6 5.9 3.5 -1.2 4.3
5 24 1.5 -19.4 16.8 1.7 -19.6 15.3 2.1 -22.2 14.3 1.3 -18.6 15.1
5 24 -2.6 -4.1 19 -9 -4.2 18.7 -8.4 -5.3 18.5 -2.7 -0.9 19.1
5 24 -7.6 -9.2 -15.5 -2.4 -9.1 -15.6 -7.3 -13.9 -14.5 -7.8 -6.3 -16.7
5 24 6.9 -5.3 -5.4 4.9 -4.9 -5.4 6.9 -5.7 -5.3 6.9 -4.7 -5.4
5 24 6.4 -0.2 -7.1 5.6214 -0.6 -8.0961 5.9 -0.8 -5.6 6.7 -0.1 -8.2
5 24 -1.5 -18.7 13.9 -1.3 -18.5 15.3 -1 -18 14.1 -1.7 -19.6 15.3
5 24 6 -4.2 8.1 6.5 -3.6 11.7 6.5 -1.1 11.4 6.3 -4.5 11.8
5 24 9.1015 -5.7 -6.1 8.5 -4.6 -5.2 8.2 -5.6 -5.3 9.4 -4.8 -6
5 24 -6.3 -0.3 -12.1 -5.5434 -0.6 -12.2962 -6 -0.3 -12.7 -6.5 -0.3 -11.1
5 24 0 -19.4 17.2 0 -21.9 16.9 1.5 -19.4 16.8 -1.5 -19.4 16.8
5 24 -8.8 -4.2 9.6 -9.6 -4.2 10.8 -8.4 -5.4 10.6 -9.7 -1 10
5 24 3.5 -14.5 -3.8 7.3 -14.5 -4.3 3.5 -14.3 -4.4 7.3 -14.6 -3.6
5 24 -6.2 -4.3 -9 -5.6 -5.1 -9.1 -6.3 -4.1 -9.9 -6.5 -4.5 -8.3
5 24 7.8 -5.9 -13.7 9.3 -4.9 -13.5 8.2 -5 -14.8 9.1 -5.8 -12.5
5 24 -9.7 -1.1 18.1 -9.1 -1.1 18.7 -9.7 -4.2 18 -9.7 0 18.1
5 24 -2.4 -12.7 17.5 -2.5 -14 10 -2.8 -9.2 10.5 -2.3 -14.3 16.1
5 24 5.4 -5.3 12 3.9 -8.8 13.6 6.4 -5.9 12.5 4.1 -5.5 12.1
5 24 -5.6 -5.1 -9.1 -3.5 -5.7 -10.1 -3.5 -5.2 -8.7 -5.4 -5 -10.7
5 24 2 -15.7 -11.4 2.7 -16.4 -10.5 3.5 -15.4 -10.5 0.8 -16.5 -11.3
5 24 8.6181 -20.6006 12.6 7 -18.2 13.4 6.8 -20.9 13.9 8.7017 -18 12.3
5 24 -0.6 -18 15.2 0 -17.9 16.2 0 -17.9 14.8 -0.6 -18.1 15.9
5 24 -9.2 -5.5 -15.8 -9.2 -5.4 -9.6 -9.0847 -6.2995 -15.3 -9.6 -4.5 -9.7
5 24 -9.2 -5.4 11.6 -9.7 -4.2 18 -9.2 -5.4 17.7 -9.6 -4.2 10.8
5 24 -7.6 -9.4 18.1 -8.9797 -9.2993 17.2 -8 -6.1 18.1 -8.8739 -12.5992 16.6
5 24 8.5 -5.5 3.9 3.5 -5.4 3.6 3.5 -4.6 2.8 8.4 -6.2 4.4
5 24 -6.4 -0.4 -10.2 -6.6 0 -10.1 -6.6 0 -11.1 -6.5 0 -8.7
5 24 0 -22.1 -15.8 0 -18.7 -14.25 -3.7 -22.5 -15.8 3.7 -22.5 -15.8
5 24 -8.7952 -15.2031 -1.6 -7.2 -14.3 -1.6 -8.7949 -15.203 -0.4 -7.2 -14.5 -3.2
5 24 -8.9333 -10.8011 10.6 -8.2 -7.8 11.1 -7.9 -10.4 9.7 -9.0196 -8.1006 11.9
5 24 1.5 -19.4 16.8 0 -18.3 16.9 1.1 -18.3 16.3 0 -19.4 17.2
5 24 -8.4 -5.4 10.6 -6.5 -6.2 10.8 -6.5 -5.2 10.3 -8.3 -6.5 11
5 24 -0.2 -16.5 -13.3 0.7 -16.3 -13.1 -0.3 -16.2 -12.3 0.7 -16.9 -13.5
5 24 2.2 -15.1 13.9 2.2 -15.3 10 2.4 -14 10 1.1 -16 13.7
5 24 0.5 -39.3 -19.6 -0.5 -39.3 -19.6 1.2 -39 -22.3 -0.6 -39.1 -18.9
5 24 -2.3 -14.3 16.1 -2.5 -14 10 -2.4 -12.7 17.5 -1.8 -15.5 15.1
5 24 0 -17.9 16.2 -0.6 -18.1 15.9 -0.6 -18 15.2 -1 -18.3 16.4
5 24 -2 -15.7 -11.3 -3.5 -14 -10.5 -2.6 -14.1 -11.5 -2.3 -16.8 -10.5
5 24 0 -34.7 -26.4 0 -32.4 -27.6 2.4 -32.6 -27.3 -2.4 -32.6 -27.3
5 24 -1 -18 14.1 -1.8 -15.5 15.1 -1.1 -16 14.8 -7.1 -16.6 14
5 24 7.2 -14.4 0.8 8.7938 -15.2062 3 8.7592 -16.3019 1 7 -14.6 2.9
5 24 -3.5 -14.3 -3.5 -7.3 -14.8 -4.7 -7.2 -14.5 -3.2 -3.5 -15 -4.6
5 24 8.9502 -10.3016 7 7.5 -12 6.2 7.8 -10.2 6.2 8.8829 -12.3995 6.9
5 24 1.8 -19.7 13.9 7 -18.2 13.4 6.8 -20.9 13.9 1.4 -18.8 13.7
5 24 5.2 -1.5 -15.9 8.6 -3.7 -15.5 5 -3.5 -15.5 8.9 -1.6 -15.8
5 24 -3.5 -14.2 -1.3 -7.2 -14.3 -1.6 -7.2 -14.3 -0.3 -7.2 -14.5 -3.2
5 24 0 -17.9 14.8 0.6 -18 15.8 0.7 -18 14.9 0 -17.9 16.2
5 24 3.5 -14.8 4.7 7 -14.6 2.9 7 -14.9 4.7 3.5 -14.4 1.3
5 24 7.2 -16.2 13.5 2.7 -16.7 13.5 2.2 -15.1 13.9 7 -18.2 13.4
5 24 -2.6 -5.4 -17.3 -7.9 -5.6 -17.1 -2.5 -4.5 -18.3 -2.5 -6.1 -16.9
5 24 -9.6 -2.4 -17.3 -9.7 0 -9.7 -9.6 -4.4 -16.7 -9.7 0 -17.6
5 24 5.3 -0.8 -13.9 5.2 -1.5 -15.9 5.2 -3.4 -14 5.2 0 -15.9
5 24 -6.2 -0.5 12.3 -6.2 0 13.1 -6 -0.5 13 -6.5 0 12.2
5 24 3.5 -5.6 -5.3 6.9 -5.7 -5.3 4.9 -4.9 -5.4 3.5 -6.2 -5.3
5 24 2.3 -14 -12.2 1.6 -15.6 -12.2 2.2 -14.6 -12.7 2.5 -14.1 -11.4
5 24 -5.6 -3.6 -13.1 -4.6 -4.6 -13.9 -5.5434 -4.6 -12.2962 -4.5 -3.7 -14.5
5 24 -0.2 -16.5 -13.3 0.7 -16.9 -13.5 -0.2 -16.9 -13.7 0.7 -16.3 -13.1
5 24 -1 -18 14.1 -0.6 -18 15.2 -1.3 -18.5 15.3 0 -17.6 14.3
5 24 9.1 -5.6 11.5 8.6 -5.7 12.4 8.9196 -11.2006 13.5 8.8 -4.9 12.3
5 24 -3.5 -14.7 3.4 -7 -14.9 4.3 -3.5 -14.8 5.6 -7 -14.5 2.1
5 24 -5.7 -19.6 -14.6 -8.6249 -20.604 -13.2 -6.5 -23 -14.4 -7.2 -17.6 -13.8
5 24 0 -21.9 16.9 0 -23.1 17.8 1.8 -23.2 17.4 -1.8 -23.2 17.4
5 24 -8.9 -1.9 -8.6 -6.5 0 -8.7 -6.5 -4.5 -8.3 -8.9 0 -8.7
5 24 -8.7 -4.5 -18 -9.6 -2.4 -17.3 -9.6 -4.4 -16.7 -8.9 -2.3 -18.3
5 24 3.5 -1.2 4.3 4.9 0 4.7 3.5 -1.2 4.9 3.5 0 2.5
5 24 -0.6 -39.1 -18.9 -0.9 -26.1 -18.5 -1.5 -26.4 -18.9 0.9 -26.1 -18.5
5 24 -0.2 -16.5 -13.3 -1.4 -16.5 -13.9 -0.2 -16.9 -13.7 -1.4 -15.9 -13.5
5 24 2.9 -8.9 13.3 3 -5.8 11.2 4.1 -5.5 12.1 2.6 -6.7 10.6
5 24 0.7 -18.2 13.6 0.7 -18 14.9 0.1 -18 13.7 1.4 -18.8 13.7
5 24 -1.8 -19.7 13.9 -1.7 -19.6 15.3 -1.5 -18.7 13.9 -2.1 -22.2 14.3
5 24 9.3 -4.9 -13.5 9.5 -3.7 -6.1 9.6 -3.7 -14.3 9.4 -4.8 -6
5 24 9.5 -4.8 4.3 9.6 -4.3 11.1 9.4 -5 11.3 9.6 -4.3 4.1
5 24 7.4 -14 14.2 8.8395 -13.6981 13.4 7.6 -11.3 14.4 8.769 -15.9022 12.5
5 24 -4 -0.5 15 -2.8 -3.6 16 -4.2 -3.6 14.8 -3 -0.6 15.9
5 24 5.8212 -4.3 8.1195 6.3 -4.5 11.8 5.2 -5.1 10.9 6 -4.2 8.1
5 24 1.7 -19.6 15.3 1.8 -19.7 13.9 2.1 -22.2 14.3 1.3 -18.6 15.1
5 24 3.5 -5.2 6.1 4.5204 -4.3 6.1731 3.5 -4.4 5 3.5 -5.6 8.1
5 24 9.6 -4.3 11.1 9.1 0 12 8.9 -4.2 12.3 9.7 0 10.9
5 24 6.9 -1.1 -5.2 8.9 0 -5.3 8.9 -1.4 -5.3 6.9 0 -5.3
5 24 7 -14.9 4.7 8.7938 -15.2062 3 7 -14.6 2.9 8.7485 -16.6016 5
5 24 -2.6 -4.1 19 -8.4 -5.3 18.5 -9 -4.2 18.7 -2.6 -5.2 18.8
5 24 -7.5 -12.7 7.5 -8.8442 -13.5982 7.8 -7.9 -10.4 9.7 -7.2 -14.1 5.8
5 24 -4.5 -3.7 -14.5 -2.8 -1.6 -16 -3.1 -0.8 -16 -2.8 -3.7 -15.9
5 24 -2.6 -14.1 -11.5 -3.5 -14 -10.5 -3.3 -5.7 -11.9 -2 -15.7 -11.3
5 24 -5.6 -5.1 -9.1 -6.5 -5.7 -8.2 -5.7 -6.1 -8.1 -6.5 -4.5 -8.3
5 24 1.5 -15.9 -12.9 2.2 -15.8 -13.1 2.2 -14.6 -12.7 1.5 -16.5 -13.3
5 24 7.4 -11.4 -12.8 2.4 -11.2 -13.1 2.5 -7.5 -13.6 7.3 -16.9 -12.8
5 24 0 -26.1 16.5 0 -27.5 16.7 -1 -26.2 16.2 1 -26.2 16.2
5 24 8.8 -4.9 12.3 9.4 -5 11.3 9.1 -5.6 11.5 8.9 -4.2 12.3
5 24 -0.3 -16.2 -12.3 0.7 -16.3 -13.1 0.7 -16.1 -12.3 -0.2 -16.5 -13.3
5 24 8.8285 -14.0977 6.4 7.3 -13.5 5.7 7 -14.9 4.7 8.8829 -12.3995 6.9
5 24 -0.9 -26.1 -18.5 0 -25.45 -17.75 -2.5 -26.4 -18.3 0.9 -26.1 -18.5
5 24 -7.8 -10.1 -6.6 -5.7 -6.1 -8.1 -3.5 -10.3 -6.5 -6.5 -5.7 -8.2
5 24 0 -17.9 14.8 -0.6 -18 15.2 0 -17.6 14.3 0 -17.9 16.2
5 24 -2.9 -7.1 11.1 -2.4 -9.2 18.5 -2.9 -5.6 13.7 -2.8 -9.2 10.5
5 24 2.9 -6.1 -11.6 2.7 -6.4 -13.8 2.5 -7.5 -13.6 3.5 -5.2 -14.6
5 24 -9.6 -4.4 -16.7 -8.7 -4.5 -18 -9.2 -5.5 -15.8 -9.6 -2.4 -17.3
5 24 7 -3.6 12.3 6.5 -3.6 11.7 6.3 -4.5 11.8 6.5 -1.1 11.4
5 24 -8.2 -5.3 -8.3 -6.5 -5.7 -8.2 -8 -6.1 -8.1 -6.5 -4.5 -8.3
5 24 6.9 -1.2 -5.5 5.9 -0.8 -5.6 6.9 -0.4 -5.8 5.6 -4.2 -5.4
5 24 -3 -0.6 -16.7 -3.1 -0.8 -16 -2.8 -1.6 -16 -3.9 0 -15.6
5 24 -1 -18.3 16.4 0 -18.3 16.9 0 -17.9 16.2 -1.5 -19.4 16.8
5 24 -9 -1.1 9.1 -6.5 -4.1 9.5 -8.8 -4.2 9.6 -6.5 -1 8.9
5 24 -3 -5.5 -13.2 -4.9 -5.1 -12 -3.3 -5.7 -11.9 -2.8 -4.9 -15.3
5 24 -1.8 -15.5 15.1 -2.5 -14 10 -2.3 -14.3 16.1 -2.3 -15.2 10
5 24 2.5 -7.5 -13.6 2.5 -7.5 -11.6 2.4 -11.2 -13.1 2.9 -6.1 -11.6
5 24 -6.5 -7.3 10.9 -6.5 -10.4 9.8 -2.9 -7.1 11.1 -7.9 -10.4 9.7
5 24 0.1 -17.2 13.7 0 -17.6 14.3 0.1 -16.4 14 0.1 -18 13.7
5 24 -8.6181 -20.6006 12.6 -6.8 -20.9 13.9 -6.9 -18.6 13.5 -6.5 -23.9 14.5
5 24 9.6 -4.3 11.1 8.9 -4.2 12.3 9.1 0 12 9.4 -5 11.3
5 24 -0.6 -18 15.2 -0.6 -18.1 15.9 -1.3 -18.5 15.3 0 -17.9 16.2
5 24 0 -24.7 -26.3 0 -25.4 -24.5 -1.2 -25.7 -24.2 1.2 -25.7 -24.2
5 24 -6.5 -6.2 10.8 -8.3 -6.5 11 -6.5 -7.3 10.9 -8.4 -5.4 10.6
5 24 -5.6 -5.1 -9.1 -6.3 -4.1 -9.9 -6 -4.6 -10 -6.2 -4.3 -9
5 24 8.7938 -15.2062 3 7 -14.6 2.9 7 -14.9 4.7 7.2 -14.4 0.8
5 24 2.3 -14.1 14.1 2.4 -14 10 2.2 -15.1 13.9 2.4 -10.1 13
5 24 1.6 -15.6 -12.2 2.5 -14.1 -11.4 2 -15.7 -11.4 2.3 -14 -12.2
5 24 5.6214 -4.6 -8.0961 4.9 -4.9 -5.4 3.5 -5.6 -5.3 5.6 -4.2 -5.4
5 24 1 -17.5 -10.5 2.7 -16.4 -10.5 0.8 -16.5 -11.3 3.5 -28.3 -10.5
5 24 -8.7452 -16.7015 5.4 -7.2 -14.1 5.8 -7 -14.9 5.4 -8.7611 -16.202 6
5 24 0.1 -17.2 13.7 1.2 -16.8 13.5 0.1 -18 13.7 0.1 -16.4 14
5 24 -7 -14.9 4.3 -8.7551 -16.4018 4.4 -8.7452 -16.7015 5.4 -8.7843 -15.5027 3.2
5 24 7 0 12 7 -3.6 12.3 9.1 0 12 6.5 -1.1 11.4
5 24 8.8 -4.8 2.8 9.6 -4.3 4.1 8.8 -4 2.5 9.5 -4.8 4.3
5 24 5.2 -3.4 -14 6 -4.6 -12.2 4.7 -4.4 -14.4 6.2 -3.7 -12
5 24 2.7 -16.7 13.5 1.2 -16.8 13.5 2.2 -15.1 13.9 1.4 -18.8 13.7
5 24 -8.8442 -13.5982 7.8 -7.9 -10.4 9.7 -7.5 -12.7 7.5 -8.9333 -10.8011 10.6
5 24 0 -25.4 -24.5 -0.8 -25.8 -23.7 0.8 -25.8 -23.7 -1.2 -25.7 -24.2
5 24 -2.8 0 16.4 -2.7 -0.9 19.1 -3 -0.6 15.9 -2.7 0 19.1
5 24 3.5 -3.6 4.8 4.8 -0.6 5.9 3.5 -1.2 4.9 4.8 -4.2 5.9
5 24 -2.4 -9.2 18.5 -7.6 -9.4 18.1 -7.4 -13 17.1 -2.5 -6 18.5
5 24 -2.3 -14 -12.4 -2.4 -9.1 -15.6 -3 -5.5 -13.2 -2.3 -14.1 -13.5
5 24 -5.5434 -0.6 -12.2962 -6.5 -0.3 -11.1 -6.3 -0.3 -12.1 -6.4 -0.4 -10.2
5 24 1.2 -39 -22.3 0.5 -39.3 -19.6 -1.2 -39 -22.3 1.2 -39.1 -19.6
5 24 -9.2 -5.4 -9.6 -8.2 -5.3 -8.3 -9.0864 -6.1996 -9.5 -8.5 -4.4 -8.3
5 24 0 -33.3 -10.6 0 -35.6 -11.5 -2.1 -33.2 -10.6 2.1 -33.2 -10.6
5 24 0 -39.7 -14.1 0 -41.6 -16.3 4.4 -39.7 -14.8 -4.4 -39.7 -14.8
5 24 0 -32.4 -27.6 0 -30.6 -29.1 2.4 -32.6 -27.3 -2.4 -32.6 -27.3
5 24 0 -42.7 -20.4 0 -42.1 -22.7 -2.7 -41.9 -22.6 2.7 -41.9 -22.6
5 24 -8 -6.1 -8.1 -8.9414 -10.7013 -7.8 -7.8 -10.1 -6.6 -9.0864 -6.1996 -9.5
5 24 2.4 -11.2 -13.1 2.5 -11 -11.5 2.3 -14 -12.2 2.5 -7.5 -11.6
5 24 -7 -14.5 2.1 -3.5 -14.4 1.1 -7.2 -14.4 0.8 -3.5 -14.7 3.4
5 24 0.7 -18 14.9 1.4 -18.8 13.7 0.7 -18.2 13.6 1.3 -18.6 15.1
5 24 -7.2 -14.1 5.8 -8.7611 -16.202 6 -8.8442 -13.5982 7.8 -8.7452 -16.7015 5.4
5 24 9.1 -5.8 -12.5 7.4 -11.4 -12.8 8.9168 -11.5005 -11.9 7.8 -5.9 -13.7
5 24 3.5 -11.9 6.2 7.5 -12 6.2 7.3 -13.5 5.7 3.5 -10.5 6.2
5 24 -5.6 -5.1 -9.1 -5.7 -6.1 -8.1 -3.5 -5.2 -8.7 -6.5 -5.7 -8.2
5 24 -6.5 0 -12.1 -6.5 -0.3 -11.1 -6.6 0 -11.1 -6.3 -0.3 -12.1
5 24 8.8 -3.6 -5.2 9.4 -4.8 -6 8.5 -4.6 -5.2 9.5 -3.7 -6.1
5 24 6.2 -1 -11.9 6.6 -0.4 -10.8 6.7 0 -12 6.4 -1 -10.7
5 24 -6.5 -1 8.9 -9 -1.1 9.1 -6.5 -4.1 9.5 -9 0 9.1
5 24 -5.4 -5 -10.7 -4.9 -5.1 -12 -3.5 -5.7 -11.2 -6 -4.6 -10
5 24 7 -14.9 4.7 3.5 -13.2 5.7 7.3 -13.5 5.7 3.5 -14.8 4.7
5 24 -8.5 -4.4 -8.3 -9.6 -4.5 -9.7 -8.9 -1.9 -8.6 -9.2 -5.4 -9.6
5 24 -8.9 -1.9 -8.6 -9.6 -4.5 -9.7 -8.5 -4.4 -8.3 -9.7 -2 -9.7
5 24 -5.5434 -4.6 -12.2962 -5.5 -0.6 -13.4 -5.6 -3.6 -13.1 -5.5434 -0.6 -12.2962
5 24 6.4 -3.7 -10.6 6 -4.6 -12.2 6.078 -4.6 -10.3923 6.2 -3.7 -12
5 24 -9.7 0 -17.6 -8.9 -2.3 -18.3 -9.6 -2.4 -17.3 -9 0 -18.5
5 24 8.7985 -15.1032 -1.9 7.3 -14.6 -3.6 7.3 -14.3 -1.9 8.7732 -15.8991 -3.1
5 24 6.9 -1.1 -5.2 8.8 -3.6 -5.2 8.9 -1.4 -5.3 6.9 -4.7 -5.2
5 24 0.6 -18 15.8 0 -18.3 16.9 0 -17.9 16.2 1.1 -18.3 16.3
5 24 -9.2 -5.5 -15.8 -7.9 -5.6 -17.1 -8.7 -4.5 -18 -7.8 -6.3 -16.7
5 24 9.1 -5.6 11.5 8.8 -4.9 12.3 8.6 -5.7 12.4 9.4 -5 11.3
5 24 6.4 -3.7 -10.6 6.2 -1 -11.9 6.2 -3.7 -12 6.4 -1 -10.7
5 24 -7 -14.9 4.3 -3.5 -14.8 5.6 -7 -14.9 5.4 -3.5 -14.7 3.4
5 24 7.2 -16.2 13.5 8.769 -15.9022 12.5 7 -18.2 13.4 7.4 -14 14.2
5 24 -9 -4.2 18.7 -9.2 -5.4 17.7 -8.4 -5.3 18.5 -9.7 -4.2 18
5 24 -1.3 -16.3 10 0.1 -16.4 14 -1.1 -16 14.8 0.1 -16.6 10
5 24 3.5 -14.4 1.3 7.2 -14.4 0.8 7 -14.6 2.9 7.3 -14.3 -0.4
5 24 6.4 -3.7 -10.6 6.2 -3.7 -12 6.2 -1 -11.9 6 -4.6 -12.2
5 24 -2.8 -3.6 16 -2.7 -0.9 19.1 -3 -0.6 15.9 -2.6 -4.1 19
5 24 7.8 -10.2 6.2 3.5 -10.5 6.2 3.5 -8 5.3 7.5 -12 6.2
5 24 -4.7 0 15.3 -4.5 -0.5 14.9 -5.1 -0.5 14.4 -3.5 0 16.1
5 24 2.9 -8.9 13.3 2.6 -6.7 10.6 2.4 -10.1 13 3 -5.8 11.2
5 24 -5.8768 -4.5 11.7973 -5.7 -5.2 11.3 -4.187 -4.5 14.3257 -6.5 -4.5 11.0973
5 24 0 -17.6 14.3 -1.1 -16 14.8 -1 -18 14.1 0 -16.2 14.7
5 24 -8.7 -4.5 -18 -2.7 -2.3 -18.5 -2.5 -4.5 -18.3 -8.9 -2.3 -18.3
5 24 -1 -18.3 16.4 -1.7 -19.6 15.3 -1.3 -18.5 15.3 -1.5 -19.4 16.8
5 24 0.7 -18 14.9 0.6 -18 15.8 1.3 -18.6 15.1 0 -17.9 14.8
5 24 8.7896 -15.4029 -4.8 7.5 -13.8 -4.6 8.9311 -11.001 -5.5 7.3 -14.5 -4.3
5 24 0.6 -18 15.8 1.3 -18.6 15.1 0.7 -18 14.9 1.1 -18.3 16.3
5 24 -6.5 -10.4 9.8 -7.5 -12.7 7.5 -7.9 -10.4 9.7 -3.5 -10.2 10
5 24 -2.5 -4.5 -18.3 -8.7 -4.5 -18 -2.7 -2.3 -18.5 -7.9 -5.6 -17.1
5 24 2.2 -14.6 -12.7 1.5 -15.9 -12.9 1.6 -15.6 -12.2 2.2 -15.8 -13.1
5 24 8.8395 -13.6981 13.4 7.6 -11.3 14.4 7.4 -14 14.2 8.9196 -11.2006 13.5
5 24 3.7 -5.1 -14.2 3.5 -5.2 -14.6 3.3 -5.6 -11.8 4.7 -4.4 -14.4
5 24 4.8 -0.6 5.9 6 0 6 4.9 0 4.7 6 -0.6 8.1
5 24 2.3 -14.1 14.1 2.4 -10.1 13 2.3 -11.4 14.5 2.4 -14 10
5 24 -4.7 0 15.3 -5.1 -0.5 14.4 -5.3 0 14.6 -4.5 -0.5 14.9
5 24 6.5 -1.1 11.4 6 -4.2 8.1 6 -0.6 8.1 6.5 -3.6 11.7
5 24 -4 -0.5 15 -4.5 -0.5 14.9 -3 -0.6 15.9 -4.187 -0.5 14.3257
5 24 3.5 -6.6 -11.2 2.9 -6.1 -11.6 2.5 -7.5 -11.6 3.5 -5.7 -11
5 24 -6.2 -4.3 -9 -6.5 0 -8.7 -6.4 -0.8 -9.7 -6.5 -4.5 -8.3
5 24 2.7 -6.4 -13.8 7.8 -5.9 -13.7 2.5 -7.5 -13.6 3.5 -5.2 -14.6
5 24 -9.2 -5.4 11.6 -8.4 -5.4 10.6 -8.3 -6.5 11 -9.6 -4.2 10.8
5 24 -8 -6.1 18.1 -9.2 -5.4 17.7 -8.4 -5.3 18.5 -9.0791 -6.2025 17.3
5 24 7.4 -11.4 -12.8 8.9168 -11.5005 -11.9 7.3 -16.9 -12.8 9.1 -5.8 -12.5
5 24 0 -19.4 17.2 1.5 -19.4 16.8 0 -21.9 16.9 0 -18.3 16.9
5 24 -0.5 -16.6 -11.3 -2.3 -16.8 -10.5 -0.8 -17.5 -10.5 -2 -15.7 -11.3
5 24 0 -36.4 -26.2 0 -34.7 -26.4 3.4 -34.8 -26 -3.4 -34.8 -26
5 24 -6.5 -5.2 10.3 -8.8 -4.2 9.6 -6.5 -4.1 9.5 -8.4 -5.4 10.6
5 24 -6.5 0 12.2 -6.2 -0.5 12.3 -6.5 -0.5 11.0973 -6.2 0 13.1
5 24 -8.8442 -13.5982 7.8 -7.2 -14.1 5.8 -7.5 -12.7 7.5 -8.7611 -16.202 6
5 24 -7.2 -14.1 5.8 -3.5 -13.5 6.4 -3.5 -14.8 5.6 -7.5 -12.7 7.5
5 24 -8.7243 -17.5008 -12.3 -7.2 -17.6 -13.8 -8.6249 -20.604 -13.2 -8.8465 -13.7015 -13.4
5 24 5.9 -0.8 -5.6 6.9 -0.4 -5.8 6.9 0 -6.8 6.9 -1.2 -5.5
5 24 -3.5 -14.8 5.6 -7.2 -14.1 5.8 -7 -14.9 5.4 -3.5 -13.5 6.4
5 24 0.7 -16.3 -13.1 0.7 -16.1 -12.3 -0.3 -16.2 -12.3 1.5 -15.9 -12.9
5 24 7.2 -16.2 13.5 2.2 -15.1 13.9 2.7 -16.7 13.5 7.4 -14 14.2
5 24 7 -3.6 12.3 6.3 -4.5 11.8 6.9 -4.8 12.4 6.5 -3.6 11.7
5 24 3.5 -14.3 -1.5 7.3 -14.3 -0.4 3.5 -14.4 1.3 7.3 -14.3 -1.9
5 24 8.9196 -11.2006 13.5 8.6 -5.7 12.4 7.6 -11.3 14.4 9.1 -5.6 11.5
5 24 9.4 -4.8 -6 9.3 -4.9 -13.5 9.1 -5.8 -12.5 9.5 -3.7 -6.1
5 24 0.8 -25.8 -23.7 0.3 -35 -23.6 -0.8 -25.8 -23.7 0.7 -35.2103 -23.5317
5 24 -7 -14.9 4.3 -8.7452 -16.7015 5.4 -8.7551 -16.4018 4.4 -7 -14.9 5.4
5 24 -7.3 -14.8 -4.7 -8.77 -16.0022 -3.3 -8.7952 -15.2031 -1.6 -8.7512 -16.6016 -5
5 24 8.9311 -11.001 -5.5 7.5 -13.8 -4.6 8.7896 -15.4029 -4.8 8.2 -5.6 -5.3
5 24 -2.5 -6 18.5 -2.9 -5.6 13.7 -2.8 -5 15.4 -2.4 -9.2 18.5
5 24 1.1 -16 13.7 1.5 -16.2 10 0.1 -16.6 10 2.2 -15.3 10
5 24 3.5 -5.4 3.6 8.4 -6.2 4.4 3.5 -6.1 4.2 8.5 -5.5 3.9
5 24 9.1 0 12 7 -3.6 12.3 8.9 -4.2 12.3 7 0 12
5 24 3.5 -5.7 10.3 2.6 -6.7 10.6 3.5 -6.6 10 3 -5.8 11.2
5 24 -1.4 -15.9 -13.5 -2.2 -15.6 -14.1 -2.3 -14.1 -13.5 -1.4 -16.5 -13.9
5 24 0 -24.8 17.2 0 -26.1 16.5 1 -26.2 16.2 -1 -26.2 16.2
5 24 -8.8465 -13.7015 -13.4 -7.3 -13.9 -14.5 -7.2 -17.6 -13.8 -7.6 -9.2 -15.5
5 24 8.2 -5 -14.8 9.3 -4.9 -13.5 7.8 -5.9 -13.7 9.6 -3.7 -14.3
5 24 -6 -0.3 -12.7 -5.5434 -0.6 -12.2962 -6.3 -0.3 -12.1 -5.5 -0.6 -13.4
5 24 -4.9 -5.1 -12 -5.5434 -4.6 -12.2962 -6 -4.6 -10 -4.6 -4.6 -13.9
5 24 8.4 -6.2 4.4 9.0856 -6.0995 5.3 8.5 -5.5 3.9 7.8 -10.2 6.2
5 24 0 -25.2 -28 0 -24.7 -26.3 -2.7 -25.9 -27.7 2.7 -25.9 -27.7
5 24 -9.7 -1.1 18.1 -9.6 -4.2 10.8 -9.7 -4.2 18 -9.7 -1 10
5 24 -9.2 -5.4 17.7 -9.2 -5.4 11.6 -9.0791 -6.2025 17.3 -9.7 -4.2 18
5 24 -9.2 -5.4 11.6 -9.0791 -6.2025 17.3 -9.0742 -6.3992 11.9 -9.2 -5.4 17.7
5 24 -8.8739 -12.5992 16.6 -7.3 -14.6 15.6 -8.8165 -14.4005 15.1 -7.4 -13 17.1
5 24 -7.9 -5.6 -17.1 -2.5 -4.5 -18.3 -2.6 -5.4 -17.3 -8.7 -4.5 -18
5 24 -8.9 0 -8.7 -9.7 -2 -9.7 -8.9 -1.9 -8.6 -9.7 0 -9.7
5 24 6.9 0 -8.1 6.4 -0.2 -7.1 6.7 -0.1 -8.2 6.9 0 -6.8
5 24 -3.9 0 -15.6 -3.1 -0.8 -16 -3 -0.6 -16.7 -3.8 -0.4 -15.4
5 24 -7.6 -9.4 18.1 -8.8739 -12.5992 16.6 -7.4 -13 17.1 -8.9797 -9.2993 17.2
5 24 -0.5 -16.6 -11.3 -1.5 -15.6 -12.2 -2 -15.7 -11.3 -0.3 -16.2 -12.3
5 24 -5.1 -0.5 14.4 -5.9 0 13.8 -5.6 -0.5 13.7 -5.3 0 14.6
5 24 -7.2 -17.6 -13.8 -2.2 -15.5 -14.4 -7.3 -13.9 -14.5 -2.2 -17.5 -14.2
5 24 5 -3.5 -15.5 4.7 -4.4 -14.4 5.2 -3.4 -14 4.3 -4.6 -15.2
5 24 -1.4 -16.5 -13.9 -1.4 -15.9 -13.5 -2.2 -15.6 -14.1 -0.2 -16.5 -13.3
5 24 -0.6 -18 15.2 0 -17.6 14.3 -1 -18 14.1 0 -17.9 14.8
5 24 6.5 -1.1 11.4 7 -3.6 12.3 6.5 -3.6 11.7 7 0 12
5 24 4.5204 -4.3 6.1731 3.5 -4.4 5 3.5 -5.2 6.1 4.8 -4.2 5.9
5 24 2.4 -11.2 -13.1 2.5 -7.5 -11.6 2.5 -7.5 -13.6 2.5 -11 -11.5
5 24 8.8045 -14.9034 -0.4 7.3 -14.3 -1.9 7.3 -14.3 -0.4 8.7985 -15.1032 -1.9
5 24 -8 -6.1 18.1 -8.9797 -9.2993 17.2 -7.6 -9.4 18.1 -9.0791 -6.2025 17.3
5 24 9.4 -5 11.3 8.9 -4.2 12.3 9.6 -4.3 11.1 8.8 -4.9 12.3
5 24 1.3 -18.6 15.1 1.5 -19.4 16.8 1.7 -19.6 15.3 1.1 -18.3 16.3
5 24 8.7017 -18 12.3 7 -18.2 13.4 8.6181 -20.6006 12.6 8.769 -15.9022 12.5
5 24 -0.8 -17.5 -10.5 1 -17.5 -10.5 -0.5 -16.6 -11.3 -3.5 -28.3 -10.5
5 24 6.4 -0.2 -7.1 6.9 0 -6.8 6.9 0 -8.1 5.9 -0.8 -5.6
5 24 5.8212 -4.3 8.1195 3.5 -5.6 8.1 5.2 -5.1 10.9 4.5204 -4.3 6.1731
5 24 -7.2 -14.5 -3.2 -3.5 -14.2 -1.3 -3.5 -14.3 -3.5 -7.2 -14.3 -1.6
5 24 -8.3 -6.5 11 -9.0742 -6.3992 11.9 -9.2 -5.4 11.6 -8.2 -7.8 11.1
5 24 5.4 -5.3 12 5.2 -5.1 10.9 4.1 -5.5 12.1 6.3 -4.5 11.8
5 24 3.5 -6.1 4.2 8.4 -6.2 4.4 3.5 -5.4 3.6 3.5 -8 5.3
5 24 -4.187 -4.5 14.3257 -4.187 -0.5 14.3257 -5.8768 -4.5 11.7973 -4 -0.5 15
5 24 -2.4 -9.2 18.5 -2.9 -5.6 13.7 -2.5 -6 18.5 -2.9 -7.1 11.1
5 24 0 -18.7 -14.25 -5.7 -19.6 -14.6 -3.7 -22.5 -15.8 -7.2 -17.6 -13.8
5 24 -5.4 -5 -10.7 -5.6 -5.1 -9.1 -3.5 -5.7 -10.1 -6 -4.6 -10
5 24 3.5 -11.4 -11.1 2.5 -11 -11.5 2.5 -14.1 -11.4 3.5 -7.5 -11.2
5 24 -6 -4.6 -10 -6.4 -0.8 -9.7 -6 -0.6 -10 -6.3 -4.1 -9.9
5 24 0 -31.8 -5.8 0 -32.1 -8.3 -2.9 -32 -8.4 2.9 -32 -8.4
5 24 -1.8 -19.7 13.9 -6.9 -18.6 13.5 -6.8 -20.9 13.9 -1.5 -18.7 13.9
5 24 0 -26.9 -29.5 0 -25.2 -28 -2.3 -27.3 -29 2.3 -27.3 -29
5 24 0 -18.3 16.9 0 -19.4 17.2 1.5 -19.4 16.8 -1.5 -19.4 16.8
5 24 6 -4.6 -12.2 3.5 -5.6 -5.3 5.6214 -4.6 -8.0961 3.5 -5.7 -11
5 24 8.8 -4.9 12.3 6.9 -4.8 12.4 8.6 -5.7 12.4 8.9 -4.2 12.3
5 24 -2.9 -7.1 11.1 -6.5 -7.3 10.9 -3.5 -10.2 10 -5.7 -5.2 11.3
5 24 3.5 -5.7 -11 6 -4.6 -12.2 3.7 -5.1 -14.2 3.5 -5.6 -5.3
5 24 3.5 -4.6 2.8 8.5 -5.5 3.9 8.8 -4.8 2.8 3.5 -5.4 3.6
5 24 -0.6 -18.1 15.9 -1.3 -18.5 15.3 -1 -18.3 16.4 -0.6 -18 15.2
5 24 0 -41.6 -16.3 0 -42.3 -18 -4.2 -41.4 -18.2 4.2 -41.4 -18.2
5 24 0 -25.4 -24.5 0.8 -25.8 -23.7 -0.8 -25.8 -23.7 1.2 -25.7 -24.2
5 24 0 -30.5 13 0 -31 12 -0.9 -30.6 12.4 0.9 -30.6 12.4
5 24 -3.5 -5.2 -8.7 -5.6 -5.1 -9.1 -3.5 -5.7 -10.1 -5.7 -6.1 -8.1
5 24 5.6214 -0.6 -8.0961 6.7 -0.2 -9.9 6.7 -0.1 -8.2 6.078 -0.6 -10.3923
5 24 -6 -4.6 -10 -5.6 -5.1 -9.1 -5.4 -5 -10.7 -6.3 -4.1 -9.9
5 24 4.1 -5.5 12.1 3.5 -5.7 10.3 3 -5.8 11.2 5.2 -5.1 10.9
5 24 6.9 0 -9.9 6.7 -0.2 -9.9 6.7 -0.1 -8.2 6.6 -0.4 -10.8
5 24 7.3 -14.3 -1.9 3.5 -14.5 -3.8 3.5 -14.3 -1.5 7.3 -14.6 -3.6
5 24 2.2 -15.3 10 1.1 -16 13.7 1.5 -16.2 10 2.2 -15.1 13.9
5 24 3.5 -15.4 -10.5 2.5 -14.1 -11.4 2 -15.7 -11.4 3.5 -11.4 -11.1
5 24 -2.4 -12.7 17.5 -7.4 -13 17.1 -2.3 -14.3 16.1 -2.4 -9.2 18.5
5 24 3.5 -5.6 8.1 4.5204 -4.3 6.1731 3.5 -5.2 6.1 5.8212 -4.3 8.1195
5 24 -0.8 -25.8 -23.7 -0.3 -35 -23.6 -0.7 -35.2103 -23.5317 0.3 -35 -23.6
5 24 8.6249 -20.604 -13.2 5.7 -19.6 -14.6 7.3 -16.9 -12.8 6.5 -23 -14.4
5 24 7.3 -16.9 -12.8 8.6249 -20.604 -13.2 8.7338 -17.2011 -11.9 5.7 -19.6 -14.6
5 24 7.8 -5.9 -13.7 3.5 -5.2 -14.6 8.2 -5 -14.8 2.7 -6.4 -13.8
5 24 -6.2 0 13.1 -6 -0.5 13 -5.9 0 13.8 -6.2 -0.5 12.3
5 24 6.9 -4.8 12.4 6.3 -4.5 11.8 6.4 -5.9 12.5 7 -3.6 12.3
5 24 1.2 -16.8 13.5 0.1 -16.4 14 0.1 -17.2 13.7 1.1 -16 13.7
5 24 -7.5 -12.7 7.5 -3.5 -11.8 8.4 -3.5 -13.5 6.4 -6.5 -10.4 9.8
5 24 0.5 -39.3 -19.6 0.6 -39.1 -18.9 -0.5 -39.3 -19.6 1.1 -39 -19.1
5 24 1.2 -16.8 13.5 1.4 -18.8 13.7 2.7 -16.7 13.5 0.7 -18.2 13.6
5 24 -3.5 -5.2 -8.7 -5.7 -6.1 -8.1 -3.5 -6.1 -8.1 -5.6 -5.1 -9.1
5 24 -2.5 -4.5 -18.3 -2.8 -3.7 -15.9 -2.6 -5.4 -17.3 -2.7 -2.3 -18.5
5 24 -0.2 -16.9 -13.7 -0.2 -16.5 -13.3 -1.4 -16.5 -13.9 0.7 -16.9 -13.5
5 24 9.2 -5.5 4.9 9.1 -5.6 11.5 9.4 -5 11.3 9.0856 -6.0995 5.3
5 24 4.1 -5.5 12.1 2.9 -8.9 13.3 3.9 -8.8 13.6 3 -5.8 11.2
5 24 0.9 -26.1 -18.5 0 -25.45 -17.75 2.5 -26.4 -18.3 -0.9 -26.1 -18.5
5 24 1.5 -15.9 -12.9 1.6 -15.6 -12.2 0.7 -16.1 -12.3 2.2 -14.6 -12.7
5 24 -6 -0.3 -12.7 -5.6 0 -13.8 -5.5 -0.6 -13.4 -6.2 0 -12.9
5 24 -2.8 -5 15.4 -4.187 -4.5 14.3257 -4.2 -3.6 14.8 -2.9 -5.6 13.7
5 24 8.6 -5.7 12.4 6.4 -5.9 12.5 3.9 -8.8 13.6 6.9 -4.8 12.4
5 24 6.9 -5.7 -5.3 7.5 -13.8 -4.6 3.5 -6.2 -5.3 8.2 -5.6 -5.3
5 24 -4.9 -5.1 -12 -3.3 -5.7 -11.9 -3.5 -5.7 -11.2 -3 -5.5 -13.2
5 24 2.5 -11 -11.5 2.3 -14 -12.2 2.5 -14.1 -11.4 2.4 -11.2 -13.1
5 24 -4.6 -4.6 -13.9 -5.5434 -4.6 -12.2962 -5.6 -3.6 -13.1 -4.9 -5.1 -12
5 24 7.6 -11.3 14.4 8.9196 -11.2006 13.5 8.8395 -13.6981 13.4 8.6 -5.7 12.4
5 24 -7.6 -9.2 -15.5 -8.8465 -13.7015 -13.4 -7.3 -13.9 -14.5 -9.001 -8.9 -14.4
5 24 0 -25.45 -17.75 0 -25.1 -17.2 -2.5 -26.4 -18.3 2.5 -26.4 -18.3
5 24 2.5 -7.5 -13.6 7.4 -11.4 -12.8 7.8 -5.9 -13.7 2.4 -11.2 -13.1
5 24 -2.8 0 -18.7 -2.7 -1.6 -18 -2.7 -2.3 -18.5 -3.1 0 -16.7
5 24 8.7985 -15.1032 -1.9 7.3 -14.3 -1.9 8.8045 -14.9034 -0.4 7.3 -14.6 -3.6
5 24 -1.5 -18.7 13.9 -7.1 -16.6 14 -6.9 -18.6 13.5 -1 -18 14.1
5 24 -8.4 -5.3 18.5 -9.2 -5.4 17.7 -9 -4.2 18.7 -8 -6.1 18.1
5 24 0.7 -16.1 -12.3 1.6 -15.6 -12.2 1.5 -15.9 -12.9 0.8 -16.5 -11.3
5 24 -2.6 -4.1 19 -2.8 -3.6 16 -2.6 -5.2 18.8 -2.7 -0.9 19.1
5 24 -1.1 -16 14.8 -2.3 -15.2 10 -1.3 -16.3 10 -1.8 -15.5 15.1
5 24 -9.0791 -6.2025 17.3 -9.0742 -6.3992 11.9 -9.0196 -8.1006 11.9 -9.2 -5.4 11.6
5 24 6 -0.6 8.1 6.5 -1.1 11.4 7 0 12 6 -4.2 8.1
5 24 7.5 -13.8 -4.6 3.5 -13.9 -4.6 6.9 -5.7 -5.3 7.3 -14.5 -4.3
5 24 2.5 -7.5 -13.6 7.8 -5.9 -13.7 7.4 -11.4 -12.8 2.7 -6.4 -13.8
5 24 6.7 -0.2 -9.9 6.078 -0.6 -10.3923 5.6214 -0.6 -8.0961 6.6 -0.4 -10.8
5 24 -4.6 -4.6 -13.9 -4.5 -3.7 -14.5 -5.6 -3.6 -13.1 -2.8 -4.9 -15.3
5 24 -7.3 -14.8 -4.7 -8.7952 -15.2031 -1.6 -7.2 -14.5 -3.2 -8.77 -16.0022 -3.3
5 24 4.3 -4.6 -15.2 8.6 -3.7 -15.5 8.2 -5 -14.8 5 -3.5 -15.5
5 24 -1.5 -15.6 -12.2 -2.6 -14.1 -11.5 -2 -15.7 -11.3 -2.3 -14 -12.4
5 24 7.3 -14.5 -4.3 8.7896 -15.4029 -4.8 7.5 -13.8 -4.6 8.7638 -16.202 -4.1
5 24 6.9 -5.7 -5.3 8.2 -5.6 -5.3 7.5 -13.8 -4.6 6.9 -5.3 -5.2
5 24 -6.5 -4.5 -8.3 -8.5 -4.4 -8.3 -8.9 -1.9 -8.6 -8.2 -5.3 -8.3
5 24 -9.6 -4.4 -16.7 -9.6 -4.5 -9.7 -9.2 -5.5 -15.8 -9.7 -2 -9.7
5 24 6.8 -20.9 13.9 1.8 -19.7 13.9 2.1 -22.2 14.3 7 -18.2 13.4
5 24 -8.2 -7.8 11.1 -6.5 -7.3 10.9 -7.9 -10.4 9.7 -8.3 -6.5 11
5 24 2.2 -15.8 -13.1 7.3 -16.9 -12.8 2.4 -11.2 -13.1 1.5 -16.5 -13.3
5 24 3.5 -3.6 4.8 4.8 -4.2 5.9 3.5 -4.4 5 4.8 -0.6 5.9
5 24 -5.6 -3.6 -13.1 -4.7 -0.3 -14.6 -5.5 -0.6 -13.4 -4.5 -3.7 -14.5
5 24 0 -18.7 -14.25 5.7 -19.6 -14.6 3.7 -22.5 -15.8 7.3 -16.9 -12.8
5 24 -8.8739 -12.5992 16.6 -7.4 -13 17.1 -7.3 -14.6 15.6 -7.6 -9.4 18.1
5 24 -7.1 -16.6 14 -8.7527 -16.4017 13.3 -8.6919 -18.3029 12.6 -8.8165 -14.4005 15.1
5 24 -9.6 -4.5 -9.7 -9.2 -5.5 -15.8 -9.2 -5.4 -9.6 -9.6 -4.4 -16.7
5 24 -2.8 -3.7 -15.9 -2.6 -5.4 -17.3 -2.5 -4.5 -18.3 -2.8 -4.9 -15.3
5 24 6 -4.6 -12.2 3.7 -5.1 -14.2 4.7 -4.4 -14.4 3.5 -5.7 -11
5 24 2.3 -14.1 14.1 7.4 -14 14.2 2.2 -15.1 13.9 2.3 -11.4 14.5
5 24 -6.2 0 -12.9 -6 -0.3 -12.7 -6.3 -0.3 -12.1 -5.6 0 -13.8
5 24 -9 -4.2 18.7 -9.7 -4.2 18 -9.2 -5.4 17.7 -9.1 -1.1 18.7
5 24 -3.5 -5.7 -11.2 -5.4 -5 -10.7 -3.5 -5.7 -10.1 -4.9 -5.1 -12
5 24 0 -18.7 -14.25 0.7 -16.9 -13.5 -0.2 -16.9 -13.7 1.5 -16.5 -13.3
5 24 7.5 -12 6.2 8.8829 -12.3995 6.9 8.9502 -10.3016 7 7.3 -13.5 5.7
5 24 6.078 -0.6 -10.3923 6.4 -3.7 -10.6 6.4 -1 -10.7 6.078 -4.6 -10.3923
5 24 -3.9 0 -15.6 -4.7 -0.3 -14.6 -5 0 -14.6 -3.8 -0.4 -15.4
5 24 -7.2 -17.6 -13.8 -8.6249 -20.604 -13.2 -5.7 -19.6 -14.6 -8.7243 -17.5008 -12.3
5 24 -4.5 -3.7 -14.5 -4.7 -0.3 -14.6 -3.1 -0.8 -16 -5.6 -3.6 -13.1
5 24 -1.3 -18.5 15.3 -0.6 -18 15.2 -1 -18 14.1 -0.6 -18.1 15.9
5 24 3.5 0 2 8.8 -4 2.5 3.5 -3.8 2.4 9 0 2
5 24 0 -42.3 -18 0 -42.7 -20.4 -4.2 -41.4 -18.2 4.2 -41.4 -18.2
5 24 -2.6 -5.2 18.8 -8 -6.1 18.1 -2.5 -6 18.5 -8.4 -5.3 18.5
5 24 8.2 -5.6 -5.3 6.9 -5.3 -5.2 6.9 -5.7 -5.3 8.5 -4.6 -5.2
5 24 -4.2 -3.6 14.8 -2.8 -3.6 16 -2.8 -5 15.4 -4 -0.5 15
5 24 7.3 -13.5 5.7 3.5 -13.2 5.7 3.5 -11.9 6.2 7 -14.9 4.7
5 24 6 -4.6 -12.2 6.2 -3.7 -12 5.2 -3.4 -14 6.4 -3.7 -10.6
5 24 6.9 0 -6.8 5.9 -0.8 -5.6 6.9 -0.4 -5.8 6.4 -0.2 -7.1
5 24 0.7 -18 14.9 0.1 -18 13.7 0.7 -18.2 13.6 0 -17.9 14.8
5 24 -6.6 0 -11.1 -6.5 -0.3 -11.1 -6.4 -0.4 -10.2 -6.5 0 -12.1
5 24 8.2 -5.6 -5.3 8.9311 -11.001 -5.5 7.5 -13.8 -4.6 9.1015 -5.7 -6.1
5 24 -2.7 -0.9 19.1 -3 -0.6 15.9 -2.8 -3.6 16 -2.8 0 16.4
5 24 1.4 -18.8 13.7 2.7 -16.7 13.5 7 -18.2 13.4 1.2 -16.8 13.5
5 24 -9.7 -1 10 -8.8 -4.2 9.6 -9.6 -4.2 10.8 -9 -1.1 9.1
5 24 0 -18.7 -14.25 7.3 -16.9 -12.8 5.7 -19.6 -14.6 1.5 -16.5 -13.3
5 24 -2.8 -5 15.4 -2.5 -6 18.5 -2.9 -5.6 13.7 -2.6 -5.2 18.8
5 24 -8.7718 -15.9023 2 -7.2 -14.4 0.8 -8.7843 -15.5027 3.2 -8.7625 -16.202 0.8
5 24 3.5 -4.6 2.8 8.8 -4.8 2.8 8.5 -5.5 3.9 3.5 -3.8 2.4
5 24 8.8285 -14.0977 6.4 7 -14.9 4.7 7.3 -13.5 5.7 8.7485 -16.6016 5
5 24 7.8 -5.9 -13.7 9.1 -5.8 -12.5 7.4 -11.4 -12.8 9.3 -4.9 -13.5
5 24 -2.8 -5 15.4 -4.2 -3.6 14.8 -2.8 -3.6 16 -4.187 -4.5 14.3257
5 24 8.4 -6.2 4.4 3.5 -8 5.3 3.5 -6.1 4.2 7.8 -10.2 6.2
5 24 -1.4 -16.5 -13.9 -2.2 -17.5 -14.2 -0.2 -16.9 -13.7 -2.2 -15.6 -14.1
5 24 -1.1 -16 14.8 -1.3 -16.3 10 -2.3 -15.2 10 0.1 -16.4 14
5 24 7 -18.2 13.4 1.4 -18.8 13.7 1.8 -19.7 13.9 2.7 -16.7 13.5
5 24 -2.3 -14.1 -13.5 -1.4 -15.9 -13.5 -2.3 -14 -12.4 -2.2 -15.6 -14.1
5 24 0 -31 12 0 -31.3 10 0.9 -30.6 12.4 -0.9 -30.6 12.4
5 24 -7.3 -14.6 15.6 -2.3 -14.3 16.1 -7.4 -13 17.1 -1.8 -15.5 15.1
5 24 -8 -6.1 -8.1 -9.0864 -6.1996 -9.5 -8.9414 -10.7013 -7.8 -8.2 -5.3 -8.3
5 24 -0.5 -39.3 -19.6 -0.6 -39.1 -18.9 0.6 -39.1 -18.9 -1.1 -39 -19.1
5 24 5.2 0 -15.9 5.3 -0.8 -13.9 5.2 -1.5 -15.9 5.5 0 -14
5 24 -3 -0.6 15.9 -3.5 0 16.1 -2.8 0 16.4 -4.5 -0.5 14.9
5 24 6.9 -4.8 12.4 8.9 -4.2 12.3 8.8 -4.9 12.3 7 -3.6 12.3
5 24 -4.187 -4.5 14.3257 -5.7 -5.2 11.3 -5.8768 -4.5 11.7973 -3.2 -5.8 11.3
5 24 0 -29.4 14.9 0 -30.5 13 -0.7 -30.3 13.1 0.7 -30.3 13.1
5 24 0 -38.3 -25.2 0 -37.8 -25.5 -1.4 -38.9 -24.8 1.4 -38.9 -24.8
5 24 -9.0847 -6.2995 -15.3 -7.8 -6.3 -16.7 -7.6 -9.2 -15.5 -9.2 -5.5 -15.8
5 24 -3.5 -5.7 -10.1 -5.4 -5 -10.7 -5.6 -5.1 -9.1 -3.5 -5.7 -11.2
5 24 8.5 -5.5 3.9 9.5 -4.8 4.3 8.8 -4.8 2.8 9.2 -5.5 4.9
5 24 8.8045 -14.9034 -0.4 7.3 -14.3 -0.4 7.2 -14.4 0.8 7.3 -14.3 -1.9
5 24 -7 -14.5 2.1 -3.5 -14.7 3.4 -7.1 -14.7 3.2 -3.5 -14.4 1.1
5 24 6.8 -20.9 13.9 8.6181 -20.6006 12.6 6.5 -23.9 14.5 7 -18.2 13.4
5 24 8.769 -15.9022 12.5 7.4 -14 14.2 7.2 -16.2 13.5 8.8395 -13.6981 13.4
5 24 -4.187 -4.5 14.3257 -4 -0.5 15 -4.2 -3.6 14.8 -4.187 -0.5 14.3257
5 24 0 -31.3 10 0 -31.8 6.2 -5.5 -31.3 9.4 5.5 -31.3 9.4
5 24 -4.5 -0.5 14.9 -3.5 0 16.1 -3 -0.6 15.9 -4.7 0 15.3
5 24 8.6 -3.7 -15.5 5 -3.5 -15.5 4.3 -4.6 -15.2 5.2 -1.5 -15.9
5 24 7.2 -14.4 0.8 8.8045 -14.9034 -0.4 7.3 -14.3 -0.4 8.7592 -16.3019 1
5 24 0.7 -16.1 -12.3 1.5 -15.9 -12.9 0.7 -16.3 -13.1 1.6 -15.6 -12.2
5 24 3.7 -5.1 -14.2 3.5 -5.7 -11 6 -4.6 -12.2 3.3 -5.6 -11.8
5 24 0 -35.6 -11.5 0 -38.2 -12.8 3.3 -38 -12.9 -3.3 -38 -12.9
5 24 1.5 -16.5 -13.3 1.5 -15.9 -12.9 0.7 -16.9 -13.5 2.2 -15.8 -13.1
5 24 -8.6919 -18.3029 12.6 -7.1 -16.6 14 -6.9 -18.6 13.5 -8.7527 -16.4017 13.3
5 24 0 -42.1 -22.7 0 -41.5 -24.3 -0.9 -41.6 -24.1 0.9 -41.6 -24.1
5 24 -1.1 -16 14.8 -1 -18 14.1 0 -17.6 14.3 -1.8 -15.5 15.1
5 24 -6.8 -20.9 13.9 -1.8 -19.7 13.9 -2.1 -22.2 14.3 -6.9 -18.6 13.5
5 24 -2.8 -9.2 10.5 -2.4 -12.7 17.5 -2.5 -14 10 -2.4 -9.2 18.5
5 24 9.6 -1.5 -6.1 8.8 -3.6 -5.2 9.5 -3.7 -6.1 9.6 0 -6.1
5 24 1.3 -18.6 15.1 0.7 -18 14.9 1.4 -18.8 13.7 0.6 -18 15.8
5 24 3.5 -5.6 -5.3 5.6214 -4.6 -8.0961 6 -4.6 -12.2 4.9 -4.9 -5.4
5 24 -4.9 -5.1 -12 -4.6 -4.6 -13.9 -5.5434 -4.6 -12.2962 -3 -5.5 -13.2
5 24 6.3 -4.5 11.8 6.4 -5.9 12.5 6.9 -4.8 12.4 5.4 -5.3 12
5 24 -6.6 0 -11.1 -6.4 -0.4 -10.2 -6.5 -0.3 -11.1 -6.6 0 -10.1
5 24 2.3 -14 -12.2 2.4 -11.2 -13.1 2.2 -14.6 -12.7 2.5 -11 -11.5
5 24 -2.5 -14 10 -3.5 -10.2 10 -2.3 -15.2 10 -2.8 -9.2 10.5
5 24 -6.4 -0.4 -10.2 -5.5434 -0.6 -12.2962 -6 -0.6 -10 -6.5 -0.3 -11.1
5 24 -2 -15.7 -11.3 -1.5 -15.6 -12.2 -2.6 -14.1 -11.5 -0.5 -16.6 -11.3
5 24 -2.3 -14.3 16.1 -7.4 -13 17.1 -7.3 -14.6 15.6 -2.4 -12.7 17.5
5 24 -9.6 -4.2 10.8 -8.4 -5.4 10.6 -9.2 -5.4 11.6 -8.8 -4.2 9.6
5 24 -1.7 -19.6 15.3 -1.5 -19.4 16.8 -1 -18.3 16.4 -2.1 -22.2 14.3
5 24 -3.5 -14.4 1.1 -7.2 -14.4 0.8 -7 -14.5 2.1 -3.5 -14.2 -1.3
5 24 -1.4 -15.9 -13.5 -0.2 -16.5 -13.3 -1.4 -16.5 -13.9 -0.3 -16.2 -12.3
5 24 7.3 -14.3 -0.4 3.5 -14.4 1.3 7.2 -14.4 0.8 3.5 -14.3 -1.5
5 24 -3.5 -14 -10.5 -2.3 -16.8 -10.5 -2 -15.7 -11.3 -3.5 -28.3 -10.5
5 24 -2.4 -9.1 -15.6 -7.8 -6.3 -16.7 -2.5 -6.1 -16.9 -7.6 -9.2 -15.5
5 24 1.1 -18.3 16.3 1.5 -19.4 16.8 0 -18.3 16.9 1.3 -18.6 15.1
5 24 -6 -4.6 -10 -5.4 -5 -10.7 -5.6 -5.1 -9.1 -4.9 -5.1 -12
5 24 -7.2 -17.6 -13.8 -8.8465 -13.7015 -13.4 -8.7243 -17.5008 -12.3 -7.3 -13.9 -14.5
5 24 5.2 -5.1 10.9 3.5 -5.6 8.1 3.5 -5.7 10.3 5.8212 -4.3 8.1195
5 24 -4.187 -4.5 14.3257 -3.2 -5.8 11.3 -2.9 -5.6 13.7 -5.7 -5.2 11.3
5 24 0 -37.8 -25.5 0 -36.4 -26.2 -2.3 -38.3 -25 2.3 -38.3 -25
5 24 4.8 -0.6 5.9 3.5 -1.2 4.9 4.9 0 4.7 3.5 -3.6 4.8
5 24 0 -18.7 -14.25 1.5 -16.5 -13.3 0.7 -16.9 -13.5 7.3 -16.9 -12.8
5 24 -0.2 -16.9 -13.7 0 -18.7 -14.25 0.7 -16.9 -13.5 -2.2 -17.5 -14.2
5 24 7.4 -14 14.2 2.2 -15.1 13.9 7.2 -16.2 13.5 2.3 -14.1 14.1
5 24 1.5 -15.9 -12.9 0.7 -16.3 -13.1 0.7 -16.1 -12.3 1.5 -16.5 -13.3
5 24 9.1015 -5.7 -6.1 9.1 -5.8 -12.5 9.4 -4.8 -6 8.9311 -11.001 -5.5
5 24 -9 0 9.1 -6.5 -1 8.9 -9 -1.1 9.1 -6.5 0 9
5 24 1.6 -15.6 -12.2 2.2 -14.6 -12.7 1.5 -15.9 -12.9 2.3 -14 -12.2
5 24 -2.2 -15.5 -14.4 -2.2 -15.6 -14.1 -2.2 -17.5 -14.2 -2.3 -14.1 -13.5
5 24 -9.1 -1.1 18.7 -9.7 0 18.1 -9.7 -1.1 18.1 -9 0 18.7
5 24 8.9168 -11.5005 -11.9 7.3 -16.9 -12.8 8.7338 -17.2011 -11.9 7.4 -11.4 -12.8
5 24 2.5 -7.5 -11.6 3.5 -7.5 -11.2 2.5 -11 -11.5 3.5 -6.6 -11.2
5 24 1.4 -18.8 13.7 1.3 -18.6 15.1 1.8 -19.7 13.9 0.7 -18 14.9
5 24 1.1 -18.3 16.3 0.6 -18 15.8 1.3 -18.6 15.1 0 -18.3 16.9
5 24 0 -17.9 16.2 0 -17.9 14.8 0.6 -18 15.8 -0.6 -18 15.2
5 24 8.9 -4.2 12.3 7 -3.6 12.3 6.9 -4.8 12.4 9.1 0 12
5 24 7.6 -11.3 14.4 3.9 -8.8 13.6 2.3 -11.4 14.5 8.6 -5.7 12.4
5 24 5.6214 -4.6 -8.0961 6 -4.6 -12.2 6.078 -4.6 -10.3923 3.5 -5.6 -5.3
5 24 1.1 -18.3 16.3 1.3 -18.6 15.1 1.5 -19.4 16.8 0.6 -18 15.8
5 24 0 -23.1 17.8 0 -24.8 17.2 -1.4 -24.7 16.9 1.4 -24.7 16.9
5 24 6 -0.6 8.1 6 0 6 4.8 -0.6 5.9 6.8 0 7.9
5 24 3.5 -8 5.3 7.8 -10.2 6.2 3.5 -10.5 6.2 8.4 -6.2 4.4
5 24 8.9 -1.4 -5.3 9.6 0 -6.1 8.8 -3.6 -5.2 8.9 0 -5.3
5 24 7.3 -14.3 -1.9 3.5 -14.3 -1.5 3.5 -14.5 -3.8 7.3 -14.3 -0.4
5 24 -5.8768 -4.5 11.7973 -5.8768 -0.5 11.7973 -6.5 -4.5 11.0973 -4.187 -0.5 14.3257
5 24 6.2 -1 -11.9 6.7 0 -12 5.5 0 -14 6.6 -0.4 -10.8
5 24 -7.1 -16.6 14 -1 -18 14.1 -1.5 -18.7 13.9 -1.8 -15.5 15.1
5 24 9.1015 -5.7 -6.1 8.2 -5.6 -5.3 8.5 -4.6 -5.2 8.9311 -11.001 -5.5
5 24 7.3 -14.5 -4.3 3.5 -13.9 -4.6 7.5 -13.8 -4.6 3.5 -14.3 -4.4
5 24 -6.5 -5.7 -8.2 -8 -6.1 -8.1 -8.2 -5.3 -8.3 -7.8 -10.1 -6.6
5 24 -4.6 -4.6 -13.9 -2.8 -4.9 -15.3 -4.9 -5.1 -12 -4.5 -3.7 -14.5
5 24 3.5 -5.2 -14.6 2.9 -6.1 -11.6 2.7 -6.4 -13.8 3.3 -5.6 -11.8
5 24 -7.8 -6.3 -16.7 -9.2 -5.5 -15.8 -7.9 -5.6 -17.1 -9.0847 -6.2995 -15.3
5 24 -2.3 -16.8 -10.5 -2 -15.7 -11.3 -3.5 -14 -10.5 -0.5 -16.6 -11.3
5 24 2.9 -8.9 13.3 3.9 -8.8 13.6 4.1 -5.5 12.1 2.3 -11.4 14.5
5 24 0.1 -16.4 14 0 -17.6 14.3 0.1 -17.2 13.7 0 -16.2 14.7
5 24 -3.1 -0.8 -16 -4.5 -3.7 -14.5 -2.8 -1.6 -16 -3.8 -0.4 -15.4
5 24 8.9 -1.4 -5.3 6.9 -1.1 -5.2 8.8 -3.6 -5.2 8.9 0 -5.3
5 24 -9.001 -8.9 -14.4 -7.6 -9.2 -15.5 -9.0847 -6.2995 -15.3 -8.8465 -13.7015 -13.4
5 24 6.2 -3.7 -12 5.2 -3.4 -14 6 -4.6 -12.2 6.2 -1 -11.9
5 24 7 -3.6 12.3 6.9 -4.8 12.4 6.3 -4.5 11.8 8.9 -4.2 12.3
5 24 7.4 -14 14.2 2.3 -11.4 14.5 2.3 -14.1 14.1 7.6 -11.3 14.4
5 24 5.2 -1.5 -15.9 8.9 -1.6 -15.8 8.6 -3.7 -15.5 5.2 0 -15.9
5 24 9.5 -4.8 4.3 8.8 -4.8 2.8 8.5 -5.5 3.9 9.6 -4.3 4.1
5 24 -8.7952 -15.2031 -1.6 -7.2 -14.5 -3.2 -7.2 -14.3 -1.6 -7.3 -14.8 -4.7
5 24 4.9 0 4.7 4.8 -0.6 5.9 3.5 -1.2 4.9 6 0 6
5 24 -3.1 0 -16.7 -3 -0.6 -16.7 -2.7 -1.6 -18 -3.9 0 -15.6
5 24 2.4 -11.2 -13.1 2.2 -14.6 -12.7 2.2 -15.8 -13.1 2.3 -14 -12.2
5 24 -3.8 -0.4 -15.4 -3.9 0 -15.6 -3.1 -0.8 -16 -4.7 -0.3 -14.6
5 24 -6.9 -18.6 13.5 -8.6181 -20.6006 12.6 -6.8 -20.9 13.9 -8.6919 -18.3029 12.6
5 24 -7.8 -6.3 -16.7 -2.5 -6.1 -16.9 -7.9 -5.6 -17.1 -2.4 -9.1 -15.6
5 24 7.3 -14.6 -3.6 3.5 -14.5 -3.8 7.3 -14.3 -1.9 7.3 -14.5 -4.3
5 24 -8.9414 -10.7013 -7.8 -7.8 -10.1 -6.6 -8 -6.1 -8.1 -7.3 -14.8 -4.7
5 24 -7.9 -10.4 9.7 -6.5 -7.3 10.9 -6.5 -10.4 9.8 -8.2 -7.8 11.1
5 24 -2.3 -14 -12.4 -3 -5.5 -13.2 -3.3 -5.7 -11.9 -2.4 -9.1 -15.6
5 24 -5.9 0 13.8 -6 -0.5 13 -5.6 -0.5 13.7 -6.2 0 13.1
5 24 3.5 -5.2 -14.6 8.2 -5 -14.8 7.8 -5.9 -13.7 4.3 -4.6 -15.2
5 24 -2.4 -9.1 -15.6 -3 -5.5 -13.2 -2.5 -6.1 -16.9 -2.3 -14 -12.4
5 24 -5.5 -0.6 -13.4 -5.6 0 -13.8 -6 -0.3 -12.7 -5 0 -14.6
5 24 -6.5 -10.4 9.8 -3.5 -10.2 10 -6.5 -7.3 10.9 -3.5 -11.8 8.4
5 24 -9.0847 -6.2995 -15.3 -7.6 -9.2 -15.5 -7.8 -6.3 -16.7 -9.001 -8.9 -14.4
5 24 8.7338 -17.2011 -11.9 7.3 -16.9 -12.8 8.6249 -20.604 -13.2 8.9168 -11.5005 -11.9
5 24 -9.0791 -6.2025 17.3 -8 -6.1 18.1 -8.9797 -9.2993 17.2 -9.2 -5.4 17.7
5 24 0 -29.2 -29.8 0 -26.9 -29.5 -2.3 -27.3 -29 2.3 -27.3 -29
5 24 -1.5 -18.7 13.9 -6.9 -18.6 13.5 -7.1 -16.6 14 -1.8 -19.7 13.9
5 24 0 -30.6 -29.1 0 -29.2 -29.8 -2.2 -29.2 -29.4 2.2 -29.2 -29.4
5 24 -8.4 -5.3 18.5 -2.6 -5.2 18.8 -2.6 -4.1 19 -8 -6.1 18.1
5 24 7 0 12 6 -0.6 8.1 6.5 -1.1 11.4 6.8 0 7.9
5 24 -7.2 -14.3 -0.3 -3.5 -14.2 -1.3 -7.2 -14.4 0.8 -7.2 -14.3 -1.6
5 24 -6 -4.6 -10 -4.9 -5.1 -12 -5.4 -5 -10.7 -5.5434 -4.6 -12.2962
5 24 6 -0.6 8.1 6.8 0 7.9 7 0 12 6 0 6
5 24 3.5 -3.8 2.4 8.8 -4.8 2.8 3.5 -4.6 2.8 8.8 -4 2.5
5 24 3.3 -5.6 -11.8 3.5 -5.2 -14.6 2.9 -6.1 -11.6 3.7 -5.1 -14.2
5 24 -8.7 -4.5 -18 -9.2 -5.5 -15.8 -7.9 -5.6 -17.1 -9.6 -4.4 -16.7
5 24 5.6 -4.2 -5.4 6.9 -4.7 -5.4 4.9 -4.9 -5.4 6.9 -1.2 -5.5
5 24 6.9 -5.7 -5.3 4.9 -4.9 -5.4 6.9 -5.3 -5.4 3.5 -5.6 -5.3
5 24 3.5 -6.6 10 2.6 -6.7 10.6 3.5 -5.7 10.3 2.4 -14 10
5 24 3.5 -11.9 6.2 7.3 -13.5 5.7 7.5 -12 6.2 3.5 -13.2 5.7
5 24 2.4 -14 10 3.5 -6.6 10 3.5 -28.3 10 2.6 -6.7 10.6
5 24 1.7 -19.6 15.3 1.3 -18.6 15.1 1.5 -19.4 16.8 1.8 -19.7 13.9
5 24 1.2 -16.8 13.5 0.7 -18.2 13.6 0.1 -17.2 13.7 1.4 -18.8 13.7
5 24 -7.2 -14.5 -3.2 -3.5 -14.3 -3.5 -7.3 -14.8 -4.7 -3.5 -14.2 -1.3
5 24 -5.9 0 13.8 -5.6 -0.5 13.7 -5.1 -0.5 14.4 -6 -0.5 13
5 24 8.9502 -10.3016 7 7.8 -10.2 6.2 9.0856 -6.0995 5.3 7.5 -12 6.2
5 24 -2.8 -4.9 -15.3 -2.5 -6.1 -16.9 -2.6 -5.4 -17.3 -3 -5.5 -13.2
5 24 -2.4 -9.2 18.5 -2.8 -9.2 10.5 -2.4 -12.7 17.5 -2.9 -7.1 11.1
5 24 -3.5 -10.2 10 -2.9 -7.1 11.1 -2.8 -9.2 10.5 -6.5 -10.4 9.8
5 24 -2.7 -2.3 -18.5 -2.8 -3.7 -15.9 -2.5 -4.5 -18.3 -2.7 -1.6 -18
5 24 -1.5 -18.7 13.9 -1.7 -19.6 15.3 -1.8 -19.7 13.9 -1.3 -18.5 15.3
5 24 0 -17.9 16.2 -1 -18.3 16.4 0 -18.3 16.9 -0.6 -18.1 15.9
5 24 -6.5 -4.5 -8.3 -8.9 -1.9 -8.6 -8.5 -4.4 -8.3 -6.5 0 -8.7
5 24 -7 -14.5 2.1 -8.7843 -15.5027 3.2 -7.1 -14.7 3.2 -7.2 -14.4 0.8
5 24 8.6 -3.7 -15.5 9.7 -1.5 -14.5 9.6 -3.7 -14.3 8.9 -1.6 -15.8
5 24 5.5 0 -14 6.2 -1 -11.9 6.7 0 -12 5.3 -0.8 -13.9
5 24 9.2 -5.5 4.9 9.4 -5 11.3 9.1 -5.6 11.5 9.5 -4.8 4.3
5 24 2.4 -10.1 13 2.3 -11.4 14.5 2.9 -8.9 13.3 2.3 -14.1 14.1
5 24 -2.2 -17.5 -14.2 -0.2 -16.9 -13.7 0 -18.7 -14.25 -1.4 -16.5 -13.9
5 24 -1.2 -39 -22.3 -0.5 -39.3 -19.6 -1.2 -39.1 -19.6 0.5 -39.3 -19.6
5 24 -2.9 -5.6 13.7 -4.187 -4.5 14.3257 -2.8 -5 15.4 -3.2 -5.8 11.3
5 24 -1.4 -15.9 -13.5 -1.5 -15.6 -12.2 -2.3 -14.1 -13.5 -0.3 -16.2 -12.3
5 24 -1.5 -19.4 16.8 -1 -18.3 16.4 -1.7 -19.6 15.3 0 -18.3 16.9
5 24 -2.2 -17.5 -14.2 0 -18.7 -14.25 -0.2 -16.9 -13.7 -7.2 -17.6 -13.8
5 24 -9.0196 -8.1006 11.9 -8.2 -7.8 11.1 -8.9333 -10.8011 10.6 -9.0742 -6.3992 11.9
5 24 7.3 -14.6 -3.6 8.7732 -15.8991 -3.1 8.7638 -16.202 -4.1 8.7985 -15.1032 -1.9
5 24 9.2 -5.5 4.9 8.5 -5.5 3.9 9.5 -4.8 4.3 9.0856 -6.0995 5.3
5 24 9.6 -4.3 4.1 9.6 -4.3 11.1 9.5 -4.8 4.3 9.7 0 3.3
5 24 -6.5 -4.5 -8.3 -8.2 -5.3 -8.3 -6.5 -5.7 -8.2 -8.5 -4.4 -8.3
5 24 -0.2 -16.5 -13.3 -0.3 -16.2 -12.3 0.7 -16.3 -13.1 -1.4 -15.9 -13.5
5 24 6.9 0 -8.1 6.7 -0.1 -8.2 6.4 -0.2 -7.1 6.9 0 -9.9
5 24 -0.3 -16.2 -12.3 -0.5 -16.6 -11.3 0.8 -16.5 -11.3 -1.5 -15.6 -12.2
5 24 -2.8 -4.9 -15.3 -4.5 -3.7 -14.5 -4.6 -4.6 -13.9 -2.8 -3.7 -15.9
5 24 -1.5 -15.6 -12.2 -2.3 -14 -12.4 -2.6 -14.1 -11.5 -1.4 -15.9 -13.5
5 24 9.0856 -6.0995 5.3 7.8 -10.2 6.2 8.4 -6.2 4.4 8.9502 -10.3016 7
5 24 5.4 -5.3 12 6.4 -5.9 12.5 6.3 -4.5 11.8 3.9 -8.8 13.6
5 24 -2.7 -1.6 -18 -2.8 -3.7 -15.9 -2.7 -2.3 -18.5 -2.8 -1.6 -16
5 24 2.4 -14 10 2.4 -10.1 13 2.6 -6.7 10.6 2.3 -14.1 14.1
5 24 0 -17.9 16.2 0 -18.3 16.9 -1 -18.3 16.4 0.6 -18 15.8
5 24 9.4 -4.8 -6 8.5 -4.6 -5.2 9.1015 -5.7 -6.1 8.8 -3.6 -5.2
5 24 2.5 -7.5 -11.6 3.5 -6.6 -11.2 3.5 -7.5 -11.2 2.9 -6.1 -11.6
5 24 -2.8 -5 15.4 -2.6 -5.2 18.8 -2.5 -6 18.5 -2.8 -3.6 16
5 24 6.9 -4.8 12.4 8.6 -5.7 12.4 6.4 -5.9 12.5 8.8 -4.9 12.3
5 24 7 -14.6 2.9 3.5 -14.4 1.3 7.2 -14.4 0.8 3.5 -14.8 4.7
5 24 0 -18.3 16.9 1.1 -18.3 16.3 1.5 -19.4 16.8 0.6 -18 15.8
5 24 -1 -18.3 16.4 -1.3 -18.5 15.3 -1.7 -19.6 15.3 -0.6 -18.1 15.9
5 24 0.1 -16.4 14 0.1 -16.6 10 -1.3 -16.3 10 1.1 -16 13.7
5 24 -3.3 -5.7 -11.9 -3.5 -14 -10.5 -2.6 -14.1 -11.5 -3.5 -5.7 -11.2
5 24 2.4 -10.1 13 2.9 -8.9 13.3 2.3 -11.4 14.5 2.6 -6.7 10.6
5 24 3.5 -11.4 -11.1 2.5 -14.1 -11.4 2.5 -11 -11.5 3.5 -15.4 -10.5
5 24 -7.2 -14.4 0.8 -8.7949 -15.203 -0.4 -7.2 -14.3 -0.3 -8.7625 -16.202 0.8
5 24 -7.1 -16.6 14 -8.8165 -14.4005 15.1 -7.3 -14.6 15.6 -8.7527 -16.4017 13.3
5 24 -6.5 0 -8.7 -6.4 -0.8 -9.7 -6.4 -0.4 -10.2 -6.2 -4.3 -9
5 24 1.2 -16.8 13.5 1.1 -16 13.7 2.7 -16.7 13.5 0.1 -16.4 14
5 24 -5 0 -14.6 -5.5 -0.6 -13.4 -4.7 -0.3 -14.6 -5.6 0 -13.8
5 24 -1.5 -19.4 16.8 0 -19.4 17.2 0 -21.9 16.9 0 -18.3 16.9
5 24 4.1 -5.5 12.1 5.2 -5.1 10.9 5.4 -5.3 12 3.5 -5.7 10.3
5 24 0.8 -16.5 -11.3 1 -17.5 -10.5 2.7 -16.4 -10.5 -0.5 -16.6 -11.3
5 24 -9.7 -2 -9.7 -9.6 -4.4 -16.7 -9.6 -4.5 -9.7 -9.7 0 -9.7
5 24 6.7 -0.1 -8.2 6.9 0 -9.9 6.9 0 -8.1 6.7 -0.2 -9.9
5 24 3 -5.8 11.2 3.5 -5.7 10.3 4.1 -5.5 12.1 2.6 -6.7 10.6
5 24 -5.6 -5.1 -9.1 -6.5 -4.5 -8.3 -6.2 -4.3 -9 -6.5 -5.7 -8.2
5 24 -6.5 -5.2 10.3 -8.4 -5.4 10.6 -6.5 -6.2 10.8 -8.8 -4.2 9.6
5 24 6.4 -5.9 12.5 6.9 -4.8 12.4 6.3 -4.5 11.8 8.6 -5.7 12.4
5 24 2.9 -8.9 13.3 2.3 -11.4 14.5 2.4 -10.1 13 3.9 -8.8 13.6
5 24 8.8829 -12.3995 6.9 7.3 -13.5 5.7 8.8285 -14.0977 6.4 7.5 -12 6.2
5 24 -7.3 -14.8 -4.7 -8.9414 -10.7013 -7.8 -7.8 -10.1 -6.6 -8.7512 -16.6016 -5
5 24 -8.5 -4.4 -8.3 -9.2 -5.4 -9.6 -8.2 -5.3 -8.3 -9.6 -4.5 -9.7
5 24 -7.2 -14.4 0.8 -8.7843 -15.5027 3.2 -8.7718 -15.9023 2 -7 -14.5 2.1
5 24 -7.8 -10.1 -6.6 -3.5 -10.3 -6.5 -3.5 -6.1 -8.1 -7.3 -14.8 -4.7
5 24 0 -17.6 14.3 0.1 -18 13.7 0.1 -17.2 13.7 0 -17.9 14.8
5 24 0 -17.9 14.8 0.7 -18 14.9 0.1 -18 13.7 0.6 -18 15.8
5 24 0 -27.5 16.7 0 -29.4 14.9 1.4 -27.4 16.4 -1.4 -27.4 16.4
5 24 -2.4 -9.1 -15.6 -7.3 -13.9 -14.5 -2.2 -15.5 -14.4 -7.6 -9.2 -15.5
5 24 -8.7843 -15.5027 3.2 -7 -14.9 4.3 -7.1 -14.7 3.2 -8.7551 -16.4018 4.4
5 24 3.5 -5.7 10.3 5.2 -5.1 10.9 3.5 -5.6 8.1 4.1 -5.5 12.1
5 24 6.3 -4.5 11.8 5.2 -5.1 10.9 5.4 -5.3 12 5.8212 -4.3 8.1195
5 24 6.9 0 -9.9 6.6 -0.4 -10.8 6.7 -0.2 -9.9 6.7 0 -12
5 24 -9.6 -2.4 -17.3 -8.9 -2.3 -18.3 -8.7 -4.5 -18 -9.7 0 -17.6
5 24 -7.9 -10.4 9.7 -6.5 -10.4 9.8 -6.5 -7.3 10.9 -7.5 -12.7 7.5
5 24 -9.0864 -6.1996 -9.5 -9.0847 -6.2995 -15.3 -9.001 -8.9 -14.4 -9.2 -5.4 -9.6
5 24 -7.9 -10.4 9.7 -8.9333 -10.8011 10.6 -8.8442 -13.5982 7.8 -8.2 -7.8 11.1
5 24 8.7638 -16.202 -4.1 7.3 -14.6 -3.6 7.3 -14.5 -4.3 8.7732 -15.8991 -3.1
5 24 -0.8 -17.5 -10.5 -2.3 -16.8 -10.5 -0.5 -16.6 -11.3 -3.5 -28.3 -10.5
5 24 -3 -0.6 -16.7 -2.8 -1.6 -16 -2.7 -1.6 -18 -3.1 -0.8 -16
5 24 -6.5 0 -8.7 -6.4 -0.4 -10.2 -6.6 0 -10.1 -6.4 -0.8 -9.7
5 24 -2.8 -1.6 -16 -2.7 -1.6 -18 -2.8 -3.7 -15.9 -3 -0.6 -16.7
5 24 2.5 -7.5 -13.6 2.9 -6.1 -11.6 2.5 -7.5 -11.6 2.7 -6.4 -13.8
5 24 -4.7 -0.3 -14.6 -5 0 -14.6 -5.5 -0.6 -13.4 -3.9 0 -15.6
5 24 0.6 -18 15.8 0 -17.9 16.2 0 -18.3 16.9 0 -17.9 14.8
5 24 -6.2 -4.3 -9 -6.4 -0.8 -9.7 -6.5 0 -8.7 -6.3 -4.1 -9.9
5 24 6.7 -0.1 -8.2 5.6214 -0.6 -8.0961 6.7 -0.2 -9.9 6.4 -0.2 -7.1
5 24 -2.9 -7.1 11.1 -2.9 -5.6 13.7 -2.4 -9.2 18.5 -3.2 -5.8 11.3
5 24 -2.3 -15.2 10 -1.8 -15.5 15.1 -1.1 -16 14.8 -2.5 -14 10
5 24 1.1 -16 13.7 0.1 -16.6 10 0.1 -16.4 14 1.5 -16.2 10
5 24 0.7 -16.1 -12.3 -0.3 -16.2 -12.3 0.8 -16.5 -11.3 0.7 -16.3 -13.1
5 24 6.9 -1.2 -5.5 5.6 -4.2 -5.4 6.9 -4.7 -5.4 5.9 -0.8 -5.6
5 24 -6.9 -18.6 13.5 -8.6919 -18.3029 12.6 -7.1 -16.6 14 -8.6181 -20.6006 12.6
5 24 -8 -6.1 18.1 -2.5 -6 18.5 -2.6 -5.2 18.8 -7.6 -9.4 18.1
5 24 -1.8 -15.5 15.1 -7.1 -16.6 14 -7.3 -14.6 15.6 -1 -18 14.1
5 24 9.1 -5.6 11.5 9.0856 -6.0995 5.3 9.2 -5.5 4.9 8.9196 -11.2006 13.5
5 24 4.3 -4.6 -15.2 8.2 -5 -14.8 8.6 -3.7 -15.5 3.5 -5.2 -14.6
5 24 8.8 -4 2.5 9.6 -4.3 4.1 9 0 2 8.8 -4.8 2.8
5 24 1.6 -15.6 -12.2 0.8 -16.5 -11.3 2 -15.7 -11.4 0.7 -16.1 -12.3
5 24 -2.6 -5.4 -17.3 -2.8 -4.9 -15.3 -2.5 -6.1 -16.9 -2.8 -3.7 -15.9
5 24 7.6 -11.3 14.4 2.3 -11.4 14.5 3.9 -8.8 13.6 7.4 -14 14.2
5 24 9.6 -3.7 -14.3 8.2 -5 -14.8 9.3 -4.9 -13.5 8.6 -3.7 -15.5
5 24 9.7 0 -14.6 8.9 -1.6 -15.8 9.7 -1.5 -14.5 8.9 0 -15.8
5 24 5.2 -3.4 -14 6.2 -1 -11.9 6.2 -3.7 -12 5.3 -0.8 -13.9
5 24 6.2 -1 -11.9 6.2 -3.7 -12 6.4 -3.7 -10.6 5.2 -3.4 -14
5 24 2.7 -16.7 13.5 7 -18.2 13.4 7.2 -16.2 13.5 1.4 -18.8 13.7
5 24 6.7 0 -12 6.6 -0.4 -10.8 6.9 0 -9.9 6.2 -1 -11.9
5 24 -1.1 -16 14.8 0.1 -16.4 14 -1.3 -16.3 10 0 -16.2 14.7
5 24 0 -18.7 -14.25 -7.2 -17.6 -13.8 -2.2 -17.5 -14.2 -5.7 -19.6 -14.6
5 24 -9.7 -2 -9.7 -8.9 -1.9 -8.6 -9.6 -4.5 -9.7 -8.9 0 -8.7
5 24 6.4 -5.9 12.5 3.9 -8.8 13.6 5.4 -5.3 12 8.6 -5.7 12.4
5 24 -1.5 -19.4 16.8 0 -18.3 16.9 0 -19.4 17.2 -1 -18.3 16.4
5 24 -6.3 -0.3 -12.1 -6.5 0 -12.1 -6.2 0 -12.9 -6.5 -0.3 -11.1
5 24 -6.3 -0.3 -12.1 -6.2 0 -12.9 -6.5 0 -12.1 -6 -0.3 -12.7
5 24 1.3 -18.6 15.1 1.8 -19.7 13.9 1.7 -19.6 15.3 1.4 -18.8 13.7
5 24 5.6214 -4.6 -8.0961 5.9 -0.8 -5.6 5.6 -4.2 -5.4 5.6214 -0.6 -8.0961
5 24 -0.6 -18.1 15.9 -1 -18.3 16.4 0 -17.9 16.2 -1.3 -18.5 15.3
5 24 -3.3 -5.7 -11.9 -2.3 -14 -12.4 -2.6 -14.1 -11.5 -3 -5.5 -13.2
5 24 0 -40.7 -25.2 0 -38.3 -25.2 -1.4 -38.9 -24.8 1.4 -38.9 -24.8
5 24 0.8 -16.5 -11.3 2.7 -16.4 -10.5 1 -17.5 -10.5 2 -15.7 -11.4
5 24 -1.3 -18.5 15.3 -1 -18 14.1 -0.6 -18 15.2 -1.5 -18.7 13.9
5 24 -2.7 -0.9 19.1 -9 -4.2 18.7 -2.6 -4.1 19 -9.1 -1.1 18.7
5 24 6.078 -0.6 -10.3923 6.4 -1 -10.7 6.4 -3.7 -10.6 6.6 -0.4 -10.8
5 24 9.1 -5.8 -12.5 9.4 -4.8 -6 9.1015 -5.7 -6.1 9.3 -4.9 -13.5
5 24 -6.5 -5.7 -8.2 -7.8 -10.1 -6.6 -5.7 -6.1 -8.1 -8 -6.1 -8.1
5 24 -5.3 0 14.6 -5.1 -0.5 14.4 -5.9 0 13.8 -4.7 0 15.3
5 24 9.7 -1.5 -14.5 9.6 -1.5 -6.1 9.5 -3.7 -6.1 9.7 0 -14.6
5 24 4.3 -4.6 -15.2 4.7 -4.4 -14.4 5 -3.5 -15.5 3.5 -5.2 -14.6
5 24 1.6 -15.6 -12.2 2 -15.7 -11.4 2.5 -14.1 -11.4 0.8 -16.5 -11.3
5 24 -2.3 -14.1 -13.5 -2.2 -15.5 -14.4 -2.4 -9.1 -15.6 -2.2 -15.6 -14.1
5 24 1.5 -16.5 -13.3 7.3 -16.9 -12.8 2.2 -15.8 -13.1 0 -18.7 -14.25
5 24 -0.5 -16.6 -11.3 -0.8 -17.5 -10.5 -2.3 -16.8 -10.5 1 -17.5 -10.5
5 24 -7.2 -14.3 -0.3 -8.7949 -15.203 -0.4 -7.2 -14.3 -1.6 -7.2 -14.4 0.8
5 24 -8.7843 -15.5027 3.2 -7.1 -14.7 3.2 -7 -14.9 4.3 -7 -14.5 2.1
5 24 0.7 -16.3 -13.1 0.7 -16.9 -13.5 -0.2 -16.5 -13.3 1.5 -15.9 -12.9
5 24 0.7 -16.1 -12.3 0.8 -16.5 -11.3 -0.3 -16.2 -12.3 1.6 -15.6 -12.2
5 24 0 -32.1 -8.3 0 -33.3 -10.6 -2.1 -33.2 -10.6 2.1 -33.2 -10.6
5 24 9.4 -5 11.3 9.5 -4.8 4.3 9.2 -5.5 4.9 9.6 -4.3 11.1
5 24 9.6 -3.7 -14.3 9.5 -3.7 -6.1 9.7 -1.5 -14.5 9.3 -4.9 -13.5
5 24 -8.8 -4.2 9.6 -6.5 -4.1 9.5 -6.5 -5.2 10.3 -9 -1.1 9.1
5 24 -1.4 -15.9 -13.5 -0.3 -16.2 -12.3 -0.2 -16.5 -13.3 -1.5 -15.6 -12.2
5 24 -9.0742 -6.3992 11.9 -8.2 -7.8 11.1 -9.0196 -8.1006 11.9 -8.3 -6.5 11
5 24 -2.7 -0.9 19.1 -9.1 -1.1 18.7 -9 -4.2 18.7 -2.7 0 19.1
5 24 -2.4 -9.1 -15.6 -2.3 -14.1 -13.5 -2.2 -15.5 -14.4 -2.3 -14 -12.4
5 24 2.4 -10.1 13 2.6 -6.7 10.6 2.4 -14 10 2.9 -8.9 13.3
5 24 -1.5 -15.6 -12.2 -0.3 -16.2 -12.3 -0.5 -16.6 -11.3 -1.4 -15.9 -13.5
5 24 -0.3 -16.2 -12.3 0.8 -16.5 -11.3 0.7 -16.1 -12.3 -0.5 -16.6 -11.3
5 24 -1.8 -15.5 15.1 -7.3 -14.6 15.6 -7.1 -16.6 14 -2.3 -14.3 16.1
5 24 8.8 -4 2.5 3.5 -3.8 2.4 8.8 -4.8 2.8 3.5 0 2
5 24 8.5 -4.6 -5.2 6.9 -5.3 -5.2 8.2 -5.6 -5.3 8.8 -3.6 -5.2
5 24 -2.7 -1.6 -18 -3.1 0 -16.7 -2.8 0 -18.7 -3 -0.6 -16.7
5 24 0.6 -39.1 -18.9 0.9 -26.1 -18.5 1.5 -26.4 -18.9 -0.6 -39.1 -18.9
5 24 -8.9 -2.3 -18.3 -2.7 -2.3 -18.5 -8.7 -4.5 -18 -9 0 -18.5
5 24 8.9 -1.6 -15.8 9.7 -1.5 -14.5 8.6 -3.7 -15.5 9.7 0 -14.6
5 24 -5.7 -5.2 11.3 -6.5 -7.3 10.9 -6.5 -4.5 11.0973 -3.2 -5.8 11.3
5 24 -3.5 -5.7 -11.2 -4.9 -5.1 -12 -5.4 -5 -10.7 -3.3 -5.7 -11.9
5 24 2.7 -16.4 -10.5 3.5 -15.4 -10.5 2 -15.7 -11.4 3.5 -28.3 -10.5
5 24 5.2 -3.4 -14 5.2 -1.5 -15.9 5.3 -0.8 -13.9 5 -3.5 -15.5
5 24 9.5 -3.7 -6.1 8.8 -3.6 -5.2 9.6 -1.5 -6.1 9.4 -4.8 -6
5 24 2.4 -14 10 2.2 -15.1 13.9 2.2 -15.3 10 2.3 -14.1 14.1
5 24 1 -17.5 -10.5 -0.5 -16.6 -11.3 0.8 -16.5 -11.3 -0.8 -17.5 -10.5
5 24 2.2 -15.1 13.9 2.7 -16.7 13.5 1.1 -16 13.7 7.2 -16.2 13.5
5 24 3.5 -6.2 -5.3 6.9 -5.7 -5.3 3.5 -5.6 -5.3 3.5 -13.9 -4.6
5 24 -1.7 -19.6 15.3 -1.3 -18.5 15.3 -1.5 -18.7 13.9 -1 -18.3 16.4
5 24 -9.7 -1 10 -9 -1.1 9.1 -8.8 -4.2 9.6 -9.7 0 10
5 24 0 -38.2 -12.8 0 -39.7 -14.1 3.3 -38 -12.9 -3.3 -38 -12.9