0 ~Constraction Sword 15L with Swirls and Spike with Axle - Half
0 Name: s\2601s01.dat
0 Author: Gerald Lasser [GeraldLasser]
0 !LDRAW_ORG Subpart UPDATE 2026-04
0 !LICENSE Licensed under CC BY 4.0 : see CAreadme.txt

0 BFC CERTIFY CCW

0 !HISTORY 2026-04-27 [OrionP] Official Update 2026-04

3 16 1.413 15.038 -31.984 1.477 17.084 -29.767 2.983 9.032 -32.124
3 16 2.981 21.091 -61.867 1.959 13.09 -64.521 3.035 21.033 -66.731
3 16 1.9099 13.9671 -61.8952 1.959 13.09 -64.521 2.981 21.091 -61.867
3 16 1.719 13.966 -59.133 1.9099 13.9671 -61.8952 2.981 21.091 -61.867
3 16 1.719 13.966 -59.133 2.981 21.091 -61.867 3.016 20.782 -56.808
4 16 1.719 13.966 -59.133 3.016 20.782 -56.808 3.006 18.924 -51.587 1.664 12.11 -54.928
3 16 3.02 15.609 -47.587 1.664 12.11 -54.928 3.006 18.924 -51.587
3 16 1.719 9.096 -52.076 1.664 12.11 -54.928 3.02 15.609 -47.587
3 16 1.719 9.096 -52.076 3.02 15.609 -47.587 3.025 11.962 -45.201
4 16 1.707 5.681 -50.761 1.719 9.096 -52.076 3.025 11.962 -45.201 3.043 9.036 -43.8
4 16 1.669 1.945 -50.434 1.707 5.681 -50.761 3.043 9.036 -43.8 3.012 5.399 -43.277
3 16 1.669 1.945 -50.434 3.012 5.399 -43.277 3.014 1.1 -43.523
4 16 3.014 1.1 -43.523 3.013 -2.585 -44.796 1.73 -2.398 -51.798 1.669 1.945 -50.434
3 16 2.983 -6.139 -46.996 1.73 -2.398 -51.798 3.013 -2.585 -44.796
3 16 2.968 -9.753 -50.912 1.73 -2.398 -51.798 2.983 -6.139 -46.996
3 16 2.968 -9.753 -50.912 1.789 -6.026 -54.571 1.73 -2.398 -51.798
3 16 2.986 -12.001 -55.837 1.789 -6.026 -54.571 2.968 -9.753 -50.912
3 16 2.986 -12.001 -55.837 1.96 -8.435 -59.592 1.789 -6.026 -54.571
3 16 2.964 -12.4 -60.935 1.96 -8.435 -59.592 2.986 -12.001 -55.837
3 16 2.181 -8.657 -65.581 1.96 -8.435 -59.592 2.964 -12.4 -60.935
3 16 2.181 -8.657 -65.581 2.964 -12.4 -60.935 2.949 -11.572 -65.57
3 16 3.045 -9.496 -69.457 2.181 -8.657 -65.581 2.949 -11.572 -65.57
3 16 3.045 -9.496 -69.457 2.572 -7.089 -69.511 2.181 -8.657 -65.581
3 16 3.424 -7.045 -71.883 2.572 -7.089 -69.511 3.045 -9.496 -69.457
3 16 2.94 -3.624 -72.879 2.572 -7.089 -69.511 3.424 -7.045 -71.883
3 16 2.94 -3.624 -72.879 3.424 -7.045 -71.883 3.96 -3.489 -74.543
3 16 3 .543 -75.203 2.94 -3.624 -72.879 3.96 -3.489 -74.543
3 16 3 .543 -75.203 3.96 -3.489 -74.543 3.977 -.062 -75.957
3 16 3.883 3.819 -77.677 3 .543 -75.203 3.977 -.062 -75.957
3 16 3.883 3.819 -77.677 3.014 4.22 -76.842 3 .543 -75.203
3 16 1.669 1.945 -50.434 3.023 -1.805 -52.763 3.018 2.197 -51.492
3 16 1.669 1.945 -50.434 1.73 -2.398 -51.798 3.023 -1.805 -52.763
4 16 3.023 -1.805 -52.763 1.73 -2.398 -51.798 1.789 -6.026 -54.571 3.018 -5.256 -55.333
4 16 3.016 5.567 -51.773 1.707 5.681 -50.761 1.669 1.945 -50.434 3.018 2.197 -51.492
4 16 3.003 8.721 -52.962 1.719 9.096 -52.076 1.707 5.681 -50.761 3.016 5.567 -51.773
3 16 1.664 12.11 -54.928 1.719 9.096 -52.076 3.003 8.721 -52.962
3 16 1.664 12.11 -54.928 3.003 8.721 -52.962 3 11.363 -55.618
3 16 1.719 13.966 -59.133 1.664 12.11 -54.928 3 11.363 -55.618
3 16 1.719 13.966 -59.133 3 11.363 -55.618 3.031 12.742 -59.363
3 16 1.9099 13.9671 -61.8952 1.719 13.966 -59.133 3.031 12.742 -59.363
3 16 3.031 12.742 -59.363 3.0929 12.8866 -61.8212 1.9099 13.9671 -61.8952
5 24 3.031 12.742 -59.363 1.9099 13.9671 -61.8952 3.0929 12.8866 -61.8212 1.719 13.966 -59.133
3 16 3.0929 12.8866 -61.8212 3.013 12.153 -64.143 1.959 13.09 -64.521
3 16 1.959 13.09 -64.521 1.9099 13.9671 -61.8952 3.0929 12.8866 -61.8212
5 24 1.959 13.09 -64.521 3.0929 12.8866 -61.8212 1.9099 13.9671 -61.8952 3.013 12.153 -64.143
3 16 3.018 -5.256 -55.333 1.789 -6.026 -54.571 1.96 -8.435 -59.592
3 16 3.018 -5.256 -55.333 1.96 -8.435 -59.592 2.993 -7.416 -59.844
3 16 2.993 -7.416 -59.844 1.96 -8.435 -59.592 2.181 -8.657 -65.581
3 16 2.993 -7.416 -59.844 2.181 -8.657 -65.581 2.964 -7.539 -65.465
3 16 2.964 -7.539 -65.465 2.181 -8.657 -65.581 2.572 -7.089 -69.511
3 16 2.964 -7.539 -65.465 2.572 -7.089 -69.511 2.935 -6.09 -69.213
3 16 2.94 -3.624 -72.879 2.935 -6.09 -69.213 2.572 -7.089 -69.511
3 16 3.0559 11.0436 -66.072 3.01 9.414 -67.572 2.063 9.957 -68.298
3 16 2.063 9.957 -68.298 2.0554 11.7836 -66.624 3.0559 11.0436 -66.072
5 24 2.063 9.957 -68.298 3.0559 11.0436 -66.072 2.0554 11.7836 -66.624 3.01 9.414 -67.572
3 16 3.013 12.153 -64.143 3.0559 11.0436 -66.072 2.0554 11.7836 -66.624
3 16 2.0554 11.7836 -66.624 1.959 13.09 -64.521 3.013 12.153 -64.143
5 24 2.0554 11.7836 -66.624 3.013 12.153 -64.143 1.959 13.09 -64.521 3.0559 11.0436 -66.072
3 16 2.063 9.957 -68.298 3.01 9.414 -67.572 3.041 7.4384 -68.375
3 16 3.041 7.4384 -68.375 2.1075 7.5994 -69.116 2.063 9.957 -68.298
3 16 3.041 7.4384 -68.375 2.975 5.327 -68.457 2.055 5.106 -69.213
3 16 3.041 7.4384 -68.375 2.055 5.106 -69.213 2.1075 7.5994 -69.116
3 16 3.02 3.3864 -68.045 2.989 1.69 -67.003 2.15 .909 -67.575
3 16 2.975 5.327 -68.457 3.02 3.3864 -68.045 2.055 5.106 -69.213
3 16 2.1405 2.8854 -68.709 2.055 5.106 -69.213 3.02 3.3864 -68.045
3 16 2.15 .909 -67.575 2.1405 2.8854 -68.709 3.02 3.3864 -68.045
3 16 2.977 .272 -64.909 2.15 .909 -67.575 2.989 1.69 -67.003
3 16 2.977 .272 -64.909 2.269 -.435 -65.068 2.15 .909 -67.575
3 16 2.97 -.158 -62.238 2.269 -.435 -65.068 2.977 .272 -64.909
3 16 2.97 -.158 -62.238 2.669 -.555 -62.105 2.269 -.435 -65.068
3 16 2.923 .769 -59.812 2.669 -.555 -62.105 2.97 -.158 -62.238
3 16 2.923 .769 -59.812 2.97 -.158 -62.238 3.001 .986 -59.981
3 16 2.994 2.406 -58.646 2.923 .769 -59.812 3.001 .986 -59.981
3 16 3.023 -1.805 -52.763 2.923 .769 -59.812 2.994 2.406 -58.646
4 16 3.023 -1.805 -52.763 3.018 -5.256 -55.333 2.993 -7.416 -59.844 2.923 .769 -59.812
3 16 2.993 -7.416 -59.844 2.669 -.555 -62.105 2.923 .769 -59.812
3 16 2.964 -7.539 -65.465 2.269 -.435 -65.068 2.669 -.555 -62.105
3 16 2.669 -.555 -62.105 2.993 -7.416 -59.844 2.964 -7.539 -65.465
3 16 2.935 -6.09 -69.213 2.269 -.435 -65.068 2.964 -7.539 -65.465
3 16 2.935 -6.09 -69.213 2.15 .909 -67.575 2.269 -.435 -65.068
3 16 2.94 -3.624 -72.879 2.15 .909 -67.575 2.935 -6.09 -69.213
3 16 2.1405 2.8854 -68.709 2.15 .909 -67.575 2.94 -3.624 -72.879
3 16 2.055 5.106 -69.213 2.1405 2.8854 -68.709 2.94 -3.624 -72.879
3 16 3 .543 -75.203 2.055 5.106 -69.213 2.94 -3.624 -72.879
3 16 3.014 4.22 -76.842 2.055 5.106 -69.213 3 .543 -75.203
4 16 3.023 -1.805 -52.763 2.994 2.406 -58.646 3 3.859 -58.39 3.018 2.197 -51.492
4 16 3.003 8.721 -52.962 3.016 5.567 -51.773 3.018 2.197 -51.492 3 3.859 -58.39
4 16 3 3.859 -58.39 3 6.406 -61.145 3 11.363 -55.618 3.003 8.721 -52.962
3 16 3 6.406 -61.145 3.031 12.742 -59.363 3 11.363 -55.618
3 16 3 6.406 -61.145 3.0559 11.0436 -66.072 3.013 12.153 -64.143
3 16 3.0929 12.8866 -61.8212 3.031 12.742 -59.363 3 6.406 -61.145
3 16 3.013 12.153 -64.143 3.0929 12.8866 -61.8212 3 6.406 -61.145
3 16 3 6.406 -61.145 3.041 7.4384 -68.375 3.01 9.414 -67.572
3 16 3.01 9.414 -67.572 3.0559 11.0436 -66.072 3 6.406 -61.145
3 16 2.975 5.327 -68.457 3.041 7.4384 -68.375 3 6.406 -61.145
3 16 3.014 14.8798 -73.4232 3.014 17.648 -71.044 2.063 9.957 -68.298
3 16 3.014 11.702 -75.219 3.014 14.8798 -73.4232 2.063 9.957 -68.298
3 16 2.0554 11.7836 -66.624 2.063 9.957 -68.298 3.014 17.648 -71.044
3 16 1.959 13.09 -64.521 2.0554 11.7836 -66.624 3.014 17.648 -71.044
4 16 3.014 4.22 -76.842 3.014 8.0283 -76.3405 2.1075 7.5994 -69.116 2.055 5.106 -69.213
4 16 3.014 8.0283 -76.3405 3.014 11.702 -75.219 2.063 9.957 -68.298 2.1075 7.5994 -69.116
3 16 3.035 21.033 -66.731 1.959 13.09 -64.521 3.014 17.648 -71.044
3 16 3.075 -13.465 -46.068 2.983 -6.139 -46.996 2.976 -8.439 -40.883
4 16 2.983 -6.139 -46.996 3.075 -13.465 -46.068 2.982 -17.352 -53.279 2.968 -9.753 -50.912
3 16 2.968 -9.753 -50.912 2.982 -17.352 -53.279 2.986 -12.001 -55.837
3 16 2.986 -12.001 -55.837 2.982 -17.352 -53.279 3.055 -17.836 -58.935
4 16 3.036 -17.543 -64.093 2.964 -12.4 -60.935 2.986 -12.001 -55.837 3.055 -17.836 -58.935
3 16 2.964 -12.4 -60.935 3.036 -17.543 -64.093 2.949 -11.572 -65.57
4 16 3.067 -16.24 -68.937 3.01 -12.717 -67.722 2.949 -11.572 -65.57 3.036 -17.543 -64.093
3 16 3.045 -9.496 -69.457 2.949 -11.572 -65.57 3.01 -12.717 -67.722
3 16 3.045 -9.496 -69.457 3.01 -12.717 -67.722 3.012 -11.826 -70.164
3 16 3.045 -9.496 -69.457 3.012 -11.826 -70.164 3.233 -11.334 -72.828
3 16 3.045 -9.496 -69.457 3.233 -11.334 -72.828 3.424 -7.045 -71.883
4 16 3.96 -3.489 -74.543 3.424 -7.045 -71.883 3.233 -11.334 -72.828 3.69 -8.242 -74.989
3 16 3.233 -11.334 -72.828 3.515 -11.472 -75.779 3.69 -8.242 -74.989
3 16 3.067 -16.24 -68.937 2.852 -12.392 -70.157 3.01 -12.717 -67.722
3 16 2.683 -14.794 -72.602 2.852 -12.392 -70.157 3.067 -16.24 -68.937
3 16 2.683 -14.794 -72.602 2.536 -12.308 -72.571 2.852 -12.392 -70.157
3 16 2.199 -12.713 -74.983 2.536 -12.308 -72.571 2.683 -14.794 -72.602
3 16 2.091 -13.273 -75.716 2.199 -12.713 -74.983 2.683 -14.794 -72.602
3 16 3.522 -12.289 -76.8 2.199 -12.713 -74.983 2.091 -13.273 -75.716
3 16 3.522 -12.289 -76.8 3.515 -11.472 -75.779 2.199 -12.713 -74.983
3 16 2.199 -12.713 -74.983 3.515 -11.472 -75.779 3.233 -11.334 -72.828
3 16 2.199 -12.713 -74.983 3.233 -11.334 -72.828 2.536 -12.308 -72.571
3 16 2.536 -12.308 -72.571 3.233 -11.334 -72.828 3.012 -11.826 -70.164
3 16 2.536 -12.308 -72.571 3.012 -11.826 -70.164 2.852 -12.392 -70.157
3 16 1.381 -13.824 -75.999 3.522 -12.289 -76.8 2.091 -13.273 -75.716
3 16 1.381 -13.824 -75.999 3.468 -14.323 -78.601 3.522 -12.289 -76.8
3 16 3.468 -14.323 -78.601 1.381 -13.824 -75.999 2.016 -17.633 -80.73
3 16 3.468 -14.323 -78.601 2.016 -17.633 -80.73 3.426 -16.921 -81.67
3 16 3.426 -16.921 -81.67 2.016 -17.633 -80.73 1.985 -19.956 -88.016
3 16 3.426 -16.921 -81.67 1.985 -19.956 -88.016 3.417 -18.435 -88.47
3 16 3.417 -18.435 -88.47 1.985 -19.956 -88.016 2.211 -18.825 -94.576
3 16 3.417 -18.435 -88.47 2.211 -18.825 -94.576 3.388 -17.736 -94.266
3 16 3.388 -17.736 -94.266 2.211 -18.825 -94.576 2.496 -16.154 -99.389
3 16 3.388 -17.736 -94.266 2.496 -16.154 -99.389 3.463 -15.52 -98.847
3 16 3.01 -12.717 -67.722 2.852 -12.392 -70.157 3.012 -11.826 -70.164
3 16 2.496 -16.154 -99.389 3.4 -13.279 -101.53 3.463 -15.52 -98.847
3 16 2.496 -16.154 -99.389 2.539 -13.768 -101.995 3.4 -13.279 -101.53
3 16 3.4 -13.279 -101.53 2.539 -13.768 -101.995 2.502 -12.716 -102.923
3 16 3.4 -13.279 -101.53 2.502 -12.716 -102.923 3.342 -11.746 -102.852
3 16 2.664 -10.343 -104.432 3.342 -11.746 -102.852 2.502 -12.716 -102.923
3 16 2.664 -10.343 -104.432 3.35 -8.641 -104.457 3.342 -11.746 -102.852
3 16 3.35 -8.641 -104.457 2.664 -10.343 -104.432 2.811 -4.912 -105.593
3 16 3.35 -8.641 -104.457 2.811 -4.912 -105.593 3.322 -4.943 -104.951
3 16 2.811 -4.912 -105.593 3.229 -1.063 -104.355 3.322 -4.943 -104.951
3 16 2.811 -4.912 -105.593 2.647 -.736 -104.896 3.229 -1.063 -104.355
3 16 2.647 -.736 -104.896 3.173 1.894 -102.73 3.229 -1.063 -104.355
3 16 2.647 -.736 -104.896 2.546 2.447 -103.225 3.173 1.894 -102.73
3 16 2.546 2.447 -103.225 3.114 5.138 -99.356 3.173 1.894 -102.73
3 16 2.546 2.447 -103.225 2.546 5.697 -99.657 3.114 5.138 -99.356
3 16 3.174 6.4047 -96.6906 3.114 5.138 -99.356 2.546 5.697 -99.657
3 16 3.174 6.4047 -96.6906 2.546 5.697 -99.657 2.649 7.0122 -96.8196
3 16 2.649 7.0122 -96.8196 2.609 7.618 -93.75 3.091 6.962 -93.793
3 16 2.649 7.0122 -96.8196 3.091 6.962 -93.793 3.174 6.4047 -96.6906
3 16 3.1533 6.4276 -90.8767 3.091 6.962 -93.793 2.609 7.618 -93.75
3 16 3.1533 6.4276 -90.8767 2.609 7.618 -93.75 2.5928 6.9726 -90.6207
3 16 2.5928 6.9726 -90.6207 2.4007 5.1519 -86.9258 3.0397 4.7179 -87.3948
3 16 2.5928 6.9726 -90.6207 3.0397 4.7179 -87.3948 3.1533 6.4276 -90.8767
3 16 2.4007 5.1519 -86.9258 3.035 1.432 -84.262 3.0397 4.7179 -87.3948
3 16 2.4007 5.1519 -86.9258 1.961 1.521 -83.416 3.035 1.432 -84.262
3 16 1.961 1.521 -83.416 2.98 -2.163 -82.905 3.035 1.432 -84.262
3 16 1.961 1.521 -83.416 1.864 -2.065 -82.305 2.98 -2.163 -82.905
3 16 2.98 -2.163 -82.905 1.864 -2.065 -82.305 2.247 -6.49 -82.81
3 16 2.98 -2.163 -82.905 2.247 -6.49 -82.81 3.01 -6.414 -83.379
4 16 2.247 -6.49 -82.81 1.965 -9.775 -85.056 2.979 -9.267 -85.491 3.01 -6.414 -83.379
3 16 1.965 -9.775 -85.056 3.012 -10.788 -88.364 2.979 -9.267 -85.491
3 16 1.965 -9.775 -85.056 1.997 -11.501 -88.189 3.012 -10.788 -88.364
3 16 3.012 -10.788 -88.364 1.997 -11.501 -88.189 2.314 -11.287 -91.764
3 16 3.012 -10.788 -88.364 2.314 -11.287 -91.764 3.016 -10.617 -91.624
3 16 2.314 -11.287 -91.764 3.019 -9.605 -94.106 3.016 -10.617 -91.624
3 16 2.314 -11.287 -91.764 2.175 -10.187 -94.559 3.019 -9.605 -94.106
3 16 3.019 -9.605 -94.106 2.175 -10.187 -94.559 2.249 -8.23 -96.634
3 16 3.019 -9.605 -94.106 2.249 -8.23 -96.634 3.017 -7.695 -96.18
3 16 3.017 -7.695 -96.18 2.249 -8.23 -96.634 2.2382 -5.7597 -97.733
3 16 3.017 -7.695 -96.18 2.2382 -5.7597 -97.733 3.0322 -5.7707 -97.125
3 16 3.0446 -4.0432 -97.0436 3.0322 -5.7707 -97.125 2.2382 -5.7597 -97.733
3 16 3.0446 -4.0432 -97.0436 2.2382 -5.7597 -97.733 2.1366 -3.7767 -97.5981
3 16 2.1366 -3.7767 -97.5981 1.988 -2.48 -96.962 3.01 -3.002 -96.461
3 16 2.1366 -3.7767 -97.5981 3.01 -3.002 -96.461 3.0446 -4.0432 -97.0436
3 16 2.1678 -1.3151 -95.5985 2.265 -.714 -93.902 3.0358 -1.8661 -95.289
3 16 1.988 -2.48 -96.962 2.1678 -1.3151 -95.5985 3.01 -3.002 -96.461
3 16 3.0358 -1.8661 -95.289 3.01 -3.002 -96.461 2.1678 -1.3151 -95.5985
3 16 2.979 -1.294 -93.784 3.0358 -1.8661 -95.289 2.265 -.714 -93.902
3 16 2.5075 -.7352 -92.214 2.749 -1.402 -90.663 2.996 -1.2197 -92.31
3 16 2.265 -.714 -93.902 2.5075 -.7352 -92.214 2.979 -1.294 -93.784
3 16 2.996 -1.2197 -92.31 2.979 -1.294 -93.784 2.5075 -.7352 -92.214
3 16 3.012 -1.791 -90.973 2.996 -1.2197 -92.31 2.749 -1.402 -90.663
3 16 3.003 -2.555 -89.879 3.012 -1.791 -90.973 2.749 -1.402 -90.663
3 16 3.003 -2.555 -89.879 2.749 -1.402 -90.663 2.947 -2.402 -89.629
3 16 3.007 -3.93 -88.577 3.003 -2.555 -89.879 2.947 -2.402 -89.629
3 16 3.035 21.033 -66.731 1.577 26.956 -64.175 2.981 21.091 -61.867
3 16 3.035 21.033 -66.731 1.549 25.488 -70.992 1.577 26.956 -64.175
4 16 3.016 20.782 -56.808 2.981 21.091 -61.867 1.577 26.956 -64.175 1.507 26.698 -56.787
4 16 3.006 18.924 -51.587 3.016 20.782 -56.808 1.507 26.698 -56.787 1.445 24.47 -49.55
3 16 3.006 18.924 -51.587 1.445 24.47 -49.55 1.432 20.063 -43.352
3 16 3.006 18.924 -51.587 1.432 20.063 -43.352 3.02 15.609 -47.587
3 16 3.02 15.609 -47.587 1.432 20.063 -43.352 1.473 16.031 -39.75
3 16 3.02 15.609 -47.587 1.473 16.031 -39.75 3.025 11.962 -45.201
4 16 1.473 16.031 -39.75 1.374 15.292 -38.886 3.043 9.036 -43.8 3.025 11.962 -45.201
3 16 1.374 15.292 -38.886 1.405 15.008 -37.955 3.043 9.036 -43.8
4 16 1.413 15.038 -31.984 2.983 9.032 -32.124 3.043 9.036 -43.8 1.405 15.008 -37.955
4 16 3 3.859 -58.39 2.994 2.406 -58.646 3.001 .986 -59.981 3 6.406 -61.145
3 16 3.001 .986 -59.981 2.97 -.158 -62.238 3 6.406 -61.145
4 16 2.97 -.158 -62.238 2.977 .272 -64.909 2.989 1.69 -67.003 3 6.406 -61.145
3 16 3.02 3.3864 -68.045 2.975 5.327 -68.457 3 6.406 -61.145
3 16 2.989 1.69 -67.003 3.02 3.3864 -68.045 3 6.406 -61.145
3 16 3.014 11.6711 -83.9045 3.014 13.4326 -87.6474 3.014 20.731 -84.27
4 16 3.014 11.702 -75.219 3.014 8.0283 -76.3405 3.014 11.6711 -83.9045 3.014 20.731 -84.27
3 16 3.014 9.444 -81.006 3.014 11.6711 -83.9045 3.014 8.0283 -76.3405
3 16 3.014 8.0283 -76.3405 3.014 4.22 -76.842 3.014 9.444 -81.006
4 16 3.014 20.732 -106.905 3.014 20.731 -84.27 3.014 13.4326 -87.6474 3.014 14.52 -92.796
3 16 3.014 14.52 -92.796 3.014 14.0676 -97.898 3.014 20.732 -106.905
3 16 3.014 14.8798 -73.4232 3.014 11.702 -75.219 3.014 20.731 -84.27
3 16 3.014 17.648 -71.044 3.014 14.8798 -73.4232 3.014 20.731 -84.27
4 16 3.014 11.062 -104.583 3.014 8.695 -110.156 3.014 20.732 -106.905 3.014 12.6876 -101.8196
3 16 3.014 14.0676 -97.898 3.014 12.6876 -101.8196 3.014 20.732 -106.905
3 16 3.014 8.695 -110.156 3.014 11.062 -104.583 3.014 7.292 -108.597
3 16 3.014 20.731 -84.27 3.035 21.033 -66.731 3.014 17.648 -71.044
3 16 3.014 8.695 -110.156 3.014 9.547 -113.159 3.014 20.732 -106.905
4 16 2.99 20.762 -223.08 3.014 20.732 -106.905 3.014 9.547 -113.159 3.014 9.577 -116.497
3 16 3.014 9.577 -116.497 3.014 9.577 -200.992 2.99 20.762 -223.08
3 16 3.014 9.577 -200.992 2.988 9.577 -210.696 2.99 20.762 -223.08
3 16 2.991 9.577 -218.046 2.99 20.762 -223.08 2.988 9.577 -210.696
4 16 3 20.794 -240.725 2.99 20.762 -223.08 2.991 9.577 -218.046 2.965 9.58 -228
4 16 3 20.4173 -246.7933 3 20.794 -240.725 2.965 9.58 -228 2.944 8.627 -236.799
4 16 2.918 5.48 -245.022 3 19.2826 -252.7592 3 20.4173 -246.7933 2.944 8.627 -236.799
4 16 2.968 .118 -253.028 3 17.4136 -258.5206 3 19.2826 -252.7592 2.918 5.48 -245.022
3 16 3 14.837 -263.975 3 17.4136 -258.5206 2.968 .118 -253.028
4 16 3.01 -3.922 -257.057 3 11.6063 -269.0342 3 14.837 -263.975 2.968 .118 -253.028
3 16 3 7.766 -273.6052 3 11.6063 -269.0342 3.01 -3.922 -257.057
3 16 3 3.3916 -277.6181 3 7.766 -273.6052 3.01 -3.922 -257.057
4 16 2.848 -9.828 -261.206 2.861 -9.848 -272.454 3 3.3916 -277.6181 3.01 -3.922 -257.057
3 16 2.93 -1.45 -280.994 3 3.3916 -277.6181 2.861 -9.848 -272.454
3 16 2.86 -6.6699 -283.6864 2.93 -1.45 -280.994 2.861 -9.848 -272.454
3 16 2.804 -10.763 -284.907 2.86 -6.6699 -283.6864 2.861 -9.848 -272.454
3 16 3.014 9.444 -81.006 3.883 3.819 -77.677 3.833 8.769 -81.649
3 16 3.014 9.444 -81.006 3.014 4.22 -76.842 3.883 3.819 -77.677
4 16 3.835 10.9016 -84.421 3.014 11.6711 -83.9045 3.014 9.444 -81.006 3.833 8.769 -81.649
4 16 3.837 12.5686 -88.0374 3.014 13.4326 -87.6474 3.014 11.6711 -83.9045 3.835 10.9016 -84.421
3 16 3.014 14.52 -92.796 3.014 13.4326 -87.6474 3.837 12.5686 -88.0374
3 16 3.014 14.52 -92.796 3.837 12.5686 -88.0374 3.864 13.719 -92.874
3 16 3.014 14.0676 -97.898 3.014 14.52 -92.796 3.864 13.719 -92.874
3 16 3.014 14.0676 -97.898 3.864 13.719 -92.874 3.823 13.1706 -97.754
4 16 3.014 12.6876 -101.8196 3.819 11.8216 -101.6291 3.815 10.227 -104.346 3.014 11.062 -104.583
4 16 3.819 11.8216 -101.6291 3.014 12.6876 -101.8196 3.014 14.0676 -97.898 3.823 13.1706 -97.754
3 16 3.833 7.194 -107.725 3.014 11.062 -104.583 3.815 10.227 -104.346
3 16 3.833 7.194 -107.725 3.014 7.292 -108.597 3.014 11.062 -104.583
3 16 3.77 2.115 -110.869 3.014 7.292 -108.597 3.833 7.194 -107.725
3 16 3.77 2.115 -110.869 2.222 2.63 -111.479 3.014 7.292 -108.597
3 16 2.222 -3.669 -112.827 2.222 2.63 -111.479 3.77 2.115 -110.869
3 16 2.222 -3.669 -112.827 3.77 2.115 -110.869 3.753 -3.892 -112.048
3 16 2.222 6.763 -109.397 3.014 7.292 -108.597 2.222 2.63 -111.479
3 16 2.222 -9.893 -111.828 2.222 -3.669 -112.827 3.753 -3.892 -112.048
3 16 2.222 -9.893 -111.828 3.753 -3.892 -112.048 3.516 -10.164 -111.687
3 16 3.48 -14.219 -109.971 2.222 -9.893 -111.828 3.516 -10.164 -111.687
3 16 3.014 20.731 -84.27 1.5 39.634 -85.164 3.035 21.033 -66.731
3 16 3.014 20.731 -84.27 3.014 20.732 -106.905 1.5 39.634 -85.164
4 16 1.5 39.634 -85.164 3.014 20.732 -106.905 2.99 20.762 -223.08 1.5 39.821 -223.094
4 16 2.99 20.762 -223.08 3 20.794 -240.725 1.464 40 -246 1.5 39.821 -223.094
4 16 1.464 34.5208 -276.616 1.464 37.5448 -266.704 3 19.2826 -252.7592 3 17.4136 -258.5206
4 16 1.464 39.3808 -256.44 3 20.4173 -246.7933 3 19.2826 -252.7592 1.464 37.5448 -266.704
4 16 1.464 40 -246 3 20.794 -240.725 3 20.4173 -246.7933 1.464 39.3808 -256.44
3 16 3 11.6063 -269.0342 3 7.766 -273.6052 1.464 25.1248 -294.704
4 16 1.464 25.1248 -294.704 1.464 30.352 -286 3 14.837 -263.975 3 11.6063 -269.0342
4 16 3 14.837 -263.975 1.464 30.352 -286 1.464 34.5208 -276.616 3 17.4136 -258.5206
4 16 3 7.766 -273.6052 3 3.3916 -277.6181 1.464 18.9112 -302.568 1.464 25.1248 -294.704
3 16 1.464 18.9112 -302.568 3 3.3916 -277.6181 2.93 -1.45 -280.994
3 16 2.86 -6.6699 -283.6864 2.804 -10.763 -284.907 1.871 -13.032 -297.821
3 16 1.871 -13.032 -297.821 1.464 -4.4456 -319.912 1.464 4 -315.28
3 16 2.86 -6.6699 -283.6864 1.464 11.8336 -309.472 2.93 -1.45 -280.994
3 16 1.464 11.8336 -309.472 1.464 18.9112 -302.568 2.93 -1.45 -280.994
3 16 1.464 4 -315.28 1.464 11.8336 -309.472 2.86 -6.6699 -283.6864
3 16 1.464 4 -315.28 2.86 -6.6699 -283.6864 1.871 -13.032 -297.821
3 16 1.871 -13.032 -297.821 1.592 -15.587 -307.469 1.464 -4.4456 -319.912
4 16 1.464 -4.4456 -319.912 1.592 -15.587 -307.469 1.537 -14.644 -318.026 1.5 -11.615 -321.423
3 16 1.537 -14.644 -318.026 1.592 -15.587 -307.469 1.515 -17.674 -314.63
3 16 1.486 -17.935 -317.312 1.537 -14.644 -318.026 1.515 -17.674 -314.63
3 16 1.486 -17.935 -317.312 1.441 -16.918 -319.571 1.537 -14.644 -318.026
3 16 1.537 -14.644 -318.026 1.441 -16.918 -319.571 1.468 -14.706 -321.229
3 16 1.468 -14.706 -321.229 1.5 -11.615 -321.423 1.537 -14.644 -318.026
5 24 1.468 -14.706 -321.229 1.537 -14.644 -318.026 1.5 -11.615 -321.423 1.441 -16.918 -319.571
3 16 3.96 -3.489 -74.543 1.864 -2.065 -82.305 3.977 -.062 -75.957
4 16 3.977 -.062 -75.957 1.864 -2.065 -82.305 1.961 1.521 -83.416 3.883 3.819 -77.677
3 16 1.961 1.521 -83.416 3.833 8.769 -81.649 3.883 3.819 -77.677
3 16 1.961 1.521 -83.416 2.4007 5.1519 -86.9258 3.833 8.769 -81.649
3 16 3.96 -3.489 -74.543 2.247 -6.49 -82.81 1.864 -2.065 -82.305
3 16 3.96 -3.489 -74.543 3.69 -8.242 -74.989 2.247 -6.49 -82.81
3 16 3.515 -11.472 -75.779 2.247 -6.49 -82.81 3.69 -8.242 -74.989
3 16 3.522 -12.289 -76.8 2.247 -6.49 -82.81 3.515 -11.472 -75.779
3 16 3.522 -12.289 -76.8 1.965 -9.775 -85.056 2.247 -6.49 -82.81
3 16 3.522 -12.289 -76.8 3.468 -14.323 -78.601 1.965 -9.775 -85.056
3 16 3.835 10.9016 -84.421 3.833 8.769 -81.649 2.4007 5.1519 -86.9258
3 16 3.837 12.5686 -88.0374 3.835 10.9016 -84.421 2.4007 5.1519 -86.9258
4 16 3.864 13.719 -92.874 3.837 12.5686 -88.0374 2.5928 6.9726 -90.6207 2.609 7.618 -93.75
3 16 2.4007 5.1519 -86.9258 2.5928 6.9726 -90.6207 3.837 12.5686 -88.0374
3 16 2.609 7.618 -93.75 3.823 13.1706 -97.754 3.864 13.719 -92.874
3 16 2.649 7.0122 -96.8196 2.546 5.697 -99.657 3.823 13.1706 -97.754
3 16 2.609 7.618 -93.75 2.649 7.0122 -96.8196 3.823 13.1706 -97.754
3 16 3.819 11.8216 -101.6291 3.823 13.1706 -97.754 2.546 5.697 -99.657
3 16 3.815 10.227 -104.346 3.819 11.8216 -101.6291 2.546 5.697 -99.657
4 16 2.546 5.697 -99.657 2.546 2.447 -103.225 3.833 7.194 -107.725 3.815 10.227 -104.346
3 16 2.546 2.447 -103.225 3.77 2.115 -110.869 3.833 7.194 -107.725
3 16 2.546 2.447 -103.225 2.647 -.736 -104.896 3.77 2.115 -110.869
3 16 2.647 -.736 -104.896 3.753 -3.892 -112.048 3.77 2.115 -110.869
3 16 2.647 -.736 -104.896 2.811 -4.912 -105.593 3.753 -3.892 -112.048
3 16 2.811 -4.912 -105.593 3.516 -10.164 -111.687 3.753 -3.892 -112.048
3 16 2.811 -4.912 -105.593 2.664 -10.343 -104.432 3.516 -10.164 -111.687
3 16 2.664 -10.343 -104.432 3.48 -14.219 -109.971 3.516 -10.164 -111.687
3 16 3.28 -15.582 -108.429 3.48 -14.219 -109.971 2.664 -10.343 -104.432
3 16 2.962 -14.957 -106.454 3.28 -15.582 -108.429 2.664 -10.343 -104.432
3 16 2.962 -14.957 -106.454 2.664 -10.343 -104.432 2.502 -12.716 -102.923
3 16 3.426 -16.921 -81.67 1.997 -11.501 -88.189 1.965 -9.775 -85.056
3 16 3.426 -16.921 -81.67 3.417 -18.435 -88.47 1.997 -11.501 -88.189
3 16 3.417 -18.435 -88.47 2.314 -11.287 -91.764 1.997 -11.501 -88.189
4 16 2.175 -10.187 -94.559 2.314 -11.287 -91.764 3.417 -18.435 -88.47 3.388 -17.736 -94.266
3 16 3.388 -17.736 -94.266 3.463 -15.52 -98.847 2.175 -10.187 -94.559
3 16 2.175 -10.187 -94.559 3.463 -15.52 -98.847 3.4 -13.279 -101.53
3 16 2.249 -8.23 -96.634 2.175 -10.187 -94.559 3.4 -13.279 -101.53
3 16 2.249 -8.23 -96.634 3.4 -13.279 -101.53 3.342 -11.746 -102.852
4 16 2.2382 -5.7597 -97.733 2.249 -8.23 -96.634 3.342 -11.746 -102.852 3.35 -8.641 -104.457
3 16 2.2382 -5.7597 -97.733 3.35 -8.641 -104.457 3.322 -4.943 -104.951
3 16 2.2382 -5.7597 -97.733 3.322 -4.943 -104.951 3.229 -1.063 -104.355
3 16 2.1366 -3.7767 -97.5981 2.2382 -5.7597 -97.733 3.229 -1.063 -104.355
3 16 1.988 -2.48 -96.962 2.1366 -3.7767 -97.5981 3.229 -1.063 -104.355
3 16 3.229 -1.063 -104.355 3.173 1.894 -102.73 1.988 -2.48 -96.962
3 16 1.988 -2.48 -96.962 3.173 1.894 -102.73 3.114 5.138 -99.356
3 16 2.1678 -1.3151 -95.5985 1.988 -2.48 -96.962 3.114 5.138 -99.356
3 16 2.265 -.714 -93.902 2.1678 -1.3151 -95.5985 3.114 5.138 -99.356
3 16 3.174 6.4047 -96.6906 3.091 6.962 -93.793 2.265 -.714 -93.902
3 16 3.114 5.138 -99.356 3.174 6.4047 -96.6906 2.265 -.714 -93.902
3 16 3.1533 6.4276 -90.8767 3.0397 4.7179 -87.3948 2.265 -.714 -93.902
3 16 3.091 6.962 -93.793 3.1533 6.4276 -90.8767 2.265 -.714 -93.902
3 16 2.5075 -.7352 -92.214 2.265 -.714 -93.902 3.0397 4.7179 -87.3948
3 16 2.749 -1.402 -90.663 2.5075 -.7352 -92.214 3.0397 4.7179 -87.3948
3 16 3.035 1.432 -84.262 2.749 -1.402 -90.663 3.0397 4.7179 -87.3948
3 16 3.035 1.432 -84.262 2.947 -2.402 -89.629 2.749 -1.402 -90.663
3 16 2.98 -2.163 -82.905 2.947 -2.402 -89.629 3.035 1.432 -84.262
3 16 2.98 -2.163 -82.905 3.007 -3.93 -88.577 2.947 -2.402 -89.629
4 16 3 -5.412 -87.878 3.007 -3.93 -88.577 2.98 -2.163 -82.905 3.01 -6.414 -83.379
3 16 3.014 8.695 -110.156 2.222 8.595 -113.129 3.014 9.547 -113.159
3 16 3.014 8.695 -110.156 2.222 7.927 -110.508 2.222 8.595 -113.129
3 16 3.014 7.292 -108.597 2.222 7.927 -110.508 3.014 8.695 -110.156
3 16 3.014 7.292 -108.597 2.222 6.763 -109.397 2.222 7.927 -110.508
3 16 2.222 8.556 -116.497 3.014 9.547 -113.159 2.222 8.595 -113.129
3 16 2.222 8.556 -116.497 3.014 9.577 -116.497 3.014 9.547 -113.159
4 16 2.222 8.555 -200.992 3.014 9.577 -200.992 3.014 9.577 -116.497 2.222 8.556 -116.497
4 16 2.222 8.56 -210.696 2.988 9.577 -210.696 3.014 9.577 -200.992 2.222 8.555 -200.992
4 16 2.222 8.56 -218.046 2.991 9.577 -218.046 2.988 9.577 -210.696 2.222 8.56 -210.696
3 16 2.222 8.56 -218.046 2.965 9.58 -228 2.991 9.577 -218.046
3 16 2.222 8.56 -218.046 2.222 8.557 -228 2.965 9.58 -228
4 16 2.222 8.557 -228 2.222 7.693 -236.192 2.944 8.627 -236.799 2.965 9.58 -228
3 16 2.222 4.643 -244.573 2.944 8.627 -236.799 2.222 7.693 -236.192
3 16 2.222 4.643 -244.573 2.918 5.48 -245.022 2.944 8.627 -236.799
3 16 2.968 .118 -253.028 2.918 5.48 -245.022 2.222 4.643 -244.573
3 16 2.968 .118 -253.028 2.222 4.643 -244.573 2.222 -.666 -252.485
3 16 2.222 -.666 -252.485 3.01 -3.922 -257.057 2.968 .118 -253.028
3 16 2.222 -.666 -252.485 2.222 -4.478 -256.332 3.01 -3.922 -257.057
3 16 2.222 -9.828 -259.925 3.01 -3.922 -257.057 2.222 -4.478 -256.332
3 16 2.222 -9.828 -259.925 2.848 -9.828 -261.206 3.01 -3.922 -257.057
4 16 2.222 -3.669 -112.827 2.222 -.342 -116.497 2.222 7.927 -110.508 2.222 2.63 -111.479
3 16 2.222 7.927 -110.508 2.222 6.763 -109.397 2.222 2.63 -111.479
4 16 2.222 8.556 -116.497 2.222 8.595 -113.129 2.222 7.927 -110.508 2.222 -.342 -116.497
3 16 2.222 -.342 -116.497 2.222 8.555 -200.992 2.222 8.556 -116.497
3 16 2.222 8.555 -200.992 2.222 -.823 -200.993 2.328 .724 -204.114
3 16 2.222 8.555 -200.992 2.222 -.342 -116.497 2.222 -.823 -200.993
3 16 2.2741 2.6888 -204.9735 2.2261 4.2647 -206.3517 2.222 8.555 -200.992
3 16 2.328 .724 -204.114 2.2741 2.6888 -204.9735 2.222 8.555 -200.992
3 16 2.222 -.823 -200.993 2.222 -10.004 -200.993 2.3198 -1.6319 -203.6652
3 16 2.3198 -1.6319 -203.6652 2.328 .724 -204.114 2.222 -.823 -200.993
5 24 2.3198 -1.6319 -203.6652 2.222 -.823 -200.993 2.328 .724 -204.114 2.222 -10.004 -200.993
3 16 2.321 -3.8336 -203.565 2.3198 -1.6319 -203.6652 2.222 -10.004 -200.993
4 16 2.2336 5.6259 -208.5442 2.222 8.56 -210.696 2.222 8.555 -200.992 2.2261 4.2647 -206.3517
3 16 2.2336 5.6259 -208.5442 2.249 6.102 -211.07 2.222 8.56 -210.696
4 16 2.239 5.583 -216.854 2.222 8.56 -218.046 2.222 8.56 -210.696 2.2422 6.1581 -214.0884
3 16 2.249 6.102 -211.07 2.2422 6.1581 -214.0884 2.222 8.56 -210.696
3 16 2.335 3.114 -222.388 2.222 8.56 -218.046 2.239 5.583 -216.854
3 16 2.335 3.114 -222.388 2.222 8.557 -228 2.222 8.56 -218.046
3 16 2.222 1.721 -229.556 2.222 8.557 -228 2.335 3.114 -222.388
3 16 2.222 1.721 -229.556 2.335 3.114 -222.388 2.416 -2.516 -228.873
3 16 2.222 1.721 -229.556 2.416 -2.516 -228.873 2.388 -7.054 -232.843
3 16 2.222 1.721 -229.556 2.388 -7.054 -232.843 2.222 -.911 -239.814
4 16 2.222 -.911 -239.814 2.222 7.693 -236.192 2.222 8.557 -228 2.222 1.721 -229.556
4 16 2.222 -.666 -252.485 2.222 4.643 -244.573 2.222 7.693 -236.192 2.222 -.911 -239.814
3 16 2.222 -.666 -252.485 2.222 -5.657 -251.99 2.222 -4.478 -256.332
3 16 2.388 -7.054 -232.843 2.222 -9.843 -238.819 2.222 -.911 -239.814
4 16 2.222 -.666 -252.485 2.222 -.911 -239.814 2.222 -9.843 -238.819 2.222 -5.657 -251.99
3 16 2.388 -7.054 -232.843 2.222 -10.04 -235.12 2.222 -9.843 -238.819
4 16 2.222 -4.478 -256.332 2.222 -5.657 -251.99 2.222 -9.843 -238.819 2.222 -9.828 -251.231
3 16 2.222 -9.828 -251.231 2.222 -9.828 -259.925 2.222 -4.478 -256.332
4 16 2.979 -9.267 -85.491 3.012 -10.788 -88.364 3.016 -10.617 -91.624 3 -6.01 -91.254
4 16 3.017 -7.695 -96.18 3 -6.01 -91.254 3.016 -10.617 -91.624 3.019 -9.605 -94.106
3 16 3.017 -7.695 -96.18 3.0322 -5.7707 -97.125 3 -6.01 -91.254
3 16 3.0446 -4.0432 -97.0436 3.01 -3.002 -96.461 3 -6.01 -91.254
3 16 3.0322 -5.7707 -97.125 3.0446 -4.0432 -97.0436 3 -6.01 -91.254
3 16 3.0358 -1.8661 -95.289 2.979 -1.294 -93.784 3 -6.01 -91.254
3 16 3.01 -3.002 -96.461 3.0358 -1.8661 -95.289 3 -6.01 -91.254
3 16 2.996 -1.2197 -92.31 3.012 -1.791 -90.973 3 -6.01 -91.254
3 16 2.979 -1.294 -93.784 2.996 -1.2197 -92.31 3 -6.01 -91.254
3 16 3.012 -1.791 -90.973 3.003 -2.555 -89.879 3 -6.01 -91.254
3 16 3 -6.01 -91.254 3.003 -2.555 -89.879 3.007 -3.93 -88.577
3 16 3 -5.412 -87.878 3 -6.01 -91.254 3.007 -3.93 -88.577
4 16 3 -6.01 -91.254 3 -5.412 -87.878 3.01 -6.414 -83.379 2.979 -9.267 -85.491
3 16 2.993 -1.783 -215.525 2.918 .143 -214.066 3.119 -1.768 -214.961
3 16 2.993 -1.783 -215.525 3.119 -1.768 -214.961 3.418 -4.255 -214.813
3 16 2.993 -1.783 -215.525 3.418 -4.255 -214.813 2.909 -4.34 -215.795
3 16 3.418 -4.255 -214.813 2.794 -7.176 -214.27 2.909 -4.34 -215.795
3 16 3.418 -4.255 -214.813 3.666 -6.512 -213.464 2.794 -7.176 -214.27
3 16 2.794 -7.176 -214.27 3.666 -6.512 -213.464 3.734 -7.616 -211.38
3 16 2.794 -7.176 -214.27 3.734 -7.616 -211.38 2.569 -8.687 -211.572
3 16 3.664 -7.795 -208.886 2.569 -8.687 -211.572 3.734 -7.616 -211.38
3 16 3.664 -7.795 -208.886 2.469 -8.797 -208.541 2.569 -8.687 -211.572
3 16 2.4728 -7.4721 -205.7796 2.469 -8.797 -208.541 3.664 -7.795 -208.886
3 16 2.4728 -7.4721 -205.7796 3.664 -7.795 -208.886 3.5028 -6.7561 -206.3596
3 16 3.3628 -5.1771 -205.1407 3.265 -3.5716 -204.673 2.3758 -5.6661 -204.2967
3 16 3.5028 -6.7561 -206.3596 3.3628 -5.1771 -205.1407 2.4728 -7.4721 -205.7796
3 16 2.3758 -5.6661 -204.2967 2.4728 -7.4721 -205.7796 3.3628 -5.1771 -205.1407
3 16 2.321 -3.8336 -203.565 2.3758 -5.6661 -204.2967 3.265 -3.5716 -204.673
3 16 2.3198 -1.6319 -203.6652 2.321 -3.8336 -203.565 3.265 -3.5716 -204.673
3 16 2.3198 -1.6319 -203.6652 3.265 -3.5716 -204.673 3.0978 -1.6019 -204.7772
3 16 3.0978 -1.6019 -204.7772 2.94 .522 -205.23 2.328 .724 -204.114
3 16 3.0978 -1.6019 -204.7772 2.328 .724 -204.114 2.3198 -1.6319 -203.6652
3 16 2.2741 2.6888 -204.9735 2.328 .724 -204.114 2.94 .522 -205.23
3 16 2.2741 2.6888 -204.9735 2.94 .522 -205.23 2.7841 2.2018 -205.9235
3 16 2.7841 2.2018 -205.9235 2.6341 3.4927 -207.1357 2.2261 4.2647 -206.3517
3 16 2.7841 2.2018 -205.9235 2.2261 4.2647 -206.3517 2.2741 2.6888 -204.9735
3 16 2.2336 5.6259 -208.5442 2.2261 4.2647 -206.3517 2.6341 3.4927 -207.1357
3 16 2.2336 5.6259 -208.5442 2.6341 3.4927 -207.1357 2.6326 4.7229 -208.9947
3 16 2.6326 4.7229 -208.9947 2.639 5.068 -211.187 2.249 6.102 -211.07
3 16 2.6326 4.7229 -208.9947 2.249 6.102 -211.07 2.2336 5.6259 -208.5442
3 16 2.2422 6.1581 -214.0884 2.249 6.102 -211.07 2.639 5.068 -211.187
3 16 2.2422 6.1581 -214.0884 2.639 5.068 -211.187 2.7532 5.2676 -214.0804
3 16 2.7532 5.2676 -214.0804 2.871 4.836 -216.721 2.239 5.583 -216.854
3 16 2.7532 5.2676 -214.0804 2.239 5.583 -216.854 2.2422 6.1581 -214.0884
3 16 2.871 4.836 -216.721 2.335 3.114 -222.388 2.239 5.583 -216.854
3 16 2.871 4.836 -216.721 3.02 2.406 -222.32 2.335 3.114 -222.388
3 16 2.416 -2.516 -228.873 2.335 3.114 -222.388 3.02 2.406 -222.32
3 16 2.416 -2.516 -228.873 3.02 2.406 -222.32 3.096 -3.054 -228.539
3 16 3.096 -3.054 -228.539 2.388 -7.054 -232.843 2.416 -2.516 -228.873
3 16 3.096 -3.054 -228.539 2.996 -7.451 -232.333 2.388 -7.054 -232.843
3 16 2.996 -7.451 -232.333 2.307 -10.322 -234.521 2.388 -7.054 -232.843
3 16 2.996 -7.451 -232.333 2.886 -11.263 -234.45 2.307 -10.322 -234.521
3 16 2.222 -11.165 -234.604 2.307 -10.322 -234.521 2.886 -11.263 -234.45
3 16 2.222 -11.165 -234.604 2.886 -11.263 -234.45 3.034 -14.645 -236.122
3 16 2.839 .186 -210.427 3.119 -1.768 -214.961 2.918 .143 -214.066
4 16 3.119 -1.768 -214.961 2.839 .186 -210.427 3.666 -6.512 -213.464 3.418 -4.255 -214.813
3 16 3.734 -7.616 -211.38 3.666 -6.512 -213.464 2.839 .186 -210.427
3 16 3.664 -7.795 -208.886 3.734 -7.616 -211.38 2.839 .186 -210.427
3 16 3.5028 -6.7561 -206.3596 3.664 -7.795 -208.886 2.839 .186 -210.427
3 16 3.3628 -5.1771 -205.1407 3.5028 -6.7561 -206.3596 2.839 .186 -210.427
3 16 3.265 -3.5716 -204.673 3.3628 -5.1771 -205.1407 2.839 .186 -210.427
3 16 2.839 .186 -210.427 2.7841 2.2018 -205.9235 2.94 .522 -205.23
3 16 3.0978 -1.6019 -204.7772 3.265 -3.5716 -204.673 2.839 .186 -210.427
3 16 2.94 .522 -205.23 3.0978 -1.6019 -204.7772 2.839 .186 -210.427
3 16 2.6341 3.4927 -207.1357 2.7841 2.2018 -205.9235 2.839 .186 -210.427
4 16 2.6341 3.4927 -207.1357 2.839 .186 -210.427 2.918 .143 -214.066 2.6326 4.7229 -208.9947
3 16 2.639 5.068 -211.187 2.6326 4.7229 -208.9947 2.918 .143 -214.066
3 16 2.7532 5.2676 -214.0804 2.639 5.068 -211.187 2.918 .143 -214.066
3 16 2.871 4.836 -216.721 2.7532 5.2676 -214.0804 2.918 .143 -214.066
4 16 3.02 2.406 -222.32 2.871 4.836 -216.721 2.918 .143 -214.066 2.993 -1.783 -215.525
3 16 2.909 -4.34 -215.795 3.02 2.406 -222.32 2.993 -1.783 -215.525
3 16 2.197 -11.97 -217.077 3.02 2.406 -222.32 2.909 -4.34 -215.795
3 16 2.197 -11.97 -217.077 2.909 -4.34 -215.795 2.794 -7.176 -214.27
3 16 2.794 -7.176 -214.27 2.046 -11.248 -211.945 2.197 -11.97 -217.077
3 16 2.794 -7.176 -214.27 2.569 -8.687 -211.572 2.046 -11.248 -211.945
3 16 2.222 -10.815 -208.211 2.046 -11.248 -211.945 2.569 -8.687 -211.572
3 16 2.222 -10.815 -208.211 2.569 -8.687 -211.572 2.469 -8.797 -208.541
4 16 2.35 -13.424 -222.481 3.096 -3.054 -228.539 3.02 2.406 -222.32 2.197 -11.97 -217.077
3 16 3.096 -3.054 -228.539 2.35 -13.424 -222.481 2.638 -15.128 -227.364
3 16 2.638 -15.128 -227.364 2.996 -7.451 -232.333 3.096 -3.054 -228.539
3 16 2.638 -15.128 -227.364 3.163 -15.796 -234.062 2.996 -7.451 -232.333
3 16 2.996 -7.451 -232.333 3.163 -15.796 -234.062 2.886 -11.263 -234.45
3 16 2.886 -11.263 -234.45 3.163 -15.796 -234.062 3.034 -14.645 -236.122
3 16 3.034 -14.645 -236.122 3.163 -15.796 -234.062 3.026 -16.817 -235.593
3 16 3.026 -16.817 -235.593 3.163 -15.796 -234.062 3.005 -17.983 -233.814
4 16 3.005 -17.983 -233.814 3.163 -15.796 -234.062 2.638 -15.128 -227.364 2.886 -17.457 -232.023
4 16 2.222 -.342 -116.497 2.222 -3.669 -112.827 2.222 -9.893 -111.828 2.222 -9.8 -116.497
4 16 2.222 -.342 -116.497 2.222 -9.8 -116.497 2.222 -10.004 -200.993 2.222 -.823 -200.993
3 16 2.3758 -5.6661 -204.2967 2.321 -3.8336 -203.565 2.222 -10.004 -200.993
3 16 2.4728 -7.4721 -205.7796 2.3758 -5.6661 -204.2967 2.222 -10.004 -200.993
3 16 2.4728 -7.4721 -205.7796 2.222 -10.004 -200.993 2.222 -10.815 -208.211
3 16 2.4728 -7.4721 -205.7796 2.222 -10.815 -208.211 2.469 -8.797 -208.541
3 16 2.307 -10.322 -234.521 2.222 -10.04 -235.12 2.388 -7.054 -232.843
3 16 2.307 -10.322 -234.521 2.222 -11.165 -234.604 2.222 -10.04 -235.12
3 16 2.983 9.032 -32.124 1.525 17.526 -28.774 2.99 7.1 -28.813
3 16 2.983 9.032 -32.124 1.477 17.084 -29.767 1.525 17.526 -28.774
3 16 1.346 17.093 -27.779 2.99 7.1 -28.813 1.525 17.526 -28.774
3 16 1.346 17.093 -27.779 3.066 5.076 -25.362 2.99 7.1 -28.813
3 16 2.839 6.024 -22.73 3.066 5.076 -25.362 1.346 17.093 -27.779
3 16 2.839 6.024 -22.73 1.346 17.093 -27.779 1.366 9.511 -20
3 16 2.839 6.024 -22.73 1.366 9.511 -20 2.244 6.689 -20
3 16 2.161 -8.888 -20.199 2.985 -8.253 -22.749 2.813 -8.268 -20.255
3 16 2.161 -8.888 -20.199 1.736 -9.491 -20.57 2.985 -8.253 -22.749
3 16 2.985 -8.253 -22.749 1.736 -9.491 -20.57 1.508 -9.82 -21.375
3 16 1.532 -9.82 -40.164 2.985 -8.253 -22.749 1.508 -9.82 -21.375
3 16 1.532 -9.82 -40.164 2.976 -8.439 -40.883 2.985 -8.253 -22.749
3 16 1.532 -9.82 -40.164 3.075 -13.465 -46.068 2.976 -8.439 -40.883
3 16 1.532 -9.82 -40.164 1.592 -14.62 -44.879 3.075 -13.465 -46.068
3 16 1.557 -18.587 -52.513 3.075 -13.465 -46.068 1.592 -14.62 -44.879
3 16 1.557 -18.587 -52.513 2.982 -17.352 -53.279 3.075 -13.465 -46.068
3 16 1.54 -19.483 -58.553 2.982 -17.352 -53.279 1.557 -18.587 -52.513
3 16 1.54 -19.483 -58.553 3.055 -17.836 -58.935 2.982 -17.352 -53.279
3 16 1.577 -19.15 -64.195 3.055 -17.836 -58.935 1.54 -19.483 -58.553
3 16 1.577 -19.15 -64.195 3.036 -17.543 -64.093 3.055 -17.836 -58.935
3 16 1.531 -17.729 -69.077 3.036 -17.543 -64.093 1.577 -19.15 -64.195
3 16 1.531 -17.729 -69.077 3.067 -16.24 -68.937 3.036 -17.543 -64.093
3 16 1.545 -16.11 -72.677 3.067 -16.24 -68.937 1.531 -17.729 -69.077
3 16 1.545 -16.11 -72.677 2.683 -14.794 -72.602 3.067 -16.24 -68.937
3 16 1.381 -13.824 -75.999 2.683 -14.794 -72.602 1.545 -16.11 -72.677
3 16 1.381 -13.824 -75.999 2.091 -13.273 -75.716 2.683 -14.794 -72.602
3 16 1.5 39.634 -85.164 1.549 25.488 -70.992 3.035 21.033 -66.731
4 16 2.518 -4.818 -30.271 2.518 -3.684 -32.162 2.518 -1.994 -33.514 2.518 0 -28.912
4 16 2.518 2.047 -33.506 2.518 0 -28.912 2.518 -1.994 -33.514 2.518 0 -34.014
4 16 2.518 4.782 -30.769 2.518 0 -28.912 2.518 2.047 -33.506 2.518 3.638 -32.352
4 16 2.518 4.823 -27.126 2.518 0 -28.912 2.518 4.782 -30.769 2.518 5.172 -28.912
4 16 2.518 -4.579 -26.475 2.518 -5.102 -28.286 2.518 -4.818 -30.271 2.518 0 -28.912
4 16 2.518 1.733 -24.093 2.518 0 -28.912 2.518 4.823 -27.126 2.518 3.431 -25.097
4 16 2.518 -1.836 -24.121 2.518 0 -28.912 2.518 1.733 -24.093 2.518 0 -23.741
4 16 2.518 -1.836 -24.121 2.518 -3.226 -24.998 2.518 -4.579 -26.475 2.518 0 -28.912
4 16 6.877 0 -20 6.451 -2.257 -20 6.366 -2.144 -21.782 6.769 -.014 -21.629
4 16 4.815 -4.567 -22.312 6.366 -2.144 -21.782 6.451 -2.257 -20 4.833 -4.832 -20
4 16 3.201 -6.19 -20 3.319 -5.8 -22.596 4.815 -4.567 -22.312 4.833 -4.832 -20
3 16 6.437 0 -23.745 6.769 -.014 -21.629 6.366 -2.144 -21.782
4 16 6.071 1.73 -24.077 6.397 2.057 -21.759 6.769 -.014 -21.629 6.437 0 -23.745
3 16 6.397 2.057 -21.759 6.877 0 -20 6.769 -.014 -21.629
3 16 6.437 0 -23.745 6.366 -2.144 -21.782 6.009 -1.87 -24.1
3 16 6.009 -1.87 -24.1 6.366 -2.144 -21.782 4.815 -4.567 -22.312
3 16 4.775 4.567 -22.238 6.397 2.057 -21.759 6.071 1.73 -24.077
3 16 4.775 4.567 -22.238 6.071 1.73 -24.077 4.636 3.53 -25.223
3 16 6.009 -1.87 -24.1 4.815 -4.567 -22.312 4.762 -3.322 -25.106
3 16 4.762 -3.322 -25.106 4.815 -4.567 -22.312 3.319 -5.8 -22.596
3 16 4.762 -3.322 -25.106 3.319 -5.8 -22.596 3.26 -4.527 -26.374
3 16 4.775 4.567 -22.238 6.451 2.257 -20 6.397 2.057 -21.759
3 16 6.397 2.057 -21.759 6.451 2.257 -20 6.877 0 -20
3 16 4.775 4.567 -22.238 4.507 5.037 -20 6.451 2.257 -20
3 16 2.839 6.024 -22.73 4.507 5.037 -20 4.775 4.567 -22.238
3 16 2.839 6.024 -22.73 2.244 6.689 -20 4.507 5.037 -20
3 16 3.066 5.076 -25.362 4.775 4.567 -22.238 4.636 3.53 -25.223
3 16 3.066 5.076 -25.362 2.839 6.024 -22.73 4.775 4.567 -22.238
3 16 3.097 4.834 -27.167 3.066 5.076 -25.362 4.636 3.53 -25.223
3 16 3.097 4.834 -27.167 2.99 7.1 -28.813 3.066 5.076 -25.362
3 16 3.097 4.834 -27.167 3 5.172 -28.912 2.99 7.1 -28.813
4 16 3 5.172 -28.912 3 4.782 -30.769 2.983 9.032 -32.124 2.99 7.1 -28.813
4 16 2.983 9.032 -32.124 3 4.782 -30.769 3 3.638 -32.352 3.043 9.036 -43.8
4 16 3 2.047 -33.506 3.012 5.399 -43.277 3.043 9.036 -43.8 3 3.638 -32.352
4 16 3 0 -34.014 3.014 1.1 -43.523 3.012 5.399 -43.277 3 2.047 -33.506
4 16 3.013 -2.585 -44.796 3.014 1.1 -43.523 3 0 -34.014 3 -1.994 -33.514
4 16 3 -3.684 -32.162 2.976 -8.439 -40.883 3.013 -2.585 -44.796 3 -1.994 -33.514
3 16 3 -3.684 -32.162 3 -4.818 -30.271 2.976 -8.439 -40.883
4 16 3 -5.102 -28.286 2.985 -8.253 -22.749 2.976 -8.439 -40.883 3 -4.818 -30.271
3 16 3.013 -2.585 -44.796 2.976 -8.439 -40.883 2.983 -6.139 -46.996
3 16 3.26 -4.527 -26.374 2.985 -8.253 -22.749 3 -5.102 -28.286
3 16 3.26 -4.527 -26.374 3.319 -5.8 -22.596 2.985 -8.253 -22.749
3 16 3.319 -5.8 -22.596 2.813 -8.268 -20.255 2.985 -8.253 -22.749
3 16 3.319 -5.8 -22.596 3.201 -6.19 -20 2.813 -8.268 -20.255
4 16 2.518 -3.684 -32.162 2.518 -4.818 -30.271 3 -4.818 -30.271 3 -3.684 -32.162
4 16 2.518 -1.994 -33.514 2.518 -3.684 -32.162 3 -3.684 -32.162 3 -1.994 -33.514
4 16 2.518 0 -34.014 2.518 -1.994 -33.514 3 -1.994 -33.514 3 0 -34.014
4 16 2.518 2.047 -33.506 2.518 0 -34.014 3 0 -34.014 3 2.047 -33.506
4 16 2.518 3.638 -32.352 2.518 2.047 -33.506 3 2.047 -33.506 3 3.638 -32.352
4 16 2.518 4.782 -30.769 2.518 3.638 -32.352 3 3.638 -32.352 3 4.782 -30.769
4 16 2.518 5.172 -28.912 2.518 4.782 -30.769 3 4.782 -30.769 3 5.172 -28.912
4 16 2.518 4.823 -27.126 2.518 5.172 -28.912 3 5.172 -28.912 3.097 4.834 -27.167
4 16 2.518 -4.818 -30.271 2.518 -5.102 -28.286 3 -5.102 -28.286 3 -4.818 -30.271
3 16 2.518 -4.579 -26.475 3 -5.102 -28.286 2.518 -5.102 -28.286
3 16 2.518 -4.579 -26.475 3.26 -4.527 -26.374 3 -5.102 -28.286
3 16 3.26 -4.527 -26.374 2.518 -4.579 -26.475 2.518 -3.226 -24.998
3 16 3.26 -4.527 -26.374 2.518 -3.226 -24.998 4.762 -3.322 -25.106
3 16 3.097 4.834 -27.167 2.518 3.431 -25.097 2.518 4.823 -27.126
3 16 3.097 4.834 -27.167 4.636 3.53 -25.223 2.518 3.431 -25.097
3 16 4.636 3.53 -25.223 2.518 1.733 -24.093 2.518 3.431 -25.097
3 16 4.636 3.53 -25.223 6.071 1.73 -24.077 2.518 1.733 -24.093
4 16 6.437 0 -23.745 2.518 0 -23.741 2.518 1.733 -24.093 6.071 1.73 -24.077
3 16 6.009 -1.87 -24.1 2.518 0 -23.741 6.437 0 -23.745
3 16 6.009 -1.87 -24.1 2.518 -1.836 -24.121 2.518 0 -23.741
3 16 4.762 -3.322 -25.106 2.518 -1.836 -24.121 6.009 -1.87 -24.1
3 16 4.762 -3.322 -25.106 2.518 -3.226 -24.998 2.518 -1.836 -24.121
3 16 3.468 -14.323 -78.601 3.426 -16.921 -81.67 1.965 -9.775 -85.056
2 24 1.413 15.038 -31.984 1.477 17.084 -29.767
2 24 1.477 17.084 -29.767 2.983 9.032 -32.124
2 24 2.983 9.032 -32.124 1.413 15.038 -31.984
5 24 2.981 21.091 -61.867 1.959 13.09 -64.521 3.035 21.033 -66.731 1.719 13.966 -59.133
5 24 1.959 13.09 -64.521 3.035 21.033 -66.731 2.981 21.091 -61.867 3.014 17.648 -71.044
2 24 3.035 21.033 -66.731 2.981 21.091 -61.867
2 24 1.9099 13.9671 -61.8952 1.959 13.09 -64.521
2 24 1.719 13.966 -59.133 1.9099 13.9671 -61.8952
5 24 2.981 21.091 -61.867 1.719 13.966 -59.133 1.959 13.09 -64.521 3.016 20.782 -56.808
2 24 2.981 21.091 -61.867 3.016 20.782 -56.808
5 24 3.016 20.782 -56.808 1.719 13.966 -59.133 2.981 21.091 -61.867 1.664 12.11 -54.928
2 24 1.664 12.11 -54.928 1.719 13.966 -59.133
2 24 3.016 20.782 -56.808 3.006 18.924 -51.587
5 24 3.006 18.924 -51.587 1.664 12.11 -54.928 3.016 20.782 -56.808 3.02 15.609 -47.587
5 24 3.02 15.609 -47.587 1.664 12.11 -54.928 3.006 18.924 -51.587 1.719 9.096 -52.076
2 24 3.006 18.924 -51.587 3.02 15.609 -47.587
2 24 1.719 9.096 -52.076 1.664 12.11 -54.928
5 24 3.02 15.609 -47.587 1.719 9.096 -52.076 1.664 12.11 -54.928 3.025 11.962 -45.201
2 24 3.02 15.609 -47.587 3.025 11.962 -45.201
5 24 3.025 11.962 -45.201 1.719 9.096 -52.076 3.02 15.609 -47.587 3.043 9.036 -43.8
2 24 3.025 11.962 -45.201 3.043 9.036 -43.8
5 24 3.043 9.036 -43.8 1.707 5.681 -50.761 1.719 9.096 -52.076 3.012 5.399 -43.277
2 24 1.707 5.681 -50.761 1.719 9.096 -52.076
2 24 3.043 9.036 -43.8 3.012 5.399 -43.277
2 24 1.669 1.945 -50.434 1.707 5.681 -50.761
5 24 3.012 5.399 -43.277 1.669 1.945 -50.434 1.707 5.681 -50.761 3.014 1.1 -43.523
2 24 3.012 5.399 -43.277 3.014 1.1 -43.523
5 24 3.014 1.1 -43.523 1.669 1.945 -50.434 3.012 5.399 -43.277 3.013 -2.585 -44.796
2 24 3.014 1.1 -43.523 3.013 -2.585 -44.796
5 24 3.013 -2.585 -44.796 1.73 -2.398 -51.798 1.669 1.945 -50.434 2.983 -6.139 -46.996
2 24 1.73 -2.398 -51.798 1.669 1.945 -50.434
5 24 2.983 -6.139 -46.996 1.73 -2.398 -51.798 3.013 -2.585 -44.796 2.968 -9.753 -50.912
2 24 3.013 -2.585 -44.796 2.983 -6.139 -46.996
5 24 2.968 -9.753 -50.912 1.73 -2.398 -51.798 2.983 -6.139 -46.996 1.789 -6.026 -54.571
2 24 2.983 -6.139 -46.996 2.968 -9.753 -50.912
5 24 2.968 -9.753 -50.912 1.789 -6.026 -54.571 1.73 -2.398 -51.798 2.986 -12.001 -55.837
2 24 1.789 -6.026 -54.571 1.73 -2.398 -51.798
5 24 2.986 -12.001 -55.837 1.789 -6.026 -54.571 2.968 -9.753 -50.912 1.96 -8.435 -59.592
2 24 2.968 -9.753 -50.912 2.986 -12.001 -55.837
5 24 2.986 -12.001 -55.837 1.96 -8.435 -59.592 1.789 -6.026 -54.571 2.964 -12.4 -60.935
2 24 1.96 -8.435 -59.592 1.789 -6.026 -54.571
5 24 2.964 -12.4 -60.935 1.96 -8.435 -59.592 2.986 -12.001 -55.837 2.181 -8.657 -65.581
2 24 2.986 -12.001 -55.837 2.964 -12.4 -60.935
2 24 2.181 -8.657 -65.581 1.96 -8.435 -59.592
5 24 2.964 -12.4 -60.935 2.181 -8.657 -65.581 1.96 -8.435 -59.592 2.949 -11.572 -65.57
2 24 2.964 -12.4 -60.935 2.949 -11.572 -65.57
5 24 2.949 -11.572 -65.57 2.181 -8.657 -65.581 2.964 -12.4 -60.935 3.045 -9.496 -69.457
5 24 3.045 -9.496 -69.457 2.181 -8.657 -65.581 2.949 -11.572 -65.57 2.572 -7.089 -69.511
2 24 2.949 -11.572 -65.57 3.045 -9.496 -69.457
5 24 3.045 -9.496 -69.457 2.572 -7.089 -69.511 2.181 -8.657 -65.581 3.424 -7.045 -71.883
2 24 2.572 -7.089 -69.511 2.181 -8.657 -65.581
5 24 3.424 -7.045 -71.883 2.572 -7.089 -69.511 3.045 -9.496 -69.457 2.94 -3.624 -72.879
2 24 3.045 -9.496 -69.457 3.424 -7.045 -71.883
2 24 2.94 -3.624 -72.879 2.572 -7.089 -69.511
5 24 3.424 -7.045 -71.883 2.94 -3.624 -72.879 2.572 -7.089 -69.511 3.96 -3.489 -74.543
2 24 3.424 -7.045 -71.883 3.96 -3.489 -74.543
5 24 3.96 -3.489 -74.543 2.94 -3.624 -72.879 3.424 -7.045 -71.883 3 .543 -75.203
2 24 3 .543 -75.203 2.94 -3.624 -72.879
5 24 3.96 -3.489 -74.543 3 .543 -75.203 2.94 -3.624 -72.879 3.977 -.062 -75.957
2 24 3.96 -3.489 -74.543 3.977 -.062 -75.957
5 24 3.977 -.062 -75.957 3 .543 -75.203 3.96 -3.489 -74.543 3.883 3.819 -77.677
5 24 3.883 3.819 -77.677 3 .543 -75.203 3.977 -.062 -75.957 3.014 4.22 -76.842
2 24 3.977 -.062 -75.957 3.883 3.819 -77.677
5 24 3.883 3.819 -77.677 3.014 4.22 -76.842 3 .543 -75.203 3.014 9.444 -81.006
2 24 3.014 4.22 -76.842 3 .543 -75.203
5 24 1.669 1.945 -50.434 3.023 -1.805 -52.763 3.018 2.197 -51.492 1.73 -2.398 -51.798
2 24 3.023 -1.805 -52.763 3.018 2.197 -51.492
5 24 3.018 2.197 -51.492 1.669 1.945 -50.434 3.023 -1.805 -52.763 1.707 5.681 -50.761
5 24 1.73 -2.398 -51.798 3.023 -1.805 -52.763 1.669 1.945 -50.434 3.018 -5.256 -55.333
2 24 3.018 -5.256 -55.333 3.023 -1.805 -52.763
5 24 1.789 -6.026 -54.571 3.018 -5.256 -55.333 1.73 -2.398 -51.798 1.96 -8.435 -59.592
2 24 3.018 2.197 -51.492 3.016 5.567 -51.773
5 24 3.016 5.567 -51.773 1.707 5.681 -50.761 3.018 2.197 -51.492 1.719 9.096 -52.076
2 24 3.016 5.567 -51.773 3.003 8.721 -52.962
5 24 3.003 8.721 -52.962 1.719 9.096 -52.076 3.016 5.567 -51.773 1.664 12.11 -54.928
5 24 3.003 8.721 -52.962 1.664 12.11 -54.928 1.719 9.096 -52.076 3 11.363 -55.618
2 24 3.003 8.721 -52.962 3 11.363 -55.618
5 24 3 11.363 -55.618 1.664 12.11 -54.928 3.003 8.721 -52.962 1.719 13.966 -59.133
5 24 3 11.363 -55.618 1.719 13.966 -59.133 1.664 12.11 -54.928 3.031 12.742 -59.363
2 24 3 11.363 -55.618 3.031 12.742 -59.363
5 24 3.031 12.742 -59.363 1.719 13.966 -59.133 3 11.363 -55.618 1.959 13.09 -64.521
2 24 3.0929 12.8866 -61.8212 3.013 12.153 -64.143
2 24 3.031 12.742 -59.363 3.0929 12.8866 -61.8212
5 24 3.013 12.153 -64.143 1.959 13.09 -64.521 3.031 12.742 -59.363 2.063 9.957 -68.298
5 24 1.96 -8.435 -59.592 3.018 -5.256 -55.333 1.789 -6.026 -54.571 2.993 -7.416 -59.844
5 24 1.96 -8.435 -59.592 2.993 -7.416 -59.844 3.018 -5.256 -55.333 2.181 -8.657 -65.581
2 24 2.993 -7.416 -59.844 3.018 -5.256 -55.333
5 24 2.181 -8.657 -65.581 2.993 -7.416 -59.844 1.96 -8.435 -59.592 2.964 -7.539 -65.465
5 24 2.181 -8.657 -65.581 2.964 -7.539 -65.465 2.993 -7.416 -59.844 2.572 -7.089 -69.511
2 24 2.964 -7.539 -65.465 2.993 -7.416 -59.844
5 24 2.572 -7.089 -69.511 2.964 -7.539 -65.465 2.181 -8.657 -65.581 2.935 -6.09 -69.213
5 24 2.572 -7.089 -69.511 2.935 -6.09 -69.213 2.964 -7.539 -65.465 2.94 -3.624 -72.879
2 24 2.935 -6.09 -69.213 2.964 -7.539 -65.465
2 24 2.94 -3.624 -72.879 2.935 -6.09 -69.213
2 24 2.0554 11.7836 -66.624 1.959 13.09 -64.521
2 24 2.063 9.957 -68.298 2.0554 11.7836 -66.624
2 24 3.0559 11.0436 -66.072 3.01 9.414 -67.572
2 24 3.013 12.153 -64.143 3.0559 11.0436 -66.072
5 24 3.01 9.414 -67.572 2.063 9.957 -68.298 3.013 12.153 -64.143 2.055 5.106 -69.213
2 24 2.1075 7.5994 -69.116 2.063 9.957 -68.298
2 24 2.055 5.106 -69.213 2.1075 7.5994 -69.116
5 24 2.1075 7.5994 -69.116 3.041 7.4384 -68.375 2.055 5.106 -69.213 2.063 9.957 -68.298
2 24 3.041 7.4384 -68.375 2.975 5.327 -68.457
2 24 3.01 9.414 -67.572 3.041 7.4384 -68.375
5 24 2.975 5.327 -68.457 2.055 5.106 -69.213 3.01 9.414 -67.572 2.989 1.69 -67.003
5 24 3.02 3.3864 -68.045 2.1405 2.8854 -68.709 2.055 5.106 -69.213 2.15 .909 -67.575
2 24 3.02 3.3864 -68.045 2.989 1.69 -67.003
2 24 2.975 5.327 -68.457 3.02 3.3864 -68.045
5 24 2.989 1.69 -67.003 2.15 .909 -67.575 2.055 5.106 -69.213 2.977 .272 -64.909
2 24 2.1405 2.8854 -68.709 2.055 5.106 -69.213
2 24 2.15 .909 -67.575 2.1405 2.8854 -68.709
5 24 2.977 .272 -64.909 2.15 .909 -67.575 2.989 1.69 -67.003 2.269 -.435 -65.068
2 24 2.989 1.69 -67.003 2.977 .272 -64.909
5 24 2.977 .272 -64.909 2.269 -.435 -65.068 2.15 .909 -67.575 2.97 -.158 -62.238
2 24 2.269 -.435 -65.068 2.15 .909 -67.575
5 24 2.97 -.158 -62.238 2.269 -.435 -65.068 2.977 .272 -64.909 2.669 -.555 -62.105
2 24 2.977 .272 -64.909 2.97 -.158 -62.238
5 24 2.97 -.158 -62.238 2.669 -.555 -62.105 2.269 -.435 -65.068 2.923 .769 -59.812
2 24 2.669 -.555 -62.105 2.269 -.435 -65.068
2 24 2.923 .769 -59.812 2.669 -.555 -62.105
5 24 2.97 -.158 -62.238 2.923 .769 -59.812 2.669 -.555 -62.105 3.001 .986 -59.981
2 24 2.97 -.158 -62.238 3.001 .986 -59.981
5 24 3.001 .986 -59.981 2.923 .769 -59.812 2.97 -.158 -62.238 2.994 2.406 -58.646
2 24 2.994 2.406 -58.646 2.923 .769 -59.812
2 24 3.001 .986 -59.981 2.994 2.406 -58.646
5 24 3.023 -1.805 -52.763 2.994 2.406 -58.646 3.018 2.197 -51.492 2.923 .769 -59.812
5 24 3.023 -1.805 -52.763 2.923 .769 -59.812 2.994 2.406 -58.646 3.018 -5.256 -55.333
5 24 2.993 -7.416 -59.844 2.923 .769 -59.812 3.018 -5.256 -55.333 2.669 -.555 -62.105
5 24 2.993 -7.416 -59.844 2.669 -.555 -62.105 2.923 .769 -59.812 2.964 -7.539 -65.465
5 24 2.964 -7.539 -65.465 2.669 -.555 -62.105 2.269 -.435 -65.068 2.993 -7.416 -59.844
5 24 2.964 -7.539 -65.465 2.269 -.435 -65.068 2.935 -6.09 -69.213 2.669 -.555 -62.105
5 24 2.935 -6.09 -69.213 2.269 -.435 -65.068 2.964 -7.539 -65.465 2.15 .909 -67.575
5 24 2.935 -6.09 -69.213 2.15 .909 -67.575 2.269 -.435 -65.068 2.94 -3.624 -72.879
5 24 2.94 -3.624 -72.879 2.15 .909 -67.575 2.935 -6.09 -69.213 2.055 5.106 -69.213
5 24 2.94 -3.624 -72.879 2.055 5.106 -69.213 2.15 .909 -67.575 3 .543 -75.203
5 24 3 .543 -75.203 2.055 5.106 -69.213 2.94 -3.624 -72.879 3.014 4.22 -76.842
5 24 3.014 4.22 -76.842 2.055 5.106 -69.213 3 .543 -75.203 3.014 11.702 -75.219
5 24 3 3.859 -58.39 3.018 2.197 -51.492 2.994 2.406 -58.646 3.016 5.567 -51.773
5 24 3 3.859 -58.39 3.003 8.721 -52.962 3.016 5.567 -51.773 3 6.406 -61.145
5 24 3 3.859 -58.39 3 6.406 -61.145 3.003 8.721 -52.962 2.994 2.406 -58.646
5 24 3 6.406 -61.145 3 11.363 -55.618 3.003 8.721 -52.962 3.031 12.742 -59.363
5 24 3 6.406 -61.145 3.031 12.742 -59.363 3 11.363 -55.618 3.013 12.153 -64.143
5 24 3.014 17.648 -71.044 2.063 9.957 -68.298 3.014 11.702 -75.219 1.959 13.09 -64.521
5 24 2.063 9.957 -68.298 3.014 11.702 -75.219 3.014 17.648 -71.044 2.055 5.106 -69.213
2 24 3.014 14.8798 -73.4232 3.014 17.648 -71.044
2 24 3.014 11.702 -75.219 3.014 14.8798 -73.4232
5 24 3.014 17.648 -71.044 1.959 13.09 -64.521 2.063 9.957 -68.298 3.035 21.033 -66.731
2 24 3.014 8.0283 -76.3405 3.014 11.702 -75.219
2 24 3.014 4.22 -76.842 3.014 8.0283 -76.3405
2 24 3.014 17.648 -71.044 3.035 21.033 -66.731
5 24 3.075 -13.465 -46.068 2.983 -6.139 -46.996 2.976 -8.439 -40.883 2.968 -9.753 -50.912
5 24 2.983 -6.139 -46.996 2.976 -8.439 -40.883 3.075 -13.465 -46.068 3.013 -2.585 -44.796
2 24 2.976 -8.439 -40.883 3.075 -13.465 -46.068
2 24 3.075 -13.465 -46.068 2.982 -17.352 -53.279
5 24 2.982 -17.352 -53.279 2.968 -9.753 -50.912 3.075 -13.465 -46.068 2.986 -12.001 -55.837
5 24 2.982 -17.352 -53.279 2.986 -12.001 -55.837 2.968 -9.753 -50.912 3.055 -17.836 -58.935
2 24 2.982 -17.352 -53.279 3.055 -17.836 -58.935
5 24 3.055 -17.836 -58.935 2.986 -12.001 -55.837 2.982 -17.352 -53.279 2.964 -12.4 -60.935
2 24 3.055 -17.836 -58.935 3.036 -17.543 -64.093
5 24 3.036 -17.543 -64.093 2.964 -12.4 -60.935 3.055 -17.836 -58.935 2.949 -11.572 -65.57
5 24 3.036 -17.543 -64.093 2.949 -11.572 -65.57 2.964 -12.4 -60.935 3.01 -12.717 -67.722
5 24 3.01 -12.717 -67.722 2.949 -11.572 -65.57 3.036 -17.543 -64.093 3.045 -9.496 -69.457
5 24 3.01 -12.717 -67.722 3.045 -9.496 -69.457 2.949 -11.572 -65.57 3.012 -11.826 -70.164
2 24 3.01 -12.717 -67.722 3.012 -11.826 -70.164
5 24 3.012 -11.826 -70.164 3.045 -9.496 -69.457 3.01 -12.717 -67.722 3.233 -11.334 -72.828
2 24 3.012 -11.826 -70.164 3.233 -11.334 -72.828
5 24 3.233 -11.334 -72.828 3.045 -9.496 -69.457 3.012 -11.826 -70.164 3.424 -7.045 -71.883
5 24 3.233 -11.334 -72.828 3.424 -7.045 -71.883 3.045 -9.496 -69.457 3.69 -8.242 -74.989
5 24 3.233 -11.334 -72.828 3.69 -8.242 -74.989 3.424 -7.045 -71.883 3.515 -11.472 -75.779
2 24 3.69 -8.242 -74.989 3.96 -3.489 -74.543
2 24 3.233 -11.334 -72.828 3.515 -11.472 -75.779
2 24 3.515 -11.472 -75.779 3.69 -8.242 -74.989
5 24 3.067 -16.24 -68.937 3.01 -12.717 -67.722 3.036 -17.543 -64.093 2.852 -12.392 -70.157
2 24 3.036 -17.543 -64.093 3.067 -16.24 -68.937
5 24 3.067 -16.24 -68.937 2.852 -12.392 -70.157 3.01 -12.717 -67.722 2.683 -14.794 -72.602
2 24 2.852 -12.392 -70.157 3.01 -12.717 -67.722
5 24 2.683 -14.794 -72.602 2.852 -12.392 -70.157 3.067 -16.24 -68.937 2.536 -12.308 -72.571
2 24 3.067 -16.24 -68.937 2.683 -14.794 -72.602
5 24 2.683 -14.794 -72.602 2.536 -12.308 -72.571 2.852 -12.392 -70.157 2.199 -12.713 -74.983
2 24 2.536 -12.308 -72.571 2.852 -12.392 -70.157
2 24 2.199 -12.713 -74.983 2.536 -12.308 -72.571
5 24 2.683 -14.794 -72.602 2.199 -12.713 -74.983 2.536 -12.308 -72.571 2.091 -13.273 -75.716
2 24 2.091 -13.273 -75.716 2.199 -12.713 -74.983
2 24 2.683 -14.794 -72.602 2.091 -13.273 -75.716
5 24 3.522 -12.289 -76.8 2.199 -12.713 -74.983 2.091 -13.273 -75.716 3.515 -11.472 -75.779
5 24 2.091 -13.273 -75.716 3.522 -12.289 -76.8 2.199 -12.713 -74.983 1.381 -13.824 -75.999
2 24 3.522 -12.289 -76.8 3.515 -11.472 -75.779
5 24 3.515 -11.472 -75.779 2.199 -12.713 -74.983 3.522 -12.289 -76.8 3.233 -11.334 -72.828
5 24 3.233 -11.334 -72.828 2.199 -12.713 -74.983 3.515 -11.472 -75.779 2.536 -12.308 -72.571
5 24 3.233 -11.334 -72.828 2.536 -12.308 -72.571 2.199 -12.713 -74.983 3.012 -11.826 -70.164
5 24 3.012 -11.826 -70.164 2.536 -12.308 -72.571 3.233 -11.334 -72.828 2.852 -12.392 -70.157
5 24 3.012 -11.826 -70.164 2.852 -12.392 -70.157 2.536 -12.308 -72.571 3.01 -12.717 -67.722
5 24 1.381 -13.824 -75.999 3.522 -12.289 -76.8 2.091 -13.273 -75.716 3.468 -14.323 -78.601
2 24 2.091 -13.273 -75.716 1.381 -13.824 -75.999
5 24 1.381 -13.824 -75.999 3.468 -14.323 -78.601 3.522 -12.289 -76.8 2.016 -17.633 -80.73
2 24 3.468 -14.323 -78.601 3.522 -12.289 -76.8
2 24 1.381 -13.824 -75.999 2.016 -17.633 -80.73
5 24 2.016 -17.633 -80.73 3.468 -14.323 -78.601 1.381 -13.824 -75.999 3.426 -16.921 -81.67
5 24 2.016 -17.633 -80.73 3.426 -16.921 -81.67 3.468 -14.323 -78.601 1.985 -19.956 -88.016
2 24 3.426 -16.921 -81.67 3.468 -14.323 -78.601
2 24 2.016 -17.633 -80.73 1.985 -19.956 -88.016
5 24 1.985 -19.956 -88.016 3.426 -16.921 -81.67 2.016 -17.633 -80.73 3.417 -18.435 -88.47
5 24 1.985 -19.956 -88.016 3.417 -18.435 -88.47 3.426 -16.921 -81.67 2.211 -18.825 -94.576
2 24 3.417 -18.435 -88.47 3.426 -16.921 -81.67
2 24 1.985 -19.956 -88.016 2.211 -18.825 -94.576
5 24 2.211 -18.825 -94.576 3.417 -18.435 -88.47 1.985 -19.956 -88.016 3.388 -17.736 -94.266
5 24 2.211 -18.825 -94.576 3.388 -17.736 -94.266 3.417 -18.435 -88.47 2.496 -16.154 -99.389
2 24 3.388 -17.736 -94.266 3.417 -18.435 -88.47
2 24 2.211 -18.825 -94.576 2.496 -16.154 -99.389
5 24 2.496 -16.154 -99.389 3.388 -17.736 -94.266 2.211 -18.825 -94.576 3.463 -15.52 -98.847
5 24 2.496 -16.154 -99.389 3.463 -15.52 -98.847 3.388 -17.736 -94.266 3.4 -13.279 -101.53
2 24 3.463 -15.52 -98.847 3.388 -17.736 -94.266
5 24 2.496 -16.154 -99.389 3.4 -13.279 -101.53 3.463 -15.52 -98.847 2.539 -13.768 -101.995
2 24 3.4 -13.279 -101.53 3.463 -15.52 -98.847
2 24 2.496 -16.154 -99.389 2.539 -13.768 -101.995
5 24 2.539 -13.768 -101.995 3.4 -13.279 -101.53 2.496 -16.154 -99.389 2.502 -12.716 -102.923
2 24 2.539 -13.768 -101.995 2.502 -12.716 -102.923
5 24 2.502 -12.716 -102.923 3.4 -13.279 -101.53 2.539 -13.768 -101.995 3.342 -11.746 -102.852
5 24 2.502 -12.716 -102.923 3.342 -11.746 -102.852 3.4 -13.279 -101.53 2.664 -10.343 -104.432
2 24 3.342 -11.746 -102.852 3.4 -13.279 -101.53
5 24 2.664 -10.343 -104.432 3.342 -11.746 -102.852 2.502 -12.716 -102.923 3.35 -8.641 -104.457
2 24 2.502 -12.716 -102.923 2.664 -10.343 -104.432
5 24 2.664 -10.343 -104.432 3.35 -8.641 -104.457 3.342 -11.746 -102.852 2.811 -4.912 -105.593
2 24 3.35 -8.641 -104.457 3.342 -11.746 -102.852
2 24 2.664 -10.343 -104.432 2.811 -4.912 -105.593
5 24 2.811 -4.912 -105.593 3.35 -8.641 -104.457 2.664 -10.343 -104.432 3.322 -4.943 -104.951
5 24 2.811 -4.912 -105.593 3.322 -4.943 -104.951 3.35 -8.641 -104.457 3.229 -1.063 -104.355
2 24 3.322 -4.943 -104.951 3.35 -8.641 -104.457
5 24 2.811 -4.912 -105.593 3.229 -1.063 -104.355 3.322 -4.943 -104.951 2.647 -.736 -104.896
2 24 3.229 -1.063 -104.355 3.322 -4.943 -104.951
2 24 2.811 -4.912 -105.593 2.647 -.736 -104.896
5 24 2.647 -.736 -104.896 3.229 -1.063 -104.355 2.811 -4.912 -105.593 3.173 1.894 -102.73
5 24 2.647 -.736 -104.896 3.173 1.894 -102.73 3.229 -1.063 -104.355 2.546 2.447 -103.225
2 24 3.173 1.894 -102.73 3.229 -1.063 -104.355
2 24 2.647 -.736 -104.896 2.546 2.447 -103.225
5 24 2.546 2.447 -103.225 3.173 1.894 -102.73 2.647 -.736 -104.896 3.114 5.138 -99.356
5 24 2.546 2.447 -103.225 3.114 5.138 -99.356 3.173 1.894 -102.73 2.546 5.697 -99.657
2 24 3.114 5.138 -99.356 3.173 1.894 -102.73
2 24 2.546 2.447 -103.225 2.546 5.697 -99.657
5 24 2.546 5.697 -99.657 3.114 5.138 -99.356 2.546 2.447 -103.225 3.091 6.962 -93.793
5 24 2.649 7.0122 -96.8196 3.174 6.4047 -96.6906 3.091 6.962 -93.793 2.546 5.697 -99.657
2 24 3.174 6.4047 -96.6906 3.114 5.138 -99.356
2 24 3.091 6.962 -93.793 3.174 6.4047 -96.6906
2 24 2.649 7.0122 -96.8196 2.609 7.618 -93.75
2 24 2.546 5.697 -99.657 2.649 7.0122 -96.8196
5 24 2.609 7.618 -93.75 3.091 6.962 -93.793 2.546 5.697 -99.657 3.0397 4.7179 -87.3948
5 24 2.5928 6.9726 -90.6207 3.1533 6.4276 -90.8767 3.0397 4.7179 -87.3948 2.609 7.618 -93.75
2 24 3.1533 6.4276 -90.8767 3.091 6.962 -93.793
2 24 3.0397 4.7179 -87.3948 3.1533 6.4276 -90.8767
2 24 2.5928 6.9726 -90.6207 2.4007 5.1519 -86.9258
2 24 2.609 7.618 -93.75 2.5928 6.9726 -90.6207
5 24 2.4007 5.1519 -86.9258 3.0397 4.7179 -87.3948 2.609 7.618 -93.75 3.035 1.432 -84.262
5 24 2.4007 5.1519 -86.9258 3.035 1.432 -84.262 3.0397 4.7179 -87.3948 1.961 1.521 -83.416
2 24 3.035 1.432 -84.262 3.0397 4.7179 -87.3948
2 24 2.4007 5.1519 -86.9258 1.961 1.521 -83.416
5 24 1.961 1.521 -83.416 3.035 1.432 -84.262 2.4007 5.1519 -86.9258 2.98 -2.163 -82.905
5 24 1.961 1.521 -83.416 2.98 -2.163 -82.905 3.035 1.432 -84.262 1.864 -2.065 -82.305
2 24 2.98 -2.163 -82.905 3.035 1.432 -84.262
2 24 1.961 1.521 -83.416 1.864 -2.065 -82.305
5 24 1.864 -2.065 -82.305 2.98 -2.163 -82.905 1.961 1.521 -83.416 2.247 -6.49 -82.81
2 24 1.864 -2.065 -82.305 2.247 -6.49 -82.81
5 24 2.247 -6.49 -82.81 2.98 -2.163 -82.905 1.864 -2.065 -82.305 3.01 -6.414 -83.379
5 24 2.247 -6.49 -82.81 3.01 -6.414 -83.379 2.98 -2.163 -82.905 1.965 -9.775 -85.056
2 24 3.01 -6.414 -83.379 2.98 -2.163 -82.905
2 24 2.247 -6.49 -82.81 1.965 -9.775 -85.056
5 24 1.965 -9.775 -85.056 2.979 -9.267 -85.491 3.01 -6.414 -83.379 3.012 -10.788 -88.364
2 24 2.979 -9.267 -85.491 3.01 -6.414 -83.379
5 24 1.965 -9.775 -85.056 3.012 -10.788 -88.364 2.979 -9.267 -85.491 1.997 -11.501 -88.189
2 24 3.012 -10.788 -88.364 2.979 -9.267 -85.491
2 24 1.965 -9.775 -85.056 1.997 -11.501 -88.189
5 24 1.997 -11.501 -88.189 3.012 -10.788 -88.364 1.965 -9.775 -85.056 2.314 -11.287 -91.764
2 24 1.997 -11.501 -88.189 2.314 -11.287 -91.764
5 24 2.314 -11.287 -91.764 3.012 -10.788 -88.364 1.997 -11.501 -88.189 3.016 -10.617 -91.624
5 24 2.314 -11.287 -91.764 3.016 -10.617 -91.624 3.012 -10.788 -88.364 3.019 -9.605 -94.106
2 24 3.016 -10.617 -91.624 3.012 -10.788 -88.364
5 24 2.314 -11.287 -91.764 3.019 -9.605 -94.106 3.016 -10.617 -91.624 2.175 -10.187 -94.559
2 24 3.019 -9.605 -94.106 3.016 -10.617 -91.624
2 24 2.314 -11.287 -91.764 2.175 -10.187 -94.559
5 24 2.175 -10.187 -94.559 3.019 -9.605 -94.106 2.314 -11.287 -91.764 2.249 -8.23 -96.634
2 24 2.175 -10.187 -94.559 2.249 -8.23 -96.634
5 24 2.249 -8.23 -96.634 3.019 -9.605 -94.106 2.175 -10.187 -94.559 3.017 -7.695 -96.18
5 24 2.249 -8.23 -96.634 3.017 -7.695 -96.18 3.019 -9.605 -94.106 2.2382 -5.7597 -97.733
2 24 3.017 -7.695 -96.18 3.019 -9.605 -94.106
2 24 2.249 -8.23 -96.634 2.2382 -5.7597 -97.733
5 24 2.2382 -5.7597 -97.733 3.017 -7.695 -96.18 2.249 -8.23 -96.634 3.0322 -5.7707 -97.125
5 24 2.2382 -5.7597 -97.733 3.0322 -5.7707 -97.125 3.017 -7.695 -96.18 3.01 -3.002 -96.461
2 24 3.0322 -5.7707 -97.125 3.017 -7.695 -96.18
5 24 3.0446 -4.0432 -97.0436 2.1366 -3.7767 -97.5981 2.2382 -5.7597 -97.733 3.01 -3.002 -96.461
2 24 3.0446 -4.0432 -97.0436 3.0322 -5.7707 -97.125
2 24 3.01 -3.002 -96.461 3.0446 -4.0432 -97.0436
2 24 2.1366 -3.7767 -97.5981 1.988 -2.48 -96.962
2 24 2.2382 -5.7597 -97.733 2.1366 -3.7767 -97.5981
2 24 2.1678 -1.3151 -95.5985 2.265 -.714 -93.902
2 24 1.988 -2.48 -96.962 2.1678 -1.3151 -95.5985
5 24 2.1678 -1.3151 -95.5985 3.0358 -1.8661 -95.289 2.265 -.714 -93.902 3.01 -3.002 -96.461
5 24 2.265 -.714 -93.902 2.979 -1.294 -93.784 3.01 -3.002 -96.461 2.749 -1.402 -90.663
2 24 3.0358 -1.8661 -95.289 3.01 -3.002 -96.461
2 24 2.979 -1.294 -93.784 3.0358 -1.8661 -95.289
2 24 2.5075 -.7352 -92.214 2.749 -1.402 -90.663
2 24 2.265 -.714 -93.902 2.5075 -.7352 -92.214
5 24 2.996 -1.2197 -92.31 2.5075 -.7352 -92.214 2.979 -1.294 -93.784 2.749 -1.402 -90.663
5 24 2.749 -1.402 -90.663 3.012 -1.791 -90.973 2.979 -1.294 -93.784 3.003 -2.555 -89.879
2 24 2.996 -1.2197 -92.31 2.979 -1.294 -93.784
2 24 3.012 -1.791 -90.973 2.996 -1.2197 -92.31
2 24 3.003 -2.555 -89.879 3.012 -1.791 -90.973
5 24 2.749 -1.402 -90.663 3.003 -2.555 -89.879 3.012 -1.791 -90.973 2.947 -2.402 -89.629
2 24 2.749 -1.402 -90.663 2.947 -2.402 -89.629
5 24 2.947 -2.402 -89.629 3.003 -2.555 -89.879 2.749 -1.402 -90.663 3.007 -3.93 -88.577
2 24 3.007 -3.93 -88.577 3.003 -2.555 -89.879
2 24 2.947 -2.402 -89.629 3.007 -3.93 -88.577
5 24 3.035 21.033 -66.731 1.577 26.956 -64.175 2.981 21.091 -61.867 1.549 25.488 -70.992
5 24 1.577 26.956 -64.175 2.981 21.091 -61.867 3.035 21.033 -66.731 1.507 26.698 -56.787
2 24 3.035 21.033 -66.731 1.549 25.488 -70.992
2 24 1.549 25.488 -70.992 1.577 26.956 -64.175
2 24 1.577 26.956 -64.175 1.507 26.698 -56.787
5 24 1.507 26.698 -56.787 3.016 20.782 -56.808 2.981 21.091 -61.867 1.445 24.47 -49.55
2 24 1.507 26.698 -56.787 1.445 24.47 -49.55
5 24 1.445 24.47 -49.55 3.006 18.924 -51.587 3.016 20.782 -56.808 1.432 20.063 -43.352
2 24 1.445 24.47 -49.55 1.432 20.063 -43.352
5 24 1.432 20.063 -43.352 3.006 18.924 -51.587 1.445 24.47 -49.55 3.02 15.609 -47.587
5 24 1.432 20.063 -43.352 3.02 15.609 -47.587 3.006 18.924 -51.587 1.473 16.031 -39.75
2 24 1.432 20.063 -43.352 1.473 16.031 -39.75
5 24 1.473 16.031 -39.75 3.02 15.609 -47.587 1.432 20.063 -43.352 3.025 11.962 -45.201
5 24 1.473 16.031 -39.75 3.025 11.962 -45.201 3.02 15.609 -47.587 1.374 15.292 -38.886
2 24 1.473 16.031 -39.75 1.374 15.292 -38.886
5 24 1.374 15.292 -38.886 3.043 9.036 -43.8 3.025 11.962 -45.201 1.405 15.008 -37.955
2 24 1.374 15.292 -38.886 1.405 15.008 -37.955
5 24 1.405 15.008 -37.955 3.043 9.036 -43.8 1.374 15.292 -38.886 2.983 9.032 -32.124
2 24 2.983 9.032 -32.124 3.043 9.036 -43.8
2 24 1.405 15.008 -37.955 1.413 15.038 -31.984
5 24 3.001 .986 -59.981 3 6.406 -61.145 2.994 2.406 -58.646 2.97 -.158 -62.238
5 24 2.97 -.158 -62.238 3 6.406 -61.145 3.001 .986 -59.981 2.977 .272 -64.909
5 24 2.989 1.69 -67.003 3 6.406 -61.145 2.977 .272 -64.909 2.975 5.327 -68.457
5 24 2.975 5.327 -68.457 3 6.406 -61.145 2.989 1.69 -67.003 3.01 9.414 -67.572
2 24 3.014 4.22 -76.842 3.014 9.444 -81.006
2 24 3.014 11.6711 -83.9045 3.014 13.4326 -87.6474
2 24 3.014 9.444 -81.006 3.014 11.6711 -83.9045
2 24 3.014 13.4326 -87.6474 3.014 14.52 -92.796
2 24 3.014 20.732 -106.905 3.014 20.731 -84.27
2 24 3.014 14.52 -92.796 3.014 14.0676 -97.898
5 24 3.014 20.731 -84.27 3.014 17.648 -71.044 3.014 11.702 -75.219 3.035 21.033 -66.731
2 24 3.014 12.6876 -101.8196 3.014 11.062 -104.583
2 24 3.014 14.0676 -97.898 3.014 12.6876 -101.8196
2 24 3.014 11.062 -104.583 3.014 7.292 -108.597
2 24 3.014 7.292 -108.597 3.014 8.695 -110.156
2 24 3.014 20.731 -84.27 3.035 21.033 -66.731
2 24 3.014 8.695 -110.156 3.014 9.547 -113.159
2 24 3.014 9.547 -113.159 3.014 9.577 -116.497
2 24 2.99 20.762 -223.08 3.014 20.732 -106.905
2 24 3.014 9.577 -116.497 3.014 9.577 -200.992
5 24 3.014 9.577 -200.992 2.99 20.762 -223.08 3.014 9.577 -116.497 2.988 9.577 -210.696
2 24 3.014 9.577 -200.992 2.988 9.577 -210.696
2 24 2.988 9.577 -210.696 2.991 9.577 -218.046
5 24 2.991 9.577 -218.046 2.99 20.762 -223.08 2.988 9.577 -210.696 2.965 9.58 -228
2 24 2.991 9.577 -218.046 2.965 9.58 -228
2 24 3 20.794 -240.725 2.99 20.762 -223.08
5 24 2.965 9.58 -228 3 20.794 -240.725 2.99 20.762 -223.08 2.944 8.627 -236.799
2 24 2.965 9.58 -228 2.944 8.627 -236.799
2 24 2.944 8.627 -236.799 2.918 5.48 -245.022
2 24 3 20.4173 -246.7933 3 20.794 -240.725
2 24 3 19.2826 -252.7592 3 20.4173 -246.7933
2 24 3 17.4136 -258.5206 3 19.2826 -252.7592
2 24 2.918 5.48 -245.022 2.968 .118 -253.028
5 24 2.968 .118 -253.028 3 17.4136 -258.5206 2.918 5.48 -245.022 3.01 -3.922 -257.057
2 24 2.968 .118 -253.028 3.01 -3.922 -257.057
5 24 3.01 -3.922 -257.057 3 3.3916 -277.6181 3 17.4136 -258.5206 2.861 -9.848 -272.454
2 24 3 14.837 -263.975 3 17.4136 -258.5206
2 24 3 11.6063 -269.0342 3 14.837 -263.975
2 24 3 7.766 -273.6052 3 11.6063 -269.0342
2 24 3 3.3916 -277.6181 3 7.766 -273.6052
2 24 3.01 -3.922 -257.057 2.848 -9.828 -261.206
2 24 2.848 -9.828 -261.206 2.861 -9.848 -272.454
2 24 2.861 -9.848 -272.454 2.804 -10.763 -284.907
2 24 2.93 -1.45 -280.994 3 3.3916 -277.6181
2 24 2.86 -6.6699 -283.6864 2.93 -1.45 -280.994
2 24 2.804 -10.763 -284.907 2.86 -6.6699 -283.6864
5 24 3.014 9.444 -81.006 3.883 3.819 -77.677 3.833 8.769 -81.649 3.014 4.22 -76.842
2 24 3.883 3.819 -77.677 3.833 8.769 -81.649
5 24 3.833 8.769 -81.649 3.014 9.444 -81.006 3.883 3.819 -77.677 3.014 13.4326 -87.6474
2 24 3.835 10.9016 -84.421 3.837 12.5686 -88.0374
2 24 3.833 8.769 -81.649 3.835 10.9016 -84.421
5 24 3.837 12.5686 -88.0374 3.014 13.4326 -87.6474 3.833 8.769 -81.649 3.014 14.52 -92.796
5 24 3.837 12.5686 -88.0374 3.014 14.52 -92.796 3.014 13.4326 -87.6474 3.864 13.719 -92.874
2 24 3.837 12.5686 -88.0374 3.864 13.719 -92.874
5 24 3.864 13.719 -92.874 3.014 14.52 -92.796 3.837 12.5686 -88.0374 3.014 14.0676 -97.898
5 24 3.864 13.719 -92.874 3.014 14.0676 -97.898 3.014 14.52 -92.796 3.823 13.1706 -97.754
2 24 3.864 13.719 -92.874 3.823 13.1706 -97.754
5 24 3.823 13.1706 -97.754 3.014 14.0676 -97.898 3.864 13.719 -92.874 3.014 11.062 -104.583
2 24 3.819 11.8216 -101.6291 3.815 10.227 -104.346
2 24 3.823 13.1706 -97.754 3.819 11.8216 -101.6291
5 24 3.815 10.227 -104.346 3.014 11.062 -104.583 3.823 13.1706 -97.754 3.833 7.194 -107.725
5 24 3.833 7.194 -107.725 3.014 11.062 -104.583 3.815 10.227 -104.346 3.014 7.292 -108.597
2 24 3.815 10.227 -104.346 3.833 7.194 -107.725
5 24 3.833 7.194 -107.725 3.014 7.292 -108.597 3.014 11.062 -104.583 3.77 2.115 -110.869
5 24 3.77 2.115 -110.869 3.014 7.292 -108.597 3.833 7.194 -107.725 2.222 2.63 -111.479
2 24 3.833 7.194 -107.725 3.77 2.115 -110.869
5 24 3.77 2.115 -110.869 2.222 2.63 -111.479 3.014 7.292 -108.597 2.222 -3.669 -112.827
5 24 2.222 2.63 -111.479 3.014 7.292 -108.597 3.77 2.115 -110.869 2.222 6.763 -109.397
2 24 2.222 -3.669 -112.827 2.222 2.63 -111.479
5 24 3.77 2.115 -110.869 2.222 -3.669 -112.827 2.222 2.63 -111.479 3.753 -3.892 -112.048
2 24 3.77 2.115 -110.869 3.753 -3.892 -112.048
5 24 3.753 -3.892 -112.048 2.222 -3.669 -112.827 3.77 2.115 -110.869 2.222 -9.893 -111.828
2 24 2.222 6.763 -109.397 3.014 7.292 -108.597
2 24 2.222 2.63 -111.479 2.222 6.763 -109.397
2 24 2.222 -9.893 -111.828 2.222 -3.669 -112.827
5 24 3.753 -3.892 -112.048 2.222 -9.893 -111.828 2.222 -3.669 -112.827 3.516 -10.164 -111.687
2 24 3.753 -3.892 -112.048 3.516 -10.164 -111.687
5 24 3.516 -10.164 -111.687 2.222 -9.893 -111.828 3.753 -3.892 -112.048 3.48 -14.219 -109.971
5 24 3.48 -14.219 -109.971 2.222 -9.893 -111.828 3.516 -10.164 -111.687 -3.474 -14.219 -109.971
2 24 3.516 -10.164 -111.687 3.48 -14.219 -109.971
5 24 3.014 20.731 -84.27 1.5 39.634 -85.164 3.035 21.033 -66.731 3.014 20.732 -106.905
2 24 1.5 39.634 -85.164 3.035 21.033 -66.731
2 24 1.5 39.821 -223.094 1.5 39.634 -85.164
5 24 3 20.794 -240.725 1.464 40 -246 1.5 39.821 -223.094 3 17.4136 -258.5206
2 24 1.464 40 -246 1.5 39.821 -223.094
5 24 3 17.4136 -258.5206 1.464 34.5208 -276.616 1.464 40 -246 3 3.3916 -277.6181
2 24 1.464 39.3808 -256.44 1.464 40 -246
2 24 1.464 37.5448 -266.704 1.464 39.3808 -256.44
2 24 1.464 34.5208 -276.616 1.464 37.5448 -266.704
5 24 3 3.3916 -277.6181 1.464 18.9112 -302.568 1.464 34.5208 -276.616 2.93 -1.45 -280.994
2 24 1.464 30.352 -286 1.464 34.5208 -276.616
2 24 1.464 25.1248 -294.704 1.464 30.352 -286
2 24 1.464 18.9112 -302.568 1.464 25.1248 -294.704
5 24 1.464 18.9112 -302.568 2.93 -1.45 -280.994 3 3.3916 -277.6181 1.464 11.8336 -309.472
5 24 2.93 -1.45 -280.994 1.464 11.8336 -309.472 1.464 18.9112 -302.568 2.86 -6.6699 -283.6864
2 24 2.804 -10.763 -284.907 1.871 -13.032 -297.821
5 24 1.871 -13.032 -297.821 1.464 -4.4456 -319.912 1.464 18.9112 -302.568 1.592 -15.587 -307.469
2 24 1.464 11.8336 -309.472 1.464 18.9112 -302.568
2 24 1.464 4 -315.28 1.464 11.8336 -309.472
2 24 1.464 -4.4456 -319.912 1.464 4 -315.28
2 24 1.871 -13.032 -297.821 1.592 -15.587 -307.469
5 24 1.592 -15.587 -307.469 1.464 -4.4456 -319.912 1.871 -13.032 -297.821 1.5 -11.615 -321.423
2 24 1.5 -11.615 -321.423 1.464 -4.4456 -319.912
5 24 1.592 -15.587 -307.469 1.537 -14.644 -318.026 1.5 -11.615 -321.423 1.515 -17.674 -314.63
2 24 1.592 -15.587 -307.469 1.515 -17.674 -314.63
5 24 1.515 -17.674 -314.63 1.537 -14.644 -318.026 1.592 -15.587 -307.469 1.486 -17.935 -317.312
5 24 1.486 -17.935 -317.312 1.537 -14.644 -318.026 1.515 -17.674 -314.63 1.441 -16.918 -319.571
2 24 1.515 -17.674 -314.63 1.486 -17.935 -317.312
2 24 1.486 -17.935 -317.312 1.441 -16.918 -319.571
5 24 1.441 -16.918 -319.571 1.537 -14.644 -318.026 1.486 -17.935 -317.312 1.468 -14.706 -321.229
2 24 1.441 -16.918 -319.571 1.468 -14.706 -321.229
2 24 1.468 -14.706 -321.229 1.5 -11.615 -321.423
5 24 3.96 -3.489 -74.543 1.864 -2.065 -82.305 3.977 -.062 -75.957 2.247 -6.49 -82.81
5 24 1.864 -2.065 -82.305 3.977 -.062 -75.957 3.96 -3.489 -74.543 3.883 3.819 -77.677
5 24 1.961 1.521 -83.416 3.883 3.819 -77.677 1.864 -2.065 -82.305 3.833 8.769 -81.649
5 24 1.961 1.521 -83.416 3.833 8.769 -81.649 3.883 3.819 -77.677 2.4007 5.1519 -86.9258
5 24 2.4007 5.1519 -86.9258 3.833 8.769 -81.649 1.961 1.521 -83.416 3.837 12.5686 -88.0374
5 24 3.96 -3.489 -74.543 2.247 -6.49 -82.81 1.864 -2.065 -82.305 3.69 -8.242 -74.989
5 24 3.69 -8.242 -74.989 2.247 -6.49 -82.81 3.96 -3.489 -74.543 3.515 -11.472 -75.779
5 24 3.515 -11.472 -75.779 2.247 -6.49 -82.81 3.69 -8.242 -74.989 3.522 -12.289 -76.8
5 24 3.522 -12.289 -76.8 2.247 -6.49 -82.81 3.515 -11.472 -75.779 1.965 -9.775 -85.056
5 24 3.522 -12.289 -76.8 1.965 -9.775 -85.056 2.247 -6.49 -82.81 3.468 -14.323 -78.601
5 24 3.468 -14.323 -78.601 1.965 -9.775 -85.056 3.522 -12.289 -76.8 3.426 -16.921 -81.67
5 24 2.4007 5.1519 -86.9258 3.837 12.5686 -88.0374 3.833 8.769 -81.649 2.609 7.618 -93.75
5 24 2.609 7.618 -93.75 3.864 13.719 -92.874 3.837 12.5686 -88.0374 3.823 13.1706 -97.754
5 24 2.609 7.618 -93.75 3.823 13.1706 -97.754 3.864 13.719 -92.874 2.546 5.697 -99.657
5 24 2.546 5.697 -99.657 3.823 13.1706 -97.754 2.609 7.618 -93.75 3.815 10.227 -104.346
5 24 2.546 5.697 -99.657 3.815 10.227 -104.346 3.823 13.1706 -97.754 2.546 2.447 -103.225
5 24 2.546 2.447 -103.225 3.833 7.194 -107.725 3.815 10.227 -104.346 3.77 2.115 -110.869
5 24 2.546 2.447 -103.225 3.77 2.115 -110.869 3.833 7.194 -107.725 2.647 -.736 -104.896
5 24 2.647 -.736 -104.896 3.77 2.115 -110.869 2.546 2.447 -103.225 3.753 -3.892 -112.048
5 24 2.647 -.736 -104.896 3.753 -3.892 -112.048 3.77 2.115 -110.869 2.811 -4.912 -105.593
5 24 2.811 -4.912 -105.593 3.753 -3.892 -112.048 2.647 -.736 -104.896 3.516 -10.164 -111.687
5 24 2.811 -4.912 -105.593 3.516 -10.164 -111.687 3.753 -3.892 -112.048 2.664 -10.343 -104.432
5 24 2.664 -10.343 -104.432 3.516 -10.164 -111.687 2.811 -4.912 -105.593 3.48 -14.219 -109.971
5 24 2.664 -10.343 -104.432 3.48 -14.219 -109.971 3.516 -10.164 -111.687 3.28 -15.582 -108.429
2 24 3.28 -15.582 -108.429 3.48 -14.219 -109.971
5 24 2.664 -10.343 -104.432 3.28 -15.582 -108.429 3.48 -14.219 -109.971 2.962 -14.957 -106.454
2 24 2.962 -14.957 -106.454 3.28 -15.582 -108.429
5 24 2.664 -10.343 -104.432 2.962 -14.957 -106.454 3.28 -15.582 -108.429 2.502 -12.716 -102.923
2 24 2.502 -12.716 -102.923 2.962 -14.957 -106.454
5 24 3.426 -16.921 -81.67 1.997 -11.501 -88.189 1.965 -9.775 -85.056 3.417 -18.435 -88.47
5 24 1.965 -9.775 -85.056 3.426 -16.921 -81.67 1.997 -11.501 -88.189 3.468 -14.323 -78.601
5 24 3.417 -18.435 -88.47 1.997 -11.501 -88.189 3.426 -16.921 -81.67 2.314 -11.287 -91.764
5 24 3.417 -18.435 -88.47 2.314 -11.287 -91.764 1.997 -11.501 -88.189 3.388 -17.736 -94.266
5 24 3.388 -17.736 -94.266 2.175 -10.187 -94.559 2.314 -11.287 -91.764 3.463 -15.52 -98.847
5 24 3.463 -15.52 -98.847 2.175 -10.187 -94.559 3.388 -17.736 -94.266 3.4 -13.279 -101.53
5 24 3.4 -13.279 -101.53 2.175 -10.187 -94.559 3.463 -15.52 -98.847 2.249 -8.23 -96.634
5 24 3.4 -13.279 -101.53 2.249 -8.23 -96.634 2.175 -10.187 -94.559 3.342 -11.746 -102.852
5 24 3.342 -11.746 -102.852 2.249 -8.23 -96.634 3.4 -13.279 -101.53 3.35 -8.641 -104.457
5 24 3.35 -8.641 -104.457 2.2382 -5.7597 -97.733 2.249 -8.23 -96.634 3.322 -4.943 -104.951
5 24 3.322 -4.943 -104.951 2.2382 -5.7597 -97.733 3.35 -8.641 -104.457 3.229 -1.063 -104.355
5 24 3.229 -1.063 -104.355 2.2382 -5.7597 -97.733 3.322 -4.943 -104.951 1.988 -2.48 -96.962
5 24 3.229 -1.063 -104.355 1.988 -2.48 -96.962 2.2382 -5.7597 -97.733 3.173 1.894 -102.73
5 24 3.173 1.894 -102.73 1.988 -2.48 -96.962 3.229 -1.063 -104.355 3.114 5.138 -99.356
5 24 3.114 5.138 -99.356 1.988 -2.48 -96.962 3.173 1.894 -102.73 2.265 -.714 -93.902
5 24 3.114 5.138 -99.356 2.265 -.714 -93.902 1.988 -2.48 -96.962 3.091 6.962 -93.793
5 24 3.091 6.962 -93.793 2.265 -.714 -93.902 3.114 5.138 -99.356 3.0397 4.7179 -87.3948
5 24 3.0397 4.7179 -87.3948 2.265 -.714 -93.902 3.091 6.962 -93.793 2.749 -1.402 -90.663
5 24 3.0397 4.7179 -87.3948 2.749 -1.402 -90.663 2.265 -.714 -93.902 3.035 1.432 -84.262
5 24 3.035 1.432 -84.262 2.749 -1.402 -90.663 3.0397 4.7179 -87.3948 2.947 -2.402 -89.629
5 24 3.035 1.432 -84.262 2.947 -2.402 -89.629 2.749 -1.402 -90.663 2.98 -2.163 -82.905
5 24 2.98 -2.163 -82.905 2.947 -2.402 -89.629 3.035 1.432 -84.262 3.007 -3.93 -88.577
5 24 2.98 -2.163 -82.905 3.007 -3.93 -88.577 2.947 -2.402 -89.629 3.01 -6.414 -83.379
5 24 3 -5.412 -87.878 3.007 -3.93 -88.577 3.01 -6.414 -83.379 3 -6.01 -91.254
5 24 3.014 8.695 -110.156 2.222 8.595 -113.129 3.014 9.547 -113.159 2.222 7.927 -110.508
5 24 2.222 8.595 -113.129 3.014 9.547 -113.159 3.014 8.695 -110.156 2.222 8.556 -116.497
5 24 3.014 8.695 -110.156 2.222 7.927 -110.508 2.222 8.595 -113.129 3.014 7.292 -108.597
2 24 2.222 7.927 -110.508 2.222 8.595 -113.129
5 24 3.014 7.292 -108.597 2.222 7.927 -110.508 3.014 8.695 -110.156 2.222 6.763 -109.397
2 24 2.222 6.763 -109.397 2.222 7.927 -110.508
5 24 2.222 8.556 -116.497 3.014 9.547 -113.159 2.222 8.595 -113.129 3.014 9.577 -116.497
2 24 2.222 8.595 -113.129 2.222 8.556 -116.497
5 24 2.222 8.556 -116.497 3.014 9.577 -116.497 3.014 9.547 -113.159 3.014 9.577 -200.992
2 24 2.222 8.556 -116.497 2.222 8.555 -200.992
5 24 2.222 8.555 -200.992 3.014 9.577 -200.992 2.222 8.556 -116.497 2.988 9.577 -210.696
2 24 2.222 8.555 -200.992 2.222 8.56 -210.696
2 24 2.222 8.56 -210.696 2.222 8.56 -218.046
5 24 2.222 8.56 -218.046 2.991 9.577 -218.046 2.222 8.56 -210.696 2.965 9.58 -228
5 24 2.222 8.56 -218.046 2.965 9.58 -228 2.991 9.577 -218.046 2.222 8.557 -228
2 24 2.222 8.56 -218.046 2.222 8.557 -228
5 24 2.222 8.557 -228 2.965 9.58 -228 2.222 8.56 -218.046 2.222 7.693 -236.192
2 24 2.222 8.557 -228 2.222 7.693 -236.192
5 24 2.222 7.693 -236.192 2.944 8.627 -236.799 2.965 9.58 -228 2.222 4.643 -244.573
5 24 2.222 4.643 -244.573 2.944 8.627 -236.799 2.222 7.693 -236.192 2.918 5.48 -245.022
2 24 2.222 7.693 -236.192 2.222 4.643 -244.573
5 24 2.222 4.643 -244.573 2.918 5.48 -245.022 2.944 8.627 -236.799 2.968 .118 -253.028
5 24 2.222 4.643 -244.573 2.968 .118 -253.028 2.918 5.48 -245.022 2.222 -.666 -252.485
2 24 2.222 4.643 -244.573 2.222 -.666 -252.485
5 24 2.222 -.666 -252.485 2.968 .118 -253.028 2.222 4.643 -244.573 3.01 -3.922 -257.057
5 24 2.222 -.666 -252.485 3.01 -3.922 -257.057 2.968 .118 -253.028 2.222 -4.478 -256.332
2 24 2.222 -.666 -252.485 2.222 -4.478 -256.332
5 24 2.222 -4.478 -256.332 3.01 -3.922 -257.057 2.222 -.666 -252.485 2.222 -9.828 -259.925
5 24 2.222 -9.828 -259.925 3.01 -3.922 -257.057 2.222 -4.478 -256.332 2.848 -9.828 -261.206
2 24 2.222 -4.478 -256.332 2.222 -9.828 -259.925
2 24 2.222 -9.828 -259.925 2.848 -9.828 -261.206
5 24 2.2741 2.6888 -204.9735 2.222 8.555 -200.992 2.2261 4.2647 -206.3517 2.328 .724 -204.114
5 24 2.222 -.823 -200.993 2.328 .724 -204.114 2.2261 4.2647 -206.3517 2.321 -3.8336 -203.565
2 24 2.2741 2.6888 -204.9735 2.2261 4.2647 -206.3517
2 24 2.328 .724 -204.114 2.2741 2.6888 -204.9735
2 24 2.3198 -1.6319 -203.6652 2.328 .724 -204.114
2 24 2.321 -3.8336 -203.565 2.3198 -1.6319 -203.6652
2 24 2.2336 5.6259 -208.5442 2.249 6.102 -211.07
2 24 2.2261 4.2647 -206.3517 2.2336 5.6259 -208.5442
5 24 2.249 6.102 -211.07 2.222 8.56 -210.696 2.2261 4.2647 -206.3517 2.239 5.583 -216.854
2 24 2.2422 6.1581 -214.0884 2.239 5.583 -216.854
2 24 2.249 6.102 -211.07 2.2422 6.1581 -214.0884
5 24 2.239 5.583 -216.854 2.222 8.56 -218.046 2.222 8.56 -210.696 2.335 3.114 -222.388
5 24 2.335 3.114 -222.388 2.222 8.56 -218.046 2.239 5.583 -216.854 2.222 8.557 -228
2 24 2.239 5.583 -216.854 2.335 3.114 -222.388
5 24 2.335 3.114 -222.388 2.222 8.557 -228 2.222 8.56 -218.046 2.222 1.721 -229.556
5 24 2.222 1.721 -229.556 2.222 8.557 -228 2.335 3.114 -222.388 2.222 7.693 -236.192
5 24 2.335 3.114 -222.388 2.222 1.721 -229.556 2.222 8.557 -228 2.416 -2.516 -228.873
2 24 2.335 3.114 -222.388 2.416 -2.516 -228.873
5 24 2.416 -2.516 -228.873 2.222 1.721 -229.556 2.335 3.114 -222.388 2.388 -7.054 -232.843
2 24 2.416 -2.516 -228.873 2.388 -7.054 -232.843
5 24 2.388 -7.054 -232.843 2.222 1.721 -229.556 2.416 -2.516 -228.873 2.222 -.911 -239.814
5 24 2.388 -7.054 -232.843 2.222 -.911 -239.814 2.222 1.721 -229.556 2.222 -9.843 -238.819
5 24 2.222 -.911 -239.814 2.222 1.721 -229.556 2.388 -7.054 -232.843 2.222 7.693 -236.192
5 24 2.388 -7.054 -232.843 2.222 -9.843 -238.819 2.222 -.911 -239.814 2.222 -10.04 -235.12
5 24 2.222 -9.843 -238.819 2.222 -.911 -239.814 2.388 -7.054 -232.843 2.222 -5.657 -251.99
5 24 2.388 -7.054 -232.843 2.222 -10.04 -235.12 2.222 -9.843 -238.819 2.307 -10.322 -234.521
2 24 2.222 -10.04 -235.12 2.222 -9.843 -238.819
2 24 2.222 -9.843 -238.819 2.222 -9.828 -251.231
2 24 2.222 -9.828 -251.231 2.222 -9.828 -259.925
5 24 3 -6.01 -91.254 2.979 -9.267 -85.491 3.012 -10.788 -88.364 3 -5.412 -87.878
5 24 3.017 -7.695 -96.18 3 -6.01 -91.254 3.019 -9.605 -94.106 3.0322 -5.7707 -97.125
5 24 3.0322 -5.7707 -97.125 3 -6.01 -91.254 3.017 -7.695 -96.18 3.01 -3.002 -96.461
5 24 2.979 -1.294 -93.784 3 -6.01 -91.254 3.01 -3.002 -96.461 3.012 -1.791 -90.973
5 24 3.012 -1.791 -90.973 3 -6.01 -91.254 2.979 -1.294 -93.784 3.003 -2.555 -89.879
5 24 3.003 -2.555 -89.879 3 -6.01 -91.254 3.012 -1.791 -90.973 3.007 -3.93 -88.577
5 24 3.007 -3.93 -88.577 3 -6.01 -91.254 3.003 -2.555 -89.879 3 -5.412 -87.878
2 24 2.993 -1.783 -215.525 2.918 .143 -214.066
2 24 2.918 .143 -214.066 3.119 -1.768 -214.961
5 24 3.119 -1.768 -214.961 2.993 -1.783 -215.525 2.918 .143 -214.066 3.418 -4.255 -214.813
2 24 3.119 -1.768 -214.961 3.418 -4.255 -214.813
5 24 3.418 -4.255 -214.813 2.993 -1.783 -215.525 3.119 -1.768 -214.961 2.909 -4.34 -215.795
5 24 3.418 -4.255 -214.813 2.909 -4.34 -215.795 2.993 -1.783 -215.525 2.794 -7.176 -214.27
2 24 2.909 -4.34 -215.795 2.993 -1.783 -215.525
5 24 3.418 -4.255 -214.813 2.794 -7.176 -214.27 2.909 -4.34 -215.795 3.666 -6.512 -213.464
2 24 2.794 -7.176 -214.27 2.909 -4.34 -215.795
2 24 3.418 -4.255 -214.813 3.666 -6.512 -213.464
5 24 3.666 -6.512 -213.464 2.794 -7.176 -214.27 3.418 -4.255 -214.813 3.734 -7.616 -211.38
2 24 3.666 -6.512 -213.464 3.734 -7.616 -211.38
5 24 3.734 -7.616 -211.38 2.794 -7.176 -214.27 3.666 -6.512 -213.464 2.569 -8.687 -211.572
5 24 3.734 -7.616 -211.38 2.569 -8.687 -211.572 2.794 -7.176 -214.27 3.664 -7.795 -208.886
2 24 2.569 -8.687 -211.572 2.794 -7.176 -214.27
5 24 3.664 -7.795 -208.886 2.569 -8.687 -211.572 3.734 -7.616 -211.38 2.469 -8.797 -208.541
2 24 3.734 -7.616 -211.38 3.664 -7.795 -208.886
5 24 3.664 -7.795 -208.886 2.469 -8.797 -208.541 2.569 -8.687 -211.572 2.4728 -7.4721 -205.7796
2 24 2.469 -8.797 -208.541 2.569 -8.687 -211.572
2 24 2.4728 -7.4721 -205.7796 2.469 -8.797 -208.541
5 24 3.664 -7.795 -208.886 2.4728 -7.4721 -205.7796 2.469 -8.797 -208.541 3.5028 -6.7561 -206.3596
2 24 3.664 -7.795 -208.886 3.5028 -6.7561 -206.3596
5 24 3.5028 -6.7561 -206.3596 2.4728 -7.4721 -205.7796 3.664 -7.795 -208.886 3.265 -3.5716 -204.673
2 24 3.3628 -5.1771 -205.1407 3.265 -3.5716 -204.673
2 24 3.5028 -6.7561 -206.3596 3.3628 -5.1771 -205.1407
5 24 2.3758 -5.6661 -204.2967 3.3628 -5.1771 -205.1407 2.4728 -7.4721 -205.7796 3.265 -3.5716 -204.673
5 24 3.265 -3.5716 -204.673 2.321 -3.8336 -203.565 2.4728 -7.4721 -205.7796 2.328 .724 -204.114
2 24 2.3758 -5.6661 -204.2967 2.4728 -7.4721 -205.7796
2 24 2.321 -3.8336 -203.565 2.3758 -5.6661 -204.2967
5 24 2.3198 -1.6319 -203.6652 3.0978 -1.6019 -204.7772 3.265 -3.5716 -204.673 2.328 .724 -204.114
2 24 3.0978 -1.6019 -204.7772 2.94 .522 -205.23
2 24 3.265 -3.5716 -204.673 3.0978 -1.6019 -204.7772
5 24 2.94 .522 -205.23 2.328 .724 -204.114 3.265 -3.5716 -204.673 2.2261 4.2647 -206.3517
5 24 2.2741 2.6888 -204.9735 2.7841 2.2018 -205.9235 2.94 .522 -205.23 2.2261 4.2647 -206.3517
2 24 2.7841 2.2018 -205.9235 2.6341 3.4927 -207.1357
2 24 2.94 .522 -205.23 2.7841 2.2018 -205.9235
5 24 2.6341 3.4927 -207.1357 2.2261 4.2647 -206.3517 2.94 .522 -205.23 2.249 6.102 -211.07
5 24 2.2336 5.6259 -208.5442 2.6326 4.7229 -208.9947 2.6341 3.4927 -207.1357 2.249 6.102 -211.07
2 24 2.6326 4.7229 -208.9947 2.639 5.068 -211.187
2 24 2.6341 3.4927 -207.1357 2.6326 4.7229 -208.9947
5 24 2.639 5.068 -211.187 2.249 6.102 -211.07 2.6341 3.4927 -207.1357 2.239 5.583 -216.854
5 24 2.7532 5.2676 -214.0804 2.2422 6.1581 -214.0884 2.239 5.583 -216.854 2.639 5.068 -211.187
2 24 2.7532 5.2676 -214.0804 2.871 4.836 -216.721
2 24 2.639 5.068 -211.187 2.7532 5.2676 -214.0804
5 24 2.871 4.836 -216.721 2.239 5.583 -216.854 2.639 5.068 -211.187 2.335 3.114 -222.388
5 24 2.871 4.836 -216.721 2.335 3.114 -222.388 2.239 5.583 -216.854 3.02 2.406 -222.32
2 24 2.871 4.836 -216.721 3.02 2.406 -222.32
5 24 3.02 2.406 -222.32 2.335 3.114 -222.388 2.871 4.836 -216.721 2.416 -2.516 -228.873
5 24 3.02 2.406 -222.32 2.416 -2.516 -228.873 2.335 3.114 -222.388 3.096 -3.054 -228.539
2 24 3.02 2.406 -222.32 3.096 -3.054 -228.539
5 24 3.096 -3.054 -228.539 2.416 -2.516 -228.873 3.02 2.406 -222.32 2.388 -7.054 -232.843
5 24 3.096 -3.054 -228.539 2.388 -7.054 -232.843 2.416 -2.516 -228.873 2.996 -7.451 -232.333
2 24 3.096 -3.054 -228.539 2.996 -7.451 -232.333
5 24 2.996 -7.451 -232.333 2.388 -7.054 -232.843 3.096 -3.054 -228.539 2.307 -10.322 -234.521
5 24 2.996 -7.451 -232.333 2.307 -10.322 -234.521 2.388 -7.054 -232.843 2.886 -11.263 -234.45
2 24 2.307 -10.322 -234.521 2.388 -7.054 -232.843
2 24 2.996 -7.451 -232.333 2.886 -11.263 -234.45
5 24 2.886 -11.263 -234.45 2.307 -10.322 -234.521 2.996 -7.451 -232.333 2.222 -11.165 -234.604
2 24 2.222 -11.165 -234.604 2.307 -10.322 -234.521
5 24 2.886 -11.263 -234.45 2.222 -11.165 -234.604 2.307 -10.322 -234.521 3.034 -14.645 -236.122
2 24 2.886 -11.263 -234.45 3.034 -14.645 -236.122
5 24 3.034 -14.645 -236.122 2.222 -11.165 -234.604 2.886 -11.263 -234.45 -2.222 -11.165 -234.604
5 24 2.839 .186 -210.427 3.119 -1.768 -214.961 2.918 .143 -214.066 3.418 -4.255 -214.813
5 24 2.918 .143 -214.066 2.839 .186 -210.427 3.119 -1.768 -214.961 2.639 5.068 -211.187
5 24 2.839 .186 -210.427 3.666 -6.512 -213.464 3.418 -4.255 -214.813 3.734 -7.616 -211.38
5 24 2.839 .186 -210.427 3.734 -7.616 -211.38 3.666 -6.512 -213.464 3.664 -7.795 -208.886
5 24 2.839 .186 -210.427 3.664 -7.795 -208.886 3.734 -7.616 -211.38 3.5028 -6.7561 -206.3596
5 24 2.839 .186 -210.427 3.5028 -6.7561 -206.3596 3.664 -7.795 -208.886 3.265 -3.5716 -204.673
5 24 2.839 .186 -210.427 3.265 -3.5716 -204.673 3.5028 -6.7561 -206.3596 2.94 .522 -205.23
5 24 2.839 .186 -210.427 2.6341 3.4927 -207.1357 2.94 .522 -205.23 2.639 5.068 -211.187
5 24 2.918 .143 -214.066 2.639 5.068 -211.187 2.839 .186 -210.427 2.871 4.836 -216.721
5 24 2.918 .143 -214.066 2.871 4.836 -216.721 2.639 5.068 -211.187 2.993 -1.783 -215.525
5 24 2.993 -1.783 -215.525 3.02 2.406 -222.32 2.871 4.836 -216.721 2.909 -4.34 -215.795
5 24 2.909 -4.34 -215.795 3.02 2.406 -222.32 2.993 -1.783 -215.525 2.197 -11.97 -217.077
5 24 2.197 -11.97 -217.077 3.02 2.406 -222.32 2.909 -4.34 -215.795 3.096 -3.054 -228.539
5 24 2.909 -4.34 -215.795 2.197 -11.97 -217.077 3.02 2.406 -222.32 2.794 -7.176 -214.27
5 24 2.794 -7.176 -214.27 2.197 -11.97 -217.077 2.909 -4.34 -215.795 2.046 -11.248 -211.945
5 24 2.794 -7.176 -214.27 2.046 -11.248 -211.945 2.197 -11.97 -217.077 2.569 -8.687 -211.572
2 24 2.046 -11.248 -211.945 2.197 -11.97 -217.077
5 24 2.569 -8.687 -211.572 2.046 -11.248 -211.945 2.794 -7.176 -214.27 2.222 -10.815 -208.211
2 24 2.222 -10.815 -208.211 2.046 -11.248 -211.945
5 24 2.569 -8.687 -211.572 2.222 -10.815 -208.211 2.046 -11.248 -211.945 2.469 -8.797 -208.541
5 24 2.469 -8.797 -208.541 2.222 -10.815 -208.211 2.569 -8.687 -211.572 2.4728 -7.4721 -205.7796
2 24 2.197 -11.97 -217.077 2.35 -13.424 -222.481
5 24 2.35 -13.424 -222.481 3.096 -3.054 -228.539 2.197 -11.97 -217.077 2.638 -15.128 -227.364
5 24 2.638 -15.128 -227.364 3.096 -3.054 -228.539 2.996 -7.451 -232.333 2.35 -13.424 -222.481
2 24 2.35 -13.424 -222.481 2.638 -15.128 -227.364
5 24 2.638 -15.128 -227.364 2.996 -7.451 -232.333 3.163 -15.796 -234.062 3.096 -3.054 -228.539
5 24 2.638 -15.128 -227.364 3.163 -15.796 -234.062 2.996 -7.451 -232.333 2.886 -17.457 -232.023
5 24 3.163 -15.796 -234.062 2.996 -7.451 -232.333 2.638 -15.128 -227.364 2.886 -11.263 -234.45
5 24 3.163 -15.796 -234.062 2.886 -11.263 -234.45 2.996 -7.451 -232.333 3.034 -14.645 -236.122
5 24 3.163 -15.796 -234.062 3.034 -14.645 -236.122 2.886 -11.263 -234.45 3.026 -16.817 -235.593
5 24 3.163 -15.796 -234.062 3.026 -16.817 -235.593 3.034 -14.645 -236.122 3.005 -17.983 -233.814
2 24 3.026 -16.817 -235.593 3.034 -14.645 -236.122
5 24 3.163 -15.796 -234.062 3.005 -17.983 -233.814 3.026 -16.817 -235.593 2.886 -17.457 -232.023
2 24 3.005 -17.983 -233.814 3.026 -16.817 -235.593
2 24 2.886 -17.457 -232.023 3.005 -17.983 -233.814
2 24 2.638 -15.128 -227.364 2.886 -17.457 -232.023
2 24 2.222 -9.8 -116.497 2.222 -9.893 -111.828
2 24 2.222 -10.004 -200.993 2.222 -9.8 -116.497
2 24 2.222 -10.815 -208.211 2.222 -10.004 -200.993
2 24 2.222 -10.04 -235.12 2.222 -11.165 -234.604
5 24 2.222 -10.004 -200.993 2.222 -.823 -200.993 2.222 -9.8 -116.497 2.321 -3.8336 -203.565
5 24 2.222 -10.004 -200.993 2.321 -3.8336 -203.565 2.222 -.823 -200.993 2.4728 -7.4721 -205.7796
5 24 2.222 -10.004 -200.993 2.4728 -7.4721 -205.7796 2.321 -3.8336 -203.565 2.222 -10.815 -208.211
5 24 2.222 -10.815 -208.211 2.4728 -7.4721 -205.7796 2.222 -10.004 -200.993 2.469 -8.797 -208.541
5 24 2.307 -10.322 -234.521 2.222 -10.04 -235.12 2.388 -7.054 -232.843 2.222 -11.165 -234.604
2 24 1.366 9.511 -20 1.346 17.093 -27.779
2 24 1.346 17.093 -27.779 1.525 17.526 -28.774
2 24 1.525 17.526 -28.774 1.477 17.084 -29.767
5 24 2.983 9.032 -32.124 1.525 17.526 -28.774 2.99 7.1 -28.813 1.477 17.084 -29.767
5 24 1.525 17.526 -28.774 2.99 7.1 -28.813 2.983 9.032 -32.124 1.346 17.093 -27.779
2 24 2.99 7.1 -28.813 2.983 9.032 -32.124
5 24 1.346 17.093 -27.779 2.99 7.1 -28.813 1.525 17.526 -28.774 3.066 5.076 -25.362
5 24 1.346 17.093 -27.779 3.066 5.076 -25.362 2.99 7.1 -28.813 2.839 6.024 -22.73
2 24 3.066 5.076 -25.362 2.99 7.1 -28.813
2 24 2.839 6.024 -22.73 3.066 5.076 -25.362
5 24 1.346 17.093 -27.779 2.839 6.024 -22.73 3.066 5.076 -25.362 1.366 9.511 -20
5 24 1.366 9.511 -20 2.839 6.024 -22.73 1.346 17.093 -27.779 2.244 6.689 -20
2 24 1.366 9.511 -20 2.244 6.689 -20
2 24 2.244 6.689 -20 2.839 6.024 -22.73
2 24 1.508 -9.82 -21.375 1.736 -9.491 -20.57
2 24 1.736 -9.491 -20.57 2.161 -8.888 -20.199
2 24 1.532 -9.82 -40.164 1.508 -9.82 -21.375
2 24 2.161 -8.888 -20.199 2.813 -8.268 -20.255
2 24 2.813 -8.268 -20.255 3.201 -6.19 -20
2 24 3.201 -6.19 -20 4.833 -4.832 -20
2 24 4.833 -4.832 -20 6.451 -2.257 -20
2 24 6.451 -2.257 -20 6.877 0 -20
2 24 6.877 0 -20 6.451 2.257 -20
2 24 6.451 2.257 -20 4.507 5.037 -20
2 24 4.507 5.037 -20 2.244 6.689 -20
5 24 2.161 -8.888 -20.199 2.985 -8.253 -22.749 2.813 -8.268 -20.255 1.736 -9.491 -20.57
2 24 2.985 -8.253 -22.749 2.813 -8.268 -20.255
5 24 1.736 -9.491 -20.57 2.985 -8.253 -22.749 2.161 -8.888 -20.199 1.508 -9.82 -21.375
5 24 1.508 -9.82 -21.375 2.985 -8.253 -22.749 1.736 -9.491 -20.57 1.532 -9.82 -40.164
5 24 1.532 -9.82 -40.164 2.985 -8.253 -22.749 1.508 -9.82 -21.375 2.976 -8.439 -40.883
2 24 1.532 -9.82 -40.164 2.976 -8.439 -40.883
2 24 2.976 -8.439 -40.883 2.985 -8.253 -22.749
2 24 1.592 -14.62 -44.879 1.532 -9.82 -40.164
2 24 1.557 -18.587 -52.513 1.592 -14.62 -44.879
2 24 1.54 -19.483 -58.553 1.557 -18.587 -52.513
2 24 1.577 -19.15 -64.195 1.54 -19.483 -58.553
2 24 1.531 -17.729 -69.077 1.577 -19.15 -64.195
2 24 1.545 -16.11 -72.677 1.531 -17.729 -69.077
2 24 1.381 -13.824 -75.999 1.545 -16.11 -72.677
5 24 1.532 -9.82 -40.164 3.075 -13.465 -46.068 2.976 -8.439 -40.883 1.592 -14.62 -44.879
5 24 1.592 -14.62 -44.879 3.075 -13.465 -46.068 1.532 -9.82 -40.164 1.557 -18.587 -52.513
5 24 1.557 -18.587 -52.513 3.075 -13.465 -46.068 1.592 -14.62 -44.879 2.982 -17.352 -53.279
5 24 1.557 -18.587 -52.513 2.982 -17.352 -53.279 3.075 -13.465 -46.068 1.54 -19.483 -58.553
5 24 1.54 -19.483 -58.553 2.982 -17.352 -53.279 1.557 -18.587 -52.513 3.055 -17.836 -58.935
5 24 1.54 -19.483 -58.553 3.055 -17.836 -58.935 2.982 -17.352 -53.279 1.577 -19.15 -64.195
5 24 1.577 -19.15 -64.195 3.055 -17.836 -58.935 1.54 -19.483 -58.553 3.036 -17.543 -64.093
5 24 1.577 -19.15 -64.195 3.036 -17.543 -64.093 3.055 -17.836 -58.935 1.531 -17.729 -69.077
5 24 1.531 -17.729 -69.077 3.036 -17.543 -64.093 1.577 -19.15 -64.195 3.067 -16.24 -68.937
5 24 1.531 -17.729 -69.077 3.067 -16.24 -68.937 3.036 -17.543 -64.093 1.545 -16.11 -72.677
5 24 1.545 -16.11 -72.677 3.067 -16.24 -68.937 1.531 -17.729 -69.077 2.683 -14.794 -72.602
5 24 1.545 -16.11 -72.677 2.683 -14.794 -72.602 3.067 -16.24 -68.937 1.381 -13.824 -75.999
5 24 1.381 -13.824 -75.999 2.683 -14.794 -72.602 1.545 -16.11 -72.677 2.091 -13.273 -75.716
5 24 1.5 39.634 -85.164 1.549 25.488 -70.992 3.035 21.033 -66.731 -1.541 25.488 -70.992
2 24 2.518 -4.818 -30.271 2.518 -3.684 -32.162
2 24 2.518 -3.684 -32.162 2.518 -1.994 -33.514
2 24 2.518 -1.994 -33.514 2.518 0 -34.014
2 24 2.518 0 -34.014 2.518 2.047 -33.506
2 24 2.518 2.047 -33.506 2.518 3.638 -32.352
2 24 2.518 3.638 -32.352 2.518 4.782 -30.769
2 24 2.518 4.782 -30.769 2.518 5.172 -28.912
2 24 2.518 5.172 -28.912 2.518 4.823 -27.126
2 24 2.518 -5.102 -28.286 2.518 -4.818 -30.271
2 24 2.518 4.823 -27.126 2.518 3.431 -25.097
2 24 2.518 3.431 -25.097 2.518 1.733 -24.093
2 24 2.518 1.733 -24.093 2.518 0 -23.741
2 24 2.518 0 -23.741 2.518 -1.836 -24.121
2 24 2.518 -1.836 -24.121 2.518 -3.226 -24.998
2 24 2.518 -3.226 -24.998 2.518 -4.579 -26.475
2 24 2.518 -4.579 -26.475 2.518 -5.102 -28.286
5 24 6.451 -2.257 -20 6.366 -2.144 -21.782 6.769 -.014 -21.629 4.833 -4.832 -20
5 24 6.366 -2.144 -21.782 6.769 -.014 -21.629 6.451 -2.257 -20 6.437 0 -23.745
5 24 6.769 -.014 -21.629 6.877 0 -20 6.451 -2.257 -20 6.397 2.057 -21.759
5 24 4.833 -4.832 -20 4.815 -4.567 -22.312 6.366 -2.144 -21.782 3.319 -5.8 -22.596
5 24 4.815 -4.567 -22.312 6.366 -2.144 -21.782 4.833 -4.832 -20 6.009 -1.87 -24.1
5 24 3.319 -5.8 -22.596 4.815 -4.567 -22.312 4.833 -4.832 -20 4.762 -3.322 -25.106
2 24 3.201 -6.19 -20 3.319 -5.8 -22.596
5 24 6.437 0 -23.745 6.769 -.014 -21.629 6.366 -2.144 -21.782 6.397 2.057 -21.759
5 24 6.366 -2.144 -21.782 6.437 0 -23.745 6.769 -.014 -21.629 6.009 -1.87 -24.1
5 24 6.397 2.057 -21.759 6.769 -.014 -21.629 6.437 0 -23.745 6.877 0 -20
5 24 6.397 2.057 -21.759 6.877 0 -20 6.769 -.014 -21.629 6.451 2.257 -20
2 24 6.437 0 -23.745 6.071 1.73 -24.077
5 24 6.071 1.73 -24.077 6.397 2.057 -21.759 6.437 0 -23.745 4.775 4.567 -22.238
5 24 6.366 -2.144 -21.782 6.009 -1.87 -24.1 6.437 0 -23.745 4.815 -4.567 -22.312
2 24 6.009 -1.87 -24.1 6.437 0 -23.745
5 24 4.815 -4.567 -22.312 6.009 -1.87 -24.1 6.366 -2.144 -21.782 4.762 -3.322 -25.106
5 24 4.775 4.567 -22.238 6.397 2.057 -21.759 6.071 1.73 -24.077 6.451 2.257 -20
5 24 6.071 1.73 -24.077 4.775 4.567 -22.238 6.397 2.057 -21.759 4.636 3.53 -25.223
2 24 6.071 1.73 -24.077 4.636 3.53 -25.223
5 24 4.636 3.53 -25.223 4.775 4.567 -22.238 6.071 1.73 -24.077 3.066 5.076 -25.362
5 24 4.815 -4.567 -22.312 4.762 -3.322 -25.106 6.009 -1.87 -24.1 3.319 -5.8 -22.596
2 24 4.762 -3.322 -25.106 6.009 -1.87 -24.1
5 24 3.319 -5.8 -22.596 4.762 -3.322 -25.106 4.815 -4.567 -22.312 3.26 -4.527 -26.374
2 24 3.319 -5.8 -22.596 3.26 -4.527 -26.374
2 24 3.26 -4.527 -26.374 4.762 -3.322 -25.106
5 24 4.775 4.567 -22.238 6.451 2.257 -20 6.397 2.057 -21.759 4.507 5.037 -20
5 24 6.451 2.257 -20 6.397 2.057 -21.759 4.775 4.567 -22.238 6.877 0 -20
5 24 4.775 4.567 -22.238 4.507 5.037 -20 6.451 2.257 -20 2.839 6.024 -22.73
5 24 2.839 6.024 -22.73 4.507 5.037 -20 4.775 4.567 -22.238 2.244 6.689 -20
5 24 4.775 4.567 -22.238 2.839 6.024 -22.73 4.507 5.037 -20 3.066 5.076 -25.362
5 24 3.066 5.076 -25.362 4.775 4.567 -22.238 4.636 3.53 -25.223 2.839 6.024 -22.73
5 24 4.636 3.53 -25.223 3.066 5.076 -25.362 4.775 4.567 -22.238 3.097 4.834 -27.167
2 24 3.097 4.834 -27.167 3.066 5.076 -25.362
2 24 4.636 3.53 -25.223 3.097 4.834 -27.167
5 24 3.097 4.834 -27.167 2.99 7.1 -28.813 3.066 5.076 -25.362 3 5.172 -28.912
2 24 3.097 4.834 -27.167 3 5.172 -28.912
5 24 3 5.172 -28.912 2.99 7.1 -28.813 3.097 4.834 -27.167 3 4.782 -30.769
2 24 3 5.172 -28.912 3 4.782 -30.769
5 24 3 4.782 -30.769 2.983 9.032 -32.124 2.99 7.1 -28.813 3.043 9.036 -43.8
5 24 3 3.638 -32.352 3.043 9.036 -43.8 3 4.782 -30.769 3.012 5.399 -43.277
2 24 3 4.782 -30.769 3 3.638 -32.352
2 24 3 3.638 -32.352 3 2.047 -33.506
2 24 3 2.047 -33.506 3 0 -34.014
2 24 3 0 -34.014 3 -1.994 -33.514
5 24 3 -1.994 -33.514 3.013 -2.585 -44.796 3.014 1.1 -43.523 2.976 -8.439 -40.883
5 24 2.976 -8.439 -40.883 3.013 -2.585 -44.796 3 -1.994 -33.514 2.983 -6.139 -46.996
2 24 3 -1.994 -33.514 3 -3.684 -32.162
2 24 3 -3.684 -32.162 3 -4.818 -30.271
5 24 3 -4.818 -30.271 2.976 -8.439 -40.883 3 -3.684 -32.162 2.985 -8.253 -22.749
5 24 3 -5.102 -28.286 2.985 -8.253 -22.749 3 -4.818 -30.271 3.26 -4.527 -26.374
2 24 3 -4.818 -30.271 3 -5.102 -28.286
5 24 3.26 -4.527 -26.374 2.985 -8.253 -22.749 3 -5.102 -28.286 3.319 -5.8 -22.596
2 24 3 -5.102 -28.286 3.26 -4.527 -26.374
5 24 3.319 -5.8 -22.596 2.985 -8.253 -22.749 3.26 -4.527 -26.374 2.813 -8.268 -20.255
5 24 3.319 -5.8 -22.596 2.813 -8.268 -20.255 2.985 -8.253 -22.749 3.201 -6.19 -20
5 24 3 -3.684 -32.162 2.518 -3.684 -32.162 2.518 -4.818 -30.271 3 -1.994 -33.514
5 24 2.518 -4.818 -30.271 3 -4.818 -30.271 3 -3.684 -32.162 2.518 -5.102 -28.286
5 24 3 -1.994 -33.514 2.518 -1.994 -33.514 2.518 -3.684 -32.162 3 0 -34.014
5 24 3 0 -34.014 2.518 0 -34.014 2.518 -1.994 -33.514 3 2.047 -33.506
5 24 3 2.047 -33.506 2.518 2.047 -33.506 2.518 0 -34.014 3 3.638 -32.352
5 24 3 3.638 -32.352 2.518 3.638 -32.352 2.518 2.047 -33.506 3 4.782 -30.769
5 24 3 4.782 -30.769 2.518 4.782 -30.769 2.518 3.638 -32.352 3 5.172 -28.912
5 24 3 5.172 -28.912 2.518 5.172 -28.912 2.518 4.782 -30.769 3.097 4.834 -27.167
5 24 3.097 4.834 -27.167 2.518 4.823 -27.126 2.518 5.172 -28.912 2.518 3.431 -25.097
5 24 2.518 -5.102 -28.286 3 -5.102 -28.286 3 -4.818 -30.271 2.518 -4.579 -26.475
5 24 2.518 -4.579 -26.475 3 -5.102 -28.286 2.518 -5.102 -28.286 3.26 -4.527 -26.374
5 24 2.518 -4.579 -26.475 3.26 -4.527 -26.374 3 -5.102 -28.286 2.518 -3.226 -24.998
5 24 2.518 -3.226 -24.998 3.26 -4.527 -26.374 2.518 -4.579 -26.475 4.762 -3.322 -25.106
5 24 3.097 4.834 -27.167 2.518 3.431 -25.097 2.518 4.823 -27.126 4.636 3.53 -25.223
5 24 4.636 3.53 -25.223 2.518 1.733 -24.093 2.518 3.431 -25.097 6.071 1.73 -24.077
5 24 6.071 1.73 -24.077 2.518 1.733 -24.093 4.636 3.53 -25.223 2.518 0 -23.741
5 24 6.009 -1.87 -24.1 2.518 -1.836 -24.121 2.518 0 -23.741 4.762 -3.322 -25.106
5 24 4.762 -3.322 -25.106 2.518 -1.836 -24.121 6.009 -1.87 -24.1 2.518 -3.226 -24.998
2 24 3.043 9.036 -43.8 1.374 15.292 -38.886

5 24 2.265 -.714 -93.902 3.0358 -1.8661 -95.289 2.1678 -1.3151 -95.5985 2.979 -1.294 -93.784
5 24 3.0929 12.8866 -61.8212 1.9099 13.9671 -61.8952 1.959 13.09 -64.521 3.031 12.742 -59.363
5 24 3.041 7.4384 -68.375 3 6.406 -61.145 2.975 5.327 -68.457 3.01 9.414 -67.572
5 24 2.2261 4.2647 -206.3517 2.222 8.555 -200.992 2.2336 5.6259 -208.5442 2.2741 2.6888 -204.9735
5 24 2.918 5.48 -245.022 3 19.2826 -252.7592 3 20.4173 -246.7933 2.968 .118 -253.028
5 24 2.222 -.823 -200.993 2.222 8.555 -200.992 2.328 .724 -204.114 2.222 -.342 -116.497
5 24 1.871 -13.032 -297.821 2.86 -6.6699 -283.6864 1.464 4 -315.28 2.804 -10.763 -284.907
5 24 2.0554 11.7836 -66.624 3.0559 11.0436 -66.072 2.063 9.957 -68.298 3.013 12.153 -64.143
5 24 3.041 7.4384 -68.375 2.063 9.957 -68.298 2.1075 7.5994 -69.116 3.01 9.414 -67.572
5 24 2.15 .909 -67.575 3.02 3.3864 -68.045 2.989 1.69 -67.003 2.1405 2.8854 -68.709
5 24 3.174 6.4047 -96.6906 2.546 5.697 -99.657 2.649 7.0122 -96.8196 3.114 5.138 -99.356
5 24 3.041 7.4384 -68.375 2.055 5.106 -69.213 2.1075 7.5994 -69.116 2.975 5.327 -68.457
5 24 3.1533 6.4276 -90.8767 2.609 7.618 -93.75 2.5928 6.9726 -90.6207 3.091 6.962 -93.793
5 24 2.222 8.56 -210.696 2.2336 5.6259 -208.5442 2.222 8.555 -200.992 2.249 6.102 -211.07
5 24 3.3628 -5.1771 -205.1407 2.839 .186 -210.427 3.5028 -6.7561 -206.3596 3.265 -3.5716 -204.673
5 24 2.6326 4.7229 -208.9947 2.918 .143 -214.066 2.6341 3.4927 -207.1357 2.639 5.068 -211.187
5 24 1.464 4 -315.28 1.871 -13.032 -297.821 2.86 -6.6699 -283.6864 1.464 -4.4456 -319.912
5 24 2.1075 7.5994 -69.116 3.014 8.0283 -76.3405 2.055 5.106 -69.213 3.014 11.702 -75.219
5 24 2.86 -6.6699 -283.6864 1.464 11.8336 -309.472 2.93 -1.45 -280.994 1.464 4 -315.28
5 24 2.518 0 -23.741 6.437 0 -23.745 6.009 -1.87 -24.1 2.518 1.733 -24.093
5 24 2.976 -8.439 -40.883 3 -3.684 -32.162 3.013 -2.585 -44.796 3 -4.818 -30.271
5 24 2.055 5.106 -69.213 3.02 3.3864 -68.045 2.975 5.327 -68.457 2.1405 2.8854 -68.709
5 24 2.7841 2.2018 -205.9235 2.2261 4.2647 -206.3517 2.2741 2.6888 -204.9735 2.6341 3.4927 -207.1357
5 24 3.0358 -1.8661 -95.289 3 -6.01 -91.254 2.979 -1.294 -93.784 3.01 -3.002 -96.461
5 24 3.265 -3.5716 -204.673 2.3198 -1.6319 -203.6652 3.0978 -1.6019 -204.7772 2.321 -3.8336 -203.565
5 24 2.1366 -3.7767 -97.5981 3.229 -1.063 -104.355 2.2382 -5.7597 -97.733 1.988 -2.48 -96.962
5 24 2.4728 -7.4721 -205.7796 3.3628 -5.1771 -205.1407 3.5028 -6.7561 -206.3596 2.3758 -5.6661 -204.2967
5 24 1.5 -11.615 -321.423 1.537 -14.644 -318.026 1.464 -4.4456 -319.912 1.468 -14.706 -321.229
5 24 2.2422 6.1581 -214.0884 2.222 8.56 -210.696 2.239 5.583 -216.854 2.249 6.102 -211.07
5 24 3 19.2826 -252.7592 1.464 37.5448 -266.704 3 17.4136 -258.5206 1.464 39.3808 -256.44
5 24 2.7532 5.2676 -214.0804 2.239 5.583 -216.854 2.2422 6.1581 -214.0884 2.871 4.836 -216.721
5 24 1.988 -2.48 -96.962 3.01 -3.002 -96.461 2.1366 -3.7767 -97.5981 2.1678 -1.3151 -95.5985
5 24 2.518 -3.226 -24.998 4.762 -3.322 -25.106 2.518 -1.836 -24.121 3.26 -4.527 -26.374
5 24 3.819 11.8216 -101.6291 2.546 5.697 -99.657 3.823 13.1706 -97.754 3.815 10.227 -104.346
5 24 2.94 .522 -205.23 2.2741 2.6888 -204.9735 2.328 .724 -204.114 2.7841 2.2018 -205.9235
5 24 3.265 -3.5716 -204.673 2.3758 -5.6661 -204.2967 3.3628 -5.1771 -205.1407 2.321 -3.8336 -203.565
5 24 3 20.4173 -246.7933 1.464 39.3808 -256.44 3 19.2826 -252.7592 1.464 40 -246
5 24 2.6326 4.7229 -208.9947 2.249 6.102 -211.07 2.2336 5.6259 -208.5442 2.639 5.068 -211.187
5 24 3.174 6.4047 -96.6906 2.265 -.714 -93.902 3.091 6.962 -93.793 3.114 5.138 -99.356
5 24 3.0446 -4.0432 -97.0436 2.2382 -5.7597 -97.733 2.1366 -3.7767 -97.5981 3.0322 -5.7707 -97.125
5 24 3 6.406 -61.145 3.0929 12.8866 -61.8212 3.013 12.153 -64.143 3.031 12.742 -59.363
5 24 2.518 3.431 -25.097 4.636 3.53 -25.223 2.518 1.733 -24.093 3.097 4.834 -27.167
5 24 3.0446 -4.0432 -97.0436 3 -6.01 -91.254 3.01 -3.002 -96.461 3.0322 -5.7707 -97.125
5 24 3 7.766 -273.6052 1.464 25.1248 -294.704 3 3.3916 -277.6181 3 11.6063 -269.0342
5 24 3.016 -10.617 -91.624 3 -6.01 -91.254 2.979 -9.267 -85.491 3.019 -9.605 -94.106
5 24 3.012 5.399 -43.277 3 2.047 -33.506 3.043 9.036 -43.8 3 0 -34.014
5 24 3.01 -3.002 -96.461 2.1366 -3.7767 -97.5981 3.0446 -4.0432 -97.0436 1.988 -2.48 -96.962
5 24 2.7841 2.2018 -205.9235 2.839 .186 -210.427 2.94 .522 -205.23 2.6341 3.4927 -207.1357
5 24 3 14.837 -263.975 1.464 30.352 -286 1.464 34.5208 -276.616 3 11.6063 -269.0342
5 24 3.01 -3.002 -96.461 2.1678 -1.3151 -95.5985 1.988 -2.48 -96.962 3.0358 -1.8661 -95.289
5 24 3 6.406 -61.145 3.0559 11.0436 -66.072 3.013 12.153 -64.143 3.01 9.414 -67.572
5 24 2.5928 6.9726 -90.6207 3.0397 4.7179 -87.3948 3.1533 6.4276 -90.8767 2.4007 5.1519 -86.9258
5 24 2.649 7.0122 -96.8196 3.091 6.962 -93.793 3.174 6.4047 -96.6906 2.609 7.618 -93.75
5 24 3 -5.412 -87.878 3 -6.01 -91.254 3.007 -3.93 -88.577 3.01 -6.414 -83.379
5 24 2.639 5.068 -211.187 2.2422 6.1581 -214.0884 2.7532 5.2676 -214.0804 2.249 6.102 -211.07
5 24 2.518 0 -23.741 6.009 -1.87 -24.1 6.437 0 -23.745 2.518 -1.836 -24.121
5 24 2.968 .118 -253.028 3 14.837 -263.975 3 17.4136 -258.5206 3.01 -3.922 -257.057
5 24 3.01 -3.002 -96.461 3 -6.01 -91.254 3.0358 -1.8661 -95.289 3.0446 -4.0432 -97.0436
5 24 3.013 12.153 -64.143 3 6.406 -61.145 3.0929 12.8866 -61.8212 3.0559 11.0436 -66.072
5 24 3.0978 -1.6019 -204.7772 2.839 .186 -210.427 3.265 -3.5716 -204.673 2.94 .522 -205.23
5 24 3.0978 -1.6019 -204.7772 2.328 .724 -204.114 2.94 .522 -205.23 2.3198 -1.6319 -203.6652
5 24 2.7532 5.2676 -214.0804 2.918 .143 -214.066 2.639 5.068 -211.187 2.871 4.836 -216.721
5 24 2.749 -1.402 -90.663 2.996 -1.2197 -92.31 3.012 -1.791 -90.973 2.5075 -.7352 -92.214
5 24 2.222 -10.004 -200.993 2.3198 -1.6319 -203.6652 2.321 -3.8336 -203.565 2.222 -.823 -200.993
5 24 3.835 10.9016 -84.421 3.014 11.6711 -83.9045 3.014 9.444 -81.006 3.837 12.5686 -88.0374
5 24 1.464 25.1248 -294.704 3 11.6063 -269.0342 3 7.766 -273.6052 1.464 30.352 -286
5 24 1.464 4 -315.28 2.86 -6.6699 -283.6864 1.871 -13.032 -297.821 1.464 11.8336 -309.472
5 24 2.5928 6.9726 -90.6207 3.837 12.5686 -88.0374 2.609 7.618 -93.75 2.4007 5.1519 -86.9258
5 24 3.1533 6.4276 -90.8767 2.265 -.714 -93.902 3.0397 4.7179 -87.3948 3.091 6.962 -93.793
5 24 2.328 .724 -204.114 2.222 8.555 -200.992 2.2741 2.6888 -204.9735 2.222 -.823 -200.993
5 24 3 6.406 -61.145 3.01 9.414 -67.572 3.0559 11.0436 -66.072 3.041 7.4384 -68.375
5 24 3.02 3.3864 -68.045 3 6.406 -61.145 2.975 5.327 -68.457 2.989 1.69 -67.003
5 24 2.99 20.762 -223.08 3.014 9.577 -116.497 3.014 20.732 -106.905 3.014 9.577 -200.992
5 24 2.979 -1.294 -93.784 2.5075 -.7352 -92.214 2.996 -1.2197 -92.31 2.265 -.714 -93.902
5 24 3.835 10.9016 -84.421 2.4007 5.1519 -86.9258 3.833 8.769 -81.649 3.837 12.5686 -88.0374
5 24 2.6341 3.4927 -207.1357 2.2336 5.6259 -208.5442 2.6326 4.7229 -208.9947 2.2261 4.2647 -206.3517
5 24 2.988 9.577 -210.696 2.222 8.56 -210.696 3.014 9.577 -200.992 2.222 8.56 -218.046
5 24 3.819 11.8216 -101.6291 3.014 12.6876 -101.8196 3.815 10.227 -104.346 3.014 14.0676 -97.898
5 24 3 3.859 -58.39 2.994 2.406 -58.646 3.018 2.197 -51.492 3.001 .986 -59.981
5 24 3.014 14.8798 -73.4232 2.063 9.957 -68.298 3.014 17.648 -71.044 3.014 11.702 -75.219
5 24 2.839 .186 -210.427 2.94 .522 -205.23 2.7841 2.2018 -205.9235 3.0978 -1.6019 -204.7772
5 24 2.988 9.577 -210.696 2.99 20.762 -223.08 3.014 9.577 -200.992 2.991 9.577 -218.046