0 ~Minifig Hair Female Long Thick Braid with Wrap - Hair
0 Name: s\3759s01.dat
0 Author: Gerald Lasser [GeraldLasser]
0 !LDRAW_ORG Subpart UPDATE 2026-07
0 !LICENSE Licensed under CC BY 4.0 : see CAreadme.txt

0 BFC CERTIFY CCW

0 !HISTORY 2026-07-30 [OrionP] Official Update 2026-07

1 16 0 -6 0 1 0 0 0 -1.5 0 0 0 1 stud4o.dat
1 16 0 0 0 1 0 0 0 -1 0 0 0 1 4-4ring8.dat
1 16 0 0 0 -9 0 0 0 -1 0 0 0 9 4-4edge.dat
1 16 0 0 0 -9 0 0 0 -4 0 0 0 9 4-4cyli.dat
1 16 0 -4 0 0 0 -9 0 -1 0 -9 0 0 4-4cylse.dat

3 16 15.004 8.926 5.968 13.848 7.998 9.78 15.029 7.113 6.136
3 16 15.004 8.926 5.968 14.013 9.998 9.638 13.848 7.998 9.78
4 16 15.155 6.684 2.382 15.081 8.319 3.417 15.004 8.926 5.968 15.029 7.113 6.136
3 16 15.081 8.319 3.417 15.155 6.684 2.382 14.932 7.994 1.106
4 16 15.155 6.684 2.382 14.841 6.249 -.764 14.771 7.753 -.622 14.932 7.994 1.106
3 16 14.932 7.994 1.106 14.771 7.753 -.622 14.578 8.518 -.515
3 16 14.932 7.994 1.106 14.578 8.518 -.515 14.597 8.58 1.647
3 16 14.578 8.518 -.515 14.233 9.019 1.579 14.597 8.58 1.647
3 16 14.578 8.518 -.515 14.233 9.205 -.446 14.233 9.019 1.579
3 16 14.233 9.205 -.446 14.578 8.518 -.515 14.136 8.492 -3.028
3 16 14.771 7.753 -.622 14.136 8.492 -3.028 14.578 8.518 -.515
3 16 14.233 9.205 -.446 14.136 8.492 -3.028 13.818 9.626 -2.848
4 16 14.136 8.492 -3.028 14.771 7.753 -.622 14.841 6.249 -.764 14.181 7.175 -3.184
4 16 13.818 9.626 -2.848 14.136 8.492 -3.028 13.495 8.025 -5.085 13.072 9.391 -4.964
3 16 14.181 7.175 -3.184 13.495 8.025 -5.085 14.136 8.492 -3.028
3 16 14.841 6.249 -.764 14.17 5.826 -3.565 14.181 7.175 -3.184
4 16 13.072 9.391 -4.964 13.495 8.025 -5.085 12.902 7.557 -6.183 12.533 8.18 -6.394
3 16 14.181 7.175 -3.184 13.444 6.757 -5.208 13.495 8.025 -5.085
3 16 13.444 6.757 -5.208 12.902 7.557 -6.183 13.495 8.025 -5.085
3 16 14.17 5.826 -3.565 13.444 6.757 -5.208 14.181 7.175 -3.184
3 16 13.444 6.757 -5.208 12.776 6.669 -6.499 12.902 7.557 -6.183
3 16 12.776 6.669 -6.499 12.533 8.18 -6.394 12.902 7.557 -6.183
3 16 14.17 5.826 -3.565 13.312 5.616 -5.733 13.444 6.757 -5.208
3 16 13.312 5.616 -5.733 12.776 6.669 -6.499 13.444 6.757 -5.208
3 16 12.776 6.669 -6.499 11.976 6.908 -7.428 12.533 8.18 -6.394
3 16 13.312 5.616 -5.733 12.631 5.665 -6.974 12.776 6.669 -6.499
3 16 12.631 5.665 -6.974 11.976 6.908 -7.428 12.776 6.669 -6.499
3 16 12.631 5.665 -6.974 11.427 5.754 -8.22 11.976 6.908 -7.428
3 16 -8.963 .795 -10.285 -9.223 2.499 -10.772 -8.256 2.192 -10.496
3 16 -8.963 .795 -10.285 -10.145 1.256 -10.548 -9.223 2.499 -10.772
4 16 -8.963 .795 -10.285 -10.135 -.719 -8.746 -11.544 -.284 -8.947 -10.145 1.256 -10.548
3 16 -8.256 2.192 -10.496 -9.223 2.499 -10.772 -8.641 3.287 -10.553
3 16 -8.256 2.192 -10.496 -8.641 3.287 -10.553 -7.5383 3.4713 -10.1424
3 16 -11.315 -1.684 -6.407 -11.544 -.284 -8.947 -10.135 -.719 -8.746
3 16 -11.315 -1.684 -6.407 -12.775 -1.124 -6.71 -11.544 -.284 -8.947
3 16 -12.775 -1.124 -6.71 -11.315 -1.684 -6.407 -12.31 -2.762 -2.811
3 16 -12.31 -2.762 -2.811 -13.793 -1.461 -3.484 -12.775 -1.124 -6.71
3 16 -12.31 -2.762 -2.811 -14.803 -1.289 .925 -13.793 -1.461 -3.484
3 16 -12.31 -2.762 -2.811 -14.234 -2.243 1.335 -14.803 -1.289 .925
3 16 -14.234 -2.243 1.335 -15.181 -.886 5.16 -14.803 -1.289 .925
3 16 -14.234 -2.243 1.335 -14.593 -1.817 5.206 -15.181 -.886 5.16
3 16 -14.593 -1.817 5.206 -14.606 .121 9.102 -15.181 -.886 5.16
3 16 -14.593 -1.817 5.206 -13.786 -.745 9.302 -14.606 .121 9.102
3 16 -12.484 .762 13.087 -14.606 .121 9.102 -13.786 -.745 9.302
3 16 -12.484 .762 13.087 -13.208 1.668 13.219 -14.606 .121 9.102
3 16 -10.065 2.689 16.183 -13.208 1.668 13.219 -12.484 .762 13.087
3 16 -10.065 2.689 16.183 -10.683 3.641 16.378 -13.208 1.668 13.219
3 16 -7.255 4.22 17.717 -10.683 3.641 16.378 -10.065 2.689 16.183
3 16 -7.255 4.22 17.717 -7.372 5.447 17.917 -10.683 3.641 16.378
3 16 -5.295 5.65 18.086 -7.372 5.447 17.917 -7.255 4.22 17.717
4 16 -7.255 4.22 17.717 -6.02 3.689 17.494 -4.797 4.925 17.827 -5.295 5.65 18.086
3 16 -5.295 5.65 18.086 -5.615 6.164 18.185 -7.372 5.447 17.917
4 16 7.901 -2.736 14.179 7.91 -3.636 14.612 9.74 -5.133 11.514 9.703 -4.233 11.162
3 16 9.703 -4.233 11.162 9.74 -5.133 11.514 11.065 -6.126 7.924
3 16 9.703 -4.233 11.162 11.065 -6.126 7.924 11.079 -5.174 7.757
3 16 11.065 -6.126 7.924 12.013 -5.696 3.79 11.079 -5.174 7.757
3 16 11.065 -6.126 7.924 11.934 -6.54 3.762 12.013 -5.696 3.79
3 16 11.934 -6.54 3.762 12.132 -5.469 .557 12.013 -5.696 3.79
3 16 11.934 -6.54 3.762 11.985 -6.241 .438 12.132 -5.469 .557
3 16 11.615 -5.561 -3.014 12.132 -5.469 .557 11.985 -6.241 .438
3 16 11.615 -5.561 -3.014 11.834 -4.852 -2.947 12.132 -5.469 .557
3 16 10.645 -4.336 -6.413 11.834 -4.852 -2.947 11.615 -5.561 -3.014
3 16 10.645 -4.336 -6.413 10.857 -3.643 -6.157 11.834 -4.852 -2.947
3 16 10.645 -4.336 -6.413 9.516 -2.022 -9.072 10.857 -3.643 -6.157
3 16 10.645 -4.336 -6.413 9.277 -2.7 -9.451 9.516 -2.022 -9.072
3 16 9.277 -2.7 -9.451 8.351 -.475 -11.022 9.516 -2.022 -9.072
3 16 9.277 -2.7 -9.451 8.022 -1.023 -11.415 8.351 -.475 -11.022
3 16 7.235 1.177 -11.945 8.351 -.475 -11.022 8.022 -1.023 -11.415
3 16 7.235 1.177 -11.945 8.022 -1.023 -11.415 6.898 .906 -12.484
3 16 7.235 1.177 -11.945 6.898 .906 -12.484 6.058 2.326 -12.2
3 16 7.235 1.177 -11.945 6.058 2.326 -12.2 6.421 2.385 -11.745
3 16 6.421 2.385 -11.745 6.058 2.326 -12.2 5.49 3.1996 -11.4318
3 16 6.421 2.385 -11.745 5.49 3.1996 -11.4318 5.9101 3.0752 -11.1146
3 16 1.034 -9.213 8.11 2.275 -8.815 10.821 1.954 -8.03 11.714
3 16 1.034 -9.213 8.11 1.752 -9.811 8.035 2.275 -8.815 10.821
3 16 .315 -10.014 4.553 1.752 -9.811 8.035 1.034 -9.213 8.11
3 16 .315 -10.014 4.553 1.167 -10.617 4.48 1.752 -9.811 8.035
3 16 .041 -10.217 1.43 1.167 -10.617 4.48 .315 -10.014 4.553
3 16 .041 -10.217 1.43 .99 -10.799 1.368 1.167 -10.617 4.48
3 16 -.21 -9.717 -1.565 .99 -10.799 1.368 .041 -10.217 1.43
3 16 -.21 -9.717 -1.565 .927 -10.292 -1.819 .99 -10.799 1.368
4 16 .927 -10.292 -1.819 -.21 -9.717 -1.565 -.512 -8.33 -5.259 .844 -9.225 -4.992
3 16 .631 -8.027 -7.46 .844 -9.225 -4.992 -.512 -8.33 -5.259
3 16 -.941 -6.109 -9.036 .631 -8.027 -7.46 -.512 -8.33 -5.259
3 16 -.941 -6.109 -9.036 .343 -6.731 -9.443 .631 -8.027 -7.46
3 16 .106 -4.394 -11.832 .343 -6.731 -9.443 -.941 -6.109 -9.036
3 16 .106 -4.394 -11.832 -.941 -6.109 -9.036 -1.13 -3.887 -11.232
3 16 -.139 -1.778 -13.301 .106 -4.394 -11.832 -1.13 -3.887 -11.232
3 16 -.139 -1.778 -13.301 -1.13 -3.887 -11.232 -1.168 -1.554 -12.738
3 16 -1.185 .871 -13.138 -.139 -1.778 -13.301 -1.168 -1.554 -12.738
3 16 -1.185 .871 -13.138 -.347 1.178 -13.756 -.139 -1.778 -13.301
3 16 -1.214 2.4691 -12.3779 -.347 1.178 -13.756 -1.185 .871 -13.138
3 16 -1.214 2.4691 -12.3779 -.473 2.9594 -12.6471 -.347 1.178 -13.756
3 16 1.954 -8.03 11.714 .359 -9.722 8.508 1.034 -9.213 8.11
3 16 1.954 -8.03 11.714 1.156 -8.506 12.257 .359 -9.722 8.508
4 16 .359 -9.722 8.508 -.334 -10.514 4.804 .315 -10.014 4.553 1.034 -9.213 8.11
3 16 -.697 -10.712 1.532 .315 -10.014 4.553 -.334 -10.514 4.804
3 16 -.697 -10.712 1.532 .041 -10.217 1.43 .315 -10.014 4.553
3 16 -1.096 -10.432 -1.614 .041 -10.217 1.43 -.697 -10.712 1.532
3 16 -1.096 -10.432 -1.614 -.21 -9.717 -1.565 .041 -10.217 1.43
3 16 -1.518 -9.169 -5.378 -.21 -9.717 -1.565 -1.096 -10.432 -1.614
3 16 -1.518 -9.169 -5.378 -.512 -8.33 -5.259 -.21 -9.717 -1.565
3 16 -1.773 -6.846 -9.187 -.512 -8.33 -5.259 -1.518 -9.169 -5.378
3 16 -1.773 -6.846 -9.187 -.941 -6.109 -9.036 -.512 -8.33 -5.259
3 16 -.941 -6.109 -9.036 -1.773 -6.846 -9.187 -1.771 -4.378 -11.569
3 16 -.941 -6.109 -9.036 -1.771 -4.378 -11.569 -1.13 -3.887 -11.232
3 16 -1.13 -3.887 -11.232 -1.771 -4.378 -11.569 -1.732 -1.698 -13.06
3 16 -1.13 -3.887 -11.232 -1.732 -1.698 -13.06 -1.168 -1.554 -12.738
3 16 -1.168 -1.554 -12.738 -1.732 -1.698 -13.06 -1.795 .865 -13.377
3 16 -1.168 -1.554 -12.738 -1.795 .865 -13.377 -1.185 .871 -13.138
3 16 -1.214 2.4691 -12.3779 -1.185 .871 -13.138 -1.795 .865 -13.377
3 16 -1.214 2.4691 -12.3779 -1.795 .865 -13.377 -1.7615 2.7513 -12.3391
3 16 -10.707 -7.801 -1.907 -8.809 -6.28 -4.782 -9.264 -7.652 -1.526
3 16 -10.707 -7.801 -1.907 -9.961 -6.392 -5.171 -8.809 -6.28 -4.782
3 16 -9.072 -4.437 -7.847 -8.809 -6.28 -4.782 -9.961 -6.392 -5.171
3 16 -9.072 -4.437 -7.847 -8.122 -4.26 -7.882 -8.809 -6.28 -4.782
3 16 -8.062 -2.079 -10.093 -8.122 -4.26 -7.882 -9.072 -4.437 -7.847
3 16 -8.062 -2.079 -10.093 -7.449 -2.29 -9.891 -8.122 -4.26 -7.882
3 16 -6.801 -.29 -11.158 -7.449 -2.29 -9.891 -8.062 -2.079 -10.093
3 16 -6.801 -.29 -11.158 -8.062 -2.079 -10.093 -7.392 -.063 -11.414
3 16 -6.314 1.1 -11.5 -6.801 -.29 -11.158 -7.392 -.063 -11.414
3 16 -6.314 1.1 -11.5 -7.392 -.063 -11.414 -6.823 1.418 -11.74
3 16 -5.5811 2.4691 -11.1569 -6.314 1.1 -11.5 -6.823 1.418 -11.74
3 16 -5.5811 2.4691 -11.1569 -6.823 1.418 -11.74 -6.1198 3.4709 -11.0903
3 16 -9.264 -7.652 -1.526 -11.126 -8.236 1.382 -10.707 -7.801 -1.907
3 16 -9.264 -7.652 -1.526 -9.373 -8.086 1.543 -11.126 -8.236 1.382
3 16 -9.279 -7.987 5.11 -11.126 -8.236 1.382 -9.373 -8.086 1.543
3 16 -9.279 -7.987 5.11 -11.108 -8.196 5.362 -11.126 -8.236 1.382
3 16 -9.279 -7.987 5.11 -10.155 -6.968 10.086 -11.108 -8.196 5.362
3 16 -9.279 -7.987 5.11 -8.619 -6.898 9.842 -10.155 -6.968 10.086
3 16 -8.619 -6.898 9.842 -8.553 -4.915 13.788 -10.155 -6.968 10.086
3 16 -8.619 -6.898 9.842 -7.402 -5.175 13.452 -8.553 -4.915 13.788
3 16 -6.186 -3.796 15.296 -8.553 -4.915 13.788 -7.402 -5.175 13.452
3 16 -6.186 -3.796 15.296 -7 -3.292 15.874 -8.553 -4.915 13.788
3 16 -4.791 -2.315 16.574 -7 -3.292 15.874 -6.186 -3.796 15.296
3 16 -4.791 -2.315 16.574 -5.268 -1.559 17.132 -7 -3.292 15.874
3 16 9.192 4 9.192 12.0104 4 4.9752 11.6592 2.4691 4.8296
4 16 12.0104 4 4.9752 13 4 0 12.6192 2.4691 0 11.6592 2.4691 4.8296
3 16 12.6192 2.4691 0 11.5352 1.1718 0 11.6592 2.4691 4.8296
4 16 13 4 0 12.0104 4 -4.9752 11.6592 2.4691 -4.8296 12.6192 2.4691 0
4 16 10.6576 1.1718 -4.4144 11.5352 1.1718 0 12.6192 2.4691 0 11.6592 2.4691 -4.8296
4 16 8.1568 1.1718 -8.1568 10.6576 1.1718 -4.4144 11.6592 2.4691 -4.8296 8.9232 2.4691 -8.9232
4 16 11.6592 2.4691 -4.8296 12.0104 4 -4.9752 9.192 4 -9.192 8.9232 2.4691 -8.9232
3 16 8.2865 4.2748 -9.8777 8.9232 2.4691 -8.9232 9.192 4 -9.192
3 16 8.2865 4.2748 -9.8777 7.659 3.744 -10.198 8.9232 2.4691 -8.9232
4 16 4.8296 2.4691 -11.6592 8.9232 2.4691 -8.9232 7.2955 3.4612 -10.3017 5.9101 3.0752 -11.1146
3 16 8.9232 2.4691 -8.9232 7.659 3.744 -10.198 7.2955 3.4612 -10.3017
3 16 7.2955 3.4612 -10.3017 6.6725 3.4872 -10.7258 5.9101 3.0752 -11.1146
4 16 4.4144 1.1718 -10.6576 8.1568 1.1718 -8.1568 8.9232 2.4691 -8.9232 4.8296 2.4691 -11.6592
4 16 4.8825 3.0252 -11.7868 4.8296 2.4691 -11.6592 5.9101 3.0752 -11.1146 5.49 3.1996 -11.4318
4 16 4.8825 3.0252 -11.7868 4.2292 2.9132 -11.8889 3.7115 2.4691 -11.8815 4.8296 2.4691 -11.6592
4 16 4.8296 2.4691 -11.6592 3.7115 2.4691 -11.8815 0 1.1718 -11.5352 4.4144 1.1718 -10.6576
4 16 2.8652 2.9613 -12.1721 1.8068 2.837 -12.3516 1.188 2.7052 -12.4418 3.7115 2.4691 -11.8815
3 16 3.7115 2.4691 -11.8815 1.188 2.7052 -12.4418 0 2.4691 -12.6192
4 16 0 2.8886 -12.7235 0 2.4691 -12.6192 1.188 2.7052 -12.4418 .5275 2.8643 -12.6126
3 16 0 2.4691 -12.6192 0 1.1718 -11.5352 3.7115 2.4691 -11.8815
4 16 0 2.8886 -12.7235 -.473 2.9594 -12.6471 -1.214 2.4691 -12.3779 0 2.4691 -12.6192
3 16 0 1.1718 -11.5352 0 2.4691 -12.6192 -1.214 2.4691 -12.3779
4 16 -1.7615 2.7513 -12.3391 -2.6911 2.8931 -12.1896 -3.3597 2.7424 -12.0192 -1.214 2.4691 -12.3779
3 16 -1.214 2.4691 -12.3779 -3.3597 2.7424 -12.0192 -3.9498 2.4691 -11.8341
4 16 0 1.1718 -11.5352 -1.214 2.4691 -12.3779 -3.9498 2.4691 -11.8341 -4.4144 1.1718 -10.6576
3 16 -4.8296 2.4691 -11.6592 -4.4144 1.1718 -10.6576 -3.9498 2.4691 -11.8341
3 16 -4.8869 3.0712 -11.7973 -4.8296 2.4691 -11.6592 -3.9498 2.4691 -11.8341
3 16 -4.8296 2.4691 -11.6592 -4.8869 3.0712 -11.7973 -5.5811 2.4691 -11.1569
3 16 -4.4144 1.1718 -10.6576 -4.8296 2.4691 -11.6592 -5.5811 2.4691 -11.1569
4 16 -8.9232 2.4691 -8.9232 -8.1568 1.1718 -8.1568 -4.4144 1.1718 -10.6576 -5.5811 2.4691 -11.1569
4 16 -8.9232 2.4691 -8.9232 -5.5811 2.4691 -11.1569 -6.1198 3.4709 -11.0903 -7.5383 3.4713 -10.1424
3 16 -6.1198 3.4709 -11.0903 -6.933 3.656 -10.699 -7.5383 3.4713 -10.1424
4 16 -8.1568 1.1718 -8.1568 -8.9232 2.4691 -8.9232 -11.6592 2.4691 -4.8296 -10.6576 1.1718 -4.4144
4 16 -9.192 4 -9.192 -12.0104 4 -4.9752 -11.6592 2.4691 -4.8296 -8.9232 2.4691 -8.9232
4 16 -10.6576 1.1718 -4.4144 -11.6592 2.4691 -4.8296 -12.6192 2.4691 0 -11.5352 1.1718 0
4 16 -12.0104 4 -4.9752 -13 4 0 -12.6192 2.4691 0 -11.6592 2.4691 -4.8296
3 16 -12.6192 2.4691 0 -11.6592 2.4691 4.8296 -11.5352 1.1718 0
4 16 -11.6592 2.4691 4.8296 -12.6192 2.4691 0 -13 4 0 -12.0104 4 4.9752
3 16 -11.6592 2.4691 4.8296 -12.0104 4 4.9752 -9.192 4 9.192
3 16 -9.615 -1.382 -9.257 -9.072 -4.437 -7.847 -10.851 -2.739 -7.163
3 16 -9.615 -1.382 -9.257 -8.062 -2.079 -10.093 -9.072 -4.437 -7.847
4 16 -9.072 -4.437 -7.847 -9.961 -6.392 -5.171 -12.134 -4.097 -4.497 -10.851 -2.739 -7.163
3 16 -8.582 .588 -10.793 -8.062 -2.079 -10.093 -9.615 -1.382 -9.257
3 16 -8.582 .588 -10.793 -7.392 -.063 -11.414 -8.062 -2.079 -10.093
3 16 -7.834 2.019 -11.155 -7.392 -.063 -11.414 -8.582 .588 -10.793
3 16 -7.834 2.019 -11.155 -6.823 1.418 -11.74 -7.392 -.063 -11.414
3 16 -6.1198 3.4709 -11.0903 -6.823 1.418 -11.74 -7.834 2.019 -11.155
3 16 -6.1198 3.4709 -11.0903 -7.834 2.019 -11.155 -6.933 3.656 -10.699
3 16 -10.707 -7.801 -1.907 -12.134 -4.097 -4.497 -9.961 -6.392 -5.171
3 16 -10.707 -7.801 -1.907 -13.094 -5.246 -1.324 -12.134 -4.097 -4.497
3 16 -11.126 -8.236 1.382 -13.094 -5.246 -1.324 -10.707 -7.801 -1.907
3 16 -11.126 -8.236 1.382 -13.433 -5.603 1.709 -13.094 -5.246 -1.324
4 16 -11.126 -8.236 1.382 -11.108 -8.196 5.362 -13.398 -5.592 5.356 -13.433 -5.603 1.709
3 16 -10.155 -6.968 10.086 -13.398 -5.592 5.356 -11.108 -8.196 5.362
3 16 -10.155 -6.968 10.086 -12.312 -4.278 9.963 -13.398 -5.592 5.356
3 16 -8.553 -4.915 13.788 -12.312 -4.278 9.963 -10.155 -6.968 10.086
3 16 -8.553 -4.915 13.788 -10.236 -2.316 13.699 -12.312 -4.278 9.963
3 16 -7 -3.292 15.874 -10.236 -2.316 13.699 -8.553 -4.915 13.788
3 16 -7 -3.292 15.874 -8.326 -.693 15.669 -10.236 -2.316 13.699
3 16 -7 -3.292 15.874 -5.798 -.374 17.124 -8.326 -.693 15.669
3 16 -7 -3.292 15.874 -5.268 -1.559 17.132 -5.798 -.374 17.124
3 16 -5.798 -.374 17.124 -6.172 .85 16.815 -8.326 -.693 15.669
3 16 9.192 4 9.192 11.6592 2.4691 4.8296 10.902 -2.5741 5.6159
3 16 10.902 -2.5741 5.6159 8.3438 -3.0607 9.4438 9.192 4 9.192
3 16 11.5352 1.1718 0 10.902 -2.5741 5.6159 11.6592 2.4691 4.8296
3 16 11.5352 1.1718 0 11.8 -2 1.1 10.902 -2.5741 5.6159
3 16 11.5352 1.1718 0 10.902 -1.426 -3.4159 11.8 -2 1.1
3 16 10.6576 1.1718 -4.4144 10.902 -1.426 -3.4159 11.5352 1.1718 0
3 16 8.1568 1.1718 -8.1568 8.3438 -.9394 -7.2438 10.902 -1.426 -3.4159
3 16 10.902 -1.426 -3.4159 10.6576 1.1718 -4.4144 8.1568 1.1718 -8.1568
5 24 10.902 -1.426 -3.4159 8.1568 1.1718 -8.1568 10.6576 1.1718 -4.4144 8.3438 -.9394 -7.2438
3 16 4.4144 1.1718 -10.6576 8.3438 -.9394 -7.2438 8.1568 1.1718 -8.1568
3 16 4.4144 1.1718 -10.6576 4.5159 -.6142 -9.802 8.3438 -.9394 -7.2438
3 16 0 1.1718 -11.5352 4.5159 -.6142 -9.802 4.4144 1.1718 -10.6576
3 16 4.5159 -.6142 -9.802 0 1.1718 -11.5352 0 -.5 -10.7
3 16 0 -.5 -10.7 3.4443 -4.0761 -8.3151 4.5159 -.6142 -9.802
5 24 0 -.5 -10.7 4.5159 -.6142 -9.802 3.4443 -4.0761 -8.3151 0 1.1718 -11.5352
3 16 0 -.5 -10.7 0 1.1718 -11.5352 -4.4144 1.1718 -10.6576
3 16 -4.5159 -.6142 -9.802 0 -.5 -10.7 -4.4144 1.1718 -10.6576
3 16 -4.5159 -.6142 -9.802 -4.4144 1.1718 -10.6576 -8.1568 1.1718 -8.1568
3 16 -8.3438 -.9394 -7.2438 -4.5159 -.6142 -9.802 -8.1568 1.1718 -8.1568
3 16 -8.3438 -.9394 -7.2438 -8.1568 1.1718 -8.1568 -10.6576 1.1718 -4.4144
3 16 -10.6576 1.1718 -4.4144 -10.902 -1.426 -3.4159 -8.3438 -.9394 -7.2438
3 16 -10.6576 1.1718 -4.4144 -11.5352 1.1718 0 -10.902 -1.426 -3.4159
3 16 -11.5352 1.1718 0 -11.8 -2 1.1 -10.902 -1.426 -3.4159
3 16 -11.5352 1.1718 0 -11.6592 2.4691 4.8296 -11.8 -2 1.1
3 16 -11.6592 2.4691 4.8296 -10.902 -2.5741 5.6159 -11.8 -2 1.1
3 16 -10.902 -2.5741 5.6159 -11.6592 2.4691 4.8296 -9.192 4 9.192
3 16 -9.192 4 9.192 -8.3438 -3.0607 9.4438 -10.902 -2.5741 5.6159
3 16 15.004 8.926 5.968 14.516 9.028 3.349 14.376 9.901 5.737
4 16 15.004 8.926 5.968 15.081 8.319 3.417 14.597 8.58 1.647 14.516 9.028 3.349
3 16 15.081 8.319 3.417 14.932 7.994 1.106 14.597 8.58 1.647
3 16 14.376 9.901 5.737 14.013 9.998 9.638 15.004 8.926 5.968
3 16 14.376 9.901 5.737 13.277 11.093 9.343 14.013 9.998 9.638
3 16 13.277 11.093 9.343 12.299 11.175 12.901 14.013 9.998 9.638
3 16 13.277 11.093 9.343 11.55 12.095 12.367 12.299 11.175 12.901
3 16 11.55 12.095 12.367 9.989 12.177 15.258 12.299 11.175 12.901
3 16 11.55 12.095 12.367 9.495 12.887 14.562 9.989 12.177 15.258
3 16 9.495 12.887 14.562 7.881 12.919 16.47 9.989 12.177 15.258
3 16 9.495 12.887 14.562 7.527 13.458 15.781 7.881 12.919 16.47
4 16 7.881 12.919 16.47 7.527 13.458 15.781 5.981 13.845 16.27 6.213 13.383 16.922
3 16 5.981 13.845 16.27 4.672 13.675 17.136 6.213 13.383 16.922
3 16 5.981 13.845 16.27 4.865 14.278 16.617 4.672 13.675 17.136
4 16 -6.933 3.656 -10.699 -7.834 2.019 -11.155 -8.256 2.192 -10.496 -7.5383 3.4713 -10.1424
3 16 -8.256 2.192 -10.496 -7.834 2.019 -11.155 -8.582 .588 -10.793
3 16 -8.256 2.192 -10.496 -8.582 .588 -10.793 -8.963 .795 -10.285
3 16 -8.963 .795 -10.285 -8.582 .588 -10.793 -9.615 -1.382 -9.257
3 16 -8.963 .795 -10.285 -9.615 -1.382 -9.257 -10.135 -.719 -8.746
3 16 -10.851 -2.739 -7.163 -10.135 -.719 -8.746 -9.615 -1.382 -9.257
3 16 -10.851 -2.739 -7.163 -11.315 -1.684 -6.407 -10.135 -.719 -8.746
3 16 -11.315 -1.684 -6.407 -10.851 -2.739 -7.163 -12.134 -4.097 -4.497
3 16 -11.315 -1.684 -6.407 -12.134 -4.097 -4.497 -12.31 -2.762 -2.811
3 16 -12.134 -4.097 -4.497 -13.094 -5.246 -1.324 -13.005 -3.658 -1.1
3 16 -13.005 -3.658 -1.1 -12.31 -2.762 -2.811 -12.134 -4.097 -4.497
3 16 -13.094 -5.246 -1.324 -13.37 -4.234 1.765 -13.005 -3.658 -1.1
3 16 -13.094 -5.246 -1.324 -13.433 -5.603 1.709 -13.37 -4.234 1.765
4 16 -13.37 -4.234 1.765 -13.433 -5.603 1.709 -13.398 -5.592 5.356 -13.349 -4.315 5.101
3 16 -13.398 -5.592 5.356 -12.239 -3.38 9.594 -13.349 -4.315 5.101
3 16 -13.398 -5.592 5.356 -12.312 -4.278 9.963 -12.239 -3.38 9.594
3 16 -10.236 -2.316 13.699 -12.239 -3.38 9.594 -12.312 -4.278 9.963
3 16 -10.236 -2.316 13.699 -10.076 -1.578 13.206 -12.239 -3.38 9.594
3 16 -8.326 -.693 15.669 -10.076 -1.578 13.206 -10.236 -2.316 13.699
3 16 -8.326 -.693 15.669 -8.157 -.028 15.088 -10.076 -1.578 13.206
3 16 -6.172 .85 16.815 -8.157 -.028 15.088 -8.326 -.693 15.669
3 16 -6.172 .85 16.815 -6.138 1.487 16.222 -8.157 -.028 15.088
3 16 -6.3639 -4.2929 -6.3639 -8.3438 -.9394 -7.2438 -8.3151 -4.6173 -3.4443
3 16 -8.3438 -.9394 -7.2438 -6.3639 -4.2929 -6.3639 -4.5159 -.6142 -9.802
3 16 -4.5159 -.6142 -9.802 -6.3639 -4.2929 -6.3639 -3.4443 -4.0761 -8.3151
4 16 -3.4443 -4.0761 -8.3151 0 -4 -9 0 -.5 -10.7 -4.5159 -.6142 -9.802
3 16 0 -4 -9 3.4443 -4.0761 -8.3151 0 -.5 -10.7
3 16 3.4443 -4.0761 -8.3151 8.3438 -.9394 -7.2438 4.5159 -.6142 -9.802
3 16 3.4443 -4.0761 -8.3151 6.3639 -4.2929 -6.3639 8.3438 -.9394 -7.2438
3 16 10.902 -1.426 -3.4159 8.3438 -.9394 -7.2438 6.3639 -4.2929 -6.3639
3 16 10.902 -1.426 -3.4159 6.3639 -4.2929 -6.3639 8.3151 -4.6173 -3.4443
3 16 10.902 -1.426 -3.4159 8.3151 -4.6173 -3.4443 9 -5 0
3 16 10.902 -1.426 -3.4159 9 -5 0 11.8 -2 1.1
4 16 9 -5 0 8.3151 -5.3827 3.4443 10.902 -2.5741 5.6159 11.8 -2 1.1
3 16 8.3438 -3.0607 9.4438 10.902 -2.5741 5.6159 8.3151 -5.3827 3.4443
3 16 8.3438 -3.0607 9.4438 8.3151 -5.3827 3.4443 6.3639 -5.7071 6.3639
3 16 4.5159 -3.3859 12.002 8.3438 -3.0607 9.4438 6.3639 -5.7071 6.3639
3 16 4.5159 -3.3859 12.002 6.3639 -5.7071 6.3639 3.4443 -5.9239 8.3151
4 16 0 -6 9 0 -3.5 12.9 4.5159 -3.3859 12.002 3.4443 -5.9239 8.3151
3 16 -3.4443 -5.9239 8.3151 0 -3.5 12.9 0 -6 9
3 16 -3.4443 -5.9239 8.3151 -4.5159 -3.3859 12.002 0 -3.5 12.9
3 16 -3.4443 -5.9239 8.3151 -6.3639 -5.7071 6.3639 -8.3438 -3.0607 9.4438
3 16 -8.3438 -3.0607 9.4438 -4.5159 -3.3859 12.002 -3.4443 -5.9239 8.3151
3 16 -8.3151 -5.3827 3.4443 -8.3438 -3.0607 9.4438 -6.3639 -5.7071 6.3639
3 16 -8.3151 -5.3827 3.4443 -10.902 -2.5741 5.6159 -8.3438 -3.0607 9.4438
3 16 -10.902 -2.5741 5.6159 -8.3151 -5.3827 3.4443 -11.8 -2 1.1
3 16 -11.8 -2 1.1 -8.3151 -5.3827 3.4443 -9 -5 0
3 16 -9 -5 0 -10.902 -1.426 -3.4159 -11.8 -2 1.1
3 16 -8.3151 -4.6173 -3.4443 -10.902 -1.426 -3.4159 -9 -5 0
3 16 -8.3151 -4.6173 -3.4443 -8.3438 -.9394 -7.2438 -10.902 -1.426 -3.4159
3 16 3.624 -7.471 12.518 2.275 -8.815 10.821 3.844 -8.688 10.571
3 16 3.624 -7.471 12.518 2.407 -7.681 12.635 2.275 -8.815 10.821
3 16 3.624 -7.471 12.518 3.844 -8.688 10.571 5.456 -7.983 10.417
3 16 3.624 -7.471 12.518 5.456 -7.983 10.417 4.628 -6.714 12.762
3 16 1.752 -9.811 8.035 3.844 -8.688 10.571 2.275 -8.815 10.821
3 16 1.752 -9.811 8.035 4.035 -9.909 7.593 3.844 -8.688 10.571
3 16 5.456 -7.983 10.417 3.844 -8.688 10.571 4.035 -9.909 7.593
3 16 5.456 -7.983 10.417 4.035 -9.909 7.593 6.143 -9.099 7.482
3 16 1.167 -10.617 4.48 4.035 -9.909 7.593 1.752 -9.811 8.035
3 16 1.167 -10.617 4.48 4.281 -10.827 3.878 4.035 -9.909 7.593
3 16 .99 -10.799 1.368 4.281 -10.827 3.878 1.167 -10.617 4.48
3 16 .99 -10.799 1.368 4.443 -10.885 .657 4.281 -10.827 3.878
4 16 4.035 -9.909 7.593 4.281 -10.827 3.878 7.013 -9.822 3.656 6.143 -9.099 7.482
3 16 7.013 -9.822 3.656 4.281 -10.827 3.878 4.443 -10.885 .657
3 16 7.013 -9.822 3.656 4.443 -10.885 .657 7.281 -9.476 .319
3 16 .927 -10.292 -1.819 4.443 -10.885 .657 .99 -10.799 1.368
3 16 .927 -10.292 -1.819 4.385 -10.027 -2.812 4.443 -10.885 .657
4 16 7.142 -8.677 -3.024 7.281 -9.476 .319 4.443 -10.885 .657 4.385 -10.027 -2.812
3 16 .844 -9.225 -4.992 4.385 -10.027 -2.812 .927 -10.292 -1.819
3 16 .844 -9.225 -4.992 4.284 -9.094 -4.8 4.385 -10.027 -2.812
3 16 2.897 -7.961 -7.716 4.284 -9.094 -4.8 .844 -9.225 -4.992
3 16 2.897 -7.961 -7.716 .844 -9.225 -4.992 .631 -8.027 -7.46
3 16 7.142 -8.677 -3.024 4.385 -10.027 -2.812 4.284 -9.094 -4.8
3 16 2.322 -6.748 -9.754 2.897 -7.961 -7.716 .631 -8.027 -7.46
3 16 2.322 -6.748 -9.754 .631 -8.027 -7.46 .343 -6.731 -9.443
3 16 2.322 -6.748 -9.754 .343 -6.731 -9.443 .106 -4.394 -11.832
3 16 .106 -4.394 -11.832 1.641 -4.245 -12.023 2.322 -6.748 -9.754
3 16 -.139 -1.778 -13.301 1.641 -4.245 -12.023 .106 -4.394 -11.832
3 16 -.139 -1.778 -13.301 1.131 -1.643 -13.399 1.641 -4.245 -12.023
3 16 .71 1.051 -13.823 1.131 -1.643 -13.399 -.139 -1.778 -13.301
3 16 .71 1.051 -13.823 -.139 -1.778 -13.301 -.347 1.178 -13.756
3 16 .5275 2.8643 -12.6126 .71 1.051 -13.823 -.347 1.178 -13.756
3 16 0 2.8886 -12.7235 .5275 2.8643 -12.6126 -.347 1.178 -13.756
3 16 -.473 2.9594 -12.6471 0 2.8886 -12.7235 -.347 1.178 -13.756
3 16 7.142 -8.677 -3.024 4.284 -9.094 -4.8 6.85 -7.615 -5.884
3 16 4.685 -7.369 -8.112 6.85 -7.615 -5.884 4.284 -9.094 -4.8
3 16 4.685 -7.369 -8.112 6.272 -6.655 -7.975 6.85 -7.615 -5.884
3 16 6.272 -6.655 -7.975 4.685 -7.369 -8.112 4.344 -6.225 -9.879
3 16 4.344 -6.225 -9.879 5.628 -5.481 -9.751 6.272 -6.655 -7.975
3 16 5.628 -5.481 -9.751 4.344 -6.225 -9.879 3.605 -3.827 -11.938
3 16 5.628 -5.481 -9.751 3.605 -3.827 -11.938 4.805 -3.27 -11.811
4 16 3.605 -3.827 -11.938 2.875 -1.17 -13.378 3.959 -.611 -13.272 4.805 -3.27 -11.811
3 16 3.959 -.611 -13.272 2.875 -1.17 -13.378 2.209 1.31 -13.559
3 16 3.959 -.611 -13.272 2.209 1.31 -13.559 3.293 1.565 -13.37
3 16 3.293 1.565 -13.37 2.209 1.31 -13.559 1.8068 2.837 -12.3516
3 16 3.293 1.565 -13.37 1.8068 2.837 -12.3516 2.8652 2.9613 -12.1721
3 16 -7.872 -9.534 -1.853 -9.373 -8.086 1.543 -9.264 -7.652 -1.526
3 16 -7.872 -9.534 -1.853 -7.891 -10.017 1.586 -9.373 -8.086 1.543
3 16 -7.595 -7.891 -5.457 -7.872 -9.534 -1.853 -9.264 -7.652 -1.526
3 16 -7.595 -7.891 -5.457 -9.264 -7.652 -1.526 -8.809 -6.28 -4.782
3 16 -7.01 -5.684 -8.661 -7.595 -7.891 -5.457 -8.809 -6.28 -4.782
3 16 -7.01 -5.684 -8.661 -8.809 -6.28 -4.782 -8.122 -4.26 -7.882
4 16 -8.122 -4.26 -7.882 -7.449 -2.29 -9.891 -6.293 -3.138 -11.056 -7.01 -5.684 -8.661
3 16 -6.801 -.29 -11.158 -6.293 -3.138 -11.056 -7.449 -2.29 -9.891
3 16 -6.801 -.29 -11.158 -5.756 -.848 -12.425 -6.293 -3.138 -11.056
3 16 -6.314 1.1 -11.5 -5.756 -.848 -12.425 -6.801 -.29 -11.158
3 16 -6.314 1.1 -11.5 -5.276 .947 -12.663 -5.756 -.848 -12.425
3 16 -5.5811 2.4691 -11.1569 -5.276 .947 -12.663 -6.314 1.1 -11.5
3 16 -5.5811 2.4691 -11.1569 -4.8869 3.0712 -11.7973 -5.276 .947 -12.663
4 16 -9.373 -8.086 1.543 -7.891 -10.017 1.586 -7.863 -9.853 5.256 -9.279 -7.987 5.11
3 16 -7.437 -8.361 10.015 -9.279 -7.987 5.11 -7.863 -9.853 5.256
3 16 -7.437 -8.361 10.015 -8.619 -6.898 9.842 -9.279 -7.987 5.11
3 16 -6.67 -6.237 13.543 -8.619 -6.898 9.842 -7.437 -8.361 10.015
3 16 -6.67 -6.237 13.543 -7.402 -5.175 13.452 -8.619 -6.898 9.842
3 16 -5.717 -4.466 15.251 -7.402 -5.175 13.452 -6.67 -6.237 13.543
3 16 -5.717 -4.466 15.251 -6.186 -3.796 15.296 -7.402 -5.175 13.452
3 16 -4.593 -2.628 16.493 -6.186 -3.796 15.296 -5.717 -4.466 15.251
3 16 -4.593 -2.628 16.493 -4.791 -2.315 16.574 -6.186 -3.796 15.296
3 16 -4.546 -10.253 5.4 -5.358 -9.144 5.326 -5.712 -9.369 1.782
3 16 -5.712 -9.369 1.782 -4.65 -10.464 1.904 -4.546 -10.253 5.4
4 16 -4.65 -10.464 1.904 -5.712 -9.369 1.782 -5.827 -8.907 -1.468 -4.689 -10.05 -1.386
3 16 -4.663 -8.723 -4.854 -4.689 -10.05 -1.386 -5.827 -8.907 -1.468
3 16 -4.663 -8.723 -4.854 -5.827 -8.907 -1.468 -5.725 -7.778 -4.704
3 16 -4.611 -6.516 -8.497 -4.663 -8.723 -4.854 -5.725 -7.778 -4.704
3 16 -4.611 -6.516 -8.497 -5.725 -7.778 -4.704 -5.471 -5.736 -8.195
3 16 -4.464 -3.891 -11.114 -4.611 -6.516 -8.497 -5.471 -5.736 -8.195
3 16 -4.464 -3.891 -11.114 -5.471 -5.736 -8.195 -5.193 -3.27 -10.628
3 16 -4.83 -.985 -12.13 -4.464 -3.891 -11.114 -5.193 -3.27 -10.628
3 16 -4.83 -.985 -12.13 -4.225 -1.218 -12.892 -4.464 -3.891 -11.114
3 16 -4.487 .778 -12.432 -4.225 -1.218 -12.892 -4.83 -.985 -12.13
3 16 -4.487 .778 -12.432 -3.846 1.038 -13.087 -4.225 -1.218 -12.892
3 16 -3.846 1.038 -13.087 -4.487 .778 -12.432 -3.9498 2.4691 -11.8341
3 16 -3.846 1.038 -13.087 -3.9498 2.4691 -11.8341 -3.3597 2.7424 -12.0192
4 16 -4.546 -10.253 5.4 -3.86 -8.976 9.499 -4.698 -7.898 9.276 -5.358 -9.144 5.326
4 16 -3.86 -8.976 9.499 -2.78 -7.135 13.28 -3.717 -5.87 13.064 -4.698 -7.898 9.276
3 16 -2.78 -7.135 13.28 -2.994 -4.098 15.021 -3.717 -5.87 13.064
3 16 -2.78 -7.135 13.28 -1.609 -5.561 15.941 -2.994 -4.098 15.021
3 16 -1.88 -4.372 16.25 -2.994 -4.098 15.021 -1.609 -5.561 15.941
3 16 .176 -3.082 18.679 -1.88 -4.372 16.25 -1.609 -5.561 15.941
3 16 .176 -3.082 18.679 -.384 -2.163 18.319 -1.88 -4.372 16.25
4 16 -.384 -2.163 18.319 .176 -3.082 18.679 1.363 -.575 19.614 -.129 -.914 18.538
3 16 4.628 -6.714 12.762 6.006 -7.145 10.367 5.164 -6.003 12.784
3 16 4.628 -6.714 12.762 5.456 -7.983 10.417 6.006 -7.145 10.367
3 16 5.456 -7.983 10.417 6.821 -8.102 7.474 6.006 -7.145 10.367
3 16 5.456 -7.983 10.417 6.143 -9.099 7.482 6.821 -8.102 7.474
3 16 6.143 -9.099 7.482 7.699 -8.757 3.673 6.821 -8.102 7.474
3 16 6.143 -9.099 7.482 7.013 -9.822 3.656 7.699 -8.757 3.673
3 16 7.281 -9.476 .319 7.699 -8.757 3.673 7.013 -9.822 3.656
3 16 7.281 -9.476 .319 7.95 -8.585 .392 7.699 -8.757 3.673
3 16 7.95 -8.585 .392 7.281 -9.476 .319 7.142 -8.677 -3.024
3 16 7.95 -8.585 .392 7.142 -8.677 -3.024 7.836 -7.772 -2.747
3 16 6.85 -7.615 -5.884 7.836 -7.772 -2.747 7.142 -8.677 -3.024
3 16 6.85 -7.615 -5.884 7.419 -6.386 -5.944 7.836 -7.772 -2.747
3 16 5.164 -6.003 12.784 3.484 -5.795 14.565 4.628 -6.714 12.762
3 16 5.164 -6.003 12.784 4.228 -4.858 14.778 3.484 -5.795 14.565
3 16 6.85 -7.615 -5.884 6.272 -6.655 -7.975 7.419 -6.386 -5.944
3 16 6.311 -4.306 -9.366 7.419 -6.386 -5.944 6.272 -6.655 -7.975
3 16 6.311 -4.306 -9.366 6.272 -6.655 -7.975 5.628 -5.481 -9.751
3 16 6.311 -4.306 -9.366 5.628 -5.481 -9.751 4.805 -3.27 -11.811
3 16 6.311 -4.306 -9.366 4.805 -3.27 -11.811 5.395 -2.448 -11.332
3 16 5.395 -2.448 -11.332 4.805 -3.27 -11.811 3.959 -.611 -13.272
3 16 5.395 -2.448 -11.332 3.959 -.611 -13.272 4.55 -.26 -12.641
3 16 4.058 1.403 -12.534 4.55 -.26 -12.641 3.959 -.611 -13.272
3 16 4.058 1.403 -12.534 3.959 -.611 -13.272 3.293 1.565 -13.37
3 16 3.7115 2.4691 -11.8815 4.058 1.403 -12.534 3.293 1.565 -13.37
3 16 3.7115 2.4691 -11.8815 3.293 1.565 -13.37 2.8652 2.9613 -12.1721
3 16 5.164 -6.003 12.784 7.429 -7.174 11.288 6.04 -5.719 13.981
3 16 5.164 -6.003 12.784 6.006 -7.145 10.367 7.429 -7.174 11.288
3 16 6.006 -7.145 10.367 8.299 -8.245 7.799 7.429 -7.174 11.288
3 16 6.006 -7.145 10.367 6.821 -8.102 7.474 8.299 -8.245 7.799
3 16 7.699 -8.757 3.673 8.299 -8.245 7.799 6.821 -8.102 7.474
3 16 7.699 -8.757 3.673 8.976 -8.797 3.726 8.299 -8.245 7.799
3 16 7.95 -8.585 .392 8.976 -8.797 3.726 7.699 -8.757 3.673
3 16 7.95 -8.585 .392 9.153 -8.646 .337 8.976 -8.797 3.726
4 16 7.95 -8.585 .392 7.836 -7.772 -2.747 8.993 -7.795 -2.964 9.153 -8.646 .337
3 16 7.419 -6.386 -5.944 8.993 -7.795 -2.964 7.836 -7.772 -2.747
3 16 7.419 -6.386 -5.944 8.338 -6.383 -6.319 8.993 -7.795 -2.964
3 16 6.311 -4.306 -9.366 8.338 -6.383 -6.319 7.419 -6.386 -5.944
3 16 6.311 -4.306 -9.366 7.095 -4.25 -9.735 8.338 -6.383 -6.319
3 16 5.395 -2.448 -11.332 7.095 -4.25 -9.735 6.311 -4.306 -9.366
3 16 5.395 -2.448 -11.332 6.177 -2.255 -11.808 7.095 -4.25 -9.735
3 16 6.177 -2.255 -11.808 5.395 -2.448 -11.332 4.55 -.26 -12.641
3 16 6.177 -2.255 -11.808 4.55 -.26 -12.641 5.245 .039 -12.954
3 16 5.245 .039 -12.954 4.55 -.26 -12.641 4.058 1.403 -12.534
3 16 5.245 .039 -12.954 4.058 1.403 -12.534 4.602 1.739 -12.638
3 16 4.602 1.739 -12.638 4.058 1.403 -12.534 3.7115 2.4691 -11.8815
3 16 4.602 1.739 -12.638 3.7115 2.4691 -11.8815 4.2292 2.9132 -11.8889
4 16 7.429 -7.174 11.288 9.74 -5.133 11.514 7.91 -3.636 14.612 6.04 -5.719 13.981
3 16 8.299 -8.245 7.799 9.74 -5.133 11.514 7.429 -7.174 11.288
3 16 8.299 -8.245 7.799 11.065 -6.126 7.924 9.74 -5.133 11.514
4 16 8.299 -8.245 7.799 8.976 -8.797 3.726 11.934 -6.54 3.762 11.065 -6.126 7.924
3 16 11.934 -6.54 3.762 8.976 -8.797 3.726 9.153 -8.646 .337
3 16 11.934 -6.54 3.762 9.153 -8.646 .337 11.985 -6.241 .438
4 16 11.615 -5.561 -3.014 11.985 -6.241 .438 9.153 -8.646 .337 8.993 -7.795 -2.964
4 16 10.645 -4.336 -6.413 11.615 -5.561 -3.014 8.993 -7.795 -2.964 8.338 -6.383 -6.319
4 16 8.338 -6.383 -6.319 7.095 -4.25 -9.735 9.277 -2.7 -9.451 10.645 -4.336 -6.413
3 16 9.277 -2.7 -9.451 7.095 -4.25 -9.735 6.177 -2.255 -11.808
3 16 6.177 -2.255 -11.808 8.022 -1.023 -11.415 9.277 -2.7 -9.451
3 16 6.898 .906 -12.484 8.022 -1.023 -11.415 6.177 -2.255 -11.808
3 16 6.898 .906 -12.484 6.177 -2.255 -11.808 5.245 .039 -12.954
3 16 4.602 1.739 -12.638 6.898 .906 -12.484 5.245 .039 -12.954
3 16 4.602 1.739 -12.638 6.058 2.326 -12.2 6.898 .906 -12.484
3 16 4.8825 3.0252 -11.7868 5.49 3.1996 -11.4318 6.058 2.326 -12.2
4 16 4.602 1.739 -12.638 4.2292 2.9132 -11.8889 4.8825 3.0252 -11.7868 6.058 2.326 -12.2
3 16 14.053 9.46 3.216 14.108 10.395 4.771 14.516 9.028 3.349
3 16 14.053 9.46 3.216 13.702 11.007 4.533 14.108 10.395 4.771
3 16 14.516 9.028 3.349 14.233 9.019 1.579 14.053 9.46 3.216
3 16 14.516 9.028 3.349 14.597 8.58 1.647 14.233 9.019 1.579
3 16 14.108 10.395 4.771 14.376 9.901 5.737 14.516 9.028 3.349
3 16 14.108 10.395 4.771 13.984 11.469 6.11 14.376 9.901 5.737
3 16 13.984 11.469 6.11 13.277 11.093 9.343 14.376 9.901 5.737
3 16 13.984 11.469 6.11 13.253 12.895 8.981 13.277 11.093 9.343
3 16 13.253 12.895 8.981 11.55 12.095 12.367 13.277 11.093 9.343
3 16 13.253 12.895 8.981 11.686 13.964 12.133 11.55 12.095 12.367
3 16 9.955 14.616 14.037 11.55 12.095 12.367 11.686 13.964 12.133
3 16 9.955 14.616 14.037 9.495 12.887 14.562 11.55 12.095 12.367
3 16 9.955 14.616 14.037 7.527 13.458 15.781 9.495 12.887 14.562
3 16 9.955 14.616 14.037 7.808 15.478 15.419 7.527 13.458 15.781
3 16 6.337 15.429 15.908 7.527 13.458 15.781 7.808 15.478 15.419
3 16 6.337 15.429 15.908 5.981 13.845 16.27 7.527 13.458 15.781
3 16 5.522 15.611 16.138 5.981 13.845 16.27 6.337 15.429 15.908
3 16 5.522 15.611 16.138 4.865 14.278 16.617 5.981 13.845 16.27
3 16 11.487 -2.691 12.216 7.901 -2.736 14.179 9.703 -4.233 11.162
3 16 11.487 -2.691 12.216 8.993 -1.145 15.415 7.901 -2.736 14.179
3 16 9.703 -4.233 11.162 12.939 -3.854 8.477 11.487 -2.691 12.216
3 16 9.703 -4.233 11.162 11.079 -5.174 7.757 12.939 -3.854 8.477
4 16 12.939 -3.854 8.477 11.079 -5.174 7.757 12.013 -5.696 3.79 13.778 -4.458 4.423
3 16 12.013 -5.696 3.79 13.847 -4.386 .987 13.778 -4.458 4.423
3 16 12.013 -5.696 3.79 12.132 -5.469 .557 13.847 -4.386 .987
4 16 11.834 -4.852 -2.947 13.42 -3.888 -2.512 13.847 -4.386 .987 12.132 -5.469 .557
3 16 11.834 -4.852 -2.947 12.29 -2.837 -5.924 13.42 -3.888 -2.512
3 16 11.834 -4.852 -2.947 10.857 -3.643 -6.157 12.29 -2.837 -5.924
3 16 10.839 -1.311 -8.784 12.29 -2.837 -5.924 10.857 -3.643 -6.157
3 16 10.839 -1.311 -8.784 10.857 -3.643 -6.157 9.516 -2.022 -9.072
3 16 9.463 .19 -10.726 10.839 -1.311 -8.784 9.516 -2.022 -9.072
3 16 9.463 .19 -10.726 9.516 -2.022 -9.072 8.351 -.475 -11.022
3 16 8.229 1.705 -11.621 9.463 .19 -10.726 8.351 -.475 -11.022
3 16 8.229 1.705 -11.621 8.351 -.475 -11.022 7.235 1.177 -11.945
3 16 7.342 2.749 -11.453 8.229 1.705 -11.621 7.235 1.177 -11.945
3 16 7.342 2.749 -11.453 7.235 1.177 -11.945 6.421 2.385 -11.745
3 16 6.421 2.385 -11.745 5.9101 3.0752 -11.1146 6.6725 3.4872 -10.7258
3 16 6.6725 3.4872 -10.7258 7.342 2.749 -11.453 6.421 2.385 -11.745
5 24 6.6725 3.4872 -10.7258 6.421 2.385 -11.745 7.342 2.749 -11.453 5.9101 3.0752 -11.1146
3 16 -1.935 -9.76 9.193 -4.546 -10.253 5.4 -2.586 -10.762 5.186
3 16 -1.935 -9.76 9.193 -3.86 -8.976 9.499 -4.546 -10.253 5.4
3 16 -2.586 -10.762 5.186 .359 -9.722 8.508 -1.935 -9.76 9.193
3 16 -2.586 -10.762 5.186 -.334 -10.514 4.804 .359 -9.722 8.508
3 16 -4.65 -10.464 1.904 -2.586 -10.762 5.186 -4.546 -10.253 5.4
3 16 -4.65 -10.464 1.904 -2.831 -10.997 1.723 -2.586 -10.762 5.186
3 16 -2.831 -10.997 1.723 -.334 -10.514 4.804 -2.586 -10.762 5.186
3 16 -2.831 -10.997 1.723 -.697 -10.712 1.532 -.334 -10.514 4.804
3 16 -4.65 -10.464 1.904 -4.689 -10.05 -1.386 -3.065 -10.62 -1.577
3 16 -3.065 -10.62 -1.577 -2.831 -10.997 1.723 -4.65 -10.464 1.904
3 16 -4.663 -8.723 -4.854 -3.065 -10.62 -1.577 -4.689 -10.05 -1.386
3 16 -4.663 -8.723 -4.854 -3.261 -9.183 -5.209 -3.065 -10.62 -1.577
3 16 -1.096 -10.432 -1.614 -2.831 -10.997 1.723 -3.065 -10.62 -1.577
3 16 -1.096 -10.432 -1.614 -.697 -10.712 1.532 -2.831 -10.997 1.723
3 16 -4.611 -6.516 -8.497 -3.261 -9.183 -5.209 -4.663 -8.723 -4.854
3 16 -4.611 -6.516 -8.497 -3.346 -6.826 -8.943 -3.261 -9.183 -5.209
3 16 -1.518 -9.169 -5.378 -3.065 -10.62 -1.577 -3.261 -9.183 -5.209
3 16 -1.518 -9.169 -5.378 -1.096 -10.432 -1.614 -3.065 -10.62 -1.577
3 16 -3.346 -6.826 -8.943 -1.518 -9.169 -5.378 -3.261 -9.183 -5.209
3 16 -4.464 -3.891 -11.114 -3.346 -6.826 -8.943 -4.611 -6.516 -8.497
3 16 -4.464 -3.891 -11.114 -3.253 -4.215 -11.449 -3.346 -6.826 -8.943
3 16 -3.253 -4.215 -11.449 -4.464 -3.891 -11.114 -4.225 -1.218 -12.892
3 16 -4.225 -1.218 -12.892 -3.071 -1.474 -13.065 -3.253 -4.215 -11.449
3 16 -2.897 .984 -13.327 -3.071 -1.474 -13.065 -4.225 -1.218 -12.892
3 16 -2.897 .984 -13.327 -4.225 -1.218 -12.892 -3.846 1.038 -13.087
3 16 -2.897 .984 -13.327 -3.846 1.038 -13.087 -3.3597 2.7424 -12.0192
3 16 -2.897 .984 -13.327 -3.3597 2.7424 -12.0192 -2.6911 2.8931 -12.1896
3 16 -1.7615 2.7513 -12.3391 -2.897 .984 -13.327 -2.6911 2.8931 -12.1896
3 16 -1.7615 2.7513 -12.3391 -1.795 .865 -13.377 -2.897 .984 -13.327
3 16 -1.795 .865 -13.377 -3.071 -1.474 -13.065 -2.897 .984 -13.327
3 16 -1.795 .865 -13.377 -1.732 -1.698 -13.06 -3.071 -1.474 -13.065
3 16 -1.732 -1.698 -13.06 -3.253 -4.215 -11.449 -3.071 -1.474 -13.065
3 16 -1.732 -1.698 -13.06 -1.771 -4.378 -11.569 -3.253 -4.215 -11.449
3 16 -3.346 -6.826 -8.943 -1.773 -6.846 -9.187 -1.518 -9.169 -5.378
4 16 -1.771 -4.378 -11.569 -1.773 -6.846 -9.187 -3.346 -6.826 -8.943 -3.253 -4.215 -11.449
3 16 11.815 -1.002 12.155 14.303 -1.036 9.233 12.907 .588 13.033
3 16 11.815 -1.002 12.155 13.063 -2.418 8.396 14.303 -1.036 9.233
3 16 13.063 -2.418 8.396 14.834 -2.025 5.008 14.303 -1.036 9.233
3 16 13.063 -2.418 8.396 13.667 -3.015 4.456 14.834 -2.025 5.008
3 16 13.667 -3.015 4.456 14.767 -2.09 1.517 14.834 -2.025 5.008
3 16 13.667 -3.015 4.456 13.564 -2.954 1.204 14.767 -2.09 1.517
3 16 13.564 -2.954 1.204 14.28 -1.861 -2.048 14.767 -2.09 1.517
3 16 13.564 -2.954 1.204 13.087 -2.509 -2.146 14.28 -1.861 -2.048
3 16 13.087 -2.509 -2.146 12.939 -1.003 -5.478 14.28 -1.861 -2.048
3 16 13.087 -2.509 -2.146 12.163 -1.648 -5.426 12.939 -1.003 -5.478
3 16 11.657 .154 -8.083 12.939 -1.003 -5.478 12.163 -1.648 -5.426
3 16 11.657 .154 -8.083 12.163 -1.648 -5.426 10.819 -.438 -8.268
3 16 10.709 1.199 -9.807 11.657 .154 -8.083 10.819 -.438 -8.268
3 16 10.709 1.199 -9.807 10.819 -.438 -8.268 9.625 .709 -9.936
3 16 9.665 2.286 -10.788 10.709 1.199 -9.807 9.625 .709 -9.936
3 16 9.665 2.286 -10.788 9.625 .709 -9.936 8.642 1.834 -10.738
3 16 8.572 3.185 -10.753 9.665 2.286 -10.788 8.642 1.834 -10.738
3 16 8.572 3.185 -10.753 8.642 1.834 -10.738 7.838 2.782 -10.68
3 16 7.659 3.744 -10.198 8.572 3.185 -10.753 7.838 2.782 -10.68
3 16 7.659 3.744 -10.198 7.838 2.782 -10.68 7.2955 3.4612 -10.3017
3 16 14.388 4.718 10.013 15.947 5.737 6.408 14.739 6.929 10.319
3 16 14.388 4.718 10.013 15.53 3.781 5.941 15.947 5.737 6.408
3 16 15.53 3.781 5.941 15.947 5.188 2.455 15.947 5.737 6.408
3 16 15.53 3.781 5.941 15.512 3.451 2.464 15.947 5.188 2.455
4 16 14.942 3.199 -1.075 15.348 4.752 -.974 15.947 5.188 2.455 15.512 3.451 2.464
3 16 14.942 3.199 -1.075 14.51 4.445 -4.051 15.348 4.752 -.974
3 16 14.942 3.199 -1.075 14.088 3.311 -4.337 14.51 4.445 -4.051
4 16 13.1 3.541 -6.751 13.557 4.578 -6.338 14.51 4.445 -4.051 14.088 3.311 -4.337
3 16 13.1 3.541 -6.751 12.717 4.945 -7.476 13.557 4.578 -6.338
3 16 13.1 3.541 -6.751 12.201 3.982 -8.035 12.717 4.945 -7.476
3 16 12.201 3.982 -8.035 11.989 5.356 -8.098 12.717 4.945 -7.476
3 16 12.201 3.982 -8.035 11.418 4.427 -8.723 11.989 5.356 -8.098
3 16 11.418 4.427 -8.723 11.427 5.754 -8.22 11.989 5.356 -8.098
3 16 11.418 4.427 -8.723 10.586 4.923 -8.82 11.427 5.754 -8.22
3 16 14.739 6.929 10.319 12.546 5.708 13.185 14.388 4.718 10.013
3 16 14.739 6.929 10.319 12.701 8.297 13.675 12.546 5.708 13.185
3 16 12.701 8.297 13.675 9.561 6.937 15.553 12.546 5.708 13.185
3 16 12.701 8.297 13.675 10.153 9.446 16.032 9.561 6.937 15.553
3 16 10.153 9.446 16.032 6.928 7.933 16.953 9.561 6.937 15.553
3 16 10.153 9.446 16.032 7.799 10.345 17.322 6.928 7.933 16.953
3 16 7.799 10.345 17.322 5.661 8.565 17.334 6.928 7.933 16.953
3 16 7.799 10.345 17.322 6.53 10.767 17.62 5.661 8.565 17.334
3 16 5.661 8.565 17.334 6.53 10.767 17.62 5.686 10.971 17.792
3 16 5.661 8.565 17.334 5.686 10.971 17.792 4.879 8.914 17.686
3 16 15.029 7.113 6.136 14.739 6.929 10.319 15.947 5.737 6.408
3 16 15.029 7.113 6.136 13.848 7.998 9.78 14.739 6.929 10.319
3 16 15.947 5.737 6.408 15.155 6.684 2.382 15.029 7.113 6.136
3 16 15.947 5.737 6.408 15.947 5.188 2.455 15.155 6.684 2.382
3 16 15.947 5.188 2.455 14.841 6.249 -.764 15.155 6.684 2.382
3 16 15.947 5.188 2.455 15.348 4.752 -.974 14.841 6.249 -.764
3 16 15.348 4.752 -.974 14.17 5.826 -3.565 14.841 6.249 -.764
3 16 15.348 4.752 -.974 14.51 4.445 -4.051 14.17 5.826 -3.565
3 16 14.51 4.445 -4.051 13.312 5.616 -5.733 14.17 5.826 -3.565
3 16 14.51 4.445 -4.051 13.557 4.578 -6.338 13.312 5.616 -5.733
3 16 13.557 4.578 -6.338 12.631 5.665 -6.974 13.312 5.616 -5.733
3 16 13.557 4.578 -6.338 12.717 4.945 -7.476 12.631 5.665 -6.974
3 16 12.631 5.665 -6.974 12.717 4.945 -7.476 11.989 5.356 -8.098
3 16 12.631 5.665 -6.974 11.989 5.356 -8.098 11.427 5.754 -8.22
3 16 13.848 7.998 9.78 12.701 8.297 13.675 14.739 6.929 10.319
3 16 13.848 7.998 9.78 12.039 9.097 13.042 12.701 8.297 13.675
3 16 12.039 9.097 13.042 10.153 9.446 16.032 12.701 8.297 13.675
3 16 12.039 9.097 13.042 9.709 10.154 15.326 10.153 9.446 16.032
3 16 9.709 10.154 15.326 7.799 10.345 17.322 10.153 9.446 16.032
3 16 9.709 10.154 15.326 7.385 10.967 16.496 7.799 10.345 17.322
3 16 7.385 10.967 16.496 6.53 10.767 17.62 7.799 10.345 17.322
3 16 7.385 10.967 16.496 6.26 11.304 16.798 6.53 10.767 17.62
3 16 6.26 11.304 16.798 5.686 10.971 17.792 6.53 10.767 17.62
3 16 6.26 11.304 16.798 5.662 11.48 16.984 5.686 10.971 17.792
4 16 12.995 9.229 1.023 12.675 9.797 3.064 14.053 9.46 3.216 14.233 9.019 1.579
3 16 14.233 9.019 1.579 14.233 9.205 -.446 13 9.545 0
3 16 13 9.545 0 12.995 9.229 1.023 14.233 9.019 1.579
3 16 12.777 9.861 -2.64 13 9.545 0 14.233 9.205 -.446
3 16 14.233 9.205 -.446 13.818 9.626 -2.848 12.777 9.861 -2.64
3 16 12.0107 9.727 -4.9751 12.777 9.861 -2.64 13.818 9.626 -2.848
3 16 12.0107 9.727 -4.9751 13.818 9.626 -2.848 13.072 9.391 -4.964
3 16 13.072 9.391 -4.964 11.441 8.596 -6.271 12.0107 9.727 -4.9751
3 16 13.072 9.391 -4.964 12.533 8.18 -6.394 11.441 8.596 -6.271
4 16 10.774 7.326 -7.342 11.441 8.596 -6.271 12.533 8.18 -6.394 11.976 6.908 -7.428
4 16 10.144 6.197 -8.128 10.774 7.326 -7.342 11.976 6.908 -7.428 11.427 5.754 -8.22
3 16 10.586 4.923 -8.82 10.144 6.197 -8.128 11.427 5.754 -8.22
3 16 10.586 4.923 -8.82 9.681 5.321 -8.733 10.144 6.197 -8.128
3 16 12.675 9.797 3.064 13.702 11.007 4.533 14.053 9.46 3.216
3 16 12.675 9.797 3.064 12.408 11.154 4.147 13.702 11.007 4.533
3 16 12.408 11.154 4.147 13.212 13.23 5.661 13.702 11.007 4.533
3 16 12.408 11.154 4.147 11.919 13.492 5.375 13.212 13.23 5.661
3 16 11.919 13.492 5.375 12.262 15.821 7.532 13.212 13.23 5.661
3 16 11.919 13.492 5.375 10.987 15.888 7.12 12.262 15.821 7.532
3 16 10.987 15.888 7.12 10.535 17.422 10.039 12.262 15.821 7.532
3 16 10.987 15.888 7.12 9.29 17.264 9.294 10.535 17.422 10.039
3 16 8.796 17.682 11.768 10.535 17.422 10.039 9.29 17.264 9.294
3 16 8.796 17.682 11.768 9.29 17.264 9.294 6.845 17.824 11.175
3 16 6.845 17.824 11.175 7.573 17.592 12.909 8.796 17.682 11.768
3 16 6.845 17.824 11.175 6.224 17.843 12.215 7.573 17.592 12.909
3 16 6.224 17.843 12.215 6.786 17.382 13.547 7.573 17.592 12.909
3 16 6.224 17.843 12.215 6.066 17.706 13.492 6.786 17.382 13.547
3 16 6.845 17.824 11.175 4.825 18.099 12.19 6.224 17.843 12.215
3 16 6.066 17.706 13.492 5.268 17.126 14.439 6.786 17.382 13.547
3 16 11.487 -2.691 12.216 13.063 -2.418 8.396 11.815 -1.002 12.155
3 16 11.487 -2.691 12.216 12.939 -3.854 8.477 13.063 -2.418 8.396
3 16 12.939 -3.854 8.477 13.667 -3.015 4.456 13.063 -2.418 8.396
3 16 12.939 -3.854 8.477 13.778 -4.458 4.423 13.667 -3.015 4.456
3 16 13.778 -4.458 4.423 13.564 -2.954 1.204 13.667 -3.015 4.456
3 16 13.778 -4.458 4.423 13.847 -4.386 .987 13.564 -2.954 1.204
3 16 13.847 -4.386 .987 13.087 -2.509 -2.146 13.564 -2.954 1.204
3 16 13.847 -4.386 .987 13.42 -3.888 -2.512 13.087 -2.509 -2.146
3 16 13.087 -2.509 -2.146 13.42 -3.888 -2.512 12.29 -2.837 -5.924
3 16 13.087 -2.509 -2.146 12.29 -2.837 -5.924 12.163 -1.648 -5.426
3 16 12.163 -1.648 -5.426 12.29 -2.837 -5.924 10.839 -1.311 -8.784
3 16 12.163 -1.648 -5.426 10.839 -1.311 -8.784 10.819 -.438 -8.268
3 16 10.839 -1.311 -8.784 9.625 .709 -9.936 10.819 -.438 -8.268
3 16 10.839 -1.311 -8.784 9.463 .19 -10.726 9.625 .709 -9.936
4 16 9.625 .709 -9.936 9.463 .19 -10.726 8.229 1.705 -11.621 8.642 1.834 -10.738
3 16 7.838 2.782 -10.68 8.642 1.834 -10.738 8.229 1.705 -11.621
3 16 7.838 2.782 -10.68 8.229 1.705 -11.621 7.342 2.749 -11.453
3 16 7.838 2.782 -10.68 7.342 2.749 -11.453 6.6725 3.4872 -10.7258
3 16 7.838 2.782 -10.68 6.6725 3.4872 -10.7258 7.2955 3.4612 -10.3017
3 16 11.919 13.492 5.375 12.408 11.154 4.147 12.0104 4 4.9752
3 16 9.192 4 9.192 11.919 13.492 5.375 12.0104 4 4.9752
3 16 9.192 4 9.192 10.987 15.888 7.12 11.919 13.492 5.375
3 16 9.192 4 9.192 9.29 17.264 9.294 10.987 15.888 7.12
3 16 6.845 17.824 11.175 9.29 17.264 9.294 9.192 4 9.192
3 16 9.192 4 9.192 4.5159 -3.3859 12.002 4.9751 4 12.0107
3 16 4.5159 -3.3859 12.002 9.192 4 9.192 8.3438 -3.0607 9.4438
3 16 4.9751 4 12.0107 4.825 18.099 12.19 6.845 17.824 11.175
3 16 4.9751 4 12.0107 6.845 17.824 11.175 9.192 4 9.192
3 16 12.0104 4 4.9752 12.408 11.154 4.147 12.675 9.797 3.064
3 16 12.0104 4 4.9752 12.675 9.797 3.064 12.995 9.229 1.023
3 16 12.0104 4 4.9752 12.995 9.229 1.023 13 4 0
3 16 13 9.545 0 12.777 9.861 -2.64 13 4 0
3 16 12.995 9.229 1.023 13 9.545 0 13 4 0
3 16 12.0104 4 -4.9752 13 4 0 12.777 9.861 -2.64
3 16 12.777 9.861 -2.64 12.0107 9.727 -4.9751 12.0104 4 -4.9752
5 24 12.777 9.861 -2.64 12.0104 4 -4.9752 13 4 0 12.0107 9.727 -4.9751
3 16 12.0104 4 -4.9752 12.0107 9.727 -4.9751 11.441 8.596 -6.271
3 16 12.0104 4 -4.9752 11.441 8.596 -6.271 10.774 7.326 -7.342
3 16 12.0104 4 -4.9752 10.774 7.326 -7.342 10.144 6.197 -8.128
3 16 12.0104 4 -4.9752 10.144 6.197 -8.128 9.681 5.321 -8.733
3 16 9.681 5.321 -8.733 9.192 4 -9.192 12.0104 4 -4.9752
3 16 9.192 4 -9.192 9.681 5.321 -8.733 9.1923 4.875 -9.1923
3 16 9.1923 4.875 -9.1923 8.2865 4.2748 -9.8777 9.192 4 -9.192
3 16 3.933 23.204 12.585 4.634 22.535 12.305 4.825 18.099 12.19
3 16 2.925 23.556 12.794 3.933 23.204 12.585 4.825 18.099 12.19
3 16 4.825 18.099 12.19 0 18.086 13.121 2.925 23.556 12.794
3 16 0 18.086 13.121 -4.791 18.116 12.204 -2.862 23.321 12.832
3 16 2.925 23.556 12.794 0 18.086 13.121 0 24.568 13.202
3 16 -2.862 23.321 12.832 0 24.568 13.202 0 18.086 13.121
3 16 -2.862 23.321 12.832 -2.857 24.552 12.848 0 24.568 13.202
3 16 -4.791 18.116 12.204 -4.409 22.143 12.396 -4.074 22.69 12.54
3 16 -4.074 22.69 12.54 -2.862 23.321 12.832 -4.791 18.116 12.204
4 16 -2.726 27.86 12.905 0 27.635 13.224 0 24.568 13.202 -2.857 24.552 12.848
4 16 2.83 24.49 12.851 0 24.568 13.202 0 27.635 13.224 2.723 27.506 12.905
4 16 2.435 28.306 12.987 2.723 27.506 12.905 0 27.635 13.224 1.693 28.659 13.096
3 16 0 27.635 13.224 0 29.105 13.234 1.693 28.659 13.096
3 16 0 29.105 13.234 0 27.635 13.224 -1.948 28.807 13.061
3 16 -2.491 28.588 12.974 -1.948 28.807 13.061 0 27.635 13.224
3 16 -2.491 28.588 12.974 0 27.635 13.224 -2.726 27.86 12.905
3 16 2.925 23.556 12.794 0 24.568 13.202 2.83 24.49 12.851
3 16 -4.9751 4 12.0107 -4.5159 -3.3859 12.002 -8.3438 -3.0607 9.4438
3 16 -4.791 18.116 12.204 -4.9751 4 12.0107 -6.848 17.736 11.175
3 16 -4.9751 4 12.0107 -8.3438 -3.0607 9.4438 -9.192 4 9.192
3 16 -9.192 4 9.192 -6.848 17.736 11.175 -4.9751 4 12.0107
3 16 -9.1923 17.1015 9.1923 -6.848 17.736 11.175 -9.192 4 9.192
3 16 -9.961 16.89 8.508 -9.1923 17.1015 9.1923 -9.192 4 9.192
4 16 -12.0104 4 4.9752 -11.756 14.458 5.802 -9.961 16.89 8.508 -9.192 4 9.192
3 16 -12.0107 13.0255 4.9751 -11.756 14.458 5.802 -12.0104 4 4.9752
3 16 -12.489 10.761 3.892 -12.0107 13.0255 4.9751 -12.0104 4 4.9752
3 16 -12.489 10.761 3.892 -12.0104 4 4.9752 -13 4 0
3 16 -13 4 0 -12.707 9.576 2.947 -12.489 10.761 3.892
3 16 -13.012 9.235 .881 -12.707 9.576 2.947 -13 4 0
3 16 -13 4 0 -12.942 9.667 -1.807 -13.012 9.235 .881
3 16 -12.639 9.915 -3.279 -12.942 9.667 -1.807 -13 4 0
3 16 -13 4 0 -12.095 9.647 -4.885 -12.639 9.915 -3.279
3 16 -12.0104 4 -4.9752 -12.095 9.647 -4.885 -13 4 0
3 16 -12.0104 4 -4.9752 -11.56 8.787 -6.088 -12.095 9.647 -4.885
3 16 -12.0104 4 -4.9752 -10.863 7.579 -7.208 -11.56 8.787 -6.088
3 16 -10.26 6.671 -8.033 -10.863 7.579 -7.208 -12.0104 4 -4.9752
3 16 -10.26 6.671 -8.033 -12.0104 4 -4.9752 -9.1923 5.03 -9.1923
3 16 -9.192 4 -9.192 -8.0699 4 -9.942 -9.1923 5.03 -9.1923
3 16 -12.0104 4 -4.9752 -9.192 4 -9.192 -9.1923 5.03 -9.1923
3 16 -7.891 -10.017 1.586 -5.827 -8.907 -1.468 -5.712 -9.369 1.782
3 16 -7.891 -10.017 1.586 -7.872 -9.534 -1.853 -5.827 -8.907 -1.468
3 16 -7.872 -9.534 -1.853 -5.725 -7.778 -4.704 -5.827 -8.907 -1.468
3 16 -7.872 -9.534 -1.853 -7.595 -7.891 -5.457 -5.725 -7.778 -4.704
3 16 -5.471 -5.736 -8.195 -5.725 -7.778 -4.704 -7.595 -7.891 -5.457
3 16 -5.471 -5.736 -8.195 -7.595 -7.891 -5.457 -7.01 -5.684 -8.661
4 16 -6.293 -3.138 -11.056 -5.193 -3.27 -10.628 -5.471 -5.736 -8.195 -7.01 -5.684 -8.661
3 16 -4.83 -.985 -12.13 -5.193 -3.27 -10.628 -6.293 -3.138 -11.056
3 16 -4.83 -.985 -12.13 -6.293 -3.138 -11.056 -5.756 -.848 -12.425
3 16 -5.276 .947 -12.663 -4.83 -.985 -12.13 -5.756 -.848 -12.425
3 16 -5.276 .947 -12.663 -4.487 .778 -12.432 -4.83 -.985 -12.13
3 16 -3.9498 2.4691 -11.8341 -4.487 .778 -12.432 -5.276 .947 -12.663
3 16 -3.9498 2.4691 -11.8341 -5.276 .947 -12.663 -4.8869 3.0712 -11.7973
4 16 -5.358 -9.144 5.326 -7.863 -9.853 5.256 -7.891 -10.017 1.586 -5.712 -9.369 1.782
3 16 -5.358 -9.144 5.326 -7.437 -8.361 10.015 -7.863 -9.853 5.256
3 16 -5.358 -9.144 5.326 -4.698 -7.898 9.276 -7.437 -8.361 10.015
3 16 -4.698 -7.898 9.276 -6.67 -6.237 13.543 -7.437 -8.361 10.015
3 16 -4.698 -7.898 9.276 -3.717 -5.87 13.064 -6.67 -6.237 13.543
3 16 -3.717 -5.87 13.064 -5.717 -4.466 15.251 -6.67 -6.237 13.543
3 16 -2.994 -4.098 15.021 -5.717 -4.466 15.251 -3.717 -5.87 13.064
3 16 -2.994 -4.098 15.021 -4.593 -2.628 16.493 -5.717 -4.466 15.251
3 16 15.14 3.729 9.709 15.53 3.781 5.941 14.388 4.718 10.013
3 16 15.14 3.729 9.709 15.942 2.975 5.692 15.53 3.781 5.941
3 16 15.942 2.975 5.692 15.512 3.451 2.464 15.53 3.781 5.941
3 16 15.942 2.975 5.692 15.827 2.629 1.979 15.512 3.451 2.464
3 16 15.827 2.629 1.979 14.942 3.199 -1.075 15.512 3.451 2.464
3 16 15.827 2.629 1.979 15.241 2.488 -1.478 14.942 3.199 -1.075
3 16 15.241 2.488 -1.478 14.088 3.311 -4.337 14.942 3.199 -1.075
3 16 15.241 2.488 -1.478 14.235 2.541 -4.738 14.088 3.311 -4.337
3 16 14.235 2.541 -4.738 13.1 3.541 -6.751 14.088 3.311 -4.337
3 16 14.235 2.541 -4.738 13.137 2.746 -7.29 13.1 3.541 -6.751
3 16 13.137 2.746 -7.29 12.201 3.982 -8.035 13.1 3.541 -6.751
3 16 13.137 2.746 -7.29 12.129 3.301 -8.737 12.201 3.982 -8.035
3 16 12.129 3.301 -8.737 11.418 4.427 -8.723 12.201 3.982 -8.035
3 16 12.129 3.301 -8.737 11.171 3.875 -9.491 11.418 4.427 -8.723
3 16 11.171 3.875 -9.491 10.586 4.923 -8.82 11.418 4.427 -8.723
3 16 11.171 3.875 -9.491 10.107 4.428 -9.631 10.586 4.923 -8.82
3 16 10.107 4.428 -9.631 9.681 5.321 -8.733 10.586 4.923 -8.82
3 16 10.107 4.428 -9.631 9.1923 4.875 -9.1923 9.681 5.321 -8.733
3 16 14.303 -1.036 9.233 15.942 2.975 5.692 15.14 3.729 9.709
3 16 14.303 -1.036 9.233 14.834 -2.025 5.008 15.942 2.975 5.692
4 16 14.767 -2.09 1.517 15.827 2.629 1.979 15.942 2.975 5.692 14.834 -2.025 5.008
4 16 14.28 -1.861 -2.048 15.241 2.488 -1.478 15.827 2.629 1.979 14.767 -2.09 1.517
3 16 14.28 -1.861 -2.048 14.235 2.541 -4.738 15.241 2.488 -1.478
4 16 13.137 2.746 -7.29 14.235 2.541 -4.738 14.28 -1.861 -2.048 12.939 -1.003 -5.478
3 16 12.939 -1.003 -5.478 11.657 .154 -8.083 13.137 2.746 -7.29
3 16 11.657 .154 -8.083 12.129 3.301 -8.737 13.137 2.746 -7.29
3 16 11.657 .154 -8.083 10.709 1.199 -9.807 12.129 3.301 -8.737
3 16 12.129 3.301 -8.737 10.709 1.199 -9.807 9.665 2.286 -10.788
3 16 9.665 2.286 -10.788 11.171 3.875 -9.491 12.129 3.301 -8.737
3 16 11.171 3.875 -9.491 9.665 2.286 -10.788 8.572 3.185 -10.753
3 16 8.572 3.185 -10.753 10.107 4.428 -9.631 11.171 3.875 -9.491
3 16 10.107 4.428 -9.631 8.572 3.185 -10.753 8.2865 4.2748 -9.8777
3 16 7.659 3.744 -10.198 8.2865 4.2748 -9.8777 8.572 3.185 -10.753
3 16 10.107 4.428 -9.631 8.2865 4.2748 -9.8777 9.1923 4.875 -9.1923
3 16 1.52 1.087 -13.285 .5275 2.8643 -12.6126 1.188 2.7052 -12.4418
3 16 1.52 1.087 -13.285 .71 1.051 -13.823 .5275 2.8643 -12.6126
3 16 .71 1.051 -13.823 1.52 1.087 -13.285 2.106 -1.311 -13.001
3 16 2.106 -1.311 -13.001 1.131 -1.643 -13.399 .71 1.051 -13.823
3 16 2.106 -1.311 -13.001 1.641 -4.245 -12.023 1.131 -1.643 -13.399
3 16 2.106 -1.311 -13.001 2.802 -3.804 -11.52 1.641 -4.245 -12.023
3 16 2.802 -3.804 -11.52 2.322 -6.748 -9.754 1.641 -4.245 -12.023
3 16 2.802 -3.804 -11.52 3.464 -5.986 -9.446 2.322 -6.748 -9.754
3 16 2.897 -7.961 -7.716 2.322 -6.748 -9.754 3.464 -5.986 -9.446
3 16 2.897 -7.961 -7.716 3.464 -5.986 -9.446 3.933 -7.672 -7.164
3 16 3.933 -7.672 -7.164 4.284 -9.094 -4.8 2.897 -7.961 -7.716
3 16 1.8068 2.837 -12.3516 1.52 1.087 -13.285 1.188 2.7052 -12.4418
3 16 1.8068 2.837 -12.3516 2.209 1.31 -13.559 1.52 1.087 -13.285
3 16 2.875 -1.17 -13.378 1.52 1.087 -13.285 2.209 1.31 -13.559
3 16 2.875 -1.17 -13.378 2.106 -1.311 -13.001 1.52 1.087 -13.285
3 16 3.605 -3.827 -11.938 2.106 -1.311 -13.001 2.875 -1.17 -13.378
3 16 3.605 -3.827 -11.938 2.802 -3.804 -11.52 2.106 -1.311 -13.001
3 16 3.464 -5.986 -9.446 2.802 -3.804 -11.52 3.605 -3.827 -11.938
3 16 3.464 -5.986 -9.446 3.605 -3.827 -11.938 4.344 -6.225 -9.879
3 16 3.464 -5.986 -9.446 4.344 -6.225 -9.879 4.685 -7.369 -8.112
3 16 3.464 -5.986 -9.446 4.685 -7.369 -8.112 3.933 -7.672 -7.164
3 16 3.933 -7.672 -7.164 4.685 -7.369 -8.112 4.284 -9.094 -4.8
3 16 11.815 -1.002 12.155 8.993 -1.145 15.415 11.487 -2.691 12.216
3 16 11.815 -1.002 12.155 9.214 .95 15.288 8.993 -1.145 15.415
3 16 9.214 .95 15.288 5.232 .919 17.587 8.993 -1.145 15.415
3 16 9.214 .95 15.288 6.269 2.826 17.036 5.232 .919 17.587
3 16 6.269 2.826 17.036 4.716 2.626 17.604 5.232 .919 17.587
3 16 6.269 2.826 17.036 4.944 3.532 17.404 4.716 2.626 17.604
3 16 15.14 3.729 9.709 12.907 .588 13.033 14.303 -1.036 9.233
3 16 15.14 3.729 9.709 13.276 4.823 13.324 12.907 .588 13.033
3 16 13.276 4.823 13.324 10.113 2.451 16.154 12.907 .588 13.033
3 16 13.276 4.823 13.324 10.125 6.263 16.094 10.113 2.451 16.154
3 16 10.125 6.263 16.094 7.032 4.43 18.099 10.113 2.451 16.154
3 16 10.125 6.263 16.094 7.137 7.563 17.58 7.032 4.43 18.099
3 16 7.137 7.563 17.58 5.079 6.725 18.601 7.032 4.43 18.099
3 16 7.032 4.43 18.099 5.079 6.725 18.601 5.341 5.526 18.535
3 16 7.137 7.563 17.58 5.728 8.116 17.895 5.079 6.725 18.601
3 16 5.728 8.116 17.895 4.415 7.747 18.438 5.079 6.725 18.601
3 16 5.728 8.116 17.895 4.628 8.502 18.173 4.415 7.747 18.438
3 16 2.275 -8.815 10.821 2.407 -7.681 12.635 1.954 -8.03 11.714
3 16 2.407 -7.681 12.635 2.47 -7.061 13.599 1.954 -8.03 11.714
3 16 1.156 -8.506 12.257 -1.935 -9.76 9.193 .359 -9.722 8.508
3 16 1.156 -8.506 12.257 -.997 -8.106 13.165 -1.935 -9.76 9.193
3 16 -.997 -8.106 13.165 -3.86 -8.976 9.499 -1.935 -9.76 9.193
3 16 -.997 -8.106 13.165 -2.78 -7.135 13.28 -3.86 -8.976 9.499
3 16 1.861 -7.025 15.068 -.997 -8.106 13.165 1.156 -8.506 12.257
3 16 1.861 -7.025 15.068 -.079 -6.61 15.821 -.997 -8.106 13.165
3 16 -.079 -6.61 15.821 -2.78 -7.135 13.28 -.997 -8.106 13.165
3 16 -.079 -6.61 15.821 -1.609 -5.561 15.941 -2.78 -7.135 13.28
3 16 3.09 -4.669 17.554 -.079 -6.61 15.821 1.861 -7.025 15.068
3 16 3.09 -4.669 17.554 1.529 -4.101 18.572 -.079 -6.61 15.821
3 16 1.529 -4.101 18.572 -1.609 -5.561 15.941 -.079 -6.61 15.821
3 16 1.529 -4.101 18.572 .176 -3.082 18.679 -1.609 -5.561 15.941
3 16 4.211 -2.194 18.745 1.529 -4.101 18.572 3.09 -4.669 17.554
3 16 4.211 -2.194 18.745 2.734 -1.504 19.66 1.529 -4.101 18.572
3 16 2.734 -1.504 19.66 .176 -3.082 18.679 1.529 -4.101 18.572
3 16 4.767 .07 18.816 2.734 -1.504 19.66 4.211 -2.194 18.745
3 16 4.767 .07 18.816 4.07 .479 19.468 2.734 -1.504 19.66
3 16 2.734 -1.504 19.66 1.363 -.575 19.614 .176 -3.082 18.679
3 16 4.737 1.656 18.522 4.07 .479 19.468 4.767 .07 18.816
3 16 4.737 1.656 18.522 4.527 1.731 18.759 4.07 .479 19.468
3 16 4.737 1.656 18.522 4.33 1.992 18.875 4.527 1.731 18.759
3 16 4.33 1.992 18.875 4.07 .479 19.468 4.527 1.731 18.759
3 16 4.737 1.656 18.522 4.53 2.359 18.346 4.33 1.992 18.875
3 16 4.33 1.992 18.875 3.398 .858 19.803 4.07 .479 19.468
3 16 3.398 .858 19.803 2.734 -1.504 19.66 4.07 .479 19.468
3 16 3.398 .858 19.803 1.363 -.575 19.614 2.734 -1.504 19.66
3 16 -10.145 1.256 -10.548 -10.631 3.357 -9.835 -9.223 2.499 -10.772
3 16 -10.145 1.256 -10.548 -11.538 2.674 -9.454 -10.631 3.357 -9.835
3 16 -11.544 -.284 -8.947 -11.538 2.674 -9.454 -10.145 1.256 -10.548
3 16 -11.544 -.284 -8.947 -12.775 1.694 -8.248 -11.538 2.674 -9.454
3 16 -9.048 3.8 -10.277 -9.223 2.499 -10.772 -10.631 3.357 -9.835
3 16 -9.223 2.499 -10.772 -9.048 3.8 -10.277 -8.641 3.287 -10.553
3 16 -9.048 3.8 -10.277 -10.631 3.357 -9.835 -9.695 3.981 -9.918
3 16 -12.775 -1.124 -6.71 -12.775 1.694 -8.248 -11.544 -.284 -8.947
3 16 -12.775 -1.124 -6.71 -13.836 1.095 -5.899 -12.775 1.694 -8.248
3 16 -13.793 -1.461 -3.484 -13.836 1.095 -5.899 -12.775 -1.124 -6.71
3 16 -13.793 -1.461 -3.484 -14.866 .815 -3.019 -13.836 1.095 -5.899
3 16 -14.803 -1.289 .925 -14.866 .815 -3.019 -13.793 -1.461 -3.484
3 16 -14.803 -1.289 .925 -15.628 1.466 .835 -14.866 .815 -3.019
3 16 -15.181 -.886 5.16 -15.628 1.466 .835 -14.803 -1.289 .925
3 16 -15.872 2.536 5.289 -15.628 1.466 .835 -15.181 -.886 5.16
3 16 -15.872 2.536 5.289 -15.983 3.056 2.653 -15.628 1.466 .835
3 16 -15.87 3.242 .652 -15.628 1.466 .835 -15.983 3.056 2.653
3 16 -15.238 2.435 -2.791 -15.628 1.466 .835 -15.87 3.242 .652
3 16 -15.238 2.435 -2.791 -15.87 3.242 .652 -15.408 3.8 -2.456
3 16 -15.238 2.435 -2.791 -15.408 3.8 -2.456 -14.561 4.5 -4.972
3 16 -15.238 2.435 -2.791 -14.561 4.5 -4.972 -14.427 3.112 -5.502
3 16 -14.427 3.112 -5.502 -14.561 4.5 -4.972 -13.696 5.128 -6.558
3 16 -14.427 3.112 -5.502 -13.696 5.128 -6.558 -13.438 3.757 -7.252
3 16 -13.438 3.757 -7.252 -13.696 5.128 -6.558 -12.927 5.729 -7.614
3 16 -13.438 3.757 -7.252 -12.927 5.729 -7.614 -12.571 4.382 -8.276
3 16 -12.571 4.382 -8.276 -12.927 5.729 -7.614 -12.175 6.234 -8.114
3 16 -12.571 4.382 -8.276 -12.175 6.234 -8.114 -11.627 5.029 -8.821
3 16 -11.627 5.029 -8.821 -12.175 6.234 -8.114 -11.099 6.632 -8.312
3 16 -11.627 5.029 -8.821 -11.099 6.632 -8.312 -10.658 5.549 -8.886
3 16 -12.175 6.234 -8.114 -11.617 7.434 -7.222 -11.099 6.632 -8.312
3 16 -12.175 6.234 -8.114 -12.145 7.22 -7.044 -11.617 7.434 -7.222
3 16 -12.632 6.95 -6.679 -12.175 6.234 -8.114 -12.927 5.729 -7.614
3 16 -12.632 6.95 -6.679 -12.145 7.22 -7.044 -12.175 6.234 -8.114
3 16 -12.927 5.729 -7.614 -13.158 6.663 -5.955 -12.632 6.95 -6.679
3 16 -12.927 5.729 -7.614 -13.696 5.128 -6.558 -13.158 6.663 -5.955
3 16 -13.696 5.128 -6.558 -13.848 6.184 -4.561 -13.158 6.663 -5.955
3 16 -13.696 5.128 -6.558 -14.561 4.5 -4.972 -13.848 6.184 -4.561
3 16 -14.561 4.5 -4.972 -14.526 5.807 -2.524 -13.848 6.184 -4.561
3 16 -14.561 4.5 -4.972 -15.408 3.8 -2.456 -14.526 5.807 -2.524
3 16 -15.408 3.8 -2.456 -15.259 5.068 .763 -14.526 5.807 -2.524
4 16 -15.542 4.772 2.871 -15.259 5.068 .763 -15.408 3.8 -2.456 -15.87 3.242 .652
3 16 -15.87 3.242 .652 -15.983 3.056 2.653 -15.542 4.772 2.871
3 16 -15.983 3.056 2.653 -15.514 4.603 5.143 -15.542 4.772 2.871
3 16 -15.983 3.056 2.653 -15.872 2.536 5.289 -15.514 4.603 5.143
4 16 -15.289 2.886 9.029 -14.988 4.776 8.694 -15.514 4.603 5.143 -15.872 2.536 5.289
3 16 -15.289 2.886 9.029 -15.872 2.536 5.289 -15.181 -.886 5.16
3 16 -15.181 -.886 5.16 -14.606 .121 9.102 -15.289 2.886 9.029
3 16 -14.606 .121 9.102 -13.208 1.668 13.219 -13.879 3.719 13.001
3 16 -13.879 3.719 13.001 -15.289 2.886 9.029 -14.606 .121 9.102
3 16 -10.683 3.641 16.378 -13.879 3.719 13.001 -13.208 1.668 13.219
3 16 -10.683 3.641 16.378 -11.119 5.057 15.827 -13.879 3.719 13.001
3 16 -15.289 2.886 9.029 -13.617 5.315 12.316 -14.988 4.776 8.694
3 16 -15.289 2.886 9.029 -13.879 3.719 13.001 -13.617 5.315 12.316
3 16 -7.829 6.262 17.327 -11.119 5.057 15.827 -10.683 3.641 16.378
3 16 -7.829 6.262 17.327 -10.683 3.641 16.378 -7.372 5.447 17.917
3 16 -5.857 7.018 17.772 -7.829 6.262 17.327 -7.372 5.447 17.917
3 16 -5.857 7.018 17.772 -7.372 5.447 17.917 -5.615 6.164 18.185
3 16 -6.105 7.766 17.042 -7.829 6.262 17.327 -5.857 7.018 17.772
3 16 -6.105 7.766 17.042 -8.021 7.282 16.481 -7.829 6.262 17.327
4 16 -11.056 6.259 15.025 -11.119 5.057 15.827 -7.829 6.262 17.327 -8.021 7.282 16.481
3 16 -13.879 3.719 13.001 -11.056 6.259 15.025 -13.617 5.315 12.316
3 16 -13.879 3.719 13.001 -11.119 5.057 15.827 -11.056 6.259 15.025
4 16 10.113 2.451 16.154 9.214 .95 15.288 11.815 -1.002 12.155 12.907 .588 13.033
3 16 10.113 2.451 16.154 6.269 2.826 17.036 9.214 .95 15.288
3 16 10.113 2.451 16.154 7.032 4.43 18.099 6.269 2.826 17.036
3 16 7.032 4.43 18.099 4.944 3.532 17.404 6.269 2.826 17.036
3 16 7.032 4.43 18.099 5.341 5.526 18.535 4.944 3.532 17.404
3 16 3.624 -7.471 12.518 2.47 -7.061 13.599 2.407 -7.681 12.635
3 16 4.628 -6.714 12.762 2.47 -7.061 13.599 3.624 -7.471 12.518
3 16 4.628 -6.714 12.762 3.484 -5.795 14.565 2.47 -7.061 13.599
3 16 -8.0699 4 -9.942 -7.5383 3.4713 -10.1424 -8.641 3.287 -10.553
3 16 -8.0699 4 -9.942 -8.641 3.287 -10.553 -9.048 3.8 -10.277
3 16 -9.048 3.8 -10.277 -9.695 3.981 -9.918 -9.1923 5.03 -9.1923
3 16 -9.1923 5.03 -9.1923 -8.0699 4 -9.942 -9.048 3.8 -10.277
3 16 13.702 11.007 4.533 13.738 11.965 5.947 14.108 10.395 4.771
3 16 13.702 11.007 4.533 13.212 13.23 5.661 13.738 11.965 5.947
3 16 13.212 13.23 5.661 12.852 13.663 8.655 13.738 11.965 5.947
3 16 13.212 13.23 5.661 12.262 15.821 7.532 12.852 13.663 8.655
3 16 12.262 15.821 7.532 11.133 14.772 11.586 12.852 13.663 8.655
3 16 12.262 15.821 7.532 10.535 17.422 10.039 11.133 14.772 11.586
3 16 11.133 14.772 11.586 10.535 17.422 10.039 8.796 17.682 11.768
3 16 11.133 14.772 11.586 8.796 17.682 11.768 9.565 15.279 13.221
3 16 9.565 15.279 13.221 8.796 17.682 11.768 7.573 17.592 12.909
3 16 9.565 15.279 13.221 7.573 17.592 12.909 7.621 16.072 14.701
3 16 7.621 16.072 14.701 7.573 17.592 12.909 6.786 17.382 13.547
3 16 7.621 16.072 14.701 6.786 17.382 13.547 6.183 15.969 15.209
3 16 5.268 17.126 14.439 6.183 15.969 15.209 6.786 17.382 13.547
3 16 5.268 17.126 14.439 5.582 16.095 15.359 6.183 15.969 15.209
3 16 14.388 4.718 10.013 13.276 4.823 13.324 15.14 3.729 9.709
3 16 14.388 4.718 10.013 12.546 5.708 13.185 13.276 4.823 13.324
3 16 12.546 5.708 13.185 10.125 6.263 16.094 13.276 4.823 13.324
3 16 12.546 5.708 13.185 9.561 6.937 15.553 10.125 6.263 16.094
3 16 9.561 6.937 15.553 7.137 7.563 17.58 10.125 6.263 16.094
3 16 9.561 6.937 15.553 6.928 7.933 16.953 7.137 7.563 17.58
3 16 6.928 7.933 16.953 5.728 8.116 17.895 7.137 7.563 17.58
3 16 6.928 7.933 16.953 5.661 8.565 17.334 5.728 8.116 17.895
3 16 4.879 8.914 17.686 5.728 8.116 17.895 5.661 8.565 17.334
3 16 4.879 8.914 17.686 4.628 8.502 18.173 5.728 8.116 17.895
3 16 13.738 11.965 5.947 13.984 11.469 6.11 14.108 10.395 4.771
3 16 13.738 11.965 5.947 13.253 12.895 8.981 13.984 11.469 6.11
3 16 13.738 11.965 5.947 12.852 13.663 8.655 13.253 12.895 8.981
3 16 12.852 13.663 8.655 11.686 13.964 12.133 13.253 12.895 8.981
3 16 12.852 13.663 8.655 11.133 14.772 11.586 11.686 13.964 12.133
3 16 11.133 14.772 11.586 9.955 14.616 14.037 11.686 13.964 12.133
3 16 11.133 14.772 11.586 9.565 15.279 13.221 9.955 14.616 14.037
3 16 9.565 15.279 13.221 7.808 15.478 15.419 9.955 14.616 14.037
3 16 9.565 15.279 13.221 7.621 16.072 14.701 7.808 15.478 15.419
3 16 7.808 15.478 15.419 7.621 16.072 14.701 6.183 15.969 15.209
3 16 7.808 15.478 15.419 6.183 15.969 15.209 6.337 15.429 15.908
3 16 5.582 16.095 15.359 6.337 15.429 15.908 6.183 15.969 15.209
3 16 5.582 16.095 15.359 5.522 15.611 16.138 6.337 15.429 15.908
3 16 2.47 -7.061 13.599 1.156 -8.506 12.257 1.954 -8.03 11.714
3 16 2.47 -7.061 13.599 1.861 -7.025 15.068 1.156 -8.506 12.257
3 16 2.47 -7.061 13.599 3.484 -5.795 14.565 1.861 -7.025 15.068
3 16 3.09 -4.669 17.554 1.861 -7.025 15.068 3.484 -5.795 14.565
4 16 4.299 -4.142 15.963 3.09 -4.669 17.554 3.484 -5.795 14.565 4.228 -4.858 14.778
3 16 4.783 -2.764 16.776 3.09 -4.669 17.554 4.299 -4.142 15.963
3 16 4.783 -2.764 16.776 4.211 -2.194 18.745 3.09 -4.669 17.554
3 16 5.164 -1.475 16.94 4.211 -2.194 18.745 4.783 -2.764 16.776
3 16 5.164 -1.475 16.94 4.767 .07 18.816 4.211 -2.194 18.745
4 16 5.164 -1.475 16.94 5.359 -.453 16.696 5.232 .919 17.587 4.767 .07 18.816
3 16 5.232 .919 17.587 4.737 1.656 18.522 4.767 .07 18.816
3 16 4.716 2.626 17.604 4.737 1.656 18.522 5.232 .919 17.587
3 16 4.716 2.626 17.604 4.53 2.359 18.346 4.737 1.656 18.522
3 16 6.04 -5.719 13.981 4.228 -4.858 14.778 5.164 -6.003 12.784
3 16 6.04 -5.719 13.981 4.299 -4.142 15.963 4.228 -4.858 14.778
3 16 -10.74 4.231 -8.877 -9.695 3.981 -9.918 -10.631 3.357 -9.835
3 16 -10.74 4.231 -8.877 -9.1923 5.03 -9.1923 -9.695 3.981 -9.918
3 16 -11.57 3.614 -8.424 -10.74 4.231 -8.877 -10.631 3.357 -9.835
3 16 -11.57 3.614 -8.424 -10.631 3.357 -9.835 -11.538 2.674 -9.454
3 16 -12.775 1.694 -8.248 -11.57 3.614 -8.424 -11.538 2.674 -9.454
3 16 -12.775 1.694 -8.248 -12.628 2.784 -7.301 -11.57 3.614 -8.424
4 16 -13.551 2.138 -5.395 -12.628 2.784 -7.301 -12.775 1.694 -8.248 -13.836 1.095 -5.899
3 16 -14.866 .815 -3.019 -13.551 2.138 -5.395 -13.836 1.095 -5.899
3 16 -14.866 .815 -3.019 -14.669 1.632 -2.714 -13.551 2.138 -5.395
3 16 -15.628 1.466 .835 -14.669 1.632 -2.714 -14.866 .815 -3.019
3 16 7.91 -3.636 14.612 4.299 -4.142 15.963 6.04 -5.719 13.981
3 16 7.91 -3.636 14.612 4.783 -2.764 16.776 4.299 -4.142 15.963
3 16 7.91 -3.636 14.612 5.164 -1.475 16.94 4.783 -2.764 16.776
3 16 -10.74 4.231 -8.877 -10.658 5.549 -8.886 -9.1923 5.03 -9.1923
3 16 -10.74 4.231 -8.877 -11.627 5.029 -8.821 -10.658 5.549 -8.886
3 16 -11.57 3.614 -8.424 -11.627 5.029 -8.821 -10.74 4.231 -8.877
3 16 -11.57 3.614 -8.424 -12.571 4.382 -8.276 -11.627 5.029 -8.821
3 16 -12.628 2.784 -7.301 -12.571 4.382 -8.276 -11.57 3.614 -8.424
3 16 -12.628 2.784 -7.301 -13.438 3.757 -7.252 -12.571 4.382 -8.276
3 16 -13.551 2.138 -5.395 -13.438 3.757 -7.252 -12.628 2.784 -7.301
3 16 -13.551 2.138 -5.395 -14.427 3.112 -5.502 -13.438 3.757 -7.252
3 16 -13.551 2.138 -5.395 -15.238 2.435 -2.791 -14.427 3.112 -5.502
3 16 -13.551 2.138 -5.395 -14.669 1.632 -2.714 -15.238 2.435 -2.791
3 16 -14.669 1.632 -2.714 -15.628 1.466 .835 -15.238 2.435 -2.791
3 16 -10.658 5.549 -8.886 -10.26 6.671 -8.033 -9.1923 5.03 -9.1923
3 16 -10.658 5.549 -8.886 -11.099 6.632 -8.312 -10.26 6.671 -8.033
3 16 -11.099 6.632 -8.312 -10.863 7.579 -7.208 -10.26 6.671 -8.033
3 16 -11.099 6.632 -8.312 -11.617 7.434 -7.222 -10.863 7.579 -7.208
3 16 -10.863 7.579 -7.208 -11.617 7.434 -7.222 -11.56 8.787 -6.088
3 16 -11.617 7.434 -7.222 -12.487 8.478 -6.188 -11.56 8.787 -6.088
3 16 -11.617 7.434 -7.222 -12.145 7.22 -7.044 -12.487 8.478 -6.188
3 16 -12.83 9.308 -5.3 -11.56 8.787 -6.088 -12.487 8.478 -6.188
3 16 -12.83 9.308 -5.3 -12.095 9.647 -4.885 -11.56 8.787 -6.088
3 16 -13.534 9.866 -3.723 -12.095 9.647 -4.885 -12.83 9.308 -5.3
3 16 -13.534 9.866 -3.723 -12.639 9.915 -3.279 -12.095 9.647 -4.885
3 16 -13.534 9.866 -3.723 -12.942 9.667 -1.807 -12.639 9.915 -3.279
3 16 -13.534 9.866 -3.723 -14.105 9.589 -1.746 -12.942 9.667 -1.807
4 16 -14.104 9.113 1.154 -13.012 9.235 .881 -12.942 9.667 -1.807 -14.105 9.589 -1.746
3 16 -14.104 9.113 1.154 -12.707 9.576 2.947 -13.012 9.235 .881
3 16 -14.104 9.113 1.154 -13.898 9.569 3.186 -12.707 9.576 2.947
3 16 -13.898 9.569 3.186 -12.489 10.761 3.892 -12.707 9.576 2.947
3 16 -13.898 9.569 3.186 -13.844 10.746 4.386 -12.489 10.761 3.892
3 16 -13.579 11.932 4.987 -12.489 10.761 3.892 -13.844 10.746 4.386
3 16 -13.579 11.932 4.987 -12.0107 13.0255 4.9751 -12.489 10.761 3.892
3 16 -13.579 11.932 4.987 -12.997 14.431 6.327 -12.0107 13.0255 4.9751
3 16 -11.756 14.458 5.802 -12.0107 13.0255 4.9751 -12.997 14.431 6.327
3 16 -11.398 16.892 8.966 -11.756 14.458 5.802 -12.997 14.431 6.327
3 16 -11.398 16.892 8.966 -9.961 16.89 8.508 -11.756 14.458 5.802
3 16 -9.276 17.774 11.053 -9.1923 17.1015 9.1923 -9.961 16.89 8.508
3 16 -9.961 16.89 8.508 -11.398 16.892 8.966 -9.276 17.774 11.053
3 16 -6.848 17.736 11.175 -9.1923 17.1015 9.1923 -9.276 17.774 11.053
3 16 -7.919 17.715 12.009 -6.848 17.736 11.175 -9.276 17.774 11.053
3 16 -7.919 17.715 12.009 -4.791 18.116 12.204 -6.848 17.736 11.175
3 16 7.901 -2.736 14.179 5.164 -1.475 16.94 7.91 -3.636 14.612
3 16 7.901 -2.736 14.179 5.359 -.453 16.696 5.164 -1.475 16.94
3 16 14.013 9.998 9.638 12.039 9.097 13.042 13.848 7.998 9.78
3 16 14.013 9.998 9.638 12.299 11.175 12.901 12.039 9.097 13.042
3 16 12.299 11.175 12.901 9.709 10.154 15.326 12.039 9.097 13.042
3 16 12.299 11.175 12.901 9.989 12.177 15.258 9.709 10.154 15.326
3 16 9.989 12.177 15.258 7.385 10.967 16.496 9.709 10.154 15.326
3 16 9.989 12.177 15.258 7.881 12.919 16.47 7.385 10.967 16.496
3 16 7.881 12.919 16.47 6.242 12.357 16.885 7.385 10.967 16.496
3 16 7.881 12.919 16.47 6.213 13.383 16.922 6.242 12.357 16.885
3 16 6.242 12.357 16.885 6.26 11.304 16.798 7.385 10.967 16.496
3 16 6.242 12.357 16.885 5.662 11.48 16.984 6.26 11.304 16.798
3 16 6.242 12.357 16.885 5.337 12.669 17.204 5.662 11.48 16.984
3 16 6.213 13.383 16.922 5.337 12.669 17.204 6.242 12.357 16.885
3 16 6.213 13.383 16.922 4.672 13.675 17.136 5.337 12.669 17.204
3 16 8.993 -1.145 15.415 5.359 -.453 16.696 7.901 -2.736 14.179
3 16 8.993 -1.145 15.415 5.232 .919 17.587 5.359 -.453 16.696
3 16 -13.005 -3.658 -1.1 -14.382 -3.25 1.465 -12.31 -2.762 -2.811
3 16 -13.005 -3.658 -1.1 -13.37 -4.234 1.765 -14.382 -3.25 1.465
3 16 -13.349 -4.315 5.101 -14.382 -3.25 1.465 -13.37 -4.234 1.765
3 16 -13.349 -4.315 5.101 -14.728 -3.209 5.403 -14.382 -3.25 1.465
3 16 -12.239 -3.38 9.594 -14.728 -3.209 5.403 -13.349 -4.315 5.101
3 16 -12.239 -3.38 9.594 -14.007 -2.234 9.766 -14.728 -3.209 5.403
3 16 -12.618 -.639 13.718 -14.007 -2.234 9.766 -12.239 -3.38 9.594
3 16 -12.618 -.639 13.718 -12.239 -3.38 9.594 -10.076 -1.578 13.206
3 16 -8.157 -.028 15.088 -12.618 -.639 13.718 -10.076 -1.578 13.206
3 16 -8.157 -.028 15.088 -9.887 2 16.453 -12.618 -.639 13.718
3 16 -6.138 1.487 16.222 -9.887 2 16.453 -8.157 -.028 15.088
3 16 -6.138 1.487 16.222 -7.255 4.22 17.717 -9.887 2 16.453
3 16 -6.138 1.487 16.222 -6.02 3.689 17.494 -7.255 4.22 17.717
3 16 -14.234 -2.243 1.335 -12.31 -2.762 -2.811 -14.382 -3.25 1.465
3 16 -14.382 -3.25 1.465 -14.593 -1.817 5.206 -14.234 -2.243 1.335
3 16 -14.382 -3.25 1.465 -14.728 -3.209 5.403 -14.593 -1.817 5.206
3 16 -14.007 -2.234 9.766 -14.593 -1.817 5.206 -14.728 -3.209 5.403
3 16 -14.007 -2.234 9.766 -13.786 -.745 9.302 -14.593 -1.817 5.206
4 16 -12.484 .762 13.087 -13.786 -.745 9.302 -14.007 -2.234 9.766 -12.618 -.639 13.718
3 16 -9.887 2 16.453 -12.484 .762 13.087 -12.618 -.639 13.718
3 16 -9.887 2 16.453 -10.065 2.689 16.183 -12.484 .762 13.087
3 16 -9.887 2 16.453 -7.255 4.22 17.717 -10.065 2.689 16.183
3 16 -12.952 7.762 -6.005 -12.145 7.22 -7.044 -12.632 6.95 -6.679
3 16 -12.952 7.762 -6.005 -12.487 8.478 -6.188 -12.145 7.22 -7.044
3 16 -13.158 6.663 -5.955 -12.952 7.762 -6.005 -12.632 6.95 -6.679
3 16 -13.158 6.663 -5.955 -13.307 7.266 -5.537 -12.952 7.762 -6.005
3 16 -13.848 6.184 -4.561 -13.307 7.266 -5.537 -13.158 6.663 -5.955
3 16 -13.848 6.184 -4.561 -13.89 7.069 -4.184 -13.307 7.266 -5.537
3 16 -13.307 7.266 -5.537 -13.309 8.304 -5.271 -12.952 7.762 -6.005
3 16 -13.89 7.069 -4.184 -13.309 8.304 -5.271 -13.307 7.266 -5.537
4 16 -12.952 7.762 -6.005 -13.309 8.304 -5.271 -12.83 9.308 -5.3 -12.487 8.478 -6.188
3 16 -13.89 7.069 -4.184 -13.893 8.403 -3.904 -13.309 8.304 -5.271
3 16 -13.309 8.304 -5.271 -13.893 8.403 -3.904 -13.534 9.866 -3.723
3 16 -14.526 5.807 -2.524 -13.89 7.069 -4.184 -13.848 6.184 -4.561
3 16 -14.526 5.807 -2.524 -14.559 6.89 -2.289 -13.89 7.069 -4.184
3 16 -13.534 9.866 -3.723 -12.83 9.308 -5.3 -13.309 8.304 -5.271
4 16 -13.893 8.403 -3.904 -13.89 7.069 -4.184 -14.559 6.89 -2.289 -14.498 7.987 -2.231
3 16 -14.105 9.589 -1.746 -13.893 8.403 -3.904 -14.498 7.987 -2.231
3 16 -14.105 9.589 -1.746 -13.534 9.866 -3.723 -13.893 8.403 -3.904
3 16 -14.518 8.858 1.251 -14.105 9.589 -1.746 -14.498 7.987 -2.231
3 16 -14.518 8.858 1.251 -14.104 9.113 1.154 -14.105 9.589 -1.746
3 16 -14.518 8.858 1.251 -13.898 9.569 3.186 -14.104 9.113 1.154
3 16 -14.518 8.858 1.251 -14.511 9.255 3.456 -13.898 9.569 3.186
3 16 -14.511 9.255 3.456 -13.844 10.746 4.386 -13.898 9.569 3.186
3 16 -14.511 9.255 3.456 -14.342 9.889 5.777 -13.844 10.746 4.386
3 16 -13.886 11.47 6.076 -13.844 10.746 4.386 -14.342 9.889 5.777
3 16 -13.886 11.47 6.076 -13.579 11.932 4.987 -13.844 10.746 4.386
3 16 -13.88 10.485 7.907 -13.886 11.47 6.076 -14.342 9.889 5.777
3 16 -13.88 10.485 7.907 -13.739 11.713 7.436 -13.886 11.47 6.076
3 16 -13.886 11.47 6.076 -12.997 14.431 6.327 -13.579 11.932 4.987
3 16 -13.886 11.47 6.076 -13.256 13.538 7.767 -12.997 14.431 6.327
3 16 -13.739 11.713 7.436 -13.256 13.538 7.767 -13.886 11.47 6.076
3 16 -13.739 11.713 7.436 -12.913 12.845 9.256 -13.256 13.538 7.767
3 16 -13.88 10.485 7.907 -13.132 12.359 10.036 -13.739 11.713 7.436
3 16 -13.88 10.485 7.907 -12.993 11.114 10.366 -13.132 12.359 10.036
3 16 -13.256 13.538 7.767 -11.398 16.892 8.966 -12.997 14.431 6.327
3 16 -13.256 13.538 7.767 -11.689 15.449 10.178 -11.398 16.892 8.966
3 16 -12.913 12.845 9.256 -11.689 15.449 10.178 -13.256 13.538 7.767
3 16 -11.509 11.997 12.776 -13.132 12.359 10.036 -12.993 11.114 10.366
3 16 -11.509 11.997 12.776 -11.871 13.224 12.59 -13.132 12.359 10.036
3 16 -12.913 12.845 9.256 -11.492 14.02 11.284 -11.689 15.449 10.178
3 16 -9.241 14.427 15.229 -11.871 13.224 12.59 -11.509 11.997 12.776
3 16 -9.241 14.427 15.229 -11.509 11.997 12.776 -8.599 12.972 15.339
3 16 -6.93 15.049 16.446 -9.241 14.427 15.229 -8.599 12.972 15.339
3 16 -6.93 15.049 16.446 -8.599 12.972 15.339 -6.419 13.591 16.42
4 16 -9.508 15.194 13.231 -9.596 16.69 12.243 -11.689 15.449 10.178 -11.492 14.02 11.284
4 16 -9.596 16.69 12.243 -9.508 15.194 13.231 -7.511 15.975 14.177 -7.923 17.295 13.045
3 16 -11.689 15.449 10.178 -9.276 17.774 11.053 -11.398 16.892 8.966
3 16 -11.689 15.449 10.178 -9.596 16.69 12.243 -9.276 17.774 11.053
3 16 -9.596 16.69 12.243 -7.919 17.715 12.009 -9.276 17.774 11.053
3 16 -9.596 16.69 12.243 -7.923 17.295 13.045 -7.919 17.715 12.009
3 16 -1.88 -4.372 16.25 -4.593 -2.628 16.493 -2.994 -4.098 15.021
3 16 -1.88 -4.372 16.25 -3.237 -3.001 18.178 -4.593 -2.628 16.493
3 16 -3.237 -3.001 18.178 -4.791 -2.315 16.574 -4.593 -2.628 16.493
3 16 -3.237 -3.001 18.178 -5.268 -1.559 17.132 -4.791 -2.315 16.574
3 16 -3.237 -3.001 18.178 -4.681 -.78 19.013 -5.268 -1.559 17.132
4 16 -5.463 .8 18.893 -5.798 -.374 17.124 -5.268 -1.559 17.132 -4.681 -.78 19.013
3 16 -5.463 .8 18.893 -6.172 .85 16.815 -5.798 -.374 17.124
3 16 -5.463 .8 18.893 -5.94 2.483 18.396 -6.172 .85 16.815
3 16 -5.94 2.483 18.396 -6.138 1.487 16.222 -6.172 .85 16.815
3 16 -5.94 2.483 18.396 -6.02 3.689 17.494 -6.138 1.487 16.222
3 16 4.944 3.532 17.404 4.53 2.359 18.346 4.716 2.626 17.604
3 16 4.944 3.532 17.404 5.213 4.795 19.546 4.53 2.359 18.346
4 16 4.433 3.098 20.91 4.33 1.992 18.875 4.53 2.359 18.346 5.213 4.795 19.546
3 16 4.944 3.532 17.404 5.341 5.526 18.535 5.213 4.795 19.546
3 16 4.33 1.992 18.875 4.433 3.098 20.91 3.398 .858 19.803
3 16 4.433 3.098 20.91 3.364 1.653 21.217 3.398 .858 19.803
3 16 3.398 .858 19.803 3.364 1.653 21.217 2.157 .35 20.678
3 16 3.398 .858 19.803 2.157 .35 20.678 1.363 -.575 19.614
3 16 -.384 -2.163 18.319 -3.237 -3.001 18.178 -1.88 -4.372 16.25
3 16 -.384 -2.163 18.319 -1.56 -1.012 19.347 -3.237 -3.001 18.178
3 16 -1.56 -1.012 19.347 -4.681 -.78 19.013 -3.237 -3.001 18.178
3 16 -1.56 -1.012 19.347 -2.634 1.184 19.71 -4.681 -.78 19.013
3 16 -2.634 1.184 19.71 -5.463 .8 18.893 -4.681 -.78 19.013
3 16 -2.634 1.184 19.71 -3.233 3.36 18.729 -5.463 .8 18.893
3 16 -3.233 3.36 18.729 -5.94 2.483 18.396 -5.463 .8 18.893
3 16 -3.233 3.36 18.729 -4.009 4.09 18.425 -5.94 2.483 18.396
3 16 -4.009 4.09 18.425 -6.02 3.689 17.494 -5.94 2.483 18.396
3 16 -4.009 4.09 18.425 -4.797 4.925 17.827 -6.02 3.689 17.494
3 16 -.129 -.914 18.538 -1.56 -1.012 19.347 -.384 -2.163 18.319
3 16 -.129 -.914 18.538 -.826 -.022 19.033 -1.56 -1.012 19.347
3 16 -.826 -.022 19.033 -1.391 1.26 19.19 -1.56 -1.012 19.347
3 16 -1.56 -1.012 19.347 -1.391 1.26 19.19 -2.634 1.184 19.71
3 16 -1.577 2.566 18.505 -2.634 1.184 19.71 -1.391 1.26 19.19
3 16 -1.577 2.566 18.505 -3.233 3.36 18.729 -2.634 1.184 19.71
3 16 1.363 -.575 19.614 -.826 -.022 19.033 -.129 -.914 18.538
3 16 -.469 1.62 20.083 -.826 -.022 19.033 1.363 -.575 19.614
3 16 2.157 .35 20.678 -.469 1.62 20.083 1.363 -.575 19.614
3 16 2.157 .35 20.678 .463 2.448 21.085 -.469 1.62 20.083
4 16 1.553 3.895 21.64 .463 2.448 21.085 2.157 .35 20.678 3.364 1.653 21.217
3 16 4.433 3.098 20.91 1.553 3.895 21.64 3.364 1.653 21.217
3 16 4.433 3.098 20.91 2.357 5.249 21.277 1.553 3.895 21.64
3 16 5.213 4.795 19.546 2.357 5.249 21.277 4.433 3.098 20.91
3 16 5.213 4.795 19.546 3.701 7.182 19.854 2.357 5.249 21.277
3 16 5.213 4.795 19.546 5.079 6.725 18.601 3.701 7.182 19.854
3 16 5.213 4.795 19.546 5.341 5.526 18.535 5.079 6.725 18.601
3 16 -.469 1.62 20.083 -1.391 1.26 19.19 -.826 -.022 19.033
3 16 5.079 6.725 18.601 4.415 7.747 18.438 3.701 7.182 19.854
3 16 -14.559 6.89 -2.289 -15.33 8.147 1.365 -14.498 7.987 -2.231
3 16 -14.559 6.89 -2.289 -15.379 6.119 1.808 -15.33 8.147 1.365
3 16 -14.559 6.89 -2.289 -15.259 5.068 .763 -15.379 6.119 1.808
3 16 -14.559 6.89 -2.289 -14.526 5.807 -2.524 -15.259 5.068 .763
3 16 -15.259 5.068 .763 -15.542 4.772 2.871 -15.379 6.119 1.808
3 16 -15.542 4.772 2.871 -15.578 5.854 4.876 -15.379 6.119 1.808
3 16 -15.542 4.772 2.871 -15.598 5.072 5.063 -15.578 5.854 4.876
3 16 -15.379 6.119 1.808 -15.649 8.371 4.074 -15.33 8.147 1.365
3 16 -15.379 6.119 1.808 -15.578 5.854 4.876 -15.649 8.371 4.074
3 16 -15.578 5.854 4.876 -15.193 9.036 7.468 -15.649 8.371 4.074
3 16 -15.578 5.854 4.876 -15.082 6.293 8.252 -15.193 9.036 7.468
3 16 -15.082 6.293 8.252 -14.167 9.891 11.256 -15.193 9.036 7.468
3 16 -15.082 6.293 8.252 -13.913 7.43 11.896 -14.167 9.891 11.256
3 16 -11.811 9.31 14.32 -14.167 9.891 11.256 -13.913 7.43 11.896
3 16 -11.811 9.31 14.32 -12.191 11.086 13.887 -14.167 9.891 11.256
3 16 -8.409 10.497 16.46 -12.191 11.086 13.887 -11.811 9.31 14.32
3 16 -8.409 10.497 16.46 -8.725 12.162 16.313 -12.191 11.086 13.887
4 16 -5.255 11.34 17.511 -6.149 12.834 17.156 -8.725 12.162 16.313 -8.409 10.497 16.46
3 16 -14.498 7.987 -2.231 -15.33 8.147 1.365 -14.518 8.858 1.251
3 16 -15.33 8.147 1.365 -14.511 9.255 3.456 -14.518 8.858 1.251
3 16 -15.33 8.147 1.365 -15.649 8.371 4.074 -14.511 9.255 3.456
3 16 -15.649 8.371 4.074 -14.342 9.889 5.777 -14.511 9.255 3.456
4 16 -13.88 10.485 7.907 -14.342 9.889 5.777 -15.649 8.371 4.074 -15.193 9.036 7.468
3 16 -13.88 10.485 7.907 -15.193 9.036 7.468 -14.167 9.891 11.256
3 16 -13.88 10.485 7.907 -14.167 9.891 11.256 -12.993 11.114 10.366
3 16 -12.191 11.086 13.887 -12.993 11.114 10.366 -14.167 9.891 11.256
3 16 -12.191 11.086 13.887 -11.509 11.997 12.776 -12.993 11.114 10.366
3 16 -12.191 11.086 13.887 -8.599 12.972 15.339 -11.509 11.997 12.776
3 16 -12.191 11.086 13.887 -8.725 12.162 16.313 -8.599 12.972 15.339
3 16 -6.419 13.591 16.42 -8.599 12.972 15.339 -8.725 12.162 16.313
3 16 -6.419 13.591 16.42 -8.725 12.162 16.313 -6.149 12.834 17.156
3 16 4.879 8.914 17.686 5.686 10.971 17.792 5.014 9.34 18.711
4 16 4.879 8.914 17.686 5.014 9.34 18.711 4.498 8.558 19.962 4.628 8.502 18.173
3 16 4.498 8.558 19.962 4.415 7.747 18.438 4.628 8.502 18.173
3 16 4.498 8.558 19.962 3.701 7.182 19.854 4.415 7.747 18.438
3 16 5.453 10.511 19.872 5.014 9.34 18.711 5.686 10.971 17.792
3 16 5.453 10.511 19.872 4.498 8.558 19.962 5.014 9.34 18.711
3 16 5.239 12.619 19.103 5.453 10.511 19.872 5.686 10.971 17.792
3 16 5.239 12.619 19.103 5.686 10.971 17.792 5.662 11.48 16.984
3 16 5.662 11.48 16.984 5.337 12.669 17.204 5.239 12.619 19.103
4 16 4.941 10.291 21.433 3.646 8.222 21.471 3.701 7.182 19.854 4.498 8.558 19.962
3 16 3.646 8.222 21.471 2.371 6.731 21.031 3.701 7.182 19.854
3 16 .941 5.388 20.173 3.701 7.182 19.854 2.371 6.731 21.031
3 16 4.941 10.291 21.433 4.498 8.558 19.962 5.453 10.511 19.872
3 16 5.337 12.669 17.204 4.456 13.703 18.746 5.239 12.619 19.103
3 16 5.337 12.669 17.204 4.672 13.675 17.136 4.456 13.703 18.746
3 16 4.875 12.377 20.795 5.453 10.511 19.872 5.239 12.619 19.103
3 16 4.875 12.377 20.795 4.941 10.291 21.433 5.453 10.511 19.872
3 16 4.068 13.406 20.164 5.239 12.619 19.103 4.456 13.703 18.746
3 16 4.068 13.406 20.164 4.875 12.377 20.795 5.239 12.619 19.103
3 16 -.778 2.969 19.631 -1.391 1.26 19.19 -.469 1.62 20.083
3 16 -.778 2.969 19.631 -1.577 2.566 18.505 -1.391 1.26 19.19
3 16 .463 2.448 21.085 -.778 2.969 19.631 -.469 1.62 20.083
3 16 .463 2.448 21.085 .059 3.617 20.349 -.778 2.969 19.631
3 16 1.553 3.895 21.64 .059 3.617 20.349 .463 2.448 21.085
3 16 1.553 3.895 21.64 .653 4.678 20.45 .059 3.617 20.349
4 16 .941 5.388 20.173 .653 4.678 20.45 1.553 3.895 21.64 2.357 5.249 21.277
3 16 2.357 5.249 21.277 3.701 7.182 19.854 .941 5.388 20.173
3 16 -.778 2.969 19.631 -3.233 3.36 18.729 -1.577 2.566 18.505
3 16 -.778 2.969 19.631 -2.972 4.336 20.63 -3.233 3.36 18.729
3 16 -2.972 4.336 20.63 -4.009 4.09 18.425 -3.233 3.36 18.729
3 16 -2.972 4.336 20.63 -4.49 5.875 20.804 -4.009 4.09 18.425
3 16 -4.009 4.09 18.425 -4.49 5.875 20.804 -5.295 5.65 18.086
3 16 -4.009 4.09 18.425 -5.295 5.65 18.086 -4.797 4.925 17.827
3 16 -5.295 5.65 18.086 -4.49 5.875 20.804 -5.068 7.002 20.556
3 16 -5.295 5.65 18.086 -5.068 7.002 20.556 -5.615 6.164 18.185
3 16 -5.615 6.164 18.185 -5.068 7.002 20.556 -5.593 8.153 20.094
3 16 -5.615 6.164 18.185 -5.593 8.153 20.094 -5.857 7.018 17.772
3 16 -5.857 7.018 17.772 -5.593 8.153 20.094 -5.943 9.551 19.142
4 16 -6.105 7.766 17.042 -5.857 7.018 17.772 -5.943 9.551 19.142 -6.184 9.156 17.65
3 16 -5.865 10.346 17.007 -6.184 9.156 17.65 -5.943 9.551 19.142
3 16 -15.542 4.772 2.871 -15.514 4.603 5.143 -15.598 5.072 5.063
3 16 -14.988 4.776 8.694 -15.598 5.072 5.063 -15.514 4.603 5.143
3 16 -14.988 4.776 8.694 -15.398 5.578 8.755 -15.598 5.072 5.063
3 16 -13.617 5.315 12.316 -15.398 5.578 8.755 -14.988 4.776 8.694
3 16 -13.617 5.315 12.316 -14.136 6.575 12.481 -15.398 5.578 8.755
3 16 -11.056 6.259 15.025 -14.136 6.575 12.481 -13.617 5.315 12.316
3 16 -11.056 6.259 15.025 -11.708 7.645 15.282 -14.136 6.575 12.481
3 16 -8.021 7.282 16.481 -11.708 7.645 15.282 -11.056 6.259 15.025
3 16 -8.021 7.282 16.481 -8.502 8.626 16.919 -11.708 7.645 15.282
3 16 -6.105 7.766 17.042 -8.502 8.626 16.919 -8.021 7.282 16.481
3 16 -6.105 7.766 17.042 -6.184 9.156 17.65 -8.502 8.626 16.919
4 16 -2.972 4.336 20.63 -.778 2.969 19.631 .059 3.617 20.349 -1.839 5.138 21.507
3 16 .653 4.678 20.45 -1.839 5.138 21.507 .059 3.617 20.349
3 16 .653 4.678 20.45 -.874 6.125 21.724 -1.839 5.138 21.507
4 16 -4.49 5.875 20.804 -2.972 4.336 20.63 -1.839 5.138 21.507 -3.327 6.828 21.745
3 16 -.874 6.125 21.724 -3.327 6.828 21.745 -1.839 5.138 21.507
3 16 -.874 6.125 21.724 -2.119 7.961 21.887 -3.327 6.828 21.745
3 16 -3.997 7.777 21.389 -4.49 5.875 20.804 -3.327 6.828 21.745
3 16 -2.119 7.961 21.887 -3.997 7.777 21.389 -3.327 6.828 21.745
3 16 -3.997 7.777 21.389 -5.068 7.002 20.556 -4.49 5.875 20.804
3 16 -2.119 7.961 21.887 -2.569 9.085 21.261 -3.997 7.777 21.389
3 16 -4.359 8.608 20.986 -5.068 7.002 20.556 -3.997 7.777 21.389
3 16 -2.569 9.085 21.261 -4.359 8.608 20.986 -3.997 7.777 21.389
3 16 -4.359 8.608 20.986 -5.593 8.153 20.094 -5.068 7.002 20.556
3 16 -2.569 9.085 21.261 -4.417 9.658 20.532 -4.359 8.608 20.986
3 16 -4.417 9.658 20.532 -5.593 8.153 20.094 -4.359 8.608 20.986
3 16 -2.73 9.953 20.66 -4.417 9.658 20.532 -2.569 9.085 21.261
3 16 -2.73 9.953 20.66 -4.256 10.662 19.888 -4.417 9.658 20.532
3 16 -4.417 9.658 20.532 -5.943 9.551 19.142 -5.593 8.153 20.094
3 16 -4.256 10.662 19.888 -5.943 9.551 19.142 -4.417 9.658 20.532
3 16 -4.256 10.662 19.888 -4.944 11.174 18.7 -5.943 9.551 19.142
3 16 -5.865 10.346 17.007 -5.943 9.551 19.142 -4.944 11.174 18.7
3 16 -5.865 10.346 17.007 -4.944 11.174 18.7 -5.255 11.34 17.511
3 16 -.134 6.749 20.732 .653 4.678 20.45 .941 5.388 20.173
3 16 -.134 6.749 20.732 -.874 6.125 21.724 .653 4.678 20.45
3 16 -.948 8.34 20.543 -.874 6.125 21.724 -.134 6.749 20.732
3 16 -.948 8.34 20.543 -2.119 7.961 21.887 -.874 6.125 21.724
3 16 -1.819 8.946 20.81 -2.119 7.961 21.887 -.948 8.34 20.543
3 16 -1.083 8.993 20.066 -1.819 8.946 20.81 -.948 8.34 20.543
3 16 -1.083 8.993 20.066 -1.776 9.427 20.417 -1.819 8.946 20.81
3 16 -1.819 8.946 20.81 -2.569 9.085 21.261 -2.119 7.961 21.887
3 16 -1.776 9.427 20.417 -2.569 9.085 21.261 -1.819 8.946 20.81
3 16 -1.776 9.427 20.417 -2.73 9.953 20.66 -2.569 9.085 21.261
3 16 2.371 6.731 21.031 -.134 6.749 20.732 .941 5.388 20.173
3 16 2.371 6.731 21.031 .624 7.91 20.932 -.134 6.749 20.732
3 16 2.414 9.26 21.597 .624 7.91 20.932 2.371 6.731 21.031
3 16 2.414 9.26 21.597 2.371 6.731 21.031 3.646 8.222 21.471
3 16 3.612 10.875 21.741 2.414 9.26 21.597 3.646 8.222 21.471
3 16 3.612 10.875 21.741 3.646 8.222 21.471 4.941 10.291 21.433
3 16 4.289 12.197 21.271 3.612 10.875 21.741 4.941 10.291 21.433
3 16 4.289 12.197 21.271 4.941 10.291 21.433 4.875 12.377 20.795
3 16 -.134 6.749 20.732 .624 7.91 20.932 -.948 8.34 20.543
4 16 2.414 9.26 21.597 .36 10.358 20.455 -.196 9.611 20.284 .624 7.91 20.932
3 16 -.948 8.34 20.543 .624 7.91 20.932 -.196 9.611 20.284
3 16 4.068 13.406 20.164 4.289 12.197 21.271 4.875 12.377 20.795
3 16 4.068 13.406 20.164 2.888 12.715 20.687 4.289 12.197 21.271
3 16 2.888 12.715 20.687 3.612 10.875 21.741 4.289 12.197 21.271
3 16 .994 11.154 20.167 2.414 9.26 21.597 3.612 10.875 21.741
3 16 .994 11.154 20.167 .36 10.358 20.455 2.414 9.26 21.597
3 16 2.888 12.715 20.687 .994 11.154 20.167 3.612 10.875 21.741
3 16 -.948 8.34 20.543 -.196 9.611 20.284 -1.083 8.993 20.066
3 16 4.951 14.508 18.533 4.672 13.675 17.136 4.865 14.278 16.617
3 16 4.951 14.508 18.533 4.456 13.703 18.746 4.672 13.675 17.136
3 16 5.423 16.123 17.843 4.951 14.508 18.533 4.865 14.278 16.617
3 16 5.423 16.123 17.843 4.865 14.278 16.617 5.522 15.611 16.138
3 16 5.582 16.095 15.359 5.423 16.123 17.843 5.522 15.611 16.138
3 16 5.164 17.403 17.17 5.423 16.123 17.843 5.582 16.095 15.359
3 16 5.164 17.403 17.17 5.582 16.095 15.359 5.268 17.126 14.439
3 16 4.951 14.508 18.533 4.068 13.406 20.164 4.456 13.703 18.746
3 16 4.951 14.508 18.533 4.344 14.572 20.739 4.068 13.406 20.164
4 16 4.344 14.572 20.739 4.951 14.508 18.533 5.423 16.123 17.843 4.967 16.29 19.633
3 16 4.702 17.423 18.95 5.423 16.123 17.843 5.164 17.403 17.17
3 16 4.702 17.423 18.95 4.967 16.29 19.633 5.423 16.123 17.843
3 16 4.068 13.406 20.164 4.344 14.572 20.739 2.432 13.215 21.248
3 16 4.068 13.406 20.164 2.432 13.215 21.248 2.888 12.715 20.687
3 16 2.888 12.715 20.687 2.432 13.215 21.248 .552 11.568 20.775
3 16 2.888 12.715 20.687 .552 11.568 20.775 .994 11.154 20.167
3 16 -15.598 5.072 5.063 -15.082 6.293 8.252 -15.578 5.854 4.876
3 16 -15.598 5.072 5.063 -15.398 5.578 8.755 -15.082 6.293 8.252
3 16 -15.398 5.578 8.755 -13.913 7.43 11.896 -15.082 6.293 8.252
3 16 -15.398 5.578 8.755 -14.136 6.575 12.481 -13.913 7.43 11.896
3 16 -14.136 6.575 12.481 -11.468 8.699 14.109 -13.913 7.43 11.896
3 16 -14.136 6.575 12.481 -11.708 7.645 15.282 -11.468 8.699 14.109
3 16 -11.708 7.645 15.282 -8.311 9.803 15.888 -11.468 8.699 14.109
3 16 -11.708 7.645 15.282 -8.502 8.626 16.919 -8.311 9.803 15.888
3 16 -8.311 9.803 15.888 -8.502 8.626 16.919 -6.184 9.156 17.65
3 16 -8.311 9.803 15.888 -6.184 9.156 17.65 -5.865 10.346 17.007
3 16 -.824 9.936 20.948 -1.083 8.993 20.066 -.196 9.611 20.284
3 16 -.824 9.936 20.948 -1.776 9.427 20.417 -1.083 8.993 20.066
3 16 .36 10.358 20.455 -.824 9.936 20.948 -.196 9.611 20.284
3 16 .36 10.358 20.455 .019 10.7 21.089 -.824 9.936 20.948
3 16 -.824 9.936 20.948 -2.73 9.953 20.66 -1.776 9.427 20.417
3 16 -.824 9.936 20.948 -2.368 11.263 21.647 -2.73 9.953 20.66
3 16 -1.188 11.889 22.112 -.824 9.936 20.948 .019 10.7 21.089
3 16 -1.188 11.889 22.112 -2.368 11.263 21.647 -.824 9.936 20.948
3 16 -2.368 11.263 21.647 -4.33 11.392 20.794 -2.73 9.953 20.66
3 16 -2.481 13.69 21.899 -2.368 11.263 21.647 -1.188 11.889 22.112
3 16 -2.481 13.69 21.899 -3.912 13.341 21.557 -2.368 11.263 21.647
3 16 -3.912 13.341 21.557 -4.33 11.392 20.794 -2.368 11.263 21.647
3 16 -3.912 13.341 21.557 -5.464 13.306 20.744 -4.33 11.392 20.794
3 16 -2.872 14.748 21.189 -3.912 13.341 21.557 -2.481 13.69 21.899
3 16 -2.872 14.748 21.189 -4.492 14.916 21.043 -3.912 13.341 21.557
3 16 -4.492 14.916 21.043 -5.464 13.306 20.744 -3.912 13.341 21.557
3 16 -4.492 14.916 21.043 -5.924 15.337 20.18 -5.464 13.306 20.744
3 16 .552 11.568 20.775 .36 10.358 20.455 .994 11.154 20.167
3 16 .552 11.568 20.775 .019 10.7 21.089 .36 10.358 20.455
3 16 .552 11.568 20.775 -1.188 11.889 22.112 .019 10.7 21.089
3 16 .552 11.568 20.775 -.72 13.039 21.246 -1.188 11.889 22.112
3 16 -2.481 13.69 21.899 -1.188 11.889 22.112 -.72 13.039 21.246
3 16 -1.648 14.863 20.155 -2.481 13.69 21.899 -.72 13.039 21.246
3 16 -1.648 14.863 20.155 -2.872 14.748 21.189 -2.481 13.69 21.899
3 16 4.087 16.123 20.309 4.344 14.572 20.739 4.967 16.29 19.633
3 16 4.087 16.123 20.309 3.237 15.508 20.782 4.344 14.572 20.739
3 16 3.237 15.508 20.782 2.432 13.215 21.248 4.344 14.572 20.739
3 16 3.237 15.508 20.782 1.387 14.384 21.217 2.432 13.215 21.248
3 16 3.833 16.83 19.862 4.087 16.123 20.309 4.967 16.29 19.633
3 16 3.833 16.83 19.862 4.967 16.29 19.633 4.702 17.423 18.95
3 16 1.387 14.384 21.217 .552 11.568 20.775 2.432 13.215 21.248
3 16 1.387 14.384 21.217 -.72 13.039 21.246 .552 11.568 20.775
3 16 4.087 16.123 20.309 2.523 16.532 20.132 3.237 15.508 20.782
3 16 4.087 16.123 20.309 3.833 16.83 19.862 2.523 16.532 20.132
3 16 2.523 16.532 20.132 1.387 14.384 21.217 3.237 15.508 20.782
3 16 2.523 16.532 20.132 .417 15.852 20.137 1.387 14.384 21.217
3 16 -.72 13.039 21.246 1.387 14.384 21.217 .417 15.852 20.137
3 16 -.72 13.039 21.246 .417 15.852 20.137 -1.648 14.863 20.155
3 16 -5.865 10.346 17.007 -8.409 10.497 16.46 -8.311 9.803 15.888
3 16 -5.865 10.346 17.007 -5.255 11.34 17.511 -8.409 10.497 16.46
3 16 -8.311 9.803 15.888 -8.409 10.497 16.46 -11.811 9.31 14.32
3 16 -8.311 9.803 15.888 -11.811 9.31 14.32 -11.468 8.699 14.109
3 16 -13.913 7.43 11.896 -11.468 8.699 14.109 -11.811 9.31 14.32
3 16 -13.739 11.713 7.436 -13.132 12.359 10.036 -12.913 12.845 9.256
3 16 -13.132 12.359 10.036 -11.492 14.02 11.284 -12.913 12.845 9.256
3 16 -13.132 12.359 10.036 -11.871 13.224 12.59 -11.492 14.02 11.284
3 16 -11.871 13.224 12.59 -9.508 15.194 13.231 -11.492 14.02 11.284
3 16 -11.871 13.224 12.59 -9.241 14.427 15.229 -9.508 15.194 13.231
3 16 -7.511 15.975 14.177 -9.508 15.194 13.231 -9.241 14.427 15.229
3 16 -7.511 15.975 14.177 -9.241 14.427 15.229 -7.05 15.759 15.336
3 16 -7.05 15.759 15.336 -9.241 14.427 15.229 -6.93 15.049 16.446
3 16 -2.73 9.953 20.66 -4.33 11.392 20.794 -4.256 10.662 19.888
3 16 -4.33 11.392 20.794 -4.944 11.174 18.7 -4.256 10.662 19.888
3 16 -4.33 11.392 20.794 -5.734 12.386 19.058 -4.944 11.174 18.7
3 16 -5.734 12.386 19.058 -5.255 11.34 17.511 -4.944 11.174 18.7
3 16 -5.734 12.386 19.058 -6.149 12.834 17.156 -5.255 11.34 17.511
3 16 -6.356 13.881 19.157 -6.149 12.834 17.156 -5.734 12.386 19.058
3 16 -6.356 13.881 19.157 -6.713 14.508 17.709 -6.149 12.834 17.156
3 16 -6.713 14.508 17.709 -6.419 13.591 16.42 -6.149 12.834 17.156
3 16 -6.713 14.508 17.709 -6.93 15.049 16.446 -6.419 13.591 16.42
3 16 -5.464 13.306 20.744 -5.734 12.386 19.058 -4.33 11.392 20.794
3 16 -5.464 13.306 20.744 -6.356 13.881 19.157 -5.734 12.386 19.058
3 16 -6.93 15.049 16.446 -6.713 14.508 17.709 -6.81 15.68 18.222
3 16 -6.356 13.881 19.157 -6.81 15.68 18.222 -6.713 14.508 17.709
3 16 -6.93 15.049 16.446 -6.81 15.68 18.222 -7.05 15.759 15.336
3 16 -5.924 15.337 20.18 -6.356 13.881 19.157 -5.464 13.306 20.744
3 16 -5.924 15.337 20.18 -6.81 15.68 18.222 -6.356 13.881 19.157
4 16 6.568 34.843 14.248 6.867 33.367 14.272 5.567 29.74 14.187 .398 33.151 13.847
3 16 5.567 29.74 14.187 .096 29.896 13.64 .398 33.151 13.847
3 16 .398 33.151 13.847 .657 35.023 13.899 6.568 34.843 14.248
4 16 -6.081 32.93 14.127 .398 33.151 13.847 .096 29.896 13.64 -5.404 29.778 13.903
3 16 .398 33.151 13.847 -5.262 35.138 13.945 .657 35.023 13.899
3 16 .398 33.151 13.847 -6.081 32.93 14.127 -5.262 35.138 13.945
3 16 6.374 36.836 14.95 .657 35.023 13.899 .677 36.868 14.51
3 16 6.374 36.836 14.95 6.568 34.843 14.248 .657 35.023 13.899
3 16 .657 35.023 13.899 -5.031 36.527 14.565 .677 36.868 14.51
3 16 .657 35.023 13.899 -5.262 35.138 13.945 -5.031 36.527 14.565
4 16 6.812 41.259 15.129 6.998 40.77 15.137 7.073 40.208 15.133 .677 36.868 14.51
3 16 6.374 36.836 14.95 .677 36.868 14.51 7.073 40.208 15.133
4 16 6.812 41.259 15.129 .677 36.868 14.51 3.46 42.111 15.213 4.982 42.064 15.219
3 16 3.46 42.111 15.213 .677 36.868 14.51 .165 41.764 15.098
3 16 .677 36.868 14.51 -2.171 41.942 15.008 .165 41.764 15.098
3 16 -2.171 41.942 15.008 .677 36.868 14.51 -3.917 41.902 14.915
3 16 -3.917 41.902 14.915 .677 36.868 14.51 -5.99 40.784 14.814
3 16 -5.99 40.784 14.814 .677 36.868 14.51 -6.129 40.26 14.877
3 16 .677 36.868 14.51 -6.081 39.527 14.835 -6.129 40.26 14.877
3 16 -5.031 36.527 14.565 -6.081 39.527 14.835 .677 36.868 14.51
3 16 4.982 42.064 15.219 6.341 41.816 15.405 6.812 41.259 15.129
3 16 4.982 42.064 15.219 5.06 42.455 15.473 6.341 41.816 15.405
4 16 3.46 42.111 15.213 3.438 42.509 15.463 5.06 42.455 15.473 4.982 42.064 15.219
4 16 .165 41.764 15.098 .24 42.121 15.314 3.438 42.509 15.463 3.46 42.111 15.213
3 16 .165 41.764 15.098 -2.118 42.377 15.369 .24 42.121 15.314
3 16 .165 41.764 15.098 -2.171 41.942 15.008 -2.118 42.377 15.369
3 16 -2.118 42.377 15.369 -2.171 41.942 15.008 -3.917 41.902 14.915
3 16 -2.118 42.377 15.369 -3.917 41.902 14.915 -4.033 42.328 15.365
3 16 -5.819 41.434 15.205 -4.033 42.328 15.365 -3.917 41.902 14.915
3 16 -5.819 41.434 15.205 -3.917 41.902 14.915 -5.99 40.784 14.814
4 16 6.418 46.553 18.622 6.208 41.976 17.369 6.341 41.816 15.405 6.62 46.855 15.694
3 16 6.214 50.859 16.341 6.418 46.553 18.622 6.62 46.855 15.694
3 16 6.214 50.859 16.341 6.119 50.36 19.444 6.418 46.553 18.622
3 16 5.768 52.96 16.818 6.119 50.36 19.444 6.214 50.859 16.341
3 16 5.768 52.96 16.818 5.701 52.603 20.162 6.119 50.36 19.444
3 16 5.768 52.96 16.818 4.888 54.158 19.713 5.701 52.603 20.162
3 16 5.768 52.96 16.818 4.841 54.345 17.117 4.888 54.158 19.713
3 16 5.701 52.603 20.162 5.843 50.221 21.797 6.119 50.36 19.444
3 16 5.701 52.603 20.162 5.123 52.95 22.425 5.843 50.221 21.797
3 16 4.971 53.888 21.84 5.701 52.603 20.162 4.888 54.158 19.713
3 16 4.971 53.888 21.84 5.123 52.95 22.425 5.701 52.603 20.162
4 16 6.418 46.553 18.622 6.119 50.36 19.444 5.843 50.221 21.797 6.091 47.829 20.808
3 16 6.418 46.553 18.622 6.091 47.829 20.808 6.038 46.483 21.066
3 16 5.815 41.918 19.691 6.418 46.553 18.622 6.038 46.483 21.066
3 16 5.815 41.918 19.691 6.208 41.976 17.369 6.418 46.553 18.622
3 16 5.815 41.918 19.691 6.038 46.483 21.066 6.127 45.044 22.169
3 16 5.815 41.918 19.691 6.127 45.044 22.169 5.441 41.721 21.119
3 16 6.127 45.044 22.169 4.809 41.667 21.979 5.441 41.721 21.119
3 16 6.127 45.044 22.169 5.232 44.885 23.137 4.809 41.667 21.979
3 16 6.038 46.483 21.066 4.314 49.469 23.531 6.127 45.044 22.169
3 16 4.314 49.469 23.531 5.232 44.885 23.137 6.127 45.044 22.169
3 16 6.038 46.483 21.066 4.718 49.715 22.534 4.314 49.469 23.531
3 16 4.314 49.469 23.531 3.683 49.396 23.977 5.232 44.885 23.137
3 16 3.629 52.985 22.918 4.314 49.469 23.531 4.718 49.715 22.534
3 16 3.629 52.985 22.918 3.049 52.977 23.936 4.314 49.469 23.531
3 16 3.049 52.977 23.936 3.683 49.396 23.977 4.314 49.469 23.531
3 16 3.049 52.977 23.936 2.465 52.941 24.19 3.683 49.396 23.977
3 16 3.307 54.434 22.098 3.049 52.977 23.936 3.629 52.985 22.918
3 16 3.307 54.434 22.098 2.698 55.236 23.221 3.049 52.977 23.936
3 16 2.574 55.671 20.861 2.698 55.236 23.221 3.307 54.434 22.098
3 16 2.574 55.671 20.861 3.307 54.434 22.098 3.535 54.62 19.833
3 16 2.635 55.703 17.849 2.574 55.671 20.861 3.535 54.62 19.833
3 16 2.635 55.703 17.849 3.535 54.62 19.833 3.561 54.72 17.534
3 16 3.049 52.977 23.936 2.203 54.801 23.901 2.465 52.941 24.19
3 16 3.049 52.977 23.936 2.698 55.236 23.221 2.203 54.801 23.901
3 16 6.62 46.855 15.694 5.06 42.455 15.473 4.111 46.757 15.789
3 16 6.62 46.855 15.694 6.341 41.816 15.405 5.06 42.455 15.473
4 16 .167 46.618 15.777 4.111 46.757 15.789 5.06 42.455 15.473 3.438 42.509 15.463
3 16 3.438 42.509 15.463 .24 42.121 15.314 .167 46.618 15.777
3 16 4.111 46.757 15.789 6.214 50.859 16.341 6.62 46.855 15.694
3 16 4.111 46.757 15.789 3.694 51.862 17.089 6.214 50.859 16.341
3 16 .167 46.618 15.777 3.694 51.862 17.089 4.111 46.757 15.789
3 16 .167 46.618 15.777 .24 42.121 15.314 -2.118 42.377 15.369
3 16 .167 46.618 15.777 -2.118 42.377 15.369 -3.244 46.51 15.701
3 16 -2.118 42.377 15.369 -4.033 42.328 15.365 -3.244 46.51 15.701
3 16 .167 46.618 15.777 -.026 51.775 17.574 3.694 51.862 17.089
3 16 6.214 50.859 16.341 3.694 51.862 17.089 5.768 52.96 16.818
4 16 -5.819 41.434 15.205 -6.587 46.411 15.528 -3.244 46.51 15.701 -4.033 42.328 15.365
3 16 3.694 51.862 17.089 4.841 54.345 17.117 5.768 52.96 16.818
3 16 3.694 51.862 17.089 3.561 54.72 17.534 4.841 54.345 17.117
3 16 -2.941 51.85 17.311 .167 46.618 15.777 -3.244 46.51 15.701
3 16 -2.941 51.85 17.311 -.026 51.775 17.574 .167 46.618 15.777
3 16 1.919 54.462 17.923 3.561 54.72 17.534 3.694 51.862 17.089
3 16 -.026 51.775 17.574 1.919 54.462 17.923 3.694 51.862 17.089
3 16 1.919 54.462 17.923 2.635 55.703 17.849 3.561 54.72 17.534
3 16 -.026 51.775 17.574 -.118 54.153 18.181 1.919 54.462 17.923
3 16 1.919 54.462 17.923 1.151 55.743 18.163 2.635 55.703 17.849
3 16 -.118 54.153 18.181 1.151 55.743 18.163 1.919 54.462 17.923
3 16 -6.307 51.052 16.232 -3.244 46.51 15.701 -6.587 46.411 15.528
3 16 -6.307 51.052 16.232 -2.941 51.85 17.311 -3.244 46.51 15.701
3 16 -.118 54.153 18.181 -.396 55.68 18.306 1.151 55.743 18.163
3 16 -.026 51.775 17.574 -2.501 54.12 18.005 -.118 54.153 18.181
3 16 -.026 51.775 17.574 -2.941 51.85 17.311 -2.501 54.12 18.005
3 16 -.118 54.153 18.181 -2.135 55.664 18.153 -.396 55.68 18.306
3 16 -.118 54.153 18.181 -2.501 54.12 18.005 -2.135 55.664 18.153
3 16 -6.307 51.052 16.232 -6.052 53.589 16.853 -2.941 51.85 17.311
4 16 -6.052 53.589 16.853 -4.811 54.296 17.388 -2.501 54.12 18.005 -2.941 51.85 17.311
3 16 -2.501 54.12 18.005 -3.997 55.481 17.754 -2.135 55.664 18.153
3 16 -2.501 54.12 18.005 -4.811 54.296 17.388 -3.997 55.481 17.754
3 16 5.232 44.885 23.137 3.932 41.776 22.462 4.809 41.667 21.979
3 16 5.232 44.885 23.137 4.244 44.863 23.392 3.932 41.776 22.462
3 16 3.932 41.776 22.462 4.244 44.863 23.392 3.172 44.887 23.051
3 16 3.932 41.776 22.462 3.172 44.887 23.051 2.997 41.89 22.266
3 16 3.683 49.396 23.977 4.244 44.863 23.392 5.232 44.885 23.137
3 16 3.683 49.396 23.977 3.066 49.347 24.01 4.244 44.863 23.392
3 16 3.066 49.347 24.01 3.172 44.887 23.051 4.244 44.863 23.392
3 16 3.066 49.347 24.01 2.364 49.262 23.894 3.172 44.887 23.051
3 16 2.465 52.941 24.19 3.066 49.347 24.01 3.683 49.396 23.977
3 16 2.465 52.941 24.19 1.982 52.906 24.264 3.066 49.347 24.01
3 16 3.066 49.347 24.01 1.451 52.167 24.213 2.364 49.262 23.894
3 16 3.066 49.347 24.01 1.982 52.906 24.264 1.451 52.167 24.213
3 16 1.982 52.906 24.264 .276 53.649 24.046 1.451 52.167 24.213
3 16 2.203 54.801 23.901 1.982 52.906 24.264 2.465 52.941 24.19
3 16 2.203 54.801 23.901 1.453 54.771 23.966 1.982 52.906 24.264
3 16 1.453 54.771 23.966 .276 53.649 24.046 1.982 52.906 24.264
3 16 1.453 54.771 23.966 .049 54.677 23.62 .276 53.649 24.046
3 16 2.997 41.89 22.266 2.052 44.32 24.512 1.932 41.503 23.016
3 16 2.997 41.89 22.266 3.172 44.887 23.051 2.052 44.32 24.512
3 16 3.172 44.887 23.051 1.572 48.646 25.359 2.052 44.32 24.512
3 16 3.172 44.887 23.051 2.364 49.262 23.894 1.572 48.646 25.359
3 16 2.364 49.262 23.894 .681 51.619 25.106 1.572 48.646 25.359
3 16 2.364 49.262 23.894 1.451 52.167 24.213 .681 51.619 25.106
3 16 1.451 52.167 24.213 .108 53.059 24.816 .681 51.619 25.106
3 16 1.451 52.167 24.213 .276 53.649 24.046 .108 53.059 24.816
3 16 6.091 47.829 20.808 4.718 49.715 22.534 6.038 46.483 21.066
3 16 6.091 47.829 20.808 5.843 50.221 21.797 4.718 49.715 22.534
3 16 5.123 52.95 22.425 4.718 49.715 22.534 5.843 50.221 21.797
3 16 5.123 52.95 22.425 3.629 52.985 22.918 4.718 49.715 22.534
3 16 4.971 53.888 21.84 3.629 52.985 22.918 5.123 52.95 22.425
3 16 4.971 53.888 21.84 3.307 54.434 22.098 3.629 52.985 22.918
3 16 .143 43.861 24.588 1.932 41.503 23.016 2.052 44.32 24.512
3 16 .143 43.861 24.588 .04 40.849 22.934 1.932 41.503 23.016
3 16 2.052 44.32 24.512 -.035 47.834 25.66 .143 43.861 24.588
3 16 2.052 44.32 24.512 1.572 48.646 25.359 -.035 47.834 25.66
3 16 1.572 48.646 25.359 -.362 50.957 25.178 -.035 47.834 25.66
3 16 1.572 48.646 25.359 .681 51.619 25.106 -.362 50.957 25.178
3 16 .681 51.619 25.106 -1.05 53.015 24.668 -.362 50.957 25.178
3 16 .681 51.619 25.106 -.501 53.188 24.757 -1.05 53.015 24.668
3 16 .108 53.059 24.816 -.501 53.188 24.757 .681 51.619 25.106
3 16 -5.432 41.314 17.748 -6.587 46.411 15.528 -5.819 41.434 15.205
3 16 -5.432 41.314 17.748 -6.274 46.025 18.907 -6.587 46.411 15.528
3 16 -5.432 41.314 17.748 -5.951 44.16 22.015 -6.274 46.025 18.907
3 16 -5.432 41.314 17.748 -4.979 40.978 19.986 -5.951 44.16 22.015
3 16 -4.683 40.809 21.113 -5.951 44.16 22.015 -4.979 40.978 19.986
3 16 -4.683 40.809 21.113 -5.475 43.748 22.946 -5.951 44.16 22.015
4 16 -6.049 50.723 19.469 -6.307 51.052 16.232 -6.587 46.411 15.528 -6.274 46.025 18.907
3 16 -6.274 46.025 18.907 -5.951 44.16 22.015 -5.794 47.563 21.268
3 16 -5.794 47.563 21.268 -6.049 50.723 19.469 -6.274 46.025 18.907
3 16 -5.794 47.563 21.268 -5.789 50.727 21.752 -6.049 50.723 19.469
3 16 -5.475 43.748 22.946 -5.496 48.089 23.407 -5.951 44.16 22.015
3 16 -5.496 48.089 23.407 -5.794 47.563 21.268 -5.951 44.16 22.015
3 16 -5.475 43.748 22.946 -5.017 47.897 24.218 -5.496 48.089 23.407
3 16 -5.496 48.089 23.407 -5.278 49.131 22.624 -5.794 47.563 21.268
4 16 -5.773 53.601 20.164 -6.052 53.589 16.853 -6.307 51.052 16.232 -6.049 50.723 19.469
3 16 -5.278 49.131 22.624 -5.496 48.089 23.407 -4.469 50.236 23.947
3 16 -5.017 47.897 24.218 -4.469 50.236 23.947 -5.496 48.089 23.407
3 16 -5.278 49.131 22.624 -4.469 50.236 23.947 -4.682 50.53 23.302
3 16 -5.017 47.897 24.218 -4.022 50.217 24.324 -4.469 50.236 23.947
3 16 -4.022 50.217 24.324 -3.842 51.528 24.046 -4.469 50.236 23.947
3 16 -4.022 50.217 24.324 -3.531 51.425 24.3 -3.842 51.528 24.046
3 16 -4.469 50.236 23.947 -4.314 51.612 23.412 -4.682 50.53 23.302
3 16 -4.469 50.236 23.947 -3.842 51.528 24.046 -4.314 51.612 23.412
4 16 -6.049 50.723 19.469 -5.789 50.727 21.752 -5.556 53.448 22.281 -5.773 53.601 20.164
3 16 .04 40.849 22.934 -.896 43.84 23.616 -1.055 40.981 22.119
3 16 .04 40.849 22.934 .143 43.861 24.588 -.896 43.84 23.616
4 16 -.035 47.834 25.66 -.897 47.912 24.878 -.896 43.84 23.616 .143 43.861 24.588
3 16 -.362 50.957 25.178 -.897 47.912 24.878 -.035 47.834 25.66
3 16 -.362 50.957 25.178 -1.18 50.741 24.228 -.897 47.912 24.878
3 16 -1.05 53.015 24.668 -1.18 50.741 24.228 -.362 50.957 25.178
3 16 -1.05 53.015 24.668 -1.665 53.369 24.083 -1.18 50.741 24.228
3 16 -1.055 40.981 22.119 -2.615 43.329 24.027 -2.261 40.835 22.396
3 16 -1.055 40.981 22.119 -.896 43.84 23.616 -2.615 43.329 24.027
3 16 -.896 43.84 23.616 -2.155 47.718 25.403 -2.615 43.329 24.027
3 16 -.896 43.84 23.616 -.897 47.912 24.878 -2.155 47.718 25.403
3 16 -2.345 50.94 24.504 -2.155 47.718 25.403 -.897 47.912 24.878
3 16 -2.345 50.94 24.504 -.897 47.912 24.878 -1.18 50.741 24.228
3 16 -1.665 53.369 24.083 -2.345 50.94 24.504 -1.18 50.741 24.228
3 16 -1.665 53.369 24.083 -2.462 53.394 24.185 -2.345 50.94 24.504
3 16 -2.462 53.394 24.185 -3.1 51.304 24.329 -2.345 50.94 24.504
3 16 -2.462 53.394 24.185 -3.196 53.382 24.035 -3.1 51.304 24.329
3 16 -3.196 53.382 24.035 -3.531 51.425 24.3 -3.1 51.304 24.329
3 16 -3.196 53.382 24.035 -3.842 51.528 24.046 -3.531 51.425 24.3
3 16 -3.842 51.528 24.046 -3.196 53.382 24.035 -3.965 52.958 23.112
3 16 -3.842 51.528 24.046 -3.965 52.958 23.112 -4.314 51.612 23.412
3 16 -1.75 55.192 23.785 -2.462 53.394 24.185 -1.665 53.369 24.083
3 16 -1.75 55.192 23.785 -2.505 55.258 23.785 -2.462 53.394 24.185
3 16 -2.505 55.258 23.785 -3.196 53.382 24.035 -2.462 53.394 24.185
3 16 -3.965 52.958 23.112 -3.196 53.382 24.035 -3.785 54.101 23.214
3 16 -3.965 52.958 23.112 -3.785 54.101 23.214 -4.24 53.537 22.679
3 16 -3.785 54.101 23.214 -4.462 53.919 22.186 -4.24 53.537 22.679
3 16 -3.785 54.101 23.214 -3.827 55.249 22.875 -4.462 53.919 22.186
3 16 -4.462 53.919 22.186 -3.827 55.249 22.875 -3.944 55.498 20.216
3 16 -4.462 53.919 22.186 -3.944 55.498 20.216 -4.672 54.12 20.087
3 16 -4.672 54.12 20.087 -3.944 55.498 20.216 -3.997 55.481 17.754
3 16 -4.672 54.12 20.087 -3.997 55.481 17.754 -4.811 54.296 17.388
3 16 -2.505 55.258 23.785 -3.208 55.291 23.51 -3.196 53.382 24.035
3 16 -3.208 55.291 23.51 -3.785 54.101 23.214 -3.196 53.382 24.035
3 16 -3.208 55.291 23.51 -3.827 55.249 22.875 -3.785 54.101 23.214
3 16 -2.615 43.329 24.027 -3.122 41.101 21.871 -2.261 40.835 22.396
3 16 -2.615 43.329 24.027 -3.59 43.743 23.236 -3.122 41.101 21.871
3 16 -2.615 43.329 24.027 -3.057 47.761 24.293 -3.59 43.743 23.236
3 16 -2.615 43.329 24.027 -2.155 47.718 25.403 -3.057 47.761 24.293
3 16 -2.155 47.718 25.403 -2.709 49.722 24.352 -3.057 47.761 24.293
3 16 -2.155 47.718 25.403 -2.345 50.94 24.504 -2.709 49.722 24.352
3 16 -3.59 43.743 23.236 -4.161 40.873 21.775 -3.122 41.101 21.871
3 16 -3.59 43.743 23.236 -4.654 43.583 23.427 -4.161 40.873 21.775
3 16 -4.161 40.873 21.775 -4.654 43.583 23.427 -5.475 43.748 22.946
3 16 -4.161 40.873 21.775 -5.475 43.748 22.946 -4.683 40.809 21.113
4 16 -3.057 47.761 24.293 -4.289 47.698 24.556 -4.654 43.583 23.427 -3.59 43.743 23.236
3 16 -4.654 43.583 23.427 -5.017 47.897 24.218 -5.475 43.748 22.946
3 16 -4.654 43.583 23.427 -4.289 47.698 24.556 -5.017 47.897 24.218
3 16 -3.531 50.162 24.382 -4.289 47.698 24.556 -3.057 47.761 24.293
3 16 -3.531 50.162 24.382 -3.057 47.761 24.293 -2.709 49.722 24.352
3 16 -2.345 50.94 24.504 -3.531 50.162 24.382 -2.709 49.722 24.352
3 16 -2.345 50.94 24.504 -3.1 51.304 24.329 -3.531 50.162 24.382
3 16 -4.289 47.698 24.556 -4.022 50.217 24.324 -5.017 47.897 24.218
3 16 -4.289 47.698 24.556 -3.531 50.162 24.382 -4.022 50.217 24.324
3 16 -3.531 50.162 24.382 -3.531 51.425 24.3 -4.022 50.217 24.324
3 16 -3.531 50.162 24.382 -3.1 51.304 24.329 -3.531 51.425 24.3
3 16 3.561 54.72 17.534 4.888 54.158 19.713 4.841 54.345 17.117
3 16 3.561 54.72 17.534 3.535 54.62 19.833 4.888 54.158 19.713
4 16 3.307 54.434 22.098 4.971 53.888 21.84 4.888 54.158 19.713 3.535 54.62 19.833
4 16 1.419 55.69 20.786 2.574 55.671 20.861 2.635 55.703 17.849 1.151 55.743 18.163
4 16 -.396 55.68 18.306 -.282 55.627 20.78 1.419 55.69 20.786 1.151 55.743 18.163
3 16 -2.276 55.56 20.605 -.282 55.627 20.78 -.396 55.68 18.306
3 16 -2.276 55.56 20.605 -.396 55.68 18.306 -2.135 55.664 18.153
4 16 .41 55.245 22.902 1.467 55.219 23.075 2.574 55.671 20.861 1.419 55.69 20.786
3 16 2.574 55.671 20.861 1.467 55.219 23.075 2.698 55.236 23.221
3 16 1.467 55.219 23.075 2.203 54.801 23.901 2.698 55.236 23.221
3 16 1.467 55.219 23.075 1.453 54.771 23.966 2.203 54.801 23.901
3 16 1.419 55.69 20.786 -.282 55.627 20.78 .41 55.245 22.902
3 16 .41 55.245 22.902 1.453 54.771 23.966 1.467 55.219 23.075
3 16 -2.276 55.56 20.605 -.741 55.301 22.707 -.282 55.627 20.78
3 16 -.741 55.301 22.707 .41 55.245 22.902 -.282 55.627 20.78
3 16 -2.276 55.56 20.605 -1.75 55.192 23.785 -.741 55.301 22.707
3 16 .41 55.245 22.902 .049 54.677 23.62 1.453 54.771 23.966
3 16 -.741 55.301 22.707 .049 54.677 23.62 .41 55.245 22.902
3 16 -3.944 55.498 20.216 -2.276 55.56 20.605 -2.135 55.664 18.153
3 16 -3.944 55.498 20.216 -2.135 55.664 18.153 -3.997 55.481 17.754
3 16 -2.505 55.258 23.785 -1.75 55.192 23.785 -2.276 55.56 20.605
3 16 -3.208 55.291 23.51 -2.505 55.258 23.785 -2.276 55.56 20.605
3 16 -3.827 55.249 22.875 -2.276 55.56 20.605 -3.944 55.498 20.216
3 16 -3.827 55.249 22.875 -3.208 55.291 23.51 -2.276 55.56 20.605
3 16 -5.773 53.601 20.164 -4.811 54.296 17.388 -6.052 53.589 16.853
3 16 -5.773 53.601 20.164 -4.672 54.12 20.087 -4.811 54.296 17.388
3 16 -5.773 53.601 20.164 -4.462 53.919 22.186 -4.672 54.12 20.087
3 16 -5.773 53.601 20.164 -5.556 53.448 22.281 -4.462 53.919 22.186
3 16 -4.462 53.919 22.186 -5.556 53.448 22.281 -5.202 53.307 22.769
3 16 -4.462 53.919 22.186 -5.202 53.307 22.769 -4.24 53.537 22.679
4 16 -3.965 52.958 23.112 -4.24 53.537 22.679 -5.202 53.307 22.769 -5.009 52.847 23.105
3 16 -4.314 51.612 23.412 -3.965 52.958 23.112 -5.009 52.847 23.105
3 16 -4.314 51.612 23.412 -5.009 52.847 23.105 -4.868 51.564 23.195
3 16 -4.682 50.53 23.302 -4.314 51.612 23.412 -4.868 51.564 23.195
3 16 -4.682 50.53 23.302 -4.868 51.564 23.195 -5.01 50.662 23.032
3 16 .049 54.677 23.62 -.578 53.558 23.54 .276 53.649 24.046
3 16 .049 54.677 23.62 -.741 55.301 22.707 -.578 53.558 23.54
3 16 -.501 53.188 24.757 .276 53.649 24.046 -.578 53.558 23.54
3 16 -.501 53.188 24.757 .108 53.059 24.816 .276 53.649 24.046
3 16 -.578 53.558 23.54 -1.05 53.015 24.668 -.501 53.188 24.757
3 16 -.578 53.558 23.54 -1.665 53.369 24.083 -1.05 53.015 24.668
3 16 -1.75 55.192 23.785 -.578 53.558 23.54 -.741 55.301 22.707
3 16 -1.75 55.192 23.785 -1.665 53.369 24.083 -.578 53.558 23.54
3 16 -4.868 51.564 23.195 -5.202 53.307 22.769 -5.442 50.008 22.394
3 16 -4.868 51.564 23.195 -5.009 52.847 23.105 -5.202 53.307 22.769
3 16 -5.789 50.727 21.752 -5.442 50.008 22.394 -5.202 53.307 22.769
3 16 -5.789 50.727 21.752 -5.202 53.307 22.769 -5.556 53.448 22.281
3 16 -5.01 50.662 23.032 -4.868 51.564 23.195 -5.442 50.008 22.394
3 16 -4.682 50.53 23.302 -5.01 50.662 23.032 -5.442 50.008 22.394
3 16 -4.682 50.53 23.302 -5.442 50.008 22.394 -5.278 49.131 22.624
4 16 -5.789 50.727 21.752 -5.794 47.563 21.268 -5.278 49.131 22.624 -5.442 50.008 22.394
3 16 -1.948 28.807 13.061 .096 29.896 13.64 0 29.105 13.234
3 16 -1.948 28.807 13.061 -5.404 29.778 13.903 .096 29.896 13.64
3 16 -2.491 28.588 12.974 -5.404 29.778 13.903 -1.948 28.807 13.061
3 16 -2.491 28.588 12.974 -5.643 28.828 13.199 -5.404 29.778 13.903
3 16 .096 29.896 13.64 1.693 28.659 13.096 0 29.105 13.234
3 16 .096 29.896 13.64 5.567 29.74 14.187 1.693 28.659 13.096
3 16 5.567 29.74 14.187 2.435 28.306 12.987 1.693 28.659 13.096
3 16 5.567 29.74 14.187 5.975 28.69 13.181 2.435 28.306 12.987
3 16 2.723 27.506 12.905 5.975 28.69 13.181 6.243 27.459 13.098
3 16 2.723 27.506 12.905 2.435 28.306 12.987 5.975 28.69 13.181
3 16 2.723 27.506 12.905 6.243 27.459 13.098 5.826 25.331 13.066
3 16 2.723 27.506 12.905 5.826 25.331 13.066 2.83 24.49 12.851
3 16 3.933 23.204 12.585 2.83 24.49 12.851 5.826 25.331 13.066
3 16 3.933 23.204 12.585 2.925 23.556 12.794 2.83 24.49 12.851
3 16 5.277 23.41 12.817 3.933 23.204 12.585 5.826 25.331 13.066
3 16 5.277 23.41 12.817 4.634 22.535 12.305 3.933 23.204 12.585
3 16 5.608 21.338 12.325 4.634 22.535 12.305 5.277 23.41 12.817
3 16 5.608 21.338 12.325 4.825 18.099 12.19 4.634 22.535 12.305
3 16 6.224 17.843 12.215 4.825 18.099 12.19 5.608 21.338 12.325
4 16 -6.419 24.89 13.228 -6.536 27.097 13.306 -2.726 27.86 12.905 -2.857 24.552 12.848
3 16 -4.074 22.69 12.54 -6.419 24.89 13.228 -2.857 24.552 12.848
3 16 -4.074 22.69 12.54 -2.857 24.552 12.848 -2.862 23.321 12.832
3 16 -2.726 27.86 12.905 -6.536 27.097 13.306 -5.643 28.828 13.199
3 16 -2.726 27.86 12.905 -5.643 28.828 13.199 -2.491 28.588 12.974
3 16 -4.074 22.69 12.54 -6.193 22.56 12.506 -6.419 24.89 13.228
3 16 -4.074 22.69 12.54 -4.409 22.143 12.396 -6.193 22.56 12.506
3 16 -4.409 22.143 12.396 -4.791 18.116 12.204 -7.311 20.676 12.16
3 16 -7.311 20.676 12.16 -6.193 22.56 12.506 -4.409 22.143 12.396
3 16 -7.967 18.99 12.05 -7.311 20.676 12.16 -4.791 18.116 12.204
3 16 -4.791 18.116 12.204 -7.919 17.715 12.009 -7.967 18.99 12.05
4 16 -7.5383 3.4713 -10.1424 -8.0699 4 -9.942 -9.192 4 -9.192 -8.9232 2.4691 -8.9232
3 16 4.9751 4 12.0107 4.5159 -3.3859 12.002 0 4 13
3 16 4.5159 -3.3859 12.002 0 -3.5 12.9 0 4 13
3 16 0 18.086 13.121 4.825 18.099 12.19 0 4 13
3 16 0 4 13 4.825 18.099 12.19 4.9751 4 12.0107
3 16 0 4 13 0 -3.5 12.9 -4.9751 4 12.0107
3 16 0 18.086 13.121 0 4 13 -4.791 18.116 12.204
3 16 -4.9751 4 12.0107 -4.791 18.116 12.204 0 4 13
3 16 -4.5159 -3.3859 12.002 -4.9751 4 12.0107 0 -3.5 12.9
5 24 15.004 8.926 5.968 13.848 7.998 9.78 15.029 7.113 6.136 14.013 9.998 9.638
2 24 13.848 7.998 9.78 15.029 7.113 6.136
5 24 15.029 7.113 6.136 15.004 8.926 5.968 13.848 7.998 9.78 15.081 8.319 3.417
2 24 15.004 8.926 5.968 14.013 9.998 9.638
5 24 14.013 9.998 9.638 13.848 7.998 9.78 15.004 8.926 5.968 12.039 9.097 13.042
2 24 15.081 8.319 3.417 15.004 8.926 5.968
2 24 15.029 7.113 6.136 15.155 6.684 2.382
5 24 15.155 6.684 2.382 15.081 8.319 3.417 15.029 7.113 6.136 14.932 7.994 1.106
5 24 15.155 6.684 2.382 14.932 7.994 1.106 15.081 8.319 3.417 14.841 6.249 -.764
2 24 14.932 7.994 1.106 15.081 8.319 3.417
2 24 15.155 6.684 2.382 14.841 6.249 -.764
5 24 14.841 6.249 -.764 14.771 7.753 -.622 14.932 7.994 1.106 14.181 7.175 -3.184
5 24 14.771 7.753 -.622 14.932 7.994 1.106 14.841 6.249 -.764 14.578 8.518 -.515
5 24 14.771 7.753 -.622 14.578 8.518 -.515 14.932 7.994 1.106 14.136 8.492 -3.028
5 24 14.578 8.518 -.515 14.932 7.994 1.106 14.771 7.753 -.622 14.597 8.58 1.647
5 24 14.578 8.518 -.515 14.597 8.58 1.647 14.932 7.994 1.106 14.233 9.019 1.579
2 24 14.597 8.58 1.647 14.932 7.994 1.106
5 24 14.578 8.518 -.515 14.233 9.019 1.579 14.597 8.58 1.647 14.233 9.205 -.446
5 24 14.233 9.019 1.579 14.597 8.58 1.647 14.578 8.518 -.515 14.516 9.028 3.349
5 24 14.578 8.518 -.515 14.233 9.205 -.446 14.233 9.019 1.579 14.136 8.492 -3.028
2 24 14.233 9.205 -.446 14.233 9.019 1.579
5 24 14.578 8.518 -.515 14.136 8.492 -3.028 14.233 9.205 -.446 14.771 7.753 -.622
5 24 14.136 8.492 -3.028 14.233 9.205 -.446 14.578 8.518 -.515 13.818 9.626 -2.848
5 24 14.771 7.753 -.622 14.136 8.492 -3.028 14.578 8.518 -.515 14.181 7.175 -3.184
5 24 14.136 8.492 -3.028 13.818 9.626 -2.848 14.233 9.205 -.446 13.072 9.391 -4.964
2 24 13.818 9.626 -2.848 14.233 9.205 -.446
5 24 14.181 7.175 -3.184 14.136 8.492 -3.028 14.771 7.753 -.622 13.495 8.025 -5.085
5 24 14.841 6.249 -.764 14.181 7.175 -3.184 14.771 7.753 -.622 14.17 5.826 -3.565
2 24 13.072 9.391 -4.964 13.818 9.626 -2.848
5 24 14.136 8.492 -3.028 13.495 8.025 -5.085 13.072 9.391 -4.964 14.181 7.175 -3.184
5 24 13.495 8.025 -5.085 13.072 9.391 -4.964 14.136 8.492 -3.028 12.533 8.18 -6.394
5 24 14.181 7.175 -3.184 13.495 8.025 -5.085 14.136 8.492 -3.028 13.444 6.757 -5.208
2 24 14.841 6.249 -.764 14.17 5.826 -3.565
5 24 14.17 5.826 -3.565 14.181 7.175 -3.184 14.841 6.249 -.764 13.444 6.757 -5.208
2 24 12.533 8.18 -6.394 13.072 9.391 -4.964
5 24 13.495 8.025 -5.085 12.902 7.557 -6.183 12.533 8.18 -6.394 13.444 6.757 -5.208
5 24 12.902 7.557 -6.183 12.533 8.18 -6.394 13.495 8.025 -5.085 12.776 6.669 -6.499
5 24 14.181 7.175 -3.184 13.444 6.757 -5.208 13.495 8.025 -5.085 14.17 5.826 -3.565
5 24 13.444 6.757 -5.208 13.495 8.025 -5.085 14.181 7.175 -3.184 12.902 7.557 -6.183
5 24 13.444 6.757 -5.208 12.902 7.557 -6.183 13.495 8.025 -5.085 12.776 6.669 -6.499
5 24 14.17 5.826 -3.565 13.444 6.757 -5.208 14.181 7.175 -3.184 13.312 5.616 -5.733
5 24 13.444 6.757 -5.208 12.776 6.669 -6.499 12.902 7.557 -6.183 13.312 5.616 -5.733
5 24 12.776 6.669 -6.499 12.902 7.557 -6.183 13.444 6.757 -5.208 12.533 8.18 -6.394
5 24 12.776 6.669 -6.499 12.533 8.18 -6.394 12.902 7.557 -6.183 11.976 6.908 -7.428
2 24 14.17 5.826 -3.565 13.312 5.616 -5.733
5 24 13.312 5.616 -5.733 13.444 6.757 -5.208 14.17 5.826 -3.565 12.776 6.669 -6.499
5 24 13.312 5.616 -5.733 12.776 6.669 -6.499 13.444 6.757 -5.208 12.631 5.665 -6.974
5 24 12.776 6.669 -6.499 11.976 6.908 -7.428 12.533 8.18 -6.394 12.631 5.665 -6.974
2 24 11.976 6.908 -7.428 12.533 8.18 -6.394
2 24 13.312 5.616 -5.733 12.631 5.665 -6.974
5 24 12.631 5.665 -6.974 12.776 6.669 -6.499 13.312 5.616 -5.733 11.976 6.908 -7.428
5 24 12.631 5.665 -6.974 11.976 6.908 -7.428 12.776 6.669 -6.499 11.427 5.754 -8.22
2 24 12.631 5.665 -6.974 11.427 5.754 -8.22
2 24 11.427 5.754 -8.22 11.976 6.908 -7.428
5 24 -8.963 .795 -10.285 -9.223 2.499 -10.772 -8.256 2.192 -10.496 -10.145 1.256 -10.548
5 24 -9.223 2.499 -10.772 -8.256 2.192 -10.496 -8.963 .795 -10.285 -8.641 3.287 -10.553
2 24 -8.256 2.192 -10.496 -8.963 .795 -10.285
5 24 -8.963 .795 -10.285 -10.145 1.256 -10.548 -9.223 2.499 -10.772 -10.135 -.719 -8.746
2 24 -10.145 1.256 -10.548 -9.223 2.499 -10.772
2 24 -8.963 .795 -10.285 -10.135 -.719 -8.746
5 24 -10.135 -.719 -8.746 -11.544 -.284 -8.947 -10.145 1.256 -10.548 -11.315 -1.684 -6.407
2 24 -11.544 -.284 -8.947 -10.145 1.256 -10.548
2 24 -9.223 2.499 -10.772 -8.641 3.287 -10.553
5 24 -8.641 3.287 -10.553 -8.256 2.192 -10.496 -9.223 2.499 -10.772 -7.5383 3.4713 -10.1424
2 24 -8.641 3.287 -10.553 -7.5383 3.4713 -10.1424
2 24 -7.5383 3.4713 -10.1424 -8.256 2.192 -10.496
5 24 -11.315 -1.684 -6.407 -11.544 -.284 -8.947 -10.135 -.719 -8.746 -12.775 -1.124 -6.71
2 24 -10.135 -.719 -8.746 -11.315 -1.684 -6.407
5 24 -11.315 -1.684 -6.407 -12.775 -1.124 -6.71 -11.544 -.284 -8.947 -12.31 -2.762 -2.811
2 24 -12.775 -1.124 -6.71 -11.544 -.284 -8.947
5 24 -12.775 -1.124 -6.71 -12.31 -2.762 -2.811 -11.315 -1.684 -6.407 -13.793 -1.461 -3.484
2 24 -13.793 -1.461 -3.484 -12.775 -1.124 -6.71
2 24 -11.315 -1.684 -6.407 -12.31 -2.762 -2.811
5 24 -12.31 -2.762 -2.811 -13.793 -1.461 -3.484 -14.803 -1.289 .925 -12.775 -1.124 -6.71
5 24 -12.31 -2.762 -2.811 -14.803 -1.289 .925 -13.793 -1.461 -3.484 -14.234 -2.243 1.335
2 24 -14.803 -1.289 .925 -13.793 -1.461 -3.484
2 24 -12.31 -2.762 -2.811 -14.234 -2.243 1.335
5 24 -14.234 -2.243 1.335 -14.803 -1.289 .925 -12.31 -2.762 -2.811 -15.181 -.886 5.16
5 24 -14.234 -2.243 1.335 -15.181 -.886 5.16 -14.803 -1.289 .925 -14.593 -1.817 5.206
2 24 -15.181 -.886 5.16 -14.803 -1.289 .925
2 24 -14.234 -2.243 1.335 -14.593 -1.817 5.206
5 24 -14.593 -1.817 5.206 -15.181 -.886 5.16 -14.234 -2.243 1.335 -14.606 .121 9.102
5 24 -14.593 -1.817 5.206 -14.606 .121 9.102 -15.181 -.886 5.16 -13.786 -.745 9.302
2 24 -14.606 .121 9.102 -15.181 -.886 5.16
2 24 -14.593 -1.817 5.206 -13.786 -.745 9.302
5 24 -13.786 -.745 9.302 -14.606 .121 9.102 -14.593 -1.817 5.206 -12.484 .762 13.087
5 24 -12.484 .762 13.087 -14.606 .121 9.102 -13.786 -.745 9.302 -13.208 1.668 13.219
2 24 -13.786 -.745 9.302 -12.484 .762 13.087
5 24 -12.484 .762 13.087 -13.208 1.668 13.219 -14.606 .121 9.102 -10.065 2.689 16.183
2 24 -13.208 1.668 13.219 -14.606 .121 9.102
5 24 -10.065 2.689 16.183 -13.208 1.668 13.219 -12.484 .762 13.087 -10.683 3.641 16.378
2 24 -12.484 .762 13.087 -10.065 2.689 16.183
5 24 -10.065 2.689 16.183 -10.683 3.641 16.378 -13.208 1.668 13.219 -7.255 4.22 17.717
2 24 -10.683 3.641 16.378 -13.208 1.668 13.219
5 24 -7.255 4.22 17.717 -10.683 3.641 16.378 -10.065 2.689 16.183 -7.372 5.447 17.917
2 24 -10.065 2.689 16.183 -7.255 4.22 17.717
5 24 -7.255 4.22 17.717 -7.372 5.447 17.917 -10.683 3.641 16.378 -5.295 5.65 18.086
2 24 -7.372 5.447 17.917 -10.683 3.641 16.378
5 24 -5.295 5.65 18.086 -7.372 5.447 17.917 -7.255 4.22 17.717 -5.615 6.164 18.185
5 24 -7.255 4.22 17.717 -5.295 5.65 18.086 -7.372 5.447 17.917 -6.02 3.689 17.494
5 24 -7.255 4.22 17.717 -6.02 3.689 17.494 -5.295 5.65 18.086 -6.138 1.487 16.222
2 24 -6.02 3.689 17.494 -4.797 4.925 17.827
2 24 -4.797 4.925 17.827 -5.295 5.65 18.086
2 24 -5.295 5.65 18.086 -5.615 6.164 18.185
2 24 -5.615 6.164 18.185 -7.372 5.447 17.917
2 24 9.703 -4.233 11.162 7.901 -2.736 14.179
5 24 7.901 -2.736 14.179 7.91 -3.636 14.612 9.703 -4.233 11.162 5.164 -1.475 16.94
2 24 7.91 -3.636 14.612 9.74 -5.133 11.514
5 24 9.74 -5.133 11.514 9.703 -4.233 11.162 7.91 -3.636 14.612 11.065 -6.126 7.924
2 24 9.74 -5.133 11.514 11.065 -6.126 7.924
5 24 11.065 -6.126 7.924 9.703 -4.233 11.162 9.74 -5.133 11.514 11.079 -5.174 7.757
5 24 11.065 -6.126 7.924 11.079 -5.174 7.757 9.703 -4.233 11.162 12.013 -5.696 3.79
2 24 11.079 -5.174 7.757 9.703 -4.233 11.162
5 24 11.065 -6.126 7.924 12.013 -5.696 3.79 11.079 -5.174 7.757 11.934 -6.54 3.762
2 24 12.013 -5.696 3.79 11.079 -5.174 7.757
2 24 11.065 -6.126 7.924 11.934 -6.54 3.762
5 24 11.934 -6.54 3.762 12.013 -5.696 3.79 11.065 -6.126 7.924 12.132 -5.469 .557
5 24 11.934 -6.54 3.762 12.132 -5.469 .557 12.013 -5.696 3.79 11.985 -6.241 .438
2 24 12.132 -5.469 .557 12.013 -5.696 3.79
2 24 11.934 -6.54 3.762 11.985 -6.241 .438
5 24 11.985 -6.241 .438 12.132 -5.469 .557 11.934 -6.54 3.762 11.615 -5.561 -3.014
5 24 11.615 -5.561 -3.014 12.132 -5.469 .557 11.985 -6.241 .438 11.834 -4.852 -2.947
2 24 11.985 -6.241 .438 11.615 -5.561 -3.014
5 24 11.615 -5.561 -3.014 11.834 -4.852 -2.947 12.132 -5.469 .557 10.645 -4.336 -6.413
2 24 11.834 -4.852 -2.947 12.132 -5.469 .557
5 24 10.645 -4.336 -6.413 11.834 -4.852 -2.947 11.615 -5.561 -3.014 10.857 -3.643 -6.157
2 24 11.615 -5.561 -3.014 10.645 -4.336 -6.413
5 24 10.645 -4.336 -6.413 10.857 -3.643 -6.157 11.834 -4.852 -2.947 9.516 -2.022 -9.072
2 24 10.857 -3.643 -6.157 11.834 -4.852 -2.947
5 24 10.645 -4.336 -6.413 9.516 -2.022 -9.072 10.857 -3.643 -6.157 9.277 -2.7 -9.451
2 24 9.516 -2.022 -9.072 10.857 -3.643 -6.157
2 24 10.645 -4.336 -6.413 9.277 -2.7 -9.451
5 24 9.277 -2.7 -9.451 9.516 -2.022 -9.072 10.645 -4.336 -6.413 8.351 -.475 -11.022
5 24 9.277 -2.7 -9.451 8.351 -.475 -11.022 9.516 -2.022 -9.072 8.022 -1.023 -11.415
2 24 8.351 -.475 -11.022 9.516 -2.022 -9.072
2 24 9.277 -2.7 -9.451 8.022 -1.023 -11.415
5 24 8.022 -1.023 -11.415 8.351 -.475 -11.022 9.277 -2.7 -9.451 7.235 1.177 -11.945
2 24 7.235 1.177 -11.945 8.351 -.475 -11.022
5 24 8.022 -1.023 -11.415 7.235 1.177 -11.945 8.351 -.475 -11.022 6.898 .906 -12.484
2 24 8.022 -1.023 -11.415 6.898 .906 -12.484
5 24 6.898 .906 -12.484 7.235 1.177 -11.945 8.022 -1.023 -11.415 6.058 2.326 -12.2
2 24 6.898 .906 -12.484 6.058 2.326 -12.2
5 24 6.058 2.326 -12.2 7.235 1.177 -11.945 6.898 .906 -12.484 6.421 2.385 -11.745
5 24 6.058 2.326 -12.2 6.421 2.385 -11.745 7.235 1.177 -11.945 5.49 3.1996 -11.4318
2 24 6.421 2.385 -11.745 7.235 1.177 -11.945
2 24 6.058 2.326 -12.2 5.49 3.1996 -11.4318
5 24 5.49 3.1996 -11.4318 6.421 2.385 -11.745 6.058 2.326 -12.2 5.9101 3.0752 -11.1146
2 24 5.49 3.1996 -11.4318 5.9101 3.0752 -11.1146
2 24 5.9101 3.0752 -11.1146 6.421 2.385 -11.745
5 24 1.034 -9.213 8.11 2.275 -8.815 10.821 1.954 -8.03 11.714 1.752 -9.811 8.035
5 24 2.275 -8.815 10.821 1.954 -8.03 11.714 1.034 -9.213 8.11 2.407 -7.681 12.635
2 24 1.954 -8.03 11.714 1.034 -9.213 8.11
5 24 1.034 -9.213 8.11 1.752 -9.811 8.035 2.275 -8.815 10.821 .315 -10.014 4.553
2 24 1.752 -9.811 8.035 2.275 -8.815 10.821
5 24 .315 -10.014 4.553 1.752 -9.811 8.035 1.034 -9.213 8.11 1.167 -10.617 4.48
2 24 1.034 -9.213 8.11 .315 -10.014 4.553
5 24 .315 -10.014 4.553 1.167 -10.617 4.48 1.752 -9.811 8.035 .041 -10.217 1.43
2 24 1.167 -10.617 4.48 1.752 -9.811 8.035
5 24 .041 -10.217 1.43 1.167 -10.617 4.48 .315 -10.014 4.553 .99 -10.799 1.368
2 24 .315 -10.014 4.553 .041 -10.217 1.43
5 24 .041 -10.217 1.43 .99 -10.799 1.368 1.167 -10.617 4.48 -.21 -9.717 -1.565
2 24 .99 -10.799 1.368 1.167 -10.617 4.48
5 24 -.21 -9.717 -1.565 .99 -10.799 1.368 .041 -10.217 1.43 .927 -10.292 -1.819
2 24 .041 -10.217 1.43 -.21 -9.717 -1.565
5 24 -.21 -9.717 -1.565 .927 -10.292 -1.819 .99 -10.799 1.368 .844 -9.225 -4.992
2 24 .927 -10.292 -1.819 .99 -10.799 1.368
2 24 .844 -9.225 -4.992 .927 -10.292 -1.819
2 24 -.21 -9.717 -1.565 -.512 -8.33 -5.259
5 24 -.512 -8.33 -5.259 .844 -9.225 -4.992 -.21 -9.717 -1.565 .631 -8.027 -7.46
2 24 .631 -8.027 -7.46 .844 -9.225 -4.992
5 24 -.512 -8.33 -5.259 .631 -8.027 -7.46 .844 -9.225 -4.992 -.941 -6.109 -9.036
5 24 -.941 -6.109 -9.036 .631 -8.027 -7.46 -.512 -8.33 -5.259 .343 -6.731 -9.443
2 24 -.512 -8.33 -5.259 -.941 -6.109 -9.036
5 24 -.941 -6.109 -9.036 .343 -6.731 -9.443 .631 -8.027 -7.46 .106 -4.394 -11.832
2 24 .343 -6.731 -9.443 .631 -8.027 -7.46
2 24 .106 -4.394 -11.832 .343 -6.731 -9.443
5 24 -.941 -6.109 -9.036 .106 -4.394 -11.832 .343 -6.731 -9.443 -1.13 -3.887 -11.232
2 24 -.941 -6.109 -9.036 -1.13 -3.887 -11.232
5 24 -1.13 -3.887 -11.232 .106 -4.394 -11.832 -.941 -6.109 -9.036 -.139 -1.778 -13.301
2 24 -.139 -1.778 -13.301 .106 -4.394 -11.832
5 24 -1.13 -3.887 -11.232 -.139 -1.778 -13.301 .106 -4.394 -11.832 -1.168 -1.554 -12.738
2 24 -1.13 -3.887 -11.232 -1.168 -1.554 -12.738
5 24 -1.168 -1.554 -12.738 -.139 -1.778 -13.301 -1.13 -3.887 -11.232 -1.185 .871 -13.138
5 24 -1.185 .871 -13.138 -.139 -1.778 -13.301 -1.168 -1.554 -12.738 -.347 1.178 -13.756
2 24 -1.168 -1.554 -12.738 -1.185 .871 -13.138
5 24 -1.185 .871 -13.138 -.347 1.178 -13.756 -.139 -1.778 -13.301 -1.214 2.4691 -12.3779
2 24 -.347 1.178 -13.756 -.139 -1.778 -13.301
5 24 -1.214 2.4691 -12.3779 -.347 1.178 -13.756 -1.185 .871 -13.138 -.473 2.9594 -12.6471
2 24 -1.185 .871 -13.138 -1.214 2.4691 -12.3779
2 24 -1.214 2.4691 -12.3779 -.473 2.9594 -12.6471
2 24 -.473 2.9594 -12.6471 -.347 1.178 -13.756
5 24 1.954 -8.03 11.714 .359 -9.722 8.508 1.034 -9.213 8.11 1.156 -8.506 12.257
5 24 .359 -9.722 8.508 1.034 -9.213 8.11 1.954 -8.03 11.714 -.334 -10.514 4.804
5 24 1.954 -8.03 11.714 1.156 -8.506 12.257 .359 -9.722 8.508 2.47 -7.061 13.599
2 24 1.156 -8.506 12.257 .359 -9.722 8.508
2 24 .359 -9.722 8.508 -.334 -10.514 4.804
5 24 -.334 -10.514 4.804 .315 -10.014 4.553 1.034 -9.213 8.11 -.697 -10.712 1.532
5 24 -.697 -10.712 1.532 .315 -10.014 4.553 -.334 -10.514 4.804 .041 -10.217 1.43
2 24 -.334 -10.514 4.804 -.697 -10.712 1.532
5 24 -.697 -10.712 1.532 .041 -10.217 1.43 .315 -10.014 4.553 -1.096 -10.432 -1.614
5 24 -1.096 -10.432 -1.614 .041 -10.217 1.43 -.697 -10.712 1.532 -.21 -9.717 -1.565
2 24 -.697 -10.712 1.532 -1.096 -10.432 -1.614
5 24 -1.096 -10.432 -1.614 -.21 -9.717 -1.565 .041 -10.217 1.43 -1.518 -9.169 -5.378
5 24 -1.518 -9.169 -5.378 -.21 -9.717 -1.565 -1.096 -10.432 -1.614 -.512 -8.33 -5.259
2 24 -1.096 -10.432 -1.614 -1.518 -9.169 -5.378
5 24 -1.518 -9.169 -5.378 -.512 -8.33 -5.259 -.21 -9.717 -1.565 -1.773 -6.846 -9.187
5 24 -1.773 -6.846 -9.187 -.512 -8.33 -5.259 -1.518 -9.169 -5.378 -.941 -6.109 -9.036
2 24 -1.518 -9.169 -5.378 -1.773 -6.846 -9.187
5 24 -1.773 -6.846 -9.187 -.941 -6.109 -9.036 -.512 -8.33 -5.259 -1.771 -4.378 -11.569
2 24 -1.773 -6.846 -9.187 -1.771 -4.378 -11.569
5 24 -1.771 -4.378 -11.569 -.941 -6.109 -9.036 -1.773 -6.846 -9.187 -1.13 -3.887 -11.232
5 24 -1.771 -4.378 -11.569 -1.13 -3.887 -11.232 -.941 -6.109 -9.036 -1.732 -1.698 -13.06
2 24 -1.771 -4.378 -11.569 -1.732 -1.698 -13.06
5 24 -1.732 -1.698 -13.06 -1.13 -3.887 -11.232 -1.771 -4.378 -11.569 -1.168 -1.554 -12.738
5 24 -1.732 -1.698 -13.06 -1.168 -1.554 -12.738 -1.13 -3.887 -11.232 -1.795 .865 -13.377
2 24 -1.732 -1.698 -13.06 -1.795 .865 -13.377
5 24 -1.795 .865 -13.377 -1.168 -1.554 -12.738 -1.732 -1.698 -13.06 -1.185 .871 -13.138
5 24 -1.795 .865 -13.377 -1.185 .871 -13.138 -1.168 -1.554 -12.738 -1.214 2.4691 -12.3779
5 24 -1.795 .865 -13.377 -1.214 2.4691 -12.3779 -1.185 .871 -13.138 -1.7615 2.7513 -12.3391
2 24 -1.795 .865 -13.377 -1.7615 2.7513 -12.3391
2 24 -1.7615 2.7513 -12.3391 -1.214 2.4691 -12.3779
5 24 -10.707 -7.801 -1.907 -8.809 -6.28 -4.782 -9.264 -7.652 -1.526 -9.961 -6.392 -5.171
2 24 -8.809 -6.28 -4.782 -9.264 -7.652 -1.526
5 24 -9.264 -7.652 -1.526 -10.707 -7.801 -1.907 -8.809 -6.28 -4.782 -11.126 -8.236 1.382
2 24 -10.707 -7.801 -1.907 -9.961 -6.392 -5.171
5 24 -9.961 -6.392 -5.171 -8.809 -6.28 -4.782 -10.707 -7.801 -1.907 -9.072 -4.437 -7.847
5 24 -9.072 -4.437 -7.847 -8.809 -6.28 -4.782 -9.961 -6.392 -5.171 -8.122 -4.26 -7.882
2 24 -9.961 -6.392 -5.171 -9.072 -4.437 -7.847
5 24 -9.072 -4.437 -7.847 -8.122 -4.26 -7.882 -8.809 -6.28 -4.782 -8.062 -2.079 -10.093
2 24 -8.122 -4.26 -7.882 -8.809 -6.28 -4.782
5 24 -8.062 -2.079 -10.093 -8.122 -4.26 -7.882 -9.072 -4.437 -7.847 -7.449 -2.29 -9.891
2 24 -9.072 -4.437 -7.847 -8.062 -2.079 -10.093
5 24 -8.062 -2.079 -10.093 -7.449 -2.29 -9.891 -8.122 -4.26 -7.882 -6.801 -.29 -11.158
2 24 -7.449 -2.29 -9.891 -8.122 -4.26 -7.882
2 24 -6.801 -.29 -11.158 -7.449 -2.29 -9.891
5 24 -8.062 -2.079 -10.093 -6.801 -.29 -11.158 -7.449 -2.29 -9.891 -7.392 -.063 -11.414
2 24 -8.062 -2.079 -10.093 -7.392 -.063 -11.414
5 24 -7.392 -.063 -11.414 -6.801 -.29 -11.158 -8.062 -2.079 -10.093 -6.314 1.1 -11.5
2 24 -6.314 1.1 -11.5 -6.801 -.29 -11.158
5 24 -7.392 -.063 -11.414 -6.314 1.1 -11.5 -6.801 -.29 -11.158 -6.823 1.418 -11.74
2 24 -7.392 -.063 -11.414 -6.823 1.418 -11.74
5 24 -6.823 1.418 -11.74 -6.314 1.1 -11.5 -7.392 -.063 -11.414 -5.5811 2.4691 -11.1569
2 24 -5.5811 2.4691 -11.1569 -6.314 1.1 -11.5
5 24 -6.823 1.418 -11.74 -5.5811 2.4691 -11.1569 -6.314 1.1 -11.5 -6.1198 3.4709 -11.0903
2 24 -6.823 1.418 -11.74 -6.1198 3.4709 -11.0903
2 24 -6.1198 3.4709 -11.0903 -5.5811 2.4691 -11.1569
5 24 -9.264 -7.652 -1.526 -11.126 -8.236 1.382 -10.707 -7.801 -1.907 -9.373 -8.086 1.543
2 24 -11.126 -8.236 1.382 -10.707 -7.801 -1.907
2 24 -9.264 -7.652 -1.526 -9.373 -8.086 1.543
5 24 -9.373 -8.086 1.543 -11.126 -8.236 1.382 -9.264 -7.652 -1.526 -9.279 -7.987 5.11
5 24 -9.279 -7.987 5.11 -11.126 -8.236 1.382 -9.373 -8.086 1.543 -11.108 -8.196 5.362
2 24 -9.373 -8.086 1.543 -9.279 -7.987 5.11
5 24 -9.279 -7.987 5.11 -11.108 -8.196 5.362 -11.126 -8.236 1.382 -10.155 -6.968 10.086
2 24 -11.108 -8.196 5.362 -11.126 -8.236 1.382
5 24 -9.279 -7.987 5.11 -10.155 -6.968 10.086 -11.108 -8.196 5.362 -8.619 -6.898 9.842
2 24 -10.155 -6.968 10.086 -11.108 -8.196 5.362
2 24 -9.279 -7.987 5.11 -8.619 -6.898 9.842
5 24 -8.619 -6.898 9.842 -10.155 -6.968 10.086 -9.279 -7.987 5.11 -8.553 -4.915 13.788
5 24 -8.619 -6.898 9.842 -8.553 -4.915 13.788 -10.155 -6.968 10.086 -7.402 -5.175 13.452
2 24 -8.553 -4.915 13.788 -10.155 -6.968 10.086
2 24 -8.619 -6.898 9.842 -7.402 -5.175 13.452
5 24 -7.402 -5.175 13.452 -8.553 -4.915 13.788 -8.619 -6.898 9.842 -6.186 -3.796 15.296
5 24 -6.186 -3.796 15.296 -8.553 -4.915 13.788 -7.402 -5.175 13.452 -7 -3.292 15.874
2 24 -7.402 -5.175 13.452 -6.186 -3.796 15.296
5 24 -6.186 -3.796 15.296 -7 -3.292 15.874 -8.553 -4.915 13.788 -4.791 -2.315 16.574
2 24 -7 -3.292 15.874 -8.553 -4.915 13.788
5 24 -4.791 -2.315 16.574 -7 -3.292 15.874 -6.186 -3.796 15.296 -5.268 -1.559 17.132
2 24 -6.186 -3.796 15.296 -4.791 -2.315 16.574
2 24 -4.791 -2.315 16.574 -5.268 -1.559 17.132
2 24 -5.268 -1.559 17.132 -7 -3.292 15.874
2 24 11.6592 2.4691 4.8296 9.192 4 9.192
2 24 11.5352 1.1718 0 11.6592 2.4691 4.8296
5 24 11.6592 2.4691 -4.8296 12.6192 2.4691 0 12.0104 4 -4.9752 11.5352 1.1718 0
5 24 11.6592 2.4691 -4.8296 10.6576 1.1718 -4.4144 11.5352 1.1718 0 8.9232 2.4691 -8.9232
2 24 10.6576 1.1718 -4.4144 11.5352 1.1718 0
5 24 8.9232 2.4691 -8.9232 11.6592 2.4691 -4.8296 12.0104 4 -4.9752 10.6576 1.1718 -4.4144
2 24 8.1568 1.1718 -8.1568 10.6576 1.1718 -4.4144
5 24 8.2865 4.2748 -9.8777 8.9232 2.4691 -8.9232 9.192 4 -9.192 7.659 3.744 -10.198
2 24 8.2865 4.2748 -9.8777 7.659 3.744 -10.198
5 24 7.659 3.744 -10.198 8.9232 2.4691 -8.9232 8.2865 4.2748 -9.8777 7.2955 3.4612 -10.3017
5 24 8.9232 2.4691 -8.9232 7.2955 3.4612 -10.3017 7.659 3.744 -10.198 5.9101 3.0752 -11.1146
2 24 7.659 3.744 -10.198 7.2955 3.4612 -10.3017
2 24 7.2955 3.4612 -10.3017 6.6725 3.4872 -10.7258
5 24 8.9232 2.4691 -8.9232 4.8296 2.4691 -11.6592 5.9101 3.0752 -11.1146 8.1568 1.1718 -8.1568
2 24 4.4144 1.1718 -10.6576 8.1568 1.1718 -8.1568
2 24 6.6725 3.4872 -10.7258 5.9101 3.0752 -11.1146
5 24 3.7115 2.4691 -11.8815 4.8296 2.4691 -11.6592 4.4144 1.1718 -10.6576 4.2292 2.9132 -11.8889
2 24 4.8825 3.0252 -11.7868 4.2292 2.9132 -11.8889
2 24 5.49 3.1996 -11.4318 4.8825 3.0252 -11.7868
2 24 4.2292 2.9132 -11.8889 3.7115 2.4691 -11.8815
2 24 0 1.1718 -11.5352 4.4144 1.1718 -10.6576
2 24 3.7115 2.4691 -11.8815 2.8652 2.9613 -12.1721
2 24 2.8652 2.9613 -12.1721 1.8068 2.837 -12.3516
2 24 1.8068 2.837 -12.3516 1.188 2.7052 -12.4418
2 24 1.188 2.7052 -12.4418 .5275 2.8643 -12.6126
5 24 0 2.4691 -12.6192 0 1.1718 -11.5352 .5275 2.8643 -12.6126 -1.214 2.4691 -12.3779
2 24 0 2.8886 -12.7235 -.473 2.9594 -12.6471
2 24 .5275 2.8643 -12.6126 0 2.8886 -12.7235
5 24 -1.214 2.4691 -12.3779 0 1.1718 -11.5352 -.473 2.9594 -12.6471 -4.4144 1.1718 -10.6576
2 24 -4.4144 1.1718 -10.6576 0 1.1718 -11.5352
2 24 -1.7615 2.7513 -12.3391 -2.6911 2.8931 -12.1896
2 24 -2.6911 2.8931 -12.1896 -3.3597 2.7424 -12.0192
2 24 -3.3597 2.7424 -12.0192 -3.9498 2.4691 -11.8341
5 24 -3.9498 2.4691 -11.8341 -4.4144 1.1718 -10.6576 -4.8869 3.0712 -11.7973 -1.214 2.4691 -12.3779
2 24 -3.9498 2.4691 -11.8341 -4.8869 3.0712 -11.7973
5 24 -4.8296 2.4691 -11.6592 -4.4144 1.1718 -10.6576 -3.9498 2.4691 -11.8341 -5.5811 2.4691 -11.1569
5 24 -4.8869 3.0712 -11.7973 -4.8296 2.4691 -11.6592 -3.9498 2.4691 -11.8341 -5.5811 2.4691 -11.1569
2 24 -4.8869 3.0712 -11.7973 -5.5811 2.4691 -11.1569
5 24 -5.5811 2.4691 -11.1569 -4.4144 1.1718 -10.6576 -4.8869 3.0712 -11.7973 -8.1568 1.1718 -8.1568
2 24 -8.1568 1.1718 -8.1568 -4.4144 1.1718 -10.6576
2 24 -6.1198 3.4709 -11.0903 -6.933 3.656 -10.699
5 24 -6.1198 3.4709 -11.0903 -7.5383 3.4713 -10.1424 -6.933 3.656 -10.699 -5.5811 2.4691 -11.1569
2 24 -6.933 3.656 -10.699 -7.5383 3.4713 -10.1424
5 24 -8.9232 2.4691 -8.9232 -8.1568 1.1718 -8.1568 -10.6576 1.1718 -4.4144 -5.5811 2.4691 -11.1569
2 24 -10.6576 1.1718 -4.4144 -8.1568 1.1718 -8.1568
5 24 -8.9232 2.4691 -8.9232 -11.6592 2.4691 -4.8296 -10.6576 1.1718 -4.4144 -12.0104 4 -4.9752
2 24 -11.5352 1.1718 0 -10.6576 1.1718 -4.4144
5 24 -11.6592 2.4691 -4.8296 -12.6192 2.4691 0 -11.5352 1.1718 0 -13 4 0
5 24 -12.6192 2.4691 0 -11.5352 1.1718 0 -11.6592 2.4691 -4.8296 -11.6592 2.4691 4.8296
2 24 -11.6592 2.4691 4.8296 -11.5352 1.1718 0
5 24 -12.0104 4 4.9752 -11.6592 2.4691 4.8296 -12.6192 2.4691 0 -9.192 4 9.192
2 24 -9.192 4 9.192 -11.6592 2.4691 4.8296
5 24 -9.615 -1.382 -9.257 -9.072 -4.437 -7.847 -10.851 -2.739 -7.163 -8.062 -2.079 -10.093
5 24 -9.072 -4.437 -7.847 -10.851 -2.739 -7.163 -9.615 -1.382 -9.257 -9.961 -6.392 -5.171
2 24 -10.851 -2.739 -7.163 -9.615 -1.382 -9.257
5 24 -9.615 -1.382 -9.257 -8.062 -2.079 -10.093 -9.072 -4.437 -7.847 -8.582 .588 -10.793
5 24 -9.961 -6.392 -5.171 -12.134 -4.097 -4.497 -10.851 -2.739 -7.163 -10.707 -7.801 -1.907
2 24 -12.134 -4.097 -4.497 -10.851 -2.739 -7.163
5 24 -8.582 .588 -10.793 -8.062 -2.079 -10.093 -9.615 -1.382 -9.257 -7.392 -.063 -11.414
2 24 -9.615 -1.382 -9.257 -8.582 .588 -10.793
5 24 -8.582 .588 -10.793 -7.392 -.063 -11.414 -8.062 -2.079 -10.093 -7.834 2.019 -11.155
5 24 -7.834 2.019 -11.155 -7.392 -.063 -11.414 -8.582 .588 -10.793 -6.823 1.418 -11.74
2 24 -8.582 .588 -10.793 -7.834 2.019 -11.155
5 24 -7.834 2.019 -11.155 -6.823 1.418 -11.74 -7.392 -.063 -11.414 -6.1198 3.4709 -11.0903
5 24 -7.834 2.019 -11.155 -6.1198 3.4709 -11.0903 -6.823 1.418 -11.74 -6.933 3.656 -10.699
2 24 -7.834 2.019 -11.155 -6.933 3.656 -10.699
5 24 -10.707 -7.801 -1.907 -12.134 -4.097 -4.497 -9.961 -6.392 -5.171 -13.094 -5.246 -1.324
5 24 -10.707 -7.801 -1.907 -13.094 -5.246 -1.324 -12.134 -4.097 -4.497 -11.126 -8.236 1.382
2 24 -13.094 -5.246 -1.324 -12.134 -4.097 -4.497
5 24 -11.126 -8.236 1.382 -13.094 -5.246 -1.324 -10.707 -7.801 -1.907 -13.433 -5.603 1.709
5 24 -11.126 -8.236 1.382 -13.433 -5.603 1.709 -13.094 -5.246 -1.324 -11.108 -8.196 5.362
2 24 -13.433 -5.603 1.709 -13.094 -5.246 -1.324
5 24 -11.108 -8.196 5.362 -13.398 -5.592 5.356 -13.433 -5.603 1.709 -10.155 -6.968 10.086
2 24 -13.398 -5.592 5.356 -13.433 -5.603 1.709
5 24 -10.155 -6.968 10.086 -13.398 -5.592 5.356 -11.108 -8.196 5.362 -12.312 -4.278 9.963
5 24 -10.155 -6.968 10.086 -12.312 -4.278 9.963 -13.398 -5.592 5.356 -8.553 -4.915 13.788
2 24 -12.312 -4.278 9.963 -13.398 -5.592 5.356
5 24 -8.553 -4.915 13.788 -12.312 -4.278 9.963 -10.155 -6.968 10.086 -10.236 -2.316 13.699
5 24 -8.553 -4.915 13.788 -10.236 -2.316 13.699 -12.312 -4.278 9.963 -7 -3.292 15.874
2 24 -10.236 -2.316 13.699 -12.312 -4.278 9.963
5 24 -7 -3.292 15.874 -10.236 -2.316 13.699 -8.553 -4.915 13.788 -8.326 -.693 15.669
5 24 -7 -3.292 15.874 -8.326 -.693 15.669 -10.236 -2.316 13.699 -5.798 -.374 17.124
2 24 -8.326 -.693 15.669 -10.236 -2.316 13.699
5 24 -7 -3.292 15.874 -5.798 -.374 17.124 -8.326 -.693 15.669 -5.268 -1.559 17.132
5 24 -5.798 -.374 17.124 -8.326 -.693 15.669 -7 -3.292 15.874 -6.172 .85 16.815
2 24 -5.268 -1.559 17.132 -5.798 -.374 17.124
2 24 -5.798 -.374 17.124 -6.172 .85 16.815
2 24 -6.172 .85 16.815 -8.326 -.693 15.669
5 24 9.192 4 9.192 10.902 -2.5741 5.6159 11.6592 2.4691 4.8296 8.3438 -3.0607 9.4438
5 24 11.6592 2.4691 4.8296 10.902 -2.5741 5.6159 11.5352 1.1718 0 9.192 4 9.192
2 24 10.902 -2.5741 5.6159 8.3438 -3.0607 9.4438
5 24 11.5352 1.1718 0 10.902 -2.5741 5.6159 11.6592 2.4691 4.8296 11.8 -2 1.1
2 24 11.8 -2 1.1 10.902 -2.5741 5.6159
5 24 11.5352 1.1718 0 10.902 -1.426 -3.4159 11.8 -2 1.1 10.6576 1.1718 -4.4144
2 24 10.902 -1.426 -3.4159 11.8 -2 1.1
2 24 8.3438 -.9394 -7.2438 10.902 -1.426 -3.4159
5 24 4.4144 1.1718 -10.6576 8.3438 -.9394 -7.2438 8.1568 1.1718 -8.1568 4.5159 -.6142 -9.802
5 24 4.4144 1.1718 -10.6576 4.5159 -.6142 -9.802 8.3438 -.9394 -7.2438 0 1.1718 -11.5352
5 24 0 1.1718 -11.5352 4.5159 -.6142 -9.802 4.4144 1.1718 -10.6576 0 -.5 -10.7
5 24 -4.4144 1.1718 -10.6576 0 -.5 -10.7 0 1.1718 -11.5352 -4.5159 -.6142 -9.802
5 24 -8.1568 1.1718 -8.1568 -4.5159 -.6142 -9.802 -4.4144 1.1718 -10.6576 -8.3438 -.9394 -7.2438
5 24 -10.6576 1.1718 -4.4144 -8.3438 -.9394 -7.2438 -8.1568 1.1718 -8.1568 -10.902 -1.426 -3.4159
2 24 -10.902 -1.426 -3.4159 -8.3438 -.9394 -7.2438
5 24 -11.5352 1.1718 0 -10.902 -1.426 -3.4159 -10.6576 1.1718 -4.4144 -11.8 -2 1.1
5 24 -11.5352 1.1718 0 -11.8 -2 1.1 -10.902 -1.426 -3.4159 -11.6592 2.4691 4.8296
2 24 -11.8 -2 1.1 -10.902 -1.426 -3.4159
5 24 -11.6592 2.4691 4.8296 -11.8 -2 1.1 -11.5352 1.1718 0 -10.902 -2.5741 5.6159
2 24 -10.902 -2.5741 5.6159 -11.8 -2 1.1
5 24 -9.192 4 9.192 -10.902 -2.5741 5.6159 -11.6592 2.4691 4.8296 -8.3438 -3.0607 9.4438
2 24 -8.3438 -3.0607 9.4438 -10.902 -2.5741 5.6159
5 24 15.004 8.926 5.968 14.516 9.028 3.349 14.376 9.901 5.737 15.081 8.319 3.417
2 24 14.516 9.028 3.349 14.376 9.901 5.737
5 24 14.376 9.901 5.737 15.004 8.926 5.968 14.516 9.028 3.349 14.013 9.998 9.638
5 24 15.081 8.319 3.417 14.597 8.58 1.647 14.516 9.028 3.349 14.932 7.994 1.106
2 24 14.597 8.58 1.647 14.516 9.028 3.349
5 24 14.376 9.901 5.737 14.013 9.998 9.638 15.004 8.926 5.968 13.277 11.093 9.343
2 24 14.376 9.901 5.737 13.277 11.093 9.343
5 24 13.277 11.093 9.343 14.013 9.998 9.638 14.376 9.901 5.737 12.299 11.175 12.901
5 24 13.277 11.093 9.343 12.299 11.175 12.901 14.013 9.998 9.638 11.55 12.095 12.367
2 24 12.299 11.175 12.901 14.013 9.998 9.638
2 24 13.277 11.093 9.343 11.55 12.095 12.367
5 24 11.55 12.095 12.367 12.299 11.175 12.901 13.277 11.093 9.343 9.989 12.177 15.258
5 24 11.55 12.095 12.367 9.989 12.177 15.258 12.299 11.175 12.901 9.495 12.887 14.562
2 24 9.989 12.177 15.258 12.299 11.175 12.901
2 24 11.55 12.095 12.367 9.495 12.887 14.562
5 24 9.495 12.887 14.562 9.989 12.177 15.258 11.55 12.095 12.367 7.881 12.919 16.47
5 24 9.495 12.887 14.562 7.881 12.919 16.47 9.989 12.177 15.258 7.527 13.458 15.781
2 24 7.881 12.919 16.47 9.989 12.177 15.258
2 24 9.495 12.887 14.562 7.527 13.458 15.781
5 24 7.527 13.458 15.781 7.881 12.919 16.47 9.495 12.887 14.562 6.213 13.383 16.922
2 24 6.213 13.383 16.922 7.881 12.919 16.47
2 24 7.527 13.458 15.781 5.981 13.845 16.27
5 24 5.981 13.845 16.27 6.213 13.383 16.922 7.527 13.458 15.781 4.672 13.675 17.136
5 24 5.981 13.845 16.27 4.672 13.675 17.136 6.213 13.383 16.922 4.865 14.278 16.617
2 24 4.672 13.675 17.136 6.213 13.383 16.922
2 24 5.981 13.845 16.27 4.865 14.278 16.617
2 24 4.865 14.278 16.617 4.672 13.675 17.136
5 24 -7.834 2.019 -11.155 -8.256 2.192 -10.496 -7.5383 3.4713 -10.1424 -8.582 .588 -10.793
5 24 -8.582 .588 -10.793 -8.256 2.192 -10.496 -7.834 2.019 -11.155 -8.963 .795 -10.285
5 24 -8.582 .588 -10.793 -8.963 .795 -10.285 -8.256 2.192 -10.496 -9.615 -1.382 -9.257
5 24 -9.615 -1.382 -9.257 -8.963 .795 -10.285 -8.582 .588 -10.793 -10.135 -.719 -8.746
5 24 -9.615 -1.382 -9.257 -10.135 -.719 -8.746 -8.963 .795 -10.285 -10.851 -2.739 -7.163
5 24 -10.851 -2.739 -7.163 -10.135 -.719 -8.746 -9.615 -1.382 -9.257 -11.315 -1.684 -6.407
5 24 -10.851 -2.739 -7.163 -11.315 -1.684 -6.407 -10.135 -.719 -8.746 -12.134 -4.097 -4.497
5 24 -12.134 -4.097 -4.497 -11.315 -1.684 -6.407 -10.851 -2.739 -7.163 -12.31 -2.762 -2.811
5 24 -12.134 -4.097 -4.497 -12.31 -2.762 -2.811 -11.315 -1.684 -6.407 -13.005 -3.658 -1.1
5 24 -12.134 -4.097 -4.497 -13.005 -3.658 -1.1 -13.094 -5.246 -1.324 -12.31 -2.762 -2.811
5 24 -13.094 -5.246 -1.324 -13.005 -3.658 -1.1 -13.37 -4.234 1.765 -12.134 -4.097 -4.497
2 24 -13.005 -3.658 -1.1 -12.31 -2.762 -2.811
5 24 -13.094 -5.246 -1.324 -13.37 -4.234 1.765 -13.005 -3.658 -1.1 -13.433 -5.603 1.709
2 24 -13.37 -4.234 1.765 -13.005 -3.658 -1.1
5 24 -13.433 -5.603 1.709 -13.37 -4.234 1.765 -13.094 -5.246 -1.324 -13.349 -4.315 5.101
2 24 -13.349 -4.315 5.101 -13.37 -4.234 1.765
5 24 -13.398 -5.592 5.356 -13.349 -4.315 5.101 -13.433 -5.603 1.709 -12.239 -3.38 9.594
5 24 -13.398 -5.592 5.356 -12.239 -3.38 9.594 -13.349 -4.315 5.101 -12.312 -4.278 9.963
2 24 -12.239 -3.38 9.594 -13.349 -4.315 5.101
5 24 -12.312 -4.278 9.963 -12.239 -3.38 9.594 -13.398 -5.592 5.356 -10.236 -2.316 13.699
5 24 -10.236 -2.316 13.699 -12.239 -3.38 9.594 -12.312 -4.278 9.963 -10.076 -1.578 13.206
5 24 -10.236 -2.316 13.699 -10.076 -1.578 13.206 -12.239 -3.38 9.594 -8.326 -.693 15.669
2 24 -10.076 -1.578 13.206 -12.239 -3.38 9.594
5 24 -8.326 -.693 15.669 -10.076 -1.578 13.206 -10.236 -2.316 13.699 -8.157 -.028 15.088
5 24 -8.326 -.693 15.669 -8.157 -.028 15.088 -10.076 -1.578 13.206 -6.172 .85 16.815
2 24 -8.157 -.028 15.088 -10.076 -1.578 13.206
5 24 -6.172 .85 16.815 -8.157 -.028 15.088 -8.326 -.693 15.669 -6.138 1.487 16.222
2 24 -6.172 .85 16.815 -6.138 1.487 16.222
2 24 -6.138 1.487 16.222 -8.157 -.028 15.088
5 24 -8.3438 -.9394 -7.2438 -8.3151 -4.6173 -3.4443 -6.3639 -4.2929 -6.3639 -10.902 -1.426 -3.4159
5 24 -6.3639 -4.2929 -6.3639 -4.5159 -.6142 -9.802 -8.3438 -.9394 -7.2438 -3.4443 -4.0761 -8.3151
5 24 3.4443 -4.0761 -8.3151 0 -.5 -10.7 0 -4 -9 4.5159 -.6142 -9.802
5 24 3.4443 -4.0761 -8.3151 8.3438 -.9394 -7.2438 4.5159 -.6142 -9.802 6.3639 -4.2929 -6.3639
5 24 6.3639 -4.2929 -6.3639 10.902 -1.426 -3.4159 8.3438 -.9394 -7.2438 8.3151 -4.6173 -3.4443
5 24 9 -5 0 10.902 -1.426 -3.4159 8.3151 -4.6173 -3.4443 11.8 -2 1.1
5 24 9 -5 0 11.8 -2 1.1 10.902 -1.426 -3.4159 8.3151 -5.3827 3.4443
5 24 8.3151 -5.3827 3.4443 10.902 -2.5741 5.6159 11.8 -2 1.1 8.3438 -3.0607 9.4438
5 24 6.3639 -5.7071 6.3639 8.3438 -3.0607 9.4438 8.3151 -5.3827 3.4443 4.5159 -3.3859 12.002
2 24 4.5159 -3.3859 12.002 8.3438 -3.0607 9.4438
5 24 6.3639 -5.7071 6.3639 4.5159 -3.3859 12.002 8.3438 -3.0607 9.4438 3.4443 -5.9239 8.3151
2 24 0 -3.5 12.9 4.5159 -3.3859 12.002
5 24 -3.4443 -5.9239 8.3151 0 -3.5 12.9 0 -6 9 -4.5159 -3.3859 12.002
5 24 -3.4443 -5.9239 8.3151 -4.5159 -3.3859 12.002 0 -3.5 12.9 -8.3438 -3.0607 9.4438
2 24 -4.5159 -3.3859 12.002 0 -3.5 12.9
5 24 -8.3438 -3.0607 9.4438 -3.4443 -5.9239 8.3151 -4.5159 -3.3859 12.002 -6.3639 -5.7071 6.3639
2 24 -8.3438 -3.0607 9.4438 -4.5159 -3.3859 12.002
5 24 -8.3151 -5.3827 3.4443 -8.3438 -3.0607 9.4438 -6.3639 -5.7071 6.3639 -10.902 -2.5741 5.6159
5 24 -8.3151 -5.3827 3.4443 -10.902 -2.5741 5.6159 -8.3438 -3.0607 9.4438 -11.8 -2 1.1
5 24 -9 -5 0 -11.8 -2 1.1 -10.902 -1.426 -3.4159 -8.3151 -5.3827 3.4443
5 24 -8.3151 -4.6173 -3.4443 -10.902 -1.426 -3.4159 -9 -5 0 -8.3438 -.9394 -7.2438
5 24 3.624 -7.471 12.518 2.275 -8.815 10.821 3.844 -8.688 10.571 2.407 -7.681 12.635
5 24 2.275 -8.815 10.821 3.844 -8.688 10.571 3.624 -7.471 12.518 1.752 -9.811 8.035
5 24 3.844 -8.688 10.571 3.624 -7.471 12.518 2.275 -8.815 10.821 5.456 -7.983 10.417
5 24 3.624 -7.471 12.518 2.407 -7.681 12.635 2.275 -8.815 10.821 2.47 -7.061 13.599
2 24 2.407 -7.681 12.635 2.275 -8.815 10.821
5 24 3.844 -8.688 10.571 5.456 -7.983 10.417 3.624 -7.471 12.518 4.035 -9.909 7.593
5 24 5.456 -7.983 10.417 3.624 -7.471 12.518 3.844 -8.688 10.571 4.628 -6.714 12.762
2 24 5.456 -7.983 10.417 4.628 -6.714 12.762
5 24 4.628 -6.714 12.762 3.624 -7.471 12.518 5.456 -7.983 10.417 2.47 -7.061 13.599
5 24 1.752 -9.811 8.035 3.844 -8.688 10.571 2.275 -8.815 10.821 4.035 -9.909 7.593
5 24 1.752 -9.811 8.035 4.035 -9.909 7.593 3.844 -8.688 10.571 1.167 -10.617 4.48
5 24 4.035 -9.909 7.593 3.844 -8.688 10.571 1.752 -9.811 8.035 5.456 -7.983 10.417
5 24 4.035 -9.909 7.593 5.456 -7.983 10.417 3.844 -8.688 10.571 6.143 -9.099 7.482
5 24 4.035 -9.909 7.593 6.143 -9.099 7.482 5.456 -7.983 10.417 4.281 -10.827 3.878
2 24 6.143 -9.099 7.482 5.456 -7.983 10.417
5 24 1.167 -10.617 4.48 4.035 -9.909 7.593 1.752 -9.811 8.035 4.281 -10.827 3.878
5 24 1.167 -10.617 4.48 4.281 -10.827 3.878 4.035 -9.909 7.593 .99 -10.799 1.368
5 24 4.281 -10.827 3.878 4.035 -9.909 7.593 1.167 -10.617 4.48 6.143 -9.099 7.482
5 24 .99 -10.799 1.368 4.281 -10.827 3.878 1.167 -10.617 4.48 4.443 -10.885 .657
5 24 .99 -10.799 1.368 4.443 -10.885 .657 4.281 -10.827 3.878 .927 -10.292 -1.819
5 24 4.443 -10.885 .657 4.281 -10.827 3.878 .99 -10.799 1.368 7.013 -9.822 3.656
5 24 4.281 -10.827 3.878 7.013 -9.822 3.656 6.143 -9.099 7.482 4.443 -10.885 .657
2 24 7.013 -9.822 3.656 6.143 -9.099 7.482
5 24 4.443 -10.885 .657 7.013 -9.822 3.656 4.281 -10.827 3.878 7.281 -9.476 .319
5 24 4.443 -10.885 .657 7.281 -9.476 .319 7.013 -9.822 3.656 4.385 -10.027 -2.812
2 24 7.281 -9.476 .319 7.013 -9.822 3.656
5 24 .927 -10.292 -1.819 4.443 -10.885 .657 .99 -10.799 1.368 4.385 -10.027 -2.812
5 24 .927 -10.292 -1.819 4.385 -10.027 -2.812 4.443 -10.885 .657 .844 -9.225 -4.992
5 24 4.385 -10.027 -2.812 4.443 -10.885 .657 .927 -10.292 -1.819 7.281 -9.476 .319
5 24 .844 -9.225 -4.992 4.385 -10.027 -2.812 .927 -10.292 -1.819 4.284 -9.094 -4.8
5 24 .844 -9.225 -4.992 4.284 -9.094 -4.8 4.385 -10.027 -2.812 2.897 -7.961 -7.716
5 24 4.284 -9.094 -4.8 4.385 -10.027 -2.812 .844 -9.225 -4.992 7.142 -8.677 -3.024
2 24 2.897 -7.961 -7.716 4.284 -9.094 -4.8
5 24 .844 -9.225 -4.992 2.897 -7.961 -7.716 4.284 -9.094 -4.8 .631 -8.027 -7.46
5 24 .631 -8.027 -7.46 2.897 -7.961 -7.716 .844 -9.225 -4.992 2.322 -6.748 -9.754
5 24 4.385 -10.027 -2.812 7.142 -8.677 -3.024 7.281 -9.476 .319 4.284 -9.094 -4.8
2 24 7.142 -8.677 -3.024 7.281 -9.476 .319
5 24 4.284 -9.094 -4.8 7.142 -8.677 -3.024 4.385 -10.027 -2.812 6.85 -7.615 -5.884
2 24 2.322 -6.748 -9.754 2.897 -7.961 -7.716
5 24 .631 -8.027 -7.46 2.322 -6.748 -9.754 2.897 -7.961 -7.716 .343 -6.731 -9.443
5 24 .343 -6.731 -9.443 2.322 -6.748 -9.754 .631 -8.027 -7.46 .106 -4.394 -11.832
2 24 1.641 -4.245 -12.023 2.322 -6.748 -9.754
5 24 2.322 -6.748 -9.754 .106 -4.394 -11.832 .343 -6.731 -9.443 1.641 -4.245 -12.023
5 24 .106 -4.394 -11.832 1.641 -4.245 -12.023 -.139 -1.778 -13.301 2.322 -6.748 -9.754
5 24 -.139 -1.778 -13.301 1.641 -4.245 -12.023 .106 -4.394 -11.832 1.131 -1.643 -13.399
5 24 -.139 -1.778 -13.301 1.131 -1.643 -13.399 1.641 -4.245 -12.023 .71 1.051 -13.823
2 24 1.131 -1.643 -13.399 1.641 -4.245 -12.023
2 24 .71 1.051 -13.823 1.131 -1.643 -13.399
5 24 -.139 -1.778 -13.301 .71 1.051 -13.823 1.131 -1.643 -13.399 -.347 1.178 -13.756
5 24 -.347 1.178 -13.756 .71 1.051 -13.823 -.139 -1.778 -13.301 .5275 2.8643 -12.6126
2 24 .5275 2.8643 -12.6126 .71 1.051 -13.823
5 24 -.347 1.178 -13.756 .5275 2.8643 -12.6126 .71 1.051 -13.823 -.473 2.9594 -12.6471
5 24 4.284 -9.094 -4.8 6.85 -7.615 -5.884 7.142 -8.677 -3.024 4.685 -7.369 -8.112
2 24 6.85 -7.615 -5.884 7.142 -8.677 -3.024
5 24 4.685 -7.369 -8.112 6.85 -7.615 -5.884 4.284 -9.094 -4.8 6.272 -6.655 -7.975
2 24 4.284 -9.094 -4.8 4.685 -7.369 -8.112
5 24 4.685 -7.369 -8.112 6.272 -6.655 -7.975 6.85 -7.615 -5.884 4.344 -6.225 -9.879
2 24 6.272 -6.655 -7.975 6.85 -7.615 -5.884
2 24 5.628 -5.481 -9.751 6.272 -6.655 -7.975
5 24 6.272 -6.655 -7.975 4.344 -6.225 -9.879 4.685 -7.369 -8.112 5.628 -5.481 -9.751
2 24 4.685 -7.369 -8.112 4.344 -6.225 -9.879
5 24 4.344 -6.225 -9.879 5.628 -5.481 -9.751 3.605 -3.827 -11.938 6.272 -6.655 -7.975
2 24 4.344 -6.225 -9.879 3.605 -3.827 -11.938
5 24 3.605 -3.827 -11.938 5.628 -5.481 -9.751 4.344 -6.225 -9.879 4.805 -3.27 -11.811
5 24 3.605 -3.827 -11.938 4.805 -3.27 -11.811 5.628 -5.481 -9.751 2.875 -1.17 -13.378
2 24 4.805 -3.27 -11.811 5.628 -5.481 -9.751
2 24 3.605 -3.827 -11.938 2.875 -1.17 -13.378
5 24 2.875 -1.17 -13.378 3.959 -.611 -13.272 4.805 -3.27 -11.811 2.209 1.31 -13.559
2 24 3.959 -.611 -13.272 4.805 -3.27 -11.811
2 24 2.875 -1.17 -13.378 2.209 1.31 -13.559
5 24 2.209 1.31 -13.559 3.959 -.611 -13.272 2.875 -1.17 -13.378 3.293 1.565 -13.37
5 24 2.209 1.31 -13.559 3.293 1.565 -13.37 3.959 -.611 -13.272 1.8068 2.837 -12.3516
2 24 3.293 1.565 -13.37 3.959 -.611 -13.272
2 24 2.209 1.31 -13.559 1.8068 2.837 -12.3516
5 24 1.8068 2.837 -12.3516 3.293 1.565 -13.37 2.209 1.31 -13.559 2.8652 2.9613 -12.1721
2 24 2.8652 2.9613 -12.1721 3.293 1.565 -13.37
5 24 -7.872 -9.534 -1.853 -9.373 -8.086 1.543 -9.264 -7.652 -1.526 -7.891 -10.017 1.586
5 24 -9.264 -7.652 -1.526 -7.872 -9.534 -1.853 -9.373 -8.086 1.543 -7.595 -7.891 -5.457
2 24 -7.872 -9.534 -1.853 -7.891 -10.017 1.586
5 24 -7.891 -10.017 1.586 -9.373 -8.086 1.543 -7.872 -9.534 -1.853 -9.279 -7.987 5.11
2 24 -7.595 -7.891 -5.457 -7.872 -9.534 -1.853
5 24 -9.264 -7.652 -1.526 -7.595 -7.891 -5.457 -7.872 -9.534 -1.853 -8.809 -6.28 -4.782
5 24 -8.809 -6.28 -4.782 -7.595 -7.891 -5.457 -9.264 -7.652 -1.526 -7.01 -5.684 -8.661
2 24 -7.01 -5.684 -8.661 -7.595 -7.891 -5.457
5 24 -8.809 -6.28 -4.782 -7.01 -5.684 -8.661 -7.595 -7.891 -5.457 -8.122 -4.26 -7.882
5 24 -8.122 -4.26 -7.882 -7.01 -5.684 -8.661 -8.809 -6.28 -4.782 -7.449 -2.29 -9.891
5 24 -7.449 -2.29 -9.891 -6.293 -3.138 -11.056 -7.01 -5.684 -8.661 -6.801 -.29 -11.158
2 24 -6.293 -3.138 -11.056 -7.01 -5.684 -8.661
5 24 -6.801 -.29 -11.158 -6.293 -3.138 -11.056 -7.449 -2.29 -9.891 -5.756 -.848 -12.425
5 24 -6.801 -.29 -11.158 -5.756 -.848 -12.425 -6.293 -3.138 -11.056 -6.314 1.1 -11.5
2 24 -5.756 -.848 -12.425 -6.293 -3.138 -11.056
5 24 -6.314 1.1 -11.5 -5.756 -.848 -12.425 -6.801 -.29 -11.158 -5.276 .947 -12.663
5 24 -6.314 1.1 -11.5 -5.276 .947 -12.663 -5.756 -.848 -12.425 -5.5811 2.4691 -11.1569
2 24 -5.276 .947 -12.663 -5.756 -.848 -12.425
5 24 -5.5811 2.4691 -11.1569 -5.276 .947 -12.663 -6.314 1.1 -11.5 -4.8869 3.0712 -11.7973
2 24 -4.8869 3.0712 -11.7973 -5.276 .947 -12.663
2 24 -7.891 -10.017 1.586 -7.863 -9.853 5.256
5 24 -7.863 -9.853 5.256 -9.279 -7.987 5.11 -7.891 -10.017 1.586 -7.437 -8.361 10.015
5 24 -7.437 -8.361 10.015 -9.279 -7.987 5.11 -7.863 -9.853 5.256 -8.619 -6.898 9.842
2 24 -7.863 -9.853 5.256 -7.437 -8.361 10.015
5 24 -7.437 -8.361 10.015 -8.619 -6.898 9.842 -9.279 -7.987 5.11 -6.67 -6.237 13.543
5 24 -6.67 -6.237 13.543 -8.619 -6.898 9.842 -7.437 -8.361 10.015 -7.402 -5.175 13.452
2 24 -7.437 -8.361 10.015 -6.67 -6.237 13.543
5 24 -6.67 -6.237 13.543 -7.402 -5.175 13.452 -8.619 -6.898 9.842 -5.717 -4.466 15.251
5 24 -5.717 -4.466 15.251 -7.402 -5.175 13.452 -6.67 -6.237 13.543 -6.186 -3.796 15.296
2 24 -6.67 -6.237 13.543 -5.717 -4.466 15.251
5 24 -5.717 -4.466 15.251 -6.186 -3.796 15.296 -7.402 -5.175 13.452 -4.593 -2.628 16.493
5 24 -4.593 -2.628 16.493 -6.186 -3.796 15.296 -5.717 -4.466 15.251 -4.791 -2.315 16.574
2 24 -5.717 -4.466 15.251 -4.593 -2.628 16.493
2 24 -4.593 -2.628 16.493 -4.791 -2.315 16.574
5 24 -4.546 -10.253 5.4 -5.712 -9.369 1.782 -5.358 -9.144 5.326 -4.65 -10.464 1.904
2 24 -4.65 -10.464 1.904 -4.546 -10.253 5.4
5 24 -4.546 -10.253 5.4 -5.358 -9.144 5.326 -3.86 -8.976 9.499 -5.712 -9.369 1.782
2 24 -5.358 -9.144 5.326 -5.712 -9.369 1.782
5 24 -5.712 -9.369 1.782 -4.65 -10.464 1.904 -4.689 -10.05 -1.386 -4.546 -10.253 5.4
2 24 -4.689 -10.05 -1.386 -4.65 -10.464 1.904
2 24 -5.712 -9.369 1.782 -5.827 -8.907 -1.468
5 24 -5.827 -8.907 -1.468 -4.689 -10.05 -1.386 -5.712 -9.369 1.782 -4.663 -8.723 -4.854
2 24 -4.663 -8.723 -4.854 -4.689 -10.05 -1.386
5 24 -5.827 -8.907 -1.468 -4.663 -8.723 -4.854 -4.689 -10.05 -1.386 -5.725 -7.778 -4.704
2 24 -5.827 -8.907 -1.468 -5.725 -7.778 -4.704
5 24 -5.725 -7.778 -4.704 -4.663 -8.723 -4.854 -5.827 -8.907 -1.468 -4.611 -6.516 -8.497
2 24 -4.611 -6.516 -8.497 -4.663 -8.723 -4.854
5 24 -5.725 -7.778 -4.704 -4.611 -6.516 -8.497 -4.663 -8.723 -4.854 -5.471 -5.736 -8.195
2 24 -5.725 -7.778 -4.704 -5.471 -5.736 -8.195
5 24 -5.471 -5.736 -8.195 -4.611 -6.516 -8.497 -5.725 -7.778 -4.704 -4.464 -3.891 -11.114
2 24 -4.464 -3.891 -11.114 -4.611 -6.516 -8.497
5 24 -5.471 -5.736 -8.195 -4.464 -3.891 -11.114 -4.611 -6.516 -8.497 -5.193 -3.27 -10.628
2 24 -5.471 -5.736 -8.195 -5.193 -3.27 -10.628
5 24 -5.193 -3.27 -10.628 -4.464 -3.891 -11.114 -5.471 -5.736 -8.195 -4.83 -.985 -12.13
5 24 -4.83 -.985 -12.13 -4.464 -3.891 -11.114 -5.193 -3.27 -10.628 -4.225 -1.218 -12.892
2 24 -5.193 -3.27 -10.628 -4.83 -.985 -12.13
5 24 -4.83 -.985 -12.13 -4.225 -1.218 -12.892 -4.464 -3.891 -11.114 -4.487 .778 -12.432
2 24 -4.225 -1.218 -12.892 -4.464 -3.891 -11.114
5 24 -4.487 .778 -12.432 -4.225 -1.218 -12.892 -4.83 -.985 -12.13 -3.846 1.038 -13.087
2 24 -4.83 -.985 -12.13 -4.487 .778 -12.432
5 24 -4.487 .778 -12.432 -3.846 1.038 -13.087 -4.225 -1.218 -12.892 -3.9498 2.4691 -11.8341
2 24 -3.846 1.038 -13.087 -4.225 -1.218 -12.892
2 24 -4.487 .778 -12.432 -3.9498 2.4691 -11.8341
5 24 -3.9498 2.4691 -11.8341 -3.846 1.038 -13.087 -4.487 .778 -12.432 -3.3597 2.7424 -12.0192
2 24 -3.3597 2.7424 -12.0192 -3.846 1.038 -13.087
2 24 -4.546 -10.253 5.4 -3.86 -8.976 9.499
5 24 -3.86 -8.976 9.499 -4.698 -7.898 9.276 -5.358 -9.144 5.326 -2.78 -7.135 13.28
2 24 -4.698 -7.898 9.276 -5.358 -9.144 5.326
2 24 -3.86 -8.976 9.499 -2.78 -7.135 13.28
5 24 -2.78 -7.135 13.28 -3.717 -5.87 13.064 -4.698 -7.898 9.276 -2.994 -4.098 15.021
2 24 -3.717 -5.87 13.064 -4.698 -7.898 9.276
5 24 -2.78 -7.135 13.28 -2.994 -4.098 15.021 -3.717 -5.87 13.064 -1.609 -5.561 15.941
2 24 -2.994 -4.098 15.021 -3.717 -5.87 13.064
2 24 -2.78 -7.135 13.28 -1.609 -5.561 15.941
5 24 -1.609 -5.561 15.941 -2.994 -4.098 15.021 -2.78 -7.135 13.28 -1.88 -4.372 16.25
2 24 -1.88 -4.372 16.25 -2.994 -4.098 15.021
5 24 -1.609 -5.561 15.941 -1.88 -4.372 16.25 -2.994 -4.098 15.021 .176 -3.082 18.679
5 24 .176 -3.082 18.679 -1.88 -4.372 16.25 -1.609 -5.561 15.941 -.384 -2.163 18.319
2 24 -1.609 -5.561 15.941 .176 -3.082 18.679
5 24 .176 -3.082 18.679 -.384 -2.163 18.319 -1.88 -4.372 16.25 -.129 -.914 18.538
2 24 -.384 -2.163 18.319 -1.88 -4.372 16.25
2 24 -.129 -.914 18.538 -.384 -2.163 18.319
2 24 .176 -3.082 18.679 1.363 -.575 19.614
2 24 1.363 -.575 19.614 -.129 -.914 18.538
5 24 4.628 -6.714 12.762 6.006 -7.145 10.367 5.164 -6.003 12.784 5.456 -7.983 10.417
2 24 6.006 -7.145 10.367 5.164 -6.003 12.784
5 24 5.164 -6.003 12.784 4.628 -6.714 12.762 6.006 -7.145 10.367 3.484 -5.795 14.565
5 24 5.456 -7.983 10.417 6.006 -7.145 10.367 4.628 -6.714 12.762 6.821 -8.102 7.474
5 24 5.456 -7.983 10.417 6.821 -8.102 7.474 6.006 -7.145 10.367 6.143 -9.099 7.482
2 24 6.821 -8.102 7.474 6.006 -7.145 10.367
5 24 6.143 -9.099 7.482 6.821 -8.102 7.474 5.456 -7.983 10.417 7.699 -8.757 3.673
5 24 6.143 -9.099 7.482 7.699 -8.757 3.673 6.821 -8.102 7.474 7.013 -9.822 3.656
2 24 7.699 -8.757 3.673 6.821 -8.102 7.474
5 24 7.013 -9.822 3.656 7.699 -8.757 3.673 6.143 -9.099 7.482 7.281 -9.476 .319
5 24 7.281 -9.476 .319 7.699 -8.757 3.673 7.013 -9.822 3.656 7.95 -8.585 .392
5 24 7.281 -9.476 .319 7.95 -8.585 .392 7.699 -8.757 3.673 7.142 -8.677 -3.024
2 24 7.95 -8.585 .392 7.699 -8.757 3.673
5 24 7.142 -8.677 -3.024 7.95 -8.585 .392 7.281 -9.476 .319 7.836 -7.772 -2.747
5 24 7.142 -8.677 -3.024 7.836 -7.772 -2.747 7.95 -8.585 .392 6.85 -7.615 -5.884
2 24 7.836 -7.772 -2.747 7.95 -8.585 .392
5 24 6.85 -7.615 -5.884 7.836 -7.772 -2.747 7.142 -8.677 -3.024 7.419 -6.386 -5.944
5 24 6.85 -7.615 -5.884 7.419 -6.386 -5.944 7.836 -7.772 -2.747 6.272 -6.655 -7.975
2 24 7.419 -6.386 -5.944 7.836 -7.772 -2.747
5 24 5.164 -6.003 12.784 3.484 -5.795 14.565 4.628 -6.714 12.762 4.228 -4.858 14.778
2 24 3.484 -5.795 14.565 4.628 -6.714 12.762
2 24 5.164 -6.003 12.784 4.228 -4.858 14.778
2 24 4.228 -4.858 14.778 3.484 -5.795 14.565
5 24 6.272 -6.655 -7.975 7.419 -6.386 -5.944 6.85 -7.615 -5.884 6.311 -4.306 -9.366
2 24 6.311 -4.306 -9.366 7.419 -6.386 -5.944
5 24 6.272 -6.655 -7.975 6.311 -4.306 -9.366 7.419 -6.386 -5.944 5.628 -5.481 -9.751
5 24 5.628 -5.481 -9.751 6.311 -4.306 -9.366 6.272 -6.655 -7.975 4.805 -3.27 -11.811
5 24 4.805 -3.27 -11.811 6.311 -4.306 -9.366 5.628 -5.481 -9.751 5.395 -2.448 -11.332
5 24 4.805 -3.27 -11.811 5.395 -2.448 -11.332 6.311 -4.306 -9.366 3.959 -.611 -13.272
2 24 5.395 -2.448 -11.332 6.311 -4.306 -9.366
5 24 3.959 -.611 -13.272 5.395 -2.448 -11.332 4.805 -3.27 -11.811 4.55 -.26 -12.641
5 24 3.959 -.611 -13.272 4.55 -.26 -12.641 5.395 -2.448 -11.332 4.058 1.403 -12.534
2 24 4.55 -.26 -12.641 5.395 -2.448 -11.332
2 24 4.058 1.403 -12.534 4.55 -.26 -12.641
5 24 3.959 -.611 -13.272 4.058 1.403 -12.534 4.55 -.26 -12.641 3.293 1.565 -13.37
5 24 3.293 1.565 -13.37 4.058 1.403 -12.534 3.959 -.611 -13.272 3.7115 2.4691 -11.8815
2 24 3.7115 2.4691 -11.8815 4.058 1.403 -12.534
5 24 3.293 1.565 -13.37 3.7115 2.4691 -11.8815 4.058 1.403 -12.534 2.8652 2.9613 -12.1721
5 24 5.164 -6.003 12.784 7.429 -7.174 11.288 6.04 -5.719 13.981 6.006 -7.145 10.367
2 24 7.429 -7.174 11.288 6.04 -5.719 13.981
5 24 6.04 -5.719 13.981 5.164 -6.003 12.784 7.429 -7.174 11.288 4.228 -4.858 14.778
5 24 6.006 -7.145 10.367 7.429 -7.174 11.288 5.164 -6.003 12.784 8.299 -8.245 7.799
5 24 6.006 -7.145 10.367 8.299 -8.245 7.799 7.429 -7.174 11.288 6.821 -8.102 7.474
2 24 8.299 -8.245 7.799 7.429 -7.174 11.288
5 24 6.821 -8.102 7.474 8.299 -8.245 7.799 6.006 -7.145 10.367 7.699 -8.757 3.673
5 24 7.699 -8.757 3.673 8.299 -8.245 7.799 6.821 -8.102 7.474 8.976 -8.797 3.726
5 24 7.699 -8.757 3.673 8.976 -8.797 3.726 8.299 -8.245 7.799 7.95 -8.585 .392
2 24 8.976 -8.797 3.726 8.299 -8.245 7.799
5 24 7.95 -8.585 .392 8.976 -8.797 3.726 7.699 -8.757 3.673 9.153 -8.646 .337
5 24 7.95 -8.585 .392 9.153 -8.646 .337 8.976 -8.797 3.726 7.836 -7.772 -2.747
2 24 9.153 -8.646 .337 8.976 -8.797 3.726
5 24 7.836 -7.772 -2.747 8.993 -7.795 -2.964 9.153 -8.646 .337 7.419 -6.386 -5.944
2 24 8.993 -7.795 -2.964 9.153 -8.646 .337
5 24 7.419 -6.386 -5.944 8.993 -7.795 -2.964 7.836 -7.772 -2.747 8.338 -6.383 -6.319
5 24 7.419 -6.386 -5.944 8.338 -6.383 -6.319 8.993 -7.795 -2.964 6.311 -4.306 -9.366
2 24 8.338 -6.383 -6.319 8.993 -7.795 -2.964
5 24 6.311 -4.306 -9.366 8.338 -6.383 -6.319 7.419 -6.386 -5.944 7.095 -4.25 -9.735
5 24 6.311 -4.306 -9.366 7.095 -4.25 -9.735 8.338 -6.383 -6.319 5.395 -2.448 -11.332
2 24 7.095 -4.25 -9.735 8.338 -6.383 -6.319
5 24 5.395 -2.448 -11.332 7.095 -4.25 -9.735 6.311 -4.306 -9.366 6.177 -2.255 -11.808
5 24 5.395 -2.448 -11.332 6.177 -2.255 -11.808 7.095 -4.25 -9.735 4.55 -.26 -12.641
2 24 6.177 -2.255 -11.808 7.095 -4.25 -9.735
5 24 4.55 -.26 -12.641 6.177 -2.255 -11.808 5.395 -2.448 -11.332 5.245 .039 -12.954
5 24 4.55 -.26 -12.641 5.245 .039 -12.954 6.177 -2.255 -11.808 4.058 1.403 -12.534
2 24 5.245 .039 -12.954 6.177 -2.255 -11.808
5 24 4.058 1.403 -12.534 5.245 .039 -12.954 4.55 -.26 -12.641 4.602 1.739 -12.638
5 24 4.058 1.403 -12.534 4.602 1.739 -12.638 5.245 .039 -12.954 3.7115 2.4691 -11.8815
2 24 4.602 1.739 -12.638 5.245 .039 -12.954
5 24 3.7115 2.4691 -11.8815 4.602 1.739 -12.638 4.058 1.403 -12.534 4.2292 2.9132 -11.8889
2 24 4.2292 2.9132 -11.8889 4.602 1.739 -12.638
5 24 7.91 -3.636 14.612 6.04 -5.719 13.981 9.74 -5.133 11.514 4.299 -4.142 15.963
5 24 7.429 -7.174 11.288 9.74 -5.133 11.514 6.04 -5.719 13.981 8.299 -8.245 7.799
5 24 8.299 -8.245 7.799 11.065 -6.126 7.924 9.74 -5.133 11.514 8.976 -8.797 3.726
5 24 8.976 -8.797 3.726 11.934 -6.54 3.762 11.065 -6.126 7.924 9.153 -8.646 .337
5 24 9.153 -8.646 .337 11.934 -6.54 3.762 8.976 -8.797 3.726 11.985 -6.241 .438
5 24 9.153 -8.646 .337 11.985 -6.241 .438 11.934 -6.54 3.762 8.993 -7.795 -2.964
5 24 8.993 -7.795 -2.964 11.615 -5.561 -3.014 11.985 -6.241 .438 8.338 -6.383 -6.319
5 24 8.338 -6.383 -6.319 10.645 -4.336 -6.413 11.615 -5.561 -3.014 7.095 -4.25 -9.735
5 24 7.095 -4.25 -9.735 9.277 -2.7 -9.451 10.645 -4.336 -6.413 6.177 -2.255 -11.808
5 24 9.277 -2.7 -9.451 6.177 -2.255 -11.808 7.095 -4.25 -9.735 8.022 -1.023 -11.415
5 24 6.177 -2.255 -11.808 8.022 -1.023 -11.415 6.898 .906 -12.484 9.277 -2.7 -9.451
5 24 6.177 -2.255 -11.808 6.898 .906 -12.484 8.022 -1.023 -11.415 5.245 .039 -12.954
5 24 5.245 .039 -12.954 6.898 .906 -12.484 6.177 -2.255 -11.808 4.602 1.739 -12.638
5 24 4.602 1.739 -12.638 6.898 .906 -12.484 5.245 .039 -12.954 6.058 2.326 -12.2
5 24 4.602 1.739 -12.638 6.058 2.326 -12.2 6.898 .906 -12.484 4.2292 2.9132 -11.8889
5 24 14.053 9.46 3.216 14.108 10.395 4.771 14.516 9.028 3.349 13.702 11.007 4.533
5 24 14.108 10.395 4.771 14.516 9.028 3.349 14.053 9.46 3.216 14.376 9.901 5.737
5 24 14.516 9.028 3.349 14.053 9.46 3.216 14.108 10.395 4.771 14.233 9.019 1.579
2 24 14.053 9.46 3.216 13.702 11.007 4.533
5 24 13.702 11.007 4.533 14.108 10.395 4.771 14.053 9.46 3.216 13.738 11.965 5.947
5 24 14.516 9.028 3.349 14.233 9.019 1.579 14.053 9.46 3.216 14.597 8.58 1.647
2 24 14.233 9.019 1.579 14.053 9.46 3.216
5 24 14.108 10.395 4.771 14.376 9.901 5.737 14.516 9.028 3.349 13.984 11.469 6.11
2 24 14.108 10.395 4.771 13.984 11.469 6.11
5 24 13.984 11.469 6.11 14.376 9.901 5.737 14.108 10.395 4.771 13.277 11.093 9.343
5 24 13.984 11.469 6.11 13.277 11.093 9.343 14.376 9.901 5.737 13.253 12.895 8.981
2 24 13.984 11.469 6.11 13.253 12.895 8.981
5 24 13.253 12.895 8.981 13.277 11.093 9.343 13.984 11.469 6.11 11.55 12.095 12.367
5 24 13.253 12.895 8.981 11.55 12.095 12.367 13.277 11.093 9.343 11.686 13.964 12.133
2 24 13.253 12.895 8.981 11.686 13.964 12.133
5 24 11.686 13.964 12.133 11.55 12.095 12.367 13.253 12.895 8.981 9.955 14.616 14.037
5 24 9.955 14.616 14.037 11.55 12.095 12.367 11.686 13.964 12.133 9.495 12.887 14.562
2 24 11.686 13.964 12.133 9.955 14.616 14.037
5 24 9.955 14.616 14.037 9.495 12.887 14.562 11.55 12.095 12.367 7.527 13.458 15.781
5 24 9.955 14.616 14.037 7.527 13.458 15.781 9.495 12.887 14.562 7.808 15.478 15.419
2 24 9.955 14.616 14.037 7.808 15.478 15.419
5 24 7.808 15.478 15.419 7.527 13.458 15.781 9.955 14.616 14.037 6.337 15.429 15.908
5 24 6.337 15.429 15.908 7.527 13.458 15.781 7.808 15.478 15.419 5.981 13.845 16.27
2 24 7.808 15.478 15.419 6.337 15.429 15.908
5 24 6.337 15.429 15.908 5.981 13.845 16.27 7.527 13.458 15.781 5.522 15.611 16.138
5 24 5.522 15.611 16.138 5.981 13.845 16.27 6.337 15.429 15.908 4.865 14.278 16.617
2 24 6.337 15.429 15.908 5.522 15.611 16.138
2 24 5.522 15.611 16.138 4.865 14.278 16.617
5 24 11.487 -2.691 12.216 7.901 -2.736 14.179 9.703 -4.233 11.162 8.993 -1.145 15.415
5 24 9.703 -4.233 11.162 11.487 -2.691 12.216 7.901 -2.736 14.179 12.939 -3.854 8.477
2 24 11.487 -2.691 12.216 8.993 -1.145 15.415
5 24 8.993 -1.145 15.415 7.901 -2.736 14.179 11.487 -2.691 12.216 5.359 -.453 16.696
5 24 9.703 -4.233 11.162 12.939 -3.854 8.477 11.487 -2.691 12.216 11.079 -5.174 7.757
2 24 12.939 -3.854 8.477 11.487 -2.691 12.216
5 24 11.079 -5.174 7.757 12.939 -3.854 8.477 9.703 -4.233 11.162 13.778 -4.458 4.423
2 24 13.778 -4.458 4.423 12.939 -3.854 8.477
5 24 12.013 -5.696 3.79 13.778 -4.458 4.423 11.079 -5.174 7.757 13.847 -4.386 .987
5 24 12.013 -5.696 3.79 13.847 -4.386 .987 13.778 -4.458 4.423 12.132 -5.469 .557
2 24 13.847 -4.386 .987 13.778 -4.458 4.423
5 24 12.132 -5.469 .557 13.847 -4.386 .987 12.013 -5.696 3.79 13.42 -3.888 -2.512
2 24 13.42 -3.888 -2.512 13.847 -4.386 .987
5 24 11.834 -4.852 -2.947 13.42 -3.888 -2.512 12.132 -5.469 .557 12.29 -2.837 -5.924
5 24 11.834 -4.852 -2.947 12.29 -2.837 -5.924 13.42 -3.888 -2.512 10.857 -3.643 -6.157
2 24 12.29 -2.837 -5.924 13.42 -3.888 -2.512
5 24 10.857 -3.643 -6.157 12.29 -2.837 -5.924 11.834 -4.852 -2.947 10.839 -1.311 -8.784
2 24 10.839 -1.311 -8.784 12.29 -2.837 -5.924
5 24 10.857 -3.643 -6.157 10.839 -1.311 -8.784 12.29 -2.837 -5.924 9.516 -2.022 -9.072
5 24 9.516 -2.022 -9.072 10.839 -1.311 -8.784 10.857 -3.643 -6.157 9.463 .19 -10.726
2 24 9.463 .19 -10.726 10.839 -1.311 -8.784
5 24 9.516 -2.022 -9.072 9.463 .19 -10.726 10.839 -1.311 -8.784 8.351 -.475 -11.022
5 24 8.351 -.475 -11.022 9.463 .19 -10.726 9.516 -2.022 -9.072 8.229 1.705 -11.621
2 24 8.229 1.705 -11.621 9.463 .19 -10.726
5 24 8.351 -.475 -11.022 8.229 1.705 -11.621 9.463 .19 -10.726 7.235 1.177 -11.945
5 24 7.235 1.177 -11.945 8.229 1.705 -11.621 8.351 -.475 -11.022 7.342 2.749 -11.453
2 24 7.342 2.749 -11.453 8.229 1.705 -11.621
5 24 7.235 1.177 -11.945 7.342 2.749 -11.453 8.229 1.705 -11.621 6.421 2.385 -11.745
5 24 6.421 2.385 -11.745 7.342 2.749 -11.453 7.235 1.177 -11.945 6.6725 3.4872 -10.7258
2 24 6.6725 3.4872 -10.7258 7.342 2.749 -11.453
5 24 -1.935 -9.76 9.193 -4.546 -10.253 5.4 -2.586 -10.762 5.186 -3.86 -8.976 9.499
5 24 -4.546 -10.253 5.4 -2.586 -10.762 5.186 -1.935 -9.76 9.193 -4.65 -10.464 1.904
5 24 -2.586 -10.762 5.186 -1.935 -9.76 9.193 -4.546 -10.253 5.4 .359 -9.722 8.508
5 24 -1.935 -9.76 9.193 -3.86 -8.976 9.499 -4.546 -10.253 5.4 -.997 -8.106 13.165
5 24 -2.586 -10.762 5.186 .359 -9.722 8.508 -1.935 -9.76 9.193 -.334 -10.514 4.804
5 24 .359 -9.722 8.508 -1.935 -9.76 9.193 -2.586 -10.762 5.186 1.156 -8.506 12.257
5 24 -2.586 -10.762 5.186 -.334 -10.514 4.804 .359 -9.722 8.508 -2.831 -10.997 1.723
5 24 -4.65 -10.464 1.904 -2.586 -10.762 5.186 -4.546 -10.253 5.4 -2.831 -10.997 1.723
5 24 -4.65 -10.464 1.904 -2.831 -10.997 1.723 -2.586 -10.762 5.186 -3.065 -10.62 -1.577
5 24 -2.831 -10.997 1.723 -2.586 -10.762 5.186 -4.65 -10.464 1.904 -.334 -10.514 4.804
5 24 -2.831 -10.997 1.723 -.334 -10.514 4.804 -2.586 -10.762 5.186 -.697 -10.712 1.532
5 24 -2.831 -10.997 1.723 -.697 -10.712 1.532 -.334 -10.514 4.804 -1.096 -10.432 -1.614
5 24 -4.689 -10.05 -1.386 -3.065 -10.62 -1.577 -4.663 -8.723 -4.854 -4.65 -10.464 1.904
5 24 -3.065 -10.62 -1.577 -2.831 -10.997 1.723 -1.096 -10.432 -1.614 -4.65 -10.464 1.904
5 24 -4.663 -8.723 -4.854 -3.065 -10.62 -1.577 -4.689 -10.05 -1.386 -3.261 -9.183 -5.209
5 24 -4.663 -8.723 -4.854 -3.261 -9.183 -5.209 -3.065 -10.62 -1.577 -4.611 -6.516 -8.497
5 24 -3.261 -9.183 -5.209 -3.065 -10.62 -1.577 -4.663 -8.723 -4.854 -1.518 -9.169 -5.378
5 24 -1.096 -10.432 -1.614 -2.831 -10.997 1.723 -3.065 -10.62 -1.577 -.697 -10.712 1.532
5 24 -3.065 -10.62 -1.577 -1.096 -10.432 -1.614 -2.831 -10.997 1.723 -1.518 -9.169 -5.378
5 24 -4.611 -6.516 -8.497 -3.261 -9.183 -5.209 -4.663 -8.723 -4.854 -3.346 -6.826 -8.943
5 24 -4.611 -6.516 -8.497 -3.346 -6.826 -8.943 -3.261 -9.183 -5.209 -4.464 -3.891 -11.114
5 24 -3.346 -6.826 -8.943 -3.261 -9.183 -5.209 -4.611 -6.516 -8.497 -1.518 -9.169 -5.378
5 24 -1.518 -9.169 -5.378 -3.065 -10.62 -1.577 -3.261 -9.183 -5.209 -1.096 -10.432 -1.614
5 24 -3.261 -9.183 -5.209 -1.518 -9.169 -5.378 -3.065 -10.62 -1.577 -3.346 -6.826 -8.943
5 24 -3.346 -6.826 -8.943 -1.518 -9.169 -5.378 -3.261 -9.183 -5.209 -1.773 -6.846 -9.187
5 24 -4.464 -3.891 -11.114 -3.346 -6.826 -8.943 -4.611 -6.516 -8.497 -3.253 -4.215 -11.449
5 24 -4.464 -3.891 -11.114 -3.253 -4.215 -11.449 -3.346 -6.826 -8.943 -4.225 -1.218 -12.892
5 24 -3.253 -4.215 -11.449 -3.346 -6.826 -8.943 -4.464 -3.891 -11.114 -1.773 -6.846 -9.187
5 24 -3.071 -1.474 -13.065 -3.253 -4.215 -11.449 -1.732 -1.698 -13.06 -4.225 -1.218 -12.892
5 24 -3.253 -4.215 -11.449 -4.225 -1.218 -12.892 -4.464 -3.891 -11.114 -3.071 -1.474 -13.065
5 24 -4.225 -1.218 -12.892 -3.071 -1.474 -13.065 -2.897 .984 -13.327 -3.253 -4.215 -11.449
5 24 -2.897 .984 -13.327 -3.071 -1.474 -13.065 -4.225 -1.218 -12.892 -1.795 .865 -13.377
5 24 -4.225 -1.218 -12.892 -2.897 .984 -13.327 -3.071 -1.474 -13.065 -3.846 1.038 -13.087
5 24 -3.846 1.038 -13.087 -2.897 .984 -13.327 -4.225 -1.218 -12.892 -3.3597 2.7424 -12.0192
5 24 -3.3597 2.7424 -12.0192 -2.897 .984 -13.327 -3.846 1.038 -13.087 -2.6911 2.8931 -12.1896
5 24 -2.6911 2.8931 -12.1896 -2.897 .984 -13.327 -3.3597 2.7424 -12.0192 -1.7615 2.7513 -12.3391
5 24 -1.7615 2.7513 -12.3391 -2.897 .984 -13.327 -2.6911 2.8931 -12.1896 -1.795 .865 -13.377
5 24 -1.795 .865 -13.377 -2.897 .984 -13.327 -1.7615 2.7513 -12.3391 -3.071 -1.474 -13.065
5 24 -1.795 .865 -13.377 -3.071 -1.474 -13.065 -2.897 .984 -13.327 -1.732 -1.698 -13.06
5 24 -1.732 -1.698 -13.06 -3.071 -1.474 -13.065 -1.795 .865 -13.377 -3.253 -4.215 -11.449
5 24 -1.732 -1.698 -13.06 -3.253 -4.215 -11.449 -3.071 -1.474 -13.065 -1.771 -4.378 -11.569
5 24 -1.771 -4.378 -11.569 -3.253 -4.215 -11.449 -1.732 -1.698 -13.06 -1.773 -6.846 -9.187
5 24 -3.346 -6.826 -8.943 -1.773 -6.846 -9.187 -1.518 -9.169 -5.378 -3.253 -4.215 -11.449
5 24 11.815 -1.002 12.155 14.303 -1.036 9.233 12.907 .588 13.033 13.063 -2.418 8.396
2 24 14.303 -1.036 9.233 12.907 .588 13.033
5 24 12.907 .588 13.033 11.815 -1.002 12.155 14.303 -1.036 9.233 9.214 .95 15.288
2 24 11.815 -1.002 12.155 13.063 -2.418 8.396
5 24 13.063 -2.418 8.396 14.303 -1.036 9.233 11.815 -1.002 12.155 14.834 -2.025 5.008
5 24 13.063 -2.418 8.396 14.834 -2.025 5.008 14.303 -1.036 9.233 13.667 -3.015 4.456
2 24 14.834 -2.025 5.008 14.303 -1.036 9.233
2 24 13.063 -2.418 8.396 13.667 -3.015 4.456
5 24 13.667 -3.015 4.456 14.834 -2.025 5.008 13.063 -2.418 8.396 14.767 -2.09 1.517
5 24 13.667 -3.015 4.456 14.767 -2.09 1.517 14.834 -2.025 5.008 13.564 -2.954 1.204
2 24 14.767 -2.09 1.517 14.834 -2.025 5.008
2 24 13.667 -3.015 4.456 13.564 -2.954 1.204
5 24 13.564 -2.954 1.204 14.767 -2.09 1.517 13.667 -3.015 4.456 14.28 -1.861 -2.048
5 24 13.564 -2.954 1.204 14.28 -1.861 -2.048 14.767 -2.09 1.517 13.087 -2.509 -2.146
2 24 14.28 -1.861 -2.048 14.767 -2.09 1.517
2 24 13.564 -2.954 1.204 13.087 -2.509 -2.146
5 24 13.087 -2.509 -2.146 14.28 -1.861 -2.048 13.564 -2.954 1.204 12.939 -1.003 -5.478
5 24 13.087 -2.509 -2.146 12.939 -1.003 -5.478 14.28 -1.861 -2.048 12.163 -1.648 -5.426
2 24 12.939 -1.003 -5.478 14.28 -1.861 -2.048
2 24 13.087 -2.509 -2.146 12.163 -1.648 -5.426
5 24 12.163 -1.648 -5.426 12.939 -1.003 -5.478 13.087 -2.509 -2.146 11.657 .154 -8.083
2 24 11.657 .154 -8.083 12.939 -1.003 -5.478
5 24 12.163 -1.648 -5.426 11.657 .154 -8.083 12.939 -1.003 -5.478 10.819 -.438 -8.268
2 24 12.163 -1.648 -5.426 10.819 -.438 -8.268
5 24 10.819 -.438 -8.268 11.657 .154 -8.083 12.163 -1.648 -5.426 10.709 1.199 -9.807
2 24 10.709 1.199 -9.807 11.657 .154 -8.083
5 24 10.819 -.438 -8.268 10.709 1.199 -9.807 11.657 .154 -8.083 9.625 .709 -9.936
2 24 10.819 -.438 -8.268 9.625 .709 -9.936
5 24 9.625 .709 -9.936 10.709 1.199 -9.807 10.819 -.438 -8.268 9.665 2.286 -10.788
2 24 9.665 2.286 -10.788 10.709 1.199 -9.807
5 24 9.625 .709 -9.936 9.665 2.286 -10.788 10.709 1.199 -9.807 8.642 1.834 -10.738
2 24 9.625 .709 -9.936 8.642 1.834 -10.738
5 24 8.642 1.834 -10.738 9.665 2.286 -10.788 9.625 .709 -9.936 8.572 3.185 -10.753
2 24 8.572 3.185 -10.753 9.665 2.286 -10.788
5 24 8.642 1.834 -10.738 8.572 3.185 -10.753 9.665 2.286 -10.788 7.838 2.782 -10.68
2 24 8.642 1.834 -10.738 7.838 2.782 -10.68
5 24 7.838 2.782 -10.68 8.572 3.185 -10.753 8.642 1.834 -10.738 7.659 3.744 -10.198
2 24 7.659 3.744 -10.198 8.572 3.185 -10.753
5 24 7.838 2.782 -10.68 7.659 3.744 -10.198 8.572 3.185 -10.753 7.2955 3.4612 -10.3017
2 24 7.838 2.782 -10.68 7.2955 3.4612 -10.3017
5 24 14.388 4.718 10.013 15.947 5.737 6.408 14.739 6.929 10.319 15.53 3.781 5.941
2 24 15.947 5.737 6.408 14.739 6.929 10.319
5 24 14.739 6.929 10.319 14.388 4.718 10.013 15.947 5.737 6.408 12.546 5.708 13.185
2 24 14.388 4.718 10.013 15.53 3.781 5.941
5 24 15.53 3.781 5.941 15.947 5.737 6.408 14.388 4.718 10.013 15.947 5.188 2.455
5 24 15.53 3.781 5.941 15.947 5.188 2.455 15.947 5.737 6.408 15.512 3.451 2.464
2 24 15.947 5.188 2.455 15.947 5.737 6.408
2 24 15.53 3.781 5.941 15.512 3.451 2.464
5 24 15.512 3.451 2.464 15.947 5.188 2.455 15.53 3.781 5.941 15.348 4.752 -.974
2 24 15.348 4.752 -.974 15.947 5.188 2.455
2 24 15.512 3.451 2.464 14.942 3.199 -1.075
5 24 14.942 3.199 -1.075 15.348 4.752 -.974 15.512 3.451 2.464 14.51 4.445 -4.051
5 24 14.942 3.199 -1.075 14.51 4.445 -4.051 15.348 4.752 -.974 14.088 3.311 -4.337
2 24 14.51 4.445 -4.051 15.348 4.752 -.974
2 24 14.942 3.199 -1.075 14.088 3.311 -4.337
5 24 14.088 3.311 -4.337 14.51 4.445 -4.051 14.942 3.199 -1.075 13.557 4.578 -6.338
2 24 13.557 4.578 -6.338 14.51 4.445 -4.051
2 24 14.088 3.311 -4.337 13.1 3.541 -6.751
5 24 13.1 3.541 -6.751 13.557 4.578 -6.338 14.088 3.311 -4.337 12.717 4.945 -7.476
5 24 13.1 3.541 -6.751 12.717 4.945 -7.476 13.557 4.578 -6.338 12.201 3.982 -8.035
2 24 12.717 4.945 -7.476 13.557 4.578 -6.338
2 24 13.1 3.541 -6.751 12.201 3.982 -8.035
5 24 12.201 3.982 -8.035 12.717 4.945 -7.476 13.1 3.541 -6.751 11.989 5.356 -8.098
5 24 12.201 3.982 -8.035 11.989 5.356 -8.098 12.717 4.945 -7.476 11.418 4.427 -8.723
2 24 11.989 5.356 -8.098 12.717 4.945 -7.476
2 24 12.201 3.982 -8.035 11.418 4.427 -8.723
5 24 11.418 4.427 -8.723 11.989 5.356 -8.098 12.201 3.982 -8.035 11.427 5.754 -8.22
5 24 11.418 4.427 -8.723 11.427 5.754 -8.22 11.989 5.356 -8.098 10.586 4.923 -8.82
2 24 11.427 5.754 -8.22 11.989 5.356 -8.098
2 24 11.418 4.427 -8.723 10.586 4.923 -8.82
5 24 10.586 4.923 -8.82 11.427 5.754 -8.22 11.418 4.427 -8.723 10.144 6.197 -8.128
5 24 14.739 6.929 10.319 12.546 5.708 13.185 14.388 4.718 10.013 12.701 8.297 13.675
2 24 12.546 5.708 13.185 14.388 4.718 10.013
2 24 14.739 6.929 10.319 12.701 8.297 13.675
5 24 12.701 8.297 13.675 12.546 5.708 13.185 14.739 6.929 10.319 9.561 6.937 15.553
5 24 12.701 8.297 13.675 9.561 6.937 15.553 12.546 5.708 13.185 10.153 9.446 16.032
2 24 9.561 6.937 15.553 12.546 5.708 13.185
2 24 12.701 8.297 13.675 10.153 9.446 16.032
5 24 10.153 9.446 16.032 9.561 6.937 15.553 12.701 8.297 13.675 6.928 7.933 16.953
5 24 10.153 9.446 16.032 6.928 7.933 16.953 9.561 6.937 15.553 7.799 10.345 17.322
2 24 6.928 7.933 16.953 9.561 6.937 15.553
2 24 10.153 9.446 16.032 7.799 10.345 17.322
5 24 7.799 10.345 17.322 6.928 7.933 16.953 10.153 9.446 16.032 5.661 8.565 17.334
5 24 7.799 10.345 17.322 5.661 8.565 17.334 6.928 7.933 16.953 6.53 10.767 17.62
2 24 5.661 8.565 17.334 6.928 7.933 16.953
2 24 7.799 10.345 17.322 6.53 10.767 17.62
5 24 6.53 10.767 17.62 5.661 8.565 17.334 7.799 10.345 17.322 5.686 10.971 17.792
2 24 6.53 10.767 17.62 5.686 10.971 17.792
5 24 5.686 10.971 17.792 5.661 8.565 17.334 6.53 10.767 17.62 4.879 8.914 17.686
2 24 5.686 10.971 17.792 4.879 8.914 17.686
2 24 4.879 8.914 17.686 5.661 8.565 17.334
5 24 15.029 7.113 6.136 14.739 6.929 10.319 15.947 5.737 6.408 13.848 7.998 9.78
5 24 15.947 5.737 6.408 15.029 7.113 6.136 14.739 6.929 10.319 15.155 6.684 2.382
5 24 13.848 7.998 9.78 14.739 6.929 10.319 15.029 7.113 6.136 12.701 8.297 13.675
5 24 15.947 5.737 6.408 15.155 6.684 2.382 15.029 7.113 6.136 15.947 5.188 2.455
5 24 15.947 5.188 2.455 15.155 6.684 2.382 15.947 5.737 6.408 14.841 6.249 -.764
5 24 15.947 5.188 2.455 14.841 6.249 -.764 15.155 6.684 2.382 15.348 4.752 -.974
5 24 15.348 4.752 -.974 14.841 6.249 -.764 15.947 5.188 2.455 14.17 5.826 -3.565
5 24 15.348 4.752 -.974 14.17 5.826 -3.565 14.841 6.249 -.764 14.51 4.445 -4.051
5 24 14.51 4.445 -4.051 14.17 5.826 -3.565 15.348 4.752 -.974 13.312 5.616 -5.733
5 24 14.51 4.445 -4.051 13.312 5.616 -5.733 14.17 5.826 -3.565 13.557 4.578 -6.338
5 24 13.557 4.578 -6.338 13.312 5.616 -5.733 14.51 4.445 -4.051 12.631 5.665 -6.974
5 24 13.557 4.578 -6.338 12.631 5.665 -6.974 13.312 5.616 -5.733 12.717 4.945 -7.476
5 24 12.717 4.945 -7.476 12.631 5.665 -6.974 13.557 4.578 -6.338 11.989 5.356 -8.098
5 24 11.989 5.356 -8.098 12.631 5.665 -6.974 12.717 4.945 -7.476 11.427 5.754 -8.22
5 24 13.848 7.998 9.78 12.701 8.297 13.675 14.739 6.929 10.319 12.039 9.097 13.042
2 24 13.848 7.998 9.78 12.039 9.097 13.042
5 24 12.039 9.097 13.042 12.701 8.297 13.675 13.848 7.998 9.78 10.153 9.446 16.032
5 24 12.039 9.097 13.042 10.153 9.446 16.032 12.701 8.297 13.675 9.709 10.154 15.326
2 24 12.039 9.097 13.042 9.709 10.154 15.326
5 24 9.709 10.154 15.326 10.153 9.446 16.032 12.039 9.097 13.042 7.799 10.345 17.322
5 24 9.709 10.154 15.326 7.799 10.345 17.322 10.153 9.446 16.032 7.385 10.967 16.496
2 24 9.709 10.154 15.326 7.385 10.967 16.496
5 24 7.385 10.967 16.496 7.799 10.345 17.322 9.709 10.154 15.326 6.53 10.767 17.62
5 24 7.385 10.967 16.496 6.53 10.767 17.62 7.799 10.345 17.322 6.26 11.304 16.798
2 24 7.385 10.967 16.496 6.26 11.304 16.798
5 24 6.26 11.304 16.798 6.53 10.767 17.62 7.385 10.967 16.496 5.686 10.971 17.792
5 24 6.26 11.304 16.798 5.686 10.971 17.792 6.53 10.767 17.62 5.662 11.48 16.984
2 24 6.26 11.304 16.798 5.662 11.48 16.984
2 24 5.662 11.48 16.984 5.686 10.971 17.792
5 24 12.675 9.797 3.064 14.053 9.46 3.216 14.233 9.019 1.579 13.702 11.007 4.533
5 24 14.233 9.019 1.579 12.995 9.229 1.023 12.675 9.797 3.064 13 9.545 0
2 24 12.995 9.229 1.023 12.675 9.797 3.064
5 24 14.233 9.019 1.579 13 9.545 0 14.233 9.205 -.446 12.995 9.229 1.023
5 24 14.233 9.205 -.446 12.777 9.861 -2.64 12.995 9.229 1.023 13.818 9.626 -2.848
2 24 13 9.545 0 12.995 9.229 1.023
2 24 12.777 9.861 -2.64 13 9.545 0
5 24 13.818 9.626 -2.848 12.777 9.861 -2.64 14.233 9.205 -.446 12.0107 9.727 -4.9751
2 24 12.0107 9.727 -4.9751 12.777 9.861 -2.64
5 24 13.818 9.626 -2.848 12.0107 9.727 -4.9751 12.777 9.861 -2.64 13.072 9.391 -4.964
5 24 13.072 9.391 -4.964 12.0107 9.727 -4.9751 13.818 9.626 -2.848 11.441 8.596 -6.271
5 24 13.072 9.391 -4.964 11.441 8.596 -6.271 12.0107 9.727 -4.9751 12.533 8.18 -6.394
2 24 11.441 8.596 -6.271 12.0107 9.727 -4.9751
5 24 12.533 8.18 -6.394 11.441 8.596 -6.271 13.072 9.391 -4.964 11.976 6.908 -7.428
5 24 11.976 6.908 -7.428 10.774 7.326 -7.342 11.441 8.596 -6.271 11.427 5.754 -8.22
2 24 10.774 7.326 -7.342 11.441 8.596 -6.271
5 24 11.427 5.754 -8.22 10.144 6.197 -8.128 10.774 7.326 -7.342 10.586 4.923 -8.82
2 24 10.144 6.197 -8.128 10.774 7.326 -7.342
5 24 10.586 4.923 -8.82 10.144 6.197 -8.128 11.427 5.754 -8.22 9.681 5.321 -8.733
2 24 10.586 4.923 -8.82 9.681 5.321 -8.733
2 24 9.681 5.321 -8.733 10.144 6.197 -8.128
5 24 12.675 9.797 3.064 13.702 11.007 4.533 14.053 9.46 3.216 12.408 11.154 4.147
2 24 12.675 9.797 3.064 12.408 11.154 4.147
5 24 12.408 11.154 4.147 13.702 11.007 4.533 12.675 9.797 3.064 13.212 13.23 5.661
5 24 12.408 11.154 4.147 13.212 13.23 5.661 13.702 11.007 4.533 11.919 13.492 5.375
2 24 13.212 13.23 5.661 13.702 11.007 4.533
2 24 12.408 11.154 4.147 11.919 13.492 5.375
5 24 11.919 13.492 5.375 13.212 13.23 5.661 12.408 11.154 4.147 12.262 15.821 7.532
5 24 11.919 13.492 5.375 12.262 15.821 7.532 13.212 13.23 5.661 10.987 15.888 7.12
2 24 12.262 15.821 7.532 13.212 13.23 5.661
2 24 11.919 13.492 5.375 10.987 15.888 7.12
5 24 10.987 15.888 7.12 12.262 15.821 7.532 11.919 13.492 5.375 10.535 17.422 10.039
5 24 10.987 15.888 7.12 10.535 17.422 10.039 12.262 15.821 7.532 9.29 17.264 9.294
2 24 10.535 17.422 10.039 12.262 15.821 7.532
2 24 10.987 15.888 7.12 9.29 17.264 9.294
5 24 9.29 17.264 9.294 10.535 17.422 10.039 10.987 15.888 7.12 8.796 17.682 11.768
2 24 8.796 17.682 11.768 10.535 17.422 10.039
5 24 9.29 17.264 9.294 8.796 17.682 11.768 10.535 17.422 10.039 6.845 17.824 11.175
2 24 9.29 17.264 9.294 6.845 17.824 11.175
5 24 6.845 17.824 11.175 8.796 17.682 11.768 9.29 17.264 9.294 7.573 17.592 12.909
5 24 6.845 17.824 11.175 7.573 17.592 12.909 8.796 17.682 11.768 6.224 17.843 12.215
2 24 7.573 17.592 12.909 8.796 17.682 11.768
5 24 6.845 17.824 11.175 6.224 17.843 12.215 7.573 17.592 12.909 4.825 18.099 12.19
5 24 6.224 17.843 12.215 7.573 17.592 12.909 6.845 17.824 11.175 6.786 17.382 13.547
5 24 6.224 17.843 12.215 6.786 17.382 13.547 7.573 17.592 12.909 6.066 17.706 13.492
2 24 6.786 17.382 13.547 7.573 17.592 12.909
5 24 6.066 17.706 13.492 6.786 17.382 13.547 6.224 17.843 12.215 5.268 17.126 14.439
2 24 6.845 17.824 11.175 4.825 18.099 12.19
2 24 4.825 18.099 12.19 6.224 17.843 12.215
2 24 5.268 17.126 14.439 6.786 17.382 13.547
5 24 11.487 -2.691 12.216 13.063 -2.418 8.396 11.815 -1.002 12.155 12.939 -3.854 8.477
5 24 11.815 -1.002 12.155 11.487 -2.691 12.216 13.063 -2.418 8.396 8.993 -1.145 15.415
5 24 12.939 -3.854 8.477 13.063 -2.418 8.396 11.487 -2.691 12.216 13.667 -3.015 4.456
5 24 12.939 -3.854 8.477 13.667 -3.015 4.456 13.063 -2.418 8.396 13.778 -4.458 4.423
5 24 13.778 -4.458 4.423 13.667 -3.015 4.456 12.939 -3.854 8.477 13.564 -2.954 1.204
5 24 13.778 -4.458 4.423 13.564 -2.954 1.204 13.667 -3.015 4.456 13.847 -4.386 .987
5 24 13.847 -4.386 .987 13.564 -2.954 1.204 13.778 -4.458 4.423 13.087 -2.509 -2.146
5 24 13.847 -4.386 .987 13.087 -2.509 -2.146 13.564 -2.954 1.204 13.42 -3.888 -2.512
5 24 13.42 -3.888 -2.512 13.087 -2.509 -2.146 13.847 -4.386 .987 12.29 -2.837 -5.924
5 24 12.29 -2.837 -5.924 13.087 -2.509 -2.146 13.42 -3.888 -2.512 12.163 -1.648 -5.426
5 24 12.29 -2.837 -5.924 12.163 -1.648 -5.426 13.087 -2.509 -2.146 10.839 -1.311 -8.784
5 24 10.839 -1.311 -8.784 12.163 -1.648 -5.426 12.29 -2.837 -5.924 10.819 -.438 -8.268
5 24 10.839 -1.311 -8.784 10.819 -.438 -8.268 12.163 -1.648 -5.426 9.625 .709 -9.936
5 24 10.839 -1.311 -8.784 9.625 .709 -9.936 10.819 -.438 -8.268 9.463 .19 -10.726
5 24 9.463 .19 -10.726 9.625 .709 -9.936 10.839 -1.311 -8.784 8.642 1.834 -10.738
5 24 8.229 1.705 -11.621 8.642 1.834 -10.738 9.463 .19 -10.726 7.838 2.782 -10.68
5 24 8.229 1.705 -11.621 7.838 2.782 -10.68 8.642 1.834 -10.738 7.342 2.749 -11.453
5 24 7.342 2.749 -11.453 7.838 2.782 -10.68 8.229 1.705 -11.621 6.6725 3.4872 -10.7258
5 24 6.6725 3.4872 -10.7258 7.838 2.782 -10.68 7.342 2.749 -11.453 7.2955 3.4612 -10.3017
5 24 12.0104 4 4.9752 11.919 13.492 5.375 12.408 11.154 4.147 9.192 4 9.192
5 24 9.192 4 9.192 11.919 13.492 5.375 12.0104 4 4.9752 10.987 15.888 7.12
5 24 9.192 4 9.192 9.29 17.264 9.294 10.987 15.888 7.12 6.845 17.824 11.175
5 24 4.5159 -3.3859 12.002 4.9751 4 12.0107 0 4 13 9.192 4 9.192
5 24 12.675 9.797 3.064 12.0104 4 4.9752 12.408 11.154 4.147 12.995 9.229 1.023
5 24 12.995 9.229 1.023 12.0104 4 4.9752 12.675 9.797 3.064 13 4 0
5 24 12.777 9.861 -2.64 13 4 0 12.995 9.229 1.023 12.0107 9.727 -4.9751
5 24 12.0107 9.727 -4.9751 12.0104 4 -4.9752 13 4 0 11.441 8.596 -6.271
5 24 11.441 8.596 -6.271 12.0104 4 -4.9752 12.0107 9.727 -4.9751 10.774 7.326 -7.342
5 24 10.144 6.197 -8.128 12.0104 4 -4.9752 10.774 7.326 -7.342 9.681 5.321 -8.733
5 24 12.0104 4 -4.9752 9.681 5.321 -8.733 10.144 6.197 -8.128 9.192 4 -9.192
5 24 9.681 5.321 -8.733 9.192 4 -9.192 9.1923 4.875 -9.1923 12.0104 4 -4.9752
2 24 9.681 5.321 -8.733 9.1923 4.875 -9.1923
5 24 9.1923 4.875 -9.1923 9.192 4 -9.192 9.681 5.321 -8.733 8.2865 4.2748 -9.8777
2 24 9.1923 4.875 -9.1923 8.2865 4.2748 -9.8777
2 24 4.634 22.535 12.305 4.825 18.099 12.19
2 24 3.933 23.204 12.585 4.634 22.535 12.305
2 24 2.925 23.556 12.794 3.933 23.204 12.585
5 24 0 18.086 13.121 2.925 23.556 12.794 4.825 18.099 12.19 0 24.568 13.202
5 24 0 18.086 13.121 -2.862 23.321 12.832 -4.791 18.116 12.204 0 24.568 13.202
5 24 0 24.568 13.202 0 18.086 13.121 2.925 23.556 12.794 -2.862 23.321 12.832
5 24 0 24.568 13.202 2.925 23.556 12.794 0 18.086 13.121 2.83 24.49 12.851
5 24 -4.791 18.116 12.204 -2.862 23.321 12.832 -4.074 22.69 12.54 0 18.086 13.121
2 24 -2.862 23.321 12.832 -2.857 24.552 12.848
5 24 -2.857 24.552 12.848 0 24.568 13.202 -2.862 23.321 12.832 0 27.635 13.224
2 24 -4.791 18.116 12.204 -4.409 22.143 12.396
2 24 -4.409 22.143 12.396 -4.074 22.69 12.54
2 24 -4.074 22.69 12.54 -2.862 23.321 12.832
5 24 0 27.635 13.224 0 24.568 13.202 -2.857 24.552 12.848 2.723 27.506 12.905
5 24 0 27.635 13.224 2.723 27.506 12.905 0 24.568 13.202 1.693 28.659 13.096
5 24 0 27.635 13.224 1.693 28.659 13.096 2.723 27.506 12.905 0 29.105 13.234
2 24 1.693 28.659 13.096 2.435 28.306 12.987
2 24 2.435 28.306 12.987 2.723 27.506 12.905
5 24 0 27.635 13.224 0 29.105 13.234 1.693 28.659 13.096 -1.948 28.807 13.061
2 24 0 29.105 13.234 1.693 28.659 13.096
5 24 0 27.635 13.224 -1.948 28.807 13.061 0 29.105 13.234 -2.491 28.588 12.974
2 24 -1.948 28.807 13.061 0 29.105 13.234
2 24 -2.491 28.588 12.974 -1.948 28.807 13.061
5 24 0 27.635 13.224 -2.491 28.588 12.974 -1.948 28.807 13.061 -2.726 27.86 12.905
5 24 0 27.635 13.224 -2.726 27.86 12.905 -2.491 28.588 12.974 -2.857 24.552 12.848
2 24 -2.726 27.86 12.905 -2.491 28.588 12.974
2 24 -2.857 24.552 12.848 -2.726 27.86 12.905
2 24 2.723 27.506 12.905 2.83 24.49 12.851
5 24 2.83 24.49 12.851 0 24.568 13.202 2.723 27.506 12.905 2.925 23.556 12.794
2 24 2.83 24.49 12.851 2.925 23.556 12.794
5 24 -4.9751 4 12.0107 -8.3438 -3.0607 9.4438 -4.5159 -3.3859 12.002 -9.192 4 9.192
2 24 -6.848 17.736 11.175 -4.791 18.116 12.204
5 24 -4.9751 4 12.0107 -4.5159 -3.3859 12.002 0 -3.5 12.9 -8.3438 -3.0607 9.4438
5 24 -4.791 18.116 12.204 -4.9751 4 12.0107 -6.848 17.736 11.175 0 -3.5 12.9
5 24 -4.9751 4 12.0107 -9.192 4 9.192 -8.3438 -3.0607 9.4438 -6.848 17.736 11.175
5 24 -9.192 4 9.192 -6.848 17.736 11.175 -9.961 16.89 8.508 -4.9751 4 12.0107
5 24 -9.192 4 9.192 -9.961 16.89 8.508 -6.848 17.736 11.175 -11.756 14.458 5.802
2 24 -9.1923 17.1015 9.1923 -6.848 17.736 11.175
2 24 -9.961 16.89 8.508 -9.1923 17.1015 9.1923
2 24 -11.756 14.458 5.802 -9.961 16.89 8.508
5 24 -12.0104 4 4.9752 -11.756 14.458 5.802 -9.192 4 9.192 -12.0107 13.0255 4.9751
2 24 -12.0107 13.0255 4.9751 -11.756 14.458 5.802
2 24 -12.489 10.761 3.892 -12.0107 13.0255 4.9751
5 24 -12.0104 4 4.9752 -12.489 10.761 3.892 -12.0107 13.0255 4.9751 -13 4 0
5 24 -13 4 0 -12.489 10.761 3.892 -12.0104 4 4.9752 -12.707 9.576 2.947
5 24 -13 4 0 -12.707 9.576 2.947 -12.489 10.761 3.892 -13.012 9.235 .881
2 24 -12.707 9.576 2.947 -12.489 10.761 3.892
2 24 -13.012 9.235 .881 -12.707 9.576 2.947
2 24 -12.942 9.667 -1.807 -13.012 9.235 .881
2 24 -12.639 9.915 -3.279 -12.942 9.667 -1.807
5 24 -13 4 0 -12.639 9.915 -3.279 -12.942 9.667 -1.807 -12.095 9.647 -4.885
5 24 -13 4 0 -12.095 9.647 -4.885 -12.639 9.915 -3.279 -12.0104 4 -4.9752
2 24 -12.095 9.647 -4.885 -12.639 9.915 -3.279
5 24 -12.0104 4 -4.9752 -12.095 9.647 -4.885 -13 4 0 -11.56 8.787 -6.088
5 24 -12.0104 4 -4.9752 -11.56 8.787 -6.088 -12.095 9.647 -4.885 -10.863 7.579 -7.208
2 24 -11.56 8.787 -6.088 -12.095 9.647 -4.885
2 24 -10.863 7.579 -7.208 -11.56 8.787 -6.088
2 24 -10.26 6.671 -8.033 -10.863 7.579 -7.208
5 24 -12.0104 4 -4.9752 -10.26 6.671 -8.033 -10.863 7.579 -7.208 -9.1923 5.03 -9.1923
5 24 -12.0104 4 -4.9752 -9.1923 5.03 -9.1923 -10.26 6.671 -8.033 -8.0699 4 -9.942
2 24 -9.1923 5.03 -9.1923 -10.26 6.671 -8.033
2 24 -8.0699 4 -9.942 -9.1923 5.03 -9.1923
5 24 -7.891 -10.017 1.586 -5.827 -8.907 -1.468 -5.712 -9.369 1.782 -7.872 -9.534 -1.853
5 24 -5.712 -9.369 1.782 -7.891 -10.017 1.586 -5.827 -8.907 -1.468 -7.863 -9.853 5.256
5 24 -7.872 -9.534 -1.853 -5.827 -8.907 -1.468 -7.891 -10.017 1.586 -5.725 -7.778 -4.704
5 24 -7.872 -9.534 -1.853 -5.725 -7.778 -4.704 -5.827 -8.907 -1.468 -7.595 -7.891 -5.457
5 24 -7.595 -7.891 -5.457 -5.725 -7.778 -4.704 -7.872 -9.534 -1.853 -5.471 -5.736 -8.195
5 24 -7.595 -7.891 -5.457 -5.471 -5.736 -8.195 -5.725 -7.778 -4.704 -7.01 -5.684 -8.661
5 24 -7.01 -5.684 -8.661 -5.471 -5.736 -8.195 -7.595 -7.891 -5.457 -5.193 -3.27 -10.628
5 24 -6.293 -3.138 -11.056 -5.193 -3.27 -10.628 -7.01 -5.684 -8.661 -4.83 -.985 -12.13
5 24 -6.293 -3.138 -11.056 -4.83 -.985 -12.13 -5.193 -3.27 -10.628 -5.756 -.848 -12.425
5 24 -5.756 -.848 -12.425 -4.83 -.985 -12.13 -6.293 -3.138 -11.056 -5.276 .947 -12.663
5 24 -5.276 .947 -12.663 -4.83 -.985 -12.13 -5.756 -.848 -12.425 -4.487 .778 -12.432
5 24 -5.276 .947 -12.663 -4.487 .778 -12.432 -4.83 -.985 -12.13 -3.9498 2.4691 -11.8341
5 24 -5.276 .947 -12.663 -3.9498 2.4691 -11.8341 -4.487 .778 -12.432 -4.8869 3.0712 -11.7973
5 24 -5.358 -9.144 5.326 -7.863 -9.853 5.256 -5.712 -9.369 1.782 -7.437 -8.361 10.015
5 24 -5.358 -9.144 5.326 -7.437 -8.361 10.015 -7.863 -9.853 5.256 -4.698 -7.898 9.276
5 24 -4.698 -7.898 9.276 -7.437 -8.361 10.015 -5.358 -9.144 5.326 -6.67 -6.237 13.543
5 24 -4.698 -7.898 9.276 -6.67 -6.237 13.543 -7.437 -8.361 10.015 -3.717 -5.87 13.064
5 24 -3.717 -5.87 13.064 -6.67 -6.237 13.543 -4.698 -7.898 9.276 -5.717 -4.466 15.251
5 24 -3.717 -5.87 13.064 -5.717 -4.466 15.251 -6.67 -6.237 13.543 -2.994 -4.098 15.021
5 24 -2.994 -4.098 15.021 -5.717 -4.466 15.251 -3.717 -5.87 13.064 -4.593 -2.628 16.493
2 24 -2.994 -4.098 15.021 -4.593 -2.628 16.493
5 24 15.14 3.729 9.709 15.53 3.781 5.941 14.388 4.718 10.013 15.942 2.975 5.692
5 24 14.388 4.718 10.013 15.14 3.729 9.709 15.53 3.781 5.941 13.276 4.823 13.324
2 24 15.14 3.729 9.709 15.942 2.975 5.692
5 24 15.942 2.975 5.692 15.53 3.781 5.941 15.14 3.729 9.709 15.512 3.451 2.464
5 24 15.942 2.975 5.692 15.512 3.451 2.464 15.53 3.781 5.941 15.827 2.629 1.979
2 24 15.942 2.975 5.692 15.827 2.629 1.979
5 24 15.827 2.629 1.979 15.512 3.451 2.464 15.942 2.975 5.692 14.942 3.199 -1.075
5 24 15.827 2.629 1.979 14.942 3.199 -1.075 15.512 3.451 2.464 15.241 2.488 -1.478
2 24 15.827 2.629 1.979 15.241 2.488 -1.478
5 24 15.241 2.488 -1.478 14.942 3.199 -1.075 15.827 2.629 1.979 14.088 3.311 -4.337
5 24 15.241 2.488 -1.478 14.088 3.311 -4.337 14.942 3.199 -1.075 14.235 2.541 -4.738
2 24 15.241 2.488 -1.478 14.235 2.541 -4.738
5 24 14.235 2.541 -4.738 14.088 3.311 -4.337 15.241 2.488 -1.478 13.1 3.541 -6.751
5 24 14.235 2.541 -4.738 13.1 3.541 -6.751 14.088 3.311 -4.337 13.137 2.746 -7.29
2 24 14.235 2.541 -4.738 13.137 2.746 -7.29
5 24 13.137 2.746 -7.29 13.1 3.541 -6.751 14.235 2.541 -4.738 12.201 3.982 -8.035
5 24 13.137 2.746 -7.29 12.201 3.982 -8.035 13.1 3.541 -6.751 12.129 3.301 -8.737
2 24 13.137 2.746 -7.29 12.129 3.301 -8.737
5 24 12.129 3.301 -8.737 12.201 3.982 -8.035 13.137 2.746 -7.29 11.418 4.427 -8.723
5 24 12.129 3.301 -8.737 11.418 4.427 -8.723 12.201 3.982 -8.035 11.171 3.875 -9.491
2 24 12.129 3.301 -8.737 11.171 3.875 -9.491
5 24 11.171 3.875 -9.491 11.418 4.427 -8.723 12.129 3.301 -8.737 10.586 4.923 -8.82
5 24 11.171 3.875 -9.491 10.586 4.923 -8.82 11.418 4.427 -8.723 10.107 4.428 -9.631
2 24 11.171 3.875 -9.491 10.107 4.428 -9.631
5 24 10.107 4.428 -9.631 10.586 4.923 -8.82 11.171 3.875 -9.491 9.681 5.321 -8.733
5 24 10.107 4.428 -9.631 9.681 5.321 -8.733 10.586 4.923 -8.82 9.1923 4.875 -9.1923
2 24 10.107 4.428 -9.631 9.1923 4.875 -9.1923
5 24 14.303 -1.036 9.233 15.942 2.975 5.692 15.14 3.729 9.709 14.834 -2.025 5.008
5 24 15.14 3.729 9.709 14.303 -1.036 9.233 15.942 2.975 5.692 12.907 .588 13.033
5 24 14.834 -2.025 5.008 15.942 2.975 5.692 14.303 -1.036 9.233 15.827 2.629 1.979
5 24 14.767 -2.09 1.517 15.827 2.629 1.979 14.834 -2.025 5.008 15.241 2.488 -1.478
5 24 14.28 -1.861 -2.048 15.241 2.488 -1.478 14.767 -2.09 1.517 14.235 2.541 -4.738
5 24 14.28 -1.861 -2.048 14.235 2.541 -4.738 15.241 2.488 -1.478 12.939 -1.003 -5.478
5 24 12.939 -1.003 -5.478 13.137 2.746 -7.29 14.235 2.541 -4.738 11.657 .154 -8.083
5 24 11.657 .154 -8.083 13.137 2.746 -7.29 12.939 -1.003 -5.478 12.129 3.301 -8.737
5 24 11.657 .154 -8.083 12.129 3.301 -8.737 13.137 2.746 -7.29 10.709 1.199 -9.807
5 24 10.709 1.199 -9.807 12.129 3.301 -8.737 11.657 .154 -8.083 9.665 2.286 -10.788
5 24 9.665 2.286 -10.788 12.129 3.301 -8.737 11.171 3.875 -9.491 10.709 1.199 -9.807
5 24 9.665 2.286 -10.788 11.171 3.875 -9.491 12.129 3.301 -8.737 8.572 3.185 -10.753
5 24 11.171 3.875 -9.491 8.572 3.185 -10.753 9.665 2.286 -10.788 10.107 4.428 -9.631
5 24 8.572 3.185 -10.753 10.107 4.428 -9.631 8.2865 4.2748 -9.8777 11.171 3.875 -9.491
5 24 8.572 3.185 -10.753 8.2865 4.2748 -9.8777 10.107 4.428 -9.631 7.659 3.744 -10.198
5 24 8.2865 4.2748 -9.8777 10.107 4.428 -9.631 8.572 3.185 -10.753 9.1923 4.875 -9.1923
5 24 1.52 1.087 -13.285 .5275 2.8643 -12.6126 1.188 2.7052 -12.4418 .71 1.051 -13.823
2 24 1.188 2.7052 -12.4418 1.52 1.087 -13.285
5 24 1.52 1.087 -13.285 .71 1.051 -13.823 .5275 2.8643 -12.6126 2.106 -1.311 -13.001
5 24 .71 1.051 -13.823 2.106 -1.311 -13.001 1.52 1.087 -13.285 1.131 -1.643 -13.399
2 24 1.52 1.087 -13.285 2.106 -1.311 -13.001
5 24 2.106 -1.311 -13.001 1.131 -1.643 -13.399 1.641 -4.245 -12.023 .71 1.051 -13.823
5 24 2.106 -1.311 -13.001 1.641 -4.245 -12.023 1.131 -1.643 -13.399 2.802 -3.804 -11.52
2 24 2.106 -1.311 -13.001 2.802 -3.804 -11.52
5 24 2.802 -3.804 -11.52 1.641 -4.245 -12.023 2.106 -1.311 -13.001 2.322 -6.748 -9.754
5 24 2.802 -3.804 -11.52 2.322 -6.748 -9.754 1.641 -4.245 -12.023 3.464 -5.986 -9.446
2 24 2.802 -3.804 -11.52 3.464 -5.986 -9.446
5 24 3.464 -5.986 -9.446 2.322 -6.748 -9.754 2.802 -3.804 -11.52 2.897 -7.961 -7.716
5 24 3.464 -5.986 -9.446 2.897 -7.961 -7.716 2.322 -6.748 -9.754 3.933 -7.672 -7.164
2 24 3.464 -5.986 -9.446 3.933 -7.672 -7.164
5 24 3.933 -7.672 -7.164 2.897 -7.961 -7.716 3.464 -5.986 -9.446 4.284 -9.094 -4.8
2 24 3.933 -7.672 -7.164 4.284 -9.094 -4.8
5 24 1.8068 2.837 -12.3516 1.52 1.087 -13.285 1.188 2.7052 -12.4418 2.209 1.31 -13.559
5 24 2.209 1.31 -13.559 1.52 1.087 -13.285 1.8068 2.837 -12.3516 2.875 -1.17 -13.378
5 24 2.875 -1.17 -13.378 1.52 1.087 -13.285 2.209 1.31 -13.559 2.106 -1.311 -13.001
5 24 2.875 -1.17 -13.378 2.106 -1.311 -13.001 1.52 1.087 -13.285 3.605 -3.827 -11.938
5 24 3.605 -3.827 -11.938 2.106 -1.311 -13.001 2.875 -1.17 -13.378 2.802 -3.804 -11.52
5 24 3.605 -3.827 -11.938 2.802 -3.804 -11.52 2.106 -1.311 -13.001 3.464 -5.986 -9.446
5 24 3.605 -3.827 -11.938 3.464 -5.986 -9.446 2.802 -3.804 -11.52 4.344 -6.225 -9.879
5 24 4.344 -6.225 -9.879 3.464 -5.986 -9.446 3.605 -3.827 -11.938 4.685 -7.369 -8.112
5 24 4.685 -7.369 -8.112 3.464 -5.986 -9.446 4.344 -6.225 -9.879 3.933 -7.672 -7.164
5 24 4.685 -7.369 -8.112 3.933 -7.672 -7.164 3.464 -5.986 -9.446 4.284 -9.094 -4.8
5 24 11.815 -1.002 12.155 8.993 -1.145 15.415 11.487 -2.691 12.216 9.214 .95 15.288
2 24 11.815 -1.002 12.155 9.214 .95 15.288
5 24 9.214 .95 15.288 8.993 -1.145 15.415 11.815 -1.002 12.155 5.232 .919 17.587
5 24 9.214 .95 15.288 5.232 .919 17.587 8.993 -1.145 15.415 6.269 2.826 17.036
2 24 5.232 .919 17.587 8.993 -1.145 15.415
2 24 9.214 .95 15.288 6.269 2.826 17.036
5 24 6.269 2.826 17.036 5.232 .919 17.587 9.214 .95 15.288 4.716 2.626 17.604
5 24 6.269 2.826 17.036 4.716 2.626 17.604 5.232 .919 17.587 4.944 3.532 17.404
2 24 4.716 2.626 17.604 5.232 .919 17.587
2 24 6.269 2.826 17.036 4.944 3.532 17.404
2 24 4.944 3.532 17.404 4.716 2.626 17.604
5 24 15.14 3.729 9.709 12.907 .588 13.033 14.303 -1.036 9.233 13.276 4.823 13.324
2 24 15.14 3.729 9.709 13.276 4.823 13.324
5 24 13.276 4.823 13.324 12.907 .588 13.033 15.14 3.729 9.709 10.113 2.451 16.154
5 24 13.276 4.823 13.324 10.113 2.451 16.154 12.907 .588 13.033 10.125 6.263 16.094
2 24 10.113 2.451 16.154 12.907 .588 13.033
2 24 13.276 4.823 13.324 10.125 6.263 16.094
5 24 10.125 6.263 16.094 10.113 2.451 16.154 13.276 4.823 13.324 7.032 4.43 18.099
5 24 10.125 6.263 16.094 7.032 4.43 18.099 10.113 2.451 16.154 7.137 7.563 17.58
2 24 7.032 4.43 18.099 10.113 2.451 16.154
2 24 10.125 6.263 16.094 7.137 7.563 17.58
5 24 7.137 7.563 17.58 7.032 4.43 18.099 10.125 6.263 16.094 5.079 6.725 18.601
5 24 7.137 7.563 17.58 5.079 6.725 18.601 7.032 4.43 18.099 5.728 8.116 17.895
5 24 5.079 6.725 18.601 7.032 4.43 18.099 7.137 7.563 17.58 5.341 5.526 18.535
2 24 5.079 6.725 18.601 5.341 5.526 18.535
2 24 5.341 5.526 18.535 7.032 4.43 18.099
2 24 7.137 7.563 17.58 5.728 8.116 17.895
5 24 5.728 8.116 17.895 5.079 6.725 18.601 7.137 7.563 17.58 4.415 7.747 18.438
5 24 5.728 8.116 17.895 4.415 7.747 18.438 5.079 6.725 18.601 4.628 8.502 18.173
2 24 4.415 7.747 18.438 5.079 6.725 18.601
2 24 5.728 8.116 17.895 4.628 8.502 18.173
2 24 4.628 8.502 18.173 4.415 7.747 18.438
5 24 2.407 -7.681 12.635 1.954 -8.03 11.714 2.275 -8.815 10.821 2.47 -7.061 13.599
2 24 2.407 -7.681 12.635 2.47 -7.061 13.599
2 24 2.47 -7.061 13.599 1.954 -8.03 11.714
5 24 1.156 -8.506 12.257 -1.935 -9.76 9.193 .359 -9.722 8.508 -.997 -8.106 13.165
5 24 1.156 -8.506 12.257 -.997 -8.106 13.165 -1.935 -9.76 9.193 1.861 -7.025 15.068
5 24 -.997 -8.106 13.165 -1.935 -9.76 9.193 1.156 -8.506 12.257 -3.86 -8.976 9.499
5 24 -.997 -8.106 13.165 -3.86 -8.976 9.499 -1.935 -9.76 9.193 -2.78 -7.135 13.28
5 24 -.997 -8.106 13.165 -2.78 -7.135 13.28 -3.86 -8.976 9.499 -.079 -6.61 15.821
5 24 1.861 -7.025 15.068 -.997 -8.106 13.165 1.156 -8.506 12.257 -.079 -6.61 15.821
2 24 1.156 -8.506 12.257 1.861 -7.025 15.068
5 24 1.861 -7.025 15.068 -.079 -6.61 15.821 -.997 -8.106 13.165 3.09 -4.669 17.554
5 24 -.079 -6.61 15.821 -.997 -8.106 13.165 1.861 -7.025 15.068 -2.78 -7.135 13.28
5 24 -.079 -6.61 15.821 -2.78 -7.135 13.28 -.997 -8.106 13.165 -1.609 -5.561 15.941
5 24 -.079 -6.61 15.821 -1.609 -5.561 15.941 -2.78 -7.135 13.28 1.529 -4.101 18.572
5 24 3.09 -4.669 17.554 -.079 -6.61 15.821 1.861 -7.025 15.068 1.529 -4.101 18.572
2 24 1.861 -7.025 15.068 3.09 -4.669 17.554
5 24 3.09 -4.669 17.554 1.529 -4.101 18.572 -.079 -6.61 15.821 4.211 -2.194 18.745
5 24 1.529 -4.101 18.572 -.079 -6.61 15.821 3.09 -4.669 17.554 -1.609 -5.561 15.941
5 24 1.529 -4.101 18.572 -1.609 -5.561 15.941 -.079 -6.61 15.821 .176 -3.082 18.679
5 24 1.529 -4.101 18.572 .176 -3.082 18.679 -1.609 -5.561 15.941 2.734 -1.504 19.66
5 24 4.211 -2.194 18.745 1.529 -4.101 18.572 3.09 -4.669 17.554 2.734 -1.504 19.66
2 24 3.09 -4.669 17.554 4.211 -2.194 18.745
5 24 4.211 -2.194 18.745 2.734 -1.504 19.66 1.529 -4.101 18.572 4.767 .07 18.816
5 24 2.734 -1.504 19.66 1.529 -4.101 18.572 4.211 -2.194 18.745 .176 -3.082 18.679
5 24 2.734 -1.504 19.66 .176 -3.082 18.679 1.529 -4.101 18.572 1.363 -.575 19.614
5 24 4.767 .07 18.816 2.734 -1.504 19.66 4.211 -2.194 18.745 4.07 .479 19.468
2 24 4.211 -2.194 18.745 4.767 .07 18.816
5 24 4.767 .07 18.816 4.07 .479 19.468 2.734 -1.504 19.66 4.737 1.656 18.522
5 24 4.07 .479 19.468 2.734 -1.504 19.66 4.767 .07 18.816 3.398 .858 19.803
5 24 2.734 -1.504 19.66 1.363 -.575 19.614 .176 -3.082 18.679 3.398 .858 19.803
5 24 4.737 1.656 18.522 4.07 .479 19.468 4.767 .07 18.816 4.527 1.731 18.759
2 24 4.767 .07 18.816 4.737 1.656 18.522
5 24 4.737 1.656 18.522 4.527 1.731 18.759 4.07 .479 19.468 4.33 1.992 18.875
5 24 4.527 1.731 18.759 4.07 .479 19.468 4.737 1.656 18.522 4.33 1.992 18.875
5 24 4.737 1.656 18.522 4.33 1.992 18.875 4.527 1.731 18.759 4.53 2.359 18.346
5 24 4.33 1.992 18.875 4.527 1.731 18.759 4.737 1.656 18.522 4.07 .479 19.468
5 24 4.33 1.992 18.875 4.07 .479 19.468 4.527 1.731 18.759 3.398 .858 19.803
2 24 4.737 1.656 18.522 4.53 2.359 18.346
2 24 4.53 2.359 18.346 4.33 1.992 18.875
2 24 4.33 1.992 18.875 3.398 .858 19.803
5 24 3.398 .858 19.803 4.07 .479 19.468 4.33 1.992 18.875 2.734 -1.504 19.66
5 24 3.398 .858 19.803 2.734 -1.504 19.66 4.07 .479 19.468 1.363 -.575 19.614
2 24 3.398 .858 19.803 1.363 -.575 19.614
5 24 -10.145 1.256 -10.548 -10.631 3.357 -9.835 -9.223 2.499 -10.772 -11.538 2.674 -9.454
5 24 -10.631 3.357 -9.835 -9.223 2.499 -10.772 -10.145 1.256 -10.548 -9.048 3.8 -10.277
5 24 -10.145 1.256 -10.548 -11.538 2.674 -9.454 -10.631 3.357 -9.835 -11.544 -.284 -8.947
2 24 -11.538 2.674 -9.454 -10.631 3.357 -9.835
5 24 -11.544 -.284 -8.947 -11.538 2.674 -9.454 -10.145 1.256 -10.548 -12.775 1.694 -8.248
5 24 -11.544 -.284 -8.947 -12.775 1.694 -8.248 -11.538 2.674 -9.454 -12.775 -1.124 -6.71
2 24 -12.775 1.694 -8.248 -11.538 2.674 -9.454
5 24 -9.048 3.8 -10.277 -9.223 2.499 -10.772 -10.631 3.357 -9.835 -8.641 3.287 -10.553
5 24 -10.631 3.357 -9.835 -9.048 3.8 -10.277 -9.223 2.499 -10.772 -9.695 3.981 -9.918
2 24 -9.048 3.8 -10.277 -8.641 3.287 -10.553
2 24 -10.631 3.357 -9.835 -9.695 3.981 -9.918
2 24 -9.695 3.981 -9.918 -9.048 3.8 -10.277
5 24 -12.775 -1.124 -6.71 -12.775 1.694 -8.248 -11.544 -.284 -8.947 -13.836 1.095 -5.899
5 24 -12.775 -1.124 -6.71 -13.836 1.095 -5.899 -12.775 1.694 -8.248 -13.793 -1.461 -3.484
2 24 -13.836 1.095 -5.899 -12.775 1.694 -8.248
5 24 -13.793 -1.461 -3.484 -13.836 1.095 -5.899 -12.775 -1.124 -6.71 -14.866 .815 -3.019
5 24 -13.793 -1.461 -3.484 -14.866 .815 -3.019 -13.836 1.095 -5.899 -14.803 -1.289 .925
2 24 -14.866 .815 -3.019 -13.836 1.095 -5.899
5 24 -14.803 -1.289 .925 -14.866 .815 -3.019 -13.793 -1.461 -3.484 -15.628 1.466 .835
5 24 -14.803 -1.289 .925 -15.628 1.466 .835 -14.866 .815 -3.019 -15.181 -.886 5.16
2 24 -15.628 1.466 .835 -14.866 .815 -3.019
5 24 -15.181 -.886 5.16 -15.628 1.466 .835 -14.803 -1.289 .925 -15.872 2.536 5.289
5 24 -15.872 2.536 5.289 -15.628 1.466 .835 -15.181 -.886 5.16 -15.983 3.056 2.653
5 24 -15.181 -.886 5.16 -15.872 2.536 5.289 -15.628 1.466 .835 -15.289 2.886 9.029
5 24 -15.872 2.536 5.289 -15.983 3.056 2.653 -15.628 1.466 .835 -15.514 4.603 5.143
5 24 -15.983 3.056 2.653 -15.628 1.466 .835 -15.872 2.536 5.289 -15.87 3.242 .652
5 24 -15.87 3.242 .652 -15.628 1.466 .835 -15.983 3.056 2.653 -15.238 2.435 -2.791
5 24 -15.983 3.056 2.653 -15.87 3.242 .652 -15.628 1.466 .835 -15.542 4.772 2.871
2 24 -15.238 2.435 -2.791 -15.628 1.466 .835
5 24 -15.87 3.242 .652 -15.238 2.435 -2.791 -15.628 1.466 .835 -15.408 3.8 -2.456
5 24 -15.87 3.242 .652 -15.408 3.8 -2.456 -15.238 2.435 -2.791 -15.259 5.068 .763
5 24 -15.408 3.8 -2.456 -15.238 2.435 -2.791 -15.87 3.242 .652 -14.561 4.5 -4.972
5 24 -15.408 3.8 -2.456 -14.561 4.5 -4.972 -15.238 2.435 -2.791 -14.526 5.807 -2.524
5 24 -14.561 4.5 -4.972 -15.238 2.435 -2.791 -15.408 3.8 -2.456 -14.427 3.112 -5.502
5 24 -14.561 4.5 -4.972 -14.427 3.112 -5.502 -15.238 2.435 -2.791 -13.696 5.128 -6.558
2 24 -14.427 3.112 -5.502 -15.238 2.435 -2.791
5 24 -14.561 4.5 -4.972 -13.696 5.128 -6.558 -14.427 3.112 -5.502 -13.848 6.184 -4.561
5 24 -13.696 5.128 -6.558 -14.427 3.112 -5.502 -14.561 4.5 -4.972 -13.438 3.757 -7.252
5 24 -13.696 5.128 -6.558 -13.438 3.757 -7.252 -14.427 3.112 -5.502 -12.927 5.729 -7.614
2 24 -13.438 3.757 -7.252 -14.427 3.112 -5.502
5 24 -13.696 5.128 -6.558 -12.927 5.729 -7.614 -13.438 3.757 -7.252 -13.158 6.663 -5.955
5 24 -12.927 5.729 -7.614 -13.438 3.757 -7.252 -13.696 5.128 -6.558 -12.571 4.382 -8.276
5 24 -12.927 5.729 -7.614 -12.571 4.382 -8.276 -13.438 3.757 -7.252 -12.175 6.234 -8.114
2 24 -12.571 4.382 -8.276 -13.438 3.757 -7.252
5 24 -12.927 5.729 -7.614 -12.175 6.234 -8.114 -12.571 4.382 -8.276 -12.632 6.95 -6.679
5 24 -12.175 6.234 -8.114 -12.571 4.382 -8.276 -12.927 5.729 -7.614 -11.627 5.029 -8.821
5 24 -12.175 6.234 -8.114 -11.627 5.029 -8.821 -12.571 4.382 -8.276 -11.099 6.632 -8.312
2 24 -11.627 5.029 -8.821 -12.571 4.382 -8.276
5 24 -12.175 6.234 -8.114 -11.099 6.632 -8.312 -11.627 5.029 -8.821 -11.617 7.434 -7.222
5 24 -11.099 6.632 -8.312 -11.627 5.029 -8.821 -12.175 6.234 -8.114 -10.658 5.549 -8.886
2 24 -11.099 6.632 -8.312 -10.658 5.549 -8.886
2 24 -10.658 5.549 -8.886 -11.627 5.029 -8.821
5 24 -12.175 6.234 -8.114 -11.617 7.434 -7.222 -11.099 6.632 -8.312 -12.145 7.22 -7.044
2 24 -11.617 7.434 -7.222 -11.099 6.632 -8.312
5 24 -12.175 6.234 -8.114 -12.145 7.22 -7.044 -11.617 7.434 -7.222 -12.632 6.95 -6.679
2 24 -12.145 7.22 -7.044 -11.617 7.434 -7.222
5 24 -12.632 6.95 -6.679 -12.175 6.234 -8.114 -12.927 5.729 -7.614 -12.145 7.22 -7.044
5 24 -12.927 5.729 -7.614 -12.632 6.95 -6.679 -12.175 6.234 -8.114 -13.158 6.663 -5.955
2 24 -12.632 6.95 -6.679 -12.145 7.22 -7.044
5 24 -12.927 5.729 -7.614 -13.158 6.663 -5.955 -12.632 6.95 -6.679 -13.696 5.128 -6.558
2 24 -13.158 6.663 -5.955 -12.632 6.95 -6.679
5 24 -13.696 5.128 -6.558 -13.158 6.663 -5.955 -12.927 5.729 -7.614 -13.848 6.184 -4.561
5 24 -13.696 5.128 -6.558 -13.848 6.184 -4.561 -13.158 6.663 -5.955 -14.561 4.5 -4.972
2 24 -13.848 6.184 -4.561 -13.158 6.663 -5.955
5 24 -14.561 4.5 -4.972 -13.848 6.184 -4.561 -13.696 5.128 -6.558 -14.526 5.807 -2.524
5 24 -14.561 4.5 -4.972 -14.526 5.807 -2.524 -13.848 6.184 -4.561 -15.408 3.8 -2.456
2 24 -14.526 5.807 -2.524 -13.848 6.184 -4.561
5 24 -15.408 3.8 -2.456 -14.526 5.807 -2.524 -14.561 4.5 -4.972 -15.259 5.068 .763
5 24 -15.408 3.8 -2.456 -15.259 5.068 .763 -14.526 5.807 -2.524 -15.87 3.242 .652
2 24 -15.259 5.068 .763 -14.526 5.807 -2.524
5 24 -15.87 3.242 .652 -15.542 4.772 2.871 -15.259 5.068 .763 -15.983 3.056 2.653
2 24 -15.542 4.772 2.871 -15.259 5.068 .763
5 24 -15.983 3.056 2.653 -15.542 4.772 2.871 -15.87 3.242 .652 -15.514 4.603 5.143
5 24 -15.983 3.056 2.653 -15.514 4.603 5.143 -15.542 4.772 2.871 -15.872 2.536 5.289
2 24 -15.514 4.603 5.143 -15.542 4.772 2.871
5 24 -15.872 2.536 5.289 -15.514 4.603 5.143 -15.983 3.056 2.653 -14.988 4.776 8.694
2 24 -14.988 4.776 8.694 -15.514 4.603 5.143
5 24 -15.872 2.536 5.289 -15.289 2.886 9.029 -14.988 4.776 8.694 -15.181 -.886 5.16
5 24 -15.289 2.886 9.029 -14.988 4.776 8.694 -15.872 2.536 5.289 -13.617 5.315 12.316
5 24 -14.606 .121 9.102 -15.289 2.886 9.029 -13.879 3.719 13.001 -15.181 -.886 5.16
5 24 -15.289 2.886 9.029 -15.181 -.886 5.16 -15.872 2.536 5.289 -14.606 .121 9.102
5 24 -14.606 .121 9.102 -13.879 3.719 13.001 -13.208 1.668 13.219 -15.289 2.886 9.029
5 24 -13.208 1.668 13.219 -13.879 3.719 13.001 -10.683 3.641 16.378 -14.606 .121 9.102
5 24 -13.879 3.719 13.001 -15.289 2.886 9.029 -13.617 5.315 12.316 -14.606 .121 9.102
5 24 -10.683 3.641 16.378 -13.879 3.719 13.001 -13.208 1.668 13.219 -11.119 5.057 15.827
5 24 -10.683 3.641 16.378 -11.119 5.057 15.827 -13.879 3.719 13.001 -7.829 6.262 17.327
5 24 -11.119 5.057 15.827 -13.879 3.719 13.001 -10.683 3.641 16.378 -11.056 6.259 15.025
5 24 -15.289 2.886 9.029 -13.617 5.315 12.316 -14.988 4.776 8.694 -13.879 3.719 13.001
2 24 -13.617 5.315 12.316 -14.988 4.776 8.694
5 24 -13.879 3.719 13.001 -13.617 5.315 12.316 -15.289 2.886 9.029 -11.056 6.259 15.025
5 24 -7.829 6.262 17.327 -11.119 5.057 15.827 -10.683 3.641 16.378 -8.021 7.282 16.481
5 24 -10.683 3.641 16.378 -7.829 6.262 17.327 -11.119 5.057 15.827 -7.372 5.447 17.917
5 24 -7.372 5.447 17.917 -7.829 6.262 17.327 -10.683 3.641 16.378 -5.857 7.018 17.772
5 24 -5.857 7.018 17.772 -7.829 6.262 17.327 -7.372 5.447 17.917 -6.105 7.766 17.042
5 24 -7.372 5.447 17.917 -5.857 7.018 17.772 -7.829 6.262 17.327 -5.615 6.164 18.185
2 24 -5.615 6.164 18.185 -5.857 7.018 17.772
5 24 -6.105 7.766 17.042 -7.829 6.262 17.327 -5.857 7.018 17.772 -8.021 7.282 16.481
2 24 -5.857 7.018 17.772 -6.105 7.766 17.042
2 24 -6.105 7.766 17.042 -8.021 7.282 16.481
5 24 -8.021 7.282 16.481 -7.829 6.262 17.327 -6.105 7.766 17.042 -11.119 5.057 15.827
5 24 -13.879 3.719 13.001 -11.056 6.259 15.025 -13.617 5.315 12.316 -11.119 5.057 15.827
2 24 -11.056 6.259 15.025 -13.617 5.315 12.316
5 24 -11.119 5.057 15.827 -11.056 6.259 15.025 -13.879 3.719 13.001 -8.021 7.282 16.481
2 24 -8.021 7.282 16.481 -11.056 6.259 15.025
5 24 10.113 2.451 16.154 9.214 .95 15.288 12.907 .588 13.033 6.269 2.826 17.036
5 24 10.113 2.451 16.154 6.269 2.826 17.036 9.214 .95 15.288 7.032 4.43 18.099
5 24 7.032 4.43 18.099 6.269 2.826 17.036 10.113 2.451 16.154 4.944 3.532 17.404
5 24 7.032 4.43 18.099 4.944 3.532 17.404 6.269 2.826 17.036 5.341 5.526 18.535
2 24 5.341 5.526 18.535 4.944 3.532 17.404
5 24 3.624 -7.471 12.518 2.47 -7.061 13.599 2.407 -7.681 12.635 4.628 -6.714 12.762
5 24 4.628 -6.714 12.762 2.47 -7.061 13.599 3.624 -7.471 12.518 3.484 -5.795 14.565
2 24 3.484 -5.795 14.565 2.47 -7.061 13.599
2 24 -8.0699 4 -9.942 -7.5383 3.4713 -10.1424
5 24 -9.1923 5.03 -9.1923 -9.048 3.8 -10.277 -8.0699 4 -9.942 -9.695 3.981 -9.918
2 24 -9.695 3.981 -9.918 -9.1923 5.03 -9.1923
5 24 13.702 11.007 4.533 13.738 11.965 5.947 14.108 10.395 4.771 13.212 13.23 5.661
2 24 13.738 11.965 5.947 14.108 10.395 4.771
5 24 13.212 13.23 5.661 13.738 11.965 5.947 13.702 11.007 4.533 12.852 13.663 8.655
5 24 13.212 13.23 5.661 12.852 13.663 8.655 13.738 11.965 5.947 12.262 15.821 7.532
2 24 12.852 13.663 8.655 13.738 11.965 5.947
5 24 12.262 15.821 7.532 12.852 13.663 8.655 13.212 13.23 5.661 11.133 14.772 11.586
5 24 12.262 15.821 7.532 11.133 14.772 11.586 12.852 13.663 8.655 10.535 17.422 10.039
2 24 11.133 14.772 11.586 12.852 13.663 8.655
5 24 10.535 17.422 10.039 11.133 14.772 11.586 12.262 15.821 7.532 8.796 17.682 11.768
5 24 8.796 17.682 11.768 11.133 14.772 11.586 10.535 17.422 10.039 9.565 15.279 13.221
5 24 8.796 17.682 11.768 9.565 15.279 13.221 11.133 14.772 11.586 7.573 17.592 12.909
2 24 9.565 15.279 13.221 11.133 14.772 11.586
5 24 7.573 17.592 12.909 9.565 15.279 13.221 8.796 17.682 11.768 7.621 16.072 14.701
5 24 7.573 17.592 12.909 7.621 16.072 14.701 9.565 15.279 13.221 6.786 17.382 13.547
2 24 7.621 16.072 14.701 9.565 15.279 13.221
5 24 6.786 17.382 13.547 7.621 16.072 14.701 7.573 17.592 12.909 6.183 15.969 15.209
5 24 6.786 17.382 13.547 6.183 15.969 15.209 7.621 16.072 14.701 5.268 17.126 14.439
2 24 6.183 15.969 15.209 7.621 16.072 14.701
5 24 5.268 17.126 14.439 6.183 15.969 15.209 6.786 17.382 13.547 5.582 16.095 15.359
2 24 5.268 17.126 14.439 5.582 16.095 15.359
2 24 5.582 16.095 15.359 6.183 15.969 15.209
5 24 14.388 4.718 10.013 13.276 4.823 13.324 15.14 3.729 9.709 12.546 5.708 13.185
5 24 12.546 5.708 13.185 13.276 4.823 13.324 14.388 4.718 10.013 10.125 6.263 16.094
5 24 12.546 5.708 13.185 10.125 6.263 16.094 13.276 4.823 13.324 9.561 6.937 15.553
5 24 9.561 6.937 15.553 10.125 6.263 16.094 12.546 5.708 13.185 7.137 7.563 17.58
5 24 9.561 6.937 15.553 7.137 7.563 17.58 10.125 6.263 16.094 6.928 7.933 16.953
5 24 6.928 7.933 16.953 7.137 7.563 17.58 9.561 6.937 15.553 5.728 8.116 17.895
5 24 6.928 7.933 16.953 5.728 8.116 17.895 7.137 7.563 17.58 5.661 8.565 17.334
5 24 5.661 8.565 17.334 5.728 8.116 17.895 6.928 7.933 16.953 4.879 8.914 17.686
5 24 4.879 8.914 17.686 5.728 8.116 17.895 5.661 8.565 17.334 4.628 8.502 18.173
2 24 4.879 8.914 17.686 4.628 8.502 18.173
5 24 13.738 11.965 5.947 13.984 11.469 6.11 14.108 10.395 4.771 13.253 12.895 8.981
5 24 13.738 11.965 5.947 13.253 12.895 8.981 13.984 11.469 6.11 12.852 13.663 8.655
5 24 12.852 13.663 8.655 13.253 12.895 8.981 13.738 11.965 5.947 11.686 13.964 12.133
5 24 12.852 13.663 8.655 11.686 13.964 12.133 13.253 12.895 8.981 11.133 14.772 11.586
5 24 11.133 14.772 11.586 11.686 13.964 12.133 12.852 13.663 8.655 9.955 14.616 14.037
5 24 11.133 14.772 11.586 9.955 14.616 14.037 11.686 13.964 12.133 9.565 15.279 13.221
5 24 9.565 15.279 13.221 9.955 14.616 14.037 11.133 14.772 11.586 7.808 15.478 15.419
5 24 9.565 15.279 13.221 7.808 15.478 15.419 9.955 14.616 14.037 7.621 16.072 14.701
5 24 7.621 16.072 14.701 7.808 15.478 15.419 9.565 15.279 13.221 6.183 15.969 15.209
5 24 6.183 15.969 15.209 7.808 15.478 15.419 7.621 16.072 14.701 6.337 15.429 15.908
5 24 6.183 15.969 15.209 6.337 15.429 15.908 7.808 15.478 15.419 5.582 16.095 15.359
5 24 5.582 16.095 15.359 6.337 15.429 15.908 6.183 15.969 15.209 5.522 15.611 16.138
2 24 5.582 16.095 15.359 5.522 15.611 16.138
5 24 2.47 -7.061 13.599 1.156 -8.506 12.257 1.954 -8.03 11.714 1.861 -7.025 15.068
5 24 2.47 -7.061 13.599 1.861 -7.025 15.068 1.156 -8.506 12.257 3.484 -5.795 14.565
5 24 3.484 -5.795 14.565 1.861 -7.025 15.068 2.47 -7.061 13.599 3.09 -4.669 17.554
5 24 3.484 -5.795 14.565 3.09 -4.669 17.554 1.861 -7.025 15.068 4.228 -4.858 14.778
2 24 4.228 -4.858 14.778 4.299 -4.142 15.963
5 24 4.299 -4.142 15.963 3.09 -4.669 17.554 4.228 -4.858 14.778 4.783 -2.764 16.776
5 24 4.783 -2.764 16.776 3.09 -4.669 17.554 4.299 -4.142 15.963 4.211 -2.194 18.745
2 24 4.299 -4.142 15.963 4.783 -2.764 16.776
5 24 4.783 -2.764 16.776 4.211 -2.194 18.745 3.09 -4.669 17.554 5.164 -1.475 16.94
5 24 5.164 -1.475 16.94 4.211 -2.194 18.745 4.783 -2.764 16.776 4.767 .07 18.816
2 24 4.783 -2.764 16.776 5.164 -1.475 16.94
5 24 5.164 -1.475 16.94 4.767 .07 18.816 4.211 -2.194 18.745 5.359 -.453 16.696
2 24 5.164 -1.475 16.94 5.359 -.453 16.696
5 24 5.232 .919 17.587 4.767 .07 18.816 5.359 -.453 16.696 4.737 1.656 18.522
2 24 5.359 -.453 16.696 5.232 .919 17.587
5 24 5.232 .919 17.587 4.737 1.656 18.522 4.767 .07 18.816 4.716 2.626 17.604
5 24 4.716 2.626 17.604 4.737 1.656 18.522 5.232 .919 17.587 4.53 2.359 18.346
2 24 4.716 2.626 17.604 4.53 2.359 18.346
5 24 6.04 -5.719 13.981 4.228 -4.858 14.778 5.164 -6.003 12.784 4.299 -4.142 15.963
2 24 6.04 -5.719 13.981 4.299 -4.142 15.963
5 24 -10.74 4.231 -8.877 -9.695 3.981 -9.918 -10.631 3.357 -9.835 -9.1923 5.03 -9.1923
5 24 -10.631 3.357 -9.835 -10.74 4.231 -8.877 -9.695 3.981 -9.918 -11.57 3.614 -8.424
2 24 -10.74 4.231 -8.877 -9.1923 5.03 -9.1923
2 24 -11.57 3.614 -8.424 -10.74 4.231 -8.877
5 24 -10.631 3.357 -9.835 -11.57 3.614 -8.424 -10.74 4.231 -8.877 -11.538 2.674 -9.454
5 24 -11.538 2.674 -9.454 -11.57 3.614 -8.424 -10.631 3.357 -9.835 -12.775 1.694 -8.248
5 24 -12.775 1.694 -8.248 -11.57 3.614 -8.424 -11.538 2.674 -9.454 -12.628 2.784 -7.301
5 24 -12.775 1.694 -8.248 -12.628 2.784 -7.301 -11.57 3.614 -8.424 -13.836 1.095 -5.899
2 24 -12.628 2.784 -7.301 -11.57 3.614 -8.424
5 24 -13.836 1.095 -5.899 -13.551 2.138 -5.395 -12.628 2.784 -7.301 -14.866 .815 -3.019
2 24 -13.551 2.138 -5.395 -12.628 2.784 -7.301
5 24 -14.866 .815 -3.019 -13.551 2.138 -5.395 -13.836 1.095 -5.899 -14.669 1.632 -2.714
5 24 -14.866 .815 -3.019 -14.669 1.632 -2.714 -13.551 2.138 -5.395 -15.628 1.466 .835
2 24 -14.669 1.632 -2.714 -13.551 2.138 -5.395
2 24 -15.628 1.466 .835 -14.669 1.632 -2.714
5 24 7.91 -3.636 14.612 4.299 -4.142 15.963 6.04 -5.719 13.981 4.783 -2.764 16.776
5 24 7.91 -3.636 14.612 4.783 -2.764 16.776 4.299 -4.142 15.963 5.164 -1.475 16.94
2 24 7.91 -3.636 14.612 5.164 -1.475 16.94
5 24 -10.74 4.231 -8.877 -10.658 5.549 -8.886 -9.1923 5.03 -9.1923 -11.627 5.029 -8.821
2 24 -10.658 5.549 -8.886 -9.1923 5.03 -9.1923
5 24 -10.74 4.231 -8.877 -11.627 5.029 -8.821 -10.658 5.549 -8.886 -11.57 3.614 -8.424
5 24 -11.57 3.614 -8.424 -11.627 5.029 -8.821 -10.74 4.231 -8.877 -12.571 4.382 -8.276
5 24 -11.57 3.614 -8.424 -12.571 4.382 -8.276 -11.627 5.029 -8.821 -12.628 2.784 -7.301
5 24 -12.628 2.784 -7.301 -12.571 4.382 -8.276 -11.57 3.614 -8.424 -13.438 3.757 -7.252
5 24 -12.628 2.784 -7.301 -13.438 3.757 -7.252 -12.571 4.382 -8.276 -13.551 2.138 -5.395
5 24 -13.551 2.138 -5.395 -13.438 3.757 -7.252 -12.628 2.784 -7.301 -14.427 3.112 -5.502
5 24 -13.551 2.138 -5.395 -14.427 3.112 -5.502 -13.438 3.757 -7.252 -15.238 2.435 -2.791
5 24 -13.551 2.138 -5.395 -15.238 2.435 -2.791 -14.427 3.112 -5.502 -14.669 1.632 -2.714
5 24 -14.669 1.632 -2.714 -15.238 2.435 -2.791 -13.551 2.138 -5.395 -15.628 1.466 .835
5 24 -10.658 5.549 -8.886 -10.26 6.671 -8.033 -9.1923 5.03 -9.1923 -11.099 6.632 -8.312
5 24 -11.099 6.632 -8.312 -10.26 6.671 -8.033 -10.658 5.549 -8.886 -10.863 7.579 -7.208
5 24 -11.099 6.632 -8.312 -10.863 7.579 -7.208 -10.26 6.671 -8.033 -11.617 7.434 -7.222
5 24 -11.617 7.434 -7.222 -10.863 7.579 -7.208 -11.099 6.632 -8.312 -11.56 8.787 -6.088
5 24 -11.617 7.434 -7.222 -11.56 8.787 -6.088 -10.863 7.579 -7.208 -12.487 8.478 -6.188
5 24 -11.617 7.434 -7.222 -12.487 8.478 -6.188 -11.56 8.787 -6.088 -12.145 7.22 -7.044
5 24 -12.487 8.478 -6.188 -11.56 8.787 -6.088 -11.617 7.434 -7.222 -12.83 9.308 -5.3
2 24 -12.145 7.22 -7.044 -12.487 8.478 -6.188
5 24 -12.83 9.308 -5.3 -11.56 8.787 -6.088 -12.487 8.478 -6.188 -12.095 9.647 -4.885
2 24 -12.487 8.478 -6.188 -12.83 9.308 -5.3
5 24 -12.83 9.308 -5.3 -12.095 9.647 -4.885 -11.56 8.787 -6.088 -13.534 9.866 -3.723
5 24 -13.534 9.866 -3.723 -12.095 9.647 -4.885 -12.83 9.308 -5.3 -12.639 9.915 -3.279
2 24 -12.83 9.308 -5.3 -13.534 9.866 -3.723
5 24 -13.534 9.866 -3.723 -12.639 9.915 -3.279 -12.095 9.647 -4.885 -12.942 9.667 -1.807
5 24 -13.534 9.866 -3.723 -12.942 9.667 -1.807 -12.639 9.915 -3.279 -14.105 9.589 -1.746
2 24 -13.534 9.866 -3.723 -14.105 9.589 -1.746
5 24 -14.105 9.589 -1.746 -12.942 9.667 -1.807 -13.534 9.866 -3.723 -13.012 9.235 .881
2 24 -14.105 9.589 -1.746 -14.104 9.113 1.154
5 24 -14.104 9.113 1.154 -13.012 9.235 .881 -14.105 9.589 -1.746 -12.707 9.576 2.947
5 24 -14.104 9.113 1.154 -12.707 9.576 2.947 -13.012 9.235 .881 -13.898 9.569 3.186
2 24 -14.104 9.113 1.154 -13.898 9.569 3.186
5 24 -13.898 9.569 3.186 -12.707 9.576 2.947 -14.104 9.113 1.154 -12.489 10.761 3.892
5 24 -13.898 9.569 3.186 -12.489 10.761 3.892 -12.707 9.576 2.947 -13.844 10.746 4.386
2 24 -13.898 9.569 3.186 -13.844 10.746 4.386
5 24 -13.844 10.746 4.386 -12.489 10.761 3.892 -13.898 9.569 3.186 -13.579 11.932 4.987
5 24 -13.579 11.932 4.987 -12.489 10.761 3.892 -13.844 10.746 4.386 -12.0107 13.0255 4.9751
2 24 -13.844 10.746 4.386 -13.579 11.932 4.987
2 24 -13.579 11.932 4.987 -12.997 14.431 6.327
5 24 -12.997 14.431 6.327 -11.756 14.458 5.802 -12.0107 13.0255 4.9751 -11.398 16.892 8.966
5 24 -11.398 16.892 8.966 -11.756 14.458 5.802 -12.997 14.431 6.327 -9.961 16.89 8.508
2 24 -12.997 14.431 6.327 -11.398 16.892 8.966
5 24 -11.398 16.892 8.966 -9.961 16.89 8.508 -11.756 14.458 5.802 -9.276 17.774 11.053
5 24 -9.961 16.89 8.508 -9.276 17.774 11.053 -11.398 16.892 8.966 -9.1923 17.1015 9.1923
2 24 -11.398 16.892 8.966 -9.276 17.774 11.053
5 24 -9.276 17.774 11.053 -6.848 17.736 11.175 -9.961 16.89 8.508 -7.919 17.715 12.009
5 24 -7.919 17.715 12.009 -6.848 17.736 11.175 -9.276 17.774 11.053 -4.791 18.116 12.204
2 24 -9.276 17.774 11.053 -7.919 17.715 12.009
2 24 -7.919 17.715 12.009 -4.791 18.116 12.204
5 24 7.901 -2.736 14.179 5.164 -1.475 16.94 7.91 -3.636 14.612 5.359 -.453 16.696
2 24 7.901 -2.736 14.179 5.359 -.453 16.696
5 24 14.013 9.998 9.638 12.039 9.097 13.042 13.848 7.998 9.78 12.299 11.175 12.901
5 24 12.299 11.175 12.901 12.039 9.097 13.042 14.013 9.998 9.638 9.709 10.154 15.326
5 24 12.299 11.175 12.901 9.709 10.154 15.326 12.039 9.097 13.042 9.989 12.177 15.258
5 24 9.989 12.177 15.258 9.709 10.154 15.326 12.299 11.175 12.901 7.385 10.967 16.496
5 24 9.989 12.177 15.258 7.385 10.967 16.496 9.709 10.154 15.326 7.881 12.919 16.47
5 24 7.881 12.919 16.47 7.385 10.967 16.496 9.989 12.177 15.258 6.242 12.357 16.885
5 24 7.881 12.919 16.47 6.242 12.357 16.885 7.385 10.967 16.496 6.213 13.383 16.922
5 24 6.242 12.357 16.885 7.385 10.967 16.496 7.881 12.919 16.47 6.26 11.304 16.798
5 24 6.213 13.383 16.922 6.242 12.357 16.885 7.881 12.919 16.47 5.337 12.669 17.204
5 24 6.242 12.357 16.885 6.26 11.304 16.798 7.385 10.967 16.496 5.662 11.48 16.984
5 24 6.242 12.357 16.885 5.662 11.48 16.984 6.26 11.304 16.798 5.337 12.669 17.204
5 24 6.242 12.357 16.885 5.337 12.669 17.204 5.662 11.48 16.984 6.213 13.383 16.922
2 24 5.337 12.669 17.204 5.662 11.48 16.984
5 24 6.213 13.383 16.922 5.337 12.669 17.204 6.242 12.357 16.885 4.672 13.675 17.136
2 24 4.672 13.675 17.136 5.337 12.669 17.204
5 24 8.993 -1.145 15.415 5.359 -.453 16.696 7.901 -2.736 14.179 5.232 .919 17.587
5 24 -13.005 -3.658 -1.1 -14.382 -3.25 1.465 -12.31 -2.762 -2.811 -13.37 -4.234 1.765
2 24 -14.382 -3.25 1.465 -12.31 -2.762 -2.811
5 24 -13.37 -4.234 1.765 -14.382 -3.25 1.465 -13.005 -3.658 -1.1 -13.349 -4.315 5.101
5 24 -13.349 -4.315 5.101 -14.382 -3.25 1.465 -13.37 -4.234 1.765 -14.728 -3.209 5.403
5 24 -13.349 -4.315 5.101 -14.728 -3.209 5.403 -14.382 -3.25 1.465 -12.239 -3.38 9.594
2 24 -14.728 -3.209 5.403 -14.382 -3.25 1.465
5 24 -12.239 -3.38 9.594 -14.728 -3.209 5.403 -13.349 -4.315 5.101 -14.007 -2.234 9.766
5 24 -12.239 -3.38 9.594 -14.007 -2.234 9.766 -14.728 -3.209 5.403 -12.618 -.639 13.718
2 24 -14.007 -2.234 9.766 -14.728 -3.209 5.403
2 24 -12.618 -.639 13.718 -14.007 -2.234 9.766
5 24 -12.239 -3.38 9.594 -12.618 -.639 13.718 -14.007 -2.234 9.766 -10.076 -1.578 13.206
5 24 -10.076 -1.578 13.206 -12.618 -.639 13.718 -12.239 -3.38 9.594 -8.157 -.028 15.088
5 24 -8.157 -.028 15.088 -12.618 -.639 13.718 -10.076 -1.578 13.206 -9.887 2 16.453
5 24 -8.157 -.028 15.088 -9.887 2 16.453 -12.618 -.639 13.718 -6.138 1.487 16.222
2 24 -9.887 2 16.453 -12.618 -.639 13.718
5 24 -6.138 1.487 16.222 -9.887 2 16.453 -8.157 -.028 15.088 -7.255 4.22 17.717
5 24 -6.138 1.487 16.222 -7.255 4.22 17.717 -9.887 2 16.453 -6.02 3.689 17.494
2 24 -7.255 4.22 17.717 -9.887 2 16.453
2 24 -6.138 1.487 16.222 -6.02 3.689 17.494
5 24 -14.382 -3.25 1.465 -14.234 -2.243 1.335 -12.31 -2.762 -2.811 -14.593 -1.817 5.206
5 24 -14.382 -3.25 1.465 -14.593 -1.817 5.206 -14.234 -2.243 1.335 -14.728 -3.209 5.403
5 24 -14.728 -3.209 5.403 -14.593 -1.817 5.206 -14.382 -3.25 1.465 -14.007 -2.234 9.766
5 24 -14.007 -2.234 9.766 -14.593 -1.817 5.206 -14.728 -3.209 5.403 -13.786 -.745 9.302
5 24 -14.007 -2.234 9.766 -13.786 -.745 9.302 -14.593 -1.817 5.206 -12.618 -.639 13.718
5 24 -12.618 -.639 13.718 -12.484 .762 13.087 -13.786 -.745 9.302 -9.887 2 16.453
5 24 -9.887 2 16.453 -12.484 .762 13.087 -12.618 -.639 13.718 -10.065 2.689 16.183
5 24 -9.887 2 16.453 -10.065 2.689 16.183 -12.484 .762 13.087 -7.255 4.22 17.717
5 24 -12.952 7.762 -6.005 -12.145 7.22 -7.044 -12.632 6.95 -6.679 -12.487 8.478 -6.188
5 24 -12.632 6.95 -6.679 -12.952 7.762 -6.005 -12.145 7.22 -7.044 -13.158 6.663 -5.955
5 24 -12.952 7.762 -6.005 -12.487 8.478 -6.188 -12.145 7.22 -7.044 -13.309 8.304 -5.271
5 24 -13.158 6.663 -5.955 -12.952 7.762 -6.005 -12.632 6.95 -6.679 -13.307 7.266 -5.537
5 24 -13.158 6.663 -5.955 -13.307 7.266 -5.537 -12.952 7.762 -6.005 -13.848 6.184 -4.561
5 24 -13.307 7.266 -5.537 -12.952 7.762 -6.005 -13.158 6.663 -5.955 -13.309 8.304 -5.271
5 24 -13.848 6.184 -4.561 -13.307 7.266 -5.537 -13.158 6.663 -5.955 -13.89 7.069 -4.184
5 24 -13.848 6.184 -4.561 -13.89 7.069 -4.184 -13.307 7.266 -5.537 -14.526 5.807 -2.524
5 24 -13.89 7.069 -4.184 -13.307 7.266 -5.537 -13.848 6.184 -4.561 -13.309 8.304 -5.271
5 24 -13.307 7.266 -5.537 -13.309 8.304 -5.271 -12.952 7.762 -6.005 -13.89 7.069 -4.184
5 24 -13.309 8.304 -5.271 -12.952 7.762 -6.005 -13.307 7.266 -5.537 -12.487 8.478 -6.188
5 24 -13.89 7.069 -4.184 -13.309 8.304 -5.271 -13.307 7.266 -5.537 -13.893 8.403 -3.904
5 24 -13.309 8.304 -5.271 -12.83 9.308 -5.3 -12.487 8.478 -6.188 -13.534 9.866 -3.723
5 24 -13.89 7.069 -4.184 -13.893 8.403 -3.904 -13.309 8.304 -5.271 -14.498 7.987 -2.231
5 24 -13.893 8.403 -3.904 -13.309 8.304 -5.271 -13.89 7.069 -4.184 -13.534 9.866 -3.723
5 24 -13.534 9.866 -3.723 -13.309 8.304 -5.271 -12.83 9.308 -5.3 -13.893 8.403 -3.904
5 24 -14.526 5.807 -2.524 -13.89 7.069 -4.184 -13.848 6.184 -4.561 -14.559 6.89 -2.289
5 24 -14.526 5.807 -2.524 -14.559 6.89 -2.289 -13.89 7.069 -4.184 -15.259 5.068 .763
5 24 -14.559 6.89 -2.289 -13.89 7.069 -4.184 -14.526 5.807 -2.524 -14.498 7.987 -2.231
5 24 -13.893 8.403 -3.904 -13.534 9.866 -3.723 -14.105 9.589 -1.746 -13.309 8.304 -5.271
5 24 -14.498 7.987 -2.231 -13.893 8.403 -3.904 -13.89 7.069 -4.184 -14.105 9.589 -1.746
5 24 -14.559 6.89 -2.289 -14.498 7.987 -2.231 -13.89 7.069 -4.184 -15.33 8.147 1.365
5 24 -14.105 9.589 -1.746 -13.893 8.403 -3.904 -14.498 7.987 -2.231 -13.534 9.866 -3.723
5 24 -14.498 7.987 -2.231 -14.105 9.589 -1.746 -13.893 8.403 -3.904 -14.518 8.858 1.251
5 24 -14.518 8.858 1.251 -14.105 9.589 -1.746 -14.498 7.987 -2.231 -14.104 9.113 1.154
2 24 -14.498 7.987 -2.231 -14.518 8.858 1.251
5 24 -14.518 8.858 1.251 -14.104 9.113 1.154 -14.105 9.589 -1.746 -13.898 9.569 3.186
5 24 -14.518 8.858 1.251 -13.898 9.569 3.186 -14.104 9.113 1.154 -14.511 9.255 3.456
2 24 -14.518 8.858 1.251 -14.511 9.255 3.456
5 24 -14.511 9.255 3.456 -13.898 9.569 3.186 -14.518 8.858 1.251 -13.844 10.746 4.386
5 24 -14.511 9.255 3.456 -13.844 10.746 4.386 -13.898 9.569 3.186 -14.342 9.889 5.777
2 24 -14.511 9.255 3.456 -14.342 9.889 5.777
5 24 -14.342 9.889 5.777 -13.844 10.746 4.386 -14.511 9.255 3.456 -13.886 11.47 6.076
5 24 -13.886 11.47 6.076 -13.844 10.746 4.386 -14.342 9.889 5.777 -13.579 11.932 4.987
5 24 -14.342 9.889 5.777 -13.886 11.47 6.076 -13.844 10.746 4.386 -13.88 10.485 7.907
5 24 -13.886 11.47 6.076 -13.579 11.932 4.987 -13.844 10.746 4.386 -12.997 14.431 6.327
5 24 -13.88 10.485 7.907 -13.886 11.47 6.076 -14.342 9.889 5.777 -13.739 11.713 7.436
2 24 -14.342 9.889 5.777 -13.88 10.485 7.907
5 24 -13.88 10.485 7.907 -13.739 11.713 7.436 -13.886 11.47 6.076 -13.132 12.359 10.036
5 24 -13.739 11.713 7.436 -13.886 11.47 6.076 -13.88 10.485 7.907 -13.256 13.538 7.767
5 24 -13.886 11.47 6.076 -12.997 14.431 6.327 -13.579 11.932 4.987 -13.256 13.538 7.767
5 24 -13.886 11.47 6.076 -13.256 13.538 7.767 -12.997 14.431 6.327 -13.739 11.713 7.436
5 24 -13.256 13.538 7.767 -12.997 14.431 6.327 -13.886 11.47 6.076 -11.398 16.892 8.966
5 24 -13.739 11.713 7.436 -13.256 13.538 7.767 -13.886 11.47 6.076 -12.913 12.845 9.256
2 24 -13.739 11.713 7.436 -12.913 12.845 9.256
5 24 -12.913 12.845 9.256 -13.256 13.538 7.767 -13.739 11.713 7.436 -11.689 15.449 10.178
5 24 -13.88 10.485 7.907 -13.132 12.359 10.036 -13.739 11.713 7.436 -12.993 11.114 10.366
2 24 -13.132 12.359 10.036 -13.739 11.713 7.436
2 24 -13.88 10.485 7.907 -12.993 11.114 10.366
5 24 -12.993 11.114 10.366 -13.132 12.359 10.036 -13.88 10.485 7.907 -11.509 11.997 12.776
5 24 -13.256 13.538 7.767 -11.398 16.892 8.966 -12.997 14.431 6.327 -11.689 15.449 10.178
5 24 -13.256 13.538 7.767 -11.689 15.449 10.178 -11.398 16.892 8.966 -12.913 12.845 9.256
5 24 -11.689 15.449 10.178 -11.398 16.892 8.966 -13.256 13.538 7.767 -9.276 17.774 11.053
5 24 -12.913 12.845 9.256 -11.689 15.449 10.178 -13.256 13.538 7.767 -11.492 14.02 11.284
5 24 -11.509 11.997 12.776 -13.132 12.359 10.036 -12.993 11.114 10.366 -11.871 13.224 12.59
2 24 -12.993 11.114 10.366 -11.509 11.997 12.776
5 24 -11.509 11.997 12.776 -11.871 13.224 12.59 -13.132 12.359 10.036 -9.241 14.427 15.229
2 24 -11.871 13.224 12.59 -13.132 12.359 10.036
2 24 -12.913 12.845 9.256 -11.492 14.02 11.284
5 24 -11.492 14.02 11.284 -11.689 15.449 10.178 -12.913 12.845 9.256 -9.596 16.69 12.243
2 24 -9.241 14.427 15.229 -11.871 13.224 12.59
5 24 -11.509 11.997 12.776 -9.241 14.427 15.229 -11.871 13.224 12.59 -8.599 12.972 15.339
2 24 -11.509 11.997 12.776 -8.599 12.972 15.339
5 24 -8.599 12.972 15.339 -9.241 14.427 15.229 -11.509 11.997 12.776 -6.93 15.049 16.446
2 24 -6.93 15.049 16.446 -9.241 14.427 15.229
5 24 -8.599 12.972 15.339 -6.93 15.049 16.446 -9.241 14.427 15.229 -6.419 13.591 16.42
2 24 -8.599 12.972 15.339 -6.419 13.591 16.42
2 24 -6.419 13.591 16.42 -6.93 15.049 16.446
5 24 -9.596 16.69 12.243 -11.689 15.449 10.178 -11.492 14.02 11.284 -9.276 17.774 11.053
2 24 -11.492 14.02 11.284 -9.508 15.194 13.231
5 24 -9.508 15.194 13.231 -9.596 16.69 12.243 -11.492 14.02 11.284 -7.923 17.295 13.045
5 24 -7.923 17.295 13.045 -9.596 16.69 12.243 -9.508 15.194 13.231 -7.919 17.715 12.009
2 24 -9.508 15.194 13.231 -7.511 15.975 14.177
5 24 -11.689 15.449 10.178 -9.276 17.774 11.053 -11.398 16.892 8.966 -9.596 16.69 12.243
5 24 -9.596 16.69 12.243 -9.276 17.774 11.053 -11.689 15.449 10.178 -7.919 17.715 12.009
5 24 -9.596 16.69 12.243 -7.919 17.715 12.009 -9.276 17.774 11.053 -7.923 17.295 13.045
5 24 -1.88 -4.372 16.25 -4.593 -2.628 16.493 -2.994 -4.098 15.021 -3.237 -3.001 18.178
2 24 -1.88 -4.372 16.25 -3.237 -3.001 18.178
5 24 -3.237 -3.001 18.178 -4.593 -2.628 16.493 -1.88 -4.372 16.25 -4.791 -2.315 16.574
5 24 -3.237 -3.001 18.178 -4.791 -2.315 16.574 -4.593 -2.628 16.493 -5.268 -1.559 17.132
5 24 -3.237 -3.001 18.178 -5.268 -1.559 17.132 -4.791 -2.315 16.574 -4.681 -.78 19.013
2 24 -3.237 -3.001 18.178 -4.681 -.78 19.013
5 24 -4.681 -.78 19.013 -5.268 -1.559 17.132 -3.237 -3.001 18.178 -5.798 -.374 17.124
2 24 -4.681 -.78 19.013 -5.463 .8 18.893
5 24 -5.463 .8 18.893 -5.798 -.374 17.124 -4.681 -.78 19.013 -6.172 .85 16.815
5 24 -5.463 .8 18.893 -6.172 .85 16.815 -5.798 -.374 17.124 -5.94 2.483 18.396
2 24 -5.463 .8 18.893 -5.94 2.483 18.396
5 24 -5.94 2.483 18.396 -6.172 .85 16.815 -5.463 .8 18.893 -6.138 1.487 16.222
5 24 -5.94 2.483 18.396 -6.138 1.487 16.222 -6.172 .85 16.815 -6.02 3.689 17.494
2 24 -5.94 2.483 18.396 -6.02 3.689 17.494
5 24 4.944 3.532 17.404 4.53 2.359 18.346 4.716 2.626 17.604 5.213 4.795 19.546
5 24 4.944 3.532 17.404 5.213 4.795 19.546 4.53 2.359 18.346 5.341 5.526 18.535
5 24 5.213 4.795 19.546 4.53 2.359 18.346 4.944 3.532 17.404 4.33 1.992 18.875
2 24 5.341 5.526 18.535 5.213 4.795 19.546
2 24 5.213 4.795 19.546 4.433 3.098 20.91
5 24 4.433 3.098 20.91 4.33 1.992 18.875 5.213 4.795 19.546 3.398 .858 19.803
5 24 4.433 3.098 20.91 3.398 .858 19.803 4.33 1.992 18.875 3.364 1.653 21.217
2 24 4.433 3.098 20.91 3.364 1.653 21.217
5 24 3.364 1.653 21.217 3.398 .858 19.803 4.433 3.098 20.91 2.157 .35 20.678
2 24 3.364 1.653 21.217 2.157 .35 20.678
5 24 2.157 .35 20.678 3.398 .858 19.803 3.364 1.653 21.217 1.363 -.575 19.614
2 24 2.157 .35 20.678 1.363 -.575 19.614
5 24 -.384 -2.163 18.319 -3.237 -3.001 18.178 -1.88 -4.372 16.25 -1.56 -1.012 19.347
2 24 -.384 -2.163 18.319 -1.56 -1.012 19.347
5 24 -1.56 -1.012 19.347 -3.237 -3.001 18.178 -.384 -2.163 18.319 -4.681 -.78 19.013
5 24 -1.56 -1.012 19.347 -4.681 -.78 19.013 -3.237 -3.001 18.178 -2.634 1.184 19.71
2 24 -1.56 -1.012 19.347 -2.634 1.184 19.71
5 24 -2.634 1.184 19.71 -4.681 -.78 19.013 -1.56 -1.012 19.347 -5.463 .8 18.893
5 24 -2.634 1.184 19.71 -5.463 .8 18.893 -4.681 -.78 19.013 -3.233 3.36 18.729
2 24 -2.634 1.184 19.71 -3.233 3.36 18.729
5 24 -3.233 3.36 18.729 -5.463 .8 18.893 -2.634 1.184 19.71 -5.94 2.483 18.396
5 24 -3.233 3.36 18.729 -5.94 2.483 18.396 -5.463 .8 18.893 -4.009 4.09 18.425
2 24 -3.233 3.36 18.729 -4.009 4.09 18.425
5 24 -4.009 4.09 18.425 -5.94 2.483 18.396 -3.233 3.36 18.729 -6.02 3.689 17.494
5 24 -4.009 4.09 18.425 -6.02 3.689 17.494 -5.94 2.483 18.396 -4.797 4.925 17.827
2 24 -4.009 4.09 18.425 -4.797 4.925 17.827
5 24 -.129 -.914 18.538 -1.56 -1.012 19.347 -.384 -2.163 18.319 -.826 -.022 19.033
2 24 -.129 -.914 18.538 -.826 -.022 19.033
5 24 -.826 -.022 19.033 -1.56 -1.012 19.347 -.129 -.914 18.538 -1.391 1.26 19.19
2 24 -.826 -.022 19.033 -1.391 1.26 19.19
5 24 -1.391 1.26 19.19 -1.56 -1.012 19.347 -.826 -.022 19.033 -2.634 1.184 19.71
5 24 -1.391 1.26 19.19 -2.634 1.184 19.71 -1.56 -1.012 19.347 -1.577 2.566 18.505
5 24 -1.577 2.566 18.505 -2.634 1.184 19.71 -1.391 1.26 19.19 -3.233 3.36 18.729
2 24 -1.391 1.26 19.19 -1.577 2.566 18.505
2 24 -1.577 2.566 18.505 -3.233 3.36 18.729
5 24 1.363 -.575 19.614 -.826 -.022 19.033 -.129 -.914 18.538 -.469 1.62 20.083
5 24 -.469 1.62 20.083 -.826 -.022 19.033 1.363 -.575 19.614 -1.391 1.26 19.19
5 24 1.363 -.575 19.614 -.469 1.62 20.083 -.826 -.022 19.033 2.157 .35 20.678
5 24 2.157 .35 20.678 -.469 1.62 20.083 1.363 -.575 19.614 .463 2.448 21.085
5 24 2.157 .35 20.678 .463 2.448 21.085 -.469 1.62 20.083 3.364 1.653 21.217
2 24 .463 2.448 21.085 -.469 1.62 20.083
5 24 3.364 1.653 21.217 1.553 3.895 21.64 .463 2.448 21.085 4.433 3.098 20.91
2 24 1.553 3.895 21.64 .463 2.448 21.085
5 24 4.433 3.098 20.91 1.553 3.895 21.64 3.364 1.653 21.217 2.357 5.249 21.277
5 24 4.433 3.098 20.91 2.357 5.249 21.277 1.553 3.895 21.64 5.213 4.795 19.546
2 24 2.357 5.249 21.277 1.553 3.895 21.64
5 24 5.213 4.795 19.546 2.357 5.249 21.277 4.433 3.098 20.91 3.701 7.182 19.854
5 24 5.213 4.795 19.546 3.701 7.182 19.854 2.357 5.249 21.277 5.079 6.725 18.601
2 24 3.701 7.182 19.854 2.357 5.249 21.277
5 24 5.213 4.795 19.546 5.079 6.725 18.601 3.701 7.182 19.854 5.341 5.526 18.535
5 24 5.079 6.725 18.601 3.701 7.182 19.854 5.213 4.795 19.546 4.415 7.747 18.438
2 24 -.469 1.62 20.083 -1.391 1.26 19.19
2 24 4.415 7.747 18.438 3.701 7.182 19.854
5 24 -14.559 6.89 -2.289 -15.33 8.147 1.365 -14.498 7.987 -2.231 -15.379 6.119 1.808
2 24 -15.33 8.147 1.365 -14.498 7.987 -2.231
5 24 -14.559 6.89 -2.289 -15.379 6.119 1.808 -15.33 8.147 1.365 -15.259 5.068 .763
5 24 -15.379 6.119 1.808 -15.33 8.147 1.365 -14.559 6.89 -2.289 -15.649 8.371 4.074
5 24 -14.559 6.89 -2.289 -15.259 5.068 .763 -15.379 6.119 1.808 -14.526 5.807 -2.524
5 24 -15.259 5.068 .763 -15.379 6.119 1.808 -14.559 6.89 -2.289 -15.542 4.772 2.871
5 24 -15.542 4.772 2.871 -15.379 6.119 1.808 -15.259 5.068 .763 -15.578 5.854 4.876
5 24 -15.542 4.772 2.871 -15.578 5.854 4.876 -15.379 6.119 1.808 -15.598 5.072 5.063
5 24 -15.578 5.854 4.876 -15.379 6.119 1.808 -15.542 4.772 2.871 -15.649 8.371 4.074
2 24 -15.542 4.772 2.871 -15.598 5.072 5.063
5 24 -15.598 5.072 5.063 -15.578 5.854 4.876 -15.542 4.772 2.871 -15.082 6.293 8.252
5 24 -15.379 6.119 1.808 -15.649 8.371 4.074 -15.33 8.147 1.365 -15.578 5.854 4.876
2 24 -15.649 8.371 4.074 -15.33 8.147 1.365
5 24 -15.578 5.854 4.876 -15.649 8.371 4.074 -15.379 6.119 1.808 -15.193 9.036 7.468
5 24 -15.578 5.854 4.876 -15.193 9.036 7.468 -15.649 8.371 4.074 -15.082 6.293 8.252
2 24 -15.193 9.036 7.468 -15.649 8.371 4.074
2 24 -15.578 5.854 4.876 -15.082 6.293 8.252
5 24 -15.082 6.293 8.252 -15.193 9.036 7.468 -15.578 5.854 4.876 -14.167 9.891 11.256
5 24 -15.082 6.293 8.252 -14.167 9.891 11.256 -15.193 9.036 7.468 -13.913 7.43 11.896
2 24 -14.167 9.891 11.256 -15.193 9.036 7.468
2 24 -15.082 6.293 8.252 -13.913 7.43 11.896
5 24 -13.913 7.43 11.896 -14.167 9.891 11.256 -15.082 6.293 8.252 -11.811 9.31 14.32
5 24 -11.811 9.31 14.32 -14.167 9.891 11.256 -13.913 7.43 11.896 -12.191 11.086 13.887
2 24 -13.913 7.43 11.896 -11.811 9.31 14.32
5 24 -11.811 9.31 14.32 -12.191 11.086 13.887 -14.167 9.891 11.256 -8.409 10.497 16.46
2 24 -12.191 11.086 13.887 -14.167 9.891 11.256
5 24 -8.409 10.497 16.46 -12.191 11.086 13.887 -11.811 9.31 14.32 -8.725 12.162 16.313
2 24 -11.811 9.31 14.32 -8.409 10.497 16.46
5 24 -8.409 10.497 16.46 -8.725 12.162 16.313 -12.191 11.086 13.887 -6.149 12.834 17.156
2 24 -8.725 12.162 16.313 -12.191 11.086 13.887
2 24 -6.149 12.834 17.156 -8.725 12.162 16.313
2 24 -8.409 10.497 16.46 -5.255 11.34 17.511
2 24 -5.255 11.34 17.511 -6.149 12.834 17.156
5 24 -15.33 8.147 1.365 -14.518 8.858 1.251 -14.498 7.987 -2.231 -14.511 9.255 3.456
5 24 -15.33 8.147 1.365 -14.511 9.255 3.456 -14.518 8.858 1.251 -15.649 8.371 4.074
5 24 -15.649 8.371 4.074 -14.511 9.255 3.456 -15.33 8.147 1.365 -14.342 9.889 5.777
5 24 -15.649 8.371 4.074 -14.342 9.889 5.777 -14.511 9.255 3.456 -15.193 9.036 7.468
5 24 -15.193 9.036 7.468 -13.88 10.485 7.907 -14.342 9.889 5.777 -14.167 9.891 11.256
5 24 -14.167 9.891 11.256 -13.88 10.485 7.907 -15.193 9.036 7.468 -12.993 11.114 10.366
5 24 -14.167 9.891 11.256 -12.993 11.114 10.366 -13.88 10.485 7.907 -12.191 11.086 13.887
5 24 -12.191 11.086 13.887 -12.993 11.114 10.366 -14.167 9.891 11.256 -11.509 11.997 12.776
5 24 -12.191 11.086 13.887 -11.509 11.997 12.776 -12.993 11.114 10.366 -8.599 12.972 15.339
5 24 -12.191 11.086 13.887 -8.599 12.972 15.339 -11.509 11.997 12.776 -8.725 12.162 16.313
5 24 -8.725 12.162 16.313 -8.599 12.972 15.339 -12.191 11.086 13.887 -6.419 13.591 16.42
5 24 -8.725 12.162 16.313 -6.419 13.591 16.42 -8.599 12.972 15.339 -6.149 12.834 17.156
2 24 -6.149 12.834 17.156 -6.419 13.591 16.42
5 24 4.879 8.914 17.686 5.014 9.34 18.711 4.628 8.502 18.173 5.686 10.971 17.792
5 24 5.686 10.971 17.792 5.014 9.34 18.711 4.879 8.914 17.686 5.453 10.511 19.872
5 24 5.014 9.34 18.711 4.498 8.558 19.962 4.628 8.502 18.173 5.453 10.511 19.872
5 24 4.498 8.558 19.962 4.628 8.502 18.173 5.014 9.34 18.711 4.415 7.747 18.438
5 24 4.498 8.558 19.962 4.415 7.747 18.438 4.628 8.502 18.173 3.701 7.182 19.854
5 24 4.498 8.558 19.962 3.701 7.182 19.854 4.415 7.747 18.438 3.646 8.222 21.471
5 24 5.453 10.511 19.872 5.014 9.34 18.711 5.686 10.971 17.792 4.498 8.558 19.962
5 24 5.686 10.971 17.792 5.453 10.511 19.872 5.014 9.34 18.711 5.239 12.619 19.103
5 24 5.453 10.511 19.872 4.498 8.558 19.962 5.014 9.34 18.711 4.941 10.291 21.433
5 24 5.239 12.619 19.103 5.453 10.511 19.872 5.686 10.971 17.792 4.875 12.377 20.795
5 24 5.686 10.971 17.792 5.239 12.619 19.103 5.453 10.511 19.872 5.662 11.48 16.984
5 24 5.662 11.48 16.984 5.239 12.619 19.103 5.686 10.971 17.792 5.337 12.669 17.204
5 24 5.337 12.669 17.204 5.239 12.619 19.103 5.662 11.48 16.984 4.456 13.703 18.746
5 24 3.646 8.222 21.471 3.701 7.182 19.854 4.498 8.558 19.962 2.371 6.731 21.031
2 24 3.646 8.222 21.471 2.371 6.731 21.031
5 24 2.371 6.731 21.031 3.701 7.182 19.854 3.646 8.222 21.471 .941 5.388 20.173
2 24 .941 5.388 20.173 3.701 7.182 19.854
2 24 2.371 6.731 21.031 .941 5.388 20.173
5 24 4.941 10.291 21.433 4.498 8.558 19.962 5.453 10.511 19.872 3.646 8.222 21.471
5 24 5.453 10.511 19.872 4.941 10.291 21.433 4.498 8.558 19.962 4.875 12.377 20.795
2 24 4.941 10.291 21.433 3.646 8.222 21.471
5 24 5.337 12.669 17.204 4.456 13.703 18.746 5.239 12.619 19.103 4.672 13.675 17.136
5 24 4.456 13.703 18.746 5.239 12.619 19.103 5.337 12.669 17.204 4.068 13.406 20.164
2 24 4.672 13.675 17.136 4.456 13.703 18.746
5 24 4.875 12.377 20.795 5.453 10.511 19.872 5.239 12.619 19.103 4.941 10.291 21.433
5 24 5.239 12.619 19.103 4.875 12.377 20.795 5.453 10.511 19.872 4.068 13.406 20.164
2 24 4.875 12.377 20.795 4.941 10.291 21.433
5 24 4.068 13.406 20.164 5.239 12.619 19.103 4.456 13.703 18.746 4.875 12.377 20.795
2 24 4.456 13.703 18.746 4.068 13.406 20.164
2 24 4.068 13.406 20.164 4.875 12.377 20.795
5 24 -.778 2.969 19.631 -1.391 1.26 19.19 -.469 1.62 20.083 -1.577 2.566 18.505
5 24 -.469 1.62 20.083 -.778 2.969 19.631 -1.391 1.26 19.19 .463 2.448 21.085
2 24 -.778 2.969 19.631 -1.577 2.566 18.505
5 24 .463 2.448 21.085 -.778 2.969 19.631 -.469 1.62 20.083 .059 3.617 20.349
5 24 .463 2.448 21.085 .059 3.617 20.349 -.778 2.969 19.631 1.553 3.895 21.64
2 24 .059 3.617 20.349 -.778 2.969 19.631
5 24 1.553 3.895 21.64 .059 3.617 20.349 .463 2.448 21.085 .653 4.678 20.45
5 24 1.553 3.895 21.64 .653 4.678 20.45 .059 3.617 20.349 2.357 5.249 21.277
2 24 .653 4.678 20.45 .059 3.617 20.349
5 24 2.357 5.249 21.277 .941 5.388 20.173 .653 4.678 20.45 3.701 7.182 19.854
2 24 .941 5.388 20.173 .653 4.678 20.45
5 24 -.778 2.969 19.631 -3.233 3.36 18.729 -1.577 2.566 18.505 -2.972 4.336 20.63
2 24 -.778 2.969 19.631 -2.972 4.336 20.63
5 24 -2.972 4.336 20.63 -3.233 3.36 18.729 -.778 2.969 19.631 -4.009 4.09 18.425
5 24 -2.972 4.336 20.63 -4.009 4.09 18.425 -3.233 3.36 18.729 -4.49 5.875 20.804
2 24 -2.972 4.336 20.63 -4.49 5.875 20.804
5 24 -4.49 5.875 20.804 -4.009 4.09 18.425 -2.972 4.336 20.63 -5.295 5.65 18.086
5 24 -4.49 5.875 20.804 -5.295 5.65 18.086 -4.009 4.09 18.425 -5.068 7.002 20.556
5 24 -5.295 5.65 18.086 -4.009 4.09 18.425 -4.49 5.875 20.804 -4.797 4.925 17.827
2 24 -4.49 5.875 20.804 -5.068 7.002 20.556
5 24 -5.068 7.002 20.556 -5.295 5.65 18.086 -4.49 5.875 20.804 -5.615 6.164 18.185
5 24 -5.068 7.002 20.556 -5.615 6.164 18.185 -5.295 5.65 18.086 -5.593 8.153 20.094
2 24 -5.068 7.002 20.556 -5.593 8.153 20.094
5 24 -5.593 8.153 20.094 -5.615 6.164 18.185 -5.068 7.002 20.556 -5.857 7.018 17.772
5 24 -5.593 8.153 20.094 -5.857 7.018 17.772 -5.615 6.164 18.185 -5.943 9.551 19.142
2 24 -5.593 8.153 20.094 -5.943 9.551 19.142
5 24 -5.943 9.551 19.142 -5.857 7.018 17.772 -5.593 8.153 20.094 -6.184 9.156 17.65
5 24 -5.943 9.551 19.142 -6.184 9.156 17.65 -5.857 7.018 17.772 -5.865 10.346 17.007
2 24 -6.184 9.156 17.65 -6.105 7.766 17.042
2 24 -5.865 10.346 17.007 -6.184 9.156 17.65
2 24 -5.943 9.551 19.142 -5.865 10.346 17.007
5 24 -15.514 4.603 5.143 -15.598 5.072 5.063 -15.542 4.772 2.871 -14.988 4.776 8.694
5 24 -14.988 4.776 8.694 -15.598 5.072 5.063 -15.514 4.603 5.143 -15.398 5.578 8.755
5 24 -14.988 4.776 8.694 -15.398 5.578 8.755 -15.598 5.072 5.063 -13.617 5.315 12.316
2 24 -15.398 5.578 8.755 -15.598 5.072 5.063
5 24 -13.617 5.315 12.316 -15.398 5.578 8.755 -14.988 4.776 8.694 -14.136 6.575 12.481
5 24 -13.617 5.315 12.316 -14.136 6.575 12.481 -15.398 5.578 8.755 -11.056 6.259 15.025
2 24 -14.136 6.575 12.481 -15.398 5.578 8.755
5 24 -11.056 6.259 15.025 -14.136 6.575 12.481 -13.617 5.315 12.316 -11.708 7.645 15.282
5 24 -11.056 6.259 15.025 -11.708 7.645 15.282 -14.136 6.575 12.481 -8.021 7.282 16.481
2 24 -11.708 7.645 15.282 -14.136 6.575 12.481
5 24 -8.021 7.282 16.481 -11.708 7.645 15.282 -11.056 6.259 15.025 -8.502 8.626 16.919
5 24 -8.021 7.282 16.481 -8.502 8.626 16.919 -11.708 7.645 15.282 -6.105 7.766 17.042
2 24 -8.502 8.626 16.919 -11.708 7.645 15.282
5 24 -6.105 7.766 17.042 -8.502 8.626 16.919 -8.021 7.282 16.481 -6.184 9.156 17.65
2 24 -6.184 9.156 17.65 -8.502 8.626 16.919
5 24 .059 3.617 20.349 -1.839 5.138 21.507 -.778 2.969 19.631 .653 4.678 20.45
5 24 -1.839 5.138 21.507 -2.972 4.336 20.63 -.778 2.969 19.631 -3.327 6.828 21.745
5 24 .653 4.678 20.45 -1.839 5.138 21.507 .059 3.617 20.349 -.874 6.125 21.724
2 24 .653 4.678 20.45 -.874 6.125 21.724
5 24 -.874 6.125 21.724 -1.839 5.138 21.507 .653 4.678 20.45 -3.327 6.828 21.745
5 24 -1.839 5.138 21.507 -3.327 6.828 21.745 -2.972 4.336 20.63 -.874 6.125 21.724
5 24 -.874 6.125 21.724 -3.327 6.828 21.745 -1.839 5.138 21.507 -2.119 7.961 21.887
5 24 -3.327 6.828 21.745 -4.49 5.875 20.804 -2.972 4.336 20.63 -3.997 7.777 21.389
2 24 -.874 6.125 21.724 -2.119 7.961 21.887
5 24 -2.119 7.961 21.887 -3.327 6.828 21.745 -.874 6.125 21.724 -3.997 7.777 21.389
5 24 -3.997 7.777 21.389 -4.49 5.875 20.804 -3.327 6.828 21.745 -5.068 7.002 20.556
5 24 -3.327 6.828 21.745 -3.997 7.777 21.389 -4.49 5.875 20.804 -2.119 7.961 21.887
5 24 -2.119 7.961 21.887 -3.997 7.777 21.389 -3.327 6.828 21.745 -2.569 9.085 21.261
5 24 -3.997 7.777 21.389 -5.068 7.002 20.556 -4.49 5.875 20.804 -4.359 8.608 20.986
2 24 -2.119 7.961 21.887 -2.569 9.085 21.261
5 24 -2.569 9.085 21.261 -3.997 7.777 21.389 -2.119 7.961 21.887 -4.359 8.608 20.986
5 24 -4.359 8.608 20.986 -5.068 7.002 20.556 -3.997 7.777 21.389 -5.593 8.153 20.094
5 24 -3.997 7.777 21.389 -4.359 8.608 20.986 -5.068 7.002 20.556 -2.569 9.085 21.261
5 24 -2.569 9.085 21.261 -4.359 8.608 20.986 -3.997 7.777 21.389 -4.417 9.658 20.532
5 24 -4.359 8.608 20.986 -5.593 8.153 20.094 -5.068 7.002 20.556 -4.417 9.658 20.532
5 24 -2.569 9.085 21.261 -4.417 9.658 20.532 -4.359 8.608 20.986 -2.73 9.953 20.66
5 24 -4.417 9.658 20.532 -4.359 8.608 20.986 -2.569 9.085 21.261 -5.593 8.153 20.094
5 24 -4.417 9.658 20.532 -5.593 8.153 20.094 -4.359 8.608 20.986 -5.943 9.551 19.142
5 24 -2.73 9.953 20.66 -4.417 9.658 20.532 -2.569 9.085 21.261 -4.256 10.662 19.888
2 24 -2.569 9.085 21.261 -2.73 9.953 20.66
2 24 -2.73 9.953 20.66 -4.256 10.662 19.888
5 24 -4.256 10.662 19.888 -4.417 9.658 20.532 -2.73 9.953 20.66 -5.943 9.551 19.142
5 24 -4.417 9.658 20.532 -5.943 9.551 19.142 -5.593 8.153 20.094 -4.256 10.662 19.888
5 24 -4.256 10.662 19.888 -5.943 9.551 19.142 -4.417 9.658 20.532 -4.944 11.174 18.7
2 24 -4.256 10.662 19.888 -4.944 11.174 18.7
5 24 -4.944 11.174 18.7 -5.943 9.551 19.142 -4.256 10.662 19.888 -5.865 10.346 17.007
5 24 -4.944 11.174 18.7 -5.865 10.346 17.007 -5.943 9.551 19.142 -5.255 11.34 17.511
2 24 -4.944 11.174 18.7 -5.255 11.34 17.511
2 24 -5.255 11.34 17.511 -5.865 10.346 17.007
5 24 -.134 6.749 20.732 .653 4.678 20.45 .941 5.388 20.173 -.874 6.125 21.724
2 24 .941 5.388 20.173 -.134 6.749 20.732
5 24 -.134 6.749 20.732 -.874 6.125 21.724 .653 4.678 20.45 -.948 8.34 20.543
5 24 -.948 8.34 20.543 -.874 6.125 21.724 -.134 6.749 20.732 -2.119 7.961 21.887
2 24 -.134 6.749 20.732 -.948 8.34 20.543
5 24 -.948 8.34 20.543 -2.119 7.961 21.887 -.874 6.125 21.724 -1.819 8.946 20.81
5 24 -1.819 8.946 20.81 -2.119 7.961 21.887 -.948 8.34 20.543 -2.569 9.085 21.261
5 24 -.948 8.34 20.543 -1.819 8.946 20.81 -2.119 7.961 21.887 -1.083 8.993 20.066
5 24 -1.083 8.993 20.066 -1.819 8.946 20.81 -.948 8.34 20.543 -1.776 9.427 20.417
2 24 -.948 8.34 20.543 -1.083 8.993 20.066
2 24 -1.083 8.993 20.066 -1.776 9.427 20.417
5 24 -1.776 9.427 20.417 -1.819 8.946 20.81 -1.083 8.993 20.066 -2.569 9.085 21.261
5 24 -1.819 8.946 20.81 -2.569 9.085 21.261 -2.119 7.961 21.887 -1.776 9.427 20.417
5 24 -1.776 9.427 20.417 -2.569 9.085 21.261 -1.819 8.946 20.81 -2.73 9.953 20.66
2 24 -1.776 9.427 20.417 -2.73 9.953 20.66
5 24 2.371 6.731 21.031 -.134 6.749 20.732 .941 5.388 20.173 .624 7.91 20.932
5 24 2.371 6.731 21.031 .624 7.91 20.932 -.134 6.749 20.732 2.414 9.26 21.597
5 24 .624 7.91 20.932 -.134 6.749 20.732 2.371 6.731 21.031 -.948 8.34 20.543
5 24 2.414 9.26 21.597 .624 7.91 20.932 2.371 6.731 21.031 .36 10.358 20.455
5 24 2.371 6.731 21.031 2.414 9.26 21.597 .624 7.91 20.932 3.646 8.222 21.471
5 24 3.646 8.222 21.471 2.414 9.26 21.597 2.371 6.731 21.031 3.612 10.875 21.741
5 24 3.612 10.875 21.741 2.414 9.26 21.597 3.646 8.222 21.471 .994 11.154 20.167
5 24 3.646 8.222 21.471 3.612 10.875 21.741 2.414 9.26 21.597 4.941 10.291 21.433
5 24 4.941 10.291 21.433 3.612 10.875 21.741 3.646 8.222 21.471 4.289 12.197 21.271
5 24 4.289 12.197 21.271 3.612 10.875 21.741 4.941 10.291 21.433 2.888 12.715 20.687
5 24 4.941 10.291 21.433 4.289 12.197 21.271 3.612 10.875 21.741 4.875 12.377 20.795
5 24 4.875 12.377 20.795 4.289 12.197 21.271 4.941 10.291 21.433 4.068 13.406 20.164
5 24 .624 7.91 20.932 -.948 8.34 20.543 -.134 6.749 20.732 -.196 9.611 20.284
5 24 2.414 9.26 21.597 .36 10.358 20.455 .624 7.91 20.932 .994 11.154 20.167
2 24 .36 10.358 20.455 -.196 9.611 20.284
5 24 -.196 9.611 20.284 .624 7.91 20.932 .36 10.358 20.455 -.948 8.34 20.543
5 24 -.196 9.611 20.284 -.948 8.34 20.543 .624 7.91 20.932 -1.083 8.993 20.066
5 24 4.068 13.406 20.164 4.289 12.197 21.271 4.875 12.377 20.795 2.888 12.715 20.687
2 24 4.068 13.406 20.164 2.888 12.715 20.687
5 24 2.888 12.715 20.687 4.289 12.197 21.271 4.068 13.406 20.164 3.612 10.875 21.741
5 24 2.888 12.715 20.687 3.612 10.875 21.741 4.289 12.197 21.271 .994 11.154 20.167
5 24 .994 11.154 20.167 2.414 9.26 21.597 3.612 10.875 21.741 .36 10.358 20.455
5 24 3.612 10.875 21.741 .994 11.154 20.167 2.414 9.26 21.597 2.888 12.715 20.687
2 24 .994 11.154 20.167 .36 10.358 20.455
2 24 2.888 12.715 20.687 .994 11.154 20.167
2 24 -.196 9.611 20.284 -1.083 8.993 20.066
5 24 4.951 14.508 18.533 4.672 13.675 17.136 4.865 14.278 16.617 4.456 13.703 18.746
5 24 4.865 14.278 16.617 4.951 14.508 18.533 4.672 13.675 17.136 5.423 16.123 17.843
5 24 4.951 14.508 18.533 4.456 13.703 18.746 4.672 13.675 17.136 4.068 13.406 20.164
5 24 5.423 16.123 17.843 4.951 14.508 18.533 4.865 14.278 16.617 4.967 16.29 19.633
5 24 4.865 14.278 16.617 5.423 16.123 17.843 4.951 14.508 18.533 5.522 15.611 16.138
5 24 5.522 15.611 16.138 5.423 16.123 17.843 4.865 14.278 16.617 5.582 16.095 15.359
5 24 5.582 16.095 15.359 5.423 16.123 17.843 5.522 15.611 16.138 5.164 17.403 17.17
5 24 5.164 17.403 17.17 5.423 16.123 17.843 5.582 16.095 15.359 4.702 17.423 18.95
5 24 5.582 16.095 15.359 5.164 17.403 17.17 5.423 16.123 17.843 5.268 17.126 14.439
5 24 4.951 14.508 18.533 4.068 13.406 20.164 4.456 13.703 18.746 4.344 14.572 20.739
5 24 4.951 14.508 18.533 4.344 14.572 20.739 4.068 13.406 20.164 4.967 16.29 19.633
5 24 4.344 14.572 20.739 4.068 13.406 20.164 4.951 14.508 18.533 2.432 13.215 21.248
5 24 5.423 16.123 17.843 4.967 16.29 19.633 4.951 14.508 18.533 4.702 17.423 18.95
2 24 4.967 16.29 19.633 4.344 14.572 20.739
5 24 4.702 17.423 18.95 5.423 16.123 17.843 5.164 17.403 17.17 4.967 16.29 19.633
2 24 4.702 17.423 18.95 4.967 16.29 19.633
2 24 4.344 14.572 20.739 2.432 13.215 21.248
5 24 2.432 13.215 21.248 4.068 13.406 20.164 4.344 14.572 20.739 2.888 12.715 20.687
5 24 2.432 13.215 21.248 2.888 12.715 20.687 4.068 13.406 20.164 .552 11.568 20.775
2 24 2.432 13.215 21.248 .552 11.568 20.775
5 24 .552 11.568 20.775 2.888 12.715 20.687 2.432 13.215 21.248 .994 11.154 20.167
2 24 .552 11.568 20.775 .994 11.154 20.167
5 24 -15.598 5.072 5.063 -15.082 6.293 8.252 -15.578 5.854 4.876 -15.398 5.578 8.755
5 24 -15.398 5.578 8.755 -15.082 6.293 8.252 -15.598 5.072 5.063 -13.913 7.43 11.896
5 24 -15.398 5.578 8.755 -13.913 7.43 11.896 -15.082 6.293 8.252 -14.136 6.575 12.481
5 24 -14.136 6.575 12.481 -13.913 7.43 11.896 -15.398 5.578 8.755 -11.468 8.699 14.109
5 24 -14.136 6.575 12.481 -11.468 8.699 14.109 -13.913 7.43 11.896 -11.708 7.645 15.282
2 24 -11.468 8.699 14.109 -13.913 7.43 11.896
5 24 -11.708 7.645 15.282 -11.468 8.699 14.109 -14.136 6.575 12.481 -8.311 9.803 15.888
5 24 -11.708 7.645 15.282 -8.311 9.803 15.888 -11.468 8.699 14.109 -8.502 8.626 16.919
2 24 -8.311 9.803 15.888 -11.468 8.699 14.109
5 24 -8.502 8.626 16.919 -8.311 9.803 15.888 -11.708 7.645 15.282 -6.184 9.156 17.65
5 24 -6.184 9.156 17.65 -8.311 9.803 15.888 -8.502 8.626 16.919 -5.865 10.346 17.007
2 24 -5.865 10.346 17.007 -8.311 9.803 15.888
5 24 -.824 9.936 20.948 -1.083 8.993 20.066 -.196 9.611 20.284 -1.776 9.427 20.417
5 24 -.196 9.611 20.284 -.824 9.936 20.948 -1.083 8.993 20.066 .36 10.358 20.455
5 24 -.824 9.936 20.948 -1.776 9.427 20.417 -1.083 8.993 20.066 -2.73 9.953 20.66
5 24 .36 10.358 20.455 -.824 9.936 20.948 -.196 9.611 20.284 .019 10.7 21.089
2 24 .36 10.358 20.455 .019 10.7 21.089
5 24 .019 10.7 21.089 -.824 9.936 20.948 .36 10.358 20.455 -1.188 11.889 22.112
5 24 -.824 9.936 20.948 -2.73 9.953 20.66 -1.776 9.427 20.417 -2.368 11.263 21.647
5 24 -.824 9.936 20.948 -2.368 11.263 21.647 -2.73 9.953 20.66 -1.188 11.889 22.112
5 24 -2.368 11.263 21.647 -2.73 9.953 20.66 -.824 9.936 20.948 -4.33 11.392 20.794
5 24 -1.188 11.889 22.112 -.824 9.936 20.948 .019 10.7 21.089 -2.368 11.263 21.647
2 24 .019 10.7 21.089 -1.188 11.889 22.112
5 24 -1.188 11.889 22.112 -2.368 11.263 21.647 -.824 9.936 20.948 -2.481 13.69 21.899
5 24 -2.368 11.263 21.647 -4.33 11.392 20.794 -2.73 9.953 20.66 -3.912 13.341 21.557
2 24 -4.33 11.392 20.794 -2.73 9.953 20.66
5 24 -2.481 13.69 21.899 -2.368 11.263 21.647 -1.188 11.889 22.112 -3.912 13.341 21.557
2 24 -1.188 11.889 22.112 -2.481 13.69 21.899
5 24 -2.481 13.69 21.899 -3.912 13.341 21.557 -2.368 11.263 21.647 -2.872 14.748 21.189
5 24 -3.912 13.341 21.557 -2.368 11.263 21.647 -2.481 13.69 21.899 -4.33 11.392 20.794
5 24 -3.912 13.341 21.557 -4.33 11.392 20.794 -2.368 11.263 21.647 -5.464 13.306 20.744
5 24 -3.912 13.341 21.557 -5.464 13.306 20.744 -4.33 11.392 20.794 -4.492 14.916 21.043
2 24 -5.464 13.306 20.744 -4.33 11.392 20.794
5 24 -2.872 14.748 21.189 -3.912 13.341 21.557 -2.481 13.69 21.899 -4.492 14.916 21.043
2 24 -2.481 13.69 21.899 -2.872 14.748 21.189
5 24 -4.492 14.916 21.043 -3.912 13.341 21.557 -2.872 14.748 21.189 -5.464 13.306 20.744
5 24 -4.492 14.916 21.043 -5.464 13.306 20.744 -3.912 13.341 21.557 -5.924 15.337 20.18
2 24 -5.924 15.337 20.18 -5.464 13.306 20.744
5 24 .552 11.568 20.775 .36 10.358 20.455 .994 11.154 20.167 .019 10.7 21.089
5 24 .552 11.568 20.775 .019 10.7 21.089 .36 10.358 20.455 -1.188 11.889 22.112
5 24 .552 11.568 20.775 -1.188 11.889 22.112 .019 10.7 21.089 -.72 13.039 21.246
2 24 .552 11.568 20.775 -.72 13.039 21.246
5 24 -.72 13.039 21.246 -1.188 11.889 22.112 .552 11.568 20.775 -2.481 13.69 21.899
5 24 -.72 13.039 21.246 -2.481 13.69 21.899 -1.188 11.889 22.112 -1.648 14.863 20.155
5 24 -1.648 14.863 20.155 -2.481 13.69 21.899 -.72 13.039 21.246 -2.872 14.748 21.189
2 24 -.72 13.039 21.246 -1.648 14.863 20.155
5 24 4.087 16.123 20.309 4.344 14.572 20.739 4.967 16.29 19.633 3.237 15.508 20.782
5 24 4.967 16.29 19.633 4.087 16.123 20.309 4.344 14.572 20.739 3.833 16.83 19.862
5 24 4.087 16.123 20.309 3.237 15.508 20.782 4.344 14.572 20.739 2.523 16.532 20.132
5 24 3.237 15.508 20.782 4.344 14.572 20.739 4.087 16.123 20.309 2.432 13.215 21.248
5 24 3.237 15.508 20.782 2.432 13.215 21.248 4.344 14.572 20.739 1.387 14.384 21.217
5 24 3.237 15.508 20.782 1.387 14.384 21.217 2.432 13.215 21.248 2.523 16.532 20.132
5 24 1.387 14.384 21.217 2.432 13.215 21.248 3.237 15.508 20.782 .552 11.568 20.775
5 24 3.833 16.83 19.862 4.087 16.123 20.309 4.967 16.29 19.633 2.523 16.532 20.132
5 24 4.967 16.29 19.633 3.833 16.83 19.862 4.087 16.123 20.309 4.702 17.423 18.95
5 24 1.387 14.384 21.217 .552 11.568 20.775 2.432 13.215 21.248 -.72 13.039 21.246
5 24 1.387 14.384 21.217 -.72 13.039 21.246 .552 11.568 20.775 .417 15.852 20.137
5 24 4.087 16.123 20.309 2.523 16.532 20.132 3.237 15.508 20.782 3.833 16.83 19.862
5 24 2.523 16.532 20.132 3.237 15.508 20.782 4.087 16.123 20.309 1.387 14.384 21.217
5 24 2.523 16.532 20.132 1.387 14.384 21.217 3.237 15.508 20.782 .417 15.852 20.137
5 24 .417 15.852 20.137 1.387 14.384 21.217 2.523 16.532 20.132 -.72 13.039 21.246
5 24 .417 15.852 20.137 -.72 13.039 21.246 1.387 14.384 21.217 -1.648 14.863 20.155
5 24 -5.865 10.346 17.007 -8.409 10.497 16.46 -8.311 9.803 15.888 -5.255 11.34 17.511
5 24 -8.409 10.497 16.46 -8.311 9.803 15.888 -5.865 10.346 17.007 -11.811 9.31 14.32
5 24 -11.811 9.31 14.32 -8.311 9.803 15.888 -8.409 10.497 16.46 -11.468 8.699 14.109
5 24 -11.811 9.31 14.32 -11.468 8.699 14.109 -8.311 9.803 15.888 -13.913 7.43 11.896
5 24 -13.132 12.359 10.036 -12.913 12.845 9.256 -13.739 11.713 7.436 -11.492 14.02 11.284
5 24 -13.132 12.359 10.036 -11.492 14.02 11.284 -12.913 12.845 9.256 -11.871 13.224 12.59
5 24 -11.871 13.224 12.59 -11.492 14.02 11.284 -13.132 12.359 10.036 -9.508 15.194 13.231
5 24 -11.871 13.224 12.59 -9.508 15.194 13.231 -11.492 14.02 11.284 -9.241 14.427 15.229
5 24 -9.241 14.427 15.229 -9.508 15.194 13.231 -11.871 13.224 12.59 -7.511 15.975 14.177
5 24 -9.241 14.427 15.229 -7.511 15.975 14.177 -9.508 15.194 13.231 -7.05 15.759 15.336
5 24 -9.241 14.427 15.229 -7.05 15.759 15.336 -7.511 15.975 14.177 -6.93 15.049 16.446
2 24 -6.93 15.049 16.446 -7.05 15.759 15.336
5 24 -4.33 11.392 20.794 -4.256 10.662 19.888 -2.73 9.953 20.66 -4.944 11.174 18.7
5 24 -4.33 11.392 20.794 -4.944 11.174 18.7 -4.256 10.662 19.888 -5.734 12.386 19.058
5 24 -4.33 11.392 20.794 -5.734 12.386 19.058 -4.944 11.174 18.7 -5.464 13.306 20.744
5 24 -5.734 12.386 19.058 -4.944 11.174 18.7 -4.33 11.392 20.794 -5.255 11.34 17.511
5 24 -5.734 12.386 19.058 -5.255 11.34 17.511 -4.944 11.174 18.7 -6.149 12.834 17.156
5 24 -5.734 12.386 19.058 -6.149 12.834 17.156 -5.255 11.34 17.511 -6.356 13.881 19.157
5 24 -6.356 13.881 19.157 -6.149 12.834 17.156 -5.734 12.386 19.058 -6.713 14.508 17.709
5 24 -5.734 12.386 19.058 -6.356 13.881 19.157 -6.149 12.834 17.156 -5.464 13.306 20.744
5 24 -6.356 13.881 19.157 -6.713 14.508 17.709 -6.149 12.834 17.156 -6.81 15.68 18.222
5 24 -6.713 14.508 17.709 -6.149 12.834 17.156 -6.356 13.881 19.157 -6.419 13.591 16.42
5 24 -6.713 14.508 17.709 -6.419 13.591 16.42 -6.149 12.834 17.156 -6.93 15.049 16.446
5 24 -6.713 14.508 17.709 -6.93 15.049 16.446 -6.419 13.591 16.42 -6.81 15.68 18.222
5 24 -5.464 13.306 20.744 -5.734 12.386 19.058 -4.33 11.392 20.794 -6.356 13.881 19.157
5 24 -5.464 13.306 20.744 -6.356 13.881 19.157 -5.734 12.386 19.058 -5.924 15.337 20.18
5 24 -6.713 14.508 17.709 -6.81 15.68 18.222 -6.93 15.049 16.446 -6.356 13.881 19.157
5 24 -6.81 15.68 18.222 -6.93 15.049 16.446 -6.713 14.508 17.709 -7.05 15.759 15.336
5 24 -6.356 13.881 19.157 -6.81 15.68 18.222 -6.713 14.508 17.709 -5.924 15.337 20.18
5 24 -5.924 15.337 20.18 -6.356 13.881 19.157 -5.464 13.306 20.744 -6.81 15.68 18.222
5 24 5.567 29.74 14.187 .398 33.151 13.847 6.867 33.367 14.272 .096 29.896 13.64
2 24 5.567 29.74 14.187 .096 29.896 13.64
5 24 .096 29.896 13.64 .398 33.151 13.847 5.567 29.74 14.187 -5.404 29.778 13.903
5 24 .398 33.151 13.847 6.568 34.843 14.248 6.867 33.367 14.272 .657 35.023 13.899
5 24 .398 33.151 13.847 .657 35.023 13.899 6.568 34.843 14.248 -5.262 35.138 13.945
2 24 .657 35.023 13.899 6.568 34.843 14.248
2 24 .096 29.896 13.64 -5.404 29.778 13.903
5 24 -6.081 32.93 14.127 .398 33.151 13.847 -5.404 29.778 13.903 -5.262 35.138 13.945
5 24 .398 33.151 13.847 -5.262 35.138 13.945 .657 35.023 13.899 -6.081 32.93 14.127
2 24 -5.262 35.138 13.945 .657 35.023 13.899
5 24 6.374 36.836 14.95 .657 35.023 13.899 .677 36.868 14.51 6.568 34.843 14.248
5 24 .657 35.023 13.899 .677 36.868 14.51 6.374 36.836 14.95 -5.031 36.527 14.565
2 24 .677 36.868 14.51 6.374 36.836 14.95
5 24 .657 35.023 13.899 -5.031 36.527 14.565 .677 36.868 14.51 -5.262 35.138 13.945
2 24 -5.031 36.527 14.565 .677 36.868 14.51
5 24 7.073 40.208 15.133 .677 36.868 14.51 6.998 40.77 15.137 6.374 36.836 14.95
5 24 .677 36.868 14.51 6.812 41.259 15.129 6.998 40.77 15.137 4.982 42.064 15.219
2 24 4.982 42.064 15.219 6.812 41.259 15.129
5 24 .677 36.868 14.51 3.46 42.111 15.213 4.982 42.064 15.219 .165 41.764 15.098
2 24 3.46 42.111 15.213 4.982 42.064 15.219
5 24 .677 36.868 14.51 .165 41.764 15.098 3.46 42.111 15.213 -2.171 41.942 15.008
2 24 .165 41.764 15.098 3.46 42.111 15.213
5 24 .677 36.868 14.51 -2.171 41.942 15.008 .165 41.764 15.098 -3.917 41.902 14.915
2 24 -2.171 41.942 15.008 .165 41.764 15.098
5 24 .677 36.868 14.51 -3.917 41.902 14.915 -2.171 41.942 15.008 -5.99 40.784 14.814
2 24 -3.917 41.902 14.915 -2.171 41.942 15.008
5 24 .677 36.868 14.51 -5.99 40.784 14.814 -3.917 41.902 14.915 -6.129 40.26 14.877
2 24 -5.99 40.784 14.814 -3.917 41.902 14.915
5 24 .677 36.868 14.51 -6.129 40.26 14.877 -5.99 40.784 14.814 -6.081 39.527 14.835
5 24 .677 36.868 14.51 -6.081 39.527 14.835 -6.129 40.26 14.877 -5.031 36.527 14.565
5 24 4.982 42.064 15.219 6.341 41.816 15.405 6.812 41.259 15.129 5.06 42.455 15.473
5 24 4.982 42.064 15.219 5.06 42.455 15.473 6.341 41.816 15.405 3.438 42.509 15.463
2 24 5.06 42.455 15.473 6.341 41.816 15.405
2 24 3.438 42.509 15.463 5.06 42.455 15.473
5 24 3.46 42.111 15.213 3.438 42.509 15.463 4.982 42.064 15.219 .24 42.121 15.314
2 24 .24 42.121 15.314 3.438 42.509 15.463
5 24 .165 41.764 15.098 .24 42.121 15.314 3.46 42.111 15.213 -2.118 42.377 15.369
5 24 .165 41.764 15.098 -2.118 42.377 15.369 .24 42.121 15.314 -2.171 41.942 15.008
2 24 -2.118 42.377 15.369 .24 42.121 15.314
5 24 -2.171 41.942 15.008 -2.118 42.377 15.369 .165 41.764 15.098 -3.917 41.902 14.915
5 24 -3.917 41.902 14.915 -2.118 42.377 15.369 -2.171 41.942 15.008 -4.033 42.328 15.365
5 24 -3.917 41.902 14.915 -4.033 42.328 15.365 -2.118 42.377 15.369 -5.819 41.434 15.205
2 24 -4.033 42.328 15.365 -2.118 42.377 15.369
2 24 -5.819 41.434 15.205 -4.033 42.328 15.365
5 24 -3.917 41.902 14.915 -5.819 41.434 15.205 -4.033 42.328 15.365 -5.99 40.784 14.814
2 24 6.341 41.816 15.405 6.62 46.855 15.694
5 24 6.62 46.855 15.694 6.418 46.553 18.622 6.208 41.976 17.369 6.214 50.859 16.341
5 24 6.418 46.553 18.622 6.208 41.976 17.369 6.62 46.855 15.694 5.815 41.918 19.691
5 24 6.214 50.859 16.341 6.418 46.553 18.622 6.62 46.855 15.694 6.119 50.36 19.444
2 24 6.62 46.855 15.694 6.214 50.859 16.341
5 24 6.214 50.859 16.341 6.119 50.36 19.444 6.418 46.553 18.622 5.768 52.96 16.818
5 24 6.119 50.36 19.444 6.418 46.553 18.622 6.214 50.859 16.341 6.091 47.829 20.808
5 24 5.768 52.96 16.818 6.119 50.36 19.444 6.214 50.859 16.341 5.701 52.603 20.162
2 24 6.214 50.859 16.341 5.768 52.96 16.818
5 24 5.768 52.96 16.818 5.701 52.603 20.162 6.119 50.36 19.444 4.888 54.158 19.713
5 24 5.701 52.603 20.162 6.119 50.36 19.444 5.768 52.96 16.818 5.843 50.221 21.797
5 24 5.768 52.96 16.818 4.888 54.158 19.713 5.701 52.603 20.162 4.841 54.345 17.117
5 24 4.888 54.158 19.713 5.701 52.603 20.162 5.768 52.96 16.818 4.971 53.888 21.84
2 24 5.768 52.96 16.818 4.841 54.345 17.117
2 24 4.841 54.345 17.117 4.888 54.158 19.713
5 24 5.701 52.603 20.162 5.843 50.221 21.797 6.119 50.36 19.444 5.123 52.95 22.425
5 24 5.843 50.221 21.797 6.119 50.36 19.444 5.701 52.603 20.162 6.091 47.829 20.808
5 24 5.701 52.603 20.162 5.123 52.95 22.425 5.843 50.221 21.797 4.971 53.888 21.84
2 24 5.123 52.95 22.425 5.843 50.221 21.797
5 24 4.971 53.888 21.84 5.701 52.603 20.162 4.888 54.158 19.713 5.123 52.95 22.425
2 24 4.888 54.158 19.713 4.971 53.888 21.84
2 24 4.971 53.888 21.84 5.123 52.95 22.425
5 24 6.091 47.829 20.808 6.418 46.553 18.622 6.119 50.36 19.444 6.038 46.483 21.066
2 24 5.843 50.221 21.797 6.091 47.829 20.808
2 24 6.091 47.829 20.808 6.038 46.483 21.066
5 24 6.038 46.483 21.066 6.418 46.553 18.622 6.091 47.829 20.808 5.815 41.918 19.691
5 24 5.815 41.918 19.691 6.418 46.553 18.622 6.038 46.483 21.066 6.208 41.976 17.369
5 24 6.038 46.483 21.066 5.815 41.918 19.691 6.418 46.553 18.622 6.127 45.044 22.169
5 24 6.038 46.483 21.066 6.127 45.044 22.169 5.815 41.918 19.691 4.314 49.469 23.531
5 24 6.127 45.044 22.169 5.815 41.918 19.691 6.038 46.483 21.066 5.441 41.721 21.119
5 24 6.127 45.044 22.169 5.441 41.721 21.119 5.815 41.918 19.691 4.809 41.667 21.979
5 24 6.127 45.044 22.169 4.809 41.667 21.979 5.441 41.721 21.119 5.232 44.885 23.137
5 24 6.127 45.044 22.169 5.232 44.885 23.137 4.809 41.667 21.979 4.314 49.469 23.531
2 24 5.232 44.885 23.137 4.809 41.667 21.979
5 24 6.038 46.483 21.066 4.314 49.469 23.531 6.127 45.044 22.169 4.718 49.715 22.534
5 24 4.314 49.469 23.531 6.127 45.044 22.169 6.038 46.483 21.066 5.232 44.885 23.137
5 24 4.314 49.469 23.531 5.232 44.885 23.137 6.127 45.044 22.169 3.683 49.396 23.977
2 24 6.038 46.483 21.066 4.718 49.715 22.534
5 24 4.718 49.715 22.534 4.314 49.469 23.531 6.038 46.483 21.066 3.629 52.985 22.918
5 24 4.314 49.469 23.531 3.683 49.396 23.977 5.232 44.885 23.137 3.049 52.977 23.936
2 24 3.683 49.396 23.977 5.232 44.885 23.137
5 24 3.629 52.985 22.918 4.314 49.469 23.531 4.718 49.715 22.534 3.049 52.977 23.936
2 24 4.718 49.715 22.534 3.629 52.985 22.918
5 24 3.629 52.985 22.918 3.049 52.977 23.936 4.314 49.469 23.531 3.307 54.434 22.098
5 24 3.049 52.977 23.936 4.314 49.469 23.531 3.629 52.985 22.918 3.683 49.396 23.977
5 24 3.049 52.977 23.936 3.683 49.396 23.977 4.314 49.469 23.531 2.465 52.941 24.19
5 24 3.049 52.977 23.936 2.465 52.941 24.19 3.683 49.396 23.977 2.203 54.801 23.901
2 24 2.465 52.941 24.19 3.683 49.396 23.977
5 24 3.307 54.434 22.098 3.049 52.977 23.936 3.629 52.985 22.918 2.698 55.236 23.221
2 24 3.629 52.985 22.918 3.307 54.434 22.098
5 24 3.307 54.434 22.098 2.698 55.236 23.221 3.049 52.977 23.936 2.574 55.671 20.861
5 24 2.698 55.236 23.221 3.049 52.977 23.936 3.307 54.434 22.098 2.203 54.801 23.901
2 24 2.574 55.671 20.861 2.698 55.236 23.221
5 24 3.307 54.434 22.098 2.574 55.671 20.861 2.698 55.236 23.221 3.535 54.62 19.833
2 24 3.307 54.434 22.098 3.535 54.62 19.833
5 24 3.535 54.62 19.833 2.574 55.671 20.861 3.307 54.434 22.098 2.635 55.703 17.849
2 24 2.635 55.703 17.849 2.574 55.671 20.861
5 24 3.535 54.62 19.833 2.635 55.703 17.849 2.574 55.671 20.861 3.561 54.72 17.534
2 24 3.535 54.62 19.833 3.561 54.72 17.534
2 24 3.561 54.72 17.534 2.635 55.703 17.849
5 24 3.049 52.977 23.936 2.203 54.801 23.901 2.465 52.941 24.19 2.698 55.236 23.221
2 24 2.203 54.801 23.901 2.465 52.941 24.19
2 24 2.698 55.236 23.221 2.203 54.801 23.901
5 24 6.62 46.855 15.694 5.06 42.455 15.473 4.111 46.757 15.789 6.341 41.816 15.405
5 24 5.06 42.455 15.473 4.111 46.757 15.789 6.62 46.855 15.694 3.438 42.509 15.463
5 24 4.111 46.757 15.789 6.62 46.855 15.694 5.06 42.455 15.473 6.214 50.859 16.341
5 24 3.438 42.509 15.463 .167 46.618 15.777 4.111 46.757 15.789 .24 42.121 15.314
5 24 .167 46.618 15.777 4.111 46.757 15.789 3.438 42.509 15.463 3.694 51.862 17.089
5 24 .24 42.121 15.314 .167 46.618 15.777 3.438 42.509 15.463 -2.118 42.377 15.369
5 24 4.111 46.757 15.789 6.214 50.859 16.341 6.62 46.855 15.694 3.694 51.862 17.089
5 24 4.111 46.757 15.789 3.694 51.862 17.089 6.214 50.859 16.341 .167 46.618 15.777
5 24 3.694 51.862 17.089 6.214 50.859 16.341 4.111 46.757 15.789 5.768 52.96 16.818
5 24 .167 46.618 15.777 3.694 51.862 17.089 4.111 46.757 15.789 -.026 51.775 17.574
5 24 -2.118 42.377 15.369 .167 46.618 15.777 .24 42.121 15.314 -3.244 46.51 15.701
5 24 -2.118 42.377 15.369 -3.244 46.51 15.701 .167 46.618 15.777 -4.033 42.328 15.365
5 24 -3.244 46.51 15.701 .167 46.618 15.777 -2.118 42.377 15.369 -2.941 51.85 17.311
5 24 -4.033 42.328 15.365 -3.244 46.51 15.701 -2.118 42.377 15.369 -6.587 46.411 15.528
5 24 .167 46.618 15.777 -.026 51.775 17.574 3.694 51.862 17.089 -2.941 51.85 17.311
5 24 -.026 51.775 17.574 3.694 51.862 17.089 .167 46.618 15.777 1.919 54.462 17.923
5 24 3.694 51.862 17.089 5.768 52.96 16.818 6.214 50.859 16.341 4.841 54.345 17.117
5 24 -6.587 46.411 15.528 -3.244 46.51 15.701 -4.033 42.328 15.365 -6.307 51.052 16.232
2 24 -5.819 41.434 15.205 -6.587 46.411 15.528
5 24 3.694 51.862 17.089 4.841 54.345 17.117 5.768 52.96 16.818 3.561 54.72 17.534
5 24 3.694 51.862 17.089 3.561 54.72 17.534 4.841 54.345 17.117 1.919 54.462 17.923
2 24 3.561 54.72 17.534 4.841 54.345 17.117
5 24 -2.941 51.85 17.311 .167 46.618 15.777 -3.244 46.51 15.701 -.026 51.775 17.574
5 24 -3.244 46.51 15.701 -2.941 51.85 17.311 .167 46.618 15.777 -6.307 51.052 16.232
5 24 -2.941 51.85 17.311 -.026 51.775 17.574 .167 46.618 15.777 -2.501 54.12 18.005
5 24 1.919 54.462 17.923 3.561 54.72 17.534 3.694 51.862 17.089 2.635 55.703 17.849
5 24 3.694 51.862 17.089 1.919 54.462 17.923 3.561 54.72 17.534 -.026 51.775 17.574
5 24 -.026 51.775 17.574 1.919 54.462 17.923 3.694 51.862 17.089 -.118 54.153 18.181
5 24 1.919 54.462 17.923 2.635 55.703 17.849 3.561 54.72 17.534 1.151 55.743 18.163
5 24 -.026 51.775 17.574 -.118 54.153 18.181 1.919 54.462 17.923 -2.501 54.12 18.005
5 24 -.118 54.153 18.181 1.919 54.462 17.923 -.026 51.775 17.574 1.151 55.743 18.163
5 24 1.919 54.462 17.923 1.151 55.743 18.163 2.635 55.703 17.849 -.118 54.153 18.181
2 24 1.151 55.743 18.163 2.635 55.703 17.849
5 24 -.118 54.153 18.181 1.151 55.743 18.163 1.919 54.462 17.923 -.396 55.68 18.306
5 24 -6.307 51.052 16.232 -3.244 46.51 15.701 -6.587 46.411 15.528 -2.941 51.85 17.311
2 24 -6.587 46.411 15.528 -6.307 51.052 16.232
5 24 -6.307 51.052 16.232 -2.941 51.85 17.311 -3.244 46.51 15.701 -6.052 53.589 16.853
5 24 -.118 54.153 18.181 -.396 55.68 18.306 1.151 55.743 18.163 -2.135 55.664 18.153
2 24 -.396 55.68 18.306 1.151 55.743 18.163
5 24 -.026 51.775 17.574 -2.501 54.12 18.005 -.118 54.153 18.181 -2.941 51.85 17.311
5 24 -2.501 54.12 18.005 -.118 54.153 18.181 -.026 51.775 17.574 -2.135 55.664 18.153
5 24 -2.941 51.85 17.311 -2.501 54.12 18.005 -.026 51.775 17.574 -4.811 54.296 17.388
5 24 -.118 54.153 18.181 -2.135 55.664 18.153 -.396 55.68 18.306 -2.501 54.12 18.005
2 24 -2.135 55.664 18.153 -.396 55.68 18.306
5 24 -2.501 54.12 18.005 -2.135 55.664 18.153 -.118 54.153 18.181 -3.997 55.481 17.754
2 24 -6.307 51.052 16.232 -6.052 53.589 16.853
5 24 -6.052 53.589 16.853 -2.941 51.85 17.311 -6.307 51.052 16.232 -4.811 54.296 17.388
5 24 -4.811 54.296 17.388 -2.501 54.12 18.005 -2.941 51.85 17.311 -3.997 55.481 17.754
2 24 -6.052 53.589 16.853 -4.811 54.296 17.388
5 24 -2.501 54.12 18.005 -3.997 55.481 17.754 -2.135 55.664 18.153 -4.811 54.296 17.388
2 24 -3.997 55.481 17.754 -2.135 55.664 18.153
2 24 -4.811 54.296 17.388 -3.997 55.481 17.754
5 24 5.232 44.885 23.137 3.932 41.776 22.462 4.809 41.667 21.979 4.244 44.863 23.392
5 24 5.232 44.885 23.137 4.244 44.863 23.392 3.932 41.776 22.462 3.683 49.396 23.977
5 24 4.244 44.863 23.392 3.932 41.776 22.462 5.232 44.885 23.137 3.172 44.887 23.051
5 24 4.244 44.863 23.392 3.172 44.887 23.051 3.932 41.776 22.462 3.066 49.347 24.01
5 24 3.172 44.887 23.051 3.932 41.776 22.462 4.244 44.863 23.392 2.997 41.89 22.266
2 24 3.172 44.887 23.051 2.997 41.89 22.266
5 24 3.683 49.396 23.977 4.244 44.863 23.392 5.232 44.885 23.137 3.066 49.347 24.01
5 24 3.683 49.396 23.977 3.066 49.347 24.01 4.244 44.863 23.392 2.465 52.941 24.19
5 24 3.066 49.347 24.01 4.244 44.863 23.392 3.683 49.396 23.977 3.172 44.887 23.051
5 24 3.066 49.347 24.01 3.172 44.887 23.051 4.244 44.863 23.392 2.364 49.262 23.894
5 24 3.066 49.347 24.01 2.364 49.262 23.894 3.172 44.887 23.051 1.451 52.167 24.213
2 24 2.364 49.262 23.894 3.172 44.887 23.051
5 24 2.465 52.941 24.19 3.066 49.347 24.01 3.683 49.396 23.977 1.982 52.906 24.264
5 24 2.465 52.941 24.19 1.982 52.906 24.264 3.066 49.347 24.01 2.203 54.801 23.901
5 24 1.982 52.906 24.264 3.066 49.347 24.01 2.465 52.941 24.19 1.451 52.167 24.213
5 24 3.066 49.347 24.01 1.451 52.167 24.213 2.364 49.262 23.894 1.982 52.906 24.264
2 24 1.451 52.167 24.213 2.364 49.262 23.894
5 24 1.982 52.906 24.264 1.451 52.167 24.213 3.066 49.347 24.01 .276 53.649 24.046
5 24 1.982 52.906 24.264 .276 53.649 24.046 1.451 52.167 24.213 1.453 54.771 23.966
2 24 .276 53.649 24.046 1.451 52.167 24.213
5 24 2.203 54.801 23.901 1.982 52.906 24.264 2.465 52.941 24.19 1.453 54.771 23.966
2 24 2.203 54.801 23.901 1.453 54.771 23.966
5 24 1.453 54.771 23.966 1.982 52.906 24.264 2.203 54.801 23.901 .276 53.649 24.046
5 24 1.453 54.771 23.966 .276 53.649 24.046 1.982 52.906 24.264 .049 54.677 23.62
2 24 1.453 54.771 23.966 .049 54.677 23.62
2 24 .049 54.677 23.62 .276 53.649 24.046
5 24 2.997 41.89 22.266 2.052 44.32 24.512 1.932 41.503 23.016 3.172 44.887 23.051
2 24 2.052 44.32 24.512 1.932 41.503 23.016
5 24 3.172 44.887 23.051 2.052 44.32 24.512 2.997 41.89 22.266 1.572 48.646 25.359
5 24 3.172 44.887 23.051 1.572 48.646 25.359 2.052 44.32 24.512 2.364 49.262 23.894
2 24 1.572 48.646 25.359 2.052 44.32 24.512
5 24 2.364 49.262 23.894 1.572 48.646 25.359 3.172 44.887 23.051 .681 51.619 25.106
5 24 2.364 49.262 23.894 .681 51.619 25.106 1.572 48.646 25.359 1.451 52.167 24.213
2 24 .681 51.619 25.106 1.572 48.646 25.359
5 24 1.451 52.167 24.213 .681 51.619 25.106 2.364 49.262 23.894 .108 53.059 24.816
5 24 1.451 52.167 24.213 .108 53.059 24.816 .681 51.619 25.106 .276 53.649 24.046
2 24 .108 53.059 24.816 .681 51.619 25.106
2 24 .276 53.649 24.046 .108 53.059 24.816
5 24 6.091 47.829 20.808 4.718 49.715 22.534 6.038 46.483 21.066 5.843 50.221 21.797
5 24 5.843 50.221 21.797 4.718 49.715 22.534 6.091 47.829 20.808 5.123 52.95 22.425
5 24 5.123 52.95 22.425 4.718 49.715 22.534 5.843 50.221 21.797 3.629 52.985 22.918
5 24 5.123 52.95 22.425 3.629 52.985 22.918 4.718 49.715 22.534 4.971 53.888 21.84
5 24 4.971 53.888 21.84 3.629 52.985 22.918 5.123 52.95 22.425 3.307 54.434 22.098
2 24 4.971 53.888 21.84 3.307 54.434 22.098
5 24 .143 43.861 24.588 1.932 41.503 23.016 2.052 44.32 24.512 .04 40.849 22.934
5 24 2.052 44.32 24.512 .143 43.861 24.588 1.932 41.503 23.016 -.035 47.834 25.66
2 24 .143 43.861 24.588 .04 40.849 22.934
5 24 2.052 44.32 24.512 -.035 47.834 25.66 .143 43.861 24.588 1.572 48.646 25.359
2 24 -.035 47.834 25.66 .143 43.861 24.588
5 24 1.572 48.646 25.359 -.035 47.834 25.66 2.052 44.32 24.512 -.362 50.957 25.178
5 24 1.572 48.646 25.359 -.362 50.957 25.178 -.035 47.834 25.66 .681 51.619 25.106
2 24 -.362 50.957 25.178 -.035 47.834 25.66
5 24 .681 51.619 25.106 -.362 50.957 25.178 1.572 48.646 25.359 -1.05 53.015 24.668
5 24 .681 51.619 25.106 -1.05 53.015 24.668 -.362 50.957 25.178 -.501 53.188 24.757
2 24 -1.05 53.015 24.668 -.362 50.957 25.178
5 24 .681 51.619 25.106 -.501 53.188 24.757 -1.05 53.015 24.668 .108 53.059 24.816
2 24 -.501 53.188 24.757 -1.05 53.015 24.668
2 24 .108 53.059 24.816 -.501 53.188 24.757
5 24 -5.432 41.314 17.748 -6.587 46.411 15.528 -5.819 41.434 15.205 -6.274 46.025 18.907
5 24 -5.432 41.314 17.748 -6.274 46.025 18.907 -6.587 46.411 15.528 -5.951 44.16 22.015
5 24 -6.274 46.025 18.907 -6.587 46.411 15.528 -5.432 41.314 17.748 -6.307 51.052 16.232
5 24 -5.432 41.314 17.748 -5.951 44.16 22.015 -6.274 46.025 18.907 -4.979 40.978 19.986
5 24 -5.951 44.16 22.015 -6.274 46.025 18.907 -5.432 41.314 17.748 -5.794 47.563 21.268
5 24 -4.979 40.978 19.986 -5.951 44.16 22.015 -5.432 41.314 17.748 -4.683 40.809 21.113
5 24 -4.683 40.809 21.113 -5.951 44.16 22.015 -4.979 40.978 19.986 -5.475 43.748 22.946
2 24 -4.683 40.809 21.113 -5.475 43.748 22.946
5 24 -5.475 43.748 22.946 -5.951 44.16 22.015 -4.683 40.809 21.113 -5.496 48.089 23.407
5 24 -6.274 46.025 18.907 -6.049 50.723 19.469 -6.307 51.052 16.232 -5.794 47.563 21.268
5 24 -6.049 50.723 19.469 -6.307 51.052 16.232 -6.274 46.025 18.907 -6.052 53.589 16.853
5 24 -5.951 44.16 22.015 -5.794 47.563 21.268 -6.274 46.025 18.907 -5.496 48.089 23.407
5 24 -5.794 47.563 21.268 -6.274 46.025 18.907 -5.951 44.16 22.015 -6.049 50.723 19.469
5 24 -5.794 47.563 21.268 -6.049 50.723 19.469 -6.274 46.025 18.907 -5.789 50.727 21.752
2 24 -5.794 47.563 21.268 -5.789 50.727 21.752
5 24 -5.789 50.727 21.752 -6.049 50.723 19.469 -5.794 47.563 21.268 -5.773 53.601 20.164
5 24 -5.475 43.748 22.946 -5.496 48.089 23.407 -5.951 44.16 22.015 -5.017 47.897 24.218
5 24 -5.496 48.089 23.407 -5.951 44.16 22.015 -5.475 43.748 22.946 -5.794 47.563 21.268
5 24 -5.496 48.089 23.407 -5.794 47.563 21.268 -5.951 44.16 22.015 -5.278 49.131 22.624
2 24 -5.475 43.748 22.946 -5.017 47.897 24.218
5 24 -5.017 47.897 24.218 -5.496 48.089 23.407 -5.475 43.748 22.946 -4.469 50.236 23.947
5 24 -5.496 48.089 23.407 -5.278 49.131 22.624 -5.794 47.563 21.268 -4.469 50.236 23.947
5 24 -5.278 49.131 22.624 -5.794 47.563 21.268 -5.496 48.089 23.407 -5.442 50.008 22.394
5 24 -6.049 50.723 19.469 -5.773 53.601 20.164 -6.052 53.589 16.853 -5.789 50.727 21.752
2 24 -5.773 53.601 20.164 -6.052 53.589 16.853
5 24 -5.496 48.089 23.407 -4.469 50.236 23.947 -5.278 49.131 22.624 -5.017 47.897 24.218
5 24 -4.469 50.236 23.947 -5.278 49.131 22.624 -5.496 48.089 23.407 -4.682 50.53 23.302
5 24 -5.017 47.897 24.218 -4.469 50.236 23.947 -5.496 48.089 23.407 -4.022 50.217 24.324
5 24 -4.469 50.236 23.947 -4.682 50.53 23.302 -5.278 49.131 22.624 -4.314 51.612 23.412
5 24 -4.682 50.53 23.302 -5.278 49.131 22.624 -4.469 50.236 23.947 -5.442 50.008 22.394
2 24 -5.017 47.897 24.218 -4.022 50.217 24.324
5 24 -4.022 50.217 24.324 -4.469 50.236 23.947 -5.017 47.897 24.218 -3.842 51.528 24.046
5 24 -4.022 50.217 24.324 -3.842 51.528 24.046 -4.469 50.236 23.947 -3.531 51.425 24.3
5 24 -3.842 51.528 24.046 -4.469 50.236 23.947 -4.022 50.217 24.324 -4.314 51.612 23.412
2 24 -4.022 50.217 24.324 -3.531 51.425 24.3
5 24 -3.531 51.425 24.3 -3.842 51.528 24.046 -4.022 50.217 24.324 -3.196 53.382 24.035
5 24 -4.469 50.236 23.947 -4.314 51.612 23.412 -4.682 50.53 23.302 -3.842 51.528 24.046
2 24 -4.314 51.612 23.412 -4.682 50.53 23.302
5 24 -3.842 51.528 24.046 -4.314 51.612 23.412 -4.469 50.236 23.947 -3.965 52.958 23.112
2 24 -5.789 50.727 21.752 -5.556 53.448 22.281
2 24 -5.556 53.448 22.281 -5.773 53.601 20.164
5 24 .04 40.849 22.934 -.896 43.84 23.616 -1.055 40.981 22.119 .143 43.861 24.588
2 24 -.896 43.84 23.616 -1.055 40.981 22.119
5 24 .143 43.861 24.588 -.896 43.84 23.616 .04 40.849 22.934 -.897 47.912 24.878
2 24 -.897 47.912 24.878 -.896 43.84 23.616
5 24 -.035 47.834 25.66 -.897 47.912 24.878 .143 43.861 24.588 -.362 50.957 25.178
5 24 -.362 50.957 25.178 -.897 47.912 24.878 -.035 47.834 25.66 -1.18 50.741 24.228
5 24 -.362 50.957 25.178 -1.18 50.741 24.228 -.897 47.912 24.878 -1.05 53.015 24.668
2 24 -1.18 50.741 24.228 -.897 47.912 24.878
5 24 -1.05 53.015 24.668 -1.18 50.741 24.228 -.362 50.957 25.178 -1.665 53.369 24.083
2 24 -1.05 53.015 24.668 -1.665 53.369 24.083
2 24 -1.665 53.369 24.083 -1.18 50.741 24.228
5 24 -1.055 40.981 22.119 -2.615 43.329 24.027 -2.261 40.835 22.396 -.896 43.84 23.616
2 24 -2.615 43.329 24.027 -2.261 40.835 22.396
5 24 -.896 43.84 23.616 -2.615 43.329 24.027 -1.055 40.981 22.119 -2.155 47.718 25.403
5 24 -.896 43.84 23.616 -2.155 47.718 25.403 -2.615 43.329 24.027 -.897 47.912 24.878
2 24 -2.155 47.718 25.403 -2.615 43.329 24.027
5 24 -.897 47.912 24.878 -2.155 47.718 25.403 -.896 43.84 23.616 -2.345 50.94 24.504
2 24 -2.345 50.94 24.504 -2.155 47.718 25.403
5 24 -.897 47.912 24.878 -2.345 50.94 24.504 -2.155 47.718 25.403 -1.18 50.741 24.228
5 24 -1.18 50.741 24.228 -2.345 50.94 24.504 -.897 47.912 24.878 -1.665 53.369 24.083
5 24 -1.665 53.369 24.083 -2.345 50.94 24.504 -1.18 50.741 24.228 -2.462 53.394 24.185
5 24 -1.665 53.369 24.083 -2.462 53.394 24.185 -2.345 50.94 24.504 -1.75 55.192 23.785
5 24 -2.462 53.394 24.185 -2.345 50.94 24.504 -1.665 53.369 24.083 -3.1 51.304 24.329
5 24 -2.462 53.394 24.185 -3.1 51.304 24.329 -2.345 50.94 24.504 -3.196 53.382 24.035
5 24 -3.1 51.304 24.329 -2.345 50.94 24.504 -2.462 53.394 24.185 -3.531 50.162 24.382
5 24 -2.462 53.394 24.185 -3.196 53.382 24.035 -3.1 51.304 24.329 -2.505 55.258 23.785
5 24 -3.196 53.382 24.035 -3.1 51.304 24.329 -2.462 53.394 24.185 -3.531 51.425 24.3
5 24 -3.196 53.382 24.035 -3.531 51.425 24.3 -3.1 51.304 24.329 -3.842 51.528 24.046
5 24 -3.531 51.425 24.3 -3.1 51.304 24.329 -3.196 53.382 24.035 -3.531 50.162 24.382
5 24 -3.196 53.382 24.035 -3.842 51.528 24.046 -3.531 51.425 24.3 -3.965 52.958 23.112
5 24 -3.196 53.382 24.035 -3.965 52.958 23.112 -3.842 51.528 24.046 -3.785 54.101 23.214
5 24 -3.965 52.958 23.112 -3.842 51.528 24.046 -3.196 53.382 24.035 -4.314 51.612 23.412
2 24 -3.965 52.958 23.112 -4.314 51.612 23.412
5 24 -1.75 55.192 23.785 -2.462 53.394 24.185 -1.665 53.369 24.083 -2.505 55.258 23.785
2 24 -1.665 53.369 24.083 -1.75 55.192 23.785
2 24 -1.75 55.192 23.785 -2.505 55.258 23.785
5 24 -2.505 55.258 23.785 -2.462 53.394 24.185 -1.75 55.192 23.785 -3.196 53.382 24.035
5 24 -2.505 55.258 23.785 -3.196 53.382 24.035 -2.462 53.394 24.185 -3.208 55.291 23.51
5 24 -3.196 53.382 24.035 -3.785 54.101 23.214 -3.965 52.958 23.112 -3.208 55.291 23.51
5 24 -3.785 54.101 23.214 -3.965 52.958 23.112 -3.196 53.382 24.035 -4.24 53.537 22.679
5 24 -3.785 54.101 23.214 -4.24 53.537 22.679 -3.965 52.958 23.112 -4.462 53.919 22.186
2 24 -4.24 53.537 22.679 -3.965 52.958 23.112
5 24 -3.785 54.101 23.214 -4.462 53.919 22.186 -4.24 53.537 22.679 -3.827 55.249 22.875
2 24 -4.462 53.919 22.186 -4.24 53.537 22.679
5 24 -3.785 54.101 23.214 -3.827 55.249 22.875 -4.462 53.919 22.186 -3.208 55.291 23.51
5 24 -3.827 55.249 22.875 -4.462 53.919 22.186 -3.785 54.101 23.214 -3.944 55.498 20.216
2 24 -3.827 55.249 22.875 -3.944 55.498 20.216
5 24 -3.944 55.498 20.216 -4.462 53.919 22.186 -3.827 55.249 22.875 -4.672 54.12 20.087
5 24 -3.944 55.498 20.216 -4.672 54.12 20.087 -4.462 53.919 22.186 -3.997 55.481 17.754
2 24 -4.672 54.12 20.087 -4.462 53.919 22.186
2 24 -3.944 55.498 20.216 -3.997 55.481 17.754
5 24 -3.997 55.481 17.754 -4.672 54.12 20.087 -3.944 55.498 20.216 -4.811 54.296 17.388
2 24 -4.811 54.296 17.388 -4.672 54.12 20.087
2 24 -2.505 55.258 23.785 -3.208 55.291 23.51
5 24 -3.208 55.291 23.51 -3.196 53.382 24.035 -2.505 55.258 23.785 -3.785 54.101 23.214
5 24 -3.208 55.291 23.51 -3.785 54.101 23.214 -3.196 53.382 24.035 -3.827 55.249 22.875
2 24 -3.208 55.291 23.51 -3.827 55.249 22.875
5 24 -2.615 43.329 24.027 -3.122 41.101 21.871 -2.261 40.835 22.396 -3.59 43.743 23.236
5 24 -2.615 43.329 24.027 -3.59 43.743 23.236 -3.122 41.101 21.871 -3.057 47.761 24.293
2 24 -3.59 43.743 23.236 -3.122 41.101 21.871
5 24 -2.615 43.329 24.027 -3.057 47.761 24.293 -3.59 43.743 23.236 -2.155 47.718 25.403
2 24 -3.057 47.761 24.293 -3.59 43.743 23.236
5 24 -2.155 47.718 25.403 -3.057 47.761 24.293 -2.615 43.329 24.027 -2.709 49.722 24.352
5 24 -2.155 47.718 25.403 -2.709 49.722 24.352 -3.057 47.761 24.293 -2.345 50.94 24.504
2 24 -2.709 49.722 24.352 -3.057 47.761 24.293
2 24 -2.345 50.94 24.504 -2.709 49.722 24.352
5 24 -3.59 43.743 23.236 -4.161 40.873 21.775 -3.122 41.101 21.871 -4.654 43.583 23.427
5 24 -3.59 43.743 23.236 -4.654 43.583 23.427 -4.161 40.873 21.775 -4.289 47.698 24.556
5 24 -4.654 43.583 23.427 -4.161 40.873 21.775 -3.59 43.743 23.236 -5.475 43.748 22.946
5 24 -4.654 43.583 23.427 -5.475 43.748 22.946 -4.161 40.873 21.775 -5.017 47.897 24.218
5 24 -5.475 43.748 22.946 -4.161 40.873 21.775 -4.654 43.583 23.427 -4.683 40.809 21.113
5 24 -4.289 47.698 24.556 -4.654 43.583 23.427 -3.59 43.743 23.236 -5.017 47.897 24.218
5 24 -3.057 47.761 24.293 -4.289 47.698 24.556 -3.59 43.743 23.236 -3.531 50.162 24.382
5 24 -4.654 43.583 23.427 -5.017 47.897 24.218 -5.475 43.748 22.946 -4.289 47.698 24.556
5 24 -4.289 47.698 24.556 -5.017 47.897 24.218 -4.654 43.583 23.427 -4.022 50.217 24.324
5 24 -3.531 50.162 24.382 -4.289 47.698 24.556 -3.057 47.761 24.293 -4.022 50.217 24.324
5 24 -3.057 47.761 24.293 -3.531 50.162 24.382 -4.289 47.698 24.556 -2.709 49.722 24.352
5 24 -2.709 49.722 24.352 -3.531 50.162 24.382 -3.057 47.761 24.293 -2.345 50.94 24.504
5 24 -2.345 50.94 24.504 -3.531 50.162 24.382 -2.709 49.722 24.352 -3.1 51.304 24.329
5 24 -3.1 51.304 24.329 -3.531 50.162 24.382 -2.345 50.94 24.504 -3.531 51.425 24.3
5 24 -4.289 47.698 24.556 -4.022 50.217 24.324 -5.017 47.897 24.218 -3.531 50.162 24.382
5 24 -3.531 50.162 24.382 -4.022 50.217 24.324 -4.289 47.698 24.556 -3.531 51.425 24.3
5 24 -3.531 50.162 24.382 -3.531 51.425 24.3 -4.022 50.217 24.324 -3.1 51.304 24.329
5 24 3.561 54.72 17.534 4.888 54.158 19.713 4.841 54.345 17.117 3.535 54.62 19.833
5 24 3.535 54.62 19.833 4.888 54.158 19.713 3.561 54.72 17.534 4.971 53.888 21.84
5 24 1.151 55.743 18.163 1.419 55.69 20.786 2.574 55.671 20.861 -.282 55.627 20.78
5 24 1.419 55.69 20.786 2.574 55.671 20.861 1.151 55.743 18.163 1.467 55.219 23.075
5 24 -.282 55.627 20.78 1.419 55.69 20.786 1.151 55.743 18.163 .41 55.245 22.902
5 24 -.396 55.68 18.306 -.282 55.627 20.78 1.151 55.743 18.163 -2.276 55.56 20.605
5 24 -2.276 55.56 20.605 -.282 55.627 20.78 -.396 55.68 18.306 -.741 55.301 22.707
5 24 -.396 55.68 18.306 -2.276 55.56 20.605 -.282 55.627 20.78 -2.135 55.664 18.153
5 24 -2.135 55.664 18.153 -2.276 55.56 20.605 -.396 55.68 18.306 -3.944 55.498 20.216
5 24 1.467 55.219 23.075 2.574 55.671 20.861 1.419 55.69 20.786 2.698 55.236 23.221
5 24 1.467 55.219 23.075 2.698 55.236 23.221 2.574 55.671 20.861 2.203 54.801 23.901
5 24 1.467 55.219 23.075 2.203 54.801 23.901 2.698 55.236 23.221 1.453 54.771 23.966
5 24 1.467 55.219 23.075 1.453 54.771 23.966 2.203 54.801 23.901 .41 55.245 22.902
5 24 1.419 55.69 20.786 .41 55.245 22.902 1.467 55.219 23.075 -.282 55.627 20.78
5 24 .41 55.245 22.902 1.467 55.219 23.075 1.419 55.69 20.786 1.453 54.771 23.966
5 24 -.282 55.627 20.78 .41 55.245 22.902 1.419 55.69 20.786 -.741 55.301 22.707
5 24 .41 55.245 22.902 1.453 54.771 23.966 1.467 55.219 23.075 .049 54.677 23.62
5 24 -2.276 55.56 20.605 -.741 55.301 22.707 -.282 55.627 20.78 -1.75 55.192 23.785
5 24 -.741 55.301 22.707 -.282 55.627 20.78 -2.276 55.56 20.605 .41 55.245 22.902
5 24 -.741 55.301 22.707 .41 55.245 22.902 -.282 55.627 20.78 .049 54.677 23.62
5 24 -2.276 55.56 20.605 -1.75 55.192 23.785 -.741 55.301 22.707 -2.505 55.258 23.785
2 24 -1.75 55.192 23.785 -.741 55.301 22.707
5 24 .41 55.245 22.902 .049 54.677 23.62 1.453 54.771 23.966 -.741 55.301 22.707
2 24 -.741 55.301 22.707 .049 54.677 23.62
5 24 -3.944 55.498 20.216 -2.276 55.56 20.605 -2.135 55.664 18.153 -3.827 55.249 22.875
5 24 -2.135 55.664 18.153 -3.944 55.498 20.216 -2.276 55.56 20.605 -3.997 55.481 17.754
5 24 -2.276 55.56 20.605 -2.505 55.258 23.785 -1.75 55.192 23.785 -3.208 55.291 23.51
5 24 -2.276 55.56 20.605 -3.208 55.291 23.51 -2.505 55.258 23.785 -3.827 55.249 22.875
5 24 -3.827 55.249 22.875 -2.276 55.56 20.605 -3.944 55.498 20.216 -3.208 55.291 23.51
5 24 -5.773 53.601 20.164 -4.811 54.296 17.388 -6.052 53.589 16.853 -4.672 54.12 20.087
5 24 -5.773 53.601 20.164 -4.672 54.12 20.087 -4.811 54.296 17.388 -4.462 53.919 22.186
5 24 -5.773 53.601 20.164 -4.462 53.919 22.186 -4.672 54.12 20.087 -5.556 53.448 22.281
5 24 -5.556 53.448 22.281 -4.462 53.919 22.186 -5.773 53.601 20.164 -5.202 53.307 22.769
2 24 -5.556 53.448 22.281 -5.202 53.307 22.769
5 24 -5.202 53.307 22.769 -4.462 53.919 22.186 -5.556 53.448 22.281 -4.24 53.537 22.679
5 24 -5.202 53.307 22.769 -4.24 53.537 22.679 -4.462 53.919 22.186 -5.009 52.847 23.105
2 24 -5.202 53.307 22.769 -5.009 52.847 23.105
5 24 -5.009 52.847 23.105 -3.965 52.958 23.112 -4.24 53.537 22.679 -4.314 51.612 23.412
5 24 -5.009 52.847 23.105 -4.314 51.612 23.412 -3.965 52.958 23.112 -4.868 51.564 23.195
2 24 -5.009 52.847 23.105 -4.868 51.564 23.195
5 24 -4.868 51.564 23.195 -4.314 51.612 23.412 -5.009 52.847 23.105 -4.682 50.53 23.302
5 24 -4.868 51.564 23.195 -4.682 50.53 23.302 -4.314 51.612 23.412 -5.01 50.662 23.032
2 24 -4.868 51.564 23.195 -5.01 50.662 23.032
5 24 -5.01 50.662 23.032 -4.682 50.53 23.302 -4.868 51.564 23.195 -5.442 50.008 22.394
5 24 .049 54.677 23.62 -.578 53.558 23.54 .276 53.649 24.046 -.741 55.301 22.707
2 24 -.578 53.558 23.54 .276 53.649 24.046
2 24 -.741 55.301 22.707 -.578 53.558 23.54
5 24 -.501 53.188 24.757 .276 53.649 24.046 -.578 53.558 23.54 .108 53.059 24.816
5 24 -.578 53.558 23.54 -.501 53.188 24.757 .276 53.649 24.046 -1.05 53.015 24.668
5 24 -.578 53.558 23.54 -1.05 53.015 24.668 -.501 53.188 24.757 -1.665 53.369 24.083
2 24 -.578 53.558 23.54 -1.665 53.369 24.083
5 24 -1.75 55.192 23.785 -.578 53.558 23.54 -.741 55.301 22.707 -1.665 53.369 24.083
5 24 -4.868 51.564 23.195 -5.202 53.307 22.769 -5.442 50.008 22.394 -5.009 52.847 23.105
5 24 -5.202 53.307 22.769 -5.442 50.008 22.394 -4.868 51.564 23.195 -5.789 50.727 21.752
5 24 -5.442 50.008 22.394 -4.868 51.564 23.195 -5.202 53.307 22.769 -5.01 50.662 23.032
5 24 -5.789 50.727 21.752 -5.442 50.008 22.394 -5.202 53.307 22.769 -5.794 47.563 21.268
5 24 -5.202 53.307 22.769 -5.789 50.727 21.752 -5.442 50.008 22.394 -5.556 53.448 22.281
5 24 -5.442 50.008 22.394 -5.01 50.662 23.032 -4.868 51.564 23.195 -4.682 50.53 23.302
5 24 -5.442 50.008 22.394 -4.682 50.53 23.302 -5.01 50.662 23.032 -5.278 49.131 22.624
5 24 -5.442 50.008 22.394 -5.278 49.131 22.624 -4.682 50.53 23.302 -5.794 47.563 21.268
5 24 -1.948 28.807 13.061 .096 29.896 13.64 0 29.105 13.234 -5.404 29.778 13.903
5 24 .096 29.896 13.64 0 29.105 13.234 -1.948 28.807 13.061 1.693 28.659 13.096
5 24 -1.948 28.807 13.061 -5.404 29.778 13.903 .096 29.896 13.64 -2.491 28.588 12.974
5 24 -2.491 28.588 12.974 -5.404 29.778 13.903 -1.948 28.807 13.061 -5.643 28.828 13.199
2 24 -2.491 28.588 12.974 -5.643 28.828 13.199
5 24 .096 29.896 13.64 1.693 28.659 13.096 0 29.105 13.234 5.567 29.74 14.187
5 24 5.567 29.74 14.187 1.693 28.659 13.096 .096 29.896 13.64 2.435 28.306 12.987
5 24 5.567 29.74 14.187 2.435 28.306 12.987 1.693 28.659 13.096 5.975 28.69 13.181
2 24 5.975 28.69 13.181 2.435 28.306 12.987
5 24 2.723 27.506 12.905 5.975 28.69 13.181 6.243 27.459 13.098 2.435 28.306 12.987
5 24 6.243 27.459 13.098 2.723 27.506 12.905 5.975 28.69 13.181 5.826 25.331 13.066
5 24 5.826 25.331 13.066 2.723 27.506 12.905 6.243 27.459 13.098 2.83 24.49 12.851
5 24 5.826 25.331 13.066 2.83 24.49 12.851 2.723 27.506 12.905 3.933 23.204 12.585
5 24 3.933 23.204 12.585 2.83 24.49 12.851 5.826 25.331 13.066 2.925 23.556 12.794
5 24 5.826 25.331 13.066 3.933 23.204 12.585 2.83 24.49 12.851 5.277 23.41 12.817
5 24 5.277 23.41 12.817 3.933 23.204 12.585 5.826 25.331 13.066 4.634 22.535 12.305
5 24 5.277 23.41 12.817 4.634 22.535 12.305 3.933 23.204 12.585 5.608 21.338 12.325
5 24 5.608 21.338 12.325 4.634 22.535 12.305 5.277 23.41 12.817 4.825 18.099 12.19
5 24 5.608 21.338 12.325 4.825 18.099 12.19 4.634 22.535 12.305 6.224 17.843 12.215
5 24 -6.536 27.097 13.306 -2.726 27.86 12.905 -2.857 24.552 12.848 -5.643 28.828 13.199
5 24 -2.857 24.552 12.848 -6.419 24.89 13.228 -6.536 27.097 13.306 -4.074 22.69 12.54
5 24 -4.074 22.69 12.54 -6.419 24.89 13.228 -2.857 24.552 12.848 -6.193 22.56 12.506
5 24 -2.857 24.552 12.848 -4.074 22.69 12.54 -6.419 24.89 13.228 -2.862 23.321 12.832
5 24 -5.643 28.828 13.199 -2.726 27.86 12.905 -6.536 27.097 13.306 -2.491 28.588 12.974
5 24 -4.074 22.69 12.54 -6.193 22.56 12.506 -6.419 24.89 13.228 -4.409 22.143 12.396
5 24 -4.409 22.143 12.396 -6.193 22.56 12.506 -4.074 22.69 12.54 -7.311 20.676 12.16
5 24 -4.409 22.143 12.396 -7.311 20.676 12.16 -4.791 18.116 12.204 -6.193 22.56 12.506
5 24 4.9751 4 12.0107 0 4 13 4.5159 -3.3859 12.002 4.825 18.099 12.19
5 24 0 4 13 -4.9751 4 12.0107 0 -3.5 12.9 -4.791 18.116 12.204

5 24 9.192 4 9.192 10.987 15.888 7.12 11.919 13.492 5.375 9.29 17.264 9.294
5 24 8.299 -8.245 7.799 9.74 -5.133 11.514 7.429 -7.174 11.288 11.065 -6.126 7.924
5 24 -8.3438 -.9394 -7.2438 -8.1568 1.1718 -8.1568 -10.6576 1.1718 -4.4144 -4.5159 -.6142 -9.802
5 24 -9.192 4 -9.192 -8.9232 2.4691 -8.9232 -7.5383 3.4713 -10.1424 -12.0104 4 -4.9752
5 24 0 2.8886 -12.7235 0 2.4691 -12.6192 1.188 2.7052 -12.4418 -.473 2.9594 -12.6471
5 24 0 2.8886 -12.7235 -.347 1.178 -13.756 .5275 2.8643 -12.6126 -.473 2.9594 -12.6471
5 24 -12.0104 4 4.9752 -9.192 4 9.192 -11.756 14.458 5.802 -11.6592 2.4691 4.8296
5 24 6.3639 -4.2929 -6.3639 8.3438 -.9394 -7.2438 3.4443 -4.0761 -8.3151 10.902 -1.426 -3.4159
5 24 -8.3438 -3.0607 9.4438 -6.3639 -5.7071 6.3639 -3.4443 -5.9239 8.3151 -8.3151 -5.3827 3.4443
5 24 12.0104 4 4.9752 11.6592 2.4691 4.8296 9.192 4 9.192 13 4 0
5 24 -4.791 18.116 12.204 -7.967 18.99 12.05 -7.919 17.715 12.009 -7.311 20.676 12.16
5 24 -12.0107 13.0255 4.9751 -12.997 14.431 6.327 -13.579 11.932 4.987 -11.756 14.458 5.802
5 24 -13 4 0 -12.6192 2.4691 0 -12.0104 4 4.9752 -11.6592 2.4691 -4.8296
5 24 -8.0699 4 -9.942 -9.048 3.8 -10.277 -8.641 3.287 -10.553 -9.1923 5.03 -9.1923
5 24 4.9751 4 12.0107 9.192 4 9.192 4.5159 -3.3859 12.002 6.845 17.824 11.175
5 24 0 -.5 -10.7 0 1.1718 -11.5352 4.5159 -.6142 -9.802 -4.4144 1.1718 -10.6576
5 24 -10.6576 1.1718 -4.4144 -11.6592 2.4691 -4.8296 -12.6192 2.4691 0 -8.1568 1.1718 -8.1568
5 24 -9.192 4 -9.192 -8.0699 4 -9.942 -9.1923 5.03 -9.1923 -8.9232 2.4691 -8.9232
5 24 -13.012 9.235 .881 -13 4 0 -12.707 9.576 2.947 -12.942 9.667 -1.807
5 24 -3.4443 -4.0761 -8.3151 -4.5159 -.6142 -9.802 0 -4 -9 -6.3639 -4.2929 -6.3639
5 24 -10.902 -1.426 -3.4159 -10.6576 1.1718 -4.4144 -8.3438 -.9394 -7.2438 -11.5352 1.1718 0
5 24 6.058 2.326 -12.2 4.8825 3.0252 -11.7868 5.49 3.1996 -11.4318 4.602 1.739 -12.638
5 24 -4.5159 -.6142 -9.802 0 -.5 -10.7 -4.4144 1.1718 -10.6576 -3.4443 -4.0761 -8.3151
5 24 -8.0699 4 -9.942 -8.641 3.287 -10.553 -9.048 3.8 -10.277 -7.5383 3.4713 -10.1424
5 24 -4.65 -10.464 1.904 -3.065 -10.62 -1.577 -2.831 -10.997 1.723 -4.689 -10.05 -1.386
5 24 4.9751 4 12.0107 4.825 18.099 12.19 0 4 13 6.845 17.824 11.175
5 24 -13.579 11.932 4.987 -12.0107 13.0255 4.9751 -12.489 10.761 3.892 -12.997 14.431 6.327
5 24 10.902 -1.426 -3.4159 8.3151 -4.6173 -3.4443 9 -5 0 6.3639 -4.2929 -6.3639
5 24 -4.8296 2.4691 -11.6592 -5.5811 2.4691 -11.1569 -4.8869 3.0712 -11.7973 -4.4144 1.1718 -10.6576
5 24 -13 4 0 -12.0104 4 -4.9752 -12.095 9.647 -4.885 -12.6192 2.4691 0
5 24 0 4 13 4.825 18.099 12.19 0 18.086 13.121 4.9751 4 12.0107
5 24 0 2.4691 -12.6192 -1.214 2.4691 -12.3779 0 2.8886 -12.7235 0 1.1718 -11.5352
5 24 3.4443 -5.9239 8.3151 4.5159 -3.3859 12.002 6.3639 -5.7071 6.3639 0 -6 9
5 24 0 4 13 -4.791 18.116 12.204 0 18.086 13.121 -4.9751 4 12.0107
5 24 12.6192 2.4691 0 11.5352 1.1718 0 11.6592 2.4691 4.8296 11.6592 2.4691 -4.8296
5 24 12.0104 4 4.9752 9.192 4 9.192 11.6592 2.4691 4.8296 11.919 13.492 5.375
5 24 12.0104 4 -4.9752 11.6592 2.4691 -4.8296 12.6192 2.4691 0 9.192 4 -9.192
5 24 12.6192 2.4691 0 13 4 0 11.6592 2.4691 4.8296 12.0104 4 -4.9752
5 24 -3.9498 2.4691 -11.8341 -1.214 2.4691 -12.3779 -3.3597 2.7424 -12.0192 -4.4144 1.1718 -10.6576
5 24 4.9751 4 12.0107 6.845 17.824 11.175 9.192 4 9.192 4.825 18.099 12.19
5 24 0 -3.5 12.9 0 4 13 4.5159 -3.3859 12.002 -4.9751 4 12.0107
5 24 0 -3.5 12.9 0 -6 9 -3.4443 -5.9239 8.3151 4.5159 -3.3859 12.002
5 24 -12.6192 2.4691 0 -11.6592 2.4691 4.8296 -11.5352 1.1718 0 -13 4 0
5 24 0 -.5 -10.7 0 -4 -9 3.4443 -4.0761 -8.3151 -4.5159 -.6142 -9.802
5 24 -9.1923 17.1015 9.1923 -9.276 17.774 11.053 -9.961 16.89 8.508 -6.848 17.736 11.175
5 24 13 4 0 12.0104 4 4.9752 12.6192 2.4691 0 12.995 9.229 1.023
5 24 11.6592 2.4691 4.8296 12.6192 2.4691 0 12.0104 4 4.9752 11.5352 1.1718 0
5 24 9.192 4 9.192 8.3438 -3.0607 9.4438 4.5159 -3.3859 12.002 10.902 -2.5741 5.6159
5 24 9.192 4 -9.192 12.0104 4 -4.9752 9.681 5.321 -8.733 8.9232 2.4691 -8.9232
5 24 -10.902 -2.5741 5.6159 -11.6592 2.4691 4.8296 -11.8 -2 1.1 -9.192 4 9.192
5 24 0 18.086 13.121 0 4 13 4.825 18.099 12.19 -4.791 18.116 12.204
5 24 10.774 7.326 -7.342 12.0104 4 -4.9752 11.441 8.596 -6.271 10.144 6.197 -8.128
5 24 12.408 11.154 4.147 12.0104 4 4.9752 11.919 13.492 5.375 12.675 9.797 3.064
5 24 -12.0107 13.0255 4.9751 -12.0104 4 4.9752 -11.756 14.458 5.802 -12.489 10.761 3.892
5 24 -6.848 17.736 11.175 -4.9751 4 12.0107 -4.791 18.116 12.204 -9.192 4 9.192
5 24 -8.3438 -.9394 -7.2438 -6.3639 -4.2929 -6.3639 -4.5159 -.6142 -9.802 -8.3151 -4.6173 -3.4443
5 24 8.3438 -3.0607 9.4438 8.3151 -5.3827 3.4443 10.902 -2.5741 5.6159 6.3639 -5.7071 6.3639
5 24 9.192 4 9.192 6.845 17.824 11.175 9.29 17.264 9.294 4.9751 4 12.0107
5 24 3.4443 -4.0761 -8.3151 4.5159 -.6142 -9.802 0 -.5 -10.7 8.3438 -.9394 -7.2438
5 24 -4.791 18.116 12.204 -4.074 22.69 12.54 -2.862 23.321 12.832 -4.409 22.143 12.396
5 24 0 18.086 13.121 -4.791 18.116 12.204 -2.862 23.321 12.832 0 4 13
5 24 12.0104 4 -4.9752 13 4 0 12.777 9.861 -2.64 11.6592 2.4691 -4.8296
5 24 -9.1923 17.1015 9.1923 -9.192 4 9.192 -6.848 17.736 11.175 -9.961 16.89 8.508
5 24 -9.192 4 -9.192 -9.1923 5.03 -9.1923 -8.0699 4 -9.942 -12.0104 4 -4.9752
5 24 4.4144 1.1718 -10.6576 4.8296 2.4691 -11.6592 8.1568 1.1718 -8.1568 3.7115 2.4691 -11.8815
5 24 4.5159 -.6142 -9.802 8.3438 -.9394 -7.2438 4.4144 1.1718 -10.6576 3.4443 -4.0761 -8.3151
5 24 -8.9232 2.4691 -8.9232 -5.5811 2.4691 -11.1569 -6.1198 3.4709 -11.0903 -8.1568 1.1718 -8.1568
5 24 -12.0104 4 -4.9752 -9.192 4 -9.192 -9.1923 5.03 -9.1923 -11.6592 2.4691 -4.8296
5 24 3.933 23.204 12.585 4.825 18.099 12.19 4.634 22.535 12.305 2.925 23.556 12.794
5 24 11.8 -2 1.1 11.5352 1.1718 0 10.902 -2.5741 5.6159 10.902 -1.426 -3.4159
5 24 -12.942 9.667 -1.807 -13 4 0 -13.012 9.235 .881 -12.639 9.915 -3.279
5 24 8.3438 -.9394 -7.2438 8.1568 1.1718 -8.1568 4.4144 1.1718 -10.6576 10.902 -1.426 -3.4159
5 24 4.5159 -3.3859 12.002 9.192 4 9.192 4.9751 4 12.0107 8.3438 -3.0607 9.4438
5 24 4.825 18.099 12.19 0 18.086 13.121 0 4 13 2.925 23.556 12.794
5 24 -10.863 7.579 -7.208 -12.0104 4 -4.9752 -10.26 6.671 -8.033 -11.56 8.787 -6.088
5 24 -4.5159 -.6142 -9.802 -4.4144 1.1718 -10.6576 -8.1568 1.1718 -8.1568 0 -.5 -10.7
5 24 8.2865 4.2748 -9.8777 9.192 4 -9.192 8.9232 2.4691 -8.9232 9.1923 4.875 -9.1923
5 24 3.7115 2.4691 -11.8815 0 2.4691 -12.6192 1.188 2.7052 -12.4418 0 1.1718 -11.5352
5 24 8.9232 2.4691 -8.9232 9.192 4 -9.192 8.2865 4.2748 -9.8777 11.6592 2.4691 -4.8296
5 24 13 9.545 0 13 4 0 12.777 9.861 -2.64 12.995 9.229 1.023
5 24 -12.0104 4 4.9752 -13 4 0 -11.6592 2.4691 4.8296 -12.489 10.761 3.892
5 24 -8.3438 -.9394 -7.2438 -4.5159 -.6142 -9.802 -8.1568 1.1718 -8.1568 -6.3639 -4.2929 -6.3639
5 24 -4.8296 2.4691 -11.6592 -3.9498 2.4691 -11.8341 -4.4144 1.1718 -10.6576 -4.8869 3.0712 -11.7973
5 24 8.1568 1.1718 -8.1568 8.9232 2.4691 -8.9232 10.6576 1.1718 -4.4144 4.8296 2.4691 -11.6592
5 24 4.8296 2.4691 -11.6592 4.8825 3.0252 -11.7868 4.2292 2.9132 -11.8889 5.9101 3.0752 -11.1146
5 24 -11.6592 2.4691 -4.8296 -12.0104 4 -4.9752 -8.9232 2.4691 -8.9232 -13 4 0
5 24 -11.8 -2 1.1 -8.3151 -5.3827 3.4443 -10.902 -2.5741 5.6159 -9 -5 0
5 24 -8.3438 -3.0607 9.4438 -9.192 4 9.192 -10.902 -2.5741 5.6159 -4.9751 4 12.0107
5 24 10.6576 1.1718 -4.4144 10.902 -1.426 -3.4159 11.5352 1.1718 0 8.1568 1.1718 -8.1568
5 24 -10.902 -1.426 -3.4159 -9 -5 0 -11.8 -2 1.1 -8.3151 -4.6173 -3.4443
5 24 13 4 0 12.995 9.229 1.023 12.0104 4 4.9752 13 9.545 0
