0 ~Minifig Hair Dreadlocks with Beads and Bandana - without Patternble Area
0 Name: s\95221s01.dat
0 Author: Lisa Winter [LisaWinter]
0 !LDRAW_ORG Subpart UPDATE 2026-07
0 !LICENSE Licensed under CC BY 4.0 : see CAreadme.txt

0 BFC CERTIFY CCW

0 !HISTORY 2026-07-30 [OrionP] Official Update 2026-07

0 // Inside
1 16 0 -3 0 1 0 0 0 -.75 0 0 0 1 stud4a.dat
0 BFC INVERTNEXT
1 16 0 -5.5 0 6 0 0 0 2.5 0 0 0 6 4-4cyli.dat
1 16 0 -5.5 0 6 0 0 0 -1 0 0 0 6 4-4disc.dat
1 16 0 -5.5 0 6 0 0 0 1 0 0 0 6 4-4edge.dat
1 16 0 -3 0 8 0 0 0 1 0 0 0 8 4-4edge.dat
1 16 0 -3 0 2 0 0 0 -1 0 0 0 2 4-4ring4.dat

2 24 0 -3 10 -3.827 -3 9.239
2 24 -9.239 -3 -3.827 -7.071 -3 -7.071
2 24 -3.827 -3 9.239 -7.071 -3 7.071
2 24 7.071 -3 7.071 3.827 -3 9.239
2 24 9.239 -3 -3.827 10 -3 0
2 24 10 -3 0 9.239 -3 3.827
2 24 -7.071 -3 -7.071 -3.827 -3 -9.239
2 24 3.827 -3 9.239 0 -3 10
2 24 -7.071 -3 7.071 -9.239 -3 3.827
2 24 -3.827 -3 -9.239 0 -3 -10
2 24 3.827 -3 -9.239 7.071 -3 -7.071
2 24 7.071 -3 -7.071 9.239 -3 -3.827
2 24 -10 -3 0 -9.239 -3 -3.827
2 24 -9.239 -3 3.827 -10 -3 0
2 24 9.239 -3 3.827 7.071 -3 7.071
2 24 0 -3 -10 3.827 -3 -9.239

4 16 12.5 0 0 11.54875 0 4.78375 12.011 4 4.975 13 4 0
4 16 11.54875 0 4.78375 8.83875 0 8.83875 9.192 4 9.192 12.011 4 4.975
4 16 8.83875 0 8.83875 4.78375 0 11.54875 4.975 4 12.011 9.192 4 9.192
4 16 4.78375 0 11.54875 0 0 12.5 0 4 13 4.975 4 12.011
4 16 0 0 12.5 -4.78375 0 11.54875 -4.975 4 12.011 0 4 13
4 16 -4.78375 0 11.54875 -8.83875 0 8.83875 -9.192 4 9.192 -4.975 4 12.011
4 16 -8.83875 0 8.83875 -11.54875 0 4.78375 -12.011 4 4.975 -9.192 4 9.192
4 16 -11.54875 0 4.78375 -12.5 0 0 -13 4 0 -12.011 4 4.975
4 16 10 -3 0 9.239 -3 3.827 11.54875 0 4.78375 12.5 0 0
4 16 9.239 -3 3.827 7.071 -3 7.071 8.83875 0 8.83875 11.54875 0 4.78375
4 16 7.071 -3 7.071 3.827 -3 9.239 4.78375 0 11.54875 8.83875 0 8.83875
4 16 3.827 -3 9.239 0 -3 10 0 0 12.5 4.78375 0 11.54875
4 16 0 -3 10 -3.827 -3 9.239 -4.78375 0 11.54875 0 0 12.5
4 16 -3.827 -3 9.239 -7.071 -3 7.071 -8.83875 0 8.83875 -4.78375 0 11.54875
4 16 -7.071 -3 7.071 -9.239 -3 3.827 -11.54875 0 4.78375 -8.83875 0 8.83875
4 16 -9.239 -3 3.827 -10 -3 0 -12.5 0 0 -11.54875 0 4.78375

4 16 12.011 4 -4.975 11.54875 0 -4.78375 12.5 0 0 13 4 0
4 16 9.192 4 -9.192 8.83875 0 -8.83875 11.54875 0 -4.78375 12.011 4 -4.975
4 16 4.975 4 -12.011 4.78375 0 -11.54875 8.83875 0 -8.83875 9.192 4 -9.192
4 16 0 4 -13 0 0 -12.5 4.78375 0 -11.54875 4.975 4 -12.011
4 16 -4.975 4 -12.011 -4.78375 0 -11.54875 0 0 -12.5 0 4 -13
4 16 -9.192 4 -9.192 -8.83875 0 -8.83875 -4.78375 0 -11.54875 -4.975 4 -12.011
4 16 -12.011 4 -4.975 -11.54875 0 -4.78375 -8.83875 0 -8.83875 -9.192 4 -9.192
4 16 -13 4 0 -12.5 0 0 -11.54875 0 -4.78375 -12.011 4 -4.975
4 16 11.54875 0 -4.78375 9.239 -3 -3.827 10 -3 0 12.5 0 0
4 16 8.83875 0 -8.83875 7.071 -3 -7.071 9.239 -3 -3.827 11.54875 0 -4.78375
4 16 4.78375 0 -11.54875 3.827 -3 -9.239 7.071 -3 -7.071 8.83875 0 -8.83875
4 16 0 0 -12.5 0 -3 -10 3.827 -3 -9.239 4.78375 0 -11.54875
4 16 -4.78375 0 -11.54875 -3.827 -3 -9.239 0 -3 -10 0 0 -12.5
4 16 -8.83875 0 -8.83875 -7.071 -3 -7.071 -3.827 -3 -9.239 -4.78375 0 -11.54875
4 16 -11.54875 0 -4.78375 -9.239 -3 -3.827 -7.071 -3 -7.071 -8.83875 0 -8.83875
4 16 -12.5 0 0 -10 -3 0 -9.239 -3 -3.827 -11.54875 0 -4.78375

2 24 -.564 41.505 12.888 0 41.988 13
2 24 -12.011 24 -4.975 -13 24 0
2 24 4.975 46.337 12.011 6.124 46.932 11.243
2 24 9.192 17.502 -9.192 9.668 9.94 -8.48
2 24 -2.926 50.209 12.418 -2.427 47.588 12.517
2 24 8.852 7.086 -9.42 8.278 6.709 -9.804
2 24 -9.192 24 9.192 -7.984 24 10
2 24 8.438 44.806 10 8.567 41.564 10
2 24 8.567 41.564 10 9.078 41.297 10
2 24 -7.984 24 10 -7.984 47.87 10
2 24 .256 47.279 12.949 3.377 47.889 12.328
2 24 0 41.988 13 .256 47.279 12.949
2 24 -4.975 7.023 -12.011 -8.201 7.714 -9.855
2 24 12.011 24 4.975 13 24 0
2 24 -6.351 50.432 11.091 -4.975 50.955 12.011
2 24 -1.159 43.057 12.77 -.564 41.505 12.888
2 24 8.994 24 10 9.192 24 9.192
2 24 -9.192 24 -9.192 -12.011 24 -4.975
2 24 -9.192 24 -9.192 -8.07 24 -10
2 24 13 24 0 12.011 24 -4.975
2 24 -12.011 24 4.975 -9.192 24 9.192
2 24 -4.975 50.955 12.011 -2.926 50.209 12.418
2 24 3.377 47.889 12.328 4.975 46.337 12.011
2 24 8.278 6.709 -9.804 4.975 6.59 -12.011
2 24 6.124 46.932 11.243 8.438 44.806 10
2 24 9.078 41.297 10 8.994 24 10
2 24 -13 24 0 -12.011 24 4.975
2 24 -8.201 7.714 -9.855 -9.192 14.037 -9.192
2 24 -9.192 14.037 -9.192 -7.805 22.741 -10.12
2 24 4.975 6.59 -12.011 0 6.802 -12.9995
2 24 9.192 24 9.192 12.011 24 4.975
2 24 -2.427 47.588 12.517 -1.159 43.057 12.77
2 24 -7.984 47.87 10 -6.351 50.432 11.091
2 24 12.011 24 -4.975 8.652 24 -10
2 24 0 6.802 -12.9995 -4.975 7.023 -12.011
2 24 9.668 9.94 -8.48 9.192 8.069 -9.192
2 24 9.192 8.069 -9.192 8.852 7.086 -9.42

4 16 0 6.802 -12.9995 -4.975 7.023 -12.011 -4.975 4 -12.011 0 4 -13
4 16 0 4 -13 4.975 4 -12.011 4.975 6.59 -12.011 0 6.802 -12.9995
3 16 9.192 4 -9.192 9.192 8.069 -9.192 8.852 7.086 -9.42
3 16 9.192 4 -9.192 8.852 7.086 -9.42 8.278 6.709 -9.804
4 16 8.278 6.709 -9.804 4.975 6.59 -12.011 4.975 4 -12.011 9.192 4 -9.192
4 16 9.192 4 -9.192 12.011 4 -4.975 9.668 9.94 -8.48 9.192 8.069 -9.192
4 16 9.192 17.502 -9.192 9.668 9.94 -8.48 12.011 4 -4.975 12.011 24 -4.975
3 16 9.192 17.502 -9.192 12.011 24 -4.975 8.652 24 -10
4 16 12.011 4 -4.975 13 4 0 13 24 0 12.011 24 -4.975
4 16 13 4 0 12.011 4 4.975 12.011 24 4.975 13 24 0
4 16 9.192 24 9.192 12.011 24 4.975 12.011 4 4.975 9.192 4 9.192
3 16 9.192 24 9.192 9.192 4 9.192 8.994 24 10
3 16 4.975 4 12.011 8.994 24 10 9.192 4 9.192
3 16 4.975 46.337 12.011 6.124 46.932 11.243 8.438 44.806 10
3 16 4.975 46.337 12.011 8.438 44.806 10 8.567 41.564 10
3 16 4.975 4 12.011 4.975 46.337 12.011 8.994 24 10
3 16 8.567 41.564 10 8.994 24 10 4.975 46.337 12.011
3 16 8.994 24 10 8.567 41.564 10 9.078 41.297 10
4 16 3.377 47.889 12.328 4.975 46.337 12.011 0 41.988 13 .256 47.279 12.949
4 16 4.975 46.337 12.011 4.975 4 12.011 0 4 13 0 41.988 13
3 16 0 41.988 13 0 4 13 -.564 41.505 12.888
4 16 -1.159 43.057 12.77 -.564 41.505 12.888 0 4 13 -4.975 4 12.011
4 16 -1.159 43.057 12.77 -4.975 4 12.011 -4.975 50.955 12.011 -2.427 47.588 12.517
3 16 -2.427 47.588 12.517 -4.975 50.955 12.011 -2.926 50.209 12.418
4 16 -6.351 50.432 11.091 -4.975 50.955 12.011 -7.984 24 10 -7.984 47.87 10
3 16 -7.984 24 10 -4.975 50.955 12.011 -4.975 4 12.011
4 16 -4.975 4 12.011 -9.192 4 9.192 -9.192 24 9.192 -7.984 24 10
4 16 -9.192 24 9.192 -9.192 4 9.192 -12.011 4 4.975 -12.011 24 4.975
4 16 -12.011 24 4.975 -12.011 4 4.975 -13 4 0 -13 24 0
4 16 -12.011 4 -4.975 -12.011 24 -4.975 -13 24 0 -13 4 0
4 16 -9.192 14.037 -9.192 -9.192 24 -9.192 -12.011 24 -4.975 -12.011 4 -4.975
3 16 -9.192 14.037 -9.192 -12.011 4 -4.975 -9.192 4 -9.192
3 16 -9.192 24 -9.192 -9.192 14.037 -9.192 -7.805 22.741 -10.12
3 16 -8.201 7.714 -9.855 -9.192 14.037 -9.192 -9.192 4 -9.192
4 16 -8.201 7.714 -9.855 -9.192 4 -9.192 -4.975 4 -12.011 -4.975 7.023 -12.011
3 16 -8.472 41.589 -9.674 -8.618 29.534 -10 -6.545 41.097 -10.961
3 16 -6.545 41.097 -10.961 -8.618 29.534 -10 -5.859 36.224 -11.42
3 16 -5.859 36.224 -11.42 -8.618 29.534 -10 -5.948 29.163 -11.361
3 16 -5.948 29.163 -11.361 -8.618 29.534 -10 -8.07 24 -10
3 16 -5.948 29.163 -11.361 -8.07 24 -10 -7.805 22.741 -10.12
3 16 -8.07 24 -10 -9.192 24 -9.192 -7.805 22.741 -10.12
3 16 8.652 24 -10 8.092 22.234 -12.654 9.192 17.502 -9.192
3 16 9.192 17.502 -9.192 8.092 22.234 -12.654 9.377 17.32 -10.73
3 16 7.031 32.876 -14.028 8.092 22.234 -12.654 8.652 24 -10
3 16 8.652 24 -10 6.365 33.234 -11.082 7.031 32.876 -14.028
3 16 7.285 40.257 -13.234 7.031 32.876 -14.028 6.417 40.008 -11.047
3 16 7.031 32.876 -14.028 6.365 33.234 -11.082 6.417 40.008 -11.047
3 16 6.365 33.234 -11.082 8.652 24 -10 8.182 32.257 -10
4 16 8.182 32.257 -10 8.119 40.898 -10 6.417 40.008 -11.047 6.365 33.234 -11.082

3 16 -15.795 34.409 10 -14 24 10 -14.357 26.071 .722
4 16 -14.468 26.723 -4.396 -14.357 26.071 .722 -14 24 10 -14 24 -10
3 16 -14 24 -10 -15.079 30.255 -10 -14.468 26.723 -4.396
3 16 -9.192 24 -9.192 -14 24 -10 -12.011 24 -4.975
3 16 -7.984 24 10 -9.192 24 9.192 -14 24 10
3 16 -9.192 24 9.192 -12.011 24 4.975 -14 24 10
3 16 -12.011 24 -4.975 -14 24 -10 -13 24 0
3 16 -14 24 -10 -14 24 10 -13 24 0
3 16 -14 24 10 -12.011 24 4.975 -13 24 0
3 16 -8.618 29.534 -10 -8.472 41.589 -9.674 -15.079 30.255 -10
4 16 -8.07 24 -10 -8.618 29.534 -10 -15.079 30.255 -10 -14 24 -10
3 16 15.126 30.533 -8.716 14 24 -10 14.397 26.308 -.156
3 16 14 24 -10 14 24 10 14.397 26.308 -.156
3 16 14.397 26.308 -.156 14 24 10 14.625 27.646 3.974
3 16 14 24 10 15.424 32.258 10 14.625 27.646 3.974
4 16 8.182 32.257 -10 8.652 24 -10 14 24 -10 15.801 34.558 -9.959
3 16 14 24 -10 15.126 30.533 -8.716 15.801 34.558 -9.959
4 16 -10.016 43.325 10 -9.487 44.79 10 -7.984 47.87 10 -7.984 24 10
3 16 -12.355 43.813 10 -10.016 43.325 10 -14.807 41.685 10
4 16 -7.984 24 10 -14.52 40.053 10 -14.807 41.685 10 -10.016 43.325 10
3 16 10.07 42.483 10 13.07 43.337 10 14.15 40.236 10
4 16 9.991 41.87 -10 15.801 34.558 -9.959 15.668 40.307 -10 12.603 42.031 -10
4 16 15.801 34.558 -9.959 9.991 41.87 -10 8.119 40.898 -10 8.182 32.257 -10
4 16 8.994 24 10 14 24 10 12.011 24 4.975 9.192 24 9.192
3 16 12.011 24 -4.975 13 24 0 14 24 -10
3 16 8.652 24 -10 12.011 24 -4.975 14 24 -10
3 16 14 24 -10 13 24 0 14 24 10
3 16 13 24 0 12.011 24 4.975 14 24 10
4 16 -14 24 10 -14.578 35.034 10 -14.52 40.053 10 -7.984 24 10
3 16 -15.795 34.409 10 -14.578 35.034 10 -14 24 10
4 16 15.424 32.258 10 9.078 41.297 10 10.07 42.483 10 14.15 40.236 10
4 16 9.078 41.297 10 15.424 32.258 10 14 24 10 8.994 24 10
3 16 -14 24 -10 -9.192 24 -9.192 -8.07 24 -10

2 24 13.07 43.337 10 10.07 42.483 10
2 24 -14.468 26.723 -4.396 -15.079 30.255 -10
2 24 15.126 30.533 -8.716 14.397 26.308 -.156
2 24 9.991 41.87 -10 12.603 42.031 -10
2 24 8.119 40.898 -10 9.991 41.87 -10
2 24 15.801 34.558 -9.959 15.126 30.533 -8.716
2 24 14.397 26.308 -.156 14.625 27.646 3.974
2 24 -15.795 34.409 10 -14.357 26.071 .722
2 24 14.15 40.236 10 13.07 43.337 10
2 24 -14.357 26.071 .722 -14.468 26.723 -4.396
2 24 -15.795 34.409 10 -14 24 10
2 24 -14 24 10 -14 24 -10
2 24 -14 24 -10 -15.079 30.255 -10
2 24 -14 24 10 -7.984 24 10
2 24 14 24 -10 14 24 10
2 24 15.424 32.258 10 14.625 27.646 3.974
2 24 8.652 24 -10 14 24 -10
2 24 12.603 42.031 -10 15.668 40.307 -10
2 24 -14.578 35.034 10 -15.795 34.409 10
2 24 -9.487 44.79 10 -7.984 47.87 10
2 24 -10.016 43.325 10 -9.487 44.79 10
2 24 -12.355 43.813 10 -10.016 43.325 10
2 24 -14.807 41.685 10 -12.355 43.813 10
2 24 -14.52 40.053 10 -14.807 41.685 10
2 24 15.424 32.258 10 14.15 40.236 10
2 24 15.668 40.307 -10 15.801 34.558 -9.959
2 24 8.994 24 10 14 24 10
2 24 -14.52 40.053 10 -14.578 35.034 10
2 24 10.07 42.483 10 9.078 41.297 10
2 24 -14 24 -10 -8.07 24 -10
2 24 -8.07 24 -10 -8.618 29.534 -10
2 24 -8.618 29.534 -10 -8.472 41.589 -9.674
2 24 8.652 24 -10 12 24 -4.991
2 24 14 24 -10 15.801 34.558 -9.959
2 24 8.652 24 -10 8.182 32.257 -10
2 24 8.182 32.257 -10 8.119 40.898 -10
3 16 -15.079 30.255 -10 -8.472 41.589 -9.674 -15.853 34.914 -9.996
3 16 -15.853 34.914 -9.996 -8.472 41.589 -9.674 -16.324 38.927 -10.287
3 16 -8.472 41.589 -9.674 -15.274 40.774 -10.409 -16.324 38.927 -10.287

0 // Outside
3 16 -7.495 -3.274 12.387 -4.217 -.852 16.385 -4.796 -.198 16.03
3 16 -1.71 -9.358 -4.067 -1.745 -9.052 -3.241 -6.416 -8.436 -2.91
3 16 -1.745 -9.052 -3.241 -6.243 -8.289 -2.108 -6.416 -8.436 -2.91
3 16 -9.071 2.877 12.941 -7.839 -2.459 12.686 -6.369 4.182 16.715
3 16 -6.369 4.182 16.715 -7.839 -2.459 12.686 -5.601 .457 16.498
3 16 7.441 -6.522 9.249 6.421 -6.418 9.142 5.056 -9.108 6.443
3 16 4.177 -8.855 6.562 5.056 -9.108 6.443 6.421 -6.418 9.142
3 16 4.895 -9.479 5.275 7.545 -8.056 5.757 5.056 -9.108 6.443
3 16 5.056 -9.108 6.443 7.545 -8.056 5.757 7.441 -6.522 9.249
3 16 9.241 -5.969 7.081 7.441 -6.522 9.249 7.545 -8.056 5.757
3 16 -6.066 -8.619 5.751 -6.594 -8.767 5.377 -4.798 -9.616 5.129
3 16 -3.258 -10.836 2.061 -3.527 -9.89 5.635 -4.798 -9.616 5.129
3 16 -8.083 -8.311 3.507 -7.457 -9.112 1.726 -4.798 -9.616 5.129
3 16 -4.798 -9.616 5.129 -7.457 -9.112 1.726 -3.258 -10.836 2.061
3 16 -4.798 -9.616 5.129 -6.594 -8.767 5.377 -8.083 -8.311 3.507
3 16 -4.744 -8.98 6.912 -5.226 -9.103 6.748 -3.527 -9.89 5.635
3 16 -6.066 -8.619 5.751 -4.798 -9.616 5.129 -5.226 -9.103 6.748
3 16 -5.226 -9.103 6.748 -4.798 -9.616 5.129 -3.527 -9.89 5.635
3 16 -13.062 -2.86 5.91 -15.002 -1.442 6.484 -13.482 -3.086 5.484
3 16 -15.002 -1.442 6.484 -15.441 -1.791 5.539 -13.482 -3.086 5.484
3 16 -14.259 -10.112 1.956 -13.814 -10.366 -.681 -10.713 -10.339 2.058
3 16 -13.814 -10.366 -.681 -10.633 -10.207 -.332 -10.713 -10.339 2.058
3 16 -16.376 -1.171 -2.02 -14.611 -5.238 -1.794 -18.462 -2.501 -1.57
3 16 -16.779 -6.003 -1.456 -18.462 -2.501 -1.57 -14.611 -5.238 -1.794
3 16 -16.779 -6.003 -1.456 -14.611 -5.238 -1.794 -13.814 -10.366 -.681
3 16 -13.814 -10.366 -.681 -14.611 -5.238 -1.794 -12.313 -7.461 -1.71
3 16 -12.313 -7.461 -1.71 -10.05 -9.027 -.779 -13.814 -10.366 -.681
3 16 -10.633 -10.207 -.332 -13.814 -10.366 -.681 -10.05 -9.027 -.779
3 16 -18.807 5.134 5.803 -20.269 3.076 5.134 -17.488 .548 5.723
3 16 -20.269 3.076 5.134 -18.631 -.843 4.943 -17.488 .548 5.723
3 16 -18.631 -.843 4.943 -16.614 -3.596 4.816 -17.488 .548 5.723
3 16 -17.488 .548 5.723 -16.614 -3.596 4.816 -15.441 -1.791 5.539
3 16 -16.614 -3.596 4.816 -13.29 -6.689 4.858 -15.441 -1.791 5.539
3 16 -15.441 -1.791 5.539 -13.29 -6.689 4.858 -13.482 -3.086 5.484
3 16 -13.045 -7.468 3.406 -16.573 -4.609 2.737 -14.259 -10.112 1.956
3 16 -16.573 -4.609 2.737 -17.087 -6.232 1.772 -14.259 -10.112 1.956
3 16 -16.573 -4.609 2.737 -19.008 -1.152 2.305 -17.087 -6.232 1.772
3 16 -19.008 -1.152 2.305 -19.194 -2.482 1.217 -17.087 -6.232 1.772
3 16 -19.194 -2.482 1.217 -19.008 -1.152 2.305 -20.805 2.332 .931
3 16 -20.617 3.129 1.861 -20.805 2.332 .931 -19.008 -1.152 2.305
3 16 -20.617 3.129 1.861 -19.008 -1.152 2.305 -20.269 3.076 5.134
3 16 -18.631 -.843 4.943 -20.269 3.076 5.134 -19.008 -1.152 2.305
3 16 -19.008 -1.152 2.305 -16.573 -4.609 2.737 -18.631 -.843 4.943
3 16 -16.614 -3.596 4.816 -18.631 -.843 4.943 -16.573 -4.609 2.737
3 16 -16.573 -4.609 2.737 -13.045 -7.468 3.406 -16.614 -3.596 4.816
3 16 -13.29 -6.689 4.858 -16.614 -3.596 4.816 -13.045 -7.468 3.406
3 16 -16.779 -6.003 -1.456 -13.814 -10.366 -.681 -17.087 -6.232 1.772
3 16 -14.259 -10.112 1.956 -17.087 -6.232 1.772 -13.814 -10.366 -.681
3 16 -17.087 -6.232 1.772 -19.194 -2.482 1.217 -16.779 -6.003 -1.456
3 16 -19.194 -2.482 1.217 -18.462 -2.501 -1.57 -16.779 -6.003 -1.456
4 16 -19.194 -2.482 1.217 -20.805 2.332 .931 -19.952 1.981 -1.895 -18.462 -2.501 -1.57
3 16 -15.002 -1.442 6.484 -13.495 .523 6.874 -14.573 1.17 7.055
3 16 -14.573 1.17 7.055 -16.533 1.152 6.973 -15.002 -1.442 6.484
3 16 -10.713 -10.339 2.058 -11.123 -8.451 3.145 -14.259 -10.112 1.956
3 16 -11.123 -8.451 3.145 -13.045 -7.468 3.406 -14.259 -10.112 1.956
3 16 -12.759 .533 7.299 -13.495 .523 6.874 -13.062 -2.86 5.91
3 16 -13.495 .523 6.874 -15.002 -1.442 6.484 -13.062 -2.86 5.91
3 16 -13.482 -3.086 5.484 -13.29 -6.689 4.858 -11.858 -4.58 5.529
3 16 -11.858 -4.58 5.529 -13.29 -6.689 4.858 -10.564 -6.39 4.663
3 16 -13.062 -2.86 5.91 -13.482 -3.086 5.484 -11.858 -4.58 5.529
3 16 -13.29 -6.689 4.858 -11.123 -8.451 3.145 -8.083 -8.311 3.507
3 16 -13.29 -6.689 4.858 -13.045 -7.468 3.406 -11.123 -8.451 3.145
3 16 -10.713 -10.339 2.058 -10.633 -10.207 -.332 -9.267 -9.596 .528
3 16 -9.267 -9.596 .528 -10.633 -10.207 -.332 -10.05 -9.027 -.779
3 16 -11.123 -8.451 3.145 -10.713 -10.339 2.058 -9.108 -9.15 2.033
3 16 -10.713 -10.339 2.058 -9.267 -9.596 .528 -9.108 -9.15 2.033
3 16 -8.198 -8.797 .364 -7.457 -9.112 1.726 -9.267 -9.596 .528
3 16 -7.457 -9.112 1.726 -8.083 -8.311 3.507 -9.108 -9.15 2.033
3 16 -9.108 -9.15 2.033 -9.267 -9.596 .528 -7.457 -9.112 1.726
3 16 -9.267 -9.596 .528 -10.05 -9.027 -.779 -8.198 -8.797 .364
3 16 -8.665 -8.895 -.867 -8.198 -8.797 .364 -10.05 -9.027 -.779
3 16 -1.745 -9.052 -3.241 -1.844 -9.476 -2.21 -6.243 -8.289 -2.108
3 16 -1.844 -9.476 -2.21 -6.167 -8.569 -1.26 -6.243 -8.289 -2.108
3 16 -1.844 -9.476 -2.21 -1.93 -9.691 -1.166 -6.167 -8.569 -1.26
3 16 -1.93 -9.691 -1.166 -6.087 -8.782 -.481 -6.167 -8.569 -1.26
3 16 9.597 -5.696 6.856 9.37 -5.777 6.934 8.064 -7.851 4.702
3 16 9.37 -5.777 6.934 7.952 -7.615 5.309 8.064 -7.851 4.702
3 16 7.952 -7.615 5.309 9.37 -5.777 6.934 7.545 -8.056 5.757
3 16 9.37 -5.777 6.934 9.241 -5.969 7.081 7.545 -8.056 5.757
3 16 2.386 -10.156 3.597 1.412 -10.776 3.952 -2.882 -10.312 1.543
3 16 -3.258 -10.836 2.061 -2.882 -10.312 1.543 1.412 -10.776 3.952
3 16 -7.457 -9.112 1.726 -6.889 -8.799 .99 -3.258 -10.836 2.061
3 16 -2.882 -10.312 1.543 -3.258 -10.836 2.061 -6.889 -8.799 .99
3 16 7.545 -8.056 5.757 4.895 -9.479 5.275 2.386 -10.156 3.597
3 16 2.386 -10.156 3.597 4.895 -9.479 5.275 4.197 -9.242 6.015
3 16 7.952 -7.615 5.309 6.831 -8.578 2.093 8.064 -7.851 4.702
4 16 11.437 -5.667 .584 12.935 -2.819 4.067 12.024 -2.994 4.306 10.569 -5.565 1.249
3 16 12.604 .021 7.819 12.024 -2.994 4.306 12.935 -2.819 4.067
3 16 10.569 -5.565 1.249 9.292 -6.944 -.324 11.437 -5.667 .584
3 16 11.437 -5.667 .584 9.292 -6.944 -.324 8.175 -8.004 -2.403
3 16 9.292 -6.944 -.324 7.574 -7.852 -1.547 8.175 -8.004 -2.403
3 16 10.314 -5.979 2.362 6.831 -8.578 2.093 7.377 -8.983 .421
3 16 7.157 -7.977 -.614 9.292 -6.944 -.324 7.377 -8.983 .421
3 16 10.569 -5.565 1.249 10.314 -5.979 2.362 9.292 -6.944 -.324
3 16 9.292 -6.944 -.324 10.314 -5.979 2.362 7.377 -8.983 .421
3 16 6.831 -8.578 2.093 3.599 -9.842 .486 7.377 -8.983 .421
3 16 3.599 -9.842 .486 3.722 -9.86 -.263 7.377 -8.983 .421
3 16 3.722 -9.86 -.263 3.773 -9.205 -.997 7.377 -8.983 .421
3 16 3.773 -9.205 -.997 7.157 -7.977 -.614 7.377 -8.983 .421
3 16 7.527 -8.044 -1.179 7.157 -7.977 -.614 4.001 -9.478 -2.239
3 16 3.773 -9.205 -.997 4.001 -9.478 -2.239 7.157 -7.977 -.614
3 16 4.092 -8.991 -3.113 7.574 -7.852 -1.547 4.001 -9.478 -2.239
3 16 4.001 -9.478 -2.239 7.574 -7.852 -1.547 7.527 -8.044 -1.179
3 16 8.175 -8.004 -2.403 7.574 -7.852 -1.547 4.248 -9.174 -3.946
3 16 4.092 -8.991 -3.113 4.248 -9.174 -3.946 7.574 -7.852 -1.547
3 16 -1.93 -9.691 -1.166 3.722 -9.86 -.263 3.599 -9.842 .486
3 16 -1.93 -9.691 -1.166 3.773 -9.205 -.997 3.722 -9.86 -.263
3 16 4.001 -9.478 -2.239 3.773 -9.205 -.997 -1.844 -9.476 -2.21
3 16 -1.844 -9.476 -2.21 3.773 -9.205 -.997 -1.93 -9.691 -1.166
3 16 4.092 -8.991 -3.113 4.001 -9.478 -2.239 -1.745 -9.052 -3.241
3 16 -1.745 -9.052 -3.241 4.001 -9.478 -2.239 -1.844 -9.476 -2.21
3 16 4.248 -9.174 -3.946 4.092 -8.991 -3.113 -1.71 -9.358 -4.067
3 16 4.092 -8.991 -3.113 -1.745 -9.052 -3.241 -1.71 -9.358 -4.067
3 16 -2.411 -10.634 .31 -1.93 -9.691 -1.166 3.553 -10.636 1.274
3 16 -1.93 -9.691 -1.166 3.599 -9.842 .486 3.553 -10.636 1.274
3 16 -1.93 -9.691 -1.166 -2.411 -10.634 .31 -6.087 -8.782 -.481
3 16 -6.087 -8.782 -.481 -2.411 -10.634 .31 -6.308 -8.963 .079
3 16 -6.308 -8.963 .079 -7.154 -8.488 -.592 -6.087 -8.782 -.481
3 16 4.177 -8.855 6.562 2.75 -9.407 6.184 4.197 -9.242 6.015
3 16 4.197 -9.242 6.015 2.75 -9.407 6.184 2.386 -10.156 3.597
3 16 2.75 -9.407 6.184 1.412 -10.776 3.952 2.386 -10.156 3.597
3 16 2.75 -9.407 6.184 -3.527 -9.89 5.635 1.412 -10.776 3.952
3 16 -3.258 -10.836 2.061 1.412 -10.776 3.952 -3.527 -9.89 5.635
3 16 11.857 2.206 10.331 10.429 3.929 11.83 9.987 -4.734 7.993
3 16 9.38 6.397 14.683 6.65 5.028 16.656 8.308 -2.857 12.424
3 16 10.236 5.342 13.329 8.308 -2.857 12.424 9.987 -4.734 7.993
3 16 9.987 -4.734 7.993 10.429 3.929 11.83 10.236 5.342 13.329
3 16 8.308 -2.857 12.424 10.236 5.342 13.329 9.38 6.397 14.683
3 16 -1.742 -7.047 11.762 -2.639 -6.797 11.497 -4.662 -9.086 7.506
3 16 -6.448 -6.265 10.283 -4.662 -9.086 7.506 -3.291 -6.883 11.648
3 16 -2.639 -6.797 11.497 -3.291 -6.883 11.648 -4.662 -9.086 7.506
3 16 1.268 -7.423 11.82 -1.742 -7.047 11.762 -2.923 -10.059 6.854
3 16 -1.742 -7.047 11.762 -4.662 -9.086 7.506 -2.923 -10.059 6.854
3 16 2.629 -7.489 11.582 -1.7 -10.253 6.591 3.361 -9.361 7.508
3 16 3.361 -9.361 7.508 5.371 -7.202 9.914 2.629 -7.489 11.582
3 16 -8.665 -8.895 -.867 -6.889 -8.799 .99 -8.198 -8.797 .364
3 16 -8.198 -8.797 .364 -6.889 -8.799 .99 -7.457 -9.112 1.726
3 16 -8.665 -8.895 -.867 -7.154 -8.488 -.592 -6.889 -8.799 .99
3 16 -7.154 -8.488 -.592 -6.308 -8.963 .079 -6.889 -8.799 .99
3 16 -1.7 -10.253 6.591 -2.702 -9.884 6.628 -3.527 -9.89 5.635
3 16 -2.923 -10.059 6.854 -4.662 -9.086 7.506 -3.527 -9.89 5.635
3 16 -4.662 -9.086 7.506 -4.744 -8.98 6.912 -3.527 -9.89 5.635
3 16 -8.665 -8.895 -.867 -10.05 -9.027 -.779 -11.548 -6.757 -2.664
3 16 -12.313 -7.461 -1.71 -11.548 -6.757 -2.664 -10.05 -9.027 -.779
3 16 -10.842 -5.522 -2.863 -7.627 -8.272 -1.084 -11.548 -6.757 -2.664
3 16 -11.548 -6.757 -2.664 -7.627 -8.272 -1.084 -8.665 -8.895 -.867
3 16 -14.186 2.599 -4.092 -13.602 2.093 -3.994 -13.859 1.122 -3.936
3 16 -8.665 -8.895 -.867 -7.627 -8.272 -1.084 -7.154 -8.488 -.592
3 16 -6.167 -8.569 -1.26 -6.087 -8.782 -.481 -7.154 -8.488 -.592
3 16 -6.243 -8.289 -2.108 -6.167 -8.569 -1.26 -7.627 -8.272 -1.084
3 16 -6.167 -8.569 -1.26 -7.154 -8.488 -.592 -7.627 -8.272 -1.084
3 16 -6.416 -8.436 -2.91 -6.243 -8.289 -2.108 -7.627 -8.272 -1.084
4 16 -10.842 -5.522 -2.863 -11.548 -6.757 -2.664 -13.454 -4.087 -3.468 -11.966 -3.934 -3.334
3 16 -13.347 -.913 -3.728 -12.75 -1.668 -3.63 -12.657 -2.424 -3.531
4 16 -17.833 2.789 -2.261 -16.376 -1.171 -2.02 -18.462 -2.501 -1.57 -19.952 1.981 -1.895
3 16 -6.889 -8.799 .99 -6.308 -8.963 .079 -2.882 -10.312 1.543
3 16 -2.411 -10.634 .31 -2.882 -10.312 1.543 -6.308 -8.963 .079
3 16 -4.662 -9.086 7.506 -6.448 -6.265 10.283 -4.744 -8.98 6.912
3 16 -6.448 -6.265 10.283 -6.674 -6.625 8.531 -4.744 -8.98 6.912
3 16 6.831 -8.578 2.093 3.553 -10.636 1.274 3.599 -9.842 .486
3 16 2.386 -10.156 3.597 -2.882 -10.312 1.543 3.553 -10.636 1.274
3 16 3.553 -10.636 1.274 -2.882 -10.312 1.543 -2.411 -10.634 .31
3 16 9.292 -6.944 -.324 7.527 -8.044 -1.179 7.574 -7.852 -1.547
3 16 9.292 -6.944 -.324 7.157 -7.977 -.614 7.527 -8.044 -1.179
3 16 6.65 5.028 16.656 7.051 -2.705 12.134 8.308 -2.857 12.424
3 16 2.75 -9.407 6.184 4.177 -8.855 6.562 3.361 -9.361 7.508
3 16 6.421 -6.418 9.142 5.371 -7.202 9.914 4.177 -8.855 6.562
3 16 5.371 -7.202 9.914 3.361 -9.361 7.508 4.177 -8.855 6.562
3 16 6.651 -3.363 13.032 7.051 -2.705 12.134 6.65 5.028 16.656
3 16 5.056 -9.108 6.443 4.177 -8.855 6.562 4.197 -9.242 6.015
3 16 4.197 -9.242 6.015 4.895 -9.479 5.275 5.056 -9.108 6.443
3 16 2.629 -7.489 11.582 1.735 -7.216 11.367 -1.7 -10.253 6.591
3 16 1.735 -7.216 11.367 -2.702 -9.884 6.628 -1.7 -10.253 6.591
3 16 10.314 -5.979 2.362 8.064 -7.851 4.702 6.831 -8.578 2.093
3 16 6.65 5.028 16.656 5.008 -3.087 14.463 6.651 -3.363 13.032
3 16 6.65 5.028 16.656 4.249 3.465 17.119 5.008 -3.087 14.463
3 16 3.824 -2.886 14.063 5.008 -3.087 14.463 4.249 3.465 17.119
3 16 3.365 -3.197 14.852 4.249 3.465 17.119 1.373 -3.887 14.989
3 16 .235 -3.49 14.692 1.373 -3.887 14.989 4.249 3.465 17.119
3 16 3.132 4.263 18.041 -.485 -3.649 15.488 4.249 3.465 17.119
3 16 -.485 -3.649 15.488 .235 -3.49 14.692 4.249 3.465 17.119
3 16 3.824 -2.886 14.063 4.249 3.465 17.119 3.365 -3.197 14.852
3 16 -4.217 -.852 16.385 -.485 -3.649 15.488 3.132 4.263 18.041
3 16 3.132 4.263 18.041 .926 5.99 18.176 -4.217 -.852 16.385
3 16 -4.796 -.198 16.03 -4.217 -.852 16.385 .926 5.99 18.176
3 16 -5.601 .457 16.498 -4.796 -.198 16.03 .926 5.99 18.176
3 16 -6.369 4.182 16.715 -5.601 .457 16.498 -4.844 5.51 17.364
3 16 -5.601 .457 16.498 .926 5.99 18.176 -1.629 6.675 17.853
3 16 4.249 3.465 17.119 6.65 5.028 16.656 4.491 5.385 17.658
3 16 4.491 5.385 17.658 3.132 4.263 18.041 4.249 3.465 17.119
3 16 3.132 4.263 18.041 4.491 5.385 17.658 .926 5.99 18.176
3 16 -18.807 5.134 5.803 -17.488 .548 5.723 -17.63 4.948 7.318
3 16 -17.488 .548 5.723 -16.533 1.152 6.973 -17.63 4.948 7.318
3 16 -17.488 .548 5.723 -15.441 -1.791 5.539 -16.533 1.152 6.973
3 16 -15.441 -1.791 5.539 -15.002 -1.442 6.484 -16.533 1.152 6.973
3 16 -9.7 2.643 11.933 -10.75 1.405 10.952 -8.393 -3.32 10.245
3 16 -10.75 1.405 10.952 -9.071 -4.33 9.308 -8.393 -3.32 10.245
3 16 -10.75 1.405 10.952 -11.555 1.23 8.863 -9.071 -4.33 9.308
3 16 -11.555 1.23 8.863 -9.641 -3.795 8.02 -9.071 -4.33 9.308
3 16 -10.856 -4.541 7.28 -9.641 -3.795 8.02 -12.358 .956 8.106
3 16 -11.555 1.23 8.863 -12.358 .956 8.106 -9.641 -3.795 8.02
3 16 -12.358 .956 8.106 -12.759 .533 7.299 -10.856 -4.541 7.28
3 16 -12.759 .533 7.299 -13.062 -2.86 5.91 -11.858 -4.58 5.529
3 16 -11.858 -4.58 5.529 -10.856 -4.541 7.28 -12.759 .533 7.299
3 16 -4.796 -.198 16.03 -5.601 .457 16.498 -7.495 -3.274 12.387
3 16 -5.601 .457 16.498 -7.839 -2.459 12.686 -7.495 -3.274 12.387
3 16 -7.109 -7.498 7.893 -9.071 -4.33 9.308 -8.397 -6.025 6.841
3 16 -9.071 -4.33 9.308 -9.641 -3.795 8.02 -8.397 -6.025 6.841
3 16 -9.641 -3.795 8.02 -10.856 -4.541 7.28 -8.397 -6.025 6.841
3 16 -10.856 -4.541 7.28 -9.548 -6.246 6.394 -8.397 -6.025 6.841
3 16 -10.856 -4.541 7.28 -11.858 -4.58 5.529 -10.564 -6.39 4.663
3 16 -10.564 -6.39 4.663 -9.548 -6.246 6.394 -10.856 -4.541 7.28
3 16 -6.674 -6.625 8.531 -7.109 -7.498 7.893 -4.744 -8.98 6.912
3 16 -5.226 -9.103 6.748 -4.744 -8.98 6.912 -7.109 -7.498 7.893
3 16 -8.397 -6.025 6.841 -6.066 -8.619 5.751 -7.109 -7.498 7.893
3 16 -6.066 -8.619 5.751 -5.226 -9.103 6.748 -7.109 -7.498 7.893
3 16 -9.548 -6.246 6.394 -6.594 -8.767 5.377 -8.397 -6.025 6.841
3 16 -6.594 -8.767 5.377 -6.066 -8.619 5.751 -8.397 -6.025 6.841
3 16 -9.548 -6.246 6.394 -10.564 -6.39 4.663 -6.594 -8.767 5.377
3 16 -10.564 -6.39 4.663 -8.083 -8.311 3.507 -6.594 -8.767 5.377
3 16 8.064 -7.851 4.702 10.314 -5.979 2.362 9.597 -5.696 6.856
3 16 12.024 -2.994 4.306 9.597 -5.696 6.856 10.314 -5.979 2.362
3 16 10.314 -5.979 2.362 10.569 -5.565 1.249 12.024 -2.994 4.306
3 16 -7.839 -2.459 12.686 -8.393 -3.32 10.245 -7.495 -3.274 12.387
3 16 -8.393 -3.32 10.245 -6.674 -6.625 8.531 -7.495 -3.274 12.387
3 16 -6.674 -6.625 8.531 -6.448 -6.265 10.283 -7.495 -3.274 12.387
3 16 -7.109 -7.498 7.893 -6.674 -6.625 8.531 -9.071 -4.33 9.308
3 16 -6.674 -6.625 8.531 -8.393 -3.32 10.245 -9.071 -4.33 9.308
3 16 -8.393 -3.32 10.245 -7.839 -2.459 12.686 -9.7 2.643 11.933
3 16 -9.071 2.877 12.941 -9.7 2.643 11.933 -7.839 -2.459 12.686
3 16 9.597 -5.696 6.856 12.024 -2.994 4.306 9.987 -4.734 7.993
3 16 12.024 -2.994 4.306 12.604 .021 7.819 9.987 -4.734 7.993
3 16 9.241 -5.969 7.081 9.987 -4.734 7.993 7.441 -6.522 9.249
3 16 9.987 -4.734 7.993 12.604 .021 7.819 11.857 2.206 10.331
3 16 8.308 -2.857 12.424 7.441 -6.522 9.249 9.987 -4.734 7.993
3 16 9.37 -5.777 6.934 9.597 -5.696 6.856 9.987 -4.734 7.993
3 16 9.241 -5.969 7.081 9.37 -5.777 6.934 9.987 -4.734 7.993
3 16 8.308 -2.857 12.424 7.051 -2.705 12.134 7.441 -6.522 9.249
3 16 6.421 -6.418 9.142 7.441 -6.522 9.249 7.051 -2.705 12.134
3 16 6.651 -3.363 13.032 5.371 -7.202 9.914 7.051 -2.705 12.134
3 16 5.371 -7.202 9.914 6.421 -6.418 9.142 7.051 -2.705 12.134
4 16 6.651 -3.363 13.032 5.008 -3.087 14.463 2.629 -7.489 11.582 5.371 -7.202 9.914
3 16 2.629 -7.489 11.582 5.008 -3.087 14.463 1.735 -7.216 11.367
3 16 1.735 -7.216 11.367 5.008 -3.087 14.463 3.824 -2.886 14.063
3 16 1.268 -7.423 11.82 1.735 -7.216 11.367 3.365 -3.197 14.852
3 16 1.735 -7.216 11.367 3.824 -2.886 14.063 3.365 -3.197 14.852
3 16 3.365 -3.197 14.852 1.373 -3.887 14.989 1.268 -7.423 11.82
3 16 1.373 -3.887 14.989 -1.742 -7.047 11.762 1.268 -7.423 11.82
4 16 1.373 -3.887 14.989 .235 -3.49 14.692 -2.639 -6.797 11.497 -1.742 -7.047 11.762
3 16 -3.291 -6.883 11.648 -2.639 -6.797 11.497 -.485 -3.649 15.488
3 16 -.485 -3.649 15.488 -2.639 -6.797 11.497 .235 -3.49 14.692
3 16 -6.448 -6.265 10.283 -3.291 -6.883 11.648 -7.495 -3.274 12.387
3 16 -7.495 -3.274 12.387 -3.291 -6.883 11.648 -4.217 -.852 16.385
3 16 -4.217 -.852 16.385 -3.291 -6.883 11.648 -.485 -3.649 15.488
3 16 3.553 -10.636 1.274 6.831 -8.578 2.093 7.545 -8.056 5.757
3 16 7.952 -7.615 5.309 7.545 -8.056 5.757 6.831 -8.578 2.093
3 16 7.545 -8.056 5.757 2.386 -10.156 3.597 3.553 -10.636 1.274
3 16 -8.083 -8.311 3.507 -10.564 -6.39 4.663 -13.29 -6.689 4.858
3 16 -9.108 -9.15 2.033 -8.083 -8.311 3.507 -11.123 -8.451 3.145
3 16 -3.527 -9.89 5.635 2.75 -9.407 6.184 -1.7 -10.253 6.591
3 16 2.75 -9.407 6.184 3.361 -9.361 7.508 -1.7 -10.253 6.591
3 16 -2.923 -10.059 6.854 -2.702 -9.884 6.628 1.268 -7.423 11.82
3 16 -2.702 -9.884 6.628 1.735 -7.216 11.367 1.268 -7.423 11.82
3 16 -2.923 -10.059 6.854 -3.527 -9.89 5.635 -2.702 -9.884 6.628
3 16 -17.63 4.948 7.318 -16.533 1.152 6.973 -16.053 4.919 7.227
3 16 -16.053 4.919 7.227 -16.13 6.74 7.069 -17.63 4.948 7.318
3 16 -15.385 3.243 7.187 -16.053 4.919 7.227 -16.533 1.152 6.973
3 16 -14.573 1.17 7.055 -15.385 3.243 7.187 -16.533 1.152 6.973
3 16 -19.3 20.046 -5.198 -20.37 19.289 -5.032 -21.086 20.541 -2.277
3 16 -21.494 19.337 -2.149 -21.086 20.541 -2.277 -20.37 19.289 -5.032
3 16 17.208 13.601 -4.753 15.504 6.502 -3.381 16.881 13.107 -6.909
3 16 15.504 6.502 -3.381 14.911 6.238 -5.482 16.881 13.107 -6.909
3 16 17.208 13.601 -4.753 18.59 13.172 -3.979 15.504 6.502 -3.381
3 16 15.88 6.589 -1.886 15.504 6.502 -3.381 18.59 13.172 -3.979
3 16 18.59 13.172 -3.979 18.814 13.803 -.865 15.88 6.589 -1.886
3 16 18.814 13.803 -.865 15.95 6.572 -.833 15.88 6.589 -1.886
3 16 16.881 13.107 -6.909 14.911 6.238 -5.482 15.172 13.109 -7.812
3 16 14.911 6.238 -5.482 14.511 6.271 -6.296 15.172 13.109 -7.812
3 16 18.814 13.803 -.865 19.702 13.488 -.243 15.95 6.572 -.833
3 16 17.742 8.384 -.208 15.95 6.572 -.833 19.702 13.488 -.243
3 16 18.332 14.1 6.55 14.71 7.527 5.376 19.08 13.796 3.872
3 16 14.71 7.527 5.376 16.714 8.889 3.188 19.08 13.796 3.872
3 16 18.332 14.1 6.55 16.504 14.712 6.691 14.71 7.527 5.376
3 16 16.504 14.712 6.691 14.33 7.92 6.193 14.71 7.527 5.376
3 16 16.504 14.712 6.691 15.73 14.9 8.796 14.33 7.92 6.193
3 16 15.73 14.9 8.796 13.594 8.276 7.532 14.33 7.92 6.193
3 16 17.066 30.017 7.839 17.992 28.067 10.078 19.82 29.225 5.879
3 16 17.992 28.067 10.078 18.579 26.629 8.798 19.82 29.225 5.879
3 16 18.579 26.629 8.798 19.809 27.015 8.46 19.82 29.225 5.879
3 16 13.594 8.276 7.532 15.73 14.9 8.796 12.788 8.585 8.66
3 16 12.788 8.585 8.66 15.73 14.9 8.796 13.94 15.388 9.19
3 16 13.94 15.388 9.19 13.337 15.216 11.815 12.788 8.585 8.66
3 16 13.337 15.216 11.815 12.244 8.58 10.391 12.788 8.585 8.66
3 16 14.15 19.808 10.441 14.329 22.987 12.09 13.59 23.012 12.512
3 16 14.15 19.808 10.441 15.014 22.658 10.774 14.329 22.987 12.09
3 16 13.276 28.339 13.274 14.292 31.398 12.393 11.838 28.931 14.589
3 16 11.838 28.931 14.589 14.292 31.398 12.393 11.977 31.413 14.193
3 16 11.396 40.486 14.131 13.07 43.337 10 10.284 41.435 13.321
3 16 10.07 42.483 10 10.284 41.435 13.321 13.07 43.337 10
3 16 12.244 8.58 10.391 13.337 15.216 11.815 11.612 8.693 11.439
3 16 11.612 8.693 11.439 13.337 15.216 11.815 12.28 15.262 12.912
3 16 12.058 14.836 14.853 10.383 10.065 14.189 12.28 15.262 12.912
3 16 11.612 8.693 11.439 12.28 15.262 12.912 10.63 9.192 13.511
3 16 12.28 15.262 12.912 10.383 10.065 14.189 10.63 9.192 13.511
3 16 7.842 13.165 19.139 7.151 9.058 17.117 10.028 10.362 15.569
3 16 10.028 10.362 15.569 9.785 14.034 17.157 7.842 13.165 19.139
3 16 4.713 8.293 18.506 5.884 9.078 17.619 5.649 13.196 19.479
3 16 5.884 9.078 17.619 6.252 12.727 18.801 5.649 13.196 19.479
3 16 5.649 13.196 19.479 6.252 12.727 18.801 6.409 14.613 19.189
3 16 1.019 8.871 18.861 4.713 8.293 18.506 3.504 12.473 20.557
3 16 4.713 8.293 18.506 5.649 13.196 19.479 3.504 12.473 20.557
3 16 -.355 14.458 17.69 -1.969 8.765 16.824 3.504 12.473 20.557
3 16 -1.969 8.765 16.824 1.019 8.871 18.861 3.504 12.473 20.557
3 16 7.842 13.165 19.139 9.767 14.511 16.413 8.272 16.709 19.36
3 16 5.181 16.482 19.618 5.985 17.234 19.415 4.425 17.823 21.162
3 16 7.608 23.443 21.306 7.373 21.865 20.714 10.197 23.746 17.96
3 16 10.197 23.746 17.96 7.373 21.865 20.714 9.959 21.751 17.585
3 16 10.667 17.851 16.664 9.959 21.751 17.585 8.262 18.929 20.644
3 16 9.959 21.751 17.585 7.373 21.865 20.714 8.262 18.929 20.644
3 16 7.487 26.913 21.206 7.731 24.718 20.183 9.756 24.93 18.24
3 16 9.756 24.93 18.24 9.692 26.533 17.974 7.487 26.913 21.206
3 16 7.731 24.718 20.183 7.487 26.913 21.206 5.583 25.987 20.116
3 16 5.583 25.987 20.116 6.407 25.073 19.839 7.731 24.718 20.183
3 16 5.583 25.987 20.116 5.583 29.132 20.058 2.477 25.278 21.029
3 16 2.477 25.278 21.029 5.583 29.132 20.058 2.732 29.432 20.28
3 16 2.477 25.278 21.029 2.732 29.432 20.28 .872 27.074 20.688
3 16 7.303 31.008 20.723 6.68 29.682 20.072 8.917 29.653 18.023
3 16 8.917 29.653 18.023 10.601 31.758 17.451 7.303 31.008 20.723
3 16 9.656 33.786 17.234 7.585 32.37 19.467 7.303 31.008 20.723
3 16 6.726 32.117 19.388 7.303 31.008 20.723 7.585 32.37 19.467
3 16 7.303 31.008 20.723 10.601 31.758 17.451 9.656 33.786 17.234
3 16 7.303 31.008 20.723 6.328 30.709 20.233 6.68 29.682 20.072
3 16 6.328 30.709 20.233 6.141 29.587 19.978 6.68 29.682 20.072
3 16 5.823 30.707 20.366 5.583 29.132 20.058 6.328 30.709 20.233
3 16 6.141 29.587 19.978 6.328 30.709 20.233 5.583 29.132 20.058
3 16 2.213 23.654 21.658 4.546 21.915 22.435 6.407 25.073 19.839
3 16 6.407 25.073 19.839 4.546 21.915 22.435 7.608 23.443 21.306
3 16 -.786 27.995 18.088 -.789 26.544 18.334 .283 28.221 19.13
3 16 .283 28.221 19.13 -.789 26.544 18.334 -.01 26.809 19.195
3 16 4.546 21.915 22.435 2.213 23.654 21.658 1.57 20.422 21.307
3 16 -.28 8 18.72 1.17 7.283 19.324 1.019 8.871 18.861
3 16 4.713 8.293 18.506 1.019 8.871 18.861 4.627 6.918 19.014
3 16 5.884 9.078 17.619 4.713 8.293 18.506 7.659 7.895 17.806
3 16 5.884 9.078 17.619 7.659 7.895 17.806 7.151 9.058 17.117
3 16 7.659 7.895 17.806 4.713 8.293 18.506 4.627 6.918 19.014
3 16 4.627 6.918 19.014 7.397 6.314 17.823 7.659 7.895 17.806
4 16 7.397 6.314 17.823 9.38 6.397 14.683 9.469 7.186 14.75 7.659 7.895 17.806
3 16 9.469 7.186 14.75 9.989 8.41 14.441 7.151 9.058 17.117
3 16 7.151 9.058 17.117 7.659 7.895 17.806 9.469 7.186 14.75
3 16 1.17 7.283 19.324 4.627 6.918 19.014 1.019 8.871 18.861
4 16 4.491 5.385 17.658 4.627 6.918 19.014 1.17 7.283 19.324 .926 5.99 18.176
3 16 7.585 32.37 19.467 9.656 33.786 17.234 8.219 36.388 19.125
3 16 9.656 33.786 17.234 9.99 36.394 15.8 8.219 36.388 19.125
3 16 8.219 36.388 19.125 6.749 36.14 18.757 6.726 32.117 19.388
3 16 6.749 36.14 18.757 5.93 32.751 18.694 6.241 32.226 19.185
3 16 6.726 32.117 19.388 7.585 32.37 19.467 8.219 36.388 19.125
3 16 6.482 40.245 18.605 2.414 42.11 15.62 5.168 40.786 19.563
3 16 5.93 32.751 18.694 6.749 36.14 18.757 5.938 36.023 19.123
3 16 5.93 32.751 18.694 5.938 36.023 19.123 5.29 35.802 19.147
3 16 4.87 35.805 20.116 5.572 32.711 19.399 5.29 35.802 19.147
3 16 3.245 35.192 19.617 4.354 32.333 19.761 4.87 35.805 20.116
3 16 5.572 32.711 19.399 4.87 35.805 20.116 4.354 32.333 19.761
3 16 1.947 34.747 20.766 2.922 31.942 19.937 4.354 32.333 19.761
3 16 4.354 32.333 19.761 3.245 35.192 19.617 1.947 34.747 20.766
4 16 6.241 32.226 19.185 5.657 32.167 19.377 5.823 30.707 20.366 6.328 30.709 20.233
3 16 2.922 31.942 19.937 1.947 34.747 20.766 1.262 32.031 19.285
3 16 1.262 32.031 19.285 1.947 34.747 20.766 .635 34.438 19.023
3 16 1.285 30.603 19.457 -.098 29.661 19.321 1.156 29.36 19.44
3 16 1.156 29.36 19.44 -.098 29.661 19.321 .283 28.221 19.13
3 16 8.431 45.249 13.066 7.548 46.043 14.81 8.078 41.094 13.764
3 16 8.078 41.094 13.764 7.548 46.043 14.81 6.753 42.212 15.393
3 16 8.078 41.094 13.764 8.567 41.564 10 8.431 45.249 13.066
3 16 8.567 41.564 10 8.438 44.806 10 8.431 45.249 13.066
3 16 7.303 31.008 20.723 6.726 32.117 19.388 6.328 30.709 20.233
3 16 6.328 30.709 20.233 6.726 32.117 19.388 6.241 32.226 19.185
4 16 5.29 35.802 19.147 5.572 32.711 19.399 5.657 32.167 19.377 5.93 32.751 18.694
3 16 6.241 32.226 19.185 6.726 32.117 19.388 6.749 36.14 18.757
3 16 5.93 32.751 18.694 5.657 32.167 19.377 6.241 32.226 19.185
3 16 -12.942 14.016 14.078 -10.828 9.579 13.476 -11.647 14.583 14.541
3 16 -10.828 9.579 13.476 -10.442 10.865 14.679 -11.647 14.583 14.541
3 16 -13.643 14.442 13.471 -11.742 9.344 11.928 -12.942 14.016 14.078
3 16 -11.742 9.344 11.928 -10.828 9.579 13.476 -12.942 14.016 14.078
3 16 -11.742 9.344 11.928 -15.355 13.766 12.868 -13.776 7.786 9.974
3 16 -17.314 13.537 9.517 -15.014 7.122 8.316 -15.51 13.345 10.638
3 16 -15.014 7.122 8.316 -13.776 7.786 9.974 -15.51 13.345 10.638
3 16 -16.13 6.74 7.069 -17.536 13.246 8.211 -19.228 12.94 7.538
3 16 -19.228 12.94 7.538 -17.63 4.948 7.318 -16.13 6.74 7.069
3 16 -19.688 12.798 5.638 -18.807 5.134 5.803 -19.228 12.94 7.538
3 16 -19.228 12.94 7.538 -18.807 5.134 5.803 -17.63 4.948 7.318
3 16 -21.041 12.239 4.538 -20.269 3.076 5.134 -19.688 12.798 5.638
3 16 -19.688 12.798 5.638 -20.269 3.076 5.134 -18.807 5.134 5.803
3 16 -20.71 31.062 9.94 -22.222 21.717 2.967 -18.44 26.747 8.727
3 16 -22.222 21.717 2.967 -20.142 17.754 5.54 -18.44 26.747 8.727
3 16 -12.886 27.356 14.513 -14.46 26.522 13.606 -13.761 20.141 14.523
3 16 -14.23 20.031 13.979 -13.761 20.141 14.523 -14.46 26.522 13.606
3 16 -13.761 20.141 14.523 -13.119 20.121 14.62 -12.886 27.356 14.513
3 16 -14.46 26.522 13.606 -15.532 26.254 11.861 -16.007 19.975 14.025
3 16 -16.007 19.975 14.025 -15.532 26.254 11.861 -16.276 20.034 11.327
4 16 -21.347 12.202 1.14 -20.617 3.129 1.861 -20.269 3.076 5.134 -21.041 12.239 4.538
3 16 -21.787 26.044 1.381 -22.222 21.717 2.967 -21.36 26.49 2.886
3 16 -18.474 27.04 -8.922 -18.611 26.069 -7.153 -15.079 30.255 -10
3 16 -14.468 26.723 -4.396 -15.079 30.255 -10 -20.801 25.707 -3.867
3 16 -15.079 30.255 -10 -18.611 26.069 -7.153 -20.801 25.707 -3.867
3 16 -18.611 26.069 -7.153 -19.768 25.883 -6.303 -20.801 25.707 -3.867
3 16 -23.113 19.432 -1.495 -23.766 20.102 .622 -23.505 25.859 -1.562
3 16 -23.766 20.102 .622 -23.003 26.078 .394 -23.505 25.859 -1.562
3 16 -21.494 19.337 -2.149 -23.113 19.432 -1.495 -21.086 20.541 -2.277
3 16 -22.235 26.557 -2.196 -21.086 20.541 -2.277 -23.505 25.859 -1.562
3 16 -21.086 20.541 -2.277 -23.113 19.432 -1.495 -23.505 25.859 -1.562
3 16 -12.784 7.044 -7.476 -12.352 6.721 -8.58 -15.269 6.449 -4.392
3 16 -12.784 7.044 -7.476 -15.269 6.449 -4.392 -14.272 7.171 -4.824
3 16 -12.784 7.044 -7.476 -14.272 7.171 -4.824 -13.543 7.22 -6.011
3 16 -12.784 7.044 -7.476 -12.129 7.112 -8.393 -12.352 6.721 -8.58
4 16 15.88 6.589 -1.886 15.983 6.211 -1.653 14.81 5.883 -6.312 15.504 6.502 -3.381
3 16 15.126 30.533 -8.716 14.397 26.308 -.156 18.089 27.684 -5.992
3 16 18.089 27.684 -5.992 14.397 26.308 -.156 19.046 26.709 -2.532
3 16 19.046 26.709 -2.532 14.397 26.308 -.156 19.586 25.461 -.591
3 16 15.126 30.533 -8.716 18.089 27.684 -5.992 18.046 27.889 -8.832
3 16 18.089 27.684 -5.992 20.042 26.426 -8.177 18.046 27.889 -8.832
3 16 18.046 27.889 -8.832 16.104 28.948 -11.243 15.126 30.533 -8.716
3 16 -19.768 25.883 -6.303 -18.611 26.069 -7.153 -18.428 20.265 -7.057
3 16 -17.056 20.741 -7.713 -18.428 20.265 -7.057 -18.611 26.069 -7.153
3 16 -18.474 27.04 -8.922 -16.318 20.894 -9.515 -18.611 26.069 -7.153
3 16 -16.318 20.894 -9.515 -17.056 20.741 -7.713 -18.611 26.069 -7.153
3 16 -14.033 20.984 -11.098 -16.318 20.894 -9.515 -14.845 29.31 -14.271
3 16 -16.318 20.894 -9.515 -18.474 27.04 -8.922 -14.845 29.31 -14.271
3 16 -18.474 27.04 -8.922 -15.079 30.255 -10 -14.845 29.31 -14.271
3 16 -14.845 29.31 -14.271 -12.654 28.973 -14.521 -14.033 20.984 -11.098
3 16 -11.518 29.713 -16 -11.88 20.824 -14.269 -12.654 28.973 -14.521
3 16 -11.88 20.824 -14.269 -14.033 20.984 -11.098 -12.654 28.973 -14.521
3 16 -14.402 34.419 -14.706 -15.853 34.914 -9.996 -15.478 39.993 -13.943
3 16 -16.324 38.927 -10.287 -15.478 39.993 -13.943 -15.853 34.914 -9.996
3 16 -10.137 20.945 -13.755 -11.88 20.824 -14.269 -9.195 29.935 -15.999
3 16 -11.88 20.824 -14.269 -11.518 29.713 -16 -9.195 29.935 -15.999
3 16 -9.195 29.935 -15.999 -8.485 29.659 -14.773 -10.137 20.945 -13.755
3 16 -8.485 29.659 -14.773 -7.127 29.917 -14.439 -10.137 20.945 -13.755
3 16 -8.173 22.179 -12.686 -10.137 20.945 -13.755 -7.127 29.917 -14.439
3 16 10.306 23.782 -14.372 10.074 27.93 -14.629 11.061 24.24 -15.704
3 16 10.074 27.93 -14.629 10.869 27.713 -16.323 11.061 24.24 -15.704
3 16 10.285 28.521 -14.175 11.528 28.343 -15.713 10.869 27.713 -16.323
3 16 10.869 27.713 -16.323 10.074 27.93 -14.629 10.285 28.521 -14.175
3 16 10.869 27.713 -16.323 11.528 28.343 -15.713 14.754 27.47 -15.572
3 16 11.528 28.343 -15.713 14.159 27.936 -15.246 14.754 27.47 -15.572
3 16 14.754 27.47 -15.572 14.159 27.936 -15.246 14.874 27.902 -14.21
3 16 14.159 27.936 -15.246 14.436 28.279 -14.492 14.874 27.902 -14.21
3 16 10.857 16.064 -12.559 11.113 16.718 -13.567 11.734 15.918 -13.152
3 16 10.713 16.16 -12.039 10.835 19.258 -13.154 10.857 16.064 -12.559
3 16 10.857 16.064 -12.559 10.835 19.258 -13.154 11.113 16.718 -13.567
3 16 11.113 16.718 -13.567 10.835 19.258 -13.154 11.133 17.985 -13.986
3 16 10.835 19.258 -13.154 11.066 19.144 -13.696 11.133 17.985 -13.986
3 16 12.931 15.887 -12.857 13.733 16.647 -12.92 13.621 15.992 -12.273
3 16 13.655 16.116 -11.038 13.621 15.992 -12.273 13.64 19.419 -12.476
3 16 13.621 15.992 -12.273 13.733 16.647 -12.92 13.64 19.419 -12.476
3 16 13.64 19.419 -12.476 13.733 16.647 -12.92 13.682 19.266 -12.981
3 16 13.733 16.647 -12.92 13.726 18.339 -13.487 13.682 19.266 -12.981
3 16 14.159 27.936 -15.246 13.829 34.052 -15.754 14.436 28.279 -14.492
3 16 13.982 33.61 -14.279 14.436 28.279 -14.492 13.829 34.052 -15.754
3 16 13.829 34.052 -15.754 14.159 27.936 -15.246 11.135 33.446 -16.292
3 16 11.135 33.446 -16.292 14.159 27.936 -15.246 11.528 28.343 -15.713
3 16 10.285 28.521 -14.175 10.049 33.714 -14.606 11.528 28.343 -15.713
3 16 11.135 33.446 -16.292 11.528 28.343 -15.713 10.049 33.714 -14.606
3 16 13.568 12.188 -9.718 14.708 12.779 -9.056 13.355 9.307 -9.108
3 16 14.708 12.779 -9.056 13.932 6.212 -7.512 13.355 9.307 -9.108
3 16 13.932 6.212 -7.512 10.716 6.373 -10.504 13.355 9.307 -9.108
3 16 13.355 9.307 -9.108 10.716 6.373 -10.504 12.25 8.951 -10.783
3 16 14.425 40.754 -13.306 13.47 41.476 -14.628 12.603 42.031 -10
3 16 9.991 41.87 -10 12.603 42.031 -10 9.904 41.513 -13.795
3 16 12.603 42.031 -10 13.47 41.476 -14.628 9.904 41.513 -13.795
3 16 13.47 41.476 -14.628 10.305 41.604 -14.916 9.904 41.513 -13.795
3 16 9.991 41.87 -10 9.904 41.513 -13.795 8.119 40.898 -10
3 16 6.417 40.008 -11.047 8.119 40.898 -10 7.285 40.257 -13.234
3 16 9.904 41.513 -13.795 7.285 40.257 -13.234 8.119 40.898 -10
3 16 10.049 33.714 -14.606 10.285 28.521 -14.175 7.031 32.876 -14.028
3 16 10.159 22.514 -14.05 8.092 22.234 -12.654 10.306 23.782 -14.372
3 16 10.074 27.93 -14.629 10.306 23.782 -14.372 8.092 22.234 -12.654
3 16 10.074 27.93 -14.629 8.092 22.234 -12.654 7.031 32.876 -14.028
3 16 7.031 32.876 -14.028 10.285 28.521 -14.175 10.074 27.93 -14.629
3 16 15.172 13.109 -7.812 14.511 6.271 -6.296 14.708 12.779 -9.056
3 16 14.511 6.271 -6.296 13.932 6.212 -7.512 14.708 12.779 -9.056
4 16 14.513 24.218 -15.07 14.754 27.47 -15.572 14.874 27.902 -14.21 14.581 23.897 -13.7
3 16 13.755 20.184 -12.649 14.183 20.76 -14.737 15.132 22.363 -12.913
3 16 15.132 22.363 -12.913 14.183 20.76 -14.737 14.942 22.326 -14.954
3 16 10.835 19.258 -13.154 12.075 19.051 -13.865 11.066 19.144 -13.696
3 16 11.996 18.771 -14.043 11.066 19.144 -13.696 12.075 19.051 -13.865
3 16 10.869 15.197 -11.883 12.72 15.686 -12.337 11.178 14.577 -11.741
3 16 11.178 14.577 -11.741 12.72 15.686 -12.337 13.088 14.828 -12.022
3 16 10.355 9.774 -10.264 10.691 12.492 -11.524 10.937 9.334 -11.218
3 16 10.691 12.492 -11.524 10.905 12.107 -12.043 10.937 9.334 -11.218
3 16 10.937 9.334 -11.218 10.773 9.17 -10.676 10.355 9.774 -10.264
3 16 10.423 9.036 -10.211 10.355 9.774 -10.264 10.773 9.17 -10.676
3 16 12.635 8.028 10.531 13.928 7.63 8.151 12.244 8.58 10.391
3 16 12.244 8.58 10.391 13.928 7.63 8.151 13.594 8.276 7.532
3 16 13.594 8.276 7.532 12.788 8.585 8.66 12.244 8.58 10.391
3 16 -.295 22.634 18.738 .039 19.976 18.899 1.57 20.422 21.307
4 16 1.57 20.422 21.307 .689 24.294 20.49 -.629 25.292 18.577 -.295 22.634 18.738
3 16 5.985 17.234 19.415 5.181 16.482 19.618 5.608 15.766 19.748
3 16 13.64 19.419 -12.476 15.648 19.947 -11.523 13.655 16.116 -11.038
3 16 13.655 16.116 -11.038 15.648 19.947 -11.523 14.708 12.779 -9.056
3 16 14.708 12.779 -9.056 13.592 13.498 -10.031 13.655 16.116 -11.038
3 16 13.394 15.754 -10.993 13.655 16.116 -11.038 13.338 15.29 -10.867
3 16 13.338 15.29 -10.867 13.655 16.116 -11.038 13.592 13.498 -10.031
3 16 13.592 13.498 -10.031 13.075 14.657 -10.884 13.338 15.29 -10.867
3 16 15.648 19.947 -11.523 16.013 20.199 -9.858 14.708 12.779 -9.056
3 16 15.172 13.109 -7.812 14.708 12.779 -9.056 16.013 20.199 -9.858
3 16 16.881 13.107 -6.909 15.172 13.109 -7.812 17.415 20.405 -8.9
3 16 15.172 13.109 -7.812 16.013 20.199 -9.858 17.415 20.405 -8.9
3 16 17.415 20.405 -8.9 18.146 20.734 -6.943 16.881 13.107 -6.909
3 16 17.208 13.601 -4.753 16.881 13.107 -6.909 18.146 20.734 -6.943
4 16 18.59 13.172 -3.979 17.208 13.601 -4.753 18.146 20.734 -6.943 19.78 20.385 -6.091
3 16 21.396 21.676 -.755 18.814 13.803 -.865 19.78 20.385 -6.091
3 16 18.814 13.803 -.865 18.59 13.172 -3.979 19.78 20.385 -6.091
3 16 19.702 13.488 -.243 18.814 13.803 -.865 21.396 21.676 -.755
3 16 21.591 21.341 2.939 20.101 13.471 2.259 21.396 21.676 -.755
3 16 20.101 13.471 2.259 19.702 13.488 -.243 21.396 21.676 -.755
3 16 20.375 21.866 4.288 19.08 13.796 3.872 21.591 21.341 2.939
3 16 19.08 13.796 3.872 20.101 13.471 2.259 21.591 21.341 2.939
3 16 19.672 21.933 7.819 18.332 14.1 6.55 20.375 21.866 4.288
3 16 18.332 14.1 6.55 19.08 13.796 3.872 20.375 21.866 4.288
3 16 18.332 14.1 6.55 19.672 21.933 7.819 16.504 14.712 6.691
3 16 18.243 22.074 8.034 16.504 14.712 6.691 19.672 21.933 7.819
3 16 16.504 14.712 6.691 18.243 22.074 8.034 15.73 14.9 8.796
3 16 17.314 21.977 10.616 15.73 14.9 8.796 18.243 22.074 8.034
4 16 15.73 14.9 8.796 17.314 21.977 10.616 14.15 19.808 10.441 13.94 15.388 9.19
3 16 14.15 19.808 10.441 17.314 21.977 10.616 15.014 22.658 10.774
3 16 13.056 19.772 13.187 13.337 15.216 11.815 14.15 19.808 10.441
3 16 13.337 15.216 11.815 13.94 15.388 9.19 14.15 19.808 10.441
3 16 13.337 15.216 11.815 13.056 19.772 13.187 12.28 15.262 12.912
3 16 12.28 15.262 12.912 13.056 19.772 13.187 12.196 19.681 14.023
3 16 11.703 19.587 16.04 12.058 14.836 14.853 12.196 19.681 14.023
3 16 12.058 14.836 14.853 12.28 15.262 12.912 12.196 19.681 14.023
3 16 11.703 19.587 16.04 10.667 17.851 16.664 12.058 14.836 14.853
3 16 10.667 17.851 16.664 9.952 16.356 16.482 12.058 14.836 14.853
3 16 9.952 16.356 16.482 9.767 14.511 16.413 12.058 14.836 14.853
3 16 10.383 10.065 14.189 12.058 14.836 14.853 10.205 10.879 14.907
3 16 9.767 14.511 16.413 10.205 10.879 14.907 12.058 14.836 14.853
3 16 13.056 19.772 13.187 14.15 19.808 10.441 13.59 23.012 12.512
3 16 13.59 23.012 12.512 12.968 22.806 14.71 13.056 19.772 13.187
3 16 13.59 23.012 12.512 14.167 25.924 13.406 13.587 24.906 14.337
3 16 13.587 24.906 14.337 12.968 22.806 14.71 13.59 23.012 12.512
3 16 12.968 22.806 14.71 13.587 24.906 14.337 13.119 24.086 15.088
3 16 12.196 19.681 14.023 13.056 19.772 13.187 11.979 22.902 15.447
3 16 13.056 19.772 13.187 12.968 22.806 14.71 11.979 22.902 15.447
4 16 11.583 22.526 16.98 11.703 19.587 16.04 12.196 19.681 14.023 11.979 22.902 15.447
3 16 9.959 21.751 17.585 10.667 17.851 16.664 11.583 22.526 16.98
3 16 10.667 17.851 16.664 11.703 19.587 16.04 11.583 22.526 16.98
3 16 16.013 20.199 -9.858 18.046 27.889 -8.832 17.415 20.405 -8.9
3 16 17.415 20.405 -8.9 18.046 27.889 -8.832 20.042 26.426 -8.177
3 16 20.042 26.426 -8.177 20.187 25.939 -5.882 17.415 20.405 -8.9
3 16 18.146 20.734 -6.943 17.415 20.405 -8.9 20.187 25.939 -5.882
3 16 18.146 20.734 -6.943 20.187 25.939 -5.882 19.78 20.385 -6.091
3 16 19.78 20.385 -6.091 20.187 25.939 -5.882 21.418 25.062 -4.741
3 16 19.78 20.385 -6.091 21.418 25.062 -4.741 21.396 21.676 -.755
3 16 21.9 23.569 -.379 21.396 21.676 -.755 21.418 25.062 -4.741
3 16 21.965 25.872 4.024 21.591 21.341 2.939 21.9 23.569 -.379
3 16 21.591 21.341 2.939 21.396 21.676 -.755 21.9 23.569 -.379
3 16 21.591 21.341 2.939 21.965 25.872 4.024 20.375 21.866 4.288
3 16 20.739 26.122 5.617 20.375 21.866 4.288 21.965 25.872 4.024
3 16 13.119 24.086 15.088 11.931 23.834 15.416 11.979 22.902 15.447
3 16 11.979 22.902 15.447 12.968 22.806 14.71 13.119 24.086 15.088
4 16 11.931 23.834 15.416 11.48 23.436 17.175 11.583 22.526 16.98 11.979 22.902 15.447
3 16 10.197 23.746 17.96 9.959 21.751 17.585 11.48 23.436 17.175
3 16 11.48 23.436 17.175 9.959 21.751 17.585 11.583 22.526 16.98
3 16 15.132 22.363 -12.913 14.942 22.326 -14.954 14.581 23.897 -13.7
3 16 14.233 23.857 -15.388 14.581 23.897 -13.7 14.942 22.326 -14.954
3 16 15.776 28.18 -13.212 15.971 22.287 -12.14 14.874 27.902 -14.21
4 16 15.971 22.287 -12.14 15.132 22.363 -12.913 14.581 23.897 -13.7 14.874 27.902 -14.21
3 16 15.126 30.533 -8.716 16.104 28.948 -11.243 15.801 34.558 -9.959
4 16 15.776 28.18 -13.212 15.201 34.019 -13.228 15.801 34.558 -9.959 16.104 28.948 -11.243
3 16 21.9 23.569 -.379 21.418 25.062 -4.741 19.586 25.461 -.591
3 16 19.586 25.461 -.591 21.418 25.062 -4.741 19.046 26.709 -2.532
3 16 19.82 29.225 5.879 19.809 27.015 8.46 20.739 26.122 5.617
3 16 19.809 27.015 8.46 19.672 21.933 7.819 20.739 26.122 5.617
3 16 20.375 21.866 4.288 20.739 26.122 5.617 19.672 21.933 7.819
3 16 19.672 21.933 7.819 19.809 27.015 8.46 18.243 22.074 8.034
3 16 18.243 22.074 8.034 19.809 27.015 8.46 18.579 26.629 8.798
3 16 17.992 28.067 10.078 17.314 21.977 10.616 18.579 26.629 8.798
3 16 18.579 26.629 8.798 17.314 21.977 10.616 18.243 22.074 8.034
3 16 15.014 22.658 10.774 17.314 21.977 10.616 17.148 28.211 10.819
3 16 17.992 28.067 10.078 17.148 28.211 10.819 17.314 21.977 10.616
3 16 17.148 28.211 10.819 15.726 28.546 13.639 15.014 22.658 10.774
3 16 15.726 28.546 13.639 14.329 22.987 12.09 15.014 22.658 10.774
3 16 13.276 28.339 13.274 14.167 25.924 13.406 15.726 28.546 13.639
4 16 13.59 23.012 12.512 14.329 22.987 12.09 15.726 28.546 13.639 14.167 25.924 13.406
3 16 11.838 28.931 14.589 11.174 29.117 16.89 11.828 25.803 15.352
3 16 11.371 26.27 17.303 11.828 25.803 15.352 11.174 29.117 16.89
4 16 11.326 31.684 16.525 8.917 29.653 18.023 9.692 26.533 17.974 11.174 29.117 16.89
3 16 9.692 26.533 17.974 11.371 26.27 17.303 11.174 29.117 16.89
3 16 7.842 13.165 19.139 9.785 14.034 17.157 9.767 14.511 16.413
3 16 9.767 14.511 16.413 9.952 16.356 16.482 8.272 16.709 19.36
3 16 7.166 17.215 19.646 8.272 16.709 19.36 7.853 17.747 19.758
3 16 9.952 16.356 16.482 7.853 17.747 19.758 8.272 16.709 19.36
3 16 9.952 16.356 16.482 10.667 17.851 16.664 8.262 18.929 20.644
3 16 8.262 18.929 20.644 7.853 17.747 19.758 9.952 16.356 16.482
3 16 8.262 18.929 20.644 7.373 21.865 20.714 6.291 19.875 21.479
3 16 5.195 20.76 21.768 6.291 19.875 21.479 7.373 21.865 20.714
3 16 3.954 20.021 21.431 6.054 18.532 20.139 5.195 20.76 21.768
3 16 6.291 19.875 21.479 5.195 20.76 21.768 6.054 18.532 20.139
3 16 7.853 17.747 19.758 6.054 18.532 20.139 7.166 17.215 19.646
3 16 7.166 17.215 19.646 6.054 18.532 20.139 5.985 17.234 19.415
3 16 7.166 17.215 19.646 5.985 17.234 19.415 6.409 14.613 19.189
3 16 6.409 14.613 19.189 5.985 17.234 19.415 5.608 15.766 19.748
3 16 8.262 18.929 20.644 6.291 19.875 21.479 7.853 17.747 19.758
3 16 7.853 17.747 19.758 6.291 19.875 21.479 6.054 18.532 20.139
3 16 4.546 21.915 22.435 5.195 20.76 21.768 7.608 23.443 21.306
3 16 5.195 20.76 21.768 7.373 21.865 20.714 7.608 23.443 21.306
3 16 .039 19.976 18.899 1.745 19.188 20.348 1.57 20.422 21.307
3 16 -.355 14.458 17.69 3.443 15.702 19.585 -.013 17.23 18.338
3 16 -.013 17.23 18.338 3.443 15.702 19.585 2.6 17.035 20.729
3 16 3.504 12.473 20.557 5.649 13.196 19.479 4.803 14.222 20.45
3 16 4.803 14.222 20.45 3.443 15.702 19.585 3.504 12.473 20.557
3 16 -.355 14.458 17.69 3.504 12.473 20.557 3.443 15.702 19.585
3 16 4.425 17.823 21.162 6.054 18.532 20.139 3.954 20.021 21.431
3 16 6.054 18.532 20.139 4.425 17.823 21.162 5.985 17.234 19.415
3 16 .689 24.294 20.49 .872 27.074 20.688 -.629 25.292 18.577
3 16 -.629 25.292 18.577 .872 27.074 20.688 -.01 26.809 19.195
3 16 -.01 26.809 19.195 -.789 26.544 18.334 -.629 25.292 18.577
3 16 10.197 23.746 17.96 9.756 24.93 18.24 7.608 23.443 21.306
3 16 9.756 24.93 18.24 7.731 24.718 20.183 7.608 23.443 21.306
3 16 7.608 23.443 21.306 7.731 24.718 20.183 6.407 25.073 19.839
3 16 19.586 25.461 -.591 14.397 26.308 -.156 19.241 28.583 3.847
3 16 14.397 26.308 -.156 14.625 27.646 3.974 19.241 28.583 3.847
3 16 -13.761 20.141 14.523 -12.942 14.016 14.078 -13.119 20.121 14.62
3 16 -13.119 20.121 14.62 -12.942 14.016 14.078 -11.647 14.583 14.541
3 16 -12.942 14.016 14.078 -13.761 20.141 14.523 -13.643 14.442 13.471
3 16 -13.761 20.141 14.523 -14.23 20.031 13.979 -13.643 14.442 13.471
3 16 -19.688 12.798 5.638 -20.142 17.754 5.54 -21.041 12.239 4.538
3 16 -20.142 17.754 5.54 -22.222 21.717 2.967 -21.041 12.239 4.538
3 16 -22.222 21.717 2.967 -21.347 12.202 1.14 -21.041 12.239 4.538
3 16 -23.003 26.078 .394 -23.766 20.102 .622 -21.787 26.044 1.381
3 16 -21.787 26.044 1.381 -23.766 20.102 .622 -21.347 12.202 1.14
3 16 5.195 20.76 21.768 4.546 21.915 22.435 3.954 20.021 21.431
3 16 4.546 21.915 22.435 1.57 20.422 21.307 3.954 20.021 21.431
3 16 3.954 20.021 21.431 1.57 20.422 21.307 1.745 19.188 20.348
3 16 2.414 42.11 15.62 3.87 40.035 19.117 5.168 40.786 19.563
3 16 -10.862 6.958 -9.876 -11.771 12.231 -12.127 -10.129 7.259 -10.794
3 16 -11.771 12.231 -12.127 -10.782 12.557 -11.886 -10.129 7.259 -10.794
3 16 -11.771 12.231 -12.127 -10.862 6.958 -9.876 -13.009 12.608 -9.649
3 16 -12.129 7.112 -8.393 -13.009 12.608 -9.649 -10.862 6.958 -9.876
3 16 -12.784 7.044 -7.476 -14.462 12.286 -9.207 -12.129 7.112 -8.393
3 16 -14.462 12.286 -9.207 -13.009 12.608 -9.649 -12.129 7.112 -8.393
3 16 -13.543 7.22 -6.011 -15.169 12.55 -7.585 -12.784 7.044 -7.476
3 16 -15.169 12.55 -7.585 -14.462 12.286 -9.207 -12.784 7.044 -7.476
3 16 -16.6 12.229 -6.641 -15.169 12.55 -7.585 -14.272 7.171 -4.824
3 16 -15.169 12.55 -7.585 -13.543 7.22 -6.011 -14.272 7.171 -4.824
3 16 -17.188 12.508 -4.689 -16.6 12.229 -6.641 -15.269 6.449 -4.392
3 16 -15.269 6.449 -4.392 -16.6 12.229 -6.641 -14.272 7.171 -4.824
3 16 -19.73 11.561 -2.19 -17.833 2.789 -2.261 -21.799 11.499 -1.996
3 16 -19.952 1.981 -1.895 -21.799 11.499 -1.996 -17.833 2.789 -2.261
3 16 -8.531 7.097 -11.107 -9.766 8.272 -10.549 -8.201 7.714 -9.855
3 16 -9.192 14.037 -9.192 -8.201 7.714 -9.855 -9.766 8.272 -10.549
3 16 -9.766 8.272 -10.549 -9.313 13.355 -10.623 -9.192 14.037 -9.192
3 16 -10.129 7.259 -10.794 -10.782 12.557 -11.886 -9.766 8.272 -10.549
3 16 -10.782 12.557 -11.886 -9.313 13.355 -10.623 -9.766 8.272 -10.549
4 16 -10.137 20.945 -13.755 -10.782 12.557 -11.886 -11.771 12.231 -12.127 -11.88 20.824 -14.269
3 16 -11.88 20.824 -14.269 -11.771 12.231 -12.127 -14.033 20.984 -11.098
3 16 -14.033 20.984 -11.098 -11.771 12.231 -12.127 -13.009 12.608 -9.649
3 16 -14.462 12.286 -9.207 -16.318 20.894 -9.515 -13.009 12.608 -9.649
3 16 -16.318 20.894 -9.515 -14.033 20.984 -11.098 -13.009 12.608 -9.649
3 16 -16.318 20.894 -9.515 -14.462 12.286 -9.207 -17.056 20.741 -7.713
3 16 -14.462 12.286 -9.207 -15.169 12.55 -7.585 -17.056 20.741 -7.713
3 16 -17.056 20.741 -7.713 -15.169 12.55 -7.585 -18.428 20.265 -7.057
3 16 -18.428 20.265 -7.057 -15.169 12.55 -7.585 -16.6 12.229 -6.641
3 16 -18.428 20.265 -7.057 -16.6 12.229 -6.641 -18.183 16.059 -4.929
3 16 -18.183 16.059 -4.929 -19.3 20.046 -5.198 -18.428 20.265 -7.057
3 16 -17.188 12.508 -4.689 -18.183 16.059 -4.929 -16.6 12.229 -6.641
3 16 -21.799 11.499 -1.996 -23.113 19.432 -1.495 -20.646 15.6 -2.169
3 16 -20.646 15.6 -2.169 -19.73 11.561 -2.19 -21.799 11.499 -1.996
3 16 -21.494 19.337 -2.149 -20.646 15.6 -2.169 -23.113 19.432 -1.495
3 16 -22.227 11.2 .395 -23.766 20.102 .622 -21.799 11.499 -1.996
3 16 -23.766 20.102 .622 -23.113 19.432 -1.495 -21.799 11.499 -1.996
3 16 -21.347 12.202 1.14 -22.222 21.717 2.967 -21.787 26.044 1.381
3 16 -23.766 20.102 .622 -22.227 11.2 .395 -21.347 12.202 1.14
3 16 -12.654 28.973 -14.521 -12.365 34.446 -14.131 -11.772 33.971 -15.637
3 16 -11.772 33.971 -15.637 -11.518 29.713 -16 -12.654 28.973 -14.521
3 16 -9.195 29.935 -15.999 -11.518 29.713 -16 -10.158 34.552 -15.964
3 16 -11.518 29.713 -16 -11.772 33.971 -15.637 -10.158 34.552 -15.964
3 16 -8.485 29.659 -14.773 -9.195 29.935 -15.999 -9.699 36.031 -14.879
3 16 -9.195 29.935 -15.999 -10.158 34.552 -15.964 -9.699 36.031 -14.879
3 16 -19.228 12.94 7.538 -19.746 18.952 9.06 -19.688 12.798 5.638
3 16 -19.746 18.952 9.06 -20.142 17.754 5.54 -19.688 12.798 5.638
3 16 -19.746 18.952 9.06 -19.228 12.94 7.538 -18.128 19.142 8.96
3 16 -18.128 19.142 8.96 -19.228 12.94 7.538 -17.536 13.246 8.211
3 16 -17.314 13.537 9.517 -17.239 19.827 10.194 -17.536 13.246 8.211
3 16 -17.239 19.827 10.194 -18.128 19.142 8.96 -17.536 13.246 8.211
3 16 -15.51 13.345 10.638 -16.276 20.034 11.327 -17.314 13.537 9.517
3 16 -16.276 20.034 11.327 -17.239 19.827 10.194 -17.314 13.537 9.517
4 16 -16.276 20.034 11.327 -15.51 13.345 10.638 -15.355 13.766 12.868 -16.007 19.975 14.025
3 16 -15.355 13.766 12.868 -13.643 14.442 13.471 -16.007 19.975 14.025
3 16 -14.23 20.031 13.979 -16.007 19.975 14.025 -13.643 14.442 13.471
3 16 9.692 26.533 17.974 8.917 29.653 18.023 7.487 26.913 21.206
3 16 8.917 29.653 18.023 6.68 29.682 20.072 7.487 26.913 21.206
3 16 5.583 29.132 20.058 5.583 25.987 20.116 6.141 29.587 19.978
3 16 6.141 29.587 19.978 5.583 25.987 20.116 7.487 26.913 21.206
3 16 7.487 26.913 21.206 6.68 29.682 20.072 6.141 29.587 19.978
4 16 11.326 31.684 16.525 11.174 29.117 16.89 11.838 28.931 14.589 11.977 31.413 14.193
3 16 8.917 29.653 18.023 11.326 31.684 16.525 10.601 31.758 17.451
3 16 13.592 13.498 -10.031 13.36 13.66 -11.791 13.088 14.828 -12.022
3 16 13.088 14.828 -12.022 13.075 14.657 -10.884 13.592 13.498 -10.031
3 16 -8.173 22.179 -12.686 -9.313 13.355 -10.623 -10.137 20.945 -13.755
3 16 -9.313 13.355 -10.623 -10.782 12.557 -11.886 -10.137 20.945 -13.755
3 16 1.57 20.422 21.307 2.213 23.654 21.658 .689 24.294 20.49
3 16 -16.693 26.877 11.217 -17.239 19.827 10.194 -15.532 26.254 11.861
3 16 -15.532 26.254 11.861 -17.239 19.827 10.194 -16.276 20.034 11.327
3 16 -18.128 19.142 8.96 -17.239 19.827 10.194 -17.366 26.751 9.242
3 16 -16.693 26.877 11.217 -17.366 26.751 9.242 -17.239 19.827 10.194
3 16 -.098 29.661 19.321 -1.184 29.588 18.05 .283 28.221 19.13
3 16 .283 28.221 19.13 -1.184 29.588 18.05 -.786 27.995 18.088
3 16 -13.084 34.044 13.629 -14.46 26.522 13.606 -11.433 34.053 14.371
3 16 -14.46 26.522 13.606 -12.886 27.356 14.513 -11.433 34.053 14.371
3 16 -15.532 26.254 11.861 -14.46 26.522 13.606 -14.129 33.975 12.654
3 16 -14.46 26.522 13.606 -13.084 34.044 13.629 -14.129 33.975 12.654
3 16 -15.532 26.254 11.861 -14.129 33.975 12.654 -15.538 33.717 12.729
3 16 -15.538 33.717 12.729 -16.693 26.877 11.217 -15.532 26.254 11.861
3 16 -18.314 32.211 10.517 -17.366 26.751 9.242 -16.693 26.877 11.217
3 16 -15.538 33.717 12.729 -15.795 34.409 10 -16.693 26.877 11.217
3 16 -14.357 26.071 .722 -20.085 32.119 9.296 -15.795 34.409 10
3 16 -21.36 26.49 2.886 -20.085 32.119 9.296 -14.357 26.071 .722
3 16 -20.085 32.119 9.296 -18.314 32.211 10.517 -15.795 34.409 10
3 16 -15.795 34.409 10 -18.314 32.211 10.517 -16.693 26.877 11.217
3 16 -18.44 26.747 8.727 -17.366 26.751 9.242 -18.314 32.211 10.517
3 16 -18.314 32.211 10.517 -20.71 31.062 9.94 -18.44 26.747 8.727
3 16 -1.629 6.675 17.853 .926 5.99 18.176 1.17 7.283 19.324
3 16 1.17 7.283 19.324 -.28 8 18.72 -1.629 6.675 17.853
3 16 -1.629 6.675 17.853 -4.844 5.51 17.364 -5.601 .457 16.498
3 16 14.81 5.883 -6.312 14.911 6.238 -5.482 15.504 6.502 -3.381
3 16 15.726 28.546 13.639 17.148 28.211 10.819 15.035 32.02 11.229
3 16 17.066 30.017 7.839 15.424 32.258 10 17.992 28.067 10.078
3 16 15.424 32.258 10 15.035 32.02 11.229 17.992 28.067 10.078
3 16 15.035 32.02 11.229 17.148 28.211 10.819 17.992 28.067 10.078
3 16 15.035 32.02 11.229 14.292 31.398 12.393 15.726 28.546 13.639
3 16 13.276 28.339 13.274 15.726 28.546 13.639 14.292 31.398 12.393
3 16 14.292 31.398 12.393 14.029 40.418 12.619 11.977 31.413 14.193
3 16 11.326 31.684 16.525 11.977 31.413 14.193 11.396 40.486 14.131
3 16 11.396 40.486 14.131 11.977 31.413 14.193 14.029 40.418 12.619
3 16 10.284 41.435 13.321 9.993 40.282 13.406 11.396 40.486 14.131
3 16 10.601 31.758 17.451 11.326 31.684 16.525 9.656 33.786 17.234
3 16 9.656 33.786 17.234 11.326 31.684 16.525 9.99 36.394 15.8
3 16 9.99 36.394 15.8 11.326 31.684 16.525 11.396 40.486 14.131
3 16 9.993 40.282 13.406 9.99 36.394 15.8 11.396 40.486 14.131
3 16 9.993 40.282 13.406 7.827 41.516 17.801 9.99 36.394 15.8
3 16 8.219 36.388 19.125 9.99 36.394 15.8 7.827 41.516 17.801
3 16 7.827 41.516 17.801 6.482 40.245 18.605 8.219 36.388 19.125
3 16 6.482 40.245 18.605 6.749 36.14 18.757 8.219 36.388 19.125
3 16 5.938 36.023 19.123 6.749 36.14 18.757 5.168 40.786 19.563
3 16 6.749 36.14 18.757 6.482 40.245 18.605 5.168 40.786 19.563
3 16 5.938 36.023 19.123 5.168 40.786 19.563 5.29 35.802 19.147
3 16 5.29 35.802 19.147 5.168 40.786 19.563 3.87 40.035 19.117
3 16 3.238 40.079 19.493 4.87 35.805 20.116 3.87 40.035 19.117
3 16 4.87 35.805 20.116 5.29 35.802 19.147 3.87 40.035 19.117
3 16 4.87 35.805 20.116 3.238 40.079 19.493 3.245 35.192 19.617
3 16 3.238 40.079 19.493 1.936 39.342 18.766 3.245 35.192 19.617
3 16 .601 39.373 18.956 1.947 34.747 20.766 1.936 39.342 18.766
3 16 1.947 34.747 20.766 3.245 35.192 19.617 1.936 39.342 18.766
3 16 1.947 34.747 20.766 .601 39.373 18.956 .635 34.438 19.023
3 16 -1.421 33.914 17.838 -.64 34.121 19.633 .076 39.351 15.725
3 16 -.64 34.121 19.633 .635 34.438 19.023 .076 39.351 15.725
3 16 .635 34.438 19.023 .601 39.373 18.956 .076 39.351 15.725
3 16 -10.391 41.331 13.787 -13.275 41.043 14.052 -11.433 34.053 14.371
3 16 -13.084 34.044 13.629 -11.433 34.053 14.371 -13.275 41.043 14.052
3 16 -13.084 34.044 13.629 -13.275 41.043 14.052 -14.129 33.975 12.654
3 16 -14.444 40.592 12.43 -14.129 33.975 12.654 -13.275 41.043 14.052
3 16 -13.275 41.043 14.052 -10.391 41.331 13.787 -12.266 43.586 12.27
3 16 -10.391 41.331 13.787 -10.153 43.013 12.322 -12.266 43.586 12.27
3 16 11.396 40.486 14.131 14.029 40.418 12.619 13.07 43.337 10
3 16 13.07 43.337 10 14.029 40.418 12.619 14.15 40.236 10
3 16 13.594 8.276 7.532 13.928 7.63 8.151 14.33 7.92 6.193
3 16 15.929 6.783 1.767 16.714 8.889 3.188 14.71 7.527 5.376
3 16 15.668 6.705 3.199 14.71 7.527 5.376 13.928 7.63 8.151
3 16 14.71 7.527 5.376 14.33 7.92 6.193 13.928 7.63 8.151
3 16 9.989 8.41 14.441 12.635 8.028 10.531 11.612 8.693 11.439
3 16 12.635 8.028 10.531 12.244 8.58 10.391 11.612 8.693 11.439
3 16 11.612 8.693 11.439 10.63 9.192 13.511 9.989 8.41 14.441
3 16 -9.766 8.272 -10.549 -8.531 7.097 -11.107 -10.129 7.259 -10.794
3 16 -12.129 7.112 -8.393 -10.862 6.958 -9.876 -12.352 6.721 -8.58
3 16 -12.352 6.721 -8.58 -10.862 6.958 -9.876 -6.747 6.605 -13.1
3 16 -10.862 6.958 -9.876 -10.129 7.259 -10.794 -6.747 6.605 -13.1
3 16 -10.129 7.259 -10.794 -8.531 7.097 -11.107 -6.747 6.605 -13.1
3 16 -6.747 6.605 -13.1 -8.531 7.097 -11.107 -4.975 7.023 -12.011
3 16 -8.531 7.097 -11.107 -8.201 7.714 -9.855 -4.975 7.023 -12.011
3 16 15.929 6.783 1.767 17.742 8.384 -.208 20.101 13.471 2.259
3 16 20.101 13.471 2.259 17.742 8.384 -.208 19.702 13.488 -.243
3 16 15.929 6.783 1.767 20.101 13.471 2.259 16.714 8.889 3.188
3 16 16.714 8.889 3.188 20.101 13.471 2.259 19.08 13.796 3.872
3 16 -14.468 26.723 -4.396 -20.801 25.707 -3.867 -14.357 26.071 .722
3 16 -20.801 25.707 -3.867 -22.235 26.557 -2.196 -14.357 26.071 .722
3 16 -22.235 26.557 -2.196 -21.787 26.044 1.381 -14.357 26.071 .722
3 16 -14.357 26.071 .722 -21.787 26.044 1.381 -21.36 26.49 2.886
3 16 15.88 6.589 -1.886 15.95 6.572 -.833 15.983 6.211 -1.653
3 16 15.929 6.783 1.767 14.71 7.527 5.376 15.668 6.705 3.199
3 16 15.668 6.705 3.199 15.983 6.211 -1.653 15.929 6.783 1.767
3 16 15.983 6.211 -1.653 15.95 6.572 -.833 15.929 6.783 1.767
3 16 15.95 6.572 -.833 17.742 8.384 -.208 15.929 6.783 1.767
3 16 15.201 34.019 -13.228 15.776 28.18 -13.212 13.982 33.61 -14.279
3 16 15.776 28.18 -13.212 14.874 27.902 -14.21 13.982 33.61 -14.279
3 16 14.874 27.902 -14.21 14.436 28.279 -14.492 13.982 33.61 -14.279
3 16 -9.699 36.031 -14.879 -7.248 36.149 -15.506 -8.485 29.659 -14.773
3 16 -7.127 29.917 -14.439 -8.485 29.659 -14.773 -7.248 36.149 -15.506
3 16 -15.478 39.993 -13.943 -16.324 38.927 -10.287 -15.274 40.774 -10.409
3 16 -7.248 36.149 -15.506 -9.699 36.031 -14.879 -7.15 40.212 -14.189
3 16 -14.402 34.419 -14.706 -15.478 39.993 -13.943 -12.365 34.446 -14.131
3 16 -7.15 40.212 -14.189 -9.699 36.031 -14.879 -15.478 39.993 -13.943
3 16 -15.478 39.993 -13.943 -9.699 36.031 -14.879 -12.365 34.446 -14.131
3 16 .387 6.404 -14.575 -6.747 6.605 -13.1 0 6.802 -12.9995
3 16 -4.975 7.023 -12.011 0 6.802 -12.9995 -6.747 6.605 -13.1
3 16 -12.365 34.446 -14.131 -12.654 28.973 -14.521 -14.402 34.419 -14.706
3 16 -12.654 28.973 -14.521 -14.845 29.31 -14.271 -14.402 34.419 -14.706
3 16 -15.079 30.255 -10 -15.853 34.914 -9.996 -14.845 29.31 -14.271
3 16 -15.853 34.914 -9.996 -14.402 34.419 -14.706 -14.845 29.31 -14.271
3 16 -6.545 41.097 -10.961 -7.15 40.212 -14.189 -8.472 41.589 -9.674
3 16 -7.15 40.212 -14.189 -15.478 39.993 -13.943 -8.472 41.589 -9.674
3 16 -15.274 40.774 -10.409 -8.472 41.589 -9.674 -15.478 39.993 -13.943
3 16 -5.859 36.224 -11.42 -7.248 36.149 -15.506 -6.545 41.097 -10.961
3 16 -6.545 41.097 -10.961 -7.248 36.149 -15.506 -7.15 40.212 -14.189
3 16 -5.948 29.163 -11.361 -7.127 29.917 -14.439 -5.859 36.224 -11.42
3 16 -7.127 29.917 -14.439 -7.248 36.149 -15.506 -5.859 36.224 -11.42
3 16 -7.127 29.917 -14.439 -5.948 29.163 -11.361 -8.173 22.179 -12.686
3 16 -5.948 29.163 -11.361 -7.805 22.741 -10.12 -8.173 22.179 -12.686
3 16 -9.699 36.031 -14.879 -10.158 34.552 -15.964 -11.772 33.971 -15.637
3 16 -11.772 33.971 -15.637 -12.365 34.446 -14.131 -9.699 36.031 -14.879
3 16 19.82 29.225 5.879 19.241 28.583 3.847 17.066 30.017 7.839
3 16 15.424 32.258 10 17.066 30.017 7.839 14.625 27.646 3.974
3 16 17.066 30.017 7.839 19.241 28.583 3.847 14.625 27.646 3.974
3 16 19.241 28.583 3.847 19.82 29.225 5.879 21.965 25.872 4.024
3 16 19.82 29.225 5.879 20.739 26.122 5.617 21.965 25.872 4.024
3 16 21.965 25.872 4.024 21.9 23.569 -.379 19.241 28.583 3.847
3 16 19.586 25.461 -.591 19.241 28.583 3.847 21.9 23.569 -.379
3 16 19.046 26.709 -2.532 21.418 25.062 -4.741 18.089 27.684 -5.992
3 16 21.418 25.062 -4.741 20.187 25.939 -5.882 18.089 27.684 -5.992
3 16 20.042 26.426 -8.177 18.089 27.684 -5.992 20.187 25.939 -5.882
3 16 10.768 6.12 -10.994 10.716 6.373 -10.504 13.932 6.212 -7.512
3 16 9.131 6.411 -11.347 10.423 9.036 -10.211 10.716 6.373 -10.504
3 16 12.25 8.951 -10.783 10.716 6.373 -10.504 10.773 9.17 -10.676
3 16 10.716 6.373 -10.504 10.423 9.036 -10.211 10.773 9.17 -10.676
3 16 9.192 8.069 -9.192 9.668 9.94 -8.48 10.423 9.036 -10.211
3 16 8.852 7.086 -9.42 9.192 8.069 -9.192 10.423 9.036 -10.211
3 16 9.668 9.94 -8.48 10.355 9.774 -10.264 10.423 9.036 -10.211
3 16 10.423 9.036 -10.211 9.131 6.411 -11.347 8.852 7.086 -9.42
3 16 8.852 7.086 -9.42 9.131 6.411 -11.347 8.278 6.709 -9.804
3 16 -9.313 13.355 -10.623 -8.173 22.179 -12.686 -9.192 14.037 -9.192
3 16 -8.173 22.179 -12.686 -7.805 22.741 -10.12 -9.192 14.037 -9.192
3 16 -22.235 26.557 -2.196 -23.003 26.078 .394 -21.787 26.044 1.381
3 16 -23.505 25.859 -1.562 -23.003 26.078 .394 -22.235 26.557 -2.196
3 16 13.726 18.339 -13.487 13.062 18.842 -13.813 13.385 19.344 -13.317
3 16 13.385 19.344 -13.317 13.682 19.266 -12.981 13.726 18.339 -13.487
3 16 15.668 40.307 -10 15.431 40.354 -12.671 12.603 42.031 -10
3 16 12.603 42.031 -10 15.431 40.354 -12.671 14.425 40.754 -13.306
3 16 10.159 22.514 -14.05 11.18 20.333 -13.51 8.092 22.234 -12.654
3 16 11.18 20.333 -13.51 10.835 19.258 -13.154 8.092 22.234 -12.654
3 16 9.377 17.32 -10.73 8.092 22.234 -12.654 10.835 19.258 -13.154
3 16 10.835 19.258 -13.154 10.713 16.16 -12.039 9.377 17.32 -10.73
4 16 10.682 13.472 -11.638 10.691 12.492 -11.524 10.355 9.774 -10.264 9.668 9.94 -8.48
3 16 10.682 13.472 -11.638 9.668 9.94 -8.48 9.192 17.502 -9.192
3 16 9.192 17.502 -9.192 10.869 15.197 -11.883 11.178 14.577 -11.741
3 16 11.178 14.577 -11.741 10.682 13.472 -11.638 9.192 17.502 -9.192
3 16 9.192 17.502 -9.192 9.377 17.32 -10.73 10.869 15.197 -11.883
3 16 10.869 15.197 -11.883 9.377 17.32 -10.73 10.713 16.16 -12.039
3 16 13.755 20.184 -12.649 13.503 20.129 -13.753 14.183 20.76 -14.737
3 16 12.463 19.939 -14.499 12.59 20.027 -14.776 13.503 20.129 -13.753
3 16 12.59 20.027 -14.776 14.183 20.76 -14.737 13.503 20.129 -13.753
3 16 13.062 18.842 -13.813 11.996 18.771 -14.043 12.897 19.173 -13.79
3 16 12.075 19.051 -13.865 12.897 19.173 -13.79 11.996 18.771 -14.043
3 16 12.72 15.686 -12.337 11.734 15.918 -13.152 12.931 15.887 -12.857
3 16 13.088 14.828 -12.022 13.338 15.29 -10.867 13.075 14.657 -10.884
3 16 12.59 20.027 -14.776 12.463 19.939 -14.499 11.025 20.702 -15.167
3 16 11.18 20.333 -13.51 11.025 20.702 -15.167 12.463 19.939 -14.499
3 16 11.18 20.333 -13.51 10.159 22.514 -14.05 11.025 20.702 -15.167
3 16 11.025 20.702 -15.167 10.159 22.514 -14.05 10.312 22.302 -15.683
3 16 11.098 23.763 -15.928 10.312 22.302 -15.683 10.306 23.782 -14.372
3 16 10.312 22.302 -15.683 10.159 22.514 -14.05 10.306 23.782 -14.372
3 16 13.64 19.419 -12.476 13.682 19.266 -12.981 13.531 19.589 -12.521
3 16 13.531 19.589 -12.521 13.682 19.266 -12.981 13.385 19.344 -13.317
3 16 11.133 17.985 -13.986 11.066 19.144 -13.696 11.996 18.771 -14.043
3 16 12.463 19.939 -14.499 12.075 19.051 -13.865 11.18 20.333 -13.51
3 16 10.835 19.258 -13.154 11.18 20.333 -13.51 12.075 19.051 -13.865
3 16 13.385 19.344 -13.317 12.897 19.173 -13.79 13.503 20.129 -13.753
3 16 13.503 20.129 -13.753 12.897 19.173 -13.79 12.463 19.939 -14.499
3 16 12.897 19.173 -13.79 12.075 19.051 -13.865 12.463 19.939 -14.499
3 16 13.503 20.129 -13.753 13.755 20.184 -12.649 13.385 19.344 -13.317
3 16 13.531 19.589 -12.521 13.385 19.344 -13.317 13.755 20.184 -12.649
3 16 2.414 42.11 15.62 3.731 43.651 15.555 2.332 46.922 15.389
3 16 3.731 43.651 15.555 4.106 45.651 14.28 2.332 46.922 15.389
3 16 2.332 46.922 15.389 .427 46.656 14.752 2.414 42.11 15.62
3 16 .427 46.656 14.752 .431 42.32 15.602 2.414 42.11 15.62
3 16 1.936 39.342 18.766 1.983 41.06 15.561 .601 39.373 18.956
3 16 1.983 41.06 15.561 .076 39.351 15.725 .601 39.373 18.956
3 16 .256 47.279 12.949 .427 46.656 14.752 3.377 47.889 12.328
3 16 3.377 47.889 12.328 .427 46.656 14.752 2.332 46.922 15.389
3 16 2.332 46.922 15.389 4.106 45.651 14.28 3.377 47.889 12.328
3 16 4.106 45.651 14.28 4.975 46.337 12.011 3.377 47.889 12.328
3 16 0 41.988 13 .431 42.32 15.602 .256 47.279 12.949
3 16 .427 46.656 14.752 .256 47.279 12.949 .431 42.32 15.602
3 16 -15.795 34.409 10 -15.538 33.717 12.729 -14.578 35.034 10
3 16 -15.538 33.717 12.729 -14.129 33.975 12.654 -14.578 35.034 10
3 16 -12.266 43.586 12.27 -12.355 43.813 10 -14.792 41.824 11.374
3 16 -14.792 41.824 11.374 -12.355 43.813 10 -14.807 41.685 10
3 16 6.124 46.932 11.243 4.975 46.337 12.011 7.548 46.043 14.81
3 16 4.975 46.337 12.011 4.106 45.651 14.28 7.548 46.043 14.81
3 16 14.292 31.398 12.393 15.035 32.02 11.229 14.029 40.418 12.619
3 16 14.029 40.418 12.619 15.035 32.02 11.229 14.15 40.236 10
3 16 15.035 32.02 11.229 15.424 32.258 10 14.15 40.236 10
3 16 12.72 15.686 -12.337 12.931 15.887 -12.857 13.621 15.992 -12.273
3 16 13.621 15.992 -12.273 13.394 15.754 -10.993 12.72 15.686 -12.337
3 16 13.621 15.992 -12.273 13.655 16.116 -11.038 13.394 15.754 -10.993
3 16 12.72 15.686 -12.337 13.394 15.754 -10.993 13.088 14.828 -12.022
3 16 13.394 15.754 -10.993 13.338 15.29 -10.867 13.088 14.828 -12.022
3 16 13.355 9.307 -9.108 13.048 9.354 -10.823 13.568 12.188 -9.718
3 16 13.048 9.354 -10.823 13.279 11.964 -11.55 13.568 12.188 -9.718
3 16 12.25 8.951 -10.783 13.048 9.354 -10.823 13.355 9.307 -9.108
3 16 13.048 9.354 -10.823 12.25 8.951 -10.783 10.937 9.334 -11.218
3 16 10.773 9.17 -10.676 10.937 9.334 -11.218 12.25 8.951 -10.783
3 16 13.112 12.572 -11.58 13.279 11.964 -11.55 10.905 12.107 -12.043
3 16 10.905 12.107 -12.043 10.691 12.492 -11.524 13.112 12.572 -11.58
3 16 13.279 11.964 -11.55 13.112 12.572 -11.58 13.568 12.188 -9.718
3 16 13.112 12.572 -11.58 13.459 12.53 -9.871 13.568 12.188 -9.718
3 16 -15.014 7.122 8.316 -17.314 13.537 9.517 -16.13 6.74 7.069
3 16 -16.13 6.74 7.069 -17.314 13.537 9.517 -17.536 13.246 8.211
3 16 -15.51 13.345 10.638 -13.776 7.786 9.974 -15.355 13.766 12.868
3 16 -13.776 7.786 9.974 -11.82 8.395 12.089 -11.742 9.344 11.928
3 16 -11.742 9.344 11.928 -13.643 14.442 13.471 -15.355 13.766 12.868
3 16 -11.742 9.344 11.928 -11.82 8.395 12.089 -10.828 9.579 13.476
3 16 -11.82 8.395 12.089 -11.06 8.531 13.828 -10.828 9.579 13.476
3 16 2.213 23.654 21.658 6.407 25.073 19.839 2.477 25.278 21.029
3 16 6.407 25.073 19.839 5.583 25.987 20.116 2.477 25.278 21.029
3 16 2.922 31.942 19.937 1.262 32.031 19.285 2.672 30.646 20.646
3 16 2.672 30.646 20.646 1.262 32.031 19.285 1.285 30.603 19.457
3 16 2.672 30.646 20.646 1.285 30.603 19.457 1.156 29.36 19.44
3 16 1.156 29.36 19.44 2.732 29.432 20.28 2.672 30.646 20.646
3 16 2.732 29.432 20.28 1.156 29.36 19.44 .872 27.074 20.688
3 16 1.156 29.36 19.44 .283 28.221 19.13 .872 27.074 20.688
3 16 .872 27.074 20.688 .283 28.221 19.13 -.01 26.809 19.195
3 16 3.87 40.035 19.117 2.414 42.11 15.62 3.238 40.079 19.493
3 16 1.936 39.342 18.766 3.238 40.079 19.493 2.414 42.11 15.62
3 16 2.414 42.11 15.62 1.983 41.06 15.561 1.936 39.342 18.766
3 16 .635 34.438 19.023 -.64 34.121 19.633 1.262 32.031 19.285
3 16 -.098 29.661 19.321 1.285 30.603 19.457 -.64 34.121 19.633
3 16 -.64 34.121 19.633 1.285 30.603 19.457 1.262 32.031 19.285
3 16 -.098 29.661 19.321 -.64 34.121 19.633 -1.184 29.588 18.05
3 16 -1.184 29.588 18.05 -.64 34.121 19.633 -1.589 31.213 18.01
3 16 -.64 34.121 19.633 -1.421 33.914 17.838 -1.589 31.213 18.01
3 16 2.922 31.942 19.937 5.657 32.167 19.377 4.354 32.333 19.761
3 16 5.657 32.167 19.377 5.572 32.711 19.399 4.354 32.333 19.761
3 16 2.672 30.646 20.646 5.823 30.707 20.366 2.922 31.942 19.937
3 16 5.823 30.707 20.366 5.657 32.167 19.377 2.922 31.942 19.937
3 16 5.823 30.707 20.366 2.672 30.646 20.646 5.583 29.132 20.058
3 16 5.583 29.132 20.058 2.672 30.646 20.646 2.732 29.432 20.28
3 16 2.414 42.11 15.62 6.482 40.245 18.605 3.731 43.651 15.555
3 16 3.731 43.651 15.555 6.482 40.245 18.605 6.753 42.212 15.393
3 16 6.753 42.212 15.393 6.482 40.245 18.605 7.827 41.516 17.801
3 16 -1.969 8.765 16.824 -.28 8 18.72 1.019 8.871 18.861
3 16 -.28 8 18.72 -1.969 8.765 16.824 -1.629 6.675 17.853
3 16 -1.629 6.675 17.853 -1.969 8.765 16.824 -4.844 5.51 17.364
3 16 6.252 12.727 18.801 7.842 13.165 19.139 6.409 14.613 19.189
3 16 7.842 13.165 19.139 8.272 16.709 19.36 6.409 14.613 19.189
3 16 8.272 16.709 19.36 7.166 17.215 19.646 6.409 14.613 19.189
3 16 7.151 9.058 17.117 7.842 13.165 19.139 5.884 9.078 17.619
3 16 6.252 12.727 18.801 5.884 9.078 17.619 7.842 13.165 19.139
3 16 -18.428 20.265 -7.057 -19.3 20.046 -5.198 -19.768 25.883 -6.303
3 16 -19.3 20.046 -5.198 -21.086 20.541 -2.277 -19.768 25.883 -6.303
3 16 -19.768 25.883 -6.303 -21.086 20.541 -2.277 -20.801 25.707 -3.867
3 16 -20.801 25.707 -3.867 -21.086 20.541 -2.277 -22.235 26.557 -2.196
3 16 -20.085 32.119 9.296 -20.71 31.062 9.94 -18.314 32.211 10.517
3 16 -22.222 21.717 2.967 -20.71 31.062 9.94 -21.36 26.49 2.886
3 16 -20.71 31.062 9.94 -20.085 32.119 9.296 -21.36 26.49 2.886
3 16 15.971 22.287 -12.14 15.648 19.947 -11.523 15.132 22.363 -12.913
3 16 15.132 22.363 -12.913 15.648 19.947 -11.523 13.755 20.184 -12.649
3 16 15.648 19.947 -11.523 13.64 19.419 -12.476 13.755 20.184 -12.649
3 16 13.755 20.184 -12.649 13.64 19.419 -12.476 13.531 19.589 -12.521
3 16 15.648 19.947 -11.523 15.971 22.287 -12.14 16.013 20.199 -9.858
3 16 16.013 20.199 -9.858 15.971 22.287 -12.14 18.046 27.889 -8.832
3 16 18.046 27.889 -8.832 15.971 22.287 -12.14 16.104 28.948 -11.243
3 16 15.971 22.287 -12.14 15.776 28.18 -13.212 16.104 28.948 -11.243
3 16 14.233 23.857 -15.388 14.513 24.218 -15.07 14.581 23.897 -13.7
3 16 12.735 24.712 -15.478 14.513 24.218 -15.07 12.803 24.357 -15.837
3 16 12.803 24.357 -15.837 14.513 24.218 -15.07 14.233 23.857 -15.388
3 16 11.098 23.763 -15.928 11.061 24.24 -15.704 12.803 24.357 -15.837
3 16 11.061 24.24 -15.704 12.735 24.712 -15.478 12.803 24.357 -15.837
3 16 10.306 23.782 -14.372 11.061 24.24 -15.704 11.098 23.763 -15.928
3 16 13.829 34.052 -15.754 13.47 41.476 -14.628 13.982 33.61 -14.279
3 16 13.982 33.61 -14.279 13.47 41.476 -14.628 14.425 40.754 -13.306
3 16 13.982 33.61 -14.279 14.425 40.754 -13.306 15.201 34.019 -13.228
3 16 15.431 40.354 -12.671 15.201 34.019 -13.228 14.425 40.754 -13.306
3 16 15.201 34.019 -13.228 15.431 40.354 -12.671 15.801 34.558 -9.959
3 16 15.801 34.558 -9.959 15.431 40.354 -12.671 15.668 40.307 -10
3 16 9.904 41.513 -13.795 10.049 33.714 -14.606 7.285 40.257 -13.234
3 16 10.049 33.714 -14.606 7.031 32.876 -14.028 7.285 40.257 -13.234
3 16 10.305 41.604 -14.916 11.135 33.446 -16.292 9.904 41.513 -13.795
3 16 9.904 41.513 -13.795 11.135 33.446 -16.292 10.049 33.714 -14.606
3 16 11.135 33.446 -16.292 10.305 41.604 -14.916 13.829 34.052 -15.754
3 16 13.47 41.476 -14.628 13.829 34.052 -15.754 10.305 41.604 -14.916
3 16 7.548 46.043 14.81 4.106 45.651 14.28 6.753 42.212 15.393
3 16 4.106 45.651 14.28 3.731 43.651 15.555 6.753 42.212 15.393
3 16 .468 41.302 15.648 .431 42.32 15.602 0 41.988 13
3 16 0 41.988 13 -.564 41.505 12.888 .468 41.302 15.648
3 16 .431 42.32 15.602 .468 41.302 15.648 2.414 42.11 15.62
3 16 .076 39.351 15.725 .468 41.302 15.648 -.564 41.505 12.888
3 16 -12.355 43.813 10 -12.266 43.586 12.27 -10.016 43.325 10
3 16 -10.016 43.325 10 -12.266 43.586 12.27 -10.153 43.013 12.322
3 16 -14.129 33.975 12.654 -14.444 40.592 12.43 -14.578 35.034 10
3 16 -14.52 40.053 10 -14.578 35.034 10 -14.444 40.592 12.43
3 16 -14.807 41.685 10 -14.52 40.053 10 -14.792 41.824 11.374
3 16 -14.52 40.053 10 -14.444 40.592 12.43 -14.792 41.824 11.374
3 16 0 6.802 -12.9995 4.975 6.59 -12.011 .387 6.404 -14.575
3 16 8.278 6.709 -9.804 9.131 6.411 -11.347 4.975 6.59 -12.011
3 16 10.716 6.373 -10.504 10.768 6.12 -10.994 9.131 6.411 -11.347
3 16 10.768 6.12 -10.994 .387 6.404 -14.575 9.131 6.411 -11.347
3 16 9.131 6.411 -11.347 .387 6.404 -14.575 4.975 6.59 -12.011
3 16 10.284 41.435 13.321 10.07 42.483 10 9.744 40.559 12.673
3 16 9.078 41.297 10 9.744 40.559 12.673 10.07 42.483 10
3 16 8.438 44.806 10 6.124 46.932 11.243 8.431 45.249 13.066
3 16 8.431 45.249 13.066 6.124 46.932 11.243 7.548 46.043 14.81
3 16 13.062 18.842 -13.813 12.897 19.173 -13.79 13.385 19.344 -13.317
3 16 10.713 16.16 -12.039 12.72 15.686 -12.337 10.869 15.197 -11.883
3 16 12.72 15.686 -12.337 10.713 16.16 -12.039 10.857 16.064 -12.559
3 16 10.857 16.064 -12.559 11.734 15.918 -13.152 12.72 15.686 -12.337
3 16 13.119 24.086 15.088 13.587 24.906 14.337 11.838 28.931 14.589
3 16 11.838 28.931 14.589 11.828 25.803 15.352 13.119 24.086 15.088
3 16 13.587 24.906 14.337 14.167 25.924 13.406 11.838 28.931 14.589
3 16 14.167 25.924 13.406 13.276 28.339 13.274 11.838 28.931 14.589
3 16 11.931 23.834 15.416 13.119 24.086 15.088 11.828 25.803 15.352
3 16 11.371 26.27 17.303 11.48 23.436 17.175 11.828 25.803 15.352
3 16 11.48 23.436 17.175 11.931 23.834 15.416 11.828 25.803 15.352
3 16 9.692 26.533 17.974 9.756 24.93 18.24 11.371 26.27 17.303
4 16 11.48 23.436 17.175 11.371 26.27 17.303 9.756 24.93 18.24 10.197 23.746 17.96
3 16 .689 24.294 20.49 2.213 23.654 21.658 2.477 25.278 21.029
3 16 2.477 25.278 21.029 .872 27.074 20.688 .689 24.294 20.49
3 16 -13.275 41.043 14.052 -12.266 43.586 12.27 -14.792 41.824 11.374
3 16 -14.792 41.824 11.374 -14.444 40.592 12.43 -13.275 41.043 14.052
3 16 8.567 41.564 10 8.078 41.094 13.764 9.078 41.297 10
3 16 8.078 41.094 13.764 9.744 40.559 12.673 9.078 41.297 10
3 16 7.827 41.516 17.801 9.993 40.282 13.406 8.078 41.094 13.764
3 16 8.078 41.094 13.764 6.753 42.212 15.393 7.827 41.516 17.801
3 16 9.993 40.282 13.406 9.744 40.559 12.673 8.078 41.094 13.764
3 16 9.993 40.282 13.406 10.284 41.435 13.321 9.744 40.559 12.673
3 16 .076 39.351 15.725 1.983 41.06 15.561 .468 41.302 15.648
3 16 .468 41.302 15.648 1.983 41.06 15.561 2.414 42.11 15.62
3 16 -16.007 19.975 14.025 -14.23 20.031 13.979 -14.46 26.522 13.606
3 16 -19.746 18.952 9.06 -18.44 26.747 8.727 -20.142 17.754 5.54
3 16 -17.366 26.751 9.242 -18.44 26.747 8.727 -18.128 19.142 8.96
3 16 -18.128 19.142 8.96 -18.44 26.747 8.727 -19.746 18.952 9.06
3 16 3.954 20.021 21.431 3.375 18.475 21.373 4.425 17.823 21.162
3 16 1.942 18.251 20.837 1.745 19.188 20.348 -.013 17.23 18.338
3 16 -.013 17.23 18.338 1.745 19.188 20.348 .039 19.976 18.899
3 16 1.745 19.188 20.348 1.942 18.251 20.837 3.954 20.021 21.431
3 16 3.375 18.475 21.373 3.954 20.021 21.431 1.942 18.251 20.837
3 16 4.425 17.823 21.162 3.375 18.475 21.373 2.6 17.035 20.729
3 16 2.6 17.035 20.729 3.375 18.475 21.373 1.942 18.251 20.837
3 16 4.425 17.823 21.162 2.6 17.035 20.729 5.181 16.482 19.618
3 16 5.181 16.482 19.618 2.6 17.035 20.729 3.443 15.702 19.585
3 16 4.803 14.222 20.45 5.608 15.766 19.748 3.443 15.702 19.585
3 16 5.608 15.766 19.748 5.181 16.482 19.618 3.443 15.702 19.585
3 16 5.608 15.766 19.748 4.803 14.222 20.45 6.409 14.613 19.189
3 16 4.803 14.222 20.45 5.649 13.196 19.479 6.409 14.613 19.189
3 16 -.013 17.23 18.338 2.6 17.035 20.729 1.942 18.251 20.837
3 16 13.36 13.66 -11.791 13.592 13.498 -10.031 13.112 12.572 -11.58
3 16 13.459 12.53 -9.871 13.112 12.572 -11.58 13.592 13.498 -10.031
3 16 13.592 13.498 -10.031 14.708 12.779 -9.056 13.459 12.53 -9.871
3 16 13.459 12.53 -9.871 14.708 12.779 -9.056 13.568 12.188 -9.718
3 16 13.932 6.212 -7.512 14.511 6.271 -6.296 14.81 5.883 -6.312
3 16 14.511 6.271 -6.296 14.911 6.238 -5.482 14.81 5.883 -6.312
3 16 10.205 10.879 14.907 10.028 10.362 15.569 10.383 10.065 14.189
3 16 9.785 14.034 17.157 10.028 10.362 15.569 9.767 14.511 16.413
3 16 10.028 10.362 15.569 10.205 10.879 14.907 9.767 14.511 16.413
3 16 -21.799 11.499 -1.996 -19.952 1.981 -1.895 -22.227 11.2 .395
3 16 -22.227 11.2 .395 -19.952 1.981 -1.895 -20.805 2.332 .931
3 16 -20.805 2.332 .931 -20.617 3.129 1.861 -22.227 11.2 .395
3 16 -22.227 11.2 .395 -20.617 3.129 1.861 -21.347 12.202 1.14
3 16 7.397 6.314 17.823 6.65 5.028 16.656 9.38 6.397 14.683
3 16 -14.573 1.17 7.055 -14.459 2.55 6.969 -15.385 3.243 7.187
3 16 -15.385 3.243 7.187 -15.127 4.226 7.009 -16.053 4.919 7.227
3 16 9.989 8.41 14.441 10.63 9.192 13.511 10.028 10.362 15.569
3 16 10.028 10.362 15.569 7.151 9.058 17.117 9.989 8.41 14.441
3 16 10.028 10.362 15.569 10.63 9.192 13.511 10.383 10.065 14.189
3 16 4.491 5.385 17.658 6.65 5.028 16.656 7.397 6.314 17.823
3 16 7.397 6.314 17.823 4.627 6.918 19.014 4.491 5.385 17.658

2 24 -6.747 6.605 -13.1 .387 6.404 -14.575
2 24 .387 6.404 -14.575 10.768 6.12 -10.994
2 24 15.983 6.211 -1.653 15.668 6.705 3.199
2 24 12.635 8.028 10.531 9.989 8.41 14.441
2 24 -10.828 9.579 13.476 -11.06 8.531 13.828
2 24 12.604 .021 7.819 11.857 2.206 10.331
2 24 10.236 5.342 13.329 9.38 6.397 14.683
2 24 10.429 3.929 11.83 10.236 5.342 13.329
2 24 11.857 2.206 10.331 10.429 3.929 11.83
2 24 13.928 7.63 8.151 12.635 8.028 10.531
2 24 15.668 6.705 3.199 13.928 7.63 8.151
2 24 -15.269 6.449 -4.392 -12.352 6.721 -8.58
2 24 14.81 5.883 -6.312 15.983 6.211 -1.653
2 24 -12.352 6.721 -8.58 -6.747 6.605 -13.1
2 24 15.504 6.502 -3.381 14.911 6.238 -5.482
2 24 15.88 6.589 -1.886 15.504 6.502 -3.381
2 24 15.95 6.572 -.833 15.88 6.589 -1.886
2 24 14.911 6.238 -5.482 14.511 6.271 -6.296
2 24 14.33 7.92 6.193 14.71 7.527 5.376
2 24 13.594 8.276 7.532 14.33 7.92 6.193
2 24 12.788 8.585 8.66 13.594 8.276 7.532
2 24 12.244 8.58 10.391 12.788 8.585 8.66
2 24 11.612 8.693 11.439 12.244 8.58 10.391
2 24 10.63 9.192 13.511 11.612 8.693 11.439
2 24 -15.269 6.449 -4.392 -14.272 7.171 -4.824
2 24 -14.272 7.171 -4.824 -13.543 7.22 -6.011
2 24 -13.543 7.22 -6.011 -12.784 7.044 -7.476
2 24 -12.784 7.044 -7.476 -12.129 7.112 -8.393
2 24 -15.853 34.914 -9.996 -16.324 38.927 -10.287
2 24 14.513 24.218 -15.07 12.735 24.712 -15.478
2 24 14.754 27.47 -15.572 14.513 24.218 -15.07
2 24 10.869 27.713 -16.323 14.754 27.47 -15.572
2 24 12.735 24.712 -15.478 11.061 24.24 -15.704
2 24 11.061 24.24 -15.704 10.869 27.713 -16.323
2 24 10.306 23.782 -14.372 10.074 27.93 -14.629
2 24 11.061 24.24 -15.704 10.306 23.782 -14.372
2 24 10.074 27.93 -14.629 10.869 27.713 -16.323
2 24 10.285 28.521 -14.175 11.528 28.343 -15.713
2 24 10.074 27.93 -14.629 10.285 28.521 -14.175
2 24 11.528 28.343 -15.713 14.159 27.936 -15.246
2 24 14.874 27.902 -14.21 14.754 27.47 -15.572
2 24 14.159 27.936 -15.246 14.436 28.279 -14.492
2 24 14.436 28.279 -14.492 14.874 27.902 -14.21
2 24 10.857 16.064 -12.559 11.113 16.718 -13.567
2 24 11.113 16.718 -13.567 11.734 15.918 -13.152
2 24 10.713 16.16 -12.039 10.835 19.258 -13.154
2 24 10.857 16.064 -12.559 10.713 16.16 -12.039
2 24 11.133 17.985 -13.986 11.113 16.718 -13.567
2 24 10.835 19.258 -13.154 11.066 19.144 -13.696
2 24 11.066 19.144 -13.696 11.133 17.985 -13.986
2 24 12.931 15.887 -12.857 13.733 16.647 -12.92
2 24 13.733 16.647 -12.92 13.621 15.992 -12.273
2 24 13.655 16.116 -11.038 13.621 15.992 -12.273
2 24 13.64 19.419 -12.476 13.655 16.116 -11.038
2 24 13.682 19.266 -12.981 13.64 19.419 -12.476
2 24 13.733 16.647 -12.92 13.726 18.339 -13.487
2 24 13.726 18.339 -13.487 13.682 19.266 -12.981
2 24 13.355 9.307 -9.108 13.568 12.188 -9.718
2 24 13.932 6.212 -7.512 10.716 6.373 -10.504
2 24 12.25 8.951 -10.783 13.355 9.307 -9.108
2 24 6.417 40.008 -11.047 8.119 40.898 -10
2 24 10.306 23.782 -14.372 10.159 22.514 -14.05
2 24 14.511 6.271 -6.296 13.932 6.212 -7.512
2 24 14.874 27.902 -14.21 14.581 23.897 -13.7
2 24 14.581 23.897 -13.7 14.513 24.218 -15.07
2 24 15.132 22.363 -12.913 13.755 20.184 -12.649
2 24 14.183 20.76 -14.737 14.942 22.326 -14.954
2 24 10.835 19.258 -13.154 12.075 19.051 -13.865
2 24 11.178 14.577 -11.741 10.869 15.197 -11.883
2 24 13.088 14.828 -12.022 11.178 14.577 -11.741
2 24 10.682 13.472 -11.638 11.178 14.577 -11.741
2 24 10.355 9.774 -10.264 10.691 12.492 -11.524
2 24 10.905 12.107 -12.043 13.279 11.964 -11.55
2 24 10.691 12.492 -11.524 10.905 12.107 -12.043
2 24 13.048 9.354 -10.823 10.937 9.334 -11.218
2 24 10.937 9.334 -11.218 10.773 9.17 -10.676
2 24 10.423 9.036 -10.211 10.355 9.774 -10.264
2 24 10.773 9.17 -10.676 10.423 9.036 -10.211
2 24 13.394 15.754 -10.993 13.655 16.116 -11.038
2 24 13.338 15.29 -10.867 13.394 15.754 -10.993
2 24 13.592 13.498 -10.031 13.075 14.657 -10.884
2 24 13.075 14.657 -10.884 13.338 15.29 -10.867
2 24 14.581 23.897 -13.7 15.132 22.363 -12.913
2 24 14.942 22.326 -14.954 14.233 23.857 -15.388
2 24 -10.129 7.259 -10.794 -10.862 6.958 -9.876
2 24 -10.862 6.958 -9.876 -12.129 7.112 -8.393
2 24 -8.531 7.097 -11.107 -9.766 8.272 -10.549
2 24 -8.201 7.714 -9.855 -8.531 7.097 -11.107
2 24 -9.766 8.272 -10.549 -10.129 7.259 -10.794
2 24 13.088 14.828 -12.022 13.075 14.657 -10.884
2 24 14.71 7.527 5.376 15.929 6.783 1.767
5 24 10.63 9.192 13.511 9.989 8.41 14.441 11.612 8.693 11.439 10.028 10.362 15.569
2 24 15.95 6.572 -.833 15.929 6.783 1.767
2 24 -16.324 38.927 -10.287 -15.274 40.774 -10.409
2 24 -15.079 30.255 -10 -15.853 34.914 -9.996
2 24 -8.472 41.589 -9.674 -6.545 41.097 -10.961
2 24 -15.274 40.774 -10.409 -8.472 41.589 -9.674
2 24 -7.805 22.741 -10.12 -5.948 29.163 -11.361
2 24 -5.859 36.224 -11.42 -6.545 41.097 -10.961
2 24 -5.948 29.163 -11.361 -5.859 36.224 -11.42
2 24 9.131 6.411 -11.347 10.423 9.036 -10.211
2 24 10.716 6.373 -10.504 9.131 6.411 -11.347
2 24 10.773 9.17 -10.676 12.25 8.951 -10.783
2 24 13.726 18.339 -13.487 13.062 18.842 -13.813
2 24 10.159 22.514 -14.05 11.18 20.333 -13.51
2 24 11.18 20.333 -13.51 10.835 19.258 -13.154
2 24 10.713 16.16 -12.039 10.869 15.197 -11.883
2 24 13.755 20.184 -12.649 13.503 20.129 -13.753
2 24 13.503 20.129 -13.753 12.463 19.939 -14.499
2 24 12.59 20.027 -14.776 14.183 20.76 -14.737
2 24 13.062 18.842 -13.813 11.996 18.771 -14.043
2 24 12.075 19.051 -13.865 12.897 19.173 -13.79
2 24 11.734 15.918 -13.152 12.931 15.887 -12.857
2 24 11.025 20.702 -15.167 12.59 20.027 -14.776
2 24 12.463 19.939 -14.499 11.18 20.333 -13.51
2 24 10.312 22.302 -15.683 11.025 20.702 -15.167
2 24 11.098 23.763 -15.928 10.312 22.302 -15.683
2 24 11.133 17.985 -13.986 11.996 18.771 -14.043
2 24 13.531 19.589 -12.521 13.64 19.419 -12.476
2 24 13.385 19.344 -13.317 13.531 19.589 -12.521
2 24 13.385 19.344 -13.317 12.897 19.173 -13.79
2 24 13.755 20.184 -12.649 13.531 19.589 -12.521
2 24 13.394 15.754 -10.993 12.72 15.686 -12.337
2 24 13.355 9.307 -9.108 13.048 9.354 -10.823
2 24 13.279 11.964 -11.55 13.568 12.188 -9.718
2 24 10.691 12.492 -11.524 10.682 13.472 -11.638
2 24 13.112 12.572 -11.58 10.691 12.492 -11.524
2 24 13.112 12.572 -11.58 13.459 12.53 -9.871
2 24 13.459 12.53 -9.871 13.568 12.188 -9.718
2 24 14.233 23.857 -15.388 12.803 24.357 -15.837
2 24 12.803 24.357 -15.837 11.098 23.763 -15.928
2 24 10.713 16.16 -12.039 12.72 15.686 -12.337
2 24 13.592 13.498 -10.031 13.459 12.53 -9.871
2 24 -18.474 27.04 -8.922 -16.318 20.894 -9.515
2 24 -6.747 6.605 -13.1 -10.129 7.259 -10.794
2 24 -10.129 7.259 -10.794 -11.771 12.231 -12.127
2 24 16.013 20.199 -9.858 15.172 13.109 -7.812
2 24 11.977 31.413 14.193 11.396 40.486 14.131
2 24 -1.745 -9.052 -3.241 4.092 -8.991 -3.113
2 24 .926 5.99 18.176 -5.601 .457 16.498
2 24 -16.533 1.152 6.973 -15.002 -1.442 6.484
2 24 1.019 8.871 18.861 -1.969 8.765 16.824
2 24 -14.462 12.286 -9.207 -16.318 20.894 -9.515
2 24 11.48 23.436 17.175 10.197 23.746 17.96
2 24 .926 5.99 18.176 -4.217 -.852 16.385
2 24 6.65 5.028 16.656 7.051 -2.705 12.134
2 24 -13.062 -2.86 5.91 -15.002 -1.442 6.484
2 24 -15.269 6.449 -4.392 -16.6 12.229 -6.641
2 24 9.993 40.282 13.406 9.99 36.394 15.8
2 24 -15.478 39.993 -13.943 -14.402 34.419 -14.706
2 24 11.174 29.117 16.89 11.371 26.27 17.303
2 24 8.064 -7.851 4.702 9.597 -5.696 6.856
2 24 2.75 -9.407 6.184 -3.527 -9.89 5.635
2 24 6.726 32.117 19.388 6.241 32.226 19.185
2 24 -12.784 7.044 -7.476 -14.462 12.286 -9.207
2 24 -14.23 20.031 13.979 -13.643 14.442 13.471
2 24 -6.674 -6.625 8.531 -4.744 -8.98 6.912
2 24 1.019 8.871 18.861 4.713 8.293 18.506
2 24 9.38 6.397 14.683 9.469 7.186 14.75
2 24 4.713 8.293 18.506 7.659 7.895 17.806
2 24 7.659 7.895 17.806 9.469 7.186 14.75
2 24 3.87 40.035 19.117 5.168 40.786 19.563
2 24 -6.369 4.182 16.715 -9.071 2.877 12.941
2 24 -10.564 -6.39 4.663 -11.858 -4.58 5.529
2 24 -1.589 31.213 18.01 -1.421 33.914 17.838
2 24 -9.267 -9.596 .528 -9.108 -9.15 2.033
2 24 4.197 -9.242 6.015 2.75 -9.407 6.184
2 24 .926 5.99 18.176 -4.796 -.198 16.03
2 24 3.553 -10.636 1.274 -2.411 -10.634 .31
2 24 -11.548 -6.757 -2.664 -8.665 -8.895 -.867
2 24 10.305 41.604 -14.916 9.904 41.513 -13.795
2 24 12.604 .021 7.819 12.024 -2.994 4.306
2 24 -3.291 -6.883 11.648 -4.662 -9.086 7.506
2 24 -8.198 -8.797 .364 -6.889 -8.799 .99
2 24 3.824 -2.886 14.063 1.735 -7.216 11.367
2 24 7.827 41.516 17.801 6.753 42.212 15.393
2 24 9.656 33.786 17.234 11.326 31.684 16.525
2 24 -7.627 -8.272 -1.084 -6.416 -8.436 -2.91
2 24 3.361 -9.361 7.508 2.75 -9.407 6.184
2 24 14.15 19.808 10.441 13.94 15.388 9.19
2 24 .235 -3.49 14.692 -2.639 -6.797 11.497
2 24 9.656 33.786 17.234 7.585 32.37 19.467
2 24 13.59 23.012 12.512 14.15 19.808 10.441
2 24 -18.474 27.04 -8.922 -18.611 26.069 -7.153
2 24 13.276 28.339 13.274 14.292 31.398 12.393
2 24 -.64 34.121 19.633 -.098 29.661 19.321
2 24 -17.536 13.246 8.211 -18.128 19.142 8.96
2 24 -4.844 5.51 17.364 -1.969 8.765 16.824
2 24 -9.548 -6.246 6.394 -6.594 -8.767 5.377
2 24 11.703 19.587 16.04 12.058 14.836 14.853
2 24 -10.158 34.552 -15.964 -9.699 36.031 -14.879
2 24 -4.844 5.51 17.364 -6.369 4.182 16.715
2 24 5.008 -3.087 14.463 2.629 -7.489 11.582
2 24 10.028 10.362 15.569 9.785 14.034 17.157
2 24 -18.611 26.069 -7.153 -19.768 25.883 -6.303
2 24 -16.6 12.229 -6.641 -18.428 20.265 -7.057
2 24 6.753 42.212 15.393 3.731 43.651 15.555
2 24 -14.129 33.975 12.654 -15.538 33.717 12.729
2 24 13.982 33.61 -14.279 14.425 40.754 -13.306
2 24 -19.746 18.952 9.06 -18.44 26.747 8.727
2 24 -15.441 -1.791 5.539 -17.488 .548 5.723
2 24 -7.627 -8.272 -1.084 -7.154 -8.488 -.592
2 24 -18.183 16.059 -4.929 -17.188 12.508 -4.689
2 24 -19.3 20.046 -5.198 -18.183 16.059 -4.929
2 24 -17.488 .548 5.723 -18.807 5.134 5.803
2 24 4.106 45.651 14.28 7.548 46.043 14.81
2 24 -11.433 34.053 14.371 -12.886 27.356 14.513
2 24 1.947 34.747 20.766 2.922 31.942 19.937
2 24 1.936 39.342 18.766 1.983 41.06 15.561
2 24 11.48 23.436 17.175 11.583 22.526 16.98
2 24 6.831 -8.578 2.093 3.599 -9.842 .486
2 24 -23.505 25.859 -1.562 -23.113 19.432 -1.495
2 24 -12.358 .956 8.106 -10.856 -4.541 7.28
2 24 .076 39.351 15.725 -.64 34.121 19.633
2 24 -16.693 26.877 11.217 -18.314 32.211 10.517
2 24 -3.527 -9.89 5.635 -2.923 -10.059 6.854
2 24 -7.495 -3.274 12.387 -4.217 -.852 16.385
2 24 18.332 14.1 6.55 14.71 7.527 5.376
2 24 -16.533 1.152 6.973 -17.63 4.948 7.318
2 24 -9.267 -9.596 .528 -10.633 -10.207 -.332
2 24 14.911 6.238 -5.482 15.172 13.109 -7.812
2 24 2.477 25.278 21.029 6.407 25.073 19.839
2 24 5.884 9.078 17.619 7.151 9.058 17.117
2 24 9.989 8.41 14.441 7.151 9.058 17.117
2 24 7.151 9.058 17.117 9.469 7.186 14.75
2 24 6.054 18.532 20.139 5.985 17.234 19.415
2 24 19.672 21.933 7.819 18.332 14.1 6.55
2 24 20.187 25.939 -5.882 18.146 20.734 -6.943
2 24 20.187 25.939 -5.882 21.418 25.062 -4.741
2 24 11.979 22.902 15.447 12.196 19.681 14.023
2 24 -8.393 -3.32 10.245 -9.7 2.643 11.933
2 24 12.058 14.836 14.853 10.383 10.065 14.189
2 24 -12.654 28.973 -14.521 -12.365 34.446 -14.131
2 24 10.197 23.746 17.96 9.756 24.93 18.24
2 24 9.993 40.282 13.406 9.744 40.559 12.673
2 24 20.042 26.426 -8.177 20.187 25.939 -5.882
2 24 10.314 -5.979 2.362 6.831 -8.578 2.093
2 24 -19.768 25.883 -6.303 -20.801 25.707 -3.867
2 24 4.092 -8.991 -3.113 7.574 -7.852 -1.547
2 24 6.749 36.14 18.757 5.93 32.751 18.694
2 24 -19.952 1.981 -1.895 -18.462 -2.501 -1.57
2 24 10.601 31.758 17.451 7.303 31.008 20.723
2 24 -7.457 -9.112 1.726 -6.889 -8.799 .99
2 24 -6.448 -6.265 10.283 -4.662 -9.086 7.506
2 24 -14.186 2.599 -4.092 -15.269 6.449 -4.392
2 24 3.365 -3.197 14.852 4.249 3.465 17.119
2 24 -13.495 .523 6.874 -13.062 -2.86 5.91
2 24 -.28 8 18.72 1.17 7.283 19.324
2 24 11.371 26.27 17.303 11.48 23.436 17.175
2 24 1.373 -3.887 14.989 -1.742 -7.047 11.762
2 24 21.396 21.676 -.755 19.702 13.488 -.243
2 24 16.013 20.199 -9.858 18.046 27.889 -8.832
2 24 3.245 35.192 19.617 4.354 32.333 19.761
2 24 -11.433 34.053 14.371 -10.391 41.331 13.787
2 24 -20.805 2.332 .931 -19.194 -2.482 1.217
2 24 1.936 39.342 18.766 3.245 35.192 19.617
2 24 -14.792 41.824 11.374 -13.275 41.043 14.052
2 24 6.651 -3.363 13.032 5.371 -7.202 9.914
2 24 13.982 33.61 -14.279 14.436 28.279 -14.492
2 24 4.248 -9.174 -3.946 8.175 -8.004 -2.403
2 24 1.412 -10.776 3.952 2.75 -9.407 6.184
2 24 -7.495 -3.274 12.387 -5.601 .457 16.498
2 24 15.035 32.02 11.229 14.292 31.398 12.393
2 24 6.482 40.245 18.605 6.749 36.14 18.757
2 24 -21.36 26.49 2.886 -20.085 32.119 9.296
2 24 -11.772 33.971 -15.637 -11.518 29.713 -16
2 24 9.292 -6.944 -.324 7.574 -7.852 -1.547
2 24 13.276 28.339 13.274 14.167 25.924 13.406
2 24 -9.071 2.877 12.941 -7.839 -2.459 12.686
2 24 -14.768 -1.429 -3.853 -13.454 -4.087 -3.468
2 24 -14.768 -1.429 -3.853 -15.986 2.616 -4.145
2 24 11.931 23.834 15.416 11.979 22.902 15.447
2 24 -.013 17.23 18.338 1.745 19.188 20.348
2 24 11.098 23.763 -15.928 11.061 24.24 -15.704
2 24 1.57 20.422 21.307 4.546 21.915 22.435
2 24 9.904 41.513 -13.795 10.049 33.714 -14.606
2 24 1.412 -10.776 3.952 -3.258 -10.836 2.061
2 24 11.977 31.413 14.193 11.838 28.931 14.589
2 24 16.504 14.712 6.691 18.243 22.074 8.034
2 24 -4.662 -9.086 7.506 -1.742 -7.047 11.762
2 24 -10.564 -6.39 4.663 -8.083 -8.311 3.507
2 24 9.756 24.93 18.24 9.692 26.533 17.974
2 24 19.586 25.461 -.591 21.9 23.569 -.379
2 24 21.9 23.569 -.379 21.396 21.676 -.755
2 24 -18.611 26.069 -7.153 -20.801 25.707 -3.867
2 24 -16.376 -1.171 -2.02 -17.833 2.789 -2.261
2 24 7.545 -8.056 5.757 9.241 -5.969 7.081
2 24 -5.226 -9.103 6.748 -3.527 -9.89 5.635
2 24 -1.844 -9.476 -2.21 4.001 -9.478 -2.239
2 24 6.141 29.587 19.978 5.583 25.987 20.116
2 24 7.157 -7.977 -.614 9.292 -6.944 -.324
2 24 -6.889 -8.799 .99 -7.154 -8.488 -.592
2 24 14.15 19.808 10.441 15.014 22.658 10.774
2 24 -1.969 8.765 16.824 -1.629 6.675 17.853
2 24 2.414 42.11 15.62 3.731 43.651 15.555
2 24 3.238 40.079 19.493 1.936 39.342 18.766
2 24 -15.532 26.254 11.861 -16.276 20.034 11.327
2 24 -8.485 29.659 -14.773 -10.137 20.945 -13.755
2 24 3.599 -9.842 .486 -1.93 -9.691 -1.166
2 24 13.59 23.012 12.512 14.167 25.924 13.406
2 24 6.65 5.028 16.656 6.651 -3.363 13.032
2 24 -20.37 19.289 -5.032 -21.494 19.337 -2.149
2 24 -13.045 -7.468 3.406 -16.573 -4.609 2.737
2 24 -13.119 20.121 14.62 -12.886 27.356 14.513
2 24 -8.393 -3.32 10.245 -6.674 -6.625 8.531
2 24 1.262 32.031 19.285 1.285 30.603 19.457
2 24 5.29 35.802 19.147 5.93 32.751 18.694
2 24 1.285 30.603 19.457 2.672 30.646 20.646
2 24 12.024 -2.994 4.306 10.569 -5.565 1.249
2 24 -11.518 29.713 -16 -11.88 20.824 -14.269
2 24 13.47 41.476 -14.628 10.305 41.604 -14.916
2 24 -11.771 12.231 -12.127 -11.88 20.824 -14.269
2 24 2.629 -7.489 11.582 -1.7 -10.253 6.591
2 24 20.101 13.471 2.259 15.929 6.783 1.767
2 24 -9.108 -9.15 2.033 -10.713 -10.339 2.058
2 24 18.579 26.629 8.798 19.809 27.015 8.46
2 24 .076 39.351 15.725 -1.421 33.914 17.838
2 24 17.992 28.067 10.078 17.314 21.977 10.616
2 24 3.773 -9.205 -.997 7.157 -7.977 -.614
2 24 20.042 26.426 -8.177 17.415 20.405 -8.9
2 24 13.932 6.212 -7.512 10.768 6.12 -10.994
2 24 10.423 9.036 -10.211 10.716 6.373 -10.504
2 24 .635 34.438 19.023 .076 39.351 15.725
2 24 8.219 36.388 19.125 7.585 32.37 19.467
2 24 -6.594 -8.767 5.377 -4.798 -9.616 5.129
2 24 -9.267 -9.596 .528 -7.457 -9.112 1.726
2 24 11.396 40.486 14.131 11.326 31.684 16.525
2 24 6.753 42.212 15.393 8.078 41.094 13.764
2 24 6.365 33.234 -11.082 6.417 40.008 -11.047
2 24 -13.814 -10.366 -.681 -16.779 -6.003 -1.456
2 24 2.332 46.922 15.389 .427 46.656 14.752
2 24 -11.966 -3.934 -3.334 -10.842 -5.522 -2.863
2 24 -17.314 13.537 9.517 -15.014 7.122 8.316
2 24 1.262 32.031 19.285 2.922 31.942 19.937
2 24 19.82 29.225 5.879 18.579 26.629 8.798
2 24 9.904 41.513 -13.795 7.285 40.257 -13.234
2 24 17.148 28.211 10.819 15.035 32.02 11.229
2 24 7.585 32.37 19.467 6.726 32.117 19.388
2 24 -21.347 12.202 1.14 -21.787 26.044 1.381
2 24 6.328 30.709 20.233 5.823 30.707 20.366
2 24 .076 39.351 15.725 .468 41.302 15.648
2 24 -13.495 .523 6.874 -14.573 1.17 7.055
2 24 -8.083 -8.311 3.507 -7.457 -9.112 1.726
2 24 5.195 20.76 21.768 3.954 20.021 21.431
2 24 -19.3 20.046 -5.198 -20.37 19.289 -5.032
2 24 -11.647 14.583 14.541 -10.442 10.865 14.679
2 24 13.056 19.772 13.187 13.337 15.216 11.815
2 24 -.789 26.544 18.334 -.629 25.292 18.577
2 24 1.735 -7.216 11.367 -2.702 -9.884 6.628
2 24 9.785 14.034 17.157 7.842 13.165 19.139
2 24 -21.787 26.044 1.381 -21.36 26.49 2.886
2 24 4.249 3.465 17.119 3.824 -2.886 14.063
2 24 9.078 41.297 10 9.744 40.559 12.673
2 24 7.827 41.516 17.801 8.219 36.388 19.125
2 24 -12.129 7.112 -8.393 -13.009 12.608 -9.649
2 24 -11.123 -8.451 3.145 -13.045 -7.468 3.406
2 24 5.008 -3.087 14.463 4.249 3.465 17.119
2 24 -19.228 12.94 7.538 -17.63 4.948 7.318
2 24 15.73 14.9 8.796 13.594 8.276 7.532
2 24 -23.505 25.859 -1.562 -22.235 26.557 -2.196
2 24 10.383 10.065 14.189 12.28 15.262 12.912
2 24 -20.801 25.707 -3.867 -22.235 26.557 -2.196
2 24 13.337 15.216 11.815 12.244 8.58 10.391
2 24 -12.365 34.446 -14.131 -11.772 33.971 -15.637
2 24 -13.776 7.786 9.974 -15.355 13.766 12.868
2 24 -20.646 15.6 -2.169 -21.494 19.337 -2.149
2 24 -19.73 11.561 -2.19 -20.646 15.6 -2.169
2 24 7.373 21.865 20.714 5.195 20.76 21.768
2 24 9.656 33.786 17.234 9.99 36.394 15.8
2 24 17.742 8.384 -.208 15.95 6.572 -.833
2 24 -14.611 -5.238 -1.794 -12.313 -7.461 -1.71
2 24 17.208 13.601 -4.753 15.504 6.502 -3.381
2 24 -18.314 32.211 10.517 -20.71 31.062 9.94
2 24 16.104 28.948 -11.243 15.971 22.287 -12.14
2 24 9.241 -5.969 7.081 9.987 -4.734 7.993
2 24 20.739 26.122 5.617 19.82 29.225 5.879
2 24 7.853 17.747 19.758 6.054 18.532 20.139
2 24 -7.109 -7.498 7.893 -9.071 -4.33 9.308
2 24 .468 41.302 15.648 .431 42.32 15.602
2 24 14.397 26.308 -.156 19.586 25.461 -.591
2 24 -1.93 -9.691 -1.166 3.773 -9.205 -.997
2 24 5.572 32.711 19.399 5.657 32.167 19.377
2 24 -14.46 26.522 13.606 -14.23 20.031 13.979
2 24 -13.602 2.093 -3.994 -13.859 1.122 -3.936
2 24 -14.186 2.599 -4.092 -13.602 2.093 -3.994
2 24 -14.807 41.685 10 -14.792 41.824 11.374
2 24 20.042 26.426 -8.177 18.046 27.889 -8.832
2 24 -.295 22.634 18.738 .039 19.976 18.899
2 24 -.629 25.292 18.577 -.295 22.634 18.738
2 24 11.583 22.526 16.98 9.959 21.751 17.585
2 24 13.088 14.828 -12.022 13.36 13.66 -11.791
2 24 -7.457 -9.112 1.726 -3.258 -10.836 2.061
2 24 12.196 19.681 14.023 12.28 15.262 12.912
2 24 -1.969 8.765 16.824 -.28 8 18.72
2 24 -21.799 11.499 -1.996 -23.113 19.432 -1.495
2 24 -20.801 25.707 -3.867 -15.079 30.255 -10
2 24 .635 34.438 19.023 1.262 32.031 19.285
2 24 -17.366 26.751 9.242 -18.128 19.142 8.96
2 24 4.713 8.293 18.506 5.884 9.078 17.619
2 24 -.098 29.661 19.321 .283 28.221 19.13
2 24 -.355 14.458 17.69 -1.969 8.765 16.824
2 24 -.355 14.458 17.69 -.013 17.23 18.338
2 24 3.365 -3.197 14.852 1.268 -7.423 11.82
2 24 -15.441 -1.791 5.539 -13.482 -3.086 5.484
2 24 19.702 13.488 -.243 17.742 8.384 -.208
2 24 -2.882 -10.312 1.543 2.386 -10.156 3.597
2 24 5.884 9.078 17.619 6.252 12.727 18.801
2 24 -22.227 11.2 .395 -23.766 20.102 .622
2 24 -21.347 12.202 1.14 -20.617 3.129 1.861
2 24 -10.016 43.325 10 -10.153 43.013 12.322
2 24 11.828 25.803 15.352 11.931 23.834 15.416
2 24 .427 46.656 14.752 .431 42.32 15.602
2 24 6.482 40.245 18.605 2.414 42.11 15.62
2 24 8.078 41.094 13.764 9.993 40.282 13.406
2 24 -15.538 33.717 12.729 -15.795 34.409 10
2 24 -15.795 34.409 10 -16.693 26.877 11.217
2 24 -7.839 -2.459 12.686 -7.495 -3.274 12.387
2 24 -2.923 -10.059 6.854 1.268 -7.423 11.82
2 24 -20.71 31.062 9.94 -22.222 21.717 2.967
2 24 -6.545 41.097 -10.961 -7.15 40.212 -14.189
2 24 10.197 23.746 17.96 7.608 23.443 21.306
2 24 9.952 16.356 16.482 7.853 17.747 19.758
2 24 -13.543 7.22 -6.011 -15.169 12.55 -7.585
2 24 -20.269 3.076 5.134 -18.631 -.843 4.943
2 24 .601 39.373 18.956 1.947 34.747 20.766
2 24 5.583 25.987 20.116 6.407 25.073 19.839
2 24 5.168 40.786 19.563 2.414 42.11 15.62
2 24 -9.699 36.031 -14.879 -8.485 29.659 -14.773
2 24 11.326 31.684 16.525 10.601 31.758 17.451
2 24 1.936 39.342 18.766 .601 39.373 18.956
2 24 -11.555 1.23 8.863 -9.641 -3.795 8.02
2 24 -11.647 14.583 14.541 -13.119 20.121 14.62
2 24 5.168 40.786 19.563 6.482 40.245 18.605
2 24 3.87 40.035 19.117 3.238 40.079 19.493
2 24 -19.952 1.981 -1.895 -21.799 11.499 -1.996
2 24 6.831 -8.578 2.093 8.064 -7.851 4.702
2 24 -18.428 20.265 -7.057 -19.768 25.883 -6.303
2 24 8.175 -8.004 -2.403 11.437 -5.667 .584
2 24 -19.194 -2.482 1.217 -17.087 -6.232 1.772
2 24 15.648 19.947 -11.523 14.708 12.779 -9.056
2 24 .601 39.373 18.956 .076 39.351 15.725
2 24 8.652 24 -10 6.365 33.234 -11.082
2 24 7.731 24.718 20.183 9.756 24.93 18.24
2 24 -16.376 -1.171 -2.02 -14.611 -5.238 -1.794
2 24 -3.527 -9.89 5.635 -1.7 -10.253 6.591
2 24 -16.693 26.877 11.217 -17.239 19.827 10.194
2 24 17.148 28.211 10.819 15.014 22.658 10.774
2 24 4.249 3.465 17.119 -.485 -3.649 15.488
2 24 -11.772 33.971 -15.637 -10.158 34.552 -15.964
2 24 6.831 -8.578 2.093 3.553 -10.636 1.274
2 24 7.051 -2.705 12.134 6.421 -6.418 9.142
2 24 16.714 8.889 3.188 19.08 13.796 3.872
2 24 -1.93 -9.691 -1.166 -6.087 -8.782 -.481
2 24 2.75 -9.407 6.184 2.386 -10.156 3.597
2 24 -23.766 20.102 .622 -23.003 26.078 .394
2 24 -16.614 -3.596 4.816 -13.29 -6.689 4.858
2 24 6.421 -6.418 9.142 4.177 -8.855 6.562
2 24 2.922 31.942 19.937 5.657 32.167 19.377
2 24 -1.71 -9.358 -4.067 4.248 -9.174 -3.946
2 24 -19.688 12.798 5.638 -18.807 5.134 5.803
2 24 -6.889 -8.799 .99 -2.882 -10.312 1.543
2 24 15.776 28.18 -13.212 15.201 34.019 -13.228
2 24 -13.643 14.442 13.471 -11.742 9.344 11.928
2 24 -9.195 29.935 -15.999 -10.137 20.945 -13.755
2 24 8.078 41.094 13.764 8.567 41.564 10
2 24 16.104 28.948 -11.243 15.126 30.533 -8.716
2 24 15.73 14.9 8.796 17.314 21.977 10.616
2 24 -.786 27.995 18.088 -.789 26.544 18.334
2 24 -9.071 -4.33 9.308 -10.75 1.405 10.952
2 24 -9.699 36.031 -14.879 -12.365 34.446 -14.131
2 24 -13.761 20.141 14.523 -12.942 14.016 14.078
2 24 10.305 41.604 -14.916 11.135 33.446 -16.292
2 24 11.528 28.343 -15.713 11.135 33.446 -16.292
2 24 -12.654 28.973 -14.521 -14.033 20.984 -11.098
2 24 -12.313 -7.461 -1.71 -10.05 -9.027 -.779
2 24 1.156 29.36 19.44 2.732 29.432 20.28
2 24 20.739 26.122 5.617 20.375 21.866 4.288
2 24 -21.041 12.239 4.538 -20.269 3.076 5.134
2 24 .256 47.279 12.949 .427 46.656 14.752
2 24 4.546 21.915 22.435 7.608 23.443 21.306
2 24 -13.776 7.786 9.974 -15.51 13.345 10.638
2 24 7.827 41.516 17.801 6.482 40.245 18.605
2 24 9.987 -4.734 7.993 9.597 -5.696 6.856
2 24 2.672 30.646 20.646 5.823 30.707 20.366
2 24 -1.184 29.588 18.05 -.786 27.995 18.088
2 24 21.418 25.062 -4.741 19.78 20.385 -6.091
2 24 -14.845 29.31 -14.271 -18.474 27.04 -8.922
2 24 15.776 28.18 -13.212 15.971 22.287 -12.14
2 24 -18.611 26.069 -7.153 -17.056 20.741 -7.713
2 24 -10.391 41.331 13.787 -10.153 43.013 12.322
2 24 -19.228 12.94 7.538 -19.746 18.952 9.06
2 24 18.59 13.172 -3.979 15.504 6.502 -3.381
2 24 13.279 11.964 -11.55 13.048 9.354 -10.823
2 24 -19.688 12.798 5.638 -20.142 17.754 5.54
2 24 9.952 16.356 16.482 9.767 14.511 16.413
2 24 14 24 10 15.424 32.258 10
2 24 -7.15 40.212 -14.189 -7.248 36.149 -15.506
2 24 -2.411 -10.634 .31 -6.308 -8.963 .079
2 24 18.814 13.803 -.865 15.95 6.572 -.833
2 24 12.968 22.806 14.71 13.056 19.772 13.187
2 24 -8.397 -6.025 6.841 -6.066 -8.619 5.751
2 24 -17.087 -6.232 1.772 -14.259 -10.112 1.956
2 24 -15.169 12.55 -7.585 -17.056 20.741 -7.713
2 24 19.82 29.225 5.879 21.965 25.872 4.024
2 24 14.911 6.238 -5.482 16.881 13.107 -6.909
2 24 .601 39.373 18.956 .635 34.438 19.023
2 24 3.443 15.702 19.585 5.181 16.482 19.618
2 24 11.326 31.684 16.525 8.917 29.653 18.023
2 24 -16.13 6.74 7.069 -17.536 13.246 8.211
2 24 -12.942 14.016 14.078 -10.828 9.579 13.476
2 24 19.78 20.385 -6.091 18.59 13.172 -3.979
2 24 4.87 35.805 20.116 5.572 32.711 19.399
2 24 20.375 21.866 4.288 19.08 13.796 3.872
2 24 1.983 41.06 15.561 .076 39.351 15.725
2 24 -20.805 2.332 .931 -22.227 11.2 .395
2 24 -15.269 6.449 -4.392 -17.188 12.508 -4.689
2 24 1.156 29.36 19.44 1.285 30.603 19.457
2 24 -1.93 -9.691 -1.166 3.722 -9.86 -.263
2 24 -10.391 41.331 13.787 -13.275 41.043 14.052
2 24 5.181 16.482 19.618 5.985 17.234 19.415
2 24 6.252 12.727 18.801 6.409 14.613 19.189
2 24 -3.527 -9.89 5.635 -4.744 -8.98 6.912
2 24 4.249 3.465 17.119 .235 -3.49 14.692
2 24 -16.779 -6.003 -1.456 -18.462 -2.501 -1.57
2 24 13.119 24.086 15.088 12.968 22.806 14.71
2 24 -20.085 32.119 9.296 -15.795 34.409 10
2 24 11.583 22.526 16.98 11.703 19.587 16.04
2 24 -12.886 27.356 14.513 -13.761 20.141 14.523
2 24 1.17 7.283 19.324 4.627 6.918 19.014
2 24 -9.192 14.037 -9.192 -9.766 8.272 -10.549
2 24 5.056 -9.108 6.443 7.441 -6.522 9.249
2 24 3.954 20.021 21.431 6.054 18.532 20.139
2 24 3.361 -9.361 7.508 5.371 -7.202 9.914
2 24 -7.109 -7.498 7.893 -5.226 -9.103 6.748
2 24 .076 39.351 15.725 -.564 41.505 12.888
2 24 3.87 40.035 19.117 5.29 35.802 19.147
2 24 7.952 -7.615 5.309 6.831 -8.578 2.093
2 24 9.785 14.034 17.157 9.767 14.511 16.413
2 24 -9.108 -9.15 2.033 -11.123 -8.451 3.145
2 24 4.001 -9.478 -2.239 7.527 -8.044 -1.179
2 24 6.831 -8.578 2.093 7.545 -8.056 5.757
2 24 13.932 6.212 -7.512 14.81 5.883 -6.312
2 24 13.829 34.052 -15.754 13.47 41.476 -14.628
2 24 21.396 21.676 -.755 18.814 13.803 -.865
2 24 -21.494 19.337 -2.149 -21.086 20.541 -2.277
2 24 5.583 29.132 20.058 2.732 29.432 20.28
2 24 -4.796 -.198 16.03 -7.495 -3.274 12.387
2 24 -10.158 34.552 -15.964 -9.195 29.935 -15.999
2 24 -.485 -3.649 15.488 -3.291 -6.883 11.648
2 24 2.414 42.11 15.62 3.87 40.035 19.117
2 24 -1.629 6.675 17.853 .926 5.99 18.176
2 24 7.952 -7.615 5.309 9.37 -5.777 6.934
2 24 1.373 -3.887 14.989 4.249 3.465 17.119
2 24 16.504 14.712 6.691 14.71 7.527 5.376
2 24 7.377 -8.983 .421 3.722 -9.86 -.263
2 24 -15.538 33.717 12.729 -16.693 26.877 11.217
2 24 14.159 27.936 -15.246 13.829 34.052 -15.754
2 24 6.407 25.073 19.839 7.731 24.718 20.183
2 24 -11.858 -4.58 5.529 -13.482 -3.086 5.484
2 24 13.94 15.388 9.19 12.788 8.585 8.66
2 24 -10.05 -9.027 -.779 -8.198 -8.797 .364
2 24 3.238 40.079 19.493 4.87 35.805 20.116
2 24 -13.814 -10.366 -.681 -10.633 -10.207 -.332
2 24 -16.007 19.975 14.025 -14.46 26.522 13.606
2 24 -7.627 -8.272 -1.084 -6.243 -8.289 -2.108
2 24 -18.314 32.211 10.517 -17.366 26.751 9.242
2 24 17.415 20.405 -8.9 16.881 13.107 -6.909
2 24 7.285 40.257 -13.234 7.031 32.876 -14.028
2 24 -4.798 -9.616 5.129 -6.066 -8.619 5.751
2 24 6.141 29.587 19.978 6.68 29.682 20.072
2 24 10.285 28.521 -14.175 10.049 33.714 -14.606
2 24 10.667 17.851 16.664 9.952 16.356 16.482
2 24 -18.631 -.843 4.943 -16.614 -3.596 4.816
2 24 -2.639 -6.797 11.497 -4.662 -9.086 7.506
2 24 5.29 35.802 19.147 5.168 40.786 19.563
2 24 -2.702 -9.884 6.628 -3.527 -9.89 5.635
2 24 -.013 17.23 18.338 .039 19.976 18.899
2 24 -6.448 -6.265 10.283 -7.495 -3.274 12.387
2 24 21.591 21.341 2.939 20.101 13.471 2.259
2 24 14.233 23.857 -15.388 14.513 24.218 -15.07
2 24 3.443 15.702 19.585 -.013 17.23 18.338
2 24 -20.617 3.129 1.861 -19.008 -1.152 2.305
2 24 -13.29 -6.689 4.858 -8.083 -8.311 3.507
2 24 -15.51 13.345 10.638 -16.276 20.034 11.327
2 24 6.417 40.008 -11.047 7.285 40.257 -13.234
2 24 7.373 21.865 20.714 9.959 21.751 17.585
2 24 11.838 28.931 14.589 13.119 24.086 15.088
2 24 -13.009 12.608 -9.649 -14.033 20.984 -11.098
2 24 -10.856 -4.541 7.28 -9.548 -6.246 6.394
2 24 14.708 12.779 -9.056 13.932 6.212 -7.512
2 24 21.418 25.062 -4.741 21.9 23.569 -.379
2 24 15.668 40.307 -10 15.431 40.354 -12.671
2 24 21.965 25.872 4.024 21.591 21.341 2.939
2 24 15.201 34.019 -13.228 15.431 40.354 -12.671
2 24 6.409 14.613 19.189 5.985 17.234 19.415
2 24 5.583 29.132 20.058 6.141 29.587 19.978
2 24 -9.641 -3.795 8.02 -8.397 -6.025 6.841
2 24 7.303 31.008 20.723 6.328 30.709 20.233
2 24 9.37 -5.777 6.934 9.987 -4.734 7.993
2 24 6.68 29.682 20.072 8.917 29.653 18.023
2 24 14.425 40.754 -13.306 13.47 41.476 -14.628
2 24 15.431 40.354 -12.671 14.425 40.754 -13.306
2 24 -14.129 33.975 12.654 -15.532 26.254 11.861
2 24 10.569 -5.565 1.249 9.292 -6.944 -.324
2 24 -13.454 -4.087 -3.468 -11.548 -6.757 -2.664
2 24 19.809 27.015 8.46 19.672 21.933 7.819
2 24 -19.73 11.561 -2.19 -17.833 2.789 -2.261
2 24 2.386 -10.156 3.597 7.545 -8.056 5.757
2 24 11.437 -5.667 .584 12.935 -2.819 4.067
2 24 -15.986 2.616 -4.145 -18.353 12.273 -4.885
2 24 9.993 40.282 13.406 11.396 40.486 14.131
2 24 7.031 32.876 -14.028 8.092 22.234 -12.654
2 24 -10.713 -10.339 2.058 -14.259 -10.112 1.956
2 24 -14.459 2.55 6.969 -14.573 1.17 7.055
2 24 -15.385 3.243 7.187 -14.459 2.55 6.969
2 24 -15.127 4.226 7.009 -15.385 3.243 7.187
2 24 -16.053 4.919 7.227 -15.127 4.226 7.009
2 24 -16.13 6.74 7.069 -16.053 4.919 7.227
2 24 1.57 20.422 21.307 .039 19.976 18.899
2 24 7.527 -8.044 -1.179 9.292 -6.944 -.324
2 24 13.36 13.66 -11.791 13.112 12.572 -11.58
2 24 -15.355 13.766 12.868 -16.007 19.975 14.025
2 24 1.745 19.188 20.348 3.954 20.021 21.431
2 24 19.809 27.015 8.46 19.82 29.225 5.879
2 24 7.842 13.165 19.139 9.767 14.511 16.413
2 24 -1.745 -9.052 -3.241 -6.243 -8.289 -2.108
2 24 -22.222 21.717 2.967 -21.041 12.239 4.538
2 24 -17.314 13.537 9.517 -17.239 19.827 10.194
2 24 18.146 20.734 -6.943 17.208 13.601 -4.753
2 24 8.308 -2.857 12.424 7.441 -6.522 9.249
2 24 -8.531 7.097 -11.107 -10.129 7.259 -10.794
5 24 15.668 6.705 3.199 15.929 6.783 1.767 15.983 6.211 -1.653 14.71 7.527 5.376
2 24 11.326 31.684 16.525 11.174 29.117 16.89
2 24 -6.308 -8.963 .079 -7.154 -8.488 -.592
2 24 8.917 29.653 18.023 9.692 26.533 17.974
2 24 -14.845 29.31 -14.271 -14.402 34.419 -14.706
2 24 -20.37 19.289 -5.032 -18.353 12.273 -4.885
2 24 18.579 26.629 8.798 18.243 22.074 8.034
2 24 -6.416 -8.436 -2.91 -1.71 -9.358 -4.067
2 24 -13.347 -.913 -3.728 -13.859 1.122 -3.936
2 24 6.241 32.226 19.185 5.657 32.167 19.377
2 24 -12.657 -2.424 -3.531 -11.966 -3.934 -3.334
2 24 -12.75 -1.668 -3.63 -12.657 -2.424 -3.531
2 24 -13.347 -.913 -3.728 -12.75 -1.668 -3.63
2 24 10.667 17.851 16.664 9.959 21.751 17.585
2 24 6.65 5.028 16.656 8.308 -2.857 12.424
2 24 -10.842 -5.522 -2.863 -7.627 -8.272 -1.084
2 24 -1.184 29.588 18.05 -1.589 31.213 18.01
2 24 -15.478 39.993 -13.943 -7.15 40.212 -14.189
2 24 -14.129 33.975 12.654 -14.578 35.034 10
2 24 12.935 -2.819 4.067 12.604 .021 7.819
2 24 11.828 25.803 15.352 11.838 28.931 14.589
2 24 -16.573 -4.609 2.737 -19.008 -1.152 2.305
2 24 -6.167 -8.569 -1.26 -1.844 -9.476 -2.21
2 24 15.971 22.287 -12.14 15.648 19.947 -11.523
2 24 -21.086 20.541 -2.277 -19.3 20.046 -5.198
2 24 -21.787 26.044 1.381 -23.003 26.078 .394
2 24 -23.003 26.078 .394 -23.505 25.859 -1.562
2 24 7.377 -8.983 .421 10.314 -5.979 2.362
2 24 -20.142 17.754 5.54 -18.44 26.747 8.727
2 24 -18.44 26.747 8.727 -22.222 21.717 2.967
2 24 .926 5.99 18.176 4.491 5.385 17.658
2 24 10.63 9.192 13.511 10.383 10.065 14.189
2 24 10.383 10.065 14.189 10.205 10.879 14.907
2 24 10.205 10.879 14.907 9.767 14.511 16.413
2 24 2.414 42.11 15.62 1.983 41.06 15.561
2 24 4.106 45.651 14.28 2.332 46.922 15.389
2 24 8.438 44.806 10 8.431 45.249 13.066
2 24 8.431 45.249 13.066 7.548 46.043 14.81
2 24 2.477 25.278 21.029 .872 27.074 20.688
2 24 1.156 29.36 19.44 .283 28.221 19.13
2 24 4.197 -9.242 6.015 5.056 -9.108 6.443
2 24 7.548 46.043 14.81 6.753 42.212 15.393
2 24 2.414 42.11 15.62 3.238 40.079 19.493
2 24 .872 27.074 20.688 .283 28.221 19.13
2 24 -10.442 10.865 14.679 -10.828 9.579 13.476
2 24 -.355 14.458 17.69 3.443 15.702 19.585
2 24 -8.665 -8.895 -.867 -6.889 -8.799 .99
2 24 6.65 5.028 16.656 4.491 5.385 17.658
2 24 10.63 9.192 13.511 10.028 10.362 15.569
2 24 6.65 5.028 16.656 9.38 6.397 14.683
2 24 9.38 6.397 14.683 7.397 6.314 17.823
2 24 7.397 6.314 17.823 4.627 6.918 19.014
2 24 -.295 22.634 18.738 .689 24.294 20.49
2 24 .689 24.294 20.49 2.477 25.278 21.029
2 24 6.241 32.226 19.185 5.93 32.751 18.694
2 24 6.482 40.245 18.605 6.753 42.212 15.393
2 24 -9.071 2.877 12.941 -9.7 2.643 11.933
2 24 -9.7 2.643 11.933 -10.75 1.405 10.952
2 24 -10.75 1.405 10.952 -11.555 1.23 8.863
2 24 -11.555 1.23 8.863 -12.358 .956 8.106
2 24 -12.358 .956 8.106 -12.759 .533 7.299
2 24 -12.759 .533 7.299 -13.495 .523 6.874
2 24 -16.13 6.74 7.069 -15.014 7.122 8.316
2 24 -15.014 7.122 8.316 -13.776 7.786 9.974
2 24 -13.776 7.786 9.974 -11.82 8.395 12.089
2 24 -11.82 8.395 12.089 -11.06 8.531 13.828
2 24 10.937 9.334 -11.218 10.905 12.107 -12.043
2 24 13.088 14.828 -12.022 12.72 15.686 -12.337

5 24 -1.71 -9.358 -4.067 4.092 -8.991 -3.113 -1.745 -9.052 -3.241 4.248 -9.174 -3.946
5 24 -1.844 -9.476 -2.21 3.773 -9.205 -.997 4.001 -9.478 -2.239 -1.93 -9.691 -1.166
5 24 3.731 43.651 15.555 2.332 46.922 15.389 4.106 45.651 14.28 2.414 42.11 15.62
5 24 2.332 46.922 15.389 2.414 42.11 15.62 .427 46.656 14.752 3.731 43.651 15.555
5 24 -9.641 -3.795 8.02 -9.071 -4.33 9.308 -8.397 -6.025 6.841 -11.555 1.23 8.863
5 24 17.415 20.405 -8.9 15.172 13.109 -7.812 16.881 13.107 -6.909 16.013 20.199 -9.858
5 24 -14.033 20.984 -11.098 -16.318 20.894 -9.515 -13.009 12.608 -9.649 -14.845 29.31 -14.271
5 24 1.983 41.06 15.561 .468 41.302 15.648 2.414 42.11 15.62 .076 39.351 15.725
5 24 12.011 4 -4.975 11.54875 0 -4.78375 9.192 4 -9.192 12.5 0 0
5 24 -7.154 -8.488 -.592 -6.167 -8.569 -1.26 -7.627 -8.272 -1.084 -6.087 -8.782 -.481
5 24 -10.633 -10.207 -.332 -10.713 -10.339 2.058 -9.267 -9.596 .528 -13.814 -10.366 -.681
5 24 -18.314 32.211 10.517 -15.795 34.409 10 -20.085 32.119 9.296 -16.693 26.877 11.217
5 24 10.028 10.362 15.569 9.767 14.511 16.413 10.205 10.879 14.907 9.785 14.034 17.157
5 24 -4.975 4 -12.011 0 4 -13 -4.78375 0 -11.54875 -4.975 7.023 -12.011
5 24 13.385 19.344 -13.317 13.755 20.184 -12.649 13.531 19.589 -12.521 13.503 20.129 -13.753
5 24 12.72 15.686 -12.337 11.178 14.577 -11.741 13.088 14.828 -12.022 10.869 15.197 -11.883
5 24 0 4 13 0 0 12.5 -4.78375 0 11.54875 4.975 4 12.011
5 24 9.99 36.394 15.8 11.396 40.486 14.131 9.993 40.282 13.406 11.326 31.684 16.525
5 24 -6.889 -8.799 .99 -3.258 -10.836 2.061 -2.882 -10.312 1.543 -7.457 -9.112 1.726
5 24 -2.639 -6.797 11.497 -.485 -3.649 15.488 .235 -3.49 14.692 -3.291 -6.883 11.648
5 24 -14.129 33.975 12.654 -13.275 41.043 14.052 -14.444 40.592 12.43 -13.084 34.044 13.629
5 24 4.001 -9.478 -2.239 7.157 -7.977 -.614 7.527 -8.044 -1.179 3.773 -9.205 -.997
5 24 -3.527 -9.89 5.635 -4.662 -9.086 7.506 -2.923 -10.059 6.854 -4.744 -8.98 6.912
5 24 -18.807 5.134 5.803 -17.63 4.948 7.318 -19.228 12.94 7.538 -17.488 .548 5.723
5 24 4.354 32.333 19.761 4.87 35.805 20.116 5.572 32.711 19.399 3.245 35.192 19.617
5 24 -12.942 14.016 14.078 -13.119 20.121 14.62 -13.761 20.141 14.523 -11.647 14.583 14.541
5 24 9.292 -6.944 -.324 7.377 -8.983 .421 7.157 -7.977 -.614 10.314 -5.979 2.362
5 24 -16.573 -4.609 2.737 -18.631 -.843 4.943 -19.008 -1.152 2.305 -16.614 -3.596 4.816
5 24 -8.485 29.659 -14.773 -9.195 29.935 -15.999 -9.699 36.031 -14.879 -10.137 20.945 -13.755
5 24 19.586 25.461 -.591 19.046 26.709 -2.532 14.397 26.308 -.156 21.418 25.062 -4.741
5 24 16.104 28.948 -11.243 15.801 34.558 -9.959 15.201 34.019 -13.228 15.126 30.533 -8.716
5 24 4.546 21.915 22.435 6.407 25.073 19.839 2.213 23.654 21.658 7.608 23.443 21.306
5 24 8.567 41.564 10 8.994 24 10 4.975 46.337 12.011 9.078 41.297 10
5 24 10.713 16.16 -12.039 9.377 17.32 -10.73 10.835 19.258 -13.154 10.869 15.197 -11.883
5 24 -.013 17.23 18.338 2.6 17.035 20.729 1.942 18.251 20.837 3.443 15.702 19.585
5 24 .427 46.656 14.752 3.377 47.889 12.328 .256 47.279 12.949 2.332 46.922 15.389
2 24 7.031 32.876 -14.028 10.074 27.93 -14.629
5 24 2.477 25.278 21.029 2.213 23.654 21.658 6.407 25.073 19.839 .689 24.294 20.49
5 24 13.682 19.266 -12.981 13.385 19.344 -13.317 13.531 19.589 -12.521 13.726 18.339 -13.487
5 24 -18.128 19.142 8.96 -19.746 18.952 9.06 -18.44 26.747 8.727 -19.228 12.94 7.538
5 24 1.735 -7.216 11.367 5.008 -3.087 14.463 3.824 -2.886 14.063 2.629 -7.489 11.582
5 24 -1.844 -9.476 -2.21 -1.745 -9.052 -3.241 -6.243 -8.289 -2.108 4.001 -9.478 -2.239
5 24 -20.617 3.129 1.861 -20.269 3.076 5.134 -21.041 12.239 4.538 -19.008 -1.152 2.305
5 24 -8.83875 0 8.83875 -7.071 -3 7.071 -9.239 -3 3.827 -4.78375 0 11.54875
5 24 7.373 21.865 20.714 10.197 23.746 17.96 9.959 21.751 17.585 7.608 23.443 21.306
5 24 -9.766 8.272 -10.549 -8.201 7.714 -9.855 -8.531 7.097 -11.107 -9.192 14.037 -9.192
5 24 -10.137 20.945 -13.755 -7.127 29.917 -14.439 -8.485 29.659 -14.773 -8.173 22.179 -12.686
5 24 -13.009 12.608 -9.649 -10.862 6.958 -9.876 -12.129 7.112 -8.393 -11.771 12.231 -12.127
5 24 -17.833 2.789 -2.261 -21.799 11.499 -1.996 -19.73 11.561 -2.19 -19.952 1.981 -1.895
5 24 -19.73 11.561 -2.19 -21.799 11.499 -1.996 -20.646 15.6 -2.169 -17.833 2.789 -2.261
5 24 -20.646 15.6 -2.169 -21.799 11.499 -1.996 -19.73 11.561 -2.19 -23.113 19.432 -1.495
5 24 -23.113 19.432 -1.495 -20.646 15.6 -2.169 -21.799 11.499 -1.996 -21.494 19.337 -2.149
5 24 -23.113 19.432 -1.495 -21.494 19.337 -2.149 -21.086 20.541 -2.277 -20.646 15.6 -2.169
5 24 -17.188 12.508 -4.689 -16.6 12.229 -6.641 -15.269 6.449 -4.392 -18.183 16.059 -4.929
5 24 -16.6 12.229 -6.641 -18.183 16.059 -4.929 -17.188 12.508 -4.689 -18.428 20.265 -7.057
5 24 -18.183 16.059 -4.929 -18.428 20.265 -7.057 -19.3 20.046 -5.198 -16.6 12.229 -6.641
5 24 -19.3 20.046 -5.198 -18.428 20.265 -7.057 -18.183 16.059 -4.929 -19.768 25.883 -6.303
5 24 8.092 22.234 -12.654 9.377 17.32 -10.73 10.835 19.258 -13.154 9.192 17.502 -9.192
5 24 15.126 30.533 -8.716 18.089 27.684 -5.992 18.046 27.889 -8.832 14.397 26.308 -.156
5 24 20.375 21.866 4.288 21.965 25.872 4.024 21.591 21.341 2.939 20.739 26.122 5.617
5 24 -3.827 -3 9.239 -4.78375 0 11.54875 -7.071 -3 7.071 0 0 12.5
5 24 15.726 28.546 13.639 13.276 28.339 13.274 14.167 25.924 13.406 14.292 31.398 12.393
5 24 -8.485 29.659 -14.773 -7.127 29.917 -14.439 -7.248 36.149 -15.506 -10.137 20.945 -13.755
5 24 7.303 31.008 20.723 7.585 32.37 19.467 9.656 33.786 17.234 6.726 32.117 19.388
5 24 10.667 17.851 16.664 8.262 18.929 20.644 9.952 16.356 16.482 9.959 21.751 17.585
5 24 4.975 4 -12.011 9.192 4 -9.192 4.975 6.59 -12.011 4.78375 0 -11.54875
5 24 20.739 26.122 5.617 19.672 21.933 7.819 20.375 21.866 4.288 19.809 27.015 8.46
5 24 10.937 9.334 -11.218 12.25 8.951 -10.783 10.773 9.17 -10.676 13.048 9.354 -10.823
5 24 -10.862 6.958 -9.876 -12.352 6.721 -8.58 -12.129 7.112 -8.393 -6.747 6.605 -13.1
5 24 -4.975 4 -12.011 -4.78375 0 -11.54875 -9.192 4 -9.192 0 0 -12.5
5 24 12.897 19.173 -13.79 11.996 18.771 -14.043 12.075 19.051 -13.865 13.062 18.842 -13.813
5 24 -4.975 4 -12.011 -4.975 7.023 -12.011 -9.192 4 -9.192 0 4 -13
5 24 0 41.988 13 .431 42.32 15.602 .468 41.302 15.648 .256 47.279 12.949
5 24 9.597 -5.696 6.856 12.024 -2.994 4.306 9.987 -4.734 7.993 10.314 -5.979 2.362
5 24 -15.478 39.993 -13.943 -12.365 34.446 -14.131 -14.402 34.419 -14.706 -9.699 36.031 -14.879
5 24 -14.792 41.824 11.374 -12.355 43.813 10 -12.266 43.586 12.27 -14.807 41.685 10
5 24 13.355 9.307 -9.108 10.716 6.373 -10.504 13.932 6.212 -7.512 12.25 8.951 -10.783
5 24 3.375 18.475 21.373 2.6 17.035 20.729 4.425 17.823 21.162 1.942 18.251 20.837
5 24 -1.93 -9.691 -1.166 -1.844 -9.476 -2.21 3.773 -9.205 -.997 -6.167 -8.569 -1.26
5 24 2.6 17.035 20.729 3.443 15.702 19.585 -.013 17.23 18.338 5.181 16.482 19.618
5 24 -17.239 19.827 10.194 -15.532 26.254 11.861 -16.276 20.034 11.327 -16.693 26.877 11.217
5 24 20.187 25.939 -5.882 19.78 20.385 -6.091 21.418 25.062 -4.741 18.146 20.734 -6.943
5 24 -4.798 -9.616 5.129 -8.083 -8.311 3.507 -6.594 -8.767 5.377 -7.457 -9.112 1.726
5 24 -15.079 30.255 -10 -8.472 41.589 -9.674 -8.618 29.534 -10 -15.853 34.914 -9.996
5 24 -13.084 34.044 13.629 -13.275 41.043 14.052 -14.129 33.975 12.654 -11.433 34.053 14.371
5 24 -7.154 -8.488 -.592 -8.665 -8.895 -.867 -7.627 -8.272 -1.084 -6.889 -8.799 .99
5 24 -6.308 -8.963 .079 -6.889 -8.799 .99 -2.882 -10.312 1.543 -7.154 -8.488 -.592
5 24 14.183 20.76 -14.737 15.132 22.363 -12.913 13.755 20.184 -12.649 14.942 22.326 -14.954
5 24 8.064 -7.851 4.702 10.314 -5.979 2.362 9.597 -5.696 6.856 6.831 -8.578 2.093
5 24 13.982 33.61 -14.279 15.776 28.18 -13.212 15.201 34.019 -13.228 14.874 27.902 -14.21
5 24 11.061 24.24 -15.704 10.074 27.93 -14.629 10.306 23.782 -14.372 10.869 27.713 -16.323
5 24 13.385 19.344 -13.317 13.062 18.842 -13.813 12.897 19.173 -13.79 13.726 18.339 -13.487
5 24 -14.845 29.31 -14.271 -16.318 20.894 -9.515 -14.033 20.984 -11.098 -18.474 27.04 -8.922
5 24 13.982 33.61 -14.279 13.829 34.052 -15.754 14.436 28.279 -14.492 13.47 41.476 -14.628
5 24 -19.768 25.883 -6.303 -21.086 20.541 -2.277 -20.801 25.707 -3.867 -19.3 20.046 -5.198
5 24 8.917 29.653 18.023 7.303 31.008 20.723 10.601 31.758 17.451 6.68 29.682 20.072
5 24 -11.858 -4.58 5.529 -10.856 -4.541 7.28 -10.564 -6.39 4.663 -12.759 .533 7.299
5 24 -9.548 -6.246 6.394 -8.397 -6.025 6.841 -10.856 -4.541 7.28 -6.594 -8.767 5.377
5 24 -16.276 20.034 11.327 -16.007 19.975 14.025 -15.51 13.345 10.638 -15.532 26.254 11.861
5 24 19.046 26.709 -2.532 18.089 27.684 -5.992 21.418 25.062 -4.741 14.397 26.308 -.156
5 24 4.491 5.385 17.658 4.627 6.918 19.014 .926 5.99 18.176 7.397 6.314 17.823
5 24 10.074 27.93 -14.629 8.092 22.234 -12.654 10.306 23.782 -14.372 7.031 32.876 -14.028
5 24 1.262 32.031 19.285 1.947 34.747 20.766 2.922 31.942 19.937 .635 34.438 19.023
5 24 15.929 6.783 1.767 15.983 6.211 -1.653 15.668 6.705 3.199 15.95 6.572 -.833
5 24 -13.062 -2.86 5.91 -12.759 .533 7.299 -13.495 .523 6.874 -11.858 -4.58 5.529
5 24 13.982 33.61 -14.279 14.874 27.902 -14.21 14.436 28.279 -14.492 15.776 28.18 -13.212
5 24 9.239 -3 3.827 11.54875 0 4.78375 7.071 -3 7.071 12.5 0 0
5 24 9.241 -5.969 7.081 7.441 -6.522 9.249 7.545 -8.056 5.757 9.987 -4.734 7.993
5 24 -12.129 7.112 -8.393 -14.462 12.286 -9.207 -12.784 7.044 -7.476 -13.009 12.608 -9.649
5 24 21.396 21.676 -.755 21.591 21.341 2.939 21.9 23.569 -.379 20.101 13.471 2.259
5 24 18.59 13.172 -3.979 15.88 6.589 -1.886 15.504 6.502 -3.381 18.814 13.803 -.865
5 24 13.94 15.388 9.19 13.337 15.216 11.815 14.15 19.808 10.441 12.788 8.585 8.66
5 24 -13.009 12.608 -9.649 -16.318 20.894 -9.515 -14.462 12.286 -9.207 -14.033 20.984 -11.098
5 24 -1.629 6.675 17.853 -5.601 .457 16.498 -4.844 5.51 17.364 .926 5.99 18.176
5 24 13.36 13.66 -11.791 13.592 13.498 -10.031 13.112 12.572 -11.58 13.088 14.828 -12.022
5 24 -1.745 -9.052 -3.241 4.001 -9.478 -2.239 4.092 -8.991 -3.113 -1.844 -9.476 -2.21
5 24 5.608 15.766 19.748 3.443 15.702 19.585 4.803 14.222 20.45 5.181 16.482 19.618
5 24 4.425 17.823 21.162 6.054 18.532 20.139 3.954 20.021 21.431 5.985 17.234 19.415
5 24 14.167 25.924 13.406 11.838 28.931 14.589 13.276 28.339 13.274 13.587 24.906 14.337
5 24 .283 28.221 19.13 -1.184 29.588 18.05 -.786 27.995 18.088 -.098 29.661 19.321
5 24 2.75 -9.407 6.184 -1.7 -10.253 6.591 3.361 -9.361 7.508 -3.527 -9.89 5.635
5 24 13.733 16.647 -12.92 13.64 19.419 -12.476 13.621 15.992 -12.273 13.682 19.266 -12.981
5 24 4.895 -9.479 5.275 7.545 -8.056 5.757 2.386 -10.156 3.597 5.056 -9.108 6.443
5 24 7.151 9.058 17.117 7.842 13.165 19.139 5.884 9.078 17.619 10.028 10.362 15.569
5 24 -17.087 -6.232 1.772 -19.008 -1.152 2.305 -19.194 -2.482 1.217 -16.573 -4.609 2.737
5 24 -9.313 13.355 -10.623 -9.766 8.272 -10.549 -10.782 12.557 -11.886 -9.192 14.037 -9.192
5 24 14.874 27.902 -14.21 14.159 27.936 -15.246 14.436 28.279 -14.492 14.754 27.47 -15.572
5 24 -13.275 41.043 14.052 -14.444 40.592 12.43 -14.792 41.824 11.374 -14.129 33.975 12.654
5 24 -.01 26.809 19.195 .283 28.221 19.13 .872 27.074 20.688 -.789 26.544 18.334
5 24 8.175 -8.004 -2.403 9.292 -6.944 -.324 7.574 -7.852 -1.547 11.437 -5.667 .584
5 24 9.192 4 -9.192 12.011 4 -4.975 9.192 8.069 -9.192 8.83875 0 -8.83875
5 24 20.101 13.471 2.259 17.742 8.384 -.208 15.929 6.783 1.767 19.702 13.488 -.243
5 24 -17.314 13.537 9.517 -15.51 13.345 10.638 -15.014 7.122 8.316 -16.276 20.034 11.327
5 24 8.917 29.653 18.023 10.601 31.758 17.451 7.303 31.008 20.723 11.326 31.684 16.525
5 24 11.371 26.27 17.303 11.828 25.803 15.352 11.174 29.117 16.89 11.48 23.436 17.175
5 24 13.337 15.216 11.815 14.15 19.808 10.441 13.94 15.388 9.19 13.056 19.772 13.187
5 24 6.141 29.587 19.978 6.328 30.709 20.233 5.583 29.132 20.058 6.68 29.682 20.072
5 24 6.409 14.613 19.189 5.649 13.196 19.479 6.252 12.727 18.801 4.803 14.222 20.45
5 24 -3.291 -6.883 11.648 -6.448 -6.265 10.283 -4.662 -9.086 7.506 -7.495 -3.274 12.387
5 24 8.83875 0 -8.83875 9.192 4 -9.192 4.975 4 -12.011 11.54875 0 -4.78375
5 24 13.394 15.754 -10.993 13.088 14.828 -12.022 13.338 15.29 -10.867 12.72 15.686 -12.337
5 24 -3.258 -10.836 2.061 -3.527 -9.89 5.635 -4.798 -9.616 5.129 1.412 -10.776 3.952
5 24 15.172 13.109 -7.812 14.511 6.271 -6.296 14.911 6.238 -5.482 14.708 12.779 -9.056
5 24 9.597 -5.696 6.856 9.37 -5.777 6.934 8.064 -7.851 4.702 9.987 -4.734 7.993
5 24 -15.853 34.914 -9.996 -14.845 29.31 -14.271 -15.079 30.255 -10 -14.402 34.419 -14.706
5 24 14.292 31.398 12.393 11.977 31.413 14.193 14.029 40.418 12.619 11.838 28.931 14.589
5 24 17.066 30.017 7.839 19.82 29.225 5.879 17.992 28.067 10.078 19.241 28.583 3.847
5 24 6.054 18.532 20.139 5.195 20.76 21.768 3.954 20.021 21.431 6.291 19.875 21.479
5 24 -16.007 19.975 14.025 -15.532 26.254 11.861 -16.276 20.034 11.327 -14.46 26.522 13.606
5 24 -13.776 7.786 9.974 -11.742 9.344 11.928 -11.82 8.395 12.089 -15.355 13.766 12.868
5 24 -8.198 -8.797 .364 -7.457 -9.112 1.726 -6.889 -8.799 .99 -9.267 -9.596 .528
5 24 5.371 -7.202 9.914 7.051 -2.705 12.134 6.651 -3.363 13.032 6.421 -6.418 9.142
5 24 7.487 26.913 21.206 8.917 29.653 18.023 6.68 29.682 20.072 9.692 26.533 17.974
5 24 12.803 24.357 -15.837 11.061 24.24 -15.704 11.098 23.763 -15.928 12.735 24.712 -15.478
5 24 11.18 20.333 -13.51 12.075 19.051 -13.865 10.835 19.258 -13.154 12.463 19.939 -14.499
5 24 18.243 22.074 8.034 19.809 27.015 8.46 18.579 26.629 8.798 19.672 21.933 7.819
5 24 1.735 -7.216 11.367 2.629 -7.489 11.582 5.008 -3.087 14.463 -1.7 -10.253 6.591
5 24 13.59 23.012 12.512 13.587 24.906 14.337 14.167 25.924 13.406 12.968 22.806 14.71
5 24 14.436 28.279 -14.492 13.829 34.052 -15.754 14.159 27.936 -15.246 13.982 33.61 -14.279
5 24 12.196 19.681 14.023 11.703 19.587 16.04 11.979 22.902 15.447 12.058 14.836 14.853
5 24 -12.365 34.446 -14.131 -14.402 34.419 -14.706 -12.654 28.973 -14.521 -15.478 39.993 -13.943
5 24 -13.643 14.442 13.471 -13.761 20.141 14.523 -14.23 20.031 13.979 -12.942 14.016 14.078
5 24 14.329 22.987 12.09 15.726 28.546 13.639 15.014 22.658 10.774 14.167 25.924 13.406
5 24 -11.54875 0 -4.78375 -12.011 4 -4.975 -13 4 0 -8.83875 0 -8.83875
5 24 7.842 13.165 19.139 6.409 14.613 19.189 6.252 12.727 18.801 8.272 16.709 19.36
5 24 16.104 28.948 -11.243 18.046 27.889 -8.832 15.126 30.533 -8.716 15.971 22.287 -12.14
5 24 -.629 25.292 18.577 .872 27.074 20.688 .689 24.294 20.49 -.01 26.809 19.195
5 24 12.5 0 0 10 -3 0 9.239 -3 3.827 11.54875 0 -4.78375
5 24 12.5 0 0 11.54875 0 -4.78375 13 4 0 9.239 -3 -3.827
5 24 18.579 26.629 8.798 17.992 28.067 10.078 17.314 21.977 10.616 19.82 29.225 5.879
5 24 -19.688 12.798 5.638 -19.228 12.94 7.538 -18.807 5.134 5.803 -19.746 18.952 9.06
5 24 6.68 29.682 20.072 6.328 30.709 20.233 7.303 31.008 20.723 6.141 29.587 19.978
5 24 7.441 -6.522 9.249 6.421 -6.418 9.142 5.056 -9.108 6.443 7.051 -2.705 12.134
5 24 3.132 4.263 18.041 -.485 -3.649 15.488 -4.217 -.852 16.385 4.249 3.465 17.119
5 24 12.058 14.836 14.853 9.952 16.356 16.482 10.667 17.851 16.664 9.767 14.511 16.413
5 24 -2.923 -10.059 6.854 -1.742 -7.047 11.762 1.268 -7.423 11.82 -4.662 -9.086 7.506
5 24 0 0 12.5 4.78375 0 11.54875 3.827 -3 9.239 0 4 13
5 24 -4.744 -8.98 6.912 -6.448 -6.265 10.283 -6.674 -6.625 8.531 -4.662 -9.086 7.506
5 24 12.968 22.806 14.71 11.979 22.902 15.447 13.119 24.086 15.088 13.056 19.772 13.187
5 24 4.975 4 -12.011 4.78375 0 -11.54875 0 4 -13 8.83875 0 -8.83875
5 24 19.241 28.583 3.847 21.9 23.569 -.379 19.586 25.461 -.591 21.965 25.872 4.024
5 24 -12.784 7.044 -7.476 -15.169 12.55 -7.585 -14.462 12.286 -9.207 -13.543 7.22 -6.011
5 24 .689 24.294 20.49 -.629 25.292 18.577 -.295 22.634 18.738 .872 27.074 20.688
5 24 -12.784 7.044 -7.476 -12.352 6.721 -8.58 -15.269 6.449 -4.392 -12.129 7.112 -8.393
5 24 -7.457 -9.112 1.726 -9.108 -9.15 2.033 -8.083 -8.311 3.507 -9.267 -9.596 .528
5 24 -1.93 -9.691 -1.166 -2.411 -10.634 .31 3.553 -10.636 1.274 -6.087 -8.782 -.481
5 24 15.648 19.947 -11.523 13.655 16.116 -11.038 13.64 19.419 -12.476 14.708 12.779 -9.056
5 24 .387 6.404 -14.575 0 6.802 -12.9995 4.975 6.59 -12.011 -6.747 6.605 -13.1
5 24 -13 4 0 -12.5 0 0 -11.54875 0 -4.78375 -12.011 4 4.975
5 24 4.78375 0 11.54875 8.83875 0 8.83875 4.975 4 12.011 7.071 -3 7.071
5 24 -10.05 -9.027 -.779 -13.814 -10.366 -.681 -12.313 -7.461 -1.71 -10.633 -10.207 -.332
5 24 -13 4 0 -13 24 0 -12.011 4 4.975 -12.011 24 -4.975
5 24 -11.771 12.231 -12.127 -10.862 6.958 -9.876 -10.129 7.259 -10.794 -13.009 12.608 -9.649
5 24 7.166 17.215 19.646 7.853 17.747 19.758 8.272 16.709 19.36 6.054 18.532 20.139
5 24 14.292 31.398 12.393 15.726 28.546 13.639 13.276 28.339 13.274 15.035 32.02 11.229
5 24 -14.444 40.592 12.43 -14.792 41.824 11.374 -13.275 41.043 14.052 -14.52 40.053 10
5 24 2.386 -10.156 3.597 3.553 -10.636 1.274 -2.882 -10.312 1.543 7.545 -8.056 5.757
5 24 .283 28.221 19.13 -.786 27.995 18.088 -1.184 29.588 18.05 -.789 26.544 18.334
5 24 14.33 7.92 6.193 15.73 14.9 8.796 16.504 14.712 6.691 13.594 8.276 7.532
5 24 15.95 6.572 -.833 15.983 6.211 -1.653 15.929 6.783 1.767 15.88 6.589 -1.886
5 24 -21.086 20.541 -2.277 -20.37 19.289 -5.032 -19.3 20.046 -5.198 -21.494 19.337 -2.149
5 24 7.545 -8.056 5.757 7.441 -6.522 9.249 5.056 -9.108 6.443 9.241 -5.969 7.081
5 24 5.884 9.078 17.619 5.649 13.196 19.479 6.252 12.727 18.801 4.713 8.293 18.506
5 24 5.938 36.023 19.123 5.168 40.786 19.563 5.29 35.802 19.147 6.749 36.14 18.757
5 24 13.337 15.216 11.815 12.28 15.262 12.912 13.056 19.772 13.187 11.612 8.693 11.439
5 24 0 0 -12.5 -4.78375 0 -11.54875 -3.827 -3 -9.239 0 4 -13
5 24 7.051 -2.705 12.134 8.308 -2.857 12.424 6.65 5.028 16.656 7.441 -6.522 9.249
5 24 -9.313 13.355 -10.623 -8.173 22.179 -12.686 -9.192 14.037 -9.192 -10.137 20.945 -13.755
5 24 -.64 34.121 19.633 .635 34.438 19.023 .076 39.351 15.725 1.262 32.031 19.285
5 24 -10.137 20.945 -13.755 -10.782 12.557 -11.886 -9.313 13.355 -10.623 -11.88 20.824 -14.269
5 24 19.809 27.015 8.46 20.739 26.122 5.617 19.82 29.225 5.879 19.672 21.933 7.819
5 24 -16.318 20.894 -9.515 -17.056 20.741 -7.713 -14.462 12.286 -9.207 -18.611 26.069 -7.153
5 24 -16.13 6.74 7.069 -19.228 12.94 7.538 -17.63 4.948 7.318 -17.536 13.246 8.211
5 24 2.213 23.654 21.658 1.57 20.422 21.307 4.546 21.915 22.435 .689 24.294 20.49
5 24 3.773 -9.205 -.997 3.722 -9.86 -.263 7.377 -8.983 .421 -1.93 -9.691 -1.166
5 24 8.092 22.234 -12.654 9.192 17.502 -9.192 8.652 24 -10 9.377 17.32 -10.73
5 24 12.935 -2.819 4.067 12.024 -2.994 4.306 10.569 -5.565 1.249 12.604 .021 7.819
5 24 15.648 19.947 -11.523 13.755 20.184 -12.649 15.132 22.363 -12.913 13.64 19.419 -12.476
5 24 -9.699 36.031 -14.879 -9.195 29.935 -15.999 -10.158 34.552 -15.964 -8.485 29.659 -14.773
5 24 -19.194 -2.482 1.217 -19.008 -1.152 2.305 -20.805 2.332 .931 -17.087 -6.232 1.772
5 24 -17.056 20.741 -7.713 -18.428 20.265 -7.057 -18.611 26.069 -7.153 -15.169 12.55 -7.585
5 24 -16.693 26.877 11.217 -17.366 26.751 9.242 -17.239 19.827 10.194 -18.314 32.211 10.517
5 24 6.365 33.234 -11.082 8.182 32.257 -10 8.119 40.898 -10 8.652 24 -10
5 24 -8.83875 0 -8.83875 -4.78375 0 -11.54875 -4.975 4 -12.011 -7.071 -3 -7.071
5 24 -14.46 26.522 13.606 -14.129 33.975 12.654 -15.532 26.254 11.861 -13.084 34.044 13.629
5 24 -10.05 -9.027 -.779 -9.267 -9.596 .528 -8.198 -8.797 .364 -10.633 -10.207 -.332
5 24 .689 24.294 20.49 .872 27.074 20.688 2.477 25.278 21.029 -.629 25.292 18.577
5 24 -14.573 1.17 7.055 -15.385 3.243 7.187 -16.533 1.152 6.973 -14.459 2.55 6.969
5 24 -20.269 3.076 5.134 -19.688 12.798 5.638 -18.807 5.134 5.803 -21.041 12.239 4.538
5 24 6.409 14.613 19.189 7.166 17.215 19.646 5.985 17.234 19.415 8.272 16.709 19.36
5 24 6.291 19.875 21.479 7.373 21.865 20.714 8.262 18.929 20.644 5.195 20.76 21.768
5 24 11.48 23.436 17.175 11.828 25.803 15.352 11.371 26.27 17.303 11.931 23.834 15.416
5 24 15.035 32.02 11.229 14.029 40.418 12.619 14.15 40.236 10 14.292 31.398 12.393
5 24 -11.772 33.971 -15.637 -12.654 28.973 -14.521 -12.365 34.446 -14.131 -11.518 29.713 -16
5 24 0 6.802 -12.9995 0 4 -13 4.975 4 -12.011 -4.975 7.023 -12.011
5 24 9.377 17.32 -10.73 9.192 17.502 -9.192 10.869 15.197 -11.883 8.092 22.234 -12.654
5 24 -6.167 -8.569 -1.26 -1.93 -9.691 -1.166 -6.087 -8.782 -.481 -1.844 -9.476 -2.21
5 24 21.591 21.341 2.939 20.375 21.866 4.288 21.965 25.872 4.024 19.08 13.796 3.872
5 24 -19.952 1.981 -1.895 -20.805 2.332 .931 -18.462 -2.501 -1.57 -22.227 11.2 .395
5 24 8.852 7.086 -9.42 9.131 6.411 -11.347 10.423 9.036 -10.211 8.278 6.709 -9.804
5 24 -4.78375 0 11.54875 -8.83875 0 8.83875 -3.827 -3 9.239 -9.192 4 9.192
5 24 13 4 0 13 24 0 12.011 4 4.975 12.011 24 -4.975
5 24 -16.533 1.152 6.973 -15.385 3.243 7.187 -14.573 1.17 7.055 -16.053 4.919 7.227
5 24 10.355 9.774 -10.264 10.773 9.17 -10.676 10.423 9.036 -10.211 10.937 9.334 -11.218
5 24 6.241 32.226 19.185 6.749 36.14 18.757 5.93 32.751 18.694 6.726 32.117 19.388
5 24 10.835 19.258 -13.154 11.113 16.718 -13.567 11.133 17.985 -13.986 10.857 16.064 -12.559
5 24 12.604 .021 7.819 9.987 -4.734 7.993 12.024 -2.994 4.306 11.857 2.206 10.331
5 24 -19.194 -2.482 1.217 -16.779 -6.003 -1.456 -18.462 -2.501 -1.57 -17.087 -6.232 1.772
5 24 17.415 20.405 -8.9 18.146 20.734 -6.943 20.187 25.939 -5.882 16.881 13.107 -6.909
5 24 8.83875 0 8.83875 7.071 -3 7.071 11.54875 0 4.78375 3.827 -3 9.239
5 24 -7.109 -7.498 7.893 -6.674 -6.625 8.531 -4.744 -8.98 6.912 -9.071 -4.33 9.308
5 24 -6.545 41.097 -10.961 -7.248 36.149 -15.506 -5.859 36.224 -11.42 -7.15 40.212 -14.189
5 24 8.262 18.929 20.644 7.373 21.865 20.714 6.291 19.875 21.479 9.959 21.751 17.585
5 24 2.922 31.942 19.937 2.672 30.646 20.646 1.262 32.031 19.285 5.823 30.707 20.366
5 24 .235 -3.49 14.692 1.373 -3.887 14.989 4.249 3.465 17.119 -1.742 -7.047 11.762
5 24 15.132 22.363 -12.913 14.942 22.326 -14.954 14.183 20.76 -14.737 14.581 23.897 -13.7
5 24 7.853 17.747 19.758 8.262 18.929 20.644 6.291 19.875 21.479 9.952 16.356 16.482
5 24 10.028 10.362 15.569 10.383 10.065 14.189 10.205 10.879 14.907 10.63 9.192 13.511
5 24 10.284 41.435 13.321 13.07 43.337 10 10.07 42.483 10 11.396 40.486 14.131
5 24 5.056 -9.108 6.443 6.421 -6.418 9.142 4.177 -8.855 6.562 7.441 -6.522 9.249
5 24 15.172 13.109 -7.812 16.881 13.107 -6.909 17.415 20.405 -8.9 14.911 6.238 -5.482
5 24 11.612 8.693 11.439 12.28 15.262 12.912 10.63 9.192 13.511 13.337 15.216 11.815
5 24 -7.805 22.741 -10.12 -8.07 24 -10 -9.192 24 -9.192 -5.948 29.163 -11.361
5 24 -21.041 12.239 4.538 -20.142 17.754 5.54 -22.222 21.717 2.967 -19.688 12.798 5.638
5 24 8.262 18.929 20.644 9.959 21.751 17.585 7.373 21.865 20.714 10.667 17.851 16.664
5 24 5.181 16.482 19.618 4.425 17.823 21.162 2.6 17.035 20.729 5.985 17.234 19.415
5 24 -11.433 34.053 14.371 -13.084 34.044 13.629 -13.275 41.043 14.052 -14.46 26.522 13.606
5 24 13.503 20.129 -13.753 14.183 20.76 -14.737 12.59 20.027 -14.776 13.755 20.184 -12.649
5 24 -18.314 32.211 10.517 -20.085 32.119 9.296 -20.71 31.062 9.94 -15.795 34.409 10
5 24 14.581 23.897 -13.7 14.233 23.857 -15.388 14.513 24.218 -15.07 14.942 22.326 -14.954
5 24 2.672 30.646 20.646 2.732 29.432 20.28 5.583 29.132 20.058 1.156 29.36 19.44
5 24 4.092 -8.991 -3.113 4.001 -9.478 -2.239 7.574 -7.852 -1.547 -1.745 -9.052 -3.241
5 24 7.487 26.913 21.206 6.68 29.682 20.072 8.917 29.653 18.023 6.141 29.587 19.978
5 24 -1.7 -10.253 6.591 -2.702 -9.884 6.628 -3.527 -9.89 5.635 1.735 -7.216 11.367
5 24 10.284 41.435 13.321 10.07 42.483 10 13.07 43.337 10 9.744 40.559 12.673
5 24 1.156 29.36 19.44 2.672 30.646 20.646 1.285 30.603 19.457 2.732 29.432 20.28
5 24 7.842 13.165 19.139 8.272 16.709 19.36 9.767 14.511 16.413 6.409 14.613 19.189
5 24 8.078 41.094 13.764 9.078 41.297 10 8.567 41.564 10 9.744 40.559 12.673
5 24 6.726 32.117 19.388 6.749 36.14 18.757 6.241 32.226 19.185 8.219 36.388 19.125
5 24 -5.948 29.163 -11.361 -8.07 24 -10 -7.805 22.741 -10.12 -8.618 29.534 -10
5 24 1.57 20.422 21.307 .689 24.294 20.49 2.213 23.654 21.658 -.295 22.634 18.738
5 24 11.583 22.526 16.98 11.979 22.902 15.447 11.48 23.436 17.175 11.703 19.587 16.04
5 24 12.011 4 -4.975 12.011 24 -4.975 13 4 0 9.668 9.94 -8.48
5 24 8.994 24 10 4.975 46.337 12.011 8.567 41.564 10 4.975 4 12.011
5 24 7.303 31.008 20.723 9.656 33.786 17.234 7.585 32.37 19.467 10.601 31.758 17.451
5 24 -13.643 14.442 13.471 -12.942 14.016 14.078 -13.761 20.141 14.523 -11.742 9.344 11.928
5 24 4.248 -9.174 -3.946 4.092 -8.991 -3.113 7.574 -7.852 -1.547 -1.71 -9.358 -4.067
5 24 4.895 -9.479 5.275 4.197 -9.242 6.015 2.386 -10.156 3.597 5.056 -9.108 6.443
5 24 10.569 -5.565 1.249 10.314 -5.979 2.362 9.292 -6.944 -.324 12.024 -2.994 4.306
5 24 -11.433 34.053 14.371 -14.46 26.522 13.606 -12.886 27.356 14.513 -13.084 34.044 13.629
5 24 13.355 9.307 -9.108 13.932 6.212 -7.512 10.716 6.373 -10.504 14.708 12.779 -9.056
5 24 19.82 29.225 5.879 17.992 28.067 10.078 18.579 26.629 8.798 17.066 30.017 7.839
5 24 15.126 30.533 -8.716 14 24 -10 15.801 34.558 -9.959 14.397 26.308 -.156
5 24 -16.376 -1.171 -2.02 -18.462 -2.501 -1.57 -14.611 -5.238 -1.794 -19.952 1.981 -1.895
5 24 -12.5 0 0 -10 -3 0 -9.239 -3 -3.827 -11.54875 0 4.78375
5 24 11.133 17.985 -13.986 10.835 19.258 -13.154 11.113 16.718 -13.567 11.066 19.144 -13.696
5 24 12.011 4 -4.975 13 4 0 12.011 24 -4.975 11.54875 0 -4.78375
5 24 -8.393 -3.32 10.245 -7.839 -2.459 12.686 -9.7 2.643 11.933 -7.495 -3.274 12.387
5 24 13.928 7.63 8.151 14.33 7.92 6.193 14.71 7.527 5.376 13.594 8.276 7.532
5 24 18.332 14.1 6.55 16.504 14.712 6.691 19.672 21.933 7.819 14.71 7.527 5.376
5 24 7.377 -8.983 .421 6.831 -8.578 2.093 3.599 -9.842 .486 10.314 -5.979 2.362
5 24 19.08 13.796 3.872 18.332 14.1 6.55 14.71 7.527 5.376 20.375 21.866 4.288
5 24 8.83875 0 -8.83875 4.78375 0 -11.54875 3.827 -3 -9.239 9.192 4 -9.192
5 24 -10.856 -4.541 7.28 -8.397 -6.025 6.841 -9.641 -3.795 8.02 -9.548 -6.246 6.394
5 24 -8.397 -6.025 6.841 -9.071 -4.33 9.308 -9.641 -3.795 8.02 -7.109 -7.498 7.893
5 24 9.668 9.94 -8.48 10.355 9.774 -10.264 10.423 9.036 -10.211 10.691 12.492 -11.524
5 24 19.702 13.488 -.243 20.101 13.471 2.259 17.742 8.384 -.208 21.396 21.676 -.755
5 24 8.83875 0 8.83875 11.54875 0 4.78375 9.239 -3 3.827 9.192 4 9.192
5 24 13.733 16.647 -12.92 13.682 19.266 -12.981 13.64 19.419 -12.476 13.726 18.339 -13.487
5 24 -22.227 11.2 .395 -20.617 3.129 1.861 -21.347 12.202 1.14 -20.805 2.332 .931
5 24 7.608 23.443 21.306 9.756 24.93 18.24 7.731 24.718 20.183 10.197 23.746 17.96
5 24 -15.002 -1.442 6.484 -13.495 .523 6.874 -14.573 1.17 7.055 -13.062 -2.86 5.91
5 24 7.545 -8.056 5.757 5.056 -9.108 6.443 7.441 -6.522 9.249 4.895 -9.479 5.275
5 24 3.504 12.473 20.557 1.019 8.871 18.861 4.713 8.293 18.506 -1.969 8.765 16.824
5 24 -12.011 4 -4.975 -12.011 24 -4.975 -9.192 24 -9.192 -13 4 0
5 24 -7.109 -7.498 7.893 -4.744 -8.98 6.912 -6.674 -6.625 8.531 -5.226 -9.103 6.748
5 24 12.603 42.031 -10 9.904 41.513 -13.795 9.991 41.87 -10 13.47 41.476 -14.628
5 24 -16.533 1.152 6.973 -16.053 4.919 7.227 -17.63 4.948 7.318 -15.385 3.243 7.187
5 24 9.692 26.533 17.974 11.174 29.117 16.89 11.371 26.27 17.303 8.917 29.653 18.023
5 24 -6.416 -8.436 -2.91 -6.243 -8.289 -2.108 -7.627 -8.272 -1.084 -1.745 -9.052 -3.241
5 24 12.5 0 0 13 4 0 11.54875 0 4.78375 12.011 4 -4.975
5 24 4.106 45.651 14.28 4.975 46.337 12.011 7.548 46.043 14.81 3.377 47.889 12.328
5 24 8.994 24 10 9.192 4 9.192 4.975 4 12.011 9.192 24 9.192
5 24 .926 5.99 18.176 3.132 4.263 18.041 -4.217 -.852 16.385 4.491 5.385 17.658
5 24 3.824 -2.886 14.063 3.365 -3.197 14.852 4.249 3.465 17.119 1.735 -7.216 11.367
5 24 -4.975 50.955 12.011 -4.975 4 12.011 -2.427 47.588 12.517 -7.984 24 10
5 24 19.241 28.583 3.847 14.397 26.308 -.156 14.625 27.646 3.974 19.586 25.461 -.591
5 24 -10.137 20.945 -13.755 -9.313 13.355 -10.623 -8.173 22.179 -12.686 -10.782 12.557 -11.886
5 24 -6.674 -6.625 8.531 -7.495 -3.274 12.387 -8.393 -3.32 10.245 -6.448 -6.265 10.283
5 24 12.603 42.031 -10 14.425 40.754 -13.306 13.47 41.476 -14.628 15.431 40.354 -12.671
5 24 11.326 31.684 16.525 9.99 36.394 15.8 11.396 40.486 14.131 9.656 33.786 17.234
5 24 -15.538 33.717 12.729 -14.578 35.034 10 -14.129 33.975 12.654 -15.795 34.409 10
5 24 12.011 24 4.975 12.011 4 4.975 9.192 4 9.192 13 24 0
5 24 .872 27.074 20.688 1.156 29.36 19.44 2.732 29.432 20.28 .283 28.221 19.13
5 24 15.014 22.658 10.774 17.314 21.977 10.616 17.148 28.211 10.819 14.15 19.808 10.441
5 24 -13.814 -10.366 -.681 -17.087 -6.232 1.772 -14.259 -10.112 1.956 -16.779 -6.003 -1.456
5 24 3.443 15.702 19.585 3.504 12.473 20.557 4.803 14.222 20.45 -.355 14.458 17.69
5 24 4.975 6.59 -12.011 9.131 6.411 -11.347 8.278 6.709 -9.804 .387 6.404 -14.575
5 24 2.6 17.035 20.729 4.425 17.823 21.162 3.375 18.475 21.373 5.181 16.482 19.618
5 24 4.249 3.465 17.119 6.65 5.028 16.656 4.491 5.385 17.658 5.008 -3.087 14.463
5 24 6.651 -3.363 13.032 5.008 -3.087 14.463 5.371 -7.202 9.914 6.65 5.028 16.656
5 24 21.418 25.062 -4.741 19.046 26.709 -2.532 19.586 25.461 -.591 18.089 27.684 -5.992
5 24 21.965 25.872 4.024 19.241 28.583 3.847 21.9 23.569 -.379 19.82 29.225 5.879
5 24 18.046 27.889 -8.832 17.415 20.405 -8.9 16.013 20.199 -9.858 20.042 26.426 -8.177
5 24 11.612 8.693 11.439 13.337 15.216 11.815 12.28 15.262 12.912 12.244 8.58 10.391
5 24 21.965 25.872 4.024 20.739 26.122 5.617 19.82 29.225 5.879 20.375 21.866 4.288
5 24 8.119 40.898 -10 9.904 41.513 -13.795 9.991 41.87 -10 7.285 40.257 -13.234
5 24 15.504 6.502 -3.381 14.81 5.883 -6.312 15.983 6.211 -1.653 14.911 6.238 -5.482
5 24 -12.266 43.586 12.27 -14.792 41.824 11.374 -12.355 43.813 10 -13.275 41.043 14.052
5 24 3.827 -3 9.239 4.78375 0 11.54875 0 -3 10 8.83875 0 8.83875
5 24 14.708 12.779 -9.056 15.172 13.109 -7.812 16.013 20.199 -9.858 14.511 6.271 -6.296
5 24 -7.805 22.741 -10.12 -9.192 24 -9.192 -8.07 24 -10 -9.192 14.037 -9.192
5 24 -21.787 26.044 1.381 -14.357 26.071 .722 -21.36 26.49 2.886 -22.235 26.557 -2.196
5 24 -8.618 29.534 -10 -5.859 36.224 -11.42 -6.545 41.097 -10.961 -5.948 29.163 -11.361
5 24 13.112 12.572 -11.58 13.592 13.498 -10.031 13.36 13.66 -11.791 13.459 12.53 -9.871
5 24 -9.267 -9.596 .528 -10.713 -10.339 2.058 -9.108 -9.15 2.033 -10.633 -10.207 -.332
5 24 17.415 20.405 -8.9 20.187 25.939 -5.882 20.042 26.426 -8.177 18.146 20.734 -6.943
5 24 10.205 10.879 14.907 12.058 14.836 14.853 10.383 10.065 14.189 9.767 14.511 16.413
5 24 7.608 23.443 21.306 7.731 24.718 20.183 9.756 24.93 18.24 6.407 25.073 19.839
5 24 5.29 35.802 19.147 5.938 36.023 19.123 5.93 32.751 18.694 5.168 40.786 19.563
5 24 4.248 -9.174 -3.946 7.574 -7.852 -1.547 8.175 -8.004 -2.403 4.092 -8.991 -3.113
5 24 6.328 30.709 20.233 6.726 32.117 19.388 7.303 31.008 20.723 6.241 32.226 19.185
5 24 18.814 13.803 -.865 19.702 13.488 -.243 15.95 6.572 -.833 21.396 21.676 -.755
5 24 -.64 34.121 19.633 1.262 32.031 19.285 .635 34.438 19.023 1.285 30.603 19.457
5 24 -22.235 26.557 -2.196 -14.357 26.071 .722 -21.787 26.044 1.381 -20.801 25.707 -3.867
5 24 -5.948 29.163 -11.361 -8.173 22.179 -12.686 -7.127 29.917 -14.439 -7.805 22.741 -10.12
5 24 10.285 28.521 -14.175 10.869 27.713 -16.323 10.074 27.93 -14.629 11.528 28.343 -15.713
5 24 4.713 8.293 18.506 3.504 12.473 20.557 1.019 8.871 18.861 5.649 13.196 19.479
5 24 3.731 43.651 15.555 4.106 45.651 14.28 2.332 46.922 15.389 6.753 42.212 15.393
5 24 4.425 17.823 21.162 3.954 20.021 21.431 6.054 18.532 20.139 3.375 18.475 21.373
5 24 -11.858 -4.58 5.529 -12.759 .533 7.299 -10.856 -4.541 7.28 -13.062 -2.86 5.91
5 24 -13.119 20.121 14.62 -13.761 20.141 14.523 -12.942 14.016 14.078 -12.886 27.356 14.513
5 24 -9.195 29.935 -15.999 -11.88 20.824 -14.269 -10.137 20.945 -13.755 -11.518 29.713 -16
5 24 -2.882 -10.312 1.543 3.553 -10.636 1.274 2.386 -10.156 3.597 -2.411 -10.634 .31
5 24 13.568 12.188 -9.718 13.048 9.354 -10.823 13.279 11.964 -11.55 13.355 9.307 -9.108
5 24 10.312 22.302 -15.683 10.159 22.514 -14.05 11.025 20.702 -15.167 10.306 23.782 -14.372
5 24 -16.318 20.894 -9.515 -18.611 26.069 -7.153 -18.474 27.04 -8.922 -17.056 20.741 -7.713
5 24 15.014 22.658 10.774 15.726 28.546 13.639 14.329 22.987 12.09 17.148 28.211 10.819
5 24 1.268 -7.423 11.82 1.373 -3.887 14.989 3.365 -3.197 14.852 -1.742 -7.047 11.762
5 24 12.058 14.836 14.853 12.28 15.262 12.912 10.383 10.065 14.189 12.196 19.681 14.023
5 24 -4.975 7.023 -12.011 -6.747 6.605 -13.1 0 6.802 -12.9995 -8.531 7.097 -11.107
5 24 -13.761 20.141 14.523 -14.46 26.522 13.606 -12.886 27.356 14.513 -14.23 20.031 13.979
5 24 -8.83875 0 -8.83875 -11.54875 0 -4.78375 -9.192 4 -9.192 -9.239 -3 -3.827
5 24 -13.275 41.043 14.052 -12.266 43.586 12.27 -10.391 41.331 13.787 -14.792 41.824 11.374
5 24 14.029 40.418 12.619 13.07 43.337 10 14.15 40.236 10 11.396 40.486 14.131
5 24 -5.226 -9.103 6.748 -4.744 -8.98 6.912 -7.109 -7.498 7.893 -3.527 -9.89 5.635
5 24 -14.402 34.419 -14.706 -12.654 28.973 -14.521 -12.365 34.446 -14.131 -14.845 29.31 -14.271
5 24 9.192 4 -9.192 9.192 8.069 -9.192 12.011 4 -4.975 8.852 7.086 -9.42
5 24 -12.011 4 4.975 -11.54875 0 4.78375 -9.192 4 9.192 -12.5 0 0
5 24 2.922 31.942 19.937 5.823 30.707 20.366 2.672 30.646 20.646 5.657 32.167 19.377
5 24 -10.564 -6.39 4.663 -6.594 -8.767 5.377 -9.548 -6.246 6.394 -8.083 -8.311 3.507
5 24 -6.243 -8.289 -2.108 -1.844 -9.476 -2.21 -1.745 -9.052 -3.241 -6.167 -8.569 -1.26
5 24 -8.397 -6.025 6.841 -7.109 -7.498 7.893 -6.066 -8.619 5.751 -9.071 -4.33 9.308
5 24 13.119 24.086 15.088 11.979 22.902 15.447 12.968 22.806 14.71 11.931 23.834 15.416
5 24 14.397 26.308 -.156 18.089 27.684 -5.992 15.126 30.533 -8.716 19.046 26.709 -2.532
5 24 4.177 -8.855 6.562 5.371 -7.202 9.914 3.361 -9.361 7.508 6.421 -6.418 9.142
5 24 4.87 35.805 20.116 3.245 35.192 19.617 4.354 32.333 19.761 3.238 40.079 19.493
5 24 5.181 16.482 19.618 2.6 17.035 20.729 4.425 17.823 21.162 3.443 15.702 19.585
5 24 -7.627 -8.272 -1.084 -11.548 -6.757 -2.664 -10.842 -5.522 -2.863 -8.665 -8.895 -.867
5 24 13 4 0 12.011 4 4.975 13 24 0 12.5 0 0
5 24 -.295 22.634 18.738 1.57 20.422 21.307 .689 24.294 20.49 .039 19.976 18.899
5 24 -5.948 29.163 -11.361 -8.618 29.534 -10 -5.859 36.224 -11.42 -8.07 24 -10
5 24 -4.744 -8.98 6.912 -4.662 -9.086 7.506 -6.448 -6.265 10.283 -3.527 -9.89 5.635
5 24 10.835 19.258 -13.154 10.857 16.064 -12.559 10.713 16.16 -12.039 11.113 16.718 -13.567
5 24 -13.29 -6.689 4.858 -13.482 -3.086 5.484 -11.858 -4.58 5.529 -15.441 -1.791 5.539
5 24 -11.555 1.23 8.863 -9.071 -4.33 9.308 -9.641 -3.795 8.02 -10.75 1.405 10.952
5 24 11.437 -5.667 .584 10.569 -5.565 1.249 12.935 -2.819 4.067 9.292 -6.944 -.324
5 24 -16.614 -3.596 4.816 -17.488 .548 5.723 -18.631 -.843 4.943 -15.441 -1.791 5.539
5 24 12.463 19.939 -14.499 12.075 19.051 -13.865 11.18 20.333 -13.51 12.897 19.173 -13.79
5 24 9.744 40.559 12.673 10.07 42.483 10 9.078 41.297 10 10.284 41.435 13.321
5 24 -21.787 26.044 1.381 -22.222 21.717 2.967 -21.347 12.202 1.14 -21.36 26.49 2.886
5 24 -22.235 26.557 -2.196 -21.086 20.541 -2.277 -20.801 25.707 -3.867 -23.505 25.859 -1.562
5 24 12.803 24.357 -15.837 14.513 24.218 -15.07 14.233 23.857 -15.388 12.735 24.712 -15.478
5 24 -18.807 5.134 5.803 -19.228 12.94 7.538 -19.688 12.798 5.638 -17.63 4.948 7.318
5 24 12.28 15.262 12.912 13.056 19.772 13.187 13.337 15.216 11.815 12.196 19.681 14.023
5 24 3.375 18.475 21.373 3.954 20.021 21.431 4.425 17.823 21.162 1.942 18.251 20.837
5 24 3.365 -3.197 14.852 1.735 -7.216 11.367 1.268 -7.423 11.82 3.824 -2.886 14.063
5 24 3.954 20.021 21.431 4.546 21.915 22.435 5.195 20.76 21.768 1.57 20.422 21.307
5 24 5.884 9.078 17.619 7.842 13.165 19.139 7.151 9.058 17.117 6.252 12.727 18.801
5 24 13.119 24.086 15.088 13.587 24.906 14.337 11.838 28.931 14.589 12.968 22.806 14.71
5 24 .468 41.302 15.648 2.414 42.11 15.62 .431 42.32 15.602 1.983 41.06 15.561
5 24 -17.63 4.948 7.318 -16.13 6.74 7.069 -19.228 12.94 7.538 -16.053 4.919 7.227
5 24 11.54875 0 4.78375 12.5 0 0 12.011 4 4.975 10 -3 0
5 24 9.989 8.41 14.441 11.612 8.693 11.439 12.635 8.028 10.531 10.63 9.192 13.511
5 24 -8.393 -3.32 10.245 -10.75 1.405 10.952 -9.7 2.643 11.933 -9.071 -4.33 9.308
5 24 -14.129 33.975 12.654 -14.444 40.592 12.43 -13.275 41.043 14.052 -14.578 35.034 10
5 24 5.649 13.196 19.479 4.803 14.222 20.45 6.409 14.613 19.189 3.504 12.473 20.557
5 24 9.959 21.751 17.585 11.48 23.436 17.175 10.197 23.746 17.96 11.583 22.526 16.98
5 24 -7.248 36.149 -15.506 -5.859 36.224 -11.42 -7.127 29.917 -14.439 -6.545 41.097 -10.961
5 24 7.827 41.516 17.801 8.078 41.094 13.764 9.993 40.282 13.406 6.753 42.212 15.393
5 24 13.59 23.012 12.512 12.968 22.806 14.71 13.056 19.772 13.187 13.587 24.906 14.337
5 24 4.975 4 -12.011 4.975 6.59 -12.011 9.192 4 -9.192 0 6.802 -12.9995
5 24 4.87 35.805 20.116 5.29 35.802 19.147 5.572 32.711 19.399 3.87 40.035 19.117
5 24 11.528 28.343 -15.713 10.869 27.713 -16.323 10.285 28.521 -14.175 14.754 27.47 -15.572
5 24 4.491 5.385 17.658 7.397 6.314 17.823 6.65 5.028 16.656 4.627 6.918 19.014
5 24 -11.771 12.231 -12.127 -13.009 12.608 -9.649 -14.033 20.984 -11.098 -10.862 6.958 -9.876
5 24 -15.274 40.774 -10.409 -15.478 39.993 -13.943 -16.324 38.927 -10.287 -8.472 41.589 -9.674
5 24 -2.702 -9.884 6.628 -2.923 -10.059 6.854 -3.527 -9.89 5.635 1.268 -7.423 11.82
5 24 15.776 28.18 -13.212 14.874 27.902 -14.21 13.982 33.61 -14.279 15.971 22.287 -12.14
5 24 15.971 22.287 -12.14 16.013 20.199 -9.858 15.648 19.947 -11.523 18.046 27.889 -8.832
5 24 -13.454 -4.087 -3.468 -11.966 -3.934 -3.334 -11.548 -6.757 -2.664 -12.657 -2.424 -3.531
5 24 -9.108 -9.15 2.033 -8.083 -8.311 3.507 -7.457 -9.112 1.726 -11.123 -8.451 3.145
5 24 4.354 32.333 19.761 5.572 32.711 19.399 5.657 32.167 19.377 4.87 35.805 20.116
5 24 1.412 -10.776 3.952 -3.527 -9.89 5.635 -3.258 -10.836 2.061 2.75 -9.407 6.184
5 24 0 0 -12.5 0 4 -13 4.78375 0 -11.54875 -4.975 4 -12.011
5 24 19.241 28.583 3.847 19.586 25.461 -.591 21.9 23.569 -.379 14.397 26.308 -.156
5 24 11.025 20.702 -15.167 10.159 22.514 -14.05 11.18 20.333 -13.51 10.312 22.302 -15.683
5 24 9.131 6.411 -11.347 .387 6.404 -14.575 4.975 6.59 -12.011 10.768 6.12 -10.994
5 24 1.373 -3.887 14.989 3.365 -3.197 14.852 1.268 -7.423 11.82 4.249 3.465 17.119
5 24 -18.462 -2.501 -1.57 -19.194 -2.482 1.217 -16.779 -6.003 -1.456 -20.805 2.332 .931
5 24 -16.007 19.975 14.025 -14.23 20.031 13.979 -13.643 14.442 13.471 -14.46 26.522 13.606
5 24 -1.7 -10.253 6.591 1.735 -7.216 11.367 -2.702 -9.884 6.628 2.629 -7.489 11.582
5 24 .601 39.373 18.956 1.983 41.06 15.561 1.936 39.342 18.766 .076 39.351 15.725
5 24 13.112 12.572 -11.58 13.568 12.188 -9.718 13.459 12.53 -9.871 13.279 11.964 -11.55
5 24 9.131 6.411 -11.347 10.768 6.12 -10.994 10.716 6.373 -10.504 .387 6.404 -14.575
5 24 9.131 6.411 -11.347 8.278 6.709 -9.804 8.852 7.086 -9.42 4.975 6.59 -12.011
5 24 -18.611 26.069 -7.153 -18.428 20.265 -7.057 -17.056 20.741 -7.713 -19.768 25.883 -6.303
5 24 -14.46 26.522 13.606 -13.084 34.044 13.629 -11.433 34.053 14.371 -14.129 33.975 12.654
5 24 .468 41.302 15.648 0 41.988 13 .431 42.32 15.602 -.564 41.505 12.888
5 24 19.08 13.796 3.872 14.71 7.527 5.376 18.332 14.1 6.55 16.714 8.889 3.188
5 24 -7.839 -2.459 12.686 -9.7 2.643 11.933 -9.071 2.877 12.941 -8.393 -3.32 10.245
5 24 -19.008 -1.152 2.305 -20.269 3.076 5.134 -18.631 -.843 4.943 -20.617 3.129 1.861
5 24 11.098 23.763 -15.928 10.306 23.782 -14.372 10.312 22.302 -15.683 11.061 24.24 -15.704
5 24 13.048 9.354 -10.823 12.25 8.951 -10.783 13.355 9.307 -9.108 10.937 9.334 -11.218
5 24 -4.796 -.198 16.03 -5.601 .457 16.498 -7.495 -3.274 12.387 .926 5.99 18.176
5 24 9.656 33.786 17.234 8.219 36.388 19.125 9.99 36.394 15.8 7.585 32.37 19.467
5 24 -12.657 -2.424 -3.531 -13.347 -.913 -3.728 -12.75 -1.668 -3.63 -14.768 -1.429 -3.853
5 24 -9.192 4 -9.192 -4.975 4 -12.011 -4.975 7.023 -12.011 -8.83875 0 -8.83875
5 24 8.092 22.234 -12.654 11.18 20.333 -13.51 10.159 22.514 -14.05 10.835 19.258 -13.154
5 24 12.058 14.836 14.853 12.196 19.681 14.023 11.703 19.587 16.04 12.28 15.262 12.912
5 24 15.668 6.705 3.199 14.71 7.527 5.376 13.928 7.63 8.151 15.929 6.783 1.767
5 24 -10.782 12.557 -11.886 -11.771 12.231 -12.127 -11.88 20.824 -14.269 -10.129 7.259 -10.794
5 24 8.438 44.806 10 4.975 46.337 12.011 8.567 41.564 10 6.124 46.932 11.243
5 24 -13.29 -6.689 4.858 -15.441 -1.791 5.539 -13.482 -3.086 5.484 -16.614 -3.596 4.816
5 24 14.397 26.308 -.156 19.046 26.709 -2.532 19.586 25.461 -.591 18.089 27.684 -5.992
5 24 9.99 36.394 15.8 7.827 41.516 17.801 8.219 36.388 19.125 9.993 40.282 13.406
5 24 5.985 17.234 19.415 4.425 17.823 21.162 6.054 18.532 20.139 5.181 16.482 19.618
5 24 -20.269 3.076 5.134 -18.807 5.134 5.803 -19.688 12.798 5.638 -17.488 .548 5.723
5 24 -15.478 39.993 -13.943 -9.699 36.031 -14.879 -7.15 40.212 -14.189 -12.365 34.446 -14.131
5 24 3.553 -10.636 1.274 3.599 -9.842 .486 6.831 -8.578 2.093 -1.93 -9.691 -1.166
5 24 1.019 8.871 18.861 1.17 7.283 19.324 -.28 8 18.72 4.627 6.918 19.014
5 24 0 4 13 0 41.988 13 -.564 41.505 12.888 4.975 4 12.011
5 24 -21.799 11.499 -1.996 -23.766 20.102 .622 -23.113 19.432 -1.495 -22.227 11.2 .395
5 24 10.869 15.197 -11.883 9.192 17.502 -9.192 9.377 17.32 -10.73 11.178 14.577 -11.741
5 24 16.504 14.712 6.691 15.73 14.9 8.796 14.33 7.92 6.193 18.243 22.074 8.034
5 24 -8.472 41.589 -9.674 -7.15 40.212 -14.189 -15.478 39.993 -13.943 -6.545 41.097 -10.961
5 24 10.869 15.197 -11.883 12.72 15.686 -12.337 11.178 14.577 -11.741 10.713 16.16 -12.039
5 24 8.078 41.094 13.764 9.744 40.559 12.673 9.078 41.297 10 9.993 40.282 13.406
5 24 -10.564 -6.39 4.663 -9.548 -6.246 6.394 -6.594 -8.767 5.377 -10.856 -4.541 7.28
5 24 16.504 14.712 6.691 19.672 21.933 7.819 18.243 22.074 8.034 18.332 14.1 6.55
5 24 5.608 15.766 19.748 5.985 17.234 19.415 5.181 16.482 19.618 6.409 14.613 19.189
5 24 -23.003 26.078 .394 -22.235 26.557 -2.196 -21.787 26.044 1.381 -23.505 25.859 -1.562
5 24 7.842 13.165 19.139 6.252 12.727 18.801 6.409 14.613 19.189 5.884 9.078 17.619
5 24 -23.766 20.102 .622 -21.787 26.044 1.381 -21.347 12.202 1.14 -23.003 26.078 .394
5 24 -17.087 -6.232 1.772 -16.573 -4.609 2.737 -14.259 -10.112 1.956 -19.008 -1.152 2.305
5 24 -13.045 -7.468 3.406 -13.29 -6.689 4.858 -11.123 -8.451 3.145 -16.614 -3.596 4.816
5 24 -10.391 41.331 13.787 -12.266 43.586 12.27 -13.275 41.043 14.052 -10.153 43.013 12.322
5 24 14.329 22.987 12.09 13.59 23.012 12.512 14.15 19.808 10.441 14.167 25.924 13.406
5 24 4.106 45.651 14.28 3.377 47.889 12.328 4.975 46.337 12.011 2.332 46.922 15.389
5 24 4.975 4 12.011 0 4 13 4.78375 0 11.54875 0 41.988 13
5 24 -17.488 .548 5.723 -17.63 4.948 7.318 -16.533 1.152 6.973 -18.807 5.134 5.803
5 24 15.014 22.658 10.774 14.329 22.987 12.09 15.726 28.546 13.639 14.15 19.808 10.441
5 24 13.338 15.29 -10.867 13.592 13.498 -10.031 13.655 16.116 -11.038 13.075 14.657 -10.884
5 24 -9.071 -4.33 9.308 -6.674 -6.625 8.531 -7.109 -7.498 7.893 -8.393 -3.32 10.245
5 24 -15.169 12.55 -7.585 -14.272 7.171 -4.824 -16.6 12.229 -6.641 -13.543 7.22 -6.011
5 24 -11.123 -8.451 3.145 -8.083 -8.311 3.507 -13.29 -6.689 4.858 -9.108 -9.15 2.033
5 24 -11.54875 0 -4.78375 -9.239 -3 -3.827 -7.071 -3 -7.071 -12.5 0 0
5 24 21.591 21.341 2.939 21.9 23.569 -.379 21.396 21.676 -.755 21.965 25.872 4.024
5 24 13.655 16.116 -11.038 13.592 13.498 -10.031 13.338 15.29 -10.867 14.708 12.779 -9.056
5 24 -9.192 4 9.192 -12.011 4 4.975 -8.83875 0 8.83875 -12.011 24 4.975
5 24 -12.313 -7.461 -1.71 -13.814 -10.366 -.681 -14.611 -5.238 -1.794 -10.05 -9.027 -.779
5 24 5.008 -3.087 14.463 3.824 -2.886 14.063 1.735 -7.216 11.367 4.249 3.465 17.119
5 24 -21.347 12.202 1.14 -22.222 21.717 2.967 -21.787 26.044 1.381 -21.041 12.239 4.538
5 24 -4.798 -9.616 5.129 -3.527 -9.89 5.635 -3.258 -10.836 2.061 -5.226 -9.103 6.748
5 24 -6.416 -8.436 -2.91 -1.745 -9.052 -3.241 -6.243 -8.289 -2.108 -1.71 -9.358 -4.067
5 24 -14.52 40.053 10 -14.792 41.824 11.374 -14.807 41.685 10 -14.444 40.592 12.43
5 24 9.37 -5.777 6.934 9.241 -5.969 7.081 7.545 -8.056 5.757 9.987 -4.734 7.993
5 24 -13.29 -6.689 4.858 -10.564 -6.39 4.663 -8.083 -8.311 3.507 -11.858 -4.58 5.529
5 24 13.112 12.572 -11.58 10.905 12.107 -12.043 13.279 11.964 -11.55 10.691 12.492 -11.524
5 24 -1.742 -7.047 11.762 -2.639 -6.797 11.497 .235 -3.49 14.692 -4.662 -9.086 7.506
5 24 -15.532 26.254 11.861 -15.538 33.717 12.729 -16.693 26.877 11.217 -14.129 33.975 12.654
5 24 6.409 14.613 19.189 4.803 14.222 20.45 5.608 15.766 19.748 5.649 13.196 19.479
5 24 10.601 31.758 17.451 9.656 33.786 17.234 11.326 31.684 16.525 7.303 31.008 20.723
5 24 -7.248 36.149 -15.506 -7.127 29.917 -14.439 -5.859 36.224 -11.42 -8.485 29.659 -14.773
5 24 14.159 27.936 -15.246 11.135 33.446 -16.292 11.528 28.343 -15.713 13.829 34.052 -15.754
5 24 8.567 41.564 10 8.431 45.249 13.066 8.438 44.806 10 8.078 41.094 13.764
5 24 -19.688 12.798 5.638 -19.746 18.952 9.06 -19.228 12.94 7.538 -20.142 17.754 5.54
5 24 15.801 34.558 -9.959 9.991 41.87 -10 8.182 32.257 -10 12.603 42.031 -10
5 24 -1.184 29.588 18.05 -.098 29.661 19.321 .283 28.221 19.13 -.64 34.121 19.633
5 24 -3.258 -10.836 2.061 -4.798 -9.616 5.129 -7.457 -9.112 1.726 -3.527 -9.89 5.635
5 24 -9.192 4 -9.192 -8.83875 0 -8.83875 -4.78375 0 -11.54875 -12.011 4 -4.975
5 24 9.993 40.282 13.406 7.827 41.516 17.801 8.078 41.094 13.764 9.99 36.394 15.8
5 24 17.992 28.067 10.078 17.148 28.211 10.819 17.314 21.977 10.616 15.035 32.02 11.229
5 24 8.092 22.234 -12.654 10.306 23.782 -14.372 10.159 22.514 -14.05 10.074 27.93 -14.629
5 24 13.459 12.53 -9.871 14.708 12.779 -9.056 13.568 12.188 -9.718 13.592 13.498 -10.031
5 24 18.046 27.889 -8.832 15.971 22.287 -12.14 16.104 28.948 -11.243 16.013 20.199 -9.858
5 24 -11.518 29.713 -16 -12.654 28.973 -14.521 -11.772 33.971 -15.637 -11.88 20.824 -14.269
5 24 12.463 19.939 -14.499 12.897 19.173 -13.79 13.503 20.129 -13.753 12.075 19.051 -13.865
5 24 9.952 16.356 16.482 8.262 18.929 20.644 7.853 17.747 19.758 10.667 17.851 16.664
5 24 5.583 25.987 20.116 5.583 29.132 20.058 6.141 29.587 19.978 2.477 25.278 21.029
5 24 3.238 40.079 19.493 3.245 35.192 19.617 1.936 39.342 18.766 4.87 35.805 20.116
5 24 4.713 8.293 18.506 5.649 13.196 19.479 3.504 12.473 20.557 5.884 9.078 17.619
5 24 -20.71 31.062 9.94 -21.36 26.49 2.886 -20.085 32.119 9.296 -22.222 21.717 2.967
5 24 -14.259 -10.112 1.956 -16.573 -4.609 2.737 -17.087 -6.232 1.772 -13.045 -7.468 3.406
5 24 -15.014 7.122 8.316 -15.51 13.345 10.638 -13.776 7.786 9.974 -17.314 13.537 9.517
5 24 -11.772 33.971 -15.637 -9.699 36.031 -14.879 -12.365 34.446 -14.131 -10.158 34.552 -15.964
5 24 -8.198 -8.797 .364 -9.267 -9.596 .528 -10.05 -9.027 -.779 -7.457 -9.112 1.726
5 24 18.332 14.1 6.55 20.375 21.866 4.288 19.672 21.933 7.819 19.08 13.796 3.872
5 24 -7.627 -8.272 -1.084 -8.665 -8.895 -.867 -7.154 -8.488 -.592 -11.548 -6.757 -2.664
5 24 13.682 19.266 -12.981 13.531 19.589 -12.521 13.385 19.344 -13.317 13.64 19.419 -12.476
5 24 14.708 12.779 -9.056 16.013 20.199 -9.858 15.172 13.109 -7.812 15.648 19.947 -11.523
5 24 15.929 6.783 1.767 16.714 8.889 3.188 14.71 7.527 5.376 20.101 13.471 2.259
5 24 -20.71 31.062 9.94 -20.085 32.119 9.296 -21.36 26.49 2.886 -18.314 32.211 10.517
5 24 10.159 22.514 -14.05 8.092 22.234 -12.654 11.18 20.333 -13.51 10.306 23.782 -14.372
5 24 21.396 21.676 -.755 20.101 13.471 2.259 19.702 13.488 -.243 21.591 21.341 2.939
5 24 -3.291 -6.883 11.648 -4.217 -.852 16.385 -.485 -3.649 15.488 -7.495 -3.274 12.387
5 24 -22.227 11.2 .395 -19.952 1.981 -1.895 -20.805 2.332 .931 -21.799 11.499 -1.996
5 24 6.421 -6.418 9.142 5.371 -7.202 9.914 7.051 -2.705 12.134 4.177 -8.855 6.562
5 24 15.035 32.02 11.229 14.15 40.236 10 14.029 40.418 12.619 15.424 32.258 10
5 24 15.126 30.533 -8.716 18.046 27.889 -8.832 16.104 28.948 -11.243 18.089 27.684 -5.992
5 24 11.734 15.918 -13.152 10.857 16.064 -12.559 11.113 16.718 -13.567 12.72 15.686 -12.337
5 24 -19.746 18.952 9.06 -20.142 17.754 5.54 -18.44 26.747 8.727 -19.688 12.798 5.638
5 24 -.789 26.544 18.334 .283 28.221 19.13 -.01 26.809 19.195 -.786 27.995 18.088
5 24 7.545 -8.056 5.757 9.37 -5.777 6.934 9.241 -5.969 7.081 7.952 -7.615 5.309
5 24 7.303 31.008 20.723 6.726 32.117 19.388 6.328 30.709 20.233 7.585 32.37 19.467
5 24 2.629 -7.489 11.582 5.371 -7.202 9.914 5.008 -3.087 14.463 3.361 -9.361 7.508
5 24 0 0 12.5 0 -3 10 -3.827 -3 9.239 4.78375 0 11.54875
5 24 -8.618 29.534 -10 -15.079 30.255 -10 -14 24 -10 -8.472 41.589 -9.674
5 24 -10.862 6.958 -9.876 -6.747 6.605 -13.1 -12.352 6.721 -8.58 -10.129 7.259 -10.794
5 24 19.586 25.461 -.591 21.418 25.062 -4.741 21.9 23.569 -.379 19.046 26.709 -2.532
5 24 -16.573 -4.609 2.737 -16.614 -3.596 4.816 -18.631 -.843 4.943 -13.045 -7.468 3.406
5 24 12.024 -2.994 4.306 10.314 -5.979 2.362 10.569 -5.565 1.249 9.597 -5.696 6.856
5 24 14.167 25.924 13.406 13.587 24.906 14.337 11.838 28.931 14.589 13.59 23.012 12.512
5 24 -12.358 .956 8.106 -9.641 -3.795 8.02 -11.555 1.23 8.863 -10.856 -4.541 7.28
5 24 15.73 14.9 8.796 13.94 15.388 9.19 12.788 8.585 8.66 17.314 21.977 10.616
5 24 9.192 17.502 -9.192 8.652 24 -10 12.011 24 -4.975 8.092 22.234 -12.654
5 24 -17.366 26.751 9.242 -18.44 26.747 8.727 -18.128 19.142 8.96 -18.314 32.211 10.517
5 24 12.603 42.031 -10 13.47 41.476 -14.628 14.425 40.754 -13.306 9.904 41.513 -13.795
5 24 16.104 28.948 -11.243 15.776 28.18 -13.212 15.201 34.019 -13.228 15.971 22.287 -12.14
5 24 -17.833 2.789 -2.261 -19.952 1.981 -1.895 -16.376 -1.171 -2.02 -21.799 11.499 -1.996
5 24 7.952 -7.615 5.309 7.545 -8.056 5.757 6.831 -8.578 2.093 9.37 -5.777 6.934
5 24 20.375 21.866 4.288 19.672 21.933 7.819 20.739 26.122 5.617 18.332 14.1 6.55
5 24 7.285 40.257 -13.234 10.049 33.714 -14.606 7.031 32.876 -14.028 9.904 41.513 -13.795
5 24 -10.713 -10.339 2.058 -11.123 -8.451 3.145 -14.259 -10.112 1.956 -9.108 -9.15 2.033
5 24 6.252 12.727 18.801 5.649 13.196 19.479 5.884 9.078 17.619 6.409 14.613 19.189
5 24 1.17 7.283 19.324 .926 5.99 18.176 4.627 6.918 19.014 -1.629 6.675 17.853
5 24 -14.52 40.053 10 -14.444 40.592 12.43 -14.578 35.034 10 -14.792 41.824 11.374
5 24 11.977 31.413 14.193 14.029 40.418 12.619 14.292 31.398 12.393 11.396 40.486 14.131
5 24 -16.693 26.877 11.217 -15.532 26.254 11.861 -17.239 19.827 10.194 -15.538 33.717 12.729
5 24 1.156 29.36 19.44 -.098 29.661 19.321 1.285 30.603 19.457 .283 28.221 19.13
5 24 4.197 -9.242 6.015 4.177 -8.855 6.562 5.056 -9.108 6.443 2.75 -9.407 6.184
5 24 4.87 35.805 20.116 3.87 40.035 19.117 5.29 35.802 19.147 3.238 40.079 19.493
5 24 -15.169 12.55 -7.585 -18.428 20.265 -7.057 -16.6 12.229 -6.641 -17.056 20.741 -7.713
5 24 -10.856 -4.541 7.28 -12.759 .533 7.299 -11.858 -4.58 5.529 -12.358 .956 8.106
5 24 7.487 26.913 21.206 9.692 26.533 17.974 9.756 24.93 18.24 8.917 29.653 18.023
5 24 -12.654 28.973 -14.521 -14.845 29.31 -14.271 -14.033 20.984 -11.098 -14.402 34.419 -14.706
5 24 -14.462 12.286 -9.207 -15.169 12.55 -7.585 -17.056 20.741 -7.713 -12.784 7.044 -7.476
5 24 15.73 14.9 8.796 12.788 8.585 8.66 13.594 8.276 7.532 13.94 15.388 9.19
5 24 13.056 19.772 13.187 11.979 22.902 15.447 12.196 19.681 14.023 12.968 22.806 14.71
5 24 13.592 13.498 -10.031 13.088 14.828 -12.022 13.36 13.66 -11.791 13.075 14.657 -10.884
5 24 8.219 36.388 19.125 6.726 32.117 19.388 7.585 32.37 19.467 6.749 36.14 18.757
5 24 -10.05 -9.027 -.779 -10.633 -10.207 -.332 -9.267 -9.596 .528 -13.814 -10.366 -.681
5 24 18.089 27.684 -5.992 20.187 25.939 -5.882 21.418 25.062 -4.741 20.042 26.426 -8.177
5 24 9.767 14.511 16.413 8.272 16.709 19.36 9.952 16.356 16.482 7.842 13.165 19.139
5 24 -16.324 38.927 -10.287 -15.478 39.993 -13.943 -15.853 34.914 -9.996 -15.274 40.774 -10.409
5 24 6.68 29.682 20.072 7.303 31.008 20.723 8.917 29.653 18.023 6.328 30.709 20.233
5 24 -22.222 21.717 2.967 -21.36 26.49 2.886 -20.71 31.062 9.94 -21.787 26.044 1.381
5 24 8.272 16.709 19.36 9.952 16.356 16.482 9.767 14.511 16.413 7.853 17.747 19.758
5 24 8.092 22.234 -12.654 8.652 24 -10 7.031 32.876 -14.028 9.192 17.502 -9.192
5 24 -7.839 -2.459 12.686 -5.601 .457 16.498 -7.495 -3.274 12.387 -6.369 4.182 16.715
5 24 -4.975 4 12.011 -9.192 4 9.192 -7.984 24 10 -4.78375 0 11.54875
5 24 4.975 6.59 -12.011 .387 6.404 -14.575 0 6.802 -12.9995 9.131 6.411 -11.347
5 24 5.195 20.76 21.768 7.608 23.443 21.306 7.373 21.865 20.714 4.546 21.915 22.435
5 24 10.028 10.362 15.569 7.842 13.165 19.139 9.785 14.034 17.157 7.151 9.058 17.117
5 24 15.431 40.354 -12.671 15.801 34.558 -9.959 15.201 34.019 -13.228 15.668 40.307 -10
5 24 7.487 26.913 21.206 9.756 24.93 18.24 9.692 26.533 17.974 7.731 24.718 20.183
5 24 -15.441 -1.791 5.539 -16.533 1.152 6.973 -17.488 .548 5.723 -15.002 -1.442 6.484
5 24 8.078 41.094 13.764 8.431 45.249 13.066 7.548 46.043 14.81 8.567 41.564 10
5 24 1.735 -7.216 11.367 1.268 -7.423 11.82 3.365 -3.197 14.852 -2.702 -9.884 6.628
5 24 2.213 23.654 21.658 .689 24.294 20.49 1.57 20.422 21.307 2.477 25.278 21.029
5 24 10.667 17.851 16.664 11.583 22.526 16.98 9.959 21.751 17.585 11.703 19.587 16.04
5 24 -20.805 2.332 .931 -19.008 -1.152 2.305 -19.194 -2.482 1.217 -20.617 3.129 1.861
5 24 14.029 40.418 12.619 14.15 40.236 10 15.035 32.02 11.229 13.07 43.337 10
5 24 17.208 13.601 -4.753 18.59 13.172 -3.979 19.78 20.385 -6.091 15.504 6.502 -3.381
5 24 15.971 22.287 -12.14 15.132 22.363 -12.913 15.648 19.947 -11.523 14.874 27.902 -14.21
5 24 18.089 27.684 -5.992 18.046 27.889 -8.832 15.126 30.533 -8.716 20.042 26.426 -8.177
5 24 7.527 -8.044 -1.179 7.157 -7.977 -.614 4.001 -9.478 -2.239 9.292 -6.944 -.324
5 24 7.853 17.747 19.758 6.291 19.875 21.479 6.054 18.532 20.139 8.262 18.929 20.644
5 24 13.755 20.184 -12.649 13.64 19.419 -12.476 13.531 19.589 -12.521 15.648 19.947 -11.523
5 24 -4.78375 0 11.54875 -4.975 4 12.011 0 4 13 -8.83875 0 8.83875
5 24 15.971 22.287 -12.14 14.874 27.902 -14.21 15.776 28.18 -13.212 15.132 22.363 -12.913
5 24 19.241 28.583 3.847 14.625 27.646 3.974 17.066 30.017 7.839 14.397 26.308 -.156
5 24 -10.828 9.579 13.476 -11.742 9.344 11.928 -12.942 14.016 14.078 -11.82 8.395 12.089
5 24 5.583 25.987 20.116 7.731 24.718 20.183 6.407 25.073 19.839 7.487 26.913 21.206
5 24 6.417 40.008 -11.047 7.031 32.876 -14.028 6.365 33.234 -11.082 7.285 40.257 -13.234
5 24 7.487 26.913 21.206 6.141 29.587 19.978 6.68 29.682 20.072 5.583 25.987 20.116
5 24 14.581 23.897 -13.7 14.942 22.326 -14.954 14.233 23.857 -15.388 15.132 22.363 -12.913
5 24 7.157 -7.977 -.614 7.377 -8.983 .421 3.773 -9.205 -.997 9.292 -6.944 -.324
5 24 4.249 3.465 17.119 4.491 5.385 17.658 6.65 5.028 16.656 3.132 4.263 18.041
5 24 12.603 42.031 -10 15.431 40.354 -12.671 15.668 40.307 -10 14.425 40.754 -13.306
5 24 4.249 3.465 17.119 3.132 4.263 18.041 -.485 -3.649 15.488 4.491 5.385 17.658
5 24 3.954 20.021 21.431 1.57 20.422 21.307 1.745 19.188 20.348 4.546 21.915 22.435
5 24 1.57 20.422 21.307 1.745 19.188 20.348 3.954 20.021 21.431 .039 19.976 18.899
5 24 1.745 19.188 20.348 1.942 18.251 20.837 -.013 17.23 18.338 3.954 20.021 21.431
5 24 5.056 -9.108 6.443 4.177 -8.855 6.562 6.421 -6.418 9.142 4.197 -9.242 6.015
5 24 8.994 24 10 4.975 4 12.011 9.192 4 9.192 4.975 46.337 12.011
5 24 13.64 19.419 -12.476 15.648 19.947 -11.523 13.755 20.184 -12.649 13.655 16.116 -11.038
5 24 -.64 34.121 19.633 -1.421 33.914 17.838 .076 39.351 15.725 -1.589 31.213 18.01
5 24 7.397 6.314 17.823 6.65 5.028 16.656 9.38 6.397 14.683 4.491 5.385 17.658
5 24 -19.228 12.94 7.538 -18.128 19.142 8.96 -17.536 13.246 8.211 -19.746 18.952 9.06
5 24 9.192 24 9.192 9.192 4 9.192 8.994 24 10 12.011 24 4.975
5 24 11.396 40.486 14.131 13.07 43.337 10 10.284 41.435 13.321 14.029 40.418 12.619
5 24 -9.313 13.355 -10.623 -9.192 14.037 -9.192 -8.173 22.179 -12.686 -9.766 8.272 -10.549
5 24 15.801 34.558 -9.959 15.201 34.019 -13.228 15.431 40.354 -12.671 16.104 28.948 -11.243
5 24 -12.784 7.044 -7.476 -14.272 7.171 -4.824 -15.269 6.449 -4.392 -13.543 7.22 -6.011
5 24 12.024 -2.994 4.306 9.987 -4.734 7.993 12.604 .021 7.819 9.597 -5.696 6.856
5 24 15.726 28.546 13.639 17.148 28.211 10.819 15.035 32.02 11.229 15.014 22.658 10.774
5 24 -16.614 -3.596 4.816 -15.441 -1.791 5.539 -13.29 -6.689 4.858 -17.488 .548 5.723
5 24 -2.411 -10.634 .31 -2.882 -10.312 1.543 -6.308 -8.963 .079 3.553 -10.636 1.274
5 24 11.977 31.413 14.193 11.326 31.684 16.525 11.396 40.486 14.131 11.174 29.117 16.89
5 24 8.431 45.249 13.066 6.124 46.932 11.243 7.548 46.043 14.81 8.438 44.806 10
5 24 -15.079 30.255 -10 -18.474 27.04 -8.922 -18.611 26.069 -7.153 -14.845 29.31 -14.271
5 24 -9.192 4 -9.192 -9.192 14.037 -9.192 -8.201 7.714 -9.855 -12.011 4 -4.975
5 24 13.355 9.307 -9.108 14.708 12.779 -9.056 13.568 12.188 -9.718 13.932 6.212 -7.512
5 24 -12.654 28.973 -14.521 -11.88 20.824 -14.269 -11.518 29.713 -16 -14.033 20.984 -11.098
5 24 5.008 -3.087 14.463 6.65 5.028 16.656 6.651 -3.363 13.032 4.249 3.465 17.119
5 24 8.272 16.709 19.36 6.409 14.613 19.189 7.166 17.215 19.646 7.842 13.165 19.139
5 24 -10.158 34.552 -15.964 -11.518 29.713 -16 -11.772 33.971 -15.637 -9.195 29.935 -15.999
5 24 -1.629 6.675 17.853 1.17 7.283 19.324 .926 5.99 18.176 -.28 8 18.72
5 24 4.78375 0 -11.54875 0 0 -12.5 4.975 4 -12.011 0 -3 -10
5 24 -11.54875 0 4.78375 -8.83875 0 8.83875 -12.011 4 4.975 -7.071 -3 7.071
5 24 -21.787 26.044 1.381 -22.235 26.557 -2.196 -23.003 26.078 .394 -14.357 26.071 .722
5 24 15.88 6.589 -1.886 15.983 6.211 -1.653 15.95 6.572 -.833 15.504 6.502 -3.381
5 24 -8.618 29.534 -10 -6.545 41.097 -10.961 -5.859 36.224 -11.42 -8.472 41.589 -9.674
5 24 6.054 18.532 20.139 6.291 19.875 21.479 5.195 20.76 21.768 7.853 17.747 19.758
5 24 5.583 29.132 20.058 5.823 30.707 20.366 6.328 30.709 20.233 2.672 30.646 20.646
5 24 7.441 -6.522 9.249 7.051 -2.705 12.134 6.421 -6.418 9.142 8.308 -2.857 12.424
5 24 -10.564 -6.39 4.663 -10.856 -4.541 7.28 -11.858 -4.58 5.529 -9.548 -6.246 6.394
5 24 8.219 36.388 19.125 9.99 36.394 15.8 9.656 33.786 17.234 7.827 41.516 17.801
5 24 -18.128 19.142 8.96 -17.239 19.827 10.194 -17.366 26.751 9.242 -17.536 13.246 8.211
5 24 -12.011 4 4.975 -13 4 0 -13 24 0 -11.54875 0 4.78375
5 24 -12.011 4 -4.975 -9.192 4 -9.192 -11.54875 0 -4.78375 -9.192 14.037 -9.192
5 24 9.192 17.502 -9.192 11.178 14.577 -11.741 10.869 15.197 -11.883 10.682 13.472 -11.638
5 24 14.15 19.808 10.441 14.329 22.987 12.09 13.59 23.012 12.512 15.014 22.658 10.774
5 24 12.897 19.173 -13.79 13.503 20.129 -13.753 13.385 19.344 -13.317 12.463 19.939 -14.499
5 24 7.548 46.043 14.81 6.124 46.932 11.243 8.431 45.249 13.066 4.975 46.337 12.011
5 24 -23.113 19.432 -1.495 -23.766 20.102 .622 -21.799 11.499 -1.996 -23.505 25.859 -1.562
5 24 -14.845 29.31 -14.271 -15.079 30.255 -10 -15.853 34.914 -9.996 -18.474 27.04 -8.922
5 24 -15.478 39.993 -13.943 -15.853 34.914 -9.996 -14.402 34.419 -14.706 -16.324 38.927 -10.287
5 24 -.28 8 18.72 1.019 8.871 18.861 1.17 7.283 19.324 -1.969 8.765 16.824
5 24 3.504 12.473 20.557 -.355 14.458 17.69 3.443 15.702 19.585 -1.969 8.765 16.824
5 24 12.788 8.585 8.66 13.337 15.216 11.815 12.244 8.58 10.391 13.94 15.388 9.19
5 24 21.418 25.062 -4.741 21.396 21.676 -.755 21.9 23.569 -.379 19.78 20.385 -6.091
5 24 .039 19.976 18.899 1.745 19.188 20.348 -.013 17.23 18.338 1.57 20.422 21.307
5 24 -16.276 20.034 11.327 -17.239 19.827 10.194 -15.532 26.254 11.861 -17.314 13.537 9.517
5 24 3.773 -9.205 -.997 7.377 -8.983 .421 3.722 -9.86 -.263 7.157 -7.977 -.614
5 24 -6.087 -8.782 -.481 -7.154 -8.488 -.592 -6.308 -8.963 .079 -6.167 -8.569 -1.26
5 24 -21.347 12.202 1.14 -21.041 12.239 4.538 -20.617 3.129 1.861 -22.222 21.717 2.967
5 24 -6.066 -8.619 5.751 -5.226 -9.103 6.748 -7.109 -7.498 7.893 -4.798 -9.616 5.129
5 24 11.828 25.803 15.352 13.119 24.086 15.088 11.838 28.931 14.589 11.931 23.834 15.416
2 24 12.25 8.951 -10.783 10.716 6.373 -10.504
5 24 2.386 -10.156 3.597 4.895 -9.479 5.275 4.197 -9.242 6.015 7.545 -8.056 5.757
5 24 8.272 16.709 19.36 7.853 17.747 19.758 7.166 17.215 19.646 9.952 16.356 16.482
5 24 15.726 28.546 13.639 14.167 25.924 13.406 13.276 28.339 13.274 14.329 22.987 12.09
5 24 -15.169 12.55 -7.585 -16.6 12.229 -6.641 -18.428 20.265 -7.057 -14.272 7.171 -4.824
5 24 -14.578 35.034 10 -14.444 40.592 12.43 -14.52 40.053 10 -14.129 33.975 12.654
5 24 -15.385 3.243 7.187 -16.053 4.919 7.227 -15.127 4.226 7.009 -16.533 1.152 6.973
5 24 -21.086 20.541 -2.277 -23.113 19.432 -1.495 -21.494 19.337 -2.149 -23.505 25.859 -1.562
5 24 8.652 24 -10 7.031 32.876 -14.028 6.365 33.234 -11.082 8.092 22.234 -12.654
5 24 -10.842 -5.522 -2.863 -11.548 -6.757 -2.664 -7.627 -8.272 -1.084 -11.966 -3.934 -3.334
5 24 8.175 -8.004 -2.403 7.574 -7.852 -1.547 4.248 -9.174 -3.946 9.292 -6.944 -.324
5 24 4.177 -8.855 6.562 3.361 -9.361 7.508 5.371 -7.202 9.914 2.75 -9.407 6.184
5 24 4.627 6.918 19.014 1.019 8.871 18.861 1.17 7.283 19.324 4.713 8.293 18.506
5 24 5.823 30.707 20.366 5.657 32.167 19.377 6.328 30.709 20.233 2.922 31.942 19.937
5 24 11.528 28.343 -15.713 10.049 33.714 -14.606 11.135 33.446 -16.292 10.285 28.521 -14.175
5 24 9.904 41.513 -13.795 13.47 41.476 -14.628 10.305 41.604 -14.916 12.603 42.031 -10
5 24 9.377 17.32 -10.73 10.835 19.258 -13.154 8.092 22.234 -12.654 10.713 16.16 -12.039
5 24 3.504 12.473 20.557 5.649 13.196 19.479 4.713 8.293 18.506 4.803 14.222 20.45
5 24 15.201 34.019 -13.228 13.982 33.61 -14.279 15.776 28.18 -13.212 14.425 40.754 -13.306
5 24 6.651 -3.363 13.032 7.051 -2.705 12.134 6.65 5.028 16.656 5.371 -7.202 9.914
5 24 3.599 -9.842 .486 7.377 -8.983 .421 3.722 -9.86 -.263 6.831 -8.578 2.093
5 24 10.667 17.851 16.664 11.703 19.587 16.04 12.058 14.836 14.853 11.583 22.526 16.98
5 24 11.838 28.931 14.589 11.174 29.117 16.89 11.977 31.413 14.193 11.828 25.803 15.352
5 24 19.82 29.225 5.879 19.241 28.583 3.847 21.965 25.872 4.024 17.066 30.017 7.839
5 24 5.572 32.711 19.399 5.29 35.802 19.147 4.87 35.805 20.116 5.93 32.751 18.694
5 24 2.477 25.278 21.029 5.583 29.132 20.058 2.732 29.432 20.28 5.583 25.987 20.116
5 24 17.314 21.977 10.616 14.15 19.808 10.441 15.014 22.658 10.774 13.94 15.388 9.19
5 24 13.276 28.339 13.274 11.838 28.931 14.589 14.167 25.924 13.406 14.292 31.398 12.393
5 24 15.035 32.02 11.229 17.992 28.067 10.078 15.424 32.258 10 17.148 28.211 10.819
5 24 .872 27.074 20.688 2.732 29.432 20.28 2.477 25.278 21.029 1.156 29.36 19.44
5 24 4.001 -9.478 -2.239 7.574 -7.852 -1.547 7.527 -8.044 -1.179 4.092 -8.991 -3.113
5 24 7.608 23.443 21.306 6.407 25.073 19.839 4.546 21.915 22.435 7.731 24.718 20.183
5 24 10.423 9.036 -10.211 9.192 8.069 -9.192 9.668 9.94 -8.48 8.852 7.086 -9.42
5 24 13.088 14.828 -12.022 13.338 15.29 -10.867 13.075 14.657 -10.884 13.394 15.754 -10.993
5 24 -4.844 5.51 17.364 -1.629 6.675 17.853 -1.969 8.765 16.824 -5.601 .457 16.498
5 24 -10.856 -4.541 7.28 -9.641 -3.795 8.02 -8.397 -6.025 6.841 -12.358 .956 8.106
5 24 10.028 10.362 15.569 10.205 10.879 14.907 10.383 10.065 14.189 9.767 14.511 16.413
5 24 -2.882 -10.312 1.543 1.412 -10.776 3.952 -3.258 -10.836 2.061 2.386 -10.156 3.597
5 24 15.88 6.589 -1.886 18.814 13.803 -.865 15.95 6.572 -.833 18.59 13.172 -3.979
5 24 -11.548 -6.757 -2.664 -10.05 -9.027 -.779 -12.313 -7.461 -1.71 -8.665 -8.895 -.867
5 24 -1.93 -9.691 -1.166 3.553 -10.636 1.274 -2.411 -10.634 .31 3.599 -9.842 .486
5 24 -12.266 43.586 12.27 -10.016 43.325 10 -10.153 43.013 12.322 -12.355 43.813 10
5 24 2.732 29.432 20.28 2.477 25.278 21.029 .872 27.074 20.688 5.583 29.132 20.058
5 24 2.477 25.278 21.029 5.583 25.987 20.116 6.407 25.073 19.839 5.583 29.132 20.058
5 24 -19.768 25.883 -6.303 -19.3 20.046 -5.198 -21.086 20.541 -2.277 -18.428 20.265 -7.057
5 24 11.396 40.486 14.131 10.284 41.435 13.321 13.07 43.337 10 9.993 40.282 13.406
5 24 -15.51 13.345 10.638 -15.355 13.766 12.868 -13.776 7.786 9.974 -16.007 19.975 14.025
5 24 -15.355 13.766 12.868 -13.643 14.442 13.471 -11.742 9.344 11.928 -16.007 19.975 14.025
5 24 6.482 40.245 18.605 3.731 43.651 15.555 6.753 42.212 15.393 2.414 42.11 15.62
5 24 18.59 13.172 -3.979 18.814 13.803 -.865 19.78 20.385 -6.091 15.88 6.589 -1.886
5 24 1.936 39.342 18.766 2.414 42.11 15.62 3.238 40.079 19.493 1.983 41.06 15.561
5 24 8.092 22.234 -12.654 10.835 19.258 -13.154 9.377 17.32 -10.73 11.18 20.333 -13.51
5 24 4.803 14.222 20.45 3.443 15.702 19.585 3.504 12.473 20.557 5.608 15.766 19.748
5 24 6.749 36.14 18.757 8.219 36.388 19.125 6.482 40.245 18.605 6.726 32.117 19.388
5 24 12.011 4 4.975 9.192 4 9.192 11.54875 0 4.78375 12.011 24 4.975
5 24 11.54875 0 -4.78375 8.83875 0 -8.83875 12.011 4 -4.975 7.071 -3 -7.071
5 24 .635 34.438 19.023 1.947 34.747 20.766 .601 39.373 18.956 1.262 32.031 19.285
5 24 10.285 28.521 -14.175 7.031 32.876 -14.028 10.074 27.93 -14.629 10.049 33.714 -14.606
5 24 11.838 28.931 14.589 14.292 31.398 12.393 13.276 28.339 13.274 11.977 31.413 14.193
5 24 19.78 20.385 -6.091 21.396 21.676 -.755 18.814 13.803 -.865 21.418 25.062 -4.741
5 24 10.857 16.064 -12.559 12.72 15.686 -12.337 10.713 16.16 -12.039 11.734 15.918 -13.152
5 24 4.803 14.222 20.45 5.608 15.766 19.748 3.443 15.702 19.585 6.409 14.613 19.189
5 24 12.59 20.027 -14.776 13.503 20.129 -13.753 14.183 20.76 -14.737 12.463 19.939 -14.499
5 24 17.066 30.017 7.839 14.625 27.646 3.974 15.424 32.258 10 19.241 28.583 3.847
5 24 11.025 20.702 -15.167 12.463 19.939 -14.499 12.59 20.027 -14.776 11.18 20.333 -13.51
5 24 17.314 21.977 10.616 17.148 28.211 10.819 17.992 28.067 10.078 15.014 22.658 10.774
5 24 -12.011 24 4.975 -12.011 4 4.975 -13 24 0 -9.192 4 9.192
5 24 -13.814 -10.366 -.681 -14.259 -10.112 1.956 -10.713 -10.339 2.058 -17.087 -6.232 1.772
5 24 -13.045 -7.468 3.406 -16.614 -3.596 4.816 -16.573 -4.609 2.737 -13.29 -6.689 4.858
5 24 3.504 12.473 20.557 4.803 14.222 20.45 5.649 13.196 19.479 3.443 15.702 19.585
5 24 2.922 31.942 19.937 4.354 32.333 19.761 1.947 34.747 20.766 5.657 32.167 19.377
5 24 8.119 40.898 -10 7.285 40.257 -13.234 6.417 40.008 -11.047 9.904 41.513 -13.795
5 24 -14.23 20.031 13.979 -13.761 20.141 14.523 -13.643 14.442 13.471 -14.46 26.522 13.606
5 24 -6.087 -8.782 -.481 -6.308 -8.963 .079 -7.154 -8.488 -.592 -2.411 -10.634 .31
5 24 16.714 8.889 3.188 20.101 13.471 2.259 15.929 6.783 1.767 19.08 13.796 3.872
5 24 12.931 15.887 -12.857 13.621 15.992 -12.273 13.733 16.647 -12.92 12.72 15.686 -12.337
5 24 -9.192 24 9.192 -9.192 4 9.192 -12.011 24 4.975 -7.984 24 10
5 24 9.991 41.87 -10 9.904 41.513 -13.795 12.603 42.031 -10 8.119 40.898 -10
5 24 13.621 15.992 -12.273 12.72 15.686 -12.337 13.394 15.754 -10.993 12.931 15.887 -12.857
5 24 7.545 -8.056 5.757 3.553 -10.636 1.274 6.831 -8.578 2.093 2.386 -10.156 3.597
5 24 12.635 8.028 10.531 12.244 8.58 10.391 11.612 8.693 11.439 13.928 7.63 8.151
5 24 -2.882 -10.312 1.543 -3.258 -10.836 2.061 1.412 -10.776 3.952 -6.889 -8.799 .99
5 24 -15.853 34.914 -9.996 -14.402 34.419 -14.706 -15.478 39.993 -13.943 -14.845 29.31 -14.271
5 24 14.911 6.238 -5.482 14.81 5.883 -6.312 15.504 6.502 -3.381 14.511 6.271 -6.296
5 24 -11.858 -4.58 5.529 -13.062 -2.86 5.91 -12.759 .533 7.299 -13.482 -3.086 5.484
5 24 -10.782 12.557 -11.886 -9.766 8.272 -10.549 -10.129 7.259 -10.794 -9.313 13.355 -10.623
5 24 12.244 8.58 10.391 13.928 7.63 8.151 12.635 8.028 10.531 13.594 8.276 7.532
5 24 9.987 -4.734 7.993 8.308 -2.857 12.424 7.441 -6.522 9.249 10.236 5.342 13.329
5 24 -13.482 -3.086 5.484 -13.062 -2.86 5.91 -15.002 -1.442 6.484 -11.858 -4.58 5.529
5 24 -11.123 -8.451 3.145 -13.29 -6.689 4.858 -8.083 -8.311 3.507 -13.045 -7.468 3.406
5 24 -14.259 -10.112 1.956 -13.045 -7.468 3.406 -16.573 -4.609 2.737 -11.123 -8.451 3.145
5 24 -17.056 20.741 -7.713 -14.462 12.286 -9.207 -15.169 12.55 -7.585 -16.318 20.894 -9.515
5 24 3.245 35.192 19.617 1.947 34.747 20.766 1.936 39.342 18.766 4.354 32.333 19.761
5 24 4.001 -9.478 -2.239 3.773 -9.205 -.997 -1.844 -9.476 -2.21 7.157 -7.977 -.614
5 24 -20.142 17.754 5.54 -22.222 21.717 2.967 -18.44 26.747 8.727 -21.041 12.239 4.538
5 24 14.754 27.47 -15.572 11.528 28.343 -15.713 14.159 27.936 -15.246 10.869 27.713 -16.323
5 24 -.013 17.23 18.338 1.942 18.251 20.837 1.745 19.188 20.348 2.6 17.035 20.729
5 24 10.049 33.714 -14.606 7.031 32.876 -14.028 10.285 28.521 -14.175 7.285 40.257 -13.234
5 24 -9.239 -3 3.827 -11.54875 0 4.78375 -8.83875 0 8.83875 -10 -3 0
5 24 12.28 15.262 12.912 10.63 9.192 13.511 11.612 8.693 11.439 10.383 10.065 14.189
5 24 -10.782 12.557 -11.886 -10.129 7.259 -10.794 -9.766 8.272 -10.549 -11.771 12.231 -12.127
5 24 2.672 30.646 20.646 1.262 32.031 19.285 2.922 31.942 19.937 1.285 30.603 19.457
5 24 -17.239 19.827 10.194 -17.366 26.751 9.242 -18.128 19.142 8.96 -16.693 26.877 11.217
5 24 -12.784 7.044 -7.476 -15.269 6.449 -4.392 -14.272 7.171 -4.824 -12.352 6.721 -8.58
5 24 1.947 34.747 20.766 4.354 32.333 19.761 2.922 31.942 19.937 3.245 35.192 19.617
5 24 6.409 14.613 19.189 5.608 15.766 19.748 4.803 14.222 20.45 5.985 17.234 19.415
5 24 8.567 41.564 10 4.975 46.337 12.011 8.994 24 10 8.438 44.806 10
5 24 -7.839 -2.459 12.686 -6.369 4.182 16.715 -9.071 2.877 12.941 -5.601 .457 16.498
5 24 14.708 12.779 -9.056 13.592 13.498 -10.031 13.655 16.116 -11.038 13.459 12.53 -9.871
5 24 -8.665 -8.895 -.867 -10.05 -9.027 -.779 -11.548 -6.757 -2.664 -8.198 -8.797 .364
5 24 -18.44 26.747 8.727 -18.314 32.211 10.517 -20.71 31.062 9.94 -17.366 26.751 9.242
5 24 -20.269 3.076 5.134 -17.488 .548 5.723 -18.807 5.134 5.803 -18.631 -.843 4.943
5 24 -17.314 13.537 9.517 -16.276 20.034 11.327 -15.51 13.345 10.638 -17.239 19.827 10.194
5 24 -8.472 41.589 -9.674 -16.324 38.927 -10.287 -15.274 40.774 -10.409 -15.853 34.914 -9.996
5 24 -11.54875 0 -4.78375 -12.5 0 0 -12.011 4 -4.975 -10 -3 0
5 24 11.396 40.486 14.131 14.029 40.418 12.619 13.07 43.337 10 11.977 31.413 14.193
5 24 7.071 -3 -7.071 8.83875 0 -8.83875 4.78375 0 -11.54875 9.239 -3 -3.827
5 24 18.579 26.629 8.798 17.314 21.977 10.616 17.992 28.067 10.078 18.243 22.074 8.034
5 24 8.308 -2.857 12.424 9.38 6.397 14.683 10.236 5.342 13.329 6.65 5.028 16.656
5 24 -8.393 -3.32 10.245 -7.495 -3.274 12.387 -6.674 -6.625 8.531 -7.839 -2.459 12.686
5 24 -8.531 7.097 -11.107 -6.747 6.605 -13.1 -10.129 7.259 -10.794 -4.975 7.023 -12.011
5 24 -11.518 29.713 -16 -9.195 29.935 -15.999 -11.88 20.824 -14.269 -10.158 34.552 -15.964
5 24 -.629 25.292 18.577 -.01 26.809 19.195 -.789 26.544 18.334 .872 27.074 20.688
5 24 8.064 -7.851 4.702 9.37 -5.777 6.934 7.952 -7.615 5.309 9.597 -5.696 6.856
5 24 -12.5 0 0 -11.54875 0 4.78375 -9.239 -3 3.827 -13 4 0
5 24 -5.601 .457 16.498 -4.844 5.51 17.364 -6.369 4.182 16.715 -1.629 6.675 17.853
5 24 -14.46 26.522 13.606 -15.532 26.254 11.861 -16.007 19.975 14.025 -14.129 33.975 12.654
5 24 4.78375 0 -11.54875 3.827 -3 -9.239 7.071 -3 -7.071 0 0 -12.5
5 24 -8.083 -8.311 3.507 -6.594 -8.767 5.377 -4.798 -9.616 5.129 -10.564 -6.39 4.663
5 24 -1.629 6.675 17.853 -.28 8 18.72 -1.969 8.765 16.824 1.17 7.283 19.324
5 24 -17.63 4.948 7.318 -16.053 4.919 7.227 -16.533 1.152 6.973 -16.13 6.74 7.069
5 24 16.881 13.107 -6.909 15.504 6.502 -3.381 17.208 13.601 -4.753 14.911 6.238 -5.482
5 24 -9.071 -4.33 9.308 -8.393 -3.32 10.245 -10.75 1.405 10.952 -6.674 -6.625 8.531
5 24 5.168 40.786 19.563 6.749 36.14 18.757 5.938 36.023 19.123 6.482 40.245 18.605
5 24 -13.009 12.608 -9.649 -14.462 12.286 -9.207 -16.318 20.894 -9.515 -12.129 7.112 -8.393
5 24 16.714 8.889 3.188 14.71 7.527 5.376 15.929 6.783 1.767 19.08 13.796 3.872
5 24 13.655 16.116 -11.038 13.338 15.29 -10.867 13.394 15.754 -10.993 13.592 13.498 -10.031
5 24 -20.085 32.119 9.296 -14.357 26.071 .722 -15.795 34.409 10 -21.36 26.49 2.886
5 24 9.292 -6.944 -.324 11.437 -5.667 .584 10.569 -5.565 1.249 8.175 -8.004 -2.403
5 24 .427 46.656 14.752 2.414 42.11 15.62 2.332 46.922 15.389 .431 42.32 15.602
5 24 13.621 15.992 -12.273 13.64 19.419 -12.476 13.655 16.116 -11.038 13.733 16.647 -12.92
5 24 -20.801 25.707 -3.867 -14.468 26.723 -4.396 -14.357 26.071 .722 -15.079 30.255 -10
5 24 12.968 22.806 14.71 13.587 24.906 14.337 13.59 23.012 12.512 13.119 24.086 15.088
5 24 18.089 27.684 -5.992 21.418 25.062 -4.741 20.187 25.939 -5.882 19.046 26.709 -2.532
5 24 21.591 21.341 2.939 19.08 13.796 3.872 20.375 21.866 4.288 20.101 13.471 2.259
5 24 12.075 19.051 -13.865 11.996 18.771 -14.043 11.066 19.144 -13.696 12.897 19.173 -13.79
5 24 12.635 8.028 10.531 11.612 8.693 11.439 9.989 8.41 14.441 12.244 8.58 10.391
5 24 2.213 23.654 21.658 6.407 25.073 19.839 4.546 21.915 22.435 2.477 25.278 21.029
5 24 11.025 20.702 -15.167 11.18 20.333 -13.51 10.159 22.514 -14.05 12.463 19.939 -14.499
5 24 13.928 7.63 8.151 13.594 8.276 7.532 12.244 8.58 10.391 14.33 7.92 6.193
5 24 -1.969 8.765 16.824 3.504 12.473 20.557 -.355 14.458 17.69 1.019 8.871 18.861
5 24 -4.78375 0 11.54875 0 0 12.5 -4.975 4 12.011 0 -3 10
5 24 15.95 6.572 -.833 19.702 13.488 -.243 17.742 8.384 -.208 18.814 13.803 -.865
5 24 13.385 19.344 -13.317 13.726 18.339 -13.487 13.062 18.842 -13.813 13.682 19.266 -12.981
5 24 -9.699 36.031 -14.879 -7.248 36.149 -15.506 -7.15 40.212 -14.189 -8.485 29.659 -14.773
5 24 12.897 19.173 -13.79 13.062 18.842 -13.813 13.385 19.344 -13.317 11.996 18.771 -14.043
5 24 8.078 41.094 13.764 7.548 46.043 14.81 8.431 45.249 13.066 6.753 42.212 15.393
5 24 12.196 19.681 14.023 13.056 19.772 13.187 11.979 22.902 15.447 12.28 15.262 12.912
5 24 17.992 28.067 10.078 15.424 32.258 10 15.035 32.02 11.229 17.066 30.017 7.839
5 24 -4.217 -.852 16.385 -4.796 -.198 16.03 .926 5.99 18.176 -7.495 -3.274 12.387
5 24 1.947 34.747 20.766 1.936 39.342 18.766 .601 39.373 18.956 3.245 35.192 19.617
5 24 -6.167 -8.569 -1.26 -7.627 -8.272 -1.084 -6.243 -8.289 -2.108 -7.154 -8.488 -.592
5 24 -6.308 -8.963 .079 -2.882 -10.312 1.543 -2.411 -10.634 .31 -6.889 -8.799 .99
5 24 -.485 -3.649 15.488 -4.217 -.852 16.385 -3.291 -6.883 11.648 3.132 4.263 18.041
5 24 19.78 20.385 -6.091 18.814 13.803 -.865 21.396 21.676 -.755 18.59 13.172 -3.979
5 24 -9.192 14.037 -9.192 -9.192 24 -9.192 -7.805 22.741 -10.12 -12.011 4 -4.975
5 24 -12.266 43.586 12.27 -12.355 43.813 10 -14.792 41.824 11.374 -10.016 43.325 10
5 24 15.132 22.363 -12.913 15.648 19.947 -11.523 15.971 22.287 -12.14 13.755 20.184 -12.649
5 24 16.504 14.712 6.691 14.33 7.92 6.193 15.73 14.9 8.796 14.71 7.527 5.376
5 24 10.773 9.17 -10.676 10.716 6.373 -10.504 10.423 9.036 -10.211 12.25 8.951 -10.783
5 24 -10.828 9.579 13.476 -11.647 14.583 14.541 -10.442 10.865 14.679 -12.942 14.016 14.078
5 24 12.244 8.58 10.391 13.594 8.276 7.532 13.928 7.63 8.151 12.788 8.585 8.66
5 24 -12.886 27.356 14.513 -14.46 26.522 13.606 -11.433 34.053 14.371 -13.761 20.141 14.523
5 24 8.852 7.086 -9.42 10.423 9.036 -10.211 9.131 6.411 -11.347 9.192 8.069 -9.192
5 24 -16.533 1.152 6.973 -14.573 1.17 7.055 -15.385 3.243 7.187 -15.002 -1.442 6.484
5 24 -12.942 14.016 14.078 -11.647 14.583 14.541 -10.828 9.579 13.476 -13.119 20.121 14.62
5 24 -6.167 -8.569 -1.26 -6.087 -8.782 -.481 -7.154 -8.488 -.592 -1.93 -9.691 -1.166
5 24 9.192 4 9.192 4.975 4 12.011 8.994 24 10 8.83875 0 8.83875
5 24 -23.766 20.102 .622 -23.505 25.859 -1.562 -23.113 19.432 -1.495 -23.003 26.078 .394
5 24 -22.227 11.2 .395 -21.347 12.202 1.14 -20.617 3.129 1.861 -23.766 20.102 .622
5 24 19.672 21.933 7.819 18.243 22.074 8.034 19.809 27.015 8.46 16.504 14.712 6.691
5 24 -21.041 12.239 4.538 -19.688 12.798 5.638 -20.269 3.076 5.134 -20.142 17.754 5.54
2 24 13.112 12.572 -11.58 13.279 11.964 -11.55
5 24 13.829 34.052 -15.754 11.135 33.446 -16.292 14.159 27.936 -15.246 10.305 41.604 -14.916
5 24 -11.548 -6.757 -2.664 -12.313 -7.461 -1.71 -13.454 -4.087 -3.468 -10.05 -9.027 -.779
5 24 17.742 8.384 -.208 15.929 6.783 1.767 15.95 6.572 -.833 20.101 13.471 2.259
5 24 0 -3 -10 0 0 -12.5 -4.78375 0 -11.54875 3.827 -3 -9.239
5 24 -18.44 26.747 8.727 -20.71 31.062 9.94 -18.314 32.211 10.517 -22.222 21.717 2.967
5 24 8.064 -7.851 4.702 7.952 -7.615 5.309 9.37 -5.777 6.934 6.831 -8.578 2.093
5 24 13.928 7.63 8.151 14.71 7.527 5.376 14.33 7.92 6.193 15.668 6.705 3.199
5 24 -15.002 -1.442 6.484 -14.573 1.17 7.055 -13.495 .523 6.874 -16.533 1.152 6.973
5 24 -4.78375 0 -11.54875 -3.827 -3 -9.239 -8.83875 0 -8.83875 0 -3 -10
5 24 11.371 26.27 17.303 9.756 24.93 18.24 10.197 23.746 17.96 9.692 26.533 17.974
5 24 13.655 16.116 -11.038 14.708 12.779 -9.056 13.592 13.498 -10.031 15.648 19.947 -11.523
5 24 -8.472 41.589 -9.674 -15.478 39.993 -13.943 -7.15 40.212 -14.189 -15.274 40.774 -10.409
5 24 10.869 15.197 -11.883 9.377 17.32 -10.73 10.713 16.16 -12.039 9.192 17.502 -9.192
5 24 -17.488 .548 5.723 -16.533 1.152 6.973 -17.63 4.948 7.318 -15.441 -1.791 5.539
5 24 -14.357 26.071 .722 -21.36 26.49 2.886 -20.085 32.119 9.296 -21.787 26.044 1.381
5 24 13.503 20.129 -13.753 13.385 19.344 -13.317 12.897 19.173 -13.79 13.755 20.184 -12.649
5 24 -13.482 -3.086 5.484 -15.002 -1.442 6.484 -13.062 -2.86 5.91 -15.441 -1.791 5.539
5 24 11.54875 0 -4.78375 9.239 -3 -3.827 8.83875 0 -8.83875 10 -3 0
5 24 9.192 17.502 -9.192 10.682 13.472 -11.638 9.668 9.94 -8.48 11.178 14.577 -11.741
5 24 18.146 20.734 -6.943 16.881 13.107 -6.909 17.208 13.601 -4.753 17.415 20.405 -8.9
5 24 10.682 13.472 -11.638 9.668 9.94 -8.48 10.691 12.492 -11.524 9.192 17.502 -9.192
5 24 6.291 19.875 21.479 8.262 18.929 20.644 7.853 17.747 19.758 7.373 21.865 20.714
5 24 6.749 36.14 18.757 5.938 36.023 19.123 5.168 40.786 19.563 5.93 32.751 18.694
5 24 -19.228 12.94 7.538 -17.536 13.246 8.211 -18.128 19.142 8.96 -16.13 6.74 7.069
5 24 -17.536 13.246 8.211 -17.314 13.537 9.517 -17.239 19.827 10.194 -16.13 6.74 7.069
5 24 0 6.802 -12.9995 -6.747 6.605 -13.1 -4.975 7.023 -12.011 .387 6.404 -14.575
5 24 -14.845 29.31 -14.271 -14.033 20.984 -11.098 -16.318 20.894 -9.515 -12.654 28.973 -14.521
5 24 7.548 46.043 14.81 4.975 46.337 12.011 4.106 45.651 14.28 6.124 46.932 11.243
5 24 -13.814 -10.366 -.681 -10.713 -10.339 2.058 -10.633 -10.207 -.332 -14.259 -10.112 1.956
5 24 14.708 12.779 -9.056 14.511 6.271 -6.296 13.932 6.212 -7.512 15.172 13.109 -7.812
5 24 -14.129 33.975 12.654 -13.084 34.044 13.629 -13.275 41.043 14.052 -14.46 26.522 13.606
5 24 13.621 15.992 -12.273 13.394 15.754 -10.993 13.655 16.116 -11.038 12.72 15.686 -12.337
5 24 -.64 34.121 19.633 1.285 30.603 19.457 -.098 29.661 19.321 1.262 32.031 19.285
5 24 -7.457 -9.112 1.726 -4.798 -9.616 5.129 -3.258 -10.836 2.061 -8.083 -8.311 3.507
5 24 -8.173 22.179 -12.686 -9.192 14.037 -9.192 -9.313 13.355 -10.623 -7.805 22.741 -10.12
5 24 3.599 -9.842 .486 3.722 -9.86 -.263 -1.93 -9.691 -1.166 7.377 -8.983 .421
5 24 2.75 -9.407 6.184 4.177 -8.855 6.562 4.197 -9.242 6.015 3.361 -9.361 7.508
5 24 1.942 18.251 20.837 3.954 20.021 21.431 1.745 19.188 20.348 3.375 18.475 21.373
5 24 4.975 46.337 12.011 4.975 4 12.011 8.994 24 10 0 41.988 13
5 24 -13.859 1.122 -3.936 -14.186 2.599 -4.092 -13.602 2.093 -3.994 -15.986 2.616 -4.145
5 24 12.59 20.027 -14.776 12.463 19.939 -14.499 13.503 20.129 -13.753 11.025 20.702 -15.167
5 24 -12.129 7.112 -8.393 -12.352 6.721 -8.58 -10.862 6.958 -9.876 -12.784 7.044 -7.476
5 24 -.01 26.809 19.195 -.789 26.544 18.334 -.629 25.292 18.577 .283 28.221 19.13
5 24 7.731 24.718 20.183 7.487 26.913 21.206 5.583 25.987 20.116 9.756 24.93 18.24
5 24 -18.462 -2.501 -1.57 -14.611 -5.238 -1.794 -16.779 -6.003 -1.456 -16.376 -1.171 -2.02
5 24 -7.248 36.149 -15.506 -8.485 29.659 -14.773 -7.127 29.917 -14.439 -9.699 36.031 -14.879
5 24 .431 42.32 15.602 2.414 42.11 15.62 .468 41.302 15.648 .427 46.656 14.752
5 24 13.829 34.052 -15.754 10.305 41.604 -14.916 13.47 41.476 -14.628 11.135 33.446 -16.292
5 24 3.361 -9.361 7.508 -1.7 -10.253 6.591 2.75 -9.407 6.184 2.629 -7.489 11.582
5 24 -14.033 20.984 -11.098 -11.771 12.231 -12.127 -13.009 12.608 -9.649 -11.88 20.824 -14.269
5 24 -11.88 20.824 -14.269 -10.137 20.945 -13.755 -9.195 29.935 -15.999 -10.782 12.557 -11.886
5 24 11.135 33.446 -16.292 10.049 33.714 -14.606 9.904 41.513 -13.795 11.528 28.343 -15.713
5 24 11.734 15.918 -13.152 12.72 15.686 -12.337 12.931 15.887 -12.857 10.857 16.064 -12.559
5 24 -7.127 29.917 -14.439 -8.173 22.179 -12.686 -10.137 20.945 -13.755 -5.948 29.163 -11.361
5 24 18.146 20.734 -6.943 19.78 20.385 -6.091 17.208 13.601 -4.753 20.187 25.939 -5.882
5 24 -14.357 26.071 .722 -20.801 25.707 -3.867 -14.468 26.723 -4.396 -22.235 26.557 -2.196
5 24 -16.6 12.229 -6.641 -14.272 7.171 -4.824 -15.169 12.55 -7.585 -15.269 6.449 -4.392
5 24 -10.153 43.013 12.322 -12.266 43.586 12.27 -10.016 43.325 10 -10.391 41.331 13.787
5 24 -.485 -3.649 15.488 .235 -3.49 14.692 -2.639 -6.797 11.497 4.249 3.465 17.119
5 24 2.629 -7.489 11.582 3.361 -9.361 7.508 -1.7 -10.253 6.591 5.371 -7.202 9.914
5 24 9.192 4 9.192 8.83875 0 8.83875 12.011 4 4.975 4.78375 0 11.54875
5 24 14.511 6.271 -6.296 14.81 5.883 -6.312 13.932 6.212 -7.512 14.911 6.238 -5.482
5 24 1.285 30.603 19.457 -.098 29.661 19.321 1.156 29.36 19.44 -.64 34.121 19.633
5 24 21.9 23.569 -.379 21.965 25.872 4.024 21.591 21.341 2.939 19.241 28.583 3.847
5 24 9.692 26.533 17.974 11.371 26.27 17.303 9.756 24.93 18.24 11.174 29.117 16.89
5 24 7.574 -7.852 -1.547 7.527 -8.044 -1.179 4.001 -9.478 -2.239 9.292 -6.944 -.324
5 24 9.292 -6.944 -.324 10.314 -5.979 2.362 7.377 -8.983 .421 10.569 -5.565 1.249
5 24 13.056 19.772 13.187 13.59 23.012 12.512 12.968 22.806 14.71 14.15 19.808 10.441
5 24 -.01 26.809 19.195 .872 27.074 20.688 .283 28.221 19.13 -.629 25.292 18.577
5 24 15.424 32.258 10 17.066 30.017 7.839 14.625 27.646 3.974 17.992 28.067 10.078
5 24 18.243 22.074 8.034 17.314 21.977 10.616 18.579 26.629 8.798 15.73 14.9 8.796
5 24 17.066 30.017 7.839 19.241 28.583 3.847 19.82 29.225 5.879 14.625 27.646 3.974
5 24 14.15 19.808 10.441 13.056 19.772 13.187 13.59 23.012 12.512 13.337 15.216 11.815
5 24 -4.975 7.023 -12.011 -8.531 7.097 -11.107 -8.201 7.714 -9.855 -6.747 6.605 -13.1
5 24 -10.137 20.945 -13.755 -8.173 22.179 -12.686 -9.313 13.355 -10.623 -7.127 29.917 -14.439
5 24 15.035 32.02 11.229 15.424 32.258 10 14.15 40.236 10 17.992 28.067 10.078
5 24 2.386 -10.156 3.597 1.412 -10.776 3.952 -2.882 -10.312 1.543 2.75 -9.407 6.184
5 24 -10.782 12.557 -11.886 -9.313 13.355 -10.623 -9.766 8.272 -10.549 -10.137 20.945 -13.755
5 24 17.992 28.067 10.078 17.066 30.017 7.839 15.424 32.258 10 19.82 29.225 5.879
5 24 -7.127 29.917 -14.439 -5.859 36.224 -11.42 -7.248 36.149 -15.506 -5.948 29.163 -11.361
5 24 -11.433 34.053 14.371 -13.275 41.043 14.052 -10.391 41.331 13.787 -13.084 34.044 13.629
5 24 14.425 40.754 -13.306 15.201 34.019 -13.228 13.982 33.61 -14.279 15.431 40.354 -12.671
5 24 -15.441 -1.791 5.539 -15.002 -1.442 6.484 -16.533 1.152 6.973 -13.482 -3.086 5.484
5 24 -14.611 -5.238 -1.794 -16.779 -6.003 -1.456 -18.462 -2.501 -1.57 -13.814 -10.366 -.681
5 24 10.716 6.373 -10.504 10.768 6.12 -10.994 9.131 6.411 -11.347 13.932 6.212 -7.512
5 24 11.066 19.144 -13.696 12.075 19.051 -13.865 11.996 18.771 -14.043 10.835 19.258 -13.154
5 24 10.937 9.334 -11.218 10.355 9.774 -10.264 10.691 12.492 -11.524 10.773 9.17 -10.676
5 24 7.166 17.215 19.646 8.272 16.709 19.36 7.853 17.747 19.758 6.409 14.613 19.189
5 24 5.583 29.132 20.058 2.672 30.646 20.646 2.732 29.432 20.28 5.823 30.707 20.366
5 24 10.306 23.782 -14.372 10.312 22.302 -15.683 11.098 23.763 -15.928 10.159 22.514 -14.05
5 24 -20.805 2.332 .931 -20.617 3.129 1.861 -22.227 11.2 .395 -19.008 -1.152 2.305
5 24 6.328 30.709 20.233 5.583 29.132 20.058 5.823 30.707 20.366 6.141 29.587 19.978
5 24 4.895 -9.479 5.275 5.056 -9.108 6.443 4.197 -9.242 6.015 7.545 -8.056 5.757
5 24 -1.745 -9.052 -3.241 -1.71 -9.358 -4.067 4.092 -8.991 -3.113 -6.416 -8.436 -2.91
5 24 3.377 47.889 12.328 2.332 46.922 15.389 .427 46.656 14.752 4.106 45.651 14.28
5 24 3.375 18.475 21.373 4.425 17.823 21.162 2.6 17.035 20.729 3.954 20.021 21.431
5 24 -16.13 6.74 7.069 -17.314 13.537 9.517 -15.014 7.122 8.316 -17.536 13.246 8.211
5 24 12.058 14.836 14.853 9.767 14.511 16.413 9.952 16.356 16.482 10.205 10.879 14.907
5 24 2.386 -10.156 3.597 4.197 -9.242 6.015 2.75 -9.407 6.184 4.895 -9.479 5.275
5 24 6.753 42.212 15.393 4.106 45.651 14.28 7.548 46.043 14.81 3.731 43.651 15.555
5 24 -4.798 -9.616 5.129 -5.226 -9.103 6.748 -6.066 -8.619 5.751 -3.527 -9.89 5.635
5 24 -2.702 -9.884 6.628 1.268 -7.423 11.82 1.735 -7.216 11.367 -2.923 -10.059 6.854
5 24 9.987 -4.734 7.993 7.441 -6.522 9.249 9.241 -5.969 7.081 8.308 -2.857 12.424
5 24 -6.674 -6.625 8.531 -6.448 -6.265 10.283 -4.744 -8.98 6.912 -7.495 -3.274 12.387
5 24 10.314 -5.979 2.362 9.597 -5.696 6.856 8.064 -7.851 4.702 12.024 -2.994 4.306
5 24 8.219 36.388 19.125 6.482 40.245 18.605 7.827 41.516 17.801 6.749 36.14 18.757
5 24 -16.007 19.975 14.025 -13.643 14.442 13.471 -15.355 13.766 12.868 -14.23 20.031 13.979
5 24 7.031 32.876 -14.028 6.365 33.234 -11.082 8.652 24 -10 6.417 40.008 -11.047
5 24 -23.766 20.102 .622 -21.347 12.202 1.14 -22.227 11.2 .395 -21.787 26.044 1.381
5 24 5.608 15.766 19.748 5.181 16.482 19.618 5.985 17.234 19.415 3.443 15.702 19.585
5 24 7.151 9.058 17.117 10.028 10.362 15.569 9.989 8.41 14.441 7.842 13.165 19.139
5 24 -14.611 -5.238 -1.794 -13.814 -10.366 -.681 -12.313 -7.461 -1.71 -16.779 -6.003 -1.456
5 24 -1.184 29.588 18.05 -.64 34.121 19.633 -1.589 31.213 18.01 -.098 29.661 19.321
5 24 -23.505 25.859 -1.562 -21.086 20.541 -2.277 -23.113 19.432 -1.495 -22.235 26.557 -2.196
5 24 14.183 20.76 -14.737 13.755 20.184 -12.649 13.503 20.129 -13.753 15.132 22.363 -12.913
5 24 13.568 12.188 -9.718 14.708 12.779 -9.056 13.355 9.307 -9.108 13.459 12.53 -9.871
5 24 16.881 13.107 -6.909 17.208 13.601 -4.753 18.146 20.734 -6.943 15.504 6.502 -3.381
5 24 -7.495 -3.274 12.387 -3.291 -6.883 11.648 -6.448 -6.265 10.283 -4.217 -.852 16.385
5 24 -6.087 -8.782 -.481 -2.411 -10.634 .31 -1.93 -9.691 -1.166 -6.308 -8.963 .079
5 24 1.268 -7.423 11.82 -1.742 -7.047 11.762 -2.923 -10.059 6.854 1.373 -3.887 14.989
5 24 -6.243 -8.289 -2.108 -6.167 -8.569 -1.26 -7.627 -8.272 -1.084 -1.844 -9.476 -2.21
5 24 -2.923 -10.059 6.854 -4.662 -9.086 7.506 -1.742 -7.047 11.762 -3.527 -9.89 5.635
5 24 -7.127 29.917 -14.439 -5.948 29.163 -11.361 -8.173 22.179 -12.686 -5.859 36.224 -11.42
5 24 10.691 12.492 -11.524 10.937 9.334 -11.218 10.905 12.107 -12.043 10.355 9.774 -10.264
5 24 12.931 15.887 -12.857 12.72 15.686 -12.337 11.734 15.918 -13.152 13.621 15.992 -12.273
5 24 .431 42.32 15.602 .256 47.279 12.949 0 41.988 13 .427 46.656 14.752
5 24 -7.071 -3 -7.071 -8.83875 0 -8.83875 -11.54875 0 -4.78375 -3.827 -3 -9.239
5 24 -7.15 40.212 -14.189 -9.699 36.031 -14.879 -7.248 36.149 -15.506 -15.478 39.993 -13.943
5 24 11.066 19.144 -13.696 11.996 18.771 -14.043 12.075 19.051 -13.865 11.133 17.985 -13.986
5 24 -8.665 -8.895 -.867 -8.198 -8.797 .364 -6.889 -8.799 .99 -10.05 -9.027 -.779
5 24 0 4 -13 4.975 4 -12.011 0 0 -12.5 0 6.802 -12.9995
5 24 5.195 20.76 21.768 4.546 21.915 22.435 7.608 23.443 21.306 3.954 20.021 21.431
5 24 9.904 41.513 -13.795 11.135 33.446 -16.292 10.049 33.714 -14.606 10.305 41.604 -14.916
5 24 2.6 17.035 20.729 1.942 18.251 20.837 3.375 18.475 21.373 -.013 17.23 18.338
5 24 -8.173 22.179 -12.686 -7.805 22.741 -10.12 -5.948 29.163 -11.361 -9.192 14.037 -9.192
5 24 -6.594 -8.767 5.377 -8.397 -6.025 6.841 -6.066 -8.619 5.751 -9.548 -6.246 6.394
5 24 3.132 4.263 18.041 4.491 5.385 17.658 .926 5.99 18.176 4.249 3.465 17.119
5 24 4.546 21.915 22.435 2.213 23.654 21.658 6.407 25.073 19.839 1.57 20.422 21.307
5 24 5.657 32.167 19.377 5.93 32.751 18.694 6.241 32.226 19.185 5.572 32.711 19.399
5 24 6.291 19.875 21.479 5.195 20.76 21.768 6.054 18.532 20.139 7.373 21.865 20.714
5 24 7.373 21.865 20.714 7.608 23.443 21.306 5.195 20.76 21.768 10.197 23.746 17.96
5 24 -18.128 19.142 8.96 -18.44 26.747 8.727 -17.366 26.751 9.242 -19.746 18.952 9.06
5 24 -8.83875 0 8.83875 -9.192 4 9.192 -11.54875 0 4.78375 -4.975 4 12.011
5 24 -17.239 19.827 10.194 -17.536 13.246 8.211 -18.128 19.142 8.96 -17.314 13.537 9.517
5 24 -1.589 31.213 18.01 -.64 34.121 19.633 -1.184 29.588 18.05 -1.421 33.914 17.838
5 24 6.328 30.709 20.233 6.241 32.226 19.185 6.726 32.117 19.388 5.657 32.167 19.377
5 24 7.166 17.215 19.646 6.054 18.532 20.139 7.853 17.747 19.758 5.985 17.234 19.415
5 24 9.989 8.41 14.441 10.028 10.362 15.569 10.63 9.192 13.511 7.151 9.058 17.117
5 24 11.828 25.803 15.352 11.174 29.117 16.89 11.838 28.931 14.589 11.371 26.27 17.303
5 24 -11.742 9.344 11.928 -12.942 14.016 14.078 -13.643 14.442 13.471 -10.828 9.579 13.476
5 24 -20.801 25.707 -3.867 -21.086 20.541 -2.277 -19.768 25.883 -6.303 -22.235 26.557 -2.196
5 24 9.668 9.94 -8.48 10.423 9.036 -10.211 9.192 8.069 -9.192 10.355 9.774 -10.264
5 24 18.243 22.074 8.034 15.73 14.9 8.796 16.504 14.712 6.691 17.314 21.977 10.616
5 24 -18.631 -.843 4.943 -17.488 .548 5.723 -16.614 -3.596 4.816 -20.269 3.076 5.134
5 24 -16.779 -6.003 -1.456 -17.087 -6.232 1.772 -19.194 -2.482 1.217 -13.814 -10.366 -.681
5 24 9.744 40.559 12.673 10.284 41.435 13.321 9.993 40.282 13.406 10.07 42.483 10
5 24 -14.259 -10.112 1.956 -11.123 -8.451 3.145 -13.045 -7.468 3.406 -10.713 -10.339 2.058
5 24 16.013 20.199 -9.858 15.648 19.947 -11.523 15.971 22.287 -12.14 14.708 12.779 -9.056
5 24 16.013 20.199 -9.858 17.415 20.405 -8.9 18.046 27.889 -8.832 15.172 13.109 -7.812
5 24 20.101 13.471 2.259 19.08 13.796 3.872 16.714 8.889 3.188 21.591 21.341 2.939
5 24 -6.066 -8.619 5.751 -7.109 -7.498 7.893 -8.397 -6.025 6.841 -5.226 -9.103 6.748
5 24 -2.639 -6.797 11.497 -3.291 -6.883 11.648 -4.662 -9.086 7.506 -.485 -3.649 15.488
5 24 18.089 27.684 -5.992 20.042 26.426 -8.177 18.046 27.889 -8.832 20.187 25.939 -5.882
5 24 12.058 14.836 14.853 10.667 17.851 16.664 11.703 19.587 16.04 9.952 16.356 16.482
5 24 9.993 40.282 13.406 10.284 41.435 13.321 11.396 40.486 14.131 9.744 40.559 12.673
5 24 -11.82 8.395 12.089 -11.742 9.344 11.928 -13.776 7.786 9.974 -10.828 9.579 13.476
5 24 -8.472 41.589 -9.674 -15.853 34.914 -9.996 -16.324 38.927 -10.287 -15.079 30.255 -10
5 24 13.47 41.476 -14.628 13.982 33.61 -14.279 14.425 40.754 -13.306 13.829 34.052 -15.754
5 24 5.985 17.234 19.415 7.166 17.215 19.646 6.409 14.613 19.189 6.054 18.532 20.139
5 24 -21.799 11.499 -1.996 -22.227 11.2 .395 -23.766 20.102 .622 -19.952 1.981 -1.895
5 24 -13 4 0 -12.011 4 -4.975 -12.5 0 0 -12.011 24 -4.975
5 24 3.132 4.263 18.041 -4.217 -.852 16.385 -.485 -3.649 15.488 .926 5.99 18.176
5 24 15.726 28.546 13.639 15.035 32.02 11.229 17.148 28.211 10.819 14.292 31.398 12.393
5 24 4.975 4 12.011 4.78375 0 11.54875 9.192 4 9.192 0 0 12.5
5 24 -5.601 .457 16.498 -6.369 4.182 16.715 -4.844 5.51 17.364 -7.839 -2.459 12.686
5 24 -19.008 -1.152 2.305 -18.631 -.843 4.943 -16.573 -4.609 2.737 -20.269 3.076 5.134
5 24 5.93 32.751 18.694 5.938 36.023 19.123 5.29 35.802 19.147 6.749 36.14 18.757
5 24 -18.611 26.069 -7.153 -15.079 30.255 -10 -18.474 27.04 -8.922 -20.801 25.707 -3.867
5 24 14.292 31.398 12.393 14.029 40.418 12.619 15.035 32.02 11.229 11.977 31.413 14.193
5 24 12.735 24.712 -15.478 12.803 24.357 -15.837 11.061 24.24 -15.704 14.513 24.218 -15.07
5 24 9.987 -4.734 7.993 10.429 3.929 11.83 11.857 2.206 10.331 10.236 5.342 13.329
5 24 9.959 21.751 17.585 10.197 23.746 17.96 11.48 23.436 17.175 7.373 21.865 20.714
5 24 -11.88 20.824 -14.269 -14.033 20.984 -11.098 -12.654 28.973 -14.521 -11.771 12.231 -12.127
5 24 -6.594 -8.767 5.377 -6.066 -8.619 5.751 -4.798 -9.616 5.129 -8.397 -6.025 6.841
5 24 -11.742 9.344 11.928 -15.355 13.766 12.868 -13.776 7.786 9.974 -13.643 14.442 13.471
5 24 11.54875 0 4.78375 12.011 4 4.975 8.83875 0 8.83875 13 4 0
5 24 -11.82 8.395 12.089 -10.828 9.579 13.476 -11.06 8.531 13.828 -11.742 9.344 11.928
5 24 -.564 41.505 12.888 .468 41.302 15.648 0 41.988 13 .076 39.351 15.725
5 24 -13.29 -6.689 4.858 -11.858 -4.58 5.529 -13.482 -3.086 5.484 -10.564 -6.39 4.663
5 24 0 4 13 -4.975 4 12.011 0 0 12.5 -.564 41.505 12.888
5 24 5.583 25.987 20.116 7.487 26.913 21.206 6.141 29.587 19.978 7.731 24.718 20.183
5 24 5.657 32.167 19.377 4.354 32.333 19.761 5.572 32.711 19.399 2.922 31.942 19.937
5 24 14.159 27.936 -15.246 14.754 27.47 -15.572 14.874 27.902 -14.21 11.528 28.343 -15.713
5 24 1.942 18.251 20.837 3.375 18.475 21.373 2.6 17.035 20.729 3.954 20.021 21.431
5 24 7.397 6.314 17.823 7.659 7.895 17.806 4.627 6.918 19.014 9.38 6.397 14.683
5 24 11.857 2.206 10.331 9.987 -4.734 7.993 12.604 .021 7.819 10.429 3.929 11.83
5 24 9.987 -4.734 7.993 10.236 5.342 13.329 8.308 -2.857 12.424 10.429 3.929 11.83
5 24 10.236 5.342 13.329 8.308 -2.857 12.424 9.987 -4.734 7.993 9.38 6.397 14.683
5 24 4.713 8.293 18.506 4.627 6.918 19.014 1.019 8.871 18.861 7.659 7.895 17.806
5 24 4.627 6.918 19.014 7.659 7.895 17.806 7.397 6.314 17.823 4.713 8.293 18.506
5 24 11.48 23.436 17.175 11.931 23.834 15.416 11.828 25.803 15.352 11.583 22.526 16.98
5 24 7.659 7.895 17.806 5.884 9.078 17.619 7.151 9.058 17.117 4.713 8.293 18.506
5 24 7.659 7.895 17.806 7.151 9.058 17.117 5.884 9.078 17.619 9.469 7.186 14.75
5 24 9.989 8.41 14.441 9.469 7.186 14.75 11.616 7.118 11.849 7.151 9.058 17.117